Sn; 15001
Si; Fasta sequence
1TBS
1TBN NO SIGNIFICANT RESULTS ABOVE 0.0001    
1TBF
2TBS
2TBT FingerPrint     No.Motifs SumId    AveId    ProfScore  Ppvalue     Evalue      GraphScan               
2TBN RAD1REC1        2  of  8  50.37    25.19    339        9.79e-05    2.4e+02     ..i..i..        
2TBN SYNUCLEIN       2  of  5  46.67    23.33    349        0.000354    8.3e+02     ..i.i           
2TBN P2X6RECEPTOR    2  of  9  98.33    49.17    406        0.000415    1.9e+03     ...I.I...       
2TBN DPTHRIATOXIN    2  of  10 60.65    30.33    390        0.00315     6.6e+03     I..i......      
2TBN STREPKINASE     2  of  12 51.67    25.83    377        0.00376     1e+04       ....i....i..    
2TBN GTP1OBG         2  of  4  45.42    22.71    247        0.00548     1.3e+04     i.i.            
2TBN LYMPHOTACTNR    2  of  8  64.24    32.12    315        0.00949     3.1e+04     i.I.....        
2TBF
3TBS
3TBT MotifName       No.Mots   IdScore PfScore Pvalue    Sequence                                                Len  low  pos   high 
3TBN RAD1REC1        3  of  8  21.01   151     3.78e-02  PNSTKNTVVFSAFKAQD                                       17   0    11    0    
3TBN RAD1REC1        6  of  8  29.37   188     2.59e-03  FSFSLFLRGEEPLRLKMK                                      18   0    208   0    
3TBB
3TBN SYNUCLEIN       3  of  5  19.58   175     3.42e-02  SPNSTKNTVVFSAFKAQDSP                                    20   0    10    0    
3TBN SYNUCLEIN       5  of  5  27.08   174     1.04e-02  NGGNAVDISGLVSRNI                                        16   0    67    0    
3TBB
3TBN P2X6RECEPTOR    4  of  9  58.33   230     1.01e-02  TVVFSAFK                                                8    0    17    0    
3TBN P2X6RECEPTOR    6  of  9  40.00   176     4.12e-02  GGNAVDISGL                                              10   0    68    0    
3TBB
3TBN DPTHRIATOXIN    1  of  10 36.84   200     6.40e-02  FEIANLLSPNSTKNTVVFS                                     19   0    3     0    
3TBN DPTHRIATOXIN    4  of  10 23.81   190     4.92e-02  YELRLIALEKFARKNGDDAVL                                   21   0    105   0    
3TBB
3TBN STREPKINASE     5  of  12 25.00   157     9.26e-02  SPNVLRFIENGGNAVD                                        16   0    58    0    
3TBN STREPKINASE     10 of  12 26.67   220     4.06e-02  MKHIKFPDSYDCK##                                         15   0    224   0    
3TBB
3TBN GTP1OBG         1  of  4  22.25   121     7.36e-02  IANLLSPNSTKNTVVFSAFKA                                   21   0    5     0    
3TBN GTP1OBG         3  of  4  23.17   126     7.45e-02  AVDISGLVSRNIADGA                                        16   0    71    0    
3TBB
3TBN LYMPHOTACTNR    1  of  8  23.33   155     9.59e-02  PDQRAFLSATIQTFL                                         15   0    128   0    
3TBN LYMPHOTACTNR    3  of  8  40.91   160     9.90e-02  ITIFSFSLFLR                                             11   0    205   0    
3TBB
3TBF
Sn; 15002
Si; Fasta sequence
1TBS
1TBN NO SIGNIFICANT RESULTS ABOVE 0.0001    
1TBF
2TBS
2TBT FingerPrint     No.Motifs SumId    AveId    ProfScore  Ppvalue     Evalue      GraphScan               
2TBN CAULIMOCOAT     2  of  8  53.21    26.61    366        0.000807    2.6e+03     ..i..I..        
2TBN GABAARRHO2      2  of  3  60.71    30.36    392        0.000902    2.7e+03     I.i             
2TBN TROPOMYOSIN     2  of  5  39.59    19.79    358        0.00335     6.4e+03     i...i           
2TBN KINESINLIGHT    2  of  6  50.56    25.28    392        0.0047      1.1e+04     I..i..          
2TBF
3TBS
3TBT MotifName       No.Mots   IdScore PfScore Pvalue    Sequence                                                Len  low  pos   high 
3TBN CAULIMOCOAT     3  of  8  22.50   167     3.43e-02  KKNGTLSEIVES                                            12   0    336   0    
3TBN CAULIMOCOAT     6  of  8  30.71   199     2.35e-02  EVPVKYGLRIMSRQ                                          14   0    492   0    
3TBB
3TBN GABAARRHO2      1  of  3  35.71   233     2.08e-02  EKCDWTGKLETLAN                                          14   0    94    0    
3TBN GABAARRHO2      3  of  3  25.00   159     4.32e-02  NKSATVSKHHKFMK                                          14   0    519   0    
3TBB
3TBN TROPOMYOSIN     1  of  5  20.77   178     6.57e-02  EVYCQPPRVDVVADDAEK                                      18   0    78    0    
3TBN TROPOMYOSIN     5  of  5  18.82   180     5.10e-02  KCSSLERQCSFLTLKNTELEEELSKA                              26   0    387   0    
3TBB
3TBN KINESINLIGHT    1  of  6  35.00   206     7.15e-02  RQCSFLTLKNTELEEELS                                      18   0    393   0    
3TBN KINESINLIGHT    4  of  6  15.56   186     6.57e-02  HPAM##############                                      18   0    557   0    
3TBB
3TBF
Sn; 15003
Si; Fasta sequence
1TBS
1TBN NO SIGNIFICANT RESULTS ABOVE 0.0001    
1TBF
2TBS
2TBT FingerPrint     No.Motifs SumId    AveId    ProfScore  Ppvalue     Evalue      GraphScan               
2TBN AVIDIN          2  of  6  50.65    25.33    362        0.000164    4.8e+02     ....ii          
2TBN PAXILLIN        2  of  9  66.09    33.04    412        0.000334    6.6e+02     ....i..I.       
2TBN ACONITASE       2  of  9  51.17    25.58    254        0.00318     9.6e+03     ..i.i....       
2TBN CONNEXINA8      2  of  6  56.41    28.21    281        0.00893     3e+04       ...i.I          
2TBF
3TBS
3TBT MotifName       No.Mots   IdScore PfScore Pvalue    Sequence                                                Len  low  pos   high 
3TBN AVIDIN          5  of  6  22.22   149     9.99e-02  VSTSWYRRIRAT                                            12   0    54    0    
3TBN AVIDIN          6  of  6  28.43   213     1.65e-03  MRSRIVGYDTHEAPRPN                                       17   0    70    0    
3TBB
3TBN PAXILLIN        5  of  9  26.09   170     8.42e-02  SLGDGDGLPYTTVLSINGIFQND                                 23   0    22    0    
3TBN PAXILLIN        8  of  9  40.00   242     3.97e-03  LLDELHRLLGDIPPQSAVVQ                                    20   0    105   0    
3TBB
3TBN ACONITASE       3  of  9  26.38   134     4.72e-02  EMRSRIVGYDTHEA                                          14   0    69    0    
3TBN ACONITASE       5  of  9  24.78   120     6.74e-02  GAFGVAVPVYHPSV                                          14   0    139   0    
3TBB
3TBN CONNEXINA8      4  of  6  23.08   148     9.46e-02  GPIENLDSYVSTS                                           13   0    45    0    
3TBN CONNEXINA8      6  of  6  33.33   133     9.45e-02  RHRYEISKNHTR                                            12   0    155   0    
3TBB
3TBF
Sn; 15004
Si; Fasta sequence
1TBS
1TBN NO SIGNIFICANT RESULTS ABOVE 0.0001    
1TBF
2TBS
2TBT FingerPrint     No.Motifs SumId    AveId    ProfScore  Ppvalue     Evalue      GraphScan               
2TBN HTHREPRESSR     2  of  2  83.11    41.56    596        4.5e-08     0.14        II              
2TBN POUDOMAIN       2  of  5  72.77    36.39    578        1.07e-07    0.24        ...II           
2TBN HOMEOBOX        2  of  3  104.13   52.06    716        3.85e-07    1.5         .II             
2TBN TOPISMRASE4B    2  of  15 48.55    24.28    497        1.48e-05    26          .........i...I. 
2TBN RABGDI          2  of  9  59.48    29.74    396        5.72e-05    1.4e+02     ..I...i..       
2TBN JOSEPHIN        2  of  11 58.96    29.48    458        0.000504    9.7e+02     ..I......i.     
2TBN RDC1ORPHANR     2  of  9  50.00    25.00    468        0.000991    2.1e+03     .i......i       
2TBN OUTRSURFACE     2  of  7  41.82    20.91    375        0.00104     2.5e+03     i.i....         
2TBN TGFBETA2        2  of  8  66.54    33.27    422        0.00141     3.6e+03     ...I..I.        
2TBN 5HT4RECEPTR     2  of  11 59.17    29.58    414        0.00194     4.3e+03     I......i...     
2TBF
3TBS
3TBT MotifName       No.Mots   IdScore PfScore Pvalue    Sequence                                                Len  low  pos   high 
3TBN HTHREPRESSR     1  of  2  37.77   122     7.74e-02  AREALALKLD                                              10   0    64    0    
3TBN HTHREPRESSR     2  of  2  45.35   474     5.82e-07  DLLESRIQVWFQNRRAR                                       17   0    73    0    
3TBB
3TBN POUDOMAIN       4  of  5  34.62   309     1.17e-05  KKRRSRTNFDTWQVDELENVF                                   21   0    34    0    
3TBN POUDOMAIN       5  of  5  38.15   269     9.12e-03  ALKLDLLESRIQVWFQ                                        16   0    69    0    
3TBB
3TBN HOMEOBOX        2  of  3  40.59   298     2.18e-03  LDLLESRIQVW                                             11   0    72    0    
3TBN HOMEOBOX        3  of  3  63.54   418     1.76e-04  WFQNRRARMR                                              10   0    82    0    
3TBB
3TBN TOPISMRASE4B    10 of  15 16.67   167     4.70e-02  LDLLESRIQVWFQNRRARMRRKDKIK                              26   0    72    0    
3TBN TOPISMRASE4B    14 of  15 31.88   330     3.16e-04  YSEIRTEKDLLLNRTNMAEGLPN                                 23   0    258   0    
3TBB
3TBN RABGDI          3  of  9  36.14   230     1.33e-03  LLESRIQVWFQNRRAR                                        16   0    74    0    
3TBN RABGDI          7  of  9  23.34   166     4.30e-02  GKYVYKNSSKENEHSPARN                                     19   0    297   0    
3TBB
3TBN JOSEPHIN        3  of  11 35.00   230     1.86e-02  SSGSDDEPFESIEIPLLPKK                                    20   0    16    0    
3TBN JOSEPHIN        10 of  11 23.96   228     2.70e-02  SQPRKEMTSERINSRSTCPNKKQE                                24   0    234   0    
3TBB
3TBN RDC1ORPHANR     2  of  9  25.00   248     2.14e-02  SSGSDDEPFESIEIPLLPKK                                    20   0    16    0    
3TBN RDC1ORPHANR     9  of  9  25.00   220     4.63e-02  RANERNKKAGKYVYKNSSKE                                    20   0    288   0    
3TBB
3TBN OUTRSURFACE     1  of  7  22.37   205     1.99e-02  KNIDEAGDNDQNNNENE                                       17   0    175   0    
3TBN OUTRSURFACE     3  of  7  19.44   170     5.24e-02  STCPNKKQEYSEIRTEKD                                      18   0    249   0    
3TBB
3TBN TGFBETA2        4  of  8  31.25   200     3.68e-02  ESAPPNFTSSSFSQPR                                        16   0    222   0    
3TBN TGFBETA2        7  of  8  35.29   222     3.84e-02  IENNSLIREKDSSNELR                                       17   0    330   0    
3TBB
3TBN 5HT4RECEPTR     1  of  11 33.33   203     4.32e-02  CDLSSSGSDDEPFESIEI                                      18   0    12    0    
3TBN 5HT4RECEPTR     8  of  11 25.83   211     4.49e-02  FTSSSFSQPRKEMTSERINS                                    20   0    228   0    
3TBB
3TBF
Sn; 15005
Si; Fasta sequence
1TBS
1TBN NO SIGNIFICANT RESULTS ABOVE 0.0001    
1TBF
2TBS
2TBT FingerPrint     No.Motifs SumId    AveId    ProfScore  Ppvalue     Evalue      GraphScan               
2TBN PRICHEXTENSN    3  of  8  102.00   34.00    911        1.16e-08    0.015       .I.I..i.        
2TBN ATROPHIN        2  of  14 57.86    28.93    540        0.000104    1.6e+02     ..i....I......  
2TBN OMADHESIN       2  of  5  52.10    26.05    464        0.000227    5e+02       ii...           
2TBN PROTEASEAR2     2  of  10 50.63    25.32    452        0.000839    1.5e+03     ..i.....i.      
2TBN MTABOTROPC5R    2  of  12 72.79    36.40    490        0.00259     5.3e+03     ..I........I    
2TBN TPI2FAMILY      2  of  9  46.42    23.21    314        0.00337     8.6e+03     ....i.i..       
2TBN STAPHEXOTOXN    2  of  4  54.67    27.34    346        0.00377     9.9e+03     i.I.            
2TBN PROTEASEAR3     2  of  10 53.47    26.74    480        0.00405     1e+04       .....i...I      
2TBN MCMPROTEIN4     2  of  5  73.89    36.94    380        0.00473     1.8e+04     ..I.I           
2TBN EAGCHANLFMLY    2  of  10 64.93    32.47    383        0.0058      1.7e+04     ...I.i....      
2TBF
3TBS
3TBT MotifName       No.Mots   IdScore PfScore Pvalue    Sequence                                                Len  low  pos   high 
3TBN PRICHEXTENSN    2  of  8  42.35   357     3.94e-04  PSTHPPTHPSIHPSTYP                                       17   0    334   0    
3TBN PRICHEXTENSN    4  of  8  32.73   276     9.54e-03  PSIHPSIHPSTHPSTHPSTHPS                                  22   0    386   0    
3TBN PRICHEXTENSN    7  of  8  26.92   278     3.09e-03  PSTHPSIHPSIHPSTHPSIHPPTHLS                              26   0    434   0    
3TBB
3TBN ATROPHIN        3  of  14 25.86   310     2.63e-03  SIHPSIHPSTHPSTHPSTHPSIHPSTHPF                           29   0    387   0    
3TBN ATROPHIN        8  of  14 32.00   230     3.96e-02  GQQFQIPVPSGADISTLVTTSEVER                               25   0    874   0    
3TBB
3TBN OMADHESIN       1  of  5  23.53   230     1.84e-02  KPDFALGCASEIIRTVF                                       17   0    104   0    
3TBN OMADHESIN       2  of  5  28.57   234     1.24e-02  CLVADVDGTAVGFMSVCSQVD                                   21   0    222   0    
3TBB
3TBN PROTEASEAR2     3  of  10 26.39   236     1.24e-02  KTLGVEIHIGFTLAQWNDSNLDGP                                24   0    992   0    
3TBN PROTEASEAR2     9  of  10 24.24   216     6.78e-02  VLTKEQRRNLRDAYIASPVRKA                                  22   0    1298  0    
3TBB
3TBN MTABOTROPC5R    3  of  12 35.29   240     6.89e-02  QDEDNRCLVADVDGTAV                                       17   0    216   0    
3TBN MTABOTROPC5R    12 of  12 37.50   250     3.75e-02  LVTGSAKHDESSPGYFRLHVNQYR                                24   0    1179  0    
3TBB
3TBN TPI2FAMILY      5  of  9  25.28   153     7.24e-02  KKLVDGDDTGSMNEE                                         15   0    259   0    
3TBN TPI2FAMILY      7  of  9  21.14   161     4.66e-02  HLSDCLFIHFFLFIRSFI                                      18   0    457   0    
3TBB
3TBN STAPHEXOTOXN    1  of  4  23.53   135     7.38e-02  AGPLTKYQRRYHAES                                         15   0    1078  0    
3TBN STAPHEXOTOXN    3  of  4  31.14   211     5.12e-02  SKPEQDAHSLEEKVRKM                                       17   0    1276  0    
3TBB
3TBN PROTEASEAR3     6  of  10 22.22   225     4.29e-02  PAAFAQFPDRDYCILTMP                                      18   0    541   0    
3TBN PROTEASEAR3     10 of  10 31.25   255     9.44e-02  IEYIRSHYSIEDFVYF                                        16   0    665   0    
3TBB
3TBN MCMPROTEIN4     3  of  5  30.56   196     7.59e-02  QGIESAFCIQLF                                            12   0    515   0    
3TBN MCMPROTEIN4     5  of  5  43.33   184     6.23e-02  GQSAPDPQVN                                              10   0    836   0    
3TBB
3TBN EAGCHANLFMLY    4  of  10 39.06   194     7.04e-02  VGISFLETFV                                              10   0    807   0    
3TBN EAGCHANLFMLY    6  of  10 25.87   189     8.24e-02  WAMEAYTTIQGLLSLGVP                                      18   0    944   0    
3TBB
3TBF
Sn; 15006
Si; Fasta sequence
1TBS
1TBN NO SIGNIFICANT RESULTS ABOVE 0.0001    
1TBF
2TBS
2TBT FingerPrint     No.Motifs SumId    AveId    ProfScore  Ppvalue     Evalue      GraphScan               
2TBN KCHANNEL        2  of  8  68.23    34.11    816        3.4e-10     0.00057     ......Ii        
2TBN EAGCHANLFMLY    2  of  10 54.43    27.21    563        3.68e-07    1           .....ii...      
2TBN LETHAL2GIANT    2  of  9  57.73    28.87    468        5.85e-06    12          .I..i....       
2TBN POLYCYSTIN1     2  of  10 57.88    28.94    410        3.01e-05    60          .....i..i.      
2TBN GATASE          2  of  3  81.04    40.52    406        9.16e-05    3.5e+02     II.             
2TBN ANTSNTHASEII    2  of  6  85.30    42.65    431        0.000109    4.2e+02     .II...          
2TBN ATPASEGAMMA     2  of  4  39.27    19.64    336        0.000203    4.3e+02     .i.i            
2TBN CCMFBIOGNSIS    2  of  7  45.45    22.73    319        0.000217    6.1e+02     ...i..i         
2TBN NANEUSMPORT     2  of  8  42.81    21.41    344        0.000383    7.9e+02     ....ii..        
2TBN TREKCHANNEL     2  of  12 71.25    35.62    386        0.000509    1.3e+03     I....I......    
2TBF
3TBS
3TBT MotifName       No.Mots   IdScore PfScore Pvalue    Sequence                                                Len  low  pos   high 
3TBN KCHANNEL        7  of  8  50.74   617     4.20e-08  PHGALAGIWWSFVTMTTVGYGDK                                 23   0    194   0    
3TBN KCHANNEL        8  of  8  17.49   199     8.10e-03  GRMFAVFWMVLGTIVMSMFTGQITANI                             27   0    223   0    
3TBB
3TBN EAGCHANLFMLY    6  of  10 26.04   353     3.92e-05  ALAGIWWSFVTMTTVGYG                                      18   0    197   0    
3TBN EAGCHANLFMLY    7  of  10 28.39   210     9.39e-03  GRMFAVFWMVLG                                            12   0    223   0    
3TBB
3TBN LETHAL2GIANT    2  of  9  32.92   214     1.76e-02  LVIVFSCNMTLALNESISCPSIL                                 23   0    11    0    
3TBN LETHAL2GIANT    5  of  9  24.81   254     3.32e-04  FTGQITANITSSEIATVDL                                     19   0    241   0    
3TBB
3TBN POLYCYSTIN1     6  of  10 28.33   222     4.92e-03  LIKTLLVIVFSCNMTLALNE                                    20   0    6     0    
3TBN POLYCYSTIN1     9  of  10 29.55   188     6.12e-03  LLIVSGGVLLLCVLFGFLMACV                                  22   0    394   0    
3TBB
3TBN GATASE          1  of  3  41.68   170     1.78e-02  LFQSPGPAVV                                              10   0    130   0    
3TBN GATASE          2  of  3  39.36   236     5.15e-03  PILSVCLLFGLL                                            12   0    161   0    
3TBB
3TBN ANTSNTHASEII    2  of  6  44.55   201     1.21e-02  LFQSPGPAVV                                              10   0    130   0    
3TBN ANTSNTHASEII    3  of  6  40.76   230     8.93e-03  PILSVCLLFGLL                                            12   0    161   0    
3TBB
3TBN ATPASEGAMMA     2  of  4  17.00   146     1.45e-02  DIVDMTYDEMLTSVSEGI                                      18   0    284   0    
3TBN ATPASEGAMMA     4  of  4  22.27   190     1.40e-02  SNKQETSLTSQHVLLIVSGGVL                                  22   0    381   0    
3TBB
3TBN CCMFBIOGNSIS    4  of  7  27.27   166     9.44e-03  LIKTLLVIVFSCNMTL                                        16   0    6     0    
3TBN CCMFBIOGNSIS    7  of  7  18.18   153     2.30e-02  KIVKIIDRQFAIGM                                          14   0    325   0    
3TBB
3TBN NANEUSMPORT     5  of  8  19.20   139     3.50e-02  WPILSVCLLFGLLAGFIVWAI                                   21   0    160   0    
3TBN NANEUSMPORT     6  of  8  23.61   205     1.10e-02  KTTRTLWGRMFAVFWMVLGT                                    20   0    216   0    
3TBB
3TBN TREKCHANNEL     1  of  12 37.50   209     8.36e-03  IATVDLMDTKVAVP                                          14   0    254   0    
3TBN TREKCHANNEL     6  of  12 33.75   177     6.09e-02  LCVLFGFLMACVRTRKTASI                                    20   0    404   0    
3TBB
3TBF
Sn; 15007
Si; Fasta sequence
1TBS
1TBN NO SIGNIFICANT RESULTS ABOVE 0.0001    
1TBF
2TBS
2TBT FingerPrint     No.Motifs SumId    AveId    ProfScore  Ppvalue     Evalue      GraphScan               
2TBN LYMPHSPCIFIC    2  of  10 65.83    32.92    615        6.04e-06    12          II........      
2TBN BR22PROTEIN     2  of  6  37.63    18.81    559        7.34e-06    13          ...ii.          
2TBN STATHMIN        3  of  5  60.76    20.25    508        4.77e-05    52          .ii.i           
2TBN LEUZIPPRFOS     2  of  5  37.08    18.54    391        0.000406    8.8e+02     .i.i.           
2TBN SSPAMPROTEIN    2  of  8  71.94    35.97    446        0.000558    2.1e+03     ....I..I        
2TBN HTLV1ZIPPER     2  of  5  32.00    16.00    428        0.00057     1e+03       ..i.i           
2TBN TROPOMYOSIN     2  of  5  32.70    16.35    342        0.000757    1.4e+03     .i.i.           
2TBN KV22CHANNEL     2  of  7  66.15    33.07    406        0.00133     3.6e+03     .I..I..         
2TBF
3TBS
3TBT MotifName       No.Mots   IdScore PfScore Pvalue    Sequence                                                Len  low  pos   high 
3TBN LYMPHSPCIFIC    1  of  10 33.33   380     2.63e-04  EQEQEQEQEQEQEQEQEQEQEQEQ                                24   0    33    0    
3TBN LYMPHSPCIFIC    2  of  10 32.50   235     2.30e-02  QEQEQEQEQEQEQEQEQEQQ                                    20   0    86    0    
3TBB
3TBN BR22PROTEIN     4  of  6  19.44   260     4.11e-03  QEQEQEQEQEQEQEQEQEQEQEQE                                24   0    60    0    
3TBN BR22PROTEIN     5  of  6  18.18   299     1.78e-03  EQEQEQEQEQEQEQEQEQEQQE                                  22   0    85    0    
3TBB
3TBN STATHMIN        2  of  5  21.30   156     5.09e-02  LSPRAGQIPFTYEQEQEQEQEQEQEQEQE                           29   0    5     0    
3TBN STATHMIN        3  of  5  21.81   196     2.13e-02  QEQEQEQEQEQEQEQEQEQEQEQE                                24   0    34    0    
3TBN STATHMIN        5  of  5  17.65   156     4.41e-02  QEQEQEQEQEQEQEQEQEQEQEQQE                               25   0    82    0    
3TBB
3TBN LEUZIPPRFOS     2  of  5  22.30   212     1.66e-02  EQEQEQEQEQEQEQEQE                                       17   0    55    0    
3TBN LEUZIPPRFOS     4  of  5  14.77   179     2.45e-02  QEQEQEQEQEQEQEQQED####                                  22   0    90    0    
3TBB
3TBN SSPAMPROTEIN    5  of  8  31.94   226     1.17e-02  EQEQEQEQEQEQ                                            12   0    17    0    
3TBN SSPAMPROTEIN    8  of  8  40.00   220     4.79e-02  EQEQEQEQEQ                                              10   0    57    0    
3TBB
3TBN HTLV1ZIPPER     3  of  5  16.67   238     1.18e-02  QEQEQEQEQEQEQEQEQEQEQEQ                                 23   0    52    0    
3TBN HTLV1ZIPPER     5  of  5  15.33   190     4.84e-02  QEQEQEQEQEQQED###########                               25   0    94    0    
3TBB
3TBN TROPOMYOSIN     2  of  5  15.03   146     7.93e-02  EQEQEQEQEQEQEQEQEQEQE                                   21   0    17    0    
3TBN TROPOMYOSIN     4  of  5  17.68   196     9.54e-03  EQEQEQEQEQEQEQEQEQQED###                                24   0    87    0    
3TBB
3TBN KV22CHANNEL     2  of  7  32.81   189     6.67e-02  EQEQEQEQEQEQEQEQ                                        16   0    29    0    
3TBN KV22CHANNEL     5  of  7  33.33   217     1.99e-02  EQEQEQEQEQEQEQQ                                         15   0    91    0    
3TBB
3TBF
Sn; 15008
Si; Fasta sequence
1TBS
1TBN NO SIGNIFICANT RESULTS ABOVE 0.0001    
1TBF
2TBS
2TBT FingerPrint     No.Motifs SumId    AveId    ProfScore  Ppvalue     Evalue      GraphScan               
2TBF
3TBS
3TBT MotifName       No.Mots   IdScore PfScore Pvalue    Sequence                                                Len  low  pos   high 
3TBF
Sn; 15009
Si; Fasta sequence
1TBS
1TBN NO SIGNIFICANT RESULTS ABOVE 0.0001    
1TBF
2TBS
2TBT FingerPrint     No.Motifs SumId    AveId    ProfScore  Ppvalue     Evalue      GraphScan               
2TBN OSTEOPONTIN     2  of  8  63.94    31.97    728        1.15e-07    0.19        ..I...i.        
2TBN NRPEPTIDEY5R    2  of  12 55.00    27.50    526        0.000148    3.2e+02     i........i..    
2TBN TROPOMYOSIN     2  of  5  49.97    24.98    471        0.000378    7.1e+02     .I.i.           
2TBN SSPANPROTEIN    2  of  14 75.52    37.76    464        0.00046     1.6e+03     I......I......  
2TBN RIBOSOMALS12    2  of  6  63.17    31.58    427        0.000528    1.5e+03     .i...I          
2TBN ANGIOMOTIN      2  of  7  61.29    30.65    472        0.000695    1.7e+03     I.....i         
2TBN FIBSHEATHIP1    2  of  4  59.30    29.65    389        0.000821    1.7e+03     i.I.            
2TBN LIPOLPP20       2  of  8  65.41    32.71    490        0.000935    2e+03       .I..i...        
2TBN HIGHMOBLTYIY    2  of  5  52.80    26.40    419        0.000965    2.5e+03     i..i.           
2TBN BRISCABRO1      2  of  9  56.67    28.33    469        0.0012      2.5e+03     ...I....i       
2TBF
3TBS
3TBT MotifName       No.Mots   IdScore PfScore Pvalue    Sequence                                                Len  low  pos   high 
3TBN OSTEOPONTIN     3  of  8  35.10   547     1.97e-06  SYTNETLPSNANEQLEHAENEKEDEE                              26   0    651   0    
3TBN OSTEOPONTIN     7  of  8  28.85   181     5.84e-02  SFLSESGMNYTSSCENHSQKDKISKQ                              26   0    819   0    
3TBB
3TBN NRPEPTIDEY5R    1  of  12 26.67   236     5.39e-02  VDKSYRKKMATEQQN                                         15   0    755   0    
3TBN NRPEPTIDEY5R    10 of  12 28.33   290     2.74e-03  DIREKDVTKKSSKTKKTSREEEFE                                24   0    1140  0    
3TBB
3TBN TROPOMYOSIN     2  of  5  30.47   268     6.45e-03  KDGKKRGDKAVEDEKVDIREK                                   21   0    1124  0    
3TBN TROPOMYOSIN     4  of  5  19.50   203     5.86e-02  EIKRREKNEKNDKNKEKEDRDEIP                                24   0    1197  0    
3TBB
3TBN SSPANPROTEIN    1  of  14 37.58   249     9.95e-03  GEITSVQSCDN                                             11   0    53    0    
3TBN SSPANPROTEIN    8  of  14 37.95   215     4.63e-02  KKTVNSSDDNHEA                                           13   0    205   0    
3TBB
3TBN RIBOSOMALS12    2  of  6  25.35   219     2.32e-02  PKKKKKKSRETGETKV                                        16   0    797   0    
3TBN RIBOSOMALS12    6  of  6  37.82   208     2.27e-02  SKQSMSKEGKKRD                                           13   0    862   0    
3TBB
3TBN ANGIOMOTIN      1  of  7  34.21   249     1.41e-02  IICEEAVDKSYRKKMATEQ                                     19   0    749   0    
3TBN ANGIOMOTIN      7  of  7  27.08   223     4.93e-02  EENAFEKKSDKKKKKD                                        16   0    1024  0    
3TBB
3TBN FIBSHEATHIP1    1  of  4  23.19   197     3.27e-02  KNKEKEDRDEIPKKKRKKERKVC                                 23   0    1209  0    
3TBN FIBSHEATHIP1    3  of  4  36.11   192     2.51e-02  KEMLSGGVKRLDELLDND                                      18   0    1381  0    
3TBB
3TBN LIPOLPP20       2  of  8  36.84   270     2.12e-02  RNEKEDIDKTNNTRKEKTL                                     19   0    162   0    
3TBN LIPOLPP20       5  of  8  28.57   220     4.41e-02  AFECTKEKSRNQTENLESTSN                                   21   0    217   0    
3TBB
3TBN HIGHMOBLTYIY    1  of  5  26.37   225     3.14e-02  EEEKSEGKKRKKD                                           13   0    1113  0    
3TBN HIGHMOBLTYIY    4  of  5  26.43   194     3.07e-02  SKTKKTSREEEFEAANKPVK                                    20   0    1151  0    
3TBB
3TBN BRISCABRO1      4  of  9  37.50   244     1.83e-02  KSDKKKKKDRNKTVVS                                        16   0    1031  0    
3TBN BRISCABRO1      9  of  9  19.17   225     6.57e-02  KTRDKTKKEIKRREKNEKNDKNKE                                24   0    1189  0    
3TBB
3TBF
Sn; 15010
Si; Fasta sequence
1TBS
1TBN NO SIGNIFICANT RESULTS ABOVE 0.0001    
1TBF
2TBS
2TBT FingerPrint     No.Motifs SumId    AveId    ProfScore  Ppvalue     Evalue      GraphScan               
2TBN MINTRINSICP     2  of  6  41.52    20.76    347        0.000122    2.2e+02     .i...i          
2TBN AMPHIPHYSIN     2  of  9  100.91   50.45    496        0.000323    1.3e+03     ......II.       
2TBN YTRCYTRDABC     2  of  5  49.17    24.58    326        0.000615    1.7e+03     .i.i.           
2TBN OMADHESIN       2  of  5  52.86    26.43    398        0.00127     2.9e+03     .i.i.           
2TBN CCBSBIOGNSIS    2  of  10 51.49    25.74    358        0.00245     5.6e+03     .....I...i      
2TBN STROIDFINGER    2  of  4  58.92    29.46    333        0.00448     1.5e+04     .i.I            
2TBN ADENOVSFIBRE    2  of  7  47.26    23.63    248        0.00523     1.7e+04     ..ii...         
2TBN EXFOLTOXIN      2  of  6  48.89    24.44    345        0.00593     1.2e+04     ..i..i          
2TBF
3TBS
3TBT MotifName       No.Mots   IdScore PfScore Pvalue    Sequence                                                Len  low  pos   high 
3TBN MINTRINSICP     2  of  6  21.24   194     3.32e-03  YGLGVFFDTYNNHNGEHSHEHPYIS                               25   0    133   0    
3TBN MINTRINSICP     6  of  6  20.28   153     3.68e-02  WLFWFAVIVCILCGIGFYFYQ                                   21   0    307   0    
3TBB
3TBN AMPHIPHYSIN     7  of  9  52.81   290     1.20e-02  DHQSKRGSLWN                                             11   0    72    0    
3TBN AMPHIPHYSIN     8  of  9  48.10   206     2.70e-02  KLPTGLHFGV                                              10   0    227   0    
3TBB
3TBN YTRCYTRDABC     2  of  5  25.83   174     1.20e-02  LHFGVSAATGELADN                                         15   0    232   0    
3TBN YTRCYTRDABC     4  of  5  23.33   152     5.12e-02  AVIVCILCGIGFYFY                                         15   0    312   0    
3TBB
3TBN OMADHESIN       2  of  5  22.86   182     2.98e-02  ARDRLREGPAFGSQSDFYGLG                                   21   0    116   0    
3TBN OMADHESIN       4  of  5  30.00   216     4.27e-02  DPKGSFSTRTSKIFTW                                        16   0    292   0    
3TBB
3TBN CCBSBIOGNSIS    6  of  10 31.25   181     2.92e-02  FTSFLLLCTELLADPE                                        16   0    13    0    
3TBN CCBSBIOGNSIS    10 of  10 20.24   177     8.39e-02  WFAVIVCILCGIGFYFYQKQQ                                   21   0    310   0    
3TBB
3TBN STROIDFINGER    2  of  4  26.21   163     8.13e-02  QVEGCSAQFRGQEHET                                        16   0    177   0    
3TBN STROIDFINGER    4  of  4  32.71   170     5.51e-02  WRECFDVGG                                               9    0    217   0    
3TBB
3TBN ADENOVSFIBRE    3  of  7  20.76   125     7.00e-02  HSLMKPYQGGGMTIP                                         15   0    38    0    
3TBN ADENOVSFIBRE    4  of  7  26.49   123     7.48e-02  PYISAMIGNGS                                             11   0    154   0    
3TBB
3TBN EXFOLTOXIN      3  of  6  22.22   170     7.81e-02  TYNNHNGEHSHEHPYISA                                      18   0    141   0    
3TBN EXFOLTOXIN      6  of  6  26.67   175     7.59e-02  VGGVKLPTGLHFGVSAATGELADNH                               25   0    223   0    
3TBB
3TBF
Sn; 15011
Si; Fasta sequence
1TBS
1TBN NO SIGNIFICANT RESULTS ABOVE 0.0001    
1TBF
2TBS
2TBT FingerPrint     No.Motifs SumId    AveId    ProfScore  Ppvalue     Evalue      GraphScan               
2TBN CYCOXIDASEI     2  of  13 62.49    31.24    592        1.35e-06    3.2         .....i..I....   
2TBN LANCFRANKIA     2  of  10 69.05    34.53    390        2.99e-06    7.2         .I.......I      
2TBN ASNGLNASE       2  of  3  67.94    33.97    394        2.43e-05    66          II.             
2TBN PHFRCTKINASE    2  of  9  60.50    30.25    364        3.44e-05    94          .Ii......       
2TBN AROAAPRMEASE    2  of  9  45.57    22.78    388        4.39e-05    86          i......i.       
2TBN HOMSERKINASE    2  of  5  48.61    24.31    326        5.52e-05    1.5e+02     .i..I           
2TBN TCRTETA         2  of  12 35.83    17.92    398        6.96e-05    1.3e+02     .i........i.    
2TBN FMOXYGENASE1    2  of  10 58.10    29.05    393        0.000176    4.2e+02     ...i.....i      
2TBN ECCREGULATOR    2  of  5  60.53    30.27    410        0.000275    5.7e+02     I...i           
2TBN FRIZZLED        2  of  7  43.46    21.73    379        0.000451    7.9e+02     ..i.i..         
2TBF
3TBS
3TBT MotifName       No.Mots   IdScore PfScore Pvalue    Sequence                                                Len  low  pos   high 
3TBN CYCOXIDASEI     6  of  13 24.50   310     3.02e-04  VFGFAILIASILTVVTPPIV                                    20   0    121   0    
3TBN CYCOXIDASEI     9  of  13 37.99   282     4.48e-03  GILWFVVWQICMYETP                                        16   0    221   0    
3TBB
3TBN LANCFRANKIA     2  of  10 32.94   210     2.12e-03  ALRYGGKPVFGFAILIA                                       17   0    113   0    
3TBN LANCFRANKIA     10 of  10 36.11   180     1.41e-03  AGLLMGIANTAGSLSGFL                                      18   0    407   0    
3TBB
3TBN ASNGLNASE       1  of  3  36.11   192     2.93e-03  LLTIAGSGTIVG                                            12   0    181   0    
3TBN ASNGLNASE       2  of  3  31.83   202     8.30e-03  VGILTTHGTLEEWRLVFWL                                     19   0    429   0    
3TBB
3TBN PHFRCTKINASE    2  of  9  32.60   142     4.89e-02  GYAVFQIPAGMLAL                                          14   0    101   0    
3TBN PHFRCTKINASE    3  of  9  27.90   222     7.04e-04  ERSSLLTIAGSGTIVGT                                       17   0    177   0    
3TBB
3TBN AROAAPRMEASE    1  of  9  15.74   166     1.82e-02  IILGSFYYGYAVFQIPAGMLALRY                                24   0    93    0    
3TBN AROAAPRMEASE    8  of  9  29.82   222     2.41e-03  LSGFLSPAVVGILTTHGTL                                     19   0    420   0    
3TBB
3TBN HOMSERKINASE    2  of  5  17.36   114     8.07e-02  GTIVTMPITGVLSESE                                        16   0    192   0    
3TBN HOMSERKINASE    5  of  5  31.25   212     6.84e-04  TYGIGSPGASPNLIDL                                        16   0    387   0    
3TBB
3TBN TCRTETA         2  of  12 15.00   207     8.17e-03  FGFAILIASILTVVTPPIVR                                    20   0    122   0    
3TBN TCRTETA         11 of  12 20.83   191     8.52e-03  LMGIANTAGSLSGFLSPAVVGILT                                24   0    410   0    
3TBB
3TBN FMOXYGENASE1    4  of  10 28.57   158     9.24e-02  GKPVFGFAILIASI                                          14   0    118   0    
3TBN FMOXYGENASE1    10 of  10 29.52   235     1.91e-03  IEFTRKLFQAVGLLISSCFVV                                   21   0    346   0    
3TBB
3TBN ECCREGULATOR    1  of  5  34.44   228     6.01e-03  TWSPMFERSSLLTIAGSG                                      18   0    171   0    
3TBN ECCREGULATOR    5  of  5  26.09   182     4.58e-02  PCISKEEIDYIGNPWDMDPEKVV                                 23   0    240   0    
3TBB
3TBN FRIZZLED        3  of  7  20.16   217     3.73e-02  GWPFAFYFIGSFGILWFVVWQICMY                               25   0    209   0    
3TBN FRIZZLED        5  of  7  23.30   162     1.21e-02  CIPLYMKQVLKCSVAETGFISAI                                 23   0    297   0    
3TBB
3TBF
Sn; 15012
Si; Fasta sequence
1TBS
1TBH GPCRRHODOPSN    1e-19          Rhodopsin-like GPCR superfamily signature                                PR00237         
1TBF
2TBS
2TBT FingerPrint     No.Motifs SumId    AveId    ProfScore  Ppvalue     Evalue      GraphScan               
2TBH GPCRRHODOPSN    6  of  7  138.90   23.15    1314       1.75e-25    1e-19       ii.iiii         
2TBN NEUROMEDINUR    2  of  6  75.93    37.96    554        3.75e-06    12          I....I          
2TBN NRPEPTIDEYR     2  of  5  70.78    35.39    396        5.46e-06    16          i.I..           
2TBN UROTENSIN2R     3  of  9  90.60    30.20    705        5.7e-06     7.9         ...I.ii..       
2TBN PROSTANOIDR     2  of  5  61.35    30.67    370        1.25e-05    42          i...I           
2TBN GPR37ORPHANR    2  of  6  62.70    31.35    523        1.95e-05    50          i....I          
2TBN GPCRSECRETIN    2  of  7  42.10    21.05    369        2.28e-05    41          ....ii.         
2TBN NANEUSMPORT     2  of  8  47.25    23.62    401        2.49e-05    55          .i.i....        
2TBN CYSLTRECPTR     2  of  6  58.08    29.04    450        0.000164    3.7e+02     ..I..i          
2TBN MCRFAMILY       2  of  7  71.96    35.98    388        0.000295    1e+03       ...I.i.         
2TBF
3TBS
3TBT MotifName       No.Mots   IdScore PfScore Pvalue    Sequence                                                Len  low  pos   high 
3TBH GPCRRHODOPSN    1  of  7  26.42   250     1.27e-07  STNVFFSCIIATGVIGNGLVIATVL                               25   0    28    0    
3TBH GPCRRHODOPSN    2  of  7  25.36   223     6.41e-06  CNLFLLNISIADLCLTGIGGSL                                  22   0    61    0    
3TBH GPCRRHODOPSN    4  of  7  19.89   154     3.22e-02  RTKRLLPVIWVISYIACGLPLV                                  22   0    139   0    
3TBH GPCRRHODOPSN    5  of  7  18.23   153     2.48e-03  EVYLVAVFIVLQLVLQTYAYANII                                24   0    187   0    
3TBH GPCRRHODOPSN    6  of  7  25.75   324     1.03e-05  TIKTLIVLVVVFQVCYIPRGTVMLV                               25   0    262   0    
3TBH GPCRRHODOPSN    7  of  7  23.26   210     2.59e-04  ELISLILYYLKHVLNPVILFCMSAEFS                             27   0    301   0    
3TBB
3TBN NEUROMEDINUR    1  of  6  37.04   263     5.30e-03  RWKEMRSPCNLF                                            12   0    53    0    
3TBN NEUROMEDINUR    6  of  6  38.89   291     7.08e-04  FRYVELISLILYYL                                          14   0    297   0    
3TBB
3TBN NRPEPTIDEYR     1  of  5  29.02   213     1.35e-03  RWKEMRSPCNLFL                                           13   0    53    0    
3TBN NRPEPTIDEYR     3  of  5  41.76   183     4.04e-03  QDVFVSVSGITHSTIA                                        16   0    105   0    
3TBB
3TBN UROTENSIN2R     4  of  9  38.10   295     4.96e-03  LRIVEVYFGWIFGDFLCRFLA                                   21   0    82    0    
3TBN UROTENSIN2R     6  of  9  26.32   225     3.37e-02  QSQKGEKMRCSPHWSILYR                                     19   0    165   0    
3TBN UROTENSIN2R     7  of  9  26.19   185     3.41e-02  YANIIRALRSGNGIFRRSTRE                                   21   0    206   0    
3TBB
3TBN PROSTANOIDR     1  of  5  28.51   166     3.36e-03  IGNGLVIATVLRW                                           13   0    42    0    
3TBN PROSTANOIDR     5  of  5  32.84   204     3.71e-03  TLIVLVVVFQVC                                            12   0    265   0    
3TBB
3TBN GPR37ORPHANR    1  of  6  23.81   224     1.28e-02  LRIVEVYFGWIFGDFLCRFLA                                   21   0    82    0    
3TBN GPR37ORPHANR    6  of  6  38.89   299     1.52e-03  LNPVILFCMSAE                                            12   0    314   0    
3TBB
3TBN GPCRSECRETIN    5  of  7  22.16   226     6.21e-04  YLVAVFIVLQLVLQTYAYANIIRALR                              26   0    189   0    
3TBN GPCRSECRETIN    6  of  7  19.94   143     3.67e-02  TIKTLIVLVVVFQVCYIPRGT                                   21   0    262   0    
3TBB
3TBN NANEUSMPORT     2  of  8  23.93   226     1.56e-03  LLPVIWVISYIACGLPLVFT                                    20   0    143   0    
3TBN NANEUSMPORT     4  of  8  23.32   175     1.59e-02  ATNLSSYFRYVELISLIL                                      18   0    290   0    
3TBB
3TBN CYSLTRECPTR     3  of  6  31.00   291     2.33e-03  SLRIVEVYFGWIFGDFLCRFLAPMQ                               25   0    81    0    
3TBN CYSLTRECPTR     6  of  6  27.08   159     7.04e-02  EFATNLSSYFRY                                            12   0    288   0    
3TBB
3TBN MCRFAMILY       4  of  7  42.79   216     3.36e-03  KTIKTLIVLVVVF                                           13   0    261   0    
3TBN MCRFAMILY       6  of  7  29.17   172     8.80e-02  LYYLKHVLNPVI                                            12   0    307   0    
3TBB
3TBF
Sn; 15013
Si; Fasta sequence
1TBS
1TBN NO SIGNIFICANT RESULTS ABOVE 0.0001    
1TBF
2TBS
2TBT FingerPrint     No.Motifs SumId    AveId    ProfScore  Ppvalue     Evalue      GraphScan               
2TBN NEPRILYSIN      2  of  4  100.08   50.04    795        1.19e-10    0.00035     ..II            
2TBN CELLSNTHASEC    2  of  15 82.14    41.07    571        2.48e-06    6.2         .I...I......... 
2TBN KV15CHANNEL     2  of  8  78.53    39.27    526        1.58e-05    48          .....I.I        
2TBN ICOSAHEDRAL     2  of  3  51.05    25.52    326        0.000121    3.2e+02     ii.             
2TBN PRSTNOIDEP4R    2  of  8  67.86    33.93    467        0.000153    3.1e+02     I...I...        
2TBN CXCCHMKINER4    2  of  9  67.57    33.79    442        0.000396    9.5e+02     .I......I       
2TBN SPERMPH20       2  of  7  54.44    27.22    348        0.000494    1.3e+03     ..ii...         
2TBN VINCULIN        2  of  7  50.43    25.22    393        0.000523    1.1e+03     ..i..i.         
2TBN ANGIOMOTIN      2  of  7  53.54    26.77    435        0.000962    2.6e+03     ..i...I         
2TBN GAT1TRNSPORT    2  of  4  45.93    22.96    401        0.00172     5.2e+03     ..ii            
2TBF
3TBS
3TBT MotifName       No.Mots   IdScore PfScore Pvalue    Sequence                                                Len  low  pos   high 
3TBN NEPRILYSIN      3  of  4  51.52   492     4.64e-07  NFGVYGSNVGHEATHGL                                       17   0    406   0    
3TBN NEPRILYSIN      4  of  4  48.56   303     2.57e-04  ENVADNDSLKIT                                            12   0    477   0    
3TBB
3TBN CELLSNTHASEC    2  of  15 50.00   379     9.46e-05  WLSVKYYETMTGT                                           13   0    215   0    
3TBN CELLSNTHASEC    6  of  15 32.14   192     2.62e-02  YYNWAKRNPNETWLLPGLNFT                                   21   0    492   0    
3TBB
3TBN KV15CHANNEL     6  of  8  46.15   273     1.29e-03  QMLRFEAQLANVS                                           13   0    120   0    
3TBN KV15CHANNEL     8  of  8  32.38   253     1.22e-02  TMNPIKKCHLYSKEG                                         15   0    570   0    
3TBB
3TBN ICOSAHEDRAL     1  of  3  25.56   182     2.70e-03  LANSFEKYRGLNITA                                         15   0    321   0    
3TBN ICOSAHEDRAL     2  of  3  25.49   144     4.48e-02  FSPLQQTTSYSRVSNSL                                       17   0    368   0    
3TBB
3TBN PRSTNOIDEP4R    1  of  8  34.52   247     2.46e-03  LDPGKNIGFNITLERLQQEVP                                   21   0    134   0    
3TBN PRSTNOIDEP4R    5  of  8  33.33   220     6.21e-02  FPDYMLNSTKLANSFEKYRGL                                   21   0    311   0    
3TBB
3TBN CXCCHMKINER4    2  of  9  30.73   192     6.40e-02  TDYFNKLFEPSRISKN                                        16   0    159   0    
3TBN CXCCHMKINER4    9  of  9  36.84   250     6.18e-03  QYSAYKILGKWPINGEKTV                                     19   0    457   0    
3TBB
3TBN SPERMPH20       3  of  7  29.02   191     1.03e-02  LSIHKLVGRGPVFSVGQ                                       17   0    42    0    
3TBN SPERMPH20       4  of  7  25.42   157     4.78e-02  NFGVYGSNVGHEATHG                                        16   0    406   0    
3TBB
3TBN VINCULIN        3  of  7  23.81   157     9.42e-02  NTTITKVDQMLRFEAQLA                                      18   0    112   0    
3TBN VINCULIN        6  of  7  26.62   236     5.56e-03  ERIFYLREAMKIIQNTPKSVLS                                  22   0    180   0    
3TBB
3TBN ANGIOMOTIN      3  of  7  23.33   251     1.06e-02  ETIYLERIFYLREAM                                         15   0    175   0    
3TBN ANGIOMOTIN      7  of  7  30.21   184     9.05e-02  NKVSIKKRLRQQEIRD                                        16   0    341   0    
3TBB
3TBN GAT1TRNSPORT    3  of  4  20.00   203     4.17e-02  HIASKNMAKI                                              10   0    262   0    
3TBN GAT1TRNSPORT    4  of  4  25.93   198     4.13e-02  IGYAQKRCGYSSLRDRYL                                      18   0    519   0    
3TBB
3TBF
Sn; 15014
Si; Fasta sequence
1TBS
1TBN NO SIGNIFICANT RESULTS ABOVE 0.0001    
1TBF
2TBS
2TBT FingerPrint     No.Motifs SumId    AveId    ProfScore  Ppvalue     Evalue      GraphScan               
2TBN MG045FAMILY     2  of  9  69.08    34.54    449        0.000391    1.1e+03     ..I...I..       
2TBN EAGCHANLFMLY    2  of  10 72.47    36.23    417        0.000411    1.5e+03     ..I...I...      
2TBN DENSEGRNULE6    2  of  8  73.16    36.58    500        0.00052     1.3e+03     .....I.i        
2TBN TUBERIN         2  of  10 37.45    18.72    444        0.000959    1.9e+03     ...ii.....      
2TBN PERTACTIN       2  of  11 48.03    24.01    410        0.00157     3.1e+03     .i.......i.     
2TBN LYMPHSPCIFIC    2  of  10 61.67    30.83    480        0.00184     3.5e+03     i....I....      
2TBN EP450ICYP2A     2  of  4  69.93    34.97    374        0.00225     7.9e+03     I.I.            
2TBN GABAARTHETA     2  of  5  52.00    26.00    475        0.0025      4.2e+03     i...i           
2TBN EDG8RECEPTOR    2  of  10 63.64    31.82    366        0.00321     8.2e+03     .....I...I      
2TBN LVDCCALPHA1C    2  of  13 63.71    31.86    399        0.00815     2.3e+04     .....I.I.....   
2TBF
3TBS
3TBT MotifName       No.Mots   IdScore PfScore Pvalue    Sequence                                                Len  low  pos   high 
3TBN MG045FAMILY     3  of  9  32.22   195     4.36e-02  SELSSVYKNARL                                            12   0    18    0    
3TBN MG045FAMILY     7  of  9  36.86   254     8.97e-03  SSSDLCTNTPDTLSDLV                                       17   0    180   0    
3TBB
3TBN EAGCHANLFMLY    3  of  10 38.35   201     2.97e-02  TFIVDKVFIIG                                             11   0    64    0    
3TBN EAGCHANLFMLY    7  of  10 34.11   216     1.38e-02  RKLFSATKRLLG                                            12   0    288   0    
3TBB
3TBN DENSEGRNULE6    6  of  8  43.75   230     8.21e-02  CSPGLRGRYVSVHLPG                                        16   0    448   0    
3TBN DENSEGRNULE6    8  of  8  29.41   270     6.33e-03  GNSNGDFGGNSCTHTAN                                       17   0    506   0    
3TBB
3TBN TUBERIN         4  of  10 23.81   214     8.23e-02  TLVIGCIDVMLPVITKIINIL                                   21   0    387   0    
3TBN TUBERIN         5  of  10 13.64   230     1.16e-02  IRLIHMGILTLCEVEVYSESKA                                  22   0    593   0    
3TBB
3TBN PERTACTIN       2  of  11 19.62   210     4.51e-02  IALQRPTSQSSTEGGGTPN                                     19   0    483   0    
3TBN PERTACTIN       10 of  11 28.41   200     3.49e-02  CKSINYYSSSRLCEMNSAAKSDVS                                24   0    872   0    
3TBB
3TBN LYMPHSPCIFIC    1  of  10 29.17   290     2.02e-02  PWFNDDIKEARRQRRKAERRWRRT                                24   0    225   0    
3TBN LYMPHSPCIFIC    6  of  10 32.50   190     9.14e-02  KCDQFGEGSASNPKCADIPS                                    20   0    418   0    
3TBB
3TBN EP450ICYP2A     1  of  4  36.44   159     2.59e-02  MWKSGVIQAGNLA                                           13   0    1     0    
3TBN EP450ICYP2A     3  of  4  33.49   215     8.68e-02  NEIEYPQFEDK                                             11   0    302   0    
3TBB
3TBN GABAARTHETA     1  of  5  22.67   248     3.94e-02  SSSDLCTNTPDTLSDLVTCYNSTLA                               25   0    180   0    
3TBN GABAARTHETA     5  of  5  29.33   227     6.34e-02  QIPESCTPSMHCSTQATGWLLGSHP                               25   0    749   0    
3TBB
3TBN EDG8RECEPTOR    6  of  10 33.33   180     5.24e-02  TLASALDRHAP                                             11   0    202   0    
3TBN EDG8RECEPTOR    10 of  10 30.30   186     6.12e-02  TKLDNMVSTSPPYSASENIPEV                                  22   0    332   0    
3TBB
3TBN LVDCCALPHA1C    6  of  13 32.94   209     9.82e-02  PTYAVDGSPNGGPSATL                                       17   0    30    0    
3TBN LVDCCALPHA1C    8  of  13 30.77   190     8.30e-02  MNSAAKSDVSSSD                                           13   0    886   0    
3TBB
3TBF
Sn; 15015
Si; Fasta sequence
1TBS
1TBN NO SIGNIFICANT RESULTS ABOVE 0.0001    
1TBF
2TBS
2TBT FingerPrint     No.Motifs SumId    AveId    ProfScore  Ppvalue     Evalue      GraphScan               
2TBN VACCYTOTOXIN    2  of  15 41.47    20.73    418        0.000109    2.1e+02     ..........i.i.. 
2TBN STOMATIN        2  of  7  32.83    16.41    293        0.00177     3.6e+03     .i..i..         
2TBN VIP2RECEPTOR    2  of  10 61.59    30.79    356        0.00184     5.3e+03     ...iI.....      
2TBN UBIQUITIN       2  of  3  38.33    19.17    332        0.0019      3.8e+03     ii.             
2TBN LIPOLIPASE      2  of  8  39.19    19.59    301        0.00494     1.4e+04     ...ii...        
2TBF
3TBS
3TBT MotifName       No.Mots   IdScore PfScore Pvalue    Sequence                                                Len  low  pos   high 
3TBN VACCYTOTOXIN    11 of  15 24.20   191     1.93e-02  YQADLPEKLIMQRSGHRSIEG                                   21   0    25    0    
3TBN VACCYTOTOXIN    13 of  15 17.27   227     5.67e-03  HININK#################                                 23   0    129   0    
3TBB
3TBN STOMATIN        2  of  7  23.05   161     2.18e-02  LIMQRSGHRSIEGVRTYRRDDP                                  22   0    33    0    
3TBN STOMATIN        5  of  7  9.77    132     8.13e-02  INMHGATLNNVQIHININK                                     19   0    116   0    
3TBB
3TBN VIP2RECEPTOR    4  of  10 23.81   180     3.94e-02  RALSNSVTKEGSAD                                          14   0    62    0    
3TBN VIP2RECEPTOR    5  of  10 37.78   176     4.66e-02  EDYEKSTANISLGSI                                         15   0    102   0    
3TBB
3TBN UBIQUITIN       1  of  3  16.31   143     7.23e-02  RALSNSVTKEGSADTEKNVVQ                                   21   0    62    0    
3TBN UBIQUITIN       2  of  3  22.02   189     2.63e-02  DQDNLDIDDEDDLMLVKACED                                   21   0    83    0    
3TBB
3TBN LIPOLIPASE      4  of  8  21.54   140     8.01e-02  GLKGNFSNHSDRA                                           13   0    6     0    
3TBN LIPOLIPASE      5  of  8  17.65   161     6.17e-02  RDDPNDSMRVSRALSNS                                       17   0    51    0    
3TBB
3TBF
Sn; 15016
Si; Fasta sequence
1TBS
1TBN NO SIGNIFICANT RESULTS ABOVE 0.0001    
1TBF
2TBS
2TBT FingerPrint     No.Motifs SumId    AveId    ProfScore  Ppvalue     Evalue      GraphScan               
2TBN S17BPHPHTASE    2  of  6  43.67    21.83    386        6.93e-05    1.6e+02     i...i.          
2TBN ARGSUCLYASE     2  of  6  47.45    23.73    388        0.000251    5.3e+02     i...i.          
2TBN CRFRECEPTOR1    2  of  4  71.05    35.52    322        0.0022      7.4e+03     I.I.            
2TBN SH2DOMAIN       2  of  5  56.06    28.03    285        0.00541     1.8e+04     ii...           
2TBF
3TBS
3TBT MotifName       No.Mots   IdScore PfScore Pvalue    Sequence                                                Len  low  pos   high 
3TBN S17BPHPHTASE    1  of  6  20.90   137     6.79e-02  QMEVKSLTSDILCQKF                                        16   0    54    0    
3TBN S17BPHPHTASE    5  of  6  22.77   249     1.02e-03  MILAGNLHPDLQELFDKNQDI                                   21   0    184   0    
3TBB
3TBN ARGSUCLYASE     1  of  6  20.30   187     1.59e-02  GLSSGEGRSERTHNDARHFGKQD                                 23   0    14    0    
3TBN ARGSUCLYASE     5  of  6  27.15   201     1.58e-02  SEMILAGNLHPDLQELF                                       17   0    182   0    
3TBB
3TBN CRFRECEPTOR1    1  of  4  30.77   141     5.02e-02  FGLGTSSQGFGDQ                                           13   0    118   0    
3TBN CRFRECEPTOR1    3  of  4  40.28   181     4.38e-02  QDILANEFADKC                                            12   0    202   0    
3TBB
3TBN SH2DOMAIN       1  of  5  29.01   154     6.34e-02  RWFRNIGRDDAKAVL                                         15   0    83    0    
3TBN SH2DOMAIN       2  of  5  27.05   131     8.53e-02  GGRFISKYSHN                                             11   0    169   0    
3TBB
3TBF
Sn; 15017
Si; Fasta sequence
1TBS
1TBN NO SIGNIFICANT RESULTS ABOVE 0.0001    
1TBF
2TBS
2TBT FingerPrint     No.Motifs SumId    AveId    ProfScore  Ppvalue     Evalue      GraphScan               
2TBN NORRIEDSEASE    2  of  6  49.62    24.81    535        3.3e-05     70          i..i..          
2TBN NATRESASSCMP    2  of  7  44.55    22.27    337        0.000145    2.9e+02     ..i...i         
2TBN ADRENERGICR     2  of  4  61.36    30.68    357        0.000283    1.3e+03     ..iI            
2TBN DNAPOLG         2  of  9  61.90    30.95    389        0.000425    1.4e+03     ....I...i       
2TBN GPROTEINAI      2  of  5  62.23    31.11    394        0.000427    1.6e+03     .I..i           
2TBN STAPHEXOTOXN    2  of  4  48.73    24.36    274        0.00158     4.9e+03     ii..            
2TBN INTERLEUKIN4    2  of  5  60.21    30.10    297        0.00225     7e+03       I..i.           
2TBN CLATHRINADPT    2  of  6  39.72    19.86    312        0.00462     8e+03       ii....          
2TBN BACE1           2  of  7  53.50    26.75    321        0.00563     1.5e+04     .Ii....         
2TBN MAMMALPTPASE    2  of  5  42.52    21.26    376        0.00565     1.3e+04     .i..i           
2TBF
3TBS
3TBT MotifName       No.Mots   IdScore PfScore Pvalue    Sequence                                                Len  low  pos   high 
3TBN NORRIEDSEASE    1  of  6  26.09   255     3.09e-03  NKLNLTYVVEYMDKDTELEFYFD                                 23   0    131   0    
3TBN NORRIEDSEASE    4  of  6  23.53   280     1.07e-02  RNAYEEILHSCTPAANK                                       17   0    201   0    
3TBB
3TBN NATRESASSCMP    3  of  7  16.55   177     5.81e-03  ###########MASLEEVFGLV                                  22   0    -10   0    
3TBN NATRESASSCMP    7  of  7  28.00   160     2.49e-02  NILESFQSENGTIRILIATI                                    20   0    219   0    
3TBB
3TBN ADRENERGICR     3  of  4  22.88   153     5.52e-02  YAKLYELR                                                8    0    84    0    
3TBN ADRENERGICR     4  of  4  38.47   204     5.13e-03  DRRNAYEEIL                                              10   0    199   0    
3TBB
3TBN DNAPOLG         5  of  9  33.33   188     5.30e-02  KYSVVYGSP                                               9    0    25    0    
3TBN DNAPOLG         9  of  9  28.57   201     8.02e-03  FGMGVDCKGVPQSDSFW                                       17   0    240   0    
3TBB
3TBN GPROTEINAI      2  of  5  34.45   173     5.72e-02  VSSKFGILDLN                                             11   0    11    0    
3TBN GPROTEINAI      5  of  5  27.78   221     7.46e-03  IYCQTIRQCGII                                            12   0    171   0    
3TBB
3TBN STAPHEXOTOXN    1  of  4  20.78   111     7.17e-02  CGIIYATMRALLGKE                                         15   0    179   0    
3TBN STAPHEXOTOXN    2  of  4  27.94   163     2.20e-02  KKCGGICARNR#                                            12   0    259   0    
3TBB
3TBN INTERLEUKIN4    1  of  5  32.29   134     7.67e-02  VHEIKESPNKLN                                            12   0    123   0    
3TBN INTERLEUKIN4    4  of  5  27.92   163     2.93e-02  SCTPAANKQNILESF                                         15   0    210   0    
3TBB
3TBN CLATHRINADPT    1  of  6  18.61   134     6.36e-02  RSMLTNKVYSSKLCATAVDEA                                   21   0    43    0    
3TBN CLATHRINADPT    2  of  6  21.10   178     7.27e-02  PNKLNLTYVVEYMDKDTELEFYFDWLTD                            28   0    130   0    
3TBB
3TBN BACE1           2  of  7  34.85   163     8.01e-02  RQCGIIYATMR                                             11   0    177   0    
3TBN BACE1           3  of  7  18.65   158     7.03e-02  TLKKCGGICARNR########                                   21   0    257   0    
3TBB
3TBN MAMMALPTPASE    2  of  5  19.79   163     9.84e-02  LTATATQLTRDTILSL                                        16   0    102   0    
3TBN MAMMALPTPASE    5  of  5  22.73   213     5.74e-02  EKTDRTIIYCQTIRQCGIIYAT                                  22   0    164   0    
3TBB
3TBF
Sn; 15018
Si; Fasta sequence
1TBS
1TBN NO SIGNIFICANT RESULTS ABOVE 0.0001    
1TBF
2TBS
2TBT FingerPrint     No.Motifs SumId    AveId    ProfScore  Ppvalue     Evalue      GraphScan               
2TBN HISTONEH5       2  of  7  65.19    32.59    385        1.94e-05    43          .....Ii         
2TBN MARCKS          2  of  4  51.11    25.55    362        0.00108     2.1e+03     .ii.            
2TBF
3TBS
3TBT MotifName       No.Mots   IdScore PfScore Pvalue    Sequence                                                Len  low  pos   high 
3TBN HISTONEH5       6  of  7  35.19   245     4.69e-04  VSSATPKKEGKKLFVRCQ                                      18   0    7     0    
3TBN HISTONEH5       7  of  7  30.00   140     4.14e-02  PKPKDAHHQHPLPKSCLDYL                                    20   0    29    0    
3TBB
3TBN MARCKS          2  of  4  24.34   169     6.27e-02  SATPKKEGKKLFVRCQGDSCP                                   21   0    9     0    
3TBN MARCKS          3  of  4  26.77   193     1.72e-02  NKNRAFSQFKSAVFSKKRSRQR                                  22   0    90    0    
3TBB
3TBF
Sn; 15019
Si; Fasta sequence
1TBS
1TBN NO SIGNIFICANT RESULTS ABOVE 0.0001    
1TBF
2TBS
2TBT FingerPrint     No.Motifs SumId    AveId    ProfScore  Ppvalue     Evalue      GraphScan               
2TBN RAD1REC1        3  of  8  74.60    24.87    424        0.000148    2.3e+02     .i.i.i..        
2TBN HYLETHALUSS1    2  of  8  42.71    21.35    423        0.000535    1e+03       .....ii.        
2TBN TNFC            2  of  8  59.52    29.76    355        0.00134     3.4e+03     ...I..i.        
2TBN ANATRNSFRASE    2  of  10 42.38    21.19    392        0.0017      3.3e+03     .i...i....      
2TBN AQUAPORIN11     2  of  13 69.09    34.55    403        0.00184     6.5e+03     .......i....I   
2TBN DOPAMINED1AR    2  of  7  50.00    25.00    327        0.00499     1.5e+04     iI.....         
2TBF
3TBS
3TBT MotifName       No.Mots   IdScore PfScore Pvalue    Sequence                                                Len  low  pos   high 
3TBN RAD1REC1        2  of  8  24.60   129     7.26e-02  KKRNGWKSTPEEFKDIAK                                      18   0    52    0    
3TBN RAD1REC1        4  of  8  27.78   173     2.74e-02  CKEYYDRYGHPDSQFFRV                                      18   0    108   0    
3TBN RAD1REC1        6  of  8  22.22   122     7.43e-02  TARVVIGPSTAVLPSACQ                                      18   0    206   0    
3TBB
3TBN HYLETHALUSS1    6  of  8  16.67   190     2.95e-02  DEYVSLDMKHCYPASFKGLGD                                   21   0    87    0    
3TBN HYLETHALUSS1    7  of  8  26.04   233     1.82e-02  LLKFFEERKLLKYTAHEAILCHSA                                24   0    172   0    
3TBB
3TBN TNFC            4  of  8  33.33   185     1.35e-02  GSQFMTQDGTLY                                            12   0    5     0    
3TBN TNFC            7  of  8  26.19   170     9.99e-02  GHGGLWNMEYDEDEYVSLDMK                                   21   0    75    0    
3TBB
3TBN ANATRNSFRASE    2  of  10 25.60   199     3.16e-02  EDFSDEVLSSRSLDFLAAKKRNGW                                24   0    34    0    
3TBN ANATRNSFRASE    6  of  10 16.79   193     5.37e-02  MHPIIYAWYGKHLQEKEWIP                                    20   0    150   0    
3TBB
3TBN AQUAPORIN11     8  of  13 29.09   207     8.18e-02  CVEHGHGGLWN                                             11   0    71    0    
3TBN AQUAPORIN11     13 of  13 40.00   196     2.25e-02  AILCHSAFTQWLP                                           13   0    189   0    
3TBB
3TBN DOPAMINED1AR    1  of  7  16.67   147     5.78e-02  ############MDAEG                                       17   0    -11   0    
3TBN DOPAMINED1AR    2  of  7  33.33   180     8.64e-02  SACQHARICAY#                                            12   0    220   0    
3TBB
3TBF
Sn; 15020
Si; Fasta sequence
1TBS
1TBH EGFBLOOD        7.5e-06        Type II EGF-like signature                                               PR00010         
1TBF
2TBS
2TBT FingerPrint     No.Motifs SumId    AveId    ProfScore  Ppvalue     Evalue      GraphScan               
2TBH EGFBLOOD        4  of  4  202.06   50.52    1184       3.36e-12    7.5e-06     IIII            
2TBN EGFLAMININ      3  of  4  99.28    33.09    1001       1.37e-10    0.0002      II.I            
2TBN TNFACTORR25     2  of  6  61.44    30.72    614        1.2e-05     29          iI....          
2TBN LTB1RECEPTOR    2  of  6  62.50    31.25    347        0.000881    2.5e+03     i....I          
2TBN DOPAMINED1AR    2  of  7  62.72    31.36    472        0.00128     3.5e+03     .I.i...         
2TBN LCACHANNELB     2  of  9  53.00    26.50    408        0.00143     4.2e+03     ......I.i       
2TBN MUOPIOIDR       2  of  7  57.62    28.81    419        0.00337     9.8e+03     i.....I         
2TBN TYPE3OMBPROT    2  of  10 62.33    31.17    390        0.00392     1e+04       ...i....I.      
2TBN ANNEXINVII      2  of  7  69.96    34.98    359        0.00699     2.3e+04     II.....         
2TBF
3TBS
3TBT MotifName       No.Mots   IdScore PfScore Pvalue    Sequence                                                Len  low  pos   high 
3TBH EGFBLOOD        1  of  4  45.29   353     1.88e-04  DINQCLPNPCKN                                            12   0    7     0    
3TBH EGFBLOOD        2  of  4  48.09   223     1.05e-02  GGTCIELD                                                8    0    173   0    
3TBH EGFBLOOD        3  of  4  50.70   376     9.89e-05  DSYVCVCEPGF                                             11   0    222   0    
3TBH EGFBLOOD        4  of  4  57.98   232     1.72e-02  SGDNCEL                                                 7    0    471   0    
3TBB
3TBN EGFLAMININ      1  of  4  31.10   346     4.00e-04  CEEKSSRCAALPCQNGGTC                                     19   0    158   0    
3TBN EGFLAMININ      2  of  4  34.69   355     2.79e-04  ASGDSYVCVCEPGFSGTTC                                     19   0    219   0    
3TBN EGFLAMININ      4  of  4  33.49   300     1.23e-03  ANCIAGKCVCLPGFNGNGN                                     19   0    252   0    
3TBB
3TBN TNFACTORR25     1  of  6  25.88   256     2.58e-02  ANCASNCLSSCPQHCCK                                       17   0    673   0    
3TBN TNFACTORR25     2  of  6  35.56   358     4.68e-04  CPAQCKSGCQASCPAQCC                                      18   0    807   0    
3TBB
3TBN LTB1RECEPTOR    1  of  6  25.00   146     3.75e-02  SSRCAALPCQNGGTCIEL                                      18   0    162   0    
3TBN LTB1RECEPTOR    6  of  6  37.50   201     2.35e-02  PPKPKPNPCASN                                            12   0    483   0    
3TBB
3TBN DOPAMINED1AR    2  of  7  41.67   236     4.51e-02  TAAYQGKTCQEE                                            12   0    514   0    
3TBN DOPAMINED1AR    4  of  7  21.05   236     2.83e-02  CPSNSHCMRGVCVCGKGYY                                     19   0    635   0    
3TBB
3TBN LCACHANNELB     7  of  9  30.45   216     1.76e-02  KVTVHPITVQTTDTCPQ                                       17   0    689   0    
3TBN LCACHANNELB     9  of  9  22.55   192     8.12e-02  LPSAAQTVECPT                                            12   0    725   0    
3TBB
3TBN MUOPIOIDR       1  of  7  24.29   179     5.45e-02  RRNIVKPTACEPNP                                          14   0    359   0    
3TBN MUOPIOIDR       7  of  7  33.33   240     6.18e-02  HPITVQTTDTCPQHC                                         15   0    693   0    
3TBB
3TBN TYPE3OMBPROT    4  of  10 26.30   221     6.12e-02  YKGDGFQCEKIKRCHQ                                        16   0    586   0    
3TBN TYPE3OMBPROT    9  of  10 36.03   169     6.39e-02  SGSSSKHTTVEKRLRL#                                       17   0    845   0    
3TBB
3TBN ANNEXINVII      1  of  7  36.19   185     7.03e-02  NCELGLGAAPPKPKP                                         15   0    474   0    
3TBN ANNEXINVII      2  of  7  33.77   174     9.95e-02  GSGYTCKCSGA                                             11   0    545   0    
3TBB
3TBF
Sn; 15021
Si; Fasta sequence
1TBS
1TBH GPCRRHODOPSN    3.7e-29        Rhodopsin-like GPCR superfamily signature                                PR00237         
1TBF
2TBS
2TBT FingerPrint     No.Motifs SumId    AveId    ProfScore  Ppvalue     Evalue      GraphScan               
2TBH GPCRRHODOPSN    6  of  7  167.90   27.98    1638       6.42e-35    3.7e-29     iIi.iiI         
2TBN MCRFAMILY       3  of  7  114.80   38.27    734        5.5e-08     0.12        I..I.I.         
2TBN GPCRSECRETIN    2  of  7  46.49    23.25    351        4.64e-06    8.5         i....i.         
2TBN EDTRNSPORT      2  of  9  37.48    18.74    353        6.07e-05    1.2e+02     .i...i...       
2TBN EXPORTERBACE    2  of  10 57.99    28.99    383        0.000223    4.5e+02     .....i...I      
2TBN GPCRCAMP        2  of  7  50.72    25.36    462        0.000224    4.1e+02     i....i.         
2TBN BROMODOMAIN     2  of  4  47.52    23.76    328        0.000247    6.7e+02     ii..            
2TBN PRION           2  of  8  63.86    31.93    374        0.000286    6.2e+02     ....I..i        
2TBN INTEIN          2  of  6  51.63    25.81    297        0.000508    1.4e+03     ..I.i.          
2TBN FIMBRIALPAPF    2  of  8  60.29    30.15    385        0.000581    1.1e+03     I....i..        
2TBF
3TBS
3TBT MotifName       No.Mots   IdScore PfScore Pvalue    Sequence                                                Len  low  pos   high 
3TBH GPCRRHODOPSN    1  of  7  25.46   171     6.72e-05  GWMSSCSIVAFVAVVGNSLVIAAFI                               25   0    25    0    
3TBH GPCRRHODOPSN    2  of  7  33.63   327     2.85e-09  LNYFVVGLAAADILVGVTSIPM                                  22   0    58    0    
3TBH GPCRRHODOPSN    3  of  7  24.31   182     3.09e-04  DVFAAVNSILHLMAVSSERLYAT                                 23   0    105   0    
3TBH GPCRRHODOPSN    5  of  7  24.89   208     5.71e-05  RFHLMNTLFFLPLVIICAAYIGIW                                24   0    173   0    
3TBH GPCRRHODOPSN    6  of  7  29.52   421     9.18e-08  LTLTVLIVIGLFLVAWLPFFIVRFI                               25   0    217   0    
3TBH GPCRRHODOPSN    7  of  7  30.09   329     2.07e-07  FFFTKFLHFSNSGINPVIYGLRIPEYR                             27   0    255   0    
3TBB
3TBN MCRFAMILY       1  of  7  42.07   289     2.28e-03  RAVNLHSRLNYFV                                           13   0    50    0    
3TBN MCRFAMILY       4  of  7  30.29   235     1.25e-03  RLTLTVLIVIGLF                                           13   0    216   0    
3TBN MCRFAMILY       6  of  7  42.45   210     1.92e-02  LHFSNSGINPVI                                            12   0    261   0    
3TBB
3TBN GPCRSECRETIN    1  of  7  22.44   173     8.90e-04  FVAVVGNSLVIAAFIRAVNLHSRLN                               25   0    35    0    
3TBN GPCRSECRETIN    6  of  7  24.05   178     5.22e-03  LTLTVLIVIGLFLVAWLPFFI                                   21   0    217   0    
3TBB
3TBN EDTRNSPORT      2  of  9  17.89   202     2.08e-03  RLNYFVVGLAAADILVGVTSI                                   21   0    57    0    
3TBN EDTRNSPORT      6  of  9  19.59   151     2.91e-02  VIGLFLVAWLPFFIVRFILE                                    20   0    224   0    
3TBB
3TBN EXPORTERBACE    6  of  10 27.78   170     7.44e-02  AFVAVVGNSLVIAAFIRA                                      18   0    34    0    
3TBN EXPORTERBACE    10 of  10 30.21   213     2.99e-03  RPGHGSEKSIRLTLTVLIVIGLFL                                24   0    206   0    
3TBB
3TBN GPCRCAMP        1  of  7  24.64   205     2.62e-02  MSSCSIVAFVAVVGNSLVIAAFI                                 23   0    27    0    
3TBN GPCRCAMP        6  of  7  26.09   257     8.54e-03  LTVLIVIGLFLVAWLPFFIVRFI                                 23   0    219   0    
3TBB
3TBN BROMODOMAIN     1  of  4  25.78   111     6.75e-02  LFAVPFNNAVNELR                                          14   0    160   0    
3TBN BROMODOMAIN     2  of  4  21.74   217     3.67e-03  IPEYRKFLSQVVHLKYL                                       17   0    277   0    
3TBB
3TBN PRION           5  of  8  37.97   207     7.52e-03  VVGLAAADILVGVTSIPMWN                                    20   0    62    0    
3TBN PRION           8  of  8  25.89   167     3.80e-02  TLFFLPLVIICAAYIGIWF                                     19   0    179   0    
3TBB
3TBN INTEIN          3  of  6  34.62   121     7.74e-02  YFVVGLAAADILV                                           13   0    60    0    
3TBN INTEIN          5  of  6  17.01   176     6.56e-03  NPVIYGLRIPEYRKFLSQ                                      18   0    269   0    
3TBB
3TBN FIMBRIALPAPF    1  of  8  31.82   210     1.01e-02  GLEISVLVTRLYEALDVFAAVN                                  22   0    90    0    
3TBN FIMBRIALPAPF    6  of  8  28.47   175     5.77e-02  RRTHLRPGHGSEKSIRLTLTVLIV                                24   0    201   0    
3TBB
3TBF
Sn; 15022
Si; Fasta sequence
1TBS
1TBN NO SIGNIFICANT RESULTS ABOVE 0.0001    
1TBF
2TBS
2TBT FingerPrint     No.Motifs SumId    AveId    ProfScore  Ppvalue     Evalue      GraphScan               
2TBN GPR153GPR162    2  of  7  40.43    20.21    398        0.000466    8.2e+02     ....i.i         
2TBN SPERACTRCPTR    2  of  5  63.53    31.77    313        0.00347     1.1e+04     ..Ii.           
2TBN EDTRNSPORT      2  of  9  23.20    11.60    256        0.00544     1.1e+04     .i..i....       
2TBF
3TBS
3TBT MotifName       No.Mots   IdScore PfScore Pvalue    Sequence                                                Len  low  pos   high 
3TBN GPR153GPR162    5  of  7  24.52   204     7.25e-03  VWCGVGGVVWCGVCSVVWYGLVCCGV                              26   0    18    0    
3TBN GPR153GPR162    7  of  7  15.91   194     6.44e-02  VVWCGVVWCGVVRCDVM#####                                  22   0    139   0    
3TBB
3TBN SPERACTRCPTR    3  of  5  34.48   140     8.56e-02  GLVCCGVLWCS                                             11   0    37    0    
3TBN SPERACTRCPTR    4  of  5  29.06   173     4.06e-02  DEVWCDEVWCGVMRC                                         15   0    98    0    
3TBB
3TBN EDTRNSPORT      2  of  9  14.41   117     8.66e-02  ######MVWCSVVCVVWCSVV                                   21   0    -5    0    
3TBN EDTRNSPORT      5  of  9  8.78    139     6.28e-02  VVWCGVYSVVCMVWCGVMRC                                    20   0    78    0    
3TBB
3TBF
Sn; 15023
Si; Fasta sequence
1TBS
1TBN NO SIGNIFICANT RESULTS ABOVE 0.0001    
1TBF
2TBS
2TBT FingerPrint     No.Motifs SumId    AveId    ProfScore  Ppvalue     Evalue      GraphScan               
2TBN FLGFLGJ         2  of  13 42.21    21.10    425        0.000227    4.5e+02     ..i......i...   
2TBN CASNKINASEII    2  of  6  38.12    19.06    349        0.000595    1.5e+03     .i...i          
2TBN AQUAPORIN1      2  of  6  84.17    42.08    380        0.000795    2.8e+03     I..I..          
2TBN EDG1RECEPTOR    2  of  9  60.99    30.50    380        0.00104     2.4e+03     .....I.i.       
2TBN KCNAB3CHANEL    2  of  4  57.39    28.69    373        0.00135     4.2e+03     .iI.            
2TBN PROHIBITIN      2  of  7  45.49    22.74    287        0.00358     8.4e+03     ..ii...         
2TBN TROPOMYOSIN     2  of  5  42.80    21.40    323        0.00373     6.3e+03     .ii..           
2TBF
3TBS
3TBT MotifName       No.Mots   IdScore PfScore Pvalue    Sequence                                                Len  low  pos   high 
3TBN FLGFLGJ         3  of  13 28.57   255     2.77e-03  ##########MAAVQKKGLFS                                   21   0    -9    0    
3TBN FLGFLGJ         10 of  13 13.64   170     8.19e-02  VFGIYFE###############                                  22   0    171   0    
3TBB
3TBN CASNKINASEII    2  of  6  16.25   163     5.81e-02  KESDLLTEAYNITET                                         15   0    39    0    
3TBN CASNKINASEII    6  of  6  21.88   186     1.02e-02  QGTVFGIYFE########                                      18   0    168   0    
3TBB
3TBN AQUAPORIN1      1  of  6  46.25   212     3.67e-02  ##MAAVQKKGLF                                            12   0    -1    0    
3TBN AQUAPORIN1      4  of  6  37.92   168     2.17e-02  HVGENQGQDVKI                                            12   0    131   0    
3TBB
3TBN EDG1RECEPTOR    6  of  9  31.58   176     3.63e-02  ESDLLTEAYNITETSQVGR                                     19   0    40    0    
3TBN EDG1RECEPTOR    8  of  9  29.41   204     2.86e-02  LWNCEFDRSATASWMNP                                       17   0    147   0    
3TBB
3TBN KCNAB3CHANEL    2  of  4  27.08   173     4.09e-02  SEFESKESDLLTEAYN                                        16   0    34    0    
3TBN KCNAB3CHANEL    3  of  4  30.30   200     3.31e-02  PVKDVEKIIRH                                             11   0    75    0    
3TBB
3TBN PROHIBITIN      3  of  7  21.05   155     6.61e-02  GFSTRDNQLPNLKSEFESK                                     19   0    21    0    
3TBN PROHIBITIN      4  of  7  24.43   132     5.42e-02  LTEAYNITETSQVGRKV                                       17   0    44    0    
3TBB
3TBN TROPOMYOSIN     2  of  5  22.52   169     4.67e-02  TETSQVGRKVIYQNTYQNSPD                                   21   0    51    0    
3TBN TROPOMYOSIN     3  of  5  20.29   154     7.98e-02  REKSKNVSHIIKERVKQLKIPRYKLVTVV                           29   0    102   0    
3TBB
3TBF
Sn; 15024
Si; Fasta sequence
1TBS
1TBN NO SIGNIFICANT RESULTS ABOVE 0.0001    
1TBF
2TBS
2TBT FingerPrint     No.Motifs SumId    AveId    ProfScore  Ppvalue     Evalue      GraphScan               
2TBN PHAGEIV         2  of  6  40.74    20.37    425        1.6e-05     28          ..ii..          
2TBN POLR2GRINL1     2  of  7  62.70    31.35    477        2.05e-05    43          I...i..         
2TBN LCRVANTIGEN     2  of  9  63.28    31.64    480        6.65e-05    1.3e+02     ...i...I.       
2TBN THYROLIBRINR    2  of  11 61.57    30.78    480        0.000129    3.1e+02     ....i..I...     
2TBN THIKCHANNEL     2  of  7  57.33    28.67    363        0.00105     3e+03       i.....I         
2TBN NAHEXCHNGR1     2  of  12 70.00    35.00    390        0.00144     4.9e+03     ....i.I.....    
2TBN ZETATUBULIN     2  of  15 36.03    18.01    332        0.00148     2.9e+03     ..........i...i 
2TBN AMPHIPHYSIN     2  of  9  86.36    43.18    415        0.00208     8.4e+03     .I...I...       
2TBN LEUZIPPRCREB    2  of  6  45.73    22.86    373        0.00258     5.4e+03     i..i..          
2TBN CATATPASE       2  of  6  53.78    26.89    284        0.00295     1e+04       ...I.i          
2TBF
3TBS
3TBT MotifName       No.Mots   IdScore PfScore Pvalue    Sequence                                                Len  low  pos   high 
3TBN PHAGEIV         3  of  6  18.45   170     7.49e-02  #########MQGVIAGGVSTLFIL                                24   0    -8    0    
3TBN PHAGEIV         4  of  6  22.29   255     2.14e-04  SIVAGSIVLQLTSTSDEALNELLTR                               25   0    40    0    
3TBB
3TBN POLR2GRINL1     1  of  7  34.13   198     1.41e-02  QLTSTSDEALNELLTRYQ                                      18   0    49    0    
3TBN POLR2GRINL1     5  of  7  28.57   279     1.45e-03  ETIEDRKSTFQAHLCDITSRKQ                                  22   0    304   0    
3TBB
3TBN LCRVANTIGEN     4  of  9  24.78   232     1.12e-02  KDPDVADATHNIWAYRIFDAERN                                 23   0    180   0    
3TBN LCRVANTIGEN     8  of  9  38.50   248     5.95e-03  TIEDRKSTFQAHLCDITSRK                                    20   0    305   0    
3TBB
3TBN THYROLIBRINR    5  of  11 28.24   248     1.14e-02  NAMNVMVVVSCWYETTA                                       17   0    228   0    
3TBN THYROLIBRINR    8  of  11 33.33   232     1.13e-02  FQAHLCDITSRKQVDQVL                                      18   0    313   0    
3TBB
3TBN THIKCHANNEL     1  of  7  26.56   173     3.65e-02  EEIENARRVLISAAVA                                        16   0    101   0    
3TBN THIKCHANNEL     7  of  7  30.77   190     2.87e-02  SDLLQQRKIAETS                                           13   0    413   0    
3TBB
3TBN NAHEXCHNGR1     5  of  12 30.00   160     9.62e-02  LLTSGLEIQT                                              10   0    263   0    
3TBN NAHEXCHNGR1     7  of  12 40.00   230     1.50e-02  DLLQQRKIAETSTTT                                         15   0    414   0    
3TBB
3TBN ZETATUBULIN     11 of  15 20.24   182     2.48e-02  STLFILYYKDEPESLINMISDALP                                24   0    10    0    
3TBN ZETATUBULIN     15 of  15 15.79   150     5.97e-02  VLDLLLTSGLEIQTSKIKK                                     19   0    259   0    
3TBB
3TBN AMPHIPHYSIN     2  of  9  36.36   185     5.84e-02  TSGARVLRFLQ                                             11   0    215   0    
3TBN AMPHIPHYSIN     6  of  9  50.00   230     3.56e-02  KKKSYFEEGN                                              10   0    355   0    
3TBB
3TBN LEUZIPPRCREB    1  of  6  23.77   183     4.98e-02  AAVAEKEREELAKEEGLAQGLKE                                 23   0    113   0    
3TBN LEUZIPPRCREB    4  of  6  21.96   190     5.19e-02  DDTSGARVLRFLQRTNA                                       17   0    213   0    
3TBB
3TBN CATATPASE       4  of  6  31.34   147     6.83e-02  QGLKETKLTTD                                             11   0    131   0    
3TBN CATATPASE       6  of  6  22.44   137     4.31e-02  KYIQKSVLDLLLT                                           13   0    253   0    
3TBB
3TBF
Sn; 15025
Si; Fasta sequence
1TBS
1TBN NO SIGNIFICANT RESULTS ABOVE 0.0001    
1TBF
2TBS
2TBT FingerPrint     No.Motifs SumId    AveId    ProfScore  Ppvalue     Evalue      GraphScan               
2TBF
3TBS
3TBT MotifName       No.Mots   IdScore PfScore Pvalue    Sequence                                                Len  low  pos   high 
3TBF
Sn; 15026
Si; Fasta sequence
1TBS
1TBN NO SIGNIFICANT RESULTS ABOVE 0.0001    
1TBF
2TBS
2TBT FingerPrint     No.Motifs SumId    AveId    ProfScore  Ppvalue     Evalue      GraphScan               
2TBN INTERLEUKIN4    2  of  5  48.75    24.38    307        0.000545    1.7e+03     i..i.           
2TBN INTRLEUKN1BP    2  of  11 30.95    15.48    327        0.00192     4.2e+03     ...i..i....     
2TBN PDIESTERASE2    2  of  5  46.67    23.33    255        0.00324     1.1e+04     ..i.i           
2TBN MYELINPLP       2  of  7  34.89    17.44    317        0.00472     6.7e+03     .....ii         
2TBF
3TBS
3TBT MotifName       No.Mots   IdScore PfScore Pvalue    Sequence                                                Len  low  pos   high 
3TBN INTERLEUKIN4    1  of  5  20.83   154     1.90e-02  YKEVMRILETVV                                            12   0    6     0    
3TBN INTERLEUKIN4    4  of  5  27.92   153     2.87e-02  KCLVQEDEITKLKSV                                         15   0    71    0    
3TBB
3TBN INTRLEUKN1BP    4  of  11 16.67   150     9.79e-02  EVMRILETVVDEADKDTK                                      18   0    8     0    
3TBN INTRLEUKN1BP    7  of  11 14.29   177     1.96e-02  KQKAKDAFVAALQKMPGSKLL                                   21   0    115   0    
3TBB
3TBN PDIESTERASE2    3  of  5  28.33   116     7.08e-02  KLKSVFEEYQKV                                            12   0    81    0    
3TBN PDIESTERASE2    5  of  5  18.33   139     4.57e-02  MPGSKLLIANIE                                            12   0    129   0    
3TBB
3TBN MYELINPLP       6  of  7  21.55   187     4.80e-02  EEYQKVCELCEDVNGYKLLGYSHFQAGEK                           29   0    87    0    
3TBN MYELINPLP       7  of  7  13.33   130     9.83e-02  LLIANIEKCSST##################                          30   0    134   0    
3TBB
3TBF
Sn; 15027
Si; Fasta sequence
1TBS
1TBN NO SIGNIFICANT RESULTS ABOVE 0.0001    
1TBF
2TBS
2TBT FingerPrint     No.Motifs SumId    AveId    ProfScore  Ppvalue     Evalue      GraphScan               
2TBN EGGSHELL        3  of  5  93.39    31.13    613        1.71e-07    0.31        ..III           
2TBN SOMATOSTTN1R    2  of  6  56.67    28.33    521        2.09e-06    4.4         Ii....          
2TBN ADRENRGCA1DR    2  of  7  58.44    29.22    427        1.37e-05    32          iI.....         
2TBN PRION           3  of  8  92.97    30.99    602        2.11e-05    34          ..IIi...        
2TBN DENSEGRNULE6    2  of  8  57.75    28.87    466        3.07e-05    70          .i.i....        
2TBN EDG8RECEPTOR    3  of  10 97.47    32.49    454        3.38e-05    62          ......II.i      
2TBN CONNEXIN36      2  of  3  64.10    32.05    390        0.000144    4.9e+02     II.             
2TBN CD34ANTIGEN     2  of  8  61.67    30.83    416        0.000253    5.8e+02     .....I.i        
2TBN KININOGEN       2  of  3  52.57    26.29    410        0.000299    5.4e+02     .Ii             
2TBN BCTRLSENSOR     2  of  4  49.99    25.00    240        0.000552    1.4e+03     i.i.            
2TBF
3TBS
3TBT MotifName       No.Mots   IdScore PfScore Pvalue    Sequence                                                Len  low  pos   high 
3TBN EGGSHELL        3  of  5  30.47   184     2.06e-02  SISGSGSGSGSGSGSG                                        16   0    9     0    
3TBN EGGSHELL        4  of  5  30.68   130     4.81e-02  GGNSSGGGSSS                                             11   0    34    0    
3TBN EGGSHELL        5  of  5  32.24   299     1.73e-04  SGGNGCNRGGGSDY#####                                     19   0    69    0    
3TBB
3TBN SOMATOSTTN1R    1  of  6  31.67   264     8.52e-04  SGGNSSGGGSSSDDGDGSSS                                    20   0    33    0    
3TBN SOMATOSTTN1R    2  of  6  25.00   257     2.45e-03  NSNSPGNSIGDDGSSSSGGN                                    20   0    53    0    
3TBB
3TBN ADRENRGCA1DR    1  of  7  23.44   144     6.65e-02  FMKIAVISISGSGSGS                                        16   0    2     0    
3TBN ADRENRGCA1DR    2  of  7  35.00   283     2.06e-04  SNSPGNSIGDDGSSSSGGNG                                    20   0    54    0    
3TBB
3TBN PRION           3  of  8  36.82   233     1.82e-02  SGSGSGSGSGSGSGSG                                        16   0    15    0    
3TBN PRION           4  of  8  36.15   245     1.16e-02  GGNSSGGGSSSDDGDG                                        16   0    34    0    
3TBN PRION           5  of  8  20.00   124     9.97e-02  SSSSGGNGCNRGGGSDY###                                    20   0    66    0    
3TBB
3TBN DENSEGRNULE6    2  of  8  28.33   176     3.31e-02  GSGSGSGSGSGSGSGGNSSG                                    20   0    20    0    
3TBN DENSEGRNULE6    4  of  8  29.41   290     9.27e-04  GNSIGDDGSSSSGGNGC                                       17   0    58    0    
3TBB
3TBN EDG8RECEPTOR    7  of  10 36.11   139     9.51e-02  GSGSGSGSGSGS                                            12   0    16    0    
3TBN EDG8RECEPTOR    8  of  10 41.67   184     4.00e-03  SGSGSGGNSSGG                                            12   0    29    0    
3TBN EDG8RECEPTOR    10 of  10 19.70   131     8.87e-02  DGSSSSGGNGCNRGGGSDY###                                  22   0    64    0    
3TBB
3TBN CONNEXIN36      1  of  3  33.33   170     3.99e-02  SSNSNSPGNSIG                                            12   0    51    0    
3TBN CONNEXIN36      2  of  3  30.77   220     3.62e-03  DDGSSSSGGNGCN                                           13   0    63    0    
3TBB
3TBN CD34ANTIGEN     6  of  8  41.67   240     5.53e-03  GSGSGSGSGSGS                                            12   0    14    0    
3TBN CD34ANTIGEN     8  of  8  20.00   176     4.57e-02  SSSDDGDGSSSNSNSPGNSIGDDGS                               25   0    42    0    
3TBB
3TBN KININOGEN       2  of  3  30.83   228     6.75e-03  GSGSGSGSGSGSGSGSGSGSGSGG                                24   0    12    0    
3TBN KININOGEN       3  of  3  21.74   182     4.43e-02  GSSSDDGDGSSSNSNSPGNSIGD                                 23   0    41    0    
3TBB
3TBN BCTRLSENSOR     1  of  4  23.07   137     1.02e-02  AVISISGSGSGSGSG                                         15   0    6     0    
3TBN BCTRLSENSOR     3  of  4  26.92   103     5.44e-02  SGSGSGSGSGSGGNSSGGG                                     19   0    23    0    
3TBB
3TBF
Sn; 15028
Si; Fasta sequence
1TBS
1TBN NO SIGNIFICANT RESULTS ABOVE 0.0001    
1TBF
2TBS
2TBT FingerPrint     No.Motifs SumId    AveId    ProfScore  Ppvalue     Evalue      GraphScan               
2TBN SOMATOSTATNR    2  of  7  70.00    35.00    323        7.1e-05     2.5e+02     ...II..         
2TBN CLPPROTEASEP    2  of  5  41.75    20.88    298        0.002       4.2e+03     ...ii           
2TBN VASOPRESSINR    2  of  8  58.80    29.40    332        0.00232     9.3e+03     .i.....I        
2TBN INTRLEUKN1BP    2  of  11 36.02    18.01    320        0.00302     5.5e+03     .....i....i     
2TBN HISTONEH3       2  of  7  52.66    26.33    343        0.00305     8e+03       .i...i.         
2TBN FILAGGRIN       2  of  9  46.74    23.37    390        0.00376     8.1e+03     .....ii..       
2TBN AMPHIPHYSIN     2  of  9  78.79    39.39    430        0.00385     1.4e+04     ....I.I..       
2TBN MASPIN          2  of  9  71.25    35.62    370        0.00398     1.3e+04     ..II.....       
2TBN MELATONIN1CR    2  of  5  54.69    27.34    328        0.00467     1.4e+04     ..ii.           
2TBN MG045FAMILY     2  of  9  42.21    21.11    339        0.00489     9.8e+03     ....i.i..       
2TBF
3TBS
3TBT MotifName       No.Mots   IdScore PfScore Pvalue    Sequence                                                Len  low  pos   high 
3TBN SOMATOSTATNR    4  of  7  34.71   142     7.36e-03  IKVSKDALRT                                              10   0    174   0    
3TBN SOMATOSTATNR    5  of  7  35.29   181     9.65e-03  KEEQRKVEERKQQR                                          14   0    187   0    
3TBB
3TBN CLPPROTEASEP    4  of  5  21.25   131     7.98e-02  YTHPKTHKRYLIHSPDTPKE                                    20   0    94    0    
3TBN CLPPROTEASEP    5  of  5  20.50   167     2.50e-02  ILRRMSYLPAWNTYTFGMVN                                    20   0    132   0    
3TBB
3TBN VASOPRESSINR    2  of  8  23.61   146     5.67e-02  KSNRLLDYQSHM                                            12   0    5     0    
3TBN VASOPRESSINR    8  of  8  35.19   186     4.09e-02  CVCSCNTCT                                               9    0    219   0    
3TBB
3TBN INTRLEUKN1BP    6  of  11 21.12   165     7.47e-02  NGKRVKKTTSLSQKAKPTLQEEE                                 23   0    67    0    
3TBN INTRLEUKN1BP    11 of  11 14.91   155     4.05e-02  CNTCTCKCHEYPTY#########                                 23   0    223   0    
3TBB
3TBN HISTONEH3       2  of  7  24.78   163     3.84e-02  KRVKKTTSLSQKAKP                                         15   0    69    0    
3TBN HISTONEH3       6  of  7  27.88   180     7.94e-02  NTYTFGMVNPNNGPHIH                                       17   0    143   0    
3TBB
3TBN FILAGGRIN       6  of  9  21.74   230     3.86e-02  AKPTLQEEEDAKWYTHPKTHKRY                                 23   0    81    0    
3TBN FILAGGRIN       7  of  9  25.00   160     9.74e-02  KQQRKKYMEESRDRWM                                        16   0    197   0    
3TBB
3TBN AMPHIPHYSIN     5  of  9  33.33   210     6.15e-02  NRLLDYQSHMRR                                            12   0    7     0    
3TBN AMPHIPHYSIN     7  of  9  45.45   220     6.26e-02  TLQEEEDAKWY                                             11   0    84    0    
3TBB
3TBN MASPIN          3  of  9  40.00   180     7.17e-02  DINRGIGKVM                                              10   0    117   0    
3TBN MASPIN          4  of  9  31.25   190     5.56e-02  QRKVEERKQQRKKYME                                        16   0    190   0    
3TBB
3TBN MELATONIN1CR    3  of  5  25.00   163     7.35e-02  QSHMRRYLTSLDL                                           13   0    13    0    
3TBN MELATONIN1CR    4  of  5  29.69   165     6.35e-02  TPKEIADDINRGIGKV                                        16   0    110   0    
3TBB
3TBN MG045FAMILY     5  of  9  26.13   178     5.60e-02  LTRYVLCYKRCDACLAYLPGWFPQC                               25   0    31    0    
3TBN MG045FAMILY     7  of  9  16.08   161     8.74e-02  NGPHIHSGDSSLIEAYA                                       17   0    154   0    
3TBB
3TBF
Sn; 15029
Si; Fasta sequence
1TBS
1TBN NO SIGNIFICANT RESULTS ABOVE 0.0001    
1TBF
2TBS
2TBT FingerPrint     No.Motifs SumId    AveId    ProfScore  Ppvalue     Evalue      GraphScan               
2TBN MAJORURINARY    2  of  7  56.91    28.46    461        6.72e-05    1.5e+02     I....i.         
2TBN RETNOICACIDR    2  of  10 63.12    31.56    429        0.000302    8.5e+02     .I......i.      
2TBN CONNEXINA8      2  of  6  83.81    41.91    393        0.000647    2.2e+03     I....I          
2TBN P2X2RECEPTOR    2  of  10 70.23    35.12    470        0.000752    1.8e+03     ..I....i..      
2TBN ASNGLNASE       2  of  3  44.47    22.23    243        0.00114     3.1e+03     i.i             
2TBN GABAARALPHA6    2  of  5  59.89    29.95    320        0.00234     7.3e+03     .iI..           
2TBF
3TBS
3TBT MotifName       No.Mots   IdScore PfScore Pvalue    Sequence                                                Len  low  pos   high 
3TBN MAJORURINARY    1  of  7  32.12   297     7.22e-04  HSQHSKQSDDNLNVE                                         15   0    64    0    
3TBN MAJORURINARY    6  of  7  24.79   164     9.31e-02  SEKRRPLLKRSRSFSGRIREKL                                  22   0    185   0    
3TBB
3TBN RETNOICACIDR    2  of  10 35.71   247     1.49e-02  PKEKPRDDKQKQSG                                          14   0    35    0    
3TBN RETNOICACIDR    9  of  10 27.40   182     2.03e-02  RGLRQISAKKPLTRKR                                        16   0    284   0    
3TBB
3TBN CONNEXINA8      1  of  6  44.23   203     4.49e-02  KQKQSGVDTNEEE                                           13   0    43    0    
3TBN CONNEXINA8      6  of  6  39.58   190     1.44e-02  RPLLKRSRSFSG                                            12   0    189   0    
3TBB
3TBN P2X2RECEPTOR    3  of  10 42.11   225     5.82e-02  RTVSENGSSYGEKRVKPKE                                     19   0    19    0    
3TBN P2X2RECEPTOR    8  of  10 28.12   245     1.29e-02  YELKNAGKNCDETSEK                                        16   0    172   0    
3TBB
3TBN ASNGLNASE       1  of  3  28.17   154     1.74e-02  VKILVEGKELSG                                            12   0    110   0    
3TBN ASNGLNASE       3  of  3  16.29   89      6.59e-02  TSEKRRPLLKRSRSFSGRI                                     19   0    184   0    
3TBB
3TBN GABAARALPHA6    2  of  5  21.43   152     7.71e-02  RMRTVSENGSSYGE                                          14   0    17    0    
3TBN GABAARALPHA6    3  of  5  38.46   168     3.03e-02  QISDADRSRSCAA                                           13   0    315   0    
3TBB
3TBF
Sn; 15030
Si; Fasta sequence
1TBS
1TBN NO SIGNIFICANT RESULTS ABOVE 0.0001    
1TBF
2TBS
2TBT FingerPrint     No.Motifs SumId    AveId    ProfScore  Ppvalue     Evalue      GraphScan               
2TBN SYNAPTOPHYSN    2  of  5  42.28    21.14    395        0.000219    4.2e+02     ..i.i           
2TBN BRIDEOF7LESS    2  of  7  25.83    12.92    383        0.000266    4.6e+02     .i.i...         
2TBN CELLSNTHASEA    2  of  9  45.37    22.69    392        0.000483    9.9e+02     i.i......       
2TBN TMPROTEINSRB    2  of  8  40.79    20.39    265        0.00113     2.2e+03     ....i.i.        
2TBN CAMPKINASE      2  of  5  44.64    22.32    289        0.00289     1.1e+04     ..i.i           
2TBN ANGIOTENSN2R    2  of  9  49.12    24.56    390        0.00291     7.2e+03     .....I.i.       
2TBF
3TBS
3TBT MotifName       No.Mots   IdScore PfScore Pvalue    Sequence                                                Len  low  pos   high 
3TBN SYNAPTOPHYSN    3  of  5  21.67   179     9.77e-03  FPKLLSLLWFLFLIAVSMVYLVGWQ                               25   0    8     0    
3TBN SYNAPTOPHYSN    5  of  5  20.61   216     2.24e-02  VVVVWCDVVWWWCDVWYGV                                     19   0    101   0    
3TBB
3TBN BRIDEOF7LESS    2  of  7  12.50   230     4.50e-03  LVIILILVLVLYLSYVFANLRRIQ                                24   0    38    0    
3TBN BRIDEOF7LESS    4  of  7  13.33   153     5.90e-02  GVMCCSLVVM###############                               25   0    130   0    
3TBB
3TBN CELLSNTHASEA    1  of  9  21.09   172     4.11e-02  EQFVMAFPKLLSLLWFLFLIA                                   21   0    2     0    
3TBN CELLSNTHASEA    3  of  9  24.29   220     1.17e-02  YKNEVQKLRRVVVVWCDVVW                                    20   0    91    0    
3TBB
3TBN TMPROTEINSRB    5  of  8  19.05   115     9.44e-02  ILILVLVLYLSYVFANLRRIQ                                   21   0    41    0    
3TBN TMPROTEINSRB    7  of  8  21.74   150     1.20e-02  WCGWCGVVCGVMCCSLVVM####                                 23   0    121   0    
3TBB
3TBN CAMPKINASE      3  of  5  19.00   137     8.84e-02  SLYGMLVIIL                                              10   0    33    0    
3TBN CAMPKINASE      5  of  5  25.64   152     3.27e-02  TDKRLGAISEIIS                                           13   0    65    0    
3TBB
3TBN ANGIOTENSN2R    6  of  9  33.33   190     7.34e-02  VMAFPKLLSLLWFLF                                         15   0    5     0    
3TBN ANGIOTENSN2R    8  of  9  15.79   200     3.96e-02  YKNEVQKLRRVVVVWCDVV                                     19   0    91    0    
3TBB
3TBF
Sn; 15031
Si; Fasta sequence
1TBS
1TBN NO SIGNIFICANT RESULTS ABOVE 0.0001    
1TBF
2TBS
2TBT FingerPrint     No.Motifs SumId    AveId    ProfScore  Ppvalue     Evalue      GraphScan               
2TBN ANPHYLATOXNR    2  of  5  50.00    25.00    291        0.00161     5.4e+03     .i..i           
2TBN GPROTEINAFNG    2  of  5  54.32    27.16    302        0.00196     6.6e+03     ..ii.           
2TBF
3TBS
3TBT MotifName       No.Mots   IdScore PfScore Pvalue    Sequence                                                Len  low  pos   high 
3TBN ANPHYLATOXNR    2  of  5  28.00   170     1.86e-02  #MPKQIFRRI                                              10   0    0     0    
3TBN ANPHYLATOXNR    5  of  5  22.00   121     8.66e-02  YKYLNDGIKRRRRWN                                         15   0    117   0    
3TBB
3TBN GPROTEINAFNG    3  of  5  28.21   145     6.09e-02  KDKVPALPFGGLE                                           13   0    86    0    
3TBN GPROTEINAFNG    4  of  5  26.11   157     3.22e-02  YLMDLYKYLNDG                                            12   0    112   0    
3TBB
3TBF
Sn; 15032
Si; Fasta sequence
1TBS
1TBH RASTRNSFRMNG    5.3e-38        Transforming protein P21 ras signature                                   PR00449         
1TBF
2TBS
2TBT FingerPrint     No.Motifs SumId    AveId    ProfScore  Ppvalue     Evalue      GraphScan               
2TBH RASTRNSFRMNG    5  of  5  223.75   44.75    2173       6.23e-44    5.3e-38     IiIII           
2TBN GTPRANTC4       2  of  5  67.34    33.67    744        1.59e-08    0.033       .iI..           
2TBN GPROTEINA       2  of  5  94.96    47.48    493        6.08e-07    2           I...I           
2TBN 2SGLOBULIN      2  of  9  42.74    21.37    497        1.2e-05     22          .....ii..       
2TBN ELONGATNFCT     2  of  5  73.24    36.62    321        0.00105     3.7e+03     I...I           
2TBN HIGHMOBLTY12    2  of  5  48.76    24.38    376        0.00106     2.2e+03     .i.i.           
2TBN CAPSULEPROTC    2  of  5  55.40    27.70    345        0.00236     6.9e+03     ...Ii           
2TBF
3TBS
3TBT MotifName       No.Mots   IdScore PfScore Pvalue    Sequence                                                Len  low  pos   high 
3TBH RASTRNSFRMNG    1  of  5  50.04   574     4.82e-13  FKIVLIGDPGVGKTCLVQRFDR                                  22   0    14    0    
3TBH RASTRNSFRMNG    2  of  5  27.66   214     4.20e-05  TYLERHGSTIGVDFTMK                                       17   0    37    0    
3TBH RASTRNSFRMNG    3  of  5  55.38   688     3.25e-13  ITIDEKKIKLQIWDTAGQERFRT                                 23   0    55    0    
3TBH RASTRNSFRMNG    4  of  5  53.08   349     4.25e-07  KNVMKILVGNKKDL                                          14   0    117   0    
3TBH RASTRNSFRMNG    5  of  5  37.60   348     2.23e-08  AMEASAKDNIKVEEAFIHLATEL                                 23   0    153   0    
3TBB
3TBN GTPRANTC4       2  of  5  27.13   215     1.06e-02  RFRTITQSYYRNANGVIIT                                     19   0    74    0    
3TBN GTPRANTC4       3  of  5  40.21   529     1.50e-06  DITKRETFKNVARWSEDVKKYA                                  22   0    94    0    
3TBB
3TBN GPROTEINA       1  of  5  34.60   274     1.49e-04  KIVLIGDPGVGKTCLV                                        16   0    15    0    
3TBN GPROTEINA       5  of  5  60.36   219     4.08e-03  KILVGNKKDL                                              10   0    121   0    
3TBB
3TBN 2SGLOBULIN      6  of  9  25.72   214     1.46e-02  FRTITQSYYRNANGVIITYDITK                                 23   0    75    0    
3TBN 2SGLOBULIN      7  of  9  17.01   283     8.21e-04  EHYNMIDAMEASAKDNIKVEEAFI                                24   0    146   0    
3TBB
3TBN ELONGATNFCT     1  of  5  35.99   186     1.79e-02  KIVLIGDPGVGKTC                                          14   0    15    0    
3TBN ELONGATNFCT     5  of  5  37.25   135     5.88e-02  KILVGNKKDL                                              10   0    121   0    
3TBB
3TBN HIGHMOBLTY12    2  of  5  21.16   187     3.18e-02  ETFKNVARWSEDVKKYAPKNV                                   21   0    99    0    
3TBN HIGHMOBLTY12    4  of  5  27.59   189     3.33e-02  KVEEAFIHLATELKKEYEKG                                    20   0    163   0    
3TBB
3TBN CAPSULEPROTC    4  of  5  30.95   189     3.84e-02  SDSFDYLFKIVLIG                                          14   0    7     0    
3TBN CAPSULEPROTC    5  of  5  24.44   156     6.14e-02  TYLERHGSTIGVDFT                                         15   0    37    0    
3TBB
3TBF
Sn; 15033
Si; Fasta sequence
1TBS
1TBN NO SIGNIFICANT RESULTS ABOVE 0.0001    
1TBF
2TBS
2TBT FingerPrint     No.Motifs SumId    AveId    ProfScore  Ppvalue     Evalue      GraphScan               
2TBN DOPAMINED1AR    2  of  7  61.82    30.91    401        0.000225    5.3e+02     ...i.I.         
2TBN TRPCHANNEL4     2  of  6  44.75    22.37    401        0.000327    5.2e+02     ..i..i          
2TBN KUPTAKETRKA     2  of  5  51.31    25.66    276        0.00206     6.7e+03     .i.i.           
2TBN CD97PROTEIN     2  of  13 29.82    14.91    309        0.00547     1.2e+04     ........i.i..   
2TBF
3TBS
3TBT MotifName       No.Mots   IdScore PfScore Pvalue    Sequence                                                Len  low  pos   high 
3TBN DOPAMINED1AR    4  of  7  24.56   191     3.43e-02  APGESSSSAKSCYNNKGIV                                     19   0    32    0    
3TBN DOPAMINED1AR    6  of  7  37.25   210     6.55e-03  NIPLDELKEALSLSPDE                                       17   0    85    0    
3TBB
3TBN TRPCHANNEL4     3  of  6  23.91   233     4.31e-03  RRLMVFSRPTLLNPRNFGWKFKS                                 23   0    4     0    
3TBN TRPCHANNEL4     6  of  6  20.83   168     7.59e-02  RKPGLDDGNITVHCRSGMRADSAIQIFNNL                          30   0    109   0    
3TBB
3TBN KUPTAKETRKA     2  of  5  25.56   120     9.91e-02  KLLAENDIQLFDVRT                                         15   0    57    0    
3TBN KUPTAKETRKA     4  of  5  25.76   156     2.08e-02  KPGLDDGNITV                                             11   0    110   0    
3TBB
3TBN CD97PROTEIN     9  of  13 14.04   149     5.93e-02  #############MSIRRL                                     19   0    -12   0    
3TBN CD97PROTEIN     11 of  13 15.79   160     9.22e-02  ENE################                                     19   0    164   0    
3TBB
3TBF
Sn; 15034
Si; Fasta sequence
1TBS
1TBN NO SIGNIFICANT RESULTS ABOVE 0.0001    
1TBF
2TBS
2TBT FingerPrint     No.Motifs SumId    AveId    ProfScore  Ppvalue     Evalue      GraphScan               
2TBN RABGDI          2  of  9  70.39    35.20    508        0.000343    9.6e+02     I....I...       
2TBN CLOACIN         2  of  8  71.85    35.92    516        0.000379    7.4e+02     ....I.I.        
2TBN SHAKERCHANEL    2  of  5  84.15    42.07    534        0.0008      2.8e+03     ..I.I           
2TBN MTABOTROPC1R    2  of  9  52.75    26.38    480        0.00363     8.1e+03     .i......i       
2TBN TOPISMRASE4B    2  of  15 63.27    31.63    505        0.00514     1.4e+04     .I....i........ 
2TBN OUTRSURFACE     2  of  7  52.37    26.19    397        0.0061      1.3e+04     .i....i         
2TBF
3TBS
3TBT MotifName       No.Mots   IdScore PfScore Pvalue    Sequence                                                Len  low  pos   high 
3TBN RABGDI          1  of  9  36.12   225     6.69e-02  QCCLSDIKPSNGA                                           13   0    1571  0    
3TBN RABGDI          6  of  9  34.27   283     5.12e-03  PDIQVGGKIEVYVTDVT                                       17   0    1877  0    
3TBB
3TBN CLOACIN         5  of  8  34.17   223     6.03e-02  RAKITAVQGSQVQVHFVDFG                                    20   0    1321  0    
3TBN CLOACIN         7  of  8  37.68   293     6.28e-03  KDAVIRVVEKLPNDCHVVDVLDV                                 23   0    1396  0    
3TBB
3TBN SHAKERCHANEL    3  of  5  38.82   268     2.80e-02  GKPCLAKFTEDD                                            12   0    2691  0    
3TBN SHAKERCHANEL    5  of  5  45.33   266     2.86e-02  QAVRFCLLDVPE                                            12   0    2748  0    
3TBB
3TBN MTABOTROPC1R    2  of  9  26.67   210     6.93e-02  RAVVAGVSPGNATVR                                         15   0    1737  0    
3TBN MTABOTROPC1R    9  of  9  26.09   270     5.25e-02  RNQVLSSDPKTYRTSEIMQDFQP                                 23   0    2956  0    
3TBB
3TBN TOPISMRASE4B    2  of  15 37.78   255     7.98e-02  QVFECALENISKFRG                                         15   0    123   0    
3TBN TOPISMRASE4B    7  of  15 25.49   250     6.44e-02  FCWYRAVITNSSAVSSG                                       17   0    286   0    
3TBB
3TBN OUTRSURFACE     2  of  7  24.91   216     6.49e-02  AKSSKTGKGKMEVTLFDTS                                     19   0    1604  0    
3TBN OUTRSURFACE     7  of  7  27.47   181     9.41e-02  TETLALNDIRILSDEFTKEPI                                   21   0    1758  0    
3TBB
3TBF
Sn; 15035
Si; Fasta sequence
1TBS
1TBN NO SIGNIFICANT RESULTS ABOVE 0.0001    
1TBF
2TBS
2TBT FingerPrint     No.Motifs SumId    AveId    ProfScore  Ppvalue     Evalue      GraphScan               
2TBN SSPANPROTEIN    2  of  14 76.83    38.41    328        0.000913    3e+03       .....I..I.....  
2TBN CHOLNESTRASE    2  of  6  72.22    36.11    321        0.00149     7e+03       ..Ii..          
2TBN PROFILIN        2  of  6  49.75    24.88    334        0.0016      5.6e+03     i...i.          
2TBN BETALLERGEN     2  of  7  61.47    30.74    270        0.00161     4.4e+03     i.I....         
2TBN ADENOVSFIBRE    2  of  7  44.85    22.42    237        0.00271     8.8e+03     ..ii...         
2TBF
3TBS
3TBT MotifName       No.Mots   IdScore PfScore Pvalue    Sequence                                                Len  low  pos   high 
3TBN SSPANPROTEIN    6  of  14 35.71   185     9.22e-03  QVTQSKVLGLEIDQ                                          14   0    54    0    
3TBN SSPANPROTEIN    9  of  14 41.11   143     9.90e-02  VWDILGEGHAKQ                                            12   0    119   0    
3TBB
3TBN CHOLNESTRASE    3  of  6  42.74   163     1.95e-02  GKKFLLIGS                                               9    0    24    0    
3TBN CHOLNESTRASE    4  of  6  29.49   158     7.66e-02  LIGIHNAIV                                               9    0    101   0    
3TBB
3TBN PROFILIN        1  of  6  29.75   184     8.99e-02  WDEHVDSIAK                                              10   0    71    0    
3TBN PROFILIN        5  of  6  20.00   150     1.78e-02  ARVISLYE######                                          14   0    139   0    
3TBB
3TBN BETALLERGEN     1  of  7  24.77   135     2.69e-02  VDSIAKKVTSGIGAIRKIRDF                                   21   0    75    0    
3TBN BETALLERGEN     3  of  7  36.70   135     6.00e-02  GEGHAKQIQK                                              10   0    124   0    
3TBB
3TBN ADENOVSFIBRE    3  of  7  23.81   109     8.79e-02  SGKKFLLIGSHYNLR                                         15   0    23    0    
3TBN ADENOVSFIBRE    4  of  7  21.04   128     3.09e-02  DSIAKKVTSGI                                             11   0    76    0    
3TBB
3TBF
Sn; 15036
Si; Fasta sequence
1TBS
1TBH SH2DOMAIN       3.9e-14        SH2 domain signature                                                     PR00401         
1TBF
2TBS
2TBT FingerPrint     No.Motifs SumId    AveId    ProfScore  Ppvalue     Evalue      GraphScan               
2TBH SH2DOMAIN       5  of  5  205.91   41.18    1308       2.93e-20    3.9e-14     IIIII           
2TBN PI3KINASEP85    2  of  10 47.39    23.69    461        4.2e-05     72          .......i.i      
2TBN FUNGALYSIN      2  of  10 63.33    31.67    470        0.0004      8.2e+02     ....iI....      
2TBN VASOPRESSINR    2  of  8  56.54    28.27    328        0.000414    1.4e+03     iI......        
2TBN STARPROTEIN     2  of  9  48.93    24.47    377        0.00168     3.4e+03     ...i....i       
2TBN OESTROGENR      2  of  8  42.57    21.29    358        0.00212     4.7e+03     ..i....i        
2TBN AQUAPORIN12     2  of  12 74.62    37.31    330        0.00456     1.7e+04     ..I......I..    
2TBN PP2APR55        2  of  11 24.69    12.34    340        0.00485     7.1e+03     ......i...i     
2TBN DHFR            2  of  4  47.19    23.59    256        0.00625     2.5e+04     .ii.            
2TBF
3TBS
3TBT MotifName       No.Mots   IdScore PfScore Pvalue    Sequence                                                Len  low  pos   high 
3TBH SH2DOMAIN       1  of  5  50.49   389     6.51e-06  WYHGPITRHHAEALL                                         15   0    15    0    
3TBH SH2DOMAIN       2  of  5  46.86   286     7.19e-05  DGSYLLRDSAT                                             11   0    35    0    
3TBH SH2DOMAIN       3  of  5  42.54   195     2.06e-04  KGEYSLSCRCAD                                            12   0    47    0    
3TBH SH2DOMAIN       4  of  5  33.84   170     1.07e-02  SVKHFQIGRDG                                             11   0    59    0    
3TBH SH2DOMAIN       5  of  5  32.18   268     2.86e-05  KFSSLNEFVQHFENK                                         15   0    79    0    
3TBB
3TBN PI3KINASEP85    8  of  10 26.09   270     7.80e-04  RHHAEALLMSNGVDGSYLLRDSA                                 23   0    22    0    
3TBN PI3KINASEP85    10 of  10 21.30   191     5.38e-02  RDGDQQYTFGMGKFSSLNEFVQHFEN                              26   0    67    0    
3TBB
3TBN FUNGALYSIN      5  of  10 30.00   200     8.72e-02  HFQIGRDGDQQYTFGMGKFS                                    20   0    62    0    
3TBN FUNGALYSIN      6  of  10 33.33   270     4.59e-03  VLTLLKYPYPRDVDEPSTYEK                                   21   0    102   0    
3TBB
3TBN VASOPRESSINR    1  of  8  25.64   126     8.16e-02  RDSATSKGEYSLS                                           13   0    41    0    
3TBN VASOPRESSINR    2  of  8  30.90   202     5.08e-03  KFSSLNEFVQHF                                            12   0    79    0    
3TBB
3TBN STARPROTEIN     4  of  9  22.22   189     4.59e-02  EKVRVHAEWGKNRASTEN                                      18   0    121   0    
3TBN STARPROTEIN     9  of  9  26.71   188     3.65e-02  SQEAEEWIKMLQWKLENLSSSNK                                 23   0    227   0    
3TBB
3TBN OESTROGENR      3  of  8  24.64   204     2.40e-02  GKNRASTENSAEGHVHSF                                      18   0    130   0    
3TBN OESTROGENR      8  of  8  17.93   154     8.84e-02  SSSNKRHSTVR#########                                    20   0    245   0    
3TBB
3TBN AQUAPORIN12     3  of  12 40.00   155     5.50e-02  GEYSLSCRCA                                              10   0    48    0    
3TBN AQUAPORIN12     10 of  12 34.62   175     8.29e-02  RTFYCFANSSQEA                                           13   0    218   0    
3TBB
3TBN PP2APR55        7  of  11 7.81    154     8.56e-02  #####################MADEHSN                            28   0    -20   0    
3TBN PP2APR55        11 of  11 16.88   186     5.67e-02  STYEKVRVHAEWGKNRASTENSAEGHVHSF                          30   0    118   0    
3TBB
3TBN DHFR            2  of  4  24.24   126     6.60e-02  ELKYYKSKG                                               9    0    175   0    
3TBN DHFR            3  of  4  22.94   130     9.47e-02  IVMPSRTFYCFA                                            12   0    213   0    
3TBB
3TBF
Sn; 15037
Si; Fasta sequence
1TBS
1TBN NO SIGNIFICANT RESULTS ABOVE 0.0001    
1TBF
2TBS
2TBT FingerPrint     No.Motifs SumId    AveId    ProfScore  Ppvalue     Evalue      GraphScan               
2TBN NAHEXCHNGR3     2  of  16 68.41    34.20    417        0.00078     2.1e+03     ........I....i..
2TBN 2SGLOBULIN      2  of  9  47.34    23.67    376        0.000804    1.7e+03     .....i.i.       
2TBN VOMERONASL2R    2  of  9  76.65    38.32    355        0.000836    3.1e+03     .....II..       
2TBN CYSLT1RECPTR    2  of  6  58.68    29.34    357        0.00111     2.8e+03     ..i..I          
2TBN RABAPTIN        2  of  12 33.18    16.59    366        0.00222     4.5e+03     .....i....i.    
2TBN HGRDTASE        2  of  8  51.83    25.91    270        0.00341     8.5e+03     ...i.i..        
2TBN AQUAPORIN10I    2  of  5  58.33    29.17    325        0.00422     1.6e+04     ..i.I           
2TBN MTABOTROPICR    2  of  6  47.37    23.68    261        0.00877     3e+04       .i.I..          
2TBF
3TBS
3TBT MotifName       No.Mots   IdScore PfScore Pvalue    Sequence                                                Len  low  pos   high 
3TBN NAHEXCHNGR3     9  of  16 40.00   210     1.97e-02  NKALDHIKTN                                              10   0    3     0    
3TBN NAHEXCHNGR3     14 of  16 28.41   207     3.97e-02  AGMFSREKHDKMMEKLIENIKS                                  22   0    178   0    
3TBB
3TBN 2SGLOBULIN      6  of  9  19.57   199     2.46e-02  IKVFIKKHSSSKYEEMDETKVQE                                 23   0    57    0    
3TBN 2SGLOBULIN      8  of  9  27.78   177     3.27e-02  FSREKHDKMMEKLIENIK                                      18   0    181   0    
3TBB
3TBN VOMERONASL2R    6  of  9  30.22   129     8.40e-02  EEKYIFNENNMKK                                           13   0    94    0    
3TBN VOMERONASL2R    7  of  9  46.43   226     9.96e-03  IQEFLCAFLF                                              10   0    148   0    
3TBB
3TBN CYSLT1RECPTR    3  of  6  28.12   153     6.82e-02  KVFIKKHSSSKYEEMD                                        16   0    58    0    
3TBN CYSLT1RECPTR    6  of  6  30.56   204     1.63e-02  FLCAFLFVEKKQIPEKEK                                      18   0    151   0    
3TBB
3TBN RABAPTIN        6  of  12 15.79   180     4.91e-02  ###########MKNKALDH                                     19   0    -10   0    
3TBN RABAPTIN        11 of  12 17.39   186     4.52e-02  MMEKLIENIKSRE##########                                 23   0    189   0    
3TBB
3TBN HGRDTASE        4  of  8  24.85   143     5.92e-02  ITNLKASGLLDCCPGVKK                                      18   0    114   0    
3TBN HGRDTASE        6  of  8  26.97   127     5.75e-02  KTSDVTFMFMAGMFSR                                        16   0    168   0    
3TBB
3TBN AQUAPORIN10I    3  of  5  25.00   165     5.51e-02  LYHEVIKVFI                                              10   0    52    0    
3TBN AQUAPORIN10I    5  of  5  33.33   160     7.66e-02  EKKQIPEKEKTS                                            12   0    159   0    
3TBB
3TBN MTABOTROPICR    2  of  6  15.79   118     9.36e-02  YHEVIKVFIKKHS                                           13   0    53    0    
3TBN MTABOTROPICR    4  of  6  31.58   143     9.37e-02  EKTSDVTFMFMA                                            12   0    167   0    
3TBB
3TBF
Sn; 15038
Si; Fasta sequence
1TBS
1TBN NO SIGNIFICANT RESULTS ABOVE 0.0001    
1TBF
2TBS
2TBT FingerPrint     No.Motifs SumId    AveId    ProfScore  Ppvalue     Evalue      GraphScan               
2TBN VEGFRECEPTOR    2  of  6  72.78    36.39    630        1.55e-09    0.004       ....Ii          
2TBN VCAM1           2  of  6  73.23    36.62    565        5.49e-06    17          ..i..I          
2TBN ACRIFLAVINRP    2  of  9  47.42    23.71    338        1.71e-05    31          ...i..i..       
2TBN MACSCAVRCPTR    2  of  8  47.17    23.58    406        3.99e-05    75          .i..i...        
2TBN CYSLT1RECPTR    2  of  6  68.33    34.17    392        0.000823    2.5e+03     .I...i          
2TBN ECCREGULATOR    2  of  5  43.46    21.73    367        0.00106     2.6e+03     i..i.           
2TBN PHEROMONEBAR    2  of  12 72.62    36.31    365        0.00135     3.8e+03     ..I......i..    
2TBF
3TBS
3TBT MotifName       No.Mots   IdScore PfScore Pvalue    Sequence                                                Len  low  pos   high 
3TBN VEGFRECEPTOR    5  of  6  43.52   345     3.44e-06  LVIHNVTLADSGTYGCVL                                      18   0    114   0    
3TBN VEGFRECEPTOR    6  of  6  29.26   285     4.51e-04  EEILISCSAVGIPEP                                         15   0    168   0    
3TBB
3TBN VCAM1           3  of  6  25.27   245     4.68e-03  ESEEILISCSAVG                                           13   0    166   0    
3TBN VCAM1           6  of  6  47.96   320     1.17e-03  ARNDSGIYNCCATN                                          14   0    212   0    
3TBB
3TBN ACRIFLAVINRP    4  of  9  26.59   144     2.14e-02  RFTLVPPSVSYVSVGETAKLVW                                  22   0    26    0    
3TBN ACRIFLAVINRP    7  of  9  20.83   194     7.98e-04  SPITSKVKLVVTSFPNITLNPSVS                                24   0    137   0    
3TBB
3TBN MACSCAVRCPTR    2  of  8  17.69   212     3.77e-03  #########MEASLVLWISLIIKVLL                              26   0    -8    0    
3TBN MACSCAVRCPTR    5  of  8  29.47   194     1.06e-02  RVSKESNATLVIHNVTLAD                                     19   0    105   0    
3TBB
3TBN CYSLT1RECPTR    2  of  6  47.50   227     1.05e-02  ATLVIHNVTL                                              10   0    112   0    
3TBN CYSLT1RECPTR    6  of  6  20.83   165     7.84e-02  ACRSTTYLSSTKQK####                                      18   0    232   0    
3TBB
3TBN ECCREGULATOR    1  of  5  21.11   173     3.33e-02  NIRVNESEEILISCSAVG                                      18   0    161   0    
3TBN ECCREGULATOR    4  of  5  22.35   194     3.20e-02  GIYNCCATNNPKENPAC                                       17   0    217   0    
3TBB
3TBN PHEROMONEBAR    3  of  12 46.15   200     1.64e-02  SLIIKVLLVSRTQ                                           13   0    10    0    
3TBN PHEROMONEBAR    10 of  12 26.47   165     8.21e-02  CCATNNPKENPACRSTT                                       17   0    221   0    
3TBB
3TBF
Sn; 15039
Si; Fasta sequence
1TBS
1TBN NO SIGNIFICANT RESULTS ABOVE 0.0001    
1TBF
2TBS
2TBT FingerPrint     No.Motifs SumId    AveId    ProfScore  Ppvalue     Evalue      GraphScan               
2TBN EGFBLOOD        2  of  4  93.29    46.65    534        3.21e-06    15          ..II            
2TBN EGFLAMININ      2  of  4  55.50    27.75    513        7.18e-06    16          .i.i            
2TBN MTMOLLUSC       2  of  4  79.66    39.83    547        1.9e-05     70          ..II            
2TBN THIONIN         2  of  2  47.26    23.63    425        0.000116    2.5e+02     ii              
2TBN ACONITASE       2  of  9  51.94    25.97    376        0.000235    7.6e+02     .......ii       
2TBN HISTONEH5       2  of  7  43.83    21.91    378        0.000312    7.3e+02     .i...i.         
2TBN CALCITONINR     2  of  6  63.33    31.67    418        0.000371    1e+03       ..Ii..          
2TBN HAUSAUGMINL3    2  of  7  51.53    25.77    357        0.000532    1.1e+03     .i..I..         
2TBN 4DISULPHCORE    2  of  4  64.18    32.09    391        0.000754    3.7e+03     .i.I            
2TBN NEUROKININ1R    2  of  9  76.08    38.04    398        0.000843    2.2e+03     ..I.....i       
2TBF
3TBS
3TBT MotifName       No.Mots   IdScore PfScore Pvalue    Sequence                                                Len  low  pos   high 
3TBN EGFBLOOD        3  of  4  47.91   342     1.21e-04  GSYHCACREGY                                             11   0    121   0    
3TBN EGFBLOOD        4  of  4  45.38   192     2.65e-02  KGKECEV                                                 7    0    134   0    
3TBB
3TBN EGFLAMININ      2  of  4  26.32   225     1.06e-02  KCTGPNSCTCAAGWTGSDC                                     19   0    80    0    
3TBN EGFLAMININ      4  of  4  29.19   288     6.76e-04  CSKDLDECSENNGGCGQKC                                     19   0    98    0    
3TBB
3TBN MTMOLLUSC       3  of  4  46.79   333     3.85e-04  CENNGKCTGPNS                                            12   0    75    0    
3TBN MTMOLLUSC       4  of  4  32.87   214     4.93e-02  SCTCAAGWTGS                                             11   0    86    0    
3TBB
3TBN THIONIN         1  of  2  26.07   238     5.65e-03  TCCPGWTRTRGSNNCEIAT                                     19   0    52    0    
3TBN THIONIN         2  of  2  21.19   187     2.05e-02  ACENNGKCTGPNSCTCAAGW                                    20   0    74    0    
3TBB
3TBN ACONITASE       8  of  9  24.83   143     9.97e-02  EIATCTRACENN                                            12   0    67    0    
3TBN ACONITASE       9  of  9  27.11   233     2.35e-03  GYSMKGKECEVCLH                                          14   0    130   0    
3TBB
3TBN HISTONEH5       2  of  7  14.81   179     4.99e-02  CSENNGGCGQKCVNSYGS                                      18   0    105   0    
3TBN HISTONEH5       6  of  7  29.01   199     6.26e-03  NQCQCDKTAKEPKQEKTE                                      18   0    228   0    
3TBB
3TBN CALCITONINR     3  of  6  33.33   215     2.00e-02  CGQKCVNSYGSYHCA                                         15   0    112   0    
3TBN CALCITONINR     4  of  6  30.00   203     1.85e-02  MLSHVTNKEQLREPP                                         15   0    177   0    
3TBB
3TBN HAUSAUGMINL3    2  of  7  20.65   169     2.87e-02  STTYTKKFRKVRTSKLETITMYT                                 23   0    30    0    
3TBN HAUSAUGMINL3    5  of  7  30.88   188     1.85e-02  HVTNKEQLREPPGLKGE                                       17   0    180   0    
3TBB
3TBN 4DISULPHCORE    2  of  4  27.60   178     7.87e-02  ACENNGKC                                                8    0    74    0    
3TBN 4DISULPHCORE    4  of  4  36.57   213     9.58e-03  GCGQKCVNS                                               9    0    111   0    
3TBB
3TBN NEUROKININ1R    3  of  9  46.67   218     2.01e-02  CSSYSTTYTKKFRKV                                         15   0    26    0    
3TBN NEUROKININ1R    9  of  9  29.41   180     4.20e-02  KQEKTETEHAVATQN##                                       17   0    240   0    
3TBB
3TBF
Sn; 15040
Si; Fasta sequence
1TBS
1TBN NO SIGNIFICANT RESULTS ABOVE 0.0001    
1TBF
2TBS
2TBT FingerPrint     No.Motifs SumId    AveId    ProfScore  Ppvalue     Evalue      GraphScan               
2TBN FLGFLGJ         2  of  13 54.90    27.45    485        4.28e-05    75          ....i...I....   
2TBN NONHISHMG17     2  of  4  50.91    25.45    399        0.000106    3.4e+02     i..i            
2TBN HISTONEH5       2  of  7  55.56    27.78    393        0.00017     4e+02       .i...I.         
2TBN KIR31CHANNEL    2  of  12 53.33    26.67    426        0.000293    8e+02       ....I....i..    
2TBN YEASTMRS6P      2  of  12 43.81    21.90    450        0.000548    1.1e+03     ......i.i...    
2TBN PTRHORMONER     2  of  6  42.50    21.25    393        0.00072     1.6e+03     ii....          
2TBN SSPANPROTEIN    2  of  14 65.00    32.50    458        0.000796    2.2e+03     ..I......I....  
2TBN POLR2GRINL1     2  of  7  40.59    20.29    353        0.00093     2e+03       ..i..i.         
2TBN PROTEASEAR2     2  of  10 51.90    25.95    388        0.00155     3.2e+03     ....i.i...      
2TBN FIBRITIN        2  of  5  49.28    24.64    366        0.00204     3.5e+03     i.i..           
2TBF
3TBS
3TBT MotifName       No.Mots   IdScore PfScore Pvalue    Sequence                                                Len  low  pos   high 
3TBN FLGFLGJ         5  of  13 23.08   245     3.62e-03  PNYFPVSPTNKDTNNSSESLSNTSMP                              26   0    46    0    
3TBN FLGFLGJ         9  of  13 31.82   240     1.18e-02  SKRKTKTNSSNGNVKEEKSKNS                                  22   0    149   0    
3TBB
3TBN NONHISHMG17     1  of  4  21.54   195     1.38e-02  KDKPTDPDEQIAVNP                                         15   0    88    0    
3TBN NONHISHMG17     4  of  4  29.37   204     7.69e-03  SSNGNVKEEKS                                             11   0    157   0    
3TBB
3TBN HISTONEH5       2  of  7  24.69   184     4.19e-02  TKKDTSKKTRESSQETAN                                      18   0    8     0    
3TBN HISTONEH5       6  of  7  30.86   209     4.05e-03  QSLLSPKRDSGSVPVKSK                                      18   0    133   0    
3TBB
3TBN KIR31CHANNEL    5  of  12 33.33   246     5.07e-03  PNYFPVSPTNKDTNNS                                        16   0    46    0    
3TBN KIR31CHANNEL    10 of  12 20.00   180     5.78e-02  VPGDGNKRPLKQSLL                                         15   0    122   0    
3TBB
3TBN YEASTMRS6P      7  of  12 20.00   260     6.59e-03  DEQIAVNPNKTSSSSKDIRV                                    20   0    95    0    
3TBN YEASTMRS6P      9  of  12 23.81   190     8.32e-02  KAVLEGIEEGIEARNVEGKGR                                   21   0    199   0    
3TBB
3TBN PTRHORMONER     1  of  6  15.83   183     2.15e-02  KSKRKTKTNSSNGNVKEEKSKNSE                                24   0    148   0    
3TBN PTRHORMONER     2  of  6  26.67   210     3.35e-02  AKKREKEILRR####                                         15   0    246   0    
3TBB
3TBN SSPANPROTEIN    3  of  14 31.11   267     1.13e-02  KRNKTKKDTSKKTRESSQ                                      18   0    4     0    
3TBN SSPANPROTEIN    10 of  14 33.89   191     7.04e-02  NSSNGNVKEEKS                                            12   0    156   0    
3TBB
3TBN POLR2GRINL1     3  of  7  27.89   185     1.02e-02  DTNNSSESLSNTSMPTSTNED                                   21   0    57    0    
3TBN POLR2GRINL1     6  of  7  12.70   168     9.10e-02  RRSERRVKSKIEEEKQTK                                      18   0    179   0    
3TBB
3TBN PROTEASEAR2     5  of  10 28.57   212     3.04e-02  QIAVNPNKTSSSSKDIRVEVA                                   21   0    97    0    
3TBN PROTEASEAR2     7  of  10 23.33   176     5.09e-02  SKIEEEKQTKIEKAVLEGIE                                    20   0    187   0    
3TBB
3TBN FIBRITIN        1  of  5  23.15   164     8.71e-02  VSPTNKDTNNSSESLSNTSMPTSTNED                             27   0    51    0    
3TBN FIBRITIN        3  of  5  26.14   202     2.34e-02  IAVNPNKTSSSSKDIRVEVAKE                                  22   0    98    0    
3TBB
3TBF
Sn; 15041
Si; Fasta sequence
1TBS
1TBN NO SIGNIFICANT RESULTS ABOVE 0.0001    
1TBF
2TBS
2TBT FingerPrint     No.Motifs SumId    AveId    ProfScore  Ppvalue     Evalue      GraphScan               
2TBN TPI2FAMILY      2  of  9  56.99    28.50    353        0.000328    8.7e+02     ....Ii...       
2TBN BACINVASINC     2  of  8  51.19    25.59    370        0.000522    9.8e+02     .....ii.        
2TBN CBXCFQXSUPER    2  of  8  57.90    28.95    353        0.00109     3.2e+03     .i.....I        
2TBN KIR62CHANNEL    2  of  7  88.46    44.23    450        0.0011      4.4e+03     ..II...         
2TBN 5HT4RECEPTR     2  of  11 58.99    29.49    424        0.00114     2.8e+03     I.....i....     
2TBN CUATPASE        2  of  11 63.42    31.71    368        0.00132     3.2e+03     .....i.I...     
2TBN KISS1RECEPTR    2  of  10 47.02    23.51    406        0.0018      4.5e+03     ....I...i.      
2TBN GABAB1RECPTR    2  of  10 56.58    28.29    450        0.00213     4.2e+03     ....i....I      
2TBN CTLANTIGEN4     2  of  4  52.27    26.14    361        0.00232     6.3e+03     i..i            
2TBN PHOSPHBKNASE    2  of  7  49.18    24.59    303        0.00321     6.6e+03     i..i...         
2TBF
3TBS
3TBT MotifName       No.Mots   IdScore PfScore Pvalue    Sequence                                                Len  low  pos   high 
3TBN TPI2FAMILY      5  of  9  32.60   190     4.22e-03  WVKVRGDKGGGSVKM                                         15   0    17    0    
3TBN TPI2FAMILY      6  of  9  24.39   163     7.78e-02  TLRMASVFVPVLPNEDG                                       17   0    256   0    
3TBB
3TBN BACINVASINC     6  of  8  27.27   185     2.13e-02  SIHNLEMALKQYQDDVTSLQQE                                  22   0    58    0    
3TBN BACINVASINC     7  of  8  23.91   185     2.45e-02  HQNLKNKESNLLEEAQQLESMAS                                 23   0    204   0    
3TBB
3TBN CBXCFQXSUPER    2  of  8  26.17   193     3.33e-02  ELATVASPNSIKNTVV                                        16   0    34    0    
3TBN CBXCFQXSUPER    8  of  8  31.73   160     3.28e-02  NEEEVEFLLDRAA                                           13   0    234   0    
3TBB
3TBN KIR62CHANNEL    3  of  7  50.00   200     6.52e-02  SIHNLEMA                                                8    0    58    0    
3TBN KIR62CHANNEL    4  of  7  38.46   250     1.69e-02  LHTLDIHIANEIR                                           13   0    173   0    
3TBB
3TBN 5HT4RECEPTR     1  of  11 30.56   222     2.40e-02  DEIWVKVRGDKGGGSVKM                                      18   0    14    0    
3TBN 5HT4RECEPTR     7  of  11 28.43   202     4.76e-02  NLLEEAQQLESMASYNA                                       17   0    213   0    
3TBB
3TBN CUATPASE        6  of  11 28.42   180     3.28e-02  NLLEEAQQLESMASYNAMR                                     19   0    213   0    
3TBN CUATPASE        8  of  11 35.00   188     4.02e-02  HFWEDHALEWVRRFNT                                        16   0    393   0    
3TBB
3TBN KISS1RECEPTR    5  of  10 33.33   250     1.84e-02  FQNYIEGIKVHQNLK                                         15   0    194   0    
3TBN KISS1RECEPTR    9  of  10 13.68   156     9.82e-02  TEAELISDKFGQVLETFGK                                     19   0    331   0    
3TBB
3TBN GABAB1RECPTR    5  of  10 25.00   240     3.57e-02  SDEIWVKVRGDKGGGSVKMGFELA                                24   0    13    0    
3TBN GABAB1RECPTR    10 of  10 31.58   210     5.95e-02  SSRKLEENEIAELEQNVSL                                     19   0    356   0    
3TBB
3TBN CTLANTIGEN4     1  of  4  25.15   197     2.84e-02  SQANDLTLRMASVFVPVL                                      18   0    250   0    
3TBN CTLANTIGEN4     4  of  4  27.13   164     8.17e-02  GKVHRTLNSSRKL                                           13   0    348   0    
3TBB
3TBN PHOSPHBKNASE    1  of  7  26.62   171     5.01e-02  QDDVTSLQQETWRQIRCLWCLI                                  22   0    70    0    
3TBN PHOSPHBKNASE    4  of  7  22.56   132     6.41e-02  KLKCMIEEHNRRCNPVNRD                                     19   0    441   0    
3TBB
3TBF
Sn; 15042
Si; Fasta sequence
1TBS
1TBN NO SIGNIFICANT RESULTS ABOVE 0.0001    
1TBF
2TBS
2TBT FingerPrint     No.Motifs SumId    AveId    ProfScore  Ppvalue     Evalue      GraphScan               
2TBN TCRTETB         2  of  12 29.29    14.65    377        7.62e-05    1.5e+02     .i....i.....    
2TBN MRGPCRFAMILY    2  of  6  39.14    19.57    291        0.000159    4.6e+02     .i..i.          
2TBN BRADYKININR     2  of  6  45.44    22.72    272        0.000677    2.1e+03     ..i.i.          
2TBN DENSEGRNULE7    2  of  5  46.99    23.50    315        0.00109     2.8e+03     ii...           
2TBN GABAARECEPTR    2  of  4  35.12    17.56    260        0.00114     2.2e+03     .ii.            
2TBN INSLNLIKEGF2    2  of  3  59.87    29.94    294        0.00114     4.8e+03     I.i             
2TBN OUTRSURFACE     2  of  7  49.58    24.79    289        0.00521     1.6e+04     ....ii.         
2TBN NRPEPTIDEY5R    2  of  12 32.50    16.25    330        0.00609     1e+04       .......i.i..    
2TBN JAGGEDFAMILY    2  of  6  32.50    16.25    251        0.00724     1.4e+04     ...i.i          
2TBF
3TBS
3TBT MotifName       No.Mots   IdScore PfScore Pvalue    Sequence                                                Len  low  pos   high 
3TBN TCRTETB         2  of  12 10.87   139     7.29e-02  ############MKFICVMAILI                                 23   0    -11   0    
3TBN TCRTETB         7  of  12 18.42   238     1.04e-03  SLFVIIIIILIILVLQMKR                                     19   0    108   0    
3TBB
3TBN MRGPCRFAMILY    2  of  6  20.00   124     5.69e-02  FICVMAILIAFA                                            12   0    3     0    
3TBN MRGPCRFAMILY    5  of  6  19.14   167     2.79e-03  SLFVIIIIILIILVLQM                                       17   0    108   0    
3TBB
3TBN BRADYKININR     3  of  6  19.29   150     1.36e-02  NIMPTPTLTITSTS                                          14   0    64    0    
3TBN BRADYKININR     5  of  6  26.15   122     4.99e-02  IIILIILVLQMKR                                           13   0    114   0    
3TBB
3TBN DENSEGRNULE7    1  of  5  18.42   130     8.92e-02  FICVMAILIAFATKEINGQ                                     19   0    3     0    
3TBN DENSEGRNULE7    2  of  5  28.57   185     1.22e-02  GAPTTSDDLEEKIT                                          14   0    86    0    
3TBB
3TBN GABAARECEPTR    2  of  4  19.87   105     6.71e-02  QTSTINIMPTPTLTITSTSVFS                                  22   0    59    0    
3TBN GABAARECEPTR    3  of  4  15.25   155     1.70e-02  ITMYLLVACVSLFVIIIIILII                                  22   0    98    0    
3TBB
3TBN INSLNLIKEGF2    1  of  3  34.16   132     6.82e-02  TSQPTSVSISH                                             11   0    35    0    
3TBN INSLNLIKEGF2    3  of  3  25.71   162     1.68e-02  KRLTSKLRK                                               9    0    125   0    
3TBB
3TBN OUTRSURFACE     5  of  7  21.99   118     9.49e-02  INTSQPTSVSISHTSV                                        16   0    33    0    
3TBN OUTRSURFACE     6  of  7  27.60   171     5.49e-02  TQSTGFYQTST                                             11   0    52    0    
3TBB
3TBN NRPEPTIDEY5R    8  of  12 20.00   180     7.72e-02  HTSVKGLTQSTGFYQTSTINIMPTP                               25   0    45    0    
3TBN NRPEPTIDEY5R    10 of  12 12.50   150     7.89e-02  IILVLQMKRLTSKLRK########                                24   0    118   0    
3TBB
3TBN JAGGEDFAMILY    4  of  6  18.61   119     9.57e-02  SSLVASPSINTSQPTSVSIS                                    20   0    25    0    
3TBN JAGGEDFAMILY    6  of  6  13.89   132     7.57e-02  MYLLVACVSLFVIIIIILIILVLQM                               25   0    100   0    
3TBB
3TBF
Sn; 15043
Si; Fasta sequence
1TBS
1TBH GPROTEINBRPT    2.5e-05        G protein beta WD-40 repeat signature                                    PR00320         
1TBF
2TBS
2TBT FingerPrint     No.Motifs SumId    AveId    ProfScore  Ppvalue     Evalue      GraphScan               
2TBH GPROTEINBRPT    3  of  3  97.63    32.54    895        1.36e-11    2.5e-05     III             
2TBN ANIONEXCHNGR    2  of  13 99.78    49.89    404        0.000132    5.6e+02     ......I...I..   
2TBN KIR31CHANNEL    2  of  12 75.00    37.50    524        0.000327    9.2e+02     .I......i...    
2TBN VACCYTOTOXIN    2  of  15 51.78    25.89    468        0.00034     5.6e+02     .....i......i.. 
2TBN MUSCARINICR     2  of  9  58.48    29.24    439        0.000499    1.6e+03     ......I.i       
2TBN DNAGYRASEB      2  of  11 51.21    25.61    362        0.000642    2.1e+03     I.....i....     
2TBN PARVALBUMIN     2  of  4  64.21    32.11    446        0.000795    2.2e+03     .i.I            
2TBN CLCHANNEL4      2  of  5  92.86    46.43    460        0.00145     7.2e+03     .I..I           
2TBN AMPHIPHYSIN     2  of  9  65.37    32.68    484        0.00146     4.7e+03     ......i.I       
2TBN ALPHACATENIN    2  of  10 42.90    21.45    408        0.00158     3e+03       ..i..i....      
2TBF
3TBS
3TBT MotifName       No.Mots   IdScore PfScore Pvalue    Sequence                                                Len  low  pos   high 
3TBH GPROTEINBRPT    1  of  3  32.36   322     7.72e-05  IISAAQDKVIKIWDM                                         15   0    376   0    
3TBH GPROTEINBRPT    2  of  3  34.24   312     1.14e-04  LITGARDGSVKLWNF                                         15   0    509   0    
3TBH GPROTEINBRPT    3  of  3  31.03   261     1.54e-03  LVTSSFDASVRLWTY                                         15   0    876   0    
3TBB
3TBN ANIONEXCHNGR    7  of  13 51.01   211     6.83e-03  NNAVLSAVLAD                                             11   0    644   0    
3TBN ANIONEXCHNGR    11 of  13 48.77   193     1.93e-02  ENAKTAMSR                                               9    0    801   0    
3TBB
3TBN KIR31CHANNEL    2  of  12 50.00   330     3.67e-03  GYTLCVLNANNFNI                                          14   0    612   0    
3TBN KIR31CHANNEL    9  of  12 25.00   194     8.91e-02  IKASKKIPNDIQRVAS                                        16   0    910   0    
3TBB
3TBN VACCYTOTOXIN    6  of  15 25.58   216     3.04e-02  VVLPNAKKVAVSSADREIVFYDCSANSF                            28   0    157   0    
3TBN VACCYTOTOXIN    13 of  15 26.20   252     1.12e-02  DQSKRRLITGARDGSVKLWNFNN                                 23   0    503   0    
3TBB
3TBN MUSCARINICR     7  of  9  34.42   187     3.73e-02  KLNESVLLFGDA                                            12   0    208   0    
3TBN MUSCARINICR     9  of  9  24.06   252     1.34e-02  CGALYNDLFDQVVSC                                         15   0    454   0    
3TBB
3TBN DNAGYRASEB      1  of  11 31.21   201     2.01e-02  VGTNQLSLLEG                                             11   0    425   0    
3TBN DNAGYRASEB      7  of  11 20.00   161     3.19e-02  YCINKPENAKTAMSR                                         15   0    795   0    
3TBB
3TBN PARVALBUMIN     2  of  4  28.68   250     8.67e-03  DEDGGGGLDLDEFRQAM                                       17   0    24    0    
3TBN PARVALBUMIN     4  of  4  35.54   196     9.18e-02  VDANCDGTVDWMEF                                          14   0    63    0    
3TBB
3TBN CLCHANNEL4      2  of  5  50.00   260     2.09e-02  FNIPVMSKPV                                              10   0    623   0    
3TBN CLCHANNEL4      5  of  5  42.86   200     6.94e-02  QKRKLLV                                                 7    0    871   0    
3TBB
3TBN AMPHIPHYSIN     7  of  9  27.27   262     6.39e-02  EEEEDVPRIWP                                             11   0    567   0    
3TBN AMPHIPHYSIN     9  of  9  38.10   222     2.28e-02  DEVDVKDSDYDSVID                                         15   0    702   0    
3TBB
3TBN ALPHACATENIN    3  of  10 15.79   200     2.05e-02  KGHSACITHILINSEQGEI                                     19   0    358   0    
3TBN ALPHACATENIN    6  of  10 27.11   208     7.68e-02  EVDVKDSDYDSVIDKVMFLQKREHH                               25   0    703   0    
3TBB
3TBF
Sn; 15044
Si; Fasta sequence
1TBS
1TBN NO SIGNIFICANT RESULTS ABOVE 0.0001    
1TBF
2TBS
2TBT FingerPrint     No.Motifs SumId    AveId    ProfScore  Ppvalue     Evalue      GraphScan               
2TBN BR22PROTEIN     3  of  6  68.62    22.87    824        7.64e-08    0.09        ..iii.          
2TBN HIGHMOBLTYIY    3  of  5  101.54   33.85    646        3.78e-07    0.69        I..iI           
2TBN STATHMIN        3  of  5  68.98    22.99    613        1.59e-06    1.7         .ii.i           
2TBN HISTONEH5       3  of  7  75.99    25.33    523        2.63e-06    4.2         ....iii         
2TBN TUBBYPROTEIN    2  of  9  41.74    20.87    537        1.14e-05    20          .i...i...       
2TBN TROPOMYOSIN     3  of  5  61.27    20.42    533        1.83e-05    22          .i.ii           
2TBN ATHOOK          3  of  3  91.07    30.36    429        3.1e-05     77          IiI             
2TBN PQVDCCALPHA1    2  of  5  64.14    32.07    438        0.000159    4e+02       .iI..           
2TBN LEUZIPPRFOS     2  of  5  52.94    26.47    424        0.000399    9.9e+02     .ii..           
2TBN TGFBETA2        2  of  8  59.86    29.93    412        0.000447    1.1e+03     ..i.I...        
2TBF
3TBS
3TBT MotifName       No.Mots   IdScore PfScore Pvalue    Sequence                                                Len  low  pos   high 
3TBN BR22PROTEIN     3  of  6  20.51   190     6.21e-02  EREGKEERKEERKNKEKKERKKERKK                              26   0    39    0    
3TBN BR22PROTEIN     4  of  6  20.83   277     3.13e-03  ERKKERKKERKKERKKERKKERKK                                24   0    116   0    
3TBN BR22PROTEIN     5  of  6  27.27   357     3.92e-04  RKKGRKEERKEGKKKERKRERQ                                  22   0    141   0    
3TBB
3TBN HIGHMOBLTYIY    1  of  5  41.76   244     2.41e-03  TKERERKRERKKE                                           13   0    88    0    
3TBN HIGHMOBLTYIY    4  of  5  25.71   200     3.76e-03  KERKKERKKERKKERKKERK                                    20   0    123   0    
3TBN HIGHMOBLTYIY    5  of  5  34.07   202     4.17e-02  ERKEGKKKERKRE                                           13   0    148   0    
3TBB
3TBN STATHMIN        2  of  5  22.72   255     1.47e-03  NKEKKERKKERKKERKKKERKKERKNERE                           29   0    52    0    
3TBN STATHMIN        3  of  5  21.32   163     8.62e-02  RERKRERTKERERKRERKKERRIE                                24   0    81    0    
3TBN STATHMIN        5  of  5  24.94   195     1.25e-02  RKKERKKERKKERKKGRKEERKEGK                               25   0    129   0    
3TBB
3TBN HISTONEH5       5  of  7  28.89   170     2.23e-02  KKERKKKERKKERKN                                         15   0    63    0    
3TBN HISTONEH5       6  of  7  20.99   141     5.74e-02  KERRIERKKERKKERRIE                                      18   0    99    0    
3TBN HISTONEH5       7  of  7  26.11   212     2.06e-03  RKKERKKERKKERKKERKKE                                    20   0    121   0    
3TBB
3TBN TUBBYPROTEIN    2  of  9  20.00   320     7.53e-04  RKNKEKKERKKERKKERKKKERKKE                               25   0    50    0    
3TBN TUBBYPROTEIN    6  of  9  21.74   217     1.51e-02  RKKERKKERKKERKKGRKEERKE                                 23   0    129   0    
3TBB
3TBN TROPOMYOSIN     2  of  5  26.54   204     1.18e-02  KEERKEERKNKEKKERKKERK                                   21   0    43    0    
3TBN TROPOMYOSIN     4  of  5  21.40   169     3.63e-02  KERRIERKKERKKERRIERKKERK                                24   0    99    0    
3TBN TROPOMYOSIN     5  of  5  13.33   160     4.30e-02  KKKERKRERQF###############                              26   0    153   0    
3TBB
3TBN ATHOOK          1  of  3  36.36   169     1.30e-02  KKERKKERKKK                                             11   0    59    0    
3TBN ATHOOK          2  of  3  23.26   123     5.98e-02  KKERKKGRKEER                                            12   0    138   0    
3TBN ATHOOK          3  of  3  31.44   137     3.97e-02  GKKKERKRERQ                                             11   0    152   0    
3TBB
3TBN PQVDCCALPHA1    2  of  5  29.47   164     6.62e-02  ERKKERKKERKKKERKKER                                     19   0    57    0    
3TBN PQVDCCALPHA1    3  of  5  34.67   274     2.41e-03  KKERKKGRKEERKEG                                         15   0    138   0    
3TBB
3TBN LEUZIPPRFOS     2  of  5  24.51   240     8.56e-03  ERKKERKKERKKGRKEE                                       17   0    132   0    
3TBN LEUZIPPRFOS     3  of  5  28.43   184     4.66e-02  RKEGKKKERKRERQF##                                       17   0    149   0    
3TBB
3TBN TGFBETA2        3  of  8  26.52   254     6.75e-03  ERKKERKNERERERKRERTKERE                                 23   0    70    0    
3TBN TGFBETA2        5  of  8  33.33   158     6.62e-02  RRIERKKERKKE                                            12   0    113   0    
3TBB
3TBF
Sn; 15045
Si; Fasta sequence
1TBS
1TBN NO SIGNIFICANT RESULTS ABOVE 0.0001    
1TBF
2TBS
2TBT FingerPrint     No.Motifs SumId    AveId    ProfScore  Ppvalue     Evalue      GraphScan               
2TBN OSTEOPONTIN     2  of  8  55.38    27.69    564        9.97e-06    21          ..ii....        
2TBN MUSCRINICM2R    2  of  7  56.58    28.29    517        1.86e-05    44          ..iI...         
2TBN GSYNUCLEIN      2  of  4  53.01    26.50    391        0.000508    1.3e+03     ..Ii            
2TBN NRPEPTIDEY6R    2  of  6  54.14    27.07    375        0.0017      4.3e+03     i..I..          
2TBN LVIRUSORF6      2  of  14 64.49    32.25    370        0.0041      9.1e+03     .....i....I...  
2TBN URICASE         2  of  5  49.52    24.76    298        0.00495     1.3e+04     .i.i.           
2TBF
3TBS
3TBT MotifName       No.Mots   IdScore PfScore Pvalue    Sequence                                                Len  low  pos   high 
3TBN OSTEOPONTIN     3  of  8  27.88   359     1.85e-04  SSDDESDASSDNEDEDSSDESSDDES                              26   0    18    0    
3TBN OSTEOPONTIN     4  of  8  27.50   205     5.40e-02  SSVDESDPSSDNEDE                                         15   0    58    0    
3TBB
3TBN MUSCRINICM2R    3  of  7  25.00   245     1.83e-02  DASSDNEDEDSSDESSD                                       17   0    24    0    
3TBN MUSCRINICM2R    4  of  7  31.58   272     1.02e-03  SDASSDNEDEESSDKSSVD                                     19   0    43    0    
3TBB
3TBN GSYNUCLEIN      3  of  4  31.58   228     5.81e-03  VESKTTRVEDSSDESSDDE                                     19   0    4     0    
3TBN GSYNUCLEIN      4  of  4  21.43   163     8.73e-02  DNEDEDSSDESSDD                                          14   0    28    0    
3TBB
3TBN NRPEPTIDEY6R    1  of  6  18.42   185     2.67e-02  EDSSDESSDDESDASSDNE                                     19   0    12    0    
3TBN NRPEPTIDEY6R    4  of  6  35.71   190     6.36e-02  LNLDEYDHSVLKTH                                          14   0    176   0    
3TBB
3TBN LVIRUSORF6      6  of  14 22.22   181     6.67e-02  SSDKSSVDESDPSSDNED                                      18   0    54    0    
3TBN LVIRUSORF6      11 of  14 42.27   189     6.15e-02  KVDNTDRDVYLYDGHLNLDE                                    20   0    161   0    
3TBB
3TBN URICASE         2  of  5  25.71   164     6.55e-02  DESDPSSDNEDENVI                                         15   0    61    0    
3TBN URICASE         4  of  5  23.81   134     7.55e-02  HSVLKTH##########                                       17   0    183   0    
3TBB
3TBF
Sn; 15046
Si; Fasta sequence
1TBS
1TBN NO SIGNIFICANT RESULTS ABOVE 0.0001    
1TBF
2TBS
2TBT FingerPrint     No.Motifs SumId    AveId    ProfScore  Ppvalue     Evalue      GraphScan               
2TBN LEURICHRPT      2  of  2  92.19    46.10    514        7.12e-10    0.0021      II              
2TBN DSEPROTEIN2     2  of  4  57.72    28.86    420        7.92e-05    1.7e+02     .i.I            
2TBN HGRDTASE        2  of  8  51.92    25.96    397        0.00015     3.3e+02     ...i..i.        
2TBN NEUROKININ1R    2  of  9  66.67    33.33    455        0.000372    1e+03       I....I...       
2TBN TASK3CHANNEL    2  of  4  56.26    28.13    391        0.000377    1.1e+03     ..Ii            
2TBN EP450ICYP2B     2  of  4  62.46    31.23    330        0.000378    1.2e+03     II..            
2TBN 11SGLOBULIN     2  of  6  33.29    16.65    319        0.000693    1.7e+03     ..i..i          
2TBN GLIADIN         2  of  9  53.45    26.73    387        0.00106     2.5e+03     i.....I..       
2TBN MUSCRINICM5R    2  of  8  58.23    29.11    429        0.00109     2.3e+03     ...I.i..        
2TBN ANTIFREEZEI     2  of  3  61.67    30.83    288        0.00127     4.3e+03     I.i             
2TBF
3TBS
3TBT MotifName       No.Mots   IdScore PfScore Pvalue    Sequence                                                Len  low  pos   high 
3TBN LEURICHRPT      1  of  2  50.83   285     6.11e-06  LTKLSLSDNKLTSL                                          14   0    137   0    
3TBN LEURICHRPT      2  of  2  41.36   229     1.17e-04  QANLNTLNLDNNHL                                          14   0    158   0    
3TBB
3TBN DSEPROTEIN2     2  of  4  25.97   154     6.44e-02  LDNNHLRTLPSGLLNSAVNLTS                                  22   0    166   0    
3TBN DSEPROTEIN2     4  of  4  31.75   266     1.23e-03  TTSTSTTTAPTSTIQITT                                      18   0    353   0    
3TBB
3TBN HGRDTASE        4  of  8  24.85   179     2.55e-02  LISLSSSCPSPCVCGFQS                                      18   0    25    0    
3TBN HGRDTASE        7  of  8  27.07   218     5.90e-03  NRLTSLPRALNGIKSAQLIQI                                   21   0    242   0    
3TBB
3TBN NEUROKININ1R    1  of  9  33.33   200     6.17e-02  PNDIPLDTNLMF                                            12   0    58    0    
3TBN NEUROKININ1R    6  of  9  33.33   255     6.02e-03  STHTSPLTTLKPQTTVST                                      18   0    374   0    
3TBB
3TBN TASK3CHANNEL    3  of  4  30.77   211     6.87e-03  GLGNNLITLIPQE                                           13   0    263   0    
3TBN TASK3CHANNEL    4  of  4  25.49   180     5.48e-02  ETTAPTTTSTSTTTAPT                                       17   0    347   0    
3TBB
3TBN EP450ICYP2B     1  of  4  30.88   168     4.56e-03  ILIFLNLVFCTLISL                                         15   0    14    0    
3TBN EP450ICYP2B     2  of  4  31.58   162     8.30e-02  QIQSIEDKAFE                                             11   0    218   0    
3TBB
3TBN 11SGLOBULIN     3  of  6  13.97   137     8.62e-02  IELLQNKIENITDGVFN                                       17   0    92    0    
3TBN 11SGLOBULIN     6  of  6  19.32   182     8.04e-03  DNKLTSLPEDMLKDQANL                                      18   0    144   0    
3TBB
3TBN GLIADIN         1  of  9  20.42   145     6.58e-02  IFLNLVFCTLISLSS                                         15   0    16    0    
3TBN GLIADIN         7  of  9  33.04   242     1.62e-02  PRALNGIKSAQLIQIGLGNNL                                   21   0    248   0    
3TBB
3TBN MUSCRINICM5R    4  of  8  30.16   223     2.04e-02  PQEAEPFFERVKNSQGKISLS                                   21   0    273   0    
3TBN MUSCRINICM5R    6  of  8  28.07   206     5.34e-02  KLIDYNFNSTVFPETTAPT                                     19   0    334   0    
3TBB
3TBN ANTIFREEZEI     1  of  3  31.67   158     1.49e-02  TSRVMSITEALTRAT                                         15   0    408   0    
3TBN ANTIFREEZEI     3  of  3  30.00   130     8.53e-02  MPASGSASSA                                              10   0    438   0    
3TBB
3TBF
Sn; 15047
Si; Fasta sequence
1TBS
1TBN NO SIGNIFICANT RESULTS ABOVE 0.0001    
1TBF
2TBS
2TBT FingerPrint     No.Motifs SumId    AveId    ProfScore  Ppvalue     Evalue      GraphScan               
2TBN BR22PROTEIN     2  of  6  56.82    28.41    633        7.66e-07    1.4         ...iI.          
2TBN GKINASEAP1      2  of  9  49.04    24.52    534        5.25e-06    11          ii.......       
2TBN STATHMIN        2  of  5  44.12    22.06    424        0.000123    2.2e+02     ..ii.           
2TBN GSYNUCLEIN      2  of  4  56.35    28.17    401        0.000184    4.1e+02     .i.i            
2TBN OUTRSURFACE     2  of  7  41.50    20.75    302        0.00034     7.8e+02     ....i.i         
2TBN 5HT2CRECEPTR    2  of  8  53.63    26.82    407        0.000439    1.5e+03     ..iI....        
2TBN INHIBINBA       2  of  6  58.59    29.29    364        0.000565    1.4e+03     ....iI          
2TBN BSYNUCLEIN      2  of  4  70.83    35.42    440        0.000699    2e+03       .I.I            
2TBN SSPAMPROTEIN    2  of  8  52.68    26.34    388        0.000848    2.8e+03     ..i.I...        
2TBN KV11CHANNEL     2  of  5  63.78    31.89    299        0.00129     4.3e+03     Ii...           
2TBF
3TBS
3TBT MotifName       No.Mots   IdScore PfScore Pvalue    Sequence                                                Len  low  pos   high 
3TBN BR22PROTEIN     4  of  6  25.00   277     2.44e-03  RKKGEEQEEQGEEQEEQEEQEEQE                                24   0    44    0    
3TBN BR22PROTEIN     5  of  6  31.82   356     3.14e-04  QEEQEEQEEQEEKKNKKNKKNK                                  22   0    69    0    
3TBB
3TBN GKINASEAP1      1  of  9  22.73   206     5.29e-03  ##MPGTTSKGDNLKVETDEENS                                  22   0    -1    0    
3TBN GKINASEAP1      2  of  9  26.32   328     9.93e-04  QEEQGEEQEEQEEQEEQEE                                     19   0    50    0    
3TBB
3TBN STATHMIN        3  of  5  18.63   193     2.41e-02  GEEQEEQGEEQEEQEEQEEQEEQE                                24   0    47    0    
3TBN STATHMIN        4  of  5  25.49   231     5.10e-03  EQEEQEEQEEKKNKKNKKNKKNKK                                24   0    71    0    
3TBB
3TBN GSYNUCLEIN      2  of  4  27.78   210     7.89e-03  SQNVTVTVSITLNTRRKKGEEQEE                                24   0    29    0    
3TBN GSYNUCLEIN      4  of  4  28.57   191     2.34e-02  EEQEEKKNKKNKKN                                          14   0    76    0    
3TBB
3TBN OUTRSURFACE     5  of  7  23.21   160     1.18e-02  TSKGDNLKVETDEENS                                        16   0    5     0    
3TBN OUTRSURFACE     7  of  7  18.28   142     2.89e-02  TVSITLNTRRKKGEEQEEQGE                                   21   0    35    0    
3TBB
3TBN 5HT2CRECEPTR    3  of  8  23.08   177     8.59e-02  QEEQEEQEEQEEK                                           13   0    69    0    
3TBN 5HT2CRECEPTR    4  of  8  30.56   230     5.11e-03  KKNKKNKKNKKT                                            12   0    84    0    
3TBB
3TBN INHIBINBA       5  of  6  28.28   204     5.74e-03  TVTVSITLNTRRKKGEEQEEQG                                  22   0    33    0    
3TBN INHIBINBA       6  of  6  30.30   160     9.85e-02  EEQEEQEEQEE                                             11   0    58    0    
3TBB
3TBN BSYNUCLEIN      2  of  4  37.50   197     4.02e-02  DEENSQRLKKEDGSQN                                        16   0    16    0    
3TBN BSYNUCLEIN      4  of  4  33.33   243     1.74e-02  KKGEEQEEQGEEQE                                          14   0    45    0    
3TBB
3TBN SSPAMPROTEIN    3  of  8  21.43   172     5.14e-02  ETDEENSQRLKKED                                          14   0    14    0    
3TBN SSPAMPROTEIN    5  of  8  31.25   216     1.65e-02  EEQGEEQEEQEE                                            12   0    51    0    
3TBB
3TBN KV11CHANNEL     1  of  5  34.62   143     3.12e-02  PGTTSKGDNLKVE                                           13   0    2     0    
3TBN KV11CHANNEL     2  of  5  29.17   156     4.13e-02  EEQEEQEEQEEQ                                            12   0    67    0    
3TBB
3TBF
Sn; 15048
Si; Fasta sequence
1TBS
1TBN NO SIGNIFICANT RESULTS ABOVE 0.0001    
1TBF
2TBS
2TBT FingerPrint     No.Motifs SumId    AveId    ProfScore  Ppvalue     Evalue      GraphScan               
2TBN NONHISHMG17     2  of  4  74.08    37.04    426        3.25e-05    1.1e+02     I..I            
2TBN OSTEOPONTIN     2  of  8  39.78    19.89    374        0.000279    5.2e+02     .....ii.        
2TBN TREACLE         2  of  3  60.21    30.11    395        0.000399    1e+03       iI.             
2TBN BETATUBULIN     2  of  13 66.98    33.49    416        0.000684    2.1e+03     ...I.....I...   
2TBN TROPOMYOSIN     2  of  5  27.54    13.77    379        0.000721    1.2e+03     .ii..           
2TBN ARRESTIN        2  of  5  42.41    21.20    347        0.000916    2.1e+03     ..ii.           
2TBN MCH2RECEPTOR    2  of  9  76.08    38.04    347        0.00246     8.3e+03     .II......       
2TBN SYNUCLEIN       2  of  5  54.48    27.24    303        0.00305     7.1e+03     ..i.i           
2TBN SYNEMBRYN       2  of  6  58.38    29.19    376        0.00418     1.1e+04     ....iI          
2TBN KV21CHANNEL     2  of  7  52.56    26.28    356        0.00428     1.4e+04     i.i....         
2TBF
3TBS
3TBT MotifName       No.Mots   IdScore PfScore Pvalue    Sequence                                                Len  low  pos   high 
3TBN NONHISHMG17     1  of  4  32.82   202     1.01e-02  KESPVKESANKEDKT                                         15   0    151   0    
3TBN NONHISHMG17     4  of  4  41.26   224     3.23e-03  AQNVDTKVDED                                             11   0    186   0    
3TBB
3TBN OSTEOPONTIN     6  of  8  26.32   173     5.24e-02  PVKESANKEDKTNVLNSSD                                     19   0    154   0    
3TBN OSTEOPONTIN     7  of  8  13.46   201     5.32e-03  TDEVESEEEEKE##############                              26   0    236   0    
3TBB
3TBN TREACLE         1  of  3  28.07   166     1.88e-02  SKNDPIKESPVKESANKED                                     19   0    145   0    
3TBN TREACLE         2  of  3  32.14   229     2.12e-02  DEVESEEEEKE###                                          14   0    237   0    
3TBB
3TBN BETATUBULIN     4  of  13 36.04   197     3.61e-02  IEKAAEKYFDEYF                                           13   0    47    0    
3TBN BETATUBULIN     10 of  13 30.93   219     1.90e-02  EGLEIESKNGNENVE                                         15   0    201   0    
3TBB
3TBN TROPOMYOSIN     2  of  5  9.89    166     6.66e-02  REEDKENAQNVDTKVDEDQDT                                   21   0    179   0    
3TBN TROPOMYOSIN     3  of  5  17.64   213     1.08e-02  EAKMGEILKITDEVESEEEEKE#######                           29   0    226   0    
3TBB
3TBN ARRESTIN        3  of  5  21.86   169     2.24e-02  NDTVHRDDIVGILARLVL                                      18   0    78    0    
3TBN ARRESTIN        4  of  5  20.54   178     4.08e-02  DQDTKEGLEIESKNGNENV                                     19   0    196   0    
3TBB
3TBN MCH2RECEPTOR    2  of  9  32.14   172     7.05e-02  HREEDKENAQNVDT                                          14   0    178   0    
3TBN MCH2RECEPTOR    3  of  9  43.94   175     3.49e-02  VETKIKDEKKE                                             11   0    214   0    
3TBB
3TBN SYNUCLEIN       3  of  5  27.92   162     5.91e-02  HREEDKENAQNVDTKVDEDQ                                    20   0    178   0    
3TBN SYNUCLEIN       5  of  5  26.56   141     5.16e-02  KMGEILKITDEVESEE                                        16   0    228   0    
3TBB
3TBN SYNEMBRYN       5  of  6  23.46   173     8.74e-02  VDTKVDEDQDTKEGLEIE                                      18   0    189   0    
3TBN SYNEMBRYN       6  of  6  34.92   203     4.79e-02  KEEEAKMGEILKIT                                          14   0    223   0    
3TBB
3TBN KV21CHANNEL     1  of  7  26.19   162     6.11e-02  RNNDTVHRDDIV                                            12   0    76    0    
3TBN KV21CHANNEL     3  of  7  26.37   194     7.00e-02  YNIQEVQCVASKN                                           13   0    135   0    
3TBB
3TBF
Sn; 15049
Si; Fasta sequence
1TBS
1TBN NO SIGNIFICANT RESULTS ABOVE 0.0001    
1TBF
2TBS
2TBT FingerPrint     No.Motifs SumId    AveId    ProfScore  Ppvalue     Evalue      GraphScan               
2TBN ZINCFINGER      2  of  2  91.59    45.80    485        2.9e-06     10          II              
2TBN BARNASE         2  of  5  49.47    24.74    474        0.000474    1.1e+03     ..i.i           
2TBN CXCCHMKINER3    2  of  9  62.22    31.11    447        0.000646    1.7e+03     .......iI       
2TBN OUTRSURFACE     2  of  7  52.57    26.29    353        0.000868    1.8e+03     .i....I         
2TBN ENOLASE         2  of  6  56.44    28.22    356        0.00123     3.8e+03     i..I..          
2TBN ALPHATUBULIN    2  of  13 56.39    28.20    384        0.0015      3.6e+03     ......I.i....   
2TBN KIR61CHANNEL    2  of  9  86.11    43.06    440        0.00168     6.8e+03     ..I...I..       
2TBN UROTENSIN2R     2  of  9  60.27    30.13    330        0.00196     5.5e+03     .i......I       
2TBN STROIDFINGER    2  of  4  56.82    28.41    355        0.00303     9.8e+03     i..I            
2TBN TOPISMRASE4B    2  of  15 60.50    30.25    415        0.00313     8.5e+03     I.....i........ 
2TBF
3TBS
3TBT MotifName       No.Mots   IdScore PfScore Pvalue    Sequence                                                Len  low  pos   high 
3TBN ZINCFINGER      1  of  2  31.40   176     2.35e-02  TCSENGCGKSFARA                                          14   0    356   0    
3TBN ZINCFINGER      2  of  2  60.19   309     1.23e-04  LKIHIRTHTG                                              10   0    372   0    
3TBB
3TBN BARNASE         3  of  5  24.21   244     7.48e-03  SLRDLRSELTSTRESEIPS                                     19   0    216   0    
3TBN BARNASE         5  of  5  25.26   230     6.34e-02  DHSPFVYPRSTEHRPTYTA                                     19   0    257   0    
3TBB
3TBN CXCCHMKINER3    8  of  9  29.41   220     1.22e-02  SRRSHDRVSLDLTDSLA                                       17   0    24    0    
3TBN CXCCHMKINER3    9  of  9  32.81   227     5.30e-02  TNASSNRESSESTYVS                                        16   0    88    0    
3TBB
3TBN OUTRSURFACE     2  of  7  22.56   198     1.91e-02  LMSSRRSHDRVSLDLTDSL                                     19   0    21    0    
3TBN OUTRSURFACE     7  of  7  30.02   155     4.54e-02  IPGIPGGSKNGINVVFRKNQT                                   21   0    177   0    
3TBB
3TBN ENOLASE         1  of  6  23.23   197     1.61e-02  IPGGSKNGINVVFRK                                         15   0    180   0    
3TBN ENOLASE         4  of  6  33.21   159     7.61e-02  GCDKNYTHPSSL                                            12   0    421   0    
3TBB
3TBN ALPHATUBULIN    7  of  13 32.71   183     7.77e-02  LASLPTDRSRYNN                                           13   0    39    0    
3TBN ALPHATUBULIN    9  of  13 23.68   201     1.94e-02  NTSVPTESSLAVNTTRSKDNYS                                  22   0    150   0    
3TBB
3TBN KIR61CHANNEL    3  of  9  41.67   230     1.88e-02  TESSLAVNTTRS                                            12   0    155   0    
3TBN KIR61CHANNEL    7  of  9  44.44   210     8.94e-02  NYTHPSSLR                                               9    0    425   0    
3TBB
3TBN UROTENSIN2R     2  of  9  28.12   170     3.50e-02  RTNSTTVSRSNDTNAS                                        16   0    76    0    
3TBN UROTENSIN2R     9  of  9  32.14   160     5.59e-02  RKHMKVHGGASKSE                                          14   0    433   0    
3TBB
3TBN STROIDFINGER    1  of  4  19.48   178     5.54e-02  #######MEVCSSQMSG                                       17   0    -6    0    
3TBN STROIDFINGER    4  of  4  37.34   177     5.47e-02  WKDCARKGM                                               9    0    326   0    
3TBB
3TBN TOPISMRASE4B    1  of  15 42.86   213     6.37e-02  PTDRSRYNNESQGV                                          14   0    43    0    
3TBN TOPISMRASE4B    7  of  15 17.65   202     4.91e-02  VCNWKDCARKGMPFKAK                                       17   0    323   0    
3TBB
3TBF
Sn; 15050
Si; Fasta sequence
1TBS
1TBN NO SIGNIFICANT RESULTS ABOVE 0.0001    
1TBF
2TBS
2TBT FingerPrint     No.Motifs SumId    AveId    ProfScore  Ppvalue     Evalue      GraphScan               
2TBN ELONGATNFCT     2  of  5  73.42    36.71    388        0.000199    8.4e+02     .Ii..           
2TBN CCYSTOKNINAR    2  of  7  44.93    22.46    416        0.000247    5.6e+02     ..ii...         
2TBN LEXASERPTASE    2  of  3  56.66    28.33    295        0.000458    1.5e+03     .Ii             
2TBN ANNEXINI        2  of  5  84.44    42.22    427        0.000519    2.2e+03     ..Ii.           
2TBN BRISCABRO1      2  of  9  59.03    29.51    404        0.000926    2.3e+03     ...I..i..       
2TBN EP450ICYP2A     2  of  4  62.13    31.06    346        0.00134     4.7e+03     i.I.            
2TBN BACINVASINB     2  of  7  38.10    19.05    355        0.00168     3.4e+03     ..i.i..         
2TBN HEATSHOCK70     2  of  9  53.33    26.67    355        0.00196     4.7e+03     I..i.....       
2TBN MCEVIRFACTOR    2  of  8  39.35    19.68    361        0.00198     4.5e+03     .i..i...        
2TBN TYPE3OMBPROT    2  of  10 48.00    24.00    325        0.00352     8e+03       .i...i....      
2TBF
3TBS
3TBT MotifName       No.Mots   IdScore PfScore Pvalue    Sequence                                                Len  low  pos   high 
3TBN ELONGATNFCT     2  of  5  44.78   177     1.03e-02  ESGITNDVT                                               9    0    225   0    
3TBN ELONGATNFCT     3  of  5  28.64   211     1.95e-02  DEIEAPGYMEL                                             11   0    256   0    
3TBB
3TBN CCYSTOKNINAR    3  of  7  28.75   214     8.52e-03  RHNESVMKKMKKKKKTESGI                                    20   0    209   0    
3TBN CCYSTOKNINAR    4  of  7  16.18   202     2.89e-02  VITNSRKPKNVKADEIE                                       17   0    243   0    
3TBB
3TBN LEXASERPTASE    2  of  3  32.69   135     6.07e-02  EEKIYAGQAVVV                                            12   0    146   0    
3TBN LEXASERPTASE    3  of  3  23.96   160     7.54e-03  HNESVMKKMKKKK                                           13   0    210   0    
3TBB
3TBN ANNEXINI        3  of  5  55.56   234     1.73e-02  YGQYKNVPLD                                              10   0    121   0    
3TBN ANNEXINI        4  of  5  28.89   193     2.99e-02  SGITNDVTDS                                              10   0    226   0    
3TBB
3TBN BRISCABRO1      4  of  9  31.25   224     1.12e-02  ESVMKKMKKKKKTESG                                        16   0    212   0    
3TBN BRISCABRO1      7  of  9  27.78   180     8.26e-02  RVNTEYETLQQNKKYARE                                      18   0    309   0    
3TBB
3TBN EP450ICYP2A     1  of  4  21.46   147     2.12e-02  ######MVIDGLV                                           13   0    -5    0    
3TBN EP450ICYP2A     3  of  4  40.67   199     6.32e-02  KYAREPDYEDV                                             11   0    322   0    
3TBB
3TBN BACINVASINB     3  of  7  21.43   210     3.19e-02  KGNKNASDLPTNISDYEDAQE                                   21   0    77    0    
3TBN BACINVASINB     5  of  7  16.67   145     5.27e-02  PGYMELQPRQSNDTVYQSVQE                                   21   0    261   0    
3TBB
3TBN HEATSHOCK70     1  of  9  30.08   176     3.01e-02  KNVPLDKGETYMIA                                          14   0    125   0    
3TBN HEATSHOCK70     4  of  9  23.26   179     6.50e-02  YMELQPRQSNDTVYQSVQEPG                                   21   0    263   0    
3TBB
3TBN MCEVIRFACTOR    2  of  8  22.35   169     3.77e-02  GTSYEFWVTASTACGKS                                       17   0    9     0    
3TBN MCEVIRFACTOR    5  of  8  17.00   192     5.25e-02  TIEVTQDLTEYCNCEHIAKE                                    20   0    159   0    
3TBB
3TBN TYPE3OMBPROT    2  of  10 28.70   162     5.28e-02  NKNASDLPTNISDYEDAQ                                      18   0    79    0    
3TBN TYPE3OMBPROT    6  of  10 19.30   163     6.65e-02  YSATDVITNSRKPKNVKAD                                     19   0    238   0    
3TBB
3TBF
Sn; 15051
Si; Fasta sequence
1TBS
1TBN NO SIGNIFICANT RESULTS ABOVE 0.0001    
1TBF
2TBS
2TBT FingerPrint     No.Motifs SumId    AveId    ProfScore  Ppvalue     Evalue      GraphScan               
2TBN NAPIN           2  of  5  60.88    30.44    423        0.000157    3.7e+02     i.I..           
2TBN PRORICH         2  of  5  74.88    37.44    343        0.000188    9.3e+02     ..I.I           
2TBN TNFACTORR16     2  of  4  58.40    29.20    428        0.00023     7.4e+02     .ii.            
2TBN HISTONEH5       2  of  7  63.33    31.67    334        0.000472    1.1e+03     ....I.I         
2TBN ANNEXINII       2  of  6  56.67    28.33    365        0.000635    2.2e+03     .i.I..          
2TBN KCNQ3CHANNEL    2  of  9  78.57    39.29    394        0.00108     3.8e+03     ..Ii.....       
2TBN DAGPEDOMAIN     2  of  4  68.07    34.03    342        0.00202     7.7e+03     .iI.            
2TBN CERATITISADH    2  of  9  62.75    31.37    355        0.00361     1.1e+04     .i...I...       
2TBN P2Y13PRNCPTR    2  of  7  51.19    25.60    360        0.00664     1.9e+04     ....i.I         
2TBF
3TBS
3TBT MotifName       No.Mots   IdScore PfScore Pvalue    Sequence                                                Len  low  pos   high 
3TBN NAPIN           1  of  5  29.09   256     1.25e-02  DCKKKPQKYQNATAFKNDLHDT                                  22   0    7     0    
3TBN NAPIN           3  of  5  31.79   167     1.26e-02  LKAPKKCVKCEQKT                                          14   0    63    0    
3TBB
3TBN PRORICH         3  of  5  39.88   165     8.60e-02  LKAPKKC                                                 7    0    63    0    
3TBN PRORICH         5  of  5  35.00   178     2.18e-03  AQPEPSQQER                                              10   0    106   0    
3TBB
3TBN TNFACTORR16     2  of  4  29.41   195     4.05e-02  NSTPVVGVCTRC                                            12   0    36    0    
3TBN TNFACTORR16     3  of  4  28.99   233     5.66e-03  CTKCAQQGGFCEKC                                          14   0    85    0    
3TBB
3TBN HISTONEH5       5  of  7  31.11   160     3.74e-02  RKGDCKKKPQKYQNA                                         15   0    4     0    
3TBN HISTONEH5       7  of  7  32.22   174     1.26e-02  KKFKKYKPLKAPKKCVKCEQ                                    20   0    55    0    
3TBB
3TBN ANNEXINII       2  of  6  25.83   154     2.64e-02  PQKYQNATAFKN                                            12   0    12    0    
3TBN ANNEXINII       4  of  6  30.83   211     2.40e-02  EDDSEEEHDYLD                                            12   0    162   0    
3TBB
3TBN KCNQ3CHANNEL    3  of  9  50.00   210     1.17e-02  STPVVGVCTR                                              10   0    37    0    
3TBN KCNQ3CHANNEL    4  of  9  28.57   184     9.28e-02  QQERAAQDSQLQQE                                          14   0    112   0    
3TBB
3TBN DAGPEDOMAIN     2  of  4  29.70   162     8.38e-02  CTRCSDAIEW                                              10   0    44    0    
3TBN DAGPEDOMAIN     3  of  4  38.37   180     2.41e-02  QGGFCEKCGEVK                                            12   0    91    0    
3TBB
3TBN CERATITISADH    2  of  9  29.41   165     6.69e-02  ATAFKNDLHDTSKTTKL                                       17   0    18    0    
3TBN CERATITISADH    6  of  9  33.33   190     5.40e-02  GLKDNVHS####                                            12   0    182   0    
3TBB
3TBN P2Y13PRNCPTR    5  of  7  17.86   170     9.75e-02  RKKFKKYKPLKAPK                                          14   0    54    0    
3TBN P2Y13PRNCPTR    7  of  7  33.33   190     6.81e-02  DSEEEHDYLDDLTDL                                         15   0    164   0    
3TBB
3TBF
Sn; 15052
Si; Fasta sequence
1TBS
1TBN NO SIGNIFICANT RESULTS ABOVE 0.0001    
1TBF
2TBS
2TBT FingerPrint     No.Motifs SumId    AveId    ProfScore  Ppvalue     Evalue      GraphScan               
2TBN FNTYPEIII       4  of  4  125.32   31.33    731        2.05e-09    0.0031      IiiI            
2TBN VEGFRECEPTOR    3  of  6  93.65    31.22    651        1.36e-06    2.5         ...Iii          
2TBN VCAM1           3  of  6  106.07   35.36    758        2.01e-06    4.5         ..I.II          
2TBN GPCRMGR         2  of  12 63.65    31.82    402        0.00018     4.9e+02     I.....I.....    
2TBN KIR31CHANNEL    2  of  12 57.78    28.89    445        0.00067     1.4e+03     i........I..    
2TBN GPR153          2  of  9  74.18    37.09    419        0.000809    2.5e+03     I....I...       
2TBN SULFNYLUR2      2  of  4  55.45    27.73    502        0.000815    2.1e+03     ..Ii            
2TBN ICAMVCAM1       2  of  4  42.96    21.48    348        0.000818    2.1e+03     i.i.            
2TBN RCCNDNSATION    2  of  8  54.72    27.36    400        0.00093     2e+03       ....i..i        
2TBN 5HT2CRECEPTR    2  of  8  67.59    33.80    434        0.00105     3e+03       .I.I....        
2TBF
3TBS
3TBT MotifName       No.Mots   IdScore PfScore Pvalue    Sequence                                                Len  low  pos   high 
3TBN FNTYPEIII       1  of  4  31.17   209     4.92e-02  SSANVRWTKP                                              10   0    485   0    
3TBN FNTYPEIII       2  of  4  29.74   148     2.51e-02  GSPANGYLLES                                             11   0    499   0    
3TBN FNTYPEIII       3  of  4  25.04   149     4.44e-03  VRTIDTYTVLTGLKKDSQY                                     19   0    515   0    
3TBN FNTYPEIII       4  of  4  39.37   225     3.74e-04  YKFTVTAWNKYGESI                                         15   0    636   0    
3TBB
3TBN VEGFRECEPTOR    4  of  6  38.46   238     6.92e-03  ISEGQDLRVPCTA                                           13   0    145   0    
3TBN VEGFRECEPTOR    5  of  6  27.78   211     5.74e-03  LRVPDAIKTDAGKYICTA                                      18   0    274   0    
3TBN VEGFRECEPTOR    6  of  6  27.41   202     3.43e-02  DSLSIKCDADGYPPP                                         15   0    330   0    
3TBB
3TBN VCAM1           3  of  6  32.97   249     1.14e-02  EGQDLRVPCTAVG                                           13   0    147   0    
3TBN VCAM1           5  of  6  36.36   180     7.11e-02  TGSATLRIPNI                                             11   0    180   0    
3TBN VCAM1           6  of  6  36.73   329     2.48e-03  RRDQNGTYECQASN                                          14   0    191   0    
3TBB
3TBN GPCRMGR         1  of  12 31.01   174     6.58e-02  DGHTVTGGTLRVP                                           13   0    265   0    
3TBN GPCRMGR         7  of  12 32.64   228     2.74e-03  VLTTADQGDYGQYKCRAT                                      18   0    437   0    
3TBB
3TBN KIR31CHANNEL    1  of  12 22.22   182     8.25e-02  AHGITRNVGQDVVFMWNRTSGSIV                                24   0    14    0    
3TBN KIR31CHANNEL    10 of  12 35.56   263     8.12e-03  VPGGSEVTVLTTADQ                                         15   0    429   0    
3TBB
3TBN GPR153          1  of  9  38.46   242     1.03e-02  EGQDLRVPCTAVG                                           13   0    147   0    
3TBN GPR153          6  of  9  35.71   177     7.83e-02  PGIPELLTSLLIET                                          14   0    561   0    
3TBB
3TBN SULFNYLUR2      3  of  4  35.71   220     8.28e-02  KTAYASGKSVNSCT                                          14   0    665   0    
3TBN SULFNYLUR2      4  of  4  19.74   282     9.84e-03  NIRNQDSTYQSLQTNSRES                                     19   0    802   0    
3TBB
3TBN ICAMVCAM1       1  of  4  21.66   189     1.10e-02  SLTVVQGDEILLSCTAD                                       17   0    231   0    
3TBN ICAMVCAM1       3  of  4  21.31   159     7.46e-02  ETDSLSIKCDADGYPP                                        16   0    328   0    
3TBB
3TBN RCCNDNSATION    5  of  8  27.45   185     3.32e-02  VVQGDEILLSCTADGYP                                       17   0    234   0    
3TBN RCCNDNSATION    8  of  8  27.27   215     2.80e-02  ATGLPAPRISWYKPTNQQITTG                                  22   0    404   0    
3TBB
3TBN 5HT2CRECEPTR    2  of  8  31.48   224     2.06e-02  KPTNQQITTGINSVPGGS                                      18   0    416   0    
3TBN 5HT2CRECEPTR    4  of  8  36.11   210     5.11e-02  SRKQKQRNQRTK                                            12   0    685   0    
3TBB
3TBF
Sn; 15053
Si; Fasta sequence
1TBS
1TBH GPCRRHODOPSN    1.2e-25        Rhodopsin-like GPCR superfamily signature                                PR00237         
1TBF
2TBS
2TBT FingerPrint     No.Motifs SumId    AveId    ProfScore  Ppvalue     Evalue      GraphScan               
2TBH GPCRRHODOPSN    7  of  7  170.59   24.37    1609       2.32e-31    1.2e-25     iiiiiiI         
2TBN NRPEPTIDEYR     3  of  5  75.38    25.13    527        2.79e-06    5.9         ..iii           
2TBN BCTERIALGSPF    2  of  4  46.12    23.06    399        6.98e-06    12          .i.i            
2TBN PRPRECEPTOR     2  of  10 60.00    30.00    490        2.05e-05    53          ...I.i....      
2TBN NAALASMPORT     2  of  6  39.66    19.83    332        3.3e-05     70          ...i.i          
2TBN DUFFYANTIGEN    2  of  7  38.56    19.28    430        3.61e-05    60          i.....i         
2TBN RABGDIREP       2  of  7  54.53    27.27    397        4.76e-05    1.1e+02     i...i..         
2TBN FRIZZLED        2  of  7  33.45    16.72    369        0.00012     2.3e+02     .....ii         
2TBN MG045FAMILY     2  of  9  42.68    21.34    453        0.000126    2.5e+02     ....i.i..       
2TBN 5HT2CRECEPTR    2  of  8  75.00    37.50    431        0.000238    6.7e+02     .I.I....        
2TBF
3TBS
3TBT MotifName       No.Mots   IdScore PfScore Pvalue    Sequence                                                Len  low  pos   high 
3TBH GPCRRHODOPSN    1  of  7  20.11   115     6.13e-03  VRFVVYLGSLILGTFGGCAVLAAII                               25   0    20    0    
3TBH GPCRRHODOPSN    2  of  7  27.95   236     2.21e-06  NDIFLTNLAISDMLTIWVYVGV                                  22   0    53    0    
3TBH GPCRRHODOPSN    3  of  7  23.79   153     2.16e-03  MSVPLCASIFTITSMAVIRCRSI                                 23   0    96    0    
3TBH GPCRRHODOPSN    4  of  7  21.91   219     1.44e-03  TAKIWVLGLWIAAFIVLTPALV                                  22   0    130   0    
3TBH GPCRRHODOPSN    5  of  7  25.41   274     7.01e-07  VFFIFILEYLFPLVIVLCCYVGIG                                24   0    174   0    
3TBH GPCRRHODOPSN    6  of  7  20.34   237     5.77e-04  IIKAIAVIVVVFAVFLMPLQVGMMM                               25   0    219   0    
3TBH GPCRRHODOPSN    7  of  7  31.09   375     1.36e-08  MNYADILCIFHSCLNPFIYGIVPREFR                             27   0    259   0    
3TBB
3TBN NRPEPTIDEYR     3  of  5  26.42   177     4.96e-03  MSVPLCASIFTITSMA                                        16   0    96    0    
3TBN NRPEPTIDEYR     4  of  5  25.91   172     2.05e-02  ILCIFHSCLN                                              10   0    264   0    
3TBN NRPEPTIDEYR     5  of  5  23.05   178     2.73e-02  FIYGIVPREFRNRY                                          14   0    275   0    
3TBB
3TBN BCTERIALGSPF    2  of  4  18.62   161     1.56e-02  NTSSSIIYPLESPEANVRFVVYLGSLILG                           29   0    4     0    
3TBN BCTERIALGSPF    4  of  4  27.50   238     4.47e-04  AVIVVVFAVFLMPLQVGMMM                                    20   0    224   0    
3TBB
3TBN PRPRECEPTOR     4  of  10 33.33   270     2.03e-03  FWPLMSVPLCASIFTITS                                      18   0    92    0    
3TBN PRPRECEPTOR     6  of  10 26.67   220     1.01e-02  VLCCYVGIGMSLKKL                                         15   0    189   0    
3TBB
3TBN NAALASMPORT     4  of  6  20.61   183     4.78e-03  VYLGSLILGTFGGCAVLAA                                     19   0    24    0    
3TBN NAALASMPORT     6  of  6  19.05   149     6.89e-03  ENKDIIKAIAVIVVVFAVFLM                                   21   0    215   0    
3TBB
3TBN DUFFYANTIGEN    1  of  7  18.45   159     3.87e-02  RFVVYLGSLILGTFGGCAVLAAII                                24   0    21    0    
3TBN DUFFYANTIGEN    7  of  7  20.11   271     9.32e-04  LVLTFMNYADILCIFHSCLNPFIYGIV                             27   0    254   0    
3TBB
3TBN RABGDIREP       1  of  7  24.62   167     3.20e-02  GSLILGTFGGCAVLAAIIT                                     19   0    27    0    
3TBN RABGDIREP       5  of  7  29.91   230     1.49e-03  SQRRAYVFFIFILEYL                                        16   0    168   0    
3TBB
3TBN FRIZZLED        6  of  7  13.64   189     5.76e-03  PLMSVPLCASIFTITSMAVIRC                                  22   0    94    0    
3TBN FRIZZLED        7  of  7  19.81   180     2.08e-02  IFILEYLFPLVIVLCCYVGIG                                   21   0    177   0    
3TBB
3TBN MG045FAMILY     5  of  9  23.47   220     1.57e-02  ILEYLFPLVIVLCCYVGIGMSLKKL                               25   0    179   0    
3TBN MG045FAMILY     7  of  9  19.22   233     8.01e-03  NNVHLGTTDDEIL####                                       17   0    320   0    
3TBB
3TBN 5HT2CRECEPTR    2  of  8  33.33   231     7.12e-03  AVLAAIITKQGNKTDNDI                                      18   0    38    0    
3TBN 5HT2CRECEPTR    4  of  8  41.67   200     3.35e-02  RYKFREQRDMGG                                            12   0    308   0    
3TBB
3TBF
Sn; 15054
Si; Fasta sequence
1TBS
1TBN NO SIGNIFICANT RESULTS ABOVE 0.0001    
1TBF
2TBS
2TBT FingerPrint     No.Motifs SumId    AveId    ProfScore  Ppvalue     Evalue      GraphScan               
2TBN BR22PROTEIN     2  of  6  62.75    31.38    565        2.92e-05    54          ...iI.          
2TBN OMS28PORIN      2  of  11 77.94    38.97    465        0.000158    4.2e+02     ....I..I...     
2TBN POLR2GRINL1     2  of  7  44.11    22.05    420        0.000283    5e+02       ...ii..         
2TBN TROPOMYOSIN     2  of  5  47.80    23.90    398        0.000311    6.2e+02     i..i.           
2TBN EDG1RECEPTOR    2  of  9  55.17    27.59    398        0.000367    8.6e+02     .I...i...       
2TBN ANGIOMOTIN      2  of  7  54.93    27.47    412        0.000441    1.1e+03     i.....I         
2TBN SFASSEMBLIN     2  of  9  47.62    23.81    408        0.000605    1.1e+03     ..ii.....       
2TBN FMOXYGENASE     2  of  13 48.12    24.06    320        0.000685    1.7e+03     ...i.....i...   
2TBN CYTOCHROMEF     2  of  13 46.31    23.15    360        0.000781    1.7e+03     ......i.....i   
2TBN TYPE4SSCAGA     2  of  11 54.86    27.43    425        0.00135     3.2e+03     .....i.i...     
2TBF
3TBS
3TBT MotifName       No.Mots   IdScore PfScore Pvalue    Sequence                                                Len  low  pos   high 
3TBN BR22PROTEIN     4  of  6  26.39   186     9.08e-02  GFIKIRDRLKELQEEVAKKREAKE                                24   0    222   0    
3TBN BR22PROTEIN     5  of  6  36.36   379     3.22e-04  ERIQRREEREKERRERERKYKE                                  22   0    247   0    
3TBB
3TBN OMS28PORIN      5  of  11 38.46   180     4.57e-02  DSMALMKEVDELK                                           13   0    156   0    
3TBN OMS28PORIN      8  of  11 39.47   285     3.44e-03  DRLKELQEEVAKKREAKEK                                     19   0    228   0    
3TBB
3TBN POLR2GRINL1     4  of  7  25.27   203     2.49e-02  KEKERIQRREEREKERRERERKYKEG                              26   0    244   0    
3TBN POLR2GRINL1     5  of  7  18.83   217     1.13e-02  RNGERHREQDRQR#########                                  22   0    295   0    
3TBB
3TBN TROPOMYOSIN     1  of  5  22.44   196     1.95e-02  FINDCDRKIQIAKKRLED                                      18   0    100   0    
3TBN TROPOMYOSIN     4  of  5  25.36   202     1.60e-02  DRERSRERRRNGERHREQDRQR##                                24   0    286   0    
3TBB
3TBN EDG1RECEPTOR    2  of  9  34.12   200     1.52e-02  GTKRDGAASEVDIKFTN                                       17   0    16    0    
3TBN EDG1RECEPTOR    6  of  9  21.05   198     2.41e-02  RDRLKELQEEVAKKREAKE                                     19   0    227   0    
3TBB
3TBN ANGIOMOTIN      1  of  7  23.68   207     1.78e-02  EQMKKMLDELMGTKRDGAA                                     19   0    5     0    
3TBN ANGIOMOTIN      7  of  7  31.25   205     2.48e-02  ERERKYKEGGDRDRRD                                        16   0    261   0    
3TBB
3TBN SFASSEMBLIN     3  of  9  22.62   223     1.81e-02  YDNDRRLADHFGGKLHMGFIK                                   21   0    205   0    
3TBN SFASSEMBLIN     4  of  9  25.00   185     3.34e-02  KKREAKEKERIQRREEREKERRERER                              26   0    239   0    
3TBB
3TBN FMOXYGENASE     4  of  13 20.62   152     8.57e-02  RDYGYDIDQMEYLKSF                                        16   0    85    0    
3TBN FMOXYGENASE     10 of  13 27.50   168     8.00e-03  FIKIRDRLKELQEEVAKK                                      18   0    223   0    
3TBB
3TBN CYTOCHROMEF     7  of  13 22.15   167     4.32e-02  SYLMGLCPHELFNNTKFQILK                                   21   0    38    0    
3TBN CYTOCHROMEF     13 of  13 24.15   193     1.81e-02  DELKIQKRQAEEIYRSKL                                      18   0    165   0    
3TBB
3TBN TYPE4SSCAGA     6  of  11 27.08   203     5.08e-02  ELFNNTKFQILKQKMDLG                                      18   0    47    0    
3TBN TYPE4SSCAGA     8  of  11 27.78   222     2.66e-02  RDRNRGRDRDRERSRERR                                      18   0    277   0    
3TBB
3TBF
Sn; 15055
Si; Fasta sequence
1TBS
1TBN NO SIGNIFICANT RESULTS ABOVE 0.0001    
1TBF
2TBS
2TBT FingerPrint     No.Motifs SumId    AveId    ProfScore  Ppvalue     Evalue      GraphScan               
2TBN 2SGLOBULIN      2  of  9  35.11    17.55    358        0.000634    1.3e+03     ...i.i...       
2TBN OSTEOPONTIN     2  of  8  38.75    19.38    370        0.000871    1.8e+03     ..i.i...        
2TBN MUSCRINICM4R    2  of  5  37.68    18.84    282        0.00212     4.8e+03     .ii..           
2TBN ALPHAHAEM       2  of  5  58.54    29.27    304        0.00336     1.1e+04     .i.I.           
2TBN ACTROPHINR      2  of  6  60.56    30.28    294        0.00376     1.3e+04     ....iI          
2TBN 5HT1ARECEPTR    2  of  7  46.67    23.33    306        0.00435     1e+04       ...i..i         
2TBN ANGIOMOTIN      2  of  7  44.44    22.22    350        0.00655     1.6e+04     ....i.i         
2TBF
3TBS
3TBT MotifName       No.Mots   IdScore PfScore Pvalue    Sequence                                                Len  low  pos   high 
3TBN 2SGLOBULIN      4  of  9  20.61   192     9.84e-03  IKSMLKNKDIRKIITNIDG                                     19   0    92    0    
3TBN 2SGLOBULIN      6  of  9  14.49   166     6.45e-02  LSVVESKNENDG###########                                 23   0    135   0    
3TBB
3TBN OSTEOPONTIN     3  of  8  18.75   237     9.00e-03  KKESENVDTGQQEGQISNDENSEDED                              26   0    51    0    
3TBN OSTEOPONTIN     5  of  8  20.00   133     9.68e-02  LSVVESKNENDG###                                         15   0    135   0    
3TBB
3TBN MUSCRINICM4R    2  of  5  26.25   144     2.24e-02  KKLENCNVIKSMLKNK                                        16   0    84    0    
3TBN MUSCRINICM4R    3  of  5  11.43   138     9.45e-02  VESKNENDG############                                   21   0    138   0    
3TBB
3TBN ALPHAHAEM       2  of  5  24.00   162     4.18e-02  LYCSLPCFKSH                                             11   0    28    0    
3TBN ALPHAHAEM       4  of  5  34.53   142     8.03e-02  DEDRLSLSDLKKLE                                          14   0    74    0    
3TBB
3TBN ACTROPHINR      5  of  6  30.00   157     5.95e-02  SHKENICELETEKRK                                         15   0    37    0    
3TBN ACTROPHINR      6  of  6  30.56   137     6.33e-02  RTSMKEPIF                                               9    0    119   0    
3TBB
3TBN 5HT1ARECEPTR    4  of  7  21.67   136     8.96e-02  LETEKRKKESENVDTGQQEG                                    20   0    45    0    
3TBN 5HT1ARECEPTR    7  of  7  25.00   170     4.85e-02  CLSVVESKNENDG###                                        16   0    134   0    
3TBB
3TBN ANGIOMOTIN      5  of  7  27.78   190     9.01e-02  ICELETEKRKKESENVDT                                      18   0    42    0    
3TBN ANGIOMOTIN      7  of  7  16.67   160     7.27e-02  FADQCLSVVESKNEND                                        16   0    130   0    
3TBB
3TBF
Sn; 15056
Si; Fasta sequence
1TBS
1TBN NO SIGNIFICANT RESULTS ABOVE 0.0001    
1TBF
2TBS
2TBT FingerPrint     No.Motifs SumId    AveId    ProfScore  Ppvalue     Evalue      GraphScan               
2TBN HISTONEH5       3  of  7  76.05    25.35    562        1.19e-07    0.19        ....iii         
2TBN BR22PROTEIN     2  of  6  51.14    25.57    640        4.41e-07    0.81        ...iI.          
2TBN GKINASEAP1      2  of  9  38.56    19.28    564        3.3e-06     6.8         ii.......       
2TBN HIGHMOBLTYIY    2  of  5  50.22    25.11    384        3.66e-05    93          i..i.           
2TBN STATHMIN        2  of  5  42.82    21.41    427        3.7e-05     59          .ii..           
2TBN SOMATOSTATNR    2  of  7  51.43    25.71    312        4.92e-05    1.7e+02     ...ii..         
2TBN LEUZIPPRFOS     2  of  5  47.79    23.90    416        0.000216    5.4e+02     .ii..           
2TBN BRADYKINNB2R    2  of  8  44.71    22.35    402        0.000361    8.2e+02     ...i.i..        
2TBN 5HT6RECEPTR     2  of  13 58.08    29.04    364        0.000447    9.4e+02     ........Ii...   
2TBN ATHOOK          2  of  3  58.33    29.17    289        0.000495    1.9e+03     i.i             
2TBF
3TBS
3TBT MotifName       No.Mots   IdScore PfScore Pvalue    Sequence                                                Len  low  pos   high 
3TBN HISTONEH5       5  of  7  28.15   156     2.58e-02  KATGTTTKATAARKR                                         15   0    9     0    
3TBN HISTONEH5       6  of  7  23.46   153     2.21e-02  KKERKKERKKERKKERKK                                      18   0    39    0    
3TBN HISTONEH5       7  of  7  24.44   253     2.08e-04  ERKKERKKERKKEKKNRKKE                                    20   0    61    0    
3TBB
3TBN BR22PROTEIN     4  of  6  20.83   247     5.30e-03  RKKERKKERKKERKKERKKERKKE                                24   0    34    0    
3TBN BR22PROTEIN     5  of  6  30.30   393     8.32e-05  KKERKKERKKERKKEKKNRKKE                                  22   0    59    0    
3TBB
3TBN GKINASEAP1      1  of  9  9.09    129     9.65e-02  ###############MKTTGTK                                  22   0    -14   0    
3TBN GKINASEAP1      2  of  9  29.47   435     3.42e-05  KERKKERKKERKKERKKER                                     19   0    28    0    
3TBB
3TBN HIGHMOBLTYIY    1  of  5  23.08   176     2.16e-02  ARKRKEGKKERKK                                           13   0    20    0    
3TBN HIGHMOBLTYIY    4  of  5  27.14   208     1.69e-03  KKERKKERKKERKKEKKNRK                                    20   0    59    0    
3TBB
3TBN STATHMIN        2  of  5  21.50   268     5.73e-04  AARKRKEGKKERKKERKKERKKERKKERK                           29   0    19    0    
3TBN STATHMIN        3  of  5  21.32   159     6.46e-02  KERKKERKKERKKERKKERKKERK                                24   0    48    0    
3TBB
3TBN SOMATOSTATNR    4  of  7  24.12   107     3.16e-02  TKTKATGTTT                                              10   0    6     0    
3TBN SOMATOSTATNR    5  of  7  27.31   205     1.56e-03  GKKERKKERKKERK                                          14   0    26    0    
3TBB
3TBN LEUZIPPRFOS     2  of  5  23.28   212     1.41e-02  RKKERKKERKKERKKER                                       17   0    50    0    
3TBN LEUZIPPRFOS     3  of  5  24.51   204     1.54e-02  KKERKKEKKNRKKE###                                       17   0    67    0    
3TBB
3TBN BRADYKINNB2R    4  of  8  24.71   212     1.75e-02  KEGKKERKKERKKERKK                                       17   0    24    0    
3TBN BRADYKINNB2R    6  of  8  20.00   190     2.07e-02  KKNRKKE#############                                    20   0    74    0    
3TBB
3TBN 5HT6RECEPTR     9  of  13 30.30   184     1.48e-02  TGTKTKATGTTTKATAARKRKE                                  22   0    4     0    
3TBN 5HT6RECEPTR     10 of  13 27.78   180     3.02e-02  EGKKERKKERKKERKKER                                      18   0    25    0    
3TBB
3TBN ATHOOK          1  of  3  29.55   176     6.10e-03  KRKEGKKERKK                                             11   0    22    0    
3TBN ATHOOK          3  of  3  28.79   113     8.12e-02  ERKKERKKEKK                                             11   0    65    0    
3TBB
3TBF
Sn; 15057
Si; Fasta sequence
1TBS
1TBN NO SIGNIFICANT RESULTS ABOVE 0.0001    
1TBF
2TBS
2TBT FingerPrint     No.Motifs SumId    AveId    ProfScore  Ppvalue     Evalue      GraphScan               
2TBN THYROIDHORMR    2  of  9  28.69    14.35    389        0.000191    3.9e+02     ...i..i..       
2TBN CGMPKINASE      2  of  6  49.70    24.85    335        0.000273    7.7e+02     I....i          
2TBN EAGCHANNEL      2  of  12 66.10    33.05    339        0.000346    1.2e+03     ..Ii........    
2TBN OREXIN1R        2  of  4  73.86    36.93    300        0.0018      6.6e+03     .I.I            
2TBN ZETAHAEM        2  of  4  69.84    34.92    273        0.00395     2.1e+04     ..II            
2TBF
3TBS
3TBT MotifName       No.Mots   IdScore PfScore Pvalue    Sequence                                                Len  low  pos   high 
3TBN THYROIDHORMR    4  of  9  19.60   220     6.00e-03  RKIVDVDDEQKRPKDTSLR                                     19   0    6     0    
3TBN THYROIDHORMR    7  of  9  9.09    169     3.19e-02  FSRLVTG###############                                  22   0    93    0    
3TBB
3TBN CGMPKINASE      1  of  6  32.73   174     2.20e-02  VDNIRKIVDVDDEQK                                         15   0    2     0    
3TBN CGMPKINASE      6  of  6  16.97   161     1.24e-02  FSRLVTG########                                         15   0    93    0    
3TBB
3TBN EAGCHANNEL      3  of  12 37.04   146     8.00e-02  GVSSIPSFKQGY                                            12   0    67    0    
3TBN EAGCHANNEL      4  of  12 29.06   193     4.32e-03  KFSRLVTG#####                                           13   0    92    0    
3TBB
3TBN OREXIN1R        2  of  4  37.50   160     5.41e-02  EQKRPKDTSLRS                                            12   0    14    0    
3TBN OREXIN1R        4  of  4  36.36   140     3.33e-02  IVCTQVFVELK                                             11   0    35    0    
3TBB
3TBN ZETAHAEM        3  of  4  30.95   149     4.17e-02  #MVDNIR                                                 7    0    0     0    
3TBN ZETAHAEM        4  of  4  38.89   124     9.48e-02  SIVGGVSSI                                               9    0    63    0    
3TBB
3TBF
Sn; 15058
Si; Fasta sequence
1TBS
1TBN NO SIGNIFICANT RESULTS ABOVE 0.0001    
1TBF
2TBS
2TBT FingerPrint     No.Motifs SumId    AveId    ProfScore  Ppvalue     Evalue      GraphScan               
2TBN LEUZIPPRCREB    2  of  6  65.69    32.85    492        0.000146    3.1e+02     i..I..          
2TBN RAD1REC1        2  of  8  61.90    30.95    340        0.000299    7e+02       i....I..        
2TBN GLUTENIN        2  of  5  72.01    36.00    386        0.000936    2.1e+03     I..I.           
2TBN VASOPRESSINR    2  of  8  43.53    21.76    325        0.00274     8.2e+03     i....i..        
2TBN LATROPHILIN     2  of  4  55.38    27.69    462        0.00308     7.2e+03     .i.i            
2TBN PSYCHOSINER     2  of  10 51.92    25.96    410        0.00328     9.5e+03     ...i.....i      
2TBN APJRECEPTOR     2  of  7  72.22    36.11    500        0.00332     1e+04       I....I.         
2TBN BLACTAMASEA     2  of  7  54.14    27.07    308        0.0039      7.7e+03     .i.i...         
2TBF
3TBS
3TBT MotifName       No.Mots   IdScore PfScore Pvalue    Sequence                                                Len  low  pos   high 
3TBN LEUZIPPRCREB    1  of  6  26.09   287     2.05e-03  LGHHQKSKECKAIKEKYGKLMNE                                 23   0    928   0    
3TBN LEUZIPPRCREB    4  of  6  39.61   205     7.09e-02  DEAIRLLRERLTKLRNK                                       17   0    1015  0    
3TBB
3TBN RAD1REC1        1  of  8  29.37   164     1.53e-02  ASKSSVTNLDEIENTEHV                                      18   0    252   0    
3TBN RAD1REC1        6  of  8  32.54   176     1.95e-02  FGFSLPTASTPRLDLQVK                                      18   0    455   0    
3TBB
3TBN GLUTENIN        1  of  5  30.71   179     3.13e-02  KYLTFNITQTTGLVTLISTE                                    20   0    414   0    
3TBN GLUTENIN        4  of  5  41.30   207     2.99e-02  GHHSKEGQKIRPKVVKF                                       17   0    1048  0    
3TBB
3TBN VASOPRESSINR    1  of  8  24.36   169     3.55e-02  REKTAKQIEISVK                                           13   0    293   0    
3TBN VASOPRESSINR    6  of  8  19.17   156     7.70e-02  ITNEKVKDFPIEIII                                         15   0    579   0    
3TBB
3TBN LATROPHILIN     2  of  4  26.09   223     5.59e-02  YLVSEESAHSVKNDLRETLGEDH                                 23   0    72    0    
3TBN LATROPHILIN     4  of  4  29.29   239     5.52e-02  CKAIKEKYGKLMN                                           13   0    937   0    
3TBB
3TBN PSYCHOSINER     4  of  10 26.92   200     7.95e-02  ISPIKFSTTKVSN                                           13   0    315   0    
3TBN PSYCHOSINER     10 of  10 25.00   210     4.13e-02  QIEISIKDTVKTKQIS                                        16   0    527   0    
3TBB
3TBN APJRECEPTOR     1  of  7  38.89   250     9.87e-02  DNYWLGDTREEI                                            12   0    53    0    
3TBN APJRECEPTOR     6  of  7  33.33   250     3.36e-02  EPGHGEGDNIYRGGK                                         15   0    382   0    
3TBB
3TBN BLACTAMASEA     2  of  7  25.74   156     4.09e-02  ERYSSEAFSKVFHLFSIL                                      18   0    880   0    
3TBN BLACTAMASEA     4  of  7  28.40   152     9.53e-02  RGEIDGIIERERNEGDEAIRLLRER                               25   0    1000  0    
3TBB
3TBF
Sn; 15059
Si; Fasta sequence
1TBS
1TBH TRANSFERRIN     7.6e-51        Transferrin signature                                                    PR00422         
1TBF
2TBS
2TBT FingerPrint     No.Motifs SumId    AveId    ProfScore  Ppvalue     Evalue      GraphScan               
2TBH TRANSFERRIN     8  of  10 409.86   51.23    4005       1.34e-56    7.6e-51     IIIIII.II.      
2TBN SUPERTUBBY      2  of  7  51.34    25.67    356        0.000546    1.4e+03     i...I..         
2TBN OMPTIN          2  of  9  44.76    22.38    362        0.000924    2.2e+03     i......i.       
2TBN HATPASE         2  of  5  48.20    24.10    283        0.00109     2.2e+03     I...i           
2TBN BETALLERGEN     2  of  7  48.16    24.08    307        0.00119     3.2e+03     ....ii.         
2TBN DEUTEROLYSIN    2  of  5  40.00    20.00    355        0.0022      3.1e+03     i...i           
2TBN FLGPRINGFLGI    2  of  9  49.44    24.72    306        0.0029      7.2e+03     .i..i....       
2TBN MTABOTROPC7R    2  of  7  60.00    30.00    410        0.00444     1.4e+04     ...Ii..         
2TBN POAALLERGEN     2  of  8  47.90    23.95    268        0.00804     2.1e+04     ...i...i        
2TBF
3TBS
3TBT MotifName       No.Mots   IdScore PfScore Pvalue    Sequence                                                Len  low  pos   high 
3TBH TRANSFERRIN     1  of  10 39.20   393     5.01e-06  CVSGDNKEDCMKKIKNNEA                                     19   0    59    0    
3TBH TRANSFERRIN     2  of  10 58.07   421     5.92e-07  ADFVTLSGGDVLKAG                                         15   0    77    0    
3TBH TRANSFERRIN     3  of  10 51.82   322     5.77e-05  MGYYSVIVAKKDT                                           13   0    110   0    
3TBH TRANSFERRIN     4  of  10 72.70   1001    2.24e-14  LKGKKSCHTGYRRTAGWNIPIGYL                                24   0    129   0    
3TBH TRANSFERRIN     5  of  10 42.88   365     1.24e-05  DAQFASNYFSKSCVPGA                                       17   0    166   0    
3TBH TRANSFERRIN     6  of  10 65.55   793     5.55e-12  YSGYHGAFQCMADKKGDVAFVK                                  22   0    209   0    
3TBH TRANSFERRIN     8  of  10 41.55   395     6.18e-06  KDCSYGRRPSNAVVTRTTS                                     19   0    269   0    
3TBH TRANSFERRIN     9  of  10 38.09   315     8.22e-06  TNLLFRDSTKKLVSVGDKN                                     19   0    328   0    
3TBB
3TBN SUPERTUBBY      1  of  7  16.04   151     4.14e-02  DFVTLSGGDVLKAGKTY                                       17   0    78    0    
3TBN SUPERTUBBY      5  of  7  35.29   205     1.32e-02  FVKHVTTAEVLNYASAK                                       17   0    228   0    
3TBB
3TBN OMPTIN          1  of  9  28.89   185     2.17e-02  VTIGTLKGKKSCHTG                                         15   0    124   0    
3TBN OMPTIN          8  of  9  15.87   177     4.25e-02  VTRTTSDNKDFVNILVTASKY                                   21   0    282   0    
3TBB
3TBN HATPASE         1  of  5  30.13   150     1.67e-02  VAEDYETLAGMGYYSVIVA                                     19   0    100   0    
3TBN HATPASE         5  of  5  18.07   133     6.53e-02  YLFVVCIILGKVFI########                                  22   0    381   0    
3TBB
3TBN BETALLERGEN     5  of  7  22.57   142     3.71e-02  NCVSGDNKEDCMKK                                          14   0    58    0    
3TBN BETALLERGEN     6  of  7  25.59   165     3.21e-02  SGGDVLKAGKTYNLVPI                                       17   0    83    0    
3TBB
3TBN DEUTEROLYSIN    1  of  5  20.00   155     8.98e-02  IPIGYLLYNTTQGKANSGCDAQFASNYFSK                          30   0    147   0    
3TBN DEUTEROLYSIN    5  of  5  20.00   200     2.45e-02  KDCSYGRRPSNAVVTRTTSDNKDFVNILVT                          30   0    269   0    
3TBB
3TBN FLGPRINGFLGI    2  of  9  25.00   160     6.13e-02  IAGVGQITPNCVSGDN                                        16   0    49    0    
3TBN FLGPRINGFLGI    5  of  9  24.44   146     4.74e-02  TVTIGTLKGKKSCHTGYR                                      18   0    123   0    
3TBB
3TBN MTABOTROPC7R    4  of  7  33.33   190     9.49e-02  PNGSNCESSDKN                                            12   0    196   0    
3TBN MTABOTROPC7R    5  of  7  26.67   220     4.68e-02  SDYKYICPDGTTKVV                                         15   0    249   0    
3TBB
3TBN POAALLERGEN     4  of  8  23.46   154     8.27e-02  TAVSANAEAKNFRWCCIK                                      18   0    13    0    
3TBN POAALLERGEN     8  of  8  24.44   114     9.72e-02  AKKDTTVTIGTLKGK                                         15   0    118   0    
3TBB
3TBF
Sn; 15060
Si; Fasta sequence
1TBS
1TBN NO SIGNIFICANT RESULTS ABOVE 0.0001    
1TBF
2TBS
2TBT FingerPrint     No.Motifs SumId    AveId    ProfScore  Ppvalue     Evalue      GraphScan               
2TBN KV21CHANNEL     2  of  7  75.82    37.91    453        0.000161    5.4e+02     ..I..I.         
2TBN RAD1REC1        2  of  8  46.15    23.07    300        0.000386    8.4e+02     i...i...        
2TBN THYROIDHORMR    2  of  9  60.06    30.03    452        0.000588    1.7e+03     .I..i....       
2TBN HMRNUCRECPTR    2  of  9  65.10    32.55    363        0.00136     4.1e+03     ...I..i..       
2TBN CD97PROTEIN     2  of  13 47.69    23.84    317        0.0021      5.2e+03     ....i..i.....   
2TBN HYALURONDASE    2  of  8  52.98    26.49    330        0.00316     8.9e+03     ..i.i...        
2TBN ACTIN           2  of  7  79.27    39.63    347        0.00416     1.6e+04     II.....         
2TBF
3TBS
3TBT MotifName       No.Mots   IdScore PfScore Pvalue    Sequence                                                Len  low  pos   high 
3TBN KV21CHANNEL     3  of  7  32.97   207     4.87e-02  SNVKVLHEPYSNV                                           13   0    27    0    
3TBN KV21CHANNEL     6  of  7  42.86   246     3.31e-03  FTPRSAKTEPYK                                            12   0    217   0    
3TBB
3TBN RAD1REC1        1  of  8  23.02   111     8.55e-02  MTLSNVKVLHEPYSNVFY                                      18   0    24    0    
3TBN RAD1REC1        5  of  8  23.13   189     4.52e-03  GIMYESHMTSWEPGPVPDWDT                                   21   0    183   0    
3TBB
3TBN THYROIDHORMR    2  of  9  31.90   217     2.76e-02  KFIAENIHPNPV                                            12   0    149   0    
3TBN THYROIDHORMR    5  of  9  28.16   235     2.13e-02  PEKNKVPDEILRVVEESR                                      18   0    229   0    
3TBB
3TBN HMRNUCRECPTR    4  of  9  41.67   200     2.68e-02  WTAPRCVSTAFE                                            12   0    9     0    
3TBN HMRNUCRECPTR    7  of  9  23.44   163     5.09e-02  NIHPNPVVVDADDLLD                                        16   0    154   0    
3TBB
3TBN CD97PROTEIN     5  of  13 18.52   154     6.44e-02  DLLDHPDEIMKSYCDAIG                                      18   0    166   0    
3TBN CD97PROTEIN     8  of  13 29.17   163     3.26e-02  KTTTYKKSSLNIGSD#                                        16   0    247   0    
3TBB
3TBN HYALURONDASE    3  of  8  23.81   150     6.58e-02  LVGKKLNKEYDGVN                                          14   0    64    0    
3TBN HYALURONDASE    5  of  8  29.17   180     4.80e-02  NIHPNPVVVDADDLLD                                        16   0    154   0    
3TBB
3TBN ACTIN           1  of  7  39.06   153     7.57e-02  APRCVSTAFE                                              10   0    11    0    
3TBN ACTIN           2  of  7  40.21   194     5.49e-02  SNVFYFGQERQS                                            12   0    37    0    
3TBB
3TBF
Sn; 15061
Si; Fasta sequence
1TBS
1TBN NO SIGNIFICANT RESULTS ABOVE 0.0001    
1TBF
2TBS
2TBT FingerPrint     No.Motifs SumId    AveId    ProfScore  Ppvalue     Evalue      GraphScan               
2TBN TGFBETA3        2  of  10 47.78    23.89    437        0.000221    5.2e+02     ....i...i.      
2TBN GSYNUCLEIN      2  of  4  54.37    27.18    342        0.000408    1.3e+03     I..i            
2TBN MTABOTROPC6R    2  of  7  59.34    29.67    345        0.00265     8.3e+03     ...Ii..         
2TBF
3TBS
3TBT MotifName       No.Mots   IdScore PfScore Pvalue    Sequence                                                Len  low  pos   high 
3TBN TGFBETA3        5  of  10 27.78   178     5.67e-02  SQRGHQSKIKDLKASKLE                                      18   0    50    0    
3TBN TGFBETA3        9  of  10 20.00   259     3.91e-03  DNDDDNATNEV#######                                      18   0    175   0    
3TBB
3TBN GSYNUCLEIN      1  of  4  30.56   182     4.28e-03  SNQQIQALTSAA                                            12   0    97    0    
3TBN GSYNUCLEIN      4  of  4  23.81   160     9.53e-02  KYAEEDDDGDDDND                                          14   0    164   0    
3TBB
3TBN MTABOTROPC6R    4  of  7  30.77   175     4.59e-02  VCSNGKLKDHGTE                                           13   0    28    0    
3TBN MTABOTROPC6R    5  of  7  28.57   170     5.77e-02  VASSAAIKLGYDCV                                          14   0    129   0    
3TBB
3TBF
Sn; 15062
Si; Fasta sequence
1TBS
1TBN NO SIGNIFICANT RESULTS ABOVE 0.0001    
1TBF
2TBS
2TBT FingerPrint     No.Motifs SumId    AveId    ProfScore  Ppvalue     Evalue      GraphScan               
2TBN DENSEGRNULE7    2  of  5  55.65    27.83    350        0.000794    1.5e+03     I.i..           
2TBN EDTRNSPORT      2  of  9  46.62    23.31    319        0.00156     2.7e+03     .i....i..       
2TBN BETATUBULIN     2  of  13 74.55    37.27    371        0.00169     5.7e+03     .I..I........   
2TBN CD28ANTIGEN     2  of  4  62.82    31.41    379        0.00183     6.2e+03     Ii..            
2TBN HGRDTASE        2  of  8  44.88    22.44    280        0.00195     4.7e+03     .i...i..        
2TBN KUPTAKETRKA     2  of  5  46.26    23.13    298        0.0021      6.8e+03     .i.I.           
2TBN ACCSYNTHASE     2  of  8  35.85    17.93    311        0.00249     4.7e+03     ..i....i        
2TBN MASPIN          2  of  9  69.57    34.79    354        0.00678     2e+04       ....I.I..       
2TBF
3TBS
3TBT MotifName       No.Mots   IdScore PfScore Pvalue    Sequence                                                Len  low  pos   high 
3TBN DENSEGRNULE7    1  of  5  31.58   160     4.85e-02  AGSICLLIQVALPCLLYGA                                     19   0    99    0    
3TBN DENSEGRNULE7    3  of  5  24.07   190     1.63e-02  LLRLTGFAFVAGVLPYKIAQTMAREAT                             27   0    192   0    
3TBB
3TBN EDTRNSPORT      2  of  9  22.39   158     1.99e-02  LLIQVALPCLLYGASTSQLTL                                   21   0    104   0    
3TBN EDTRNSPORT      7  of  9  24.22   161     7.83e-02  MALAEGKSHVKAGPLTMHTKTAIHVAQ                             27   0    306   0    
3TBB
3TBN BETATUBULIN     2  of  13 39.43   193     4.63e-02  GNFVADTKTAGS                                            12   0    90    0    
3TBN BETATUBULIN     5  of  13 35.12   178     3.64e-02  REATKLLKRQYGD                                           13   0    215   0    
3TBB
3TBN CD28ANTIGEN     1  of  4  38.89   221     2.84e-02  YYPKGGGIVHVK                                            12   0    163   0    
3TBN CD28ANTIGEN     2  of  4  23.93   158     6.44e-02  MAREATKLLKRQY                                           13   0    213   0    
3TBB
3TBN HGRDTASE        2  of  8  23.82   148     2.93e-02  IVHVKVKPVKQLRAVQMVE                                     19   0    170   0    
3TBN HGRDTASE        6  of  8  21.05   132     6.66e-02  LVTKVT##########                                        16   0    333   0    
3TBB
3TBN KUPTAKETRKA     2  of  5  14.44   149     4.26e-02  ###MAEEKKEVIQID                                         15   0    -2    0    
3TBN KUPTAKETRKA     4  of  5  31.82   149     4.94e-02  QVAADAVDQLV                                             11   0    275   0    
3TBB
3TBN ACCSYNTHASE     3  of  8  21.78   170     2.56e-02  SLMEGGGQILRNSVTLGCLLN                                   21   0    14    0    
3TBN ACCSYNTHASE     8  of  8  14.07   141     9.70e-02  LLRLTGFAFVAGVLPYKIAQTMAR                                24   0    192   0    
3TBB
3TBN MASPIN          5  of  9  31.11   197     6.98e-02  HPSRIISGNFVADTK                                         15   0    83    0    
3TBN MASPIN          7  of  9  38.46   157     9.71e-02  AQTMAREATKLLK                                           13   0    210   0    
3TBB
3TBF
Sn; 15063
Si; Fasta sequence
1TBS
1TBN NO SIGNIFICANT RESULTS ABOVE 0.0001    
1TBF
2TBS
2TBT FingerPrint     No.Motifs SumId    AveId    ProfScore  Ppvalue     Evalue      GraphScan               
2TBN PRICHEXTENSN    2  of  8  73.59    36.79    535        1.53e-05    42          ..I..I..        
2TBN TAUPROTEIN      2  of  6  94.91    47.45    469        3.27e-05    1.3e+02     I..I..          
2TBN VASOPRSNV2R     2  of  8  64.52    32.26    449        3.89e-05    99          I.I.....        
2TBN MTG16PROTEIN    2  of  3  71.41    35.71    429        0.000149    4.3e+02     .iI             
2TBN TRNSINTIMINR    2  of  9  47.48    23.74    424        0.000288    6.4e+02     ..i...i..       
2TBN DERENTRNSPRT    2  of  9  49.34    24.67    344        0.000521    1.1e+03     .i.i.....       
2TBN PROLIGOPTASE    2  of  6  54.91    27.46    300        0.000845    1.8e+03     i..i..          
2TBN CABNDNGRPT      2  of  4  65.09    32.55    307        0.00189     8.4e+03     ..II            
2TBN NONHISHMG17     2  of  4  58.00    29.00    337        0.00208     6.7e+03     I..i            
2TBN HOMSERKINASE    2  of  5  46.18    23.09    267        0.0026      6.9e+03     ii...           
2TBF
3TBS
3TBT MotifName       No.Mots   IdScore PfScore Pvalue    Sequence                                                Len  low  pos   high 
3TBN PRICHEXTENSN    3  of  8  36.92   194     5.87e-02  PTDQIGGRLPSPP                                           13   0    189   0    
3TBN PRICHEXTENSN    6  of  8  36.67   341     2.60e-04  APSRPSYGVVSKPAEPQP                                      18   0    254   0    
3TBB
3TBN TAUPROTEIN      1  of  6  39.35   209     7.72e-03  LSMGPRGSQGPG                                            12   0    113   0    
3TBN TAUPROTEIN      4  of  6  55.56   260     4.23e-03  GRLPSPPGR                                               9    0    195   0    
3TBB
3TBN VASOPRSNV2R     1  of  8  34.31   189     5.72e-03  TQSQFSRSLSMPSSSHG                                       17   0    58    0    
3TBN VASOPRSNV2R     3  of  8  30.21   260     6.79e-03  GILSMGPRGSQGPGHI                                        16   0    111   0    
3TBB
3TBN MTG16PROTEIN    2  of  3  27.78   218     1.20e-02  SIQSPSSLHTMGAPGNST                                      18   0    85    0    
3TBN MTG16PROTEIN    3  of  3  43.64   211     1.25e-02  PRGSQGPGHIG                                             11   0    117   0    
3TBB
3TBN TRNSINTIMINR    3  of  9  28.43   184     5.07e-02  SGSRGILSMGPRGSQGP                                       17   0    107   0    
3TBN TRNSINTIMINR    7  of  9  19.05   240     5.68e-03  GSLGTSTTSSIFPMTERKNRT                                   21   0    310   0    
3TBB
3TBN DERENTRNSPRT    2  of  9  20.63   145     6.89e-02  SQRGITSTQSQFSRSLSMPSS                                   21   0    51    0    
3TBN DERENTRNSPRT    4  of  9  28.70   199     7.56e-03  NSVSISGFPLSRSQSTSN                                      18   0    154   0    
3TBB
3TBN PROLIGOPTASE    1  of  6  26.59   169     1.63e-02  PSNFYGSGLHNPGIPPNSM                                     19   0    27    0    
3TBN PROLIGOPTASE    4  of  6  28.32   131     5.18e-02  SGSRGILSMGPRGSQGPGHIG                                   21   0    107   0    
3TBB
3TBN CABNDNGRPT      3  of  4  31.44   151     5.04e-02  GAPGNSTIA                                               9    0    96    0    
3TBN CABNDNGRPT      4  of  4  33.66   156     3.76e-02  GGSALDLSEF                                              10   0    229   0    
3TBB
3TBN NONHISHMG17     1  of  4  32.82   187     2.35e-02  GSAPSRPSYGVVSKP                                         15   0    252   0    
3TBN NONHISHMG17     4  of  4  25.17   150     8.84e-02  GESSDATSQQD                                             11   0    293   0    
3TBB
3TBN HOMSERKINASE    1  of  5  25.69   144     7.31e-02  YGENISPGGSALDLSE                                        16   0    222   0    
3TBN HOMSERKINASE    2  of  5  20.49   123     3.56e-02  GSLGTSTTSSIFPMTE                                        16   0    310   0    
3TBB
3TBF
Sn; 15064
Si; Fasta sequence
1TBS
1TBN NO SIGNIFICANT RESULTS ABOVE 0.0001    
1TBF
2TBS
2TBT FingerPrint     No.Motifs SumId    AveId    ProfScore  Ppvalue     Evalue      GraphScan               
2TBN ACRIFLAVINRP    2  of  9  41.28    20.64    423        9.63e-08    0.17        i.i......       
2TBN NATRESASSCMP    2  of  7  45.78    22.89    405        2.86e-06    6           ..i..i.         
2TBN EDTRNSPORT      2  of  9  40.74    20.37    341        1.94e-05    40          i....i...       
2TBN LIPOCALINIMR    2  of  7  42.71    21.36    428        8.84e-05    1.7e+02     .i...i.         
2TBN TYPE3IMPPROT    2  of  6  38.27    19.13    301        0.000468    9.6e+02     i..i..          
2TBN ODORANTBPGP9    2  of  7  38.52    19.26    374        0.000905    1.9e+03     i.....i         
2TBN NAHEXCHNGR3     2  of  16 68.27    34.13    410        0.000987    4e+03       .....II.........
2TBN SHALCHANNEL     2  of  9  56.44    28.22    390        0.00107     2.6e+03     ...I.i...       
2TBN NADHDHGNASE2    2  of  5  38.71    19.35    274        0.00116     2.5e+03     ..i.i           
2TBN FLGBIOSNFLIP    2  of  6  55.76    27.88    258        0.00142     5.7e+03     I....i          
2TBF
3TBS
3TBT MotifName       No.Mots   IdScore PfScore Pvalue    Sequence                                                Len  low  pos   high 
3TBN ACRIFLAVINRP    1  of  9  19.20   162     6.08e-03  IPLETLLLLIPLILSGAVTFTLMVW                               25   0    26    0    
3TBN ACRIFLAVINRP    3  of  9  22.08   261     1.58e-05  DGDGVMMTMIIGMVIVMMVMVMIM                                24   0    316   0    
3TBB
3TBN NATRESASSCMP    3  of  7  26.00   257     1.14e-04  CVNIFLFFGVIIVILVLVFAFV                                  22   0    88    0    
3TBN NATRESASSCMP    6  of  7  19.78   148     2.51e-02  GVMMTMIIGMVIVMMVMV                                      18   0    319   0    
3TBB
3TBN EDTRNSPORT      1  of  9  25.74   169     1.83e-03  NIFLFFGVIIVILVLVFAFVF                                   21   0    90    0    
3TBN EDTRNSPORT      6  of  9  15.00   172     1.06e-02  IIGMVIVMMVMVMIMVMVTS                                    20   0    325   0    
3TBB
3TBN LIPOCALINIMR    2  of  7  22.83   254     5.03e-03  CVNIFLFFGVIIVILVLVFAFVF                                 23   0    88    0    
3TBN LIPOCALINIMR    6  of  7  19.89   174     1.76e-02  VMMTMIIGMVIVMMVMVMIMVM                                  22   0    320   0    
3TBB
3TBN TYPE3IMPPROT    1  of  6  17.00   122     2.55e-02  VNIFLFFGVIIVILVLVFAF                                    20   0    89    0    
3TBN TYPE3IMPPROT    4  of  6  21.27   179     1.84e-02  IHIVIAQVTGSFLIAFKFAFP                                   21   0    237   0    
3TBB
3TBN ODORANTBPGP9    1  of  7  20.21   190     2.56e-02  LWFVVHSLFFVFIVLTDVVA                                    20   0    203   0    
3TBN ODORANTBPGP9    7  of  7  18.31   184     3.53e-02  GMVIVMMVMVMIMVMVTSGD                                    20   0    327   0    
3TBB
3TBN NAHEXCHNGR3     6  of  16 37.50   180     2.98e-02  FAFVFNVF                                                8    0    106   0    
3TBN NAHEXCHNGR3     7  of  16 30.77   230     3.31e-02  VVACCIFFICCRD                                           13   0    149   0    
3TBB
3TBN SHALCHANNEL     4  of  9  31.21   209     2.16e-02  TFTLMVWYFYSNDFQ                                         15   0    44    0    
3TBN SHALCHANNEL     6  of  9  25.23   181     4.98e-02  VMNTTKLWFVVHSLFFVFIV                                    20   0    197   0    
3TBB
3TBN NADHDHGNASE2    3  of  5  25.31   151     1.38e-02  TLLLLIPLILSGAVTFTLM                                     19   0    30    0    
3TBN NADHDHGNASE2    5  of  5  13.39   123     8.45e-02  GVIIVILVLVFAFVFNVFFD                                    20   0    96    0    
3TBB
3TBN FLGBIOSNFLIP    1  of  6  35.56   117     4.21e-02  ETLLLLIPLI                                              10   0    29    0    
3TBN FLGBIOSNFLIP    6  of  6  20.20   141     3.38e-02  HIVIAQVTGSF                                             11   0    238   0    
3TBB
3TBF
Sn; 15065
Si; Fasta sequence
1TBS
1TBH RGSPROTEIN      2e-25          Regulator of G protein signalling (RGS) protein signature                PR01301         
1TBF
2TBS
2TBT FingerPrint     No.Motifs SumId    AveId    ProfScore  Ppvalue     Evalue      GraphScan               
2TBH RGSPROTEIN      4  of  4  196.31   49.08    2102       2.04e-31    2e-25       IIII            
2TBN PRICHEXTENSN    3  of  8  102.14   34.05    750        8.14e-06    12          I....Ii.        
2TBN CLCHANNEL1      2  of  7  80.77    40.38    525        0.000277    9.7e+02     ...I..I         
2TBN PUTNUCHARBI1    2  of  7  51.57    25.78    488        0.000404    7.4e+02     ..I.i..         
2TBN CADHERIN        2  of  7  49.82    24.91    378        0.000423    1.2e+03     ..i...i         
2TBN CHEMOKINER7     2  of  9  55.56    27.78    560        0.000713    1.8e+03     .....i.I.       
2TBN ICAMVCAM1       2  of  4  46.95    23.47    344        0.00132     3.2e+03     ..ii            
2TBN INTEGRINB       2  of  14 45.79    22.90    389        0.00344     8.3e+03     ........i....i  
2TBN NRPEPTIDEY5R    2  of  12 65.78    32.89    472        0.00369     9.4e+03     I.......I...    
2TBN INTERFERONGR    2  of  5  84.24    42.12    436        0.00402     1.3e+04     .I.I.           
2TBF
3TBS
3TBT MotifName       No.Mots   IdScore PfScore Pvalue    Sequence                                                Len  low  pos   high 
3TBH RGSPROTEIN      1  of  4  41.01   462     2.51e-07  WALGFDKLMEDLVGLKCFEEFL                                  22   0    654   0    
3TBH RGSPROTEIN      2  of  4  61.21   707     3.34e-09  KKEFSEENIVFWMACEDFR                                     19   0    676   0    
3TBH RGSPROTEIN      3  of  4  33.33   316     4.06e-06  TAISIFDAHLSSNATMPVNIDSSA                                24   0    705   0    
3TBH RGSPROTEIN      4  of  4  60.76   617     6.02e-11  QQQQVYTLMKFDSYPRFLKS                                    20   0    747   0    
3TBB
3TBN PRICHEXTENSN    1  of  8  38.46   218     8.97e-02  TLPTRTSNTQPIT                                           13   0    1376  0    
3TBN PRICHEXTENSN    6  of  8  34.44   235     4.98e-02  KPYRVVSSGSDTKPRPKP                                      18   0    1507  0    
3TBN PRICHEXTENSN    7  of  8  29.23   297     1.82e-03  ERLPSPVPGTDRTTNSPLPLPPSPLP                              26   0    1568  0    
3TBB
3TBN CLCHANNEL1      4  of  7  30.77   205     8.15e-02  GLFKEKNDSQSTD                                           13   0    399   0    
3TBN CLCHANNEL1      7  of  7  50.00   320     3.39e-03  PPPPPPPPPPP                                             11   0    1224  0    
3TBB
3TBN PUTNUCHARBI1    3  of  7  32.74   257     4.63e-03  LMEELAEKLRRRSMSEAASIPENY                                24   0    1276  0    
3TBN PUTNUCHARBI1    5  of  7  18.83   231     8.73e-02  TRTSNTQPITVNTKRGLHTSTG                                  22   0    1379  0    
3TBB
3TBN CADHERIN        3  of  7  24.24   158     6.40e-02  NHRIRVRVTDGGE                                           13   0    473   0    
3TBN CADHERIN        7  of  7  25.58   220     6.61e-03  ISREINQEIIDENDSPPP                                      18   0    1209  0    
3TBB
3TBN CHEMOKINER7     6  of  9  22.22   245     3.01e-02  SEYVPSSPSNLNVSASVC                                      18   0    611   0    
3TBN CHEMOKINER7     8  of  9  33.33   315     2.37e-02  SEENIVFWMACEDFR                                         15   0    680   0    
3TBB
3TBN ICAMVCAM1       3  of  4  26.14   172     8.16e-02  MANTVNCSCHVFSVDP                                        16   0    340   0    
3TBN ICAMVCAM1       4  of  4  20.81   172     1.61e-02  PNHRIRVRVTDGGEALSEK                                     19   0    472   0    
3TBB
3TBN INTEGRINB       9  of  14 18.52   191     5.10e-02  SFPSMSYSTESLEGRRESELFQFC                                24   0    888   0    
3TBN INTEGRINB       14 of  14 27.27   198     6.75e-02  ERPVIRKTLST                                             11   0    1256  0    
3TBB
3TBN NRPEPTIDEY5R    1  of  12 34.67   228     8.39e-02  FEEFLKKEFSEENIV                                         15   0    671   0    
3TBN NRPEPTIDEY5R    9  of  12 31.11   244     4.39e-02  EISPGNFLIVKSKPDESL                                      18   0    988   0    
3TBB
3TBN INTERFERONGR    2  of  5  33.33   186     7.84e-02  KSDLYRKCLVSEMEG                                         15   0    765   0    
3TBN INTERFERONGR    4  of  5  50.91   250     5.13e-02  GADKPALLKGL                                             11   0    955   0    
3TBB
3TBF
Sn; 15066
Si; Fasta sequence
1TBS
1TBN NO SIGNIFICANT RESULTS ABOVE 0.0001    
1TBF
2TBS
2TBT FingerPrint     No.Motifs SumId    AveId    ProfScore  Ppvalue     Evalue      GraphScan               
2TBN HIGHMOBLTYIY    3  of  5  93.46    31.15    602        2.39e-07    0.45        I.ii.           
2TBN HISTONEH5       2  of  7  55.56    27.78    469        5.59e-07    1.3         ....I.i         
2TBN BR22PROTEIN     2  of  6  56.44    28.22    631        6.44e-07    1.2         ...ii.          
2TBN ATHOOK          3  of  3  107.83   35.94    470        1.73e-06    4.3         IiI             
2TBN TROPOMYOSIN     3  of  5  70.55    23.52    564        3.17e-06    3.6         .Iii.           
2TBN HTLV1ZIPPER     2  of  5  56.72    28.36    566        7.84e-06    14          ..I.i           
2TBN PQVDCCALPHA1    2  of  5  58.81    29.40    486        1.7e-05     42          .ii..           
2TBN STATHMIN        2  of  5  44.22    22.11    422        5.53e-05    88          .i.i.           
2TBN NONHISHMG17     2  of  4  60.23    30.12    357        6.15e-05    2e+02       I.i.            
2TBN VP6CAPSID       3  of  11 70.66    23.55    518        0.000114    1.5e+02     ....iii....     
2TBF
3TBS
3TBT MotifName       No.Mots   IdScore PfScore Pvalue    Sequence                                                Len  low  pos   high 
3TBN HIGHMOBLTYIY    1  of  5  38.46   224     3.85e-03  RKKKRRKRKRKKE                                           13   0    20    0    
3TBN HIGHMOBLTYIY    3  of  5  25.00   146     9.47e-02  KKNRKTGRKDER                                            12   0    50    0    
3TBN HIGHMOBLTYIY    4  of  5  30.00   232     6.54e-04  EGREKAKKKQSKKQRKREKK                                    20   0    63    0    
3TBB
3TBN HISTONEH5       5  of  7  31.11   212     2.82e-03  RKRESKKETKKERKK                                         15   0    8     0    
3TBN HISTONEH5       7  of  7  24.44   257     1.98e-04  AKKKQSKKQRKREKKTKKER                                    20   0    68    0    
3TBB
3TBN BR22PROTEIN     4  of  6  29.17   367     1.27e-04  RKRESKKETKKERKKKRRKRKRKK                                24   0    8     0    
3TBN BR22PROTEIN     5  of  6  27.27   264     5.07e-03  SKRERKGEERKKERKERKKNRK                                  22   0    33    0    
3TBB
3TBN ATHOOK          1  of  3  40.53   179     6.05e-03  KKRRKRKRKKE                                             11   0    22    0    
3TBN ATHOOK          2  of  3  26.39   123     4.43e-02  KDERKEGREKAK                                            12   0    58    0    
3TBN ATHOOK          3  of  3  40.91   168     6.47e-03  QSKKQRKREKK                                             11   0    72    0    
3TBB
3TBN TROPOMYOSIN     2  of  5  32.41   242     2.03e-03  KKESKRERKGEERKKERKERK                                   21   0    30    0    
3TBN TROPOMYOSIN     3  of  5  20.79   157     5.00e-02  KDERKEGREKAKKKQSKKQRKREKKTKKE                           29   0    58    0    
3TBN TROPOMYOSIN     4  of  5  17.35   165     3.13e-02  EKERNEGRI###############                                24   0    93    0    
3TBB
3TBN HTLV1ZIPPER     3  of  5  34.06   331     6.76e-04  RKKERKERKKNRKTGRKDERKEG                                 23   0    42    0    
3TBN HTLV1ZIPPER     5  of  5  22.67   235     1.16e-02  TKKERKEKKREKERNEGRI######                               25   0    83    0    
3TBB
3TBN PQVDCCALPHA1    2  of  5  29.47   160     5.66e-02  ESKKETKKERKKKRRKRKR                                     19   0    11    0    
3TBN PQVDCCALPHA1    3  of  5  29.33   326     3.01e-04  KERKEKKREKERNEG                                         15   0    85    0    
3TBB
3TBN STATHMIN        2  of  5  20.69   230     2.85e-03  ARKEERKRESKKETKKERKKKRRKRKRKK                           29   0    3     0    
3TBN STATHMIN        4  of  5  23.53   192     1.94e-02  RKDERKEGREKAKKKQSKKQRKRE                                24   0    57    0    
3TBB
3TBN NONHISHMG17     1  of  4  34.36   212     3.61e-03  KEERKRESKKETKKE                                         15   0    5     0    
3TBN NONHISHMG17     3  of  4  25.87   145     1.70e-02  RERKGEERKKE                                             11   0    35    0    
3TBB
3TBN VP6CAPSID       5  of  11 28.57   161     5.75e-02  MEARKEERKRESKKETKKERK                                   21   0    1     0    
3TBN VP6CAPSID       6  of  11 20.00   202     2.12e-02  RKRKRKKESKRERKGEERKK                                    20   0    25    0    
3TBN VP6CAPSID       7  of  11 22.09   155     9.37e-02  RKDERKEGREKAKKKQSKKQRKR                                 23   0    57    0    
3TBB
3TBF
Sn; 15067
Si; Fasta sequence
1TBS
1TBN NO SIGNIFICANT RESULTS ABOVE 0.0001    
1TBF
2TBS
2TBT FingerPrint     No.Motifs SumId    AveId    ProfScore  Ppvalue     Evalue      GraphScan               
2TBN APOPREGMCL1     2  of  5  60.08    30.04    513        3.45e-06    9.4         iI...           
2TBN CYANASE         2  of  5  32.12    16.06    298        0.000376    9.1e+02     .i.i.           
2TBN GABAARALPHA     2  of  8  57.07    28.54    297        0.00155     4.4e+03     Ii......        
2TBN BINARYTOXINB    2  of  12 40.10    20.05    290        0.00298     6.4e+03     i.i.........    
2TBN GENE66          2  of  8  57.94    28.97    342        0.00688     1.8e+04     ....iI..        
2TBF
3TBS
3TBT MotifName       No.Mots   IdScore PfScore Pvalue    Sequence                                                Len  low  pos   high 
3TBN APOPREGMCL1     1  of  5  19.61   189     6.90e-03  DLEPEDLFEKISQALLN                                       17   0    68    0    
3TBN APOPREGMCL1     2  of  5  40.48   324     5.00e-04  VDRDAVSGWGAVVH                                          14   0    86    0    
3TBB
3TBN CYANASE         2  of  5  11.11   86      7.18e-02  ###########MVSNLLY                                      18   0    -10   0    
3TBN CYANASE         4  of  5  21.01   212     5.23e-03  PEDLFEKISQALLNAVD                                       17   0    71    0    
3TBB
3TBN GABAARALPHA     1  of  8  31.82   160     1.98e-02  DLFEKISQALLN                                            12   0    73    0    
3TBN GABAARALPHA     2  of  8  25.25   137     7.82e-02  GWGAVVHVIEPDKITTRT                                      18   0    93    0    
3TBB
3TBN BINARYTOXINB    1  of  12 25.62   166     3.53e-02  NEPYIAALDLIGCPMETKDF                                    20   0    28    0    
3TBN BINARYTOXINB    3  of  12 14.47   124     8.44e-02  TLKARMD############                                     19   0    110   0    
3TBB
3TBN GENE66          5  of  8  25.00   166     9.52e-02  #MVSNLLYERRFGPYF                                        16   0    0     0    
3TBN GENE66          6  of  8  32.94   176     7.24e-02  VVAGLDPKTNEPYIAAL                                       17   0    19    0    
3TBB
3TBF
Sn; 15068
Si; Fasta sequence
1TBS
1TBN NO SIGNIFICANT RESULTS ABOVE 0.0001    
1TBF
2TBS
2TBT FingerPrint     No.Motifs SumId    AveId    ProfScore  Ppvalue     Evalue      GraphScan               
2TBN NCTRNSLOCATR    2  of  9  56.43    28.22    355        0.000599    1.4e+03     ....i...i       
2TBN TROPOMYOSIN     2  of  5  46.70    23.35    352        0.001       2.2e+03     ii...           
2TBN KV14CHANNEL     2  of  7  55.50    27.75    335        0.00152     4.9e+03     ...i.i.         
2TBN SSPAMPROTEIN    2  of  8  72.41    36.20    410        0.00175     7.8e+03     ...I...I        
2TBN OGR1RECEPTOR    2  of  11 59.34    29.67    390        0.0037      1.2e+04     ..I..i.....     
2TBN NISCPROTEIN     2  of  12 65.15    32.58    385        0.00407     7.5e+03     .......I..I.    
2TBF
3TBS
3TBT MotifName       No.Mots   IdScore PfScore Pvalue    Sequence                                                Len  low  pos   high 
3TBN NCTRNSLOCATR    5  of  9  28.65   201     1.34e-02  ECFCCQDIDRCREKLEDFE                                     19   0    31    0    
3TBN NCTRNSLOCATR    9  of  9  27.78   154     4.46e-02  EFPSEHGTYKGFIEEDEQ                                      18   0    136   0    
3TBB
3TBN TROPOMYOSIN     1  of  5  23.68   179     2.51e-02  DIDRCREKLEDFEEELPC                                      18   0    37    0    
3TBN TROPOMYOSIN     2  of  5  23.02   173     3.99e-02  IEEDEQEEETNTDSEFEDEEL                                   21   0    148   0    
3TBB
3TBN KV14CHANNEL     4  of  7  25.97   108     9.91e-02  VLETAAIGLKT                                             11   0    70    0    
3TBN KV14CHANNEL     6  of  7  29.52   227     1.54e-02  GTYKGFIEEDEQEEE                                         15   0    142   0    
3TBB
3TBN SSPAMPROTEIN    4  of  8  32.41   180     3.46e-02  RRSYVVMRE                                               9    0    83    0    
3TBN SSPAMPROTEIN    8  of  8  40.00   230     5.07e-02  IEEDEQEEET                                              10   0    148   0    
3TBB
3TBN OGR1RECEPTOR    3  of  11 30.77   200     5.59e-02  WCSCSACSLTLIT                                           13   0    15    0    
3TBN OGR1RECEPTOR    6  of  11 28.57   190     6.62e-02  SEHGTYKGFIEEDE                                          14   0    139   0    
3TBB
3TBN NISCPROTEIN     8  of  12 31.82   180     6.80e-02  LITNQAECFCCQDIDRCREKLE                                  22   0    25    0    
3TBN NISCPROTEIN     11 of  12 33.33   205     5.99e-02  EEDEQEEETNTDSEFEDEELQFDE                                24   0    149   0    
3TBB
3TBF
Sn; 15069
Si; Fasta sequence
1TBS
1TBN NO SIGNIFICANT RESULTS ABOVE 0.0001    
1TBF
2TBS
2TBT FingerPrint     No.Motifs SumId    AveId    ProfScore  Ppvalue     Evalue      GraphScan               
2TBN NEUROKININ1R    2  of  9  55.88    27.94    528        3.96e-05    1e+02       ...i....I       
2TBN TNFACTORR7      2  of  4  69.21    34.60    454        0.000108    3.2e+02     .II.            
2TBN NEUROKININ3R    2  of  9  63.10    31.55    450        0.00109     3.3e+03     ....i..I.       
2TBN PRTYPHPHTASE    2  of  6  73.82    36.91    334        0.00145     6.4e+03     I....i          
2TBN BETATUBULIN     2  of  13 61.06    30.53    336        0.00172     4.4e+03     ......I.i....   
2TBN GSYNUCLEIN      2  of  4  58.92    29.46    309        0.00203     5.5e+03     I.i.            
2TBN PHEROMONEBAR    2  of  12 61.46    30.73    385        0.00235     7.1e+03     .....I....i.    
2TBN SOMATOSTATNR    2  of  7  71.11    35.56    245        0.00242     1.1e+04     .I.I...         
2TBF
3TBS
3TBT MotifName       No.Mots   IdScore PfScore Pvalue    Sequence                                                Len  low  pos   high 
3TBN NEUROKININ1R    4  of  9  25.00   315     3.65e-03  ########MYKWPDEP                                        16   0    -7    0    
3TBN NEUROKININ1R    9  of  9  30.88   213     1.09e-02  EDAKTLTRKPSEDENTA                                       17   0    190   0    
3TBB
3TBN TNFACTORR7      2  of  4  38.10   242     2.37e-02  AHKTPKECPAIDYT                                          14   0    91    0    
3TBN TNFACTORR7      3  of  4  31.11   212     4.56e-03  SVCRRVYRIFSHAYF                                         15   0    137   0    
3TBB
3TBN NEUROKININ3R    5  of  9  17.65   225     5.01e-02  ####MYKWPDEPFEEMD                                       17   0    -3    0    
3TBN NEUROKININ3R    8  of  9  45.45   225     2.18e-02  FHHKTLYDEFE                                             11   0    151   0    
3TBB
3TBN PRTYPHPHTASE    1  of  6  49.12   192     2.32e-02  DYTNLNGI                                                8    0    29    0    
3TBN PRTYPHPHTASE    6  of  6  24.71   142     6.25e-02  QMTATEQWIFL                                             11   0    78    0    
3TBB
3TBN BETATUBULIN     7  of  13 31.92   152     9.59e-02  QFCMELNGIAVKLQ                                          14   0    55    0    
3TBN BETATUBULIN     9  of  13 29.14   184     1.79e-02  LNSNKYFPSRVSIKESSVA                                     19   0    115   0    
3TBB
3TBN GSYNUCLEIN      1  of  4  36.11   146     2.79e-02  KESSVAKLGSVC                                            12   0    128   0    
3TBN GSYNUCLEIN      3  of  4  22.81   163     7.28e-02  LKYDLMAKENLIVPIEDAK                                     19   0    175   0    
3TBB
3TBN PHEROMONEBAR    6  of  12 33.33   230     2.85e-02  EQWIFLCAAHKT                                            12   0    83    0    
3TBN PHEROMONEBAR    11 of  12 28.12   155     8.24e-02  SRFTAFVLKYDLMAKE                                        16   0    168   0    
3TBB
3TBN SOMATOSTATNR    2  of  7  34.64   129     7.13e-02  PFEEMDSTL                                               9    0    8     0    
3TBN SOMATOSTATNR    4  of  7  36.47   116     3.40e-02  AKLGSVCRRV                                              10   0    133   0    
3TBB
3TBF
Sn; 15070
Si; Fasta sequence
1TBS
1TBN NO SIGNIFICANT RESULTS ABOVE 0.0001    
1TBF
2TBS
2TBT FingerPrint     No.Motifs SumId    AveId    ProfScore  Ppvalue     Evalue      GraphScan               
2TBN HISTONEH5       2  of  7  60.99    30.49    399        8.52e-05    2.2e+02     .I..i..         
2TBN NONHISHMG17     2  of  4  63.73    31.86    349        9.42e-05    3.1e+02     i.I.            
2TBN TUBBYPROTEIN    2  of  9  29.74    14.87    460        0.000102    1.8e+02     .i...i...       
2TBN RIBOSOMALL35    2  of  3  38.81    19.40    257        0.000288    6.6e+02     i.i             
2TBN STATHMIN        2  of  5  37.85    18.92    361        0.000446    7e+02       .i..i           
2TBN GKINASEAP1      2  of  9  38.67    19.34    415        0.00057     1.2e+03     .i...i...       
2TBN TROPOMYOSIN     2  of  5  42.35    21.17    357        0.000681    1.1e+03     .ii..           
2TBN TOPISMRASE4B    2  of  15 40.02    20.01    331        0.0012      2.1e+03     .........i...i. 
2TBN GSYNUCLEIN      2  of  4  46.62    23.31    348        0.00168     4.3e+03     ..ii            
2TBN C3ANPHYLTXNR    2  of  10 43.35    21.68    300        0.00217     5e+03       ......i..i      
2TBF
3TBS
3TBT MotifName       No.Mots   IdScore PfScore Pvalue    Sequence                                                Len  low  pos   high 
3TBN HISTONEH5       2  of  7  32.10   201     1.41e-02  AEQSRAEQSRAEQSRAEQ                                      18   0    26    0    
3TBN HISTONEH5       5  of  7  28.89   198     6.02e-03  KKRKEKKRKEKERKG                                         15   0    101   0    
3TBB
3TBN NONHISHMG17     1  of  4  26.67   177     1.79e-02  KKEKKRKEKKRKEKE                                         15   0    98    0    
3TBN NONHISHMG17     3  of  4  37.06   172     5.27e-03  KERKGKKR###                                             11   0    126   0    
3TBB
3TBN TUBBYPROTEIN    2  of  9  8.00    190     4.79e-02  DIAESRAEQSRAEQSRAEQSRAEQS                               25   0    20    0    
3TBN TUBBYPROTEIN    6  of  9  21.74   270     2.13e-03  GKERKGKKR##############                                 23   0    125   0    
3TBB
3TBN RIBOSOMALL35    1  of  3  27.78   159     7.32e-03  KKEKKRKEKKRKEKERKG                                      18   0    98    0    
3TBN RIBOSOMALL35    3  of  3  11.03   98      3.94e-02  KGKKR##############                                     19   0    129   0    
3TBB
3TBN STATHMIN        2  of  5  17.85   188     1.71e-02  IAESRAEQSRAEQSRAEQSRAEQSRAEQS                           29   0    21    0    
3TBN STATHMIN        5  of  5  20.00   173     2.60e-02  KKEKKRKEKKRKEKERKGKERKGKE                               25   0    98    0    
3TBB
3TBN GKINASEAP1      2  of  9  21.05   234     1.80e-02  ESRAEQSRAEQSRAEQSRA                                     19   0    23    0    
3TBN GKINASEAP1      6  of  9  17.62   181     3.16e-02  RKGKERKGKKR##########                                   21   0    123   0    
3TBB
3TBN TROPOMYOSIN     2  of  5  15.77   148     8.40e-02  QSRAEQSKKTTTRQNKKKKKK                                   21   0    58    0    
3TBN TROPOMYOSIN     3  of  5  26.58   209     8.11e-03  ELRKKEKKKEKKRKEKKRKEKERKGKERK                           29   0    91    0    
3TBB
3TBN TOPISMRASE4B    10 of  15 15.38   158     2.85e-02  AEQSRAEQSKKTTTRQNKKKKKKKVM                              26   0    56    0    
3TBN TOPISMRASE4B    14 of  15 24.64   173     4.22e-02  KERKGKERKGKERKGKERKGKKR                                 23   0    111   0    
3TBB
3TBN GSYNUCLEIN      3  of  4  22.81   170     4.07e-02  FTSYELRKKEKKKEKKRKE                                     19   0    87    0    
3TBN GSYNUCLEIN      4  of  4  23.81   178     4.12e-02  KEKERKGKERKGKE                                          14   0    109   0    
3TBB
3TBN C3ANPHYLTXNR    7  of  10 22.35   122     9.08e-02  SRAEQSRAEQSRAEQSR                                       17   0    39    0    
3TBN C3ANPHYLTXNR    10 of  10 21.00   178     2.39e-02  GKERKGKERKGKKR######                                    20   0    120   0    
3TBB
3TBF
Sn; 15071
Si; Fasta sequence
1TBS
1TBH FNTYPEIII       1.4e-07        Fibronectin type III repeat signature                                    PR00014         
1TBF
2TBS
2TBT FingerPrint     No.Motifs SumId    AveId    ProfScore  Ppvalue     Evalue      GraphScan               
2TBH FNTYPEIII       4  of  4  135.86   33.96    857        8.87e-14    1.4e-07     IIiI            
2TBN FLGHOOKFLIK     2  of  10 48.81    24.40    380        0.000178    3.9e+02     I..i......      
2TBN RNADNAPOLMS     2  of  9  72.62    36.31    347        0.000491    2e+03       i.......I       
2TBN GPCRSTE2        2  of  7  29.33    14.67    287        0.000661    1.1e+03     .i..i..         
2TBN LIMPII          2  of  9  59.27    29.63    427        0.00089     1.9e+03     .....i.I.       
2TBN SYNUCLEIN       2  of  5  52.81    26.41    338        0.00106     2.5e+03     ..i.i           
2TBN TIFACTORIIB     2  of  8  46.61    23.30    348        0.0015      4.2e+03     .i..i...        
2TBN CATATPASE       2  of  6  46.11    23.06    350        0.00168     4.1e+03     .i..i.          
2TBN LPSBIOSNTHSS    2  of  5  31.48    15.74    291        0.00204     4.4e+03     .i.i.           
2TBN LUTEOGP1COAT    2  of  8  37.62    18.81    257        0.00327     1e+04       i......i        
2TBF
3TBS
3TBT MotifName       No.Mots   IdScore PfScore Pvalue    Sequence                                                Len  low  pos   high 
3TBH FNTYPEIII       1  of  4  32.96   218     1.75e-02  SSIIVRWTRP                                              10   0    169   0    
3TBH FNTYPEIII       2  of  4  37.87   215     2.66e-04  GSPVTGYKVEV                                             11   0    183   0    
3TBH FNTYPEIII       3  of  4  25.86   166     6.79e-04  VITVNTHTVITGLKANTQY                                     19   0    199   0    
3TBH FNTYPEIII       4  of  4  39.17   258     2.81e-05  YTVKVYARNVAGYGK                                         15   0    217   0    
3TBB
3TBN FLGHOOKFLIK     1  of  10 32.14   225     2.07e-03  STIPPVITVNTHTV                                          14   0    194   0    
3TBN FLGHOOKFLIK     4  of  10 16.67   155     8.60e-02  NKYGESINDDVMAKTISIPLTKPT                                24   0    325   0    
3TBB
3TBN RNADNAPOLMS     1  of  9  20.24   138     9.51e-02  WILHLIPRAEAAVR                                          14   0    18    0    
3TBN RNADNAPOLMS     9  of  9  52.38   209     5.17e-03  ITGLKAN                                                 7    0    208   0    
3TBB
3TBN GPCRSTE2        2  of  7  13.33   133     7.80e-02  ##################MTFIKNQ                               25   0    -17   0    
3TBN GPCRSTE2        5  of  7  16.00   154     8.48e-03  TATLVISNATTADNGVYACTLVLSA                               25   0    116   0    
3TBB
3TBN LIMPII          6  of  9  27.45   211     3.59e-02  SPIVSKVQLLVTVPPGP                                       17   0    142   0    
3TBN LIMPII          8  of  9  31.82   216     2.48e-02  TIYIKEEDDFKWTKVIYIIDST                                  22   0    280   0    
3TBB
3TBN SYNUCLEIN       3  of  5  28.33   164     7.30e-02  VAGYGKESLKVVSTKKRGKP                                    20   0    226   0    
3TBN SYNUCLEIN       5  of  5  24.48   174     1.45e-02  NGGEIIKYTIYIKEED                                        16   0    272   0    
3TBB
3TBN TIFACTORIIB     2  of  8  22.86   213     2.58e-02  SPEWGFYDSQNRRS                                          14   0    67    0    
3TBN TIFACTORIIB     5  of  8  23.75   135     5.82e-02  KGIEYGKSYTFLVTAW                                        16   0    309   0    
3TBB
3TBN CATATPASE       2  of  6  22.98   158     8.55e-02  SKESTATLVISNATT                                         15   0    112   0    
3TBN CATATPASE       5  of  6  23.13   192     1.97e-02  YGESINDDVMAKTISIPLTK                                    20   0    327   0    
3TBB
3TBN LPSBIOSNTHSS    2  of  5  16.29   123     5.34e-02  VLSAGSPIVSKVQLLVTVPPGP                                  22   0    137   0    
3TBN LPSBIOSNTHSS    4  of  5  15.20   168     3.82e-02  VITGLKANTQYTVKVYA                                       17   0    207   0    
3TBB
3TBN LUTEOGP1COAT    1  of  8  24.12   131     3.85e-02  VEVSTIPPVITVNT                                          14   0    191   0    
3TBN LUTEOGP1COAT    8  of  8  13.50   126     8.49e-02  DTNTSGTWK####                                           13   0    350   0    
3TBB
3TBF
Sn; 15072
Si; Fasta sequence
1TBS
1TBN NO SIGNIFICANT RESULTS ABOVE 0.0001    
1TBF
2TBS
2TBT FingerPrint     No.Motifs SumId    AveId    ProfScore  Ppvalue     Evalue      GraphScan               
2TBN GGTRANSPTASE    2  of  9  42.64    21.32    337        0.00013     2.8e+02     ....ii...       
2TBN MHCIIACTVATR    3  of  11 107.00   35.67    667        0.000157    2.6e+02     I..I..i....     
2TBN MELNOCYTESHR    2  of  7  78.40    39.20    409        0.000379    1.4e+03     .I....I         
2TBN NRPEPTIDEY5R    2  of  12 66.67    33.33    516        0.000474    1.1e+03     I.....I.....    
2TBN BETATUBULIN     2  of  13 63.96    31.98    499        0.000625    1.6e+03     ......I.....I   
2TBN ERK1ERK2MAPK    2  of  6  68.01    34.01    462        0.00127     3.7e+03     i.I...          
2TBN VASOPRSNV1BR    2  of  9  60.46    30.23    450        0.00143     3.1e+03     i...I....       
2TBN KV22CHANNEL     2  of  7  58.59    29.29    414        0.00177     5.3e+03     I.....i         
2TBN CUATPASE        2  of  11 46.00    23.00    409        0.00314     7.6e+03     i...i......     
2TBN IGFBPFAMILY6    2  of  4  60.91    30.45    358        0.00323     1.4e+04     i..I            
2TBF
3TBS
3TBT MotifName       No.Mots   IdScore PfScore Pvalue    Sequence                                                Len  low  pos   high 
3TBN GGTRANSPTASE    5  of  9  21.59   158     5.24e-03  LPPSIDGCAVVAESDVMKGM                                    20   0    664   0    
3TBN GGTRANSPTASE    6  of  9  21.05   179     2.49e-02  TSDESLISKENSSVQQSDS                                     19   0    745   0    
3TBB
3TBN MHCIIACTVATR    1  of  11 41.67   250     3.22e-02  VLETLEQQSDPF                                            12   0    412   0    
3TBN MHCIIACTVATR    4  of  11 36.76   217     9.22e-02  QASFHDSSLSGKHLDCK                                       17   0    485   0    
3TBN MHCIIACTVATR    7  of  11 28.57   200     5.29e-02  LASAVTGKENQELSKKSCMVT                                   21   0    864   0    
3TBB
3TBN MELNOCYTESHR    2  of  7  40.71   228     1.04e-02  TYIKIPDPVSLSLE                                          14   0    289   0    
3TBN MELNOCYTESHR    7  of  7  37.69   181     3.65e-02  NRTVKKVVS                                               9    0    580   0    
3TBB
3TBN NRPEPTIDEY5R    1  of  12 34.67   222     6.82e-02  LQRENNKKLVLDENK                                         15   0    157   0    
3TBN NRPEPTIDEY5R    7  of  12 32.00   294     6.96e-03  PGQLKENSASELTVQPPLSA                                    20   0    386   0    
3TBB
3TBN BETATUBULIN     7  of  13 31.39   196     7.14e-02  KLSADLESHELNIN                                          14   0    622   0    
3TBN BETATUBULIN     13 of  13 32.57   303     8.75e-03  DINMKDTKMEYEKSYSASV                                     19   0    808   0    
3TBB
3TBN ERK1ERK2MAPK    1  of  6  24.07   240     1.31e-02  MTKEQELDINMKDTKMEY                                      18   0    801   0    
3TBN ERK1ERK2MAPK    3  of  6  43.94   222     9.73e-02  RADETRDHSGE                                             11   0    968   0    
3TBB
3TBN VASOPRSNV1BR    1  of  9  26.09   275     1.59e-02  PEWRSDFCPSSTMDQSNSLNTSL                                 23   0    203   0    
3TBN VASOPRSNV1BR    5  of  9  34.38   175     9.02e-02  ATSNDKQVRLSSIELA                                        16   0    451   0    
3TBB
3TBN KV22CHANNEL     1  of  7  31.67   217     2.18e-02  ISKEACHSGDKEDDN                                         15   0    589   0    
3TBN KV22CHANNEL     7  of  7  26.92   197     8.15e-02  MTKEQELDINMKD                                           13   0    801   0    
3TBB
3TBN CUATPASE        1  of  11 20.00   198     5.54e-02  SDVMKGMGAKNTINS                                         15   0    677   0    
3TBN CUATPASE        5  of  11 26.00   211     5.68e-02  TSSVLASAVTGKENQELSKK                                    20   0    860   0    
3TBB
3TBN IGFBPFAMILY6    1  of  4  28.18   175     6.41e-02  RPQKEDSSPR                                              10   0    512   0    
3TBN IGFBPFAMILY6    4  of  4  32.73   183     5.04e-02  DDGRTECSVE                                              10   0    642   0    
3TBB
3TBF
Sn; 15073
Si; Fasta sequence
1TBS
1TBN NO SIGNIFICANT RESULTS ABOVE 0.0001    
1TBF
2TBS
2TBT FingerPrint     No.Motifs SumId    AveId    ProfScore  Ppvalue     Evalue      GraphScan               
2TBN GLIADIN         2  of  9  62.08    31.04    365        0.000307    1e+03       I.......i       
2TBN AQUAPORIN7      2  of  9  87.82    43.91    396        0.000516    1.7e+03     ..I.....I       
2TBN EP450I          2  of  9  56.78    28.39    310        0.000836    2.4e+03     ...i...I.       
2TBN SECYTRNLCASE    2  of  9  39.35    19.67    283        0.000863    1.7e+03     i...i....       
2TBN POLYCYSTIN1     2  of  10 50.50    25.25    362        0.000994    1.9e+03     ..i..i....      
2TBN NAHEXCHNGR      2  of  4  60.97    30.48    336        0.00124     4.5e+03     I..i            
2TBN RHESUSRHD       2  of  12 57.85    28.92    311        0.00243     6.4e+03     .I......i...    
2TBN ROYALJELLY      2  of  8  42.36    21.18    317        0.00257     5.2e+03     ...i..i.        
2TBN LVDCCALPHA1     2  of  6  59.67    29.84    363        0.00463     1.3e+04     ..i.I.          
2TBN PROTEASES2C     2  of  6  42.22    21.11    281        0.00543     1.5e+04     ...i.i          
2TBF
3TBS
3TBT MotifName       No.Mots   IdScore PfScore Pvalue    Sequence                                                Len  low  pos   high 
3TBN GLIADIN         1  of  9  33.33   202     3.72e-03  TFVSLILMALFGFGS                                         15   0    135   0    
3TBN GLIADIN         9  of  9  28.75   163     8.24e-02  IVAPYVVFLV                                              10   0    446   0    
3TBB
3TBN AQUAPORIN7      3  of  9  46.15   190     6.24e-02  SLILMALFGFGST                                           13   0    138   0    
3TBN AQUAPORIN7      9  of  9  41.67   206     8.27e-03  AKNLGGSLYLNA                                            12   0    334   0    
3TBB
3TBN EP450I          4  of  9  21.88   120     3.73e-02  SLTLFAVMRFGSGLSTSG                                      18   0    154   0    
3TBN EP450I          8  of  9  34.90   190     2.24e-02  YVLKRLGRRIC                                             11   0    361   0    
3TBB
3TBN SECYTRNLCASE    1  of  9  17.37   126     4.61e-02  LFVAIGAMLLTLLAYCLPE                                     19   0    198   0    
3TBN SECYTRNLCASE    5  of  9  21.98   157     1.87e-02  AKNLGGSLYLNAFILFGVGIPSIL                                24   0    334   0    
3TBB
3TBN POLYCYSTIN1     3  of  10 21.33   185     2.72e-02  EDLWQLVGGFGRYPIFLTVFMMYVT                               25   0    13    0    
3TBN POLYCYSTIN1     6  of  10 29.17   177     3.66e-02  RLGRRICYCLFMLLGGIACA                                    20   0    365   0    
3TBB
3TBN NAHEXCHNGR      1  of  4  32.25   176     2.45e-02  ILFGVGIPSILL                                            12   0    347   0    
3TBN NAHEXCHNGR      4  of  4  28.72   160     5.06e-02  GSMLSRVGGIV                                             11   0    437   0    
3TBB
3TBN RHESUSRHD       2  of  12 30.86   169     3.64e-02  PTTFVSLILMALFGFGST                                      18   0    133   0    
3TBN RHESUSRHD       9  of  12 26.98   142     6.67e-02  NAFILFGVGIPSIL                                          14   0    344   0    
3TBB
3TBN ROYALJELLY      4  of  8  16.36   150     9.68e-02  TYIFAEEFTSAVSEWNLICTRG                                  22   0    80    0    
3TBN ROYALJELLY      7  of  8  26.00   167     2.66e-02  VLAYNWFVNSVVFYGITLNA                                    20   0    315   0    
3TBB
3TBN LVDCCALPHA1     3  of  6  27.38   187     4.80e-02  QSKSRADLEDLWQL                                          14   0    5     0    
3TBN LVDCCALPHA1     5  of  6  32.29   176     9.64e-02  ICNLFVAIGAMLLTLL                                        16   0    195   0    
3TBB
3TBN PROTEASES2C     4  of  6  22.90   158     6.12e-02  VNSVVFYGITLNAKNLGG                                      18   0    322   0    
3TBN PROTEASES2C     6  of  6  19.32   123     8.87e-02  SIGVGSMLSRVGG                                           13   0    433   0    
3TBB
3TBF
Sn; 15074
Si; Fasta sequence
1TBS
1TBN NO SIGNIFICANT RESULTS ABOVE 0.0001    
1TBF
2TBS
2TBT FingerPrint     No.Motifs SumId    AveId    ProfScore  Ppvalue     Evalue      GraphScan               
2TBN COUPTNFACTOR    2  of  9  53.21    26.60    380        0.000417    1.4e+03     .....i.i.       
2TBN LCACHANNELB     2  of  9  46.83    23.41    329        0.00194     5.3e+03     ....i..i.       
2TBN AUTOINDCRSYN    2  of  7  26.46    13.23    207        0.00253     4.7e+03     .i..i..         
2TBF
3TBS
3TBT MotifName       No.Mots   IdScore PfScore Pvalue    Sequence                                                Len  low  pos   high 
3TBN COUPTNFACTOR    6  of  9  28.21   212     1.00e-02  IESDENGVKELSH                                           13   0    26    0    
3TBN COUPTNFACTOR    8  of  9  25.00   168     4.16e-02  GKLPLSRTVF##                                            12   0    89    0    
3TBB
3TBN LCACHANNELB     5  of  9  28.63   152     8.01e-02  KIQLNDEENAELSKL                                         15   0    8     0    
3TBN LCACHANNELB     8  of  9  18.20   177     2.42e-02  FLKDQGKNATRRKSNK                                        16   0    65    0    
3TBB
3TBN AUTOINDCRSYN    2  of  7  17.83   113     8.89e-02  VNAIESDENGVKELSHIFDEAEK                                 23   0    23    0    
3TBN AUTOINDCRSYN    5  of  7  8.64    94      2.85e-02  LSRTVF################                                  22   0    93    0    
3TBB
3TBF
Sn; 15075
Si; Fasta sequence
1TBS
1TBN NO SIGNIFICANT RESULTS ABOVE 0.0001    
1TBF
2TBS
2TBT FingerPrint     No.Motifs SumId    AveId    ProfScore  Ppvalue     Evalue      GraphScan               
2TBN RELAXIN         2  of  6  55.76    27.88    359        0.000249    8.1e+02     i....i          
2TBN PHOSPHOCPHPR    2  of  3  38.60    19.30    283        0.00137     3.5e+03     ii.             
2TBN GPROTEINAFNG    2  of  5  63.64    31.82    277        0.0014      5.4e+03     .I..i           
2TBN CD40LIGAND      2  of  4  41.10    20.55    337        0.0038      9.4e+03     i..i            
2TBN PHEROMONEBAR    2  of  12 51.20    25.60    370        0.00385     1.1e+04     ........i.i.    
2TBF
3TBS
3TBT MotifName       No.Mots   IdScore PfScore Pvalue    Sequence                                                Len  low  pos   high 
3TBN RELAXIN         1  of  6  26.70   196     3.66e-03  NYLEMLAVFLVLKRFCK                                       17   0    58    0    
3TBN RELAXIN         6  of  6  29.06   163     6.80e-02  LYCSKRNID                                               9    0    247   0    
3TBB
3TBN PHOSPHOCPHPR    1  of  3  20.81   171     1.84e-02  ASHGNPDNVITTDASRM                                       17   0    17    0    
3TBN PHOSPHOCPHPR    2  of  3  17.79   112     7.45e-02  GGQWSNSETMFHINYL                                        16   0    45    0    
3TBB
3TBN GPROTEINAFNG    2  of  5  41.21   165     1.44e-02  SETMFHINYLE                                             11   0    51    0    
3TBN GPROTEINAFNG    5  of  5  22.42   112     9.70e-02  DGLQIVRTAIQ                                             11   0    204   0    
3TBB
3TBN CD40LIGAND      1  of  4  21.21   158     9.67e-02  INYLEMLAVFLVLKRFCK                                      18   0    57    0    
3TBN CD40LIGAND      4  of  4  19.89   179     3.93e-02  ELVNKGLGYSALNTAR                                        16   0    267   0    
3TBB
3TBN PHEROMONEBAR    9  of  12 23.08   190     9.77e-02  QYKTYIREWTLYC                                           13   0    237   0    
3TBN PHEROMONEBAR    11 of  12 28.12   180     3.94e-02  NKGLGYSALNTARSAL                                        16   0    270   0    
3TBB
3TBF
Sn; 15076
Si; Fasta sequence
1TBS
1TBN NO SIGNIFICANT RESULTS ABOVE 0.0001    
1TBF
2TBS
2TBT FingerPrint     No.Motifs SumId    AveId    ProfScore  Ppvalue     Evalue      GraphScan               
2TBN CABNDNGRPT      2  of  4  72.87    36.44    321        0.000339    1.5e+03     ..Ii            
2TBN GLU5KINASE      2  of  5  40.11    20.05    254        0.00103     2.4e+03     i...i           
2TBN PRSTNOIDIPR     2  of  9  42.93    21.47    322        0.00127     2.9e+03     i.i......       
2TBN FADPNR          2  of  5  39.61    19.80    212        0.00185     4e+03       ii...           
2TBN PNDRDTASEII     2  of  10 42.65    21.33    254        0.00195     5.1e+03     i..i......      
2TBN EGGSHELL        2  of  5  57.41    28.71    301        0.00522     1.5e+04     iI...           
2TBF
3TBS
3TBT MotifName       No.Mots   IdScore PfScore Pvalue    Sequence                                                Len  low  pos   high 
3TBN CABNDNGRPT      3  of  4  45.80   181     7.38e-03  GGTGGCSLF                                               9    0    55    0    
3TBN CABNDNGRPT      4  of  4  27.07   140     4.60e-02  VGSGGSVFL#                                              10   0    155   0    
3TBB
3TBN GLU5KINASE      1  of  5  23.70   115     9.08e-02  GGSVVVRGGGGTGGC                                         15   0    46    0    
3TBN GLU5KINASE      5  of  5  16.40   139     1.14e-02  VGSGGSVFL############                                   21   0    155   0    
3TBB
3TBN PRSTNOIDIPR     1  of  9  22.62   157     8.48e-02  TCGGSVVVRGGGGTGGCSLFV                                   21   0    44    0    
3TBN PRSTNOIDIPR     3  of  9  20.31   165     1.50e-02  CTGSGTMFVCRGGSSM                                        16   0    111   0    
3TBB
3TBN FADPNR          1  of  5  24.56   132     2.00e-02  VVVRGGGGTGGCSLFVSRGG                                    20   0    49    0    
3TBN FADPNR          2  of  5  15.04   80      9.25e-02  SSSMFVCTGDGTMFVGSGG                                     19   0    141   0    
3TBB
3TBN PNDRDTASEII     1  of  10 19.62   135     4.30e-02  SVVVRGGGGTGGCSLFVSRGGSS                                 23   0    48    0    
3TBN PNDRDTASEII     4  of  10 23.04   119     4.53e-02  SSMFVCTGD                                               9    0    142   0    
3TBB
3TBN EGGSHELL        1  of  5  27.21   140     6.22e-02  SRGGSSMFLCIIGGCTV                                       17   0    65    0    
3TBN EGGSHELL        2  of  5  30.21   161     8.39e-02  SGDCSVLACTGS                                            12   0    103   0    
3TBB
3TBF
Sn; 15077
Si; Fasta sequence
1TBS
1TBH RASTRNSFRMNG    3.1e-23        Transforming protein P21 ras signature                                   PR00449         
1TBF
2TBS
2TBT FingerPrint     No.Motifs SumId    AveId    ProfScore  Ppvalue     Evalue      GraphScan               
2TBH RASTRNSFRMNG    5  of  5  168.60   33.72    1539       3.61e-29    3.1e-23     IiIIi           
2TBN MASPIN          2  of  9  62.35    31.17    347        0.00117     3.1e+03     ......II.       
2TBN GASTRINR        2  of  9  54.34    27.17    366        0.00303     8e+03       i..I.....       
2TBN NEISSPPORIN     2  of  7  50.88    25.44    362        0.00381     7.5e+03     ..i...i         
2TBF
3TBS
3TBT MotifName       No.Mots   IdScore PfScore Pvalue    Sequence                                                Len  low  pos   high 
3TBH RASTRNSFRMNG    1  of  5  34.78   377     2.95e-08  AKVVILGKTNSGKTCLFERYLH                                  22   0    7     0    
3TBH RASTRNSFRMNG    2  of  5  24.99   174     5.41e-04  RYMESTEATIGAAFGSR                                       17   0    30    0    
3TBH RASTRNSFRMNG    3  of  5  43.75   491     3.35e-09  VDVGNIRVTLGIWDTAGSERYDA                                 23   0    48    0    
3TBH RASTRNSFRMNG    4  of  5  36.85   224     3.10e-04  ESCKLYLCGTKKDL                                          14   0    109   0    
3TBH RASTRNSFRMNG    5  of  5  28.23   273     2.17e-06  VFETSSKTGYGIERLFRIVAEDC                                 23   0    148   0    
3TBB
3TBN MASPIN          7  of  9  30.77   190     1.83e-02  #####MDTLINAK                                           13   0    -4    0    
3TBN MASPIN          8  of  9  31.58   157     6.41e-02  GKTCLFERYLHDRYMESTE                                     19   0    18    0    
3TBB
3TBN GASTRINR        1  of  9  21.01   146     8.66e-02  TLINAKVVILGKTNSGK                                       17   0    3     0    
3TBN GASTRINR        4  of  9  33.33   220     3.50e-02  EIDARVFETSSKTGY                                         15   0    143   0    
3TBB
3TBN NEISSPPORIN     3  of  7  27.58   162     9.53e-02  SERYDAMSRVYYRGAKAA                                      18   0    65    0    
3TBN NEISSPPORIN     7  of  7  23.30   200     3.99e-02  CDLKAVCSEHEPSKKTRCCA#####                               25   0    183   0    
3TBB
3TBF
Sn; 15078
Si; Fasta sequence
1TBS
1TBH BASICPTASE      2.3e-07        Basic protease (Kunitz-type) inhibitor family signature                  PR00759         
1TBF
2TBS
2TBT FingerPrint     No.Motifs SumId    AveId    ProfScore  Ppvalue     Evalue      GraphScan               
2TBH BASICPTASE      3  of  3  147.67   49.22    1134       1.16e-13    2.3e-07     III             
2TBN EGFLAMININ      2  of  4  69.14    34.57    641        3.82e-06    8.5         II..            
2TBN ENOLASE         2  of  6  70.94    35.47    459        0.000137    4e+02       I.I...          
2TBN PHOSPHBKNASE    2  of  7  64.29    32.14    460        0.000383    1.2e+03     .Ii....         
2TBN PRSTNOIDEP4R    2  of  8  46.74    23.37    482        0.000718    1.4e+03     i....i..        
2TBN BACE2           2  of  6  69.87    34.94    397        0.00115     3.7e+03     ..iI..          
2TBN MTABOTROPC8R    2  of  6  84.72    42.36    490        0.00215     6.5e+03     .I.I..          
2TBN ADENOVSFIBRE    2  of  7  55.05    27.52    286        0.00435     1.2e+04     ..I..i.         
2TBN GPR153          2  of  9  56.52    28.26    436        0.00497     1.1e+04     ..I....i.       
2TBN C3ANPHYLTXNR    2  of  10 69.00    34.50    404        0.00631     1.6e+04     ...I.....i      
2TBF
3TBS
3TBT MotifName       No.Mots   IdScore PfScore Pvalue    Sequence                                                Len  low  pos   high 
3TBH BASICPTASE      1  of  3  39.81   315     1.11e-04  GDICKLPKSTGPCEA                                         15   0    185   0    
3TBH BASICPTASE      2  of  3  62.60   439     1.35e-05  CRRFIYGGCRG                                             11   0    213   0    
3TBH BASICPTASE      3  of  3  45.26   380     7.75e-05  GNANRFASKMLCEVKC                                        16   0    223   0    
3TBB
3TBN EGFLAMININ      1  of  4  37.32   363     4.29e-04  CDPRTGQCWCVDRLGRELT                                     19   0    904   0    
3TBN EGFLAMININ      2  of  4  31.82   278     8.90e-03  CNHVTGYCWCVDDDGKEIA                                     19   0    1114  0    
3TBB
3TBN ENOLASE         1  of  6  37.17   242     8.19e-03  VPQCTSEGRYEPVQC                                         15   0    959   0    
3TBN ENOLASE         3  of  6  33.77   217     1.68e-02  QLQEVMSLPSNSSH                                          14   0    1085  0    
3TBB
3TBN PHOSPHBKNASE    2  of  7  39.29   293     7.12e-03  KEAIKHPEMSQY                                            12   0    461   0    
3TBN PHOSPHBKNASE    3  of  7  25.00   167     5.38e-02  HNLSPCEKARRVAMTT                                        16   0    592   0    
3TBB
3TBN PRSTNOIDEP4R    1  of  8  25.00   207     3.66e-02  SPTGTRFSFAVFADDVHSPLS                                   21   0    1472  0    
3TBN PRSTNOIDEP4R    6  of  8  21.74   275     1.96e-02  CGGILPLCYEVQHRKAFLSMSHY                                 23   0    1690  0    
3TBB
3TBN BACE2           3  of  6  29.49   182     4.97e-02  QNILRRSLLPHMV                                           13   0    947   0    
3TBN BACE2           4  of  6  40.38   215     2.31e-02  VEIQGTRKNFIDG                                           13   0    1056  0    
3TBB
3TBN MTABOTROPC8R    2  of  6  37.50   280     3.63e-02  GLTICQRMHKEAIKHP                                        16   0    452   0    
3TBN MTABOTROPC8R    4  of  6  47.22   210     5.92e-02  FCVDKDGKEIPG                                            12   0    838   0    
3TBB
3TBN ADENOVSFIBRE    3  of  7  32.38   152     7.23e-02  MGKPQCKTKGGLTIC                                         15   0    442   0    
3TBN ADENOVSFIBRE    6  of  7  22.67   134     6.01e-02  HGSFCYCVTKDGSEI                                         15   0    694   0    
3TBB
3TBN GPR153          3  of  9  31.82   228     8.14e-02  DDHRQLEPSCNPDGSFRDIQCY                                  22   0    1023  0    
3TBN GPR153          8  of  9  24.71   208     6.11e-02  PNCKAAVSPGFIPSPCQ                                       17   0    1210  0    
3TBB
3TBN C3ANPHYLTXNR    4  of  10 40.00   200     8.38e-02  SLPLFVPRCKLDG                                           13   0    1310  0    
3TBN C3ANPHYLTXNR    10 of  10 29.00   204     7.53e-02  NFATHEKCRKSCGGILPLCY                                    20   0    1679  0    
3TBB
3TBF
Sn; 15079
Si; Fasta sequence
1TBS
1TBN NO SIGNIFICANT RESULTS ABOVE 0.0001    
1TBF
2TBS
2TBT FingerPrint     No.Motifs SumId    AveId    ProfScore  Ppvalue     Evalue      GraphScan               
2TBN STATHMIN        3  of  5  65.63    21.88    699        8.13e-08    0.088       .ii.i           
2TBN HISTONEH5       3  of  7  74.26    24.75    579        2.61e-07    0.42        ....iii         
2TBN BR22PROTEIN     2  of  6  56.82    28.41    681        3.06e-07    0.56        ...iI.          
2TBN ATHOOK          3  of  3  108.46   36.15    500        1.13e-06    2.8         III             
2TBN HIGHMOBLTYIY    3  of  5  86.15    28.72    596        2.43e-06    4.5         i..iI           
2TBN PQVDCCALPHA1    2  of  5  77.47    38.74    554        3.3e-06     8.2         .iI..           
2TBN TUBBYPROTEIN    2  of  9  46.09    23.04    567        4.71e-06    8.3         .i...i...       
2TBN TROPOMYOSIN     3  of  5  63.60    21.20    532        3.09e-05    35          .iii.           
2TBN NONHISHMG17     2  of  4  57.86    28.93    347        0.000125    4.1e+02     i.I.            
2TBN BRADYKINNB2R    2  of  8  66.59    33.29    436        0.000292    6.7e+02     ...I.I..        
2TBF
3TBS
3TBT MotifName       No.Mots   IdScore PfScore Pvalue    Sequence                                                Len  low  pos   high 
3TBN STATHMIN        2  of  5  21.10   309     1.93e-04  MQTQKRKERKKERKKERKKEKKERKKERK                           29   0    1     0    
3TBN STATHMIN        3  of  5  25.25   201     2.49e-02  KERKKERKKERKKERKKERKKKER                                24   0    30    0    
3TBN STATHMIN        5  of  5  19.29   189     1.69e-02  RKKERKKERKKERKKERKERKEGRK                               25   0    78    0    
3TBB
3TBN HISTONEH5       5  of  7  27.41   163     3.17e-02  ERKKERKKEKKERKK                                         15   0    12    0    
3TBN HISTONEH5       6  of  7  24.07   182     1.02e-02  KERKKERKKERKKRKKER                                      18   0    51    0    
3TBN HISTONEH5       7  of  7  22.78   234     8.11e-04  EKKKERKKERKKERKKERKK                                    20   0    73    0    
3TBB
3TBN BR22PROTEIN     4  of  6  25.00   327     6.67e-04  KERKKERKKERKKEKKERKKERKK                                24   0    7     0    
3TBN BR22PROTEIN     5  of  6  31.82   354     4.58e-04  RKKERKKERKKERKKERKKKER                                  22   0    32    0    
3TBB
3TBN ATHOOK          1  of  3  36.36   169     1.39e-02  KKERKKERKKK                                             11   0    41    0    
3TBN ATHOOK          2  of  3  31.94   152     1.49e-02  EEGRKKGRRKKE                                            12   0    114   0    
3TBN ATHOOK          3  of  3  40.15   179     5.47e-03  KEGKKEGRRKK                                             11   0    156   0    
3TBB
3TBN HIGHMOBLTYIY    1  of  5  26.37   191     2.00e-02  KERKKRKKERKKE                                           13   0    59    0    
3TBN HIGHMOBLTYIY    4  of  5  25.71   219     1.70e-03  RRKKRKKEREEGRKKGRRKK                                    20   0    105   0    
3TBN HIGHMOBLTYIY    5  of  5  34.07   186     7.14e-02  ERKEGRKEERKEG                                           13   0    134   0    
3TBB
3TBN PQVDCCALPHA1    2  of  5  29.47   190     2.76e-02  ERKKERKKERKKERKKKER                                     19   0    35    0    
3TBN PQVDCCALPHA1    3  of  5  48.00   364     1.20e-04  KERRKKGRKEERKEG                                         15   0    124   0    
3TBB
3TBN TUBBYPROTEIN    2  of  9  20.00   340     4.13e-04  RKKERKKERKKEKKERKKERKKERK                               25   0    9     0    
3TBN TUBBYPROTEIN    6  of  9  26.09   227     1.14e-02  EGRKKGRRKKERRKKGRKEERKE                                 23   0    115   0    
3TBB
3TBN TROPOMYOSIN     2  of  5  20.25   159     6.80e-02  ERKKERKKEKKERKKERKKER                                   21   0    12    0    
3TBN TROPOMYOSIN     3  of  5  25.11   185     2.49e-02  KERKKERKKKERKKERKKERKKRKKERKK                           29   0    42    0    
3TBN TROPOMYOSIN     4  of  5  18.24   188     1.83e-02  EEKKKERKKERKKERKKERKKERK                                24   0    72    0    
3TBB
3TBN NONHISHMG17     1  of  4  23.59   155     5.29e-02  KERKKERKERKEGRK                                         15   0    88    0    
3TBN NONHISHMG17     3  of  4  34.27   192     2.37e-03  KKERRKKGRKE                                             11   0    123   0    
3TBB
3TBN BRADYKINNB2R    4  of  8  30.59   210     3.06e-02  ERKKERKKKERKKERKK                                       17   0    43    0    
3TBN BRADYKINNB2R    6  of  8  36.00   226     9.54e-03  KEERKEGRKEERKEGRKGGR                                    20   0    132   0    
3TBB
3TBF
Sn; 15080
Si; Fasta sequence
1TBS
1TBN NO SIGNIFICANT RESULTS ABOVE 0.0001    
1TBF
2TBS
2TBT FingerPrint     No.Motifs SumId    AveId    ProfScore  Ppvalue     Evalue      GraphScan               
2TBN POLR2GRINL1     2  of  7  58.73    29.37    529        4.55e-06    9.1         .i...I.         
2TBN ATHOOK          3  of  3  106.22   35.41    481        1.35e-05    33          IiI             
2TBN 5HT2CRECEPTR    2  of  8  78.13    39.06    517        2.61e-05    74          ..I.i...        
2TBN CABNDNGRPT      2  of  4  93.22    46.61    390        5.77e-05    2.7e+02     .II.            
2TBN ATROPHIN        2  of  14 52.24    26.12    476        0.000124    2.2e+02     .....i.i......  
2TBN OGR1RECEPTOR    2  of  11 82.38    41.19    480        0.000197    5.7e+02     .....I...I.     
2TBN SUBTILISIN      2  of  3  58.65    29.33    324        0.000231    6.3e+02     .Ii             
2TBN AQUAPORIN10M    2  of  5  72.73    36.36    380        0.000398    1.6e+03     ...II           
2TBN KV14CHANNEL     2  of  7  85.24    42.62    399        0.000512    1.7e+03     ....II.         
2TBN ALPHATUBULIN    2  of  13 60.31    30.15    433        0.000554    1.6e+03     ..I....i.....   
2TBF
3TBS
3TBT MotifName       No.Mots   IdScore PfScore Pvalue    Sequence                                                Len  low  pos   high 
3TBN POLR2GRINL1     2  of  7  26.19   310     2.40e-04  ############MLSNKIFPCTLP                                24   0    -11   0    
3TBN POLR2GRINL1     6  of  7  32.54   219     1.90e-02  AKLMEVLENKLKNRQLAE                                      18   0    284   0    
3TBB
3TBN ATHOOK          1  of  3  39.39   209     3.54e-03  EGGRGNPPLDQ                                             11   0    173   0    
3TBN ATHOOK          2  of  3  27.43   131     6.82e-02  RSEGGRGNPTAE                                            12   0    188   0    
3TBN ATHOOK          3  of  3  39.39   141     5.57e-02  GSITPQLRPDK                                             11   0    211   0    
3TBB
3TBN 5HT2CRECEPTR    3  of  8  48.72   237     3.18e-02  NEEVRANPPLDQL                                           13   0    19    0    
3TBN 5HT2CRECEPTR    5  of  8  29.41   280     8.22e-04  PPLDQLPSRSSESTHGA                                       17   0    128   0    
3TBB
3TBN CABNDNGRPT      2  of  4  50.14   207     5.00e-03  GGRGNPPLD                                               9    0    174   0    
3TBN CABNDNGRPT      3  of  4  43.09   183     1.15e-02  GGRGNPTAE                                               9    0    191   0    
3TBB
3TBN ATROPHIN        6  of  14 24.24   196     7.00e-02  PRNKEERAHPPLDQLPSRRSEG                                  22   0    68    0    
3TBN ATROPHIN        8  of  14 28.00   280     1.77e-03  AAGGSITPQLRPDKTFSDFLHSFAK                               25   0    208   0    
3TBB
3TBN OGR1RECEPTOR    6  of  11 35.71   220     4.23e-02  GSHGAGNSHPPQLP                                          14   0    89    0    
3TBN OGR1RECEPTOR    10 of  11 46.67   260     4.65e-03  AEQRPLRRSEAAGGS                                         15   0    198   0    
3TBB
3TBN SUBTILISIN      2  of  3  37.17   207     2.75e-03  SGNSEGTHGAGDSH                                          14   0    33    0    
3TBN SUBTILISIN      3  of  3  21.48   117     8.40e-02  QSVSKCLPVCTGVLPEL                                       17   0    314   0    
3TBB
3TBN AQUAPORIN10M    4  of  5  33.33   180     3.06e-02  LGRYLGVENY                                              10   0    241   0    
3TBN AQUAPORIN10M    5  of  5  39.39   200     1.30e-02  QEKYGKKATPA                                             11   0    274   0    
3TBB
3TBN KV14CHANNEL     5  of  7  41.43   177     1.74e-02  SEGTHGAGDS                                              10   0    36    0    
3TBN KV14CHANNEL     6  of  7  43.81   222     2.95e-02  GTLPPQLRPRSEEER                                         15   0    111   0    
3TBB
3TBN ALPHATUBULIN    3  of  13 31.63   257     9.31e-03  HPPLLLTVRTDGSG                                          14   0    46    0    
3TBN ALPHATUBULIN    8  of  13 28.68   176     5.95e-02  NAIDNEKRYTEEKALQ                                        16   0    253   0    
3TBB
3TBF
Sn; 15081
Si; Fasta sequence
1TBS
1TBN NO SIGNIFICANT RESULTS ABOVE 0.0001    
1TBF
2TBS
2TBT FingerPrint     No.Motifs SumId    AveId    ProfScore  Ppvalue     Evalue      GraphScan               
2TBN MYOGLOBIN       2  of  6  40.29    20.14    315        0.00146     2.3e+03     .i...i          
2TBF
3TBS
3TBT MotifName       No.Mots   IdScore PfScore Pvalue    Sequence                                                Len  low  pos   high 
3TBN MYOGLOBIN       2  of  6  26.11   165     3.77e-02  AVIVCIQLVSVNPEPVEKCLDGRY                                24   0    5     0    
3TBN MYOGLOBIN       6  of  6  14.18   150     3.88e-02  FTWNHCGNLSKVIFFYRN############                          30   0    71    0    
3TBB
3TBF
Sn; 15082
Si; Fasta sequence
1TBS
1TBN NO SIGNIFICANT RESULTS ABOVE 0.0001    
1TBF
2TBS
2TBT FingerPrint     No.Motifs SumId    AveId    ProfScore  Ppvalue     Evalue      GraphScan               
2TBN ATHOOK          3  of  3  120.01   40.00    625        1.06e-08    0.026       III             
2TBN HIGHMOBLTYIY    3  of  5  104.47   34.82    721        6.84e-08    0.13        I.Ii.           
2TBN PRICHEXTENSN    4  of  8  104.32   26.08    843        3.91e-07    0.42        ..Iii.i.        
2TBN HISTONEH5       2  of  7  46.42    23.21    427        2.64e-05    67          ....ii.         
2TBN EMAJORBASICP    2  of  7  49.45    24.73    423        3.29e-05    64          i...I..         
2TBN MACSCAVRCPTR    2  of  8  57.60    28.80    456        6.43e-05    1.3e+02     .i....I.        
2TBN CLCHANNEL1      2  of  7  76.62    38.31    530        8.59e-05    2.9e+02     .....II         
2TBN YERSINIAYOPE    2  of  6  49.07    24.54    365        0.000117    2.8e+02     .ii...          
2TBN LTB1RECEPTOR    2  of  6  81.11    40.55    399        0.000146    4.1e+02     .II...          
2TBN LVDCCALPHA1C    2  of  13 56.71    28.35    455        0.000352    8e+02       ...I.i.......   
2TBF
3TBS
3TBT MotifName       No.Mots   IdScore PfScore Pvalue    Sequence                                                Len  low  pos   high 
3TBN ATHOOK          1  of  3  37.12   198     6.03e-03  ASGRPRPSRRP                                             11   0    227   0    
3TBN ATHOOK          2  of  3  42.36   228     5.19e-04  RRPRPSGRPRPS                                            12   0    247   0    
3TBN ATHOOK          3  of  3  40.53   199     3.40e-03  RRPRPSGRPRP                                             11   0    271   0    
3TBB
3TBN HIGHMOBLTYIY    1  of  5  40.66   292     6.59e-04  PHASGRPRPSRRP                                           13   0    225   0    
3TBN HIGHMOBLTYIY    3  of  5  41.67   276     1.93e-03  PSGRPRPSRRPR                                            12   0    251   0    
3TBN HIGHMOBLTYIY    4  of  5  22.14   153     5.37e-02  SRRPRPSRRPRPSGRPRPSK                                    20   0    264   0    
3TBB
3TBN PRICHEXTENSN    3  of  8  36.92   244     1.07e-02  PTGPHASGRPRPS                                           13   0    222   0    
3TBN PRICHEXTENSN    4  of  8  24.55   218     2.20e-02  PSRRPRPSRRPRPSGRPRPSRR                                  22   0    239   0    
3TBN PRICHEXTENSN    5  of  8  28.24   194     5.09e-02  PSRRPRPSGRPRPSKRP                                       17   0    269   0    
3TBN PRICHEXTENSN    7  of  8  14.62   187     3.27e-02  RRRPRPSPRPSPSGQ###########                              26   0    327   0    
3TBB
3TBN HISTONEH5       5  of  7  22.96   211     7.06e-03  RPSRRPRPSRRPRPS                                         15   0    238   0    
3TBN HISTONEH5       6  of  7  23.46   216     3.74e-03  RPSGRPRPSKRPHPNKKM                                      18   0    274   0    
3TBB
3TBN EMAJORBASICP    1  of  7  18.75   117     4.01e-02  KLSLILLLVLASIALFKAEELPED                                24   0    2     0    
3TBN EMAJORBASICP    5  of  7  30.70   306     8.19e-04  SKGKTFCGGCLKAFGACVR                                     19   0    164   0    
3TBB
3TBN MACSCAVRCPTR    2  of  8  22.31   212     4.92e-03  ##########MKLSLILLLVLASIAL                              26   0    -9    0    
3TBN MACSCAVRCPTR    7  of  8  35.29   244     1.31e-02  ESEEDEEVILADAVEND                                       17   0    194   0    
3TBB
3TBN CLCHANNEL1      6  of  7  35.71   315     2.79e-03  EEDDDEDAKKRRKR                                          14   0    136   0    
3TBN CLCHANNEL1      7  of  7  40.91   215     3.07e-02  RPSPRPSPSGQ                                             11   0    331   0    
3TBB
3TBN YERSINIAYOPE    2  of  6  24.07   184     1.45e-02  TEVEGDKEDPTGPHASGR                                      18   0    213   0    
3TBN YERSINIAYOPE    3  of  6  25.00   181     8.09e-03  PRPSRRPRPSRRPRPSRR                                      18   0    255   0    
3TBB
3TBN LTB1RECEPTOR    2  of  6  38.46   200     1.27e-02  AALSRIGERRVCA                                           13   0    64    0    
3TBN LTB1RECEPTOR    3  of  6  42.65   199     1.15e-02  GRPRPSRRPRPSRRPRP                                       17   0    229   0    
3TBB
3TBN LVDCCALPHA1C    4  of  13 32.00   267     4.23e-03  EEVILADAVENDEETEVEGD                                    20   0    199   0    
3TBN LVDCCALPHA1C    6  of  13 24.71   188     8.33e-02  PRPSRRPRPSRRPRPSG                                       17   0    237   0    
3TBB
3TBF
Sn; 15083
Si; Fasta sequence
1TBS
1TBN NO SIGNIFICANT RESULTS ABOVE 0.0001    
1TBF
2TBS
2TBT FingerPrint     No.Motifs SumId    AveId    ProfScore  Ppvalue     Evalue      GraphScan               
2TBN EDTRNSPORT      2  of  9  43.94    21.97    406        3e-06       6.2         i...i....       
2TBN ACRIFLAVINRP    2  of  9  36.51    18.25    338        0.000145    2.5e+02     ....i.i..       
2TBN PROTEASEAR      2  of  5  50.40    25.20    317        0.000215    6e+02       i.i..           
2TBN AROAAPRMEASE    2  of  9  40.00    20.00    293        0.000499    1.1e+03     .i....i..       
2TBN NRPEPTIDEYR     2  of  5  51.42    25.71    328        0.000635    1.8e+03     ..i.i           
2TBN GLIADIN         2  of  9  50.83    25.42    322        0.00144     4.8e+03     i.......I       
2TBN TCRTETA         2  of  12 51.06    25.53    316        0.0019      4.2e+03     I......i....    
2TBN NAALASMPORT     2  of  6  38.55    19.28    242        0.00228     4.5e+03     ..i.i.          
2TBN CYTB5RDTASE     2  of  6  73.78    36.89    326        0.00253     9.3e+03     .Ii...          
2TBN TUBULIN         2  of  9  37.06    18.53    310        0.0031      5.1e+03     .....i..i       
2TBF
3TBS
3TBT MotifName       No.Mots   IdScore PfScore Pvalue    Sequence                                                Len  low  pos   high 
3TBN EDTRNSPORT      1  of  9  21.11   160     3.10e-03  THLVIIFALVIVLGALVFQIL                                   21   0    5     0    
3TBN EDTRNSPORT      5  of  9  22.84   246     9.66e-04  IILLAPVGVVTIFMGLLFGF                                    20   0    242   0    
3TBB
3TBN ACRIFLAVINRP    5  of  9  18.80   178     2.06e-02  HLVIIFALVIVLGALVFQILPRLFP                               25   0    6     0    
3TBN ACRIFLAVINRP    7  of  9  17.71   160     7.04e-03  FVVYVFSVVIFNYLCAVFIKPGYP                                24   0    86    0    
3TBB
3TBN PROTEASEAR      1  of  5  20.63   190     3.13e-03  ALVIVLGALVFQILPRLF                                      18   0    12    0    
3TBN PROTEASEAR      3  of  5  29.76   127     6.86e-02  FLGYAFFGMAYA                                            12   0    174   0    
3TBB
3TBN AROAAPRMEASE    2  of  9  17.22   129     2.86e-02  ITHLVIIFALVIVLGALVFQ                                    20   0    4     0    
3TBN AROAAPRMEASE    7  of  9  22.78   164     1.74e-02  GVVTIFMGLLFGFQSLLLAS                                    20   0    249   0    
3TBB
3TBN NRPEPTIDEYR     3  of  5  24.15   142     3.23e-02  ALITHLVIIFALVIVL                                        16   0    2     0    
3TBN NRPEPTIDEYR     5  of  5  27.27   186     1.97e-02  LLFGFQSLLLASDL                                          14   0    257   0    
3TBB
3TBN GLIADIN         1  of  9  19.58   158     2.43e-02  THLVIIFALVIVLGA                                         15   0    5     0    
3TBN GLIADIN         9  of  9  31.25   164     5.90e-02  LLAPVGVVTI                                              10   0    244   0    
3TBB
3TBN TCRTETA         1  of  12 30.59   164     4.97e-02  LVIVLGALVFQILPRLF                                       17   0    13    0    
3TBN TCRTETA         8  of  12 20.48   152     3.81e-02  VGVVTIFMGLLFGFQSLLLAS                                   21   0    248   0    
3TBB
3TBN NAALASMPORT     3  of  6  23.33   122     4.08e-02  HLVIIFALVIVLGALVFQIL                                    20   0    6     0    
3TBN NAALASMPORT     5  of  6  15.22   120     5.60e-02  YTFLGYAFFGMAYACYLAYFPFS                                 23   0    172   0    
3TBB
3TBN CYTB5RDTASE     2  of  6  49.48   170     4.96e-02  LAYFPFSS                                                8    0    188   0    
3TBN CYTB5RDTASE     3  of  6  24.31   156     5.10e-02  GEYIILLAPVGVVTI                                         15   0    239   0    
3TBB
3TBN TUBULIN         6  of  9  17.08   128     8.61e-02  LFPKIRKSLPSQSFISYTQTVP                                  22   0    28    0    
3TBN TUBULIN         9  of  9  19.98   182     3.60e-02  RSNSVVEFFKTLSLSIRKKKKSRFWLMVY                           29   0    281   0    
3TBB
3TBF
Sn; 15084
Si; Fasta sequence
1TBS
1TBN NO SIGNIFICANT RESULTS ABOVE 0.0001    
1TBF
2TBS
2TBT FingerPrint     No.Motifs SumId    AveId    ProfScore  Ppvalue     Evalue      GraphScan               
2TBN PROGESTRONER    2  of  8  61.90    30.95    494        2.71e-06    6.5         .i..I...        
2TBN CYTOCHROMEF     2  of  13 73.79    36.90    462        1.88e-05    53          i...........I   
2TBN MUSCRINICM3R    2  of  7  55.22    27.61    450        5.25e-05    1.1e+02     .i..I..         
2TBN ANPHYLATOXNR    2  of  5  56.67    28.33    379        6.42e-05    2.2e+02     .i..I           
2TBN TNFC            2  of  8  52.27    26.14    435        0.000122    2.4e+02     .ii.....        
2TBN HYLETHALUSS1    2  of  8  58.45    29.23    447        0.000122    2.5e+02     ..i..I..        
2TBN SHAWCHANNEL     2  of  5  60.62    30.31    459        0.000333    9.4e+02     Ii...           
2TBN NRPEPTIDEY4R    2  of  10 62.50    31.25    380        0.0013      3.9e+03     i......I..      
2TBN TAP1PROTEIN     2  of  12 58.93    29.46    416        0.00142     3.5e+03     .I...i......    
2TBN BRADYKINNB1R    2  of  8  67.67    33.83    355        0.00153     4.8e+03     i.I.....        
2TBF
3TBS
3TBT MotifName       No.Mots   IdScore PfScore Pvalue    Sequence                                                Len  low  pos   high 
3TBN PROGESTRONER    2  of  8  27.78   204     9.27e-03  PNTSSQAEDNVLHSIASK                                      18   0    26    0    
3TBN PROGESTRONER    5  of  8  34.12   290     2.92e-04  SDEPQPPNDMTQCYYPE                                       17   0    267   0    
3TBB
3TBN CYTOCHROMEF     1  of  13 27.17   178     3.66e-02  AISHPFVVFGRQ                                            12   0    71    0    
3TBN CYTOCHROMEF     13 of  13 46.62   284     5.13e-04  YFLVLKITKFIYVQLSQD                                      18   0    366   0    
3TBB
3TBN MUSCRINICM3R    2  of  7  23.64   201     5.35e-02  TSSQAEDNVLHSIASKTPKEYK                                  22   0    28    0    
3TBN MUSCRINICM3R    5  of  7  31.58   249     9.82e-04  IVSMPIAAASLVETVKTDH                                     19   0    168   0    
3TBB
3TBN ANPHYLATOXNR    2  of  5  26.00   147     9.21e-02  LPTVLYGLIH                                              10   0    225   0    
3TBN ANPHYLATOXNR    5  of  5  30.67   232     6.97e-04  YVQLSQDFNGKRK##                                         15   0    377   0    
3TBB
3TBN TNFC            2  of  8  27.27   260     1.48e-03  TSFHLSPFTVFQIMTRLERKQG                                  22   0    90    0    
3TBN TNFC            3  of  8  25.00   175     8.24e-02  TLTQLPKEKPTQETSVREVG                                    20   0    138   0    
3TBB
3TBN HYLETHALUSS1    3  of  8  27.50   270     1.70e-03  QKQPHTPSNMADPNTSSQAE                                    20   0    14    0    
3TBN HYLETHALUSS1    6  of  8  30.95   177     7.18e-02  LSPFTVFQIMTRLERKQGLSS                                   21   0    94    0    
3TBB
3TBN SHAWCHANNEL     1  of  5  34.92   259     4.58e-03  #####MVYDRLPGV                                          14   0    -4    0    
3TBN SHAWCHANNEL     2  of  5  25.69   200     7.28e-02  IARQKQPHTPSNMADP                                        16   0    11    0    
3TBB
3TBN NRPEPTIDEY4R    1  of  10 29.17   153     8.03e-02  NVLHSIASKTPKEYKI                                        16   0    35    0    
3TBN NRPEPTIDEY4R    8  of  10 33.33   227     1.62e-02  FYRGFGALIVQC                                            12   0    352   0    
3TBB
3TBN TAP1PROTEIN     2  of  12 35.71   233     1.60e-02  HGRLLPMWTIGLPT                                          14   0    214   0    
3TBN TAP1PROTEIN     6  of  12 23.21   183     8.90e-02  AFAVPNLVLYPFSTVLNRLY                                    20   0    290   0    
3TBB
3TBN BRADYKINNB1R    1  of  8  29.33   159     8.56e-02  QKEIPSSSDEPQPPN                                         15   0    260   0    
3TBN BRADYKINNB1R    3  of  8  38.33   196     1.79e-02  KITKFIYVQLSQ                                            12   0    371   0    
3TBB
3TBF
Sn; 15085
Si; Fasta sequence
1TBS
1TBN NO SIGNIFICANT RESULTS ABOVE 0.0001    
1TBF
2TBS
2TBT FingerPrint     No.Motifs SumId    AveId    ProfScore  Ppvalue     Evalue      GraphScan               
2TBN VOMERONASL1R    2  of  8  67.99    33.99    367        0.000491    1.3e+03     ..I..I..        
2TBN PROTEINF153     2  of  5  56.39    28.19    387        0.002       4.7e+03     .i.i.           
2TBN FRACTALKINE     2  of  11 42.65    21.32    290        0.00686     1.4e+04     ......i.i..     
2TBF
3TBS
3TBT MotifName       No.Mots   IdScore PfScore Pvalue    Sequence                                                Len  low  pos   high 
3TBN VOMERONASL1R    3  of  8  32.87   229     6.25e-03  SSKSKYLKQFKNRRNSKI                                      18   0    25    0    
3TBN VOMERONASL1R    6  of  8  35.12   138     7.85e-02  SSTNESTVQPAT##                                          14   0    135   0    
3TBB
3TBN PROTEINF153     2  of  5  26.97   191     7.33e-02  SRRLFSSKSKYLKQFKNRR                                     19   0    20    0    
3TBN PROTEINF153     4  of  5  29.41   196     2.72e-02  EREEESSSTNESTVQPA                                       17   0    129   0    
3TBB
3TBN FRACTALKINE     7  of  11 25.00   150     7.77e-02  QRGKTAQESVVMSGGTKQGIETT                                 23   0    52    0    
3TBN FRACTALKINE     9  of  11 17.65   140     8.82e-02  YLKTSEKRIAVIAVLTM                                       17   0    95    0    
3TBB
3TBF
Sn; 15086
Si; Fasta sequence
1TBS
1TBN NO SIGNIFICANT RESULTS ABOVE 0.0001    
1TBF
2TBS
2TBT FingerPrint     No.Motifs SumId    AveId    ProfScore  Ppvalue     Evalue      GraphScan               
2TBN OSTEOPONTIN     2  of  8  60.19    30.10    549        0.000108    2.2e+02     ..Ii....        
2TBN ANGIOMOTIN      2  of  7  63.82    31.91    455        0.000229    5.5e+02     i.....I         
2TBN PROXISOMEPAR    3  of  7  100.31   33.44    538        0.000462    9.3e+02     I...I.I         
2TBN PNDRDTASEI      2  of  9  59.36    29.68    271        0.000936    3e+03       ..I....i.       
2TBN CCMFBIOGNSIS    2  of  7  62.01    31.01    297        0.000946    2.7e+03     ...i..I         
2TBN ACETATEKNASE    2  of  6  49.29    24.64    297        0.00114     3.7e+03     i..i..          
2TBN HCO3TRNSPORT    2  of  8  70.38    35.19    349        0.00123     4.5e+03     I....I..        
2TBN HOMSERKINASE    2  of  5  61.66    30.83    319        0.0017      4.8e+03     ..I.i           
2TBN NAHEXCHNGR3     2  of  16 68.75    34.38    420        0.00275     8.9e+03     ........Ii......
2TBN CYCOXIDASEII    2  of  7  58.69    29.34    372        0.00337     7.3e+03     .i....I         
2TBF
3TBS
3TBT MotifName       No.Mots   IdScore PfScore Pvalue    Sequence                                                Len  low  pos   high 
3TBN OSTEOPONTIN     3  of  8  32.69   294     3.72e-03  DSKRSRHRVKSIERKNRDNDHGGDDD                              26   0    481   0    
3TBN OSTEOPONTIN     4  of  8  27.50   255     2.89e-02  DGSEDSGDAHHDA##                                         15   0    516   0    
3TBB
3TBN ANGIOMOTIN      1  of  7  26.32   204     3.14e-02  TWQMEELESAMMDALSNDR                                     19   0    210   0    
3TBN ANGIOMOTIN      7  of  7  37.50   251     7.30e-03  EQDSLTKRDSKRSRHR                                        16   0    473   0    
3TBB
3TBN PROXISOMEPAR    1  of  7  30.88   144     9.53e-02  DEEGVDIDRAILKAL                                         15   0    162   0    
3TBN PROXISOMEPAR    5  of  7  34.21   200     7.32e-02  DVYEQVIEHAQEFK                                          14   0    335   0    
3TBN PROXISOMEPAR    7  of  7  35.22   194     6.63e-02  KTKRRLSLLPVTM                                           13   0    438   0    
3TBB
3TBN PNDRDTASEI      3  of  9  35.59   148     1.40e-02  VVIAEGSGRA                                              10   0    82    0    
3TBN PNDRDTASEI      8  of  9  23.77   123     6.71e-02  LVGAKIYMEMAGKIEG                                        16   0    314   0    
3TBB
3TBN CCMFBIOGNSIS    4  of  7  29.55   152     2.35e-02  GIPVVLLVLEGGPNTI                                        16   0    52    0    
3TBN CCMFBIOGNSIS    7  of  7  32.47   145     4.03e-02  VALALLDECYRANE                                          14   0    350   0    
3TBB
3TBN ACETATEKNASE    1  of  6  27.50   162     4.54e-02  LLVLEGGPNTIL                                            12   0    57    0    
3TBN ACETATEKNASE    4  of  6  21.79   135     2.51e-02  AQKLLTYNLKDWCG                                          14   0    366   0    
3TBB
3TBN HCO3TRNSPORT    1  of  8  36.81   183     3.99e-02  GIPVVLLVLEGGP                                           13   0    52    0    
3TBN HCO3TRNSPORT    6  of  8  33.57   166     3.10e-02  SFMVILGIIV                                              10   0    419   0    
3TBB
3TBN HOMSERKINASE    3  of  5  32.14   191     2.30e-02  ERGDNNLARALVGA                                          14   0    304   0    
3TBN HOMSERKINASE    5  of  5  29.51   128     7.39e-02  GYSAGSSGEGEEQDSL                                        16   0    462   0    
3TBB
3TBN NAHEXCHNGR3     9  of  16 50.00   190     8.66e-02  GRAADILAFA                                              10   0    89    0    
3TBN NAHEXCHNGR3     10 of  16 18.75   230     3.18e-02  PEVKEEDKVLDIYKNV                                        16   0    131   0    
3TBB
3TBN CYCOXIDASEII    2  of  7  22.43   159     7.00e-02  PVVLLVLEGGPNTILTVLESV                                   21   0    54    0    
3TBN CYCOXIDASEII    7  of  7  36.25   213     4.82e-02  MSEIFVDNHTWQMEELES                                      18   0    201   0    
3TBB
3TBF
Sn; 15087
Si; Fasta sequence
1TBS
1TBN NO SIGNIFICANT RESULTS ABOVE 0.0001    
1TBF
2TBS
2TBT FingerPrint     No.Motifs SumId    AveId    ProfScore  Ppvalue     Evalue      GraphScan               
2TBF
3TBS
3TBT MotifName       No.Mots   IdScore PfScore Pvalue    Sequence                                                Len  low  pos   high 
3TBF
Sn; 15088
Si; Fasta sequence
1TBS
1TBN NO SIGNIFICANT RESULTS ABOVE 0.0001    
1TBF
2TBS
2TBT FingerPrint     No.Motifs SumId    AveId    ProfScore  Ppvalue     Evalue      GraphScan               
2TBN BATTENIN        2  of  9  36.35    18.17    399        7.09e-05    1.5e+02     .i..i....       
2TBN ADENOSINEA3R    2  of  6  53.30    26.65    445        0.000152    3.8e+02     ..i..i          
2TBN HEXOKINASE      2  of  7  43.37    21.68    346        0.000202    5e+02       ..i...i         
2TBN MTUNCOUPLING    2  of  6  68.61    34.30    415        0.000316    8.3e+02     I...i.          
2TBN HEATSHOCK70     2  of  9  55.96    27.98    370        0.00036     1.1e+03     ....Ii...       
2TBN FLGBIOSNFLIP    2  of  6  75.45    37.72    300        0.000494    1.7e+03     ....II          
2TBN GLUTELIN        2  of  4  60.32    30.16    360        0.000538    1.4e+03     i.I.            
2TBN NAHEXCHNGR1     2  of  12 52.94    26.47    387        0.000586    1.5e+03     i..i........    
2TBN NAHEXCHNGR      2  of  4  68.66    34.33    321        0.000608    2.6e+03     ..II            
2TBN TYPE3IMPPROT    2  of  6  46.53    23.27    285        0.000898    1.8e+03     i...i.          
2TBF
3TBS
3TBT MotifName       No.Mots   IdScore PfScore Pvalue    Sequence                                                Len  low  pos   high 
3TBN BATTENIN        2  of  9  20.59   195     7.59e-03  GLIANVITSFILMYYCP                                       17   0    54    0    
3TBN BATTENIN        5  of  9  15.76   204     9.34e-03  SVLSPLIPIAIMLYMSYYVAHKS                                 23   0    247   0    
3TBB
3TBN ADENOSINEA3R    3  of  6  29.69   270     2.94e-03  AFLTCAVGLFIYQSLD                                        16   0    80    0    
3TBN ADENOSINEA3R    6  of  6  23.61   175     5.18e-02  MKLVVACMSKSPLDFKDS                                      18   0    294   0    
3TBB
3TBN HEXOKINASE      3  of  7  19.15   196     6.93e-03  ##########MLAVMND                                       17   0    -9    0    
3TBN HEXOKINASE      7  of  7  24.21   150     2.91e-02  QIYEGGRGKNGSTIAGT                                       17   0    230   0    
3TBB
3TBN MTUNCOUPLING    1  of  6  39.05   189     2.06e-02  QAKGTAPCWAFLT                                           13   0    71    0    
3TBN MTUNCOUPLING    5  of  6  29.55   226     1.53e-02  KVFDNQPCLYFLAFGLAIS                                     19   0    272   0    
3TBB
3TBN HEATSHOCK70     5  of  9  35.92   199     1.16e-02  GRIDVTELQVS                                             11   0    171   0    
3TBN HEATSHOCK70     6  of  9  20.04   171     3.11e-02  FKDSTMLGGIVQILNIH                                       17   0    308   0    
3TBB
3TBN FLGBIOSNFLIP    5  of  6  35.04   160     1.31e-02  ISMVVLSLAFCIS                                           13   0    122   0    
3TBN FLGBIOSNFLIP    6  of  6  40.40   140     3.77e-02  FLLTGIFGSSF                                             11   0    186   0    
3TBB
3TBN GLUTELIN        1  of  4  29.37   142     3.53e-02  VAPNLLTVLGLIANVITS                                      18   0    45    0    
3TBN GLUTELIN        3  of  4  30.95   218     1.53e-02  LLWSSVCGTVYAMCS                                         15   0    212   0    
3TBB
3TBN NAHEXCHNGR1     1  of  12 29.41   207     7.14e-03  WVAPNLLTVLGLIANVI                                       17   0    44    0    
3TBN NAHEXCHNGR1     4  of  12 23.53   180     8.21e-02  SSVCGTVYAMCSIFSQI                                       17   0    215   0    
3TBB
3TBN NAHEXCHNGR      3  of  4  38.00   150     2.42e-02  LLWSSVCGT                                               9    0    212   0    
3TBN NAHEXCHNGR      4  of  4  30.65   171     2.51e-02  TSVLSPLIPIA                                             11   0    246   0    
3TBB
3TBN TYPE3IMPPROT    1  of  6  26.83   123     2.53e-02  WVAPNLLTVLGLIANVITSF                                    20   0    44    0    
3TBN TYPE3IMPPROT    5  of  6  19.70   162     3.55e-02  FWAIKIPLIGVSLKIGLLWSSV                                  22   0    196   0    
3TBB
3TBF
Sn; 15089
Si; Fasta sequence
1TBS
1TBN NO SIGNIFICANT RESULTS ABOVE 0.0001    
1TBF
2TBS
2TBT FingerPrint     No.Motifs SumId    AveId    ProfScore  Ppvalue     Evalue      GraphScan               
2TBN TROPOMYOSIN     2  of  5  33.25    16.63    366        0.000775    1.4e+03     i.i..           
2TBN FILOVP35        2  of  8  56.67    28.33    369        0.00107     2.3e+03     ...Ii...        
2TBN SSPANPROTEIN    2  of  14 62.16    31.08    343        0.00342     1.1e+04     .......I....I.  
2TBF
3TBS
3TBT MotifName       No.Mots   IdScore PfScore Pvalue    Sequence                                                Len  low  pos   high 
3TBN TROPOMYOSIN     1  of  5  19.53   157     6.87e-02  NIQSINNYSSLNSRQLQQ                                      18   0    110   0    
3TBN TROPOMYOSIN     3  of  5  13.73   209     1.13e-02  AVPAKRKRYLIESSDSSQE##########                           29   0    195   0    
3TBB
3TBN FILOVP35        4  of  8  32.50   194     2.27e-02  KTMALSAELPMKNNLTNHSA                                    20   0    65    0    
3TBN FILOVP35        5  of  8  24.17   175     4.71e-02  TMLQKLNDNNIPPNQIMQIS                                    20   0    87    0    
3TBB
3TBN SSPANPROTEIN    8  of  14 30.26   155     8.75e-02  DSPFYIAVNNVKE                                           13   0    30    0    
3TBN SSPANPROTEIN    13 of  14 31.90   188     3.90e-02  SSVGQFSSFSTTTC                                          14   0    155   0    
3TBB
3TBF
Sn; 15090
Si; Fasta sequence
1TBS
1TBN NO SIGNIFICANT RESULTS ABOVE 0.0001    
1TBF
2TBS
2TBT FingerPrint     No.Motifs SumId    AveId    ProfScore  Ppvalue     Evalue      GraphScan               
2TBN EDG8RECEPTOR    2  of  10 73.61    36.81    440        0.000135    4.1e+02     I......I..      
2TBN SECFTRNLCASE    2  of  4  50.69    25.35    321        0.000203    5.4e+02     i..i            
2TBN CHAPERONIN10    2  of  4  58.16    29.08    346        0.000315    9.2e+02     i.I.            
2TBN ANNEXINXI       2  of  5  73.94    36.97    441        0.000642    2.1e+03     i...I           
2TBN SSPANPROTEIN    2  of  14 74.94    37.47    426        0.000978    3.3e+03     I...........I.  
2TBN LANTIPROCESS    2  of  4  48.21    24.11    339        0.00122     3.2e+03     .ii.            
2TBN RECEXONCLASE    2  of  9  56.44    28.22    430        0.00164     3e+03       i..i.....       
2TBN DENSEGRNULE7    2  of  5  50.82    25.41    385        0.00176     4.2e+03     i...i           
2TBN ANIONEXCHNGR    2  of  13 89.58    44.79    399        0.0019      1e+04       ...I.I.......   
2TBN CAMPKINASE      2  of  5  68.06    34.03    324        0.00196     7.5e+03     ..II.           
2TBF
3TBS
3TBT MotifName       No.Mots   IdScore PfScore Pvalue    Sequence                                                Len  low  pos   high 
3TBN EDG8RECEPTOR    1  of  10 37.50   280     2.15e-03  #########MNSGLLR                                        16   0    -8    0    
3TBN EDG8RECEPTOR    8  of  10 36.11   160     6.27e-02  SDTTKAVKPSGF                                            12   0    305   0    
3TBB
3TBN SECFTRNLCASE    1  of  4  28.75   187     5.75e-03  GGVNAPEDYFGGAKIS                                        16   0    237   0    
3TBN SECFTRNLCASE    4  of  4  21.94   134     3.53e-02  STSKGYLKTIKNFITT                                        16   0    473   0    
3TBB
3TBN CHAPERONIN10    1  of  4  26.11   170     1.76e-02  VRPLEDIKITDRIYKD                                        16   0    569   0    
3TBN CHAPERONIN10    3  of  4  32.05   176     1.79e-02  KIGDFILVRFYTP                                           13   0    622   0    
3TBB
3TBN ANNEXINXI       1  of  5  26.67   210     5.55e-02  VPTVRRPKAASYLSQ                                         15   0    349   0    
3TBN ANNEXINXI       5  of  5  47.27   231     1.16e-02  AWSALEFGARG                                             11   0    493   0    
3TBB
3TBN SSPANPROTEIN    1  of  14 43.03   219     1.76e-02  GQIKAQSSSAK                                             11   0    275   0    
3TBN SSPANPROTEIN    13 of  14 31.90   207     5.55e-02  RHVGTFSSLVGQVR                                          14   0    557   0    
3TBB
3TBN LANTIPROCESS    2  of  4  24.11   170     3.98e-02  PSIRKEIYDSFASEMN                                        16   0    395   0    
3TBN LANTIPROCESS    3  of  4  24.11   169     3.07e-02  RSKQCLDYAFLFNYSK                                        16   0    444   0    
3TBB
3TBN RECEXONCLASE    1  of  9  29.17   210     3.78e-02  ##MNSGLLRVVTAPRSFYPSLENL                                24   0    -1    0    
3TBN RECEXONCLASE    4  of  9  27.27   220     4.34e-02  AAYDTTRHGMFWGKDIEIGDFI                                  22   0    198   0    
3TBB
3TBN DENSEGRNULE7    1  of  5  28.95   180     3.96e-02  AFLVIGVPTVRRPKAASYL                                     19   0    343   0    
3TBN DENSEGRNULE7    5  of  5  21.88   205     4.43e-02  GYLKTIKNFITTNEKR                                        16   0    477   0    
3TBB
3TBN ANIONEXCHNGR    4  of  13 47.92   184     4.24e-02  VSRLIVES                                                8    0    637   0    
3TBN ANIONEXCHNGR    6  of  13 41.67   215     4.48e-02  VWTTFSKV                                                8    0    725   0    
3TBB
3TBN CAMPKINASE      3  of  5  35.00   172     7.69e-02  DYFGGAKISY                                              10   0    244   0    
3TBN CAMPKINASE      4  of  5  33.06   152     2.55e-02  PKAASYLSQTLK                                            12   0    355   0    
3TBB
3TBF
Sn; 15091
Si; Fasta sequence
1TBS
1TBH ALADIPTASE      3.3e-10        Membrane alanyl dipeptidase (M1) family signature                        PR00756         
1TBF
2TBS
2TBT FingerPrint     No.Motifs SumId    AveId    ProfScore  Ppvalue     Evalue      GraphScan               
2TBH ALADIPTASE      3  of  5  158.11   52.70    1052       1.67e-16    3.3e-10     .III.           
2TBN OSTEOPONTIN     2  of  8  47.08    23.54    357        0.00106     2.6e+03     ....i..i        
2TBN PAFRECEPTOR     2  of  11 35.18    17.59    309        0.00541     1.1e+04     i...i......     
2TBN PROTEINEAF5     2  of  4  57.27    28.64    271        0.00739     1.8e+04     .Ii.            
2TBF
3TBS
3TBT MotifName       No.Mots   IdScore PfScore Pvalue    Sequence                                                Len  low  pos   high 
3TBH ALADIPTASE      2  of  5  45.76   370     4.79e-08  YKKTVIMPTYLLAFVV                                        16   0    18    0    
3TBH ALADIPTASE      3  of  5  74.51   437     3.94e-07  FGPGAMENWGL                                             11   0    96    0    
3TBH ALADIPTASE      4  of  5  37.83   245     8.86e-03  VITHELAHQRDKPSMQ                                        16   0    132   0    
3TBB
3TBN OSTEOPONTIN     5  of  8  25.83   166     2.71e-02  ##MPIYKTETINGGQ                                         15   0    -1    0    
3TBN OSTEOPONTIN     8  of  8  21.25   191     3.90e-02  QDKQLISSVITHELAHQRDK                                    20   0    124   0    
3TBB
3TBN PAFRECEPTOR     1  of  11 21.05   164     6.20e-02  TINGGQRIDYYKKTVIMPT                                     19   0    8     0    
3TBN PAFRECEPTOR     5  of  11 14.13   145     8.72e-02  RRYFRVHD###############                                 23   0    164   0    
3TBB
3TBN PROTEINEAF5     2  of  4  30.88   143     9.94e-02  NNIKLRYYSRPSFLNKT                                       17   0    45    0    
3TBN PROTEINEAF5     3  of  4  26.39   128     7.43e-02  IPDFGPGAMENWGLILYR                                      18   0    93    0    
3TBB
3TBF
Sn; 15092
Si; Fasta sequence
1TBS
1TBN NO SIGNIFICANT RESULTS ABOVE 0.0001    
1TBF
2TBS
2TBT FingerPrint     No.Motifs SumId    AveId    ProfScore  Ppvalue     Evalue      GraphScan               
2TBN UBIQUITOUSSP    2  of  6  62.86    31.43    431        8.83e-05    2.5e+02     ..I.i.          
2TBN SPO11HOMOLOG    2  of  10 55.74    27.87    453        0.000227    5e+02       ..Ii......      
2TBN EXPANSIN        2  of  9  55.29    27.65    361        0.00048     1.2e+03     .....Ii..       
2TBN HAUSAUGMINL5    2  of  11 51.22    25.61    363        0.000539    1.1e+03     ..i...i....     
2TBN NUCEPIMERASE    2  of  4  46.99    23.50    326        0.00114     3e+03       .ii.            
2TBN SM22CALPONIN    2  of  8  42.28    21.14    334        0.00117     3.1e+03     ..i....i        
2TBN GSYNUCLEIN      2  of  4  60.71    30.36    348        0.00126     4.1e+03     i..I            
2TBN SECRETINR       2  of  8  58.33    29.17    330        0.0017      5.3e+03     ...iI...        
2TBN ALCDHDRGNASE    2  of  6  44.97    22.48    380        0.00201     6.3e+03     .i..i.          
2TBN CCYSTOKNINAR    2  of  7  54.41    27.21    330        0.00345     9.4e+03     ....ii.         
2TBF
3TBS
3TBT MotifName       No.Mots   IdScore PfScore Pvalue    Sequence                                                Len  low  pos   high 
3TBN UBIQUITOUSSP    3  of  6  36.19   191     9.20e-02  GNTAHLSNLTKNIKV                                         15   0    100   0    
3TBN UBIQUITOUSSP    5  of  6  26.67   240     9.59e-04  FKGMLAAMEKEPNEG                                         15   0    256   0    
3TBB
3TBN SPO11HOMOLOG    3  of  10 31.93   237     1.04e-02  FSTARSNSSLPRPALKF                                       17   0    40    0    
3TBN SPO11HOMOLOG    4  of  10 23.81   216     2.18e-02  LEAQASGNTAHLSNLTKNIKV                                   21   0    94    0    
3TBB
3TBN EXPANSIN        6  of  9  32.56   203     1.49e-02  GPVLFKENGAEFI                                           13   0    225   0    
3TBN EXPANSIN        7  of  9  22.73   158     3.23e-02  IKELEKLRAHGGGDYPELTFKG                                  22   0    237   0    
3TBB
3TBN HAUSAUGMINL5    3  of  11 27.69   198     1.94e-02  TFPSILDDARQAMMKFSTARSNSSLP                              26   0    25    0    
3TBN HAUSAUGMINL5    7  of  11 23.53   165     2.78e-02  SKLLGVQDSKTLAFAID                                       17   0    168   0    
3TBB
3TBN NUCEPIMERASE    2  of  4  21.53   181     2.37e-02  NETTAVKEIAKAIVKT                                        16   0    191   0    
3TBN NUCEPIMERASE    3  of  4  25.46   145     4.80e-02  LSVFNDPTTGPVLFKE                                        16   0    216   0    
3TBB
3TBN SM22CALPONIN    3  of  8  23.16   161     3.88e-02  FRFHLADGFTFPSILD                                        16   0    16    0    
3TBN SM22CALPONIN    8  of  8  19.12   173     3.02e-02  KMEIGPDKFSKLLGVQ                                        16   0    159   0    
3TBB
3TBN GSYNUCLEIN      1  of  4  25.00   131     7.06e-02  MKNETTAVKEIA                                            12   0    189   0    
3TBN GSYNUCLEIN      4  of  4  35.71   217     1.79e-02  MEKEPNEGSPAGVD                                          14   0    263   0    
3TBB
3TBN SECRETINR       4  of  8  25.00   160     3.37e-02  DDTGSMKNETTA                                            12   0    184   0    
3TBN SECRETINR       5  of  8  33.33   170     5.03e-02  PTTGPVLFKENGAEF                                         15   0    222   0    
3TBB
3TBN ALCDHDRGNASE    2  of  6  26.12   199     4.02e-02  PRPALKFQPFH                                             11   0    50    0    
3TBN ALCDHDRGNASE    5  of  6  18.85   181     4.99e-02  VKTAGKTAENYILSVF                                        16   0    204   0    
3TBB
3TBN CCYSTOKNINAR    5  of  7  29.41   167     3.64e-02  KFSTARSNSSLPRPALK                                       17   0    39    0    
3TBN CCYSTOKNINAR    6  of  7  25.00   163     9.48e-02  ISSSPPGISKRSGS                                          14   0    136   0    
3TBB
3TBF
Sn; 15093
Si; Fasta sequence
1TBS
1TBN NO SIGNIFICANT RESULTS ABOVE 0.0001    
1TBF
2TBS
2TBT FingerPrint     No.Motifs SumId    AveId    ProfScore  Ppvalue     Evalue      GraphScan               
2TBN RGSPROTEIN      2  of  4  45.80    22.90    401        1.26e-05    24          ..ii            
2TBN NPOXDRDTASE5    2  of  8  43.93    21.96    473        7.66e-05    1.3e+02     ......ii        
2TBN PYOCINKILLER    2  of  10 56.32    28.16    470        0.000597    1.3e+03     ..i......i      
2TBN GPCRSTE3        2  of  12 57.85    28.93    303        0.000717    2.4e+03     ....i......I    
2TBN ORPHNNPRCRSR    2  of  8  58.85    29.43    447        0.000921    1.9e+03     ....i.I.        
2TBN LYMPHOTACTIN    2  of  5  54.66    27.33    368        0.00132     4.7e+03     .I.i.           
2TBN FLGHOOKFLIK     2  of  10 43.75    21.88    395        0.00141     2.5e+03     ...i....i.      
2TBN UDPGLUCOSER     2  of  7  70.37    35.19    452        0.00146     3.3e+03     ..I...I         
2TBN AQUAPORIN7      2  of  9  64.29    32.14    381        0.0015      5.1e+03     i......I.       
2TBN TCRTETB         2  of  12 39.22    19.61    386        0.00151     2.7e+03     .i......i...    
2TBF
3TBS
3TBT MotifName       No.Mots   IdScore PfScore Pvalue    Sequence                                                Len  low  pos   high 
3TBN RGSPROTEIN      3  of  4  22.10   221     4.78e-04  AARSIFDQYLSDKANPRVQLSKDQ                                24   0    380   0    
3TBN RGSPROTEIN      4  of  4  23.70   180     2.64e-02  AQLMVYELLGQDQFYGAFLN                                    20   0    424   0    
3TBB
3TBN NPOXDRDTASE5    7  of  8  19.07   203     2.49e-02  MFVVYVLVFSVGFLCVLGYLGY                                  22   0    32    0    
3TBN NPOXDRDTASE5    8  of  8  24.86   270     3.07e-03  SKDVEWVNFLTTRFVDDITNHLKIYRL                             27   0    150   0    
3TBB
3TBN PYOCINKILLER    3  of  10 26.32   200     4.03e-02  HVYLAGWSALVVGLSLSTF                                     19   0    7     0    
3TBN PYOCINKILLER    10 of  10 30.00   270     1.48e-02  LYTIEDVQATKDKVNVEIAK                                    20   0    301   0    
3TBB
3TBN GPCRSTE3        5  of  12 27.27   126     1.78e-02  ISEGLYTIEDVQAT                                          14   0    297   0    
3TBN GPCRSTE3        12 of  12 30.58   177     4.03e-02  IGMCKDAGKSY                                             11   0    513   0    
3TBB
3TBN ORPHNNPRCRSR    5  of  8  27.27   227     2.25e-02  GVLAEPRQERKPDVKMRTRVAS                                  22   0    765   0    
3TBN ORPHNNPRCRSR    7  of  8  31.58   220     4.10e-02  AEGILEQLFPDNKFSEIFR                                     19   0    832   0    
3TBB
3TBN LYMPHOTACTIN    2  of  5  30.30   196     3.81e-02  LGSDVTMDGVC                                             11   0    802   0    
3TBN LYMPHOTACTIN    4  of  5  24.36   172     3.48e-02  VYVLAEGILEQLF                                           13   0    828   0    
3TBB
3TBN FLGHOOKFLIK     4  of  10 18.75   195     3.51e-02  DKAIKTEGDDTLQNIETLFFQVES                                24   0    182   0    
3TBN FLGHOOKFLIK     9  of  10 25.00   200     4.02e-02  RAAARSIFDQYLSDKANPRVQLSK                                24   0    378   0    
3TBB
3TBN UDPGLUCOSER     3  of  7  33.33   210     3.63e-02  EKILKEVWESSRKSYKMDK                                     19   0    76    0    
3TBN UDPGLUCOSER     7  of  7  37.04   242     4.04e-02  EKEYLCDISEMLLYLLLP                                      18   0    223   0    
3TBB
3TBN AQUAPORIN7      1  of  9  17.14   172     3.75e-02  EFLHDLRQTLQRALI                                         15   0    130   0    
3TBN AQUAPORIN7      8  of  9  47.14   209     4.00e-02  FTREAFLTVI                                              10   0    288   0    
3TBB
3TBN TCRTETB         2  of  12 15.22   181     5.42e-02  VVYVLVFSVGFLCVLGYLGYIKS                                 23   0    34    0    
3TBN TCRTETB         9  of  12 24.00   205     2.79e-02  IATNVLLPSVKTICDPDYINQTLVW                               25   0    257   0    
3TBB
3TBF
Sn; 15094
Si; Fasta sequence
1TBS
1TBH TYRKINASE       2.4e-06        Tyrosine kinase catalytic domain signature                               PR00109         
1TBF
2TBS
2TBT FingerPrint     No.Motifs SumId    AveId    ProfScore  Ppvalue     Evalue      GraphScan               
2TBH TYRKINASE       2  of  5  84.77    42.38    749        9.43e-13    2.4e-06     II...           
2TBN TRPVRECEPTOR    2  of  10 44.29    22.14    345        0.000111    2.2e+02     ..I.i.....      
2TBN SSPANPROTEIN    2  of  14 70.22    35.11    362        0.000167    5.2e+02     ......I.I.....  
2TBN CRFRECEPTOR2    2  of  5  96.67    48.33    381        0.000283    1.3e+03     .II..           
2TBN SYNUCLEIN       2  of  5  57.50    28.75    307        0.000744    1.7e+03     ..i.i           
2TBN VINCULIN        2  of  7  37.73    18.86    299        0.00389     7.8e+03     .....ii         
2TBF
3TBS
3TBT MotifName       No.Mots   IdScore PfScore Pvalue    Sequence                                                Len  low  pos   high 
3TBH TYRKINASE       1  of  5  40.26   261     2.92e-05  TELAANGDLLEHIR                                          14   0    5     0    
3TBH TYRKINASE       2  of  5  44.51   488     3.23e-08  YIHSKEIVHRDLKCENILL                                     19   0    41    0    
3TBB
3TBN TRPVRECEPTOR    3  of  10 31.79   202     2.48e-03  ETRGKELFRQLVEGVSYIH                                     19   0    25    0    
3TBN TRPVRECEPTOR    5  of  10 12.50   143     4.47e-02  LNTSDN##################                                24   0    115   0    
3TBB
3TBN SSPANPROTEIN    7  of  14 30.22   179     9.01e-03  IRSNGAIAETRGKEL                                         15   0    17    0    
3TBN SSPANPROTEIN    9  of  14 40.00   183     1.86e-02  NLIISDFGFAKE                                            12   0    64    0    
3TBB
3TBN CRFRECEPTOR2    2  of  5  41.67   147     2.76e-02  LAANGDLLE                                               9    0    7     0    
3TBN CRFRECEPTOR2    3  of  5  55.00   234     1.03e-02  KCENILLDKD                                              10   0    53    0    
3TBB
3TBN SYNUCLEIN       3  of  5  28.33   137     9.53e-02  LFRQLVEGVSYIHSKEIVHR                                    20   0    31    0    
3TBN SYNUCLEIN       5  of  5  29.17   170     7.81e-03  AKENLPTATGKKKLSH                                        16   0    73    0    
3TBB
3TBN VINCULIN        6  of  7  22.73   157     4.07e-02  ENLPTATGKKKLSHTYCGSYAY                                  22   0    75    0    
3TBN VINCULIN        7  of  7  15.00   142     9.57e-02  LIRDALNTSDN#########                                    20   0    110   0    
3TBB
3TBF
Sn; 15095
Si; Fasta sequence
1TBS
1TBN NO SIGNIFICANT RESULTS ABOVE 0.0001    
1TBF
2TBS
2TBT FingerPrint     No.Motifs SumId    AveId    ProfScore  Ppvalue     Evalue      GraphScan               
2TBN ALPHACATENIN    2  of  10 54.22    27.11    570        1.02e-05    17          ...i..i...      
2TBN TRPCHANNEL3     2  of  5  82.58    41.29    560        5.27e-05    1.3e+02     ..I.I           
2TBN NOTCH3          2  of  4  71.30    35.65    470        0.000306    1e+03       I..I            
2TBN ZONOCCLUDNS3    2  of  5  69.05    34.52    424        0.000323    1.1e+03     I.I..           
2TBN NAHEXCHNGR1     2  of  12 80.34    40.17    447        0.000329    8.7e+02     I.....I.....    
2TBN CD36ANTIGEN     2  of  13 46.61    23.30    448        0.000861    1.7e+03     .i.........i.   
2TBN THYROLIBRINR    2  of  11 62.00    31.00    463        0.000881    1.6e+03     I........i.     
2TBN KV34CHANNEL     2  of  5  62.75    31.37    490        0.00132     3.9e+03     ..I.i           
2TBN INSP3RECEPTR    2  of  9  53.00    26.50    460        0.00175     3.4e+03     iI.......       
2TBN SSPANPROTEIN    2  of  14 76.62    38.31    421        0.00225     7.6e+03     I...........I.  
2TBF
3TBS
3TBT MotifName       No.Mots   IdScore PfScore Pvalue    Sequence                                                Len  low  pos   high 
3TBN ALPHACATENIN    4  of  10 27.11   287     4.39e-03  YDIKLQGIVSWTALETEDSSGDSDK                               25   0    136   0    
3TBN ALPHACATENIN    7  of  10 27.11   283     2.33e-03  QNFIDKEHEQLKKVRQLKRAIKTRR                               25   0    439   0    
3TBB
3TBN TRPCHANNEL3     3  of  5  41.67   210     6.50e-02  ITNSSSPRSLFS                                            12   0    526   0    
3TBN TRPCHANNEL3     5  of  5  40.91   350     8.11e-04  EELAVVRRLLNEKLLPAIKIMT                                  22   0    608   0    
3TBB
3TBN NOTCH3          1  of  4  38.57   238     4.26e-03  YRSSVQLAQRLDIL                                          14   0    27    0    
3TBN NOTCH3          4  of  4  32.73   232     7.18e-02  LLPAIKIMTDW                                             11   0    621   0    
3TBB
3TBN ZONOCCLUDNS3    1  of  5  35.71   228     4.21e-03  KTRRRRQKRRDMSS                                          14   0    460   0    
3TBN ZONOCCLUDNS3    3  of  5  33.33   196     7.67e-02  VESSKRRGRY                                              10   0    893   0    
3TBB
3TBN NAHEXCHNGR1     1  of  12 40.34   217     1.08e-02  RLFEKNRVVVMSLKELP                                       17   0    254   0    
3TBN NAHEXCHNGR1     7  of  12 40.00   230     3.04e-02  NQLVEKEKKETELSK                                         15   0    766   0    
3TBB
3TBN CD36ANTIGEN     2  of  13 20.29   242     1.31e-02  SLTEAGKLLTQQIMRDNLISKNG                                 23   0    553   0    
3TBN CD36ANTIGEN     12 of  13 26.32   206     6.60e-02  NATGSSQKGQRKRSAATGT                                     19   0    936   0    
3TBB
3TBN THYROLIBRINR    1  of  11 32.00   225     2.00e-02  NEEIGQLCQSVLQDMDIVLS                                    20   0    303   0    
3TBN THYROLIBRINR    10 of  11 30.00   238     4.40e-02  RRLLNEKLLPAIKIMTDWLTVNPDII                              26   0    614   0    
3TBB
3TBN KV34CHANNEL     3  of  5  33.33   250     3.67e-02  DSSGDSDKEIKD                                            12   0    153   0    
3TBN KV34CHANNEL     5  of  5  29.41   240     3.61e-02  VESDSEEESSITNSSSP                                       17   0    516   0    
3TBB
3TBN INSP3RECEPTR    1  of  9  20.00   249     5.52e-02  RACQRCLISLGDLARYQQEFEYFN                                24   0    168   0    
3TBN INSP3RECEPTR    2  of  9  33.00   211     3.17e-02  KFEGTEGNLMRLFEKNRVVV                                    20   0    244   0    
3TBB
3TBN SSPANPROTEIN    1  of  14 44.24   181     9.93e-02  ATASDESKSGN                                             11   0    352   0    
3TBN SSPANPROTEIN    13 of  14 32.38   240     2.26e-02  KMASLLNLLPSSEQ                                          14   0    652   0    
3TBB
3TBF
Sn; 15096
Si; Fasta sequence
1TBS
1TBN NO SIGNIFICANT RESULTS ABOVE 0.0001    
1TBF
2TBS
2TBT FingerPrint     No.Motifs SumId    AveId    ProfScore  Ppvalue     Evalue      GraphScan               
2TBN INTSUBUNIT10    2  of  6  53.98    26.99    421        6.23e-05    1.4e+02     i..i..          
2TBN KIRCHANNEL      2  of  6  49.67    24.84    413        0.0001      2.3e+02     ..i.i.          
2TBN S21N4MTFRASE    2  of  5  39.00    19.50    250        0.0013      3.3e+03     i.i..           
2TBN CERVTRCPTASE    2  of  10 52.21    26.10    265        0.00224     6.1e+03     ..i......i      
2TBN AIREGULATOR     2  of  8  69.05    34.52    392        0.00569     1.7e+04     .I.I....        
2TBN GATSLIKEFMLY    2  of  5  54.45    27.22    307        0.00696     1.3e+04     .I..i           
2TBF
3TBS
3TBT MotifName       No.Mots   IdScore PfScore Pvalue    Sequence                                                Len  low  pos   high 
3TBN INTSUBUNIT10    1  of  6  29.81   235     3.26e-03  EQCKQDCALLLDRENE                                        16   0    45    0    
3TBN INTSUBUNIT10    4  of  6  24.18   186     1.91e-02  CELLTDPKNEQLQSVTALCKT                                   21   0    127   0    
3TBB
3TBN KIRCHANNEL      3  of  6  24.86   153     4.14e-02  LALVSPPAMTEQCKQDCAL                                     19   0    35    0    
3TBN KIRCHANNEL      5  of  6  24.81   260     2.42e-03  DSVLKSKDFWENKFSPTM                                      18   0    89    0    
3TBB
3TBN S21N4MTFRASE    1  of  5  22.33   119     7.36e-02  DFYLALVSPPAMTEQ                                         15   0    32    0    
3TBN S21N4MTFRASE    3  of  5  16.67   131     1.77e-02  HTSQNQESLVNKVS####                                      18   0    176   0    
3TBB
3TBN CERVTRCPTASE    3  of  10 27.21   119     8.08e-02  LFLEDAEFEMLPLNALN                                       17   0    15    0    
3TBN CERVTRCPTASE    10 of  10 25.00   146     2.77e-02  RTLYKMLVRNVHEL                                          14   0    160   0    
3TBB
3TBN AIREGULATOR     2  of  8  35.71   180     8.99e-02  DAEFEMLPLNALND                                          14   0    19    0    
3TBN AIREGULATOR     4  of  8  33.33   212     6.32e-02  WLWSQLFNHLNLDSM                                         15   0    73    0    
3TBB
3TBN GATSLIKEFMLY    2  of  5  36.00   151     9.79e-02  ENEGELLFPFSFFLY                                         15   0    58    0    
3TBN GATSLIKEFMLY    5  of  5  18.45   156     7.11e-02  PEKSILILTLSVRTLYKMLVRNVHELHHH                           29   0    148   0    
3TBB
3TBF
Sn; 15097
Si; Fasta sequence
1TBS
1TBN NO SIGNIFICANT RESULTS ABOVE 0.0001    
1TBF
2TBS
2TBT FingerPrint     No.Motifs SumId    AveId    ProfScore  Ppvalue     Evalue      GraphScan               
2TBN HISTONEH5       3  of  7  80.62    26.87    582        2.38e-05    37          i...Ii.         
2TBN THERMOPTASE     2  of  8  61.51    30.75    418        0.000116    2.5e+02     I...I...        
2TBN FYWHYDRXLASE    2  of  6  66.43    33.22    406        0.000162    3.5e+02     I..I..          
2TBN DENSEGRNULE6    2  of  8  51.51    25.76    468        0.000979    2.5e+03     .....I.i        
2TBN NEUROKININ2R    2  of  9  59.65    29.83    402        0.00122     3.8e+03     .i...I...       
2TBN KIMPTPASE       2  of  8  44.44    22.22    392        0.00136     4.6e+03     I....i..        
2TBN CD44            2  of  8  47.60    23.80    441        0.00174     3.6e+03     .i.....i        
2TBN TREACLE         2  of  3  64.16    32.08    403        0.00183     4.7e+03     iI.             
2TBN OMADHESIN       2  of  5  54.40    27.20    422        0.00228     5.1e+03     .i..I           
2TBN VASOPRSNV2R     2  of  8  64.51    32.25    333        0.00233     6.1e+03     i.....I.        
2TBF
3TBS
3TBT MotifName       No.Mots   IdScore PfScore Pvalue    Sequence                                                Len  low  pos   high 
3TBN HISTONEH5       1  of  7  22.22   205     3.65e-02  ISTKRRILEKDTDEESSYSEAV                                  22   0    56    0    
3TBN HISTONEH5       5  of  7  31.85   201     1.79e-02  KKSKTPTTSKKYTKV                                         15   0    163   0    
3TBN HISTONEH5       6  of  7  26.54   176     3.64e-02  EKQTQNKKSKKASTPAVT                                      18   0    196   0    
3TBB
3TBN THERMOPTASE     1  of  8  30.56   185     1.97e-02  AVNLQVNTENVKETKRTA                                      18   0    28    0    
3TBN THERMOPTASE     5  of  8  30.95   233     5.89e-03  ATPLMDQDEVSRHLHQVKATH                                   21   0    302   0    
3TBB
3TBN FYWHYDRXLASE    1  of  6  33.48   219     8.29e-03  PIESLQFYQEYRKYFAKWMF                                    20   0    323   0    
3TBN FYWHYDRXLASE    4  of  6  32.95   187     1.95e-02  QSGALALSSMNHVMRSLTT                                     19   0    508   0    
3TBB
3TBN DENSEGRNULE6    6  of  8  31.25   260     2.29e-02  KRKTTERKRNQVQEKE                                        16   0    180   0    
3TBN DENSEGRNULE6    8  of  8  20.26   208     4.28e-02  SDASGSNSDNESEKGSG                                       17   0    238   0    
3TBB
3TBN NEUROKININ2R    2  of  9  24.49   179     5.49e-02  DSDTDVTGQNVFGF                                          14   0    129   0    
3TBN NEUROKININ2R    6  of  9  35.16   223     2.23e-02  ILNTITEDVLEHN                                           13   0    390   0    
3TBB
3TBN KIMPTPASE       1  of  8  31.11   214     2.40e-02  NESEKGSGISATLAS                                         15   0    247   0    
3TBN KIMPTPASE       6  of  8  13.33   178     5.67e-02  PFIHVIASID                                              10   0    456   0    
3TBB
3TBN CD44            2  of  8  28.10   220     4.23e-02  GFNLLLYGLGSKRVLIDQFRS                                   21   0    347   0    
3TBN CD44            8  of  8  19.50   221     4.12e-02  KQFLEEQQTKSSQ#######                                    20   0    607   0    
3TBB
3TBN TREACLE         1  of  3  23.68   149     8.67e-02  GFQTPGRKSGSLAQAASEA                                     19   0    141   0    
3TBN TREACLE         2  of  3  40.48   254     2.11e-02  RSSNESDEESDASG                                          14   0    229   0    
3TBB
3TBN OMADHESIN       2  of  5  23.81   200     2.41e-02  KKTPKKPSISTKRRILEKDTD                                   21   0    48    0    
3TBN OMADHESIN       5  of  5  30.59   222     9.44e-02  NESDEESDASGSNSDNE                                       17   0    232   0    
3TBB
3TBN VASOPRSNV2R     1  of  8  24.51   140     9.93e-02  TQNKKSKKASTPAVTAN                                       17   0    199   0    
3TBN VASOPRSNV2R     7  of  8  40.00   193     2.35e-02  ALALSSMNHVMRSLT                                         15   0    511   0    
3TBB
3TBF
Sn; 15098
Si; Fasta sequence
1TBS
1TBN NO SIGNIFICANT RESULTS ABOVE 0.0001    
1TBF
2TBS
2TBT FingerPrint     No.Motifs SumId    AveId    ProfScore  Ppvalue     Evalue      GraphScan               
2TBN BOMBESIN3R      2  of  6  62.25    31.12    388        0.000337    9.8e+02     ..Ii..          
2TBN FMOXYGENASE5    2  of  9  40.00    20.00    345        0.00129     2.7e+03     ..i..i...       
2TBN LVIRUSORF6      2  of  14 53.75    26.88    386        0.00169     4e+03       ......I..i....  
2TBN AQUAPORIN8      2  of  10 62.47    31.23    389        0.00185     6.2e+03     .....i.I..      
2TBN XRODRMPGMNTD    2  of  9  56.39    28.20    327        0.00206     4.6e+03     ..i..i...       
2TBN P2Y4PRNOCPTR    2  of  9  34.73    17.37    318        0.00497     1.4e+04     ...i..i..       
2TBN CD36ANTIGEN     2  of  13 45.10    22.55    327        0.00847     1.6e+04     ..i.i........   
2TBF
3TBS
3TBT MotifName       No.Mots   IdScore PfScore Pvalue    Sequence                                                Len  low  pos   high 
3TBN BOMBESIN3R      3  of  6  38.64   172     8.46e-02  SSAYWNRYPNP                                             11   0    18    0    
3TBN BOMBESIN3R      4  of  6  23.61   216     3.99e-03  TPERPPRPPTLPLPQSNM                                      18   0    166   0    
3TBB
3TBN FMOXYGENASE5    3  of  9  16.25   135     7.35e-02  KFYSTNFVFKFAWDQVSSAY                                    20   0    2     0    
3TBN FMOXYGENASE5    6  of  9  23.75   210     1.75e-02  PQSNMMA#############                                    20   0    179   0    
3TBB
3TBN LVIRUSORF6      7  of  14 30.11   195     5.26e-02  FKFAWDQVSSAYWNRY                                        16   0    10    0    
3TBN LVIRUSORF6      10 of  14 23.64   191     3.22e-02  ESIVDPIAKTLTTYTRNITY                                    20   0    78    0    
3TBB
3TBN AQUAPORIN8      6  of  10 24.29   226     2.86e-02  VYAVNPQNKEWTTC                                          14   0    108   0    
3TBN AQUAPORIN8      8  of  10 38.18   163     6.45e-02  IMEKLYTPERP                                             11   0    160   0    
3TBB
3TBN XRODRMPGMNTD    3  of  9  27.82   159     5.23e-02  HVLSEDVLSRTVEDDKLKT                                     19   0    32    0    
3TBN XRODRMPGMNTD    6  of  9  28.57   168     3.95e-02  KQSWISSDVYGFARAIEAF                                     19   0    123   0    
3TBB
3TBN P2Y4PRNOCPTR    4  of  9  19.05   143     8.26e-02  #######MKFYSTN                                          14   0    -6    0    
3TBN P2Y4PRNOCPTR    7  of  9  15.69   175     6.03e-02  AFGVERYKKNAKKAIKG                                       17   0    140   0    
3TBB
3TBN CD36ANTIGEN     3  of  13 18.12   173     9.67e-02  WSLHVLSEDVLSRTVEDDKLKTK                                 23   0    29    0    
3TBN CD36ANTIGEN     5  of  13 26.98   154     8.76e-02  TTYTRNITYKTLMVVEEKCVY                                   21   0    89    0    
3TBB
3TBF
Sn; 15099
Si; Fasta sequence
1TBS
1TBH JDOMAIN         5.8e-19        DnaJ domain signature                                                    PR00625         
1TBF
2TBS
2TBT FingerPrint     No.Motifs SumId    AveId    ProfScore  Ppvalue     Evalue      GraphScan               
2TBH JDOMAIN         3  of  4  153.17   51.06    1533       3.87e-25    5.8e-19     III.            
2TBN SPO11HOMOLOG    2  of  10 61.34    30.67    491        0.000138    3.1e+02     I..i......      
2TBN MUSCRINICM5R    2  of  8  75.09    37.54    501        0.00118     2.9e+03     ..I....I        
2TBN KV41CHANNEL     2  of  8  69.93    34.97    399        0.00171     5e+03       ...i..I.        
2TBN CARBMTKINASE    2  of  7  50.44    25.22    325        0.00214     5e+03       ..i..I.         
2TBN PROXISOMPAGR    2  of  6  56.29    28.14    412        0.00256     6.5e+03     ...i.I          
2TBN KIR5CHANNEL     2  of  6  59.04    29.52    430        0.00327     7.9e+03     ...i.i          
2TBN FRAGILYSIN      2  of  7  48.75    24.38    345        0.00393     9.2e+03     i....i.         
2TBN NEUROKININ3R    2  of  9  59.62    29.81    350        0.00425     1.4e+04     .I......i       
2TBN STAPHEXOTOXN    2  of  4  45.88    22.94    269        0.00577     1.8e+04     ii..            
2TBF
3TBS
3TBT MotifName       No.Mots   IdScore PfScore Pvalue    Sequence                                                Len  low  pos   high 
3TBH JDOMAIN         1  of  4  59.20   607     4.02e-11  YKILGISKTASDDEIKKAY                                     19   0    402   0    
3TBH JDOMAIN         2  of  4  44.88   404     4.92e-06  YKKEALKHHPDRHAGA                                        16   0    420   0    
3TBH JDOMAIN         3  of  4  49.09   522     1.96e-09  KEEHLFKEVNEAYSILSDPKK                                   21   0    442   0    
3TBB
3TBN SPO11HOMOLOG    1  of  10 32.77   202     4.63e-02  ANVVMEYESSAYDAFEN                                       17   0    157   0    
3TBN SPO11HOMOLOG    4  of  10 28.57   289     2.98e-03  TNAKIYYNRAVVGSKINKMEQ                                   21   0    310   0    
3TBB
3TBN MUSCRINICM5R    3  of  8  35.09   261     1.75e-02  VMKAEALALMGKYSDAEHE                                     19   0    198   0    
3TBN MUSCRINICM5R    8  of  8  40.00   240     6.78e-02  KKKEEHLFKEVNEAY                                         15   0    440   0    
3TBB
3TBN KV41CHANNEL     4  of  8  25.49   199     7.09e-02  RDFELLCRKDRNLREYR                                       17   0    367   0    
3TBN KV41CHANNEL     7  of  8  44.44   200     2.42e-02  GPSGFPGHGGGG                                            12   0    508   0    
3TBB
3TBN CARBMTKINASE    3  of  7  20.29   185     2.15e-02  GMVVDSSMDHNESAVKNATQ                                    20   0    5     0    
3TBN CARBMTKINASE    6  of  7  30.15   140     9.97e-02  DKALEDGLMAIKLDNS                                        16   0    97    0    
3TBB
3TBN PROXISOMPAGR    4  of  6  20.57   202     7.03e-02  TEAIELAPDVATFYGNRSA                                     19   0    70    0    
3TBN PROXISOMPAGR    6  of  6  35.71   210     3.64e-02  RRLLEKAKLELKKS                                          14   0    383   0    
3TBB
3TBN KIR5CHANNEL     4  of  6  29.41   230     5.95e-02  DAIYVRGLCLYYQDNVE                                       17   0    229   0    
3TBN KIR5CHANNEL     6  of  6  29.63   200     5.49e-02  KYTNAKIYYNRAVVGSKI                                      18   0    308   0    
3TBB
3TBN FRAGILYSIN      1  of  7  25.00   185     4.01e-02  VLALDKKNKDATNDLK                                        16   0    140   0    
3TBN FRAGILYSIN      6  of  7  23.75   160     9.81e-02  YKILGISKTASDDEIKKAYK                                    20   0    402   0    
3TBB
3TBN NEUROKININ3R    2  of  9  34.62   150     4.71e-02  DVATFYGNRSAAY                                           13   0    78    0    
3TBN NEUROKININ3R    9  of  9  25.00   200     9.01e-02  KKEALKHHPDRH                                            12   0    421   0    
3TBB
3TBN STAPHEXOTOXN    1  of  4  16.47   116     9.42e-02  ARIVLKKAKSLQAKK                                         15   0    264   0    
3TBN STAPHEXOTOXN    2  of  4  29.41   153     6.12e-02  YKILGISKTASD                                            12   0    402   0    
3TBB
3TBF
Sn; 15100
Si; Fasta sequence
1TBS
1TBN NO SIGNIFICANT RESULTS ABOVE 0.0001    
1TBF
2TBS
2TBT FingerPrint     No.Motifs SumId    AveId    ProfScore  Ppvalue     Evalue      GraphScan               
2TBN GDHRDH          2  of  6  54.75    27.38    345        3.03e-05    85          iI....          
2TBN RHESUSRHD       2  of  12 62.68    31.34    418        0.000155    4e+02       ......i.I...    
2TBN EUMOPTERIN      2  of  14 70.31    35.16    382        0.000822    2.5e+03     I...........I.  
2TBN CRFRECEPTOR     2  of  10 71.96    35.98    369        0.000861    2.9e+03     I....i....      
2TBN MCMFAMILY       2  of  5  61.48    30.74    360        0.000927    3.1e+03     i...I           
2TBN 5HT6RECEPTR     2  of  13 72.22    36.11    437        0.000956    2.2e+03     .I.......I...   
2TBN MCH1RECEPTOR    2  of  9  61.67    30.83    415        0.00156     3.7e+03     I.......i       
2TBN PRPRECEPTOR     2  of  10 44.44    22.22    361        0.00215     4.6e+03     .i.......i      
2TBN SOMATOSTTN1R    2  of  6  59.15    29.57    420        0.0055      1.2e+04     ..i.I.          
2TBN PNDRDTASEI      2  of  9  57.21    28.60    236        0.00605     2e+04       ..I....i.       
2TBF
3TBS
3TBT MotifName       No.Mots   IdScore PfScore Pvalue    Sequence                                                Len  low  pos   high 
3TBN GDHRDH          1  of  6  23.66   169     3.28e-03  TKLLTGDIKGMRIGLVKE                                      18   0    228   0    
3TBN GDHRDH          2  of  6  31.09   176     9.25e-03  GAVELLRREAGA                                            12   0    262   0    
3TBB
3TBN RHESUSRHD       7  of  12 28.95   201     9.82e-02  VPMMIGSRILEGFVPDIDA                                     19   0    58    0    
3TBN RHESUSRHD       9  of  12 33.73   217     1.58e-03  RPVMAGGSSSGCAA                                          14   0    124   0    
3TBB
3TBN EUMOPTERIN      1  of  14 38.52   213     1.57e-02  PRTPGYRPTKQENPL                                         15   0    11    0    
3TBN EUMOPTERIN      13 of  14 31.79   169     5.23e-02  QAIARGLKTQPNH                                           13   0    320   0    
3TBB
3TBN CRFRECEPTOR     1  of  10 43.75   156     6.46e-02  LRREAGALVEEV                                            12   0    267   0    
3TBN CRFRECEPTOR     6  of  10 28.21   213     1.33e-02  SVLNVAYAYEKLR                                           13   0    452   0    
3TBB
3TBN MCMFAMILY       1  of  5  24.80   190     1.82e-02  AGEVDMAIGGDQGGSI                                        16   0    141   0    
3TBN MCMFAMILY       5  of  5  36.68   170     5.09e-02  ALKSFDVLI                                               9    0    373   0    
3TBB
3TBN 5HT6RECEPTR     2  of  13 33.33   207     5.16e-02  GGDQGGSIRTPAAACGIV                                      18   0    149   0    
3TBN 5HT6RECEPTR     10 of  13 38.89   230     1.85e-02  RAQNLRRELTKAYDEALK                                      18   0    358   0    
3TBB
3TBN MCH1RECEPTOR    1  of  9  36.67   215     2.82e-02  VGLKPTFGLVPYTGI                                         15   0    166   0    
3TBN MCH1RECEPTOR    9  of  9  25.00   200     5.52e-02  VSVLNVAYAYEKLRESQKGT                                    20   0    451   0    
3TBB
3TBN PRPRECEPTOR     2  of  10 22.22   145     4.81e-02  EFCYSDGSLTACTGPVLN                                      18   0    97    0    
3TBN PRPRECEPTOR     10 of  10 22.22   216     4.46e-02  TVIQFPDKDAPFKEYMDSCLI                                   21   0    388   0    
3TBB
3TBN SOMATOSTTN1R    3  of  6  21.05   190     9.18e-02  IAGRDEDMDPRQPCNLTVP                                     19   0    207   0    
3TBN SOMATOSTTN1R    5  of  6  38.10   230     5.99e-02  YSRAQNLRRELTKAYDEALKS                                   21   0    356   0    
3TBB
3TBN PNDRDTASEI      3  of  9  33.92   119     6.97e-02  ALIAAGEVDM                                              10   0    137   0    
3TBN PNDRDTASEI      8  of  9  23.28   117     8.68e-02  PIGMMIVGKKFDEVSV                                        16   0    438   0    
3TBB
3TBF
Sn; 15101
Si; Fasta sequence
1TBS
1TBH GPCRRHODOPSN    3.1e-33        Rhodopsin-like GPCR superfamily signature                                PR00237         
1TBF
2TBS
2TBT FingerPrint     No.Motifs SumId    AveId    ProfScore  Ppvalue     Evalue      GraphScan               
2TBH GPCRRHODOPSN    7  of  7  184.65   26.38    1941       6.22e-39    3.1e-33     iiiiiIi         
2TBN OLFACTORYR      2  of  5  68.58    34.29    521        1.57e-07    0.53        .I..I           
2TBN 5HT6RECEPTR     3  of  13 100.76   33.59    770        1.7e-07     0.28        ..I.I..i.....   
2TBN GPCRSTE2        2  of  7  40.66    20.33    341        2.66e-05    49          i....i.         
2TBN P2YPURNOCPTR    2  of  5  63.96    31.98    411        5.05e-05    1.9e+02     ..i.I           
2TBN DOPAMINER       3  of  5  95.77    31.92    499        5.58e-05    1.3e+02     i.I.i           
2TBN MYELINP0        2  of  6  50.67    25.33    457        8.72e-05    1.5e+02     i...i.          
2TBN ADRENERGICR     3  of  4  99.91    33.30    459        9.84e-05    3.1e+02     .III            
2TBN NRPEPTIDEYR     2  of  5  53.75    26.87    370        0.000123    3.8e+02     i...i           
2TBN EXPORTERBACE    2  of  10 58.33    29.17    410        0.000225    4.5e+02     .....I..i.      
2TBF
3TBS
3TBT MotifName       No.Mots   IdScore PfScore Pvalue    Sequence                                                Len  low  pos   high 
3TBH GPCRRHODOPSN    1  of  7  22.24   150     3.84e-04  PQVSFLAVVIFVAVTANGLVCYVIH                               25   0    27    0    
3TBH GPCRRHODOPSN    2  of  7  27.65   271     1.80e-07  INIFLVSMSISDLLHALLKMST                                  22   0    60    0    
3TBH GPCRRHODOPSN    3  of  7  26.02   259     1.82e-06  GVLFGAASVFNLCAVALNQYFVI                                 23   0    105   0    
3TBH GPCRRHODOPSN    4  of  7  29.05   273     1.25e-04  HARRVITGLWLGSIVISLPPIF                                  22   0    141   0    
3TBH GPCRRHODOPSN    5  of  7  20.58   173     6.17e-04  ICALWLFVVIIPSIIMVWSYGKIF                                24   0    187   0    
3TBH GPCRRHODOPSN    6  of  7  31.18   452     2.20e-08  VVALLALIGGIFLVCWVPFFIVMTL                               25   0    242   0    
3TBH GPCRRHODOPSN    7  of  7  27.93   363     2.92e-08  FRGFLFLMYAKSAINPILYTVMNQDLK                             27   0    279   0    
3TBB
3TBN OLFACTORYR      2  of  5  32.92   229     4.65e-04  PFHYMTLMTPTHA                                           13   0    130   0    
3TBN OLFACTORYR      5  of  5  35.66   292     3.38e-04  SAINPILYTVMN                                            12   0    290   0    
3TBB
3TBN 5HT6RECEPTR     3  of  13 37.78   240     1.36e-02  VIHRTPHLHNVINIF                                         15   0    49    0    
3TBN 5HT6RECEPTR     5  of  13 35.71   280     1.51e-03  YFVIVKPFHYMTLM                                          14   0    124   0    
3TBN 5HT6RECEPTR     8  of  13 27.27   250     8.29e-03  VWSYGKIFCTARKQIQRMRNEN                                  22   0    203   0    
3TBB
3TBN GPCRSTE2        1  of  7  21.21   146     1.13e-02  TTPFGVLFGAASVFNLCAVALN                                  22   0    101   0    
3TBN GPCRSTE2        6  of  7  19.44   195     2.35e-03  FLFLMYAKSAINPILYTVMNQDLK                                24   0    282   0    
3TBB
3TBN P2YPURNOCPTR    3  of  5  28.25   167     2.20e-02  NQYFVIVKPFH                                             11   0    122   0    
3TBN P2YPURNOCPTR    5  of  5  35.71   244     2.29e-03  CWVPFFIVMTLL                                            12   0    256   0    
3TBB
3TBN DOPAMINER       1  of  5  28.75   156     6.36e-02  CYVIHRTPHLH                                             11   0    47    0    
3TBN DOPAMINER       3  of  5  37.84   186     1.91e-02  VIVKPFHYM                                               9    0    126   0    
3TBN DOPAMINER       5  of  5  29.19   157     4.59e-02  VMNQDLKKYCRKLLC                                         15   0    299   0    
3TBB
3TBN MYELINP0        1  of  6  23.33   279     1.01e-02  YWSEVSYICALWLFVVIIPSIIMVW                               25   0    180   0    
3TBN MYELINP0        5  of  6  27.33   178     8.65e-03  VVALLALIGGIFLVCWVPFFIVMTL                               25   0    242   0    
3TBB
3TBN ADRENERGICR     2  of  4  34.65   146     3.11e-02  YMTLMTPTH                                               9    0    133   0    
3TBN ADRENERGICR     3  of  4  34.75   164     4.29e-02  YGKIFCTA                                                8    0    206   0    
3TBN ADRENERGICR     4  of  4  30.51   149     7.38e-02  DLKKYCRKLL                                              10   0    303   0    
3TBB
3TBN NRPEPTIDEYR     1  of  5  25.17   174     9.21e-03  RTPHLHNVINIFL                                           13   0    52    0    
3TBN NRPEPTIDEYR     5  of  5  28.57   196     1.34e-02  ILYTVMNQDLKKYC                                          14   0    295   0    
3TBB
3TBN EXPORTERBACE    6  of  10 33.33   190     3.59e-02  CAVALNQYFVIVKPFHYM                                      18   0    117   0    
3TBN EXPORTERBACE    9  of  10 25.00   220     6.25e-03  RVVALLALIGGIFLVCWVPFFIVM                                24   0    241   0    
3TBB
3TBF
Sn; 15102
Si; Fasta sequence
1TBS
1TBN NO SIGNIFICANT RESULTS ABOVE 0.0001    
1TBF
2TBS
2TBT FingerPrint     No.Motifs SumId    AveId    ProfScore  Ppvalue     Evalue      GraphScan               
2TBN STATHMIN        2  of  5  52.37    26.18    497        4.84e-06    7.6         .i..i           
2TBN TROPOMYOSIN     3  of  5  58.10    19.37    539        2.8e-05     36          ii..i           
2TBN RETINOIDXR      2  of  4  57.87    28.93    419        4.22e-05    1.1e+02     I.i.            
2TBN GKINASEAP1      2  of  9  63.97    31.99    514        6.65e-05    1.4e+02     .i..I....       
2TBN PI3KINASEP85    2  of  10 41.68    20.84    456        9.09e-05    2e+02       ...i.i....      
2TBN PHFRCTKINASE    2  of  9  44.98    22.49    268        0.000499    1.1e+03     ....i.i..       
2TBN CRFFAMILY       2  of  3  51.23    25.61    358        0.000568    1.8e+03     i.i             
2TBN NISCPROTEIN     2  of  12 52.41    26.21    460        0.000578    1.1e+03     ...I.....i..    
2TBN INPROXISOME2    2  of  5  54.86    27.43    344        0.000677    1.4e+03     ...iI           
2TBN FLGMOTORFLIG    2  of  7  39.80    19.90    285        0.000877    1.6e+03     ..i.i..         
2TBF
3TBS
3TBT MotifName       No.Mots   IdScore PfScore Pvalue    Sequence                                                Len  low  pos   high 
3TBN STATHMIN        2  of  5  28.60   348     5.09e-05  KSLNEEKRQSISEVNKMLENEDQREKEEV                           29   0    83    0    
3TBN STATHMIN        5  of  5  23.76   149     9.52e-02  AELSALNELTEALNNIELDIDELKE                               25   0    157   0    
3TBB
3TBN TROPOMYOSIN     1  of  5  23.41   160     6.40e-02  HVDVIFNSLRELEQEKER                                      18   0    8     0    
3TBN TROPOMYOSIN     2  of  5  20.80   195     2.11e-02  RQSISEVNKMLENEDQREKEE                                   21   0    90    0    
3TBN TROPOMYOSIN     5  of  5  13.89   184     2.07e-02  KLDEEQSR##################                              26   0    220   0    
3TBB
3TBN RETINOIDXR      1  of  4  31.26   186     2.08e-02  EESQDEYQKKADAE                                          14   0    145   0    
3TBN RETINOIDXR      3  of  4  26.61   233     2.03e-03  SALNELTEALNNIELDIDE                                     19   0    160   0    
3TBB
3TBN GKINASEAP1      2  of  9  29.47   277     7.39e-03  NELKKWEESQDEYQKKADA                                     19   0    139   0    
3TBN GKINASEAP1      5  of  9  34.50   237     8.99e-03  QEADQYLVDMQAKLDEEQSR                                    20   0    208   0    
3TBB
3TBN PI3KINASEP85    4  of  10 18.22   177     7.10e-02  SISEVNKMLENEDQREKEE                                     19   0    92    0    
3TBN PI3KINASEP85    6  of  10 23.46   279     1.28e-03  NELTEALNNIELDIDELKEK                                    20   0    163   0    
3TBB
3TBN PHFRCTKINASE    5  of  9  23.62   142     1.21e-02  AELSALNELTEALNNIELD                                     19   0    157   0    
3TBN PHFRCTKINASE    7  of  9  21.37   126     4.13e-02  LVVFNGIKQEADQYLVDM                                      18   0    200   0    
3TBB
3TBN CRFFAMILY       1  of  3  28.15   215     1.24e-02  SSPKFHVDVIFNSL                                          14   0    3     0    
3TBN CRFFAMILY       3  of  3  23.08   143     4.58e-02  NEQRKKRKALEEI                                           13   0    31    0    
3TBB
3TBN NISCPROTEIN     4  of  12 31.58   250     1.78e-02  RELEQEKERLLGNLNEQRK                                     19   0    17    0    
3TBN NISCPROTEIN     10 of  12 20.83   210     3.25e-02  QYLVDMQAKLDEEQSR########                                24   0    212   0    
3TBB
3TBN INPROXISOME2    4  of  5  22.57   188     1.14e-02  LGNLNEQRKKRKALEEIVMTAHSK                                24   0    27    0    
3TBN INPROXISOME2    5  of  5  32.29   156     5.94e-02  EKEEVTAFESELSELT                                        16   0    107   0    
3TBB
3TBN FLGMOTORFLIG    3  of  7  21.43   130     5.95e-02  EQAERLKSLNEEKRQSISEVNKML                                24   0    77    0    
3TBN FLGMOTORFLIG    5  of  7  18.37   155     1.47e-02  TAQDLQSALVVFNGIKQEADQ                                   21   0    192   0    
3TBB
3TBF
Sn; 15103
Si; Fasta sequence
1TBS
1TBH VWFADOMAIN      5.2e-05        Von Willebrand factor type A domain signature                            PR00453         
1TBF
2TBS
2TBT FingerPrint     No.Motifs SumId    AveId    ProfScore  Ppvalue     Evalue      GraphScan               
2TBH VWFADOMAIN      2  of  3  85.04    42.52    624        1.66e-11    5.2e-05     I.I             
2TBN OSTEOPONTIN     2  of  8  57.82    28.91    652        1.6e-06     3.3         ..Ii....        
2TBN LEUZIPPRCREB    2  of  6  71.47    35.74    436        0.000127    3.1e+02     I.I...          
2TBN A8IMIRACIDIA    2  of  4  57.77    28.89    487        0.000357    6.4e+02     Ii..            
2TBN DEZORPHANR      2  of  10 53.14    26.57    402        0.000771    2e+03       i...i.....      
2TBN HUDSXLRNA       2  of  6  63.53    31.76    364        0.00188     5.5e+03     i...I.          
2TBN GKINASEAP1      2  of  9  39.65    19.83    399        0.0029      6.4e+03     ..i....i.       
2TBN HYLETHALUSS1    2  of  8  48.21    24.11    398        0.00327     6.1e+03     .i....i.        
2TBF
3TBS
3TBT MotifName       No.Mots   IdScore PfScore Pvalue    Sequence                                                Len  low  pos   high 
3TBH VWFADOMAIN      1  of  3  44.66   409     1.39e-08  YDVVFVLDSSGSVGSKEF                                      18   0    145   0    
3TBH VWFADOMAIN      3  of  3  40.38   215     1.19e-03  RILIVTDGQ                                               9    0    245   0    
3TBB
3TBN OSTEOPONTIN     3  of  8  33.65   413     4.93e-05  DNDSDDKDSDDNDSDDKDSDDNDSDD                              26   0    45    0    
3TBN OSTEOPONTIN     4  of  8  24.17   239     3.25e-02  DSDDNDSDNNDSDDN                                         15   0    82    0    
3TBB
3TBN LEUZIPPRCREB    1  of  6  35.36   193     2.76e-02  RTELFFKRESGYRRLSYKRILIV                                 23   0    227   0    
3TBN LEUZIPPRCREB    3  of  6  36.11   243     4.61e-03  ASSTDAHLYRVR                                            12   0    294   0    
3TBB
3TBN A8IMIRACIDIA    1  of  4  30.40   232     3.10e-02  NDSDDKDSDDNDSDDNDSDDNDS                                 23   0    56    0    
3TBN A8IMIRACIDIA    2  of  4  27.37   255     1.15e-02  DSDDNDSDNNDSDDNDSDMIMGCE                                24   0    82    0    
3TBB
3TBN DEZORPHANR      1  of  10 26.47   232     1.52e-02  DDDDSDDNDSYDKDSDD                                       17   0    20    0    
3TBN DEZORPHANR      5  of  10 26.67   170     5.07e-02  GITFSTTANITYNFT                                         15   0    184   0    
3TBB
3TBN HUDSXLRNA       1  of  6  25.83   210     3.54e-02  MKYFLNRAPQRLTKRS                                        16   0    123   0    
3TBN HUDSXLRNA       5  of  6  37.69   154     5.33e-02  ESGYRRLSYKRIL                                           13   0    235   0    
3TBB
3TBN GKINASEAP1      3  of  9  24.00   178     6.63e-02  ARKLMKYFLNRAPQR                                         15   0    119   0    
3TBN GKINASEAP1      8  of  9  15.65   221     4.38e-02  DMDDEFKYIKKRNR#########                                 23   0    337   0    
3TBB
3TBN HYLETHALUSS1    2  of  8  27.38   200     4.28e-02  SDSDYDDDDDSDDNDSYDKDS                                   21   0    14    0    
3TBN HYLETHALUSS1    7  of  8  20.83   198     7.64e-02  YIPGRTNTQEALDKCRTELFFKRE                                24   0    212   0    
3TBB
3TBF
Sn; 15104
Si; Fasta sequence
1TBS
1TBN NO SIGNIFICANT RESULTS ABOVE 0.0001    
1TBF
2TBS
2TBT FingerPrint     No.Motifs SumId    AveId    ProfScore  Ppvalue     Evalue      GraphScan               
2TBN CXCCHMKINER3    2  of  9  89.90    44.95    450        8.41e-05    2.8e+02     ...I..I..       
2TBN BRADYKINNB2R    2  of  8  35.54    17.77    430        0.000484    1.2e+03     ..i..i..        
2TBN TRANSAMINASE    2  of  4  50.28    25.14    298        0.00107     2.3e+03     .ii.            
2TBN ADSPHPHTASEB    2  of  4  52.07    26.04    313        0.00149     4.7e+03     i.I.            
2TBN BACINVASINB     2  of  7  53.92    26.96    360        0.00198     4.4e+03     .iI....         
2TBN TROPOMYOSIN     2  of  5  40.31    20.15    332        0.0021      4e+03       i...i           
2TBN TNFACTORR11A    2  of  5  64.58    32.29    350        0.00505     1.2e+04     iI...           
2TBN JDOMAIN         2  of  4  36.08    18.04    274        0.00799     1.8e+04     .ii.            
2TBF
3TBS
3TBT MotifName       No.Mots   IdScore PfScore Pvalue    Sequence                                                Len  low  pos   high 
3TBN CXCCHMKINER3    4  of  9  43.75   190     1.83e-02  LSRILSLSHPDA                                            12   0    40    0    
3TBN CXCCHMKINER3    7  of  9  46.15   260     4.61e-03  LRNFLMLGKTHLR                                           13   0    173   0    
3TBB
3TBN BRADYKINNB2R    3  of  8  21.54   208     3.73e-02  KMCDFANKGYELS                                           13   0    60    0    
3TBN BRADYKINNB2R    6  of  8  14.00   222     1.30e-02  EEFHKEAQALFKGL######                                    20   0    210   0    
3TBB
3TBN TRANSAMINASE    2  of  4  27.60   156     4.32e-02  CLKMCDFANKGYE                                           13   0    58    0    
3TBN TRANSAMINASE    3  of  4  22.67   142     2.48e-02  WLLKKIINAVHSNPPKATYQEALEYF                              26   0    136   0    
3TBB
3TBN ADSPHPHTASEB    1  of  4  20.17   127     5.88e-02  RLSRILSLSHPDASKKK                                       17   0    39    0    
3TBN ADSPHPHTASEB    3  of  4  31.90   186     2.54e-02  YYAVAIMEAP                                              10   0    81    0    
3TBB
3TBN BACINVASINB     2  of  7  20.59   155     7.40e-02  DVKACFKRAVEIDPQDA                                       17   0    102   0    
3TBN BACINVASINB     3  of  7  33.33   205     2.68e-02  KRPENEEFHKEAQALFKGL##                                   21   0    205   0    
3TBB
3TBN TROPOMYOSIN     1  of  5  22.87   159     6.57e-02  RLARLSRILSLSHPDASK                                      18   0    36    0    
3TBN TROPOMYOSIN     5  of  5  17.44   173     3.19e-02  RLSDNKLAKEYLQKAVAHQPKRPENE                              26   0    185   0    
3TBB
3TBN TNFACTORR11A    1  of  5  27.08   185     8.30e-02  RLSRILSLSHPDASKKKSYCLKMC                                24   0    39    0    
3TBN TNFACTORR11A    2  of  5  37.50   165     6.08e-02  HKEAQALFKGL#                                            12   0    213   0    
3TBB
3TBN JDOMAIN         2  of  4  21.04   144     9.38e-02  YLQKAVAHQPKRPENE                                        16   0    195   0    
3TBN JDOMAIN         3  of  4  15.04   130     8.52e-02  EAQALFKGL############                                   21   0    215   0    
3TBB
3TBF
Sn; 15105
Si; Fasta sequence
1TBS
1TBN NO SIGNIFICANT RESULTS ABOVE 0.0001    
1TBF
2TBS
2TBT FingerPrint     No.Motifs SumId    AveId    ProfScore  Ppvalue     Evalue      GraphScan               
2TBN GGTRANSPTASE    2  of  9  43.57    21.78    319        0.000215    5e+02       ...i.i...       
2TBN 5HT6RECEPTR     2  of  13 50.33    25.16    369        0.00025     4.7e+02     ........i...i   
2TBN MCH1RECEPTOR    2  of  9  42.57    21.29    400        0.00053     9.5e+02     ...i.i...       
2TBN VINCULIN        2  of  7  42.70    21.35    372        0.000635    1.4e+03     ..i...i         
2TBN TYPE3IMPPROT    2  of  6  43.94    21.97    300        0.000777    1.6e+03     .ii...          
2TBN YEASTMRS6P      2  of  12 55.00    27.50    420        0.00195     3.7e+03     ......i....i    
2TBN INTRLEUKIN1B    2  of  11 45.30    22.65    352        0.00211     4.9e+03     ..i......i.     
2TBN LIPPROTEIN48    2  of  8  45.62    22.81    329        0.00293     7.7e+03     ..i...i.        
2TBF
3TBS
3TBT MotifName       No.Mots   IdScore PfScore Pvalue    Sequence                                                Len  low  pos   high 
3TBN GGTRANSPTASE    4  of  9  22.99   165     7.85e-03  LITFRDIVVLKTKLEEA                                       17   0    153   0    
3TBN GGTRANSPTASE    6  of  9  20.57   154     2.74e-02  TSQYTFTGSDHPIASVSSS                                     19   0    287   0    
3TBB
3TBN 5HT6RECEPTR     9  of  13 24.24   227     7.08e-03  WGSRKESSLMMQRPRSPKVEKK                                  22   0    13    0    
3TBN 5HT6RECEPTR     13 of  13 26.09   142     3.53e-02  LSPPAAVVQMLLILQSVHDSAPP                                 23   0    174   0    
3TBB
3TBN MCH1RECEPTOR    4  of  9  21.74   215     1.85e-02  MITSVVTALFQKKKLSNLELDLL                                 23   0    48    0    
3TBN MCH1RECEPTOR    6  of  9  20.83   185     2.86e-02  LPLVQAIFVNLQPADGNSVRDLSL                                24   0    130   0    
3TBB
3TBN VINCULIN        3  of  7  19.84   173     2.84e-02  SDLWGSRKESSLMMQRPR                                      18   0    10    0    
3TBN VINCULIN        7  of  7  22.86   199     2.24e-02  FFHNVLPLVQAIFVNLQPAD                                    20   0    125   0    
3TBB
3TBN TYPE3IMPPROT    2  of  6  21.11   123     8.87e-02  FRDIVVLKTKLEEAFQMALSP                                   21   0    156   0    
3TBN TYPE3IMPPROT    3  of  6  22.83   177     8.76e-03  PPAAVVQMLLILQSVHDSAP                                    20   0    176   0    
3TBB
3TBN YEASTMRS6P      7  of  12 30.00   200     5.75e-02  VEKKFSFPTSNSKEDWHMIT                                    20   0    31    0    
3TBN YEASTMRS6P      12 of  12 25.00   220     3.40e-02  RNKPITYSQQINTKTFGSDSSPSD                                24   0    221   0    
3TBB
3TBN INTRLEUKIN1B    3  of  11 20.96   156     2.81e-02  EDWHMITSVVTALFQKK                                       17   0    44    0    
3TBN INTRLEUKIN1B    10 of  11 24.34   196     7.51e-02  VVSPYLSSSGLRNKPITYS                                     19   0    210   0    
3TBB
3TBN LIPPROTEIN48    3  of  8  23.12   167     6.73e-02  QKKKLSNLELDLLTEK                                        16   0    58    0    
3TBN LIPPROTEIN48    7  of  8  22.50   162     4.35e-02  QMLLILQSVHDSAPPN                                        16   0    182   0    
3TBB
3TBF
Sn; 15106
Si; Fasta sequence
1TBS
1TBN NO SIGNIFICANT RESULTS ABOVE 0.0001    
1TBF
2TBS
2TBT FingerPrint     No.Motifs SumId    AveId    ProfScore  Ppvalue     Evalue      GraphScan               
2TBN GPROTEINBRPT    3  of  3  73.91    24.64    629        8.55e-08    0.16        iii             
2TBN ALCDHDRGNASE    2  of  6  63.19    31.60    368        0.00175     5.5e+03     ...Ii.          
2TBN FLGPRINGFLGI    2  of  9  38.19    19.10    283        0.00192     4.9e+03     ...i....i       
2TBN LETHAL2GIANT    2  of  9  53.69    26.85    339        0.00475     9.1e+03     ...i....i       
2TBN FERRIBNDNGPP    2  of  6  47.57    23.78    304        0.00642     1.6e+04     .i..i.          
2TBN 56KDTSANTIGN    2  of  9  59.87    29.93    341        0.00657     1.8e+04     I..i.....       
2TBN ADHRELATED      2  of  6  55.93    27.96    339        0.00805     2.1e+04     i..I..          
2TBF
3TBS
3TBT MotifName       No.Mots   IdScore PfScore Pvalue    Sequence                                                Len  low  pos   high 
3TBN GPROTEINBRPT    1  of  3  26.55   234     1.41e-03  IITAGADKIIRIWHP                                         15   0    128   0    
3TBN GPROTEINBRPT    2  of  3  27.55   199     6.44e-03  LISLSTARVFRVWDI                                         15   0    171   0    
3TBN GPROTEINBRPT    3  of  3  19.81   196     9.38e-03  VISVCTEGIMKVWEM                                         15   0    260   0    
3TBB
3TBN ALCDHDRGNASE    4  of  6  36.51   162     7.63e-02  ITGCSVIDTWP                                             11   0    219   0    
3TBN ALCDHDRGNASE    5  of  6  26.69   206     2.29e-02  SQVISVCTEGIMKVWE                                        16   0    258   0    
3TBB
3TBN FLGPRINGFLGI    4  of  9  20.50   136     6.67e-02  SNTKADSVVVNIEPSKLSSE                                    20   0    40    0    
3TBN FLGPRINGFLGI    9  of  9  17.69   147     2.88e-02  VEVCVNEKDQQLI                                           13   0    160   0    
3TBB
3TBN LETHAL2GIANT    4  of  9  27.98   177     8.68e-02  EDTLLFGDDQGYVNMLTISSKDLH                                24   0    13    0    
3TBN LETHAL2GIANT    9  of  9  25.71   162     5.47e-02  EVRPGEKRISSMLFDAKNDR                                    20   0    198   0    
3TBB
3TBN FERRIBNDNGPP    2  of  6  28.12   156     8.68e-02  FPQLEMFGSCSPSSSC                                        16   0    76    0    
3TBN FERRIBNDNGPP    5  of  6  19.44   148     7.39e-02  LQVPHTHDRPLSQLLYNP                                      18   0    238   0    
3TBB
3TBN 56KDTSANTIGN    1  of  9  32.92   170     9.68e-02  VLNNGPVRELAVPKG                                         15   0    101   0    
3TBN 56KDTSANTIGN    4  of  9  26.95   171     6.78e-02  METGQAVYQVPDAHGP                                        16   0    274   0    
3TBB
3TBN ADHRELATED      1  of  6  25.78   151     8.88e-02  RVLNNGPVRELAVPKG                                        16   0    100   0    
3TBN ADHRELATED      4  of  6  30.15   188     9.06e-02  LLYNPHMSQVISVCTEG                                       17   0    251   0    
3TBB
3TBF
Sn; 15107
Si; Fasta sequence
1TBS
1TBN NO SIGNIFICANT RESULTS ABOVE 0.0001    
1TBF
2TBS
2TBT FingerPrint     No.Motifs SumId    AveId    ProfScore  Ppvalue     Evalue      GraphScan               
2TBN PHGLYCKINASE    2  of  9  62.91    31.46    400        4.16e-06    11          .....I.I.       
2TBN INFPOTNTIATR    2  of  4  73.66    36.83    426        0.000325    9.1e+02     I.I.            
2TBN TPI2FAMILY      2  of  9  51.14    25.57    310        0.00119     3.1e+03     ....ii...       
2TBN PHOSPHOCPHPR    2  of  3  38.46    19.23    271        0.00139     3.6e+03     ii.             
2TBN HUPFHYPC        2  of  4  60.78    30.39    275        0.00181     7.3e+03     I..i            
2TBN CD34ANTIGEN     2  of  8  73.97    36.99    328        0.00794     2.7e+04     ..I...I.        
2TBF
3TBS
3TBT MotifName       No.Mots   IdScore PfScore Pvalue    Sequence                                                Len  low  pos   high 
3TBN PHGLYCKINASE    6  of  9  31.32   224     5.94e-04  LHVESGSKVAEKAKEILNHF                                    20   0    121   0    
3TBN PHGLYCKINASE    8  of  9  31.59   176     7.00e-03  VMIGGDNDASSK                                            12   0    147   0    
3TBB
3TBN INFPOTNTIATR    1  of  4  39.84   170     4.37e-02  QILVTLEDKHSSFLG                                         15   0    82    0    
3TBN INFPOTNTIATR    3  of  4  33.82   256     7.42e-03  VAEKAKEILNHFVKF                                         15   0    129   0    
3TBB
3TBN TPI2FAMILY      5  of  9  22.52   122     7.64e-02  LHVESGSKVAEKAKE                                         15   0    121   0    
3TBN TPI2FAMILY      6  of  9  28.62   188     1.56e-02  QLRYDSHFLMIDMFE##                                       17   0    216   0    
3TBB
3TBN PHOSPHOCPHPR    1  of  3  19.23   145     4.98e-02  ILHVESGSKVAEKAKEI                                       17   0    120   0    
3TBN PHOSPHOCPHPR    2  of  3  19.23   126     2.79e-02  GDNDASSKTLLGVCCT                                        16   0    151   0    
3TBB
3TBN HUPFHYPC        1  of  4  36.61   190     2.42e-02  CIALPPSC                                                8    0    13    0    
3TBN HUPFHYPC        4  of  4  24.18   85      7.46e-02  REIQQILVTLEDK                                           13   0    78    0    
3TBB
3TBN CD34ANTIGEN     3  of  8  41.67   170     9.80e-02  CYVLGDQSKNRT                                            12   0    60    0    
3TBN CD34ANTIGEN     7  of  8  32.31   158     8.10e-02  DPHFVGKANIDVL                                           13   0    177   0    
3TBB
3TBF
Sn; 15108
Si; Fasta sequence
1TBS
1TBN NO SIGNIFICANT RESULTS ABOVE 0.0001    
1TBF
2TBS
2TBT FingerPrint     No.Motifs SumId    AveId    ProfScore  Ppvalue     Evalue      GraphScan               
2TBF
3TBS
3TBT MotifName       No.Mots   IdScore PfScore Pvalue    Sequence                                                Len  low  pos   high 
3TBF
Sn; 15109
Si; Fasta sequence
1TBS
1TBN NO SIGNIFICANT RESULTS ABOVE 0.0001    
1TBF
2TBS
2TBT FingerPrint     No.Motifs SumId    AveId    ProfScore  Ppvalue     Evalue      GraphScan               
2TBN KINESINLIGHT    2  of  6  53.89    26.94    528        0.000267    5.8e+02     i...i.          
2TBN MRGPCRE         2  of  7  70.33    35.16    421        0.000557    1.8e+03     I.....I         
2TBN DELTATUBULIN    2  of  12 63.86    31.93    445        0.000598    1.6e+03     .I......i...    
2TBN PROTEINEAF5     2  of  4  50.59    25.29    398        0.00114     3e+03       i..I            
2TBN PNDRDTASEI      2  of  9  43.38    21.69    361        0.00116     3.1e+03     .i.....i.       
2TBN BACYPHPHTASE    2  of  5  48.57    24.29    342        0.00136     3.5e+03     ii...           
2TBN HISTAMINEH3R    2  of  8  60.22    30.11    436        0.00138     2.7e+03     ....I.i.        
2TBN VP7CAPSID       2  of  9  52.99    26.50    391        0.00266     6.2e+03     ...i....i       
2TBN DNAGYRASEB      2  of  11 61.51    30.76    347        0.00267     7.3e+03     ..i.......I     
2TBN FPNCR           2  of  8  49.99    24.99    252        0.00271     1.1e+04     i.i.....        
2TBF
3TBS
3TBT MotifName       No.Mots   IdScore PfScore Pvalue    Sequence                                                Len  low  pos   high 
3TBN KINESINLIGHT    1  of  6  27.22   219     8.79e-02  MVLHLETQESEWMETPLA                                      18   0    613   0    
3TBN KINESINLIGHT    5  of  6  26.67   309     3.04e-03  DSLKRINEIQQMMQNTAEWEA                                   21   0    866   0    
3TBB
3TBN MRGPCRE         1  of  7  31.87   225     1.75e-02  DDTYKSILMSLSE                                           13   0    361   0    
3TBN MRGPCRE         7  of  7  38.46   196     3.19e-02  ETSKMCSNAGLVD                                           13   0    648   0    
3TBB
3TBN DELTATUBULIN    2  of  12 36.36   230     1.80e-02  INMHAPQVYED                                             11   0    719   0    
3TBN DELTATUBULIN    9  of  12 27.50   215     3.33e-02  DEFKDPLMMTLMGDPVILPT                                    20   0    1053  0    
3TBB
3TBN PROTEINEAF5     1  of  4  17.50   180     5.55e-02  MECYERVAIVEKMYP                                         15   0    248   0    
3TBN PROTEINEAF5     4  of  4  33.09   218     2.06e-02  ATASLQDSLQFVRIELF                                       17   0    451   0    
3TBB
3TBN PNDRDTASEI      2  of  9  25.55   212     3.97e-02  TSKMCSNAGLVDERIL                                        16   0    649   0    
3TBN PNDRDTASEI      8  of  9  17.83   149     2.93e-02  LMGDPVILPTSGKVMD                                        16   0    1063  0    
3TBB
3TBN BACYPHPHTASE    1  of  5  20.00   155     7.76e-02  KKSQMQADDRQVASDGFMM                                     19   0    496   0    
3TBN BACYPHPHTASE    2  of  5  28.57   187     1.76e-02  GSTLPLSTEVPKQF                                          14   0    688   0    
3TBB
3TBN HISTAMINEH3R    5  of  8  34.82   222     3.41e-02  RLTQSPTLSTSPPTAP                                        16   0    16    0    
3TBN HISTAMINEH3R    7  of  8  25.40   214     4.04e-02  SKDSSSDTEPSPNTQSSKVTITEEILL                             27   0    100   0    
3TBB
3TBN VP7CAPSID       4  of  9  25.21   197     7.62e-02  AKEWKTQLGSSETWSEPK                                      18   0    559   0    
3TBN VP7CAPSID       9  of  9  27.78   194     3.49e-02  PYLVAKLVEVIFVVNPNI                                      18   0    752   0    
3TBB
3TBN DNAGYRASEB      3  of  11 25.24   160     7.84e-02  FINDLVTCAAKDQE                                          14   0    324   0    
3TBN DNAGYRASEB      11 of  11 36.27   187     3.41e-02  KDPLMMTLMGDPVILPT                                       17   0    1056  0    
3TBB
3TBN FPNCR           1  of  8  26.54   125     6.10e-02  AYQGHHEAIIP                                             11   0    585   0    
3TBN FPNCR           3  of  8  23.45   127     4.45e-02  GMAASWILTM                                              10   0    672   0    
3TBB
3TBF
Sn; 15110
Si; Fasta sequence
1TBS
1TBN NO SIGNIFICANT RESULTS ABOVE 0.0001    
1TBF
2TBS
2TBT FingerPrint     No.Motifs SumId    AveId    ProfScore  Ppvalue     Evalue      GraphScan               
2TBF
3TBS
3TBT MotifName       No.Mots   IdScore PfScore Pvalue    Sequence                                                Len  low  pos   high 
3TBF
Sn; 15111
Si; Fasta sequence
1TBS
1TBN NO SIGNIFICANT RESULTS ABOVE 0.0001    
1TBF
2TBS
2TBT FingerPrint     No.Motifs SumId    AveId    ProfScore  Ppvalue     Evalue      GraphScan               
2TBN F138DOMAIN      2  of  3  58.30    29.15    334        0.000275    7.7e+02     .ii             
2TBN MUSCRINICM2R    2  of  7  56.58    28.29    508        0.000294    6.5e+02     ...I..i         
2TBN BRSTCANCERI     2  of  8  60.00    30.00    417        0.000429    8.6e+02     ...I.i..        
2TBN LCRVANTIGEN     2  of  9  49.58    24.79    484        0.00077     1.3e+03     i.......I       
2TBN MELNOCYTESHR    2  of  7  78.40    39.20    409        0.000816    3e+03       .I....I         
2TBN TRNSINTIMINR    2  of  9  54.78    27.39    406        0.00494     1.1e+04     ....I..i.       
2TBN HEMAGGLUTN12    2  of  6  51.57    25.79    435        0.00546     1.1e+04     i....I          
2TBN CRFRECEPTOR     2  of  10 52.40    26.20    437        0.00609     1.3e+04     .I......i.      
2TBN LVDCCALPHA1C    2  of  13 59.59    29.79    436        0.00874     2e+04       ....i....I...   
2TBF
3TBS
3TBT MotifName       No.Mots   IdScore PfScore Pvalue    Sequence                                                Len  low  pos   high 
3TBN F138DOMAIN      2  of  3  29.18   188     6.48e-03  GVEALATSDKSLTS                                          14   0    754   0    
3TBN F138DOMAIN      3  of  3  29.11   146     4.24e-02  VQQSDGIVGTDRDGRD                                        16   0    773   0    
3TBB
3TBN MUSCRINICM2R    4  of  7  30.26   208     7.37e-02  KEDSSPRGDSTTKDKAEFS                                     19   0    511   0    
3TBN MUSCRINICM2R    7  of  7  26.32   300     3.99e-03  TDDGRNRTVKKVVSISKEA                                     19   0    571   0    
3TBB
3TBN BRSTCANCERI     4  of  8  33.33   212     2.57e-02  SDESEEFVRSPTTVAKDSVLQ                                   21   0    1223  0    
3TBN BRSTCANCERI     6  of  8  26.67   205     1.67e-02  QGKIKPIILSDSEEDESESSF                                   21   0    1621  0    
3TBB
3TBN LCRVANTIGEN     1  of  9  16.54   202     9.84e-02  SQPLNMTKEQELDINMKDTKMEYEES                              26   0    819   0    
3TBN LCRVANTIGEN     9  of  9  33.04   282     7.83e-03  VSSGGAGHDVEVGRYDDTMQRLL                                 23   0    1092  0    
3TBB
3TBN MELNOCYTESHR    2  of  7  40.71   228     1.53e-02  TYIKIPDPVSLSLE                                          14   0    289   0    
3TBN MELNOCYTESHR    7  of  7  37.69   181     5.35e-02  NRTVKKVVS                                               9    0    576   0    
3TBB
3TBN TRNSINTIMINR    5  of  9  30.70   208     8.42e-02  KKVVSISKEACHSGDKEDD                                     19   0    580   0    
3TBN TRNSINTIMINR    8  of  9  24.07   198     5.86e-02  QQSDGIVGTDRDGRDATF                                      18   0    774   0    
3TBB
3TBN HEMAGGLUTN12    1  of  6  20.66   180     9.21e-02  CMVTHDCNKGGLFTTVADDKESSS                                24   0    904   0    
3TBN HEMAGGLUTN12    6  of  6  30.91   255     5.93e-02  CSTFYKAKYNNCKERPREG                                     19   0    1389  0    
3TBB
3TBN CRFRECEPTOR     2  of  10 31.94   219     6.49e-02  CSTFYKAKYNNCKERPRE                                      18   0    1389  0    
3TBN CRFRECEPTOR     9  of  10 20.45   218     9.38e-02  IILSDSEEDESESSFCWFTTR#                                  22   0    1627  0    
3TBB
3TBN LVDCCALPHA1C    5  of  13 29.00   220     9.66e-02  SKDHDDHQPSTSGLNTDSND                                    20   0    244   0    
3TBN LVDCCALPHA1C    10 of  13 30.59   216     9.05e-02  SDDSAGNNISSSPKTAA                                       17   0    1260  0    
3TBB
3TBF
Sn; 15112
Si; Fasta sequence
1TBS
1TBN NO SIGNIFICANT RESULTS ABOVE 0.0001    
1TBF
2TBS
2TBT FingerPrint     No.Motifs SumId    AveId    ProfScore  Ppvalue     Evalue      GraphScan               
2TBN ARATH130DUF     2  of  9  63.62    31.81    511        1.69e-07    0.34        .......Ii       
2TBN XRODRMPGMNTD    2  of  9  49.66    24.83    443        3.2e-05     63          .i..i....       
2TBN BDNFACTOR       2  of  5  96.84    48.42    456        0.000104    4e+02       ...II           
2TBN TROPOMYOSIN     2  of  5  60.34    30.17    412        0.000146    2.6e+02     .I..i           
2TBN XRODRMPGMNTG    2  of  10 53.62    26.81    473        0.000266    6.2e+02     ......ii..      
2TBN ATHOOK          2  of  3  62.50    31.25    324        0.000351    1.3e+03     I.I             
2TBN OCTAMER         2  of  4  61.97    30.98    383        0.000525    1.8e+03     ..iI            
2TBN LVDCCALPHA1     2  of  6  59.47    29.74    373        0.00109     3.1e+03     ..I.i.          
2TBN TEKTIN          2  of  4  64.71    32.35    360        0.00149     3.7e+03     i.I.            
2TBN PAFRECEPTOR     2  of  11 38.59    19.30    350        0.00256     4.6e+03     ......i...i     
2TBF
3TBS
3TBT MotifName       No.Mots   IdScore PfScore Pvalue    Sequence                                                Len  low  pos   high 
3TBN ARATH130DUF     8  of  9  40.79   364     1.85e-06  KQEEARLKAQSLKEMEEAK                                     19   0    78    0    
3TBN ARATH130DUF     9  of  9  22.83   147     9.10e-02  MTPEEQMAEKLQQQKLQEESDLL                                 23   0    98    0    
3TBB
3TBN XRODRMPGMNTD    2  of  9  23.57   189     2.78e-02  VLKEKEEKKQEEARLKAQSL                                    20   0    70    0    
3TBN XRODRMPGMNTD    5  of  9  26.09   254     1.15e-03  VQFLDDMLRDLCASLEADDIKKL                                 23   0    171   0    
3TBB
3TBN BDNFACTOR       4  of  5  48.76   260     1.65e-03  SEKVKAQKGKTK                                            12   0    202   0    
3TBN BDNFACTOR       5  of  5  48.09   196     6.31e-02  VNLVGATKGG                                              10   0    221   0    
3TBB
3TBN TROPOMYOSIN     2  of  5  34.35   236     4.76e-03  DDEDEEGKKKEETNESKTELP                                   21   0    39    0    
3TBN TROPOMYOSIN     5  of  5  25.99   176     3.08e-02  NPKTLEEFTEYSKMLVDKLSKLESSA                              26   0    143   0    
3TBB
3TBN XRODRMPGMNTG    7  of  10 24.21   229     9.95e-03  EKEEKKQEEARLKAQSLKE                                     19   0    73    0    
3TBN XRODRMPGMNTG    8  of  10 29.41   244     2.67e-02  EYSKMLVDKLSKLESSA                                       17   0    152   0    
3TBB
3TBN ATHOOK          1  of  3  30.30   131     9.91e-02  TKKKKRPLKEV                                             11   0    60    0    
3TBN ATHOOK          3  of  3  32.20   193     3.54e-03  GKTKGKGKAKK                                             11   0    210   0    
3TBB
3TBN OCTAMER         3  of  4  29.74   178     8.86e-03  PEEQMAEKLQQQK                                           13   0    100   0    
3TBN OCTAMER         4  of  4  32.22   205     5.93e-02  MNPKTLEEFTEY                                            12   0    142   0    
3TBB
3TBN LVDCCALPHA1     3  of  6  39.68   193     2.23e-02  KKKKRPLKEVLKEK                                          14   0    61    0    
3TBN LVDCCALPHA1     5  of  6  19.79   180     4.91e-02  EFDDFI##########                                        16   0    244   0    
3TBB
3TBN TEKTIN          1  of  4  26.47   155     9.89e-02  LPTKKKKRPLKEVLKEK                                       17   0    58    0    
3TBN TEKTIN          3  of  4  38.24   205     1.51e-02  EEQMAEKLQQQKLQEES                                       17   0    101   0    
3TBB
3TBN PAFRECEPTOR     7  of  11 21.59   176     7.15e-02  EVLKEKEEKKQEEARLKAQSLK                                  22   0    69    0    
3TBN PAFRECEPTOR     11 of  11 17.00   174     3.58e-02  CASLEADDIKKLATTLNLLHSEKVK                               25   0    182   0    
3TBB
3TBF
Sn; 15113
Si; Fasta sequence
1TBS
1TBN NO SIGNIFICANT RESULTS ABOVE 0.0001    
1TBF
2TBS
2TBT FingerPrint     No.Motifs SumId    AveId    ProfScore  Ppvalue     Evalue      GraphScan               
2TBN HGSCAVENGER     2  of  6  67.22    33.61    375        0.000461    1.4e+03     .I..I.          
2TBN PRSTNOIDFPR     2  of  9  50.45    25.23    387        0.000477    1.1e+03     i.i......       
2TBN CPSGATASE       2  of  5  54.17    27.08    335        0.00081     2.5e+03     i...I           
2TBN GLHYDRLASE7     2  of  9  47.49    23.74    366        0.000967    1.9e+03     .....i..i       
2TBN THRMBOMODULN    2  of  9  40.64    20.32    398        0.0023      4e+03       ....i...i       
2TBN IGFBPFAMILY     2  of  4  57.27    28.63    316        0.00579     1.7e+04     I.i.            
2TBF
3TBS
3TBT MotifName       No.Mots   IdScore PfScore Pvalue    Sequence                                                Len  low  pos   high 
3TBN HGSCAVENGER     2  of  6  33.33   212     7.19e-03  GLQSTTLGIVGQ                                            12   0    51    0    
3TBN HGSCAVENGER     5  of  6  33.89   163     6.41e-02  NVVNIYDSKYNGIKM                                         15   0    93    0    
3TBB
3TBN PRSTNOIDFPR     1  of  9  25.45   213     8.43e-03  STSSSNSPTGPMKTVKIQIYCT                                  22   0    187   0    
3TBN PRSTNOIDFPR     3  of  9  25.00   174     5.65e-02  RVFRRKNMLWKCSFCA                                        16   0    239   0    
3TBB
3TBN CPSGATASE       1  of  5  18.84   120     9.41e-02  LTDIHIGKAQNLLKE                                         15   0    30    0    
3TBN CPSGATASE       5  of  5  35.33   215     8.61e-03  PVTQQNNGFDCG                                            12   0    130   0    
3TBB
3TBN GLHYDRLASE7     6  of  9  21.83   203     4.61e-02  NGCLTDIHIGKAQNLLKEKHPHIQ                                24   0    27    0    
3TBN GLHYDRLASE7     9  of  9  25.66   163     2.10e-02  PTVSTSSSNSPTGPMKTV                                      18   0    184   0    
3TBB
3TBN THRMBOMODULN    5  of  9  24.64   204     5.24e-02  CGEFVQILHTDSYHWLCASNIGL                                 23   0    67    0    
3TBN THRMBOMODULN    9  of  9  16.00   194     4.40e-02  RKNMLWKCSFCAQG###########                               25   0    243   0    
3TBB
3TBN IGFBPFAMILY     1  of  4  31.45   173     6.30e-02  GFDCGVFSIAFAVALCN                                       17   0    137   0    
3TBN IGFBPFAMILY     3  of  4  25.82   143     9.19e-02  ECQQVPDRVFRR                                            12   0    232   0    
3TBB
3TBF
Sn; 15114
Si; Fasta sequence
1TBS
1TBN NO SIGNIFICANT RESULTS ABOVE 0.0001    
1TBF
2TBS
2TBT FingerPrint     No.Motifs SumId    AveId    ProfScore  Ppvalue     Evalue      GraphScan               
2TBN JDOMAIN         2  of  4  39.63    19.81    302        0.000519    1.1e+03     i.i.            
2TBN EXPANSIN        2  of  9  37.25    18.62    302        0.00177     4.3e+03     .....ii..       
2TBN SSPAMPROTEIN    2  of  8  71.25    35.62    371        0.00698     2.7e+04     ....I..I        
2TBF
3TBS
3TBT MotifName       No.Mots   IdScore PfScore Pvalue    Sequence                                                Len  low  pos   high 
3TBN JDOMAIN         1  of  4  23.02   166     1.16e-02  LILLMISAGGNYTELKTTY                                     19   0    26    0    
3TBN JDOMAIN         3  of  4  16.61   136     4.49e-02  DSEESEREVEDENEAEGEPSA                                   21   0    51    0    
3TBB
3TBN EXPANSIN        6  of  9  21.79   154     5.96e-02  DQIKFKMKNEDHF                                           13   0    11    0    
3TBN EXPANSIN        7  of  9  15.45   148     2.97e-02  FPLLILLMISAGGNYTELKTTY                                  22   0    23    0    
3TBB
3TBN SSPAMPROTEIN    5  of  8  31.25   171     7.74e-02  EDSEESEREVED                                            12   0    50    0    
3TBN SSPAMPROTEIN    8  of  8  40.00   200     9.02e-02  LVQEVTEDEQ                                              10   0    90    0    
3TBB
3TBF
Sn; 15115
Si; Fasta sequence
1TBS
1TBH GPROTEINBRPT    1.2e-05        G protein beta WD-40 repeat signature                                    PR00320         
1TBF
2TBS
2TBT FingerPrint     No.Motifs SumId    AveId    ProfScore  Ppvalue     Evalue      GraphScan               
2TBH GPROTEINBRPT    3  of  3  103.68   34.56    861        6.31e-12    1.2e-05     IIi             
2TBN GPROTEINB       2  of  4  80.62    40.31    748        1.05e-08    0.028       II..            
2TBN DELTAOPIOIDR    2  of  6  70.04    35.02    466        0.000136    3.6e+02     ..I..I          
2TBN ARGREPRESSOR    2  of  4  55.11    27.56    340        0.000164    4.3e+02     .i.i            
2TBN FMOXYGENASE1    2  of  10 84.20    42.10    388        0.000656    2.3e+03     .I...I....      
2TBN THAUMATIN       2  of  6  74.06    37.03    334        0.00258     1.1e+04     .I...I          
2TBN HEATSHOCK70     2  of  9  49.52    24.76    338        0.00276     6.3e+03     .......Ii       
2TBN UROTENSIN2R     2  of  9  47.32    23.66    290        0.00477     1.3e+04     i.......i       
2TBN GLUTPROXDASE    2  of  3  58.27    29.14    351        0.00594     1.8e+04     i.I             
2TBN TRNASYNTHALA    2  of  5  51.32    25.66    303        0.00719     2.1e+04     i..i.           
2TBF
3TBS
3TBT MotifName       No.Mots   IdScore PfScore Pvalue    Sequence                                                Len  low  pos   high 
3TBH GPROTEINBRPT    1  of  3  39.84   314     5.14e-05  LFSGSFDQSIIIWDI                                         15   0    220   0    
3TBH GPROTEINBRPT    2  of  3  33.90   279     2.30e-04  LFSCSEDGVIMVWDM                                         15   0    263   0    
3TBH GPROTEINBRPT    3  of  3  29.94   268     5.35e-04  MLTCGGDRIVKLWDV                                         15   0    387   0    
3TBB
3TBN GPROTEINB       1  of  4  34.76   327     3.00e-04  LQGHMSKVQALCYAPHA                                       17   0    244   0    
3TBN GPROTEINB       2  of  4  45.86   421     3.51e-05  LFSCSEDGVIMVWDM                                         15   0    263   0    
3TBB
3TBN DELTAOPIOIDR    3  of  6  38.46   276     2.37e-03  AVTIPHEDAIISV                                           13   0    36    0    
3TBN DELTAOPIOIDR    6  of  6  31.58   190     5.74e-02  GTSLSLVTTLKGHSGSIGG                                     19   0    192   0    
3TBB
3TBN ARGREPRESSOR    2  of  4  28.98   187     3.12e-03  TEFEVSEDLNRLHHKR                                        16   0    99    0    
3TBN ARGREPRESSOR    4  of  4  26.14   153     5.27e-02  FVGDFAGNISILKVDG                                        16   0    177   0    
3TBB
3TBN FMOXYGENASE1    2  of  10 36.92   186     2.14e-02  HAKKLFSCSEDGV                                           13   0    259   0    
3TBN FMOXYGENASE1    6  of  10 47.27   202     3.07e-02  IVKLWDVKAIL                                             11   0    395   0    
3TBB
3TBN THAUMATIN       2  of  6  35.00   137     7.39e-02  GGYQADSWCT                                              10   0    156   0    
3TBN THAUMATIN       6  of  6  39.06   197     3.49e-02  MGFEYPVRFC                                              10   0    341   0    
3TBB
3TBN HEATSHOCK70     8  of  9  31.44   159     5.60e-02  SILKVDGTSLSLVTTLKGHS                                    20   0    186   0    
3TBN HEATSHOCK70     9  of  9  18.08   179     4.93e-02  APHAKKLFSCSEDGVIM                                       17   0    257   0    
3TBB
3TBN UROTENSIN2R     1  of  9  18.75   135     7.65e-02  ########MAATIKDT                                        16   0    -7    0    
3TBN UROTENSIN2R     9  of  9  28.57   155     6.23e-02  RQHHCRKCGRAVCN                                          14   0    316   0    
3TBB
3TBN GLUTPROXDASE    1  of  3  22.40   145     7.19e-02  HKRNYLAHMNVVTGIGFS                                      18   0    112   0    
3TBN GLUTPROXDASE    3  of  3  35.87   206     8.27e-02  LAWDAEKKLL                                              10   0    211   0    
3TBB
3TBN TRNASYNTHALA    1  of  5  23.72   161     7.35e-02  NVVTGIGFSLEH                                            12   0    121   0    
3TBN TRNASYNTHALA    4  of  5  27.60   142     9.78e-02  ETITDQDRTPLATPHDG                                       17   0    355   0    
3TBB
3TBF
Sn; 15116
Si; Fasta sequence
1TBS
1TBN NO SIGNIFICANT RESULTS ABOVE 0.0001    
1TBF
2TBS
2TBT FingerPrint     No.Motifs SumId    AveId    ProfScore  Ppvalue     Evalue      GraphScan               
2TBN KCNQ2CHANNEL    2  of  4  71.08    35.54    478        1.06e-05    31          .i.I            
2TBN AQUAPORIN8      2  of  10 74.55    37.27    389        0.000243    9.3e+02     ...I...I..      
2TBN VACCYTOTOXIN    2  of  15 56.44    28.22    452        0.000296    5.8e+02     ...i..i........ 
2TBN INTRLEUKN1R1    2  of  12 50.00    25.00    303        0.00179     5e+03       i.....i.....    
2TBN PENKAPRCRSR     2  of  10 54.92    27.46    374        0.00183     4.2e+03     i......i..      
2TBN ANPHYLATOXNR    2  of  5  45.00    22.50    275        0.00335     1.4e+04     .ii..           
2TBN TROPOMYOSIN     2  of  5  52.28    26.14    318        0.00506     1.1e+04     ii...           
2TBN TPI2FAMILY      2  of  9  46.31    23.15    273        0.00521     1.4e+04     ....Ii...       
2TBF
3TBS
3TBT MotifName       No.Mots   IdScore PfScore Pvalue    Sequence                                                Len  low  pos   high 
3TBN KCNQ2CHANNEL    2  of  4  29.41   190     4.12e-02  SINESALKPSIPDSLYA                                       17   0    107   0    
3TBN KCNQ2CHANNEL    4  of  4  41.67   288     2.58e-04  SAYLLNLETIVI                                            12   0    205   0    
3TBB
3TBN AQUAPORIN8      4  of  10 36.36   160     4.02e-02  LDLMVCLLTTI                                             11   0    6     0    
3TBN AQUAPORIN8      8  of  10 38.18   229     6.05e-03  INESALKPSIP                                             11   0    108   0    
3TBB
3TBN VACCYTOTOXIN    4  of  15 27.03   241     8.08e-03  YFNLGLGNKGLRFGSWNINGLTMSKF                              26   0    62    0    
3TBN VACCYTOTOXIN    7  of  15 29.41   211     3.66e-02  KSKHPILFAGVYRPPSY                                       17   0    175   0    
3TBB
3TBN INTRLEUKN1R1    1  of  12 21.67   165     2.17e-02  LTLDLMVCLLTTILC                                         15   0    4     0    
3TBN INTRLEUKN1R1    7  of  12 28.33   138     8.27e-02  VIGDIT#########                                         15   0    215   0    
3TBB
3TBN PENKAPRCRSR     1  of  10 28.07   175     6.03e-02  ###MLVLTLDLMVCLLTTI                                     19   0    -2    0    
3TBN PENKAPRCRSR     8  of  10 26.85   199     3.04e-02  FAGVYRPPSYSKEEDEML                                      18   0    182   0    
3TBB
3TBN ANPHYLATOXNR    2  of  5  28.00   152     4.77e-02  VLVYVYEEVK                                              10   0    143   0    
3TBN ANPHYLATOXNR    3  of  5  17.00   123     7.02e-02  LLNLETIVIG                                              10   0    208   0    
3TBB
3TBN TROPOMYOSIN     1  of  5  22.92   165     5.15e-02  EEVKHQRRTDLKDSNIDA                                      18   0    149   0    
3TBN TROPOMYOSIN     2  of  5  29.36   153     9.84e-02  KEEDEMLEKNIESAYLLNLET                                   21   0    193   0    
3TBB
3TBN TPI2FAMILY      5  of  9  32.03   120     8.17e-02  MIQCEGISIDSPADS                                         15   0    32    0    
3TBN TPI2FAMILY      6  of  9  14.28   153     6.37e-02  EVKHQRRTDLKDSNIDA                                       17   0    150   0    
3TBB
3TBF
Sn; 15117
Si; Fasta sequence
1TBS
1TBN NO SIGNIFICANT RESULTS ABOVE 0.0001    
1TBF
2TBS
2TBT FingerPrint     No.Motifs SumId    AveId    ProfScore  Ppvalue     Evalue      GraphScan               
2TBN TYPE3OMBPROT    2  of  10 65.65    32.82    434        0.000104    2.4e+02     .....I..I.      
2TBN TOPISMRASE4B    2  of  15 71.79    35.90    491        0.000185    5.4e+02     ..I........I... 
2TBN MCMPROTEIN5     2  of  5  62.86    31.43    371        0.000278    7.6e+02     ..I.i           
2TBN CRETINALDHBP    2  of  5  72.93    36.47    410        0.000513    1.3e+03     I...I           
2TBN TELOMERASERT    2  of  4  64.05    32.03    379        0.000658    1.6e+03     .II.            
2TBN INTEIN          2  of  6  50.63    25.32    264        0.00109     3.2e+03     .i.i..          
2TBN INTCLCHANNEL    2  of  5  67.36    33.68    427        0.00116     3.5e+03     i...I           
2TBN DYNAMIN         2  of  6  44.90    22.45    371        0.00138     3.1e+03     i..i..          
2TBN MRGPCRE         2  of  7  84.45    42.23    480        0.00149     4.7e+03     .I...I.         
2TBN P2X2RECEPTOR    2  of  10 57.07    28.54    465        0.00326     7.9e+03     ..i....i..      
2TBF
3TBS
3TBT MotifName       No.Mots   IdScore PfScore Pvalue    Sequence                                                Len  low  pos   high 
3TBN TYPE3OMBPROT    6  of  10 31.58   237     6.32e-03  LKFVSLVREILQGSTVSVK                                     19   0    371   0    
3TBN TYPE3OMBPROT    9  of  10 34.07   197     1.65e-02  SGIDSKLSEATWRIVQK                                       17   0    583   0    
3TBB
3TBN TOPISMRASE4B    3  of  15 33.33   231     1.62e-02  QLQVLLTCGEYSMFDC                                        16   0    294   0    
3TBN TOPISMRASE4B    12 of  15 38.46   260     1.14e-02  GVNLFAQDMSQYR                                           13   0    640   0    
3TBB
3TBN MCMPROTEIN5     3  of  5  33.57   176     5.11e-02  PSKRVRYLGFLVD                                           13   0    345   0    
3TBN MCMPROTEIN5     5  of  5  29.29   195     5.43e-03  RIASSNTRDALLAPSKNG                                      18   0    707   0    
3TBB
3TBN CRETINALDHBP    1  of  5  30.43   188     3.74e-02  FSLAFPAARLFTREMNVAISKGL                                 23   0    401   0    
3TBN CRETINALDHBP    5  of  5  42.50   222     1.37e-02  RIVQKEFGGE                                              10   0    595   0    
3TBB
3TBN TELOMERASERT    2  of  4  32.68   221     1.34e-02  KSSYQTVLDDKSGYDHI                                       17   0    214   0    
3TBN TELOMERASERT    3  of  4  31.37   158     4.90e-02  YLVRLGYFLGLAKSTLI                                       17   0    328   0    
3TBB
3TBN INTEIN          2  of  6  28.37   161     1.36e-02  RVRYLGFLVDSGT                                           13   0    348   0    
3TBN INTEIN          4  of  6  22.27   103     8.01e-02  LPGDLWAFAVRFGV##                                        16   0    731   0    
3TBB
3TBN INTCLCHANNEL    1  of  5  27.08   238     1.18e-02  LNLWMKDMPFSLDKLF                                        16   0    191   0    
3TBN INTCLCHANNEL    5  of  5  40.28   189     9.88e-02  LGLAKSTLIPSK                                            12   0    336   0    
3TBB
3TBN DYNAMIN         1  of  6  25.46   193     2.77e-02  IPCSLYIDDRHTGQLQVLL                                     19   0    281   0    
3TBN DYNAMIN         4  of  6  19.44   178     4.99e-02  TREMNVAISKGLKSSRRIP                                     19   0    412   0    
3TBB
3TBN MRGPCRE         2  of  7  50.00   238     2.67e-02  ICHKVSIRPY                                              10   0    99    0    
3TBN MRGPCRE         6  of  7  34.45   242     5.59e-02  SLPFGWKISPYVYHTTG                                       17   0    253   0    
3TBB
3TBN P2X2RECEPTOR    3  of  10 28.95   230     9.45e-02  MPFSLDKLFDLPRYVPKSS                                     19   0    198   0    
3TBN P2X2RECEPTOR    8  of  10 28.12   235     3.45e-02  FLVDSGTESFHIIPEK                                        16   0    354   0    
3TBB
3TBF
Sn; 15118
Si; Fasta sequence
1TBS
1TBN NO SIGNIFICANT RESULTS ABOVE 0.0001    
1TBF
2TBS
2TBT FingerPrint     No.Motifs SumId    AveId    ProfScore  Ppvalue     Evalue      GraphScan               
2TBN TROPOMYOSIN     2  of  5  73.72    36.86    577        3.84e-07    0.83        II...           
2TBN POUDOMAIN       2  of  5  60.74    30.37    482        1.1e-05     25          ..Ii.           
2TBN SFASSEMBLIN     2  of  9  43.19    21.59    479        6.57e-05    1.1e+02     ...ii....       
2TBN LEUZIPPRFOS     2  of  5  59.16    29.58    469        0.00012     2.6e+02     .I.i.           
2TBN TYPE3OMBPROT    2  of  10 45.60    22.80    411        0.000247    6.1e+02     ii........      
2TBN BR22PROTEIN     2  of  6  54.44    27.22    476        0.000261    4.5e+02     ...i.i          
2TBN HTLV1ZIPPER     2  of  5  56.12    28.06    486        0.000347    7.1e+02     .Ii..           
2TBN RELAXIN         2  of  6  60.58    30.29    320        0.000457    1.3e+03     .iI...          
2TBN BRISCABRO1      2  of  9  49.17    24.58    419        0.000678    1.4e+03     ...i....i       
2TBN TRPCHANNEL2     2  of  7  48.05    24.02    396        0.000714    1.2e+03     ....i.i         
2TBF
3TBS
3TBT MotifName       No.Mots   IdScore PfScore Pvalue    Sequence                                                Len  low  pos   high 
3TBN TROPOMYOSIN     1  of  5  40.99   338     7.01e-05  EKRDFNLRLERVEEEKDR                                      18   0    139   0    
3TBN TROPOMYOSIN     2  of  5  32.73   239     5.47e-03  RRETENERAELENRFILIQEK                                   21   0    196   0    
3TBB
3TBN POUDOMAIN       3  of  5  40.95   309     1.18e-03  NSLELKRNLRKWTNEK                                        16   0    295   0    
3TBN POUDOMAIN       4  of  5  19.79   173     9.31e-03  GKTKKRLSMAS##########                                   21   0    332   0    
3TBB
3TBN SFASSEMBLIN     4  of  9  19.23   213     1.24e-02  DSRIKALQSALEDERRITMEQLAMER                              26   0    23    0    
3TBN SFASSEMBLIN     5  of  9  23.96   266     5.31e-03  DVQRAREELLREQKRITTELQEER                                24   0    50    0    
3TBB
3TBN LEUZIPPRFOS     2  of  5  31.13   225     2.49e-02  KALQSALEDERRITMEQ                                       17   0    27    0    
3TBN LEUZIPPRFOS     4  of  5  28.03   244     4.85e-03  QKRITTELQEERRNISMERARL                                  22   0    62    0    
3TBB
3TBN TYPE3OMBPROT    1  of  10 20.83   189     6.15e-02  EQLAMERADVQRAREE                                        16   0    42    0    
3TBN TYPE3OMBPROT    2  of  10 24.77   222     4.01e-03  QRRSEEIGKLCTDNARAR                                      18   0    165   0    
3TBB
3TBN BR22PROTEIN     4  of  6  27.78   256     1.09e-02  EQKRITTELQEERRNISMERARLS                                24   0    61    0    
3TBN BR22PROTEIN     6  of  6  26.67   220     2.40e-02  MEITASKIKEDAAALGVRQAQLKQE                               25   0    108   0    
3TBB
3TBN HTLV1ZIPPER     2  of  5  31.48   200     5.43e-02  TENERAELENRFILIQEK                                      18   0    199   0    
3TBN HTLV1ZIPPER     3  of  5  24.64   286     6.38e-03  KRNLRKWTNEKEKDEEFLEQESQ                                 23   0    300   0    
3TBB
3TBN RELAXIN         2  of  6  29.81   177     6.64e-03  ITASKIKEDAAALGVR                                        16   0    110   0    
3TBN RELAXIN         3  of  6  30.77   143     6.88e-02  QLKQEEEALRREK                                           13   0    128   0    
3TBB
3TBN BRISCABRO1      4  of  9  25.00   180     5.84e-02  KALQSALEDERRITME                                        16   0    27    0    
3TBN BRISCABRO1      9  of  9  24.17   239     1.16e-02  DEALARAEMLRRETENERAELENR                                24   0    186   0    
3TBB
3TBN TRPCHANNEL2     5  of  7  20.51   204     2.22e-02  ADVQRAREELLREQKRITTELQEERR                              26   0    49    0    
3TBN TRPCHANNEL2     7  of  7  27.54   192     3.21e-02  LERVEEEKDRIGKLSLEVQRRSE                                 23   0    147   0    
3TBB
3TBF
Sn; 15119
Si; Fasta sequence
1TBS
1TBN NO SIGNIFICANT RESULTS ABOVE 0.0001    
1TBF
2TBS
2TBT FingerPrint     No.Motifs SumId    AveId    ProfScore  Ppvalue     Evalue      GraphScan               
2TBN GFLUORESCENT    3  of  11 81.12    27.04    834        1.86e-08    0.024       .I..Ii.....     
2TBN FLIPR           2  of  5  54.53    27.26    438        0.000105    2.8e+02     .i.I.           
2TBN KIR62CHANNEL    2  of  7  92.05    46.02    473        0.000163    6.5e+02     .I..I..         
2TBN AQUAPORIN6      2  of  10 59.09    29.55    319        0.00242     9.3e+03     .....Ii...      
2TBN CONNEXINA8      2  of  6  72.40    36.20    316        0.00306     1.4e+04     ..I.i.          
2TBN NRPEPTIDEY2R    2  of  11 52.78    26.39    342        0.00382     9e+03       I.i........     
2TBF
3TBS
3TBT MotifName       No.Mots   IdScore PfScore Pvalue    Sequence                                                Len  low  pos   high 
3TBN GFLUORESCENT    2  of  11 33.33   200     3.27e-02  KCVGEGEGKPFEGTQVEKIRI                                   21   0    25    0    
3TBN GFLUORESCENT    5  of  11 38.26   444     1.40e-05  ESFPEGFTWERTQIFEDGGYLTI                                 23   0    82    0    
3TBN GFLUORESCENT    6  of  11 9.52    190     4.06e-02  HQDTSLQGNNFIFKVNVIGAN                                   21   0    105   0    
3TBB
3TBN FLIPR           2  of  5  21.32   192     3.63e-02  ##########MASLVKKD                                      18   0    -9    0    
3TBN FLIPR           4  of  5  33.20   246     2.89e-03  EKIRITEGGPLPFA                                          14   0    41    0    
3TBB
3TBN KIR62CHANNEL    2  of  7  37.50   163     3.72e-02  KCVGEGEGKP                                              10   0    25    0    
3TBN KIR62CHANNEL    5  of  7  54.55   310     4.37e-03  CEAAPSKLGHH                                             11   0    179   0    
3TBB
3TBN AQUAPORIN6      6  of  10 31.82   177     3.88e-02  GYLTIHQDTSL                                             11   0    100   0    
3TBN AQUAPORIN6      7  of  10 27.27   142     6.24e-02  QKKTVQKPANA                                             11   0    134   0    
3TBB
3TBN CONNEXINA8      3  of  6  42.86   143     7.90e-02  ITEGGPL                                                 7    0    45    0    
3TBN CONNEXINA8      5  of  6  29.55   173     3.87e-02  IPDYFKESFPE                                             11   0    76    0    
3TBB
3TBN NRPEPTIDEY2R    1  of  11 30.56   164     7.13e-02  NVIGANFPANGPVMQKKT                                      18   0    120   0    
3TBN NRPEPTIDEY2R    3  of  11 22.22   178     5.36e-02  EPGKVYEQYESAVARYCE                                      18   0    163   0    
3TBB
3TBF
Sn; 15120
Si; Fasta sequence
1TBS
1TBN NO SIGNIFICANT RESULTS ABOVE 0.0001    
1TBF
2TBS
2TBT FingerPrint     No.Motifs SumId    AveId    ProfScore  Ppvalue     Evalue      GraphScan               
2TBF
3TBS
3TBT MotifName       No.Mots   IdScore PfScore Pvalue    Sequence                                                Len  low  pos   high 
3TBF
Sn; 15121
Si; Fasta sequence
1TBS
1TBN NO SIGNIFICANT RESULTS ABOVE 0.0001    
1TBF
2TBS
2TBT FingerPrint     No.Motifs SumId    AveId    ProfScore  Ppvalue     Evalue      GraphScan               
2TBN RHOGDI          2  of  6  48.42    24.21    364        0.00136     3.8e+03     ..i.I.          
2TBN HIGHMOBLTYIY    2  of  5  67.03    33.52    373        0.00138     4.5e+03     i...I           
2TBN CHEMOTAXISIP    2  of  6  52.63    26.32    390        0.00184     4.1e+03     .i...i          
2TBN ECCREGULATOR    2  of  5  44.58    22.29    348        0.00367     8.6e+03     ..ii.           
2TBN VDCCGAMMA7      2  of  4  73.86    36.93    360        0.00565     1.8e+04     II..            
2TBN HTHARSR         2  of  4  42.08    21.04    197        0.00628     1.7e+04     i.i.            
2TBN PENKAPRCRSR     2  of  10 45.46    22.73    332        0.00768     1.7e+04     .......i.i      
2TBF
3TBS
3TBT MotifName       No.Mots   IdScore PfScore Pvalue    Sequence                                                Len  low  pos   high 
3TBN RHOGDI          3  of  6  17.65   172     3.27e-02  SSKECQHLHHVFSRAVR                                       17   0    10    0    
3TBN RHOGDI          5  of  6  30.77   192     4.16e-02  EYKSLSRPTSKPR                                           13   0    44    0    
3TBB
3TBN HIGHMOBLTYIY    1  of  5  24.18   169     3.92e-02  EEYKSLSRPTSKP                                           13   0    43    0    
3TBN HIGHMOBLTYIY    5  of  5  42.86   204     3.53e-02  NTEITIKTEGKEE                                           13   0    102   0    
3TBB
3TBN CHEMOTAXISIP    2  of  6  26.32   210     2.34e-02  EKIIAQYEEEYKSLSRPTS                                     19   0    35    0    
3TBN CHEMOTAXISIP    6  of  6  26.32   180     7.87e-02  EGKKEEEQNGNGSDQN###                                     19   0    124   0    
3TBB
3TBN ECCREGULATOR    3  of  5  21.05   170     9.70e-02  IKTEGKEEEQDENGSKAEG                                     19   0    107   0    
3TBN ECCREGULATOR    4  of  5  23.53   178     3.79e-02  GKKEEEQNGNGSDQN##                                       17   0    125   0    
3TBB
3TBN VDCCGAMMA7      1  of  4  36.36   170     8.21e-02  LHHVFSRAVRS                                             11   0    17    0    
3TBN VDCCGAMMA7      2  of  4  37.50   190     6.88e-02  EYLQRLENNTEENTEI                                        16   0    90    0    
3TBB
3TBN HTHARSR         1  of  4  20.83   91      9.96e-02  SRPTSKPRRCCLVNML                                        16   0    49    0    
3TBN HTHARSR         3  of  4  21.25   106     6.30e-02  MEKSASEYLQRLENNT                                        16   0    84    0    
3TBB
3TBN PENKAPRCRSR     8  of  10 21.30   162     7.94e-02  VRSVGRGEELEKIIAQYE                                      18   0    25    0    
3TBN PENKAPRCRSR     10 of  10 24.17   170     9.67e-02  DPGDDVWNTMEKSASEYLQR                                    20   0    75    0    
3TBB
3TBF
Sn; 15122
Si; Fasta sequence
1TBS
1TBN NO SIGNIFICANT RESULTS ABOVE 0.0001    
1TBF
2TBS
2TBT FingerPrint     No.Motifs SumId    AveId    ProfScore  Ppvalue     Evalue      GraphScan               
2TBN NORNUCRECPTR    3  of  10 89.18    29.73    738        2.57e-06    3.6         I.i...i...      
2TBN PRICHEXTENSN    2  of  8  69.74    34.87    594        4.71e-06    11          .I...I..        
2TBN ATROPHIN        2  of  14 61.74    30.87    572        1.02e-05    17          i.I...........  
2TBN INSP3RECEPTR    2  of  9  50.98    25.49    460        6e-05       1.1e+02     ....i..i.       
2TBN EDG8RECEPTOR    2  of  10 66.67    33.33    431        0.000147    3.8e+02     .....I...I      
2TBN NAHEXCHNGR1     2  of  12 51.67    25.83    469        0.000408    9.8e+02     ......i.i...    
2TBN KV43CHANNEL     2  of  7  91.35    45.67    435        0.000534    1.7e+03     ..I..I.         
2TBN DISHEVELLED1    2  of  9  51.81    25.90    464        0.000842    1.5e+03     .i.....i.       
2TBN TAPASIN         2  of  8  90.22    45.11    528        0.000845    3e+03       I..I....        
2TBN HMRNUCRECPTR    2  of  9  69.17    34.58    435        0.00125     3e+03       ....I..I.       
2TBF
3TBS
3TBT MotifName       No.Mots   IdScore PfScore Pvalue    Sequence                                                Len  low  pos   high 
3TBN NORNUCRECPTR    1  of  10 33.33   324     2.54e-03  NDYIEAGHKRPKGFHHH                                       17   0    341   0    
3TBN NORNUCRECPTR    3  of  10 27.27   214     3.20e-02  LPARLDSPSPYPWVDPAEGGLG                                  22   0    414   0    
3TBN NORNUCRECPTR    7  of  10 28.57   200     3.16e-02  PHYRPKSPTKTTSSSSPPPQP                                   21   0    515   0    
3TBB
3TBN PRICHEXTENSN    2  of  8  35.29   344     3.56e-04  PKSPTKTTSSSSPPPQP                                       17   0    519   0    
3TBN PRICHEXTENSN    6  of  8  34.44   250     1.32e-02  APFSPTSTNSPSSSTANK                                      18   0    668   0    
3TBB
3TBN ATROPHIN        1  of  14 28.99   257     8.31e-03  DGTSTNDPYVAFRRRTEKMQTRK                                 23   0    202   0    
3TBN ATROPHIN        3  of  14 32.76   315     1.23e-03  PKSPTKTTSSSSPPPQPSSSPSSETTPGI                           29   0    519   0    
3TBB
3TBN INSP3RECEPTR    5  of  9  27.95   261     1.03e-03  KLDDPSISLIPQVRGEKRDGTSTNDP                              26   0    184   0    
3TBN INSP3RECEPTR    8  of  9  23.03   199     5.82e-02  FPYDHLTGWKRLTIPHYRPKSP                                  22   0    501   0    
3TBB
3TBN EDG8RECEPTOR    6  of  10 36.36   161     9.21e-02  PSSSPSSETTP                                             11   0    535   0    
3TBN EDG8RECEPTOR    10 of  10 30.30   270     1.60e-03  NAPFSPTSTNSPSSSTANKSSS                                  22   0    667   0    
3TBB
3TBN NAHEXCHNGR1     7  of  12 26.67   210     4.74e-02  DIELMRKRKHEERSH                                         15   0    323   0    
3TBN NAHEXCHNGR1     9  of  12 25.00   259     8.60e-03  IPHYRPKSPTKTTSSSSPPP                                    20   0    514   0    
3TBB
3TBN KV43CHANNEL     3  of  7  41.90   191     5.58e-02  QLSPSQLELPSEPE                                          14   0    380   0    
3TBN KV43CHANNEL     6  of  7  49.44   244     9.56e-03  KSPTKTTSSSSP                                            12   0    520   0    
3TBB
3TBN DISHEVELLED1    2  of  9  23.81   207     8.03e-02  ILDRLEKGMGAQGCMSYGDAK                                   21   0    141   0    
3TBN DISHEVELLED1    8  of  9  28.00   257     1.05e-02  SSQLLSNSLVRGNAPFSPTSTNSPS                               25   0    655   0    
3TBB
3TBN TAPASIN         1  of  8  55.56   280     9.14e-03  PSPYPWVDP                                               9    0    421   0    
3TBN TAPASIN         4  of  8  34.67   248     9.25e-02  PAIGPWTSSSTLSST                                         15   0    615   0    
3TBB
3TBN HMRNUCRECPTR    5  of  9  32.50   215     3.93e-02  SPTKTTSSSSPPPQPSSSPS                                    20   0    521   0    
3TBN HMRNUCRECPTR    8  of  9  36.67   220     3.17e-02  TNSPSSSTANKSSSL                                         15   0    675   0    
3TBB
3TBF
Sn; 15123
Si; Fasta sequence
1TBS
1TBN NO SIGNIFICANT RESULTS ABOVE 0.0001    
1TBF
2TBS
2TBT FingerPrint     No.Motifs SumId    AveId    ProfScore  Ppvalue     Evalue      GraphScan               
2TBN PARAOXONASE     2  of  8  51.28    25.64    416        0.000579    1.3e+03     ......ii        
2TBN PROGESTRONER    2  of  8  28.64    14.32    344        0.0014      2.9e+03     i..i....        
2TBN STROIDFINGER    2  of  4  56.82    28.41    365        0.00168     5.7e+03     .ii.            
2TBN FUNGALZNCYS     2  of  4  67.74    33.87    325        0.00727     3.4e+04     I.i.            
2TBF
3TBS
3TBT MotifName       No.Mots   IdScore PfScore Pvalue    Sequence                                                Len  low  pos   high 
3TBN PARAOXONASE     7  of  8  26.97   214     2.45e-02  NNMEMDPYHCDDCGICRANKSN                                  22   0    132   0    
3TBN PARAOXONASE     8  of  8  24.31   202     2.36e-02  LHQECALGLIQHGSLDC                                       17   0    203   0    
3TBB
3TBN PROGESTRONER    1  of  8  16.47   150     5.49e-02  ##########MEEIPLS                                       17   0    -9    0    
3TBN PROGESTRONER    4  of  8  12.17   194     2.55e-02  TFFHINVLE##############                                 23   0    253   0    
3TBB
3TBN STROIDFINGER    2  of  4  28.04   183     3.13e-02  FCEKCKIFVNNMEMDP                                        16   0    123   0    
3TBN STROIDFINGER    3  of  4  28.78   182     5.37e-02  HQHCHKCNL                                               9    0    154   0    
3TBB
3TBN FUNGALZNCYS     1  of  4  41.94   175     9.58e-02  DCGICRA                                                 7    0    143   0    
3TBN FUNGALZNCYS     3  of  4  25.81   150     7.58e-02  HKCNLCLEKQL                                             11   0    158   0    
3TBB
3TBF
Sn; 15124
Si; Fasta sequence
1TBS
1TBN NO SIGNIFICANT RESULTS ABOVE 0.0001    
1TBF
2TBS
2TBT FingerPrint     No.Motifs SumId    AveId    ProfScore  Ppvalue     Evalue      GraphScan               
2TBN TGFBETA4        2  of  14 53.95    26.97    508        6.86e-05    1.5e+02     ...i..i.......  
2TBN NEUROTENSN2R    2  of  6  61.66    30.83    408        0.000492    1.2e+03     .I..i.          
2TBN KCNQ1CHANNEL    2  of  9  72.24    36.12    438        0.000517    1.5e+03     I.......I       
2TBN POLR2GRINL1     2  of  7  50.12    25.06    404        0.00191     3.7e+03     .i....I         
2TBN TYPE4SSCAGA     2  of  11 73.61    36.81    459        0.00221     5.2e+03     .....I.I...     
2TBN Y414FAMILY      2  of  11 54.89    27.44    358        0.00236     6e+03       ..i.....i..     
2TBN VACCYTOTOXIN    2  of  15 44.21    22.10    407        0.00354     5.5e+03     ...i.i......... 
2TBN VWFADOMAIN      2  of  3  51.45    25.73    278        0.00369     1.3e+04     .ii             
2TBF
3TBS
3TBT MotifName       No.Mots   IdScore PfScore Pvalue    Sequence                                                Len  low  pos   high 
3TBN TGFBETA4        4  of  14 26.32   262     4.05e-03  MSKGEKYLQQWKEVDRKTY                                     19   0    3     0    
3TBN TGFBETA4        7  of  14 27.63   246     1.69e-02  KHGTMSCDEWAAPLDVAWV                                     19   0    64    0    
3TBB
3TBN NEUROTENSN2R    2  of  6  35.90   169     8.40e-02  NNFLSMDKENGVQ                                           13   0    348   0    
3TBN NEUROTENSN2R    5  of  6  25.76   239     5.86e-03  ATSHLLPSNALPYKTDLASSRG                                  22   0    590   0    
3TBB
3TBN KCNQ1CHANNEL    1  of  9  31.43   234     2.13e-02  SNNFLSMDKENGVQY                                         15   0    347   0    
3TBN KCNQ1CHANNEL    9  of  9  40.82   204     2.43e-02  TSHLLPSNALPYKT                                          14   0    591   0    
3TBB
3TBN POLR2GRINL1     2  of  7  17.26   179     9.01e-02  MSKGEKYLQQWKEVDRKTYISSTK                                24   0    3     0    
3TBN POLR2GRINL1     7  of  7  32.86   225     2.12e-02  EGEEIYKEKIKLDEDKSSSN                                    20   0    329   0    
3TBB
3TBN TYPE4SSCAGA     6  of  11 33.33   222     6.06e-02  SHQLNPIFYNYQITVMLG                                      18   0    216   0    
3TBN TYPE4SSCAGA     8  of  11 40.28   237     3.64e-02  YLEPKDFQPSPNKDEKKR                                      18   0    461   0    
3TBB
3TBN Y414FAMILY      3  of  11 28.57   199     5.80e-02  VKGKSKVSGFNHQM                                          14   0    374   0    
3TBN Y414FAMILY      9  of  11 26.32   159     4.08e-02  GENAFVSRIVRSVATTDVF                                     19   0    558   0    
3TBB
3TBN VACCYTOTOXIN    4  of  15 22.97   206     7.79e-02  DEDKSSSNNFLSMDKENGVQYVQLGD                              26   0    341   0    
3TBN VACCYTOTOXIN    6  of  15 21.24   201     4.54e-02  ITTYTIGDGHSTLIQTNSSTSDTKTINV                            28   0    407   0    
3TBB
3TBN VWFADOMAIN      2  of  3  23.46   121     8.06e-02  DVQLIMYSHQLNPIF                                         15   0    209   0    
3TBN VWFADOMAIN      3  of  3  27.99   157     4.58e-02  IYLHVSDGK                                               9    0    696   0    
3TBB
3TBF
Sn; 15125
Si; Fasta sequence
1TBS
1TBN NO SIGNIFICANT RESULTS ABOVE 0.0001    
1TBF
2TBS
2TBT FingerPrint     No.Motifs SumId    AveId    ProfScore  Ppvalue     Evalue      GraphScan               
2TBN TUBERIN         2  of  10 52.67    26.33    430        0.000114    2.2e+02     ....i.i...      
2TBN DENSEGRNULE6    2  of  8  59.81    29.91    444        0.00104     2.8e+03     I....i..        
2TBN ECACCHANNEL     2  of  7  43.15    21.58    367        0.00127     2.5e+03     i..i...         
2TBN ARCARG31        2  of  7  58.16    29.08    464        0.00163     3.5e+03     ....I.i         
2TBN ETOFAMILY       2  of  4  39.66    19.83    356        0.00184     2.7e+03     i.i.            
2TBN RAD1REC1        2  of  8  46.83    23.41    293        0.00185     4.3e+03     i..i....        
2TBN FLGFLGJ         2  of  13 53.57    26.79    385        0.00213     4.6e+03     ..i.........i   
2TBN ANGIOMOTIN      2  of  7  54.39    27.19    405        0.00318     7.2e+03     i...I..         
2TBN CCYSTOKININR    2  of  8  61.76    30.88    325        0.00389     1.2e+04     ..i.I...        
2TBN S1PRECEPTOR     2  of  7  51.39    25.70    281        0.0045      1.8e+04     ....I.i         
2TBF
3TBS
3TBT MotifName       No.Mots   IdScore PfScore Pvalue    Sequence                                                Len  low  pos   high 
3TBN TUBERIN         5  of  10 27.27   220     7.04e-03  IKKVMQGLFSNLDSELHTFIQF                                  22   0    8     0    
3TBN TUBERIN         7  of  10 25.40   210     1.61e-02  YIQLTRVVFDNVERVAMESLK                                   21   0    132   0    
3TBB
3TBN DENSEGRNULE6    1  of  8  34.81   234     1.68e-02  YLSQQLGNCLITVKR                                         15   0    61    0    
3TBN DENSEGRNULE6    6  of  8  25.00   210     6.20e-02  EKREAKQKYSASLEEY                                        16   0    181   0    
3TBB
3TBN ECACCHANNEL     1  of  7  21.07   176     6.43e-02  SQQLGNCLITVKRLFDKFIANL                                  22   0    63    0    
3TBN ECACCHANNEL     4  of  7  22.08   191     1.98e-02  CDEENLLQVVWNSMQKEFIEQ                                   21   0    267   0    
3TBB
3TBN ARCARG31        5  of  7  30.88   244     2.26e-02  REAKQKYSASLEEYVKG                                       17   0    183   0    
3TBN ARCARG31        7  of  7  27.27   220     7.19e-02  CDEENLLQVVWNSMQKEFIEQY                                  22   0    267   0    
3TBB
3TBN ETOFAMILY       1  of  4  21.67   164     9.54e-02  NLIRQIEEAKIQKNKRVGILPFVSKFEEF                           29   0    83    0    
3TBN ETOFAMILY       3  of  4  17.98   192     1.93e-02  CIKEVPAKELKKGLEHLYKKVEKQLCDEE                           29   0    242   0    
3TBB
3TBN RAD1REC1        1  of  8  22.22   131     3.27e-02  VMLENYHHLFRVLSRLKI                                      18   0    158   0    
3TBN RAD1REC1        4  of  8  24.60   162     5.67e-02  INRCYPGSMITLEYTIED                                      18   0    295   0    
3TBB
3TBN FLGFLGJ         3  of  13 28.57   190     4.75e-02  EIKKVMQGLFSNLDSELHTFI                                   21   0    7     0    
3TBN FLGFLGJ         13 of  13 25.00   195     4.48e-02  KCIKEVPAKELKKGLEHL                                      18   0    241   0    
3TBB
3TBN ANGIOMOTIN      1  of  7  21.05   175     6.13e-02  NERREEIKKVMQGLFSNLD                                     19   0    2     0    
3TBN ANGIOMOTIN      5  of  7  33.33   230     5.19e-02  ISCLEKEKREAKQKYSAS                                      18   0    175   0    
3TBB
3TBN CCYSTOKININR    3  of  8  23.33   166     8.49e-02  FSNLDSELHTFIQFG                                         15   0    16    0    
3TBN CCYSTOKININR    5  of  8  38.43   159     4.59e-02  AKIQKNKRVGIL                                            12   0    91    0    
3TBB
3TBN S1PRECEPTOR     5  of  7  32.00   160     4.58e-02  FNSMYMLVRI                                              10   0    36    0    
3TBN S1PRECEPTOR     7  of  7  19.39   121     9.84e-02  RRTDLDKAYIQ                                             11   0    124   0    
3TBB
3TBF
Sn; 15126
Si; Fasta sequence
1TBS
1TBN NO SIGNIFICANT RESULTS ABOVE 0.0001    
1TBF
2TBS
2TBT FingerPrint     No.Motifs SumId    AveId    ProfScore  Ppvalue     Evalue      GraphScan               
2TBN KV9CHANNEL      2  of  7  81.05    40.53    428        4.41e-05    1.2e+02     .I...I.         
2TBN NPOXDRDTASE5    2  of  8  40.54    20.27    388        0.000247    4.6e+02     ...i..i.        
2TBN INTRLEUKIN1A    2  of  10 45.68    22.84    376        0.000399    8.2e+02     ..i....i..      
2TBN MCH1RECEPTOR    2  of  9  41.67    20.83    465        0.000604    1.5e+03     .i.....i.       
2TBN PRORICH         2  of  5  72.87    36.44    330        0.000785    3.5e+03     ...II           
2TBN HMRNUCRECPTR    2  of  9  50.00    25.00    385        0.00166     4.2e+03     ..i.i....       
2TBN KINESINLIGHT    2  of  6  41.11    20.56    391        0.00169     4e+03       i..i..          
2TBN BKCHANNELA      2  of  8  45.71    22.86    387        0.00408     9.6e+03     i....i..        
2TBN SHALCHANNEL     2  of  9  43.53    21.76    350        0.00931     2.1e+04     ....ii...       
2TBF
3TBS
3TBT MotifName       No.Mots   IdScore PfScore Pvalue    Sequence                                                Len  low  pos   high 
3TBN KV9CHANNEL      2  of  7  39.71   231     3.27e-03  RCPSTPQHELLETYSRE                                       17   0    79    0    
3TBN KV9CHANNEL      6  of  7  41.35   197     1.35e-02  ELIVVLAPILCVL                                           13   0    227   0    
3TBB
3TBN NPOXDRDTASE5    4  of  8  15.28   159     7.32e-02  ########MKGILLSLFVGLCYL                                 23   0    -7    0    
3TBN NPOXDRDTASE5    7  of  8  25.26   229     3.37e-03  CVLFFPILIFIVIAIVLWCMRR                                  22   0    237   0    
3TBB
3TBN INTRLEUKIN1A    3  of  10 23.95   164     2.58e-02  VSTTNKACVSDLWYKDQ                                       17   0    149   0    
3TBN INTRLEUKIN1A    8  of  10 21.73   212     1.55e-02  VHQSPPREKKPFMMSHKPPASKIE                                24   0    273   0    
3TBB
3TBN MCH1RECEPTOR    2  of  9  16.67   255     2.28e-02  YQLLKRERVKYCNQE                                         15   0    30    0    
3TBN MCH1RECEPTOR    8  of  9  25.00   210     2.66e-02  IEELKKKYGLEDKP######                                    20   0    295   0    
3TBB
3TBN PRORICH         4  of  5  37.04   174     7.41e-02  AFVPDNCPS                                               9    0    207   0    
3TBN PRORICH         5  of  5  35.83   156     1.06e-02  VHQSPPREKK                                              10   0    273   0    
3TBB
3TBN HMRNUCRECPTR    3  of  9  25.00   175     7.29e-02  YSSKVKPCPERTS                                           13   0    168   0    
3TBN HMRNUCRECPTR    5  of  9  25.00   210     2.28e-02  KPFMMSHKPPASKIEELKKK                                    20   0    282   0    
3TBB
3TBN KINESINLIGHT    1  of  6  13.89   194     6.39e-02  STTNKACVSDLWYKDQCL                                      18   0    150   0    
3TBN KINESINLIGHT    4  of  6  27.22   197     2.65e-02  HKPPASKIEELKKKYGLE                                      18   0    288   0    
3TBB
3TBN BKCHANNELA      1  of  8  19.05   187     7.95e-02  GLCYLHSVQGSWNLEKYRRYQ                                   21   0    11    0    
3TBN BKCHANNELA      6  of  8  26.67   200     5.13e-02  SPPREKKPFMMSHKP                                         15   0    276   0    
3TBB
3TBN SHALCHANNEL     5  of  9  23.53   190     9.52e-02  SCSERGNCSYCTSAGSC                                       17   0    118   0    
3TBN SHALCHANNEL     6  of  9  20.00   160     9.78e-02  DNCPSDSWYYKSCSHMELIV                                    20   0    211   0    
3TBB
3TBF
Sn; 15127
Si; Fasta sequence
1TBS
1TBN NO SIGNIFICANT RESULTS ABOVE 0.0001    
1TBF
2TBS
2TBT FingerPrint     No.Motifs SumId    AveId    ProfScore  Ppvalue     Evalue      GraphScan               
2TBN PRSTNOIDFPR     2  of  9  74.44    37.22    504        0.000121    3e+02       ..I....I.       
2TBN TSP1REPEAT      2  of  3  69.84    34.92    426        0.000904    2.9e+03     II.             
2TBN DNAGYRASEB      2  of  11 60.95    30.48    316        0.00136     3.3e+03     ..I....i...     
2TBN P2X4RECEPTOR    2  of  10 68.61    34.31    380        0.00243     1.2e+04     ..I.I.....      
2TBN CLCHANNELPLT    2  of  5  70.15    35.07    359        0.00267     1.1e+04     I.i..           
2TBN ADRENOMEDULN    2  of  8  57.20    28.60    364        0.00293     6.5e+03     i.....I.        
2TBN NAHEXCHNGR3     2  of  16 100.00   50.00    390        0.00313     1.6e+04     .I...I..........
2TBN LEXASERPTASE    2  of  3  53.66    26.83    283        0.00346     1.2e+04     I.i             
2TBN FNTYPEIII       2  of  4  54.37    27.18    240        0.00357     1e+04       .Ii.            
2TBN WNTPROTEIN      2  of  5  48.22    24.11    348        0.00646     2e+04       i...i           
2TBF
3TBS
3TBT MotifName       No.Mots   IdScore PfScore Pvalue    Sequence                                                Len  low  pos   high 
3TBN PRSTNOIDFPR     3  of  9  40.00   268     4.36e-03  IAYAQGNQLTRANFLL                                        16   0    43    0    
3TBN PRSTNOIDFPR     8  of  9  34.44   236     2.78e-02  GLEKYRLYCAGVRVLVLK                                      18   0    284   0    
3TBB
3TBN TSP1REPEAT      1  of  3  37.63   289     9.92e-03  LLPGNWAPWSPCST                                          14   0    57    0    
3TBN TSP1REPEAT      2  of  3  32.22   137     9.12e-02  GHMLRHRFCAAR                                            12   0    75    0    
3TBB
3TBN DNAGYRASEB      3  of  11 38.10   181     2.06e-02  LLNKTTSILLFDKY                                          14   0    409   0    
3TBN DNAGYRASEB      8  of  11 22.86   135     6.63e-02  GLVLVTKRKSPATYARALARS                                   21   0    571   0    
3TBB
3TBN P2X4RECEPTOR    3  of  10 31.11   190     3.14e-02  LLNKTTSIL                                               9    0    409   0    
3TBN P2X4RECEPTOR    5  of  10 37.50   190     7.74e-02  TEASGVNS                                                8    0    523   0    
3TBB
3TBN CLCHANNELPLT    1  of  5  46.91   200     4.58e-02  EYVGNDLFE                                               9    0    15    0    
3TBN CLCHANNELPLT    3  of  5  23.23   159     5.82e-02  YNTSSTAIVVS                                             11   0    234   0    
3TBB
3TBN ADRENOMEDULN    1  of  8  21.90   164     6.47e-02  SKIEIQLVAMGNYGPLKYSTT                                   21   0    435   0    
3TBN ADRENOMEDULN    7  of  8  35.29   200     4.53e-02  KSPATYARALARSVFHC                                       17   0    579   0    
3TBB
3TBN NAHEXCHNGR3     2  of  16 50.00   200     8.24e-02  LLNKTTSI                                                8    0    409   0    
3TBN NAHEXCHNGR3     6  of  16 50.00   190     3.80e-02  MAFLAGIV                                                8    0    605   0    
3TBB
3TBN LEXASERPTASE    1  of  3  31.47   153     4.32e-02  FFVKVRWKSQV                                             11   0    376   0    
3TBN LEXASERPTASE    3  of  3  22.19   130     8.00e-02  DNEFKV#######                                           13   0    761   0    
3TBB
3TBN FNTYPEIII       2  of  4  31.30   129     6.81e-02  SIEITGYQVTL                                             11   0    250   0    
3TBN FNTYPEIII       3  of  4  23.07   111     5.24e-02  YNASTTLVMVSGLEKYRLY                                     19   0    273   0    
3TBB
3TBN WNTPROTEIN      1  of  5  20.49   141     9.90e-02  ETTTCAHRVSCSGVK                                         15   0    105   0    
3TBN WNTPROTEIN      5  of  5  27.73   207     6.53e-02  DCLYVTTDEDAC                                            12   0    310   0    
3TBB
3TBF
Sn; 15128
Si; Fasta sequence
1TBS
1TBN NO SIGNIFICANT RESULTS ABOVE 0.0001    
1TBF
2TBS
2TBT FingerPrint     No.Motifs SumId    AveId    ProfScore  Ppvalue     Evalue      GraphScan               
2TBN HDA1SUBUNIT3    2  of  5  57.37    28.69    461        0.000291    6.5e+02     .Ii..           
2TBN AQUAPORIN8      2  of  10 68.36    34.18    390        0.000445    1.8e+03     ..I......I      
2TBN INHIBINA        2  of  8  60.23    30.11    441        0.000472    1e+03       ..I....i        
2TBN 5HT4RECEPTR     2  of  11 29.71    14.86    437        0.000979    1.7e+03     .....i....i     
2TBN LIMPII          2  of  9  54.26    27.13    399        0.00154     3e+03       ...i...i.       
2TBN OREXIN1R        2  of  4  50.35    25.17    375        0.00223     7.8e+03     i..i            
2TBN ADHRELATED      2  of  6  56.66    28.33    379        0.00445     1.1e+04     i....I          
2TBN XRODRMPGMNTD    2  of  9  40.41    20.21    334        0.00582     1.3e+04     .i...i...       
2TBF
3TBS
3TBT MotifName       No.Mots   IdScore PfScore Pvalue    Sequence                                                Len  low  pos   high 
3TBN HDA1SUBUNIT3    2  of  5  31.36   255     9.06e-03  IQKEILDKLGLPHPPNITSQ                                    20   0    41    0    
3TBN HDA1SUBUNIT3    3  of  5  26.01   206     3.21e-02  HAKTHKIILFPETAPKLI                                      18   0    92    0    
3TBB
3TBN AQUAPORIN8      3  of  10 32.00   200     2.11e-02  YVKREPNTGK                                              10   0    140   0    
3TBN AQUAPORIN8      10 of  10 36.36   190     2.11e-02  DLKNRIVLEEV                                             11   0    340   0    
3TBB
3TBN INHIBINA        3  of  8  31.25   191     2.94e-02  HGNSIAYQPFLEVHTKNR                                      18   0    228   0    
3TBN INHIBINA        8  of  8  28.98   250     1.61e-02  FDLKNRIVLEEVPAMIADTCGC                                  22   0    339   0    
3TBB
3TBN 5HT4RECEPTR     6  of  11 16.67   253     1.49e-02  ILVASKTINTNKNEAWYIFNIRSLV                               25   0    177   0    
3TBN 5HT4RECEPTR     11 of  11 13.04   184     6.59e-02  PAMIADTCGCL############                                 23   0    351   0    
3TBB
3TBN LIMPII          4  of  9  26.98   190     4.82e-02  NMQQIKEARLKVIQKEILDKL                                   21   0    29    0    
3TBN LIMPII          8  of  9  27.27   209     3.20e-02  IIAPKRFTAYYCTGECEDMVLP                                  22   0    284   0    
3TBB
3TBN OREXIN1R        1  of  4  23.08   220     5.45e-02  SLVKSWRKKPKMN                                           13   0    199   0    
3TBN OREXIN1R        4  of  4  27.27   155     4.09e-02  IVLEEVPAMIA                                             11   0    345   0    
3TBB
3TBN ADHRELATED      1  of  6  25.78   160     6.73e-02  KVIQKEILDKLGLPHP                                        16   0    39    0    
3TBN ADHRELATED      6  of  6  30.88   219     6.61e-02  SLMVDFVTLGWDWIIAP                                       17   0    271   0    
3TBB
3TBN XRODRMPGMNTD    2  of  9  17.86   163     9.94e-02  MQQIKEARLKVIQKEILDKL                                    20   0    30    0    
3TBN XRODRMPGMNTD    6  of  9  22.56   171     5.86e-02  LKTSINVFQRGFPVIDGAP                                     19   0    156   0    
3TBB
3TBF
Sn; 15129
Si; Fasta sequence
1TBS
1TBN NO SIGNIFICANT RESULTS ABOVE 0.0001    
1TBF
2TBS
2TBT FingerPrint     No.Motifs SumId    AveId    ProfScore  Ppvalue     Evalue      GraphScan               
2TBN ARGREPRESSOR    2  of  4  40.02    20.01    271        0.00144     4.1e+03     .ii.            
2TBN INHIBINBB       2  of  8  48.53    24.26    385        0.00207     4.7e+03     ..i..i..        
2TBN 5HT1BRECEPTR    2  of  5  67.12    33.56    373        0.00375     1.3e+04     iI...           
2TBN EAGCHANLFMLY    2  of  10 55.56    27.78    324        0.00427     1.9e+04     .......I.i      
2TBN P2Y5ORPHANR     2  of  6  64.49    32.24    380        0.00618     1.9e+04     ..I.i.          
2TBF
3TBS
3TBT MotifName       No.Mots   IdScore PfScore Pvalue    Sequence                                                Len  low  pos   high 
3TBN ARGREPRESSOR    2  of  4  19.89   136     2.95e-02  TYMSISQDLHRHRHIE                                        16   0    159   0    
3TBN ARGREPRESSOR    3  of  4  20.13   135     4.90e-02  NAYSRIVIEETSQG                                          14   0    208   0    
3TBB
3TBN INHIBINBB       3  of  8  25.00   195     5.63e-02  GPKGDRGEPGPKGSDCPGVN                                    20   0    70    0    
3TBN INHIBINBB       6  of  8  23.53   190     3.67e-02  DNIAVKGQVRVGFWVGN                                       17   0    178   0    
3TBB
3TBN 5HT1BRECEPTR    1  of  5  29.76   168     6.85e-02  TFNGAECSGPAT                                            12   0    143   0    
3TBN 5HT1BRECEPTR    2  of  5  37.36   205     5.48e-02  YCDNIAVKGQVRV                                           13   0    176   0    
3TBB
3TBN EAGCHANLFMLY    8  of  10 31.25   148     7.82e-02  YFGHKMGILS                                              10   0    5     0    
3TBN EAGCHANLFMLY    10 of  10 24.31   176     5.45e-02  IEGVTYMSI                                               9    0    155   0    
3TBB
3TBN P2Y5ORPHANR     3  of  6  36.36   215     7.72e-02  GVNRKQCTWRT                                             11   0    87    0    
3TBN P2Y5ORPHANR     5  of  6  28.12   165     8.00e-02  AVKGQVRVGFWVGNCV                                        16   0    181   0    
3TBB
3TBF
Sn; 15130
Si; Fasta sequence
1TBS
1TBN NO SIGNIFICANT RESULTS ABOVE 0.0001    
1TBF
2TBS
2TBT FingerPrint     No.Motifs SumId    AveId    ProfScore  Ppvalue     Evalue      GraphScan               
2TBN 5HT5ARECEPTR    2  of  5  49.24    24.62    408        6.61e-05    1.6e+02     .i.i.           
2TBN TRPCHANNEL4     2  of  6  65.13    32.56    428        0.000115    2.8e+02     i.I...          
2TBN HDA1SUBUNIT3    2  of  5  62.31    31.15    358        0.000233    5.6e+02     ...II           
2TBN MTABOTROPC5R    2  of  12 76.47    38.24    460        0.000241    6e+02       .II.........    
2TBN EDG6RECEPTOR    2  of  8  55.00    27.50    395        0.000494    9.5e+02     ......ii        
2TBN 5HT2BRECEPTR    2  of  8  46.61    23.30    382        0.000643    1.3e+03     ..i....i        
2TBN TROPOMYOSIN     2  of  5  52.20    26.10    379        0.0007      1.5e+03     iI...           
2TBN MUSCRINICM4R    2  of  5  42.56    21.28    295        0.00324     7.4e+03     .ii..           
2TBN RPERETINALR     2  of  7  75.28    37.64    390        0.00361     1.1e+04     .I.I...         
2TBN KIR22CHANNEL    2  of  12 77.78    38.89    360        0.00368     1.7e+04     ..I.I.......    
2TBF
3TBS
3TBT MotifName       No.Mots   IdScore PfScore Pvalue    Sequence                                                Len  low  pos   high 
3TBN 5HT5ARECEPTR    2  of  5  29.63   181     7.69e-03  NKELAMKNARTSGKWLRI                                      18   0    21    0    
3TBN 5HT5ARECEPTR    4  of  5  19.61   227     8.60e-03  GRRNSAPTPVRPGMNLK                                       17   0    252   0    
3TBB
3TBN TRPCHANNEL4     1  of  6  27.08   155     8.30e-02  QGEDYGSVQSEP                                            12   0    113   0    
3TBN TRPCHANNEL4     3  of  6  38.04   273     1.39e-03  SLQSLQRAQTTLHTRLQAIAQEQ                                 23   0    147   0    
3TBB
3TBN HDA1SUBUNIT3    4  of  5  31.34   199     3.73e-03  TANKELAMKNARTSGKWLR                                     19   0    19    0    
3TBN HDA1SUBUNIT3    5  of  5  30.97   159     6.25e-02  LRGRRNSAPTPVRPGM                                        16   0    250   0    
3TBB
3TBN MTABOTROPC5R    2  of  12 41.18   260     3.87e-03  RGSTLSFDNKRVARKPI                                       17   0    128   0    
3TBN MTABOTROPC5R    3  of  12 35.29   200     6.24e-02  RSFEKQRLRSCPDRPSD                                       17   0    224   0    
3TBB
3TBN EDG6RECEPTOR    7  of  8  30.00   170     8.32e-02  STEENNEKEEDTTSQLGPFD                                    20   0    172   0    
3TBN EDG6RECEPTOR    8  of  8  25.00   225     5.94e-03  LNEEEKSLGPKLRLPSMALPPIRS                                24   0    192   0    
3TBB
3TBN 5HT2BRECEPTR    3  of  8  26.32   186     5.54e-02  TSLETSNQLRESVMPRRMT                                     19   0    76    0    
3TBN 5HT2BRECEPTR    8  of  8  20.29   196     1.16e-02  RPGMNLKYSTMKKRS########                                 23   0    262   0    
3TBB
3TBN TROPOMYOSIN     1  of  5  21.36   189     2.37e-02  AQTTLHTRLQAIAQEQEH                                      18   0    154   0    
3TBN TROPOMYOSIN     2  of  5  30.84   190     2.96e-02  ALPPIRSQKLFEPRARSFEKQ                                   21   0    209   0    
3TBB
3TBN MUSCRINICM4R    2  of  5  18.75   143     3.74e-02  RRGSTLSFDNKRVARK                                        16   0    127   0    
3TBN MUSCRINICM4R    3  of  5  23.81   152     8.66e-02  KEEDTTSQLGPFDLNEEEKSL                                   21   0    179   0    
3TBB
3TBN RPERETINALR     2  of  7  34.38   205     3.90e-02  STLSFDNKRVARKPIH                                        16   0    130   0    
3TBN RPERETINALR     4  of  7  40.91   185     9.25e-02  CRYLRGRRNSA                                             11   0    247   0    
3TBB
3TBN KIR22CHANNEL    3  of  12 44.44   180     6.40e-02  ####MAEGR                                               9    0    -3    0    
3TBN KIR22CHANNEL    5  of  12 33.33   180     5.75e-02  VKEHKTSQG                                               9    0    106   0    
3TBB
3TBF
Sn; 15131
Si; Fasta sequence
1TBS
1TBN NO SIGNIFICANT RESULTS ABOVE 0.0001    
1TBF
2TBS
2TBT FingerPrint     No.Motifs SumId    AveId    ProfScore  Ppvalue     Evalue      GraphScan               
2TBN NEUROTENSIN     2  of  7  46.67    23.33    425        0.000499    9e+02       ..i..i.         
2TBN UBIQUITOUSSP    2  of  6  75.71    37.86    408        0.000564    1.4e+03     I.I...          
2TBN ANGIOMOTIN      2  of  7  57.29    28.65    390        0.000741    2e+03       ..I...i         
2TBN OMPTIN          2  of  9  51.07    25.54    344        0.000946    1.9e+03     i...i....       
2TBN T4LYSOZYME      2  of  7  49.44    24.72    353        0.00499     1.1e+04     i....i.         
2TBN INTERLEUKIN4    2  of  5  57.81    28.91    276        0.00537     1.9e+04     i...I           
2TBN KCNAB3CHANEL    2  of  4  46.39    23.19    326        0.00557     2e+04       i..i            
2TBF
3TBS
3TBT MotifName       No.Mots   IdScore PfScore Pvalue    Sequence                                                Len  low  pos   high 
3TBN NEUROTENSIN     3  of  7  26.67   209     3.01e-02  MWKRDYLNIYSSLQQDWSPLIQTYMVS                             27   0    73    0    
3TBN NEUROTENSIN     6  of  7  20.00   216     1.66e-02  PKKPDTVAKEIPLTSEQELG                                    20   0    155   0    
3TBB
3TBN UBIQUITOUSSP    1  of  6  35.71   223     6.89e-03  ENVEELCSNLEELELDGSAN                                    20   0    6     0    
3TBN UBIQUITOUSSP    3  of  6  40.00   185     8.19e-02  KLQEKAFNLIANAYT                                         15   0    103   0    
3TBB
3TBN ANGIOMOTIN      3  of  7  33.33   234     7.56e-03  ####MAAHVENVEEL                                         15   0    -3    0    
3TBN ANGIOMOTIN      7  of  7  23.96   156     9.80e-02  KPDTVAKEIPLTSEQE                                        16   0    157   0    
3TBB
3TBN OMPTIN          1  of  9  26.67   135     9.87e-02  LEELELDGSANAEVY                                         15   0    15    0    
3TBN OMPTIN          5  of  9  24.40   209     9.59e-03  IQTYMVSLKEKLQEKAFNLIANAYTYIK                            28   0    93    0    
3TBB
3TBN T4LYSOZYME      1  of  7  20.03   168     8.36e-02  LEELELDGSANAEVYTQLLA                                    20   0    15    0    
3TBN T4LYSOZYME      6  of  7  29.41   185     5.97e-02  DFVVYMGMTKESAIEVAKSR                                    20   0    123   0    
3TBB
3TBN INTERLEUKIN4    1  of  5  24.48   131     6.71e-02  VEELCSNLEELE                                            12   0    8     0    
3TBN INTERLEUKIN4    5  of  5  33.33   145     8.00e-02  MVSLKEKLQEKA                                            12   0    97    0    
3TBB
3TBN KCNAB3CHANEL    1  of  4  28.21   173     5.66e-02  KRIPEDVKASCPE                                           13   0    50    0    
3TBN KCNAB3CHANEL    4  of  4  18.18   153     9.85e-02  MTKESAIEVAK                                             11   0    130   0    
3TBB
3TBF
Sn; 15132
Si; Fasta sequence
1TBS
1TBN NO SIGNIFICANT RESULTS ABOVE 0.0001    
1TBF
2TBS
2TBT FingerPrint     No.Motifs SumId    AveId    ProfScore  Ppvalue     Evalue      GraphScan               
2TBN DENSEGRNULE6    2  of  8  73.20    36.60    540        3.81e-06    9.5         ...I...I        
2TBN OSTEOPONTIN     2  of  8  55.99    28.00    579        4.61e-06    9.5         ..ii....        
2TBN LIPOCALINIMR    2  of  7  36.74    18.37    351        3.49e-05    68          ...ii..         
2TBN A8IMIRACIDIA    2  of  4  58.70    29.35    491        9.77e-05    1.8e+02     Ii..            
2TBN NAALASMPORT     2  of  6  34.13    17.07    280        0.000208    4.2e+02     ...ii.          
2TBN GPCRSTE2        2  of  7  28.48    14.24    301        0.000453    8.1e+02     ....i.i         
2TBN NADHDHGNASE2    2  of  5  48.24    24.12    314        0.000499    1.6e+03     .i.i.           
2TBN EPMEMFAMILY     2  of  4  54.06    27.03    257        0.0015      7e+03       i.i.            
2TBN EDTRNSPORT      2  of  9  24.71    12.36    240        0.00188     3.8e+03     ii.......       
2TBN PHFRCTKINASE    2  of  9  53.97    26.98    249        0.00386     1.1e+04     ...I...i.       
2TBF
3TBS
3TBT MotifName       No.Mots   IdScore PfScore Pvalue    Sequence                                                Len  low  pos   high 
3TBN DENSEGRNULE6    4  of  8  33.33   256     4.40e-03  DDNDNDDDGDDDNDDGD                                       17   0    22    0    
3TBN DENSEGRNULE6    8  of  8  39.87   284     8.67e-04  IMHGDNDDGNDDNDGGG                                       17   0    109   0    
3TBB
3TBN OSTEOPONTIN     3  of  8  29.33   376     9.17e-05  DGDDNDNDDDGDDDNDDGDDNDDDDN                              26   0    20    0    
3TBN OSTEOPONTIN     4  of  8  26.67   203     5.03e-02  VDGDNDDNDNDTDGD                                         15   0    61    0    
3TBB
3TBN LIPOCALINIMR    4  of  7  15.91   204     8.56e-04  MMIAMIMRIMLAVVIMMLMIMH                                  22   0    90    0    
3TBN LIPOCALINIMR    5  of  7  20.83   147     4.07e-02  VIMIVVFSLTTVYCTISM###                                   21   0    140   0    
3TBB
3TBN A8IMIRACIDIA    1  of  4  30.08   310     1.41e-03  MMHGDKDNDNSDDDNDDGDDNDN                                 23   0    4     0    
3TBN A8IMIRACIDIA    2  of  4  28.62   181     6.91e-02  DDNDDGDDNDDDDNDDGNDTDCDD                                24   0    32    0    
3TBB
3TBN NAALASMPORT     4  of  6  17.11   121     6.47e-02  VMMIAMIMRIMLAVVIMML                                     19   0    89    0    
3TBN NAALASMPORT     5  of  6  17.03   159     3.21e-03  ASAVVIMIVVFSLTTVYCTISM#                                 23   0    136   0    
3TBB
3TBN GPCRSTE2        5  of  7  13.33   143     8.58e-03  MVIMVVMWMVIVMMIAMIMRIMLAV                               25   0    78    0    
3TBN GPCRSTE2        7  of  7  15.15   158     5.28e-02  FSLTTVYCTISM##########                                  22   0    146   0    
3TBB
3TBN NADHDHGNASE2    2  of  5  26.17   182     3.62e-02  VIMVVMWMVIVMMI                                          14   0    79    0    
3TBN NADHDHGNASE2    4  of  5  22.07   132     1.38e-02  VVIMIVVFSLTTV                                           13   0    139   0    
3TBB
3TBN EPMEMFAMILY     1  of  4  29.69   121     5.12e-02  VIMMLMIM                                                8    0    103   0    
3TBN EPMEMFAMILY     3  of  4  24.38   136     2.92e-02  IVVFSLTTVY                                              10   0    143   0    
3TBB
3TBN EDTRNSPORT      1  of  9  8.49    105     5.28e-02  IVMMIAMIMRIMLAVVIMMLM                                   21   0    88    0    
3TBN EDTRNSPORT      2  of  9  16.22   135     3.57e-02  DASAVVIMIVVFSLTTVYCTI                                   21   0    135   0    
3TBB
3TBN PHFRCTKINASE    4  of  9  31.48   135     6.39e-02  VMMHGDKDNDNSDDDNDD                                      18   0    3     0    
3TBN PHFRCTKINASE    8  of  9  22.49   114     6.04e-02  GDRMMVIMVVMWM                                           13   0    74    0    
3TBB
3TBF
Sn; 15133
Si; Fasta sequence
1TBS
1TBN NO SIGNIFICANT RESULTS ABOVE 0.0001    
1TBF
2TBS
2TBT FingerPrint     No.Motifs SumId    AveId    ProfScore  Ppvalue     Evalue      GraphScan               
2TBN BNATPEPTIDE     2  of  5  57.21    28.61    336        6.49e-05    1.8e+02     .Ii..           
2TBN 56KDTSANTIGN    2  of  9  53.56    26.78    389        0.000288    7.1e+02     ....i.i..       
2TBN VINCULIN        2  of  7  50.18    25.09    337        0.000788    1.8e+03     ...i..i         
2TBN GAMMATUBULIN    2  of  8  43.80    21.90    324        0.00117     2.7e+03     ii......        
2TBN TROPOMYOSIN     2  of  5  30.77    15.38    341        0.00118     1.9e+03     ..ii.           
2TBN FSHRECEPTOR     2  of  10 47.50    23.75    340        0.00185     5.2e+03     ...I.i....      
2TBN MACSCAVRCPTR    2  of  8  33.65    16.82    355        0.00278     5.6e+03     .....ii.        
2TBN THYROIDHORMR    2  of  9  46.87    23.43    325        0.00332     6.8e+03     ...i..i..       
2TBN JOSEPHIN        2  of  11 48.91    24.46    336        0.00341     6.2e+03     ........i.i     
2TBN FMOXYGENASE2    2  of  9  62.22    31.11    306        0.00355     1.2e+04     ...I..i..       
2TBF
3TBS
3TBT MotifName       No.Mots   IdScore PfScore Pvalue    Sequence                                                Len  low  pos   high 
3TBN BNATPEPTIDE     2  of  5  37.66   136     3.97e-02  PLGSREELQLL                                             11   0    44    0    
3TBN BNATPEPTIDE     3  of  5  19.55   200     1.63e-03  QQEIINNDNDELEKMREEK                                     19   0    61    0    
3TBB
3TBN 56KDTSANTIGN    5  of  9  28.91   203     1.03e-02  REKLAKIRADKEKLAK                                        16   0    17    0    
3TBN 56KDTSANTIGN    7  of  9  24.65   186     2.79e-02  LSETSDLYLHPGVKPAIA                                      18   0    122   0    
3TBB
3TBN VINCULIN        4  of  7  29.46   163     2.41e-02  EKLAKIRADKEKLAKI                                        16   0    18    0    
3TBN VINCULIN        7  of  7  20.71   174     3.27e-02  MIEHIENLKQTMDEREDEYM                                    20   0    82    0    
3TBB
3TBN GAMMATUBULIN    1  of  8  24.85   166     1.88e-02  IESDGWREKLAKIRADKEKLA                                   21   0    11    0    
3TBN GAMMATUBULIN    2  of  8  18.95   158     6.24e-02  DEYMKQVQALTDSNDR                                        16   0    98    0    
3TBB
3TBN TROPOMYOSIN     3  of  5  9.21    164     4.80e-02  SQMIEHIENLKQTMDEREDEYMKQVQALT                           29   0    80    0    
3TBN TROPOMYOSIN     4  of  5  21.56   177     2.45e-02  DREKQDYKQRLSETSDLYLHPGVK                                24   0    112   0    
3TBB
3TBN FSHRECEPTOR     4  of  10 32.50   177     2.59e-02  GFFEGMRSIESD                                            12   0    3     0    
3TBN FSHRECEPTOR     6  of  10 15.00   163     7.13e-02  QMIEHIENLKQTMDERED                                      18   0    81    0    
3TBB
3TBN MACSCAVRCPTR    6  of  8  16.00   180     4.06e-02  KEKLAKIQADKEKLTSTPLGSREEL                               25   0    27    0    
3TBN MACSCAVRCPTR    7  of  8  17.65   175     6.85e-02  NAEEAKQQEIINNDNDE                                       17   0    55    0    
3TBB
3TBN THYROIDHORMR    4  of  9  24.14   176     3.85e-02  EELQLLNAEEAKQQEIINN                                     19   0    49    0    
3TBN THYROIDHORMR    7  of  9  22.73   149     8.62e-02  LHPGVKPAIAFVMLFS######                                  22   0    130   0    
3TBB
3TBN JOSEPHIN        9  of  11 21.74   173     6.15e-02  LNAEEAKQQEIINNDNDELEKMR                                 23   0    54    0    
3TBN JOSEPHIN        11 of  11 27.17   163     5.54e-02  ETSDLYLHPGVKPAIAFVMLFS#                                 23   0    124   0    
3TBB
3TBN FMOXYGENASE2    4  of  9  33.33   146     9.15e-02  LAKIQADKEKL                                             11   0    30    0    
3TBN FMOXYGENASE2    7  of  9  28.89   160     3.88e-02  LHPGVKPAIAFVMLF                                         15   0    130   0    
3TBB
3TBF
Sn; 15134
Si; Fasta sequence
1TBS
1TBN NO SIGNIFICANT RESULTS ABOVE 0.0001    
1TBF
2TBS
2TBT FingerPrint     No.Motifs SumId    AveId    ProfScore  Ppvalue     Evalue      GraphScan               
2TBN MCH1RECEPTOR    2  of  9  62.75    31.38    430        0.00027     6e+02       I..i.....       
2TBN PRICHEXTENSN    2  of  8  57.01    28.50    416        0.000602    1.6e+03     i....i..        
2TBN CAMPKINASE      2  of  5  63.22    31.61    358        0.000615    2.1e+03     .iI..           
2TBN LYMPHSPCIFIC    2  of  10 63.04    31.52    378        0.00127     2.6e+03     ...i...I..      
2TBN HADHALOGNASE    2  of  7  45.17    22.58    253        0.00241     6.5e+03     .i..i..         
2TBN ADENOVSFIBRE    2  of  7  54.16    27.08    294        0.00342     1.2e+04     .I..i..         
2TBN UROTENSIN2R     2  of  9  56.70    28.35    315        0.00528     1.5e+04     .i..i....       
2TBN PRORICH         2  of  5  54.17    27.08    263        0.00661     2.8e+04     .I..i           
2TBF
3TBS
3TBT MotifName       No.Mots   IdScore PfScore Pvalue    Sequence                                                Len  low  pos   high 
3TBN MCH1RECEPTOR    1  of  9  36.67   225     1.18e-02  PSYPPMVSSVSNSEE                                         15   0    116   0    
3TBN MCH1RECEPTOR    4  of  9  26.09   205     2.29e-02  AVHTTERYNLRERVLRKLTLWLL                                 23   0    237   0    
3TBB
3TBN PRICHEXTENSN    1  of  8  29.23   184     5.73e-02  VEPSSCPAAKNEP                                           13   0    36    0    
3TBN PRICHEXTENSN    6  of  8  27.78   232     1.05e-02  KPPNPSYPPMVSSVSNSE                                      18   0    112   0    
3TBB
3TBN CAMPKINASE      2  of  5  27.56   168     4.07e-02  KFYCPEEGCIKAYSC                                         15   0    60    0    
3TBN CAMPKINASE      3  of  5  35.67   190     1.51e-02  SYFSRLAAMK                                              10   0    207   0    
3TBB
3TBN LYMPHSPCIFIC    4  of  10 28.95   170     5.43e-02  KVTSGILKKIIVEPSSCPA                                     19   0    25    0    
3TBN LYMPHSPCIFIC    8  of  10 34.09   208     2.34e-02  VSNSEEVHVPDLVTGWALKKSK                                  22   0    125   0    
3TBB
3TBN HADHALOGNASE    2  of  7  22.62   104     9.88e-02  ESQYDQIRRKWAQK                                          14   0    94    0    
3TBN HADHALOGNASE    5  of  7  22.55   149     2.43e-02  FSRLAAMKKLGQLPPAP                                       17   0    209   0    
3TBB
3TBN ADENOVSFIBRE    2  of  7  30.11   141     3.58e-02  TRPFLEPKVTSGI                                           13   0    18    0    
3TBN ADENOVSFIBRE    5  of  7  24.05   153     9.54e-02  TLWLL#######                                            12   0    255   0    
3TBB
3TBN UROTENSIN2R     2  of  9  28.12   150     5.30e-02  VEPSSCPAAKNEPNVP                                        16   0    36    0    
3TBN UROTENSIN2R     5  of  9  28.57   165     9.97e-02  PAETSTRMRSMRDS                                          14   0    175   0    
3TBB
3TBN PRORICH         2  of  5  34.58   145     9.19e-02  CTSLKPPNPS                                              10   0    108   0    
3TBN PRORICH         5  of  5  19.58   118     7.20e-02  LPPAPLTEEE                                              10   0    221   0    
3TBB
3TBF
Sn; 15135
Si; Fasta sequence
1TBS
1TBH HSFDOMAIN       1.5e-06        Heat shock factor (HSF) domain signature                                 PR00056         
1TBF
2TBS
2TBT FingerPrint     No.Motifs SumId    AveId    ProfScore  Ppvalue     Evalue      GraphScan               
2TBH HSFDOMAIN       2  of  3  107.77   53.88    917        6.55e-13    1.5e-06     i.I             
2TBN TUBBYPROTEIN    2  of  9  56.51    28.25    420        0.000101    1.6e+02     ....i...I       
2TBN RAD23PROTEIN    2  of  4  47.79    23.89    352        0.000335    7.3e+02     i..i            
2TBN BDNFACTOR       2  of  5  63.90    31.95    429        0.000395    1.2e+03     II...           
2TBN HEMAGGLUTN1     2  of  8  44.40    22.20    373        0.00135     3e+03       .....ii.        
2TBN KCHANNEL        2  of  8  57.21    28.60    324        0.00167     3e+03       I......i        
2TBN KIR13CHANNEL    2  of  8  71.36    35.68    404        0.00222     6e+03       ...I...I        
2TBN MELANOCORTIN    2  of  5  64.94    32.47    439        0.00306     1e+04       I...i           
2TBN CYSLT1RECPTR    2  of  6  48.78    24.39    338        0.00355     8.8e+03     ..i..i          
2TBN CGMPKINASE      2  of  6  62.73    31.36    319        0.00424     1.8e+04     .I..i.          
2TBF
3TBS
3TBT MotifName       No.Mots   IdScore PfScore Pvalue    Sequence                                                Len  low  pos   high 
3TBH HSFDOMAIN       1  of  3  29.52   342     4.69e-05  FISILKALLHDERFHRAIKWSENG                                24   0    19    0    
3TBH HSFDOMAIN       3  of  3  78.24   575     1.40e-08  FVRQLNLYGFKKV                                           13   0    73    0    
3TBB
3TBN TUBBYPROTEIN    5  of  9  25.64   197     1.02e-02  KKKRPENIVNGKQRTTKRACSVQGGT                              26   0    123   0    
3TBN TUBBYPROTEIN    9  of  9  30.86   223     9.90e-03  SLRNAAPYLSSAMPISTVTSYEQAPCP                             27   0    239   0    
3TBB
3TBN RAD23PROTEIN    1  of  4  21.94   193     7.20e-03  EHQHFRREHPELMHLVQRNCNSR                                 23   0    100   0    
3TBN RAD23PROTEIN    4  of  4  25.85   159     4.66e-02  QEEQMAVQLLLSLRNA                                        16   0    228   0    
3TBB
3TBN BDNFACTOR       1  of  5  33.72   192     4.93e-02  VKYFSDEYAGPDE                                           13   0    156   0    
3TBN BDNFACTOR       2  of  5  30.19   237     8.03e-03  EQADVQEYMLKKLQEE                                        16   0    215   0    
3TBB
3TBN HEMAGGLUTN1     6  of  8  22.93   173     5.06e-02  SERSTPTKEVTFNSSGSIYEP                                   21   0    188   0    
3TBN HEMAGGLUTN1     7  of  8  21.46   200     2.67e-02  PISTVTSYEQAPCPYFY                                       17   0    252   0    
3TBB
3TBN KCHANNEL        1  of  8  34.95   183     2.18e-02  EMFKTRNFTSFVRQLNLYGF                                    20   0    63    0    
3TBN KCHANNEL        8  of  8  22.26   141     7.64e-02  VQLLLSLRNAAPYLSSAMPISTVTSYE                             27   0    234   0    
3TBB
3TBN KIR13CHANNEL    4  of  8  36.36   187     9.39e-02  FHRAIKWSENG                                             11   0    32    0    
3TBN KIR13CHANNEL    8  of  8  35.00   217     2.36e-02  EQADVQEYMLKKLQEEQMAV                                    20   0    215   0    
3TBB
3TBN MELANOCORTIN    1  of  5  36.36   230     7.27e-02  FEHQHFRREHP                                             11   0    99    0    
3TBN MELANOCORTIN    5  of  5  28.57   209     4.21e-02  YAGPDEDKSYSSDS                                          14   0    163   0    
3TBB
3TBN CYSLT1RECPTR    3  of  6  26.56   167     5.05e-02  MHLVQRNCNSRKKKRP                                        16   0    112   0    
3TBN CYSLT1RECPTR    6  of  6  22.22   171     7.02e-02  NSSGSIYEPTEEEALEQA                                      18   0    200   0    
3TBB
3TBN CGMPKINASE      2  of  6  33.64   144     5.72e-02  VNGKQRTTKR                                              10   0    131   0    
3TBN CGMPKINASE      5  of  6  29.09   175     7.41e-02  SSCISSERST                                              10   0    183   0    
3TBB
3TBF
Sn; 15136
Si; Fasta sequence
1TBS
1TBN NO SIGNIFICANT RESULTS ABOVE 0.0001    
1TBF
2TBS
2TBT FingerPrint     No.Motifs SumId    AveId    ProfScore  Ppvalue     Evalue      GraphScan               
2TBF
3TBS
3TBT MotifName       No.Mots   IdScore PfScore Pvalue    Sequence                                                Len  low  pos   high 
3TBF
Sn; 15137
Si; Fasta sequence
1TBS
1TBN NO SIGNIFICANT RESULTS ABOVE 0.0001    
1TBF
2TBS
2TBT FingerPrint     No.Motifs SumId    AveId    ProfScore  Ppvalue     Evalue      GraphScan               
2TBN CABNDNGRPT      2  of  4  93.44    46.72    386        9.38e-06    42          ..II            
2TBN SALSPVAPROT     2  of  7  48.04    24.02    404        0.000435    9.2e+02     .ii....         
2TBN CANCERSCCP1     2  of  9  40.50    20.25    368        0.00113     2.4e+03     .....i.i.       
2TBF
3TBS
3TBT MotifName       No.Mots   IdScore PfScore Pvalue    Sequence                                                Len  low  pos   high 
3TBN CABNDNGRPT      3  of  4  46.61   185     4.66e-03  GGTGMDRRV                                               9    0    16    0    
3TBN CABNDNGRPT      4  of  4  46.83   201     2.01e-03  GGTGLDWWVS                                              10   0    74    0    
3TBB
3TBN SALSPVAPROT     2  of  7  21.05   180     9.10e-02  ##########MPGPEGVKR                                     19   0    -9    0    
3TBN SALSPVAPROT     3  of  7  26.98   224     4.78e-03  HPEGQACLQHAWTGGCQAQSR                                   21   0    32    0    
3TBB
3TBN CANCERSCCP1     6  of  9  23.50   168     8.14e-02  FVPGGTGMDRRVSSTTQGWH                                    20   0    13    0    
3TBN CANCERSCCP1     8  of  9  17.00   200     1.38e-02  WVSNTTASFARRRTGMSVLC                                    20   0    81    0    
3TBB
3TBF
Sn; 15138
Si; Fasta sequence
1TBS
1TBN NO SIGNIFICANT RESULTS ABOVE 0.0001    
1TBF
2TBS
2TBT FingerPrint     No.Motifs SumId    AveId    ProfScore  Ppvalue     Evalue      GraphScan               
2TBN SOPEPROTEIN     2  of  9  57.57    28.78    388        0.000862    2.1e+03     ...I..i..       
2TBN RECA            2  of  6  26.48    13.24    323        0.00109     1.5e+03     ..i.i.          
2TBN HTHFIS          2  of  2  35.18    17.59    171        0.00241     5.2e+03     ii              
2TBN DNAPOLI         2  of  9  40.13    20.07    285        0.00433     8.5e+03     ....i..i.       
2TBN XHISDIPTASE     2  of  9  46.96    23.48    293        0.00489     1.1e+04     ......ii.       
2TBF
3TBS
3TBT MotifName       No.Mots   IdScore PfScore Pvalue    Sequence                                                Len  low  pos   high 
3TBN SOPEPROTEIN     4  of  9  31.25   218     1.39e-02  FNDGRVKSGMHVVSFK                                        16   0    88    0    
3TBN SOPEPROTEIN     7  of  9  26.32   170     6.19e-02  DGWIKNNPVSNGGMSWDQW                                     19   0    180   0    
3TBB
3TBN RECA            3  of  6  17.50   146     4.95e-02  LKKALVDDSLRQIYENVSAVAKAYEFYESC                          30   0    209   0    
3TBN RECA            5  of  6  8.98    177     2.20e-02  ISVARYRLGPRIKK################                          30   0    286   0    
3TBB
3TBN HTHFIS          1  of  2  20.92   87      2.69e-02  ALVDDSLRQIYENVSAVA                                      18   0    212   0    
3TBN HTHFIS          2  of  2  14.26   84      8.95e-02  LIRISVARYRLGPRIKK####                                   21   0    283   0    
3TBB
3TBN DNAPOLI         5  of  9  22.49   141     5.55e-02  RQLQAEHNKGVCWDSSCIEIASELMK                              26   0    137   0    
3TBN DNAPOLI         8  of  9  17.65   144     7.80e-02  NNDLKNSSLNIITIQQT                                       17   0    257   0    
3TBB
3TBN XHISDIPTASE     7  of  9  17.54   150     5.03e-02  LKKALVDDSLRQIYENVSA                                     19   0    209   0    
3TBN XHISDIPTASE     8  of  9  29.41   143     9.72e-02  IQQTFEFGLFHNQLIRI                                       17   0    270   0    
3TBB
3TBF
Sn; 15139
Si; Fasta sequence
1TBS
1TBH GPCRRHODOPSN    3.5e-29        Rhodopsin-like GPCR superfamily signature                                PR00237         
1TBH NRPEPTIDEYR     2.9e-05        Neuropeptide Y receptor signature                                        PR01012         
1TBF
2TBS
2TBT FingerPrint     No.Motifs SumId    AveId    ProfScore  Ppvalue     Evalue      GraphScan               
2TBH GPCRRHODOPSN    7  of  7  164.33   23.48    1710       6.95e-35    3.5e-29     iiiiiii         
2TBH NRPEPTIDEYR     4  of  5  121.14   30.28    863        1.83e-11    2.9e-05     i.iII           
2TBN GCR1CAMPR       2  of  5  51.34    25.67    364        6.79e-07    1.6         iI...           
2TBN MCHRECEPTOR     2  of  7  65.71    32.86    522        4.83e-06    17          .i.I...         
2TBN LYMPHOTACTNR    2  of  8  59.42    29.71    545        1.07e-05    36          .I....i.        
2TBN PEROPSIN        2  of  11 81.25    40.62    500        2.1e-05     63          .II........     
2TBN EAGCHANLFMLY    2  of  10 96.42    48.21    427        0.0001      4.4e+02     .......I.I      
2TBN GP91PHOX        2  of  6  59.06    29.53    485        0.000109    2.5e+02     I...i.          
2TBN UDPGLUCOSER     2  of  7  63.03    31.52    448        0.000137    3.5e+02     ..I.i..         
2TBN ANPHYLATOXNR    2  of  5  55.33    27.67    357        0.000152    5.1e+02     .i..i           
2TBF
3TBS
3TBT MotifName       No.Mots   IdScore PfScore Pvalue    Sequence                                                Len  low  pos   high 
3TBH GPCRRHODOPSN    1  of  7  23.87   220     1.28e-06  LESLVCGFLILVAFFGNMIVLWIIY                               25   0    24    0    
3TBH GPCRRHODOPSN    2  of  7  27.71   256     5.12e-07  PNLFVFSLALSDVIMSGFCAPM                                  22   0    57    0    
3TBH GPCRRHODOPSN    3  of  7  19.11   188     2.06e-04  ISILARVSLQTMALVAVNRFFLI                                 23   0    102   0    
3TBH GPCRRHODOPSN    4  of  7  21.11   153     3.01e-02  YTKAMIMGAWILSGTEPLPYLT                                  22   0    138   0    
3TBH GPCRRHODOPSN    5  of  7  18.35   173     5.86e-04  VLIVGYIYVGLPMPVLAWCYFKVF                                24   0    182   0    
3TBH GPCRRHODOPSN    6  of  7  24.48   304     2.39e-05  VTWTLFLTVCALIFCWIPISVVDLV                               25   0    239   0    
3TBH GPCRRHODOPSN    7  of  7  29.70   416     1.22e-09  YMMYLFLGQLSTAVNPMIYGVMNKSFR                             27   0    278   0    
3TBB
3TBH NRPEPTIDEYR     1  of  5  23.78   239     3.22e-04  RYRNLRTIPNLFV                                           13   0    49    0    
3TBH NRPEPTIDEYR     3  of  5  25.28   146     2.59e-02  ISILARVSLQTMALVA                                        16   0    102   0    
3TBH NRPEPTIDEYR     4  of  5  38.64   192     8.29e-03  FLGQLSTAVN                                              10   0    283   0    
3TBH NRPEPTIDEYR     5  of  5  33.44   286     2.65e-04  MIYGVMNKSFRGAY                                          14   0    294   0    
3TBB
3TBN GCR1CAMPR       1  of  5  21.25   197     3.94e-04  AFFGNMIVLWIIYRYRNLR                                     19   0    36    0    
3TBN GCR1CAMPR       2  of  5  30.09   167     1.72e-03  TIPNLFVFSLALSDVI                                        16   0    55    0    
3TBB
3TBN MCHRECEPTOR     2  of  7  30.00   270     1.56e-03  TIPNLFVFSL                                              10   0    55    0    
3TBN MCHRECEPTOR     4  of  7  35.71   252     3.10e-03  FGDVLCTIQGFLIS                                          14   0    90    0    
3TBB
3TBN LYMPHOTACTNR    2  of  8  32.14   345     2.75e-04  YRYRNLRTIPNLFV                                          14   0    48    0    
3TBN LYMPHOTACTNR    7  of  8  27.27   200     3.88e-02  LRQHTRRLHQS                                             11   0    208   0    
3TBB
3TBN PEROPSIN        2  of  11 50.00   290     1.08e-03  VLWIIYRYRNLR                                            12   0    43    0    
3TBN PEROPSIN        3  of  11 31.25   210     1.95e-02  SDVIMSGFCAPMCLAA                                        16   0    67    0    
3TBB
3TBN EAGCHANLFMLY    8  of  10 54.06   256     1.13e-03  IFGDVLCTIQ                                              10   0    89    0    
3TBN EAGCHANLFMLY    10 of  10 42.36   171     8.87e-02  VCALIFCWI                                               9    0    247   0    
3TBB
3TBN GP91PHOX        1  of  6  36.84   325     1.48e-03  VLWIIYRYRNLRTIPNLFV                                     19   0    43    0    
3TBN GP91PHOX        5  of  6  22.22   160     7.36e-02  VTGAGSTQAPC#######                                      18   0    323   0    
3TBB
3TBN UDPGLUCOSER     3  of  7  36.84   264     2.00e-03  FLIVKPSLYRKIYKPCYTK                                     19   0    122   0    
3TBN UDPGLUCOSER     5  of  7  26.19   184     6.83e-02  TRRLHQSQSSSFQS                                          14   0    212   0    
3TBB
3TBN ANPHYLATOXNR    2  of  5  26.00   152     6.57e-02  VKPSLYRKIY                                              10   0    125   0    
3TBN ANPHYLATOXNR    5  of  5  29.33   205     2.32e-03  YGVMNKSFRGAYRKI                                         15   0    296   0    
3TBB
3TBF
Sn; 15140
Si; Fasta sequence
1TBS
1TBN NO SIGNIFICANT RESULTS ABOVE 0.0001    
1TBF
2TBS
2TBT FingerPrint     No.Motifs SumId    AveId    ProfScore  Ppvalue     Evalue      GraphScan               
2TBN URIDINKINASE    2  of  6  58.73    29.37    317        0.00184     6e+03       ....Ii          
2TBN INSADHFAMILY    2  of  8  51.43    25.72    281        0.00362     9.9e+03     i....i..        
2TBN VCAM1           2  of  6  62.74    31.37    338        0.00415     1.5e+04     ..i.I.          
2TBN MRGPCRF         2  of  11 61.11    30.56    361        0.0044      1.5e+04     ..i.I......     
2TBF
3TBS
3TBT MotifName       No.Mots   IdScore PfScore Pvalue    Sequence                                                Len  low  pos   high 
3TBN URIDINKINASE    5  of  6  33.33   143     9.97e-02  RGYFLVSARNQF                                            12   0    231   0    
3TBN URIDINKINASE    6  of  6  25.40   174     1.84e-02  LLDETKMQDDLSMP                                          14   0    254   0    
3TBB
3TBN INSADHFAMILY    1  of  8  26.58   152     4.67e-02  KRAVYCVCTGGA                                            12   0    133   0    
3TBN INSADHFAMILY    6  of  8  24.85   129     7.76e-02  RKSCEKAKCLLYENSISDS                                     19   0    278   0    
3TBB
3TBN VCAM1           3  of  6  26.37   178     6.09e-02  ESKARLVRCITNG                                           13   0    22    0    
3TBN VCAM1           5  of  6  36.36   160     6.81e-02  CGPSTLAIILN                                             11   0    55    0    
3TBB
3TBN MRGPCRF         3  of  11 25.00   190     6.84e-02  ELVKKDGITLDE                                            12   0    94    0    
3TBN MRGPCRF         5  of  11 36.11   171     6.44e-02  NPSTFIGISYDR                                            12   0    161   0    
3TBB
3TBF
Sn; 15141
Si; Fasta sequence
1TBS
1TBN NO SIGNIFICANT RESULTS ABOVE 0.0001    
1TBF
2TBS
2TBT FingerPrint     No.Motifs SumId    AveId    ProfScore  Ppvalue     Evalue      GraphScan               
2TBN TUBBYPROTEIN    2  of  9  56.70    28.35    550        6.02e-05    96          ..I.....i       
2TBN DOPAMINED3R     2  of  7  57.81    28.90    562        7.48e-05    1.5e+02     .I...i.         
2TBN DOPAMINED1AR    2  of  7  49.67    24.84    447        0.000701    1.7e+03     i.....i         
2TBN MARCKS          2  of  4  56.48    28.24    417        0.00162     4.1e+03     .i.I            
2TBN KIR31CHANNEL    2  of  12 66.67    33.33    444        0.00194     4.2e+03     I........I..    
2TBN HISTAMINEH2R    2  of  7  60.99    30.50    512        0.00225     5.3e+03     ..i...I         
2TBN CHYMOTRYPSIN    2  of  3  68.74    34.37    388        0.00261     7.6e+03     i.I             
2TBN RNADNAPOLMS     2  of  9  86.03    43.02    364        0.00321     1.2e+04     ..i.....I       
2TBN PACAPRECEPTR    2  of  10 47.73    23.86    451        0.00321     6.2e+03     I........i      
2TBN EAGCHANNEL      2  of  12 98.18    49.09    411        0.00353     1.4e+04     I..I........    
2TBF
3TBS
3TBT MotifName       No.Mots   IdScore PfScore Pvalue    Sequence                                                Len  low  pos   high 
3TBN TUBBYPROTEIN    3  of  9  30.77   340     8.89e-04  VVEVVNAAGRPRRRRSIPLDDTMKIK                              26   0    1276  0    
3TBN TUBBYPROTEIN    9  of  9  25.93   210     6.78e-02  AKLLVTQSPKDANETVPFGAAAKAPNS                             27   0    1431  0    
3TBB
3TBN DOPAMINED3R     2  of  7  34.00   342     2.12e-03  VHIGYNDGYPGCARVANFLS                                    20   0    761   0    
3TBN DOPAMINED3R     6  of  7  23.81   220     3.53e-02  TKCGKRSVAIMTNPLSPDAMH                                   21   0    916   0    
3TBB
3TBN DOPAMINED1AR    1  of  7  27.45   223     9.68e-03  GDSNGGLVNRDVKLQVI                                       17   0    296   0    
3TBN DOPAMINED1AR    7  of  7  22.22   224     7.24e-02  LSHNLAVFSVSPATFNGR                                      18   0    681   0    
3TBB
3TBN MARCKS          2  of  4  22.22   222     8.25e-02  GYSTISGNDPSHCTIGGVVGP                                   21   0    33    0    
3TBN MARCKS          4  of  4  34.26   195     1.96e-02  KPTPPPPPEKRP                                            12   0    321   0    
3TBB
3TBN KIR31CHANNEL    1  of  12 33.33   194     8.77e-02  RGPRTKGGGHIGFVLSTFSSGPGL                                24   0    862   0    
3TBN KIR31CHANNEL    10 of  12 33.33   250     2.21e-02  IPYKPEERYDEKSTS                                         15   0    1312  0    
3TBB
3TBN HISTAMINEH2R    3  of  7  29.41   262     3.84e-02  WASMRLTHKNGWMATVI                                       17   0    195   0    
3TBN HISTAMINEH2R    7  of  7  31.58   250     5.85e-02  PEKRPLQYLKWSDPESWYG                                     19   0    328   0    
3TBB
3TBN CHYMOTRYPSIN    1  of  3  29.11   209     2.70e-02  GGSIVATNENLSPHQC                                        16   0    127   0    
3TBN CHYMOTRYPSIN    3  of  3  39.62   179     9.65e-02  TYIVTGDSNGGLV                                           13   0    291   0    
3TBB
3TBN RNADNAPOLMS     3  of  9  28.89   169     9.35e-02  GFAGGSIVATNENLS                                         15   0    124   0    
3TBN RNADNAPOLMS     9  of  9  57.14   195     3.43e-02  TTGKTVN                                                 7    0    259   0    
3TBB
3TBN PACAPRECEPTR    1  of  10 31.82   256     4.04e-02  PSSRVMVEDCILADNKAGVLIN                                  22   0    792   0    
3TBN PACAPRECEPTR    10 of  10 15.91   195     7.94e-02  VEVVNAAGRPRRRRSIPLDDTM                                  22   0    1277  0    
3TBB
3TBN EAGCHANNEL      1  of  12 59.72   219     8.78e-02  DNIVHRSL                                                8    0    661   0    
3TBN EAGCHANNEL      4  of  12 38.46   192     4.02e-02  KFVKLDRILIIGT                                           13   0    827   0    
3TBB
3TBF
