#                                                                                            --- full sequence --- -------------- this domain -------------   hmm coord   ali coord   env coord
# target name                        accession   tlen query name           accession   qlen   E-value  score  bias   #  of  c-Evalue  i-Evalue  score  bias  from    to  from    to  from    to  acc description of target
#                ------------------- ---------- ----- -------------------- ---------- ----- --------- ------ ----- --- --- --------- --------- ------ ----- ----- ----- ----- ----- ----- ----- ---- ---------------------
evm.utg1337.4                        -           1219 119591at33208        -            998         0 1501.0  20.3   1   3         0         0 1258.5   8.4     1   783    33   900    33   902 0.93 -
evm.utg1337.4                        -           1219 119591at33208        -            998         0 1501.0  20.3   2   3   5.3e-55     1e-52  180.8   0.3   781   925   921  1088   912  1100 0.86 -
evm.utg1337.4                        -           1219 119591at33208        -            998         0 1501.0  20.3   3   3   2.8e-21   5.3e-19   69.2   0.3   940   998  1152  1212  1108  1212 0.80 -
evm.utg4972.25                       -           1127 119591at33208        -            998         0 1386.8  18.9   1   3  3.2e-305    6e-303 1009.1   4.0     1   614     7   663     7   665 0.93 -
evm.utg4972.25                       -           1127 119591at33208        -            998         0 1386.8  18.9   2   3   4.5e-62   8.6e-60  204.2   1.9   618   783   729   912   717   914 0.88 -
evm.utg4972.25                       -           1127 119591at33208        -            998         0 1386.8  18.9   3   3   1.9e-55   3.7e-53  182.3   0.2   781   926   933  1101   924  1119 0.86 -
evm.utg1337.4.1.5c22ea39             -            981 119591at33208        -            998         0 1282.4  14.1   1   2         0         0 1259.5   8.4     1   783    33   900    33   902 0.93 -
evm.utg1337.4.1.5c22ea39             -            981 119591at33208        -            998         0 1282.4  14.1   2   2   2.8e-08   5.3e-06   26.2   0.3   781   815   921   959   912   972 0.84 -
evm.utg3158.36                       -           1666 119591at33208        -            998   2.5e-29  103.4  22.9   1   8   0.00026      0.05   13.0   0.0    42   155   919  1035   910  1035 0.75 -
evm.utg3158.36                       -           1666 119591at33208        -            998   2.5e-29  103.4  22.9   2   8   5.4e-07    0.0001   21.9   0.0    14   103   973  1064   961  1072 0.89 -
evm.utg3158.36                       -           1666 119591at33208        -            998   2.5e-29  103.4  22.9   3   8   1.5e-09   2.8e-07   30.4   0.1    11    76  1052  1118  1042  1122 0.90 -
evm.utg3158.36                       -           1666 119591at33208        -            998   2.5e-29  103.4  22.9   4   8   6.1e-05     0.012   15.1   0.2    41    76  1124  1159  1118  1175 0.86 -
evm.utg3158.36                       -           1666 119591at33208        -            998   2.5e-29  103.4  22.9   5   8   2.6e-08     5e-06   26.2   7.0    10   169  1175  1346  1168  1366 0.72 -
evm.utg3158.36                       -           1666 119591at33208        -            998   2.5e-29  103.4  22.9   6   8     0.026       4.9    6.4   0.5    31    95  1327  1394  1304  1414 0.65 -
evm.utg3158.36                       -           1666 119591at33208        -            998   2.5e-29  103.4  22.9   7   8     2e-06   0.00037   20.0   0.4     8    77  1387  1458  1344  1460 0.84 -
evm.utg3158.36                       -           1666 119591at33208        -            998   2.5e-29  103.4  22.9   8   8   1.1e-06   0.00021   20.8   0.3     8    78  1387  1459  1383  1481 0.82 -
evm.utg911.37                        -           1947 119591at33208        -            998   2.1e-27   97.0  24.5   1   8   3.2e-08   6.1e-06   25.9   0.1     8   116    61   179    45   188 0.81 -
evm.utg911.37                        -           1947 119591at33208        -            998   2.1e-27   97.0  24.5   2   8       6.5   1.2e+03   -1.6   0.1    46    84   235   271   232   277 0.86 -
evm.utg911.37                        -           1947 119591at33208        -            998   2.1e-27   97.0  24.5   3   8   4.8e-06   0.00091   18.8   0.5    49   211   326   492   285   501 0.74 -
evm.utg911.37                        -           1947 119591at33208        -            998   2.1e-27   97.0  24.5   4   8   6.2e-07   0.00012   21.7   0.2    30   116   757   850   731   853 0.79 -
evm.utg911.37                        -           1947 119591at33208        -            998   2.1e-27   97.0  24.5   5   8     0.086        16    4.7   0.0    45    83   865   904   855   942 0.85 -
evm.utg911.37                        -           1947 119591at33208        -            998   2.1e-27   97.0  24.5   6   8   2.2e-05    0.0041   16.6   0.1    20   142  1016  1144  1000  1148 0.79 -
evm.utg911.37                        -           1947 119591at33208        -            998   2.1e-27   97.0  24.5   7   8      0.39        74    2.5   0.3    40    76  1234  1271  1219  1273 0.80 -
evm.utg911.37                        -           1947 119591at33208        -            998   2.1e-27   97.0  24.5   8   8   1.5e-05    0.0029   17.1   0.0    45   205  1632  1793  1624  1827 0.79 -
evm.utg6078.33                       -           1331 119591at33208        -            998   6.3e-27   95.4  18.3   1   5   2.1e-14   3.9e-12   46.4   2.3     5   109   716   823   712   833 0.85 -
evm.utg6078.33                       -           1331 119591at33208        -            998   6.3e-27   95.4  18.3   2   5   9.7e-07   0.00018   21.0   0.4    27    96   822   891   821   903 0.86 -
evm.utg6078.33                       -           1331 119591at33208        -            998   6.3e-27   95.4  18.3   3   5   1.5e-06   0.00028   20.5   0.1     8    77   926   997   919  1003 0.85 -
evm.utg6078.33                       -           1331 119591at33208        -            998   6.3e-27   95.4  18.3   4   5   0.00081      0.15   11.4   0.0     9    78  1051  1121  1020  1168 0.85 -
evm.utg6078.33                       -           1331 119591at33208        -            998   6.3e-27   95.4  18.3   5   5     0.028       5.4    6.3   0.3    32    78  1201  1248  1173  1294 0.79 -
evm.utg4155.23                       -            416 119591at33208        -            998   1.5e-25   90.9   4.1   1   3     1e-17   1.9e-15   57.4   0.5    13   156    97   248    93   255 0.84 -
evm.utg4155.23                       -            416 119591at33208        -            998   1.5e-25   90.9   4.1   2   3    0.0044      0.83    8.9   0.2     9    70   262   325   257   332 0.85 -
evm.utg4155.23                       -            416 119591at33208        -            998   1.5e-25   90.9   4.1   3   3   2.4e-07   4.5e-05   23.1   0.0     9    75   346   414   339   415 0.90 -
evm.utg5417.27                       -           1331 119591at33208        -            998   2.1e-25   90.3  19.2   1   5   6.1e-14   1.2e-11   44.9   3.0     5   109   716   823   712   832 0.85 -
evm.utg5417.27                       -           1331 119591at33208        -            998   2.1e-25   90.3  19.2   2   5   1.7e-05    0.0032   17.0   0.3    29    96   824   891   822   897 0.81 -
evm.utg5417.27                       -           1331 119591at33208        -            998   2.1e-25   90.3  19.2   3   5     2e-06   0.00038   20.0   0.1     8    77   926   997   919  1002 0.83 -
evm.utg5417.27                       -           1331 119591at33208        -            998   2.1e-25   90.3  19.2   4   5   0.00085      0.16   11.3   0.0     9    78  1051  1121  1044  1166 0.83 -
evm.utg5417.27                       -           1331 119591at33208        -            998   2.1e-25   90.3  19.2   5   5     0.027       5.1    6.3   0.5    32    78  1201  1248  1173  1294 0.76 -
evm.utg788.96                        -            437 119591at33208        -            998   4.3e-25   89.3   4.5   1   5     7e-05     0.013   14.9   0.0    43    81    30    68    12    70 0.90 -
evm.utg788.96                        -            437 119591at33208        -            998   4.3e-25   89.3   4.5   2   5   0.00017     0.032   13.6   0.1    38    77    67   106    63   114 0.91 -
evm.utg788.96                        -            437 119591at33208        -            998   4.3e-25   89.3   4.5   3   5   7.5e-05     0.014   14.8   0.0    42    77   113   148   107   156 0.91 -
evm.utg788.96                        -            437 119591at33208        -            998   4.3e-25   89.3   4.5   4   5   2.2e-06   0.00041   19.9   0.0    50   107   163   222   159   227 0.91 -
evm.utg788.96                        -            437 119591at33208        -            998   4.3e-25   89.3   4.5   5   5   1.3e-11   2.5e-09   37.1   0.0    10    80   205   277   200   283 0.88 -
evm.utg92.13                         -           1666 119591at33208        -            998   5.4e-25   89.0  25.2   1   7   7.4e-05     0.014   14.8   0.0    43   155   920  1035   912  1035 0.65 -
evm.utg92.13                         -           1666 119591at33208        -            998   5.4e-25   89.0  25.2   2   7   3.1e-05     0.006   16.0   0.0    14    97   973  1058   964  1058 0.84 -
evm.utg92.13                         -           1666 119591at33208        -            998   5.4e-25   89.0  25.2   3   7   1.9e-07   3.6e-05   23.4   0.1    11    76  1052  1118  1043  1121 0.90 -
evm.utg92.13                         -           1666 119591at33208        -            998   5.4e-25   89.0  25.2   4   7   5.9e-05     0.011   15.1   0.2    41    76  1124  1159  1119  1170 0.92 -
evm.utg92.13                         -           1666 119591at33208        -            998   5.4e-25   89.0  25.2   5   7   1.2e-06   0.00023   20.7   7.3    10   169  1175  1346  1167  1364 0.67 -
evm.utg92.13                         -           1666 119591at33208        -            998   5.4e-25   89.0  25.2   6   7     0.069        13    5.0   0.1    43    76  1382  1415  1355  1421 0.90 -
evm.utg92.13                         -           1666 119591at33208        -            998   5.4e-25   89.0  25.2   7   7   4.2e-06    0.0008   18.9   0.4     9    78  1388  1459  1384  1479 0.79 -
evm.utg1221.16                       -            416 119591at33208        -            998   9.6e-25   88.2   4.0   1   3   5.6e-17   1.1e-14   54.9   0.7    13   156    97   248    93   255 0.84 -
evm.utg1221.16                       -            416 119591at33208        -            998   9.6e-25   88.2   4.0   2   3    0.0077       1.5    8.1   0.2     9    70   262   325   258   332 0.85 -
evm.utg1221.16                       -            416 119591at33208        -            998   9.6e-25   88.2   4.0   3   3   2.3e-07   4.4e-05   23.1   0.0     9    75   346   414   339   415 0.90 -
evm.utg186.22                        -           1975 119591at33208        -            998   4.5e-24   86.0  33.5   1   9   1.2e-05    0.0023   17.4   0.0    32   111    45   129    29   131 0.86 -
evm.utg186.22                        -           1975 119591at33208        -            998   4.5e-24   86.0  33.5   2   9   3.9e-08   7.5e-06   25.7   0.3     8   116    61   179    57   189 0.80 -
evm.utg186.22                        -           1975 119591at33208        -            998   4.5e-24   86.0  33.5   3   9       6.6   1.3e+03   -1.6   0.1    46    84   235   271   232   277 0.86 -
evm.utg186.22                        -           1975 119591at33208        -            998   4.5e-24   86.0  33.5   4   9   2.5e-06   0.00048   19.7   0.6    25   211   300   492   285   501 0.73 -
evm.utg186.22                        -           1975 119591at33208        -            998   4.5e-24   86.0  33.5   5   9     6e-07   0.00011   21.7   0.1    30   116   757   850   731   853 0.78 -
evm.utg186.22                        -           1975 119591at33208        -            998   4.5e-24   86.0  33.5   6   9     0.087        17    4.6   0.0    45    83   865   904   855   942 0.85 -
evm.utg186.22                        -           1975 119591at33208        -            998   4.5e-24   86.0  33.5   7   9   0.00019     0.036   13.5   0.1    20   142  1016  1144  1000  1148 0.79 -
evm.utg186.22                        -           1975 119591at33208        -            998   4.5e-24   86.0  33.5   8   9      0.38        73    2.5   0.4    40    76  1234  1271  1219  1273 0.79 -
evm.utg186.22                        -           1975 119591at33208        -            998   4.5e-24   86.0  33.5   9   9     3e-05    0.0056   16.1   0.0    45   204  1660  1820  1652  1853 0.78 -
evm.utg21625.4                       -           1518 119591at33208        -            998   8.5e-24   85.0  17.5   1   5   1.4e-06   0.00026   20.5   0.0    10    80   899   971   893   976 0.87 -
evm.utg21625.4                       -           1518 119591at33208        -            998   8.5e-24   85.0  17.5   2   5   0.00015     0.028   13.8   0.1    44   122   977  1059   967  1067 0.79 -
evm.utg21625.4                       -           1518 119591at33208        -            998   8.5e-24   85.0  17.5   3   5     0.073        14    4.9   0.0    44    76  1080  1117  1076  1121 0.76 -
evm.utg21625.4                       -           1518 119591at33208        -            998   8.5e-24   85.0  17.5   4   5   1.1e-11     2e-09   37.5   1.1    14   191  1136  1330  1132  1333 0.75 -
evm.utg21625.4                       -           1518 119591at33208        -            998   8.5e-24   85.0  17.5   5   5   1.9e-05    0.0035   16.8   1.2    14   205  1315  1512  1311  1514 0.80 -
evm.utg72.22                         -            454 119591at33208        -            998   8.1e-23   81.8   7.1   1   5   4.8e-05    0.0091   15.4   0.0    44    76   101   133    81   138 0.89 -
evm.utg72.22                         -            454 119591at33208        -            998   8.1e-23   81.8   7.1   2   5   0.00047     0.089   12.2   0.1     9    82   148   229   143   244 0.76 -
evm.utg72.22                         -            454 119591at33208        -            998   8.1e-23   81.8   7.1   3   5   1.7e-06   0.00032   20.3   0.0    39    76   331   368   311   372 0.88 -
evm.utg72.22                         -            454 119591at33208        -            998   8.1e-23   81.8   7.1   4   5   3.1e-10   5.9e-08   32.6   0.6    11    81   343   415   343   417 0.88 -
evm.utg72.22                         -            454 119591at33208        -            998   8.1e-23   81.8   7.1   5   5   1.7e-05    0.0033   16.9   0.1    41    76   417   452   413   453 0.93 -
evm.utg1221.16.1.5c22e95a            -            415 119591at33208        -            998   1.6e-22   80.8   4.0   1   3   5.4e-17     1e-14   55.0   0.7    13   156    97   248    94   256 0.84 -
evm.utg1221.16.1.5c22e95a            -            415 119591at33208        -            998   1.6e-22   80.8   4.0   2   3    0.0064       1.2    8.4   0.2     8    70   261   325   254   333 0.85 -
evm.utg1221.16.1.5c22e95a            -            415 119591at33208        -            998   1.6e-22   80.8   4.0   3   3   4.2e-05     0.008   15.6   0.0     9    66   346   405   338   410 0.87 -
evm.utg435.72                        -           1669 119591at33208        -            998   8.4e-22   78.4  12.6   1   6   6.3e-07   0.00012   21.7   0.2    10   117   730   842   724   846 0.85 -
evm.utg435.72                        -           1669 119591at33208        -            998   8.4e-22   78.4  12.6   2   6     8e-05     0.015   14.7   0.0    40    93   844   899   834   901 0.85 -
evm.utg435.72                        -           1669 119591at33208        -            998   8.4e-22   78.4  12.6   3   6   1.8e-08   3.4e-06   26.8   0.4     8   107   894   997   891  1009 0.81 -
evm.utg435.72                        -           1669 119591at33208        -            998   8.4e-22   78.4  12.6   4   6   0.00036     0.068   12.5   0.2     9   121  1021  1138  1016  1140 0.66 -
evm.utg435.72                        -           1669 119591at33208        -            998   8.4e-22   78.4  12.6   5   6      0.79   1.5e+02    1.5   0.1   383   430  1151  1198  1140  1200 0.89 -
evm.utg435.72                        -           1669 119591at33208        -            998   8.4e-22   78.4  12.6   6   6      0.14        28    3.9   0.0    49    83  1335  1370  1319  1377 0.86 -
evm.utg5417.27.1.5c22f1fe            -           1068 119591at33208        -            998     1e-21   78.2  11.2   1   3   4.5e-14   8.7e-12   45.3   3.2     5   110   716   824   712   833 0.84 -
evm.utg5417.27.1.5c22f1fe            -           1068 119591at33208        -            998     1e-21   78.2  11.2   2   3   8.7e-06    0.0017   17.9   0.4    27    96   822   891   821   906 0.83 -
evm.utg5417.27.1.5c22f1fe            -           1068 119591at33208        -            998     1e-21   78.2  11.2   3   3   1.5e-06   0.00029   20.4   0.1     8    77   926   997   919  1002 0.83 -
evm.utg777.49                        -            667 119591at33208        -            998   1.1e-21   78.0   5.0   1   4       3.7     7e+02   -0.7   0.1   305   340    98   134    93   160 0.87 -
evm.utg777.49                        -            667 119591at33208        -            998   1.1e-21   78.0   5.0   2   4   3.9e-05    0.0075   15.7   0.2    40   119   406   488   394   489 0.84 -
evm.utg777.49                        -            667 119591at33208        -            998   1.1e-21   78.0   5.0   3   4   1.9e-06   0.00037   20.1   0.1    40   114   448   525   444   535 0.87 -
evm.utg777.49                        -            667 119591at33208        -            998   1.1e-21   78.0   5.0   4   4   1.5e-16   2.9e-14   53.5   0.0     9    78   541   612   537   615 0.90 -
evm.utg10470.3                       -            667 119591at33208        -            998   3.1e-21   76.6   5.4   1   4       8.2   1.6e+03   -1.9   0.1   305   340    98   134    95   157 0.87 -
evm.utg10470.3                       -            667 119591at33208        -            998   3.1e-21   76.6   5.4   2   4   3.2e-05    0.0061   16.0   0.1    40   119   406   488   395   493 0.85 -
evm.utg10470.3                       -            667 119591at33208        -            998   3.1e-21   76.6   5.4   3   4   3.5e-06   0.00066   19.2   0.2    40   109   448   519   444   533 0.87 -
evm.utg10470.3                       -            667 119591at33208        -            998   3.1e-21   76.6   5.4   4   4   1.8e-16   3.4e-14   53.3   0.0     9    78   541   612   536   615 0.90 -
evm.utg1056.106                      -            351 119591at33208        -            998   6.1e-21   75.6   8.3   1   3   0.00029     0.055   12.9   0.1    42    76    55    89    45    96 0.91 -
evm.utg1056.106                      -            351 119591at33208        -            998   6.1e-21   75.6   8.3   2   3   1.7e-12   3.2e-10   40.1   0.2    10   110   105   209    95   226 0.87 -
evm.utg1056.106                      -            351 119591at33208        -            998   6.1e-21   75.6   8.3   3   3   2.4e-08   4.5e-06   26.4   0.6    14   109   236   338   226   350 0.79 -
evm.utg1056.106.1.5c22e841           -            351 119591at33208        -            998   6.1e-21   75.6   8.3   1   3   0.00029     0.055   12.9   0.1    42    76    55    89    45    96 0.91 -
evm.utg1056.106.1.5c22e841           -            351 119591at33208        -            998   6.1e-21   75.6   8.3   2   3   1.7e-12   3.2e-10   40.1   0.2    10   110   105   209    95   226 0.87 -
evm.utg1056.106.1.5c22e841           -            351 119591at33208        -            998   6.1e-21   75.6   8.3   3   3   2.4e-08   4.5e-06   26.4   0.6    14   109   236   338   226   350 0.79 -
evm.utg1221.16.2.5c22e95a            -            399 119591at33208        -            998     2e-20   73.9   3.1   1   3   6.3e-17   1.2e-14   54.8   0.5    13   155    97   247    93   251 0.84 -
evm.utg1221.16.2.5c22e95a            -            399 119591at33208        -            998     2e-20   73.9   3.1   2   3   2.7e-05    0.0051   16.3   0.1     9    76   220   289   213   302 0.86 -
evm.utg1221.16.2.5c22e95a            -            399 119591at33208        -            998     2e-20   73.9   3.1   3   3   0.00046     0.087   12.2   0.0     8    79   303   376   298   387 0.81 -
evm.utg2216.8                        -            504 119591at33208        -            998   7.5e-20   72.0   3.0   1   3   8.2e-14   1.6e-11   44.5   0.4     9   155    13   168     6   176 0.85 -
evm.utg2216.8                        -            504 119591at33208        -            998   7.5e-20   72.0   3.0   2   3   0.00042      0.08   12.3   0.0    43    76   245   278   237   283 0.92 -
evm.utg2216.8                        -            504 119591at33208        -            998   7.5e-20   72.0   3.0   3   3   0.00015     0.029   13.8   0.0    41    79   285   323   278   330 0.90 -
evm.utg389.12.1.5c22f032             -            817 119591at33208        -            998     1e-19   71.5  19.4   1   5      0.02       3.8    6.8   0.3    29   117    31   125     7   141 0.71 -
evm.utg389.12.1.5c22f032             -            817 119591at33208        -            998     1e-19   71.5  19.4   2   5   2.8e-07   5.3e-05   22.8   0.0     7    76   244   315   237   323 0.90 -
evm.utg389.12.1.5c22f032             -            817 119591at33208        -            998     1e-19   71.5  19.4   3   5   0.00098      0.19   11.1   0.9    45    76   329   361   317   365 0.91 -
evm.utg389.12.1.5c22f032             -            817 119591at33208        -            998     1e-19   71.5  19.4   4   5   1.4e-07   2.7e-05   23.8   0.5    45   115   381   454   374   463 0.58 -
evm.utg389.12.1.5c22f032             -            817 119591at33208        -            998     1e-19   71.5  19.4   5   5   1.2e-05    0.0023   17.4   0.1    43   114   463   537   455   551 0.86 -
evm.utg1363.31                       -            612 119591at33208        -            998   1.6e-19   70.9   6.7   1   5   9.9e-10   1.9e-07   30.9   0.1    15   120    16   131    13   135 0.83 -
evm.utg1363.31                       -            612 119591at33208        -            998   1.6e-19   70.9   6.7   2   5       2.7   5.2e+02   -0.3   0.1    47    69   189   211   143   303 0.65 -
evm.utg1363.31                       -            612 119591at33208        -            998   1.6e-19   70.9   6.7   3   5    0.0086       1.6    8.0   0.0    12    90   326   405   318   414 0.86 -
evm.utg1363.31                       -            612 119591at33208        -            998   1.6e-19   70.9   6.7   4   5   3.6e-05    0.0068   15.8   0.1    11    76   410   482   406   490 0.81 -
evm.utg1363.31                       -            612 119591at33208        -            998   1.6e-19   70.9   6.7   5   5   3.8e-05    0.0073   15.8   0.1    12    77   499   567   487   603 0.79 -
evm.utg607.12.1.5c22f2ae             -            705 119591at33208        -            998     2e-19   70.6   2.8   1   2   1.4e-10   2.7e-08   33.7   0.1     6    78    80   154    75   167 0.85 -
evm.utg607.12.1.5c22f2ae             -            705 119591at33208        -            998     2e-19   70.6   2.8   2   2   1.7e-11   3.3e-09   36.8   0.3     7   115   174   286   170   295 0.85 -
evm.utg607.12                        -            707 119591at33208        -            998     2e-19   70.6   2.8   1   2   1.4e-10   2.7e-08   33.7   0.1     6    78    80   154    75   167 0.85 -
evm.utg607.12                        -            707 119591at33208        -            998     2e-19   70.6   2.8   2   2   1.7e-11   3.3e-09   36.7   0.3     7   115   174   286   170   295 0.85 -
evm.utg389.12.2.5c22f032             -            702 119591at33208        -            998   4.2e-19   69.5  13.9   1   4   2.3e-07   4.3e-05   23.1   0.0     7    76   129   200   122   208 0.90 -
evm.utg389.12.2.5c22f032             -            702 119591at33208        -            998   4.2e-19   69.5  13.9   2   4   0.00083      0.16   11.3   0.9    45    76   214   246   202   250 0.91 -
evm.utg389.12.2.5c22f032             -            702 119591at33208        -            998   4.2e-19   69.5  13.9   3   4   1.1e-07   2.1e-05   24.2   0.5    45   115   266   339   260   349 0.58 -
evm.utg389.12.2.5c22f032             -            702 119591at33208        -            998   4.2e-19   69.5  13.9   4   4   9.5e-06    0.0018   17.8   0.1    43   114   348   422   340   437 0.86 -
evm.utg17809.13                      -            456 119591at33208        -            998   5.3e-19   69.2   8.0   1   4   5.4e-05      0.01   15.3   0.0    44    77   101   134    87   139 0.90 -
evm.utg17809.13                      -            456 119591at33208        -            998   5.3e-19   69.2   8.0   2   4   1.8e-05    0.0034   16.9   1.1     9    96   148   245   142   267 0.78 -
evm.utg17809.13                      -            456 119591at33208        -            998   5.3e-19   69.2   8.0   3   4   1.6e-06   0.00031   20.3   0.0    40    76   352   388   332   394 0.89 -
evm.utg17809.13                      -            456 119591at33208        -            998   5.3e-19   69.2   8.0   4   4   7.5e-06    0.0014   18.1   0.1    41    83   395   437   388   447 0.87 -
evm.utg18125.5                       -            949 119591at33208        -            998   7.1e-19   68.8  19.9   1   6      0.29        55    2.9   0.1    13    77   279   346   268   381 0.68 -
evm.utg18125.5                       -            949 119591at33208        -            998   7.1e-19   68.8  19.9   2   6     0.056        11    5.3   0.9    15   117   324   433   310   448 0.72 -
evm.utg18125.5                       -            949 119591at33208        -            998   7.1e-19   68.8  19.9   3   6   2.1e-07   3.9e-05   23.3   0.0     7    77   552   624   546   632 0.90 -
evm.utg18125.5                       -            949 119591at33208        -            998   7.1e-19   68.8  19.9   4   6    0.0025      0.48    9.7   0.5    45    76   637   669   627   673 0.91 -
evm.utg18125.5                       -            949 119591at33208        -            998   7.1e-19   68.8  19.9   5   6   1.2e-07   2.3e-05   24.0   0.4     3   115   688   762   683   771 0.51 -
evm.utg18125.5                       -            949 119591at33208        -            998   7.1e-19   68.8  19.9   6   6   3.5e-05    0.0066   15.9   0.2    43   114   771   845   764   860 0.85 -
evm.utg389.12                        -            914 119591at33208        -            998   9.7e-19   68.3  23.2   1   6       0.3        58    2.8   0.1    13    77    68   135    57   170 0.68 -
evm.utg389.12                        -            914 119591at33208        -            998   9.7e-19   68.3  23.2   2   6     0.043       8.2    5.7   1.2    16   117   114   222   101   237 0.71 -
evm.utg389.12                        -            914 119591at33208        -            998   9.7e-19   68.3  23.2   3   6   3.2e-07   6.2e-05   22.6   0.0     7    76   341   412   335   420 0.90 -
evm.utg389.12                        -            914 119591at33208        -            998   9.7e-19   68.3  23.2   4   6    0.0011      0.21   10.9   0.9    45    76   426   458   414   462 0.91 -
evm.utg389.12                        -            914 119591at33208        -            998   9.7e-19   68.3  23.2   5   6   1.6e-07   3.1e-05   23.6   0.5    45   115   478   551   471   560 0.58 -
evm.utg389.12                        -            914 119591at33208        -            998   9.7e-19   68.3  23.2   6   6   1.4e-05    0.0026   17.2   0.1    43   114   560   634   552   648 0.86 -
evm.utg9141.14                       -            390 119591at33208        -            998   3.3e-18   66.6  16.4   1   6   1.5e-07   2.9e-05   23.7   0.3     9   112    39   145    32   146 0.81 -
evm.utg9141.14                       -            390 119591at33208        -            998   3.3e-18   66.6  16.4   2   6   9.5e-06    0.0018   17.8   0.0    11    72   124   188   116   195 0.85 -
evm.utg9141.14                       -            390 119591at33208        -            998   3.3e-18   66.6  16.4   3   6   0.00021     0.041   13.3   0.0    39    76   202   239   191   246 0.87 -
evm.utg9141.14                       -            390 119591at33208        -            998   3.3e-18   66.6  16.4   4   6   9.7e-05     0.019   14.4   0.0    33    76   244   286   240   290 0.90 -
evm.utg9141.14                       -            390 119591at33208        -            998   3.3e-18   66.6  16.4   5   6     0.019       3.7    6.8   0.4    42    76   294   328   288   332 0.92 -
evm.utg9141.14                       -            390 119591at33208        -            998   3.3e-18   66.6  16.4   6   6      0.57   1.1e+02    2.0   0.5   968   998   347   377   341   377 0.94 -
evm.utg12655.28                      -            300 119591at33208        -            998   3.7e-18   66.4   2.3   1   4   1.2e-05    0.0022   17.5   0.0     8    76     7    78     4    82 0.87 -
evm.utg12655.28                      -            300 119591at33208        -            998   3.7e-18   66.4   2.3   2   4   7.6e-10   1.5e-07   31.3   1.2    10   114    52   161    49   168 0.85 -
evm.utg12655.28                      -            300 119591at33208        -            998   3.7e-18   66.4   2.3   3   4      0.01         2    7.7   0.0    30    77   157   205   153   216 0.86 -
evm.utg12655.28                      -            300 119591at33208        -            998   3.7e-18   66.4   2.3   4   4   4.2e-07   7.9e-05   22.3   0.0    50   108   229   288   221   294 0.86 -
evm.utg21625.6                       -            513 119591at33208        -            998   1.1e-17   64.8  12.9   1   3     0.021         4    6.7   0.0    44    76    76   113    72   117 0.77 -
evm.utg21625.6                       -            513 119591at33208        -            998   1.1e-17   64.8  12.9   2   3   4.7e-13     9e-11   41.9   2.9    14   195   132   330   127   342 0.76 -
evm.utg21625.6                       -            513 119591at33208        -            998   1.1e-17   64.8  12.9   3   3   0.00084      0.16   11.3   0.0    41    87   424   470   418   491 0.85 -
evm.utg4972.26                       -            106 119591at33208        -            998   1.2e-17   64.7   0.0   1   1   6.8e-20   1.3e-17   64.6   0.0     3    58    16    72    10    81 0.84 -
evm.utg1204.47                       -            338 119591at33208        -            998   2.3e-17   63.7  16.2   1   4   3.4e-10   6.5e-08   32.5   0.3    43   110    10    82     4    93 0.86 -
evm.utg1204.47                       -            338 119591at33208        -            998   2.3e-17   63.7  16.2   2   4   1.1e-05    0.0021   17.6   2.2    42   110    98   171    84   182 0.80 -
evm.utg1204.47                       -            338 119591at33208        -            998   2.3e-17   63.7  16.2   3   4   0.00023     0.043   13.2   0.1    43    77   188   222   173   244 0.89 -
evm.utg1204.47                       -            338 119591at33208        -            998   2.3e-17   63.7  16.2   4   4    0.0054         1    8.6   0.1    41    76   295   331   287   333 0.90 -
evm.utg21228.28                      -            351 119591at33208        -            998   2.6e-17   63.6   2.1   1   4   1.2e-05    0.0023   17.4   0.0     8    76    58   129    54   137 0.86 -
evm.utg21228.28                      -            351 119591at33208        -            998   2.6e-17   63.6   2.1   2   4     3e-09   5.7e-07   29.3   1.0    10   114   103   212   100   219 0.85 -
evm.utg21228.28                      -            351 119591at33208        -            998   2.6e-17   63.6   2.1   3   4   0.00044     0.084   12.2   0.0     6    76   183   255   179   267 0.69 -
evm.utg21228.28                      -            351 119591at33208        -            998   2.6e-17   63.6   2.1   4   4   5.4e-07    0.0001   21.9   0.0    50   108   280   339   272   345 0.86 -
evm.utg6459.21                       -            392 119591at33208        -            998   5.4e-17   62.5  16.5   1   6   4.4e-08   8.3e-06   25.5   0.2     9   112    41   147    34   148 0.84 -
evm.utg6459.21                       -            392 119591at33208        -            998   5.4e-17   62.5  16.5   2   6     1e-05     0.002   17.6   0.0    11    72   126   190   119   197 0.85 -
evm.utg6459.21                       -            392 119591at33208        -            998   5.4e-17   62.5  16.5   3   6     0.012       2.3    7.5   0.1    38    76   203   241   193   245 0.88 -
evm.utg6459.21                       -            392 119591at33208        -            998   5.4e-17   62.5  16.5   4   6   9.6e-05     0.018   14.4   0.0    33    76   246   288   242   293 0.90 -
evm.utg6459.21                       -            392 119591at33208        -            998   5.4e-17   62.5  16.5   5   6     0.019       3.7    6.8   0.5    41    76   295   330   289   334 0.92 -
evm.utg6459.21                       -            392 119591at33208        -            998   5.4e-17   62.5  16.5   6   6      0.57   1.1e+02    1.9   0.5   968   998   349   379   343   379 0.94 -
evm.utg6430.5                        -            514 119591at33208        -            998   5.5e-17   62.5  11.8   1   3     0.035       6.7    5.9   0.0    50    76    87   113    72   117 0.78 -
evm.utg6430.5                        -            514 119591at33208        -            998   5.5e-17   62.5  11.8   2   3   8.9e-13   1.7e-10   41.0   1.3    14   192   132   327   128   330 0.76 -
evm.utg6430.5                        -            514 119591at33208        -            998   5.5e-17   62.5  11.8   3   3    0.0017      0.32   10.3   0.0    43    88   426   471   422   493 0.84 -
evm.utg234.60                        -            303 119591at33208        -            998     8e-17   62.0   4.3   1   2   9.5e-05     0.018   14.5   0.3    42   155    55   173     7   178 0.85 -
evm.utg234.60                        -            303 119591at33208        -            998     8e-17   62.0   4.3   2   2   3.4e-15   6.6e-13   49.0   0.3    10   107   189   290   184   295 0.91 -
evm.utg1204.47.1.5c22e937            -            333 119591at33208        -            998   8.3e-17   61.9  14.4   1   4   3.4e-10   6.4e-08   32.5   0.3    43   110    10    82     4    93 0.86 -
evm.utg1204.47.1.5c22e937            -            333 119591at33208        -            998   8.3e-17   61.9  14.4   2   4   1.2e-05    0.0023   17.4   2.5    42   110    98   171    82   182 0.79 -
evm.utg1204.47.1.5c22e937            -            333 119591at33208        -            998   8.3e-17   61.9  14.4   3   4   0.00022     0.042   13.2   0.1    43    77   188   222   172   243 0.89 -
evm.utg1204.47.1.5c22e937            -            333 119591at33208        -            998   8.3e-17   61.9  14.4   4   4      0.03       5.7    6.2   0.1    42   107   244   322   222   325 0.73 -
evm.utg27.21                         -            316 119591at33208        -            998   5.7e-16   59.1   4.8   1   4      0.93   1.8e+02    1.2   0.0    44    76    11    44     7    53 0.82 -
evm.utg27.21                         -            316 119591at33208        -            998   5.7e-16   59.1   4.8   2   4      0.05       9.4    5.5   0.0    43    76    58    91    49    97 0.93 -
evm.utg27.21                         -            316 119591at33208        -            998   5.7e-16   59.1   4.8   3   4   2.9e-08   5.6e-06   26.1   0.1    40   100    97   160    91   162 0.88 -
evm.utg27.21                         -            316 119591at33208        -            998   5.7e-16   59.1   4.8   4   4   8.7e-09   1.7e-06   27.8   0.1    16   154   156   310   154   313 0.77 -
evm.utg73.96                         -            327 119591at33208        -            998   7.5e-16   58.8   2.2   1   2   4.1e-13   7.9e-11   42.1   1.0    34   189    17   176    12   191 0.81 -
evm.utg73.96                         -            327 119591at33208        -            998   7.5e-16   58.8   2.2   2   2   6.7e-05     0.013   14.9   0.0    42   108   194   262   183   302 0.78 -
evm.utg6220.15                       -            692 119591at33208        -            998   1.8e-15   57.5   9.0   1   5    0.0028      0.53    9.6   0.2    23    76    43    97    34    99 0.88 -
evm.utg6220.15                       -            692 119591at33208        -            998   1.8e-15   57.5   9.0   2   5    0.0023      0.44    9.8   0.1    40    77   103   140    97   159 0.87 -
evm.utg6220.15                       -            692 119591at33208        -            998   1.8e-15   57.5   9.0   3   5       4.9   9.2e+02   -1.1   0.0    36    76   184   223   148   227 0.74 -
evm.utg6220.15                       -            692 119591at33208        -            998   1.8e-15   57.5   9.0   4   5   8.8e-07   0.00017   21.2   0.0    12    82   458   532   447   546 0.85 -
evm.utg6220.15                       -            692 119591at33208        -            998   1.8e-15   57.5   9.0   5   5   8.5e-06    0.0016   17.9   0.5     7   109   552   658   546   673 0.78 -
evm.utg6220.15.1.5c22f2e5            -            692 119591at33208        -            998   1.8e-15   57.5   9.0   1   5    0.0028      0.53    9.6   0.2    23    76    43    97    34    99 0.88 -
evm.utg6220.15.1.5c22f2e5            -            692 119591at33208        -            998   1.8e-15   57.5   9.0   2   5    0.0023      0.44    9.8   0.1    40    77   103   140    97   159 0.87 -
evm.utg6220.15.1.5c22f2e5            -            692 119591at33208        -            998   1.8e-15   57.5   9.0   3   5       4.9   9.2e+02   -1.1   0.0    36    76   184   223   148   227 0.74 -
evm.utg6220.15.1.5c22f2e5            -            692 119591at33208        -            998   1.8e-15   57.5   9.0   4   5   8.8e-07   0.00017   21.2   0.0    12    82   458   532   447   546 0.85 -
evm.utg6220.15.1.5c22f2e5            -            692 119591at33208        -            998   1.8e-15   57.5   9.0   5   5   8.5e-06    0.0016   17.9   0.5     7   109   552   658   546   673 0.78 -
evm.utg577.102                       -            912 119591at33208        -            998     2e-15   57.3   4.2   1   3     4e-10   7.7e-08   32.2   0.9    14   109   618   713   611   729 0.85 -
evm.utg577.102                       -            912 119591at33208        -            998     2e-15   57.3   4.2   2   3    0.0039      0.75    9.1   0.0    33    94   718   780   712   782 0.81 -
evm.utg577.102                       -            912 119591at33208        -            998     2e-15   57.3   4.2   3   3   3.5e-05    0.0067   15.9   0.0    33   109   798   875   784   889 0.79 -
evm.utg109.41                        -            598 119591at33208        -            998   2.4e-15   57.1   0.7   1   2   5.2e-07    0.0001   21.9   0.2    11   109   354   456   348   471 0.85 -
evm.utg109.41                        -            598 119591at33208        -            998   2.4e-15   57.1   0.7   2   2   1.9e-10   3.7e-08   33.3   0.0     9    76   478   547   474   551 0.89 -
evm.utg73.96.1.5c22f3bc              -            243 119591at33208        -            998   3.5e-15   56.5   1.3   1   2     2e-13   3.9e-11   43.1   1.1    34   189    17   176    12   187 0.81 -
evm.utg73.96.1.5c22f3bc              -            243 119591at33208        -            998   3.5e-15   56.5   1.3   2   2   0.00054       0.1   12.0   0.0    41    76   193   228   182   239 0.91 -
evm.utg564.26                        -            598 119591at33208        -            998   4.7e-15   56.1   0.7   1   2   9.3e-07   0.00018   21.1   0.3    11   109   354   456   349   470 0.85 -
evm.utg564.26                        -            598 119591at33208        -            998   4.7e-15   56.1   0.7   2   2   2.2e-10   4.2e-08   33.1   0.0     9    76   478   547   474   552 0.89 -
evm.utg7950.19                       -            574 119591at33208        -            998   1.1e-14   54.9   1.1   1   3   2.2e-06   0.00042   19.8   0.0    12    86   163   241   152   253 0.84 -
evm.utg7950.19                       -            574 119591at33208        -            998   1.1e-14   54.9   1.1   2   3   2.1e-06   0.00039   20.0   0.5     7   109   257   363   251   376 0.78 -
evm.utg7950.19                       -            574 119591at33208        -            998   1.1e-14   54.9   1.1   3   3   0.00062      0.12   11.8   0.0    40    77   376   413   364   419 0.88 -
evm.utg6220.15.2.5c22f2e5            -            663 119591at33208        -            998   1.1e-14   54.8   6.7   1   5    0.0027      0.51    9.7   0.2    23    76    43    97    34    99 0.88 -
evm.utg6220.15.2.5c22f2e5            -            663 119591at33208        -            998   1.1e-14   54.8   6.7   2   5    0.0021      0.41   10.0   0.0    40    77   103   140    97   161 0.86 -
evm.utg6220.15.2.5c22f2e5            -            663 119591at33208        -            998   1.1e-14   54.8   6.7   3   5       4.6   8.8e+02   -1.1   0.0    36    76   184   223   148   227 0.74 -
evm.utg6220.15.2.5c22f2e5            -            663 119591at33208        -            998   1.1e-14   54.8   6.7   4   5   8.3e-07   0.00016   21.3   0.0    12    82   458   532   447   546 0.85 -
evm.utg6220.15.2.5c22f2e5            -            663 119591at33208        -            998   1.1e-14   54.8   6.7   5   5   0.00025     0.047   13.1   0.1     7    95   552   644   546   651 0.76 -
evm.utg7264.10                       -            194 119591at33208        -            998   1.3e-14   54.6   3.0   1   4   1.8e-05    0.0034   16.9   0.1    42    78    10    46     3    53 0.91 -
evm.utg7264.10                       -            194 119591at33208        -            998   1.3e-14   54.6   3.0   2   4    0.0001     0.019   14.3   0.2    43    77    53    87    46    95 0.91 -
evm.utg7264.10                       -            194 119591at33208        -            998   1.3e-14   54.6   3.0   3   4   5.6e-06    0.0011   18.5   0.1    11    79    84   153    83   158 0.87 -
evm.utg7264.10                       -            194 119591at33208        -            998   1.3e-14   54.6   3.0   4   4   5.7e-07   0.00011   21.8   0.0    13    70   127   186   121   192 0.86 -
evm.utg101.131                       -            607 119591at33208        -            998   1.5e-14   54.5   5.2   1   2   6.6e-09   1.3e-06   28.2   0.0    42    98     9    67     4    71 0.88 -
evm.utg101.131                       -            607 119591at33208        -            998   1.5e-14   54.5   5.2   2   2   5.6e-08   1.1e-05   25.1   3.6    26   170    79   235    68   254 0.79 -
evm.utg2757.76                       -            410 119591at33208        -            998   2.8e-14   53.6   5.1   1   3   5.2e-07    0.0001   21.9   0.3     9    76   107   176   103   189 0.83 -
evm.utg2757.76                       -            410 119591at33208        -            998   2.8e-14   53.6   5.1   2   3   1.4e-05    0.0027   17.2   0.1     8    77   190   261   182   294 0.77 -
evm.utg2757.76                       -            410 119591at33208        -            998   2.8e-14   53.6   5.1   3   3   4.9e-05    0.0093   15.4   0.1    29    97   317   388   306   408 0.81 -
evm.utg343339.3                      -            504 119591at33208        -            998     3e-14   53.4  13.4   1   4         2   3.9e+02    0.1   0.0    39    76   146   183   139   189 0.78 -
evm.utg343339.3                      -            504 119591at33208        -            998     3e-14   53.4  13.4   2   4   2.5e-05    0.0048   16.4   0.9   128   189   214   272   200   300 0.79 -
evm.utg343339.3                      -            504 119591at33208        -            998     3e-14   53.4  13.4   3   4   0.00077      0.15   11.4   1.4    60   119   307   369   302   394 0.79 -
evm.utg343339.3                      -            504 119591at33208        -            998     3e-14   53.4  13.4   4   4   2.1e-09     4e-07   29.8   0.1    24   110   402   493   373   497 0.76 -
evm.utg496.26                        -            504 119591at33208        -            998     3e-14   53.4  13.4   1   4         2   3.9e+02    0.1   0.0    39    76   146   183   139   189 0.78 -
evm.utg496.26                        -            504 119591at33208        -            998     3e-14   53.4  13.4   2   4   2.5e-05    0.0048   16.4   0.9   128   189   214   272   200   300 0.79 -
evm.utg496.26                        -            504 119591at33208        -            998     3e-14   53.4  13.4   3   4   0.00077      0.15   11.4   1.4    60   119   307   369   302   394 0.79 -
evm.utg496.26                        -            504 119591at33208        -            998     3e-14   53.4  13.4   4   4   2.1e-09     4e-07   29.8   0.1    24   110   402   493   373   497 0.76 -
evm.utg1694.17                       -            301 119591at33208        -            998   7.7e-14   52.1   3.9   1   3   5.9e-06    0.0011   18.5   0.1    44    95   108   160   103   172 0.88 -
evm.utg1694.17                       -            301 119591at33208        -            998   7.7e-14   52.1   3.9   2   3   0.00035     0.067   12.6   0.1    31    91   175   236   163   242 0.83 -
evm.utg1694.17                       -            301 119591at33208        -            998   7.7e-14   52.1   3.9   3   3   5.7e-07   0.00011   21.8   0.1    20    76   243   299   235   300 0.83 -
evm.utg101.178                       -            403 119591at33208        -            998   9.7e-14   51.8   4.3   1   3   5.2e-07   9.9e-05   21.9   0.2     9    76   107   176   102   187 0.84 -
evm.utg101.178                       -            403 119591at33208        -            998   9.7e-14   51.8   4.3   2   3   1.7e-05    0.0031   17.0   0.1     8    77   190   261   182   292 0.79 -
evm.utg101.178                       -            403 119591at33208        -            998   9.7e-14   51.8   4.3   3   3   0.00023     0.045   13.2   0.1    29    84   317   373   306   393 0.74 -
evm.utg4972.23                       -            640 119591at33208        -            998   9.9e-14   51.7  12.0   1   5     0.057        11    5.3   0.1    43    76   342   373   336   378 0.89 -
evm.utg4972.23                       -            640 119591at33208        -            998   9.9e-14   51.7  12.0   2   5   0.00062      0.12   11.7   0.2    16    80   353   419   352   423 0.76 -
evm.utg4972.23                       -            640 119591at33208        -            998   9.9e-14   51.7  12.0   3   5   0.00015     0.029   13.7   0.6    15    76   440   501   426   504 0.64 -
evm.utg4972.23                       -            640 119591at33208        -            998   9.9e-14   51.7  12.0   4   5   1.1e-05     0.002   17.6   0.1    32    85   498   555   495   572 0.74 -
evm.utg4972.23                       -            640 119591at33208        -            998   9.9e-14   51.7  12.0   5   5   0.00054       0.1   12.0   0.1    15    76   567   628   564   633 0.80 -
evm.utg967.29                        -            325 119591at33208        -            998   1.4e-13   51.2   0.5   1   2   7.6e-07   0.00014   21.4   1.1    38   204    47   215    12   220 0.76 -
evm.utg967.29                        -            325 119591at33208        -            998   1.4e-13   51.2   0.5   2   2   5.5e-08   1.1e-05   25.2   0.0     7    78   222   295   216   299 0.86 -
evm.utg861.53                        -            556 119591at33208        -            998     3e-13   50.1   2.6   1   2   6.8e-11   1.3e-08   34.8   0.4    43   147   251   365   247   373 0.79 -
evm.utg861.53                        -            556 119591at33208        -            998     3e-13   50.1   2.6   2   2   5.1e-05    0.0098   15.3   0.1    46   110   465   534   420   547 0.64 -
evm.utg73.142                        -            520 119591at33208        -            998   8.5e-13   48.6   0.9   1   3      0.09        17    4.6   0.0    44   119   269   356   235   366 0.73 -
evm.utg73.142                        -            520 119591at33208        -            998   8.5e-13   48.6   0.9   2   3   6.8e-10   1.3e-07   31.5   0.3     8    97   365   458   359   478 0.76 -
evm.utg73.142                        -            520 119591at33208        -            998   8.5e-13   48.6   0.9   3   3    0.0023      0.44    9.9   0.0    43    77   484   518   479   519 0.93 -
evm.utg1337.6                        -            914 119591at33208        -            998   9.8e-13   48.4  11.3   1   5     0.089        17    4.6   0.1    43    76   616   647   610   652 0.89 -
evm.utg1337.6                        -            914 119591at33208        -            998   9.8e-13   48.4  11.3   2   5    0.0011      0.21   10.9   0.1    16    80   627   693   626   697 0.75 -
evm.utg1337.6                        -            914 119591at33208        -            998   9.8e-13   48.4  11.3   3   5   0.00044     0.083   12.3   0.8    15    75   714   774   700   779 0.71 -
evm.utg1337.6                        -            914 119591at33208        -            998   9.8e-13   48.4  11.3   4   5   1.6e-05    0.0031   17.0   0.3    31    85   771   829   762   846 0.75 -
evm.utg1337.6                        -            914 119591at33208        -            998   9.8e-13   48.4  11.3   5   5    0.0008      0.15   11.4   0.1    15    76   841   902   833   907 0.81 -
evm.utg183.39                        -           1787 119591at33208        -            998   3.7e-12   46.5   0.0   1   3   1.3e-06   0.00025   20.6   0.0     9   117   180   297   174   306 0.79 -
evm.utg183.39                        -           1787 119591at33208        -            998   3.7e-12   46.5   0.0   2   3   6.4e-06    0.0012   18.3   0.0    15    76   324   389   310   405 0.84 -
evm.utg183.39                        -           1787 119591at33208        -            998   3.7e-12   46.5   0.0   3   3      0.18        34    3.6   0.0    28    76   441   491   418   497 0.82 -
evm.utg1721.37                       -            409 119591at33208        -            998   5.7e-12   45.9   4.8   1   2   2.2e-12   4.2e-10   39.7   3.7     7   186    70   255    65   270 0.82 -
evm.utg1721.37                       -            409 119591at33208        -            998   5.7e-12   45.9   4.8   2   2     0.059        11    5.2   0.0    31    74   356   400   344   406 0.85 -
evm.utg413.38                        -            593 119591at33208        -            998   2.3e-11   43.9   5.6   1   3   0.00059      0.11   11.8   1.2    45   110   352   419   341   429 0.79 -
evm.utg413.38                        -            593 119591at33208        -            998   2.3e-11   43.9   5.6   2   3   0.00095      0.18   11.1   0.2    42   114   433   508   422   513 0.85 -
evm.utg413.38                        -            593 119591at33208        -            998   2.3e-11   43.9   5.6   3   3   1.2e-06   0.00023   20.7   0.0    14    76   529   592   525   592 0.94 -
evm.utg7821.35                       -            557 119591at33208        -            998   3.1e-11   43.5   4.4   1   5      0.36        68    2.6   0.0    55   104    14    67     8    73 0.82 -
evm.utg7821.35                       -            557 119591at33208        -            998   3.1e-11   43.5   4.4   2   5   3.2e-05    0.0062   16.0   0.1    46    77   136   167    93   174 0.86 -
evm.utg7821.35                       -            557 119591at33208        -            998   3.1e-11   43.5   4.4   3   5   8.3e-05     0.016   14.6   0.1    30    76   161   215   160   221 0.83 -
evm.utg7821.35                       -            557 119591at33208        -            998   3.1e-11   43.5   4.4   4   5         2   3.8e+02    0.1   0.0    44   110   269   335   247   351 0.79 -
evm.utg7821.35                       -            557 119591at33208        -            998   3.1e-11   43.5   4.4   5   5    0.0022      0.42    9.9   0.1    10    96   440   534   431   553 0.75 -
evm.utg18553.20                      -            503 119591at33208        -            998   3.8e-11   43.2   0.2   1   3   2.1e-07     4e-05   23.2   0.1     9   102    72   169    65   204 0.76 -
evm.utg18553.20                      -            503 119591at33208        -            998   3.8e-11   43.2   0.2   2   3   0.00012     0.023   14.1   0.0    16    75   205   266   199   269 0.87 -
evm.utg18553.20                      -            503 119591at33208        -            998   3.8e-11   43.2   0.2   3   3      0.86   1.6e+02    1.4   0.0   117   163   270   319   268   328 0.82 -
evm.utg411.25                        -            871 119591at33208        -            998   4.3e-11   43.0   0.1   1   4     0.028       5.2    6.3   0.0     8    75    96   171    91   179 0.77 -
evm.utg411.25                        -            871 119591at33208        -            998   4.3e-11   43.0   0.1   2   4      0.38        73    2.5   0.0   127   154   264   291   248   294 0.83 -
evm.utg411.25                        -            871 119591at33208        -            998   4.3e-11   43.0   0.1   3   4   4.3e-05    0.0083   15.6   0.1     9   107   307   410   302   415 0.77 -
evm.utg411.25                        -            871 119591at33208        -            998   4.3e-11   43.0   0.1   4   4   0.00041     0.078   12.3   0.0    52   154   438   546   433   555 0.78 -
evm.utg637.5                         -            513 119591at33208        -            998     5e-11   42.8   0.1   1   3   8.5e-08   1.6e-05   24.5   0.2     9   102    82   179    74   214 0.76 -
evm.utg637.5                         -            513 119591at33208        -            998     5e-11   42.8   0.1   2   3   0.00026      0.05   13.0   0.0    17    75   216   276   210   279 0.87 -
evm.utg637.5                         -            513 119591at33208        -            998     5e-11   42.8   0.1   3   3       1.1     2e+02    1.1   0.0   117   163   280   329   278   338 0.81 -
evm.utg4972.23.1.5c22f18a            -            555 119591at33208        -            998   5.1e-11   42.8   7.1   1   4     0.049       9.4    5.5   0.1    43    76   342   373   336   377 0.89 -
evm.utg4972.23.1.5c22f18a            -            555 119591at33208        -            998   5.1e-11   42.8   7.1   2   4   0.00053       0.1   12.0   0.3    16    80   353   419   352   423 0.76 -
evm.utg4972.23.1.5c22f18a            -            555 119591at33208        -            998   5.1e-11   42.8   7.1   3   4   0.00011      0.02   14.3   0.6    15    76   440   501   425   506 0.61 -
evm.utg4972.23.1.5c22f18a            -            555 119591at33208        -            998   5.1e-11   42.8   7.1   4   4   1.7e-05    0.0032   16.9   0.1    29    75   495   542   484   546 0.85 -
evm.utg293.35                        -            341 119591at33208        -            998   5.2e-11   42.7   3.4   1   4    0.0089       1.7    7.9   0.1    43    77    50    84    44    93 0.91 -
evm.utg293.35                        -            341 119591at33208        -            998   5.2e-11   42.7   3.4   2   4   0.00017     0.032   13.6   0.0    23    98   157   236   146   236 0.79 -
evm.utg293.35                        -            341 119591at33208        -            998   5.2e-11   42.7   3.4   3   4   2.6e-05     0.005   16.3   0.0     9    92   185   271   181   276 0.85 -
evm.utg293.35                        -            341 119591at33208        -            998   5.2e-11   42.7   3.4   4   4   0.00017     0.032   13.6   0.1    11    76   273   340   271   340 0.86 -
evm.utg21895.1                       -            272 119591at33208        -            998   8.9e-11   41.9   0.8   1   3   1.8e-08   3.4e-06   26.8   0.0     8    82    24   102    20   108 0.87 -
evm.utg21895.1                       -            272 119591at33208        -            998   8.9e-11   41.9   0.8   2   3   0.00024     0.045   13.1   0.1    45   155   107   228    97   231 0.74 -
evm.utg21895.1                       -            272 119591at33208        -            998   8.9e-11   41.9   0.8   3   3      0.35        66    2.7   0.2    44    81   194   233   152   267 0.66 -
evm.utg21766.14                      -            538 119591at33208        -            998   1.2e-10   41.6   0.7   1   2    0.0015      0.28   10.5   0.0    48   109    13    77     7    91 0.79 -
evm.utg21766.14                      -            538 119591at33208        -            998   1.2e-10   41.6   0.7   2   2   8.1e-09   1.5e-06   27.9   0.3     9    78   120   191   113   194 0.90 -
evm.utg1629.22                       -           1004 119591at33208        -            998   2.1e-10   40.7   2.3   1   3     0.086        16    4.7   0.1   123   201   114   190    94   195 0.84 -
evm.utg1629.22                       -           1004 119591at33208        -            998   2.1e-10   40.7   2.3   2   3   6.8e-06    0.0013   18.2   0.6    40   142   193   302   183   305 0.77 -
evm.utg1629.22                       -           1004 119591at33208        -            998   2.1e-10   40.7   2.3   3   3   1.1e-06   0.00022   20.8   0.1     8   115   287   401   280   414 0.85 -
evm.utg1629.22.1.5c22eb7d            -            969 119591at33208        -            998   2.2e-10   40.6   0.4   1   3   1.5e-05    0.0028   17.1   0.0     9   110    84   188    77   227 0.75 -
evm.utg1629.22.1.5c22eb7d            -            969 119591at33208        -            998   2.2e-10   40.6   0.4   2   3   3.9e-06   0.00075   19.0   0.5    36   142   154   267   136   271 0.77 -
evm.utg1629.22.1.5c22eb7d            -            969 119591at33208        -            998   2.2e-10   40.6   0.4   3   3   1.2e-06   0.00022   20.8   0.0     8   110   252   360   245   372 0.84 -
evm.utg1721.37.1.5c22ebc9            -            385 119591at33208        -            998   2.3e-10   40.6   3.7   1   1   1.9e-12   3.5e-10   40.0   3.7     7   186    70   255    65   271 0.82 -
evm.utg15197.11                      -           1003 119591at33208        -            998   2.3e-10   40.6   2.5   1   3     0.086        16    4.7   0.1   123   201   113   189    93   194 0.84 -
evm.utg15197.11                      -           1003 119591at33208        -            998   2.3e-10   40.6   2.5   2   3   5.7e-06    0.0011   18.5   0.6    39   142   191   301   180   304 0.77 -
evm.utg15197.11                      -           1003 119591at33208        -            998   2.3e-10   40.6   2.5   3   3   1.3e-06   0.00025   20.6   0.1     8   110   286   394   281   405 0.84 -
evm.utg788.89                        -            256 119591at33208        -            998   2.9e-10   40.3   2.3   1   2   2.7e-09   5.1e-07   29.5   0.7     7   110    13   127     8   159 0.82 -
evm.utg788.89                        -            256 119591at33208        -            998   2.9e-10   40.3   2.3   2   2    0.0019      0.36   10.2   0.0    30    78   191   246   180   249 0.78 -
evm.utg411.98                        -            324 119591at33208        -            998   6.1e-10   39.2   0.3   1   2    0.0011      0.21   10.9   0.0     7   122    25   147    19   180 0.73 -
evm.utg411.98                        -            324 119591at33208        -            998   6.1e-10   39.2   0.3   2   2   3.5e-08   6.7e-06   25.8   0.0    13   119   204   317   195   322 0.81 -
evm.utg3174.3                        -            435 119591at33208        -            998   6.5e-10   39.1   7.3   1   3   0.00033     0.062   12.7   1.2    45   110   194   261   185   274 0.78 -
evm.utg3174.3                        -            435 119591at33208        -            998   6.5e-10   39.1   7.3   2   3    0.0015      0.29   10.4   0.2    42   114   275   350   264   355 0.85 -
evm.utg3174.3                        -            435 119591at33208        -            998   6.5e-10   39.1   7.3   3   3   7.6e-06    0.0014   18.1   0.0    14    76   371   434   368   434 0.94 -
evm.utg7048.1                        -            362 119591at33208        -            998   8.7e-10   38.7   0.1   1   3     0.046       8.8    5.6   0.0    44    76    34    66    28    70 0.92 -
evm.utg7048.1                        -            362 119591at33208        -            998   8.7e-10   38.7   0.1   2   3   1.1e-08   2.1e-06   27.5   0.0     6    91    84   173    79   176 0.81 -
evm.utg7048.1                        -            362 119591at33208        -            998   8.7e-10   38.7   0.1   3   3      0.13        26    4.0   0.0    43   120   165   243   159   251 0.89 -
evm.utg5950.24                       -            446 119591at33208        -            998   1.5e-09   37.9   0.0   1   2   4.6e-10   8.7e-08   32.0   0.0     9    76    79   147    72   164 0.90 -
evm.utg5950.24                       -            446 119591at33208        -            998   1.5e-09   37.9   0.0   2   2      0.17        32    3.7   0.0    44    76   266   298   258   314 0.90 -
evm.utg439.49                        -            578 119591at33208        -            998   1.5e-09   37.9   1.2   1   2   6.3e-08   1.2e-05   25.0   0.0     8    81   330   407   326   413 0.87 -
evm.utg439.49                        -            578 119591at33208        -            998   1.5e-09   37.9   1.2   2   2   0.00092      0.18   11.2   0.1    45   155   413   534   406   549 0.75 -
evm.utg5950.24.1.5c22f287            -            477 119591at33208        -            998   1.6e-09   37.8   0.0   1   2   5.1e-10   9.7e-08   31.9   0.0     9    76    79   147    72   164 0.90 -
evm.utg5950.24.1.5c22f287            -            477 119591at33208        -            998   1.6e-09   37.8   0.0   2   2      0.18        34    3.6   0.0    44    76   297   329   289   345 0.90 -
evm.utg2967.37                       -            683 119591at33208        -            998   1.7e-09   37.7   0.0   1   3   0.00024     0.046   13.1   0.0    41   118    11    92     5    98 0.81 -
evm.utg2967.37                       -            683 119591at33208        -            998   1.7e-09   37.7   0.0   2   3   0.00018     0.035   13.5   0.0    31    99    85   156    75   162 0.82 -
evm.utg2967.37                       -            683 119591at33208        -            998   1.7e-09   37.7   0.0   3   3     4e-05    0.0076   15.7   0.0     8   113   145   254   140   261 0.78 -
evm.utg73.142.1.5c22f3bd             -            561 119591at33208        -            998     2e-09   37.5   0.4   1   2       0.1        19    4.4   0.0    44   119   269   356   235   366 0.73 -
evm.utg73.142.1.5c22f3bd             -            561 119591at33208        -            998     2e-09   37.5   0.4   2   2   7.1e-10   1.4e-07   31.4   0.3     8    97   365   458   359   484 0.77 -
evm.utg26219.6                       -            683 119591at33208        -            998   2.2e-09   37.4   0.0   1   3   0.00024     0.046   13.1   0.0    41   118    11    92     5    98 0.81 -
evm.utg26219.6                       -            683 119591at33208        -            998   2.2e-09   37.4   0.0   2   3   0.00018     0.035   13.5   0.0    31    99    85   156    75   162 0.82 -
evm.utg26219.6                       -            683 119591at33208        -            998   2.2e-09   37.4   0.0   3   3   5.3e-05      0.01   15.3   0.0     8   111   145   252   140   260 0.76 -
evm.utg1542.30                       -            977 119591at33208        -            998   2.4e-09   37.2   1.7   1   2     6e-05     0.012   15.1   0.0    42    76    64    98    57   103 0.91 -
evm.utg1542.30                       -            977 119591at33208        -            998   2.4e-09   37.2   1.7   2   2   2.6e-06   0.00049   19.6   0.1    42   142   125   237   122   257 0.74 -
evm.utg3522.83                       -           1200 119591at33208        -            998   2.9e-09   36.9  13.2   1   4    0.0074       1.4    8.2   0.4   127   164   157   194    63   282 0.79 -
evm.utg3522.83                       -           1200 119591at33208        -            998   2.9e-09   36.9  13.2   2   4   5.8e-05     0.011   15.2   0.2   534   608   703   776   686   781 0.82 -
evm.utg3522.83                       -           1200 119591at33208        -            998   2.9e-09   36.9  13.2   3   4   4.1e-06   0.00078   19.0   0.5   687   760   884   960   868   982 0.86 -
evm.utg3522.83                       -           1200 119591at33208        -            998   2.9e-09   36.9  13.2   4   4       3.7   7.1e+02   -0.8   0.1   862   896  1124  1158  1034  1170 0.76 -
evm.utg2967.37.2.5c22ee73            -            682 119591at33208        -            998   3.4e-09   36.7   0.0   1   3   0.00057      0.11   11.9   0.0    45   117    14    90    10    96 0.81 -
evm.utg2967.37.2.5c22ee73            -            682 119591at33208        -            998   3.4e-09   36.7   0.0   2   3   9.7e-05     0.018   14.4   0.0    31   104    84   160    71   163 0.81 -
evm.utg2967.37.2.5c22ee73            -            682 119591at33208        -            998   3.4e-09   36.7   0.0   3   3   4.2e-05     0.008   15.6   0.0     8   113   144   253   140   260 0.78 -
evm.utg1005.78                       -            759 119591at33208        -            998   3.5e-09   36.7   0.2   1   2   2.1e-07     4e-05   23.2   0.0    41   112   418   491   414   494 0.87 -
evm.utg1005.78                       -            759 119591at33208        -            998   3.5e-09   36.7   0.2   2   2   0.00087      0.16   11.3   0.0     9    74   633   701   589   706 0.87 -
evm.utg439.49.1.5c22f0fa.1.5c27952e  -            353 119591at33208        -            998   4.1e-09   36.5   0.2   1   2   2.8e-08   5.4e-06   26.1   0.0     8    82   191   269   187   275 0.87 -
evm.utg439.49.1.5c22f0fa.1.5c27952e  -            353 119591at33208        -            998   4.1e-09   36.5   0.2   2   2    0.0097       1.8    7.8   0.0    45    90   274   319   268   329 0.85 -
evm.utg78.65                         -            750 119591at33208        -            998   4.2e-09   36.4   0.4   1   2   2.1e-07     4e-05   23.2   0.0    41   112   409   482   405   485 0.87 -
evm.utg78.65                         -            750 119591at33208        -            998   4.2e-09   36.4   0.4   2   2   0.00093      0.18   11.2   0.1     9    74   624   692   616   697 0.82 -
evm.utg172.19                        -            489 119591at33208        -            998   4.3e-09   36.4   5.2   1   3    0.0024      0.45    9.8   0.9   113   180   207   276   193   284 0.79 -
evm.utg172.19                        -            489 119591at33208        -            998   4.3e-09   36.4   5.2   2   3   1.2e-06   0.00023   20.7   0.1    43   106   303   368   289   403 0.80 -
evm.utg172.19                        -            489 119591at33208        -            998   4.3e-09   36.4   5.2   3   3     0.018       3.4    6.9   0.0     6    76   392   466   387   470 0.87 -
evm.utg861.53.1.5c22f4a4             -            413 119591at33208        -            998   5.5e-09   36.0   0.4   1   1   4.1e-11   7.9e-09   35.5   0.4    43   147   251   365   247   372 0.79 -
evm.utg861.53.2.5c22f4a4             -            422 119591at33208        -            998   5.6e-09   36.0   0.4   1   1   4.2e-11     8e-09   35.5   0.4    43   147   251   365   247   373 0.79 -
evm.utg18125.5.1.5c22ec17            -            724 119591at33208        -            998     6e-09   35.9  13.0   1   5      0.17        32    3.7   0.3    13   104   279   375   268   389 0.67 -
evm.utg18125.5.1.5c22ec17            -            724 119591at33208        -            998     6e-09   35.9  13.0   2   5     0.043       8.2    5.7   0.6    29   117   339   433   320   448 0.71 -
evm.utg18125.5.1.5c22ec17            -            724 119591at33208        -            998     6e-09   35.9  13.0   3   5   1.4e-07   2.8e-05   23.8   0.0     7    77   552   624   546   632 0.90 -
evm.utg18125.5.1.5c22ec17            -            724 119591at33208        -            998     6e-09   35.9  13.0   4   5    0.0017      0.33   10.3   0.5    45    76   637   669   625   674 0.91 -
evm.utg18125.5.1.5c22ec17            -            724 119591at33208        -            998     6e-09   35.9  13.0   5   5       2.8   5.4e+02   -0.4   0.1    44    71   688   715   680   719 0.89 -
evm.utg911.6.2.5c22f4f3.1.5c279873   -           1182 119591at33208        -            998   6.4e-09   35.8   3.3   1   3   3.9e-05    0.0074   15.7   0.2    27   142    66   193    50   199 0.75 -
evm.utg911.6.2.5c22f4f3.1.5c279873   -           1182 119591at33208        -            998   6.4e-09   35.8   3.3   2   3   9.3e-06    0.0018   17.8   0.0     9   108   478   588   471   600 0.80 -
evm.utg911.6.2.5c22f4f3.1.5c279873   -           1182 119591at33208        -            998   6.4e-09   35.8   3.3   3   3       2.2   4.2e+02   -0.0   0.0    35    77   689   730   683   735 0.87 -
evm.utg1897.4                        -            455 119591at33208        -            998   8.1e-09   35.5   2.9   1   2     0.067        13    5.0   0.0    41    78   145   180   128   191 0.85 -
evm.utg1897.4                        -            455 119591at33208        -            998   8.1e-09   35.5   2.9   2   2   4.8e-09   9.1e-07   28.7   2.7    14   122   196   306   184   326 0.77 -
evm.utg2323.5                        -            681 119591at33208        -            998   1.1e-08   35.1   1.9   1   3   0.00038     0.072   12.5   0.0    41   118    11    92     5    98 0.80 -
evm.utg2323.5                        -            681 119591at33208        -            998   1.1e-08   35.1   1.9   2   3   0.00029     0.055   12.9   0.0    31    98    85   155    71   155 0.82 -
evm.utg2323.5                        -            681 119591at33208        -            998   1.1e-08   35.1   1.9   3   3   5.2e-05    0.0098   15.3   0.0     8   112   145   253   140   261 0.76 -
evm.utg439.49.1.5c22f0fa             -            492 119591at33208        -            998   1.2e-08   34.9   0.2   1   2     5e-08   9.5e-06   25.3   0.0     8    82   330   408   326   413 0.87 -
evm.utg439.49.1.5c22f0fa             -            492 119591at33208        -            998   1.2e-08   34.9   0.2   2   2     0.013       2.5    7.4   0.0    45    91   413   459   405   470 0.84 -
evm.utg435.1                         -            468 119591at33208        -            998   1.2e-08   34.9   3.2   1   3     0.064        12    5.1   0.0    44    76   141   173   135   177 0.92 -
evm.utg435.1                         -            468 119591at33208        -            998   1.2e-08   34.9   3.2   2   3   1.7e-08   3.3e-06   26.8   0.0     6    92   191   281   186   284 0.80 -
evm.utg435.1                         -            468 119591at33208        -            998   1.2e-08   34.9   3.2   3   3      0.14        27    3.9   0.0    43   120   272   350   265   359 0.89 -
evm.utg1205.96                       -            619 119591at33208        -            998   2.3e-08   34.0   1.7   1   2   1.5e-06   0.00029   20.4   0.8     9   108    33   135    25   143 0.89 -
evm.utg1205.96                       -            619 119591at33208        -            998   2.3e-08   34.0   1.7   2   2   0.00055      0.11   11.9   0.0    87   180   201   296   155   302 0.54 -
evm.utg101.81                        -            931 119591at33208        -            998   3.2e-08   33.5   0.1   1   3     0.011       2.1    7.6   0.0    26    77    71   124    55   131 0.79 -
evm.utg101.81                        -            931 119591at33208        -            998   3.2e-08   33.5   0.1   2   3   9.5e-06    0.0018   17.8   0.0    84   198   388   509   363   514 0.74 -
evm.utg101.81                        -            931 119591at33208        -            998   3.2e-08   33.5   0.1   3   3      0.13        25    4.0   0.0    30    76   660   707   656   715 0.85 -
evm.utg498.144                       -           1008 119591at33208        -            998   3.5e-08   33.3   5.1   1   5   5.2e-07   9.9e-05   21.9   0.1    33   124   454   552   430   559 0.82 -
evm.utg498.144                       -           1008 119591at33208        -            998   3.5e-08   33.3   5.1   2   5      0.57   1.1e+02    1.9   0.1    33    84   586   640   557   650 0.70 -
evm.utg498.144                       -           1008 119591at33208        -            998   3.5e-08   33.3   5.1   3   5         9   1.7e+03   -2.0   0.0   387   444   668   730   664   741 0.76 -
evm.utg498.144                       -           1008 119591at33208        -            998   3.5e-08   33.3   5.1   4   5    0.0055       1.1    8.6   0.0    13    77   745   811   733   823 0.86 -
evm.utg498.144                       -           1008 119591at33208        -            998   3.5e-08   33.3   5.1   5   5       8.8   1.7e+03   -2.0   0.0    42    76   931   966   925   968 0.86 -
evm.utg245.62                        -            499 119591at33208        -            998   4.7e-08   32.9   4.0   1   3    0.0012      0.23   10.8   0.2   128   180   225   275   204   285 0.85 -
evm.utg245.62                        -            499 119591at33208        -            998   4.7e-08   32.9   4.0   2   3   4.8e-05    0.0091   15.4   0.4    40   138   299   410   276   415 0.75 -
evm.utg245.62                        -            499 119591at33208        -            998   4.7e-08   32.9   4.0   3   3    0.0034      0.65    9.3   0.1     3    76   394   471   392   474 0.88 -
evm.utg389.100                       -            455 119591at33208        -            998     5e-08   32.8   3.2   1   2     0.067        13    5.0   0.0    41    78   145   180   130   192 0.84 -
evm.utg389.100                       -            455 119591at33208        -            998     5e-08   32.8   3.2   2   2   2.2e-08   4.2e-06   26.5   2.5    16   122   198   306   187   317 0.75 -
evm.utg1285.72                       -           1198 119591at33208        -            998   5.5e-08   32.7   2.7   1   3    0.0066       1.3    8.4   0.0    45    73   940   968   933   975 0.91 -
evm.utg1285.72                       -           1198 119591at33208        -            998   5.5e-08   32.7   2.7   2   3     6e-06    0.0011   18.4   0.1    10    76   992  1063   985  1094 0.85 -
evm.utg1285.72                       -           1198 119591at33208        -            998   5.5e-08   32.7   2.7   3   3      0.18        35    3.6   0.1    31   108  1101  1186  1075  1196 0.66 -
evm.utg736.1                         -            477 119591at33208        -            998   9.6e-08   31.9   0.6   1   4      0.22        43    3.3   0.0    23    67    23    67    12    74 0.76 -
evm.utg736.1                         -            477 119591at33208        -            998   9.6e-08   31.9   0.6   2   4   0.00068      0.13   11.6   0.0    14    99   166   256   156   259 0.68 -
evm.utg736.1                         -            477 119591at33208        -            998   9.6e-08   31.9   0.6   3   4     0.027       5.2    6.3   0.0    12    77   291   358   287   369 0.82 -
evm.utg736.1                         -            477 119591at33208        -            998   9.6e-08   31.9   0.6   4   4   0.00059      0.11   11.8   0.2    10    77   331   404   323   407 0.82 -
evm.utg777.49.1.5c22f40d             -            577 119591at33208        -            998     1e-07   31.8   2.1   1   3         3   5.7e+02   -0.5   0.1   305   340    98   134    93   161 0.86 -
evm.utg777.49.1.5c22f40d             -            577 119591at33208        -            998     1e-07   31.8   2.1   2   3   2.5e-05    0.0047   16.4   0.1    40   119   406   488   395   496 0.85 -
evm.utg777.49.1.5c22f40d             -            577 119591at33208        -            998     1e-07   31.8   2.1   3   3   0.00055      0.11   11.9   0.0     9    65   499   557   495   566 0.85 -
evm.utg2303.45                       -            565 119591at33208        -            998   1.4e-07   31.3   7.6   1   3    0.0058       1.1    8.5   0.2    43    77   270   304   266   346 0.83 -
evm.utg2303.45                       -            565 119591at33208        -            998   1.4e-07   31.3   7.6   2   3   0.00025     0.048   13.0   0.3    22    85   332   398   319   461 0.73 -
evm.utg2303.45                       -            565 119591at33208        -            998   1.4e-07   31.3   7.6   3   3   0.00018     0.035   13.5   0.3    54   109   496   553   437   563 0.61 -
evm.utg3872.12.1.5c22f029            -            412 119591at33208        -            998   1.4e-07   31.3   0.8   1   2     0.064        12    5.1   0.0   120   156   105   141    99   159 0.75 -
evm.utg3872.12.1.5c22f029            -            412 119591at33208        -            998   1.4e-07   31.3   0.8   2   2     0.013       2.5    7.4   0.1    40    78   239   277   232   286 0.88 -
evm.utg5985.15.3.5c22f28e            -            337 119591at33208        -            998   1.6e-07   31.1   1.2   1   3   2.1e-05    0.0039   16.6   0.1    11    80    39   120    31   171 0.76 -
evm.utg5985.15.3.5c22f28e            -            337 119591at33208        -            998   1.6e-07   31.1   1.2   2   3     0.057        11    5.3   0.1    41    78   172   209   167   214 0.90 -
evm.utg5985.15.3.5c22f28e            -            337 119591at33208        -            998   1.6e-07   31.1   1.2   3   3     0.018       3.5    6.9   0.0    14    77   238   304   227   311 0.88 -
evm.utg1009.19                       -            542 119591at33208        -            998   1.7e-07   31.1   0.1   1   3     0.097        19    4.5   0.0   120   156   204   240   198   256 0.76 -
evm.utg1009.19                       -            542 119591at33208        -            998   1.7e-07   31.1   0.1   2   3   5.6e-06    0.0011   18.5   0.0    16   108   219   324   218   330 0.68 -
evm.utg1009.19                       -            542 119591at33208        -            998   1.7e-07   31.1   0.1   3   3   4.5e-06   0.00085   18.8   0.0     9   107   262   365   256   370 0.67 -
evm.utg10470.3.1.5c22e808            -            577 119591at33208        -            998   1.7e-07   31.1   2.3   1   3       6.7   1.3e+03   -1.6   0.1   305   340    98   134    95   159 0.87 -
evm.utg10470.3.1.5c22e808            -            577 119591at33208        -            998   1.7e-07   31.1   2.3   2   3   2.7e-05    0.0051   16.3   0.1    40   119   406   488   394   492 0.85 -
evm.utg10470.3.1.5c22e808            -            577 119591at33208        -            998   1.7e-07   31.1   2.3   3   3   0.00051     0.097   12.0   0.0    10    65   500   557   495   568 0.79 -
evm.utg5985.15.2.5c22f28e            -            349 119591at33208        -            998     2e-07   30.9   1.2   1   3   2.2e-05    0.0042   16.5   0.1    11    80    39   120    31   171 0.76 -
evm.utg5985.15.2.5c22f28e            -            349 119591at33208        -            998     2e-07   30.9   1.2   2   3      0.06        11    5.2   0.1    41    78   172   209   167   214 0.90 -
evm.utg5985.15.2.5c22f28e            -            349 119591at33208        -            998     2e-07   30.9   1.2   3   3     0.019       3.7    6.8   0.0    14    77   238   304   227   311 0.88 -
evm.utg26120.19.1.5c2792a7           -            291 119591at33208        -            998   2.1e-07   30.8   0.6   1   2   0.00068      0.13   11.6   0.1    31    76   187   233   159   235 0.75 -
evm.utg26120.19.1.5c2792a7           -            291 119591at33208        -            998   2.1e-07   30.8   0.6   2   2   1.3e-05    0.0024   17.3   0.0    37    78   237   278   234   287 0.92 -
evm.utg579.18                        -            368 119591at33208        -            998   2.2e-07   30.7   1.6   1   4       2.2   4.1e+02    0.0   0.1    44    72    47    75    42    80 0.89 -
evm.utg579.18                        -            368 119591at33208        -            998   2.2e-07   30.7   1.6   2   4      0.84   1.6e+02    1.4   0.0    85   108   111   134   107   154 0.75 -
evm.utg579.18                        -            368 119591at33208        -            998   2.2e-07   30.7   1.6   3   4     3e-05    0.0058   16.1   0.0     5    76   155   231   151   235 0.86 -
evm.utg579.18                        -            368 119591at33208        -            998   2.2e-07   30.7   1.6   4   4     0.053        10    5.3   1.1     9   111   248   357   243   366 0.53 -
evm.utg5290.27.1.5c22f1dc            -            533 119591at33208        -            998   2.6e-07   30.5   7.8   1   3     0.023       4.3    6.6   0.2    43    77   238   272   235   311 0.84 -
evm.utg5290.27.1.5c22f1dc            -            533 119591at33208        -            998   2.6e-07   30.5   7.8   2   3    0.0003     0.057   12.8   0.3    22    84   300   365   288   417 0.76 -
evm.utg5290.27.1.5c22f1dc            -            533 119591at33208        -            998   2.6e-07   30.5   7.8   3   3   7.5e-05     0.014   14.8   0.3    10   109   414   521   405   531 0.58 -
evm.utg14.76                         -            335 119591at33208        -            998   2.8e-07   30.4   2.1   1   3   8.6e-05     0.016   14.6   0.1    42   155    57   175    13   184 0.84 -
evm.utg14.76                         -            335 119591at33208        -            998   2.8e-07   30.4   2.1   2   3     0.065        12    5.1   0.0    10    65   191   257   183   269 0.74 -
evm.utg14.76                         -            335 119591at33208        -            998   2.8e-07   30.4   2.1   3   3    0.0041      0.78    9.0   0.2    28    75   282   330   274   334 0.59 -
evm.utg3872.12                       -            514 119591at33208        -            998   3.2e-07   30.2   0.6   1   2     0.084        16    4.7   0.0   120   156   207   243   201   262 0.75 -
evm.utg3872.12                       -            514 119591at33208        -            998   3.2e-07   30.2   0.6   2   2     0.018       3.4    6.9   0.1    40    78   341   379   335   387 0.89 -
evm.utg5290.27                       -            565 119591at33208        -            998   3.3e-07   30.1   7.7   1   3     0.025       4.7    6.5   0.2    43    77   270   304   267   343 0.84 -
evm.utg5290.27                       -            565 119591at33208        -            998   3.3e-07   30.1   7.7   2   3   0.00033     0.062   12.7   0.3    22    84   332   397   320   449 0.76 -
evm.utg5290.27                       -            565 119591at33208        -            998   3.3e-07   30.1   7.7   3   3   8.2e-05     0.016   14.7   0.3    11   109   447   553   437   563 0.58 -
evm.utg2757.69                       -            710 119591at33208        -            998   3.8e-07   29.9   1.0   1   2   0.00012     0.024   14.1   0.1     8    77   490   561   483   594 0.75 -
evm.utg2757.69                       -            710 119591at33208        -            998   3.8e-07   29.9   1.0   2   2   0.00011     0.021   14.2   0.1    29    97   617   688   606   707 0.81 -
evm.utg5774.3.1.5c22f241             -            362 119591at33208        -            998   4.1e-07   29.8   0.6   1   2   0.00076      0.15   11.5   0.1    36    76   193   233   158   236 0.78 -
evm.utg5774.3.1.5c22f241             -            362 119591at33208        -            998   4.1e-07   29.8   0.6   2   2   2.2e-05    0.0041   16.6   0.0    37    77   237   277   234   281 0.93 -
evm.utg1285.72.1.5c22e9f6            -           1103 119591at33208        -            998   4.2e-07   29.8   0.3   1   2     0.006       1.1    8.5   0.0    45    73   940   968   933   975 0.91 -
evm.utg1285.72.1.5c22e9f6            -           1103 119591at33208        -            998   4.2e-07   29.8   0.3   2   2   5.6e-06    0.0011   18.5   0.1    10    76   992  1063   985  1087 0.85 -
evm.utg163.79                        -            772 119591at33208        -            998   5.1e-07   29.5  13.8   1   4       9.1   1.7e+03   -2.0   0.0    46    76    12    41     6    43 0.85 -
evm.utg163.79                        -            772 119591at33208        -            998   5.1e-07   29.5  13.8   2   4   1.6e-06    0.0003   20.3   0.6     6   151   145   293   140   300 0.83 -
evm.utg163.79                        -            772 119591at33208        -            998   5.1e-07   29.5  13.8   3   4       4.9   9.4e+02   -1.2   0.1   285   361   318   395   292   402 0.77 -
evm.utg163.79                        -            772 119591at33208        -            998   5.1e-07   29.5  13.8   4   4     3e-05    0.0057   16.1   0.7   514   619   599   707   581   725 0.80 -
evm.utg109.77                        -            797 119591at33208        -            998   5.2e-07   29.5   3.7   1   5   6.2e-05     0.012   15.1   0.1    44    79    64   103    38   149 0.78 -
evm.utg109.77                        -            797 119591at33208        -            998   5.2e-07   29.5   3.7   2   5       1.4   2.6e+02    0.7   0.0    13    76   173   245   170   254 0.78 -
evm.utg109.77                        -            797 119591at33208        -            998   5.2e-07   29.5   3.7   3   5       2.9   5.5e+02   -0.4   0.0    44    76   302   344   292   349 0.68 -
evm.utg109.77                        -            797 119591at33208        -            998   5.2e-07   29.5   3.7   4   5       0.2        38    3.5   0.0    10    78   597   672   591   675 0.76 -
evm.utg109.77                        -            797 119591at33208        -            998   5.2e-07   29.5   3.7   5   5     0.041       7.7    5.7   0.2    40    76   689   725   680   731 0.81 -
evm.utg1272.70                       -            437 119591at33208        -            998   5.5e-07   29.4   0.0   1   1   3.6e-09   6.9e-07   29.1   0.0     4   118    60   180    57   242 0.84 -
evm.utg5774.3                        -            408 119591at33208        -            998   5.7e-07   29.4   0.6   1   1   9.1e-08   1.7e-05   24.4   0.6    37   110   194   270   159   280 0.75 -
evm.utg1194.15                       -            416 119591at33208        -            998   5.7e-07   29.4   4.4   1   3    0.0023      0.44    9.9   0.9   119   180   140   199   130   218 0.81 -
evm.utg1194.15                       -            416 119591at33208        -            998   5.7e-07   29.4   4.4   2   3   0.00041     0.079   12.3   0.0    33    76   219   259   202   267 0.81 -
evm.utg1194.15                       -            416 119591at33208        -            998   5.7e-07   29.4   4.4   3   3     0.015       2.9    7.2   0.0     4    76   311   387   308   392 0.80 -
evm.utg4155.43                       -            416 119591at33208        -            998   6.4e-07   29.2   4.2   1   3    0.0024      0.46    9.8   0.9   119   180   140   199   129   218 0.81 -
evm.utg4155.43                       -            416 119591at33208        -            998   6.4e-07   29.2   4.2   2   3   0.00052     0.098   12.0   0.0    36    76   222   259   204   267 0.84 -
evm.utg4155.43                       -            416 119591at33208        -            998   6.4e-07   29.2   4.2   3   3     0.015       2.9    7.2   0.0     4    76   311   387   308   392 0.80 -
evm.utg26120.19                      -            408 119591at33208        -            998   6.5e-07   29.2   0.5   1   1     1e-07     2e-05   24.2   0.5    36   110   193   270   159   280 0.73 -
evm.utg370.1                         -            190 119591at33208        -            998   6.7e-07   29.1   0.0   1   2     0.011         2    7.7   0.0    48   107    13    83     7    91 0.58 -
evm.utg370.1                         -            190 119591at33208        -            998   6.7e-07   29.1   0.0   2   2   1.1e-05    0.0021   17.5   0.0    39    76   117   154   107   174 0.86 -
evm.utg2967.37.1.5c22ee73            -            636 119591at33208        -            998   7.1e-07   29.0   0.0   1   2    0.0014      0.26   10.6   0.0    42   119    11    91     6    98 0.80 -
evm.utg2967.37.1.5c22ee73            -            636 119591at33208        -            998   7.1e-07   29.0   0.0   2   2   3.5e-05    0.0066   15.9   0.0     8   113   101   210    95   217 0.78 -
evm.utg378.33                        -            500 119591at33208        -            998   7.2e-07   29.0   0.9   1   2   0.00084      0.16   11.3   0.2    42   101    88   150    74   161 0.78 -
evm.utg378.33                        -            500 119591at33208        -            998   7.2e-07   29.0   0.9   2   2   2.6e-05     0.005   16.3   0.0    10   119   293   414   286   420 0.79 -
evm.utg73.56                         -            309 119591at33208        -            998   7.6e-07   28.9   3.2   1   3     0.039       7.5    5.8   0.0    44    81    13    50     8    58 0.91 -
evm.utg73.56                         -            309 119591at33208        -            998   7.6e-07   28.9   3.2   2   3   2.1e-06    0.0004   19.9   0.4    14   120    23   135    20   142 0.75 -
evm.utg73.56                         -            309 119591at33208        -            998   7.6e-07   28.9   3.2   3   3     0.025       4.7    6.5   0.2    29   107   208   292   189   304 0.74 -
evm.utg2483.3                        -            367 119591at33208        -            998   7.6e-07   28.9   4.3   1   3   0.00012     0.024   14.1   0.3    44   124   143   226   138   230 0.84 -
evm.utg2483.3                        -            367 119591at33208        -            998   7.6e-07   28.9   4.3   2   3    0.0045      0.86    8.9   0.1    42   109   183   252   176   265 0.84 -
evm.utg2483.3                        -            367 119591at33208        -            998   7.6e-07   28.9   4.3   3   3   8.7e-05     0.017   14.6   0.5    12   115   235   342   230   350 0.75 -
evm.utg2483.3.1.5c22edbc             -            367 119591at33208        -            998   7.6e-07   28.9   4.3   1   3   0.00012     0.024   14.1   0.3    44   124   143   226   138   230 0.84 -
evm.utg2483.3.1.5c22edbc             -            367 119591at33208        -            998   7.6e-07   28.9   4.3   2   3    0.0045      0.86    8.9   0.1    42   109   183   252   176   265 0.84 -
evm.utg2483.3.1.5c22edbc             -            367 119591at33208        -            998   7.6e-07   28.9   4.3   3   3   8.7e-05     0.017   14.6   0.5    12   115   235   342   230   350 0.75 -
evm.utg1882.2                        -            644 119591at33208        -            998   1.1e-06   28.4   0.1   1   3   6.8e-05     0.013   14.9   0.0    30    76   409   455   391   462 0.83 -
evm.utg1882.2                        -            644 119591at33208        -            998   1.1e-06   28.4   0.1   2   3      0.28        54    3.0   0.0    37    78   467   508   462   515 0.89 -
evm.utg1882.2                        -            644 119591at33208        -            998   1.1e-06   28.4   0.1   3   3     0.018       3.5    6.9   0.0   194   235   554   595   519   616 0.77 -
evm.utg301.67                        -           3787 119591at33208        -            998   1.2e-06   28.3   1.0   1   1   9.2e-09   1.8e-06   27.7   1.0    44   136  3384  3482  3346  3506 0.87 -
evm.utg777.49.2.5c22f40d             -            602 119591at33208        -            998   1.5e-06   28.0   1.7   1   3       3.2   6.1e+02   -0.5   0.1   305   340    98   134    93   161 0.86 -
evm.utg777.49.2.5c22f40d             -            602 119591at33208        -            998   1.5e-06   28.0   1.7   2   3   5.4e-05      0.01   15.3   0.1    41   118   407   487   397   488 0.84 -
evm.utg777.49.2.5c22f40d             -            602 119591at33208        -            998   1.5e-06   28.0   1.7   3   3   1.4e-06   0.00026   20.5   0.1    40   115   448   526   443   543 0.86 -
evm.utg1285.17                       -            455 119591at33208        -            998   1.5e-06   27.9   0.1   1   2   5.8e-05     0.011   15.2   0.0    44    76    49    81    39   105 0.90 -
evm.utg1285.17                       -            455 119591at33208        -            998   1.5e-06   27.9   0.1   2   2    0.0012      0.22   10.8   0.0    63   115   392   448   379   454 0.51 -
evm.utg4709.34                       -            823 119591at33208        -            998     2e-06   27.6   0.5   1   1   2.5e-08   4.8e-06   26.3   0.5     9    78    21    92    14    97 0.89 -
evm.utg2017.23                       -           1116 119591at33208        -            998   2.4e-06   27.3   0.2   1   3     0.006       1.1    8.5   0.0    10    84    96   171    91   175 0.79 -
evm.utg2017.23                       -           1116 119591at33208        -            998   2.4e-06   27.3   0.2   2   3   4.9e-05    0.0093   15.4   0.0    19    88   196   268   177   285 0.78 -
evm.utg2017.23                       -           1116 119591at33208        -            998   2.4e-06   27.3   0.2   3   3       6.7   1.3e+03   -1.6   0.0   446   491   529   574   514   592 0.82 -
evm.utg15552.3                       -            751 119591at33208        -            998   2.8e-06   27.0   1.4   1   2    0.0052      0.99    8.7   0.9   127   164   157   194    61   281 0.78 -
evm.utg15552.3                       -            751 119591at33208        -            998   2.8e-06   27.0   1.4   2   2   5.3e-05      0.01   15.3   0.0   517   572   688   743   671   750 0.85 -
evm.utg2159.31.4.5c22ed19.1.5c2791f0 -           1007 119591at33208        -            998     3e-06   27.0   8.4   1   4    0.0012      0.22   10.8   0.2    40    96   410   466   404   490 0.73 -
evm.utg2159.31.4.5c22ed19.1.5c2791f0 -           1007 119591at33208        -            998     3e-06   27.0   8.4   2   4    0.0035      0.66    9.3   0.5    40    77   531   568   502   610 0.75 -
evm.utg2159.31.4.5c22ed19.1.5c2791f0 -           1007 119591at33208        -            998     3e-06   27.0   8.4   3   4       2.4   4.5e+02   -0.1   0.0    18    52   592   627   584   631 0.83 -
evm.utg2159.31.4.5c22ed19.1.5c2791f0 -           1007 119591at33208        -            998     3e-06   27.0   8.4   4   4    0.0039      0.75    9.1   0.1    21    76   642   698   634   703 0.89 -
evm.utg1748.16                       -            702 119591at33208        -            998   3.2e-06   26.9   9.5   1   4    0.0011      0.22   10.9   0.3    40    83   410   451   404   492 0.75 -
evm.utg1748.16                       -            702 119591at33208        -            998   3.2e-06   26.9   9.5   2   4     0.007       1.3    8.3   0.5    40    87   531   581   505   609 0.73 -
evm.utg1748.16                       -            702 119591at33208        -            998   3.2e-06   26.9   9.5   3   4      0.59   1.1e+02    1.9   0.0    18    53   592   628   584   632 0.83 -
evm.utg1748.16                       -            702 119591at33208        -            998   3.2e-06   26.9   9.5   4   4    0.0029      0.55    9.5   0.1    21    76   642   698   634   700 0.88 -
evm.utg736.53                        -            495 119591at33208        -            998   3.5e-06   26.7   1.0   1   3   7.4e-05     0.014   14.8   0.0    44   110   152   220   144   230 0.82 -
evm.utg736.53                        -            495 119591at33208        -            998   3.5e-06   26.7   1.0   2   3       3.5   6.6e+02   -0.6   0.0    42   101   274   335   270   360 0.67 -
evm.utg736.53                        -            495 119591at33208        -            998   3.5e-06   26.7   1.0   3   3    0.0028      0.54    9.6   0.1    42    78   360   396   319   424 0.73 -
evm.utg405.2                         -            495 119591at33208        -            998   3.6e-06   26.7   1.0   1   3   7.4e-05     0.014   14.8   0.0    44   110   152   220   144   230 0.82 -
evm.utg405.2                         -            495 119591at33208        -            998   3.6e-06   26.7   1.0   2   3       3.5   6.6e+02   -0.6   0.0    42   101   274   335   270   360 0.67 -
evm.utg405.2                         -            495 119591at33208        -            998   3.6e-06   26.7   1.0   3   3    0.0028      0.54    9.6   0.1    42    78   360   396   319   424 0.73 -
evm.utg4972.23.2.5c22f18b            -            508 119591at33208        -            998   4.1e-06   26.5   4.1   1   3     0.046       8.7    5.6   0.1    43    76   342   373   336   376 0.89 -
evm.utg4972.23.2.5c22f18b            -            508 119591at33208        -            998   4.1e-06   26.5   4.1   2   3   0.00046     0.088   12.2   0.3    16    80   353   419   352   423 0.76 -
evm.utg4972.23.2.5c22f18b            -            508 119591at33208        -            998   4.1e-06   26.5   4.1   3   3    0.0011       0.2   11.0   0.3    41    97   428   484   420   495 0.77 -
evm.utg2433.4                        -            480 119591at33208        -            998   4.1e-06   26.5   0.1   1   1   3.3e-05    0.0063   16.0   0.1    10   188   223   414   214   421 0.70 -
evm.utg378.105                       -            554 119591at33208        -            998   4.7e-06   26.3   0.6   1   2   5.6e-07   0.00011   21.8   0.0    15   106    31   126    25   218 0.75 -
evm.utg378.105                       -            554 119591at33208        -            998   4.7e-06   26.3   0.6   2   2      0.32        60    2.8   0.1    54   117   258   325   245   329 0.82 -
evm.utg910.142                       -            323 119591at33208        -            998   4.9e-06   26.2   0.6   1   3   2.2e-05    0.0041   16.6   0.1    40   136    44   102     2   115 0.53 -
evm.utg910.142                       -            323 119591at33208        -            998   4.9e-06   26.2   0.6   2   3      0.18        33    3.6   0.0    31   103   166   241   148   250 0.83 -
evm.utg910.142                       -            323 119591at33208        -            998   4.9e-06   26.2   0.6   3   3      0.31        60    2.8   0.0    43    74   277   308   266   311 0.88 -
evm.utg5774.24                       -            295 119591at33208        -            998   5.9e-06   26.0   0.8   1   2     0.027         5    6.4   0.1    10    77   117   190   109   208 0.76 -
evm.utg5774.24                       -            295 119591at33208        -            998   5.9e-06   26.0   0.8   2   2   5.4e-06     0.001   18.6   0.1    24    77   217   272   198   277 0.82 -
evm.utg194.33                        -            633 119591at33208        -            998   5.9e-06   26.0   0.4   1   3       8.2   1.6e+03   -1.9   0.0   300   348   204   252   199   277 0.80 -
evm.utg194.33                        -            633 119591at33208        -            998   5.9e-06   26.0   0.4   2   3     0.038       7.2    5.8   0.0    28    81   442   497   440   499 0.86 -
evm.utg194.33                        -            633 119591at33208        -            998   5.9e-06   26.0   0.4   3   3   1.7e-07   3.3e-05   23.5   0.1    28    96   485   553   465   560 0.80 -
evm.utg320.49                        -            928 119591at33208        -            998   6.3e-06   25.9   0.0   1   2    0.0099       1.9    7.8   0.0     8    75   130   199   127   204 0.86 -
evm.utg320.49                        -            928 119591at33208        -            998   6.3e-06   25.9   0.0   2   2   4.5e-05    0.0085   15.5   0.0    16    76   601   664   590   670 0.77 -
evm.utg13607.5                       -           1071 119591at33208        -            998   8.1e-06   25.5   0.6   1   3      0.34        65    2.7   0.1    44    76   138   171   121   174 0.85 -
evm.utg13607.5                       -           1071 119591at33208        -            998   8.1e-06   25.5   0.6   2   3     0.002      0.38   10.1   0.0    23    85   202   269   175   314 0.57 -
evm.utg13607.5                       -           1071 119591at33208        -            998   8.1e-06   25.5   0.6   3   3    0.0036      0.69    9.2   0.0   512   564   649   701   630   743 0.86 -
evm.utg1005.5                        -            983 119591at33208        -            998   8.1e-06   25.5   9.2   1   4       1.2   2.2e+02    0.9   0.1    45    76   693   724   688   731 0.90 -
evm.utg1005.5                        -            983 119591at33208        -            998   8.1e-06   25.5   9.2   2   4    0.0024      0.45    9.8   0.2    14    75   744   805   736   808 0.82 -
evm.utg1005.5                        -            983 119591at33208        -            998   8.1e-06   25.5   9.2   3   4   0.00055       0.1   11.9   0.0    59   154   839   936   822   940 0.73 -
evm.utg1005.5                        -            983 119591at33208        -            998   8.1e-06   25.5   9.2   4   4     0.013       2.6    7.3   0.7    22    78   922   981   918   982 0.81 -
utg356.equina_smart_371689.mrna1     -            318 119591at33208        -            998   8.5e-06   25.5   0.3   1   3   6.4e-05     0.012   15.0   0.0     9   104    41   142    35   201 0.79 -
utg356.equina_smart_371689.mrna1     -            318 119591at33208        -            998   8.5e-06   25.5   0.3   2   3       1.6   3.1e+02    0.5   0.0    44    77   214   247   209   263 0.76 -
utg356.equina_smart_371689.mrna1     -            318 119591at33208        -            998   8.5e-06   25.5   0.3   3   3     0.023       4.4    6.6   0.0     8    56   261   311   254   315 0.85 -
evm.utg967.29.1.5c22f549             -            266 119591at33208        -            998   8.5e-06   25.5   1.6   1   1   1.7e-07   3.2e-05   23.6   1.6    37   219    46   230    12   257 0.74 -
evm.utg376.68                        -            977 119591at33208        -            998     9e-06   25.4   0.6   1   3      0.31        58    2.8   0.1    44    76   138   171   116   174 0.86 -
evm.utg376.68                        -            977 119591at33208        -            998     9e-06   25.4   0.6   2   3    0.0018      0.34   10.3   0.0    23    85   202   269   175   314 0.57 -
evm.utg376.68                        -            977 119591at33208        -            998     9e-06   25.4   0.6   3   3    0.0051      0.97    8.7   0.0   512   564   649   701   631   743 0.86 -
evm.utg376.68.1.5c22efd2             -            978 119591at33208        -            998     9e-06   25.4   0.6   1   3      0.31        58    2.8   0.1    44    76   138   171   116   174 0.86 -
evm.utg376.68.1.5c22efd2             -            978 119591at33208        -            998     9e-06   25.4   0.6   2   3    0.0018      0.34   10.3   0.0    23    85   202   269   175   314 0.57 -
evm.utg376.68.1.5c22efd2             -            978 119591at33208        -            998     9e-06   25.4   0.6   3   3    0.0051      0.97    8.7   0.0   512   564   649   701   631   743 0.86 -
evm.utg1281.13                       -            378 119591at33208        -            998     1e-05   25.2   2.9   1   2   8.8e-06    0.0017   17.9   0.7    88   200    49   165    45   169 0.84 -
evm.utg1281.13                       -            378 119591at33208        -            998     1e-05   25.2   2.9   2   2     0.013       2.5    7.3   0.1    90   143   283   340   279   344 0.82 -
evm.utg243.69                        -           1751 119591at33208        -            998   1.1e-05   25.1  13.1   1   3   0.00081      0.15   11.4   2.1    27   179    35   199    27   202 0.74 -
evm.utg243.69                        -           1751 119591at33208        -            998   1.1e-05   25.1  13.1   2   3   0.00048     0.091   12.1   1.6    45   203   311   477   290   538 0.67 -
evm.utg243.69                        -           1751 119591at33208        -            998   1.1e-05   25.1  13.1   3   3     0.037         7    5.9   0.0   706   754  1044  1092   982  1101 0.80 -
evm.utg2159.31.4.5c22ed19            -           1335 119591at33208        -            998   1.1e-05   25.1   8.6   1   4    0.0016      0.31   10.3   0.2    40    96   410   466   404   489 0.73 -
evm.utg2159.31.4.5c22ed19            -           1335 119591at33208        -            998   1.1e-05   25.1   8.6   2   4    0.0047       0.9    8.8   0.6    40    87   531   581   503   614 0.74 -
evm.utg2159.31.4.5c22ed19            -           1335 119591at33208        -            998   1.1e-05   25.1   8.6   3   4       3.2   6.1e+02   -0.5   0.0    18    52   592   627   583   631 0.83 -
evm.utg2159.31.4.5c22ed19            -           1335 119591at33208        -            998   1.1e-05   25.1   8.6   4   4    0.0055         1    8.6   0.1    21    76   642   698   634   703 0.89 -
evm.utg150.51                        -            579 119591at33208        -            998   1.2e-05   25.0   0.2   1   1   9.9e-08   1.9e-05   24.3   0.2    16   162   347   500   337   565 0.85 -
evm.utg2159.31.3.5c22ed19            -           1403 119591at33208        -            998   1.4e-05   24.8   8.6   1   3    0.0017      0.33   10.3   0.2    40    96   410   466   404   489 0.73 -
evm.utg2159.31.3.5c22ed19            -           1403 119591at33208        -            998   1.4e-05   24.8   8.6   2   3    0.0046      0.88    8.9   0.7    40    96   531   592   503   628 0.75 -
evm.utg2159.31.3.5c22ed19            -           1403 119591at33208        -            998   1.4e-05   24.8   8.6   3   3    0.0058       1.1    8.5   0.1    21    76   642   698   634   703 0.89 -
evm.utg1396.16                       -           1751 119591at33208        -            998   1.6e-05   24.6   5.9   1   6      0.08        15    4.8   0.3    51   162    19   147     8   235 0.65 -
evm.utg1396.16                       -           1751 119591at33208        -            998   1.6e-05   24.6   5.9   2   6       7.3   1.4e+03   -1.7   0.1   129   153   288   312   275   336 0.89 -
evm.utg1396.16                       -           1751 119591at33208        -            998   1.6e-05   24.6   5.9   3   6     0.078        15    4.8   0.2   528   577   624   673   608   702 0.84 -
evm.utg1396.16                       -           1751 119591at33208        -            998   1.6e-05   24.6   5.9   4   6    0.0044      0.84    8.9   1.8   669   751   687   772   665   782 0.75 -
evm.utg1396.16                       -           1751 119591at33208        -            998   1.6e-05   24.6   5.9   5   6      0.83   1.6e+02    1.4   4.3   696   753   889   949   780   959 0.77 -
evm.utg1396.16                       -           1751 119591at33208        -            998   1.6e-05   24.6   5.9   6   6   8.2e-08   1.6e-05   24.6   5.9   581   750   980  1176   968  1183 0.72 -
evm.utg2159.31.2.5c22ed19            -           1510 119591at33208        -            998   1.8e-05   24.4   8.7   1   4    0.0019      0.36   10.1   0.2    40    96   410   466   404   489 0.73 -
evm.utg2159.31.2.5c22ed19            -           1510 119591at33208        -            998   1.8e-05   24.4   8.7   2   4    0.0065       1.2    8.4   0.6    40    77   531   568   508   610 0.75 -
evm.utg2159.31.2.5c22ed19            -           1510 119591at33208        -            998   1.8e-05   24.4   8.7   3   4       3.5   6.8e+02   -0.7   0.0    18    52   592   627   581   631 0.83 -
evm.utg2159.31.2.5c22ed19            -           1510 119591at33208        -            998   1.8e-05   24.4   8.7   4   4    0.0063       1.2    8.4   0.1    21    76   642   698   634   703 0.89 -
evm.utg2159.31.1.5c22ed19            -           1510 119591at33208        -            998   1.8e-05   24.4   8.7   1   4    0.0019      0.36   10.1   0.2    40    96   410   466   404   489 0.73 -
evm.utg2159.31.1.5c22ed19            -           1510 119591at33208        -            998   1.8e-05   24.4   8.7   2   4    0.0065       1.2    8.4   0.6    40    77   531   568   508   610 0.75 -
evm.utg2159.31.1.5c22ed19            -           1510 119591at33208        -            998   1.8e-05   24.4   8.7   3   4       3.5   6.8e+02   -0.7   0.0    18    52   592   627   581   631 0.83 -
evm.utg2159.31.1.5c22ed19            -           1510 119591at33208        -            998   1.8e-05   24.4   8.7   4   4    0.0063       1.2    8.4   0.1    21    76   642   698   634   703 0.89 -
evm.utg5985.15.1.5c22f28e            -            350 119591at33208        -            998   1.9e-05   24.3   1.9   1   3    0.0013      0.25   10.7   0.2    46    80    99   133    65   185 0.71 -
evm.utg5985.15.1.5c22f28e            -            350 119591at33208        -            998   1.9e-05   24.3   1.9   2   3      0.06        11    5.2   0.1    41    78   185   222   180   227 0.90 -
evm.utg5985.15.1.5c22f28e            -            350 119591at33208        -            998   1.9e-05   24.3   1.9   3   3     0.019       3.7    6.8   0.0    14    77   251   317   240   324 0.88 -
evm.utg659.9                         -            354 119591at33208        -            998   1.9e-05   24.3   3.1   1   2   1.3e-05    0.0024   17.3   0.7    88   200    48   164    44   168 0.83 -
evm.utg659.9                         -            354 119591at33208        -            998   1.9e-05   24.3   3.1   2   2     0.014       2.7    7.3   0.1    90   143   282   339   278   344 0.83 -
evm.utg194.98                        -            510 119591at33208        -            998   1.9e-05   24.3   1.6   1   2   6.1e-07   0.00012   21.7   1.4    35   232   255   461   236   465 0.79 -
evm.utg194.98                        -            510 119591at33208        -            998   1.9e-05   24.3   1.6   2   2      0.23        43    3.3   0.0     6    71   438   503   433   508 0.89 -
evm.utg78.65.1.5c22f420              -            558 119591at33208        -            998   1.9e-05   24.3   0.0   1   1   1.4e-07   2.7e-05   23.8   0.0    41   112   409   482   405   485 0.87 -
evm.utg801.96                        -            430 119591at33208        -            998     2e-05   24.3   0.1   1   1   1.8e-07   3.4e-05   23.5   0.1    25   117   249   349   235   359 0.79 -
evm.utg3174.3.1.5c22eeec             -            350 119591at33208        -            998   2.1e-05   24.2   0.7   1   1   1.5e-07   2.9e-05   23.7   0.7     8   116   197   310   191   332 0.83 -
evm.utg2159.31                       -           1576 119591at33208        -            998   2.1e-05   24.2   8.6   1   4     0.002      0.38   10.1   0.2    40    96   410   466   404   489 0.73 -
evm.utg2159.31                       -           1576 119591at33208        -            998   2.1e-05   24.2   8.6   2   4    0.0068       1.3    8.3   0.6    40    77   531   568   508   610 0.75 -
evm.utg2159.31                       -           1576 119591at33208        -            998   2.1e-05   24.2   8.6   3   4       4.2   8.1e+02   -0.9   0.0    19    52   593   627   586   631 0.83 -
evm.utg2159.31                       -           1576 119591at33208        -            998   2.1e-05   24.2   8.6   4   4    0.0066       1.3    8.4   0.1    21    76   642   698   634   703 0.89 -
evm.utg14876.4                       -            838 119591at33208        -            998   2.1e-05   24.2   0.1   1   2   1.1e-07   2.1e-05   24.2   0.1   512   618   150   259   134   271 0.77 -
evm.utg14876.4                       -            838 119591at33208        -            998   2.1e-05   24.2   0.1   2   2      0.67   1.3e+02    1.7   6.5   573   717   335   489   308   538 0.71 -
evm.utg5985.15                       -            362 119591at33208        -            998   2.2e-05   24.1   1.9   1   3    0.0014      0.27   10.6   0.2    46    80    99   133    66   185 0.71 -
evm.utg5985.15                       -            362 119591at33208        -            998   2.2e-05   24.1   1.9   2   3     0.064        12    5.1   0.1    41    78   185   222   180   226 0.90 -
evm.utg5985.15                       -            362 119591at33208        -            998   2.2e-05   24.1   1.9   3   3     0.021       3.9    6.7   0.0    14    77   251   317   240   324 0.88 -
evm.utg1819.13                       -            476 119591at33208        -            998   2.5e-05   23.9   0.2   1   1   1.3e-07   2.5e-05   23.9   0.2    32   118   226   313   211   345 0.83 -
evm.utg320.117                       -           1043 119591at33208        -            998   2.5e-05   23.9   9.7   1   3       1.8   3.4e+02    0.3   0.0   133   153    20    40    11    44 0.87 -
evm.utg320.117                       -           1043 119591at33208        -            998   2.5e-05   23.9   9.7   2   3   1.8e-07   3.3e-05   23.5   0.1   512   618   353   462   337   473 0.78 -
evm.utg320.117                       -           1043 119591at33208        -            998   2.5e-05   23.9   9.7   3   3      0.97   1.9e+02    1.2   3.3   552   672   575   691   520   744 0.55 -
evm.utg2083.46                       -            338 119591at33208        -            998   2.5e-05   23.9   0.4   1   3   3.1e-05    0.0058   16.1   0.1     5    94    17   114    14   117 0.74 -
evm.utg2083.46                       -            338 119591at33208        -            998   2.5e-05   23.9   0.4   2   3     0.046       8.8    5.6   0.0   137   232   118   211   101   215 0.81 -
evm.utg2083.46                       -            338 119591at33208        -            998   2.5e-05   23.9   0.4   3   3       6.5   1.2e+03   -1.6   0.0    56    76   284   304   276   309 0.88 -
evm.utg5985.15.5.5c22f28e            -            278 119591at33208        -            998   2.9e-05   23.7   1.3   1   2   1.4e-05    0.0026   17.2   0.1    11    80    39   120    31   171 0.76 -
evm.utg5985.15.5.5c22f28e            -            278 119591at33208        -            998   2.9e-05   23.7   1.3   2   2     0.044       8.3    5.6   0.1    41    78   172   209   167   214 0.90 -
evm.utg7127.48                       -            998 119591at33208        -            998   3.1e-05   23.6   2.6   1   2    0.0051      0.97    8.7   0.1    87   178   539   637   522   646 0.79 -
evm.utg7127.48                       -            998 119591at33208        -            998   3.1e-05   23.6   2.6   2   2    0.0001     0.019   14.3   0.0     3    76   802   881   800   887 0.84 -
evm.utg15552.1                       -            308 119591at33208        -            998   3.6e-05   23.4   4.1   1   2   2.6e-07   4.9e-05   22.9   0.4   685   759    16    93     7   115 0.88 -
evm.utg15552.1                       -            308 119591at33208        -            998   3.6e-05   23.4   4.1   2   2      0.54     1e+02    2.0   0.3   861   897   231   267   174   300 0.78 -
evm.utg9769.3                        -            553 119591at33208        -            998   3.7e-05   23.4   0.1   1   4       9.1   1.7e+03   -2.0   0.0   169   204   191   226   163   234 0.78 -
evm.utg9769.3                        -            553 119591at33208        -            998   3.7e-05   23.4   0.1   2   4     0.057        11    5.3   0.0    10    44   239   274   230   281 0.87 -
evm.utg9769.3                        -            553 119591at33208        -            998   3.7e-05   23.4   0.1   3   4     0.001       0.2   11.0   0.0    15    83   289   358   279   369 0.77 -
evm.utg9769.3                        -            553 119591at33208        -            998   3.7e-05   23.4   0.1   4   4      0.32        61    2.8   0.0   134   188   373   430   368   436 0.73 -
evm.utg15211.1                       -            289 119591at33208        -            998   3.8e-05   23.3   0.2   1   3     0.017       3.2    7.0   0.0    28   119    18   112    13   120 0.63 -
evm.utg15211.1                       -            289 119591at33208        -            998   3.8e-05   23.3   0.2   2   3    0.0025      0.47    9.8   0.0    46    75   123   152   104   156 0.76 -
evm.utg15211.1                       -            289 119591at33208        -            998   3.8e-05   23.3   0.2   3   3      0.21        39    3.4   0.0    49    77   169   197   158   204 0.89 -
evm.utg616.9                         -            671 119591at33208        -            998     4e-05   23.2  10.5   1   4     0.024       4.6    6.5   0.6    15    95   350   432   340   436 0.79 -
evm.utg616.9                         -            671 119591at33208        -            998     4e-05   23.2  10.5   2   4   1.3e-05    0.0025   17.3   0.3    24    98   437   515   430   518 0.78 -
evm.utg616.9                         -            671 119591at33208        -            998     4e-05   23.2  10.5   3   4     0.006       1.1    8.5   0.1    31    78   487   533   487   540 0.86 -
evm.utg616.9                         -            671 119591at33208        -            998     4e-05   23.2  10.5   4   4     0.068        13    5.0   0.5     9    97   506   597   501   619 0.64 -
evm.utg715.1                         -            408 119591at33208        -            998   4.1e-05   23.2   1.2   1   3       4.3   8.2e+02   -1.0   0.0    43    76   104   137    97   143 0.89 -
evm.utg715.1                         -            408 119591at33208        -            998   4.1e-05   23.2   1.2   2   3     0.033       6.2    6.1   0.0    28   118   177   270   172   278 0.61 -
evm.utg715.1                         -            408 119591at33208        -            998   4.1e-05   23.2   1.2   3   3    0.0014      0.27   10.5   0.1    47    77   283   313   262   357 0.55 -
evm.utg4271.15                       -            398 119591at33208        -            998   4.1e-05   23.2   1.4   1   3       6.6   1.3e+03   -1.6   0.0    46    77    97   129    89   138 0.82 -
evm.utg4271.15                       -            398 119591at33208        -            998   4.1e-05   23.2   1.4   2   3    0.0031      0.59    9.4   0.0    29    76   166   215   151   225 0.82 -
evm.utg4271.15                       -            398 119591at33208        -            998   4.1e-05   23.2   1.4   3   3   0.00082      0.16   11.3   0.0    25    80   310   366   297   368 0.88 -
evm.utg109.41.1.5c22e88a             -            506 119591at33208        -            998   4.2e-05   23.2   0.1   1   1   3.6e-07   6.8e-05   22.5   0.1    11   109   354   456   348   475 0.85 -
evm.utg801.40                        -            682 119591at33208        -            998   4.5e-05   23.1   0.5   1   3   4.2e-06   0.00081   18.9   0.1    41   110    16    89     4   108 0.79 -
evm.utg801.40                        -            682 119591at33208        -            998   4.5e-05   23.1   0.5   2   3       2.5   4.8e+02   -0.2   0.0    14    40   258   285   255   319 0.72 -
evm.utg801.40                        -            682 119591at33208        -            998   4.5e-05   23.1   0.5   3   3       2.9   5.5e+02   -0.4   0.0    44   105   544   607   523   620 0.72 -
evm.utg2303.45.1.5c22ed61            -            469 119591at33208        -            998   6.3e-05   22.6   1.9   1   2    0.0046      0.88    8.9   0.2    43    77   270   304   267   346 0.82 -
evm.utg2303.45.1.5c22ed61            -            469 119591at33208        -            998   6.3e-05   22.6   1.9   2   2   0.00023     0.045   13.2   0.3    22    84   332   397   320   450 0.75 -
evm.utg7412.19                       -            738 119591at33208        -            998   6.7e-05   22.5   2.7   1   2   7.9e-06    0.0015   18.0   0.0     7    76    95   167    90   171 0.87 -
evm.utg7412.19                       -            738 119591at33208        -            998   6.7e-05   22.5   2.7   2   2      0.18        34    3.6   0.1    44   123   311   397   276   406 0.65 -
evm.utg101.48.1.5c22e7c5             -            295 119591at33208        -            998   6.8e-05   22.5   0.3   1   2   6.7e-05     0.013   15.0   0.1   124   156    43    75    35   111 0.77 -
evm.utg101.48.1.5c22e7c5             -            295 119591at33208        -            998   6.8e-05   22.5   0.3   2   2     0.041       7.8    5.7   0.0    16    79   149   224   138   227 0.68 -
evm.utg622.116                       -            447 119591at33208        -            998   7.1e-05   22.4   0.3   1   3   0.00013     0.025   14.0   0.2    41   108    90   160    51   202 0.79 -
evm.utg622.116                       -            447 119591at33208        -            998   7.1e-05   22.4   0.3   2   3      0.87   1.7e+02    1.3   0.0    41    74   207   240   188   247 0.83 -
evm.utg622.116                       -            447 119591at33208        -            998   7.1e-05   22.4   0.3   3   3      0.25        48    3.1   0.0    17    65   384   433   377   444 0.74 -
evm.utg577.63                        -            506 119591at33208        -            998   7.2e-05   22.4   5.0   1   3   0.00013     0.025   14.0   1.4    41   132   202   299   196   312 0.78 -
evm.utg577.63                        -            506 119591at33208        -            998   7.2e-05   22.4   5.0   2   3      0.34        65    2.7   0.0    10    56   339   393   331   439 0.66 -
evm.utg577.63                        -            506 119591at33208        -            998   7.2e-05   22.4   5.0   3   3     0.079        15    4.8   0.0    16    75   442   504   431   505 0.84 -
evm.utg139908.1                      -            208 119591at33208        -            998   8.3e-05   22.2   0.0   1   1   9.8e-07   0.00019   21.0   0.0    44   186    47   194     2   205 0.83 -
evm.utg2298.26                       -           1536 119591at33208        -            998   9.3e-05   22.0   6.2   1   7     0.051       9.7    5.4   0.4    51   178    19   160     8   235 0.64 -
evm.utg2298.26                       -           1536 119591at33208        -            998   9.3e-05   22.0   6.2   2   7       6.5   1.2e+03   -1.6   0.1   129   152   288   311   274   316 0.85 -
evm.utg2298.26                       -           1536 119591at33208        -            998   9.3e-05   22.0   6.2   3   7       6.4   1.2e+03   -1.5   0.4   130   153   289   312   286   382 0.64 -
evm.utg2298.26                       -           1536 119591at33208        -            998   9.3e-05   22.0   6.2   4   7     0.076        15    4.8   0.2   528   577   608   657   598   681 0.84 -
evm.utg2298.26                       -           1536 119591at33208        -            998   9.3e-05   22.0   6.2   5   7    0.0053         1    8.7   1.4   689   751   691   756   651   766 0.80 -
evm.utg2298.26                       -           1536 119591at33208        -            998   9.3e-05   22.0   6.2   6   7       1.1   2.2e+02    0.9   5.3   696   753   873   933   764   959 0.76 -
evm.utg2298.26                       -           1536 119591at33208        -            998   9.3e-05   22.0   6.2   7   7   4.9e-07   9.3e-05   22.0   6.2   582   751   965  1161   959  1177 0.72 -
evm.utg27.20                         -           1146 119591at33208        -            998   9.4e-05   22.0   6.0   1   4     0.038       7.2    5.9   0.1    24   109    66   156     7   172 0.77 -
evm.utg27.20                         -           1146 119591at33208        -            998   9.4e-05   22.0   6.0   2   4     0.038       7.2    5.8   0.0    13    77   212   280   201   307 0.75 -
evm.utg27.20                         -           1146 119591at33208        -            998   9.4e-05   22.0   6.0   3   4      0.54     1e+02    2.0   0.1   341   430   502   592   426   610 0.88 -
evm.utg27.20                         -           1146 119591at33208        -            998   9.4e-05   22.0   6.0   4   4      0.01       1.9    7.8   0.2   528   591   673   739   658   755 0.79 -
evm.utg101.48                        -            357 119591at33208        -            998   0.00011   21.8   0.2   1   2   9.2e-05     0.017   14.5   0.1   124   156    43    75    36   111 0.77 -
evm.utg101.48                        -            357 119591at33208        -            998   0.00011   21.8   0.2   2   2     0.058        11    5.2   0.0    16    79   149   224   139   227 0.68 -
evm.utg693.67                        -           1677 119591at33208        -            998   0.00012   21.7  14.1   1   3    0.0042       0.8    9.0   2.4    28   179    36   199    29   202 0.72 -
evm.utg693.67                        -           1677 119591at33208        -            998   0.00012   21.7  14.1   2   3    0.0011      0.21   10.9   2.1    45   180   311   455   263   536 0.75 -
evm.utg693.67                        -           1677 119591at33208        -            998   0.00012   21.7  14.1   3   3     0.028       5.4    6.3   0.0   705   754  1042  1091   983  1100 0.75 -
evm.utg431.40.1.5c22f0d5             -            302 119591at33208        -            998   0.00014   21.5   0.4   1   1     1e-06    0.0002   21.0   0.4    44   119    89   169    43   206 0.76 -
evm.utg245.48                        -            321 119591at33208        -            998   0.00015   21.4   1.1   1   3      0.32        60    2.8   0.0    38    76    11    49     7    55 0.91 -
evm.utg245.48                        -            321 119591at33208        -            998   0.00015   21.4   1.1   2   3   0.00031      0.06   12.7   0.2    41    96    64   123    57   125 0.78 -
evm.utg245.48                        -            321 119591at33208        -            998   0.00015   21.4   1.1   3   3      0.41        78    2.4   0.0    23    78   128   183   119   191 0.70 -
evm.utg55.122                        -            446 119591at33208        -            998   0.00016   21.3  13.5   1   3    0.0038      0.72    9.1   0.4    44    79   196   231   183   233 0.88 -
evm.utg55.122                        -            446 119591at33208        -            998   0.00016   21.3  13.5   2   3   0.00032      0.06   12.7   0.4    31   109   295   379   282   389 0.77 -
evm.utg55.122                        -            446 119591at33208        -            998   0.00016   21.3  13.5   3   3    0.0076       1.4    8.1   0.1    41    76   394   428   381   433 0.83 -
evm.utg101.45                        -            862 119591at33208        -            998   0.00016   21.3   0.9   1   3   0.00025     0.048   13.0   0.0    10    82   202   278   194   279 0.85 -
evm.utg101.45                        -            862 119591at33208        -            998   0.00016   21.3   0.9   2   3     0.048       9.2    5.5   0.0    11    79   246   321   245   324 0.77 -
evm.utg101.45                        -            862 119591at33208        -            998   0.00016   21.3   0.9   3   3      0.34        66    2.7   0.1    11   109   357   463   348   479 0.71 -
evm.utg73.39                         -            326 119591at33208        -            998   0.00016   21.3   1.0   1   3   9.1e-05     0.017   14.5   0.2     6    77    55   126    50   146 0.83 -
evm.utg73.39                         -            326 119591at33208        -            998   0.00016   21.3   1.0   2   3         1   1.9e+02    1.1   0.0    21    45   149   174   133   187 0.75 -
evm.utg73.39                         -            326 119591at33208        -            998   0.00016   21.3   1.0   3   3      0.89   1.7e+02    1.3   0.0    51    76   238   263   233   297 0.52 -
evm.utg2129.40.1.5c22ed08            -            389 119591at33208        -            998   0.00019   21.0   5.6   1   2   0.00049     0.092   12.1   2.8    44    77   100   133    95   210 0.75 -
evm.utg2129.40.1.5c22ed08            -            389 119591at33208        -            998   0.00019   21.0   5.6   2   2     0.003      0.58    9.5   0.2    16   100   200   290   186   300 0.78 -
evm.utg163.79.1.5c22eb7f             -            585 119591at33208        -            998   0.00019   21.0   0.7   1   4         6   1.1e+03   -1.4   0.0    46    76    12    41     5    44 0.85 -
evm.utg163.79.1.5c22eb7f             -            585 119591at33208        -            998   0.00019   21.0   0.7   2   4       6.5   1.2e+03   -1.6   0.0    44   157   102   136    81   143 0.66 -
evm.utg163.79.1.5c22eb7f             -            585 119591at33208        -            998   0.00019   21.0   0.7   3   4     1e-06   0.00019   21.0   0.7     6   151   145   293   140   300 0.83 -
evm.utg163.79.1.5c22eb7f             -            585 119591at33208        -            998   0.00019   21.0   0.7   4   4       3.5   6.6e+02   -0.7   0.1   285   361   318   395   292   402 0.77 -
evm.utg431.40                        -            395 119591at33208        -            998   0.00024   20.7   0.3   1   1   1.8e-06   0.00034   20.2   0.3    44   118   182   261   136   298 0.77 -
evm.utg715.1.1.5c22f38a              -            371 119591at33208        -            998   0.00024   20.7   0.3   1   3       3.5   6.6e+02   -0.7   0.0    43    76   104   137    93   143 0.88 -
evm.utg715.1.1.5c22f38a              -            371 119591at33208        -            998   0.00024   20.7   0.3   2   3     0.027       5.1    6.3   0.0    28   119   177   271   172   279 0.62 -
evm.utg715.1.1.5c22f38a              -            371 119591at33208        -            998   0.00024   20.7   0.3   3   3    0.0019      0.37   10.1   0.0    45    76   281   312   255   347 0.78 -
evm.utg129.32                        -           2435 119591at33208        -            998   0.00028   20.5   0.3   1   3   0.00052       0.1   12.0   0.0    22    76  2189  2246  2181  2253 0.82 -
evm.utg129.32                        -           2435 119591at33208        -            998   0.00028   20.5   0.3   2   3       2.2   4.2e+02   -0.0   0.0    37    77  2258  2298  2253  2302 0.89 -
evm.utg129.32                        -           2435 119591at33208        -            998   0.00028   20.5   0.3   3   3      0.19        36    3.5   0.0   194   232  2345  2382  2319  2404 0.83 -
evm.utg418.52                        -            385 119591at33208        -            998   0.00029   20.4   0.8   1   3      0.12        23    4.2   0.0    41    76    99   134    94   139 0.91 -
evm.utg418.52                        -            385 119591at33208        -            998   0.00029   20.4   0.8   2   3   0.00054       0.1   12.0   0.1    39   123   139   229   135   233 0.78 -
evm.utg418.52                        -            385 119591at33208        -            998   0.00029   20.4   0.8   3   3      0.08        15    4.8   0.0    12   104   198   297   188   305 0.62 -
evm.utg2129.40                       -            418 119591at33208        -            998   0.00032   20.3   6.9   1   2   0.00045     0.086   12.2   2.2    44    76   100   132    94   202 0.87 -
evm.utg2129.40                       -            418 119591at33208        -            998   0.00032   20.3   6.9   2   2    0.0026      0.49    9.7   0.4    16   102   200   292   184   390 0.81 -
evm.utg7840.7                        -            280 119591at33208        -            998   0.00035   20.1   0.9   1   2   1.8e-06   0.00035   20.1   0.9    34   117    32   116    24   125 0.80 -
evm.utg7840.7                        -            280 119591at33208        -            998   0.00035   20.1   0.9   2   2      0.58   1.1e+02    1.9   0.1    63   110   101   148    93   158 0.75 -
evm.utg7950.21                       -            652 119591at33208        -            998   0.00044   19.8   2.2   1   3    0.0026      0.49    9.7   0.2    23    76    43    97    34    99 0.88 -
evm.utg7950.21                       -            652 119591at33208        -            998   0.00044   19.8   2.2   2   3    0.0056       1.1    8.6   0.0    40    76   103   139    97   152 0.88 -
evm.utg7950.21                       -            652 119591at33208        -            998   0.00044   19.8   2.2   3   3       9.1   1.7e+03   -2.0   0.0    39    76   186   223   164   225 0.76 -
evm.utg2099.25                       -            385 119591at33208        -            998   0.00047   19.7   0.7   1   3      0.23        44    3.2   0.0    43    76   101   134    96   139 0.90 -
evm.utg2099.25                       -            385 119591at33208        -            998   0.00047   19.7   0.7   2   3   0.00052     0.099   12.0   0.1    39   123   139   229   134   233 0.78 -
evm.utg2099.25                       -            385 119591at33208        -            998   0.00047   19.7   0.7   3   3     0.099        19    4.5   0.0    14   104   200   297   194   306 0.61 -
evm.utg116.24                        -            526 119591at33208        -            998   0.00053   19.5   0.0   1   1     4e-06   0.00076   19.0   0.0    11   101   221   315   216   320 0.81 -
evm.utg234.60.1.5c279240             -            226 119591at33208        -            998   0.00053   19.5   0.2   1   1   5.2e-06     0.001   18.6   0.2    42   191    55   207     7   221 0.79 -
evm.utg498.152.1.5c22f1a3            -            739 119591at33208        -            998   0.00071   19.1   2.8   1   3       2.4   4.6e+02   -0.1   0.0    28    78   492   543   473   547 0.80 -
evm.utg498.152.1.5c22f1a3            -            739 119591at33208        -            998   0.00071   19.1   2.8   2   3   0.00044     0.084   12.2   0.1    31    76   537   581   516   595 0.80 -
evm.utg498.152.1.5c22f1a3            -            739 119591at33208        -            998   0.00071   19.1   2.8   3   3     0.026         5    6.4   0.2    27    96   612   683   600   694 0.79 -
evm.utg659.9.1.5c2796f4              -            263 119591at33208        -            998   0.00088   18.8   0.7   1   1   6.7e-06    0.0013   18.3   0.7    88   200    48   164    44   168 0.83 -
evm.utg55.185.2.5c22f22c             -            697 119591at33208        -            998   0.00094   18.7   0.2   1   2    0.0024      0.45    9.8   0.0    15    76    28    90    24   100 0.86 -
evm.utg55.185.2.5c22f22c             -            697 119591at33208        -            998   0.00094   18.7   0.2   2   2     0.023       4.4    6.6   0.1    21    77   211   273   165   277 0.84 -
evm.utg1025.9                        -            364 119591at33208        -            998     0.001   18.6   4.9   1   2   1.8e-05    0.0034   16.9   1.7     8    81    12    92    10   102 0.77 -
evm.utg1025.9                        -            364 119591at33208        -            998     0.001   18.6   4.9   2   2       7.1   1.4e+03   -1.7   0.1    42    77   274   309   269   312 0.84 -
evm.utg729.25.2.5c279763             -            767 119591at33208        -            998    0.0013   18.2   2.5   1   2    0.0012      0.23   10.8   0.3    43   119   496   586   488   588 0.82 -
evm.utg729.25.2.5c279763             -            767 119591at33208        -            998    0.0013   18.2   2.5   2   2     0.022       4.1    6.7   0.1    29   107   672   757   650   762 0.78 -
evm.utg729.147.2.5c22f3b0            -            466 119591at33208        -            998    0.0013   18.2   0.0   1   1   9.6e-06    0.0018   17.7   0.0    11   101   160   254   155   259 0.81 -
evm.utg55.185.1.5c22f22c             -            784 119591at33208        -            998    0.0013   18.2   0.2   1   2    0.0028      0.53    9.6   0.0    15    76    28    90    24   100 0.86 -
evm.utg55.185.1.5c22f22c             -            784 119591at33208        -            998    0.0013   18.2   0.2   2   2     0.027       5.1    6.3   0.1    21    77   211   273   165   277 0.84 -
evm.utg7855.10                       -            364 119591at33208        -            998    0.0014   18.1   5.2   1   2   2.3e-05    0.0044   16.5   1.9     8    81    12    92     9   102 0.76 -
evm.utg7855.10                       -            364 119591at33208        -            998    0.0014   18.1   5.2   2   2       7.1   1.4e+03   -1.7   0.1    42    77   274   309   269   312 0.84 -
evm.utg1663.59                       -            423 119591at33208        -            998    0.0015   18.1   1.9   1   2     0.039       7.3    5.8   0.1    62   117    76   134    67   147 0.77 -
evm.utg1663.59                       -            423 119591at33208        -            998    0.0015   18.1   1.9   2   2   0.00061      0.12   11.8   0.2    49   144   156   255   143   260 0.86 -
evm.utg729.147.1.5c22f3b0            -            508 119591at33208        -            998    0.0015   18.0   0.0   1   1   1.1e-05    0.0021   17.5   0.0    11   101   221   315   216   320 0.81 -
evm.utg6072.16                       -            506 119591at33208        -            998    0.0015   18.0   6.1   1   3    0.0034      0.64    9.3   2.3    42   132   203   299   199   306 0.73 -
evm.utg6072.16                       -            506 119591at33208        -            998    0.0015   18.0   6.1   2   3      0.47        90    2.2   0.0    10    55   339   392   331   437 0.69 -
evm.utg6072.16                       -            506 119591at33208        -            998    0.0015   18.0   6.1   3   3      0.06        11    5.2   0.0    16    75   442   504   428   505 0.81 -
evm.utg729.147                       -            527 119591at33208        -            998    0.0016   18.0   0.0   1   1   1.2e-05    0.0022   17.5   0.0    11   101   221   315   216   320 0.81 -
evm.utg55.185                        -            839 119591at33208        -            998    0.0016   17.9   0.2   1   2     0.003      0.58    9.5   0.0    15    76    28    90    24   100 0.86 -
evm.utg55.185                        -            839 119591at33208        -            998    0.0016   17.9   0.2   2   2     0.029       5.6    6.2   0.1    21    77   211   273   165   277 0.84 -
evm.utg498.152                       -           1030 119591at33208        -            998    0.0016   17.9   2.7   1   3       3.8   7.2e+02   -0.8   0.0    28    78   492   543   475   548 0.81 -
evm.utg498.152                       -           1030 119591at33208        -            998    0.0016   17.9   2.7   2   3   0.00076      0.15   11.5   0.2    31    76   537   581   518   586 0.78 -
evm.utg498.152                       -           1030 119591at33208        -            998    0.0016   17.9   2.7   3   3     0.039       7.4    5.8   0.2    27    96   612   683   600   700 0.80 -
evm.utg622.118                       -           1466 119591at33208        -            998    0.0019   17.7   0.6   1   3       3.2   6.2e+02   -0.6   0.0    44   107   688   753   657   801 0.61 -
evm.utg622.118                       -           1466 119591at33208        -            998    0.0019   17.7   0.6   2   3      0.14        27    4.0   0.0    21   106   891   982   878  1001 0.78 -
evm.utg622.118                       -           1466 119591at33208        -            998    0.0019   17.7   0.6   3   3    0.0028      0.53    9.6   0.2    25    99  1234  1312  1188  1337 0.74 -
evm.utg729.25                        -            852 119591at33208        -            998    0.0021   17.6   2.7   1   2    0.0015      0.28   10.5   0.3    43   119   581   671   573   673 0.82 -
evm.utg729.25                        -            852 119591at33208        -            998    0.0021   17.6   2.7   2   2     0.025       4.7    6.4   0.1    29   107   757   842   735   847 0.78 -
evm.utg1931.9                        -           2862 119591at33208        -            998    0.0022   17.5   0.2   1   2   0.00097      0.19   11.1   0.0   128   185  1538  1593  1520  1614 0.81 -
evm.utg1931.9                        -           2862 119591at33208        -            998    0.0022   17.5   0.2   2   2      0.32        61    2.8   0.1    46   138  1767  1821  1758  1827 0.58 -
evm.utg5774.22                       -            458 119591at33208        -            998    0.0022   17.5   5.2   1   3    0.0037       0.7    9.2   0.1    82   186     8   114     3   127 0.65 -
evm.utg5774.22                       -            458 119591at33208        -            998    0.0022   17.5   5.2   2   3      0.14        26    4.0   0.0     8    76    99   175    92   187 0.76 -
evm.utg5774.22                       -            458 119591at33208        -            998    0.0022   17.5   5.2   3   3     0.019       3.5    6.9   0.3    45   101   194   255   180   273 0.76 -
evm.utg183.20                        -            427 119591at33208        -            998    0.0022   17.4   0.0   1   1   1.7e-05    0.0033   16.9   0.0    23    76   114   169    97   174 0.82 -
evm.utg3283.26                       -           1014 119591at33208        -            998    0.0023   17.4   0.5   1   4      0.13        26    4.0   0.0    18    67   537   585   525   592 0.84 -
evm.utg3283.26                       -           1014 119591at33208        -            998    0.0023   17.4   0.5   2   4     0.017       3.2    7.0   0.0    41    82   713   754   674   777 0.66 -
evm.utg3283.26                       -           1014 119591at33208        -            998    0.0023   17.4   0.5   3   4       5.5     1e+03   -1.3   0.0    52    77   891   916   881   926 0.81 -
evm.utg3283.26                       -           1014 119591at33208        -            998    0.0023   17.4   0.5   4   4       1.2   2.4e+02    0.8   0.3    43    76   975  1009   969  1010 0.80 -
evm.utg9668.44                       -            714 119591at33208        -            998    0.0024   17.4   2.2   1   2       3.7     7e+02   -0.7   0.4   661   711   199   249   129   284 0.66 -
evm.utg9668.44                       -            714 119591at33208        -            998    0.0024   17.4   2.2   2   2   1.7e-05    0.0033   16.9   0.1   136   231   604   705   602   709 0.83 -
evm.utg5985.15.4.5c22f28e            -            291 119591at33208        -            998    0.0032   16.9   1.9   1   2   0.00097      0.18   11.1   0.2    46    80    99   133    66   185 0.70 -
evm.utg5985.15.4.5c22f28e            -            291 119591at33208        -            998    0.0032   16.9   1.9   2   2     0.047         9    5.5   0.1    41    78   185   222   180   226 0.90 -
evm.utg888.20                        -           4000 119591at33208        -            998    0.0033   16.9   0.2   1   1   2.7e-05    0.0052   16.2   0.2    39   188  3789  3958  3786  3975 0.81 -
evm.utg622.116.1.5c22f2e9            -            417 119591at33208        -            998    0.0038   16.7   0.2   1   3     0.011       2.1    7.6   0.2    49   108    69   130    47   165 0.83 -
evm.utg622.116.1.5c22f2e9            -            417 119591at33208        -            998    0.0038   16.7   0.2   2   3      0.65   1.2e+02    1.8   0.0    41    74   177   210   155   228 0.82 -
evm.utg622.116.1.5c22f2e9            -            417 119591at33208        -            998    0.0038   16.7   0.2   3   3      0.23        43    3.3   0.0    17    65   354   403   347   414 0.74 -
evm.utg4886.14                       -            793 119591at33208        -            998    0.0039   16.6   0.0   1   1   3.1e-05    0.0058   16.1   0.0    12   148    65   209    60   219 0.86 -
evm.utg192.39                        -            299 119591at33208        -            998    0.0045   16.5   0.1   1   1     3e-05    0.0058   16.1   0.1    46   102    16    75     7   114 0.83 -
evm.utg3155.17                       -            641 119591at33208        -            998    0.0051   16.3   4.7   1   3    0.0043      0.83    9.0   0.1    82   191     8   118     3   135 0.67 -
evm.utg3155.17                       -            641 119591at33208        -            998    0.0051   16.3   4.7   2   3      0.19        37    3.5   0.0     8    76    99   175    92   187 0.75 -
evm.utg3155.17                       -            641 119591at33208        -            998    0.0051   16.3   4.7   3   3     0.028       5.4    6.3   0.3    45   100   194   254   178   272 0.76 -
evm.utg150.89.1.5c22eb05             -           2738 119591at33208        -            998    0.0051   16.3   0.0   1   2    0.0038      0.72    9.1   0.0   128   185  1395  1450  1377  1471 0.80 -
evm.utg150.89.1.5c22eb05             -           2738 119591at33208        -            998    0.0051   16.3   0.0   2   2      0.19        36    3.5   0.0    87   138  1625  1678  1619  1683 0.79 -
evm.utg150.89                        -           2739 119591at33208        -            998    0.0051   16.3   0.0   1   2    0.0038      0.72    9.1   0.0   128   185  1396  1451  1378  1472 0.80 -
evm.utg150.89                        -           2739 119591at33208        -            998    0.0051   16.3   0.0   2   2      0.19        36    3.5   0.0    87   138  1626  1679  1620  1684 0.79 -
evm.utg888.56                        -            459 119591at33208        -            998    0.0063   16.0   3.4   1   3      0.31        59    2.8   0.8    96   178   184   282   177   327 0.72 -
evm.utg888.56                        -            459 119591at33208        -            998    0.0063   16.0   3.4   2   3     0.021         4    6.7   0.0   122   147   330   355   316   362 0.86 -
evm.utg888.56                        -            459 119591at33208        -            998    0.0063   16.0   3.4   3   3   0.00062      0.12   11.7   0.1     3    79   330   419   328   438 0.73 -
evm.utg126.151                       -            820 119591at33208        -            998    0.0067   15.9   0.1   1   3    0.0024      0.47    9.8   0.0    43   108    41   111    36   119 0.86 -
evm.utg126.151                       -            820 119591at33208        -            998    0.0067   15.9   0.1   2   3       1.5   2.9e+02    0.5   0.0   127   169   243   285   235   299 0.90 -
evm.utg126.151                       -            820 119591at33208        -            998    0.0067   15.9   0.1   3   3       1.5   2.8e+02    0.6   0.0    60   116   696   756   677   762 0.58 -
evm.utg4082.42                       -            401 119591at33208        -            998     0.007   15.8   0.3   1   1   0.00021      0.04   13.3   0.2    30    99    61   132    47   149 0.77 -
evm.utg3260.7.1.5c22ef15             -            313 119591at33208        -            998    0.0083   15.6   3.6   1   2     0.025       4.8    6.4   0.1     8    77    30    99    24   120 0.81 -
evm.utg3260.7.1.5c22ef15             -            313 119591at33208        -            998    0.0083   15.6   3.6   2   2    0.0023      0.45    9.8   0.4    38   109   197   268   185   302 0.77 -
evm.utg3260.7.1.5c22ef15.1.5c279399  -            313 119591at33208        -            998    0.0083   15.6   3.6   1   2     0.025       4.8    6.4   0.1     8    77    30    99    24   120 0.81 -
evm.utg3260.7.1.5c22ef15.1.5c279399  -            313 119591at33208        -            998    0.0083   15.6   3.6   2   2    0.0023      0.45    9.8   0.4    38   109   197   268   185   302 0.77 -
evm.utg21625.5                       -           1001 119591at33208        -            998    0.0094   15.4   0.0   1   1     8e-05     0.015   14.7   0.0    10    72   927   991   914   997 0.81 -
evm.utg3260.7                        -            375 119591at33208        -            998    0.0099   15.3   3.4   1   2     0.033       6.2    6.1   0.1     8    77    30    99    24   121 0.81 -
evm.utg3260.7                        -            375 119591at33208        -            998    0.0099   15.3   3.4   2   2    0.0024      0.45    9.8   0.4    38   118   197   278   185   309 0.76 -
evm.utg3283.17                       -            668 119591at33208        -            998     0.012   15.1   0.7   1   1   6.1e-05     0.012   15.1   0.7    29   123    93   189    71   195 0.80 -
evm.utg73.80                         -            359 119591at33208        -            998     0.012   15.1   0.4   1   2       5.1   9.7e+02   -1.2   0.0    47    74    49    75    40    84 0.77 -
evm.utg73.80                         -            359 119591at33208        -            998     0.012   15.1   0.4   2   2   0.00025     0.048   13.1   0.1    36   142   122   233   112   248 0.73 -
evm.utg4194.43                       -            521 119591at33208        -            998     0.015   14.7   0.1   1   1   0.00011     0.022   14.2   0.1    46   102   238   297   228   344 0.79 -
evm.utg2428.11                       -           2055 119591at33208        -            998     0.016   14.6   0.0   1   2      0.29        56    2.9   0.0    29    76  1744  1791  1735  1798 0.84 -
evm.utg2428.11                       -           2055 119591at33208        -            998     0.016   14.6   0.0   2   2    0.0031      0.59    9.4   0.0   130   230  1905  1999  1809  2015 0.80 -
evm.utg3283.18                       -            313 119591at33208        -            998     0.017   14.5   5.8   1   3     0.031         6    6.1   0.1     8    76    30    98    24   106 0.81 -
evm.utg3283.18                       -            313 119591at33208        -            998     0.017   14.5   5.8   2   3       2.1     4e+02    0.1   0.1    44    78   108   140    97   152 0.81 -
evm.utg3283.18                       -            313 119591at33208        -            998     0.017   14.5   5.8   3   3    0.0023      0.45    9.8   0.4    38   109   197   268   185   302 0.77 -
evm.utg364.29                        -            339 119591at33208        -            998     0.019   14.3   0.0   1   1   0.00016      0.03   13.7   0.0    13    79   126   194   121   199 0.77 -
evm.utg14876.7                       -            507 119591at33208        -            998     0.026   13.9   1.4   1   3      0.16        31    3.7   0.1   128   192    15    75     9    91 0.84 -
evm.utg14876.7                       -            507 119591at33208        -            998     0.026   13.9   1.4   2   3     0.053        10    5.4   0.0   134   220   104   186    79   191 0.80 -
evm.utg14876.7                       -            507 119591at33208        -            998     0.026   13.9   1.4   3   3      0.69   1.3e+02    1.7   0.0   132   153   324   345   305   350 0.88 -
evm.utg116.41                        -            703 119591at33208        -            998     0.027   13.9   0.0   1   2      0.06        11    5.2   0.0    42    75    53    87    47    99 0.76 -
evm.utg116.41                        -            703 119591at33208        -            998     0.027   13.9   0.0   2   2     0.025       4.7    6.4   0.0    10    80   552   625   545   637 0.85 -
evm.utg163.18                        -            542 119591at33208        -            998     0.031   13.7   0.9   1   3       8.7   1.6e+03   -2.0   0.0    47    78   183   214   175   217 0.87 -
evm.utg163.18                        -            542 119591at33208        -            998     0.031   13.7   0.9   2   3     0.022       4.1    6.7   0.2    46   149   262   372   257   378 0.70 -
evm.utg163.18                        -            542 119591at33208        -            998     0.031   13.7   0.9   3   3     0.089        17    4.6   0.0    21    77   415   474   396   478 0.83 -
evm.utg6949.19                       -            344 119591at33208        -            998     0.034   13.6   0.0   1   1   0.00039     0.074   12.4   0.0   131   284   189   341   179   342 0.77 -
evm.utg699.93                        -            360 119591at33208        -            998     0.038   13.4   0.1   1   4       2.1     4e+02    0.1   0.0    42    77    54    94    25   114 0.76 -
evm.utg699.93                        -            360 119591at33208        -            998     0.038   13.4   0.1   2   4       2.6     5e+02   -0.3   0.0    29    77    87   135    63   137 0.75 -
evm.utg699.93                        -            360 119591at33208        -            998     0.038   13.4   0.1   3   4     0.012       2.3    7.5   0.0    40    77   138   175   128   208 0.79 -
evm.utg699.93                        -            360 119591at33208        -            998     0.038   13.4   0.1   4   4         1     2e+02    1.1   0.0    41    76   218   255   213   257 0.80 -
evm.utg47.18                         -            322 119591at33208        -            998      0.04   13.3   0.0   1   1   0.00029     0.056   12.8   0.0   131   284   167   319   147   320 0.78 -
evm.utg418.59                        -            511 119591at33208        -            998     0.051   13.0   0.2   1   2      0.04       7.7    5.8   0.0    44    77   325   359   303   362 0.83 -
evm.utg418.59                        -            511 119591at33208        -            998     0.051   13.0   0.2   2   2     0.066        13    5.0   0.1    38   114   365   448   361   454 0.81 -
evm.utg2428.30                       -            816 119591at33208        -            998     0.052   12.9   0.1   1   2    0.0064       1.2    8.4   0.0    43   110    48   123    41   127 0.72 -
evm.utg2428.30                       -            816 119591at33208        -            998     0.052   12.9   0.1   2   2       2.9   5.6e+02   -0.4   0.0    39    76   326   363   322   366 0.72 -
evm.utg190.40.2.5c22ec4c             -            494 119591at33208        -            998     0.056   12.8   0.0   1   1   0.00045     0.086   12.2   0.0    14    72   141   202   132   210 0.86 -
evm.utg1972.74                       -            485 119591at33208        -            998     0.057   12.8   0.0   1   1   0.00053       0.1   12.0   0.0    15    72   137   197   126   217 0.83 -
evm.utg190.40                        -            509 119591at33208        -            998     0.059   12.8   0.0   1   1   0.00047      0.09   12.1   0.0    14    72   141   202   132   210 0.86 -
evm.utg190.40.1.5c22ec4c             -            509 119591at33208        -            998     0.059   12.8   0.0   1   1   0.00047      0.09   12.1   0.0    14    72   141   202   132   210 0.86 -
evm.utg729.160.1.5c22f3a9            -            827 119591at33208        -            998     0.064   12.6   0.0   1   2     0.056        11    5.3   0.0    42    76    48    83    43    99 0.77 -
evm.utg729.160.1.5c22f3a9            -            827 119591at33208        -            998     0.064   12.6   0.0   2   2     0.068        13    5.0   0.0    11    80   584   656   576   668 0.85 -
evm.utg729.160                       -            877 119591at33208        -            998     0.068   12.6   0.0   1   2      0.06        11    5.2   0.0    42    76    48    83    43    99 0.77 -
evm.utg729.160                       -            877 119591at33208        -            998     0.068   12.6   0.0   2   2     0.073        14    4.9   0.0    11    80   584   656   576   668 0.85 -
evm.utg3260.8                        -            668 119591at33208        -            998     0.077   12.4   0.8   1   1    0.0007      0.13   11.6   0.8    29   123    93   189    71   195 0.80 -
evm.utg498.169.2.5c22f1aa            -            426 119591at33208        -            998     0.097   12.0   0.0   1   1   0.00093      0.18   11.2   0.0    28    97   328   399   301   406 0.76 -
evm.utg729.25.1.5c279763             -            740 119591at33208        -            998      0.11   11.9   0.5   1   1    0.0011      0.21   10.9   0.2    43   119   581   671   570   673 0.82 -
evm.utg15226.17                      -            293 119591at33208        -            998      0.11   11.9   0.0   1   1   0.00085      0.16   11.3   0.0   136   229   164   263   162   274 0.79 -
evm.utg2129.92.1.5c22ed02            -           1419 119591at33208        -            998      0.12   11.8   0.0   1   1   0.00097      0.18   11.1   0.0   347   438   529   621   521   641 0.89 -
evm.utg2129.92                       -           1493 119591at33208        -            998      0.12   11.7   0.0   1   1     0.001       0.2   11.0   0.0   347   438   529   621   521   641 0.89 -
evm.utg4455.54                       -            917 119591at33208        -            998      0.16   11.3   0.2   1   2    0.0024      0.45    9.8   0.0    39    76   377   415   371   424 0.88 -
evm.utg4455.54                       -            917 119591at33208        -            998      0.16   11.3   0.2   2   2       7.1   1.4e+03   -1.7   0.1    29    76   785   833   750   838 0.76 -
evm.utg801.96.1.5c22f45f             -            327 119591at33208        -            998      0.16   11.3   0.8   1   1    0.0012      0.24   10.8   0.8    46   119   228   309   179   317 0.66 -
evm.utg145.43                        -            372 119591at33208        -            998      0.16   11.3   0.0   1   1    0.0015      0.29   10.4   0.0   136   229   262   361   260   367 0.74 -
evm.utg3260.8.1.5c22ef11.1.5c279395  -            447 119591at33208        -            998      0.18   11.2   3.0   1   1   0.00037     0.071   12.5   0.8    29   123    93   189    70   195 0.80 -
evm.utg3260.8.1.5c22ef11             -            477 119591at33208        -            998      0.21   10.9   3.1   1   1   0.00041     0.079   12.3   0.8    29   123    93   189    70   195 0.80 -
evm.utg307.22                        -           1448 119591at33208        -            998      0.25   10.7   0.3   1   2       6.5   1.2e+03   -1.6   0.0    44    76   460   498   456   506 0.78 -
evm.utg307.22                        -           1448 119591at33208        -            998      0.25   10.7   0.3   2   2    0.0061       1.2    8.5   0.0    14    76  1323  1387  1319  1405 0.81 -
evm.utg11962.15                      -            204 119591at33208        -            998      0.48    9.7   0.0   1   1    0.0032      0.61    9.4   0.0   136   229    94   193    92   199 0.79 -
evm.utg172.78                        -            451 119591at33208        -            998      0.53    9.6   0.0   1   1    0.0062       1.2    8.4   0.0     9    76   325   405   320   428 0.78 -
evm.utg9623.34                       -            134 119591at33208        -            998      0.74    9.1   0.0   1   1    0.0047       0.9    8.8   0.0   845   895    58   110    54   120 0.89 -
evm.utg435.58                        -            950 119591at33208        -            998         1    8.6   2.9   1   2     0.063        12    5.1   0.9    86   199   448   563   446   566 0.77 -
evm.utg435.58                        -            950 119591at33208        -            998         1    8.6   2.9   2   2      0.58   1.1e+02    1.9   0.0    41    78   854   891   852   896 0.92 -
#
# Program:         hmmsearch
# Version:         3.1b2 (February 2015)
# Pipeline mode:   SEARCH
# Query file:      /uoa/scratch/users/r02hw22/project_dark_genes/busco_downloads/lineages/metazoa_odb10/hmms/119591at33208.hmm
# Target file:     /uoa/scratch/users/r02hw22/project_dark_genes/00_raw/equina_smart.rnam-trna.merged.ggf.curated.remredun.aa.fa
# Option settings: hmmsearch --domtblout /uoa/scratch/users/r02hw22/project_dark_genes/equina_busco_proteins/run_metazoa_odb10/hmmer_output/initial_run_results/119591at33208.out --cpu 1 /uoa/scratch/users/r02hw22/project_dark_genes/busco_downloads/lineages/metazoa_odb10/hmms/119591at33208.hmm /uoa/scratch/users/r02hw22/project_dark_genes/00_raw/equina_smart.rnam-trna.merged.ggf.curated.remredun.aa.fa 
# Current dir:     /uoa/scratch/users/r02hw22/project_dark_genes
# Date:            Sat Apr 25 14:41:29 2026
# [ok]
