#                                                                                            --- full sequence --- -------------- this domain -------------   hmm coord   ali coord   env coord
# target name                        accession   tlen query name           accession   qlen   E-value  score  bias   #  of  c-Evalue  i-Evalue  score  bias  from    to  from    to  from    to  acc description of target
#                ------------------- ---------- ----- -------------------- ---------- ----- --------- ------ ----- --- --- --------- --------- ------ ----- ----- ----- ----- ----- ----- ----- ---- ---------------------
evm.utg7821.35                       -            557 179485at33208        -            501  7.6e-150  501.5   1.2   1   1  6.6e-150  9.4e-148  494.6   1.1    54   479     9   506     6   545 0.85 -
evm.utg21625.4                       -           1518 179485at33208        -            501   6.7e-43  148.7  12.2   1   6   1.2e-05    0.0017   18.8   0.0   202   257   879   934   865   936 0.87 -
evm.utg21625.4                       -           1518 179485at33208        -            501   6.7e-43  148.7  12.2   2   6   3.2e-13   4.5e-11   43.7   0.1   173   258   935  1019   932  1031 0.92 -
evm.utg21625.4                       -           1518 179485at33208        -            501   6.7e-43  148.7  12.2   3   6    0.0001     0.015   15.7   0.0   182   252  1094  1165  1084  1173 0.90 -
evm.utg21625.4                       -           1518 179485at33208        -            501   6.7e-43  148.7  12.2   4   6   9.6e-07   0.00014   22.4   0.0   187   259  1142  1215  1141  1220 0.80 -
evm.utg21625.4                       -           1518 179485at33208        -            501   6.7e-43  148.7  12.2   5   6    0.0048      0.68   10.2   0.2   176   251  1217  1297  1212  1305 0.78 -
evm.utg21625.4                       -           1518 179485at33208        -            501   6.7e-43  148.7  12.2   6   6   7.5e-15   1.1e-12   49.1   0.5    69   259  1284  1474  1281  1480 0.84 -
evm.utg5417.27                       -           1331 179485at33208        -            501   6.8e-43  148.7  30.4   1   7   1.5e-11   2.1e-09   38.2   0.8   172   249   713   789   703   799 0.90 -
evm.utg5417.27                       -           1331 179485at33208        -            501   6.8e-43  148.7  30.4   2   7   1.9e-12   2.7e-10   41.2   0.1   172   254   755   836   753   841 0.90 -
evm.utg5417.27                       -           1331 179485at33208        -            501   6.8e-43  148.7  30.4   3   7   0.00019     0.027   14.8   0.7   172   262   839   927   835   931 0.88 -
evm.utg5417.27                       -           1331 179485at33208        -            501   6.8e-43  148.7  30.4   4   7   1.7e-08   2.4e-06   28.1   0.7   183   256   932  1004   925  1015 0.88 -
evm.utg5417.27                       -           1331 179485at33208        -            501   6.8e-43  148.7  30.4   5   7   4.7e-09   6.7e-07   30.0   0.1   180   250  1053  1121  1042  1133 0.87 -
evm.utg5417.27                       -           1331 179485at33208        -            501   6.8e-43  148.7  30.4   6   7     3e-08   4.3e-06   27.3   0.4   219   341  1132  1252  1126  1260 0.87 -
evm.utg5417.27                       -           1331 179485at33208        -            501   6.8e-43  148.7  30.4   7   7    0.0083       1.2    9.4   0.1    59   115  1267  1319  1259  1325 0.87 -
evm.utg6078.33                       -           1331 179485at33208        -            501   7.6e-43  148.5  29.2   1   7   1.5e-11   2.1e-09   38.2   0.5   172   249   713   789   705   799 0.89 -
evm.utg6078.33                       -           1331 179485at33208        -            501   7.6e-43  148.5  29.2   2   7   4.5e-13   6.3e-11   43.2   0.1   172   255   755   837   753   842 0.90 -
evm.utg6078.33                       -           1331 179485at33208        -            501   7.6e-43  148.5  29.2   3   7   0.00017     0.024   15.0   0.8   172   262   839   927   835   932 0.90 -
evm.utg6078.33                       -           1331 179485at33208        -            501   7.6e-43  148.5  29.2   4   7   3.7e-08   5.2e-06   27.0   0.4   183   258   932  1006   925  1015 0.88 -
evm.utg6078.33                       -           1331 179485at33208        -            501   7.6e-43  148.5  29.2   5   7   2.1e-08     3e-06   27.8   0.1   180   251  1053  1122  1042  1131 0.86 -
evm.utg6078.33                       -           1331 179485at33208        -            501   7.6e-43  148.5  29.2   6   7   4.8e-08   6.8e-06   26.7   0.4   219   341  1132  1252  1127  1260 0.87 -
evm.utg6078.33                       -           1331 179485at33208        -            501   7.6e-43  148.5  29.2   7   7    0.0052      0.74   10.0   0.1    59   115  1267  1319  1259  1325 0.87 -
evm.utg3158.36                       -           1666 179485at33208        -            501   3.5e-42  146.4  23.6   1   6   7.1e-06     0.001   19.5   0.0   172   265   920  1011   915  1016 0.91 -
evm.utg3158.36                       -           1666 179485at33208        -            501   3.5e-42  146.4  23.6   2   6   1.5e-11   2.2e-09   38.2   0.5   180   337  1010  1161  1008  1165 0.83 -
evm.utg3158.36                       -           1666 179485at33208        -            501   3.5e-42  146.4  23.6   3   6     5e-08   7.1e-06   26.6   0.9   219   340  1089  1206  1087  1209 0.91 -
evm.utg3158.36                       -           1666 179485at33208        -            501   3.5e-42  146.4  23.6   4   6   7.3e-12     1e-09   39.3   4.5   172   356  1168  1354  1165  1357 0.88 -
evm.utg3158.36                       -           1666 179485at33208        -            501   3.5e-42  146.4  23.6   5   6   2.5e-12   3.5e-10   40.8   2.7   174   351  1342  1519  1338  1526 0.84 -
evm.utg3158.36                       -           1666 179485at33208        -            501   3.5e-42  146.4  23.6   6   6   2.1e-06    0.0003   21.2   0.0   233   303  1528  1599  1513  1612 0.87 -
evm.utg92.13                         -           1666 179485at33208        -            501   2.2e-39  137.1  23.5   1   6   0.00024     0.034   14.5   0.0   172   264   920  1010   915  1011 0.90 -
evm.utg92.13                         -           1666 179485at33208        -            501   2.2e-39  137.1  23.5   2   6   3.3e-11   4.7e-09   37.1   0.4   179   337  1009  1161  1005  1165 0.84 -
evm.utg92.13                         -           1666 179485at33208        -            501   2.2e-39  137.1  23.5   3   6   8.8e-07   0.00013   22.5   0.9   219   340  1089  1206  1087  1208 0.88 -
evm.utg92.13                         -           1666 179485at33208        -            501   2.2e-39  137.1  23.5   4   6   2.3e-11   3.3e-09   37.6   4.3   171   356  1167  1354  1164  1355 0.87 -
evm.utg92.13                         -           1666 179485at33208        -            501   2.2e-39  137.1  23.5   5   6   2.6e-12   3.8e-10   40.7   3.1   172   351  1340  1519  1337  1526 0.80 -
evm.utg92.13                         -           1666 179485at33208        -            501   2.2e-39  137.1  23.5   6   6   4.8e-06   0.00069   20.0   0.0   234   302  1529  1598  1514  1611 0.86 -
evm.utg435.72                        -           1669 179485at33208        -            501   2.8e-38  133.5  17.7   1   8   1.8e-08   2.6e-06   28.0   0.0   172   258   723   808   717   810 0.89 -
evm.utg435.72                        -           1669 179485at33208        -            501   2.8e-38  133.5  17.7   2   8   2.3e-07   3.3e-05   24.4   0.1   172   256   807   888   806   892 0.88 -
evm.utg435.72                        -           1669 179485at33208        -            501   2.8e-38  133.5  17.7   3   8   3.3e-09   4.6e-07   30.5   2.5   217   338   891  1009   884  1012 0.83 -
evm.utg435.72                        -           1669 179485at33208        -            501   2.8e-38  133.5  17.7   4   8   5.4e-06   0.00077   19.9   0.0   176   251  1019  1093  1015  1101 0.89 -
evm.utg435.72                        -           1669 179485at33208        -            501   2.8e-38  133.5  17.7   5   8     0.083        12    6.1   0.0   174   209  1101  1136  1093  1185 0.73 -
evm.utg435.72                        -           1669 179485at33208        -            501   2.8e-38  133.5  17.7   6   8      0.91   1.3e+02    2.6   0.0   180   210  1337  1367  1311  1382 0.67 -
evm.utg435.72                        -           1669 179485at33208        -            501   2.8e-38  133.5  17.7   7   8    0.0018      0.26   11.6   0.0   223   259  1467  1503  1426  1533 0.86 -
evm.utg435.72                        -           1669 179485at33208        -            501   2.8e-38  133.5  17.7   8   8     0.052       7.3    6.8   0.0   214   262  1588  1636  1541  1656 0.84 -
evm.utg4155.23                       -            416 179485at33208        -            501   3.8e-37  129.7   6.8   1   5   4.8e-10   6.9e-08   33.2   0.1   178   258    93   173    78   175 0.85 -
evm.utg4155.23                       -            416 179485at33208        -            501   3.8e-37  129.7   6.8   2   5     3e-08   4.2e-06   27.3   0.1   177   257   177   256   176   259 0.88 -
evm.utg4155.23                       -            416 179485at33208        -            501   3.8e-37  129.7   6.8   3   5     1e-05    0.0014   19.0   0.0   219   257   260   298   256   302 0.92 -
evm.utg4155.23                       -            416 179485at33208        -            501   3.8e-37  129.7   6.8   4   5   2.8e-10   4.1e-08   34.0   0.0   174   252   300   377   297   384 0.86 -
evm.utg4155.23                       -            416 179485at33208        -            501   3.8e-37  129.7   6.8   5   5    0.0016      0.22   11.8   0.0   217   247   384   414   376   415 0.91 -
evm.utg1221.16                       -            416 179485at33208        -            501   5.3e-37  129.3   7.5   1   5   4.7e-10   6.7e-08   33.3   0.1   177   258    92   173    77   175 0.85 -
evm.utg1221.16                       -            416 179485at33208        -            501   5.3e-37  129.3   7.5   2   5   8.8e-09   1.3e-06   29.1   0.2   176   257   176   256   176   258 0.89 -
evm.utg1221.16                       -            416 179485at33208        -            501   5.3e-37  129.3   7.5   3   5   1.1e-05    0.0015   18.9   0.0   219   257   260   298   257   301 0.92 -
evm.utg1221.16                       -            416 179485at33208        -            501   5.3e-37  129.3   7.5   4   5   4.7e-10   6.8e-08   33.3   0.0   174   251   300   376   297   384 0.86 -
evm.utg1221.16                       -            416 179485at33208        -            501   5.3e-37  129.3   7.5   5   5    0.0016      0.23   11.7   0.0   217   247   384   414   376   415 0.91 -
evm.utg186.22                        -           1975 179485at33208        -            501   8.9e-36  125.2  32.8   1  15   0.00011     0.015   15.6   0.1   196   336    82   225    59   231 0.72 -
evm.utg186.22                        -           1975 179485at33208        -            501   8.9e-36  125.2  32.8   2  15   1.7e-06   0.00024   21.5   0.1   193   337   212   355   198   372 0.79 -
evm.utg186.22                        -           1975 179485at33208        -            501   8.9e-36  125.2  32.8   3  15    0.0022      0.31   11.3   0.1   425   457   410   443   398   466 0.80 -
evm.utg186.22                        -           1975 179485at33208        -            501   8.9e-36  125.2  32.8   4  15       3.4   4.9e+02    0.7   0.0   297   340   723   767   716   773 0.84 -
evm.utg186.22                        -           1975 179485at33208        -            501   8.9e-36  125.2  32.8   5  15   2.6e-05    0.0036   17.7   0.1   173   248   773   849   766   858 0.84 -
evm.utg186.22                        -           1975 179485at33208        -            501   8.9e-36  125.2  32.8   6  15     0.023       3.3    7.9   0.0   179   259   870   945   861   949 0.81 -
evm.utg186.22                        -           1975 179485at33208        -            501   8.9e-36  125.2  32.8   7  15       5.1   7.2e+02    0.2   0.0   220   254  1003  1037   976  1045 0.80 -
evm.utg186.22                        -           1975 179485at33208        -            501   8.9e-36  125.2  32.8   8  15     0.039       5.5    7.2   0.0   181   254  1048  1121  1038  1126 0.70 -
evm.utg186.22                        -           1975 179485at33208        -            501   8.9e-36  125.2  32.8   9  15      0.28        40    4.3   0.0   424   456  1087  1120  1080  1138 0.85 -
evm.utg186.22                        -           1975 179485at33208        -            501   8.9e-36  125.2  32.8  10  15      0.34        48    4.1   0.1   180   247  1200  1270  1193  1292 0.59 -
evm.utg186.22                        -           1975 179485at33208        -            501   8.9e-36  125.2  32.8  11  15      0.15        21    5.2   0.0   196   248  1447  1501  1422  1512 0.79 -
evm.utg186.22                        -           1975 179485at33208        -            501   8.9e-36  125.2  32.8  12  15     0.013       1.8    8.7   0.3   180   338  1474  1632  1466  1644 0.86 -
evm.utg186.22                        -           1975 179485at33208        -            501   8.9e-36  125.2  32.8  13  15   2.8e-07     4e-05   24.1   0.1   189   263  1673  1746  1645  1754 0.83 -
evm.utg186.22                        -           1975 179485at33208        -            501   8.9e-36  125.2  32.8  14  15    0.0016      0.23   11.7   0.0   424   454  1787  1817  1778  1824 0.92 -
evm.utg186.22                        -           1975 179485at33208        -            501   8.9e-36  125.2  32.8  15  15       6.7   9.5e+02   -0.2   0.0   426   480  1834  1892  1830  1900 0.78 -
evm.utg911.37                        -           1947 179485at33208        -            501   2.6e-35  123.7  33.2   1  15   0.00014      0.02   15.2   0.1   196   335    82   224    59   230 0.70 -
evm.utg911.37                        -           1947 179485at33208        -            501   2.6e-35  123.7  33.2   2  15   8.4e-06    0.0012   19.2   0.0   193   337   212   355   198   371 0.79 -
evm.utg911.37                        -           1947 179485at33208        -            501   2.6e-35  123.7  33.2   3  15    0.0022      0.32   11.2   0.1   425   457   410   443   401   467 0.80 -
evm.utg911.37                        -           1947 179485at33208        -            501   2.6e-35  123.7  33.2   4  15       3.9   5.6e+02    0.5   0.0   297   340   723   767   715   772 0.84 -
evm.utg911.37                        -           1947 179485at33208        -            501   2.6e-35  123.7  33.2   5  15   2.2e-05    0.0031   17.9   0.1   172   248   772   849   764   865 0.85 -
evm.utg911.37                        -           1947 179485at33208        -            501   2.6e-35  123.7  33.2   6  15     0.022       3.1    8.0   0.0   179   259   870   945   860   950 0.81 -
evm.utg911.37                        -           1947 179485at33208        -            501   2.6e-35  123.7  33.2   7  15         5   7.1e+02    0.2   0.0   220   254  1003  1037   976  1045 0.80 -
evm.utg911.37                        -           1947 179485at33208        -            501   2.6e-35  123.7  33.2   8  15     0.028         4    7.6   0.0   180   255  1047  1122  1035  1130 0.72 -
evm.utg911.37                        -           1947 179485at33208        -            501   2.6e-35  123.7  33.2   9  15      0.57        80    3.3   0.1   180   247  1200  1270  1193  1289 0.54 -
evm.utg911.37                        -           1947 179485at33208        -            501   2.6e-35  123.7  33.2  10  15      0.17        24    5.1   0.0   196   242  1419  1465  1396  1482 0.75 -
evm.utg911.37                        -           1947 179485at33208        -            501   2.6e-35  123.7  33.2  11  15    0.0021       0.3   11.3   0.2   180   338  1446  1604  1442  1615 0.87 -
evm.utg911.37                        -           1947 179485at33208        -            501   2.6e-35  123.7  33.2  12  15   3.9e-07   5.5e-05   23.7   0.1   189   264  1645  1719  1619  1738 0.84 -
evm.utg911.37                        -           1947 179485at33208        -            501   2.6e-35  123.7  33.2  13  15     0.002      0.29   11.4   0.0   424   454  1759  1789  1757  1797 0.91 -
evm.utg911.37                        -           1947 179485at33208        -            501   2.6e-35  123.7  33.2  14  15       3.8   5.4e+02    0.6   0.0   426   480  1806  1864  1802  1873 0.80 -
evm.utg911.37                        -           1947 179485at33208        -            501   2.6e-35  123.7  33.2  15  15       4.6   6.6e+02    0.3   0.0   173   244  1911  1939  1863  1945 0.48 -
evm.utg1056.106                      -            351 179485at33208        -            501   3.9e-35  123.1   4.5   1   5   1.3e-16   1.9e-14   54.9   0.2   154   258    37   141    12   143 0.84 -
evm.utg1056.106                      -            351 179485at33208        -            501   3.9e-35  123.1   4.5   2   5   2.3e-12   3.2e-10   40.9   0.0   172   257   140   224   137   230 0.93 -
evm.utg1056.106                      -            351 179485at33208        -            501   3.9e-35  123.1   4.5   3   5     1e-08   1.4e-06   28.9   0.0   174   258   184   268   181   273 0.93 -
evm.utg1056.106                      -            351 179485at33208        -            501   3.9e-35  123.1   4.5   4   5   7.8e-06    0.0011   19.3   0.1   173   258   226   313   222   320 0.86 -
evm.utg1056.106                      -            351 179485at33208        -            501   3.9e-35  123.1   4.5   5   5     0.038       5.5    7.2   0.1   184   248   281   347   268   350 0.74 -
evm.utg1056.106.1.5c22e841           -            351 179485at33208        -            501   3.9e-35  123.1   4.5   1   5   1.3e-16   1.9e-14   54.9   0.2   154   258    37   141    12   143 0.84 -
evm.utg1056.106.1.5c22e841           -            351 179485at33208        -            501   3.9e-35  123.1   4.5   2   5   2.3e-12   3.2e-10   40.9   0.0   172   257   140   224   137   230 0.93 -
evm.utg1056.106.1.5c22e841           -            351 179485at33208        -            501   3.9e-35  123.1   4.5   3   5     1e-08   1.4e-06   28.9   0.0   174   258   184   268   181   273 0.93 -
evm.utg1056.106.1.5c22e841           -            351 179485at33208        -            501   3.9e-35  123.1   4.5   4   5   7.8e-06    0.0011   19.3   0.1   173   258   226   313   222   320 0.86 -
evm.utg1056.106.1.5c22e841           -            351 179485at33208        -            501   3.9e-35  123.1   4.5   5   5     0.038       5.5    7.2   0.1   184   248   281   347   268   350 0.74 -
evm.utg389.12                        -            914 179485at33208        -            501   4.7e-34  119.6  24.6   1   4   1.6e-11   2.3e-09   38.1   1.0   172   340    58   225    49   233 0.89 -
evm.utg389.12                        -            914 179485at33208        -            501   4.7e-34  119.6  24.6   2   4      0.53        75    3.4   0.2   385   453   304   373   245   378 0.56 -
evm.utg389.12                        -            914 179485at33208        -            501   4.7e-34  119.6  24.6   3   4   2.1e-06    0.0003   21.2   1.9   163   253   370   463   358   471 0.83 -
evm.utg389.12                        -            914 179485at33208        -            501   4.7e-34  119.6  24.6   4   4   5.9e-21   8.5e-19   69.2   3.0   169   362   473   662   465   700 0.88 -
evm.utg2216.8                        -            504 179485at33208        -            501     1e-33  118.4   0.1   1   4   5.8e-07   8.3e-05   23.1   0.0   217   253     9    45     2    50 0.91 -
evm.utg2216.8                        -            504 179485at33208        -            501     1e-33  118.4   0.1   2   4     2e-15   2.9e-13   51.0   0.0   173   256    52   134    44   141 0.93 -
evm.utg2216.8                        -            504 179485at33208        -            501     1e-33  118.4   0.1   3   4   0.00023     0.033   14.5   0.0   178   233   141   196   135   236 0.89 -
evm.utg2216.8                        -            504 179485at33208        -            501     1e-33  118.4   0.1   4   4   1.6e-07   2.2e-05   25.0   0.0   171   251   244   323   223   345 0.84 -
evm.utg1221.16.1.5c22e95a            -            415 179485at33208        -            501   1.2e-33  118.2   6.3   1   4   4.8e-10   6.9e-08   33.2   0.1   178   258    93   173    78   175 0.85 -
evm.utg1221.16.1.5c22e95a            -            415 179485at33208        -            501   1.2e-33  118.2   6.3   2   4   4.3e-09   6.2e-07   30.1   0.2   176   257   176   256   174   259 0.89 -
evm.utg1221.16.1.5c22e95a            -            415 179485at33208        -            501   1.2e-33  118.2   6.3   3   4     1e-05    0.0015   18.9   0.0   219   257   260   298   258   303 0.92 -
evm.utg1221.16.1.5c22e95a            -            415 179485at33208        -            501   1.2e-33  118.2   6.3   4   4   3.4e-10   4.9e-08   33.7   0.0   174   254   300   379   297   409 0.86 -
evm.utg1221.16.2.5c22e95a            -            399 179485at33208        -            501   1.2e-33  118.2   6.1   1   4   4.7e-10   6.7e-08   33.3   0.1   179   258    94   173    79   175 0.85 -
evm.utg1221.16.2.5c22e95a            -            399 179485at33208        -            501   1.2e-33  118.2   6.1   2   4   4.1e-09   5.8e-07   30.2   0.2   176   257   176   256   174   259 0.89 -
evm.utg1221.16.2.5c22e95a            -            399 179485at33208        -            501   1.2e-33  118.2   6.1   3   4   8.5e-06    0.0012   19.2   0.0   219   257   260   298   253   303 0.92 -
evm.utg1221.16.2.5c22e95a            -            399 179485at33208        -            501   1.2e-33  118.2   6.1   4   4   4.7e-10   6.6e-08   33.3   0.0   174   251   300   376   297   386 0.86 -
evm.utg72.22                         -            454 179485at33208        -            501     3e-33  116.9   4.4   1   4   2.2e-06   0.00032   21.2   0.0   217   253   102   138    86   142 0.90 -
evm.utg72.22                         -            454 179485at33208        -            501     3e-33  116.9   4.4   2   4   6.9e-08   9.8e-06   26.1   0.1   171   260   141   235   138   268 0.83 -
evm.utg72.22                         -            454 179485at33208        -            501     3e-33  116.9   4.4   3   4   1.7e-17   2.4e-15   57.8   0.0   148   255   305   417   296   421 0.84 -
evm.utg72.22                         -            454 179485at33208        -            501     3e-33  116.9   4.4   4   4    0.0022      0.32   11.2   0.1   217   247   421   451   417   453 0.93 -
evm.utg18125.5                       -            949 179485at33208        -            501     1e-32  115.1  25.9   1   4   1.1e-10   1.6e-08   35.3   1.8   173   339   270   435   265   441 0.88 -
evm.utg18125.5                       -            949 179485at33208        -            501     1e-32  115.1  25.9   2   4      0.55        79    3.4   0.3   235   452   475   583   466   589 0.42 -
evm.utg18125.5                       -            949 179485at33208        -            501     1e-32  115.1  25.9   3   4     3e-06   0.00042   20.7   1.1   174   252   592   673   588   681 0.88 -
evm.utg18125.5                       -            949 179485at33208        -            501     1e-32  115.1  25.9   4   4   2.1e-20     3e-18   67.4   2.8   168   364   683   875   675   917 0.87 -
evm.utg1204.47                       -            338 179485at33208        -            501   1.4e-32  114.7  12.9   1   5   8.9e-07   0.00013   22.5   0.1   213   253     7    48     1    57 0.82 -
evm.utg1204.47                       -            338 179485at33208        -            501   1.4e-32  114.7  12.9   2   5   2.5e-11   3.6e-09   37.5   0.2   174   251    57   135    45   142 0.90 -
evm.utg1204.47                       -            338 179485at33208        -            501   1.4e-32  114.7  12.9   3   5   3.2e-11   4.6e-09   37.1   0.2   172   248   144   221   135   224 0.94 -
evm.utg1204.47                       -            338 179485at33208        -            501   1.4e-32  114.7  12.9   4   5     0.018       2.6    8.2   0.0   205   253   234   286   222   295 0.76 -
evm.utg1204.47                       -            338 179485at33208        -            501   1.4e-32  114.7  12.9   5   5   5.1e-05    0.0073   16.7   0.1   211   248   293   331   287   337 0.85 -
evm.utg17809.13                      -            456 179485at33208        -            501   7.8e-32  112.2   3.4   1   3   5.7e-07     8e-05   23.1   0.0   217   253   102   138    88   143 0.91 -
evm.utg17809.13                      -            456 179485at33208        -            501   7.8e-32  112.2   3.4   2   3   1.2e-09   1.8e-07   31.9   0.7   171   315   141   287   137   300 0.81 -
evm.utg17809.13                      -            456 179485at33208        -            501   7.8e-32  112.2   3.4   3   3   1.8e-16   2.6e-14   54.4   0.0   154   255   331   437   313   443 0.80 -
evm.utg389.12.1.5c22f032             -            817 179485at33208        -            501   1.1e-30  108.5  22.9   1   4   1.3e-07   1.8e-05   25.3   0.3   217   340     6   128     2   136 0.85 -
evm.utg389.12.1.5c22f032             -            817 179485at33208        -            501   1.1e-30  108.5  22.9   2   4      0.44        63    3.7   0.3   385   453   207   276   148   282 0.56 -
evm.utg389.12.1.5c22f032             -            817 179485at33208        -            501   1.1e-30  108.5  22.9   3   4   2.3e-06   0.00032   21.1   1.9   164   253   274   366   263   374 0.83 -
evm.utg389.12.1.5c22f032             -            817 179485at33208        -            501   1.1e-30  108.5  22.9   4   4   5.1e-21   7.3e-19   69.4   3.1   169   362   376   565   368   604 0.88 -
evm.utg1204.47.1.5c22e937            -            333 179485at33208        -            501   3.2e-30  106.9   9.9   1   5   8.7e-07   0.00012   22.5   0.1   213   253     7    48     1    57 0.82 -
evm.utg1204.47.1.5c22e937            -            333 179485at33208        -            501   3.2e-30  106.9   9.9   2   5   2.5e-11   3.5e-09   37.5   0.2   174   251    57   135    45   142 0.90 -
evm.utg1204.47.1.5c22e937            -            333 179485at33208        -            501   3.2e-30  106.9   9.9   3   5     3e-11   4.2e-09   37.2   0.2   172   248   144   221   134   224 0.94 -
evm.utg1204.47.1.5c22e937            -            333 179485at33208        -            501   3.2e-30  106.9   9.9   4   5     0.019       2.7    8.2   0.0   205   253   234   286   225   295 0.76 -
evm.utg1204.47.1.5c22e937            -            333 179485at33208        -            501   3.2e-30  106.9   9.9   5   5      0.12        17    5.5   0.0   211   241   293   323   287   328 0.71 -
evm.utg234.60                        -            303 179485at33208        -            501   4.4e-30  106.4  14.9   1   4   6.4e-08   9.1e-06   26.2   0.6   216   344     9   140     3   145 0.85 -
evm.utg234.60                        -            303 179485at33208        -            501   4.4e-30  106.4  14.9   2   4   5.1e-11   7.3e-09   36.4   0.0   176   255   144   222   140   226 0.90 -
evm.utg234.60                        -            303 179485at33208        -            501   4.4e-30  106.4  14.9   3   4   3.1e-14   4.4e-12   47.1   0.3   172   258   182   267   181   269 0.93 -
evm.utg234.60                        -            303 179485at33208        -            501   4.4e-30  106.4  14.9   4   4   1.4e-07     2e-05   25.1   1.7   219   259   228   268   226   301 0.59 -
evm.utg788.96                        -            437 179485at33208        -            501   1.1e-29  105.2   5.6   1   4   7.9e-13   1.1e-10   42.4   0.2   166   254    24   111     5   116 0.80 -
evm.utg788.96                        -            437 179485at33208        -            501   1.1e-29  105.2   5.6   2   4   1.1e-05    0.0015   18.9   0.0   217   258   116   157   110   161 0.88 -
evm.utg788.96                        -            437 179485at33208        -            501   1.1e-29  105.2   5.6   3   4   2.5e-10   3.5e-08   34.2   0.0   178   254   162   237   158   245 0.89 -
evm.utg788.96                        -            437 179485at33208        -            501   1.1e-29  105.2   5.6   4   4    0.0046      0.65   10.2   0.0   173   213   241   281   233   292 0.77 -
evm.utg21625.6                       -            513 179485at33208        -            501   3.1e-28  100.3   9.8   1   4   2.3e-05    0.0032   17.8   0.0   182   252    90   161    73   169 0.89 -
evm.utg21625.6                       -            513 179485at33208        -            501   3.1e-28  100.3   9.8   2   4   2.4e-06   0.00035   21.0   0.1   219   259   171   211   164   215 0.90 -
evm.utg21625.6                       -            513 179485at33208        -            501   3.1e-28  100.3   9.8   3   4   0.00046     0.065   13.5   0.2   176   251   213   293   207   300 0.76 -
evm.utg21625.6                       -            513 179485at33208        -            501   3.1e-28  100.3   9.8   4   4   1.3e-16   1.9e-14   54.9   0.5    68   259   278   470   276   481 0.84 -
evm.utg12655.28                      -            300 179485at33208        -            501   4.7e-28   99.7   1.0   1   4   7.4e-12   1.1e-09   39.2   0.1   181   258    11    88     2    89 0.89 -
evm.utg12655.28                      -            300 179485at33208        -            501   4.7e-28   99.7   1.0   2   4   2.5e-07   3.6e-05   24.3   0.2   172   257    87   171    86   174 0.86 -
evm.utg12655.28                      -            300 179485at33208        -            501   4.7e-28   99.7   1.0   3   4   5.1e-09   7.3e-07   29.9   0.1   179   251   136   207   132   222 0.91 -
evm.utg12655.28                      -            300 179485at33208        -            501   4.7e-28   99.7   1.0   4   4   4.6e-05    0.0065   16.8   0.0   182   244   231   292   217   298 0.83 -
evm.utg6220.15                       -            692 179485at33208        -            501   7.5e-28   99.1   7.4   1   8    0.0003     0.042   14.1   0.1   295   351    58   115    51   117 0.81 -
evm.utg6220.15                       -            692 179485at33208        -            501   7.5e-28   99.1   7.4   2   8   4.1e-05    0.0059   17.0   0.0   171   256   105   189   102   197 0.90 -
evm.utg6220.15                       -            692 179485at33208        -            501   7.5e-28   99.1   7.4   3   8    0.0035       0.5   10.6   0.0   175   253   151   228   148   233 0.88 -
evm.utg6220.15                       -            692 179485at33208        -            501   7.5e-28   99.1   7.4   4   8       2.1     3e+02    1.4   0.0   219   255   194   230   186   391 0.71 -
evm.utg6220.15                       -            692 179485at33208        -            501   7.5e-28   99.1   7.4   5   8    0.0022      0.32   11.3   0.0   211   263   408   459   398   465 0.89 -
evm.utg6220.15                       -            692 179485at33208        -            501   7.5e-28   99.1   7.4   6   8   6.3e-07   8.9e-05   23.0   0.0   183   250   462   528   458   538 0.90 -
evm.utg6220.15                       -            692 179485at33208        -            501   7.5e-28   99.1   7.4   7   8   4.7e-06   0.00067   20.1   0.0   177   250   553   625   544   633 0.87 -
evm.utg6220.15                       -            692 179485at33208        -            501   7.5e-28   99.1   7.4   8   8    0.0011      0.16   12.2   0.1   218   257   635   674   629   679 0.90 -
evm.utg6220.15.1.5c22f2e5            -            692 179485at33208        -            501   7.5e-28   99.1   7.4   1   8    0.0003     0.042   14.1   0.1   295   351    58   115    51   117 0.81 -
evm.utg6220.15.1.5c22f2e5            -            692 179485at33208        -            501   7.5e-28   99.1   7.4   2   8   4.1e-05    0.0059   17.0   0.0   171   256   105   189   102   197 0.90 -
evm.utg6220.15.1.5c22f2e5            -            692 179485at33208        -            501   7.5e-28   99.1   7.4   3   8    0.0035       0.5   10.6   0.0   175   253   151   228   148   233 0.88 -
evm.utg6220.15.1.5c22f2e5            -            692 179485at33208        -            501   7.5e-28   99.1   7.4   4   8       2.1     3e+02    1.4   0.0   219   255   194   230   186   391 0.71 -
evm.utg6220.15.1.5c22f2e5            -            692 179485at33208        -            501   7.5e-28   99.1   7.4   5   8    0.0022      0.32   11.3   0.0   211   263   408   459   398   465 0.89 -
evm.utg6220.15.1.5c22f2e5            -            692 179485at33208        -            501   7.5e-28   99.1   7.4   6   8   6.3e-07   8.9e-05   23.0   0.0   183   250   462   528   458   538 0.90 -
evm.utg6220.15.1.5c22f2e5            -            692 179485at33208        -            501   7.5e-28   99.1   7.4   7   8   4.7e-06   0.00067   20.1   0.0   177   250   553   625   544   633 0.87 -
evm.utg6220.15.1.5c22f2e5            -            692 179485at33208        -            501   7.5e-28   99.1   7.4   8   8    0.0011      0.16   12.2   0.1   218   257   635   674   629   679 0.90 -
evm.utg6430.5                        -            514 179485at33208        -            501   8.8e-28   98.8   9.4   1   4   2.4e-05    0.0034   17.8   0.0   181   252    89   161    69   170 0.88 -
evm.utg6430.5                        -            514 179485at33208        -            501   8.8e-28   98.8   9.4   2   4   7.5e-07   0.00011   22.7   0.1   218   259   170   211   159   216 0.89 -
evm.utg6430.5                        -            514 179485at33208        -            501   8.8e-28   98.8   9.4   3   4   0.00038     0.054   13.8   0.2   176   251   213   293   208   300 0.78 -
evm.utg6430.5                        -            514 179485at33208        -            501   8.8e-28   98.8   9.4   4   4   1.4e-15     2e-13   51.5   0.7    68   259   278   470   270   476 0.83 -
evm.utg21228.28                      -            351 179485at33208        -            501   1.9e-27   97.8   0.8   1   4     6e-12   8.6e-10   39.5   0.1   180   258    61   139    51   144 0.89 -
evm.utg21228.28                      -            351 179485at33208        -            501   1.9e-27   97.8   0.8   2   4   6.4e-07   9.1e-05   22.9   0.1   172   257   138   222   135   225 0.86 -
evm.utg21228.28                      -            351 179485at33208        -            501   1.9e-27   97.8   0.8   3   4   7.7e-09   1.1e-06   29.3   0.1   179   251   187   258   183   266 0.91 -
evm.utg21228.28                      -            351 179485at33208        -            501   1.9e-27   97.8   0.8   4   4   5.6e-05    0.0079   16.5   0.0   182   244   282   343   266   349 0.83 -
evm.utg343339.3                      -            504 179485at33208        -            501   2.7e-26   94.0   6.0   1   5   9.9e-05     0.014   15.7   0.0   209   252   144   187   118   205 0.85 -
evm.utg343339.3                      -            504 179485at33208        -            501   2.7e-26   94.0   6.0   2   5   9.4e-08   1.3e-05   25.7   0.1   180   260   216   294   198   311 0.86 -
evm.utg343339.3                      -            504 179485at33208        -            501   2.7e-26   94.0   6.0   3   5   0.00013     0.018   15.3   0.1   188   256   306   373   302   376 0.81 -
evm.utg343339.3                      -            504 179485at33208        -            501   2.7e-26   94.0   6.0   4   5   6.3e-09   8.9e-07   29.6   0.1   172   259   332   427   328   428 0.79 -
evm.utg343339.3                      -            504 179485at33208        -            501   2.7e-26   94.0   6.0   5   5   7.5e-07   0.00011   22.7   0.1   174   250   427   501   425   503 0.86 -
evm.utg496.26                        -            504 179485at33208        -            501     3e-26   93.8   6.1   1   5    0.0001     0.014   15.7   0.0   209   252   144   187   118   205 0.85 -
evm.utg496.26                        -            504 179485at33208        -            501     3e-26   93.8   6.1   2   5   9.1e-08   1.3e-05   25.7   0.1   180   260   216   294   197   311 0.86 -
evm.utg496.26                        -            504 179485at33208        -            501     3e-26   93.8   6.1   3   5   0.00012     0.017   15.5   0.1   188   256   306   373   300   377 0.81 -
evm.utg496.26                        -            504 179485at33208        -            501     3e-26   93.8   6.1   4   5     6e-09   8.6e-07   29.6   0.1   172   259   332   427   328   429 0.79 -
evm.utg496.26                        -            504 179485at33208        -            501     3e-26   93.8   6.1   5   5   5.3e-07   7.5e-05   23.2   0.1   173   250   426   501   424   503 0.86 -
evm.utg73.56                         -            309 179485at33208        -            501   8.7e-26   92.3   4.5   1   3   1.1e-16   1.5e-14   55.2   0.5   174   339    14   178     6   181 0.86 -
evm.utg73.56                         -            309 179485at33208        -            501   8.7e-26   92.3   4.5   2   3   3.8e-08   5.4e-06   27.0   0.5   219   349   102   230   100   235 0.86 -
evm.utg73.56                         -            309 179485at33208        -            501   8.7e-26   92.3   4.5   3   3   4.7e-08   6.7e-06   26.7   0.1   185   248   238   301   236   306 0.95 -
evm.utg1363.31                       -            612 179485at33208        -            501   8.8e-26   92.3   9.4   1   6    0.0016      0.22   11.8   0.0    21    73    18    70     9    91 0.83 -
evm.utg1363.31                       -            612 179485at33208        -            501   8.8e-26   92.3   9.4   2   6   5.7e-05    0.0082   16.5   0.0   175   253    94   176    82   188 0.79 -
evm.utg1363.31                       -            612 179485at33208        -            501   8.8e-26   92.3   9.4   3   6      0.26        37    4.5   0.0   172   247   185   261   181   269 0.84 -
evm.utg1363.31                       -            612 179485at33208        -            501   8.8e-26   92.3   9.4   4   6   3.3e-07   4.7e-05   23.9   0.0   180   253   367   440   356   447 0.92 -
evm.utg1363.31                       -            612 179485at33208        -            501   8.8e-26   92.3   9.4   5   6   5.2e-05    0.0074   16.6   0.0   204   252   437   486   436   497 0.85 -
evm.utg1363.31                       -            612 179485at33208        -            501   8.8e-26   92.3   9.4   6   6   4.7e-06   0.00066   20.1   0.2   179   287   497   604   486   609 0.85 -
evm.utg5417.27.1.5c22f1fe            -           1068 179485at33208        -            501   1.2e-25   91.8  16.5   1   4   1.1e-11   1.6e-09   38.6   0.8   172   249   713   789   703   799 0.90 -
evm.utg5417.27.1.5c22f1fe            -           1068 179485at33208        -            501   1.2e-25   91.8  16.5   2   4   1.5e-12   2.1e-10   41.5   0.1   172   254   755   836   753   841 0.90 -
evm.utg5417.27.1.5c22f1fe            -           1068 179485at33208        -            501   1.2e-25   91.8  16.5   3   4   0.00014      0.02   15.2   0.7   171   262   838   927   834   931 0.88 -
evm.utg5417.27.1.5c22f1fe            -           1068 179485at33208        -            501   1.2e-25   91.8  16.5   4   4   1.2e-08   1.8e-06   28.6   0.7   183   256   932  1004   924  1015 0.88 -
evm.utg6459.21                       -            392 179485at33208        -            501   2.8e-25   90.6  13.8   1   4   0.00024     0.034   14.4   0.3   297   341    31    74    18    88 0.55 -
evm.utg6459.21                       -            392 179485at33208        -            501   2.8e-25   90.6  13.8   2   4   0.00011     0.015   15.6   0.0   172   257    77   161    74   164 0.88 -
evm.utg6459.21                       -            392 179485at33208        -            501   2.8e-25   90.6  13.8   3   4   2.4e-09   3.5e-07   30.9   0.1   174   253   163   246   159   255 0.84 -
evm.utg6459.21                       -            392 179485at33208        -            501   2.8e-25   90.6  13.8   4   4   2.5e-10   3.6e-08   34.2   2.4   174   253   257   335   254   354 0.91 -
evm.utg293.35                        -            341 179485at33208        -            501   2.9e-25   90.6   2.2   1   5   0.00044     0.062   13.6   0.1   218   258    53    93    26    98 0.86 -
evm.utg293.35                        -            341 179485at33208        -            501   2.9e-25   90.6   2.2   2   5   1.7e-09   2.4e-07   31.5   0.0   177   259    97   181    91   182 0.81 -
evm.utg293.35                        -            341 179485at33208        -            501   2.9e-25   90.6   2.2   3   5     9e-05     0.013   15.9   0.0   219   258   183   222   181   224 0.93 -
evm.utg293.35                        -            341 179485at33208        -            501   2.9e-25   90.6   2.2   4   5   2.1e-06    0.0003   21.2   0.0   169   249   218   299   215   306 0.88 -
evm.utg293.35                        -            341 179485at33208        -            501   2.9e-25   90.6   2.2   5   5     0.044       6.2    7.0   0.0   301   335   307   340   302   340 0.92 -
evm.utg6220.15.2.5c22f2e5            -            663 179485at33208        -            501   1.1e-24   88.7   5.5   1   7   0.00028      0.04   14.2   0.1   295   351    58   115    51   117 0.81 -
evm.utg6220.15.2.5c22f2e5            -            663 179485at33208        -            501   1.1e-24   88.7   5.5   2   7   4.6e-05    0.0065   16.8   0.0   171   255   105   188   102   192 0.90 -
evm.utg6220.15.2.5c22f2e5            -            663 179485at33208        -            501   1.1e-24   88.7   5.5   3   7    0.0033      0.47   10.7   0.1   175   255   151   230   149   241 0.89 -
evm.utg6220.15.2.5c22f2e5            -            663 179485at33208        -            501   1.1e-24   88.7   5.5   4   7       2.2   3.2e+02    1.3   0.0   219   255   194   230   189   391 0.70 -
evm.utg6220.15.2.5c22f2e5            -            663 179485at33208        -            501   1.1e-24   88.7   5.5   5   7    0.0023      0.33   11.2   0.0   211   263   408   459   400   463 0.89 -
evm.utg6220.15.2.5c22f2e5            -            663 179485at33208        -            501   1.1e-24   88.7   5.5   6   7   5.8e-07   8.3e-05   23.1   0.0   183   250   462   528   458   539 0.90 -
evm.utg6220.15.2.5c22f2e5            -            663 179485at33208        -            501   1.1e-24   88.7   5.5   7   7   2.1e-06    0.0003   21.2   0.0   177   253   553   628   542   656 0.81 -
evm.utg3872.12.1.5c22f029            -            412 179485at33208        -            501   1.7e-24   88.0   1.1   1   4   0.00063      0.09   13.1   0.0   294   342    99   147    93   166 0.80 -
evm.utg3872.12.1.5c22f029            -            412 179485at33208        -            501   1.7e-24   88.0   1.1   2   4   4.5e-11   6.4e-09   36.6   0.0   182   259   167   244   149   252 0.92 -
evm.utg3872.12.1.5c22f029            -            412 179485at33208        -            501   1.7e-24   88.0   1.1   3   4   3.7e-06   0.00052   20.4   0.2   219   269   246   298   244   306 0.87 -
evm.utg3872.12.1.5c22f029            -            412 179485at33208        -            501   1.7e-24   88.0   1.1   4   4   0.00021      0.03   14.6   0.0   171   248   335   410   323   410 0.90 -
evm.utg389.12.2.5c22f032             -            702 179485at33208        -            501     2e-24   87.8  17.1   1   3      0.43        61    3.7   0.3   386   454    93   162    49   169 0.63 -
evm.utg389.12.2.5c22f032             -            702 179485at33208        -            501     2e-24   87.8  17.1   2   3   2.1e-06    0.0003   21.2   2.6   164   253   159   251   148   266 0.82 -
evm.utg389.12.2.5c22f032             -            702 179485at33208        -            501     2e-24   87.8  17.1   3   3     4e-21   5.7e-19   69.8   3.2   169   363   261   451   253   490 0.88 -
evm.utg9141.14                       -            390 179485at33208        -            501   5.5e-24   86.3  14.3   1   5   0.00094      0.13   12.5   0.2   296   340    28    71    16    75 0.68 -
evm.utg9141.14                       -            390 179485at33208        -            501   5.5e-24   86.3  14.3   2   5    0.0002     0.029   14.7   0.1   172   257    75   159    72   162 0.89 -
evm.utg9141.14                       -            390 179485at33208        -            501   5.5e-24   86.3  14.3   3   5   1.6e-08   2.3e-06   28.2   0.1   174   253   161   244   157   252 0.84 -
evm.utg9141.14                       -            390 179485at33208        -            501   5.5e-24   86.3  14.3   4   5   8.3e-10   1.2e-07   32.5   0.4   177   251   211   289   210   296 0.90 -
evm.utg9141.14                       -            390 179485at33208        -            501   5.5e-24   86.3  14.3   5   5     9e-06    0.0013   19.1   0.3   214   253   294   333   289   341 0.89 -
evm.utg3872.12                       -            514 179485at33208        -            501   5.8e-24   86.3   1.1   1   4   0.00088      0.13   12.6   0.0   294   342   201   249   195   267 0.80 -
evm.utg3872.12                       -            514 179485at33208        -            501   5.8e-24   86.3   1.1   2   4   6.9e-11   9.9e-09   36.0   0.0   182   259   269   346   254   354 0.93 -
evm.utg3872.12                       -            514 179485at33208        -            501   5.8e-24   86.3   1.1   3   4   4.8e-06   0.00068   20.1   0.2   219   269   348   400   346   409 0.87 -
evm.utg3872.12                       -            514 179485at33208        -            501   5.8e-24   86.3   1.1   4   4   0.00029     0.042   14.2   0.0   171   248   437   512   425   512 0.90 -
evm.utg27.21                         -            316 179485at33208        -            501   1.2e-23   85.2   0.5   1   5      0.31        44    4.2   0.0   217   250    12    46     2    54 0.67 -
evm.utg27.21                         -            316 179485at33208        -            501   1.2e-23   85.2   0.5   2   5   2.1e-10     3e-08   34.4   0.1   171   248    57   133    48   140 0.91 -
evm.utg27.21                         -            316 179485at33208        -            501   1.2e-23   85.2   0.5   3   5      0.15        22    5.2   0.0   172   203   143   176   135   183 0.64 -
evm.utg27.21                         -            316 179485at33208        -            501   1.2e-23   85.2   0.5   4   5   9.1e-09   1.3e-06   29.0   0.0   171   258   186   270   181   272 0.81 -
evm.utg27.21                         -            316 179485at33208        -            501   1.2e-23   85.2   0.5   5   5     0.051       7.3    6.8   0.0   210   250   273   313   268   315 0.90 -
evm.utg7950.19                       -            574 179485at33208        -            501   1.5e-23   84.9   2.1   1   3    0.0019      0.27   11.5   0.0   211   263   113   164   104   168 0.89 -
evm.utg7950.19                       -            574 179485at33208        -            501   1.5e-23   84.9   2.1   2   3   5.8e-07   8.3e-05   23.1   0.0   182   250   166   233   161   258 0.89 -
evm.utg7950.19                       -            574 179485at33208        -            501   1.5e-23   84.9   2.1   3   3   1.1e-14   1.5e-12   48.6   0.3   177   336   258   413   248   418 0.87 -
evm.utg3260.7                        -            375 179485at33208        -            501   2.5e-23   84.2   9.1   1   3   1.4e-10     2e-08   35.0   0.9   206   354    15   159     3   166 0.82 -
evm.utg3260.7                        -            375 179485at33208        -            501   2.5e-23   84.2   9.1   2   3   9.2e-08   1.3e-05   25.7   0.3   232   357   177   299   159   304 0.78 -
evm.utg3260.7                        -            375 179485at33208        -            501   2.5e-23   84.2   9.1   3   3   6.8e-07   9.7e-05   22.8   0.2   237   340   264   360   262   373 0.87 -
evm.utg2757.76                       -            410 179485at33208        -            501   5.8e-23   83.0  11.6   1   5      0.03       4.2    7.5   0.0   218   252   104   138    97   140 0.87 -
evm.utg2757.76                       -            410 179485at33208        -            501   5.8e-23   83.0  11.6   2   5     7e-13     1e-10   42.6   0.4   169   258   140   228   135   233 0.91 -
evm.utg2757.76                       -            410 179485at33208        -            501   5.8e-23   83.0  11.6   3   5    0.0074       1.1    9.5   0.1    68   112   250   291   242   304 0.79 -
evm.utg2757.76                       -            410 179485at33208        -            501   5.8e-23   83.0  11.6   4   5   1.1e-06   0.00016   22.1   0.1   189   256   307   373   304   376 0.89 -
evm.utg2757.76                       -            410 179485at33208        -            501   5.8e-23   83.0  11.6   5   5   2.4e-06   0.00035   21.0   0.1   174   248   334   407   331   409 0.86 -
evm.utg101.178                       -            403 179485at33208        -            501   8.9e-23   82.3   9.3   1   4     0.029       4.1    7.6   0.0   218   252   104   138    97   140 0.87 -
evm.utg101.178                       -            403 179485at33208        -            501   8.9e-23   82.3   9.3   2   4   9.5e-13   1.4e-10   42.2   0.3   169   258   140   228   138   238 0.93 -
evm.utg101.178                       -            403 179485at33208        -            501   8.9e-23   82.3   9.3   3   4    0.0016      0.22   11.8   0.1    68   112   250   291   233   305 0.81 -
evm.utg101.178                       -            403 179485at33208        -            501   8.9e-23   82.3   9.3   4   4     8e-07   0.00011   22.6   0.1   190   258   308   375   305   391 0.88 -
evm.utg577.102                       -            912 179485at33208        -            501   9.3e-23   82.3   4.2   1   4   5.2e-09   7.4e-07   29.8   0.8   218   340   612   725   602   728 0.86 -
evm.utg577.102                       -            912 179485at33208        -            501   9.3e-23   82.3   4.2   2   4   4.8e-08   6.9e-06   26.6   0.2   176   259   693   771   689   775 0.87 -
evm.utg577.102                       -            912 179485at33208        -            501   9.3e-23   82.3   4.2   3   4   1.1e-06   0.00015   22.2   0.1   189   257   784   851   779   854 0.90 -
evm.utg577.102                       -            912 179485at33208        -            501   9.3e-23   82.3   4.2   4   4     1e-06   0.00015   22.2   0.0   173   251   810   885   808   891 0.84 -
evm.utg579.18                        -            368 179485at33208        -            501   2.3e-22   81.0   1.2   1   3       0.5        71    3.5   0.0   217   254    48    85    34    97 0.70 -
evm.utg579.18                        -            368 179485at33208        -            501   2.3e-22   81.0   1.2   2   3   1.3e-05    0.0018   18.6   0.0   162   254   100   192    85   197 0.87 -
evm.utg579.18                        -            368 179485at33208        -            501   2.3e-22   81.0   1.2   3   3   4.5e-17   6.4e-15   56.4   0.2   176   334   202   362   196   366 0.86 -
evm.utg2303.45                       -            565 179485at33208        -            501   2.5e-22   80.8   5.4   1   4   4.3e-07   6.2e-05   23.5   0.0   165   255   263   354   241   358 0.83 -
evm.utg2303.45                       -            565 179485at33208        -            501   2.5e-22   80.8   5.4   2   4   1.2e-05    0.0017   18.8   0.1   218   267   359   408   355   413 0.92 -
evm.utg2303.45                       -            565 179485at33208        -            501   2.5e-22   80.8   5.4   3   4   3.7e-05    0.0052   17.1   0.0   189   259   415   483   409   486 0.90 -
evm.utg2303.45                       -            565 179485at33208        -            501   2.5e-22   80.8   5.4   4   4   2.2e-06   0.00031   21.2   0.1   185   248   498   560   491   562 0.93 -
evm.utg7412.19                       -            738 179485at33208        -            501   4.1e-22   80.2   4.4   1   6   7.4e-11   1.1e-08   35.9   0.0   188   258    62   134    38   135 0.88 -
evm.utg7412.19                       -            738 179485at33208        -            501   4.1e-22   80.2   4.4   2   6    0.0029      0.41   10.9   0.0   297   349   129   181   126   204 0.86 -
evm.utg7412.19                       -            738 179485at33208        -            501   4.1e-22   80.2   4.4   3   6      0.12        17    5.6   0.0   300   337   210   246   199   254 0.84 -
evm.utg7412.19                       -            738 179485at33208        -            501   4.1e-22   80.2   4.4   4   6   0.00037     0.052   13.8   0.0   179   252   274   349   268   356 0.78 -
evm.utg7412.19                       -            738 179485at33208        -            501   4.1e-22   80.2   4.4   5   6   9.7e-08   1.4e-05   25.6   0.0   177   256   317   397   302   402 0.90 -
evm.utg7412.19                       -            738 179485at33208        -            501   4.1e-22   80.2   4.4   6   6       3.1   4.5e+02    0.9   0.1   143   242   605   704   585   719 0.80 -
evm.utg109.41                        -            598 179485at33208        -            501   4.9e-22   79.9   0.1   1   4   1.6e-06   0.00022   21.7   0.0   218   252   349   383   329   389 0.89 -
evm.utg109.41                        -            598 179485at33208        -            501   4.9e-22   79.9   0.1   2   4   1.6e-07   2.3e-05   24.9   0.0   174   258   390   473   385   474 0.90 -
evm.utg109.41                        -            598 179485at33208        -            501   4.9e-22   79.9   0.1   3   4     3e-09   4.3e-07   30.6   0.0   175   257   433   514   429   517 0.93 -
evm.utg109.41                        -            598 179485at33208        -            501   4.9e-22   79.9   0.1   4   4   1.4e-06    0.0002   21.8   0.0   180   252   480   551   474   562 0.88 -
evm.utg2129.40                       -            418 179485at33208        -            501   6.8e-22   79.4   5.6   1   5   3.9e-05    0.0055   17.1   0.1   297   342    95   139    90   143 0.88 -
evm.utg2129.40                       -            418 179485at33208        -            501   6.8e-22   79.4   5.6   2   5   3.5e-11     5e-09   37.0   0.4   174   259   143   231   138   242 0.87 -
evm.utg2129.40                       -            418 179485at33208        -            501   6.8e-22   79.4   5.6   3   5      0.25        36    4.5   0.0   229   258   245   274   232   276 0.78 -
evm.utg2129.40                       -            418 179485at33208        -            501   6.8e-22   79.4   5.6   4   5   8.5e-06    0.0012   19.2   0.0   174   253   275   355   272   361 0.89 -
evm.utg2129.40                       -            418 179485at33208        -            501   6.8e-22   79.4   5.6   5   5       2.8     4e+02    1.0   0.0   176   205   363   392   358   399 0.64 -
evm.utg5290.27.1.5c22f1dc            -            533 179485at33208        -            501     1e-21   78.9   6.2   1   4   7.6e-07   0.00011   22.7   0.0   165   255   231   322   209   326 0.82 -
evm.utg5290.27.1.5c22f1dc            -            533 179485at33208        -            501     1e-21   78.9   6.2   2   4   1.1e-05    0.0015   18.9   0.1   218   267   327   376   323   381 0.92 -
evm.utg5290.27.1.5c22f1dc            -            533 179485at33208        -            501     1e-21   78.9   6.2   3   4   5.3e-05    0.0075   16.6   0.1   189   259   383   451   377   457 0.90 -
evm.utg5290.27.1.5c22f1dc            -            533 179485at33208        -            501     1e-21   78.9   6.2   4   4   1.8e-06   0.00026   21.5   0.1   185   248   466   528   459   530 0.93 -
evm.utg5290.27                       -            565 179485at33208        -            501   1.4e-21   78.4   6.2   1   4   7.9e-07   0.00011   22.6   0.0   165   255   263   354   241   359 0.82 -
evm.utg5290.27                       -            565 179485at33208        -            501   1.4e-21   78.4   6.2   2   4   1.2e-05    0.0017   18.8   0.1   218   267   359   408   355   413 0.92 -
evm.utg5290.27                       -            565 179485at33208        -            501   1.4e-21   78.4   6.2   3   4   5.8e-05    0.0082   16.5   0.1   189   259   415   483   409   489 0.90 -
evm.utg5290.27                       -            565 179485at33208        -            501   1.4e-21   78.4   6.2   4   4     2e-06   0.00028   21.3   0.1   185   248   498   560   491   562 0.93 -
evm.utg405.2                         -            495 179485at33208        -            501   1.5e-21   78.3   2.5   1   4   2.7e-05    0.0038   17.6   0.0   209   256   144   193   123   196 0.83 -
evm.utg405.2                         -            495 179485at33208        -            501   1.5e-21   78.3   2.5   2   4     0.014         2    8.6   0.0   218   249   197   228   191   232 0.90 -
evm.utg405.2                         -            495 179485at33208        -            501   1.5e-21   78.3   2.5   3   4   3.5e-07     5e-05   23.8   0.2   214   257   274   317   262   322 0.89 -
evm.utg405.2                         -            495 179485at33208        -            501   1.5e-21   78.3   2.5   4   4   6.8e-08   9.7e-06   26.1   0.1   172   340   317   491   314   494 0.75 -
evm.utg736.53                        -            495 179485at33208        -            501   1.6e-21   78.2   2.7   1   4   2.7e-05    0.0038   17.6   0.0   209   256   144   193   123   196 0.83 -
evm.utg736.53                        -            495 179485at33208        -            501   1.6e-21   78.2   2.7   2   4     0.014         2    8.6   0.0   218   249   197   228   191   232 0.90 -
evm.utg736.53                        -            495 179485at33208        -            501   1.6e-21   78.2   2.7   3   4   3.2e-07   4.6e-05   23.9   0.2   214   257   274   317   261   323 0.88 -
evm.utg736.53                        -            495 179485at33208        -            501   1.6e-21   78.2   2.7   4   4   6.6e-08   9.4e-06   26.2   0.1   172   340   317   491   313   494 0.75 -
evm.utg2129.40.1.5c22ed08            -            389 179485at33208        -            501   2.3e-21   77.7   4.7   1   4   3.2e-05    0.0045   17.4   0.1   297   342    95   139    90   145 0.87 -
evm.utg2129.40.1.5c22ed08            -            389 179485at33208        -            501   2.3e-21   77.7   4.7   2   4   3.4e-11   4.9e-09   37.0   0.6   174   259   143   231   136   239 0.87 -
evm.utg2129.40.1.5c22ed08            -            389 179485at33208        -            501   2.3e-21   77.7   4.7   3   4      0.23        33    4.6   0.0   229   258   245   274   231   275 0.76 -
evm.utg2129.40.1.5c22ed08            -            389 179485at33208        -            501   2.3e-21   77.7   4.7   4   4   7.7e-06    0.0011   19.4   0.0   174   256   275   356   272   374 0.86 -
evm.utg777.49                        -            667 179485at33208        -            501   2.3e-21   77.7   0.1   1   3   2.4e-05    0.0034   17.7   0.0   218   253   412   447   385   453 0.81 -
evm.utg777.49                        -            667 179485at33208        -            501   2.3e-21   77.7   0.1   2   3     7e-10   9.9e-08   32.7   0.0   174   258   453   536   445   540 0.91 -
evm.utg777.49                        -            667 179485at33208        -            501   2.3e-21   77.7   0.1   3   3   3.3e-07   4.7e-05   23.9   0.0   176   250   539   612   536   616 0.89 -
evm.utg10470.3                       -            667 179485at33208        -            501   5.1e-21   76.6   0.1   1   3   2.4e-05    0.0034   17.7   0.0   218   253   412   447   385   453 0.81 -
evm.utg10470.3                       -            667 179485at33208        -            501   5.1e-21   76.6   0.1   2   3   7.3e-10     1e-07   32.6   0.0   174   258   453   536   445   540 0.91 -
evm.utg10470.3                       -            667 179485at33208        -            501   5.1e-21   76.6   0.1   3   3   6.8e-07   9.7e-05   22.8   0.0   176   250   539   612   536   616 0.89 -
evm.utg967.29                        -            325 179485at33208        -            501   5.7e-21   76.4   1.6   1   3   2.1e-07     3e-05   24.5   0.1   176   252    12    90     6    97 0.82 -
evm.utg967.29                        -            325 179485at33208        -            501   5.7e-21   76.4   1.6   2   3   6.5e-10   9.2e-08   32.8   0.3   176   314    98   229    92   256 0.79 -
evm.utg967.29                        -            325 179485at33208        -            501   5.7e-21   76.4   1.6   3   3   2.6e-05    0.0037   17.6   0.0   184   249   230   294   208   308 0.82 -
evm.utg564.26                        -            598 179485at33208        -            501   6.1e-21   76.3   0.1   1   4   6.7e-07   9.6e-05   22.9   0.0   219   253   350   384   329   390 0.89 -
evm.utg564.26                        -            598 179485at33208        -            501   6.1e-21   76.3   0.1   2   4      0.04       5.7    7.1   0.0   300   337   387   423   381   426 0.81 -
evm.utg564.26                        -            598 179485at33208        -            501   6.1e-21   76.3   0.1   3   4   2.9e-09   4.2e-07   30.7   0.0   175   257   433   514   429   517 0.93 -
evm.utg564.26                        -            598 179485at33208        -            501   6.1e-21   76.3   0.1   4   4     3e-06   0.00043   20.7   0.0   185   253   485   552   484   559 0.90 -
evm.utg4271.15                       -            398 179485at33208        -            501   7.9e-21   75.9   7.8   1   2     3e-15   4.2e-13   50.4   1.1   174   338    40   218    33   226 0.83 -
evm.utg4271.15                       -            398 179485at33208        -            501   7.9e-21   75.9   7.8   2   2   7.8e-09   1.1e-06   29.2   1.0   203   337   228   364   218   384 0.79 -
evm.utg1919.76                       -            679 179485at33208        -            501   1.1e-20   75.4   1.0   1   4   5.9e-11   8.4e-09   36.3   0.0   188   258    14    86     7    87 0.91 -
evm.utg1919.76                       -            679 179485at33208        -            501   1.1e-20   75.4   1.0   2   4    0.0074       1.1    9.5   0.0   297   350    81   134    79   162 0.85 -
evm.utg1919.76                       -            679 179485at33208        -            501   1.1e-20   75.4   1.0   3   4     5e-05    0.0071   16.7   0.0   176   252   207   285   186   291 0.80 -
evm.utg1919.76                       -            679 179485at33208        -            501   1.1e-20   75.4   1.0   4   4   1.2e-07   1.7e-05   25.3   0.0   179   255   255   332   248   339 0.91 -
evm.utg411.25                        -            871 179485at33208        -            501   1.4e-20   75.1   0.6   1   5       4.8   6.9e+02    0.2   0.0   199   266    35   101    19   102 0.74 -
evm.utg411.25                        -            871 179485at33208        -            501   1.4e-20   75.1   0.6   2   5     3e-06   0.00043   20.7   0.0   177   278    96   201    84   213 0.82 -
evm.utg411.25                        -            871 179485at33208        -            501   1.4e-20   75.1   0.6   3   5   3.7e-09   5.3e-07   30.3   0.2   162   340   290   468   263   470 0.75 -
evm.utg411.25                        -            871 179485at33208        -            501   1.4e-20   75.1   0.6   4   5   1.4e-05     0.002   18.5   0.0   181   262   438   520   426   547 0.84 -
evm.utg411.25                        -            871 179485at33208        -            501   1.4e-20   75.1   0.6   5   5      0.77   1.1e+02    2.9   0.0   216   260   577   621   550   638 0.76 -
evm.utg470.32                        -           1060 179485at33208        -            501   1.6e-20   74.9   2.6   1   6   0.00038     0.054   13.8   0.0   282   339    36    94    26   111 0.83 -
evm.utg470.32                        -           1060 179485at33208        -            501   1.6e-20   74.9   2.6   2   6       2.3   3.3e+02    1.3   0.0    69   118   221   270   194   299 0.64 -
evm.utg470.32                        -           1060 179485at33208        -            501   1.6e-20   74.9   2.6   3   6   0.00024     0.035   14.4   0.0   196   257   346   408   339   410 0.89 -
evm.utg470.32                        -           1060 179485at33208        -            501   1.6e-20   74.9   2.6   4   6   1.4e-06   0.00019   21.9   0.0   183   259   376   453   367   459 0.82 -
evm.utg470.32                        -           1060 179485at33208        -            501   1.6e-20   74.9   2.6   5   6    0.0016      0.23   11.7   0.0   181   249   462   528   451   535 0.77 -
evm.utg470.32                        -           1060 179485at33208        -            501   1.6e-20   74.9   2.6   6   6   1.5e-05    0.0022   18.4   0.0    48   162   538   652   529   655 0.85 -
evm.utg3260.7.1.5c22ef15             -            313 179485at33208        -            501   3.6e-20   73.7   6.2   1   2   8.5e-11   1.2e-08   35.7   1.1   206   355    15   160     3   177 0.82 -
evm.utg3260.7.1.5c22ef15             -            313 179485at33208        -            501   3.6e-20   73.7   6.2   2   2   3.5e-08     5e-06   27.1   0.4   232   359   177   301   160   310 0.80 -
evm.utg3260.7.1.5c22ef15.1.5c279399  -            313 179485at33208        -            501   3.6e-20   73.7   6.2   1   2   8.5e-11   1.2e-08   35.7   1.1   206   355    15   160     3   177 0.82 -
evm.utg3260.7.1.5c22ef15.1.5c279399  -            313 179485at33208        -            501   3.6e-20   73.7   6.2   2   2   3.5e-08     5e-06   27.1   0.4   232   359   177   301   160   310 0.80 -
evm.utg3283.18                       -            313 179485at33208        -            501   4.9e-20   73.3   6.9   1   4   6.5e-08   9.2e-06   26.2   0.1   206   257    15    67     3    69 0.85 -
evm.utg3283.18                       -            313 179485at33208        -            501   4.9e-20   73.3   6.9   2   4    0.0018      0.26   11.6   0.1   302   356    68   121    65   124 0.82 -
evm.utg3283.18                       -            313 179485at33208        -            501   4.9e-20   73.3   6.9   3   4      0.04       5.6    7.1   0.0   299   354   105   159   103   172 0.78 -
evm.utg3283.18                       -            313 179485at33208        -            501   4.9e-20   73.3   6.9   4   4   3.6e-08   5.1e-06   27.1   0.4   232   359   177   301   160   310 0.80 -
evm.utg413.38                        -            593 179485at33208        -            501     5e-20   73.3   9.2   1   5      0.13        18    5.5   0.0   217   256   310   349   303   352 0.90 -
evm.utg413.38                        -            593 179485at33208        -            501     5e-20   73.3   9.2   2   5     1e-09   1.4e-07   32.2   0.3   171   253   349   430   347   436 0.91 -
evm.utg413.38                        -            593 179485at33208        -            501     5e-20   73.3   9.2   3   5   8.6e-06    0.0012   19.2   0.0   210   258   429   477   427   485 0.89 -
evm.utg413.38                        -            593 179485at33208        -            501     5e-20   73.3   9.2   4   5       8.9   1.3e+03   -0.6   0.0    53    80   482   510   473   516 0.68 -
evm.utg413.38                        -            593 179485at33208        -            501     5e-20   73.3   9.2   5   5   9.3e-06    0.0013   19.1   0.0   181   247   527   591   516   592 0.95 -
evm.utg1005.5                        -            983 179485at33208        -            501   7.2e-20   72.8   6.6   1   2   1.8e-06   0.00026   21.5   1.8   216   336   692   807   679   814 0.87 -
evm.utg1005.5                        -            983 179485at33208        -            501   7.2e-20   72.8   6.6   2   2   2.3e-15   3.2e-13   50.8   0.2   175   336   826   980   818   982 0.92 -
utg356.equina_smart_371689.mrna1     -            318 179485at33208        -            501   9.3e-20   72.4   0.8   1   2   2.8e-08     4e-06   27.4   0.0   172   342    35   203    26   209 0.84 -
utg356.equina_smart_371689.mrna1     -            318 179485at33208        -            501   9.3e-20   72.4   0.8   2   2   3.3e-13   4.7e-11   43.7   0.2   170   259   211   300   198   306 0.95 -
evm.utg14.76                         -            335 179485at33208        -            501   1.5e-19   71.7   7.6   1   4   8.4e-08   1.2e-05   25.9   0.4   214   344     9   142     4   147 0.85 -
evm.utg14.76                         -            335 179485at33208        -            501   1.5e-19   71.7   7.6   2   4   5.6e-10   7.9e-08   33.0   0.0   175   249   145   218   140   223 0.92 -
evm.utg14.76                         -            335 179485at33208        -            501   1.5e-19   71.7   7.6   3   4    0.0027      0.38   11.0   0.1   235   258   276   299   272   301 0.90 -
evm.utg14.76                         -            335 179485at33208        -            501   1.5e-19   71.7   7.6   4   4      0.54        77    3.4   0.1   219   247   302   330   300   333 0.81 -
evm.utg439.49                        -            578 179485at33208        -            501   1.6e-19   71.6   2.9   1   3   2.9e-09   4.2e-07   30.6   0.0   171   259   280   369   274   373 0.90 -
evm.utg439.49                        -            578 179485at33208        -            501   1.6e-19   71.6   2.9   2   3   1.9e-06   0.00027   21.4   0.1   181   249   375   445   367   455 0.86 -
evm.utg439.49                        -            578 179485at33208        -            501   1.6e-19   71.6   2.9   3   3   2.2e-05    0.0031   17.9   0.3    32   114   480   568   464   575 0.74 -
evm.utg101.131                       -            607 179485at33208        -            501   2.7e-19   70.8   2.1   1   4     2e-08   2.8e-06   27.9   0.0   172   259    10    99     4   100 0.86 -
evm.utg101.131                       -            607 179485at33208        -            501   2.7e-19   70.8   2.1   2   4   2.3e-10   3.3e-08   34.3   0.8   172   274    97   200    94   215 0.82 -
evm.utg101.131                       -            607 179485at33208        -            501   2.7e-19   70.8   2.1   3   4     0.046       6.5    6.9   0.1   175   248   189   265   184   277 0.68 -
evm.utg101.131                       -            607 179485at33208        -            501   2.7e-19   70.8   2.1   4   4      0.52        73    3.5   0.0   172   203   278   309   220   319 0.61 -
evm.utg3174.3                        -            435 179485at33208        -            501   4.4e-19   70.2  10.7   1   5     0.081        11    6.1   0.0   217   256   152   191   142   194 0.90 -
evm.utg3174.3                        -            435 179485at33208        -            501   4.4e-19   70.2  10.7   2   5   6.5e-10   9.2e-08   32.8   0.4   171   253   191   272   188   278 0.91 -
evm.utg3174.3                        -            435 179485at33208        -            501   4.4e-19   70.2  10.7   3   5   1.6e-05    0.0022   18.4   0.0   210   258   271   319   269   325 0.89 -
evm.utg3174.3                        -            435 179485at33208        -            501   4.4e-19   70.2  10.7   4   5       4.3   6.1e+02    0.4   0.0   227   260   330   363   320   370 0.60 -
evm.utg3174.3                        -            435 179485at33208        -            501   4.4e-19   70.2  10.7   5   5     5e-05    0.0071   16.7   0.0   181   247   369   433   366   434 0.95 -
evm.utg15197.11                      -           1003 179485at33208        -            501   1.1e-18   68.9   0.5   1   4     0.003      0.42   10.8   0.0   168   254   108   193   102   196 0.86 -
evm.utg15197.11                      -           1003 179485at33208        -            501   1.1e-18   68.9   0.5   2   4     0.015       2.1    8.5   0.0   209   249   188   229   177   238 0.86 -
evm.utg15197.11                      -           1003 179485at33208        -            501   1.1e-18   68.9   0.5   3   4   3.2e-07   4.6e-05   23.9   0.0   173   259   238   325   229   328 0.86 -
evm.utg15197.11                      -           1003 179485at33208        -            501   1.1e-18   68.9   0.5   4   4   5.2e-07   7.5e-05   23.2   0.1   175   248   326   400   323   417 0.83 -
evm.utg1629.22                       -           1004 179485at33208        -            501   1.2e-18   68.7   0.5   1   4     0.003      0.42   10.8   0.0   168   254   109   194   103   197 0.86 -
evm.utg1629.22                       -           1004 179485at33208        -            501   1.2e-18   68.7   0.5   2   4     0.025       3.6    7.8   0.0   210   249   190   230   188   237 0.86 -
evm.utg1629.22                       -           1004 179485at33208        -            501   1.2e-18   68.7   0.5   3   4   3.7e-07   5.3e-05   23.7   0.0   173   259   239   326   230   333 0.87 -
evm.utg1629.22                       -           1004 179485at33208        -            501   1.2e-18   68.7   0.5   4   4   4.2e-07     6e-05   23.5   0.1   174   248   326   401   323   417 0.83 -
evm.utg577.63                        -            506 179485at33208        -            501   1.6e-18   68.3   2.4   1   4   4.7e-12   6.7e-10   39.9   0.1   171   259   203   292   186   293 0.91 -
evm.utg577.63                        -            506 179485at33208        -            501   1.6e-18   68.3   2.4   2   4   9.3e-05     0.013   15.8   0.1   174   257   291   381   287   424 0.83 -
evm.utg577.63                        -            506 179485at33208        -            501   1.6e-18   68.3   2.4   3   4   0.00098      0.14   12.4   0.1   181   257   391   471   378   481 0.66 -
evm.utg577.63                        -            506 179485at33208        -            501   1.6e-18   68.3   2.4   4   4    0.0017      0.24   11.6   0.0   184   230   441   486   420   504 0.75 -
evm.utg7048.1                        -            362 179485at33208        -            501   6.4e-18   66.3   0.9   1   3   3.5e-09     5e-07   30.4   0.0   298   346    30    77    20    88 0.90 -
evm.utg7048.1                        -            362 179485at33208        -            501   6.4e-18   66.3   0.9   2   3   3.5e-08     5e-06   27.1   0.0   179   258    88   166    78   170 0.87 -
evm.utg7048.1                        -            362 179485at33208        -            501   6.4e-18   66.3   0.9   3   3      0.12        17    5.6   0.3   219   308   169   255   166   302 0.69 -
evm.utg6072.16                       -            506 179485at33208        -            501   7.4e-18   66.1   2.3   1   4   1.4e-11     2e-09   38.3   0.1   166   259   198   292   175   293 0.89 -
evm.utg6072.16                       -            506 179485at33208        -            501   7.4e-18   66.1   2.3   2   4   0.00021      0.03   14.7   0.1   174   256   291   380   287   388 0.83 -
evm.utg6072.16                       -            506 179485at33208        -            501   7.4e-18   66.1   2.3   3   4    0.0013      0.19   12.0   0.1   213   255   424   469   380   480 0.52 -
evm.utg6072.16                       -            506 179485at33208        -            501   7.4e-18   66.1   2.3   4   4    0.0012      0.17   12.2   0.1   183   230   440   486   410   504 0.73 -
evm.utg1629.22.1.5c22eb7d            -            969 179485at33208        -            501     8e-18   66.0   0.9   1   4     0.026       3.8    7.7   0.0   183   253    89   158    71   162 0.83 -
evm.utg1629.22.1.5c22eb7d            -            969 179485at33208        -            501     8e-18   66.0   0.9   2   4   0.00015     0.021   15.1   0.0   163   249   110   195    97   200 0.83 -
evm.utg1629.22.1.5c22eb7d            -            969 179485at33208        -            501     8e-18   66.0   0.9   3   4   3.5e-07     5e-05   23.8   0.0   173   259   204   291   195   298 0.87 -
evm.utg1629.22.1.5c22eb7d            -            969 179485at33208        -            501     8e-18   66.0   0.9   4   4     5e-07   7.1e-05   23.3   0.1   175   248   292   366   289   383 0.83 -
evm.utg1721.37                       -            409 179485at33208        -            501   1.8e-17   64.9   0.5   1   3   3.1e-07   4.5e-05   24.0   0.8   172   265    66   159    61   174 0.88 -
evm.utg1721.37                       -            409 179485at33208        -            501   1.8e-17   64.9   0.5   2   3   9.9e-09   1.4e-06   28.9   0.0   171   353   190   380   181   383 0.79 -
evm.utg1721.37                       -            409 179485at33208        -            501   1.8e-17   64.9   0.5   3   3    0.0025      0.35   11.1   0.0   218   250   372   404   368   407 0.92 -
evm.utg21895.1                       -            272 179485at33208        -            501   1.8e-17   64.8   2.8   1   3     5e-06    0.0007   20.0   0.0   294   345    12    62     2    68 0.64 -
evm.utg21895.1                       -            272 179485at33208        -            501   1.8e-17   64.8   2.8   2   3     6e-07   8.6e-05   23.0   0.1   182   249    70   139    63   150 0.87 -
evm.utg21895.1                       -            272 179485at33208        -            501   1.8e-17   64.8   2.8   3   3   4.9e-06    0.0007   20.0   0.5    33   114   175   262   147   271 0.67 -
evm.utg435.1                         -            468 179485at33208        -            501   1.9e-17   64.8   1.5   1   3   5.3e-09   7.6e-07   29.8   0.0   298   346   137   184   125   191 0.90 -
evm.utg435.1                         -            468 179485at33208        -            501   1.9e-17   64.8   1.5   2   3   2.4e-08   3.4e-06   27.6   0.5   179   336   195   346   185   349 0.71 -
evm.utg435.1                         -            468 179485at33208        -            501   1.9e-17   64.8   1.5   3   3      0.13        19    5.4   0.6   219   336   276   402   274   410 0.64 -
evm.utg7.52                          -            496 179485at33208        -            501   4.5e-17   63.5   5.3   1   3   9.8e-11   1.4e-08   35.5   2.1   176   340   195   350   185   352 0.86 -
evm.utg7.52                          -            496 179485at33208        -            501   4.5e-17   63.5   5.3   2   3     3e-11   4.2e-09   37.2   0.1   189   338   286   428   271   436 0.82 -
evm.utg7.52                          -            496 179485at33208        -            501   4.5e-17   63.5   5.3   3   3       6.9   9.8e+02   -0.3   0.0   219   249   447   475   433   483 0.73 -
evm.utg73.142                        -            520 179485at33208        -            501   4.5e-17   63.5   0.0   1   4       1.1   1.6e+02    2.3   0.0   227   254   238   265   232   273 0.85 -
evm.utg73.142                        -            520 179485at33208        -            501   4.5e-17   63.5   0.0   2   4      0.01       1.4    9.1   0.0   187   254   291   357   270   361 0.85 -
evm.utg73.142                        -            520 179485at33208        -            501   4.5e-17   63.5   0.0   3   4   4.2e-06   0.00059   20.3   0.0   173   257   319   402   312   405 0.90 -
evm.utg73.142                        -            520 179485at33208        -            501   4.5e-17   63.5   0.0   4   4     5e-14   7.1e-12   46.4   0.1   173   336   361   518   358   519 0.91 -
evm.utg798.40                        -            320 179485at33208        -            501     5e-17   63.4   0.1   1   2    0.0025      0.35   11.1   0.0   198   252    38    93     6   104 0.73 -
evm.utg798.40                        -            320 179485at33208        -            501     5e-17   63.4   0.1   2   2   8.6e-15   1.2e-12   48.9   0.0   177   339   104   271    97   298 0.83 -
evm.utg911.6.2.5c22f4f3.1.5c279873   -           1182 179485at33208        -            501   5.7e-17   63.2   7.5   1   5      0.38        54    3.9   0.0   418   459    83   126    41   132 0.68 -
evm.utg911.6.2.5c22f4f3.1.5c279873   -           1182 179485at33208        -            501   5.7e-17   63.2   7.5   2   5   2.1e-05     0.003   17.9   0.4   172   253   130   210   120   216 0.89 -
evm.utg911.6.2.5c22f4f3.1.5c279873   -           1182 179485at33208        -            501   5.7e-17   63.2   7.5   3   5      0.11        15    5.7   0.0   234   258   412   436   334   458 0.79 -
evm.utg911.6.2.5c22f4f3.1.5c279873   -           1182 179485at33208        -            501   5.7e-17   63.2   7.5   4   5   1.4e-05    0.0019   18.6   0.0   173   252   473   554   460   562 0.82 -
evm.utg911.6.2.5c22f4f3.1.5c279873   -           1182 179485at33208        -            501   5.7e-17   63.2   7.5   5   5   7.1e-05      0.01   16.2   1.3   172   337   560   731   555   745 0.80 -
evm.utg18125.5.1.5c22ec17            -            724 179485at33208        -            501     1e-16   62.3  18.1   1   4   6.9e-11   9.8e-09   36.0   1.7   173   339   270   435   265   441 0.88 -
evm.utg18125.5.1.5c22ec17            -            724 179485at33208        -            501     1e-16   62.3  18.1   2   4   0.00039     0.055   13.8   1.6   187   340   470   628   467   632 0.60 -
evm.utg18125.5.1.5c22ec17            -            724 179485at33208        -            501     1e-16   62.3  18.1   3   4   1.4e-06   0.00019   21.9   1.9   164   253   582   674   571   682 0.83 -
evm.utg18125.5.1.5c22ec17            -            724 179485at33208        -            501     1e-16   62.3  18.1   4   4   0.00023     0.033   14.5   0.9   175   246   638   718   637   720 0.73 -
evm.utg234.60.1.5c279240             -            226 179485at33208        -            501   1.1e-16   62.3   0.9   1   2   3.1e-08   4.4e-06   27.3   0.7   216   344     9   140     3   145 0.85 -
evm.utg234.60.1.5c279240             -            226 179485at33208        -            501   1.1e-16   62.3   0.9   2   2   2.9e-10   4.2e-08   34.0   0.0   175   249   143   216   138   219 0.92 -
evm.utg967.29.1.5c22f549             -            266 179485at33208        -            501   1.7e-16   61.7   1.7   1   2   1.4e-07     2e-05   25.1   0.1   176   252    12    90     6    97 0.82 -
evm.utg967.29.1.5c22f549             -            266 179485at33208        -            501   1.7e-16   61.7   1.7   2   2   6.4e-11   9.1e-09   36.1   0.2   176   344    98   260    91   262 0.88 -
evm.utg1285.72                       -           1198 179485at33208        -            501   1.9e-16   61.5   1.7   1   3   1.5e-05    0.0021   18.4   0.0   170   253   876   976   866   981 0.61 -
evm.utg1285.72                       -           1198 179485at33208        -            501   1.9e-16   61.5   1.7   2   3   7.2e-05      0.01   16.2   0.6    90   210   985  1110   982  1119 0.70 -
evm.utg1285.72                       -           1198 179485at33208        -            501   1.9e-16   61.5   1.7   3   3   6.3e-07     9e-05   23.0   0.0   176   249  1118  1195  1112  1197 0.89 -
evm.utg607.12.1.5c22f2ae             -            705 179485at33208        -            501   2.3e-16   61.2   6.7   1   3   7.8e-06    0.0011   19.4   0.0   172   255    31   117    24   120 0.87 -
evm.utg607.12.1.5c22f2ae             -            705 179485at33208        -            501   2.3e-16   61.2   6.7   2   3   2.4e-09   3.4e-07   30.9   0.1   168   253   115   208   111   214 0.79 -
evm.utg607.12.1.5c22f2ae             -            705 179485at33208        -            501   2.3e-16   61.2   6.7   3   3    0.0015      0.21   11.8   0.1   216   260   213   257   206   328 0.88 -
evm.utg73.96                         -            327 179485at33208        -            501   2.4e-16   61.1   0.3   1   3   2.6e-11   3.6e-09   37.4   0.1   175   259    29   115    16   123 0.81 -
evm.utg73.96                         -            327 179485at33208        -            501   2.4e-16   61.1   0.3   2   3   0.00021      0.03   14.6   0.0   168   258   148   238   132   242 0.81 -
evm.utg73.96                         -            327 179485at33208        -            501   2.4e-16   61.1   0.3   3   3      0.32        45    4.1   0.0   180   242   245   305   241   317 0.69 -
evm.utg607.12                        -            707 179485at33208        -            501   2.4e-16   61.1   6.7   1   3   7.8e-06    0.0011   19.4   0.0   172   255    31   117    24   120 0.87 -
evm.utg607.12                        -            707 179485at33208        -            501   2.4e-16   61.1   6.7   2   3   2.4e-09   3.4e-07   30.9   0.1   168   253   115   208   111   214 0.79 -
evm.utg607.12                        -            707 179485at33208        -            501   2.4e-16   61.1   6.7   3   3    0.0015      0.21   11.8   0.1   216   260   213   257   206   328 0.88 -
evm.utg4972.23                       -            640 179485at33208        -            501   3.2e-16   60.7  13.7   1   4   3.2e-10   4.5e-08   33.8   3.0   173   340   343   506   339   508 0.79 -
evm.utg4972.23                       -            640 179485at33208        -            501   3.2e-16   60.7  13.7   2   4   9.8e-09   1.4e-06   28.9   0.3   229   344   442   552   440   557 0.84 -
evm.utg4972.23                       -            640 179485at33208        -            501   3.2e-16   60.7  13.7   3   4   2.4e-06   0.00034   21.0   0.1   171   259   509   599   507   613 0.82 -
evm.utg4972.23                       -            640 179485at33208        -            501   3.2e-16   60.7  13.7   4   4      0.34        48    4.1   0.0   217   250   599   630   593   637 0.75 -
evm.utg7264.10                       -            194 179485at33208        -            501     4e-16   60.4   2.8   1   3   1.7e-07   2.5e-05   24.8   0.2   173   250    12    88     7    92 0.92 -
evm.utg7264.10                       -            194 179485at33208        -            501     4e-16   60.4   2.8   2   3     1e-10   1.5e-08   35.4   0.3   189   261    92   163    88   171 0.92 -
evm.utg7264.10                       -            194 179485at33208        -            501     4e-16   60.4   2.8   3   3       9.3   1.3e+03   -0.7   0.0   177   202   164   189   159   192 0.80 -
evm.utg2323.5                        -            681 179485at33208        -            501     4e-16   60.4   0.0   1   2   1.2e-06   0.00017   22.1   0.0   218   337    16   133     6   138 0.83 -
evm.utg2323.5                        -            681 179485at33208        -            501     4e-16   60.4   0.0   2   2   6.3e-11     9e-09   36.2   0.0   171   257   139   224   136   238 0.91 -
evm.utg693.67                        -           1677 179485at33208        -            501   4.1e-16   60.4   7.3   1   6   4.1e-05    0.0058   17.0   0.1   164   245    46   129    41   143 0.78 -
evm.utg693.67                        -           1677 179485at33208        -            501   4.1e-16   60.4   7.3   2   6      0.24        34    4.6   0.0   229   261   218   250   144   259 0.87 -
evm.utg693.67                        -           1677 179485at33208        -            501   4.1e-16   60.4   7.3   3   6   0.00067     0.095   13.0   0.0   190   256   281   350   259   376 0.76 -
evm.utg693.67                        -           1677 179485at33208        -            501   4.1e-16   60.4   7.3   4   6     0.012       1.6    8.9   0.0   178   235   404   461   387   497 0.76 -
evm.utg693.67                        -           1677 179485at33208        -            501   4.1e-16   60.4   7.3   5   6   0.00033     0.047   14.0   0.1   218   258   619   660   611   665 0.84 -
evm.utg693.67                        -           1677 179485at33208        -            501   4.1e-16   60.4   7.3   6   6       7.9   1.1e+03   -0.5   0.0   306   340   664   698   656   702 0.70 -
evm.utg911.6.2.5c22f4f3              -           1606 179485at33208        -            501   4.6e-16   60.2   7.7   1   5      0.54        77    3.4   0.0   418   459    83   126    42   132 0.68 -
evm.utg911.6.2.5c22f4f3              -           1606 179485at33208        -            501   4.6e-16   60.2   7.7   2   5     3e-05    0.0043   17.4   0.4   172   253   130   210   120   216 0.89 -
evm.utg911.6.2.5c22f4f3              -           1606 179485at33208        -            501   4.6e-16   60.2   7.7   3   5      0.18        26    5.0   0.1   235   258   413   436   350   458 0.84 -
evm.utg911.6.2.5c22f4f3              -           1606 179485at33208        -            501   4.6e-16   60.2   7.7   4   5   1.9e-05    0.0027   18.1   0.0   173   252   473   554   458   562 0.82 -
evm.utg911.6.2.5c22f4f3              -           1606 179485at33208        -            501   4.6e-16   60.2   7.7   5   5   0.00011     0.016   15.6   1.3   172   337   560   731   555   745 0.80 -
evm.utg26219.6                       -            683 179485at33208        -            501   4.8e-16   60.1   0.0   1   2   1.4e-06    0.0002   21.8   0.0   218   337    16   133     6   138 0.83 -
evm.utg26219.6                       -            683 179485at33208        -            501   4.8e-16   60.1   0.0   2   2   6.3e-11     9e-09   36.1   0.0   171   257   139   224   136   238 0.91 -
evm.utg2967.37                       -            683 179485at33208        -            501   4.8e-16   60.1   0.0   1   2   1.4e-06    0.0002   21.8   0.0   218   337    16   133     6   138 0.83 -
evm.utg2967.37                       -            683 179485at33208        -            501   4.8e-16   60.1   0.0   2   2     7e-11     1e-08   36.0   0.0   171   257   139   224   135   232 0.92 -
evm.utg911.6.1.5c22f4f3              -           1631 179485at33208        -            501   5.3e-16   60.0   7.8   1   5      0.55        78    3.4   0.0   418   459    83   126    42   132 0.68 -
evm.utg911.6.1.5c22f4f3              -           1631 179485at33208        -            501   5.3e-16   60.0   7.8   2   5   3.1e-05    0.0044   17.4   0.4   172   253   130   210   120   216 0.89 -
evm.utg911.6.1.5c22f4f3              -           1631 179485at33208        -            501   5.3e-16   60.0   7.8   3   5      0.17        24    5.0   0.1   234   258   412   436   345   457 0.81 -
evm.utg911.6.1.5c22f4f3              -           1631 179485at33208        -            501   5.3e-16   60.0   7.8   4   5   1.8e-05    0.0026   18.1   0.0   173   252   473   554   454   562 0.82 -
evm.utg911.6.1.5c22f4f3              -           1631 179485at33208        -            501   5.3e-16   60.0   7.8   5   5   0.00012     0.017   15.4   1.3   172   337   560   731   555   741 0.80 -
evm.utg911.6                         -           1632 179485at33208        -            501   5.4e-16   60.0   7.8   1   5      0.55        78    3.4   0.0   418   459    83   126    42   132 0.68 -
evm.utg911.6                         -           1632 179485at33208        -            501   5.4e-16   60.0   7.8   2   5   3.1e-05    0.0044   17.4   0.4   172   253   130   210   120   216 0.89 -
evm.utg911.6                         -           1632 179485at33208        -            501   5.4e-16   60.0   7.8   3   5      0.17        24    5.0   0.1   234   258   412   436   345   457 0.81 -
evm.utg911.6                         -           1632 179485at33208        -            501   5.4e-16   60.0   7.8   4   5   1.8e-05    0.0026   18.1   0.0   173   252   473   554   454   562 0.82 -
evm.utg911.6                         -           1632 179485at33208        -            501   5.4e-16   60.0   7.8   5   5   0.00012     0.017   15.4   1.3   172   337   560   731   555   741 0.80 -
evm.utg21766.14                      -            538 179485at33208        -            501   5.9e-16   59.9   1.6   1   3   3.3e-10   4.7e-08   33.8   0.1   169   251    48   150     5   158 0.68 -
evm.utg21766.14                      -            538 179485at33208        -            501   5.9e-16   59.9   1.6   2   3   0.00046     0.065   13.5   0.0   217   251   158   192   151   201 0.86 -
evm.utg21766.14                      -            538 179485at33208        -            501   5.9e-16   59.9   1.6   3   3     0.019       2.7    8.2   0.0   199   254   329   384   302   394 0.84 -
evm.utg2967.37.2.5c22ee73            -            682 179485at33208        -            501   6.1e-16   59.8   0.0   1   2   1.9e-06   0.00027   21.4   0.0   218   337    15   132    10   136 0.83 -
evm.utg2967.37.2.5c22ee73            -            682 179485at33208        -            501   6.1e-16   59.8   0.0   2   2     7e-11     1e-08   36.0   0.0   171   257   138   223   136   234 0.92 -
evm.utg5985.15.3.5c22f28e            -            337 179485at33208        -            501   6.7e-16   59.7   1.3   1   3   1.3e-05    0.0019   18.6   0.1   179   252    38   120    20   134 0.75 -
evm.utg5985.15.3.5c22f28e            -            337 179485at33208        -            501   6.7e-16   59.7   1.3   2   3   3.3e-07   4.7e-05   23.9   0.1   185   252   137   211   129   217 0.72 -
evm.utg5985.15.3.5c22f28e            -            337 179485at33208        -            501   6.7e-16   59.7   1.3   3   3   0.00021     0.031   14.6   0.0   188   248   243   303   231   313 0.82 -
evm.utg5985.15.2.5c22f28e            -            349 179485at33208        -            501   8.1e-16   59.4   1.4   1   3   1.4e-05     0.002   18.5   0.1   179   252    38   120    20   134 0.75 -
evm.utg5985.15.2.5c22f28e            -            349 179485at33208        -            501   8.1e-16   59.4   1.4   2   3   3.5e-07     5e-05   23.8   0.1   185   252   137   211   129   217 0.72 -
evm.utg5985.15.2.5c22f28e            -            349 179485at33208        -            501   8.1e-16   59.4   1.4   3   3   0.00023     0.032   14.5   0.0   188   248   243   303   231   313 0.82 -
evm.utg2757.69                       -            710 179485at33208        -            501   8.1e-16   59.4  10.5   1   5     0.017       2.4    8.4   0.1   218   256   430   468   424   472 0.87 -
evm.utg2757.69                       -            710 179485at33208        -            501   8.1e-16   59.4  10.5   2   5   9.3e-07   0.00013   22.4   0.2   193   258   464   528   462   538 0.90 -
evm.utg2757.69                       -            710 179485at33208        -            501   8.1e-16   59.4  10.5   3   5     0.013       1.8    8.7   0.1    68   112   550   591   537   602 0.75 -
evm.utg2757.69                       -            710 179485at33208        -            501   8.1e-16   59.4  10.5   4   5   2.4e-06   0.00034   21.0   0.1   189   256   607   673   604   676 0.89 -
evm.utg2757.69                       -            710 179485at33208        -            501   8.1e-16   59.4  10.5   5   5   5.3e-06   0.00076   19.9   0.1   174   248   634   707   631   709 0.86 -
evm.utg320.49                        -            928 179485at33208        -            501   8.3e-16   59.4   0.0   1   3    0.0025      0.36   11.1   0.0   173   254    77   164    73   170 0.82 -
evm.utg320.49                        -            928 179485at33208        -            501   8.3e-16   59.4   0.0   2   3   6.6e-07   9.5e-05   22.9   0.1   180   355   133   309   133   348 0.80 -
evm.utg320.49                        -            928 179485at33208        -            501   8.3e-16   59.4   0.0   3   3     1e-07   1.4e-05   25.6   0.0   182   257   598   673   588   681 0.87 -
evm.utg861.53                        -            556 179485at33208        -            501   8.7e-16   59.3   0.5   1   2   1.5e-10   2.2e-08   34.9   0.0   169   274   248   354   241   376 0.90 -
evm.utg861.53                        -            556 179485at33208        -            501   8.7e-16   59.3   0.5   2   2     1e-06   0.00015   22.3   0.2   180   339   387   545   379   554 0.83 -
evm.utg616.9                         -            671 179485at33208        -            501   1.1e-15   58.9  11.0   1   4   0.00099      0.14   12.4   0.0   297   341   335   377   330   380 0.87 -
evm.utg616.9                         -            671 179485at33208        -            501   1.1e-15   58.9  11.0   2   4   2.1e-07   2.9e-05   24.6   0.9   219   352   384   510   378   512 0.84 -
evm.utg616.9                         -            671 179485at33208        -            501   1.1e-15   58.9  11.0   3   4      0.01       1.4    9.1   0.1   297   342   496   538   494   554 0.81 -
evm.utg616.9                         -            671 179485at33208        -            501   1.1e-15   58.9  11.0   4   4   1.7e-06   0.00024   21.6   0.5   189   257   555   623   548   629 0.86 -
evm.utg4464.3                        -            892 179485at33208        -            501   1.6e-15   58.4   1.3   1   2   0.00073       0.1   12.8   0.2   233   345   154   264   121   281 0.81 -
evm.utg4464.3                        -            892 179485at33208        -            501   1.6e-15   58.4   1.3   2   2     7e-13     1e-10   42.6   0.0   182   337   428   581   419   622 0.92 -
evm.utg597.204                       -            898 179485at33208        -            501   1.9e-15   58.2   0.8   1   3    0.0025      0.35   11.1   0.1   233   345   154   264   147   277 0.79 -
evm.utg597.204                       -            898 179485at33208        -            501   1.9e-15   58.2   0.8   2   3     0.012       1.7    8.9   0.0   173   247   221   296   217   302 0.87 -
evm.utg597.204                       -            898 179485at33208        -            501   1.9e-15   58.2   0.8   3   3   2.5e-12   3.6e-10   40.8   0.0   181   337   433   587   423   628 0.91 -
evm.utg7127.48                       -            998 179485at33208        -            501   1.9e-15   58.1   0.2   1   4   0.00011     0.015   15.6   0.0   176   260   587   670   578   693 0.82 -
evm.utg7127.48                       -            998 179485at33208        -            501   1.9e-15   58.1   0.2   2   4    0.0015      0.22   11.8   0.0   217   258   721   762   694   767 0.87 -
evm.utg7127.48                       -            998 179485at33208        -            501   1.9e-15   58.1   0.2   3   4   4.4e-06   0.00062   20.2   0.1   178   255   808   888   799   905 0.83 -
evm.utg7127.48                       -            998 179485at33208        -            501   1.9e-15   58.1   0.2   4   4      0.27        38    4.4   0.0   293   336   952   995   927   997 0.86 -
evm.utg3092.70                       -            717 179485at33208        -            501   2.3e-15   57.9   0.0   1   2    0.0083       1.2    9.4   0.0   198   254    38    95     6    98 0.82 -
evm.utg3092.70                       -            717 179485at33208        -            501   2.3e-15   57.9   0.0   2   2   4.8e-14   6.9e-12   46.4   0.0   187   339   104   259    95   280 0.86 -
evm.utg243.69                        -           1751 179485at33208        -            501   2.6e-15   57.7   6.8   1   6   0.00011     0.015   15.6   0.1   164   245    46   129    41   198 0.83 -
evm.utg243.69                        -           1751 179485at33208        -            501   2.6e-15   57.7   6.8   2   6      0.27        39    4.4   0.0   229   261   218   250   146   257 0.91 -
evm.utg243.69                        -           1751 179485at33208        -            501   2.6e-15   57.7   6.8   3   6    0.0015      0.22   11.8   0.0   190   257   281   351   259   389 0.72 -
evm.utg243.69                        -           1751 179485at33208        -            501   2.6e-15   57.7   6.8   4   6    0.0077       1.1    9.5   0.0   178   266   404   491   393   503 0.77 -
evm.utg243.69                        -           1751 179485at33208        -            501   2.6e-15   57.7   6.8   5   6   0.00063     0.089   13.1   0.1   218   255   620   658   612   666 0.81 -
evm.utg243.69                        -           1751 179485at33208        -            501   2.6e-15   57.7   6.8   6   6       6.6   9.4e+02   -0.2   0.0   308   340   667   699   661   702 0.71 -
evm.utg183.39                        -           1787 179485at33208        -            501   2.6e-15   57.7   0.0   1   3   5.2e-06   0.00074   19.9   0.0   198   339   155   299   148   304 0.79 -
evm.utg183.39                        -           1787 179485at33208        -            501   2.6e-15   57.7   0.0   2   3   1.8e-08   2.6e-06   28.0   0.0   171   341   311   497   298   506 0.76 -
evm.utg183.39                        -           1787 179485at33208        -            501   2.6e-15   57.7   0.0   3   3         4   5.7e+02    0.5   0.0   424   451   511   538   505   548 0.81 -
evm.utg245.62                        -            499 179485at33208        -            501   3.8e-15   57.2   5.5   1   2   7.7e-11   1.1e-08   35.9   0.7   183   339   188   339   181   342 0.85 -
evm.utg245.62                        -            499 179485at33208        -            501   3.8e-15   57.2   5.5   2   2   1.3e-09   1.8e-07   31.9   0.4   171   344   301   480   296   493 0.79 -
evm.utg1337.6                        -            914 179485at33208        -            501     4e-15   57.1  13.2   1   4   4.5e-10   6.4e-08   33.3   2.1   172   340   616   780   608   783 0.82 -
evm.utg1337.6                        -            914 179485at33208        -            501     4e-15   57.1  13.2   2   4   1.4e-08   2.1e-06   28.4   0.5   227   344   714   826   708   833 0.85 -
evm.utg1337.6                        -            914 179485at33208        -            501     4e-15   57.1  13.2   3   4     6e-06   0.00085   19.7   0.1   171   257   783   871   781   877 0.84 -
evm.utg1337.6                        -            914 179485at33208        -            501     4e-15   57.1  13.2   4   4      0.51        72    3.5   0.0   217   250   873   904   867   911 0.75 -
evm.utg73.96.1.5c22f3bc              -            243 179485at33208        -            501   4.4e-15   57.0   0.5   1   2   1.5e-11   2.1e-09   38.2   0.1   175   259    29   115    16   122 0.81 -
evm.utg73.96.1.5c22f3bc              -            243 179485at33208        -            501   4.4e-15   57.0   0.5   2   2   0.00011     0.016   15.5   0.0   167   258   147   238   131   240 0.81 -
evm.utg27.20                         -           1146 179485at33208        -            501   4.5e-15   56.9   0.4   1   3   0.00094      0.13   12.5   0.0   138   256     8   129     3   134 0.79 -
evm.utg27.20                         -           1146 179485at33208        -            501   4.5e-15   56.9   0.4   2   3     0.055       7.8    6.7   0.0   219   250   134   165   127   174 0.77 -
evm.utg27.20                         -           1146 179485at33208        -            501   4.5e-15   56.9   0.4   3   3   6.4e-10     9e-08   32.8   0.0   167   259   197   290   187   294 0.94 -
evm.utg2159.31.4.5c22ed19.1.5c2791f0 -           1007 179485at33208        -            501   4.7e-15   56.9   7.6   1   4    0.0003     0.042   14.1   0.1   187   252   426   489   411   500 0.78 -
evm.utg2159.31.4.5c22ed19.1.5c2791f0 -           1007 179485at33208        -            501   4.7e-15   56.9   7.6   2   4   0.00016     0.023   15.0   0.1   171   254   452   531   452   537 0.84 -
evm.utg2159.31.4.5c22ed19.1.5c2791f0 -           1007 179485at33208        -            501   4.7e-15   56.9   7.6   3   4   6.3e-09     9e-07   29.5   0.3   219   341   538   664   533   670 0.84 -
evm.utg2159.31.4.5c22ed19.1.5c2791f0 -           1007 179485at33208        -            501   4.7e-15   56.9   7.6   4   4     0.082        12    6.1   0.0   298   340   664   703   661   754 0.81 -
evm.utg194.98                        -            510 179485at33208        -            501   5.3e-15   56.7   1.5   1   3   1.1e-07   1.6e-05   25.5   0.2   171   257   262   347   232   357 0.92 -
evm.utg194.98                        -            510 179485at33208        -            501   5.3e-15   56.7   1.5   2   3   7.7e-07   0.00011   22.7   0.0   180   263   358   440   353   447 0.86 -
evm.utg194.98                        -            510 179485at33208        -            501   5.3e-15   56.7   1.5   3   3     0.023       3.3    7.9   0.1   175   247   438   507   430   508 0.80 -
evm.utg3174.3.1.5c22eeec             -            350 179485at33208        -            501   5.6e-15   56.6   5.4   1   3     0.062       8.7    6.5   0.0   217   256   152   191   143   194 0.90 -
evm.utg3174.3.1.5c22eeec             -            350 179485at33208        -            501   5.6e-15   56.6   5.4   2   3   4.7e-10   6.7e-08   33.3   0.4   171   253   191   272   189   278 0.91 -
evm.utg3174.3.1.5c22eeec             -            350 179485at33208        -            501   5.6e-15   56.6   5.4   3   3   1.1e-05    0.0016   18.8   0.0   210   258   271   319   269   325 0.89 -
evm.utg1721.37.1.5c22ebc9            -            385 179485at33208        -            501   7.1e-15   56.3   0.2   1   2   2.5e-07   3.6e-05   24.3   0.7   172   265    66   159    57   174 0.88 -
evm.utg1721.37.1.5c22ebc9            -            385 179485at33208        -            501   7.1e-15   56.3   0.2   2   2     8e-09   1.1e-06   29.2   0.0   171   353   190   380   177   383 0.80 -
evm.utg1748.16                       -            702 179485at33208        -            501   7.4e-15   56.2   7.7   1   3   0.00043     0.062   13.6   0.1   187   252   426   489   409   500 0.77 -
evm.utg1748.16                       -            702 179485at33208        -            501   7.4e-15   56.2   7.7   2   3   7.9e-05     0.011   16.0   0.0   171   254   452   531   450   537 0.84 -
evm.utg1748.16                       -            702 179485at33208        -            501   7.4e-15   56.2   7.7   3   3   3.7e-09   5.3e-07   30.3   1.6   219   351   538   676   530   699 0.73 -
evm.utg338.73                        -           1105 179485at33208        -            501   8.5e-15   56.0   1.7   1   5   5.5e-05    0.0078   16.6   0.0   178   255   492   569   428   574 0.79 -
evm.utg338.73                        -           1105 179485at33208        -            501   8.5e-15   56.0   1.7   2   5   2.5e-05    0.0035   17.7   0.0   183   259   586   661   575   666 0.78 -
evm.utg338.73                        -           1105 179485at33208        -            501   8.5e-15   56.0   1.7   3   5   0.00017     0.024   14.9   0.1   221   341   667   798   662   808 0.78 -
evm.utg338.73                        -           1105 179485at33208        -            501   8.5e-15   56.0   1.7   4   5       2.2   3.1e+02    1.4   0.0   301   346   865   909   839   914 0.74 -
evm.utg338.73                        -           1105 179485at33208        -            501   8.5e-15   56.0   1.7   5   5       5.3   7.5e+02    0.1   0.1   336   346   899   909   875   959 0.47 -
evm.utg1192.3.1.5c22e912             -           1870 179485at33208        -            501   8.8e-15   56.0   9.0   1   5       4.4   6.3e+02    0.4   0.0   418   444    83   109    45   128 0.74 -
evm.utg1192.3.1.5c22e912             -           1870 179485at33208        -            501   8.8e-15   56.0   9.0   2   5   3.5e-05    0.0049   17.2   0.3   170   253   128   210   119   216 0.89 -
evm.utg1192.3.1.5c22e912             -           1870 179485at33208        -            501   8.8e-15   56.0   9.0   3   5      0.11        16    5.7   0.1   234   258   412   436   327   460 0.64 -
evm.utg1192.3.1.5c22e912             -           1870 179485at33208        -            501   8.8e-15   56.0   9.0   4   5   2.3e-05    0.0033   17.8   0.0   173   252   473   554   454   561 0.83 -
evm.utg1192.3.1.5c22e912             -           1870 179485at33208        -            501   8.8e-15   56.0   9.0   5   5   0.00023     0.032   14.5   1.5   172   337   560   731   555   745 0.79 -
evm.utg1192.3                        -           1939 179485at33208        -            501   8.9e-15   56.0   8.7   1   5       4.6   6.6e+02    0.3   0.0   418   444    83   109    45   128 0.74 -
evm.utg1192.3                        -           1939 179485at33208        -            501   8.9e-15   56.0   8.7   2   5   3.5e-05     0.005   17.2   0.3   169   253   127   210   118   216 0.89 -
evm.utg1192.3                        -           1939 179485at33208        -            501   8.9e-15   56.0   8.7   3   5      0.12        17    5.6   0.1   234   258   412   436   327   458 0.64 -
evm.utg1192.3                        -           1939 179485at33208        -            501   8.9e-15   56.0   8.7   4   5   2.4e-05    0.0034   17.8   0.0   173   252   473   554   453   561 0.83 -
evm.utg1192.3                        -           1939 179485at33208        -            501   8.9e-15   56.0   8.7   5   5   0.00023     0.033   14.5   1.5   172   337   560   731   555   745 0.79 -
evm.utg439.49.1.5c22f0fa.1.5c27952e  -            353 179485at33208        -            501   9.1e-15   55.9   0.1   1   2   1.4e-09   1.9e-07   31.7   0.0   171   259   141   230   135   233 0.90 -
evm.utg439.49.1.5c22f0fa.1.5c27952e  -            353 179485at33208        -            501   9.1e-15   55.9   0.1   2   2     1e-06   0.00014   22.3   0.1   182   249   237   306   230   314 0.87 -
evm.utg26517.8                       -           1023 179485at33208        -            501   1.1e-14   55.6   3.8   1   6       9.6   1.4e+03   -0.7   0.0   272   338   266   334   257   445 0.69 -
evm.utg26517.8                       -           1023 179485at33208        -            501   1.1e-14   55.6   3.8   2   6     4e-05    0.0057   17.0   0.0   178   255   492   569   427   574 0.82 -
evm.utg26517.8                       -           1023 179485at33208        -            501   1.1e-14   55.6   3.8   3   6   2.4e-05    0.0034   17.8   0.0   183   259   586   661   576   665 0.78 -
evm.utg26517.8                       -           1023 179485at33208        -            501   1.1e-14   55.6   3.8   4   6   0.00015     0.021   15.1   0.1   221   341   667   798   662   808 0.78 -
evm.utg26517.8                       -           1023 179485at33208        -            501   1.1e-14   55.6   3.8   5   6       3.6   5.1e+02    0.7   0.0   305   346   869   909   839   914 0.75 -
evm.utg26517.8                       -           1023 179485at33208        -            501   1.1e-14   55.6   3.8   6   6         3   4.2e+02    1.0   0.1   321   346   884   909   866   959 0.52 -
evm.utg801.96                        -            430 179485at33208        -            501   1.2e-14   55.5   1.3   1   4   5.7e-05    0.0082   16.5   0.0   213   253   173   214   121   225 0.68 -
evm.utg801.96                        -            430 179485at33208        -            501   1.2e-14   55.5   1.3   2   4   2.6e-07   3.6e-05   24.3   0.1   177   252   230   309   222   317 0.81 -
evm.utg801.96                        -            430 179485at33208        -            501   1.2e-14   55.5   1.3   3   4    0.0031      0.45   10.8   0.0   217   251   317   352   310   360 0.88 -
evm.utg801.96                        -            430 179485at33208        -            501   1.2e-14   55.5   1.3   4   4       6.6   9.4e+02   -0.2   0.0   219   251   376   409   361   416 0.67 -
evm.utg2159.31.3.5c22ed19            -           1403 179485at33208        -            501   1.7e-14   55.1   7.1   1   4   0.00037     0.053   13.8   0.1   177   252   418   489   403   500 0.79 -
evm.utg2159.31.3.5c22ed19            -           1403 179485at33208        -            501   1.7e-14   55.1   7.1   2   4   0.00017     0.025   14.9   0.0   171   254   452   531   450   537 0.84 -
evm.utg2159.31.3.5c22ed19            -           1403 179485at33208        -            501   1.7e-14   55.1   7.1   3   4     1e-08   1.4e-06   28.9   0.3   219   340   538   663   528   665 0.84 -
evm.utg2159.31.3.5c22ed19            -           1403 179485at33208        -            501   1.7e-14   55.1   7.1   4   4      0.12        17    5.5   0.0   298   340   664   703   661   754 0.81 -
evm.utg2159.31.4.5c22ed19            -           1335 179485at33208        -            501   1.7e-14   55.0   7.5   1   4   0.00039     0.056   13.7   0.1   187   252   426   489   410   500 0.78 -
evm.utg2159.31.4.5c22ed19            -           1335 179485at33208        -            501   1.7e-14   55.0   7.5   2   4   0.00019     0.027   14.8   0.0   171   254   452   531   451   537 0.84 -
evm.utg2159.31.4.5c22ed19            -           1335 179485at33208        -            501   1.7e-14   55.0   7.5   3   4   8.4e-09   1.2e-06   29.1   0.4   219   341   538   664   528   669 0.84 -
evm.utg2159.31.4.5c22ed19            -           1335 179485at33208        -            501   1.7e-14   55.0   7.5   4   4      0.15        21    5.2   0.1   299   340   665   703   663   754 0.81 -
evm.utg2159.31.2.5c22ed19            -           1510 179485at33208        -            501   2.2e-14   54.7   7.0   1   4   0.00041     0.058   13.7   0.1   187   252   426   489   408   501 0.78 -
evm.utg2159.31.2.5c22ed19            -           1510 179485at33208        -            501   2.2e-14   54.7   7.0   2   4   0.00021     0.031   14.6   0.0   171   254   452   531   451   537 0.84 -
evm.utg2159.31.2.5c22ed19            -           1510 179485at33208        -            501   2.2e-14   54.7   7.0   3   4   1.2e-08   1.7e-06   28.6   0.3   219   340   538   663   530   665 0.84 -
evm.utg2159.31.2.5c22ed19            -           1510 179485at33208        -            501   2.2e-14   54.7   7.0   4   4      0.15        21    5.3   0.0   298   340   664   703   662   754 0.81 -
evm.utg2159.31.1.5c22ed19            -           1510 179485at33208        -            501   2.2e-14   54.7   7.0   1   4   0.00041     0.058   13.7   0.1   187   252   426   489   408   501 0.78 -
evm.utg2159.31.1.5c22ed19            -           1510 179485at33208        -            501   2.2e-14   54.7   7.0   2   4   0.00021     0.031   14.6   0.0   171   254   452   531   451   537 0.84 -
evm.utg2159.31.1.5c22ed19            -           1510 179485at33208        -            501   2.2e-14   54.7   7.0   3   4   1.2e-08   1.7e-06   28.6   0.3   219   340   538   663   530   665 0.84 -
evm.utg2159.31.1.5c22ed19            -           1510 179485at33208        -            501   2.2e-14   54.7   7.0   4   4      0.15        21    5.3   0.0   298   340   664   703   662   754 0.81 -
evm.utg439.49.1.5c22f0fa             -            492 179485at33208        -            501   2.6e-14   54.4   0.1   1   2   2.4e-09   3.4e-07   30.9   0.0   171   259   280   369   274   372 0.90 -
evm.utg439.49.1.5c22f0fa             -            492 179485at33208        -            501   2.6e-14   54.4   0.1   2   2   1.8e-06   0.00025   21.5   0.1   182   248   376   444   369   451 0.87 -
evm.utg2159.31                       -           1576 179485at33208        -            501   2.9e-14   54.3   7.1   1   4   0.00045     0.064   13.6   0.1   187   252   426   489   408   500 0.78 -
evm.utg2159.31                       -           1576 179485at33208        -            501   2.9e-14   54.3   7.1   2   4   0.00023     0.032   14.5   0.0   171   254   452   531   451   537 0.84 -
evm.utg2159.31                       -           1576 179485at33208        -            501   2.9e-14   54.3   7.1   3   4   1.2e-08   1.7e-06   28.6   0.3   219   340   538   663   532   667 0.84 -
evm.utg2159.31                       -           1576 179485at33208        -            501   2.9e-14   54.3   7.1   4   4      0.12        17    5.6   0.0   297   340   663   703   660   754 0.82 -
evm.utg18553.20                      -            503 179485at33208        -            501   2.9e-14   54.3   3.1   1   3   7.4e-09   1.1e-06   29.3   0.1   141   258    31   151    24   156 0.80 -
evm.utg18553.20                      -            503 179485at33208        -            501   2.9e-14   54.3   3.1   2   3      0.79   1.1e+02    2.8   0.1   305   338   154   187   151   193 0.73 -
evm.utg18553.20                      -            503 179485at33208        -            501   2.9e-14   54.3   3.1   3   3   3.5e-06   0.00049   20.5   0.0   175   264   195   283   189   303 0.83 -
evm.utg729.25.2.5c279763             -            767 179485at33208        -            501   3.1e-14   54.2   0.1   1   3    0.0028       0.4   10.9   0.0   217   252   445   480   439   492 0.88 -
evm.utg729.25.2.5c279763             -            767 179485at33208        -            501   3.1e-14   54.2   0.1   2   3     4e-06   0.00057   20.3   0.0   174   252   498   586   495   599 0.74 -
evm.utg729.25.2.5c279763             -            767 179485at33208        -            501   3.1e-14   54.2   0.1   3   3   5.4e-05    0.0077   16.6   0.0   180   259   653   731   641   744 0.83 -
evm.utg777.49.2.5c22f40d             -            602 179485at33208        -            501   3.2e-14   54.1   0.0   1   2   2.1e-05     0.003   17.9   0.0   218   253   412   447   385   453 0.81 -
evm.utg777.49.2.5c22f40d             -            602 179485at33208        -            501   3.2e-14   54.1   0.0   2   2   2.9e-10   4.2e-08   33.9   0.0   174   264   453   541   446   546 0.89 -
evm.utg910.142                       -            323 179485at33208        -            501   3.6e-14   53.9   0.4   1   2   2.4e-07   3.4e-05   24.4   0.0   173   267     6    99     2   111 0.91 -
evm.utg910.142                       -            323 179485at33208        -            501   3.6e-14   53.9   0.4   2   2   4.5e-08   6.4e-06   26.7   0.1   184   332   149   307   128   317 0.79 -
evm.utg2099.25                       -            385 179485at33208        -            501   3.8e-14   53.9   0.3   1   2   1.1e-08   1.5e-06   28.8   0.2    98   252    64   227    59   234 0.54 -
evm.utg2099.25                       -            385 179485at33208        -            501   3.8e-14   53.9   0.3   2   2   5.6e-06    0.0008   19.8   0.0   172   244   233   305   227   317 0.93 -
evm.utg777.49.1.5c22f40d             -            577 179485at33208        -            501   4.2e-14   53.7   0.1   1   2     2e-05    0.0029   18.0   0.0   218   253   412   447   385   453 0.81 -
evm.utg777.49.1.5c22f40d             -            577 179485at33208        -            501   4.2e-14   53.7   0.1   2   2   4.9e-10     7e-08   33.2   0.0   174   259   453   537   445   557 0.91 -
evm.utg10470.3.1.5c22e808            -            577 179485at33208        -            501   4.2e-14   53.7   0.1   1   2     2e-05    0.0029   18.0   0.0   218   253   412   447   385   453 0.81 -
evm.utg10470.3.1.5c22e808            -            577 179485at33208        -            501   4.2e-14   53.7   0.1   2   2   5.1e-10   7.3e-08   33.2   0.0   174   259   453   537   445   557 0.91 -
evm.utg2483.3                        -            367 179485at33208        -            501   4.7e-14   53.6   0.5   1   2   2.1e-13     3e-11   44.3   0.7   172   344   142   310   131   322 0.87 -
evm.utg2483.3                        -            367 179485at33208        -            501   4.7e-14   53.6   0.5   2   2   0.00025     0.035   14.4   0.2   172   250   268   344   266   359 0.64 -
evm.utg2483.3.1.5c22edbc             -            367 179485at33208        -            501   4.7e-14   53.6   0.5   1   2   2.1e-13     3e-11   44.3   0.7   172   344   142   310   131   322 0.87 -
evm.utg2483.3.1.5c22edbc             -            367 179485at33208        -            501   4.7e-14   53.6   0.5   2   2   0.00025     0.035   14.4   0.2   172   250   268   344   266   359 0.64 -
evm.utg729.25                        -            852 179485at33208        -            501   5.1e-14   53.5   0.1   1   3    0.0034      0.49   10.6   0.0   217   252   530   565   524   573 0.88 -
evm.utg729.25                        -            852 179485at33208        -            501   5.1e-14   53.5   0.1   2   3   4.1e-06   0.00058   20.3   0.0   173   252   582   671   578   684 0.75 -
evm.utg729.25                        -            852 179485at33208        -            501   5.1e-14   53.5   0.1   3   3   6.4e-05    0.0091   16.3   0.0   179   258   737   815   717   825 0.85 -
evm.utg2967.37.1.5c22ee73            -            636 179485at33208        -            501   6.3e-14   53.1   0.0   1   2   8.2e-05     0.012   16.0   0.0   167   258     7    97     3    99 0.87 -
evm.utg2967.37.1.5c22ee73            -            636 179485at33208        -            501   6.3e-14   53.1   0.0   2   2   6.1e-11   8.6e-09   36.2   0.0   171   257    95   180    93   195 0.91 -
evm.utg637.5                         -            513 179485at33208        -            501   6.7e-14   53.1   0.6   1   2   3.3e-08   4.7e-06   27.2   0.1   141   258    41   161    33   163 0.80 -
evm.utg637.5                         -            513 179485at33208        -            501   6.7e-14   53.1   0.6   2   2   6.3e-06   0.00089   19.7   0.0   175   267   205   296   200   323 0.83 -
evm.utg73.142.1.5c22f3bd             -            561 179485at33208        -            501   6.8e-14   53.0   0.0   1   4       1.1   1.6e+02    2.4   0.0   227   254   238   265   223   273 0.86 -
evm.utg73.142.1.5c22f3bd             -            561 179485at33208        -            501   6.8e-14   53.0   0.0   2   4      0.01       1.5    9.1   0.0   187   255   291   358   270   362 0.85 -
evm.utg73.142.1.5c22f3bd             -            561 179485at33208        -            501   6.8e-14   53.0   0.0   3   4     5e-06   0.00071   20.0   0.0   173   257   319   402   315   405 0.90 -
evm.utg73.142.1.5c22f3bd             -            561 179485at33208        -            501   6.8e-14   53.0   0.0   4   4   5.2e-11   7.4e-09   36.4   0.0   173   323   361   506   356   516 0.88 -
evm.utg715.1                         -            408 179485at33208        -            501   1.1e-13   52.4   0.2   1   3    0.0034      0.49   10.6   0.0   173   251    62   140    54   151 0.79 -
evm.utg715.1                         -            408 179485at33208        -            501   1.1e-13   52.4   0.2   2   3      0.25        35    4.5   0.0   180   241   201   261   192   281 0.68 -
evm.utg715.1                         -            408 179485at33208        -            501   1.1e-13   52.4   0.2   3   3   5.2e-10   7.4e-08   33.1   0.1   174   254   281   361   273   366 0.93 -
evm.utg5985.15.1.5c22f28e            -            350 179485at33208        -            501   1.7e-13   51.7   1.1   1   3    0.0039      0.55   10.5   0.1   213   252    93   133    62   146 0.81 -
evm.utg5985.15.1.5c22f28e            -            350 179485at33208        -            501   1.7e-13   51.7   1.1   2   3   3.2e-07   4.6e-05   23.9   0.1   185   252   150   224   138   229 0.72 -
evm.utg5985.15.1.5c22f28e            -            350 179485at33208        -            501   1.7e-13   51.7   1.1   3   3   0.00023     0.032   14.5   0.0   188   248   256   316   242   325 0.82 -
evm.utg5985.15                       -            362 179485at33208        -            501     2e-13   51.5   1.1   1   3    0.0041      0.58   10.4   0.1   213   252    93   133    62   146 0.81 -
evm.utg5985.15                       -            362 179485at33208        -            501     2e-13   51.5   1.1   2   3   3.4e-07   4.9e-05   23.8   0.1   185   252   150   224   138   229 0.72 -
evm.utg5985.15                       -            362 179485at33208        -            501     2e-13   51.5   1.1   3   3   0.00024     0.034   14.5   0.0   188   248   256   316   242   325 0.82 -
evm.utg73.39                         -            326 179485at33208        -            501   2.1e-13   51.4   0.1   1   2   3.2e-12   4.5e-10   40.4   0.0   220   409    15   190     5   202 0.86 -
evm.utg73.39                         -            326 179485at33208        -            501   2.1e-13   51.4   0.1   2   2     0.011       1.6    8.9   0.0   179   239   237   295   222   299 0.73 -
evm.utg418.52                        -            385 179485at33208        -            501   2.5e-13   51.2   0.4   1   2   0.00016     0.023   15.0   0.1   202   259    87   145    62   153 0.78 -
evm.utg418.52                        -            385 179485at33208        -            501   2.5e-13   51.2   0.4   2   2   1.3e-05    0.0019   18.6   0.0   173   244   234   305   228   314 0.93 -
evm.utg109.41.1.5c22e88a             -            506 179485at33208        -            501   2.5e-13   51.2   0.0   1   2   1.1e-06   0.00016   22.2   0.0   218   253   349   384   328   390 0.88 -
evm.utg109.41.1.5c22e88a             -            506 179485at33208        -            501   2.5e-13   51.2   0.0   2   2   6.6e-08   9.4e-06   26.2   0.0   174   259   390   474   385   483 0.89 -
evm.utg13607.5                       -           1071 179485at33208        -            501   3.8e-13   50.6   0.0   1   2     2e-10   2.9e-08   34.5   0.0   135   338    11   218     9   221 0.84 -
evm.utg13607.5                       -           1071 179485at33208        -            501   3.8e-13   50.6   0.0   2   2   5.2e-06   0.00074   19.9   0.0   166   261   174   270   172   274 0.80 -
evm.utg788.47                        -           1044 179485at33208        -            501   4.4e-13   50.4   1.3   1   4   1.1e-06   0.00015   22.2   0.1   177   341   321   485   308   492 0.82 -
evm.utg788.47                        -           1044 179485at33208        -            501   4.4e-13   50.4   1.3   2   4   0.00024     0.035   14.4   0.0   230   341   490   604   486   614 0.74 -
evm.utg788.47                        -           1044 179485at33208        -            501   4.4e-13   50.4   1.3   3   4     0.051       7.3    6.8   0.1   191   251   692   752   684   761 0.53 -
evm.utg788.47                        -           1044 179485at33208        -            501   4.4e-13   50.4   1.3   4   4       1.1   1.6e+02    2.3   0.0   235   253   792   810   769   817 0.84 -
evm.utg498.152                       -           1030 179485at33208        -            501   6.8e-13   49.7   3.6   1   3   0.00028      0.04   14.2   0.0   296   344   503   550   481   563 0.77 -
evm.utg498.152                       -           1030 179485at33208        -            501   6.8e-13   49.7   3.6   2   3   5.7e-11   8.1e-09   36.3   0.3   172   336   508   661   505   669 0.89 -
evm.utg498.152                       -           1030 179485at33208        -            501   6.8e-13   49.7   3.6   3   3   5.5e-05    0.0078   16.6   0.2   243   368   615   734   606   738 0.78 -
evm.utg5774.3                        -            408 179485at33208        -            501   7.3e-13   49.6   1.4   1   3   6.8e-09   9.7e-07   29.4   0.3   217   337   117   235    91   243 0.89 -
evm.utg5774.3                        -            408 179485at33208        -            501   7.3e-13   49.6   1.4   2   3    0.0028      0.39   11.0   0.0   303   341   245   282   243   289 0.74 -
evm.utg5774.3                        -            408 179485at33208        -            501   7.3e-13   49.6   1.4   3   3      0.11        16    5.6   0.0   232   251   384   403   358   406 0.87 -
evm.utg376.68                        -            977 179485at33208        -            501   7.9e-13   49.5   0.0   1   2   5.3e-10   7.6e-08   33.1   0.0   135   338    11   218     9   220 0.84 -
evm.utg376.68                        -            977 179485at33208        -            501   7.9e-13   49.5   0.0   2   2   4.5e-06   0.00065   20.1   0.0   166   261   174   270   172   275 0.80 -
evm.utg376.68.1.5c22efd2             -            978 179485at33208        -            501     8e-13   49.5   0.0   1   2   5.3e-10   7.6e-08   33.1   0.0   135   338    11   218     9   220 0.84 -
evm.utg376.68.1.5c22efd2             -            978 179485at33208        -            501     8e-13   49.5   0.0   2   2   4.6e-06   0.00065   20.1   0.0   166   261   174   270   172   275 0.80 -
evm.utg1278.33                       -            655 179485at33208        -            501   8.4e-13   49.4   3.5   1   3     0.016       2.3    8.4   0.0   301   340   176   214   166   224 0.67 -
evm.utg1278.33                       -            655 179485at33208        -            501   8.4e-13   49.4   3.5   2   3    0.0041      0.58   10.4   0.1   214   255   276   318   230   332 0.73 -
evm.utg1278.33                       -            655 179485at33208        -            501   8.4e-13   49.4   3.5   3   3   6.5e-09   9.2e-07   29.5   0.9   183   335   337   499   321   521 0.74 -
evm.utg4972.23.1.5c22f18a            -            555 179485at33208        -            501   9.2e-13   49.3   4.7   1   2   2.9e-10   4.1e-08   34.0   3.0   173   340   343   506   341   508 0.79 -
evm.utg4972.23.1.5c22f18a            -            555 179485at33208        -            501   9.2e-13   49.3   4.7   2   2    0.0033      0.47   10.7   0.0   301   341   510   549   506   552 0.85 -
evm.utg26120.19                      -            408 179485at33208        -            501   1.2e-12   48.9   1.3   1   3   1.2e-08   1.7e-06   28.7   0.2   217   337   117   235    91   244 0.89 -
evm.utg26120.19                      -            408 179485at33208        -            501   1.2e-12   48.9   1.3   2   3    0.0028      0.39   11.0   0.0   303   341   245   282   243   289 0.74 -
evm.utg26120.19                      -            408 179485at33208        -            501   1.2e-12   48.9   1.3   3   3      0.11        16    5.6   0.0   231   251   383   403   357   406 0.86 -
evm.utg2017.23                       -           1116 179485at33208        -            501   1.3e-12   48.8   1.0   1   3       0.5        72    3.5   0.0   218   261    11    54     2    65 0.74 -
evm.utg2017.23                       -           1116 179485at33208        -            501   1.3e-12   48.8   1.0   2   3   3.7e-07   5.3e-05   23.7   0.1   180   267    97   182    89   193 0.88 -
evm.utg2017.23                       -           1116 179485at33208        -            501   1.3e-12   48.8   1.0   3   3   2.3e-05    0.0032   17.8   0.0   169   237   220   288   211   310 0.88 -
evm.utg2433.4                        -            480 179485at33208        -            501   1.5e-12   48.6   0.4   1   3    0.0017      0.25   11.6   0.0   179   255   179   256   169   263 0.88 -
evm.utg2433.4                        -            480 179485at33208        -            501   1.5e-12   48.6   0.4   2   3   1.6e-09   2.3e-07   31.5   0.2   178   293   267   380   259   395 0.89 -
evm.utg2433.4                        -            480 179485at33208        -            501   1.5e-12   48.6   0.4   3   3     0.073        10    6.3   0.0   427   464   354   391   349   414 0.81 -
evm.utg139908.1                      -            208 179485at33208        -            501   1.5e-12   48.6   0.0   1   4     0.047       6.7    6.9   0.0   426   452     2    28     1    34 0.77 -
evm.utg139908.1                      -            208 179485at33208        -            501   1.5e-12   48.6   0.0   2   4   0.00018     0.025   14.9   0.0   303   341    48    85    36    93 0.85 -
evm.utg139908.1                      -            208 179485at33208        -            501   1.5e-12   48.6   0.0   3   4   3.8e-05    0.0054   17.1   0.0   178   248    92   163    84   170 0.87 -
evm.utg139908.1                      -            208 179485at33208        -            501   1.5e-12   48.6   0.0   4   4   1.5e-06   0.00022   21.7   0.0   176   247   134   206   127   207 0.91 -
evm.utg498.144                       -           1008 179485at33208        -            501   1.7e-12   48.5   5.0   1   5      0.51        73    3.5   0.0   298   338   418   459   412   467 0.79 -
evm.utg498.144                       -           1008 179485at33208        -            501   1.7e-12   48.5   5.0   2   5   1.2e-05    0.0017   18.7   0.1   175   336   469   633   463   649 0.79 -
evm.utg498.144                       -           1008 179485at33208        -            501   1.7e-12   48.5   5.0   3   5    0.0073         1    9.5   0.0   209   252   688   731   663   747 0.77 -
evm.utg498.144                       -           1008 179485at33208        -            501   1.7e-12   48.5   5.0   4   5    0.0014       0.2   11.9   0.0   424   456   783   815   769   826 0.87 -
evm.utg498.144                       -           1008 179485at33208        -            501   1.7e-12   48.5   5.0   5   5       5.9   8.4e+02   -0.0   0.0   302   332   933   963   889   979 0.55 -
evm.utg2303.45.1.5c22ed61            -            469 179485at33208        -            501   2.1e-12   48.1   1.2   1   3   3.2e-07   4.6e-05   23.9   0.0   165   255   263   354   241   358 0.83 -
evm.utg2303.45.1.5c22ed61            -            469 179485at33208        -            501   2.1e-12   48.1   1.2   2   3   8.8e-06    0.0013   19.2   0.1   218   267   359   408   355   414 0.92 -
evm.utg2303.45.1.5c22ed61            -            469 179485at33208        -            501   2.1e-12   48.1   1.2   3   3       1.2   1.7e+02    2.3   0.0   232   266   415   449   409   456 0.80 -
evm.utg1281.13                       -            378 179485at33208        -            501   2.7e-12   47.8   0.0   1   2   3.4e-11   4.8e-09   37.0   0.1   179   256    51   129    37   132 0.88 -
evm.utg1281.13                       -            378 179485at33208        -            501   2.7e-12   47.8   0.0   2   2    0.0099       1.4    9.1   0.0   216   301   130   214   126   250 0.72 -
evm.utg736.1                         -            477 179485at33208        -            501   2.8e-12   47.7   0.3   1   4       4.2   5.9e+02    0.5   0.0   298   330    40    71    23    86 0.74 -
evm.utg736.1                         -            477 179485at33208        -            501   2.8e-12   47.7   0.3   2   4       4.2   5.9e+02    0.5   0.0   286   336    93   141    78   155 0.74 -
evm.utg736.1                         -            477 179485at33208        -            501   2.8e-12   47.7   0.3   3   4   0.00022     0.031   14.6   0.0   175   251   158   233   148   244 0.90 -
evm.utg736.1                         -            477 179485at33208        -            501   2.8e-12   47.7   0.3   4   4   4.8e-08   6.9e-06   26.6   0.2   175   260   327   416   312   427 0.84 -
evm.utg1694.17                       -            301 179485at33208        -            501   3.1e-12   47.6   1.7   1   2     0.034       4.8    7.4   0.0   220   257   112   147   100   155 0.66 -
evm.utg1694.17                       -            301 179485at33208        -            501   3.1e-12   47.6   1.7   2   2   5.3e-12   7.5e-10   39.7   0.6   176   336   152   300   145   300 0.88 -
evm.utg109.77                        -            797 179485at33208        -            501   3.5e-12   47.4  11.8   1   6   7.5e-05     0.011   16.1   0.2   172   251    63   151    56   170 0.77 -
evm.utg109.77                        -            797 179485at33208        -            501   3.5e-12   47.4  11.8   2   6      0.17        25    5.0   0.0   191   256   184   253   174   261 0.81 -
evm.utg109.77                        -            797 179485at33208        -            501   3.5e-12   47.4  11.8   3   6     0.035       4.9    7.3   0.0   201   251   284   347   275   361 0.75 -
evm.utg109.77                        -            797 179485at33208        -            501   3.5e-12   47.4  11.8   4   6      0.18        26    4.9   0.1   185   253   373   451   370   480 0.68 -
evm.utg109.77                        -            797 179485at33208        -            501   3.5e-12   47.4  11.8   5   6      0.07       9.9    6.3   0.1   180   248   598   670   588   680 0.73 -
evm.utg109.77                        -            797 179485at33208        -            501   3.5e-12   47.4  11.8   6   6    0.0064      0.91    9.7   0.3   211   250   687   727   675   734 0.82 -
evm.utg411.98                        -            324 179485at33208        -            501   3.6e-12   47.3   1.6   1   3   0.00033     0.046   14.0   0.3   172   240    21    88    14    95 0.82 -
evm.utg411.98                        -            324 179485at33208        -            501   3.6e-12   47.3   1.6   2   3   0.00014     0.019   15.3   0.0   286   348    93   153    87   180 0.89 -
evm.utg411.98                        -            324 179485at33208        -            501   3.6e-12   47.3   1.6   3   3    0.0001     0.015   15.7   0.2   163   257   184   281   181   286 0.79 -
evm.utg435.58                        -            950 179485at33208        -            501   3.7e-12   47.3   5.6   1   6       6.4   9.1e+02   -0.2   0.0   426   454   153   181   142   202 0.71 -
evm.utg435.58                        -            950 179485at33208        -            501   3.7e-12   47.3   5.6   2   6   3.8e-06   0.00054   20.4   0.1   203   337   257   391   253   394 0.90 -
evm.utg435.58                        -            950 179485at33208        -            501   3.7e-12   47.3   5.6   3   6   1.4e-06    0.0002   21.8   0.2   177   341   318   484   310   492 0.83 -
evm.utg435.58                        -            950 179485at33208        -            501   3.7e-12   47.3   5.6   4   6   5.8e-06   0.00083   19.8   0.1   186   342   459   615   437   631 0.80 -
evm.utg435.58                        -            950 179485at33208        -            501   3.7e-12   47.3   5.6   5   6       1.4     2e+02    2.0   0.0   306   337   763   793   755   810 0.80 -
evm.utg435.58                        -            950 179485at33208        -            501   3.7e-12   47.3   5.6   6   6       3.8   5.4e+02    0.6   0.0   217   249   858   890   849   910 0.61 -
evm.utg2083.46                       -            338 179485at33208        -            501   4.4e-12   47.1   0.9   1   3   4.5e-10   6.3e-08   33.4   0.3   182   346    25   188    17   199 0.81 -
evm.utg2083.46                       -            338 179485at33208        -            501   4.4e-12   47.1   0.9   2   3       2.4   3.5e+02    1.2   0.0   232   331   161   257   155   265 0.56 -
evm.utg2083.46                       -            338 179485at33208        -            501   4.4e-12   47.1   0.9   3   3     0.051       7.2    6.8   0.0   225   254   281   310   244   326 0.78 -
evm.utg16094.2                       -            968 179485at33208        -            501   5.2e-12   46.8   1.5   1   5   0.00011     0.015   15.6   0.0   176   260   337   420   330   443 0.82 -
evm.utg16094.2                       -            968 179485at33208        -            501   5.2e-12   46.8   1.5   2   5    0.0014       0.2   11.9   0.0   217   258   471   512   443   517 0.86 -
evm.utg16094.2                       -            968 179485at33208        -            501   5.2e-12   46.8   1.5   3   5      0.65        93    3.1   0.0   424   449   558   583   536   592 0.86 -
evm.utg16094.2                       -            968 179485at33208        -            501   5.2e-12   46.8   1.5   4   5      0.16        23    5.1   0.2   219   256   822   859   811   870 0.84 -
evm.utg16094.2                       -            968 179485at33208        -            501   5.2e-12   46.8   1.5   5   5      0.26        37    4.4   0.0   293   336   922   965   899   967 0.86 -
evm.utg498.152.1.5c22f1a3            -            739 179485at33208        -            501   5.4e-12   46.8   0.8   1   4       8.1   1.2e+03   -0.5   0.0   296   341   455   505   420   508 0.57 -
evm.utg498.152.1.5c22f1a3            -            739 179485at33208        -            501   5.4e-12   46.8   0.8   2   4   0.00018     0.025   14.9   0.0   296   344   503   550   475   563 0.78 -
evm.utg498.152.1.5c22f1a3            -            739 179485at33208        -            501   5.4e-12   46.8   0.8   3   4   5.7e-08   8.1e-06   26.4   0.3   226   336   559   661   550   668 0.86 -
evm.utg498.152.1.5c22f1a3            -            739 179485at33208        -            501   5.4e-12   46.8   0.8   4   4       1.1   1.6e+02    2.4   0.0   319   361   685   727   664   734 0.74 -
evm.utg172.19                        -            489 179485at33208        -            501   5.4e-12   46.8   1.9   1   2     1e-06   0.00014   22.3   0.4   184   336   190   337   145   341 0.85 -
evm.utg172.19                        -            489 179485at33208        -            501   5.4e-12   46.8   1.9   2   2   1.1e-09   1.6e-07   32.1   0.1   173   344   304   475   293   484 0.79 -
evm.utg659.9                         -            354 179485at33208        -            501   5.7e-12   46.7   0.0   1   2   2.2e-11   3.1e-09   37.7   0.0   178   256    49   128    36   137 0.88 -
evm.utg659.9                         -            354 179485at33208        -            501   5.7e-12   46.7   0.0   2   2     0.033       4.6    7.4   0.0   218   301   131   213   125   250 0.70 -
evm.utg659.9.1.5c2796f4              -            263 179485at33208        -            501   7.2e-12   46.4   0.1   1   2   1.2e-11   1.7e-09   38.5   0.0   178   256    49   128    35   137 0.88 -
evm.utg659.9.1.5c2796f4              -            263 179485at33208        -            501   7.2e-12   46.4   0.1   2   2     0.055       7.8    6.7   0.0   218   260   131   175   125   214 0.82 -
evm.utg150.51                        -            579 179485at33208        -            501   7.4e-12   46.3   0.4   1   4       5.3   7.6e+02    0.1   0.0   214   252   288   325   278   336 0.62 -
evm.utg150.51                        -            579 179485at33208        -            501   7.4e-12   46.3   0.4   2   4   3.6e-07   5.2e-05   23.8   0.0   177   259   339   421   326   424 0.92 -
evm.utg150.51                        -            579 179485at33208        -            501   7.4e-12   46.3   0.4   3   4     0.032       4.6    7.4   0.0   219   264   423   468   421   501 0.86 -
evm.utg150.51                        -            579 179485at33208        -            501   7.4e-12   46.3   0.4   4   4    0.0043      0.61   10.3   0.1   173   249   502   576   490   577 0.87 -
evm.utg1205.96                       -            619 179485at33208        -            501   9.9e-12   45.9   1.2   1   3    0.0051      0.73   10.1   0.1   170   258    25   111     6   112 0.80 -
evm.utg1205.96                       -            619 179485at33208        -            501   9.9e-12   45.9   1.2   2   3   5.9e-10   8.3e-08   33.0   0.2   170   340   108   277   105   278 0.87 -
evm.utg1205.96                       -            619 179485at33208        -            501   9.9e-12   45.9   1.2   3   3      0.14        20    5.3   0.0   182   232   249   299   244   322 0.85 -
evm.utg9769.3                        -            553 179485at33208        -            501   1.3e-11   45.6   0.5   1   3     0.011       1.5    9.0   0.0   179   255   195   272   185   276 0.82 -
evm.utg9769.3                        -            553 179485at33208        -            501   1.3e-11   45.6   0.5   2   3   1.4e-09     2e-07   31.7   0.3   178   297   283   402   278   427 0.86 -
evm.utg9769.3                        -            553 179485at33208        -            501   1.3e-11   45.6   0.5   3   3       7.3     1e+03   -0.3   0.0   425   457   462   494   457   503 0.77 -
evm.utg5985.15.5.5c22f28e            -            278 179485at33208        -            501   1.6e-11   45.2   0.9   1   2   9.3e-06    0.0013   19.1   0.1   179   252    38   120    20   133 0.75 -
evm.utg5985.15.5.5c22f28e            -            278 179485at33208        -            501   1.6e-11   45.2   0.9   2   2   1.5e-07   2.2e-05   25.0   0.1   185   252   137   211   126   249 0.75 -
evm.utg1009.19                       -            542 179485at33208        -            501   2.2e-11   44.7   0.2   1   3   0.00086      0.12   12.6   0.0   294   343   198   247   191   264 0.79 -
evm.utg1009.19                       -            542 179485at33208        -            501   2.2e-11   44.7   0.2   2   3   1.3e-11   1.9e-09   38.4   0.1   178   263   262   347   250   370 0.88 -
evm.utg1009.19                       -            542 179485at33208        -            501   2.2e-11   44.7   0.2   3   3      0.21        30    4.7   0.1   173   202   342   371   338   388 0.79 -
evm.utg622.118                       -           1466 179485at33208        -            501   3.1e-11   44.3   1.2   1   4   3.2e-06   0.00045   20.6   0.0   153   259   622   731   603   735 0.86 -
evm.utg622.118                       -           1466 179485at33208        -            501   3.1e-11   44.3   1.2   2   4       0.4        58    3.8   0.0   183   238   740   794   737   811 0.85 -
evm.utg622.118                       -           1466 179485at33208        -            501   3.1e-11   44.3   1.2   3   4      0.16        23    5.1   0.0    52   115   922   984   891   990 0.77 -
evm.utg622.118                       -           1466 179485at33208        -            501   3.1e-11   44.3   1.2   4   4     0.048       6.9    6.8   0.3   197   339  1236  1391  1209  1415 0.61 -
evm.utg55.122                        -            446 179485at33208        -            501   3.4e-11   44.1  13.2   1   5      0.55        78    3.4   0.1   287   337    94   140    82   156 0.77 -
evm.utg55.122                        -            446 179485at33208        -            501   3.4e-11   44.1  13.2   2   5    0.0002     0.028   14.7   1.7   179   248   156   228   144   235 0.83 -
evm.utg55.122                        -            446 179485at33208        -            501   3.4e-11   44.1  13.2   3   5     0.012       1.7    8.8   0.1   294   344   260   308   253   316 0.85 -
evm.utg55.122                        -            446 179485at33208        -            501   3.4e-11   44.1  13.2   4   5   4.4e-05    0.0063   16.9   0.1   179   250   314   388   304   392 0.83 -
evm.utg55.122                        -            446 179485at33208        -            501   3.4e-11   44.1  13.2   5   5     0.095        13    5.9   0.0   172   209   396   432   389   442 0.68 -
evm.utg73.80                         -            359 179485at33208        -            501   3.9e-11   43.9   1.3   1   4         5   7.1e+02    0.2   0.0   216   255    46    84    31    88 0.73 -
evm.utg73.80                         -            359 179485at33208        -            501   3.9e-11   43.9   1.3   2   4    0.0031      0.44   10.8   0.2   303   341    88   124    82   130 0.89 -
evm.utg73.80                         -            359 179485at33208        -            501   3.9e-11   43.9   1.3   3   4   2.9e-05    0.0041   17.5   0.1   190   258   103   172   101   179 0.88 -
evm.utg73.80                         -            359 179485at33208        -            501   3.9e-11   43.9   1.3   4   4   4.2e-08     6e-06   26.8   0.0   172   340   129   304   128   309 0.79 -
evm.utg715.1.1.5c22f38a              -            371 179485at33208        -            501   3.9e-11   43.9   0.1   1   3    0.0028       0.4   10.9   0.0   173   251    62   140    52   151 0.79 -
evm.utg715.1.1.5c22f38a              -            371 179485at33208        -            501   3.9e-11   43.9   0.1   2   3      0.21        31    4.7   0.0   180   241   201   261   192   281 0.68 -
evm.utg715.1.1.5c22f38a              -            371 179485at33208        -            501   3.9e-11   43.9   0.1   3   3   2.7e-07   3.9e-05   24.2   0.1   174   242   281   349   272   356 0.91 -
evm.utg1542.30                       -            977 179485at33208        -            501     4e-11   43.9   1.6   1   2   2.9e-07   4.1e-05   24.1   0.0   168   255    61   166    47   174 0.70 -
evm.utg1542.30                       -            977 179485at33208        -            501     4e-11   43.9   1.6   2   2   0.00022     0.032   14.6   0.1    46   150   167   279   162   293 0.76 -
evm.utg101.81                        -            931 179485at33208        -            501   4.6e-11   43.7   1.4   1   5    0.0077       1.1    9.5   0.0   298   368    85   155    75   174 0.66 -
evm.utg101.81                        -            931 179485at33208        -            501   4.6e-11   43.7   1.4   2   5     0.048       6.8    6.9   0.0   296   337   274   312   240   324 0.85 -
evm.utg101.81                        -            931 179485at33208        -            501   4.6e-11   43.7   1.4   3   5      0.36        51    4.0   0.0   302   340   388   425   370   445 0.76 -
evm.utg101.81                        -            931 179485at33208        -            501   4.6e-11   43.7   1.4   4   5   0.00088      0.12   12.6   0.0   413   453   470   512   451   522 0.83 -
evm.utg101.81                        -            931 179485at33208        -            501   4.6e-11   43.7   1.4   5   5      0.36        51    4.0   0.0   214   257   672   716   640   723 0.76 -
evm.utg26120.19.1.5c2792a7           -            291 179485at33208        -            501   4.9e-11   43.6   1.2   1   2   4.4e-09   6.3e-07   30.1   0.2   217   340   117   236    78   245 0.88 -
evm.utg26120.19.1.5c2792a7           -            291 179485at33208        -            501   4.9e-11   43.6   1.2   2   2    0.0018      0.25   11.6   0.0   303   340   245   281   240   286 0.69 -
evm.utg5774.3.1.5c22f241             -            362 179485at33208        -            501   6.5e-11   43.2   1.3   1   2   8.5e-10   1.2e-07   32.4   0.4   217   353   117   254    77   256 0.85 -
evm.utg5774.3.1.5c22f241             -            362 179485at33208        -            501   6.5e-11   43.2   1.3   2   2    0.0023      0.33   11.2   0.0   303   341   245   282   242   288 0.73 -
evm.utg370.1                         -            190 179485at33208        -            501     7e-11   43.1   0.1   1   1     7e-12   9.9e-10   39.3   0.1   171   259    58   165    45   171 0.75 -
evm.utg736.40                        -            406 179485at33208        -            501     9e-11   42.7   1.6   1   2   7.8e-08   1.1e-05   25.9   0.2   171   249   177   260   132   276 0.81 -
evm.utg736.40                        -            406 179485at33208        -            501     9e-11   42.7   1.6   2   2   0.00025     0.036   14.4   0.1   183   259   288   366   274   403 0.80 -
evm.utg4709.34                       -            823 179485at33208        -            501   1.1e-10   42.5   5.1   1   3   1.6e-06   0.00023   21.6   0.2   218   251    18    51     3    59 0.88 -
evm.utg4709.34                       -            823 179485at33208        -            501   1.1e-10   42.5   5.1   2   3   0.00083      0.12   12.7   0.0   217   251    59    93    53   102 0.86 -
evm.utg4709.34                       -            823 179485at33208        -            501   1.1e-10   42.5   5.1   3   3     0.021         3    8.0   0.0   199   257   230   288   203   297 0.83 -
evm.utg736.40.1.5c22f3d4             -            386 179485at33208        -            501   1.5e-10   42.0   1.8   1   2   6.4e-08   9.1e-06   26.2   0.2   171   250   177   261   133   285 0.82 -
evm.utg736.40.1.5c22f3d4             -            386 179485at33208        -            501   1.5e-10   42.0   1.8   2   2   0.00035      0.05   13.9   0.1   183   259   288   366   273   375 0.82 -
evm.utg163.79.1.5c22eb7f             -            585 179485at33208        -            501   1.7e-10   41.8   5.2   1   5       1.2   1.7e+02    2.3   0.0   173   215    10    51     4    62 0.60 -
evm.utg163.79.1.5c22eb7f             -            585 179485at33208        -            501   1.7e-10   41.8   5.2   2   5   9.6e-06    0.0014   19.1   0.2   171   241   100   168    79   173 0.83 -
evm.utg163.79.1.5c22eb7f             -            585 179485at33208        -            501   1.7e-10   41.8   5.2   3   5     0.086        12    6.0   0.0   199   249   167   217   165   225 0.85 -
evm.utg163.79.1.5c22eb7f             -            585 179485at33208        -            501   1.7e-10   41.8   5.2   4   5     0.016       2.3    8.4   0.0   174   233   185   242   180   258 0.80 -
evm.utg163.79.1.5c22eb7f             -            585 179485at33208        -            501   1.7e-10   41.8   5.2   5   5     0.011       1.6    8.9   0.0    93   124   267   299   262   304 0.88 -
evm.utg163.79                        -            772 179485at33208        -            501   2.3e-10   41.4   3.3   1   5       1.7   2.4e+02    1.8   0.0   173   215    10    51     4    62 0.60 -
evm.utg163.79                        -            772 179485at33208        -            501   2.3e-10   41.4   3.3   2   5   1.4e-05     0.002   18.5   0.2   171   241   100   168    80   173 0.83 -
evm.utg163.79                        -            772 179485at33208        -            501   2.3e-10   41.4   3.3   3   5     0.028       3.9    7.6   0.1   185   249   155   217   152   225 0.78 -
evm.utg163.79                        -            772 179485at33208        -            501   2.3e-10   41.4   3.3   4   5      0.02       2.9    8.1   0.0   173   233   184   242   177   261 0.80 -
evm.utg163.79                        -            772 179485at33208        -            501   2.3e-10   41.4   3.3   5   5     0.016       2.2    8.5   0.0    93   124   267   299   262   303 0.88 -
evm.utg729.160                       -            877 179485at33208        -            501   2.4e-10   41.4   0.2   1   4       0.8   1.1e+02    2.8   0.0   302   341    50    89    40   111 0.81 -
evm.utg729.160                       -            877 179485at33208        -            501   2.4e-10   41.4   0.2   2   4      0.57        80    3.3   0.0   181   255   113   186    96   193 0.68 -
evm.utg729.160                       -            877 179485at33208        -            501   2.4e-10   41.4   0.2   3   4   3.2e-08   4.5e-06   27.2   0.0   170   249   574   653   556   667 0.90 -
evm.utg729.160                       -            877 179485at33208        -            501   2.4e-10   41.4   0.2   4   4       1.6   2.3e+02    1.8   0.0   194   258   762   836   726   840 0.58 -
evm.utg5774.22                       -            458 179485at33208        -            501   2.4e-10   41.3   2.9   1   4    0.0087       1.2    9.3   0.1   299   338     6    45     2    47 0.77 -
evm.utg5774.22                       -            458 179485at33208        -            501   2.4e-10   41.3   2.9   2   4     0.013       1.8    8.8   0.0   292   337    45    89    43    97 0.89 -
evm.utg5774.22                       -            458 179485at33208        -            501   2.4e-10   41.3   2.9   3   4      0.58        83    3.3   0.0   175   249    57   127    56   139 0.66 -
evm.utg5774.22                       -            458 179485at33208        -            501   2.4e-10   41.3   2.9   4   4   5.2e-06   0.00074   19.9   0.5   176   256   148   235   135   246 0.73 -
evm.utg15211.1                       -            289 179485at33208        -            501     3e-10   41.0   0.2   1   2      0.14        20    5.3   0.0   180   242    42   103    33   122 0.68 -
evm.utg15211.1                       -            289 179485at33208        -            501     3e-10   41.0   0.2   2   2   2.8e-10     4e-08   34.0   0.1   174   254   122   202   114   207 0.93 -
evm.utg479.8.2.5c22f153              -            362 179485at33208        -            501   4.3e-10   40.5   3.8   1   5    0.0068      0.97    9.7   0.1   292   354    27    89    11    95 0.69 -
evm.utg479.8.2.5c22f153              -            362 179485at33208        -            501   4.3e-10   40.5   3.8   2   5      0.01       1.4    9.1   0.1   234   255   108   129   102   136 0.85 -
evm.utg479.8.2.5c22f153              -            362 179485at33208        -            501   4.3e-10   40.5   3.8   3   5       1.9   2.7e+02    1.6   0.0   299   329   129   158   126   185 0.77 -
evm.utg479.8.2.5c22f153              -            362 179485at33208        -            501   4.3e-10   40.5   3.8   4   5     0.032       4.6    7.4   0.0   297   338   221   260   210   273 0.85 -
evm.utg479.8.2.5c22f153              -            362 179485at33208        -            501   4.3e-10   40.5   3.8   5   5     0.004      0.57   10.4   0.0   189   248   291   350   268   358 0.87 -
evm.utg4155.43                       -            416 179485at33208        -            501   4.6e-10   40.4   4.8   1   2   3.7e-10   5.3e-08   33.6   1.2   196   343   124   267   106   272 0.89 -
evm.utg4155.43                       -            416 179485at33208        -            501   4.6e-10   40.4   4.8   2   2     0.049       6.9    6.8   0.0   218   249   357   388   315   401 0.87 -
evm.utg101.45                        -            862 179485at33208        -            501   4.6e-10   40.4   0.2   1   3   7.6e-08   1.1e-05   26.0   0.0   178   255   156   233   144   241 0.79 -
evm.utg101.45                        -            862 179485at33208        -            501   4.6e-10   40.4   0.2   2   3     0.035         5    7.3   0.0   142   215   246   328   234   334 0.69 -
evm.utg101.45                        -            862 179485at33208        -            501   4.6e-10   40.4   0.2   3   3      0.54        77    3.4   0.0   319   340   410   431   387   480 0.83 -
evm.utg1194.15                       -            416 179485at33208        -            501   6.3e-10   40.0   4.8   1   2     5e-10   7.2e-08   33.2   1.2   196   341   124   265   106   271 0.89 -
evm.utg1194.15                       -            416 179485at33208        -            501   6.3e-10   40.0   4.8   2   2     0.073        10    6.3   0.0   218   249   357   388   349   396 0.87 -
evm.utg1230.12                       -           1137 179485at33208        -            501     8e-10   39.6   0.4   1   7       1.1   1.5e+02    2.4   0.0   176   257   134   213   129   237 0.82 -
evm.utg1230.12                       -           1137 179485at33208        -            501     8e-10   39.6   0.4   2   7      0.66        94    3.1   0.0   176   248   292   367   286   373 0.86 -
evm.utg1230.12                       -           1137 179485at33208        -            501     8e-10   39.6   0.4   3   7   0.00018     0.025   14.9   0.0   180   341   342   505   337   509 0.78 -
evm.utg1230.12                       -           1137 179485at33208        -            501     8e-10   39.6   0.4   4   7     0.027       3.8    7.7   0.0   277   340   485   549   468   576 0.71 -
evm.utg1230.12                       -           1137 179485at33208        -            501     8e-10   39.6   0.4   5   7       9.1   1.3e+03   -0.7   0.0   233   259   662   688   642   692 0.63 -
evm.utg1230.12                       -           1137 179485at33208        -            501     8e-10   39.6   0.4   6   7       1.3   1.8e+02    2.2   0.0   297   338   858   899   834   909 0.70 -
evm.utg1230.12                       -           1137 179485at33208        -            501     8e-10   39.6   0.4   7   7      0.28        40    4.3   0.0   216   253   933   970   915   977 0.62 -
evm.utg3155.17                       -            641 179485at33208        -            501     8e-10   39.6   3.2   1   4    0.0087       1.2    9.3   0.1   299   339     6    46     2    50 0.77 -
evm.utg3155.17                       -            641 179485at33208        -            501     8e-10   39.6   3.2   2   4      0.02       2.8    8.1   0.0   292   337    45    89    43    96 0.89 -
evm.utg3155.17                       -            641 179485at33208        -            501     8e-10   39.6   3.2   3   4      0.44        63    3.7   0.0   173   249    55   127    54   133 0.70 -
evm.utg3155.17                       -            641 179485at33208        -            501     8e-10   39.6   3.2   4   4   7.4e-06    0.0011   19.4   0.5   175   256   147   235   135   247 0.74 -
evm.utg378.105                       -            554 179485at33208        -            501   1.3e-09   38.9   0.1   1   2   6.4e-11   9.1e-09   36.1   0.0   184   340    31   183    23   192 0.85 -
evm.utg378.105                       -            554 179485at33208        -            501   1.3e-09   38.9   0.1   2   2      0.16        23    5.1   0.0   184   249   157   226   145   237 0.79 -
evm.utg1005.78                       -            759 179485at33208        -            501   1.4e-09   38.8   0.4   1   2   9.1e-06    0.0013   19.1   0.0   214   265   419   470   414   476 0.92 -
evm.utg1005.78                       -            759 179485at33208        -            501   1.4e-09   38.8   0.4   2   2   2.8e-05     0.004   17.5   0.1   175   333   544   701   539   708 0.81 -
evm.utg4082.42                       -            401 179485at33208        -            501   1.6e-09   38.7   0.1   1   2   7.3e-07    0.0001   22.7   0.0   153   255    15   114    13   118 0.79 -
evm.utg4082.42                       -            401 179485at33208        -            501   1.6e-09   38.7   0.1   2   2   0.00058     0.082   13.2   0.0   217   253   118   154   110   165 0.84 -
evm.utg479.8                         -            451 179485at33208        -            501   1.7e-09   38.5   3.8   1   5    0.0095       1.4    9.2   0.1   292   354    27    89    11    95 0.69 -
evm.utg479.8                         -            451 179485at33208        -            501   1.7e-09   38.5   3.8   2   5     0.016       2.3    8.4   0.1   234   254   108   128   102   132 0.85 -
evm.utg479.8                         -            451 179485at33208        -            501   1.7e-09   38.5   3.8   3   5       2.4   3.5e+02    1.2   0.0   299   329   129   158   125   184 0.78 -
evm.utg479.8                         -            451 179485at33208        -            501   1.7e-09   38.5   3.8   4   5     0.044       6.3    7.0   0.0   297   338   221   260   210   272 0.85 -
evm.utg479.8                         -            451 179485at33208        -            501   1.7e-09   38.5   3.8   5   5    0.0059      0.85    9.8   0.0   190   248   292   350   272   358 0.88 -
evm.utg479.8.1.5c22f153              -            444 179485at33208        -            501   1.7e-09   38.5   4.0   1   5    0.0093       1.3    9.2   0.1   292   354    27    89    11    95 0.69 -
evm.utg479.8.1.5c22f153              -            444 179485at33208        -            501   1.7e-09   38.5   4.0   2   5     0.013       1.8    8.8   0.1   234   255   108   129   102   136 0.85 -
evm.utg479.8.1.5c22f153              -            444 179485at33208        -            501   1.7e-09   38.5   4.0   3   5       2.7   3.8e+02    1.1   0.0   299   329   129   158   127   186 0.77 -
evm.utg479.8.1.5c22f153              -            444 179485at33208        -            501   1.7e-09   38.5   4.0   4   5     0.045       6.4    7.0   0.0   297   338   221   260   209   270 0.85 -
evm.utg479.8.1.5c22f153              -            444 179485at33208        -            501   1.7e-09   38.5   4.0   5   5    0.0057      0.82    9.9   0.0   190   248   292   350   271   358 0.88 -
evm.utg1056.107                      -            669 179485at33208        -            501   1.9e-09   38.4   4.2   1   2    0.0025      0.35   11.1   0.4   175   258   360   450   353   453 0.80 -
evm.utg1056.107                      -            669 179485at33208        -            501   1.9e-09   38.4   4.2   2   2   1.9e-08   2.8e-06   27.9   0.3   218   340   452   572   449   586 0.77 -
evm.utg729.160.1.5c22f3a9            -            827 179485at33208        -            501   2.1e-09   38.2   0.0   1   3      0.75   1.1e+02    2.9   0.0   302   341    50    89    40   111 0.81 -
evm.utg729.160.1.5c22f3a9            -            827 179485at33208        -            501   2.1e-09   38.2   0.0   2   3      0.53        75    3.4   0.0   181   255   113   186    96   193 0.68 -
evm.utg729.160.1.5c22f3a9            -            827 179485at33208        -            501   2.1e-09   38.2   0.0   3   3   2.9e-08   4.2e-06   27.3   0.0   170   250   574   654   556   667 0.90 -
evm.utg8.11                          -            830 179485at33208        -            501   2.6e-09   38.0   0.1   1   2     0.024       3.5    7.8   0.0   182   255    87   164    42   168 0.76 -
evm.utg8.11                          -            830 179485at33208        -            501   2.6e-09   38.0   0.1   2   2   3.1e-08   4.5e-06   27.3   0.0   174   253   169   250   164   259 0.90 -
evm.utg192.39                        -            299 179485at33208        -            501   2.7e-09   37.9   1.2   1   3   0.00033     0.048   14.0   0.2   216   257    14    56     2    59 0.84 -
evm.utg192.39                        -            299 179485at33208        -            501   2.7e-09   37.9   1.2   2   3      0.12        17    5.6   0.0   297   342    52    97    49   115 0.76 -
evm.utg192.39                        -            299 179485at33208        -            501   2.7e-09   37.9   1.2   3   3   2.2e-05    0.0031   17.9   0.0   198   253   126   181   114   200 0.73 -
evm.utg1056.107.1.5c22e85b           -            724 179485at33208        -            501   2.7e-09   37.9   4.1   1   2    0.0028       0.4   10.9   0.4   175   258   360   450   353   452 0.80 -
evm.utg1056.107.1.5c22e85b           -            724 179485at33208        -            501   2.7e-09   37.9   4.1   2   2     2e-08   2.8e-06   27.9   0.3   218   340   452   572   449   589 0.77 -
evm.utg5985.15.4.5c22f28e            -            291 179485at33208        -            501   4.5e-09   37.1   0.8   1   2     0.003      0.43   10.8   0.1   213   251    93   132    62   145 0.81 -
evm.utg5985.15.4.5c22f28e            -            291 179485at33208        -            501   4.5e-09   37.1   0.8   2   2   1.6e-07   2.3e-05   24.9   0.1   185   252   150   224   138   262 0.75 -
evm.utg1272.78                       -           1295 179485at33208        -            501   5.1e-09   37.0   2.7   1   3       0.5        72    3.5   0.0    26    79   446   509   433   514 0.71 -
evm.utg1272.78                       -           1295 179485at33208        -            501   5.1e-09   37.0   2.7   2   3   2.9e-05    0.0042   17.5   0.0   179   338   621   781   613   787 0.83 -
evm.utg1272.78                       -           1295 179485at33208        -            501   5.1e-09   37.0   2.7   3   3    0.0011      0.15   12.3   0.0   173   251   829   910   823   927 0.84 -
evm.utg861.53.2.5c22f4a4             -            422 179485at33208        -            501   6.2e-09   36.7   0.0   1   2   1.1e-10   1.5e-08   35.4   0.0   169   274   248   354   241   358 0.89 -
evm.utg861.53.2.5c22f4a4             -            422 179485at33208        -            501   6.2e-09   36.7   0.0   2   2       4.8   6.9e+02    0.3   0.0   180   205   348   373   338   415 0.76 -
evm.utg2417.39.2.5c22ed97            -            627 179485at33208        -            501   6.5e-09   36.6   0.1   1   2      0.02       2.8    8.1   0.0   183   255    88   164    57   168 0.77 -
evm.utg2417.39.2.5c22ed97            -            627 179485at33208        -            501   6.5e-09   36.6   0.1   2   2   1.3e-07   1.9e-05   25.2   0.0   174   252   169   249   164   259 0.87 -
evm.utg6924.10                       -            677 179485at33208        -            501   7.4e-09   36.4  10.6   1   5     0.079        11    6.1   0.2    32   114    43   124    30   175 0.80 -
evm.utg6924.10                       -            677 179485at33208        -            501   7.4e-09   36.4  10.6   2   5       2.8   3.9e+02    1.1   0.0   271   289   288   307   265   334 0.89 -
evm.utg6924.10                       -            677 179485at33208        -            501   7.4e-09   36.4  10.6   3   5   0.00015     0.021   15.1   0.1   222   257   512   547   461   553 0.78 -
evm.utg6924.10                       -            677 179485at33208        -            501   7.4e-09   36.4  10.6   4   5   0.00076      0.11   12.8   0.4   183   248   516   584   514   598 0.54 -
evm.utg6924.10                       -            677 179485at33208        -            501   7.4e-09   36.4  10.6   5   5   5.6e-05     0.008   16.5   0.1   132   251   545   675   540   676 0.72 -
evm.utg78.65                         -            750 179485at33208        -            501   7.5e-09   36.4   0.2   1   2   8.8e-06    0.0013   19.2   0.0   214   265   410   461   405   468 0.92 -
evm.utg78.65                         -            750 179485at33208        -            501   7.5e-09   36.4   0.2   2   2   0.00018     0.025   14.9   0.1   175   333   535   692   527   700 0.81 -
evm.utg861.53.1.5c22f4a4             -            413 179485at33208        -            501   8.6e-09   36.2   0.0   1   1   9.3e-11   1.3e-08   35.6   0.0   169   274   248   354   241   370 0.90 -
evm.utg498.66                        -            670 179485at33208        -            501     1e-08   36.0   4.6   1   4   3.1e-05    0.0044   17.4   0.6   219   339   399   510   393   529 0.76 -
evm.utg498.66                        -            670 179485at33208        -            501     1e-08   36.0   4.6   2   4     0.095        13    5.9   0.3   242   339   500   589   489   594 0.71 -
evm.utg498.66                        -            670 179485at33208        -            501     1e-08   36.0   4.6   3   4   0.00018     0.025   14.9   0.0   190   257   570   638   562   641 0.82 -
evm.utg498.66                        -            670 179485at33208        -            501     1e-08   36.0   4.6   4   4       4.9     7e+02    0.2   0.0   303   335   640   669   634   669 0.81 -
evm.utg245.48                        -            321 179485at33208        -            501     1e-08   36.0   0.2   1   2   5.5e-10   7.8e-08   33.1   0.0   168   337    12   183     4   187 0.77 -
evm.utg245.48                        -            321 179485at33208        -            501     1e-08   36.0   0.2   2   2       3.9   5.6e+02    0.6   0.0   189   248   256   313   218   318 0.83 -
evm.utg4972.25                       -           1127 179485at33208        -            501     1e-08   36.0   1.7   1   2      0.43        61    3.7   0.0   217   248    15    45     8    55 0.75 -
evm.utg4972.25                       -           1127 179485at33208        -            501     1e-08   36.0   1.7   2   2   1.5e-08   2.1e-06   28.3   0.1   173   289    55   164    50   177 0.77 -
evm.utg377.24.1.5c22efd8             -            481 179485at33208        -            501   1.1e-08   35.9   0.3   1   2   4.5e-09   6.4e-07   30.0   0.1   187   335    69   220    52   233 0.86 -
evm.utg377.24.1.5c22efd8             -            481 179485at33208        -            501   1.1e-08   35.9   0.3   2   2       0.4        57    3.8   0.0   183   205   255   277   227   291 0.72 -
evm.utg1337.4.1.5c22ea39             -            981 179485at33208        -            501   1.1e-08   35.9   2.3   1   2       0.3        42    4.3   0.0   216   252    40    75    32    82 0.75 -
evm.utg1337.4.1.5c22ea39             -            981 179485at33208        -            501   1.1e-08   35.9   2.3   2   2   1.6e-08   2.3e-06   28.2   0.1   173   289    81   190    77   202 0.76 -
evm.utg2417.39.1.5c22ed97            -            754 179485at33208        -            501   1.2e-08   35.8   0.1   1   2     0.021         3    8.0   0.0   182   255    87   164    43   169 0.77 -
evm.utg2417.39.1.5c22ed97            -            754 179485at33208        -            501   1.2e-08   35.8   0.1   2   2   1.7e-07   2.4e-05   24.8   0.0   174   252   169   249   163   258 0.87 -
evm.utg431.28.29                     -            766 179485at33208        -            501   1.2e-08   35.7   1.9   1   2    0.0066      0.94    9.7   0.2    49   116   418   485   412   494 0.67 -
evm.utg431.28.29                     -            766 179485at33208        -            501   1.2e-08   35.7   1.9   2   2   7.8e-07   0.00011   22.6   0.1    72   252   486   663   482   761 0.78 -
evm.utg431.28.29.1.5c27950b          -            796 179485at33208        -            501   1.5e-08   35.5   0.9   1   3     0.021         3    8.0   0.1    49    79   418   450   413   457 0.81 -
evm.utg431.28.29.1.5c27950b          -            796 179485at33208        -            501   1.5e-08   35.5   0.9   2   3   1.2e-06   0.00017   22.0   0.0    72   251   516   692   511   702 0.77 -
evm.utg431.28.29.1.5c27950b          -            796 179485at33208        -            501   1.5e-08   35.5   0.9   3   3       1.8   2.6e+02    1.6   0.0   161   240   701   783   697   792 0.72 -
evm.utg729.25.1.5c279763             -            740 179485at33208        -            501   1.5e-08   35.4   0.0   1   2    0.0027      0.38   11.0   0.0   217   252   530   565   520   574 0.89 -
evm.utg729.25.1.5c279763             -            740 179485at33208        -            501   1.5e-08   35.4   0.0   2   2   3.4e-06   0.00048   20.6   0.0   173   252   582   671   578   684 0.75 -
evm.utg2417.39                       -            829 179485at33208        -            501   1.6e-08   35.3   0.1   1   2     0.026       3.6    7.8   0.0   183   255    88   164    44   168 0.77 -
evm.utg2417.39                       -            829 179485at33208        -            501   1.6e-08   35.3   0.1   2   2     2e-07   2.8e-05   24.6   0.0   174   252   169   249   164   259 0.87 -
evm.utg4194.43                       -            521 179485at33208        -            501   1.8e-08   35.2   1.1   1   3   0.00041     0.058   13.7   0.3   214   256   234   277   219   283 0.82 -
evm.utg4194.43                       -            521 179485at33208        -            501   1.8e-08   35.2   1.1   2   3      0.51        72    3.5   0.0   297   343   274   320   271   338 0.71 -
evm.utg4194.43                       -            521 179485at33208        -            501   1.8e-08   35.2   1.1   3   3     5e-05    0.0071   16.7   0.0   198   253   348   403   329   421 0.74 -
evm.utg377.24                        -            615 179485at33208        -            501     2e-08   35.0   0.2   1   2   7.1e-09     1e-06   29.4   0.1   187   335    69   220    52   233 0.86 -
evm.utg377.24                        -            615 179485at33208        -            501     2e-08   35.0   0.2   2   2      0.59        84    3.3   0.0   183   205   255   277   231   290 0.71 -
evm.utg1337.4                        -           1219 179485at33208        -            501   3.1e-08   34.4   2.5   1   2      0.38        54    3.9   0.0   216   252    40    75    32    82 0.75 -
evm.utg1337.4                        -           1219 179485at33208        -            501   3.1e-08   34.4   2.5   2   2   2.1e-08     3e-06   27.8   0.1   173   289    81   190    77   202 0.76 -
evm.utg3283.17                       -            668 179485at33208        -            501   3.3e-08   34.3   0.9   1   3       2.7   3.8e+02    1.1   0.0    69    94    21    43     6    61 0.58 -
evm.utg3283.17                       -            668 179485at33208        -            501   3.3e-08   34.3   0.9   2   3   4.5e-05    0.0063   16.9   0.5   184   255    78   148    63   153 0.85 -
evm.utg3283.17                       -            668 179485at33208        -            501   3.3e-08   34.3   0.9   3   3   0.00062     0.088   13.1   0.0   216   259   151   192   142   197 0.86 -
evm.utg788.89                        -            256 179485at33208        -            501   3.3e-08   34.3   2.1   1   3   6.6e-06   0.00093   19.6   0.1   173   251    10    91     4   101 0.85 -
evm.utg788.89                        -            256 179485at33208        -            501   3.3e-08   34.3   2.1   2   3     0.013       1.9    8.7   0.0   175   232   102   163    96   179 0.78 -
evm.utg788.89                        -            256 179485at33208        -            501   3.3e-08   34.3   2.1   3   3      0.27        38    4.4   0.0   190   248   181   244   172   251 0.73 -
evm.utg1272.70                       -            437 179485at33208        -            501   3.5e-08   34.2   0.0   1   2   1.5e-08   2.1e-06   28.3   0.0   182   295    69   181    59   182 0.79 -
evm.utg1272.70                       -            437 179485at33208        -            501   3.5e-08   34.2   0.0   2   2      0.12        17    5.5   0.1   219   252   148   181   140   222 0.86 -
evm.utg1285.72.1.5c22e9f6            -           1103 179485at33208        -            501     4e-08   34.0   3.5   1   2   1.1e-05    0.0016   18.8   0.0   169   253   875   976   865   987 0.62 -
evm.utg1285.72.1.5c22e9f6            -           1103 179485at33208        -            501     4e-08   34.0   3.5   2   2     0.001      0.14   12.4   1.4   107   261  1002  1076   983  1086 0.54 -
evm.utg1972.74                       -            485 179485at33208        -            501     4e-08   34.0   0.0   1   2      0.26        38    4.4   0.0   216   251    76   112    24   122 0.74 -
evm.utg1972.74                       -            485 179485at33208        -            501     4e-08   34.0   0.0   2   2   3.3e-08   4.6e-06   27.2   0.0   172   283   125   236   117   244 0.87 -
evm.utg868.30                        -           1627 179485at33208        -            501     4e-08   34.0   1.5   1   2     0.016       2.2    8.5   0.1   304   341  1309  1343  1297  1360 0.61 -
evm.utg868.30                        -           1627 179485at33208        -            501     4e-08   34.0   1.5   2   2   7.4e-07   0.00011   22.7   0.0   212   337  1490  1610  1452  1622 0.75 -
evm.utg498.151.2.5c22f1a3            -            433 179485at33208        -            501     4e-08   34.0   0.2   1   3     0.002      0.28   11.4   0.0   173   248   111   188   100   199 0.83 -
evm.utg498.151.2.5c22f1a3            -            433 179485at33208        -            501     4e-08   34.0   0.2   2   3       0.2        29    4.8   0.0   173   233   199   260   193   273 0.78 -
evm.utg498.151.2.5c22f1a3            -            433 179485at33208        -            501     4e-08   34.0   0.2   3   3   0.00031     0.044   14.1   0.0   177   253   353   429   340   432 0.85 -
evm.utg3283.26                       -           1014 179485at33208        -            501   4.1e-08   34.0   0.0   1   4    0.0026      0.38   11.0   0.0   175   251   676   751   596   759 0.86 -
evm.utg3283.26                       -           1014 179485at33208        -            501   4.1e-08   34.0   0.0   2   4      0.29        41    4.3   0.0   173   249   774   850   760   868 0.79 -
evm.utg3283.26                       -           1014 179485at33208        -            501   4.1e-08   34.0   0.0   3   4     0.031       4.4    7.5   0.0   426   454   890   918   887   930 0.81 -
evm.utg3283.26                       -           1014 179485at33208        -            501   4.1e-08   34.0   0.0   4   4      0.33        47    4.1   0.0   302   336   976  1010   954  1013 0.87 -
evm.utg5950.24                       -            446 179485at33208        -            501   5.5e-08   33.6   0.6   1   2      0.22        31    4.7   0.0   389   453    45   107    37   114 0.76 -
evm.utg5950.24                       -            446 179485at33208        -            501   5.5e-08   33.6   0.6   2   2   1.4e-07     2e-05   25.1   0.1   174   352   116   316   112   322 0.63 -
evm.utg498.191                       -           1212 179485at33208        -            501   5.5e-08   33.5   9.7   1   5      0.46        66    3.6   0.1   175   248   403   477   350   482 0.72 -
evm.utg498.191                       -           1212 179485at33208        -            501   5.5e-08   33.5   9.7   2   5    0.0028       0.4   10.9   0.4   276   338   458   523   402   528 0.61 -
evm.utg498.191                       -           1212 179485at33208        -            501   5.5e-08   33.5   9.7   3   5   0.00015     0.022   15.1   0.0   286   340   608   662   577   763 0.89 -
evm.utg498.191                       -           1212 179485at33208        -            501   5.5e-08   33.5   9.7   4   5       1.3   1.8e+02    2.1   0.0   304   338   845   878   812   906 0.80 -
evm.utg498.191                       -           1212 179485at33208        -            501   5.5e-08   33.5   9.7   5   5      0.18        25    5.0   0.1   216   250   915   951   905   958 0.79 -
evm.utg418.59                        -            511 179485at33208        -            501   5.9e-08   33.4   3.9   1   1   5.4e-10   7.7e-08   33.1   0.2   216   359   325   476   274   488 0.76 -
evm.utg101.48                        -            357 179485at33208        -            501   6.1e-08   33.4   1.5   1   2     0.035         5    7.3   0.0   173   257    42   136    34   147 0.72 -
evm.utg101.48                        -            357 179485at33208        -            501   6.1e-08   33.4   1.5   2   2   5.2e-07   7.4e-05   23.2   0.7   175   341   139   317   133   336 0.73 -
evm.utg6379.9                        -            677 179485at33208        -            501   6.1e-08   33.4  11.4   1   5      0.12        16    5.6   0.1    32   116    43   125    31   146 0.70 -
evm.utg6379.9                        -            677 179485at33208        -            501   6.1e-08   33.4  11.4   2   5         3   4.2e+02    1.0   0.0   271   289   288   307   264   314 0.85 -
evm.utg6379.9                        -            677 179485at33208        -            501   6.1e-08   33.4  11.4   3   5   0.00016     0.023   15.0   0.2   222   258   512   548   470   558 0.86 -
evm.utg6379.9                        -            677 179485at33208        -            501   6.1e-08   33.4  11.4   4   5   0.00027     0.039   14.3   0.9   223   258   513   548   511   599 0.70 -
evm.utg6379.9                        -            677 179485at33208        -            501   6.1e-08   33.4  11.4   5   5   0.00058     0.082   13.2   0.3   184   251   609   675   547   676 0.87 -
evm.utg4972.23.2.5c22f18b            -            508 179485at33208        -            501   6.5e-08   33.3   3.0   1   1   2.4e-09   3.4e-07   30.9   3.0   218   349   345   477   335   506 0.68 -
evm.utg116.41                        -            703 179485at33208        -            501     7e-08   33.2   0.0   1   2      0.57        82    3.3   0.0   302   344    55    97    39   205 0.73 -
evm.utg116.41                        -            703 179485at33208        -            501     7e-08   33.2   0.0   2   2   2.7e-08   3.8e-06   27.5   0.0   170   250   543   623   524   636 0.90 -
evm.utg498.151                       -            492 179485at33208        -            501   7.2e-08   33.2   0.2   1   3    0.0023      0.32   11.2   0.0   173   248   170   247   155   258 0.83 -
evm.utg498.151                       -            492 179485at33208        -            501   7.2e-08   33.2   0.2   2   3      0.24        34    4.5   0.0   173   233   258   319   253   337 0.80 -
evm.utg498.151                       -            492 179485at33208        -            501   7.2e-08   33.2   0.2   3   3   0.00037     0.053   13.8   0.0   177   253   412   488   399   491 0.85 -
evm.utg1025.9                        -            364 179485at33208        -            501   7.5e-08   33.1   4.8   1   3   6.8e-08   9.7e-06   26.1   0.9   174   251     9    90     2   103 0.83 -
evm.utg1025.9                        -            364 179485at33208        -            501   7.5e-08   33.1   4.8   2   3       1.2   1.8e+02    2.2   0.0   232   264   128   160    94   174 0.64 -
evm.utg1025.9                        -            364 179485at33208        -            501   7.5e-08   33.1   4.8   3   3      0.23        33    4.6   0.0   216   250   276   310   236   319 0.75 -
evm.utg3839.107                      -            479 179485at33208        -            501   8.4e-08   32.9   0.4   1   2   3.5e-08     5e-06   27.1   0.2   187   335    69   220    52   233 0.86 -
evm.utg3839.107                      -            479 179485at33208        -            501   8.4e-08   32.9   0.4   2   2      0.41        58    3.8   0.0   183   205   255   277   230   291 0.71 -
evm.utg7950.21                       -            652 179485at33208        -            501   8.6e-08   32.9   0.7   1   3     0.001      0.15   12.4   0.1   295   341    58   103    51   106 0.89 -
evm.utg7950.21                       -            652 179485at33208        -            501   8.6e-08   32.9   0.7   2   3     5e-05    0.0072   16.7   0.0   171   255   105   188   103   193 0.89 -
evm.utg7950.21                       -            652 179485at33208        -            501   8.6e-08   32.9   0.7   3   3       6.1   8.7e+02   -0.1   0.0   219   250   194   225   189   241 0.87 -
evm.utg498.151.1.5c22f1a3            -            517 179485at33208        -            501   8.8e-08   32.9   0.2   1   3    0.0026      0.37   11.0   0.0   173   248   195   272   184   283 0.83 -
evm.utg498.151.1.5c22f1a3            -            517 179485at33208        -            501   8.8e-08   32.9   0.2   2   3      0.26        37    4.4   0.0   173   233   283   344   278   362 0.80 -
evm.utg498.151.1.5c22f1a3            -            517 179485at33208        -            501   8.8e-08   32.9   0.2   3   3    0.0004     0.057   13.7   0.0   177   253   437   513   424   516 0.85 -
evm.utg307.22                        -           1448 179485at33208        -            501     1e-07   32.6   1.8   1   4       0.4        57    3.8   0.0   308   337    20    48    10    59 0.83 -
evm.utg307.22                        -           1448 179485at33208        -            501     1e-07   32.6   1.8   2   4       1.3   1.8e+02    2.1   0.0   298   378    59   143    52   209 0.65 -
evm.utg307.22                        -           1448 179485at33208        -            501     1e-07   32.6   1.8   3   4     0.028         4    7.6   0.0   231   376   481   628   461   679 0.79 -
evm.utg307.22                        -           1448 179485at33208        -            501     1e-07   32.6   1.8   4   4   0.00034     0.049   13.9   0.0   181   249  1321  1388  1318  1393 0.90 -
evm.utg1049.27                       -           1217 179485at33208        -            501   1.3e-07   32.3   0.7   1   4       5.3   7.5e+02    0.1   0.0   426   464    60   101    54   111 0.84 -
evm.utg1049.27                       -           1217 179485at33208        -            501   1.3e-07   32.3   0.7   2   4       1.4   1.9e+02    2.1   0.0   183   248   111   180   100   205 0.67 -
evm.utg1049.27                       -           1217 179485at33208        -            501   1.3e-07   32.3   0.7   3   4      0.58        82    3.3   0.0   178   254   319   403   311   412 0.70 -
evm.utg1049.27                       -           1217 179485at33208        -            501   1.3e-07   32.3   0.7   4   4   5.6e-06   0.00079   19.8   0.2   284   454   470   649   455   653 0.78 -
evm.utg3260.8.1.5c22ef11.1.5c279395  -            447 179485at33208        -            501   1.4e-07   32.2   1.7   1   3       2.6   3.7e+02    1.1   0.0    69    94    21    43     9    62 0.63 -
evm.utg3260.8.1.5c22ef11.1.5c279395  -            447 179485at33208        -            501   1.4e-07   32.2   1.7   2   3   0.00026     0.036   14.4   0.4   184   254    78   147    62   152 0.84 -
evm.utg3260.8.1.5c22ef11.1.5c279395  -            447 179485at33208        -            501   1.4e-07   32.2   1.7   3   3   0.00033     0.047   14.0   0.0   216   259   151   192   141   196 0.85 -
evm.utg801.96.1.5c22f45f             -            327 179485at33208        -            501   1.5e-07   32.1   0.1   1   2   3.5e-05    0.0049   17.2   0.0   213   253   173   214   118   225 0.67 -
evm.utg801.96.1.5c22f45f             -            327 179485at33208        -            501   1.5e-07   32.1   0.1   2   2   0.00073       0.1   12.9   0.2   177   253   230   310   222   320 0.78 -
evm.utg5950.24.1.5c22f287            -            477 179485at33208        -            501   1.6e-07   32.1   0.2   1   3      0.26        37    4.4   0.0   389   453    45   107    37   111 0.75 -
evm.utg5950.24.1.5c22f287            -            477 179485at33208        -            501   1.6e-07   32.1   0.2   2   3     0.015       2.2    8.5   0.0   174   260   116   217   108   227 0.68 -
evm.utg5950.24.1.5c22f287            -            477 179485at33208        -            501   1.6e-07   32.1   0.2   3   3   0.00022     0.031   14.6   0.0   217   258   298   339   279   355 0.56 -
evm.utg3260.8.1.5c22ef11             -            477 179485at33208        -            501   1.9e-07   31.8   1.7   1   3       2.9   4.1e+02    1.0   0.0    69    94    21    43     9    61 0.62 -
evm.utg3260.8.1.5c22ef11             -            477 179485at33208        -            501   1.9e-07   31.8   1.7   2   3   0.00029     0.041   14.2   0.4   184   254    78   147    62   152 0.84 -
evm.utg3260.8.1.5c22ef11             -            477 179485at33208        -            501   1.9e-07   31.8   1.7   3   3   0.00036     0.051   13.9   0.0   216   259   151   192   141   196 0.85 -
evm.utg5774.24                       -            295 179485at33208        -            501   2.3e-07   31.5   1.1   1   1   4.9e-08   6.9e-06   26.6   0.9   183   341   121   275   108   282 0.81 -
evm.utg7855.10                       -            364 179485at33208        -            501   2.3e-07   31.5   6.0   1   3   8.5e-08   1.2e-05   25.8   1.2   174   252     9    91     2   111 0.84 -
evm.utg7855.10                       -            364 179485at33208        -            501   2.3e-07   31.5   6.0   2   3       1.2   1.7e+02    2.2   0.0   232   264   128   160    93   174 0.64 -
evm.utg7855.10                       -            364 179485at33208        -            501   2.3e-07   31.5   6.0   3   3      0.32        45    4.2   0.1   217   250   277   310   261   320 0.73 -
evm.utg1290.9                        -            598 179485at33208        -            501   2.5e-07   31.4   4.0   1   2   4.3e-05    0.0062   16.9   0.8   187   345   327   478   317   495 0.83 -
evm.utg1290.9                        -            598 179485at33208        -            501   2.5e-07   31.4   4.0   2   2   0.00043     0.061   13.6   0.1   189   256   494   560   474   588 0.66 -
evm.utg1663.59                       -            423 179485at33208        -            501   2.9e-07   31.2   0.6   1   3     0.016       2.2    8.4   0.0   182   257    67   141    54   148 0.86 -
evm.utg1663.59                       -            423 179485at33208        -            501   2.9e-07   31.2   0.6   2   3   0.00025     0.036   14.4   0.0   209   259   145   195   141   200 0.85 -
evm.utg1663.59                       -            423 179485at33208        -            501   2.9e-07   31.2   0.6   3   3   0.00038     0.054   13.8   0.1   180   252   158   229   158   241 0.81 -
evm.utg163.18                        -            542 179485at33208        -            501   3.7e-07   30.8   0.8   1   5      0.44        62    3.7   0.0   216   251   180   215   130   224 0.83 -
evm.utg163.18                        -            542 179485at33208        -            501   3.7e-07   30.8   0.8   2   5   0.00037     0.052   13.8   0.1   218   260   262   303   257   329 0.78 -
evm.utg163.18                        -            542 179485at33208        -            501   3.7e-07   30.8   0.8   3   5      0.46        65    3.6   0.0   177   336   304   334   301   350 0.56 -
evm.utg163.18                        -            542 179485at33208        -            501   3.7e-07   30.8   0.8   4   5      0.28        39    4.3   0.0   177   266   350   447   340   470 0.71 -
evm.utg163.18                        -            542 179485at33208        -            501   3.7e-07   30.8   0.8   5   5       4.3   6.2e+02    0.4   0.0   429   454   451   476   444   510 0.67 -
evm.utg3260.8                        -            668 179485at33208        -            501     5e-07   30.4   1.1   1   3       3.8   5.5e+02    0.6   0.0    69    94    21    43     8    62 0.60 -
evm.utg3260.8                        -            668 179485at33208        -            501     5e-07   30.4   1.1   2   3   0.00045     0.064   13.6   0.4   185   255    79   148    64   153 0.84 -
evm.utg3260.8                        -            668 179485at33208        -            501     5e-07   30.4   1.1   3   3   0.00062     0.089   13.1   0.0   216   259   151   192   142   196 0.86 -
evm.utg101.48.1.5c22e7c5             -            295 179485at33208        -            501   5.3e-07   30.3   0.5   1   3     0.026       3.7    7.7   0.0   173   257    42   136    34   142 0.71 -
evm.utg101.48.1.5c22e7c5             -            295 179485at33208        -            501   5.3e-07   30.3   0.5   2   3   3.7e-06   0.00053   20.4   0.1   175   254   139   227   134   257 0.70 -
evm.utg101.48.1.5c22e7c5             -            295 179485at33208        -            501   5.3e-07   30.3   0.5   3   3    0.0011      0.16   12.2   0.0   172   257   187   276   181   279 0.78 -
utg7821.evm.utg13634.5.mrna2         -            359 179485at33208        -            501   5.8e-07   30.2   0.2   1   3       2.1     3e+02    1.4   0.0   418   455    43    80    21    91 0.79 -
utg7821.evm.utg13634.5.mrna2         -            359 179485at33208        -            501   5.8e-07   30.2   0.2   2   3      0.39        56    3.8   0.0   182   250    53   124    48   130 0.58 -
utg7821.evm.utg13634.5.mrna2         -            359 179485at33208        -            501   5.8e-07   30.2   0.2   3   3   3.5e-06    0.0005   20.5   0.0   174   259   133   236   129   272 0.73 -
evm.utg6078.67                       -            692 179485at33208        -            501     6e-07   30.1   1.9   1   3       0.5        71    3.5   0.1   178   254   378   464   362   480 0.68 -
evm.utg6078.67                       -            692 179485at33208        -            501     6e-07   30.1   1.9   2   3   4.7e-07   6.6e-05   23.4   0.1   192   266   506   581   498   586 0.80 -
evm.utg6078.67                       -            692 179485at33208        -            501     6e-07   30.1   1.9   3   3         3   4.3e+02    0.9   0.0   189   212   589   612   579   640 0.69 -
evm.utg622.116                       -            447 179485at33208        -            501   6.1e-07   30.1   0.2   1   4    0.0022      0.31   11.3   0.0   285   340    78   132    69   179 0.80 -
evm.utg622.116                       -            447 179485at33208        -            501   6.1e-07   30.1   0.2   2   4     0.013       1.9    8.7   0.0   192   246   187   240   168   262 0.58 -
evm.utg622.116                       -            447 179485at33208        -            501   6.1e-07   30.1   0.2   3   4      0.03       4.2    7.5   0.0   171   216   208   253   202   294 0.86 -
evm.utg622.116                       -            447 179485at33208        -            501   6.1e-07   30.1   0.2   4   4      0.11        15    5.7   0.0   177   240   375   436   348   445 0.86 -
evm.utg699.93                        -            360 179485at33208        -            501   8.8e-07   29.6   0.1   1   3         2   2.8e+02    1.5   0.0   231   249    26    43     9    53 0.71 -
evm.utg699.93                        -            360 179485at33208        -            501   8.8e-07   29.6   0.1   2   3     0.049         7    6.8   0.0   174   247    57   133    46   143 0.72 -
evm.utg699.93                        -            360 179485at33208        -            501   8.8e-07   29.6   0.1   3   3   0.00011     0.016   15.5   0.0   216   335   142   255   134   263 0.67 -
evm.utg3839.110                      -            824 179485at33208        -            501   9.3e-07   29.5   0.2   1   3       4.4   6.3e+02    0.4   0.0   292   340   478   525   441   532 0.86 -
evm.utg3839.110                      -            824 179485at33208        -            501   9.3e-07   29.5   0.2   2   3   2.6e-05    0.0037   17.6   0.0   188   259   631   703   623   711 0.77 -
evm.utg3839.110                      -            824 179485at33208        -            501   9.3e-07   29.5   0.2   3   3     0.029       4.1    7.6   0.1   222   252   708   738   703   755 0.90 -
evm.utg798.13                        -            382 179485at33208        -            501   1.1e-06   29.2   0.3   1   1   1.6e-08   2.3e-06   28.2   0.1   181   344   134   300   126   355 0.77 -
evm.utg1897.4                        -            455 179485at33208        -            501   1.3e-06   29.0   2.6   1   2      0.24        34    4.6   0.0   296   340   142   183   134   191 0.59 -
evm.utg1897.4                        -            455 179485at33208        -            501   1.3e-06   29.0   2.6   2   2   9.8e-07   0.00014   22.3   0.8   183   251   194   261   189   270 0.89 -
evm.utg6504.10                       -            442 179485at33208        -            501   1.3e-06   29.0   0.5   1   2   8.6e-07   0.00012   22.5   0.2    21   264    17   267     8   279 0.81 -
evm.utg6504.10                       -            442 179485at33208        -            501   1.3e-06   29.0   0.5   2   2       6.4   9.2e+02   -0.2   0.0   452   452   354   354   312   425 0.63 -
evm.utg377.23                        -            826 179485at33208        -            501   1.4e-06   28.9   0.2   1   3       8.2   1.2e+03   -0.5   0.0   292   338   480   525   444   532 0.85 -
evm.utg377.23                        -            826 179485at33208        -            501   1.4e-06   28.9   0.2   2   3   2.6e-05    0.0037   17.6   0.0   188   259   633   705   625   713 0.77 -
evm.utg377.23                        -            826 179485at33208        -            501   1.4e-06   28.9   0.2   3   3     0.029       4.1    7.6   0.1   222   252   710   740   705   757 0.90 -
evm.utg801.40                        -            682 179485at33208        -            501   1.4e-06   28.9   0.1   1   3   1.4e-05     0.002   18.5   0.0   172   259    18   107    15   113 0.89 -
evm.utg801.40                        -            682 179485at33208        -            501   1.4e-06   28.9   0.1   2   3       0.5        72    3.5   0.0   306   360   110   164   103   211 0.67 -
evm.utg801.40                        -            682 179485at33208        -            501   1.4e-06   28.9   0.1   3   3       1.1   1.6e+02    2.4   0.0   202   347   573   628   540   649 0.62 -
evm.utg535.8                         -            403 179485at33208        -            501   1.5e-06   28.9   0.2   1   3         3   4.3e+02    0.9   0.0   216   257    61   102    39   110 0.83 -
evm.utg535.8                         -            403 179485at33208        -            501   1.5e-06   28.9   0.2   2   3   3.6e-06   0.00051   20.5   0.0   174   253   139   217   130   227 0.86 -
evm.utg535.8                         -            403 179485at33208        -            501   1.5e-06   28.9   0.2   3   3       1.2   1.7e+02    2.3   0.0   233   252   353   372   285   386 0.58 -
evm.utg389.100                       -            455 179485at33208        -            501   1.5e-06   28.9   2.5   1   2      0.27        39    4.4   0.0   216   339   148   182   127   190 0.62 -
evm.utg389.100                       -            455 179485at33208        -            501   1.5e-06   28.9   2.5   2   2   1.3e-06   0.00019   21.9   2.0   183   252   194   262   190   360 0.87 -
evm.utg64.28                         -            442 179485at33208        -            501   1.6e-06   28.7   0.5   1   2   1.2e-06   0.00016   22.1   0.2    21   263    17   266     8   279 0.81 -
evm.utg64.28                         -            442 179485at33208        -            501   1.6e-06   28.7   0.5   2   2       7.5   1.1e+03   -0.4   0.0   426   444   326   344   293   376 0.70 -
evm.utg6459.47                       -           1848 179485at33208        -            501   1.8e-06   28.6   8.6   1   3   9.9e-05     0.014   15.7   4.4   227   454  1140  1372  1137  1381 0.53 -
evm.utg6459.47                       -           1848 179485at33208        -            501   1.8e-06   28.6   8.6   2   3       1.1   1.6e+02    2.3   0.3   229   254  1393  1418  1349  1503 0.68 -
evm.utg6459.47                       -           1848 179485at33208        -            501   1.8e-06   28.6   8.6   3   3    0.0069      0.99    9.6   0.0   194   258  1702  1769  1677  1806 0.81 -
evm.utg498.151.2.5c22f1a3.1.5c2795b7 -            334 179485at33208        -            501     2e-06   28.4   0.1   1   3    0.0014       0.2   11.9   0.0   173   248    20    97     9   106 0.84 -
evm.utg498.151.2.5c22f1a3.1.5c2795b7 -            334 179485at33208        -            501     2e-06   28.4   0.1   2   3      0.11        16    5.6   0.0   173   233   108   169   100   189 0.78 -
evm.utg498.151.2.5c22f1a3.1.5c2795b7 -            334 179485at33208        -            501     2e-06   28.4   0.1   3   3     0.036       5.1    7.3   0.0   177   243   262   326   249   331 0.79 -
evm.utg116.299                       -            955 179485at33208        -            501   2.1e-06   28.4   2.1   1   1   2.5e-08   3.5e-06   27.6   1.1   212   340    94   222    69   229 0.85 -
evm.utg4194.35                       -            456 179485at33208        -            501   2.1e-06   28.3   0.1   1   2   1.6e-05    0.0023   18.3   0.1   190   262   224   298   183   327 0.79 -
evm.utg4194.35                       -            456 179485at33208        -            501   2.1e-06   28.3   0.1   2   2     0.059       8.4    6.6   0.0   199   253   362   418   347   429 0.83 -
evm.utg55.185.2.5c22f22c             -            697 179485at33208        -            501   2.4e-06   28.1   0.1   1   3    0.0038      0.54   10.5   0.0   183   259    27   101    13   107 0.80 -
evm.utg55.185.2.5c22f22c             -            697 179485at33208        -            501   2.4e-06   28.1   0.1   2   3    0.0074       1.1    9.5   0.0   181   304   204   325   185   360 0.79 -
evm.utg55.185.2.5c22f22c             -            697 179485at33208        -            501   2.4e-06   28.1   0.1   3   3      0.41        58    3.8   0.0   367   457   443   531   421   578 0.69 -
evm.utg64.28.1.5c22f309              -            317 179485at33208        -            501   2.6e-06   28.0   0.2   1   1   4.4e-07   6.3e-05   23.5   0.2    21   262    17   265     8   277 0.81 -
evm.utg402.7                         -            934 179485at33208        -            501   3.3e-06   27.7   0.1   1   3    0.0036      0.51   10.6   0.0   185   258   249   320   215   394 0.65 -
evm.utg402.7                         -            934 179485at33208        -            501   3.3e-06   27.7   0.1   2   3     0.014         2    8.6   0.0   188   248   507   570   489   575 0.79 -
evm.utg402.7                         -            934 179485at33208        -            501   3.3e-06   27.7   0.1   3   3      0.26        37    4.4   0.0   196   253   610   667   581   679 0.78 -
evm.utg190.40.2.5c22ec4c             -            494 179485at33208        -            501   3.4e-06   27.6   0.0   1   2     0.074        11    6.2   0.0   219   250    84   116    80   125 0.87 -
evm.utg190.40.2.5c22ec4c             -            494 179485at33208        -            501   3.4e-06   27.6   0.0   2   2   8.1e-06    0.0011   19.3   0.0   175   335   133   299   122   304 0.72 -
evm.utg1137.2                        -            414 179485at33208        -            501   3.4e-06   27.6   0.1   1   2     0.042         6    7.0   0.0   294   339    59   104    39   126 0.87 -
evm.utg1137.2                        -            414 179485at33208        -            501   3.4e-06   27.6   0.1   2   2   1.4e-05    0.0021   18.5   0.0   167   344   155   348   143   381 0.75 -
evm.utg190.40                        -            509 179485at33208        -            501   3.8e-06   27.5   0.0   1   2     0.077        11    6.2   0.0   219   250    84   116    80   125 0.87 -
evm.utg190.40                        -            509 179485at33208        -            501   3.8e-06   27.5   0.0   2   2   9.1e-06    0.0013   19.1   0.0   175   335   133   299   126   304 0.72 -
evm.utg190.40.1.5c22ec4c             -            509 179485at33208        -            501   3.8e-06   27.5   0.0   1   2     0.077        11    6.2   0.0   219   250    84   116    80   125 0.87 -
evm.utg190.40.1.5c22ec4c             -            509 179485at33208        -            501   3.8e-06   27.5   0.0   2   2   9.1e-06    0.0013   19.1   0.0   175   335   133   299   126   304 0.72 -
evm.utg55.185.1.5c22f22c             -            784 179485at33208        -            501     4e-06   27.4   0.1   1   3    0.0045      0.64   10.3   0.0   183   259    27   101    13   107 0.80 -
evm.utg55.185.1.5c22f22c             -            784 179485at33208        -            501     4e-06   27.4   0.1   2   3    0.0099       1.4    9.1   0.0   181   304   204   325   193   360 0.79 -
evm.utg55.185.1.5c22f22c             -            784 179485at33208        -            501     4e-06   27.4   0.1   3   3      0.51        73    3.5   0.0   368   456   444   530   424   578 0.68 -
evm.utg1846.70                       -            728 179485at33208        -            501   4.2e-06   27.4   0.1   1   5    0.0066      0.94    9.7   0.0   214   293    50   130    11   143 0.75 -
evm.utg1846.70                       -            728 179485at33208        -            501   4.2e-06   27.4   0.1   2   5       4.2   5.9e+02    0.5   0.0   172   258   141   227   133   253 0.76 -
evm.utg1846.70                       -            728 179485at33208        -            501   4.2e-06   27.4   0.1   3   5       6.8   9.6e+02   -0.2   0.0   400   455   211   267   178   294 0.51 -
evm.utg1846.70                       -            728 179485at33208        -            501   4.2e-06   27.4   0.1   4   5      0.54        77    3.4   0.0   231   271   389   430   358   453 0.74 -
evm.utg1846.70                       -            728 179485at33208        -            501   4.2e-06   27.4   0.1   5   5     0.055       7.8    6.7   0.0   182   259   480   557   460   563 0.88 -
evm.utg5290.21                       -            530 179485at33208        -            501   4.4e-06   27.3   0.1   1   3    0.0073         1    9.6   0.0   175   253   171   267   165   287 0.66 -
evm.utg5290.21                       -            530 179485at33208        -            501   4.4e-06   27.3   0.1   2   3     0.013       1.9    8.7   0.0   166   249   320   402   312   411 0.78 -
evm.utg5290.21                       -            530 179485at33208        -            501   4.4e-06   27.3   0.1   3   3      0.75   1.1e+02    2.9   0.1    63    81   429   448   424   453 0.87 -
evm.utg2303.49                       -            513 179485at33208        -            501   4.9e-06   27.1   0.2   1   3    0.0084       1.2    9.4   0.0   175   253   153   249   146   264 0.65 -
evm.utg2303.49                       -            513 179485at33208        -            501   4.9e-06   27.1   0.2   2   3     0.012       1.7    8.9   0.0   166   249   302   384   294   392 0.78 -
evm.utg2303.49                       -            513 179485at33208        -            501   4.9e-06   27.1   0.2   3   3         2   2.9e+02    1.5   0.1    63    81   411   430   408   435 0.86 -
evm.utg378.33                        -            500 179485at33208        -            501   5.4e-06   27.0   1.4   1   2    0.0018      0.26   11.5   0.1   171   245    88   164    82   183 0.82 -
evm.utg378.33                        -            500 179485at33208        -            501   5.4e-06   27.0   1.4   2   2    0.0044      0.63   10.3   0.0   168   248   328   410   319   415 0.77 -
evm.utg55.185                        -            839 179485at33208        -            501   5.4e-06   27.0   0.1   1   3    0.0049       0.7   10.1   0.0   183   259    27   101    13   107 0.80 -
evm.utg55.185                        -            839 179485at33208        -            501   5.4e-06   27.0   0.1   2   3      0.01       1.4    9.1   0.0   181   304   204   325   186   359 0.79 -
evm.utg55.185                        -            839 179485at33208        -            501   5.4e-06   27.0   0.1   3   3      0.54        77    3.4   0.0   367   456   443   530   422   578 0.69 -
evm.utg2849.26                       -           1710 179485at33208        -            501   5.9e-06   26.9   2.3   1   3   0.00078      0.11   12.8   0.2   225   259  1029  1063  1021  1098 0.86 -
evm.utg2849.26                       -           1710 179485at33208        -            501   5.9e-06   26.9   2.3   2   3       6.7   9.5e+02   -0.2   0.0   223   253  1309  1338  1267  1349 0.68 -
evm.utg2849.26                       -           1710 179485at33208        -            501   5.9e-06   26.9   2.3   3   3    0.0027      0.39   11.0   0.0   175   255  1560  1644  1555  1662 0.84 -
evm.utg1138.2                        -            324 179485at33208        -            501   5.9e-06   26.8   0.0   1   2     0.039       5.6    7.1   0.0   174   248    64   141    58   147 0.87 -
evm.utg1138.2                        -            324 179485at33208        -            501   5.9e-06   26.8   0.0   2   2   8.8e-06    0.0012   19.2   0.1   180   341   116   279   114   300 0.76 -
evm.utg14772.13                      -            234 179485at33208        -            501   9.1e-06   26.2   0.1   1   2      0.62        89    3.2   0.0   217   258    62   103    43   119 0.84 -
evm.utg14772.13                      -            234 179485at33208        -            501   9.1e-06   26.2   0.1   2   2   2.8e-06    0.0004   20.8   0.0   174   253   139   217   129   227 0.85 -
evm.utg378.4                         -           1723 179485at33208        -            501   1.3e-05   25.7   3.9   1   5   5.2e-05    0.0074   16.6   0.0   174   251    87   165    48   173 0.81 -
evm.utg378.4                         -           1723 179485at33208        -            501   1.3e-05   25.7   3.9   2   5       6.3   8.9e+02   -0.1   0.1   194   256   200   263   190   296 0.69 -
evm.utg378.4                         -           1723 179485at33208        -            501   1.3e-05   25.7   3.9   3   5       8.3   1.2e+03   -0.5   0.1   418   451   327   360   224   374 0.63 -
evm.utg378.4                         -           1723 179485at33208        -            501   1.3e-05   25.7   3.9   4   5      0.23        33    4.6   0.0   297   336   427   465   403   485 0.86 -
evm.utg378.4                         -           1723 179485at33208        -            501   1.3e-05   25.7   3.9   5   5         6   8.5e+02   -0.1   0.1   304   333   710   738   671   755 0.58 -
evm.utg126.151                       -            820 179485at33208        -            501   1.7e-05   25.3   0.0   1   4   0.00046     0.065   13.5   0.0   172   249    41   120    36   129 0.87 -
evm.utg126.151                       -            820 179485at33208        -            501   1.7e-05   25.3   0.0   2   4       3.6   5.2e+02    0.7   0.0   217   257   132   173   123   183 0.73 -
evm.utg126.151                       -            820 179485at33208        -            501   1.7e-05   25.3   0.0   3   4       4.3   6.1e+02    0.4   0.0   425   462   245   282   242   296 0.88 -
evm.utg126.151                       -            820 179485at33208        -            501   1.7e-05   25.3   0.0   4   4      0.88   1.3e+02    2.7   0.0   298   340   675   718   670   759 0.68 -
evm.utg2099.34                       -            412 179485at33208        -            501   1.9e-05   25.2   0.3   1   2     0.093        13    5.9   0.0   209   254   200   244   162   266 0.71 -
evm.utg2099.34                       -            412 179485at33208        -            501   1.9e-05   25.2   0.3   2   2   2.8e-05     0.004   17.5   0.0   216   272   311   367   273   381 0.68 -
evm.utg1882.2                        -            644 179485at33208        -            501   2.7e-05   24.7   0.0   1   2   8.6e-05     0.012   15.9   0.0   195   250   404   457   387   461 0.78 -
evm.utg1882.2                        -            644 179485at33208        -            501   2.7e-05   24.7   0.0   2   2     0.082        12    6.1   0.0   296   338   468   509   463   526 0.85 -
evm.utg126.136                       -            473 179485at33208        -            501   2.8e-05   24.6   5.0   1   4    0.0024      0.35   11.1   0.1   293   353   145   206   110   220 0.75 -
evm.utg126.136                       -            473 179485at33208        -            501   2.8e-05   24.6   5.0   2   4       1.2   1.7e+02    2.3   0.1    65    88   225   250   211   259 0.74 -
evm.utg126.136                       -            473 179485at33208        -            501   2.8e-05   24.6   5.0   3   4      0.18        25    5.0   0.0    66    97   320   350   261   354 0.67 -
evm.utg126.136                       -            473 179485at33208        -            501   2.8e-05   24.6   5.0   4   4    0.0043      0.62   10.3   0.1   162   259   292   385   289   399 0.74 -
evm.utg109.121                       -            491 179485at33208        -            501   3.3e-05   24.4   0.0   1   3     0.017       2.5    8.3   0.0   193   252   186   256   161   268 0.74 -
evm.utg109.121                       -            491 179485at33208        -            501   3.3e-05   24.4   0.0   2   3       1.5   2.1e+02    2.0   0.0   183   231   352   400   306   409 0.72 -
evm.utg109.121                       -            491 179485at33208        -            501   3.3e-05   24.4   0.0   3   3    0.0032      0.46   10.7   0.0   191   252   404   469   391   489 0.74 -
evm.utg801.56                        -            766 179485at33208        -            501   3.3e-05   24.4   0.0   1   1   4.1e-07   5.9e-05   23.6   0.0   172   263    12   101     4   106 0.87 -
evm.utg9313.39                       -            342 179485at33208        -            501   4.4e-05   24.0   0.1   1   2   0.00022     0.031   14.6   0.0   188   254   101   169    72   180 0.85 -
evm.utg9313.39                       -            342 179485at33208        -            501   4.4e-05   24.0   0.1   2   2      0.11        16    5.7   0.0   172   250   200   292   181   299 0.64 -
evm.utg4318.22                       -           1196 179485at33208        -            501   5.8e-05   23.6   0.0   1   1   8.1e-07   0.00012   22.6   0.0   172   337   118   292   111   301 0.82 -
evm.utg62.107                        -           1144 179485at33208        -            501   5.9e-05   23.6   0.0   1   2      0.36        51    4.0   0.0   218   264    11    57     2    63 0.76 -
evm.utg62.107                        -           1144 179485at33208        -            501   5.9e-05   23.6   0.0   2   2   4.2e-07   5.9e-05   23.6   0.0   180   267    77   162    70   168 0.88 -
evm.utg498.169.2.5c22f1aa            -            426 179485at33208        -            501   6.2e-05   23.5   3.5   1   2      0.37        53    3.9   0.1   222   284    64   127    17   135 0.82 -
evm.utg498.169.2.5c22f1aa            -            426 179485at33208        -            501   6.2e-05   23.5   3.5   2   2   4.3e-06   0.00061   20.2   0.5   174   255   304   382   287   414 0.80 -
evm.utg6477.2                        -            448 179485at33208        -            501   6.4e-05   23.4   0.1   1   3       7.7   1.1e+03   -0.4   0.0   185   244   110   176    51   206 0.67 -
evm.utg6477.2                        -            448 179485at33208        -            501   6.4e-05   23.4   0.1   2   3   0.00044     0.063   13.6   0.0   189   254   208   275   189   293 0.85 -
evm.utg6477.2                        -            448 179485at33208        -            501   6.4e-05   23.4   0.1   3   3      0.17        24    5.1   0.0   172   250   306   398   285   406 0.64 -
evm.utg21625.5                       -           1001 179485at33208        -            501   6.5e-05   23.4   0.0   1   2   3.9e-06   0.00056   20.3   0.0   197   257   901   962   889   966 0.86 -
evm.utg21625.5                       -           1001 179485at33208        -            501   6.5e-05   23.4   0.0   2   2       2.4   3.4e+02    1.2   0.0   174   200   964   990   960   998 0.78 -
evm.utg5513.6                        -           1208 179485at33208        -            501   7.5e-05   23.2  10.4   1   4       1.8   2.6e+02    1.6   0.0   172   255    38   123    18   133 0.80 -
evm.utg5513.6                        -           1208 179485at33208        -            501   7.5e-05   23.2  10.4   2   4   6.8e-05    0.0097   16.3   0.4   206   342   220   360   188   414 0.67 -
evm.utg5513.6                        -           1208 179485at33208        -            501   7.5e-05   23.2  10.4   3   4       8.3   1.2e+03   -0.5   0.1   429   480   464   523   456   544 0.59 -
evm.utg5513.6                        -           1208 179485at33208        -            501   7.5e-05   23.2  10.4   4   4     0.023       3.3    7.9   0.0   213   255  1115  1156  1046  1165 0.89 -
evm.utg129.32                        -           2435 179485at33208        -            501   8.2e-05   23.1   0.0   1   2   7.8e-05     0.011   16.1   0.0   191   250  2191  2248  2178  2252 0.87 -
evm.utg129.32                        -           2435 179485at33208        -            501   8.2e-05   23.1   0.0   2   2      0.22        32    4.6   0.0   296   340  2259  2302  2254  2306 0.88 -
evm.utg498.169.1.5c22f1aa            -            467 179485at33208        -            501   8.3e-05   23.1   3.5   1   2      0.43        61    3.7   0.1   223   284   106   168    58   176 0.82 -
evm.utg498.169.1.5c22f1aa            -            467 179485at33208        -            501   8.3e-05   23.1   3.5   2   2     5e-06   0.00071   20.0   0.5   174   255   345   423   328   455 0.80 -
evm.utg415.95                        -            377 179485at33208        -            501   8.5e-05   23.0   6.1   1   4    0.0034      0.49   10.6   0.1   180   253    14    88     3    96 0.85 -
evm.utg415.95                        -            377 179485at33208        -            501   8.5e-05   23.0   6.1   2   4     0.019       2.7    8.2   0.0   178   249   100   174    93   189 0.79 -
evm.utg415.95                        -            377 179485at33208        -            501   8.5e-05   23.0   6.1   3   4      0.43        61    3.7   0.9   220   353   207   336   180   361 0.67 -
evm.utg415.95                        -            377 179485at33208        -            501   8.5e-05   23.0   6.1   4   4       4.7   6.6e+02    0.3   0.0   190   209   347   366   322   372 0.50 -
evm.utg7840.7                        -            280 179485at33208        -            501   9.4e-05   22.9   0.8   1   1   7.3e-06     0.001   19.4   0.8   219   409    45   231    33   277 0.56 -
evm.utg868.21                        -            618 179485at33208        -            501   0.00012   22.6   0.2   1   3      0.16        22    5.2   0.0   228   262   403   438   396   447 0.76 -
evm.utg868.21                        -            618 179485at33208        -            501   0.00012   22.6   0.2   2   3      0.12        16    5.6   0.0   170   241   442   518   439   530 0.75 -
evm.utg868.21                        -            618 179485at33208        -            501   0.00012   22.6   0.2   3   3     0.016       2.3    8.4   0.0   217   252   538   574   531   582 0.86 -
evm.utg868.21.1.5c22f4be             -            618 179485at33208        -            501   0.00012   22.6   0.2   1   3      0.16        22    5.2   0.0   228   262   403   438   396   447 0.76 -
evm.utg868.21.1.5c22f4be             -            618 179485at33208        -            501   0.00012   22.6   0.2   2   3      0.12        16    5.6   0.0   170   241   442   518   439   530 0.75 -
evm.utg868.21.1.5c22f4be             -            618 179485at33208        -            501   0.00012   22.6   0.2   3   3     0.016       2.3    8.4   0.0   217   252   538   574   531   582 0.86 -
evm.utg498.169                       -            476 179485at33208        -            501   0.00012   22.5   5.9   1   2      0.44        63    3.7   0.1   223   284   106   168    58   176 0.82 -
evm.utg498.169                       -            476 179485at33208        -            501   0.00012   22.5   5.9   2   2   8.6e-06    0.0012   19.2   1.8   174   258   345   426   328   462 0.76 -
evm.utg1819.13                       -            476 179485at33208        -            501   0.00012   22.5   1.8   1   1   5.6e-06    0.0008   19.8   1.6   218   410   240   428   209   469 0.65 -
evm.utg1285.17                       -            455 179485at33208        -            501   0.00013   22.5   0.0   1   2     0.013       1.9    8.7   0.0   164   211    40    87    35   126 0.68 -
evm.utg1285.17                       -            455 179485at33208        -            501   0.00013   22.5   0.0   2   2     0.002      0.29   11.4   0.0   117   162   397   442   386   452 0.71 -
evm.utg3605.58                       -            566 179485at33208        -            501   0.00014   22.3   0.1   1   3      0.24        34    4.6   0.0   221   259   101   139    47   209 0.80 -
evm.utg3605.58                       -            566 179485at33208        -            501   0.00014   22.3   0.1   2   3     0.015       2.2    8.5   0.0   188   248   325   388   303   392 0.81 -
evm.utg3605.58                       -            566 179485at33208        -            501   0.00014   22.3   0.1   3   3      0.12        17    5.6   0.0   196   253   428   485   399   497 0.78 -
evm.utg11096.12                      -            358 179485at33208        -            501   0.00014   22.3   0.2   1   2     0.034       4.8    7.3   0.0   294   339    59   104    39   127 0.87 -
evm.utg11096.12                      -            358 179485at33208        -            501   0.00014   22.3   0.2   2   2    0.0015      0.22   11.8   0.1   214   341   160   298   135   316 0.73 -
evm.utg622.116.1.5c22f2e9            -            417 179485at33208        -            501   0.00014   22.3   0.1   1   3      0.69        98    3.0   0.0   182   212    73   104    57   129 0.65 -
evm.utg622.116.1.5c22f2e9            -            417 179485at33208        -            501   0.00014   22.3   0.1   2   3     0.015       2.2    8.5   0.0   186   245   151   209   129   223 0.70 -
evm.utg622.116.1.5c22f2e9            -            417 179485at33208        -            501   0.00014   22.3   0.1   3   3     0.095        14    5.9   0.0   177   240   345   406   317   415 0.86 -
evm.utg1931.9                        -           2862 179485at33208        -            501   0.00016   22.2   0.2   1   3       1.6   2.3e+02    1.8   0.0   291   339  1370  1417  1365  1430 0.60 -
evm.utg1931.9                        -           2862 179485at33208        -            501   0.00016   22.2   0.2   2   3   0.00037     0.053   13.8   0.0   172   248  1530  1607  1517  1624 0.83 -
evm.utg1931.9                        -           2862 179485at33208        -            501   0.00016   22.2   0.2   3   3       1.2   1.7e+02    2.3   0.0    55   107  1772  1822  1760  1832 0.74 -
evm.utg1575.11                       -           1282 179485at33208        -            501   0.00016   22.1   0.3   1   3       4.9   6.9e+02    0.2   0.0   319   340   792   813   772   849 0.69 -
evm.utg1575.11                       -           1282 179485at33208        -            501   0.00016   22.1   0.3   2   3       4.2     6e+02    0.4   0.0   302   336  1074  1105  1068  1110 0.85 -
evm.utg1575.11                       -           1282 179485at33208        -            501   0.00016   22.1   0.3   3   3   7.6e-05     0.011   16.1   0.1   301   363  1113  1183  1106  1199 0.78 -
evm.utg1290.9.1.5c22ea0d             -            569 179485at33208        -            501   0.00016   22.1   4.4   1   2     0.058       8.3    6.6   0.2   229   329   326   423   312   428 0.68 -
evm.utg1290.9.1.5c22ea0d             -            569 179485at33208        -            501   0.00016   22.1   4.4   2   2   8.6e-05     0.012   15.9   3.4   187   351   370   541   354   568 0.68 -
evm.utg364.29                        -            339 179485at33208        -            501   0.00018   22.0   0.1   1   2      0.17        25    5.0   0.0   425   454    19    48    11    61 0.86 -
evm.utg364.29                        -            339 179485at33208        -            501   0.00018   22.0   0.1   2   2    0.0022      0.31   11.3   0.0   301   341   158   197   155   203 0.85 -
evm.utg150.89                        -           2739 179485at33208        -            501   0.00021   21.8   0.3   1   3       1.8   2.6e+02    1.6   0.0   291   339  1228  1275  1222  1287 0.58 -
evm.utg150.89                        -           2739 179485at33208        -            501   0.00021   21.8   0.3   2   3   0.00046     0.066   13.5   0.0   172   248  1388  1465  1375  1480 0.83 -
evm.utg150.89                        -           2739 179485at33208        -            501   0.00021   21.8   0.3   3   3       1.1   1.6e+02    2.3   0.0    55   107  1630  1680  1617  1690 0.72 -
evm.utg150.89.1.5c22eb05             -           2738 179485at33208        -            501   0.00021   21.8   0.3   1   3       1.8   2.6e+02    1.6   0.0   291   339  1227  1274  1221  1286 0.58 -
evm.utg150.89.1.5c22eb05             -           2738 179485at33208        -            501   0.00021   21.8   0.3   2   3   0.00046     0.066   13.5   0.0   172   248  1387  1464  1374  1479 0.83 -
evm.utg150.89.1.5c22eb05             -           2738 179485at33208        -            501   0.00021   21.8   0.3   3   3       1.1   1.6e+02    2.3   0.0    55   107  1629  1679  1616  1689 0.72 -
evm.utg967.32                        -            343 179485at33208        -            501   0.00023   21.6   0.1   1   2      0.71     1e+02    3.0   0.0   239   269    72   101    69   167 0.70 -
evm.utg967.32                        -            343 179485at33208        -            501   0.00023   21.6   0.1   2   2   6.3e-05     0.009   16.4   0.0   171   254   177   262   171   272 0.83 -
evm.utg43451.22                      -            419 179485at33208        -            501   0.00024   21.6   2.6   1   1     4e-06   0.00057   20.3   2.1   185   377   109   320    92   406 0.71 -
evm.utg431.5                         -           1181 179485at33208        -            501   0.00025   21.5  11.2   1   4   0.00014      0.02   15.2   0.6   207   342   180   319   150   372 0.67 -
evm.utg431.5                         -           1181 179485at33208        -            501   0.00025   21.5  11.2   2   4       1.9   2.8e+02    1.5   0.1   429   480   423   482   411   503 0.62 -
evm.utg431.5                         -           1181 179485at33208        -            501   0.00025   21.5  11.2   3   4       5.4   7.7e+02    0.1   0.1    68    89   946   966   939   987 0.70 -
evm.utg431.5                         -           1181 179485at33208        -            501   0.00025   21.5  11.2   4   4     0.031       4.4    7.5   0.1   215   255  1090  1129  1036  1139 0.88 -
evm.utg116.24                        -            526 179485at33208        -            501   0.00026   21.5   0.0   1   1   7.8e-06    0.0011   19.3   0.0   180   255   221   295   205   325 0.91 -
evm.utg729.147                       -            527 179485at33208        -            501   0.00027   21.4   0.0   1   1   7.6e-06    0.0011   19.4   0.0   180   255   221   295   206   325 0.91 -
evm.utg729.147.1.5c22f3b0            -            508 179485at33208        -            501   0.00027   21.4   0.0   1   1   7.2e-06     0.001   19.5   0.0   180   255   221   295   206   326 0.91 -
evm.utg4455.54                       -            917 179485at33208        -            501   0.00028   21.3   4.8   1   4   0.00021      0.03   14.6   0.1   218   264   385   432   377   458 0.85 -
evm.utg4455.54                       -            917 179485at33208        -            501   0.00028   21.3   4.8   2   4      0.28        40    4.3   0.0    28    84   469   524   463   553 0.80 -
evm.utg4455.54                       -            917 179485at33208        -            501   0.00028   21.3   4.8   3   4       8.4   1.2e+03   -0.5   0.0   227   254   630   658   624   666 0.78 -
evm.utg4455.54                       -            917 179485at33208        -            501   0.00028   21.3   4.8   4   4       6.6   9.3e+02   -0.2   0.1   238   259   823   844   752   854 0.58 -
evm.utg381.71                        -            409 179485at33208        -            501   0.00036   21.0   1.5   1   3       6.1   8.7e+02   -0.1   0.0   431   455    69    93    60   106 0.80 -
evm.utg381.71                        -            409 179485at33208        -            501   0.00036   21.0   1.5   2   3    0.0014       0.2   11.9   0.1   386   463   107   185   101   194 0.85 -
evm.utg381.71                        -            409 179485at33208        -            501   0.00036   21.0   1.5   3   3     0.075        11    6.2   0.1   305   384   187   264   184   314 0.65 -
evm.utg729.147.2.5c22f3b0            -            466 179485at33208        -            501   0.00037   20.9   0.0   1   1   6.2e-06   0.00088   19.7   0.0   180   255   160   234   144   266 0.91 -
evm.utg112.36                        -            329 179485at33208        -            501   0.00039   20.9   0.0   1   3   0.00087      0.12   12.6   0.0   274   339    76   146    57   153 0.84 -
evm.utg112.36                        -            329 179485at33208        -            501   0.00039   20.9   0.0   2   3      0.59        84    3.3   0.0   194   249   200   260   188   279 0.76 -
evm.utg112.36                        -            329 179485at33208        -            501   0.00039   20.9   0.0   3   3       6.9   9.8e+02   -0.3   0.0   447   476   282   311   264   328 0.59 -
evm.utg183.20                        -            427 179485at33208        -            501    0.0005   20.5   0.0   1   2   0.00021      0.03   14.6   0.0   170   251   134   229    97   237 0.69 -
evm.utg183.20                        -            427 179485at33208        -            501    0.0005   20.5   0.0   2   2       2.6   3.7e+02    1.2   0.0   285   345   323   381   318   388 0.81 -
evm.utg78.65.1.5c22f420              -            558 179485at33208        -            501   0.00055   20.4   0.0   1   1     6e-06   0.00085   19.7   0.0   214   265   410   461   405   469 0.92 -
evm.utg192.28                        -            334 179485at33208        -            501   0.00055   20.4   0.2   1   2    0.0088       1.3    9.3   0.1   190   262    94   176    57   204 0.79 -
evm.utg192.28                        -            334 179485at33208        -            501   0.00055   20.4   0.2   2   2     0.045       6.4    6.9   0.0   199   253   240   296   225   308 0.83 -
evm.utg194.33                        -            633 179485at33208        -            501   0.00067   20.1   0.3   1   2    0.0022      0.31   11.3   0.0   289   348   446   507   412   510 0.73 -
evm.utg194.33                        -            633 179485at33208        -            501   0.00067   20.1   0.3   2   2     0.058       8.3    6.6   0.1   302   339   502   536   496   549 0.84 -
evm.utg8380.14                       -            389 179485at33208        -            501   0.00079   19.8   1.5   1   2       1.1   1.6e+02    2.4   0.0   222   256   141   176   127   185 0.76 -
evm.utg8380.14                       -            389 179485at33208        -            501   0.00079   19.8   1.5   2   2   9.1e-05     0.013   15.8   0.0   172   249   228   307   213   314 0.86 -
evm.utg2007.6                        -            496 179485at33208        -            501   0.00081   19.8   0.1   1   3       5.8   8.2e+02   -0.0   0.0   222   253   186   219   170   226 0.79 -
evm.utg2007.6                        -            496 179485at33208        -            501   0.00081   19.8   0.1   2   3    0.0086       1.2    9.3   0.0   296   336   220   260   196   267 0.80 -
evm.utg2007.6                        -            496 179485at33208        -            501   0.00081   19.8   0.1   3   3     0.042       5.9    7.1   0.0   278   338   291   351   286   371 0.87 -
evm.utg790.33                        -            336 179485at33208        -            501   0.00092   19.6   0.3   1   2    0.0044      0.63   10.3   0.0   219   340    53   174    21   187 0.70 -
evm.utg790.33                        -            336 179485at33208        -            501   0.00092   19.6   0.3   2   2   0.00034     0.049   13.9   0.1   137   271   138   293   135   334 0.72 -
evm.utg172.78                        -            451 179485at33208        -            501   0.00093   19.6   0.0   1   4       8.5   1.2e+03   -0.6   0.0   218   240    52    75    36   107 0.58 -
evm.utg172.78                        -            451 179485at33208        -            501   0.00093   19.6   0.0   2   4      0.24        33    4.6   0.0   181   282   114   228   105   230 0.68 -
evm.utg172.78                        -            451 179485at33208        -            501   0.00093   19.6   0.0   3   4     0.029       4.2    7.6   0.0   426   457   213   244   207   258 0.90 -
evm.utg172.78                        -            451 179485at33208        -            501   0.00093   19.6   0.0   4   4      0.76   1.1e+02    2.9   0.0   182   211   329   358   319   407 0.68 -
evm.utg1056.107.2.5c22e85b           -            538 179485at33208        -            501     0.001   19.5   0.7   1   1    0.0001     0.014   15.7   0.7    93   203   409   522   355   528 0.68 -
evm.utg888.56                        -            459 179485at33208        -            501     0.001   19.5   0.1   1   2     0.044       6.2    7.0   0.0   177   238   231   293   220   313 0.70 -
evm.utg888.56                        -            459 179485at33208        -            501     0.001   19.5   0.1   2   2     0.013       1.9    8.7   0.1   413   461   325   373   310   415 0.69 -
evm.utg5885.74                       -           1711 179485at33208        -            501    0.0011   19.4   0.2   1   2    0.0041      0.58   10.4   0.0   164   350   353   538   349   550 0.79 -
evm.utg5885.74                       -           1711 179485at33208        -            501    0.0011   19.4   0.2   2   2     0.087        12    6.0   0.0   191   248   679   738   671   751 0.83 -
evm.utg280.24                        -            336 179485at33208        -            501    0.0012   19.3   0.1   1   2    0.0015      0.22   11.8   0.0   200   340    33   174    19   186 0.74 -
evm.utg280.24                        -            336 179485at33208        -            501    0.0012   19.3   0.1   2   2     0.001      0.15   12.4   0.1   137   270   138   292   134   334 0.72 -
evm.utg2298.26                       -           1536 179485at33208        -            501    0.0014   19.0   0.2   1   1   4.7e-05    0.0066   16.8   0.2   174   343    13   192     5   203 0.75 -
evm.utg1009.18                       -            160 179485at33208        -            501    0.0015   19.0   0.0   1   1   2.3e-05    0.0032   17.8   0.0   170   248    82   158    36   158 0.89 -
evm.utg4610.15                       -           1557 179485at33208        -            501    0.0015   18.9   2.0   1   2   0.00011     0.015   15.6   0.1   225   264  1030  1070  1022  1099 0.89 -
evm.utg4610.15                       -           1557 179485at33208        -            501    0.0015   18.9   2.0   2   2       2.6   3.8e+02    1.1   0.0   222   254  1309  1340  1268  1363 0.70 -
evm.utg27.27                         -           1017 179485at33208        -            501    0.0017   18.8   0.2   1   2     0.016       2.2    8.5   0.0   181   266   244   329   204   341 0.83 -
evm.utg27.27                         -           1017 179485at33208        -            501    0.0017   18.8   0.2   2   2     0.046       6.5    6.9   0.0   215   260   578   622   551   638 0.84 -
evm.utg1396.16                       -           1751 179485at33208        -            501    0.0022   18.4   0.2   1   1   6.7e-05    0.0095   16.3   0.2   174   343    13   192     5   203 0.74 -
evm.utg415.35                        -            500 179485at33208        -            501    0.0031   17.9   0.1   1   2       8.8   1.3e+03   -0.6   0.0   179   239   181   249   165   257 0.60 -
evm.utg415.35                        -            500 179485at33208        -            501    0.0031   17.9   0.1   2   2   0.00016     0.022   15.1   0.0   176   250   336   417   328   431 0.80 -
evm.utg6949.19                       -            344 179485at33208        -            501     0.004   17.5   0.0   1   1     8e-05     0.011   16.0   0.0   173   254   181   264   172   274 0.82 -
evm.utg47.18                         -            322 179485at33208        -            501    0.0046   17.3   0.0   1   1   5.7e-05    0.0081   16.5   0.0   173   254   159   242   123   252 0.81 -
evm.utg64.28.1.5c22f309.1.5c2796de   -            238 179485at33208        -            501    0.0046   17.3   0.1   1   4    0.0039      0.56   10.4   0.0    21    84    17    82     8   106 0.77 -
evm.utg64.28.1.5c22f309.1.5c2796de   -            238 179485at33208        -            501    0.0046   17.3   0.1   2   4      0.52        74    3.4   0.0   218   249    89   121    50   129 0.58 -
evm.utg64.28.1.5c22f309.1.5c2796de   -            238 179485at33208        -            501    0.0046   17.3   0.1   3   4      0.53        76    3.4   0.1   223   250    94   122    75   167 0.62 -
evm.utg64.28.1.5c22f309.1.5c2796de   -            238 179485at33208        -            501    0.0046   17.3   0.1   4   4         2   2.8e+02    1.5   0.1   427   469   137   190   116   217 0.56 -
utg18.equina_smart_1435850.mrna2     -            128 179485at33208        -            501    0.0055   17.0   0.1   1   1   5.5e-05    0.0078   16.6   0.1   230   342     2   113     1   121 0.83 -
evm.utg8992.3                        -            176 179485at33208        -            501    0.0058   17.0   0.0   1   1   4.8e-05    0.0069   16.7   0.0   180   240    80   141    29   146 0.77 -
evm.utg10608.1                       -            540 179485at33208        -            501     0.011   16.0   0.1   1   2       0.2        28    4.8   0.0   198   248   119   168   100   178 0.81 -
evm.utg10608.1                       -            540 179485at33208        -            501     0.011   16.0   0.1   2   2     0.012       1.7    8.8   0.0   302   459   177   347   172   366 0.71 -
evm.utg2428.11                       -           2055 179485at33208        -            501     0.013   15.9   0.3   1   3     0.024       3.4    7.8   0.0   217   251  1760  1794  1748  1801 0.86 -
evm.utg2428.11                       -           2055 179485at33208        -            501     0.013   15.9   0.3   2   3      0.78   1.1e+02    2.9   0.0   193   260  1826  1894  1802  1899 0.80 -
evm.utg2428.11                       -           2055 179485at33208        -            501     0.013   15.9   0.3   3   3       1.7   2.4e+02    1.7   0.0   170   284  1893  2001  1890  2012 0.70 -
evm.utg579.33                        -           1399 179485at33208        -            501     0.014   15.7   0.1   1   2     0.026       3.7    7.7   0.0   173   220  1025  1073  1016  1119 0.66 -
evm.utg579.33                        -           1399 179485at33208        -            501     0.014   15.7   0.1   2   2      0.32        45    4.2   0.0   180   278  1236  1333  1225  1398 0.54 -
evm.utg1205.155                      -            364 179485at33208        -            501     0.016   15.5   0.1   1   2      0.12        17    5.6   0.0   199   248   135   183   116   194 0.82 -
evm.utg1205.155                      -            364 179485at33208        -            501     0.016   15.5   0.1   2   2     0.032       4.6    7.4   0.1   302   450   192   353   183   358 0.69 -
evm.utg73.7                          -            909 179485at33208        -            501     0.046   14.0   0.0   1   1    0.0013      0.19   12.0   0.0   163   251   301   389   298   489 0.91 -
evm.utg5290.23                       -            316 179485at33208        -            501     0.052   13.8   0.0   1   2     0.022       3.2    8.0   0.0   182   259    41   124    21   128 0.80 -
evm.utg5290.23                       -            316 179485at33208        -            501     0.052   13.8   0.0   2   2      0.41        58    3.8   0.0    95   112   273   290   246   301 0.75 -
evm.utg6459.30                       -           1326 179485at33208        -            501     0.069   13.4   0.0   1   2       3.1   4.4e+02    0.9   0.0   282   338   164   222   145   237 0.77 -
evm.utg6459.30                       -           1326 179485at33208        -            501     0.069   13.4   0.0   2   2     0.006      0.85    9.8   0.0   298   338   308   347   284   359 0.88 -
evm.utg1056.107.3.5c22e85b           -            492 179485at33208        -            501      0.07   13.4   0.6   1   1    0.0014      0.21   11.9   0.5   175   258   360   450   350   454 0.81 -
evm.utg888.20                        -           4000 179485at33208        -            501     0.074   13.3   0.4   1   2      0.28        40    4.3   0.0   302   337  3794  3828  3765  3857 0.85 -
evm.utg888.20                        -           4000 179485at33208        -            501     0.074   13.3   0.4   2   2      0.16        22    5.2   0.0    72   112  3918  3958  3899  3966 0.85 -
evm.utg415.118                       -            380 179485at33208        -            501     0.088   13.1   0.0   1   3       2.8   3.9e+02    1.1   0.0   204   263    62   125    39   218 0.59 -
evm.utg415.118                       -            380 179485at33208        -            501     0.088   13.1   0.0   2   3     0.017       2.5    8.3   0.0   190   252   196   260   161   267 0.87 -
evm.utg415.118                       -            380 179485at33208        -            501     0.088   13.1   0.0   3   3     0.011       1.6    8.9   0.0   173   238   223   289   217   299 0.81 -
evm.utg4972.26                       -            106 179485at33208        -            501     0.089   13.1   0.0   1   1   0.00077      0.11   12.8   0.0   175   231    19    73    11    88 0.81 -
evm.utg3878.20                       -           1023 179485at33208        -            501     0.097   12.9   0.1   1   2     0.031       4.4    7.5   0.0   196   263    34    99    21   134 0.67 -
evm.utg3878.20                       -           1023 179485at33208        -            501     0.097   12.9   0.1   2   2       1.3   1.8e+02    2.1   0.0   425   453   240   268   234   282 0.75 -
evm.utg150.32                        -           1323 179485at33208        -            501       0.2   11.9   0.0   1   1    0.0027      0.38   11.0   0.0   180   246    71   135    63   156 0.86 -
evm.utg47.29                         -            440 179485at33208        -            501      0.36   11.1   0.0   1   2      0.15        21    5.2   0.0   211   261   173   225   143   228 0.77 -
evm.utg47.29                         -            440 179485at33208        -            501      0.36   11.1   0.0   2   2      0.73     1e+02    3.0   0.0   425   453   231   259   226   266 0.88 -
evm.utg6949.7                        -            440 179485at33208        -            501      0.37   11.0   0.0   1   2      0.15        21    5.2   0.0   211   261   173   225   143   228 0.77 -
evm.utg6949.7                        -            440 179485at33208        -            501      0.37   11.0   0.0   2   2      0.73     1e+02    3.0   0.0   425   453   231   259   226   266 0.88 -
evm.utg301.67                        -           3787 179485at33208        -            501      0.37   11.0   0.9   1   1    0.0073         1    9.6   0.8   218   337  3386  3508  3343  3517 0.68 -
#
# Program:         hmmsearch
# Version:         3.1b2 (February 2015)
# Pipeline mode:   SEARCH
# Query file:      /uoa/scratch/users/r02hw22/project_dark_genes/busco_downloads/lineages/metazoa_odb10/hmms/179485at33208.hmm
# Target file:     /uoa/scratch/users/r02hw22/project_dark_genes/00_raw/equina_smart.rnam-trna.merged.ggf.curated.remredun.aa.fa
# Option settings: hmmsearch --domtblout /uoa/scratch/users/r02hw22/project_dark_genes/equina_busco_proteins/run_metazoa_odb10/hmmer_output/initial_run_results/179485at33208.out --cpu 1 /uoa/scratch/users/r02hw22/project_dark_genes/busco_downloads/lineages/metazoa_odb10/hmms/179485at33208.hmm /uoa/scratch/users/r02hw22/project_dark_genes/00_raw/equina_smart.rnam-trna.merged.ggf.curated.remredun.aa.fa 
# Current dir:     /uoa/scratch/users/r02hw22/project_dark_genes
# Date:            Sat Apr 25 14:41:48 2026
# [ok]
