#                                                                                            --- full sequence --- -------------- this domain -------------   hmm coord   ali coord   env coord
# target name                        accession   tlen query name           accession   qlen   E-value  score  bias   #  of  c-Evalue  i-Evalue  score  bias  from    to  from    to  from    to  acc description of target
#                ------------------- ---------- ----- -------------------- ---------- ----- --------- ------ ----- --- --- --------- --------- ------ ----- ----- ----- ----- ----- ----- ----- ---- ---------------------
evm.utg109.77                        -            797 279631at33208        -            584  1.2e-186  623.6  14.4   1   4   3.4e-34   5.3e-32  112.9   0.1     3   177    16   253    14   261 0.75 -
evm.utg109.77                        -            797 279631at33208        -            584  1.2e-186  623.6  14.4   2   4   1.2e-85   1.9e-83  282.8   0.7   175   381   291   540   281   550 0.84 -
evm.utg109.77                        -            797 279631at33208        -            584  1.2e-186  623.6  14.4   3   4   1.1e-68   1.7e-66  226.8   2.5   373   529   556   725   548   729 0.87 -
evm.utg109.77                        -            797 279631at33208        -            584  1.2e-186  623.6  14.4   4   4      0.85   1.3e+02    2.6   0.0   531   557   757   784   748   794 0.84 -
evm.utg21625.4                       -           1518 279631at33208        -            584   4.3e-41  142.9  17.3   1   8      0.13        20    5.3   0.0   186   222   893   929   882   935 0.67 -
evm.utg21625.4                       -           1518 279631at33208        -            584   4.3e-41  142.9  17.3   2   8   1.4e-14   2.2e-12   48.1   0.2   117   228   913  1019   897  1022 0.87 -
evm.utg21625.4                       -           1518 279631at33208        -            584   4.3e-41  142.9  17.3   3   8   9.2e-14   1.5e-11   45.4   0.1   406   529   934  1052   930  1057 0.71 -
evm.utg21625.4                       -           1518 279631at33208        -            584   4.3e-41  142.9  17.3   4   8     0.031       4.9    7.3   0.0   501   532  1089  1120  1077  1129 0.87 -
evm.utg21625.4                       -           1518 279631at33208        -            584   4.3e-41  142.9  17.3   5   8   5.5e-12   8.6e-10   39.6   1.2   432   547  1149  1261  1137  1294 0.80 -
evm.utg21625.4                       -           1518 279631at33208        -            584   4.3e-41  142.9  17.3   6   8      0.97   1.5e+02    2.4   0.0   145   171  1270  1296  1267  1312 0.54 -
evm.utg21625.4                       -           1518 279631at33208        -            584   4.3e-41  142.9  17.3   7   8   1.2e-08   1.9e-06   28.6   0.1   439   529  1333  1421  1325  1425 0.93 -
evm.utg21625.4                       -           1518 279631at33208        -            584   4.3e-41  142.9  17.3   8   8   4.9e-06   0.00077   19.9   0.2   133   208  1427  1494  1421  1497 0.79 -
evm.utg435.72                        -           1669 279631at33208        -            584   5.1e-41  142.7   5.7   1   7   2.6e-10     4e-08   34.0   0.6   109   222   736   844   722   847 0.84 -
evm.utg435.72                        -           1669 279631at33208        -            584   5.1e-41  142.7   5.7   2   7   2.5e-13     4e-11   44.0   0.0   136   222   847   926   843   929 0.94 -
evm.utg435.72                        -           1669 279631at33208        -            584   5.1e-41  142.7   5.7   3   7   1.5e-10   2.4e-08   34.8   0.0   403   530   928  1049   926  1055 0.93 -
evm.utg435.72                        -           1669 279631at33208        -            584   5.1e-41  142.7   5.7   4   7   7.8e-07   0.00012   22.5   0.0   134   221  1055  1135  1049  1144 0.89 -
evm.utg435.72                        -           1669 279631at33208        -            584   5.1e-41  142.7   5.7   5   7       3.9   6.1e+02    0.4   0.0   458   491  1334  1367  1317  1400 0.78 -
evm.utg435.72                        -           1669 279631at33208        -            584   5.1e-41  142.7   5.7   6   7       3.3   5.2e+02    0.6   0.0   144   173  1467  1496  1430  1541 0.74 -
evm.utg435.72                        -           1669 279631at33208        -            584   5.1e-41  142.7   5.7   7   7         3   4.7e+02    0.8   0.0   458   489  1594  1625  1573  1657 0.57 -
evm.utg1204.47                       -            338 279631at33208        -            584   2.3e-38  133.9  11.3   1   4   2.6e-13     4e-11   43.9   0.2   136   222    10    92     9    97 0.88 -
evm.utg1204.47                       -            338 279631at33208        -            584   2.3e-38  133.9  11.3   2   4   4.6e-12   7.3e-10   39.8   1.2   134   225    97   184    93   188 0.91 -
evm.utg1204.47                       -            338 279631at33208        -            584   2.3e-38  133.9  11.3   3   4   2.5e-05    0.0038   17.6   0.0   186   219   189   222   185   231 0.94 -
evm.utg1204.47                       -            338 279631at33208        -            584   2.3e-38  133.9  11.3   4   4   1.7e-10   2.7e-08   34.6   0.0   135   221   244   334   238   336 0.85 -
evm.utg1204.47.1.5c22e937            -            333 279631at33208        -            584   9.7e-37  128.5   8.7   1   4   2.5e-13   3.9e-11   44.0   0.2   136   222    10    92     9    97 0.88 -
evm.utg1204.47.1.5c22e937            -            333 279631at33208        -            584   9.7e-37  128.5   8.7   2   4   4.5e-12   7.1e-10   39.8   1.3   134   225    97   184    93   188 0.91 -
evm.utg1204.47.1.5c22e937            -            333 279631at33208        -            584   9.7e-37  128.5   8.7   3   4   2.4e-05    0.0038   17.6   0.0   186   219   189   222   185   231 0.94 -
evm.utg1204.47.1.5c22e937            -            333 279631at33208        -            584   9.7e-37  128.5   8.7   4   4   4.7e-08   7.4e-06   26.6   0.0   135   212   244   324   238   330 0.85 -
evm.utg2757.76                       -            410 279631at33208        -            584   5.1e-33  116.3   8.8   1   3   9.6e-15   1.5e-12   48.7   0.3   108   223   113   223   105   227 0.86 -
evm.utg2757.76                       -            410 279631at33208        -            584   5.1e-33  116.3   8.8   2   3   5.1e-09   7.9e-07   29.8   0.3   137   204   228   288   223   294 0.83 -
evm.utg2757.76                       -            410 279631at33208        -            584   5.1e-33  116.3   8.8   3   3   1.6e-12   2.5e-10   41.3   0.2   114   219   308   408   305   409 0.86 -
evm.utg6459.21                       -            392 279631at33208        -            584   6.2e-33  116.0  16.3   1   5   2.3e-08   3.6e-06   27.6   0.2   125   223    24   115     2   120 0.83 -
evm.utg6459.21                       -            392 279631at33208        -            584   6.2e-33  116.0  16.3   2   5   0.00082      0.13   12.6   0.1   497   530   119   153   115   153 0.91 -
evm.utg6459.21                       -            392 279631at33208        -            584   6.2e-33  116.0  16.3   3   5   1.2e-14   1.9e-12   48.3   2.1   439   534   147   246   142   255 0.91 -
evm.utg6459.21                       -            392 279631at33208        -            584   6.2e-33  116.0  16.3   4   5   3.5e-05    0.0055   17.1   0.0   185   220   255   290   253   294 0.92 -
evm.utg6459.21                       -            392 279631at33208        -            584   6.2e-33  116.0  16.3   5   5   1.7e-07   2.6e-05   24.7   0.3   132   172   293   333   289   343 0.88 -
evm.utg9141.14                       -            390 279631at33208        -            584   4.8e-32  113.0  17.2   1   5   1.5e-07   2.4e-05   24.9   0.4   126   223    23   113    11   118 0.81 -
evm.utg9141.14                       -            390 279631at33208        -            584   4.8e-32  113.0  17.2   2   5   0.00082      0.13   12.6   0.1   497   530   117   151   113   151 0.91 -
evm.utg9141.14                       -            390 279631at33208        -            584   4.8e-32  113.0  17.2   3   5   7.8e-15   1.2e-12   49.0   1.6   439   534   145   244   141   253 0.91 -
evm.utg9141.14                       -            390 279631at33208        -            584   4.8e-32  113.0  17.2   4   5   3.5e-05    0.0055   17.1   0.0   185   220   253   288   251   292 0.92 -
evm.utg9141.14                       -            390 279631at33208        -            584   4.8e-32  113.0  17.2   5   5   1.7e-07   2.6e-05   24.7   0.3   132   172   291   331   287   341 0.88 -
evm.utg92.13                         -           1666 279631at33208        -            584   1.3e-31  111.6  24.3   1   9    0.0019       0.3   11.3   0.0   135   171   919   955   895   973 0.76 -
evm.utg92.13                         -           1666 279631at33208        -            584   1.3e-31  111.6  24.3   2   9   5.1e-06    0.0008   19.8   0.0   144   222  1010  1080   999  1087 0.86 -
evm.utg92.13                         -           1666 279631at33208        -            584   1.3e-31  111.6  24.3   3   9   2.7e-10   4.3e-08   34.0   0.9   113   225  1102  1208  1087  1211 0.84 -
evm.utg92.13                         -           1666 279631at33208        -            584   1.3e-31  111.6  24.3   4   9   6.8e-08   1.1e-05   26.0   1.5   135   223  1167  1248  1162  1256 0.88 -
evm.utg92.13                         -           1666 279631at33208        -            584   1.3e-31  111.6  24.3   5   9   0.00031     0.049   14.0   0.5   136   221  1210  1295  1207  1299 0.85 -
evm.utg92.13                         -           1666 279631at33208        -            584   1.3e-31  111.6  24.3   6   9     0.053       8.4    6.6   0.4   504   532  1306  1334  1270  1337 0.74 -
evm.utg92.13                         -           1666 279631at33208        -            584   1.3e-31  111.6  24.3   7   9      0.01       1.6    8.9   0.1   144   217  1306  1372  1304  1378 0.77 -
evm.utg92.13                         -           1666 279631at33208        -            584   1.3e-31  111.6  24.3   8   9   3.8e-07     6e-05   23.6   0.6   444   530  1373  1458  1367  1479 0.88 -
evm.utg92.13                         -           1666 279631at33208        -            584   1.3e-31  111.6  24.3   9   9    0.0053      0.84    9.9   0.2   434   490  1491  1547  1473  1558 0.80 -
evm.utg3158.36                       -           1666 279631at33208        -            584   1.7e-31  111.2  27.7   1   6    0.0075       1.2    9.4   0.0    31    73   911   957   893   975 0.64 -
evm.utg3158.36                       -           1666 279631at33208        -            584   1.7e-31  111.2  27.7   2   6   2.3e-07   3.6e-05   24.3   0.0   145   223  1011  1081   999  1087 0.87 -
evm.utg3158.36                       -           1666 279631at33208        -            584   1.7e-31  111.2  27.7   3   6   4.6e-10   7.3e-08   33.2   1.6   111   224  1100  1207  1086  1210 0.83 -
evm.utg3158.36                       -           1666 279631at33208        -            584   1.7e-31  111.2  27.7   4   6   3.1e-05    0.0048   17.3   4.7   136   297  1210  1371  1207  1373 0.73 -
evm.utg3158.36                       -           1666 279631at33208        -            584   1.7e-31  111.2  27.7   5   6   1.1e-06   0.00018   22.0   0.6   453   530  1382  1458  1373  1478 0.90 -
evm.utg3158.36                       -           1666 279631at33208        -            584   1.7e-31  111.2  27.7   6   6    0.0043      0.68   10.2   0.2   434   492  1491  1549  1477  1576 0.81 -
evm.utg5417.27                       -           1331 279631at33208        -            584   3.2e-31  110.3  21.0   1   6   5.1e-10     8e-08   33.1   1.4   455   532   715   791   707   798 0.90 -
evm.utg5417.27                       -           1331 279631at33208        -            584   3.2e-31  110.3  21.0   2   6   2.4e-05    0.0038   17.6   0.4   456   530   800   873   793   883 0.84 -
evm.utg5417.27                       -           1331 279631at33208        -            584   3.2e-31  110.3  21.0   3   6   8.1e-08   1.3e-05   25.8   0.1   109   189   934  1015   901  1025 0.80 -
evm.utg5417.27                       -           1331 279631at33208        -            584   3.2e-31  110.3  21.0   4   6   9.6e-10   1.5e-07   32.1   0.0   111   222  1060  1165  1051  1170 0.90 -
evm.utg5417.27                       -           1331 279631at33208        -            584   3.2e-31  110.3  21.0   5   6    0.0055      0.87    9.8   0.2   466   530  1184  1247  1178  1256 0.88 -
evm.utg5417.27                       -           1331 279631at33208        -            584   3.2e-31  110.3  21.0   6   6      0.12        19    5.4   0.1   436   482  1238  1284  1221  1294 0.84 -
evm.utg101.178                       -            403 279631at33208        -            584   2.6e-30  107.3   5.3   1   3   9.3e-15   1.5e-12   48.7   0.3   108   223   113   223   105   227 0.86 -
evm.utg101.178                       -            403 279631at33208        -            584   2.6e-30  107.3   5.3   2   3   5.3e-09   8.3e-07   29.7   0.3   137   204   228   288   223   294 0.83 -
evm.utg101.178                       -            403 279631at33208        -            584   2.6e-30  107.3   5.3   3   3   6.9e-09   1.1e-06   29.3   0.0   155   221   309   368   305   383 0.76 -
evm.utg186.22                        -           1975 279631at33208        -            584   6.2e-30  106.1   9.4   1  11    0.0001     0.016   15.5   0.0   407   503    57   153    45   183 0.76 -
evm.utg186.22                        -           1975 279631at33208        -            584   6.2e-30  106.1   9.4   2  11      0.66     1e+02    3.0   0.0   504   530   328   354   294   392 0.71 -
evm.utg186.22                        -           1975 279631at33208        -            584   6.2e-30  106.1   9.4   3  11     0.002      0.31   11.3   0.0   447   520   397   470   387   479 0.88 -
evm.utg186.22                        -           1975 279631at33208        -            584   6.2e-30  106.1   9.4   4  11   5.7e-06   0.00089   19.7   0.0   405   528   725   848   722   852 0.77 -
evm.utg186.22                        -           1975 279631at33208        -            584   6.2e-30  106.1   9.4   5  11       1.3     2e+02    2.0   0.1   187   269   818   903   813   909 0.74 -
evm.utg186.22                        -           1975 279631at33208        -            584   6.2e-30  106.1   9.4   6  11      0.21        33    4.6   0.0   130   209   991  1074   868  1151 0.60 -
evm.utg186.22                        -           1975 279631at33208        -            584   6.2e-30  106.1   9.4   7  11     0.017       2.6    8.3   0.0   145   218  1201  1271  1193  1280 0.77 -
evm.utg186.22                        -           1975 279631at33208        -            584   6.2e-30  106.1   9.4   8  11   0.00036     0.057   13.7   0.0   409   529  1421  1543  1413  1588 0.81 -
evm.utg186.22                        -           1975 279631at33208        -            584   6.2e-30  106.1   9.4   9  11     0.014       2.2    8.5   0.1   133   174  1694  1736  1631  1795 0.67 -
evm.utg186.22                        -           1975 279631at33208        -            584   6.2e-30  106.1   9.4  10  11       0.3        46    4.1   0.0   437   488  1765  1816  1748  1826 0.87 -
evm.utg186.22                        -           1975 279631at33208        -            584   6.2e-30  106.1   9.4  11  11      0.27        43    4.2   0.0   430   480  1912  1965  1899  1974 0.63 -
evm.utg18125.5                       -            949 279631at33208        -            584   1.8e-29  104.5  24.5   1   6   0.00021     0.033   14.5   0.6   448   531   264   347   253   355 0.89 -
evm.utg18125.5                       -            949 279631at33208        -            584   1.8e-29  104.5  24.5   2   6   1.7e-06   0.00027   21.4   0.9   131   220   349   433   346   440 0.63 -
evm.utg18125.5                       -            949 279631at33208        -            584   1.8e-29  104.5  24.5   3   6   2.7e-06   0.00042   20.8   0.5   435   495   380   440   377   461 0.90 -
evm.utg18125.5                       -            949 279631at33208        -            584   1.8e-29  104.5  24.5   4   6   6.8e-12   1.1e-09   39.3   1.2    75   220   518   671   490   679 0.77 -
evm.utg18125.5                       -            949 279631at33208        -            584   1.8e-29  104.5  24.5   5   6   6.9e-09   1.1e-06   29.3   0.1   132   221   683   765   671   772 0.85 -
evm.utg18125.5                       -            949 279631at33208        -            584   1.8e-29  104.5  24.5   6   6   0.00029     0.045   14.1   0.5   453   532   771   849   765   861 0.53 -
evm.utg21625.6                       -            513 279631at33208        -            584   1.9e-29  104.5  15.5   1   5    0.0097       1.5    9.0   0.1   501   532    85   116    74   125 0.87 -
evm.utg21625.6                       -            513 279631at33208        -            584   1.9e-29  104.5  15.5   2   5   8.3e-13   1.3e-10   42.3   0.2   432   534   145   247   133   258 0.86 -
evm.utg21625.6                       -            513 279631at33208        -            584   1.9e-29  104.5  15.5   3   5     0.092        15    5.8   0.1   488   530   249   291   243   298 0.75 -
evm.utg21625.6                       -            513 279631at33208        -            584   1.9e-29  104.5  15.5   4   5   4.9e-10   7.6e-08   33.1   0.1   439   529   329   417   315   420 0.93 -
evm.utg21625.6                       -            513 279631at33208        -            584   1.9e-29  104.5  15.5   5   5   1.2e-06   0.00018   22.0   0.2   133   208   423   490   418   494 0.80 -
evm.utg2216.8                        -            504 279631at33208        -            584     2e-29  104.4   0.4   1   4     0.016       2.4    8.3   0.0   136   171     7    42     2    50 0.71 -
evm.utg2216.8                        -            504 279631at33208        -            584     2e-29  104.4   0.4   2   4     5e-11   7.8e-09   36.4   0.0   409   529    54   168    49   178 0.90 -
evm.utg2216.8                        -            504 279631at33208        -            584     2e-29  104.4   0.4   3   4   1.8e-10   2.8e-08   34.6   0.0   153   222   211   282   202   288 0.88 -
evm.utg2216.8                        -            504 279631at33208        -            584     2e-29  104.4   0.4   4   4   5.2e-06   0.00082   19.8   0.1   136   207   287   356   281   374 0.77 -
evm.utg389.12                        -            914 279631at33208        -            584   2.7e-29  104.0  26.1   1   5   0.00022     0.034   14.5   0.6   449   532    54   137    42   150 0.89 -
evm.utg389.12                        -            914 279631at33208        -            584   2.7e-29  104.0  26.1   2   5   2.5e-06   0.00039   20.9   1.9   435   532   169   280   165   329 0.65 -
evm.utg389.12                        -            914 279631at33208        -            584   2.7e-29  104.0  26.1   3   5     6e-12   9.5e-10   39.4   1.1    81   219   313   459   299   466 0.74 -
evm.utg389.12                        -            914 279631at33208        -            584   2.7e-29  104.0  26.1   4   5   3.5e-08   5.4e-06   27.0   0.1   132   220   472   553   461   560 0.85 -
evm.utg389.12                        -            914 279631at33208        -            584   2.7e-29  104.0  26.1   5   5   2.5e-07   3.9e-05   24.2   2.3   409   532   521   638   521   644 0.71 -
evm.utg6430.5                        -            514 279631at33208        -            584   4.3e-29  103.3  16.8   1   5    0.0096       1.5    9.0   0.4   501   532    85   116    12   125 0.91 -
evm.utg6430.5                        -            514 279631at33208        -            584   4.3e-29  103.3  16.8   2   5   9.9e-14   1.6e-11   45.3   1.0   432   544   145   254   133   288 0.83 -
evm.utg6430.5                        -            514 279631at33208        -            584   4.3e-29  103.3  16.8   3   5      0.27        42    4.3   0.1   497   530   258   291   243   307 0.60 -
evm.utg6430.5                        -            514 279631at33208        -            584   4.3e-29  103.3  16.8   4   5   5.2e-10   8.2e-08   33.0   0.1   439   529   329   417   322   420 0.93 -
evm.utg6430.5                        -            514 279631at33208        -            584   4.3e-29  103.3  16.8   5   5   4.2e-06   0.00066   20.1   0.1   133   208   423   490   418   494 0.80 -
evm.utg4155.23                       -            416 279631at33208        -            584   5.5e-29  102.9   1.6   1   4     0.018       2.9    8.1   0.0   178   221    80   123    49   130 0.62 -
evm.utg4155.23                       -            416 279631at33208        -            584   5.5e-29  102.9   1.6   2   4   2.1e-05    0.0033   17.8   0.0   450   532    84   166    74   172 0.86 -
evm.utg4155.23                       -            416 279631at33208        -            584   5.5e-29  102.9   1.6   3   4     1e-15   1.6e-13   51.9   1.5   137   302   173   334   170   338 0.85 -
evm.utg4155.23                       -            416 279631at33208        -            584   5.5e-29  102.9   1.6   4   4   8.7e-08   1.4e-05   25.7   0.0   445   528   332   414   330   415 0.89 -
evm.utg389.12.1.5c22f032             -            817 279631at33208        -            584   6.5e-29  102.7  22.3   1   5   3.4e-05    0.0054   17.1   0.2   144   220    12    83     5    85 0.74 -
evm.utg389.12.1.5c22f032             -            817 279631at33208        -            584   6.5e-29  102.7  22.3   2   5   2.4e-06   0.00038   20.9   2.1   435   532    72   183    68   232 0.65 -
evm.utg389.12.1.5c22f032             -            817 279631at33208        -            584   6.5e-29  102.7  22.3   3   5   5.1e-12     8e-10   39.7   1.0    83   219   218   362   204   369 0.74 -
evm.utg389.12.1.5c22f032             -            817 279631at33208        -            584   6.5e-29  102.7  22.3   4   5   3.1e-08   4.9e-06   27.2   0.1   133   220   376   456   365   463 0.85 -
evm.utg389.12.1.5c22f032             -            817 279631at33208        -            584   6.5e-29  102.7  22.3   5   5   4.8e-05    0.0075   16.6   1.0   451   532   461   541   455   549 0.68 -
evm.utg1221.16                       -            416 279631at33208        -            584   6.6e-29  102.7   2.2   1   4     0.021       3.3    7.9   0.0   178   220    80   122    49   128 0.61 -
evm.utg1221.16                       -            416 279631at33208        -            584   6.6e-29  102.7   2.2   2   4   1.9e-05     0.003   18.0   0.0   449   532    83   166    71   173 0.86 -
evm.utg1221.16                       -            416 279631at33208        -            584   6.6e-29  102.7   2.2   3   4   4.2e-15   6.6e-13   49.8   2.1   138   303   174   335   172   339 0.85 -
evm.utg1221.16                       -            416 279631at33208        -            584   6.6e-29  102.7   2.2   4   4   2.7e-08   4.3e-06   27.3   0.0   443   528   330   414   329   415 0.90 -
evm.utg6078.33                       -           1331 279631at33208        -            584   6.4e-28   99.4  27.2   1   7   6.5e-10     1e-07   32.7   1.6   454   532   714   791   706   799 0.90 -
evm.utg6078.33                       -           1331 279631at33208        -            584   6.4e-28   99.4  27.2   2   7   2.6e-05    0.0041   17.5   0.3   456   530   800   873   792   881 0.84 -
evm.utg6078.33                       -           1331 279631at33208        -            584   6.4e-28   99.4  27.2   3   7   9.3e-07   0.00015   22.3   0.8   109   174   934  1001   883  1015 0.72 -
evm.utg6078.33                       -           1331 279631at33208        -            584   6.4e-28   99.4  27.2   4   7   9.6e-05     0.015   15.6   0.0   461   527  1053  1117  1042  1122 0.86 -
evm.utg6078.33                       -           1331 279631at33208        -            584   6.4e-28   99.4  27.2   5   7   2.8e-05    0.0044   17.4   0.3   448   534  1123  1209  1116  1214 0.90 -
evm.utg6078.33                       -           1331 279631at33208        -            584   6.4e-28   99.4  27.2   6   7    0.0048      0.76   10.0   0.1   466   530  1184  1247  1172  1257 0.89 -
evm.utg6078.33                       -           1331 279631at33208        -            584   6.4e-28   99.4  27.2   7   7     0.078        12    6.0   0.1   430   482  1237  1284  1216  1295 0.71 -
evm.utg911.37                        -           1947 279631at33208        -            584   1.7e-27   98.0  10.7   1  12   0.00011     0.017   15.5   0.0   407   503    57   153    47   189 0.77 -
evm.utg911.37                        -           1947 279631at33208        -            584   1.7e-27   98.0  10.7   2  12       1.2   1.9e+02    2.1   0.0   504   530   328   354   306   365 0.75 -
evm.utg911.37                        -           1947 279631at33208        -            584   1.7e-27   98.0  10.7   3  12     0.002      0.32   11.3   0.0   447   520   397   470   388   478 0.88 -
evm.utg911.37                        -           1947 279631at33208        -            584   1.7e-27   98.0  10.7   4  12   2.8e-05    0.0045   17.4   0.0   405   528   725   848   722   852 0.77 -
evm.utg911.37                        -           1947 279631at33208        -            584   1.7e-27   98.0  10.7   5  12       1.2   1.9e+02    2.1   0.1   187   269   818   903   812   909 0.74 -
evm.utg911.37                        -           1947 279631at33208        -            584   1.7e-27   98.0  10.7   6  12      0.66     1e+02    3.0   0.0   107   171   968  1033   871  1087 0.58 -
evm.utg911.37                        -           1947 279631at33208        -            584   1.7e-27   98.0  10.7   7  12      0.31        49    4.0   0.0    84   199  1019  1138  1010  1161 0.59 -
evm.utg911.37                        -           1947 279631at33208        -            584   1.7e-27   98.0  10.7   8  12      0.02       3.1    8.0   0.0   146   218  1202  1271  1193  1280 0.75 -
evm.utg911.37                        -           1947 279631at33208        -            584   1.7e-27   98.0  10.7   9  12     0.005      0.78   10.0   0.0   439   529  1423  1515  1410  1561 0.80 -
evm.utg911.37                        -           1947 279631at33208        -            584   1.7e-27   98.0  10.7  10  12     0.024       3.7    7.7   0.0   134   173  1667  1707  1612  1719 0.61 -
evm.utg911.37                        -           1947 279631at33208        -            584   1.7e-27   98.0  10.7  11  12      0.45        71    3.5   0.0   437   488  1737  1788  1720  1797 0.87 -
evm.utg911.37                        -           1947 279631at33208        -            584   1.7e-27   98.0  10.7  12  12      0.26        41    4.3   0.0   430   480  1884  1937  1871  1946 0.63 -
evm.utg2757.69                       -            710 279631at33208        -            584   5.5e-27   96.3   6.1   1   4      0.23        36    4.5   0.1   454   491   428   465   424   472 0.50 -
evm.utg2757.69                       -            710 279631at33208        -            584   5.5e-27   96.3   6.1   2   4   2.5e-07   3.9e-05   24.2   0.0   437   488   469   520   463   527 0.75 -
evm.utg2757.69                       -            710 279631at33208        -            584   5.5e-27   96.3   6.1   3   4   7.9e-09   1.2e-06   29.1   0.2   136   204   527   588   519   594 0.83 -
evm.utg2757.69                       -            710 279631at33208        -            584   5.5e-27   96.3   6.1   4   4   3.5e-12   5.4e-10   40.2   0.0   114   219   608   708   605   709 0.86 -
evm.utg1056.106                      -            351 279631at33208        -            584   9.3e-27   95.6   2.5   1   5   0.00014     0.021   15.1   0.0   180   219    51    90    41    98 0.76 -
evm.utg1056.106                      -            351 279631at33208        -            584   9.3e-27   95.6   2.5   2   5   7.5e-13   1.2e-10   42.4   0.2   453   532    98   176    93   182 0.91 -
evm.utg1056.106                      -            351 279631at33208        -            584   9.3e-27   95.6   2.5   3   5   7.2e-07   0.00011   22.7   0.0   136   225   182   265   178   286 0.89 -
evm.utg1056.106                      -            351 279631at33208        -            584   9.3e-27   95.6   2.5   4   5   3.4e-06   0.00054   20.4   0.0   442   529   213   303   211   310 0.80 -
evm.utg1056.106                      -            351 279631at33208        -            584   9.3e-27   95.6   2.5   5   5    0.0014      0.23   11.8   0.1   115   169   289   347   271   350 0.72 -
evm.utg1056.106.1.5c22e841           -            351 279631at33208        -            584   9.3e-27   95.6   2.5   1   5   0.00014     0.021   15.1   0.0   180   219    51    90    41    98 0.76 -
evm.utg1056.106.1.5c22e841           -            351 279631at33208        -            584   9.3e-27   95.6   2.5   2   5   7.5e-13   1.2e-10   42.4   0.2   453   532    98   176    93   182 0.91 -
evm.utg1056.106.1.5c22e841           -            351 279631at33208        -            584   9.3e-27   95.6   2.5   3   5   7.2e-07   0.00011   22.7   0.0   136   225   182   265   178   286 0.89 -
evm.utg1056.106.1.5c22e841           -            351 279631at33208        -            584   9.3e-27   95.6   2.5   4   5   3.4e-06   0.00054   20.4   0.0   442   529   213   303   211   310 0.80 -
evm.utg1056.106.1.5c22e841           -            351 279631at33208        -            584   9.3e-27   95.6   2.5   5   5    0.0014      0.23   11.8   0.1   115   169   289   347   271   350 0.72 -
evm.utg1221.16.1.5c22e95a            -            415 279631at33208        -            584   1.3e-26   95.1   1.8   1   5     0.021       3.3    7.9   0.0   178   220    80   122    49   128 0.61 -
evm.utg1221.16.1.5c22e95a            -            415 279631at33208        -            584   1.3e-26   95.1   1.8   2   5   1.9e-05     0.003   17.9   0.0   450   532    84   166    73   173 0.86 -
evm.utg1221.16.1.5c22e95a            -            415 279631at33208        -            584   1.3e-26   95.1   1.8   3   5   3.6e-15   5.6e-13   50.1   1.9   138   303   174   335   172   340 0.85 -
evm.utg1221.16.1.5c22e95a            -            415 279631at33208        -            584   1.3e-26   95.1   1.8   4   5   0.00012     0.018   15.4   0.0   185   222   340   377   332   383 0.89 -
evm.utg1221.16.1.5c22e95a            -            415 279631at33208        -            584   1.3e-26   95.1   1.8   5   5       3.5   5.5e+02    0.6   0.0   405   428   381   404   378   411 0.81 -
evm.utg1221.16.2.5c22e95a            -            399 279631at33208        -            584   3.3e-26   93.7   1.0   1   4     0.019         3    8.1   0.0   178   221    80   123    52   129 0.60 -
evm.utg1221.16.2.5c22e95a            -            399 279631at33208        -            584   3.3e-26   93.7   1.0   2   4   1.8e-05    0.0029   18.0   0.0   450   532    84   166    75   173 0.86 -
evm.utg1221.16.2.5c22e95a            -            399 279631at33208        -            584   3.3e-26   93.7   1.0   3   4   3.2e-15     5e-13   50.2   1.9   138   303   174   335   172   340 0.85 -
evm.utg1221.16.2.5c22e95a            -            399 279631at33208        -            584   3.3e-26   93.7   1.0   4   4   0.00012     0.019   15.3   0.0   185   222   340   377   334   383 0.89 -
evm.utg788.96                        -            437 279631at33208        -            584   7.5e-26   92.6   1.6   1   3   2.8e-12   4.4e-10   40.5   0.4   113   221     5   108     1   112 0.83 -
evm.utg788.96                        -            437 279631at33208        -            584   7.5e-26   92.6   1.6   2   3   4.6e-05    0.0073   16.7   0.1   133   169   111   147   106   157 0.87 -
evm.utg788.96                        -            437 279631at33208        -            584   7.5e-26   92.6   1.6   3   3     5e-10   7.8e-08   33.1   0.0   429   530   174   274   153   280 0.83 -
evm.utg1363.31                       -            612 279631at33208        -            584     1e-25   92.1   0.8   1   5   1.7e-13   2.6e-11   44.5   0.0   407   520    45   163    33   172 0.75 -
evm.utg1363.31                       -            612 279631at33208        -            584     1e-25   92.1   0.8   2   5     0.042       6.7    6.9   0.0   438   524   120   213   115   222 0.73 -
evm.utg1363.31                       -            612 279631at33208        -            584     1e-25   92.1   0.8   3   5   0.00026     0.041   14.2   0.0   438   529   344   435   339   439 0.96 -
evm.utg1363.31                       -            612 279631at33208        -            584     1e-25   92.1   0.8   4   5   1.1e-05    0.0018   18.7   0.4   451   530   447   524   440   532 0.88 -
evm.utg1363.31                       -            612 279631at33208        -            584     1e-25   92.1   0.8   5   5      0.43        67    3.6   0.0   144   218   541   608   529   610 0.68 -
evm.utg6220.15                       -            692 279631at33208        -            584   1.7e-25   91.4   6.8   1   4   8.7e-07   0.00014   22.4   0.2   439   531    50   141    36   146 0.90 -
evm.utg6220.15                       -            692 279631at33208        -            584   1.7e-25   91.4   6.8   2   4   1.4e-05    0.0022   18.4   0.2   136   220   148   225   142   239 0.68 -
evm.utg6220.15                       -            692 279631at33208        -            584   1.7e-25   91.4   6.8   3   4    0.0002     0.032   14.6   0.0    84   180   432   537   420   546 0.77 -
evm.utg6220.15                       -            692 279631at33208        -            584   1.7e-25   91.4   6.8   4   4     1e-10   1.6e-08   35.4   0.1    92   221   542   668   534   678 0.85 -
evm.utg6220.15.1.5c22f2e5            -            692 279631at33208        -            584   1.7e-25   91.4   6.8   1   4   8.7e-07   0.00014   22.4   0.2   439   531    50   141    36   146 0.90 -
evm.utg6220.15.1.5c22f2e5            -            692 279631at33208        -            584   1.7e-25   91.4   6.8   2   4   1.4e-05    0.0022   18.4   0.2   136   220   148   225   142   239 0.68 -
evm.utg6220.15.1.5c22f2e5            -            692 279631at33208        -            584   1.7e-25   91.4   6.8   3   4    0.0002     0.032   14.6   0.0    84   180   432   537   420   546 0.77 -
evm.utg6220.15.1.5c22f2e5            -            692 279631at33208        -            584   1.7e-25   91.4   6.8   4   4     1e-10   1.6e-08   35.4   0.1    92   221   542   668   534   678 0.85 -
evm.utg17809.13                      -            456 279631at33208        -            584   2.5e-25   90.9   8.5   1   4   3.5e-10   5.5e-08   33.6   0.0   134   223    98   180    72   185 0.86 -
evm.utg17809.13                      -            456 279631at33208        -            584   2.5e-25   90.9   8.5   2   4   4.6e-08   7.2e-06   26.6   1.1   136   225   185   271   179   275 0.83 -
evm.utg17809.13                      -            456 279631at33208        -            584   2.5e-25   90.9   8.5   3   4       7.4   1.2e+03   -0.5   0.0   136   158   273   294   266   300 0.73 -
evm.utg17809.13                      -            456 279631at33208        -            584   2.5e-25   90.9   8.5   4   4   1.5e-09   2.3e-07   31.5   0.2   440   531   341   432   332   439 0.58 -
evm.utg72.22                         -            454 279631at33208        -            584   4.2e-25   90.1   6.6   1   4   1.3e-09     2e-07   31.8   0.0   134   226    98   183    72   191 0.86 -
evm.utg72.22                         -            454 279631at33208        -            584   4.2e-25   90.1   6.6   2   4    0.0016      0.25   11.6   1.7   136   185   185   240   180   280 0.64 -
evm.utg72.22                         -            454 279631at33208        -            584   4.2e-25   90.1   6.6   3   4   4.8e-05    0.0075   16.6   0.0   157   227   313   377   311   379 0.74 -
evm.utg72.22                         -            454 279631at33208        -            584   4.2e-25   90.1   6.6   4   4   5.3e-09   8.4e-07   29.7   0.1   135   218   376   452   373   453 0.90 -
evm.utg12655.28                      -            300 279631at33208        -            584   6.4e-24   86.2   0.0   1   4     0.022       3.4    7.9   0.0   185   220     2    37     1    42 0.92 -
evm.utg12655.28                      -            300 279631at33208        -            584   6.4e-24   86.2   0.0   2   4   1.8e-08   2.8e-06   28.0   0.1   452   530    44   122    38   145 0.83 -
evm.utg12655.28                      -            300 279631at33208        -            584   6.4e-24   86.2   0.0   3   4   1.7e-11   2.7e-09   37.9   0.0   439   530   157   255   130   261 0.84 -
evm.utg12655.28                      -            300 279631at33208        -            584   6.4e-24   86.2   0.0   4   4     0.025       3.9    7.7   0.0   186   216   264   294   257   298 0.88 -
evm.utg21228.28                      -            351 279631at33208        -            584   2.4e-23   84.3   0.0   1   4     0.023       3.7    7.8   0.0   185   220    53    88    45    92 0.92 -
evm.utg21228.28                      -            351 279631at33208        -            584   2.4e-23   84.3   0.0   2   4   4.3e-08   6.7e-06   26.7   0.1   451   530    94   173    88   195 0.85 -
evm.utg21228.28                      -            351 279631at33208        -            584   2.4e-23   84.3   0.0   3   4   2.4e-11   3.7e-09   37.5   0.0   439   530   208   306   180   311 0.84 -
evm.utg21228.28                      -            351 279631at33208        -            584   2.4e-23   84.3   0.0   4   4     0.031       4.9    7.3   0.0   186   216   315   345   310   349 0.88 -
evm.utg343339.3                      -            504 279631at33208        -            584   3.7e-23   83.7   1.7   1   4     0.032         5    7.3   0.0   135   171   149   185   133   198 0.66 -
evm.utg343339.3                      -            504 279631at33208        -            584   3.7e-23   83.7   1.7   2   4   5.9e-07   9.3e-05   22.9   0.0   144   221   216   285   191   292 0.84 -
evm.utg343339.3                      -            504 279631at33208        -            584   3.7e-23   83.7   1.7   3   4   7.1e-10   1.1e-07   32.6   0.3   105   223   299   421   284   423 0.77 -
evm.utg343339.3                      -            504 279631at33208        -            584   3.7e-23   83.7   1.7   4   4   2.3e-08   3.6e-06   27.6   0.1   404   493   372   465   371   500 0.75 -
evm.utg496.26                        -            504 279631at33208        -            584   3.8e-23   83.7   1.7   1   4     0.032         5    7.3   0.0   135   171   149   185   133   198 0.66 -
evm.utg496.26                        -            504 279631at33208        -            584   3.8e-23   83.7   1.7   2   4   5.9e-07   9.3e-05   22.9   0.0   144   221   216   285   191   292 0.84 -
evm.utg496.26                        -            504 279631at33208        -            584   3.8e-23   83.7   1.7   3   4   7.1e-10   1.1e-07   32.6   0.3   105   223   299   421   284   423 0.77 -
evm.utg496.26                        -            504 279631at33208        -            584   3.8e-23   83.7   1.7   4   4   2.3e-08   3.6e-06   27.6   0.1   404   493   372   465   371   500 0.75 -
evm.utg3174.3                        -            435 279631at33208        -            584   1.7e-22   81.5   3.3   1   4   0.00029     0.046   14.0   0.0   449   486   146   183   139   188 0.91 -
evm.utg3174.3                        -            435 279631at33208        -            584   1.7e-22   81.5   3.3   2   4   6.3e-10   9.8e-08   32.8   0.2   138   222   194   271   188   274 0.88 -
evm.utg3174.3                        -            435 279631at33208        -            584   1.7e-22   81.5   3.3   3   4     5e-05    0.0079   16.6   0.0   186   226   277   317   272   356 0.88 -
evm.utg3174.3                        -            435 279631at33208        -            584   1.7e-22   81.5   3.3   4   4   8.7e-05     0.014   15.8   0.0   117   298   381   433   334   434 0.61 -
evm.utg413.38                        -            593 279631at33208        -            584   1.8e-22   81.5   2.7   1   4   8.4e-08   1.3e-05   25.7   0.0   449   529   304   383   297   383 0.90 -
evm.utg413.38                        -            593 279631at33208        -            584   1.8e-22   81.5   2.7   2   4     1e-09   1.6e-07   32.1   0.2   138   222   352   429   347   433 0.89 -
evm.utg413.38                        -            593 279631at33208        -            584   1.8e-22   81.5   2.7   3   4   1.8e-09   2.9e-07   31.2   0.5   138   226   394   475   391   515 0.86 -
evm.utg413.38                        -            593 279631at33208        -            584   1.8e-22   81.5   2.7   4   4   9.6e-05     0.015   15.6   0.0   113   168   535   591   480   592 0.65 -
evm.utg27.20                         -           1146 279631at33208        -            584     2e-22   81.3   1.1   1   2   3.8e-15     6e-13   50.0   0.2   112   223    62   167    19   182 0.86 -
evm.utg27.20                         -           1146 279631at33208        -            584     2e-22   81.3   1.1   2   2   5.2e-09   8.2e-07   29.7   0.1   131   224   197   285   186   292 0.87 -
evm.utg6220.15.2.5c22f2e5            -            663 279631at33208        -            584   3.1e-22   80.6   5.4   1   4   8.4e-07   0.00013   22.4   0.2   439   531    50   141    37   146 0.90 -
evm.utg6220.15.2.5c22f2e5            -            663 279631at33208        -            584   3.1e-22   80.6   5.4   2   4   1.2e-05    0.0019   18.6   0.3   136   220   148   225   140   239 0.70 -
evm.utg6220.15.2.5c22f2e5            -            663 279631at33208        -            584   3.1e-22   80.6   5.4   3   4   0.00015     0.023   15.0   0.0    83   180   431   537   406   546 0.77 -
evm.utg6220.15.2.5c22f2e5            -            663 279631at33208        -            584   3.1e-22   80.6   5.4   4   4   5.7e-07     9e-05   23.0   0.0    92   172   542   626   534   650 0.83 -
evm.utg10470.3                       -            667 279631at33208        -            584   4.9e-22   80.0   0.3   1   4      0.29        45    4.2   0.0   135   173   336   373   330   383 0.85 -
evm.utg10470.3                       -            667 279631at33208        -            584   4.9e-22   80.0   0.3   2   4     4e-10   6.2e-08   33.4   0.0   135   222   408   488   390   492 0.90 -
evm.utg10470.3                       -            667 279631at33208        -            584   4.9e-22   80.0   0.3   3   4   3.4e-08   5.3e-06   27.0   0.0   137   222   494   572   488   575 0.87 -
evm.utg10470.3                       -            667 279631at33208        -            584   4.9e-22   80.0   0.3   4   4    0.0045      0.71   10.1   0.0   134   170   575   611   570   619 0.76 -
evm.utg389.12.2.5c22f032             -            702 279631at33208        -            584   7.2e-22   79.4  13.1   1   4       2.6   4.1e+02    1.0   0.1   474   583     2   116     1   117 0.64 -
evm.utg389.12.2.5c22f032             -            702 279631at33208        -            584   7.2e-22   79.4  13.1   2   4   4.1e-12   6.4e-10   40.0   1.4    77   220    97   248    82   256 0.75 -
evm.utg389.12.2.5c22f032             -            702 279631at33208        -            584   7.2e-22   79.4  13.1   3   4   2.3e-08   3.6e-06   27.6   0.1   132   221   260   342   249   349 0.85 -
evm.utg389.12.2.5c22f032             -            702 279631at33208        -            584   7.2e-22   79.4  13.1   4   4   6.4e-06     0.001   19.5   2.0   442   532   337   426   335   433 0.91 -
evm.utg777.49                        -            667 279631at33208        -            584   9.7e-22   79.0   0.4   1   4      0.56        88    3.2   0.0   135   172   336   372   331   379 0.80 -
evm.utg777.49                        -            667 279631at33208        -            584   9.7e-22   79.0   0.4   2   4   4.1e-10   6.5e-08   33.4   0.0   135   222   408   488   392   492 0.90 -
evm.utg777.49                        -            667 279631at33208        -            584   9.7e-22   79.0   0.4   3   4   3.4e-08   5.3e-06   27.0   0.0   137   222   494   572   488   576 0.89 -
evm.utg777.49                        -            667 279631at33208        -            584   9.7e-22   79.0   0.4   4   4     0.005      0.79   10.0   0.0   135   170   576   611   571   619 0.61 -
evm.utg15197.11                      -           1003 279631at33208        -            584   4.4e-21   76.9   7.7   1   3   7.8e-06    0.0012   19.2   0.1   438   529   139   228   118   228 0.83 -
evm.utg15197.11                      -           1003 279631at33208        -            584   4.4e-21   76.9   7.7   2   3   2.6e-08   4.1e-06   27.4   0.0   125   212   183   264   177   266 0.91 -
evm.utg15197.11                      -           1003 279631at33208        -            584   4.4e-21   76.9   7.7   3   3   7.5e-15   1.2e-12   49.0   2.9   403   580   234   397   231   400 0.86 -
evm.utg1629.22                       -           1004 279631at33208        -            584   8.5e-21   75.9   7.6   1   3   5.7e-06    0.0009   19.7   0.1   438   529   140   229   119   231 0.82 -
evm.utg1629.22                       -           1004 279631at33208        -            584   8.5e-21   75.9   7.6   2   3   2.4e-08   3.8e-06   27.5   0.0   125   212   184   265   177   267 0.91 -
evm.utg1629.22                       -           1004 279631at33208        -            584   8.5e-21   75.9   7.6   3   3     2e-14   3.1e-12   47.6   2.7   403   580   235   398   232   401 0.86 -
evm.utg1629.22.1.5c22eb7d            -            969 279631at33208        -            584   2.6e-20   74.3   8.2   1   3   1.5e-05    0.0024   18.3   0.2   439   529   106   194    99   194 0.88 -
evm.utg1629.22.1.5c22eb7d            -            969 279631at33208        -            584   2.6e-20   74.3   8.2   2   3   2.5e-08   3.9e-06   27.5   0.0   125   212   149   230   143   232 0.91 -
evm.utg1629.22.1.5c22eb7d            -            969 279631at33208        -            584   2.6e-20   74.3   8.2   3   3   1.3e-14   2.1e-12   48.2   2.4   403   580   200   363   197   367 0.86 -
evm.utg7.52                          -            496 279631at33208        -            584   2.7e-20   74.2   4.6   1   3   2.5e-12   3.9e-10   40.7   1.8    82   221   208   348   202   353 0.82 -
evm.utg7.52                          -            496 279631at33208        -            584   2.7e-20   74.2   4.6   2   3   6.4e-07    0.0001   22.8   0.0   136   220   354   427   349   429 0.88 -
evm.utg7.52                          -            496 279631at33208        -            584   2.7e-20   74.2   4.6   3   3   9.7e-07   0.00015   22.2   0.0   136   219   394   475   390   480 0.83 -
evm.utg27.21                         -            316 279631at33208        -            584   6.1e-20   73.1   1.2   1   3   4.8e-11   7.6e-09   36.4   0.1   136   226    10    99     2   103 0.84 -
evm.utg27.21                         -            316 279631at33208        -            584   6.1e-20   73.1   1.2   2   3   1.7e-07   2.7e-05   24.7   0.5   453   529   100   178    96   189 0.80 -
evm.utg27.21                         -            316 279631at33208        -            584   6.1e-20   73.1   1.2   3   3     0.011       1.7    8.9   0.0   409   530   190   312   185   315 0.74 -
evm.utg18125.5.1.5c22ec17            -            724 279631at33208        -            584   6.4e-20   73.0  16.1   1   5   0.00015     0.023   15.0   0.6   448   531   264   347   253   355 0.89 -
evm.utg18125.5.1.5c22ec17            -            724 279631at33208        -            584   6.4e-20   73.0  16.1   2   5   2.6e-08     4e-06   27.4   5.9   105   220   322   433   308   441 0.81 -
evm.utg18125.5.1.5c22ec17            -            724 279631at33208        -            584   6.4e-20   73.0  16.1   3   5   1.9e-06    0.0003   21.3   0.6   435   495   380   440   376   461 0.90 -
evm.utg18125.5.1.5c22ec17            -            724 279631at33208        -            584   6.4e-20   73.0  16.1   4   5   4.9e-12   7.7e-10   39.7   1.2    79   220   522   671   508   682 0.75 -
evm.utg18125.5.1.5c22ec17            -            724 279631at33208        -            584   6.4e-20   73.0  16.1   5   5      0.39        61    3.7   0.0   133   166   684   717   672   721 0.77 -
evm.utg729.25.2.5c279763             -            767 279631at33208        -            584   6.8e-20   72.9   0.0   1   3   2.6e-05    0.0041   17.5   0.0   185   230   443   488   426   495 0.83 -
evm.utg729.25.2.5c279763             -            767 279631at33208        -            584   6.8e-20   72.9   0.0   2   3   2.4e-07   3.8e-05   24.2   0.0   137   220   497   584   493   592 0.89 -
evm.utg729.25.2.5c279763             -            767 279631at33208        -            584   6.8e-20   72.9   0.0   3   3   2.7e-08   4.2e-06   27.4   0.0   108   211   657   759   636   765 0.86 -
evm.utg729.25                        -            852 279631at33208        -            584     1e-19   72.3   0.0   1   3     3e-05    0.0047   17.3   0.0   185   230   528   573   511   580 0.83 -
evm.utg729.25                        -            852 279631at33208        -            584     1e-19   72.3   0.0   2   3   2.8e-07   4.3e-05   24.0   0.0   137   220   582   669   578   677 0.89 -
evm.utg729.25                        -            852 279631at33208        -            584     1e-19   72.3   0.0   3   3   3.1e-08   4.9e-06   27.2   0.0   108   211   742   844   721   850 0.86 -
evm.utg5417.27.1.5c22f1fe            -           1068 279631at33208        -            584   1.1e-19   72.2  12.6   1   3   4.2e-10   6.6e-08   33.3   1.5   455   532   715   791   707   798 0.90 -
evm.utg5417.27.1.5c22f1fe            -           1068 279631at33208        -            584   1.1e-19   72.2  12.6   2   3   1.8e-05    0.0028   18.0   0.5   456   531   800   874   791   888 0.85 -
evm.utg5417.27.1.5c22f1fe            -           1068 279631at33208        -            584   1.1e-19   72.2  12.6   3   3     6e-08   9.4e-06   26.2   0.1   109   189   934  1015   901  1026 0.80 -
evm.utg109.41                        -            598 279631at33208        -            584     2e-19   71.4   0.0   1   3     0.001      0.16   12.3   0.0   186   221   347   382   336   387 0.90 -
evm.utg109.41                        -            598 279631at33208        -            584     2e-19   71.4   0.0   2   3   1.2e-09   1.9e-07   31.8   0.0   133   222   385   467   379   474 0.88 -
evm.utg109.41                        -            598 279631at33208        -            584     2e-19   71.4   0.0   3   3   1.7e-08   2.7e-06   28.0   0.2   442   569   461   587   461   596 0.80 -
evm.utg622.118                       -           1466 279631at33208        -            584   2.6e-19   71.0   1.8   1   5     0.028       4.3    7.5   0.0   133   173   405   447   387   460 0.80 -
evm.utg622.118                       -           1466 279631at33208        -            584   2.6e-19   71.0   1.8   2   5     0.024       3.8    7.7   0.0   128   172   680   723   620   781 0.75 -
evm.utg622.118                       -           1466 279631at33208        -            584   2.6e-19   71.0   1.8   3   5       5.6   8.8e+02   -0.1   0.0   435   475   753   793   745   804 0.85 -
evm.utg622.118                       -           1466 279631at33208        -            584   2.6e-19   71.0   1.8   4   5     0.074        12    6.1   0.0   140   218   920   990   866   997 0.82 -
evm.utg622.118                       -           1466 279631at33208        -            584   2.6e-19   71.0   1.8   5   5   2.6e-12   4.2e-10   40.6   0.1   405   528  1205  1329  1196  1338 0.84 -
evm.utg564.26                        -            598 279631at33208        -            584   2.8e-19   70.9   0.0   1   3   0.00082      0.13   12.6   0.0   186   221   347   382   314   386 0.90 -
evm.utg564.26                        -            598 279631at33208        -            584   2.8e-19   70.9   0.0   2   3     4e-09   6.3e-07   30.1   0.0   134   222   386   467   381   474 0.89 -
evm.utg564.26                        -            598 279631at33208        -            584   2.8e-19   70.9   0.0   3   3   1.1e-08   1.7e-06   28.7   0.1   442   565   461   583   461   595 0.80 -
evm.utg21766.14                      -            538 279631at33208        -            584   3.2e-19   70.7   0.9   1   3   1.7e-13   2.7e-11   44.5   0.1   110   225    24   154     9   158 0.79 -
evm.utg21766.14                      -            538 279631at33208        -            584   3.2e-19   70.7   0.9   2   3   7.8e-05     0.012   15.9   0.0   268   301   159   191   155   201 0.88 -
evm.utg21766.14                      -            538 279631at33208        -            584   3.2e-19   70.7   0.9   3   3     0.041       6.4    7.0   0.0   267   292   347   371   334   382 0.84 -
evm.utg234.60                        -            303 279631at33208        -            584   3.3e-19   70.6   7.8   1   5      0.32        50    4.0   0.2    66    99    15    48     4    57 0.75 -
evm.utg234.60                        -            303 279631at33208        -            584   3.3e-19   70.6   7.8   2   5   0.00094      0.15   12.4   0.0   136   172    56    92    50   104 0.89 -
evm.utg234.60                        -            303 279631at33208        -            584   3.3e-19   70.6   7.8   3   5       1.9   2.9e+02    1.5   0.0   505   525   107   127    97   136 0.91 -
evm.utg234.60                        -            303 279631at33208        -            584   3.3e-19   70.6   7.8   4   5   6.6e-14     1e-11   45.9   0.2   439   530   168   258   147   266 0.77 -
evm.utg234.60                        -            303 279631at33208        -            584   3.3e-19   70.6   7.8   5   5     0.066        10    6.3   0.0   187   218   268   299   262   302 0.80 -
evm.utg7950.19                       -            574 279631at33208        -            584   5.5e-19   69.9   0.1   1   3   0.00011     0.017   15.4   0.0    83   180   136   242   103   251 0.78 -
evm.utg7950.19                       -            574 279631at33208        -            584   5.5e-19   69.9   0.1   2   3   6.8e-07   0.00011   22.7   0.1    92   172   247   331   241   339 0.84 -
evm.utg7950.19                       -            574 279631at33208        -            584   5.5e-19   69.9   0.1   3   3   1.1e-08   1.8e-06   28.6   0.1   453   529   337   412   332   416 0.90 -
evm.utg320.49                        -            928 279631at33208        -            584   1.1e-18   68.9   0.0   1   3   8.7e-09   1.4e-06   29.0   0.0   136   222    76   162    69   169 0.89 -
evm.utg320.49                        -            928 279631at33208        -            584   1.1e-18   68.9   0.0   2   3    0.0019       0.3   11.4   0.1   453   529   167   247   163   271 0.72 -
evm.utg320.49                        -            928 279631at33208        -            584   1.1e-18   68.9   0.0   3   3   2.7e-07   4.2e-05   24.1   0.0   136   224   588   670   581   690 0.83 -
evm.utg73.142                        -            520 279631at33208        -            584   1.4e-18   68.5   0.9   1   4      0.42        66    3.6   0.1   505   580   235   306   220   306 0.66 -
evm.utg73.142                        -            520 279631at33208        -            584   1.4e-18   68.5   0.9   2   4   3.3e-09   5.2e-07   30.4   0.0   429   532   294   396   269   402 0.90 -
evm.utg73.142                        -            520 279631at33208        -            584   1.4e-18   68.5   0.9   3   4   1.2e-05    0.0019   18.6   0.1   135   218   401   475   396   478 0.85 -
evm.utg73.142                        -            520 279631at33208        -            584   1.4e-18   68.5   0.9   4   4   5.2e-06   0.00082   19.8   0.0   438   486   469   517   464   519 0.93 -
evm.utg55.122                        -            446 279631at33208        -            584   2.5e-18   67.7  16.9   1   5     0.042       6.6    6.9   0.1   129   198   100   159    73   162 0.70 -
evm.utg55.122                        -            446 279631at33208        -            584   2.5e-18   67.7  16.9   2   5   5.3e-08   8.3e-06   26.4   2.1   119   219   128   229   125   233 0.85 -
evm.utg55.122                        -            446 279631at33208        -            584   2.5e-18   67.7  16.9   3   5    0.0048      0.76   10.0   0.6   136   222   267   303   251   312 0.53 -
evm.utg55.122                        -            446 279631at33208        -            584   2.5e-18   67.7  16.9   4   5   2.1e-08   3.3e-06   27.7   0.0   150   221   321   389   315   393 0.84 -
evm.utg55.122                        -            446 279631at33208        -            584   2.5e-18   67.7  16.9   5   5     0.015       2.4    8.4   0.0    39    73   395   432   391   439 0.81 -
evm.utg607.12.1.5c22f2ae             -            705 279631at33208        -            584   3.4e-18   67.3   4.5   1   3   7.3e-09   1.1e-06   29.2   0.2   138   229    33   121    16   122 0.88 -
evm.utg607.12.1.5c22f2ae             -            705 279631at33208        -            584   3.4e-18   67.3   4.5   2   3   4.1e-09   6.4e-07   30.1   0.0   132   220   115   205   111   209 0.88 -
evm.utg607.12.1.5c22f2ae             -            705 279631at33208        -            584   3.4e-18   67.3   4.5   3   3    0.0027      0.43   10.8   0.1   135   183   211   260   206   288 0.73 -
evm.utg607.12                        -            707 279631at33208        -            584   3.5e-18   67.3   4.5   1   3   7.3e-09   1.1e-06   29.2   0.2   138   229    33   121    16   122 0.88 -
evm.utg607.12                        -            707 279631at33208        -            584   3.5e-18   67.3   4.5   2   3   4.1e-09   6.5e-07   30.1   0.0   132   220   115   205   111   209 0.88 -
evm.utg607.12                        -            707 279631at33208        -            584   3.5e-18   67.3   4.5   3   3    0.0028      0.43   10.8   0.1   135   183   211   260   206   288 0.73 -
evm.utg3174.3.1.5c22eeec             -            350 279631at33208        -            584   3.5e-18   67.3   1.0   1   3   0.00021     0.032   14.5   0.0   449   486   146   183   139   191 0.91 -
evm.utg3174.3.1.5c22eeec             -            350 279631at33208        -            584   3.5e-18   67.3   1.0   2   3   4.3e-10   6.7e-08   33.3   0.2   138   222   194   271   186   274 0.88 -
evm.utg3174.3.1.5c22eeec             -            350 279631at33208        -            584   3.5e-18   67.3   1.0   3   3   5.7e-05     0.009   16.4   0.0   186   225   277   316   274   323 0.92 -
evm.utg7264.10                       -            194 279631at33208        -            584   3.6e-18   67.2   6.3   1   2   5.7e-11   8.9e-09   36.2   0.8   449   529     7    86     2    91 0.92 -
evm.utg7264.10                       -            194 279631at33208        -            584   3.6e-18   67.2   6.3   2   2   1.9e-10     3e-08   34.5   0.6   151   225    90   157    86   164 0.88 -
evm.utg4972.23                       -            640 279631at33208        -            584   5.8e-18   66.5   8.9   1   3   2.2e-11   3.5e-09   37.5   2.2    38   222   340   505   336   510 0.70 -
evm.utg4972.23                       -            640 279631at33208        -            584   5.8e-18   66.5   8.9   2   3   2.6e-05    0.0041   17.5   0.2   135   224   509   594   504   599 0.89 -
evm.utg4972.23                       -            640 279631at33208        -            584   5.8e-18   66.5   8.9   3   3     0.034       5.3    7.2   0.0    40    71   597   630   592   638 0.61 -
evm.utg2303.45                       -            565 279631at33208        -            584   1.4e-17   65.3   3.4   1   4     0.015       2.3    8.4   0.0   498   532   272   306   261   315 0.85 -
evm.utg2303.45                       -            565 279631at33208        -            584   1.4e-17   65.3   3.4   2   4   7.2e-07   0.00011   22.7   0.2   137   231   315   402   310   423 0.85 -
evm.utg2303.45                       -            565 279631at33208        -            584   1.4e-17   65.3   3.4   3   4   5.3e-07   8.3e-05   23.1   0.0   440   532   427   521   411   523 0.83 -
evm.utg2303.45                       -            565 279631at33208        -            584   1.4e-17   65.3   3.4   4   4    0.0049      0.76   10.0   0.1   181   220   523   562   518   564 0.93 -
evm.utg1337.6                        -            914 279631at33208        -            584   1.4e-17   65.2   7.8   1   3   7.1e-11   1.1e-08   35.9   1.5    41   298   617   774   614   783 0.47 -
evm.utg1337.6                        -            914 279631at33208        -            584   1.4e-17   65.2   7.8   2   3   4.1e-05    0.0065   16.8   0.2   135   225   783   869   780   874 0.88 -
evm.utg1337.6                        -            914 279631at33208        -            584   1.4e-17   65.2   7.8   3   3     0.051         8    6.6   0.0    40    71   871   904   866   912 0.61 -
evm.utg293.35                        -            341 279631at33208        -            584   1.5e-17   65.2   0.0   1   4   1.2e-05    0.0019   18.6   0.1   495   534    49    88    37    97 0.64 -
evm.utg293.35                        -            341 279631at33208        -            584   1.5e-17   65.2   0.0   2   4   4.6e-06   0.00072   20.0   0.0   111   225   107   219    90   223 0.78 -
evm.utg293.35                        -            341 279631at33208        -            584   1.5e-17   65.2   0.0   3   4      0.26        41    4.3   0.0   135   172   220   257   217   260 0.87 -
evm.utg293.35                        -            341 279631at33208        -            584   1.5e-17   65.2   0.0   4   4   1.3e-05    0.0021   18.5   0.0    88   168   257   339   255   340 0.90 -
evm.utg435.1                         -            468 279631at33208        -            584   2.1e-17   64.7   0.6   1   5   7.6e-05     0.012   16.0   0.0   452   532   139   224   135   232 0.82 -
evm.utg435.1                         -            468 279631at33208        -            584   2.1e-17   64.7   0.6   2   5   0.00017     0.026   14.9   0.0   187   226   232   271   225   273 0.91 -
evm.utg435.1                         -            468 279631at33208        -            584   2.1e-17   64.7   0.6   3   5   0.00014     0.022   15.1   0.0   136   176   272   312   268   325 0.84 -
evm.utg435.1                         -            468 279631at33208        -            584   2.1e-17   64.7   0.6   4   5       4.4   6.8e+02    0.3   0.0    44    74   317   350   306   367 0.65 -
evm.utg435.1                         -            468 279631at33208        -            584   2.1e-17   64.7   0.6   5   5   0.00045      0.07   13.4   0.2   141   170   373   402   354   408 0.92 -
evm.utg7048.1                        -            362 279631at33208        -            584   2.9e-17   64.2   0.8   1   5   9.2e-06    0.0014   19.0   0.0   452   532    32   117    28   125 0.82 -
evm.utg7048.1                        -            362 279631at33208        -            584   2.9e-17   64.2   0.8   2   5   0.00011     0.018   15.4   0.0   187   226   125   164   117   166 0.91 -
evm.utg7048.1                        -            362 279631at33208        -            584   2.9e-17   64.2   0.8   3   5   0.00013     0.021   15.2   0.0   136   174   165   203   160   214 0.87 -
evm.utg7048.1                        -            362 279631at33208        -            584   2.9e-17   64.2   0.8   4   5       2.3   3.6e+02    1.2   0.0    45    75   211   244   201   260 0.71 -
evm.utg7048.1                        -            362 279631at33208        -            584   2.9e-17   64.2   0.8   5   5     0.013         2    8.6   0.2   141   170   266   296   261   302 0.82 -
evm.utg101.131                       -            607 279631at33208        -            584   3.2e-17   64.1   3.0   1   3   2.9e-08   4.6e-06   27.3   0.1   448   530     5    89     2    98 0.88 -
evm.utg101.131                       -            607 279631at33208        -            584   3.2e-17   64.1   3.0   2   3   2.9e-06   0.00046   20.6   0.3   441   529    85   176    84   180 0.85 -
evm.utg101.131                       -            607 279631at33208        -            584   3.2e-17   64.1   3.0   3   3   1.3e-07     2e-05   25.1   0.1   137   246   140   247   139   259 0.79 -
evm.utg411.25                        -            871 279631at33208        -            584   3.8e-17   63.8   1.5   1   4    0.0022      0.34   11.2   0.0   460   528    98   171    72   185 0.71 -
evm.utg411.25                        -            871 279631at33208        -            584   3.8e-17   63.8   1.5   2   4   0.00015     0.024   15.0   0.0   444   539   292   387   286   398 0.82 -
evm.utg411.25                        -            871 279631at33208        -            584   3.8e-17   63.8   1.5   3   4   2.5e-05    0.0039   17.6   0.0   406   488   344   421   328   431 0.88 -
evm.utg411.25                        -            871 279631at33208        -            584   3.8e-17   63.8   1.5   4   4   4.4e-09     7e-07   29.9   0.0   416   537   439   555   433   557 0.89 -
evm.utg470.32                        -           1060 279631at33208        -            584   4.5e-17   63.6   1.1   1   4     0.008       1.3    9.3   0.1   180   227    51    99    33   150 0.59 -
evm.utg470.32                        -           1060 279631at33208        -            584   4.5e-17   63.6   1.1   2   4   0.00047     0.074   13.4   0.0   456   538   368   450   348   487 0.61 -
evm.utg470.32                        -           1060 279631at33208        -            584   4.5e-17   63.6   1.1   3   4   3.5e-09   5.5e-07   30.3   0.0   109   229   507   626   501   637 0.85 -
evm.utg470.32                        -           1060 279631at33208        -            584   4.5e-17   63.6   1.1   4   4      0.19        30    4.7   0.1   153   170   642   659   624   665 0.61 -
evm.utg5290.27.1.5c22f1dc            -            533 279631at33208        -            584   4.5e-17   63.6   3.6   1   4     0.018       2.8    8.2   0.0   499   532   241   274   230   283 0.84 -
evm.utg5290.27.1.5c22f1dc            -            533 279631at33208        -            584   4.5e-17   63.6   3.6   2   4   6.6e-07    0.0001   22.8   0.2   137   231   283   370   278   391 0.85 -
evm.utg5290.27.1.5c22f1dc            -            533 279631at33208        -            584   4.5e-17   63.6   3.6   3   4   1.3e-06    0.0002   21.9   0.0   440   532   395   489   379   491 0.83 -
evm.utg5290.27.1.5c22f1dc            -            533 279631at33208        -            584   4.5e-17   63.6   3.6   4   4    0.0052      0.81    9.9   0.0   181   220   491   530   486   532 0.93 -
evm.utg5290.27                       -            565 279631at33208        -            584   6.1e-17   63.2   3.6   1   4     0.019         3    8.1   0.0   499   532   273   306   262   315 0.84 -
evm.utg5290.27                       -            565 279631at33208        -            584   6.1e-17   63.2   3.6   2   4   7.2e-07   0.00011   22.7   0.2   137   231   315   402   310   423 0.85 -
evm.utg5290.27                       -            565 279631at33208        -            584   6.1e-17   63.2   3.6   3   4   1.4e-06   0.00022   21.7   0.0   440   532   427   521   411   523 0.83 -
evm.utg5290.27                       -            565 279631at33208        -            584   6.1e-17   63.2   3.6   4   4    0.0055      0.87    9.8   0.0   181   220   523   562   518   564 0.93 -
evm.utg2483.3                        -            367 279631at33208        -            584   1.1e-16   62.3   0.3   1   3     7e-09   1.1e-06   29.3   0.0   136   221   142   220   137   226 0.90 -
evm.utg2483.3                        -            367 279631at33208        -            584   1.1e-16   62.3   0.3   2   3   3.4e-10   5.4e-08   33.6   0.1   101   221   190   304   179   306 0.84 -
evm.utg2483.3                        -            367 279631at33208        -            584   1.1e-16   62.3   0.3   3   3      0.11        17    5.6   0.0   133   170   307   343   303   353 0.86 -
evm.utg2483.3.1.5c22edbc             -            367 279631at33208        -            584   1.1e-16   62.3   0.3   1   3     7e-09   1.1e-06   29.3   0.0   136   221   142   220   137   226 0.90 -
evm.utg2483.3.1.5c22edbc             -            367 279631at33208        -            584   1.1e-16   62.3   0.3   2   3   3.4e-10   5.4e-08   33.6   0.1   101   221   190   304   179   306 0.84 -
evm.utg2483.3.1.5c22edbc             -            367 279631at33208        -            584   1.1e-16   62.3   0.3   3   3      0.11        17    5.6   0.0   133   170   307   343   303   353 0.86 -
evm.utg7821.35                       -            557 279631at33208        -            584   2.9e-16   60.9   0.0   1   7       3.9   6.1e+02    0.4   0.0   439   476    30    69    23    74 0.83 -
evm.utg7821.35                       -            557 279631at33208        -            584   2.9e-16   60.9   0.0   2   7   0.00013      0.02   15.2   0.0   434   530    73   167    57   175 0.82 -
evm.utg7821.35                       -            557 279631at33208        -            584   2.9e-16   60.9   0.0   3   7    0.0011      0.17   12.1   0.0   188   220   185   217   182   237 0.84 -
evm.utg7821.35                       -            557 279631at33208        -            584   2.9e-16   60.9   0.0   4   7     0.058       9.1    6.4   0.0   184   220   267   303   264   309 0.93 -
evm.utg7821.35                       -            557 279631at33208        -            584   2.9e-16   60.9   0.0   5   7         9   1.4e+03   -0.8   0.0   267   297   312   339   307   354 0.66 -
evm.utg7821.35                       -            557 279631at33208        -            584   2.9e-16   60.9   0.0   6   7    0.0022      0.34   11.1   0.0   464   529   444   509   407   513 0.77 -
evm.utg7821.35                       -            557 279631at33208        -            584   2.9e-16   60.9   0.0   7   7      0.12        19    5.4   0.0   143   169   528   553   514   556 0.68 -
evm.utg405.2                         -            495 279631at33208        -            584   4.4e-16   60.3   2.1   1   3   1.9e-09     3e-07   31.1   0.0   137   298   152   307   132   309 0.89 -
evm.utg405.2                         -            495 279631at33208        -            584   4.4e-16   60.3   2.1   2   3   6.5e-07    0.0001   22.8   1.7   442   529   306   394   304   411 0.91 -
evm.utg405.2                         -            495 279631at33208        -            584   4.4e-16   60.3   2.1   3   3      0.11        17    5.6   0.0   461   533   411   490   398   492 0.71 -
evm.utg736.53                        -            495 279631at33208        -            584   6.2e-16   59.8   2.3   1   3   2.5e-09   3.9e-07   30.8   0.0   137   298   152   307   132   309 0.88 -
evm.utg736.53                        -            495 279631at33208        -            584   6.2e-16   59.8   2.3   2   3   7.8e-07   0.00012   22.5   1.7   442   529   306   394   304   398 0.92 -
evm.utg736.53                        -            495 279631at33208        -            584   6.2e-16   59.8   2.3   3   3      0.13        20    5.3   0.0   461   533   411   490   408   492 0.68 -
evm.utg14.76                         -            335 279631at33208        -            584   1.2e-15   58.9   4.7   1   4      0.34        54    3.9   0.2    66    99    17    50     6    59 0.78 -
evm.utg14.76                         -            335 279631at33208        -            584   1.2e-15   58.9   4.7   2   4    0.0013       0.2   12.0   0.0   136   172    58    94    55   104 0.89 -
evm.utg14.76                         -            335 279631at33208        -            584   1.2e-15   58.9   4.7   3   4   5.8e-08   9.2e-06   26.3   0.0   111   209   157   259   139   276 0.79 -
evm.utg14.76                         -            335 279631at33208        -            584   1.2e-15   58.9   4.7   4   4    0.0027      0.43   10.8   0.1   439   487   284   332   279   334 0.89 -
evm.utg801.96                        -            430 279631at33208        -            584   1.2e-15   58.9   7.4   1   3   3.8e-08   5.9e-06   26.9   1.1   136   222   175   263   169   269 0.85 -
evm.utg801.96                        -            430 279631at33208        -            584   1.2e-15   58.9   7.4   2   3   1.7e-07   2.7e-05   24.7   0.2   135   220   270   351   263   359 0.79 -
evm.utg801.96                        -            430 279631at33208        -            584   1.2e-15   58.9   7.4   3   3    0.0053      0.83    9.9   0.0   265   299   372   406   368   420 0.66 -
evm.utg699.93                        -            360 279631at33208        -            584   1.9e-15   58.2   0.0   1   4      0.01       1.6    8.9   0.0   135   221     7    96     1   100 0.63 -
evm.utg699.93                        -            360 279631at33208        -            584   1.9e-15   58.2   0.0   2   4   5.5e-08   8.6e-06   26.3   0.1   418   529    67   174    54   183 0.52 -
evm.utg699.93                        -            360 279631at33208        -            584   1.9e-15   58.2   0.0   3   4   1.1e-05    0.0017   18.7   0.0   136   218   181   255   175   264 0.82 -
evm.utg699.93                        -            360 279631at33208        -            584   1.9e-15   58.2   0.0   4   4       1.7   2.7e+02    1.6   0.0   321   348   270   297   265   311 0.86 -
evm.utg376.68.1.5c22efd2             -            978 279631at33208        -            584   2.2e-15   58.0   0.7   1   3       1.7   2.7e+02    1.6   0.0   186   230    11    55     4    60 0.85 -
evm.utg376.68.1.5c22efd2             -            978 279631at33208        -            584   2.2e-15   58.0   0.7   2   3     6e-10   9.5e-08   32.8   1.5   101   220    57   173    26   177 0.79 -
evm.utg376.68.1.5c22efd2             -            978 279631at33208        -            584   2.2e-15   58.0   0.7   3   3   5.8e-06   0.00091   19.7   0.0   135   221   179   260   175   271 0.85 -
evm.utg376.68                        -            977 279631at33208        -            584   2.2e-15   58.0   0.7   1   3       1.7   2.7e+02    1.6   0.0   186   230    11    55     4    60 0.85 -
evm.utg376.68                        -            977 279631at33208        -            584   2.2e-15   58.0   0.7   2   3   6.1e-10   9.6e-08   32.8   1.5   101   220    57   173    26   177 0.79 -
evm.utg376.68                        -            977 279631at33208        -            584   2.2e-15   58.0   0.7   3   3   5.8e-06   0.00091   19.7   0.0   135   221   179   260   175   271 0.85 -
evm.utg245.62                        -            499 279631at33208        -            584   2.5e-15   57.9   2.1   1   3     0.029       4.6    7.4   0.1    78   153   201   276   185   296 0.59 -
evm.utg245.62                        -            499 279631at33208        -            584   2.5e-15   57.9   2.1   2   3     2e-07   3.1e-05   24.5   0.0   129   227   295   395   281   400 0.89 -
evm.utg245.62                        -            499 279631at33208        -            584   2.5e-15   57.9   2.1   3   3     3e-07   4.6e-05   23.9   0.2   436   498   421   483   401   493 0.85 -
evm.utg13607.5                       -           1071 279631at33208        -            584   3.6e-15   57.3   0.6   1   3       3.2     5e+02    0.7   0.0   186   230    11    55     5    60 0.84 -
evm.utg13607.5                       -           1071 279631at33208        -            584   3.6e-15   57.3   0.6   2   3   6.6e-10     1e-07   32.7   0.5   105   219    61   172    45   176 0.83 -
evm.utg13607.5                       -           1071 279631at33208        -            584   3.6e-15   57.3   0.6   3   3   6.2e-06   0.00097   19.6   0.0   135   220   179   259   173   270 0.85 -
evm.utg788.89                        -            256 279631at33208        -            584   4.7e-15   56.9   6.1   1   3   2.5e-10   3.9e-08   34.1   0.2   138   225    11    95     2   100 0.84 -
evm.utg788.89                        -            256 279631at33208        -            584   4.7e-15   56.9   6.1   2   3      0.13        21    5.3   0.2   188   257   102   176    98   203 0.68 -
evm.utg788.89                        -            256 279631at33208        -            584   4.7e-15   56.9   6.1   3   3   7.2e-06    0.0011   19.4   0.2   132   169   203   244   183   249 0.80 -
evm.utg73.56                         -            309 279631at33208        -            584   4.8e-15   56.9   0.2   1   4   4.7e-07   7.4e-05   23.3   0.0   134   226    10    97     6   100 0.87 -
evm.utg73.56                         -            309 279631at33208        -            584   4.8e-15   56.9   0.2   2   4   3.1e-06   0.00049   20.6   0.1   408   489    57   135    51   171 0.83 -
evm.utg73.56                         -            309 279631at33208        -            584   4.8e-15   56.9   0.2   3   4    0.0077       1.2    9.3   0.2    80   167   116   212    98   217 0.51 -
evm.utg73.56                         -            309 279631at33208        -            584   4.8e-15   56.9   0.2   4   4   1.7e-06   0.00026   21.5   0.1   111   220   196   303   137   306 0.78 -
evm.utg10470.3.1.5c22e808            -            577 279631at33208        -            584   5.6e-15   56.7   0.4   1   3      0.25        40    4.3   0.0   135   173   336   373   331   380 0.84 -
evm.utg10470.3.1.5c22e808            -            577 279631at33208        -            584   5.6e-15   56.7   0.4   2   3   3.7e-10   5.8e-08   33.5   0.0   135   221   408   487   395   491 0.90 -
evm.utg10470.3.1.5c22e808            -            577 279631at33208        -            584   5.6e-15   56.7   0.4   3   3   0.00034     0.053   13.8   0.0   259   301   487   528   485   546 0.77 -
evm.utg798.40                        -            320 279631at33208        -            584   1.3e-14   55.5   1.0   1   3   5.2e-07   8.2e-05   23.1   0.0   152   220    72   136    57   142 0.82 -
evm.utg798.40                        -            320 279631at33208        -            584   1.3e-14   55.5   1.0   2   3   9.9e-08   1.6e-05   25.5   0.3   186   326   146   294   137   299 0.78 -
evm.utg798.40                        -            320 279631at33208        -            584   1.3e-14   55.5   1.0   3   3    0.0011      0.18   12.1   0.0   136   220   233   312   224   319 0.65 -
evm.utg183.39                        -           1787 279631at33208        -            584   1.4e-14   55.4   0.2   1   3   7.9e-10   1.2e-07   32.4   0.0   114   221   192   298   165   311 0.84 -
evm.utg183.39                        -           1787 279631at33208        -            584   1.4e-14   55.4   0.2   2   3   0.00023     0.036   14.4   0.0   152   224   328   395   319   401 0.75 -
evm.utg183.39                        -           1787 279631at33208        -            584   1.4e-14   55.4   0.2   3   3      0.33        53    3.9   0.1   158   227   437   500   416   537 0.61 -
evm.utg1005.5                        -            983 279631at33208        -            584   1.5e-14   55.3   6.3   1   4   3.6e-07   5.6e-05   23.7   0.9   452   528   690   765   676   767 0.83 -
evm.utg1005.5                        -            983 279631at33208        -            584   1.5e-14   55.3   6.3   2   4   3.6e-10   5.7e-08   33.5   0.1   102   227   739   865   726   870 0.84 -
evm.utg1005.5                        -            983 279631at33208        -            584   1.5e-14   55.3   6.3   3   4   0.00048     0.076   13.3   0.1   437   494   849   906   827   937 0.73 -
evm.utg1005.5                        -            983 279631at33208        -            584   1.5e-14   55.3   6.3   4   4     0.029       4.5    7.5   0.1   112   171   920   981   885   982 0.69 -
evm.utg6072.16                       -            506 279631at33208        -            584   1.6e-14   55.1   0.4   1   3   1.8e-06   0.00028   21.4   0.1   186   221   205   241   195   249 0.86 -
evm.utg6072.16                       -            506 279631at33208        -            584   1.6e-14   55.1   0.4   2   3    0.0097       1.5    9.0   0.0   269   299   252   281   245   300 0.84 -
evm.utg6072.16                       -            506 279631at33208        -            584   1.6e-14   55.1   0.4   3   3   5.5e-06   0.00086   19.7   0.0   434   537   362   470   339   480 0.80 -
evm.utg777.49.1.5c22f40d             -            577 279631at33208        -            584   1.7e-14   55.1   0.5   1   3      0.46        72    3.5   0.0   135   172   336   372   330   379 0.80 -
evm.utg777.49.1.5c22f40d             -            577 279631at33208        -            584   1.7e-14   55.1   0.5   2   3   3.6e-10   5.7e-08   33.5   0.0   135   222   408   488   397   492 0.90 -
evm.utg777.49.1.5c22f40d             -            577 279631at33208        -            584   1.7e-14   55.1   0.5   3   3   0.00042     0.066   13.5   0.0   137   198   494   548   487   563 0.53 -
evm.utg861.53                        -            556 279631at33208        -            584   1.9e-14   55.0   0.0   1   3   0.00075      0.12   12.7   0.1   493   530   248   285   238   288 0.86 -
evm.utg861.53                        -            556 279631at33208        -            584   1.9e-14   55.0   0.0   2   3   2.4e-07   3.8e-05   24.2   0.0   409   521   254   365   251   371 0.80 -
evm.utg861.53                        -            556 279631at33208        -            584   1.9e-14   55.0   0.0   3   3   6.6e-08     1e-05   26.1   0.0   152   220   481   543   470   551 0.85 -
evm.utg4972.23.1.5c22f18a            -            555 279631at33208        -            584   2.8e-14   54.4   4.1   1   2    0.0035      0.55   10.5   0.0    38    74   340   378   334   384 0.82 -
evm.utg4972.23.1.5c22f18a            -            555 279631at33208        -            584   2.8e-14   54.4   4.1   2   2   3.1e-06   0.00049   20.5   0.1   134   222   468   547   466   552 0.87 -
evm.utg577.63                        -            506 279631at33208        -            584     4e-14   53.8   0.1   1   3     1e-05    0.0016   18.9   0.1   187   221   206   241   202   250 0.86 -
evm.utg577.63                        -            506 279631at33208        -            584     4e-14   53.8   0.1   2   3    0.0057       0.9    9.8   0.0   269   301   252   283   246   336 0.82 -
evm.utg577.63                        -            506 279631at33208        -            584     4e-14   53.8   0.1   3   3   3.7e-06   0.00057   20.3   0.0   434   537   362   470   339   480 0.79 -
evm.utg73.142.1.5c22f3bd             -            561 279631at33208        -            584   4.4e-14   53.7   1.1   1   3      0.49        77    3.4   0.1   505   580   235   306   223   306 0.65 -
evm.utg73.142.1.5c22f3bd             -            561 279631at33208        -            584   4.4e-14   53.7   1.1   2   3   4.3e-09   6.7e-07   30.0   0.0   429   532   294   396   269   401 0.90 -
evm.utg73.142.1.5c22f3bd             -            561 279631at33208        -            584   4.4e-14   53.7   1.1   3   3   1.3e-05     0.002   18.5   0.2   135   218   401   475   394   479 0.85 -
evm.utg439.49                        -            578 279631at33208        -            584   5.2e-14   53.5   1.3   1   2   7.1e-08   1.1e-05   26.0   0.0    88   222   233   362   219   382 0.86 -
evm.utg439.49                        -            578 279631at33208        -            584   5.2e-14   53.5   1.3   2   2   1.5e-06   0.00023   21.6   2.0   112   295   385   573   368   577 0.80 -
evm.utg2159.31.4.5c22ed19.1.5c2791f0 -           1007 279631at33208        -            584   5.6e-14   53.4   7.5   1   4   0.00012     0.018   15.4   0.5   128   222   405   489   365   493 0.70 -
evm.utg2159.31.4.5c22ed19.1.5c2791f0 -           1007 279631at33208        -            584   5.6e-14   53.4   7.5   2   4   2.8e-10   4.4e-08   33.9   2.2    65   231   409   580   399   588 0.75 -
evm.utg2159.31.4.5c22ed19.1.5c2791f0 -           1007 279631at33208        -            584   5.6e-14   53.4   7.5   3   4       4.4   6.9e+02    0.2   0.0    20    62   594   640   576   662 0.51 -
evm.utg2159.31.4.5c22ed19.1.5c2791f0 -           1007 279631at33208        -            584   5.6e-14   53.4   7.5   4   4     8e-06    0.0013   19.2   0.1    36   119   663   750   639   757 0.81 -
evm.utg577.102                       -            912 279631at33208        -            584   7.8e-14   52.9   6.9   1   3   2.4e-05    0.0038   17.6   0.2   135   219   608   681   593   689 0.82 -
evm.utg577.102                       -            912 279631at33208        -            584   7.8e-14   52.9   6.9   2   3   4.8e-08   7.6e-06   26.5   2.6   136   290   689   833   681   836 0.72 -
evm.utg577.102                       -            912 279631at33208        -            584   7.8e-14   52.9   6.9   3   3      0.02       3.2    8.0   0.0   184   233   850   897   806   903 0.61 -
evm.utg777.49.2.5c22f40d             -            602 279631at33208        -            584   8.6e-14   52.8   0.6   1   3      0.48        76    3.4   0.0   135   173   336   373   331   380 0.80 -
evm.utg777.49.2.5c22f40d             -            602 279631at33208        -            584   8.6e-14   52.8   0.6   2   3     4e-10   6.4e-08   33.4   0.0   135   222   408   488   399   492 0.91 -
evm.utg777.49.2.5c22f40d             -            602 279631at33208        -            584   8.6e-14   52.8   0.6   3   3    0.0011      0.18   12.1   0.0   261   299   489   526   485   537 0.61 -
evm.utg194.98                        -            510 279631at33208        -            584   1.4e-13   52.1   0.4   1   4     4e-06   0.00063   20.2   0.4   112   215   238   335   230   348 0.81 -
evm.utg194.98                        -            510 279631at33208        -            584   1.4e-13   52.1   0.4   2   4   4.5e-07     7e-05   23.3   0.1   437   529   289   383   285   393 0.83 -
evm.utg194.98                        -            510 279631at33208        -            584   1.4e-13   52.1   0.4   3   4   2.9e-05    0.0045   17.4   0.0   109   183   363   438   352   445 0.79 -
evm.utg194.98                        -            510 279631at33208        -            584   1.4e-13   52.1   0.4   4   4     0.012       1.9    8.7   0.0   440   486   462   508   456   509 0.88 -
evm.utg2159.31.3.5c22ed19            -           1403 279631at33208        -            584   1.4e-13   52.1   6.9   1   3   3.4e-10   5.4e-08   33.6   1.9    64   231   408   580   397   588 0.76 -
evm.utg2159.31.3.5c22ed19            -           1403 279631at33208        -            584   1.4e-13   52.1   6.9   2   3       9.1   1.4e+03   -0.8   0.0    10    61   585   639   576   656 0.56 -
evm.utg2159.31.3.5c22ed19            -           1403 279631at33208        -            584   1.4e-13   52.1   6.9   3   3   1.2e-05    0.0019   18.6   0.1    36   119   663   750   638   755 0.81 -
evm.utg2159.31.4.5c22ed19            -           1335 279631at33208        -            584   1.5e-13   52.0   7.2   1   4   0.00018     0.029   14.7   0.5   128   222   405   489   365   492 0.70 -
evm.utg2159.31.4.5c22ed19            -           1335 279631at33208        -            584   1.5e-13   52.0   7.2   2   4   3.6e-10   5.7e-08   33.6   1.9    64   231   408   580   398   586 0.75 -
evm.utg2159.31.4.5c22ed19            -           1335 279631at33208        -            584   1.5e-13   52.0   7.2   3   4       7.8   1.2e+03   -0.6   0.0    13    62   588   640   577   659 0.53 -
evm.utg2159.31.4.5c22ed19            -           1335 279631at33208        -            584   1.5e-13   52.0   7.2   4   4   1.1e-05    0.0018   18.7   0.1    36   119   663   750   638   755 0.81 -
evm.utg2159.31.1.5c22ed19            -           1510 279631at33208        -            584   2.2e-13   51.4   7.1   1   4    0.0002     0.032   14.6   0.5   129   222   406   489   366   493 0.71 -
evm.utg2159.31.1.5c22ed19            -           1510 279631at33208        -            584   2.2e-13   51.4   7.1   2   4   7.1e-10   1.1e-07   32.6   3.1    64   232   408   581   397   614 0.77 -
evm.utg2159.31.1.5c22ed19            -           1510 279631at33208        -            584   2.2e-13   51.4   7.1   3   4       7.3   1.1e+03   -0.5   0.0    20    62   594   640   576   661 0.51 -
evm.utg2159.31.1.5c22ed19            -           1510 279631at33208        -            584   2.2e-13   51.4   7.1   4   4   1.2e-05     0.002   18.6   0.1    36   119   663   750   635   755 0.80 -
evm.utg2159.31.2.5c22ed19            -           1510 279631at33208        -            584   2.2e-13   51.4   7.1   1   4    0.0002     0.032   14.6   0.5   129   222   406   489   366   493 0.71 -
evm.utg2159.31.2.5c22ed19            -           1510 279631at33208        -            584   2.2e-13   51.4   7.1   2   4   7.1e-10   1.1e-07   32.6   3.1    64   232   408   581   397   614 0.77 -
evm.utg2159.31.2.5c22ed19            -           1510 279631at33208        -            584   2.2e-13   51.4   7.1   3   4       7.3   1.1e+03   -0.5   0.0    20    62   594   640   576   661 0.51 -
evm.utg2159.31.2.5c22ed19            -           1510 279631at33208        -            584   2.2e-13   51.4   7.1   4   4   1.2e-05     0.002   18.6   0.1    36   119   663   750   635   755 0.80 -
evm.utg2159.31                       -           1576 279631at33208        -            584   2.3e-13   51.4   6.9   1   4   0.00021     0.033   14.5   0.4   129   222   406   489   366   493 0.71 -
evm.utg2159.31                       -           1576 279631at33208        -            584   2.3e-13   51.4   6.9   2   4   7.9e-10   1.2e-07   32.4   2.8    65   232   409   581   404   609 0.77 -
evm.utg2159.31                       -           1576 279631at33208        -            584   2.3e-13   51.4   6.9   3   4       7.4   1.2e+03   -0.5   0.0    19    62   593   640   575   661 0.52 -
evm.utg2159.31                       -           1576 279631at33208        -            584   2.3e-13   51.4   6.9   4   4   1.3e-05    0.0021   18.5   0.1    36   119   663   750   636   756 0.81 -
evm.utg26120.19.1.5c2792a7           -            291 279631at33208        -            584   3.6e-13   50.7   1.7   1   4       1.3     2e+02    2.0   0.0   137   168    26    57     5    75 0.65 -
evm.utg26120.19.1.5c2792a7           -            291 279631at33208        -            584   3.6e-13   50.7   1.7   2   4   0.00022     0.035   14.4   0.1   452   487   114   149   105   175 0.85 -
evm.utg26120.19.1.5c2792a7           -            291 279631at33208        -            584   3.6e-13   50.7   1.7   3   4   1.1e-05    0.0017   18.8   0.0   178   219   193   234   162   241 0.89 -
evm.utg26120.19.1.5c2792a7           -            291 279631at33208        -            584   3.6e-13   50.7   1.7   4   4    0.0011      0.18   12.1   0.0   135   176   242   283   234   289 0.65 -
evm.utg73.80                         -            359 279631at33208        -            584   4.5e-13   50.4   7.0   1   4     0.005      0.79   10.0   0.3   469   529    60   118    38   127 0.52 -
evm.utg73.80                         -            359 279631at33208        -            584   4.5e-13   50.4   7.0   2   4   3.1e-09   4.8e-07   30.5   0.2   450   532   126   207   122   214 0.88 -
evm.utg73.80                         -            359 279631at33208        -            584   4.5e-13   50.4   7.0   3   4      0.71   1.1e+02    2.9   0.0   416   466   223   273   219   280 0.90 -
evm.utg73.80                         -            359 279631at33208        -            584   4.5e-13   50.4   7.0   4   4     0.013         2    8.6   0.1    63   100   266   303   262   312 0.74 -
evm.utg2967.37                       -            683 279631at33208        -            584   4.9e-13   50.3   0.0   1   3   7.6e-08   1.2e-05   25.9   0.0   106   220    24   133     4   137 0.79 -
evm.utg2967.37                       -            683 279631at33208        -            584   4.9e-13   50.3   0.0   2   3    0.0091       1.4    9.1   0.0   265   298   140   172   135   182 0.87 -
evm.utg2967.37                       -            683 279631at33208        -            584   4.9e-13   50.3   0.0   3   3   0.00047     0.074   13.3   0.0   442   532   171   261   168   268 0.86 -
evm.utg243.69                        -           1751 279631at33208        -            584   5.4e-13   50.1   7.8   1   3     0.019         3    8.1   2.6   151   230    72   145    50   252 0.69 -
evm.utg243.69                        -           1751 279631at33208        -            584   5.4e-13   50.1   7.8   2   3   0.00026      0.04   14.2   0.1   183   224   307   348   280   400 0.77 -
evm.utg243.69                        -           1751 279631at33208        -            584   5.4e-13   50.1   7.8   3   3   8.4e-08   1.3e-05   25.7   0.0    12   262   408   694   397   709 0.68 -
evm.utg4082.42                       -            401 279631at33208        -            584   7.4e-13   49.7   0.3   1   3   1.6e-08   2.6e-06   28.1   0.0   138   220    34   109    16   114 0.85 -
evm.utg4082.42                       -            401 279631at33208        -            584   7.4e-13   49.7   0.3   2   3    0.0023      0.36   11.1   0.0   185   222   116   153   110   168 0.87 -
evm.utg4082.42                       -            401 279631at33208        -            584   7.4e-13   49.7   0.3   3   3     0.049       7.7    6.7   0.0   108   173   208   283   196   292 0.72 -
evm.utg5774.3.1.5c22f241             -            362 279631at33208        -            584   7.4e-13   49.7   1.7   1   4       1.8   2.9e+02    1.5   0.0   137   168    26    57     6    75 0.64 -
evm.utg5774.3.1.5c22f241             -            362 279631at33208        -            584   7.4e-13   49.7   1.7   2   4    0.0004     0.062   13.6   0.0   453   487   115   149   105   155 0.86 -
evm.utg5774.3.1.5c22f241             -            362 279631at33208        -            584   7.4e-13   49.7   1.7   3   4   8.7e-06    0.0014   19.1   0.0   178   219   193   234   182   242 0.88 -
evm.utg5774.3.1.5c22f241             -            362 279631at33208        -            584   7.4e-13   49.7   1.7   4   4   3.3e-08   5.2e-06   27.1   0.1   136   220   200   278   198   282 0.94 -
evm.utg2967.37.2.5c22ee73            -            682 279631at33208        -            584   8.7e-13   49.4   0.0   1   3   1.3e-07     2e-05   25.1   0.0   111   220    28   132     8   138 0.83 -
evm.utg2967.37.2.5c22ee73            -            682 279631at33208        -            584   8.7e-13   49.4   0.0   2   3    0.0091       1.4    9.1   0.0   265   298   139   171   133   180 0.87 -
evm.utg2967.37.2.5c22ee73            -            682 279631at33208        -            584   8.7e-13   49.4   0.0   3   3   0.00047     0.074   13.4   0.0   442   532   170   260   167   267 0.86 -
evm.utg2017.23                       -           1116 279631at33208        -            584   9.9e-13   49.3   3.7   1   3      0.24        38    4.4   0.0   269   301    12    43     5    53 0.86 -
evm.utg2017.23                       -           1116 279631at33208        -            584   9.9e-13   49.3   3.7   2   3   4.6e-09   7.3e-07   29.9   0.0   111   221   104   215    92   222 0.90 -
evm.utg2017.23                       -           1116 279631at33208        -            584   9.9e-13   49.3   3.7   3   3   0.00029     0.045   14.1   0.3   187   228   225   266   214   269 0.88 -
evm.utg1285.72                       -           1198 279631at33208        -            584   1.1e-12   49.2   0.1   1   3     0.041       6.4    7.0   0.0   410   468   942  1000   936  1012 0.76 -
evm.utg1285.72                       -           1198 279631at33208        -            584   1.1e-12   49.2   0.1   2   3   0.00058     0.091   13.1   0.0   136   208  1031  1094  1004  1099 0.73 -
evm.utg1285.72                       -           1198 279631at33208        -            584   1.1e-12   49.2   0.1   3   3   0.00012      0.02   15.3   0.1   179   220  1155  1196  1144  1197 0.83 -
evm.utg2323.5                        -            681 279631at33208        -            584   1.1e-12   49.1   0.0   1   3   5.6e-08   8.7e-06   26.3   0.0   106   220    24   133     4   138 0.79 -
evm.utg2323.5                        -            681 279631at33208        -            584   1.1e-12   49.1   0.0   2   3    0.0094       1.5    9.1   0.0   265   298   140   172   136   181 0.87 -
evm.utg2323.5                        -            681 279631at33208        -            584   1.1e-12   49.1   0.0   3   3     0.084        13    5.9   0.0   112   164   198   252   197   258 0.77 -
evm.utg3872.12.1.5c22f029            -            412 279631at33208        -            584   1.1e-12   49.1   1.0   1   3   1.1e-05    0.0017   18.7   0.0   465   532   119   193   116   201 0.76 -
evm.utg3872.12.1.5c22f029            -            412 279631at33208        -            584   1.1e-12   49.1   1.0   2   3   3.1e-06   0.00049   20.6   0.6   456   535   203   281   195   325 0.77 -
evm.utg3872.12.1.5c22f029            -            412 279631at33208        -            584   1.1e-12   49.1   1.0   3   3     0.063       9.9    6.3   0.0   111   169   350   410   312   411 0.76 -
evm.utg7412.19                       -            738 279631at33208        -            584   1.1e-12   49.1   0.3   1   4    0.0006     0.094   13.0   0.0   186   223    92   129    60   135 0.75 -
evm.utg7412.19                       -            738 279631at33208        -            584   1.1e-12   49.1   0.3   2   4      0.03       4.7    7.4   0.0   138   172   135   170   129   207 0.73 -
evm.utg7412.19                       -            738 279631at33208        -            584   1.1e-12   49.1   0.3   3   4         1   1.6e+02    2.3   0.0   138   171   213   246   203   253 0.76 -
evm.utg7412.19                       -            738 279631at33208        -            584   1.1e-12   49.1   0.3   4   4   3.8e-06    0.0006   20.3   0.0   149   224   325   395   272   419 0.72 -
evm.utg26219.6                       -            683 279631at33208        -            584   1.3e-12   48.8   0.0   1   3   7.1e-08   1.1e-05   26.0   0.0   107   220    25   133     5   140 0.80 -
evm.utg26219.6                       -            683 279631at33208        -            584   1.3e-12   48.8   0.0   2   3    0.0098       1.5    9.0   0.0   265   298   140   172   136   180 0.87 -
evm.utg26219.6                       -            683 279631at33208        -            584   1.3e-12   48.8   0.0   3   3     0.017       2.7    8.2   0.0   110   163   196   251   183   268 0.58 -
evm.utg5774.3                        -            408 279631at33208        -            584   1.4e-12   48.7   2.6   1   4       2.2   3.4e+02    1.2   0.0   137   168    26    57     6    74 0.64 -
evm.utg5774.3                        -            408 279631at33208        -            584   1.4e-12   48.7   2.6   2   4   0.00035     0.055   13.8   0.1   453   487   115   149   105   178 0.85 -
evm.utg5774.3                        -            408 279631at33208        -            584   1.4e-12   48.7   2.6   3   4     1e-05    0.0016   18.8   0.0   178   219   193   234   182   242 0.88 -
evm.utg5774.3                        -            408 279631at33208        -            584   1.4e-12   48.7   2.6   4   4   3.7e-08   5.8e-06   26.9   0.1   136   220   200   278   198   284 0.94 -
evm.utg370.1                         -            190 279631at33208        -            584   1.5e-12   48.6   0.1   1   2   9.3e-09   1.5e-06   28.9   0.0   146   219    18    93     6   101 0.89 -
evm.utg370.1                         -            190 279631at33208        -            584   1.5e-12   48.6   0.1   2   2   1.8e-05    0.0029   18.0   0.1   186   219   122   155   105   168 0.74 -
evm.utg911.6.2.5c22f4f3.1.5c279873   -           1182 279631at33208        -            584   1.6e-12   48.6   0.3   1   4    0.0014      0.22   11.8   0.1   415   520    92   197    70   228 0.73 -
evm.utg911.6.2.5c22f4f3.1.5c279873   -           1182 279631at33208        -            584   1.6e-12   48.6   0.3   2   4       6.4     1e+03   -0.3   0.0   206   220   414   428   409   453 0.58 -
evm.utg911.6.2.5c22f4f3.1.5c279873   -           1182 279631at33208        -            584   1.6e-12   48.6   0.3   3   4   1.9e-05     0.003   17.9   0.0   112   229   488   607   477   632 0.77 -
evm.utg911.6.2.5c22f4f3.1.5c279873   -           1182 279631at33208        -            584   1.6e-12   48.6   0.3   4   4   0.00056     0.087   13.1   0.0   117   178   675   738   608   748 0.54 -
evm.utg1192.3.1.5c22e912             -           1870 279631at33208        -            584   1.9e-12   48.4   0.5   1   4    0.0018      0.28   11.4   0.0   414   520    91   197    88   228 0.78 -
evm.utg1192.3.1.5c22e912             -           1870 279631at33208        -            584   1.9e-12   48.4   0.5   2   4       6.7   1.1e+03   -0.4   0.0   516   530   413   427   345   451 0.71 -
evm.utg1192.3.1.5c22e912             -           1870 279631at33208        -            584   1.9e-12   48.4   0.5   3   4   1.3e-05     0.002   18.6   0.0   112   229   488   607   477   624 0.78 -
evm.utg1192.3.1.5c22e912             -           1870 279631at33208        -            584   1.9e-12   48.4   0.5   4   4   0.00057     0.089   13.1   0.0   418   529   621   729   611   748 0.52 -
evm.utg26120.19                      -            408 279631at33208        -            584     2e-12   48.3   2.2   1   4       2.2   3.4e+02    1.2   0.0   137   168    26    57     6    74 0.64 -
evm.utg26120.19                      -            408 279631at33208        -            584     2e-12   48.3   2.2   2   4   0.00035     0.055   13.8   0.1   453   487   115   149   105   178 0.85 -
evm.utg26120.19                      -            408 279631at33208        -            584     2e-12   48.3   2.2   3   4     2e-05    0.0031   17.9   0.0   178   219   193   234   182   242 0.88 -
evm.utg26120.19                      -            408 279631at33208        -            584     2e-12   48.3   2.2   4   4   2.7e-08   4.2e-06   27.4   0.1   135   220   199   278   196   287 0.94 -
evm.utg1192.3                        -           1939 279631at33208        -            584   2.2e-12   48.1   0.5   1   4    0.0019      0.29   11.4   0.0   414   520    91   197    88   228 0.78 -
evm.utg1192.3                        -           1939 279631at33208        -            584   2.2e-12   48.1   0.5   2   4         7   1.1e+03   -0.4   0.0   516   530   413   427   345   451 0.71 -
evm.utg1192.3                        -           1939 279631at33208        -            584   2.2e-12   48.1   0.5   3   4   1.3e-05    0.0021   18.5   0.0   112   229   488   607   477   624 0.78 -
evm.utg1192.3                        -           1939 279631at33208        -            584   2.2e-12   48.1   0.5   4   4   0.00059     0.093   13.0   0.0   418   529   621   729   611   748 0.52 -
evm.utg967.29                        -            325 279631at33208        -            584   2.3e-12   48.1   0.0   1   3      0.45        71    3.5   0.0   265   292     8    37     5    43 0.84 -
evm.utg967.29                        -            325 279631at33208        -            584   2.3e-12   48.1   0.0   2   3   2.8e-08   4.4e-06   27.3   0.4   437   529    79   170    56   180 0.84 -
evm.utg967.29                        -            325 279631at33208        -            584   2.3e-12   48.1   0.0   3   3    0.0028      0.44   10.8   0.0    90   170   204   294   179   301 0.66 -
evm.utg3872.12                       -            514 279631at33208        -            584   2.9e-12   47.7   0.9   1   3   1.6e-05    0.0025   18.2   0.0   465   532   221   295   218   302 0.76 -
evm.utg3872.12                       -            514 279631at33208        -            584   2.9e-12   47.7   0.9   2   3   4.7e-06   0.00073   20.0   0.4   456   532   305   380   297   405 0.74 -
evm.utg3872.12                       -            514 279631at33208        -            584   2.9e-12   47.7   0.9   3   3     0.075        12    6.1   0.0   111   169   452   512   394   513 0.77 -
evm.utg172.19                        -            489 279631at33208        -            584   3.5e-12   47.5   0.3   1   3   4.5e-07   7.1e-05   23.3   0.0   440   529   249   336   237   347 0.77 -
evm.utg172.19                        -            489 279631at33208        -            584   3.5e-12   47.5   0.3   2   3       1.4   2.2e+02    1.9   0.0   188   225   348   388   340   416 0.69 -
evm.utg172.19                        -            489 279631at33208        -            584   3.5e-12   47.5   0.3   3   3   1.6e-05    0.0026   18.2   0.0   436   498   416   478   394   487 0.83 -
evm.utg109.41.1.5c22e88a             -            506 279631at33208        -            584   5.3e-12   46.9   0.0   1   2   0.00082      0.13   12.6   0.0   186   221   347   382   336   387 0.90 -
evm.utg109.41.1.5c22e88a             -            506 279631at33208        -            584   5.3e-12   46.9   0.0   2   2   9.2e-10   1.4e-07   32.2   0.0   134   223   386   468   380   478 0.88 -
utg356.equina_smart_371689.mrna1     -            318 279631at33208        -            584   5.5e-12   46.8   2.6   1   2     0.003      0.48   10.7   0.0   112   263     9   155     7   198 0.78 -
utg356.equina_smart_371689.mrna1     -            318 279631at33208        -            584   5.5e-12   46.8   2.6   2   2   7.1e-11   1.1e-08   35.9   0.7   451   529   211   289   202   299 0.93 -
evm.utg911.6.2.5c22f4f3              -           1606 279631at33208        -            584   6.3e-12   46.6   0.2   1   4     0.002      0.32   11.3   0.1   415   520    92   197    73   228 0.73 -
evm.utg911.6.2.5c22f4f3              -           1606 279631at33208        -            584   6.3e-12   46.6   0.2   2   4         9   1.4e+03   -0.8   0.0   206   220   414   428   409   452 0.58 -
evm.utg911.6.2.5c22f4f3              -           1606 279631at33208        -            584   6.3e-12   46.6   0.2   3   4   2.5e-05     0.004   17.5   0.0   112   231   488   609   476   636 0.77 -
evm.utg911.6.2.5c22f4f3              -           1606 279631at33208        -            584   6.3e-12   46.6   0.2   4   4    0.0013       0.2   11.9   0.0   117   180   675   740   632   748 0.64 -
evm.utg911.6.1.5c22f4f3              -           1631 279631at33208        -            584   6.7e-12   46.5   0.2   1   4    0.0021      0.33   11.2   0.1   415   520    92   197    75   228 0.72 -
evm.utg911.6.1.5c22f4f3              -           1631 279631at33208        -            584   6.7e-12   46.5   0.2   2   4       9.1   1.4e+03   -0.8   0.0   206   220   414   428   409   452 0.58 -
evm.utg911.6.1.5c22f4f3              -           1631 279631at33208        -            584   6.7e-12   46.5   0.2   3   4   2.6e-05    0.0041   17.5   0.0   112   231   488   609   476   636 0.77 -
evm.utg911.6.1.5c22f4f3              -           1631 279631at33208        -            584   6.7e-12   46.5   0.2   4   4    0.0013       0.2   11.9   0.0   117   180   675   740   632   748 0.64 -
evm.utg911.6                         -           1632 279631at33208        -            584   6.7e-12   46.5   0.2   1   4    0.0021      0.33   11.2   0.1   415   520    92   197    75   228 0.72 -
evm.utg911.6                         -           1632 279631at33208        -            584   6.7e-12   46.5   0.2   2   4       9.2   1.4e+03   -0.8   0.0   206   220   414   428   409   452 0.58 -
evm.utg911.6                         -           1632 279631at33208        -            584   6.7e-12   46.5   0.2   3   4   2.6e-05    0.0041   17.5   0.0   112   231   488   609   476   636 0.77 -
evm.utg911.6                         -           1632 279631at33208        -            584   6.7e-12   46.5   0.2   4   4    0.0013       0.2   11.9   0.0   117   180   675   740   632   748 0.64 -
evm.utg9313.39                       -            342 279631at33208        -            584   6.9e-12   46.5   0.2   1   3   4.3e-09   6.7e-07   30.0   0.0   114   226    60   171    50   175 0.79 -
evm.utg9313.39                       -            342 279631at33208        -            584   6.9e-12   46.5   0.2   2   3    0.0025      0.39   11.0   0.1    30    76   190   238   170   294 0.71 -
evm.utg9313.39                       -            342 279631at33208        -            584   6.9e-12   46.5   0.2   3   3       2.3   3.6e+02    1.2   0.0   448   481   298   333   278   339 0.66 -
evm.utg2129.40                       -            418 279631at33208        -            584   1.4e-11   45.5   4.1   1   4   6.8e-06    0.0011   19.4   0.2   181   532    95   135    81   142 0.59 -
evm.utg2129.40                       -            418 279631at33208        -            584   1.4e-11   45.5   4.1   2   4   1.4e-06   0.00022   21.7   0.2   439   529   127   220   126   229 0.88 -
evm.utg2129.40                       -            418 279631at33208        -            584   1.4e-11   45.5   4.1   3   4      0.01       1.6    9.0   0.0   441   537   261   358   224   361 0.74 -
evm.utg2129.40                       -            418 279631at33208        -            584   1.4e-11   45.5   4.1   4   4      0.24        38    4.4   0.1   257   298   345   391   329   400 0.57 -
evm.utg579.18                        -            368 279631at33208        -            584   1.7e-11   45.2   0.0   1   5       4.6   7.2e+02    0.2   0.0   132   171    42    81    31    89 0.80 -
evm.utg579.18                        -            368 279631at33208        -            584   1.7e-11   45.2   0.0   2   5     0.018       2.8    8.2   0.0   136   181   109   155    64   162 0.77 -
evm.utg579.18                        -            368 279631at33208        -            584   1.7e-11   45.2   0.0   3   5   1.1e-05    0.0018   18.7   0.0   402   537   105   239    99   245 0.85 -
evm.utg579.18                        -            368 279631at33208        -            584   1.7e-11   45.2   0.0   4   5     3e-06   0.00048   20.6   0.0   435   539   177   285   174   291 0.79 -
evm.utg579.18                        -            368 279631at33208        -            584   1.7e-11   45.2   0.0   5   5    0.0075       1.2    9.4   0.0   101   168   292   362   279   365 0.76 -
evm.utg3260.7                        -            375 279631at33208        -            584   1.9e-11   45.0   0.8   1   3   1.7e-05    0.0027   18.1   0.0   451   533    23   102    17   137 0.88 -
evm.utg3260.7                        -            375 279631at33208        -            584   1.9e-11   45.0   0.8   2   3   0.00013     0.021   15.2   0.0   113   220   177   277   164   283 0.77 -
evm.utg3260.7                        -            375 279631at33208        -            584   1.9e-11   45.0   0.8   3   3      0.93   1.5e+02    2.5   0.0   200   220   337   357   311   367 0.58 -
evm.utg234.60.1.5c279240             -            226 279631at33208        -            584   2.6e-11   44.6   1.9   1   4      0.19        30    4.8   0.3    66    99    15    48     4    58 0.75 -
evm.utg234.60.1.5c279240             -            226 279631at33208        -            584   2.6e-11   44.6   1.9   2   4   0.00057     0.089   13.1   0.0   135   172    55    92    48   104 0.89 -
evm.utg234.60.1.5c279240             -            226 279631at33208        -            584   2.6e-11   44.6   1.9   3   4       1.3   2.1e+02    1.9   0.0   505   525   107   127   100   134 0.90 -
evm.utg234.60.1.5c279240             -            226 279631at33208        -            584   2.6e-11   44.6   1.9   4   4   2.9e-06   0.00045   20.7   0.0   439   487   168   216   148   221 0.86 -
evm.utg2129.40.1.5c22ed08            -            389 279631at33208        -            584   2.9e-11   44.4   2.0   1   3   7.7e-06    0.0012   19.3   0.2   180   530    94   133    79   137 0.61 -
evm.utg2129.40.1.5c22ed08            -            389 279631at33208        -            584   2.9e-11   44.4   2.0   2   3   1.2e-06   0.00018   22.0   0.2   439   529   127   220   126   230 0.88 -
evm.utg2129.40.1.5c22ed08            -            389 279631at33208        -            584   2.9e-11   44.4   2.0   3   3     0.011       1.8    8.8   0.0   441   533   261   354   225   367 0.75 -
evm.utg1748.16                       -            702 279631at33208        -            584     3e-11   44.4   7.9   1   4   6.5e-05      0.01   16.2   0.6   126   222   403   489   363   493 0.70 -
evm.utg1748.16                       -            702 279631at33208        -            584     3e-11   44.4   7.9   2   4   1.4e-09   2.2e-07   31.6   2.1    66   231   410   580   405   587 0.74 -
evm.utg1748.16                       -            702 279631at33208        -            584     3e-11   44.4   7.9   3   4   0.00019      0.03   14.6   0.2   470   544   509   580   504   631 0.70 -
evm.utg1748.16                       -            702 279631at33208        -            584     3e-11   44.4   7.9   4   4    0.0015      0.23   11.7   0.1   111   170   640   699   596   701 0.72 -
evm.utg693.67                        -           1677 279631at33208        -            584   3.5e-11   44.2  10.7   1   4     0.016       2.6    8.3   2.7   151   230    72   145    50   253 0.70 -
evm.utg693.67                        -           1677 279631at33208        -            584   3.5e-11   44.2  10.7   2   4     5e-05    0.0079   16.6   0.2   158   236   285   358   270   400 0.70 -
evm.utg693.67                        -           1677 279631at33208        -            584   3.5e-11   44.2  10.7   3   4      0.52        81    3.3   0.0   155   210   371   423   350   436 0.77 -
evm.utg693.67                        -           1677 279631at33208        -            584   3.5e-11   44.2  10.7   4   4   1.3e-05     0.002   18.5   0.1    14   261   410   692   403   708 0.65 -
evm.utg3283.18                       -            313 279631at33208        -            584   3.6e-11   44.1   0.2   1   3   1.8e-05    0.0028   18.0   0.0   451   532    23   101    17   107 0.90 -
evm.utg3283.18                       -            313 279631at33208        -            584   3.6e-11   44.1   0.2   2   3   0.00014     0.023   15.0   0.0   136   225    67   145    63   154 0.84 -
evm.utg3283.18                       -            313 279631at33208        -            584   3.6e-11   44.1   0.2   3   3   8.9e-05     0.014   15.7   0.0   113   220   177   277   164   285 0.77 -
evm.utg729.25.1.5c279763             -            740 279631at33208        -            584   3.8e-11   44.0   0.0   1   2   2.5e-05    0.0039   17.6   0.0   185   230   528   573   511   580 0.83 -
evm.utg729.25.1.5c279763             -            740 279631at33208        -            584   3.8e-11   44.0   0.0   2   2   2.3e-07   3.6e-05   24.3   0.0   137   220   582   669   578   677 0.89 -
evm.utg6477.2                        -            448 279631at33208        -            584     4e-11   44.0   0.2   1   3   9.7e-09   1.5e-06   28.8   0.0   114   226   166   277   156   284 0.79 -
evm.utg6477.2                        -            448 279631at33208        -            584     4e-11   44.0   0.2   2   3    0.0046      0.72   10.1   0.1    32    77   298   345   284   403 0.70 -
evm.utg6477.2                        -            448 279631at33208        -            584     4e-11   44.0   0.2   3   3       3.3   5.2e+02    0.6   0.0   449   481   405   439   384   445 0.66 -
evm.utg5513.6                        -           1208 279631at33208        -            584   4.7e-11   43.7   4.3   1   3   3.1e-07   4.8e-05   23.9   0.0   152   220   197   265   190   272 0.94 -
evm.utg5513.6                        -           1208 279631at33208        -            584   4.7e-11   43.7   4.3   2   3     0.013         2    8.6   0.0   471   527   296   351   290   367 0.86 -
evm.utg5513.6                        -           1208 279631at33208        -            584   4.7e-11   43.7   4.3   3   3    0.0098       1.5    9.0   0.1   140   222  1065  1153  1059  1168 0.70 -
evm.utg4709.34                       -            823 279631at33208        -            584     5e-11   43.6   1.0   1   3   4.6e-07   7.2e-05   23.3   0.1   183   225    13    55     3    60 0.90 -
evm.utg4709.34                       -            823 279631at33208        -            584     5e-11   43.6   1.0   2   3   0.00011     0.018   15.4   0.0   268   301    60    92    54   101 0.88 -
evm.utg4709.34                       -            823 279631at33208        -            584     5e-11   43.6   1.0   3   3       1.2   1.8e+02    2.1   0.0   267   293   248   273   231   285 0.81 -
evm.utg139908.1                      -            208 279631at33208        -            584   7.1e-11   43.1   0.0   1   2   0.00015     0.023   15.0   0.0   150   227     8    88     2   100 0.79 -
evm.utg139908.1                      -            208 279631at33208        -            584   7.1e-11   43.1   0.0   2   2   5.6e-08   8.7e-06   26.3   0.0   438   528   114   206   110   207 0.86 -
evm.utg498.144                       -           1008 279631at33208        -            584   7.8e-11   43.0   3.1   1   4   4.3e-06   0.00068   20.1   0.1   405   529   419   543   412   557 0.84 -
evm.utg498.144                       -           1008 279631at33208        -            584   7.8e-11   43.0   3.1   2   4       1.5   2.4e+02    1.8   0.0   475   530   579   633   563   645 0.70 -
evm.utg498.144                       -           1008 279631at33208        -            584   7.8e-11   43.0   3.1   3   4    0.0038       0.6   10.4   0.0   183   304   691   815   681   848 0.79 -
evm.utg498.144                       -           1008 279631at33208        -            584   7.8e-11   43.0   3.1   4   4     0.038       5.9    7.1   0.0   154   219   905   967   892   986 0.57 -
evm.utg1919.76                       -            679 279631at33208        -            584   8.4e-11   42.9   0.4   1   2     4e-05    0.0063   16.9   0.3   433   529    20   119    19   124 0.81 -
evm.utg1919.76                       -            679 279631at33208        -            584   8.4e-11   42.9   0.4   2   2     3e-06   0.00047   20.6   0.0   137   224   247   331   196   344 0.70 -
evm.utg1049.27                       -           1217 279631at33208        -            584   8.8e-11   42.8   0.2   1   4    0.0057      0.89    9.8   0.0   414   490    60   139    56   170 0.75 -
evm.utg1049.27                       -           1217 279631at33208        -            584   8.8e-11   42.8   0.2   2   4     0.031       4.8    7.4   0.0   131   179   359   407   326   442 0.81 -
evm.utg1049.27                       -           1217 279631at33208        -            584   8.8e-11   42.8   0.2   3   4    0.0018      0.29   11.4   0.0   442   485   476   522   466   561 0.60 -
evm.utg1049.27                       -           1217 279631at33208        -            584   8.8e-11   42.8   0.2   4   4     0.017       2.7    8.2   0.0   452   486   612   646   579   659 0.86 -
evm.utg3260.7.1.5c22ef15             -            313 279631at33208        -            584   8.8e-11   42.8   0.2   1   3     2e-05    0.0031   17.9   0.0   451   532    23   101    17   106 0.90 -
evm.utg3260.7.1.5c22ef15             -            313 279631at33208        -            584   8.8e-11   42.8   0.2   2   3   0.00048     0.075   13.3   0.0   136   225    67   145    66   154 0.83 -
evm.utg3260.7.1.5c22ef15             -            313 279631at33208        -            584   8.8e-11   42.8   0.2   3   3   8.9e-05     0.014   15.7   0.0   113   220   177   277   164   285 0.77 -
evm.utg3260.7.1.5c22ef15.1.5c279399  -            313 279631at33208        -            584   8.8e-11   42.8   0.2   1   3     2e-05    0.0031   17.9   0.0   451   532    23   101    17   106 0.90 -
evm.utg3260.7.1.5c22ef15.1.5c279399  -            313 279631at33208        -            584   8.8e-11   42.8   0.2   2   3   0.00048     0.075   13.3   0.0   136   225    67   145    66   154 0.83 -
evm.utg3260.7.1.5c22ef15.1.5c279399  -            313 279631at33208        -            584   8.8e-11   42.8   0.2   3   3   8.9e-05     0.014   15.7   0.0   113   220   177   277   164   285 0.77 -
evm.utg431.5                         -           1181 279631at33208        -            584   9.6e-11   42.7   2.0   1   4   3.3e-07   5.1e-05   23.8   0.1   152   220   156   224   151   229 0.95 -
evm.utg431.5                         -           1181 279631at33208        -            584   9.6e-11   42.7   2.0   2   4   4.6e-08   7.3e-06   26.6   0.2   136   221   189   273   179   278 0.85 -
evm.utg431.5                         -           1181 279631at33208        -            584   9.6e-11   42.7   2.0   3   4     0.012       1.9    8.7   0.0   471   527   255   310   251   325 0.86 -
evm.utg431.5                         -           1181 279631at33208        -            584   9.6e-11   42.7   2.0   4   4     0.027       4.2    7.6   0.1   153   222  1053  1126  1032  1142 0.65 -
evm.utg21895.1                       -            272 279631at33208        -            584   9.7e-11   42.7   3.5   1   2   4.9e-06   0.00077   19.9   0.0   439   529     4    96     2   107 0.84 -
evm.utg21895.1                       -            272 279631at33208        -            584   9.7e-11   42.7   3.5   2   2   9.8e-07   0.00015   22.2   3.0   114   294    81   266    79   270 0.79 -
evm.utg439.49.1.5c22f0fa.1.5c27952e  -            353 279631at33208        -            584   1.2e-10   42.4   0.1   1   2     3e-08   4.6e-06   27.2   0.0    88   222    94   223    80   234 0.86 -
evm.utg439.49.1.5c22f0fa.1.5c27952e  -            353 279631at33208        -            584   1.2e-10   42.4   0.1   2   2    0.0007      0.11   12.8   0.2   118   488   252   307   230   322 0.58 -
evm.utg5985.15.3.5c22f28e            -            337 279631at33208        -            584   1.3e-10   42.3   0.0   1   3    0.0035      0.56   10.5   0.0   152   223    48   121    26   132 0.68 -
evm.utg5985.15.3.5c22f28e            -            337 279631at33208        -            584   1.3e-10   42.3   0.0   2   3   0.00023     0.036   14.4   0.0   449   490   170   211   135   223 0.71 -
evm.utg5985.15.3.5c22f28e            -            337 279631at33208        -            584   1.3e-10   42.3   0.0   3   3   0.00045     0.071   13.4   0.0   465   536   239   310   234   314 0.88 -
evm.utg5985.15.2.5c22f28e            -            349 279631at33208        -            584   1.5e-10   42.0   0.0   1   3    0.0044      0.69   10.1   0.0   153   223    49   121    37   132 0.64 -
evm.utg5985.15.2.5c22f28e            -            349 279631at33208        -            584   1.5e-10   42.0   0.0   2   3   0.00023     0.036   14.4   0.0   449   490   170   211   131   223 0.72 -
evm.utg5985.15.2.5c22f28e            -            349 279631at33208        -            584   1.5e-10   42.0   0.0   3   3   0.00049     0.076   13.3   0.0   465   536   239   310   234   313 0.88 -
evm.utg2967.37.1.5c22ee73            -            636 279631at33208        -            584   1.6e-10   42.0   0.0   1   3   2.9e-05    0.0046   17.4   0.0   135   220    11    89     6    94 0.88 -
evm.utg2967.37.1.5c22ee73            -            636 279631at33208        -            584   1.6e-10   42.0   0.0   2   3     0.011       1.8    8.8   0.0   265   298    96   128    93   132 0.88 -
evm.utg2967.37.1.5c22ee73            -            636 279631at33208        -            584   1.6e-10   42.0   0.0   3   3   0.00049     0.077   13.3   0.0   442   532   127   217   125   224 0.86 -
evm.utg1694.17                       -            301 279631at33208        -            584   1.6e-10   41.9   1.2   1   3     0.007       1.1    9.5   0.0    40    72   107   141    90   150 0.63 -
evm.utg1694.17                       -            301 279631at33208        -            584   1.6e-10   41.9   1.2   2   3   6.1e-05    0.0096   16.3   0.0   133   224   145   225   141   228 0.80 -
evm.utg1694.17                       -            301 279631at33208        -            584   1.6e-10   41.9   1.2   3   3   0.00022     0.035   14.4   0.3   136   218   228   299   224   300 0.84 -
evm.utg73.96                         -            327 279631at33208        -            584   2.1e-10   41.6   1.1   1   3    0.0054      0.85    9.9   0.0   187   222    28    63    19    70 0.89 -
evm.utg73.96                         -            327 279631at33208        -            584   2.1e-10   41.6   1.1   2   3      0.11        17    5.6   0.0   506   530   205   229   183   239 0.80 -
evm.utg73.96                         -            327 279631at33208        -            584   2.1e-10   41.6   1.1   3   3     0.065        10    6.3   0.0   141   172   241   273   230   306 0.82 -
evm.utg7950.21                       -            652 279631at33208        -            584   2.2e-10   41.5   2.7   1   2   1.6e-06   0.00026   21.5   0.2   439   531    50   141    36   147 0.89 -
evm.utg7950.21                       -            652 279631at33208        -            584   2.2e-10   41.5   2.7   2   2   6.8e-06    0.0011   19.4   0.2   136   223   148   228   143   253 0.81 -
evm.utg7127.48                       -            998 279631at33208        -            584   2.3e-10   41.5   0.2   1   5      0.19        30    4.7   0.2   409   488   437   528   428   569 0.70 -
evm.utg7127.48                       -            998 279631at33208        -            584   2.3e-10   41.5   0.2   2   5       3.4   5.3e+02    0.6   0.1   436   528   518   614   514   627 0.67 -
evm.utg7127.48                       -            998 279631at33208        -            584   2.3e-10   41.5   0.2   3   5    0.0072       1.1    9.4   0.0   107   224   636   760   602   766 0.73 -
evm.utg7127.48                       -            998 279631at33208        -            584   2.3e-10   41.5   0.2   4   5   0.00012     0.019   15.3   0.0   142   219   808   882   773   895 0.66 -
evm.utg7127.48                       -            998 279631at33208        -            584   2.3e-10   41.5   0.2   5   5       0.1        16    5.7   0.0   113   170   932   995   911   997 0.63 -
evm.utg439.49.1.5c22f0fa             -            492 279631at33208        -            584   3.9e-10   40.7   0.1   1   2   6.4e-08     1e-05   26.1   0.0    88   222   233   362   226   370 0.85 -
evm.utg439.49.1.5c22f0fa             -            492 279631at33208        -            584   3.9e-10   40.7   0.1   2   2    0.0012      0.19   12.0   0.2   117   488   390   446   368   459 0.57 -
evm.utg5985.15.1.5c22f28e            -            350 279631at33208        -            584   4.5e-10   40.5   0.1   1   3      0.01       1.6    9.0   0.0   187   223    98   134    61   145 0.61 -
evm.utg5985.15.1.5c22f28e            -            350 279631at33208        -            584   4.5e-10   40.5   0.1   2   3   0.00023     0.037   14.4   0.0   449   490   183   224   147   238 0.72 -
evm.utg5985.15.1.5c22f28e            -            350 279631at33208        -            584   4.5e-10   40.5   0.1   3   3   0.00048     0.075   13.3   0.0   465   536   252   323   247   327 0.88 -
evm.utg245.48                        -            321 279631at33208        -            584   4.6e-10   40.4   0.5   1   3   2.6e-07     4e-05   24.1   0.0   130   223    10   105     6   112 0.89 -
evm.utg245.48                        -            321 279631at33208        -            584   4.6e-10   40.4   0.5   2   3    0.0052      0.82    9.9   0.2   451   530   108   182   104   193 0.78 -
evm.utg245.48                        -            321 279631at33208        -            584   4.6e-10   40.4   0.5   3   3      0.49        78    3.4   0.0   125   169   268   313   244   319 0.52 -
evm.utg5985.15                       -            362 279631at33208        -            584   5.3e-10   40.3   0.1   1   3      0.01       1.6    8.9   0.0   187   223    98   134    60   145 0.62 -
evm.utg5985.15                       -            362 279631at33208        -            584   5.3e-10   40.3   0.1   2   3   0.00026     0.041   14.2   0.0   449   490   183   224   147   234 0.71 -
evm.utg5985.15                       -            362 279631at33208        -            584   5.3e-10   40.3   0.1   3   3   0.00052     0.081   13.2   0.0   465   536   252   323   247   326 0.88 -
evm.utg4271.15                       -            398 279631at33208        -            584   5.3e-10   40.2   3.7   1   2   1.3e-09   2.1e-07   31.7   1.6     7   222    43   277    39   289 0.76 -
evm.utg4271.15                       -            398 279631at33208        -            584   5.3e-10   40.2   3.7   2   2      0.15        24    5.1   0.0   438   482   314   358   309   369 0.74 -
evm.utg190.40.2.5c22ec4c             -            494 279631at33208        -            584   7.2e-10   39.8   0.0   1   2   1.5e-09   2.4e-07   31.5   0.0   137   222    81   168    75   172 0.83 -
evm.utg190.40.2.5c22ec4c             -            494 279631at33208        -            584   7.2e-10   39.8   0.0   2   2     0.091        14    5.8   0.0   137   434   174   201   171   206 0.57 -
evm.utg190.40                        -            509 279631at33208        -            584   7.9e-10   39.7   0.0   1   2   1.6e-09   2.5e-07   31.4   0.0   137   222    81   168    75   172 0.83 -
evm.utg190.40                        -            509 279631at33208        -            584   7.9e-10   39.7   0.0   2   2     0.094        15    5.8   0.0   137   434   174   201   171   206 0.57 -
evm.utg190.40.1.5c22ec4c             -            509 279631at33208        -            584   7.9e-10   39.7   0.0   1   2   1.6e-09   2.5e-07   31.4   0.0   137   222    81   168    75   172 0.83 -
evm.utg190.40.1.5c22ec4c             -            509 279631at33208        -            584   7.9e-10   39.7   0.0   2   2     0.094        15    5.8   0.0   137   434   174   201   171   206 0.57 -
evm.utg498.151.2.5c22f1a3            -            433 279631at33208        -            584   1.3e-09   38.9   0.0   1   3       1.1   1.7e+02    2.3   0.0   455   482   112   140    98   146 0.76 -
evm.utg498.151.2.5c22f1a3            -            433 279631at33208        -            584   1.3e-09   38.9   0.0   2   3   1.9e-06    0.0003   21.3   0.0   265   346   155   233   150   241 0.77 -
evm.utg498.151.2.5c22f1a3            -            433 279631at33208        -            584   1.3e-09   38.9   0.0   3   3    0.0018      0.28   11.5   0.0   158   222   369   428   356   431 0.73 -
evm.utg7855.10                       -            364 279631at33208        -            584   1.5e-09   38.7   9.0   1   4   3.3e-07   5.1e-05   23.8   1.5   138   220     9    89     2    98 0.84 -
evm.utg7855.10                       -            364 279631at33208        -            584   1.5e-09   38.7   9.0   2   4   5.1e-06   0.00081   19.8   1.1   498   583    54   144    47   145 0.85 -
evm.utg7855.10                       -            364 279631at33208        -            584   1.5e-09   38.7   9.0   3   4       3.2     5e+02    0.7   0.0   444   476   204   239   174   250 0.82 -
evm.utg7855.10                       -            364 279631at33208        -            584   1.5e-09   38.7   9.0   4   4    0.0031      0.49   10.6   0.2   136   172   275   311   267   325 0.85 -
evm.utg418.52                        -            385 279631at33208        -            584   1.6e-09   38.7   8.1   1   3   7.8e-07   0.00012   22.5   0.2   116   220    75   179    66   187 0.73 -
evm.utg418.52                        -            385 279631at33208        -            584   1.6e-09   38.7   8.1   2   3   3.1e-06   0.00049   20.6   0.2   440   529   130   223   130   234 0.86 -
evm.utg418.52                        -            385 279631at33208        -            584   1.6e-09   38.7   8.1   3   3   0.00022     0.034   14.5   0.3   430   526   209   306   198   312 0.74 -
evm.utg1542.30                       -            977 279631at33208        -            584   1.9e-09   38.4  10.7   1   3    0.0081       1.3    9.3   0.0    39    71    64   100    59   110 0.56 -
evm.utg1542.30                       -            977 279631at33208        -            584   1.9e-09   38.4  10.7   2   3     1e-09   1.6e-07   32.1   0.8   135   230   125   212   112   242 0.80 -
evm.utg1542.30                       -            977 279631at33208        -            584   1.9e-09   38.4  10.7   3   3       5.5   8.6e+02   -0.1   0.1   191   214   327   350   260   360 0.73 -
evm.utg498.151                       -            492 279631at33208        -            584   2.3e-09   38.2   0.0   1   3       1.3     2e+02    2.0   0.0   455   482   171   199   158   205 0.76 -
evm.utg498.151                       -            492 279631at33208        -            584   2.3e-09   38.2   0.0   2   3   2.3e-06   0.00036   21.0   0.0   265   346   214   292   209   300 0.77 -
evm.utg498.151                       -            492 279631at33208        -            584   2.3e-09   38.2   0.0   3   3    0.0021      0.33   11.2   0.0   158   222   428   487   415   490 0.73 -
evm.utg2099.25                       -            385 279631at33208        -            584   2.5e-09   38.0   2.4   1   2   2.5e-08     4e-06   27.5   0.3   116   292    75   260    59   260 0.76 -
evm.utg2099.25                       -            385 279631at33208        -            584   2.5e-09   38.0   2.4   2   2   0.00022     0.034   14.5   0.3   431   526   210   306   198   320 0.59 -
evm.utg729.160                       -            877 279631at33208        -            584   2.7e-09   37.9   0.9   1   3     0.059       9.2    6.4   0.0   112   173    22    87    10   139 0.60 -
evm.utg729.160                       -            877 279631at33208        -            584   2.7e-09   37.9   0.9   2   3   0.00085      0.13   12.5   0.0   440   529   132   222   115   230 0.86 -
evm.utg729.160                       -            877 279631at33208        -            584   2.7e-09   37.9   0.9   3   3    0.0001     0.016   15.5   0.0   183   219   617   653   571   660 0.63 -
evm.utg498.151.1.5c22f1a3            -            517 279631at33208        -            584   2.7e-09   37.9   0.0   1   3       1.4   2.1e+02    1.9   0.0   455   482   196   224   183   230 0.76 -
evm.utg498.151.1.5c22f1a3            -            517 279631at33208        -            584   2.7e-09   37.9   0.0   2   3   2.5e-06   0.00039   20.9   0.0   265   346   239   317   234   325 0.77 -
evm.utg498.151.1.5c22f1a3            -            517 279631at33208        -            584   2.7e-09   37.9   0.0   3   3    0.0023      0.35   11.1   0.0   158   222   453   512   440   515 0.73 -
evm.utg729.160.1.5c22f3a9            -            827 279631at33208        -            584   2.8e-09   37.9   0.2   1   3     0.054       8.5    6.6   0.0   112   173    22    87    10   139 0.60 -
evm.utg729.160.1.5c22f3a9            -            827 279631at33208        -            584   2.8e-09   37.9   0.2   2   3   0.00078      0.12   12.6   0.0   440   529   132   222   115   230 0.86 -
evm.utg729.160.1.5c22f3a9            -            827 279631at33208        -            584   2.8e-09   37.9   0.2   3   3   9.6e-05     0.015   15.6   0.0   183   219   617   653   571   660 0.62 -
evm.utg1285.17                       -            455 279631at33208        -            584   2.8e-09   37.9   0.3   1   2    0.0012      0.19   12.0   0.1   133   178    45    89    29   126 0.68 -
evm.utg1285.17                       -            455 279631at33208        -            584   2.8e-09   37.9   0.3   2   2   2.7e-07   4.2e-05   24.1   0.0   107   171   382   450   349   454 0.75 -
evm.utg967.29.1.5c22f549             -            266 279631at33208        -            584   3.1e-09   37.7   0.5   1   3      0.33        51    4.0   0.0   265   292     8    37     5    45 0.84 -
evm.utg967.29.1.5c22f549             -            266 279631at33208        -            584   3.1e-09   37.7   0.5   2   3   1.9e-08     3e-06   27.9   0.6   437   529    79   170    56   189 0.84 -
evm.utg967.29.1.5c22f549             -            266 279631at33208        -            584   3.1e-09   37.7   0.5   3   3       5.3   8.4e+02   -0.0   0.0   459   492   184   216   171   251 0.65 -
evm.utg637.5                         -            513 279631at33208        -            584   3.1e-09   37.7   0.1   1   2   4.3e-07   6.7e-05   23.4   0.2   112   221    92   197    55   203 0.79 -
evm.utg637.5                         -            513 279631at33208        -            584   3.1e-09   37.7   0.1   2   2    0.0032      0.51   10.6   0.0   449   523   240   312   224   320 0.76 -
evm.utg435.58                        -            950 279631at33208        -            584   4.5e-09   37.2   3.1   1   5     0.027       4.2    7.6   0.1   473   554   115   202   110   215 0.77 -
evm.utg435.58                        -            950 279631at33208        -            584   4.5e-09   37.2   3.1   2   5       2.9   4.5e+02    0.9   0.0   188   210   273   295   248   316 0.69 -
evm.utg435.58                        -            950 279631at33208        -            584   4.5e-09   37.2   3.1   3   5    0.0013       0.2   11.9   0.1   146   220   323   391   318   399 0.79 -
evm.utg435.58                        -            950 279631at33208        -            584   4.5e-09   37.2   3.1   4   5      0.12        19    5.4   0.0   438   489   472   525   459   562 0.75 -
evm.utg435.58                        -            950 279631at33208        -            584   4.5e-09   37.2   3.1   5   5      0.11        17    5.6   0.0   137   171   857   891   851   899 0.85 -
evm.utg1972.74                       -            485 279631at33208        -            584   4.8e-09   37.1   2.0   1   2   3.3e-09   5.1e-07   30.4   0.5   136   223    75   164    68   171 0.84 -
evm.utg1972.74                       -            485 279631at33208        -            584   4.8e-09   37.1   2.0   2   2     0.083        13    5.9   0.1   409   435   171   197   165   258 0.74 -
evm.utg18553.20                      -            503 279631at33208        -            584   4.8e-09   37.1   0.2   1   2     3e-07   4.7e-05   23.9   0.2   111   221    81   187    43   194 0.78 -
evm.utg18553.20                      -            503 279631at33208        -            584   4.8e-09   37.1   0.2   2   2    0.0063         1    9.6   0.0   449   522   230   301   214   310 0.73 -
evm.utg163.18                        -            542 279631at33208        -            584   4.9e-09   37.0   0.4   1   3      0.12        19    5.4   0.0   143   170   186   213   169   224 0.55 -
evm.utg163.18                        -            542 279631at33208        -            584   4.9e-09   37.0   0.4   2   3   2.6e-05     0.004   17.5   0.0   256   300   250   292   247   300 0.81 -
evm.utg163.18                        -            542 279631at33208        -            584   4.9e-09   37.0   0.4   3   3      0.32        50    4.0   0.0   471   530   414   474   404   483 0.66 -
evm.utg2083.46                       -            338 279631at33208        -            584   5.1e-09   37.0   0.4   1   3   4.7e-07   7.3e-05   23.3   0.1   440   534    46   140    20   145 0.82 -
evm.utg2083.46                       -            338 279631at33208        -            584   5.1e-09   37.0   0.4   2   3    0.0017      0.26   11.6   0.0   432   501   123   192   115   216 0.70 -
evm.utg2083.46                       -            338 279631at33208        -            584   5.1e-09   37.0   0.4   3   3     0.034       5.3    7.2   0.0   140   172   274   307   239   314 0.84 -
evm.utg1025.9                        -            364 279631at33208        -            584   5.2e-09   37.0  10.9   1   4   2.2e-07   3.5e-05   24.3   1.5   138   220     9    89     2   101 0.84 -
evm.utg1025.9                        -            364 279631at33208        -            584   5.2e-09   37.0  10.9   2   4   4.7e-06   0.00075   19.9   1.0   497   583    53   144    46   145 0.85 -
evm.utg1025.9                        -            364 279631at33208        -            584   5.2e-09   37.0  10.9   3   4       4.1   6.4e+02    0.4   0.0   445   476   205   239   167   250 0.80 -
evm.utg1025.9                        -            364 279631at33208        -            584   5.2e-09   37.0  10.9   4   4    0.0032       0.5   10.6   0.2   136   172   275   311   266   324 0.85 -
evm.utg5774.24                       -            295 279631at33208        -            584   5.3e-09   36.9   4.5   1   3       2.1   3.3e+02    1.3   0.0   202   230    73   101    46   124 0.66 -
evm.utg5774.24                       -            295 279631at33208        -            584   5.3e-09   36.9   4.5   2   3     5e-07   7.8e-05   23.2   0.4   156   223   130   193   118   207 0.83 -
evm.utg5774.24                       -            295 279631at33208        -            584   5.3e-09   36.9   4.5   3   3    0.0013      0.21   11.9   0.1   187   220   240   273   228   283 0.88 -
evm.utg2417.39.2.5c22ed97            -            627 279631at33208        -            584   7.1e-09   36.5   0.4   1   2   8.4e-07   0.00013   22.4   0.0   432   529    99   201    93   206 0.87 -
evm.utg2417.39.2.5c22ed97            -            627 279631at33208        -            584   7.1e-09   36.5   0.4   2   2    0.0011      0.17   12.1   0.1   136   219   211   296   201   300 0.81 -
evm.utg73.96.1.5c22f3bc              -            243 279631at33208        -            584   1.1e-08   35.9   0.4   1   3    0.0042      0.66   10.2   0.0   188   221    29    62    25    68 0.89 -
evm.utg73.96.1.5c22f3bc              -            243 279631at33208        -            584   1.1e-08   35.9   0.4   2   3   8.1e-05     0.013   15.9   0.0   182   221    67   107    59   188 0.73 -
evm.utg73.96.1.5c22f3bc              -            243 279631at33208        -            584   1.1e-08   35.9   0.4   3   3     0.071        11    6.2   0.0   505   530   204   229   184   239 0.80 -
evm.utg1272.70                       -            437 279631at33208        -            584   1.1e-08   35.8   0.1   1   1   1.9e-10     3e-08   34.4   0.1   115   220    78   179    68   186 0.79 -
evm.utg2417.39.1.5c22ed97            -            754 279631at33208        -            584   1.2e-08   35.7   0.4   1   2   1.1e-06   0.00017   22.0   0.0   432   529    99   201    94   207 0.87 -
evm.utg2417.39.1.5c22ed97            -            754 279631at33208        -            584   1.2e-08   35.7   0.4   2   2    0.0014      0.22   11.8   0.1   136   219   211   296   201   300 0.81 -
evm.utg26517.8                       -           1023 279631at33208        -            584   1.6e-08   35.4   8.8   1   5       4.5   7.1e+02    0.2   0.1   470   526   269   328   258   346 0.50 -
evm.utg26517.8                       -           1023 279631at33208        -            584   1.6e-08   35.4   8.8   2   5   2.1e-06   0.00034   21.1   0.0    28   228   371   572   355   582 0.71 -
evm.utg26517.8                       -           1023 279631at33208        -            584   1.6e-08   35.4   8.8   3   5     0.016       2.5    8.3   0.1   455   529   619   694   613   701 0.89 -
evm.utg26517.8                       -           1023 279631at33208        -            584   1.6e-08   35.4   8.8   4   5      0.38        59    3.8   0.0   183   222   758   796   746   804 0.78 -
evm.utg26517.8                       -           1023 279631at33208        -            584   1.6e-08   35.4   8.8   5   5       8.6   1.3e+03   -0.7   0.1   140   169   921   950   916   957 0.57 -
evm.utg2417.39                       -            829 279631at33208        -            584   1.6e-08   35.4   0.4   1   2   1.1e-06   0.00017   22.1   0.1   432   530    99   202    94   214 0.86 -
evm.utg2417.39                       -            829 279631at33208        -            584   1.6e-08   35.4   0.4   2   2    0.0018      0.28   11.4   0.1   136   219   211   296   203   300 0.81 -
evm.utg1005.78                       -            759 279631at33208        -            584   1.9e-08   35.1   0.0   1   2   4.4e-05    0.0069   16.8   0.0   133   219   417   496   411   502 0.85 -
evm.utg1005.78                       -            759 279631at33208        -            584   1.9e-08   35.1   0.0   2   2   0.00012      0.02   15.3   0.0   439   582   613   757   608   758 0.84 -
evm.utg78.65                         -            750 279631at33208        -            584   1.9e-08   35.1   0.0   1   2   3.3e-05    0.0052   17.2   0.0   133   219   408   487   402   493 0.86 -
evm.utg78.65                         -            750 279631at33208        -            584   1.9e-08   35.1   0.0   2   2   0.00012     0.019   15.3   0.0   439   582   604   748   599   749 0.84 -
evm.utg2428.30                       -            816 279631at33208        -            584     2e-08   35.0   0.4   1   2     0.017       2.6    8.3   0.0   266   302    49    85    34   128 0.65 -
evm.utg2428.30                       -            816 279631at33208        -            584     2e-08   35.0   0.4   2   2   6.8e-07   0.00011   22.7   0.1   151   219   290   364   284   367 0.79 -
evm.utg498.66                        -            670 279631at33208        -            584   2.7e-08   34.6   5.2   1   2   1.5e-05    0.0024   18.3   1.4    42   170   397   546   382   553 0.47 -
evm.utg498.66                        -            670 279631at33208        -            584   2.7e-08   34.6   5.2   2   2   9.1e-05     0.014   15.7   0.1   439   528   580   668   574   669 0.73 -
evm.utg2303.45.1.5c22ed61            -            469 279631at33208        -            584   3.1e-08   34.4   0.5   1   2     0.013         2    8.6   0.0   498   532   272   306   261   312 0.84 -
evm.utg2303.45.1.5c22ed61            -            469 279631at33208        -            584   3.1e-08   34.4   0.5   2   2   5.4e-07   8.4e-05   23.1   0.4   137   231   315   402   308   430 0.85 -
evm.utg116.299                       -            955 279631at33208        -            584   5.1e-08   33.7   6.7   1   2   1.8e-09   2.9e-07   31.2   2.8   183   303    95   221    52   231 0.80 -
evm.utg116.299                       -            955 279631at33208        -            584   5.1e-08   33.7   6.7   2   2      0.33        51    4.0   0.1   264   300   278   319   263   329 0.72 -
evm.utg418.59                        -            511 279631at33208        -            584   5.1e-08   33.7   2.0   1   2   4.3e-07   6.7e-05   23.4   0.3   138   344   326   402   299   403 0.54 -
evm.utg418.59                        -            511 279631at33208        -            584   5.1e-08   33.7   2.0   2   2   1.8e-05    0.0029   18.0   0.1   136   220   370   451   362   458 0.78 -
evm.utg4155.43                       -            416 279631at33208        -            584   5.2e-08   33.7   5.6   1   2   0.00012     0.018   15.4   0.2   438   532   170   262   151   274 0.67 -
evm.utg4155.43                       -            416 279631at33208        -            584   5.2e-08   33.7   5.6   2   2   1.2e-05    0.0019   18.6   0.2   438   497   339   398   333   403 0.89 -
evm.utg1009.19                       -            542 279631at33208        -            584   5.5e-08   33.6   0.1   1   2   4.5e-06    0.0007   20.0   0.0   465   532   218   292   215   300 0.79 -
evm.utg1009.19                       -            542 279631at33208        -            584   5.5e-08   33.6   0.1   2   2    0.0024      0.38   11.0   0.1   456   525   302   370   292   371 0.84 -
evm.utg1194.15                       -            416 279631at33208        -            584     6e-08   33.5   5.8   1   2   9.4e-05     0.015   15.7   0.4   110   222   157   263   124   270 0.66 -
evm.utg1194.15                       -            416 279631at33208        -            584     6e-08   33.5   5.8   2   2   1.1e-05    0.0017   18.8   0.2   438   497   339   398   324   403 0.90 -
evm.utg715.1                         -            408 279631at33208        -            584     6e-08   33.5   0.1   1   2    0.0071       1.1    9.5   0.0   136   221    61   140    44   153 0.76 -
evm.utg715.1                         -            408 279631at33208        -            584     6e-08   33.5   0.1   2   2   5.8e-06   0.00091   19.7   0.1   435   531   260   357   251   366 0.86 -
evm.utg498.152.1.5c22f1a3            -            739 279631at33208        -            584   6.2e-08   33.4   0.0   1   2   6.3e-06   0.00098   19.6   0.0   114   224   484   587   449   597 0.80 -
evm.utg498.152.1.5c22f1a3            -            739 279631at33208        -            584   6.2e-08   33.4   0.0   2   2    0.0027      0.42   10.9   0.1    36   102   625   707   593   736 0.63 -
evm.utg3092.70                       -            717 279631at33208        -            584     8e-08   33.1   3.1   1   3       2.9   4.5e+02    0.9   0.1   506   529    65    89    59    96 0.78 -
evm.utg3092.70                       -            717 279631at33208        -            584     8e-08   33.1   3.1   2   3     2e-08   3.2e-06   27.8   0.7   151   320   105   276    93   281 0.72 -
evm.utg3092.70                       -            717 279631at33208        -            584     8e-08   33.1   3.1   3   3     0.014       2.2    8.5   0.0   137   209   222   290   214   315 0.56 -
evm.utg415.95                        -            377 279631at33208        -            584   9.8e-08   32.8   1.1   1   3   2.9e-06   0.00046   20.6   0.0   145   226    15    91    12   103 0.85 -
evm.utg415.95                        -            377 279631at33208        -            584   9.8e-08   32.8   1.1   2   3     0.031       4.9    7.3   0.0   144   220   148   237   124   247 0.71 -
evm.utg415.95                        -            377 279631at33208        -            584   9.8e-08   32.8   1.1   3   3       1.9     3e+02    1.4   0.0    71    99   337   365   320   374 0.53 -
evm.utg861.53.1.5c22f4a4             -            413 279631at33208        -            584   1.2e-07   32.4   0.2   1   2   0.00051     0.081   13.2   0.1   493   530   248   285   238   288 0.86 -
evm.utg861.53.1.5c22f4a4             -            413 279631at33208        -            584   1.2e-07   32.4   0.2   2   2   1.3e-07     2e-05   25.1   0.0   409   521   254   365   250   373 0.80 -
evm.utg1337.4.1.5c22ea39             -            981 279631at33208        -            584   1.4e-07   32.3   0.0   1   3   6.8e-05     0.011   16.1   0.0   461   530    47   114    32   117 0.82 -
evm.utg1337.4.1.5c22ea39             -            981 279631at33208        -            584   1.4e-07   32.3   0.0   2   3      0.56        88    3.2   0.0   457   523   124   186   119   193 0.75 -
evm.utg1337.4.1.5c22ea39             -            981 279631at33208        -            584   1.4e-07   32.3   0.0   3   3     0.026       4.1    7.6   0.0   469   529   262   320   255   331 0.74 -
evm.utg1205.96                       -            619 279631at33208        -            584   1.5e-07   32.1   0.0   1   3     0.002      0.32   11.3   0.0   438   529    12   101     4   108 0.83 -
evm.utg1205.96                       -            619 279631at33208        -            584   1.5e-07   32.1   0.0   2   3     0.051         8    6.6   0.0   130   170   104   144    88   151 0.72 -
evm.utg1205.96                       -            619 279631at33208        -            584   1.5e-07   32.1   0.0   3   3    0.0014      0.22   11.8   0.0   432   529   175   272   167   289 0.79 -
evm.utg861.53.2.5c22f4a4             -            422 279631at33208        -            584   1.6e-07   32.1   0.2   1   2   0.00052     0.082   13.2   0.1   493   530   248   285   237   288 0.86 -
evm.utg861.53.2.5c22f4a4             -            422 279631at33208        -            584   1.6e-07   32.1   0.2   2   2   1.6e-07   2.5e-05   24.8   0.0   409   521   254   365   251   370 0.80 -
evm.utg16094.2                       -            968 279631at33208        -            584   1.7e-07   32.0   3.6   1   5      0.19        29    4.8   0.1   409   488   187   278   178   317 0.71 -
evm.utg16094.2                       -            968 279631at33208        -            584   1.7e-07   32.0   3.6   2   5       5.5   8.7e+02   -0.1   0.1   436   528   268   364   261   377 0.66 -
evm.utg16094.2                       -            968 279631at33208        -            584   1.7e-07   32.0   3.6   3   5    0.0071       1.1    9.5   0.0   107   224   386   510   352   515 0.73 -
evm.utg16094.2                       -            968 279631at33208        -            584   1.7e-07   32.0   3.6   4   5     0.029       4.6    7.4   1.3   179   219   812   852   788   864 0.67 -
evm.utg16094.2                       -            968 279631at33208        -            584   1.7e-07   32.0   3.6   5   5      0.09        14    5.8   0.0   113   170   902   965   880   967 0.64 -
evm.utg338.73                        -           1105 279631at33208        -            584   1.8e-07   31.9   9.6   1   5       5.6   8.8e+02   -0.1   0.1   144   218   262   331   257   338 0.63 -
evm.utg338.73                        -           1105 279631at33208        -            584   1.8e-07   31.9   9.6   2   5     2e-06   0.00031   21.2   0.2    29   297   372   648   354   649 0.65 -
evm.utg338.73                        -           1105 279631at33208        -            584   1.8e-07   31.9   9.6   3   5     0.016       2.6    8.3   0.1   455   529   619   694   611   703 0.89 -
evm.utg338.73                        -           1105 279631at33208        -            584   1.8e-07   31.9   9.6   4   5      0.38        59    3.8   0.0   183   222   758   796   726   803 0.80 -
evm.utg338.73                        -           1105 279631at33208        -            584   1.8e-07   31.9   9.6   5   5       9.3   1.5e+03   -0.8   0.1   140   169   921   950   916   957 0.57 -
evm.utg498.151.2.5c22f1a3.1.5c2795b7 -            334 279631at33208        -            584   1.8e-07   31.9   0.0   1   3      0.85   1.3e+02    2.6   0.0   455   482    21    49    14    55 0.75 -
evm.utg498.151.2.5c22f1a3.1.5c2795b7 -            334 279631at33208        -            584   1.8e-07   31.9   0.0   2   3   1.2e-06   0.00019   21.9   0.0   265   346    64   142    59   150 0.78 -
evm.utg498.151.2.5c22f1a3.1.5c2795b7 -            334 279631at33208        -            584   1.8e-07   31.9   0.0   3   3      0.48        76    3.4   0.0   135   159   299   323   254   331 0.58 -
evm.utg498.152                       -           1030 279631at33208        -            584   2.6e-07   31.4   0.0   1   2     1e-05    0.0016   18.8   0.0   114   224   484   587   453   597 0.79 -
evm.utg498.152                       -           1030 279631at33208        -            584   2.6e-07   31.4   0.0   2   2    0.0084       1.3    9.2   0.1    36    95   625   700   594   732 0.68 -
evm.utg1290.9.1.5c22ea0d             -            569 279631at33208        -            584   2.7e-07   31.3   4.5   1   2    0.0035      0.55   10.5   0.3   136   221   314   391   294   452 0.82 -
evm.utg1290.9.1.5c22ea0d             -            569 279631at33208        -            584   2.7e-07   31.3   4.5   2   2   4.5e-06    0.0007   20.0   0.7   104   218   457   563   435   566 0.71 -
evm.utg868.30                        -           1627 279631at33208        -            584   2.9e-07   31.2   3.1   1   3    0.0018      0.28   11.5   0.2     5   170  1305  1480  1301  1495 0.56 -
evm.utg868.30                        -           1627 279631at33208        -            584   2.9e-07   31.2   3.1   2   3    0.0017      0.27   11.5   0.1   112   169  1509  1568  1493  1575 0.63 -
evm.utg868.30                        -           1627 279631at33208        -            584   2.9e-07   31.2   3.1   3   3    0.0091       1.4    9.1   0.0   110   178  1549  1617  1549  1625 0.78 -
evm.utg4972.25                       -           1127 279631at33208        -            584     3e-07   31.1   0.0   1   3   6.7e-05     0.011   16.2   0.0   461   530    21    88     6   122 0.85 -
evm.utg4972.25                       -           1127 279631at33208        -            584     3e-07   31.1   0.0   2   3      0.87   1.4e+02    2.6   0.0   457   523    98   160    93   167 0.74 -
evm.utg4972.25                       -           1127 279631at33208        -            584     3e-07   31.1   0.0   3   3     0.029       4.5    7.5   0.0   469   530   236   295   229   305 0.75 -
evm.utg801.96.1.5c22f45f             -            327 279631at33208        -            584   3.2e-07   31.1   1.9   1   2   3.2e-08   5.1e-06   27.1   1.5   136   222   175   263   171   271 0.85 -
evm.utg801.96.1.5c22f45f             -            327 279631at33208        -            584   3.2e-07   31.1   1.9   2   2       1.6   2.4e+02    1.7   0.0    40   298   271   303   266   317 0.43 -
evm.utg1337.4                        -           1219 279631at33208        -            584   3.4e-07   31.0   0.0   1   3   9.2e-05     0.014   15.7   0.0   461   530    47   114    32   116 0.82 -
evm.utg1337.4                        -           1219 279631at33208        -            584   3.4e-07   31.0   0.0   2   3      0.72   1.1e+02    2.8   0.0   457   523   124   186   119   193 0.75 -
evm.utg1337.4                        -           1219 279631at33208        -            584   3.4e-07   31.0   0.0   3   3     0.034       5.3    7.2   0.0   469   529   262   320   255   331 0.74 -
evm.utg1290.9                        -            598 279631at33208        -            584   4.8e-07   30.5   7.0   1   3    0.0049      0.77   10.0   0.1   136   221   314   391   299   403 0.79 -
evm.utg1290.9                        -            598 279631at33208        -            584   4.8e-07   30.5   7.0   2   3   2.1e-06   0.00032   21.2   1.3    39   221   356   555   352   559 0.78 -
evm.utg1290.9                        -            598 279631at33208        -            584   4.8e-07   30.5   7.0   3   3      0.11        18    5.5   0.1    38    69   559   592   555   597 0.68 -
evm.utg1897.4                        -            455 279631at33208        -            584   4.9e-07   30.5   6.1   1   2   0.00021     0.033   14.5   0.3   124   222   133   220    97   226 0.80 -
evm.utg1897.4                        -            455 279631at33208        -            584   4.9e-07   30.5   6.1   2   2   1.9e-05    0.0031   17.9   0.7   137   262   226   353   220   360 0.68 -
evm.utg116.41                        -            703 279631at33208        -            584   5.2e-07   30.4   0.0   1   2     0.011       1.8    8.8   0.0   149   222    19    92     4    98 0.82 -
evm.utg116.41                        -            703 279631at33208        -            584   5.2e-07   30.4   0.0   2   2   9.5e-06    0.0015   19.0   0.0   137   219   546   622   538   627 0.70 -
evm.utg150.51                        -            579 279631at33208        -            584   6.1e-07   30.1   0.2   1   2    0.0051       0.8    9.9   0.0   437   529   360   452   357   473 0.81 -
evm.utg150.51                        -            579 279631at33208        -            584   6.1e-07   30.1   0.2   2   2   1.6e-05    0.0025   18.2   0.0   452   530   500   576   454   578 0.78 -
evm.utg597.204                       -            898 279631at33208        -            584     7e-07   29.9   4.3   1   2    0.0012      0.19   12.0   0.3    70   220   143   299    69   302 0.66 -
evm.utg597.204                       -            898 279631at33208        -            584     7e-07   29.9   4.3   2   2   1.6e-05    0.0025   18.2   0.4    82   170   488   586   461   600 0.71 -
evm.utg1272.13.1.5c22e9c5            -            492 279631at33208        -            584     8e-07   29.8   0.8   1   2    0.0024      0.38   11.0   0.1   129   169   217   255   205   263 0.84 -
evm.utg1272.13.1.5c22e9c5            -            492 279631at33208        -            584     8e-07   29.8   0.8   2   2   3.6e-05    0.0056   17.0   0.1    40   173   264   398   256   406 0.70 -
evm.utg1281.13                       -            378 279631at33208        -            584   9.7e-07   29.5   1.9   1   3   1.8e-06   0.00029   21.3   0.2   460   529    51   121    46   132 0.90 -
evm.utg1281.13                       -            378 279631at33208        -            584   9.7e-07   29.5   1.9   2   3      0.18        28    4.9   0.0   187   220   131   166   126   173 0.79 -
evm.utg1281.13                       -            378 279631at33208        -            584   9.7e-07   29.5   1.9   3   3       2.4   3.7e+02    1.1   0.0   461   520   284   343   278   346 0.75 -
evm.utg101.45                        -            862 279631at33208        -            584   1.1e-06   29.4   0.0   1   2   4.5e-07     7e-05   23.3   0.0   415   531   159   274   155   279 0.92 -
evm.utg101.45                        -            862 279631at33208        -            584   1.1e-06   29.4   0.0   2   2     0.022       3.5    7.8   0.0   157   222   260   322   258   331 0.85 -
evm.utg479.8.2.5c22f153              -            362 279631at33208        -            584   1.2e-06   29.2   5.7   1   3   3.8e-05    0.0059   17.0   0.6   134   223    34   127    23   132 0.79 -
evm.utg479.8.2.5c22f153              -            362 279631at33208        -            584   1.2e-06   29.2   5.7   2   3     0.028       4.5    7.5   0.1   136   171   225   259   128   324 0.68 -
evm.utg479.8.2.5c22f153              -            362 279631at33208        -            584   1.2e-06   29.2   5.7   3   3     0.077        12    6.0   0.0   152   168   333   349   314   352 0.79 -
evm.utg5985.15.5.5c22f28e            -            278 279631at33208        -            584   1.3e-06   29.0   0.2   1   2    0.0024      0.37   11.0   0.0   152   223    48   121    22   132 0.69 -
evm.utg5985.15.5.5c22f28e            -            278 279631at33208        -            584   1.3e-06   29.0   0.2   2   2    0.0001     0.016   15.5   0.0   449   493   170   214   138   263 0.73 -
evm.utg1272.13                       -            609 279631at33208        -            584   1.4e-06   28.9   0.7   1   2    0.0031      0.49   10.6   0.0   129   169   217   255   205   263 0.84 -
evm.utg1272.13                       -            609 279631at33208        -            584   1.4e-06   28.9   0.7   2   2   5.2e-05    0.0082   16.5   0.1    40   173   264   398   256   406 0.70 -
evm.utg801.40                        -            682 279631at33208        -            584   1.5e-06   28.9   0.0   1   3   5.5e-06   0.00086   19.7   0.0   132   220    14    98     1   114 0.77 -
evm.utg801.40                        -            682 279631at33208        -            584   1.5e-06   28.9   0.0   2   3       1.2   1.8e+02    2.1   0.0   432   488    84   141    81   157 0.55 -
evm.utg801.40                        -            682 279631at33208        -            584   1.5e-06   28.9   0.0   3   3      0.18        28    4.9   0.0   116   168   563   617   543   627 0.85 -
evm.utg381.71                        -            409 279631at33208        -            584   1.7e-06   28.7   2.4   1   2     2e-05    0.0031   17.9   0.6   438   528    83   172    77   185 0.81 -
evm.utg381.71                        -            409 279631at33208        -            584   1.7e-06   28.7   2.4   2   2   1.4e-05    0.0021   18.4   0.1   454   529   141   218   129   230 0.89 -
evm.utg479.8                         -            451 279631at33208        -            584   2.1e-06   28.4   6.5   1   3   5.4e-05    0.0085   16.5   0.6   134   223    34   127    23   133 0.79 -
evm.utg479.8                         -            451 279631at33208        -            584   2.1e-06   28.4   6.5   2   3     0.045         7    6.8   0.1   136   171   225   259   128   323 0.70 -
evm.utg479.8                         -            451 279631at33208        -            584   2.1e-06   28.4   6.5   3   3     0.091        14    5.8   0.0   152   168   333   349   311   353 0.79 -
evm.utg659.9.1.5c2796f4              -            263 279631at33208        -            584   2.1e-06   28.3   1.3   1   2   8.6e-07   0.00014   22.4   0.2   460   529    50   120    42   131 0.90 -
evm.utg659.9.1.5c2796f4              -            263 279631at33208        -            584   2.1e-06   28.3   1.3   2   2      0.15        23    5.1   0.1   187   220   130   165   125   171 0.76 -
evm.utg910.142                       -            323 279631at33208        -            584   2.2e-06   28.3   0.1   1   2    0.0012      0.18   12.1   0.0   454   530     6    81     2    96 0.90 -
evm.utg910.142                       -            323 279631at33208        -            584   2.2e-06   28.3   0.1   2   2   0.00087      0.14   12.5   0.1   436   511   162   236   158   311 0.69 -
evm.utg736.40                        -            406 279631at33208        -            584   2.4e-06   28.2   2.2   1   3   9.9e-05     0.016   15.6   0.1   455   531   134   213   123   240 0.82 -
evm.utg736.40                        -            406 279631at33208        -            584   2.4e-06   28.2   2.2   2   3      0.09        14    5.8   0.2   460   529   284   355   267   362 0.55 -
evm.utg736.40                        -            406 279631at33208        -            584   2.4e-06   28.2   2.2   3   3     0.011       1.8    8.8   0.1   158   218   344   397   342   404 0.48 -
evm.utg788.47                        -           1044 279631at33208        -            584   2.5e-06   28.1  13.5   1   4       4.3   6.7e+02    0.3   0.2   447   515    87   161    80   184 0.67 -
evm.utg788.47                        -           1044 279631at33208        -            584   2.5e-06   28.1  13.5   2   4   0.00022     0.035   14.4   0.3   144   225   324   399   276   403 0.82 -
evm.utg788.47                        -           1044 279631at33208        -            584   2.5e-06   28.1  13.5   3   4    0.0001     0.016   15.6   0.5    24   174   429   603   416   610 0.63 -
evm.utg788.47                        -           1044 279631at33208        -            584   2.5e-06   28.1  13.5   4   4         2   3.2e+02    1.4   0.0   137   173   771   809   759   817 0.79 -
evm.utg479.8.1.5c22f153              -            444 279631at33208        -            584   2.6e-06   28.1   7.2   1   4   5.4e-05    0.0085   16.5   0.6   134   223    34   127    25   136 0.79 -
evm.utg479.8.1.5c22f153              -            444 279631at33208        -            584   2.6e-06   28.1   7.2   2   4     0.042       6.5    6.9   0.1   136   171   225   259   127   323 0.68 -
evm.utg479.8.1.5c22f153              -            444 279631at33208        -            584   2.6e-06   28.1   7.2   3   4     0.089        14    5.8   0.0   152   168   333   349   311   353 0.79 -
evm.utg479.8.1.5c22f153              -            444 279631at33208        -            584   2.6e-06   28.1   7.2   4   4       7.5   1.2e+03   -0.5   0.0    57    73   415   431   395   440 0.51 -
evm.utg1272.78                       -           1295 279631at33208        -            584   2.8e-06   27.9   3.6   1   5    0.0075       1.2    9.4   2.1   409   528   470   599   462   602 0.68 -
evm.utg1272.78                       -           1295 279631at33208        -            584   2.8e-06   27.9   3.6   2   5       2.1   3.3e+02    1.3   0.0   459   530   620   690   616   697 0.67 -
evm.utg1272.78                       -           1295 279631at33208        -            584   2.8e-06   27.9   3.6   3   5      0.22        34    4.5   0.0   178   221   738   781   730   792 0.79 -
evm.utg1272.78                       -           1295 279631at33208        -            584   2.8e-06   27.9   3.6   4   5      0.19        31    4.7   0.0   442   529   817   907   807   913 0.80 -
evm.utg1272.78                       -           1295 279631at33208        -            584   2.8e-06   27.9   3.6   5   5       1.6   2.5e+02    1.7   0.0   450   486   984  1021   950  1048 0.66 -
utg7821.evm.utg13634.5.mrna2         -            359 279631at33208        -            584   3.1e-06   27.8   0.0   1   2   1.7e-06   0.00027   21.4   0.0   412   532    49   167    41   180 0.81 -
utg7821.evm.utg13634.5.mrna2         -            359 279631at33208        -            584   3.1e-06   27.8   0.0   2   2      0.24        38    4.4   0.0   182   228   186   235   170   288 0.73 -
evm.utg4464.3                        -            892 279631at33208        -            584   3.6e-06   27.6   4.1   1   2     0.045         7    6.8   0.8    18   172    88   257    70   293 0.59 -
evm.utg4464.3                        -            892 279631at33208        -            584   3.6e-06   27.6   4.1   2   2   2.4e-06   0.00038   20.9   0.1    82   170   482   580   463   592 0.64 -
evm.utg389.100                       -            455 279631at33208        -            584   3.7e-06   27.5   5.7   1   3   0.00076      0.12   12.7   0.2   123   222   132   220    94   224 0.76 -
evm.utg389.100                       -            455 279631at33208        -            584   3.7e-06   27.5   5.7   2   3   9.2e-05     0.014   15.7   0.8   137   236   226   327   219   360 0.65 -
evm.utg389.100                       -            455 279631at33208        -            584   3.7e-06   27.5   5.7   3   3       5.9   9.2e+02   -0.2   0.0    84   129   341   391   318   399 0.68 -
evm.utg659.9                         -            354 279631at33208        -            584   4.2e-06   27.4   3.9   1   3   1.5e-06   0.00024   21.6   0.2   460   529    50   120    42   130 0.90 -
evm.utg659.9                         -            354 279631at33208        -            584   4.2e-06   27.4   3.9   2   3      0.23        36    4.5   0.1   187   220   130   165   126   172 0.76 -
evm.utg659.9                         -            354 279631at33208        -            584   4.2e-06   27.4   3.9   3   3       2.7   4.2e+02    1.0   0.1   461   520   283   342   277   348 0.76 -
evm.utg5985.15.4.5c22f28e            -            291 279631at33208        -            584   4.7e-06   27.2   0.2   1   2    0.0073       1.2    9.4   0.0   187   223    98   134    60   145 0.61 -
evm.utg5985.15.4.5c22f28e            -            291 279631at33208        -            584   4.7e-06   27.2   0.2   2   2   0.00011     0.017   15.5   0.0   449   493   183   227   148   276 0.73 -
evm.utg402.7                         -            934 279631at33208        -            584   5.3e-06   27.0   0.4   1   3      0.45        71    3.5   0.0   495   530   235   270   217   277 0.80 -
evm.utg402.7                         -            934 279631at33208        -            584   5.3e-06   27.0   0.4   2   3    0.0017      0.27   11.5   0.0   252   303   259   314   254   327 0.68 -
evm.utg402.7                         -            934 279631at33208        -            584   5.3e-06   27.0   0.4   3   3    0.0039      0.62   10.3   0.3   129   169   623   663   533   677 0.61 -
evm.utg411.98                        -            324 279631at33208        -            584     9e-06   26.3   0.8   1   3       0.5        78    3.4   0.0   190   219    26    55     4    76 0.62 -
evm.utg411.98                        -            324 279631at33208        -            584     9e-06   26.3   0.8   2   3    0.0014      0.22   11.8   0.0   188   221   110   143   104   152 0.92 -
evm.utg411.98                        -            324 279631at33208        -            584     9e-06   26.3   0.8   3   3     0.033       5.1    7.3   0.0   506   530   250   273   193   283 0.68 -
evm.utg5985.20                       -            327 279631at33208        -            584   1.2e-05   25.9   0.2   1   2      0.06       9.4    6.4   0.0   441   491   185   235   177   247 0.68 -
evm.utg5985.20                       -            327 279631at33208        -            584   1.2e-05   25.9   0.2   2   2   1.1e-05    0.0018   18.7   0.0    75   170   220   322   216   325 0.83 -
evm.utg715.1.1.5c22f38a              -            371 279631at33208        -            584   1.3e-05   25.8   0.0   1   3    0.0059      0.93    9.7   0.0   136   221    61   140    44   154 0.76 -
evm.utg715.1.1.5c22f38a              -            371 279631at33208        -            584   1.3e-05   25.8   0.0   2   3       4.9   7.6e+02    0.1   0.0    44    70   202   228   183   249 0.57 -
evm.utg715.1.1.5c22f38a              -            371 279631at33208        -            584   1.3e-05   25.8   0.0   3   3    0.0017      0.26   11.5   0.0   435   525   260   351   251   355 0.81 -
evm.utg5950.24                       -            446 279631at33208        -            584   1.3e-05   25.7   1.2   1   2      0.03       4.8    7.4   0.1   436   530    57   148    38   160 0.54 -
evm.utg5950.24                       -            446 279631at33208        -            584   1.3e-05   25.7   1.2   2   2       1.1   1.8e+02    2.2   0.1   262   299   167   205   155   211 0.83 -
evm.utg2428.30.1.5c22ed9a            -            721 279631at33208        -            584   1.4e-05   25.7   0.1   1   2         5   7.8e+02    0.1   0.0   512   533    59    80    18   126 0.79 -
evm.utg2428.30.1.5c22ed9a            -            721 279631at33208        -            584   1.4e-05   25.7   0.1   2   2   5.8e-07   9.1e-05   23.0   0.1   151   219   195   269   189   272 0.79 -
evm.utg8380.14                       -            389 279631at33208        -            584   1.9e-05   25.2   1.6   1   2   4.3e-07   6.7e-05   23.4   0.9   138   219   230   307   203   313 0.73 -
evm.utg8380.14                       -            389 279631at33208        -            584   1.9e-05   25.2   1.6   2   2       8.7   1.4e+03   -0.7   0.0   188   216   346   375   336   382 0.69 -
evm.utg150.89.1.5c22eb05             -           2738 279631at33208        -            584   2.1e-05   25.1   0.4   1   3    0.0042      0.66   10.2   0.1   132   178  1233  1279  1229  1333 0.74 -
evm.utg150.89.1.5c22eb05             -           2738 279631at33208        -            584   2.1e-05   25.1   0.4   2   3         5   7.8e+02    0.1   0.0   135   168  1430  1463  1403  1467 0.76 -
evm.utg150.89.1.5c22eb05             -           2738 279631at33208        -            584   2.1e-05   25.1   0.4   3   3    0.0057      0.89    9.8   0.0   122   171  1607  1656  1550  1674 0.84 -
evm.utg150.89                        -           2739 279631at33208        -            584   2.1e-05   25.1   0.4   1   3    0.0042      0.67   10.2   0.1   132   178  1234  1280  1230  1334 0.74 -
evm.utg150.89                        -           2739 279631at33208        -            584   2.1e-05   25.1   0.4   2   3         5   7.8e+02    0.1   0.0   135   168  1431  1464  1404  1468 0.76 -
evm.utg150.89                        -           2739 279631at33208        -            584   2.1e-05   25.1   0.4   3   3    0.0057       0.9    9.8   0.0   122   171  1608  1657  1551  1675 0.84 -
evm.utg1931.9                        -           2862 279631at33208        -            584   2.1e-05   25.1   0.6   1   3    0.0025      0.39   11.0   0.1   131   181  1375  1425  1368  1476 0.69 -
evm.utg1931.9                        -           2862 279631at33208        -            584   2.1e-05   25.1   0.6   2   3       1.9     3e+02    1.4   0.0   185   217  1574  1606  1453  1618 0.54 -
evm.utg1931.9                        -           2862 279631at33208        -            584   2.1e-05   25.1   0.6   3   3    0.0084       1.3    9.2   0.0   126   171  1754  1799  1706  1817 0.85 -
evm.utg1721.37                       -            409 279631at33208        -            584   2.5e-05   24.8   5.6   1   4     0.015       2.4    8.4   0.3   454   530    67   143    56   153 0.61 -
evm.utg1721.37                       -            409 279631at33208        -            584   2.5e-05   24.8   5.6   2   4     0.071        11    6.2   0.1   132   167   232   267   162   274 0.71 -
evm.utg1721.37                       -            409 279631at33208        -            584   2.5e-05   24.8   5.6   3   4      0.92   1.5e+02    2.5   0.0   553   583   328   360   292   361 0.67 -
evm.utg1721.37                       -            409 279631at33208        -            584   2.5e-05   24.8   5.6   4   4      0.14        21    5.2   0.0   267   299   371   402   365   407 0.85 -
evm.utg798.13                        -            382 279631at33208        -            584   2.6e-05   24.7   0.5   1   2      0.55        86    3.2   0.4   116   143    93   120    20   204 0.88 -
evm.utg798.13                        -            382 279631at33208        -            584   2.6e-05   24.7   0.5   2   2   9.4e-06    0.0015   19.0   0.0   151   219   229   292   206   299 0.80 -
evm.utg129.32                        -           2435 279631at33208        -            584   3.1e-05   24.5   0.0   1   1   4.2e-07   6.6e-05   23.4   0.0   111   229  2187  2308  2174  2322 0.82 -
evm.utg5950.24.1.5c22f287            -            477 279631at33208        -            584   3.2e-05   24.5   1.9   1   3     0.085        13    5.9   0.0    36    73   110   151    80   164 0.67 -
evm.utg5950.24.1.5c22f287            -            477 279631at33208        -            584   3.2e-05   24.5   1.9   2   3       1.4   2.1e+02    1.9   0.1   263   299   168   205   165   213 0.81 -
evm.utg5950.24.1.5c22f287            -            477 279631at33208        -            584   3.2e-05   24.5   1.9   3   3    0.0011      0.18   12.1   0.0   133   173   293   333   253   348 0.80 -
evm.utg1882.2                        -            644 279631at33208        -            584   3.5e-05   24.4   0.0   1   1   4.7e-07   7.5e-05   23.3   0.0   112   224   397   512   381   520 0.78 -
evm.utg736.1                         -            477 279631at33208        -            584   3.8e-05   24.2   0.0   1   3      0.48        76    3.4   0.0   125   159    31    66    15    71 0.79 -
evm.utg736.1                         -            477 279631at33208        -            584   3.8e-05   24.2   0.0   2   3         6   9.4e+02   -0.2   0.0   499   529   200   230   173   238 0.71 -
evm.utg736.1                         -            477 279631at33208        -            584   3.8e-05   24.2   0.0   3   3   5.6e-05    0.0087   16.4   0.1   463   530   334   404   285   424 0.71 -
evm.utg192.39                        -            299 279631at33208        -            584   4.2e-05   24.1   0.7   1   1   4.3e-06   0.00068   20.1   0.7   138   341    15   217     5   225 0.72 -
evm.utg73.39                         -            326 279631at33208        -            584   5.2e-05   23.8   0.3   1   2   2.3e-05    0.0036   17.7   0.2    82   169    30   125    19   141 0.74 -
evm.utg73.39                         -            326 279631at33208        -            584   5.2e-05   23.8   0.3   2   2      0.47        74    3.5   0.0   439   477   258   295   233   300 0.77 -
evm.utg15211.1                       -            289 279631at33208        -            584   6.3e-05   23.5   0.2   1   2       3.9   6.2e+02    0.4   0.0   193   219    42    69    32    89 0.53 -
evm.utg15211.1                       -            289 279631at33208        -            584   6.3e-05   23.5   0.2   2   2   2.6e-06   0.00041   20.8   0.1   435   531   101   198    79   207 0.86 -
evm.utg736.40.1.5c22f3d4             -            386 279631at33208        -            584   6.7e-05   23.4   2.2   1   2   8.2e-05     0.013   15.9   0.1   455   531   134   213   123   248 0.81 -
evm.utg736.40.1.5c22f3d4             -            386 279631at33208        -            584   6.7e-05   23.4   2.2   2   2     0.038         6    7.1   0.4   197   222   334   359   217   372 0.67 -
evm.utg109.19                        -            756 279631at33208        -            584   6.9e-05   23.4   0.2   1   1   1.3e-06    0.0002   21.8   0.1   131   171   235   275   211   291 0.83 -
evm.utg378.105                       -            554 279631at33208        -            584   7.1e-05   23.3   0.1   1   2   4.8e-05    0.0075   16.6   0.0   437   488    45    96    26   110 0.71 -
evm.utg378.105                       -            554 279631at33208        -            584   7.1e-05   23.3   0.1   2   2      0.24        37    4.4   0.0   457   529   196   281   164   288 0.71 -
evm.utg1819.13                       -            476 279631at33208        -            584   7.5e-05   23.2   0.8   1   1   7.1e-07   0.00011   22.7   0.8     6   171   180   352   176   368 0.76 -
evm.utg790.33                        -            336 279631at33208        -            584   8.5e-05   23.1   0.0   1   2    0.0037      0.58   10.4   0.0   138   225    94   176    25   185 0.83 -
evm.utg790.33                        -            336 279631at33208        -            584   8.5e-05   23.1   0.0   2   2    0.0043      0.67   10.2   0.0   143   220   196   272   193   280 0.83 -
evm.utg1575.11                       -           1282 279631at33208        -            584   8.6e-05   23.1   0.1   1   1     2e-06   0.00031   21.2   0.2   109   222  1084  1191  1043  1198 0.77 -
evm.utg3155.17                       -            641 279631at33208        -            584   0.00012   22.6   7.1   1   5     0.015       2.4    8.4   0.1   141   219    14    88     3   101 0.57 -
evm.utg3155.17                       -            641 279631at33208        -            584   0.00012   22.6   7.1   2   5    0.0025      0.39   11.0   0.3   104   223   112   233   100   237 0.75 -
evm.utg3155.17                       -            641 279631at33208        -            584   0.00012   22.6   7.1   3   5       6.1   9.6e+02   -0.2   0.0    54    97   419   460   401   477 0.70 -
evm.utg3155.17                       -            641 279631at33208        -            584   0.00012   22.6   7.1   4   5       6.2   9.7e+02   -0.2   0.0   202   229   544   571   517   595 0.67 -
evm.utg3155.17                       -            641 279631at33208        -            584   0.00012   22.6   7.1   5   5         3   4.7e+02    0.8   0.0   156   194   601   636   586   638 0.76 -
evm.utg7840.7                        -            280 279631at33208        -            584   0.00012   22.6   1.3   1   1   1.1e-06   0.00017   22.1   1.3    25   171     3   156     1   168 0.82 -
evm.utg1278.33                       -            655 279631at33208        -            584   0.00012   22.5   0.7   1   3      0.72   1.1e+02    2.8   0.0   178   221   169   212   162   223 0.68 -
evm.utg1278.33                       -            655 279631at33208        -            584   0.00012   22.5   0.7   2   3   0.00037     0.058   13.7   0.3   471   530   296   360   274   371 0.78 -
evm.utg1278.33                       -            655 279631at33208        -            584   0.00012   22.5   0.7   3   3       1.6   2.6e+02    1.7   0.0   464   520   384   442   371   447 0.70 -
evm.utg4194.43                       -            521 279631at33208        -            584   0.00013   22.4   0.3   1   1   9.5e-06    0.0015   19.0   0.3   138   322   237   419   229   446 0.72 -
evm.utg126.151                       -            820 279631at33208        -            584   0.00017   22.1   0.0   1   3   0.00057      0.09   13.1   0.0   136   215    41   116    21   129 0.67 -
evm.utg126.151                       -            820 279631at33208        -            584   0.00017   22.1   0.0   2   3       1.4   2.3e+02    1.8   0.0   157   218   152   214   142   226 0.76 -
evm.utg126.151                       -            820 279631at33208        -            584   0.00017   22.1   0.0   3   3      0.78   1.2e+02    2.7   0.0   119   169   703   755   685   775 0.76 -
evm.utg6924.10                       -            677 279631at33208        -            584   0.00017   22.1  10.0   1   4       2.2   3.5e+02    1.2   0.0   133   171    56    94    43   123 0.51 -
evm.utg6924.10                       -            677 279631at33208        -            584   0.00017   22.1  10.0   2   4       4.7   7.4e+02    0.1   0.0   449   559   367   469   363   488 0.75 -
evm.utg6924.10                       -            677 279631at33208        -            584   0.00017   22.1  10.0   3   4    0.0016      0.25   11.6   2.8   502   582   511   583   492   585 0.70 -
evm.utg6924.10                       -            677 279631at33208        -            584   0.00017   22.1  10.0   4   4    0.0037      0.59   10.4   1.2   407   528   548   671   544   673 0.75 -
evm.utg1285.72.1.5c22e9f6            -           1103 279631at33208        -            584   0.00019   21.9   0.0   1   2     0.037       5.9    7.1   0.0   410   468   942  1000   936  1011 0.76 -
evm.utg1285.72.1.5c22e9f6            -           1103 279631at33208        -            584   0.00019   21.9   0.0   2   2    0.0007      0.11   12.8   0.0   136   196  1031  1083  1004  1097 0.72 -
evm.utg15552.3                       -            751 279631at33208        -            584   0.00019   21.9   0.0   1   1   3.6e-06   0.00057   20.3   0.0   144   228    17   110     5   113 0.86 -
evm.utg280.24                        -            336 279631at33208        -            584   0.00022   21.7   0.0   1   2    0.0074       1.2    9.4   0.0   138   225    94   176    52   189 0.80 -
evm.utg280.24                        -            336 279631at33208        -            584   0.00022   21.7   0.0   2   2    0.0053      0.84    9.9   0.0   143   220   196   272   193   280 0.84 -
evm.utg5774.22                       -            458 279631at33208        -            584   0.00022   21.7   2.0   1   2    0.0097       1.5    9.0   0.1   142   219    15    88     4   102 0.57 -
evm.utg5774.22                       -            458 279631at33208        -            584   0.00022   21.7   2.0   2   2     0.002      0.32   11.3   0.3   105   223   113   233   100   237 0.74 -
evm.utg62.107                        -           1144 279631at33208        -            584   0.00023   21.6   0.0   1   2      0.21        34    4.6   0.0   269   302    12    44     5    53 0.87 -
evm.utg62.107                        -           1144 279631at33208        -            584   0.00023   21.6   0.0   2   2   1.5e-06   0.00023   21.6   0.0   111   179    84   153    70   179 0.73 -
evm.utg378.33                        -            500 279631at33208        -            584   0.00024   21.6   0.0   1   2   0.00012     0.019   15.3   0.0   447   527    83   165    64   178 0.88 -
evm.utg378.33                        -            500 279631at33208        -            584   0.00024   21.6   0.0   2   2      0.39        62    3.7   0.0   104   168   342   409   284   419 0.73 -
evm.utg564.51                        -            671 279631at33208        -            584   0.00028   21.4   0.2   1   1   3.5e-06   0.00055   20.4   0.2   130   170   234   274   163   283 0.85 -
evm.utg1721.37.1.5c22ebc9            -            385 279631at33208        -            584   0.00035   21.0   2.9   1   3     0.014       2.2    8.5   0.3   454   530    67   143    58   154 0.61 -
evm.utg1721.37.1.5c22ebc9            -            385 279631at33208        -            584   0.00035   21.0   2.9   2   3      0.06       9.5    6.4   0.1   132   167   232   267   162   279 0.71 -
evm.utg1721.37.1.5c22ebc9            -            385 279631at33208        -            584   0.00035   21.0   2.9   3   3      0.45        71    3.5   0.0   189   219   331   361   292   369 0.63 -
evm.utg3522.83                       -           1200 279631at33208        -            584   0.00042   20.8   0.0   1   1   6.8e-06    0.0011   19.4   0.0   144   228    17   110     5   113 0.86 -
evm.utg101.81                        -            931 279631at33208        -            584   0.00047   20.6   1.0   1   2    0.0071       1.1    9.5   0.0   406   478    88   158    69   175 0.84 -
evm.utg101.81                        -            931 279631at33208        -            584   0.00047   20.6   1.0   2   2     0.034       5.3    7.2   0.1   450   487   474   511   436   518 0.76 -
evm.utg498.169.2.5c22f1aa            -            426 279631at33208        -            584   0.00048   20.6   3.1   1   2      0.12        20    5.4   0.0   155   177   182   204   170   220 0.80 -
evm.utg498.169.2.5c22f1aa            -            426 279631at33208        -            584   0.00048   20.6   3.1   2   2   0.00023     0.036   14.4   0.6   141   221   307   378   206   382 0.67 -
evm.utg888.56                        -            459 279631at33208        -            584   0.00064   20.2   1.4   1   3      0.11        17    5.6   0.2   415   529   181   304   170   309 0.73 -
evm.utg888.56                        -            459 279631at33208        -            584   0.00064   20.2   1.4   2   3      0.14        21    5.2   0.0   491   529   326   363   320   375 0.76 -
evm.utg888.56                        -            459 279631at33208        -            584   0.00064   20.2   1.4   3   3     0.055       8.7    6.5   0.1   498   529   385   416   368   429 0.75 -
evm.utg163.79.1.5c22eb7f             -            585 279631at33208        -            584   0.00069   20.1   5.1   1   5     0.076        12    6.1   0.1    38    73     7    45     2    57 0.80 -
evm.utg163.79.1.5c22eb7f             -            585 279631at33208        -            584   0.00069   20.1   5.1   2   5     0.097        15    5.7   0.0   493   529    98   134    79   140 0.86 -
evm.utg163.79.1.5c22eb7f             -            585 279631at33208        -            584   0.00069   20.1   5.1   3   5       0.2        31    4.7   0.0   460   531   149   218   138   233 0.63 -
evm.utg163.79.1.5c22eb7f             -            585 279631at33208        -            584   0.00069   20.1   5.1   4   5      0.46        73    3.5   0.0   455   519   185   247   175   252 0.55 -
evm.utg163.79.1.5c22eb7f             -            585 279631at33208        -            584   0.00069   20.1   5.1   5   5       6.4     1e+03   -0.3   0.0   503   541   508   545   454   549 0.73 -
evm.utg622.116                       -            447 279631at33208        -            584   0.00075   19.9   1.0   1   3      0.17        27    4.9   0.1   137   170    94   128    54   149 0.60 -
evm.utg622.116                       -            447 279631at33208        -            584   0.00075   19.9   1.0   2   3     0.004      0.63   10.3   0.0   439   531   195   295   177   304 0.65 -
evm.utg622.116                       -            447 279631at33208        -            584   0.00075   19.9   1.0   3   3       4.3   6.8e+02    0.3   0.0   142   169   376   403   344   443 0.52 -
evm.utg116.24                        -            526 279631at33208        -            584    0.0008   19.8   0.1   1   1     1e-05    0.0016   18.9   0.1   452   529   212   288   204   311 0.86 -
evm.utg6078.67                       -            692 279631at33208        -            584   0.00093   19.6   3.9   1   2     0.017       2.6    8.3   0.0   489   537   414   466   377   479 0.70 -
evm.utg6078.67                       -            692 279631at33208        -            584   0.00093   19.6   3.9   2   2    0.0016      0.26   11.6   1.0   175   219   519   564   514   582 0.80 -
evm.utg1846.70                       -            728 279631at33208        -            584     0.001   19.5   0.2   1   3       2.2   3.4e+02    1.3   0.0   206   245    71   108    61   119 0.78 -
evm.utg1846.70                       -            728 279631at33208        -            584     0.001   19.5   0.2   2   3      0.26        41    4.3   0.0   431   499   204   275   187   326 0.79 -
evm.utg1846.70                       -            728 279631at33208        -            584     0.001   19.5   0.2   3   3    0.0056      0.88    9.8   0.0   408   529   419   546   404   567 0.87 -
evm.utg729.147.2.5c22f3b0            -            466 279631at33208        -            584    0.0011   19.3   0.1   1   1     2e-05    0.0031   17.9   0.0   452   529   151   227   143   251 0.85 -
evm.utg6379.9                        -            677 279631at33208        -            584    0.0012   19.2  12.3   1   3       1.2   1.9e+02    2.1   0.0   440   517    46   121    43   133 0.64 -
evm.utg6379.9                        -            677 279631at33208        -            584    0.0012   19.2  12.3   2   3    0.0025      0.39   11.0   3.9   498   582   507   583   493   585 0.71 -
evm.utg6379.9                        -            677 279631at33208        -            584    0.0012   19.2  12.3   3   3     0.007       1.1    9.5   1.5   407   528   548   671   543   673 0.74 -
evm.utg2099.34                       -            412 279631at33208        -            584    0.0012   19.2   2.4   1   1   5.1e-05     0.008   16.5   2.4   266   324   311   367   197   375 0.59 -
evm.utg1137.2                        -            414 279631at33208        -            584    0.0014   19.1   0.1   1   2      0.32        50    4.0   0.0   439   492   144   201   118   247 0.63 -
evm.utg1137.2                        -            414 279631at33208        -            584    0.0014   19.1   0.1   2   2    0.0011      0.17   12.2   0.0   266   298   307   338   270   355 0.76 -
evm.utg55.185.2.5c22f22c             -            697 279631at33208        -            584    0.0015   19.0   1.9   1   3       2.8   4.4e+02    0.9   0.0    47    70    68    91    26   115 0.68 -
evm.utg55.185.2.5c22f22c             -            697 279631at33208        -            584    0.0015   19.0   1.9   2   3   0.00018     0.029   14.7   0.0   428   490   212   276   201   317 0.84 -
evm.utg55.185.2.5c22f22c             -            697 279631at33208        -            584    0.0015   19.0   1.9   3   3       7.1   1.1e+03   -0.4   0.1    56    96   435   474   365   497 0.56 -
evm.utg3260.8.1.5c22ef11.1.5c279395  -            447 279631at33208        -            584    0.0015   18.9   4.3   1   3    0.0087       1.4    9.2   0.0   465   556     9   102     6   110 0.80 -
evm.utg3260.8.1.5c22ef11.1.5c279395  -            447 279631at33208        -            584    0.0015   18.9   4.3   2   3    0.0061      0.96    9.7   0.3   265   325   109   164   103   176 0.66 -
evm.utg3260.8.1.5c22ef11.1.5c279395  -            447 279631at33208        -            584    0.0015   18.9   4.3   3   3       7.2   1.1e+03   -0.5   0.0   438   467   175   204   159   210 0.81 -
evm.utg729.147.1.5c22f3b0            -            508 279631at33208        -            584    0.0017   18.7   0.0   1   1   2.2e-05    0.0035   17.7   0.0   452   529   212   288   204   312 0.86 -
evm.utg27.27                         -           1017 279631at33208        -            584    0.0017   18.7   6.1   1   2   0.00056     0.089   13.1   0.1   117   175   255   317   199   337 0.73 -
evm.utg27.27                         -           1017 279631at33208        -            584    0.0017   18.7   6.1   2   2     0.028       4.4    7.5   0.4    56   177   497   619   482   634 0.65 -
evm.utg729.147                       -            527 279631at33208        -            584    0.0019   18.6   0.1   1   1   2.4e-05    0.0038   17.6   0.1   452   529   212   288   204   311 0.85 -
evm.utg4455.54                       -            917 279631at33208        -            584     0.002   18.6   4.0   1   4     0.015       2.3    8.4   0.0   136   171   382   417   378   420 0.85 -
evm.utg4455.54                       -            917 279631at33208        -            584     0.002   18.6   4.0   2   4       1.4   2.2e+02    1.9   0.0   120   184   472   535   420   542 0.64 -
evm.utg4455.54                       -            917 279631at33208        -            584     0.002   18.6   4.0   3   4      0.28        44    4.2   1.2   439   535   692   797   675   815 0.67 -
evm.utg4455.54                       -            917 279631at33208        -            584     0.002   18.6   4.0   4   4       3.2   5.1e+02    0.7   0.0   426   466   814   855   805   862 0.79 -
evm.utg11096.12                      -            358 279631at33208        -            584     0.002   18.5   0.1   1   2      0.18        28    4.8   0.0   417   493   123   202   117   220 0.67 -
evm.utg11096.12                      -            358 279631at33208        -            584     0.002   18.5   0.1   2   2    0.0035      0.54   10.5   0.0   266   298   260   291   245   308 0.61 -
evm.utg3260.8.1.5c22ef11             -            477 279631at33208        -            584     0.002   18.5   4.3   1   3    0.0097       1.5    9.0   0.0   465   556     9   102     6   110 0.80 -
evm.utg3260.8.1.5c22ef11             -            477 279631at33208        -            584     0.002   18.5   4.3   2   3    0.0061      0.96    9.7   0.4   265   326   109   165   103   179 0.68 -
evm.utg3260.8.1.5c22ef11             -            477 279631at33208        -            584     0.002   18.5   4.3   3   3       7.8   1.2e+03   -0.6   0.0   438   467   175   204   159   210 0.81 -
evm.utg377.23                        -            826 279631at33208        -            584    0.0021   18.5   0.1   1   2       1.1   1.7e+02    2.2   0.0   443   512   478   553   429   590 0.69 -
evm.utg377.23                        -            826 279631at33208        -            584    0.0021   18.5   0.1   2   2    0.0004     0.063   13.6   0.3   112   223   633   741   564   746 0.73 -
evm.utg3839.110                      -            824 279631at33208        -            584    0.0022   18.4   0.2   1   2       1.2   1.9e+02    2.1   0.0   443   512   476   551   428   587 0.69 -
evm.utg3839.110                      -            824 279631at33208        -            584    0.0022   18.4   0.2   2   2   0.00036     0.056   13.8   0.3   111   223   630   739   560   749 0.73 -
evm.utg3260.8                        -            668 279631at33208        -            584    0.0024   18.3   2.9   1   2     0.016       2.6    8.3   0.0   465   556     9   102     6   110 0.80 -
evm.utg3260.8                        -            668 279631at33208        -            584    0.0024   18.3   2.9   2   2     0.011       1.7    8.8   0.6   265   326   109   165   104   180 0.67 -
evm.utg78.65.1.5c22f420              -            558 279631at33208        -            584    0.0025   18.2   0.0   1   1   2.3e-05    0.0036   17.7   0.0   133   219   408   487   402   492 0.86 -
evm.utg55.185.1.5c22f22c             -            784 279631at33208        -            584    0.0029   18.0   2.2   1   3       3.2   5.1e+02    0.7   0.0    47    70    68    91    26   115 0.68 -
evm.utg55.185.1.5c22f22c             -            784 279631at33208        -            584    0.0029   18.0   2.2   2   3   0.00022     0.034   14.5   0.0   428   490   212   276   201   316 0.84 -
evm.utg55.185.1.5c22f22c             -            784 279631at33208        -            584    0.0029   18.0   2.2   3   3       8.5   1.3e+03   -0.7   0.1    56    96   435   474   366   496 0.56 -
evm.utg2303.49                       -            513 279631at33208        -            584    0.0032   17.9   0.0   1   2     0.067        11    6.2   0.0   158   533   172   248   162   256 0.39 -
evm.utg2303.49                       -            513 279631at33208        -            584    0.0032   17.9   0.0   2   2      0.23        36    4.5   0.0   460   531   356   430   336   434 0.78 -
evm.utg55.185                        -            839 279631at33208        -            584    0.0036   17.7   2.1   1   3       3.5   5.5e+02    0.6   0.0    47    70    68    91    26   114 0.68 -
evm.utg55.185                        -            839 279631at33208        -            584    0.0036   17.7   2.1   2   3   0.00024     0.037   14.3   0.0   428   490   212   276   201   316 0.84 -
evm.utg55.185                        -            839 279631at33208        -            584    0.0036   17.7   2.1   3   3       9.3   1.5e+03   -0.8   0.1    56    96   435   474   366   496 0.56 -
evm.utg3605.58                       -            566 279631at33208        -            584    0.0045   17.4   0.3   1   2      0.62        98    3.0   0.0    83    99   115   131    94   167 0.66 -
evm.utg3605.58                       -            566 279631at33208        -            584    0.0045   17.4   0.3   2   2    0.0024      0.37   11.0   0.2   129   169   441   481   350   495 0.63 -
evm.utg622.116.1.5c22f2e9            -            417 279631at33208        -            584    0.0047   17.3   0.2   1   3       2.7   4.2e+02    1.0   0.0   510   529    78    97    67   113 0.79 -
evm.utg622.116.1.5c22f2e9            -            417 279631at33208        -            584    0.0047   17.3   0.2   2   3    0.0035      0.56   10.5   0.0   439   531   165   265   147   274 0.65 -
evm.utg622.116.1.5c22f2e9            -            417 279631at33208        -            584    0.0047   17.3   0.2   3   3       3.9   6.2e+02    0.4   0.0   142   169   346   373   314   413 0.52 -
evm.utg1663.59                       -            423 279631at33208        -            584    0.0049   17.2   0.1   1   1   7.3e-05     0.011   16.0   0.0   116   231    77   197    68   206 0.82 -
evm.utg2428.11                       -           2055 279631at33208        -            584    0.0052   17.2   0.1   1   2   0.00034     0.053   13.8   0.0   131   222  1753  1842  1737  1847 0.85 -
evm.utg2428.11                       -           2055 279631at33208        -            584    0.0052   17.2   0.1   2   2         3   4.6e+02    0.8   0.0   188   220  1940  1971  1933  1979 0.77 -
evm.utg4318.22                       -           1196 279631at33208        -            584    0.0052   17.2   0.0   1   2       2.7   4.2e+02    0.9   0.0   140   171   122   154    92   210 0.73 -
evm.utg4318.22                       -           1196 279631at33208        -            584    0.0052   17.2   0.0   2   2   0.00087      0.14   12.5   0.0   164   222   241   294   214   301 0.75 -
evm.utg163.79                        -            772 279631at33208        -            584    0.0052   17.2   5.9   1   5      0.11        17    5.6   0.1    38    73     7    45     2    57 0.80 -
evm.utg163.79                        -            772 279631at33208        -            584    0.0052   17.2   5.9   2   5     0.072        11    6.1   0.1   494   530    99   135    79   176 0.71 -
evm.utg163.79                        -            772 279631at33208        -            584    0.0052   17.2   5.9   3   5     0.043       6.8    6.9   0.1    90   530   128   217   122   227 0.51 -
evm.utg163.79                        -            772 279631at33208        -            584    0.0052   17.2   5.9   4   5       0.6        94    3.1   0.0   455   518   185   246   170   252 0.55 -
evm.utg163.79                        -            772 279631at33208        -            584    0.0052   17.2   5.9   5   5       9.5   1.5e+03   -0.9   0.0   504   541   509   545   457   549 0.73 -
evm.utg5290.21                       -            530 279631at33208        -            584    0.0054   17.1   0.0   1   2     0.051         8    6.6   0.0   157   533   189   266   178   274 0.38 -
evm.utg5290.21                       -            530 279631at33208        -            584    0.0054   17.1   0.0   2   2      0.25        39    4.4   0.0   460   531   374   448   354   452 0.78 -
evm.utg2129.147                      -            400 279631at33208        -            584    0.0055   17.1   0.0   1   1     9e-05     0.014   15.7   0.0   113   169   109   167    91   175 0.69 -
evm.utg378.4                         -           1723 279631at33208        -            584    0.0062   16.9   0.0   1   3     0.018       2.8    8.2   0.0   460   531    92   164    45   177 0.77 -
evm.utg378.4                         -           1723 279631at33208        -            584    0.0062   16.9   0.0   2   3       4.9   7.7e+02    0.1   0.0   262   307   324   368   313   375 0.75 -
evm.utg378.4                         -           1723 279631at33208        -            584    0.0062   16.9   0.0   3   3      0.97   1.5e+02    2.4   0.0   455   489   709   743   698   753 0.87 -
evm.utg364.29                        -            339 279631at33208        -            584    0.0087   16.4   0.0   1   1   0.00011     0.018   15.4   0.0   114   172   134   194   121   245 0.85 -
evm.utg39192.1                       -            333 279631at33208        -            584    0.0095   16.3   0.1   1   1   0.00016     0.024   14.9   0.1   449   487   270   308   263   331 0.88 -
evm.utg431.28.29                     -            766 279631at33208        -            584      0.01   16.2   0.1   1   2       1.8   2.8e+02    1.6   0.0    72    98   426   452   410   506 0.61 -
evm.utg431.28.29                     -            766 279631at33208        -            584      0.01   16.2   0.1   2   2    0.0027      0.42   10.9   0.0   437   501   610   674   591   703 0.83 -
evm.utg183.20                        -            427 279631at33208        -            584      0.01   16.2   0.0   1   1   0.00018     0.028   14.8   0.0   114   530   112   170    93   231 0.54 -
evm.utg888.20                        -           4000 279631at33208        -            584     0.012   16.0   0.1   1   2    0.0046      0.72   10.1   0.0   406   477  3793  3858  3787  3862 0.84 -
evm.utg888.20                        -           4000 279631at33208        -            584     0.012   16.0   0.1   2   2      0.46        72    3.5   0.0   432   486  3913  3969  3891  3976 0.77 -
evm.utg431.28.29.1.5c27950b          -            796 279631at33208        -            584     0.015   15.7   0.1   1   2       2.4   3.8e+02    1.1   0.0    72    97   426   451   410   488 0.59 -
evm.utg431.28.29.1.5c27950b          -            796 279631at33208        -            584     0.015   15.7   0.1   2   2    0.0028      0.44   10.8   0.0   437   501   640   704   621   733 0.83 -
evm.utg21625.5                       -           1001 279631at33208        -            584     0.017   15.5   0.0   1   1   0.00018     0.029   14.7   0.0   409   481   923   990   913   997 0.77 -
evm.utg1138.2                        -            324 279631at33208        -            584     0.026   14.9   1.1   1   2     0.011       1.8    8.8   0.1   440   493   137   191   128   223 0.83 -
evm.utg1138.2                        -            324 279631at33208        -            584     0.026   14.9   1.1   2   2      0.74   1.2e+02    2.8   0.0   186   227   241   282   214   284 0.87 -
evm.utg301.67                        -           3787 279631at33208        -            584     0.026   14.9   1.8   1   1   0.00027     0.042   14.2   0.5   406   528  3383  3505  3377  3508 0.81 -
evm.utg2433.4                        -            480 279631at33208        -            584     0.031   14.6   0.0   1   2      0.26        40    4.3   0.0   461   531   180   251   168   258 0.73 -
evm.utg2433.4                        -            480 279631at33208        -            584     0.031   14.6   0.0   2   2     0.023       3.6    7.8   0.0   443   529   293   378   286   382 0.85 -
evm.utg3283.17                       -            668 279631at33208        -            584     0.033   14.5   5.5   1   2     0.058       9.2    6.4   0.1   465   554     9   100     6   110 0.77 -
evm.utg3283.17                       -            668 279631at33208        -            584     0.033   14.5   5.5   2   2    0.0097       1.5    9.0   0.4   266   308   110   147   104   180 0.56 -
evm.utg967.32                        -            343 279631at33208        -            584     0.055   13.8   0.1   1   1    0.0006     0.095   13.0   0.1   409   488   181   258   178   271 0.78 -
evm.utg377.24.1.5c22efd8             -            481 279631at33208        -            584     0.065   13.5   0.6   1   2     0.018       2.8    8.1   0.1   140   292    59   211    35   221 0.64 -
evm.utg377.24.1.5c22efd8             -            481 279631at33208        -            584     0.065   13.5   0.6   2   2       0.5        79    3.4   0.0   463   488   254   279   241   290 0.80 -
evm.utg101.48.1.5c22e7c5             -            295 279631at33208        -            584     0.077   13.3   1.0   1   2      0.56        89    3.2   0.1   473   532   114   172    87   179 0.74 -
evm.utg101.48.1.5c22e7c5             -            295 279631at33208        -            584     0.077   13.3   1.0   2   2     0.028       4.4    7.5   0.0   185   221   187   224   178   236 0.85 -
evm.utg535.8                         -            403 279631at33208        -            584       0.1   12.9   0.0   1   2     0.015       2.3    8.4   0.0   447   488   173   214   149   223 0.86 -
evm.utg535.8                         -            403 279631at33208        -            584       0.1   12.9   0.0   2   2       1.8   2.8e+02    1.5   0.0   439   500   268   329   254   347 0.75 -
evm.utg4187.2                        -            172 279631at33208        -            584       0.1   12.9   0.0   1   1   0.00079      0.12   12.6   0.0   143   196    95   148    34   162 0.73 -
evm.utg9769.3                        -            553 279631at33208        -            584      0.11   12.8   0.0   1   2      0.12        18    5.5   0.0   461   531   196   267   181   273 0.82 -
evm.utg9769.3                        -            553 279631at33208        -            584      0.11   12.8   0.0   2   2      0.18        28    4.8   0.0   445   528   311   393   302   397 0.74 -
evm.utg377.24                        -            615 279631at33208        -            584      0.12   12.7   0.6   1   2     0.028       4.5    7.5   0.1   140   262    59   177    35   221 0.64 -
evm.utg377.24                        -            615 279631at33208        -            584      0.12   12.7   0.6   2   2      0.69   1.1e+02    2.9   0.0   463   488   254   279   242   290 0.80 -
evm.utg101.48                        -            357 279631at33208        -            584      0.12   12.7   0.9   1   2       0.7   1.1e+02    2.9   0.1   473   532   114   172    83   180 0.74 -
evm.utg101.48                        -            357 279631at33208        -            584      0.12   12.7   0.9   2   2     0.037       5.8    7.1   0.0   185   221   187   224   181   240 0.84 -
evm.utg2100.48                       -            413 279631at33208        -            584      0.12   12.7   0.0   1   2       2.7   4.2e+02    1.0   0.0   199   221   197   219   176   232 0.63 -
evm.utg2100.48                       -            413 279631at33208        -            584      0.12   12.7   0.0   2   2     0.014       2.2    8.5   0.0   155   225   325   394   301   399 0.80 -
evm.utg1230.12                       -           1137 279631at33208        -            584      0.17   12.1   8.2   1   4     0.063       9.9    6.3   0.1   440   492   363   416   352   447 0.84 -
evm.utg1230.12                       -           1137 279631at33208        -            584      0.17   12.1   8.2   2   4       1.2   1.9e+02    2.1   0.0   187   229   468   510   439   547 0.70 -
evm.utg1230.12                       -           1137 279631at33208        -            584      0.17   12.1   8.2   3   4       4.3   6.8e+02    0.3   0.0    56    76   664   684   643   700 0.54 -
evm.utg1230.12                       -           1137 279631at33208        -            584      0.17   12.1   8.2   4   4      0.61        96    3.1   0.1    76    99   945   968   926   976 0.72 -
evm.utg126.136                       -            473 279631at33208        -            584      0.21   11.9   4.5   1   3     0.066        10    6.3   0.1   473   532   130   189   123   195 0.84 -
evm.utg126.136                       -            473 279631at33208        -            584      0.21   11.9   4.5   2   3       6.4     1e+03   -0.3   0.0    72   105   214   247   194   269 0.62 -
evm.utg126.136                       -            473 279631at33208        -            584      0.21   11.9   4.5   3   3      0.18        29    4.8   0.2   436   485   366   413   321   425 0.46 -
evm.utg4194.35                       -            456 279631at33208        -            584      0.36   11.1   0.0   1   1    0.0059      0.93    9.7   0.0   265   299   250   284   237   301 0.80 -
evm.utg8992.3                        -            176 279631at33208        -            584      0.39   11.0   0.0   1   1    0.0031      0.48   10.7   0.0   416   520    37   140    31   146 0.77 -
evm.utg3839.107                      -            479 279631at33208        -            584      0.41   10.9   1.4   1   2      0.13        20    5.3   0.3   456   530    58   132    33   146 0.56 -
evm.utg3839.107                      -            479 279631at33208        -            584      0.41   10.9   1.4   2   2      0.52        81    3.3   0.0   463   488   254   279   244   290 0.80 -
#
# Program:         hmmsearch
# Version:         3.1b2 (February 2015)
# Pipeline mode:   SEARCH
# Query file:      /uoa/scratch/users/r02hw22/project_dark_genes/busco_downloads/lineages/metazoa_odb10/hmms/279631at33208.hmm
# Target file:     /uoa/scratch/users/r02hw22/project_dark_genes/00_raw/equina_smart.rnam-trna.merged.ggf.curated.remredun.aa.fa
# Option settings: hmmsearch --domtblout /uoa/scratch/users/r02hw22/project_dark_genes/equina_busco_proteins/run_metazoa_odb10/hmmer_output/initial_run_results/279631at33208.out --cpu 1 /uoa/scratch/users/r02hw22/project_dark_genes/busco_downloads/lineages/metazoa_odb10/hmms/279631at33208.hmm /uoa/scratch/users/r02hw22/project_dark_genes/00_raw/equina_smart.rnam-trna.merged.ggf.curated.remredun.aa.fa 
# Current dir:     /uoa/scratch/users/r02hw22/project_dark_genes
# Date:            Sat Apr 25 14:41:11 2026
# [ok]
