#                                                                                            --- full sequence --- -------------- this domain -------------   hmm coord   ali coord   env coord
# target name                        accession   tlen query name           accession   qlen   E-value  score  bias   #  of  c-Evalue  i-Evalue  score  bias  from    to  from    to  from    to  acc description of target
#                ------------------- ---------- ----- -------------------- ---------- ----- --------- ------ ----- --- --- --------- --------- ------ ----- ----- ----- ----- ----- ----- ----- ---- ---------------------
evm.utg535.8                         -            403 356175at33208        -            270   7.4e-70  236.9   4.6   1   3   5.1e-22   7.3e-20   73.0   0.1     2   100     7   124     6   137 0.75 -
evm.utg535.8                         -            403 356175at33208        -            270   7.4e-70  236.9   4.6   2   3   1.4e-26     2e-24   88.0   0.7    87   188   141   261   108   267 0.79 -
evm.utg535.8                         -            403 356175at33208        -            270   7.4e-70  236.9   4.6   3   3   4.2e-22     6e-20   73.3   0.0   188   269   288   379   285   380 0.85 -
evm.utg14772.13                      -            234 356175at33208        -            270   4.8e-45  155.6   1.3   1   2   1.8e-22   2.5e-20   74.5   0.1     2   100     7   124     6   137 0.75 -
evm.utg14772.13                      -            234 356175at33208        -            270   4.8e-45  155.6   1.3   2   2     3e-24   4.3e-22   80.3   0.2    88   157   142   212   122   221 0.90 -
evm.utg186.22                        -           1975 356175at33208        -            270     1e-42  147.9  28.8   1  14    0.0019      0.27   12.1   0.2    78   157    96   178    76   194 0.83 -
evm.utg186.22                        -           1975 356175at33208        -            270     1e-42  147.9  28.8   2  14   2.8e-05     0.004   18.1   0.0    67   152   348   430   297   470 0.67 -
evm.utg186.22                        -           1975 356175at33208        -            270     1e-42  147.9  28.8   3  14   0.00048     0.068   14.1   0.0    97   155   527   588   515   593 0.82 -
evm.utg186.22                        -           1975 356175at33208        -            270     1e-42  147.9  28.8   4  14    0.0032      0.45   11.4   0.3    93   157   737   807   716   810 0.78 -
evm.utg186.22                        -           1975 356175at33208        -            270     1e-42  147.9  28.8   5  14    0.0025      0.36   11.7   0.6    93   182   782   876   773   878 0.86 -
evm.utg186.22                        -           1975 356175at33208        -            270     1e-42  147.9  28.8   6  14   0.00076      0.11   13.4   0.0    81   162   861   939   855   955 0.81 -
evm.utg186.22                        -           1975 356175at33208        -            270     1e-42  147.9  28.8   7  14       3.6   5.2e+02    1.3   0.0   131   167  1004  1041   994  1047 0.79 -
evm.utg186.22                        -           1975 356175at33208        -            270     1e-42  147.9  28.8   8  14   6.8e-07   9.7e-05   23.4   0.1    86   152  1043  1108  1017  1133 0.79 -
evm.utg186.22                        -           1975 356175at33208        -            270     1e-42  147.9  28.8   9  14   0.00018     0.025   15.5   0.0    96   158  1205  1272  1197  1280 0.82 -
evm.utg186.22                        -           1975 356175at33208        -            270     1e-42  147.9  28.8  10  14       1.9   2.7e+02    2.3   0.1   100   157  1438  1501  1409  1545 0.63 -
evm.utg186.22                        -           1975 356175at33208        -            270     1e-42  147.9  28.8  11  14      0.31        45    4.8   0.0    85   152  1567  1632  1555  1670 0.76 -
evm.utg186.22                        -           1975 356175at33208        -            270     1e-42  147.9  28.8  12  14       0.6        86    3.9   0.1   102   158  1674  1732  1646  1746 0.69 -
evm.utg186.22                        -           1975 356175at33208        -            270     1e-42  147.9  28.8  13  14   0.00029     0.042   14.8   0.1    61   153  1720  1809  1717  1814 0.87 -
evm.utg186.22                        -           1975 356175at33208        -            270     1e-42  147.9  28.8  14  14   0.00016     0.023   15.6   0.0    95   156  1905  1969  1895  1973 0.83 -
evm.utg911.37                        -           1947 356175at33208        -            270   4.2e-42  145.9  30.2   1  14    0.0018      0.26   12.2   0.2    78   157    96   178    76   196 0.83 -
evm.utg911.37                        -           1947 356175at33208        -            270   4.2e-42  145.9  30.2   2  14   3.2e-05    0.0046   17.9   0.1    67   152   348   430   311   470 0.73 -
evm.utg911.37                        -           1947 356175at33208        -            270   4.2e-42  145.9  30.2   3  14   0.00047     0.067   14.1   0.0    97   155   527   588   515   593 0.82 -
evm.utg911.37                        -           1947 356175at33208        -            270   4.2e-42  145.9  30.2   4  14    0.0046      0.66   10.8   0.3    93   158   737   808   716   814 0.79 -
evm.utg911.37                        -           1947 356175at33208        -            270   4.2e-42  145.9  30.2   5  14    0.0017      0.25   12.2   1.0    91   182   780   876   752   878 0.80 -
evm.utg911.37                        -           1947 356175at33208        -            270   4.2e-42  145.9  30.2   6  14   0.00072       0.1   13.5   0.0    79   162   859   939   854   955 0.81 -
evm.utg911.37                        -           1947 356175at33208        -            270   4.2e-42  145.9  30.2   7  14       3.6   5.1e+02    1.4   0.0   131   167  1004  1041   994  1047 0.79 -
evm.utg911.37                        -           1947 356175at33208        -            270   4.2e-42  145.9  30.2   8  14   7.9e-07   0.00011   23.2   0.2    86   153  1043  1109  1017  1140 0.79 -
evm.utg911.37                        -           1947 356175at33208        -            270   4.2e-42  145.9  30.2   9  14   0.00016     0.023   15.6   0.1    96   158  1205  1272  1197  1278 0.82 -
evm.utg911.37                        -           1947 356175at33208        -            270   4.2e-42  145.9  30.2  10  14     0.048       6.8    7.5   0.3    84   229  1439  1582  1410  1594 0.75 -
evm.utg911.37                        -           1947 356175at33208        -            270   4.2e-42  145.9  30.2  11  14      0.45        65    4.3   0.0    85   152  1539  1604  1527  1640 0.76 -
evm.utg911.37                        -           1947 356175at33208        -            270   4.2e-42  145.9  30.2  12  14      0.61        88    3.9   0.1   101   158  1645  1704  1617  1719 0.71 -
evm.utg911.37                        -           1947 356175at33208        -            270   4.2e-42  145.9  30.2  13  14   0.00063      0.09   13.7   0.0    62   153  1693  1781  1690  1788 0.86 -
evm.utg911.37                        -           1947 356175at33208        -            270   4.2e-42  145.9  30.2  14  14   0.00016     0.023   15.6   0.0    95   156  1877  1941  1867  1945 0.83 -
evm.utg435.72                        -           1669 356175at33208        -            270   4.8e-41  142.5  13.9   1  11     9e-06    0.0013   19.7   0.0    93   147   733   787   722   787 0.90 -
evm.utg435.72                        -           1669 356175at33208        -            270   4.8e-41  142.5  13.9   2  11   7.2e-07    0.0001   23.3   0.3    95   160   777   843   772   854 0.89 -
evm.utg435.72                        -           1669 356175at33208        -            270   4.8e-41  142.5  13.9   3  11   1.2e-06   0.00018   22.5   0.0    91   157   855   922   842   927 0.89 -
evm.utg435.72                        -           1669 356175at33208        -            270   4.8e-41  142.5  13.9   4  11   5.3e-07   7.6e-05   23.8   0.1    93   157   941  1006   935  1011 0.93 -
evm.utg435.72                        -           1669 356175at33208        -            270   4.8e-41  142.5  13.9   5  11   2.2e-07   3.1e-05   25.0   0.0    92   159   982  1050   979  1057 0.92 -
evm.utg435.72                        -           1669 356175at33208        -            270   4.8e-41  142.5  13.9   6  11   3.7e-07   5.3e-05   24.3   0.0    94   167  1026  1100  1018  1105 0.92 -
evm.utg435.72                        -           1669 356175at33208        -            270   4.8e-41  142.5  13.9   7  11   1.8e-07   2.6e-05   25.3   0.0    93   157  1067  1132  1053  1135 0.93 -
evm.utg435.72                        -           1669 356175at33208        -            270   4.8e-41  142.5  13.9   8  11   9.2e-05     0.013   16.4   0.4    91   157  1107  1170  1101  1181 0.84 -
evm.utg435.72                        -           1669 356175at33208        -            270   4.8e-41  142.5  13.9   9  11       2.2   3.2e+02    2.0   0.0    78   121  1324  1367  1314  1373 0.79 -
evm.utg435.72                        -           1669 356175at33208        -            270   4.8e-41  142.5  13.9  10  11     0.023       3.3    8.5   0.0    91   137  1467  1513  1433  1535 0.83 -
evm.utg435.72                        -           1669 356175at33208        -            270   4.8e-41  142.5  13.9  11  11      0.65        92    3.8   0.0    93   132  1599  1639  1578  1661 0.75 -
evm.utg3158.36                       -           1666 356175at33208        -            270   6.4e-41  142.1  27.4   1   8    0.0078       1.1   10.1   0.0    90   156   927   993   919  1002 0.82 -
evm.utg3158.36                       -           1666 356175at33208        -            270   6.4e-41  142.1  27.4   2   8   1.8e-05    0.0026   18.7   0.0    92   152  1011  1070   996  1072 0.90 -
evm.utg3158.36                       -           1666 356175at33208        -            270   6.4e-41  142.1  27.4   3   8    0.0001     0.014   16.3   0.2   102   157  1062  1118  1060  1122 0.92 -
evm.utg3158.36                       -           1666 356175at33208        -            270   6.4e-41  142.1  27.4   4   8   2.4e-11   3.4e-09   38.0   1.2    75   159  1118  1203  1114  1210 0.91 -
evm.utg3158.36                       -           1666 356175at33208        -            270   6.4e-41  142.1  27.4   5   8      0.15        22    5.9   0.2    90   128  1217  1255  1206  1298 0.67 -
evm.utg3158.36                       -           1666 356175at33208        -            270   6.4e-41  142.1  27.4   6   8   2.9e-06   0.00041   21.4   0.6    91   153  1306  1368  1283  1371 0.87 -
evm.utg3158.36                       -           1666 356175at33208        -            270   6.4e-41  142.1  27.4   7   8     4e-10   5.7e-08   34.0   0.2    89   159  1388  1459  1377  1467 0.90 -
evm.utg3158.36                       -           1666 356175at33208        -            270   6.4e-41  142.1  27.4   8   8   5.2e-05    0.0075   17.2   0.7    85   160  1469  1546  1462  1586 0.75 -
evm.utg92.13                         -           1666 356175at33208        -            270   1.6e-40  140.8  26.4   1   8    0.0028       0.4   11.5   0.0    90   157   927   994   919  1006 0.87 -
evm.utg92.13                         -           1666 356175at33208        -            270   1.6e-40  140.8  26.4   2   8   8.3e-06    0.0012   19.8   0.0    91   152  1010  1070   994  1072 0.88 -
evm.utg92.13                         -           1666 356175at33208        -            270   1.6e-40  140.8  26.4   3   8   1.5e-05    0.0021   19.0   0.1   100   157  1060  1118  1055  1122 0.89 -
evm.utg92.13                         -           1666 356175at33208        -            270   1.6e-40  140.8  26.4   4   8   9.3e-12   1.3e-09   39.4   0.8    76   159  1119  1203  1115  1207 0.92 -
evm.utg92.13                         -           1666 356175at33208        -            270   1.6e-40  140.8  26.4   5   8      0.19        28    5.5   0.1    90   157  1217  1292  1204  1305 0.67 -
evm.utg92.13                         -           1666 356175at33208        -            270   1.6e-40  140.8  26.4   6   8     6e-06   0.00085   20.3   0.6    91   153  1306  1368  1277  1375 0.89 -
evm.utg92.13                         -           1666 356175at33208        -            270   1.6e-40  140.8  26.4   7   8   1.2e-08   1.8e-06   29.1   0.2    84   159  1385  1459  1363  1463 0.82 -
evm.utg92.13                         -           1666 356175at33208        -            270   1.6e-40  140.8  26.4   8   8   4.1e-05    0.0058   17.6   0.7    85   161  1469  1547  1461  1586 0.73 -
evm.utg5417.27                       -           1331 356175at33208        -            270   1.4e-35  124.6  18.1   1   7    0.0032      0.45   11.4   0.1    89   132   719   762   707   764 0.86 -
evm.utg5417.27                       -           1331 356175at33208        -            270   1.4e-35  124.6  18.1   2   7   1.3e-07   1.8e-05   25.8   0.2    87   160   759   833   756   845 0.91 -
evm.utg5417.27                       -           1331 356175at33208        -            270   1.4e-35  124.6  18.1   3   7    0.0032      0.45   11.4   0.1    88   155   844   911   835   918 0.91 -
evm.utg5417.27                       -           1331 356175at33208        -            270   1.4e-35  124.6  18.1   4   7    0.0002     0.028   15.3   0.1    94   157   932   996   915  1005 0.89 -
evm.utg5417.27                       -           1331 356175at33208        -            270   1.4e-35  124.6  18.1   5   7   2.6e-06   0.00037   21.5   0.0    92   163  1054  1125  1021  1129 0.88 -
evm.utg5417.27                       -           1331 356175at33208        -            270   1.4e-35  124.6  18.1   6   7     9e-06    0.0013   19.7   0.2    88   160  1133  1207  1126  1213 0.80 -
evm.utg5417.27                       -           1331 356175at33208        -            270   1.4e-35  124.6  18.1   7   7   1.9e-08   2.8e-06   28.5   0.1    88   159  1218  1288  1215  1300 0.90 -
evm.utg6078.33                       -           1331 356175at33208        -            270   1.7e-34  121.0  18.4   1   7    0.0069      0.99   10.3   0.1    89   132   719   762   707   764 0.85 -
evm.utg6078.33                       -           1331 356175at33208        -            270   1.7e-34  121.0  18.4   2   7   1.6e-09   2.3e-07   32.0   0.4    59   160   733   833   731   842 0.91 -
evm.utg6078.33                       -           1331 356175at33208        -            270   1.7e-34  121.0  18.4   3   7    0.0023      0.32   11.9   0.1    88   155   844   911   835   924 0.92 -
evm.utg6078.33                       -           1331 356175at33208        -            270   1.7e-34  121.0  18.4   4   7    0.0011      0.16   12.8   0.1    94   157   932   996   915  1005 0.88 -
evm.utg6078.33                       -           1331 356175at33208        -            270   1.7e-34  121.0  18.4   5   7   6.2e-06   0.00088   20.3   0.0    92   163  1054  1125  1021  1129 0.88 -
evm.utg6078.33                       -           1331 356175at33208        -            270   1.7e-34  121.0  18.4   6   7   6.3e-06    0.0009   20.2   0.2    87   160  1132  1207  1126  1213 0.81 -
evm.utg6078.33                       -           1331 356175at33208        -            270   1.7e-34  121.0  18.4   7   7   2.1e-08   3.1e-06   28.3   0.1    88   159  1218  1288  1215  1299 0.90 -
evm.utg1221.16                       -            416 356175at33208        -            270   1.7e-32  114.5   6.9   1   7   7.1e-06     0.001   20.1   0.0    93   158    97   164    93   166 0.89 -
evm.utg1221.16                       -            416 356175at33208        -            270   1.7e-32  114.5   6.9   2   7   5.4e-06   0.00077   20.5   0.1   100   157   147   205   139   208 0.89 -
evm.utg1221.16                       -            416 356175at33208        -            270   1.7e-32  114.5   6.9   3   7   4.7e-07   6.8e-05   23.9   0.0    93   159   182   249   180   253 0.93 -
evm.utg1221.16                       -            416 356175at33208        -            270   1.7e-32  114.5   6.9   4   7   1.7e-06   0.00024   22.1   0.0    95   157   226   289   223   292 0.92 -
evm.utg1221.16                       -            416 356175at33208        -            270   1.7e-32  114.5   6.9   5   7   2.4e-06   0.00035   21.6   0.0    95   149   268   322   264   322 0.95 -
evm.utg1221.16                       -            416 356175at33208        -            270   1.7e-32  114.5   6.9   6   7   1.4e-08     2e-06   28.9   0.0    94   157   309   373   308   378 0.94 -
evm.utg1221.16                       -            416 356175at33208        -            270   1.7e-32  114.5   6.9   7   7   1.4e-05     0.002   19.1   0.0    94   156   351   414   350   415 0.93 -
evm.utg4155.23                       -            416 356175at33208        -            270   2.2e-31  110.8   5.6   1   7   7.3e-06     0.001   20.0   0.0    93   158    97   164    94   166 0.89 -
evm.utg4155.23                       -            416 356175at33208        -            270   2.2e-31  110.8   5.6   2   7   7.5e-06    0.0011   20.0   0.0   101   157   148   205   143   206 0.91 -
evm.utg4155.23                       -            416 356175at33208        -            270   2.2e-31  110.8   5.6   3   7   1.2e-06   0.00017   22.6   0.0    94   159   183   249   181   261 0.92 -
evm.utg4155.23                       -            416 356175at33208        -            270   2.2e-31  110.8   5.6   4   7   1.7e-06   0.00024   22.1   0.1    95   157   226   289   223   292 0.92 -
evm.utg4155.23                       -            416 356175at33208        -            270   2.2e-31  110.8   5.6   5   7   2.2e-05    0.0031   18.5   0.0    95   144   268   317   263   318 0.93 -
evm.utg4155.23                       -            416 356175at33208        -            270   2.2e-31  110.8   5.6   6   7   1.3e-08   1.8e-06   29.1   0.0    94   157   309   373   307   376 0.94 -
evm.utg4155.23                       -            416 356175at33208        -            270   2.2e-31  110.8   5.6   7   7   1.6e-05    0.0023   18.9   0.0    94   156   351   414   349   415 0.93 -
evm.utg1363.31                       -            612 356175at33208        -            270     1e-29  105.3   5.6   1   7      0.33        47    4.8   0.0   182   207    44    69    29    74 0.82 -
evm.utg1363.31                       -            612 356175at33208        -            270     1e-29  105.3   5.6   2   7    0.0079       1.1   10.1   0.0   110   157    76   126    70   134 0.81 -
evm.utg1363.31                       -            612 356175at33208        -            270     1e-29  105.3   5.6   3   7     0.081        12    6.8   0.0    85   160   277   353   235   359 0.79 -
evm.utg1363.31                       -            612 356175at33208        -            270     1e-29  105.3   5.6   4   7   0.00011     0.016   16.1   0.0    84   147   360   424   351   424 0.89 -
evm.utg1363.31                       -            612 356175at33208        -            270     1e-29  105.3   5.6   5   7   2.5e-07   3.6e-05   24.8   0.1    92   168   411   493   404   496 0.82 -
evm.utg1363.31                       -            612 356175at33208        -            270     1e-29  105.3   5.6   6   7   7.4e-06    0.0011   20.0   0.0    84   147   491   555   484   555 0.89 -
evm.utg1363.31                       -            612 356175at33208        -            270     1e-29  105.3   5.6   7   7   3.2e-08   4.6e-06   27.8   0.1    96   156   546   607   544   611 0.93 -
evm.utg21625.4                       -           1518 356175at33208        -            270   2.1e-29  104.3   9.5   1   8      0.62        88    3.9   0.0   109   158   874   926   868   932 0.82 -
evm.utg21625.4                       -           1518 356175at33208        -            270   2.1e-29  104.3   9.5   2   8   8.7e-05     0.012   16.5   0.0    93   152   902   961   884   962 0.91 -
evm.utg21625.4                       -           1518 356175at33208        -            270   2.1e-29  104.3   9.5   3   8   4.7e-09   6.7e-07   30.5   0.1    85   157   936  1009   930  1015 0.91 -
evm.utg21625.4                       -           1518 356175at33208        -            270   2.1e-29  104.3   9.5   4   8      0.16        23    5.8   0.0    87   120  1088  1121  1067  1131 0.81 -
evm.utg21625.4                       -           1518 356175at33208        -            270   2.1e-29  104.3   9.5   5   8   5.1e-05    0.0074   17.2   0.1    91   162  1179  1251  1159  1267 0.91 -
evm.utg21625.4                       -           1518 356175at33208        -            270   2.1e-29  104.3   9.5   6   8      0.58        84    3.9   0.0    92   119  1270  1297  1262  1307 0.86 -
evm.utg21625.4                       -           1518 356175at33208        -            270   2.1e-29  104.3   9.5   7   8     0.016       2.2    9.1   0.0    94   161  1315  1384  1311  1389 0.85 -
evm.utg21625.4                       -           1518 356175at33208        -            270   2.1e-29  104.3   9.5   8   8   2.3e-09   3.3e-07   31.5   0.1    91   161  1396  1467  1385  1478 0.87 -
evm.utg389.12                        -            914 356175at33208        -            270   1.1e-27   98.7  25.3   1   9   0.00099      0.14   13.0   0.2    90   163    65   140    41   148 0.81 -
evm.utg389.12                        -            914 356175at33208        -            270   1.1e-27   98.7  25.3   2   9    0.0068      0.97   10.3   0.0    95   143   113   161   108   164 0.90 -
evm.utg389.12                        -            914 356175at33208        -            270   1.1e-27   98.7  25.3   3   9   1.1e-05    0.0015   19.5   0.2    89   157   149   220   143   226 0.85 -
evm.utg389.12                        -            914 356175at33208        -            270   1.1e-27   98.7  25.3   4   9      0.29        42    4.9   0.0    98   129   259   290   256   307 0.77 -
evm.utg389.12                        -            914 356175at33208        -            270   1.1e-27   98.7  25.3   5   9   1.4e-05     0.002   19.1   0.7    61   167   317   422   302   437 0.86 -
evm.utg389.12                        -            914 356175at33208        -            270   1.1e-27   98.7  25.3   6   9   1.4e-06    0.0002   22.4   1.2    94   159   435   511   423   515 0.76 -
evm.utg389.12                        -            914 356175at33208        -            270   1.1e-27   98.7  25.3   7   9   2.7e-07   3.9e-05   24.7   0.5    81   157   474   551   469   560 0.91 -
evm.utg389.12                        -            914 356175at33208        -            270   1.1e-27   98.7  25.3   8   9   2.1e-05     0.003   18.5   0.0    93   153   528   588   521   592 0.93 -
evm.utg389.12                        -            914 356175at33208        -            270   1.1e-27   98.7  25.3   9   9   3.1e-06   0.00044   21.2   0.4    93   160   570   638   556   657 0.86 -
evm.utg18125.5                       -            949 356175at33208        -            270     2e-27   97.8  25.1   1   8    0.0012      0.18   12.7   0.2    90   161   276   349   252   356 0.81 -
evm.utg18125.5                       -            949 356175at33208        -            270     2e-27   97.8  25.1   2   8    0.0019      0.28   12.1   0.2    88   143   318   372   289   375 0.78 -
evm.utg18125.5                       -            949 356175at33208        -            270     2e-27   97.8  25.1   3   8   1.1e-05    0.0015   19.5   0.2    88   157   359   431   347   438 0.87 -
evm.utg18125.5                       -            949 356175at33208        -            270     2e-27   97.8  25.1   4   8      0.14        19    6.0   0.0    98   135   470   508   462   516 0.83 -
evm.utg18125.5                       -            949 356175at33208        -            270     2e-27   97.8  25.1   5   8   3.2e-05    0.0045   17.9   0.9    61   166   528   632   499   648 0.84 -
evm.utg18125.5                       -            949 356175at33208        -            270     2e-27   97.8  25.1   6   8   2.2e-06   0.00031   21.8   1.2    94   159   646   722   631   727 0.76 -
evm.utg18125.5                       -            949 356175at33208        -            270     2e-27   97.8  25.1   7   8   6.6e-06   0.00095   20.2   0.1    93   157   739   804   729   807 0.92 -
evm.utg18125.5                       -            949 356175at33208        -            270     2e-27   97.8  25.1   8   8   0.00046     0.066   14.1   0.1   104   161   792   850   791   873 0.60 -
evm.utg1221.16.1.5c22e95a            -            415 356175at33208        -            270   2.1e-27   97.8   1.8   1   6   0.00024     0.035   15.0   0.0    93   139    97   143    93   146 0.92 -
evm.utg1221.16.1.5c22e95a            -            415 356175at33208        -            270   2.1e-27   97.8   1.8   2   6     0.025       3.5    8.5   0.0   100   133   147   180   140   181 0.92 -
evm.utg1221.16.1.5c22e95a            -            415 356175at33208        -            270   2.1e-27   97.8   1.8   3   6     5e-07   7.2e-05   23.8   0.0    93   159   182   249   180   252 0.94 -
evm.utg1221.16.1.5c22e95a            -            415 356175at33208        -            270   2.1e-27   97.8   1.8   4   6   1.2e-06   0.00017   22.6   0.1    94   157   225   289   216   295 0.92 -
evm.utg1221.16.1.5c22e95a            -            415 356175at33208        -            270   2.1e-27   97.8   1.8   5   6   4.8e-05    0.0069   17.3   0.0    95   141   268   314   265   317 0.92 -
evm.utg1221.16.1.5c22e95a            -            415 356175at33208        -            270   2.1e-27   97.8   1.8   6   6     8e-09   1.1e-06   29.7   0.0    94   157   309   373   302   395 0.92 -
evm.utg1221.16.2.5c22e95a            -            399 356175at33208        -            270   2.3e-27   97.6   1.6   1   6   0.00024     0.034   15.1   0.0    93   139    97   143    93   145 0.92 -
evm.utg1221.16.2.5c22e95a            -            399 356175at33208        -            270   2.3e-27   97.6   1.6   2   6     0.003      0.42   11.5   0.0   100   141   147   188   139   189 0.89 -
evm.utg1221.16.2.5c22e95a            -            399 356175at33208        -            270   2.3e-27   97.6   1.6   3   6   4.4e-07   6.3e-05   24.0   0.0    93   159   182   249   180   253 0.93 -
evm.utg1221.16.2.5c22e95a            -            399 356175at33208        -            270   2.3e-27   97.6   1.6   4   6   1.6e-06   0.00023   22.2   0.0    95   157   226   289   223   292 0.92 -
evm.utg1221.16.2.5c22e95a            -            399 356175at33208        -            270   2.3e-27   97.6   1.6   5   6   5.6e-05     0.008   17.1   0.0    95   140   268   313   264   316 0.92 -
evm.utg1221.16.2.5c22e95a            -            399 356175at33208        -            270   2.3e-27   97.6   1.6   6   6   9.6e-09   1.4e-06   29.5   0.0    94   157   309   373   304   384 0.93 -
evm.utg389.12.1.5c22f032             -            817 356175at33208        -            270   2.9e-27   97.3  22.2   1   8    0.0052      0.74   10.7   0.0    95   143    16    64     7    67 0.89 -
evm.utg389.12.1.5c22f032             -            817 356175at33208        -            270   2.9e-27   97.3  22.2   2   8     1e-05    0.0015   19.5   0.2    90   157    53   123    49   130 0.85 -
evm.utg389.12.1.5c22f032             -            817 356175at33208        -            270   2.9e-27   97.3  22.2   3   8      0.26        37    5.1   0.0    98   129   162   193   159   210 0.77 -
evm.utg389.12.1.5c22f032             -            817 356175at33208        -            270   2.9e-27   97.3  22.2   4   8   1.2e-05    0.0017   19.4   0.7    61   167   220   325   205   340 0.86 -
evm.utg389.12.1.5c22f032             -            817 356175at33208        -            270   2.9e-27   97.3  22.2   5   8   1.2e-06   0.00017   22.6   1.2    94   159   338   414   326   418 0.76 -
evm.utg389.12.1.5c22f032             -            817 356175at33208        -            270   2.9e-27   97.3  22.2   6   8   2.3e-07   3.3e-05   24.9   0.5    81   157   377   454   372   463 0.91 -
evm.utg389.12.1.5c22f032             -            817 356175at33208        -            270   2.9e-27   97.3  22.2   7   8     6e-05    0.0086   17.0   0.0    93   151   431   489   424   490 0.95 -
evm.utg389.12.1.5c22f032             -            817 356175at33208        -            270   2.9e-27   97.3  22.2   8   8   2.7e-06   0.00038   21.5   0.4    93   160   473   541   459   560 0.86 -
evm.utg788.96                        -            437 356175at33208        -            270   6.8e-27   96.1   4.3   1   4   1.6e-06   0.00023   22.2   0.1    99   156     4    62     1    74 0.91 -
evm.utg788.96                        -            437 356175at33208        -            270   6.8e-27   96.1   4.3   2   4   3.2e-08   4.6e-06   27.7   0.3    87   159    76   149    65   159 0.90 -
evm.utg788.96                        -            437 356175at33208        -            270   6.8e-27   96.1   4.3   3   4   2.2e-10   3.1e-08   34.9   0.0    89   153   162   226   148   231 0.91 -
evm.utg788.96                        -            437 356175at33208        -            270   6.8e-27   96.1   4.3   4   4    0.0056       0.8   10.6   0.0    92   131   249   290   238   293 0.87 -
evm.utg73.142                        -            520 356175at33208        -            270   2.2e-26   94.4   0.0   1   5   3.6e-06   0.00051   21.1   0.0    93   143   236   286   215   290 0.91 -
evm.utg73.142                        -            520 356175at33208        -            270   2.2e-26   94.4   0.0   2   5   0.00054     0.077   13.9   0.0    92   143   285   336   282   340 0.89 -
evm.utg73.142                        -            520 356175at33208        -            270   2.2e-26   94.4   0.0   3   5   2.3e-05    0.0032   18.4   0.0    97   157   332   393   328   403 0.91 -
evm.utg73.142                        -            520 356175at33208        -            270   2.2e-26   94.4   0.0   4   5   0.00024     0.034   15.1   0.0    89   139   406   458   395   461 0.85 -
evm.utg73.142                        -            520 356175at33208        -            270   2.2e-26   94.4   0.0   5   5   7.2e-07    0.0001   23.3   0.0    98   157   457   517   451   519 0.89 -
evm.utg2757.76                       -            410 356175at33208        -            270   2.4e-25   91.0   8.8   1   5   2.2e-08   3.2e-06   28.3   0.1    93   153   111   171    99   172 0.92 -
evm.utg2757.76                       -            410 356175at33208        -            270   2.4e-25   91.0   8.8   2   5     1e-08   1.5e-06   29.4   0.1    94   157   154   218   154   229 0.91 -
evm.utg2757.76                       -            410 356175at33208        -            270   2.4e-25   91.0   8.8   3   5   3.8e-06   0.00055   20.9   0.1    90   146   234   290   224   295 0.89 -
evm.utg2757.76                       -            410 356175at33208        -            270   2.4e-25   91.0   8.8   4   5   8.2e-06    0.0012   19.9   0.1   101   166   308   371   304   377 0.88 -
evm.utg2757.76                       -            410 356175at33208        -            270   2.4e-25   91.0   8.8   5   5     0.062       8.9    7.1   0.0    80   117   370   408   366   409 0.81 -
evm.utg6220.15                       -            692 356175at33208        -            270     1e-24   88.9   8.3   1   6   6.3e-06    0.0009   20.2   0.1    92   157    73   139    52   148 0.86 -
evm.utg6220.15                       -            692 356175at33208        -            270     1e-24   88.9   8.3   2   6   2.9e-05    0.0042   18.1   0.1    89   157   154   223   148   229 0.88 -
evm.utg6220.15                       -            692 356175at33208        -            270     1e-24   88.9   8.3   3   6      0.13        18    6.1   0.0    96   126   203   233   200   238 0.85 -
evm.utg6220.15                       -            692 356175at33208        -            270     1e-24   88.9   8.3   4   6      0.35        50    4.7   0.0   122   162   409   449   400   459 0.83 -
evm.utg6220.15                       -            692 356175at33208        -            270     1e-24   88.9   8.3   5   6   1.1e-05    0.0016   19.4   0.0    95   232   463   598   448   602 0.85 -
evm.utg6220.15                       -            692 356175at33208        -            270     1e-24   88.9   8.3   6   6   1.4e-07   1.9e-05   25.7   0.2    94   161   601   669   598   674 0.92 -
evm.utg6220.15.1.5c22f2e5            -            692 356175at33208        -            270     1e-24   88.9   8.3   1   6   6.3e-06    0.0009   20.2   0.1    92   157    73   139    52   148 0.86 -
evm.utg6220.15.1.5c22f2e5            -            692 356175at33208        -            270     1e-24   88.9   8.3   2   6   2.9e-05    0.0042   18.1   0.1    89   157   154   223   148   229 0.88 -
evm.utg6220.15.1.5c22f2e5            -            692 356175at33208        -            270     1e-24   88.9   8.3   3   6      0.13        18    6.1   0.0    96   126   203   233   200   238 0.85 -
evm.utg6220.15.1.5c22f2e5            -            692 356175at33208        -            270     1e-24   88.9   8.3   4   6      0.35        50    4.7   0.0   122   162   409   449   400   459 0.83 -
evm.utg6220.15.1.5c22f2e5            -            692 356175at33208        -            270     1e-24   88.9   8.3   5   6   1.1e-05    0.0016   19.4   0.0    95   232   463   598   448   602 0.85 -
evm.utg6220.15.1.5c22f2e5            -            692 356175at33208        -            270     1e-24   88.9   8.3   6   6   1.4e-07   1.9e-05   25.7   0.2    94   161   601   669   598   674 0.92 -
evm.utg101.178                       -            403 356175at33208        -            270   1.8e-24   88.1   5.5   1   4   2.1e-08   3.1e-06   28.3   0.1    93   153   111   171    99   172 0.92 -
evm.utg101.178                       -            403 356175at33208        -            270   1.8e-24   88.1   5.5   2   4     1e-08   1.4e-06   29.4   0.1    94   157   154   218   154   229 0.91 -
evm.utg101.178                       -            403 356175at33208        -            270   1.8e-24   88.1   5.5   3   4   2.7e-06   0.00038   21.5   0.1    90   146   234   290   224   295 0.90 -
evm.utg101.178                       -            403 356175at33208        -            270   1.8e-24   88.1   5.5   4   4   4.3e-06   0.00062   20.8   0.0   101   169   308   374   304   391 0.86 -
evm.utg911.6.2.5c22f4f3.1.5c279873   -           1182 356175at33208        -            270   4.3e-24   86.9   2.4   1   5   6.1e-08   8.7e-06   26.8   0.0    67   160    67   168    58   188 0.81 -
evm.utg911.6.2.5c22f4f3.1.5c279873   -           1182 356175at33208        -            270   4.3e-24   86.9   2.4   2   5       1.7   2.5e+02    2.4   0.0    82   124   268   310   258   321 0.81 -
evm.utg911.6.2.5c22f4f3.1.5c279873   -           1182 356175at33208        -            270   4.3e-24   86.9   2.4   3   5   2.8e-06    0.0004   21.4   0.0    83   152   473   544   450   552 0.78 -
evm.utg911.6.2.5c22f4f3.1.5c279873   -           1182 356175at33208        -            270   4.3e-24   86.9   2.4   4   5      0.45        64    4.3   0.1   226   259   562   596   548   605 0.83 -
evm.utg911.6.2.5c22f4f3.1.5c279873   -           1182 356175at33208        -            270   4.3e-24   86.9   2.4   5   5   2.9e-07   4.2e-05   24.6   0.2    59   161   630   733   617   749 0.84 -
evm.utg12655.28                      -            300 356175at33208        -            270   1.7e-23   84.9   0.1   1   3   4.1e-06   0.00058   20.9   0.0    94   158    13    79     6    92 0.87 -
evm.utg12655.28                      -            300 356175at33208        -            270   1.7e-23   84.9   0.1   2   3   1.2e-11   1.8e-09   39.0   0.1    59   161   107   208   103   225 0.87 -
evm.utg12655.28                      -            300 356175at33208        -            270   1.7e-23   84.9   0.1   3   3   2.7e-06   0.00038   21.5   0.0    95   152   233   290   219   295 0.89 -
evm.utg3872.12.1.5c22f029            -            412 356175at33208        -            270   1.9e-23   84.8   1.5   1   4   3.8e-05    0.0054   17.7   0.0    91   128   115   152   100   157 0.83 -
evm.utg3872.12.1.5c22f029            -            412 356175at33208        -            270   1.9e-23   84.8   1.5   2   4   1.9e-06   0.00027   22.0   0.0    88   133   162   208   147   209 0.84 -
evm.utg3872.12.1.5c22f029            -            412 356175at33208        -            270   1.9e-23   84.8   1.5   3   4   1.6e-08   2.2e-06   28.8   0.5    92   162   209   280   206   335 0.78 -
evm.utg3872.12.1.5c22f029            -            412 356175at33208        -            270   1.9e-23   84.8   1.5   4   4   0.00063     0.091   13.7   0.0    66   157   318   410   305   411 0.79 -
evm.utg911.6.2.5c22f4f3              -           1606 356175at33208        -            270   2.1e-23   84.6   1.8   1   5     9e-08   1.3e-05   26.3   0.0    67   160    67   168    58   188 0.81 -
evm.utg911.6.2.5c22f4f3              -           1606 356175at33208        -            270   2.1e-23   84.6   1.8   2   5       2.5   3.5e+02    1.9   0.0    82   124   268   310   258   321 0.81 -
evm.utg911.6.2.5c22f4f3              -           1606 356175at33208        -            270   2.1e-23   84.6   1.8   3   5   3.9e-06   0.00056   20.9   0.0    83   152   473   544   450   553 0.78 -
evm.utg911.6.2.5c22f4f3              -           1606 356175at33208        -            270   2.1e-23   84.6   1.8   4   5       0.7     1e+02    3.7   0.0   226   259   562   596   554   607 0.84 -
evm.utg911.6.2.5c22f4f3              -           1606 356175at33208        -            270   2.1e-23   84.6   1.8   5   5   4.2e-07     6e-05   24.1   0.2    59   161   630   733   614   749 0.84 -
evm.utg911.6.1.5c22f4f3              -           1631 356175at33208        -            270   2.4e-23   84.4   1.9   1   5   9.4e-08   1.3e-05   26.2   0.0    67   160    67   168    58   186 0.81 -
evm.utg911.6.1.5c22f4f3              -           1631 356175at33208        -            270   2.4e-23   84.4   1.9   2   5       2.5   3.6e+02    1.9   0.0    82   124   268   310   258   321 0.81 -
evm.utg911.6.1.5c22f4f3              -           1631 356175at33208        -            270   2.4e-23   84.4   1.9   3   5     5e-06   0.00071   20.6   0.0    82   151   472   543   450   546 0.78 -
evm.utg911.6.1.5c22f4f3              -           1631 356175at33208        -            270   2.4e-23   84.4   1.9   4   5      0.71     1e+02    3.7   0.0   226   259   562   596   554   607 0.84 -
evm.utg911.6.1.5c22f4f3              -           1631 356175at33208        -            270   2.4e-23   84.4   1.9   5   5   4.3e-07   6.1e-05   24.1   0.2    59   161   630   733   614   749 0.84 -
evm.utg911.6                         -           1632 356175at33208        -            270   2.5e-23   84.4   1.9   1   5   9.4e-08   1.4e-05   26.2   0.0    67   160    67   168    58   186 0.81 -
evm.utg911.6                         -           1632 356175at33208        -            270   2.5e-23   84.4   1.9   2   5       2.5   3.6e+02    1.9   0.0    82   124   268   310   258   321 0.81 -
evm.utg911.6                         -           1632 356175at33208        -            270   2.5e-23   84.4   1.9   3   5   4.2e-06   0.00059   20.8   0.0    83   152   473   544   450   552 0.78 -
evm.utg911.6                         -           1632 356175at33208        -            270   2.5e-23   84.4   1.9   4   5      0.66        95    3.8   0.0   226   259   562   596   551   607 0.84 -
evm.utg911.6                         -           1632 356175at33208        -            270   2.5e-23   84.4   1.9   5   5   4.3e-07   6.1e-05   24.1   0.2    59   161   630   733   614   749 0.84 -
evm.utg21228.28                      -            351 356175at33208        -            270   2.5e-23   84.3   0.1   1   3   3.4e-06   0.00048   21.1   0.0    94   158    64   130    55   148 0.88 -
evm.utg21228.28                      -            351 356175at33208        -            270   2.5e-23   84.3   0.1   2   3   1.6e-11   2.3e-09   38.6   0.1    59   161   158   259   152   276 0.87 -
evm.utg21228.28                      -            351 356175at33208        -            270   2.5e-23   84.3   0.1   3   3   3.6e-06   0.00051   21.0   0.0    96   152   285   341   271   345 0.89 -
evm.utg1056.106                      -            351 356175at33208        -            270   2.6e-23   84.3   0.7   1   4   4.5e-08   6.4e-06   27.3   0.1    87   157    60   131    25   140 0.89 -
evm.utg1056.106                      -            351 356175at33208        -            270   2.6e-23   84.3   0.7   2   4   2.8e-09     4e-07   31.2   0.0    89   159   146   217   135   224 0.90 -
evm.utg1056.106                      -            351 356175at33208        -            270   2.6e-23   84.3   0.7   3   4   0.00074      0.11   13.4   0.0    87   132   229   274   218   279 0.90 -
evm.utg1056.106                      -            351 356175at33208        -            270   2.6e-23   84.3   0.7   4   4     0.036       5.1    7.9   0.1   100   149   287   336   281   350 0.81 -
evm.utg1056.106.1.5c22e841           -            351 356175at33208        -            270   2.6e-23   84.3   0.7   1   4   4.5e-08   6.4e-06   27.3   0.1    87   157    60   131    25   140 0.89 -
evm.utg1056.106.1.5c22e841           -            351 356175at33208        -            270   2.6e-23   84.3   0.7   2   4   2.8e-09     4e-07   31.2   0.0    89   159   146   217   135   224 0.90 -
evm.utg1056.106.1.5c22e841           -            351 356175at33208        -            270   2.6e-23   84.3   0.7   3   4   0.00074      0.11   13.4   0.0    87   132   229   274   218   279 0.90 -
evm.utg1056.106.1.5c22e841           -            351 356175at33208        -            270   2.6e-23   84.3   0.7   4   4     0.036       5.1    7.9   0.1   100   149   287   336   281   350 0.81 -
evm.utg109.41                        -            598 356175at33208        -            270   2.7e-23   84.3   0.1   1   4      0.55        78    4.0   0.0    92   141   280   328   270   339 0.81 -
evm.utg109.41                        -            598 356175at33208        -            270   2.7e-23   84.3   0.1   2   4   1.1e-05    0.0016   19.5   0.0    94   161   357   424   352   437 0.90 -
evm.utg109.41                        -            598 356175at33208        -            270   2.7e-23   84.3   0.1   3   4   1.2e-08   1.7e-06   29.1   0.0    93   157   440   505   429   516 0.90 -
evm.utg109.41                        -            598 356175at33208        -            270   2.7e-23   84.3   0.1   4   4   1.3e-07   1.9e-05   25.7   0.0    90   140   521   571   513   588 0.82 -
evm.utg73.142.1.5c22f3bd             -            561 356175at33208        -            270   2.9e-23   84.2   0.0   1   5   3.9e-06   0.00056   20.9   0.0    93   143   236   286   216   291 0.91 -
evm.utg73.142.1.5c22f3bd             -            561 356175at33208        -            270   2.9e-23   84.2   0.0   2   5   0.00086      0.12   13.2   0.0    94   142   287   335   284   339 0.89 -
evm.utg73.142.1.5c22f3bd             -            561 356175at33208        -            270   2.9e-23   84.2   0.0   3   5   2.7e-05    0.0039   18.1   0.0    97   157   332   393   329   402 0.91 -
evm.utg73.142.1.5c22f3bd             -            561 356175at33208        -            270   2.9e-23   84.2   0.0   4   5   0.00024     0.035   15.0   0.0    88   139   405   458   393   461 0.85 -
evm.utg73.142.1.5c22f3bd             -            561 356175at33208        -            270   2.9e-23   84.2   0.0   5   5   0.00061     0.088   13.7   0.0    97   145   456   504   450   512 0.88 -
evm.utg21625.6                       -            513 356175at33208        -            270   3.3e-23   84.0   4.2   1   5     0.041       5.8    7.7   0.0    87   121    84   118    60   128 0.81 -
evm.utg21625.6                       -            513 356175at33208        -            270   3.3e-23   84.0   4.2   2   5   1.2e-05    0.0017   19.3   0.2    91   162   175   247   151   261 0.91 -
evm.utg21625.6                       -            513 356175at33208        -            270   3.3e-23   84.0   4.2   3   5      0.14        20    6.0   0.0    92   119   266   293   253   306 0.86 -
evm.utg21625.6                       -            513 356175at33208        -            270   3.3e-23   84.0   4.2   4   5    0.0022      0.31   11.9   0.0    93   161   310   380   292   386 0.86 -
evm.utg21625.6                       -            513 356175at33208        -            270   3.3e-23   84.0   4.2   5   5   6.4e-11   9.2e-09   36.6   0.2    84   161   385   463   376   474 0.88 -
evm.utg6430.5                        -            514 356175at33208        -            270   5.4e-23   83.3   4.5   1   5     0.054       7.7    7.3   0.0    87   120    84   117    60   127 0.81 -
evm.utg6430.5                        -            514 356175at33208        -            270   5.4e-23   83.3   4.5   2   5   1.2e-06   0.00017   22.6   0.2    91   162   175   247   154   263 0.91 -
evm.utg6430.5                        -            514 356175at33208        -            270   5.4e-23   83.3   4.5   3   5       0.3        43    4.9   0.0    92   119   266   293   248   304 0.84 -
evm.utg6430.5                        -            514 356175at33208        -            270   5.4e-23   83.3   4.5   4   5    0.0068      0.97   10.3   0.0    98   161   316   380   307   385 0.85 -
evm.utg6430.5                        -            514 356175at33208        -            270   5.4e-23   83.3   4.5   5   5   1.2e-10   1.8e-08   35.7   0.1    87   160   388   462   380   474 0.88 -
evm.utg3872.12                       -            514 356175at33208        -            270   5.8e-23   83.2   1.3   1   4   5.3e-05    0.0076   17.2   0.0    91   128   217   254   204   259 0.83 -
evm.utg3872.12                       -            514 356175at33208        -            270   5.8e-23   83.2   1.3   2   4   2.5e-06   0.00036   21.5   0.0    88   133   264   310   249   311 0.84 -
evm.utg3872.12                       -            514 356175at33208        -            270   5.8e-23   83.2   1.3   3   4     2e-08   2.9e-06   28.4   0.6    92   162   311   382   306   437 0.79 -
evm.utg3872.12                       -            514 356175at33208        -            270   5.8e-23   83.2   1.3   4   4   0.00094      0.13   13.1   0.0    66   157   420   512   409   513 0.78 -
evm.utg234.60                        -            303 356175at33208        -            270   1.2e-22   82.1  10.4   1   6   0.00045     0.064   14.2   0.1   101   157    30    89    24    92 0.86 -
evm.utg234.60                        -            303 356175at33208        -            270   1.2e-22   82.1  10.4   2   6    0.0055      0.79   10.6   0.0    94   150    67   123    63   127 0.88 -
evm.utg234.60                        -            303 356175at33208        -            270   1.2e-22   82.1  10.4   3   6      0.17        24    5.7   0.0    93   126   108   141    95   146 0.87 -
evm.utg234.60                        -            303 356175at33208        -            270   1.2e-22   82.1  10.4   4   6   1.5e-09   2.1e-07   32.1   0.0    66   152   123   209   117   211 0.89 -
evm.utg234.60                        -            303 356175at33208        -            270   1.2e-22   82.1  10.4   5   6   2.2e-10   3.1e-08   34.9   0.1    92   158   191   258   188   260 0.92 -
evm.utg234.60                        -            303 356175at33208        -            270   1.2e-22   82.1  10.4   6   6   2.3e-06   0.00033   21.7   0.3    94   155   235   296   235   300 0.95 -
evm.utg564.26                        -            598 356175at33208        -            270   2.1e-22   81.4   0.1   1   3   9.5e-06    0.0014   19.6   0.0    94   161   357   424   351   437 0.90 -
evm.utg564.26                        -            598 356175at33208        -            270   2.1e-22   81.4   0.1   2   3   1.7e-08   2.4e-06   28.7   0.0    93   157   440   505   429   516 0.90 -
evm.utg564.26                        -            598 356175at33208        -            270   2.1e-22   81.4   0.1   3   3   5.5e-08   7.9e-06   27.0   0.0    91   140   522   571   516   584 0.82 -
evm.utg1192.3.1.5c22e912             -           1870 356175at33208        -            270   2.4e-22   81.2   1.8   1   5   1.3e-06   0.00019   22.5   0.0    67   158    67   166    60   186 0.80 -
evm.utg1192.3.1.5c22e912             -           1870 356175at33208        -            270   2.4e-22   81.2   1.8   2   5       4.6   6.5e+02    1.0   0.0    79   124   265   310   256   320 0.81 -
evm.utg1192.3.1.5c22e912             -           1870 356175at33208        -            270   2.4e-22   81.2   1.8   3   5   4.4e-06   0.00063   20.8   0.0    83   152   473   544   450   556 0.77 -
evm.utg1192.3.1.5c22e912             -           1870 356175at33208        -            270   2.4e-22   81.2   1.8   4   5      0.22        32    5.3   0.1   226   259   562   596   549   606 0.84 -
evm.utg1192.3.1.5c22e912             -           1870 356175at33208        -            270   2.4e-22   81.2   1.8   5   5   5.3e-07   7.5e-05   23.8   0.2    59   161   630   733   619   749 0.84 -
evm.utg1192.3                        -           1939 356175at33208        -            270   3.1e-22   80.8   1.8   1   5   1.4e-06    0.0002   22.4   0.0    67   158    67   166    60   186 0.80 -
evm.utg1192.3                        -           1939 356175at33208        -            270   3.1e-22   80.8   1.8   2   5       4.7   6.8e+02    1.0   0.0    79   124   265   310   256   320 0.81 -
evm.utg1192.3                        -           1939 356175at33208        -            270   3.1e-22   80.8   1.8   3   5   4.6e-06   0.00066   20.7   0.0    83   152   473   544   450   556 0.77 -
evm.utg1192.3                        -           1939 356175at33208        -            270   3.1e-22   80.8   1.8   4   5      0.23        33    5.3   0.1   226   259   562   596   549   607 0.84 -
evm.utg1192.3                        -           1939 356175at33208        -            270   3.1e-22   80.8   1.8   5   5   5.5e-07   7.9e-05   23.7   0.2    59   161   630   733   619   749 0.84 -
evm.utg6220.15.2.5c22f2e5            -            663 356175at33208        -            270   2.6e-21   77.8   6.3   1   5   5.7e-06   0.00081   20.4   0.1    92   157    73   139    52   150 0.86 -
evm.utg6220.15.2.5c22f2e5            -            663 356175at33208        -            270   2.6e-21   77.8   6.3   2   5   2.6e-05    0.0037   18.2   0.1    89   157   154   223   148   232 0.88 -
evm.utg6220.15.2.5c22f2e5            -            663 356175at33208        -            270   2.6e-21   77.8   6.3   3   5      0.34        49    4.7   0.0   122   162   409   449   401   459 0.83 -
evm.utg6220.15.2.5c22f2e5            -            663 356175at33208        -            270   2.6e-21   77.8   6.3   4   5   9.7e-06    0.0014   19.6   0.0    95   232   463   598   447   602 0.85 -
evm.utg6220.15.2.5c22f2e5            -            663 356175at33208        -            270   2.6e-21   77.8   6.3   5   5     0.002      0.29   12.0   0.1    94   142   601   649   598   654 0.91 -
evm.utg343339.3                      -            504 356175at33208        -            270   4.7e-21   76.9   1.2   1   4     0.014       2.1    9.2   0.0    53   119   121   186   112   217 0.77 -
evm.utg343339.3                      -            504 356175at33208        -            270   4.7e-21   76.9   1.2   2   4     1e-07   1.4e-05   26.1   0.0    94   165   219   290   194   297 0.85 -
evm.utg343339.3                      -            504 356175at33208        -            270   4.7e-21   76.9   1.2   3   4   0.00023     0.033   15.1   0.1    99   180   306   385   302   393 0.78 -
evm.utg343339.3                      -            504 356175at33208        -            270   4.7e-21   76.9   1.2   4   4     2e-06   0.00028   21.9   0.0   100   157   400   458   394   495 0.91 -
evm.utg14772.14                      -            222 356175at33208        -            270   1.1e-20   75.7   0.1   1   1   1.7e-22   2.4e-20   74.6   0.0   189   269   108   198   104   199 0.84 -
evm.utg622.118                       -           1466 356175at33208        -            270   1.1e-20   75.7   4.6   1   8    0.0056       0.8   10.6   0.0   104   158   431   490   405   500 0.81 -
evm.utg622.118                       -           1466 356175at33208        -            270   1.1e-20   75.7   4.6   2   8     0.033       4.7    8.0   0.0    97   144   618   664   605   667 0.77 -
evm.utg622.118                       -           1466 356175at33208        -            270   1.1e-20   75.7   4.6   3   8      0.01       1.4    9.7   0.0    93   159   655   722   648   738 0.84 -
evm.utg622.118                       -           1466 356175at33208        -            270   1.1e-20   75.7   4.6   4   8    0.0024      0.35   11.8   0.0    93   144   739   790   729   801 0.89 -
evm.utg622.118                       -           1466 356175at33208        -            270   1.1e-20   75.7   4.6   5   8     0.013       1.8    9.4   0.0    86   157   919   990   901  1002 0.83 -
evm.utg622.118                       -           1466 356175at33208        -            270   1.1e-20   75.7   4.6   6   8     0.015       2.2    9.1   0.1    89   163  1220  1294  1176  1310 0.73 -
evm.utg622.118                       -           1466 356175at33208        -            270   1.1e-20   75.7   4.6   7   8     0.017       2.5    9.0   0.1    94   141  1366  1412  1351  1427 0.81 -
evm.utg622.118                       -           1466 356175at33208        -            270   1.1e-20   75.7   4.6   8   8       1.8   2.6e+02    2.3   0.0   101   119  1412  1430  1407  1439 0.80 -
evm.utg72.22                         -            454 356175at33208        -            270   1.3e-20   75.5   1.0   1   4   4.9e-08     7e-06   27.1   0.0    91   157   108   175    85   181 0.87 -
evm.utg72.22                         -            454 356175at33208        -            270   1.3e-20   75.5   1.0   2   4      0.34        48    4.7   0.0    98   133   205   240   199   248 0.90 -
evm.utg72.22                         -            454 356175at33208        -            270   1.3e-20   75.5   1.0   3   4    0.0036      0.51   11.2   0.0   102   160   311   371   289   386 0.63 -
evm.utg72.22                         -            454 356175at33208        -            270   1.3e-20   75.5   1.0   4   4     4e-08   5.7e-06   27.5   0.1    94   157   388   452   383   453 0.92 -
evm.utg389.12.2.5c22f032             -            702 356175at33208        -            270   1.6e-20   75.2  14.6   1   6      0.22        31    5.4   0.0    98   129    47    78    44    95 0.77 -
evm.utg389.12.2.5c22f032             -            702 356175at33208        -            270   1.6e-20   75.2  14.6   2   6   8.7e-06    0.0012   19.8   0.7    61   167   105   210    89   228 0.86 -
evm.utg389.12.2.5c22f032             -            702 356175at33208        -            270   1.6e-20   75.2  14.6   3   6     1e-06   0.00014   22.9   1.2    94   159   223   299   210   302 0.76 -
evm.utg389.12.2.5c22f032             -            702 356175at33208        -            270   1.6e-20   75.2  14.6   4   6   1.9e-07   2.8e-05   25.2   0.4    81   157   262   339   258   347 0.91 -
evm.utg389.12.2.5c22f032             -            702 356175at33208        -            270   1.6e-20   75.2  14.6   5   6    0.0041      0.58   11.0   0.0    93   133   316   356   308   360 0.93 -
evm.utg389.12.2.5c22f032             -            702 356175at33208        -            270   1.6e-20   75.2  14.6   6   6   2.5e-06   0.00036   21.6   0.4    93   160   358   426   346   442 0.86 -
evm.utg496.26                        -            504 356175at33208        -            270   2.2e-20   74.7   1.9   1   4     0.038       5.5    7.8   0.0    92   119   159   186   118   220 0.79 -
evm.utg496.26                        -            504 356175at33208        -            270   2.2e-20   74.7   1.9   2   4     1e-07   1.5e-05   26.1   0.0    94   165   219   290   195   297 0.85 -
evm.utg496.26                        -            504 356175at33208        -            270   2.2e-20   74.7   1.9   3   4   0.00023     0.033   15.1   0.1    99   180   306   385   302   393 0.78 -
evm.utg496.26                        -            504 356175at33208        -            270   2.2e-20   74.7   1.9   4   4     2e-06   0.00028   21.9   0.0   100   157   400   458   394   495 0.91 -
evm.utg183.39                        -           1787 356175at33208        -            270   1.1e-19   72.4   0.2   1   4   4.9e-08     7e-06   27.2   0.0    92   157   183   249   164   252 0.89 -
evm.utg183.39                        -           1787 356175at33208        -            270   1.1e-19   72.4   0.2   2   4   0.00083      0.12   13.3   0.0    97   157   230   295   228   311 0.82 -
evm.utg183.39                        -           1787 356175at33208        -            270   1.1e-19   72.4   0.2   3   4     5e-07   7.1e-05   23.8   0.0    94   157   323   389   309   404 0.83 -
evm.utg183.39                        -           1787 356175at33208        -            270   1.1e-19   72.4   0.2   4   4     0.013       1.8    9.4   0.1    85   157   417   491   399   510 0.86 -
utg356.equina_smart_371689.mrna1     -            318 356175at33208        -            270   3.5e-19   70.8   0.3   1   5     0.051       7.3    7.4   0.0    99   146     9    56     6    59 0.88 -
utg356.equina_smart_371689.mrna1     -            318 356175at33208        -            270   3.5e-19   70.8   0.3   2   5   9.3e-07   0.00013   23.0   0.0    57   121    52   116    41   127 0.89 -
utg356.equina_smart_371689.mrna1     -            318 356175at33208        -            270   3.5e-19   70.8   0.3   3   5    0.0044      0.62   10.9   0.0    91   157   129   196   115   199 0.91 -
utg356.equina_smart_371689.mrna1     -            318 356175at33208        -            270   3.5e-19   70.8   0.3   4   5   6.1e-07   8.7e-05   23.6   0.0    87   157   217   289   209   292 0.87 -
utg356.equina_smart_371689.mrna1     -            318 356175at33208        -            270   3.5e-19   70.8   0.3   5   5   1.8e-05    0.0025   18.8   0.0    82   139   252   312   247   316 0.87 -
evm.utg1721.37                       -            409 356175at33208        -            270   4.1e-19   70.6   1.3   1   6    0.0044      0.63   10.9   0.0    93   139    76   123    59   125 0.79 -
evm.utg1721.37                       -            409 356175at33208        -            270   4.1e-19   70.6   1.3   2   6    0.0046      0.66   10.9   0.1    93   126   119   152   115   158 0.84 -
evm.utg1721.37                       -            409 356175at33208        -            270   4.1e-19   70.6   1.3   3   6      0.39        55    4.5   0.1    99   123   166   190   159   224 0.81 -
evm.utg1721.37                       -            409 356175at33208        -            270   4.1e-19   70.6   1.3   4   6      0.33        48    4.8   0.1    96   151   204   262   188   265 0.77 -
evm.utg1721.37                       -            409 356175at33208        -            270   4.1e-19   70.6   1.3   5   6   0.00012     0.017   16.0   0.0    35   127   228   330   224   350 0.75 -
evm.utg1721.37                       -            409 356175at33208        -            270   4.1e-19   70.6   1.3   6   6   7.3e-07    0.0001   23.3   0.0    97   153   341   397   327   404 0.84 -
evm.utg194.98                        -            510 356175at33208        -            270   5.1e-19   70.2   3.3   1   2   3.5e-08     5e-06   27.6   0.8    86   153   267   333   239   344 0.76 -
evm.utg194.98                        -            510 356175at33208        -            270   5.1e-19   70.2   3.3   2   2   9.8e-11   1.4e-08   36.0   0.1    92   256   359   505   335   508 0.81 -
evm.utg14.76                         -            335 356175at33208        -            270   5.2e-19   70.2   2.8   1   6   0.00071       0.1   13.5   0.1   101   157    32    91    26    94 0.86 -
evm.utg14.76                         -            335 356175at33208        -            270   5.2e-19   70.2   2.8   2   6    0.0068      0.96   10.3   0.0    94   150    69   125    66   129 0.88 -
evm.utg14.76                         -            335 356175at33208        -            270   5.2e-19   70.2   2.8   3   6      0.19        28    5.5   0.0    93   126   110   143    97   148 0.87 -
evm.utg14.76                         -            335 356175at33208        -            270   5.2e-19   70.2   2.8   4   6   9.8e-10   1.4e-07   32.7   0.0    62   153   122   212   116   218 0.88 -
evm.utg14.76                         -            335 356175at33208        -            270   5.2e-19   70.2   2.8   5   6   0.00039     0.056   14.3   0.0    94   147   195   257   192   270 0.79 -
evm.utg14.76                         -            335 356175at33208        -            270   5.2e-19   70.2   2.8   6   6   0.00024     0.034   15.0   0.4   101   155   274   328   261   332 0.89 -
evm.utg17809.13                      -            456 356175at33208        -            270   8.3e-19   69.5   1.5   1   4   1.3e-08   1.9e-06   29.0   0.0    92   158   109   176    85   181 0.88 -
evm.utg17809.13                      -            456 356175at33208        -            270   8.3e-19   69.5   1.5   2   4     0.019       2.8    8.8   0.2    81   138   228   286   206   292 0.57 -
evm.utg17809.13                      -            456 356175at33208        -            270   8.3e-19   69.5   1.5   3   4   0.00032     0.046   14.6   0.0    57   142   329   414   301   416 0.73 -
evm.utg17809.13                      -            456 356175at33208        -            270   8.3e-19   69.5   1.5   4   4   0.00049      0.07   14.0   0.0    94   134   408   448   401   450 0.92 -
evm.utg26517.8                       -           1023 356175at33208        -            270   1.2e-18   69.0   3.6   1   5       3.4   4.8e+02    1.4   0.0    93   146   261   319   252   333 0.71 -
evm.utg26517.8                       -           1023 356175at33208        -            270   1.2e-18   69.0   3.6   2   5   8.4e-08   1.2e-05   26.4   0.0    91   158   494   563   466   588 0.83 -
evm.utg26517.8                       -           1023 356175at33208        -            270   1.2e-18   69.0   3.6   3   5     0.028         4    8.3   0.0    60   127   595   661   592   667 0.85 -
evm.utg26517.8                       -           1023 356175at33208        -            270   1.2e-18   69.0   3.6   4   5   2.8e-09     4e-07   31.2   0.0    59   152   637   734   634   742 0.87 -
evm.utg26517.8                       -           1023 356175at33208        -            270   1.2e-18   69.0   3.6   5   5      0.48        69    4.2   0.0    97   163   836   904   821   911 0.84 -
evm.utg18125.5.1.5c22ec17            -            724 356175at33208        -            270   1.5e-18   68.7  16.2   1   6   0.00084      0.12   13.3   0.2    90   161   276   349   252   356 0.81 -
evm.utg18125.5.1.5c22ec17            -            724 356175at33208        -            270   1.5e-18   68.7  16.2   2   6    0.0029      0.42   11.5   0.0    95   143   324   372   316   375 0.90 -
evm.utg18125.5.1.5c22ec17            -            724 356175at33208        -            270   1.5e-18   68.7  16.2   3   6   8.6e-06    0.0012   19.8   0.1    89   157   360   431   354   438 0.87 -
evm.utg18125.5.1.5c22ec17            -            724 356175at33208        -            270   1.5e-18   68.7  16.2   4   6      0.11        16    6.3   0.0    98   135   470   508   466   514 0.82 -
evm.utg18125.5.1.5c22ec17            -            724 356175at33208        -            270   1.5e-18   68.7  16.2   5   6     2e-05    0.0029   18.6   0.8    61   166   528   632   500   648 0.85 -
evm.utg18125.5.1.5c22ec17            -            724 356175at33208        -            270   1.5e-18   68.7  16.2   6   6   4.1e-05    0.0059   17.6   0.5    94   153   646   715   634   719 0.75 -
evm.utg2757.69                       -            710 356175at33208        -            270   1.7e-18   68.5   7.0   1   5      0.24        34    5.2   0.0    93   119   437   463   427   467 0.80 -
evm.utg2757.69                       -            710 356175at33208        -            270   1.7e-18   68.5   7.0   2   5   1.5e-05    0.0022   19.0   0.1   104   157   464   518   462   533 0.88 -
evm.utg2757.69                       -            710 356175at33208        -            270   1.7e-18   68.5   7.0   3   5   7.6e-06    0.0011   20.0   0.1    89   146   533   590   518   594 0.89 -
evm.utg2757.69                       -            710 356175at33208        -            270   1.7e-18   68.5   7.0   4   5   1.5e-05    0.0021   19.1   0.1   101   166   608   671   604   680 0.88 -
evm.utg2757.69                       -            710 356175at33208        -            270   1.7e-18   68.5   7.0   5   5      0.12        18    6.2   0.0    85   117   676   708   666   709 0.81 -
evm.utg27.21                         -            316 356175at33208        -            270   8.4e-18   66.2   0.8   1   5      0.89   1.3e+02    3.4   0.0   121   157     6    44     2    52 0.70 -
evm.utg27.21                         -            316 356175at33208        -            270   8.4e-18   66.2   0.8   2   5   4.2e-09   5.9e-07   30.7   0.1    90   158    65   134    57   146 0.88 -
evm.utg27.21                         -            316 356175at33208        -            270   8.4e-18   66.2   0.8   3   5   6.5e-07   9.3e-05   23.5   0.0    81   158   141   221   137   230 0.87 -
evm.utg27.21                         -            316 356175at33208        -            270   8.4e-18   66.2   0.8   4   5   0.00076      0.11   13.4   0.0    89   157   193   260   187   264 0.87 -
evm.utg27.21                         -            316 356175at33208        -            270   8.4e-18   66.2   0.8   5   5      0.81   1.2e+02    3.5   0.0    95   118   290   313   280   315 0.87 -
evm.utg2967.37                       -            683 356175at33208        -            270   1.3e-17   65.6   0.0   1   4    0.0021       0.3   12.0   0.0    97   138    28    69    16    70 0.90 -
evm.utg2967.37                       -            683 356175at33208        -            270   1.3e-17   65.6   0.0   2   4   4.2e-06   0.00059   20.8   0.0    92   153    65   126    62   131 0.91 -
evm.utg2967.37                       -            683 356175at33208        -            270   1.3e-17   65.6   0.0   3   4   6.8e-07   9.7e-05   23.4   0.0    97   157   112   173   111   178 0.92 -
evm.utg2967.37                       -            683 356175at33208        -            270   1.3e-17   65.6   0.0   4   4    0.0021       0.3   12.0   0.0    92   156   191   255   179   267 0.90 -
evm.utg2967.37.2.5c22ee73            -            682 356175at33208        -            270   1.4e-17   65.5   0.0   1   4    0.0031      0.44   11.4   0.0    97   136    27    66    16    68 0.90 -
evm.utg2967.37.2.5c22ee73            -            682 356175at33208        -            270   1.4e-17   65.5   0.0   2   4   4.8e-06   0.00069   20.6   0.0    92   153    64   125    63   130 0.91 -
evm.utg2967.37.2.5c22ee73            -            682 356175at33208        -            270   1.4e-17   65.5   0.0   3   4   4.7e-07   6.7e-05   23.9   0.0    96   157   110   172   109   180 0.92 -
evm.utg2967.37.2.5c22ee73            -            682 356175at33208        -            270   1.4e-17   65.5   0.0   4   4    0.0019      0.27   12.1   0.0    92   156   190   254   177   273 0.90 -
evm.utg1009.19                       -            542 356175at33208        -            270   1.6e-17   65.4   0.2   1   3   5.3e-05    0.0075   17.2   0.0    91   128   214   251   199   257 0.83 -
evm.utg1009.19                       -            542 356175at33208        -            270   1.6e-17   65.4   0.2   2   3     3e-06   0.00044   21.3   0.0    89   133   262   307   250   308 0.83 -
evm.utg1009.19                       -            542 356175at33208        -            270   1.6e-17   65.4   0.2   3   3   5.3e-07   7.5e-05   23.8   0.1    92   153   308   369   305   374 0.96 -
evm.utg10470.3                       -            667 356175at33208        -            270   2.1e-17   65.0   0.0   1   4      0.58        83    4.0   0.0    93   136   346   394   335   411 0.72 -
evm.utg10470.3                       -            667 356175at33208        -            270   2.1e-17   65.0   0.0   2   4   2.1e-06    0.0003   21.8   0.0    93   159   419   486   412   493 0.92 -
evm.utg10470.3                       -            667 356175at33208        -            270   2.1e-17   65.0   0.0   3   4   1.6e-07   2.4e-05   25.4   0.0    93   157   503   568   492   575 0.91 -
evm.utg10470.3                       -            667 356175at33208        -            270   2.1e-17   65.0   0.0   4   4     0.046       6.5    7.6   0.0    92   118   586   612   573   620 0.83 -
evm.utg777.49                        -            667 356175at33208        -            270   2.4e-17   64.7   0.0   1   4       0.3        42    4.9   0.0    93   136   346   394   335   410 0.72 -
evm.utg777.49                        -            667 356175at33208        -            270   2.4e-17   64.7   0.0   2   4   1.9e-06   0.00027   21.9   0.0    93   159   419   486   399   492 0.92 -
evm.utg777.49                        -            667 356175at33208        -            270   2.4e-17   64.7   0.0   3   4   1.8e-07   2.6e-05   25.3   0.0    93   157   503   568   492   574 0.92 -
evm.utg777.49                        -            667 356175at33208        -            270   2.4e-17   64.7   0.0   4   4     0.089        13    6.6   0.0    92   118   586   612   575   623 0.84 -
evm.utg7821.35                       -            557 356175at33208        -            270   2.5e-17   64.7   0.0   1   4   0.00012     0.017   16.1   0.0    96   150    15    71     6    90 0.81 -
evm.utg7821.35                       -            557 356175at33208        -            270   2.5e-17   64.7   0.0   2   4   1.2e-06   0.00017   22.6   0.0    86   158   136   216   127   236 0.81 -
evm.utg7821.35                       -            557 356175at33208        -            270   2.5e-17   64.7   0.0   3   4     0.037       5.3    7.9   0.0    92   153   277   336   264   343 0.86 -
evm.utg7821.35                       -            557 356175at33208        -            270   2.5e-17   64.7   0.0   4   4    0.0054      0.78   10.6   0.0    97   156   490   552   471   556 0.56 -
evm.utg2323.5                        -            681 356175at33208        -            270   2.5e-17   64.7   0.0   1   4   0.00076      0.11   13.4   0.0    97   142    28    73    18    76 0.89 -
evm.utg2323.5                        -            681 356175at33208        -            270   2.5e-17   64.7   0.0   2   4   6.1e-06   0.00087   20.3   0.0    92   152    65   125    64   130 0.92 -
evm.utg2323.5                        -            681 356175at33208        -            270   2.5e-17   64.7   0.0   3   4   6.3e-07   8.9e-05   23.5   0.0    97   157   112   173   111   180 0.92 -
evm.utg2323.5                        -            681 356175at33208        -            270   2.5e-17   64.7   0.0   4   4    0.0052      0.75   10.7   0.0    92   156   191   255   178   275 0.89 -
evm.utg7950.19                       -            574 356175at33208        -            270     3e-17   64.4   1.4   1   5      0.28        40    5.0   0.0   122   162   114   154   105   164 0.83 -
evm.utg7950.19                       -            574 356175at33208        -            270     3e-17   64.4   1.4   2   5   1.8e-05    0.0025   18.8   0.0    95   232   168   303   151   307 0.85 -
evm.utg7950.19                       -            574 356175at33208        -            270     3e-17   64.4   1.4   3   5   3.8e-05    0.0054   17.7   0.0    81   153   251   323   238   327 0.89 -
evm.utg7950.19                       -            574 356175at33208        -            270     3e-17   64.4   1.4   4   5   1.2e-07   1.7e-05   25.9   0.3    94   161   306   374   303   376 0.92 -
evm.utg7950.19                       -            574 356175at33208        -            270     3e-17   64.4   1.4   5   5   0.00021     0.031   15.2   0.0   109   158   363   413   363   417 0.90 -
evm.utg26219.6                       -            683 356175at33208        -            270   3.6e-17   64.2   0.0   1   4    0.0021       0.3   12.0   0.0    97   138    28    69    16    70 0.90 -
evm.utg26219.6                       -            683 356175at33208        -            270   3.6e-17   64.2   0.0   2   4   4.8e-06   0.00069   20.6   0.0    92   153    65   126    64   131 0.91 -
evm.utg26219.6                       -            683 356175at33208        -            270   3.6e-17   64.2   0.0   3   4   6.6e-07   9.4e-05   23.5   0.0    97   157   112   173   111   179 0.92 -
evm.utg26219.6                       -            683 356175at33208        -            270   3.6e-17   64.2   0.0   4   4    0.0061      0.87   10.4   0.0    92   156   191   255   181   267 0.89 -
evm.utg338.73                        -           1105 356175at33208        -            270   6.2e-17   63.4   4.8   1   4     1e-07   1.4e-05   26.1   0.0    91   158   494   563   465   588 0.83 -
evm.utg338.73                        -           1105 356175at33208        -            270   6.2e-17   63.4   4.8   2   4     0.031       4.4    8.1   0.0    60   127   595   661   592   667 0.85 -
evm.utg338.73                        -           1105 356175at33208        -            270   6.2e-17   63.4   4.8   3   4   3.3e-09   4.7e-07   31.0   0.0    59   152   637   734   635   742 0.87 -
evm.utg338.73                        -           1105 356175at33208        -            270   6.2e-17   63.4   4.8   4   4       1.6   2.3e+02    2.5   0.0    98   163   837   904   832   910 0.81 -
evm.utg439.49                        -            578 356175at33208        -            270   1.6e-16   62.0   1.0   1   3   9.1e-06    0.0013   19.7   0.0    88   159   287   360   274   372 0.81 -
evm.utg439.49                        -            578 356175at33208        -            270   1.6e-16   62.0   1.0   2   3   0.00024     0.034   15.1   0.2    91   157   374   444   362   453 0.85 -
evm.utg439.49                        -            578 356175at33208        -            270   1.6e-16   62.0   1.0   3   3   3.3e-07   4.7e-05   24.5   0.0    76   156   494   576   467   577 0.81 -
evm.utg2483.3                        -            367 356175at33208        -            270     2e-16   61.7   1.2   1   3   1.3e-05    0.0018   19.2   0.0    91   152   150   211   144   212 0.93 -
evm.utg2483.3                        -            367 356175at33208        -            270     2e-16   61.7   1.2   2   3   9.5e-06    0.0014   19.7   0.2    97   167   198   266   195   280 0.85 -
evm.utg2483.3                        -            367 356175at33208        -            270     2e-16   61.7   1.2   3   3   5.2e-08   7.4e-06   27.1   0.4    77   157   261   342   255   351 0.87 -
evm.utg2483.3.1.5c22edbc             -            367 356175at33208        -            270     2e-16   61.7   1.2   1   3   1.3e-05    0.0018   19.2   0.0    91   152   150   211   144   212 0.93 -
evm.utg2483.3.1.5c22edbc             -            367 356175at33208        -            270     2e-16   61.7   1.2   2   3   9.5e-06    0.0014   19.7   0.2    97   167   198   266   195   280 0.85 -
evm.utg2483.3.1.5c22edbc             -            367 356175at33208        -            270     2e-16   61.7   1.2   3   3   5.2e-08   7.4e-06   27.1   0.4    77   157   261   342   255   351 0.87 -
evm.utg376.68                        -            977 356175at33208        -            270   2.3e-16   61.6   0.1   1   3   5.6e-08     8e-06   27.0   0.0    86   157    55   127    29   137 0.82 -
evm.utg376.68                        -            977 356175at33208        -            270   2.3e-16   61.6   0.1   2   3      0.02       2.9    8.7   0.0    89   140   144   195   128   204 0.84 -
evm.utg376.68                        -            977 356175at33208        -            270   2.3e-16   61.6   0.1   3   3   2.7e-06   0.00038   21.5   0.0   101   165   200   265   195   282 0.90 -
evm.utg376.68.1.5c22efd2             -            978 356175at33208        -            270   2.3e-16   61.6   0.1   1   3   5.6e-08     8e-06   27.0   0.0    86   157    55   127    29   137 0.82 -
evm.utg376.68.1.5c22efd2             -            978 356175at33208        -            270   2.3e-16   61.6   0.1   2   3      0.02       2.9    8.7   0.0    89   140   144   195   128   204 0.84 -
evm.utg376.68.1.5c22efd2             -            978 356175at33208        -            270   2.3e-16   61.6   0.1   3   3   2.7e-06   0.00038   21.5   0.0   101   165   200   265   195   282 0.90 -
evm.utg5417.27.1.5c22f1fe            -           1068 356175at33208        -            270   2.3e-16   61.5   7.8   1   4    0.0026      0.37   11.7   0.1    90   132   720   762   709   764 0.86 -
evm.utg5417.27.1.5c22f1fe            -           1068 356175at33208        -            270   2.3e-16   61.5   7.8   2   4   7.7e-08   1.1e-05   26.5   0.1    86   160   758   833   754   843 0.91 -
evm.utg5417.27.1.5c22f1fe            -           1068 356175at33208        -            270   2.3e-16   61.5   7.8   3   4    0.0025      0.36   11.7   0.1    88   155   844   911   836   918 0.92 -
evm.utg5417.27.1.5c22f1fe            -           1068 356175at33208        -            270   2.3e-16   61.5   7.8   4   4   0.00016     0.023   15.6   0.1    94   157   932   996   918  1005 0.89 -
evm.utg9141.14                       -            390 356175at33208        -            270   2.6e-16   61.4   9.2   1   4      0.02       2.9    8.8   0.4   120   158    28    67    11    75 0.79 -
evm.utg9141.14                       -            390 356175at33208        -            270   2.6e-16   61.4   9.2   2   4   0.00063      0.09   13.7   0.0    86   153   119   187   111   200 0.89 -
evm.utg9141.14                       -            390 356175at33208        -            270   2.6e-16   61.4   9.2   3   4   4.7e-06   0.00067   20.6   0.0    65   155   185   283   183   283 0.71 -
evm.utg9141.14                       -            390 356175at33208        -            270   2.6e-16   61.4   9.2   4   4   1.2e-09   1.6e-07   32.5   0.4    88   157   258   328   247   332 0.91 -
evm.utg13607.5                       -           1071 356175at33208        -            270   3.2e-16   61.1   0.1   1   3     5e-08   7.2e-06   27.1   0.0    86   158    55   128    29   141 0.83 -
evm.utg13607.5                       -           1071 356175at33208        -            270   3.2e-16   61.1   0.1   2   3     0.029       4.2    8.2   0.0    89   138   144   193   129   199 0.84 -
evm.utg13607.5                       -           1071 356175at33208        -            270   3.2e-16   61.1   0.1   3   3   2.7e-06   0.00039   21.4   0.0   101   165   200   265   194   286 0.89 -
evm.utg6459.21                       -            392 356175at33208        -            270   3.3e-16   61.0   7.8   1   4    0.0034      0.48   11.3   0.4    92   159    44   112    13   127 0.80 -
evm.utg6459.21                       -            392 356175at33208        -            270   3.3e-16   61.0   7.8   2   4   0.00061     0.088   13.7   0.0    86   153   121   189   112   202 0.89 -
evm.utg6459.21                       -            392 356175at33208        -            270   3.3e-16   61.0   7.8   3   4   3.3e-05    0.0047   17.9   0.1    86   155   211   285   185   285 0.70 -
evm.utg6459.21                       -            392 356175at33208        -            270   3.3e-16   61.0   7.8   4   4   1.2e-09   1.7e-07   32.5   0.4    88   157   260   330   252   334 0.91 -
evm.utg1721.37.1.5c22ebc9            -            385 356175at33208        -            270   4.8e-16   60.5   1.0   1   6     5e-05    0.0071   17.3   0.2    93   158    76   143    58   145 0.77 -
evm.utg1721.37.1.5c22ebc9            -            385 356175at33208        -            270   4.8e-16   60.5   1.0   2   6    0.0043      0.62   10.9   0.1    93   126   119   152   115   157 0.84 -
evm.utg1721.37.1.5c22ebc9            -            385 356175at33208        -            270   4.8e-16   60.5   1.0   3   6      0.35        49    4.7   0.1    98   123   165   190   158   224 0.81 -
evm.utg1721.37.1.5c22ebc9            -            385 356175at33208        -            270   4.8e-16   60.5   1.0   4   6      0.24        34    5.2   0.1    96   152   204   263   189   272 0.76 -
evm.utg1721.37.1.5c22ebc9            -            385 356175at33208        -            270   4.8e-16   60.5   1.0   5   6   0.00014      0.02   15.8   0.0    35   127   228   330   224   344 0.76 -
evm.utg1721.37.1.5c22ebc9            -            385 356175at33208        -            270   4.8e-16   60.5   1.0   6   6    0.0016      0.22   12.4   0.0    97   139   341   383   328   384 0.84 -
evm.utg73.56                         -            309 356175at33208        -            270   8.2e-16   59.7   0.9   1   4   2.4e-06   0.00034   21.6   0.0    91   158    20    90    12   105 0.83 -
evm.utg73.56                         -            309 356175at33208        -            270   8.2e-16   59.7   0.9   2   4      0.76   1.1e+02    3.6   0.1    93   141   108   159    98   168 0.68 -
evm.utg73.56                         -            309 356175at33208        -            270   8.2e-16   59.7   0.9   3   4     0.018       2.5    8.9   0.0    79   131   177   229   165   236 0.85 -
evm.utg73.56                         -            309 356175at33208        -            270   8.2e-16   59.7   0.9   4   4   4.1e-06   0.00059   20.8   0.1    95   160   237   304   231   306 0.93 -
evm.utg2129.40                       -            418 356175at33208        -            270     1e-15   59.4   1.8   1   4     0.033       4.7    8.0   0.1   119   158    93   133    83   144 0.81 -
evm.utg2129.40                       -            418 356175at33208        -            270     1e-15   59.4   1.8   2   4   2.1e-08   2.9e-06   28.4   0.1    61   157   163   264   149   267 0.82 -
evm.utg2129.40                       -            418 356175at33208        -            270     1e-15   59.4   1.8   3   4     0.005      0.72   10.7   0.0   100   152   248   300   245   302 0.92 -
evm.utg2129.40                       -            418 356175at33208        -            270     1e-15   59.4   1.8   4   4    0.0021       0.3   12.0   0.0    95   153   329   387   303   397 0.92 -
evm.utg21895.1                       -            272 356175at33208        -            270   2.1e-15   58.4   1.2   1   3    0.0013      0.18   12.7   0.0   109   159     2    54     1    58 0.76 -
evm.utg21895.1                       -            272 356175at33208        -            270   2.1e-15   58.4   1.2   2   3   6.3e-05     0.009   17.0   0.2    90   157    67   138    54   149 0.85 -
evm.utg21895.1                       -            272 356175at33208        -            270   2.1e-15   58.4   1.2   3   3     8e-08   1.1e-05   26.4   0.0    76   156   188   270   152   271 0.81 -
evm.utg293.35                        -            341 356175at33208        -            270   2.6e-15   58.1   0.1   1   4     0.097        14    6.5   0.0   119   158    44    84     5    96 0.85 -
evm.utg293.35                        -            341 356175at33208        -            270   2.6e-15   58.1   0.1   2   4   2.6e-08   3.8e-06   28.0   0.0    61   165   114   220    97   232 0.83 -
evm.utg293.35                        -            341 356175at33208        -            270   2.6e-15   58.1   0.1   3   4    0.0016      0.22   12.4   0.0    95   142   191   238   189   248 0.89 -
evm.utg293.35                        -            341 356175at33208        -            270   2.6e-15   58.1   0.1   4   4   1.5e-05    0.0022   19.0   0.0    63   157   245   340   237   340 0.93 -
evm.utg431.28.29                     -            766 356175at33208        -            270   3.1e-15   57.8   0.1   1   2     0.044       6.3    7.6   0.0    93   126   427   461   412   489 0.82 -
evm.utg431.28.29                     -            766 356175at33208        -            270   3.1e-15   57.8   0.1   2   2   3.8e-14   5.5e-12   47.2   0.0    72   261   573   763   555   765 0.88 -
evm.utg577.102                       -            912 356175at33208        -            270   3.2e-15   57.8   6.0   1   5   1.1e-06   0.00015   22.8   0.1    89   167   613   690   598   695 0.85 -
evm.utg577.102                       -            912 356175at33208        -            270   3.2e-15   57.8   6.0   2   5    0.0043      0.61   10.9   0.2    95   132   699   736   691   742 0.88 -
evm.utg577.102                       -            912 356175at33208        -            270   3.2e-15   57.8   6.0   3   5      0.29        42    4.9   0.0    93   137   737   781   735   784 0.91 -
evm.utg577.102                       -            912 356175at33208        -            270   3.2e-15   57.8   6.0   4   5   0.00049      0.07   14.0   0.0   100   151   784   835   779   838 0.91 -
evm.utg577.102                       -            912 356175at33208        -            270   3.2e-15   57.8   6.0   5   5     0.011       1.6    9.6   0.0    94   158   820   883   818   889 0.87 -
evm.utg411.25                        -            871 356175at33208        -            270     4e-15   57.4   2.4   1   5     0.076        11    6.8   0.0    92   157    59   123    35   132 0.79 -
evm.utg411.25                        -            871 356175at33208        -            270     4e-15   57.4   2.4   2   5         4   5.7e+02    1.2   0.0    95   153   151   211   135   234 0.64 -
evm.utg411.25                        -            871 356175at33208        -            270     4e-15   57.4   2.4   3   5      0.01       1.5    9.7   0.0    70   165   248   345   239   351 0.75 -
evm.utg411.25                        -            871 356175at33208        -            270     4e-15   57.4   2.4   4   5   1.1e-07   1.6e-05   26.0   0.2    93   264   354   510   348   514 0.82 -
evm.utg411.25                        -            871 356175at33208        -            270     4e-15   57.4   2.4   5   5    0.0038      0.54   11.1   0.2    96   214   485   608   485   621 0.73 -
evm.utg431.28.29.1.5c27950b          -            796 356175at33208        -            270   4.2e-15   57.4   0.0   1   2     0.046       6.5    7.6   0.0    93   126   427   461   395   470 0.82 -
evm.utg431.28.29.1.5c27950b          -            796 356175at33208        -            270   4.2e-15   57.4   0.0   2   2   4.2e-14   5.9e-12   47.1   0.0    72   261   603   793   587   795 0.88 -
evm.utg7048.1                        -            362 356175at33208        -            270   4.8e-15   57.2   2.9   1   4     2e-08   2.8e-06   28.4   0.1    86   170    84   169    72   176 0.72 -
evm.utg7048.1                        -            362 356175at33208        -            270   4.8e-15   57.2   2.9   2   4   0.00015     0.022   15.7   0.1    97   157   137   198   135   203 0.89 -
evm.utg7048.1                        -            362 356175at33208        -            270   4.8e-15   57.2   2.9   3   4      0.52        75    4.1   0.0   100   120   182   202   170   217 0.80 -
evm.utg7048.1                        -            362 356175at33208        -            270   4.8e-15   57.2   2.9   4   4    0.0012      0.17   12.8   0.1    99   149   221   273   209   336 0.84 -
evm.utg435.1                         -            468 356175at33208        -            270   5.1e-15   57.1   3.3   1   5   2.8e-08   3.9e-06   28.0   0.1   126   262   141   266   130   273 0.75 -
evm.utg435.1                         -            468 356175at33208        -            270   5.1e-15   57.1   3.3   2   5   0.00017     0.024   15.6   0.0    96   157   243   305   241   315 0.89 -
evm.utg435.1                         -            468 356175at33208        -            270   5.1e-15   57.1   3.3   3   5     0.022       3.2    8.6   0.1   100   159   289   347   277   348 0.74 -
evm.utg435.1                         -            468 356175at33208        -            270   5.1e-15   57.1   3.3   4   5    0.0029      0.42   11.5   0.1    99   144   328   374   316   381 0.80 -
evm.utg435.1                         -            468 356175at33208        -            270   5.1e-15   57.1   3.3   5   5     0.028         4    8.3   0.0    70   117   355   402   352   416 0.79 -
evm.utg3174.3                        -            435 356175at33208        -            270   5.7e-15   57.0   2.6   1   5     0.076        11    6.9   0.0   121   153   146   178   141   183 0.87 -
evm.utg3174.3                        -            435 356175at33208        -            270   5.7e-15   57.0   2.6   2   5   1.6e-05    0.0023   18.9   0.1    96   157   163   225   158   228 0.91 -
evm.utg3174.3                        -            435 356175at33208        -            270   5.7e-15   57.0   2.6   3   5    0.0045      0.64   10.9   0.0    96   132   205   241   202   246 0.90 -
evm.utg3174.3                        -            435 356175at33208        -            270   5.7e-15   57.0   2.6   4   5     3e-05    0.0043   18.0   0.0    99   172   250   324   244   334 0.88 -
evm.utg3174.3                        -            435 356175at33208        -            270   5.7e-15   57.0   2.6   5   5   0.00079      0.11   13.4   0.0    61   116   382   434   377   434 0.74 -
evm.utg413.38                        -            593 356175at33208        -            270     1e-14   56.1   1.9   1   4     0.093        13    6.6   0.0   121   153   304   336   299   350 0.88 -
evm.utg413.38                        -            593 356175at33208        -            270     1e-14   56.1   1.9   2   4   1.7e-05    0.0024   18.9   0.2    96   158   321   384   316   402 0.89 -
evm.utg413.38                        -            593 356175at33208        -            270     1e-14   56.1   1.9   3   4   2.2e-05    0.0032   18.5   0.1    98   172   407   482   393   492 0.88 -
evm.utg413.38                        -            593 356175at33208        -            270     1e-14   56.1   1.9   4   4    0.0013      0.18   12.7   0.0    61   116   540   592   536   592 0.74 -
evm.utg2216.8                        -            504 356175at33208        -            270   1.1e-14   56.0   0.3   1   3   5.4e-08   7.8e-06   27.0   0.0    56   196    23   149     3   199 0.74 -
evm.utg2216.8                        -            504 356175at33208        -            270   1.1e-14   56.0   0.3   2   3    0.0045      0.64   10.9   0.0   102   157   213   278   208   284 0.75 -
evm.utg2216.8                        -            504 356175at33208        -            270   1.1e-14   56.0   0.3   3   3     0.016       2.3    9.1   0.1    89   120   293   324   286   369 0.82 -
evm.utg234.60.1.5c279240             -            226 356175at33208        -            270   1.4e-14   55.7   0.1   1   4   0.00024     0.034   15.1   0.1   101   157    30    89    13    92 0.87 -
evm.utg234.60.1.5c279240             -            226 356175at33208        -            270   1.4e-14   55.7   0.1   2   4    0.0031      0.45   11.4   0.0    94   150    67   123    61   127 0.88 -
evm.utg234.60.1.5c279240             -            226 356175at33208        -            270   1.4e-14   55.7   0.1   3   4      0.11        15    6.4   0.0    93   125   108   140    91   144 0.84 -
evm.utg234.60.1.5c279240             -            226 356175at33208        -            270   1.4e-14   55.7   0.1   4   4   7.8e-10   1.1e-07   33.1   0.0    67   153   124   210   118   216 0.89 -
evm.utg2967.37.1.5c22ee73            -            636 356175at33208        -            270   1.8e-14   55.3   0.0   1   3   1.7e-06   0.00025   22.1   0.0    92   157    21    87    11    90 0.90 -
evm.utg2967.37.1.5c22ee73            -            636 356175at33208        -            270   1.8e-14   55.3   0.0   2   3   4.4e-07   6.3e-05   24.0   0.0    96   157    67   129    66   135 0.92 -
evm.utg2967.37.1.5c22ee73            -            636 356175at33208        -            270   1.8e-14   55.3   0.0   3   3    0.0017      0.24   12.3   0.0    92   156   147   211   134   231 0.90 -
evm.utg15197.11                      -           1003 356175at33208        -            270   2.2e-14   55.1   1.8   1   5      0.17        24    5.7   0.0    92   142   121   171   102   174 0.83 -
evm.utg15197.11                      -           1003 356175at33208        -            270   2.2e-14   55.1   1.8   2   5   0.00022     0.032   15.2   0.0    95   151   166   221   161   222 0.91 -
evm.utg15197.11                      -           1003 356175at33208        -            270   2.2e-14   55.1   1.8   3   5   5.2e-05    0.0074   17.2   0.1   104   158   216   273   212   280 0.88 -
evm.utg15197.11                      -           1003 356175at33208        -            270   2.2e-14   55.1   1.8   4   5    0.0055      0.78   10.6   0.0    88   141   286   339   274   343 0.89 -
evm.utg15197.11                      -           1003 356175at33208        -            270   2.2e-14   55.1   1.8   5   5     0.068       9.8    7.0   0.1   101   159   342   402   339   409 0.87 -
evm.utg1629.22                       -           1004 356175at33208        -            270   2.2e-14   55.0   1.6   1   5      0.17        24    5.7   0.0    92   142   122   172   103   175 0.83 -
evm.utg1629.22                       -           1004 356175at33208        -            270   2.2e-14   55.0   1.6   2   5   0.00022     0.032   15.2   0.0    95   151   167   222   162   223 0.91 -
evm.utg1629.22                       -           1004 356175at33208        -            270   2.2e-14   55.0   1.6   3   5   5.8e-05    0.0083   17.1   0.1   104   157   217   273   213   281 0.87 -
evm.utg1629.22                       -           1004 356175at33208        -            270   2.2e-14   55.0   1.6   4   5    0.0053      0.76   10.6   0.0    87   141   286   340   274   344 0.88 -
evm.utg1629.22                       -           1004 356175at33208        -            270   2.2e-14   55.0   1.6   5   5     0.068       9.8    7.0   0.1   101   159   343   403   340   410 0.87 -
evm.utg579.18                        -            368 356175at33208        -            270   2.8e-14   54.7   0.3   1   4     0.012       1.7    9.5   0.0    89   130    52    94    43   102 0.82 -
evm.utg579.18                        -            368 356175at33208        -            270   2.8e-14   54.7   0.3   2   4    0.0092       1.3    9.9   0.0    92   150   118   177    98   192 0.79 -
evm.utg579.18                        -            368 356175at33208        -            270   2.8e-14   54.7   0.3   3   4   1.5e-06   0.00021   22.3   0.0    92   157   207   275   199   286 0.88 -
evm.utg579.18                        -            368 356175at33208        -            270   2.8e-14   54.7   0.3   4   4     0.033       4.7    8.1   0.0    88   152   291   357   273   365 0.81 -
evm.utg1005.5                        -            983 356175at33208        -            270   3.7e-14   54.3   9.8   1   4      0.26        37    5.1   0.1   118   152   684   718   678   724 0.84 -
evm.utg1005.5                        -            983 356175at33208        -            270   3.7e-14   54.3   9.8   2   4    0.0014       0.2   12.5   0.4    59   157   711   806   709   809 0.87 -
evm.utg1005.5                        -            983 356175at33208        -            270   3.7e-14   54.3   9.8   3   4   1.6e-06   0.00023   22.2   0.1    89   153   829   893   822   901 0.92 -
evm.utg1005.5                        -            983 356175at33208        -            270   3.7e-14   54.3   9.8   4   4   1.5e-06   0.00021   22.3   0.1    97   156   918   978   894   981 0.87 -
evm.utg1629.22.1.5c22eb7d            -            969 356175at33208        -            270   3.8e-14   54.2   1.7   1   5      0.64        92    3.8   0.0    78   137    77   132    69   137 0.78 -
evm.utg1629.22.1.5c22eb7d            -            969 356175at33208        -            270   3.8e-14   54.2   1.7   2   5   0.00021      0.03   15.3   0.0    95   151   132   187   126   188 0.91 -
evm.utg1629.22.1.5c22eb7d            -            969 356175at33208        -            270   3.8e-14   54.2   1.7   3   5   1.3e-05    0.0018   19.2   0.0    96   157   174   238   173   244 0.88 -
evm.utg1629.22.1.5c22eb7d            -            969 356175at33208        -            270   3.8e-14   54.2   1.7   4   5    0.0044      0.63   10.9   0.1    87   141   251   305   232   309 0.87 -
evm.utg1629.22.1.5c22eb7d            -            969 356175at33208        -            270   3.8e-14   54.2   1.7   5   5     0.065       9.2    7.1   0.1   101   159   308   368   305   376 0.87 -
evm.utg435.58                        -            950 356175at33208        -            270   8.3e-14   53.1   5.6   1   4   4.6e-07   6.5e-05   24.0   0.1    87   159   317   391   264   399 0.76 -
evm.utg435.58                        -            950 356175at33208        -            270   8.3e-14   53.1   5.6   2   4   9.3e-05     0.013   16.4   0.1    60   151   466   556   461   568 0.77 -
evm.utg435.58                        -            950 356175at33208        -            270   8.3e-14   53.1   5.6   3   4      0.11        16    6.3   0.1    98   163   728   797   707   805 0.58 -
evm.utg435.58                        -            950 356175at33208        -            270   8.3e-14   53.1   5.6   4   4      0.58        83    4.0   0.0    93   118   866   891   856   895 0.84 -
evm.utg5290.27.1.5c22f1dc            -            533 356175at33208        -            270   9.8e-14   52.9   6.9   1   4      0.04       5.7    7.8   0.0    88   118   243   273   235   287 0.82 -
evm.utg5290.27.1.5c22f1dc            -            533 356175at33208        -            270   9.8e-14   52.9   6.9   2   4   5.8e-06   0.00082   20.4   0.5    92   157   291   357   280   368 0.90 -
evm.utg5290.27.1.5c22f1dc            -            533 356175at33208        -            270   9.8e-14   52.9   6.9   3   4    0.0016      0.23   12.3   0.2    73   153   355   435   353   448 0.86 -
evm.utg5290.27.1.5c22f1dc            -            533 356175at33208        -            270   9.8e-14   52.9   6.9   4   4    0.0002     0.029   15.3   0.0    95   158   465   529   457   531 0.93 -
evm.utg5290.27                       -            565 356175at33208        -            270   1.2e-13   52.6   6.9   1   4     0.043       6.1    7.7   0.0    88   118   275   305   267   319 0.82 -
evm.utg5290.27                       -            565 356175at33208        -            270   1.2e-13   52.6   6.9   2   4   6.3e-06   0.00089   20.2   0.5    92   157   323   389   312   400 0.90 -
evm.utg5290.27                       -            565 356175at33208        -            270   1.2e-13   52.6   6.9   3   4    0.0018      0.26   12.2   0.2    73   153   387   467   385   480 0.86 -
evm.utg5290.27                       -            565 356175at33208        -            270   1.2e-13   52.6   6.9   4   4   0.00022     0.031   15.2   0.0    95   158   497   561   489   563 0.93 -
evm.utg3260.7                        -            375 356175at33208        -            270   1.4e-13   52.4   0.5   1   7     0.016       2.3    9.0   0.0   124   159    24    60    16    66 0.86 -
evm.utg3260.7                        -            375 356175at33208        -            270   1.4e-13   52.4   0.5   2   7      0.96   1.4e+02    3.2   0.0    98   133    80   115    67   121 0.82 -
evm.utg3260.7                        -            375 356175at33208        -            270   1.4e-13   52.4   0.5   3   7      0.14        19    6.0   0.0    94   142   116   164   105   167 0.85 -
evm.utg3260.7                        -            375 356175at33208        -            270   1.4e-13   52.4   0.5   4   7     0.023       3.3    8.6   0.0    94   133   171   210   164   216 0.89 -
evm.utg3260.7                        -            375 356175at33208        -            270   1.4e-13   52.4   0.5   5   7    0.0024      0.34   11.8   0.0    96   151   215   268   210   278 0.81 -
evm.utg3260.7                        -            375 356175at33208        -            270   1.4e-13   52.4   0.5   6   7      0.66        94    3.8   0.0    88   136   247   295   242   300 0.84 -
evm.utg3260.7                        -            375 356175at33208        -            270   1.4e-13   52.4   0.5   7   7     0.076        11    6.9   0.0    97   160   296   358   280   363 0.77 -
evm.utg18553.20                      -            503 356175at33208        -            270   1.4e-13   52.4   1.0   1   3   5.9e-08   8.5e-06   26.9   0.0    62   157    47   141    43   147 0.83 -
evm.utg18553.20                      -            503 356175at33208        -            270   1.4e-13   52.4   1.0   2   3    0.0025      0.36   11.7   0.0    97   157   165   224   144   226 0.85 -
evm.utg18553.20                      -            503 356175at33208        -            270   1.4e-13   52.4   1.0   3   3    0.0052      0.75   10.7   0.0    87   147   238   297   229   307 0.80 -
evm.utg1694.17                       -            301 356175at33208        -            270   1.4e-13   52.4   3.3   1   4   0.00035     0.049   14.5   0.0    93   132   115   155    99   162 0.82 -
evm.utg1694.17                       -            301 356175at33208        -            270   1.4e-13   52.4   3.3   2   4   6.9e-07   9.9e-05   23.4   0.1    94   159   157   221   149   225 0.84 -
evm.utg1694.17                       -            301 356175at33208        -            270   1.4e-13   52.4   3.3   3   4   3.2e-06   0.00046   21.2   0.6    99   157   202   259   199   268 0.91 -
evm.utg1694.17                       -            301 356175at33208        -            270   1.4e-13   52.4   3.3   4   4    0.0017      0.25   12.2   0.4    91   157   234   299   225   300 0.85 -
evm.utg498.144                       -           1008 356175at33208        -            270   1.5e-13   52.3  11.0   1   5     0.015       2.2    9.1   0.4    92   160   475   546   441   570 0.78 -
evm.utg498.144                       -           1008 356175at33208        -            270   1.5e-13   52.3  11.0   2   5     0.006      0.85   10.5   0.0    93   161   567   634   549   650 0.64 -
evm.utg498.144                       -           1008 356175at33208        -            270   1.5e-13   52.3  11.0   3   5     0.044       6.2    7.6   0.1   100   166   670   736   661   742 0.74 -
evm.utg498.144                       -           1008 356175at33208        -            270   1.5e-13   52.3  11.0   4   5   0.00021      0.03   15.2   0.0    92   152   744   804   738   828 0.89 -
evm.utg498.144                       -           1008 356175at33208        -            270   1.5e-13   52.3  11.0   5   5    0.0031      0.45   11.4   0.1    96   160   900   968   890   985 0.77 -
evm.utg607.12.1.5c22f2ae             -            705 356175at33208        -            270   1.9e-13   52.0   5.6   1   5   2.4e-05    0.0034   18.3   0.2    91   159    39   112     2   121 0.79 -
evm.utg607.12.1.5c22f2ae             -            705 356175at33208        -            270   1.9e-13   52.0   5.6   2   5      0.65        93    3.8   0.0    86   124   122   160   116   182 0.85 -
evm.utg607.12.1.5c22f2ae             -            705 356175at33208        -            270   1.9e-13   52.0   5.6   3   5   0.00011     0.015   16.2   0.0    94   145   181   232   159   234 0.88 -
evm.utg607.12.1.5c22f2ae             -            705 356175at33208        -            270   1.9e-13   52.0   5.6   4   5     4e-05    0.0056   17.6   0.1    92   158   221   287   218   291 0.95 -
evm.utg607.12.1.5c22f2ae             -            705 356175at33208        -            270   1.9e-13   52.0   5.6   5   5       9.7   1.4e+03   -0.0   0.0    94   126   369   401   355   408 0.84 -
evm.utg607.12                        -            707 356175at33208        -            270   1.9e-13   52.0   5.6   1   5   2.4e-05    0.0034   18.3   0.2    91   159    39   112     2   121 0.79 -
evm.utg607.12                        -            707 356175at33208        -            270   1.9e-13   52.0   5.6   2   5      0.65        94    3.8   0.0    86   124   122   160   116   182 0.85 -
evm.utg607.12                        -            707 356175at33208        -            270   1.9e-13   52.0   5.6   3   5   0.00011     0.016   16.1   0.0    94   145   181   232   161   234 0.89 -
evm.utg607.12                        -            707 356175at33208        -            270   1.9e-13   52.0   5.6   4   5     4e-05    0.0057   17.6   0.1    92   158   221   287   218   291 0.95 -
evm.utg607.12                        -            707 356175at33208        -            270   1.9e-13   52.0   5.6   5   5       9.7   1.4e+03   -0.1   0.0    94   126   369   401   355   408 0.84 -
evm.utg777.49.1.5c22f40d             -            577 356175at33208        -            270     2e-13   51.9   0.0   1   3      0.24        34    5.2   0.0    93   136   346   394   335   411 0.72 -
evm.utg777.49.1.5c22f40d             -            577 356175at33208        -            270     2e-13   51.9   0.0   2   3   1.6e-06   0.00023   22.2   0.0    93   159   419   486   412   500 0.92 -
evm.utg777.49.1.5c22f40d             -            577 356175at33208        -            270     2e-13   51.9   0.0   3   3   4.8e-06   0.00068   20.6   0.0    93   148   503   558   493   570 0.93 -
evm.utg2303.45                       -            565 356175at33208        -            270   2.5e-13   51.6   6.3   1   4     0.044       6.4    7.6   0.0    89   118   276   305   265   318 0.82 -
evm.utg2303.45                       -            565 356175at33208        -            270   2.5e-13   51.6   6.3   2   4   9.7e-06    0.0014   19.6   0.4    92   157   323   389   312   392 0.92 -
evm.utg2303.45                       -            565 356175at33208        -            270   2.5e-13   51.6   6.3   3   4    0.0039      0.56   11.1   0.1    72   153   386   467   383   480 0.86 -
evm.utg2303.45                       -            565 356175at33208        -            270   2.5e-13   51.6   6.3   4   4   0.00023     0.032   15.1   0.0    95   158   497   561   485   563 0.93 -
evm.utg10470.3.1.5c22e808            -            577 356175at33208        -            270   2.8e-13   51.4   0.0   1   3      0.51        72    4.2   0.0    94   136   347   394   336   410 0.72 -
evm.utg10470.3.1.5c22e808            -            577 356175at33208        -            270   2.8e-13   51.4   0.0   2   3   1.7e-06   0.00024   22.1   0.0    93   159   419   486   412   496 0.92 -
evm.utg10470.3.1.5c22e808            -            577 356175at33208        -            270   2.8e-13   51.4   0.0   3   3   3.4e-06   0.00048   21.1   0.0    93   149   503   559   492   570 0.91 -
evm.utg637.5                         -            513 356175at33208        -            270   2.9e-13   51.3   1.1   1   4   2.1e-07   2.9e-05   25.1   0.1    62   157    57   151    53   158 0.83 -
evm.utg637.5                         -            513 356175at33208        -            270   2.9e-13   51.3   1.1   2   4    0.0046      0.66   10.8   0.1    92   144   127   179   123   181 0.90 -
evm.utg637.5                         -            513 356175at33208        -            270   2.9e-13   51.3   1.1   3   4    0.0028       0.4   11.6   0.1    97   157   175   234   156   236 0.85 -
evm.utg637.5                         -            513 356175at33208        -            270   2.9e-13   51.3   1.1   4   4     0.005      0.71   10.7   0.0    87   147   248   307   239   317 0.80 -
evm.utg5985.20                       -            327 356175at33208        -            270   4.2e-13   50.8   0.1   1   3     0.061       8.7    7.2   0.0    98   153    31    86    16   125 0.82 -
evm.utg5985.20                       -            327 356175at33208        -            270   4.2e-13   50.8   0.1   2   3     3e-06   0.00043   21.3   0.1    95   155   167   227   120   237 0.74 -
evm.utg5985.20                       -            327 356175at33208        -            270   4.2e-13   50.8   0.1   3   3   2.3e-05    0.0033   18.4   0.0    88   140   247   299   232   324 0.76 -
evm.utg245.62                        -            499 356175at33208        -            270     5e-13   50.6   0.6   1   3   0.00022     0.032   15.2   0.0    82   137   218   273   206   288 0.89 -
evm.utg245.62                        -            499 356175at33208        -            270     5e-13   50.6   0.6   2   3     0.019       2.7    8.8   0.0    87   145   304   370   285   388 0.71 -
evm.utg245.62                        -            499 356175at33208        -            270     5e-13   50.6   0.6   3   3   8.9e-07   0.00013   23.0   0.1    85   157   397   471   370   474 0.84 -
evm.utg2083.46                       -            338 356175at33208        -            270   6.2e-13   50.3   2.9   1   5   0.00061     0.088   13.7   0.1    94   153    26    88    12    92 0.84 -
evm.utg2083.46                       -            338 356175at33208        -            270   6.2e-13   50.3   2.9   2   5   0.00018     0.026   15.5   0.1    59   139    34   117    30   120 0.77 -
evm.utg2083.46                       -            338 356175at33208        -            270   6.2e-13   50.3   2.9   3   5   1.7e-05    0.0025   18.8   0.4   100   153   119   172   101   221 0.89 -
evm.utg2083.46                       -            338 356175at33208        -            270   6.2e-13   50.3   2.9   4   5       1.4   1.9e+02    2.8   0.0    60   119   165   222   163   240 0.71 -
evm.utg2083.46                       -            338 356175at33208        -            270   6.2e-13   50.3   2.9   5   5   0.00079      0.11   13.4   0.0    94   157   241   304   225   322 0.84 -
evm.utg4972.23                       -            640 356175at33208        -            270   7.1e-13   50.1   6.2   1   4   5.2e-05    0.0074   17.2   0.6    79   188   337   446   294   450 0.75 -
evm.utg4972.23                       -            640 356175at33208        -            270   7.1e-13   50.1   6.2   2   4      0.15        21    5.9   0.1    89   132   434   477   425   483 0.86 -
evm.utg4972.23                       -            640 356175at33208        -            270   7.1e-13   50.1   6.2   3   4     2e-05    0.0029   18.6   0.1    93   153   478   538   474   546 0.90 -
evm.utg4972.23                       -            640 356175at33208        -            270   7.1e-13   50.1   6.2   4   4    0.0015      0.22   12.4   0.0    95   157   567   628   556   635 0.84 -
evm.utg729.25.2.5c279763             -            767 356175at33208        -            270   1.4e-12   49.2   0.1   1   4      0.23        32    5.3   0.0    89   120   449   480   426   493 0.65 -
evm.utg729.25.2.5c279763             -            767 356175at33208        -            270   1.4e-12   49.2   0.1   2   4    0.0059      0.85   10.5   0.0    93   157   506   582   498   587 0.76 -
evm.utg729.25.2.5c279763             -            767 356175at33208        -            270   1.4e-12   49.2   0.1   3   4   0.00013     0.018   15.9   0.0    55   151   611   713   604   714 0.77 -
evm.utg729.25.2.5c279763             -            767 356175at33208        -            270   1.4e-12   49.2   0.1   4   4     7e-05      0.01   16.8   0.0    98   152   702   760   699   764 0.86 -
evm.utg622.116.1.5c22f2e9            -            417 356175at33208        -            270   1.5e-12   49.0   0.1   1   3    0.0022      0.32   11.9   0.0    85   123    66   104    34   129 0.79 -
evm.utg622.116.1.5c22f2e9            -            417 356175at33208        -            270   1.5e-12   49.0   0.1   2   3   1.9e-05    0.0028   18.6   0.0    98   153   152   207   123   214 0.92 -
evm.utg622.116.1.5c22f2e9            -            417 356175at33208        -            270   1.5e-12   49.0   0.1   3   3   0.00025     0.035   15.0   0.0    68   157   328   413   317   415 0.89 -
evm.utg1337.6                        -            914 356175at33208        -            270   1.6e-12   49.0   4.9   1   4     5e-05    0.0072   17.3   0.3    81   188   613   720   598   724 0.80 -
evm.utg1337.6                        -            914 356175at33208        -            270   1.6e-12   49.0   4.9   2   4      0.03       4.4    8.2   0.1    88   147   707   764   697   764 0.84 -
evm.utg1337.6                        -            914 356175at33208        -            270   1.6e-12   49.0   4.9   3   4   7.7e-05     0.011   16.7   0.1    92   153   751   812   746   820 0.89 -
evm.utg1337.6                        -            914 356175at33208        -            270   1.6e-12   49.0   4.9   4   4    0.0024      0.35   11.8   0.0    95   157   841   902   830   909 0.84 -
evm.utg418.52                        -            385 356175at33208        -            270   2.1e-12   48.6   1.1   1   3     0.013       1.8    9.4   0.0    99   152    71   128    67   129 0.90 -
evm.utg418.52                        -            385 356175at33208        -            270   2.1e-12   48.6   1.1   2   3   3.6e-08   5.2e-06   27.6   0.2    87   160   105   180    99   185 0.87 -
evm.utg418.52                        -            385 356175at33208        -            270   2.1e-12   48.6   1.1   3   3   0.00018     0.026   15.4   0.0    99   153   206   262   184   268 0.84 -
evm.utg622.116                       -            447 356175at33208        -            270   2.2e-12   48.5   0.1   1   3    0.0027      0.39   11.6   0.0    85   123    96   134    75   164 0.80 -
evm.utg622.116                       -            447 356175at33208        -            270   2.2e-12   48.5   0.1   2   3   2.4e-05    0.0034   18.4   0.0    98   153   182   237   168   244 0.92 -
evm.utg622.116                       -            447 356175at33208        -            270   2.2e-12   48.5   0.1   3   3   0.00028      0.04   14.8   0.0    68   157   358   443   347   445 0.89 -
evm.utg729.25                        -            852 356175at33208        -            270   2.3e-12   48.4   0.1   1   4      0.26        36    5.1   0.0    89   120   534   565   511   578 0.65 -
evm.utg729.25                        -            852 356175at33208        -            270   2.3e-12   48.4   0.1   2   4    0.0068      0.98   10.3   0.0    93   157   591   667   583   672 0.76 -
evm.utg729.25                        -            852 356175at33208        -            270   2.3e-12   48.4   0.1   3   4   0.00015     0.021   15.7   0.0    55   151   696   798   689   799 0.77 -
evm.utg729.25                        -            852 356175at33208        -            270   2.3e-12   48.4   0.1   4   4     8e-05     0.011   16.6   0.0    98   152   787   845   784   849 0.86 -
evm.utg2099.25                       -            385 356175at33208        -            270   2.9e-12   48.1   1.2   1   3     0.035         5    8.0   0.0   100   151    72   127    69   128 0.90 -
evm.utg2099.25                       -            385 356175at33208        -            270   2.9e-12   48.1   1.2   2   3   3.9e-08   5.6e-06   27.5   0.2    87   160   105   180   101   186 0.87 -
evm.utg2099.25                       -            385 356175at33208        -            270   2.9e-12   48.1   1.2   3   3   0.00015     0.021   15.8   0.0    99   153   206   262   183   276 0.80 -
evm.utg405.2                         -            495 356175at33208        -            270   3.1e-12   48.0   3.6   1   4   9.1e-05     0.013   16.4   0.0    98   158   167   228   143   233 0.87 -
evm.utg405.2                         -            495 356175at33208        -            270   3.1e-12   48.0   3.6   2   4   3.3e-05    0.0047   17.9   0.4    98   157   290   350   277   353 0.91 -
evm.utg405.2                         -            495 356175at33208        -            270   3.1e-12   48.0   3.6   3   4   1.9e-06   0.00027   22.0   0.4    96   161   330   398   323   415 0.88 -
evm.utg405.2                         -            495 356175at33208        -            270   3.1e-12   48.0   3.6   4   4    0.0025      0.36   11.7   0.1    89   152   367   429   357   434 0.89 -
evm.utg736.53                        -            495 356175at33208        -            270   3.2e-12   47.9   3.6   1   4   9.1e-05     0.013   16.4   0.0    98   158   167   228   143   233 0.87 -
evm.utg736.53                        -            495 356175at33208        -            270   3.2e-12   47.9   3.6   2   4     3e-05    0.0042   18.0   0.5    98   157   290   350   279   360 0.91 -
evm.utg736.53                        -            495 356175at33208        -            270   3.2e-12   47.9   3.6   3   4   1.8e-06   0.00026   22.0   0.4    96   161   330   398   322   415 0.88 -
evm.utg736.53                        -            495 356175at33208        -            270   3.2e-12   47.9   3.6   4   4    0.0026      0.37   11.7   0.1    89   152   367   429   357   433 0.89 -
evm.utg7.52                          -            496 356175at33208        -            270   3.2e-12   47.9   3.7   1   5      0.28        40    5.0   0.0    88   132   194   238   190   240 0.89 -
evm.utg7.52                          -            496 356175at33208        -            270   3.2e-12   47.9   3.7   2   5   5.6e-07     8e-05   23.7   0.2    93   159   239   304   237   307 0.87 -
evm.utg7.52                          -            496 356175at33208        -            270   3.2e-12   47.9   3.7   3   5     0.019       2.7    8.8   0.0    93   156   324   384   316   387 0.79 -
evm.utg7.52                          -            496 356175at33208        -            270   3.2e-12   47.9   3.7   4   5    0.0062      0.89   10.4   0.0    96   157   365   425   361   431 0.80 -
evm.utg7.52                          -            496 356175at33208        -            270   3.2e-12   47.9   3.7   5   5     0.056         8    7.3   0.0    89   119   400   428   395   480 0.67 -
evm.utg172.19                        -            489 356175at33208        -            270   3.8e-12   47.7   0.2   1   3     0.011       1.5    9.6   0.1   188   236   226   274   201   282 0.71 -
evm.utg172.19                        -            489 356175at33208        -            270   3.8e-12   47.7   0.2   2   3   0.00051     0.073   14.0   0.0    86   145   304   365   279   381 0.82 -
evm.utg172.19                        -            489 356175at33208        -            270   3.8e-12   47.7   0.2   3   3   8.2e-06    0.0012   19.9   0.0    86   157   393   466   384   485 0.80 -
evm.utg2129.40.1.5c22ed08            -            389 356175at33208        -            270   5.3e-12   47.2   1.5   1   3      0.03       4.3    8.2   0.1   119   158    93   133    83   144 0.81 -
evm.utg2129.40.1.5c22ed08            -            389 356175at33208        -            270   5.3e-12   47.2   1.5   2   3   1.8e-08   2.6e-06   28.6   0.1    61   157   163   264   149   267 0.82 -
evm.utg2129.40.1.5c22ed08            -            389 356175at33208        -            270   5.3e-12   47.2   1.5   3   3    0.0043      0.62   10.9   0.0   100   152   248   300   245   303 0.92 -
evm.utg3283.18                       -            313 356175at33208        -            270   6.9e-12   46.8   0.3   1   6     0.012       1.8    9.4   0.0   124   159    24    60    16    67 0.86 -
evm.utg3283.18                       -            313 356175at33208        -            270   6.9e-12   46.8   0.3   2   6      0.66        94    3.8   0.0    97   133    79   115    61   121 0.82 -
evm.utg3283.18                       -            313 356175at33208        -            270   6.9e-12   46.8   0.3   3   6     0.095        14    6.5   0.0    95   142   117   164   108   169 0.86 -
evm.utg3283.18                       -            313 356175at33208        -            270   6.9e-12   46.8   0.3   4   6     0.011       1.6    9.6   0.0    94   136   171   213   163   220 0.86 -
evm.utg3283.18                       -            313 356175at33208        -            270   6.9e-12   46.8   0.3   5   6     0.002      0.29   12.0   0.0    97   151   216   268   211   277 0.81 -
evm.utg3283.18                       -            313 356175at33208        -            270   6.9e-12   46.8   0.3   6   6      0.51        73    4.1   0.0    89   136   248   295   243   301 0.84 -
evm.utg3260.7.1.5c22ef15             -            313 356175at33208        -            270   7.9e-12   46.7   0.3   1   6     0.012       1.8    9.4   0.0   124   159    24    60    16    67 0.86 -
evm.utg3260.7.1.5c22ef15             -            313 356175at33208        -            270   7.9e-12   46.7   0.3   2   6      0.66        94    3.8   0.0    97   133    79   115    61   121 0.82 -
evm.utg3260.7.1.5c22ef15             -            313 356175at33208        -            270   7.9e-12   46.7   0.3   3   6      0.11        16    6.3   0.0    95   142   117   164   108   169 0.86 -
evm.utg3260.7.1.5c22ef15             -            313 356175at33208        -            270   7.9e-12   46.7   0.3   4   6     0.011       1.6    9.6   0.0    94   136   171   213   163   220 0.86 -
evm.utg3260.7.1.5c22ef15             -            313 356175at33208        -            270   7.9e-12   46.7   0.3   5   6     0.002      0.29   12.0   0.0    97   151   216   268   211   277 0.81 -
evm.utg3260.7.1.5c22ef15             -            313 356175at33208        -            270   7.9e-12   46.7   0.3   6   6      0.51        73    4.1   0.0    89   136   248   295   243   301 0.84 -
evm.utg3260.7.1.5c22ef15.1.5c279399  -            313 356175at33208        -            270   7.9e-12   46.7   0.3   1   6     0.012       1.8    9.4   0.0   124   159    24    60    16    67 0.86 -
evm.utg3260.7.1.5c22ef15.1.5c279399  -            313 356175at33208        -            270   7.9e-12   46.7   0.3   2   6      0.66        94    3.8   0.0    97   133    79   115    61   121 0.82 -
evm.utg3260.7.1.5c22ef15.1.5c279399  -            313 356175at33208        -            270   7.9e-12   46.7   0.3   3   6      0.11        16    6.3   0.0    95   142   117   164   108   169 0.86 -
evm.utg3260.7.1.5c22ef15.1.5c279399  -            313 356175at33208        -            270   7.9e-12   46.7   0.3   4   6     0.011       1.6    9.6   0.0    94   136   171   213   163   220 0.86 -
evm.utg3260.7.1.5c22ef15.1.5c279399  -            313 356175at33208        -            270   7.9e-12   46.7   0.3   5   6     0.002      0.29   12.0   0.0    97   151   216   268   211   277 0.81 -
evm.utg3260.7.1.5c22ef15.1.5c279399  -            313 356175at33208        -            270   7.9e-12   46.7   0.3   6   6      0.51        73    4.1   0.0    89   136   248   295   243   301 0.84 -
evm.utg967.29                        -            325 356175at33208        -            270   1.1e-11   46.2   0.1   1   3    0.0042       0.6   11.0   0.0    87   133    98   145    83   146 0.88 -
evm.utg967.29                        -            325 356175at33208        -            270   1.1e-11   46.2   0.1   2   3   3.6e-05    0.0051   17.8   0.1    92   158   146   211   142   220 0.83 -
evm.utg967.29                        -            325 356175at33208        -            270   1.1e-11   46.2   0.1   3   3   0.00078      0.11   13.4   0.0    91   116   268   293   234   300 0.79 -
evm.utg7412.19                       -            738 356175at33208        -            270   1.1e-11   46.2   2.3   1   4   0.00017     0.025   15.5   0.1   100   158    63   125    52   133 0.83 -
evm.utg7412.19                       -            738 356175at33208        -            270   1.1e-11   46.2   2.3   2   4       3.3   4.7e+02    1.5   0.0    90   117   140   168   132   174 0.78 -
evm.utg7412.19                       -            738 356175at33208        -            270   1.1e-11   46.2   2.3   3   4    0.0014       0.2   12.5   0.1    72   119   198   247   187   255 0.82 -
evm.utg7412.19                       -            738 356175at33208        -            270   1.1e-11   46.2   2.3   4   4     0.001      0.14   13.0   0.0    81   157   310   389   282   400 0.76 -
evm.utg1194.15                       -            416 356175at33208        -            270   1.2e-11   46.1   1.4   1   3    0.0036      0.51   11.2   0.0    86   137   146   197   127   211 0.84 -
evm.utg1194.15                       -            416 356175at33208        -            270   1.2e-11   46.1   1.4   2   3      0.18        26    5.6   0.0    89   119   230   262   199   282 0.77 -
evm.utg1194.15                       -            416 356175at33208        -            270   1.2e-11   46.1   1.4   3   3   1.2e-07   1.8e-05   25.8   0.4    57   167   284   397   269   414 0.68 -
evm.utg498.191                       -           1212 356175at33208        -            270   1.2e-11   46.1   2.2   1   5   2.9e-06   0.00041   21.4   0.2    93   157   454   520   419   528 0.81 -
evm.utg498.191                       -           1212 356175at33208        -            270   1.2e-11   46.1   2.2   2   5   0.00025     0.036   15.0   0.0    76   159   574   659   557   668 0.82 -
evm.utg498.191                       -           1212 356175at33208        -            270   1.2e-11   46.1   2.2   3   5   9.9e-05     0.014   16.3   0.1    69   155   610   697   596   711 0.83 -
evm.utg498.191                       -           1212 356175at33208        -            270   1.2e-11   46.1   2.2   4   5       9.8   1.4e+03   -0.1   0.0    97   118   856   877   847   884 0.85 -
evm.utg498.191                       -           1212 356175at33208        -            270   1.2e-11   46.1   2.2   5   5       3.6   5.1e+02    1.4   0.0   225   261   915   951   906   960 0.83 -
evm.utg715.1                         -            408 356175at33208        -            270   1.4e-11   45.8   0.1   1   3   1.6e-07   2.2e-05   25.5   0.0    94   154    73   133    63   147 0.85 -
evm.utg715.1                         -            408 356175at33208        -            270   1.4e-11   45.8   0.1   2   3      0.24        34    5.2   0.0    61   115   258   311   210   315 0.57 -
evm.utg715.1                         -            408 356175at33208        -            270   1.4e-11   45.8   0.1   3   3     0.002      0.28   12.0   0.0    79   130   319   369   305   373 0.73 -
evm.utg1205.96                       -            619 356175at33208        -            270   1.5e-11   45.8   0.6   1   3   0.00032     0.045   14.7   0.0   108   155    10    57     2    62 0.90 -
evm.utg1205.96                       -            619 356175at33208        -            270   1.5e-11   45.8   0.6   2   3    0.0039      0.56   11.1   0.0    93   155    78   140    65   146 0.91 -
evm.utg1205.96                       -            619 356175at33208        -            270   1.5e-11   45.8   0.6   3   3    0.0033      0.48   11.3   0.1    57   239   216   297   157   328 0.53 -
evm.utg4464.3                        -            892 356175at33208        -            270   1.6e-11   45.7   1.4   1   4       6.5   9.3e+02    0.5   0.3   118   209   171   205    80   214 0.64 -
evm.utg4464.3                        -            892 356175at33208        -            270   1.6e-11   45.7   1.4   2   4      0.21        30    5.4   0.0    95   153   232   292   208   306 0.84 -
evm.utg4464.3                        -            892 356175at33208        -            270   1.6e-11   45.7   1.4   3   4     0.012       1.7    9.5   0.1    72   151   451   530   427   540 0.65 -
evm.utg4464.3                        -            892 356175at33208        -            270   1.6e-11   45.7   1.4   4   4   7.6e-07   0.00011   23.2   0.0    75   160   537   624   522   630 0.78 -
evm.utg4155.43                       -            416 356175at33208        -            270   1.7e-11   45.6   1.5   1   3    0.0054      0.77   10.6   0.0    86   136   146   196   129   212 0.83 -
evm.utg4155.43                       -            416 356175at33208        -            270   1.7e-11   45.6   1.5   2   3      0.17        24    5.7   0.0    88   119   229   262   199   270 0.71 -
evm.utg4155.43                       -            416 356175at33208        -            270   1.7e-11   45.6   1.5   3   3   1.5e-07   2.1e-05   25.6   0.4    76   167   303   397   270   414 0.68 -
evm.utg616.9                         -            671 356175at33208        -            270     2e-11   45.3   7.2   1   6    0.0023      0.33   11.8   0.1    94   159   349   413   337   424 0.83 -
evm.utg616.9                         -            671 356175at33208        -            270     2e-11   45.3   7.2   2   6   0.00037     0.053   14.4   0.1    99   159   394   453   388   457 0.89 -
evm.utg616.9                         -            671 356175at33208        -            270     2e-11   45.3   7.2   3   6   0.00035      0.05   14.5   0.1    92   160   427   494   418   513 0.80 -
evm.utg616.9                         -            671 356175at33208        -            270     2e-11   45.3   7.2   4   6     0.003      0.43   11.5   0.0    93   158   468   532   461   535 0.85 -
evm.utg616.9                         -            671 356175at33208        -            270     2e-11   45.3   7.2   5   6    0.0054      0.78   10.6   0.2    87   157   502   571   495   574 0.79 -
evm.utg616.9                         -            671 356175at33208        -            270     2e-11   45.3   7.2   6   6    0.0088       1.3    9.9   0.2    59   117   558   615   540   626 0.49 -
evm.utg597.204                       -            898 356175at33208        -            270   2.5e-11   45.0   1.9   1   4      0.05       7.1    7.5   0.0    94   156   231   296   203   301 0.80 -
evm.utg597.204                       -            898 356175at33208        -            270   2.5e-11   45.0   1.9   2   4    0.0069      0.98   10.3   0.0    87   159   428   504   421   525 0.78 -
evm.utg597.204                       -            898 356175at33208        -            270   2.5e-11   45.0   1.9   3   4   1.1e-06   0.00016   22.7   0.0    57   157   487   585   484   600 0.82 -
evm.utg597.204                       -            898 356175at33208        -            270   2.5e-11   45.0   1.9   4   4   6.6e-06   0.00095   20.2   0.0    75   160   543   630   526   635 0.74 -
evm.utg868.30                        -           1627 356175at33208        -            270   2.7e-11   44.9   1.8   1   3   1.6e-06   0.00023   22.2   0.2    93   158  1314  1379  1303  1388 0.91 -
evm.utg868.30                        -           1627 356175at33208        -            270   2.7e-11   44.9   1.8   2   3       0.1        15    6.4   0.0    94   146  1503  1556  1495  1559 0.85 -
evm.utg868.30                        -           1627 356175at33208        -            270   2.7e-11   44.9   1.8   3   3   0.00019     0.028   15.4   0.0    96   153  1548  1603  1544  1613 0.82 -
evm.utg27.20                         -           1146 356175at33208        -            270   4.7e-11   44.1   4.2   1   3   0.00038     0.054   14.4   0.0    90   170    11    89     2   101 0.85 -
evm.utg27.20                         -           1146 356175at33208        -            270   4.7e-11   44.1   4.2   2   3   0.00086      0.12   13.2   0.3    94   160    99   166    91   182 0.87 -
evm.utg27.20                         -           1146 356175at33208        -            270   4.7e-11   44.1   4.2   3   3   0.00021     0.031   15.2   0.1    91   160   210   282   199   308 0.84 -
evm.utg3174.3.1.5c22eeec             -            350 356175at33208        -            270   8.1e-11   43.3   0.7   1   4     0.046       6.6    7.6   0.0   121   153   146   178   139   186 0.87 -
evm.utg3174.3.1.5c22eeec             -            350 356175at33208        -            270   8.1e-11   43.3   0.7   2   4   8.5e-06    0.0012   19.8   0.1    96   157   163   225   158   234 0.91 -
evm.utg3174.3.1.5c22eeec             -            350 356175at33208        -            270   8.1e-11   43.3   0.7   3   4    0.0022      0.32   11.9   0.1    95   133   204   242   191   249 0.89 -
evm.utg3174.3.1.5c22eeec             -            350 356175at33208        -            270   8.1e-11   43.3   0.7   4   4   1.9e-05    0.0028   18.6   0.0    99   172   250   324   241   335 0.88 -
evm.utg7264.10                       -            194 356175at33208        -            270   8.2e-11   43.3   1.5   1   3   3.7e-06   0.00053   21.0   0.1    90   157    18    86     4    91 0.91 -
evm.utg7264.10                       -            194 356175at33208        -            270   8.2e-11   43.3   1.5   2   3     3e-05    0.0043   18.0   0.3   100   159    92   152    86   153 0.91 -
evm.utg7264.10                       -            194 356175at33208        -            270   8.2e-11   43.3   1.5   3   3   6.2e-05    0.0089   17.0   0.0    92   146   126   180   123   184 0.92 -
evm.utg5985.15.3.5c22f28e            -            337 356175at33208        -            270   8.5e-11   43.3   1.1   1   3   1.6e-05    0.0023   18.9   0.2    67   157    13   116     1   123 0.73 -
evm.utg5985.15.3.5c22f28e            -            337 356175at33208        -            270   8.5e-11   43.3   1.1   2   3   8.9e-06    0.0013   19.8   0.0    93   240   134   285   124   290 0.68 -
evm.utg5985.15.3.5c22f28e            -            337 356175at33208        -            270   8.5e-11   43.3   1.1   3   3      0.94   1.3e+02    3.3   0.0    85   116   271   303   236   309 0.65 -
evm.utg470.32                        -           1060 356175at33208        -            270   9.5e-11   43.1   1.2   1   6      0.14        20    6.0   0.0    81   122    55    96    23   106 0.74 -
evm.utg470.32                        -           1060 356175at33208        -            270   9.5e-11   43.1   1.2   2   6       6.1   8.8e+02    0.6   0.0   101   133   261   294   246   310 0.79 -
evm.utg470.32                        -           1060 356175at33208        -            270   9.5e-11   43.1   1.2   3   6    0.0047      0.67   10.8   0.1    99   162   382   447   359   486 0.80 -
evm.utg470.32                        -           1060 356175at33208        -            270   9.5e-11   43.1   1.2   4   6       1.4     2e+02    2.7   0.0    99   140   510   553   505   559 0.76 -
evm.utg470.32                        -           1060 356175at33208        -            270   9.5e-11   43.1   1.2   5   6     0.016       2.2    9.1   0.0   100   141   556   597   537   602 0.83 -
evm.utg470.32                        -           1060 356175at33208        -            270   9.5e-11   43.1   1.2   6   6       0.1        15    6.4   0.0   102   157   601   658   598   665 0.87 -
evm.utg1049.27                       -           1217 356175at33208        -            270   1.1e-10   43.0   6.8   1   5      0.44        63    4.4   0.0    61   148    31   123    20   187 0.70 -
evm.utg1049.27                       -           1217 356175at33208        -            270   1.1e-10   43.0   6.8   2   5      0.38        54    4.6   0.0    99   142   380   422   362   436 0.77 -
evm.utg1049.27                       -           1217 356175at33208        -            270   1.1e-10   43.0   6.8   3   5   0.00074      0.11   13.4   0.1    99   164   461   525   447   545 0.79 -
evm.utg1049.27                       -           1217 356175at33208        -            270   1.1e-10   43.0   6.8   4   5   2.9e-05    0.0042   18.0   0.0    87   153   573   641   547   649 0.85 -
evm.utg1049.27                       -           1217 356175at33208        -            270   1.1e-10   43.0   6.8   5   5       8.3   1.2e+03    0.2   0.4    59   140  1109  1193  1090  1203 0.69 -
evm.utg5985.15.2.5c22f28e            -            349 356175at33208        -            270   1.1e-10   42.9   1.2   1   3   1.7e-05    0.0024   18.9   0.2    67   157    13   116     1   124 0.74 -
evm.utg5985.15.2.5c22f28e            -            349 356175at33208        -            270   1.1e-10   42.9   1.2   2   3   9.6e-06    0.0014   19.6   0.0    93   240   134   285   124   290 0.68 -
evm.utg5985.15.2.5c22f28e            -            349 356175at33208        -            270   1.1e-10   42.9   1.2   3   3      0.94   1.3e+02    3.3   0.0    85   116   271   303   243   313 0.64 -
evm.utg1748.16                       -            702 356175at33208        -            270   1.2e-10   42.8   3.8   1   4   0.00012     0.017   16.0   0.0    82   159   410   487   398   499 0.88 -
evm.utg1748.16                       -            702 356175at33208        -            270   1.2e-10   42.8   3.8   2   4    0.0052      0.74   10.7   0.1    95   157   504   567   500   571 0.82 -
evm.utg1748.16                       -            702 356175at33208        -            270   1.2e-10   42.8   3.8   3   4      0.88   1.3e+02    3.4   0.0    92   138   588   631   578   635 0.81 -
evm.utg1748.16                       -            702 356175at33208        -            270   1.2e-10   42.8   3.8   4   4    0.0098       1.4    9.8   0.1    97   157   639   698   632   701 0.70 -
evm.utg73.96                         -            327 356175at33208        -            270   2.2e-10   41.9   0.2   1   5    0.0005     0.071   14.0   0.1    70   159    11   106     1   112 0.72 -
evm.utg73.96                         -            327 356175at33208        -            270   2.2e-10   41.9   0.2   2   5     0.021         3    8.7   0.1   100   155    88   142    84   153 0.82 -
evm.utg73.96                         -            327 356175at33208        -            270   2.2e-10   41.9   0.2   3   5   0.00033     0.047   14.6   0.0    89   157   160   228   132   233 0.75 -
evm.utg73.96                         -            327 356175at33208        -            270   2.2e-10   41.9   0.2   4   5   0.00014      0.02   15.9   0.0    93   152   205   264   201   266 0.94 -
evm.utg73.96                         -            327 356175at33208        -            270   2.2e-10   41.9   0.2   5   5      0.38        55    4.5   0.0    92   130   246   284   234   288 0.90 -
evm.utg498.152.1.5c22f1a3            -            739 356175at33208        -            270   2.3e-10   41.9   1.1   1   4      0.83   1.2e+02    3.5   0.0    80   115   507   540   457   540 0.63 -
evm.utg498.152.1.5c22f1a3            -            739 356175at33208        -            270   2.3e-10   41.9   1.1   2   4   4.5e-05    0.0065   17.4   0.0    88   159   513   583   485   594 0.79 -
evm.utg498.152.1.5c22f1a3            -            739 356175at33208        -            270   2.3e-10   41.9   1.1   3   4   0.00064     0.092   13.7   0.2    94   166   598   668   589   685 0.77 -
evm.utg498.152.1.5c22f1a3            -            739 356175at33208        -            270   2.3e-10   41.9   1.1   4   4     0.084        12    6.7   0.0    91   122   676   707   660   731 0.74 -
evm.utg109.41.1.5c22e88a             -            506 356175at33208        -            270   2.6e-10   41.7   0.0   1   3      0.43        61    4.4   0.0    92   142   280   329   270   340 0.82 -
evm.utg109.41.1.5c22e88a             -            506 356175at33208        -            270   2.6e-10   41.7   0.0   2   3   9.9e-06    0.0014   19.6   0.0    94   160   357   423   353   432 0.90 -
evm.utg109.41.1.5c22e88a             -            506 356175at33208        -            270   2.6e-10   41.7   0.0   3   3     0.001      0.14   13.0   0.0    93   131   440   478   429   484 0.88 -
evm.utg798.40                        -            320 356175at33208        -            270   3.1e-10   41.4   0.1   1   3   1.6e-05    0.0023   18.9   0.0    95   163    68   140    55   155 0.82 -
evm.utg798.40                        -            320 356175at33208        -            270   3.1e-10   41.4   0.1   2   3   0.00024     0.034   15.1   0.0    60   154   167   263   162   270 0.82 -
evm.utg798.40                        -            320 356175at33208        -            270   3.1e-10   41.4   0.1   3   3    0.0095       1.4    9.8   0.0    96   142   247   293   235   310 0.80 -
evm.utg1204.47                       -            338 356175at33208        -            270   3.3e-10   41.4  13.0   1   6   0.00017     0.025   15.5   0.1    92   160    19    91    11    97 0.81 -
evm.utg1204.47                       -            338 356175at33208        -            270   3.3e-10   41.4  13.0   2   6   1.3e-06   0.00018   22.5   0.6    81   157    53   132    51   153 0.84 -
evm.utg1204.47                       -            338 356175at33208        -            270   3.3e-10   41.4  13.0   3   6   0.00051     0.073   14.0   0.5    88   153   104   172    96   181 0.84 -
evm.utg1204.47                       -            338 356175at33208        -            270   3.3e-10   41.4  13.0   4   6     0.013       1.9    9.3   0.5    96   158   157   222   140   224 0.79 -
evm.utg1204.47                       -            338 356175at33208        -            270   3.3e-10   41.4  13.0   5   6      0.31        44    4.9   0.1   106   154   226   275   222   282 0.86 -
evm.utg1204.47                       -            338 356175at33208        -            270   3.3e-10   41.4  13.0   6   6       0.1        15    6.4   0.0    82   117   296   332   291   336 0.67 -
evm.utg431.5                         -           1181 356175at33208        -            270   3.4e-10   41.3   6.7   1   5         6   8.6e+02    0.6   0.1    85   182    44   150    17   158 0.68 -
evm.utg431.5                         -           1181 356175at33208        -            270   3.4e-10   41.3   6.7   2   5     0.071        10    6.9   0.0    88   159   194   272   155   280 0.71 -
evm.utg431.5                         -           1181 356175at33208        -            270   3.4e-10   41.3   6.7   3   5   0.00073       0.1   13.5   0.0    54   125   252   321   248   327 0.75 -
evm.utg431.5                         -           1181 356175at33208        -            270   3.4e-10   41.3   6.7   4   5    0.0007       0.1   13.5   0.0   190   248   420   478   414   485 0.79 -
evm.utg431.5                         -           1181 356175at33208        -            270   3.4e-10   41.3   6.7   5   5       0.4        57    4.5   0.2   208   263  1077  1126  1055  1131 0.77 -
evm.utg150.51                        -            579 356175at33208        -            270   3.6e-10   41.2   0.0   1   5      0.12        17    6.2   0.0    76   122   282   327   275   335 0.85 -
evm.utg150.51                        -            579 356175at33208        -            270   3.6e-10   41.2   0.0   2   5     0.059       8.5    7.2   0.0    87   158   338   411   328   421 0.79 -
evm.utg150.51                        -            579 356175at33208        -            270   3.6e-10   41.2   0.0   3   5   2.2e-05    0.0032   18.5   0.0    59   153   354   447   350   457 0.83 -
evm.utg150.51                        -            579 356175at33208        -            270   3.6e-10   41.2   0.0   4   5     0.059       8.5    7.2   0.0    93   123   429   459   427   486 0.83 -
evm.utg150.51                        -            579 356175at33208        -            270   3.6e-10   41.2   0.0   5   5    0.0051      0.73   10.7   0.0    82   152   500   569   475   575 0.80 -
evm.utg729.160                       -            877 356175at33208        -            270   4.3e-10   41.0   0.2   1   5     0.002      0.29   12.0   0.0    95   160    18    86     7    96 0.83 -
evm.utg729.160                       -            877 356175at33208        -            270   4.3e-10   41.0   0.2   2   5       1.6   2.3e+02    2.5   0.0   102   159   122   181   106   189 0.64 -
evm.utg729.160                       -            877 356175at33208        -            270   4.3e-10   41.0   0.2   3   5      0.95   1.4e+02    3.3   0.0    95   119   201   225   198   281 0.81 -
evm.utg729.160                       -            877 356175at33208        -            270   4.3e-10   41.0   0.2   4   5    0.0029      0.41   11.5   0.0    63   117   600   653   580   672 0.78 -
evm.utg729.160                       -            877 356175at33208        -            270   4.3e-10   41.0   0.2   5   5       0.5        71    4.2   0.0    42   152   743   864   731   871 0.62 -
evm.utg101.45                        -            862 356175at33208        -            270   4.6e-10   40.9   0.0   1   3   2.8e-05     0.004   18.1   0.0    87   162   154   233   139   239 0.84 -
evm.utg101.45                        -            862 356175at33208        -            270   4.6e-10   40.9   0.0   2   3    0.0019      0.28   12.1   0.0   102   159   258   320   249   356 0.81 -
evm.utg101.45                        -            862 356175at33208        -            270   4.6e-10   40.9   0.0   3   3     0.093        13    6.6   0.0    96   148   406   460   378   486 0.84 -
evm.utg498.152                       -           1030 356175at33208        -            270   5.9e-10   40.5   1.1   1   4   8.4e-05     0.012   16.5   0.0    88   159   513   583   484   590 0.79 -
evm.utg498.152                       -           1030 356175at33208        -            270   5.9e-10   40.5   1.1   2   4     0.002      0.28   12.1   0.1    78   139   543   603   541   607 0.85 -
evm.utg498.152                       -           1030 356175at33208        -            270   5.9e-10   40.5   1.1   3   4    0.0013      0.19   12.7   0.4    94   158   598   661   586   681 0.79 -
evm.utg498.152                       -           1030 356175at33208        -            270   5.9e-10   40.5   1.1   4   4     0.086        12    6.7   0.0    91   129   676   714   662   737 0.70 -
evm.utg7950.21                       -            652 356175at33208        -            270   6.6e-10   40.4   3.8   1   3   1.2e-05    0.0018   19.3   0.1    92   157    73   139    51   149 0.86 -
evm.utg7950.21                       -            652 356175at33208        -            270   6.6e-10   40.4   3.8   2   3   5.5e-06   0.00078   20.4   0.1    92   157   115   181   111   197 0.91 -
evm.utg7950.21                       -            652 356175at33208        -            270   6.6e-10   40.4   3.8   3   3   5.5e-05    0.0079   17.1   0.1    89   157   154   223   147   232 0.88 -
evm.utg2159.31.4.5c22ed19.1.5c2791f0 -           1007 356175at33208        -            270   6.6e-10   40.3   3.2   1   4   0.00028     0.041   14.8   0.1    82   159   410   487   398   499 0.88 -
evm.utg2159.31.4.5c22ed19.1.5c2791f0 -           1007 356175at33208        -            270   6.6e-10   40.3   3.2   2   4    0.0095       1.4    9.8   0.1    96   157   505   567   498   574 0.77 -
evm.utg2159.31.4.5c22ed19.1.5c2791f0 -           1007 356175at33208        -            270   6.6e-10   40.3   3.2   3   4       1.2   1.6e+02    3.0   0.0    92   139   588   632   576   652 0.74 -
evm.utg2159.31.4.5c22ed19.1.5c2791f0 -           1007 356175at33208        -            270   6.6e-10   40.3   3.2   4   4     0.014         2    9.3   0.0    60   123   646   705   642   713 0.71 -
evm.utg378.4                         -           1723 356175at33208        -            270   8.8e-10   39.9   0.0   1   5    0.0064      0.91   10.4   0.0    51   159    10   122     2   135 0.74 -
evm.utg378.4                         -           1723 356175at33208        -            270   8.8e-10   39.9   0.0   2   5     0.011       1.5    9.7   0.0    88   172   134   226   115   239 0.66 -
evm.utg378.4                         -           1723 356175at33208        -            270   8.8e-10   39.9   0.0   3   5         1   1.5e+02    3.1   0.0    97   122   236   261   227   277 0.82 -
evm.utg378.4                         -           1723 356175at33208        -            270   8.8e-10   39.9   0.0   4   5       1.3   1.8e+02    2.8   0.0    98   208   342   457   330   464 0.57 -
evm.utg378.4                         -           1723 356175at33208        -            270   8.8e-10   39.9   0.0   5   5      0.14        20    6.0   0.0    80   154   652   736   646   747 0.74 -
evm.utg715.1.1.5c22f38a              -            371 356175at33208        -            270     1e-09   39.7   0.0   1   3   1.4e-07   1.9e-05   25.7   0.0    94   154    73   133    63   147 0.85 -
evm.utg715.1.1.5c22f38a              -            371 356175at33208        -            270     1e-09   39.7   0.0   2   3       0.2        29    5.5   0.0    61   114   258   310   210   315 0.57 -
evm.utg715.1.1.5c22f38a              -            371 356175at33208        -            270     1e-09   39.7   0.0   3   3      0.15        22    5.9   0.0    70   122   310   361   303   367 0.73 -
evm.utg777.49.2.5c22f40d             -            602 356175at33208        -            270   1.1e-09   39.7   0.0   1   3      0.26        38    5.1   0.0    93   136   346   394   335   409 0.72 -
evm.utg777.49.2.5c22f40d             -            602 356175at33208        -            270   1.1e-09   39.7   0.0   2   3   1.9e-06   0.00027   22.0   0.0    93   159   419   486   412   492 0.92 -
evm.utg777.49.2.5c22f40d             -            602 356175at33208        -            270   1.1e-09   39.7   0.0   3   3     0.032       4.6    8.1   0.0    93   130   503   540   494   543 0.89 -
evm.utg4972.23.1.5c22f18a            -            555 356175at33208        -            270   1.1e-09   39.6   3.4   1   3   3.9e-05    0.0055   17.7   0.5    79   188   337   446   294   450 0.75 -
evm.utg4972.23.1.5c22f18a            -            555 356175at33208        -            270   1.1e-09   39.6   3.4   2   3      0.11        16    6.3   0.1    86   132   431   477   416   481 0.86 -
evm.utg4972.23.1.5c22f18a            -            555 356175at33208        -            270   1.1e-09   39.6   3.4   3   3   1.5e-05    0.0021   19.1   0.1    92   153   477   538   472   547 0.89 -
evm.utg5985.15.5.5c22f28e            -            278 356175at33208        -            270   1.4e-09   39.2   0.9   1   2   1.1e-05    0.0015   19.5   0.2    66   157    12   116     1   123 0.73 -
evm.utg5985.15.5.5c22f28e            -            278 356175at33208        -            270   1.4e-09   39.2   0.9   2   2   2.5e-05    0.0036   18.3   0.0    92   157   133   207   122   217 0.81 -
evm.utg101.131                       -            607 356175at33208        -            270   1.8e-09   38.9   0.1   1   4    0.0023      0.33   11.8   0.0    90   141    17    68     2    72 0.86 -
evm.utg101.131                       -            607 356175at33208        -            270   1.8e-09   38.9   0.1   2   4     0.015       2.2    9.1   0.0   100   154    72   126    61   133 0.87 -
evm.utg101.131                       -            607 356175at33208        -            270   1.8e-09   38.9   0.1   3   4     0.024       3.4    8.5   0.0    98   157   158   219   149   221 0.86 -
evm.utg101.131                       -            607 356175at33208        -            270   1.8e-09   38.9   0.1   4   4    0.0056       0.8   10.6   0.0    90   221   193   318   188   322 0.71 -
evm.utg7127.48                       -            998 356175at33208        -            270   1.9e-09   38.9   4.7   1   8      0.33        47    4.8   0.0   154   212   407   464   402   492 0.79 -
evm.utg7127.48                       -            998 356175at33208        -            270   1.9e-09   38.9   4.7   2   8     0.038       5.4    7.8   0.2   112   171   522   585   512   636 0.76 -
evm.utg7127.48                       -            998 356175at33208        -            270   1.9e-09   38.9   4.7   3   8      0.11        16    6.3   0.0    79   153   579   653   572   662 0.81 -
evm.utg7127.48                       -            998 356175at33208        -            270   1.9e-09   38.9   4.7   4   8       2.7   3.8e+02    1.8   0.0    99   117   641   659   635   702 0.78 -
evm.utg7127.48                       -            998 356175at33208        -            270   1.9e-09   38.9   4.7   5   8       5.6     8e+02    0.7   0.0   124   159   718   754   671   765 0.77 -
evm.utg7127.48                       -            998 356175at33208        -            270   1.9e-09   38.9   4.7   6   8     0.075        11    6.9   0.0    60   153   740   830   736   838 0.82 -
evm.utg7127.48                       -            998 356175at33208        -            270   1.9e-09   38.9   4.7   7   8      0.35        50    4.7   0.0   189   243   809   867   803   886 0.53 -
evm.utg7127.48                       -            998 356175at33208        -            270   1.9e-09   38.9   4.7   8   8     0.019       2.7    8.8   0.1    92   154   924   990   918   995 0.81 -
evm.utg163.18                        -            542 356175at33208        -            270     2e-09   38.8   0.0   1   3    0.0032      0.45   11.4   0.0    93   119   189   215   171   227 0.86 -
evm.utg163.18                        -            542 356175at33208        -            270     2e-09   38.8   0.0   2   3   0.00083      0.12   13.3   0.0    57   122   276   339   272   347 0.79 -
evm.utg163.18                        -            542 356175at33208        -            270     2e-09   38.8   0.0   3   3     0.021         3    8.7   0.0    58   118   415   475   410   506 0.92 -
evm.utg439.49.1.5c22f0fa.1.5c27952e  -            353 356175at33208        -            270     2e-09   38.7   0.3   1   2   4.7e-06   0.00068   20.6   0.0    88   159   148   221   135   226 0.80 -
evm.utg439.49.1.5c22f0fa.1.5c27952e  -            353 356175at33208        -            270     2e-09   38.7   0.3   2   2   0.00011     0.016   16.1   0.2    91   157   235   305   224   314 0.85 -
evm.utg693.67                        -           1677 356175at33208        -            270   2.2e-09   38.7   8.6   1   5     0.026       3.7    8.4   1.1    86   166    58   143    38   149 0.74 -
evm.utg693.67                        -           1677 356175at33208        -            270   2.2e-09   38.7   8.6   2   5       8.2   1.2e+03    0.2   0.0    96   117   217   238   204   248 0.81 -
evm.utg693.67                        -           1677 356175at33208        -            270   2.2e-09   38.7   8.6   3   5      0.11        16    6.3   0.1    93   161   319   389   304   467 0.67 -
evm.utg693.67                        -           1677 356175at33208        -            270   2.2e-09   38.7   8.6   4   5   0.00076      0.11   13.4   0.0   193   238   514   559   496   592 0.88 -
evm.utg693.67                        -           1677 356175at33208        -            270   2.2e-09   38.7   8.6   5   5      0.49        71    4.2   0.0    98   140   632   674   621   689 0.83 -
evm.utg402.7                         -            934 356175at33208        -            270   2.7e-09   38.4   0.8   1   4       9.1   1.3e+03    0.0   0.0    63   118   127   177   117   193 0.67 -
evm.utg402.7                         -            934 356175at33208        -            270   2.7e-09   38.4   0.8   2   4     0.001      0.15   13.0   0.0    94   157   247   310   216   316 0.83 -
evm.utg402.7                         -            934 356175at33208        -            270   2.7e-09   38.4   0.8   3   4   0.00074      0.11   13.4   0.0    97   157   505   570   480   576 0.84 -
evm.utg402.7                         -            934 356175at33208        -            270   2.7e-09   38.4   0.8   4   4      0.37        53    4.6   0.0    84   162   632   668   594   678 0.58 -
evm.utg577.63                        -            506 356175at33208        -            270   3.2e-09   38.1   0.3   1   3   0.00027     0.039   14.9   0.0    78   153   199   276   186   280 0.82 -
evm.utg577.63                        -            506 356175at33208        -            270   3.2e-09   38.1   0.3   2   3      0.01       1.5    9.7   0.0    77   150   283   357   277   422 0.69 -
evm.utg577.63                        -            506 356175at33208        -            270   3.2e-09   38.1   0.3   3   3    0.0074       1.1   10.2   0.0    95   154   441   501   420   505 0.71 -
evm.utg2159.31.4.5c22ed19            -           1335 356175at33208        -            270   3.5e-09   38.0   3.5   1   4   0.00039     0.056   14.4   0.1    82   159   410   487   398   500 0.88 -
evm.utg2159.31.4.5c22ed19            -           1335 356175at33208        -            270   3.5e-09   38.0   3.5   2   4     0.014         2    9.3   0.1    96   157   505   567   500   574 0.76 -
evm.utg2159.31.4.5c22ed19            -           1335 356175at33208        -            270   3.5e-09   38.0   3.5   3   4         2   2.8e+02    2.2   0.0    92   139   588   632   577   651 0.77 -
evm.utg2159.31.4.5c22ed19            -           1335 356175at33208        -            270   3.5e-09   38.0   3.5   4   4      0.02       2.8    8.8   0.0    60   123   646   705   642   713 0.71 -
evm.utg2159.31.3.5c22ed19            -           1403 356175at33208        -            270   3.8e-09   37.9   3.3   1   4   0.00042      0.06   14.3   0.1    82   159   410   487   398   500 0.88 -
evm.utg2159.31.3.5c22ed19            -           1403 356175at33208        -            270   3.8e-09   37.9   3.3   2   4     0.014         2    9.3   0.1    96   157   505   567   497   574 0.77 -
evm.utg2159.31.3.5c22ed19            -           1403 356175at33208        -            270   3.8e-09   37.9   3.3   3   4       1.3   1.9e+02    2.8   0.0    92   139   588   632   577   654 0.70 -
evm.utg2159.31.3.5c22ed19            -           1403 356175at33208        -            270   3.8e-09   37.9   3.3   4   4     0.017       2.4    9.0   0.0    60   121   646   703   639   713 0.64 -
evm.utg3605.58                       -            566 356175at33208        -            270   3.8e-09   37.9   0.2   1   3   0.00074      0.11   13.4   0.0    16   127    24   139    15   145 0.85 -
evm.utg3605.58                       -            566 356175at33208        -            270   3.8e-09   37.9   0.2   2   3   0.00077      0.11   13.4   0.0    97   157   323   388   311   394 0.86 -
evm.utg3605.58                       -            566 356175at33208        -            270   3.8e-09   37.9   0.2   3   3      0.21        30    5.4   0.0   127   163   450   487   412   496 0.61 -
evm.utg126.136                       -            473 356175at33208        -            270   4.7e-09   37.6   1.3   1   4      0.16        22    5.8   0.1    86   156   113   185    89   188 0.72 -
evm.utg126.136                       -            473 356175at33208        -            270   4.7e-09   37.6   1.3   2   4     0.015       2.1    9.2   0.1    65   140   136   210   125   214 0.73 -
evm.utg126.136                       -            473 356175at33208        -            270   4.7e-09   37.6   1.3   3   4     0.049         7    7.5   0.0    96   136   314   354   280   359 0.84 -
evm.utg126.136                       -            473 356175at33208        -            270   4.7e-09   37.6   1.3   4   4   2.7e-05    0.0039   18.2   0.0    90   154   348   410   343   419 0.85 -
evm.utg1575.11                       -           1282 356175at33208        -            270   4.8e-09   37.5   2.8   1   3      0.16        23    5.8   0.0    96   245   951  1001   938  1014 0.55 -
evm.utg1575.11                       -           1282 356175at33208        -            270   4.8e-09   37.5   2.8   2   3    0.0032      0.46   11.4   0.1    89   146  1077  1134  1068  1135 0.88 -
evm.utg1575.11                       -           1282 356175at33208        -            270   4.8e-09   37.5   2.8   3   3   9.3e-06    0.0013   19.7   0.2    98   160  1129  1190  1127  1203 0.87 -
evm.utg5513.6                        -           1208 356175at33208        -            270   5.1e-09   37.4   9.8   1   4     0.061       8.8    7.2   0.0    88   159   235   313   196   320 0.72 -
evm.utg5513.6                        -           1208 356175at33208        -            270   5.1e-09   37.4   9.8   2   4    0.0008      0.11   13.3   0.0    54   125   293   362   286   370 0.76 -
evm.utg5513.6                        -           1208 356175at33208        -            270   5.1e-09   37.4   9.8   3   4    0.0014       0.2   12.6   0.0   189   248   460   519   455   531 0.80 -
evm.utg5513.6                        -           1208 356175at33208        -            270   5.1e-09   37.4   9.8   4   4      0.18        25    5.6   0.1   208   263  1104  1153  1082  1158 0.78 -
evm.utg439.49.1.5c22f0fa             -            492 356175at33208        -            270   5.5e-09   37.3   0.3   1   2   7.1e-06     0.001   20.1   0.0    88   159   287   360   274   373 0.81 -
evm.utg439.49.1.5c22f0fa             -            492 356175at33208        -            270   5.5e-09   37.3   0.3   2   2   0.00019     0.028   15.4   0.2    91   157   374   444   363   453 0.85 -
evm.utg2159.31.2.5c22ed19            -           1510 356175at33208        -            270   5.7e-09   37.3   3.4   1   4   0.00046     0.065   14.1   0.1    82   159   410   487   398   500 0.88 -
evm.utg2159.31.2.5c22ed19            -           1510 356175at33208        -            270   5.7e-09   37.3   3.4   2   4     0.014         2    9.3   0.1    96   157   505   567   497   577 0.77 -
evm.utg2159.31.2.5c22ed19            -           1510 356175at33208        -            270   5.7e-09   37.3   3.4   3   4       1.4     2e+02    2.7   0.0    92   139   588   632   577   654 0.70 -
evm.utg2159.31.2.5c22ed19            -           1510 356175at33208        -            270   5.7e-09   37.3   3.4   4   4     0.022       3.2    8.6   0.0    60   123   646   705   642   713 0.71 -
evm.utg2159.31.1.5c22ed19            -           1510 356175at33208        -            270   5.7e-09   37.3   3.4   1   4   0.00046     0.065   14.1   0.1    82   159   410   487   398   500 0.88 -
evm.utg2159.31.1.5c22ed19            -           1510 356175at33208        -            270   5.7e-09   37.3   3.4   2   4     0.014         2    9.3   0.1    96   157   505   567   497   577 0.77 -
evm.utg2159.31.1.5c22ed19            -           1510 356175at33208        -            270   5.7e-09   37.3   3.4   3   4       1.4     2e+02    2.7   0.0    92   139   588   632   577   654 0.70 -
evm.utg2159.31.1.5c22ed19            -           1510 356175at33208        -            270   5.7e-09   37.3   3.4   4   4     0.022       3.2    8.6   0.0    60   123   646   705   642   713 0.71 -
evm.utg788.47                        -           1044 356175at33208        -            270   6.4e-09   37.1   8.3   1   6       6.6   9.4e+02    0.5   0.0   109   164    77   134    61   169 0.73 -
evm.utg788.47                        -           1044 356175at33208        -            270   6.4e-09   37.1   8.3   2   6   0.00015     0.022   15.7   0.1    92   158   325   393   276   402 0.81 -
evm.utg788.47                        -           1044 356175at33208        -            270   6.4e-09   37.1   8.3   3   6     0.027       3.9    8.3   0.3    92   158   484   551   432   580 0.72 -
evm.utg788.47                        -           1044 356175at33208        -            270   6.4e-09   37.1   8.3   4   6       1.5   2.2e+02    2.6   0.0   101   131   583   613   569   615 0.91 -
evm.utg788.47                        -           1044 356175at33208        -            270   6.4e-09   37.1   8.3   5   6     0.038       5.5    7.8   0.1    94   119   727   752   682   757 0.77 -
evm.utg788.47                        -           1044 356175at33208        -            270   6.4e-09   37.1   8.3   6   6     0.028         4    8.3   0.1    94   120   727   753   718   807 0.81 -
evm.utg1204.47.1.5c22e937            -            333 356175at33208        -            270   6.5e-09   37.1  12.5   1   6   0.00015     0.022   15.7   0.1    92   160    19    91    11    99 0.81 -
evm.utg1204.47.1.5c22e937            -            333 356175at33208        -            270   6.5e-09   37.1  12.5   2   6   1.2e-06   0.00017   22.6   0.9    81   157    53   132    51   157 0.83 -
evm.utg1204.47.1.5c22e937            -            333 356175at33208        -            270   6.5e-09   37.1  12.5   3   6   0.00054     0.077   13.9   0.5    88   153   104   172    98   180 0.84 -
evm.utg1204.47.1.5c22e937            -            333 356175at33208        -            270   6.5e-09   37.1  12.5   4   6     0.012       1.7    9.5   0.5    96   158   157   222   136   224 0.79 -
evm.utg1204.47.1.5c22e937            -            333 356175at33208        -            270   6.5e-09   37.1  12.5   5   6       0.3        42    4.9   0.1   106   154   226   275   223   284 0.86 -
evm.utg1204.47.1.5c22e937            -            333 356175at33208        -            270   6.5e-09   37.1  12.5   6   6       3.1   4.4e+02    1.6   0.0   123   152   295   325   286   331 0.73 -
evm.utg243.69                        -           1751 356175at33208        -            270   6.7e-09   37.1  12.1   1   7     0.034       4.9    8.0   0.9    85   166    57   143    38   153 0.74 -
evm.utg243.69                        -           1751 356175at33208        -            270   6.7e-09   37.1  12.1   2   7       8.4   1.2e+03    0.1   0.0    97   140   156   201   144   209 0.81 -
evm.utg243.69                        -           1751 356175at33208        -            270   6.7e-09   37.1  12.1   3   7       8.6   1.2e+03    0.1   0.0    96   117   217   238   204   248 0.81 -
evm.utg243.69                        -           1751 356175at33208        -            270   6.7e-09   37.1  12.1   4   7      0.16        23    5.8   0.1    93   160   319   388   296   461 0.74 -
evm.utg243.69                        -           1751 356175at33208        -            270   6.7e-09   37.1  12.1   5   7   0.00029     0.041   14.8   0.0   192   238   514   560   494   594 0.88 -
evm.utg243.69                        -           1751 356175at33208        -            270   6.7e-09   37.1  12.1   6   7         2   2.8e+02    2.2   0.0    98   132   633   667   621   675 0.83 -
evm.utg243.69                        -           1751 356175at33208        -            270   6.7e-09   37.1  12.1   7   7      0.32        45    4.8   0.1    65   163   644   742   634   753 0.61 -
evm.utg861.53                        -            556 356175at33208        -            270   7.4e-09   36.9   0.2   1   2   2.8e-07   4.1e-05   24.7   0.0    93   174   261   346   240   369 0.80 -
evm.utg861.53                        -            556 356175at33208        -            270   7.4e-09   36.9   0.2   2   2     0.026       3.7    8.4   0.0    99   156   481   540   474   545 0.81 -
evm.utg2159.31                       -           1576 356175at33208        -            270   7.7e-09   36.9   3.5   1   4   0.00048     0.069   14.1   0.1    82   159   410   487   398   500 0.88 -
evm.utg2159.31                       -           1576 356175at33208        -            270   7.7e-09   36.9   3.5   2   4     0.016       2.3    9.1   0.1    96   157   505   567   498   574 0.77 -
evm.utg2159.31                       -           1576 356175at33208        -            270   7.7e-09   36.9   3.5   3   4       1.6   2.3e+02    2.5   0.0    92   139   588   632   579   654 0.70 -
evm.utg2159.31                       -           1576 356175at33208        -            270   7.7e-09   36.9   3.5   4   4     0.024       3.4    8.5   0.0    60   123   646   705   642   713 0.71 -
evm.utg73.96.1.5c22f3bc              -            243 356175at33208        -            270   7.8e-09   36.8   0.1   1   3   0.00029     0.042   14.8   0.1    70   159    11   106     1   110 0.72 -
evm.utg73.96.1.5c22f3bc              -            243 356175at33208        -            270   7.8e-09   36.8   0.1   2   3     0.011       1.6    9.6   0.1   100   156    88   143    83   158 0.83 -
evm.utg73.96.1.5c22f3bc              -            243 356175at33208        -            270   7.8e-09   36.8   0.1   3   3   0.00013     0.019   15.9   0.0    89   159   160   230   132   237 0.75 -
evm.utg320.49                        -            928 356175at33208        -            270   1.1e-08   36.3   0.1   1   3      0.17        24    5.7   0.0   226   262    78   113    70   117 0.74 -
evm.utg320.49                        -            928 356175at33208        -            270   1.1e-08   36.3   0.1   2   3    0.0078       1.1   10.1   0.0    93   152   135   194   128   200 0.92 -
evm.utg320.49                        -            928 356175at33208        -            270   1.1e-08   36.3   0.1   3   3   0.00013     0.019   15.9   0.0    93   153   598   659   592   667 0.88 -
evm.utg5774.3                        -            408 356175at33208        -            270   1.3e-08   36.1   4.1   1   5       5.9   8.4e+02    0.7   0.1   241   257    40    56    30    66 0.77 -
evm.utg5774.3                        -            408 356175at33208        -            270   1.3e-08   36.1   4.1   2   5     0.004      0.57   11.1   0.3   184   260    71   149    39   155 0.83 -
evm.utg5774.3                        -            408 356175at33208        -            270   1.3e-08   36.1   4.1   3   5    0.0031      0.44   11.4   0.0    88   157   161   233   149   235 0.88 -
evm.utg5774.3                        -            408 356175at33208        -            270   1.3e-08   36.1   4.1   4   5   0.00013     0.019   15.9   0.1    99   159   216   278   213   291 0.86 -
evm.utg5774.3                        -            408 356175at33208        -            270   1.3e-08   36.1   4.1   5   5         6   8.6e+02    0.6   0.0    92   118   376   402   356   405 0.84 -
evm.utg1882.2                        -            644 356175at33208        -            270   1.4e-08   36.1   0.1   1   3   7.1e-07    0.0001   23.3   0.0    91   157   388   455   367   460 0.86 -
evm.utg1882.2                        -            644 356175at33208        -            270   1.4e-08   36.1   0.1   2   3      0.99   1.4e+02    3.2   0.0   124   157   472   505   462   516 0.80 -
evm.utg1882.2                        -            644 356175at33208        -            270   1.4e-08   36.1   0.1   3   3      0.23        32    5.3   0.0    67   145   552   626   540   633 0.75 -
evm.utg73.39                         -            326 356175at33208        -            270   1.5e-08   35.9   0.2   1   2    0.0014      0.19   12.6   0.2    63   160    75   167    34   192 0.63 -
evm.utg73.39                         -            326 356175at33208        -            270   1.5e-08   35.9   0.2   2   2   1.7e-05    0.0025   18.8   0.0    91   149   238   295   210   306 0.85 -
evm.utg910.142                       -            323 356175at33208        -            270   1.7e-08   35.7   0.3   1   3      0.16        23    5.8   0.0    91   157    13    80     4   132 0.69 -
evm.utg910.142                       -            323 356175at33208        -            270   1.7e-08   35.7   0.3   2   3   1.8e-06   0.00026   22.0   0.2   100   153   154   208   115   221 0.87 -
evm.utg910.142                       -            323 356175at33208        -            270   1.7e-08   35.7   0.3   3   3      0.82   1.2e+02    3.5   0.0    94   117   288   311   260   321 0.86 -
evm.utg2303.45.1.5c22ed61            -            469 356175at33208        -            270   1.7e-08   35.7   1.7   1   3     0.037       5.3    7.9   0.0    90   118   277   305   267   317 0.82 -
evm.utg2303.45.1.5c22ed61            -            469 356175at33208        -            270   1.7e-08   35.7   1.7   2   3   4.7e-06   0.00067   20.7   0.4    92   157   323   389   314   400 0.90 -
evm.utg2303.45.1.5c22ed61            -            469 356175at33208        -            270   1.7e-08   35.7   1.7   3   3     0.096        14    6.5   0.0    72   146   386   460   384   465 0.83 -
evm.utg729.160.1.5c22f3a9            -            827 356175at33208        -            270     2e-08   35.5   0.1   1   4    0.0019      0.27   12.1   0.0    95   160    18    86     7    96 0.83 -
evm.utg729.160.1.5c22f3a9            -            827 356175at33208        -            270     2e-08   35.5   0.1   2   4       1.5   2.1e+02    2.6   0.0   102   159   122   181   106   189 0.64 -
evm.utg729.160.1.5c22f3a9            -            827 356175at33208        -            270     2e-08   35.5   0.1   3   4      0.89   1.3e+02    3.4   0.0    95   119   201   225   198   281 0.81 -
evm.utg729.160.1.5c22f3a9            -            827 356175at33208        -            270     2e-08   35.5   0.1   4   4    0.0027      0.38   11.6   0.0    63   117   600   653   580   672 0.78 -
evm.utg1278.33                       -            655 356175at33208        -            270   2.1e-08   35.4   1.4   1   3     0.031       4.4    8.1   0.0    88   125   181   218   169   245 0.88 -
evm.utg1278.33                       -            655 356175at33208        -            270   2.1e-08   35.4   1.4   2   3   1.4e-06    0.0002   22.4   0.5    59   161   298   410   293   412 0.74 -
evm.utg1278.33                       -            655 356175at33208        -            270   2.1e-08   35.4   1.4   3   3      0.02       2.9    8.8   0.2    91   146   381   439   365   503 0.81 -
evm.utg699.93                        -            360 356175at33208        -            270   2.5e-08   35.2   0.2   1   4   0.00027     0.038   14.9   0.0   100   161    77   138    60   143 0.88 -
evm.utg699.93                        -            360 356175at33208        -            270   2.5e-08   35.2   0.2   2   4    0.0013      0.19   12.6   0.0    87   151   145   206   135   212 0.77 -
evm.utg699.93                        -            360 356175at33208        -            270   2.5e-08   35.2   0.2   3   4      0.79   1.1e+02    3.5   0.0    65   126   204   265   186   289 0.75 -
evm.utg699.93                        -            360 356175at33208        -            270   2.5e-08   35.2   0.2   4   4       4.9     7e+02    0.9   0.0    99   118   277   296   258   322 0.69 -
evm.utg183.20                        -            427 356175at33208        -            270     3e-08   34.9   0.1   1   3    0.0027      0.39   11.6   0.0    81   140    92   151    82   154 0.90 -
evm.utg183.20                        -            427 356175at33208        -            270     3e-08   34.9   0.1   2   3   9.4e-06    0.0013   19.7   0.0    93   144   146   197   144   216 0.91 -
evm.utg183.20                        -            427 356175at33208        -            270     3e-08   34.9   0.1   3   3       5.9   8.4e+02    0.7   0.0    59   117   358   418   354   423 0.76 -
evm.utg26120.19                      -            408 356175at33208        -            270   3.1e-08   34.9   3.1   1   5       6.9   9.8e+02    0.4   0.1   242   257    41    56    34    66 0.79 -
evm.utg26120.19                      -            408 356175at33208        -            270   3.1e-08   34.9   3.1   2   5     0.004      0.58   11.0   0.0   185   260    72   149    58   154 0.81 -
evm.utg26120.19                      -            408 356175at33208        -            270   3.1e-08   34.9   3.1   3   5     0.041       5.8    7.7   0.0    88   157   161   233   155   234 0.85 -
evm.utg26120.19                      -            408 356175at33208        -            270   3.1e-08   34.9   3.1   4   5   9.4e-05     0.013   16.4   0.0    98   159   215   278   211   295 0.86 -
evm.utg26120.19                      -            408 356175at33208        -            270   3.1e-08   34.9   3.1   5   5       4.5   6.4e+02    1.0   0.0    92   118   376   402   351   406 0.80 -
evm.utg5985.15.1.5c22f28e            -            350 356175at33208        -            270   3.2e-08   34.9   1.0   1   3    0.0069      0.98   10.3   0.1   128   157    99   129    61   136 0.85 -
evm.utg5985.15.1.5c22f28e            -            350 356175at33208        -            270   3.2e-08   34.9   1.0   2   3   7.9e-06    0.0011   19.9   0.0    92   241   146   299   133   305 0.70 -
evm.utg5985.15.1.5c22f28e            -            350 356175at33208        -            270   3.2e-08   34.9   1.0   3   3      0.87   1.2e+02    3.4   0.0    85   116   284   316   251   326 0.65 -
evm.utg5774.3.1.5c22f241             -            362 356175at33208        -            270   3.2e-08   34.9   3.6   1   4         5   7.2e+02    0.9   0.1   241   257    40    56    29    66 0.76 -
evm.utg5774.3.1.5c22f241             -            362 356175at33208        -            270   3.2e-08   34.9   3.6   2   4    0.0031      0.44   11.4   0.0   185   260    72   149    57   155 0.81 -
evm.utg5774.3.1.5c22f241             -            362 356175at33208        -            270   3.2e-08   34.9   3.6   3   4    0.0028       0.4   11.6   0.1    88   157   161   233   153   235 0.88 -
evm.utg5774.3.1.5c22f241             -            362 356175at33208        -            270   3.2e-08   34.9   3.6   4   4   7.9e-05     0.011   16.6   0.1    98   159   215   278   211   295 0.86 -
evm.utg26120.19.1.5c2792a7           -            291 356175at33208        -            270   3.5e-08   34.7   2.6   1   3    0.0021       0.3   12.0   0.3   184   260    71   149    30   155 0.83 -
evm.utg26120.19.1.5c2792a7           -            291 356175at33208        -            270   3.5e-08   34.7   2.6   2   3     0.016       2.4    9.0   0.0    88   157   161   233   148   236 0.85 -
evm.utg26120.19.1.5c2792a7           -            291 356175at33208        -            270   3.5e-08   34.7   2.6   3   3   6.8e-05    0.0097   16.8   0.0    98   159   215   278   211   287 0.87 -
evm.utg5985.15                       -            362 356175at33208        -            270   3.6e-08   34.7   0.9   1   3    0.0069      0.99   10.3   0.1   128   157    99   129    60   137 0.84 -
evm.utg5985.15                       -            362 356175at33208        -            270   3.6e-08   34.7   0.9   2   3   1.4e-05     0.002   19.1   0.0    93   183   147   240   136   300 0.65 -
evm.utg5985.15                       -            362 356175at33208        -            270   3.6e-08   34.7   0.9   3   3      0.97   1.4e+02    3.2   0.0    85   116   284   316   256   327 0.65 -
evm.utg4082.42                       -            401 356175at33208        -            270   3.6e-08   34.6   0.5   1   3   2.6e-05    0.0038   18.2   0.0    95   157    45   107    25   109 0.84 -
evm.utg4082.42                       -            401 356175at33208        -            270   3.6e-08   34.6   0.5   2   3   4.4e-05    0.0064   17.5   0.1   101   154    92   145    89   179 0.89 -
evm.utg4082.42                       -            401 356175at33208        -            270   3.6e-08   34.6   0.5   3   3      0.56        79    4.0   0.0    98   152   212   273   201   288 0.69 -
evm.utg6072.16                       -            506 356175at33208        -            270     5e-08   34.2   0.9   1   4     0.076        11    6.8   0.1    77   160   156   241   146   253 0.71 -
evm.utg6072.16                       -            506 356175at33208        -            270     5e-08   34.2   0.9   2   4    0.0081       1.2   10.0   0.1    81   153   200   276   191   278 0.75 -
evm.utg6072.16                       -            506 356175at33208        -            270     5e-08   34.2   0.9   3   4    0.0009      0.13   13.2   0.0    58   150   267   357   256   421 0.71 -
evm.utg6072.16                       -            506 356175at33208        -            270     5e-08   34.2   0.9   4   4    0.0058      0.83   10.5   0.0    94   154   440   501   419   505 0.71 -
evm.utg479.8.2.5c22f153              -            362 356175at33208        -            270   5.7e-08   34.0   2.5   1   4       1.2   1.8e+02    2.9   0.1    99   136    51    88    36    98 0.77 -
evm.utg479.8.2.5c22f153              -            362 356175at33208        -            270   5.7e-08   34.0   2.5   2   4   2.5e-05    0.0035   18.3   0.4    99   167   105   173    49   186 0.69 -
evm.utg479.8.2.5c22f153              -            362 356175at33208        -            270   5.7e-08   34.0   2.5   3   4     0.014       2.1    9.2   0.0    62   181   160   283   158   312 0.78 -
evm.utg479.8.2.5c22f153              -            362 356175at33208        -            270   5.7e-08   34.0   2.5   4   4      0.29        41    5.0   0.0    99   119   333   353   313   357 0.76 -
evm.utg307.22                        -           1448 356175at33208        -            270   6.4e-08   33.8   0.0   1   4      0.13        19    6.1   0.0    91   158    21   100    15   108 0.63 -
evm.utg307.22                        -           1448 356175at33208        -            270   6.4e-08   33.8   0.0   2   4      0.11        16    6.3   0.0    99   140   481   522   477   543 0.84 -
evm.utg307.22                        -           1448 356175at33208        -            270   6.4e-08   33.8   0.0   3   4      0.34        48    4.7   0.0    59   119   533   591   523   603 0.74 -
evm.utg307.22                        -           1448 356175at33208        -            270   6.4e-08   33.8   0.0   4   4    0.0048      0.69   10.8   0.0    92   158  1321  1388  1301  1397 0.79 -
evm.utg73.80                         -            359 356175at33208        -            270   7.6e-08   33.6   2.9   1   4    0.0015      0.22   12.4   0.1    97   157    58   118    37   124 0.82 -
evm.utg73.80                         -            359 356175at33208        -            270   7.6e-08   33.6   2.9   2   4      0.24        34    5.2   0.0   225   260   130   163   122   170 0.66 -
evm.utg73.80                         -            359 356175at33208        -            270   7.6e-08   33.6   2.9   3   4     0.023       3.4    8.5   0.0    83   127   171   215   166   240 0.81 -
evm.utg73.80                         -            359 356175at33208        -            270   7.6e-08   33.6   2.9   4   4      0.36        51    4.6   0.0    84   119   264   302   241   310 0.60 -
evm.utg21766.14                      -            538 356175at33208        -            270   1.2e-07   32.9   0.4   1   3   0.00069     0.098   13.6   0.0    78   124    44    92    18   115 0.71 -
evm.utg21766.14                      -            538 356175at33208        -            270   1.2e-07   32.9   0.4   2   3   0.00033     0.048   14.6   0.1    96   162   127   194   122   203 0.91 -
evm.utg21766.14                      -            538 356175at33208        -            270   1.2e-07   32.9   0.4   3   3       6.5   9.2e+02    0.5   0.0    96   118   358   380   345   395 0.70 -
evm.utg2017.23                       -           1116 356175at33208        -            270   1.4e-07   32.7   0.4   1   4      0.28        40    5.0   0.0    93   117    18    42    10    64 0.83 -
evm.utg2017.23                       -           1116 356175at33208        -            270   1.4e-07   32.7   0.4   2   4    0.0038      0.55   11.1   0.0    92   160    98   166    89   193 0.82 -
evm.utg2017.23                       -           1116 356175at33208        -            270   1.4e-07   32.7   0.4   3   4     0.014         2    9.3   0.0    58   127   198   267   195   288 0.83 -
evm.utg2017.23                       -           1116 356175at33208        -            270   1.4e-07   32.7   0.4   4   4       3.7   5.3e+02    1.3   0.0    75   109  1068  1102  1064  1113 0.86 -
evm.utg801.96                        -            430 356175at33208        -            270   1.4e-07   32.7   5.5   1   4       1.3   1.9e+02    2.8   0.0   196   218   103   125    72   132 0.90 -
evm.utg801.96                        -            430 356175at33208        -            270   1.4e-07   32.7   5.5   2   4       1.5   2.1e+02    2.7   0.6   102   159   195   261   186   266 0.68 -
evm.utg801.96                        -            430 356175at33208        -            270   1.4e-07   32.7   5.5   3   4   4.4e-07   6.2e-05   24.0   0.4    66   157   253   349   248   359 0.75 -
evm.utg801.96                        -            430 356175at33208        -            270   1.4e-07   32.7   5.5   4   4       1.1   1.6e+02    3.0   0.0   128   163   375   412   367   420 0.77 -
evm.utg479.8.1.5c22f153              -            444 356175at33208        -            270   1.5e-07   32.7   2.4   1   3   3.3e-05    0.0047   17.9   0.4    59   167    55   173    48   186 0.69 -
evm.utg479.8.1.5c22f153              -            444 356175at33208        -            270   1.5e-07   32.7   2.4   2   3     0.022       3.1    8.6   0.0    62   181   160   283   158   312 0.78 -
evm.utg479.8.1.5c22f153              -            444 356175at33208        -            270   1.5e-07   32.7   2.4   3   3      0.34        48    4.7   0.0    94   119   329   353   305   357 0.78 -
evm.utg479.8                         -            451 356175at33208        -            270   1.5e-07   32.7   2.4   1   3   3.4e-05    0.0048   17.8   0.4    60   167    56   173    48   186 0.69 -
evm.utg479.8                         -            451 356175at33208        -            270   1.5e-07   32.7   2.4   2   3     0.022       3.2    8.6   0.0    62   181   160   283   158   312 0.78 -
evm.utg479.8                         -            451 356175at33208        -            270   1.5e-07   32.7   2.4   3   3      0.34        49    4.7   0.0    94   119   329   353   305   357 0.78 -
evm.utg798.13                        -            382 356175at33208        -            270     2e-07   32.2   0.3   1   2    0.0035      0.49   11.3   0.1    91   158   133   201   126   219 0.82 -
evm.utg798.13                        -            382 356175at33208        -            270     2e-07   32.2   0.3   2   2   5.6e-05     0.008   17.1   0.0    99   157   230   289   220   299 0.81 -
evm.utg967.29.1.5c22f549             -            266 356175at33208        -            270   2.3e-07   32.0   0.3   1   2    0.0033      0.47   11.3   0.0    87   133    98   145    91   147 0.89 -
evm.utg967.29.1.5c22f549             -            266 356175at33208        -            270   2.3e-07   32.0   0.3   2   2   2.5e-05    0.0036   18.3   0.1    92   158   146   211   142   220 0.83 -
evm.utg1919.76                       -            679 356175at33208        -            270   2.4e-07   32.0   0.3   1   2   0.00015     0.021   15.8   0.1   100   158    15    77     7    84 0.82 -
evm.utg1919.76                       -            679 356175at33208        -            270   2.4e-07   32.0   0.3   2   2    0.0011      0.16   12.9   0.0    93   159   258   327   219   342 0.77 -
utg7821.evm.utg13634.5.mrna2         -            359 356175at33208        -            270   2.6e-07   31.9   0.1   1   3    0.0031      0.44   11.4   0.0   193   257    54   120    47   126 0.79 -
utg7821.evm.utg13634.5.mrna2         -            359 356175at33208        -            270   2.6e-07   31.9   0.1   2   3    0.0042      0.61   11.0   0.0    92   127   140   175   129   194 0.81 -
utg7821.evm.utg13634.5.mrna2         -            359 356175at33208        -            270   2.6e-07   31.9   0.1   3   3      0.22        32    5.3   0.1    99   158   208   268   164   301 0.71 -
evm.utg16094.2                       -            968 356175at33208        -            270   2.6e-07   31.8  10.8   1   8      0.32        45    4.8   0.0   154   212   157   214   152   242 0.79 -
evm.utg16094.2                       -            968 356175at33208        -            270   2.6e-07   31.8  10.8   2   8      0.48        69    4.2   0.2   112   169   272   330   259   346 0.78 -
evm.utg16094.2                       -            968 356175at33208        -            270   2.6e-07   31.8  10.8   3   8      0.12        18    6.2   0.0    79   153   329   403   323   410 0.80 -
evm.utg16094.2                       -            968 356175at33208        -            270   2.6e-07   31.8  10.8   4   8         2   2.9e+02    2.2   0.0    98   117   390   409   375   454 0.77 -
evm.utg16094.2                       -            968 356175at33208        -            270   2.6e-07   31.8  10.8   5   8       5.3   7.5e+02    0.8   0.0   123   159   467   504   417   514 0.76 -
evm.utg16094.2                       -            968 356175at33208        -            270   2.6e-07   31.8  10.8   6   8     0.084        12    6.7   0.0    60   153   490   580   486   585 0.83 -
evm.utg16094.2                       -            968 356175at33208        -            270   2.6e-07   31.8  10.8   7   8       7.2     1e+03    0.4   1.2   211   243   805   837   793   852 0.68 -
evm.utg16094.2                       -            968 356175at33208        -            270   2.6e-07   31.8  10.8   8   8     0.018       2.6    8.9   0.1    92   154   894   960   888   965 0.81 -
evm.utg418.59                        -            511 356175at33208        -            270     3e-07   31.6   0.9   1   2    0.0017      0.24   12.3   0.2   123   172   322   373   291   379 0.73 -
evm.utg418.59                        -            511 356175at33208        -            270     3e-07   31.6   0.9   2   2   8.7e-06    0.0012   19.8   0.1    81   156   368   448   361   453 0.77 -
evm.utg139908.1                      -            208 356175at33208        -            270   3.2e-07   31.6   0.0   1   4       1.5   2.1e+02    2.6   0.0    95   117     6    28     3    33 0.89 -
evm.utg139908.1                      -            208 356175at33208        -            270   3.2e-07   31.6   0.0   2   4   9.3e-06    0.0013   19.7   0.0    92   157    55   120    47   129 0.94 -
evm.utg139908.1                      -            208 356175at33208        -            270   3.2e-07   31.6   0.0   3   4         3   4.3e+02    1.6   0.0   130   157   135   163   123   170 0.72 -
evm.utg139908.1                      -            208 356175at33208        -            270   3.2e-07   31.6   0.0   4   4       2.4   3.4e+02    2.0   0.0    86   115   177   206   165   207 0.84 -
evm.utg4455.54                       -            917 356175at33208        -            270   3.3e-07   31.5   0.9   1   2   0.00013     0.018   16.0   0.0    96   155   395   454   386   459 0.92 -
evm.utg4455.54                       -            917 356175at33208        -            270   3.3e-07   31.5   0.9   2   2   0.00075      0.11   13.4   0.0    47   155   456   559   452   598 0.77 -
evm.utg1137.2                        -            414 356175at33208        -            270   3.4e-07   31.5   0.1   1   3   0.00025     0.036   15.0   0.0    96   147    37    88    29   120 0.84 -
evm.utg1137.2                        -            414 356175at33208        -            270   3.4e-07   31.5   0.1   2   3         2   2.8e+02    2.2   0.0   225   259   162   195   140   206 0.62 -
evm.utg1137.2                        -            414 356175at33208        -            270   3.4e-07   31.5   0.1   3   3    0.0068      0.98   10.3   0.0    56   122   277   345   273   369 0.78 -
evm.utg5950.24                       -            446 356175at33208        -            270   4.9e-07   31.0   1.0   1   4       1.7   2.5e+02    2.4   0.0    99   157    48   105    36   111 0.84 -
evm.utg5950.24                       -            446 356175at33208        -            270   4.9e-07   31.0   1.0   2   4     0.047       6.7    7.5   0.0    92   133   123   164   112   167 0.85 -
evm.utg5950.24                       -            446 356175at33208        -            270   4.9e-07   31.0   1.0   3   4      0.11        16    6.3   0.0    45   126   178   258   172   281 0.62 -
evm.utg5950.24                       -            446 356175at33208        -            270   4.9e-07   31.0   1.0   4   4    0.0038      0.54   11.1   0.0    93   134   275   315   261   322 0.83 -
evm.utg498.66                        -            670 356175at33208        -            270   5.8e-07   30.7   0.5   1   4      0.48        69    4.2   0.0   100   139   410   450   402   453 0.83 -
evm.utg498.66                        -            670 356175at33208        -            270   5.8e-07   30.7   0.5   2   4    0.0024      0.35   11.8   0.0    96   157   447   506   443   514 0.82 -
evm.utg498.66                        -            670 356175at33208        -            270   5.8e-07   30.7   0.5   3   4    0.0036      0.51   11.2   0.0    63   161   536   633   497   642 0.66 -
evm.utg498.66                        -            670 356175at33208        -            270   5.8e-07   30.7   0.5   4   4     0.004      0.57   11.1   0.0    57   139   569   652   554   669 0.61 -
evm.utg5985.15.4.5c22f28e            -            291 356175at33208        -            270   6.1e-07   30.6   0.8   1   2    0.0054      0.77   10.6   0.1   128   157    99   129    62   136 0.85 -
evm.utg5985.15.4.5c22f28e            -            291 356175at33208        -            270   6.1e-07   30.6   0.8   2   2   2.8e-05     0.004   18.1   0.0    92   157   146   220   135   230 0.81 -
evm.utg1230.12                       -           1137 356175at33208        -            270   7.1e-07   30.4   6.4   1   5    0.0051      0.73   10.7   0.0    98   158   349   411   338   418 0.83 -
evm.utg1230.12                       -           1137 356175at33208        -            270   7.1e-07   30.4   6.4   2   5       3.4   4.9e+02    1.4   0.0    96   159   437   501   419   508 0.73 -
evm.utg1230.12                       -           1137 356175at33208        -            270   7.1e-07   30.4   6.4   3   5    0.0087       1.2    9.9   0.0    96   157   479   544   458   567 0.76 -
evm.utg1230.12                       -           1137 356175at33208        -            270   7.1e-07   30.4   6.4   4   5       1.2   1.8e+02    2.9   0.0    85   120   865   900   836   927 0.82 -
evm.utg1230.12                       -           1137 356175at33208        -            270   7.1e-07   30.4   6.4   5   5       2.5   3.6e+02    1.9   0.1    90   115   937   964   912   970 0.72 -
evm.utg5950.24.1.5c22f287            -            477 356175at33208        -            270   8.1e-07   30.2   0.3   1   4       1.9   2.7e+02    2.3   0.0    99   157    48   105    36   111 0.84 -
evm.utg5950.24.1.5c22f287            -            477 356175at33208        -            270   8.1e-07   30.2   0.3   2   4     0.052       7.4    7.4   0.0    92   133   123   164   113   167 0.85 -
evm.utg5950.24.1.5c22f287            -            477 356175at33208        -            270   8.1e-07   30.2   0.3   3   4      0.54        78    4.1   0.0    45   112   178   242   171   259 0.69 -
evm.utg5950.24.1.5c22f287            -            477 356175at33208        -            270   8.1e-07   30.2   0.3   4   4    0.0033      0.47   11.3   0.0    92   134   305   346   275   355 0.84 -
evm.utg1285.72                       -           1198 356175at33208        -            270   8.3e-07   30.2   0.0   1   4       3.2   4.5e+02    1.5   0.0    81   127   876   922   858   929 0.74 -
evm.utg1285.72                       -           1198 356175at33208        -            270   8.3e-07   30.2   0.0   2   4     0.034       4.9    8.0   0.0    92   142   947  1002   937  1015 0.77 -
evm.utg1285.72                       -           1198 356175at33208        -            270   8.3e-07   30.2   0.0   3   4      0.48        68    4.2   0.0    96   143  1043  1090  1027  1099 0.84 -
evm.utg1285.72                       -           1198 356175at33208        -            270   8.3e-07   30.2   0.0   4   4    0.0046      0.66   10.8   0.0    56   156  1088  1193  1081  1195 0.66 -
evm.utg370.1                         -            190 356175at33208        -            270   9.6e-07   30.0   0.0   1   1   3.4e-06   0.00048   21.1   0.0    55   159    28   156    14   168 0.63 -
evm.utg2417.39.2.5c22ed97            -            627 356175at33208        -            270   1.1e-06   29.8   0.3   1   2     0.011       1.5    9.7   0.0    99   152    94   151    80   153 0.79 -
evm.utg2417.39.2.5c22ed97            -            627 356175at33208        -            270   1.1e-06   29.8   0.3   2   2   6.5e-06   0.00093   20.2   0.1    59   157   144   245   141   254 0.76 -
evm.utg245.48                        -            321 356175at33208        -            270   1.2e-06   29.7   0.3   1   4       3.8   5.5e+02    1.3   0.0    99   124    32    57    18    94 0.87 -
evm.utg245.48                        -            321 356175at33208        -            270   1.2e-06   29.7   0.3   2   4       5.8   8.3e+02    0.7   0.0   103   131    87   116    78   119 0.76 -
evm.utg245.48                        -            321 356175at33208        -            270   1.2e-06   29.7   0.3   3   4   1.4e-06    0.0002   22.4   0.2    82   157   107   181    87   190 0.82 -
evm.utg245.48                        -            321 356175at33208        -            270   1.2e-06   29.7   0.3   4   4       5.1   7.3e+02    0.9   0.0   101   159   257   315   244   319 0.50 -
evm.utg736.40                        -            406 356175at33208        -            270   1.2e-06   29.6   0.1   1   2   0.00075      0.11   13.4   0.0    59   152   153   253   146   259 0.77 -
evm.utg736.40                        -            406 356175at33208        -            270   1.2e-06   29.6   0.1   2   2   0.00077      0.11   13.4   0.0    91   158   330   398   287   401 0.83 -
evm.utg788.89                        -            256 356175at33208        -            270   1.3e-06   29.5   2.9   1   2     0.011       1.6    9.6   0.2    92   234    18   156     5   170 0.59 -
evm.utg788.89                        -            256 356175at33208        -            270   1.3e-06   29.5   2.9   2   2   0.00017     0.024   15.5   0.2   101   158   181   245   175   249 0.79 -
evm.utg101.81                        -            931 356175at33208        -            270   1.5e-06   29.3   0.4   1   3     0.016       2.2    9.1   0.1    65   157    73   168    63   172 0.72 -
evm.utg101.81                        -            931 356175at33208        -            270   1.5e-06   29.3   0.4   2   3    0.0027      0.38   11.6   0.0    63   154   411   506   403   512 0.79 -
evm.utg101.81                        -            931 356175at33208        -            270   1.5e-06   29.3   0.4   3   3      0.16        23    5.8   0.0    91   141   485   541   476   560 0.71 -
evm.utg2417.39.1.5c22ed97            -            754 356175at33208        -            270   1.6e-06   29.3   0.3   1   2     0.013       1.9    9.3   0.0    99   152    94   151    80   153 0.79 -
evm.utg2417.39.1.5c22ed97            -            754 356175at33208        -            270   1.6e-06   29.3   0.3   2   2   8.6e-06    0.0012   19.8   0.1    59   157   144   245   141   254 0.76 -
evm.utg1542.30                       -            977 356175at33208        -            270   1.7e-06   29.2   2.8   1   2    0.0035       0.5   11.2   0.0    84   119    66   101    54   108 0.89 -
evm.utg1542.30                       -            977 356175at33208        -            270   1.7e-06   29.2   2.8   2   2   0.00012     0.017   16.0   0.1    96   164   139   209   116   249 0.86 -
evm.utg2417.39                       -            829 356175at33208        -            270   2.1e-06   28.9   0.3   1   2     0.015       2.2    9.2   0.0    99   152    94   151    80   153 0.79 -
evm.utg2417.39                       -            829 356175at33208        -            270   2.1e-06   28.9   0.3   2   2   9.8e-06    0.0014   19.6   0.1    59   157   144   245   141   254 0.76 -
evm.utg378.105                       -            554 356175at33208        -            270   2.5e-06   28.6   0.3   1   2   2.7e-05    0.0038   18.2   0.0    95   163    31   106    23   123 0.86 -
evm.utg378.105                       -            554 356175at33208        -            270   2.5e-06   28.6   0.3   2   2      0.14        21    5.9   0.0    81   160   245   326   231   336 0.87 -
evm.utg11096.12                      -            358 356175at33208        -            270   2.6e-06   28.6   0.0   1   3    0.0002     0.028   15.3   0.0    96   147    37    88    29   123 0.84 -
evm.utg11096.12                      -            358 356175at33208        -            270   2.6e-06   28.6   0.0   2   3       1.4   2.1e+02    2.7   0.0   225   258   162   194   125   206 0.66 -
evm.utg11096.12                      -            358 356175at33208        -            270   2.6e-06   28.6   0.0   3   3      0.07        10    7.0   0.0    89   123   265   299   247   320 0.84 -
evm.utg8.11                          -            830 356175at33208        -            270   2.8e-06   28.5   0.5   1   2     0.012       1.8    9.4   0.1   100   152    95   151    84   168 0.80 -
evm.utg8.11                          -            830 356175at33208        -            270   2.8e-06   28.5   0.5   2   2     1e-05    0.0015   19.5   0.1    59   157   144   245   141   255 0.78 -
evm.utg4972.23.2.5c22f18b            -            508 356175at33208        -            270   3.1e-06   28.3   2.0   1   2   5.5e-05    0.0078   17.2   0.4    79   185   337   443   294   447 0.74 -
evm.utg4972.23.2.5c22f18b            -            508 356175at33208        -            270   3.1e-06   28.3   2.0   2   2    0.0009      0.13   13.2   0.2    88   154   433   497   423   507 0.85 -
evm.utg43451.22                      -            419 356175at33208        -            270   3.3e-06   28.2   1.0   1   3     0.005      0.72   10.7   0.0    95   153   108   168   101   169 0.86 -
evm.utg43451.22                      -            419 356175at33208        -            270   3.3e-06   28.2   1.0   2   3    0.0035       0.5   11.2   0.1    61   155   162   258   158   261 0.77 -
evm.utg43451.22                      -            419 356175at33208        -            270   3.3e-06   28.2   1.0   3   3     0.048       6.8    7.5   0.1    59   122   248   315   247   321 0.74 -
evm.utg3092.70                       -            717 356175at33208        -            270   3.4e-06   28.2   0.3   1   4       2.4   3.4e+02    2.0   0.0    96   119    69    92    56    97 0.81 -
evm.utg3092.70                       -            717 356175at33208        -            270   3.4e-06   28.2   0.3   2   4       3.2   4.5e+02    1.5   0.0    98   158   104   168    97   173 0.79 -
evm.utg3092.70                       -            717 356175at33208        -            270   3.4e-06   28.2   0.3   3   4    0.0006     0.086   13.7   0.0    60   154   155   251   150   258 0.82 -
evm.utg3092.70                       -            717 356175at33208        -            270   3.4e-06   28.2   0.3   4   4     0.091        13    6.6   0.1   225   251   265   291   258   296 0.90 -
evm.utg411.98                        -            324 356175at33208        -            270   3.5e-06   28.2   0.0   1   4     0.081        12    6.8   0.0    88   149    26    87    11    90 0.88 -
evm.utg411.98                        -            324 356175at33208        -            270   3.5e-06   28.2   0.0   2   4     0.017       2.4    9.0   0.0    60   157    42   140    40   148 0.78 -
evm.utg411.98                        -            324 356175at33208        -            270   3.5e-06   28.2   0.0   3   4     0.016       2.3    9.1   0.0    80   158   192   273   165   275 0.67 -
evm.utg411.98                        -            324 356175at33208        -            270   3.5e-06   28.2   0.0   4   4    0.0026      0.37   11.7   0.0    93   152   249   309   237   315 0.85 -
evm.utg116.41                        -            703 356175at33208        -            270   3.9e-06   28.0   0.0   1   3     0.042         6    7.7   0.0    96   160    19    91     8   106 0.78 -
evm.utg116.41                        -            703 356175at33208        -            270   3.9e-06   28.0   0.0   2   3       0.7     1e+02    3.7   0.0    95   119   170   194   166   226 0.80 -
evm.utg116.41                        -            703 356175at33208        -            270   3.9e-06   28.0   0.0   3   3    0.0014       0.2   12.6   0.0    64   116   570   621   541   639 0.59 -
evm.utg1290.9                        -            598 356175at33208        -            270     4e-06   28.0   5.0   1   3      0.11        16    6.3   0.1    98   155   327   385   318   404 0.64 -
evm.utg1290.9                        -            598 356175at33208        -            270     4e-06   28.0   5.0   2   3     0.073        10    6.9   0.4    63   158   379   470   374   479 0.72 -
evm.utg1290.9                        -            598 356175at33208        -            270     4e-06   28.0   5.0   3   3   0.00038     0.054   14.4   0.1    57   141   495   577   486   596 0.81 -
evm.utg1272.13.1.5c22e9c5            -            492 356175at33208        -            270   5.9e-06   27.4   3.4   1   3     0.014         2    9.3   0.1    70   141   208   280   196   291 0.72 -
evm.utg1272.13.1.5c22e9c5            -            492 356175at33208        -            270   5.9e-06   27.4   3.4   2   3      0.58        83    4.0   0.0    98   124   296   322   285   330 0.77 -
evm.utg1272.13.1.5c22e9c5            -            492 356175at33208        -            270   5.9e-06   27.4   3.4   3   3   0.00044     0.063   14.2   0.6    80   157   322   394   300   408 0.78 -
evm.utg1138.2                        -            324 356175at33208        -            270   6.4e-06   27.3   0.0   1   2   0.00063      0.09   13.7   0.0    98   159   123   186   107   224 0.86 -
evm.utg1138.2                        -            324 356175at33208        -            270   6.4e-06   27.3   0.0   2   2    0.0029      0.42   11.5   0.0    96   154   253   314   231   322 0.86 -
evm.utg729.147.2.5c22f3b0            -            466 356175at33208        -            270   8.2e-06   26.9   0.0   1   3      0.36        51    4.7   0.0    95   122   164   191   143   200 0.86 -
evm.utg729.147.2.5c22f3b0            -            466 356175at33208        -            270   8.2e-06   26.9   0.0   2   3   0.00014      0.02   15.8   0.0    92   142   203   253   200   261 0.90 -
evm.utg729.147.2.5c22f3b0            -            466 356175at33208        -            270   8.2e-06   26.9   0.0   3   3       1.7   2.5e+02    2.4   0.0    93   119   409   435   353   452 0.86 -
evm.utg1226.20                       -           1094 356175at33208        -            270   8.6e-06   26.9   0.2   1   3   0.00058     0.083   13.8   0.0    62   166    60   164    49   174 0.86 -
evm.utg1226.20                       -           1094 356175at33208        -            270   8.6e-06   26.9   0.2   2   3       7.3     1e+03    0.4   0.0    95   126   224   255   213   268 0.82 -
evm.utg1226.20                       -           1094 356175at33208        -            270   8.6e-06   26.9   0.2   3   3     0.062       8.8    7.1   0.0   107   150   286   329   265   339 0.89 -
evm.utg116.24                        -            526 356175at33208        -            270   9.6e-06   26.7   0.0   1   3      0.29        41    5.0   0.0    95   122   225   252   204   263 0.87 -
evm.utg116.24                        -            526 356175at33208        -            270   9.6e-06   26.7   0.0   2   3   0.00016     0.023   15.6   0.0    92   142   264   314   260   322 0.90 -
evm.utg116.24                        -            526 356175at33208        -            270   9.6e-06   26.7   0.0   3   3       2.1     3e+02    2.1   0.0    93   119   469   495   414   512 0.87 -
evm.utg112.36                        -            329 356175at33208        -            270     1e-05   26.6   0.0   1   2   6.5e-05    0.0093   16.9   0.0    80   159    57   144    37   179 0.78 -
evm.utg112.36                        -            329 356175at33208        -            270     1e-05   26.6   0.0   2   2     0.044       6.3    7.6   0.0    49   122   189   265   174   276 0.78 -
evm.utg6379.9                        -            677 356175at33208        -            270   1.1e-05   26.5   0.2   1   3       5.5   7.8e+02    0.8   0.0   113   159    47    94    33   125 0.80 -
evm.utg6379.9                        -            677 356175at33208        -            270   1.1e-05   26.5   0.2   2   3     0.001      0.15   13.0   0.1    93   141   515   563   492   580 0.82 -
evm.utg6379.9                        -            677 356175at33208        -            270   1.1e-05   26.5   0.2   3   3     0.058       8.3    7.2   0.0    97   153   611   667   604   672 0.89 -
evm.utg10608.1                       -            540 356175at33208        -            270   1.1e-05   26.5   0.3   1   4      0.94   1.3e+02    3.3   0.0    91   123    40    71    12    79 0.76 -
evm.utg10608.1                       -            540 356175at33208        -            270   1.1e-05   26.5   0.3   2   4   0.00048     0.068   14.1   0.1    95   151   147   203   133   206 0.80 -
evm.utg10608.1                       -            540 356175at33208        -            270   1.1e-05   26.5   0.3   3   4      0.62        89    3.9   0.0   101   136   195   230   192   240 0.84 -
evm.utg10608.1                       -            540 356175at33208        -            270   1.1e-05   26.5   0.3   4   4       1.4     2e+02    2.7   0.0   100   147   443   491   433   517 0.86 -
evm.utg9313.39                       -            342 356175at33208        -            270   1.1e-05   26.5   0.2   1   3    0.0092       1.3    9.9   0.0   101   156    60   117    48   118 0.85 -
evm.utg9313.39                       -            342 356175at33208        -            270   1.1e-05   26.5   0.2   2   3   0.00025     0.036   15.0   0.0   101   168   103   175   100   194 0.75 -
evm.utg9313.39                       -            342 356175at33208        -            270   1.1e-05   26.5   0.2   3   3       1.3   1.8e+02    2.9   0.0    98   157   272   336   255   341 0.68 -
evm.utg1272.13                       -            609 356175at33208        -            270   1.2e-05   26.4   3.3   1   3     0.018       2.6    8.9   0.1    70   141   208   280   196   292 0.72 -
evm.utg1272.13                       -            609 356175at33208        -            270   1.2e-05   26.4   3.3   2   3      0.69        98    3.7   0.0    98   125   296   323   285   334 0.78 -
evm.utg1272.13                       -            609 356175at33208        -            270   1.2e-05   26.4   3.3   3   3   0.00059     0.084   13.8   0.7    81   157   323   394   300   410 0.78 -
evm.utg729.147                       -            527 356175at33208        -            270   1.3e-05   26.3   0.0   1   3      0.42        59    4.4   0.0    95   122   225   252   204   261 0.86 -
evm.utg729.147                       -            527 356175at33208        -            270   1.3e-05   26.3   0.0   2   3   0.00016     0.023   15.6   0.0    92   142   264   314   261   322 0.90 -
evm.utg729.147                       -            527 356175at33208        -            270   1.3e-05   26.3   0.0   3   3         2   2.9e+02    2.2   0.0    93   119   470   496   414   513 0.86 -
evm.utg861.53.2.5c22f4a4             -            422 356175at33208        -            270   1.4e-05   26.2   0.0   1   1     2e-07   2.8e-05   25.2   0.0    93   174   261   346   241   354 0.77 -
evm.utg861.53.1.5c22f4a4             -            413 356175at33208        -            270   1.4e-05   26.1   0.0   1   1   1.8e-07   2.6e-05   25.3   0.0    93   174   261   346   240   354 0.77 -
evm.utg729.147.1.5c22f3b0            -            508 356175at33208        -            270   1.5e-05   26.1   0.0   1   3       0.4        57    4.5   0.0    95   122   225   252   204   261 0.86 -
evm.utg729.147.1.5c22f3b0            -            508 356175at33208        -            270   1.5e-05   26.1   0.0   2   3   0.00015     0.022   15.7   0.0    92   142   264   314   260   322 0.90 -
evm.utg729.147.1.5c22f3b0            -            508 356175at33208        -            270   1.5e-05   26.1   0.0   3   3       2.5   3.6e+02    1.9   0.0    93   118   470   495   414   503 0.85 -
evm.utg1025.9                        -            364 356175at33208        -            270   1.8e-05   25.8   1.8   1   3     0.095        14    6.5   0.5    90   159    14    89     5    94 0.74 -
evm.utg1025.9                        -            364 356175at33208        -            270   1.8e-05   25.8   1.8   2   3      0.14        19    6.0   0.0   100   124   128   152   102   165 0.72 -
evm.utg1025.9                        -            364 356175at33208        -            270   1.8e-05   25.8   1.8   3   3     0.007         1   10.3   0.0    93   123   285   315   269   324 0.77 -
evm.utg301.67                        -           3787 356175at33208        -            270   2.2e-05   25.5   0.5   1   1   7.5e-07   0.00011   23.3   0.2    91   200  3391  3501  3381  3512 0.89 -
evm.utg2433.4                        -            480 356175at33208        -            270   2.2e-05   25.5   0.3   1   3       7.8   1.1e+03    0.3   0.0    91   150   180   241   161   258 0.71 -
evm.utg2433.4                        -            480 356175at33208        -            270   2.2e-05   25.5   0.3   2   3    0.0057      0.81   10.6   0.0    77   126   296   345   279   350 0.82 -
evm.utg2433.4                        -            480 356175at33208        -            270   2.2e-05   25.5   0.3   3   3    0.0041      0.59   11.0   0.1   190   214   353   377   338   387 0.85 -
evm.utg801.40                        -            682 356175at33208        -            270   2.3e-05   25.5   0.0   1   4       1.1   1.6e+02    3.0   0.0    86   140    21    76     6    80 0.70 -
evm.utg801.40                        -            682 356175at33208        -            270   2.3e-05   25.5   0.0   2   4   0.00012     0.017   16.0   0.0    59   153    37   134    32   196 0.75 -
evm.utg801.40                        -            682 356175at33208        -            270   2.3e-05   25.5   0.0   3   4       1.9   2.7e+02    2.3   0.0    80   133   540   593   521   612 0.78 -
evm.utg801.40                        -            682 356175at33208        -            270   2.3e-05   25.5   0.0   4   4       3.3   4.7e+02    1.5   0.0    88   116   590   618   559   627 0.71 -
evm.utg564.51                        -            671 356175at33208        -            270   2.3e-05   25.4   0.1   1   2       1.2   1.7e+02    3.0   0.0   101   162   131   195   113   204 0.69 -
evm.utg564.51                        -            671 356175at33208        -            270   2.3e-05   25.4   0.1   2   2   7.3e-06     0.001   20.0   0.0   100   157   215   273   208   276 0.89 -
evm.utg163.79.1.5c22eb7f             -            585 356175at33208        -            270   2.4e-05   25.4   0.0   1   3     0.022       3.2    8.6   0.0    91   120   109   138    73   172 0.64 -
evm.utg163.79.1.5c22eb7f             -            585 356175at33208        -            270   2.4e-05   25.4   0.0   2   3       0.1        15    6.4   0.0    80   143   180   242   168   249 0.82 -
evm.utg163.79.1.5c22eb7f             -            585 356175at33208        -            270   2.4e-05   25.4   0.0   3   3       0.2        29    5.5   0.0   128   202   458   530   443   532 0.86 -
evm.utg1272.78                       -           1295 356175at33208        -            270   2.8e-05   25.2   0.5   1   3      0.16        23    5.8   0.0    93   162   624   694   607   726 0.81 -
evm.utg1272.78                       -           1295 356175at33208        -            270   2.8e-05   25.2   0.5   2   3      0.18        25    5.7   0.0    92   154   795   857   764   877 0.73 -
evm.utg1272.78                       -           1295 356175at33208        -            270   2.8e-05   25.2   0.5   3   3      0.12        17    6.3   0.0    87   120   992  1025   943  1052 0.53 -
evm.utg7855.10                       -            364 356175at33208        -            270   2.9e-05   25.1   2.3   1   3      0.13        18    6.1   0.7    90   158    14    88     5    93 0.73 -
evm.utg7855.10                       -            364 356175at33208        -            270   2.9e-05   25.1   2.3   2   3      0.15        21    5.9   0.0   100   124   128   152   105   163 0.71 -
evm.utg7855.10                       -            364 356175at33208        -            270   2.9e-05   25.1   2.3   3   3    0.0073         1   10.2   0.0    93   123   285   315   271   324 0.77 -
evm.utg1285.17                       -            455 356175at33208        -            270     3e-05   25.1   0.2   1   2     0.013       1.9    9.4   0.1   113   157    36    81    30   102 0.86 -
evm.utg1285.17                       -            455 356175at33208        -            270     3e-05   25.1   0.2   2   2   0.00066     0.095   13.6   0.0    94   159   383   450   346   453 0.78 -
evm.utg4194.43                       -            521 356175at33208        -            270   3.1e-05   25.0   0.3   1   3       4.4   6.2e+02    1.1   0.0   198   213   190   205   187   208 0.86 -
evm.utg4194.43                       -            521 356175at33208        -            270   3.1e-05   25.0   0.3   2   3   0.00082      0.12   13.3   0.1    92   143   242   296   214   308 0.69 -
evm.utg4194.43                       -            521 356175at33208        -            270   3.1e-05   25.0   0.3   3   3     0.072        10    6.9   0.0    65   157   305   398   297   405 0.74 -
evm.utg1290.9.1.5c22ea0d             -            569 356175at33208        -            270   3.1e-05   25.0   1.4   1   3      0.11        15    6.4   0.1    98   155   327   385   319   404 0.64 -
evm.utg1290.9.1.5c22ea0d             -            569 356175at33208        -            270   3.1e-05   25.0   1.4   2   3   0.00034     0.049   14.5   0.1    56   141   465   548   445   559 0.78 -
evm.utg1290.9.1.5c22ea0d             -            569 356175at33208        -            270   3.1e-05   25.0   1.4   3   3       3.4   4.9e+02    1.4   0.0    91   120   540   567   529   568 0.75 -
evm.utg6924.10                       -            677 356175at33208        -            270   3.1e-05   25.0   0.1   1   3       6.6   9.4e+02    0.5   0.0   113   159    47    94    36   112 0.75 -
evm.utg6924.10                       -            677 356175at33208        -            270   3.1e-05   25.0   0.1   2   3    0.0058      0.84   10.5   0.0    93   141   515   563   497   580 0.86 -
evm.utg6924.10                       -            677 356175at33208        -            270   3.1e-05   25.0   0.1   3   3     0.028         4    8.3   0.0    97   153   611   667   604   671 0.89 -
evm.utg6477.2                        -            448 356175at33208        -            270   3.3e-05   25.0   0.1   1   3      0.01       1.4    9.7   0.0   101   156   166   223   141   225 0.84 -
evm.utg6477.2                        -            448 356175at33208        -            270   3.3e-05   25.0   0.1   2   3   0.00057     0.082   13.8   0.0   101   167   209   280   206   299 0.76 -
evm.utg6477.2                        -            448 356175at33208        -            270   3.3e-05   25.0   0.1   3   3       1.9   2.7e+02    2.3   0.0    98   157   378   442   361   447 0.68 -
evm.utg377.24.1.5c22efd8             -            481 356175at33208        -            270   3.4e-05   24.9   0.7   1   2   0.00018     0.025   15.5   0.4    97   153    68   126    51   139 0.84 -
evm.utg377.24.1.5c22efd8             -            481 356175at33208        -            270   3.4e-05   24.9   0.7   2   2      0.11        16    6.3   0.0    91   126   252   287   220   304 0.81 -
evm.utg888.20                        -           4000 356175at33208        -            270   3.6e-05   24.8   0.2   1   2    0.0011      0.15   12.9   0.1    92   154  3802  3863  3792  3870 0.88 -
evm.utg888.20                        -           4000 356175at33208        -            270   3.6e-05   24.8   0.2   2   2     0.014         2    9.3   0.0   100   160  3909  3972  3891  3977 0.85 -
evm.utg55.185.2.5c22f22c             -            697 356175at33208        -            270   3.7e-05   24.8   0.1   1   3         3   4.3e+02    1.6   0.0    94   157    27    90     5   111 0.73 -
evm.utg55.185.2.5c22f22c             -            697 356175at33208        -            270   3.7e-05   24.8   0.1   2   3    0.0014       0.2   12.5   0.0    57   124   212   280   207   309 0.71 -
evm.utg55.185.2.5c22f22c             -            697 356175at33208        -            270   3.7e-05   24.8   0.1   3   3      0.22        31    5.4   0.1    67   120   417   478   377   485 0.62 -
evm.utg659.9.1.5c2796f4              -            263 356175at33208        -            270   3.8e-05   24.7   0.2   1   2   7.8e-05     0.011   16.7   0.0    88   157    48   120    22   123 0.83 -
evm.utg659.9.1.5c2796f4              -            263 356175at33208        -            270   3.8e-05   24.7   0.2   2   2   0.00078      0.11   13.4   0.0    59   123   107   170   105   177 0.85 -
evm.utg498.169.2.5c22f1aa            -            426 356175at33208        -            270     4e-05   24.7   3.3   1   3     0.086        12    6.7   0.0    68   167    45   145    41   163 0.77 -
evm.utg498.169.2.5c22f1aa            -            426 356175at33208        -            270     4e-05   24.7   3.3   2   3       1.6   2.3e+02    2.5   0.0    91   117   171   197   159   202 0.87 -
evm.utg498.169.2.5c22f1aa            -            426 356175at33208        -            270     4e-05   24.7   3.3   3   3    0.0004     0.058   14.3   0.3    78   157   297   375   280   417 0.84 -
evm.utg109.19                        -            756 356175at33208        -            270     4e-05   24.7   0.2   1   2       1.5   2.2e+02    2.6   0.0   101   163   131   196   113   204 0.68 -
evm.utg109.19                        -            756 356175at33208        -            270     4e-05   24.7   0.2   2   2   9.2e-06    0.0013   19.7   0.0   100   157   215   273   208   278 0.89 -
evm.utg3839.107                      -            479 356175at33208        -            270   4.4e-05   24.5   0.7   1   2   0.00018     0.026   15.4   0.4    97   153    68   126    51   138 0.85 -
evm.utg3839.107                      -            479 356175at33208        -            270   4.4e-05   24.5   0.7   2   2      0.14        20    6.0   0.0    93   126   254   287   233   304 0.83 -
evm.utg5774.24                       -            295 356175at33208        -            270   4.5e-05   24.5   1.1   1   3       3.2   4.6e+02    1.5   0.0   224   264    51    94    43    99 0.78 -
evm.utg5774.24                       -            295 356175at33208        -            270   4.5e-05   24.5   1.1   2   3    0.0033      0.47   11.3   0.1    89   125   162   198   111   218 0.78 -
evm.utg5774.24                       -            295 356175at33208        -            270   4.5e-05   24.5   1.1   3   3     0.018       2.5    8.9   0.1   103   160   216   274   200   291 0.78 -
evm.utg129.32                        -           2435 356175at33208        -            270     5e-05   24.4   0.3   1   3   3.8e-05    0.0055   17.7   0.0    91   157  2179  2246  2158  2250 0.84 -
evm.utg129.32                        -           2435 356175at33208        -            270     5e-05   24.4   0.3   2   3   0.00029     0.041   14.8   0.1    89   156  2219  2295  2215  2308 0.81 -
evm.utg129.32                        -           2435 356175at33208        -            270     5e-05   24.4   0.3   3   3       4.7   6.8e+02    1.0   0.0    93   145  2366  2417  2354  2422 0.81 -
evm.utg1897.4                        -            455 356175at33208        -            270   5.7e-05   24.2   1.5   1   3    0.0005     0.072   14.0   0.2    72   160   133   219   128   231 0.78 -
evm.utg1897.4                        -            455 356175at33208        -            270   5.7e-05   24.2   1.5   2   3   0.00057     0.081   13.8   0.7    94   171   194   272   188   284 0.88 -
evm.utg1897.4                        -            455 356175at33208        -            270   5.7e-05   24.2   1.5   3   3     0.034       4.9    8.0   0.1    92   135   234   277   228   309 0.84 -
evm.utg498.169.1.5c22f1aa            -            467 356175at33208        -            270   5.7e-05   24.2   3.2   1   3       0.1        15    6.4   0.0    68   166    86   185    82   202 0.77 -
evm.utg498.169.1.5c22f1aa            -            467 356175at33208        -            270   5.7e-05   24.2   3.2   2   3       1.8   2.6e+02    2.4   0.0    91   117   212   238   201   246 0.88 -
evm.utg498.169.1.5c22f1aa            -            467 356175at33208        -            270   5.7e-05   24.2   3.2   3   3   0.00047     0.067   14.1   0.3    78   157   338   416   321   458 0.84 -
evm.utg55.185.1.5c22f22c             -            784 356175at33208        -            270     6e-05   24.1   0.1   1   3       3.6   5.1e+02    1.4   0.0    94   157    27    90     5   108 0.73 -
evm.utg55.185.1.5c22f22c             -            784 356175at33208        -            270     6e-05   24.1   0.1   2   3    0.0011      0.15   12.9   0.0    56   122   211   278   190   309 0.64 -
evm.utg55.185.1.5c22f22c             -            784 356175at33208        -            270     6e-05   24.1   0.1   3   3      0.26        36    5.1   0.1    67   120   417   478   377   485 0.62 -
evm.utg7840.7                        -            280 356175at33208        -            270   6.2e-05   24.0   0.3   1   2      0.17        24    5.7   0.0    98   137    56    95    45   100 0.85 -
evm.utg7840.7                        -            280 356175at33208        -            270   6.2e-05   24.0   0.3   2   2   3.8e-05    0.0054   17.7   0.1    97   162    95   159    85   210 0.81 -
evm.utg498.169                       -            476 356175at33208        -            270   6.4e-05   24.0   6.5   1   4      0.11        15    6.4   0.0    68   166    86   185    82   203 0.77 -
evm.utg498.169                       -            476 356175at33208        -            270   6.4e-05   24.0   6.5   2   4       1.7   2.4e+02    2.4   0.0    91   117   212   238   200   249 0.88 -
evm.utg498.169                       -            476 356175at33208        -            270   6.4e-05   24.0   6.5   3   4   0.00075      0.11   13.4   0.5    78   157   338   416   321   423 0.81 -
evm.utg498.169                       -            476 356175at33208        -            270   6.4e-05   24.0   6.5   4   4       2.1   2.9e+02    2.2   0.0    90   118   431   459   417   471 0.82 -
evm.utg55.185                        -            839 356175at33208        -            270   6.5e-05   24.0   0.1   1   3       3.9   5.6e+02    1.2   0.0    94   157    27    90     5   108 0.73 -
evm.utg55.185                        -            839 356175at33208        -            270   6.5e-05   24.0   0.1   2   3    0.0012      0.17   12.8   0.0    56   122   211   278   190   309 0.64 -
evm.utg55.185                        -            839 356175at33208        -            270   6.5e-05   24.0   0.1   3   3      0.28        40    5.0   0.1    67   120   417   478   377   485 0.62 -
evm.utg377.24                        -            615 356175at33208        -            270   7.4e-05   23.8   0.6   1   2   0.00025     0.036   15.0   0.4    97   153    68   126    51   139 0.85 -
evm.utg377.24                        -            615 356175at33208        -            270   7.4e-05   23.8   0.6   2   2      0.15        22    5.8   0.0    91   126   252   287   219   304 0.81 -
evm.utg163.79                        -            772 356175at33208        -            270   7.9e-05   23.7   0.0   1   3     0.032       4.6    8.1   0.0    91   120   109   138    73   172 0.64 -
evm.utg163.79                        -            772 356175at33208        -            270   7.9e-05   23.7   0.0   2   3      0.15        22    5.9   0.0    80   143   180   242   169   249 0.82 -
evm.utg163.79                        -            772 356175at33208        -            270   7.9e-05   23.7   0.0   3   3       0.3        43    4.9   0.0   128   202   458   530   448   532 0.85 -
evm.utg498.99                        -           1149 356175at33208        -            270   7.9e-05   23.7   0.1   1   2    0.0049       0.7   10.8   0.0    96   152    45   100    34   121 0.83 -
evm.utg498.99                        -           1149 356175at33208        -            270   7.9e-05   23.7   0.1   2   2      0.03       4.3    8.2   0.0    97   124   425   452   400   474 0.85 -
evm.utg498.99.1.5c22f1a6             -           1183 356175at33208        -            270   8.7e-05   23.6   0.1   1   2    0.0051      0.72   10.7   0.0    96   152    45   100    34   121 0.83 -
evm.utg498.99.1.5c22f1a6             -           1183 356175at33208        -            270   8.7e-05   23.6   0.1   2   2     0.031       4.5    8.1   0.0    97   124   425   452   400   474 0.85 -
evm.utg498.99.2.5c22f1a6             -           1182 356175at33208        -            270   8.7e-05   23.6   0.1   1   2    0.0051      0.72   10.7   0.0    96   152    45   100    34   121 0.83 -
evm.utg498.99.2.5c22f1a6             -           1182 356175at33208        -            270   8.7e-05   23.6   0.1   2   2     0.031       4.5    8.1   0.0    97   124   425   452   400   474 0.85 -
evm.utg192.39                        -            299 356175at33208        -            270   9.6e-05   23.4   0.3   1   2   0.00044     0.063   14.2   0.1   100   143    31    74     2    86 0.81 -
evm.utg192.39                        -            299 356175at33208        -            270   9.6e-05   23.4   0.3   2   2     0.049       6.9    7.5   0.0    84   157   101   176    75   181 0.75 -
evm.utg172.78                        -            451 356175at33208        -            270   0.00012   23.1   0.0   1   3       6.8   9.8e+02    0.4   0.0    92   211   214   234    92   251 0.69 -
evm.utg172.78                        -            451 356175at33208        -            270   0.00012   23.1   0.0   2   3    0.0084       1.2   10.0   0.0   175   228   312   365   170   368 0.59 -
evm.utg172.78                        -            451 356175at33208        -            270   0.00012   23.1   0.0   3   3    0.0057      0.82   10.5   0.0    71   122   360   411   348   417 0.78 -
evm.utg736.1                         -            477 356175at33208        -            270   0.00012   23.1   0.0   1   3       3.3   4.7e+02    1.5   0.0    75   116   100   140    81   145 0.66 -
evm.utg736.1                         -            477 356175at33208        -            270   0.00012   23.1   0.0   2   3      0.79   1.1e+02    3.5   0.0    79   160   150   233   140   277 0.75 -
evm.utg736.1                         -            477 356175at33208        -            270   0.00012   23.1   0.0   3   3    0.0023      0.32   11.9   0.0    92   160   333   406   301   426 0.76 -
evm.utg3878.20                       -           1023 356175at33208        -            270   0.00013   23.0   0.4   1   3    0.0082       1.2   10.0   0.0   100   166    28    93    10   103 0.86 -
evm.utg3878.20                       -           1023 356175at33208        -            270   0.00013   23.0   0.4   2   3       6.2   8.9e+02    0.6   0.0    95   126   153   184   142   190 0.80 -
evm.utg3878.20                       -           1023 356175at33208        -            270   0.00013   23.0   0.4   3   3     0.086        12    6.7   0.0   107   150   215   258   205   267 0.90 -
evm.utg659.9                         -            354 356175at33208        -            270   0.00013   23.0   0.1   1   2   0.00014     0.019   15.9   0.0    88   157    48   120    22   123 0.83 -
evm.utg659.9                         -            354 356175at33208        -            270   0.00013   23.0   0.1   2   2    0.0012      0.17   12.8   0.0    59   123   107   170   104   176 0.84 -
evm.utg109.77                        -            797 356175at33208        -            270   0.00016   22.7   3.6   1   3       1.6   2.3e+02    2.5   0.3   101   157    85   148    54   158 0.64 -
evm.utg109.77                        -            797 356175at33208        -            270   0.00016   22.7   3.6   2   3      0.91   1.3e+02    3.3   0.0    57   129   182   258   178   295 0.72 -
evm.utg109.77                        -            797 356175at33208        -            270   0.00016   22.7   3.6   3   3    0.0011      0.15   12.9   0.0   108   153   620   665   598   675 0.81 -
evm.utg1819.13                       -            476 356175at33208        -            270   0.00016   22.7   0.4   1   2      0.21        30    5.4   0.0    98   138   252   292   236   297 0.84 -
evm.utg1819.13                       -            476 356175at33208        -            270   0.00016   22.7   0.4   2   2   6.8e-05    0.0097   16.9   0.1    96   161   290   354   280   389 0.82 -
evm.utg3155.17                       -            641 356175at33208        -            270   0.00017   22.6   0.1   1   3   0.00031     0.044   14.7   0.0    79   155     5    84     1    94 0.87 -
evm.utg3155.17                       -            641 356175at33208        -            270   0.00017   22.6   0.1   2   3         3   4.3e+02    1.6   0.0    96   117   208   229   156   256 0.80 -
evm.utg3155.17                       -            641 356175at33208        -            270   0.00017   22.6   0.1   3   3       9.5   1.4e+03   -0.0   0.0   224   263   522   564   516   570 0.77 -
evm.utg9769.3                        -            553 356175at33208        -            270   0.00017   22.6   0.3   1   2    0.0073         1   10.2   0.0    77   126   312   361   298   365 0.81 -
evm.utg9769.3                        -            553 356175at33208        -            270   0.00017   22.6   0.3   2   2      0.02       2.8    8.8   0.1   189   214   368   393   352   403 0.83 -
utg243.equina_smart_789593.mrna1     -            178 356175at33208        -            270   0.00021   22.3   0.2   1   1   1.9e-06   0.00028   21.9   0.2   121   203    76   156    63   167 0.85 -
evm.utg389.100                       -            455 356175at33208        -            270   0.00023   22.2   2.2   1   2    0.0025      0.35   11.7   0.1    76   159   137   218   128   231 0.76 -
evm.utg389.100                       -            455 356175at33208        -            270   0.00023   22.2   2.2   2   2     0.006      0.86   10.5   0.4   104   170   204   271   202   292 0.54 -
evm.utg790.33                        -            336 356175at33208        -            270   0.00024   22.1   0.8   1   3       1.4     2e+02    2.7   0.0   187   240    97   151    90   153 0.78 -
evm.utg790.33                        -            336 356175at33208        -            270   0.00024   22.1   0.8   2   3      0.96   1.4e+02    3.2   0.0    87   120   139   173   121   184 0.72 -
evm.utg790.33                        -            336 356175at33208        -            270   0.00024   22.1   0.8   3   3    0.0026      0.37   11.7   0.1    60   166   209   319   205   334 0.75 -
evm.utg1205.155                      -            364 356175at33208        -            270   0.00025   22.1   0.3   1   3       0.7     1e+02    3.7   0.0    90   123    54    86    26    94 0.75 -
evm.utg1205.155                      -            364 356175at33208        -            270   0.00025   22.1   0.3   2   3   0.00082      0.12   13.3   0.1    93   151   161   218   139   221 0.79 -
evm.utg1205.155                      -            364 356175at33208        -            270   0.00025   22.1   0.3   3   3      0.99   1.4e+02    3.2   0.0   102   134   211   243   208   252 0.83 -
evm.utg5774.22                       -            458 356175at33208        -            270   0.00027   22.0   0.1   1   2   0.00018     0.026   15.5   0.0    78   155     4    84     1    95 0.87 -
evm.utg5774.22                       -            458 356175at33208        -            270   0.00027   22.0   0.1   2   2       1.9   2.7e+02    2.3   0.0    96   117   208   229   155   256 0.80 -
evm.utg1281.13                       -            378 356175at33208        -            270   0.00032   21.7   0.1   1   2   0.00017     0.024   15.6   0.1    88   157    49   121    27   124 0.85 -
evm.utg1281.13                       -            378 356175at33208        -            270   0.00032   21.7   0.1   2   2    0.0028       0.4   11.6   0.0    59   123   108   171   105   176 0.81 -
evm.utg5885.74                       -           1711 356175at33208        -            270   0.00034   21.6   1.8   1   4      0.32        45    4.8   0.0    70   160    81   174    74   189 0.86 -
evm.utg5885.74                       -           1711 356175at33208        -            270   0.00034   21.6   1.8   2   4       2.8     4e+02    1.7   0.1   164   164   444   444   331   508 0.61 -
evm.utg5885.74                       -           1711 356175at33208        -            270   0.00034   21.6   1.8   3   4       5.8   8.3e+02    0.7   0.0    96   118   503   525   491   538 0.76 -
evm.utg5885.74                       -           1711 356175at33208        -            270   0.00034   21.6   1.8   4   4     0.052       7.5    7.4   0.0    99   157   676   738   670   755 0.85 -
evm.utg378.33                        -            500 356175at33208        -            270   0.00036   21.5   0.0   1   2   3.5e-05    0.0051   17.8   0.0   175   261    82   169    60   176 0.81 -
evm.utg378.33                        -            500 356175at33208        -            270   0.00036   21.5   0.0   2   2       9.6   1.4e+03   -0.0   0.0    91   116   385   410   330   428 0.73 -
evm.utg1337.4.1.5c22ea39             -            981 356175at33208        -            270   0.00041   21.4   0.0   1   3    0.0036      0.51   11.2   0.0    88   160    85   155    78   163 0.86 -
evm.utg1337.4.1.5c22ea39             -            981 356175at33208        -            270   0.00041   21.4   0.0   2   3       1.4     2e+02    2.7   0.0   191   243   168   220   157   228 0.85 -
evm.utg1337.4.1.5c22ea39             -            981 356175at33208        -            270   0.00041   21.4   0.0   3   3       1.9   2.7e+02    2.3   0.0    87   214   291   319   264   357 0.57 -
evm.utg3283.26                       -           1014 356175at33208        -            270   0.00042   21.3   0.1   1   2      0.09        13    6.6   0.0   123   214   814   914   775   918 0.67 -
evm.utg3283.26                       -           1014 356175at33208        -            270   0.00042   21.3   0.1   2   2     0.047       6.7    7.5   0.0    99   155   946  1005   925  1011 0.80 -
evm.utg1056.107                      -            669 356175at33208        -            270   0.00052   21.0   4.4   1   5       1.4     2e+02    2.7   0.1   106   213   280   388   273   394 0.83 -
evm.utg1056.107                      -            669 356175at33208        -            270   0.00052   21.0   4.4   2   5     0.078        11    6.8   0.1    98   159   422   485   405   496 0.75 -
evm.utg1056.107                      -            669 356175at33208        -            270   0.00052   21.0   4.4   3   5    0.0042      0.61   11.0   0.1    60   160   470   570   466   587 0.71 -
evm.utg1056.107                      -            669 356175at33208        -            270   0.00052   21.0   4.4   4   5     0.059       8.4    7.2   0.0    71   138   524   589   509   607 0.61 -
evm.utg1056.107                      -            669 356175at33208        -            270   0.00052   21.0   4.4   5   5       9.5   1.4e+03   -0.0   0.0    80   116   630   666   613   668 0.79 -
evm.utg4972.25                       -           1127 356175at33208        -            270   0.00079   20.4   0.0   1   3    0.0049       0.7   10.8   0.0    88   160    59   129    52   138 0.87 -
evm.utg4972.25                       -           1127 356175at33208        -            270   0.00079   20.4   0.0   2   3       1.6   2.3e+02    2.5   0.0   191   243   142   194   131   202 0.85 -
evm.utg4972.25                       -           1127 356175at33208        -            270   0.00079   20.4   0.0   3   3       2.2   3.2e+02    2.1   0.0    88   214   266   293   239   330 0.58 -
evm.utg381.71                        -            409 356175at33208        -            270   0.00082   20.4   2.9   1   3       2.3   3.2e+02    2.0   0.1    67   150    33   122    28   130 0.79 -
evm.utg381.71                        -            409 356175at33208        -            270   0.00082   20.4   2.9   2   3     0.014         2    9.3   0.3    78   152    92   167    80   173 0.88 -
evm.utg381.71                        -            409 356175at33208        -            270   0.00082   20.4   2.9   3   3    0.0092       1.3    9.9   0.1    94   149   196   252   187   270 0.80 -
evm.utg15211.1                       -            289 356175at33208        -            270   0.00087   20.3   0.0   1   2      0.16        23    5.8   0.0    61   115    99   152    75   161 0.59 -
evm.utg15211.1                       -            289 356175at33208        -            270   0.00087   20.3   0.0   2   2   0.00091      0.13   13.2   0.0    70   130   151   210   144   214 0.73 -
evm.utg1056.107.1.5c22e85b           -            724 356175at33208        -            270    0.0009   20.2   2.7   1   3       1.7   2.5e+02    2.4   0.1   106   213   280   388   275   391 0.82 -
evm.utg1056.107.1.5c22e85b           -            724 356175at33208        -            270    0.0009   20.2   2.7   2   3     0.079        11    6.8   0.1    98   159   422   485   405   498 0.74 -
evm.utg1056.107.1.5c22e85b           -            724 356175at33208        -            270    0.0009   20.2   2.7   3   3     0.004      0.57   11.1   0.1    60   160   470   570   465   617 0.74 -
evm.utg1337.4                        -           1219 356175at33208        -            270     0.001   20.1   0.0   1   3    0.0046      0.66   10.8   0.0    88   160    85   155    78   163 0.86 -
evm.utg1337.4                        -           1219 356175at33208        -            270     0.001   20.1   0.0   2   3       1.8   2.5e+02    2.4   0.0   191   243   168   220   157   228 0.85 -
evm.utg1337.4                        -           1219 356175at33208        -            270     0.001   20.1   0.0   3   3       2.6   3.8e+02    1.8   0.0    88   214   292   319   265   356 0.58 -
evm.utg1005.78                       -            759 356175at33208        -            270     0.001   20.1   0.1   1   2      0.29        42    4.9   0.0    87   122   424   459   414   493 0.84 -
evm.utg1005.78                       -            759 356175at33208        -            270     0.001   20.1   0.1   2   2    0.0015      0.22   12.4   0.0    61   186   566   687   534   706 0.77 -
evm.utg736.40.1.5c22f3d4             -            386 356175at33208        -            270    0.0011   19.9   0.0   1   2   0.00069     0.098   13.6   0.0    59   152   153   253   146   259 0.77 -
evm.utg736.40.1.5c22f3d4             -            386 356175at33208        -            270    0.0011   19.9   0.0   2   2      0.79   1.1e+02    3.5   0.0    91   131   330   370   287   375 0.81 -
evm.utg21625.5                       -           1001 356175at33208        -            270    0.0011   19.9   0.0   1   1   1.4e-05    0.0021   19.1   0.0    94   153   931   990   909   995 0.93 -
evm.utg8380.14                       -            389 356175at33208        -            270    0.0014   19.6   3.6   1   2   0.00019     0.027   15.4   0.0   104   159   206   264   198   268 0.80 -
evm.utg8380.14                       -            389 356175at33208        -            270    0.0014   19.6   3.6   2   2      0.72     1e+02    3.7   0.4   222   261   270   308   267   314 0.84 -
evm.utg1910.44.1.5c22ec60            -            504 356175at33208        -            270    0.0015   19.5   0.2   1   3      0.92   1.3e+02    3.3   0.0    94   157   113   175    92   187 0.73 -
evm.utg1910.44.1.5c22ec60            -            504 356175at33208        -            270    0.0015   19.5   0.2   2   3    0.0037      0.53   11.2   0.0    85   125   268   308   242   317 0.75 -
evm.utg1910.44.1.5c22ec60            -            504 356175at33208        -            270    0.0015   19.5   0.2   3   3       8.6   1.2e+03    0.1   0.0   103   143   325   369   304   379 0.71 -
evm.utg2849.26                       -           1710 356175at33208        -            270    0.0015   19.5   4.3   1   2     0.026       3.7    8.4   0.0    92   157  1028  1093  1019  1100 0.90 -
evm.utg2849.26                       -           1710 356175at33208        -            270    0.0015   19.5   4.3   2   2     0.013       1.8    9.4   0.0    92   146  1566  1620  1556  1643 0.79 -
evm.utg27.27                         -           1017 356175at33208        -            270    0.0017   19.3   1.6   1   4       2.2   3.2e+02    2.1   0.1   135   165   202   232   154   249 0.74 -
evm.utg27.27                         -           1017 356175at33208        -            270    0.0017   19.3   1.6   2   4     0.012       1.7    9.5   0.0    98   166   249   320   236   327 0.80 -
evm.utg27.27                         -           1017 356175at33208        -            270    0.0017   19.3   1.6   3   4       4.6   6.6e+02    1.0   0.0   103   157   445   510   438   532 0.54 -
evm.utg27.27                         -           1017 356175at33208        -            270    0.0017   19.3   1.6   4   4       3.4   4.8e+02    1.5   0.0   127   168   580   622   572   627 0.80 -
evm.utg4709.34                       -            823 356175at33208        -            270    0.0018   19.3   0.2   1   1   7.7e-05     0.011   16.7   0.2    94   163    26    96     8   106 0.92 -
evm.utg1910.44                       -            528 356175at33208        -            270    0.0018   19.3   0.2   1   3       1.2   1.6e+02    3.0   0.0    94   157   113   175    98   185 0.72 -
evm.utg1910.44                       -            528 356175at33208        -            270    0.0018   19.3   0.2   2   3    0.0063       0.9   10.4   0.0    88   125   271   308   260   314 0.85 -
evm.utg1910.44                       -            528 356175at33208        -            270    0.0018   19.3   0.2   3   3       9.1   1.3e+03    0.0   0.0   103   143   325   369   304   379 0.71 -
evm.utg78.65                         -            750 356175at33208        -            270     0.002   19.1   0.1   1   2      0.29        42    4.9   0.0    87   122   415   450   405   484 0.84 -
evm.utg78.65                         -            750 356175at33208        -            270     0.002   19.1   0.1   2   2    0.0029      0.41   11.5   0.0    63   186   559   678   525   698 0.76 -
evm.utg116.299                       -            955 356175at33208        -            270    0.0021   19.1   5.9   1   2       0.5        72    4.2   0.3   115   157    87   131    67   137 0.67 -
evm.utg116.299                       -            955 356175at33208        -            270    0.0021   19.1   5.9   2   2   8.8e-05     0.013   16.5   0.5    93   159   150   219   135   227 0.84 -
evm.utg888.56                        -            459 356175at33208        -            270    0.0022   18.9   0.1   1   2       1.6   2.3e+02    2.5   0.0   194   225   342   373   321   383 0.82 -
evm.utg888.56                        -            459 356175at33208        -            270    0.0022   18.9   0.1   2   2    0.0017      0.24   12.3   0.0    86   119   386   419   359   427 0.82 -
evm.utg116.42                        -            197 356175at33208        -            270    0.0023   18.9   0.0   1   1     2e-05    0.0028   18.6   0.0    60   150    41   131    36   180 0.82 -
evm.utg1051.87                       -           2584 356175at33208        -            270    0.0023   18.9   0.2   1   3      0.02       2.8    8.8   0.0    98   157  2305  2367  2263  2378 0.71 -
evm.utg1051.87                       -           2584 356175at33208        -            270    0.0023   18.9   0.2   2   3     0.062       8.8    7.2   0.0    63   147  2314  2402  2311  2418 0.52 -
evm.utg1051.87                       -           2584 356175at33208        -            270    0.0023   18.9   0.2   3   3       0.6        86    3.9   0.0    78   117  2480  2520  2463  2535 0.71 -
evm.utg579.33                        -           1399 356175at33208        -            270    0.0023   18.9   0.0   1   3     0.018       2.6    8.9   0.0    88   126  1029  1067  1013  1104 0.84 -
evm.utg579.33                        -           1399 356175at33208        -            270    0.0023   18.9   0.0   2   3       3.9   5.6e+02    1.2   0.0   101   124  1289  1314  1274  1335 0.70 -
evm.utg579.33                        -           1399 356175at33208        -            270    0.0023   18.9   0.0   3   3      0.58        83    4.0   0.0    93   116  1375  1398  1366  1398 0.76 -
evm.utg729.25.1.5c279763             -            740 356175at33208        -            270    0.0025   18.8   0.0   1   2      0.22        31    5.3   0.0    89   120   534   565   520   589 0.65 -
evm.utg729.25.1.5c279763             -            740 356175at33208        -            270    0.0025   18.8   0.0   2   2    0.0017      0.24   12.3   0.0    60   157   549   667   547   672 0.63 -
evm.utg498.151.2.5c22f1a3.1.5c2795b7 -            334 356175at33208        -            270     0.003   18.5   0.5   1   3     0.016       2.3    9.1   0.0    86   157    22    97    19   107 0.79 -
evm.utg498.151.2.5c22f1a3.1.5c2795b7 -            334 356175at33208        -            270     0.003   18.5   0.5   2   3     0.017       2.4    9.0   0.1    52   119    77   144    73   150 0.81 -
evm.utg498.151.2.5c22f1a3.1.5c2795b7 -            334 356175at33208        -            270     0.003   18.5   0.5   3   3       2.1   3.1e+02    2.1   0.0    98   148   271   323   256   330 0.83 -
evm.utg1285.72.1.5c22e9f6            -           1103 356175at33208        -            270     0.003   18.5   0.0   1   3       2.9   4.1e+02    1.7   0.0    81   127   876   922   858   929 0.74 -
evm.utg1285.72.1.5c22e9f6            -           1103 356175at33208        -            270     0.003   18.5   0.0   2   3     0.027       3.9    8.3   0.0    92   142   947  1002   937  1024 0.78 -
evm.utg1285.72.1.5c22e9f6            -           1103 356175at33208        -            270     0.003   18.5   0.0   3   3      0.42        60    4.4   0.0    96   143  1043  1090  1027  1100 0.84 -
evm.utg364.29                        -            339 356175at33208        -            270    0.0034   18.3   0.0   1   3       5.8   8.4e+02    0.7   0.0   192   215    22    45    13    64 0.81 -
evm.utg364.29                        -            339 356175at33208        -            270    0.0034   18.3   0.0   2   3     0.024       3.4    8.5   0.0    94   156   127   190   121   205 0.84 -
evm.utg364.29                        -            339 356175at33208        -            270    0.0034   18.3   0.0   3   3      0.34        48    4.7   0.0    10   113   220   323   208   331 0.86 -
evm.utg1910.44.1.5c22ec60.1.5c279151 -            366 356175at33208        -            270    0.0036   18.3   0.1   1   3    0.0017      0.24   12.3   0.0    82   125   127   170    72   179 0.73 -
evm.utg1910.44.1.5c22ec60.1.5c279151 -            366 356175at33208        -            270    0.0036   18.3   0.1   2   3    0.0026      0.37   11.7   0.0    87   126   132   171   117   201 0.85 -
evm.utg1910.44.1.5c22ec60.1.5c279151 -            366 356175at33208        -            270    0.0036   18.3   0.1   3   3       6.5   9.3e+02    0.5   0.0   103   143   187   231   176   241 0.69 -
evm.utg126.151                       -            820 356175at33208        -            270    0.0044   18.0   0.0   1   1   0.00016     0.023   15.6   0.0   164   263    24   123    18   127 0.86 -
evm.utg14876.7                       -            507 356175at33208        -            270    0.0049   17.8   0.3   1   2      0.13        18    6.1   0.0   173   229    83   139    75   164 0.89 -
evm.utg14876.7                       -            507 356175at33208        -            270    0.0049   17.8   0.3   2   2     0.021       3.1    8.7   0.2   167   216   299   348   189   373 0.85 -
evm.utg415.95                        -            377 356175at33208        -            270    0.0049   17.8   1.0   1   3     0.002      0.28   12.1   0.1    94   157    17    83     5    90 0.84 -
evm.utg415.95                        -            377 356175at33208        -            270    0.0049   17.8   1.0   2   3       7.7   1.1e+03    0.3   0.0   107   151   205   248   153   268 0.73 -
evm.utg415.95                        -            377 356175at33208        -            270    0.0049   17.8   1.0   3   3       2.3   3.3e+02    2.0   0.0   100   122   346   368   318   372 0.81 -
evm.utg3260.8.1.5c22ef11.1.5c279395  -            447 356175at33208        -            270     0.007   17.3   0.1   1   3       1.7   2.5e+02    2.4   0.0    94   125     8    39     1    49 0.78 -
evm.utg3260.8.1.5c22ef11.1.5c279395  -            447 356175at33208        -            270     0.007   17.3   0.1   2   3     0.021         3    8.7   0.1    83   161    66   145    42   157 0.73 -
evm.utg3260.8.1.5c22ef11.1.5c279395  -            447 356175at33208        -            270     0.007   17.3   0.1   3   3       1.8   2.6e+02    2.3   0.0    90   138   157   203   141   211 0.74 -
evm.utg3260.8.1.5c22ef11             -            477 356175at33208        -            270    0.0088   17.0   0.1   1   3       1.9   2.7e+02    2.3   0.0    94   125     8    39     1    49 0.78 -
evm.utg3260.8.1.5c22ef11             -            477 356175at33208        -            270    0.0088   17.0   0.1   2   3     0.023       3.3    8.6   0.2    83   161    66   145    44   160 0.73 -
evm.utg3260.8.1.5c22ef11             -            477 356175at33208        -            270    0.0088   17.0   0.1   3   3       1.2   1.7e+02    2.9   0.0    87   138   154   203   137   211 0.60 -
evm.utg2428.11                       -           2055 356175at33208        -            270     0.009   17.0   0.1   1   2         2   2.9e+02    2.2   0.0   121   190  1754  1828  1746  1833 0.73 -
evm.utg2428.11                       -           2055 356175at33208        -            270     0.009   17.0   0.1   2   2    0.0021       0.3   12.0   0.0    58   165  1868  1977  1856  1995 0.84 -
evm.utg109.121                       -            491 356175at33208        -            270    0.0091   16.9   0.1   1   2      0.16        23    5.8   0.0    99   126   358   385   347   408 0.83 -
evm.utg109.121                       -            491 356175at33208        -            270    0.0091   16.9   0.1   2   2      0.16        23    5.8   0.0    82   118   430   467   403   480 0.62 -
evm.utg1009.18                       -            160 356175at33208        -            270    0.0094   16.9   0.0   1   1   9.5e-05     0.014   16.4   0.0    67   157    67   158    47   159 0.79 -
evm.utg3839.110                      -            824 356175at33208        -            270      0.01   16.7   0.0   1   2         3   4.3e+02    1.6   0.0   201   257   506   574   492   581 0.73 -
evm.utg3839.110                      -            824 356175at33208        -            270      0.01   16.7   0.0   2   2    0.0016      0.23   12.3   0.0    99   159   675   736   631   751 0.88 -
evm.utg479.28                        -           1273 356175at33208        -            270     0.012   16.5   1.5   1   1   0.00021      0.03   15.2   0.2    48   158  1123  1233  1118  1252 0.82 -
evm.utg3092.42                       -            256 356175at33208        -            270     0.013   16.5   0.1   1   1   0.00017     0.024   15.6   0.1    91   157   114   181    72   192 0.83 -
evm.utg170.25.1.5c2790cd             -            808 356175at33208        -            270     0.014   16.4   0.1   1   2      0.13        19    6.1   0.0    94   141    33    80    12    90 0.83 -
evm.utg170.25.1.5c2790cd             -            808 356175at33208        -            270     0.014   16.4   0.1   2   2      0.11        15    6.4   0.0    31   140    93   198    88   206 0.72 -
evm.utg3283.17                       -            668 356175at33208        -            270     0.016   16.1   0.1   1   3       3.8   5.4e+02    1.3   0.0    94   125     8    39     2    48 0.73 -
evm.utg3283.17                       -            668 356175at33208        -            270     0.016   16.1   0.1   2   3     0.018       2.6    8.9   0.1    81   161    64   145    45   157 0.77 -
evm.utg3283.17                       -            668 356175at33208        -            270     0.016   16.1   0.1   3   3       3.1   4.4e+02    1.6   0.0    90   138   157   203   141   211 0.74 -
evm.utg1931.9                        -           2862 356175at33208        -            270     0.017   16.1   0.0   1   2      0.15        21    5.9   0.0    91   123  1388  1420  1376  1473 0.74 -
evm.utg1931.9                        -           2862 356175at33208        -            270     0.017   16.1   0.0   2   2      0.27        38    5.1   0.0   196   256  1546  1604  1500  1611 0.71 -
evm.utg377.23                        -            826 356175at33208        -            270     0.018   16.0   0.0   1   2       5.2   7.5e+02    0.8   0.0   201   257   508   576   494   583 0.73 -
evm.utg377.23                        -            826 356175at33208        -            270     0.018   16.0   0.0   2   2    0.0016      0.24   12.3   0.0    99   159   677   738   633   753 0.88 -
evm.utg2303.49                       -            513 356175at33208        -            270     0.021   15.7   0.0   1   3     0.041       5.9    7.7   0.0    88   129   155   194   147   212 0.79 -
evm.utg2303.49                       -            513 356175at33208        -            270     0.021   15.7   0.0   2   3       2.5   3.6e+02    1.9   0.0    93   150   316   374   277   386 0.72 -
evm.utg2303.49                       -            513 356175at33208        -            270     0.021   15.7   0.0   3   3       2.7   3.9e+02    1.8   0.0    96   116   408   428   398   473 0.75 -
evm.utg5290.21                       -            530 356175at33208        -            270     0.023   15.6   0.0   1   3     0.032       4.5    8.1   0.0    88   130   173   213   165   230 0.79 -
evm.utg5290.21                       -            530 356175at33208        -            270     0.023   15.6   0.0   2   3       2.6   3.7e+02    1.8   0.0    93   150   334   392   295   404 0.71 -
evm.utg5290.21                       -            530 356175at33208        -            270     0.023   15.6   0.0   3   3       3.7   5.3e+02    1.3   0.0    96   116   426   446   416   491 0.74 -
evm.utg1972.74                       -            485 356175at33208        -            270     0.024   15.6   0.4   1   2       3.1   4.4e+02    1.6   0.0   125   157    75   109    53   113 0.76 -
evm.utg1972.74                       -            485 356175at33208        -            270     0.024   15.6   0.4   2   2    0.0032      0.46   11.4   0.1    93   152   135   195   121   200 0.87 -
evm.utg8992.3                        -            176 356175at33208        -            270     0.024   15.5   0.0   1   2     0.006      0.86   10.5   0.0    60   158     6   108     1   113 0.68 -
evm.utg8992.3                        -            176 356175at33208        -            270     0.024   15.5   0.0   2   2     0.011       1.5    9.6   0.0    93   149    82   140    67   146 0.83 -
evm.utg194.33                        -            633 356175at33208        -            270     0.031   15.2   0.4   1   1   0.00082      0.12   13.3   0.3   101   160   477   535   462   546 0.86 -
evm.utg3260.8                        -            668 356175at33208        -            270     0.031   15.2   0.1   1   3       3.3   4.8e+02    1.5   0.0    94   125     8    39     2    48 0.78 -
evm.utg3260.8                        -            668 356175at33208        -            270     0.031   15.2   0.1   2   3     0.051       7.3    7.4   0.1    84   160    67   144    43   149 0.72 -
evm.utg3260.8                        -            668 356175at33208        -            270     0.031   15.2   0.1   3   3       2.5   3.5e+02    1.9   0.0    90   138   157   203   140   210 0.63 -
evm.utg801.96.1.5c22f45f             -            327 356175at33208        -            270     0.032   15.2   1.8   1   2      0.92   1.3e+02    3.3   0.0   196   218   103   125    67   132 0.90 -
evm.utg801.96.1.5c22f45f             -            327 356175at33208        -            270     0.032   15.2   1.8   2   2    0.0098       1.4    9.8   1.1    56   157   193   304   187   319 0.65 -
evm.utg2099.34                       -            412 356175at33208        -            270     0.041   14.8   0.8   1   1   0.00041     0.059   14.3   0.1   123   180   308   367   277   383 0.76 -
evm.utg6949.7                        -            440 356175at33208        -            270     0.041   14.8   0.0   1   2    0.0041      0.58   11.0   0.0   173   245   125   199   115   204 0.83 -
evm.utg6949.7                        -            440 356175at33208        -            270     0.041   14.8   0.0   2   2       1.4     2e+02    2.7   0.0    94   142   189   241   186   254 0.73 -
evm.utg1272.70                       -            437 356175at33208        -            270     0.042   14.8   0.0   1   1    0.0005     0.071   14.0   0.0    86   157   105   177    76   184 0.79 -
evm.utg170.25                        -           1138 356175at33208        -            270     0.042   14.8   0.1   1   2       0.2        28    5.5   0.0    94   141    33    80    12    91 0.83 -
evm.utg170.25                        -           1138 356175at33208        -            270     0.042   14.8   0.1   2   2      0.17        24    5.7   0.0    32   140    94   198    88   207 0.72 -
evm.utg116.79                        -            654 356175at33208        -            270     0.049   14.6   0.1   1   1    0.0011      0.15   12.9   0.1    90   161   170   239   134   267 0.72 -
evm.utg2100.48                       -            413 356175at33208        -            270     0.051   14.5   0.0   1   2      0.16        23    5.8   0.0    99   123   322   346   312   358 0.78 -
evm.utg2100.48                       -            413 356175at33208        -            270     0.051   14.5   0.0   2   2    0.0043      0.61   11.0   0.0    60   118   327   389   323   401 0.75 -
evm.utg47.29                         -            440 356175at33208        -            270     0.051   14.5   0.0   1   2    0.0041      0.58   11.0   0.0   173   245   125   199   115   204 0.83 -
evm.utg47.29                         -            440 356175at33208        -            270     0.051   14.5   0.0   2   2       1.4     2e+02    2.7   0.0    94   142   189   241   186   254 0.73 -
evm.utg190.40.2.5c22ec4c             -            494 356175at33208        -            270     0.055   14.4   0.0   1   1    0.0027      0.39   11.6   0.0    93   153   140   201   130   218 0.89 -
evm.utg190.40                        -            509 356175at33208        -            270     0.061   14.2   0.0   1   1    0.0028       0.4   11.5   0.0    93   153   140   201   130   218 0.89 -
evm.utg190.40.1.5c22ec4c             -            509 356175at33208        -            270     0.061   14.2   0.0   1   1    0.0028       0.4   11.5   0.0    93   153   140   201   130   218 0.89 -
evm.utg16036.47                      -            570 356175at33208        -            270     0.063   14.2   0.0   1   1     0.001      0.15   13.0   0.0   123   173   189   239   156   251 0.86 -
evm.utg2757.32                       -            625 356175at33208        -            270     0.085   13.8   0.1   1   3     0.024       3.4    8.5   0.0    98   166   349   418   345   424 0.87 -
evm.utg2757.32                       -            625 356175at33208        -            270     0.085   13.8   0.1   2   3       9.1   1.3e+03    0.0   0.0   135   158   436   459   421   468 0.73 -
evm.utg2757.32                       -            625 356175at33208        -            270     0.085   13.8   0.1   3   3       7.2     1e+03    0.4   0.0   125   174   526   573   475   587 0.61 -
evm.utg4157.44                       -            483 356175at33208        -            270     0.094   13.6   0.0   1   2       3.3   4.7e+02    1.5   0.0   109   141    18    50     6    59 0.74 -
evm.utg4157.44                       -            483 356175at33208        -            270     0.094   13.6   0.0   2   2     0.025       3.6    8.4   0.0    31   140    63   168    59   178 0.78 -
evm.utg2129.6                        -           3094 356175at33208        -            270       0.1   13.5   0.4   1   2     0.025       3.6    8.4   0.0    98   157  2864  2926  2823  2953 0.76 -
evm.utg2129.6                        -           3094 356175at33208        -            270       0.1   13.5   0.4   2   2     0.059       8.4    7.2   0.0    63   143  2873  2957  2869  2977 0.49 -
evm.utg2129.6.1.5c22ecff             -           3116 356175at33208        -            270      0.11   13.4   0.4   1   2     0.025       3.6    8.4   0.0    98   157  2886  2948  2845  2975 0.76 -
evm.utg2129.6.1.5c22ecff             -           3116 356175at33208        -            270      0.11   13.4   0.4   2   2     0.059       8.5    7.2   0.0    63   143  2895  2979  2891  2999 0.49 -
evm.utg47.18                         -            322 356175at33208        -            270      0.12   13.3   0.0   1   2     0.015       2.2    9.1   0.0    73   154   105   187    90   195 0.77 -
evm.utg47.18                         -            322 356175at33208        -            270      0.12   13.3   0.0   2   2       6.7   9.6e+02    0.5   0.0    92   123   212   243   189   250 0.79 -
evm.utg1056.107.2.5c22e85b           -            538 356175at33208        -            270      0.12   13.2   0.8   1   3      0.88   1.3e+02    3.4   0.1   106   214   280   389   269   402 0.84 -
evm.utg1056.107.2.5c22e85b           -            538 356175at33208        -            270      0.12   13.2   0.8   2   3     0.049         7    7.5   0.1    98   160   422   486   400   498 0.75 -
evm.utg1056.107.2.5c22e85b           -            538 356175at33208        -            270      0.12   13.2   0.8   3   3     0.084        12    6.7   0.0    83   126   451   493   424   524 0.51 -
evm.utg693.16                        -            604 356175at33208        -            270      0.13   13.2   0.0   1   1    0.0052      0.74   10.7   0.0   182   213   444   475   419   482 0.92 -
evm.utg4187.2                        -            172 356175at33208        -            270      0.15   13.0   0.0   1   2       2.1   3.1e+02    2.1   0.0   189   221    47    79    39   109 0.55 -
evm.utg4187.2                        -            172 356175at33208        -            270      0.15   13.0   0.0   2   2     0.006      0.85   10.5   0.0    92   120    97   125    71   135 0.76 -
evm.utg4610.15                       -           1557 356175at33208        -            270      0.16   12.9   0.0   1   1      0.01       1.5    9.7   0.0    92   157  1029  1094  1020  1116 0.91 -
evm.utg6459.30                       -           1326 356175at33208        -            270      0.23   12.3   0.0   1   2       6.9   9.9e+02    0.4   0.0    60   157   118   219   107   226 0.69 -
evm.utg6459.30                       -           1326 356175at33208        -            270      0.23   12.3   0.0   2   2     0.019       2.8    8.8   0.0    96   127   324   355   274   363 0.87 -
evm.utg4326.33                       -            331 356175at33208        -            270       0.3   12.0   0.7   1   2     0.084        12    6.7   0.1   150   174   108   132    97   135 0.88 -
evm.utg4326.33                       -            331 356175at33208        -            270       0.3   12.0   0.7   2   2      0.89   1.3e+02    3.4   0.0   149   175   286   312   278   328 0.88 -
evm.utg243.83                        -           1081 356175at33208        -            270      0.32   11.9   0.0   1   2       6.8   9.7e+02    0.5   0.0    93   198   841   952   811   971 0.64 -
evm.utg243.83                        -           1081 356175at33208        -            270      0.32   11.9   0.0   2   2     0.027       3.9    8.3   0.0    85   142  1022  1079   997  1080 0.83 -
evm.utg693.44                        -           2829 356175at33208        -            270      0.34   11.8   0.0   1   1    0.0081       1.2   10.1   0.0    85   146  2746  2807  2721  2815 0.88 -
evm.utg356.4                         -            604 356175at33208        -            270      0.37   11.7   0.0   1   1     0.015       2.2    9.1   0.0   182   213   444   475   419   481 0.92 -
evm.utg39192.1                       -            333 356175at33208        -            270      0.38   11.6   0.1   1   2     0.052       7.4    7.4   0.0   121   153   270   302   264   307 0.87 -
evm.utg39192.1                       -            333 356175at33208        -            270      0.38   11.6   0.1   2   2    0.0074       1.1   10.2   0.1    96   140   287   331   274   332 0.91 -
evm.utg415.35                        -            500 356175at33208        -            270      0.39   11.6   0.0   1   1     0.015       2.1    9.2   0.0    94   123   393   422   366   427 0.85 -
evm.utg616.57                        -             70 356175at33208        -            270      0.43   11.5   0.0   1   1    0.0033      0.48   11.3   0.0     8    46    13    51    10    62 0.85 -
#
# Program:         hmmsearch
# Version:         3.1b2 (February 2015)
# Pipeline mode:   SEARCH
# Query file:      /uoa/scratch/users/r02hw22/project_dark_genes/busco_downloads/lineages/metazoa_odb10/hmms/356175at33208.hmm
# Target file:     /uoa/scratch/users/r02hw22/project_dark_genes/00_raw/equina_smart.rnam-trna.merged.ggf.curated.remredun.aa.fa
# Option settings: hmmsearch --domtblout /uoa/scratch/users/r02hw22/project_dark_genes/equina_busco_proteins/run_metazoa_odb10/hmmer_output/initial_run_results/356175at33208.out --cpu 1 /uoa/scratch/users/r02hw22/project_dark_genes/busco_downloads/lineages/metazoa_odb10/hmms/356175at33208.hmm /uoa/scratch/users/r02hw22/project_dark_genes/00_raw/equina_smart.rnam-trna.merged.ggf.curated.remredun.aa.fa 
# Current dir:     /uoa/scratch/users/r02hw22/project_dark_genes
# Date:            Sat Apr 25 14:40:58 2026
# [ok]
