#                                                                                               --- full sequence --- -------------- this domain -------------   hmm coord   ali coord   env coord
# target name                           accession   tlen query name           accession   qlen   E-value  score  bias   #  of  c-Evalue  i-Evalue  score  bias  from    to  from    to  from    to  acc description of target
#                   ------------------- ---------- ----- -------------------- ---------- ----- --------- ------ ----- --- --- --------- --------- ------ ----- ----- ----- ----- ----- ----- ----- ---- ---------------------
evm.utg413.8                            -            296 366936at33208        -            236  7.2e-132  439.6   0.0   1   1    2e-133  1.3e-131  438.8   0.0     1   220     2   231     2   242 0.96 -
evm.utg18294.5                          -            302 366936at33208        -            236   2.3e-90  303.7   0.0   1   1   5.5e-92   3.5e-90  303.1   0.0     2   213     7   228     6   248 0.93 -
evm.utg401.1                            -            511 366936at33208        -            236   3.5e-90  303.1   0.0   1   1   8.1e-92   5.2e-90  302.6   0.0     2   215   142   363   141   371 0.95 -
evm.utg1056.27                          -            302 366936at33208        -            236   3.5e-90  303.1   0.0   1   1   7.7e-92   4.9e-90  302.7   0.0     2   213     7   228     6   248 0.94 -
evm.utg178.16.1.5c22ebf8                -            276 366936at33208        -            236   4.1e-85  286.5   0.0   1   1   8.3e-87   5.3e-85  286.2   0.0     2   220     6   234     5   239 0.95 -
evm.utg178.16                           -            308 366936at33208        -            236   5.7e-85  286.1   0.0   1   1   1.2e-86   7.7e-85  285.7   0.0     2   220     6   234     5   239 0.95 -
evm.utg762.36.1.5c22f3f6                -            335 366936at33208        -            236   2.2e-78  264.5   0.0   1   1   4.6e-80   2.9e-78  264.1   0.0     2   219    20   246    19   259 0.92 -
evm.utg762.36                           -            470 366936at33208        -            236   5.4e-78  263.2   0.0   1   1   1.2e-79   7.7e-78  262.7   0.0     2   219   155   381   154   393 0.92 -
evm.utg3797.6                           -            470 366936at33208        -            236   5.4e-78  263.2   0.0   1   1   1.2e-79   7.7e-78  262.7   0.0     2   219   155   381   154   393 0.92 -
evm.utg1290.45                          -            392 366936at33208        -            236   1.8e-65  222.3   0.0   1   1   3.8e-67   2.5e-65  221.8   0.0     2   214    36   259    35   270 0.91 -
evm.utg2129.114                         -            353 366936at33208        -            236   9.2e-63  213.4   0.0   1   1   2.1e-64   1.3e-62  212.9   0.0     9   217    25   245    17   255 0.90 -
evm.utg1056.27.1.5c22e838               -            245 366936at33208        -            236     5e-62  211.0   0.0   1   1   1.2e-63   7.7e-62  210.4   0.0    62   213    10   171     7   191 0.92 -
evm.utg1056.27.1.5c22e838.1.5c278ecb    -            231 366936at33208        -            236   2.2e-61  208.9   0.2   1   1     5e-63   3.2e-61  208.4   0.2    62   219    10   175     7   191 0.90 -
evm.utg293.61                           -            974 366936at33208        -            236   5.7e-61  207.5   0.0   1   1   1.4e-62   9.1e-61  206.9   0.0     5   214   250   470   246   479 0.91 -
evm.utg55.63.1.5c22f226                 -            280 366936at33208        -            236   9.1e-59  200.3   0.0   1   1   1.8e-60   1.2e-58  200.0   0.0     1   215     3   233     3   244 0.88 -
evm.utg55.63                            -            312 366936at33208        -            236   1.3e-58  199.8   0.0   1   1   2.7e-60   1.7e-58  199.4   0.0     1   215     3   233     3   244 0.88 -
evm.utg7127.18                          -            355 366936at33208        -            236   4.1e-58  198.2   0.0   1   1   9.1e-60   5.8e-58  197.7   0.0     3   214    10   232     8   240 0.90 -
evm.utg616.87                           -            373 366936at33208        -            236   8.3e-58  197.2   0.0   1   1   1.7e-59   1.1e-57  196.8   0.0     2   207    17   241    16   263 0.85 -
evm.utg62950.2                          -            676 366936at33208        -            236   8.9e-58  197.1   0.0   1   1   4.4e-59   2.8e-57  195.5   0.0     3   214    10   232     8   240 0.90 -
evm.utg3174.45                          -            775 366936at33208        -            236   1.5e-57  196.4   0.0   1   1   3.4e-59   2.2e-57  195.8   0.0     4   212   223   451   220   461 0.85 -
evm.utg420.120                          -            676 366936at33208        -            236   1.4e-56  193.1   0.1   1   1   3.1e-58     2e-56  192.7   0.1     1   207     2   216     2   232 0.92 -
evm.utg762.36.2.5c22f3f6                -            339 366936at33208        -            236   1.3e-55  190.0   0.0   1   1   2.9e-57   1.9e-55  189.5   0.0     2   158   155   318   154   324 0.93 -
evm.utg1721.58                          -           8955 366936at33208        -            236   5.5e-53  181.4   4.0   1   3     4e-18   2.6e-16   61.4   0.1     1   219  7574  7795  7574  7813 0.75 -
evm.utg1721.58                          -           8955 366936at33208        -            236   5.5e-53  181.4   4.0   2   3   1.3e-17   8.2e-16   59.7   0.1     7   200  8079  8278  8072  8290 0.82 -
evm.utg1721.58                          -           8955 366936at33208        -            236   5.5e-53  181.4   4.0   3   3   1.3e-17   8.4e-16   59.7   0.2     3   211  8634  8844  8632  8866 0.82 -
evm.utg761.26                           -            876 366936at33208        -            236   6.1e-52  178.0   0.0   1   1   1.6e-53     1e-51  177.2   0.0     2   206     3   214     2   231 0.90 -
evm.utg1031.64.1.5c22e7ea               -            415 366936at33208        -            236   5.2e-50  171.7   0.0   1   1   1.2e-51   7.4e-50  171.2   0.0     2   216     3   224     2   234 0.87 -
evm.utg1800.9                           -            552 366936at33208        -            236   5.4e-50  171.6   0.2   1   1   1.4e-51   8.7e-50  170.9   0.2     1   229    11   255    11   259 0.87 -
evm.utg77.116                           -            552 366936at33208        -            236   5.6e-50  171.6   0.2   1   1   1.4e-51   8.7e-50  170.9   0.2     1   229    11   255    11   259 0.87 -
evm.utg1031.64                          -            526 366936at33208        -            236   9.8e-50  170.8   0.0   1   1   2.1e-51   1.3e-49  170.3   0.0     2   216     3   224     2   234 0.87 -
evm.utg7289.71                          -            364 366936at33208        -            236   5.9e-47  161.7   0.0   1   1   1.2e-48   7.9e-47  161.3   0.0     2   229    25   266    24   271 0.86 -
evm.utg4271.61                          -            422 366936at33208        -            236   9.6e-47  161.0   0.0   1   1   1.4e-47   8.8e-46  157.8   0.0     8   220    26   273    22   286 0.81 -
evm.utg55.81                            -            353 366936at33208        -            236   9.4e-45  154.5   0.4   1   1   2.2e-46   1.4e-44  153.9   0.4     1   167     2   175     2   185 0.92 -
evm.utg1972.93                          -           1265 366936at33208        -            236     2e-44  153.4   0.0   1   1     5e-46   3.2e-44  152.7   0.0     2   213    22   251    21   268 0.85 -
evm.utg788.33.34                        -            374 366936at33208        -            236   1.3e-39  137.6   0.0   1   1   2.8e-41   1.8e-39  137.2   0.0     2   230    23   269    22   275 0.82 -
evm.utg1398.16                          -            359 366936at33208        -            236   2.8e-38  133.3   0.0   1   1   7.1e-40   4.5e-38  132.6   0.0     9   216    47   268    42   286 0.86 -
evm.utg709.13.2.5c22f370                -            433 366936at33208        -            236   4.1e-38  132.7   0.1   1   1   1.2e-39   7.5e-38  131.9   0.1     2   222    55   285    54   292 0.88 -
evm.utg12986.32                         -            419 366936at33208        -            236   4.6e-38  132.6   0.0   1   1   1.1e-39   7.3e-38  131.9   0.0     9   216    36   257    31   275 0.86 -
evm.utg12986.32.1.5c22ea1c              -            420 366936at33208        -            236   4.6e-38  132.6   0.0   1   1   1.1e-39   7.3e-38  131.9   0.0     9   216    36   257    31   275 0.86 -
evm.utg709.13                           -            454 366936at33208        -            236   4.7e-38  132.5   0.1   1   1   1.3e-39   8.5e-38  131.7   0.1     2   222    55   285    54   292 0.88 -
evm.utg709.13.1.5c22f370                -            466 366936at33208        -            236     5e-38  132.4   0.1   1   1   1.4e-39   9.1e-38  131.6   0.1     2   222    55   285    54   292 0.88 -
evm.utg44408.6                          -            417 366936at33208        -            236   2.5e-37  130.1   0.1   1   1   7.3e-39   4.6e-37  129.3   0.1     3   223    55   287    53   296 0.82 -
evm.utg7149.16                          -            417 366936at33208        -            236   2.5e-37  130.1   0.1   1   1   7.3e-39   4.6e-37  129.3   0.1     3   223    55   287    53   296 0.82 -
evm.utg479.33                           -            502 366936at33208        -            236     3e-36  126.6   0.1   1   1   1.2e-37   7.5e-36  125.3   0.1     5   212    20   248    17   267 0.80 -
evm.utg761.26.1.5c22f3f3                -            820 366936at33208        -            236   1.3e-35  124.5   0.0   1   1   3.6e-37   2.3e-35  123.7   0.0    57   206     2   158     1   175 0.88 -
evm.utg7008.20.2.5c22f36b               -            315 366936at33208        -            236   5.6e-33  115.9   0.3   1   1   1.1e-34   7.2e-33  115.6   0.3     2   216    37   256    36   277 0.86 -
evm.utg7008.20                          -            375 366936at33208        -            236   9.4e-33  115.2   0.3   1   1   1.9e-34   1.2e-32  114.8   0.3     2   216    37   256    36   277 0.86 -
evm.utg729.18                           -            422 366936at33208        -            236   9.6e-33  115.2   0.1   1   1   2.1e-34   1.4e-32  114.7   0.1     1   212     2   222     2   235 0.85 -
evm.utg7008.20.1.5c22f36b               -            375 366936at33208        -            236   9.8e-33  115.1   0.3   1   1   2.1e-34   1.3e-32  114.7   0.3     2   216    37   256    36   276 0.86 -
evm.utg791.63                           -           2561 366936at33208        -            236   9.9e-33  115.1   0.1   1   2   4.1e-16   2.7e-14   54.8   0.0     8   185  1886  2072  1879  2102 0.75 -
evm.utg791.63                           -           2561 366936at33208        -            236   9.9e-33  115.1   0.1   2   2   2.5e-16   1.6e-14   55.5   0.0     9   196  2192  2386  2187  2389 0.82 -
evm.utg791.63.1.5c22f446                -           2561 366936at33208        -            236   9.9e-33  115.1   0.1   1   2   4.1e-16   2.7e-14   54.8   0.0     8   185  1886  2072  1879  2102 0.75 -
evm.utg791.63.1.5c22f446                -           2561 366936at33208        -            236   9.9e-33  115.1   0.1   2   2   2.5e-16   1.6e-14   55.5   0.0     9   196  2192  2386  2187  2389 0.82 -
evm.utg791.63.2.5c22f446                -           2561 366936at33208        -            236   9.9e-33  115.1   0.1   1   2   4.1e-16   2.7e-14   54.8   0.0     8   185  1886  2072  1879  2102 0.75 -
evm.utg791.63.2.5c22f446                -           2561 366936at33208        -            236   9.9e-33  115.1   0.1   2   2   2.5e-16   1.6e-14   55.5   0.0     9   196  2192  2386  2187  2389 0.82 -
evm.utg372.26.2.5c22efc9                -            404 366936at33208        -            236   1.1e-32  114.9   0.3   1   1   2.3e-34   1.5e-32  114.5   0.3     2   216    66   285    65   306 0.86 -
evm.utg372.26.3.5c22efc9                -            409 366936at33208        -            236   1.2e-32  114.9   0.3   1   1   2.4e-34   1.6e-32  114.5   0.3     2   216   120   339   119   360 0.86 -
evm.utg372.26                           -            458 366936at33208        -            236   1.6e-32  114.5   0.3   1   1   3.3e-34   2.1e-32  114.0   0.3     2   216   120   339   119   360 0.86 -
evm.utg372.26.1.5c22efc9                -            458 366936at33208        -            236   1.6e-32  114.4   0.3   1   1   3.5e-34   2.2e-32  113.9   0.3     2   216   120   339   119   359 0.86 -
evm.utg1395.8                           -           2208 366936at33208        -            236   7.1e-32  112.3   0.0   1   2   1.4e-20     9e-19   69.4   0.0     2   206   332   544   331   567 0.81 -
evm.utg1395.8                           -           2208 366936at33208        -            236   7.1e-32  112.3   0.0   2   2     2e-11   1.3e-09   39.5   0.0    48   181   997  1137   955  1162 0.74 -
evm.utg116.198                          -            756 366936at33208        -            236     7e-30  105.8   0.0   1   2   1.5e-14   9.7e-13   49.7   0.0     2   230    33   282    32   286 0.74 -
evm.utg116.198                          -            756 366936at33208        -            236     7e-30  105.8   0.0   2   2   8.6e-16   5.5e-14   53.8   0.0    49   189   440   595   433   604 0.79 -
evm.utg77.116.1.5c22f407                -            435 366936at33208        -            236   4.3e-29  103.2   0.0   1   1   1.1e-30     7e-29  102.5   0.0    98   229     1   138     1   142 0.88 -
evm.utg12655.7.1.5c22e9a5.1.5c278f83    -            434 366936at33208        -            236   5.2e-29  102.9   0.4   1   1   1.2e-30   7.5e-29  102.4   0.4     2   207   154   368   153   384 0.81 -
evm.utg12655.7.1.5c22e9a5               -            525 366936at33208        -            236     8e-29  102.3   0.4   1   1   1.9e-30   1.2e-28  101.8   0.4     2   207    87   301    86   317 0.81 -
evm.utg7008.20.3.5c22f36b               -            396 366936at33208        -            236   9.2e-29  102.1   0.8   1   1   9.8e-28   6.3e-26   92.8   0.8     2   216    37   277    36   298 0.80 -
evm.utg12655.7                          -            679 366936at33208        -            236   1.4e-28  101.6   0.4   1   1   3.3e-30   2.1e-28  100.9   0.4     2   207   241   455   240   470 0.81 -
evm.utg1931.63                          -            476 366936at33208        -            236   5.5e-28   99.6   0.1   1   1   1.3e-29   8.5e-28   99.0   0.1     7   186    22   210    16   231 0.85 -
evm.utg14366.12                         -            659 366936at33208        -            236   6.1e-28   99.4   0.5   1   1   1.5e-29   9.8e-28   98.8   0.5     2   207   223   437   222   451 0.81 -
evm.utg1819.25                          -            511 366936at33208        -            236   9.9e-28   98.7   0.1   1   1   2.7e-29   1.7e-27   98.0   0.1     3   191   241   429   239   448 0.90 -
evm.utg25988.5                          -            493 366936at33208        -            236   1.6e-27   98.1   0.1   1   1   3.8e-29   2.4e-27   97.5   0.1     3   194   223   414   221   438 0.90 -
evm.utg2111.12                          -            691 366936at33208        -            236   2.6e-27   97.4   0.3   1   1   6.3e-29     4e-27   96.8   0.3     6   206    22   230    18   258 0.87 -
evm.utg3878.6                           -            400 366936at33208        -            236   2.6e-27   97.4   0.0   1   1   5.6e-29   3.6e-27   96.9   0.0     9   209   136   341   129   364 0.83 -
evm.utg1226.28                          -            401 366936at33208        -            236   2.6e-27   97.4   0.0   1   1   5.7e-29   3.6e-27   96.9   0.0     9   209   136   341   129   364 0.83 -
evm.utg4046.4                           -            401 366936at33208        -            236   2.6e-27   97.4   0.0   1   1   5.7e-29   3.6e-27   96.9   0.0     9   209   136   341   129   364 0.83 -
evm.utg4567.35                          -            636 366936at33208        -            236   2.7e-27   97.3   0.3   1   1   6.4e-29   4.1e-27   96.7   0.3     6   206    22   230    18   256 0.88 -
evm.utg798.68                           -            738 366936at33208        -            236   3.3e-27   97.0   0.1   1   2   2.7e-15   1.7e-13   52.2   0.1     3   210    60   275    58   297 0.79 -
evm.utg798.68                           -            738 366936at33208        -            236   3.3e-27   97.0   0.1   2   2     2e-12   1.3e-10   42.7   0.0     3   193   420   616   418   656 0.79 -
evm.utg1819.27                          -            434 366936at33208        -            236   5.8e-27   96.2   0.1   1   1   1.4e-28   9.3e-27   95.6   0.1     3   191   164   352   162   371 0.89 -
evm.utg750.54                           -            577 366936at33208        -            236   7.8e-27   95.8   0.2   1   1   1.9e-28   1.2e-26   95.2   0.2     2   212   192   413   191   425 0.78 -
evm.utg3522.62                          -            233 366936at33208        -            236   1.5e-26   94.9   0.2   1   1   2.7e-28   1.8e-26   94.7   0.2     2   167    55   230    54   232 0.88 -
evm.utg1525.22                          -           1151 366936at33208        -            236   4.1e-26   93.5   0.0   1   1   1.3e-27   8.1e-26   92.5   0.0     5   192    40   238    36   251 0.84 -
evm.utg798.68.2.5c22f45c                -            648 366936at33208        -            236   4.2e-26   93.4   0.1   1   2   4.4e-14   2.8e-12   48.2   0.1    50   210    20   185     3   207 0.84 -
evm.utg798.68.2.5c22f45c                -            648 366936at33208        -            236   4.2e-26   93.4   0.1   2   2   1.6e-12     1e-10   43.1   0.0     3   193   330   526   328   566 0.79 -
evm.utg2017.24                          -           1672 366936at33208        -            236   7.1e-26   92.7   0.0   1   4   8.3e-06   0.00053   21.1   0.0    93   141   404   452   401   464 0.91 -
evm.utg2017.24                          -           1672 366936at33208        -            236   7.1e-26   92.7   0.0   2   4   8.7e-06   0.00056   21.0   0.0     2    67   596   661   595   668 0.96 -
evm.utg2017.24                          -           1672 366936at33208        -            236   7.1e-26   92.7   0.0   3   4   1.4e-11   9.2e-10   39.9   0.0    93   145   839   891   807   908 0.77 -
evm.utg2017.24                          -           1672 366936at33208        -            236   7.1e-26   92.7   0.0   4   4      0.99        63    4.5   0.0   151   198   923   970   916   994 0.80 -
evm.utg498.4                            -            329 366936at33208        -            236   7.8e-26   92.5   0.1   1   1   1.5e-27   9.9e-26   92.2   0.1     3   193    38   236    36   272 0.82 -
utg415.evm.utg498.4.mrna2               -            329 366936at33208        -            236   7.8e-26   92.5   0.1   1   1   1.5e-27   9.8e-26   92.2   0.1     3   193    38   236    36   272 0.82 -
evm.utg62.108                           -           1672 366936at33208        -            236   1.3e-25   91.8   0.0   1   4   6.3e-06    0.0004   21.5   0.0    93   141   404   452   400   464 0.91 -
evm.utg62.108                           -           1672 366936at33208        -            236   1.3e-25   91.8   0.0   2   4   2.4e-05    0.0016   19.6   0.0     2    67   596   661   595   669 0.96 -
evm.utg62.108                           -           1672 366936at33208        -            236   1.3e-25   91.8   0.0   3   4   1.7e-11   1.1e-09   39.7   0.0    94   145   840   891   811   908 0.79 -
evm.utg62.108                           -           1672 366936at33208        -            236   1.3e-25   91.8   0.0   4   4      0.76        49    4.8   0.0   151   203   923   975   916   996 0.80 -
evm.utg217.49.2.5c22ed26                -            881 366936at33208        -            236   1.7e-25   91.4   0.0   1   1   4.7e-27     3e-25   90.6   0.0     5   192    34   232    30   245 0.84 -
evm.utg217.49.2.5c22ed26.1.5c2791fa     -            881 366936at33208        -            236   1.7e-25   91.4   0.0   1   1   4.7e-27     3e-25   90.6   0.0     5   192    34   232    30   245 0.84 -
evm.utg1609.83                          -            700 366936at33208        -            236   1.9e-25   91.3   0.1   1   1   5.3e-27   3.4e-25   90.4   0.1     2   191     3   201     2   233 0.84 -
evm.utg217.49                           -           1176 366936at33208        -            236   2.5e-25   90.9   0.0   1   1   7.6e-27   4.9e-25   89.9   0.0     5   192    34   232    30   244 0.84 -
evm.utg3872.69                          -           1512 366936at33208        -            236   5.5e-25   89.8   0.1   1   1   1.6e-26     1e-24   88.9   0.1     2   232   223   461   222   464 0.86 -
evm.utg3872.69.1.5c22f022               -           1536 366936at33208        -            236   5.7e-25   89.7   0.1   1   1   1.6e-26     1e-24   88.9   0.1     2   232   223   461   222   464 0.86 -
evm.utg950.12                           -            516 366936at33208        -            236   5.8e-25   89.7   0.2   1   1   1.3e-26   8.2e-25   89.2   0.2     2   228     3   232     2   237 0.88 -
evm.utg86.72                            -            825 366936at33208        -            236   2.3e-24   87.7   0.1   1   1   8.1e-26   5.2e-24   86.6   0.1     7   200    53   252    48   285 0.82 -
evm.utg888.19                           -            622 366936at33208        -            236   2.5e-24   87.6   0.0   1   1   5.6e-26   3.6e-24   87.1   0.0     2   222   344   567   343   580 0.86 -
evm.utg12655.7.1.5c22e9a5.2.5c278f83    -            511 366936at33208        -            236   2.7e-24   87.5   1.4   1   1   2.2e-25   1.4e-23   85.2   1.4     3   207    88   287    86   301 0.73 -
evm.utg607.31.2.5c22f2af.1.5c279692     -            327 366936at33208        -            236   3.7e-24   87.0   0.0   1   1   7.9e-26   5.1e-24   86.6   0.0     3   193    24   217    22   240 0.87 -
evm.utg214.1                            -            492 366936at33208        -            236   3.8e-24   87.0   0.0   1   1   8.8e-26   5.6e-24   86.5   0.0     3   194    18   217    16   228 0.85 -
evm.utg338.93                           -            975 366936at33208        -            236     4e-24   86.9   0.1   1   1   9.8e-26   6.3e-24   86.3   0.1     3   217    19   241    17   258 0.85 -
evm.utg7053.1                           -            452 366936at33208        -            236   6.6e-24   86.2   0.0   1   1   1.4e-25   8.7e-24   85.8   0.0     2   197   175   374   174   407 0.85 -
evm.utg1201.13                          -            342 366936at33208        -            236   7.5e-24   86.1   0.2   1   1   1.9e-25   1.2e-23   85.4   0.2     2   206   119   329   118   337 0.83 -
evm.utg1243.15                          -            969 366936at33208        -            236   7.5e-24   86.0   0.1   1   1   1.8e-25   1.2e-23   85.4   0.1     3   217    13   235    11   252 0.85 -
evm.utg607.31.2.5c22f2af                -            465 366936at33208        -            236   8.8e-24   85.8   0.0   1   1     2e-25   1.3e-23   85.3   0.0     3   193    24   217    22   240 0.87 -
evm.utg7217.53                          -           1264 366936at33208        -            236     9e-24   85.8   0.1   1   1   2.4e-25   1.5e-23   85.0   0.1     2   201     3   211     2   242 0.87 -
evm.utg7149.2.3                         -            546 366936at33208        -            236   9.7e-24   85.7   0.0   1   1   2.1e-25   1.4e-23   85.2   0.0     2   197   269   468   268   501 0.85 -
evm.utg607.31                           -            507 366936at33208        -            236   1.1e-23   85.5   0.0   1   1   2.4e-25   1.6e-23   85.0   0.0     3   193    24   217    22   240 0.87 -
evm.utg7149.2.3.1.5c279742              -            711 366936at33208        -            236   1.6e-23   84.9   0.0   1   1   3.7e-25   2.3e-23   84.4   0.0     2   197   434   633   433   666 0.85 -
evm.utg344.93                           -            974 366936at33208        -            236   1.8e-23   84.8   0.1   1   2   1.4e-10   9.1e-09   36.7   0.0     8   191   108   295   103   315 0.75 -
evm.utg344.93                           -            974 366936at33208        -            236   1.8e-23   84.8   0.1   2   2   2.5e-13   1.6e-11   45.7   0.1     8   202   567   773   562   787 0.73 -
evm.utg86.41                            -            405 366936at33208        -            236   1.9e-23   84.7   0.0   1   1   4.2e-25   2.7e-23   84.2   0.0     3   191    16   209    14   229 0.88 -
evm.utg659.30                           -            926 366936at33208        -            236   2.9e-23   84.1   0.0   1   1   9.9e-25   6.3e-23   83.0   0.0     3   198    55   257    53   275 0.84 -
evm.utg3509.12                          -            311 366936at33208        -            236   3.4e-23   83.9   0.5   1   1   1.5e-23   9.6e-22   79.2   0.5     7   195    28   247    23   259 0.78 -
evm.utg12382.27                         -            782 366936at33208        -            236   6.3e-23   83.0   0.0   1   1   1.6e-24     1e-22   82.3   0.0     3   194    18   217    16   225 0.85 -
evm.utg418.22                           -            567 366936at33208        -            236   6.5e-23   83.0   0.0   1   1   1.5e-24   9.4e-23   82.5   0.0     3   202   300   514   298   537 0.83 -
evm.utg4665.1                           -            636 366936at33208        -            236   6.8e-23   82.9   0.0   1   1   1.6e-24     1e-22   82.4   0.0     3   202   369   583   367   605 0.84 -
evm.utg344.17                           -            299 366936at33208        -            236   1.4e-22   81.9   1.5   1   1   2.8e-24   1.8e-22   81.5   1.5     8   230    24   252    17   258 0.81 -
evm.utg6976.14                          -            543 366936at33208        -            236   1.7e-22   81.7   0.0   1   1   4.2e-24   2.7e-22   81.0   0.0     8   186    22   208    16   228 0.84 -
evm.utg9110.9                           -            543 366936at33208        -            236   1.7e-22   81.6   0.0   1   1   4.2e-24   2.7e-22   81.0   0.0     8   186    22   208    16   228 0.84 -
evm.utg31256.1                          -            740 366936at33208        -            236     2e-22   81.4   0.2   1   1   5.5e-24   3.5e-22   80.6   0.2    49   206     2   167     1   195 0.85 -
evm.utg418.9                            -            324 366936at33208        -            236     2e-22   81.4   1.4   1   1   4.3e-24   2.8e-22   80.9   1.4     8   230    49   277    42   282 0.80 -
evm.utg2099.2                           -            660 366936at33208        -            236   2.1e-22   81.3   0.0   1   1   4.9e-24   3.1e-22   80.7   0.0     3   202   393   607   391   629 0.84 -
evm.utg14703.4                          -           1164 366936at33208        -            236   2.3e-22   81.2   0.2   1   1   6.5e-24   4.2e-22   80.3   0.2     7   199    24   222    19   249 0.85 -
evm.utg7522.32                          -           1651 366936at33208        -            236   2.4e-22   81.1   0.0   1   1   7.5e-24   4.8e-22   80.1   0.0     7   195  1387  1592  1382  1599 0.80 -
evm.utg378.41                           -            471 366936at33208        -            236   3.3e-22   80.7   0.0   1   1   9.2e-24   5.9e-22   79.8   0.0     4   186    11   202     8   210 0.85 -
evm.utg4576.37                          -            152 366936at33208        -            236   4.9e-22   80.1   1.5   1   1   1.6e-23   1.1e-21   79.0   1.5     2   131    10   149     9   151 0.87 -
evm.utg4455.84                          -           1200 366936at33208        -            236   7.2e-22   79.6   0.0   1   1   1.9e-23   1.2e-21   78.8   0.0     2   197   526   743   525   760 0.80 -
evm.utg6078.64                          -           1169 366936at33208        -            236   7.5e-22   79.5   0.0   1   1     2e-23   1.3e-21   78.7   0.0     3   208    94   310    92   332 0.81 -
evm.utg92.164.2.5c22f51b                -            511 366936at33208        -            236   7.6e-22   79.5   0.1   1   1   1.9e-23   1.2e-21   78.8   0.1     8   189    18   207    14   243 0.88 -
evm.utg92.164.3.5c22f51b                -            511 366936at33208        -            236   7.6e-22   79.5   0.1   1   1   1.9e-23   1.2e-21   78.8   0.1     8   189    18   207    14   243 0.88 -
evm.utg92.164.1.5c22f51b                -            546 366936at33208        -            236   8.4e-22   79.3   0.1   1   1   2.2e-23   1.4e-21   78.6   0.1     8   189    18   207    14   243 0.88 -
evm.utg405.31                           -           1110 366936at33208        -            236   8.5e-22   79.3   0.0   1   1   2.3e-23   1.5e-21   78.5   0.0     2   197   325   542   324   559 0.79 -
evm.utg3797.8                           -            546 366936at33208        -            236     1e-21   79.1   0.1   1   1   5.1e-23   3.3e-21   77.4   0.1     8   192   282   484   275   512 0.79 -
evm.utg92.164                           -            676 366936at33208        -            236   1.3e-21   78.8   0.1   1   1   3.4e-23   2.2e-21   78.0   0.1     8   189    18   207    14   242 0.88 -
evm.utg1565.75                          -            903 366936at33208        -            236   1.5e-21   78.5   0.0   1   1   4.8e-23   3.1e-21   77.5   0.0     4   193    10   216     7   234 0.80 -
evm.utg12197.21                         -            357 366936at33208        -            236   1.9e-21   78.2   0.2   1   1   4.4e-23   2.8e-21   77.6   0.2     8   193    57   256    52   294 0.83 -
evm.utg890.46.2.5c22f4d9                -           1596 366936at33208        -            236   2.9e-21   77.6   0.0   1   1   8.2e-23   5.3e-21   76.7   0.0     8   195  1333  1537  1327  1544 0.80 -
evm.utg890.46                           -           1937 366936at33208        -            236   3.6e-21   77.3   0.0   1   1   1.1e-22   6.9e-21   76.4   0.0     8   195  1674  1878  1668  1885 0.80 -
evm.utg33938.14                         -            687 366936at33208        -            236   4.3e-21   77.0   0.1   1   1   1.1e-22   7.2e-21   76.3   0.1     3   207   134   349   132   365 0.76 -
evm.utg801.48                           -           1643 366936at33208        -            236   7.1e-21   76.3   0.0   1   1   2.2e-22   1.4e-20   75.3   0.0     3   193  1377  1578  1375  1616 0.85 -
evm.utg116.198.1.5c22e921               -            544 366936at33208        -            236   7.6e-21   76.2   0.2   1   2   7.4e-15   4.7e-13   50.7   0.0     2   230    33   282    32   286 0.74 -
evm.utg116.198.1.5c22e921               -            544 366936at33208        -            236   7.6e-21   76.2   0.2   2   2   1.6e-06    0.0001   23.4   0.1    49   126   440   526   432   533 0.77 -
evm.utg35.9                             -            697 366936at33208        -            236     8e-21   76.1   0.1   1   1   2.1e-22   1.4e-20   75.4   0.1     3   207   134   349   132   365 0.77 -
evm.utg577.106                          -            365 366936at33208        -            236   8.5e-21   76.1   0.0   1   1   1.9e-22   1.2e-20   75.5   0.0     3   228    33   270    31   275 0.79 -
evm.utg1694.47                          -            415 366936at33208        -            236   9.1e-21   76.0   0.0   1   1   2.1e-22   1.3e-20   75.4   0.0     3   230     7   247     5   252 0.84 -
evm.utg172.76                           -            335 366936at33208        -            236   1.2e-20   75.6   0.0   1   1   2.4e-22   1.5e-20   75.2   0.0     5   208    66   284    62   313 0.80 -
evm.utg320.150.2.5c22eefa               -           1045 366936at33208        -            236   1.5e-20   75.3   0.0   1   1   3.8e-22   2.4e-20   74.6   0.0     2   194   820  1025   819  1036 0.79 -
evm.utg536.72                           -           1538 366936at33208        -            236   1.6e-20   75.2   0.2   1   1   1.1e-21   7.2e-20   73.0   0.0     8   184  1142  1326  1137  1342 0.82 -
evm.utg55.85                            -            383 366936at33208        -            236   1.6e-20   75.2   0.1   1   1   4.1e-22   2.7e-20   74.4   0.1    48   193    10   172     3   210 0.82 -
evm.utg320.150                          -           1153 366936at33208        -            236   1.6e-20   75.1   0.0   1   1   4.2e-22   2.7e-20   74.4   0.0     2   195   820  1026   819  1039 0.79 -
evm.utg320.150.1.5c22eefa               -           1153 366936at33208        -            236   1.8e-20   75.0   0.0   1   1   4.7e-22     3e-20   74.3   0.0     2   195   820  1026   819  1039 0.79 -
evm.utg1931.63.1.5c22ec76               -            418 366936at33208        -            236   2.4e-20   74.6   0.1   1   1   6.4e-22   4.1e-20   73.8   0.1    47   186    12   159     3   180 0.83 -
evm.utg729.106                          -            966 366936at33208        -            236   2.6e-20   74.5   0.1   1   1   7.3e-22   4.7e-20   73.6   0.1     6   187    22   210    17   247 0.86 -
evm.utg77.1                             -            504 366936at33208        -            236   4.3e-20   73.7   0.0   1   1     1e-21   6.5e-20   73.2   0.0     3   199   152   371   150   404 0.70 -
evm.utg1931.22                          -            364 366936at33208        -            236   5.1e-20   73.5   0.0   1   1   1.3e-21     8e-20   72.9   0.0     8   205    22   224    15   250 0.80 -
evm.utg1708.20.1.5c22ebc0               -            311 366936at33208        -            236   5.9e-20   73.3   0.0   1   1   1.2e-21   7.6e-20   72.9   0.0     2   200    16   221    15   253 0.82 -
evm.utg1056.81.1.5c22e83d.1.5c278ece    -            402 366936at33208        -            236     6e-20   73.3   0.5   1   1   3.1e-21     2e-19   71.6   0.5     3   190     5   206     3   246 0.81 -
evm.utg6806.15                          -            570 366936at33208        -            236     6e-20   73.3   0.0   1   1   1.7e-21   1.1e-19   72.4   0.0    44   228    23   218     3   223 0.81 -
evm.utg607.31.1.5c22f2af                -            485 366936at33208        -            236   7.4e-20   73.0   0.0   1   1   1.8e-21   1.2e-19   72.3   0.0    13   193    12   195     9   218 0.86 -
evm.utg1708.20                          -            344 366936at33208        -            236   7.8e-20   72.9   0.0   1   1   1.6e-21     1e-19   72.5   0.0     2   200    25   230    24   262 0.82 -
evm.utg1056.81.2.5c22e83e               -            473 366936at33208        -            236   9.2e-20   72.7   0.5   1   1   4.6e-21   2.9e-19   71.0   0.5     3   190     5   206     3   247 0.81 -
evm.utg22693.17                         -            492 366936at33208        -            236   9.6e-20   72.6   0.1   1   1     6e-21   3.8e-19   70.6   0.1     8   148    22   171    15   275 0.76 -
evm.utg762.42                           -            544 366936at33208        -            236   9.8e-20   72.6   0.1   1   1   2.6e-21   1.6e-19   71.8   0.1     9   192   281   482   277   506 0.80 -
evm.utg762.42.2.5c22f3f6                -            544 366936at33208        -            236   9.8e-20   72.6   0.1   1   1   2.6e-21   1.6e-19   71.8   0.1     9   192   281   482   277   506 0.80 -
evm.utg435.81                           -            547 366936at33208        -            236     1e-19   72.6   0.0   1   1   2.3e-21   1.4e-19   72.0   0.0     3   192   261   456   259   468 0.89 -
evm.utg1056.81.1.5c22e83d               -            525 366936at33208        -            236   1.2e-19   72.3   0.5   1   1   5.9e-21   3.8e-19   70.6   0.5     3   190     5   206     3   245 0.81 -
evm.utg1056.81                          -            565 366936at33208        -            236   1.3e-19   72.1   0.4   1   1   6.9e-21   4.4e-19   70.4   0.4     3   190     5   206     3   245 0.81 -
evm.utg435.11                           -            217 366936at33208        -            236   1.4e-19   72.0   0.2   1   1   2.7e-21   1.7e-19   71.8   0.2     7   141    43   186    38   216 0.82 -
evm.utg735.1                            -           1758 366936at33208        -            236   1.7e-19   71.8   0.0   1   2   1.3e-08   8.2e-07   30.3   0.0    56   206     3   151     1   174 0.78 -
evm.utg735.1                            -           1758 366936at33208        -            236   1.7e-19   71.8   0.0   2   2   5.7e-11   3.7e-09   38.0   0.0    48   178   576   713   534   725 0.75 -
evm.utg2858.25                          -           1148 366936at33208        -            236   1.7e-19   71.8   0.0   1   1   4.4e-21   2.8e-19   71.1   0.0     2   195   815  1021   814  1034 0.79 -
evm.utg536.78                           -            295 366936at33208        -            236     2e-19   71.5   0.5   1   1   2.9e-20   1.9e-18   68.4   0.5     3   146     9   161     7   224 0.73 -
evm.utg536.86                           -            492 366936at33208        -            236   2.1e-19   71.5   0.1   1   1   1.8e-20   1.2e-18   69.1   0.1     8   148    22   171    15   277 0.72 -
evm.utg207.32                           -            751 366936at33208        -            236   2.9e-19   71.1   0.0   1   1   6.7e-21   4.3e-19   70.5   0.0     3   192   479   672   477   683 0.88 -
evm.utg116.317                          -            656 366936at33208        -            236   3.1e-19   70.9   0.0   1   1     8e-21   5.1e-19   70.2   0.0     9   213   253   470   247   493 0.80 -
evm.utg967.33.1.5c22f549                -            482 366936at33208        -            236   3.4e-19   70.8   0.0   1   1   8.3e-21   5.3e-19   70.2   0.0     3   211    14   231    12   254 0.78 -
evm.utg967.33                           -            505 366936at33208        -            236   3.8e-19   70.6   0.0   1   1   9.2e-21   5.9e-19   70.0   0.0     3   211    14   231    12   254 0.78 -
evm.utg1609.38                          -            815 366936at33208        -            236   5.4e-19   70.2   0.0   1   1   1.7e-20   1.1e-18   69.1   0.0     3   195    55   265    53   277 0.81 -
evm.utg2849.5.1.5c22ee50                -            306 366936at33208        -            236   5.4e-19   70.2   0.1   1   1   1.1e-20   7.3e-19   69.7   0.1     4   204    34   246    31   260 0.79 -
evm.utg993.18                           -            455 366936at33208        -            236   5.7e-19   70.1   0.0   1   1   1.3e-20   8.3e-19   69.5   0.0     4   204    34   246    31   261 0.80 -
evm.utg496.28.1.5c22f185                -            759 366936at33208        -            236   6.8e-19   69.8   0.0   1   1     2e-20   1.3e-18   68.9   0.0     5   194    22   229    19   244 0.80 -
evm.utg3092.26                          -           1341 366936at33208        -            236   9.1e-19   69.4   0.1   1   1   2.5e-20   1.6e-18   68.6   0.1     8   185    61   256    55   264 0.81 -
evm.utg496.28                           -            907 366936at33208        -            236   9.1e-19   69.4   0.0   1   1   2.8e-20   1.8e-18   68.5   0.0     5   194    22   229    19   244 0.80 -
evm.utg1694.41                          -           1052 366936at33208        -            236   9.8e-19   69.3   0.3   1   1   2.4e-20   1.5e-18   68.7   0.3     9   206   737   945   729   964 0.78 -
evm.utg324.122.2.5c22ef1e               -            373 366936at33208        -            236   1.1e-18   69.2   0.0   1   1   2.2e-20   1.4e-18   68.8   0.0     3   190   169   356   167   366 0.89 -
evm.utg324.169                          -            472 366936at33208        -            236   1.1e-18   69.2   0.0   1   1   2.5e-20   1.6e-18   68.6   0.0     4   201    20   226    17   259 0.79 -
evm.utg29.24                            -            472 366936at33208        -            236   1.1e-18   69.1   0.0   1   1   2.7e-20   1.7e-18   68.5   0.0     6   201    22   226    17   259 0.79 -
evm.utg2849.5                           -            437 366936at33208        -            236   1.2e-18   69.0   0.1   1   1   3.1e-20     2e-18   68.3   0.1     4   204    34   246    31   260 0.79 -
evm.utg324.122.1.5c22ef1e               -            459 366936at33208        -            236   1.4e-18   68.8   0.0   1   1     3e-20   1.9e-18   68.4   0.0     3   192   169   358   167   376 0.89 -
evm.utg324.122                          -            459 366936at33208        -            236   1.4e-18   68.8   0.0   1   1     3e-20   1.9e-18   68.4   0.0     3   192   169   358   167   376 0.89 -
evm.utg4901.11                          -            394 366936at33208        -            236   1.4e-18   68.8   0.2   1   2   3.4e-05    0.0021   19.1   0.1    13    92    55   136    43   162 0.79 -
evm.utg4901.11                          -            394 366936at33208        -            236   1.4e-18   68.8   0.2   2   2     1e-13   6.6e-12   46.9   0.0    84   206   180   307   169   322 0.82 -
evm.utg4082.14                          -            639 366936at33208        -            236   1.7e-18   68.5   0.0   1   1   4.3e-20   2.7e-18   67.8   0.0     2   186    13   205    12   221 0.88 -
evm.utg413.27                           -            712 366936at33208        -            236   2.3e-18   68.1   0.2   1   1   6.1e-20   3.9e-18   67.3   0.2     3   203   108   314   106   345 0.76 -
evm.utg11096.10                         -            619 366936at33208        -            236   3.3e-18   67.6   0.1   1   1   7.8e-20     5e-18   67.0   0.1     1   187    66   259    66   288 0.81 -
evm.utg498.81                           -            498 366936at33208        -            236   3.9e-18   67.3   0.1   1   1   9.8e-20   6.3e-18   66.7   0.1     9   207    38   244    31   267 0.81 -
evm.utg536.83                           -            337 366936at33208        -            236   4.8e-18   67.1   0.0   1   1     1e-19   6.7e-18   66.6   0.0    46   184    69   216    52   235 0.81 -
evm.utg1972.123.1.5c22ec9e              -            471 366936at33208        -            236   5.9e-18   66.7   0.0   1   1   1.4e-19   8.6e-18   66.2   0.0     6   206   137   345   133   370 0.83 -
evm.utg35.9.1.5c22ef75                  -            571 366936at33208        -            236   6.3e-18   66.6   0.1   1   1   1.5e-19   9.9e-18   66.0   0.1    17   207    22   223    16   240 0.74 -
evm.utg1972.123                         -            497 366936at33208        -            236   6.5e-18   66.6   0.0   1   1   1.5e-19   9.8e-18   66.0   0.0     6   206   163   371   159   396 0.83 -
evm.utg4451.13                          -           1582 366936at33208        -            236   6.7e-18   66.6   0.4   1   1   3.5e-19   2.2e-17   64.9   0.0     7   184  1186  1371  1181  1387 0.81 -
evm.utg12986.54                         -            489 366936at33208        -            236   6.8e-18   66.6   0.0   1   1   1.6e-19     1e-17   66.0   0.0     6   205   163   370   159   391 0.83 -
evm.utg1109.30.1.5c22e89d               -            335 366936at33208        -            236   7.6e-18   66.4   0.0   1   1   1.6e-19     1e-17   66.0   0.0     2   195    70   268    69   284 0.85 -
evm.utg194.6                            -            721 366936at33208        -            236   8.3e-18   66.3   0.9   1   1   5.9e-19   3.8e-17   64.1   0.3     7   141   378   521   375   529 0.85 -
evm.utg1109.30.2.5c22e89d               -            347 366936at33208        -            236   8.5e-18   66.2   0.0   1   1   1.8e-19   1.1e-17   65.8   0.0     2   195    70   268    69   284 0.85 -
utg55.equina_smart_429.mrna1            -            695 366936at33208        -            236   8.7e-18   66.2   0.0   1   1   1.9e-19   1.2e-17   65.7   0.0     7   189   431   625   425   649 0.82 -
evm.utg7840.21                          -            196 366936at33208        -            236   8.8e-18   66.2   0.0   1   1   1.7e-19   1.1e-17   65.9   0.0    87   194    12   117     7   146 0.91 -
evm.utg1109.30                          -            357 366936at33208        -            236     9e-18   66.1   0.0   1   1   1.9e-19   1.2e-17   65.7   0.0     2   195    70   268    69   284 0.85 -
evm.utg3487.11                          -            714 366936at33208        -            236   1.4e-17   65.5   0.5   1   1   1.5e-18   9.8e-17   62.8   0.2     4   140    19   165    16   171 0.83 -
evm.utg4451.1                           -           1605 366936at33208        -            236   1.6e-17   65.3   0.0   1   1   6.8e-19   4.3e-17   63.9   0.0     7   184  1158  1343  1154  1358 0.83 -
evm.utg55.198                           -            731 366936at33208        -            236   1.9e-17   65.1   0.4   1   1   5.2e-19   3.3e-17   64.3   0.4     6   145   442   592   437   610 0.84 -
evm.utg116.215.2.5c22e8eb               -            511 366936at33208        -            236   2.1e-17   65.0   0.2   1   1     1e-18   6.7e-17   63.3   0.0     6   206   218   426   213   434 0.85 -
evm.utg1825.18                          -            728 366936at33208        -            236   2.3e-17   64.8   0.4   1   1   2.8e-18   1.8e-16   61.9   0.1     4   140    19   165    16   170 0.83 -
evm.utg1786.4                           -            733 366936at33208        -            236   2.9e-17   64.5   0.0   1   1   7.6e-19   4.9e-17   63.7   0.0     5   229   437   690   433   697 0.74 -
evm.utg2185.8                           -            318 366936at33208        -            236   2.9e-17   64.5   0.0   1   1   6.5e-19   4.1e-17   64.0   0.0     6   196     9   226     4   248 0.78 -
evm.utg1432.4.1.5c22eaaa.2.5c27900b     -            933 366936at33208        -            236   3.3e-17   64.3   0.0   1   1   1.3e-18   8.1e-17   63.0   0.0     3   193    63   272    61   284 0.76 -
evm.utg890.46.1.5c22f4d9                -           1876 366936at33208        -            236   3.6e-17   64.2   0.0   1   1   1.1e-18   6.7e-17   63.3   0.0     8   147  1674  1825  1668  1866 0.76 -
evm.utg2099.2.1.5c22ecee                -            583 366936at33208        -            236   3.8e-17   64.1   0.1   1   1   8.2e-19   5.2e-17   63.6   0.1     3   177   393   582   391   582 0.82 -
evm.utg436.3                            -            733 366936at33208        -            236   3.8e-17   64.1   0.0   1   1   9.9e-19   6.3e-17   63.4   0.0     5   228   437   689   433   697 0.74 -
evm.utg536.85                           -            346 366936at33208        -            236   3.9e-17   64.1   0.1   1   2   7.8e-18     5e-16   60.4   0.0     3   143    17   168    15   177 0.82 -
evm.utg536.85                           -            346 366936at33208        -            236   3.9e-17   64.1   0.1   2   2       7.9     5e+02    1.5   0.0   161   218   203   263   187   279 0.68 -
evm.utg116.215.1.5c22e8eb               -            675 366936at33208        -            236   4.2e-17   64.0   0.2   1   1   1.9e-18   1.2e-16   62.5   0.0     6   206   382   590   377   598 0.85 -
evm.utg1432.4.1.5c22eaaa.3.5c27900b     -           1116 366936at33208        -            236   4.6e-17   63.8   0.0   1   1   1.7e-18   1.1e-16   62.6   0.0     3   193    63   272    61   284 0.76 -
evm.utg116.215                          -            706 366936at33208        -            236   4.7e-17   63.8   0.2   1   1   2.1e-18   1.3e-16   62.3   0.0     6   206   382   590   377   598 0.85 -
evm.utg1919.102.1.5c22ec65.2.5c279155   -            551 366936at33208        -            236     5e-17   63.7   0.0   1   1   1.2e-18   7.5e-17   63.1   0.0     3   188    13   220    11   230 0.80 -
evm.utg1565.110                         -            338 366936at33208        -            236   5.1e-17   63.7   0.2   1   1   1.4e-18   8.8e-17   62.9   0.2     8   144    65   210    60   224 0.87 -
evm.utg577.104                          -            347 366936at33208        -            236   5.2e-17   63.7   0.1   1   1   1.2e-18   7.9e-17   63.1   0.1     5   186    19   215    15   260 0.70 -
evm.utg15013.20                         -            465 366936at33208        -            236   5.4e-17   63.6   0.1   1   1   1.2e-18   7.8e-17   63.1   0.1     4   194   135   333   132   350 0.81 -
evm.utg3409.18.1.5c22ef55.1.5c2793ce    -            403 366936at33208        -            236   5.4e-17   63.6   0.1   1   1   1.2e-18   7.5e-17   63.1   0.1     8   205    47   250    40   261 0.83 -
evm.utg1432.4.1.5c22eaaa.1.5c27900b     -           1236 366936at33208        -            236   5.5e-17   63.6   0.0   1   1     2e-18   1.3e-16   62.4   0.0     3   193    63   272    61   284 0.76 -
evm.utg1432.4.2.5c22eaaa                -           1290 366936at33208        -            236   5.8e-17   63.5   0.0   1   1   2.1e-18   1.4e-16   62.3   0.0     3   193    63   272    61   284 0.76 -
evm.utg1432.4.1.5c22eaaa                -           1293 366936at33208        -            236   5.8e-17   63.5   0.0   1   1   2.1e-18   1.4e-16   62.3   0.0     3   193    63   272    61   284 0.76 -
evm.utg1432.4.5.5c22eaaa                -           1404 366936at33208        -            236   6.1e-17   63.4   0.0   1   1   2.4e-18   1.6e-16   62.1   0.0     3   193    63   272    61   284 0.76 -
evm.utg5950.69                          -            686 366936at33208        -            236   6.3e-17   63.4   0.0   1   1   1.8e-18   1.2e-16   62.5   0.0     8   206    74   280    67   304 0.83 -
evm.utg910.27                           -            417 366936at33208        -            236   7.3e-17   63.2   0.1   1   1     2e-18   1.3e-16   62.4   0.1     2   193    22   228    21   268 0.79 -
evm.utg1919.102.1.5c22ec65.1.5c279155   -            553 366936at33208        -            236   8.1e-17   63.0   0.0   1   1     2e-18   1.3e-16   62.4   0.0     5   188    17   222    13   232 0.80 -
evm.utg73.61                            -           1018 366936at33208        -            236   8.2e-17   63.0   0.0   1   1   2.3e-18   1.5e-16   62.2   0.0     8   201   254   454   248   463 0.79 -
evm.utg1432.4.4.5c22eaaa                -           1733 366936at33208        -            236   8.4e-17   63.0   0.0   1   1   3.3e-18   2.1e-16   61.7   0.0     3   193    63   272    61   284 0.76 -
evm.utg1243.8                           -           1348 366936at33208        -            236   8.4e-17   63.0   0.1   1   1   2.7e-18   1.7e-16   62.0   0.1     8   209   378   585   372   609 0.81 -
evm.utg1432.4                           -           1809 366936at33208        -            236   9.1e-17   62.9   0.0   1   1   3.5e-18   2.2e-16   61.6   0.0     3   193    63   272    61   284 0.76 -
evm.utg4455.87                          -           1265 366936at33208        -            236   9.4e-17   62.8   0.0   1   1     3e-18   1.9e-16   61.8   0.0     7   213   861  1074   857  1084 0.80 -
evm.utg5390.48                          -            473 366936at33208        -            236   9.5e-17   62.8   0.0   1   1   2.4e-18   1.5e-16   62.1   0.0     5   193   187   379   183   396 0.83 -
evm.utg777.85                           -            340 366936at33208        -            236     1e-16   62.7   0.1   1   2   1.9e-17   1.2e-15   59.2   0.0     2   143    16   168    15   178 0.83 -
evm.utg777.85                           -            340 366936at33208        -            236     1e-16   62.7   0.1   2   2       8.3   5.3e+02    1.4   0.0   162   221   204   266   187   282 0.71 -
evm.utg3409.18.1.5c22ef55               -            561 366936at33208        -            236   1.1e-16   62.6   0.1   1   1   2.6e-18   1.6e-16   62.0   0.1     8   205    47   250    40   261 0.83 -
evm.utg16094.7                          -           1102 366936at33208        -            236   1.4e-16   62.3   1.3   1   2   3.3e-10   2.1e-08   35.5   0.0     7   186   176   365   172   396 0.76 -
evm.utg16094.7                          -           1102 366936at33208        -            236   1.4e-16   62.3   1.3   2   2   5.6e-07   3.6e-05   24.9   0.3    49   145   982  1091   947  1099 0.77 -
evm.utg3409.18                          -            637 366936at33208        -            236   1.4e-16   62.3   0.1   1   1   3.3e-18   2.1e-16   61.6   0.1     8   205    47   250    40   260 0.83 -
evm.utg320.150.3.5c22eefa               -           1000 366936at33208        -            236   1.6e-16   62.0   0.1   1   1   3.9e-18   2.5e-16   61.4   0.1     2   168   820   999   819   999 0.77 -
evm.utg4451.7                           -           2727 366936at33208        -            236   1.8e-16   61.9   0.0   1   1   7.8e-18     5e-16   60.4   0.0     7   186  2329  2516  2325  2531 0.82 -
evm.utg3092.39                          -            478 366936at33208        -            236   1.9e-16   61.8   0.0   1   2   3.4e-14   2.2e-12   48.5   0.0     3   142    63   211    61   220 0.83 -
evm.utg3092.39                          -            478 366936at33208        -            236   1.9e-16   61.8   0.0   2   2    0.0093      0.59   11.1   0.0   141   211   266   336   262   355 0.80 -
evm.utg4956.7.1.5c22f182                -            271 366936at33208        -            236   2.1e-16   61.6   0.0   1   1   4.4e-18   2.8e-16   61.2   0.0     2   191    22   226    21   265 0.79 -
evm.utg298.24                           -            216 366936at33208        -            236   2.2e-16   61.6   0.1   1   1   4.2e-18   2.7e-16   61.3   0.1     2   143    16   167    15   199 0.82 -
evm.utg22693.18                         -            343 366936at33208        -            236   2.3e-16   61.6   0.1   1   1   2.1e-17   1.4e-15   59.0   0.0     3   143    17   168    15   178 0.84 -
evm.utg4956.7                           -            295 366936at33208        -            236   2.4e-16   61.5   0.1   1   1   4.9e-18   3.1e-16   61.1   0.1     2   193    22   228    21   269 0.78 -
evm.utg6432.36                          -            637 366936at33208        -            236   2.8e-16   61.3   0.1   1   1   6.9e-18   4.4e-16   60.6   0.1     8   205    47   250    40   260 0.82 -
evm.utg16094.23                         -           1124 366936at33208        -            236   3.6e-16   60.9   1.5   1   2     5e-10   3.2e-08   34.9   0.0     7   186   196   385   192   416 0.77 -
evm.utg16094.23                         -           1124 366936at33208        -            236   3.6e-16   60.9   1.5   2   2   7.3e-07   4.7e-05   24.5   0.3    50   144   991  1098   959  1108 0.78 -
evm.utg11618.7                          -            465 366936at33208        -            236   3.8e-16   60.8   0.1   1   1   8.4e-18   5.4e-16   60.3   0.1     4   194   135   333   132   352 0.81 -
evm.utg3284.37.1.5c22ef1f               -            314 366936at33208        -            236     4e-16   60.7   0.1   1   1   8.4e-18   5.4e-16   60.3   0.1     2   209    37   248    36   276 0.80 -
evm.utg736.78                           -           1310 366936at33208        -            236   4.1e-16   60.7   0.1   1   1   1.2e-17   7.7e-16   59.8   0.1     7   210   906  1116   902  1125 0.79 -
evm.utg3284.37.2.5c22ef1f               -            319 366936at33208        -            236   4.2e-16   60.7   0.1   1   1   8.8e-18   5.6e-16   60.3   0.1     2   209    42   253    41   281 0.80 -
evm.utg1463.4.1.5c22eae0                -            524 366936at33208        -            236   4.5e-16   60.6   0.1   1   1   1.4e-17   9.2e-16   59.6   0.1     8   192   196   387   190   414 0.84 -
evm.utg861.123.1.5c279834               -            653 366936at33208        -            236   4.6e-16   60.6   0.0   1   1   1.1e-17     7e-16   60.0   0.0     3   187    13   218    11   230 0.78 -
evm.utg2247.33                          -            426 366936at33208        -            236   5.3e-16   60.4   0.0   1   1   1.3e-17   8.5e-16   59.7   0.0     2   193   146   341   145   360 0.83 -
evm.utg3284.37.3.5c22ef20               -            347 366936at33208        -            236   5.4e-16   60.3   0.1   1   1   1.1e-17   7.3e-16   59.9   0.1     2   209    38   249    37   277 0.80 -
evm.utg3284.37                          -            346 366936at33208        -            236   5.5e-16   60.3   0.1   1   1   1.1e-17   7.2e-16   59.9   0.1     2   209    37   248    36   276 0.80 -
evm.utg777.21                           -            361 366936at33208        -            236   5.8e-16   60.2   0.0   1   1   1.2e-17   7.7e-16   59.8   0.0     5   164   185   349   181   359 0.86 -
evm.utg1463.4                           -            684 366936at33208        -            236   6.6e-16   60.0   0.1   1   1   2.5e-17   1.6e-15   58.8   0.1     8   192   196   387   190   414 0.84 -
evm.utg1972.22                          -            676 366936at33208        -            236   7.2e-16   59.9   0.8   1   1   5.3e-17   3.4e-15   57.7   0.8     7   143   378   523   376   594 0.80 -
evm.utg861.123                          -            901 366936at33208        -            236   7.3e-16   59.9   0.0   1   1     2e-17   1.3e-15   59.1   0.0     3   187   310   515   308   526 0.78 -
evm.utg2129.88.1.5c22ed01               -           1276 366936at33208        -            236   7.5e-16   59.9   0.0   1   1   1.9e-17   1.2e-15   59.2   0.0     3   200    16   225    14   254 0.77 -
evm.utg910.141                          -            485 366936at33208        -            236   7.8e-16   59.8   0.0   1   1   1.8e-17   1.2e-15   59.2   0.0    43   191   228   387   186   401 0.78 -
evm.utg7289.29                          -            735 366936at33208        -            236   7.8e-16   59.8   0.1   1   1   2.8e-17   1.8e-15   58.6   0.1     8   192   196   387   190   414 0.84 -
evm.utg2129.88                          -           1314 366936at33208        -            236   7.9e-16   59.8   0.0   1   1     2e-17   1.3e-15   59.1   0.0     3   200    16   225    14   254 0.77 -
evm.utg910.141.1.5c22f4fb               -            493 366936at33208        -            236     8e-16   59.8   0.0   1   1   1.9e-17   1.2e-15   59.2   0.0    43   191   228   387   186   401 0.78 -
evm.utg2129.88.2.5c22ed01               -           1352 366936at33208        -            236   8.2e-16   59.7   0.0   1   1   2.1e-17   1.4e-15   59.0   0.0     3   200    16   225    14   254 0.77 -
evm.utg801.6                            -           1010 366936at33208        -            236   9.4e-16   59.6   0.1   1   1   2.8e-17   1.8e-15   58.7   0.1    36   185   187   352   165   360 0.77 -
evm.utg255.33.1.5c22edd3                -            380 366936at33208        -            236   9.4e-16   59.5   0.0   1   1   2.2e-17   1.4e-15   59.0   0.0     2   231    27   268    26   271 0.77 -
evm.utg405.28                           -           1384 366936at33208        -            236   9.7e-16   59.5   0.1   1   1   2.9e-17   1.8e-15   58.6   0.1     7   201   980  1181   976  1199 0.75 -
evm.utg1919.102                         -            657 366936at33208        -            236     1e-15   59.5   0.0   1   1   2.5e-17   1.6e-15   58.8   0.0     5   187    17   221    13   236 0.80 -
evm.utg1919.102.1.5c22ec65              -            657 366936at33208        -            236     1e-15   59.5   0.0   1   1   2.5e-17   1.6e-15   58.8   0.0     5   187    17   221    13   236 0.80 -
evm.utg109.105                          -            944 366936at33208        -            236     1e-15   59.4   0.1   1   2     0.014      0.91   10.5   0.0     8    90   487   575   484   584 0.77 -
evm.utg109.105                          -            944 366936at33208        -            236     1e-15   59.4   0.1   2   2   1.7e-13   1.1e-11   46.3   0.0    95   199   600   705   593   720 0.82 -
evm.utg77.71                            -            508 366936at33208        -            236   1.2e-15   59.2   0.0   1   1     3e-17   1.9e-15   58.5   0.0     7   201   244   444   238   459 0.78 -
evm.utg882.10                           -            415 366936at33208        -            236   1.2e-15   59.2   0.0   1   1   2.8e-17   1.8e-15   58.6   0.0     2   231    65   306    64   309 0.77 -
evm.utg255.33.2.5c22edd3                -            421 366936at33208        -            236   1.3e-15   59.1   0.0   1   1   2.9e-17   1.9e-15   58.6   0.0     2   231    65   306    64   309 0.77 -
evm.utg4451.5                           -           1764 366936at33208        -            236   1.4e-15   59.0   0.7   1   1     5e-17   3.2e-15   57.8   0.0     7   185  1491  1677  1487  1696 0.80 -
evm.utg5390.21                          -            504 366936at33208        -            236   1.5e-15   58.9   0.0   1   1   3.9e-17   2.5e-15   58.2   0.0     5   193   218   410   214   429 0.81 -
evm.utg5390.12                          -            427 366936at33208        -            236   1.5e-15   58.9   0.0   1   1   3.5e-17   2.3e-15   58.3   0.0     5   207   141   346   137   370 0.79 -
evm.utg4326.6                           -            984 366936at33208        -            236   1.5e-15   58.9   0.0   1   1   3.8e-17   2.4e-15   58.2   0.0     6   207   659   869   654   893 0.79 -
evm.utg456.15                           -            434 366936at33208        -            236   1.6e-15   58.8   0.0   1   1   3.8e-17   2.5e-15   58.2   0.0     5   193   148   340   144   360 0.82 -
evm.utg798.68.1.5c22f45c                -            537 366936at33208        -            236   1.6e-15   58.8   2.2   1   2   1.4e-15   8.7e-14   53.1   0.1     3   210    60   275    58   297 0.79 -
evm.utg798.68.1.5c22f45c                -            537 366936at33208        -            236   1.6e-15   58.8   2.2   2   2       0.5        32    5.4   0.3     3   113   420   533   418   535 0.70 -
evm.utg762.42.1.5c22f3f6                -            468 366936at33208        -            236   1.6e-15   58.8   0.1   1   1   3.6e-17   2.3e-15   58.3   0.1     9   140   281   424   277   467 0.78 -
evm.utg2247.34                          -            449 366936at33208        -            236   1.7e-15   58.7   0.6   1   1   3.7e-17   2.4e-15   58.2   0.6     3   215    90   310    88   330 0.80 -
evm.utg324.122.3.5c22ef1e               -            328 366936at33208        -            236   1.9e-15   58.6   0.0   1   1   4.1e-17   2.6e-15   58.1   0.0     3   141   169   310   167   315 0.90 -
evm.utg255.33                           -            503 366936at33208        -            236     2e-15   58.5   0.0   1   1   4.7e-17     3e-15   57.9   0.0     2   231    65   306    64   309 0.77 -
evm.utg505.46                           -            950 366936at33208        -            236   2.2e-15   58.3   0.0   1   1   2.3e-16   1.5e-14   55.6   0.0     3   142   516   663   514   694 0.81 -
evm.utg344.19                           -            464 366936at33208        -            236   2.5e-15   58.2   0.5   1   2   3.4e-14   2.2e-12   48.5   0.2     2   140    93   240    92   249 0.84 -
evm.utg344.19                           -            464 366936at33208        -            236   2.5e-15   58.2   0.5   2   2       0.1       6.5    7.7   0.0   153   207   289   341   282   366 0.78 -
evm.utg418.8                            -            464 366936at33208        -            236   2.5e-15   58.2   0.5   1   2   3.4e-14   2.2e-12   48.5   0.2     2   140    93   240    92   249 0.84 -
evm.utg418.8                            -            464 366936at33208        -            236   2.5e-15   58.2   0.5   2   2       0.1       6.5    7.7   0.0   153   207   289   341   282   366 0.78 -
evm.utg268.10                           -            598 366936at33208        -            236   2.5e-15   58.2   0.0   1   1   7.4e-17   4.8e-15   57.2   0.0    48   206    28   192     3   216 0.84 -
evm.utg5390.47.2.5c22f1f7               -            331 366936at33208        -            236   2.7e-15   58.0   0.5   1   1   5.5e-17   3.5e-15   57.7   0.5     3   209    90   304    88   325 0.81 -
evm.utg5390.47.1.5c22f1f7               -            411 366936at33208        -            236   2.7e-15   58.0   0.5   1   1     6e-17   3.8e-15   57.6   0.5     3   214    90   309    88   330 0.80 -
evm.utg436.1                            -           1127 366936at33208        -            236   2.8e-15   58.0   0.1   1   2       2.6   1.6e+02    3.1   0.1     7    97   606   702   600   712 0.73 -
evm.utg436.1                            -           1127 366936at33208        -            236   2.8e-15   58.0   0.1   2   2   2.2e-15   1.4e-13   52.4   0.0    92   213   842   960   835   968 0.88 -
evm.utg2994.26                          -            525 366936at33208        -            236   2.8e-15   58.0   0.0   1   1   7.2e-17   4.6e-15   57.3   0.0    44   192    62   228    16   268 0.75 -
evm.utg104.39.1.5c22e80c                -            832 366936at33208        -            236   3.2e-15   57.8   0.0   1   1   9.9e-17   6.3e-15   56.8   0.0     6   192    27   221    22   228 0.80 -
evm.utg5390.47                          -            449 366936at33208        -            236   3.4e-15   57.7   0.5   1   1   7.5e-17   4.8e-15   57.2   0.5     3   213    90   308    88   330 0.80 -
evm.utg301.143.2.5c22eea4               -            408 366936at33208        -            236   3.8e-15   57.6   1.6   1   1     9e-15   5.8e-13   50.4   1.6     3   204   129   356   127   373 0.72 -
evm.utg104.39.2.5c22e80c                -            915 366936at33208        -            236   3.8e-15   57.6   0.0   1   1   1.2e-16   7.4e-15   56.6   0.0     6   192    27   221    22   228 0.80 -
evm.utg104.39                           -            927 366936at33208        -            236   3.8e-15   57.5   0.0   1   1   1.2e-16   7.6e-15   56.6   0.0     6   192    27   221    22   228 0.80 -
evm.utg301.143.1.5c22eea4               -            460 366936at33208        -            236   3.9e-15   57.5   5.1   1   1   1.6e-15     1e-13   52.9   1.7     3   204   129   355   127   372 0.71 -
evm.utg55.116.2.5c22f229                -            269 366936at33208        -            236   4.2e-15   57.4   0.0   1   1   1.5e-16   9.6e-15   56.2   0.0     3   229    15   260    13   264 0.80 -
evm.utg4318.2                           -            718 366936at33208        -            236   4.4e-15   57.3   0.1   1   1   1.6e-16     1e-14   56.2   0.0    17   210   425   621   407   644 0.77 -
evm.utg14.52                            -           1350 366936at33208        -            236   4.6e-15   57.3   0.3   1   2       1.4        93    3.9   0.0    95   142   577   624   571   714 0.84 -
evm.utg14.52                            -           1350 366936at33208        -            236   4.6e-15   57.3   0.3   2   2   6.6e-15   4.2e-13   50.9   0.1    52   189   822   967   799   976 0.85 -
evm.utg2929.20                          -            437 366936at33208        -            236   5.2e-15   57.1   0.1   1   1   8.8e-16   5.6e-14   53.7   0.1     3   142    55   202    53   229 0.81 -
evm.utg109.103                          -            952 366936at33208        -            236   5.8e-15   56.9   0.0   1   1   5.9e-15   3.8e-13   51.0   0.0     7   201   563   784   559   800 0.72 -
evm.utg2417.19.1.5c22ed95.1.5c27925c    -            364 366936at33208        -            236   6.7e-15   56.7   0.1   1   1   1.3e-15   8.6e-14   53.1   0.1     3   193    16   228    14   240 0.78 -
evm.utg5367.16                          -           1326 366936at33208        -            236   7.7e-15   56.6   0.9   1   2   4.8e-13   3.1e-11   44.8   0.0     6   139     7   143     2   153 0.82 -
evm.utg5367.16                          -           1326 366936at33208        -            236   7.7e-15   56.6   0.9   2   2     0.048         3    8.8   0.0   157   209   175   224   167   238 0.77 -
evm.utg1970.23                          -            574 366936at33208        -            236   7.9e-15   56.5   0.0   1   2   8.2e-11   5.3e-09   37.5   0.0     5   140    82   221    78   232 0.82 -
evm.utg1970.23                          -            574 366936at33208        -            236   7.9e-15   56.5   0.0   2   2   0.00017     0.011   16.8   0.0   158   230   356   427   349   432 0.82 -
evm.utg2417.19.3.5c22ed96               -            382 366936at33208        -            236   8.1e-15   56.5   0.1   1   1   1.5e-15   9.3e-14   53.0   0.1     3   193    16   228    14   243 0.78 -
evm.utg1890.18                          -            575 366936at33208        -            236   8.2e-15   56.5   0.0   1   2   8.3e-11   5.3e-09   37.5   0.0     5   140    82   221    78   232 0.82 -
evm.utg1890.18                          -            575 366936at33208        -            236   8.2e-15   56.5   0.0   2   2   0.00017     0.011   16.8   0.0   158   230   357   428   350   433 0.82 -
evm.utg666.25                           -            492 366936at33208        -            236   8.9e-15   56.3   0.1   1   1   2.3e-16   1.5e-14   55.6   0.1     9   212    94   304    87   324 0.85 -
evm.utg55.116.1.5c22f229                -            338 366936at33208        -            236   9.3e-15   56.3   0.0   1   1   3.3e-16   2.1e-14   55.1   0.0     3   229    15   260    13   264 0.80 -
evm.utg48.29.3.5c22f15f                 -           1393 366936at33208        -            236   9.7e-15   56.2   0.1   1   1   3.8e-16   2.4e-14   54.9   0.1     7   185   987  1178   983  1198 0.79 -
evm.utg798.8                            -           1098 366936at33208        -            236     1e-14   56.2   0.0   1   2   5.6e-13   3.6e-11   44.6   0.0     3   142   683   831   681   840 0.83 -
evm.utg798.8                            -           1098 366936at33208        -            236     1e-14   56.2   0.0   2   2      0.04       2.6    9.0   0.0   141   207   886   952   882   973 0.83 -
evm.utg48.29                            -           1420 366936at33208        -            236     1e-14   56.2   0.1   1   1   3.9e-16   2.5e-14   54.9   0.1     7   185  1014  1205  1010  1225 0.79 -
evm.utg116.201                          -            588 366936at33208        -            236     1e-14   56.2   0.1   1   2     0.028       1.8    9.5   0.1    23    92   261   332   243   364 0.78 -
evm.utg116.201                          -            588 366936at33208        -            236     1e-14   56.2   0.1   2   2   7.9e-13     5e-11   44.1   0.0    94   196   389   492   383   514 0.86 -
evm.utg256.24                           -           2633 366936at33208        -            236     1e-14   56.2   0.0   1   1   3.8e-16   2.4e-14   54.9   0.0     8   194  1995  2187  1989  2207 0.78 -
evm.utg55.116                           -            349 366936at33208        -            236     1e-14   56.1   0.0   1   1   3.7e-16   2.3e-14   55.0   0.0     3   229    15   260    13   264 0.80 -
evm.utg4468.5                           -           1733 366936at33208        -            236   1.1e-14   56.1   0.0   1   1   3.6e-16   2.3e-14   55.0   0.0     7   200  1325  1531  1320  1547 0.78 -
evm.utg1005.52                          -           1807 366936at33208        -            236   1.2e-14   55.9   0.0   1   1   5.1e-16   3.3e-14   54.5   0.0     8   202  1403  1608  1397  1626 0.75 -
evm.utg36649.3                          -            472 366936at33208        -            236   1.3e-14   55.8   0.0   1   1   2.9e-16   1.8e-14   55.3   0.0     6   200   167   367   162   416 0.86 -
evm.utg3470.3                           -           1411 366936at33208        -            236   1.4e-14   55.7   0.0   1   1   4.3e-16   2.8e-14   54.7   0.0     7   200  1004  1210  1000  1226 0.79 -
evm.utg2417.19.1.5c22ed95               -            468 366936at33208        -            236   1.6e-14   55.5   0.1   1   1   2.5e-15   1.6e-13   52.3   0.1     3   193    16   228    14   243 0.78 -
evm.utg234.148                          -            652 366936at33208        -            236   1.6e-14   55.5   0.0   1   1   4.4e-16   2.8e-14   54.7   0.0     7   204   394   600   388   615 0.81 -
evm.utg77.72                            -            508 366936at33208        -            236   1.6e-14   55.5   0.0   1   1   4.1e-16   2.6e-14   54.8   0.0     6   205   245   449   240   459 0.80 -
evm.utg109.89                           -            672 366936at33208        -            236   1.8e-14   55.4   0.1   1   2   0.00081     0.052   14.6   0.1     7    84   354   436   348   447 0.80 -
evm.utg109.89                           -            672 366936at33208        -            236   1.8e-14   55.4   0.1   2   2   5.5e-11   3.5e-09   38.0   0.0    95   196   476   578   469   586 0.85 -
evm.utg4082.65                          -           1361 366936at33208        -            236   1.9e-14   55.3   0.0   1   2       2.6   1.6e+02    3.1   0.0    26    83   903   960   892   976 0.77 -
evm.utg4082.65                          -           1361 366936at33208        -            236   1.9e-14   55.3   0.0   2   2     2e-14   1.2e-12   49.3   0.0    96   209   997  1111   984  1122 0.84 -
evm.utg750.74.1.5c22f3e6                -            520 366936at33208        -            236     2e-14   55.2   0.1   1   1     5e-16   3.2e-14   54.5   0.1     3   212   190   407   188   424 0.80 -
evm.utg1754.52                          -            613 366936at33208        -            236     2e-14   55.2   0.1   1   1   8.9e-16   5.7e-14   53.7   0.0     7   205   355   562   349   574 0.81 -
evm.utg62.159                           -            515 366936at33208        -            236     2e-14   55.2   0.1   1   1   4.5e-15   2.9e-13   51.4   0.1     3   193    16   228    14   241 0.78 -
evm.utg750.47                           -            607 366936at33208        -            236   2.1e-14   55.2   0.1   1   2     4e-10   2.5e-08   35.2   0.2     2   126    83   226    82   252 0.71 -
evm.utg750.47                           -            607 366936at33208        -            236   2.1e-14   55.2   0.1   2   2   0.00011    0.0069   17.4   0.0   131   195   442   501   436   546 0.71 -
evm.utg2417.19                          -            523 366936at33208        -            236   2.2e-14   55.1   0.1   1   1   3.3e-15   2.1e-13   51.9   0.1     3   193    16   228    14   242 0.78 -
evm.utg4880.22                          -            784 366936at33208        -            236   2.2e-14   55.1   0.0   1   1   6.3e-16   4.1e-14   54.2   0.0     7   204   526   732   520   747 0.81 -
evm.utg3329.37                          -           4208 366936at33208        -            236   2.4e-14   54.9   0.0   1   1   6.8e-16   4.4e-14   54.1   0.0     7   200  3793  4000  3787  4020 0.76 -
evm.utg3329.37.1.5c22ef35               -           4237 366936at33208        -            236   2.4e-14   54.9   0.0   1   1   6.9e-16   4.4e-14   54.1   0.0     7   200  3822  4029  3816  4049 0.76 -
evm.utg77.70                            -            527 366936at33208        -            236   2.5e-14   54.9   0.0   1   1   7.6e-16   4.8e-14   53.9   0.0     7   206   264   469   258   484 0.79 -
evm.utg3181.1                           -            648 366936at33208        -            236   2.5e-14   54.9   0.0   1   1   6.7e-16   4.3e-14   54.1   0.0     8   189   248   438   243   457 0.79 -
evm.utg750.47.1.5c22f3e0                -            526 366936at33208        -            236   2.6e-14   54.8   0.2   1   2     3e-10   1.9e-08   35.6   0.2     2   126    83   226    82   252 0.71 -
evm.utg750.47.1.5c22f3e0                -            526 366936at33208        -            236   2.6e-14   54.8   0.2   2   2   0.00018     0.012   16.7   0.0   131   194   442   500   436   513 0.80 -
evm.utg798.68.1.5c22f45c.1.5c2797f8     -            414 366936at33208        -            236     3e-14   54.6   0.1   1   1   6.8e-16   4.4e-14   54.1   0.1     3   210    32   247    30   270 0.79 -
evm.utg579.29.3.5c22f24d.2.5c279646     -            384 366936at33208        -            236     3e-14   54.6   0.0   1   1   6.3e-16     4e-14   54.2   0.0     5   193    73   270    69   300 0.84 -
evm.utg279.32                           -            523 366936at33208        -            236   3.4e-14   54.5   0.0   1   1     1e-15   6.4e-14   53.5   0.0     7   192    19   228    14   268 0.72 -
evm.utg750.74                           -            687 366936at33208        -            236   3.5e-14   54.4   0.1   1   1   9.1e-16   5.8e-14   53.7   0.1     3   212   357   574   355   591 0.80 -
evm.utg798.68.1.5c22f45c.2.5c2797f8     -            453 366936at33208        -            236   3.6e-14   54.4   0.1   1   1   8.6e-16   5.5e-14   53.8   0.1     3   210    60   275    58   298 0.79 -
evm.utg536.84.73                        -            263 366936at33208        -            236   3.6e-14   54.3   0.1   1   1   4.8e-15   3.1e-13   51.3   0.1    48   144     3   109     1   220 0.76 -
evm.utg301.143                          -            461 366936at33208        -            236   3.7e-14   54.3   4.8   1   1   1.1e-14   7.3e-13   50.1   1.5     3   204   129   356   127   373 0.72 -
evm.utg4468.4                           -            972 366936at33208        -            236   4.4e-14   54.1   0.1   1   1   1.6e-15     1e-13   52.9   0.1     7   186   569   760   564   781 0.79 -
evm.utg6293.4                           -            475 366936at33208        -            236   4.6e-14   54.0   0.0   1   1   1.6e-15     1e-13   52.9   0.0    27   206   243   425   224   438 0.77 -
evm.utg15164.12                         -           2633 366936at33208        -            236   4.7e-14   54.0   0.0   1   1   1.6e-15   1.1e-13   52.8   0.0     8   194  1995  2187  1989  2208 0.77 -
evm.utg11411.30                         -            672 366936at33208        -            236   4.8e-14   54.0   0.0   1   1   1.4e-15   8.7e-14   53.1   0.0     5   208   339   550   335   575 0.78 -
evm.utg162.24                           -            672 366936at33208        -            236   4.8e-14   54.0   0.0   1   1   1.4e-15   8.7e-14   53.1   0.0     5   208   339   550   335   575 0.78 -
evm.utg579.29.4.5c22f24d                -            479 366936at33208        -            236   4.9e-14   53.9   0.0   1   1   1.1e-15   7.1e-14   53.4   0.0     5   193   168   365   164   394 0.84 -
evm.utg4318.31                          -            955 366936at33208        -            236   4.9e-14   53.9   0.2   1   1   2.8e-15   1.8e-13   52.1   0.0     8   186   554   741   549   759 0.78 -
evm.utg4898.11                          -            426 366936at33208        -            236   5.6e-14   53.7   0.0   1   1   1.5e-15   9.6e-14   53.0   0.0     9   211    67   275    61   293 0.74 -
evm.utg579.29.3.5c22f24d.1.5c279646     -            543 366936at33208        -            236   6.5e-14   53.5   0.0   1   1   1.5e-15   9.5e-14   53.0   0.0     5   193   232   429   228   458 0.84 -
evm.utg1721.59.1.5c22ebcb               -            302 366936at33208        -            236   6.5e-14   53.5   0.4   1   1   1.6e-15     1e-13   52.9   0.4     5   193    27   219    23   242 0.80 -
evm.utg579.29.1.5c22f24d                -            559 366936at33208        -            236   6.6e-14   53.5   0.0   1   1   1.6e-15     1e-13   52.9   0.0     5   193   248   445   244   474 0.84 -
evm.utg579.29.2.5c22f24d                -            559 366936at33208        -            236   6.6e-14   53.5   0.0   1   1   1.6e-15     1e-13   52.9   0.0     5   193   248   445   244   474 0.84 -
evm.utg221.9                            -            435 366936at33208        -            236   7.1e-14   53.4   0.0   1   1     2e-15   1.3e-13   52.6   0.0    19   216    89   289    71   305 0.75 -
evm.utg625.69                           -           1444 366936at33208        -            236   7.2e-14   53.4   0.0   1   1     2e-15   1.3e-13   52.6   0.0     8   215   131   353   124   371 0.79 -
evm.utg1721.59                          -            334 366936at33208        -            236   8.3e-14   53.2   0.4   1   1   2.1e-15   1.4e-13   52.5   0.4     5   193    27   219    23   242 0.80 -
evm.utg2818.24                          -            414 366936at33208        -            236   8.7e-14   53.1   0.1   1   1   1.8e-15   1.2e-13   52.7   0.1     3   193    23   225    21   270 0.77 -
evm.utg579.29                           -            642 366936at33208        -            236   8.7e-14   53.1   0.0   1   1   2.1e-15   1.4e-13   52.5   0.0     5   193   331   528   327   557 0.84 -
evm.utg467.27                           -           1551 366936at33208        -            236   9.2e-14   53.0   0.0   1   2   6.6e-08   4.2e-06   28.0   0.0    95   204   376   489   346   504 0.83 -
evm.utg467.27                           -           1551 366936at33208        -            236   9.2e-14   53.0   0.0   2   2   6.1e-06   0.00039   21.5   0.0    96   197  1322  1424  1310  1445 0.72 -
evm.utg7127.42                          -           1903 366936at33208        -            236   9.5e-14   53.0   0.0   1   1   4.2e-15   2.7e-13   51.5   0.0     9   183  1511  1693  1506  1706 0.80 -
evm.utg55.36                            -            600 366936at33208        -            236     1e-13   52.9   0.0   1   2    0.0074      0.47   11.4   0.0     9    93   272   362   265   378 0.77 -
evm.utg55.36                            -            600 366936at33208        -            236     1e-13   52.9   0.0   2   2   2.6e-11   1.7e-09   39.1   0.0    94   203   386   497   373   511 0.83 -
evm.utg4901.10                          -           1055 366936at33208        -            236   1.1e-13   52.8   0.2   1   2       0.1       6.5    7.7   0.1    14    91   716   794   705   801 0.77 -
evm.utg4901.10                          -           1055 366936at33208        -            236   1.1e-13   52.8   0.2   2   2   3.2e-12   2.1e-10   42.1   0.0    95   204   857   970   845   992 0.82 -
evm.utg4901.10.2.5c22f17d               -           1055 366936at33208        -            236   1.1e-13   52.8   0.2   1   2       0.1       6.5    7.7   0.1    14    91   716   794   705   801 0.77 -
evm.utg4901.10.2.5c22f17d               -           1055 366936at33208        -            236   1.1e-13   52.8   0.2   2   2   3.2e-12   2.1e-10   42.1   0.0    95   204   857   970   845   992 0.82 -
evm.utg180.18                           -           1374 366936at33208        -            236   1.1e-13   52.8   0.0   1   1   3.3e-15   2.1e-13   51.8   0.0     8   202   969  1172   964  1189 0.78 -
evm.utg180.18.1.5c22ec0b                -           1374 366936at33208        -            236   1.1e-13   52.8   0.0   1   1   3.3e-15   2.1e-13   51.8   0.0     8   202   969  1172   964  1189 0.78 -
evm.utg180.18.2.5c22ec0b                -           1374 366936at33208        -            236   1.1e-13   52.8   0.0   1   1   3.3e-15   2.1e-13   51.8   0.0     8   202   969  1172   964  1189 0.78 -
evm.utg20075.12                         -            114 366936at33208        -            236   1.2e-13   52.7   0.0   1   1     2e-15   1.3e-13   52.6   0.0    96   182    22   111     7   113 0.84 -
evm.utg7149.8                           -            330 366936at33208        -            236   1.4e-13   52.4   0.0   1   1     3e-15   1.9e-13   52.0   0.0     4   196    20   217    17   252 0.80 -
evm.utg1754.52.1.5c22ebec               -            785 366936at33208        -            236   1.5e-13   52.4   0.4   1   1   5.8e-15   3.7e-13   51.0   0.0     7   197   576   775   570   783 0.81 -
evm.utg1330.4.2.5c22ea36                -            520 366936at33208        -            236   1.5e-13   52.4   0.0   1   1   3.9e-15   2.5e-13   51.6   0.0     6   193   203   399   198   425 0.83 -
evm.utg16094.19                         -            774 366936at33208        -            236   1.5e-13   52.3   0.0   1   1   4.1e-15   2.6e-13   51.6   0.0     8   198   369   570   365   586 0.76 -
evm.utg791.41                           -           2063 366936at33208        -            236   1.7e-13   52.1   0.0   1   1   7.4e-15   4.7e-13   50.7   0.0     7   183  1663  1846  1659  1860 0.80 -
evm.utg1330.4.1.5c22ea36                -            573 366936at33208        -            236   1.8e-13   52.1   0.0   1   1   4.9e-15   3.1e-13   51.3   0.0     6   193   203   399   198   425 0.83 -
evm.utg1330.4                           -            574 366936at33208        -            236   1.8e-13   52.1   0.0   1   1   4.9e-15   3.1e-13   51.3   0.0     6   193   203   399   198   425 0.83 -
evm.utg1049.10.1.5c278eb7               -            603 366936at33208        -            236   1.8e-13   52.1   0.0   1   1   4.1e-15   2.6e-13   51.5   0.0     8   190   400   593   391   599 0.73 -
evm.utg364.7                            -           2512 366936at33208        -            236   1.9e-13   52.0   0.0   1   1     7e-15   4.5e-13   50.8   0.0     7   165  2107  2274  2103  2340 0.75 -
evm.utg2994.28                          -            536 366936at33208        -            236   1.9e-13   52.0   0.0   1   1   5.5e-15   3.5e-13   51.1   0.0    45   192    63   228    20   269 0.78 -
evm.utg4177.37                          -            332 366936at33208        -            236   1.9e-13   52.0   0.3   1   1   5.4e-15   3.4e-13   51.2   0.3     3   141    12   160    10   220 0.78 -
evm.utg170.2                            -            548 366936at33208        -            236   2.1e-13   51.9   0.0   1   1   5.8e-15   3.7e-13   51.0   0.0     6   193   203   399   198   425 0.82 -
evm.utg170.2.1.5c22ebb9                 -            548 366936at33208        -            236   2.1e-13   51.9   0.0   1   1   5.8e-15   3.7e-13   51.0   0.0     6   193   203   399   198   425 0.82 -
evm.utg31272.13                         -            747 366936at33208        -            236   2.4e-13   51.7   0.1   1   1   3.5e-14   2.2e-12   48.5   0.0     6   209   440   649   435   669 0.78 -
evm.utg48.29.2.5c22f15f.1.5c279585      -           1417 366936at33208        -            236   3.3e-13   51.2   0.1   1   1   1.5e-14   9.4e-13   49.7   0.1     7   196  1010  1212  1006  1231 0.75 -
evm.utg48.29.4.5c22f15f                 -           1417 366936at33208        -            236   3.3e-13   51.2   0.1   1   1   1.5e-14   9.4e-13   49.7   0.1     7   196  1010  1212  1006  1231 0.75 -
evm.utg16094.5                          -           1405 366936at33208        -            236   3.6e-13   51.1   0.0   1   1   1.1e-14   6.9e-13   50.2   0.0     8   198  1000  1201   996  1217 0.76 -
evm.utg817.22                           -            373 366936at33208        -            236   4.7e-13   50.7   0.0   1   1   1.5e-13   9.5e-12   46.4   0.0     3   214    58   296    56   306 0.73 -
evm.utg378.174                          -           1056 366936at33208        -            236   4.7e-13   50.7   0.0   1   1   2.1e-13   1.3e-11   46.0   0.0     8   209   753   978   748   989 0.76 -
evm.utg55.168                           -            940 366936at33208        -            236   5.3e-13   50.5   0.0   1   1   1.4e-14   8.9e-13   49.8   0.0     2   196   139   346   138   355 0.79 -
evm.utg1925.30.1.5c22ec71.1.5c279162    -            505 366936at33208        -            236   5.7e-13   50.4   0.2   1   1   3.4e-14   2.2e-12   48.5   0.0     9   198    17   228    11   251 0.70 -
evm.utg51603.1.2                        -           2829 366936at33208        -            236   6.1e-13   50.3   0.1   1   1   2.2e-14   1.4e-12   49.1   0.1     8   186  2429  2614  2422  2636 0.78 -
evm.utg109.90                           -           1030 366936at33208        -            236   6.5e-13   50.2   0.0   1   2      0.61        39    5.2   0.0     7    83   705   786   700   799 0.80 -
evm.utg109.90                           -           1030 366936at33208        -            236   6.5e-13   50.2   0.0   2   2   2.3e-12   1.5e-10   42.5   0.0    96   201   824   930   818   942 0.82 -
evm.utg11814.8                          -            745 366936at33208        -            236   6.7e-13   50.2   2.9   1   1   2.3e-13   1.5e-11   45.8   2.9     3   186    10   184     8   203 0.78 -
evm.utg1925.30.1.5c22ec71.2.5c279162    -            442 366936at33208        -            236   6.8e-13   50.2   0.0   1   1   2.4e-14   1.5e-12   49.0   0.0     9   198    17   228    11   252 0.70 -
evm.utg5950.7                           -            943 366936at33208        -            236   6.8e-13   50.2   0.1   1   1   2.1e-14   1.3e-12   49.2   0.1     8   195   560   766   553   787 0.72 -
evm.utg6422.10                          -            372 366936at33208        -            236     7e-13   50.2   0.0   1   1   1.3e-13   8.4e-12   46.6   0.0     3   214    57   295    55   303 0.75 -
evm.utg977.4                            -           1914 366936at33208        -            236   7.4e-13   50.1   0.0   1   2   5.1e-07   3.3e-05   25.0   0.0    85   198   787   901   774   925 0.78 -
evm.utg977.4                            -           1914 366936at33208        -            236   7.4e-13   50.1   0.0   2   2   5.5e-06   0.00035   21.7   0.0    96   198  1746  1849  1739  1870 0.72 -
evm.utg4907.63                          -            537 366936at33208        -            236   7.6e-13   50.0   0.0   1   1   1.6e-14     1e-12   49.6   0.0     3   186    95   284    93   310 0.83 -
evm.utg7549.28                          -           1055 366936at33208        -            236   7.7e-13   50.0   0.2   1   2      0.71        46    4.9   0.1    15    90   717   793   682   800 0.74 -
evm.utg7549.28                          -           1055 366936at33208        -            236   7.7e-13   50.0   0.2   2   2   3.3e-12   2.1e-10   42.0   0.0    95   204   857   970   846   992 0.82 -
evm.utg6669.10                          -           1329 366936at33208        -            236   8.8e-13   49.8   0.0   1   1   2.7e-14   1.7e-12   48.8   0.0     8   202   922  1127   917  1142 0.78 -
evm.utg1925.30.1.5c22ec71               -            597 366936at33208        -            236   9.1e-13   49.8   0.2   1   1     5e-14   3.2e-12   48.0   0.0     9   198    17   228    11   251 0.71 -
evm.utg2661.10                          -            463 366936at33208        -            236   9.5e-13   49.7   0.1   1   1   2.3e-14   1.5e-12   49.1   0.1    10   198    73   269    67   299 0.75 -
evm.utg3284.37.4.5c22ef20               -            294 366936at33208        -            236   9.7e-13   49.7   0.1   1   1   2.6e-14   1.7e-12   48.9   0.1    47   209    31   196     3   224 0.71 -
evm.utg498.50                           -            887 366936at33208        -            236   1.1e-12   49.5   0.0   1   1     3e-14   1.9e-12   48.7   0.0    45   190   530   692   501   730 0.80 -
evm.utg255.10                           -            347 366936at33208        -            236   1.1e-12   49.5   0.0   1   1   3.4e-14   2.2e-12   48.5   0.0     9   183    42   227    34   244 0.77 -
evm.utg364.5                            -            152 366936at33208        -            236   1.3e-12   49.3   0.3   1   1   2.7e-14   1.7e-12   48.9   0.3     7   125    22   144    18   147 0.83 -
evm.utg411.92.1.5c22f07a                -            742 366936at33208        -            236   1.3e-12   49.3   0.0   1   1   4.6e-14   2.9e-12   48.1   0.0     8   192   432   625   427   659 0.73 -
evm.utg4468.13                          -            461 366936at33208        -            236   1.3e-12   49.2   0.0   1   1   3.8e-14   2.4e-12   48.4   0.0     7   180    59   244    54   259 0.79 -
evm.utg3839.9                           -           1418 366936at33208        -            236   1.4e-12   49.2   0.3   1   1   9.4e-14     6e-12   47.1   0.3     3   200   525   744   523   776 0.67 -
evm.utg4796.7                           -            287 366936at33208        -            236   1.4e-12   49.1   0.0   1   1   3.6e-14   2.3e-12   48.5   0.0     9   183    29   216    23   228 0.72 -
evm.utg411.92                           -            796 366936at33208        -            236   1.5e-12   49.0   0.0   1   1   5.2e-14   3.3e-12   47.9   0.0     8   192   486   679   481   713 0.73 -
evm.utg1925.30                          -            776 366936at33208        -            236   1.6e-12   49.0   0.1   1   1   8.2e-14   5.2e-12   47.3   0.0     9   198    17   228    11   252 0.70 -
evm.utg4468.8                           -            335 366936at33208        -            236   1.7e-12   48.9   0.0   1   1   4.2e-14   2.7e-12   48.2   0.0    97   198    23   132     7   149 0.81 -
evm.utg378.172                          -            537 366936at33208        -            236   1.7e-12   48.9   0.3   1   1   3.3e-12   2.1e-10   42.0   0.3     7   201   238   461   233   491 0.73 -
evm.utg225.17                           -            458 366936at33208        -            236   1.8e-12   48.8   0.0   1   1   4.7e-14     3e-12   48.1   0.0     2   192   202   405   201   415 0.80 -
evm.utg48.29.1.5c22f15f                 -           1416 366936at33208        -            236   1.9e-12   48.7   0.1   1   1   8.3e-14   5.3e-12   47.3   0.1     7   185  1010  1201  1006  1221 0.75 -
evm.utg3790.3                           -            287 366936at33208        -            236   1.9e-12   48.7   0.0   1   1   4.8e-14     3e-12   48.1   0.0     9   183    29   216    23   228 0.71 -
evm.utg48.29.2.5c22f15f                 -           1416 366936at33208        -            236   1.9e-12   48.7   0.1   1   1   8.5e-14   5.5e-12   47.2   0.1     7   185  1010  1201  1006  1221 0.75 -
evm.utg4318.27                          -           2919 366936at33208        -            236   1.9e-12   48.7   0.1   1   1     1e-13   6.5e-12   47.0   0.1     9   185  2519  2704  2514  2719 0.79 -
evm.utg413.27.1.5c22f07f                -            562 366936at33208        -            236     2e-12   48.7   0.1   1   1   5.3e-14   3.4e-12   47.9   0.1    48   203     1   164     1   195 0.72 -
evm.utg109.89.1.5c22e894                -            517 366936at33208        -            236     2e-12   48.6   0.2   1   2   0.00055     0.035   15.1   0.1     7    84   328   410   322   421 0.80 -
evm.utg109.89.1.5c22e894                -            517 366936at33208        -            236     2e-12   48.6   0.2   2   2   8.6e-09   5.5e-07   30.9   0.0    95   142   450   497   443   500 0.95 -
evm.utg18537.11                         -            872 366936at33208        -            236   2.1e-12   48.6   1.3   1   1   8.3e-14   5.3e-12   47.3   1.3     9   190    48   250    41   264 0.73 -
evm.utg1683.42                          -           1088 366936at33208        -            236   2.2e-12   48.5   0.2   1   1   2.2e-11   1.4e-09   39.3   0.2     9   197   773  1002   767  1019 0.69 -
evm.utg377.1                            -           1033 366936at33208        -            236   2.2e-12   48.5   0.2   1   2       1.3        83    4.1   0.0   101   191   577   671   514   716 0.75 -
evm.utg377.1                            -           1033 366936at33208        -            236   2.2e-12   48.5   0.2   2   2   3.3e-12   2.1e-10   42.0   0.1    41   189   806   961   780   974 0.79 -
evm.utg279.36                           -            235 366936at33208        -            236   2.3e-12   48.5   0.0   1   1   5.9e-14   3.8e-12   47.8   0.0     7   183    18   219    12   233 0.71 -
evm.utg116.113                          -            577 366936at33208        -            236   2.3e-12   48.5   0.0   1   1   6.2e-14     4e-12   47.7   0.0   103   211    10   116     5   137 0.87 -
evm.utg693.7                            -            348 366936at33208        -            236   2.3e-12   48.5   0.1   1   1   5.9e-13   3.8e-11   44.5   0.1     4   206    61   278    58   290 0.75 -
evm.utg1363.2.1.5c22ea60                -            348 366936at33208        -            236   2.3e-12   48.5   0.1   1   1   6.3e-13     4e-11   44.4   0.1     4   206    61   278    58   288 0.75 -
evm.utg1363.2                           -            348 366936at33208        -            236   2.3e-12   48.5   0.1   1   1   6.3e-13     4e-11   44.4   0.1     4   206    61   278    58   288 0.75 -
evm.utg31304.6                          -            346 366936at33208        -            236   2.3e-12   48.4   0.1   1   1   6.2e-13     4e-11   44.4   0.1     4   206    59   276    56   286 0.75 -
evm.utg62.51                            -            749 366936at33208        -            236     3e-12   48.1   0.0   1   1     8e-14   5.1e-12   47.3   0.0     7   191   101   280    95   291 0.77 -
evm.utg10321.27                         -            749 366936at33208        -            236     3e-12   48.1   0.0   1   1     8e-14   5.1e-12   47.3   0.0     7   191   101   280    95   291 0.77 -
evm.utg572.23                           -            347 366936at33208        -            236     3e-12   48.1   0.0   1   1   9.6e-14   6.1e-12   47.1   0.0     9   183    42   227    35   242 0.76 -
evm.utg579.29.3.5c22f24d                -            538 366936at33208        -            236   3.1e-12   48.0   0.0   1   1   7.3e-14   4.7e-12   47.4   0.0     5   193   232   424   228   453 0.83 -
evm.utg2100.27                          -            974 366936at33208        -            236   3.2e-12   48.0   0.0   1   2    0.0056      0.36   11.8   0.0     7    62   521   575   515   580 0.87 -
evm.utg2100.27                          -            974 366936at33208        -            236   3.2e-12   48.0   0.0   2   2   1.6e-09     1e-07   33.3   0.0    91   187   789   896   695   923 0.72 -
evm.utg2994.24                          -            551 366936at33208        -            236   3.3e-12   48.0   0.0   1   1   1.7e-13   1.1e-11   46.2   0.0     4   201    18   243    15   252 0.70 -
evm.utg95.36                            -           1145 366936at33208        -            236   3.6e-12   47.8   0.0   1   1   3.9e-13   2.5e-11   45.1   0.0     7   210   759   983   753   992 0.77 -
evm.utg666.24                           -            809 366936at33208        -            236   4.1e-12   47.6   0.2   1   1   1.1e-13     7e-12   46.9   0.2     7   200   407   611   401   633 0.81 -
evm.utg129.49                           -            581 366936at33208        -            236   4.3e-12   47.6   0.3   1   1   1.1e-13   6.9e-12   46.9   0.3     7   200   179   383   173   411 0.83 -
evm.utg17460.1                          -            260 366936at33208        -            236   4.6e-12   47.5   0.0   1   1   1.1e-13   7.2e-12   46.8   0.0    94   190    88   185    73   197 0.86 -
evm.utg622.25                           -            372 366936at33208        -            236   4.8e-12   47.4   0.0   1   1   2.6e-13   1.7e-11   45.6   0.0     8   212    79   298    73   313 0.78 -
evm.utg219.29                           -            372 366936at33208        -            236     5e-12   47.3   0.0   1   1   2.6e-13   1.7e-11   45.6   0.0     8   212    79   298    73   313 0.78 -
evm.utg234.47                           -            592 366936at33208        -            236   5.6e-12   47.2   0.0   1   1   1.4e-13   8.7e-12   46.6   0.0    53   189    19   163    10   175 0.86 -
evm.utg7042.21.1.5c22f36c               -           1231 366936at33208        -            236   5.6e-12   47.2   0.2   1   2       3.8   2.4e+02    2.6   0.0   101   142   448   489   437   583 0.80 -
evm.utg7042.21.1.5c22f36c               -           1231 366936at33208        -            236   5.6e-12   47.2   0.2   2   2     3e-12   1.9e-10   42.2   0.1    50   188   686   831   663   844 0.80 -
evm.utg2487.44                          -            357 366936at33208        -            236   5.9e-12   47.1   0.0   1   1   3.8e-13   2.5e-11   45.1   0.0    92   187   124   221   105   266 0.86 -
evm.utg1281.12.1.5c22e9e4               -           1420 366936at33208        -            236   6.2e-12   47.0   0.0   1   1   3.4e-13   2.2e-11   45.3   0.0     3   197    73   279    71   292 0.81 -
evm.utg1281.12                          -           1398 366936at33208        -            236   6.3e-12   47.0   0.0   1   1   3.3e-13   2.1e-11   45.3   0.0     3   197    73   279    71   292 0.81 -
evm.utg1765.24                          -            685 366936at33208        -            236   6.4e-12   47.0   0.1   1   1   1.8e-13   1.1e-11   46.2   0.1     7   196   435   630   429   646 0.81 -
evm.utg1919.102.1.5c22ec65.3.5c279155   -            640 366936at33208        -            236   6.9e-12   46.9   0.0   1   1   1.7e-13   1.1e-11   46.2   0.0    28   187    23   204     3   219 0.77 -
evm.utg279.37                           -            550 366936at33208        -            236   7.1e-12   46.9   0.0   1   1   2.3e-13   1.5e-11   45.8   0.0     4   202    18   244    15   259 0.70 -
evm.utg1919.16.1.5c22ec69               -            455 366936at33208        -            236   7.1e-12   46.8   0.0   1   1   2.1e-13   1.3e-11   46.0   0.0     6   186    13   223     8   237 0.69 -
evm.utg344.92                           -           1148 366936at33208        -            236   7.9e-12   46.7   0.1   1   1   2.6e-13   1.6e-11   45.7   0.1     8   189   735   928   729   946 0.72 -
evm.utg7042.21                          -           1412 366936at33208        -            236   7.9e-12   46.7   0.2   1   2       4.6   2.9e+02    2.3   0.0   101   142   629   670   618   763 0.81 -
evm.utg7042.21                          -           1412 366936at33208        -            236   7.9e-12   46.7   0.2   2   2   3.6e-12   2.3e-10   41.9   0.1    50   188   867  1012   844  1025 0.80 -
evm.utg8768.7                           -            895 366936at33208        -            236   9.8e-12   46.4   1.3   1   1   4.2e-13   2.7e-11   45.0   1.3    46   197    84   254    40   265 0.66 -
evm.utg5059.36                          -           1017 366936at33208        -            236   1.1e-11   46.2   0.0   1   2      0.69        44    5.0   0.0     6    72   682   750   677   770 0.78 -
evm.utg5059.36                          -           1017 366936at33208        -            236   1.1e-11   46.2   0.0   2   2   3.5e-11   2.2e-09   38.7   0.0    97   197   799   901   781   923 0.87 -
evm.utg5059.36.1.5c22f1ab               -           1017 366936at33208        -            236   1.1e-11   46.2   0.0   1   2      0.69        44    5.0   0.0     6    72   682   750   677   770 0.78 -
evm.utg5059.36.1.5c22f1ab               -           1017 366936at33208        -            236   1.1e-11   46.2   0.0   2   2   3.5e-11   2.2e-09   38.7   0.0    97   197   799   901   781   923 0.87 -
evm.utg659.11                           -           2364 366936at33208        -            236   1.2e-11   46.1   0.0   1   1   5.5e-13   3.5e-11   44.6   0.0     4   197    74   279    71   292 0.81 -
evm.utg6078.62                          -            858 366936at33208        -            236   1.3e-11   46.0   0.1   1   1   3.1e-12     2e-10   42.1   0.0   100   195   684   778   673   790 0.89 -
evm.utg1919.16                          -            586 366936at33208        -            236   1.3e-11   46.0   0.0   1   1   3.7e-13   2.4e-11   45.1   0.0     6   186    13   223     8   237 0.69 -
evm.utg9194.3.1.5c22f507.2.5c279883     -            794 366936at33208        -            236   1.3e-11   46.0   0.2   1   2       3.7   2.4e+02    2.6   0.0   102   142    15    55     5   150 0.77 -
evm.utg9194.3.1.5c22f507.2.5c279883     -            794 366936at33208        -            236   1.3e-11   46.0   0.2   2   2   5.9e-12   3.8e-10   41.2   0.1    27   189   228   398   215   411 0.78 -
evm.utg9194.3.1.5c22f507.1.5c279883     -            942 366936at33208        -            236   1.5e-11   45.8   0.2   1   2       3.4   2.2e+02    2.7   0.0   100   142   161   203    51   297 0.83 -
evm.utg9194.3.1.5c22f507.1.5c279883     -            942 366936at33208        -            236   1.5e-11   45.8   0.2   2   2   7.9e-12   5.1e-10   40.8   0.1    39   189   389   546   364   559 0.78 -
evm.utg8768.7.1.5c22f4c5                -            819 366936at33208        -            236   1.5e-11   45.8   0.1   1   1   4.2e-13   2.7e-11   45.0   0.1    48   198    27   179     8   203 0.84 -
evm.utg1290.20                          -            621 366936at33208        -            236   1.6e-11   45.7   0.0   1   2   0.00036     0.023   15.7   0.0     5    66   172   233   168   242 0.92 -
evm.utg1290.20                          -            621 366936at33208        -            236   1.6e-11   45.7   0.0   2   2   3.5e-07   2.2e-05   25.6   0.0    97   144   424   481   417   495 0.76 -
evm.utg7549.28.1.5c22f3eb               -            955 366936at33208        -            236   1.7e-11   45.6   0.3   1   2      0.63        40    5.1   0.2    15    90   717   793   681   800 0.74 -
evm.utg7549.28.1.5c22f3eb               -            955 366936at33208        -            236   1.7e-11   45.6   0.3   2   2   7.6e-11   4.9e-09   37.6   0.0    95   190   857   953   846   954 0.87 -
evm.utg14287.37                         -            658 366936at33208        -            236     2e-11   45.4   0.0   1   2      0.65        42    5.1   0.0     6    70   363   425   358   439 0.79 -
evm.utg14287.37                         -            658 366936at33208        -            236     2e-11   45.4   0.0   2   2     6e-11   3.8e-09   37.9   0.0    91   192   467   570   452   605 0.77 -
evm.utg129.52                           -            714 366936at33208        -            236   2.1e-11   45.3   0.1   1   1   6.3e-13     4e-11   44.4   0.1     8   184   315   497   308   526 0.75 -
evm.utg389.63                           -            709 366936at33208        -            236   2.2e-11   45.2   0.1   1   1   1.5e-12   9.4e-11   43.2   0.1     7   187   446   643   441   654 0.76 -
evm.utg1239.25                          -           1247 366936at33208        -            236   2.2e-11   45.2   0.1   1   1   4.6e-12   2.9e-10   41.6   0.0    53   189   826   970   810   980 0.81 -
evm.utg9194.3.1.5c22f507                -           1034 366936at33208        -            236   2.3e-11   45.2   0.2   1   2       4.8     3e+02    2.2   0.0   101   142   254   295   199   389 0.85 -
evm.utg9194.3.1.5c22f507                -           1034 366936at33208        -            236   2.3e-11   45.2   0.2   2   2   9.4e-12     6e-10   40.5   0.1    39   189   481   638   456   650 0.78 -
evm.utg4607.2                           -            544 366936at33208        -            236   2.4e-11   45.1   0.0   1   1   5.8e-13   3.7e-11   44.5   0.0    45   205   320   487   283   507 0.74 -
evm.utg729.57                           -            908 366936at33208        -            236   2.7e-11   45.0   1.4   1   2    0.0059      0.38   11.7   0.2    22    83   647   709   640   721 0.86 -
evm.utg729.57                           -            908 366936at33208        -            236   2.7e-11   45.0   1.4   2   2     4e-09   2.5e-07   32.0   0.1    89   150   743   804   716   807 0.81 -
evm.utg51603.7                          -            334 366936at33208        -            236   2.7e-11   45.0   0.0   1   1   5.7e-13   3.7e-11   44.5   0.0     9   185     8   190     2   229 0.76 -
evm.utg579.108                          -           1001 366936at33208        -            236   2.8e-11   44.9   0.0   1   1   7.8e-13     5e-11   44.1   0.0     5   187   637   837   633   856 0.72 -
evm.utg9194.3.2.5c22f507                -           1158 366936at33208        -            236   2.8e-11   44.9   0.2   1   2       5.8   3.7e+02    2.0   0.0   101   142   589   630   561   724 0.83 -
evm.utg9194.3.2.5c22f507                -           1158 366936at33208        -            236   2.8e-11   44.9   0.2   2   2   1.1e-11   7.1e-10   40.3   0.1    39   189   816   973   791   985 0.78 -
evm.utg145.25                           -           1355 366936at33208        -            236   2.9e-11   44.9   0.0   1   1   3.9e-12   2.5e-10   41.8   0.0     8   187    39   251    33   266 0.72 -
evm.utg496.28.2.5c22f185                -            808 366936at33208        -            236   3.1e-11   44.8   0.0   1   1   9.6e-13   6.1e-11   43.8   0.0    97   194    29   130    11   145 0.88 -
evm.utg2994.25                          -            527 366936at33208        -            236   3.1e-11   44.8   0.0   1   1     9e-13   5.8e-11   43.9   0.0     7   192    20   230    14   259 0.70 -
evm.utg4898.20                          -           1359 366936at33208        -            236   3.1e-11   44.7   0.2   1   2       6.7   4.3e+02    1.7   0.0   101   142   576   617   565   689 0.89 -
evm.utg4898.20                          -           1359 366936at33208        -            236   3.1e-11   44.7   0.2   2   2     1e-11   6.5e-10   40.4   0.1    50   188   814   959   791   972 0.80 -
evm.utg2428.3                           -            901 366936at33208        -            236   3.3e-11   44.7   0.0   1   1   8.5e-13   5.4e-11   44.0   0.0     8   189   109   306   101   318 0.77 -
evm.utg411.4                            -            638 366936at33208        -            236   3.4e-11   44.6   0.0   1   1   8.6e-13   5.5e-11   43.9   0.0    45   203   414   579   377   598 0.74 -
evm.utg1290.20.1.5c22ea0d               -            575 366936at33208        -            236   3.8e-11   44.5   0.0   1   2   0.00032     0.021   15.9   0.0     5    66   172   233   168   243 0.92 -
evm.utg1290.20.1.5c22ea0d               -            575 366936at33208        -            236   3.8e-11   44.5   0.0   2   2   3.1e-07     2e-05   25.7   0.0    97   144   424   481   417   495 0.76 -
evm.utg78.28                            -           2682 366936at33208        -            236   4.3e-11   44.3   0.1   1   1   1.4e-12   8.8e-11   43.3   0.1     7   197  2258  2458  2254  2473 0.78 -
evm.utg9194.3                           -           1369 366936at33208        -            236   4.3e-11   44.3   0.1   1   2       7.3   4.7e+02    1.6   0.0   101   142   589   630   571   724 0.82 -
evm.utg9194.3                           -           1369 366936at33208        -            236   4.3e-11   44.3   0.1   2   2   1.4e-11     9e-10   40.0   0.1    39   188   816   972   791   985 0.78 -
evm.utg27988.2                          -            961 366936at33208        -            236   4.5e-11   44.2   0.0   1   2       6.7   4.3e+02    1.8   0.0     6    82   630   712   625   723 0.75 -
evm.utg27988.2                          -            961 366936at33208        -            236   4.5e-11   44.2   0.0   2   2   1.4e-11   9.3e-10   39.9   0.0    96   199   750   855   732   869 0.86 -
evm.utg19545.6                          -            253 366936at33208        -            236   4.7e-11   44.2   0.0   1   1   9.9e-13   6.3e-11   43.7   0.0    99   195    36   130    16   146 0.82 -
evm.utg17511.5                          -            759 366936at33208        -            236   4.8e-11   44.2   0.0   1   1   1.4e-12   8.9e-11   43.3   0.0     8   186   134   326   129   333 0.77 -
evm.utg4082.62                          -           1333 366936at33208        -            236   4.9e-11   44.1   0.0   1   2       5.9   3.8e+02    1.9   0.0    27    83   925   981   905   994 0.65 -
evm.utg4082.62                          -           1333 366936at33208        -            236   4.9e-11   44.1   0.0   2   2   1.9e-11   1.2e-09   39.6   0.0    98   203  1020  1126  1009  1138 0.86 -
evm.utg62.14.1.5c22f2dd                 -           1768 366936at33208        -            236   4.9e-11   44.1   0.0   1   1   1.4e-12   9.1e-11   43.2   0.0     2   230    77   320    76   323 0.80 -
evm.utg180.67.1.5c22ec0d                -           1787 366936at33208        -            236     5e-11   44.1   0.0   1   1   1.4e-12   9.2e-11   43.2   0.0     2   230    77   320    76   323 0.80 -
evm.utg62.14                            -           1780 366936at33208        -            236     5e-11   44.1   0.0   1   1   1.4e-12   9.2e-11   43.2   0.0     2   230    77   320    76   323 0.80 -
evm.utg180.67                           -           1819 366936at33208        -            236   5.1e-11   44.0   0.0   1   1   1.5e-12   9.5e-11   43.2   0.0     2   230    77   320    76   323 0.80 -
evm.utg881.6.1.5c22f4c8.2.5c279850      -           2952 366936at33208        -            236   5.9e-11   43.9   0.0   1   1   2.5e-12   1.6e-10   42.4   0.0     4   206  2706  2912  2703  2927 0.75 -
evm.utg881.6.1.5c22f4c8                 -           3016 366936at33208        -            236   6.1e-11   43.8   0.0   1   1   2.5e-12   1.6e-10   42.4   0.0     4   206  2706  2912  2703  2927 0.75 -
evm.utg34691.9                          -            192 366936at33208        -            236     7e-11   43.6   0.0   1   1   1.4e-12   9.2e-11   43.2   0.0    98   202    23   129     4   145 0.80 -
evm.utg7127.47                          -           1695 366936at33208        -            236   7.4e-11   43.5   0.1   1   1   2.4e-12   1.5e-10   42.5   0.1     9   186  1302  1485  1296  1527 0.78 -
evm.utg1363.2.2.5c22ea60                -            277 366936at33208        -            236   7.5e-11   43.5   0.2   1   1   1.7e-11   1.1e-09   39.7   0.2     4   139    61   209    58   255 0.79 -
evm.utg4898.4                           -           1294 366936at33208        -            236   7.7e-11   43.5   0.0   1   1   2.2e-12   1.4e-10   42.6   0.0     7   186    55   248    51   255 0.76 -
evm.utg597.142.1.5c22f29f               -            309 366936at33208        -            236   7.8e-11   43.4   0.1   1   1   1.7e-12   1.1e-10   43.0   0.1    10   196    65   269    57   275 0.72 -
evm.utg868.75                           -            634 366936at33208        -            236   8.2e-11   43.4   0.0   1   1   3.2e-12   2.1e-10   42.1   0.0   103   195    38   131    20   161 0.82 -
evm.utg1846.83                          -            872 366936at33208        -            236   8.4e-11   43.3   0.1   1   1     3e-12   1.9e-10   42.2   0.1    52   207    43   211    32   224 0.73 -
evm.utg1846.83.1.5c22ec31               -            899 366936at33208        -            236   8.6e-11   43.3   0.1   1   1   3.2e-12     2e-10   42.1   0.1    52   207    43   211    32   223 0.73 -
evm.utg1138.29                          -            901 366936at33208        -            236   9.6e-11   43.2   0.0   1   1   2.5e-12   1.6e-10   42.4   0.0     8   189   109   306   101   318 0.76 -
evm.utg1138.29.1.5c22e8bf               -            901 366936at33208        -            236   9.6e-11   43.2   0.0   1   1   2.5e-12   1.6e-10   42.4   0.0     8   189   109   306   101   318 0.76 -
evm.utg5059.35                          -           1022 366936at33208        -            236   9.9e-11   43.1   0.0   1   1   1.4e-11   8.9e-10   40.0   0.0    96   200   804   910   786   924 0.86 -
evm.utg276.10                           -           1009 366936at33208        -            236     1e-10   43.1   0.0   1   1   1.2e-11     8e-10   40.1   0.0    96   200   798   904   780   918 0.86 -
evm.utg4082.64                          -            812 366936at33208        -            236     1e-10   43.0   0.1   1   2       3.6   2.3e+02    2.6   0.1    36    83   455   503   433   516 0.69 -
evm.utg4082.64                          -            812 366936at33208        -            236     1e-10   43.0   0.1   2   2   6.5e-11   4.1e-09   37.8   0.0    98   195   542   640   530   659 0.84 -
evm.utg3164.30.1.5c22eee6               -           1167 366936at33208        -            236   1.2e-10   42.8   0.1   1   2       2.2   1.4e+02    3.3   0.0    95   144   580   628   574   724 0.70 -
evm.utg3164.30.1.5c22eee6               -           1167 366936at33208        -            236   1.2e-10   42.8   0.1   2   2   1.3e-10   8.1e-09   36.8   0.0    53   189   826   970   806   977 0.83 -
evm.utg7839.14                          -            746 366936at33208        -            236   1.2e-10   42.8   0.0   1   1   8.4e-12   5.4e-10   40.7   0.0     7   187   483   680   478   690 0.76 -
evm.utg3164.30                          -           1210 366936at33208        -            236   1.3e-10   42.7   0.1   1   2       2.3   1.5e+02    3.3   0.0    95   144   580   628   574   724 0.70 -
evm.utg3164.30                          -           1210 366936at33208        -            236   1.3e-10   42.7   0.1   2   2   1.3e-10   8.6e-09   36.8   0.0    53   189   826   970   806   977 0.83 -
evm.utg420.61.1.5c22f0af                -            865 366936at33208        -            236   1.3e-10   42.7   0.1   1   2       1.2        77    4.2   0.0     6    69   616   677   611   683 0.78 -
evm.utg420.61.1.5c22f0af                -            865 366936at33208        -            236   1.3e-10   42.7   0.1   2   2   2.2e-10   1.4e-08   36.1   0.0    85   192   726   835   717   849 0.76 -
evm.utg279.33                           -            540 366936at33208        -            236   1.3e-10   42.7   0.0   1   1   3.9e-12   2.5e-10   41.8   0.0     7   191    18   227    12   265 0.70 -
evm.utg536.74                           -            172 366936at33208        -            236   1.4e-10   42.6   0.0   1   1   2.8e-12   1.8e-10   42.3   0.0    45   130    57   149    13   157 0.76 -
evm.utg420.61                           -            923 366936at33208        -            236   1.5e-10   42.6   0.0   1   2       1.3        83    4.1   0.0     6    69   616   677   611   683 0.78 -
evm.utg420.61                           -            923 366936at33208        -            236   1.5e-10   42.6   0.0   2   2   2.3e-10   1.5e-08   36.0   0.0    85   192   726   835   717   850 0.76 -
evm.utg8768.7.2.5c22f4c5                -            788 366936at33208        -            236   1.6e-10   42.4   0.0   1   1   4.1e-12   2.6e-10   41.7   0.0    77   198    25   148    21   173 0.84 -
evm.utg1005.44                          -            942 366936at33208        -            236   1.6e-10   42.4   0.1   1   1   4.5e-12   2.9e-10   41.6   0.1     9   191   515   707   510   732 0.73 -
evm.utg4082.63                          -           1318 366936at33208        -            236   1.7e-10   42.4   0.1   1   2       4.6   2.9e+02    2.3   0.0    19    82   912   975   894   987 0.66 -
evm.utg4082.63                          -           1318 366936at33208        -            236   1.7e-10   42.4   0.1   2   2   8.4e-11   5.4e-09   37.4   0.0    98   203  1015  1121  1004  1133 0.84 -
evm.utg597.142                          -            426 366936at33208        -            236   1.8e-10   42.3   0.1   1   1   4.1e-12   2.6e-10   41.7   0.1    10   196    65   269    57   275 0.72 -
evm.utg73.121.1.5c22f3c1.1.5c279777     -           1237 366936at33208        -            236   1.9e-10   42.2   0.0   1   1   7.7e-12   4.9e-10   40.8   0.0     3   186   583   779   581   796 0.74 -
evm.utg967.66                           -            372 366936at33208        -            236   1.9e-10   42.2   0.7   1   1   6.9e-12   4.4e-10   41.0   0.3    16   147   224   361   206   366 0.75 -
evm.utg378.171                          -            786 366936at33208        -            236   1.9e-10   42.2   0.4   1   2      0.13       8.5    7.3   0.0     7    83   480   557   475   568 0.85 -
evm.utg378.171                          -            786 366936at33208        -            236   1.9e-10   42.2   0.4   2   2   1.1e-08   6.9e-07   30.5   0.1    97   199   595   709   584   732 0.73 -
evm.utg378.80.1.5c22efe8                -            738 366936at33208        -            236     2e-10   42.1   0.0   1   1     5e-12   3.2e-10   41.4   0.0     8   191   502   697   495   719 0.75 -
evm.utg293.8.2.5c22ee67                 -            782 366936at33208        -            236   2.4e-10   41.9   0.0   1   1   6.9e-12   4.4e-10   41.0   0.0     8   195   433   631   427   642 0.71 -
evm.utg293.8.1.5c22ee67                 -            801 366936at33208        -            236   2.6e-10   41.7   0.0   1   1   7.2e-12   4.6e-10   40.9   0.0     8   195   532   730   526   741 0.71 -
evm.utg293.8.5.5c22ee67                 -            864 366936at33208        -            236   2.8e-10   41.6   0.0   1   1   8.2e-12   5.2e-10   40.7   0.0     8   195   515   713   509   724 0.71 -
evm.utg73.121.1.5c22f3c1                -           1762 366936at33208        -            236   2.8e-10   41.6   0.3   1   1   1.3e-11   8.2e-10   40.1   0.0     3   186  1108  1304  1106  1321 0.74 -
evm.utg293.8.3.5c22ee67                 -            742 366936at33208        -            236   2.8e-10   41.6   0.0   1   1   7.3e-12   4.6e-10   40.9   0.0     8   194   532   729   526   738 0.71 -
evm.utg293.8                            -            881 366936at33208        -            236   2.9e-10   41.6   0.0   1   1   8.5e-12   5.4e-10   40.7   0.0     8   195   532   730   526   741 0.71 -
evm.utg378.80                           -            772 366936at33208        -            236   3.4e-10   41.4   0.0   1   1   8.6e-12   5.5e-10   40.7   0.0     8   191   502   697   495   710 0.77 -
evm.utg73.121                           -           1933 366936at33208        -            236   3.6e-10   41.3   0.5   1   1   1.4e-11   9.3e-10   39.9   0.0     3   186  1279  1475  1277  1492 0.74 -
evm.utg3090.40                          -            471 366936at33208        -            236   4.4e-10   41.0   0.0   1   1   3.1e-11     2e-09   38.9   0.0     8   187   215   404   208   425 0.74 -
evm.utg279.31                           -            538 366936at33208        -            236   4.6e-10   40.9   0.0   1   1   1.3e-11   8.5e-10   40.0   0.0    43   189    62   229    19   238 0.69 -
evm.utg715.67                           -            460 366936at33208        -            236   4.9e-10   40.8   0.1   1   2   2.8e-05    0.0018   19.3   0.0     4    90   196   290   193   294 0.76 -
evm.utg715.67                           -            460 366936at33208        -            236   4.9e-10   40.8   0.1   2   2   3.2e-05    0.0021   19.1   0.0    96   141   404   449   392   453 0.93 -
evm.utg78.76                            -           1273 366936at33208        -            236   6.1e-10   40.5   0.0   1   2    0.0044      0.28   12.2   0.0     8    91   909   997   905  1007 0.76 -
evm.utg78.76                            -           1273 366936at33208        -            236   6.1e-10   40.5   0.0   2   2     3e-07   1.9e-05   25.8   0.0    99   196  1024  1122  1014  1139 0.77 -
evm.utg55.82.2.5c22f220                 -           1052 366936at33208        -            236   6.6e-10   40.4   0.0   1   1   6.2e-11     4e-09   37.9   0.0     7   195   749   957   744   973 0.71 -
evm.utg597.142.1.5c22f29f.1.5c27968c    -            258 366936at33208        -            236   6.7e-10   40.4   0.2   1   1   1.4e-11   8.8e-10   40.0   0.2    10   183    65   257    57   257 0.73 -
evm.utg597.142.1.5c22f29f.2.5c27968c    -            258 366936at33208        -            236   6.7e-10   40.4   0.2   1   1   1.4e-11   8.8e-10   40.0   0.2    10   183    65   257    57   257 0.73 -
evm.utg9313.43                          -            317 366936at33208        -            236   6.7e-10   40.4   0.0   1   1   1.7e-11   1.1e-09   39.7   0.0     9   188    49   243    40   280 0.74 -
evm.utg1005.49                          -           1542 366936at33208        -            236     7e-10   40.3   0.1   1   1     3e-11   1.9e-09   38.9   0.1     7   182  1337  1522  1333  1537 0.73 -
evm.utg435.23                           -            857 366936at33208        -            236   7.2e-10   40.3   0.0   1   1   4.3e-11   2.7e-09   38.4   0.0    94   193   672   773   656   803 0.82 -
evm.utg17602.16                         -            311 366936at33208        -            236   7.4e-10   40.2   0.0   1   1   2.1e-11   1.4e-09   39.4   0.0     9   187    49   242    38   253 0.72 -
evm.utg1542.36                          -           1948 366936at33208        -            236   7.4e-10   40.2   0.0   1   1   2.5e-11   1.6e-09   39.2   0.0     3   192    80   284    78   301 0.74 -
evm.utg169038.6                         -            121 366936at33208        -            236   7.7e-10   40.2   0.0   1   1   1.4e-11   8.9e-10   40.0   0.0    95   141    29    75    17   115 0.76 -
evm.utg2599.31                          -            534 366936at33208        -            236   8.8e-10   40.0   0.0   1   1   5.7e-11   3.6e-09   38.0   0.0     8   186   278   466   271   487 0.74 -
evm.utg13496.3                          -            687 366936at33208        -            236     9e-10   40.0   0.0   1   1   3.2e-11     2e-09   38.8   0.0    94   193   557   658   541   674 0.80 -
evm.utg8820.14                          -            781 366936at33208        -            236   9.5e-10   39.9   0.1   1   2    0.0002     0.013   16.6   0.0     3    90   320   414   318   420 0.77 -
evm.utg8820.14                          -            781 366936at33208        -            236   9.5e-10   39.9   0.1   2   2   7.8e-06    0.0005   21.2   0.0    96   211   442   562   417   576 0.72 -
evm.utg2100.7                           -            884 366936at33208        -            236   9.6e-10   39.9   0.3   1   1     3e-11   1.9e-09   38.9   0.3     2   117     3   127     2   138 0.87 -
evm.utg888.5                            -           1221 366936at33208        -            236     1e-09   39.8   0.0   1   2       5.2   3.3e+02    2.1   0.0    29    81   793   845   778   858 0.69 -
evm.utg888.5                            -           1221 366936at33208        -            236     1e-09   39.8   0.0   2   2   1.4e-09   8.8e-08   33.5   0.0    95   203   960  1068   947  1082 0.86 -
evm.utg2716.19                          -           1315 366936at33208        -            236     1e-09   39.8   0.0   1   2    0.0072      0.46   11.5   0.0     8    91   752   840   748   850 0.75 -
evm.utg2716.19                          -           1315 366936at33208        -            236     1e-09   39.8   0.0   2   2   3.1e-07     2e-05   25.8   0.0    99   196   867   965   858   982 0.77 -
evm.utg55.82.1.5c22f220                 -           1266 366936at33208        -            236     1e-09   39.8   0.0   1   1   8.5e-11   5.4e-09   37.4   0.0     7   195   963  1171   959  1187 0.70 -
evm.utg3235.8.3.5c22ef06                -            356 366936at33208        -            236   1.1e-09   39.7   0.3   1   1   4.1e-11   2.6e-09   38.5   0.3     6   195   118   319   113   336 0.73 -
evm.utg3235.8.1.5c22ef05                -            384 366936at33208        -            236   1.2e-09   39.6   0.2   1   1   4.6e-11     3e-09   38.3   0.2     6   195   118   319   113   336 0.73 -
evm.utg55.82                            -           1352 366936at33208        -            236   1.2e-09   39.6   0.0   1   1   9.3e-11     6e-09   37.3   0.0     7   195  1049  1257  1045  1273 0.70 -
evm.utg3235.8                           -            396 366936at33208        -            236   1.2e-09   39.5   0.2   1   1     5e-11   3.2e-09   38.2   0.2     6   195   118   319   113   336 0.73 -
evm.utg25988.6                          -            614 366936at33208        -            236   1.4e-09   39.3   2.1   1   1   2.1e-10   1.3e-08   36.1   2.1    25   186   352   531   322   568 0.70 -
evm.utg2814.3                           -            709 366936at33208        -            236   1.5e-09   39.3   0.0   1   1   9.7e-11   6.2e-09   37.2   0.0     7   187   446   643   441   653 0.76 -
evm.utg167433.1                         -            733 366936at33208        -            236   1.5e-09   39.2   0.0   1   1   9.8e-11   6.3e-09   37.2   0.0     7   187   470   667   465   672 0.76 -
evm.utg464.235                          -            486 366936at33208        -            236   1.6e-09   39.2   0.0   1   1   4.1e-11   2.6e-09   38.4   0.0    97   193    27   126    18   160 0.83 -
evm.utg1708.20.2.5c22ebc0               -            244 366936at33208        -            236   1.6e-09   39.1   0.0   1   1   3.4e-11   2.2e-09   38.7   0.0    89   200    19   130     9   162 0.80 -
evm.utg3906.4.4.5c22f038.1.5c27948d     -            582 366936at33208        -            236   1.9e-09   38.9   0.1   1   2   0.00018     0.012   16.7   0.0     3    90   142   236   140   241 0.78 -
evm.utg3906.4.4.5c22f038.1.5c27948d     -            582 366936at33208        -            236   1.9e-09   38.9   0.1   2   2   1.7e-05    0.0011   20.0   0.0    98   190   266   359   244   391 0.71 -
evm.utg3906.4.2.5c22f038                -            653 366936at33208        -            236   2.3e-09   38.6   0.1   1   1   7.1e-09   4.6e-07   31.1   0.1     3   190   325   542   323   575 0.67 -
evm.utg3906.4.4.5c22f038                -            706 366936at33208        -            236   2.8e-09   38.3   0.1   1   2   0.00023     0.015   16.4   0.0     3    90   266   360   264   367 0.78 -
evm.utg3906.4.4.5c22f038                -            706 366936at33208        -            236   2.8e-09   38.3   0.1   2   2   2.2e-05    0.0014   19.7   0.0    98   190   390   483   364   516 0.71 -
evm.utg194.81                           -            604 366936at33208        -            236   2.9e-09   38.3   0.8   1   1   2.5e-10   1.6e-08   35.9   0.8    24   186    72   237    54   284 0.78 -
evm.utg55.43                            -           1031 366936at33208        -            236   3.1e-09   38.2   0.6   1   1   3.2e-10     2e-08   35.5   0.2     6   143   611   760   607   810 0.77 -
evm.utg579.112.3.5c22f251               -            851 366936at33208        -            236   3.3e-09   38.1   0.0   1   1   1.3e-10   8.6e-09   36.8   0.0    97   203   673   782   653   793 0.78 -
evm.utg579.112                          -            851 366936at33208        -            236   3.3e-09   38.1   0.0   1   1   1.3e-10   8.6e-09   36.8   0.0    97   203   673   782   653   793 0.78 -
evm.utg579.112.2.5c22f251               -            851 366936at33208        -            236   3.3e-09   38.1   0.0   1   1   1.3e-10   8.6e-09   36.8   0.0    97   203   673   782   653   793 0.78 -
evm.utg579.112.1.5c22f251               -            852 366936at33208        -            236   3.3e-09   38.1   0.0   1   1   1.3e-10   8.6e-09   36.8   0.0    97   203   673   782   653   793 0.78 -
evm.utg2487.41                          -           1798 366936at33208        -            236   3.5e-09   38.0   0.2   1   1   2.4e-10   1.5e-08   35.9   0.0    97   208  1448  1560  1433  1570 0.78 -
evm.utg1031.37.1.5c22e7ea               -            446 366936at33208        -            236   3.7e-09   38.0   0.1   1   1   8.8e-10   5.6e-08   34.1   0.1    88   142   121   178   111   285 0.63 -
evm.utg3906.4                           -            765 366936at33208        -            236   3.7e-09   38.0   0.1   1   1   9.8e-09   6.3e-07   30.7   0.1     3   190   325   542   323   575 0.67 -
evm.utg2994.27                          -            538 366936at33208        -            236   3.8e-09   37.9   0.0   1   1   1.1e-10   7.1e-09   37.0   0.0    41   185    60   225    19   238 0.66 -
evm.utg2487.40                          -           2024 366936at33208        -            236   4.3e-09   37.8   0.1   1   1   4.6e-10   2.9e-08   35.0   0.0    92   190  1744  1843  1729  1857 0.77 -
evm.utg699.5                            -            396 366936at33208        -            236   4.3e-09   37.7   0.3   1   1   1.6e-10     1e-08   36.5   0.3     6   190   118   314   113   336 0.73 -
evm.utg1031.37                          -            479 366936at33208        -            236   4.3e-09   37.7   0.1   1   1     1e-09   6.4e-08   33.9   0.1    88   142   121   178   111   285 0.64 -
evm.utg4587.1                           -            964 366936at33208        -            236   4.5e-09   37.7   0.0   1   1   1.5e-10   9.6e-09   36.6   0.0    97   202   786   891   766   913 0.83 -
evm.utg5885.26                          -           1208 366936at33208        -            236   4.5e-09   37.7   0.1   1   2       3.1     2e+02    2.9   0.1    48    93   659   706   649   712 0.88 -
evm.utg5885.26                          -           1208 366936at33208        -            236   4.5e-09   37.7   0.1   2   2   3.9e-09   2.5e-07   32.0   0.0    94   204  1017  1129  1003  1142 0.83 -
evm.utg3906.4.1.5c22f038                -            672 366936at33208        -            236   4.8e-09   37.6   0.1   1   1   1.4e-08   8.7e-07   30.2   0.1     3   186   325   538   323   561 0.68 -
evm.utg666.28                           -            714 366936at33208        -            236     5e-09   37.5   0.1   1   1   1.4e-10   8.8e-09   36.7   0.1     7   183   314   497   307   536 0.72 -
evm.utg7840.22                          -            985 366936at33208        -            236   5.4e-09   37.4   2.1   1   1     6e-10   3.9e-08   34.6   2.1    25   186   723   902   693   938 0.71 -
evm.utg1819.28                          -           1008 366936at33208        -            236   5.7e-09   37.3   1.2   1   1   6.7e-10   4.3e-08   34.5   1.2    26   186   746   925   711   961 0.67 -
evm.utg750.47.2.5c22f3e1                -            466 366936at33208        -            236   8.1e-09   36.9   0.2   1   1   2.4e-10   1.5e-08   35.9   0.2     2   126    83   226    82   252 0.71 -
evm.utg3906.4.3.5c22f038                -            569 366936at33208        -            236   9.2e-09   36.7   0.2   1   2   0.00017     0.011   16.8   0.0     3    90   325   419   323   425 0.78 -
evm.utg3906.4.3.5c22f038                -            569 366936at33208        -            236   9.2e-09   36.7   0.2   2   2   9.1e-05    0.0058   17.7   0.1    97   142   448   493   423   530 0.80 -
evm.utg1091.9                           -            641 366936at33208        -            236   9.2e-09   36.7   0.1   1   1   3.3e-10   2.1e-08   35.5   0.1     2   117     3   127     2   137 0.86 -
evm.utg36717.11                         -           1398 366936at33208        -            236   9.8e-09   36.6   0.0   1   1   9.2e-10   5.9e-08   34.0   0.0     6   210  1086  1311  1081  1322 0.67 -
evm.utg116.114                          -            144 366936at33208        -            236   1.1e-08   36.4   0.0   1   1   2.1e-10   1.3e-08   36.2   0.0     3    83    44   124    42   137 0.88 -
evm.utg3093.12                          -            513 366936at33208        -            236   1.1e-08   36.4   0.1   1   2    0.0017      0.11   13.5   0.0     4    91   221   309   218   317 0.86 -
evm.utg3093.12                          -            513 366936at33208        -            236   1.1e-08   36.4   0.1   2   2   1.2e-05   0.00076   20.6   0.1    96   131   335   370   322   380 0.88 -
evm.utg1109.16                          -           1444 366936at33208        -            236   1.2e-08   36.3   0.0   1   1   1.2e-09   7.8e-08   33.6   0.0     6   210  1132  1357  1127  1365 0.66 -
evm.utg40335.2                          -            787 366936at33208        -            236   1.4e-08   36.1   0.0   1   1   6.8e-09   4.4e-07   31.2   0.0     8   196   418   630   412   647 0.71 -
evm.utg3235.8.2.5c22ef06                -            285 366936at33208        -            236   1.4e-08   36.1   0.7   1   1     4e-10   2.6e-08   35.2   0.7     6   139   118   260   113   265 0.78 -
evm.utg17954.2                          -            292 366936at33208        -            236   1.5e-08   35.9   0.1   1   2     0.035       2.3    9.2   0.0     4    77    20    94    17   100 0.79 -
evm.utg17954.2                          -            292 366936at33208        -            236   1.5e-08   35.9   0.1   2   2     2e-07   1.3e-05   26.4   0.1    97   197    91   180    55   214 0.71 -
evm.utg777.36                           -            653 366936at33208        -            236   1.8e-08   35.7   0.0   1   1   7.9e-10   5.1e-08   34.2   0.0    48   142    44   163     6   171 0.76 -
evm.utg861.20                           -            412 366936at33208        -            236   1.8e-08   35.7   0.0   1   1   4.5e-10   2.9e-08   35.0   0.0    93   190   244   338   134   364 0.70 -
evm.utg4665.26                          -            569 366936at33208        -            236     2e-08   35.5   0.0   1   1   6.7e-10   4.3e-08   34.5   0.0     4   131   221   361   218   371 0.80 -
evm.utg579.109                          -           1006 366936at33208        -            236   2.5e-08   35.2   0.0   1   1   6.9e-10   4.4e-08   34.4   0.0     5   194   637   846   633   859 0.71 -
evm.utg5059.34                          -            217 366936at33208        -            236   2.6e-08   35.2   0.0   1   1   5.6e-10   3.6e-08   34.7   0.0   106   196     2    94     1   153 0.89 -
evm.utg18294.4                          -            562 366936at33208        -            236   2.8e-08   35.1   0.0   1   1   3.5e-09   2.2e-07   32.1   0.0     9   168   221   397   214   435 0.64 -
evm.utg911.15                           -            373 366936at33208        -            236   2.8e-08   35.1   0.9   1   1     5e-07   3.2e-05   25.1   0.9     7   128    35   176    29   185 0.68 -
evm.utg2115.27.1.5c22ecfa               -           1436 366936at33208        -            236   3.3e-08   34.9   0.1   1   1   1.4e-09     9e-08   33.4   0.1     7   202  1163  1372  1158  1398 0.73 -
evm.utg2115.27                          -           1688 366936at33208        -            236   4.2e-08   34.5   0.1   1   1   1.8e-09   1.1e-07   33.1   0.1     7   202  1415  1624  1410  1650 0.73 -
evm.utg2115.27.2.5c22ecfa               -           1657 366936at33208        -            236   4.6e-08   34.4   0.1   1   1   1.7e-09   1.1e-07   33.1   0.1     7   202  1384  1593  1379  1619 0.73 -
evm.utg104.39.3.5c22e80c                -            833 366936at33208        -            236   4.6e-08   34.4   0.0   1   1   1.2e-09   7.7e-08   33.7   0.0    89   192    24   127    17   134 0.82 -
evm.utg6092.17                          -            193 366936at33208        -            236   4.8e-08   34.3   0.1   1   1   1.6e-09     1e-07   33.2   0.1    99   187    73   165     6   171 0.84 -
evm.utg62.14.2.5c22f2de                 -           1633 366936at33208        -            236   5.8e-08   34.0   0.0   1   1   1.8e-09   1.2e-07   33.1   0.0    95   230    45   185    29   188 0.77 -
evm.utg334.45                           -            281 366936at33208        -            236     6e-08   34.0   0.0   1   1   1.3e-09     8e-08   33.6   0.0    53   187    92   225    68   246 0.79 -
evm.utg225.21                           -            376 366936at33208        -            236   6.7e-08   33.8   0.0   1   1   1.7e-09   1.1e-07   33.2   0.0     3   193   104   307   102   324 0.79 -
evm.utg801.47                           -            371 366936at33208        -            236   8.3e-08   33.5   0.3   1   1   3.8e-09   2.4e-07   32.0   0.3     9   140    84   224    76   290 0.76 -
evm.utg1056.26                          -            562 366936at33208        -            236   9.3e-08   33.4   0.0   1   2       3.7   2.4e+02    2.6   0.0     7    32   219   242   214   250 0.77 -
evm.utg1056.26                          -            562 366936at33208        -            236   9.3e-08   33.4   0.0   2   2   4.5e-08   2.9e-06   28.5   0.0    98   170   317   400   284   437 0.74 -
evm.utg1056.26.1.5c22e857               -            562 366936at33208        -            236   9.3e-08   33.4   0.0   1   2       3.7   2.4e+02    2.6   0.0     7    32   219   242   214   250 0.77 -
evm.utg1056.26.1.5c22e857               -            562 366936at33208        -            236   9.3e-08   33.4   0.0   2   2   4.5e-08   2.9e-06   28.5   0.0    98   170   317   400   284   437 0.74 -
evm.utg4607.16                          -            689 366936at33208        -            236     1e-07   33.3   4.0   1   1   6.9e-08   4.4e-06   27.9   3.9     2   132     5   119     4   129 0.83 -
evm.utg225.3                            -            310 366936at33208        -            236   1.2e-07   33.0   0.0   1   1   2.7e-09   1.7e-07   32.5   0.0     2   126   122   258   121   272 0.75 -
evm.utg3013.10                          -            326 366936at33208        -            236   1.2e-07   33.0   0.0   1   1   3.1e-09     2e-07   32.3   0.0     6   140    32   181    29   191 0.74 -
evm.utg607.20                           -           1009 366936at33208        -            236   1.2e-07   33.0   0.0   1   1     4e-09   2.6e-07   31.9   0.0     9   187    36   239    30   248 0.68 -
evm.utg544.8                            -            537 366936at33208        -            236   1.3e-07   32.9   0.0   1   1   3.5e-09   2.2e-07   32.1   0.0    16   188   225   419   210   427 0.69 -
evm.utg544.8.1.5c22f202                 -            549 366936at33208        -            236   1.3e-07   32.9   0.0   1   1   3.7e-09   2.4e-07   32.1   0.0    16   188   237   431   222   439 0.69 -
evm.utg225.34.2.5c22ed4c                -            619 366936at33208        -            236     2e-07   32.3   0.0   1   1   2.6e-08   1.6e-06   29.3   0.0    10   190   343   543   337   562 0.68 -
evm.utg2757.27                          -            873 366936at33208        -            236   2.1e-07   32.2   0.0   1   1   5.6e-09   3.6e-07   31.5   0.0     6   150   584   734   579   796 0.82 -
evm.utg2417.31                          -           1275 366936at33208        -            236   2.2e-07   32.2   0.0   1   1   6.2e-09     4e-07   31.3   0.0    97   190   765   860   724   876 0.83 -
evm.utg225.34.3.5c22ed4d                -            657 366936at33208        -            236   2.4e-07   32.0   0.0   1   1   3.8e-08   2.4e-06   28.8   0.0    10   190   447   647   441   652 0.67 -
evm.utg225.34.1.5c22ed4c                -            723 366936at33208        -            236   2.4e-07   32.0   0.0   1   1   3.4e-08   2.2e-06   28.9   0.0    10   190   447   647   441   667 0.68 -
evm.utg34666.6                          -            442 366936at33208        -            236   3.2e-07   31.6   0.0   1   1     3e-08   1.9e-06   29.1   0.0    94   142   366   414   350   422 0.91 -
evm.utg2600.36                          -            169 366936at33208        -            236   3.2e-07   31.6   0.0   1   1   6.3e-09     4e-07   31.3   0.0   100   187    12   103     6   120 0.88 -
evm.utg28910.11                         -            169 366936at33208        -            236   3.2e-07   31.6   0.0   1   1   6.3e-09     4e-07   31.3   0.0   100   187    12   103     6   120 0.88 -
evm.utg2415.2                           -            943 366936at33208        -            236   3.6e-07   31.5   0.0   1   1   9.1e-09   5.8e-07   30.8   0.0     5   141   598   748   594   751 0.76 -
evm.utg293.8.4.5c22ee67                 -            703 366936at33208        -            236   3.6e-07   31.5   0.0   1   1   9.4e-09     6e-07   30.7   0.0     8   142   532   677   526   692 0.72 -
evm.utg3722.18                          -            324 366936at33208        -            236   3.9e-07   31.3   0.0   1   1   1.1e-08   7.1e-07   30.5   0.0     6   140    31   180    28   190 0.73 -
evm.utg479.144                          -            455 366936at33208        -            236   4.1e-07   31.3   0.0   1   1   1.2e-08   7.6e-07   30.4   0.0    83   142   132   193    47   201 0.81 -
evm.utg1278.11                          -           1826 366936at33208        -            236   4.1e-07   31.3   0.0   1   1     2e-08   1.3e-06   29.6   0.0    95   200  1565  1671  1524  1692 0.79 -
evm.utg479.144.1.5c22f160               -            457 366936at33208        -            236   4.2e-07   31.2   0.0   1   1   1.2e-08   7.7e-07   30.4   0.0    83   142   132   193    47   201 0.81 -
evm.utg172.32                           -            276 366936at33208        -            236   4.4e-07   31.2   0.0   1   1     9e-09   5.8e-07   30.8   0.0    88   207    21   148     1   174 0.74 -
evm.utg467.26                           -            984 366936at33208        -            236   4.5e-07   31.1   0.0   1   1     3e-08   1.9e-06   29.1   0.0    96   206   817   928   811   944 0.76 -
evm.utg3876.19.1.5c22f025               -           1181 366936at33208        -            236   5.2e-07   30.9   0.0   1   1   1.2e-07   7.5e-06   27.1   0.0    50   195   858  1023   808  1035 0.66 -
evm.utg2818.37                          -            341 366936at33208        -            236   5.2e-07   30.9   1.1   1   1   4.5e-08   2.9e-06   28.5   1.0    74   142    97   165    16   169 0.57 -
evm.utg395.19                           -            218 366936at33208        -            236   6.5e-07   30.6   0.0   1   1   1.3e-08   8.3e-07   30.3   0.0    99   187    60   152     3   164 0.83 -
evm.utg1272.55                          -            347 366936at33208        -            236   6.6e-07   30.6   0.5   1   1   5.1e-08   3.3e-06   28.3   0.5    75   142    99   166    17   169 0.55 -
evm.utg116.106                          -           1241 366936at33208        -            236   7.4e-07   30.4   0.0   1   1   2.7e-08   1.7e-06   29.2   0.0     3   197   971  1181   969  1197 0.77 -
utg300.equina_smart_1406579.mrna1       -            278 366936at33208        -            236   7.6e-07   30.4   0.0   1   1     2e-08   1.3e-06   29.7   0.0   101   196   102   198    91   211 0.82 -
evm.utg79441.3                          -            562 366936at33208        -            236   9.2e-07   30.1   0.0   1   1   3.6e-08   2.3e-06   28.8   0.0    93   142   386   435   371   443 0.91 -
evm.utg2353.7                           -            443 366936at33208        -            236     1e-06   30.0   0.2   1   2       4.3   2.8e+02    2.4   0.0     2    34     8    40     7    54 0.84 -
evm.utg2353.7                           -            443 366936at33208        -            236     1e-06   30.0   0.2   2   2   3.6e-07   2.3e-05   25.6   0.1    79   143    93   157    76   175 0.82 -
evm.utg13510.5                          -            443 366936at33208        -            236     1e-06   30.0   0.2   1   2       4.3   2.8e+02    2.4   0.0     2    34     8    40     7    54 0.84 -
evm.utg13510.5                          -            443 366936at33208        -            236     1e-06   30.0   0.2   2   2   3.6e-07   2.3e-05   25.6   0.1    79   143    93   157    76   175 0.82 -
evm.utg172.33                           -            184 366936at33208        -            236     1e-06   29.9   0.4   1   1   2.4e-08   1.5e-06   29.4   0.1     8    77    75   146    68   162 0.76 -
evm.utg3155.34                          -            193 366936at33208        -            236   1.1e-06   29.9   0.7   1   1   2.3e-08   1.5e-06   29.4   0.7     6   111    73   187    68   190 0.79 -
evm.utg861.65                           -            283 366936at33208        -            236   1.2e-06   29.8   0.0   1   1   5.6e-08   3.6e-06   28.2   0.0    95   207    41   165     1   186 0.67 -
evm.utg441.43                           -           1603 366936at33208        -            236   1.3e-06   29.7   0.9   1   1   5.4e-06   0.00034   21.7   0.9     7   128    35   176    29   185 0.67 -
evm.utg13496.3.1.5c22ea45               -            633 366936at33208        -            236   1.4e-06   29.5   0.0   1   1     5e-08   3.2e-06   28.3   0.0    94   142   557   605   541   612 0.91 -
evm.utg607.20.1.5c22f2ae                -            932 366936at33208        -            236   1.6e-06   29.3   0.0   1   1   5.2e-08   3.3e-06   28.3   0.0    89   187    52   162     8   171 0.76 -
evm.utg183.29                           -            444 366936at33208        -            236   1.7e-06   29.3   0.0   1   1   4.1e-08   2.6e-06   28.6   0.0    98   190   199   292   178   310 0.87 -
evm.utg101.170                          -            701 366936at33208        -            236   1.7e-06   29.3   0.2   1   1   6.9e-08   4.4e-06   27.9   0.2     8   116    21   140    16   149 0.83 -
evm.utg762.8                            -            950 366936at33208        -            236   1.7e-06   29.2   1.2   1   1   5.5e-08   3.5e-06   28.2   0.6     7   201   675   885   669   917 0.67 -
evm.utg8.4.1.5c22f453                   -           1222 366936at33208        -            236   1.8e-06   29.2   0.0   1   1   5.3e-08   3.4e-06   28.3   0.0    97   189   798   892   779   906 0.79 -
evm.utg8.4.2.5c22f453                   -           1236 366936at33208        -            236   1.8e-06   29.2   0.0   1   1   5.3e-08   3.4e-06   28.3   0.0    97   189   812   906   793   920 0.79 -
evm.utg9409.21                          -           1230 366936at33208        -            236   1.8e-06   29.1   0.0   1   2       7.7   4.9e+02    1.6   0.0     9    91   937  1024   931  1037 0.66 -
evm.utg9409.21                          -           1230 366936at33208        -            236   1.8e-06   29.1   0.0   2   2   5.4e-07   3.5e-05   25.0   0.0   101   204  1053  1157  1044  1170 0.80 -
evm.utg8.4                              -           1302 366936at33208        -            236   1.9e-06   29.1   0.0   1   1   5.7e-08   3.7e-06   28.2   0.0    97   189   763   857   744   871 0.79 -
evm.utg2817.21.23                       -           1356 366936at33208        -            236     2e-06   29.0   0.0   1   2       5.6   3.6e+02    2.0   0.0     9    91  1063  1150  1057  1165 0.68 -
evm.utg2817.21.23                       -           1356 366936at33208        -            236     2e-06   29.0   0.0   2   2   8.6e-07   5.5e-05   24.3   0.0   101   204  1179  1283  1169  1296 0.80 -
evm.utg225.34                           -            743 366936at33208        -            236   2.2e-06   28.9   0.0   1   1   3.4e-07   2.2e-05   25.6   0.0    10   186   447   643   441   653 0.61 -
evm.utg8820.8                           -            159 366936at33208        -            236   2.3e-06   28.8   0.0   1   1   4.4e-08   2.8e-06   28.5   0.0    98   188     1    93     1   118 0.82 -
evm.utg5059.36.2.5c22f1ac               -            881 366936at33208        -            236   2.5e-06   28.7   0.0   1   2      0.57        37    5.2   0.0     6    72   682   750   677   770 0.78 -
evm.utg5059.36.2.5c22f1ac               -            881 366936at33208        -            236   2.5e-06   28.7   0.0   2   2   8.2e-06   0.00053   21.1   0.0    97   151   799   856   781   880 0.76 -
evm.utg245.59                           -            907 366936at33208        -            236   2.5e-06   28.7   0.1   1   1   5.3e-07   3.4e-05   25.0   0.0     4   203   629   850   626   857 0.69 -
utg9194.equina_smart_622647.mrna1       -             88 366936at33208        -            236   2.6e-06   28.6   1.5   1   1   4.7e-08     3e-06   28.5   1.5    53   126     1    82     1    86 0.81 -
evm.utg55.77                            -            961 366936at33208        -            236   2.7e-06   28.6   0.1   1   1   1.3e-07     8e-06   27.0   0.0     7   183   701   881   663   893 0.72 -
evm.utg356.22                           -            959 366936at33208        -            236   3.2e-06   28.3   0.0   1   1   9.9e-08   6.3e-06   27.4   0.0    43   222   454   642   435   653 0.80 -
evm.utg693.34                           -            967 366936at33208        -            236   4.5e-06   27.8   0.0   1   1   1.4e-07   9.1e-06   26.9   0.0    43   222   467   655   443   666 0.80 -
evm.utg301.80                           -           1028 366936at33208        -            236     5e-06   27.7   0.0   1   1   2.5e-07   1.6e-05   26.0   0.0    97   205   818   927   812   945 0.79 -
evm.utg245.71.3.5c22edb2                -           1007 366936at33208        -            236   5.1e-06   27.7   0.0   1   1   2.7e-07   1.7e-05   25.9   0.0    98   204   844   952   811   965 0.78 -
evm.utg7564.5                           -            367 366936at33208        -            236   5.3e-06   27.6   0.0   1   1   1.4e-07     9e-06   26.9   0.0    94   189    27   121    14   134 0.85 -
evm.utg245.71.2.5c22edb2                -           1106 366936at33208        -            236     6e-06   27.4   0.0   1   1   3.1e-07     2e-05   25.8   0.0    98   204   943  1051   910  1064 0.78 -
evm.utg600.1.2.5c22f293.1.5c279680      -            494 366936at33208        -            236   6.3e-06   27.4   0.2   1   2   0.00099     0.063   14.3   0.0     4    57   272   330   269   342 0.74 -
evm.utg600.1.2.5c22f293.1.5c279680      -            494 366936at33208        -            236   6.3e-06   27.4   0.2   2   2    0.0078       0.5   11.4   0.0    69   131   385   452   338   477 0.76 -
evm.utg245.71.3.5c22edb2.1.5c279273     -           1182 366936at33208        -            236   6.8e-06   27.3   0.0   1   1   3.4e-07   2.2e-05   25.6   0.0    98   204  1019  1127   986  1140 0.78 -
evm.utg245.71                           -           1198 366936at33208        -            236   6.9e-06   27.2   0.0   1   1   3.5e-07   2.2e-05   25.6   0.0    98   204  1035  1143  1002  1156 0.78 -
evm.utg245.71.1.5c22edb2                -           1198 366936at33208        -            236   6.9e-06   27.2   0.0   1   1   3.5e-07   2.2e-05   25.6   0.0    98   204  1035  1143  1002  1156 0.78 -
evm.utg2115.28                          -            771 366936at33208        -            236   7.3e-06   27.2   0.1   1   2    0.0019      0.12   13.4   0.0     4    57   465   523   462   532 0.74 -
evm.utg2115.28                          -            771 366936at33208        -            236   7.3e-06   27.2   0.1   2   2    0.0064      0.41   11.6   0.0    68   137   577   651   531   660 0.78 -
evm.utg432.87                           -           1258 366936at33208        -            236   7.7e-06   27.1   0.0   1   1     9e-07   5.8e-05   24.2   0.0    97   197   970  1071   962  1106 0.82 -
evm.utg600.1                            -            582 366936at33208        -            236     9e-06   26.9   0.2   1   2    0.0013     0.081   13.9   0.0     4    57   272   330   269   340 0.74 -
evm.utg600.1                            -            582 366936at33208        -            236     9e-06   26.9   0.2   2   2      0.01      0.66   11.0   0.0    70   131   386   452   339   477 0.76 -
evm.utg22414.2                          -           1060 366936at33208        -            236   1.2e-05   26.4   0.0   1   1   3.1e-06    0.0002   22.5   0.0    97   209   843   956   836   973 0.83 -
evm.utg4972.44                          -            580 366936at33208        -            236   1.3e-05   26.4   0.0   1   1   3.7e-07   2.3e-05   25.5   0.0    77   196    30   170    18   191 0.72 -
evm.utg4972.44.1.5c22f18b               -            580 366936at33208        -            236   1.3e-05   26.4   0.0   1   1   3.7e-07   2.3e-05   25.5   0.0    77   196    30   170    18   191 0.72 -
evm.utg7289.84                          -            729 366936at33208        -            236   1.3e-05   26.3   0.2   1   1     5e-07   3.2e-05   25.1   0.1    58   143   525   624   510   691 0.71 -
evm.utg600.1.2.5c22f293                 -            650 366936at33208        -            236   1.3e-05   26.3   0.2   1   2    0.0015     0.097   13.7   0.0     4    57   428   486   425   494 0.73 -
evm.utg600.1.2.5c22f293                 -            650 366936at33208        -            236   1.3e-05   26.3   0.2   2   2     0.012      0.76   10.8   0.0    69   131   541   608   494   633 0.76 -
evm.utg7289.84.1.5c22f3a0               -            687 366936at33208        -            236   1.3e-05   26.3   0.2   1   1   5.3e-07   3.4e-05   25.0   0.1    58   142   525   623   510   671 0.70 -
evm.utg4464.6                           -            630 366936at33208        -            236   1.4e-05   26.2   0.0   1   1   5.2e-07   3.3e-05   25.0   0.0     9   205    16   240     9   246 0.64 -
evm.utg498.194                          -           1216 366936at33208        -            236   1.5e-05   26.2   0.0   1   1   4.4e-07   2.8e-05   25.3   0.0    28   187   627   800   615   835 0.74 -
evm.utg686.66.1.5c22f347                -            687 366936at33208        -            236   1.7e-05   26.0   0.3   1   1   1.4e-06   8.7e-05   23.7   0.3    14   187   425   615   415   634 0.65 -
evm.utg483.15                           -            514 366936at33208        -            236   1.7e-05   26.0   0.0   1   2       9.2   5.9e+02    1.3   0.0   116   165   201   252   197   271 0.64 -
evm.utg483.15                           -            514 366936at33208        -            236   1.7e-05   26.0   0.0   2   2   3.9e-06   0.00025   22.2   0.0   112   187   330   414   301   423 0.77 -
evm.utg686.66                           -            692 366936at33208        -            236   1.7e-05   26.0   0.2   1   1   1.4e-06   8.8e-05   23.6   0.2    14   187   430   620   420   639 0.65 -
evm.utg600.1.1.5c22f293                 -            741 366936at33208        -            236   1.7e-05   26.0   0.2   1   2    0.0018      0.12   13.4   0.0     4    57   431   489   428   495 0.73 -
evm.utg600.1.1.5c22f293                 -            741 366936at33208        -            236   1.7e-05   26.0   0.2   2   2     0.015      0.96   10.4   0.0    70   131   545   611   499   636 0.77 -
evm.utg432.84                           -            839 366936at33208        -            236   1.8e-05   25.9   0.0   1   1     2e-06   0.00013   23.1   0.0    97   209   622   735   613   752 0.82 -
evm.utg4898.19                          -           1450 366936at33208        -            236   1.9e-05   25.8   0.4   1   2   0.00027     0.017   16.1   0.0    85   209   517   659   450   677 0.68 -
evm.utg4898.19                          -           1450 366936at33208        -            236   1.9e-05   25.8   0.4   2   2      0.11         7    7.6   0.1    54   185   753   899   721   914 0.73 -
evm.utg432.85                           -           1024 366936at33208        -            236     2e-05   25.7   0.0   1   1   9.4e-07     6e-05   24.2   0.0    97   209   731   844   723   868 0.82 -
evm.utg23189.10                         -           1910 366936at33208        -            236   2.4e-05   25.5   0.3   1   1     9e-07   5.7e-05   24.2   0.3     7   198  1633  1839  1628  1860 0.68 -
evm.utg1277.28                          -            805 366936at33208        -            236   2.4e-05   25.5   0.0   1   1   1.1e-06   6.8e-05   24.0   0.0   101   210   637   748   626   755 0.81 -
evm.utg22414.3                          -           1189 366936at33208        -            236   2.8e-05   25.3   0.0   1   1   4.7e-06    0.0003   21.9   0.0    97   196   866   966   858  1001 0.83 -
evm.utg2246.48                          -           1206 366936at33208        -            236   2.9e-05   25.2   0.0   1   1   9.7e-07   6.2e-05   24.1   0.0   101   192  1028  1120  1017  1136 0.83 -
evm.utg2246.47                          -           1204 366936at33208        -            236   3.9e-05   24.8   0.0   1   1   1.2e-06   7.8e-05   23.8   0.0   100   196  1018  1115  1005  1127 0.82 -
evm.utg544.32.1.5c22f204                -            442 366936at33208        -            236     4e-05   24.8   0.0   1   1   1.1e-06   7.3e-05   23.9   0.0     6   140   142   290   137   338 0.71 -
evm.utg7042.20                          -           1284 366936at33208        -            236     4e-05   24.7   0.5   1   2   0.00035     0.023   15.8   0.0    98   209   293   411   205   430 0.74 -
evm.utg7042.20                          -           1284 366936at33208        -            236     4e-05   24.7   0.5   2   2      0.18        11    6.9   0.1    53   181   504   647   473   659 0.69 -
evm.utg243.32                           -            671 366936at33208        -            236   4.3e-05   24.6   0.0   1   1   1.5e-06   9.9e-05   23.5   0.0    98   186   493   576   391   588 0.76 -
utg22414.equina_smart_1475193.mrna1     -            550 366936at33208        -            236   4.6e-05   24.5   0.0   1   1   1.8e-06   0.00012   23.2   0.0    97   196    17   117    10   140 0.83 -
evm.utg40512.12                         -            256 366936at33208        -            236   4.7e-05   24.5   0.0   1   1   1.8e-06   0.00011   23.3   0.0   101   196    88   185    77   207 0.70 -
evm.utg579.33                           -           1399 366936at33208        -            236   4.8e-05   24.5   0.1   1   2    0.0002     0.013   16.6   0.0    95   135   124   164    68   174 0.77 -
evm.utg579.33                           -           1399 366936at33208        -            236   4.8e-05   24.5   0.1   2   2      0.77        49    4.8   0.0   172   196   243   267   230   278 0.89 -
evm.utg1918.12                          -            472 366936at33208        -            236   4.9e-05   24.5   0.0   1   1   1.3e-06   8.2e-05   23.7   0.0     6   140   216   364   211   411 0.74 -
evm.utg693.104                          -            998 366936at33208        -            236   5.1e-05   24.4   0.0   1   1     2e-06   0.00013   23.1   0.0    98   187   820   904   718   915 0.72 -
evm.utg1031.21                          -           1079 366936at33208        -            236   5.3e-05   24.4   0.1   1   1   1.3e-05    0.0008   20.5   0.0    99   187   510   599   491   622 0.66 -
evm.utg544.32.3.5c22f204                -            503 366936at33208        -            236   5.3e-05   24.4   0.0   1   1   1.5e-06   9.5e-05   23.5   0.0     6   140   203   351   198   399 0.71 -
evm.utg544.32                           -            516 366936at33208        -            236   5.6e-05   24.3   0.0   1   1   1.6e-06    0.0001   23.4   0.0     6   140   216   364   211   412 0.71 -
evm.utg116.18                           -            380 366936at33208        -            236   6.2e-05   24.1   0.0   1   1   2.6e-06   0.00016   22.7   0.0     7   187   147   345   142   355 0.74 -
evm.utg7289.84.2.5c22f3a0               -            655 366936at33208        -            236   7.3e-05   23.9   1.7   1   1   1.4e-06   9.1e-05   23.6   0.6    58   139   525   620   510   625 0.73 -
evm.utg8835.2                           -            894 366936at33208        -            236   9.3e-05   23.6   0.0   1   1   4.2e-06   0.00027   22.1   0.0    76   185   710   815   700   827 0.78 -
evm.utg19866.13                         -            395 366936at33208        -            236    0.0001   23.4   0.2   1   1   8.2e-06   0.00052   21.1   0.1     2   208    15   249    14   278 0.61 -
evm.utg977.3                            -           1052 366936at33208        -            236   0.00011   23.4   0.0   1   1   5.3e-06   0.00034   21.7   0.0    97   203   841   951   830   964 0.72 -
evm.utg8494.25                          -           1082 366936at33208        -            236   0.00011   23.3   0.1   1   1   3.3e-06   0.00021   22.4   0.1     4   142    17   165    14   169 0.71 -
evm.utg16593.2.4.5c22eb95               -            732 366936at33208        -            236   0.00011   23.3   0.0   1   1   5.4e-06   0.00035   21.7   0.0    74   137   640   703   623   708 0.89 -
utg225.equina_smart_1620266.mrna1       -            698 366936at33208        -            236   0.00013   23.1   0.1   1   1   2.3e-05    0.0015   19.6   0.1     7   186   399   598   393   608 0.58 -
evm.utg16593.2                          -            799 366936at33208        -            236   0.00013   23.1   0.0   1   1   6.1e-06   0.00039   21.5   0.0    74   137   707   770   690   775 0.89 -
evm.utg16593.2.1.5c22eb94               -            800 366936at33208        -            236   0.00013   23.1   0.0   1   1   6.1e-06   0.00039   21.5   0.0    74   137   707   770   690   775 0.89 -
evm.utg432.104                          -           2279 366936at33208        -            236   0.00014   22.9   0.1   1   1   5.6e-06   0.00036   21.6   0.1     9   186  1588  1776  1581  1792 0.70 -
evm.utg597.48                           -           1538 366936at33208        -            236   0.00015   22.9   0.0   1   1   9.5e-06   0.00061   20.9   0.0    97   205  1354  1463  1241  1482 0.83 -
evm.utg597.48.1.5c22f2a5                -           1538 366936at33208        -            236   0.00015   22.9   0.0   1   1   9.5e-06   0.00061   20.9   0.0    97   205  1354  1463  1241  1482 0.83 -
evm.utg1051.100                         -           2256 366936at33208        -            236   0.00015   22.9   0.0   1   1   5.5e-06   0.00035   21.7   0.0    91   194  1481  1586  1413  1625 0.74 -
evm.utg7549.30                          -            120 366936at33208        -            236   0.00015   22.9   0.0   1   1   2.3e-06   0.00015   22.9   0.0   107   142    49    84    40   119 0.82 -
evm.utg432.104.1.5c22f0e3               -           2302 366936at33208        -            236   0.00016   22.8   0.1   1   1   5.7e-06   0.00036   21.6   0.1     9   186  1611  1799  1604  1815 0.70 -
evm.utg57.16                            -           2285 366936at33208        -            236   0.00016   22.8   0.1   1   1   6.4e-06   0.00041   21.5   0.1     9   186  1594  1782  1587  1799 0.71 -
evm.utg4907.10                          -            874 366936at33208        -            236   0.00018   22.6   0.0   1   1   5.1e-06   0.00032   21.8   0.0    36   147   531   651   517   705 0.67 -
evm.utg3753.49                          -           1538 366936at33208        -            236   0.00019   22.6   0.0   1   1   1.1e-05   0.00068   20.7   0.0    97   204  1354  1462  1241  1479 0.84 -
evm.utg1052.31.2.5c22e824               -            678 366936at33208        -            236   0.00019   22.5   0.0   1   1   3.3e-05    0.0021   19.1   0.0     7   139   437   580   432   587 0.76 -
evm.utg2073.23                          -            616 366936at33208        -            236    0.0002   22.5   0.1   1   1   1.9e-05    0.0012   19.9   0.1     7   209   352   556   347   565 0.74 -
evm.utg1052.31                          -            686 366936at33208        -            236    0.0002   22.5   0.0   1   1   3.4e-05    0.0022   19.1   0.0     7   139   437   580   432   586 0.76 -
evm.utg2585.1                           -            458 366936at33208        -            236    0.0002   22.4   0.0   1   1   9.7e-06   0.00062   20.9   0.0    98   196   182   292   172   308 0.76 -
evm.utg2129.16                          -           2376 366936at33208        -            236   0.00023   22.3   0.0   1   1     8e-06   0.00051   21.1   0.0    91   194  1481  1586  1414  1625 0.76 -
evm.utg34.13.1.5c22ef50                 -            673 366936at33208        -            236   0.00023   22.2   0.0   1   1   6.6e-06   0.00042   21.4   0.0     7   139   424   567   419   611 0.80 -
evm.utg338.48                           -            485 366936at33208        -            236   0.00026   22.1   0.1   1   1   6.8e-06   0.00043   21.4   0.1    25   146   209   343   193   398 0.71 -
evm.utg34.13                            -            673 366936at33208        -            236   0.00027   22.0   0.0   1   1     8e-06   0.00051   21.1   0.0     7   139   424   567   419   575 0.78 -
evm.utg126.65                           -            667 366936at33208        -            236   0.00031   21.9   0.0   1   1   9.2e-06   0.00059   20.9   0.0    19   191   445   617   427   645 0.73 -
evm.utg262.26                           -            462 366936at33208        -            236   0.00033   21.8   0.0   1   1   7.8e-06    0.0005   21.2   0.0    25   144   187   319   173   372 0.79 -
evm.utg464.58                           -            123 366936at33208        -            236   0.00038   21.6   0.0   1   1   7.2e-06   0.00046   21.3   0.0    43   120    42   118    10   121 0.80 -
utg607.equina_smart_450085.mrna1        -            120 366936at33208        -            236   0.00041   21.5   0.0   1   1   7.7e-06   0.00049   21.2   0.0    97   141    58   102    44   115 0.92 -
evm.utg343339.1                         -             96 366936at33208        -            236   0.00041   21.5   0.3   1   1   7.5e-06   0.00048   21.2   0.3     4    67    21    82    19    95 0.80 -
evm.utg3174.25                          -            411 366936at33208        -            236   0.00042   21.4   0.0   1   1   1.4e-05   0.00087   20.4   0.0    25   192    79   264    54   279 0.71 -
evm.utg777.31                           -            128 366936at33208        -            236   0.00045   21.3   0.0   1   1   8.8e-06   0.00056   21.0   0.0     5   110     4   122     1   125 0.73 -
evm.utg868.76                           -             84 366936at33208        -            236   0.00061   20.9   0.0   1   1   1.1e-05   0.00071   20.7   0.0     6    65    18    76    14    82 0.88 -
evm.utg4464.8                           -            265 366936at33208        -            236   0.00071   20.7   0.0   1   1   2.5e-05    0.0016   19.5   0.0    87   187   108   222    11   241 0.65 -
evm.utg7127.45                          -            680 366936at33208        -            236   0.00076   20.6   0.1   1   1   2.5e-05    0.0016   19.5   0.1    53   132   315   404   272   424 0.73 -
evm.utg13510.1                          -            704 366936at33208        -            236   0.00089   20.4   0.1   1   1   2.5e-05    0.0016   19.5   0.1    47   139   147   249   125   277 0.78 -
evm.utg9194.11                          -            800 366936at33208        -            236    0.0009   20.3   0.0   1   1   2.5e-05    0.0016   19.5   0.0    78   220   509   658   459   670 0.82 -
evm.utg2356.27                          -            338 366936at33208        -            236   0.00096   20.2   0.8   1   1   0.00022     0.014   16.4   0.8     9   178    94   290    88   301 0.65 -
evm.utg8931.2                           -           2437 366936at33208        -            236     0.001   20.1   0.0   1   1   3.4e-05    0.0022   19.1   0.0    48   190  1759  1922  1728  1941 0.70 -
evm.utg5885.11.1.5c22f26d               -            987 366936at33208        -            236     0.001   20.1   0.0   1   1   4.2e-05    0.0027   18.8   0.0    98   195   175   284   165   301 0.73 -
evm.utg1910.3                           -            432 366936at33208        -            236    0.0011   20.1   0.1   1   1   4.5e-05    0.0029   18.7   0.1    93   184   126   225    14   242 0.61 -
evm.utg1205.73                          -            495 366936at33208        -            236    0.0011   20.1   0.4   1   1   6.1e-05    0.0039   18.2   0.2    95   142   365   413   264   419 0.89 -
evm.utg1205.73.1.5c22e939               -            437 366936at33208        -            236    0.0011   20.0   0.1   1   1   2.3e-05    0.0015   19.6   0.1    95   143   365   414   263   435 0.87 -
evm.utg5885.11                          -           1028 366936at33208        -            236    0.0011   20.0   0.0   1   1   4.3e-05    0.0028   18.7   0.0    98   195   175   284   164   301 0.73 -
evm.utg126.129.1.5c22e9a0               -           2687 366936at33208        -            236    0.0011   20.0   0.0   1   1   3.9e-05    0.0025   18.9   0.0    48   190  2009  2172  1978  2191 0.70 -
evm.utg126.129                          -           2705 366936at33208        -            236    0.0012   20.0   0.0   1   1   3.9e-05    0.0025   18.9   0.0    48   190  2027  2190  1996  2209 0.70 -
evm.utg386.8                            -            816 366936at33208        -            236    0.0012   19.9   0.0   1   1   4.4e-05    0.0028   18.7   0.0     9   140   196   344   188   348 0.73 -
evm.utg1819.40                          -            391 366936at33208        -            236    0.0013   19.8   0.1   1   1   3.5e-05    0.0022   19.1   0.1    43   143   183   301   153   354 0.65 -
evm.utg2353.13                          -           1109 366936at33208        -            236    0.0013   19.8   0.0   1   1   4.3e-05    0.0027   18.7   0.0    42   139   638   745   616   834 0.75 -
evm.utg2353.15.2.5c22ed74               -           1027 366936at33208        -            236    0.0014   19.7   0.1   1   1   4.5e-05    0.0029   18.7   0.1    47   139   609   711   588   737 0.78 -
evm.utg1052.31.1.5c22e823               -            639 366936at33208        -            236    0.0016   19.6   0.0   1   1   4.5e-05    0.0028   18.7   0.0     7   139   390   533   385   578 0.80 -
evm.utg13510.3                          -           1130 366936at33208        -            236    0.0017   19.4   0.0   1   1   5.3e-05    0.0034   18.4   0.0    42   139   583   690   560   778 0.78 -
evm.utg2353.15                          -           1166 366936at33208        -            236    0.0018   19.4   0.1   1   1   5.4e-05    0.0034   18.4   0.1    47   139   609   711   589   737 0.78 -
evm.utg2353.15.1.5c22ed73               -           1166 366936at33208        -            236    0.0018   19.4   0.1   1   1   5.4e-05    0.0034   18.4   0.1    47   139   609   711   589   737 0.78 -
evm.utg2353.15.1.5c22ed73.1.5c27923c    -           1166 366936at33208        -            236    0.0018   19.4   0.1   1   1   5.4e-05    0.0034   18.4   0.1    47   139   609   711   589   737 0.78 -
evm.utg3906.17                          -            332 366936at33208        -            236    0.0018   19.4   0.2   1   1   5.2e-05    0.0033   18.5   0.2    15   188    62   238    49   271 0.73 -
evm.utg7938.2                           -            836 366936at33208        -            236     0.002   19.2   0.1   1   1   0.00018     0.012   16.7   0.0    79   213   522   665   453   681 0.72 -
evm.utg4695.28                          -            439 366936at33208        -            236     0.002   19.2   0.1   1   1   4.8e-05    0.0031   18.6   0.1     9   142   207   357   200   406 0.68 -
evm.utg4739.15                          -            256 366936at33208        -            236    0.0024   18.9   0.1   1   1   7.1e-05    0.0046   18.0   0.1    93   142   100   152     2   157 0.78 -
evm.utg1395.65                          -            256 366936at33208        -            236    0.0026   18.8   0.2   1   1     7e-05    0.0045   18.0   0.2    93   142   100   152     2   158 0.78 -
evm.utg17372.6.1.5c22ebd8               -            852 366936at33208        -            236    0.0027   18.8   0.0   1   1    0.0002     0.013   16.6   0.0    96   205   605   716   578   738 0.75 -
evm.utg432.85.1.5c22f0e2                -            812 366936at33208        -            236    0.0028   18.7   0.1   1   1   0.00012    0.0075   17.3   0.0    97   141   731   775   723   779 0.93 -
evm.utg666.27                           -           1256 366936at33208        -            236    0.0029   18.7   0.4   1   1   8.7e-05    0.0056   17.7   0.4     8   118  1134  1248  1128  1253 0.78 -
evm.utg17372.6.3.5c22ebd8               -            905 366936at33208        -            236     0.003   18.6   0.0   1   1   0.00021     0.014   16.5   0.0    96   205   658   769   631   791 0.75 -
evm.utg63454.1                          -            245 366936at33208        -            236    0.0031   18.6   0.0   1   1   6.5e-05    0.0042   18.2   0.0   100   180    92   176    67   225 0.76 -
evm.utg7549.32                          -            210 366936at33208        -            236    0.0032   18.5   0.1   1   1   0.00019     0.012   16.6   0.0    14    92    58   138    46   159 0.78 -
utg597.equina_smart_920486.mrna1        -            616 366936at33208        -            236    0.0033   18.5   0.0   1   1   0.00016      0.01   16.9   0.0    94   187   115   222    10   242 0.61 -
evm.utg113.15                           -            874 366936at33208        -            236    0.0034   18.4   0.0   1   1   0.00016      0.01   16.9   0.0    99   186   330   426   323   441 0.81 -
evm.utg14731.28                         -            245 366936at33208        -            236    0.0034   18.4   0.0   1   1   6.7e-05    0.0043   18.1   0.0   100   180    92   176    71   226 0.75 -
evm.utg17372.6                          -            960 366936at33208        -            236    0.0035   18.4   0.0   1   1   0.00023     0.015   16.3   0.0    96   205   713   824   686   846 0.75 -
evm.utg17372.6.2.5c22ebd8               -            960 366936at33208        -            236    0.0035   18.4   0.0   1   1   0.00023     0.015   16.3   0.0    96   205   713   824   686   846 0.75 -
evm.utg3365.39.1.5c22ef40               -            469 366936at33208        -            236    0.0036   18.4   0.0   1   1   0.00054     0.034   15.2   0.0     7   178   137   331   131   348 0.53 -
evm.utg4613.51                          -            237 366936at33208        -            236    0.0037   18.3   0.0   1   1   7.7e-05    0.0049   17.9   0.0    67   192    68   202     2   207 0.76 -
evm.utg1416.11                          -            245 366936at33208        -            236    0.0038   18.3   0.1   1   1   9.2e-05    0.0059   17.7   0.1    93   143    89   142    58   148 0.76 -
evm.utg861.93.1.5c22f49d                -            720 366936at33208        -            236    0.0041   18.2   0.0   1   1   0.00013     0.008   17.2   0.0    16   189    36   225    21   229 0.78 -
evm.utg324.191                          -            427 366936at33208        -            236    0.0041   18.2   0.0   1   1   0.00012    0.0075   17.3   0.0     8   139   128   275   121   303 0.66 -
evm.utg1395.59                          -            231 366936at33208        -            236    0.0045   18.0   0.1   1   1   0.00011     0.007   17.4   0.1    93   142    75   127    45   134 0.75 -
evm.utg23708.3                          -            401 366936at33208        -            236    0.0047   18.0   0.0   1   1   0.00014    0.0087   17.1   0.0    70   192   235   366   155   370 0.65 -
evm.utg861.19                           -           1038 366936at33208        -            236     0.005   17.9   0.1   1   1   0.00023     0.015   16.3   0.1    55   139   231   328   198   390 0.84 -
evm.utg3365.39                          -            551 366936at33208        -            236    0.0055   17.8   0.0   1   1   0.00073     0.047   14.7   0.0   111   178   341   413   213   432 0.53 -
evm.utg5879.7                           -            285 366936at33208        -            236    0.0059   17.7   0.0   1   1   0.00019     0.012   16.6   0.0    94   190   145   247    41   283 0.62 -
evm.utg2426.4                           -            454 366936at33208        -            236    0.0063   17.6   0.0   1   1   0.00023     0.015   16.3   0.0     8   139   128   275   121   304 0.63 -
evm.utg580.80                           -            538 366936at33208        -            236    0.0064   17.6   0.0   1   1   0.00024     0.016   16.3   0.0    98   128    19    49     9    59 0.84 -
evm.utg861.93                           -            901 366936at33208        -            236     0.007   17.4   0.0   1   1   0.00019     0.012   16.7   0.0    16   189    36   225    21   229 0.78 -
evm.utg9603.7                           -            203 366936at33208        -            236     0.007   17.4   0.0   1   1   0.00014    0.0088   17.1   0.0   101   183    80   158    37   166 0.76 -
evm.utg2415.1                           -            750 366936at33208        -            236    0.0075   17.3   0.0   1   1   0.00023     0.015   16.3   0.0     5    85   630   713   625   739 0.78 -
evm.utg4739.16                          -            424 366936at33208        -            236    0.0082   17.2   0.0   1   1    0.0002     0.013   16.5   0.0   100   145   271   319   245   395 0.76 -
evm.utg9603.11                          -            293 366936at33208        -            236    0.0085   17.1   0.0   1   1   0.00019     0.012   16.6   0.0   100   141   178   222   150   273 0.74 -
evm.utg1236.19                          -            381 366936at33208        -            236    0.0085   17.1   0.0   1   1    0.0002     0.013   16.5   0.0   100   145   228   276   205   354 0.75 -
evm.utg1271.92                          -            424 366936at33208        -            236    0.0087   17.1   0.0   1   1   0.00021     0.014   16.5   0.0   100   144   271   318   245   387 0.75 -
evm.utg544.10                           -            363 366936at33208        -            236    0.0087   17.1   0.0   1   1    0.0002     0.013   16.6   0.0   112   142   186   216   158   269 0.77 -
evm.utg4398.4                           -            424 366936at33208        -            236    0.0092   17.0   0.0   1   1   0.00023     0.015   16.3   0.0   100   143   271   317   245   369 0.73 -
evm.utg2115.26                          -           1201 366936at33208        -            236     0.011   16.8   0.2   1   1   0.00076     0.049   14.7   0.0    11   130   823   939   815   963 0.80 -
evm.utg6821.1                           -            396 366936at33208        -            236     0.011   16.8   0.0   1   1   0.00029     0.019   16.0   0.0    94   142    76   127    51   133 0.74 -
evm.utg18409.15                         -           1760 366936at33208        -            236     0.013   16.6   0.3   1   1   0.00082     0.053   14.5   0.0     7   144   339   474   333   531 0.70 -
evm.utg762.2                            -            225 366936at33208        -            236     0.013   16.5   0.0   1   1   0.00026     0.017   16.2   0.0    74   196    21   145    12   179 0.71 -
evm.utg464.205                          -            230 366936at33208        -            236     0.014   16.4   0.0   1   1   0.00054     0.035   15.1   0.0     8   183    30   222    24   228 0.70 -
evm.utg6334.8                           -            384 366936at33208        -            236     0.014   16.4   0.2   1   1   0.00039     0.025   15.6   0.2     8   137   144   288   138   298 0.69 -
evm.utg300.39                           -            951 366936at33208        -            236     0.014   16.4   0.0   1   1   0.00046     0.029   15.4   0.0   101   141   793   833   782   853 0.89 -
evm.utg300.39.1.5c22ee86                -            951 366936at33208        -            236     0.014   16.4   0.0   1   1   0.00046     0.029   15.4   0.0   101   141   793   833   782   853 0.89 -
evm.utg540.51                           -            400 366936at33208        -            236     0.014   16.4   2.5   1   2       7.5   4.8e+02    1.6   1.0    20    70     4    54     1    72 0.80 -
evm.utg540.51                           -            400 366936at33208        -            236     0.014   16.4   2.5   2   2    0.0012     0.077   14.0   0.0    91   188   246   353   148   364 0.62 -
evm.utg762.6                            -           1184 366936at33208        -            236      0.02   15.9   0.1   1   1   0.00073     0.047   14.7   0.1    53   133   850   935   811  1013 0.85 -
evm.utg8.81                             -            240 366936at33208        -            236     0.022   15.8   0.0   1   1   0.00047      0.03   15.3   0.0   112   180    31   104    14   151 0.79 -
evm.utg597.183                          -            391 366936at33208        -            236     0.023   15.8   0.2   1   1   0.00057     0.036   15.1   0.2     8   137   151   295   145   310 0.69 -
evm.utg1271.110                         -            335 366936at33208        -            236     0.023   15.7   0.3   1   1    0.0017      0.11   13.6   0.3    87   139   192   251   104   292 0.64 -
evm.utg172.142                          -            892 366936at33208        -            236     0.023   15.7   0.0   1   2      0.31        20    6.1   0.0     5    90   606   697   602   708 0.66 -
evm.utg172.142                          -            892 366936at33208        -            236     0.023   15.7   0.0   2   2      0.15       9.3    7.2   0.0    99   201   731   836   721   854 0.72 -
evm.utg152.39                           -            423 366936at33208        -            236     0.025   15.6   0.0   1   1   0.00088     0.056   14.5   0.0   102   127    40    65    28    74 0.88 -
evm.utg464.173                          -            595 366936at33208        -            236     0.026   15.6   0.2   1   1   0.00081     0.052   14.6   0.2     9   140   363   511   358   559 0.65 -
evm.utg1520.6                           -            287 366936at33208        -            236     0.027   15.5   0.0   1   1   0.00059     0.038   15.0   0.0   100   180   169   253   150   274 0.70 -
evm.utg2483.45                          -            421 366936at33208        -            236     0.028   15.4   0.0   1   1   0.00091     0.058   14.4   0.0    92   140   273   321   197   386 0.76 -
evm.utg25318.4                          -            331 366936at33208        -            236     0.029   15.4   0.0   1   1     0.001     0.065   14.3   0.0    95   145   198   251    87   265 0.88 -
evm.utg467.29                           -            962 366936at33208        -            236     0.036   15.1   0.0   1   1    0.0016       0.1   13.6   0.0   111   204   763   860   756   874 0.68 -
evm.utg364.1                            -           1036 366936at33208        -            236     0.038   15.0   0.1   1   1    0.0016       0.1   13.6   0.1     7    92   926  1009   922  1026 0.81 -
utg1056.equina_smart_101076utrorf.mrna1 -            174 366936at33208        -            236     0.041   14.9   0.0   1   1   0.00081     0.052   14.6   0.0   135   190    35    88    30   116 0.80 -
evm.utg1708.57                          -            331 366936at33208        -            236     0.042   14.9   0.0   1   1    0.0017      0.11   13.5   0.0    96   145   199   251   177   296 0.86 -
evm.utg14021.21                         -            360 366936at33208        -            236     0.043   14.8   0.0   1   1   0.00082     0.052   14.6   0.0    97   141   221   268   122   315 0.89 -
evm.utg1982.6                           -            360 366936at33208        -            236     0.043   14.8   0.0   1   1   0.00082     0.052   14.6   0.0    97   141   221   268   122   315 0.89 -
evm.utg4501.5                           -            360 366936at33208        -            236     0.043   14.8   0.0   1   1   0.00082     0.052   14.6   0.0    97   141   221   268   122   315 0.89 -
evm.utg6792.4                           -            360 366936at33208        -            236     0.043   14.8   0.0   1   1   0.00082     0.052   14.6   0.0    97   141   221   268   122   315 0.89 -
evm.utg14412.5                          -            366 366936at33208        -            236     0.045   14.8   0.0   1   1   0.00084     0.054   14.5   0.0    97   141   221   268   122   315 0.89 -
evm.utg1748.34                          -            424 366936at33208        -            236     0.047   14.7   0.0   1   1    0.0012     0.075   14.1   0.0   100   145   271   319   245   395 0.75 -
evm.utg5.37                             -            285 366936at33208        -            236     0.048   14.7   0.1   1   1    0.0019      0.12   13.4   0.1    63   178   115   235    41   248 0.52 -
evm.utg861.63                           -           1290 366936at33208        -            236     0.048   14.7   0.0   1   1    0.0013     0.085   13.9   0.0    96   138  1144  1192  1123  1211 0.79 -
evm.utg116.203                          -            422 366936at33208        -            236     0.051   14.6   0.2   1   1    0.0018      0.11   13.5   0.2    14    92   226   306   215   332 0.76 -
evm.utg4879.9                           -            211 366936at33208        -            236     0.051   14.6   0.1   1   1    0.0015     0.094   13.7   0.1     8   132    44   177    37   189 0.62 -
evm.utg6851.28                          -           1077 366936at33208        -            236     0.052   14.6   0.0   1   1     0.013      0.86   10.6   0.0    96   144   511   565   472   621 0.76 -
evm.utg762.1                            -            533 366936at33208        -            236     0.055   14.5   0.0   1   1    0.0013     0.083   13.9   0.0     4    57   467   525   464   529 0.72 -
evm.utg729.39                           -            505 366936at33208        -            236     0.058   14.4   0.2   1   1   0.00091     0.058   14.4   0.2    67   142   136   224   117   227 0.72 -
evm.utg729.39.3.5c22f3ab                -            505 366936at33208        -            236     0.058   14.4   0.2   1   1   0.00091     0.058   14.4   0.2    67   142   136   224   117   227 0.72 -
evm.utg13730.5                          -            285 366936at33208        -            236     0.058   14.4   0.1   1   1    0.0025      0.16   13.0   0.1    63   178   115   235    41   245 0.56 -
evm.utg3201.17                          -            610 366936at33208        -            236     0.058   14.4   0.0   1   2      0.45        29    5.6   0.0     6    90   325   415   320   426 0.68 -
evm.utg3201.17                          -            610 366936at33208        -            236     0.058   14.4   0.0   2   2      0.24        16    6.5   0.0    99   200   449   553   440   573 0.71 -
evm.utg40307.7                          -            406 366936at33208        -            236     0.061   14.3   0.0   1   1    0.0023      0.14   13.1   0.0    10   126   169   299   160   366 0.65 -
evm.utg691.3                            -            406 366936at33208        -            236     0.066   14.2   0.0   1   1    0.0023      0.15   13.1   0.0    63   126   236   299   160   366 0.67 -
evm.utg729.39.1.5c22f3ab                -            505 366936at33208        -            236      0.07   14.2   0.2   1   1    0.0011      0.07   14.2   0.2    67   142   136   224   117   227 0.72 -
evm.utg729.39.2.5c22f3ab                -            505 366936at33208        -            236      0.07   14.2   0.2   1   1    0.0011      0.07   14.2   0.2    67   142   136   224   117   227 0.72 -
evm.utg78.82                            -            241 366936at33208        -            236     0.074   14.1   0.1   1   1    0.0015     0.095   13.7   0.1   101   143    95   140     7   149 0.87 -
evm.utg7178.1                           -            360 366936at33208        -            236     0.079   14.0   0.0   1   1    0.0015     0.095   13.7   0.0    97   140   221   267   122   315 0.89 -
evm.utg225.3.1.5c22ed4c                 -            261 366936at33208        -            236     0.088   13.8   0.0   1   1    0.0019      0.12   13.4   0.0     2    82   122   205   121   221 0.72 -
evm.utg7289.84.3.5c22f3a0               -            613 366936at33208        -            236      0.09   13.8   3.4   1   1    0.0012     0.075   14.0   1.6    58   120   525   595   510   602 0.77 -
evm.utg3164.66.1.5c22eee7               -           1447 366936at33208        -            236     0.093   13.7   0.3   1   1    0.0029      0.18   12.8   0.3    86   137  1185  1236  1151  1243 0.79 -
evm.utg3164.66                          -           1482 366936at33208        -            236     0.096   13.7   0.3   1   1     0.003      0.19   12.7   0.3    86   137  1220  1271  1186  1278 0.79 -
evm.utg6373.27                          -            367 366936at33208        -            236       0.1   13.6   0.1   1   1    0.0043      0.27   12.2   0.1    63   178   197   317   123   326 0.53 -
evm.utg167.1                            -           1451 366936at33208        -            236      0.13   13.3   0.2   1   1    0.0038      0.24   12.4   0.2    88   137  1191  1240  1155  1246 0.80 -
evm.utg3022.14                          -            859 366936at33208        -            236      0.14   13.1   0.1   1   1    0.0077       0.5   11.4   0.1     8   130   312   442   307   455 0.66 -
evm.utg5662.11                          -            384 366936at33208        -            236      0.16   13.0   0.2   1   1     0.004      0.26   12.3   0.2     8   131   144   280   137   296 0.68 -
evm.utg41344.11                         -            256 366936at33208        -            236      0.16   12.9   0.0   1   1    0.0031       0.2   12.7   0.0    97   126   221   250   121   255 0.90 -
evm.utg7549.9                           -           1306 366936at33208        -            236      0.18   12.8   0.0   1   1    0.0093      0.59   11.1   0.0    97   141  1200  1244  1193  1249 0.90 -
evm.utg3827.26                          -            442 366936at33208        -            236      0.18   12.8   0.2   1   1     0.014      0.91   10.5   0.1    70   131    30    90     8   115 0.74 -
evm.utg4567.12                          -            229 366936at33208        -            236      0.19   12.7   0.0   1   1     0.004      0.26   12.3   0.0   101   145   121   168    79   188 0.82 -
evm.utg544.32.2.5c22f204                -            355 366936at33208        -            236      0.19   12.7   0.0   1   1    0.0054      0.35   11.9   0.0     6   129   216   353   211   354 0.69 -
evm.utg2901.14                          -            342 366936at33208        -            236      0.23   12.5   0.0   1   1    0.0051      0.33   11.9   0.0    93   140   208   258   173   305 0.78 -
evm.utg5246.19                          -            402 366936at33208        -            236      0.23   12.4   0.0   1   1    0.0082      0.52   11.3   0.0    50   129   202   294   159   309 0.63 -
evm.utg1277.48                          -            216 366936at33208        -            236      0.27   12.2   0.0   1   1      0.01      0.67   10.9   0.0    99   201    55   160    49   186 0.74 -
evm.utg693.104.1.5c22f34f               -            856 366936at33208        -            236      0.27   12.2   0.0   1   1     0.011      0.72   10.8   0.0    97   126   819   848   717   852 0.68 -
evm.utg464.50                           -            397 366936at33208        -            236      0.29   12.1   0.0   1   1    0.0086      0.55   11.2   0.0    49   129   196   289   154   304 0.63 -
evm.utg4879.32                          -            397 366936at33208        -            236      0.29   12.1   0.0   1   1    0.0088      0.57   11.2   0.0    50   129   197   289   154   305 0.63 -
evm.utg1381.36                          -            397 366936at33208        -            236      0.29   12.1   0.0   1   1    0.0088      0.57   11.2   0.0    50   129   197   289   154   305 0.63 -
evm.utg324.122.3.5c22ef1e.2.5c27939f    -            251 366936at33208        -            236       0.3   12.1   0.0   1   1    0.0062       0.4   11.7   0.0     3    83   169   248   167   250 0.92 -
evm.utg6821.4                           -            369 366936at33208        -            236      0.32   12.0   0.1   1   1     0.012      0.76   10.8   0.1    98   128    27    57    15    67 0.83 -
evm.utg1465.67                          -            107 366936at33208        -            236      0.32   12.0   0.0   1   1    0.0054      0.35   11.9   0.0   102   138    27    67    13    86 0.82 -
evm.utg1230.37.2.5c22e961               -            974 366936at33208        -            236      0.39   11.7   0.0   1   1     0.011      0.72   10.8   0.0   117   189   751   824   741   863 0.87 -
evm.utg4613.7                           -            393 366936at33208        -            236      0.39   11.7   0.3   1   1     0.012      0.78   10.7   0.3    96   130    93   128    16   199 0.75 -
evm.utg464.77                           -            107 366936at33208        -            236       0.4   11.7   0.0   1   1    0.0075      0.48   11.4   0.0   100   130    22    52    15    71 0.82 -
evm.utg1230.37                          -           1044 366936at33208        -            236      0.43   11.6   0.0   1   1     0.012      0.79   10.7   0.0   117   189   821   894   811   933 0.87 -
evm.utg4605.67                          -            171 366936at33208        -            236      0.44   11.5   0.0   1   1     0.011      0.71   10.9   0.0    91   130    25    64    16    81 0.84 -
evm.utg888.7                            -            533 366936at33208        -            236      0.45   11.5   0.0   1   2       4.6   2.9e+02    2.3   0.1    45    89   162   208   134   218 0.73 -
evm.utg888.7                            -            533 366936at33208        -            236      0.45   11.5   0.0   2   2      0.58        37    5.2   0.0    95   124   323   352   309   363 0.88 -
evm.utg8820.9                           -             92 366936at33208        -            236      0.46   11.5   0.0   1   1    0.0083      0.53   11.3   0.0     9    83     2    69     1    82 0.80 -
#
# Program:         hmmsearch
# Version:         3.1b2 (February 2015)
# Pipeline mode:   SEARCH
# Query file:      /uoa/scratch/users/r02hw22/project_dark_genes/busco_downloads/lineages/metazoa_odb10/hmms/366936at33208.hmm
# Target file:     /uoa/scratch/users/r02hw22/project_dark_genes/00_raw/equina_smart.rnam-trna.merged.ggf.curated.remredun.aa.fa
# Option settings: hmmsearch --domtblout /uoa/scratch/users/r02hw22/project_dark_genes/equina_busco_proteins/run_metazoa_odb10/hmmer_output/initial_run_results/366936at33208.out --cpu 1 /uoa/scratch/users/r02hw22/project_dark_genes/busco_downloads/lineages/metazoa_odb10/hmms/366936at33208.hmm /uoa/scratch/users/r02hw22/project_dark_genes/00_raw/equina_smart.rnam-trna.merged.ggf.curated.remredun.aa.fa 
# Current dir:     /uoa/scratch/users/r02hw22/project_dark_genes
# Date:            Sat Apr 25 14:41:37 2026
# [ok]
