#                                                                                            --- full sequence --- -------------- this domain -------------   hmm coord   ali coord   env coord
# target name                        accession   tlen query name           accession   qlen   E-value  score  bias   #  of  c-Evalue  i-Evalue  score  bias  from    to  from    to  from    to  acc description of target
#                ------------------- ---------- ----- -------------------- ---------- ----- --------- ------ ----- --- --- --------- --------- ------ ----- ----- ----- ----- ----- ----- ----- ---- ---------------------
evm.utg8380.14                       -            389 409006at33208        -            294  1.7e-125  419.6   6.7   1   3   3.3e-31   7.5e-29  102.4   0.0     1    82     1    87     1   104 0.88 -
evm.utg8380.14                       -            389 409006at33208        -            294  1.7e-125  419.6   6.7   2   3     0.005       1.2    9.8   0.0   108   145   134   171   129   180 0.89 -
evm.utg8380.14                       -            389 409006at33208        -            294  1.7e-125  419.6   6.7   3   3   9.4e-94   2.2e-91  307.7   3.1   111   294   186   388   172   388 0.87 -
utg8380.equina_smart_1360010.mrna1   -            129 409006at33208        -            294   6.7e-25   89.4   0.1   1   1   3.3e-27   7.6e-25   89.2   0.1     1    73     1    77     1    98 0.87 -
evm.utg389.12.1.5c22f032             -            817 409006at33208        -            294   6.1e-24   86.3  29.6   1   5      0.74   1.7e+02    2.7   0.0   165   184    22    41     7    47 0.83 -
evm.utg389.12.1.5c22f032             -            817 409006at33208        -            294   6.1e-24   86.3  29.6   2   5   1.3e-06    0.0003   21.6   3.1   133   217    28   120    20   133 0.72 -
evm.utg389.12.1.5c22f032             -            817 409006at33208        -            294   6.1e-24   86.3  29.6   3   5   1.2e-06   0.00027   21.7   5.6   119   220   251   361   178   368 0.68 -
evm.utg389.12.1.5c22f032             -            817 409006at33208        -            294   6.1e-24   86.3  29.6   4   5     9e-07   0.00021   22.1   0.4   135   222   368   456   364   473 0.84 -
evm.utg389.12.1.5c22f032             -            817 409006at33208        -            294   6.1e-24   86.3  29.6   5   5     1e-09   2.3e-07   31.8   0.9   162   240   478   558   461   587 0.79 -
evm.utg18125.5                       -            949 409006at33208        -            294   1.3e-23   85.2  28.9   1   5      0.15        33    5.0   0.1   144   183   310   348   256   357 0.63 -
evm.utg18125.5                       -            949 409006at33208        -            294   1.3e-23   85.2  28.9   2   5   1.2e-07   2.8e-05   25.0   3.0   133   217   336   428   326   442 0.74 -
evm.utg18125.5                       -            949 409006at33208        -            294   1.3e-23   85.2  28.9   3   5   3.8e-07   8.7e-05   23.4   3.9   121   220   561   669   502   676 0.70 -
evm.utg18125.5                       -            949 409006at33208        -            294   1.3e-23   85.2  28.9   4   5   9.1e-07   0.00021   22.1   0.4   135   223   676   765   672   783 0.84 -
evm.utg18125.5                       -            949 409006at33208        -            294   1.3e-23   85.2  28.9   5   5   2.1e-08   4.9e-06   27.5   0.4   162   237   786   863   769   901 0.78 -
evm.utg389.12                        -            914 409006at33208        -            294   2.1e-23   84.5  32.5   1   5      0.15        35    5.0   0.1   144   183    99   137    45   144 0.63 -
evm.utg389.12                        -            914 409006at33208        -            294   2.1e-23   84.5  32.5   2   5   5.5e-06    0.0013   19.6   1.6   165   217   163   217   148   230 0.76 -
evm.utg389.12                        -            914 409006at33208        -            294   2.1e-23   84.5  32.5   3   5   1.5e-06   0.00033   21.5   5.7   119   220   348   458   274   465 0.68 -
evm.utg389.12                        -            914 409006at33208        -            294   2.1e-23   84.5  32.5   4   5   1.1e-06   0.00025   21.9   0.5   135   222   465   553   461   571 0.84 -
evm.utg389.12                        -            914 409006at33208        -            294   2.1e-23   84.5  32.5   5   5   1.5e-09   3.4e-07   31.3   1.0   163   239   576   654   561   672 0.79 -
evm.utg801.96                        -            430 409006at33208        -            294   2.6e-20   74.4   2.9   1   2   5.1e-08   1.2e-05   26.2   0.1    54   185   121   264   115   272 0.86 -
evm.utg801.96                        -            430 409006at33208        -            294   2.6e-20   74.4   2.9   2   2   7.1e-14   1.6e-11   45.5   0.8   148   278   273   401   268   411 0.87 -
evm.utg389.12.2.5c22f032             -            702 409006at33208        -            294   9.3e-19   69.2  19.7   1   3   1.6e-06   0.00037   21.3   6.4   119   220   136   246    63   253 0.68 -
evm.utg389.12.2.5c22f032             -            702 409006at33208        -            294   9.3e-19   69.2  19.7   2   3   7.1e-07   0.00016   22.5   0.4   135   222   253   341   246   355 0.84 -
evm.utg389.12.2.5c22f032             -            702 409006at33208        -            294   9.3e-19   69.2  19.7   3   3   9.7e-10   2.2e-07   31.9   1.0   163   240   364   443   350   470 0.79 -
evm.utg798.40                        -            320 409006at33208        -            294   3.2e-16   60.9   2.1   1   2    0.0024      0.54   10.9   0.9   161   273    70   169    60   190 0.66 -
evm.utg798.40                        -            320 409006at33208        -            294   3.2e-16   60.9   2.1   2   2   2.7e-12   6.3e-10   40.3   0.0   116   224   197   314   187   318 0.84 -
evm.utg470.32                        -           1060 409006at33208        -            294     2e-15   58.3   4.1   1   4    0.0078       1.8    9.2   0.1   131   184    41    94    16   100 0.80 -
evm.utg470.32                        -           1060 409006at33208        -            294     2e-15   58.3   4.1   2   4     0.099        23    5.6   0.0   148   184   367   403   342   409 0.85 -
evm.utg470.32                        -           1060 409006at33208        -            294     2e-15   58.3   4.1   3   4   0.00014     0.032   15.0   0.0   243   285   445   488   441   497 0.90 -
evm.utg470.32                        -           1060 409006at33208        -            294     2e-15   58.3   4.1   4   4   2.5e-07   5.7e-05   24.0   0.1   110   226   540   664   492   667 0.81 -
evm.utg2757.76                       -            410 409006at33208        -            294   4.4e-14   53.9  18.9   1   3   1.1e-08   2.5e-06   28.4   0.8   129   221   121   219   100   225 0.74 -
evm.utg2757.76                       -            410 409006at33208        -            294   4.4e-14   53.9  18.9   2   3     0.012       2.8    8.6   2.2   150   198   231   281   211   291 0.78 -
evm.utg2757.76                       -            410 409006at33208        -            294   4.4e-14   53.9  18.9   3   3   2.2e-07     5e-05   24.2   2.9   134   215   315   402   310   408 0.76 -
evm.utg435.72                        -           1669 409006at33208        -            294   1.5e-13   52.1  15.3   1   5   4.9e-05     0.011   16.5   1.7   134   221   748   841   733   855 0.74 -
evm.utg435.72                        -           1669 409006at33208        -            294   1.5e-13   52.1  15.3   2   5    0.0032      0.73   10.5   0.0   136   182   879   924   861   931 0.74 -
evm.utg435.72                        -           1669 409006at33208        -            294   1.5e-13   52.1  15.3   3   5      0.41        94    3.6   0.1   129   219   951  1047   937  1064 0.62 -
evm.utg435.72                        -           1669 409006at33208        -            294   1.5e-13   52.1  15.3   4   5    0.0015      0.35   11.6   0.1   165   219  1075  1131  1066  1143 0.76 -
evm.utg435.72                        -           1669 409006at33208        -            294   1.5e-13   52.1  15.3   5   5   0.00054      0.12   13.0   0.1   151   217  1464  1529  1420  1536 0.84 -
evm.utg73.56                         -            309 409006at33208        -            294   1.9e-13   51.8   5.4   1   4     0.012       2.8    8.6   0.0   149   181    15    46    10    53 0.85 -
evm.utg73.56                         -            309 409006at33208        -            294   1.9e-13   51.8   5.4   2   4   2.8e-07   6.5e-05   23.8   0.6   166   240    75   152    58   158 0.88 -
evm.utg73.56                         -            309 409006at33208        -            294   1.9e-13   51.8   5.4   3   4     0.052        12    6.5   0.0   164   220   158   214   155   236 0.79 -
evm.utg73.56                         -            309 409006at33208        -            294   1.9e-13   51.8   5.4   4   4    0.0016      0.37   11.4   0.1   161   218   239   299   233   303 0.69 -
evm.utg101.178                       -            403 409006at33208        -            294   4.3e-13   50.6  19.0   1   3   1.1e-08   2.5e-06   28.5   0.8   129   221   121   219   100   225 0.74 -
evm.utg101.178                       -            403 409006at33208        -            294   4.3e-13   50.6  19.0   2   3    0.0081       1.9    9.2   1.3   150   198   231   281   219   291 0.80 -
evm.utg101.178                       -            403 409006at33208        -            294   4.3e-13   50.6  19.0   3   3   2.8e-06   0.00065   20.5   3.2   134   203   315   392   311   396 0.76 -
evm.utg4155.23                       -            416 409006at33208        -            294   1.1e-12   49.4   0.1   1   4   0.00047      0.11   13.2   0.0   144   220    85   163    47   167 0.82 -
evm.utg4155.23                       -            416 409006at33208        -            294   1.1e-12   49.4   0.1   2   4   1.7e-05    0.0038   18.0   0.0   150   217   176   244   169   247 0.83 -
evm.utg4155.23                       -            416 409006at33208        -            294   1.1e-12   49.4   0.1   3   4    0.0022       0.5   11.0   0.1   135   223   240   334   236   348 0.75 -
evm.utg4155.23                       -            416 409006at33208        -            294   1.1e-12   49.4   0.1   4   4      0.12        27    5.4   0.0   150   218   344   413   338   415 0.73 -
evm.utg2483.3                        -            367 409006at33208        -            294   1.1e-12   49.3   3.0   1   4      0.17        39    4.8   0.0   141   182   137   177   134   184 0.82 -
evm.utg2483.3                        -            367 409006at33208        -            294   1.1e-12   49.3   3.0   2   4     6e-05     0.014   16.2   0.0   150   192   188   228   181   233 0.83 -
evm.utg2483.3                        -            367 409006at33208        -            294   1.1e-12   49.3   3.0   3   4   4.4e-07    0.0001   23.2   0.7   150   222   230   303   228   307 0.82 -
evm.utg2483.3                        -            367 409006at33208        -            294   1.1e-12   49.3   3.0   4   4      0.21        48    4.5   0.0   136   180   295   342   294   353 0.61 -
evm.utg2483.3.1.5c22edbc             -            367 409006at33208        -            294   1.1e-12   49.3   3.0   1   4      0.17        39    4.8   0.0   141   182   137   177   134   184 0.82 -
evm.utg2483.3.1.5c22edbc             -            367 409006at33208        -            294   1.1e-12   49.3   3.0   2   4     6e-05     0.014   16.2   0.0   150   192   188   228   181   233 0.83 -
evm.utg2483.3.1.5c22edbc             -            367 409006at33208        -            294   1.1e-12   49.3   3.0   3   4   4.4e-07    0.0001   23.2   0.7   150   222   230   303   228   307 0.82 -
evm.utg2483.3.1.5c22edbc             -            367 409006at33208        -            294   1.1e-12   49.3   3.0   4   4      0.21        48    4.5   0.0   136   180   295   342   294   353 0.61 -
evm.utg1221.16                       -            416 409006at33208        -            294   3.3e-12   47.7   0.1   1   4   0.00047      0.11   13.2   0.0   144   220    85   163    47   167 0.82 -
evm.utg1221.16                       -            416 409006at33208        -            294   3.3e-12   47.7   0.1   2   4   7.6e-05     0.017   15.8   0.0   150   217   176   244   169   246 0.80 -
evm.utg1221.16                       -            416 409006at33208        -            294   3.3e-12   47.7   0.1   3   4    0.0013      0.29   11.8   0.1   134   223   239   334   235   349 0.75 -
evm.utg1221.16                       -            416 409006at33208        -            294   3.3e-12   47.7   0.1   4   4       0.1        23    5.6   0.0   150   217   344   412   331   415 0.73 -
evm.utg2323.5                        -            681 409006at33208        -            294   3.9e-12   47.5   0.1   1   4    0.0018       0.4   11.3   0.0   149   214    16    83     5    93 0.81 -
evm.utg2323.5                        -            681 409006at33208        -            294   3.9e-12   47.5   0.1   2   4   0.00022      0.05   14.3   0.0   148   188   100   139    81   154 0.70 -
evm.utg2323.5                        -            681 409006at33208        -            294   3.9e-12   47.5   0.1   3   4    0.0032      0.73   10.5   0.0   149   190   143   183   140   197 0.83 -
evm.utg2323.5                        -            681 409006at33208        -            294   3.9e-12   47.5   0.1   4   4      0.02       4.5    7.9   0.0   163   203   198   238   184   255 0.76 -
evm.utg2967.37                       -            683 409006at33208        -            294   5.8e-12   46.9   0.1   1   4    0.0028      0.63   10.7   0.0   149   213    16    82     5    90 0.81 -
evm.utg2967.37                       -            683 409006at33208        -            294   5.8e-12   46.9   0.1   2   4   0.00037     0.084   13.6   0.1   148   187   100   138    81   153 0.71 -
evm.utg2967.37                       -            683 409006at33208        -            294   5.8e-12   46.9   0.1   3   4    0.0028      0.65   10.7   0.0   149   190   143   183   138   198 0.83 -
evm.utg2967.37                       -            683 409006at33208        -            294   5.8e-12   46.9   0.1   4   4     0.014       3.2    8.4   0.0   163   205   198   240   180   256 0.75 -
evm.utg26219.6                       -            683 409006at33208        -            294   8.1e-12   46.5   0.1   1   4    0.0025      0.56   10.9   0.0   149   214    16    83     5    93 0.81 -
evm.utg26219.6                       -            683 409006at33208        -            294   8.1e-12   46.5   0.1   2   4   0.00031      0.07   13.8   0.0   148   188   100   139    81   154 0.70 -
evm.utg26219.6                       -            683 409006at33208        -            294   8.1e-12   46.5   0.1   3   4    0.0031       0.7   10.5   0.0   149   190   143   183   139   197 0.83 -
evm.utg26219.6                       -            683 409006at33208        -            294   8.1e-12   46.5   0.1   4   4      0.02       4.6    7.9   0.0   163   203   198   238   184   255 0.76 -
evm.utg2967.37.2.5c22ee73            -            682 409006at33208        -            294   8.7e-12   46.3   0.1   1   4    0.0039      0.89   10.2   0.0   149   214    15    82    12    91 0.80 -
evm.utg2967.37.2.5c22ee73            -            682 409006at33208        -            294   8.7e-12   46.3   0.1   2   4   0.00034     0.079   13.7   0.0   148   188    99   138    81   153 0.71 -
evm.utg2967.37.2.5c22ee73            -            682 409006at33208        -            294   8.7e-12   46.3   0.1   3   4    0.0031      0.71   10.5   0.0   149   190   142   182   138   196 0.83 -
evm.utg2967.37.2.5c22ee73            -            682 409006at33208        -            294   8.7e-12   46.3   0.1   4   4     0.014       3.2    8.4   0.0   163   205   197   239   183   256 0.75 -
evm.utg1204.47                       -            338 409006at33208        -            294   1.8e-11   45.3  19.6   1   5      0.17        38    4.8   0.0   247   278     8    38     4    42 0.74 -
evm.utg1204.47                       -            338 409006at33208        -            294   1.8e-11   45.3  19.6   2   5      0.12        27    5.3   0.0   146   183    55    91    47    98 0.84 -
evm.utg1204.47                       -            338 409006at33208        -            294   1.8e-11   45.3  19.6   3   5     0.051        12    6.5   1.1   148   183   101   135    92   157 0.79 -
evm.utg1204.47                       -            338 409006at33208        -            294   1.8e-11   45.3  19.6   4   5   3.2e-05    0.0074   17.0   4.1   146   270   144   267   137   282 0.72 -
evm.utg1204.47                       -            338 409006at33208        -            294   1.8e-11   45.3  19.6   5   5   8.7e-06     0.002   18.9   0.3   147   181   298   332   282   336 0.87 -
evm.utg3092.70                       -            717 409006at33208        -            294   2.1e-11   45.1   2.9   1   3      0.14        32    5.1   0.2   239   278    77   117    65   125 0.78 -
evm.utg3092.70                       -            717 409006at33208        -            294   2.1e-11   45.1   2.9   2   3      0.29        65    4.1   0.0   246   279   130   163   122   179 0.86 -
evm.utg3092.70                       -            717 409006at33208        -            294   2.1e-11   45.1   2.9   3   3   1.4e-10   3.2e-08   34.6   0.1   116   202   185   280   172   292 0.81 -
evm.utg18125.5.1.5c22ec17            -            724 409006at33208        -            294   2.3e-11   44.9  18.8   1   3      0.11        25    5.5   0.2   143   183   309   348   255   355 0.62 -
evm.utg18125.5.1.5c22ec17            -            724 409006at33208        -            294   2.3e-11   44.9  18.8   2   3     3e-07   6.8e-05   23.7   3.4   134   216   337   427   336   439 0.73 -
evm.utg18125.5.1.5c22ec17            -            724 409006at33208        -            294   2.3e-11   44.9  18.8   3   3   3.3e-07   7.5e-05   23.6   4.7   124   221   564   670   514   697 0.71 -
evm.utg1221.16.1.5c22e95a            -            415 409006at33208        -            294   3.4e-11   44.4   0.1   1   4   0.00047      0.11   13.2   0.0   144   220    85   163    47   167 0.82 -
evm.utg1221.16.1.5c22e95a            -            415 409006at33208        -            294   3.4e-11   44.4   0.1   2   4   5.4e-05     0.012   16.3   0.0   150   218   176   245   169   249 0.80 -
evm.utg1221.16.1.5c22e95a            -            415 409006at33208        -            294   3.4e-11   44.4   0.1   3   4    0.0015      0.33   11.6   0.1   135   223   240   334   236   350 0.75 -
evm.utg1221.16.1.5c22e95a            -            415 409006at33208        -            294   3.4e-11   44.4   0.1   4   4       2.2     5e+02    1.2   0.0    53    86   338   372   334   383 0.70 -
evm.utg1204.47.1.5c22e937            -            333 409006at33208        -            294   3.6e-11   44.3  14.2   1   5      0.15        35    5.0   0.0   247   278     8    38     4    45 0.75 -
evm.utg1204.47.1.5c22e937            -            333 409006at33208        -            294   3.6e-11   44.3  14.2   2   5      0.11        26    5.4   0.0   146   183    55    91    44    97 0.84 -
evm.utg1204.47.1.5c22e937            -            333 409006at33208        -            294   3.6e-11   44.3  14.2   3   5     0.039       8.9    6.9   0.7   148   183   101   135    92   152 0.78 -
evm.utg1204.47.1.5c22e937            -            333 409006at33208        -            294   3.6e-11   44.3  14.2   4   5   3.7e-05    0.0085   16.8   4.3   146   270   144   267   137   280 0.72 -
evm.utg1204.47.1.5c22e937            -            333 409006at33208        -            294   3.6e-11   44.3  14.2   5   5   0.00048      0.11   13.2   0.0   236   283   284   331   266   332 0.77 -
evm.utg234.60                        -            303 409006at33208        -            294     4e-11   44.2   9.1   1   4         2   4.5e+02    1.3   0.1   250   265     9    24     3    27 0.82 -
evm.utg234.60                        -            303 409006at33208        -            294     4e-11   44.2   9.1   2   4      0.68   1.5e+02    2.9   0.1   146   183    56    92    27   134 0.69 -
evm.utg234.60                        -            303 409006at33208        -            294     4e-11   44.2   9.1   3   4     2e-08   4.6e-06   27.6   0.0   131   213   162   250   127   250 0.73 -
evm.utg234.60                        -            303 409006at33208        -            294     4e-11   44.2   9.1   4   4   1.7e-06    0.0004   21.2   3.1   150   218   228   297   226   301 0.77 -
evm.utg1221.16.2.5c22e95a            -            399 409006at33208        -            294   4.5e-11   44.0   0.1   1   4   0.00044       0.1   13.3   0.0   143   220    84   163    47   167 0.82 -
evm.utg1221.16.2.5c22e95a            -            399 409006at33208        -            294   4.5e-11   44.0   0.1   2   4   7.2e-05     0.016   15.9   0.0   150   217   176   244   169   246 0.80 -
evm.utg1221.16.2.5c22e95a            -            399 409006at33208        -            294   4.5e-11   44.0   0.1   3   4    0.0016      0.37   11.5   0.1   135   223   240   334   236   347 0.76 -
evm.utg1221.16.2.5c22e95a            -            399 409006at33208        -            294   4.5e-11   44.0   0.1   4   4       1.8     4e+02    1.5   0.0    52    86   337   372   329   381 0.71 -
evm.utg3174.3                        -            435 409006at33208        -            294   4.8e-11   43.9  11.5   1   5    0.0046         1   10.0   0.1   139   196   143   202   111   207 0.80 -
evm.utg3174.3                        -            435 409006at33208        -            294   4.8e-11   43.9  11.5   2   5   8.2e-06    0.0019   19.0   0.6   148   198   194   246   187   252 0.79 -
evm.utg3174.3                        -            435 409006at33208        -            294   4.8e-11   43.9  11.5   3   5   0.00069      0.16   12.7   0.4   166   221   253   310   250   330 0.82 -
evm.utg3174.3                        -            435 409006at33208        -            294   4.8e-11   43.9  11.5   4   5      0.13        30    5.2   0.2   164   184   335   355   321   362 0.83 -
evm.utg3174.3                        -            435 409006at33208        -            294   4.8e-11   43.9  11.5   5   5      0.42        95    3.5   0.0   167   218   380   432   373   434 0.77 -
evm.utg13607.5                       -           1071 409006at33208        -            294   4.9e-11   43.9   3.7   1   3       3.3   7.6e+02    0.6   0.0   252   278    13    38     5    48 0.77 -
evm.utg13607.5                       -           1071 409006at33208        -            294   4.9e-11   43.9   3.7   2   3   1.3e-06    0.0003   21.6   3.9   130   221    73   172    29   179 0.76 -
evm.utg13607.5                       -           1071 409006at33208        -            294   4.9e-11   43.9   3.7   3   3   4.3e-05    0.0098   16.6   0.0   162   221   197   258   180   268 0.79 -
evm.utg376.68                        -            977 409006at33208        -            294   7.2e-11   43.3   4.0   1   3         3   6.9e+02    0.7   0.0   252   278    13    38     4    54 0.66 -
evm.utg376.68                        -            977 409006at33208        -            294   7.2e-11   43.3   4.0   2   3   5.2e-07   0.00012   22.9   1.9   133   223    76   174    60   190 0.79 -
evm.utg376.68                        -            977 409006at33208        -            294   7.2e-11   43.3   4.0   3   3   1.4e-05    0.0033   18.2   0.0   135   221   164   258   153   268 0.73 -
evm.utg376.68.1.5c22efd2             -            978 409006at33208        -            294   7.3e-11   43.3   4.0   1   3         3   6.9e+02    0.7   0.0   252   278    13    38     4    54 0.66 -
evm.utg376.68.1.5c22efd2             -            978 409006at33208        -            294   7.3e-11   43.3   4.0   2   3   5.2e-07   0.00012   22.9   1.9   133   223    76   174    60   190 0.79 -
evm.utg376.68.1.5c22efd2             -            978 409006at33208        -            294   7.3e-11   43.3   4.0   3   3   1.4e-05    0.0033   18.2   0.0   135   221   164   258   153   268 0.73 -
evm.utg413.38                        -            593 409006at33208        -            294   7.7e-11   43.2  10.8   1   5    0.0064       1.5    9.5   0.1   138   195   300   359   261   365 0.79 -
evm.utg413.38                        -            593 409006at33208        -            294   7.7e-11   43.2  10.8   2   5   1.4e-05    0.0031   18.3   0.7   148   198   352   404   346   410 0.79 -
evm.utg413.38                        -            593 409006at33208        -            294   7.7e-11   43.2  10.8   3   5   0.00048      0.11   13.2   0.3   166   221   411   468   408   487 0.82 -
evm.utg413.38                        -            593 409006at33208        -            294   7.7e-11   43.2  10.8   4   5       0.2        45    4.6   0.2   164   184   493   513   480   520 0.83 -
evm.utg413.38                        -            593 409006at33208        -            294   7.7e-11   43.2  10.8   5   5      0.61   1.4e+02    3.0   0.0   167   218   538   590   529   592 0.76 -
evm.utg116.299                       -            955 409006at33208        -            294     1e-10   42.8   8.0   1   2   9.8e-05     0.022   15.5   1.4   114   184    57   135    45   141 0.77 -
evm.utg116.299                       -            955 409006at33208        -            294     1e-10   42.8   8.0   2   2   2.3e-09   5.3e-07   30.6   0.7   117   207   149   247   136   252 0.84 -
evm.utg1056.106                      -            351 409006at33208        -            294   1.8e-10   42.0   2.2   1   4     0.046        10    6.7   0.0   109   181    20    90    13   114 0.73 -
evm.utg1056.106                      -            351 409006at33208        -            294   1.8e-10   42.0   2.2   2   4   7.1e-06    0.0016   19.2   0.5   166   219   117   172   102   176 0.83 -
evm.utg1056.106                      -            351 409006at33208        -            294   1.8e-10   42.0   2.2   3   4     0.011       2.5    8.7   0.1   135   182   166   217   164   228 0.64 -
evm.utg1056.106                      -            351 409006at33208        -            294   1.8e-10   42.0   2.2   4   4     0.063        14    6.2   0.0   157   223   236   306   221   320 0.72 -
evm.utg1056.106.1.5c22e841           -            351 409006at33208        -            294   1.8e-10   42.0   2.2   1   4     0.046        10    6.7   0.0   109   181    20    90    13   114 0.73 -
evm.utg1056.106.1.5c22e841           -            351 409006at33208        -            294   1.8e-10   42.0   2.2   2   4   7.1e-06    0.0016   19.2   0.5   166   219   117   172   102   176 0.83 -
evm.utg1056.106.1.5c22e841           -            351 409006at33208        -            294   1.8e-10   42.0   2.2   3   4     0.011       2.5    8.7   0.1   135   182   166   217   164   228 0.64 -
evm.utg1056.106.1.5c22e841           -            351 409006at33208        -            294   1.8e-10   42.0   2.2   4   4     0.063        14    6.2   0.0   157   223   236   306   221   320 0.72 -
evm.utg418.59                        -            511 409006at33208        -            294   2.7e-10   41.5  15.3   1   3       3.3   7.5e+02    0.6   0.2   167   189   239   261   234   263 0.86 -
evm.utg418.59                        -            511 409006at33208        -            294   2.7e-10   41.5  15.3   2   3   4.5e-08     1e-05   26.4   0.1   147   185   325   363   316   368 0.91 -
evm.utg418.59                        -            511 409006at33208        -            294   2.7e-10   41.5  15.3   3   3   1.2e-06   0.00026   21.8   0.9   148   221   372   450   367   458 0.78 -
evm.utg788.96                        -            437 409006at33208        -            294   2.8e-10   41.4   9.8   1   4      0.43        99    3.5   0.2   165   219     6    62     3    71 0.72 -
evm.utg788.96                        -            437 409006at33208        -            294   2.8e-10   41.4   9.8   2   4   1.1e-07   2.6e-05   25.1   1.1   146   220    72   147    68   151 0.83 -
evm.utg788.96                        -            437 409006at33208        -            294   2.8e-10   41.4   9.8   3   4   0.00015     0.034   14.9   0.1   166   215   175   226   161   234 0.73 -
evm.utg788.96                        -            437 409006at33208        -            294   2.8e-10   41.4   9.8   4   4   0.00028     0.065   13.9   0.1   134   218   181   271   177   276 0.54 -
evm.utg12655.28                      -            300 409006at33208        -            294   5.4e-10   40.5   6.0   1   4      0.44     1e+02    3.5   0.1   166   218    21    76    15    87 0.75 -
evm.utg12655.28                      -            300 409006at33208        -            294   5.4e-10   40.5   6.0   2   4   1.9e-06   0.00043   21.1   0.1   131   206    67   149    62   152 0.69 -
evm.utg12655.28                      -            300 409006at33208        -            294   5.4e-10   40.5   6.0   3   4     0.001      0.24   12.1   0.2   117   183   138   207   130   213 0.70 -
evm.utg12655.28                      -            300 409006at33208        -            294   5.4e-10   40.5   6.0   4   4     0.045        10    6.7   0.0   166   218   240   294   227   298 0.80 -
evm.utg736.53                        -            495 409006at33208        -            294   1.1e-09   39.4   4.4   1   3   0.00092      0.21   12.3   0.0   150   228   155   235   116   264 0.72 -
evm.utg736.53                        -            495 409006at33208        -            294   1.1e-09   39.4   4.4   2   3   0.00012     0.028   15.1   0.1   108   187   275   357   263   362 0.74 -
evm.utg736.53                        -            495 409006at33208        -            294   1.1e-09   39.4   4.4   3   3    0.0011      0.26   12.0   0.1   147   184   362   398   356   404 0.87 -
evm.utg21228.28                      -            351 409006at33208        -            294   1.4e-09   39.1   6.3   1   3   1.5e-06   0.00035   21.4   1.0   126   206   113   200    57   204 0.74 -
evm.utg21228.28                      -            351 409006at33208        -            294   1.4e-09   39.1   6.3   2   3    0.0015      0.35   11.5   0.3   119   183   191   258   183   264 0.69 -
evm.utg21228.28                      -            351 409006at33208        -            294   1.4e-09   39.1   6.3   3   3     0.057        13    6.4   0.0   166   218   291   345   278   349 0.80 -
evm.utg3174.3.1.5c22eeec             -            350 409006at33208        -            294   1.5e-09   39.0   5.9   1   3    0.0032      0.74   10.5   0.1   139   196   143   202   111   207 0.80 -
evm.utg3174.3.1.5c22eeec             -            350 409006at33208        -            294   1.5e-09   39.0   5.9   2   3   3.8e-06   0.00088   20.1   0.4   146   198   192   246   184   252 0.79 -
evm.utg3174.3.1.5c22eeec             -            350 409006at33208        -            294   1.5e-09   39.0   5.9   3   3   0.00044       0.1   13.3   0.3   166   221   253   310   250   334 0.82 -
evm.utg564.26                        -            598 409006at33208        -            294   1.6e-09   38.9   5.2   1   3   0.00021     0.047   14.4   0.1   126   183   363   424   353   443 0.77 -
evm.utg564.26                        -            598 409006at33208        -            294   1.6e-09   38.9   5.2   2   3      0.11        25    5.5   0.1   148   183   432   466   425   476 0.84 -
evm.utg564.26                        -            598 409006at33208        -            294   1.6e-09   38.9   5.2   3   3     3e-06   0.00069   20.4   0.4   159   266   485   587   470   594 0.82 -
evm.utg15197.11                      -           1003 409006at33208        -            294   1.6e-09   38.9   5.5   1   4       1.2   2.8e+02    2.0   0.1   141   190   149   197   145   200 0.80 -
evm.utg15197.11                      -           1003 409006at33208        -            294   1.6e-09   38.9   5.5   2   4   2.4e-06   0.00055   20.7   0.0   146   214   195   264   190   266 0.78 -
evm.utg15197.11                      -           1003 409006at33208        -            294   1.6e-09   38.9   5.5   3   4   2.6e-05    0.0058   17.4   0.4   116   221   245   358   235   364 0.72 -
evm.utg15197.11                      -           1003 409006at33208        -            294   1.6e-09   38.9   5.5   4   4       2.3   5.2e+02    1.1   0.0    57    85   369   397   360   423 0.79 -
evm.utg1629.22.1.5c22eb7d            -            969 409006at33208        -            294   1.9e-09   38.7   5.3   1   4       2.2   5.1e+02    1.2   0.1   141   186   115   159    51   161 0.85 -
evm.utg1629.22.1.5c22eb7d            -            969 409006at33208        -            294   1.9e-09   38.7   5.3   2   4   2.2e-06    0.0005   20.9   0.1   146   214   161   230   155   232 0.78 -
evm.utg1629.22.1.5c22eb7d            -            969 409006at33208        -            294   1.9e-09   38.7   5.3   3   4   5.7e-05     0.013   16.2   0.3   133   221   229   324   204   332 0.73 -
evm.utg1629.22.1.5c22eb7d            -            969 409006at33208        -            294   1.9e-09   38.7   5.3   4   4       2.1   4.9e+02    1.2   0.0    57    86   335   364   326   391 0.80 -
evm.utg2216.8                        -            504 409006at33208        -            294   2.4e-09   38.4   0.5   1   4   0.00063      0.14   12.8   0.0   164   221    24    85     8    88 0.78 -
evm.utg2216.8                        -            504 409006at33208        -            294   2.4e-09   38.4   0.5   2   4     0.088        20    5.8   0.0   148   186    95   132    87   137 0.80 -
evm.utg2216.8                        -            504 409006at33208        -            294   2.4e-09   38.4   0.5   3   4      0.15        33    5.0   0.0   164   192   211   239   207   240 0.89 -
evm.utg2216.8                        -            504 409006at33208        -            294   2.4e-09   38.4   0.5   4   4    0.0036      0.81   10.3   0.1   141   217   240   317   229   352 0.78 -
evm.utg1629.22                       -           1004 409006at33208        -            294   2.9e-09   38.0   5.5   1   4       2.9   6.7e+02    0.8   0.1   141   186   150   194   146   197 0.79 -
evm.utg1629.22                       -           1004 409006at33208        -            294   2.9e-09   38.0   5.5   2   4     2e-06   0.00046   21.0   0.0   146   215   196   266   190   269 0.79 -
evm.utg1629.22                       -           1004 409006at33208        -            294   2.9e-09   38.0   5.5   3   4   6.7e-05     0.015   16.0   0.4   134   221   265   359   240   369 0.74 -
evm.utg1629.22                       -           1004 409006at33208        -            294   2.9e-09   38.0   5.5   4   4       2.3   5.2e+02    1.1   0.0    57    85   370   398   360   423 0.80 -
evm.utg405.2                         -            495 409006at33208        -            294   3.2e-09   37.9   5.8   1   3    0.0009       0.2   12.3   0.0   149   228   154   235   114   264 0.72 -
evm.utg405.2                         -            495 409006at33208        -            294   3.2e-09   37.9   5.8   2   3   0.00014     0.031   15.0   0.1   108   187   275   357   266   362 0.74 -
evm.utg405.2                         -            495 409006at33208        -            294   3.2e-09   37.9   5.8   3   3    0.0013       0.3   11.8   0.1   148   184   363   398   359   404 0.87 -
evm.utg194.98                        -            510 409006at33208        -            294     4e-09   37.6   0.1   1   3     0.067        15    6.1   0.1   101   187   256   345   247   349 0.74 -
evm.utg194.98                        -            510 409006at33208        -            294     4e-09   37.6   0.1   2   3   1.5e-08   3.5e-06   28.0   0.0   116   184   358   429   348   470 0.79 -
evm.utg194.98                        -            510 409006at33208        -            294     4e-09   37.6   0.1   3   3       7.7   1.8e+03   -0.6   0.0   154   214   443   502   429   507 0.70 -
evm.utg2757.69                       -            710 409006at33208        -            294     4e-09   37.6  21.5   1   4      0.66   1.5e+02    2.9   0.0   166   181   446   461   429   464 0.85 -
evm.utg2757.69                       -            710 409006at33208        -            294     4e-09   37.6  21.5   2   4   0.00019     0.044   14.5   0.7   165   221   461   519   460   527 0.79 -
evm.utg2757.69                       -            710 409006at33208        -            294     4e-09   37.6  21.5   3   4     0.019       4.4    7.9   1.4   150   198   531   581   522   591 0.80 -
evm.utg2757.69                       -            710 409006at33208        -            294     4e-09   37.6  21.5   4   4   2.9e-07   6.6e-05   23.8   2.2   134   215   615   702   609   708 0.76 -
evm.utg109.41                        -            598 409006at33208        -            294   4.4e-09   37.5   4.9   1   3   0.00065      0.15   12.8   0.1   126   184   363   425   353   444 0.74 -
evm.utg109.41                        -            598 409006at33208        -            294   4.4e-09   37.5   4.9   2   3     0.062        14    6.3   0.1   148   183   432   466   424   476 0.85 -
evm.utg109.41                        -            598 409006at33208        -            294   4.4e-09   37.5   4.9   3   3   4.2e-06   0.00097   19.9   0.3   159   266   485   587   471   595 0.82 -
evm.utg2417.39.2.5c22ed97            -            627 409006at33208        -            294   4.5e-09   37.4   6.0   1   5   0.00013      0.03   15.0   0.1   116   187    85   164    68   169 0.75 -
evm.utg2417.39.2.5c22ed97            -            627 409006at33208        -            294   4.5e-09   37.4   6.0   2   5   0.00024     0.055   14.2   0.3   135   187   150   208   149   212 0.79 -
evm.utg2417.39.2.5c22ed97            -            627 409006at33208        -            294   4.5e-09   37.4   6.0   3   5   3.9e-06   0.00088   20.1   0.9   118   192   177   259   167   267 0.77 -
evm.utg2417.39.2.5c22ed97            -            627 409006at33208        -            294   4.5e-09   37.4   6.0   4   5       4.7   1.1e+03    0.1   0.0   119   182   270   297   253   303 0.59 -
evm.utg2417.39.2.5c22ed97            -            627 409006at33208        -            294   4.5e-09   37.4   6.0   5   5       3.7   8.4e+02    0.4   0.0   159   183   272   298   264   345 0.66 -
evm.utg2967.37.1.5c22ee73            -            636 409006at33208        -            294   4.9e-09   37.3   0.1   1   3   8.3e-05     0.019   15.7   0.0   130   188    33    95    11   110 0.69 -
evm.utg2967.37.1.5c22ee73            -            636 409006at33208        -            294   4.9e-09   37.3   0.1   2   3     0.003      0.69   10.6   0.0   149   190    99   139    95   152 0.84 -
evm.utg2967.37.1.5c22ee73            -            636 409006at33208        -            294   4.9e-09   37.3   0.1   3   3     0.014       3.1    8.4   0.0   163   205   154   196   140   211 0.75 -
evm.utg192.39                        -            299 409006at33208        -            294   5.5e-09   37.2   1.8   1   2   1.3e-07     3e-05   24.9   0.7   150   222    17    92    10   102 0.86 -
evm.utg192.39                        -            299 409006at33208        -            294   5.5e-09   37.2   1.8   2   2    0.0018      0.41   11.3   0.0   116   183   107   179    95   185 0.86 -
evm.utg6220.15.2.5c22f2e5            -            663 409006at33208        -            294   5.7e-09   37.1   0.7   1   3   5.1e-06    0.0012   19.7   0.2    97   217    46   178    25   182 0.73 -
evm.utg6220.15.2.5c22f2e5            -            663 409006at33208        -            294   5.7e-09   37.1   0.7   2   3     0.012       2.8    8.6   0.4   163   221   164   224   152   256 0.74 -
evm.utg6220.15.2.5c22f2e5            -            663 409006at33208        -            294   5.7e-09   37.1   0.7   3   3    0.0045         1   10.0   0.0    50   180   488   623   467   634 0.73 -
evm.utg579.18                        -            368 409006at33208        -            294   6.1e-09   37.0   1.2   1   4      0.46     1e+02    3.4   0.0   205   263    64   123    59   127 0.78 -
evm.utg579.18                        -            368 409006at33208        -            294   6.1e-09   37.0   1.2   2   4     0.017         4    8.1   0.0   150   188   113   150   107   178 0.86 -
evm.utg579.18                        -            368 409006at33208        -            294   6.1e-09   37.0   1.2   3   4     0.015       3.5    8.3   0.0   167   221   218   276   181   284 0.70 -
evm.utg579.18                        -            368 409006at33208        -            294   6.1e-09   37.0   1.2   4   4   0.00011     0.025   15.3   0.3   116   180   294   363   281   365 0.81 -
evm.utg801.96.1.5c22f45f             -            327 409006at33208        -            294   6.4e-09   36.9   0.6   1   1   2.2e-10   5.1e-08   34.0   0.6    54   215   121   300   115   310 0.84 -
evm.utg2417.39.1.5c22ed97            -            754 409006at33208        -            294   1.2e-08   36.0   6.1   1   4   0.00016     0.037   14.8   0.1   116   187    85   164    59   169 0.75 -
evm.utg2417.39.1.5c22ed97            -            754 409006at33208        -            294   1.2e-08   36.0   6.1   2   4     5e-06    0.0011   19.7   0.4   114   187   129   208   125   216 0.81 -
evm.utg2417.39.1.5c22ed97            -            754 409006at33208        -            294   1.2e-08   36.0   6.1   3   4     5e-06    0.0012   19.7   0.9   118   192   177   259   167   266 0.77 -
evm.utg2417.39.1.5c22ed97            -            754 409006at33208        -            294   1.2e-08   36.0   6.1   4   4         4   9.1e+02    0.3   0.0   158   183   271   298   258   341 0.68 -
evm.utg2417.39                       -            829 409006at33208        -            294   1.5e-08   35.8   5.8   1   4   0.00018     0.042   14.6   0.1   116   187    85   164    59   169 0.75 -
evm.utg2417.39                       -            829 409006at33208        -            294   1.5e-08   35.8   5.8   2   4   0.00033     0.075   13.7   0.3   135   187   150   208   149   213 0.80 -
evm.utg2417.39                       -            829 409006at33208        -            294   1.5e-08   35.8   5.8   3   4   5.3e-06    0.0012   19.6   0.8   119   192   178   259   168   267 0.77 -
evm.utg2417.39                       -            829 409006at33208        -            294   1.5e-08   35.8   5.8   4   4       4.8   1.1e+03    0.1   0.0   158   183   271   298   262   342 0.67 -
evm.utg911.37                        -           1947 409006at33208        -            294   1.9e-08   35.4  35.0   1   8    0.0011      0.26   12.0   0.3   137   210    86   169    70   178 0.76 -
evm.utg911.37                        -           1947 409006at33208        -            294   1.9e-08   35.4  35.0   2   8      0.35        81    3.8   0.0    44    88   309   354   284   386 0.72 -
evm.utg911.37                        -           1947 409006at33208        -            294   1.9e-08   35.4  35.0   3   8      0.14        31    5.1   0.3   135   210   755   840   739   849 0.66 -
evm.utg911.37                        -           1947 409006at33208        -            294   1.9e-08   35.4  35.0   4   8     0.061        14    6.3   0.8    68   186  1011  1037   989  1150 0.61 -
evm.utg911.37                        -           1947 409006at33208        -            294   1.9e-08   35.4  35.0   5   8     0.055        12    6.4   0.7   163   246  1207  1298  1194  1317 0.68 -
evm.utg911.37                        -           1947 409006at33208        -            294   1.9e-08   35.4  35.0   6   8       1.6   3.8e+02    1.6   0.0   127   185  1370  1433  1352  1467 0.76 -
evm.utg911.37                        -           1947 409006at33208        -            294   1.9e-08   35.4  35.0   7   8    0.0083       1.9    9.1   0.1    43    91  1656  1707  1639  1795 0.53 -
evm.utg911.37                        -           1947 409006at33208        -            294   1.9e-08   35.4  35.0   8   8     0.085        19    5.8   0.1   149   180  1913  1944  1884  1946 0.88 -
evm.utg1205.96                       -            619 409006at33208        -            294   1.9e-08   35.4   0.2   1   2     0.002      0.46   11.1   0.1   166   223    87   146    79   158 0.73 -
evm.utg1205.96                       -            619 409006at33208        -            294   1.9e-08   35.4   0.2   2   2   1.8e-06   0.00042   21.1   0.0   150   231   157   242   151   270 0.82 -
evm.utg496.26                        -            504 409006at33208        -            294   3.4e-08   34.6   6.5   1   5       3.9   8.8e+02    0.4   0.0   158   182   162   185   140   200 0.65 -
evm.utg496.26                        -            504 409006at33208        -            294   3.4e-08   34.6   6.5   2   5     0.001      0.23   12.1   0.0   143   215   200   277   194   287 0.75 -
evm.utg496.26                        -            504 409006at33208        -            294   3.4e-08   34.6   6.5   3   5       8.7     2e+03   -0.8   0.0   249   285   291   325   276   334 0.74 -
evm.utg496.26                        -            504 409006at33208        -            294   3.4e-08   34.6   6.5   4   5    0.0043      0.97   10.1   0.3   165   189   350   374   331   389 0.77 -
evm.utg496.26                        -            504 409006at33208        -            294   3.4e-08   34.6   6.5   5   5    0.0081       1.9    9.2   0.2   133   212   407   492   370   502 0.66 -
evm.utg343339.3                      -            504 409006at33208        -            294   3.4e-08   34.6   6.5   1   5       3.9   8.8e+02    0.4   0.0   158   182   162   185   140   200 0.65 -
evm.utg343339.3                      -            504 409006at33208        -            294   3.4e-08   34.6   6.5   2   5     0.001      0.23   12.1   0.0   143   215   200   277   194   287 0.75 -
evm.utg343339.3                      -            504 409006at33208        -            294   3.4e-08   34.6   6.5   3   5       8.7     2e+03   -0.8   0.0   249   285   291   325   276   334 0.74 -
evm.utg343339.3                      -            504 409006at33208        -            294   3.4e-08   34.6   6.5   4   5    0.0043      0.97   10.1   0.3   165   189   350   374   331   389 0.77 -
evm.utg343339.3                      -            504 409006at33208        -            294   3.4e-08   34.6   6.5   5   5    0.0081       1.9    9.2   0.2   133   212   407   492   370   502 0.66 -
evm.utg73.142                        -            520 409006at33208        -            294   3.5e-08   34.5   7.0   1   5      0.26        59    4.2   0.0   166   184   295   313   289   333 0.83 -
evm.utg73.142                        -            520 409006at33208        -            294   3.5e-08   34.5   7.0   2   5       2.2   4.9e+02    1.2   0.1   166   199   337   373   318   388 0.70 -
evm.utg73.142                        -            520 409006at33208        -            294   3.5e-08   34.5   7.0   3   5      0.68   1.6e+02    2.8   0.3   150   186   364   399   342   406 0.65 -
evm.utg73.142                        -            520 409006at33208        -            294   3.5e-08   34.5   7.0   4   5   2.3e-08   5.3e-06   27.4   1.0   148   219   404   474   391   484 0.83 -
evm.utg73.142                        -            520 409006at33208        -            294   3.5e-08   34.5   7.0   5   5       8.8     2e+03   -0.8   0.0   149   179   487   516   476   518 0.54 -
evm.utg8.11                          -            830 409006at33208        -            294     4e-08   34.3   6.3   1   4   0.00022     0.051   14.3   0.1   116   187    85   164    76   168 0.73 -
evm.utg8.11                          -            830 409006at33208        -            294     4e-08   34.3   6.3   2   4   0.00061      0.14   12.9   0.1   134   187   149   208   148   213 0.80 -
evm.utg8.11                          -            830 409006at33208        -            294     4e-08   34.3   6.3   3   4   8.6e-06     0.002   18.9   0.9   119   192   178   259   166   266 0.74 -
evm.utg8.11                          -            830 409006at33208        -            294     4e-08   34.3   6.3   4   4       4.8   1.1e+03    0.1   0.0   158   183   271   298   262   342 0.67 -
evm.utg14.76                         -            335 409006at33208        -            294     5e-08   34.0   4.9   1   4       4.3   9.9e+02    0.2   0.1   252   265    13    26     9    30 0.87 -
evm.utg14.76                         -            335 409006at33208        -            294     5e-08   34.0   4.9   2   4       1.6   3.7e+02    1.6   0.1   150   182    62    93    29   100 0.62 -
evm.utg14.76                         -            335 409006at33208        -            294     5e-08   34.0   4.9   3   4   0.00024     0.056   14.2   0.0   128   182   161   219    57   256 0.75 -
evm.utg14.76                         -            335 409006at33208        -            294     5e-08   34.0   4.9   4   4   4.4e-05      0.01   16.6   0.5   167   218   276   329   265   333 0.77 -
evm.utg1056.107                      -            669 409006at33208        -            294   6.3e-08   33.7   4.1   1   2   1.5e-06   0.00035   21.4   0.6   164   221   424   484   410   499 0.79 -
evm.utg1056.107                      -            669 409006at33208        -            294   6.3e-08   33.7   4.1   2   2   0.00059      0.14   12.9   0.2   157   221   502   568   494   573 0.78 -
evm.utg73.142.1.5c22f3bd             -            561 409006at33208        -            294   6.3e-08   33.7   6.0   1   3      0.28        64    4.1   0.0   166   184   295   313   290   334 0.82 -
evm.utg73.142.1.5c22f3bd             -            561 409006at33208        -            294   6.3e-08   33.7   6.0   2   3       0.4        92    3.6   0.2   135   184   344   397   319   404 0.61 -
evm.utg73.142.1.5c22f3bd             -            561 409006at33208        -            294   6.3e-08   33.7   6.0   3   3   2.1e-08   4.8e-06   27.5   1.1   141   219   392   474   385   480 0.83 -
evm.utg1056.107.1.5c22e85b           -            724 409006at33208        -            294   8.3e-08   33.3   4.2   1   2   1.5e-06   0.00033   21.5   0.7   163   221   423   484   395   499 0.77 -
evm.utg1056.107.1.5c22e85b           -            724 409006at33208        -            294   8.3e-08   33.3   4.2   2   2   0.00067      0.15   12.7   0.2   157   221   502   568   494   572 0.78 -
evm.utg186.22                        -           1975 409006at33208        -            294   1.4e-07   32.6  34.7   1   7    0.0011      0.26   12.0   0.3   137   210    86   169    70   179 0.76 -
evm.utg186.22                        -           1975 409006at33208        -            294   1.4e-07   32.6  34.7   2   7      0.58   1.3e+02    3.1   0.0    58    88   323   354   284   385 0.71 -
evm.utg186.22                        -           1975 409006at33208        -            294   1.4e-07   32.6  34.7   3   7      0.13        30    5.2   0.2   135   210   755   840   739   849 0.66 -
evm.utg186.22                        -           1975 409006at33208        -            294   1.4e-07   32.6  34.7   4   7     0.057        13    6.4   0.7    70   186  1013  1037   989  1151 0.62 -
evm.utg186.22                        -           1975 409006at33208        -            294   1.4e-07   32.6  34.7   5   7     0.046        11    6.7   0.5   163   246  1207  1298  1194  1317 0.68 -
evm.utg186.22                        -           1975 409006at33208        -            294   1.4e-07   32.6  34.7   6   7    0.0066       1.5    9.5   0.1    43   182  1684  1816  1670  1823 0.52 -
evm.utg186.22                        -           1975 409006at33208        -            294   1.4e-07   32.6  34.7   7   7     0.097        22    5.6   0.1   149   180  1941  1972  1912  1973 0.88 -
evm.utg788.89                        -            256 409006at33208        -            294   1.4e-07   32.5   3.8   1   3   0.00016     0.037   14.7   0.1   146   219     9    87     2    91 0.59 -
evm.utg788.89                        -            256 409006at33208        -            294   1.4e-07   32.5   3.8   2   3      0.33        76    3.9   0.0   246   280    96   131    88   142 0.80 -
evm.utg788.89                        -            256 409006at33208        -            294   1.4e-07   32.5   3.8   3   3   0.00075      0.17   12.6   0.1   148   183   209   246   198   249 0.83 -
evm.utg798.13                        -            382 409006at33208        -            294   3.2e-07   31.3   4.5   1   3       3.3   7.6e+02    0.6   0.1   112   142    12    41     6    56 0.73 -
evm.utg798.13                        -            382 409006at33208        -            294   3.2e-07   31.3   4.5   2   3      0.01       2.4    8.8   0.1    58   183    77   203    68   210 0.72 -
evm.utg798.13                        -            382 409006at33208        -            294   3.2e-07   31.3   4.5   3   3   8.8e-07    0.0002   22.2   0.2   157   231   224   302   220   360 0.79 -
evm.utg17809.13                      -            456 409006at33208        -            294   4.7e-07   30.8  18.4   1   5   5.1e-05     0.012   16.4   0.2   150   199   104   155    57   162 0.82 -
evm.utg17809.13                      -            456 409006at33208        -            294   4.7e-07   30.8  18.4   2   5      0.77   1.8e+02    2.7   0.1   166   203   161   202   156   205 0.74 -
evm.utg17809.13                      -            456 409006at33208        -            294   4.7e-07   30.8  18.4   3   5    0.0016      0.35   11.5   0.9   164   218   207   262   201   266 0.76 -
evm.utg17809.13                      -            456 409006at33208        -            294   4.7e-07   30.8  18.4   4   5       0.1        24    5.5   0.3   167   201   251   288   248   293 0.81 -
evm.utg17809.13                      -            456 409006at33208        -            294   4.7e-07   30.8  18.4   5   5     0.079        18    5.9   0.4   245   279   393   426   303   438 0.76 -
evm.utg415.118                       -            380 409006at33208        -            294   5.3e-07   30.7   0.2   1   1   6.8e-09   1.6e-06   29.1   0.1   159   221   190   257   185   271 0.84 -
evm.utg4318.22                       -           1196 409006at33208        -            294   6.1e-07   30.4   0.3   1   3   0.00089       0.2   12.3   0.0   147   183   119   155   111   158 0.92 -
evm.utg4318.22                       -           1196 409006at33208        -            294   6.1e-07   30.4   0.3   2   3       1.7   3.9e+02    1.5   0.0   157   186   175   205   170   208 0.81 -
evm.utg4318.22                       -           1196 409006at33208        -            294   6.1e-07   30.4   0.3   3   3    0.0019      0.43   11.2   0.0   116   234   217   352   205   380 0.72 -
evm.utg801.40                        -            682 409006at33208        -            294   6.8e-07   30.3   0.4   1   4     9e-05      0.02   15.6   0.0   148   221    20    97     1   105 0.77 -
evm.utg801.40                        -            682 409006at33208        -            294   6.8e-07   30.3   0.4   2   4     0.061        14    6.3   0.0   148   185   107   144   100   153 0.90 -
evm.utg801.40                        -            682 409006at33208        -            294   6.8e-07   30.3   0.4   3   4       6.5   1.5e+03   -0.4   0.0   157   183   174   200   162   206 0.86 -
evm.utg801.40                        -            682 409006at33208        -            294   6.8e-07   30.3   0.4   4   4      0.68   1.6e+02    2.8   0.0   122   184   513   580   480   585 0.58 -
evm.utg1025.9                        -            364 409006at33208        -            294   9.8e-07   29.8  12.8   1   4   6.3e-06    0.0015   19.4   1.5   143   227     4    94     1    98 0.80 -
evm.utg1025.9                        -            364 409006at33208        -            294   9.8e-07   29.8  12.8   2   4   0.00012     0.028   15.1   0.9    57   149    54   151    43   189 0.80 -
evm.utg1025.9                        -            364 409006at33208        -            294   9.8e-07   29.8  12.8   3   4      0.59   1.4e+02    3.0   0.1   245   264   271   290   265   293 0.84 -
evm.utg1025.9                        -            364 409006at33208        -            294   9.8e-07   29.8  12.8   4   4     0.081        19    5.9   1.4   156   180   285   308   277   312 0.73 -
evm.utg411.25                        -            871 409006at33208        -            294   1.3e-06   29.3   0.3   1   3       6.9   1.6e+03   -0.5   0.0   248   267   138   157    94   174 0.75 -
evm.utg411.25                        -            871 409006at33208        -            294   1.3e-06   29.3   0.3   2   3   1.4e-06   0.00033   21.5   0.2    92   216   283   415   236   421 0.69 -
evm.utg411.25                        -            871 409006at33208        -            294   1.3e-06   29.3   0.3   3   3       0.5   1.2e+02    3.3   0.0   147   187   473   512   455   517 0.83 -
evm.utg7855.10                       -            364 409006at33208        -            294   1.4e-06   29.3  13.6   1   4   6.6e-06    0.0015   19.3   2.0   143   229     4    96     1   101 0.80 -
evm.utg7855.10                       -            364 409006at33208        -            294   1.4e-06   29.3  13.6   2   4   0.00017     0.038   14.7   1.2    58   149    55   151    43   189 0.82 -
evm.utg7855.10                       -            364 409006at33208        -            294   1.4e-06   29.3  13.6   3   4      0.34        78    3.8   0.1   241   264   267   290   235   293 0.82 -
evm.utg7855.10                       -            364 409006at33208        -            294   1.4e-06   29.3  13.6   4   4     0.084        19    5.8   1.2   164   180   292   308   278   311 0.74 -
evm.utg777.49                        -            667 409006at33208        -            294   1.4e-06   29.3   0.7   1   2   6.7e-05     0.015   16.0   0.4    48   183   402   529   392   552 0.78 -
evm.utg777.49                        -            667 409006at33208        -            294   1.4e-06   29.3   0.7   2   2    0.0032      0.74   10.5   0.0   165   261   553   650   534   658 0.74 -
evm.utg2083.46                       -            338 409006at33208        -            294   1.8e-06   28.9   0.9   1   3   8.7e-06     0.002   18.9   0.2    46   187     6   142     1   148 0.61 -
evm.utg2083.46                       -            338 409006at33208        -            294   1.8e-06   28.9   0.9   2   3      0.42        97    3.5   0.0   151   186   149   183   143   189 0.83 -
evm.utg2083.46                       -            338 409006at33208        -            294   1.8e-06   28.9   0.9   3   3      0.43        99    3.5   0.0   166   182   290   306   285   312 0.86 -
evm.utg736.40                        -            406 409006at33208        -            294   1.8e-06   28.9   3.2   1   3    0.0005      0.11   13.1   0.3   242   283   171   211   131   223 0.89 -
evm.utg736.40                        -            406 409006at33208        -            294   1.8e-06   28.9   3.2   2   3       4.9   1.1e+03    0.0   0.0   152   181   231   260   225   270 0.80 -
evm.utg736.40                        -            406 409006at33208        -            294   1.8e-06   28.9   3.2   3   3   0.00048      0.11   13.2   0.0   121   180   335   397   288   404 0.81 -
evm.utg2129.40.1.5c22ed08            -            389 409006at33208        -            294   2.1e-06   28.7   5.4   1   3   0.00077      0.18   12.5   0.2   122   213    73   167    26   177 0.69 -
evm.utg2129.40.1.5c22ed08            -            389 409006at33208        -            294   2.1e-06   28.7   5.4   2   3   0.00035     0.079   13.7   0.7   114   216   193   302   176   306 0.72 -
evm.utg2129.40.1.5c22ed08            -            389 409006at33208        -            294   2.1e-06   28.7   5.4   3   3      0.18        40    4.8   0.0   166   189   292   315   278   324 0.82 -
evm.utg4194.43                       -            521 409006at33208        -            294   2.4e-06   28.5  10.3   1   2   3.4e-07   7.8e-05   23.5   0.7   149   223   238   315   231   324 0.86 -
evm.utg4194.43                       -            521 409006at33208        -            294   2.4e-06   28.5  10.3   2   2    0.0024      0.55   10.9   0.0   116   183   329   401   317   407 0.86 -
evm.utg27.20                         -           1146 409006at33208        -            294   2.7e-06   28.3  14.5   1   3    0.0022      0.49   11.0   0.1   128   186    23    85     3   104 0.74 -
evm.utg27.20                         -           1146 409006at33208        -            294   2.7e-06   28.3  14.5   2   3   5.7e-06    0.0013   19.5   3.4   166   224   107   167    90   184 0.82 -
evm.utg27.20                         -           1146 409006at33208        -            294   2.7e-06   28.3  14.5   3   3      0.97   2.2e+02    2.3   1.1   167   220   222   279   199   293 0.67 -
evm.utg7.52                          -            496 409006at33208        -            294   3.4e-06   28.0  13.9   1   4   0.00015     0.033   14.9   0.5   167   223   209   265   202   269 0.86 -
evm.utg7.52                          -            496 409006at33208        -            294   3.4e-06   28.0  13.9   2   4       1.9   4.4e+02    1.4   0.1   165   183   287   305   262   310 0.81 -
evm.utg7.52                          -            496 409006at33208        -            294   3.4e-06   28.0  13.9   3   4    0.0014      0.31   11.7   3.0   130   220   290   385   280   388 0.68 -
evm.utg7.52                          -            496 409006at33208        -            294   3.4e-06   28.0  13.9   4   4     0.085        19    5.8   0.1   147   183   395   428   388   475 0.82 -
evm.utg10470.3                       -            667 409006at33208        -            294   3.6e-06   27.9   1.1   1   2   5.8e-05     0.013   16.2   0.5    48   183   402   529   393   550 0.78 -
evm.utg10470.3                       -            667 409006at33208        -            294   3.6e-06   27.9   1.1   2   2      0.01       2.3    8.9   0.0   165   239   553   628   535   655 0.74 -
evm.utg2099.34                       -            412 409006at33208        -            294   4.4e-06   27.6   7.1   1   2      0.23        53    4.4   0.0   161   189   220   247   196   278 0.82 -
evm.utg2099.34                       -            412 409006at33208        -            294   4.4e-06   27.6   7.1   2   2   2.4e-08   5.5e-06   27.3   0.3   147   186   311   350   293   377 0.87 -
evm.utg2303.45                       -            565 409006at33208        -            294   5.4e-06   27.3   5.6   1   3      0.03         7    7.3   0.0   167   216   290   343   272   353 0.79 -
evm.utg2303.45                       -            565 409006at33208        -            294   5.4e-06   27.3   5.6   2   3   0.00015     0.034   14.8   0.4   108   185   356   436   343   443 0.81 -
evm.utg2303.45                       -            565 409006at33208        -            294   5.4e-06   27.3   5.6   3   3   0.00028     0.064   14.0   0.1   132   189   421   481   411   485 0.80 -
evm.utg109.121                       -            491 409006at33208        -            294   5.7e-06   27.3   0.0   1   5       6.4   1.5e+03   -0.3   0.0    90   146    98   156    86   205 0.70 -
evm.utg109.121                       -            491 409006at33208        -            294   5.7e-06   27.3   0.0   2   5      0.46   1.1e+02    3.4   0.0   207   271   239   305   226   320 0.71 -
evm.utg109.121                       -            491 409006at33208        -            294   5.7e-06   27.3   0.0   3   5      0.81   1.9e+02    2.6   0.0   190   219   345   374   335   380 0.65 -
evm.utg109.121                       -            491 409006at33208        -            294   5.7e-06   27.3   0.0   4   5     0.015       3.4    8.3   0.0   257   284   392   419   375   425 0.85 -
evm.utg109.121                       -            491 409006at33208        -            294   5.7e-06   27.3   0.0   5   5      0.11        26    5.4   0.0   150   181   435   466   423   475 0.83 -
evm.utg378.33                        -            500 409006at33208        -            294   6.1e-06   27.2   3.6   1   4   0.00023     0.052   14.3   1.4   145   221    88   168    60   185 0.77 -
evm.utg378.33                        -            500 409006at33208        -            294   6.1e-06   27.2   3.6   2   4         1   2.4e+02    2.3   0.0   150   185   183   218   173   223 0.82 -
evm.utg378.33                        -            500 409006at33208        -            294   6.1e-06   27.2   3.6   3   4      0.18        40    4.8   0.0   157   198   238   277   224   285 0.82 -
evm.utg378.33                        -            500 409006at33208        -            294   6.1e-06   27.2   3.6   4   4       1.4   3.1e+02    1.9   0.0   151   187   338   374   292   378 0.75 -
evm.utg183.39                        -           1787 409006at33208        -            294   7.6e-06   26.8   0.5   1   4     0.087        20    5.8   0.1   167   216   194   245   187   253 0.77 -
evm.utg183.39                        -           1787 409006at33208        -            294   7.6e-06   26.8   0.5   2   4      0.38        88    3.7   0.0   133   186   240   301   218   306 0.73 -
evm.utg183.39                        -           1787 409006at33208        -            294   7.6e-06   26.8   0.5   3   4       2.7   6.2e+02    0.9   0.0   148   184   358   393   332   403 0.89 -
evm.utg183.39                        -           1787 409006at33208        -            294   7.6e-06   26.8   0.5   4   4   0.00031     0.072   13.8   0.1    72   184   374   495   352   502 0.73 -
evm.utg577.63                        -            506 409006at33208        -            294   8.3e-06   26.7   1.9   1   4   2.7e-05    0.0063   17.3   0.6   149   187   207   245   199   275 0.81 -
evm.utg577.63                        -            506 409006at33208        -            294   8.3e-06   26.7   1.9   2   4       0.3        68    4.0   0.0   166   212   267   315   246   332 0.69 -
evm.utg577.63                        -            506 409006at33208        -            294   8.3e-06   26.7   1.9   3   4       0.2        46    4.6   0.0   111   189   292   381   273   384 0.66 -
evm.utg577.63                        -            506 409006at33208        -            294   8.3e-06   26.7   1.9   4   4       2.6   5.8e+02    1.0   0.0   144   179   467   504   449   505 0.80 -
evm.utg439.49                        -            578 409006at33208        -            294   8.8e-06   26.6  16.8   1   4      0.06        14    6.3   0.1   163   183   298   318   280   326 0.61 -
evm.utg439.49                        -            578 409006at33208        -            294   8.8e-06   26.6  16.8   2   4   0.00037     0.084   13.6   0.1   149   216   328   398   321   399 0.77 -
evm.utg439.49                        -            578 409006at33208        -            294   8.8e-06   26.6  16.8   3   4    0.0036      0.82   10.3   0.9   119   180   377   444   367   449 0.59 -
evm.utg439.49                        -            578 409006at33208        -            294   8.8e-06   26.6  16.8   4   4     0.053        12    6.5   2.3   135   180   527   577   514   577 0.80 -
evm.utg21766.14                      -            538 409006at33208        -            294   8.9e-06   26.6   5.1   1   2   2.1e-07   4.9e-05   24.2   1.0   162   293    25   157     7   158 0.76 -
evm.utg21766.14                      -            538 409006at33208        -            294   8.9e-06   26.6   5.1   2   2   0.00072      0.17   12.6   2.3   140   216   108   185   105   201 0.80 -
evm.utg280.24                        -            336 409006at33208        -            294   9.4e-06   26.5   0.9   1   3   0.00051      0.12   13.1   0.1   123   188    64   133    48   137 0.72 -
evm.utg280.24                        -            336 409006at33208        -            294   9.4e-06   26.5   0.9   2   3    0.0068       1.6    9.4   0.0   145   189   134   178   132   181 0.91 -
evm.utg280.24                        -            336 409006at33208        -            294   9.4e-06   26.5   0.9   3   3         3     7e+02    0.7   0.0   189   221   237   271   199   328 0.74 -
evm.utg439.49.1.5c22f0fa.1.5c27952e  -            353 409006at33208        -            294   9.4e-06   26.5   7.0   1   3      0.04       9.1    6.9   0.1   163   182   159   178   143   183 0.58 -
evm.utg439.49.1.5c22f0fa.1.5c27952e  -            353 409006at33208        -            294   9.4e-06   26.5   7.0   2   3    0.0044         1   10.0   0.1   149   183   189   222   178   230 0.81 -
evm.utg439.49.1.5c22f0fa.1.5c27952e  -            353 409006at33208        -            294   9.4e-06   26.5   7.0   3   3    0.0017      0.38   11.4   0.9   119   180   238   305   228   311 0.60 -
evm.utg715.1.1.5c22f38a              -            371 409006at33208        -            294   9.6e-06   26.5   4.6   1   3       2.7   6.1e+02    0.9   0.0   148   181   106   138    86   145 0.80 -
evm.utg715.1.1.5c22f38a              -            371 409006at33208        -            294   9.6e-06   26.5   4.6   2   3    0.0017      0.39   11.4   0.3   160   220   167   227   158   236 0.79 -
evm.utg715.1.1.5c22f38a              -            371 409006at33208        -            294   9.6e-06   26.5   4.6   3   3   0.00035     0.079   13.7   0.2   117   211   244   346   233   356 0.68 -
evm.utg320.49                        -            928 409006at33208        -            294   1.1e-05   26.3   2.0   1   3   1.5e-05    0.0035   18.1   0.1   146   181    76   111    61   116 0.93 -
evm.utg320.49                        -            928 409006at33208        -            294   1.1e-05   26.3   2.0   2   3       2.6     6e+02    0.9   0.0   164   186   606   628   587   632 0.84 -
evm.utg320.49                        -            928 409006at33208        -            294   1.1e-05   26.3   2.0   3   3      0.52   1.2e+02    3.2   0.0   244   282   626   663   622   674 0.78 -
evm.utg27.21                         -            316 409006at33208        -            294   1.2e-05   26.2   9.7   1   5     0.011       2.5    8.7   0.0   188   220    12    44     7    47 0.90 -
evm.utg27.21                         -            316 409006at33208        -            294   1.2e-05   26.2   9.7   2   5     0.029       6.5    7.4   1.4   149   226    61   139    56   145 0.79 -
evm.utg27.21                         -            316 409006at33208        -            294   1.2e-05   26.2   9.7   3   5     0.009       2.1    9.0   0.3   147   190   144   188   140   201 0.89 -
evm.utg27.21                         -            316 409006at33208        -            294   1.2e-05   26.2   9.7   4   5       5.6   1.3e+03   -0.2   0.0   167   183   207   223   204   229 0.85 -
evm.utg27.21                         -            316 409006at33208        -            294   1.2e-05   26.2   9.7   5   5       0.9   2.1e+02    2.4   0.0   154   189   236   269   213   296 0.86 -
evm.utg6072.16                       -            506 409006at33208        -            294   1.2e-05   26.2   2.1   1   4     2e-05    0.0047   17.7   0.5   149   187   207   245   180   275 0.86 -
evm.utg6072.16                       -            506 409006at33208        -            294   1.2e-05   26.2   2.1   2   4      0.38        86    3.7   0.0   153   212   255   315   247   350 0.71 -
evm.utg6072.16                       -            506 409006at33208        -            294   1.2e-05   26.2   2.1   3   4      0.33        75    3.9   0.1   111   189   292   381   273   384 0.66 -
evm.utg6072.16                       -            506 409006at33208        -            294   1.2e-05   26.2   2.1   4   4       2.5   5.7e+02    1.0   0.0   144   179   467   504   446   505 0.80 -
evm.utg729.25.2.5c279763             -            767 409006at33208        -            294   1.3e-05   26.0   0.7   1   4     0.037       8.5    7.0   0.0   138   184   435   480   419   538 0.85 -
evm.utg729.25.2.5c279763             -            767 409006at33208        -            294   1.3e-05   26.0   0.7   2   4       1.3   3.1e+02    1.9   0.0   149   180   552   582   546   592 0.76 -
evm.utg729.25.2.5c279763             -            767 409006at33208        -            294   1.3e-05   26.0   0.7   3   4    0.0014      0.32   11.7   0.1   128   188   664   728   609   735 0.65 -
evm.utg729.25.2.5c279763             -            767 409006at33208        -            294   1.3e-05   26.0   0.7   4   4       9.4   2.1e+03   -0.9   0.0   151   176   738   762   723   765 0.55 -
evm.utg715.1                         -            408 409006at33208        -            294   1.4e-05   26.0   5.9   1   3       3.1   7.1e+02    0.7   0.0   148   181   106   138    86   144 0.79 -
evm.utg715.1                         -            408 409006at33208        -            294   1.4e-05   26.0   5.9   2   3    0.0021      0.48   11.1   0.4   159   220   166   227   156   233 0.79 -
evm.utg715.1                         -            408 409006at33208        -            294   1.4e-05   26.0   5.9   3   3   0.00024     0.056   14.2   0.5   117   218   244   353   233   361 0.71 -
utg356.equina_smart_371689.mrna1     -            318 409006at33208        -            294   1.4e-05   26.0   6.8   1   4      0.66   1.5e+02    2.9   0.0   164   192    10    38     4    85 0.73 -
utg356.equina_smart_371689.mrna1     -            318 409006at33208        -            294   1.4e-05   26.0   6.8   2   4     0.018       4.2    8.0   0.1   166   188    97   119    51   127 0.81 -
utg356.equina_smart_371689.mrna1     -            318 409006at33208        -            294   1.4e-05   26.0   6.8   3   4       4.8   1.1e+03    0.1   0.0   131   184   143   158   126   197 0.68 -
utg356.equina_smart_371689.mrna1     -            318 409006at33208        -            294   1.4e-05   26.0   6.8   4   4   6.7e-05     0.015   16.0   0.4   164   231   230   302   210   313 0.71 -
evm.utg5290.27.1.5c22f1dc            -            533 409006at33208        -            294   1.4e-05   26.0   6.3   1   3     0.027       6.2    7.4   0.0   167   216   258   311   240   324 0.80 -
evm.utg5290.27.1.5c22f1dc            -            533 409006at33208        -            294   1.4e-05   26.0   6.3   2   3   0.00015     0.034   14.9   0.5   108   185   324   404   311   410 0.81 -
evm.utg5290.27.1.5c22f1dc            -            533 409006at33208        -            294   1.4e-05   26.0   6.3   3   3   0.00048      0.11   13.2   0.1   132   190   389   450   379   453 0.80 -
evm.utg1272.70                       -            437 409006at33208        -            294   1.4e-05   26.0   0.1   1   1   4.7e-07   0.00011   23.1   0.9   167   214   121   172   103   182 0.81 -
evm.utg21895.1                       -            272 409006at33208        -            294   1.4e-05   26.0  16.3   1   4    0.0017      0.39   11.4   0.4   148   183    21    55     1    74 0.74 -
evm.utg21895.1                       -            272 409006at33208        -            294   1.4e-05   26.0  16.3   2   4    0.0012      0.27   11.9   1.0   119   180    71   138    62   143 0.59 -
evm.utg21895.1                       -            272 409006at33208        -            294   1.4e-05   26.0  16.3   3   4       0.4        91    3.6   0.5   166   188   214   236   207   249 0.84 -
evm.utg21895.1                       -            272 409006at33208        -            294   1.4e-05   26.0  16.3   4   4     0.035       8.1    7.1   2.4   139   180   225   271   220   271 0.78 -
evm.utg2129.40                       -            418 409006at33208        -            294   1.4e-05   26.0   7.8   1   3   0.00077      0.18   12.5   0.5   122   216    73   170    26   195 0.71 -
evm.utg2129.40                       -            418 409006at33208        -            294   1.4e-05   26.0   7.8   2   3   0.00038     0.086   13.5   0.6   114   216   193   302   176   306 0.71 -
evm.utg2129.40                       -            418 409006at33208        -            294   1.4e-05   26.0   7.8   3   3      0.19        44    4.6   0.0   166   189   292   315   278   324 0.82 -
evm.utg5290.27                       -            565 409006at33208        -            294   1.4e-05   26.0   6.0   1   3      0.03       6.8    7.3   0.0   167   216   290   343   273   356 0.80 -
evm.utg5290.27                       -            565 409006at33208        -            294   1.4e-05   26.0   6.0   2   3   0.00016     0.036   14.8   0.5   108   185   356   436   343   442 0.81 -
evm.utg5290.27                       -            565 409006at33208        -            294   1.4e-05   26.0   6.0   3   3   0.00052      0.12   13.1   0.1   132   189   421   481   411   485 0.80 -
evm.utg402.7                         -            934 409006at33208        -            294   1.5e-05   25.8   1.1   1   2     0.038       8.6    7.0   0.0   138   219   228   309   158   324 0.72 -
evm.utg402.7                         -            934 409006at33208        -            294   1.5e-05   25.8   1.1   2   2   2.7e-05    0.0061   17.3   0.3    55   185   537   668   520   672 0.86 -
evm.utg15211.1                       -            289 409006at33208        -            294   1.8e-05   25.6   4.4   1   2    0.0014      0.33   11.6   0.3   163   220    10    68     3    76 0.80 -
evm.utg15211.1                       -            289 409006at33208        -            294   1.8e-05   25.6   4.4   2   2   8.7e-05      0.02   15.6   0.4   117   220    85   196    75   227 0.74 -
evm.utg637.5                         -            513 409006at33208        -            294   2.1e-05   25.4   0.8   1   2   1.7e-06   0.00039   21.2   0.7   164   218   135   192    97   200 0.86 -
evm.utg637.5                         -            513 409006at33208        -            294   2.1e-05   25.4   0.8   2   2      0.67   1.5e+02    2.9   0.1   135   215   187   272   185   281 0.71 -
evm.utg729.25                        -            852 409006at33208        -            294   2.2e-05   25.3   0.7   1   3     0.042       9.5    6.8   0.0   138   184   520   565   504   624 0.84 -
evm.utg729.25                        -            852 409006at33208        -            294   2.2e-05   25.3   0.7   2   3       1.5   3.5e+02    1.7   0.0   149   180   637   667   631   677 0.76 -
evm.utg729.25                        -            852 409006at33208        -            294   2.2e-05   25.3   0.7   3   3    0.0016      0.38   11.4   0.1   128   188   749   813   694   819 0.65 -
evm.utg4271.15                       -            398 409006at33208        -            294   2.3e-05   25.3   7.6   1   3     0.014       3.2    8.4   0.1   188   278    40   123    32   126 0.81 -
evm.utg4271.15                       -            398 409006at33208        -            294   2.3e-05   25.3   7.6   2   3   3.7e-06   0.00086   20.1   0.8   111   225    97   220    86   237 0.81 -
evm.utg4271.15                       -            398 409006at33208        -            294   2.3e-05   25.3   7.6   3   3      0.86     2e+02    2.5   0.0   147   181   241   274   234   281 0.85 -
evm.utg7950.19                       -            574 409006at33208        -            294   2.4e-05   25.2   0.1   1   2    0.0021      0.48   11.1   0.0    51   180   194   328   174   337 0.74 -
evm.utg7950.19                       -            574 409006at33208        -            294   2.4e-05   25.2   0.1   2   2     0.001      0.24   12.1   0.2   146   238   337   427   312   442 0.65 -
evm.utg72.22                         -            454 409006at33208        -            294   2.7e-05   25.1  17.0   1   5   4.1e-05    0.0093   16.7   0.1   150   199   104   155    57   162 0.83 -
evm.utg72.22                         -            454 409006at33208        -            294   2.7e-05   25.1  17.0   2   5     0.021       4.8    7.8   0.2   164   193   207   236   200   253 0.75 -
evm.utg72.22                         -            454 409006at33208        -            294   2.7e-05   25.1  17.0   3   5       5.1   1.2e+03   -0.0   0.0   127   132   330   335   284   377 0.58 -
evm.utg72.22                         -            454 409006at33208        -            294   2.7e-05   25.1  17.0   4   5     0.085        19    5.8   0.2   246   279   374   406   353   420 0.63 -
evm.utg72.22                         -            454 409006at33208        -            294   2.7e-05   25.1  17.0   5   5       1.5   3.4e+02    1.7   0.1   246   264   416   434   410   450 0.80 -
evm.utg2303.45.1.5c22ed61            -            469 409006at33208        -            294   2.8e-05   25.0   0.7   1   2     0.025       5.7    7.6   0.0   167   215   290   342   272   350 0.79 -
evm.utg2303.45.1.5c22ed61            -            469 409006at33208        -            294   2.8e-05   25.0   0.7   2   2   0.00012     0.027   15.2   0.7   107   185   355   436   341   442 0.80 -
evm.utg7950.21                       -            652 409006at33208        -            294   2.9e-05   24.9   0.6   1   2     8e-06    0.0018   19.0   0.2    97   217    46   178    24   182 0.73 -
evm.utg7950.21                       -            652 409006at33208        -            294   2.9e-05   24.9   0.6   2   2      0.47   1.1e+02    3.4   0.0    50    90   186   226   176   245 0.76 -
evm.utg1056.107.2.5c22e85b           -            538 409006at33208        -            294   3.2e-05   24.8   0.4   1   1   2.5e-07   5.7e-05   24.0   0.4   112   200   410   505   379   531 0.61 -
evm.utg861.53                        -            556 409006at33208        -            294   3.3e-05   24.8   1.1   1   3       1.4   3.1e+02    1.9   0.0   187   220   252   284   235   293 0.63 -
evm.utg861.53                        -            556 409006at33208        -            294   3.3e-05   24.8   1.1   2   3         4   9.1e+02    0.3   0.0   245   272   291   318   284   327 0.83 -
evm.utg861.53                        -            556 409006at33208        -            294   3.3e-05   24.8   1.1   3   3   1.3e-05     0.003   18.3   0.1   106   179   456   540   444   550 0.72 -
evm.utg2099.25                       -            385 409006at33208        -            294   3.5e-05   24.7   8.5   1   3   1.4e-05    0.0031   18.3   0.2   132   184   124   181   111   188 0.81 -
evm.utg2099.25                       -            385 409006at33208        -            294   3.5e-05   24.7   8.5   2   3       2.4   5.6e+02    1.0   0.0   257   282   197   222   185   231 0.79 -
evm.utg2099.25                       -            385 409006at33208        -            294   3.5e-05   24.7   8.5   3   3     0.026         6    7.5   3.3   120   227   201   316   197   359 0.74 -
utg7821.evm.utg13634.5.mrna2         -            359 409006at33208        -            294   3.5e-05   24.7   1.0   1   2    0.0054       1.2    9.8   0.2   116   184    96   168    90   174 0.83 -
utg7821.evm.utg13634.5.mrna2         -            359 409006at33208        -            294   3.5e-05   24.7   1.0   2   2    0.0004     0.091   13.5   0.0   142   187   187   232   168   237 0.85 -
evm.utg439.49.1.5c22f0fa             -            492 409006at33208        -            294   3.6e-05   24.6   7.1   1   3     0.046        11    6.7   0.1   162   182   297   317   277   323 0.56 -
evm.utg439.49.1.5c22f0fa             -            492 409006at33208        -            294   3.6e-05   24.6   7.1   2   3    0.0076       1.7    9.3   0.1   149   182   328   360   321   368 0.81 -
evm.utg439.49.1.5c22f0fa             -            492 409006at33208        -            294   3.6e-05   24.6   7.1   3   3    0.0027      0.62   10.7   0.9   119   180   377   444   367   450 0.60 -
evm.utg73.39                         -            326 409006at33208        -            294   3.8e-05   24.6   1.5   1   3    0.0013      0.29   11.8   0.2   116   218    18   123     9   136 0.77 -
evm.utg73.39                         -            326 409006at33208        -            294   3.8e-05   24.6   1.5   2   3       3.6   8.3e+02    0.5   0.0   131   169   153   198   144   210 0.61 -
evm.utg73.39                         -            326 409006at33208        -            294   3.8e-05   24.6   1.5   3   3    0.0074       1.7    9.3   0.0   161   212   244   296   217   299 0.70 -
utg8380.equina_smart_1464802.mrna1   -             64 409006at33208        -            294   3.9e-05   24.5   0.0   1   1   1.8e-07   4.2e-05   24.4   0.0    91   138    15    63     2    63 0.69 -
evm.utg243.69                        -           1751 409006at33208        -            294   4.6e-05   24.3   7.3   1   3    0.0054       1.2    9.7   0.7   163   216    73   129    69   139 0.78 -
evm.utg243.69                        -           1751 409006at33208        -            294   4.6e-05   24.3   7.3   2   3      0.13        30    5.2   0.0   123   183   323   388   277   457 0.73 -
evm.utg243.69                        -           1751 409006at33208        -            294   4.6e-05   24.3   7.3   3   3    0.0049       1.1    9.9   0.5   150   220   621   694   613   735 0.79 -
evm.utg790.33                        -            336 409006at33208        -            294   4.7e-05   24.3   1.1   1   3    0.0017       0.4   11.4   0.1   121   188    62   133    48   136 0.71 -
evm.utg790.33                        -            336 409006at33208        -            294   4.7e-05   24.3   1.1   2   3    0.0065       1.5    9.5   0.0   145   189   134   178   131   181 0.91 -
evm.utg790.33                        -            336 409006at33208        -            294   4.7e-05   24.3   1.1   3   3       5.2   1.2e+03   -0.0   0.0   189   221   237   271   199   324 0.74 -
evm.utg1694.17                       -            301 409006at33208        -            294   4.7e-05   24.3   4.9   1   2     7e-05     0.016   15.9   0.1   115   217    77   176    63   182 0.76 -
evm.utg1694.17                       -            301 409006at33208        -            294   4.7e-05   24.3   4.9   2   2    0.0049       1.1    9.9   1.1   127   220   204   299   196   300 0.80 -
evm.utg7412.19                       -            738 409006at33208        -            294   4.7e-05   24.3   5.7   1   4      0.35        80    3.8   0.1   166   218    65   122    60   127 0.60 -
evm.utg7412.19                       -            738 409006at33208        -            294   4.7e-05   24.3   5.7   2   4   0.00086       0.2   12.4   0.0   145   198   132   186   106   193 0.77 -
evm.utg7412.19                       -            738 409006at33208        -            294   4.7e-05   24.3   5.7   3   4      0.53   1.2e+02    3.2   0.0   167   184   231   248   216   253 0.79 -
evm.utg7412.19                       -            738 409006at33208        -            294   4.7e-05   24.3   5.7   4   4      0.34        78    3.8   0.3   166   191   375   400   356   406 0.79 -
evm.utg967.29                        -            325 409006at33208        -            294   4.7e-05   24.2   0.4   1   3     0.051        12    6.5   0.0   166   211    72   118    55   127 0.73 -
evm.utg967.29                        -            325 409006at33208        -            294   4.7e-05   24.2   0.4   2   3    0.0019      0.43   11.3   0.1   110   180   139   210   119   222 0.62 -
evm.utg967.29                        -            325 409006at33208        -            294   4.7e-05   24.2   0.4   3   3       1.9   4.3e+02    1.4   0.0   246   279   257   289   243   300 0.81 -
evm.utg418.52                        -            385 409006at33208        -            294   5.2e-05   24.1   8.3   1   3   1.3e-05    0.0029   18.4   0.2   132   184   124   181   101   187 0.79 -
evm.utg418.52                        -            385 409006at33208        -            294   5.2e-05   24.1   8.3   2   3       2.2     5e+02    1.2   0.0   257   283   197   223   182   232 0.80 -
evm.utg418.52                        -            385 409006at33208        -            294   5.2e-05   24.1   8.3   3   3     0.038       8.7    7.0   3.0   120   226   201   315   194   362 0.73 -
evm.utg2007.6                        -            496 409006at33208        -            294   5.9e-05   23.9   0.2   1   1   7.7e-06    0.0018   19.1   0.2   116   184   278   352   212   411 0.83 -
evm.utg659.9                         -            354 409006at33208        -            294   7.5e-05   23.6   4.6   1   2   0.00085      0.19   12.4   2.3   120   183    99   166    68   172 0.72 -
evm.utg659.9                         -            354 409006at33208        -            294   7.5e-05   23.6   4.6   2   2    0.0041      0.94   10.1   0.0   152   181   281   310   272   322 0.86 -
evm.utg18553.20                      -            503 409006at33208        -            294   7.8e-05   23.5   1.6   1   3     0.001      0.23   12.1   0.2   161   226    80   146    41   151 0.83 -
evm.utg18553.20                      -            503 409006at33208        -            294   7.8e-05   23.5   1.6   2   3   5.1e-05     0.012   16.4   1.6   165   219   126   183   122   193 0.85 -
evm.utg18553.20                      -            503 409006at33208        -            294   7.8e-05   23.5   1.6   3   3     0.024       5.4    7.6   0.1   118   181   160   225   153   270 0.50 -
evm.utg21625.4                       -           1518 409006at33208        -            294   8.4e-05   23.4  20.0   1   6    0.0064       1.5    9.5   0.1   166   219   911   966   893   972 0.80 -
evm.utg21625.4                       -           1518 409006at33208        -            294   8.4e-05   23.4  20.0   2   6     0.056        13    6.4   0.1   110   186   978  1058   974  1067 0.76 -
evm.utg21625.4                       -           1518 409006at33208        -            294   8.4e-05   23.4  20.0   3   6       9.9   2.3e+03   -1.0   0.1   165   182  1102  1119  1088  1123 0.80 -
evm.utg21625.4                       -           1518 409006at33208        -            294   8.4e-05   23.4  20.0   4   6       1.9   4.5e+02    1.3   0.5   167   216  1191  1242  1170  1264 0.66 -
evm.utg21625.4                       -           1518 409006at33208        -            294   8.4e-05   23.4  20.0   5   6    0.0052       1.2    9.8   0.5   158   222  1359  1423  1317  1430 0.78 -
evm.utg21625.4                       -           1518 409006at33208        -            294   8.4e-05   23.4  20.0   6   6      0.42        95    3.5   0.0   148   185  1432  1468  1422  1476 0.82 -
evm.utg101.131                       -            607 409006at33208        -            294   9.2e-05   23.3   2.9   1   3      0.18        42    4.7   0.2   150   222    14    90     8   103 0.77 -
evm.utg101.131                       -            607 409006at33208        -            294   9.2e-05   23.3   2.9   2   3      0.22        51    4.5   0.5   149   213    55   123    33   139 0.67 -
evm.utg101.131                       -            607 409006at33208        -            294   9.2e-05   23.3   2.9   3   3   0.00011     0.024   15.3   0.1   150   220   143   219   135   239 0.79 -
evm.utg1281.13                       -            378 409006at33208        -            294   9.3e-05   23.3   3.6   1   2    0.0011      0.25   12.0   2.0   120   183   100   167    46   173 0.73 -
evm.utg1281.13                       -            378 409006at33208        -            294   9.3e-05   23.3   3.6   2   2    0.0046       1.1   10.0   0.0   152   181   282   311   273   322 0.87 -
evm.utg577.102                       -            912 409006at33208        -            294   0.00011   23.0   7.9   1   3     0.014       3.2    8.4   1.7   130   215   628   715   620   721 0.74 -
evm.utg577.102                       -            912 409006at33208        -            294   0.00011   23.0   7.9   2   3   0.00033     0.075   13.7   2.8    97   214   676   794   671   816 0.69 -
evm.utg577.102                       -            912 409006at33208        -            294   0.00011   23.0   7.9   3   3      0.18        40    4.8   0.1   154   181   859   883   825   889 0.50 -
evm.utg5985.20                       -            327 409006at33208        -            294   0.00015   22.6   1.6   1   3       5.5   1.3e+03   -0.1   0.1   164   182    75    93    42   102 0.74 -
evm.utg5985.20                       -            327 409006at33208        -            294   0.00015   22.6   1.6   2   3   0.00034     0.079   13.7   0.1   160   223   168   233   109   248 0.80 -
evm.utg5985.20                       -            327 409006at33208        -            294   0.00015   22.6   1.6   3   3     0.091        21    5.7   0.0   145   183   283   324   264   326 0.82 -
evm.utg693.67                        -           1677 409006at33208        -            294    0.0002   22.2   9.7   1   3    0.0075       1.7    9.3   1.0   166   217    76   130    69   139 0.77 -
evm.utg693.67                        -           1677 409006at33208        -            294    0.0002   22.2   9.7   2   3      0.14        33    5.1   0.0   123   185   323   390   277   453 0.71 -
evm.utg693.67                        -           1677 409006at33208        -            294    0.0002   22.2   9.7   3   3    0.0027      0.63   10.7   0.7   150   221   620   694   612   741 0.80 -
evm.utg234.60.1.5c279240             -            226 409006at33208        -            294   0.00022   22.0   0.5   1   3       1.4   3.1e+02    1.9   0.1   250   265     9    24     3    27 0.82 -
evm.utg234.60.1.5c279240             -            226 409006at33208        -            294   0.00022   22.0   0.5   2   3      0.42        96    3.5   0.1   146   183    56    92    29   134 0.69 -
evm.utg234.60.1.5c279240             -            226 409006at33208        -            294   0.00022   22.0   0.5   3   3    0.0004     0.091   13.5   0.0   130   181   161   216   126   221 0.73 -
evm.utg6430.5                        -            514 409006at33208        -            294   0.00024   21.9  17.1   1   8      0.75   1.7e+02    2.7   0.1   167   187    35    55    29    70 0.88 -
evm.utg6430.5                        -            514 409006at33208        -            294   0.00024   21.9  17.1   2   8       2.5   5.8e+02    1.0   0.0   165   182    98   115    77   120 0.77 -
evm.utg6430.5                        -            514 409006at33208        -            294   0.00024   21.9  17.1   3   8       3.3   7.6e+02    0.6   0.1   186   216   167   196   145   206 0.63 -
evm.utg6430.5                        -            514 409006at33208        -            294   0.00024   21.9  17.1   4   8       1.6   3.7e+02    1.6   2.1   166   201   186   224   165   242 0.62 -
evm.utg6430.5                        -            514 409006at33208        -            294   0.00024   21.9  17.1   5   8      0.63   1.4e+02    2.9   1.1   165   183   227   245   189   257 0.62 -
evm.utg6430.5                        -            514 409006at33208        -            294   0.00024   21.9  17.1   6   8       6.1   1.4e+03   -0.3   0.0   165   180   275   290   247   331 0.79 -
evm.utg6430.5                        -            514 409006at33208        -            294   0.00024   21.9  17.1   7   8   0.00047      0.11   13.2   0.5   158   222   355   419   328   426 0.79 -
evm.utg6430.5                        -            514 409006at33208        -            294   0.00024   21.9  17.1   8   8      0.17        40    4.8   0.0   148   185   428   464   421   473 0.82 -
evm.utg1278.33                       -            655 409006at33208        -            294   0.00025   21.9   5.5   1   3       1.7   3.9e+02    1.5   0.0   128   151   195   218   171   246 0.64 -
evm.utg1278.33                       -            655 409006at33208        -            294   0.00025   21.9   5.5   2   3       2.1   4.8e+02    1.2   0.0   167   186   196   215   191   283 0.69 -
evm.utg1278.33                       -            655 409006at33208        -            294   0.00025   21.9   5.5   3   3    0.0023      0.54   10.9   3.8    69   186   266   414   263   446 0.54 -
evm.utg190.40.2.5c22ec4c             -            494 409006at33208        -            294   0.00027   21.8   0.4   1   2    0.0019      0.44   11.2   0.1   150   183    84   117    81   132 0.85 -
evm.utg190.40.2.5c22ec4c             -            494 409006at33208        -            294   0.00027   21.8   0.4   2   2     0.016       3.7    8.2   0.0   163   216   147   202   133   219 0.66 -
evm.utg1748.16                       -            702 409006at33208        -            294   0.00028   21.7   5.6   1   3     0.039       8.9    6.9   0.2   167   220   431   485   425   499 0.72 -
evm.utg1748.16                       -            702 409006at33208        -            294   0.00028   21.7   5.6   2   3     0.058        13    6.4   0.5   132   223   475   570   468   587 0.64 -
evm.utg1748.16                       -            702 409006at33208        -            294   0.00028   21.7   5.6   3   3    0.0039      0.89   10.2   0.1   155   218   632   696   625   701 0.84 -
evm.utg190.40                        -            509 409006at33208        -            294    0.0003   21.6   0.4   1   2     0.002      0.47   11.1   0.1   150   182    84   116    81   131 0.85 -
evm.utg190.40                        -            509 409006at33208        -            294    0.0003   21.6   0.4   2   2     0.019       4.4    7.9   0.1   161   216   145   202   123   209 0.73 -
evm.utg190.40.1.5c22ec4c             -            509 409006at33208        -            294    0.0003   21.6   0.4   1   2     0.002      0.47   11.1   0.1   150   182    84   116    81   131 0.85 -
evm.utg190.40.1.5c22ec4c             -            509 409006at33208        -            294    0.0003   21.6   0.4   2   2     0.019       4.4    7.9   0.1   161   216   145   202   123   209 0.73 -
evm.utg967.29.1.5c22f549             -            266 409006at33208        -            294   0.00031   21.6   0.7   1   3        10   2.3e+03   -1.0   0.0   150   175    12    39     8    69 0.61 -
evm.utg967.29.1.5c22f549             -            266 409006at33208        -            294   0.00031   21.6   0.7   2   3     0.036       8.3    7.0   0.0   165   211    71   118    53   126 0.73 -
evm.utg967.29.1.5c22f549             -            266 409006at33208        -            294   0.00031   21.6   0.7   3   3    0.0014      0.33   11.6   0.1   110   180   139   210   120   222 0.64 -
evm.utg7821.35                       -            557 409006at33208        -            294   0.00035   21.4   0.8   1   3   9.9e-05     0.023   15.4   0.0   146   219    91   165    51   182 0.83 -
evm.utg7821.35                       -            557 409006at33208        -            294   0.00035   21.4   0.8   2   3         4   9.2e+02    0.3   0.0    60    88   187   216   181   344 0.67 -
evm.utg7821.35                       -            557 409006at33208        -            294   0.00035   21.4   0.8   3   3         6   1.4e+03   -0.3   0.2   165   181   538   554   532   556 0.87 -
evm.utg55.122                        -            446 409006at33208        -            294   0.00038   21.3  15.6   1   3      0.38        88    3.7   3.2   167   230   125   192   121   233 0.81 -
evm.utg55.122                        -            446 409006at33208        -            294   0.00038   21.3  15.6   2   3      0.16        38    4.9   1.4   163   196   323   362   266   368 0.65 -
evm.utg55.122                        -            446 409006at33208        -            294   0.00038   21.3  15.6   3   3   4.1e-06   0.00095   20.0   0.2   150   231   356   439   349   445 0.81 -
evm.utg2159.31.4.5c22ed19.1.5c2791f0 -           1007 409006at33208        -            294   0.00041   21.2   5.2   1   3       0.1        24    5.5   0.1   167   220   431   485   425   495 0.64 -
evm.utg2159.31.4.5c22ed19.1.5c2791f0 -           1007 409006at33208        -            294   0.00041   21.2   5.2   2   3     0.016       3.6    8.2   1.5    56   199   454   547   440   587 0.53 -
evm.utg2159.31.4.5c22ed19.1.5c2791f0 -           1007 409006at33208        -            294   0.00041   21.2   5.2   3   3    0.0051       1.2    9.8   0.1   155   219   632   697   622   703 0.82 -
evm.utg370.1                         -            190 409006at33208        -            294   0.00042   21.1   0.2   1   1   2.8e-06   0.00064   20.5   0.2   162   290    25   162     7   165 0.67 -
evm.utg3605.58                       -            566 409006at33208        -            294   0.00046   21.0   0.2   1   1   4.1e-06   0.00094   20.0   0.2    55   185   355   486   338   490 0.87 -
evm.utg73.96                         -            327 409006at33208        -            294   0.00047   21.0   8.0   1   3       1.5   3.5e+02    1.7   0.1   240   277    17    53     2    63 0.76 -
evm.utg73.96                         -            327 409006at33208        -            294   0.00047   21.0   8.0   2   3    0.0046       1.1   10.0   2.1   101   213    63   180    53   189 0.74 -
evm.utg73.96                         -            327 409006at33208        -            294   0.00047   21.0   8.0   3   3    0.0015      0.35   11.5   0.5   156   219   205   268   141   278 0.80 -
evm.utg109.41.1.5c22e88a             -            506 409006at33208        -            294   0.00053   20.8   0.5   1   2    0.0013      0.29   11.8   0.0   126   181   363   422   354   429 0.81 -
evm.utg109.41.1.5c22e88a             -            506 409006at33208        -            294   0.00053   20.8   0.5   2   2     0.048        11    6.6   0.1   148   183   432   466   424   477 0.85 -
evm.utg3872.12.1.5c22f029            -            412 409006at33208        -            294   0.00059   20.6   0.2   1   4       9.4   2.2e+03   -0.9   0.0   165   188   125   148   120   152 0.82 -
evm.utg3872.12.1.5c22f029            -            412 409006at33208        -            294   0.00059   20.6   0.2   2   4    0.0074       1.7    9.3   0.0   166   219   176   232   169   238 0.80 -
evm.utg3872.12.1.5c22f029            -            412 409006at33208        -            294   0.00059   20.6   0.2   3   4     0.092        21    5.7   0.1   149   187   245   282   237   324 0.86 -
evm.utg3872.12.1.5c22f029            -            412 409006at33208        -            294   0.00059   20.6   0.2   4   4       5.7   1.3e+03   -0.2   0.0   163   179   393   409   364   410 0.75 -
evm.utg2159.31.4.5c22ed19            -           1335 409006at33208        -            294   0.00072   20.4   4.5   1   2       0.1        24    5.5   0.4   133   223   476   570   472   588 0.68 -
evm.utg2159.31.4.5c22ed19            -           1335 409006at33208        -            294   0.00072   20.4   4.5   2   2    0.0072       1.7    9.3   0.1   155   219   632   697   625   705 0.82 -
evm.utg579.33                        -           1399 409006at33208        -            294   0.00084   20.1   0.1   1   3     0.027       6.2    7.5   0.0   153   183  1031  1060   998  1092 0.85 -
evm.utg579.33                        -           1399 409006at33208        -            294   0.00084   20.1   0.1   2   3       1.6   3.7e+02    1.6   0.0   105   182  1168  1251  1162  1258 0.74 -
evm.utg579.33                        -           1399 409006at33208        -            294   0.00084   20.1   0.1   3   3      0.15        35    5.0   0.0   150   179  1368  1397  1364  1398 0.95 -
evm.utg2159.31.3.5c22ed19            -           1403 409006at33208        -            294   0.00092   20.0   4.6   1   3      0.19        44    4.7   0.1   167   219   431   484   426   492 0.64 -
evm.utg2159.31.3.5c22ed19            -           1403 409006at33208        -            294   0.00092   20.0   4.6   2   3     0.096        22    5.6   0.5   132   223   475   570   469   586 0.67 -
evm.utg2159.31.3.5c22ed19            -           1403 409006at33208        -            294   0.00092   20.0   4.6   3   3    0.0076       1.7    9.3   0.1   155   219   632   697   625   705 0.82 -
evm.utg21625.6                       -            513 409006at33208        -            294   0.00099   19.9  18.9   1   6       1.5   3.5e+02    1.7   0.1   167   186    35    54    28    69 0.87 -
evm.utg21625.6                       -            513 409006at33208        -            294   0.00099   19.9  18.9   2   6       2.7   6.2e+02    0.9   0.1   165   182    98   115    82   120 0.80 -
evm.utg21625.6                       -            513 409006at33208        -            294   0.00099   19.9  18.9   3   6      0.57   1.3e+02    3.1   0.8   165   183   227   245   189   257 0.65 -
evm.utg21625.6                       -            513 409006at33208        -            294   0.00099   19.9  18.9   4   6       4.9   1.1e+03    0.0   0.0   165   180   275   290   248   324 0.76 -
evm.utg21625.6                       -            513 409006at33208        -            294   0.00099   19.9  18.9   5   6    0.0004     0.092   13.5   0.6   156   222   353   419   310   426 0.79 -
evm.utg21625.6                       -            513 409006at33208        -            294   0.00099   19.9  18.9   6   6       0.1        24    5.5   0.0   148   185   428   464   418   480 0.83 -
evm.utg163.79.1.5c22eb7f             -            585 409006at33208        -            294    0.0011   19.8   0.2   1   2      0.68   1.6e+02    2.8   0.0   166   181   120   135   116   167 0.62 -
evm.utg163.79.1.5c22eb7f             -            585 409006at33208        -            294    0.0011   19.8   0.2   2   2   0.00019     0.044   14.5   0.1   111   189   145   225   138   239 0.68 -
evm.utg2159.31.2.5c22ed19            -           1510 409006at33208        -            294    0.0011   19.8   4.5   1   2      0.13        29    5.2   0.4   134   223   477   570   472   586 0.67 -
evm.utg2159.31.2.5c22ed19            -           1510 409006at33208        -            294    0.0011   19.8   4.5   2   2    0.0083       1.9    9.1   0.1   155   219   632   697   625   705 0.82 -
evm.utg2159.31.1.5c22ed19            -           1510 409006at33208        -            294    0.0011   19.8   4.5   1   2      0.13        29    5.2   0.4   134   223   477   570   472   586 0.67 -
evm.utg2159.31.1.5c22ed19            -           1510 409006at33208        -            294    0.0011   19.8   4.5   2   2    0.0083       1.9    9.1   0.1   155   219   632   697   625   705 0.82 -
evm.utg6078.67                       -            692 409006at33208        -            294    0.0012   19.6   8.1   1   4       7.9   1.8e+03   -0.6   0.0   252   284   375   407   369   418 0.82 -
evm.utg6078.67                       -            692 409006at33208        -            294    0.0012   19.6   8.1   2   4      0.15        34    5.0   0.2   251   286   423   461   413   466 0.81 -
evm.utg6078.67                       -            692 409006at33208        -            294    0.0012   19.6   8.1   3   4   0.00058      0.13   12.9   0.9   240   276   520   556   509   562 0.64 -
evm.utg6078.67                       -            692 409006at33208        -            294    0.0012   19.6   8.1   4   4   0.00065      0.15   12.8   1.8   111   181   532   606   529   644 0.66 -
evm.utg2159.31                       -           1576 409006at33208        -            294    0.0014   19.4   4.6   1   2     0.059        14    6.3   1.0    74   223   472   570   457   586 0.53 -
evm.utg2159.31                       -           1576 409006at33208        -            294    0.0014   19.4   4.6   2   2    0.0085       1.9    9.1   0.1   155   219   632   697   624   705 0.82 -
evm.utg3872.12                       -            514 409006at33208        -            294    0.0014   19.4   0.1   1   3    0.0096       2.2    8.9   0.0   166   219   278   334   271   343 0.81 -
evm.utg3872.12                       -            514 409006at33208        -            294    0.0014   19.4   0.1   2   3      0.13        29    5.3   0.1   149   187   347   384   340   428 0.85 -
evm.utg3872.12                       -            514 409006at33208        -            294    0.0014   19.4   0.1   3   3       7.5   1.7e+03   -0.6   0.0   163   179   495   511   469   512 0.75 -
evm.utg163.18                        -            542 409006at33208        -            294    0.0016   19.2   4.6   1   3         2   4.5e+02    1.3   0.0    58    87   182   212   170   222 0.64 -
evm.utg163.18                        -            542 409006at33208        -            294    0.0016   19.2   4.6   2   3   4.3e-05    0.0099   16.6   0.5   157   221   268   334   262   341 0.87 -
evm.utg163.18                        -            542 409006at33208        -            294    0.0016   19.2   4.6   3   3       4.5     1e+03    0.2   0.0   129   255   416   433   382   471 0.61 -
evm.utg10470.3.1.5c22e808            -            577 409006at33208        -            294    0.0018   19.0   0.5   1   1   3.2e-05    0.0074   17.0   0.5    48   184   402   530   393   560 0.76 -
evm.utg163.79                        -            772 409006at33208        -            294    0.0024   18.7   0.2   1   2      0.97   2.2e+02    2.3   0.0   166   181   120   135   117   167 0.62 -
evm.utg163.79                        -            772 409006at33208        -            294    0.0024   18.7   0.2   2   2   0.00026      0.06   14.1   0.0   111   189   145   225   136   239 0.68 -
evm.utg2246.105                      -           1010 409006at33208        -            294    0.0024   18.6   0.0   1   2         4     9e+02    0.3   0.0   248   281   755   789   715   795 0.82 -
evm.utg2246.105                      -           1010 409006at33208        -            294    0.0024   18.6   0.0   2   2   0.00014     0.032   15.0   0.0   148   183   819   854   814   864 0.90 -
evm.utg7264.10                       -            194 409006at33208        -            294    0.0025   18.6   8.3   1   2       2.6   5.8e+02    1.0   0.2   166   181    72    87    52    94 0.76 -
evm.utg7264.10                       -            194 409006at33208        -            294    0.0025   18.6   8.3   2   2   3.9e-05    0.0089   16.8   5.6   162   218    90   148    67   167 0.80 -
evm.utg3260.7                        -            375 409006at33208        -            294    0.0025   18.6   1.9   1   4      0.16        36    4.9   0.0   166   216    44    94    16   111 0.87 -
evm.utg3260.7                        -            375 409006at33208        -            294    0.0025   18.6   1.9   2   4       0.4        92    3.6   0.0   162   216   175   231   170   233 0.80 -
evm.utg3260.7                        -            375 409006at33208        -            294    0.0025   18.6   1.9   3   4     0.021       4.7    7.8   0.1   165   214   220   269   213   308 0.74 -
evm.utg3260.7                        -            375 409006at33208        -            294    0.0025   18.6   1.9   4   4       1.1   2.6e+02    2.1   0.0   164   183   339   358   323   365 0.76 -
evm.utg616.9                         -            671 409006at33208        -            294    0.0028   18.4  10.5   1   5      0.64   1.5e+02    2.9   0.2   167   215   358   406   346   414 0.72 -
evm.utg616.9                         -            671 409006at33208        -            294    0.0028   18.4  10.5   2   5     0.028       6.3    7.4   0.2   117   200   385   474   379   477 0.74 -
evm.utg616.9                         -            671 409006at33208        -            294    0.0028   18.4  10.5   3   5      0.67   1.5e+02    2.9   0.4   136   213   445   524   442   533 0.58 -
evm.utg616.9                         -            671 409006at33208        -            294    0.0028   18.4  10.5   4   5     0.025       5.8    7.5   0.2   163   216   554   610   518   610 0.69 -
evm.utg616.9                         -            671 409006at33208        -            294    0.0028   18.4  10.5   5   5    0.0056       1.3    9.7   0.6   133   182   562   616   554   625 0.49 -
evm.utg777.49.1.5c22f40d             -            577 409006at33208        -            294    0.0029   18.4   0.6   1   1   4.6e-05     0.011   16.5   0.6    47   184   401   530   392   560 0.77 -
evm.utg1137.2                        -            414 409006at33208        -            294     0.003   18.3   0.6   1   3      0.44     1e+02    3.5   0.0   112   198    70   151    53   156 0.75 -
evm.utg1137.2                        -            414 409006at33208        -            294     0.003   18.3   0.6   2   3      0.02       4.6    7.9   0.0   137   182   144   197   139   207 0.70 -
evm.utg1137.2                        -            414 409006at33208        -            294     0.003   18.3   0.6   3   3      0.22        50    4.5   0.0   124   180   286   339   268   351 0.82 -
evm.utg1285.17                       -            455 409006at33208        -            294    0.0031   18.3   2.9   1   2      0.55   1.3e+02    3.1   0.1   249   281    48    79    24    93 0.74 -
evm.utg1285.17                       -            455 409006at33208        -            294    0.0031   18.3   2.9   2   2    0.0004     0.091   13.5   0.5   167   216   392   444   387   451 0.78 -
evm.utg2100.48                       -            413 409006at33208        -            294    0.0039   17.9   0.0   1   2      0.31        70    4.0   0.0   207   274   203   272   190   284 0.72 -
evm.utg2100.48                       -            413 409006at33208        -            294    0.0039   17.9   0.0   2   2    0.0048       1.1    9.9   0.0   153   217   312   384   305   390 0.76 -
evm.utg2246.105.1.5c22ed46           -           1010 409006at33208        -            294    0.0042   17.8   0.0   1   2         4     9e+02    0.3   0.0   248   281   755   789   715   795 0.82 -
evm.utg2246.105.1.5c22ed46           -           1010 409006at33208        -            294    0.0042   17.8   0.0   2   2   0.00024     0.056   14.2   0.0   148   183   819   854   814   864 0.90 -
evm.utg777.49.2.5c22f40d             -            602 409006at33208        -            294    0.0049   17.6   0.5   1   1   7.8e-05     0.018   15.8   0.5    48   183   402   529   392   541 0.78 -
evm.utg10608.1                       -            540 409006at33208        -            294    0.0049   17.6   1.2   1   2   0.00017     0.039   14.7   0.1   128   220   112   210    97   225 0.76 -
evm.utg10608.1                       -            540 409006at33208        -            294    0.0049   17.6   1.2   2   2       4.1   9.5e+02    0.3   0.1   134   168   344   378   336   384 0.86 -
evm.utg17511.10.1.5c22ebe9           -            834 409006at33208        -            294    0.0057   17.4   0.6   1   3         3   6.8e+02    0.7   0.0   194   227   351   384   342   424 0.63 -
evm.utg17511.10.1.5c22ebe9           -            834 409006at33208        -            294    0.0057   17.4   0.6   2   3      0.17        38    4.8   0.1   162   184   458   480   426   486 0.83 -
evm.utg17511.10.1.5c22ebe9           -            834 409006at33208        -            294    0.0057   17.4   0.6   3   3      0.03         7    7.3   0.0   110   143   655   688   611   702 0.82 -
evm.utg17511.10                      -            873 409006at33208        -            294    0.0068   17.2   0.5   1   3       3.1   7.2e+02    0.7   0.0   194   227   390   423   381   463 0.63 -
evm.utg17511.10                      -            873 409006at33208        -            294    0.0068   17.2   0.5   2   3      0.23        52    4.4   0.0   163   184   498   519   491   525 0.81 -
evm.utg17511.10                      -            873 409006at33208        -            294    0.0068   17.2   0.5   3   3     0.032       7.4    7.2   0.0   110   143   694   727   650   741 0.82 -
evm.utg20007.5                       -            873 409006at33208        -            294    0.0074   17.0   0.5   1   3       3.3   7.6e+02    0.6   0.0   194   226   390   422   382   454 0.59 -
evm.utg20007.5                       -            873 409006at33208        -            294    0.0074   17.0   0.5   2   3      0.18        42    4.7   0.1   162   184   497   519   464   524 0.83 -
evm.utg20007.5                       -            873 409006at33208        -            294    0.0074   17.0   0.5   3   3     0.032       7.4    7.2   0.0   110   143   694   727   650   741 0.82 -
evm.utg1056.107.3.5c22e85b           -            492 409006at33208        -            294    0.0097   16.7   0.4   1   1   8.2e-05     0.019   15.7   0.4   163   215   423   478   396   484 0.84 -
evm.utg293.35                        -            341 409006at33208        -            294    0.0099   16.6   2.1   1   2      0.28        63    4.1   0.2   114   156    56    97    33   173 0.53 -
evm.utg293.35                        -            341 409006at33208        -            294    0.0099   16.6   2.1   2   2    0.0028      0.63   10.7   0.2   104   192   168   266   164   297 0.67 -
evm.utg1972.74                       -            485 409006at33208        -            294      0.01   16.6   2.7   1   2     0.003      0.68   10.6   0.0   184   224    73   113    70   120 0.87 -
evm.utg1972.74                       -            485 409006at33208        -            294      0.01   16.6   2.7   2   2       9.5   2.2e+03   -0.9   0.0   246   273   165   191   161   203 0.64 -
evm.utg11096.12                      -            358 409006at33208        -            294     0.011   16.4   0.2   1   2     0.016       3.7    8.2   0.0   136   182   143   197   138   205 0.71 -
evm.utg11096.12                      -            358 409006at33208        -            294     0.011   16.4   0.2   2   2      0.52   1.2e+02    3.2   0.0   143   180   256   292   202   303 0.77 -
evm.utg3260.7.1.5c22ef15             -            313 409006at33208        -            294     0.012   16.4   0.5   1   3      0.11        26    5.4   0.0   166   216    44    94    14   113 0.87 -
evm.utg3260.7.1.5c22ef15             -            313 409006at33208        -            294     0.012   16.4   0.5   2   3      0.22        50    4.5   0.1   162   216   175   231   169   238 0.75 -
evm.utg3260.7.1.5c22ef15             -            313 409006at33208        -            294     0.012   16.4   0.5   3   3      0.02       4.6    7.9   0.0   165   214   220   269   215   302 0.78 -
evm.utg3260.7.1.5c22ef15.1.5c279399  -            313 409006at33208        -            294     0.012   16.4   0.5   1   3      0.11        26    5.4   0.0   166   216    44    94    14   113 0.87 -
evm.utg3260.7.1.5c22ef15.1.5c279399  -            313 409006at33208        -            294     0.012   16.4   0.5   2   3      0.22        50    4.5   0.1   162   216   175   231   169   238 0.75 -
evm.utg3260.7.1.5c22ef15.1.5c279399  -            313 409006at33208        -            294     0.012   16.4   0.5   3   3      0.02       4.6    7.9   0.0   165   214   220   269   215   302 0.78 -
evm.utg1910.44.1.5c22ec60.1.5c279151 -            366 409006at33208        -            294     0.014   16.1   0.1   1   2       1.4   3.2e+02    1.8   0.0   126   191    21    88    13    91 0.80 -
evm.utg1910.44.1.5c22ec60.1.5c279151 -            366 409006at33208        -            294     0.014   16.1   0.1   2   2    0.0013      0.29   11.8   0.0   163   185   144   166   129   174 0.83 -
evm.utg2428.30                       -            816 409006at33208        -            294     0.015   16.0   9.8   1   3     0.035         8    7.1   0.0   147   183    49    85    40   126 0.85 -
evm.utg2428.30                       -            816 409006at33208        -            294     0.015   16.0   9.8   2   3   0.00074      0.17   12.6   0.1   150   218   141   214   110   219 0.79 -
evm.utg2428.30                       -            816 409006at33208        -            294     0.015   16.0   9.8   3   3         8   1.8e+03   -0.7   0.0   204   227   292   315   285   359 0.58 -
evm.utg4464.3                        -            892 409006at33208        -            294     0.017   15.9   0.2   1   2     0.012       2.7    8.6   0.0   147   188   464   504   420   509 0.78 -
evm.utg4464.3                        -            892 409006at33208        -            294     0.017   15.9   0.2   2   2      0.45     1e+02    3.4   0.0    99   145   535   582   512   625 0.53 -
evm.utg868.21                        -            618 409006at33208        -            294     0.017   15.9   3.0   1   3       1.1   2.4e+02    2.2   0.0   149   183   447   483   433   497 0.72 -
evm.utg868.21                        -            618 409006at33208        -            294     0.017   15.9   3.0   2   3    0.0086         2    9.1   0.4   148   185   538   575   503   580 0.85 -
evm.utg868.21                        -            618 409006at33208        -            294     0.017   15.9   3.0   3   3       2.5   5.6e+02    1.0   0.1    57    87   585   616   580   617 0.81 -
evm.utg868.21.1.5c22f4be             -            618 409006at33208        -            294     0.017   15.9   3.0   1   3       1.1   2.4e+02    2.2   0.0   149   183   447   483   433   497 0.72 -
evm.utg868.21.1.5c22f4be             -            618 409006at33208        -            294     0.017   15.9   3.0   2   3    0.0086         2    9.1   0.4   148   185   538   575   503   580 0.85 -
evm.utg868.21.1.5c22f4be             -            618 409006at33208        -            294     0.017   15.9   3.0   3   3       2.5   5.6e+02    1.0   0.1    57    87   585   616   580   617 0.81 -
evm.utg1205.155                      -            364 409006at33208        -            294     0.018   15.8   0.4   1   1   0.00033     0.075   13.7   0.1   129   220   128   225   106   239 0.75 -
evm.utg736.40.1.5c22f3d4             -            386 409006at33208        -            294     0.018   15.7   3.1   1   2    0.0005      0.11   13.1   0.3   242   283   171   211   131   221 0.89 -
evm.utg736.40.1.5c22f3d4             -            386 409006at33208        -            294     0.018   15.7   3.1   2   2       4.5     1e+03    0.1   0.0   152   181   231   260   224   270 0.80 -
evm.utg1919.76                       -            679 409006at33208        -            294     0.019   15.7   8.3   1   3      0.14        33    5.1   0.1   166   220    17    76    14    81 0.70 -
evm.utg1919.76                       -            679 409006at33208        -            294     0.019   15.7   8.3   2   3    0.0057       1.3    9.7   2.1   135   201    69   141    42   219 0.75 -
evm.utg1919.76                       -            679 409006at33208        -            294     0.019   15.7   8.3   3   3      0.57   1.3e+02    3.1   0.2   167   187   312   332   293   341 0.73 -
evm.utg116.278                       -            389 409006at33208        -            294     0.024   15.4   1.5   1   3       1.3     3e+02    1.9   0.0    52   131    70   149    51   160 0.76 -
evm.utg116.278                       -            389 409006at33208        -            294     0.024   15.4   1.5   2   3    0.0069       1.6    9.4   0.2   165   214   274   328   270   336 0.66 -
evm.utg116.278                       -            389 409006at33208        -            294     0.024   15.4   1.5   3   3       1.5   3.5e+02    1.7   0.0   166   187   320   341   313   344 0.86 -
evm.utg622.116                       -            447 409006at33208        -            294     0.024   15.3   0.1   1   2    0.0083       1.9    9.1   0.0   148   182    95   129    84   135 0.87 -
evm.utg622.116                       -            447 409006at33208        -            294     0.024   15.3   0.1   2   2       1.6   3.7e+02    1.6   0.0   162   219   183   241   163   255 0.62 -
evm.utg3283.18                       -            313 409006at33208        -            294     0.024   15.3   1.6   1   3      0.11        24    5.5   0.1   166   216    44    94    14   139 0.89 -
evm.utg3283.18                       -            313 409006at33208        -            294     0.024   15.3   1.6   2   3      0.22        50    4.5   0.1   162   216   175   231   169   238 0.75 -
evm.utg3283.18                       -            313 409006at33208        -            294     0.024   15.3   1.6   3   3      0.02       4.6    7.9   0.0   165   214   220   269   215   302 0.78 -
evm.utg1910.44.1.5c22ec60            -            504 409006at33208        -            294     0.027   15.2   0.2   1   2       1.9   4.4e+02    1.4   0.1   125   191   158   226   142   229 0.81 -
evm.utg1910.44.1.5c22ec60            -            504 409006at33208        -            294     0.027   15.2   0.2   2   2    0.0019      0.44   11.2   0.0   163   185   282   304   268   312 0.83 -
evm.utg597.204                       -            898 409006at33208        -            294     0.028   15.1   0.5   1   2     0.021       4.9    7.8   0.0   147   187   470   509   423   514 0.81 -
evm.utg597.204                       -            898 409006at33208        -            294     0.028   15.1   0.5   2   2      0.71   1.6e+02    2.8   0.0   108   145   552   588   518   631 0.53 -
evm.utg1910.44                       -            528 409006at33208        -            294      0.03   15.0   0.2   1   2         2   4.7e+02    1.3   0.1   125   191   158   226   142   229 0.81 -
evm.utg1910.44                       -            528 409006at33208        -            294      0.03   15.0   0.2   2   2    0.0021      0.47   11.1   0.0   163   185   282   304   268   312 0.83 -
evm.utg5774.3                        -            408 409006at33208        -            294     0.031   15.0   0.1   1   2       0.1        23    5.6   0.0   130   182   221   278   184   284 0.65 -
evm.utg5774.3                        -            408 409006at33208        -            294     0.031   15.0   0.1   2   2     0.061        14    6.3   0.0   166   182   386   402   372   406 0.85 -
evm.utg5290.21                       -            530 409006at33208        -            294     0.034   14.9   0.0   1   1   0.00046       0.1   13.3   0.0   131   182   390   448   365   522 0.69 -
evm.utg26120.19                      -            408 409006at33208        -            294     0.043   14.5   0.1   1   2      0.14        32    5.1   0.0   149   182   246   278   190   285 0.70 -
evm.utg26120.19                      -            408 409006at33208        -            294     0.043   14.5   0.1   2   2     0.061        14    6.3   0.0   166   182   386   402   372   406 0.85 -
evm.utg431.40.1.5c22f0d5             -            302 409006at33208        -            294     0.045   14.5   9.2   1   2    0.0059       1.3    9.6   1.9   103   212    41   152    29   177 0.76 -
evm.utg431.40.1.5c22f0d5             -            302 409006at33208        -            294     0.045   14.5   9.2   2   2     0.011       2.5    8.7   0.5   164   184   194   214   177   244 0.86 -
evm.utg659.9.1.5c2796f4              -            263 409006at33208        -            294      0.05   14.3   2.7   1   1   0.00048      0.11   13.2   2.2   120   183    99   166    70   172 0.73 -
evm.utg73.96.1.5c22f3bc              -            243 409006at33208        -            294     0.055   14.2   7.2   1   3         1   2.3e+02    2.3   0.0   239   277    16    53     2    62 0.76 -
evm.utg73.96.1.5c22f3bc              -            243 409006at33208        -            294     0.055   14.2   7.2   2   3    0.0029      0.66   10.6   2.3   101   213    63   180    54   188 0.74 -
evm.utg73.96.1.5c22f3bc              -            243 409006at33208        -            294     0.055   14.2   7.2   3   3      0.65   1.5e+02    2.9   0.3   149   182   198   230   140   239 0.72 -
evm.utg2303.49                       -            513 409006at33208        -            294     0.058   14.1   0.0   1   1   0.00076      0.17   12.5   0.0   131   182   372   430   347   505 0.73 -
evm.utg431.40                        -            395 409006at33208        -            294     0.068   13.9   8.6   1   2    0.0096       2.2    8.9   1.8   103   212   134   245   122   270 0.76 -
evm.utg431.40                        -            395 409006at33208        -            294     0.068   13.9   8.6   2   2     0.015       3.4    8.3   0.5   164   184   287   307   265   340 0.85 -
evm.utg5985.15.5.5c22f28e            -            278 409006at33208        -            294     0.073   13.8   0.4   1   1    0.0012      0.28   11.9   0.4    57   221    85   251    47   271 0.78 -
evm.utg622.116.1.5c22f2e9            -            417 409006at33208        -            294     0.084   13.6   0.2   1   2     0.032       7.2    7.2   0.1   129   182    46    99    34   105 0.78 -
evm.utg622.116.1.5c22f2e9            -            417 409006at33208        -            294     0.084   13.6   0.2   2   2      0.95   2.2e+02    2.4   0.0   162   219   153   211   122   261 0.68 -
evm.utg73.80                         -            359 409006at33208        -            294      0.09   13.5   7.5   1   2      0.17        39    4.8   0.1   148   182   131   164   109   173 0.84 -
evm.utg73.80                         -            359 409006at33208        -            294      0.09   13.5   7.5   2   2    0.0067       1.5    9.4   1.3   112   216   175   295   169   302 0.59 -
evm.utg5985.15.4.5c22f28e            -            291 409006at33208        -            294     0.096   13.4   0.2   1   1    0.0017      0.39   11.4   0.2    57   221    98   264    91   284 0.75 -
evm.utg1285.72                       -           1198 409006at33208        -            294      0.12   13.1   0.3   1   3      0.41        93    3.6   0.0   211   274   901   962   883   977 0.70 -
evm.utg1285.72                       -           1198 409006at33208        -            294      0.12   13.1   0.3   2   3      0.19        44    4.7   0.1   163   185  1046  1068  1035  1072 0.86 -
evm.utg1285.72                       -           1198 409006at33208        -            294      0.12   13.1   0.3   3   3      0.76   1.7e+02    2.7   0.1   134   221  1055  1148  1054  1171 0.73 -
evm.utg6894.3                        -            395 409006at33208        -            294      0.12   13.1   8.9   1   2     0.013       2.9    8.5   1.9   103   212   134   245   122   270 0.75 -
evm.utg6894.3                        -            395 409006at33208        -            294      0.12   13.1   8.9   2   2     0.015       3.4    8.3   0.6   164   184   287   307   265   340 0.85 -
evm.utg498.151.2.5c22f1a3.1.5c2795b7 -            334 409006at33208        -            294      0.14   12.9   0.3   1   3      0.12        28    5.3   0.0   245   279    15    49     7    54 0.89 -
evm.utg498.151.2.5c22f1a3.1.5c2795b7 -            334 409006at33208        -            294      0.14   12.9   0.3   2   3      0.35        79    3.8   0.0   150   213    68   134    63   182 0.81 -
evm.utg498.151.2.5c22f1a3.1.5c2795b7 -            334 409006at33208        -            294      0.14   12.9   0.3   3   3       5.8   1.3e+03   -0.2   0.0   166   217   275   328   270   332 0.62 -
evm.utg498.151.2.5c22f1a3            -            433 409006at33208        -            294      0.16   12.6   0.5   1   3      0.14        31    5.1   0.0   245   279   106   140    86   145 0.88 -
evm.utg498.151.2.5c22f1a3            -            433 409006at33208        -            294      0.16   12.6   0.5   2   3      0.58   1.3e+02    3.1   0.0   150   212   159   224   154   251 0.78 -
evm.utg498.151.2.5c22f1a3            -            433 409006at33208        -            294      0.16   12.6   0.5   3   3       3.2   7.4e+02    0.6   0.1   167   219   367   423   360   429 0.55 -
evm.utg435.58                        -            950 409006at33208        -            294       0.2   12.3  10.1   1   5     0.074        17    6.0   0.0   145   183   355   392   319   401 0.84 -
evm.utg435.58                        -            950 409006at33208        -            294       0.2   12.3  10.1   2   5       8.6     2e+03   -0.8   0.1   188   220   447   478   439   483 0.73 -
evm.utg435.58                        -            950 409006at33208        -            294       0.2   12.3  10.1   3   5       6.4   1.5e+03   -0.4   0.5   147   183   489   525   463   530 0.67 -
evm.utg435.58                        -            950 409006at33208        -            294       0.2   12.3  10.1   4   5      0.13        29    5.2   0.0    44   100   563   621   548   632 0.82 -
evm.utg435.58                        -            950 409006at33208        -            294       0.2   12.3  10.1   5   5       4.5     1e+03    0.2   0.0   149   183   859   892   857   905 0.76 -
evm.utg729.160.1.5c22f3a9            -            827 409006at33208        -            294       0.2   12.3   0.2   1   2     0.035       8.1    7.1   0.0   100   182   137   224    96   235 0.65 -
evm.utg729.160.1.5c22f3a9            -            827 409006at33208        -            294       0.2   12.3   0.2   2   2       1.1   2.4e+02    2.2   0.1   185   220   618   652   604   697 0.75 -
evm.utg411.98                        -            324 409006at33208        -            294      0.22   12.2   1.0   1   3     0.044        10    6.8   0.1   132   210     7    87     2   100 0.77 -
evm.utg411.98                        -            324 409006at33208        -            294      0.22   12.2   1.0   2   3       3.3   7.5e+02    0.6   0.0   154   183   115   143   106   152 0.64 -
evm.utg411.98                        -            324 409006at33208        -            294      0.22   12.2   1.0   3   3       6.2   1.4e+03   -0.3   0.0   159   189   252   283   243   306 0.68 -
evm.utg1897.4                        -            455 409006at33208        -            294      0.28   11.8   6.0   1   2      0.29        67    4.1   0.0   163   182   161   180   144   192 0.84 -
evm.utg1897.4                        -            455 409006at33208        -            294      0.28   11.8   6.0   2   2      0.01       2.3    8.8   1.3   167   223   203   261   189   273 0.82 -
evm.utg498.151                       -            492 409006at33208        -            294      0.28   11.8   0.6   1   3      0.16        37    4.9   0.0   245   279   165   199   145   204 0.88 -
evm.utg498.151                       -            492 409006at33208        -            294      0.28   11.8   0.6   2   3      0.72   1.6e+02    2.8   0.0   150   212   218   283   213   307 0.78 -
evm.utg498.151                       -            492 409006at33208        -            294      0.28   11.8   0.6   3   3       3.8   8.8e+02    0.4   0.1   167   219   426   482   419   488 0.55 -
evm.utg245.48                        -            321 409006at33208        -            294      0.29   11.8   4.6   1   2      0.69   1.6e+02    2.8   0.5    53    89    64   102    47   107 0.53 -
evm.utg245.48                        -            321 409006at33208        -            294      0.29   11.8   4.6   2   2    0.0024      0.54   10.9   1.5   134   219    92   180    80   189 0.80 -
evm.utg126.151                       -            820 409006at33208        -            294       0.3   11.8   4.8   1   2     0.013       2.9    8.5   0.0   148   185   132   169   125   176 0.87 -
evm.utg126.151                       -            820 409006at33208        -            294       0.3   11.8   4.8   2   2      0.87     2e+02    2.5   0.0   151   184   185   218   178   225 0.84 -
evm.utg389.100                       -            455 409006at33208        -            294      0.31   11.7   6.1   1   2       0.3        70    4.0   0.0   163   182   161   180   146   193 0.84 -
evm.utg389.100                       -            455 409006at33208        -            294      0.31   11.7   6.1   2   2    0.0098       2.2    8.9   1.2   167   223   203   261   190   273 0.82 -
evm.utg107.40                        -            386 409006at33208        -            294      0.32   11.7   0.1   1   1    0.0023      0.52   11.0   0.1    53   123   116   183   101   189 0.90 -
evm.utg498.151.1.5c22f1a3            -            517 409006at33208        -            294      0.34   11.6   0.6   1   3      0.17        39    4.8   0.0   245   279   190   224   170   229 0.88 -
evm.utg498.151.1.5c22f1a3            -            517 409006at33208        -            294      0.34   11.6   0.6   2   3      0.78   1.8e+02    2.7   0.0   150   212   243   308   238   332 0.78 -
evm.utg498.151.1.5c22f1a3            -            517 409006at33208        -            294      0.34   11.6   0.6   3   3       4.1   9.4e+02    0.3   0.1   167   219   451   507   444   513 0.55 -
evm.utg109.7                         -            456 409006at33208        -            294      0.35   11.5   2.8   1   2       1.4   3.3e+02    1.8   0.2   176   228   223   273   205   293 0.74 -
evm.utg109.7                         -            456 409006at33208        -            294      0.35   11.5   2.8   2   2    0.0041      0.93   10.1   0.2    86   171   303   389   282   395 0.86 -
evm.utg194.33                        -            633 409006at33208        -            294       0.4   11.3   3.4   1   1    0.0061       1.4    9.6   3.4   119   203   469   554   455   562 0.73 -
evm.utg4194.35                       -            456 409006at33208        -            294      0.47   11.1   0.4   1   2      0.48   1.1e+02    3.4   0.0   147   183   251   287   198   293 0.84 -
evm.utg4194.35                       -            456 409006at33208        -            294      0.47   11.1   0.4   2   2      0.16        36    4.9   0.0   118   210   302   402   296   412 0.64 -
evm.utg536.47                        -            614 409006at33208        -            294      0.48   11.1   0.1   1   3       2.6   5.9e+02    0.9   0.1   193   228   302   337   276   377 0.59 -
evm.utg536.47                        -            614 409006at33208        -            294      0.48   11.1   0.1   2   3         2   4.7e+02    1.3   0.1   185   225   342   384   299   407 0.57 -
evm.utg536.47                        -            614 409006at33208        -            294      0.48   11.1   0.1   3   3    0.0021      0.48   11.1   0.1   245   279   483   517   471   531 0.87 -
evm.utg150.51                        -            579 409006at33208        -            294      0.54   10.9   2.4   1   3       2.9   6.6e+02    0.8   0.0   150   183   293   324   283   329 0.63 -
evm.utg150.51                        -            579 409006at33208        -            294      0.54   10.9   2.4   2   3      0.45     1e+02    3.4   0.1   168   189   398   419   387   424 0.84 -
evm.utg150.51                        -            579 409006at33208        -            294      0.54   10.9   2.4   3   3      0.42        96    3.5   0.1   166   191   438   463   429   493 0.76 -
evm.utg498.66                        -            670 409006at33208        -            294      0.63   10.7   2.1   1   2    0.0095       2.2    8.9   0.3   167   221   413   468   410   483 0.76 -
evm.utg498.66                        -            670 409006at33208        -            294      0.63   10.7   2.1   2   2       4.7   1.1e+03    0.1   0.0    37    89   577   631   560   643 0.67 -
evm.utg364.29                        -            339 409006at33208        -            294      0.83   10.3   1.2   1   1    0.0086         2    9.1   0.1   124   186   131   197   119   202 0.71 -
evm.utg55.185.2.5c22f22c             -            697 409006at33208        -            294         1   10.0   2.8   1   3      0.15        35    5.0   0.0   149   184    59    94    34   104 0.85 -
evm.utg55.185.2.5c22f22c             -            697 409006at33208        -            294         1   10.0   2.8   2   3       8.1   1.9e+03   -0.7   0.0   165   185   257   277   174   320 0.70 -
evm.utg55.185.2.5c22f22c             -            697 409006at33208        -            294         1   10.0   2.8   3   3      0.51   1.2e+02    3.3   0.4   160   195   453   488   372   504 0.60 -
evm.utg1721.37                       -            409 409006at33208        -            294       1.6    9.4  11.8   1   4      0.56   1.3e+02    3.1   0.1   237   278    54    95    42   104 0.61 -
evm.utg1721.37                       -            409 409006at33208        -            294       1.6    9.4  11.8   2   4       1.5   3.5e+02    1.7   0.5   171   187   215   232   138   273 0.67 -
evm.utg1721.37                       -            409 409006at33208        -            294       1.6    9.4  11.8   3   4       3.2   7.3e+02    0.6   0.0   166   198   305   337   300   344 0.85 -
evm.utg1721.37                       -            409 409006at33208        -            294       1.6    9.4  11.8   4   4     0.041       9.5    6.8   0.5   166   216   346   398   327   405 0.65 -
evm.utg6924.10                       -            677 409006at33208        -            294       2.2    8.9  12.0   1   3      0.62   1.4e+02    3.0   0.0   178   218    48    90    43   102 0.76 -
evm.utg6924.10                       -            677 409006at33208        -            294       2.2    8.9  12.0   2   3       4.5     1e+03    0.1   0.1   226   272   165   210   152   218 0.73 -
evm.utg6924.10                       -            677 409006at33208        -            294       2.2    8.9  12.0   3   3     0.022         5    7.8   1.2   149   187   550   591   541   633 0.63 -
evm.utg536.47.1.5c22f1e8             -            545 409006at33208        -            294       2.6    8.7   9.4   1   3       2.2     5e+02    1.2   0.0   193   228   302   337   276   377 0.59 -
evm.utg536.47.1.5c22f1e8             -            545 409006at33208        -            294       2.6    8.7   9.4   2   3       1.7   3.9e+02    1.6   0.1   185   225   342   384   300   408 0.57 -
evm.utg536.47.1.5c22f1e8             -            545 409006at33208        -            294       2.6    8.7   9.4   3   3    0.0021      0.48   11.1   0.1   245   279   483   517   471   526 0.88 -
evm.utg356.4                         -            604 409006at33208        -            294         3    8.5   4.8   1   4      0.44     1e+02    3.5   0.0   157   184   221   248   217   262 0.87 -
evm.utg356.4                         -            604 409006at33208        -            294         3    8.5   4.8   2   4       7.1   1.6e+03   -0.5   0.0   128   183   278   295   252   301 0.59 -
evm.utg356.4                         -            604 409006at33208        -            294         3    8.5   4.8   3   4       1.2   2.6e+02    2.1   0.0   238   265   345   372   331   390 0.80 -
evm.utg356.4                         -            604 409006at33208        -            294         3    8.5   4.8   4   4       2.5   5.7e+02    1.0   0.0   112   145   403   436   382   472 0.69 -
evm.utg693.16                        -            604 409006at33208        -            294       3.7    8.2   5.2   1   4      0.44     1e+02    3.5   0.0   157   184   221   248   217   262 0.87 -
evm.utg693.16                        -            604 409006at33208        -            294       3.7    8.2   5.2   2   4       7.1   1.6e+03   -0.5   0.0   128   183   278   295   252   301 0.59 -
evm.utg693.16                        -            604 409006at33208        -            294       3.7    8.2   5.2   3   4       1.2   2.8e+02    2.0   0.0   238   265   345   372   332   387 0.80 -
evm.utg693.16                        -            604 409006at33208        -            294       3.7    8.2   5.2   4   4       2.5   5.7e+02    1.0   0.0   112   145   403   436   382   473 0.69 -
evm.utg1721.37.1.5c22ebc9            -            385 409006at33208        -            294       3.9    8.1  11.4   1   4      0.49   1.1e+02    3.3   0.1   237   279    54    96    42   105 0.62 -
evm.utg1721.37.1.5c22ebc9            -            385 409006at33208        -            294       3.9    8.1  11.4   2   4       1.3   3.1e+02    1.9   0.5   171   187   215   232   138   273 0.67 -
evm.utg1721.37.1.5c22ebc9            -            385 409006at33208        -            294       3.9    8.1  11.4   3   4       3.2   7.2e+02    0.7   0.0   166   198   305   337   300   341 0.85 -
evm.utg1721.37.1.5c22ebc9            -            385 409006at33208        -            294       3.9    8.1  11.4   4   4      0.16        37    4.9   0.4   166   186   346   366   325   373 0.76 -
#
# Program:         hmmsearch
# Version:         3.1b2 (February 2015)
# Pipeline mode:   SEARCH
# Query file:      /uoa/scratch/users/r02hw22/project_dark_genes/busco_downloads/lineages/metazoa_odb10/hmms/409006at33208.hmm
# Target file:     /uoa/scratch/users/r02hw22/project_dark_genes/00_raw/equina_smart.rnam-trna.merged.ggf.curated.remredun.aa.fa
# Option settings: hmmsearch --domtblout /uoa/scratch/users/r02hw22/project_dark_genes/equina_busco_proteins/run_metazoa_odb10/hmmer_output/initial_run_results/409006at33208.out --cpu 1 /uoa/scratch/users/r02hw22/project_dark_genes/busco_downloads/lineages/metazoa_odb10/hmms/409006at33208.hmm /uoa/scratch/users/r02hw22/project_dark_genes/00_raw/equina_smart.rnam-trna.merged.ggf.curated.remredun.aa.fa 
# Current dir:     /uoa/scratch/users/r02hw22/project_dark_genes
# Date:            Sat Apr 25 14:42:20 2026
# [ok]
