#                                                                                            --- full sequence --- -------------- this domain -------------   hmm coord   ali coord   env coord
# target name                        accession   tlen query name           accession   qlen   E-value  score  bias   #  of  c-Evalue  i-Evalue  score  bias  from    to  from    to  from    to  acc description of target
#                ------------------- ---------- ----- -------------------- ---------- ----- --------- ------ ----- --- --- --------- --------- ------ ----- ----- ----- ----- ----- ----- ----- ---- ---------------------
evm.utg234.60                        -            303 433216at33208        -            257  1.4e-112  377.0  12.8   1   1  1.2e-113  1.6e-111  373.6  12.8     2   257     3   301     2   301 0.89 -
evm.utg14.76                         -            335 433216at33208        -            257  7.8e-102  341.9  13.0   1   2   1.2e-87   1.6e-85  288.4   5.5     8   208    12   252     7   267 0.86 -
evm.utg14.76                         -            335 433216at33208        -            257  7.8e-102  341.9  13.0   2   2   8.6e-17   1.1e-14   56.2   0.8   209   257   277   333   269   333 0.90 -
evm.utg234.60.1.5c279240             -            226 433216at33208        -            257   1.6e-81  275.3   4.8   1   1   1.9e-82   2.5e-80  271.4   4.8     2   188     3   219     2   223 0.87 -
evm.utg4155.23                       -            416 433216at33208        -            257   2.2e-60  206.0   3.5   1   5   7.1e-10   9.3e-08   33.6   0.0   148   235    84   180    78   182 0.85 -
evm.utg4155.23                       -            416 433216at33208        -            257   2.2e-60  206.0   3.5   2   5   1.6e-18   2.1e-16   61.9   0.1   125   241   146   270   143   274 0.89 -
evm.utg4155.23                       -            416 433216at33208        -            257   2.2e-60  206.0   3.5   3   5   1.2e-12   1.6e-10   42.7   0.0   118   204   223   311   221   314 0.94 -
evm.utg4155.23                       -            416 433216at33208        -            257   2.2e-60  206.0   3.5   4   5   7.4e-15   9.7e-13   49.9   0.0   123   221   270   373   266   374 0.92 -
evm.utg4155.23                       -            416 433216at33208        -            257   2.2e-60  206.0   3.5   5   5   3.1e-13     4e-11   44.6   0.0   118   220   307   414   305   415 0.93 -
evm.utg92.13                         -           1666 433216at33208        -            257   1.4e-59  203.4  25.9   1   5    0.0063      0.83   10.8   0.0   147   187   916   956   908   968 0.76 -
evm.utg92.13                         -           1666 433216at33208        -            257   1.4e-59  203.4  25.9   2   5   6.1e-19     8e-17   63.3   0.0    80   233   973  1132   964  1138 0.86 -
evm.utg92.13                         -           1666 433216at33208        -            257   1.4e-59  203.4  25.9   3   5     1e-18   1.3e-16   62.6   2.2   116   222  1133  1244  1125  1254 0.89 -
evm.utg92.13                         -           1666 433216at33208        -            257   1.4e-59  203.4  25.9   4   5   2.6e-17   3.4e-15   57.9   8.6    54   239  1282  1478  1276  1486 0.84 -
evm.utg92.13                         -           1666 433216at33208        -            257   1.4e-59  203.4  25.9   5   5   5.5e-05    0.0072   17.5   0.2   123   188  1480  1547  1474  1568 0.73 -
evm.utg435.72                        -           1669 433216at33208        -            257   1.1e-58  200.5  12.4   1   7     5e-20   6.6e-18   66.8   0.6   110   239   724   859   719   861 0.90 -
evm.utg435.72                        -           1669 433216at33208        -            257   1.1e-58  200.5  12.4   2   7   2.3e-15     3e-13   51.6   0.3   119   225   857   968   852   986 0.86 -
evm.utg435.72                        -           1669 433216at33208        -            257   1.1e-58  200.5  12.4   3   7   5.8e-14   7.6e-12   47.0   0.0   120   242   984  1114   970  1114 0.86 -
evm.utg435.72                        -           1669 433216at33208        -            257   1.1e-58  200.5  12.4   4   7   3.2e-05    0.0042   18.3   0.0   118   185  1066  1133  1065  1144 0.85 -
evm.utg435.72                        -           1669 433216at33208        -            257   1.1e-58  200.5  12.4   5   7    0.0018      0.24   12.6   0.0    98   193  1266  1371  1246  1395 0.80 -
evm.utg435.72                        -           1669 433216at33208        -            257   1.1e-58  200.5  12.4   6   7     4e-05    0.0052   18.0   0.0   124   220  1429  1523  1381  1538 0.74 -
evm.utg435.72                        -           1669 433216at33208        -            257   1.1e-58  200.5  12.4   7   7      0.84   1.1e+02    3.8   0.0   155   236  1593  1641  1586  1662 0.55 -
evm.utg3158.36                       -           1666 433216at33208        -            257     2e-58  199.6  24.8   1   5     0.016       2.1    9.5   0.0   147   187   916   956   906   969 0.67 -
evm.utg3158.36                       -           1666 433216at33208        -            257     2e-58  199.6  24.8   2   5   6.7e-20   8.8e-18   66.4   0.0    80   233   973  1132   962  1138 0.89 -
evm.utg3158.36                       -           1666 433216at33208        -            257     2e-58  199.6  24.8   3   5   3.5e-18   4.6e-16   60.8   2.2   117   222  1134  1244  1126  1256 0.90 -
evm.utg3158.36                       -           1666 433216at33208        -            257     2e-58  199.6  24.8   4   5   5.5e-16   7.2e-14   53.6   8.1    54   238  1282  1477  1277  1486 0.81 -
evm.utg3158.36                       -           1666 433216at33208        -            257     2e-58  199.6  24.8   5   5   5.8e-05    0.0076   17.5   0.1   123   188  1480  1547  1474  1565 0.73 -
evm.utg5417.27                       -           1331 433216at33208        -            257   1.2e-57  197.1  25.2   1   5     2e-14   2.7e-12   48.5   4.6   117   240   721   852   706   853 0.87 -
evm.utg5417.27                       -           1331 433216at33208        -            257   1.2e-57  197.1  25.2   2   5   7.2e-06   0.00095   20.4   0.5   121   189   851   918   846   928 0.87 -
evm.utg5417.27                       -           1331 433216at33208        -            257   1.2e-57  197.1  25.2   3   5     3e-11     4e-09   38.0   0.1   100   187   912   999   908  1007 0.86 -
evm.utg5417.27                       -           1331 433216at33208        -            257   1.2e-57  197.1  25.2   4   5   5.1e-19   6.7e-17   63.5   0.1   106   223  1042  1163  1011  1176 0.82 -
evm.utg5417.27                       -           1331 433216at33208        -            257   1.2e-57  197.1  25.2   5   5   5.8e-15   7.7e-13   50.2   1.0    82   222  1142  1287  1142  1296 0.85 -
evm.utg6078.33                       -           1331 433216at33208        -            257     5e-57  195.0  23.4   1   5   1.1e-14   1.4e-12   49.4   4.6   117   241   721   853   706   854 0.87 -
evm.utg6078.33                       -           1331 433216at33208        -            257     5e-57  195.0  23.4   2   5   1.6e-09   2.1e-07   32.4   0.6   121   221   851   954   848   955 0.88 -
evm.utg6078.33                       -           1331 433216at33208        -            257     5e-57  195.0  23.4   3   5   1.2e-11   1.6e-09   39.4   0.2    82   187   894   999   892  1007 0.87 -
evm.utg6078.33                       -           1331 433216at33208        -            257     5e-57  195.0  23.4   4   5   2.4e-19   3.1e-17   64.6   0.1   107   223  1043  1163  1014  1175 0.82 -
evm.utg6078.33                       -           1331 433216at33208        -            257     5e-57  195.0  23.4   5   5   5.8e-15   7.7e-13   50.2   0.4    82   220  1142  1285  1138  1298 0.85 -
evm.utg18125.5                       -            949 433216at33208        -            257   3.7e-54  185.6  31.4   1   5   1.6e-13     2e-11   45.6   0.2    76   206   235   369   225   371 0.87 -
evm.utg18125.5                       -            949 433216at33208        -            257   3.7e-54  185.6  31.4   2   5   4.3e-10   5.6e-08   34.3   3.0   135   226   338   436   337   446 0.87 -
evm.utg18125.5                       -            949 433216at33208        -            257   3.7e-54  185.6  31.4   3   5   7.8e-13     1e-10   43.3   3.4   111   242   508   650   467   652 0.81 -
evm.utg18125.5                       -            949 433216at33208        -            257   3.7e-54  185.6  31.4   4   5      0.29        38    5.3   0.8   192   221   636   669   624   678 0.64 -
evm.utg18125.5                       -            949 433216at33208        -            257   3.7e-54  185.6  31.4   5   5   2.7e-25   3.5e-23   84.1   9.1    79   242   645   828   637   846 0.82 -
evm.utg616.9                         -            671 433216at33208        -            257   3.9e-54  185.6  25.6   1   5   2.3e-11     3e-09   38.5   0.6   146   245   337   438   332   440 0.80 -
evm.utg616.9                         -            671 433216at33208        -            257   3.9e-54  185.6  25.6   2   5     1e-15   1.3e-13   52.7   0.3   126   241   395   514   394   516 0.90 -
evm.utg616.9                         -            671 433216at33208        -            257   3.9e-54  185.6  25.6   3   5   1.8e-14   2.4e-12   48.6   0.3   125   234   434   547   428   555 0.87 -
evm.utg616.9                         -            671 433216at33208        -            257   3.9e-54  185.6  25.6   4   5   2.5e-14   3.3e-12   48.1   0.2   125   228   474   581   473   583 0.88 -
evm.utg616.9                         -            671 433216at33208        -            257   3.9e-54  185.6  25.6   5   5   1.2e-13   1.5e-11   45.9   1.9   125   222   514   615   513   625 0.84 -
evm.utg21625.4                       -           1518 433216at33208        -            257   5.7e-53  181.7   7.5   1   5   1.7e-12   2.3e-10   42.1   0.1   151   222   892   968   884   970 0.81 -
evm.utg21625.4                       -           1518 433216at33208        -            257   5.7e-53  181.7   7.5   2   5   1.1e-16   1.4e-14   55.9   0.2   109   225   934  1058   933  1075 0.85 -
evm.utg21625.4                       -           1518 433216at33208        -            257   5.7e-53  181.7   7.5   3   5   1.3e-14   1.7e-12   49.1   0.0   117   249  1092  1239  1076  1248 0.77 -
evm.utg21625.4                       -           1518 433216at33208        -            257   5.7e-53  181.7   7.5   4   5   4.5e-05     0.006   17.8   0.0   116   184  1220  1294  1208  1302 0.85 -
evm.utg21625.4                       -           1518 433216at33208        -            257   5.7e-53  181.7   7.5   5   5   7.6e-16     1e-13   53.1   0.5    53   224  1283  1466  1281  1485 0.84 -
evm.utg389.12                        -            914 433216at33208        -            257     1e-52  180.9  32.7   1   4   4.9e-13   6.4e-11   43.9   0.2    79   205    27   157    15   160 0.88 -
evm.utg389.12                        -            914 433216at33208        -            257     1e-52  180.9  32.7   2   4   2.3e-09     3e-07   31.9   4.1   135   226   127   225   127   232 0.87 -
evm.utg389.12                        -            914 433216at33208        -            257     1e-52  180.9  32.7   3   4     3e-12     4e-10   41.3   6.2   111   249   296   451   260   460 0.76 -
evm.utg389.12                        -            914 433216at33208        -            257     1e-52  180.9  32.7   4   4   3.7e-25   4.9e-23   83.6   7.0    85   243   442   618   440   637 0.81 -
evm.utg911.37                        -           1947 433216at33208        -            257   3.6e-51  175.8  18.0   1  12    0.0044      0.58   11.3   0.0   114   220    61   177    39   181 0.67 -
evm.utg911.37                        -           1947 433216at33208        -            257   3.6e-51  175.8  18.0   2  12    0.0012      0.16   13.2   0.0    79   221   202   353   192   364 0.77 -
evm.utg911.37                        -           1947 433216at33208        -            257   3.6e-51  175.8  18.0   3  12   3.4e-08   4.5e-06   28.0   0.1    76   179   368   474   363   487 0.82 -
evm.utg911.37                        -           1947 433216at33208        -            257   3.6e-51  175.8  18.0   4  12       0.1        13    6.8   0.0   167   220   529   591   516   593 0.71 -
evm.utg911.37                        -           1947 433216at33208        -            257   3.6e-51  175.8  18.0   5  12    0.0059      0.77   10.9   0.0    88   181   747   846   710   853 0.49 -
evm.utg911.37                        -           1947 433216at33208        -            257   3.6e-51  175.8  18.0   6  12      0.18        24    6.0   0.0   157   227   869   940   855   949 0.83 -
evm.utg911.37                        -           1947 433216at33208        -            257   3.6e-51  175.8  18.0   7  12   9.1e-10   1.2e-07   33.2   0.2    76   204  1005  1137   998  1148 0.84 -
evm.utg911.37                        -           1947 433216at33208        -            257   3.6e-51  175.8  18.0   8  12    0.0032      0.42   11.8   0.1   162   222  1203  1272  1194  1276 0.78 -
evm.utg911.37                        -           1947 433216at33208        -            257   3.6e-51  175.8  18.0   9  12     0.084        11    7.1   0.0   113   183  1442  1514  1406  1524 0.70 -
evm.utg911.37                        -           1947 433216at33208        -            257   3.6e-51  175.8  18.0  10  12    0.0034      0.45   11.7   0.1    65   222  1531  1704  1526  1712 0.60 -
evm.utg911.37                        -           1947 433216at33208        -            257   3.6e-51  175.8  18.0  11  12   4.5e-11   5.9e-09   37.5   0.0    73   207  1674  1814  1671  1824 0.88 -
evm.utg911.37                        -           1947 433216at33208        -            257   3.6e-51  175.8  18.0  12  12      0.33        43    5.2   0.0   125   178  1881  1937  1871  1945 0.69 -
evm.utg186.22                        -           1975 433216at33208        -            257   1.1e-50  174.3  19.9   1  12    0.0039      0.51   11.5   0.1   113   220    60   177    36   182 0.68 -
evm.utg186.22                        -           1975 433216at33208        -            257   1.1e-50  174.3  19.9   2  12    0.0011      0.14   13.3   0.0    79   221   202   353   192   364 0.77 -
evm.utg186.22                        -           1975 433216at33208        -            257   1.1e-50  174.3  19.9   3  12   6.4e-10   8.5e-08   33.7   0.2    53   178   342   473   341   489 0.82 -
evm.utg186.22                        -           1975 433216at33208        -            257   1.1e-50  174.3  19.9   4  12       0.1        14    6.8   0.0   167   220   529   591   516   593 0.71 -
evm.utg186.22                        -           1975 433216at33208        -            257   1.1e-50  174.3  19.9   5  12    0.0022      0.29   12.3   0.0   112   206   730   831   705   853 0.50 -
evm.utg186.22                        -           1975 433216at33208        -            257   1.1e-50  174.3  19.9   6  12      0.19        25    6.0   0.0   157   227   869   940   855   949 0.83 -
evm.utg186.22                        -           1975 433216at33208        -            257   1.1e-50  174.3  19.9   7  12   1.6e-09   2.1e-07   32.4   0.1    76   204  1005  1137   999  1142 0.85 -
evm.utg186.22                        -           1975 433216at33208        -            257   1.1e-50  174.3  19.9   8  12    0.0023       0.3   12.2   0.1   162   222  1203  1272  1194  1276 0.78 -
evm.utg186.22                        -           1975 433216at33208        -            257   1.1e-50  174.3  19.9   9  12      0.14        18    6.4   0.0   109   175  1419  1490  1388  1544 0.65 -
evm.utg186.22                        -           1975 433216at33208        -            257   1.1e-50  174.3  19.9  10  12    0.0057      0.75   10.9   0.1    65   222  1559  1732  1554  1737 0.58 -
evm.utg186.22                        -           1975 433216at33208        -            257   1.1e-50  174.3  19.9  11  12   3.3e-11   4.4e-09   37.9   0.0    73   207  1702  1842  1698  1853 0.88 -
evm.utg186.22                        -           1975 433216at33208        -            257   1.1e-50  174.3  19.9  12  12      0.33        44    5.2   0.0   125   178  1909  1965  1899  1973 0.69 -
evm.utg389.12.1.5c22f032             -            817 433216at33208        -            257   2.5e-47  163.3  28.0   1   4   3.5e-13   4.6e-11   44.4   1.8   119   227    14   129     6   147 0.88 -
evm.utg389.12.1.5c22f032             -            817 433216at33208        -            257   2.5e-47  163.3  28.0   2   4   2.9e-12   3.8e-10   41.4   6.3   111   249   199   354   165   363 0.76 -
evm.utg389.12.1.5c22f032             -            817 433216at33208        -            257   2.5e-47  163.3  28.0   3   4      0.23        30    5.7   0.7   193   221   329   361   317   380 0.57 -
evm.utg389.12.1.5c22f032             -            817 433216at33208        -            257   2.5e-47  163.3  28.0   4   4   4.7e-25   6.2e-23   83.3   7.6    85   243   345   521   343   540 0.81 -
evm.utg788.96                        -            437 433216at33208        -            257   1.1e-44  154.5   7.6   1   2     2e-25   2.6e-23   84.5   4.2    85   230     5   159     1   161 0.88 -
evm.utg788.96                        -            437 433216at33208        -            257   1.1e-44  154.5   7.6   2   2   2.3e-21   3.1e-19   71.2   0.1   114   222   161   274   159   284 0.94 -
evm.utg1056.106                      -            351 433216at33208        -            257   6.1e-43  148.9   1.6   1   3     1e-28   1.4e-26   95.3   0.3   108   242    55   197    44   199 0.92 -
evm.utg1056.106                      -            351 433216at33208        -            257   6.1e-43  148.9   1.6   2   3   2.1e-08   2.8e-06   28.7   0.0   119   195   192   271   191   273 0.87 -
evm.utg1056.106                      -            351 433216at33208        -            257   6.1e-43  148.9   1.6   3   3   4.8e-11   6.3e-09   37.4   0.0   120   222   236   348   232   350 0.82 -
evm.utg1056.106.1.5c22e841           -            351 433216at33208        -            257   6.1e-43  148.9   1.6   1   3     1e-28   1.4e-26   95.3   0.3   108   242    55   197    44   199 0.92 -
evm.utg1056.106.1.5c22e841           -            351 433216at33208        -            257   6.1e-43  148.9   1.6   2   3   2.1e-08   2.8e-06   28.7   0.0   119   195   192   271   191   273 0.87 -
evm.utg1056.106.1.5c22e841           -            351 433216at33208        -            257   6.1e-43  148.9   1.6   3   3   4.8e-11   6.3e-09   37.4   0.0   120   222   236   348   232   350 0.82 -
evm.utg6220.15                       -            692 433216at33208        -            257   3.4e-42  146.4  11.6   1   3   5.1e-16   6.7e-14   53.7   0.7   113   239    67   202    29   230 0.81 -
evm.utg6220.15                       -            692 433216at33208        -            257   3.4e-42  146.4  11.6   2   3   8.2e-13   1.1e-10   43.2   0.2    75   202   418   544   415   551 0.86 -
evm.utg6220.15                       -            692 433216at33208        -            257   3.4e-42  146.4  11.6   3   3   9.7e-16   1.3e-13   52.8   0.9   117   223   556   667   543   682 0.88 -
evm.utg6220.15.1.5c22f2e5            -            692 433216at33208        -            257   3.4e-42  146.4  11.6   1   3   5.1e-16   6.7e-14   53.7   0.7   113   239    67   202    29   230 0.81 -
evm.utg6220.15.1.5c22f2e5            -            692 433216at33208        -            257   3.4e-42  146.4  11.6   2   3   8.2e-13   1.1e-10   43.2   0.2    75   202   418   544   415   551 0.86 -
evm.utg6220.15.1.5c22f2e5            -            692 433216at33208        -            257   3.4e-42  146.4  11.6   3   3   9.7e-16   1.3e-13   52.8   0.9   117   223   556   667   543   682 0.88 -
evm.utg1221.16                       -            416 433216at33208        -            257     1e-41  144.9   0.8   1   3   2.8e-11   3.7e-09   38.2   0.0   148   241    84   186    78   186 0.87 -
evm.utg1221.16                       -            416 433216at33208        -            257     1e-41  144.9   0.8   2   3   5.6e-20   7.4e-18   66.7   0.4   118   241   181   312   180   314 0.91 -
evm.utg1221.16                       -            416 433216at33208        -            257     1e-41  144.9   0.8   3   3   1.9e-12   2.5e-10   42.0   0.0   120   220   309   414   307   415 0.93 -
evm.utg1221.16.1.5c22e95a            -            415 433216at33208        -            257   2.3e-41  143.7   3.5   1   3   2.2e-11   2.9e-09   38.5   0.0   148   241    84   186    78   187 0.87 -
evm.utg1221.16.1.5c22e95a            -            415 433216at33208        -            257   2.3e-41  143.7   3.5   2   3   1.7e-17   2.3e-15   58.5   0.3   126   241   147   270   144   274 0.89 -
evm.utg1221.16.1.5c22e95a            -            415 433216at33208        -            257   2.3e-41  143.7   3.5   3   3   2.2e-18   2.9e-16   61.5   0.0   122   241   269   396   264   406 0.90 -
evm.utg17809.13                      -            456 433216at33208        -            257   6.4e-41  142.2   6.8   1   3   1.9e-20   2.4e-18   68.2   0.3   114   240   105   245    88   247 0.85 -
evm.utg17809.13                      -            456 433216at33208        -            257   6.4e-41  142.2   6.8   2   3     3e-11     4e-09   38.1   0.9   124   209   205   291   201   300 0.92 -
evm.utg17809.13                      -            456 433216at33208        -            257   6.4e-41  142.2   6.8   3   3     6e-16   7.9e-14   53.5   0.0    86   199   330   447   324   452 0.88 -
evm.utg72.22                         -            454 433216at33208        -            257   2.7e-40  140.2   3.7   1   3   1.4e-18   1.8e-16   62.1   0.2   113   236   104   243    87   249 0.83 -
evm.utg72.22                         -            454 433216at33208        -            257   2.7e-40  140.2   3.7   2   3     0.011       1.4   10.0   0.2   175   209   235   271   232   280 0.72 -
evm.utg72.22                         -            454 433216at33208        -            257   2.7e-40  140.2   3.7   3   3   5.4e-21   7.1e-19   70.0   0.1    86   221   310   452   304   453 0.89 -
evm.utg2757.76                       -            410 433216at33208        -            257   3.2e-40  140.0  14.4   1   3   2.3e-10     3e-08   35.2   0.7   152   222   102   177    99   179 0.87 -
evm.utg2757.76                       -            410 433216at33208        -            257   3.2e-40  140.0  14.4   2   3   2.9e-22   3.9e-20   74.1   3.6   110   238   144   280   141   287 0.91 -
evm.utg2757.76                       -            410 433216at33208        -            257   3.2e-40  140.0  14.4   3   3   1.4e-15   1.8e-13   52.3   0.1   127   221   308   407   304   409 0.89 -
evm.utg413.38                        -            593 433216at33208        -            257   5.9e-39  135.8   1.6   1   3   2.5e-17   3.2e-15   58.0   0.3   147   240   304   405   299   407 0.90 -
evm.utg413.38                        -            593 433216at33208        -            257   5.9e-39  135.8   1.6   2   3   2.5e-11   3.3e-09   38.3   0.0   125   196   408   481   404   491 0.89 -
evm.utg413.38                        -            593 433216at33208        -            257   5.9e-39  135.8   1.6   3   3   3.4e-11   4.5e-09   37.9   0.0   122   220   489   591   484   592 0.89 -
evm.utg6220.15.2.5c22f2e5            -            663 433216at33208        -            257   9.9e-39  135.1   7.8   1   4   4.8e-16   6.3e-14   53.8   0.7   113   239    67   202    29   231 0.81 -
evm.utg6220.15.2.5c22f2e5            -            663 433216at33208        -            257   9.9e-39  135.1   7.8   2   4      0.03       3.9    8.6   0.2   193   228   414   454   403   457 0.80 -
evm.utg6220.15.2.5c22f2e5            -            663 433216at33208        -            257   9.9e-39  135.1   7.8   3   4   7.5e-13   9.9e-11   43.3   0.1    75   202   418   544   415   551 0.86 -
evm.utg6220.15.2.5c22f2e5            -            663 433216at33208        -            257   9.9e-39  135.1   7.8   4   4   2.6e-11   3.4e-09   38.3   0.1   117   185   556   624   542   652 0.87 -
evm.utg3174.3                        -            435 433216at33208        -            257   4.8e-38  132.8   2.8   1   3   1.5e-17   1.9e-15   58.7   0.3   147   240   146   247   141   249 0.90 -
evm.utg3174.3                        -            435 433216at33208        -            257   4.8e-38  132.8   2.8   2   3   3.5e-11   4.6e-09   37.8   0.0   125   196   250   323   245   333 0.89 -
evm.utg3174.3                        -            435 433216at33208        -            257   4.8e-38  132.8   2.8   3   3   1.4e-10   1.8e-08   35.9   0.0   122   220   331   433   328   434 0.89 -
evm.utg1221.16.2.5c22e95a            -            399 433216at33208        -            257   1.4e-37  131.3   1.2   1   3   2.6e-11   3.4e-09   38.3   0.0   148   241    84   186    78   186 0.87 -
evm.utg1221.16.2.5c22e95a            -            399 433216at33208        -            257   1.4e-37  131.3   1.2   2   3   2.3e-23     3e-21   77.8   0.9    86   240   148   311   148   313 0.89 -
evm.utg1221.16.2.5c22e95a            -            399 433216at33208        -            257   1.4e-37  131.3   1.2   3   3     2e-08   2.7e-06   28.8   0.0   120   184   309   373   307   387 0.91 -
evm.utg21625.6                       -            513 433216at33208        -            257   3.3e-37  130.1   2.4   1   4       1.3   1.7e+02    3.2   0.0   187   225    10    54     1    70 0.47 -
evm.utg21625.6                       -            513 433216at33208        -            257   3.3e-37  130.1   2.4   2   4   1.1e-14   1.5e-12   49.3   0.1   117   240    88   222    77   223 0.80 -
evm.utg21625.6                       -            513 433216at33208        -            257   3.3e-37  130.1   2.4   3   4   1.8e-06   0.00024   22.4   0.0   114   184   214   290   203   295 0.85 -
evm.utg21625.6                       -            513 433216at33208        -            257   3.3e-37  130.1   2.4   4   4   7.2e-18   9.5e-16   59.8   0.6    59   224   285   462   283   481 0.85 -
evm.utg101.178                       -            403 433216at33208        -            257   8.4e-37  128.8  15.0   1   3   2.2e-10   2.9e-08   35.2   0.7   152   222   102   177    99   179 0.87 -
evm.utg101.178                       -            403 433216at33208        -            257   8.4e-37  128.8  15.0   2   3   2.8e-22   3.7e-20   74.2   3.5   110   238   144   280   141   285 0.90 -
evm.utg101.178                       -            403 433216at33208        -            257   8.4e-37  128.8  15.0   3   3   2.5e-12   3.3e-10   41.6   0.1   170   242   309   390   305   396 0.82 -
evm.utg6430.5                        -            514 433216at33208        -            257   1.1e-36  128.4   2.3   1   4      0.46        61    4.7   0.0   108   158    13    64     1    80 0.53 -
evm.utg6430.5                        -            514 433216at33208        -            257   1.1e-36  128.4   2.3   2   4   5.7e-15   7.6e-13   50.2   0.1   116   241    87   223    74   224 0.79 -
evm.utg6430.5                        -            514 433216at33208        -            257   1.1e-36  128.4   2.3   3   4   1.5e-06    0.0002   22.7   0.0   114   184   214   290   202   294 0.85 -
evm.utg6430.5                        -            514 433216at33208        -            257   1.1e-36  128.4   2.3   4   4   4.3e-17   5.7e-15   57.2   0.5    59   224   285   462   283   481 0.84 -
evm.utg389.12.2.5c22f032             -            702 433216at33208        -            257   7.5e-36  125.6  20.3   1   3   7.9e-13     1e-10   43.2   3.1   111   241    84   226    48   228 0.77 -
evm.utg389.12.2.5c22f032             -            702 433216at33208        -            257   7.5e-36  125.6  20.3   2   3      0.17        23    6.1   0.9   190   221   211   246   200   264 0.59 -
evm.utg389.12.2.5c22f032             -            702 433216at33208        -            257   7.5e-36  125.6  20.3   3   3   3.5e-25   4.7e-23   83.7   7.2    87   243   232   406   229   424 0.81 -
evm.utg12655.28                      -            300 433216at33208        -            257   5.4e-35  122.8   0.0   1   3   1.8e-15   2.4e-13   51.9   0.2   117   232    10   135     3   140 0.83 -
evm.utg12655.28                      -            300 433216at33208        -            257   5.4e-35  122.8   0.0   2   3   5.2e-12   6.9e-10   40.6   0.0   117   189   137   209   132   215 0.95 -
evm.utg12655.28                      -            300 433216at33208        -            257   5.4e-35  122.8   0.0   3   3   3.2e-08   4.2e-06   28.1   0.0   115   184   227   296   211   299 0.90 -
evm.utg6459.21                       -            392 433216at33208        -            257   9.8e-34  118.7   9.7   1   4   2.8e-08   3.7e-06   28.3   0.1   146   221    30   110     8   112 0.81 -
evm.utg6459.21                       -            392 433216at33208        -            257   9.8e-34  118.7   9.7   2   4   8.5e-10   1.1e-07   33.3   0.0    84   187    93   197    89   202 0.70 -
evm.utg6459.21                       -            392 433216at33208        -            257   9.8e-34  118.7   9.7   3   4   3.9e-07   5.1e-05   24.6   0.0   141   190   198   247   195   254 0.88 -
evm.utg6459.21                       -            392 433216at33208        -            257   9.8e-34  118.7   9.7   4   4   4.6e-12   6.1e-10   40.7   1.8   153   223   257   332   249   348 0.88 -
evm.utg21228.28                      -            351 433216at33208        -            257   1.5e-33  118.1   0.0   1   3     4e-14   5.2e-12   47.5   0.1   117   231    61   185    52   190 0.84 -
evm.utg21228.28                      -            351 433216at33208        -            257   1.5e-33  118.1   0.0   2   3   7.7e-12     1e-09   40.0   0.0   117   189   188   260   184   265 0.95 -
evm.utg21228.28                      -            351 433216at33208        -            257   1.5e-33  118.1   0.0   3   3   4.3e-08   5.7e-06   27.7   0.0   115   184   278   347   263   350 0.91 -
evm.utg4972.23                       -            640 433216at33208        -            257   2.2e-33  117.5   8.6   1   3   5.4e-10   7.1e-08   33.9   0.4   149   222   340   416   334   432 0.86 -
evm.utg4972.23                       -            640 433216at33208        -            257   2.2e-33  117.5   8.6   2   3   1.7e-12   2.3e-10   42.1   0.8   150   239   429   522   421   525 0.85 -
evm.utg4972.23                       -            640 433216at33208        -            257   2.2e-33  117.5   8.6   3   3     8e-14   1.1e-11   46.5   0.1   122   229   523   636   519   639 0.88 -
evm.utg18125.5.1.5c22ec17            -            724 433216at33208        -            257   5.7e-33  116.2  23.8   1   5   1.2e-13   1.5e-11   46.0   0.2    76   206   235   369   225   370 0.87 -
evm.utg18125.5.1.5c22ec17            -            724 433216at33208        -            257   5.7e-33  116.2  23.8   2   5   3.7e-10   4.9e-08   34.5   2.8   135   226   338   436   338   445 0.87 -
evm.utg18125.5.1.5c22ec17            -            724 433216at33208        -            257   5.7e-33  116.2  23.8   3   5   3.9e-13   5.1e-11   44.2   2.9   111   242   508   650   472   652 0.81 -
evm.utg18125.5.1.5c22ec17            -            724 433216at33208        -            257   5.7e-33  116.2  23.8   4   5      0.22        28    5.8   0.4   193   221   637   669   628   675 0.67 -
evm.utg18125.5.1.5c22ec17            -            724 433216at33208        -            257   5.7e-33  116.2  23.8   5   5    0.0022      0.29   12.3   1.2   120   182   646   718   645   721 0.72 -
evm.utg9141.14                       -            390 433216at33208        -            257   8.6e-33  115.6  13.6   1   4   5.9e-08   7.8e-06   27.3   0.3   146   220    28   107     6   108 0.78 -
evm.utg9141.14                       -            390 433216at33208        -            257   8.6e-33  115.6  13.6   2   4   1.9e-10   2.5e-08   35.5   0.2   109   227    75   198    70   204 0.85 -
evm.utg9141.14                       -            390 433216at33208        -            257   8.6e-33  115.6  13.6   3   4   1.6e-06   0.00021   22.6   0.0   141   189   196   244   193   250 0.89 -
evm.utg9141.14                       -            390 433216at33208        -            257   8.6e-33  115.6  13.6   4   4   1.8e-17   2.4e-15   58.4   2.2   117   223   214   330   212   345 0.86 -
evm.utg2757.69                       -            710 433216at33208        -            257   9.1e-33  115.5  12.1   1   3    0.0072      0.95   10.6   0.3   191   222   427   461   425   464 0.70 -
evm.utg2757.69                       -            710 433216at33208        -            257   9.1e-33  115.5  12.1   2   3   8.9e-18   1.2e-15   59.5   2.7   130   238   464   580   461   584 0.91 -
evm.utg2757.69                       -            710 433216at33208        -            257   9.1e-33  115.5  12.1   3   3   3.2e-15   4.3e-13   51.1   0.1   127   221   608   707   604   709 0.89 -
evm.utg1337.6                        -            914 433216at33208        -            257   4.6e-32  113.2   7.3   1   3   1.4e-08   1.8e-06   29.3   0.3   149   222   614   690   608   706 0.86 -
evm.utg1337.6                        -            914 433216at33208        -            257   4.6e-32  113.2   7.3   2   3   2.3e-12     3e-10   41.7   0.5   150   239   703   796   695   799 0.85 -
evm.utg1337.6                        -            914 433216at33208        -            257   4.6e-32  113.2   7.3   3   3   1.4e-13   1.8e-11   45.7   0.1   122   229   797   910   793   913 0.88 -
evm.utg3872.12.1.5c22f029            -            412 433216at33208        -            257   7.3e-31  109.3   0.2   1   3   0.00019     0.025   15.7   0.0   121   156   119   154   108   157 0.90 -
evm.utg3872.12.1.5c22f029            -            412 433216at33208        -            257   7.3e-31  109.3   0.2   2   3   7.2e-21   9.5e-19   69.6   0.6   108   229   156   286   149   302 0.87 -
evm.utg3872.12.1.5c22f029            -            412 433216at33208        -            257   7.3e-31  109.3   0.2   3   3   6.8e-06    0.0009   20.5   0.0   114   183   340   409   293   410 0.80 -
evm.utg27.21                         -            316 433216at33208        -            257   1.4e-30  108.4   0.1   1   4   0.00026     0.034   15.4   0.0   188   221     7    44     2    48 0.80 -
evm.utg27.21                         -            316 433216at33208        -            257   1.4e-30  108.4   0.1   2   4   1.3e-18   1.8e-16   62.2   0.7   108   225    57   182    53   192 0.87 -
evm.utg27.21                         -            316 433216at33208        -            257   1.4e-30  108.4   0.1   3   4     1e-05    0.0013   20.0   0.0   116   186   194   262   184   271 0.83 -
evm.utg27.21                         -            316 433216at33208        -            257   1.4e-30  108.4   0.1   4   4      0.24        32    5.6   0.0   117   144   286   313   265   315 0.74 -
evm.utg3872.12                       -            514 433216at33208        -            257   1.9e-30  107.9   0.2   1   3   7.3e-09   9.6e-07   30.2   0.0   121   181   221   289   210   289 0.83 -
evm.utg3872.12                       -            514 433216at33208        -            257   1.9e-30  107.9   0.2   2   3   1.3e-20   1.7e-18   68.8   0.6   109   229   259   388   253   404 0.87 -
evm.utg3872.12                       -            514 433216at33208        -            257   1.9e-30  107.9   0.2   3   3   9.8e-06    0.0013   20.0   0.0   114   183   442   511   395   512 0.81 -
evm.utg109.41                        -            598 433216at33208        -            257   2.2e-30  107.7   0.4   1   4       1.4   1.8e+02    3.1   0.1    42    94   277   337   269   342 0.75 -
evm.utg109.41                        -            598 433216at33208        -            257   2.2e-30  107.7   0.4   2   4     7e-09   9.2e-07   30.3   0.0   153   240   348   443   344   444 0.82 -
evm.utg109.41                        -            598 433216at33208        -            257   2.2e-30  107.7   0.4   3   4   9.8e-08   1.3e-05   26.6   0.0   120   195   399   476   388   481 0.81 -
evm.utg109.41                        -            598 433216at33208        -            257   2.2e-30  107.7   0.4   4   4   4.3e-19   5.7e-17   63.8   0.1    77   210   438   573   437   588 0.85 -
evm.utg411.25                        -            871 433216at33208        -            257   3.4e-30  107.1   0.0   1   6    0.0015       0.2   12.8   0.0   134   220    33   122    18   131 0.84 -
evm.utg411.25                        -            871 433216at33208        -            257   3.4e-30  107.1   0.0   2   6     0.082        11    7.1   0.0   120   204   102   196    96   217 0.68 -
evm.utg411.25                        -            871 433216at33208        -            257   3.4e-30  107.1   0.0   3   6   8.9e-11   1.2e-08   36.5   0.1    76   224   266   422   254   431 0.77 -
evm.utg411.25                        -            871 433216at33208        -            257   3.4e-30  107.1   0.0   4   6   2.5e-07   3.4e-05   25.2   0.0   120   186   440   507   431   516 0.89 -
evm.utg411.25                        -            871 433216at33208        -            257   3.4e-30  107.1   0.0   5   6    0.0043      0.56   11.3   0.0   107   155   513   560   507   627 0.70 -
evm.utg411.25                        -            871 433216at33208        -            257   3.4e-30  107.1   0.0   6   6       4.9   6.4e+02    1.3   0.0    92   146   653   707   650   716 0.78 -
evm.utg7950.19                       -            574 433216at33208        -            257     6e-30  106.3   4.5   1   3   1.2e-12   1.6e-10   42.6   0.1    75   203   123   250   119   256 0.86 -
evm.utg7950.19                       -            574 433216at33208        -            257     6e-30  106.3   4.5   2   3   4.4e-17   5.9e-15   57.2   1.0   117   238   261   390   246   391 0.87 -
evm.utg7950.19                       -            574 433216at33208        -            257     6e-30  106.3   4.5   3   3     3e-06   0.00039   21.7   0.1   153   223   339   414   331   438 0.78 -
evm.utg2216.8                        -            504 433216at33208        -            257   6.4e-30  106.2   0.0   1   4    0.0026      0.34   12.0   0.0   147   186     3    42     1    47 0.90 -
evm.utg2216.8                        -            504 433216at33208        -            257   6.4e-30  106.2   0.0   2   4   2.3e-16     3e-14   54.9   0.0    78   207    16   151    14   151 0.86 -
evm.utg2216.8                        -            504 433216at33208        -            257   6.4e-30  106.2   0.0   3   4    0.0019      0.25   12.5   0.0   119   167   145   194   135   206 0.87 -
evm.utg2216.8                        -            504 433216at33208        -            257   6.4e-30  106.2   0.0   4   4   1.4e-09   1.8e-07   32.6   0.0   151   222   245   321   213   332 0.83 -
evm.utg7.52                          -            496 433216at33208        -            257   2.3e-29  104.4  12.3   1   3   9.1e-13   1.2e-10   43.0   1.1   125   223   205   304   194   310 0.89 -
evm.utg7.52                          -            496 433216at33208        -            257   2.3e-29  104.4  12.3   2   3   1.2e-13   1.6e-11   45.9   2.4   126   241   246   368   245   372 0.86 -
evm.utg7.52                          -            496 433216at33208        -            257   2.3e-29  104.4  12.3   3   3   9.8e-11   1.3e-08   36.4   0.0   127   221   370   474   364   480 0.85 -
evm.utg343339.3                      -            504 433216at33208        -            257   3.9e-29  103.6   0.1   1   4         1   1.4e+02    3.5   0.0   151   186   150   185   115   198 0.78 -
evm.utg343339.3                      -            504 433216at33208        -            257   3.9e-29  103.6   0.1   2   4   4.4e-08   5.8e-06   27.7   0.0   117   219   216   321   195   324 0.87 -
evm.utg343339.3                      -            504 433216at33208        -            257   3.9e-29  103.6   0.1   3   4   1.5e-13   1.9e-11   45.6   0.4   126   239   307   437   297   438 0.84 -
evm.utg343339.3                      -            504 433216at33208        -            257   3.9e-29  103.6   0.1   4   4   7.1e-09   9.4e-07   30.3   0.0   118   187   434   502   431   503 0.92 -
evm.utg496.26                        -            504 433216at33208        -            257   4.1e-29  103.6   0.1   1   4       1.1   1.4e+02    3.5   0.0   151   186   150   185   122   200 0.77 -
evm.utg496.26                        -            504 433216at33208        -            257   4.1e-29  103.6   0.1   2   4   4.4e-08   5.8e-06   27.7   0.0   117   219   216   321   195   324 0.87 -
evm.utg496.26                        -            504 433216at33208        -            257   4.1e-29  103.6   0.1   3   4   1.7e-13   2.2e-11   45.4   0.5   126   239   307   437   299   438 0.84 -
evm.utg496.26                        -            504 433216at33208        -            257   4.1e-29  103.6   0.1   4   4   7.1e-09   9.4e-07   30.3   0.0   118   187   434   502   431   503 0.92 -
evm.utg3260.7                        -            375 433216at33208        -            257   7.4e-29  102.7   4.8   1   4   1.2e-12   1.6e-10   42.7   0.0   148   238    22   118    17   120 0.88 -
evm.utg3260.7                        -            375 433216at33208        -            257   7.4e-29  102.7   4.8   2   4    0.0029      0.38   11.9   0.1   189   232   105   152    99   159 0.74 -
evm.utg3260.7                        -            375 433216at33208        -            257   7.4e-29  102.7   4.8   3   4   2.4e-10   3.1e-08   35.1   0.4   125   237   176   294   166   299 0.87 -
evm.utg3260.7                        -            375 433216at33208        -            257   7.4e-29  102.7   4.8   4   4   2.7e-05    0.0036   18.5   0.0   125   188   299   359   289   366 0.83 -
evm.utg73.56                         -            309 433216at33208        -            257   7.9e-29  102.6   0.6   1   2   1.3e-11   1.7e-09   39.3   0.0   151   242    12   113     5   119 0.87 -
evm.utg73.56                         -            309 433216at33208        -            257   7.9e-29  102.6   0.6   2   2   7.7e-18     1e-15   59.7   1.2    52   221   120   301   116   305 0.82 -
evm.utg577.102                       -            912 433216at33208        -            257   8.1e-29  102.6   2.3   1   3   1.9e-15   2.5e-13   51.8   1.5   124   240   622   742   602   744 0.87 -
evm.utg577.102                       -            912 433216at33208        -            257   8.1e-29  102.6   2.3   2   3    0.0055      0.73   11.0   0.0   125   163   743   781   740   785 0.91 -
evm.utg577.102                       -            912 433216at33208        -            257   8.1e-29  102.6   2.3   3   3   4.8e-11   6.3e-09   37.4   0.0   128   221   786   882   782   887 0.91 -
evm.utg498.66                        -            670 433216at33208        -            257   1.4e-28  101.9   2.2   1   3   4.1e-06   0.00054   21.2   0.0   180   237   384   446   335   452 0.72 -
evm.utg498.66                        -            670 433216at33208        -            257   1.4e-28  101.9   2.2   2   3   3.4e-11   4.5e-09   37.9   0.1   125   225   450   549   442   566 0.84 -
evm.utg498.66                        -            670 433216at33208        -            257   1.4e-28  101.9   2.2   3   3   1.6e-12   2.1e-10   42.2   0.1   114   221   559   669   552   669 0.84 -
evm.utg5417.27.1.5c22f1fe            -           1068 433216at33208        -            257   3.2e-28  100.6  13.5   1   3   1.7e-14   2.3e-12   48.7   4.1   117   238   721   850   706   852 0.87 -
evm.utg5417.27.1.5c22f1fe            -           1068 433216at33208        -            257   3.2e-28  100.6  13.5   2   3   6.3e-06   0.00083   20.6   0.4   121   187   851   916   847   926 0.88 -
evm.utg5417.27.1.5c22f1fe            -           1068 433216at33208        -            257   3.2e-28  100.6  13.5   3   3   2.3e-11     3e-09   38.5   0.1   100   187   912   999   908  1008 0.86 -
evm.utg376.68                        -            977 433216at33208        -            257   5.3e-28   99.9   1.4   1   3   1.4e-13   1.9e-11   45.7   0.1   108   239     9   149     5   151 0.86 -
evm.utg376.68                        -            977 433216at33208        -            257   5.3e-28   99.9   1.4   2   3     1e-10   1.4e-08   36.3   0.4   138   240    81   193    79   196 0.83 -
evm.utg376.68                        -            977 433216at33208        -            257   5.3e-28   99.9   1.4   3   3   1.1e-09   1.4e-07   33.0   0.0   124   186   197   259   180   279 0.85 -
evm.utg376.68.1.5c22efd2             -            978 433216at33208        -            257   5.3e-28   99.9   1.4   1   3   1.4e-13   1.9e-11   45.7   0.1   108   239     9   149     5   151 0.86 -
evm.utg376.68.1.5c22efd2             -            978 433216at33208        -            257   5.3e-28   99.9   1.4   2   3     1e-10   1.4e-08   36.3   0.4   138   240    81   193    79   196 0.83 -
evm.utg376.68.1.5c22efd2             -            978 433216at33208        -            257   5.3e-28   99.9   1.4   3   3   1.1e-09   1.4e-07   33.0   0.0   124   186   197   259   180   279 0.85 -
evm.utg7821.35                       -            557 433216at33208        -            257   5.8e-28   99.8   0.0   1   4   5.8e-08   7.7e-06   27.3   0.0   120   204    13   103     6   106 0.80 -
evm.utg7821.35                       -            557 433216at33208        -            257   5.8e-28   99.8   0.0   2   4   5.6e-12   7.4e-10   40.5   0.0    60   188    79   219    75   237 0.82 -
evm.utg7821.35                       -            557 433216at33208        -            257   5.8e-28   99.8   0.0   3   4     0.036       4.7    8.3   0.0    88   181   245   338   230   349 0.76 -
evm.utg7821.35                       -            557 433216at33208        -            257   5.8e-28   99.8   0.0   4   4   1.9e-06   0.00025   22.3   0.0   113   221   437   553   400   556 0.71 -
evm.utg564.26                        -            598 433216at33208        -            257   6.6e-28   99.6   0.9   1   3       7.9     1e+03    0.6   0.1    43    94   278   337   269   342 0.71 -
evm.utg564.26                        -            598 433216at33208        -            257   6.6e-28   99.6   0.9   2   3   2.2e-09   2.9e-07   32.0   0.0   153   241   348   444   343   448 0.82 -
evm.utg564.26                        -            598 433216at33208        -            257   6.6e-28   99.6   0.9   3   3   2.2e-22   2.8e-20   74.6   0.2    52   210   409   573   409   586 0.86 -
evm.utg293.35                        -            341 433216at33208        -            257   8.6e-28   99.2   0.9   1   3   0.00016     0.021   16.1   0.0   147   200    46   101    20   102 0.86 -
evm.utg293.35                        -            341 433216at33208        -            257   8.6e-28   99.2   0.9   2   3   2.4e-20   3.1e-18   67.9   0.1    80   240    61   234    56   235 0.84 -
evm.utg293.35                        -            341 433216at33208        -            257   8.6e-28   99.2   0.9   3   3   6.6e-08   8.7e-06   27.1   0.0   119   221   231   340   228   340 0.84 -
evm.utg2967.37.2.5c22ee73            -            682 433216at33208        -            257   1.1e-27   98.8   0.0   1   3   2.9e-17   3.8e-15   57.8   0.0   120   240    23   152     2   153 0.86 -
evm.utg2967.37.2.5c22ee73            -            682 433216at33208        -            257   1.1e-27   98.8   0.0   2   3   2.5e-11   3.3e-09   38.3   0.0   120   223   150   257   147   268 0.82 -
evm.utg2967.37.2.5c22ee73            -            682 433216at33208        -            257   1.1e-27   98.8   0.0   3   3     0.067       8.8    7.4   0.0   139   188   211   259   210   296 0.83 -
evm.utg3174.3.1.5c22eeec             -            350 433216at33208        -            257   1.3e-27   98.7   1.0   1   2   1.1e-17   1.4e-15   59.2   0.3   147   240   146   247   143   249 0.90 -
evm.utg3174.3.1.5c22eeec             -            350 433216at33208        -            257   1.3e-27   98.7   1.0   2   2   2.1e-11   2.8e-09   38.6   0.1   125   197   250   324   245   337 0.88 -
evm.utg2967.37                       -            683 433216at33208        -            257   1.3e-27   98.7   0.0   1   3   3.4e-17   4.5e-15   57.5   0.0   123   240    28   153     8   154 0.87 -
evm.utg2967.37                       -            683 433216at33208        -            257   1.3e-27   98.7   0.0   2   3   2.3e-11     3e-09   38.4   0.0   120   223   151   258   148   274 0.82 -
evm.utg2967.37                       -            683 433216at33208        -            257   1.3e-27   98.7   0.0   3   3     0.037       4.9    8.3   0.0   138   189   211   261   209   299 0.83 -
evm.utg13607.5                       -           1071 433216at33208        -            257   1.4e-27   98.5   1.6   1   3   2.2e-13   2.9e-11   45.1   0.1   108   239     9   149     5   151 0.86 -
evm.utg13607.5                       -           1071 433216at33208        -            257   1.4e-27   98.5   1.6   2   3   1.3e-10   1.7e-08   36.0   0.4   138   240    81   193    80   196 0.83 -
evm.utg13607.5                       -           1071 433216at33208        -            257   1.4e-27   98.5   1.6   3   3   1.1e-09   1.4e-07   33.0   0.0   124   186   197   259   180   287 0.84 -
evm.utg26219.6                       -            683 433216at33208        -            257   2.2e-27   97.9   0.0   1   2   5.7e-17   7.5e-15   56.8   0.0   123   239    28   152     8   153 0.87 -
evm.utg26219.6                       -            683 433216at33208        -            257   2.2e-27   97.9   0.0   2   2   2.2e-11   2.8e-09   38.5   0.0   120   222   151   257   148   275 0.83 -
evm.utg2323.5                        -            681 433216at33208        -            257   2.3e-27   97.8   0.0   1   2   3.3e-17   4.4e-15   57.6   0.0   123   240    28   153     8   154 0.87 -
evm.utg2323.5                        -            681 433216at33208        -            257   2.3e-27   97.8   0.0   2   2   2.1e-11   2.8e-09   38.5   0.0   120   222   151   257   148   275 0.83 -
evm.utg27.20                         -           1146 433216at33208        -            257   7.8e-27   96.1   6.2   1   4   3.7e-14   4.9e-12   47.6   0.0   110   241     5   144     2   146 0.88 -
evm.utg27.20                         -           1146 433216at33208        -            257   7.8e-27   96.1   6.2   2   4   4.3e-09   5.7e-07   31.0   0.8   146   223    83   165    81   171 0.85 -
evm.utg27.20                         -           1146 433216at33208        -            257   7.8e-27   96.1   6.2   3   4   5.1e-11   6.7e-09   37.3   0.1   140   239   191   300   183   313 0.86 -
evm.utg27.20                         -           1146 433216at33208        -            257   7.8e-27   96.1   6.2   4   4      0.47        62    4.7   0.1   176   230   471   529   443   539 0.83 -
evm.utg777.49                        -            667 433216at33208        -            257   1.1e-26   95.5   0.3   1   2   2.2e-10     3e-08   35.2   0.2   129   232   387   498   376   504 0.82 -
evm.utg777.49                        -            667 433216at33208        -            257   1.1e-26   95.5   0.3   2   2   3.1e-17   4.1e-15   57.7   0.0   119   230   503   619   497   626 0.86 -
evm.utg10470.3                       -            667 433216at33208        -            257   2.2e-26   94.6   0.3   1   2   3.4e-11   4.4e-09   37.9   0.3   129   240   387   506   375   507 0.85 -
evm.utg10470.3                       -            667 433216at33208        -            257   2.2e-26   94.6   0.3   2   2   9.4e-17   1.2e-14   56.1   0.0   119   230   503   619   500   626 0.85 -
evm.utg637.5                         -            513 433216at33208        -            257     1e-25   92.4   2.5   1   2   1.7e-17   2.3e-15   58.5   0.9    94   228    60   201    38   216 0.83 -
evm.utg637.5                         -            513 433216at33208        -            257     1e-25   92.4   2.5   2   2   1.1e-09   1.5e-07   32.9   0.0   133   207   225   301   205   320 0.81 -
evm.utg18553.20                      -            503 433216at33208        -            257   3.5e-25   90.6   2.7   1   2   1.6e-17   2.1e-15   58.6   1.3    94   228    50   191    32   206 0.82 -
evm.utg18553.20                      -            503 433216at33208        -            257   3.5e-25   90.6   2.7   2   2     4e-09   5.2e-07   31.1   0.0   133   207   215   291   196   310 0.81 -
evm.utg73.142                        -            520 433216at33208        -            257   5.2e-25   90.1   0.0   1   3    0.0002     0.026   15.7   0.0   158   220   233   308   223   308 0.76 -
evm.utg73.142                        -            520 433216at33208        -            257   5.2e-25   90.1   0.0   2   3   1.4e-07   1.9e-05   26.0   0.0   125   235   292   410   285   411 0.83 -
evm.utg73.142                        -            520 433216at33208        -            257   5.2e-25   90.1   0.0   3   3   3.5e-14   4.6e-12   47.7   0.3   109   221   402   517   401   519 0.90 -
evm.utg2967.37.1.5c22ee73            -            636 433216at33208        -            257   1.1e-24   89.0   0.0   1   3   3.4e-14   4.4e-12   47.7   0.0   146   240     7   109     1   110 0.86 -
evm.utg2967.37.1.5c22ee73            -            636 433216at33208        -            257   1.1e-24   89.0   0.0   2   3   2.4e-11   3.2e-09   38.4   0.0   120   223   107   214   105   229 0.82 -
evm.utg2967.37.1.5c22ee73            -            636 433216at33208        -            257   1.1e-24   89.0   0.0   3   3    0.0017      0.22   12.7   0.0   130   188   159   216   159   252 0.85 -
evm.utg2129.40                       -            418 433216at33208        -            257   1.1e-24   89.0   2.2   1   3     6e-15     8e-13   50.2   0.9    81   221   111   264    98   264 0.84 -
evm.utg2129.40                       -            418 433216at33208        -            257   1.1e-24   89.0   2.2   2   3   1.3e-08   1.6e-06   29.5   0.0   121   190   243   314   237   324 0.85 -
evm.utg2129.40                       -            418 433216at33208        -            257   1.1e-24   89.0   2.2   3   3   0.00024     0.031   15.4   0.0   119   185   327   393   320   399 0.93 -
evm.utg1748.16                       -            702 433216at33208        -            257   2.4e-24   87.9  11.0   1   3   5.5e-17   7.2e-15   56.9   0.8   111   239   415   546   403   551 0.83 -
evm.utg1748.16                       -            702 433216at33208        -            257   2.4e-24   87.9  11.0   2   3     3e-06   0.00039   21.7   0.1   151   222   494   568   488   580 0.78 -
evm.utg1748.16                       -            702 433216at33208        -            257   2.4e-24   87.9  11.0   3   3   2.1e-09   2.7e-07   32.0   0.6    89   221   555   698   548   701 0.83 -
evm.utg2483.3                        -            367 433216at33208        -            257   3.1e-24   87.5   2.0   1   3   1.5e-05    0.0019   19.4   0.1   188   221   139   175   137   178 0.87 -
evm.utg2483.3                        -            367 433216at33208        -            257   3.1e-24   87.5   2.0   2   3   9.5e-17   1.3e-14   56.1   0.6   128   242   161   283   159   287 0.91 -
evm.utg2483.3                        -            367 433216at33208        -            257   3.1e-24   87.5   2.0   3   3   1.3e-06   0.00017   22.9   0.0   129   197   288   357   283   362 0.74 -
evm.utg2483.3.1.5c22edbc             -            367 433216at33208        -            257   3.1e-24   87.5   2.0   1   3   1.5e-05    0.0019   19.4   0.1   188   221   139   175   137   178 0.87 -
evm.utg2483.3.1.5c22edbc             -            367 433216at33208        -            257   3.1e-24   87.5   2.0   2   3   9.5e-17   1.3e-14   56.1   0.6   128   242   161   283   159   287 0.91 -
evm.utg2483.3.1.5c22edbc             -            367 433216at33208        -            257   3.1e-24   87.5   2.0   3   3   1.3e-06   0.00017   22.9   0.0   129   197   288   357   283   362 0.74 -
evm.utg101.131                       -            607 433216at33208        -            257   5.5e-24   86.7   2.2   1   3   2.9e-12   3.8e-10   41.4   0.1   102   206     3   112     1   113 0.88 -
evm.utg101.131                       -            607 433216at33208        -            257   5.5e-24   86.7   2.2   2   3     6e-16   7.9e-14   53.5   0.4   109   244    97   245    95   253 0.79 -
evm.utg101.131                       -            607 433216at33208        -            257   5.5e-24   86.7   2.2   3   3       8.8   1.2e+03    0.5   0.0   155   185   282   312   266   320 0.78 -
evm.utg2159.31.4.5c22ed19.1.5c2791f0 -           1007 433216at33208        -            257   5.7e-24   86.7   7.2   1   2   6.6e-17   8.6e-15   56.6   1.1   111   240   415   547   403   554 0.83 -
evm.utg2159.31.4.5c22ed19.1.5c2791f0 -           1007 433216at33208        -            257   5.7e-24   86.7   7.2   2   2   1.8e-09   2.3e-07   32.3   0.6    89   222   555   699   550   706 0.83 -
evm.utg3283.18                       -            313 433216at33208        -            257   6.7e-24   86.5   3.8   1   3   8.5e-13   1.1e-10   43.1   0.0   148   238    22   118    17   120 0.88 -
evm.utg3283.18                       -            313 433216at33208        -            257   6.7e-24   86.5   3.8   2   3    0.0014      0.18   13.0   0.1   189   232   105   152   100   160 0.74 -
evm.utg3283.18                       -            313 433216at33208        -            257   6.7e-24   86.5   3.8   3   3   1.5e-10     2e-08   35.7   0.3   125   237   176   294   166   299 0.87 -
evm.utg2303.45                       -            565 433216at33208        -            257   8.3e-24   86.2   3.4   1   2   2.2e-15     3e-13   51.6   0.3   101   229   262   400   246   413 0.87 -
evm.utg2303.45                       -            565 433216at33208        -            257   8.3e-24   86.2   3.4   2   2   2.3e-10   3.1e-08   35.1   0.2    86   220   416   559   409   562 0.82 -
evm.utg3260.7.1.5c22ef15             -            313 433216at33208        -            257   9.6e-24   86.0   3.6   1   3   8.5e-13   1.1e-10   43.1   0.0   148   238    22   118    17   120 0.88 -
evm.utg3260.7.1.5c22ef15             -            313 433216at33208        -            257   9.6e-24   86.0   3.6   2   3    0.0022      0.29   12.3   0.1   189   232   105   152    99   159 0.74 -
evm.utg3260.7.1.5c22ef15             -            313 433216at33208        -            257   9.6e-24   86.0   3.6   3   3   1.5e-10     2e-08   35.7   0.3   125   237   176   294   166   299 0.87 -
evm.utg3260.7.1.5c22ef15.1.5c279399  -            313 433216at33208        -            257   9.6e-24   86.0   3.6   1   3   8.5e-13   1.1e-10   43.1   0.0   148   238    22   118    17   120 0.88 -
evm.utg3260.7.1.5c22ef15.1.5c279399  -            313 433216at33208        -            257   9.6e-24   86.0   3.6   2   3    0.0022      0.29   12.3   0.1   189   232   105   152    99   159 0.74 -
evm.utg3260.7.1.5c22ef15.1.5c279399  -            313 433216at33208        -            257   9.6e-24   86.0   3.6   3   3   1.5e-10     2e-08   35.7   0.3   125   237   176   294   166   299 0.87 -
utg356.equina_smart_371689.mrna1     -            318 433216at33208        -            257   9.6e-24   86.0   0.3   1   2   1.6e-09   2.1e-07   32.4   0.0    48   185    10   155     6   156 0.85 -
utg356.equina_smart_371689.mrna1     -            318 433216at33208        -            257   9.6e-24   86.0   0.3   2   2   1.2e-17   1.6e-15   59.0   0.2    57   240   104   311   100   316 0.81 -
evm.utg73.96                         -            327 433216at33208        -            257     1e-23   85.9   0.0   1   3   2.7e-09   3.5e-07   31.7   0.0   103   187    20   107    11   120 0.86 -
evm.utg73.96                         -            327 433216at33208        -            257     1e-23   85.9   0.0   2   3    0.0084       1.1   10.4   0.0   110   183   114   185   107   199 0.76 -
evm.utg73.96                         -            327 433216at33208        -            257     1e-23   85.9   0.0   3   3   2.5e-12   3.3e-10   41.6   0.0   107   186   193   272   176   295 0.84 -
evm.utg1721.37                       -            409 433216at33208        -            257   1.1e-23   85.8   0.0   1   3   3.1e-06   0.00041   21.6   0.2   117   187    74   145    58   154 0.82 -
evm.utg1721.37                       -            409 433216at33208        -            257   1.1e-23   85.8   0.0   2   3   3.5e-07   4.6e-05   24.7   0.0    60   186   138   271   138   282 0.85 -
evm.utg1721.37                       -            409 433216at33208        -            257   1.1e-23   85.8   0.0   3   3   2.2e-11   2.9e-09   38.5   0.0    76   186   293   404   287   408 0.92 -
evm.utg1363.31                       -            612 433216at33208        -            257   1.3e-23   85.5   0.8   1   3     1e-06   0.00013   23.2   0.0    98   188    33   130    17   173 0.80 -
evm.utg1363.31                       -            612 433216at33208        -            257   1.3e-23   85.5   0.8   2   3   3.2e-10   4.2e-08   34.7   0.0    58   191   344   489   339   505 0.86 -
evm.utg1363.31                       -            612 433216at33208        -            257   1.3e-23   85.5   0.8   3   3   5.7e-07   7.5e-05   24.0   0.0    84   180   506   604   495   608 0.87 -
evm.utg2159.31.4.5c22ed19            -           1335 433216at33208        -            257   1.3e-23   85.5   7.1   1   2     1e-16   1.3e-14   56.0   1.2   111   240   415   547   404   555 0.83 -
evm.utg2159.31.4.5c22ed19            -           1335 433216at33208        -            257   1.3e-23   85.5   7.1   2   2   2.3e-09     3e-07   31.9   0.6    89   222   555   699   547   705 0.83 -
evm.utg2159.31.3.5c22ed19            -           1403 433216at33208        -            257   1.6e-23   85.3   7.1   1   2     1e-16   1.3e-14   56.0   1.1   111   240   415   547   403   555 0.83 -
evm.utg2159.31.3.5c22ed19            -           1403 433216at33208        -            257   1.6e-23   85.3   7.1   2   2   2.4e-09   3.2e-07   31.8   0.6    89   222   555   699   547   706 0.83 -
evm.utg2159.31.1.5c22ed19            -           1510 433216at33208        -            257   1.6e-23   85.2   6.9   1   2     1e-16   1.4e-14   56.0   1.0   111   240   415   547   403   554 0.83 -
evm.utg2159.31.1.5c22ed19            -           1510 433216at33208        -            257   1.6e-23   85.2   6.9   2   2   2.6e-09   3.5e-07   31.7   0.6    89   222   555   699   547   706 0.83 -
evm.utg967.29                        -            325 433216at33208        -            257   1.7e-23   85.2   4.1   1   4   4.3e-05    0.0056   17.9   0.0   152   222     9    87     2    95 0.81 -
evm.utg967.29                        -            325 433216at33208        -            257   1.7e-23   85.2   4.1   2   4   8.2e-10   1.1e-07   33.4   0.2   121   225    65   174    61   179 0.83 -
evm.utg967.29                        -            325 433216at33208        -            257   1.7e-23   85.2   4.1   3   4     1e-08   1.4e-06   29.8   0.2   116   229   101   218    89   232 0.82 -
evm.utg967.29                        -            325 433216at33208        -            257   1.7e-23   85.2   4.1   4   4   4.7e-07   6.2e-05   24.3   0.0    79   214   188   319   180   322 0.81 -
evm.utg2159.31.2.5c22ed19            -           1510 433216at33208        -            257   1.7e-23   85.2   6.9   1   2     1e-16   1.4e-14   56.0   1.0   111   240   415   547   403   554 0.83 -
evm.utg2159.31.2.5c22ed19            -           1510 433216at33208        -            257   1.7e-23   85.2   6.9   2   2   2.6e-09   3.5e-07   31.7   0.6    89   222   555   699   547   706 0.83 -
evm.utg2083.46                       -            338 433216at33208        -            257   1.7e-23   85.1   0.3   1   3   1.3e-13   1.7e-11   45.8   0.3   117   230    23   147     4   158 0.66 -
evm.utg2083.46                       -            338 433216at33208        -            257   1.7e-23   85.1   0.3   2   3    0.0095       1.3   10.2   0.0    88   142   164   219   154   239 0.83 -
evm.utg2083.46                       -            338 433216at33208        -            257   1.7e-23   85.1   0.3   3   3     2e-07   2.7e-05   25.5   0.0   126   194   245   314   235   331 0.89 -
evm.utg2159.31                       -           1576 433216at33208        -            257   1.9e-23   85.0   6.9   1   2   1.1e-16   1.4e-14   55.9   1.0   111   240   415   547   403   554 0.83 -
evm.utg2159.31                       -           1576 433216at33208        -            257   1.9e-23   85.0   6.9   2   2   2.9e-09   3.8e-07   31.6   0.6    89   222   555   699   547   705 0.83 -
evm.utg5290.27.1.5c22f1dc            -            533 433216at33208        -            257   2.4e-23   84.7   4.5   1   2   4.8e-15   6.4e-13   50.5   0.4   102   229   231   368   214   382 0.87 -
evm.utg5290.27.1.5c22f1dc            -            533 433216at33208        -            257   2.4e-23   84.7   4.5   2   2   1.4e-10   1.9e-08   35.8   0.3    86   221   384   528   374   531 0.84 -
evm.utg5290.27                       -            565 433216at33208        -            257   2.9e-23   84.4   4.5   1   2   5.4e-15   7.1e-13   50.3   0.4   102   229   263   400   246   414 0.87 -
evm.utg5290.27                       -            565 433216at33208        -            257   2.9e-23   84.4   4.5   2   2   1.6e-10   2.1e-08   35.7   0.3    86   221   416   560   406   563 0.84 -
evm.utg73.142.1.5c22f3bd             -            561 433216at33208        -            257   4.9e-23   83.6   0.0   1   3    0.0013      0.17   13.0   0.0   158   207   233   284   221   292 0.77 -
evm.utg73.142.1.5c22f3bd             -            561 433216at33208        -            257   4.9e-23   83.6   0.0   2   3   8.2e-06    0.0011   20.2   0.0   125   207   292   376   282   380 0.88 -
evm.utg73.142.1.5c22f3bd             -            561 433216at33208        -            257   4.9e-23   83.6   0.0   3   3   1.6e-15   2.2e-13   52.0   0.1   116   239   367   496   357   499 0.88 -
evm.utg1694.17                       -            301 433216at33208        -            257   1.2e-22   82.4   1.5   1   2    0.0001     0.014   16.6   0.1   190   246   106   167   100   168 0.76 -
evm.utg1694.17                       -            301 433216at33208        -            257   1.2e-22   82.4   1.5   2   2     9e-20   1.2e-17   66.0   0.3   129   253   166   296   162   299 0.88 -
evm.utg4972.23.1.5c22f18a            -            555 433216at33208        -            257   6.2e-22   80.0   8.3   1   3   4.8e-10   6.3e-08   34.1   0.3   149   222   340   416   334   429 0.87 -
evm.utg4972.23.1.5c22f18a            -            555 433216at33208        -            257   6.2e-22   80.0   8.3   2   3   1.4e-12   1.8e-10   42.5   0.8   150   239   429   522   421   526 0.85 -
evm.utg4972.23.1.5c22f18a            -            555 433216at33208        -            257   6.2e-22   80.0   8.3   3   3     0.095        13    6.9   0.1    52    71   531   550   526   553 0.89 -
evm.utg4464.3                        -            892 433216at33208        -            257   6.4e-22   80.0   2.5   1   5   7.3e-07   9.6e-05   23.7   0.7    57   204   117   277    61   294 0.78 -
evm.utg4464.3                        -            892 433216at33208        -            257   6.4e-22   80.0   2.5   2   5   2.2e-06   0.00029   22.1   0.0    57   204   162   317   156   339 0.72 -
evm.utg4464.3                        -            892 433216at33208        -            257   6.4e-22   80.0   2.5   3   5   0.00048     0.063   14.4   0.0   117   188   426   500   418   510 0.86 -
evm.utg4464.3                        -            892 433216at33208        -            257   6.4e-22   80.0   2.5   4   5   7.4e-10   9.8e-08   33.5   0.0   126   185   521   580   512   587 0.90 -
evm.utg4464.3                        -            892 433216at33208        -            257   6.4e-22   80.0   2.5   5   5      0.58        76    4.4   0.0   134   198   571   631   571   653 0.78 -
evm.utg194.98                        -            510 433216at33208        -            257   1.2e-21   79.0   2.0   1   3   4.6e-08   6.1e-06   27.6   1.1    79   186   232   340   222   353 0.67 -
evm.utg194.98                        -            510 433216at33208        -            257   1.2e-21   79.0   2.0   2   3   5.1e-10   6.8e-08   34.0   0.0   120   189   361   430   350   436 0.93 -
evm.utg194.98                        -            510 433216at33208        -            257   1.2e-21   79.0   2.0   3   3   0.00045     0.059   14.6   0.0   157   219   441   506   432   509 0.68 -
evm.utg439.49                        -            578 433216at33208        -            257   1.3e-21   79.0   0.0   1   3   1.7e-08   2.2e-06   29.1   0.0   148   229   278   369   274   381 0.62 -
evm.utg439.49                        -            578 433216at33208        -            257   1.3e-21   79.0   0.0   2   3   2.4e-06   0.00031   22.0   0.0   120   184   377   444   368   454 0.82 -
evm.utg439.49                        -            578 433216at33208        -            257   1.3e-21   79.0   0.0   3   3   1.1e-06   0.00014   23.1   0.0    79   184   464   577   456   577 0.74 -
evm.utg7048.1                        -            362 433216at33208        -            257   1.6e-21   78.6   0.7   1   3   5.3e-05     0.007   17.6   0.0   147   187    29    69     9    80 0.88 -
evm.utg7048.1                        -            362 433216at33208        -            257   1.6e-21   78.6   0.7   2   3   1.8e-14   2.4e-12   48.6   0.0   111   221    83   198    69   205 0.87 -
evm.utg7048.1                        -            362 433216at33208        -            257   1.6e-21   78.6   0.7   3   3     0.011       1.5   10.0   0.5    53   173   187   329   175   336 0.58 -
evm.utg1285.72                       -           1198 433216at33208        -            257   1.8e-21   78.5   0.6   1   2   4.4e-08   5.8e-06   27.7   0.1   117   223   946  1065   936  1075 0.77 -
evm.utg1285.72                       -           1198 433216at33208        -            257   1.8e-21   78.5   0.6   2   2   1.5e-14     2e-12   48.9   0.0   113   224  1076  1197  1066  1197 0.86 -
evm.utg911.6.2.5c22f4f3.1.5c279873   -           1182 433216at33208        -            257   1.9e-21   78.4   6.5   1   4   6.7e-06   0.00089   20.5   0.2    94   231    67   215    47   221 0.75 -
evm.utg911.6.2.5c22f4f3.1.5c279873   -           1182 433216at33208        -            257   1.9e-21   78.4   6.5   2   4       5.8   7.6e+02    1.1   0.0   122   152   282   312   267   323 0.84 -
evm.utg911.6.2.5c22f4f3.1.5c279873   -           1182 433216at33208        -            257   1.9e-21   78.4   6.5   3   4     6e-10   7.9e-08   33.8   0.2    55   216   417   591   412   599 0.70 -
evm.utg911.6.2.5c22f4f3.1.5c279873   -           1182 433216at33208        -            257   1.9e-21   78.4   6.5   4   4   3.6e-06   0.00048   21.4   0.1    91   185   632   730   607   742 0.64 -
evm.utg435.1                         -            468 433216at33208        -            257     2e-21   78.3   0.1   1   3   6.7e-05    0.0089   17.2   0.0   147   187   136   176    92   186 0.89 -
evm.utg435.1                         -            468 433216at33208        -            257     2e-21   78.3   0.1   2   3     6e-14   7.9e-12   46.9   0.0   111   221   190   305   177   313 0.87 -
evm.utg435.1                         -            468 433216at33208        -            257     2e-21   78.3   0.1   3   3    0.0025      0.33   12.1   0.1    57   174   298   436   297   442 0.67 -
evm.utg498.152.1.5c22f1a3            -            739 433216at33208        -            257   2.1e-21   78.3   0.2   1   2   1.1e-15   1.4e-13   52.6   0.0   114   247   471   609   429   611 0.80 -
evm.utg498.152.1.5c22f1a3            -            739 433216at33208        -            257   2.1e-21   78.3   0.2   2   2   2.9e-07   3.8e-05   25.0   0.1   129   221   607   701   596   726 0.82 -
evm.utg1005.5                        -            983 433216at33208        -            257   2.9e-21   77.8   3.7   1   3   3.1e-13   4.1e-11   44.6   0.9    52   183   673   805   634   808 0.78 -
evm.utg1005.5                        -            983 433216at33208        -            257   2.9e-21   77.8   3.7   2   3   1.1e-06   0.00014   23.2   0.1   120   194   834   908   824   918 0.90 -
evm.utg1005.5                        -            983 433216at33208        -            257   2.9e-21   77.8   3.7   3   3      0.02       2.6    9.1   0.0   125   182   920   977   913   982 0.91 -
evm.utg607.12                        -            707 433216at33208        -            257     3e-21   77.8   7.6   1   3   1.4e-11   1.8e-09   39.1   0.5   154   240    34   132    20   133 0.87 -
evm.utg607.12                        -            707 433216at33208        -            257     3e-21   77.8   7.6   2   3   7.3e-14   9.6e-12   46.6   1.2   109   241   119   268   118   288 0.82 -
evm.utg607.12                        -            707 433216at33208        -            257     3e-21   77.8   7.6   3   3       8.3   1.1e+03    0.6   0.0   156   187   363   394   352   400 0.86 -
evm.utg607.12.1.5c22f2ae             -            705 433216at33208        -            257   3.2e-21   77.7   7.7   1   3   1.4e-11   1.8e-09   39.1   0.5   154   240    34   132    20   133 0.87 -
evm.utg607.12.1.5c22f2ae             -            705 433216at33208        -            257   3.2e-21   77.7   7.7   2   3   7.4e-14   9.8e-12   46.6   1.2   109   241   119   268   118   288 0.82 -
evm.utg607.12.1.5c22f2ae             -            705 433216at33208        -            257   3.2e-21   77.7   7.7   3   3       8.3   1.1e+03    0.6   0.0   156   187   363   394   352   400 0.86 -
evm.utg1204.47                       -            338 433216at33208        -            257   4.3e-21   77.3   7.2   1   3     0.013       1.7    9.8   0.5   188   223     7    45     5    52 0.79 -
evm.utg1204.47                       -            338 433216at33208        -            257   4.3e-21   77.3   7.2   2   3   2.1e-16   2.8e-14   54.9   0.2   111   250    57   215    50   215 0.84 -
evm.utg1204.47                       -            338 433216at33208        -            257   4.3e-21   77.3   7.2   3   3     0.027       3.5    8.7   0.0   117   184   254   331   245   334 0.73 -
evm.utg736.53                        -            495 433216at33208        -            257   4.3e-21   77.3   0.9   1   2     6e-06   0.00078   20.7   0.0   117   183   159   226   126   233 0.83 -
evm.utg736.53                        -            495 433216at33208        -            257   4.3e-21   77.3   0.9   2   2     3e-15     4e-13   51.2   2.4   122   225   288   398   269   438 0.84 -
evm.utg405.2                         -            495 433216at33208        -            257   4.4e-21   77.2   0.9   1   2     6e-06   0.00078   20.7   0.0   117   183   159   226   126   233 0.83 -
evm.utg405.2                         -            495 433216at33208        -            257   4.4e-21   77.2   0.9   2   2     3e-15     4e-13   51.2   2.4   122   225   288   398   269   438 0.84 -
evm.utg498.152                       -           1030 433216at33208        -            257   4.5e-21   77.2   0.2   1   2   1.6e-15   2.1e-13   52.1   0.0   114   247   471   609   429   612 0.80 -
evm.utg498.152                       -           1030 433216at33208        -            257   4.5e-21   77.2   0.2   2   2   5.2e-07   6.9e-05   24.2   0.1   130   221   608   701   601   734 0.82 -
evm.utg597.204                       -            898 433216at33208        -            257   5.8e-21   76.8   4.1   1   5       4.1   5.4e+02    1.6   0.3   173   220    76   123    58   128 0.53 -
evm.utg597.204                       -            898 433216at33208        -            257   5.8e-21   76.8   4.1   2   5   2.6e-08   3.5e-06   28.4   0.1    58   220   118   296   112   300 0.79 -
evm.utg597.204                       -            898 433216at33208        -            257   5.8e-21   76.8   4.1   3   5    0.0014      0.18   12.9   0.0   113   188   428   506   423   523 0.84 -
evm.utg597.204                       -            898 433216at33208        -            257   5.8e-21   76.8   4.1   4   5     1e-08   1.3e-06   29.8   0.0   125   185   526   586   515   608 0.90 -
evm.utg597.204                       -            898 433216at33208        -            257   5.8e-21   76.8   4.1   5   5       1.2   1.6e+02    3.3   0.0   136   198   579   637   578   659 0.75 -
evm.utg21895.1                       -            272 433216at33208        -            257   7.1e-21   76.6   0.0   1   3   1.7e-06   0.00022   22.5   0.0   135   186     2    54     1    76 0.87 -
evm.utg21895.1                       -            272 433216at33208        -            257   7.1e-21   76.6   0.0   2   3   7.3e-07   9.6e-05   23.7   0.0   119   184    70   138    62   146 0.82 -
evm.utg21895.1                       -            272 433216at33208        -            257   7.1e-21   76.6   0.0   3   3   3.2e-07   4.2e-05   24.9   0.0    80   184   159   271   154   271 0.74 -
evm.utg15197.11                      -           1003 433216at33208        -            257   8.2e-21   76.3   1.2   1   3   7.3e-13   9.6e-11   43.4   0.0    78   222   121   273   114   274 0.85 -
evm.utg15197.11                      -           1003 433216at33208        -            257   8.2e-21   76.3   1.2   2   3   1.5e-10   1.9e-08   35.8   1.1   113   223   241   359   232   380 0.81 -
evm.utg15197.11                      -           1003 433216at33208        -            257   8.2e-21   76.3   1.2   3   3       1.1   1.5e+02    3.4   0.3     6    29   367   393   362   405 0.70 -
evm.utg911.6.2.5c22f4f3              -           1606 433216at33208        -            257   8.6e-21   76.3   6.2   1   4     1e-05    0.0014   19.9   0.2    94   231    67   215    48   221 0.75 -
evm.utg911.6.2.5c22f4f3              -           1606 433216at33208        -            257   8.6e-21   76.3   6.2   2   4       8.1   1.1e+03    0.6   0.0   122   152   282   312   267   323 0.84 -
evm.utg911.6.2.5c22f4f3              -           1606 433216at33208        -            257   8.6e-21   76.3   6.2   3   4     9e-10   1.2e-07   33.2   0.1    55   216   417   591   412   598 0.70 -
evm.utg911.6.2.5c22f4f3              -           1606 433216at33208        -            257   8.6e-21   76.3   6.2   4   4   5.5e-06   0.00072   20.8   0.1    91   185   632   730   608   742 0.64 -
evm.utg911.6.1.5c22f4f3              -           1631 433216at33208        -            257   9.4e-21   76.2   6.2   1   4   1.1e-05    0.0014   19.9   0.2    94   231    67   215    48   221 0.75 -
evm.utg911.6.1.5c22f4f3              -           1631 433216at33208        -            257   9.4e-21   76.2   6.2   2   4       8.3   1.1e+03    0.6   0.0   122   152   282   312   267   323 0.84 -
evm.utg911.6.1.5c22f4f3              -           1631 433216at33208        -            257   9.4e-21   76.2   6.2   3   4   9.2e-10   1.2e-07   33.2   0.1    55   216   417   591   412   598 0.70 -
evm.utg911.6.1.5c22f4f3              -           1631 433216at33208        -            257   9.4e-21   76.2   6.2   4   4   5.6e-06   0.00074   20.8   0.1    91   185   632   730   608   742 0.64 -
evm.utg911.6                         -           1632 433216at33208        -            257   9.4e-21   76.1   6.2   1   4   1.1e-05    0.0014   19.9   0.2    94   231    67   215    48   221 0.75 -
evm.utg911.6                         -           1632 433216at33208        -            257   9.4e-21   76.1   6.2   2   4       8.3   1.1e+03    0.6   0.0   122   152   282   312   267   323 0.84 -
evm.utg911.6                         -           1632 433216at33208        -            257   9.4e-21   76.1   6.2   3   4   9.2e-10   1.2e-07   33.2   0.1    55   216   417   591   412   598 0.70 -
evm.utg911.6                         -           1632 433216at33208        -            257   9.4e-21   76.1   6.2   4   4   5.6e-06   0.00074   20.8   0.1    91   185   632   730   608   742 0.64 -
evm.utg1629.22                       -           1004 433216at33208        -            257   1.1e-20   75.9   1.1   1   3   8.1e-13   1.1e-10   43.2   0.0    78   221   122   273   115   275 0.85 -
evm.utg1629.22                       -           1004 433216at33208        -            257   1.1e-20   75.9   1.1   2   3   2.1e-10   2.8e-08   35.3   1.1   113   223   242   360   233   381 0.81 -
evm.utg1629.22                       -           1004 433216at33208        -            257   1.1e-20   75.9   1.1   3   3       1.1   1.5e+02    3.4   0.3     6    29   368   394   363   406 0.70 -
evm.utg699.93                        -            360 433216at33208        -            257   1.4e-20   75.6   0.1   1   3       2.2   2.9e+02    2.4   0.0   147   193     4    51     1    70 0.73 -
evm.utg699.93                        -            360 433216at33208        -            257   1.4e-20   75.6   0.1   2   3     1e-15   1.3e-13   52.7   0.0   128   240    79   194    68   209 0.88 -
evm.utg699.93                        -            360 433216at33208        -            257   1.4e-20   75.6   0.1   3   3   8.7e-05     0.011   16.9   0.1   172   239   201   274   196   290 0.79 -
evm.utg579.18                        -            368 433216at33208        -            257   1.8e-20   75.2   0.6   1   3   0.00057     0.075   14.2   0.0   153   191    48    86    40    93 0.88 -
evm.utg579.18                        -            368 433216at33208        -            257   1.8e-20   75.2   0.6   2   3   3.1e-11   4.1e-09   38.0   0.0   118   241   118   256   108   257 0.80 -
evm.utg579.18                        -            368 433216at33208        -            257   1.8e-20   75.2   0.6   3   3   3.4e-06   0.00044   21.5   0.1   115   220   248   362   243   367 0.76 -
evm.utg2129.40.1.5c22ed08            -            389 433216at33208        -            257   1.9e-20   75.2   4.7   1   2   6.8e-15     9e-13   50.0   1.2    82   221   112   264   100   264 0.84 -
evm.utg2129.40.1.5c22ed08            -            389 433216at33208        -            257   1.9e-20   75.2   4.7   2   2   4.3e-10   5.7e-08   34.3   0.1   123   222   245   351   239   363 0.78 -
evm.utg1629.22.1.5c22eb7d            -            969 433216at33208        -            257   2.2e-20   74.9   1.6   1   3     1e-12   1.3e-10   42.9   0.0    74   221    83   238    74   240 0.85 -
evm.utg1629.22.1.5c22eb7d            -            969 433216at33208        -            257   2.2e-20   74.9   1.6   2   3   6.2e-10   8.1e-08   33.8   0.1   122   221   216   323   212   328 0.87 -
evm.utg1629.22.1.5c22eb7d            -            969 433216at33208        -            257   2.2e-20   74.9   1.6   3   3       1.1   1.4e+02    3.5   0.3     6    29   333   359   328   371 0.70 -
evm.utg411.98                        -            324 433216at33208        -            257   4.1e-20   74.1   0.3   1   2   2.6e-08   3.4e-06   28.4   0.2   114   222    26   141    10   154 0.69 -
evm.utg411.98                        -            324 433216at33208        -            257   4.1e-20   74.1   0.3   2   2     3e-15   3.9e-13   51.2   0.0    53   213   129   304   123   318 0.79 -
evm.utg1192.3.1.5c22e912             -           1870 433216at33208        -            257   5.1e-20   73.7   7.4   1   4   0.00013     0.017   16.3   0.1    94   231    67   215    48   221 0.75 -
evm.utg1192.3.1.5c22e912             -           1870 433216at33208        -            257   5.1e-20   73.7   7.4   2   4       4.2   5.5e+02    1.5   0.0   118   152   280   312   256   340 0.82 -
evm.utg1192.3.1.5c22e912             -           1870 433216at33208        -            257   5.1e-20   73.7   7.4   3   4   5.8e-10   7.6e-08   33.9   0.2    56   216   418   591   413   600 0.63 -
evm.utg1192.3.1.5c22e912             -           1870 433216at33208        -            257   5.1e-20   73.7   7.4   4   4   3.6e-06   0.00048   21.4   0.1    85   185   625   730   606   742 0.57 -
evm.utg1192.3                        -           1939 433216at33208        -            257   6.3e-20   73.4   7.4   1   4   0.00014     0.018   16.2   0.1    94   231    67   215    48   221 0.75 -
evm.utg1192.3                        -           1939 433216at33208        -            257   6.3e-20   73.4   7.4   2   4       4.3   5.7e+02    1.5   0.0   118   152   280   312   256   340 0.82 -
evm.utg1192.3                        -           1939 433216at33208        -            257   6.3e-20   73.4   7.4   3   4     6e-10     8e-08   33.8   0.2    56   216   418   591   413   600 0.63 -
evm.utg1192.3                        -           1939 433216at33208        -            257   6.3e-20   73.4   7.4   4   4   3.8e-06    0.0005   21.3   0.1    85   185   625   730   606   742 0.57 -
evm.utg498.144                       -           1008 433216at33208        -            257   7.5e-20   73.2   0.7   1   5    0.0088       1.2   10.3   0.1   117   223   429   545   410   552 0.76 -
evm.utg498.144                       -           1008 433216at33208        -            257   7.5e-20   73.2   0.7   2   5    0.0019      0.25   12.5   0.0   153   229   559   643   547   651 0.82 -
evm.utg498.144                       -           1008 433216at33208        -            257   7.5e-20   73.2   0.7   3   5     0.024       3.1    8.9   0.0   158   223   661   729   653   738 0.77 -
evm.utg498.144                       -           1008 433216at33208        -            257   7.5e-20   73.2   0.7   4   5   3.5e-08   4.6e-06   28.0   0.0   119   201   745   829   733   835 0.84 -
evm.utg498.144                       -           1008 433216at33208        -            257   7.5e-20   73.2   0.7   5   5     0.087        11    7.1   0.1   163   226   899   971   890   984 0.69 -
evm.utg470.32                        -           1060 433216at33208        -            257   1.3e-19   72.4   0.0   1   3      0.15        19    6.3   0.0   144   188    49    94    19   109 0.74 -
evm.utg470.32                        -           1060 433216at33208        -            257   1.3e-19   72.4   0.0   2   3   1.8e-07   2.3e-05   25.7   0.0   128   242   341   467   265   487 0.84 -
evm.utg470.32                        -           1060 433216at33208        -            257   1.3e-19   72.4   0.0   3   3   2.2e-10   2.9e-08   35.2   0.0    84   221   510   658   496   667 0.81 -
evm.utg4271.15                       -            398 433216at33208        -            257   1.6e-19   72.1   3.6   1   4    0.0035      0.46   11.6   0.4   193   227    96   134    39   150 0.76 -
evm.utg4271.15                       -            398 433216at33208        -            257   1.6e-19   72.1   3.6   2   4     4e-08   5.2e-06   27.8   0.0   123   194   153   225   145   230 0.91 -
evm.utg4271.15                       -            398 433216at33208        -            257   1.6e-19   72.1   3.6   3   4     0.016       2.2    9.4   0.0   147   194   236   283   232   289 0.89 -
evm.utg4271.15                       -            398 433216at33208        -            257   1.6e-19   72.1   3.6   4   4   7.8e-06     0.001   20.3   0.0   135   180   313   358   292   363 0.89 -
evm.utg7264.10                       -            194 433216at33208        -            257   3.4e-19   71.0   4.6   1   2   5.5e-10   7.3e-08   33.9   0.2   145   221     5    86     1    89 0.84 -
evm.utg7264.10                       -            194 433216at33208        -            257   3.4e-19   71.0   4.6   2   2   6.9e-12   9.1e-10   40.1   0.9   160   240    85   172    84   190 0.67 -
evm.utg5985.20                       -            327 433216at33208        -            257   4.4e-19   70.7   1.2   1   3   5.7e-07   7.5e-05   24.0   0.0    79   194    27   150    16   177 0.75 -
evm.utg5985.20                       -            327 433216at33208        -            257   4.4e-19   70.7   1.2   2   3   2.9e-05    0.0038   18.5   0.1   124   195   170   240   144   247 0.83 -
evm.utg5985.20                       -            327 433216at33208        -            257   4.4e-19   70.7   1.2   3   3   6.6e-12   8.6e-10   40.2   0.0    57   184   181   321   177   324 0.81 -
evm.utg1009.19                       -            542 433216at33208        -            257   5.9e-19   70.3   0.1   1   2   0.00025     0.033   15.4   0.0   121   156   218   253   211   263 0.90 -
evm.utg1009.19                       -            542 433216at33208        -            257   5.9e-19   70.3   0.1   2   2   9.2e-16   1.2e-13   52.8   0.2   108   218   255   371   250   375 0.88 -
evm.utg55.122                        -            446 433216at33208        -            257   7.4e-19   69.9  18.8   1   3    0.0002     0.026   15.7   0.3   193   240   109   159   102   162 0.85 -
evm.utg55.122                        -            446 433216at33208        -            257   7.4e-19   69.9  18.8   2   3   1.5e-05     0.002   19.4   7.5   126   221   122   228   116   232 0.79 -
evm.utg55.122                        -            446 433216at33208        -            257   7.4e-19   69.9  18.8   3   3   1.7e-16   2.2e-14   55.3   2.0   120   256   278   429   245   430 0.80 -
evm.utg1204.47.1.5c22e937            -            333 433216at33208        -            257   8.2e-19   69.8   9.5   1   3     0.012       1.6    9.8   0.5   188   223     7    45     5    53 0.79 -
evm.utg1204.47.1.5c22e937            -            333 433216at33208        -            257   8.2e-19   69.8   9.5   2   3   2.1e-16   2.7e-14   55.0   0.2   111   250    57   215    50   215 0.84 -
evm.utg1204.47.1.5c22e937            -            333 433216at33208        -            257   8.2e-19   69.8   9.5   3   3       1.6   2.1e+02    2.9   0.1   119   178   256   325   246   328 0.57 -
evm.utg245.62                        -            499 433216at33208        -            257     1e-18   69.5   6.0   1   3   2.2e-12   2.9e-10   41.8   0.0   107   224   217   338   190   346 0.85 -
evm.utg245.62                        -            499 433216at33208        -            257     1e-18   69.5   6.0   2   3   1.5e-07     2e-05   25.9   0.3   129   245   279   416   274   428 0.56 -
evm.utg245.62                        -            499 433216at33208        -            257     1e-18   69.5   6.0   3   3   1.5e-05    0.0019   19.4   0.3   132   224   376   472   366   488 0.73 -
evm.utg7412.19                       -            738 433216at33208        -            257   1.5e-18   69.0   3.5   1   3   2.8e-09   3.8e-07   31.6   0.0   126   227    63   173    44   197 0.86 -
evm.utg7412.19                       -            738 433216at33208        -            257   1.5e-18   69.0   3.5   2   3     0.077        10    7.2   0.0   117   145   219   247   206   258 0.82 -
evm.utg7412.19                       -            738 433216at33208        -            257   1.5e-18   69.0   3.5   3   3   2.4e-08   3.1e-06   28.6   0.1   120   237   278   405   268   410 0.76 -
evm.utg320.49                        -            928 433216at33208        -            257     4e-18   67.5   0.0   1   4      0.63        83    4.2   0.0   150   185    75   111    57   119 0.77 -
evm.utg320.49                        -            928 433216at33208        -            257     4e-18   67.5   0.0   2   4   4.1e-06   0.00054   21.2   0.0   121   185   137   201   126   211 0.89 -
evm.utg320.49                        -            928 433216at33208        -            257     4e-18   67.5   0.0   3   4       2.6   3.5e+02    2.2   0.0   163   187   270   295   236   308 0.73 -
evm.utg320.49                        -            928 433216at33208        -            257     4e-18   67.5   0.0   4   4   5.8e-10   7.6e-08   33.8   0.0   117   186   597   666   525   676 0.75 -
evm.utg715.1                         -            408 433216at33208        -            257     5e-18   67.2   0.6   1   3     2e-06   0.00026   22.3   0.0   147   231    57   148    46   162 0.82 -
evm.utg715.1                         -            408 433216at33208        -            257     5e-18   67.2   0.6   2   3   2.4e-10   3.1e-08   35.1   0.2   117   227   201   318   179   333 0.81 -
evm.utg715.1                         -            408 433216at33208        -            257     5e-18   67.2   0.6   3   3      0.14        19    6.3   0.0   159   185   330   356   320   366 0.74 -
evm.utg183.39                        -           1787 433216at33208        -            257   7.2e-18   66.7   0.0   1   3   9.8e-10   1.3e-07   33.1   0.0   117   223   182   297   144   305 0.84 -
evm.utg183.39                        -           1787 433216at33208        -            257   7.2e-18   66.7   0.0   2   3   3.4e-05    0.0045   18.2   0.0   114   183   317   388   308   394 0.70 -
evm.utg183.39                        -           1787 433216at33208        -            257   7.2e-18   66.7   0.0   3   3    0.0051      0.68   11.1   0.0   127   187   433   494   414   549 0.78 -
evm.utg10470.3.1.5c22e808            -            577 433216at33208        -            257     8e-18   66.5   0.2   1   2   2.7e-11   3.6e-09   38.2   0.3   129   240   387   506   376   507 0.85 -
evm.utg10470.3.1.5c22e808            -            577 433216at33208        -            257     8e-18   66.5   0.2   2   2   4.6e-08   6.1e-06   27.6   0.0   119   174   503   558   501   569 0.94 -
evm.utg172.19                        -            489 433216at33208        -            257   9.8e-18   66.3   0.0   1   3     2e-11   2.6e-09   38.6   0.0   107   239   218   357   201   360 0.85 -
evm.utg172.19                        -            489 433216at33208        -            257   9.8e-18   66.3   0.0   2   3   1.7e-07   2.3e-05   25.7   0.0   124   255   275   424   272   426 0.82 -
evm.utg172.19                        -            489 433216at33208        -            257   9.8e-18   66.3   0.0   3   3   0.00066     0.087   14.0   0.0    95   185   375   467   366   480 0.53 -
evm.utg777.49.1.5c22f40d             -            577 433216at33208        -            257     1e-17   66.2   0.1   1   2   5.7e-11   7.5e-09   37.2   0.2   129   240   387   506   375   507 0.84 -
evm.utg777.49.1.5c22f40d             -            577 433216at33208        -            257     1e-17   66.2   0.1   2   2     4e-08   5.3e-06   27.8   0.0   119   174   503   558   497   564 0.94 -
evm.utg1194.15                       -            416 433216at33208        -            257   2.1e-17   65.2   5.5   1   3   6.2e-13   8.1e-11   43.6   0.2    92   221   124   259   113   271 0.86 -
evm.utg1194.15                       -            416 433216at33208        -            257   2.1e-17   65.2   5.5   2   3      0.09        12    7.0   0.2    35    76   273   313   260   341 0.71 -
evm.utg1194.15                       -            416 433216at33208        -            257   2.1e-17   65.2   5.5   3   3   0.00029     0.038   15.2   0.1   183   225   346   389   337   405 0.78 -
evm.utg1721.37.1.5c22ebc9            -            385 433216at33208        -            257   3.1e-17   64.6   0.0   1   3   2.2e-06   0.00028   22.1   0.2   116   187    73   145    49   155 0.76 -
evm.utg1721.37.1.5c22ebc9            -            385 433216at33208        -            257   3.1e-17   64.6   0.0   2   3   1.1e-07   1.4e-05   26.4   0.0    59   186   137   271   134   282 0.85 -
evm.utg1721.37.1.5c22ebc9            -            385 433216at33208        -            257   3.1e-17   64.6   0.0   3   3     8e-05     0.011   17.0   0.0    76   165   293   383   286   384 0.87 -
evm.utg1205.96                       -            619 433216at33208        -            257   3.3e-17   64.5   1.8   1   3   3.4e-05    0.0045   18.2   0.2   137   242    13   125     3   126 0.74 -
evm.utg1205.96                       -            619 433216at33208        -            257   3.3e-17   64.5   1.8   2   3   3.3e-10   4.3e-08   34.7   0.0    84   186   126   233   122   238 0.83 -
evm.utg1205.96                       -            619 433216at33208        -            257   3.3e-17   64.5   1.8   3   3   1.1e-05    0.0015   19.8   0.1    88   186   218   314   210   323 0.73 -
evm.utg73.96.1.5c22f3bc              -            243 433216at33208        -            257   3.4e-17   64.5   0.0   1   2   1.7e-09   2.2e-07   32.3   0.0   102   187    19   107    11   116 0.86 -
evm.utg73.96.1.5c22f3bc              -            243 433216at33208        -            257   3.4e-17   64.5   0.0   2   2   7.7e-09     1e-06   30.2   0.0   112   229   116   239   108   241 0.70 -
evm.utg4155.43                       -            416 433216at33208        -            257   4.1e-17   64.2   5.2   1   3   1.7e-12   2.3e-10   42.1   0.2    92   221   124   259   112   264 0.86 -
evm.utg4155.43                       -            416 433216at33208        -            257   4.1e-17   64.2   5.2   2   3   1.1e-05    0.0014   19.8   0.4    35   140   273   385   259   386 0.62 -
evm.utg4155.43                       -            416 433216at33208        -            257   4.1e-17   64.2   5.2   3   3   0.00026     0.034   15.3   0.1   183   226   346   390   337   410 0.78 -
evm.utg715.1.1.5c22f38a              -            371 433216at33208        -            257   4.6e-17   64.1   0.9   1   3   1.7e-06   0.00022   22.5   0.0   147   231    57   148    46   162 0.82 -
evm.utg715.1.1.5c22f38a              -            371 433216at33208        -            257   4.6e-17   64.1   0.9   2   3       6.3   8.4e+02    0.9   0.0   216   243   179   209   173   211 0.77 -
evm.utg715.1.1.5c22f38a              -            371 433216at33208        -            257   4.6e-17   64.1   0.9   3   3   9.6e-11   1.3e-08   36.4   0.6   118   240   202   335   195   351 0.77 -
evm.utg1290.9                        -            598 433216at33208        -            257   1.9e-16   62.0   7.9   1   2   6.7e-05    0.0088   17.3   0.8   122   225   325   432   314   447 0.76 -
evm.utg1290.9                        -            598 433216at33208        -            257   1.9e-16   62.0   7.9   2   2   1.1e-13   1.5e-11   46.0   1.4    86   220   455   591   437   595 0.82 -
evm.utg622.116                       -            447 433216at33208        -            257   2.4e-16   61.7   1.3   1   3     0.094        12    6.9   0.1   191   223    93   129    37   163 0.64 -
evm.utg622.116                       -            447 433216at33208        -            257   2.4e-16   61.7   1.3   2   3   3.3e-07   4.4e-05   24.8   0.1    87   162   186   263   179   298 0.66 -
evm.utg622.116                       -            447 433216at33208        -            257   2.4e-16   61.7   1.3   3   3     1e-07   1.3e-05   26.5   0.0    84   177   344   437   334   443 0.86 -
evm.utg4972.23.2.5c22f18b            -            508 433216at33208        -            257     3e-16   61.4   3.1   1   2   4.3e-10   5.7e-08   34.3   0.2   149   222   340   416   334   423 0.87 -
evm.utg4972.23.2.5c22f18b            -            508 433216at33208        -            257     3e-16   61.4   3.1   2   2   4.9e-08   6.4e-06   27.5   0.3   150   220   429   501   421   506 0.79 -
evm.utg868.30                        -           1627 433216at33208        -            257   3.1e-16   61.4   2.2   1   3   1.1e-07   1.4e-05   26.4   0.4   192   255  1307  1378  1300  1380 0.80 -
evm.utg868.30                        -           1627 433216at33208        -            257   3.1e-16   61.4   2.2   2   3    0.0023      0.31   12.2   0.0   131   185  1424  1480  1413  1493 0.80 -
evm.utg868.30                        -           1627 433216at33208        -            257   3.1e-16   61.4   2.2   3   3   1.2e-05    0.0016   19.7   0.1   123   221  1506  1608  1500  1622 0.82 -
evm.utg622.116.1.5c22f2e9            -            417 433216at33208        -            257   9.7e-16   59.7   0.6   1   3      0.75        98    4.0   0.0    77   132    71   128    30   142 0.66 -
evm.utg622.116.1.5c22f2e9            -            417 433216at33208        -            257   9.7e-16   59.7   0.6   2   3     3e-07     4e-05   24.9   0.1    87   162   156   233   149   267 0.66 -
evm.utg622.116.1.5c22f2e9            -            417 433216at33208        -            257   9.7e-16   59.7   0.6   3   3     9e-08   1.2e-05   26.7   0.0    84   177   314   407   304   413 0.86 -
evm.utg622.118                       -           1466 433216at33208        -            257   1.8e-15   58.8   1.5   1   6       5.8   7.7e+02    1.1   0.1   136   176   394   433   387   491 0.66 -
evm.utg622.118                       -           1466 433216at33208        -            257   1.8e-15   58.8   1.5   2   6       9.1   1.2e+03    0.4   0.0    54    92   526   564   477   570 0.80 -
evm.utg622.118                       -           1466 433216at33208        -            257   1.8e-15   58.8   1.5   3   6     0.029       3.8    8.6   0.0    88   189   624   725   604   734 0.54 -
evm.utg622.118                       -           1466 433216at33208        -            257   1.8e-15   58.8   1.5   4   6   1.1e-06   0.00015   23.0   0.0   119   184   739   804   730   813 0.93 -
evm.utg622.118                       -           1466 433216at33208        -            257   1.8e-15   58.8   1.5   5   6     0.059       7.8    7.6   0.0   190   223   917   950   850   993 0.55 -
evm.utg622.118                       -           1466 433216at33208        -            257   1.8e-15   58.8   1.5   6   6     0.076        10    7.2   0.1   127   179  1232  1281  1184  1332 0.69 -
evm.utg7127.48                       -            998 433216at33208        -            257     2e-15   58.7   1.3   1   5       6.4   8.5e+02    0.9   0.2   215   241   520   549   430   570 0.55 -
evm.utg7127.48                       -            998 433216at33208        -            257     2e-15   58.7   1.3   2   5     0.096        13    6.9   0.0    72   167   586   685   557   699 0.71 -
evm.utg7127.48                       -            998 433216at33208        -            257     2e-15   58.7   1.3   3   5   0.00086      0.11   13.6   0.0   140   186   709   754   684   763 0.83 -
evm.utg7127.48                       -            998 433216at33208        -            257     2e-15   58.7   1.3   4   5   1.1e-08   1.5e-06   29.6   0.0   118   222   769   882   759   893 0.86 -
evm.utg7127.48                       -            998 433216at33208        -            257     2e-15   58.7   1.3   5   5       7.6     1e+03    0.7   0.1   162   207   926   976   918   994 0.52 -
evm.utg729.160                       -            877 433216at33208        -            257   3.1e-15   58.1   0.0   1   6       5.2   6.8e+02    1.2   0.0   125   187    22    86    16   104 0.72 -
evm.utg729.160                       -            877 433216at33208        -            257   3.1e-15   58.1   0.0   2   6   0.00053      0.07   14.3   0.0   127   188   121   183   110   189 0.83 -
evm.utg729.160                       -            877 433216at33208        -            257   3.1e-15   58.1   0.0   3   6      0.84   1.1e+02    3.8   0.0   118   148   198   228   191   244 0.72 -
evm.utg729.160                       -            877 433216at33208        -            257   3.1e-15   58.1   0.0   4   6   4.6e-05     0.006   17.8   0.0   108   183   575   651   564   662 0.87 -
evm.utg729.160                       -            877 433216at33208        -            257   3.1e-15   58.1   0.0   5   6       6.2   8.2e+02    1.0   0.0   132   168   763   800   740   809 0.80 -
evm.utg729.160                       -            877 433216at33208        -            257   3.1e-15   58.1   0.0   6   6    0.0088       1.2   10.3   0.0   129   182   813   868   800   874 0.79 -
evm.utg245.48                        -            321 433216at33208        -            257   5.2e-15   57.3   6.6   1   2   3.3e-05    0.0043   18.3   1.8   187   242    62   125    16   129 0.74 -
evm.utg245.48                        -            321 433216at33208        -            257   5.2e-15   57.3   6.6   2   2    0.0013      0.17   13.1   0.1   171   223   259   315   249   320 0.79 -
evm.utg861.53                        -            556 433216at33208        -            257   5.6e-15   57.2   0.0   1   3   1.1e-08   1.4e-06   29.7   0.0   117   175   259   319   246   333 0.83 -
evm.utg861.53                        -            556 433216at33208        -            257   5.6e-15   57.2   0.0   2   3       2.5   3.3e+02    2.3   0.0   118   190   349   418   325   453 0.69 -
evm.utg861.53                        -            556 433216at33208        -            257   5.6e-15   57.2   0.0   3   3   3.1e-06   0.00041   21.6   0.0    97   183   449   540   414   545 0.81 -
evm.utg4082.42                       -            401 433216at33208        -            257   7.6e-15   56.8   0.2   1   2   1.2e-09   1.5e-07   32.9   0.1   153   239    34   128    30   132 0.83 -
evm.utg4082.42                       -            401 433216at33208        -            257   7.6e-15   56.8   0.2   2   2   5.8e-08   7.7e-06   27.3   0.0    36   182   116   277   112   284 0.77 -
evm.utg1919.76                       -            679 433216at33208        -            257     1e-14   56.4   2.4   1   2   1.6e-08   2.2e-06   29.1   0.0   126   227    15   125     7   147 0.85 -
evm.utg1919.76                       -            679 433216at33208        -            257     1e-14   56.4   2.4   2   2   1.3e-07   1.7e-05   26.1   0.0   123   236   217   340   205   347 0.73 -
evm.utg150.51                        -            579 433216at33208        -            257   1.4e-14   56.0   0.0   1   2   2.6e-10   3.4e-08   35.0   0.0    71   224   292   455   279   463 0.78 -
evm.utg150.51                        -            579 433216at33208        -            257   1.4e-14   56.0   0.0   2   2     6e-08   7.9e-06   27.2   0.0    38   185   421   576   420   577 0.82 -
evm.utg2099.25                       -            385 433216at33208        -            257   1.9e-14   55.5   1.6   1   2     2e-08   2.6e-06   28.8   0.0    79   187    66   180    54   190 0.82 -
evm.utg2099.25                       -            385 433216at33208        -            257   1.9e-14   55.5   1.6   2   2   1.9e-07   2.5e-05   25.6   0.3   120   216   200   304   184   335 0.63 -
evm.utg729.25.2.5c279763             -            767 433216at33208        -            257   1.9e-14   55.5   4.1   1   3   3.8e-06    0.0005   21.3   0.1   151   192   443   484   437   529 0.73 -
evm.utg729.25.2.5c279763             -            767 433216at33208        -            257   1.9e-14   55.5   4.1   2   3     0.036       4.7    8.3   0.2   190   221   548   582   484   598 0.54 -
evm.utg729.25.2.5c279763             -            767 433216at33208        -            257   1.9e-14   55.5   4.1   3   3   1.7e-06   0.00023   22.5   0.3    89   196   617   734   603   765 0.63 -
evm.utg1290.9.1.5c22ea0d             -            569 433216at33208        -            257     2e-14   55.4   4.8   1   2     0.024       3.2    8.9   0.0   187   253   310   385   305   390 0.71 -
evm.utg1290.9.1.5c22ea0d             -            569 433216at33208        -            257     2e-14   55.4   4.8   2   2     5e-13   6.6e-11   43.9   3.6    85   220   425   562   387   566 0.83 -
evm.utg439.49.1.5c22f0fa.1.5c27952e  -            353 433216at33208        -            257   2.1e-14   55.3   0.0   1   2   7.1e-09   9.4e-07   30.3   0.0   147   229   138   230   134   242 0.63 -
evm.utg439.49.1.5c22f0fa.1.5c27952e  -            353 433216at33208        -            257   2.1e-14   55.3   0.0   2   2     1e-06   0.00014   23.2   0.0   119   184   237   305   228   317 0.82 -
evm.utg418.52                        -            385 433216at33208        -            257   2.8e-14   54.9   2.6   1   2   1.7e-08   2.3e-06   29.0   0.1    79   187    66   180    55   186 0.83 -
evm.utg418.52                        -            385 433216at33208        -            257   2.8e-14   54.9   2.6   2   2   2.2e-07   2.8e-05   25.4   0.6   119   217   199   305   184   335 0.69 -
evm.utg43451.22                      -            419 433216at33208        -            257   2.9e-14   54.9   2.6   1   2     3e-09   3.9e-07   31.5   0.1    82   191    68   180    17   186 0.77 -
evm.utg43451.22                      -            419 433216at33208        -            257   2.9e-14   54.9   2.6   2   2   1.3e-06   0.00017   22.9   0.7    70   191   188   316   180   360 0.81 -
evm.utg7950.21                       -            652 433216at33208        -            257     4e-14   54.4   0.6   1   1   7.6e-16     1e-13   53.1   0.6   113   239    67   202    29   228 0.81 -
evm.utg729.25                        -            852 433216at33208        -            257     4e-14   54.4   4.4   1   3   4.5e-06    0.0006   21.1   0.1   151   192   528   569   523   614 0.73 -
evm.utg729.25                        -            852 433216at33208        -            257     4e-14   54.4   4.4   2   3     0.075       9.9    7.3   0.3   152   221   635   667   581   682 0.61 -
evm.utg729.25                        -            852 433216at33208        -            257     4e-14   54.4   4.4   3   3   2.1e-06   0.00027   22.2   0.2    89   196   702   819   690   850 0.62 -
evm.utg2303.45.1.5c22ed61            -            469 433216at33208        -            257   4.8e-14   54.2   1.0   1   1   1.3e-15   1.8e-13   52.3   0.8   101   230   262   401   245   432 0.84 -
evm.utg798.40                        -            320 433216at33208        -            257   5.2e-14   54.1   0.3   1   2   4.4e-09   5.8e-07   30.9   0.2   121   223    67   181    56   202 0.84 -
evm.utg798.40                        -            320 433216at33208        -            257   5.2e-14   54.1   0.3   2   2   6.3e-06   0.00083   20.6   0.0   124   205   205   290   187   312 0.80 -
evm.utg439.49.1.5c22f0fa             -            492 433216at33208        -            257   6.3e-14   53.8   0.1   1   2   1.3e-08   1.7e-06   29.4   0.0   148   229   278   369   274   381 0.62 -
evm.utg439.49.1.5c22f0fa             -            492 433216at33208        -            257   6.3e-14   53.8   0.1   2   2   1.8e-06   0.00023   22.4   0.0   119   184   376   444   366   453 0.82 -
evm.utg2433.4                        -            480 433216at33208        -            257   7.8e-14   53.5   0.1   1   4     0.066       8.7    7.4   0.0   157   186   178   207   159   211 0.83 -
evm.utg2433.4                        -            480 433216at33208        -            257   7.8e-14   53.5   0.1   2   4   1.3e-09   1.7e-07   32.7   0.0    78   230   181   347   174   352 0.82 -
evm.utg2433.4                        -            480 433216at33208        -            257   7.8e-14   53.5   0.1   3   4    0.0029      0.39   11.9   0.0   118   175   354   416   349   437 0.79 -
evm.utg2433.4                        -            480 433216at33208        -            257   7.8e-14   53.5   0.1   4   4       1.1   1.5e+02    3.4   0.0   159   189   447   477   439   479 0.89 -
evm.utg777.49.2.5c22f40d             -            602 433216at33208        -            257   9.6e-14   53.2   0.7   1   2   5.8e-10   7.6e-08   33.9   0.1   129   222   387   485   375   491 0.87 -
evm.utg777.49.2.5c22f40d             -            602 433216at33208        -            257   9.6e-14   53.2   0.7   2   2   8.6e-05     0.011   16.9   0.1   188   224   490   529   484   545 0.70 -
evm.utg73.39                         -            326 433216at33208        -            257   1.5e-13   52.5   0.6   1   3   4.4e-06   0.00058   21.1   0.3   159   241    18   106    14   109 0.80 -
evm.utg73.39                         -            326 433216at33208        -            257   1.5e-13   52.5   0.6   2   3   1.6e-05    0.0021   19.3   0.0   125   227    67   170    65   193 0.79 -
evm.utg73.39                         -            326 433216at33208        -            257   1.5e-13   52.5   0.6   3   3   5.6e-05    0.0074   17.5   0.0   118   176   239   297   220   302 0.89 -
evm.utg1272.70                       -            437 433216at33208        -            257   1.7e-13   52.4   0.0   1   1   5.8e-15   7.6e-13   50.2   0.0   117   221    67   177    56   187 0.87 -
evm.utg26120.19                      -            408 433216at33208        -            257   1.9e-13   52.2   1.3   1   3    0.0039      0.51   11.5   0.1    79   204    36   169    24   172 0.75 -
evm.utg26120.19                      -            408 433216at33208        -            257   1.9e-13   52.2   1.3   2   3   4.6e-11   6.1e-09   37.4   0.1   118   223   165   278   159   286 0.81 -
evm.utg26120.19                      -            408 433216at33208        -            257   1.9e-13   52.2   1.3   3   3       4.6     6e+02    1.4   0.0   157   188   373   404   355   407 0.72 -
evm.utg2849.26                       -           1710 433216at33208        -            257   1.9e-13   52.2   7.8   1   4   8.9e-07   0.00012   23.4   0.0   111   175  1021  1085  1014  1141 0.89 -
evm.utg2849.26                       -           1710 433216at33208        -            257   1.9e-13   52.2   7.8   2   4    0.0041      0.54   11.4   0.3   177   254  1285  1369  1220  1372 0.59 -
evm.utg2849.26                       -           1710 433216at33208        -            257   1.9e-13   52.2   7.8   3   4   0.00022     0.029   15.6   0.8    51   187  1320  1454  1310  1477 0.79 -
evm.utg2849.26                       -           1710 433216at33208        -            257   1.9e-13   52.2   7.8   4   4   0.00067     0.088   14.0   0.2   116   186  1564  1639  1527  1671 0.78 -
evm.utg693.67                        -           1677 433216at33208        -            257   1.9e-13   52.2   9.3   1   6   0.00066     0.087   14.0   0.3   125   178    73   126    52   158 0.75 -
evm.utg693.67                        -           1677 433216at33208        -            257   1.9e-13   52.2   9.3   2   6       4.3   5.6e+02    1.5   0.0    52    69   225   242   183   247 0.72 -
evm.utg693.67                        -           1677 433216at33208        -            257   1.9e-13   52.2   9.3   3   6   1.5e-05     0.002   19.4   0.0    83   195   278   396   269   412 0.83 -
evm.utg693.67                        -           1677 433216at33208        -            257   1.9e-13   52.2   9.3   4   6         1   1.4e+02    3.5   0.0    58   127   379   459   378   494 0.65 -
evm.utg693.67                        -           1677 433216at33208        -            257   1.9e-13   52.2   9.3   5   6       2.2   2.8e+02    2.5   0.0   118   165   512   559   490   604 0.69 -
evm.utg693.67                        -           1677 433216at33208        -            257   1.9e-13   52.2   9.3   6   6    0.0034      0.45   11.6   0.1   151   221   616   693   610   707 0.71 -
evm.utg1575.11                       -           1282 433216at33208        -            257   2.2e-13   52.0   0.4   1   3         6   7.9e+02    1.0   0.0    37    69   778   813   771   822 0.65 -
evm.utg1575.11                       -           1282 433216at33208        -            257   2.2e-13   52.0   0.4   2   3    0.0013      0.17   13.1   0.0    86   145   956  1016   944  1032 0.84 -
evm.utg1575.11                       -           1282 433216at33208        -            257   2.2e-13   52.0   0.4   3   3   1.2e-09   1.6e-07   32.8   1.0   125   226  1087  1195  1069  1229 0.82 -
evm.utg402.7                         -            934 433216at33208        -            257   2.5e-13   51.8   0.7   1   3   1.1e-09   1.4e-07   33.0   0.0   130   222   214   311   191   322 0.83 -
evm.utg402.7                         -            934 433216at33208        -            257   2.5e-13   51.8   0.7   2   3     0.066       8.7    7.4   0.0   123   184   505   570   470   578 0.83 -
evm.utg402.7                         -            934 433216at33208        -            257   2.5e-13   51.8   0.7   3   3     0.056       7.4    7.7   0.1   117   167   638   686   609   704 0.61 -
evm.utg5774.3                        -            408 433216at33208        -            257   2.7e-13   51.7   1.8   1   3    0.0039      0.51   11.5   0.1    79   204    36   169    24   172 0.75 -
evm.utg5774.3                        -            408 433216at33208        -            257   2.7e-13   51.7   1.8   2   3   4.1e-11   5.5e-09   37.6   0.2   118   223   165   278   159   284 0.80 -
evm.utg5774.3                        -            408 433216at33208        -            257   2.7e-13   51.7   1.8   3   3       5.6   7.4e+02    1.1   0.0   158   188   374   404   356   407 0.71 -
evm.utg967.29.1.5c22f549             -            266 433216at33208        -            257   3.1e-13   51.5   0.3   1   2     3e-05     0.004   18.4   0.0   152   222     9    87     2    94 0.81 -
evm.utg967.29.1.5c22f549             -            266 433216at33208        -            257   3.1e-13   51.5   0.3   2   2   4.3e-09   5.7e-07   31.0   0.3   116   237   101   228    89   250 0.82 -
evm.utg26120.19.1.5c2792a7           -            291 433216at33208        -            257   3.3e-13   51.4   1.0   1   2     0.002      0.26   12.4   0.1    79   204    36   169    26   172 0.75 -
evm.utg26120.19.1.5c2792a7           -            291 433216at33208        -            257   3.3e-13   51.4   1.0   2   2     2e-11   2.7e-09   38.6   0.2   118   223   165   278   158   287 0.80 -
evm.utg6379.9                        -            677 433216at33208        -            257   4.4e-13   51.0   0.6   1   3       1.1   1.5e+02    3.4   0.0    12    65    35    93    27   213 0.74 -
evm.utg6379.9                        -            677 433216at33208        -            257   4.4e-13   51.0   0.6   2   3   2.2e-07   2.9e-05   25.4   0.1   117   195   513   597   410   603 0.81 -
evm.utg6379.9                        -            677 433216at33208        -            257   4.4e-13   51.0   0.6   3   3   8.4e-05     0.011   16.9   0.0   113   187   600   675   591   676 0.89 -
evm.utg9769.3                        -            553 433216at33208        -            257   5.8e-13   50.6   0.0   1   4     0.038         5    8.2   0.0   156   187   193   224   162   232 0.79 -
evm.utg9769.3                        -            553 433216at33208        -            257   5.8e-13   50.6   0.0   2   4   4.9e-09   6.4e-07   30.8   0.0    79   230   198   363   195   368 0.82 -
evm.utg9769.3                        -            553 433216at33208        -            257   5.8e-13   50.6   0.0   3   4    0.0099       1.3   10.1   0.0   119   175   371   432   366   453 0.79 -
evm.utg9769.3                        -            553 433216at33208        -            257   5.8e-13   50.6   0.0   4   4       1.5   1.9e+02    3.0   0.0   159   190   463   494   455   500 0.85 -
evm.utg6459.47                       -           1848 433216at33208        -            257   6.1e-13   50.5   7.2   1   3   0.00054     0.072   14.3   1.9    41   187  1137  1285  1127  1297 0.74 -
evm.utg6459.47                       -           1848 433216at33208        -            257   6.1e-13   50.5   7.2   2   3     0.011       1.5    9.9   0.1    77   187  1305  1415  1293  1423 0.77 -
evm.utg6459.47                       -           1848 433216at33208        -            257   6.1e-13   50.5   7.2   3   3   9.7e-08   1.3e-05   26.6   0.0    95   185  1663  1760  1653  1771 0.82 -
evm.utg5774.3.1.5c22f241             -            362 433216at33208        -            257     7e-13   50.4   1.0   1   2    0.0031       0.4   11.8   0.1    79   204    36   169    25   172 0.75 -
evm.utg5774.3.1.5c22f241             -            362 433216at33208        -            257     7e-13   50.4   1.0   2   2   3.1e-11     4e-09   38.0   0.2   118   223   165   278   158   285 0.80 -
evm.utg21766.14                      -            538 433216at33208        -            257   7.7e-13   50.2   0.0   1   3   0.00027     0.036   15.2   0.0   118   185    17    85    10    94 0.78 -
evm.utg21766.14                      -            538 433216at33208        -            257   7.7e-13   50.2   0.0   2   3   8.3e-08   1.1e-05   26.8   0.0   118   186   123   191   102   204 0.90 -
evm.utg21766.14                      -            538 433216at33208        -            257   7.7e-13   50.2   0.0   3   3       0.7        92    4.1   0.0   140   184   333   378   291   384 0.69 -
evm.utg1049.27                       -           1217 433216at33208        -            257   7.8e-13   50.2   0.1   1   4   6.6e-05    0.0087   17.3   0.0    96   174    37   123    17   167 0.75 -
evm.utg1049.27                       -           1217 433216at33208        -            257   7.8e-13   50.2   0.1   2   4       4.4   5.8e+02    1.5   0.0    75   108   197   230   182   238 0.83 -
evm.utg1049.27                       -           1217 433216at33208        -            257   7.8e-13   50.2   0.1   3   4   1.7e-05    0.0022   19.2   0.0    52   207   385   545   366   571 0.68 -
evm.utg1049.27                       -           1217 433216at33208        -            257   7.8e-13   50.2   0.1   4   4       0.2        26    5.9   0.0   123   184   583   646   561   654 0.75 -
evm.utg736.1                         -            477 433216at33208        -            257     1e-12   49.8   0.0   1   3       1.3   1.7e+02    3.2   0.0    97   136    31    70    18    73 0.91 -
evm.utg736.1                         -            477 433216at33208        -            257     1e-12   49.8   0.0   2   3      0.11        14    6.7   0.0    75   164   161   253   101   266 0.72 -
evm.utg736.1                         -            477 433216at33208        -            257     1e-12   49.8   0.0   3   3   1.6e-10   2.2e-08   35.6   0.1    80   195   293   414   282   421 0.78 -
evm.utg1226.20                       -           1094 433216at33208        -            257   1.2e-12   49.5   0.1   1   2   1.5e-06   0.00019   22.7   0.1    89   223    19   157    14   175 0.80 -
evm.utg1226.20                       -           1094 433216at33208        -            257   1.2e-12   49.5   0.1   2   2   5.4e-07   7.1e-05   24.1   0.0    90   190   234   343   218   368 0.75 -
evm.utg109.41.1.5c22e88a             -            506 433216at33208        -            257   1.8e-12   49.0   0.1   1   1   1.9e-07   2.5e-05   25.6   0.0   153   221   348   421   343   421 0.84 -
evm.utg139908.1                      -            208 433216at33208        -            257   2.2e-12   48.7   0.0   1   1   1.1e-12   1.5e-10   42.7   0.0    81   222     6   164     3   188 0.75 -
evm.utg109.77                        -            797 433216at33208        -            257   2.5e-12   48.6  11.3   1   5     0.001      0.13   13.4   1.7   145   223    57   150    54   166 0.74 -
evm.utg109.77                        -            797 433216at33208        -            257   2.5e-12   48.6  11.3   2   5    0.0026      0.34   12.1   0.0   124   186   180   247   167   258 0.61 -
evm.utg109.77                        -            797 433216at33208        -            257   2.5e-12   48.6  11.3   3   5       6.8     9e+02    0.8   0.0   122   180   373   439   361   452 0.55 -
evm.utg109.77                        -            797 433216at33208        -            257   2.5e-12   48.6  11.3   4   5   0.00024     0.032   15.4   0.0   112   183   593   669   579   689 0.80 -
evm.utg109.77                        -            797 433216at33208        -            257   2.5e-12   48.6  11.3   5   5      0.61        81    4.3   0.6     4    21   690   707   686   731 0.69 -
utg7821.evm.utg13634.5.mrna2         -            359 433216at33208        -            257   2.9e-12   48.3   0.0   1   3   6.5e-11   8.6e-09   37.0   0.0    75   218    49   198    34   200 0.80 -
utg7821.evm.utg13634.5.mrna2         -            359 433216at33208        -            257   2.9e-12   48.3   0.0   2   3     0.034       4.5    8.4   0.0   148   221   188   267   178   276 0.72 -
utg7821.evm.utg13634.5.mrna2         -            359 433216at33208        -            257   2.9e-12   48.3   0.0   3   3       9.9   1.3e+03    0.3   0.0   126   184   297   355   281   358 0.74 -
evm.utg910.142                       -            323 433216at33208        -            257   3.3e-12   48.1   0.1   1   3   0.00014     0.018   16.2   0.0   152   232     6    91     3   120 0.77 -
evm.utg910.142                       -            323 433216at33208        -            257   3.3e-12   48.1   0.1   2   3   4.9e-06   0.00064   21.0   0.1   119   189   148   218   136   236 0.85 -
evm.utg910.142                       -            323 433216at33208        -            257   3.3e-12   48.1   0.1   3   3     0.081        11    7.2   0.0   151   183   277   309   250   315 0.83 -
evm.utg5985.15.3.5c22f28e            -            337 433216at33208        -            257   3.4e-12   48.1   0.4   1   3   0.00028     0.037   15.2   0.2    76   155    38   128    13   159 0.64 -
evm.utg5985.15.3.5c22f28e            -            337 433216at33208        -            257   3.4e-12   48.1   0.4   2   3   0.00026     0.034   15.3   0.0   123   186   138   209   132   219 0.70 -
evm.utg5985.15.3.5c22f28e            -            337 433216at33208        -            257   3.4e-12   48.1   0.4   3   3   0.00068     0.089   14.0   0.0    76   146   234   307   221   327 0.76 -
evm.utg101.45                        -            862 433216at33208        -            257   3.5e-12   48.1   0.1   1   3   1.3e-10   1.7e-08   36.0   0.0   115   224   156   275   139   279 0.83 -
evm.utg101.45                        -            862 433216at33208        -            257   3.5e-12   48.1   0.1   2   3    0.0019      0.26   12.5   0.0   116   183   245   317   244   322 0.85 -
evm.utg101.45                        -            862 433216at33208        -            257   3.5e-12   48.1   0.1   3   3       2.7   3.6e+02    2.1   0.1   119   174   403   460   370   480 0.78 -
evm.utg6924.10                       -            677 433216at33208        -            257   3.5e-12   48.1   0.0   1   3       1.6   2.1e+02    2.9   0.0    12   183    35    91    18   108 0.60 -
evm.utg6924.10                       -            677 433216at33208        -            257   3.5e-12   48.1   0.0   2   3   1.4e-06   0.00019   22.7   0.1   117   195   513   597   410   602 0.74 -
evm.utg6924.10                       -            677 433216at33208        -            257   3.5e-12   48.1   0.0   3   3    0.0001     0.013   16.7   0.0   113   187   600   675   592   676 0.89 -
evm.utg5985.15.2.5c22f28e            -            349 433216at33208        -            257   3.8e-12   48.0   0.4   1   3   0.00029     0.039   15.1   0.2    76   156    38   129    14   160 0.64 -
evm.utg5985.15.2.5c22f28e            -            349 433216at33208        -            257   3.8e-12   48.0   0.4   2   3   0.00026     0.035   15.3   0.0   123   186   138   209   131   219 0.70 -
evm.utg5985.15.2.5c22f28e            -            349 433216at33208        -            257   3.8e-12   48.0   0.4   3   3   0.00069     0.091   13.9   0.0    76   146   234   307   221   330 0.76 -
evm.utg1056.107.1.5c22e85b           -            724 433216at33208        -            257   4.4e-12   47.7   2.6   1   2     0.014       1.8    9.7   0.3   159   243   365   465   354   465 0.64 -
evm.utg1056.107.1.5c22e85b           -            724 433216at33208        -            257   4.4e-12   47.7   2.6   2   2   7.5e-14   9.8e-12   46.6   0.7    52   214   428   601   424   629 0.78 -
evm.utg435.58                        -            950 433216at33208        -            257   4.6e-12   47.7   2.6   1   4   2.8e-05    0.0037   18.5   0.0    95   190   299   395   266   403 0.75 -
evm.utg435.58                        -            950 433216at33208        -            257   4.6e-12   47.7   2.6   2   4    0.0048      0.63   11.2   0.0    52   104   466   525   454   530 0.60 -
evm.utg435.58                        -            950 433216at33208        -            257   4.6e-12   47.7   2.6   3   4     0.039       5.2    8.2   0.0   115   190   719   797   700   808 0.79 -
evm.utg435.58                        -            950 433216at33208        -            257   4.6e-12   47.7   2.6   4   4       1.3   1.8e+02    3.2   0.0   154   198   859   904   851   915 0.62 -
evm.utg1056.107                      -            669 433216at33208        -            257   4.7e-12   47.6   4.2   1   2     0.013       1.8    9.7   0.5   159   243   365   465   352   465 0.64 -
evm.utg1056.107                      -            669 433216at33208        -            257   4.7e-12   47.6   4.2   2   2   6.9e-14     9e-12   46.7   0.8    52   214   428   601   421   629 0.78 -
evm.utg126.136                       -            473 433216at33208        -            257   8.1e-12   46.9   2.3   1   2   3.9e-07   5.1e-05   24.6   0.1    88   190   130   244   112   261 0.83 -
evm.utg126.136                       -            473 433216at33208        -            257   8.1e-12   46.9   2.3   2   2   3.6e-06   0.00048   21.4   0.2   125   220   317   413   277   422 0.85 -
evm.utg498.151.2.5c22f1a3            -            433 433216at33208        -            257   8.1e-12   46.9   1.3   1   3   5.6e-05    0.0074   17.5   0.1   144   228   103   198    80   211 0.72 -
evm.utg498.151.2.5c22f1a3            -            433 433216at33208        -            257   8.1e-12   46.9   1.3   2   3     1e-05    0.0014   19.9   0.1    52   192   176   336   155   354 0.69 -
evm.utg498.151.2.5c22f1a3            -            433 433216at33208        -            257   8.1e-12   46.9   1.3   3   3   6.4e-05    0.0085   17.3   0.1   167   223   363   426   345   431 0.81 -
evm.utg2017.23                       -           1116 433216at33208        -            257   8.7e-12   46.8   0.4   1   3       2.9   3.8e+02    2.1   0.0   159   184    16    41     4    73 0.82 -
evm.utg2017.23                       -           1116 433216at33208        -            257   8.7e-12   46.8   0.4   2   3   5.2e-07   6.8e-05   24.2   0.1   158   223    96   165    88   175 0.76 -
evm.utg2017.23                       -           1116 433216at33208        -            257   8.7e-12   46.8   0.4   3   3   0.00014     0.018   16.2   0.0    94   180   205   296   181   316 0.72 -
evm.utg243.69                        -           1751 433216at33208        -            257   8.9e-12   46.7   6.6   1   6   0.00074     0.097   13.8   0.2   125   178    73   126    51   155 0.79 -
evm.utg243.69                        -           1751 433216at33208        -            257   8.9e-12   46.7   6.6   2   6       4.2   5.5e+02    1.5   0.0    52    69   225   242   185   249 0.72 -
evm.utg243.69                        -           1751 433216at33208        -            257   8.9e-12   46.7   6.6   3   6    0.0012      0.16   13.1   0.0    83   194   278   395   267   410 0.82 -
evm.utg243.69                        -           1751 433216at33208        -            257   8.9e-12   46.7   6.6   4   6       2.9   3.8e+02    2.1   0.0    80   128   409   460   378   490 0.63 -
evm.utg243.69                        -           1751 433216at33208        -            257   8.9e-12   46.7   6.6   5   6       2.4   3.2e+02    2.3   0.0   111   164   504   559   490   604 0.76 -
evm.utg243.69                        -           1751 433216at33208        -            257   8.9e-12   46.7   6.6   6   6     0.013       1.7    9.8   0.1   150   221   616   694   610   703 0.72 -
evm.utg73.80                         -            359 433216at33208        -            257     1e-11   46.6   3.3   1   2   0.00025     0.033   15.4   0.1   114   185    51   119    28   126 0.75 -
evm.utg73.80                         -            359 433216at33208        -            257     1e-11   46.6   3.3   2   2   3.8e-08     5e-06   27.9   0.5    36   184   129   299   127   309 0.72 -
evm.utg498.151                       -            492 433216at33208        -            257   1.5e-11   45.9   1.4   1   3     7e-05    0.0093   17.2   0.1   144   228   162   257   139   270 0.72 -
evm.utg498.151                       -            492 433216at33208        -            257   1.5e-11   45.9   1.4   2   3   1.3e-05    0.0016   19.6   0.1    52   192   235   395   212   413 0.68 -
evm.utg498.151                       -            492 433216at33208        -            257   1.5e-11   45.9   1.4   3   3   7.4e-05    0.0098   17.1   0.1   167   223   422   485   403   490 0.80 -
evm.utg498.151.1.5c22f1a3            -            517 433216at33208        -            257     2e-11   45.6   1.4   1   3   7.7e-05      0.01   17.1   0.1   144   228   187   282   164   295 0.72 -
evm.utg498.151.1.5c22f1a3            -            517 433216at33208        -            257     2e-11   45.6   1.4   2   3   1.4e-05    0.0018   19.5   0.1    52   164   260   386   237   438 0.68 -
evm.utg498.151.1.5c22f1a3            -            517 433216at33208        -            257     2e-11   45.6   1.4   3   3     8e-05     0.011   17.0   0.1   167   223   447   510   428   515 0.80 -
evm.utg577.63                        -            506 433216at33208        -            257     2e-11   45.6   2.4   1   3   2.1e-06   0.00027   22.2   0.4    51   172   225   353   203   360 0.47 -
evm.utg577.63                        -            506 433216at33208        -            257     2e-11   45.6   2.4   2   3       2.9   3.9e+02    2.0   0.0   128   186   358   417   352   422 0.82 -
evm.utg577.63                        -            506 433216at33208        -            257     2e-11   45.6   2.4   3   3     1e-05    0.0013   20.0   0.0   123   213   396   493   380   505 0.67 -
evm.utg15211.1                       -            289 433216at33208        -            257   2.4e-11   45.3   0.5   1   3         4   5.3e+02    1.6   0.0   216   243    20    50    14    54 0.78 -
evm.utg15211.1                       -            289 433216at33208        -            257   2.4e-11   45.3   0.5   2   3   1.7e-10   2.2e-08   35.6   0.1   118   227    43   159    39   172 0.81 -
evm.utg15211.1                       -            289 433216at33208        -            257   2.4e-11   45.3   0.5   3   3      0.09        12    7.0   0.0   159   186   171   198   161   207 0.74 -
evm.utg6072.16                       -            506 433216at33208        -            257   2.8e-11   45.1   3.2   1   3   1.4e-05    0.0019   19.5   0.4    52   175   226   356   224   378 0.62 -
evm.utg6072.16                       -            506 433216at33208        -            257   2.8e-11   45.1   3.2   2   3       6.8     9e+02    0.8   0.0   127   186   357   417   350   422 0.77 -
evm.utg6072.16                       -            506 433216at33208        -            257   2.8e-11   45.1   3.2   3   3   6.3e-06   0.00083   20.6   0.0   126   213   399   493   384   505 0.68 -
evm.utg729.147.2.5c22f3b0            -            466 433216at33208        -            257   4.1e-11   44.6   0.0   1   1     6e-13   7.9e-11   43.6   0.0   119   217   162   262   136   271 0.87 -
evm.utg26517.8                       -           1023 433216at33208        -            257   4.5e-11   44.4   5.2   1   3   9.3e-05     0.012   16.8   0.0   159   229   494   573   485   603 0.66 -
evm.utg26517.8                       -           1023 433216at33208        -            257   4.5e-11   44.4   5.2   2   3   0.00012     0.016   16.4   0.0   101   192   609   704   579   751 0.53 -
evm.utg26517.8                       -           1023 433216at33208        -            257   4.5e-11   44.4   5.2   3   3     0.075       9.9    7.3   0.1    37    70   761   798   724   804 0.69 -
evm.utg378.4                         -           1723 433216at33208        -            257   4.7e-11   44.4   0.1   1   4   8.7e-06    0.0012   20.2   0.0    96   208    26   146    12   168 0.71 -
evm.utg378.4                         -           1723 433216at33208        -            257   4.7e-11   44.4   0.1   2   4      0.53        69    4.5   0.0    83   153   193   266   176   290 0.71 -
evm.utg378.4                         -           1723 433216at33208        -            257   4.7e-11   44.4   0.1   3   4     0.047       6.2    7.9   0.0   148   203   428   485   423   497 0.78 -
evm.utg378.4                         -           1723 433216at33208        -            257   4.7e-11   44.4   0.1   4   4       2.4   3.2e+02    2.3   0.0   154   190   659   695   651   741 0.79 -
evm.utg729.147.1.5c22f3b0            -            508 433216at33208        -            257   4.7e-11   44.4   0.0   1   1     7e-13   9.2e-11   43.4   0.0   119   217   223   323   197   332 0.87 -
evm.utg16094.2                       -            968 433216at33208        -            257   4.9e-11   44.3   6.9   1   5     0.083        11    7.1   0.0    72   167   336   435   307   449 0.70 -
evm.utg16094.2                       -            968 433216at33208        -            257   4.9e-11   44.3   6.9   2   5   0.00088      0.12   13.6   0.0   141   186   460   504   437   516 0.84 -
evm.utg16094.2                       -            968 433216at33208        -            257   4.9e-11   44.3   6.9   3   5   0.00028     0.038   15.2   0.0   118   181   519   582   511   587 0.93 -
evm.utg16094.2                       -            968 433216at33208        -            257   4.9e-11   44.3   6.9   4   5      0.79     1e+02    3.9   0.7   138   184   805   851   793   863 0.74 -
evm.utg16094.2                       -            968 433216at33208        -            257   4.9e-11   44.3   6.9   5   5         7   9.2e+02    0.8   0.1   162   207   896   946   888   965 0.51 -
evm.utg729.147                       -            527 433216at33208        -            257   5.1e-11   44.3   0.0   1   1   7.5e-13   9.8e-11   43.3   0.0   119   217   223   323   197   332 0.87 -
evm.utg431.28.29                     -            766 433216at33208        -            257   6.3e-11   44.0   0.0   1   3    0.0026      0.34   12.1   0.0   108   188   416   497   404   534 0.82 -
evm.utg431.28.29                     -            766 433216at33208        -            257   6.3e-11   44.0   0.0   2   3   1.7e-07   2.2e-05   25.8   0.0   109   194   584   669   554   689 0.86 -
evm.utg431.28.29                     -            766 433216at33208        -            257   6.3e-11   44.0   0.0   3   3         3     4e+02    2.0   0.0   122   183   696   760   681   764 0.69 -
evm.utg729.160.1.5c22f3a9            -            827 433216at33208        -            257   7.4e-11   43.7   0.0   1   4       4.8   6.3e+02    1.3   0.0   125   187    22    86    16   104 0.72 -
evm.utg729.160.1.5c22f3a9            -            827 433216at33208        -            257   7.4e-11   43.7   0.0   2   4    0.0005     0.065   14.4   0.0   127   188   121   183   110   189 0.83 -
evm.utg729.160.1.5c22f3a9            -            827 433216at33208        -            257   7.4e-11   43.7   0.0   3   4       0.8   1.1e+02    3.9   0.0   118   148   198   228   191   241 0.70 -
evm.utg729.160.1.5c22f3a9            -            827 433216at33208        -            257   7.4e-11   43.7   0.0   4   4   4.2e-05    0.0056   17.9   0.0   108   183   575   651   564   662 0.87 -
evm.utg5985.15.1.5c22f28e            -            350 433216at33208        -            257   7.5e-11   43.7   0.1   1   3    0.0013      0.17   13.1   0.0    25   108    91   177    86   186 0.69 -
evm.utg5985.15.1.5c22f28e            -            350 433216at33208        -            257   7.5e-11   43.7   0.1   2   3   0.00023      0.03   15.5   0.0   122   186   150   222   139   232 0.71 -
evm.utg5985.15.1.5c22f28e            -            350 433216at33208        -            257   7.5e-11   43.7   0.1   3   3   0.00073     0.096   13.9   0.0    76   146   247   320   234   340 0.76 -
evm.utg5985.15                       -            362 433216at33208        -            257   8.2e-11   43.6   0.1   1   3    0.0013      0.18   13.0   0.0    25   108    91   177    86   186 0.69 -
evm.utg5985.15                       -            362 433216at33208        -            257   8.2e-11   43.6   0.1   2   3   0.00029     0.038   15.2   0.0   123   186   151   222   145   232 0.70 -
evm.utg5985.15                       -            362 433216at33208        -            257   8.2e-11   43.6   0.1   3   3   0.00074     0.097   13.8   0.0    76   146   247   320   234   343 0.76 -
evm.utg736.40                        -            406 433216at33208        -            257   9.7e-11   43.3   0.3   1   2   0.00051     0.068   14.4   0.1    85   184   150   259   131   263 0.60 -
evm.utg736.40                        -            406 433216at33208        -            257   9.7e-11   43.3   0.3   2   2   3.2e-07   4.2e-05   24.9   0.0   118   221   286   397   279   402 0.54 -
evm.utg338.73                        -           1105 433216at33208        -            257     1e-10   43.2   4.6   1   3   0.00013     0.017   16.3   0.0   159   229   494   573   485   603 0.66 -
evm.utg338.73                        -           1105 433216at33208        -            257     1e-10   43.2   4.6   2   3   0.00012     0.016   16.4   0.0    81   192   587   704   575   753 0.53 -
evm.utg338.73                        -           1105 433216at33208        -            257     1e-10   43.2   4.6   3   3      0.08        10    7.2   0.1    37    70   761   798   724   805 0.69 -
evm.utg116.24                        -            526 433216at33208        -            257   1.2e-10   43.1   0.0   1   1   1.6e-12   2.1e-10   42.3   0.0   119   217   223   323   197   332 0.87 -
evm.utg1272.13.1.5c22e9c5            -            492 433216at33208        -            257   1.3e-10   42.9   4.9   1   2    0.0058      0.77   10.9   0.0   190   249   223   288   216   295 0.50 -
evm.utg1272.13.1.5c22e9c5            -            492 433216at33208        -            257   1.3e-10   42.9   4.9   2   2   1.2e-09   1.6e-07   32.8   0.7    52   145   302   397   294   454 0.83 -
evm.utg498.151.2.5c22f1a3.1.5c2795b7 -            334 433216at33208        -            257   1.3e-10   42.9   0.6   1   3   5.3e-05    0.0069   17.6   0.1   146   230    14   109    10   123 0.73 -
evm.utg498.151.2.5c22f1a3.1.5c2795b7 -            334 433216at33208        -            257   1.3e-10   42.9   0.6   2   3   8.4e-06    0.0011   20.2   0.1    52   191    85   244    78   256 0.67 -
evm.utg498.151.2.5c22f1a3.1.5c2795b7 -            334 433216at33208        -            257   1.3e-10   42.9   0.6   3   3    0.0021      0.27   12.4   0.0   126   217   273   327   253   331 0.53 -
evm.utg1272.13                       -            609 433216at33208        -            257   1.8e-10   42.5   4.4   1   2     0.005      0.66   11.1   0.2   189   249   222   288   157   295 0.59 -
evm.utg1272.13                       -            609 433216at33208        -            257   1.8e-10   42.5   4.4   2   2   1.8e-09   2.4e-07   32.2   0.6    52   145   302   397   294   444 0.84 -
evm.utg4194.43                       -            521 433216at33208        -            257     2e-10   42.3   0.2   1   3       7.4   9.8e+02    0.7   0.0   126   146   191   211   181   220 0.83 -
evm.utg4194.43                       -            521 433216at33208        -            257     2e-10   42.3   0.2   2   3   3.7e-06   0.00049   21.4   0.0   118   187   244   315   220   328 0.81 -
evm.utg4194.43                       -            521 433216at33208        -            257     2e-10   42.3   0.2   3   3   0.00015      0.02   16.1   0.0   131   187   345   401   331   426 0.86 -
evm.utg1337.4.1.5c22ea39             -            981 433216at33208        -            257   2.1e-10   42.2   0.0   1   3   1.8e-08   2.4e-06   29.0   0.0   149   243    37   136    31   146 0.85 -
evm.utg1337.4.1.5c22ea39             -            981 433216at33208        -            257   2.1e-10   42.2   0.0   2   3       7.7     1e+03    0.7   0.0   117   164   167   214   146   249 0.74 -
evm.utg1337.4.1.5c22ea39             -            981 433216at33208        -            257   2.1e-10   42.2   0.0   3   3     0.082        11    7.1   0.0    82   147   260   325   252   338 0.91 -
evm.utg5950.24.1.5c22f287            -            477 433216at33208        -            257   2.5e-10   42.0   1.0   1   2   8.9e-08   1.2e-05   26.7   0.2    53   194    10   157     3   184 0.79 -
evm.utg5950.24.1.5c22f287            -            477 433216at33208        -            257   2.5e-10   42.0   1.0   2   2    0.0011      0.15   13.3   0.1    50   193   191   340   168   351 0.71 -
evm.utg192.39                        -            299 433216at33208        -            257   2.6e-10   41.9   0.1   1   2   8.9e-07   0.00012   23.4   0.0   118   187    22    93     4   109 0.81 -
evm.utg192.39                        -            299 433216at33208        -            257   2.6e-10   41.9   0.1   2   2   0.00011     0.014   16.6   0.0   130   187   122   179    99   204 0.85 -
evm.utg1897.4                        -            455 433216at33208        -            257     3e-10   41.7   7.9   1   2   2.7e-11   3.5e-09   38.2   3.9    95   241   132   281   129   292 0.78 -
evm.utg1897.4                        -            455 433216at33208        -            257     3e-10   41.7   7.9   2   2       2.2   2.9e+02    2.4   0.1   174   225   299   357   285   390 0.63 -
evm.utg307.22                        -           1448 433216at33208        -            257   3.1e-10   41.7   1.1   1   3       8.6   1.1e+03    0.5   0.0   162   185    24    47    16   105 0.67 -
evm.utg307.22                        -           1448 433216at33208        -            257   3.1e-10   41.7   1.1   2   3   0.00048     0.063   14.5   0.1   125   227   481   594   477   614 0.77 -
evm.utg307.22                        -           1448 433216at33208        -            257   3.1e-10   41.7   1.1   3   3   2.6e-06   0.00034   21.9   0.0   118   175  1322  1377  1278  1398 0.88 -
evm.utg389.100                       -            455 433216at33208        -            257   3.3e-10   41.6   9.0   1   3     0.023         3    9.0   0.0   191   224   147   181   138   196 0.60 -
evm.utg389.100                       -            455 433216at33208        -            257   3.3e-10   41.6   9.0   2   3   1.1e-08   1.5e-06   29.6   3.3   165   241   197   281   189   292 0.68 -
evm.utg389.100                       -            455 433216at33208        -            257   3.3e-10   41.6   9.0   3   3      0.72        95    4.0   0.2   169   223   294   355   281   387 0.76 -
evm.utg1005.78                       -            759 433216at33208        -            257   3.4e-10   41.6   0.0   1   2   0.00095      0.12   13.5   0.0   116   178   427   490   415   495 0.76 -
evm.utg1005.78                       -            759 433216at33208        -            257   3.4e-10   41.6   0.0   2   2   1.9e-07   2.5e-05   25.6   0.0    79   181   596   700   590   708 0.89 -
evm.utg431.28.29.1.5c27950b          -            796 433216at33208        -            257   3.5e-10   41.5   0.2   1   4      0.29        39    5.3   0.0   108   142   416   450   410   499 0.79 -
evm.utg431.28.29.1.5c27950b          -            796 433216at33208        -            257   3.5e-10   41.5   0.2   2   4       1.4   1.9e+02    3.1   0.0    87   133   509   558   499   593 0.74 -
evm.utg431.28.29.1.5c27950b          -            796 433216at33208        -            257   3.5e-10   41.5   0.2   3   4   1.8e-07   2.3e-05   25.7   0.0   109   194   614   699   590   723 0.86 -
evm.utg431.28.29.1.5c27950b          -            796 433216at33208        -            257   3.5e-10   41.5   0.2   4   4       3.6   4.7e+02    1.8   0.0   124   183   728   790   718   794 0.67 -
evm.utg163.18                        -            542 433216at33208        -            257   3.6e-10   41.5   0.4   1   3       1.7   2.2e+02    2.8   0.0   155   185   183   213   169   229 0.52 -
evm.utg163.18                        -            542 433216at33208        -            257   3.6e-10   41.5   0.4   2   3   0.00079       0.1   13.7   0.4   190   240   258   312   253   315 0.80 -
evm.utg163.18                        -            542 433216at33208        -            257   3.6e-10   41.5   0.4   3   3   1.4e-05    0.0019   19.4   0.0    53   188   322   477   317   486 0.74 -
evm.utg1272.78                       -           1295 433216at33208        -            257   3.6e-10   41.5   3.1   1   3     0.022       2.9    9.0   0.0    59   143   595   690   584   696 0.75 -
evm.utg1272.78                       -           1295 433216at33208        -            257   3.6e-10   41.5   3.1   2   3   3.2e-07   4.3e-05   24.8   0.1    35   185   744   908   725   939 0.77 -
evm.utg1272.78                       -           1295 433216at33208        -            257   3.6e-10   41.5   3.1   3   3      0.29        39    5.3   0.1   112   205   945  1046   927  1055 0.70 -
evm.utg78.65                         -            750 433216at33208        -            257   3.8e-10   41.4   0.0   1   2     0.001      0.14   13.4   0.0   116   178   418   481   406   486 0.76 -
evm.utg78.65                         -            750 433216at33208        -            257   3.8e-10   41.4   0.0   2   2   1.9e-07   2.5e-05   25.6   0.0    79   181   587   691   582   699 0.89 -
evm.utg4972.25                       -           1127 433216at33208        -            257   4.1e-10   41.3   0.0   1   3   2.3e-08     3e-06   28.6   0.0   149   243    11   110     7   121 0.85 -
evm.utg4972.25                       -           1127 433216at33208        -            257   4.1e-10   41.3   0.0   2   3       9.1   1.2e+03    0.4   0.0   117   164   141   188   120   223 0.74 -
evm.utg4972.25                       -           1127 433216at33208        -            257   4.1e-10   41.3   0.0   3   3     0.095        13    6.9   0.0    82   147   234   299   229   311 0.92 -
evm.utg2428.11                       -           2055 433216at33208        -            257   4.6e-10   41.1   1.5   1   2   2.5e-06   0.00032   22.0   0.4   141   222  1749  1839  1747  1851 0.74 -
evm.utg2428.11                       -           2055 433216at33208        -            257   4.6e-10   41.1   1.5   2   2   7.4e-07   9.7e-05   23.7   0.3    35   209  1806  1995  1803  2007 0.70 -
evm.utg1337.4                        -           1219 433216at33208        -            257   4.6e-10   41.1   0.0   1   3   2.4e-08   3.2e-06   28.5   0.0   149   243    37   136    32   146 0.85 -
evm.utg1337.4                        -           1219 433216at33208        -            257   4.6e-10   41.1   0.0   2   3       9.4   1.2e+03    0.4   0.0   117   164   167   214   144   252 0.75 -
evm.utg1337.4                        -           1219 433216at33208        -            257   4.6e-10   41.1   0.0   3   3      0.12        15    6.6   0.0    82   146   260   324   252   333 0.91 -
evm.utg5950.24                       -            446 433216at33208        -            257   4.8e-10   41.1   0.8   1   2   9.5e-08   1.2e-05   26.6   0.1    53   193    10   156     3   166 0.79 -
evm.utg5950.24                       -            446 433216at33208        -            257   4.8e-10   41.1   0.8   2   2     0.024       3.1    8.9   0.0   153   192   267   308   259   321 0.67 -
evm.utg5774.22                       -            458 433216at33208        -            257   5.2e-10   41.0   1.4   1   2   5.1e-08   6.7e-06   27.5   0.0   110   180    10    83     3   125 0.91 -
evm.utg5774.22                       -            458 433216at33208        -            257   5.2e-10   41.0   1.4   2   2      0.02       2.6    9.2   0.7   208   242   215   251   163   258 0.83 -
evm.utg378.105                       -            554 433216at33208        -            257   5.3e-10   40.9   0.1   1   2   3.7e-07   4.8e-05   24.7   0.0   117   206    27   117    21   120 0.88 -
evm.utg378.105                       -            554 433216at33208        -            257   5.3e-10   40.9   0.1   2   2   9.3e-05     0.012   16.8   0.0    60   192    90   233    89   262 0.75 -
evm.utg172.78                        -            451 433216at33208        -            257   5.7e-10   40.8   0.0   1   2   7.9e-07    0.0001   23.6   0.0    58   189    89   243    85   281 0.70 -
evm.utg172.78                        -            451 433216at33208        -            257   5.7e-10   40.8   0.0   2   2   0.00059     0.078   14.2   0.0   109   188   319   409   285   425 0.78 -
evm.utg4610.15                       -           1557 433216at33208        -            257   6.4e-10   40.7   6.7   1   3   1.9e-07   2.5e-05   25.6   0.0   111   175  1022  1086  1015  1138 0.89 -
evm.utg4610.15                       -           1557 433216at33208        -            257   6.4e-10   40.7   6.7   2   3    0.0062      0.81   10.8   1.3   177   252  1286  1368  1224  1373 0.62 -
evm.utg4610.15                       -           1557 433216at33208        -            257   6.4e-10   40.7   6.7   3   3   0.00099      0.13   13.4   2.9    51   197  1321  1468  1315  1480 0.76 -
evm.utg1285.17                       -            455 433216at33208        -            257   1.1e-09   39.9   0.0   1   2      0.02       2.6    9.1   0.0   108   173    47   117    36   129 0.68 -
evm.utg1285.17                       -            455 433216at33208        -            257   1.1e-09   39.9   0.0   2   2   2.4e-08   3.2e-06   28.5   0.0   125   186   388   450   364   454 0.89 -
evm.utg2216.17                       -            277 433216at33208        -            257   1.5e-09   39.5   0.4   1   2   0.00043     0.057   14.6   0.0   116   163    55   102    39   107 0.84 -
evm.utg2216.17                       -            277 433216at33208        -            257   1.5e-09   39.5   0.4   2   2   7.7e-07    0.0001   23.6   0.1    11   103   105   203   101   244 0.73 -
evm.utg801.40                        -            682 433216at33208        -            257   1.7e-09   39.3   0.0   1   3     0.064       8.5    7.5   0.0   151   206    18    76    10    78 0.84 -
evm.utg801.40                        -            682 433216at33208        -            257   1.7e-09   39.3   0.0   2   3   2.9e-05    0.0038   18.5   0.0   124   193    78   148    69   167 0.86 -
evm.utg801.40                        -            682 433216at33208        -            257   1.7e-09   39.3   0.0   3   3     0.018       2.4    9.3   0.0   122   183   556   617   541   632 0.88 -
evm.utg498.169                       -            476 433216at33208        -            257   1.8e-09   39.2   4.3   1   1     2e-11   2.6e-09   38.7   1.9   103   222   338   458   332   470 0.85 -
evm.utg1278.33                       -            655 433216at33208        -            257   2.2e-09   38.9   0.2   1   3     0.074       9.8    7.3   0.0   114   191   181   216   172   264 0.53 -
evm.utg1278.33                       -            655 433216at33208        -            257   2.2e-09   38.9   0.2   2   3   1.8e-07   2.3e-05   25.7   0.0    86   188   296   410   272   417 0.76 -
evm.utg1278.33                       -            655 433216at33208        -            257   2.2e-09   38.9   0.2   3   3     0.053         7    7.7   0.1   114   175   378   442   371   500 0.74 -
evm.utg7840.7                        -            280 433216at33208        -            257   2.2e-09   38.9   1.3   1   1   2.8e-11   3.6e-09   38.2   1.3   100   228    32   164    10   184 0.86 -
evm.utg1846.70                       -            728 433216at33208        -            257   2.5e-09   38.7   1.8   1   5         5   6.6e+02    1.3   0.0   126   187    19    86     3   111 0.60 -
evm.utg1846.70                       -            728 433216at33208        -            257   2.5e-09   38.7   1.8   2   5       3.9   5.2e+02    1.6   0.0   137   186   123   176   114   186 0.74 -
evm.utg1846.70                       -            728 433216at33208        -            257   2.5e-09   38.7   1.8   3   5    0.0044      0.58   11.3   0.1   134   190   209   268   195   294 0.79 -
evm.utg1846.70                       -            728 433216at33208        -            257   2.5e-09   38.7   1.8   4   5       2.7   3.6e+02    2.1   0.1    51   172   305   438   292   450 0.47 -
evm.utg1846.70                       -            728 433216at33208        -            257   2.5e-09   38.7   1.8   5   5    0.0002     0.027   15.7   0.0    97   186   456   548   400   561 0.78 -
evm.utg3878.20                       -           1023 433216at33208        -            257   2.6e-09   38.7   0.1   1   2    0.0037      0.49   11.5   0.1   168   223    28    86    11   134 0.66 -
evm.utg3878.20                       -           1023 433216at33208        -            257   2.6e-09   38.7   0.1   2   2   4.3e-07   5.6e-05   24.4   0.0    89   190   162   272   146   297 0.75 -
evm.utg6504.10                       -            442 433216at33208        -            257     3e-09   38.4   0.0   1   4      0.81   1.1e+02    3.9   0.0   121   174    15    66     8    80 0.70 -
evm.utg6504.10                       -            442 433216at33208        -            257     3e-09   38.4   0.0   2   4   1.5e-05     0.002   19.4   0.0    59   183    72   205    69   220 0.83 -
evm.utg6504.10                       -            442 433216at33208        -            257     3e-09   38.4   0.0   3   4      0.12        15    6.6   0.0   154   184   221   251   207   266 0.83 -
evm.utg6504.10                       -            442 433216at33208        -            257     3e-09   38.4   0.0   4   4      0.87   1.1e+02    3.8   0.0   119   182   328   392   309   403 0.77 -
evm.utg378.33                        -            500 433216at33208        -            257   3.4e-09   38.3   0.5   1   2     2e-05    0.0027   19.0   0.4   147   207    85   148    71   166 0.79 -
evm.utg378.33                        -            500 433216at33208        -            257   3.4e-09   38.3   0.5   2   2   0.00022     0.029   15.6   0.0   117   221   294   410   273   414 0.78 -
evm.utg3155.17                       -            641 433216at33208        -            257   4.2e-09   38.0   6.1   1   3   8.7e-08   1.1e-05   26.7   0.0   110   180    10    83     3   124 0.91 -
evm.utg3155.17                       -            641 433216at33208        -            257   4.2e-09   38.0   6.1   2   3     0.034       4.4    8.4   0.8   208   242   215   251   168   258 0.84 -
evm.utg3155.17                       -            641 433216at33208        -            257   4.2e-09   38.0   6.1   3   3       6.9   9.1e+02    0.8   0.0   160   186   436   461   415   471 0.68 -
evm.utg9313.39                       -            342 433216at33208        -            257   4.4e-09   37.9   0.0   1   2   1.3e-07   1.8e-05   26.1   0.0   127   222    60   164    31   176 0.82 -
evm.utg9313.39                       -            342 433216at33208        -            257   4.4e-09   37.9   0.0   2   2     0.052       6.9    7.8   0.0    71   138   257   334   250   339 0.56 -
evm.utg64.28                         -            442 433216at33208        -            257   5.6e-09   37.6   0.0   1   4       1.4   1.8e+02    3.1   0.0   121   174    15    66     8    70 0.76 -
evm.utg64.28                         -            442 433216at33208        -            257   5.6e-09   37.6   0.0   2   4   3.2e-05    0.0042   18.3   0.0    59   183    72   205    69   220 0.83 -
evm.utg64.28                         -            442 433216at33208        -            257   5.6e-09   37.6   0.0   3   4      0.11        14    6.8   0.0   155   184   222   251   209   269 0.82 -
evm.utg64.28                         -            442 433216at33208        -            257   5.6e-09   37.6   0.0   4   4       0.8   1.1e+02    3.9   0.0   119   182   328   392   308   403 0.77 -
evm.utg194.33                        -            633 433216at33208        -            257     7e-09   37.2   0.2   1   2      0.74        98    4.0   0.0    84   181   296   400   280   430 0.70 -
evm.utg194.33                        -            633 433216at33208        -            257     7e-09   37.2   0.2   2   2   5.2e-09   6.8e-07   30.7   0.1   135   247   442   560   436   563 0.80 -
evm.utg55.185.2.5c22f22c             -            697 433216at33208        -            257   7.5e-09   37.2   0.2   1   3      0.12        16    6.6   0.0    80   153    27   101    13   120 0.82 -
evm.utg55.185.2.5c22f22c             -            697 433216at33208        -            257   7.5e-09   37.2   0.2   2   3   6.6e-05    0.0087   17.3   0.0    96   184   182   272   162   281 0.79 -
evm.utg55.185.2.5c22f22c             -            697 433216at33208        -            257   7.5e-09   37.2   0.2   3   3    0.0024      0.31   12.2   0.0    88   184   259   358   257   362 0.92 -
evm.utg1819.13                       -            476 433216at33208        -            257   7.8e-09   37.1   1.2   1   1   1.4e-10   1.8e-08   35.9   1.2    98   228   226   360   197   384 0.82 -
evm.utg5985.15.5.5c22f28e            -            278 433216at33208        -            257   8.8e-09   36.9   0.3   1   3   0.00015     0.019   16.2   0.2    76   157    38   130    12   163 0.62 -
evm.utg5985.15.5.5c22f28e            -            278 433216at33208        -            257   8.8e-09   36.9   0.3   2   3   0.00017     0.022   15.9   0.0   123   186   138   209   130   220 0.70 -
evm.utg5985.15.5.5c22f28e            -            278 433216at33208        -            257   8.8e-09   36.9   0.3   3   3       5.3   6.9e+02    1.2   0.0    76   109   234   267   221   273 0.82 -
evm.utg3092.70                       -            717 433216at33208        -            257   9.5e-09   36.8   0.5   1   3     0.013       1.8    9.7   0.2   167   238    72   144    36   148 0.77 -
evm.utg3092.70                       -            717 433216at33208        -            257   9.5e-09   36.8   0.5   2   3    0.0006      0.08   14.1   0.3   166   223   104   169    98   192 0.83 -
evm.utg3092.70                       -            717 433216at33208        -            257   9.5e-09   36.8   0.5   3   3   3.3e-05    0.0043   18.3   0.0   124   205   193   278   175   288 0.84 -
evm.utg801.96                        -            430 433216at33208        -            257   9.5e-09   36.8   5.9   1   2     0.015       1.9    9.6   0.9   152   222   176   260   173   264 0.66 -
evm.utg801.96                        -            430 433216at33208        -            257   9.5e-09   36.8   5.9   2   2     2e-08   2.6e-06   28.8   1.4   133   223   250   351   242   362 0.79 -
evm.utg5513.6                        -           1208 433216at33208        -            257   1.2e-08   36.5   5.3   1   4   0.00014     0.018   16.2   0.2   145   232   224   324   152   328 0.76 -
evm.utg5513.6                        -           1208 433216at33208        -            257   1.2e-08   36.5   5.3   2   4     0.078        10    7.2   0.0    77   114   328   367   325   374 0.70 -
evm.utg5513.6                        -           1208 433216at33208        -            257   1.2e-08   36.5   5.3   3   4      0.84   1.1e+02    3.8   0.0   120   167   464   511   451   544 0.80 -
evm.utg5513.6                        -           1208 433216at33208        -            257   1.2e-08   36.5   5.3   4   4      0.13        18    6.4   0.2   192   223  1118  1151  1099  1176 0.79 -
evm.utg55.185.1.5c22f22c             -            784 433216at33208        -            257   1.2e-08   36.5   0.2   1   3      0.14        19    6.4   0.0    80   153    27   101    13   120 0.82 -
evm.utg55.185.1.5c22f22c             -            784 433216at33208        -            257   1.2e-08   36.5   0.2   2   3   7.8e-05      0.01   17.0   0.0    96   184   182   272   162   281 0.79 -
evm.utg55.185.1.5c22f22c             -            784 433216at33208        -            257   1.2e-08   36.5   0.2   3   3    0.0024      0.31   12.2   0.0    87   184   258   358   256   362 0.92 -
evm.utg5885.74                       -           1711 433216at33208        -            257   1.4e-08   36.2   0.1   1   3     0.013       1.7    9.7   0.0   130   194   339   404   324   443 0.72 -
evm.utg5885.74                       -           1711 433216at33208        -            257   1.4e-08   36.2   0.1   2   3    0.0009      0.12   13.6   0.0   114   187   450   526   416   546 0.77 -
evm.utg5885.74                       -           1711 433216at33208        -            257   1.4e-08   36.2   0.1   3   3     0.034       4.5    8.4   0.0   120   184   671   738   622   756 0.86 -
evm.utg5774.24                       -            295 433216at33208        -            257   1.4e-08   36.2   1.2   1   2   0.00021     0.028   15.6   0.3   104   186   106   191    77   203 0.76 -
evm.utg5774.24                       -            295 433216at33208        -            257   1.4e-08   36.2   1.2   2   2   9.6e-05     0.013   16.7   0.0   131   187   218   274   204   282 0.84 -
evm.utg6477.2                        -            448 433216at33208        -            257   1.6e-08   36.1   0.0   1   2     3e-07   3.9e-05   25.0   0.0   128   222   167   270   123   280 0.85 -
evm.utg6477.2                        -            448 433216at33208        -            257   1.6e-08   36.1   0.0   2   2     0.085        11    7.1   0.0    71   138   363   440   358   445 0.55 -
evm.utg21625.5                       -           1001 433216at33208        -            257   1.7e-08   36.0   0.0   1   1     2e-10   2.6e-08   35.4   0.0   109   181   920   992   903   999 0.64 -
evm.utg55.185                        -            839 433216at33208        -            257   1.7e-08   36.0   0.1   1   3      0.16        21    6.2   0.0    80   153    27   101    13   120 0.82 -
evm.utg55.185                        -            839 433216at33208        -            257   1.7e-08   36.0   0.1   2   3   8.6e-05     0.011   16.9   0.0    96   184   182   272   162   281 0.79 -
evm.utg55.185                        -            839 433216at33208        -            257   1.7e-08   36.0   0.1   3   3    0.0031      0.41   11.8   0.0    88   184   259   358   257   362 0.92 -
evm.utg8.11                          -            830 433216at33208        -            257   1.7e-08   36.0   0.2   1   1   9.2e-10   1.2e-07   33.2   0.1    85   227    95   251    45   267 0.75 -
evm.utg788.47                        -           1044 433216at33208        -            257   1.7e-08   35.9   4.8   1   5     0.001      0.13   13.4   0.1   115   223   276   394   255   404 0.73 -
evm.utg788.47                        -           1044 433216at33208        -            257   1.7e-08   35.9   4.8   2   5       6.4   8.4e+02    0.9   0.0    82   113   460   491   442   497 0.80 -
evm.utg788.47                        -           1044 433216at33208        -            257   1.7e-08   35.9   4.8   3   5       1.6   2.1e+02    2.9   0.0   208   222   495   509   486   544 0.75 -
evm.utg788.47                        -           1044 433216at33208        -            257   1.7e-08   35.9   4.8   4   5      0.11        14    6.8   0.0   115   156   572   612   543   626 0.75 -
evm.utg788.47                        -           1044 433216at33208        -            257   1.7e-08   35.9   4.8   5   5     0.071       9.3    7.3   0.0    86   185   691   806   684   823 0.59 -
evm.utg498.169.2.5c22f1aa            -            426 433216at33208        -            257   2.3e-08   35.6   2.3   1   1   5.6e-10   7.4e-08   33.9   0.6   104   213   298   407   291   418 0.79 -
evm.utg4455.54                       -            917 433216at33208        -            257   2.6e-08   35.4   4.1   1   4   4.9e-06   0.00064   21.0   0.0   113   178   386   451   377   465 0.85 -
evm.utg4455.54                       -            917 433216at33208        -            257   2.6e-08   35.4   4.1   2   4      0.94   1.2e+02    3.7   0.1   123   153   501   531   461   580 0.61 -
evm.utg4455.54                       -            917 433216at33208        -            257   2.6e-08   35.4   4.1   3   4       1.2   1.6e+02    3.3   0.1    53    80   509   536   496   665 0.51 -
evm.utg4455.54                       -            917 433216at33208        -            257   2.6e-08   35.4   4.1   4   4     0.026       3.5    8.8   1.2   122   221   722   833   628   847 0.76 -
evm.utg498.169.1.5c22f1aa            -            467 433216at33208        -            257     3e-08   35.2   2.3   1   1   6.7e-10   8.8e-08   33.6   0.6   104   213   339   448   332   459 0.79 -
evm.utg431.5                         -           1181 433216at33208        -            257   4.5e-08   34.6   6.1   1   4   0.00023     0.031   15.5   0.3   145   232   183   283   112   287 0.76 -
evm.utg431.5                         -           1181 433216at33208        -            257   4.5e-08   34.6   6.1   2   4      0.07       9.2    7.4   0.0    77   114   287   326   284   335 0.71 -
evm.utg431.5                         -           1181 433216at33208        -            257   4.5e-08   34.6   6.1   3   4       1.4   1.9e+02    3.1   0.0   120   167   423   470   407   500 0.77 -
evm.utg431.5                         -           1181 433216at33208        -            257   4.5e-08   34.6   6.1   4   4      0.34        44    5.1   0.2   193   223  1092  1124  1081  1149 0.72 -
evm.utg370.1                         -            190 433216at33208        -            257   4.6e-08   34.6   0.4   1   3       5.2   6.8e+02    1.2   0.0   199   220    16    42     5    49 0.71 -
evm.utg370.1                         -            190 433216at33208        -            257   4.6e-08   34.6   0.4   2   3   0.00087      0.11   13.6   0.0   145   183    53    91    16    98 0.80 -
evm.utg370.1                         -            190 433216at33208        -            257   4.6e-08   34.6   0.4   3   3   6.7e-05    0.0088   17.3   0.0   138   201   108   171    97   182 0.85 -
evm.utg190.40.2.5c22ec4c             -            494 433216at33208        -            257   5.2e-08   34.4   0.0   1   3      0.33        43    5.2   0.0   154   184    83   114    76   145 0.65 -
evm.utg190.40.2.5c22ec4c             -            494 433216at33208        -            257   5.2e-08   34.4   0.0   2   3   1.7e-06   0.00022   22.5   0.0   126   186   148   208   140   222 0.89 -
evm.utg190.40.2.5c22ec4c             -            494 433216at33208        -            257   5.2e-08   34.4   0.0   3   3       1.8   2.4e+02    2.7   0.0    58   102   247   300   237   306 0.75 -
evm.utg861.53.2.5c22f4a4             -            422 433216at33208        -            257   5.6e-08   34.3   0.0   1   2   6.9e-09   9.1e-07   30.3   0.0   117   175   259   319   244   333 0.83 -
evm.utg861.53.2.5c22f4a4             -            422 433216at33208        -            257   5.6e-08   34.3   0.0   2   2       5.4   7.1e+02    1.2   0.0   118   188   349   416   328   420 0.77 -
evm.utg190.40                        -            509 433216at33208        -            257   5.6e-08   34.3   0.0   1   3      0.34        45    5.1   0.0   154   184    83   114    76   145 0.65 -
evm.utg190.40                        -            509 433216at33208        -            257   5.6e-08   34.3   0.0   2   3   1.7e-06   0.00023   22.4   0.0   126   186   148   208   140   222 0.89 -
evm.utg190.40                        -            509 433216at33208        -            257   5.6e-08   34.3   0.0   3   3       1.9   2.5e+02    2.7   0.0    58   102   247   300   237   306 0.75 -
evm.utg190.40.1.5c22ec4c             -            509 433216at33208        -            257   5.6e-08   34.3   0.0   1   3      0.34        45    5.1   0.0   154   184    83   114    76   145 0.65 -
evm.utg190.40.1.5c22ec4c             -            509 433216at33208        -            257   5.6e-08   34.3   0.0   2   3   1.7e-06   0.00023   22.4   0.0   126   186   148   208   140   222 0.89 -
evm.utg190.40.1.5c22ec4c             -            509 433216at33208        -            257   5.6e-08   34.3   0.0   3   3       1.9   2.5e+02    2.7   0.0    58   102   247   300   237   306 0.75 -
evm.utg64.28.1.5c22f309              -            317 433216at33208        -            257   6.2e-08   34.1   0.0   1   3      0.61        80    4.3   0.0   121   174    15    66     8    77 0.74 -
evm.utg64.28.1.5c22f309              -            317 433216at33208        -            257   6.2e-08   34.1   0.0   2   3   1.5e-05     0.002   19.4   0.0    59   183    72   205    68   220 0.83 -
evm.utg64.28.1.5c22f309              -            317 433216at33208        -            257   6.2e-08   34.1   0.0   3   3     0.056       7.4    7.7   0.0   154   184   221   251   200   267 0.80 -
evm.utg8992.3                        -            176 433216at33208        -            257   8.8e-08   33.6   0.0   1   2   2.3e-07     3e-05   25.3   0.0    95   207    12   132     2   133 0.83 -
evm.utg8992.3                        -            176 433216at33208        -            257   8.8e-08   33.6   0.0   2   2    0.0014      0.19   12.9   0.0    51    91    94   140    89   149 0.64 -
evm.utg736.40.1.5c22f3d4             -            386 433216at33208        -            257     9e-08   33.6   0.5   1   2   0.00051     0.067   14.4   0.1    86   184   151   259   133   263 0.61 -
evm.utg736.40.1.5c22f3d4             -            386 433216at33208        -            257     9e-08   33.6   0.5   2   2   0.00021     0.028   15.6   0.0   118   200   286   373   275   377 0.66 -
evm.utg3283.26                       -           1014 433216at33208        -            257   9.3e-08   33.6   0.0   1   3       9.1   1.2e+03    0.4   0.0    97   136   549   588   538   590 0.90 -
evm.utg3283.26                       -           1014 433216at33208        -            257   9.3e-08   33.6   0.0   2   3      0.49        64    4.6   0.0    77   162   681   769   642   786 0.61 -
evm.utg3283.26                       -           1014 433216at33208        -            257   9.3e-08   33.6   0.0   3   3   1.5e-06    0.0002   22.6   0.0   119   208   892   992   881  1011 0.68 -
evm.utg183.20                        -            427 433216at33208        -            257     1e-07   33.5   0.1   1   1   1.3e-08   1.7e-06   29.5   0.2    80   238    24   189    18   199 0.77 -
evm.utg729.25.1.5c279763             -            740 433216at33208        -            257   1.1e-07   33.3   0.5   1   2   3.7e-06   0.00049   21.4   0.1   151   192   528   569   522   614 0.73 -
evm.utg729.25.1.5c279763             -            740 433216at33208        -            257   1.1e-07   33.3   0.5   2   2     0.048       6.3    7.9   0.2   191   221   634   667   578   678 0.55 -
evm.utg377.24.1.5c22efd8             -            481 433216at33208        -            257   1.2e-07   33.2   1.0   1   2   3.2e-06   0.00042   21.6   0.9   121   253    68   215    40   219 0.73 -
evm.utg377.24.1.5c22efd8             -            481 433216at33208        -            257   1.2e-07   33.2   1.0   2   2     0.032       4.3    8.5   0.0   116   147   251   282   237   304 0.87 -
evm.utg535.8                         -            403 433216at33208        -            257   1.3e-07   33.1   0.3   1   2   5.7e-06   0.00075   20.8   0.1    86   182   115   210    57   219 0.89 -
evm.utg535.8                         -            403 433216at33208        -            257   1.3e-07   33.1   0.3   2   2     0.011       1.4   10.0   0.0   119   171   292   345   286   368 0.84 -
evm.utg1230.12                       -           1137 433216at33208        -            257   1.4e-07   33.0   1.4   1   4      0.92   1.2e+02    3.7   0.0   161   223   140   206   133   217 0.77 -
evm.utg1230.12                       -           1137 433216at33208        -            257   1.4e-07   33.0   1.4   2   4     0.062       8.2    7.5   0.0   121   189   346   415   340   421 0.83 -
evm.utg1230.12                       -           1137 433216at33208        -            257   1.4e-07   33.0   1.4   3   4     0.015         2    9.5   0.0    86   184   442   544   421   550 0.73 -
evm.utg1230.12                       -           1137 433216at33208        -            257   1.4e-07   33.0   1.4   4   4       2.7   3.6e+02    2.2   0.1   203   226   947   970   925   986 0.78 -
evm.utg579.33                        -           1399 433216at33208        -            257   1.5e-07   32.8   0.4   1   4   4.4e-06   0.00057   21.1   0.1   146   191  1019  1064  1016  1073 0.91 -
evm.utg579.33                        -           1399 433216at33208        -            257   1.5e-07   32.8   0.4   2   4      0.86   1.1e+02    3.8   0.0   150   187  1072  1109  1065  1203 0.71 -
evm.utg579.33                        -           1399 433216at33208        -            257   1.5e-07   32.8   0.4   3   4       7.4   9.8e+02    0.7   0.0   200   221  1283  1304  1124  1309 0.70 -
evm.utg579.33                        -           1399 433216at33208        -            257   1.5e-07   32.8   0.4   4   4       2.1   2.8e+02    2.5   0.0   199   242  1282  1321  1268  1329 0.73 -
evm.utg377.24                        -            615 433216at33208        -            257   1.6e-07   32.8   1.6   1   2   4.4e-06   0.00057   21.1   0.7   121   253    68   215    41   219 0.73 -
evm.utg377.24                        -            615 433216at33208        -            257   1.6e-07   32.8   1.6   2   2     0.046         6    8.0   0.0   116   147   251   282   237   300 0.87 -
evm.utg1542.30                       -            977 433216at33208        -            257   1.7e-07   32.7   8.8   1   1   2.6e-08   3.4e-06   28.4   0.0   142   221   117   202    16   214 0.73 -
evm.utg3839.107                      -            479 433216at33208        -            257     2e-07   32.5   1.5   1   2   4.3e-06   0.00057   21.2   1.3   124   253    69   215    46   219 0.72 -
evm.utg3839.107                      -            479 433216at33208        -            257     2e-07   32.5   1.5   2   2     0.036       4.8    8.3   0.0   116   147   251   282   239   298 0.87 -
evm.utg4709.34                       -            823 433216at33208        -            257     2e-07   32.4   0.0   1   2   8.9e-08   1.2e-05   26.7   0.0   117   186    23    92     6   106 0.91 -
evm.utg4709.34                       -            823 433216at33208        -            257     2e-07   32.4   0.0   2   2       1.1   1.5e+02    3.4   0.0   151   184   246   279   192   288 0.70 -
evm.utg790.33                        -            336 433216at33208        -            257   2.4e-07   32.2   0.1   1   3    0.0031      0.41   11.8   0.0   159   224   100   172    70   186 0.74 -
evm.utg790.33                        -            336 433216at33208        -            257   2.4e-07   32.2   0.1   2   3    0.0041      0.54   11.4   0.0   116   185   196   271   184   279 0.83 -
evm.utg790.33                        -            336 433216at33208        -            257   2.4e-07   32.2   0.1   3   3      0.57        75    4.4   0.1    53   102   284   334   277   335 0.86 -
evm.utg5985.15.4.5c22f28e            -            291 433216at33208        -            257   2.4e-07   32.2   0.1   1   3   0.00091      0.12   13.5   0.1    24   108    90   177    86   186 0.69 -
evm.utg5985.15.4.5c22f28e            -            291 433216at33208        -            257   2.4e-07   32.2   0.1   2   3   0.00022     0.029   15.6   0.0   123   186   151   222   147   232 0.69 -
evm.utg5985.15.4.5c22f28e            -            291 433216at33208        -            257   2.4e-07   32.2   0.1   3   3       5.4   7.2e+02    1.2   0.0    76   109   247   280   232   286 0.82 -
evm.utg479.8.1.5c22f153              -            444 433216at33208        -            257   2.9e-07   32.0  12.5   1   4     0.018       2.4    9.3   0.0   120   159    46    85    16    99 0.64 -
evm.utg479.8.1.5c22f153              -            444 433216at33208        -            257   2.9e-07   32.0  12.5   2   4   0.00065     0.085   14.0   0.1   208   238   109   142   101   157 0.82 -
evm.utg479.8.1.5c22f153              -            444 433216at33208        -            257   2.9e-07   32.0  12.5   3   4      0.12        16    6.6   2.6    74   221   177   350   157   353 0.54 -
evm.utg479.8.1.5c22f153              -            444 433216at33208        -            257   2.9e-07   32.0  12.5   4   4      0.69        91    4.1   0.0   190   225   394   431   385   437 0.71 -
evm.utg2428.30                       -            816 433216at33208        -            257   2.9e-07   32.0   0.2   1   2   1.3e-05    0.0017   19.6   0.0    84   221    65   216    38   235 0.75 -
evm.utg2428.30                       -            816 433216at33208        -            257   2.9e-07   32.0   0.2   2   2     0.052       6.9    7.8   0.1   159   221   282   363   273   366 0.64 -
evm.utg861.53.1.5c22f4a4             -            413 433216at33208        -            257   2.9e-07   31.9   0.0   1   1   6.6e-09   8.7e-07   30.4   0.0   117   176   259   320   245   335 0.83 -
evm.utg116.41                        -            703 433216at33208        -            257   4.2e-07   31.4   0.0   1   2     0.084        11    7.1   0.0   138   186   144   193   121   206 0.80 -
evm.utg116.41                        -            703 433216at33208        -            257   4.2e-07   31.4   0.0   2   2   1.1e-05    0.0014   19.9   0.0   108   183   544   620   533   631 0.88 -
evm.utg116.42                        -            197 433216at33208        -            257   4.4e-07   31.4   0.0   1   1   6.2e-09   8.2e-07   30.5   0.0   129   208    40   123    18   142 0.82 -
evm.utg6949.19                       -            344 433216at33208        -            257   5.1e-07   31.1   0.1   1   1   1.1e-08   1.4e-06   29.7   0.0    90   238   159   311   136   315 0.80 -
evm.utg418.59                        -            511 433216at33208        -            257   5.7e-07   31.0   3.6   1   2   0.00019     0.025   15.8   0.7   195   242   328   385   318   387 0.80 -
evm.utg418.59                        -            511 433216at33208        -            257   5.7e-07   31.0   3.6   2   2   0.00029     0.038   15.2   0.0   120   186   381   451   378   460 0.79 -
evm.utg479.8.2.5c22f153              -            362 433216at33208        -            257   5.8e-07   31.0   9.3   1   3     0.014       1.8    9.7   0.0   120   159    46    85    16    98 0.63 -
evm.utg479.8.2.5c22f153              -            362 433216at33208        -            257   5.8e-07   31.0   9.3   2   3   0.00055     0.072   14.3   0.1   208   237   109   141   101   150 0.82 -
evm.utg479.8.2.5c22f153              -            362 433216at33208        -            257   5.8e-07   31.0   9.3   3   3      0.07       9.3    7.4   2.4    73   221   176   350   158   353 0.54 -
evm.utg280.24                        -            336 433216at33208        -            257     7e-07   30.7   0.1   1   3    0.0064      0.85   10.8   0.0   159   227   100   175    88   190 0.71 -
evm.utg280.24                        -            336 433216at33208        -            257     7e-07   30.7   0.1   2   3     0.016       2.1    9.4   0.0   116   185   196   271   184   281 0.80 -
evm.utg280.24                        -            336 433216at33208        -            257     7e-07   30.7   0.1   3   3      0.24        31    5.6   0.1    52   102   283   334   277   335 0.87 -
evm.utg479.8                         -            451 433216at33208        -            257   7.1e-07   30.7   9.9   1   2     2e-05    0.0027   19.0   1.7   151   237    36   141    16   157 0.63 -
evm.utg479.8                         -            451 433216at33208        -            257   7.1e-07   30.7   9.9   2   2       0.1        13    6.8   2.3    73   221   176   350   155   354 0.55 -
evm.utg1285.72.1.5c22e9f6            -           1103 433216at33208        -            257   7.4e-07   30.6   0.2   1   1   1.3e-08   1.8e-06   29.4   0.1   117   238   946  1083   936  1096 0.77 -
evm.utg47.18                         -            322 433216at33208        -            257   7.8e-07   30.5   0.0   1   1     8e-09   1.1e-06   30.1   0.0    90   238   137   289    86   295 0.82 -
evm.utg101.81                        -            931 433216at33208        -            257     8e-07   30.5   2.2   1   3     0.012       1.5    9.9   0.1    98   176    77   158    56   175 0.58 -
evm.utg101.81                        -            931 433216at33208        -            257     8e-07   30.5   2.2   2   3    0.0068       0.9   10.7   0.0    90   188   367   466   360   482 0.81 -
evm.utg101.81                        -            931 433216at33208        -            257     8e-07   30.5   2.2   3   3   0.00013     0.017   16.3   0.0    85   184   404   510   390   515 0.76 -
evm.utg659.9                         -            354 433216at33208        -            257   8.2e-07   30.5   0.1   1   2   8.9e-07   0.00012   23.4   0.0   117   222    51   164    33   172 0.75 -
evm.utg659.9                         -            354 433216at33208        -            257   8.2e-07   30.5   0.1   2   2      0.44        57    4.8   0.0   120   175   286   342   274   350 0.83 -
evm.utg3283.17                       -            668 433216at33208        -            257   9.5e-07   30.3   2.2   1   2   0.00061      0.08   14.1   0.2    55   180    21   137    16   149 0.70 -
evm.utg3283.17                       -            668 433216at33208        -            257   9.5e-07   30.3   2.2   2   2   4.1e-07   5.3e-05   24.5   0.1    83   205    81   204    69   219 0.66 -
evm.utg1281.13                       -            378 433216at33208        -            257     1e-06   30.2   0.1   1   2   1.9e-06   0.00025   22.3   0.0   117   222    52   165    40   173 0.77 -
evm.utg1281.13                       -            378 433216at33208        -            257     1e-06   30.2   0.1   2   2      0.26        34    5.5   0.0   120   175   287   343   275   352 0.84 -
evm.utg109.19                        -            756 433216at33208        -            257     1e-06   30.1   0.0   1   2    0.0025      0.33   12.1   0.0   111   191   116   197    98   206 0.74 -
evm.utg109.19                        -            756 433216at33208        -            257     1e-06   30.1   0.0   2   2   4.2e-05    0.0055   17.9   0.0    85   184   174   273   172   276 0.79 -
evm.utg788.89                        -            256 433216at33208        -            257   1.1e-06   30.1   6.7   1   4   7.8e-06     0.001   20.3   0.6   156   238    14   110     2   114 0.70 -
evm.utg788.89                        -            256 433216at33208        -            257   1.1e-06   30.1   6.7   2   4         1   1.4e+02    3.5   0.1   129   182    75   132    72   136 0.54 -
evm.utg788.89                        -            256 433216at33208        -            257   1.1e-06   30.1   6.7   3   4       5.5   7.3e+02    1.1   0.0   206   221   181   196   167   200 0.85 -
evm.utg788.89                        -            256 433216at33208        -            257   1.1e-06   30.1   6.7   4   4     0.013       1.7    9.8   0.2   172   223   184   246   179   249 0.69 -
evm.utg62.107                        -           1144 433216at33208        -            257   1.6e-06   29.6   0.2   1   2         2   2.7e+02    2.6   0.0   159   184    16    41     5    69 0.83 -
evm.utg62.107                        -           1144 433216at33208        -            257   1.6e-06   29.6   0.2   2   2     5e-07   6.6e-05   24.2   0.1   158   223    76   145    57   155 0.78 -
evm.utg381.71                        -            409 433216at33208        -            257   1.6e-06   29.5   3.3   1   1   2.1e-08   2.8e-06   28.7   2.8    96   225    84   222    66   252 0.81 -
evm.utg798.13                        -            382 433216at33208        -            257   1.7e-06   29.4   0.1   1   2      0.72        95    4.0   0.1   157   198    80   120    69   135 0.70 -
evm.utg798.13                        -            382 433216at33208        -            257   1.7e-06   29.4   0.1   2   2   1.9e-06   0.00025   22.3   0.0    88   228   145   298   135   317 0.69 -
evm.utg564.51                        -            671 433216at33208        -            257   1.9e-06   29.3   0.0   1   2    0.0032      0.42   11.8   0.0   111   185   116   191    98   204 0.74 -
evm.utg564.51                        -            671 433216at33208        -            257   1.9e-06   29.3   0.0   2   2   0.00028     0.036   15.2   0.0   126   184   215   273   197   277 0.89 -
evm.utg126.151                       -            820 433216at33208        -            257   2.2e-06   29.1   0.0   1   4   0.00069     0.091   13.9   0.0   149   206    39    99    31   121 0.72 -
evm.utg126.151                       -            820 433216at33208        -            257   2.2e-06   29.1   0.0   2   4       1.4   1.9e+02    3.1   0.0    86   196   104   226    88   250 0.52 -
evm.utg126.151                       -            820 433216at33208        -            257   2.2e-06   29.1   0.0   3   4       7.4   9.8e+02    0.7   0.0   214   237   519   542   503   554 0.82 -
evm.utg126.151                       -            820 433216at33208        -            257   2.2e-06   29.1   0.0   4   4      0.26        35    5.5   0.0   127   220   698   754   670   764 0.56 -
evm.utg2007.6                        -            496 433216at33208        -            257   2.3e-06   29.0   0.0   1   2   0.00023      0.03   15.5   0.0   127   186   199   261   174   268 0.76 -
evm.utg2007.6                        -            496 433216at33208        -            257   2.3e-06   29.0   0.0   2   2    0.0077         1   10.5   0.0   124   210   286   374   266   383 0.82 -
evm.utg729.14                        -            388 433216at33208        -            257   2.3e-06   29.0   0.0   1   2      0.88   1.2e+02    3.8   0.0   126   221    56   154    35   170 0.80 -
evm.utg729.14                        -            388 433216at33208        -            257   2.3e-06   29.0   0.0   2   2   1.1e-06   0.00014   23.1   0.0    83   187   191   298   161   306 0.88 -
evm.utg431.40.1.5c22f0d5             -            302 433216at33208        -            257   2.8e-06   28.7   9.0   1   3    0.0057      0.75   10.9   0.0    34    72    46    87    42    90 0.80 -
evm.utg431.40.1.5c22f0d5             -            302 433216at33208        -            257   2.8e-06   28.7   9.0   2   3   1.9e-05    0.0025   19.0   0.4   192   243    89   143    84   150 0.77 -
evm.utg431.40.1.5c22f0d5             -            302 433216at33208        -            257   2.8e-06   28.7   9.0   3   3       2.9   3.8e+02    2.1   0.7   196   230   183   225   160   254 0.67 -
evm.utg1882.2                        -            644 433216at33208        -            257   3.1e-06   28.6   0.1   1   3   2.1e-05    0.0027   18.9   0.0   121   190   392   461   385   467 0.89 -
evm.utg1882.2                        -            644 433216at33208        -            257   3.1e-06   28.6   0.1   2   3       1.1   1.4e+02    3.5   0.0   102   152   466   516   463   522 0.72 -
evm.utg1882.2                        -            644 433216at33208        -            257   3.1e-06   28.6   0.1   3   3         2   2.7e+02    2.6   0.1    85   145   582   642   568   643 0.81 -
evm.utg3260.8.1.5c22ef11.1.5c279395  -            447 433216at33208        -            257   3.8e-06   28.3   0.2   1   1     1e-05    0.0014   19.9   0.2    57   231    23   194    17   198 0.62 -
evm.utg163.79.1.5c22eb7f             -            585 433216at33208        -            257   4.1e-06   28.2   4.0   1   2   1.1e-07   1.5e-05   26.3   0.7    82   223    74   218    30   238 0.83 -
evm.utg163.79.1.5c22eb7f             -            585 433216at33208        -            257   4.1e-06   28.2   4.0   2   2     0.031         4    8.5   0.0   112   171   186   244   177   257 0.87 -
evm.utg431.40                        -            395 433216at33208        -            257   4.6e-06   28.0   8.1   1   3    0.0081       1.1   10.4   0.0    34    72   139   180   134   183 0.80 -
evm.utg431.40                        -            395 433216at33208        -            257   4.6e-06   28.0   8.1   2   3     3e-05     0.004   18.4   0.4   192   243   182   236   178   244 0.78 -
evm.utg431.40                        -            395 433216at33208        -            257   4.6e-06   28.0   8.1   3   3         4   5.3e+02    1.6   0.5   196   223   276   305   261   344 0.64 -
evm.utg3260.8.1.5c22ef11             -            477 433216at33208        -            257   4.7e-06   28.0   0.2   1   2   1.2e-05    0.0015   19.8   0.2    57   231    23   194    17   198 0.62 -
evm.utg3260.8.1.5c22ef11             -            477 433216at33208        -            257   4.7e-06   28.0   0.2   2   2    0.0046      0.61   11.2   0.0   116   166   157   205   138   218 0.66 -
evm.utg3605.58                       -            566 433216at33208        -            257   5.3e-06   27.8   0.4   1   3      0.29        38    5.3   0.0   204   222   111   129   102   141 0.83 -
evm.utg3605.58                       -            566 433216at33208        -            257   5.3e-06   27.8   0.4   2   3     0.058       7.6    7.6   0.0   123   184   323   388   265   397 0.85 -
evm.utg3605.58                       -            566 433216at33208        -            257   5.3e-06   27.8   0.4   3   3    0.0078         1   10.5   0.0   114   173   453   510   422   523 0.73 -
evm.utg2303.49                       -            513 433216at33208        -            257   6.6e-06   27.5   0.0   1   2    0.0038       0.5   11.5   0.0   160   197   159   196   141   206 0.89 -
evm.utg2303.49                       -            513 433216at33208        -            257   6.6e-06   27.5   0.0   2   2    0.0034      0.45   11.7   0.0    53   221   233   428   227   432 0.68 -
evm.utg163.79                        -            772 433216at33208        -            257     1e-05   26.9   0.8   1   2   1.6e-07   2.1e-05   25.9   0.5    82   223    74   218    27   238 0.83 -
evm.utg163.79                        -            772 433216at33208        -            257     1e-05   26.9   0.8   2   2     0.044       5.7    8.0   0.0   112   171   186   244   176   256 0.87 -
evm.utg4886.14                       -            793 433216at33208        -            257     1e-05   26.9   0.0   1   2   0.00014     0.019   16.2   0.0   106   173    53   120    47   123 0.91 -
evm.utg4886.14                       -            793 433216at33208        -            257     1e-05   26.9   0.0   2   2     0.024       3.1    8.9   0.0    52   134   120   208   119   219 0.77 -
evm.utg27.27                         -           1017 433216at33208        -            257     1e-05   26.9   0.4   1   2   0.00065     0.085   14.0   0.1    76   192   197   319   188   352 0.72 -
evm.utg27.27                         -           1017 433216at33208        -            257     1e-05   26.9   0.4   2   2     0.016       2.1    9.5   0.0   151   191   578   618   561   635 0.81 -
evm.utg116.299                       -            955 433216at33208        -            257   1.2e-05   26.6   2.0   1   1   1.2e-07   1.6e-05   26.2   0.6    78   223    64   219    51   240 0.77 -
evm.utg3260.8                        -            668 433216at33208        -            257   1.5e-05   26.3   0.2   1   2    0.0031       0.4   11.8   0.2    56   180    22   137    17   149 0.68 -
evm.utg3260.8                        -            668 433216at33208        -            257   1.5e-05   26.3   0.2   2   2    0.0074      0.97   10.6   0.0   116   166   157   205   138   218 0.66 -
evm.utg6894.3                        -            395 433216at33208        -            257   1.6e-05   26.2   9.0   1   3     0.016       2.1    9.5   0.0    34    72   139   180   133   183 0.80 -
evm.utg6894.3                        -            395 433216at33208        -            257   1.6e-05   26.2   9.0   2   3   3.2e-05    0.0043   18.3   0.4   192   243   182   236   178   242 0.77 -
evm.utg6894.3                        -            395 433216at33208        -            257   1.6e-05   26.2   9.0   3   3         4   5.3e+02    1.6   0.5   196   223   276   305   261   344 0.64 -
evm.utg1051.87                       -           2584 433216at33208        -            257   1.7e-05   26.1   1.2   1   2      0.03         4    8.6   0.0    89   185  2311  2417  2300  2450 0.79 -
evm.utg1051.87                       -           2584 433216at33208        -            257   1.7e-05   26.1   1.2   2   2   0.00021     0.027   15.6   0.0   138   184  2473  2519  2454  2534 0.88 -
evm.utg129.32                        -           2435 433216at33208        -            257   1.9e-05   26.0   0.3   1   2   3.4e-05    0.0044   18.2   0.0   121   190  2183  2252  2176  2258 0.89 -
evm.utg129.32                        -           2435 433216at33208        -            257   1.9e-05   26.0   0.3   2   2      0.64        84    4.2   0.0   102   152  2257  2307  2254  2313 0.83 -
evm.utg1205.155                      -            364 433216at33208        -            257     2e-05   25.9   0.6   1   1   1.2e-06   0.00016   23.0   0.2   138   225   137   229   130   267 0.83 -
evm.utg5290.21                       -            530 433216at33208        -            257     2e-05   25.9   0.0   1   2    0.0095       1.3   10.2   0.0   160   196   177   213   163   224 0.87 -
evm.utg5290.21                       -            530 433216at33208        -            257     2e-05   25.9   0.0   2   2    0.0039      0.52   11.5   0.0    53   221   251   446   245   451 0.68 -
evm.utg1009.18                       -            160 433216at33208        -            257   3.2e-05   25.3   0.0   1   1   7.6e-07    0.0001   23.6   0.0   113   183    86   157    36   158 0.78 -
evm.utg659.9.1.5c2796f4              -            263 433216at33208        -            257   3.6e-05   25.1   0.0   1   1   4.3e-07   5.7e-05   24.4   0.0   117   222    51   164    30   173 0.75 -
evm.utg415.35                        -            500 433216at33208        -            257   3.7e-05   25.1   0.0   1   2    0.0051      0.67   11.1   0.0   121   180   186   254   171   262 0.73 -
evm.utg415.35                        -            500 433216at33208        -            257   3.7e-05   25.1   0.0   2   2    0.0057      0.75   10.9   0.0   114   185   337   416   325   434 0.80 -
evm.utg1056.107.2.5c22e85b           -            538 433216at33208        -            257   4.5e-05   24.8   0.4   1   2    0.0081       1.1   10.4   0.2   159   243   365   465   354   465 0.64 -
evm.utg1056.107.2.5c22e85b           -            538 433216at33208        -            257   4.5e-05   24.8   0.4   2   2   3.6e-06   0.00048   21.4   0.1   118   207   415   507   408   513 0.83 -
evm.utg39192.1                       -            333 433216at33208        -            257   5.1e-05   24.6   0.0   1   1   5.5e-07   7.2e-05   24.1   0.0   147   206   270   331   265   332 0.92 -
evm.utg10608.1                       -            540 433216at33208        -            257   5.3e-05   24.5   0.9   1   1   2.2e-06   0.00029   22.1   0.2   138   225   122   214   111   252 0.83 -
evm.utg1972.74                       -            485 433216at33208        -            257   6.2e-05   24.3   0.7   1   1   1.9e-06   0.00024   22.4   0.7    85   239    93   266    70   272 0.69 -
evm.utg101.48                        -            357 433216at33208        -            257   6.8e-05   24.2   6.2   1   3     0.003       0.4   11.8   0.2   117   222    49   170    34   173 0.61 -
evm.utg101.48                        -            357 433216at33208        -            257   6.8e-05   24.2   6.2   2   3    0.0028      0.37   12.0   3.0   134   223   119   223   113   230 0.78 -
evm.utg101.48                        -            357 433216at33208        -            257   6.8e-05   24.2   6.2   3   3       3.4   4.5e+02    1.8   0.0    57   155   260   280   244   337 0.58 -
evm.utg364.29                        -            339 433216at33208        -            257   6.8e-05   24.2   0.0   1   3       2.3     3e+02    2.4   0.0    77   107    20    51     8    81 0.62 -
evm.utg364.29                        -            339 433216at33208        -            257   6.8e-05   24.2   0.0   2   3   0.00013     0.017   16.3   0.0   118   186   125   193   121   202 0.91 -
evm.utg364.29                        -            339 433216at33208        -            257   6.8e-05   24.2   0.0   3   3       4.1   5.4e+02    1.6   0.0    58   140   236   324   204   332 0.58 -
evm.utg8992.7                        -            932 433216at33208        -            257   7.4e-05   24.1   0.3   1   4      0.25        33    5.6   0.0    83   153    31   104    15   130 0.71 -
evm.utg8992.7                        -            932 433216at33208        -            257   7.4e-05   24.1   0.3   2   4       9.4   1.2e+03    0.4   0.0   117   147   173   203   145   214 0.71 -
evm.utg8992.7                        -            932 433216at33208        -            257   7.4e-05   24.1   0.3   3   4     0.033       4.3    8.4   0.0   148   206   266   326   260   342 0.78 -
evm.utg8992.7                        -            932 433216at33208        -            257   7.4e-05   24.1   0.3   4   4      0.97   1.3e+02    3.6   0.0   154   199   467   512   459   553 0.78 -
evm.utg2298.26                       -           1536 433216at33208        -            257   8.7e-05   23.8   0.2   1   2     0.028       3.7    8.7   0.0   118   186    20    96    10   104 0.66 -
evm.utg2298.26                       -           1536 433216at33208        -            257   8.7e-05   23.8   0.2   2   2    0.0033      0.44   11.7   0.1    85   140   124   179   110   224 0.80 -
evm.utg967.32                        -            343 433216at33208        -            257   9.6e-05   23.7   0.1   1   2      0.37        49    5.0   0.0   213   257    72   120    39   120 0.83 -
evm.utg967.32                        -            343 433216at33208        -            257   9.6e-05   23.7   0.1   2   2   9.9e-05     0.013   16.7   0.0   119   187   188   259   171   271 0.81 -
evm.utg1137.2                        -            414 433216at33208        -            257    0.0001   23.6   0.0   1   3    0.0083       1.1   10.4   0.0   121   188    36   104    24   175 0.85 -
evm.utg1137.2                        -            414 433216at33208        -            257    0.0001   23.6   0.0   2   3       3.2   4.2e+02    1.9   0.0   157   188   167   199   128   259 0.64 -
evm.utg1137.2                        -            414 433216at33208        -            257    0.0001   23.6   0.0   3   3     0.053         7    7.8   0.0   128   184   280   339   265   353 0.75 -
evm.utg101.48.1.5c22e7c5             -            295 433216at33208        -            257   0.00011   23.5   6.7   1   2     0.069         9    7.4   0.0   116   153    48    85    33   124 0.81 -
evm.utg101.48.1.5c22e7c5             -            295 433216at33208        -            257   0.00011   23.5   6.7   2   2    0.0014      0.18   13.0   3.6   130   223   115   223   103   231 0.80 -
evm.utg1138.2                        -            324 433216at33208        -            257   0.00011   23.5   0.1   1   3       9.9   1.3e+03    0.3   0.1   189   207    60    78     7    92 0.61 -
evm.utg1138.2                        -            324 433216at33208        -            257   0.00011   23.5   0.1   2   3      0.01       1.3   10.1   0.0   121   189   120   189   111   194 0.84 -
evm.utg1138.2                        -            324 433216at33208        -            257   0.00011   23.5   0.1   3   3     0.039       5.2    8.2   0.0    86   180   216   314   195   319 0.70 -
evm.utg1396.16                       -           1751 433216at33208        -            257   0.00012   23.4   0.6   1   2     0.033       4.4    8.4   0.0   118   185    20    95    10   103 0.66 -
evm.utg1396.16                       -           1751 433216at33208        -            257   0.00012   23.4   0.6   2   2    0.0047      0.62   11.2   0.0    85   140   124   179   110   223 0.80 -
evm.utg47.29                         -            440 433216at33208        -            257   0.00018   22.8   0.3   1   2    0.0032      0.42   11.8   0.0   124   183   149   211   130   217 0.79 -
evm.utg47.29                         -            440 433216at33208        -            257   0.00018   22.8   0.3   2   2   7.6e-05      0.01   17.1   0.1    93   185   161   258   158   273 0.74 -
evm.utg6949.7                        -            440 433216at33208        -            257   0.00018   22.8   0.3   1   2    0.0032      0.42   11.8   0.0   124   183   149   211   130   217 0.79 -
evm.utg6949.7                        -            440 433216at33208        -            257   0.00018   22.8   0.3   2   2   7.6e-05      0.01   17.1   0.1    93   185   161   258   158   273 0.74 -
evm.utg14772.13                      -            234 433216at33208        -            257   0.00024   22.4   0.1   1   1   3.8e-06    0.0005   21.3   0.1    85   183   114   211    54   221 0.80 -
evm.utg1278.64.1.5c22e9e1            -            993 433216at33208        -            257   0.00025   22.3   0.0   1   2    0.0081       1.1   10.4   0.0   107   180   669   741   632   753 0.78 -
evm.utg1278.64.1.5c22e9e1            -            993 433216at33208        -            257   0.00025   22.3   0.0   2   2     0.018       2.4    9.3   0.0   101   245   790   936   773   944 0.68 -
evm.utg801.96.1.5c22f45f             -            327 433216at33208        -            257   0.00027   22.2   2.5   1   2    0.0091       1.2   10.3   0.7   152   222   176   260   173   263 0.66 -
evm.utg801.96.1.5c22f45f             -            327 433216at33208        -            257   0.00027   22.2   2.5   2   2    0.0015       0.2   12.8   0.1   133   187   250   308   243   315 0.74 -
evm.utg1278.64                       -           1030 433216at33208        -            257   0.00033   22.0   0.0   1   2      0.01       1.4   10.1   0.0   108   180   707   778   683   790 0.78 -
evm.utg1278.64                       -           1030 433216at33208        -            257   0.00033   22.0   0.0   2   2     0.019       2.5    9.2   0.0   101   245   827   973   810   981 0.68 -
evm.utg801.56                        -            766 433216at33208        -            257   0.00037   21.8   0.0   1   1   1.7e-05    0.0022   19.2   0.0    78   153    21    97    11   104 0.82 -
evm.utg11096.12                      -            358 433216at33208        -            257   0.00039   21.7   0.0   1   3    0.0051      0.67   11.1   0.0   121   189    36   105    24   175 0.80 -
evm.utg11096.12                      -            358 433216at33208        -            257   0.00039   21.7   0.0   2   3       7.1   9.4e+02    0.8   0.0   120   146   172   199   158   207 0.56 -
evm.utg11096.12                      -            358 433216at33208        -            257   0.00039   21.7   0.0   3   3      0.22        29    5.7   0.0   140   184   248   292   232   307 0.83 -
evm.utg868.21                        -            618 433216at33208        -            257   0.00045   21.5   0.0   1   1   3.5e-05    0.0046   18.2   0.0    53   189   413   575   405   581 0.65 -
evm.utg868.21.1.5c22f4be             -            618 433216at33208        -            257   0.00045   21.5   0.0   1   1   3.5e-05    0.0046   18.2   0.0    53   189   413   575   405   581 0.65 -
utg18.equina_smart_1435850.mrna2     -            128 433216at33208        -            257   0.00066   20.9   0.1   1   2      0.34        45    5.1   0.0   167   188     3    24     1    38 0.77 -
utg18.equina_smart_1435850.mrna2     -            128 433216at33208        -            257   0.00066   20.9   0.1   2   2   0.00059     0.077   14.2   0.0   119   156    83   120    66   125 0.86 -
evm.utg4194.2                        -           1671 433216at33208        -            257   0.00083   20.6   1.7   1   4      0.36        48    5.0   0.1   151   208    30    83    21   101 0.84 -
evm.utg4194.2                        -           1671 433216at33208        -            257   0.00083   20.6   1.7   2   4       2.3     3e+02    2.4   0.5    75   176  1123  1228  1094  1242 0.68 -
evm.utg4194.2                        -           1671 433216at33208        -            257   0.00083   20.6   1.7   3   4      0.51        67    4.5   0.0   126   191  1362  1427  1321  1431 0.90 -
evm.utg4194.2                        -           1671 433216at33208        -            257   0.00083   20.6   1.7   4   4         3     4e+02    2.0   0.0    56   112  1506  1568  1474  1591 0.53 -
evm.utg1663.59                       -            423 433216at33208        -            257    0.0009   20.5   0.0   1   3       1.4   1.9e+02    3.1   0.0   157   196    63   102    53   132 0.87 -
evm.utg1663.59                       -            423 433216at33208        -            257    0.0009   20.5   0.0   2   3     0.014       1.9    9.6   0.0   146   190   145   190   132   197 0.80 -
evm.utg1663.59                       -            423 433216at33208        -            257    0.0009   20.5   0.0   3   3       1.4   1.9e+02    3.1   0.0   121   197   204   281   197   292 0.75 -
evm.utg6459.30                       -           1326 433216at33208        -            257    0.0011   20.2   0.0   1   1   1.8e-05    0.0024   19.1   0.0   149   190   309   350   279   405 0.84 -
evm.utg2099.34                       -            412 433216at33208        -            257    0.0012   20.1   4.3   1   2       1.3   1.7e+02    3.2   0.1   157   197   209   251   196   278 0.75 -
evm.utg2099.34                       -            412 433216at33208        -            257    0.0012   20.1   4.3   2   2   5.3e-05     0.007   17.6   1.1   195   243   314   372   283   378 0.84 -
evm.utg1025.9                        -            364 433216at33208        -            257    0.0013   20.0  18.8   1   4    0.0026      0.34   12.1   4.0   194   240    10    65     4    68 0.74 -
evm.utg1025.9                        -            364 433216at33208        -            257    0.0013   20.0  18.8   2   4     0.058       7.6    7.6   0.4   204   232    70    96    66   123 0.65 -
evm.utg1025.9                        -            364 433216at33208        -            257    0.0013   20.0  18.8   3   4       2.5   3.3e+02    2.3   0.0   160   189   118   149   108   209 0.72 -
evm.utg1025.9                        -            364 433216at33208        -            257    0.0013   20.0  18.8   4   4      0.28        37    5.4   0.2   224   242   272   290   266   304 0.78 -
evm.utg15552.3                       -            751 433216at33208        -            257    0.0016   19.7   0.1   1   3       1.3   1.7e+02    3.2   0.0   147   176    63    92    14   103 0.69 -
evm.utg15552.3                       -            751 433216at33208        -            257    0.0016   19.7   0.1   2   3    0.0036      0.47   11.6   0.1    30   145    61   188    56   200 0.74 -
evm.utg15552.3                       -            751 433216at33208        -            257    0.0016   19.7   0.1   3   3       3.3   4.4e+02    1.9   0.0    82   152   514   584   504   612 0.70 -
evm.utg7855.10                       -            364 433216at33208        -            257    0.0032   18.7  20.3   1   4    0.0046      0.61   11.2   5.0   194   241    10    66     4    69 0.74 -
evm.utg7855.10                       -            364 433216at33208        -            257    0.0032   18.7  20.3   2   4     0.081        11    7.2   1.0   204   232    70    96    65   122 0.65 -
evm.utg7855.10                       -            364 433216at33208        -            257    0.0032   18.7  20.3   3   4       1.9   2.5e+02    2.7   0.1   160   189   118   149   107   217 0.65 -
evm.utg7855.10                       -            364 433216at33208        -            257    0.0032   18.7  20.3   4   4      0.24        31    5.6   0.2   225   242   273   290   267   310 0.71 -
evm.utg116.79                        -            654 433216at33208        -            257    0.0043   18.3   0.0   1   1   6.3e-05    0.0083   17.3   0.0   107   187   160   245   131   270 0.63 -
evm.utg6078.67                       -            692 433216at33208        -            257    0.0054   18.0  10.4   1   3      0.39        51    4.9   0.1    95   145   357   409   343   438 0.71 -
evm.utg6078.67                       -            692 433216at33208        -            257    0.0054   18.0  10.4   2   3    0.0011      0.14   13.3   3.7   186   255   524   605   495   607 0.57 -
evm.utg6078.67                       -            692 433216at33208        -            257    0.0054   18.0  10.4   3   3       4.4   5.8e+02    1.5   0.0   128   177   591   645   577   653 0.59 -
evm.utg3872.49                       -           1087 433216at33208        -            257    0.0059   17.8   0.0   1   2      0.11        14    6.8   0.0   123   185   741   803   724   862 0.60 -
evm.utg3872.49                       -           1087 433216at33208        -            257    0.0059   17.8   0.0   2   2     0.036       4.7    8.3   0.0   109   180   896   967   857   978 0.84 -
evm.utg150.89.1.5c22eb05             -           2738 433216at33208        -            257    0.0068   17.6   0.0   1   2      0.27        36    5.4   0.0   118   186  1398  1467  1355  1474 0.83 -
evm.utg150.89.1.5c22eb05             -           2738 433216at33208        -            257    0.0068   17.6   0.0   2   2      0.24        31    5.6   0.0   116   169  1628  1680  1617  1694 0.73 -
evm.utg150.89                        -           2739 433216at33208        -            257    0.0068   17.6   0.0   1   2      0.27        36    5.4   0.0   118   186  1399  1468  1356  1475 0.83 -
evm.utg150.89                        -           2739 433216at33208        -            257    0.0068   17.6   0.0   2   2      0.24        31    5.6   0.0   116   169  1629  1681  1618  1695 0.73 -
evm.utg3522.83                       -           1200 433216at33208        -            257    0.0071   17.6   0.0   1   3       2.4   3.2e+02    2.3   0.0   147   176    63    92    13   101 0.68 -
evm.utg3522.83                       -           1200 433216at33208        -            257    0.0071   17.6   0.0   2   3    0.0077         1   10.5   0.1    30   145    61   188    57   197 0.74 -
evm.utg3522.83                       -           1200 433216at33208        -            257    0.0071   17.6   0.0   3   3       4.4   5.8e+02    1.5   0.0    80   152   512   584   503   612 0.71 -
evm.utg693.44                        -           2829 433216at33208        -            257    0.0074   17.5   0.0   1   2       3.8   5.1e+02    1.7   0.0   124   169  2570  2615  2556  2646 0.84 -
evm.utg693.44                        -           2829 433216at33208        -            257    0.0074   17.5   0.0   2   2    0.0014      0.19   12.9   0.0    93   176  2729  2811  2714  2819 0.85 -
evm.utg536.47                        -            614 433216at33208        -            257    0.0089   17.2   1.3   1   2     0.018       2.4    9.3   0.9   197   243   454   503   302   508 0.89 -
evm.utg536.47                        -            614 433216at33208        -            257    0.0089   17.2   1.3   2   2      0.46        60    4.7   0.0    94   144   514   568   506   578 0.65 -
evm.utg1931.9                        -           2862 433216at33208        -            257    0.0094   17.2   0.1   1   2      0.33        44    5.1   0.0   118   186  1541  1610  1502  1620 0.85 -
evm.utg1931.9                        -           2862 433216at33208        -            257    0.0094   17.2   0.1   2   2      0.29        38    5.4   0.0   116   169  1771  1823  1757  1837 0.72 -
evm.utg1910.44.1.5c22ec60            -            504 433216at33208        -            257     0.012   16.9   0.0   1   2       1.1   1.5e+02    3.4   0.0   118   207   111   198    90   210 0.75 -
evm.utg1910.44.1.5c22ec60            -            504 433216at33208        -            257     0.012   16.9   0.0   2   2     0.005      0.67   11.1   0.0    86   152   241   309   210   326 0.73 -
evm.utg377.23                        -            826 433216at33208        -            257     0.012   16.8   1.2   1   1    0.0017      0.22   12.6   1.2   166   255   632   736   623   738 0.69 -
evm.utg301.67                        -           3787 433216at33208        -            257     0.012   16.8   0.1   1   1   0.00023     0.031   15.5   0.1   120   206  3343  3440  3312  3472 0.76 -
evm.utg3839.110                      -            824 433216at33208        -            257     0.012   16.8   1.5   1   1    0.0017      0.22   12.7   1.2   166   255   630   734   621   736 0.69 -
evm.utg1910.44                       -            528 433216at33208        -            257     0.013   16.7   0.0   1   2       1.2   1.6e+02    3.3   0.0   118   207   111   198    90   210 0.75 -
evm.utg1910.44                       -            528 433216at33208        -            257     0.013   16.7   0.0   2   2    0.0054      0.71   11.0   0.0    86   152   241   309   210   326 0.73 -
evm.utg777.25                        -            294 433216at33208        -            257     0.018   16.3   0.0   1   1   0.00023      0.03   15.5   0.0    84   184   150   258   118   274 0.63 -
evm.utg243.83                        -           1081 433216at33208        -            257     0.027   15.7   0.0   1   2      0.65        85    4.2   0.0   124   170   846   892   830   923 0.84 -
evm.utg243.83                        -           1081 433216at33208        -            257     0.027   15.7   0.0   2   2     0.025       3.2    8.9   0.0    93   168  1005  1079   936  1080 0.88 -
evm.utg1056.107.3.5c22e85b           -            492 433216at33208        -            257     0.029   15.6   0.1   1   1    0.0019      0.25   12.5   0.0   118   185   415   484   406   490 0.80 -
evm.utg3092.42                       -            256 433216at33208        -            257     0.029   15.6   0.4   1   1   0.00092      0.12   13.5   0.4    77   189    63   186    59   193 0.77 -
evm.utg2129.147                      -            400 433216at33208        -            257     0.034   15.3   0.1   1   2      0.01       1.3   10.1   0.0   158   222    99   168    86   176 0.77 -
evm.utg2129.147                      -            400 433216at33208        -            257     0.034   15.3   0.1   2   2         3     4e+02    2.0   0.0    52   108   225   244   201   329 0.52 -
evm.utg888.56                        -            459 433216at33208        -            257     0.039   15.1   0.1   1   2         2   2.6e+02    2.6   0.0   112   161   229   278   212   336 0.59 -
evm.utg888.56                        -            459 433216at33208        -            257     0.039   15.1   0.1   2   2      0.03       3.9    8.6   0.1   115   184   336   416   325   425 0.64 -
evm.utg73.7                          -            909 433216at33208        -            257     0.047   14.9   0.0   1   2    0.0082       1.1   10.4   0.0   113   187   314   389   310   398 0.86 -
evm.utg73.7                          -            909 433216at33208        -            257     0.047   14.9   0.0   2   2       3.7   4.9e+02    1.7   0.0   152   187   496   531   485   549 0.83 -
evm.utg78.65.1.5c22f420              -            558 433216at33208        -            257     0.055   14.7   0.0   1   1   0.00069     0.091   13.9   0.0   116   178   418   481   406   486 0.76 -
evm.utg4661.13                       -            701 433216at33208        -            257     0.068   14.3   0.0   1   1    0.0016      0.21   12.8   0.0   103   180   615   697   583   700 0.80 -
evm.utg888.20                        -           4000 433216at33208        -            257     0.085   14.0   0.0   1   2       1.4   1.8e+02    3.1   0.0   152   189  3794  3831  3780  3865 0.50 -
evm.utg888.20                        -           4000 433216at33208        -            257     0.085   14.0   0.0   2   2     0.039       5.1    8.2   0.0   127   183  3910  3968  3895  3975 0.81 -
evm.utg4972.26                       -            106 433216at33208        -            257      0.09   13.9   0.0   1   1   0.00073     0.096   13.9   0.0   110   169    17    75     5    99 0.78 -
evm.utg23901.5                       -            547 433216at33208        -            257     0.093   13.9   0.0   1   2     0.063       8.2    7.5   0.0   124   184   238   298   162   301 0.79 -
evm.utg23901.5                       -            547 433216at33208        -            257     0.093   13.9   0.0   2   2    0.0026      0.35   12.0   0.0    89   185   244   340   231   346 0.74 -
evm.utg6422.12                       -           1739 433216at33208        -            257       0.1   13.8   3.5   1   1    0.0096       1.3   10.2   0.0    59   133  1601  1679  1581  1697 0.81 -
evm.utg9776.2                        -            924 433216at33208        -            257       0.1   13.7   0.2   1   1    0.0066      0.86   10.7   0.0   105   185   659   740   655   753 0.83 -
evm.utg3117.8                        -           1125 433216at33208        -            257      0.11   13.7   0.0   1   2       7.7     1e+03    0.7   0.0   130   188    62   119    49   127 0.74 -
evm.utg3117.8                        -           1125 433216at33208        -            257      0.11   13.7   0.0   2   2     0.075       9.9    7.3   0.0    85   146   197   259   177   269 0.85 -
evm.utg11814.14                      -            684 433216at33208        -            257      0.12   13.6   0.0   1   2      0.11        14    6.7   0.0   124   184   238   298   170   300 0.78 -
evm.utg11814.14                      -            684 433216at33208        -            257      0.12   13.6   0.0   2   2    0.0042      0.55   11.4   0.0    90   185   245   340   232   346 0.74 -
evm.utg1910.44.1.5c22ec60.1.5c279151 -            366 433216at33208        -            257      0.16   13.1   0.0   1   1    0.0031      0.41   11.8   0.0    88   152   106   171    77   190 0.73 -
evm.utg107.19                        -           1249 433216at33208        -            257      0.19   12.9   0.1   1   1     0.061       8.1    7.6   0.0   127   174   483   530   475   562 0.77 -
evm.utg107.19.1.5c22e852             -           1274 433216at33208        -            257       0.2   12.8   0.1   1   1     0.063       8.3    7.5   0.0   127   174   483   530   475   562 0.77 -
evm.utg4187.2                        -            172 433216at33208        -            257       0.3   12.2   0.0   1   1    0.0033      0.43   11.7   0.0   117   184    48   121    16   132 0.75 -
evm.utg16444.7                       -            267 433216at33208        -            257      0.32   12.1   0.0   1   2      0.41        54    4.8   0.0   119   184    10    75     2    85 0.85 -
evm.utg16444.7                       -            267 433216at33208        -            257      0.32   12.1   0.0   2   2      0.51        68    4.5   0.0   116   177    91   152    74   167 0.81 -
evm.utg14772.14                      -            222 433216at33208        -            257      0.34   12.0   0.0   1   1    0.0039      0.52   11.5   0.0   119   171   111   164   106   189 0.84 -
evm.utg1396.22                       -            763 433216at33208        -            257      0.44   11.7   0.0   1   1     0.013       1.7    9.7   0.0   161   185   554   578   518   618 0.87 -
evm.utg16444.1                       -           1274 433216at33208        -            257      0.59   11.3   0.1   1   1      0.42        56    4.8   0.0   116   177  1202  1263  1183  1273 0.84 -
#
# Program:         hmmsearch
# Version:         3.1b2 (February 2015)
# Pipeline mode:   SEARCH
# Query file:      /uoa/scratch/users/r02hw22/project_dark_genes/busco_downloads/lineages/metazoa_odb10/hmms/433216at33208.hmm
# Target file:     /uoa/scratch/users/r02hw22/project_dark_genes/00_raw/equina_smart.rnam-trna.merged.ggf.curated.remredun.aa.fa
# Option settings: hmmsearch --domtblout /uoa/scratch/users/r02hw22/project_dark_genes/equina_busco_proteins/run_metazoa_odb10/hmmer_output/initial_run_results/433216at33208.out --cpu 1 /uoa/scratch/users/r02hw22/project_dark_genes/busco_downloads/lineages/metazoa_odb10/hmms/433216at33208.hmm /uoa/scratch/users/r02hw22/project_dark_genes/00_raw/equina_smart.rnam-trna.merged.ggf.curated.remredun.aa.fa 
# Current dir:     /uoa/scratch/users/r02hw22/project_dark_genes
# Date:            Sat Apr 25 14:42:13 2026
# [ok]
