#                                                                                            --- full sequence --- -------------- this domain -------------   hmm coord   ali coord   env coord
# target name                        accession   tlen query name           accession   qlen   E-value  score  bias   #  of  c-Evalue  i-Evalue  score  bias  from    to  from    to  from    to  acc description of target
#                ------------------- ---------- ----- -------------------- ---------- ----- --------- ------ ----- --- --- --------- --------- ------ ----- ----- ----- ----- ----- ----- ----- ---- ---------------------
evm.utg3260.8                        -            668 435253at33208        -            329   1.5e-62  213.3  17.1   1   6   3.1e-08   9.5e-06   26.5   0.5     1    31    21    55    21    58 0.87 -
evm.utg3260.8                        -            668 435253at33208        -            329   1.5e-62  213.3  17.1   2   6   6.7e-05     0.021   15.6   0.0    16    52    69   105    62   125 0.79 -
evm.utg3260.8                        -            668 435253at33208        -            329   1.5e-62  213.3  17.1   3   6     3e-20   9.2e-18   66.0   0.4    51   119   126   206   108   212 0.81 -
evm.utg3260.8                        -            668 435253at33208        -            329   1.5e-62  213.3  17.1   4   6    0.0047       1.5    9.5   0.0   113   131   224   242   216   253 0.88 -
evm.utg3260.8                        -            668 435253at33208        -            329   1.5e-62  213.3  17.1   5   6     0.022       6.9    7.3   0.0   132   168   278   329   275   366 0.67 -
evm.utg3260.8                        -            668 435253at33208        -            329   1.5e-62  213.3  17.1   6   6   7.5e-29   2.3e-26   94.3   1.8   209   320   454   579   417   587 0.79 -
evm.utg3283.17                       -            668 435253at33208        -            329   7.3e-62  211.0  18.7   1   5   3.1e-08   9.5e-06   26.5   0.5     1    31    21    55    21    58 0.87 -
evm.utg3283.17                       -            668 435253at33208        -            329   7.3e-62  211.0  18.7   2   5   5.2e-22   1.6e-19   71.8   1.3    18   119    71   206    63   212 0.84 -
evm.utg3283.17                       -            668 435253at33208        -            329   7.3e-62  211.0  18.7   3   5    0.0047       1.5    9.5   0.0   113   131   224   242   216   253 0.88 -
evm.utg3283.17                       -            668 435253at33208        -            329   7.3e-62  211.0  18.7   4   5     0.049        15    6.2   0.0   132   169   278   330   275   369 0.66 -
evm.utg3283.17                       -            668 435253at33208        -            329   7.3e-62  211.0  18.7   5   5   6.5e-29     2e-26   94.5   2.7   190   320   422   578   416   586 0.78 -
evm.utg3260.8.1.5c22ef11             -            477 435253at33208        -            329   6.9e-39  135.5  15.9   1   6   2.1e-08   6.4e-06   27.1   0.5     1    31    21    55    21    58 0.87 -
evm.utg3260.8.1.5c22ef11             -            477 435253at33208        -            329   6.9e-39  135.5  15.9   2   6   4.4e-05     0.013   16.2   0.0    16    52    69   105    62   125 0.79 -
evm.utg3260.8.1.5c22ef11             -            477 435253at33208        -            329   6.9e-39  135.5  15.9   3   6   1.8e-20   5.5e-18   66.8   0.4    50   119   125   206   108   212 0.81 -
evm.utg3260.8.1.5c22ef11             -            477 435253at33208        -            329   6.9e-39  135.5  15.9   4   6    0.0032      0.98   10.1   0.0   113   131   224   242   216   253 0.88 -
evm.utg3260.8.1.5c22ef11             -            477 435253at33208        -            329   6.9e-39  135.5  15.9   5   6     0.014       4.2    8.0   0.0   132   168   278   329   275   368 0.67 -
evm.utg3260.8.1.5c22ef11             -            477 435253at33208        -            329   6.9e-39  135.5  15.9   6   6   0.00049      0.15   12.7   1.3   209   230   454   475   417   476 0.67 -
evm.utg3260.8.1.5c22ef11.1.5c279395  -            447 435253at33208        -            329     2e-35  124.1  13.0   1   5   1.9e-08   5.9e-06   27.2   0.5     1    31    21    55    21    58 0.87 -
evm.utg3260.8.1.5c22ef11.1.5c279395  -            447 435253at33208        -            329     2e-35  124.1  13.0   2   5     4e-05     0.012   16.3   0.0    16    52    69   105    62   125 0.79 -
evm.utg3260.8.1.5c22ef11.1.5c279395  -            447 435253at33208        -            329     2e-35  124.1  13.0   3   5   1.6e-20     5e-18   66.9   0.4    50   119   125   206   108   212 0.81 -
evm.utg3260.8.1.5c22ef11.1.5c279395  -            447 435253at33208        -            329     2e-35  124.1  13.0   4   5    0.0029      0.89   10.2   0.0   113   131   224   242   216   254 0.88 -
evm.utg3260.8.1.5c22ef11.1.5c279395  -            447 435253at33208        -            329     2e-35  124.1  13.0   5   5     0.012       3.8    8.1   0.0   132   168   278   329   275   368 0.67 -
evm.utg3260.7.1.5c22ef15             -            313 435253at33208        -            329   1.9e-15   58.4   0.9   1   5    0.0031      0.97   10.1   0.0    83   115    46    78    38    84 0.83 -
evm.utg3260.7.1.5c22ef15             -            313 435253at33208        -            329   1.9e-15   58.4   0.9   2   5    0.0017      0.53   10.9   0.0    86   115    89   118    83   124 0.89 -
evm.utg3260.7.1.5c22ef15             -            313 435253at33208        -            329   1.9e-15   58.4   0.9   3   5   0.00059      0.18   12.5   0.0    88   124   131   167   119   173 0.85 -
evm.utg3260.7.1.5c22ef15             -            313 435253at33208        -            329   1.9e-15   58.4   0.9   4   5     0.063        20    5.8   0.0    86   112   184   210   174   220 0.82 -
evm.utg3260.7.1.5c22ef15             -            313 435253at33208        -            329   1.9e-15   58.4   0.9   5   5    0.0015      0.45   11.2   0.1    49   117   218   297   217   308 0.73 -
evm.utg3260.7.1.5c22ef15.1.5c279399  -            313 435253at33208        -            329   1.9e-15   58.4   0.9   1   5    0.0031      0.97   10.1   0.0    83   115    46    78    38    84 0.83 -
evm.utg3260.7.1.5c22ef15.1.5c279399  -            313 435253at33208        -            329   1.9e-15   58.4   0.9   2   5    0.0017      0.53   10.9   0.0    86   115    89   118    83   124 0.89 -
evm.utg3260.7.1.5c22ef15.1.5c279399  -            313 435253at33208        -            329   1.9e-15   58.4   0.9   3   5   0.00059      0.18   12.5   0.0    88   124   131   167   119   173 0.85 -
evm.utg3260.7.1.5c22ef15.1.5c279399  -            313 435253at33208        -            329   1.9e-15   58.4   0.9   4   5     0.063        20    5.8   0.0    86   112   184   210   174   220 0.82 -
evm.utg3260.7.1.5c22ef15.1.5c279399  -            313 435253at33208        -            329   1.9e-15   58.4   0.9   5   5    0.0015      0.45   11.2   0.1    49   117   218   297   217   308 0.73 -
evm.utg3283.18                       -            313 435253at33208        -            329   2.9e-15   57.8   1.1   1   5    0.0031      0.97   10.1   0.0    83   115    46    78    38    84 0.83 -
evm.utg3283.18                       -            313 435253at33208        -            329   2.9e-15   57.8   1.1   2   5    0.0017      0.53   10.9   0.0    86   115    89   118    83   124 0.89 -
evm.utg3283.18                       -            313 435253at33208        -            329   2.9e-15   57.8   1.1   3   5   0.00079      0.24   12.1   0.0    88   124   131   167   119   173 0.84 -
evm.utg3283.18                       -            313 435253at33208        -            329   2.9e-15   57.8   1.1   4   5     0.063        20    5.8   0.0    86   112   184   210   174   220 0.82 -
evm.utg3283.18                       -            313 435253at33208        -            329   2.9e-15   57.8   1.1   5   5    0.0015      0.45   11.2   0.1    49   117   218   297   217   308 0.73 -
evm.utg92.13                         -           1666 435253at33208        -            329     4e-15   57.4  20.6   1   6       6.4     2e+03   -0.8   0.0   103   131   919   954   915   963 0.68 -
evm.utg92.13                         -           1666 435253at33208        -            329     4e-15   57.4  20.6   2   6   7.4e-06    0.0023   18.7   0.1    55   134  1025  1122   990  1135 0.78 -
evm.utg92.13                         -           1666 435253at33208        -            329     4e-15   57.4  20.6   3   6      0.02         6    7.5   2.5    36   119  1149  1225  1146  1254 0.58 -
evm.utg92.13                         -           1666 435253at33208        -            329     4e-15   57.4  20.6   4   6     0.014       4.4    7.9   0.1     2    51  1284  1336  1283  1359 0.74 -
evm.utg92.13                         -           1666 435253at33208        -            329     4e-15   57.4  20.6   5   6    0.0007      0.22   12.2   0.1    84   114  1402  1434  1377  1460 0.69 -
evm.utg92.13                         -           1666 435253at33208        -            329     4e-15   57.4  20.6   6   6   0.00029     0.089   13.5   0.2    87   158  1493  1556  1445  1566 0.81 -
evm.utg3260.7                        -            375 435253at33208        -            329   4.8e-15   57.1   2.7   1   6    0.0041       1.3    9.7   0.0    83   115    46    78    39    84 0.83 -
evm.utg3260.7                        -            375 435253at33208        -            329   4.8e-15   57.1   2.7   2   6    0.0023       0.7   10.5   0.0    86   115    89   118    85   124 0.89 -
evm.utg3260.7                        -            375 435253at33208        -            329   4.8e-15   57.1   2.7   3   6   0.00074      0.23   12.1   0.0    88   124   131   167   118   173 0.85 -
evm.utg3260.7                        -            375 435253at33208        -            329   4.8e-15   57.1   2.7   4   6     0.086        27    5.3   0.0    86   112   184   210   174   217 0.82 -
evm.utg3260.7                        -            375 435253at33208        -            329   4.8e-15   57.1   2.7   5   6    0.0023      0.72   10.5   0.1    49   117   218   297   217   301 0.71 -
evm.utg3260.7                        -            375 435253at33208        -            329   4.8e-15   57.1   2.7   6   6      0.12        38    4.8   0.2    83   117   263   297   260   369 0.68 -
evm.utg101.178                       -            403 435253at33208        -            329   6.1e-15   56.7   6.1   1   6   0.00054      0.17   12.6   0.0    73   114   112   153   104   161 0.88 -
evm.utg101.178                       -            403 435253at33208        -            329   6.1e-15   56.7   6.1   2   6   0.00019     0.059   14.1   0.0    85   114   166   195   156   203 0.89 -
evm.utg101.178                       -            403 435253at33208        -            329   6.1e-15   56.7   6.1   3   6   3.6e-05     0.011   16.4   0.1    84   132   205   262   199   270 0.78 -
evm.utg101.178                       -            403 435253at33208        -            329   6.1e-15   56.7   6.1   4   6      0.54   1.7e+02    2.7   0.0    81   111   246   276   237   282 0.66 -
evm.utg101.178                       -            403 435253at33208        -            329   6.1e-15   56.7   6.1   5   6    0.0011      0.33   11.6   0.0    84   131   310   366   308   377 0.77 -
evm.utg101.178                       -            403 435253at33208        -            329   6.1e-15   56.7   6.1   6   6      0.46   1.4e+02    3.0   0.0    87   112   357   382   350   385 0.74 -
evm.utg2757.76                       -            410 435253at33208        -            329   7.4e-15   56.5   6.4   1   6   0.00055      0.17   12.6   0.0    73   114   112   153   102   160 0.88 -
evm.utg2757.76                       -            410 435253at33208        -            329   7.4e-15   56.5   6.4   2   6   0.00021     0.065   13.9   0.0    86   114   167   195   160   203 0.90 -
evm.utg2757.76                       -            410 435253at33208        -            329   7.4e-15   56.5   6.4   3   6   3.7e-05     0.011   16.4   0.1    84   132   205   262   199   271 0.78 -
evm.utg2757.76                       -            410 435253at33208        -            329   7.4e-15   56.5   6.4   4   6      0.57   1.8e+02    2.7   0.0    82   111   247   276   239   284 0.66 -
evm.utg2757.76                       -            410 435253at33208        -            329   7.4e-15   56.5   6.4   5   6    0.0014      0.45   11.2   0.0    84   130   310   365   308   371 0.77 -
evm.utg2757.76                       -            410 435253at33208        -            329   7.4e-15   56.5   6.4   6   6      0.36   1.1e+02    3.3   0.0    87   112   357   382   350   391 0.71 -
evm.utg2483.3                        -            367 435253at33208        -            329   5.2e-13   50.4   4.0   1   5   0.00064       0.2   12.4   0.0    86   118   166   198   163   201 0.94 -
evm.utg2483.3                        -            367 435253at33208        -            329   5.2e-13   50.4   4.0   2   5   0.00021     0.065   13.9   0.1    88   114   210   236   203   244 0.90 -
evm.utg2483.3                        -            367 435253at33208        -            329   5.2e-13   50.4   4.0   3   5    0.0014      0.44   11.2   0.1    81   113   243   277   240   285 0.86 -
evm.utg2483.3                        -            367 435253at33208        -            329   5.2e-13   50.4   4.0   4   5     0.032        10    6.7   0.1    88   117   294   323   280   328 0.85 -
evm.utg2483.3                        -            367 435253at33208        -            329   5.2e-13   50.4   4.0   5   5      0.42   1.3e+02    3.1   0.0    89   114   336   361   328   363 0.84 -
evm.utg2483.3.1.5c22edbc             -            367 435253at33208        -            329   5.2e-13   50.4   4.0   1   5   0.00064       0.2   12.4   0.0    86   118   166   198   163   201 0.94 -
evm.utg2483.3.1.5c22edbc             -            367 435253at33208        -            329   5.2e-13   50.4   4.0   2   5   0.00021     0.065   13.9   0.1    88   114   210   236   203   244 0.90 -
evm.utg2483.3.1.5c22edbc             -            367 435253at33208        -            329   5.2e-13   50.4   4.0   3   5    0.0014      0.44   11.2   0.1    81   113   243   277   240   285 0.86 -
evm.utg2483.3.1.5c22edbc             -            367 435253at33208        -            329   5.2e-13   50.4   4.0   4   5     0.032        10    6.7   0.1    88   117   294   323   280   328 0.85 -
evm.utg2483.3.1.5c22edbc             -            367 435253at33208        -            329   5.2e-13   50.4   4.0   5   5      0.42   1.3e+02    3.1   0.0    89   114   336   361   328   363 0.84 -
evm.utg3158.36                       -           1666 435253at33208        -            329   5.2e-13   50.4  21.5   1   8       9.7     3e+03   -1.4   0.0   116   131   939   954   916   968 0.59 -
evm.utg3158.36                       -           1666 435253at33208        -            329   5.2e-13   50.4  21.5   2   8         2   6.2e+02    0.9   0.0    88   112  1028  1052   990  1060 0.83 -
evm.utg3158.36                       -           1666 435253at33208        -            329   5.2e-13   50.4  21.5   3   8   0.00016     0.049   14.3   0.3    56   134  1026  1122  1021  1130 0.66 -
evm.utg3158.36                       -           1666 435253at33208        -            329   5.2e-13   50.4  21.5   4   8     0.091        28    5.3   0.4    88   126  1152  1188  1143  1193 0.82 -
evm.utg3158.36                       -           1666 435253at33208        -            329   5.2e-13   50.4  21.5   5   8     0.022         7    7.3   0.2    84   130  1188  1243  1186  1256 0.71 -
evm.utg3158.36                       -           1666 435253at33208        -            329   5.2e-13   50.4  21.5   6   8     0.019       5.7    7.5   0.1     2    51  1284  1336  1283  1359 0.74 -
evm.utg3158.36                       -           1666 435253at33208        -            329   5.2e-13   50.4  21.5   7   8    0.0016      0.49   11.1   0.1    84   119  1402  1439  1382  1459 0.76 -
evm.utg3158.36                       -           1666 435253at33208        -            329   5.2e-13   50.4  21.5   8   8    0.0002     0.063   14.0   0.3    85   159  1491  1557  1443  1568 0.73 -
evm.utg435.72                        -           1669 435253at33208        -            329   5.3e-13   50.4  17.9   1  10     0.029       8.8    6.9   0.0    87   118   748   779   740   789 0.83 -
evm.utg435.72                        -           1669 435253at33208        -            329   5.3e-13   50.4  17.9   2  10   0.00078      0.24   12.1   0.1    84   122   785   825   780   831 0.82 -
evm.utg435.72                        -           1669 435253at33208        -            329   5.3e-13   50.4  17.9   3  10    0.0018      0.57   10.8   0.1    88   132   833   882   826   884 0.77 -
evm.utg435.72                        -           1669 435253at33208        -            329   5.3e-13   50.4  17.9   4  10     0.036        11    6.6   0.0    87   118   872   903   865   910 0.84 -
evm.utg435.72                        -           1669 435253at33208        -            329   5.3e-13   50.4  17.9   5  10     0.019       5.7    7.5   0.1    86   130   913   964   907   967 0.75 -
evm.utg435.72                        -           1669 435253at33208        -            329   5.3e-13   50.4  17.9   6  10      0.37   1.1e+02    3.3   0.1    88   117   957   986   949  1007 0.71 -
evm.utg435.72                        -           1669 435253at33208        -            329   5.3e-13   50.4  17.9   7  10      0.19        57    4.3   0.0    88   131   999  1049   990  1061 0.77 -
evm.utg435.72                        -           1669 435253at33208        -            329   5.3e-13   50.4  17.9   8  10       3.5   1.1e+03    0.1   0.1    89   116  1084  1111  1073  1163 0.68 -
evm.utg435.72                        -           1669 435253at33208        -            329   5.3e-13   50.4  17.9   9  10     0.026       8.2    7.0   0.0    84   136  1479  1530  1438  1541 0.79 -
evm.utg435.72                        -           1669 435253at33208        -            329   5.3e-13   50.4  17.9  10  10       1.9   5.8e+02    1.0   0.0    81   112  1606  1640  1588  1649 0.76 -
evm.utg2967.37                       -            683 435253at33208        -            329   4.2e-12   47.4   0.0   1   4   0.00058      0.18   12.5   0.0    88   121    40    73    11    78 0.84 -
evm.utg2967.37                       -            683 435253at33208        -            329   4.2e-12   47.4   0.0   2   4   0.00014     0.044   14.5   0.0    86   113    80   107    68   111 0.81 -
evm.utg2967.37                       -            683 435253at33208        -            329   4.2e-12   47.4   0.0   3   4     0.032       9.8    6.8   0.0    89   115   125   151   118   157 0.88 -
evm.utg2967.37                       -            683 435253at33208        -            329   4.2e-12   47.4   0.0   4   4    0.0099         3    8.4   0.0    90   131   168   216   158   228 0.79 -
evm.utg26219.6                       -            683 435253at33208        -            329   4.4e-12   47.4   0.0   1   4   0.00058      0.18   12.5   0.0    88   121    40    73    11    78 0.84 -
evm.utg26219.6                       -            683 435253at33208        -            329   4.4e-12   47.4   0.0   2   4   0.00014     0.044   14.5   0.0    86   113    80   107    68   111 0.81 -
evm.utg26219.6                       -            683 435253at33208        -            329   4.4e-12   47.4   0.0   3   4     0.032       9.8    6.8   0.0    89   115   125   151   118   157 0.88 -
evm.utg26219.6                       -            683 435253at33208        -            329   4.4e-12   47.4   0.0   4   4    0.0096         3    8.5   0.0    90   131   168   216   158   229 0.79 -
evm.utg2967.37.2.5c22ee73            -            682 435253at33208        -            329   4.6e-12   47.3   0.0   1   4   0.00066       0.2   12.3   0.0    88   121    39    72    20    77 0.85 -
evm.utg2967.37.2.5c22ee73            -            682 435253at33208        -            329   4.6e-12   47.3   0.0   2   4   0.00014     0.044   14.5   0.0    86   113    79   106    67   110 0.81 -
evm.utg2967.37.2.5c22ee73            -            682 435253at33208        -            329   4.6e-12   47.3   0.0   3   4     0.032       9.8    6.8   0.0    89   115   124   150   117   156 0.88 -
evm.utg2967.37.2.5c22ee73            -            682 435253at33208        -            329   4.6e-12   47.3   0.0   4   4    0.0098         3    8.4   0.0    90   131   167   215   157   227 0.79 -
evm.utg2323.5                        -            681 435253at33208        -            329   6.9e-12   46.7   0.0   1   4   0.00092      0.28   11.8   0.0    88   120    40    72    11    78 0.83 -
evm.utg2323.5                        -            681 435253at33208        -            329   6.9e-12   46.7   0.0   2   4   0.00014     0.045   14.5   0.0    86   113    80   107    68   111 0.82 -
evm.utg2323.5                        -            681 435253at33208        -            329   6.9e-12   46.7   0.0   3   4     0.034        10    6.7   0.0    89   115   125   151   118   157 0.88 -
evm.utg2323.5                        -            681 435253at33208        -            329   6.9e-12   46.7   0.0   4   4    0.0096         3    8.5   0.0    90   131   168   216   158   229 0.79 -
evm.utg1056.106                      -            351 435253at33208        -            329   1.4e-11   45.7   5.4   1   5       2.7   8.4e+02    0.4   0.0    86   113    80   107    68   116 0.85 -
evm.utg1056.106                      -            351 435253at33208        -            329   1.4e-11   45.7   5.4   2   5   0.00025     0.076   13.7   0.1    75   112   111   148   106   151 0.85 -
evm.utg1056.106                      -            351 435253at33208        -            329   1.4e-11   45.7   5.4   3   5    0.0083       2.6    8.7   0.0    79   115   157   193   149   223 0.75 -
evm.utg1056.106                      -            351 435253at33208        -            329   1.4e-11   45.7   5.4   4   5   0.00064       0.2   12.4   0.0    88   111   251   274   243   283 0.83 -
evm.utg1056.106                      -            351 435253at33208        -            329   1.4e-11   45.7   5.4   5   5     0.018       5.6    7.6   0.1    89   112   297   320   288   348 0.64 -
evm.utg1056.106.1.5c22e841           -            351 435253at33208        -            329   1.4e-11   45.7   5.4   1   5       2.7   8.4e+02    0.4   0.0    86   113    80   107    68   116 0.85 -
evm.utg1056.106.1.5c22e841           -            351 435253at33208        -            329   1.4e-11   45.7   5.4   2   5   0.00025     0.076   13.7   0.1    75   112   111   148   106   151 0.85 -
evm.utg1056.106.1.5c22e841           -            351 435253at33208        -            329   1.4e-11   45.7   5.4   3   5    0.0083       2.6    8.7   0.0    79   115   157   193   149   223 0.75 -
evm.utg1056.106.1.5c22e841           -            351 435253at33208        -            329   1.4e-11   45.7   5.4   4   5   0.00064       0.2   12.4   0.0    88   111   251   274   243   283 0.83 -
evm.utg1056.106.1.5c22e841           -            351 435253at33208        -            329   1.4e-11   45.7   5.4   5   5     0.018       5.6    7.6   0.1    89   112   297   320   288   348 0.64 -
evm.utg12655.28                      -            300 435253at33208        -            329   1.7e-11   45.4   0.0   1   4    0.0039       1.2    9.8   0.0    86   114    69    97    57   103 0.88 -
evm.utg12655.28                      -            300 435253at33208        -            329   1.7e-11   45.4   0.0   2   4      0.22        68    4.0   0.0    83   107   107   133   100   148 0.71 -
evm.utg12655.28                      -            300 435253at33208        -            329   1.7e-11   45.4   0.0   3   4   8.1e-05     0.025   15.3   0.0    89   135   156   209   148   224 0.72 -
evm.utg12655.28                      -            300 435253at33208        -            329   1.7e-11   45.4   0.0   4   4    0.0016      0.48   11.1   0.0    64   113   223   272   221   277 0.91 -
evm.utg616.9                         -            671 435253at33208        -            329   4.5e-11   44.0  10.3   1   6     0.051        16    6.1   0.0    89   119   365   395   354   397 0.82 -
evm.utg616.9                         -            671 435253at33208        -            329   4.5e-11   44.0  10.3   2   6   0.00044      0.14   12.9   0.1    86   121   402   437   388   451 0.72 -
evm.utg616.9                         -            671 435253at33208        -            329   4.5e-11   44.0  10.3   3   6       0.1        32    5.1   0.0    83   113   437   469   431   473 0.77 -
evm.utg616.9                         -            671 435253at33208        -            329   4.5e-11   44.0  10.3   4   6    0.0026      0.81   10.3   0.1    90   129   486   530   477   531 0.80 -
evm.utg616.9                         -            671 435253at33208        -            329   4.5e-11   44.0  10.3   5   6     0.052        16    6.1   0.1    88   111   524   547   515   555 0.83 -
evm.utg616.9                         -            671 435253at33208        -            329   4.5e-11   44.0  10.3   6   6    0.0062       1.9    9.1   0.3    87   131   563   615   553   618 0.77 -
evm.utg577.102                       -            912 435253at33208        -            329   6.5e-11   43.5   3.1   1   4    0.0015      0.45   11.2   0.0    86   134   631   684   623   688 0.79 -
evm.utg577.102                       -            912 435253at33208        -            329   6.5e-11   43.5   3.1   2   4     0.043        13    6.3   0.9    85   131   668   721   664   733 0.74 -
evm.utg577.102                       -            912 435253at33208        -            329   6.5e-11   43.5   3.1   3   4   1.8e-07   5.4e-05   24.1   0.6    39   119   694   784   688   809 0.65 -
evm.utg577.102                       -            912 435253at33208        -            329   6.5e-11   43.5   3.1   4   4      0.17        52    4.4   0.0    76   112   815   859   782   884 0.60 -
evm.utg2967.37.1.5c22ee73            -            636 435253at33208        -            329   2.4e-10   41.7   0.0   1   4     0.037        12    6.5   0.0    93   121     1    29     1    34 0.89 -
evm.utg2967.37.1.5c22ee73            -            636 435253at33208        -            329   2.4e-10   41.7   0.0   2   4   0.00013      0.04   14.6   0.0    86   113    36    63    24    67 0.81 -
evm.utg2967.37.1.5c22ee73            -            636 435253at33208        -            329   2.4e-10   41.7   0.0   3   4     0.029         9    6.9   0.0    89   115    81   107    74   113 0.88 -
evm.utg2967.37.1.5c22ee73            -            636 435253at33208        -            329   2.4e-10   41.7   0.0   4   4     0.009       2.8    8.6   0.0    90   131   124   172   114   184 0.79 -
evm.utg21228.28                      -            351 435253at33208        -            329   2.6e-10   41.6   0.0   1   3     0.036        11    6.6   0.0    86   114   120   148   114   153 0.85 -
evm.utg21228.28                      -            351 435253at33208        -            329   2.6e-10   41.6   0.0   2   3   0.00011     0.034   14.9   0.0    89   134   207   259   198   273 0.72 -
evm.utg21228.28                      -            351 435253at33208        -            329   2.6e-10   41.6   0.0   3   3    0.0019      0.58   10.8   0.0    64   113   274   323   270   328 0.91 -
evm.utg6220.15                       -            692 435253at33208        -            329   7.3e-10   40.1   7.5   1   5       1.8   5.7e+02    1.0   0.0    83   121    43    81    37    89 0.85 -
evm.utg6220.15                       -            692 435253at33208        -            329   7.3e-10   40.1   7.5   2   5   2.4e-06   0.00074   20.3   1.0     2   120    89   206    88   227 0.79 -
evm.utg6220.15                       -            692 435253at33208        -            329   7.3e-10   40.1   7.5   3   5     4e-05     0.012   16.3   0.0     3    66   437   504   432   513 0.78 -
evm.utg6220.15                       -            692 435253at33208        -            329   7.3e-10   40.1   7.5   4   5         8   2.5e+03   -1.1   0.0    60   118   546   604   543   624 0.73 -
evm.utg6220.15                       -            692 435253at33208        -            329   7.3e-10   40.1   7.5   5   5       2.1   6.4e+02    0.8   0.0    81   129   609   664   600   677 0.71 -
evm.utg6220.15.1.5c22f2e5            -            692 435253at33208        -            329   7.3e-10   40.1   7.5   1   5       1.8   5.7e+02    1.0   0.0    83   121    43    81    37    89 0.85 -
evm.utg6220.15.1.5c22f2e5            -            692 435253at33208        -            329   7.3e-10   40.1   7.5   2   5   2.4e-06   0.00074   20.3   1.0     2   120    89   206    88   227 0.79 -
evm.utg6220.15.1.5c22f2e5            -            692 435253at33208        -            329   7.3e-10   40.1   7.5   3   5     4e-05     0.012   16.3   0.0     3    66   437   504   432   513 0.78 -
evm.utg6220.15.1.5c22f2e5            -            692 435253at33208        -            329   7.3e-10   40.1   7.5   4   5         8   2.5e+03   -1.1   0.0    60   118   546   604   543   624 0.73 -
evm.utg6220.15.1.5c22f2e5            -            692 435253at33208        -            329   7.3e-10   40.1   7.5   5   5       2.1   6.4e+02    0.8   0.0    81   129   609   664   600   677 0.71 -
evm.utg2757.69                       -            710 435253at33208        -            329   7.8e-10   40.0   5.2   1   5       4.5   1.4e+03   -0.3   0.0    74    99   439   464   430   466 0.80 -
evm.utg2757.69                       -            710 435253at33208        -            329   7.8e-10   40.0   5.2   2   5   0.00043      0.13   12.9   0.1    86   114   467   495   463   507 0.89 -
evm.utg2757.69                       -            710 435253at33208        -            329   7.8e-10   40.0   5.2   3   5   0.00021     0.064   14.0   0.1    85   133   506   563   501   575 0.75 -
evm.utg2757.69                       -            710 435253at33208        -            329   7.8e-10   40.0   5.2   4   5    0.0023      0.71   10.5   0.1    84   131   610   666   608   678 0.77 -
evm.utg2757.69                       -            710 435253at33208        -            329   7.8e-10   40.0   5.2   5   5      0.71   2.2e+02    2.3   0.0    87   112   657   682   648   688 0.70 -
evm.utg7.52                          -            496 435253at33208        -            329   9.2e-10   39.7   3.7   1   5     0.021       6.6    7.3   0.1    88   112   215   239   197   242 0.90 -
evm.utg7.52                          -            496 435253at33208        -            329   9.2e-10   39.7   3.7   2   5    0.0039       1.2    9.8   0.2    86   131   253   303   245   307 0.80 -
evm.utg7.52                          -            496 435253at33208        -            329   9.2e-10   39.7   3.7   3   5    0.0038       1.2    9.8   0.0    86   111   336   361   330   367 0.85 -
evm.utg7.52                          -            496 435253at33208        -            329   9.2e-10   39.7   3.7   4   5    0.0098         3    8.5   0.0    86   133   376   428   366   432 0.73 -
evm.utg7.52                          -            496 435253at33208        -            329   9.2e-10   39.7   3.7   5   5       2.9     9e+02    0.3   0.0     3    66   418   475   416   483 0.54 -
evm.utg10470.3                       -            667 435253at33208        -            329   1.3e-09   39.2   0.9   1   4      0.13        42    4.7   0.0    83   112   428   459   420   465 0.80 -
evm.utg10470.3                       -            667 435253at33208        -            329   1.3e-09   39.2   0.9   2   4   0.00087      0.27   11.9   0.0    88   115   477   504   470   511 0.90 -
evm.utg10470.3                       -            667 435253at33208        -            329   1.3e-09   39.2   0.9   3   4    0.0002     0.063   14.0   0.0    86   120   517   551   510   558 0.87 -
evm.utg10470.3                       -            667 435253at33208        -            329   1.3e-09   39.2   0.9   4   4      0.37   1.1e+02    3.3   0.0    88   115   561   588   553   616 0.78 -
evm.utg6220.15.2.5c22f2e5            -            663 435253at33208        -            329   1.8e-09   38.8   7.4   1   4       1.8   5.5e+02    1.0   0.0    83   121    43    81    37    88 0.84 -
evm.utg6220.15.2.5c22f2e5            -            663 435253at33208        -            329   1.8e-09   38.8   7.4   2   4   2.3e-06   0.00072   20.4   1.0     2   120    89   206    88   227 0.79 -
evm.utg6220.15.2.5c22f2e5            -            663 435253at33208        -            329   1.8e-09   38.8   7.4   3   4   3.8e-05     0.012   16.4   0.0     3    66   437   504   431   513 0.79 -
evm.utg6220.15.2.5c22f2e5            -            663 435253at33208        -            329   1.8e-09   38.8   7.4   4   4       6.4     2e+03   -0.8   0.0    60   118   546   604   543   631 0.69 -
evm.utg389.12.1.5c22f032             -            817 435253at33208        -            329     2e-09   38.6  23.7   1   5     0.029       8.9    6.9   2.8    74   130    58   123    23   129 0.73 -
evm.utg389.12.1.5c22f032             -            817 435253at33208        -            329     2e-09   38.6  23.7   2   5     0.042        13    6.4   0.1    38   146   172   275   165   290 0.78 -
evm.utg389.12.1.5c22f032             -            817 435253at33208        -            329     2e-09   38.6  23.7   3   5     0.058        18    5.9   1.4     2   112   307   429   306   444 0.71 -
evm.utg389.12.1.5c22f032             -            817 435253at33208        -            329     2e-09   38.6  23.7   4   5   0.00015     0.047   14.4   0.1    78   116   437   475   430   485 0.79 -
evm.utg389.12.1.5c22f032             -            817 435253at33208        -            329     2e-09   38.6  23.7   5   5   0.00015     0.048   14.4   0.1    89   137   489   545   479   563 0.71 -
evm.utg777.49                        -            667 435253at33208        -            329   2.5e-09   38.3   0.9   1   5      0.34   1.1e+02    3.4   0.1    35   134   338   446   322   455 0.54 -
evm.utg777.49                        -            667 435253at33208        -            329   2.5e-09   38.3   0.9   2   5      0.13        42    4.7   0.0    83   112   428   459   420   465 0.80 -
evm.utg777.49                        -            667 435253at33208        -            329   2.5e-09   38.3   0.9   3   5    0.0017      0.53   10.9   0.0    88   114   477   503   471   511 0.90 -
evm.utg777.49                        -            667 435253at33208        -            329   2.5e-09   38.3   0.9   4   5   0.00021     0.064   14.0   0.0    86   120   517   551   509   557 0.87 -
evm.utg777.49                        -            667 435253at33208        -            329   2.5e-09   38.3   0.9   5   5      0.42   1.3e+02    3.1   0.0    88   115   561   588   553   615 0.81 -
evm.utg2216.8                        -            504 435253at33208        -            329   2.7e-09   38.2   0.2   1   4     0.001      0.32   11.7   0.0    76   131    65   127    25   135 0.79 -
evm.utg2216.8                        -            504 435253at33208        -            329   2.7e-09   38.2   0.2   2   4     0.005       1.5    9.4   0.1     3    53   119   175   117   182 0.72 -
evm.utg2216.8                        -            504 435253at33208        -            329   2.7e-09   38.2   0.2   3   4       0.3        94    3.6   0.0   114   143   211   240   198   247 0.89 -
evm.utg2216.8                        -            504 435253at33208        -            329   2.7e-09   38.2   0.2   4   4    0.0039       1.2    9.8   0.0    73   139   256   327   249   344 0.77 -
evm.utg18125.5                       -            949 435253at33208        -            329   4.2e-09   37.6  26.6   1   6      0.64     2e+02    2.5   2.1    62   107   299   357   283   368 0.59 -
evm.utg18125.5                       -            949 435253at33208        -            329   4.2e-09   37.6  26.6   2   6     0.018       5.4    7.6   0.5    77   130   369   431   363   437 0.74 -
evm.utg18125.5                       -            949 435253at33208        -            329   4.2e-09   37.6  26.6   3   6     0.027       8.3    7.0   0.1    37   146   479   583   474   598 0.79 -
evm.utg18125.5                       -            949 435253at33208        -            329   4.2e-09   37.6  26.6   4   6      0.11        33    5.0   0.5     2   112   615   737   614   749 0.66 -
evm.utg18125.5                       -            949 435253at33208        -            329   4.2e-09   37.6  26.6   5   6     5e-05     0.015   16.0   0.1    78   116   745   783   736   790 0.79 -
evm.utg18125.5                       -            949 435253at33208        -            329   4.2e-09   37.6  26.6   6   6   0.00035      0.11   13.2   0.1    89   134   797   850   785   870 0.72 -
evm.utg17809.13                      -            456 435253at33208        -            329   7.1e-09   36.8  11.4   1   6       5.1   1.6e+03   -0.5   0.0    87   112   125   150   120   177 0.68 -
evm.utg17809.13                      -            456 435253at33208        -            329   7.1e-09   36.8  11.4   2   6   0.00035      0.11   13.2   1.2    88   131   216   265   197   279 0.76 -
evm.utg17809.13                      -            456 435253at33208        -            329   7.1e-09   36.8  11.4   3   6    0.0053       1.6    9.3   0.1    86   117   255   286   244   293 0.86 -
evm.utg17809.13                      -            456 435253at33208        -            329   7.1e-09   36.8  11.4   4   6       5.8   1.8e+03   -0.7   0.0    83   116   331   367   315   375 0.76 -
evm.utg17809.13                      -            456 435253at33208        -            329   7.1e-09   36.8  11.4   5   6     0.023       7.1    7.2   0.0    88   124   381   415   372   420 0.76 -
evm.utg17809.13                      -            456 435253at33208        -            329   7.1e-09   36.8  11.4   6   6   6.5e-05      0.02   15.6   0.0    75   114   410   449   407   453 0.86 -
evm.utg498.66                        -            670 435253at33208        -            329   7.7e-09   36.7   9.8   1   4   0.00076      0.23   12.1   0.2    50   112   410   484   407   494 0.55 -
evm.utg498.66                        -            670 435253at33208        -            329   7.7e-09   36.7   9.8   2   4     0.059        18    5.9   0.1    86   114   496   525   488   532 0.79 -
evm.utg498.66                        -            670 435253at33208        -            329   7.7e-09   36.7   9.8   3   4   0.00037      0.12   13.1   0.3    50   117   530   607   526   619 0.68 -
evm.utg498.66                        -            670 435253at33208        -            329   7.7e-09   36.7   9.8   4   4     0.073        23    5.6   0.1    88   130   622   669   614   669 0.74 -
evm.utg389.12.2.5c22f032             -            702 435253at33208        -            329   9.3e-09   36.4  13.0   1   4     0.033        10    6.7   0.1    38   146    57   160    50   175 0.79 -
evm.utg389.12.2.5c22f032             -            702 435253at33208        -            329   9.3e-09   36.4  13.0   2   4     0.049        15    6.1   1.2     2   112   192   314   191   324 0.71 -
evm.utg389.12.2.5c22f032             -            702 435253at33208        -            329   9.3e-09   36.4  13.0   3   4   0.00014     0.042   14.6   0.1    80   116   324   360   317   370 0.78 -
evm.utg389.12.2.5c22f032             -            702 435253at33208        -            329   9.3e-09   36.4  13.0   4   4   0.00012     0.037   14.7   0.1    89   137   374   430   363   449 0.71 -
evm.utg73.56                         -            309 435253at33208        -            329   9.4e-09   36.4   0.9   1   4      0.25        78    3.8   0.0    82   119    32    71    23    79 0.80 -
evm.utg73.56                         -            309 435253at33208        -            329   9.4e-09   36.4   0.9   2   4   2.5e-05    0.0077   17.0   0.1    86   129    80   131    76   139 0.72 -
evm.utg73.56                         -            309 435253at33208        -            329   9.4e-09   36.4   0.9   3   4     0.021       6.4    7.4   0.0    80   111   198   230   123   236 0.65 -
evm.utg73.56                         -            309 435253at33208        -            329   9.4e-09   36.4   0.9   4   4      0.25        77    3.8   0.1    25    58   237   270   230   285 0.80 -
evm.utg10470.3.1.5c22e808            -            577 435253at33208        -            329     1e-08   36.3   0.3   1   3      0.11        35    5.0   0.0    83   112   428   459   420   465 0.80 -
evm.utg10470.3.1.5c22e808            -            577 435253at33208        -            329     1e-08   36.3   0.3   2   3   0.00075      0.23   12.1   0.0    88   115   477   504   471   511 0.90 -
evm.utg10470.3.1.5c22e808            -            577 435253at33208        -            329     1e-08   36.3   0.3   3   3   0.00013     0.039   14.7   0.0    86   120   517   551   507   567 0.85 -
evm.utg4155.23                       -            416 435253at33208        -            329   2.1e-08   35.2   2.2   1   7      0.13        41    4.7   0.0    88   114   113   139   105   152 0.84 -
evm.utg4155.23                       -            416 435253at33208        -            329   2.1e-08   35.2   2.2   2   7      0.12        38    4.8   0.0    89   112   157   180   150   189 0.89 -
evm.utg4155.23                       -            416 435253at33208        -            329   2.1e-08   35.2   2.2   3   7    0.0061       1.9    9.1   0.1    86   130   196   247   181   248 0.70 -
evm.utg4155.23                       -            416 435253at33208        -            329   2.1e-08   35.2   2.2   4   7      0.21        66    4.1   0.0    84   114   234   266   224   271 0.81 -
evm.utg4155.23                       -            416 435253at33208        -            329   2.1e-08   35.2   2.2   5   7     0.038        12    6.5   0.0    82   116   276   310   265   338 0.82 -
evm.utg4155.23                       -            416 435253at33208        -            329   2.1e-08   35.2   2.2   6   7       9.1   2.8e+03   -1.3   0.0    86   116   322   352   316   357 0.83 -
evm.utg4155.23                       -            416 435253at33208        -            329   2.1e-08   35.2   2.2   7   7       2.4   7.3e+02    0.6   0.0    86   112   364   390   358   397 0.81 -
evm.utg1748.16                       -            702 435253at33208        -            329   2.2e-08   35.2   3.7   1   4   0.00016     0.049   14.3   0.2    89   137   438   492   414   498 0.82 -
evm.utg1748.16                       -            702 435253at33208        -            329   2.2e-08   35.2   3.7   2   4      0.19        59    4.2   0.0    86   135   516   572   503   582 0.68 -
evm.utg1748.16                       -            702 435253at33208        -            329   2.2e-08   35.2   3.7   3   4     0.045        14    6.3   0.0    85   114   599   628   595   639 0.87 -
evm.utg1748.16                       -            702 435253at33208        -            329   2.2e-08   35.2   3.7   4   4      0.02       6.2    7.4   0.0    84   114   645   677   639   699 0.80 -
evm.utg777.49.1.5c22f40d             -            577 435253at33208        -            329   2.2e-08   35.2   0.3   1   3      0.11        34    5.0   0.0    83   112   428   459   419   465 0.80 -
evm.utg777.49.1.5c22f40d             -            577 435253at33208        -            329   2.2e-08   35.2   0.3   2   3    0.0014      0.43   11.2   0.0    88   114   477   503   470   512 0.90 -
evm.utg777.49.1.5c22f40d             -            577 435253at33208        -            329   2.2e-08   35.2   0.3   3   3   0.00016     0.049   14.3   0.0    86   120   517   551   509   562 0.87 -
evm.utg389.12                        -            914 435253at33208        -            329   2.8e-08   34.8  29.3   1   6      0.65     2e+02    2.5   2.0    62   107    88   146    70   156 0.60 -
evm.utg389.12                        -            914 435253at33208        -            329   2.8e-08   34.8  29.3   2   6     0.013         4    8.1   0.7    75   130   156   220   151   226 0.75 -
evm.utg389.12                        -            914 435253at33208        -            329   2.8e-08   34.8  29.3   3   6     0.049        15    6.2   0.1    38   146   269   372   262   387 0.78 -
evm.utg389.12                        -            914 435253at33208        -            329   2.8e-08   34.8  29.3   4   6     0.058        18    5.9   0.9     2   112   404   526   403   538 0.71 -
evm.utg389.12                        -            914 435253at33208        -            329   2.8e-08   34.8  29.3   5   6   0.00017     0.053   14.2   0.1    78   116   534   572   527   582 0.79 -
evm.utg389.12                        -            914 435253at33208        -            329   2.8e-08   34.8  29.3   6   6   0.00019     0.058   14.1   0.2    90   137   588   642   577   660 0.71 -
evm.utg1694.17                       -            301 435253at33208        -            329   3.3e-08   34.6   0.7   1   3    0.0014      0.44   11.2   0.0    49   117   121   201   118   206 0.65 -
evm.utg1694.17                       -            301 435253at33208        -            329   3.3e-08   34.6   0.7   2   3   0.00023      0.07   13.8   0.1    86   113   210   237   204   252 0.81 -
evm.utg1694.17                       -            301 435253at33208        -            329   3.3e-08   34.6   0.7   3   3     0.042        13    6.4   0.0    88   129   252   298   242   300 0.69 -
evm.utg1221.16.1.5c22e95a            -            415 435253at33208        -            329   3.5e-08   34.5   2.1   1   7      0.13        41    4.7   0.0    88   114   113   139   105   152 0.84 -
evm.utg1221.16.1.5c22e95a            -            415 435253at33208        -            329   3.5e-08   34.5   2.1   2   7      0.12        37    4.9   0.0    89   112   157   180   149   189 0.89 -
evm.utg1221.16.1.5c22e95a            -            415 435253at33208        -            329   3.5e-08   34.5   2.1   3   7    0.0072       2.2    8.9   0.1    86   130   196   247   182   248 0.70 -
evm.utg1221.16.1.5c22e95a            -            415 435253at33208        -            329   3.5e-08   34.5   2.1   4   7      0.17        53    4.4   0.0    84   114   234   266   221   274 0.80 -
evm.utg1221.16.1.5c22e95a            -            415 435253at33208        -            329   3.5e-08   34.5   2.1   5   7     0.047        15    6.2   0.0    82   115   276   309   266   319 0.80 -
evm.utg1221.16.1.5c22e95a            -            415 435253at33208        -            329   3.5e-08   34.5   2.1   6   7       4.2   1.3e+03   -0.2   0.0    86   117   322   353   315   384 0.77 -
evm.utg1221.16.1.5c22e95a            -            415 435253at33208        -            329   3.5e-08   34.5   2.1   7   7       3.5   1.1e+03    0.1   0.0    86   112   364   390   355   396 0.81 -
evm.utg1221.16                       -            416 435253at33208        -            329   4.9e-08   34.1   2.7   1   7      0.13        41    4.7   0.0    88   114   113   139   105   152 0.84 -
evm.utg1221.16                       -            416 435253at33208        -            329   4.9e-08   34.1   2.7   2   7      0.13        40    4.8   0.0    89   112   157   180   150   186 0.89 -
evm.utg1221.16                       -            416 435253at33208        -            329   4.9e-08   34.1   2.7   3   7    0.0092       2.8    8.5   0.1    86   129   196   246   180   247 0.68 -
evm.utg1221.16                       -            416 435253at33208        -            329   4.9e-08   34.1   2.7   4   7       0.2        61    4.2   0.0    84   114   234   266   223   271 0.80 -
evm.utg1221.16                       -            416 435253at33208        -            329   4.9e-08   34.1   2.7   5   7      0.05        16    6.1   0.0    83   115   277   309   267   318 0.80 -
evm.utg1221.16                       -            416 435253at33208        -            329   4.9e-08   34.1   2.7   6   7       5.2   1.6e+03   -0.5   0.0    86   117   322   353   314   376 0.80 -
evm.utg1221.16                       -            416 435253at33208        -            329   4.9e-08   34.1   2.7   7   7       3.4     1e+03    0.1   0.0    86   112   364   390   357   400 0.82 -
evm.utg736.53                        -            495 435253at33208        -            329   7.3e-08   33.5   1.5   1   3    0.0015      0.47   11.1   0.0    82   115   172   205   166   234 0.74 -
evm.utg736.53                        -            495 435253at33208        -            329   7.3e-08   33.5   1.5   2   3    0.0072       2.2    8.9   0.1    87   113   300   326   286   330 0.82 -
evm.utg736.53                        -            495 435253at33208        -            329   7.3e-08   33.5   1.5   3   3    0.0026      0.81   10.3   0.2    77   130   332   394   325   417 0.77 -
evm.utg405.2                         -            495 435253at33208        -            329   7.4e-08   33.5   1.5   1   3    0.0015      0.47   11.1   0.0    82   115   172   205   166   234 0.74 -
evm.utg405.2                         -            495 435253at33208        -            329   7.4e-08   33.5   1.5   2   3    0.0072       2.2    8.9   0.1    87   113   300   326   286   330 0.82 -
evm.utg405.2                         -            495 435253at33208        -            329   7.4e-08   33.5   1.5   3   3    0.0026      0.81   10.3   0.2    77   130   332   394   325   417 0.77 -
evm.utg1221.16.2.5c22e95a            -            399 435253at33208        -            329   1.2e-07   32.8   2.7   1   6      0.12        38    4.8   0.0    88   114   113   139   105   152 0.84 -
evm.utg1221.16.2.5c22e95a            -            399 435253at33208        -            329   1.2e-07   32.8   2.7   2   6      0.12        38    4.9   0.0    89   112   157   180   150   186 0.89 -
evm.utg1221.16.2.5c22e95a            -            399 435253at33208        -            329   1.2e-07   32.8   2.7   3   6    0.0065         2    9.0   0.1    86   130   196   247   181   248 0.70 -
evm.utg1221.16.2.5c22e95a            -            399 435253at33208        -            329   1.2e-07   32.8   2.7   4   6      0.18        54    4.3   0.0    84   114   234   266   223   274 0.81 -
evm.utg1221.16.2.5c22e95a            -            399 435253at33208        -            329   1.2e-07   32.8   2.7   5   6     0.046        14    6.3   0.0    82   115   276   309   266   318 0.80 -
evm.utg1221.16.2.5c22e95a            -            399 435253at33208        -            329   1.2e-07   32.8   2.7   6   6       3.8   1.2e+03   -0.1   0.0    86   117   322   353   314   385 0.77 -
evm.utg27.21                         -            316 435253at33208        -            329   1.6e-07   32.4   2.9   1   4       7.7   2.4e+03   -1.1   0.0    84   101    31    50    23    83 0.57 -
evm.utg27.21                         -            316 435253at33208        -            329   1.6e-07   32.4   2.9   2   4   3.1e-05    0.0094   16.7   0.1    88   135    84   138    76   149 0.75 -
evm.utg27.21                         -            316 435253at33208        -            329   1.6e-07   32.4   2.9   3   4       1.3   3.9e+02    1.5   0.1    84   111   165   194   144   202 0.78 -
evm.utg27.21                         -            316 435253at33208        -            329   1.6e-07   32.4   2.9   4   4   0.00089      0.27   11.9   0.1    32   104   206   269   171   273 0.73 -
evm.utg2159.31.4.5c22ed19.1.5c2791f0 -           1007 435253at33208        -            329   1.8e-07   32.2   5.6   1   3   9.2e-05     0.028   15.1   0.3    88   137   437   492   414   498 0.82 -
evm.utg2159.31.4.5c22ed19.1.5c2791f0 -           1007 435253at33208        -            329   1.8e-07   32.2   5.6   2   3      0.33     1e+02    3.4   0.0    86   114   516   544   504   579 0.67 -
evm.utg2159.31.4.5c22ed19.1.5c2791f0 -           1007 435253at33208        -            329   1.8e-07   32.2   5.6   3   3    0.0027      0.83   10.3   0.4     2   114   559   677   558   699 0.67 -
evm.utg2159.31.4.5c22ed19            -           1335 435253at33208        -            329   1.8e-07   32.2   3.6   1   3   0.00011     0.033   14.9   0.1    88   137   437   492   413   502 0.82 -
evm.utg2159.31.4.5c22ed19            -           1335 435253at33208        -            329   1.8e-07   32.2   3.6   2   3      0.47   1.4e+02    2.9   0.0    86   114   516   544   503   578 0.68 -
evm.utg2159.31.4.5c22ed19            -           1335 435253at33208        -            329   1.8e-07   32.2   3.6   3   3    0.0037       1.2    9.8   0.3     2   114   559   677   558   700 0.67 -
evm.utg2159.31.3.5c22ed19            -           1403 435253at33208        -            329   2.3e-07   31.9   3.6   1   3   0.00011     0.035   14.8   0.1    88   137   437   492   413   502 0.82 -
evm.utg2159.31.3.5c22ed19            -           1403 435253at33208        -            329   2.3e-07   31.9   3.6   2   3       0.6   1.8e+02    2.6   0.0    86   113   516   543   506   573 0.68 -
evm.utg2159.31.3.5c22ed19            -           1403 435253at33208        -            329   2.3e-07   31.9   3.6   3   3     0.004       1.2    9.7   0.4     2   114   559   677   558   703 0.67 -
evm.utg4972.23                       -            640 435253at33208        -            329   2.8e-07   31.6   3.1   1   4     0.013         4    8.0   0.1    86   131   364   416   358   425 0.73 -
evm.utg4972.23                       -            640 435253at33208        -            329   2.8e-07   31.6   3.1   2   4      0.18        56    4.3   0.0    88   112   454   478   422   491 0.89 -
evm.utg4972.23                       -            640 435253at33208        -            329   2.8e-07   31.6   3.1   3   4     0.003      0.92   10.2   0.0    88   117   494   523   486   551 0.77 -
evm.utg4972.23                       -            640 435253at33208        -            329   2.8e-07   31.6   3.1   4   4     0.049        15    6.2   0.1    88   130   581   628   570   630 0.79 -
evm.utg2159.31.1.5c22ed19            -           1510 435253at33208        -            329   3.3e-07   31.3   3.6   1   3   0.00012     0.039   14.7   0.1    88   137   437   492   414   502 0.83 -
evm.utg2159.31.1.5c22ed19            -           1510 435253at33208        -            329   3.3e-07   31.3   3.6   2   3      0.51   1.6e+02    2.8   0.0    86   114   516   544   503   579 0.68 -
evm.utg2159.31.1.5c22ed19            -           1510 435253at33208        -            329   3.3e-07   31.3   3.6   3   3    0.0042       1.3    9.7   0.3     2   114   559   677   558   703 0.67 -
evm.utg72.22                         -            454 435253at33208        -            329   3.3e-07   31.3  10.9   1   4      0.21        65    4.1   3.8    82   114   208   242   124   243 0.60 -
evm.utg72.22                         -            454 435253at33208        -            329   3.3e-07   31.3  10.9   2   4    0.0079       2.4    8.8   2.6    86   119   235   268   167   273 0.78 -
evm.utg72.22                         -            454 435253at33208        -            329   3.3e-07   31.3  10.9   3   4     0.024       7.4    7.2   0.1    88   123   361   394   352   399 0.75 -
evm.utg72.22                         -            454 435253at33208        -            329   3.3e-07   31.3  10.9   4   4     7e-05     0.022   15.5   0.0    75   114   390   429   386   453 0.77 -
evm.utg2159.31.2.5c22ed19            -           1510 435253at33208        -            329   3.4e-07   31.3   3.6   1   3   0.00012     0.039   14.7   0.1    88   137   437   492   414   502 0.83 -
evm.utg2159.31.2.5c22ed19            -           1510 435253at33208        -            329   3.4e-07   31.3   3.6   2   3      0.51   1.6e+02    2.8   0.0    86   114   516   544   503   579 0.68 -
evm.utg2159.31.2.5c22ed19            -           1510 435253at33208        -            329   3.4e-07   31.3   3.6   3   3    0.0042       1.3    9.7   0.3     2   114   559   677   558   703 0.67 -
evm.utg2159.31                       -           1576 435253at33208        -            329   4.5e-07   30.9   3.7   1   3   0.00013      0.04   14.6   0.1    88   137   437   492   414   502 0.83 -
evm.utg2159.31                       -           1576 435253at33208        -            329   4.5e-07   30.9   3.7   2   3      0.55   1.7e+02    2.7   0.0    86   114   516   544   504   579 0.67 -
evm.utg2159.31                       -           1576 435253at33208        -            329   4.5e-07   30.9   3.7   3   3    0.0046       1.4    9.5   0.4     2   114   559   677   558   701 0.67 -
evm.utg1290.9                        -            598 435253at33208        -            329   5.6e-07   30.6   7.0   1   4      0.12        36    4.9   0.0    84   129   332   387   316   389 0.64 -
evm.utg1290.9                        -            598 435253at33208        -            329   5.6e-07   30.6   7.0   2   4     0.065        20    5.7   0.2    50   110   372   443   368   451 0.64 -
evm.utg1290.9                        -            598 435253at33208        -            329   5.6e-07   30.6   7.0   3   4   1.6e-06    0.0005   20.9   0.7    51   120   455   535   451   553 0.73 -
evm.utg1290.9                        -            598 435253at33208        -            329   5.6e-07   30.6   7.0   4   4      0.68   2.1e+02    2.4   0.0    84   117   539   574   535   594 0.73 -
evm.utg777.49.2.5c22f40d             -            602 435253at33208        -            329     6e-07   30.5   0.8   1   3      0.12        36    4.9   0.0    83   112   428   459   419   465 0.80 -
evm.utg777.49.2.5c22f40d             -            602 435253at33208        -            329     6e-07   30.5   0.8   2   3    0.0015      0.46   11.1   0.0    88   114   477   503   470   511 0.90 -
evm.utg777.49.2.5c22f40d             -            602 435253at33208        -            329     6e-07   30.5   0.8   3   3    0.0028      0.87   10.2   0.0    86   110   517   541   509   549 0.87 -
evm.utg439.49.1.5c22f0fa.1.5c27952e  -            353 435253at33208        -            329   6.7e-07   30.3   0.6   1   3   5.6e-06    0.0017   19.1   0.1    59   130   138   219   134   225 0.71 -
evm.utg439.49.1.5c22f0fa.1.5c27952e  -            353 435253at33208        -            329   6.7e-07   30.3   0.6   2   3      0.72   2.2e+02    2.3   0.0    88   106   212   230   204   235 0.82 -
evm.utg439.49.1.5c22f0fa.1.5c27952e  -            353 435253at33208        -            329   6.7e-07   30.3   0.6   3   3     0.015       4.6    7.9   0.0    81   129   249   304   244   309 0.70 -
evm.utg21895.1                       -            272 435253at33208        -            329   6.8e-07   30.3   0.8   1   4   0.00016     0.049   14.3   0.0    90   130     4    52     2    58 0.71 -
evm.utg21895.1                       -            272 435253at33208        -            329   6.8e-07   30.3   0.8   2   4      0.52   1.6e+02    2.8   0.0    88   106    45    63    37    68 0.82 -
evm.utg21895.1                       -            272 435253at33208        -            329   6.8e-07   30.3   0.8   3   4    0.0094       2.9    8.5   0.0    81   129    82   137    77   143 0.71 -
evm.utg21895.1                       -            272 435253at33208        -            329   6.8e-07   30.3   0.8   4   4      0.63   1.9e+02    2.5   0.0     2   108   220   241   213   250 0.59 -
evm.utg21625.4                       -           1518 435253at33208        -            329   8.3e-07   30.0   7.2   1   7     0.022       6.7    7.3   0.0    84   114   912   944   910   955 0.87 -
evm.utg21625.4                       -           1518 435253at33208        -            329   8.3e-07   30.0   7.2   2   7    0.0003     0.092   13.4   0.0    88   118   960   990   951  1010 0.78 -
evm.utg21625.4                       -           1518 435253at33208        -            329   8.3e-07   30.0   7.2   3   7      0.85   2.6e+02    2.1   0.0    86   109  1000  1023   994  1026 0.86 -
evm.utg21625.4                       -           1518 435253at33208        -            329   8.3e-07   30.0   7.2   4   7       1.1   3.4e+02    1.7   0.0    60   132  1112  1206  1092  1222 0.55 -
evm.utg21625.4                       -           1518 435253at33208        -            329   8.3e-07   30.0   7.2   5   7         3   9.3e+02    0.3   0.0    87   111  1194  1220  1185  1251 0.67 -
evm.utg21625.4                       -           1518 435253at33208        -            329   8.3e-07   30.0   7.2   6   7       3.1   9.4e+02    0.3   0.0    88   130  1331  1380  1322  1383 0.76 -
evm.utg21625.4                       -           1518 435253at33208        -            329   8.3e-07   30.0   7.2   7   7       2.6     8e+02    0.5   0.1    88   130  1414  1463  1402  1476 0.64 -
evm.utg439.49                        -            578 435253at33208        -            329   1.1e-06   29.6   2.0   1   4   1.2e-05    0.0037   18.0   0.1    59   130   277   358   273   364 0.71 -
evm.utg439.49                        -            578 435253at33208        -            329   1.1e-06   29.6   2.0   2   4       1.3     4e+02    1.5   0.0    88   106   351   369   343   374 0.82 -
evm.utg439.49                        -            578 435253at33208        -            329   1.1e-06   29.6   2.0   3   4     0.029         9    6.9   0.0    81   129   388   443   383   448 0.70 -
evm.utg439.49                        -            578 435253at33208        -            329   1.1e-06   29.6   2.0   4   4       1.6   4.9e+02    1.2   0.0     2   107   526   546   519   556 0.60 -
evm.utg1290.9.1.5c22ea0d             -            569 435253at33208        -            329   1.3e-06   29.4   3.5   1   4     0.071        22    5.6   0.0    84   130   332   388   316   402 0.69 -
evm.utg1290.9.1.5c22ea0d             -            569 435253at33208        -            329   1.3e-06   29.4   3.5   2   4       3.9   1.2e+03   -0.1   0.0    50    78   372   401   368   416 0.74 -
evm.utg1290.9.1.5c22ea0d             -            569 435253at33208        -            329   1.3e-06   29.4   3.5   3   4   1.9e-06   0.00059   20.6   1.3    51   130   426   523   405   527 0.76 -
evm.utg1290.9.1.5c22ea0d             -            569 435253at33208        -            329   1.3e-06   29.4   3.5   4   4      0.64     2e+02    2.5   0.0    84   117   510   545   506   565 0.73 -
evm.utg439.49.1.5c22f0fa             -            492 435253at33208        -            329   2.1e-06   28.7   0.5   1   3   9.2e-06    0.0028   18.4   0.1    59   130   277   358   273   365 0.72 -
evm.utg439.49.1.5c22f0fa             -            492 435253at33208        -            329   2.1e-06   28.7   0.5   2   3       1.1   3.3e+02    1.8   0.0    88   106   351   369   343   374 0.82 -
evm.utg439.49.1.5c22f0fa             -            492 435253at33208        -            329   2.1e-06   28.7   0.5   3   3     0.024       7.3    7.2   0.0    81   129   388   443   383   448 0.70 -
evm.utg4155.43                       -            416 435253at33208        -            329   2.9e-06   28.2   5.4   1   4   4.3e-06    0.0013   19.5   0.3    58   122   139   208   125   235 0.80 -
evm.utg4155.43                       -            416 435253at33208        -            329   2.9e-06   28.2   5.4   2   4       1.9   5.9e+02    0.9   0.0   111   152   240   281   230   289 0.71 -
evm.utg4155.43                       -            416 435253at33208        -            329   2.9e-06   28.2   5.4   3   4       2.2   6.7e+02    0.7   0.1   104   136   274   308   253   321 0.75 -
evm.utg4155.43                       -            416 435253at33208        -            329   2.9e-06   28.2   5.4   4   4     0.026       8.1    7.0   0.5    87   139   337   396   291   400 0.75 -
evm.utg1205.96                       -            619 435253at33208        -            329   2.9e-06   28.2   1.4   1   4      0.49   1.5e+02    2.9   0.0    84   128     7    50     5    69 0.78 -
evm.utg1205.96                       -            619 435253at33208        -            329   2.9e-06   28.2   1.4   2   4    0.0074       2.3    8.8   0.2    84   114    89   120    78   132 0.74 -
evm.utg1205.96                       -            619 435253at33208        -            329   2.9e-06   28.2   1.4   3   4    0.0028      0.86   10.3   0.4     5   114    96   207    92   220 0.66 -
evm.utg1205.96                       -            619 435253at33208        -            329   2.9e-06   28.2   1.4   4   4    0.0088       2.7    8.6   0.0     3    51   224   277   222   311 0.86 -
evm.utg3174.3                        -            435 435253at33208        -            329   3.3e-06   28.0   1.6   1   4       4.8   1.5e+03   -0.4   0.0    81   111   169   199   164   203 0.85 -
evm.utg3174.3                        -            435 435253at33208        -            329   3.3e-06   28.0   1.6   2   4    0.0038       1.2    9.8   0.1    37   115   216   287   211   295 0.75 -
evm.utg3174.3                        -            435 435253at33208        -            329   3.3e-06   28.0   1.6   3   4     0.016       4.9    7.8   0.0    85   114   299   328   290   359 0.84 -
evm.utg3174.3                        -            435 435253at33208        -            329   3.3e-06   28.0   1.6   4   4      0.19        58    4.2   0.0    77   118   375   415   366   434 0.70 -
evm.utg564.26                        -            598 435253at33208        -            329   4.3e-06   27.7   1.2   1   4      0.38   1.2e+02    3.2   0.1    83   129   365   420   363   422 0.67 -
evm.utg564.26                        -            598 435253at33208        -            329   4.3e-06   27.7   1.2   2   4      0.63     2e+02    2.5   0.0    90   114   416   440   406   444 0.88 -
evm.utg564.26                        -            598 435253at33208        -            329   4.3e-06   27.7   1.2   3   4       0.1        31    5.1   0.0    86   112   454   480   440   490 0.85 -
evm.utg564.26                        -            598 435253at33208        -            329   4.3e-06   27.7   1.2   4   4   0.00045      0.14   12.9   0.0    88   119   498   529   489   567 0.81 -
evm.utg194.98                        -            510 435253at33208        -            329   5.9e-06   27.2   2.5   1   3     0.074        23    5.6   0.6    50   118   249   319   238   331 0.66 -
evm.utg194.98                        -            510 435253at33208        -            329   5.9e-06   27.2   2.5   2   3   7.9e-05     0.024   15.3   0.0    87   131   375   426   368   431 0.83 -
evm.utg194.98                        -            510 435253at33208        -            329   5.9e-06   27.2   2.5   3   3      0.38   1.2e+02    3.2   0.0    83   113   454   484   444   508 0.85 -
evm.utg109.41                        -            598 435253at33208        -            329   6.3e-06   27.1   0.8   1   4      0.67   2.1e+02    2.4   0.1    83   129   365   420   363   422 0.67 -
evm.utg109.41                        -            598 435253at33208        -            329   6.3e-06   27.1   0.8   2   4      0.65     2e+02    2.5   0.0    90   114   416   440   409   447 0.89 -
evm.utg109.41                        -            598 435253at33208        -            329   6.3e-06   27.1   0.8   3   4     0.075        23    5.6   0.0    86   112   454   480   434   496 0.84 -
evm.utg109.41                        -            598 435253at33208        -            329   6.3e-06   27.1   0.8   4   4   0.00061      0.19   12.4   0.0    88   119   498   529   488   553 0.86 -
evm.utg7950.19                       -            574 435253at33208        -            329   7.7e-06   26.8   2.6   1   4   0.00016      0.05   14.3   0.0     3    66   142   209   135   231 0.79 -
evm.utg7950.19                       -            574 435253at33208        -            329   7.7e-06   26.8   2.6   2   4       5.2   1.6e+03   -0.5   0.0    60   119   251   310   248   336 0.69 -
evm.utg7950.19                       -            574 435253at33208        -            329   7.7e-06   26.8   2.6   3   4     0.019       5.8    7.5   0.1    85   130   360   412   349   415 0.81 -
evm.utg7950.19                       -            574 435253at33208        -            329   7.7e-06   26.8   2.6   4   4         2   6.3e+02    0.8   0.0   149   196   484   531   471   535 0.84 -
evm.utg1194.15                       -            416 435253at33208        -            329   7.8e-06   26.8   6.5   1   4   5.2e-06    0.0016   19.2   0.4    58   128   139   214   124   235 0.79 -
evm.utg1194.15                       -            416 435253at33208        -            329   7.8e-06   26.8   6.5   2   4       2.4   7.6e+02    0.6   0.0   111   150   240   279   227   290 0.70 -
evm.utg1194.15                       -            416 435253at33208        -            329   7.8e-06   26.8   6.5   3   4       2.3     7e+02    0.7   0.1   104   136   274   308   252   319 0.74 -
evm.utg1194.15                       -            416 435253at33208        -            329   7.8e-06   26.8   6.5   4   4     0.024       7.3    7.2   0.4    87   139   337   396   291   400 0.75 -
evm.utg4972.23.1.5c22f18a            -            555 435253at33208        -            329   9.9e-06   26.5   0.9   1   3     0.011       3.3    8.3   0.1    86   131   364   416   358   426 0.73 -
evm.utg4972.23.1.5c22f18a            -            555 435253at33208        -            329   9.9e-06   26.5   0.9   2   3      0.16        50    4.4   0.0    88   112   454   478   436   493 0.88 -
evm.utg4972.23.1.5c22f18a            -            555 435253at33208        -            329   9.9e-06   26.5   0.9   3   3    0.0028      0.86   10.2   0.0    88   117   494   523   486   547 0.78 -
evm.utg293.35                        -            341 435253at33208        -            329     1e-05   26.4   0.1   1   3       2.4   7.4e+02    0.6   0.0     1    26    74    99    74   131 0.71 -
evm.utg293.35                        -            341 435253at33208        -            329     1e-05   26.4   0.1   2   3   0.00044      0.14   12.9   0.0    86   118   161   193   154   201 0.85 -
evm.utg293.35                        -            341 435253at33208        -            329     1e-05   26.4   0.1   3   3    0.0087       2.7    8.6   0.0    89   114   206   231   197   235 0.88 -
evm.utg234.60                        -            303 435253at33208        -            329   1.1e-05   26.4   6.2   1   4       3.6   1.1e+03    0.0   0.0    88   104    82    98    54   131 0.75 -
evm.utg234.60                        -            303 435253at33208        -            329   1.1e-05   26.4   6.2   2   4     0.036        11    6.6   0.2    90   118   168   196    80   200 0.83 -
evm.utg234.60                        -            303 435253at33208        -            329   1.1e-05   26.4   6.2   3   4   0.00029     0.091   13.5   0.2    32   112   159   232   157   239 0.81 -
evm.utg234.60                        -            303 435253at33208        -            329   1.1e-05   26.4   6.2   4   4    0.0013      0.42   11.3   0.2    86   114   248   276   242   300 0.75 -
evm.utg1337.6                        -            914 435253at33208        -            329   1.4e-05   26.0   2.4   1   4      0.15        46    4.6   0.0    86   131   638   690   632   699 0.72 -
evm.utg1337.6                        -            914 435253at33208        -            329   1.4e-05   26.0   2.4   2   4      0.17        51    4.4   0.1    88   112   728   752   656   757 0.75 -
evm.utg1337.6                        -            914 435253at33208        -            329   1.4e-05   26.0   2.4   3   4     0.013       4.1    8.0   0.0    88   117   768   797   760   823 0.77 -
evm.utg1337.6                        -            914 435253at33208        -            329   1.4e-05   26.0   2.4   4   4     0.077        24    5.5   0.1    88   130   855   902   845   904 0.79 -
evm.utg418.52                        -            385 435253at33208        -            329   1.8e-05   25.7   0.0   1   2   1.9e-05     0.006   17.3   0.0    88   128   127   167   113   169 0.85 -
evm.utg418.52                        -            385 435253at33208        -            329   1.8e-05   25.7   0.0   2   2     0.055        17    6.0   0.0     2    55   169   233   168   238 0.77 -
evm.utg2099.25                       -            385 435253at33208        -            329   1.8e-05   25.6   0.0   1   2   1.9e-05     0.006   17.3   0.0    88   128   127   167   113   169 0.85 -
evm.utg2099.25                       -            385 435253at33208        -            329   1.8e-05   25.6   0.0   2   2     0.052        16    6.1   0.0     2    55   169   233   168   241 0.78 -
evm.utg413.38                        -            593 435253at33208        -            329   2.3e-05   25.3   1.3   1   4         7   2.2e+03   -0.9   0.0    81   111   327   357   322   361 0.85 -
evm.utg413.38                        -            593 435253at33208        -            329   2.3e-05   25.3   1.3   2   4    0.0085       2.6    8.6   0.1    37   114   374   444   369   453 0.70 -
evm.utg413.38                        -            593 435253at33208        -            329   2.3e-05   25.3   1.3   3   4     0.023       7.2    7.2   0.0    85   114   457   486   447   517 0.84 -
evm.utg413.38                        -            593 435253at33208        -            329   2.3e-05   25.3   1.3   4   4      0.33     1e+02    3.4   0.0    79   118   535   573   526   592 0.70 -
evm.utg2129.40                       -            418 435253at33208        -            329   2.9e-05   25.0   1.9   1   3       7.5   2.3e+03   -1.0   0.0    46    70   113   137    99   157 0.65 -
evm.utg2129.40                       -            418 435253at33208        -            329   2.9e-05   25.0   1.9   2   3   0.00021     0.065   13.9   0.1    73   122   198   247   123   252 0.67 -
evm.utg2129.40                       -            418 435253at33208        -            329   2.9e-05   25.0   1.9   3   3     0.032       9.8    6.8   0.1     3   115   257   370   255   399 0.63 -
evm.utg14.76                         -            335 435253at33208        -            329     3e-05   24.9   3.7   1   4         3   9.2e+02    0.3   0.1    88   103    84    99    31   122 0.65 -
evm.utg14.76                         -            335 435253at33208        -            329     3e-05   24.9   3.7   2   4       3.6   1.1e+03    0.0   0.0     5    49    86   136    82   144 0.46 -
evm.utg14.76                         -            335 435253at33208        -            329     3e-05   24.9   3.7   3   4     0.007       2.2    8.9   0.0    91   154   171   226   162   272 0.70 -
evm.utg14.76                         -            335 435253at33208        -            329     3e-05   24.9   3.7   4   4   0.00017     0.052   14.2   0.3    81   114   274   308   261   332 0.68 -
evm.utg245.62                        -            499 435253at33208        -            329   3.2e-05   24.8   2.7   1   3     8e-05     0.025   15.3   0.1    74   114   231   271   195   309 0.68 -
evm.utg245.62                        -            499 435253at33208        -            329   3.2e-05   24.8   2.7   2   3       4.2   1.3e+03   -0.2   0.0   113   145   318   350   287   361 0.73 -
evm.utg245.62                        -            499 435253at33208        -            329   3.2e-05   24.8   2.7   3   3     0.022       6.7    7.3   0.6    86   134   420   475   326   484 0.70 -
evm.utg376.68                        -            977 435253at33208        -            329   3.5e-05   24.7   0.5   1   2    0.0016      0.51   11.0   0.1    88   131   120   172    80   186 0.80 -
evm.utg376.68                        -            977 435253at33208        -            329   3.5e-05   24.7   0.5   2   2    0.0031      0.97   10.1   0.0    88   114   208   234   201   276 0.78 -
evm.utg376.68.1.5c22efd2             -            978 435253at33208        -            329   3.5e-05   24.7   0.5   1   2    0.0016      0.51   11.0   0.1    88   131   120   172    80   186 0.80 -
evm.utg376.68.1.5c22efd2             -            978 435253at33208        -            329   3.5e-05   24.7   0.5   2   2    0.0032      0.97   10.1   0.0    88   114   208   234   201   276 0.78 -
evm.utg13607.5                       -           1071 435253at33208        -            329   4.4e-05   24.3   0.4   1   2    0.0019      0.58   10.8   0.1    88   131   120   172    81   185 0.80 -
evm.utg13607.5                       -           1071 435253at33208        -            329   4.4e-05   24.3   0.4   2   2    0.0035       1.1    9.9   0.0    88   114   208   234   201   272 0.77 -
evm.utg7950.21                       -            652 435253at33208        -            329     5e-05   24.2   3.4   1   3       1.6     5e+02    1.2   0.0    83   121    43    81    36    89 0.85 -
evm.utg7950.21                       -            652 435253at33208        -            329     5e-05   24.2   3.4   2   3      0.32        98    3.5   0.2    33   112    84   114    48   123 0.54 -
evm.utg7950.21                       -            652 435253at33208        -            329     5e-05   24.2   3.4   3   3     9e-07   0.00028   21.7   1.4     2   121    89   207    88   229 0.81 -
evm.utg126.136                       -            473 435253at33208        -            329   5.3e-05   24.1   2.8   1   2      0.12        37    4.9   0.7    36   150   176   243   121   266 0.55 -
evm.utg126.136                       -            473 435253at33208        -            329   5.3e-05   24.1   2.8   2   2    0.0002     0.061   14.0   0.0    60   114   329   393   325   419 0.77 -
evm.utg3174.3.1.5c22eeec             -            350 435253at33208        -            329   5.7e-05   24.0   1.0   1   2       3.6   1.1e+03    0.0   0.0    81   111   169   199   164   204 0.85 -
evm.utg3174.3.1.5c22eeec             -            350 435253at33208        -            329   5.7e-05   24.0   1.0   2   2   6.6e-05     0.021   15.6   0.7    35   143   214   325   211   337 0.73 -
utg356.equina_smart_371689.mrna1     -            318 435253at33208        -            329   9.4e-05   23.3   0.5   1   3      0.51   1.6e+02    2.8   0.0     2    48   103   156   102   164 0.72 -
utg356.equina_smart_371689.mrna1     -            318 435253at33208        -            329   9.4e-05   23.3   0.5   2   3      0.15        46    4.6   0.1    70   100   221   251   178   268 0.88 -
utg356.equina_smart_371689.mrna1     -            318 435253at33208        -            329   9.4e-05   23.3   0.5   3   3    0.0013       0.4   11.4   0.0    84   114   276   308   256   317 0.75 -
evm.utg637.5                         -            513 435253at33208        -            329   0.00013   22.8   0.3   1   3   0.00016      0.05   14.3   0.0    88   130   100   151    58   152 0.77 -
evm.utg637.5                         -            513 435253at33208        -            329   0.00013   22.8   0.3   2   3      0.13        39    4.8   0.1    84   123   138   179   133   213 0.82 -
evm.utg637.5                         -            513 435253at33208        -            329   0.00013   22.8   0.3   3   3       0.8   2.5e+02    2.2   0.0    86   117   225   257   220   264 0.80 -
evm.utg4082.42                       -            401 435253at33208        -            329   0.00014   22.7   1.4   1   2    0.0016      0.49   11.0   1.2    84   133    94   152    52   201 0.65 -
evm.utg4082.42                       -            401 435253at33208        -            329   0.00014   22.7   1.4   2   2     0.022       6.7    7.3   0.1    83   114   215   248   140   284 0.79 -
evm.utg597.204                       -            898 435253at33208        -            329   0.00018   22.4   2.7   1   4       1.1   3.3e+02    1.7   0.1    83   114    74   103    61   132 0.76 -
evm.utg597.204                       -            898 435253at33208        -            329   0.00018   22.4   2.7   2   4     0.049        15    6.2   0.0    83   113   156   187   134   194 0.79 -
evm.utg597.204                       -            898 435253at33208        -            329   0.00018   22.4   2.7   3   4       7.2   2.2e+03   -1.0   0.0    86   105   493   512   485   524 0.72 -
evm.utg597.204                       -            898 435253at33208        -            329   0.00018   22.4   2.7   4   4    0.0042       1.3    9.7   0.0    79   118   527   566   518   590 0.84 -
evm.utg18553.20                      -            503 435253at33208        -            329   0.00021   22.1   0.3   1   3     7e-05     0.022   15.5   0.0    90   131    94   142    81   149 0.73 -
evm.utg18553.20                      -            503 435253at33208        -            329   0.00021   22.1   0.3   2   3     0.097        30    5.2   0.1    84   123   128   169   119   205 0.80 -
evm.utg18553.20                      -            503 435253at33208        -            329   0.00021   22.1   0.3   3   3      0.71   2.2e+02    2.3   0.0    86   117   215   247   208   256 0.81 -
evm.utg788.96                        -            437 435253at33208        -            329   0.00023   22.0   7.3   1   4       0.3        93    3.6   0.1    88   129    14    62     2    83 0.74 -
evm.utg788.96                        -            437 435253at33208        -            329   0.00023   22.0   7.3   2   4      0.18        56    4.3   0.3    33   104   134   156    89   170 0.48 -
evm.utg788.96                        -            437 435253at33208        -            329   0.00023   22.0   7.3   3   4    0.0069       2.1    8.9   0.1    88   114   182   208   174   217 0.88 -
evm.utg788.96                        -            437 435253at33208        -            329   0.00023   22.0   7.3   4   4      0.14        43    4.7   0.0    84   130   218   273   214   292 0.73 -
evm.utg2129.40.1.5c22ed08            -            389 435253at33208        -            329   0.00024   22.0   0.8   1   3       7.7   2.4e+03   -1.1   0.0    45    70   112   137    99   151 0.63 -
evm.utg2129.40.1.5c22ed08            -            389 435253at33208        -            329   0.00024   22.0   0.8   2   3   0.00018     0.055   14.2   0.1    73   122   198   247   123   253 0.66 -
evm.utg2129.40.1.5c22ed08            -            389 435253at33208        -            329   0.00024   22.0   0.8   3   3      0.18        57    4.3   0.0    89   113   258   282   249   291 0.87 -
evm.utg6078.33                       -           1331 435253at33208        -            329   0.00024   21.9   8.2   1   5    0.0086       2.6    8.6   0.0    83   116   776   809   728   820 0.83 -
evm.utg6078.33                       -           1331 435253at33208        -            329   0.00024   21.9   8.2   2   5     0.006       1.8    9.2   0.0    85   118   820   853   808   875 0.84 -
evm.utg6078.33                       -           1331 435253at33208        -            329   0.00024   21.9   8.2   3   5      0.47   1.4e+02    2.9   0.5     6   114   909   973   863  1005 0.59 -
evm.utg6078.33                       -           1331 435253at33208        -            329   0.00024   21.9   8.2   4   5       4.2   1.3e+03   -0.2   0.0    32   112  1064  1094  1044  1136 0.71 -
evm.utg6078.33                       -           1331 435253at33208        -            329   0.00024   21.9   8.2   5   5       3.4   1.1e+03    0.1   0.1    39   118  1154  1227  1147  1256 0.68 -
evm.utg5417.27.1.5c22f1fe            -           1068 435253at33208        -            329   0.00027   21.8   5.4   1   3    0.0031      0.95   10.1   0.3    73   115   808   850   738   874 0.61 -
evm.utg5417.27.1.5c22f1fe            -           1068 435253at33208        -            329   0.00027   21.8   5.4   2   3       3.7   1.1e+03   -0.0   0.0    88   124   865   901   857   923 0.74 -
evm.utg5417.27.1.5c22f1fe            -           1068 435253at33208        -            329   0.00027   21.8   5.4   3   3      0.23        70    4.0   0.3    79   131   938   997   919  1008 0.69 -
evm.utg73.142                        -            520 435253at33208        -            329   0.00027   21.7   1.3   1   4      0.19        59    4.2   0.0    83   155   247   319   236   320 0.77 -
evm.utg73.142                        -            520 435253at33208        -            329   0.00027   21.7   1.3   2   4      0.32     1e+02    3.5   0.0    86   112   300   326   288   331 0.90 -
evm.utg73.142                        -            520 435253at33208        -            329   0.00027   21.7   1.3   3   4       6.4     2e+03   -0.8   0.0    91   113   347   369   343   376 0.80 -
evm.utg73.142                        -            520 435253at33208        -            329   0.00027   21.7   1.3   4   4    0.0031      0.96   10.1   0.3    30   114   419   494   385   518 0.59 -
evm.utg343339.3                      -            504 435253at33208        -            329   0.00029   21.7   5.7   1   3       1.8   5.6e+02    1.0   0.2    70   113   299   341   232   344 0.53 -
evm.utg343339.3                      -            504 435253at33208        -            329   0.00029   21.7   5.7   2   3     0.021       6.4    7.4   0.1    74   113   344   383   337   392 0.84 -
evm.utg343339.3                      -            504 435253at33208        -            329   0.00029   21.7   5.7   3   3   0.00031     0.094   13.4   0.1    88   131   409   459   396   478 0.70 -
evm.utg496.26                        -            504 435253at33208        -            329   0.00029   21.7   5.7   1   3       1.8   5.6e+02    1.0   0.2    70   113   299   341   232   344 0.53 -
evm.utg496.26                        -            504 435253at33208        -            329   0.00029   21.7   5.7   2   3     0.021       6.4    7.4   0.1    74   113   344   383   337   392 0.84 -
evm.utg496.26                        -            504 435253at33208        -            329   0.00029   21.7   5.7   3   3   0.00031     0.094   13.4   0.1    88   131   409   459   396   478 0.70 -
evm.utg3872.12.1.5c22f029            -            412 435253at33208        -            329   0.00031   21.6   1.1   1   1   0.00014     0.044   14.5   1.0    45   153   170   294   131   301 0.53 -
evm.utg73.142.1.5c22f3bd             -            561 435253at33208        -            329   0.00033   21.5   1.2   1   4      0.21        66    4.1   0.0    83   155   247   319   236   320 0.77 -
evm.utg73.142.1.5c22f3bd             -            561 435253at33208        -            329   0.00033   21.5   1.2   2   4      0.38   1.2e+02    3.2   0.0    86   112   300   326   293   331 0.90 -
evm.utg73.142.1.5c22f3bd             -            561 435253at33208        -            329   0.00033   21.5   1.2   3   4       7.3   2.3e+03   -1.0   0.0    91   113   347   369   343   375 0.79 -
evm.utg73.142.1.5c22f3bd             -            561 435253at33208        -            329   0.00033   21.5   1.2   4   4    0.0031      0.96   10.1   0.2    30   118   419   498   386   507 0.60 -
evm.utg7264.10                       -            194 435253at33208        -            329   0.00038   21.3   5.5   1   2   8.9e-06    0.0027   18.5   4.2    27   130    39   150    24   156 0.76 -
evm.utg7264.10                       -            194 435253at33208        -            329   0.00038   21.3   5.5   2   2      0.03       9.4    6.8   0.0    74   117   129   172   125   177 0.71 -
evm.utg498.152.1.5c22f1a3            -            739 435253at33208        -            329   0.00053   20.8   0.6   1   3     0.025       7.7    7.1   0.0    84   138   528   589   515   608 0.69 -
evm.utg498.152.1.5c22f1a3            -            739 435253at33208        -            329   0.00053   20.8   0.6   2   3   0.00071      0.22   12.2   0.2    51   113   566   638   562   663 0.72 -
evm.utg498.152.1.5c22f1a3            -            739 435253at33208        -            329   0.00053   20.8   0.6   3   3       3.1   9.4e+02    0.3   0.0    33    52   688   707   653   720 0.75 -
evm.utg1721.37                       -            409 435253at33208        -            329   0.00059   20.7   1.2   1   4       3.1   9.6e+02    0.2   0.0    32    57    86   111    81   127 0.72 -
evm.utg1721.37                       -            409 435253at33208        -            329   0.00059   20.7   1.2   2   4    0.0092       2.8    8.5   0.2     3    51   135   188   133   191 0.85 -
evm.utg1721.37                       -            409 435253at33208        -            329   0.00059   20.7   1.2   3   4       1.7   5.2e+02    1.1   0.0    36    58   214   236   211   272 0.69 -
evm.utg1721.37                       -            409 435253at33208        -            329   0.00059   20.7   1.2   4   4     0.063        19    5.8   0.0    71   113   336   378   295   390 0.71 -
evm.utg1721.37.1.5c22ebc9            -            385 435253at33208        -            329   0.00065   20.5   1.4   1   4       2.9   8.9e+02    0.3   0.0    32    57    86   111    81   127 0.72 -
evm.utg1721.37.1.5c22ebc9            -            385 435253at33208        -            329   0.00065   20.5   1.4   2   4    0.0084       2.6    8.7   0.2     3    51   135   188   133   191 0.85 -
evm.utg1721.37.1.5c22ebc9            -            385 435253at33208        -            329   0.00065   20.5   1.4   3   4       1.6   4.8e+02    1.2   0.0    36    58   214   236   211   272 0.69 -
evm.utg1721.37.1.5c22ebc9            -            385 435253at33208        -            329   0.00065   20.5   1.4   4   4     0.073        23    5.6   0.0    72   112   337   377   296   384 0.69 -
evm.utg3872.12                       -            514 435253at33208        -            329   0.00069   20.4   1.1   1   1   0.00022     0.069   13.9   1.0    45   153   272   396   233   403 0.54 -
evm.utg798.40                        -            320 435253at33208        -            329   0.00079   20.2   0.2   1   4     0.021       6.4    7.4   0.0    71   114    64   109    52   123 0.73 -
evm.utg798.40                        -            320 435253at33208        -            329   0.00079   20.2   0.2   2   4     0.016         5    7.7   0.0    83   130   120   179   110   201 0.73 -
evm.utg798.40                        -            320 435253at33208        -            329   0.00079   20.2   0.2   3   4         5   1.5e+03   -0.4   0.0    84   113   212   242   189   251 0.70 -
evm.utg798.40                        -            320 435253at33208        -            329   0.00079   20.2   0.2   4   4       3.5   1.1e+03    0.1   0.0    50   104   251   276   247   289 0.55 -
evm.utg693.67                        -           1677 435253at33208        -            329   0.00082   20.2   5.5   1   5    0.0005      0.16   12.7   0.4    76   130    71   125    54   155 0.78 -
evm.utg693.67                        -           1677 435253at33208        -            329   0.00082   20.2   5.5   2   5         3   9.1e+02    0.3   0.0    48    71   324   348   312   360 0.81 -
evm.utg693.67                        -           1677 435253at33208        -            329   0.00082   20.2   5.5   3   5      0.23        72    3.9   0.1     3    51   378   437   376   474 0.71 -
evm.utg693.67                        -           1677 435253at33208        -            329   0.00082   20.2   5.5   4   5       8.6   2.7e+03   -1.2   0.0   132   162   523   553   511   568 0.79 -
evm.utg693.67                        -           1677 435253at33208        -            329   0.00082   20.2   5.5   5   5       5.5   1.7e+03   -0.6   0.0    83   114   636   669   623   699 0.75 -
evm.utg699.93                        -            360 435253at33208        -            329    0.0011   19.7   0.8   1   3     0.014       4.2    8.0   0.1    89   114    87   112    79   150 0.84 -
evm.utg699.93                        -            360 435253at33208        -            329    0.0011   19.7   0.8   2   3      0.13        41    4.7   0.0    86   114   165   191   157   197 0.79 -
evm.utg699.93                        -            360 435253at33208        -            329    0.0011   19.7   0.8   3   3      0.22        69    4.0   0.0    80   116   196   233   192   256 0.73 -
evm.utg715.1                         -            408 435253at33208        -            329    0.0012   19.7   0.1   1   2   6.3e-05      0.02   15.7   0.0    71   116    69   116    59   138 0.83 -
evm.utg715.1                         -            408 435253at33208        -            329    0.0012   19.7   0.1   2   2       4.9   1.5e+03   -0.4   0.0    88   127   220   266   186   272 0.57 -
evm.utg73.80                         -            359 435253at33208        -            329    0.0012   19.6   7.5   1   5   0.00045      0.14   12.9   0.3    60   131    41   119    33   135 0.81 -
evm.utg73.80                         -            359 435253at33208        -            329    0.0012   19.6   7.5   2   5       2.3   7.1e+02    0.7   0.1     2    32   154   185   152   185 0.85 -
evm.utg73.80                         -            359 435253at33208        -            329    0.0012   19.6   7.5   3   5       2.2   6.8e+02    0.7   0.0     2    28   196   226   195   228 0.77 -
evm.utg73.80                         -            359 435253at33208        -            329    0.0012   19.6   7.5   4   5      0.11        33    5.0   0.1    91   115   247   271   242   304 0.69 -
evm.utg73.80                         -            359 435253at33208        -            329    0.0012   19.6   7.5   5   5       9.5   2.9e+03   -1.4   0.0     2    17   291   306   290   312 0.82 -
evm.utg7412.19                       -            738 435253at33208        -            329    0.0013   19.6   0.7   1   2   2.4e-05    0.0075   17.0   0.0    33   131    66   168    54   201 0.76 -
evm.utg7412.19                       -            738 435253at33208        -            329    0.0013   19.6   0.7   2   2       7.7   2.4e+03   -1.1   0.0    45    67   279   301   271   307 0.83 -
evm.utg715.1.1.5c22f38a              -            371 435253at33208        -            329    0.0015   19.3   0.0   1   2   5.7e-05     0.018   15.8   0.0    71   116    69   116    59   137 0.83 -
evm.utg715.1.1.5c22f38a              -            371 435253at33208        -            329    0.0015   19.3   0.0   2   2       4.2   1.3e+03   -0.2   0.0    88   127   220   266   186   272 0.57 -
evm.utg498.152                       -           1030 435253at33208        -            329    0.0015   19.3   0.6   1   3     0.043        13    6.4   0.0    89   138   535   589   526   610 0.71 -
evm.utg498.152                       -           1030 435253at33208        -            329    0.0015   19.3   0.6   2   3    0.0012      0.37   11.5   0.1    52   113   567   638   563   663 0.71 -
evm.utg498.152                       -           1030 435253at33208        -            329    0.0015   19.3   0.6   3   3       4.3   1.3e+03   -0.2   0.0    33    52   688   707   652   723 0.75 -
evm.utg116.42                        -            197 435253at33208        -            329    0.0016   19.3   0.0   1   2    0.0006      0.19   12.4   0.0    85   111    41    69    23    86 0.78 -
evm.utg116.42                        -            197 435253at33208        -            329    0.0016   19.3   0.0   2   2       0.1        32    5.1   0.0    88   132    90   133    82   169 0.80 -
evm.utg4464.3                        -            892 435253at33208        -            329    0.0016   19.2   6.3   1   3       1.7   5.2e+02    1.1   0.1    83   114    74   103    62   128 0.76 -
evm.utg4464.3                        -            892 435253at33208        -            329    0.0016   19.2   6.3   2   3     0.047        15    6.2   0.1    83   113   156   187   134   194 0.76 -
evm.utg4464.3                        -            892 435253at33208        -            329    0.0016   19.2   6.3   3   3    0.0016      0.49   11.1   0.0    79   130   521   579   511   587 0.76 -
evm.utg27.20                         -           1146 435253at33208        -            329    0.0016   19.2   7.7   1   5       7.2   2.2e+03   -1.0   0.0    90   113    32    55    23    63 0.87 -
evm.utg27.20                         -           1146 435253at33208        -            329    0.0016   19.2   7.7   2   5     0.092        28    5.3   0.1    89   117    73   101    58   104 0.86 -
evm.utg27.20                         -           1146 435253at33208        -            329    0.0016   19.2   7.7   3   5     0.026       7.9    7.1   0.1    87   131   113   164   106   169 0.73 -
evm.utg27.20                         -           1146 435253at33208        -            329    0.0016   19.2   7.7   4   5     0.046        14    6.2   0.0    57   130   194   279   187   289 0.70 -
evm.utg27.20                         -           1146 435253at33208        -            329    0.0016   19.2   7.7   5   5       5.9   1.8e+03   -0.7   0.1   278   307  1083  1112  1031  1113 0.86 -
evm.utg1056.107                      -            669 435253at33208        -            329    0.0019   18.9   1.0   1   2       5.5   1.7e+03   -0.6   0.1    90   130   435   483   411   486 0.70 -
evm.utg1056.107                      -            669 435253at33208        -            329    0.0019   18.9   1.0   2   2   1.6e-05    0.0049   17.6   0.3     2   121   475   591   474   629 0.74 -
evm.utg6459.21                       -            392 435253at33208        -            329     0.002   18.9  10.6   1   4   0.00076      0.23   12.1   0.0    86   113    59    86    53    93 0.85 -
evm.utg6459.21                       -            392 435253at33208        -            329     0.002   18.9  10.6   2   4      0.15        45    4.6   0.2    41   113   105   170    94   181 0.59 -
evm.utg6459.21                       -            392 435253at33208        -            329     0.002   18.9  10.6   3   4      0.56   1.7e+02    2.7   0.1    91   137   195   248   185   257 0.72 -
evm.utg6459.21                       -            392 435253at33208        -            329     0.002   18.9  10.6   4   4       0.4   1.2e+02    3.2   0.4    83   118   316   353   258   369 0.57 -
evm.utg101.48                        -            357 435253at33208        -            329    0.0021   18.8   2.6   1   3   0.00029      0.09   13.5   0.5    31   102    59   134    34   139 0.74 -
evm.utg101.48                        -            357 435253at33208        -            329    0.0021   18.8   2.6   2   3      0.13        41    4.7   0.2    17   105    89   179    85   189 0.72 -
evm.utg101.48                        -            357 435253at33208        -            329    0.0021   18.8   2.6   3   3      0.47   1.4e+02    2.9   0.0     3    33   260   293   258   310 0.76 -
evm.utg38230.1                       -           1330 435253at33208        -            329    0.0022   18.8   0.0   1   2     0.007       2.2    8.9   0.0    32    62   989  1021   973  1030 0.83 -
evm.utg38230.1                       -           1330 435253at33208        -            329    0.0022   18.8   0.0   2   2     0.025       7.8    7.1   0.0    34   115  1074  1147  1065  1162 0.78 -
evm.utg11415.7                       -           1363 435253at33208        -            329    0.0024   18.7   0.0   1   2    0.0072       2.2    8.9   0.0    32    62  1022  1054  1006  1063 0.83 -
evm.utg11415.7                       -           1363 435253at33208        -            329    0.0024   18.7   0.0   2   2     0.026       8.1    7.1   0.0    34   115  1107  1180  1098  1195 0.78 -
evm.utg479.8.1.5c22f153              -            444 435253at33208        -            329    0.0027   18.5   2.7   1   2   5.3e-05     0.016   15.9   0.3    79   186   105   208    32   239 0.78 -
evm.utg479.8.1.5c22f153              -            444 435253at33208        -            329    0.0027   18.5   2.7   2   2       4.4   1.4e+03   -0.3   0.0     3    21   250   268   248   275 0.85 -
evm.utg479.8.2.5c22f153              -            362 435253at33208        -            329    0.0028   18.4   3.8   1   3       2.1   6.4e+02    0.8   0.1    54   113    56    86    25    93 0.51 -
evm.utg479.8.2.5c22f153              -            362 435253at33208        -            329    0.0028   18.4   3.8   2   3   4.9e-05     0.015   16.0   0.0    81   186   107   208   101   240 0.72 -
evm.utg479.8.2.5c22f153              -            362 435253at33208        -            329    0.0028   18.4   3.8   3   3       3.4   1.1e+03    0.1   0.0     3    21   250   268   248   275 0.85 -
evm.utg479.8                         -            451 435253at33208        -            329     0.003   18.3   2.8   1   3       5.6   1.7e+03   -0.6   0.0    89   114    62    87    50    96 0.65 -
evm.utg479.8                         -            451 435253at33208        -            329     0.003   18.3   2.8   2   3   6.6e-05     0.021   15.6   0.0    80   186   106   208    93   238 0.73 -
evm.utg479.8                         -            451 435253at33208        -            329     0.003   18.3   2.8   3   3       4.5   1.4e+03   -0.3   0.0     3    21   250   268   248   275 0.85 -
evm.utg2216.17                       -            277 435253at33208        -            329     0.003   18.3   0.7   1   4     0.092        29    5.3   0.1    88   113    74    99    63   119 0.75 -
evm.utg2216.17                       -            277 435253at33208        -            329     0.003   18.3   0.7   2   4    0.0032      0.99   10.0   0.0    86   133   112   164   100   167 0.73 -
evm.utg2216.17                       -            277 435253at33208        -            329     0.003   18.3   0.7   3   4       1.6   4.9e+02    1.2   0.0    88   118   154   184   140   190 0.75 -
evm.utg2216.17                       -            277 435253at33208        -            329     0.003   18.3   0.7   4   4       5.2   1.6e+03   -0.5   0.0    34    98   170   236   166   244 0.64 -
evm.utg5417.27                       -           1331 435253at33208        -            329    0.0032   18.2  12.4   1   5     0.027       8.2    7.0   0.0    83   113   776   806   726   817 0.78 -
evm.utg5417.27                       -           1331 435253at33208        -            329    0.0032   18.2  12.4   2   5     0.013       3.9    8.1   0.0    85   118   820   853   807   864 0.86 -
evm.utg5417.27                       -           1331 435253at33208        -            329    0.0032   18.2  12.4   3   5      0.21        65    4.1   0.9    63   118   922   977   863  1005 0.66 -
evm.utg5417.27                       -           1331 435253at33208        -            329    0.0032   18.2  12.4   4   5       3.1   9.7e+02    0.2   0.0    34   114  1066  1096  1053  1130 0.70 -
evm.utg5417.27                       -           1331 435253at33208        -            329    0.0032   18.2  12.4   5   5       3.7   1.1e+03   -0.0   0.2    39   118  1154  1227  1110  1249 0.77 -
evm.utg172.19                        -            489 435253at33208        -            329    0.0038   18.0   1.6   1   3    0.0011      0.35   11.5   0.1    72   142   230   305   197   316 0.81 -
evm.utg172.19                        -            489 435253at33208        -            329    0.0038   18.0   1.6   2   3       4.6   1.4e+03   -0.3   0.0    89   116   330   357   322   385 0.72 -
evm.utg172.19                        -            489 435253at33208        -            329    0.0038   18.0   1.6   3   3      0.25        76    3.9   0.0    87   133   416   469   392   479 0.74 -
evm.utg1919.76                       -            679 435253at33208        -            329    0.0038   18.0   0.2   1   1     6e-05     0.019   15.7   0.0    38   131    23   120    14   153 0.73 -
evm.utg729.160                       -            877 435253at33208        -            329    0.0039   17.9   0.6   1   3       3.5   1.1e+03    0.1   0.1    55   102   139   186   102   190 0.75 -
evm.utg729.160                       -            877 435253at33208        -            329    0.0039   17.9   0.6   2   3      0.32     1e+02    3.5   0.0    25    51   201   227   170   249 0.70 -
evm.utg729.160                       -            877 435253at33208        -            329    0.0039   17.9   0.6   3   3    0.0046       1.4    9.5   0.0    85   111   814   842   796   859 0.79 -
evm.utg1056.107.1.5c22e85b           -            724 435253at33208        -            329    0.0041   17.9   1.8   1   1   1.7e-05    0.0053   17.5   0.3     2   122   475   592   474   630 0.74 -
evm.utg243.69                        -           1751 435253at33208        -            329    0.0055   17.5   5.3   1   3   0.00054      0.17   12.6   0.3    78   129    73   124    54   155 0.78 -
evm.utg243.69                        -           1751 435253at33208        -            329    0.0055   17.5   5.3   2   3       4.4   1.4e+03   -0.3   0.0    48    71   324   348   314   359 0.79 -
evm.utg243.69                        -           1751 435253at33208        -            329    0.0055   17.5   5.3   3   3      0.54   1.7e+02    2.7   0.0    22    50   402   436   377   455 0.66 -
evm.utg9141.14                       -            390 435253at33208        -            329    0.0062   17.3  10.7   1   4   0.00062      0.19   12.4   0.1    86   114    57    85    50    91 0.85 -
evm.utg9141.14                       -            390 435253at33208        -            329    0.0062   17.3  10.7   2   4      0.12        36    4.9   0.6    88   118   143   173    91   217 0.61 -
evm.utg9141.14                       -            390 435253at33208        -            329    0.0062   17.3  10.7   3   4       2.7   8.3e+02    0.4   0.1    93   134   195   243   183   255 0.60 -
evm.utg9141.14                       -            390 435253at33208        -            329    0.0062   17.3  10.7   4   4      0.41   1.3e+02    3.1   0.4    83   118   314   351   256   367 0.57 -
evm.utg5885.74                       -           1711 435253at33208        -            329    0.0085   16.8   0.1   1   2      0.27        82    3.7   0.0     2    48   343   396   342   403 0.78 -
evm.utg5885.74                       -           1711 435253at33208        -            329    0.0085   16.8   0.1   2   2    0.0021      0.65   10.7   0.1     2    47   429   479   428   494 0.80 -
evm.utg622.116                       -            447 435253at33208        -            329    0.0096   16.7   0.4   1   4       1.4   4.3e+02    1.4   0.0    95   123    84   111    65   116 0.76 -
evm.utg622.116                       -            447 435253at33208        -            329    0.0096   16.7   0.4   2   4     0.041        13    6.4   0.0     2    32   119   149   118   159 0.95 -
evm.utg622.116                       -            447 435253at33208        -            329    0.0096   16.7   0.4   3   4         2   6.1e+02    0.9   0.0    87   118   192   223   171   233 0.84 -
evm.utg622.116                       -            447 435253at33208        -            329    0.0096   16.7   0.4   4   4       1.2   3.6e+02    1.6   0.0    83   120   391   427   347   445 0.52 -
evm.utg4972.23.2.5c22f18b            -            508 435253at33208        -            329     0.014   16.1   0.5   1   2    0.0083       2.6    8.7   0.1    86   131   364   416   339   426 0.77 -
evm.utg4972.23.2.5c22f18b            -            508 435253at33208        -            329     0.014   16.1   0.5   2   2     0.084        26    5.4   0.1    88   112   454   478   422   504 0.81 -
evm.utg6459.47                       -           1848 435253at33208        -            329     0.015   16.0   3.8   1   3       6.5     2e+03   -0.8   0.0    85   105  1151  1171  1143  1182 0.74 -
evm.utg6459.47                       -           1848 435253at33208        -            329     0.015   16.0   3.8   2   3     0.066        20    5.7   0.1    43   156  1180  1293  1171  1297 0.89 -
evm.utg6459.47                       -           1848 435253at33208        -            329     0.015   16.0   3.8   3   3    0.0097         3    8.5   0.0    79   119  1693  1737  1659  1764 0.63 -
evm.utg7048.1                        -            362 435253at33208        -            329     0.016   15.9   1.3   1   3      0.39   1.2e+02    3.2   0.2    88   112   107   131    47   142 0.72 -
evm.utg7048.1                        -            362 435253at33208        -            329     0.016   15.9   1.3   2   3    0.0068       2.1    9.0   0.0    88   132   149   200   141   211 0.77 -
evm.utg7048.1                        -            362 435253at33208        -            329     0.016   15.9   1.3   3   3       1.9   5.9e+02    0.9   0.0     3    51   191   243   189   252 0.60 -
evm.utg320.49                        -            928 435253at33208        -            329     0.016   15.9   0.1   1   2       2.1   6.6e+02    0.8   0.0    86   113   149   176   134   203 0.71 -
evm.utg320.49                        -            928 435253at33208        -            329     0.016   15.9   0.1   2   2   0.00068      0.21   12.3   0.0    83   118   608   645   593   671 0.81 -
evm.utg498.169.2.5c22f1aa            -            426 435253at33208        -            329     0.017   15.9   0.1   1   1   0.00014     0.044   14.5   0.1    88   131   328   376   279   384 0.74 -
evm.utg101.48.1.5c22e7c5             -            295 435253at33208        -            329     0.018   15.8   2.8   1   2   0.00018     0.054   14.2   0.4    31   103    59   135    34   142 0.75 -
evm.utg101.48.1.5c22e7c5             -            295 435253at33208        -            329     0.018   15.8   2.8   2   2       0.1        31    5.1   0.2    17   105    89   179    85   187 0.72 -
evm.utg498.169                       -            476 435253at33208        -            329     0.019   15.7   0.5   1   1   0.00019     0.058   14.1   0.3    88   131   369   417   320   426 0.74 -
evm.utg498.169.1.5c22f1aa            -            467 435253at33208        -            329      0.02   15.6   0.1   1   1   0.00016     0.051   14.3   0.1    88   131   369   417   320   425 0.74 -
evm.utg967.29                        -            325 435253at33208        -            329     0.022   15.5   0.0   1   1   0.00015     0.047   14.4   0.0     2   116   162   272   161   300 0.82 -
evm.utg1272.13.1.5c22e9c5            -            492 435253at33208        -            329     0.028   15.1   0.1   1   2     0.057        18    5.9   0.0    83   114   241   274   235   280 0.87 -
evm.utg1272.13.1.5c22e9c5            -            492 435253at33208        -            329     0.028   15.1   0.1   2   2     0.033        10    6.7   0.1     2    56   306   363   291   402 0.83 -
evm.utg301.67                        -           3787 435253at33208        -            329     0.033   14.9   1.1   1   2         6   1.8e+03   -0.7   0.0   192   223   172   203   164   211 0.90 -
evm.utg301.67                        -           3787 435253at33208        -            329     0.033   14.9   1.1   2   2   0.00046      0.14   12.8   0.3    80   157  3399  3478  3383  3485 0.88 -
evm.utg435.1                         -            468 435253at33208        -            329     0.035   14.8   1.2   1   3      0.51   1.6e+02    2.8   0.2    88   113   214   239   155   250 0.71 -
evm.utg435.1                         -            468 435253at33208        -            329     0.035   14.8   1.2   2   3     0.011       3.4    8.3   0.0    88   132   256   307   248   311 0.75 -
evm.utg435.1                         -            468 435253at33208        -            329     0.035   14.8   1.2   3   3       2.6   7.9e+02    0.5   0.0     3    51   298   350   296   368 0.63 -
evm.utg389.100                       -            455 435253at33208        -            329     0.038   14.7   6.0   1   4       6.1   1.9e+03   -0.7   0.0    85   130   128   178   116   193 0.75 -
evm.utg389.100                       -            455 435253at33208        -            329     0.038   14.7   6.0   2   4    0.0044       1.4    9.6   0.3    85   132   204   260   164   265 0.78 -
evm.utg389.100                       -            455 435253at33208        -            329     0.038   14.7   6.0   3   4      0.02         6    7.5   1.6    32   113   244   329   235   354 0.86 -
evm.utg389.100                       -            455 435253at33208        -            329     0.038   14.7   6.0   4   4       9.8     3e+03   -1.4   0.0    85   106   343   364   338   369 0.76 -
evm.utg14876.7                       -            507 435253at33208        -            329     0.041   14.6   0.6   1   2   0.00093      0.29   11.8   0.1     2    50    75   129    74   133 0.83 -
evm.utg14876.7                       -            507 435253at33208        -            329     0.041   14.6   0.6   2   2       6.8   2.1e+03   -0.9   0.0   130   147   332   349   331   362 0.80 -
evm.utg1272.13                       -            609 435253at33208        -            329      0.05   14.3   0.1   1   2     0.075        23    5.6   0.0    83   114   241   274   235   280 0.86 -
evm.utg1272.13                       -            609 435253at33208        -            329      0.05   14.3   0.1   2   2     0.048        15    6.2   0.1     2    56   306   363   305   400 0.82 -
evm.utg729.25.2.5c279763             -            767 435253at33208        -            329      0.05   14.3   0.2   1   2       1.3   4.1e+02    1.4   0.0    85   121   464   513   458   530 0.69 -
evm.utg729.25.2.5c279763             -            767 435253at33208        -            329      0.05   14.3   0.2   2   2    0.0044       1.4    9.6   0.1    83   116   706   741   684   749 0.85 -
evm.utg622.116.1.5c22f2e9            -            417 435253at33208        -            329     0.052   14.2   0.1   1   3     0.037        12    6.5   0.0     2    32    89   119    88   129 0.95 -
evm.utg622.116.1.5c22f2e9            -            417 435253at33208        -            329     0.052   14.2   0.1   2   3       1.8   5.5e+02    1.0   0.0    87   118   162   193   141   204 0.84 -
evm.utg622.116.1.5c22f2e9            -            417 435253at33208        -            329     0.052   14.2   0.1   3   3       1.1   3.3e+02    1.7   0.0    85   120   363   397   318   415 0.51 -
evm.utg729.25                        -            852 435253at33208        -            329     0.071   13.8   0.3   1   2       1.5   4.8e+02    1.2   0.0    85   121   549   598   544   615 0.69 -
evm.utg729.25                        -            852 435253at33208        -            329     0.071   13.8   0.3   2   2     0.005       1.5    9.4   0.1    83   116   791   826   769   834 0.85 -
evm.utg6924.10                       -            677 435253at33208        -            329     0.074   13.7   4.3   1   4      0.33     1e+02    3.4   0.0    89   110    44    65    33    70 0.87 -
evm.utg6924.10                       -            677 435253at33208        -            329     0.074   13.7   4.3   2   4       4.2   1.3e+03   -0.2   0.0    74   108    71   105    66   110 0.85 -
evm.utg6924.10                       -            677 435253at33208        -            329     0.074   13.7   4.3   3   4     0.038        12    6.5   0.6    26   114   459   557   433   562 0.62 -
evm.utg6924.10                       -            677 435253at33208        -            329     0.074   13.7   4.3   4   4       7.6   2.4e+03   -1.1   0.0    37   104   621   639   615   653 0.58 -
evm.utg43451.22                      -            419 435253at33208        -            329     0.081   13.6   1.0   1   2     0.014       4.3    8.0   0.0    32   104   115   182   104   197 0.87 -
evm.utg43451.22                      -            419 435253at33208        -            329     0.081   13.6   1.0   2   2      0.37   1.1e+02    3.3   0.2    48    79   243   275   231   280 0.80 -
evm.utg1897.4                        -            455 435253at33208        -            329      0.09   13.5   5.4   1   4       1.7   5.4e+02    1.1   0.0    84   130   127   178   113   190 0.82 -
evm.utg1897.4                        -            455 435253at33208        -            329      0.09   13.5   5.4   2   4    0.0077       2.4    8.8   0.3    88   132   209   260   198   265 0.72 -
evm.utg1897.4                        -            455 435253at33208        -            329      0.09   13.5   5.4   3   4     0.092        28    5.3   0.6    32    98   244   312   242   329 0.84 -
evm.utg1897.4                        -            455 435253at33208        -            329      0.09   13.5   5.4   4   4       7.5   2.3e+03   -1.0   0.0    85   106   343   364   335   372 0.76 -
evm.utg4271.15                       -            398 435253at33208        -            329     0.098   13.4   1.9   1   3      0.61   1.9e+02    2.6   0.0    83   105   116   138    96   144 0.68 -
evm.utg4271.15                       -            398 435253at33208        -            329     0.098   13.4   1.9   2   3      0.47   1.5e+02    2.9   0.0    95   142   172   227   146   267 0.62 -
evm.utg4271.15                       -            398 435253at33208        -            329     0.098   13.4   1.9   3   3     0.095        29    5.2   0.0    79   114   304   339   275   361 0.84 -
evm.utg431.40.1.5c22f0d5             -            302 435253at33208        -            329     0.098   13.3   0.5   1   2       3.7   1.2e+03   -0.0   0.0   102   126    46    67    20    71 0.75 -
evm.utg431.40.1.5c22f0d5             -            302 435253at33208        -            329     0.098   13.3   0.5   2   2     0.002      0.62   10.7   0.1    88   131    72   120    64   129 0.79 -
evm.utg8494.87                       -            439 435253at33208        -            329      0.11   13.1   0.2   1   2      0.28        85    3.7   0.0    16    58   166   208   160   213 0.92 -
evm.utg8494.87                       -            439 435253at33208        -            329      0.11   13.1   0.2   2   2     0.023         7    7.2   0.1    24    54   317   348   307   356 0.77 -
evm.utg109.41.1.5c22e88a             -            506 435253at33208        -            329      0.12   13.0   0.7   1   3      0.54   1.7e+02    2.7   0.1    83   129   365   420   363   422 0.67 -
evm.utg109.41.1.5c22e88a             -            506 435253at33208        -            329      0.12   13.0   0.7   2   3      0.52   1.6e+02    2.8   0.0    90   114   416   440   406   444 0.88 -
evm.utg109.41.1.5c22e88a             -            506 435253at33208        -            329      0.12   13.0   0.7   3   3      0.18        54    4.3   0.0    86   110   454   478   440   487 0.85 -
evm.utg736.40                        -            406 435253at33208        -            329      0.17   12.5   0.1   1   2       4.9   1.5e+03   -0.4   0.0    91   113   165   187   152   213 0.76 -
evm.utg736.40                        -            406 435253at33208        -            329      0.17   12.5   0.1   2   2    0.0028      0.87   10.2   0.0    72   113   332   373   275   378 0.79 -
evm.utg431.40                        -            395 435253at33208        -            329      0.19   12.4   0.6   1   2       6.7   2.1e+03   -0.9   0.0   103   126   140   160   121   164 0.78 -
evm.utg431.40                        -            395 435253at33208        -            329      0.19   12.4   0.6   2   2    0.0029      0.91   10.2   0.1    88   131   165   213   157   223 0.79 -
evm.utg234.60.1.5c279240             -            226 435253at33208        -            329      0.19   12.4   0.2   1   2         2   6.1e+02    0.9   0.0     4    50    83   135    80   143 0.48 -
evm.utg234.60.1.5c279240             -            226 435253at33208        -            329      0.19   12.4   0.2   2   2     0.012       3.8    8.1   0.0    91   119   169   197   158   220 0.73 -
evm.utg736.40.1.5c22f3d4             -            386 435253at33208        -            329      0.25   12.0   0.1   1   2       4.6   1.4e+03   -0.3   0.0    91   113   165   187   152   213 0.76 -
evm.utg736.40.1.5c22f3d4             -            386 435253at33208        -            329      0.25   12.0   0.1   2   2    0.0042       1.3    9.7   0.0    72   112   332   372   275   375 0.77 -
evm.utg150.51                        -            579 435253at33208        -            329      0.26   11.9   0.1   1   1    0.0028      0.85   10.3   0.0    82   110   397   425   390   433 0.84 -
evm.utg788.47                        -           1044 435253at33208        -            329      0.35   11.5   0.9   1   4         7   2.2e+03   -0.9   0.0     2   139   384   401   369   418 0.65 -
evm.utg788.47                        -           1044 435253at33208        -            329      0.35   11.5   0.9   2   4     0.035        11    6.6   0.1    42    99   456   512   452   565 0.76 -
evm.utg788.47                        -           1044 435253at33208        -            329      0.35   11.5   0.9   3   4       4.7   1.5e+03   -0.4   0.0    89   109   592   612   580   617 0.76 -
evm.utg788.47                        -           1044 435253at33208        -            329      0.35   11.5   0.9   4   4       9.2   2.8e+03   -1.3   0.1    90   130   701   749   693   760 0.49 -
evm.utg101.131                       -            607 435253at33208        -            329      0.36   11.5   2.7   1   2      0.12        38    4.8   1.4    35   109    77   144    36   152 0.56 -
evm.utg101.131                       -            607 435253at33208        -            329      0.36   11.5   2.7   2   2      0.27        84    3.7   0.0    90   115   171   197   149   220 0.75 -
evm.utg55.185                        -            839 435253at33208        -            329      0.38   11.4   0.0   1   2       1.3   4.2e+02    1.4   0.0    86   128    39    80    33    92 0.77 -
evm.utg55.185                        -            839 435253at33208        -            329      0.38   11.4   0.0   2   2     0.033        10    6.7   0.0     5    48   182   230   178   237 0.87 -
evm.utg1272.70                       -            437 435253at33208        -            329      0.46   11.1   0.1   1   2     0.018       5.6    7.6   0.3    86   115   125   155   119   178 0.67 -
evm.utg1272.70                       -            437 435253at33208        -            329      0.46   11.1   0.1   2   2      0.48   1.5e+02    2.9   0.0    45   131   157   244   154   275 0.69 -
evm.utg6379.9                        -            677 435253at33208        -            329      0.54   10.9   4.6   1   2       0.3        92    3.6   0.0    89   110    44    65    33    72 0.87 -
evm.utg6379.9                        -            677 435253at33208        -            329      0.54   10.9   4.6   2   2      0.11        35    5.0   1.4    24   114   457   557   434   573 0.63 -
evm.utg3839.110                      -            824 435253at33208        -            329      0.54   10.9   1.1   1   2      0.41   1.3e+02    3.1   0.0     8    49   475   523   468   579 0.81 -
evm.utg3839.110                      -            824 435253at33208        -            329      0.54   10.9   1.1   2   2     0.083        26    5.4   0.4    83   131   680   735   662   746 0.78 -
evm.utg377.23                        -            826 435253at33208        -            329      0.56   10.9   1.1   1   2      0.43   1.3e+02    3.1   0.0     8    49   477   525   470   581 0.81 -
evm.utg377.23                        -            826 435253at33208        -            329      0.56   10.9   1.1   2   2     0.083        26    5.4   0.5    83   131   682   737   664   748 0.78 -
evm.utg470.32                        -           1060 435253at33208        -            329       1.1    9.9   6.7   1   4       7.5   2.3e+03   -1.0   0.0     3   104   392   408   383   430 0.63 -
evm.utg470.32                        -           1060 435253at33208        -            329       1.1    9.9   6.7   2   4    0.0085       2.6    8.7   0.2    86   111   433   458   425   476 0.81 -
evm.utg470.32                        -           1060 435253at33208        -            329       1.1    9.9   6.7   3   4       3.2   9.9e+02    0.2   0.0    84   114   559   591   540   621 0.73 -
evm.utg470.32                        -           1060 435253at33208        -            329       1.1    9.9   6.7   4   4       5.7   1.8e+03   -0.6   0.0    83   130   601   658   593   670 0.71 -
evm.utg861.53                        -            556 435253at33208        -            329       1.3    9.7   1.1   1   3      0.95   2.9e+02    1.9   0.0    90   124   279   313   270   318 0.71 -
evm.utg861.53                        -            556 435253at33208        -            329       1.3    9.7   1.1   2   3      0.14        45    4.6   0.5    82   131   440   499   437   501 0.79 -
evm.utg861.53                        -            556 435253at33208        -            329       1.3    9.7   1.1   3   3      0.92   2.8e+02    2.0   0.1    89   114   492   517   472   541 0.67 -
evm.utg1575.11                       -           1282 435253at33208        -            329       1.8    9.2   2.2   1   2       8.3   2.6e+03   -1.2   0.0    70   103   787   816   783   820 0.71 -
evm.utg1575.11                       -           1282 435253at33208        -            329       1.8    9.2   2.2   2   2     0.017       5.2    7.7   0.1    90   130  1142  1187  1131  1203 0.76 -
#
# Program:         hmmsearch
# Version:         3.1b2 (February 2015)
# Pipeline mode:   SEARCH
# Query file:      /uoa/scratch/users/r02hw22/project_dark_genes/busco_downloads/lineages/metazoa_odb10/hmms/435253at33208.hmm
# Target file:     /uoa/scratch/users/r02hw22/project_dark_genes/00_raw/equina_smart.rnam-trna.merged.ggf.curated.remredun.aa.fa
# Option settings: hmmsearch --domtblout /uoa/scratch/users/r02hw22/project_dark_genes/equina_busco_proteins/run_metazoa_odb10/hmmer_output/initial_run_results/435253at33208.out --cpu 1 /uoa/scratch/users/r02hw22/project_dark_genes/busco_downloads/lineages/metazoa_odb10/hmms/435253at33208.hmm /uoa/scratch/users/r02hw22/project_dark_genes/00_raw/equina_smart.rnam-trna.merged.ggf.curated.remredun.aa.fa 
# Current dir:     /uoa/scratch/users/r02hw22/project_dark_genes
# Date:            Sat Apr 25 14:41:56 2026
# [ok]
