#                                                                                            --- full sequence --- -------------- this domain -------------   hmm coord   ali coord   env coord
# target name                        accession   tlen query name           accession   qlen   E-value  score  bias   #  of  c-Evalue  i-Evalue  score  bias  from    to  from    to  from    to  acc description of target
#                ------------------- ---------- ----- -------------------- ---------- ----- --------- ------ ----- --- --- --------- --------- ------ ----- ----- ----- ----- ----- ----- ----- ---- ---------------------
evm.utg364.29                        -            339 447320at33208        -            233   1.5e-66  225.6   5.9   1   2   1.1e-20   2.8e-18   67.6   0.2     1    98    14   132    14   134 0.83 -
evm.utg364.29                        -            339 447320at33208        -            233   1.5e-66  225.6   5.9   2   2   5.1e-47   1.4e-44  153.7   1.8    80   233   131   332   123   332 0.81 -
evm.utg14.76                         -            335 447320at33208        -            233   8.2e-10   39.9   3.3   1   5      0.66   1.8e+02    2.8   0.0    47    76    31    60    24    77 0.73 -
evm.utg14.76                         -            335 447320at33208        -            233   8.2e-10   39.9   3.3   2   5     0.024       6.3    7.5   0.0    10    35   111   136   106   150 0.88 -
evm.utg14.76                         -            335 447320at33208        -            233   8.2e-10   39.9   3.3   3   5   0.00088      0.23   12.2   0.0     8    36   151   179   145   184 0.91 -
evm.utg14.76                         -            335 447320at33208        -            233   8.2e-10   39.9   3.3   4   5     0.014       3.6    8.3   0.0     5    34   190   219   186   224 0.90 -
evm.utg14.76                         -            335 447320at33208        -            233   8.2e-10   39.9   3.3   5   5      0.24        63    4.3   0.1   104   132   268   296   249   325 0.82 -
evm.utg234.60                        -            303 447320at33208        -            233   8.5e-10   39.8   5.4   1   5       1.6   4.1e+02    1.6   0.2    49    76    31    58    20    97 0.64 -
evm.utg234.60                        -            303 447320at33208        -            233   8.5e-10   39.8   5.4   2   5     0.021       5.5    7.7   0.0    10    35   109   134   104   148 0.88 -
evm.utg234.60                        -            303 447320at33208        -            233   8.5e-10   39.8   5.4   3   5   0.00077       0.2   12.4   0.0     8    36   149   177   143   182 0.91 -
evm.utg234.60                        -            303 447320at33208        -            233   8.5e-10   39.8   5.4   4   5    0.0024      0.64   10.8   0.0     5    36   188   219   184   232 0.90 -
evm.utg234.60                        -            303 447320at33208        -            233   8.5e-10   39.8   5.4   5   5      0.14        38    5.0   0.2   111   132   243   264   222   294 0.79 -
evm.utg234.60.1.5c279240             -            226 447320at33208        -            233   3.6e-09   37.8   1.1   1   4       1.2   3.1e+02    2.0   0.3    49    76    31    58    23    94 0.64 -
evm.utg234.60.1.5c279240             -            226 447320at33208        -            233   3.6e-09   37.8   1.1   2   4     0.014       3.7    8.3   0.0    10    35   109   134   104   148 0.88 -
evm.utg234.60.1.5c279240             -            226 447320at33208        -            233   3.6e-09   37.8   1.1   3   4    0.0005      0.13   13.0   0.0     8    36   149   177   142   182 0.91 -
evm.utg234.60.1.5c279240             -            226 447320at33208        -            233   3.6e-09   37.8   1.1   4   4    0.0084       2.2    9.0   0.0     5    34   188   217   184   221 0.90 -
evm.utg577.102                       -            912 447320at33208        -            233   1.7e-07   32.3  14.0   1   5    0.0026       0.7   10.7   0.5    93   180   603   690   594   699 0.77 -
evm.utg577.102                       -            912 447320at33208        -            233   1.7e-07   32.3  14.0   2   5     0.015         4    8.2   3.2    99   188   649   738   645   747 0.76 -
evm.utg577.102                       -            912 447320at33208        -            233   1.7e-07   32.3  14.0   3   5     0.012       3.2    8.5   2.4   102   181   692   771   684   785 0.76 -
evm.utg577.102                       -            912 447320at33208        -            233   1.7e-07   32.3  14.0   4   5     0.008       2.1    9.1   0.9   102   176   772   848   766   865 0.72 -
evm.utg577.102                       -            912 447320at33208        -            233   1.7e-07   32.3  14.0   5   5    0.0031      0.83   10.4   0.0    98   129   850   886   842   897 0.79 -
evm.utg3872.12.1.5c22f029            -            412 447320at33208        -            233   1.7e-07   32.3   4.6   1   6     0.012       3.3    8.5   0.0    10    35   118   143   116   168 0.78 -
evm.utg3872.12.1.5c22f029            -            412 447320at33208        -            233   1.7e-07   32.3   4.6   2   6     0.099        26    5.5   0.0    15   128   173   193   159   224 0.67 -
evm.utg3872.12.1.5c22f029            -            412 447320at33208        -            233   1.7e-07   32.3   4.6   3   6      0.15        41    4.9   0.0   112   130   177   195   173   257 0.76 -
evm.utg3872.12.1.5c22f029            -            412 447320at33208        -            233   1.7e-07   32.3   4.6   4   6     0.001      0.27   12.0   0.1   111   152   261   302   233   334 0.68 -
evm.utg3872.12.1.5c22f029            -            412 447320at33208        -            233   1.7e-07   32.3   4.6   5   6      0.48   1.3e+02    3.3   0.2   140   169   336   365   310   391 0.68 -
evm.utg3872.12.1.5c22f029            -            412 447320at33208        -            233   1.7e-07   32.3   4.6   6   6       3.2   8.5e+02    0.6   0.0   109   125   394   410   386   411 0.84 -
evm.utg967.29                        -            325 447320at33208        -            233   3.4e-07   31.3   0.7   1   3         3   7.9e+02    0.7   0.0     7    35   102   130    95   139 0.78 -
evm.utg967.29                        -            325 447320at33208        -            233   3.4e-07   31.3   0.7   2   3   0.00046      0.12   13.1   0.0   112   190   157   230   134   240 0.83 -
evm.utg967.29                        -            325 447320at33208        -            233   3.4e-07   31.3   0.7   3   3   0.00036     0.097   13.5   0.0    95   127   256   295   233   300 0.80 -
evm.utg3872.12                       -            514 447320at33208        -            233   4.8e-07   30.8   4.3   1   6     0.015         4    8.2   0.0    10    36   220   246   218   273 0.77 -
evm.utg3872.12                       -            514 447320at33208        -            233   4.8e-07   30.8   4.3   2   6      0.21        55    4.5   0.0     9    34   269   294   261   300 0.68 -
evm.utg3872.12                       -            514 447320at33208        -            233   4.8e-07   30.8   4.3   3   6      0.26        68    4.2   0.0   112   130   279   297   275   333 0.76 -
evm.utg3872.12                       -            514 447320at33208        -            233   4.8e-07   30.8   4.3   4   6    0.0014      0.38   11.5   0.1   111   151   363   403   334   435 0.68 -
evm.utg3872.12                       -            514 447320at33208        -            233   4.8e-07   30.8   4.3   5   6      0.67   1.8e+02    2.8   0.1   140   168   438   466   413   493 0.69 -
evm.utg3872.12                       -            514 447320at33208        -            233   4.8e-07   30.8   4.3   6   6       3.9     1e+03    0.3   0.0   108   125   495   512   485   513 0.85 -
evm.utg389.12                        -            914 447320at33208        -            233     5e-07   30.8  25.0   1   7     0.065        17    6.1   0.1    42    75    67   103    30   119 0.80 -
evm.utg389.12                        -            914 447320at33208        -            233     5e-07   30.8  25.0   2   7       4.6   1.2e+03    0.1   0.0   112   129   121   138   115   147 0.84 -
evm.utg389.12                        -            914 447320at33208        -            233     5e-07   30.8  25.0   3   7     0.031       8.4    7.1   0.0   110   130   163   183   160   193 0.81 -
evm.utg389.12                        -            914 447320at33208        -            233     5e-07   30.8  25.0   4   7      0.96   2.6e+02    2.3   0.1    49   179   205   337   190   348 0.54 -
evm.utg389.12                        -            914 447320at33208        -            233     5e-07   30.8  25.0   5   7      0.03       7.9    7.2   2.6    98   172   423   511   340   519 0.54 -
evm.utg389.12                        -            914 447320at33208        -            233     5e-07   30.8  25.0   6   7       4.8   1.3e+03    0.0   0.1   102   174   521   555   514   567 0.55 -
evm.utg389.12                        -            914 447320at33208        -            233     5e-07   30.8  25.0   7   7   0.00016     0.043   14.6   0.4   109   171   577   636   558   658 0.79 -
evm.utg616.9                         -            671 447320at33208        -            233   7.2e-07   30.3  19.0   1   6     0.017       4.4    8.0   0.4   101   129   341   375   330   414 0.73 -
evm.utg616.9                         -            671 447320at33208        -            233   7.2e-07   30.3  19.0   2   6    0.0029      0.77   10.5   0.3    95   129   416   455   408   475 0.82 -
evm.utg616.9                         -            671 447320at33208        -            233   7.2e-07   30.3  19.0   3   6       5.6   1.5e+03   -0.2   0.0   111   129   477   495   457   500 0.72 -
evm.utg616.9                         -            671 447320at33208        -            233   7.2e-07   30.3  19.0   4   6      0.21        55    4.5   0.2    98   129   499   535   495   549 0.80 -
evm.utg616.9                         -            671 447320at33208        -            233   7.2e-07   30.3  19.0   5   6      0.94   2.5e+02    2.3   0.1   111   129   557   575   538   582 0.86 -
evm.utg616.9                         -            671 447320at33208        -            233   7.2e-07   30.3  19.0   6   6   0.00034     0.091   13.6   0.6    98   165   582   653   574   660 0.74 -
evm.utg186.22                        -           1975 447320at33208        -            233   7.4e-07   30.2   7.1   1   9       1.3   3.6e+02    1.8   0.1   113   162   251   300   236   313 0.87 -
evm.utg186.22                        -           1975 447320at33208        -            233   7.4e-07   30.2   7.1   2   9       3.2   8.5e+02    0.6   0.0   113   154   341   375   338   406 0.71 -
evm.utg186.22                        -           1975 447320at33208        -            233   7.4e-07   30.2   7.1   3   9      0.42   1.1e+02    3.5   0.0     6    36   410   440   405   448 0.84 -
evm.utg186.22                        -           1975 447320at33208        -            233   7.4e-07   30.2   7.1   4   9      0.41   1.1e+02    3.5   0.0   112   135   921   945   873   953 0.80 -
evm.utg186.22                        -           1975 447320at33208        -            233   7.4e-07   30.2   7.1   5   9       7.8   2.1e+03   -0.7   0.0   114   130  1020  1036  1017  1050 0.75 -
evm.utg186.22                        -           1975 447320at33208        -            233   7.4e-07   30.2   7.1   6   9      0.41   1.1e+02    3.5   0.0     7    33  1200  1226  1197  1233 0.88 -
evm.utg186.22                        -           1975 447320at33208        -            233   7.4e-07   30.2   7.1   7   9      0.13        33    5.2   0.0   112   137  1718  1743  1679  1785 0.72 -
evm.utg186.22                        -           1975 447320at33208        -            233   7.4e-07   30.2   7.1   8   9       6.4   1.7e+03   -0.4   0.0     7    32  1789  1814  1786  1819 0.77 -
evm.utg186.22                        -           1975 447320at33208        -            233   7.4e-07   30.2   7.1   9   9       9.6   2.6e+03   -1.0   0.0    13    34  1907  1928  1899  1974 0.46 -
evm.utg1056.106                      -            351 447320at33208        -            233   8.2e-07   30.1   5.0   1   6       4.9   1.3e+03   -0.0   0.0     6    23    63    80    58   100 0.73 -
evm.utg1056.106                      -            351 447320at33208        -            233   8.2e-07   30.1   5.0   2   6       1.2   3.3e+02    1.9   0.1   112   128   118   134    97   138 0.87 -
evm.utg1056.106                      -            351 447320at33208        -            233   8.2e-07   30.1   5.0   3   6    0.0021      0.56   11.0   0.0    97   129   138   177   133   188 0.83 -
evm.utg1056.106                      -            351 447320at33208        -            233   8.2e-07   30.1   5.0   4   6      0.24        63    4.3   0.1   112   129   202   219   185   229 0.88 -
evm.utg1056.106                      -            351 447320at33208        -            233   8.2e-07   30.1   5.0   5   6       1.5   3.9e+02    1.7   0.0    10    43   236   269   231   290 0.70 -
evm.utg1056.106                      -            351 447320at33208        -            233   8.2e-07   30.1   5.0   6   6     0.046        12    6.6   0.1   112   134   290   312   288   320 0.86 -
evm.utg1056.106.1.5c22e841           -            351 447320at33208        -            233   8.2e-07   30.1   5.0   1   6       4.9   1.3e+03   -0.0   0.0     6    23    63    80    58   100 0.73 -
evm.utg1056.106.1.5c22e841           -            351 447320at33208        -            233   8.2e-07   30.1   5.0   2   6       1.2   3.3e+02    1.9   0.1   112   128   118   134    97   138 0.87 -
evm.utg1056.106.1.5c22e841           -            351 447320at33208        -            233   8.2e-07   30.1   5.0   3   6    0.0021      0.56   11.0   0.0    97   129   138   177   133   188 0.83 -
evm.utg1056.106.1.5c22e841           -            351 447320at33208        -            233   8.2e-07   30.1   5.0   4   6      0.24        63    4.3   0.1   112   129   202   219   185   229 0.88 -
evm.utg1056.106.1.5c22e841           -            351 447320at33208        -            233   8.2e-07   30.1   5.0   5   6       1.5   3.9e+02    1.7   0.0    10    43   236   269   231   290 0.70 -
evm.utg1056.106.1.5c22e841           -            351 447320at33208        -            233   8.2e-07   30.1   5.0   6   6     0.046        12    6.6   0.1   112   134   290   312   288   320 0.86 -
evm.utg12655.28                      -            300 447320at33208        -            233   1.6e-06   29.1   1.2   1   5       7.3   1.9e+03   -0.6   0.0   112   129    65    82    42    93 0.75 -
evm.utg12655.28                      -            300 447320at33208        -            233   1.6e-06   29.1   1.2   2   5    0.0011       0.3   11.8   0.3   111   172   107   164    80   167 0.59 -
evm.utg12655.28                      -            300 447320at33208        -            233   1.6e-06   29.1   1.2   3   5      0.26        70    4.1   0.0   111   131   148   168   145   173 0.89 -
evm.utg12655.28                      -            300 447320at33208        -            233   1.6e-06   29.1   1.2   4   5      0.06        16    6.2   0.0    99   128   171   207   166   215 0.77 -
evm.utg12655.28                      -            300 447320at33208        -            233   1.6e-06   29.1   1.2   5   5      0.64   1.7e+02    2.8   0.0   110   131   239   260   235   267 0.88 -
evm.utg911.37                        -           1947 447320at33208        -            233   3.8e-06   27.9   9.2   1   7      0.72   1.9e+02    2.7   0.1   113   162   251   300   236   313 0.89 -
evm.utg911.37                        -           1947 447320at33208        -            233   3.8e-06   27.9   9.2   2   7       3.2   8.4e+02    0.6   0.0   113   154   341   375   338   406 0.71 -
evm.utg911.37                        -           1947 447320at33208        -            233   3.8e-06   27.9   9.2   3   7      0.41   1.1e+02    3.5   0.0     6    36   410   440   405   448 0.84 -
evm.utg911.37                        -           1947 447320at33208        -            233   3.8e-06   27.9   9.2   4   7      0.41   1.1e+02    3.5   0.0   112   135   921   945   873   953 0.80 -
evm.utg911.37                        -           1947 447320at33208        -            233   3.8e-06   27.9   9.2   5   7       7.7     2e+03   -0.7   0.0   114   130  1020  1036  1017  1050 0.75 -
evm.utg911.37                        -           1947 447320at33208        -            233   3.8e-06   27.9   9.2   6   7      0.38     1e+02    3.6   0.0     7    33  1200  1226  1197  1234 0.87 -
evm.utg911.37                        -           1947 447320at33208        -            233   3.8e-06   27.9   9.2   7   7      0.18        48    4.6   0.0   112   136  1690  1714  1651  1757 0.71 -
evm.utg496.26                        -            504 447320at33208        -            233   3.8e-06   27.9   4.9   1   4       1.3   3.4e+02    1.9   0.0   112   130   170   188   167   227 0.77 -
evm.utg496.26                        -            504 447320at33208        -            233   3.8e-06   27.9   4.9   2   4     0.086        23    5.7   0.0   112   139   228   255   224   296 0.69 -
evm.utg496.26                        -            504 447320at33208        -            233   3.8e-06   27.9   4.9   3   4      0.77     2e+02    2.6   0.3    98   129   331   369   264   381 0.65 -
evm.utg496.26                        -            504 447320at33208        -            233   3.8e-06   27.9   4.9   4   4    0.0075         2    9.2   0.0     4    34   430   460   427   467 0.88 -
evm.utg389.12.1.5c22f032             -            817 447320at33208        -            233   4.4e-06   27.7  21.6   1   6         4   1.1e+03    0.2   0.0   112   129    24    41    18    50 0.84 -
evm.utg389.12.1.5c22f032             -            817 447320at33208        -            233   4.4e-06   27.7  21.6   2   6     0.026       6.9    7.4   0.0   110   130    66    86    62    97 0.81 -
evm.utg389.12.1.5c22f032             -            817 447320at33208        -            233   4.4e-06   27.7  21.6   3   6      0.84   2.2e+02    2.5   0.1    49   179   108   240    94   251 0.53 -
evm.utg389.12.1.5c22f032             -            817 447320at33208        -            233   4.4e-06   27.7  21.6   4   6     0.027       7.2    7.3   2.7    98   172   326   414   244   422 0.54 -
evm.utg389.12.1.5c22f032             -            817 447320at33208        -            233   4.4e-06   27.7  21.6   5   6       3.9     1e+03    0.3   0.1   103   175   425   459   418   474 0.55 -
evm.utg389.12.1.5c22f032             -            817 447320at33208        -            233   4.4e-06   27.7  21.6   6   6   0.00014     0.038   14.8   0.4   109   172   480   540   461   562 0.79 -
evm.utg343339.3                      -            504 447320at33208        -            233   4.6e-06   27.6   4.6   1   4       1.3   3.4e+02    1.9   0.0   112   130   170   188   167   227 0.77 -
evm.utg343339.3                      -            504 447320at33208        -            233   4.6e-06   27.6   4.6   2   4     0.086        23    5.7   0.0   112   139   228   255   224   296 0.69 -
evm.utg343339.3                      -            504 447320at33208        -            233   4.6e-06   27.6   4.6   3   4      0.77     2e+02    2.6   0.3    98   129   331   369   264   381 0.65 -
evm.utg343339.3                      -            504 447320at33208        -            233   4.6e-06   27.6   4.6   4   4    0.0075         2    9.2   0.0     4    34   430   460   427   467 0.88 -
evm.utg21228.28                      -            351 447320at33208        -            233   4.9e-06   27.5   1.1   1   5       4.6   1.2e+03    0.0   0.0   111   129   115   133    52   151 0.76 -
evm.utg21228.28                      -            351 447320at33208        -            233   4.9e-06   27.5   1.1   2   5    0.0024      0.64   10.8   0.2   112   172   159   215   134   218 0.64 -
evm.utg21228.28                      -            351 447320at33208        -            233   4.9e-06   27.5   1.1   3   5       0.3        79    4.0   0.1   111   131   199   219   195   226 0.89 -
evm.utg21228.28                      -            351 447320at33208        -            233   4.9e-06   27.5   1.1   4   5     0.082        22    5.8   0.0    99   128   222   258   219   265 0.75 -
evm.utg21228.28                      -            351 447320at33208        -            233   4.9e-06   27.5   1.1   5   5      0.78   2.1e+02    2.6   0.0   110   131   290   311   286   318 0.88 -
evm.utg7.52                          -            496 447320at33208        -            233     5e-06   27.5  10.6   1   5     0.013       3.4    8.4   2.8    88   182   180   274   168   281 0.78 -
evm.utg7.52                          -            496 447320at33208        -            233     5e-06   27.5  10.6   2   5      0.72   1.9e+02    2.7   0.1   112   175   289   350   287   356 0.65 -
evm.utg7.52                          -            496 447320at33208        -            233     5e-06   27.5  10.6   3   5      0.11        30    5.3   0.0   100   127   355   387   349   394 0.83 -
evm.utg7.52                          -            496 447320at33208        -            233     5e-06   27.5  10.6   4   5    0.0064       1.7    9.4   0.0   100   129   395   429   388   436 0.81 -
evm.utg7.52                          -            496 447320at33208        -            233     5e-06   27.5  10.6   5   5       1.4   3.8e+02    1.7   0.0   108   127   457   476   445   486 0.85 -
evm.utg4464.3                        -            892 447320at33208        -            233   5.1e-06   27.5   4.5   1   4       8.6   2.3e+03   -0.8   0.0    36    63    59    86    50    92 0.86 -
evm.utg4464.3                        -            892 447320at33208        -            233   5.1e-06   27.5   4.5   2   4    0.0034       0.9   10.3   0.3    92   181    91   180    74   197 0.80 -
evm.utg4464.3                        -            892 447320at33208        -            233   5.1e-06   27.5   4.5   3   4   0.00062      0.16   12.7   0.2     6   126   425   580   423   588 0.56 -
evm.utg4464.3                        -            892 447320at33208        -            233   5.1e-06   27.5   4.5   4   4       9.3   2.5e+03   -0.9   0.0     7    22   595   610   589   619 0.88 -
evm.utg18125.5                       -            949 447320at33208        -            233   6.3e-06   27.2  25.1   1   6       0.1        27    5.5   0.7    47    76   285   315   264   358 0.80 -
evm.utg18125.5                       -            949 447320at33208        -            233   6.3e-06   27.2  25.1   2   6     0.033       8.8    7.1   0.0   110   130   374   394   370   416 0.85 -
evm.utg18125.5                       -            949 447320at33208        -            233   6.3e-06   27.2  25.1   3   6       2.9   7.8e+02    0.7   0.1   112   155   475   522   398   560 0.51 -
evm.utg18125.5                       -            949 447320at33208        -            233   6.3e-06   27.2  25.1   4   6      0.11        29    5.4   1.4   110   203   608   700   584   703 0.69 -
evm.utg18125.5                       -            949 447320at33208        -            233   6.3e-06   27.2  25.1   5   6         2   5.3e+02    1.2   0.1   101   129   731   766   720   781 0.70 -
evm.utg18125.5                       -            949 447320at33208        -            233   6.3e-06   27.2  25.1   6   6   0.00024     0.065   14.0   0.4   109   174   788   850   769   871 0.78 -
evm.utg1272.13.1.5c22e9c5            -            492 447320at33208        -            233   6.9e-06   27.0   3.6   1   4     0.019       5.2    7.8   0.0    91   128   216   258   172   279 0.83 -
evm.utg1272.13.1.5c22e9c5            -            492 447320at33208        -            233   6.9e-06   27.0   3.6   2   4       8.6   2.3e+03   -0.8   0.0   113   131   302   320   296   338 0.78 -
evm.utg1272.13.1.5c22e9c5            -            492 447320at33208        -            233   6.9e-06   27.0   3.6   3   4     0.051        14    6.4   0.1   111   128   339   356   334   361 0.90 -
evm.utg1272.13.1.5c22e9c5            -            492 447320at33208        -            233   6.9e-06   27.0   3.6   4   4    0.0021      0.55   11.0   0.1   100   173   363   444   356   470 0.72 -
evm.utg2323.5                        -            681 447320at33208        -            233     8e-06   26.8   0.3   1   4     0.037       9.7    6.9   0.1    99   131    56    95     7   108 0.78 -
evm.utg2323.5                        -            681 447320at33208        -            233     8e-06   26.8   0.3   2   4      0.66   1.7e+02    2.8   0.0   101   135   100   142    96   160 0.68 -
evm.utg2323.5                        -            681 447320at33208        -            233     8e-06   26.8   0.3   3   4    0.0064       1.7    9.4   0.0   101   130   142   178   138   187 0.74 -
evm.utg2323.5                        -            681 447320at33208        -            233     8e-06   26.8   0.3   4   4      0.58   1.5e+02    3.0   0.0   112   132   202   222   192   265 0.88 -
evm.utg1278.33                       -            655 447320at33208        -            233   8.7e-06   26.7   1.5   1   2    0.0073       1.9    9.2   0.1    89   136   267   318   249   333 0.66 -
evm.utg1278.33                       -            655 447320at33208        -            233   8.7e-06   26.7   1.5   2   2   0.00014     0.037   14.8   0.2   112   175   346   411   331   420 0.80 -
evm.utg27.21                         -            316 447320at33208        -            233   9.2e-06   26.6   6.5   1   3      0.43   1.1e+02    3.4   0.1   114   180    33   101    30   116 0.51 -
evm.utg27.21                         -            316 447320at33208        -            233   9.2e-06   26.6   6.5   2   3     0.018       4.8    7.9   0.8   111   176   119   184    97   189 0.71 -
evm.utg27.21                         -            316 447320at33208        -            233   9.2e-06   26.6   6.5   3   3   2.2e-05     0.006   17.4   0.0   100   178   188   268   180   293 0.82 -
utg356.equina_smart_371689.mrna1     -            318 447320at33208        -            233   9.4e-06   26.6   4.5   1   4      0.71   1.9e+02    2.7   0.0   111   183    12    80     8    97 0.60 -
utg356.equina_smart_371689.mrna1     -            318 447320at33208        -            233   9.4e-06   26.6   4.5   2   4    0.0075         2    9.2   0.1   113   173    99   157    96   164 0.70 -
utg356.equina_smart_371689.mrna1     -            318 447320at33208        -            233   9.4e-06   26.6   4.5   3   4      0.16        43    4.8   0.0     6    44   170   208   167   214 0.86 -
utg356.equina_smart_371689.mrna1     -            318 447320at33208        -            233   9.4e-06   26.6   4.5   4   4     0.035       9.2    7.0   0.4   112   179   233   298   213   310 0.83 -
evm.utg26219.6                       -            683 447320at33208        -            233   9.7e-06   26.6   0.3   1   4     0.051        14    6.5   0.0    99   131    56    95    32   102 0.76 -
evm.utg26219.6                       -            683 447320at33208        -            233   9.7e-06   26.6   0.3   2   4      0.76     2e+02    2.6   0.0   101   135   100   142    96   160 0.67 -
evm.utg26219.6                       -            683 447320at33208        -            233   9.7e-06   26.6   0.3   3   4    0.0063       1.7    9.4   0.0   101   130   142   178   137   187 0.74 -
evm.utg26219.6                       -            683 447320at33208        -            233   9.7e-06   26.6   0.3   4   4      0.58   1.5e+02    3.0   0.0   112   132   202   222   192   265 0.88 -
evm.utg1272.13                       -            609 447320at33208        -            233   1.1e-05   26.3   4.0   1   3     0.027       7.1    7.4   0.0    91   128   216   258   173   279 0.83 -
evm.utg1272.13                       -            609 447320at33208        -            233   1.1e-05   26.3   4.0   2   3     0.058        15    6.3   0.1   111   128   339   356   329   363 0.90 -
evm.utg1272.13                       -            609 447320at33208        -            233   1.1e-05   26.3   4.0   3   3    0.0029      0.78   10.5   0.1   101   173   364   444   357   474 0.72 -
evm.utg431.5                         -           1181 447320at33208        -            233   1.2e-05   26.3   9.8   1   6      0.89   2.4e+02    2.4   0.0   151   176    13    38     2    86 0.79 -
evm.utg431.5                         -           1181 447320at33208        -            233   1.2e-05   26.3   9.8   2   6     0.097        26    5.5   0.0     6    51   286   329   281   337 0.88 -
evm.utg431.5                         -           1181 447320at33208        -            233   1.2e-05   26.3   9.8   3   6     0.074        20    5.9   0.0    38    75   348   385   344   393 0.83 -
evm.utg431.5                         -           1181 447320at33208        -            233   1.2e-05   26.3   9.8   4   6      0.63   1.7e+02    2.9   0.0    10    37   423   450   416   505 0.78 -
evm.utg431.5                         -           1181 447320at33208        -            233   1.2e-05   26.3   9.8   5   6       1.8   4.8e+02    1.4   0.0   107   151   583   625   579   661 0.74 -
evm.utg431.5                         -           1181 447320at33208        -            233   1.2e-05   26.3   9.8   6   6      0.41   1.1e+02    3.5   0.1   108   138   941   971   929   981 0.79 -
evm.utg2967.37.2.5c22ee73            -            682 447320at33208        -            233   1.3e-05   26.2   0.6   1   4      0.05        13    6.5   0.0    99   131    55    94    30   101 0.76 -
evm.utg2967.37.2.5c22ee73            -            682 447320at33208        -            233   1.3e-05   26.2   0.6   2   4      0.71   1.9e+02    2.7   0.0   100   135    98   141    94   159 0.68 -
evm.utg2967.37.2.5c22ee73            -            682 447320at33208        -            233   1.3e-05   26.2   0.6   3   4    0.0063       1.7    9.4   0.0   101   130   141   177   137   187 0.74 -
evm.utg2967.37.2.5c22ee73            -            682 447320at33208        -            233   1.3e-05   26.2   0.6   4   4      0.73   1.9e+02    2.7   0.0   112   131   201   220   195   232 0.82 -
evm.utg2967.37                       -            683 447320at33208        -            233   1.4e-05   26.0   0.9   1   4     0.059        16    6.3   0.0    99   131    56    95    38   102 0.79 -
evm.utg2967.37                       -            683 447320at33208        -            233   1.4e-05   26.0   0.9   2   4      0.68   1.8e+02    2.8   0.0   100   135    99   142    94   160 0.69 -
evm.utg2967.37                       -            683 447320at33208        -            233   1.4e-05   26.0   0.9   3   4    0.0064       1.7    9.4   0.0   101   130   142   178   138   188 0.74 -
evm.utg2967.37                       -            683 447320at33208        -            233   1.4e-05   26.0   0.9   4   4      0.71   1.9e+02    2.7   0.0   112   131   202   221   195   233 0.82 -
evm.utg435.72                        -           1669 447320at33208        -            233   1.6e-05   25.9  19.1   1   9      0.22        58    4.4   0.8   113   129   786   802   735   843 0.50 -
evm.utg435.72                        -           1669 447320at33208        -            233   1.6e-05   25.9  19.1   2   9      0.18        47    4.7   0.3    92   130   800   845   798   858 0.79 -
evm.utg435.72                        -           1669 447320at33208        -            233   1.6e-05   25.9  19.1   3   9       8.6   2.3e+03   -0.8   0.0   111   132   866   887   849   896 0.86 -
evm.utg435.72                        -           1669 447320at33208        -            233   1.6e-05   25.9  19.1   4   9     0.029       7.7    7.3   0.5   100   196   890   991   880  1010 0.71 -
evm.utg435.72                        -           1669 447320at33208        -            233   1.6e-05   25.9  19.1   5   9       2.7   7.2e+02    0.8   0.2   113   143  1078  1103  1057  1144 0.54 -
evm.utg435.72                        -           1669 447320at33208        -            233   1.6e-05   25.9  19.1   6   9       3.4     9e+02    0.5   0.3   112   128  1119  1135  1078  1173 0.53 -
evm.utg435.72                        -           1669 447320at33208        -            233   1.6e-05   25.9  19.1   7   9      0.13        35    5.1   0.0     7    39  1337  1369  1333  1381 0.86 -
evm.utg435.72                        -           1669 447320at33208        -            233   1.6e-05   25.9  19.1   8   9     0.031       8.2    7.2   0.0   109   132  1476  1499  1472  1523 0.87 -
evm.utg435.72                        -           1669 447320at33208        -            233   1.6e-05   25.9  19.1   9   9       5.4   1.4e+03   -0.2   0.1   121   195  1570  1647  1537  1654 0.63 -
evm.utg2967.37.1.5c22ee73            -            636 447320at33208        -            233   1.7e-05   25.8   0.1   1   4     0.069        18    6.0   0.0   100   131    13    51     6    60 0.79 -
evm.utg2967.37.1.5c22ee73            -            636 447320at33208        -            233   1.7e-05   25.8   0.1   2   4      0.79   2.1e+02    2.6   0.0   100   135    55    98    51   115 0.71 -
evm.utg2967.37.1.5c22ee73            -            636 447320at33208        -            233   1.7e-05   25.8   0.1   3   4    0.0059       1.6    9.5   0.0   101   130    98   134    94   143 0.74 -
evm.utg2967.37.1.5c22ee73            -            636 447320at33208        -            233   1.7e-05   25.8   0.1   4   4      0.53   1.4e+02    3.1   0.0   112   132   158   178   148   223 0.87 -
evm.utg73.56                         -            309 447320at33208        -            233   1.7e-05   25.7   3.2   1   4      0.58   1.6e+02    3.0   0.0   111   135    75    99    72   113 0.77 -
evm.utg73.56                         -            309 447320at33208        -            233   1.7e-05   25.7   3.2   2   4      0.07        19    6.0   0.1   112   133   119   140   115   164 0.84 -
evm.utg73.56                         -            309 447320at33208        -            233   1.7e-05   25.7   3.2   3   4    0.0036      0.96   10.2   0.0   111   132   244   265   224   277 0.82 -
evm.utg73.56                         -            309 447320at33208        -            233   1.7e-05   25.7   3.2   4   4      0.68   1.8e+02    2.8   0.0   112   127   288   303   285   306 0.87 -
evm.utg376.68                        -            977 447320at33208        -            233   2.8e-05   25.0   1.2   1   3      0.39     1e+02    3.6   0.1    92   129    87   131    30   145 0.77 -
evm.utg376.68                        -            977 447320at33208        -            233   2.8e-05   25.0   1.2   2   3      0.21        56    4.4   0.0    99   131   186   221   178   230 0.76 -
evm.utg376.68                        -            977 447320at33208        -            233   2.8e-05   25.0   1.2   3   3    0.0004      0.11   13.3   0.0    99   141   224   273   221   324 0.69 -
evm.utg376.68.1.5c22efd2             -            978 447320at33208        -            233   2.8e-05   25.0   1.2   1   3      0.39     1e+02    3.6   0.1    92   129    87   131    30   145 0.77 -
evm.utg376.68.1.5c22efd2             -            978 447320at33208        -            233   2.8e-05   25.0   1.2   2   3      0.21        56    4.4   0.0    99   131   186   221   178   230 0.76 -
evm.utg376.68.1.5c22efd2             -            978 447320at33208        -            233   2.8e-05   25.0   1.2   3   3    0.0004      0.11   13.3   0.0    99   141   224   273   221   324 0.69 -
evm.utg5513.6                        -           1208 447320at33208        -            233   2.9e-05   25.0   9.5   1   6       6.2   1.7e+03   -0.4   0.0   134   176    35    79    12   130 0.78 -
evm.utg5513.6                        -           1208 447320at33208        -            233   2.9e-05   25.0   9.5   2   6      0.17        45    4.7   0.0     6    51   327   370   323   378 0.88 -
evm.utg5513.6                        -           1208 447320at33208        -            233   2.9e-05   25.0   9.5   3   6     0.083        22    5.8   0.0    38    75   389   426   385   434 0.83 -
evm.utg5513.6                        -           1208 447320at33208        -            233   2.9e-05   25.0   9.5   4   6      0.42   1.1e+02    3.5   0.0    10    38   464   492   457   549 0.78 -
evm.utg5513.6                        -           1208 447320at33208        -            233   2.9e-05   25.0   9.5   5   6       1.3   3.5e+02    1.8   0.0   108   151   625   666   621   701 0.74 -
evm.utg5513.6                        -           1208 447320at33208        -            233   2.9e-05   25.0   9.5   6   6       0.2        54    4.5   0.1   108   141   993  1026   982  1038 0.83 -
evm.utg607.12                        -            707 447320at33208        -            233     3e-05   25.0   4.7   1   4       1.9     5e+02    1.3   0.1   111   133    50    72    40    90 0.80 -
evm.utg607.12                        -            707 447320at33208        -            233     3e-05   25.0   4.7   2   4      0.12        32    5.2   0.2   101   129    79   114    72   148 0.67 -
evm.utg607.12                        -            707 447320at33208        -            233     3e-05   25.0   4.7   3   4     0.049        13    6.5   0.0    77   128   148   206   126   222 0.81 -
evm.utg607.12                        -            707 447320at33208        -            233     3e-05   25.0   4.7   4   4     0.003       0.8   10.5   0.2   101   134   214   255   207   263 0.67 -
evm.utg607.12.1.5c22f2ae             -            705 447320at33208        -            233   3.2e-05   24.9   4.9   1   4       1.9     5e+02    1.3   0.1   111   133    50    72    40    90 0.80 -
evm.utg607.12.1.5c22f2ae             -            705 447320at33208        -            233   3.2e-05   24.9   4.9   2   4      0.01       2.7    8.7   0.3   101   178    79   160    72   168 0.63 -
evm.utg607.12.1.5c22f2ae             -            705 447320at33208        -            233   3.2e-05   24.9   4.9   3   4     0.052        14    6.4   0.0    77   128   148   206   126   218 0.81 -
evm.utg607.12.1.5c22f2ae             -            705 447320at33208        -            233   3.2e-05   24.9   4.9   4   4     0.003       0.8   10.5   0.2   101   134   214   255   207   263 0.67 -
evm.utg13607.5                       -           1071 447320at33208        -            233   3.6e-05   24.7   1.1   1   3      0.43   1.1e+02    3.4   0.1    92   129    87   131    30   143 0.77 -
evm.utg13607.5                       -           1071 447320at33208        -            233   3.6e-05   24.7   1.1   2   3      0.22        58    4.4   0.0    99   131   186   221   178   231 0.76 -
evm.utg13607.5                       -           1071 447320at33208        -            233   3.6e-05   24.7   1.1   3   3   0.00043      0.12   13.2   0.0    99   141   224   273   220   324 0.69 -
evm.utg402.7                         -            934 447320at33208        -            233   3.7e-05   24.7   3.6   1   4         2   5.3e+02    1.3   0.0   112   129   256   273   254   286 0.85 -
evm.utg402.7                         -            934 447320at33208        -            233   3.7e-05   24.7   3.6   2   4       1.9     5e+02    1.3   0.1   112   129   297   314   280   362 0.69 -
evm.utg402.7                         -            934 447320at33208        -            233   3.7e-05   24.7   3.6   3   4      0.54   1.4e+02    3.1   0.0    48    88   507   551   496   571 0.74 -
evm.utg402.7                         -            934 447320at33208        -            233   3.7e-05   24.7   3.6   4   4   0.00015     0.041   14.7   0.0    81   135   612   673   603   689 0.83 -
evm.utg479.8                         -            451 447320at33208        -            233   4.9e-05   24.2   5.5   1   4     0.052        14    6.4   0.2    81   130    18    73     3    90 0.68 -
evm.utg479.8                         -            451 447320at33208        -            233   4.9e-05   24.2   5.5   2   4    0.0084       2.2    9.0   0.2    99   170    96   162    86   177 0.76 -
evm.utg479.8                         -            451 447320at33208        -            233   4.9e-05   24.2   5.5   3   4      0.54   1.4e+02    3.1   0.0   103   128   229   260   189   280 0.77 -
evm.utg479.8                         -            451 447320at33208        -            233   4.9e-05   24.2   5.5   4   4      0.11        30    5.3   0.0   111   128   336   353   304   358 0.70 -
evm.utg3605.58                       -            566 447320at33208        -            233   5.2e-05   24.2   0.9   1   3       1.3   3.3e+02    1.9   0.0   112   129   115   132   111   191 0.71 -
evm.utg3605.58                       -            566 447320at33208        -            233   5.2e-05   24.2   0.9   2   3      0.72   1.9e+02    2.7   0.0    48    88   325   369   320   383 0.71 -
evm.utg3605.58                       -            566 447320at33208        -            233   5.2e-05   24.2   0.9   3   3   9.3e-05     0.025   15.4   0.1    81   135   430   491   421   517 0.84 -
evm.utg788.47                        -           1044 447320at33208        -            233   5.9e-05   24.0  10.7   1   5         3     8e+02    0.7   0.0   113   134   115   136   104   156 0.78 -
evm.utg788.47                        -           1044 447320at33208        -            233   5.9e-05   24.0  10.7   2   5   0.00088      0.23   12.2   0.1    77   128   458   511   443   521 0.83 -
evm.utg788.47                        -           1044 447320at33208        -            233   5.9e-05   24.0  10.7   3   5      0.19        51    4.6   0.0    98   142   565   615   552   620 0.77 -
evm.utg788.47                        -           1044 447320at33208        -            233   5.9e-05   24.0  10.7   4   5     0.037       9.7    6.9   0.3   111   180   692   759   690   764 0.80 -
evm.utg788.47                        -           1044 447320at33208        -            233   5.9e-05   24.0  10.7   5   5       4.9   1.3e+03   -0.0   0.0   100   118   771   789   767   821 0.59 -
evm.utg9769.3                        -            553 447320at33208        -            233   6.3e-05   23.9   1.1   1   3     0.085        23    5.7   0.0   112   130   338   356   332   371 0.81 -
evm.utg9769.3                        -            553 447320at33208        -            233   6.3e-05   23.9   1.1   2   3     0.035       9.2    7.0   0.0    11    40   373   402   367   412 0.80 -
evm.utg9769.3                        -            553 447320at33208        -            233   6.3e-05   23.9   1.1   3   3     0.021       5.5    7.7   0.1     6    48   462   504   459   513 0.81 -
evm.utg17809.13                      -            456 447320at33208        -            233   6.6e-05   23.8  11.2   1   5       0.1        27    5.5   0.1   111   129   119   137    99   149 0.69 -
evm.utg17809.13                      -            456 447320at33208        -            233   6.6e-05   23.8  11.2   2   5       0.1        27    5.5   0.0   111   128   161   178   142   196 0.81 -
evm.utg17809.13                      -            456 447320at33208        -            233   6.6e-05   23.8  11.2   3   5    0.0043       1.1   10.0   0.3   111   148   209   246   202   250 0.89 -
evm.utg17809.13                      -            456 447320at33208        -            233   6.6e-05   23.8  11.2   4   5       3.4   8.9e+02    0.5   0.1   112   162   251   295   236   300 0.71 -
evm.utg17809.13                      -            456 447320at33208        -            233   6.6e-05   23.8  11.2   5   5      0.38     1e+02    3.6   0.1   112   131   417   436   395   448 0.86 -
evm.utg418.52                        -            385 447320at33208        -            233   6.9e-05   23.8   4.4   1   3     0.023       6.2    7.6   0.6   111   176    74   140    60   143 0.60 -
evm.utg418.52                        -            385 447320at33208        -            233   6.9e-05   23.8   4.4   2   3   0.00024     0.065   14.1   0.1   112   130   164   182   141   232 0.76 -
evm.utg418.52                        -            385 447320at33208        -            233   6.9e-05   23.8   4.4   3   3       5.9   1.6e+03   -0.3   0.0   113   129   211   227   203   263 0.73 -
evm.utg1748.16                       -            702 447320at33208        -            233     7e-05   23.8  15.3   1   6       7.7   2.1e+03   -0.7   0.0    35    58   336   359   327   381 0.73 -
evm.utg1748.16                       -            702 447320at33208        -            233     7e-05   23.8  15.3   2   6         1   2.7e+02    2.2   0.1    97   130   411   449   403   457 0.74 -
evm.utg1748.16                       -            702 447320at33208        -            233     7e-05   23.8  15.3   3   6      0.01       2.8    8.7   0.2   110   181   470   536   451   546 0.71 -
evm.utg1748.16                       -            702 447320at33208        -            233     7e-05   23.8  15.3   4   6   0.00085      0.23   12.3   1.5   101   177   536   616   529   626 0.79 -
evm.utg1748.16                       -            702 447320at33208        -            233     7e-05   23.8  15.3   5   6       4.1   1.1e+03    0.2   0.0   112   129   645   662   641   674 0.82 -
evm.utg1748.16                       -            702 447320at33208        -            233     7e-05   23.8  15.3   6   6     0.058        15    6.3   0.1   109   127   682   700   662   701 0.70 -
evm.utg479.8.2.5c22f153              -            362 447320at33208        -            233   8.4e-05   23.5   7.6   1   4     0.039        10    6.8   0.2    81   130    18    73     3    88 0.68 -
evm.utg479.8.2.5c22f153              -            362 447320at33208        -            233   8.4e-05   23.5   7.6   2   4     0.005       1.3    9.8   0.2    99   171    96   163    87   221 0.80 -
evm.utg479.8.2.5c22f153              -            362 447320at33208        -            233   8.4e-05   23.5   7.6   3   4      0.46   1.2e+02    3.3   0.1   103   128   229   260   212   279 0.72 -
evm.utg479.8.2.5c22f153              -            362 447320at33208        -            233   8.4e-05   23.5   7.6   4   4     0.083        22    5.8   0.0   103   128   322   353   282   357 0.78 -
evm.utg2433.4                        -            480 447320at33208        -            233   9.5e-05   23.3   0.3   1   3     0.079        21    5.8   0.0   112   130   322   340   317   352 0.81 -
evm.utg2433.4                        -            480 447320at33208        -            233   9.5e-05   23.3   0.3   2   3    0.0074         2    9.2   0.0     9    44   355   390   350   397 0.83 -
evm.utg2433.4                        -            480 447320at33208        -            233   9.5e-05   23.3   0.3   3   3      0.25        66    4.2   0.0     7    36   447   476   444   479 0.89 -
evm.utg597.204                       -            898 447320at33208        -            233   9.8e-05   23.3   3.1   1   4       5.6   1.5e+03   -0.2   0.0    36    63    59    86    50    94 0.86 -
evm.utg597.204                       -            898 447320at33208        -            233   9.8e-05   23.3   3.1   2   4     0.079        21    5.8   0.2    92   181    91   180    72   196 0.74 -
evm.utg597.204                       -            898 447320at33208        -            233   9.8e-05   23.3   3.1   3   4    0.0011      0.29   11.9   0.2     6    39   431   464   429   593 0.66 -
evm.utg597.204                       -            898 447320at33208        -            233   9.8e-05   23.3   3.1   4   4       9.5   2.5e+03   -1.0   0.0     7    22   601   616   595   623 0.88 -
evm.utg2099.25                       -            385 447320at33208        -            233    0.0001   23.2   4.3   1   3     0.044        12    6.7   0.1    99   131   101   140    94   155 0.67 -
evm.utg2099.25                       -            385 447320at33208        -            233    0.0001   23.2   4.3   2   3   0.00031     0.083   13.7   0.0   112   130   164   182   141   197 0.71 -
evm.utg2099.25                       -            385 447320at33208        -            233    0.0001   23.2   4.3   3   3       6.1   1.6e+03   -0.4   0.0   113   129   211   227   203   261 0.73 -
evm.utg4972.23                       -            640 447320at33208        -            233   0.00011   23.1  19.7   1   5      0.01       2.7    8.7   0.1    98   128   341   376   335   383 0.83 -
evm.utg4972.23                       -            640 447320at33208        -            233   0.00011   23.1  19.7   2   5   0.00064      0.17   12.7   1.2    96   176   381   467   375   472 0.78 -
evm.utg4972.23                       -            640 447320at33208        -            233   0.00011   23.1  19.7   3   5       1.3   3.4e+02    1.9   0.0   102   128   473   504   470   510 0.74 -
evm.utg4972.23                       -            640 447320at33208        -            233   0.00011   23.1  19.7   4   5      0.13        35    5.1   0.1    99   128   557   591   545   596 0.85 -
evm.utg4972.23                       -            640 447320at33208        -            233   0.00011   23.1  19.7   5   5       1.5   3.9e+02    1.7   0.0   103   126   601   629   592   634 0.75 -
evm.utg2159.31.4.5c22ed19.1.5c2791f0 -           1007 447320at33208        -            233   0.00012   23.0  14.3   1   6       9.8   2.6e+03   -1.0   0.0    35    58   336   359   327   381 0.75 -
evm.utg2159.31.4.5c22ed19.1.5c2791f0 -           1007 447320at33208        -            233   0.00012   23.0  14.3   2   6      0.52   1.4e+02    3.2   0.1    97   130   411   449   403   457 0.74 -
evm.utg2159.31.4.5c22ed19.1.5c2791f0 -           1007 447320at33208        -            233   0.00012   23.0  14.3   3   6     0.023         6    7.6   0.3   111   181   471   536   451   546 0.72 -
evm.utg2159.31.4.5c22ed19.1.5c2791f0 -           1007 447320at33208        -            233   0.00012   23.0  14.3   4   6    0.0035      0.93   10.3   0.9   102   177   537   616   534   625 0.77 -
evm.utg2159.31.4.5c22ed19.1.5c2791f0 -           1007 447320at33208        -            233   0.00012   23.0  14.3   5   6       6.4   1.7e+03   -0.4   0.0   112   129   645   662   641   672 0.82 -
evm.utg2159.31.4.5c22ed19.1.5c2791f0 -           1007 447320at33208        -            233   0.00012   23.0  14.3   6   6     0.036       9.7    6.9   0.0   108   129   679   702   659   714 0.74 -
evm.utg2083.46                       -            338 447320at33208        -            233   0.00014   22.8   0.9   1   3    0.0013      0.35   11.6   0.1    99   133   103   143    18   160 0.62 -
evm.utg2083.46                       -            338 447320at33208        -            233   0.00014   22.8   0.9   2   3      0.33        87    3.8   0.0   112   140   164   191   146   220 0.68 -
evm.utg2083.46                       -            338 447320at33208        -            233   0.00014   22.8   0.9   3   3       3.6   9.5e+02    0.4   0.0   112   128   291   307   289   329 0.76 -
evm.utg498.66                        -            670 447320at33208        -            233   0.00015   22.7   6.8   1   4       3.3   8.9e+02    0.5   0.0   112   128   413   429   397   438 0.84 -
evm.utg498.66                        -            670 447320at33208        -            233   0.00015   22.7   6.8   2   4     0.075        20    5.9   0.1    37   174   480   510   450   518 0.48 -
evm.utg498.66                        -            670 447320at33208        -            233   0.00015   22.7   6.8   3   4     0.051        14    6.4   0.0   145   179   520   554   514   558 0.79 -
evm.utg498.66                        -            670 447320at33208        -            233   0.00015   22.7   6.8   4   4     0.019         5    7.9   0.1    37    75   558   595   553   643 0.72 -
evm.utg72.22                         -            454 447320at33208        -            233   0.00015   22.7   5.6   1   5      0.13        34    5.2   0.1   111   129   119   137   102   150 0.71 -
evm.utg72.22                         -            454 447320at33208        -            233   0.00015   22.7   5.6   2   5      0.43   1.1e+02    3.4   0.0   111   128   161   178   140   194 0.69 -
evm.utg72.22                         -            454 447320at33208        -            233   0.00015   22.7   5.6   3   5     0.023         6    7.6   0.0   111   136   209   234   203   276 0.83 -
evm.utg72.22                         -            454 447320at33208        -            233   0.00015   22.7   5.6   4   5       6.1   1.6e+03   -0.4   0.0   112   125   355   368   310   379 0.60 -
evm.utg72.22                         -            454 447320at33208        -            233   0.00015   22.7   5.6   5   5      0.33        88    3.8   0.1   112   131   397   416   375   448 0.86 -
evm.utg73.142                        -            520 447320at33208        -            233   0.00016   22.6   0.5   1   3    0.0025      0.67   10.7   0.0   112   159   296   349   295   381 0.83 -
evm.utg73.142                        -            520 447320at33208        -            233   0.00016   22.6   0.5   2   3     0.034       9.1    7.0   0.0   111   130   421   440   418   445 0.90 -
evm.utg73.142                        -            520 447320at33208        -            233   0.00016   22.6   0.5   3   3       6.8   1.8e+03   -0.5   0.0    46   125   457   475   445   506 0.62 -
evm.utg7821.35                       -            557 447320at33208        -            233    0.0002   22.3   0.1   1   4      0.93   2.5e+02    2.3   0.0   112   141    22    52     9    59 0.65 -
evm.utg7821.35                       -            557 447320at33208        -            233    0.0002   22.3   0.1   2   4    0.0044       1.2    9.9   0.0    99   204   133   251   128   259 0.66 -
evm.utg7821.35                       -            557 447320at33208        -            233    0.0002   22.3   0.1   3   4       4.2   1.1e+03    0.2   0.0   111   127   287   303   271   342 0.82 -
evm.utg7821.35                       -            557 447320at33208        -            233    0.0002   22.3   0.1   4   4      0.56   1.5e+02    3.0   0.0     6    34   483   511   479   523 0.87 -
evm.utg183.39                        -           1787 447320at33208        -            233    0.0002   22.3   5.7   1   6       4.6   1.2e+03    0.1   0.0   112   133   194   215   177   270 0.65 -
evm.utg183.39                        -           1787 447320at33208        -            233    0.0002   22.3   5.7   2   6       1.2   3.2e+02    2.0   0.0   112   129   282   299   251   307 0.79 -
evm.utg183.39                        -           1787 447320at33208        -            233    0.0002   22.3   5.7   3   6       2.1   5.6e+02    1.2   0.0     7    32   320   345   317   348 0.80 -
evm.utg183.39                        -           1787 447320at33208        -            233    0.0002   22.3   5.7   4   6     0.058        15    6.3   0.0    96   130   356   394   346   401 0.71 -
evm.utg183.39                        -           1787 447320at33208        -            233    0.0002   22.3   5.7   5   6       0.2        53    4.5   0.0   112   129   478   495   470   504 0.86 -
evm.utg183.39                        -           1787 447320at33208        -            233    0.0002   22.3   5.7   6   6      0.39     1e+02    3.6   0.0     4    32   510   538   507   544 0.91 -
evm.utg7127.48                       -            998 447320at33208        -            233   0.00021   22.2   5.9   1   5       2.7   7.1e+02    0.8   0.0    40    98    22    80    15    90 0.84 -
evm.utg7127.48                       -            998 447320at33208        -            233   0.00021   22.2   5.9   2   5       5.5   1.5e+03   -0.2   0.1    51    63   556   568   493   631 0.59 -
evm.utg7127.48                       -            998 447320at33208        -            233   0.00021   22.2   5.9   3   5    0.0038         1   10.1   0.0   112   172   645   701   641   710 0.84 -
evm.utg7127.48                       -            998 447320at33208        -            233   0.00021   22.2   5.9   4   5      0.43   1.1e+02    3.4   0.0     6    34   809   837   804   861 0.90 -
evm.utg7127.48                       -            998 447320at33208        -            233   0.00021   22.2   5.9   5   5       1.3   3.4e+02    1.9   0.0    10    33   926   949   921   956 0.85 -
evm.utg788.96                        -            437 447320at33208        -            233   0.00024   22.0   5.4   1   7       1.8   4.9e+02    1.4   0.0   182   200    34    52     3    71 0.55 -
evm.utg788.96                        -            437 447320at33208        -            233   0.00024   22.0   5.4   2   7       3.2   8.6e+02    0.6   0.0   112   125    50    63    29    82 0.68 -
evm.utg788.96                        -            437 447320at33208        -            233   0.00024   22.0   5.4   3   7     0.016       4.4    8.1   0.3   111   181    91   158    68   164 0.74 -
evm.utg788.96                        -            437 447320at33208        -            233   0.00024   22.0   5.4   4   7     0.066        18    6.1   0.4   112   165   134   182   117   195 0.63 -
evm.utg788.96                        -            437 447320at33208        -            233   0.00024   22.0   5.4   5   7      0.14        36    5.1   0.0   112   135   176   199   172   205 0.81 -
evm.utg788.96                        -            437 447320at33208        -            233   0.00024   22.0   5.4   6   7      0.84   2.2e+02    2.5   0.0     6    33   205   232   200   236 0.84 -
evm.utg788.96                        -            437 447320at33208        -            233   0.00024   22.0   5.4   7   7       1.4   3.8e+02    1.7   0.0   112   140   260   288   248   296 0.69 -
evm.utg1721.37.1.5c22ebc9            -            385 447320at33208        -            233   0.00025   21.9   1.6   1   4     0.034       8.9    7.0   0.0     6    34   116   144   111   154 0.90 -
evm.utg1721.37.1.5c22ebc9            -            385 447320at33208        -            233   0.00025   21.9   1.6   2   4       6.6   1.8e+03   -0.5   0.0   112   139   170   197   157   205 0.80 -
evm.utg1721.37.1.5c22ebc9            -            385 447320at33208        -            233   0.00025   21.9   1.6   3   4      0.25        67    4.2   0.0   117   163   216   259   209   278 0.63 -
evm.utg1721.37.1.5c22ebc9            -            385 447320at33208        -            233   0.00025   21.9   1.6   4   4     0.089        24    5.7   0.0   112   132   347   367   344   375 0.86 -
evm.utg112.36                        -            329 447320at33208        -            233   0.00026   21.9   2.4   1   3     0.081        22    5.8   0.0    13    48    74   108    66   117 0.80 -
evm.utg112.36                        -            329 447320at33208        -            233   0.00026   21.9   2.4   2   3   0.00098      0.26   12.1   0.2   111   142   128   158   126   185 0.69 -
evm.utg112.36                        -            329 447320at33208        -            233   0.00026   21.9   2.4   3   3       2.3   6.2e+02    1.0   0.1   156   171   245   260   241   266 0.84 -
evm.utg389.12.2.5c22f032             -            702 447320at33208        -            233   0.00026   21.9  15.9   1   6       4.1   1.1e+03    0.2   0.1   113   182    53    77     1   113 0.60 -
evm.utg389.12.2.5c22f032             -            702 447320at33208        -            233   0.00026   21.9  15.9   2   6       2.8   7.4e+02    0.8   0.0   113   179    53   125    50   136 0.56 -
evm.utg389.12.2.5c22f032             -            702 447320at33208        -            233   0.00026   21.9  15.9   3   6      0.47   1.2e+02    3.3   0.1   101   128   169   203    99   214 0.66 -
evm.utg389.12.2.5c22f032             -            702 447320at33208        -            233   0.00026   21.9  15.9   4   6     0.024       6.3    7.5   2.8    98   172   211   299   129   305 0.54 -
evm.utg389.12.2.5c22f032             -            702 447320at33208        -            233   0.00026   21.9  15.9   5   6       3.2   8.4e+02    0.6   0.1   103   175   310   344   301   359 0.56 -
evm.utg389.12.2.5c22f032             -            702 447320at33208        -            233   0.00026   21.9  15.9   6   6   0.00011      0.03   15.1   0.4   109   172   365   425   346   447 0.79 -
evm.utg479.8.1.5c22f153              -            444 447320at33208        -            233   0.00027   21.8   8.6   1   4     0.055        15    6.3   0.2    81   130    18    73     3    87 0.68 -
evm.utg479.8.1.5c22f153              -            444 447320at33208        -            233   0.00027   21.8   8.6   2   4    0.0089       2.4    8.9   0.1    99   170    96   162    87   171 0.74 -
evm.utg479.8.1.5c22f153              -            444 447320at33208        -            233   0.00027   21.8   8.6   3   4      0.52   1.4e+02    3.1   0.0   103   128   229   260   188   280 0.77 -
evm.utg479.8.1.5c22f153              -            444 447320at33208        -            233   0.00027   21.8   8.6   4   4      0.11        30    5.3   0.0   111   128   336   353   304   358 0.70 -
evm.utg73.142.1.5c22f3bd             -            561 447320at33208        -            233   0.00028   21.8   0.5   1   3    0.0031      0.81   10.4   0.0   112   158   296   348   295   365 0.82 -
evm.utg73.142.1.5c22f3bd             -            561 447320at33208        -            233   0.00028   21.8   0.5   2   3     0.027       7.2    7.4   0.0   111   130   421   440   418   466 0.87 -
evm.utg73.142.1.5c22f3bd             -            561 447320at33208        -            233   0.00028   21.8   0.5   3   3       9.7   2.6e+03   -1.0   0.0    43   125   454   475   443   491 0.66 -
evm.utg21895.1                       -            272 447320at33208        -            233    0.0003   21.7   0.8   1   4      0.55   1.5e+02    3.1   0.0   111   175    38   101    10   121 0.62 -
evm.utg21895.1                       -            272 447320at33208        -            233    0.0003   21.7   0.8   2   4     0.022         6    7.6   0.0   112   165   125   185   118   195 0.75 -
evm.utg21895.1                       -            272 447320at33208        -            233    0.0003   21.7   0.8   3   4     0.073        20    5.9   0.0    11    34   207   230   197   237 0.81 -
evm.utg21895.1                       -            272 447320at33208        -            233    0.0003   21.7   0.8   4   4       6.3   1.7e+03   -0.4   0.1   111   125   257   271   253   271 0.89 -
evm.utg2017.23                       -           1116 447320at33208        -            233   0.00032   21.6   0.1   1   2     0.037       9.8    6.9   0.0   110   132   148   170   144   183 0.85 -
evm.utg2017.23                       -           1116 447320at33208        -            233   0.00032   21.6   0.1   2   2    0.0028      0.73   10.6   0.0     7    36   231   260   224   276 0.83 -
evm.utg172.78                        -            451 447320at33208        -            233   0.00034   21.5   2.9   1   3     0.011       2.9    8.6   0.0     6    36   212   242   207   253 0.89 -
evm.utg172.78                        -            451 447320at33208        -            233   0.00034   21.5   2.9   2   3      0.14        36    5.1   0.1   112   172   290   352   284   363 0.57 -
evm.utg172.78                        -            451 447320at33208        -            233   0.00034   21.5   2.9   3   3      0.64   1.7e+02    2.8   0.0     7    39   380   412   375   424 0.71 -
evm.utg1205.96                       -            619 447320at33208        -            233   0.00035   21.5   0.1   1   3      0.11        29    5.4   0.0   148   181    76   112    48   142 0.66 -
evm.utg1205.96                       -            619 447320at33208        -            233   0.00035   21.5   0.1   2   3    0.0036      0.96   10.2   0.0   106   163   168   223   165   260 0.69 -
evm.utg1205.96                       -            619 447320at33208        -            233   0.00035   21.5   0.1   3   3       1.2   3.2e+02    2.0   0.0     9    35   249   275   245   291 0.83 -
evm.utg3158.36                       -           1666 447320at33208        -            233   0.00036   21.4  35.0   1   8       5.1   1.4e+03   -0.1   0.0   112   129   940   957   917  1020 0.58 -
evm.utg3158.36                       -           1666 447320at33208        -            233   0.00036   21.4  35.0   2   8       1.7   4.6e+02    1.4   0.1   111   128  1062  1079  1017  1092 0.60 -
evm.utg3158.36                       -           1666 447320at33208        -            233   0.00036   21.4  35.0   3   8   0.00086      0.23   12.3   1.4   111   180  1104  1169  1081  1188 0.69 -
evm.utg3158.36                       -           1666 447320at33208        -            233   0.00036   21.4  35.0   4   8      0.16        42    4.8   3.5    97   177  1208  1299  1172  1314 0.68 -
evm.utg3158.36                       -           1666 447320at33208        -            233   0.00036   21.4  35.0   5   8     0.083        22    5.8   0.5   112   163  1318  1364  1310  1382 0.76 -
evm.utg3158.36                       -           1666 447320at33208        -            233   0.00036   21.4  35.0   6   8      0.12        32    5.2   0.3   112   187  1402  1475  1382  1483 0.66 -
evm.utg3158.36                       -           1666 447320at33208        -            233   0.00036   21.4  35.0   7   8      0.82   2.2e+02    2.5   0.1   101   129  1426  1461  1419  1518 0.56 -
evm.utg3158.36                       -           1666 447320at33208        -            233   0.00036   21.4  35.0   8   8     0.015       4.1    8.2   0.1   112   130  1530  1548  1508  1563 0.83 -
evm.utg26120.19                      -            408 447320at33208        -            233   0.00037   21.4   2.2   1   3      0.56   1.5e+02    3.1   0.0   108   128    41    61    27    66 0.87 -
evm.utg26120.19                      -            408 447320at33208        -            233   0.00037   21.4   2.2   2   3    0.0002     0.053   14.3   0.4    10   129   167   280   162   296 0.74 -
evm.utg26120.19                      -            408 447320at33208        -            233   0.00037   21.4   2.2   3   3       2.3   6.3e+02    1.0   0.0   135   172   361   402   346   406 0.56 -
evm.utg5774.3                        -            408 447320at33208        -            233   0.00037   21.4   2.4   1   3      0.56   1.5e+02    3.1   0.0   108   128    41    61    27    66 0.87 -
evm.utg5774.3                        -            408 447320at33208        -            233   0.00037   21.4   2.4   2   3   0.00015     0.041   14.7   0.4    10   129   167   280   162   296 0.74 -
evm.utg5774.3                        -            408 447320at33208        -            233   0.00037   21.4   2.4   3   3       2.7   7.1e+02    0.8   0.0   151   172   378   402   346   406 0.55 -
evm.utg1290.9                        -            598 447320at33208        -            233   0.00038   21.4   9.4   1   3     0.046        12    6.6   1.7    41   118   322   381   315   473 0.60 -
evm.utg1290.9                        -            598 447320at33208        -            233   0.00038   21.4   9.4   2   3     0.021       5.5    7.7   0.0    40    73   486   520   474   527 0.81 -
evm.utg1290.9                        -            598 447320at33208        -            233   0.00038   21.4   9.4   3   3     0.024       6.4    7.5   0.1     4    64   524   593   521   597 0.75 -
evm.utg17511.10.1.5c22ebe9           -            834 447320at33208        -            233   0.00049   21.0   0.0   1   3    0.0019       0.5   11.1   0.0   108   130   459   481   454   494 0.84 -
evm.utg17511.10.1.5c22ebe9           -            834 447320at33208        -            233   0.00049   21.0   0.0   2   3      0.89   2.4e+02    2.4   0.0   117   140   679   702   672   707 0.85 -
evm.utg17511.10.1.5c22ebe9           -            834 447320at33208        -            233   0.00049   21.0   0.0   3   3      0.56   1.5e+02    3.1   0.0     5    33   707   735   703   753 0.90 -
evm.utg498.144                       -           1008 447320at33208        -            233   0.00056   20.8   0.0   1   5         3     8e+02    0.6   0.0   112   136   577   603   564   613 0.71 -
evm.utg498.144                       -           1008 447320at33208        -            233   0.00056   20.8   0.0   2   5      0.82   2.2e+02    2.5   0.0   113   140   620   648   616   682 0.69 -
evm.utg498.144                       -           1008 447320at33208        -            233   0.00056   20.8   0.0   3   5      0.86   2.3e+02    2.4   0.0   111   136   713   738   707   760 0.89 -
evm.utg498.144                       -           1008 447320at33208        -            233   0.00056   20.8   0.0   4   5     0.061        16    6.2   0.0     7    39   785   817   780   826 0.85 -
evm.utg498.144                       -           1008 447320at33208        -            233   0.00056   20.8   0.0   5   5       6.6   1.8e+03   -0.5   0.0     7    33   895   921   892   926 0.85 -
evm.utg17511.10                      -            873 447320at33208        -            233   0.00057   20.8   0.0   1   3     0.002      0.53   11.1   0.0   108   130   498   520   493   533 0.84 -
evm.utg17511.10                      -            873 447320at33208        -            233   0.00057   20.8   0.0   2   3      0.95   2.5e+02    2.3   0.0   117   140   718   741   712   746 0.85 -
evm.utg17511.10                      -            873 447320at33208        -            233   0.00057   20.8   0.0   3   3      0.59   1.6e+02    3.0   0.0     5    33   746   774   742   792 0.90 -
evm.utg101.131                       -            607 447320at33208        -            233   0.00059   20.7   1.4   1   5       1.7   4.6e+02    1.4   0.0     6    37    17    48    13    63 0.74 -
evm.utg101.131                       -            607 447320at33208        -            233   0.00059   20.7   1.4   2   5       5.9   1.6e+03   -0.3   0.0   113   134    76    97    69   103 0.83 -
evm.utg101.131                       -            607 447320at33208        -            233   0.00059   20.7   1.4   3   5       4.6   1.2e+03    0.0   0.0     5    24   103   122    99   141 0.78 -
evm.utg101.131                       -            607 447320at33208        -            233   0.00059   20.7   1.4   4   5    0.0014      0.36   11.6   0.4   112   151   163   209   158   218 0.67 -
evm.utg101.131                       -            607 447320at33208        -            233   0.00059   20.7   1.4   5   5       3.3   8.8e+02    0.5   0.1   113   130   207   224   187   267 0.75 -
evm.utg73.39                         -            326 447320at33208        -            233    0.0006   20.7   1.4   1   2   0.00042      0.11   13.3   0.2   103   178    96   172    26   201 0.73 -
evm.utg73.39                         -            326 447320at33208        -            233    0.0006   20.7   1.4   2   2       0.2        52    4.5   0.0   111   126   249   264   233   282 0.79 -
evm.utg26120.19.1.5c2792a7           -            291 447320at33208        -            233   0.00064   20.6   1.9   1   2      0.36        95    3.7   0.0   108   128    41    61    27    67 0.87 -
evm.utg26120.19.1.5c2792a7           -            291 447320at33208        -            233   0.00064   20.6   1.9   2   2   0.00011     0.029   15.2   0.6    10   129   167   280   162   289 0.73 -
evm.utg20007.5                       -            873 447320at33208        -            233   0.00064   20.6   0.0   1   3    0.0021      0.57   11.0   0.0   108   129   498   519   493   533 0.85 -
evm.utg20007.5                       -            873 447320at33208        -            233   0.00064   20.6   0.0   2   3      0.95   2.5e+02    2.3   0.0   117   140   718   741   712   746 0.85 -
evm.utg20007.5                       -            873 447320at33208        -            233   0.00064   20.6   0.0   3   3      0.59   1.6e+02    3.0   0.0     5    33   746   774   742   792 0.90 -
evm.utg2159.31.4.5c22ed19            -           1335 447320at33208        -            233   0.00066   20.6  14.3   1   5      0.65   1.7e+02    2.8   0.2    97   131   411   450   403   462 0.75 -
evm.utg2159.31.4.5c22ed19            -           1335 447320at33208        -            233   0.00066   20.6  14.3   2   5      0.03       7.9    7.2   0.2   111   181   471   536   449   546 0.72 -
evm.utg2159.31.4.5c22ed19            -           1335 447320at33208        -            233   0.00066   20.6  14.3   3   5    0.0045       1.2    9.9   0.8   102   177   537   616   534   626 0.77 -
evm.utg2159.31.4.5c22ed19            -           1335 447320at33208        -            233   0.00066   20.6  14.3   4   5       9.1   2.4e+03   -0.9   0.0   112   129   645   662   642   672 0.82 -
evm.utg2159.31.4.5c22ed19            -           1335 447320at33208        -            233   0.00066   20.6  14.3   5   5     0.051        13    6.5   0.0   108   129   679   702   660   714 0.74 -
evm.utg729.25.2.5c279763             -            767 447320at33208        -            233   0.00071   20.5   0.2   1   3      0.23        61    4.3   0.1   111   154   462   511   443   536 0.58 -
evm.utg729.25.2.5c279763             -            767 447320at33208        -            233   0.00071   20.5   0.2   2   3     0.057        15    6.3   0.0   108   127   565   584   547   645 0.82 -
evm.utg729.25.2.5c279763             -            767 447320at33208        -            233   0.00071   20.5   0.2   3   3     0.096        26    5.5   0.0   110   142   705   735   678   762 0.75 -
evm.utg1721.37                       -            409 447320at33208        -            233   0.00072   20.4   4.0   1   4     0.036       9.7    6.9   0.0     6    34   116   144   111   154 0.90 -
evm.utg1721.37                       -            409 447320at33208        -            233   0.00072   20.4   4.0   2   4       7.2   1.9e+03   -0.6   0.0   112   139   170   197   157   205 0.80 -
evm.utg1721.37                       -            409 447320at33208        -            233   0.00072   20.4   4.0   3   4      0.27        73    4.1   0.0   117   163   216   259   209   278 0.63 -
evm.utg1721.37                       -            409 447320at33208        -            233   0.00072   20.4   4.0   4   4      0.05        13    6.5   0.2   112   134   347   369   344   404 0.71 -
evm.utg5774.3.1.5c22f241             -            362 447320at33208        -            233   0.00092   20.1   1.6   1   2      0.47   1.2e+02    3.3   0.0   108   128    41    61    27    67 0.87 -
evm.utg5774.3.1.5c22f241             -            362 447320at33208        -            233   0.00092   20.1   1.6   2   2   0.00012     0.033   15.0   0.5    10   129   167   280   162   296 0.74 -
evm.utg18125.5.1.5c22ec17            -            724 447320at33208        -            233   0.00095   20.0  14.9   1   4     0.075        20    5.9   0.7    47    76   285   315   264   358 0.80 -
evm.utg18125.5.1.5c22ec17            -            724 447320at33208        -            233   0.00095   20.0  14.9   2   4     0.024       6.4    7.5   0.0   110   130   374   394   369   417 0.85 -
evm.utg18125.5.1.5c22ec17            -            724 447320at33208        -            233   0.00095   20.0  14.9   3   4         2   5.3e+02    1.2   0.1    82   177   452   546   396   560 0.51 -
evm.utg18125.5.1.5c22ec17            -            724 447320at33208        -            233   0.00095   20.0  14.9   4   4     0.087        23    5.7   2.2   110   203   608   700   571   704 0.67 -
evm.utg4972.23.1.5c22f18a            -            555 447320at33208        -            233   0.00096   20.0  14.3   1   4    0.0088       2.3    8.9   0.1    97   128   340   376   334   381 0.83 -
evm.utg4972.23.1.5c22f18a            -            555 447320at33208        -            233   0.00096   20.0  14.3   2   4    0.0006      0.16   12.8   2.0    96   178   381   469   375   482 0.78 -
evm.utg4972.23.1.5c22f18a            -            555 447320at33208        -            233   0.00096   20.0  14.3   3   4      0.91   2.4e+02    2.4   0.1   101   128   472   504   466   511 0.76 -
evm.utg4972.23.1.5c22f18a            -            555 447320at33208        -            233   0.00096   20.0  14.3   4   4      0.53   1.4e+02    3.1   0.2    99   131   510   549   482   553 0.58 -
evm.utg637.5                         -            513 447320at33208        -            233   0.00099   20.0   5.1   1   3      0.11        29    5.4   0.0     6    35    83   112    78   117 0.86 -
evm.utg637.5                         -            513 447320at33208        -            233   0.00099   20.0   5.1   2   3    0.0063       1.7    9.4   0.4    99   138   118   166   114   175 0.72 -
evm.utg637.5                         -            513 447320at33208        -            233   0.00099   20.0   5.1   3   3     0.092        25    5.6   0.4   112   180   181   256   160   268 0.55 -
evm.utg2159.31.3.5c22ed19            -           1403 447320at33208        -            233     0.001   19.9  14.6   1   4      0.73   1.9e+02    2.7   0.1    97   130   411   449   403   458 0.74 -
evm.utg2159.31.3.5c22ed19            -           1403 447320at33208        -            233     0.001   19.9  14.6   2   4     0.031       8.3    7.1   0.2   111   181   471   536   449   546 0.72 -
evm.utg2159.31.3.5c22ed19            -           1403 447320at33208        -            233     0.001   19.9  14.6   3   4    0.0056       1.5    9.6   0.8   102   177   537   616   536   626 0.76 -
evm.utg2159.31.3.5c22ed19            -           1403 447320at33208        -            233     0.001   19.9  14.6   4   4     0.054        14    6.4   0.0   108   129   679   702   660   714 0.74 -
evm.utg729.25                        -            852 447320at33208        -            233    0.0011   19.9   0.2   1   3      0.26        70    4.1   0.1   111   154   547   596   528   621 0.58 -
evm.utg729.25                        -            852 447320at33208        -            233    0.0011   19.9   0.2   2   3     0.065        17    6.1   0.0   108   127   650   669   632   729 0.82 -
evm.utg729.25                        -            852 447320at33208        -            233    0.0011   19.9   0.2   3   3      0.11        29    5.4   0.0   110   142   790   820   763   847 0.75 -
evm.utg2159.31.1.5c22ed19            -           1510 447320at33208        -            233    0.0012   19.7  14.3   1   5      0.74     2e+02    2.6   0.2    97   131   411   450   403   462 0.75 -
evm.utg2159.31.1.5c22ed19            -           1510 447320at33208        -            233    0.0012   19.7  14.3   2   5     0.034         9    7.0   0.2   111   181   471   536   449   546 0.72 -
evm.utg2159.31.1.5c22ed19            -           1510 447320at33208        -            233    0.0012   19.7  14.3   3   5     0.005       1.3    9.7   0.9   102   177   537   616   532   626 0.78 -
evm.utg2159.31.1.5c22ed19            -           1510 447320at33208        -            233    0.0012   19.7  14.3   4   5       9.9   2.6e+03   -1.0   0.0   112   129   645   662   641   672 0.82 -
evm.utg2159.31.1.5c22ed19            -           1510 447320at33208        -            233    0.0012   19.7  14.3   5   5     0.061        16    6.2   0.0   109   129   682   702   662   714 0.74 -
evm.utg2159.31.2.5c22ed19            -           1510 447320at33208        -            233    0.0012   19.7  14.3   1   5      0.74     2e+02    2.6   0.2    97   131   411   450   403   462 0.75 -
evm.utg2159.31.2.5c22ed19            -           1510 447320at33208        -            233    0.0012   19.7  14.3   2   5     0.034         9    7.0   0.2   111   181   471   536   449   546 0.72 -
evm.utg2159.31.2.5c22ed19            -           1510 447320at33208        -            233    0.0012   19.7  14.3   3   5     0.005       1.3    9.7   0.9   102   177   537   616   532   626 0.78 -
evm.utg2159.31.2.5c22ed19            -           1510 447320at33208        -            233    0.0012   19.7  14.3   4   5       9.9   2.6e+03   -1.0   0.0   112   129   645   662   641   672 0.82 -
evm.utg2159.31.2.5c22ed19            -           1510 447320at33208        -            233    0.0012   19.7  14.3   5   5     0.061        16    6.2   0.0   109   129   682   702   662   714 0.74 -
evm.utg777.49                        -            667 447320at33208        -            233    0.0014   19.5   1.2   1   4     0.077        20    5.9   0.0    38   128   342   445   326   459 0.63 -
evm.utg777.49                        -            667 447320at33208        -            233    0.0014   19.5   1.2   2   4       9.3   2.5e+03   -1.0   0.0   112   129   471   488   449   499 0.80 -
evm.utg777.49                        -            667 447320at33208        -            233    0.0014   19.5   1.2   3   4      0.17        44    4.8   0.0   109   129   510   530   494   540 0.84 -
evm.utg777.49                        -            667 447320at33208        -            233    0.0014   19.5   1.2   4   4      0.47   1.3e+02    3.3   0.0    10    65   546   612   540   621 0.46 -
evm.utg4972.23.2.5c22f18b            -            508 447320at33208        -            233    0.0014   19.5   8.7   1   2    0.0076         2    9.2   0.1    97   128   340   376   334   382 0.83 -
evm.utg4972.23.2.5c22f18b            -            508 447320at33208        -            233    0.0014   19.5   8.7   2   2   0.00037     0.098   13.5   1.8    96   179   381   470   375   499 0.78 -
evm.utg564.26                        -            598 447320at33208        -            233    0.0015   19.4   5.3   1   5       6.8   1.8e+03   -0.5   0.0   113   138   291   317   286   336 0.71 -
evm.utg564.26                        -            598 447320at33208        -            233    0.0015   19.4   5.3   2   5     0.079        21    5.8   0.0   111   128   365   382   362   394 0.85 -
evm.utg564.26                        -            598 447320at33208        -            233    0.0015   19.4   5.3   3   5       3.5   9.3e+02    0.5   0.0   109   128   447   466   424   478 0.80 -
evm.utg564.26                        -            598 447320at33208        -            233    0.0015   19.4   5.3   4   5       1.1   2.8e+02    2.1   0.0   112   128   492   508   474   514 0.67 -
evm.utg564.26                        -            598 447320at33208        -            233    0.0015   19.4   5.3   5   5     0.022       5.9    7.6   0.4    98   128   513   550   510   578 0.74 -
evm.utg2129.40.1.5c22ed08            -            389 447320at33208        -            233    0.0015   19.4   4.7   1   4    0.0018      0.49   11.2   0.4   111   171   118   175    98   183 0.79 -
evm.utg2129.40.1.5c22ed08            -            389 447320at33208        -            233    0.0015   19.4   4.7   2   4      0.51   1.4e+02    3.2   0.4     6    49   148   193   142   220 0.80 -
evm.utg2129.40.1.5c22ed08            -            389 447320at33208        -            233    0.0015   19.4   4.7   3   4         2   5.4e+02    1.2   0.2   146   180   193   230   167   241 0.56 -
evm.utg2129.40.1.5c22ed08            -            389 447320at33208        -            233    0.0015   19.4   4.7   4   4     0.058        15    6.3   0.0    99   131   273   312   237   367 0.76 -
evm.utg2159.31                       -           1576 447320at33208        -            233    0.0016   19.3  14.3   1   4      0.78   2.1e+02    2.6   0.2    97   131   411   450   403   462 0.75 -
evm.utg2159.31                       -           1576 447320at33208        -            233    0.0016   19.3  14.3   2   4     0.036       9.6    6.9   0.2   111   181   471   536   449   546 0.72 -
evm.utg2159.31                       -           1576 447320at33208        -            233    0.0016   19.3  14.3   3   4    0.0055       1.5    9.6   0.8   102   177   537   616   534   626 0.77 -
evm.utg2159.31                       -           1576 447320at33208        -            233    0.0016   19.3  14.3   4   4     0.067        18    6.1   0.0   109   129   682   702   663   714 0.74 -
evm.utg2483.3                        -            367 447320at33208        -            233    0.0016   19.3   6.6   1   3      0.62   1.6e+02    2.9   0.2   142   176   145   181   134   192 0.67 -
evm.utg2483.3                        -            367 447320at33208        -            233    0.0016   19.3   6.6   2   3     0.029       7.6    7.3   0.2   112   172   204   261   201   265 0.55 -
evm.utg2483.3                        -            367 447320at33208        -            233    0.0016   19.3   6.6   3   3     0.047        13    6.6   0.1   111   134   287   310   265   323 0.65 -
evm.utg2483.3.1.5c22edbc             -            367 447320at33208        -            233    0.0016   19.3   6.6   1   3      0.62   1.6e+02    2.9   0.2   142   176   145   181   134   192 0.67 -
evm.utg2483.3.1.5c22edbc             -            367 447320at33208        -            233    0.0016   19.3   6.6   2   3     0.029       7.6    7.3   0.2   112   172   204   261   201   265 0.55 -
evm.utg2483.3.1.5c22edbc             -            367 447320at33208        -            233    0.0016   19.3   6.6   3   3     0.047        13    6.6   0.1   111   134   287   310   265   323 0.65 -
evm.utg1056.107                      -            669 447320at33208        -            233    0.0017   19.2   1.9   1   3         5   1.3e+03   -0.1   0.1   111   128   426   443   374   457 0.71 -
evm.utg1056.107                      -            669 447320at33208        -            233    0.0017   19.2   1.9   2   3       0.4   1.1e+02    3.5   0.1    69   104   454   489   449   498 0.69 -
evm.utg1056.107                      -            669 447320at33208        -            233    0.0017   19.2   1.9   3   3    0.0007      0.19   12.6   0.0   103   193   545   631   532   666 0.71 -
evm.utg1056.107.1.5c22e85b           -            724 447320at33208        -            233    0.0018   19.1   0.6   1   3       5.6   1.5e+03   -0.2   0.1   111   128   426   443   373   456 0.71 -
evm.utg1056.107.1.5c22e85b           -            724 447320at33208        -            233    0.0018   19.1   0.6   2   3      0.41   1.1e+02    3.5   0.1    69   104   454   489   446   498 0.70 -
evm.utg1056.107.1.5c22e85b           -            724 447320at33208        -            233    0.0018   19.1   0.6   3   3    0.0015      0.41   11.4   0.0   103   182   545   620   532   638 0.73 -
evm.utg92.13                         -           1666 447320at33208        -            233    0.0019   19.1  33.9   1   7      0.94   2.5e+02    2.3   0.4    85   132  1022  1042   927  1103 0.64 -
evm.utg92.13                         -           1666 447320at33208        -            233    0.0019   19.1  33.9   2   7    0.0023      0.62   10.8   1.2   111   180  1104  1169  1081  1188 0.69 -
evm.utg92.13                         -           1666 447320at33208        -            233    0.0019   19.1  33.9   3   7     0.082        22    5.8   2.5    98   179  1209  1301  1194  1315 0.71 -
evm.utg92.13                         -           1666 447320at33208        -            233    0.0019   19.1  33.9   4   7      0.11        29    5.4   0.4   112   159  1318  1360  1312  1375 0.73 -
evm.utg92.13                         -           1666 447320at33208        -            233    0.0019   19.1  33.9   5   7      0.79   2.1e+02    2.6   0.3   111   154  1401  1438  1379  1481 0.57 -
evm.utg92.13                         -           1666 447320at33208        -            233    0.0019   19.1  33.9   6   7       3.9     1e+03    0.3   0.1   111   180  1443  1511  1423  1521 0.59 -
evm.utg92.13                         -           1666 447320at33208        -            233    0.0019   19.1  33.9   7   7     0.016       4.3    8.1   0.1   112   130  1530  1548  1510  1562 0.84 -
evm.utg1285.72                       -           1198 447320at33208        -            233    0.0021   18.9   0.3   1   3    0.0021      0.56   11.0   0.1    91   129  1026  1067   944  1079 0.83 -
evm.utg1285.72                       -           1198 447320at33208        -            233    0.0021   18.9   0.3   2   3       4.6   1.2e+03    0.0   0.0     6    35  1079  1108  1075  1113 0.91 -
evm.utg1285.72                       -           1198 447320at33208        -            233    0.0021   18.9   0.3   3   3      0.39     1e+02    3.6   0.0     9    41  1124  1156  1120  1173 0.87 -
evm.utg1694.17                       -            301 447320at33208        -            233    0.0021   18.9   9.8   1   4     0.045        12    6.6   0.1   112   130   125   143   105   148 0.73 -
evm.utg1694.17                       -            301 447320at33208        -            233    0.0021   18.9   9.8   2   4     0.046        12    6.6   0.1   103   129   152   183   148   193 0.83 -
evm.utg1694.17                       -            301 447320at33208        -            233    0.0021   18.9   9.8   3   4       0.4   1.1e+02    3.5   0.1   110   130   204   224   186   228 0.75 -
evm.utg1694.17                       -            301 447320at33208        -            233    0.0021   18.9   9.8   4   4     0.075        20    5.9   0.9    98   168   227   296   224   300 0.72 -
evm.utg1009.19                       -            542 447320at33208        -            233    0.0022   18.9   0.2   1   3      0.02       5.2    7.8   0.0    10    35   217   242   215   263 0.79 -
evm.utg1009.19                       -            542 447320at33208        -            233    0.0022   18.9   0.2   2   3     0.031       8.3    7.1   0.0     5    35   262   292   258   323 0.86 -
evm.utg1009.19                       -            542 447320at33208        -            233    0.0022   18.9   0.2   3   3       6.3   1.7e+03   -0.4   0.1   111   122   360   371   336   375 0.75 -
evm.utg1363.31                       -            612 447320at33208        -            233    0.0023   18.8  11.3   1   3       3.6   9.5e+02    0.4   0.0     6    24    51    69    42    85 0.85 -
evm.utg1363.31                       -            612 447320at33208        -            233    0.0023   18.8  11.3   2   3     0.008       2.1    9.1   0.0   114   172   115   173   107   183 0.76 -
evm.utg1363.31                       -            612 447320at33208        -            233    0.0023   18.8  11.3   3   3    0.0035      0.92   10.3   0.2   109   186   419   498   415   512 0.73 -
evm.utg5985.20                       -            327 447320at33208        -            233    0.0024   18.8   3.4   1   4      0.63   1.7e+02    2.9   0.0   112   131    36    55    28    69 0.79 -
evm.utg5985.20                       -            327 447320at33208        -            233    0.0024   18.8   3.4   2   4     0.015       4.1    8.1   0.1   109   187    75   155    71   161 0.71 -
evm.utg5985.20                       -            327 447320at33208        -            233    0.0024   18.8   3.4   3   4      0.13        34    5.2   0.0   111   135   174   198   171   243 0.74 -
evm.utg5985.20                       -            327 447320at33208        -            233    0.0024   18.8   3.4   4   4       5.7   1.5e+03   -0.3   0.0    55    71   267   283   226   313 0.66 -
evm.utg18553.20                      -            503 447320at33208        -            233    0.0027   18.6   5.6   1   3      0.37        99    3.6   0.0     7    34    74   101    68   108 0.83 -
evm.utg18553.20                      -            503 447320at33208        -            233    0.0027   18.6   5.6   2   3    0.0032      0.85   10.4   0.4    99   138   108   156   104   165 0.71 -
evm.utg18553.20                      -            503 447320at33208        -            233    0.0027   18.6   5.6   3   3      0.09        24    5.7   0.4   112   179   171   245   147   253 0.54 -
evm.utg245.48                        -            321 447320at33208        -            233    0.0034   18.3   5.5   1   3       2.7   7.1e+02    0.8   0.2   112   151    36    77    35    82 0.60 -
evm.utg245.48                        -            321 447320at33208        -            233    0.0034   18.3   5.5   2   3   3.4e-05    0.0089   16.9   0.5    89   180    56   151    49   160 0.78 -
evm.utg245.48                        -            321 447320at33208        -            233    0.0034   18.3   5.5   3   3       0.1        28    5.4   0.0   112   180   128   191   108   209 0.70 -
evm.utg1337.6                        -            914 447320at33208        -            233    0.0036   18.2  20.7   1   5     0.002      0.54   11.0   0.3    97   164   614   682   608   691 0.72 -
evm.utg1337.6                        -            914 447320at33208        -            233    0.0036   18.2  20.7   2   5    0.0013      0.35   11.7   1.6   100   178   659   743   650   757 0.78 -
evm.utg1337.6                        -            914 447320at33208        -            233    0.0036   18.2  20.7   3   5         3   7.9e+02    0.7   0.0   101   128   746   778   742   784 0.75 -
evm.utg1337.6                        -            914 447320at33208        -            233    0.0036   18.2  20.7   4   5      0.18        49    4.6   0.2   100   129   832   866   826   892 0.84 -
evm.utg1337.6                        -            914 447320at33208        -            233    0.0036   18.2  20.7   5   5       2.3     6e+02    1.1   0.0   103   126   875   903   867   908 0.75 -
evm.utg73.80                         -            359 447320at33208        -            233    0.0037   18.1   4.8   1   3    0.0019      0.49   11.2   0.8    81   179   111   213    60   214 0.72 -
evm.utg73.80                         -            359 447320at33208        -            233    0.0037   18.1   4.8   2   3     0.024       6.4    7.5   0.2   111   185   190   266   184   274 0.60 -
evm.utg73.80                         -            359 447320at33208        -            233    0.0037   18.1   4.8   3   3       1.1   2.9e+02    2.1   0.0   112   129   286   303   278   310 0.85 -
evm.utg2129.40                       -            418 447320at33208        -            233    0.0038   18.1   5.5   1   3    0.0022       0.6   10.9   0.4   111   171   118   175   100   182 0.79 -
evm.utg2129.40                       -            418 447320at33208        -            233    0.0038   18.1   5.5   2   3       2.5   6.6e+02    0.9   0.1   146   180   193   230   177   247 0.56 -
evm.utg2129.40                       -            418 447320at33208        -            233    0.0038   18.1   5.5   3   3     0.076        20    5.9   0.0    99   131   273   312   245   367 0.78 -
evm.utg3174.3                        -            435 447320at33208        -            233    0.0043   17.9   9.9   1   4   0.00089      0.24   12.2   1.9    98   176   191   273   187   285 0.63 -
evm.utg3174.3                        -            435 447320at33208        -            233    0.0043   17.9   9.9   2   4       1.2   3.3e+02    1.9   0.1   113   131   297   315   273   358 0.55 -
evm.utg3174.3                        -            435 447320at33208        -            233    0.0043   17.9   9.9   3   4       4.6   1.2e+03    0.0   0.0   115   133   383   401   377   416 0.78 -
evm.utg3174.3                        -            435 447320at33208        -            233    0.0043   17.9   9.9   4   4       0.2        54    4.5   0.1   112   124   421   433   393   434 0.67 -
evm.utg10470.3                       -            667 447320at33208        -            233    0.0054   17.6   1.5   1   4      0.15        40    4.9   0.0    77   128   387   445   331   457 0.61 -
evm.utg10470.3                       -            667 447320at33208        -            233    0.0054   17.6   1.5   2   4       9.4   2.5e+03   -1.0   0.0   112   129   471   488   451   500 0.80 -
evm.utg10470.3                       -            667 447320at33208        -            233    0.0054   17.6   1.5   3   4      0.18        47    4.7   0.1   109   129   510   530   492   540 0.86 -
evm.utg10470.3                       -            667 447320at33208        -            233    0.0054   17.6   1.5   4   4      0.73   1.9e+02    2.7   0.0     8    64   544   611   541   618 0.50 -
evm.utg101.45                        -            862 447320at33208        -            233    0.0057   17.5   1.2   1   2     0.008       2.1    9.1   0.0   111   130   214   233   209   243 0.85 -
evm.utg101.45                        -            862 447320at33208        -            233    0.0057   17.5   1.2   2   2      0.21        56    4.4   0.0   112   132   413   433   396   445 0.77 -
evm.utg498.169                       -            476 447320at33208        -            233    0.0061   17.4   3.8   1   2       0.8   2.1e+02    2.5   0.0     6    36   350   380   345   387 0.73 -
evm.utg498.169                       -            476 447320at33208        -            233    0.0061   17.4   3.8   2   2   0.00037     0.099   13.4   1.2   110   170   401   457   384   471 0.74 -
evm.utg498.169.2.5c22f1aa            -            426 447320at33208        -            233    0.0068   17.3   2.8   1   3       9.9   2.6e+03   -1.0   0.0     5    33    63    93    59   102 0.74 -
evm.utg498.169.2.5c22f1aa            -            426 447320at33208        -            233    0.0068   17.3   2.8   2   3       0.7   1.9e+02    2.7   0.0     6    36   309   339   304   346 0.73 -
evm.utg498.169.2.5c22f1aa            -            426 447320at33208        -            233    0.0068   17.3   2.8   3   3   0.00065      0.17   12.6   0.8   109   162   359   407   339   419 0.79 -
evm.utg16094.2                       -            968 447320at33208        -            233      0.01   16.7   4.8   1   3       6.3   1.7e+03   -0.4   0.1    51    63   306   318   243   379 0.59 -
evm.utg16094.2                       -            968 447320at33208        -            233      0.01   16.7   4.8   2   3    0.0037      0.98   10.2   0.0   112   172   395   451   391   460 0.84 -
evm.utg16094.2                       -            968 447320at33208        -            233      0.01   16.7   4.8   3   3       1.2   3.1e+02    2.0   0.0    10    33   896   919   891   930 0.85 -
evm.utg498.99                        -           1149 447320at33208        -            233      0.01   16.7   4.1   1   5      0.51   1.4e+02    3.2   0.0   111   194    95   183    91   195 0.65 -
evm.utg498.99                        -           1149 447320at33208        -            233      0.01   16.7   4.1   2   5       1.6   4.4e+02    1.5   0.0   112   167   244   300   242   320 0.83 -
evm.utg498.99                        -           1149 447320at33208        -            233      0.01   16.7   4.1   3   5     0.037        10    6.9   0.0   112   130   431   449   427   461 0.83 -
evm.utg498.99                        -           1149 447320at33208        -            233      0.01   16.7   4.1   4   5       7.1   1.9e+03   -0.6   0.0    20    34   723   737   718   741 0.89 -
evm.utg498.99                        -           1149 447320at33208        -            233      0.01   16.7   4.1   5   5       9.7   2.6e+03   -1.0   0.0    19    50   851   883   846   891 0.79 -
evm.utg6220.15.2.5c22f2e5            -            663 447320at33208        -            233     0.011   16.6   6.8   1   2      0.54   1.4e+02    3.1   2.5   112   170   168   223    66   233 0.57 -
evm.utg6220.15.2.5c22f2e5            -            663 447320at33208        -            233     0.011   16.6   6.8   2   2     0.034       9.1    7.0   0.1   112   185   513   584   424   617 0.85 -
evm.utg911.6.2.5c22f4f3.1.5c279873   -           1182 447320at33208        -            233     0.011   16.6   1.6   1   4      0.29        78    4.0   0.0     5    35    89   121    85   184 0.75 -
evm.utg911.6.2.5c22f4f3.1.5c279873   -           1182 447320at33208        -            233     0.011   16.6   1.6   2   4       5.5   1.5e+03   -0.2   0.1    38    66   178   208   131   221 0.57 -
evm.utg911.6.2.5c22f4f3.1.5c279873   -           1182 447320at33208        -            233     0.011   16.6   1.6   3   4       4.2   1.1e+03    0.2   0.0    11    33   281   303   272   309 0.79 -
evm.utg911.6.2.5c22f4f3.1.5c279873   -           1182 447320at33208        -            233     0.011   16.6   1.6   4   4      0.16        43    4.8   0.0     9    33   482   506   477   523 0.85 -
evm.utg413.38                        -            593 447320at33208        -            233     0.011   16.6   9.4   1   4    0.0015      0.41   11.4   2.1    98   176   349   431   345   444 0.63 -
evm.utg413.38                        -            593 447320at33208        -            233     0.011   16.6   9.4   2   4       1.3   3.5e+02    1.8   0.1   112   132   454   474   433   518 0.55 -
evm.utg413.38                        -            593 447320at33208        -            233     0.011   16.6   9.4   3   4       6.8   1.8e+03   -0.5   0.0   115   133   541   559   534   571 0.77 -
evm.utg413.38                        -            593 447320at33208        -            233     0.011   16.6   9.4   4   4       0.3        80    3.9   0.1   112   124   579   591   553   592 0.67 -
utg7821.evm.utg13634.5.mrna2         -            359 447320at33208        -            233     0.011   16.5   2.1   1   2    0.0064       1.7    9.4   0.0     5    35    49    79    48    86 0.91 -
utg7821.evm.utg13634.5.mrna2         -            359 447320at33208        -            233     0.011   16.5   2.1   2   2      0.11        30    5.3   0.1   111   127   108   124   105   175 0.86 -
evm.utg967.29.1.5c22f549             -            266 447320at33208        -            233     0.012   16.5   1.6   1   2       2.3     6e+02    1.1   0.0     7    35   102   130    95   139 0.78 -
evm.utg967.29.1.5c22f549             -            266 447320at33208        -            233     0.012   16.5   1.6   2   2   0.00031     0.083   13.7   0.0   112   190   157   230   134   240 0.83 -
evm.utg498.169.1.5c22f1aa            -            467 447320at33208        -            233     0.012   16.4   3.2   1   2      0.79   2.1e+02    2.6   0.0     6    36   350   380   345   387 0.73 -
evm.utg498.169.1.5c22f1aa            -            467 447320at33208        -            233     0.012   16.4   3.2   2   2   0.00096      0.26   12.1   0.9   110   162   401   448   385   459 0.79 -
evm.utg101.178                       -            403 447320at33208        -            233     0.013   16.4  10.1   1   3     0.026       6.8    7.4   0.4   112   154   121   169   113   187 0.66 -
evm.utg101.178                       -            403 447320at33208        -            233     0.013   16.4  10.1   2   3       1.4   3.7e+02    1.7   0.0   112   132   247   267   221   283 0.70 -
evm.utg101.178                       -            403 447320at33208        -            233     0.013   16.4  10.1   3   3     0.055        15    6.4   0.5   112   187   310   382   309   390 0.71 -
evm.utg579.18                        -            368 447320at33208        -            233     0.014   16.2   2.6   1   4       4.8   1.3e+03   -0.0   0.0    10    40    57    87    50    95 0.84 -
evm.utg579.18                        -            368 447320at33208        -            233     0.014   16.2   2.6   2   4      0.58   1.5e+02    3.0   0.0   112   134   129   151   107   192 0.62 -
evm.utg579.18                        -            368 447320at33208        -            233     0.014   16.2   2.6   3   4      0.11        29    5.4   0.6   113   129   219   235   216   278 0.70 -
evm.utg579.18                        -            368 447320at33208        -            233     0.014   16.2   2.6   4   4      0.93   2.5e+02    2.3   0.4     7    43   250   286   247   344 0.63 -
evm.utg498.99.2.5c22f1a6             -           1182 447320at33208        -            233     0.015   16.1   4.4   1   4      0.53   1.4e+02    3.1   0.0   111   194    95   183    91   195 0.65 -
evm.utg498.99.2.5c22f1a6             -           1182 447320at33208        -            233     0.015   16.1   4.4   2   4       1.7   4.5e+02    1.5   0.0   112   167   244   300   242   320 0.83 -
evm.utg498.99.2.5c22f1a6             -           1182 447320at33208        -            233     0.015   16.1   4.4   3   4     0.039        10    6.8   0.0   112   130   431   449   427   461 0.83 -
evm.utg498.99.2.5c22f1a6             -           1182 447320at33208        -            233     0.015   16.1   4.4   4   4       7.6     2e+03   -0.7   0.0    20    34   723   737   718   740 0.89 -
evm.utg498.99.1.5c22f1a6             -           1183 447320at33208        -            233     0.015   16.1   4.4   1   4      0.53   1.4e+02    3.1   0.0   111   194    95   183    91   195 0.65 -
evm.utg498.99.1.5c22f1a6             -           1183 447320at33208        -            233     0.015   16.1   4.4   2   4       1.7   4.5e+02    1.5   0.0   112   167   244   300   242   320 0.83 -
evm.utg498.99.1.5c22f1a6             -           1183 447320at33208        -            233     0.015   16.1   4.4   3   4     0.039        10    6.8   0.0   112   130   431   449   427   461 0.83 -
evm.utg498.99.1.5c22f1a6             -           1183 447320at33208        -            233     0.015   16.1   4.4   4   4       7.6     2e+03   -0.7   0.0    20    34   723   737   718   740 0.89 -
evm.utg2007.6                        -            496 447320at33208        -            233     0.015   16.1   0.4   1   3      0.81   2.1e+02    2.5   0.0    15    42   197   224   185   235 0.80 -
evm.utg2007.6                        -            496 447320at33208        -            233     0.015   16.1   0.4   2   3     0.023       6.1    7.6   0.1   109   154   288   328   287   354 0.61 -
evm.utg2007.6                        -            496 447320at33208        -            233     0.015   16.1   0.4   3   3       1.9   5.1e+02    1.3   0.0    20    40   336   356   325   368 0.67 -
evm.utg439.49                        -            578 447320at33208        -            233     0.017   15.9   2.6   1   4       7.2   1.9e+03   -0.6   0.0   112   135   302   318   278   337 0.61 -
evm.utg439.49                        -            578 447320at33208        -            233     0.017   15.9   2.6   2   4       2.2   5.7e+02    1.1   0.0   111   173   344   405   317   414 0.58 -
evm.utg439.49                        -            578 447320at33208        -            233     0.017   15.9   2.6   3   4     0.068        18    6.0   0.0   112   165   431   491   426   506 0.75 -
evm.utg439.49                        -            578 447320at33208        -            233     0.017   15.9   2.6   4   4      0.19        51    4.6   0.0    11    35   513   537   507   545 0.79 -
evm.utg194.33                        -            633 447320at33208        -            233     0.019   15.8   1.8   1   3       5.6   1.5e+03   -0.2   0.0   120   170   258   313   241   339 0.49 -
evm.utg194.33                        -            633 447320at33208        -            233     0.019   15.8   1.8   2   3      0.46   1.2e+02    3.3   0.1   112   135   479   502   476   517 0.74 -
evm.utg194.33                        -            633 447320at33208        -            233     0.019   15.8   1.8   3   3    0.0037      0.97   10.2   0.5   101   136   503   543   499   552 0.80 -
evm.utg381.71                        -            409 447320at33208        -            233     0.019   15.8   5.7   1   2       3.2   8.5e+02    0.6   0.1   128   179    45    98    40   107 0.78 -
evm.utg381.71                        -            409 447320at33208        -            233     0.019   15.8   5.7   2   2   0.00045      0.12   13.2   2.0    12   175   110   276    99   286 0.60 -
evm.utg109.41                        -            598 447320at33208        -            233      0.02   15.7   9.9   1   5         3   8.1e+02    0.6   0.0   112   139   290   318   285   338 0.75 -
evm.utg109.41                        -            598 447320at33208        -            233      0.02   15.7   9.9   2   5     0.081        22    5.8   0.0   111   128   365   382   362   394 0.85 -
evm.utg109.41                        -            598 447320at33208        -            233      0.02   15.7   9.9   3   5       3.5   9.3e+02    0.4   0.0   109   128   447   466   424   477 0.79 -
evm.utg109.41                        -            598 447320at33208        -            233      0.02   15.7   9.9   4   5         1   2.7e+02    2.2   0.0   112   128   492   508   474   515 0.68 -
evm.utg109.41                        -            598 447320at33208        -            233      0.02   15.7   9.9   5   5     0.048        13    6.5   0.4    98   128   513   550   509   562 0.73 -
evm.utg2757.76                       -            410 447320at33208        -            233      0.02   15.7  11.2   1   5      0.03       7.9    7.2   0.3   112   153   121   168   113   179 0.66 -
evm.utg2757.76                       -            410 447320at33208        -            233      0.02   15.7  11.2   2   5      0.64   1.7e+02    2.9   0.1   100   128   144   179   139   197 0.75 -
evm.utg2757.76                       -            410 447320at33208        -            233      0.02   15.7  11.2   3   5       1.4   3.8e+02    1.7   0.0   112   132   247   267   221   283 0.70 -
evm.utg2757.76                       -            410 447320at33208        -            233      0.02   15.7  11.2   4   5      0.11        30    5.3   0.7   112   185   310   380   309   384 0.67 -
evm.utg2757.76                       -            410 447320at33208        -            233      0.02   15.7  11.2   5   5      0.22        59    4.4   0.1   112   131   352   371   330   408 0.68 -
evm.utg861.53                        -            556 447320at33208        -            233      0.02   15.7   4.8   1   3     0.063        17    6.2   0.2   111   164   270   322   258   357 0.73 -
evm.utg861.53                        -            556 447320at33208        -            233      0.02   15.7   4.8   2   3      0.62   1.6e+02    2.9   0.1   110   177   428   505   407   518 0.54 -
evm.utg861.53                        -            556 447320at33208        -            233      0.02   15.7   4.8   3   3     0.033       8.9    7.1   0.1   111   126   527   542   505   547 0.69 -
evm.utg3174.3.1.5c22eeec             -            350 447320at33208        -            233     0.021   15.7   2.8   1   2    0.0008      0.21   12.3   2.3    98   175   191   272   187   284 0.63 -
evm.utg3174.3.1.5c22eeec             -            350 447320at33208        -            233     0.021   15.7   2.8   2   2       1.7   4.6e+02    1.5   0.0   102   130   279   314   262   331 0.73 -
evm.utg5774.24                       -            295 447320at33208        -            233     0.022   15.6   2.4   1   3       7.7   2.1e+03   -0.7   0.0   112   132    76    96    71   115 0.72 -
evm.utg5774.24                       -            295 447320at33208        -            233     0.022   15.6   2.4   2   3     0.032       8.5    7.1   0.5   111   127   175   191   156   201 0.83 -
evm.utg5774.24                       -            295 447320at33208        -            233     0.022   15.6   2.4   3   3     0.057        15    6.3   0.0    98   130   237   276   205   290 0.78 -
evm.utg801.40                        -            682 447320at33208        -            233     0.025   15.4   0.2   1   3       2.6   6.8e+02    0.9   0.0   100   139    62   100    56   114 0.77 -
evm.utg801.40                        -            682 447320at33208        -            233     0.025   15.4   0.2   2   3     0.026         7    7.4   0.0   112   140   126   155   125   176 0.77 -
evm.utg801.40                        -            682 447320at33208        -            233     0.025   15.4   0.2   3   3         1   2.7e+02    2.2   0.0   112   131   563   582   559   592 0.84 -
evm.utg432.108                       -           1361 447320at33208        -            233     0.026   15.4   0.2   1   2      0.58   1.6e+02    3.0   0.0     3    33   107   137   105   147 0.89 -
evm.utg432.108                       -           1361 447320at33208        -            233     0.026   15.4   0.2   2   2    0.0055       1.5    9.6   0.1     6    80   159   232   155   235 0.81 -
evm.utg2303.45                       -            565 447320at33208        -            233     0.026   15.3   4.1   1   3     0.063        17    6.2   0.1   109   130   373   394   356   406 0.86 -
evm.utg2303.45                       -            565 447320at33208        -            233     0.026   15.3   4.1   2   3       3.1   8.3e+02    0.6   0.0   111   129   417   435   410   444 0.89 -
evm.utg2303.45                       -            565 447320at33208        -            233     0.026   15.3   4.1   3   3     0.094        25    5.6   0.1    10    34   496   520   488   538 0.75 -
evm.utg243.69                        -           1751 447320at33208        -            233     0.026   15.3  13.0   1   3     0.024       6.3    7.5   0.6   112   148    77   113    73   176 0.63 -
evm.utg243.69                        -           1751 447320at33208        -            233     0.026   15.3  13.0   2   3       1.8   4.7e+02    1.4   0.1   112   134   224   247   221   270 0.75 -
evm.utg243.69                        -           1751 447320at33208        -            233     0.026   15.3  13.0   3   3      0.09        24    5.7   0.1   109   146   635   672   631   676 0.79 -
evm.utg777.49.1.5c22f40d             -            577 447320at33208        -            233     0.027   15.3   0.8   1   3     0.063        17    6.2   0.0    38   128   342   445   326   457 0.63 -
evm.utg777.49.1.5c22f40d             -            577 447320at33208        -            233     0.027   15.3   0.8   2   3       9.7   2.6e+03   -1.0   0.0   112   129   471   488   453   493 0.81 -
evm.utg777.49.1.5c22f40d             -            577 447320at33208        -            233     0.027   15.3   0.8   3   3      0.15        39    5.0   0.0   109   129   510   530   493   537 0.84 -
evm.utg418.59                        -            511 447320at33208        -            233     0.027   15.3   3.8   1   4       3.9     1e+03    0.3   0.1   111   134   238   261   222   270 0.82 -
evm.utg418.59                        -            511 447320at33208        -            233     0.027   15.3   3.8   2   4      0.59   1.6e+02    3.0   0.0   112   129   345   362   320   386 0.81 -
evm.utg418.59                        -            511 447320at33208        -            233     0.027   15.3   3.8   3   4    0.0064       1.7    9.4   0.1   112   129   390   407   370   428 0.89 -
evm.utg418.59                        -            511 447320at33208        -            233     0.027   15.3   3.8   4   4       5.8   1.5e+03   -0.3   0.0   113   127   437   451   431   454 0.84 -
evm.utg801.96                        -            430 447320at33208        -            233     0.029   15.2   2.8   1   2      0.32        86    3.8   0.1   112   132   196   216   193   241 0.74 -
evm.utg801.96                        -            430 447320at33208        -            233     0.029   15.2   2.8   2   2    0.0042       1.1   10.0   0.2   111   188   245   325   227   347 0.71 -
evm.utg1025.9                        -            364 447320at33208        -            233     0.029   15.2   5.3   1   3     0.045        12    6.6   0.2   100   126     8    41     4    45 0.78 -
evm.utg1025.9                        -            364 447320at33208        -            233     0.029   15.2   5.3   2   3      0.32        85    3.8   0.0   110   126   129   145   124   185 0.84 -
evm.utg1025.9                        -            364 447320at33208        -            233     0.029   15.2   5.3   3   3      0.17        46    4.7   0.1   112   127   295   310   272   324 0.86 -
evm.utg7855.10                       -            364 447320at33208        -            233      0.03   15.1   5.2   1   3     0.045        12    6.6   0.2   100   126     8    41     4    45 0.78 -
evm.utg7855.10                       -            364 447320at33208        -            233      0.03   15.1   5.2   2   3      0.35        93    3.7   0.0   110   126   129   145   124   175 0.84 -
evm.utg7855.10                       -            364 447320at33208        -            233      0.03   15.1   5.2   3   3      0.18        48    4.7   0.1   112   127   295   310   275   324 0.86 -
evm.utg7821.13                       -            447 447320at33208        -            233      0.03   15.1   0.1   1   4     0.088        23    5.7   0.0     7    38    29    60    27    88 0.89 -
evm.utg7821.13                       -            447 447320at33208        -            233      0.03   15.1   0.1   2   4       5.1   1.4e+03   -0.1   0.0    47    69   104   126    89   135 0.83 -
evm.utg7821.13                       -            447 447320at33208        -            233      0.03   15.1   0.1   3   4      0.65   1.7e+02    2.8   0.0   107   131   234   258   221   272 0.84 -
evm.utg7821.13                       -            447 447320at33208        -            233      0.03   15.1   0.1   4   4       5.6   1.5e+03   -0.2   0.0     7    37   285   314   279   337 0.59 -
evm.utg470.32                        -           1060 447320at33208        -            233     0.031   15.1   2.3   1   3         2   5.3e+02    1.3   0.0   112   129   386   403   368   415 0.85 -
evm.utg470.32                        -           1060 447320at33208        -            233     0.031   15.1   2.3   2   3     0.013       3.6    8.3   0.2   112   129   559   576   453   586 0.76 -
evm.utg470.32                        -           1060 447320at33208        -            233     0.031   15.1   2.3   3   3       5.2   1.4e+03   -0.1   0.0   112   129   602   619   600   628 0.87 -
evm.utg207.100                       -            378 447320at33208        -            233     0.032   15.1   4.6   1   3     0.057        15    6.3   0.5   103   134   115   145   108   162 0.80 -
evm.utg207.100                       -            378 447320at33208        -            233     0.032   15.1   4.6   2   3     0.027       7.2    7.4   0.2   103   189   150   240   142   250 0.65 -
evm.utg207.100                       -            378 447320at33208        -            233     0.032   15.1   4.6   3   3       1.5     4e+02    1.6   0.0    11    40   292   321   289   330 0.83 -
evm.utg1204.47                       -            338 447320at33208        -            233     0.032   15.0   6.0   1   4       1.8   4.7e+02    1.4   0.0    97   126     8    44     2    54 0.75 -
evm.utg1204.47                       -            338 447320at33208        -            233     0.032   15.0   6.0   2   4      0.32        86    3.8   0.1     6    23    62    79    56   114 0.84 -
evm.utg1204.47                       -            338 447320at33208        -            233     0.032   15.0   6.0   3   4       1.3   3.4e+02    1.9   0.5    97   125   186   221   105   225 0.77 -
evm.utg1204.47                       -            338 447320at33208        -            233     0.032   15.0   6.0   4   4     0.045        12    6.6   0.0   112   125   318   331   291   335 0.75 -
evm.utg5290.27.1.5c22f1dc            -            533 447320at33208        -            233     0.032   15.0   4.7   1   3     0.049        13    6.5   0.1   109   130   341   362   324   384 0.85 -
evm.utg5290.27.1.5c22f1dc            -            533 447320at33208        -            233     0.032   15.0   4.7   2   3       2.7   7.2e+02    0.8   0.0   111   129   385   403   377   416 0.89 -
evm.utg5290.27.1.5c22f1dc            -            533 447320at33208        -            233     0.032   15.0   4.7   3   3     0.096        26    5.5   0.1    10    34   464   488   456   501 0.75 -
evm.utg7412.19                       -            738 447320at33208        -            233     0.033   15.0   2.8   1   4      0.21        57    4.4   0.1   112   136    66    90    63   135 0.63 -
evm.utg7412.19                       -            738 447320at33208        -            233     0.033   15.0   2.8   2   4       1.4   3.9e+02    1.7   0.0   112   128   154   170   131   174 0.83 -
evm.utg7412.19                       -            738 447320at33208        -            233     0.033   15.0   2.8   3   4      0.33        87    3.8   0.0   113   129   232   248   219   255 0.80 -
evm.utg7412.19                       -            738 447320at33208        -            233     0.033   15.0   2.8   4   4       2.9   7.6e+02    0.7   0.1   111   133   375   397   278   408 0.77 -
evm.utg498.99.3.5c22f1a6             -           1042 447320at33208        -            233     0.033   15.0   2.0   1   4       1.5   3.9e+02    1.7   0.0   112   167   104   160   102   180 0.83 -
evm.utg498.99.3.5c22f1a6             -           1042 447320at33208        -            233     0.033   15.0   2.0   2   4     0.034         9    7.0   0.0   112   130   291   309   287   321 0.83 -
evm.utg498.99.3.5c22f1a6             -           1042 447320at33208        -            233     0.033   15.0   2.0   3   4       6.4   1.7e+03   -0.4   0.0    20    34   583   597   578   601 0.89 -
evm.utg498.99.3.5c22f1a6             -           1042 447320at33208        -            233     0.033   15.0   2.0   4   4       8.7   2.3e+03   -0.9   0.0    19    50   711   743   706   751 0.79 -
evm.utg27.20                         -           1146 447320at33208        -            233     0.035   14.9   4.4   1   4       5.1   1.3e+03   -0.1   0.0   107   129    59    83    41    90 0.83 -
evm.utg27.20                         -           1146 447320at33208        -            233     0.035   14.9   4.4   2   4       1.3   3.5e+02    1.8   0.2   102   128    91   124    57   131 0.55 -
evm.utg27.20                         -           1146 447320at33208        -            233     0.035   14.9   4.4   3   4       0.5   1.3e+02    3.2   0.1   101   126   132   164   128   177 0.75 -
evm.utg27.20                         -           1146 447320at33208        -            233     0.035   14.9   4.4   4   4     0.018       4.7    8.0   0.0    90   130   237   284   222   331 0.78 -
evm.utg777.49.2.5c22f40d             -            602 447320at33208        -            233     0.038   14.8   0.4   1   3     0.067        18    6.1   0.0    38   128   342   445   326   457 0.63 -
evm.utg777.49.2.5c22f40d             -            602 447320at33208        -            233     0.038   14.8   0.4   2   3       9.3   2.5e+03   -1.0   0.0   112   129   471   488   453   495 0.80 -
evm.utg777.49.2.5c22f40d             -            602 447320at33208        -            233     0.038   14.8   0.4   3   3      0.11        28    5.4   0.0   109   129   510   530   491   545 0.80 -
evm.utg2417.39.2.5c22ed97            -            627 447320at33208        -            233     0.039   14.8   0.2   1   3       2.6     7e+02    0.8   0.0    22    71   101   119    85   137 0.56 -
evm.utg2417.39.2.5c22ed97            -            627 447320at33208        -            233     0.039   14.8   0.2   2   3      0.28        74    4.0   0.0   112   132   144   164   135   178 0.84 -
evm.utg2417.39.2.5c22ed97            -            627 447320at33208        -            233     0.039   14.8   0.2   3   3      0.13        34    5.1   0.0   114   165   190   239   184   257 0.65 -
evm.utg3878.20                       -           1023 447320at33208        -            233     0.041   14.7   0.1   1   2      0.24        63    4.3   0.0    89   127    41    86    24    97 0.70 -
evm.utg3878.20                       -           1023 447320at33208        -            233     0.041   14.7   0.1   2   2     0.021       5.6    7.7   0.0     6    37   240   271   238   275 0.88 -
evm.utg5290.27                       -            565 447320at33208        -            233     0.042   14.7   4.8   1   4     0.055        15    6.3   0.1   109   130   373   394   355   415 0.86 -
evm.utg5290.27                       -            565 447320at33208        -            233     0.042   14.7   4.8   2   4         3   7.9e+02    0.7   0.0   111   129   417   435   410   448 0.88 -
evm.utg5290.27                       -            565 447320at33208        -            233     0.042   14.7   4.8   3   4      0.12        32    5.2   0.1    10    34   496   520   489   530 0.78 -
evm.utg5290.27                       -            565 447320at33208        -            233     0.042   14.7   4.8   4   4      0.34        90    3.8   0.1   113   138   506   531   502   543 0.83 -
evm.utg163.18                        -            542 447320at33208        -            233     0.047   14.5   0.8   1   4       5.1   1.4e+03   -0.1   0.0   112   135   199   221   187   232 0.78 -
evm.utg163.18                        -            542 447320at33208        -            233     0.047   14.5   0.8   2   4       4.1   1.1e+03    0.2   0.0   112   129   278   296   261   313 0.69 -
evm.utg163.18                        -            542 447320at33208        -            233     0.047   14.5   0.8   3   4      0.26        70    4.1   0.0   112   135   320   343   316   352 0.86 -
evm.utg163.18                        -            542 447320at33208        -            233     0.047   14.5   0.8   4   4      0.32        84    3.9   0.0   113   170   417   473   414   488 0.72 -
evm.utg10470.3.1.5c22e808            -            577 447320at33208        -            233     0.056   14.3   1.1   1   3      0.12        32    5.2   0.0    77   128   387   445   331   457 0.60 -
evm.utg10470.3.1.5c22e808            -            577 447320at33208        -            233     0.056   14.3   1.1   2   3       8.9   2.4e+03   -0.9   0.0   112   129   471   488   453   495 0.80 -
evm.utg10470.3.1.5c22e808            -            577 447320at33208        -            233     0.056   14.3   1.1   3   3      0.16        43    4.8   0.0   110   129   511   530   495   537 0.86 -
evm.utg12937.7                       -           1020 447320at33208        -            233     0.061   14.1   0.5   1   3      0.93   2.5e+02    2.3   0.0   112   167   104   160   102   180 0.84 -
evm.utg12937.7                       -           1020 447320at33208        -            233     0.061   14.1   0.5   2   3     0.096        26    5.6   0.0   112   127   291   306   287   321 0.84 -
evm.utg12937.7                       -           1020 447320at33208        -            233     0.061   14.1   0.5   3   3       8.4   2.2e+03   -0.8   0.0    19    50   710   742   704   750 0.79 -
evm.utg911.6.2.5c22f4f3              -           1606 447320at33208        -            233     0.063   14.1   1.8   1   4      0.44   1.2e+02    3.4   0.0     5    35    89   121    85   181 0.76 -
evm.utg911.6.2.5c22f4f3              -           1606 447320at33208        -            233     0.063   14.1   1.8   2   4       8.7   2.3e+03   -0.8   0.1    38    66   178   208   135   220 0.57 -
evm.utg911.6.2.5c22f4f3              -           1606 447320at33208        -            233     0.063   14.1   1.8   3   4         6   1.6e+03   -0.3   0.0    11    33   281   303   273   309 0.79 -
evm.utg911.6.2.5c22f4f3              -           1606 447320at33208        -            233     0.063   14.1   1.8   4   4      0.23        60    4.3   0.0     9    33   482   506   477   523 0.85 -
evm.utg7264.10                       -            194 447320at33208        -            233     0.065   14.0   8.0   1   4       1.3   3.5e+02    1.8   0.0     7    33    19    45    13    55 0.70 -
evm.utg7264.10                       -            194 447320at33208        -            233     0.065   14.0   8.0   2   4       1.8   4.7e+02    1.4   0.1   110   126    71    87    52    94 0.79 -
evm.utg7264.10                       -            194 447320at33208        -            233     0.065   14.0   8.0   3   4      0.51   1.4e+02    3.2   0.1   112   131    95   114    89   133 0.83 -
evm.utg7264.10                       -            194 447320at33208        -            233     0.065   14.0   8.0   4   4    0.0047       1.2    9.8   0.2   112   134   137   157   118   175 0.77 -
evm.utg415.118                       -            380 447320at33208        -            233     0.069   13.9   0.8   1   2      0.33        89    3.8   0.1   109   151   148   190   141   194 0.92 -
evm.utg415.118                       -            380 447320at33208        -            233     0.069   13.9   0.8   2   2     0.016       4.2    8.1   0.1   112   175   198   261   195   266 0.76 -
evm.utg12937.7.1.5c22ea11            -           1053 447320at33208        -            233      0.07   13.9   0.5   1   3      0.97   2.6e+02    2.3   0.0   112   167   104   160   102   180 0.84 -
evm.utg12937.7.1.5c22ea11            -           1053 447320at33208        -            233      0.07   13.9   0.5   2   3     0.099        26    5.5   0.0   112   127   291   306   287   321 0.84 -
evm.utg12937.7.1.5c22ea11            -           1053 447320at33208        -            233      0.07   13.9   0.5   3   3       8.7   2.3e+03   -0.9   0.0    19    50   710   742   704   750 0.79 -
evm.utg2417.39.1.5c22ed97            -            754 447320at33208        -            233     0.073   13.9   0.2   1   2      0.24        63    4.3   0.0   112   132   144   164    92   178 0.80 -
evm.utg2417.39.1.5c22ed97            -            754 447320at33208        -            233     0.073   13.9   0.2   2   2      0.16        42    4.9   0.0   113   165   189   239   183   257 0.65 -
evm.utg911.6.1.5c22f4f3              -           1631 447320at33208        -            233     0.074   13.9   1.9   1   4      0.42   1.1e+02    3.5   0.0     5    35    89   121    85   185 0.75 -
evm.utg911.6.1.5c22f4f3              -           1631 447320at33208        -            233     0.074   13.9   1.9   2   4       8.1   2.2e+03   -0.7   0.1    38    66   178   208   131   220 0.56 -
evm.utg911.6.1.5c22f4f3              -           1631 447320at33208        -            233     0.074   13.9   1.9   3   4       6.1   1.6e+03   -0.3   0.0    11    33   281   303   273   309 0.79 -
evm.utg911.6.1.5c22f4f3              -           1631 447320at33208        -            233     0.074   13.9   1.9   4   4      0.23        61    4.3   0.0     9    33   482   506   477   523 0.85 -
evm.utg911.6                         -           1632 447320at33208        -            233     0.074   13.9   1.9   1   4      0.42   1.1e+02    3.5   0.0     5    35    89   121    85   185 0.75 -
evm.utg911.6                         -           1632 447320at33208        -            233     0.074   13.9   1.9   2   4       8.1   2.2e+03   -0.8   0.1    38    66   178   208   131   220 0.56 -
evm.utg911.6                         -           1632 447320at33208        -            233     0.074   13.9   1.9   3   4       6.1   1.6e+03   -0.3   0.0    11    33   281   303   273   309 0.79 -
evm.utg911.6                         -           1632 447320at33208        -            233     0.074   13.9   1.9   4   4      0.23        61    4.3   0.0     9    33   482   506   477   523 0.85 -
evm.utg8.11                          -            830 447320at33208        -            233     0.075   13.8   0.3   1   2      0.26        69    4.1   0.0   112   132   144   164    93   179 0.80 -
evm.utg8.11                          -            830 447320at33208        -            233     0.075   13.8   0.3   2   2      0.12        32    5.2   0.1   114   165   190   239   183   257 0.66 -
evm.utg693.67                        -           1677 447320at33208        -            233     0.076   13.8  16.3   1   3    0.0084       2.2    9.0   0.4   112   201    77   164    73   176 0.64 -
evm.utg693.67                        -           1677 447320at33208        -            233     0.076   13.8  16.3   2   3       1.7   4.5e+02    1.5   0.1   112   134   224   247   222   271 0.74 -
evm.utg693.67                        -           1677 447320at33208        -            233     0.076   13.8  16.3   3   3     0.067        18    6.1   0.6   111   144   636   669   572   712 0.67 -
evm.utg1226.20                       -           1094 447320at33208        -            233     0.078   13.8   1.2   1   2      0.35        93    3.7   0.4    89   127   112   157    98   168 0.69 -
evm.utg1226.20                       -           1094 447320at33208        -            233     0.078   13.8   1.2   2   2     0.023       6.1    7.6   0.0     6    37   311   342   309   346 0.88 -
evm.utg7950.19                       -            574 447320at33208        -            233     0.086   13.6   2.2   1   2     0.016       4.3    8.1   0.1   112   186   218   290   129   322 0.88 -
evm.utg7950.19                       -            574 447320at33208        -            233     0.086   13.6   2.2   2   2      0.77   2.1e+02    2.6   0.2   112   169   357   411   321   420 0.71 -
evm.utg2216.8                        -            504 447320at33208        -            233     0.087   13.6   4.8   1   3      0.84   2.2e+02    2.5   0.2     9    57    61   119    53   144 0.48 -
evm.utg2216.8                        -            504 447320at33208        -            233     0.087   13.6   4.8   2   3      0.72   1.9e+02    2.7   0.0     5    35   141   171   137   174 0.91 -
evm.utg2216.8                        -            504 447320at33208        -            233     0.087   13.6   4.8   3   3     0.041        11    6.8   0.1   112   172   265   322   262   336 0.75 -
evm.utg699.93                        -            360 447320at33208        -            233     0.096   13.5   0.7   1   3       2.1   5.6e+02    1.2   0.1   113   178    30   101    26   144 0.61 -
evm.utg699.93                        -            360 447320at33208        -            233     0.096   13.5   0.7   2   3       4.1   1.1e+03    0.2   0.1   112   134   121   143    77   182 0.60 -
evm.utg699.93                        -            360 447320at33208        -            233     0.096   13.5   0.7   3   3     0.012       3.3    8.5   0.1    99   135   181   223   144   282 0.76 -
evm.utg150.51                        -            579 447320at33208        -            233       0.1   13.4   2.5   1   3      0.47   1.2e+02    3.3   0.0   116   174   312   371   288   381 0.66 -
evm.utg150.51                        -            579 447320at33208        -            233       0.1   13.4   2.5   2   3     0.084        22    5.7   0.3   112   190   397   472   393   481 0.56 -
evm.utg150.51                        -            579 447320at33208        -            233       0.1   13.4   2.5   3   3      0.28        74    4.0   0.1   101   193   421   516   416   524 0.58 -
evm.utg729.25.1.5c279763             -            740 447320at33208        -            233       0.1   13.4   0.1   1   2      0.21        57    4.4   0.1   111   154   547   596   528   622 0.58 -
evm.utg729.25.1.5c279763             -            740 447320at33208        -            233       0.1   13.4   0.1   2   2     0.059        16    6.2   0.0   108   127   650   669   632   721 0.84 -
evm.utg101.48                        -            357 447320at33208        -            233       0.1   13.4   1.5   1   3     0.039        10    6.8   0.1     6    47    48    87    44   116 0.75 -
evm.utg101.48                        -            357 447320at33208        -            233       0.1   13.4   1.5   2   3       4.4   1.2e+03    0.1   0.1   118   131   120   133   100   193 0.57 -
evm.utg101.48                        -            357 447320at33208        -            233       0.1   13.4   1.5   3   3       0.8   2.1e+02    2.5   0.2   112   128   208   224   151   239 0.70 -
evm.utg21625.4                       -           1518 447320at33208        -            233       0.1   13.4  16.3   1   6     0.069        18    6.0   0.1   111   131   911   931   908   939 0.88 -
evm.utg21625.4                       -           1518 447320at33208        -            233       0.1   13.4  16.3   2   6      0.13        36    5.1   0.0   112   131   954   973   931   988 0.74 -
evm.utg21625.4                       -           1518 447320at33208        -            233       0.1   13.4  16.3   3   6       4.6   1.2e+03    0.0   0.1   111   130   995  1014   974  1060 0.78 -
evm.utg21625.4                       -           1518 447320at33208        -            233       0.1   13.4  16.3   4   6      0.15        39    5.0   0.4   102   177  1174  1253  1161  1261 0.73 -
evm.utg21625.4                       -           1518 447320at33208        -            233       0.1   13.4  16.3   5   6       1.1     3e+02    2.1   0.1   112   167  1233  1289  1232  1306 0.68 -
evm.utg21625.4                       -           1518 447320at33208        -            233       0.1   13.4  16.3   6   6      0.89   2.4e+02    2.4   0.1    11    67  1359  1425  1351  1457 0.50 -
evm.utg4455.54                       -            917 447320at33208        -            233      0.12   13.1   1.2   1   1    0.0068       1.8    9.3   0.8     7   135   390   530   386   539 0.62 -
evm.utg1051.87                       -           2584 447320at33208        -            233      0.12   13.1   1.2   1   3       6.5   1.7e+03   -0.4   0.0   114   130   477   493   472   524 0.76 -
evm.utg1051.87                       -           2584 447320at33208        -            233      0.12   13.1   1.2   2   3      0.08        21    5.8   0.2   112   135  2310  2334  2296  2417 0.73 -
evm.utg1051.87                       -           2584 447320at33208        -            233      0.12   13.1   1.2   3   3      0.81   2.2e+02    2.5   0.0   112   127  2506  2521  2503  2538 0.86 -
evm.utg126.151                       -            820 447320at33208        -            233      0.14   13.0   0.0   1   2     0.011         3    8.6   0.0   113   155   152   197   149   225 0.61 -
evm.utg126.151                       -            820 447320at33208        -            233      0.14   13.0   0.0   2   2       2.4   6.3e+02    1.0   0.0   112   132   700   720   696   731 0.79 -
evm.utg109.41.1.5c22e88a             -            506 447320at33208        -            233      0.15   12.8   0.5   1   3       2.5   6.6e+02    0.9   0.0   112   139   290   318   285   338 0.75 -
evm.utg109.41.1.5c22e88a             -            506 447320at33208        -            233      0.15   12.8   0.5   2   3     0.066        18    6.1   0.0   111   128   365   382   362   395 0.85 -
evm.utg109.41.1.5c22e88a             -            506 447320at33208        -            233      0.15   12.8   0.5   3   3       2.7   7.1e+02    0.8   0.0   109   129   447   467   426   479 0.79 -
evm.utg139908.1                      -            208 447320at33208        -            233      0.17   12.7   0.0   1   3       9.8   2.6e+03   -1.0   0.0     7    33     2    28     1    31 0.79 -
evm.utg139908.1                      -            208 447320at33208        -            233      0.17   12.7   0.0   2   3     0.035       9.3    7.0   0.0   112   129    66    83    44   142 0.83 -
evm.utg139908.1                      -            208 447320at33208        -            233      0.17   12.7   0.0   3   3       0.8   2.1e+02    2.5   0.0     6    30   181   205   177   207 0.87 -
evm.utg3839.107                      -            479 447320at33208        -            233      0.18   12.6   0.1   1   1    0.0026      0.69   10.7   0.1   112   168    74   127    46   189 0.81 -
evm.utg5985.15.5.5c22f28e            -            278 447320at33208        -            233      0.18   12.6   1.6   1   1    0.0099       2.6    8.8   1.6     5   127    89   209    86   220 0.69 -
evm.utg377.24.1.5c22efd8             -            481 447320at33208        -            233      0.19   12.5   0.1   1   1    0.0031      0.81   10.4   0.0   112   168    74   127    33   143 0.79 -
evm.utg6459.47                       -           1848 447320at33208        -            233      0.21   12.4   0.2   1   2     0.019       5.1    7.8   0.0    10    39  1347  1376  1342  1399 0.88 -
evm.utg6459.47                       -           1848 447320at33208        -            233      0.21   12.4   0.2   2   2       2.6   6.8e+02    0.9   0.1   112   134  1399  1421  1385  1484 0.73 -
evm.utg736.53                        -            495 447320at33208        -            233      0.22   12.3   4.1   1   1    0.0043       1.1   10.0   1.5   108   176   331   400   275   412 0.63 -
evm.utg405.2                         -            495 447320at33208        -            233      0.23   12.3   4.2   1   1    0.0044       1.2    9.9   1.6   108   176   331   400   275   412 0.63 -
evm.utg15197.11                      -           1003 447320at33208        -            233      0.25   12.1   3.2   1   2      0.11        30    5.3   0.5   112   196   215   299   211   305 0.68 -
evm.utg15197.11                      -           1003 447320at33208        -            233      0.25   12.1   3.2   2   2       1.3   3.6e+02    1.8   0.0   107   126   339   358   318   371 0.88 -
evm.utg1285.72.1.5c22e9f6            -           1103 447320at33208        -            233      0.25   12.1   0.1   1   1    0.0017      0.46   11.3   0.1    91   132  1026  1071   941  1083 0.82 -
evm.utg5985.15.4.5c22f28e            -            291 447320at33208        -            233      0.25   12.1   1.7   1   1     0.011         3    8.6   1.7     5   127   102   222    99   233 0.69 -
evm.utg5985.15.3.5c22f28e            -            337 447320at33208        -            233      0.25   12.1   1.6   1   1     0.015         4    8.2   1.6     5   127    89   209    86   220 0.68 -
evm.utg1629.22                       -           1004 447320at33208        -            233      0.28   12.0   2.8   1   2      0.14        37    5.0   0.4   112   196   216   300   212   310 0.65 -
evm.utg1629.22                       -           1004 447320at33208        -            233      0.28   12.0   2.8   2   2       1.3   3.6e+02    1.8   0.0   107   126   340   359   319   372 0.88 -
evm.utg579.33                        -           1399 447320at33208        -            233      0.29   11.9   4.1   1   2     0.023       6.2    7.6   0.0   112   128  1044  1060  1022  1080 0.76 -
evm.utg579.33                        -           1399 447320at33208        -            233      0.29   11.9   4.1   2   2      0.43   1.1e+02    3.4   0.4   115   178  1150  1212  1115  1218 0.79 -
evm.utg377.24                        -            615 447320at33208        -            233      0.32   11.8   0.1   1   1    0.0044       1.2    9.9   0.0   112   168    74   127    33   143 0.79 -
evm.utg5985.15.1.5c22f28e            -            350 447320at33208        -            233      0.32   11.8   1.6   1   1     0.017       4.4    8.1   1.6     5   127   102   222    99   234 0.69 -
evm.utg101.48.1.5c22e7c5             -            295 447320at33208        -            233      0.33   11.7   2.8   1   3     0.028       7.6    7.3   0.1     6    47    48    87    44   117 0.75 -
evm.utg101.48.1.5c22e7c5             -            295 447320at33208        -            233      0.33   11.7   2.8   2   3       3.4   8.9e+02    0.5   0.1   118   133   120   136   103   194 0.55 -
evm.utg101.48.1.5c22e7c5             -            295 447320at33208        -            233      0.33   11.7   2.8   3   3      0.61   1.6e+02    2.9   0.3   112   128   208   224   151   239 0.70 -
evm.utg1919.76                       -            679 447320at33208        -            233       0.4   11.5   1.7   1   3      0.18        47    4.7   0.1   112   143    18    49    16    89 0.61 -
evm.utg1919.76                       -            679 447320at33208        -            233       0.4   11.5   1.7   2   3       1.5   4.1e+02    1.6   0.0   112   128   106   122   100   125 0.86 -
evm.utg1919.76                       -            679 447320at33208        -            233       0.4   11.5   1.7   3   3       1.9     5e+02    1.3   0.1   111   136   311   336   213   346 0.80 -
evm.utg5985.15.2.5c22f28e            -            349 447320at33208        -            233       0.4   11.4   2.2   1   1     0.017       4.5    8.0   1.7     5   127    89   209    86   221 0.69 -
evm.utg2100.48                       -            413 447320at33208        -            233      0.49   11.2   0.1   1   2      0.27        72    4.1   0.0   111   127   202   218   199   225 0.87 -
evm.utg2100.48                       -            413 447320at33208        -            233      0.49   11.2   0.1   2   2      0.63   1.7e+02    2.9   0.0   111   143   325   358   318   395 0.69 -
evm.utg5985.15                       -            362 447320at33208        -            233       0.5   11.1   2.2   1   1     0.018       4.8    7.9   1.6     5   127   102   222    99   230 0.68 -
evm.utg790.33                        -            336 447320at33208        -            233      0.61   10.9   1.4   1   3       7.6     2e+03   -0.7   0.1   148   177    15    45     5    48 0.72 -
evm.utg790.33                        -            336 447320at33208        -            233      0.61   10.9   1.4   2   3      0.48   1.3e+02    3.3   0.0    42    90    61   108    51   111 0.80 -
evm.utg790.33                        -            336 447320at33208        -            233      0.61   10.9   1.4   3   3      0.36        96    3.7   0.0    15    34   108   127   104   136 0.85 -
evm.utg622.116.1.5c22f2e9            -            417 447320at33208        -            233      0.63   10.8   2.2   1   4       4.7   1.3e+03    0.0   0.0     6    36    70   101    66   127 0.67 -
evm.utg622.116.1.5c22f2e9            -            417 447320at33208        -            233      0.63   10.8   2.2   2   4     0.094        25    5.6   0.0   102   128   147   173   130   190 0.80 -
evm.utg622.116.1.5c22f2e9            -            417 447320at33208        -            233      0.63   10.8   2.2   3   4       7.1   1.9e+03   -0.6   0.0     8    32   188   212   183   221 0.81 -
evm.utg622.116.1.5c22f2e9            -            417 447320at33208        -            233      0.63   10.8   2.2   4   4       3.2   8.6e+02    0.6   0.0     6    25   388   407   385   412 0.86 -
evm.utg1629.22.1.5c22eb7d            -            969 447320at33208        -            233      0.81   10.5   3.2   1   2      0.11        30    5.3   0.6   111   196   180   265   153   270 0.64 -
evm.utg1629.22.1.5c22eb7d            -            969 447320at33208        -            233      0.81   10.5   3.2   2   2       1.3   3.4e+02    1.9   0.0   107   126   305   324   284   337 0.88 -
evm.utg378.33                        -            500 447320at33208        -            233         2    9.2   3.0   1   4       4.7   1.2e+03    0.0   0.1   112   129   109   126    93   148 0.72 -
evm.utg378.33                        -            500 447320at33208        -            233         2    9.2   3.0   2   4       7.2   1.9e+03   -0.6   0.0   112   130   200   218   165   234 0.79 -
evm.utg378.33                        -            500 447320at33208        -            233         2    9.2   3.0   3   4       2.9   7.6e+02    0.7   0.0    67   108   230   274   199   280 0.54 -
evm.utg378.33                        -            500 447320at33208        -            233         2    9.2   3.0   4   4      0.17        45    4.8   0.0   112   135   354   377   351   384 0.87 -
#
# Program:         hmmsearch
# Version:         3.1b2 (February 2015)
# Pipeline mode:   SEARCH
# Query file:      /uoa/scratch/users/r02hw22/project_dark_genes/busco_downloads/lineages/metazoa_odb10/hmms/447320at33208.hmm
# Target file:     /uoa/scratch/users/r02hw22/project_dark_genes/00_raw/equina_smart.rnam-trna.merged.ggf.curated.remredun.aa.fa
# Option settings: hmmsearch --domtblout /uoa/scratch/users/r02hw22/project_dark_genes/equina_busco_proteins/run_metazoa_odb10/hmmer_output/initial_run_results/447320at33208.out --cpu 1 /uoa/scratch/users/r02hw22/project_dark_genes/busco_downloads/lineages/metazoa_odb10/hmms/447320at33208.hmm /uoa/scratch/users/r02hw22/project_dark_genes/00_raw/equina_smart.rnam-trna.merged.ggf.curated.remredun.aa.fa 
# Current dir:     /uoa/scratch/users/r02hw22/project_dark_genes
# Date:            Sat Apr 25 14:42:19 2026
# [ok]
