#                                                                                            --- full sequence --- -------------- this domain -------------   hmm coord   ali coord   env coord
# target name                        accession   tlen query name           accession   qlen   E-value  score  bias   #  of  c-Evalue  i-Evalue  score  bias  from    to  from    to  from    to  acc description of target
#                ------------------- ---------- ----- -------------------- ---------- ----- --------- ------ ----- --- --- --------- --------- ------ ----- ----- ----- ----- ----- ----- ----- ---- ---------------------
evm.utg1272.70                       -            437 448514at33208        -            271   1.8e-90  304.6   0.8   1   3   2.3e-56   3.6e-54  185.6   0.1     2   148    78   233    77   239 0.92 -
evm.utg1272.70                       -            437 448514at33208        -            271   1.8e-90  304.6   0.8   2   3   1.8e-06   0.00029   22.0   0.0   146   189   263   316   248   332 0.74 -
evm.utg1272.70                       -            437 448514at33208        -            271   1.8e-90  304.6   0.8   3   3   1.1e-26   1.6e-24   88.3   0.2   189   271   336   436   328   436 0.84 -
evm.utg21625.4                       -           1518 448514at33208        -            271     1e-33  118.6  17.8   1   8     0.052       8.1    7.4   0.0    29    77   896   945   892   949 0.83 -
evm.utg21625.4                       -           1518 448514at33208        -            271     1e-33  118.6  17.8   2   8   2.7e-10   4.3e-08   34.5   0.3     4    98   913  1011   910  1020 0.92 -
evm.utg21625.4                       -           1518 448514at33208        -            271     1e-33  118.6  17.8   3   8       1.1   1.7e+02    3.0   0.0    39    71  1034  1066  1026  1077 0.90 -
evm.utg21625.4                       -           1518 448514at33208        -            271     1e-33  118.6  17.8   4   8       2.2   3.5e+02    2.0   0.1    81    99  1102  1120  1073  1128 0.64 -
evm.utg21625.4                       -           1518 448514at33208        -            271     1e-33  118.6  17.8   5   8   1.3e-06   0.00021   22.4   0.0    42   109  1146  1217  1134  1221 0.76 -
evm.utg21625.4                       -           1518 448514at33208        -            271     1e-33  118.6  17.8   6   8    0.0004     0.062   14.3   0.1    27    73  1215  1262  1207  1301 0.78 -
evm.utg21625.4                       -           1518 448514at33208        -            271     1e-33  118.6  17.8   7   8     0.038       5.9    7.8   0.0    40   101  1321  1385  1313  1391 0.86 -
evm.utg21625.4                       -           1518 448514at33208        -            271     1e-33  118.6  17.8   8   8   2.7e-12   4.2e-10   41.1   0.0    36   110  1400  1475  1386  1504 0.80 -
evm.utg17809.13                      -            456 448514at33208        -            271     5e-32  113.0   5.5   1   4   5.6e-11   8.7e-09   36.8   0.0    24    99    99   178    86   190 0.87 -
evm.utg17809.13                      -            456 448514at33208        -            271     5e-32  113.0   5.5   2   4   9.7e-12   1.5e-09   39.3   0.1     6    89   213   298   208   322 0.88 -
evm.utg17809.13                      -            456 448514at33208        -            271     5e-32  113.0   5.5   3   4   7.7e-06    0.0012   19.9   0.0    44    96   332   388   327   395 0.84 -
evm.utg17809.13                      -            456 448514at33208        -            271     5e-32  113.0   5.5   4   4   0.00013     0.021   15.9   0.1    28    75   400   448   391   450 0.85 -
evm.utg92.13                         -           1666 448514at33208        -            271   3.5e-31  110.2  35.3   1   8    0.0027      0.43   11.6   0.1    66   122   920   979   917  1009 0.74 -
evm.utg92.13                         -           1666 448514at33208        -            271   3.5e-31  110.2  35.3   2   8   4.3e-06   0.00067   20.7   0.0    40    99  1018  1079  1005  1087 0.89 -
evm.utg92.13                         -           1666 448514at33208        -            271   3.5e-31  110.2  35.3   3   8    0.0029      0.46   11.5   0.1    40    76  1101  1136  1081  1141 0.77 -
evm.utg92.13                         -           1666 448514at33208        -            271   3.5e-31  110.2  35.3   4   8   0.00041     0.064   14.3   1.5    44    96  1146  1201  1141  1206 0.82 -
evm.utg92.13                         -           1666 448514at33208        -            271   3.5e-31  110.2  35.3   5   8   0.00064       0.1   13.6   0.8    40   125  1184  1272  1181  1278 0.85 -
evm.utg92.13                         -           1666 448514at33208        -            271   3.5e-31  110.2  35.3   6   8   1.6e-06   0.00025   22.1   0.5    26    97  1302  1374  1280  1389 0.73 -
evm.utg92.13                         -           1666 448514at33208        -            271   3.5e-31  110.2  35.3   7   8     4e-06   0.00063   20.8   1.1    27    98  1384  1459  1377  1463 0.80 -
evm.utg92.13                         -           1666 448514at33208        -            271   3.5e-31  110.2  35.3   8   8   1.1e-05    0.0017   19.4   1.4    20    99  1462  1546  1459  1582 0.85 -
evm.utg435.72                        -           1669 448514at33208        -            271     4e-31  110.0  25.1   1   7   4.9e-07   7.6e-05   23.8   0.3    40   102   739   804   729   806 0.86 -
evm.utg435.72                        -           1669 448514at33208        -            271     4e-31  110.0  25.1   2   7   7.1e-10   1.1e-07   33.2   2.6    42   100   783   844   778   850 0.87 -
evm.utg435.72                        -           1669 448514at33208        -            271     4e-31  110.0  25.1   3   7   5.9e-11   9.3e-09   36.7   0.1    29   128   851   953   847   955 0.86 -
evm.utg435.72                        -           1669 448514at33208        -            271     4e-31  110.0  25.1   4   7     0.052       8.1    7.4   0.0    44   101   951  1011   947  1017 0.74 -
evm.utg435.72                        -           1669 448514at33208        -            271     4e-31  110.0  25.1   5   7   1.6e-05    0.0025   18.9   0.1    29   103  1019  1097  1008  1100 0.86 -
evm.utg435.72                        -           1669 448514at33208        -            271     4e-31  110.0  25.1   6   7   1.1e-05    0.0017   19.4   0.1    32    99  1064  1135  1061  1140 0.83 -
evm.utg435.72                        -           1669 448514at33208        -            271     4e-31  110.0  25.1   7   7    0.0088       1.4    9.9   1.0     5   100  1481  1578  1477  1623 0.76 -
evm.utg6078.33                       -           1331 448514at33208        -            271     1e-30  108.7  39.6   1   8      0.49        77    4.2   0.0    16    60   704   749   701   757 0.85 -
evm.utg6078.33                       -           1331 448514at33208        -            271     1e-30  108.7  39.6   2   8   3.1e-08   4.8e-06   27.8   1.9     8    74   738   805   733   813 0.85 -
evm.utg6078.33                       -           1331 448514at33208        -            271     1e-30  108.7  39.6   3   8   3.4e-05    0.0052   17.8   0.6    29    79   801   852   800   855 0.79 -
evm.utg6078.33                       -           1331 448514at33208        -            271     1e-30  108.7  39.6   4   8     0.031       4.8    8.1   0.0    40    74   855   889   850   896 0.88 -
evm.utg6078.33                       -           1331 448514at33208        -            271     1e-30  108.7  39.6   5   8   2.4e-09   3.8e-07   31.4   0.8     4   100   901  1000   899  1012 0.92 -
evm.utg6078.33                       -           1331 448514at33208        -            271     1e-30  108.7  39.6   6   8       2.2   3.5e+02    2.0   0.0   241   266  1051  1076  1019  1080 0.53 -
evm.utg6078.33                       -           1331 448514at33208        -            271     1e-30  108.7  39.6   7   8   6.3e-10   9.8e-08   33.3   2.7     2   133  1064  1199  1063  1207 0.86 -
evm.utg6078.33                       -           1331 448514at33208        -            271     1e-30  108.7  39.6   8   8    0.0034      0.53   11.2   0.7    16   139  1204  1328  1199  1330 0.79 -
evm.utg3158.36                       -           1666 448514at33208        -            271     2e-30  107.7  31.6   1   8     0.012       1.8    9.5   0.1    66   128   920   984   917  1006 0.75 -
evm.utg3158.36                       -           1666 448514at33208        -            271     2e-30  107.7  31.6   2   8   8.6e-06    0.0013   19.8   0.0    40   100  1018  1080  1007  1086 0.90 -
evm.utg3158.36                       -           1666 448514at33208        -            271     2e-30  107.7  31.6   3   8   0.00018     0.029   15.4   0.1    29    76  1089  1136  1081  1141 0.80 -
evm.utg3158.36                       -           1666 448514at33208        -            271     2e-30  107.7  31.6   4   8   5.7e-05    0.0088   17.1   3.4    43   130  1145  1234  1136  1241 0.83 -
evm.utg3158.36                       -           1666 448514at33208        -            271     2e-30  107.7  31.6   5   8    0.0074       1.1   10.1   0.6    40   122  1184  1269  1183  1280 0.82 -
evm.utg3158.36                       -           1666 448514at33208        -            271     2e-30  107.7  31.6   6   8   4.7e-05    0.0074   17.3   0.1    31    98  1304  1375  1280  1383 0.68 -
evm.utg3158.36                       -           1666 448514at33208        -            271     2e-30  107.7  31.6   7   8   1.3e-06    0.0002   22.5   0.5    28    76  1385  1434  1378  1464 0.76 -
evm.utg3158.36                       -           1666 448514at33208        -            271     2e-30  107.7  31.6   8   8   2.4e-05    0.0037   18.3   1.2    21    99  1463  1546  1458  1581 0.83 -
evm.utg7.52                          -            496 448514at33208        -            271   5.4e-30  106.3  10.9   1   5   4.5e-10     7e-08   33.8   1.2    30   116   196   282   185   285 0.84 -
evm.utg7.52                          -            496 448514at33208        -            271   5.4e-30  106.3  10.9   2   5   2.5e-08   3.9e-06   28.1   0.9    28    99   274   348   269   353 0.82 -
evm.utg7.52                          -            496 448514at33208        -            271   5.4e-30  106.3  10.9   3   5   4.4e-10   6.9e-08   33.8   0.3    23    98   312   387   305   389 0.86 -
evm.utg7.52                          -            496 448514at33208        -            271   5.4e-30  106.3  10.9   4   5   9.8e-12   1.5e-09   39.2   0.0    27    99   356   428   349   434 0.87 -
evm.utg7.52                          -            496 448514at33208        -            271   5.4e-30  106.3  10.9   5   5    0.0072       1.1   10.2   0.0    66   105   443   483   440   490 0.84 -
evm.utg6430.5                        -            514 448514at33208        -            271   8.8e-30  105.6  11.9   1   7     0.027       4.1    8.3   0.0    39    71    30    62    16    73 0.91 -
evm.utg6430.5                        -            514 448514at33208        -            271   8.8e-30  105.6  11.9   2   7      0.64     1e+02    3.8   0.2    40    98    96   115    64   123 0.56 -
evm.utg6430.5                        -            514 448514at33208        -            271   8.8e-30  105.6  11.9   3   7   2.8e-07   4.3e-05   24.7   0.0    42   109   142   213   130   217 0.80 -
evm.utg6430.5                        -            514 448514at33208        -            271   8.8e-30  105.6  11.9   4   7   1.2e-05    0.0019   19.2   0.1    27    73   211   258   203   290 0.76 -
evm.utg6430.5                        -            514 448514at33208        -            271   8.8e-30  105.6  11.9   5   7       1.1   1.8e+02    3.0   0.0    37    67   269   300   258   304 0.83 -
evm.utg6430.5                        -            514 448514at33208        -            271   8.8e-30  105.6  11.9   6   7    0.0073       1.1   10.2   0.0    35   101   310   381   309   385 0.85 -
evm.utg6430.5                        -            514 448514at33208        -            271   8.8e-30  105.6  11.9   7   7   2.9e-12   4.6e-10   41.0   0.0    28   110   387   471   381   509 0.79 -
evm.utg21625.6                       -            513 448514at33208        -            271   2.8e-29  104.0  13.7   1   7      0.31        49    4.8   0.0    39    71    30    62    23    73 0.90 -
evm.utg21625.6                       -            513 448514at33208        -            271   2.8e-29  104.0  13.7   2   7      0.65     1e+02    3.8   0.2    81    99    98   116    66   123 0.64 -
evm.utg21625.6                       -            513 448514at33208        -            271   2.8e-29  104.0  13.7   3   7   3.1e-07   4.9e-05   24.5   0.0    42   109   142   213   130   216 0.76 -
evm.utg21625.6                       -            513 448514at33208        -            271   2.8e-29  104.0  13.7   4   7   9.6e-06    0.0015   19.6   0.1    22    72   207   257   202   290 0.80 -
evm.utg21625.6                       -            513 448514at33208        -            271   2.8e-29  104.0  13.7   5   7       6.9   1.1e+03    0.4   0.0    40    67   273   300   258   304 0.81 -
evm.utg21625.6                       -            513 448514at33208        -            271   2.8e-29  104.0  13.7   6   7    0.0051      0.79   10.7   0.0    35   101   310   381   308   386 0.86 -
evm.utg21625.6                       -            513 448514at33208        -            271   2.8e-29  104.0  13.7   7   7   1.4e-13   2.1e-11   45.3   0.1    28   110   387   471   382   501 0.80 -
evm.utg5417.27                       -           1331 448514at33208        -            271     5e-29  103.1  36.7   1   8      0.11        17    6.3   0.1    16    70   704   759   701   760 0.89 -
evm.utg5417.27                       -           1331 448514at33208        -            271     5e-29  103.1  36.7   2   8   3.6e-08   5.6e-06   27.6   2.2     8    74   738   805   733   813 0.86 -
evm.utg5417.27                       -           1331 448514at33208        -            271     5e-29  103.1  36.7   3   8   0.00085      0.13   13.2   2.3    29    80   801   853   801   868 0.77 -
evm.utg5417.27                       -           1331 448514at33208        -            271     5e-29  103.1  36.7   4   8       1.5   2.4e+02    2.5   0.1    42    72   857   887   854   896 0.74 -
evm.utg5417.27                       -           1331 448514at33208        -            271     5e-29  103.1  36.7   5   8     8e-10   1.3e-07   33.0   0.8     4   100   901  1000   900  1016 0.91 -
evm.utg5417.27                       -           1331 448514at33208        -            271     5e-29  103.1  36.7   6   8      0.44        69    4.3   0.0   238   268  1048  1078  1014  1081 0.62 -
evm.utg5417.27                       -           1331 448514at33208        -            271     5e-29  103.1  36.7   7   8   6.5e-09     1e-06   30.0   2.6     2   133  1064  1199  1063  1207 0.84 -
evm.utg5417.27                       -           1331 448514at33208        -            271     5e-29  103.1  36.7   8   8   0.00067       0.1   13.6   0.9    16   140  1204  1329  1199  1330 0.80 -
evm.utg2757.76                       -            410 448514at33208        -            271   8.2e-29  102.4  18.8   1   5   6.4e-06     0.001   20.2   0.2    29    81   105   158   101   160 0.82 -
evm.utg2757.76                       -            410 448514at33208        -            271   8.2e-29  102.4  18.8   2   5   4.6e-14   7.2e-12   46.9   3.8     1    99   119   221   119   243 0.89 -
evm.utg2757.76                       -            410 448514at33208        -            271   8.2e-29  102.4  18.8   3   5   0.00028     0.044   14.8   1.1    39    79   242   282   226   287 0.86 -
evm.utg2757.76                       -            410 448514at33208        -            271   8.2e-29  102.4  18.8   4   5   1.8e-05    0.0028   18.7   0.0    45    79   311   345   308   347 0.91 -
evm.utg2757.76                       -            410 448514at33208        -            271   8.2e-29  102.4  18.8   5   5   2.9e-07   4.6e-05   24.6   0.4    44    96   352   407   349   409 0.88 -
evm.utg577.102                       -            912 448514at33208        -            271   4.2e-28  100.1  18.6   1   5   1.9e-12   2.9e-10   41.6   0.3    27   100   611   684   601   688 0.85 -
evm.utg577.102                       -            912 448514at33208        -            271   4.2e-28  100.1  18.6   2   5   1.9e-09     3e-07   31.7   2.8    29   100   653   724   653   729 0.89 -
evm.utg577.102                       -            912 448514at33208        -            271   4.2e-28  100.1  18.6   3   5   5.6e-09   8.8e-07   30.2   0.9    27    98   691   762   685   764 0.89 -
evm.utg577.102                       -            912 448514at33208        -            271   4.2e-28  100.1  18.6   4   5   6.4e-07    0.0001   23.5   0.1    23    99   727   803   723   810 0.88 -
evm.utg577.102                       -            912 448514at33208        -            271   4.2e-28  100.1  18.6   5   5   0.00017     0.026   15.6   0.0    25   104   809   890   803   898 0.83 -
evm.utg101.178                       -            403 448514at33208        -            271   3.5e-27   97.1  17.2   1   5   5.9e-06   0.00093   20.3   0.2    29    81   105   158   100   160 0.83 -
evm.utg101.178                       -            403 448514at33208        -            271   3.5e-27   97.1  17.2   2   5   3.7e-14   5.7e-12   47.2   3.5     1    99   119   221   119   243 0.89 -
evm.utg101.178                       -            403 448514at33208        -            271   3.5e-27   97.1  17.2   3   5   0.00029     0.045   14.7   1.1    39    79   242   282   226   285 0.86 -
evm.utg101.178                       -            403 448514at33208        -            271   3.5e-27   97.1  17.2   4   5   1.8e-05    0.0028   18.7   0.0    45    79   311   345   308   347 0.91 -
evm.utg101.178                       -            403 448514at33208        -            271   3.5e-27   97.1  17.2   5   5   3.7e-05    0.0057   17.7   0.2    44    77   352   385   349   395 0.87 -
evm.utg1221.16                       -            416 448514at33208        -            271   1.8e-25   91.5   6.6   1   5   2.6e-07   4.1e-05   24.7   0.1    26    97    88   164    78   171 0.84 -
evm.utg1221.16                       -            416 448514at33208        -            271   1.8e-25   91.5   6.6   2   5   2.4e-11   3.8e-09   38.0   0.3    10    99   157   250   150   258 0.89 -
evm.utg1221.16                       -            416 448514at33208        -            271   1.8e-25   91.5   6.6   3   5   7.5e-05     0.012   16.7   0.2    29    91   260   326   249   336 0.78 -
evm.utg1221.16                       -            416 448514at33208        -            271   1.8e-25   91.5   6.6   4   5       7.6   1.2e+03    0.3   0.0    42    78   316   352   305   355 0.84 -
evm.utg1221.16                       -            416 448514at33208        -            271   1.8e-25   91.5   6.6   5   5   0.00019     0.029   15.4   0.0     3    56   360   414   358   415 0.93 -
evm.utg4155.23                       -            416 448514at33208        -            271   4.2e-25   90.3   6.2   1   6   2.7e-07   4.2e-05   24.7   0.0    25    97    87   164    74   168 0.84 -
evm.utg4155.23                       -            416 448514at33208        -            271   4.2e-25   90.3   6.2   2   6   7.9e-11   1.2e-08   36.3   0.3    10    99   157   250   156   260 0.89 -
evm.utg4155.23                       -            416 448514at33208        -            271   4.2e-25   90.3   6.2   3   6   2.7e-07   4.2e-05   24.7   0.4    44    97   234   290   228   294 0.89 -
evm.utg4155.23                       -            416 448514at33208        -            271   4.2e-25   90.3   6.2   4   6   4.7e-05    0.0074   17.3   0.2    29    91   260   326   250   340 0.78 -
evm.utg4155.23                       -            416 448514at33208        -            271   4.2e-25   90.3   6.2   5   6       2.2   3.5e+02    2.0   0.0    29    78   302   352   298   355 0.79 -
evm.utg4155.23                       -            416 448514at33208        -            271   4.2e-25   90.3   6.2   6   6   0.00034     0.053   14.5   0.0     3    56   360   414   358   415 0.93 -
evm.utg6459.21                       -            392 448514at33208        -            271   4.3e-25   90.3  19.7   1   3   1.2e-09   1.9e-07   32.4   2.6    22   127    32   140    18   150 0.77 -
evm.utg6459.21                       -            392 448514at33208        -            271   4.3e-25   90.3  19.7   2   3   1.4e-07   2.2e-05   25.6   2.3    11    98   147   243   136   251 0.80 -
evm.utg6459.21                       -            392 448514at33208        -            271   4.3e-25   90.3  19.7   3   3   1.9e-12     3e-10   41.6   1.2    24   118   254   351   247   362 0.79 -
evm.utg9141.14                       -            390 448514at33208        -            271   8.8e-25   89.2  19.6   1   3   2.7e-09   4.2e-07   31.2   2.8    22    98    30   110    16   141 0.78 -
evm.utg9141.14                       -            390 448514at33208        -            271   8.8e-25   89.2  19.6   2   3   2.2e-07   3.4e-05   25.0   1.8    11    98   145   241   136   249 0.80 -
evm.utg9141.14                       -            390 448514at33208        -            271   8.8e-25   89.2  19.6   3   3   1.8e-12   2.8e-10   41.7   1.1    24   118   252   349   245   360 0.79 -
evm.utg1221.16.1.5c22e95a            -            415 448514at33208        -            271   2.3e-23   84.6   5.3   1   4   2.5e-07   3.9e-05   24.8   0.1    26    97    88   164    78   173 0.84 -
evm.utg1221.16.1.5c22e95a            -            415 448514at33208        -            271   2.3e-23   84.6   5.3   2   4   3.7e-11   5.7e-09   37.4   0.4    10    99   157   250   156   260 0.89 -
evm.utg1221.16.1.5c22e95a            -            415 448514at33208        -            271   2.3e-23   84.6   5.3   3   4   0.00015     0.023   15.7   0.1    29    80   260   312   251   326 0.80 -
evm.utg1221.16.1.5c22e95a            -            415 448514at33208        -            271   2.3e-23   84.6   5.3   4   4     0.017       2.6    9.0   0.0    11    73   326   389   316   407 0.70 -
evm.utg72.22                         -            454 448514at33208        -            271   3.9e-23   83.8  11.3   1   5     3e-09   4.8e-07   31.1   0.0    24   100    99   179    84   191 0.86 -
evm.utg72.22                         -            454 448514at33208        -            271   3.9e-23   83.8  11.3   2   5    0.0021      0.32   12.0   0.8     3    75   162   241   162   241 0.77 -
evm.utg72.22                         -            454 448514at33208        -            271   3.9e-23   83.8  11.3   3   5    0.0069       1.1   10.2   0.1    47    89   234   278   225   299 0.83 -
evm.utg72.22                         -            454 448514at33208        -            271   3.9e-23   83.8  11.3   4   5   8.3e-06    0.0013   19.8   0.0    44    96   312   368   308   373 0.83 -
evm.utg72.22                         -            454 448514at33208        -            271   3.9e-23   83.8  11.3   5   5   8.9e-06    0.0014   19.7   0.1    28    87   380   442   371   452 0.77 -
evm.utg2757.69                       -            710 448514at33208        -            271     6e-23   83.2  18.4   1   5      0.24        38    5.2   0.1    29    58   431   461   426   464 0.72 -
evm.utg2757.69                       -            710 448514at33208        -            271     6e-23   83.2  18.4   2   5   7.7e-10   1.2e-07   33.0   0.2    45   100   464   522   461   545 0.83 -
evm.utg2757.69                       -            710 448514at33208        -            271     6e-23   83.2  18.4   3   5   0.00048     0.075   14.0   1.0    39    79   542   582   520   587 0.86 -
evm.utg2757.69                       -            710 448514at33208        -            271     6e-23   83.2  18.4   4   5   3.5e-05    0.0055   17.7   0.0    45    79   611   645   608   647 0.91 -
evm.utg2757.69                       -            710 448514at33208        -            271     6e-23   83.2  18.4   5   5   6.1e-07   9.5e-05   23.5   0.4    44    96   652   707   649   709 0.88 -
evm.utg1221.16.2.5c22e95a            -            399 448514at33208        -            271   6.6e-23   83.1   3.9   1   5   2.5e-07   3.8e-05   24.8   0.0    25    97    87   164    75   169 0.84 -
evm.utg1221.16.2.5c22e95a            -            399 448514at33208        -            271   6.6e-23   83.1   3.9   2   5   2.3e-11   3.5e-09   38.1   0.4    10    99   157   250   149   258 0.89 -
evm.utg1221.16.2.5c22e95a            -            399 448514at33208        -            271   6.6e-23   83.1   3.9   3   5   2.3e-07   3.5e-05   24.9   0.2    44    98   234   291   230   297 0.89 -
evm.utg1221.16.2.5c22e95a            -            399 448514at33208        -            271   6.6e-23   83.1   3.9   4   5   0.00028     0.043   14.8   0.1    29    79   260   311   251   315 0.84 -
evm.utg1221.16.2.5c22e95a            -            399 448514at33208        -            271   6.6e-23   83.1   3.9   5   5     0.024       3.8    8.5   0.0    29    96   302   373   300   385 0.83 -
evm.utg4972.23                       -            640 448514at33208        -            271     8e-23   82.8  16.6   1   3   3.5e-10   5.4e-08   34.2   0.6    27    97   344   416   335   424 0.84 -
evm.utg4972.23                       -            640 448514at33208        -            271     8e-23   82.8  16.6   2   3   7.4e-11   1.2e-08   36.4   2.6    28   127   433   532   423   546 0.85 -
evm.utg4972.23                       -            640 448514at33208        -            271     8e-23   82.8  16.6   3   3   1.1e-05    0.0017   19.4   0.5    29    97   561   629   556   634 0.83 -
evm.utg6220.15                       -            692 448514at33208        -            271   1.7e-22   81.7  10.8   1   6   3.8e-07   5.9e-05   24.2   0.2    12    98    51   141    41   146 0.81 -
evm.utg6220.15                       -            692 448514at33208        -            271   1.7e-22   81.7  10.8   2   6   6.5e-07    0.0001   23.4   0.5    28   101   151   228   147   243 0.84 -
evm.utg6220.15                       -            692 448514at33208        -            271   1.7e-22   81.7  10.8   3   6    0.0092       1.4    9.8   0.1   205   268   420   484   385   487 0.87 -
evm.utg6220.15                       -            692 448514at33208        -            271   1.7e-22   81.7  10.8   4   6     0.022       3.5    8.6   0.0    12    59   480   528   479   536 0.89 -
evm.utg6220.15                       -            692 448514at33208        -            271   1.7e-22   81.7  10.8   5   6     0.011       1.7    9.6   0.1    30    97   553   624   544   634 0.80 -
evm.utg6220.15                       -            692 448514at33208        -            271   1.7e-22   81.7  10.8   6   6    0.0061      0.96   10.4   0.1    27    68   634   676   626   681 0.86 -
evm.utg6220.15.1.5c22f2e5            -            692 448514at33208        -            271   1.7e-22   81.7  10.8   1   6   3.8e-07   5.9e-05   24.2   0.2    12    98    51   141    41   146 0.81 -
evm.utg6220.15.1.5c22f2e5            -            692 448514at33208        -            271   1.7e-22   81.7  10.8   2   6   6.5e-07    0.0001   23.4   0.5    28   101   151   228   147   243 0.84 -
evm.utg6220.15.1.5c22f2e5            -            692 448514at33208        -            271   1.7e-22   81.7  10.8   3   6    0.0092       1.4    9.8   0.1   205   268   420   484   385   487 0.87 -
evm.utg6220.15.1.5c22f2e5            -            692 448514at33208        -            271   1.7e-22   81.7  10.8   4   6     0.022       3.5    8.6   0.0    12    59   480   528   479   536 0.89 -
evm.utg6220.15.1.5c22f2e5            -            692 448514at33208        -            271   1.7e-22   81.7  10.8   5   6     0.011       1.7    9.6   0.1    30    97   553   624   544   634 0.80 -
evm.utg6220.15.1.5c22f2e5            -            692 448514at33208        -            271   1.7e-22   81.7  10.8   6   6    0.0061      0.96   10.4   0.1    27    68   634   676   626   681 0.86 -
evm.utg788.96                        -            437 448514at33208        -            271   2.9e-22   81.0   8.7   1   4    0.0062      0.97   10.4   0.0   237   269    32    64     3    66 0.70 -
evm.utg788.96                        -            437 448514at33208        -            271   2.9e-22   81.0   8.7   2   4   2.7e-11   4.3e-09   37.8   3.3     2    97    49   148    48   152 0.87 -
evm.utg788.96                        -            437 448514at33208        -            271   2.9e-22   81.0   8.7   3   4   1.5e-05    0.0023   19.0   0.3    34    98   123   191   122   194 0.82 -
evm.utg788.96                        -            437 448514at33208        -            271   2.9e-22   81.0   8.7   4   4   3.1e-10   4.9e-08   34.3   0.1     5   111   178   288   174   296 0.86 -
evm.utg18125.5                       -            949 448514at33208        -            271   1.6e-21   78.5  28.8   1   6   0.00037     0.058   14.4   0.1    20    79   307   367   287   370 0.80 -
evm.utg18125.5                       -            949 448514at33208        -            271   1.6e-21   78.5  28.8   2   6     3e-07   4.6e-05   24.6   0.6    44   104   376   439   360   444 0.86 -
evm.utg18125.5                       -            949 448514at33208        -            271   1.6e-21   78.5  28.8   3   6     0.006      0.93   10.4   0.4    80   157   523   603   513   608 0.80 -
evm.utg18125.5                       -            949 448514at33208        -            271   1.6e-21   78.5  28.8   4   6     0.086        13    6.6   1.1    41    99   607   672   590   681 0.70 -
evm.utg18125.5                       -            949 448514at33208        -            271   1.6e-21   78.5  28.8   5   6   9.2e-05     0.014   16.4   0.1    20    80   682   743   676   750 0.87 -
evm.utg18125.5                       -            949 448514at33208        -            271   1.6e-21   78.5  28.8   6   6   5.3e-08   8.2e-06   27.0   1.2    29   145   733   853   730   871 0.76 -
evm.utg389.12.1.5c22f032             -            817 448514at33208        -            271   4.1e-21   77.2  30.3   1   6    0.0012      0.18   12.8   0.1    40    79    20    59     3    63 0.78 -
evm.utg389.12.1.5c22f032             -            817 448514at33208        -            271   4.1e-21   77.2  30.3   2   6   2.5e-07   3.9e-05   24.8   0.7    45   104    69   131    63   135 0.89 -
evm.utg389.12.1.5c22f032             -            817 448514at33208        -            271   4.1e-21   77.2  30.3   3   6    0.0044      0.69   10.9   0.6    78   157   213   295   194   300 0.80 -
evm.utg389.12.1.5c22f032             -            817 448514at33208        -            271   4.1e-21   77.2  30.3   4   6      0.13        21    6.0   1.0    43    99   301   364   288   370 0.75 -
evm.utg389.12.1.5c22f032             -            817 448514at33208        -            271   4.1e-21   77.2  30.3   5   6   5.4e-05    0.0084   17.2   0.1    21    80   375   435   368   437 0.87 -
evm.utg389.12.1.5c22f032             -            817 448514at33208        -            271   4.1e-21   77.2  30.3   6   6     1e-07   1.6e-05   26.1   2.2    29   148   425   548   423   598 0.78 -
evm.utg1337.6                        -            914 448514at33208        -            271   4.6e-21   77.0  19.7   1   3   1.6e-09   2.5e-07   32.0   0.5    27    97   618   690   609   697 0.84 -
evm.utg1337.6                        -            914 448514at33208        -            271   4.6e-21   77.0  19.7   2   3   4.3e-11   6.6e-09   37.2   1.5    28   127   707   806   697   814 0.85 -
evm.utg1337.6                        -            914 448514at33208        -            271   4.6e-21   77.0  19.7   3   3   1.6e-05    0.0025   18.9   0.6    29    97   835   903   820   908 0.84 -
evm.utg389.12                        -            914 448514at33208        -            271   4.7e-21   77.0  31.6   1   6   0.00026      0.04   14.9   0.1    20    79    96   156    76   159 0.80 -
evm.utg389.12                        -            914 448514at33208        -            271   4.7e-21   77.0  31.6   2   6   2.5e-07   3.9e-05   24.8   0.9    44   104   165   228   150   233 0.87 -
evm.utg389.12                        -            914 448514at33208        -            271   4.7e-21   77.0  31.6   3   6    0.0048      0.75   10.7   0.6    78   157   310   392   284   397 0.80 -
evm.utg389.12                        -            914 448514at33208        -            271   4.7e-21   77.0  31.6   4   6     0.077        12    6.8   2.6     6    97   361   459   356   471 0.53 -
evm.utg389.12                        -            914 448514at33208        -            271   4.7e-21   77.0  31.6   5   6   6.3e-05    0.0098   16.9   0.1    21    80   472   532   466   534 0.87 -
evm.utg389.12                        -            914 448514at33208        -            271   4.7e-21   77.0  31.6   6   6   1.1e-07   1.7e-05   26.0   2.1    29   148   522   645   519   696 0.78 -
evm.utg73.142                        -            520 448514at33208        -            271   1.5e-20   75.4   0.5   1   6       2.5     4e+02    1.8   0.0   227   265   218   256   215   262 0.86 -
evm.utg73.142                        -            520 448514at33208        -            271   1.5e-20   75.4   0.5   2   6       1.1   1.7e+02    3.0   0.0    40    80   242   282   231   292 0.87 -
evm.utg73.142                        -            520 448514at33208        -            271   1.5e-20   75.4   0.5   3   6   4.2e-06   0.00066   20.8   0.0    43   102   295   357   272   361 0.91 -
evm.utg73.142                        -            520 448514at33208        -            271   1.5e-20   75.4   0.5   4   6   0.00043     0.068   14.2   0.0    26    80   361   416   358   418 0.90 -
evm.utg73.142                        -            520 448514at33208        -            271   1.5e-20   75.4   0.5   5   6   6.1e-09   9.5e-07   30.1   0.3    43   121   421   500   417   509 0.80 -
evm.utg73.142                        -            520 448514at33208        -            271   1.5e-20   75.4   0.5   6   6       3.8     6e+02    1.2   0.0    28    57   487   517   480   519 0.82 -
evm.utg6220.15.2.5c22f2e5            -            663 448514at33208        -            271     2e-20   74.9   7.8   1   5   3.6e-07   5.6e-05   24.3   0.2    12    98    51   141    41   146 0.81 -
evm.utg6220.15.2.5c22f2e5            -            663 448514at33208        -            271     2e-20   74.9   7.8   2   5   6.1e-07   9.5e-05   23.5   0.5    28   101   151   228   147   243 0.84 -
evm.utg6220.15.2.5c22f2e5            -            663 448514at33208        -            271     2e-20   74.9   7.8   3   5    0.0073       1.1   10.2   0.1   203   268   418   484   364   487 0.86 -
evm.utg6220.15.2.5c22f2e5            -            663 448514at33208        -            271     2e-20   74.9   7.8   4   5     0.021       3.2    8.7   0.0    12    59   480   528   479   538 0.90 -
evm.utg6220.15.2.5c22f2e5            -            663 448514at33208        -            271     2e-20   74.9   7.8   5   5    0.0029      0.45   11.5   0.1    30   114   553   641   539   656 0.75 -
evm.utg3174.3                        -            435 448514at33208        -            271   6.2e-20   73.3   7.9   1   4   1.7e-07   2.6e-05   25.4   0.1    40    99   166   228   144   232 0.82 -
evm.utg3174.3                        -            435 448514at33208        -            271   6.2e-20   73.3   7.9   2   4   1.5e-09   2.3e-07   32.1   0.4    43    97   253   310   234   317 0.88 -
evm.utg3174.3                        -            435 448514at33208        -            271   6.2e-20   73.3   7.9   3   4       0.2        31    5.5   0.1    28    61   321   355   314   362 0.88 -
evm.utg3174.3                        -            435 448514at33208        -            271   6.2e-20   73.3   7.9   4   4   0.00055     0.087   13.8   0.0    12    95   347   433   338   434 0.78 -
evm.utg73.142.1.5c22f3bd             -            561 448514at33208        -            271   6.7e-20   73.2   0.1   1   5       2.7   4.2e+02    1.8   0.0   227   265   218   256   215   263 0.86 -
evm.utg73.142.1.5c22f3bd             -            561 448514at33208        -            271   6.7e-20   73.2   0.1   2   5       1.3     2e+02    2.8   0.0    40    80   242   282   232   292 0.87 -
evm.utg73.142.1.5c22f3bd             -            561 448514at33208        -            271   6.7e-20   73.2   0.1   3   5   4.7e-06   0.00074   20.6   0.0    43   102   295   357   272   361 0.91 -
evm.utg73.142.1.5c22f3bd             -            561 448514at33208        -            271   6.7e-20   73.2   0.1   4   5   0.00046     0.072   14.1   0.0    26    80   361   416   358   420 0.91 -
evm.utg73.142.1.5c22f3bd             -            561 448514at33208        -            271   6.7e-20   73.2   0.1   5   5   6.5e-09     1e-06   30.0   0.1    43   101   421   480   418   542 0.79 -
evm.utg2216.8                        -            504 448514at33208        -            271   8.9e-20   72.8   3.0   1   3   0.00044     0.069   14.2   0.1    26    59     8    42     1    47 0.83 -
evm.utg2216.8                        -            504 448514at33208        -            271   8.9e-20   72.8   3.0   2   3     6e-10   9.4e-08   33.4   0.0    28   137    54   167    48   177 0.83 -
evm.utg2216.8                        -            504 448514at33208        -            271   8.9e-20   72.8   3.0   3   3     4e-06   0.00062   20.9   0.0     2    59   264   322   263   329 0.87 -
evm.utg413.38                        -            593 448514at33208        -            271   9.9e-20   72.7   6.9   1   4   2.6e-07     4e-05   24.8   0.1    40    99   324   386   300   390 0.82 -
evm.utg413.38                        -            593 448514at33208        -            271   9.9e-20   72.7   6.9   2   4   1.2e-09   1.9e-07   32.4   0.4    43    97   411   468   391   475 0.88 -
evm.utg413.38                        -            593 448514at33208        -            271   9.9e-20   72.7   6.9   3   4       0.3        48    4.8   0.1    28    61   479   513   472   518 0.88 -
evm.utg413.38                        -            593 448514at33208        -            271   9.9e-20   72.7   6.9   4   4    0.0011      0.17   12.9   0.0    12    95   505   591   496   592 0.78 -
evm.utg616.9                         -            671 448514at33208        -            271   1.4e-19   72.2  14.4   1   5   1.3e-05     0.002   19.2   0.5    25    97   339   412   333   414 0.84 -
evm.utg616.9                         -            671 448514at33208        -            271   1.4e-19   72.2  14.4   2   5   4.3e-05    0.0068   17.5   0.3    42    99   396   454   390   459 0.89 -
evm.utg616.9                         -            671 448514at33208        -            271   1.4e-19   72.2  14.4   3   5   2.6e-07   4.1e-05   24.7   0.1    29    97   464   532   456   547 0.86 -
evm.utg616.9                         -            671 448514at33208        -            271   1.4e-19   72.2  14.4   4   5   1.1e-06   0.00017   22.7   0.9    12    99   487   574   487   580 0.92 -
evm.utg616.9                         -            671 448514at33208        -            271   1.4e-19   72.2  14.4   5   5   6.8e-06    0.0011   20.1   1.4     3    59   558   616   556   628 0.72 -
evm.utg1056.106                      -            351 448514at33208        -            271   2.9e-19   71.2   6.8   1   5     0.011       1.8    9.5   0.0    21    78    52   110    43   113 0.84 -
evm.utg1056.106                      -            351 448514at33208        -            271   2.9e-19   71.2   6.8   2   5   2.7e-12   4.3e-10   41.1   0.6    40    98   114   175   108   178 0.91 -
evm.utg1056.106                      -            351 448514at33208        -            271   2.9e-19   71.2   6.8   3   5   3.5e-07   5.4e-05   24.3   0.0    41    99   157   218   150   226 0.89 -
evm.utg1056.106                      -            351 448514at33208        -            271   2.9e-19   71.2   6.8   4   5      0.01       1.6    9.7   0.1    31   101   231   308   219   315 0.70 -
evm.utg1056.106                      -            351 448514at33208        -            271   2.9e-19   71.2   6.8   5   5       1.3     2e+02    2.8   0.0   239   261   316   338   310   347 0.88 -
evm.utg1056.106.1.5c22e841           -            351 448514at33208        -            271   2.9e-19   71.2   6.8   1   5     0.011       1.8    9.5   0.0    21    78    52   110    43   113 0.84 -
evm.utg1056.106.1.5c22e841           -            351 448514at33208        -            271   2.9e-19   71.2   6.8   2   5   2.7e-12   4.3e-10   41.1   0.6    40    98   114   175   108   178 0.91 -
evm.utg1056.106.1.5c22e841           -            351 448514at33208        -            271   2.9e-19   71.2   6.8   3   5   3.5e-07   5.4e-05   24.3   0.0    41    99   157   218   150   226 0.89 -
evm.utg1056.106.1.5c22e841           -            351 448514at33208        -            271   2.9e-19   71.2   6.8   4   5      0.01       1.6    9.7   0.1    31   101   231   308   219   315 0.70 -
evm.utg1056.106.1.5c22e841           -            351 448514at33208        -            271   2.9e-19   71.2   6.8   5   5       1.3     2e+02    2.8   0.0   239   261   316   338   310   347 0.88 -
evm.utg1694.17                       -            301 448514at33208        -            271   8.3e-19   69.6   5.9   1   3   9.1e-05     0.014   16.4   0.0    66   102   107   144    96   151 0.83 -
evm.utg1694.17                       -            301 448514at33208        -            271   8.3e-19   69.6   5.9   2   3   1.9e-09     3e-07   31.7   0.1    26   101   149   224   144   242 0.87 -
evm.utg1694.17                       -            301 448514at33208        -            271   8.3e-19   69.6   5.9   3   3   5.2e-07   8.2e-05   23.8   1.1    29    96   232   299   226   300 0.81 -
evm.utg12655.28                      -            300 448514at33208        -            271   1.3e-18   69.0   9.1   1   5       2.4   3.7e+02    1.9   0.1    82   100    21    39    18    61 0.71 -
evm.utg12655.28                      -            300 448514at33208        -            271   1.3e-18   69.0   9.1   2   5    0.0001     0.016   16.2   0.1    28    75    48    96    41    99 0.85 -
evm.utg12655.28                      -            300 448514at33208        -            271   1.3e-18   69.0   9.1   3   5    0.0046      0.72   10.8   0.2    44    60   108   124   104   132 0.87 -
evm.utg12655.28                      -            300 448514at33208        -            271   1.3e-18   69.0   9.1   4   5     3e-07   4.7e-05   24.5   0.2    32   102   136   210   126   224 0.80 -
evm.utg12655.28                      -            300 448514at33208        -            271   1.3e-18   69.0   9.1   5   5   3.2e-05     0.005   17.9   0.0    40    94   237   294   219   298 0.85 -
evm.utg4972.23.1.5c22f18a            -            555 448514at33208        -            271   1.6e-18   68.7   9.7   1   2     3e-10   4.7e-08   34.4   0.6    27    97   344   416   335   422 0.84 -
evm.utg4972.23.1.5c22f18a            -            555 448514at33208        -            271   1.6e-18   68.7   9.7   2   2   4.1e-11   6.4e-09   37.2   2.0    28   127   433   532   422   540 0.85 -
evm.utg2159.31.4.5c22ed19.1.5c2791f0 -           1007 448514at33208        -            271     2e-18   68.4  16.8   1   6   8.1e-08   1.3e-05   26.4   0.4    30    99   419   488   408   494 0.83 -
evm.utg2159.31.4.5c22ed19.1.5c2791f0 -           1007 448514at33208        -            271     2e-18   68.4  16.8   2   6   2.9e-10   4.6e-08   34.4   0.4     9   101   437   530   431   532 0.91 -
evm.utg2159.31.4.5c22ed19.1.5c2791f0 -           1007 448514at33208        -            271     2e-18   68.4  16.8   3   6   6.8e-06    0.0011   20.1   0.2    43    99   511   570   497   572 0.85 -
evm.utg2159.31.4.5c22ed19.1.5c2791f0 -           1007 448514at33208        -            271     2e-18   68.4  16.8   4   6     0.021       3.3    8.6   0.2    29    98   538   611   537   630 0.80 -
evm.utg2159.31.4.5c22ed19.1.5c2791f0 -           1007 448514at33208        -            271     2e-18   68.4  16.8   5   6      0.58        91    3.9   0.1    51    99   603   661   576   667 0.72 -
evm.utg2159.31.4.5c22ed19.1.5c2791f0 -           1007 448514at33208        -            271     2e-18   68.4  16.8   6   6   4.2e-07   6.6e-05   24.1   0.4    44   103   645   705   640   745 0.77 -
evm.utg26219.6                       -            683 448514at33208        -            271   2.8e-18   67.9   1.2   1   4   0.00039     0.061   14.3   0.0    28    99    16    92     7    94 0.84 -
evm.utg26219.6                       -            683 448514at33208        -            271   2.8e-18   67.9   1.2   2   4   6.8e-07   0.00011   23.4   0.0     2    97    33   132    32   133 0.85 -
evm.utg26219.6                       -            683 448514at33208        -            271   2.8e-18   67.9   1.2   3   4   6.5e-10     1e-07   33.3   0.3     3    98    76   175    74   182 0.89 -
evm.utg26219.6                       -            683 448514at33208        -            271   2.8e-18   67.9   1.2   4   4   4.4e-05    0.0069   17.4   0.0    27    64   184   222   175   265 0.74 -
evm.utg10470.3                       -            667 448514at33208        -            271   3.3e-18   67.7   2.5   1   3   1.8e-07   2.8e-05   25.3   0.4    29   100   413   488   391   494 0.84 -
evm.utg10470.3                       -            667 448514at33208        -            271   3.3e-18   67.7   2.5   2   3     2e-10     3e-08   35.0   0.0    27    99   495   571   487   578 0.86 -
evm.utg10470.3                       -            667 448514at33208        -            271   3.3e-18   67.7   2.5   3   3      0.64     1e+02    3.8   0.0    27    59   579   612   569   619 0.50 -
evm.utg777.49                        -            667 448514at33208        -            271   4.4e-18   67.3   2.0   1   3   1.8e-07   2.8e-05   25.3   0.3    29   100   413   488   396   495 0.85 -
evm.utg777.49                        -            667 448514at33208        -            271   4.4e-18   67.3   2.0   2   3   4.6e-10   7.1e-08   33.8   0.0    28    99   496   571   488   578 0.86 -
evm.utg777.49                        -            667 448514at33208        -            271   4.4e-18   67.3   2.0   3   3      0.33        52    4.7   0.0    66    98   577   612   571   621 0.53 -
evm.utg27.20                         -           1146 448514at33208        -            271   5.1e-18   67.0   9.1   1   3   2.4e-05    0.0037   18.3   0.0     5    76    26    98    23   104 0.88 -
evm.utg27.20                         -           1146 448514at33208        -            271   5.1e-18   67.0   9.1   2   3   4.8e-09   7.5e-07   30.4   0.8    44   103   108   170    97   173 0.87 -
evm.utg27.20                         -           1146 448514at33208        -            271   5.1e-18   67.0   9.1   3   3   2.1e-06   0.00032   21.8   0.3    14   101   191   284   187   293 0.84 -
evm.utg3260.7                        -            375 448514at33208        -            271     6e-18   66.8   8.9   1   5     0.002      0.32   12.0   0.0    27    74    27    75    19    80 0.82 -
evm.utg3260.7                        -            375 448514at33208        -            271     6e-18   66.8   8.9   2   5   2.4e-05    0.0037   18.3   0.1    40    99    82   141    74   153 0.85 -
evm.utg3260.7                        -            375 448514at33208        -            271     6e-18   66.8   8.9   3   5    0.0031      0.48   11.4   0.1    43    97   179   236   166   245 0.87 -
evm.utg3260.7                        -            375 448514at33208        -            271     6e-18   66.8   8.9   4   5     0.003      0.47   11.4   0.1    26    92   245   311   237   318 0.82 -
evm.utg3260.7                        -            375 448514at33208        -            271     6e-18   66.8   8.9   5   5   4.4e-06   0.00069   20.7   0.2    27   112   286   371   281   374 0.87 -
evm.utg2323.5                        -            681 448514at33208        -            271   6.6e-18   66.7   0.9   1   4    0.0013       0.2   12.6   0.0    28    97    16    90     6    90 0.82 -
evm.utg2323.5                        -            681 448514at33208        -            271   6.6e-18   66.7   0.9   2   4   2.7e-07   4.2e-05   24.7   0.0     2    98    33   133    32   134 0.85 -
evm.utg2323.5                        -            681 448514at33208        -            271   6.6e-18   66.7   0.9   3   4   1.4e-09   2.2e-07   32.2   0.2     3    98    76   175    74   179 0.89 -
evm.utg2323.5                        -            681 448514at33208        -            271   6.6e-18   66.7   0.9   4   4   4.4e-05    0.0069   17.4   0.0    27    64   184   222   175   265 0.74 -
evm.utg2967.37.2.5c22ee73            -            682 448514at33208        -            271   1.1e-17   66.0   0.8   1   4   0.00055     0.085   13.9   0.0    28    98    15    90     9    92 0.84 -
evm.utg2967.37.2.5c22ee73            -            682 448514at33208        -            271   1.1e-17   66.0   0.8   2   4   1.1e-06   0.00017   22.7   0.0     2    97    32   131    31   131 0.85 -
evm.utg2967.37.2.5c22ee73            -            682 448514at33208        -            271   1.1e-17   66.0   0.8   3   4   8.6e-10   1.3e-07   32.9   0.2     4    98    76   174    74   178 0.89 -
evm.utg2967.37.2.5c22ee73            -            682 448514at33208        -            271   1.1e-17   66.0   0.8   4   4   7.5e-05     0.012   16.7   0.0    27    61   183   218   174   257 0.86 -
evm.utg801.96                        -            430 448514at33208        -            271   1.2e-17   65.8   5.5   1   4    0.0019       0.3   12.1   0.1    25   107   122   220   103   225 0.54 -
evm.utg801.96                        -            430 448514at33208        -            271   1.2e-17   65.8   5.5   2   4    0.0055      0.86   10.6   0.7    45    67   197   220   191   238 0.65 -
evm.utg801.96                        -            430 448514at33208        -            271   1.2e-17   65.8   5.5   3   4     0.011       1.6    9.6   0.2    28    62   228   264   221   267 0.78 -
evm.utg801.96                        -            430 448514at33208        -            271   1.2e-17   65.8   5.5   4   4   1.8e-13   2.8e-11   45.0   0.2    19   104   265   357   262   360 0.85 -
evm.utg21228.28                      -            351 448514at33208        -            271   1.3e-17   65.7   9.0   1   5       3.5   5.4e+02    1.4   0.0    82   100    72    90    69   103 0.81 -
evm.utg21228.28                      -            351 448514at33208        -            271   1.3e-17   65.7   9.0   2   5   0.00058      0.09   13.8   0.1    28    75    99   147    92   149 0.84 -
evm.utg21228.28                      -            351 448514at33208        -            271   1.3e-17   65.7   9.0   3   5    0.0056      0.88   10.5   0.2    44    60   159   175   155   183 0.87 -
evm.utg21228.28                      -            351 448514at33208        -            271   1.3e-17   65.7   9.0   4   5     4e-07   6.2e-05   24.1   0.2    32   102   187   261   177   275 0.80 -
evm.utg21228.28                      -            351 448514at33208        -            271   1.3e-17   65.7   9.0   5   5   4.1e-05    0.0064   17.5   0.0    40    94   288   345   270   349 0.85 -
evm.utg2159.31.3.5c22ed19            -           1403 448514at33208        -            271   1.4e-17   65.6  16.1   1   5   1.1e-07   1.8e-05   25.9   0.3    30    99   419   488   408   496 0.83 -
evm.utg2159.31.3.5c22ed19            -           1403 448514at33208        -            271   1.4e-17   65.6  16.1   2   5   4.3e-10   6.7e-08   33.9   0.4     9   101   437   530   431   532 0.91 -
evm.utg2159.31.3.5c22ed19            -           1403 448514at33208        -            271   1.4e-17   65.6  16.1   3   5   9.2e-06    0.0014   19.7   0.2    43    99   511   570   492   572 0.85 -
evm.utg2159.31.3.5c22ed19            -           1403 448514at33208        -            271   1.4e-17   65.6  16.1   4   5     0.034       5.3    8.0   0.2    29    98   538   611   537   623 0.78 -
evm.utg2159.31.3.5c22ed19            -           1403 448514at33208        -            271   1.4e-17   65.6  16.1   5   5     6e-07   9.4e-05   23.6   0.4    44   103   645   705   637   745 0.78 -
evm.utg2967.37                       -            683 448514at33208        -            271   1.5e-17   65.5   0.2   1   4   0.00035     0.055   14.5   0.0    28    99    16    92     6    95 0.84 -
evm.utg2967.37                       -            683 448514at33208        -            271   1.5e-17   65.5   0.2   2   4   8.9e-05     0.014   16.4   0.0     2    80    33   112    32   114 0.88 -
evm.utg2967.37                       -            683 448514at33208        -            271   1.5e-17   65.5   0.2   3   4   8.5e-10   1.3e-07   32.9   0.2     4    98    77   175    75   179 0.89 -
evm.utg2967.37                       -            683 448514at33208        -            271   1.5e-17   65.5   0.2   4   4   7.5e-05     0.012   16.7   0.0    27    61   184   219   175   258 0.86 -
evm.utg293.35                        -            341 448514at33208        -            271   1.6e-17   65.4   8.0   1   4     0.048       7.5    7.5   0.1    61   122    45   109    41   139 0.64 -
evm.utg293.35                        -            341 448514at33208        -            271   1.6e-17   65.4   8.0   2   4   1.5e-09   2.4e-07   32.0   0.2    27    98   140   214   129   217 0.90 -
evm.utg293.35                        -            341 448514at33208        -            271   1.6e-17   65.4   8.0   3   4   9.9e-08   1.5e-05   26.1   0.8    10    96   206   298   198   299 0.78 -
evm.utg293.35                        -            341 448514at33208        -            271   1.6e-17   65.4   8.0   4   4       0.1        16    6.4   0.1    42    78   283   319   272   340 0.69 -
evm.utg2159.31.4.5c22ed19            -           1335 448514at33208        -            271   1.9e-17   65.2  11.7   1   4   1.1e-07   1.7e-05   26.0   0.4    30    99   419   488   408   495 0.83 -
evm.utg2159.31.4.5c22ed19            -           1335 448514at33208        -            271   1.9e-17   65.2  11.7   2   4   8.9e-06    0.0014   19.7   0.2    43    99   511   570   492   572 0.85 -
evm.utg2159.31.4.5c22ed19            -           1335 448514at33208        -            271   1.9e-17   65.2  11.7   3   4     0.029       4.6    8.2   0.2    29    98   538   611   537   634 0.80 -
evm.utg2159.31.4.5c22ed19            -           1335 448514at33208        -            271   1.9e-17   65.2  11.7   4   4   5.5e-07   8.6e-05   23.7   0.4    44   103   645   705   636   745 0.78 -
evm.utg5417.27.1.5c22f1fe            -           1068 448514at33208        -            271   1.9e-17   65.2  25.8   1   5      0.14        22    5.9   0.1    16    70   704   759   701   759 0.87 -
evm.utg5417.27.1.5c22f1fe            -           1068 448514at33208        -            271   1.9e-17   65.2  25.8   2   5   2.8e-08   4.3e-06   27.9   2.2     8    74   738   805   733   813 0.86 -
evm.utg5417.27.1.5c22f1fe            -           1068 448514at33208        -            271   1.9e-17   65.2  25.8   3   5   0.00067      0.11   13.6   0.5    44    79   817   852   803   855 0.85 -
evm.utg5417.27.1.5c22f1fe            -           1068 448514at33208        -            271   1.9e-17   65.2  25.8   4   5         1   1.6e+02    3.1   0.1    40    72   855   887   850   896 0.75 -
evm.utg5417.27.1.5c22f1fe            -           1068 448514at33208        -            271   1.9e-17   65.2  25.8   5   5   6.5e-10     1e-07   33.3   1.0     4   101   901  1001   900  1020 0.91 -
evm.utg2159.31.2.5c22ed19            -           1510 448514at33208        -            271   2.7e-17   64.7  11.5   1   4   1.2e-07   1.9e-05   25.8   0.4    30    99   419   488   408   496 0.83 -
evm.utg2159.31.2.5c22ed19            -           1510 448514at33208        -            271   2.7e-17   64.7  11.5   2   4   8.7e-06    0.0014   19.7   0.2    43    99   511   570   492   576 0.85 -
evm.utg2159.31.2.5c22ed19            -           1510 448514at33208        -            271   2.7e-17   64.7  11.5   3   4     0.034       5.3    8.0   0.2    29    98   538   611   537   634 0.80 -
evm.utg2159.31.2.5c22ed19            -           1510 448514at33208        -            271   2.7e-17   64.7  11.5   4   4   6.4e-07   9.9e-05   23.5   0.4    44   103   645   705   636   745 0.78 -
evm.utg2159.31.1.5c22ed19            -           1510 448514at33208        -            271   2.7e-17   64.7  11.5   1   4   1.2e-07   1.9e-05   25.8   0.4    30    99   419   488   408   496 0.83 -
evm.utg2159.31.1.5c22ed19            -           1510 448514at33208        -            271   2.7e-17   64.7  11.5   2   4   8.7e-06    0.0014   19.7   0.2    43    99   511   570   492   576 0.85 -
evm.utg2159.31.1.5c22ed19            -           1510 448514at33208        -            271   2.7e-17   64.7  11.5   3   4     0.034       5.3    8.0   0.2    29    98   538   611   537   634 0.80 -
evm.utg2159.31.1.5c22ed19            -           1510 448514at33208        -            271   2.7e-17   64.7  11.5   4   4   6.4e-07   9.9e-05   23.5   0.4    44   103   645   705   636   745 0.78 -
evm.utg2159.31                       -           1576 448514at33208        -            271   3.2e-17   64.4  11.5   1   5   1.3e-07     2e-05   25.8   0.3    30    99   419   488   408   496 0.83 -
evm.utg2159.31                       -           1576 448514at33208        -            271   3.2e-17   64.4  11.5   2   5   4.8e-10   7.5e-08   33.7   0.4     9   101   437   530   430   532 0.91 -
evm.utg2159.31                       -           1576 448514at33208        -            271   3.2e-17   64.4  11.5   3   5     1e-05    0.0016   19.5   0.2    43    99   511   570   492   573 0.85 -
evm.utg2159.31                       -           1576 448514at33208        -            271   3.2e-17   64.4  11.5   4   5     0.038       5.9    7.8   0.2    29    98   538   611   537   623 0.78 -
evm.utg2159.31                       -           1576 448514at33208        -            271   3.2e-17   64.4  11.5   5   5   7.2e-07   0.00011   23.3   0.8    43   103   644   705   597   745 0.81 -
evm.utg1748.16                       -            702 448514at33208        -            271   3.4e-17   64.4  18.9   1   5     1e-07   1.6e-05   26.1   0.3    30    99   419   488   408   494 0.83 -
evm.utg1748.16                       -            702 448514at33208        -            271   3.4e-17   64.4  18.9   2   5   2.3e-10   3.6e-08   34.7   0.8     9   102   437   531   429   540 0.90 -
evm.utg1748.16                       -            702 448514at33208        -            271   3.4e-17   64.4  18.9   3   5   1.9e-05     0.003   18.6   0.3    43    98   511   569   497   570 0.84 -
evm.utg1748.16                       -            702 448514at33208        -            271   3.4e-17   64.4  18.9   4   5     0.031       4.8    8.1   0.2    43    98   553   611   541   620 0.80 -
evm.utg1748.16                       -            702 448514at33208        -            271   3.4e-17   64.4  18.9   5   5   2.7e-06   0.00042   21.4   0.7    44    98   645   700   640   701 0.72 -
evm.utg186.22                        -           1975 448514at33208        -            271   3.5e-17   64.3  36.4   1  11     0.002      0.31   12.0   0.1    11    81    86   160    74   202 0.76 -
evm.utg186.22                        -           1975 448514at33208        -            271   3.5e-17   64.3  36.4   2  11       0.2        31    5.4   0.0    42    58   338   354   333   359 0.88 -
evm.utg186.22                        -           1975 448514at33208        -            271   3.5e-17   64.3  36.4   3  11     0.075        12    6.9   0.0   112   256   359   505   353   515 0.81 -
evm.utg186.22                        -           1975 448514at33208        -            271   3.5e-17   64.3  36.4   4  11       4.9   7.6e+02    0.9   0.1    39    95   528   591   513   594 0.67 -
evm.utg186.22                        -           1975 448514at33208        -            271   3.5e-17   64.3  36.4   5  11    0.0012      0.18   12.8   0.3    27   106   729   817   715   845 0.75 -
evm.utg186.22                        -           1975 448514at33208        -            271   3.5e-17   64.3  36.4   6  11       1.1   1.7e+02    3.0   0.0    27    97   905   935   867   952 0.71 -
evm.utg186.22                        -           1975 448514at33208        -            271   3.5e-17   64.3  36.4   7  11      0.12        18    6.2   0.3    44    61  1018  1035  1013  1041 0.86 -
evm.utg186.22                        -           1975 448514at33208        -            271   3.5e-17   64.3  36.4   8  11       7.8   1.2e+03    0.2   0.0    31    81  1087  1139  1048  1147 0.71 -
evm.utg186.22                        -           1975 448514at33208        -            271   3.5e-17   64.3  36.4   9  11       2.4   3.8e+02    1.9   0.1    39    96  1207  1271  1193  1281 0.69 -
evm.utg186.22                        -           1975 448514at33208        -            271   3.5e-17   64.3  36.4  10  11     0.002      0.32   12.0   0.3    41    59  1715  1733  1709  1741 0.87 -
evm.utg186.22                        -           1975 448514at33208        -            271   3.5e-17   64.3  36.4  11  11     0.037       5.9    7.8   0.2    27    96  1895  1972  1891  1973 0.71 -
evm.utg3174.3.1.5c22eeec             -            350 448514at33208        -            271   7.8e-17   63.2   5.3   1   3   1.2e-07   1.8e-05   25.9   0.1    40    99   166   228   144   232 0.82 -
evm.utg3174.3.1.5c22eeec             -            350 448514at33208        -            271   7.8e-17   63.2   5.3   2   3   1.2e-09   1.8e-07   32.4   0.7    43    98   253   311   233   318 0.88 -
evm.utg3174.3.1.5c22eeec             -            350 448514at33208        -            271   7.8e-17   63.2   5.3   3   3   4.7e-06   0.00073   20.6   0.0    29    71   280   323   278   331 0.89 -
evm.utg2129.40                       -            418 448514at33208        -            271   1.8e-16   62.0   7.0   1   3   3.8e-05    0.0059   17.7   0.2    19    91    93   169    83   183 0.69 -
evm.utg2129.40                       -            418 448514at33208        -            271   1.8e-16   62.0   7.0   2   3   3.9e-07   6.1e-05   24.2   0.2    15    98   177   266   169   270 0.85 -
evm.utg2129.40                       -            418 448514at33208        -            271   1.8e-16   62.0   7.0   3   3   5.1e-08     8e-06   27.1   0.7     8   129   256   381   249   398 0.80 -
evm.utg27.21                         -            316 448514at33208        -            271   2.5e-16   61.5   3.8   1   4     0.003      0.46   11.4   0.0    64    98     8    46     3    52 0.81 -
evm.utg27.21                         -            316 448514at33208        -            271   2.5e-16   61.5   3.8   2   4    0.0041      0.64   11.0   0.2    29    79    62   113    49   116 0.54 -
evm.utg27.21                         -            316 448514at33208        -            271   2.5e-16   61.5   3.8   3   4   3.6e-11   5.7e-09   37.4   0.3    29   126   104   208    98   225 0.85 -
evm.utg27.21                         -            316 448514at33208        -            271   2.5e-16   61.5   3.8   4   4       3.2     5e+02    1.5   0.0    31    58   234   261   232   271 0.91 -
evm.utg234.60                        -            303 448514at33208        -            271   3.7e-16   61.0  11.4   1   3   0.00045     0.071   14.1   0.8    25   101     8    94     3   101 0.72 -
evm.utg234.60                        -            303 448514at33208        -            271   3.7e-16   61.0  11.4   2   3       1.3   2.1e+02    2.7   0.0   245   266   108   129   104   134 0.89 -
evm.utg234.60                        -            303 448514at33208        -            271   3.7e-16   61.0  11.4   3   3   1.4e-13   2.2e-11   45.3   2.9    11   135   168   296   158   300 0.87 -
evm.utg911.37                        -           1947 448514at33208        -            271   3.8e-16   60.9  36.5   1  12    0.0021      0.32   12.0   0.1    11    80    86   159    73   201 0.78 -
evm.utg911.37                        -           1947 448514at33208        -            271   3.8e-16   60.9  36.5   2  12      0.19        30    5.5   0.0    42    58   338   354   332   359 0.88 -
evm.utg911.37                        -           1947 448514at33208        -            271   3.8e-16   60.9  36.5   3  12      0.13        21    6.0   0.0   113   256   360   505   354   516 0.79 -
evm.utg911.37                        -           1947 448514at33208        -            271   3.8e-16   60.9  36.5   4  12       4.8   7.4e+02    0.9   0.1    39    95   528   591   513   594 0.67 -
evm.utg911.37                        -           1947 448514at33208        -            271   3.8e-16   60.9  36.5   5  12     0.003      0.46   11.4   0.4    29   106   731   817   716   845 0.71 -
evm.utg911.37                        -           1947 448514at33208        -            271   3.8e-16   60.9  36.5   6  12       1.1   1.7e+02    3.0   0.0    27    97   905   935   867   952 0.71 -
evm.utg911.37                        -           1947 448514at33208        -            271   3.8e-16   60.9  36.5   7  12      0.11        18    6.2   0.3    44    61  1018  1035  1013  1041 0.86 -
evm.utg911.37                        -           1947 448514at33208        -            271   3.8e-16   60.9  36.5   8  12         7   1.1e+03    0.4   0.0    31    81  1087  1139  1049  1148 0.73 -
evm.utg911.37                        -           1947 448514at33208        -            271   3.8e-16   60.9  36.5   9  12       2.4   3.7e+02    1.9   0.1    39    96  1207  1271  1193  1281 0.70 -
evm.utg911.37                        -           1947 448514at33208        -            271   3.8e-16   60.9  36.5  10  12     0.002      0.31   12.0   0.3    41    59  1687  1705  1681  1715 0.88 -
evm.utg911.37                        -           1947 448514at33208        -            271   3.8e-16   60.9  36.5  11  12      0.29        45    4.9   0.0     3    60  1731  1789  1729  1813 0.78 -
evm.utg911.37                        -           1947 448514at33208        -            271   3.8e-16   60.9  36.5  12  12     0.037       5.8    7.9   0.2    27    96  1867  1944  1863  1945 0.71 -
evm.utg2483.3                        -            367 448514at33208        -            271   4.2e-16   60.8   8.3   1   3   1.7e-07   2.6e-05   25.4   0.4    41    98   159   219   138   227 0.84 -
evm.utg2483.3                        -            367 448514at33208        -            271   4.2e-16   60.8   8.3   2   3   1.6e-05    0.0026   18.8   1.3     6    77   207   279   204   285 0.82 -
evm.utg2483.3                        -            367 448514at33208        -            271   4.2e-16   60.8   8.3   3   3   2.5e-06   0.00039   21.5   0.1    44    97   288   343   283   356 0.86 -
evm.utg2483.3.1.5c22edbc             -            367 448514at33208        -            271   4.2e-16   60.8   8.3   1   3   1.7e-07   2.6e-05   25.4   0.4    41    98   159   219   138   227 0.84 -
evm.utg2483.3.1.5c22edbc             -            367 448514at33208        -            271   4.2e-16   60.8   8.3   2   3   1.6e-05    0.0026   18.8   1.3     6    77   207   279   204   285 0.82 -
evm.utg2483.3.1.5c22edbc             -            367 448514at33208        -            271   4.2e-16   60.8   8.3   3   3   2.5e-06   0.00039   21.5   0.1    44    97   288   343   283   356 0.86 -
evm.utg7412.19                       -            738 448514at33208        -            271   4.5e-16   60.7   3.7   1   3   2.4e-11   3.7e-09   38.0   0.2     2   103    65   174    64   195 0.82 -
evm.utg7412.19                       -            738 448514at33208        -            271   4.5e-16   60.7   3.7   2   3     0.075        12    6.8   0.0    30    65   216   252   202   255 0.76 -
evm.utg7412.19                       -            738 448514at33208        -            271   4.5e-16   60.7   3.7   3   3    0.0003     0.046   14.7   0.2     3   101   286   394   282   410 0.78 -
evm.utg4972.23.2.5c22f18b            -            508 448514at33208        -            271   5.8e-16   60.3   8.1   1   2   2.6e-10   4.1e-08   34.6   0.7    27    97   344   416   335   423 0.84 -
evm.utg4972.23.2.5c22f18b            -            508 448514at33208        -            271   5.8e-16   60.3   8.1   2   2     1e-08   1.6e-06   29.3   1.0    28    97   433   503   420   506 0.81 -
evm.utg411.25                        -            871 448514at33208        -            271   6.8e-16   60.1   0.3   1   4       2.6   4.1e+02    1.8   0.0   158   225    53   119    23   147 0.58 -
evm.utg411.25                        -            871 448514at33208        -            271   6.8e-16   60.1   0.3   2   4     0.092        14    6.6   0.0    33    80   147   197   136   224 0.74 -
evm.utg411.25                        -            871 448514at33208        -            271   6.8e-16   60.1   0.3   3   4   1.6e-06   0.00026   22.1   0.0    24   102   343   425   321   433 0.84 -
evm.utg411.25                        -            871 448514at33208        -            271   6.8e-16   60.1   0.3   4   4   5.9e-07   9.2e-05   23.6   0.0    44   193   450   616   438   636 0.81 -
evm.utg2967.37.1.5c22ee73            -            636 448514at33208        -            271     1e-15   59.5   0.2   1   3   0.00086      0.13   13.2   0.0    28    80    15    68     8    70 0.88 -
evm.utg2967.37.1.5c22ee73            -            636 448514at33208        -            271     1e-15   59.5   0.2   2   3   1.4e-07   2.2e-05   25.6   0.2    44    98    74   131    70   135 0.92 -
evm.utg2967.37.1.5c22ee73            -            636 448514at33208        -            271     1e-15   59.5   0.2   3   3   7.3e-05     0.011   16.7   0.0    27    61   140   175   132   215 0.86 -
evm.utg1204.47                       -            338 448514at33208        -            271   1.4e-15   59.1  20.5   1   5   7.2e-06    0.0011   20.0   0.3    24    98     9    90     3    93 0.80 -
evm.utg1204.47                       -            338 448514at33208        -            271   1.4e-15   59.1  20.5   2   5   2.1e-08   3.2e-06   28.4   1.4    44   102    75   138    72   153 0.83 -
evm.utg1204.47                       -            338 448514at33208        -            271   1.4e-15   59.1  20.5   3   5     0.095        15    6.5   3.1    40    96   160   221   138   233 0.74 -
evm.utg1204.47                       -            338 448514at33208        -            271   1.4e-15   59.1  20.5   4   5      0.65     1e+02    3.8   0.7    29    58   192   222   192   296 0.50 -
evm.utg1204.47                       -            338 448514at33208        -            271   1.4e-15   59.1  20.5   5   5   2.1e-06   0.00033   21.8   0.0    25    57   297   331   287   334 0.84 -
evm.utg2083.46                       -            338 448514at33208        -            271   2.6e-15   58.2   0.2   1   3       5.3   8.3e+02    0.8   0.0   236   268    16    48    13    51 0.88 -
evm.utg2083.46                       -            338 448514at33208        -            271   2.6e-15   58.2   0.2   2   3   2.1e-13   3.3e-11   44.7   0.1     3   136    80   217    78   220 0.89 -
evm.utg2083.46                       -            338 448514at33208        -            271   2.6e-15   58.2   0.2   3   3     0.027       4.2    8.3   0.0    40    64   287   311   273   319 0.85 -
evm.utg101.131                       -            607 448514at33208        -            271   3.8e-15   57.6   3.8   1   3   0.00039     0.061   14.3   0.0    24    79     9    65     1    69 0.82 -
evm.utg101.131                       -            607 448514at33208        -            271   3.8e-15   57.6   3.8   2   3   1.1e-07   1.7e-05   26.0   0.8    27   120    54   154    50   159 0.81 -
evm.utg101.131                       -            607 448514at33208        -            271   3.8e-15   57.6   3.8   3   3   2.9e-05    0.0046   18.0   0.1    41    98   160   221   145   234 0.84 -
evm.utg376.68                        -            977 448514at33208        -            271   4.7e-15   57.3   2.0   1   4       7.2   1.1e+03    0.3   0.1    67   101    11    48     4    85 0.65 -
evm.utg376.68                        -            977 448514at33208        -            271   4.7e-15   57.3   2.0   2   4   0.00029     0.045   14.8   0.5    21    77    91   148    72   153 0.79 -
evm.utg376.68                        -            977 448514at33208        -            271   4.7e-15   57.3   2.0   3   4   6.3e-05    0.0099   16.9   0.0    40    79   154   193   149   196 0.94 -
evm.utg376.68                        -            977 448514at33208        -            271   4.7e-15   57.3   2.0   4   4   4.5e-06    0.0007   20.7   0.0    44   105   202   266   197   326 0.84 -
evm.utg376.68.1.5c22efd2             -            978 448514at33208        -            271     5e-15   57.2   2.0   1   4       7.2   1.1e+03    0.3   0.1    67   101    11    48     4    85 0.65 -
evm.utg376.68.1.5c22efd2             -            978 448514at33208        -            271     5e-15   57.2   2.0   2   4   0.00029     0.046   14.7   0.5    21    77    91   148    72   153 0.79 -
evm.utg376.68.1.5c22efd2             -            978 448514at33208        -            271     5e-15   57.2   2.0   3   4   6.3e-05    0.0099   16.9   0.0    40    79   154   193   149   196 0.94 -
evm.utg376.68.1.5c22efd2             -            978 448514at33208        -            271     5e-15   57.2   2.0   4   4   4.5e-06    0.0007   20.7   0.0    44   105   202   266   197   326 0.84 -
evm.utg183.39                        -           1787 448514at33208        -            271   5.2e-15   57.2   1.5   1   5   0.00051     0.079   14.0   0.0    22    77   171   227   155   236 0.82 -
evm.utg183.39                        -           1787 448514at33208        -            271   5.2e-15   57.2   1.5   2   5    0.0017      0.27   12.2   0.0    40    99   232   298   228   326 0.87 -
evm.utg183.39                        -           1787 448514at33208        -            271   5.2e-15   57.2   1.5   3   5       9.9   1.5e+03   -0.1   0.0   242   268   319   345   311   348 0.87 -
evm.utg183.39                        -           1787 448514at33208        -            271   5.2e-15   57.2   1.5   4   5    0.0093       1.5    9.8   0.0    26    63   357   395   330   403 0.72 -
evm.utg183.39                        -           1787 448514at33208        -            271   5.2e-15   57.2   1.5   5   5   0.00011     0.018   16.1   0.1    39   136   431   536   407   539 0.70 -
evm.utg2129.40.1.5c22ed08            -            389 448514at33208        -            271     8e-15   56.6   7.8   1   3   3.1e-05    0.0048   17.9   0.3    18    92    92   170    83   185 0.70 -
evm.utg2129.40.1.5c22ed08            -            389 448514at33208        -            271     8e-15   56.6   7.8   2   3   3.3e-07   5.1e-05   24.4   0.3    15    98   177   266   166   270 0.84 -
evm.utg2129.40.1.5c22ed08            -            389 448514at33208        -            271     8e-15   56.6   7.8   3   3   1.4e-06   0.00022   22.3   0.9     8    60   256   309   249   356 0.80 -
evm.utg13607.5                       -           1071 448514at33208        -            271   1.3e-14   55.8   3.4   1   4       5.1     8e+02    0.8   0.1    70   102    14    49     4    93 0.55 -
evm.utg13607.5                       -           1071 448514at33208        -            271   1.3e-14   55.8   3.4   2   4   0.00054     0.085   13.9   0.7    21    77    91   148    72   153 0.78 -
evm.utg13607.5                       -           1071 448514at33208        -            271   1.3e-14   55.8   3.4   3   4   6.7e-05      0.01   16.8   0.0    40    79   154   193   148   196 0.94 -
evm.utg13607.5                       -           1071 448514at33208        -            271   1.3e-14   55.8   3.4   4   4   5.1e-06    0.0008   20.5   0.0    44   105   202   266   197   322 0.83 -
evm.utg736.53                        -            495 448514at33208        -            271   2.4e-14   55.0   5.5   1   4    0.0005     0.078   14.0   0.0    29    98   155   229   142   237 0.82 -
evm.utg736.53                        -            495 448514at33208        -            271   2.4e-14   55.0   5.5   2   4    0.0065         1   10.3   0.2    38    71   289   322   276   327 0.87 -
evm.utg736.53                        -            495 448514at33208        -            271   2.4e-14   55.0   5.5   3   4   3.6e-08   5.6e-06   27.6   1.3    42   127   335   425   326   438 0.76 -
evm.utg736.53                        -            495 448514at33208        -            271   2.4e-14   55.0   5.5   4   4       5.5   8.6e+02    0.7   0.0    82   103   472   493   420   494 0.80 -
evm.utg405.2                         -            495 448514at33208        -            271   2.5e-14   55.0   5.5   1   4    0.0005     0.078   14.0   0.0    29    98   155   229   142   237 0.82 -
evm.utg405.2                         -            495 448514at33208        -            271   2.5e-14   55.0   5.5   2   4    0.0065         1   10.3   0.2    38    71   289   322   276   327 0.87 -
evm.utg405.2                         -            495 448514at33208        -            271   2.5e-14   55.0   5.5   3   4   3.6e-08   5.6e-06   27.6   1.3    42   127   335   425   326   438 0.76 -
evm.utg405.2                         -            495 448514at33208        -            271   2.5e-14   55.0   5.5   4   4       5.5   8.6e+02    0.7   0.0    82   103   472   493   420   494 0.80 -
evm.utg798.40                        -            320 448514at33208        -            271   3.4e-14   54.5   2.2   1   4   0.00039     0.061   14.3   0.1    42   100    74   138    69   140 0.84 -
evm.utg798.40                        -            320 448514at33208        -            271   3.4e-14   54.5   2.2   2   4   0.00066       0.1   13.6   0.2    40    99   117   182   109   190 0.79 -
evm.utg798.40                        -            320 448514at33208        -            271   3.4e-14   54.5   2.2   3   4   0.00042     0.065   14.2   0.1    43   102   165   229   164   248 0.51 -
evm.utg798.40                        -            320 448514at33208        -            271   3.4e-14   54.5   2.2   4   4   7.9e-06    0.0012   19.9   0.0    43    94   253   308   249   314 0.84 -
evm.utg439.49.1.5c22f0fa.1.5c27952e  -            353 448514at33208        -            271   4.4e-14   54.2   2.9   1   2   7.5e-08   1.2e-05   26.5   0.2    28   124   145   246   136   254 0.77 -
evm.utg439.49.1.5c22f0fa.1.5c27952e  -            353 448514at33208        -            271   4.4e-14   54.2   2.9   2   2   1.8e-08   2.8e-06   28.5   0.3     2    57   249   305   247   309 0.91 -
evm.utg73.56                         -            309 448514at33208        -            271   5.3e-14   53.9   3.1   1   2      0.34        53    4.7   0.0    28    57    15    45     8    64 0.74 -
evm.utg73.56                         -            309 448514at33208        -            271   5.3e-14   53.9   3.1   2   2   1.3e-11     2e-09   38.9   3.4    35   270    67   303    51   304 0.79 -
evm.utg2099.25                       -            385 448514at33208        -            271   5.4e-14   53.9   3.0   1   4      0.75   1.2e+02    3.6   0.0    30    56    61    87    53    92 0.90 -
evm.utg2099.25                       -            385 448514at33208        -            271   5.4e-14   53.9   3.0   2   4   2.5e-09   3.9e-07   31.4   0.1    28   107   104   188    96   194 0.83 -
evm.utg2099.25                       -            385 448514at33208        -            271   5.4e-14   53.9   3.0   3   4       1.1   1.7e+02    3.1   0.0    39    63   205   229   199   234 0.88 -
evm.utg2099.25                       -            385 448514at33208        -            271   5.4e-14   53.9   3.0   4   4   0.00061     0.095   13.7   0.1    25    94   233   307   227   331 0.83 -
evm.utg7950.19                       -            574 448514at33208        -            271   6.3e-14   53.6   1.5   1   4      0.02       3.1    8.7   0.1   203   268   123   189    60   192 0.84 -
evm.utg7950.19                       -            574 448514at33208        -            271   6.3e-14   53.6   1.5   2   4    0.0057      0.89   10.5   0.0     8    59   181   233   177   243 0.88 -
evm.utg7950.19                       -            574 448514at33208        -            271   6.3e-14   53.6   1.5   3   4    0.0072       1.1   10.2   0.1    30    97   258   329   244   340 0.80 -
evm.utg7950.19                       -            574 448514at33208        -            271   6.3e-14   53.6   1.5   4   4   2.1e-07   3.3e-05   25.0   0.2    27    96   339   412   331   417 0.83 -
evm.utg564.26                        -            598 448514at33208        -            271   7.1e-14   53.5   4.4   1   4   0.00019      0.03   15.4   0.1    40    98   362   423   349   427 0.76 -
evm.utg564.26                        -            598 448514at33208        -            271   7.1e-14   53.5   4.4   2   4      0.62        97    3.8   0.1    41    79   405   443   396   446 0.84 -
evm.utg564.26                        -            598 448514at33208        -            271   7.1e-14   53.5   4.4   3   4   1.4e-06   0.00022   22.3   0.1    28    98   433   507   424   510 0.87 -
evm.utg564.26                        -            598 448514at33208        -            271   7.1e-14   53.5   4.4   4   4   5.2e-07   8.2e-05   23.8   0.1    43   103   491   554   487   590 0.88 -
evm.utg439.49.1.5c22f0fa             -            492 448514at33208        -            271   1.1e-13   52.9   2.7   1   2   1.1e-07   1.8e-05   25.9   0.2    28   124   284   385   275   394 0.77 -
evm.utg439.49.1.5c22f0fa             -            492 448514at33208        -            271   1.1e-13   52.9   2.7   2   2   2.9e-08   4.5e-06   27.9   0.3     2    57   388   444   386   448 0.91 -
evm.utg439.49                        -            578 448514at33208        -            271   1.5e-13   52.4  13.2   1   3   1.5e-07   2.3e-05   25.5   0.2    28   124   284   385   275   394 0.77 -
evm.utg439.49                        -            578 448514at33208        -            271   1.5e-13   52.4  13.2   2   3   3.5e-08   5.4e-06   27.6   0.5     3    57   389   444   387   501 0.93 -
evm.utg439.49                        -            578 448514at33208        -            271   1.5e-13   52.4  13.2   3   3      0.13        21    6.0   2.0    46    96   523   577   513   577 0.86 -
evm.utg3283.18                       -            313 448514at33208        -            271   1.6e-13   52.3   5.9   1   4    0.0016      0.25   12.3   0.0    27    74    27    75    19    79 0.82 -
evm.utg3283.18                       -            313 448514at33208        -            271   1.6e-13   52.3   5.9   2   4   1.4e-05    0.0021   19.1   0.2    40    99    82   141    76   155 0.86 -
evm.utg3283.18                       -            313 448514at33208        -            271   1.6e-13   52.3   5.9   3   4    0.0026      0.41   11.6   0.1    43    97   179   236   166   240 0.87 -
evm.utg3283.18                       -            313 448514at33208        -            271   1.6e-13   52.3   5.9   4   4     0.012       1.9    9.4   0.1    26    74   245   292   240   300 0.90 -
evm.utg109.41                        -            598 448514at33208        -            271   1.8e-13   52.2   4.5   1   4    0.0005     0.078   14.0   0.1    40    98   362   423   349   427 0.76 -
evm.utg109.41                        -            598 448514at33208        -            271   1.8e-13   52.2   4.5   2   4      0.67     1e+02    3.7   0.1    41    79   405   443   396   445 0.84 -
evm.utg109.41                        -            598 448514at33208        -            271   1.8e-13   52.2   4.5   3   4   1.8e-06   0.00028   22.0   0.1    28    97   433   506   428   508 0.86 -
evm.utg109.41                        -            598 448514at33208        -            271   1.8e-13   52.2   4.5   4   4   6.3e-07   9.8e-05   23.5   0.1    43   104   491   555   486   565 0.87 -
evm.utg3260.7.1.5c22ef15             -            313 448514at33208        -            271   2.1e-13   51.9   5.6   1   4    0.0016      0.25   12.3   0.0    27    74    27    75    19    79 0.82 -
evm.utg3260.7.1.5c22ef15             -            313 448514at33208        -            271   2.1e-13   51.9   5.6   2   4   6.1e-08   9.5e-06   26.8   0.5     2    99    44   141    43   155 0.90 -
evm.utg3260.7.1.5c22ef15             -            313 448514at33208        -            271   2.1e-13   51.9   5.6   3   4    0.0026      0.41   11.6   0.1    43    97   179   236   166   240 0.87 -
evm.utg3260.7.1.5c22ef15             -            313 448514at33208        -            271   2.1e-13   51.9   5.6   4   4     0.012       1.9    9.4   0.1    26    74   245   292   240   300 0.90 -
evm.utg3260.7.1.5c22ef15.1.5c279399  -            313 448514at33208        -            271   2.1e-13   51.9   5.6   1   4    0.0016      0.25   12.3   0.0    27    74    27    75    19    79 0.82 -
evm.utg3260.7.1.5c22ef15.1.5c279399  -            313 448514at33208        -            271   2.1e-13   51.9   5.6   2   4   6.1e-08   9.5e-06   26.8   0.5     2    99    44   141    43   155 0.90 -
evm.utg3260.7.1.5c22ef15.1.5c279399  -            313 448514at33208        -            271   2.1e-13   51.9   5.6   3   4    0.0026      0.41   11.6   0.1    43    97   179   236   166   240 0.87 -
evm.utg3260.7.1.5c22ef15.1.5c279399  -            313 448514at33208        -            271   2.1e-13   51.9   5.6   4   4     0.012       1.9    9.4   0.1    26    74   245   292   240   300 0.90 -
evm.utg607.12.1.5c22f2ae             -            705 448514at33208        -            271   2.1e-13   51.9  14.5   1   4         9   1.4e+03    0.0   0.0    70    99    35    67    26    76 0.66 -
evm.utg607.12.1.5c22f2ae             -            705 448514at33208        -            271   2.1e-13   51.9  14.5   2   4   1.9e-11     3e-09   38.3   1.2    27   102    79   158    69   183 0.84 -
evm.utg607.12.1.5c22f2ae             -            705 448514at33208        -            271   2.1e-13   51.9  14.5   3   4     3e-05    0.0047   18.0   0.1    44    99   190   248   182   262 0.82 -
evm.utg607.12.1.5c22f2ae             -            705 448514at33208        -            271   2.1e-13   51.9  14.5   4   4       5.5   8.6e+02    0.7   0.2    40    61   374   395   357   402 0.73 -
evm.utg607.12                        -            707 448514at33208        -            271   2.1e-13   51.9  14.5   1   4         9   1.4e+03    0.0   0.0    70    99    35    67    26    76 0.66 -
evm.utg607.12                        -            707 448514at33208        -            271   2.1e-13   51.9  14.5   2   4     2e-11     3e-09   38.3   1.2    27   102    79   158    69   183 0.84 -
evm.utg607.12                        -            707 448514at33208        -            271   2.1e-13   51.9  14.5   3   4     3e-05    0.0047   18.0   0.1    44    99   190   248   182   262 0.82 -
evm.utg607.12                        -            707 448514at33208        -            271   2.1e-13   51.9  14.5   4   4       5.5   8.6e+02    0.7   0.2    40    61   374   395   357   402 0.73 -
evm.utg418.52                        -            385 448514at33208        -            271   2.6e-13   51.6   5.5   1   4      0.65     1e+02    3.8   0.1    30    57    61    88    53   109 0.89 -
evm.utg418.52                        -            385 448514at33208        -            271   2.6e-13   51.6   5.5   2   4   2.3e-09   3.6e-07   31.5   0.2    28   107   104   188    94   194 0.83 -
evm.utg418.52                        -            385 448514at33208        -            271   2.6e-13   51.6   5.5   3   4       1.1   1.7e+02    3.1   0.0    39    63   205   229   199   234 0.88 -
evm.utg418.52                        -            385 448514at33208        -            271   2.6e-13   51.6   5.5   4   4    0.0006     0.094   13.7   0.2    25    94   233   307   227   331 0.83 -
evm.utg1919.76                       -            679 448514at33208        -            271   3.1e-13   51.4   1.6   1   2   2.2e-10   3.5e-08   34.8   0.1     2   102    17   125    16   146 0.82 -
evm.utg1919.76                       -            679 448514at33208        -            271   3.1e-13   51.4   1.6   2   2   0.00027     0.042   14.9   0.1     3   100   222   329   220   341 0.79 -
evm.utg18125.5.1.5c22ec17            -            724 448514at33208        -            271   3.5e-13   51.2  20.8   1   5   0.00026     0.041   14.9   0.1    20    79   307   367   287   370 0.80 -
evm.utg18125.5.1.5c22ec17            -            724 448514at33208        -            271   3.5e-13   51.2  20.8   2   5   2.1e-07   3.3e-05   25.1   0.6    44   104   376   439   360   444 0.86 -
evm.utg18125.5.1.5c22ec17            -            724 448514at33208        -            271   3.5e-13   51.2  20.8   3   5    0.0042      0.66   10.9   0.4    80   157   523   603   513   608 0.80 -
evm.utg18125.5.1.5c22ec17            -            724 448514at33208        -            271   3.5e-13   51.2  20.8   4   5     0.085        13    6.7   1.1    42    99   608   672   594   678 0.73 -
evm.utg18125.5.1.5c22ec17            -            724 448514at33208        -            271   3.5e-13   51.2  20.8   5   5      0.33        52    4.7   0.1    21    55   683   718   676   721 0.79 -
evm.utg1629.22.1.5c22eb7d            -            969 448514at33208        -            271     4e-13   51.0   0.8   1   2   1.7e-07   2.6e-05   25.4   0.0    24    96   160   238   148   240 0.80 -
evm.utg1629.22.1.5c22eb7d            -            969 448514at33208        -            271     4e-13   51.0   0.8   2   2   6.5e-07    0.0001   23.4   0.1     8    99   230   326   221   343 0.83 -
evm.utg18553.20                      -            503 448514at33208        -            271   5.2e-13   50.6   4.4   1   3   9.2e-12   1.4e-09   39.3   1.9     2    96    85   184    84   186 0.90 -
evm.utg18553.20                      -            503 448514at33208        -            271   5.2e-13   50.6   4.4   2   3    0.0018      0.28   12.2   0.2    40    78   167   204   160   227 0.71 -
evm.utg18553.20                      -            503 448514at33208        -            271   5.2e-13   50.6   4.4   3   3     0.037       5.9    7.8   0.0    32   136   199   306   192   310 0.71 -
evm.utg496.26                        -            504 448514at33208        -            271   5.8e-13   50.5  11.7   1   5       1.4   2.2e+02    2.6   0.0   239   266   154   181   143   187 0.69 -
evm.utg496.26                        -            504 448514at33208        -            271   5.8e-13   50.5  11.7   2   5    0.0016      0.24   12.4   0.2    20   111   198   297   194   301 0.78 -
evm.utg496.26                        -            504 448514at33208        -            271   5.8e-13   50.5  11.7   3   5   0.00031     0.049   14.7   1.9     3    80   269   346   267   348 0.94 -
evm.utg496.26                        -            504 448514at33208        -            271   5.8e-13   50.5  11.7   4   5   0.00015     0.023   15.7   0.4    28    79   335   387   326   390 0.84 -
evm.utg496.26                        -            504 448514at33208        -            271   5.8e-13   50.5  11.7   5   5   3.6e-06   0.00057   21.0   0.0    42   136   401   497   398   502 0.79 -
evm.utg343339.3                      -            504 448514at33208        -            271     6e-13   50.4  11.8   1   5       1.5   2.3e+02    2.6   0.0   239   266   154   181   144   187 0.69 -
evm.utg343339.3                      -            504 448514at33208        -            271     6e-13   50.4  11.8   2   5    0.0016      0.24   12.4   0.2    20   111   198   297   194   301 0.78 -
evm.utg343339.3                      -            504 448514at33208        -            271     6e-13   50.4  11.8   3   5   0.00031     0.049   14.7   1.9     3    80   269   346   267   348 0.94 -
evm.utg343339.3                      -            504 448514at33208        -            271     6e-13   50.4  11.8   4   5   0.00015     0.023   15.7   0.4    28    79   335   387   326   390 0.84 -
evm.utg343339.3                      -            504 448514at33208        -            271     6e-13   50.4  11.8   5   5   3.6e-06   0.00057   21.0   0.0    42   136   401   497   398   502 0.79 -
evm.utg15197.11                      -           1003 448514at33208        -            271   7.3e-13   50.1   1.1   1   2   8.7e-09   1.4e-06   29.6   0.3    24   118   194   294   181   298 0.82 -
evm.utg15197.11                      -           1003 448514at33208        -            271   7.3e-13   50.1   1.1   2   2   8.2e-07   0.00013   23.1   0.1     8    99   264   360   255   378 0.83 -
evm.utg1629.22                       -           1004 448514at33208        -            271   7.4e-13   50.1   1.1   1   2   1.5e-07   2.3e-05   25.6   0.1    24    96   195   273   183   276 0.80 -
evm.utg1629.22                       -           1004 448514at33208        -            271   7.4e-13   50.1   1.1   2   2     7e-07   0.00011   23.3   0.1     8    98   265   360   256   377 0.83 -
evm.utg637.5                         -            513 448514at33208        -            271   1.2e-12   49.4   2.6   1   3   4.6e-11   7.2e-09   37.0   1.2     2    96    95   194    94   195 0.89 -
evm.utg637.5                         -            513 448514at33208        -            271   1.2e-12   49.4   2.6   2   3    0.0022      0.35   11.8   0.2    40    75   177   211   171   235 0.72 -
evm.utg637.5                         -            513 448514at33208        -            271   1.2e-12   49.4   2.6   3   3     0.028       4.4    8.2   0.0    29   136   206   316   199   321 0.74 -
evm.utg21895.1                       -            272 448514at33208        -            271   1.6e-12   49.0  11.1   1   4   7.8e-05     0.012   16.6   0.0    50   124     2    79     1    88 0.77 -
evm.utg21895.1                       -            272 448514at33208        -            271   1.6e-12   49.0  11.1   2   4   1.1e-08   1.7e-06   29.3   0.6     2    57    82   138    81   194 0.93 -
evm.utg21895.1                       -            272 448514at33208        -            271   1.6e-12   49.0  11.1   3   4       2.9   4.5e+02    1.6   0.0   180   219   175   217   143   223 0.60 -
evm.utg21895.1                       -            272 448514at33208        -            271   1.6e-12   49.0  11.1   4   4     0.047       7.4    7.5   1.9    47    96   218   271   211   271 0.86 -
evm.utg10470.3.1.5c22e808            -            577 448514at33208        -            271   1.6e-12   49.0   0.7   1   3         9   1.4e+03    0.0   0.0    75    97   347   370   335   376 0.71 -
evm.utg10470.3.1.5c22e808            -            577 448514at33208        -            271   1.6e-12   49.0   0.7   2   3   1.4e-07   2.2e-05   25.6   0.4    29   100   413   488   391   494 0.84 -
evm.utg10470.3.1.5c22e808            -            577 448514at33208        -            271   1.6e-12   49.0   0.7   3   3   1.4e-05    0.0021   19.1   0.0    27    87   495   559   487   567 0.82 -
evm.utg1204.47.1.5c22e937            -            333 448514at33208        -            271   1.7e-12   49.0  19.5   1   5   7.2e-06    0.0011   20.0   0.4    24    98     9    90     3    93 0.80 -
evm.utg1204.47.1.5c22e937            -            333 448514at33208        -            271   1.7e-12   49.0  19.5   2   5   1.1e-08   1.8e-06   29.2   1.3    42   102    73   138    55   147 0.79 -
evm.utg1204.47.1.5c22e937            -            333 448514at33208        -            271   1.7e-12   49.0  19.5   3   5      0.12        18    6.2   3.3    40    96   160   221   140   234 0.74 -
evm.utg1204.47.1.5c22e937            -            333 448514at33208        -            271   1.7e-12   49.0  19.5   4   5      0.29        46    4.9   0.4    29    58   192   222   190   296 0.55 -
evm.utg1204.47.1.5c22e937            -            333 448514at33208        -            271   1.7e-12   49.0  19.5   5   5    0.0062      0.96   10.4   0.0    25    51   297   325   289   328 0.83 -
evm.utg4082.42                       -            401 448514at33208        -            271   1.9e-12   48.8   0.1   1   3      0.13        20    6.1   0.0    25    71    32    80    25    81 0.79 -
evm.utg4082.42                       -            401 448514at33208        -            271   1.9e-12   48.8   0.1   2   3   1.8e-09   2.8e-07   31.8   0.2     3   117    53   171    51   201 0.77 -
evm.utg4082.42                       -            401 448514at33208        -            271   1.9e-12   48.8   0.1   3   3    0.0017      0.27   12.2   0.0    33   110   205   295   183   312 0.78 -
evm.utg579.18                        -            368 448514at33208        -            271     3e-12   48.1   0.2   1   5      0.38        60    4.5   0.0    27    64    48    86    39    96 0.72 -
evm.utg579.18                        -            368 448514at33208        -            271     3e-12   48.1   0.2   2   5       1.2   1.9e+02    2.9   0.0   237   267   111   141    96   148 0.65 -
evm.utg579.18                        -            368 448514at33208        -            271     3e-12   48.1   0.2   3   5      0.38        59    4.5   0.0   155   185   153   183   142   193 0.80 -
evm.utg579.18                        -            368 448514at33208        -            271     3e-12   48.1   0.2   4   5   1.5e-06   0.00023   22.3   0.0     3    99   173   278   171   297 0.80 -
evm.utg579.18                        -            368 448514at33208        -            271     3e-12   48.1   0.2   5   5    0.0045       0.7   10.8   0.1     2    56   306   362   305   365 0.84 -
evm.utg14.76                         -            335 448514at33208        -            271   4.4e-12   47.6   5.5   1   4     0.004      0.63   11.0   0.5    43   101    33    96     8   102 0.69 -
evm.utg14.76                         -            335 448514at33208        -            271   4.4e-12   47.6   5.5   2   4       1.4   2.2e+02    2.6   0.0   245   266   110   131   103   136 0.89 -
evm.utg14.76                         -            335 448514at33208        -            271   4.4e-12   47.6   5.5   3   4   2.2e-06   0.00034   21.7   0.0    12    79   171   248   161   257 0.82 -
evm.utg14.76                         -            335 448514at33208        -            271   4.4e-12   47.6   5.5   4   4    0.0041      0.64   11.0   0.1     2    56   275   330   269   333 0.73 -
evm.utg194.98                        -            510 448514at33208        -            271   4.6e-12   47.5   1.3   1   3    0.0048      0.75   10.8   0.1    11    73   249   312   239   340 0.64 -
evm.utg194.98                        -            510 448514at33208        -            271   4.6e-12   47.5   1.3   2   3    0.0001     0.016   16.2   0.0    34    81   359   407   326   410 0.89 -
evm.utg194.98                        -            510 448514at33208        -            271   4.6e-12   47.5   1.3   3   3   4.3e-05    0.0067   17.5   0.3    43    93   411   465   408   491 0.69 -
evm.utg777.49.1.5c22f40d             -            577 448514at33208        -            271   5.9e-12   47.2   0.6   1   2   1.5e-07   2.3e-05   25.5   0.3    29   100   413   488   391   492 0.84 -
evm.utg777.49.1.5c22f40d             -            577 448514at33208        -            271   5.9e-12   47.2   0.6   2   2   3.9e-05     0.006   17.6   0.0    27    87   495   559   487   561 0.81 -
evm.utg389.100                       -            455 448514at33208        -            271   7.8e-12   46.8   9.2   1   3   1.7e-07   2.7e-05   25.3   0.7    41    98   162   218   143   224 0.85 -
evm.utg389.100                       -            455 448514at33208        -            271   7.8e-12   46.8   9.2   2   3   3.9e-06   0.00061   20.9   0.1    26    77   226   278   219   288 0.86 -
evm.utg389.100                       -            455 448514at33208        -            271   7.8e-12   46.8   9.2   3   3      0.21        32    5.4   0.2    29   100   281   357   277   366 0.79 -
evm.utg7950.21                       -            652 448514at33208        -            271   1.3e-11   46.1   3.1   1   2   6.7e-07   0.00011   23.4   0.2    12    99    51   142    41   148 0.81 -
evm.utg7950.21                       -            652 448514at33208        -            271   1.3e-11   46.1   3.1   2   2   8.3e-07   0.00013   23.1   0.3    28   101   151   228   146   250 0.83 -
evm.utg389.12.2.5c22f032             -            702 448514at33208        -            271   1.4e-11   45.9  22.1   1   5    0.0033      0.52   11.3   0.6    78   158    98   181    79   187 0.80 -
evm.utg389.12.2.5c22f032             -            702 448514at33208        -            271   1.4e-11   45.9  22.1   2   5    0.0025      0.38   11.7   1.7     5    99   105   203   101   216 0.67 -
evm.utg389.12.2.5c22f032             -            702 448514at33208        -            271   1.4e-11   45.9  22.1   3   5      0.12        18    6.2   1.3    42    99   185   249   171   256 0.74 -
evm.utg389.12.2.5c22f032             -            702 448514at33208        -            271   1.4e-11   45.9  22.1   4   5   4.5e-05    0.0071   17.4   0.1    21    80   260   320   254   322 0.87 -
evm.utg389.12.2.5c22f032             -            702 448514at33208        -            271   1.4e-11   45.9  22.1   5   5   7.5e-08   1.2e-05   26.5   2.3    28   148   309   433   306   480 0.79 -
evm.utg4271.15                       -            398 448514at33208        -            271   1.5e-11   45.8   2.9   1   4    0.0009      0.14   13.1   0.1    25    62    94   133    74   142 0.83 -
evm.utg4271.15                       -            398 448514at33208        -            271   1.5e-11   45.8   2.9   2   4   4.3e-05    0.0068   17.5   0.0     4    62   160   220   155   231 0.69 -
evm.utg4271.15                       -            398 448514at33208        -            271   1.5e-11   45.8   2.9   3   4     0.026         4    8.4   0.0    24    65   239   281   233   289 0.83 -
evm.utg4271.15                       -            398 448514at33208        -            271   1.5e-11   45.8   2.9   4   4         1   1.6e+02    3.1   0.0     9    56   313   361   305   381 0.62 -
utg356.equina_smart_371689.mrna1     -            318 448514at33208        -            271   1.5e-11   45.8   2.1   1   2   5.2e-06   0.00081   20.5   0.0     4   159    14   169    11   202 0.74 -
utg356.equina_smart_371689.mrna1     -            318 448514at33208        -            271   1.5e-11   45.8   2.1   2   2   7.1e-07   0.00011   23.3   1.0    24    99   212   292   201   307 0.81 -
evm.utg7821.35                       -            557 448514at33208        -            271   1.6e-11   45.7   2.5   1   5   0.00031     0.048   14.7   0.0   233   268   131   166   127   169 0.88 -
evm.utg7821.35                       -            557 448514at33208        -            271   1.6e-11   45.7   2.5   2   5       1.5   2.3e+02    2.6   0.0    27    58   184   216   178   228 0.82 -
evm.utg7821.35                       -            557 448514at33208        -            271   1.6e-11   45.7   2.5   3   5     0.028       4.3    8.3   0.1    39    95   283   340   266   353 0.73 -
evm.utg7821.35                       -            557 448514at33208        -            271   1.6e-11   45.7   2.5   4   5     0.055       8.5    7.3   0.0   235   270   476   511   397   512 0.72 -
evm.utg7821.35                       -            557 448514at33208        -            271   1.6e-11   45.7   2.5   5   5      0.15        24    5.8   0.0    21    58   516   554   511   556 0.84 -
evm.utg479.8                         -            451 448514at33208        -            271   1.9e-11   45.5   4.9   1   5   0.00017     0.026   15.5   0.4    28    71    39    82    29    87 0.92 -
evm.utg479.8                         -            451 448514at33208        -            271   1.9e-11   45.5   4.9   2   5     0.029       4.5    8.2   0.2    40    75   105   140   102   202 0.82 -
evm.utg479.8                         -            451 448514at33208        -            271   1.9e-11   45.5   4.9   3   5      0.12        19    6.2   0.0    14    65   212   265   198   274 0.75 -
evm.utg479.8                         -            451 448514at33208        -            271   1.9e-11   45.5   4.9   4   5    0.0022      0.35   11.9   0.0    12    56   303   349   294   352 0.81 -
evm.utg479.8                         -            451 448514at33208        -            271   1.9e-11   45.5   4.9   5   5       4.9   7.6e+02    0.9   0.0    28    62   398   432   388   436 0.82 -
evm.utg7264.10                       -            194 448514at33208        -            271     2e-11   45.4  12.2   1   3     0.015       2.3    9.1   0.2    28    58    56    87    51    91 0.87 -
evm.utg7264.10                       -            194 448514at33208        -            271     2e-11   45.4  12.2   2   3   3.3e-10   5.1e-08   34.2   3.6    37   101    88   155    86   177 0.83 -
evm.utg7264.10                       -            194 448514at33208        -            271     2e-11   45.4  12.2   3   3       5.9   9.3e+02    0.6   0.0   194   219   156   181   152   190 0.67 -
evm.utg498.152                       -           1030 448514at33208        -            271   2.8e-11   45.0   0.5   1   3   1.3e-06    0.0002   22.5   0.0     4    99   487   584   484   599 0.85 -
evm.utg498.152                       -           1030 448514at33208        -            271   2.8e-11   45.0   0.5   2   3   0.00027     0.042   14.9   0.1    29    97   593   661   585   673 0.81 -
evm.utg498.152                       -           1030 448514at33208        -            271   2.8e-11   45.0   0.5   3   3   9.2e-06    0.0014   19.7   0.2     4   135   608   740   604   747 0.74 -
evm.utg498.152.1.5c22f1a3            -            739 448514at33208        -            271   2.8e-11   44.9   0.4   1   3   9.2e-07   0.00014   23.0   0.0     4    99   487   584   484   595 0.86 -
evm.utg498.152.1.5c22f1a3            -            739 448514at33208        -            271   2.8e-11   44.9   0.4   2   3   0.00016     0.025   15.6   0.2    29    97   593   661   587   676 0.80 -
evm.utg498.152.1.5c22f1a3            -            739 448514at33208        -            271   2.8e-11   44.9   0.4   3   3       1.3   2.1e+02    2.7   0.0    28    58   673   702   664   714 0.84 -
evm.utg479.8.2.5c22f153              -            362 448514at33208        -            271   2.9e-11   44.9   4.4   1   4   0.00012     0.019   16.0   0.4    28    71    39    82    29    87 0.92 -
evm.utg479.8.2.5c22f153              -            362 448514at33208        -            271   2.9e-11   44.9   4.4   2   4     0.021       3.3    8.7   0.2    40    75   105   140   102   202 0.82 -
evm.utg479.8.2.5c22f153              -            362 448514at33208        -            271   2.9e-11   44.9   4.4   3   4     0.082        13    6.7   0.0    13    66   211   266   198   278 0.76 -
evm.utg479.8.2.5c22f153              -            362 448514at33208        -            271   2.9e-11   44.9   4.4   4   4    0.0016      0.26   12.3   0.0    12    56   303   349   294   352 0.81 -
evm.utg418.59                        -            511 448514at33208        -            271   3.4e-11   44.7   8.5   1   2   1.9e-11   2.9e-09   38.3   0.3    26   105   325   412   303   421 0.82 -
evm.utg418.59                        -            511 448514at33208        -            271   3.4e-11   44.7   8.5   2   2     0.019         3    8.8   0.1    40    60   432   452   423   464 0.87 -
evm.utg2303.45                       -            565 448514at33208        -            271   3.5e-11   44.6   6.9   1   3    0.0032       0.5   11.3   0.0    27    97   272   348   261   351 0.84 -
evm.utg2303.45                       -            565 448514at33208        -            271   3.5e-11   44.6   6.9   2   3   1.9e-10     3e-08   35.0   1.9     2   145   333   478   332   494 0.84 -
evm.utg2303.45                       -            565 448514at33208        -            271   3.5e-11   44.6   6.9   3   3       2.4   3.7e+02    1.9   0.0   208   258   496   550   492   562 0.70 -
evm.utg7048.1                        -            362 448514at33208        -            271   3.8e-11   44.5   0.6   1   4       1.2   1.9e+02    2.9   0.0    39    64    49    73    21    82 0.71 -
evm.utg7048.1                        -            362 448514at33208        -            271   3.8e-11   44.5   0.6   2   4   1.8e-07   2.8e-05   25.3   0.0     3   101   101   203    99   211 0.84 -
evm.utg7048.1                        -            362 448514at33208        -            271   3.8e-11   44.5   0.6   3   4     0.013         2    9.4   0.0    29    58   210   239   201   250 0.85 -
evm.utg7048.1                        -            362 448514at33208        -            271   3.8e-11   44.5   0.6   4   4         2   3.1e+02    2.2   0.0   202   227   312   337   308   346 0.88 -
evm.utg3872.12.1.5c22f029            -            412 448514at33208        -            271   5.6e-11   44.0   3.0   1   4      0.45        70    4.3   0.0   245   266   117   138   108   144 0.86 -
evm.utg3872.12.1.5c22f029            -            412 448514at33208        -            271   5.6e-11   44.0   3.0   2   4      0.44        69    4.3   0.0   231   267   153   189   145   193 0.74 -
evm.utg3872.12.1.5c22f029            -            412 448514at33208        -            271   5.6e-11   44.0   3.0   3   4   1.6e-07   2.5e-05   25.4   0.8    22   101   197   280   192   332 0.84 -
evm.utg3872.12.1.5c22f029            -            412 448514at33208        -            271   5.6e-11   44.0   3.0   4   4       0.1        16    6.4   0.0     9    56   361   409   353   411 0.81 -
evm.utg1897.4                        -            455 448514at33208        -            271   6.2e-11   43.8   8.2   1   3   1.5e-07   2.3e-05   25.6   0.9    40    98   161   218   130   224 0.82 -
evm.utg1897.4                        -            455 448514at33208        -            271   6.2e-11   43.8   8.2   2   3   3.8e-06    0.0006   20.9   0.2    26    77   226   278   219   289 0.86 -
evm.utg1897.4                        -            455 448514at33208        -            271   6.2e-11   43.8   8.2   3   3       5.1     8e+02    0.8   0.1    29   100   281   357   276   365 0.63 -
evm.utg5290.27                       -            565 448514at33208        -            271   7.6e-11   43.5   8.2   1   3    0.0053      0.83   10.6   0.0    27    97   272   348   262   350 0.83 -
evm.utg5290.27                       -            565 448514at33208        -            271   7.6e-11   43.5   8.2   2   3   1.3e-10     2e-08   35.6   2.3     2   146   333   479   331   494 0.84 -
evm.utg5290.27                       -            565 448514at33208        -            271   7.6e-11   43.5   8.2   3   3       2.4   3.7e+02    1.9   0.0   208   258   496   550   490   562 0.70 -
evm.utg5290.27.1.5c22f1dc            -            533 448514at33208        -            271   7.6e-11   43.5   8.3   1   3    0.0049      0.76   10.7   0.0    27    97   240   316   230   318 0.83 -
evm.utg5290.27.1.5c22f1dc            -            533 448514at33208        -            271   7.6e-11   43.5   8.3   2   3   1.2e-10   1.9e-08   35.7   2.4     2   146   301   447   299   462 0.84 -
evm.utg5290.27.1.5c22f1dc            -            533 448514at33208        -            271   7.6e-11   43.5   8.3   3   3       2.2   3.5e+02    2.0   0.0   208   258   464   518   458   530 0.70 -
evm.utg479.8.1.5c22f153              -            444 448514at33208        -            271   8.1e-11   43.4   6.6   1   5   0.00016     0.026   15.6   0.4    28    71    39    82    29    87 0.92 -
evm.utg479.8.1.5c22f153              -            444 448514at33208        -            271   8.1e-11   43.4   6.6   2   5     0.028       4.4    8.2   0.2    40    75   105   140   102   202 0.82 -
evm.utg479.8.1.5c22f153              -            444 448514at33208        -            271   8.1e-11   43.4   6.6   3   5      0.12        19    6.2   0.0    14    65   212   265   198   274 0.75 -
evm.utg479.8.1.5c22f153              -            444 448514at33208        -            271   8.1e-11   43.4   6.6   4   5    0.0022      0.34   11.9   0.0    12    56   303   349   294   352 0.81 -
evm.utg479.8.1.5c22f153              -            444 448514at33208        -            271   8.1e-11   43.4   6.6   5   5       7.5   1.2e+03    0.3   0.0    28    57   398   427   389   435 0.84 -
evm.utg320.49                        -            928 448514at33208        -            271     1e-10   43.1   2.5   1   3   0.00099      0.15   13.0   0.2    25    58    76   111    64   117 0.89 -
evm.utg320.49                        -            928 448514at33208        -            271     1e-10   43.1   2.5   2   3     0.024       3.8    8.4   0.0    45    96   148   200   129   210 0.78 -
evm.utg320.49                        -            928 448514at33208        -            271     1e-10   43.1   2.5   3   3   4.3e-05    0.0067   17.5   0.0    29    74   592   639   586   673 0.80 -
evm.utg378.33                        -            500 448514at33208        -            271   1.1e-10   43.0   0.5   1   2   1.4e-08   2.2e-06   28.9   0.6    23    94    87   165    68   246 0.78 -
evm.utg378.33                        -            500 448514at33208        -            271   1.1e-10   43.0   0.5   2   2    0.0052      0.81   10.7   0.0     3    96   306   410   304   426 0.74 -
evm.utg435.1                         -            468 448514at33208        -            271   1.1e-10   42.9   0.6   1   4       1.7   2.6e+02    2.4   0.0    39    64   156   180   128   189 0.71 -
evm.utg435.1                         -            468 448514at33208        -            271   1.1e-10   42.9   0.6   2   4   1.2e-07   1.8e-05   25.9   0.0     3   101   208   310   206   319 0.84 -
evm.utg435.1                         -            468 448514at33208        -            271   1.1e-10   42.9   0.6   3   4      0.05       7.8    7.4   0.0    29    58   317   346   307   357 0.85 -
evm.utg435.1                         -            468 448514at33208        -            271   1.1e-10   42.9   0.6   4   4       2.7   4.2e+02    1.8   0.0   202   227   418   443   413   451 0.88 -
evm.utg1278.33                       -            655 448514at33208        -            271   1.7e-10   42.4   5.0   1   4       2.1   3.3e+02    2.1   0.0    82   103   195   216   171   229 0.74 -
evm.utg1278.33                       -            655 448514at33208        -            271   1.7e-10   42.4   5.0   2   4   4.7e-06   0.00073   20.6   0.3    28    98   280   361   273   362 0.64 -
evm.utg1278.33                       -            655 448514at33208        -            271   1.7e-10   42.4   5.0   3   4   7.4e-06    0.0012   20.0   0.1     3    66   346   415   344   424 0.77 -
evm.utg1278.33                       -            655 448514at33208        -            271   1.7e-10   42.4   5.0   4   4       1.6   2.5e+02    2.5   0.1   240   267   471   498   421   502 0.75 -
evm.utg3872.12                       -            514 448514at33208        -            271   1.8e-10   42.3   3.1   1   4      0.59        93    3.9   0.0   245   266   219   240   210   245 0.86 -
evm.utg3872.12                       -            514 448514at33208        -            271   1.8e-10   42.3   3.1   2   4       0.6        94    3.9   0.0   232   267   256   291   248   295 0.74 -
evm.utg3872.12                       -            514 448514at33208        -            271   1.8e-10   42.3   3.1   3   4   2.3e-07   3.7e-05   24.9   0.8    22   101   299   382   294   434 0.84 -
evm.utg3872.12                       -            514 448514at33208        -            271   1.8e-10   42.3   3.1   4   4      0.14        22    6.0   0.0    10    56   464   511   455   513 0.81 -
evm.utg470.32                        -           1060 448514at33208        -            271   1.9e-10   42.2   3.4   1   5      0.93   1.5e+02    3.3   0.1    21    63    52    96    34   103 0.78 -
evm.utg470.32                        -           1060 448514at33208        -            271   1.9e-10   42.2   3.4   2   5     0.015       2.3    9.1   0.0    68   101   367   404   343   409 0.68 -
evm.utg470.32                        -           1060 448514at33208        -            271   1.9e-10   42.2   3.4   3   5       6.8   1.1e+03    0.4   0.0     4    50   430   479   427   487 0.71 -
evm.utg470.32                        -           1060 448514at33208        -            271   1.9e-10   42.2   3.4   4   5   2.3e-06   0.00036   21.6   0.0     2    98   513   617   493   623 0.82 -
evm.utg470.32                        -           1060 448514at33208        -            271   1.9e-10   42.2   3.4   5   5       1.2   1.9e+02    2.9   0.0    43    64   644   665   627   679 0.87 -
evm.utg577.63                        -            506 448514at33208        -            271     2e-10   42.2   3.5   1   4     4e-07   6.3e-05   24.1   0.3    26    97   205   282   191   288 0.79 -
evm.utg577.63                        -            506 448514at33208        -            271     2e-10   42.2   3.5   2   4   0.00098      0.15   13.0   0.0   200   260   251   315   240   326 0.80 -
evm.utg577.63                        -            506 448514at33208        -            271     2e-10   42.2   3.5   3   4    0.0036      0.56   11.2   0.1    28   138   292   415   283   433 0.80 -
evm.utg577.63                        -            506 448514at33208        -            271     2e-10   42.2   3.5   4   4      0.45        70    4.3   0.0   243   269   437   463   423   465 0.85 -
evm.utg73.96                         -            327 448514at33208        -            271   2.3e-10   42.0   2.4   1   4       5.9   9.2e+02    0.6   0.1    29   224    30    54     7    70 0.53 -
evm.utg73.96                         -            327 448514at33208        -            271   2.3e-10   42.0   2.4   2   4   2.3e-05    0.0037   18.3   0.3    10    63    55   110    50   123 0.83 -
evm.utg73.96                         -            327 448514at33208        -            271   2.3e-10   42.0   2.4   3   4    0.0016      0.25   12.3   0.0    26    61   196   232   181   238 0.84 -
evm.utg73.96                         -            327 448514at33208        -            271   2.3e-10   42.0   2.4   4   4     0.055       8.7    7.3   0.0   205   259   245   302   239   306 0.84 -
evm.utg777.49.2.5c22f40d             -            602 448514at33208        -            271   2.7e-10   41.7   2.2   1   2   1.6e-07   2.5e-05   25.4   0.4    29   100   413   488   391   493 0.84 -
evm.utg777.49.2.5c22f40d             -            602 448514at33208        -            271   2.7e-10   41.7   2.2   2   2   0.00052     0.081   13.9   0.0    28    71   496   540   488   543 0.83 -
evm.utg3092.70                       -            717 448514at33208        -            271   4.8e-10   40.9   3.6   1   4       9.5   1.5e+03   -0.1   0.0    83    99    76    92    70    99 0.70 -
evm.utg3092.70                       -            717 448514at33208        -            271   4.8e-10   40.9   3.6   2   4   0.00081      0.13   13.3   0.1    40    99   105   170    97   178 0.80 -
evm.utg3092.70                       -            717 448514at33208        -            271   4.8e-10   40.9   3.6   3   4   0.00099      0.16   13.0   0.1    42   102   152   217   152   236 0.61 -
evm.utg3092.70                       -            717 448514at33208        -            271   4.8e-10   40.9   3.6   4   4   0.00018     0.029   15.4   0.0    43    80   241   278   235   281 0.92 -
evm.utg55.122                        -            446 448514at33208        -            271   5.8e-10   40.6  20.1   1   6      0.22        34    5.3   0.3    65    97   106   139    92   146 0.87 -
evm.utg55.122                        -            446 448514at33208        -            271   5.8e-10   40.6  20.1   2   6      0.37        57    4.6   2.4    29   104   111   190   107   200 0.57 -
evm.utg55.122                        -            446 448514at33208        -            271   5.8e-10   40.6  20.1   3   6      0.18        28    5.6   1.0    15    57   183   228   168   231 0.71 -
evm.utg55.122                        -            446 448514at33208        -            271   5.8e-10   40.6  20.1   4   6    0.0041      0.64   11.0   0.4    28    71   270   313   257   325 0.63 -
evm.utg55.122                        -            446 448514at33208        -            271   5.8e-10   40.6  20.1   5   6    0.0014      0.22   12.5   0.0    43    78   326   364   321   372 0.85 -
evm.utg55.122                        -            446 448514at33208        -            271   5.8e-10   40.6  20.1   6   6   6.5e-05      0.01   16.9   0.1    43    99   372   431   368   437 0.85 -
evm.utg868.30                        -           1627 448514at33208        -            271   5.9e-10   40.6  12.5   1   4   2.9e-08   4.5e-06   27.9   0.1    26   101  1307  1383  1298  1394 0.85 -
evm.utg868.30                        -           1627 448514at33208        -            271   5.9e-10   40.6  12.5   2   4       2.5   3.9e+02    1.8   0.0    50    74  1428  1452  1408  1481 0.85 -
evm.utg868.30                        -           1627 448514at33208        -            271   5.9e-10   40.6  12.5   3   4     0.011       1.8    9.5   0.1    25    99  1494  1571  1486  1576 0.81 -
evm.utg868.30                        -           1627 448514at33208        -            271   5.9e-10   40.6  12.5   4   4     0.044       6.9    7.6   0.1     2    58  1554  1609  1553  1617 0.80 -
evm.utg699.93                        -            360 448514at33208        -            271     6e-10   40.6   2.3   1   5    0.0077       1.2   10.1   0.0    45   101    30    98     4   110 0.72 -
evm.utg699.93                        -            360 448514at33208        -            271     6e-10   40.6   2.3   2   5      0.01       1.6    9.7   0.1    43   100    79   138    73   141 0.85 -
evm.utg699.93                        -            360 448514at33208        -            271     6e-10   40.6   2.3   3   5     0.034       5.3    8.0   0.1    46   102   123   180   117   183 0.77 -
evm.utg699.93                        -            360 448514at33208        -            271     6e-10   40.6   2.3   4   5    0.0014      0.22   12.5   0.0    26    76   182   231   175   235 0.80 -
evm.utg699.93                        -            360 448514at33208        -            271     6e-10   40.6   2.3   5   5     0.036       5.7    7.9   0.0    27    90   223   288   215   305 0.78 -
evm.utg911.6.2.5c22f4f3.1.5c279873   -           1182 448514at33208        -            271   7.6e-10   40.3  12.7   1   5      0.35        55    4.6   0.0   199   257    85   152    78   156 0.73 -
evm.utg911.6.2.5c22f4f3.1.5c279873   -           1182 448514at33208        -            271   7.6e-10   40.3  12.7   2   5     0.098        15    6.5   0.4    14    95   119   204   113   224 0.75 -
evm.utg911.6.2.5c22f4f3.1.5c279873   -           1182 448514at33208        -            271   7.6e-10   40.3  12.7   3   5     0.025       3.8    8.4   0.2    43   133   412   500   403   505 0.70 -
evm.utg911.6.2.5c22f4f3.1.5c279873   -           1182 448514at33208        -            271   7.6e-10   40.3  12.7   4   5      0.26        40    5.1   0.0    22    99   469   553   453   594 0.67 -
evm.utg911.6.2.5c22f4f3.1.5c279873   -           1182 448514at33208        -            271   7.6e-10   40.3  12.7   5   5     3e-07   4.8e-05   24.5   0.0     4   103   630   736   627   751 0.78 -
evm.utg8380.14                       -            389 448514at33208        -            271   8.2e-10   40.1   3.8   1   1   4.1e-11   6.4e-09   37.2   3.9     6   101   208   311   204   316 0.82 -
evm.utg411.98                        -            324 448514at33208        -            271   8.4e-10   40.1   0.3   1   3   0.00021     0.033   15.2   0.4    10    93     4    95     1   104 0.76 -
evm.utg411.98                        -            324 448514at33208        -            271   8.4e-10   40.1   0.3   2   3   8.5e-05     0.013   16.5   0.0    42   146   125   235   109   247 0.84 -
evm.utg411.98                        -            324 448514at33208        -            271   8.4e-10   40.1   0.3   3   3      0.37        58    4.6   0.0   208   261   250   308   241   316 0.69 -
evm.utg1192.3.1.5c22e912             -           1870 448514at33208        -            271   9.9e-10   39.9  11.9   1   4     0.041       6.4    7.7   0.2    13    95   118   204   111   225 0.76 -
evm.utg1192.3.1.5c22e912             -           1870 448514at33208        -            271   9.9e-10   39.9  11.9   2   4     0.043       6.7    7.6   0.2    43   132   412   499   401   503 0.68 -
evm.utg1192.3.1.5c22e912             -           1870 448514at33208        -            271   9.9e-10   39.9  11.9   3   4      0.76   1.2e+02    3.5   0.0    11    80   500   574   491   610 0.66 -
evm.utg1192.3.1.5c22e912             -           1870 448514at33208        -            271   9.9e-10   39.9  11.9   4   4   5.4e-07   8.4e-05   23.7   0.0     4   103   630   736   627   751 0.78 -
evm.utg1192.3                        -           1939 448514at33208        -            271   1.1e-09   39.7  11.8   1   5         2   3.1e+02    2.2   0.0   199   257    85   152    78   153 0.65 -
evm.utg1192.3                        -           1939 448514at33208        -            271   1.1e-09   39.7  11.8   2   5     0.042       6.6    7.7   0.2    13    95   118   204   111   225 0.76 -
evm.utg1192.3                        -           1939 448514at33208        -            271   1.1e-09   39.7  11.8   3   5     0.037       5.8    7.8   0.2    43   133   412   500   401   507 0.71 -
evm.utg1192.3                        -           1939 448514at33208        -            271   1.1e-09   39.7  11.8   4   5      0.72   1.1e+02    3.6   0.0    11    80   500   574   490   610 0.66 -
evm.utg1192.3                        -           1939 448514at33208        -            271   1.1e-09   39.7  11.8   5   5   5.6e-07   8.8e-05   23.6   0.0     4   103   630   736   627   751 0.78 -
evm.utg788.47                        -           1044 448514at33208        -            271   1.5e-09   39.3   8.2   1   7       0.8   1.3e+02    3.5   0.1    63    83   267   287   230   291 0.80 -
evm.utg788.47                        -           1044 448514at33208        -            271   1.5e-09   39.3   8.2   2   7      0.12        19    6.1   0.0    42    97   334   393   290   402 0.68 -
evm.utg788.47                        -           1044 448514at33208        -            271   1.5e-09   39.3   8.2   3   7      0.72   1.1e+02    3.6   0.0   220   265   429   476   418   480 0.80 -
evm.utg788.47                        -           1044 448514at33208        -            271   1.5e-09   39.3   8.2   4   7      0.27        43    5.0   0.0    41    69   493   520   486   548 0.82 -
evm.utg788.47                        -           1044 448514at33208        -            271   1.5e-09   39.3   8.2   5   7      0.01       1.6    9.7   0.0    70   117   570   618   567   627 0.71 -
evm.utg788.47                        -           1044 448514at33208        -            271   1.5e-09   39.3   8.2   6   7       1.3   2.1e+02    2.8   0.0    81   102   734   755   718   762 0.86 -
evm.utg788.47                        -           1044 448514at33208        -            271   1.5e-09   39.3   8.2   7   7       0.2        32    5.4   0.0    27    58   772   806   767   811 0.81 -
evm.utg5774.24                       -            295 448514at33208        -            271   1.5e-09   39.3   0.6   1   3       0.3        47    4.9   0.0    81   101    74    94    67   121 0.82 -
evm.utg5774.24                       -            295 448514at33208        -            271   1.5e-09   39.3   0.6   2   3     0.018       2.9    8.8   0.1    41    97   127   190   121   197 0.72 -
evm.utg5774.24                       -            295 448514at33208        -            271   1.5e-09   39.3   0.6   3   3   1.9e-06    0.0003   21.9   0.0     4    58   217   272   215   280 0.87 -
evm.utg967.29                        -            325 448514at33208        -            271   1.7e-09   39.1   0.1   1   2       1.3     2e+02    2.8   0.1    40    80    69   108    54   109 0.81 -
evm.utg967.29                        -            325 448514at33208        -            271   1.7e-09   39.1   0.1   2   2   9.9e-10   1.6e-07   32.7   0.1    28   224    97   287    83   293 0.82 -
evm.utg245.48                        -            321 448514at33208        -            271   2.1e-09   38.8   4.7   1   4   0.00071      0.11   13.5   0.5    42   109    34   113    17   122 0.75 -
evm.utg245.48                        -            321 448514at33208        -            271   2.1e-09   38.8   4.7   2   4   1.8e-05    0.0029   18.7   0.5    45   109    88   154    83   159 0.82 -
evm.utg245.48                        -            321 448514at33208        -            271   2.1e-09   38.8   4.7   3   4   2.7e-06   0.00042   21.4   0.3     2    61   127   185   125   191 0.93 -
evm.utg245.48                        -            321 448514at33208        -            271   2.1e-09   38.8   4.7   4   4       0.7   1.1e+02    3.7   0.0     3    57   259   313   257   319 0.83 -
evm.utg911.6.2.5c22f4f3              -           1606 448514at33208        -            271   2.3e-09   38.7  11.6   1   5      0.32        50    4.8   0.0   199   258    85   153    68   162 0.74 -
evm.utg911.6.2.5c22f4f3              -           1606 448514at33208        -            271   2.3e-09   38.7  11.6   2   5      0.14        21    6.0   0.3    14    95   119   204   113   224 0.75 -
evm.utg911.6.2.5c22f4f3              -           1606 448514at33208        -            271   2.3e-09   38.7  11.6   3   5     0.024       3.8    8.5   0.3    43   136   412   503   403   520 0.74 -
evm.utg911.6.2.5c22f4f3              -           1606 448514at33208        -            271   2.3e-09   38.7  11.6   4   5      0.38        60    4.5   0.0    21    99   468   553   451   593 0.69 -
evm.utg911.6.2.5c22f4f3              -           1606 448514at33208        -            271   2.3e-09   38.7  11.6   5   5   4.5e-07     7e-05   24.0   0.0     4   103   630   736   627   751 0.78 -
evm.utg73.39                         -            326 448514at33208        -            271   2.4e-09   38.6   3.4   1   3     0.022       3.4    8.6   0.1    43   103    30    91     9    95 0.71 -
evm.utg73.39                         -            326 448514at33208        -            271   2.4e-09   38.6   3.4   2   3   9.3e-06    0.0015   19.6   0.1    23   133    90   203    81   207 0.71 -
evm.utg73.39                         -            326 448514at33208        -            271   2.4e-09   38.6   3.4   3   3     0.012       1.8    9.5   0.0    19    63   224   269   216   287 0.83 -
evm.utg498.66                        -            670 448514at33208        -            271   2.8e-09   38.4  12.9   1   4       5.1   7.9e+02    0.8   0.1   161   230    87   168    70   200 0.70 -
evm.utg498.66                        -            670 448514at33208        -            271   2.8e-09   38.4  12.9   2   4   4.4e-06   0.00068   20.7   0.6    43   100   413   471   395   480 0.82 -
evm.utg498.66                        -            670 448514at33208        -            271   2.8e-09   38.4  12.9   3   4   0.00089      0.14   13.2   2.0    51   145   500   591   475   594 0.84 -
evm.utg498.66                        -            670 448514at33208        -            271   2.8e-09   38.4  12.9   4   4    0.0021      0.33   11.9   0.0     5    95   574   668   570   669 0.77 -
evm.utg911.6.1.5c22f4f3              -           1631 448514at33208        -            271     3e-09   38.3  11.9   1   5      0.36        56    4.6   0.0   199   258    85   153    74   162 0.76 -
evm.utg911.6.1.5c22f4f3              -           1631 448514at33208        -            271     3e-09   38.3  11.9   2   5      0.13        21    6.0   0.3    13    95   118   204   111   224 0.75 -
evm.utg911.6.1.5c22f4f3              -           1631 448514at33208        -            271     3e-09   38.3  11.9   3   5     0.025       3.8    8.4   0.3    43   136   412   503   403   520 0.74 -
evm.utg911.6.1.5c22f4f3              -           1631 448514at33208        -            271     3e-09   38.3  11.9   4   5      0.39        61    4.5   0.0    21    99   468   553   451   593 0.69 -
evm.utg911.6.1.5c22f4f3              -           1631 448514at33208        -            271     3e-09   38.3  11.9   5   5   4.6e-07   7.2e-05   23.9   0.0     4   103   630   736   627   751 0.78 -
evm.utg911.6                         -           1632 448514at33208        -            271     3e-09   38.3  11.9   1   5      0.36        56    4.6   0.0   199   258    85   153    74   162 0.76 -
evm.utg911.6                         -           1632 448514at33208        -            271     3e-09   38.3  11.9   2   5      0.13        21    6.0   0.3    13    95   118   204   111   224 0.75 -
evm.utg911.6                         -           1632 448514at33208        -            271     3e-09   38.3  11.9   3   5     0.025       3.8    8.4   0.3    43   136   412   503   403   520 0.74 -
evm.utg911.6                         -           1632 448514at33208        -            271     3e-09   38.3  11.9   4   5      0.39        61    4.5   0.0    21    99   468   553   451   593 0.69 -
evm.utg911.6                         -           1632 448514at33208        -            271     3e-09   38.3  11.9   5   5   4.6e-07   7.2e-05   23.9   0.0     4   103   630   736   627   751 0.78 -
evm.utg126.151                       -            820 448514at33208        -            271   3.2e-09   38.2   0.5   1   4      0.83   1.3e+02    3.4   0.0    28    57    44    74    34   129 0.77 -
evm.utg126.151                       -            820 448514at33208        -            271   3.2e-09   38.2   0.5   2   4     0.063       9.8    7.1   0.0    40    61   147   168   146   194 0.84 -
evm.utg126.151                       -            820 448514at33208        -            271   3.2e-09   38.2   0.5   3   4      0.27        42    5.0   0.0    43    66   200   223   186   230 0.83 -
evm.utg126.151                       -            820 448514at33208        -            271   3.2e-09   38.2   0.5   4   4   4.7e-05    0.0074   17.3   0.0    18    96   674   755   664   768 0.84 -
evm.utg715.1                         -            408 448514at33208        -            271   4.3e-09   37.8   0.7   1   3     0.072        11    6.9   0.0    27   105    63   146    52   156 0.76 -
evm.utg715.1                         -            408 448514at33208        -            271   4.3e-09   37.8   0.7   2   3   1.4e-06   0.00022   22.4   0.1     2   113   213   327   212   330 0.82 -
evm.utg715.1                         -            408 448514at33208        -            271   4.3e-09   37.8   0.7   3   3      0.14        22    6.0   0.1    30    58   327   356   316   365 0.73 -
evm.utg183.20                        -            427 448514at33208        -            271   4.4e-09   37.7   0.0   1   4    0.0025      0.38   11.7   0.1    29    71    98   141    66   144 0.82 -
evm.utg183.20                        -            427 448514at33208        -            271   4.4e-09   37.7   0.0   2   4   0.00056     0.087   13.8   0.0    29    77   140   189   140   194 0.90 -
evm.utg183.20                        -            427 448514at33208        -            271   4.4e-09   37.7   0.0   3   4      0.76   1.2e+02    3.5   0.0    34    60   204   229   190   238 0.73 -
evm.utg183.20                        -            427 448514at33208        -            271   4.4e-09   37.7   0.0   4   4       0.3        47    4.8   0.0    32   104   304   379   292   388 0.70 -
evm.utg1542.30                       -            977 448514at33208        -            271   4.7e-09   37.6   1.3   1   3    0.0016      0.25   12.3   0.0    25    62    65   103    50   124 0.81 -
evm.utg1542.30                       -            977 448514at33208        -            271   4.7e-09   37.6   1.3   2   3   1.5e-06   0.00024   22.2   0.4    39   105   141   211   117   244 0.73 -
evm.utg1542.30                       -            977 448514at33208        -            271   4.7e-09   37.6   1.3   3   3       9.1   1.4e+03    0.0   0.0   201   250   221   278   208   284 0.63 -
evm.utg801.40                        -            682 448514at33208        -            271   5.2e-09   37.5   0.0   1   2   1.2e-07   1.9e-05   25.8   0.0    27   174    20   169    10   186 0.85 -
evm.utg801.40                        -            682 448514at33208        -            271   5.2e-09   37.5   0.0   2   2     0.019         3    8.8   0.0    43    97   562   619   544   655 0.81 -
evm.utg194.33                        -            633 448514at33208        -            271   5.4e-09   37.5   0.3   1   1   1.2e-10   1.8e-08   35.7   0.1    11    97   444   533   441   541 0.88 -
evm.utg109.77                        -            797 448514at33208        -            271   5.8e-09   37.4  12.0   1   5   2.8e-05    0.0043   18.1   0.3    19    77    57   119    37   153 0.77 -
evm.utg109.77                        -            797 448514at33208        -            271   5.8e-09   37.4  12.0   2   5     0.015       2.3    9.2   0.0    64   106   207   255   181   271 0.74 -
evm.utg109.77                        -            797 448514at33208        -            271   5.8e-09   37.4  12.0   3   5       4.5     7e+02    1.0   0.0    26    58   460   492   451   503 0.86 -
evm.utg109.77                        -            797 448514at33208        -            271   5.8e-09   37.4  12.0   4   5     0.042       6.6    7.7   0.5    43    92   614   666   607   702 0.79 -
evm.utg109.77                        -            797 448514at33208        -            271   5.8e-09   37.4  12.0   5   5       2.6     4e+02    1.8   0.3    26    57   693   725   673   730 0.75 -
evm.utg6072.16                       -            506 448514at33208        -            271     7e-09   37.1   5.7   1   4   1.1e-06   0.00017   22.7   0.2    21    96   200   281   189   288 0.77 -
evm.utg6072.16                       -            506 448514at33208        -            271     7e-09   37.1   5.7   2   4    0.0089       1.4    9.9   0.1   203   260   254   315   244   324 0.78 -
evm.utg6072.16                       -            506 448514at33208        -            271     7e-09   37.1   5.7   3   4     0.036       5.6    7.9   0.3    28   136   292   413   281   429 0.76 -
evm.utg6072.16                       -            506 448514at33208        -            271     7e-09   37.1   5.7   4   4     0.014       2.2    9.2   0.1   158   266   385   503   377   505 0.68 -
evm.utg736.40                        -            406 448514at33208        -            271   7.9e-09   36.9   3.5   1   2     0.036       5.6    7.9   0.7     7   136   158   308   152   320 0.60 -
evm.utg736.40                        -            406 448514at33208        -            271   7.9e-09   36.9   3.5   2   2   1.3e-08     2e-06   29.0   0.1    44    97   342   398   336   404 0.87 -
evm.utg245.62                        -            499 448514at33208        -            271   1.1e-08   36.5   0.2   1   2   5.1e-09   7.9e-07   30.4   0.0    42   177   237   372   203   384 0.84 -
evm.utg245.62                        -            499 448514at33208        -            271   1.1e-08   36.5   0.2   2   2      0.56        88    4.0   0.0    53    96   425   471   375   490 0.62 -
evm.utg2099.34                       -            412 448514at33208        -            271   1.2e-08   36.3   1.6   1   2    0.0065         1   10.3   0.1    25    58   203   239   196   246 0.81 -
evm.utg2099.34                       -            412 448514at33208        -            271   1.2e-08   36.3   1.6   2   2   2.2e-07   3.4e-05   25.0   0.3    26    81   311   371   285   378 0.81 -
evm.utg1290.9                        -            598 448514at33208        -            271   1.5e-08   36.0   9.7   1   3   0.00068      0.11   13.5   0.1    29   104   318   396   297   398 0.77 -
evm.utg1290.9                        -            598 448514at33208        -            271   1.5e-08   36.0   9.7   2   3    0.0004     0.063   14.3   1.6    16    98   390   471   389   489 0.81 -
evm.utg1290.9                        -            598 448514at33208        -            271   1.5e-08   36.0   9.7   3   3   0.00048     0.075   14.0   0.3     3    92   497   588   495   596 0.76 -
evm.utg73.96.1.5c22f3bc              -            243 448514at33208        -            271   1.5e-08   36.0   1.5   1   3         4   6.2e+02    1.2   0.1    29   222    30    52     5    67 0.52 -
evm.utg73.96.1.5c22f3bc              -            243 448514at33208        -            271   1.5e-08   36.0   1.5   2   3   1.6e-05    0.0025   18.9   0.2    10    63    55   110    52   120 0.83 -
evm.utg73.96.1.5c22f3bc              -            243 448514at33208        -            271   1.5e-08   36.0   1.5   3   3     0.001      0.16   12.9   0.0    26    61   196   232   180   237 0.84 -
evm.utg715.1.1.5c22f38a              -            371 448514at33208        -            271   2.2e-08   35.4   0.4   1   2     0.061       9.5    7.1   0.0    27   105    63   146    52   156 0.76 -
evm.utg715.1.1.5c22f38a              -            371 448514at33208        -            271   2.2e-08   35.4   0.4   2   2     4e-07   6.2e-05   24.1   0.3     2   122   213   339   211   351 0.80 -
evm.utg861.53                        -            556 448514at33208        -            271   2.9e-08   35.1   0.5   1   2   4.7e-05    0.0074   17.3   0.1    27   103   253   335   243   407 0.73 -
evm.utg861.53                        -            556 448514at33208        -            271   2.9e-08   35.1   0.5   2   2   0.00022     0.034   15.1   0.1    40    96   481   541   457   551 0.68 -
evm.utg1056.107                      -            669 448514at33208        -            271     3e-08   35.0   1.4   1   2    0.0006     0.094   13.7   0.1     8    60   432   486   424   498 0.81 -
evm.utg1056.107                      -            669 448514at33208        -            271     3e-08   35.0   1.4   2   2   1.4e-05    0.0021   19.1   0.1    31    99   497   570   487   576 0.79 -
evm.utg234.60.1.5c279240             -            226 448514at33208        -            271   3.4e-08   34.8   3.5   1   3   0.00025     0.039   15.0   0.8    25   101     8    94     3   101 0.72 -
evm.utg234.60.1.5c279240             -            226 448514at33208        -            271   3.4e-08   34.8   3.5   2   3      0.92   1.4e+02    3.3   0.0   245   266   108   129   103   133 0.89 -
evm.utg234.60.1.5c279240             -            226 448514at33208        -            271   3.4e-08   34.8   3.5   3   3   0.00029     0.045   14.7   0.0    12    58   169   216   158   220 0.71 -
evm.utg73.80                         -            359 448514at33208        -            271   3.7e-08   34.7  15.6   1   4   4.4e-06   0.00068   20.7   1.1    19   104    39   126    32   147 0.84 -
evm.utg73.80                         -            359 448514at33208        -            271   3.7e-08   34.7  15.6   2   4   0.00014     0.022   15.8   1.0    27    98    88   164    80   174 0.81 -
evm.utg73.80                         -            359 448514at33208        -            271   3.7e-08   34.7  15.6   3   4   0.00026     0.041   14.9   0.3     3    63   149   210   147   220 0.89 -
evm.utg73.80                         -            359 448514at33208        -            271   3.7e-08   34.7  15.6   4   4       0.7   1.1e+02    3.7   0.8    41    59   283   300   249   311 0.67 -
evm.utg1056.107.1.5c22e85b           -            724 448514at33208        -            271   3.8e-08   34.7   1.1   1   2   0.00073      0.11   13.4   0.1     8    59   432   485   424   496 0.81 -
evm.utg1056.107.1.5c22e85b           -            724 448514at33208        -            271   3.8e-08   34.7   1.1   2   2   1.6e-05    0.0024   18.9   0.1    31    99   497   570   488   576 0.79 -
evm.utg2303.45.1.5c22ed61            -            469 448514at33208        -            271   3.9e-08   34.7   4.9   1   2    0.0026      0.41   11.6   0.0    27    97   272   348   265   351 0.84 -
evm.utg2303.45.1.5c22ed61            -            469 448514at33208        -            271   3.9e-08   34.7   4.9   2   2   5.7e-08   8.9e-06   26.9   1.1     2   105   333   440   331   460 0.84 -
evm.utg2428.30                       -            816 448514at33208        -            271   5.5e-08   34.2   0.9   1   4     0.015       2.4    9.1   0.0    66   118    48   104    41   132 0.71 -
evm.utg2428.30                       -            816 448514at33208        -            271   5.5e-08   34.2   0.9   2   4     0.051         8    7.4   0.0    40    62   154   176   138   180 0.83 -
evm.utg2428.30                       -            816 448514at33208        -            271   5.5e-08   34.2   0.9   3   4     0.004      0.63   11.0   0.1     2    63   157   222   156   226 0.74 -
evm.utg2428.30                       -            816 448514at33208        -            271   5.5e-08   34.2   0.9   4   4      0.07        11    6.9   0.0    45   113   296   380   286   393 0.68 -
evm.utg6924.10                       -            677 448514at33208        -            271     1e-07   33.3   8.5   1   2     0.002      0.32   12.0   0.0    53    96    46    92    43   124 0.91 -
evm.utg6924.10                       -            677 448514at33208        -            271     1e-07   33.3   8.5   2   2   1.6e-05    0.0025   18.9   3.1    42   135   523   627   521   629 0.77 -
evm.utg5985.20                       -            327 448514at33208        -            271   1.1e-07   33.1   1.2   1   4   0.00046     0.072   14.1   0.0    33   148    20   147    14   172 0.70 -
evm.utg5985.20                       -            327 448514at33208        -            271   1.1e-07   33.1   1.2   2   4    0.0084       1.3   10.0   0.1    49    94   180   228   172   245 0.60 -
evm.utg5985.20                       -            327 448514at33208        -            271   1.1e-07   33.1   1.2   3   4       0.6        94    3.9   0.0   211   268   221   275   216   279 0.77 -
evm.utg5985.20                       -            327 448514at33208        -            271   1.1e-07   33.1   1.2   4   4      0.24        37    5.2   0.0     3    58   262   322   260   325 0.70 -
evm.utg498.144                       -           1008 448514at33208        -            271   1.4e-07   32.8   9.0   1   4   0.00061     0.095   13.7   0.5    12    79   452   523   446   555 0.80 -
evm.utg498.144                       -           1008 448514at33208        -            271   1.4e-07   32.8   9.0   2   4      0.21        33    5.4   0.0    35   102   569   636   555   650 0.71 -
evm.utg498.144                       -           1008 448514at33208        -            271   1.4e-07   32.8   9.0   3   4      0.25        40    5.1   0.2    45    61   715   731   707   741 0.83 -
evm.utg498.144                       -           1008 448514at33208        -            271   1.4e-07   32.8   9.0   4   4     0.051         8    7.4   0.1    37   104   900   974   888   991 0.71 -
evm.utg5774.3                        -            408 448514at33208        -            271   1.4e-07   32.8   0.4   1   3       5.8     9e+02    0.7   0.0    30    60    30    61    22    65 0.78 -
evm.utg5774.3                        -            408 448514at33208        -            271   1.4e-07   32.8   0.4   2   3   8.7e-07   0.00014   23.0   0.0    19   103   194   283   182   296 0.74 -
evm.utg5774.3                        -            408 448514at33208        -            271   1.4e-07   32.8   0.4   3   3      0.48        75    4.2   0.0    41    60   384   403   356   406 0.80 -
evm.utg431.28.29                     -            766 448514at33208        -            271   1.5e-07   32.7   0.6   1   2     0.034       5.3    8.0   0.0   196   269   416   494   407   496 0.75 -
evm.utg431.28.29                     -            766 448514at33208        -            271   1.5e-07   32.7   0.6   2   2   2.2e-06   0.00034   21.7   0.0    31   103   590   666   566   682 0.86 -
evm.utg116.299                       -            955 448514at33208        -            271   1.9e-07   32.4   3.4   1   2   4.9e-06   0.00076   20.6   0.9    25    99    97   176    77   180 0.74 -
evm.utg116.299                       -            955 448514at33208        -            271   1.9e-07   32.4   3.4   2   2    0.0064         1   10.4   0.1    41    62   201   222   183   229 0.77 -
evm.utg26120.19                      -            408 448514at33208        -            271     2e-07   32.3   0.5   1   3       5.8     9e+02    0.7   0.0    30    60    30    61    22    65 0.78 -
evm.utg26120.19                      -            408 448514at33208        -            271     2e-07   32.3   0.5   2   3   1.8e-06   0.00028   22.0   0.0    28   102   203   282   184   296 0.69 -
evm.utg26120.19                      -            408 448514at33208        -            271     2e-07   32.3   0.5   3   3      0.47        74    4.2   0.0    41    60   384   403   355   406 0.80 -
evm.utg910.142                       -            323 448514at33208        -            271   2.1e-07   32.2   4.8   1   3     0.021       3.2    8.7   0.6    29   132     9   115     5   150 0.67 -
evm.utg910.142                       -            323 448514at33208        -            271   2.1e-07   32.2   4.8   2   3   6.4e-05      0.01   16.9   0.3     4    63   158   219   155   225 0.80 -
evm.utg910.142                       -            323 448514at33208        -            271   2.1e-07   32.2   4.8   3   3      0.27        42    5.0   0.0   181   239   256   320   243   322 0.77 -
evm.utg192.39                        -            299 448514at33208        -            271   2.6e-07   31.9   0.3   1   2   5.6e-06   0.00087   20.4   0.0    42   101    32    95     4   104 0.84 -
evm.utg192.39                        -            299 448514at33208        -            271   2.6e-07   31.9   0.3   2   2    0.0099       1.5    9.7   0.1    44    99   120   179   108   204 0.68 -
evm.utg101.45                        -            862 448514at33208        -            271   2.6e-07   31.9   0.7   1   3    0.0057       0.9   10.5   0.0    35   111   160   243   150   269 0.74 -
evm.utg101.45                        -            862 448514at33208        -            271   2.6e-07   31.9   0.7   2   3     0.064        10    7.1   0.0   184   224   275   312   236   324 0.64 -
evm.utg101.45                        -            862 448514at33208        -            271   2.6e-07   31.9   0.7   3   3    0.0033      0.51   11.3   0.0   156   227   350   423   334   461 0.79 -
evm.utg7855.10                       -            364 448514at33208        -            271     4e-07   31.3  10.4   1   4    0.0018      0.28   12.1   0.7    24    58     6    41     3    67 0.88 -
evm.utg7855.10                       -            364 448514at33208        -            271     4e-07   31.3  10.4   2   4    0.0001     0.016   16.3   0.5    42    76    72   107    47   116 0.79 -
evm.utg7855.10                       -            364 448514at33208        -            271     4e-07   31.3  10.4   3   4      0.74   1.2e+02    3.6   0.0    43    58   130   145   111   158 0.71 -
evm.utg7855.10                       -            364 448514at33208        -            271     4e-07   31.3  10.4   4   4       1.1   1.7e+02    3.0   0.3    70   100   279   312   269   322 0.67 -
evm.utg1025.9                        -            364 448514at33208        -            271   4.9e-07   31.0  10.9   1   4    0.0017      0.26   12.2   0.6    24    58     6    41     3    66 0.87 -
evm.utg1025.9                        -            364 448514at33208        -            271   4.9e-07   31.0  10.9   2   4   0.00012     0.018   16.1   0.9    29    76    56   107    46   119 0.79 -
evm.utg1025.9                        -            364 448514at33208        -            271   4.9e-07   31.0  10.9   3   4      0.73   1.1e+02    3.6   0.0    43    58   130   145   111   159 0.72 -
evm.utg1025.9                        -            364 448514at33208        -            271   4.9e-07   31.0  10.9   4   4         1   1.6e+02    3.1   0.3    70   100   279   312   267   322 0.68 -
evm.utg15211.1                       -            289 448514at33208        -            271   4.9e-07   31.0   0.7   1   3       1.3   2.1e+02    2.8   0.0    33    59    42    70    29    75 0.76 -
evm.utg15211.1                       -            289 448514at33208        -            271   4.9e-07   31.0   0.7   2   3   6.8e-07   0.00011   23.4   0.1     2   114    54   169    52   171 0.82 -
evm.utg15211.1                       -            289 448514at33208        -            271   4.9e-07   31.0   0.7   3   3     0.087        14    6.6   0.1    30    58   168   197   157   206 0.73 -
evm.utg1049.27                       -           1217 448514at33208        -            271   5.1e-07   31.0   1.7   1   3       1.6   2.4e+02    2.5   0.0   112   225    59   175    40   224 0.72 -
evm.utg1049.27                       -           1217 448514at33208        -            271   5.1e-07   31.0   1.7   2   3      0.39        61    4.5   0.0   150   229   402   478   397   484 0.69 -
evm.utg1049.27                       -           1217 448514at33208        -            271   5.1e-07   31.0   1.7   3   3   1.4e-05    0.0021   19.1   0.2    55   123   476   547   473   568 0.82 -
evm.utg798.13                        -            382 448514at33208        -            271   6.2e-07   30.7   0.5   1   3      0.14        23    5.9   0.3    26    73    75   120    68   124 0.85 -
evm.utg798.13                        -            382 448514at33208        -            271   6.2e-07   30.7   0.5   2   3     0.071        11    6.9   0.0     4    63   146   206   144   217 0.81 -
evm.utg798.13                        -            382 448514at33208        -            271   6.2e-07   30.7   0.5   3   3    0.0005     0.077   14.0   0.0    43   101   233   296   229   312 0.85 -
evm.utg597.204                       -            898 448514at33208        -            271   9.2e-07   30.1   4.2   1   4       3.3   5.2e+02    1.4   0.3    43    64   157   176    33   196 0.57 -
evm.utg597.204                       -            898 448514at33208        -            271   9.2e-07   30.1   4.2   2   4         5   7.7e+02    0.9   0.0    46    78   158   190   147   214 0.80 -
evm.utg597.204                       -            898 448514at33208        -            271   9.2e-07   30.1   4.2   3   4      0.14        22    5.9   0.0    43    97   240   298   228   312 0.66 -
evm.utg597.204                       -            898 448514at33208        -            271   9.2e-07   30.1   4.2   4   4   6.2e-06   0.00098   20.2   0.3    41    98   527   587   518   616 0.90 -
evm.utg6379.9                        -            677 448514at33208        -            271   9.8e-07   30.1   9.4   1   2     0.004      0.63   11.0   0.1    53    98    46    94    43   205 0.81 -
evm.utg6379.9                        -            677 448514at33208        -            271   9.8e-07   30.1   9.4   2   2   1.2e-05    0.0019   19.2   3.5    42   135   523   627   521   630 0.79 -
evm.utg498.151.1.5c22f1a3            -            517 448514at33208        -            271   1.1e-06   29.9   0.1   1   2    0.0011      0.17   12.9   0.1    25   135   194   312   188   323 0.74 -
evm.utg498.151.1.5c22f1a3            -            517 448514at33208        -            271   1.1e-06   29.9   0.1   2   2   0.00031     0.049   14.6   0.0    32   101   439   513   427   516 0.77 -
evm.utg1290.9.1.5c22ea0d             -            569 448514at33208        -            271   1.2e-06   29.8   2.1   1   2   0.00042     0.066   14.2   0.1    29   105   318   397   297   421 0.79 -
evm.utg1290.9.1.5c22ea0d             -            569 448514at33208        -            271   1.2e-06   29.8   2.1   2   2   0.00043     0.067   14.2   0.2     3    92   468   559   465   567 0.76 -
evm.utg729.160.1.5c22f3a9            -            827 448514at33208        -            271   1.3e-06   29.7   1.9   1   3     0.006      0.94   10.4   0.0    35    99    16    86     4    97 0.78 -
evm.utg729.160.1.5c22f3a9            -            827 448514at33208        -            271   1.3e-06   29.7   1.9   2   3     0.013         2    9.4   0.1     2    59   122   181   121   185 0.93 -
evm.utg729.160.1.5c22f3a9            -            827 448514at33208        -            271   1.3e-06   29.7   1.9   3   3      0.14        22    5.9   0.0    15    56   609   651   594   655 0.73 -
evm.utg788.89                        -            256 448514at33208        -            271   1.4e-06   29.6   8.9   1   2   1.6e-07   2.5e-05   25.4   0.8    22    98     6    90     2   135 0.77 -
evm.utg788.89                        -            256 448514at33208        -            271   1.4e-06   29.6   8.9   2   2       0.1        16    6.4   1.9    42    98   181   246   176   252 0.66 -
evm.utg150.51                        -            579 448514at33208        -            271   1.4e-06   29.5   1.0   1   3       3.4   5.4e+02    1.4   0.0    87   136   312   365   288   380 0.69 -
evm.utg150.51                        -            579 448514at33208        -            271   1.4e-06   29.5   1.0   2   3   3.2e-07   5.1e-05   24.4   0.1     3   106   354   462   352   471 0.72 -
evm.utg150.51                        -            579 448514at33208        -            271   1.4e-06   29.5   1.0   3   3       8.9   1.4e+03    0.0   0.0   237   268   544   575   535   578 0.84 -
evm.utg4194.43                       -            521 448514at33208        -            271   1.5e-06   29.5   0.3   1   2   1.6e-05    0.0025   18.9   0.0    42   102   254   318   232   329 0.85 -
evm.utg4194.43                       -            521 448514at33208        -            271   1.5e-06   29.5   0.3   2   2     0.024       3.8    8.4   0.1    44    99   342   401   326   426 0.69 -
evm.utg109.41.1.5c22e88a             -            506 448514at33208        -            271   1.6e-06   29.4   1.5   1   3   0.00042     0.066   14.2   0.1    40    98   362   423   349   426 0.76 -
evm.utg109.41.1.5c22e88a             -            506 448514at33208        -            271   1.6e-06   29.4   1.5   2   3    0.0039      0.61   11.0   0.2    42    97   406   464   398   465 0.76 -
evm.utg109.41.1.5c22e88a             -            506 448514at33208        -            271   1.6e-06   29.4   1.5   3   3    0.0022      0.35   11.9   0.1    28    71   433   477   428   479 0.84 -
evm.utg1005.5                        -            983 448514at33208        -            271   1.6e-06   29.4   8.4   1   3     0.016       2.5    9.1   0.3    21    96   730   806   710   822 0.79 -
evm.utg1005.5                        -            983 448514at33208        -            271   1.6e-06   29.4   8.4   2   3   1.5e-06   0.00024   22.2   1.4     4   136   754   896   751   915 0.83 -
evm.utg1005.5                        -            983 448514at33208        -            271   1.6e-06   29.4   8.4   3   3     0.014       2.2    9.2   0.1    42    98   922   981   911   982 0.84 -
evm.utg280.24                        -            336 448514at33208        -            271   2.1e-06   29.0   0.5   1   2   3.1e-05    0.0048   18.0   0.1    29    99    96   172    59   182 0.82 -
evm.utg280.24                        -            336 448514at33208        -            271   2.1e-06   29.0   0.5   2   2     0.015       2.3    9.2   0.0    40   100   205   274   199   328 0.82 -
evm.utg1205.96                       -            619 448514at33208        -            271   2.7e-06   28.6   0.6   1   2   8.1e-05     0.013   16.6   0.3     7    98    92   189    86   190 0.81 -
evm.utg1205.96                       -            619 448514at33208        -            271   2.7e-06   28.6   0.6   2   2    0.0006     0.093   13.7   0.0    38   136   168   270   161   278 0.79 -
evm.utg801.96.1.5c22f45f             -            327 448514at33208        -            271   2.9e-06   28.5   4.1   1   4    0.0012      0.19   12.7   0.1    25   107   122   220   102   224 0.55 -
evm.utg801.96.1.5c22f45f             -            327 448514at33208        -            271   2.9e-06   28.5   4.1   2   4     0.004      0.62   11.0   1.0    45    68   197   221   191   239 0.62 -
evm.utg801.96.1.5c22f45f             -            327 448514at33208        -            271   2.9e-06   28.5   4.1   3   4    0.0059      0.92   10.5   0.3    28    63   228   265   219   270 0.78 -
evm.utg801.96.1.5c22f45f             -            327 448514at33208        -            271   2.9e-06   28.5   4.1   4   4      0.27        42    5.0   0.1    19    51   265   299   262   310 0.79 -
evm.utg967.29.1.5c22f549             -            266 448514at33208        -            271   3.3e-06   28.3   1.4   1   2      0.97   1.5e+02    3.2   0.1    40    80    69   108    55   109 0.81 -
evm.utg967.29.1.5c22f549             -            266 448514at33208        -            271   3.3e-06   28.3   1.4   2   2   1.5e-07   2.4e-05   25.5   0.9    28   177    97   240    83   252 0.76 -
evm.utg2417.39.1.5c22ed97            -            754 448514at33208        -            271   3.3e-06   28.3   4.3   1   3    0.0013      0.21   12.6   0.0    80   130    95   148    86   153 0.83 -
evm.utg2417.39.1.5c22ed97            -            754 448514at33208        -            271   3.3e-06   28.3   4.3   2   3   3.3e-05    0.0051   17.9   0.1    27   111   125   216   121   221 0.84 -
evm.utg2417.39.1.5c22ed97            -            754 448514at33208        -            271   3.3e-06   28.3   4.3   3   3    0.0018      0.28   12.2   0.6     2    97   187   296   186   301 0.69 -
evm.utg693.67                        -           1677 448514at33208        -            271   3.4e-06   28.3   4.1   1   4    0.0035      0.55   11.2   0.2    28    96    57   133    32   185 0.77 -
evm.utg693.67                        -           1677 448514at33208        -            271   3.4e-06   28.3   4.1   2   4       6.8   1.1e+03    0.4   0.0    43    58   223   238   219   244 0.84 -
evm.utg693.67                        -           1677 448514at33208        -            271   3.4e-06   28.3   4.1   3   4     0.064        10    7.1   0.0    51   102   290   348   278   402 0.60 -
evm.utg693.67                        -           1677 448514at33208        -            271   3.4e-06   28.3   4.1   4   4      0.13        20    6.1   0.0    42   103   635   700   613   725 0.79 -
evm.utg26120.19.1.5c2792a7           -            291 448514at33208        -            271   3.4e-06   28.3   0.2   1   2       3.7   5.8e+02    1.3   0.0    30    60    30    61    22    65 0.78 -
evm.utg26120.19.1.5c2792a7           -            291 448514at33208        -            271   3.4e-06   28.3   0.2   2   2   1.3e-06    0.0002   22.4   0.0    25    99   200   279   183   288 0.68 -
evm.utg790.33                        -            336 448514at33208        -            271   3.7e-06   28.2   0.0   1   2   2.9e-05    0.0046   18.0   0.1    29    99    96   172    62   183 0.81 -
evm.utg790.33                        -            336 448514at33208        -            271   3.7e-06   28.2   0.0   2   2     0.046       7.2    7.5   0.0    40    99   205   273   202   291 0.78 -
evm.utg729.160                       -            877 448514at33208        -            271   3.8e-06   28.1   7.5   1   4    0.0065         1   10.3   0.0    35    99    16    86     4    97 0.78 -
evm.utg729.160                       -            877 448514at33208        -            271   3.8e-06   28.1   7.5   2   4     0.014       2.2    9.3   0.1     2    59   122   181   121   185 0.93 -
evm.utg729.160                       -            877 448514at33208        -            271   3.8e-06   28.1   7.5   3   4      0.15        24    5.8   0.0    15    56   609   651   594   655 0.73 -
evm.utg729.160                       -            877 448514at33208        -            271   3.8e-06   28.1   7.5   4   4       3.2     5e+02    1.5   0.1    43    72   812   841   758   844 0.75 -
evm.utg2417.39.2.5c22ed97            -            627 448514at33208        -            271   3.8e-06   28.1   5.6   1   3    0.0013       0.2   12.7   0.0    80   129    95   147    85   152 0.84 -
evm.utg2417.39.2.5c22ed97            -            627 448514at33208        -            271   3.8e-06   28.1   5.6   2   3   3.1e-05    0.0048   17.9   0.2    28   111   126   216   123   221 0.84 -
evm.utg2417.39.2.5c22ed97            -            627 448514at33208        -            271   3.8e-06   28.1   5.6   3   3    0.0015      0.24   12.4   0.8     2    97   187   296   186   301 0.69 -
evm.utg5774.3.1.5c22f241             -            362 448514at33208        -            271   4.5e-06   27.9   0.2   1   2       4.9   7.7e+02    0.9   0.0    30    60    30    61    22    65 0.78 -
evm.utg5774.3.1.5c22f241             -            362 448514at33208        -            271   4.5e-06   27.9   0.2   2   2     7e-07   0.00011   23.3   0.0    18   103   193   283   182   296 0.74 -
evm.utg431.28.29.1.5c27950b          -            796 448514at33208        -            271   4.6e-06   27.8   0.4   1   2         2   3.1e+02    2.2   0.0   238   265   420   447   410   465 0.67 -
evm.utg431.28.29.1.5c27950b          -            796 448514at33208        -            271   4.6e-06   27.8   0.4   2   2   2.3e-06   0.00035   21.7   0.0    31   103   620   696   596   712 0.86 -
utg7821.evm.utg13634.5.mrna2         -            359 448514at33208        -            271   4.8e-06   27.8   4.0   1   4      0.38        59    4.5   0.0   243   268    51    76    38    79 0.87 -
utg7821.evm.utg13634.5.mrna2         -            359 448514at33208        -            271   4.8e-06   27.8   4.0   2   4       0.3        46    4.9   0.1    75    98   100   124    95   131 0.65 -
utg7821.evm.utg13634.5.mrna2         -            359 448514at33208        -            271   4.8e-06   27.8   4.0   3   4    0.0058      0.91   10.5   0.0    36    70   142   177   129   190 0.82 -
utg7821.evm.utg13634.5.mrna2         -            359 448514at33208        -            271   4.8e-06   27.8   4.0   4   4     0.091        14    6.6   0.1    26    60   192   228   180   269 0.84 -
evm.utg3878.20                       -           1023 448514at33208        -            271   4.8e-06   27.8   0.2   1   1     1e-07   1.6e-05   26.1   0.2     4   107    31   138    29   262 0.71 -
evm.utg190.40                        -            509 448514at33208        -            271     5e-06   27.7   0.2   1   2   2.1e-05    0.0033   18.5   0.1    39    99    96   167    83   171 0.80 -
evm.utg190.40                        -            509 448514at33208        -            271     5e-06   27.7   0.2   2   2      0.11        17    6.3   0.0    42    99   191   256   170   295 0.59 -
evm.utg190.40.1.5c22ec4c             -            509 448514at33208        -            271     5e-06   27.7   0.2   1   2   2.1e-05    0.0033   18.5   0.1    39    99    96   167    83   171 0.80 -
evm.utg190.40.1.5c22ec4c             -            509 448514at33208        -            271     5e-06   27.7   0.2   2   2      0.11        17    6.3   0.0    42    99   191   256   170   295 0.59 -
evm.utg1819.13                       -            476 448514at33208        -            271   5.4e-06   27.6   8.1   1   2   0.00018     0.028   15.5   0.2    33   100   200   274   190   279 0.82 -
evm.utg1819.13                       -            476 448514at33208        -            271   5.4e-06   27.6   8.1   2   2   0.00012     0.018   16.0   0.2    25   100   279   354   274   370 0.88 -
evm.utg2417.39                       -            829 448514at33208        -            271   5.8e-06   27.5   4.5   1   3   0.00093      0.15   13.1   0.0    80   131    95   149    85   163 0.78 -
evm.utg2417.39                       -            829 448514at33208        -            271   5.8e-06   27.5   4.5   2   3   4.5e-05     0.007   17.4   0.2    28   111   126   216   123   223 0.85 -
evm.utg2417.39                       -            829 448514at33208        -            271   5.8e-06   27.5   4.5   3   3    0.0022      0.34   11.9   0.7     2    97   187   296   186   301 0.69 -
evm.utg1226.20                       -           1094 448514at33208        -            271   5.8e-06   27.5   0.2   1   1   1.2e-07   1.9e-05   25.8   0.2     4   106   102   208   100   335 0.73 -
evm.utg190.40.2.5c22ec4c             -            494 448514at33208        -            271   7.3e-06   27.2   0.0   1   2     2e-05    0.0031   18.6   0.1    39    99    96   167    83   171 0.80 -
evm.utg190.40.2.5c22ec4c             -            494 448514at33208        -            271   7.3e-06   27.2   0.0   2   2       0.1        16    6.4   0.0    42    99   191   256   170   295 0.59 -
evm.utg415.95                        -            377 448514at33208        -            271   8.7e-06   26.9   1.5   1   2   0.00064       0.1   13.6   0.3    33   128    14   117     3   156 0.76 -
evm.utg415.95                        -            377 448514at33208        -            271   8.7e-06   26.9   1.5   2   2     0.017       2.7    8.9   0.0    82   102   348   368   327   373 0.88 -
evm.utg8.11                          -            830 448514at33208        -            271   9.5e-06   26.8   6.5   1   3    0.0016      0.25   12.3   0.0    80   130    95   148    91   153 0.82 -
evm.utg8.11                          -            830 448514at33208        -            271   9.5e-06   26.8   6.5   2   3   3.9e-05    0.0061   17.6   0.1    26   111   124   216   118   221 0.84 -
evm.utg8.11                          -            830 448514at33208        -            271   9.5e-06   26.8   6.5   3   3    0.0011      0.17   12.8   0.6     2    97   187   296   186   300 0.69 -
evm.utg1285.17                       -            455 448514at33208        -            271   9.7e-06   26.8   0.4   1   2     0.066        10    7.0   0.0    24    65    47    89    37   122 0.85 -
evm.utg1285.17                       -            455 448514at33208        -            271   9.7e-06   26.8   0.4   2   2   4.5e-05     0.007   17.4   0.1    25    60   414   451   389   454 0.76 -
evm.utg7840.7                        -            280 448514at33208        -            271   1.1e-05   26.5   6.6   1   3    0.0015      0.24   12.4   0.1    35   100     7    78     3    82 0.64 -
evm.utg7840.7                        -            280 448514at33208        -            271   1.1e-05   26.5   6.6   2   3    0.0011      0.18   12.8   0.2    34    76    51    93    37    98 0.82 -
evm.utg7840.7                        -            280 448514at33208        -            271   1.1e-05   26.5   6.6   3   3   5.4e-05    0.0085   17.1   0.3    24   100    82   158    77   173 0.88 -
evm.utg1721.37.1.5c22ebc9            -            385 448514at33208        -            271   1.2e-05   26.5   7.6   1   4   0.00012     0.018   16.0   2.9    26   100   110   187    84   201 0.81 -
evm.utg1721.37.1.5c22ebc9            -            385 448514at33208        -            271   1.2e-05   26.5   7.6   2   4       7.6   1.2e+03    0.3   0.0    48    60   215   227   188   235 0.70 -
evm.utg1721.37.1.5c22ebc9            -            385 448514at33208        -            271   1.2e-05   26.5   7.6   3   4       3.7   5.8e+02    1.3   0.0   246   267   297   318   284   323 0.86 -
evm.utg1721.37.1.5c22ebc9            -            385 448514at33208        -            271   1.2e-05   26.5   7.6   4   4     0.065        10    7.0   0.0   235   267   327   359   320   363 0.88 -
evm.utg1285.72                       -           1198 448514at33208        -            271   1.3e-05   26.4   0.8   1   4       1.4   2.2e+02    2.7   0.0    21    76   934   995   916  1003 0.71 -
evm.utg1285.72                       -           1198 448514at33208        -            271   1.3e-05   26.4   0.8   2   4   0.00056     0.088   13.8   0.1    11    97  1017  1106  1006  1112 0.71 -
evm.utg1285.72                       -           1198 448514at33208        -            271   1.3e-05   26.4   0.8   3   4       0.3        46    4.9   0.0   201   266  1076  1145  1067  1149 0.67 -
evm.utg1285.72                       -           1198 448514at33208        -            271   1.3e-05   26.4   0.8   4   4      0.59        92    3.9   0.0   208   260  1125  1186  1122  1195 0.73 -
evm.utg1721.37                       -            409 448514at33208        -            271   1.7e-05   26.0   8.3   1   4   9.5e-05     0.015   16.3   2.5    26    99   110   186    84   200 0.81 -
evm.utg1721.37                       -            409 448514at33208        -            271   1.7e-05   26.0   8.3   2   4       7.8   1.2e+03    0.2   0.0    48    60   215   227   188   237 0.71 -
evm.utg1721.37                       -            409 448514at33208        -            271   1.7e-05   26.0   8.3   3   4       3.5   5.5e+02    1.3   0.0   246   267   297   318   266   322 0.87 -
evm.utg1721.37                       -            409 448514at33208        -            271   1.7e-05   26.0   8.3   4   4     0.071        11    6.9   0.0   235   267   327   359   320   363 0.88 -
evm.utg4464.3                        -            892 448514at33208        -            271   1.7e-05   26.0   5.0   1   3       2.6     4e+02    1.8   0.6    67   135    94   166    33   200 0.51 -
evm.utg4464.3                        -            892 448514at33208        -            271   1.7e-05   26.0   5.0   2   3       3.7   5.8e+02    1.3   0.0    44    86   241   287   235   294 0.48 -
evm.utg4464.3                        -            892 448514at33208        -            271   1.7e-05   26.0   5.0   3   3   3.9e-06   0.00062   20.9   0.4    41    98   521   581   509   615 0.88 -
evm.utg5985.15.3.5c22f28e            -            337 448514at33208        -            271   1.9e-05   25.8   0.2   1   2    0.0041      0.64   11.0   0.0    91   227    13   155     8   165 0.75 -
evm.utg5985.15.3.5c22f28e            -            337 448514at33208        -            271   1.9e-05   25.8   0.2   2   2    0.0015      0.24   12.4   0.0    58   172   166   286   153   292 0.81 -
evm.utg5985.15.2.5c22f28e            -            349 448514at33208        -            271   2.3e-05   25.6   0.2   1   2    0.0044      0.69   10.9   0.0    91   227    13   155     8   165 0.75 -
evm.utg5985.15.2.5c22f28e            -            349 448514at33208        -            271   2.3e-05   25.6   0.2   2   2    0.0017      0.26   12.3   0.0    58   172   166   286   153   292 0.81 -
evm.utg1272.13.1.5c22e9c5            -            492 448514at33208        -            271   2.6e-05   25.4   5.7   1   3      0.39        60    4.5   0.1    28    77   227   275   221   290 0.75 -
evm.utg1272.13.1.5c22e9c5            -            492 448514at33208        -            271   2.6e-05   25.4   5.7   2   3     0.061       9.5    7.1   0.0    41    99   298   356   280   362 0.85 -
evm.utg1272.13.1.5c22e9c5            -            492 448514at33208        -            271   2.6e-05   25.4   5.7   3   3    0.0003     0.047   14.7   0.6    28    62   365   399   358   408 0.90 -
evm.utg498.151.2.5c22f1a3.1.5c2795b7 -            334 448514at33208        -            271     3e-05   25.2   0.2   1   2   0.00052     0.082   13.9   0.2    25   135    19   137    14   147 0.74 -
evm.utg498.151.2.5c22f1a3.1.5c2795b7 -            334 448514at33208        -            271     3e-05   25.2   0.2   2   2     0.021       3.2    8.7   0.0    32    86   264   322   252   329 0.78 -
evm.utg243.69                        -           1751 448514at33208        -            271     3e-05   25.2   4.0   1   4     0.015       2.3    9.2   0.1    27    97    56   134    32   189 0.66 -
evm.utg243.69                        -           1751 448514at33208        -            271     3e-05   25.2   4.0   2   4       7.4   1.1e+03    0.3   0.0    43    58   223   238   219   243 0.84 -
evm.utg243.69                        -           1751 448514at33208        -            271     3e-05   25.2   4.0   3   4      0.17        27    5.7   0.0    68   101   311   347   278   396 0.70 -
evm.utg243.69                        -           1751 448514at33208        -            271     3e-05   25.2   4.0   4   4       0.3        47    4.9   0.1    42    96   636   694   612   722 0.60 -
evm.utg378.105                       -            554 448514at33208        -            271   3.2e-05   25.1   0.2   1   2   0.00032     0.051   14.6   0.0     2    58    38    95    22   107 0.92 -
evm.utg378.105                       -            554 448514at33208        -            271   3.2e-05   25.1   0.2   2   2     0.041       6.3    7.7   0.1   131   223   171   273   157   291 0.72 -
evm.utg1272.13                       -            609 448514at33208        -            271   3.4e-05   25.0   6.7   1   3      0.53        83    4.1   0.1    28    77   227   275   218   282 0.73 -
evm.utg1272.13                       -            609 448514at33208        -            271   3.4e-05   25.0   6.7   2   3     0.082        13    6.7   0.0    41    99   298   356   280   362 0.85 -
evm.utg1272.13                       -            609 448514at33208        -            271   3.4e-05   25.0   6.7   3   3   0.00035     0.055   14.5   0.5    28    62   365   399   357   409 0.90 -
evm.utg2428.30.1.5c22ed9a            -            721 448514at33208        -            271   3.8e-05   24.8   0.3   1   3     0.046       7.3    7.5   0.0    40    62    59    81    44    85 0.84 -
evm.utg2428.30.1.5c22ed9a            -            721 448514at33208        -            271   3.8e-05   24.8   0.3   2   3    0.0035      0.54   11.2   0.1     2    63    62   127    61   131 0.74 -
evm.utg2428.30.1.5c22ed9a            -            721 448514at33208        -            271   3.8e-05   24.8   0.3   3   3     0.057       8.9    7.2   0.0    45   114   201   286   191   300 0.68 -
evm.utg21766.14                      -            538 448514at33208        -            271   5.4e-05   24.3   0.7   1   3    0.0001     0.016   16.2   0.0    26    60    52    87    30    95 0.75 -
evm.utg21766.14                      -            538 448514at33208        -            271   5.4e-05   24.3   0.7   2   3      0.89   1.4e+02    3.3   0.2    41    80   131   170   104   202 0.66 -
evm.utg21766.14                      -            538 448514at33208        -            271   5.4e-05   24.3   0.7   3   3       6.3   9.9e+02    0.5   0.0   152   242   300   391   289   402 0.62 -
evm.utg729.25.2.5c279763             -            767 448514at33208        -            271   6.2e-05   24.1   1.9   1   3    0.0032       0.5   11.3   0.0    27    99   445   532   441   537 0.71 -
evm.utg729.25.2.5c279763             -            767 448514at33208        -            271   6.2e-05   24.1   1.9   2   3       6.6     1e+03    0.5   0.0    26    57   550   582   534   587 0.73 -
evm.utg729.25.2.5c279763             -            767 448514at33208        -            271   6.2e-05   24.1   1.9   3   3     0.012       1.9    9.4   0.2     3    60   665   723   663   743 0.80 -
evm.utg139908.1                      -            208 448514at33208        -            271   6.7e-05   24.0   0.0   1   3      0.35        55    4.6   0.0    40    58    10    28     3    32 0.84 -
evm.utg139908.1                      -            208 448514at33208        -            271   6.7e-05   24.0   0.0   2   3   0.00041     0.065   14.2   0.0    20   111    41   134    34   162 0.78 -
evm.utg139908.1                      -            208 448514at33208        -            271   6.7e-05   24.0   0.0   3   3       1.2   1.9e+02    2.9   0.0    21    58   126   164   112   176 0.81 -
evm.utg55.185.2.5c22f22c             -            697 448514at33208        -            271   6.9e-05   24.0   0.2   1   2   0.00011     0.017   16.2   0.0   123   268    75   228    49   230 0.73 -
evm.utg55.185.2.5c22f22c             -            697 448514at33208        -            271   6.9e-05   24.0   0.2   2   2      0.92   1.4e+02    3.3   0.0   208   234   504   530   496   569 0.82 -
evm.utg729.25                        -            852 448514at33208        -            271     9e-05   23.6   1.9   1   3    0.0037      0.58   11.1   0.0    27    99   530   617   526   622 0.71 -
evm.utg729.25                        -            852 448514at33208        -            271     9e-05   23.6   1.9   2   3       8.2   1.3e+03    0.2   0.0    26    57   635   667   619   670 0.73 -
evm.utg729.25                        -            852 448514at33208        -            271     9e-05   23.6   1.9   3   3     0.014       2.2    9.2   0.2     3    60   750   808   748   828 0.80 -
evm.utg431.40.1.5c22f0d5             -            302 448514at33208        -            271   0.00011   23.4   4.5   1   2   1.3e-05     0.002   19.2   0.3    38    99    60   122    33   167 0.89 -
evm.utg431.40.1.5c22f0d5             -            302 448514at33208        -            271   0.00011   23.4   4.5   2   2      0.19        29    5.5   0.4    41    60   194   213   180   259 0.83 -
evm.utg1575.11                       -           1282 448514at33208        -            271   0.00011   23.4   5.0   1   3       1.7   2.7e+02    2.4   0.0    65    99   776   811   772   820 0.87 -
evm.utg1575.11                       -           1282 448514at33208        -            271   0.00011   23.4   5.0   2   3   0.00043     0.068   14.2   0.4    19    98  1067  1149  1056  1150 0.80 -
evm.utg1575.11                       -           1282 448514at33208        -            271   0.00011   23.4   5.0   3   3    0.0016      0.25   12.3   0.2    40   133  1130  1223  1125  1237 0.78 -
evm.utg55.185.1.5c22f22c             -            784 448514at33208        -            271   0.00012   23.2   0.2   1   2   0.00012     0.018   16.0   0.0   123   268    75   228    42   230 0.74 -
evm.utg55.185.1.5c22f22c             -            784 448514at33208        -            271   0.00012   23.2   0.2   2   2       1.1   1.7e+02    3.0   0.0   209   234   505   530   496   568 0.82 -
evm.utg431.40                        -            395 448514at33208        -            271   0.00013   23.1   3.7   1   2     2e-05    0.0031   18.6   0.2    38    99   153   215   126   256 0.89 -
evm.utg431.40                        -            395 448514at33208        -            271   0.00013   23.1   3.7   2   2      0.28        44    5.0   0.4    41    60   287   306   273   350 0.84 -
evm.utg55.185                        -            839 448514at33208        -            271   0.00014   23.0   0.1   1   2   0.00014     0.022   15.8   0.0   123   268    75   228    49   230 0.73 -
evm.utg55.185                        -            839 448514at33208        -            271   0.00014   23.0   0.1   2   2       1.2   1.9e+02    2.9   0.0   209   234   505   530   496   568 0.82 -
evm.utg4318.22                       -           1196 448514at33208        -            271   0.00014   23.0   0.0   1   2       0.3        46    4.9   0.0    24    63   117   158    87   236 0.66 -
evm.utg4318.22                       -           1196 448514at33208        -            271   0.00014   23.0   0.0   2   2   0.00024     0.038   15.0   0.0    45   110   232   304   226   328 0.79 -
evm.utg172.19                        -            489 448514at33208        -            271   0.00015   22.9   0.0   1   3    0.0003     0.047   14.7   0.0    11   136   204   334   196   344 0.78 -
evm.utg172.19                        -            489 448514at33208        -            271   0.00015   22.9   0.0   2   3      0.68   1.1e+02    3.7   0.0    40    80   319   359   298   413 0.66 -
evm.utg172.19                        -            489 448514at33208        -            271   0.00015   22.9   0.0   3   3       0.3        47    4.8   0.0    50   104   417   474   372   488 0.79 -
evm.utg579.33                        -           1399 448514at33208        -            271   0.00015   22.9   0.2   1   1   1.3e-05    0.0021   19.1   0.0    25    62  1024  1062  1015  1072 0.84 -
evm.utg116.42                        -            197 448514at33208        -            271   0.00015   22.9   0.2   1   2      0.58        91    3.9   0.0    43    72    39    68    10    73 0.87 -
evm.utg116.42                        -            197 448514at33208        -            271   0.00015   22.9   0.2   2   2    0.0001     0.016   16.3   0.0    41    79    81   119    75   124 0.94 -
evm.utg370.1                         -            190 448514at33208        -            271   0.00017   22.7   0.3   1   2   7.3e-05     0.011   16.7   0.0    27    58    61    93    49   101 0.83 -
evm.utg370.1                         -            190 448514at33208        -            271   0.00017   22.7   0.3   2   2       0.6        93    3.9   0.1    68   102   123   160   104   171 0.65 -
evm.utg2017.23                       -           1116 448514at33208        -            271   0.00019   22.6   0.1   1   2     0.011       1.7    9.6   0.0   206   268    98   163    94   166 0.79 -
evm.utg2017.23                       -           1116 448514at33208        -            271   0.00019   22.6   0.1   2   2    0.0076       1.2   10.1   0.1    57   144   214   306   204   319 0.71 -
evm.utg5513.6                        -           1208 448514at33208        -            271   0.00019   22.5   5.1   1   3     0.018       2.7    8.9   0.4    27    97   232   312   218   319 0.72 -
evm.utg5513.6                        -           1208 448514at33208        -            271   0.00019   22.5   5.1   2   3         7   1.1e+03    0.4   0.2    50   108   304   365   284   374 0.65 -
evm.utg5513.6                        -           1208 448514at33208        -            271   0.00019   22.5   5.1   3   3    0.0025      0.39   11.7   0.2    23    60  1115  1152  1109  1160 0.89 -
evm.utg6894.3                        -            395 448514at33208        -            271   0.00022   22.4   3.7   1   2     4e-05    0.0063   17.6   0.2    38    99   153   215   127   256 0.91 -
evm.utg6894.3                        -            395 448514at33208        -            271   0.00022   22.4   3.7   2   2      0.28        44    5.0   0.4    41    60   287   306   273   350 0.84 -
evm.utg402.7                         -            934 448514at33208        -            271   0.00022   22.3   5.1   1   3     0.048       7.4    7.5   0.1    22   102   233   316   214   324 0.77 -
evm.utg402.7                         -            934 448514at33208        -            271   0.00022   22.3   5.1   2   3       2.8   4.4e+02    1.7   0.0    48   100   515   574   505   586 0.56 -
evm.utg402.7                         -            934 448514at33208        -            271   0.00022   22.3   5.1   3   3    0.0012      0.18   12.8   0.4     8    60   611   666   600   676 0.70 -
evm.utg101.48.1.5c22e7c5             -            295 448514at33208        -            271   0.00023   22.3   2.4   1   2     0.037       5.8    7.9   0.0   237   269    43    75    38    77 0.89 -
evm.utg101.48.1.5c22e7c5             -            295 448514at33208        -            271   0.00023   22.3   2.4   2   2   0.00095      0.15   13.1   1.0    44    99   156   224   112   237 0.65 -
evm.utg27.27                         -           1017 448514at33208        -            271   0.00027   22.1   1.4   1   2      0.21        33    5.4   0.0    29    68   282   322   254   328 0.80 -
evm.utg27.27                         -           1017 448514at33208        -            271   0.00027   22.1   1.4   2   2   0.00072      0.11   13.5   0.1    22    60   575   614   552   626 0.84 -
evm.utg101.48                        -            357 448514at33208        -            271   0.00032   21.8   2.1   1   2     0.048       7.4    7.5   0.0   237   269    43    75    38    77 0.89 -
evm.utg101.48                        -            357 448514at33208        -            271   0.00032   21.8   2.1   2   2    0.0012      0.19   12.7   0.8    44    99   156   224   112   237 0.65 -
evm.utg498.169                       -            476 448514at33208        -            271   0.00033   21.7   8.1   1   3         5   7.9e+02    0.8   0.0   192   219   338   365   327   368 0.83 -
evm.utg498.169                       -            476 448514at33208        -            271   0.00033   21.7   8.1   2   3   4.2e-05    0.0066   17.5   1.3    43    99   362   419   359   423 0.86 -
evm.utg498.169                       -            476 448514at33208        -            271   0.00033   21.7   8.1   3   3   0.00063     0.098   13.7   1.2    39    97   398   458   392   469 0.85 -
utg18.equina_smart_1435850.mrna2     -            128 448514at33208        -            271   0.00036   21.6   0.8   1   2    0.0007      0.11   13.5   0.1    40    64     3    27     2    42 0.88 -
utg18.equina_smart_1435850.mrna2     -            128 448514at33208        -            271   0.00036   21.6   0.8   2   2     0.067        11    7.0   0.1   240   268    74   106    64   109 0.80 -
evm.utg5985.15.5.5c22f28e            -            278 448514at33208        -            271   0.00042   21.4   0.8   1   2    0.0027      0.43   11.6   0.0    91   227    13   155     9   164 0.76 -
evm.utg5985.15.5.5c22f28e            -            278 448514at33208        -            271   0.00042   21.4   0.8   2   2     0.023       3.6    8.5   0.2    58    99   166   210   152   272 0.74 -
evm.utg307.22                        -           1448 448514at33208        -            271   0.00044   21.3   1.2   1   3      0.98   1.5e+02    3.2   0.0    31    60    19    49    14    56 0.85 -
evm.utg307.22                        -           1448 448514at33208        -            271   0.00044   21.3   1.2   2   3    0.0089       1.4    9.9   0.1    31    99   524   591   502   602 0.81 -
evm.utg307.22                        -           1448 448514at33208        -            271   0.00044   21.3   1.2   3   3      0.99   1.5e+02    3.2   0.0    43    96  1331  1387  1319  1413 0.59 -
evm.utg5985.15.1.5c22f28e            -            350 448514at33208        -            271   0.00048   21.2   0.5   1   2      0.17        27    5.7   0.1    42    59   114   131    97   173 0.68 -
evm.utg5985.15.1.5c22f28e            -            350 448514at33208        -            271   0.00048   21.2   0.5   2   2    0.0013      0.21   12.6   0.0    58   172   179   299   153   306 0.81 -
evm.utg622.118                       -           1466 448514at33208        -            271   0.00049   21.2   7.9   1   4       8.8   1.4e+03    0.1   0.1    23    61   504   540   481   555 0.64 -
evm.utg622.118                       -           1466 448514at33208        -            271   0.00049   21.2   7.9   2   4    0.0012      0.19   12.7   0.1    12   101   674   767   664   784 0.82 -
evm.utg622.118                       -           1466 448514at33208        -            271   0.00049   21.2   7.9   3   4       1.8   2.7e+02    2.3   0.0   165   220   739   794   726   802 0.83 -
evm.utg622.118                       -           1466 448514at33208        -            271   0.00049   21.2   7.9   4   4     0.055       8.6    7.3   0.0     2    97   893   991   892  1004 0.70 -
evm.utg5985.15                       -            362 448514at33208        -            271   0.00055   21.0   0.5   1   2      0.15        23    5.9   0.1    41    59   113   131    95   177 0.66 -
evm.utg5985.15                       -            362 448514at33208        -            271   0.00055   21.0   0.5   2   2    0.0014      0.22   12.5   0.0    58   172   179   299   153   307 0.81 -
evm.utg2428.11                       -           2055 448514at33208        -            271   0.00078   20.5   0.2   1   3      0.03       4.8    8.1   0.1    13    96  1747  1838  1736  1877 0.68 -
evm.utg2428.11                       -           2055 448514at33208        -            271   0.00078   20.5   0.2   2   3      0.19        30    5.5   0.0   174   224  1868  1922  1841  1927 0.63 -
evm.utg2428.11                       -           2055 448514at33208        -            271   0.00078   20.5   0.2   3   3      0.68   1.1e+02    3.7   0.0    13    57  1925  1969  1922  1979 0.86 -
evm.utg736.1                         -            477 448514at33208        -            271   0.00086   20.4   1.5   1   2       8.4   1.3e+03    0.1   0.0   234   264   281   311   255   318 0.68 -
evm.utg736.1                         -            477 448514at33208        -            271   0.00086   20.4   1.5   2   2     7e-05     0.011   16.8   0.3    32   103   331   410   301   419 0.77 -
evm.utg431.5                         -           1181 448514at33208        -            271   0.00087   20.4   6.8   1   3     0.014       2.2    9.2   0.5    27    96   191   270   173   304 0.75 -
evm.utg431.5                         -           1181 448514at33208        -            271   0.00087   20.4   6.8   2   3       6.3   9.9e+02    0.5   0.2    57   108   272   324   243   333 0.67 -
evm.utg431.5                         -           1181 448514at33208        -            271   0.00087   20.4   6.8   3   3    0.0072       1.1   10.2   0.3    23    60  1088  1125  1083  1136 0.89 -
evm.utg861.53.1.5c22f4a4             -            413 448514at33208        -            271     0.001   20.2   0.0   1   1   9.8e-06    0.0015   19.6   0.0    27   167   253   401   243   411 0.73 -
evm.utg868.21                        -            618 448514at33208        -            271    0.0011   20.0   0.3   1   2     0.068        11    7.0   0.0    18    65   437   488   429   492 0.82 -
evm.utg868.21                        -            618 448514at33208        -            271    0.0011   20.0   0.3   2   2     0.008       1.3   10.0   0.1    27    65   538   578   515   580 0.79 -
evm.utg868.21.1.5c22f4be             -            618 448514at33208        -            271    0.0011   20.0   0.3   1   2     0.068        11    7.0   0.0    18    65   437   488   429   492 0.82 -
evm.utg868.21.1.5c22f4be             -            618 448514at33208        -            271    0.0011   20.0   0.3   2   2     0.008       1.3   10.0   0.1    27    65   538   578   515   580 0.79 -
evm.utg7821.13                       -            447 448514at33208        -            271    0.0011   20.0   1.4   1   4      0.35        55    4.6   0.0   236   268    22    54     4    62 0.77 -
evm.utg7821.13                       -            447 448514at33208        -            271    0.0011   20.0   1.4   2   4      0.39        61    4.5   0.0    30    62    90   125    67   130 0.79 -
evm.utg7821.13                       -            447 448514at33208        -            271    0.0011   20.0   1.4   3   4       4.3   6.7e+02    1.1   0.0    26    58   170   202   160   212 0.84 -
evm.utg7821.13                       -            447 448514at33208        -            271    0.0011   20.0   1.4   4   4      0.62        97    3.8   0.0    33    66   285   318   280   328 0.86 -
evm.utg659.9.1.5c2796f4              -            263 448514at33208        -            271    0.0012   19.9   0.6   1   1   2.2e-05    0.0035   18.4   0.6    20   102    82   169    61   244 0.66 -
evm.utg163.79.1.5c22eb7f             -            585 448514at33208        -            271    0.0014   19.7   0.1   1   4      0.14        21    6.0   0.0    24    58     8    42     2    53 0.85 -
evm.utg163.79.1.5c22eb7f             -            585 448514at33208        -            271    0.0014   19.7   0.1   2   4       2.3   3.6e+02    2.0   0.0   237   267   103   133    81   137 0.80 -
evm.utg163.79.1.5c22eb7f             -            585 448514at33208        -            271    0.0014   19.7   0.1   3   4       1.2   1.8e+02    2.9   0.0   197   266   224   295   115   299 0.53 -
evm.utg163.79.1.5c22eb7f             -            585 448514at33208        -            271    0.0014   19.7   0.1   4   4       1.5   2.3e+02    2.6   0.0   210   244   397   431   318   449 0.76 -
evm.utg1281.13                       -            378 448514at33208        -            271    0.0018   19.4   5.0   1   2   0.00016     0.025   15.6   0.8    20    99    83   167    62   179 0.75 -
evm.utg1281.13                       -            378 448514at33208        -            271    0.0018   19.4   5.0   2   2   0.00072      0.11   13.5   0.2     5    68   110   175   107   216 0.58 -
evm.utg356.4                         -            604 448514at33208        -            271    0.0018   19.3   0.4   1   4       5.2   8.2e+02    0.8   0.0   243   268   218   244   209   247 0.79 -
evm.utg356.4                         -            604 448514at33208        -            271    0.0018   19.3   0.4   2   4    0.0089       1.4    9.9   0.0    21    62   253   297   229   303 0.75 -
evm.utg356.4                         -            604 448514at33208        -            271    0.0018   19.3   0.4   3   4      0.56        87    4.0   0.1    83   147   420   487   416   507 0.60 -
evm.utg356.4                         -            604 448514at33208        -            271    0.0018   19.3   0.4   4   4       1.5   2.3e+02    2.6   0.1   142   209   452   520   435   528 0.67 -
evm.utg10608.1                       -            540 448514at33208        -            271    0.0019   19.3   0.6   1   2      0.79   1.2e+02    3.5   0.0   225   266    22    63    13    67 0.83 -
evm.utg10608.1                       -            540 448514at33208        -            271    0.0019   19.3   0.6   2   2     0.001      0.16   12.9   0.1     8   102   118   216   114   243 0.86 -
evm.utg2007.6                        -            496 448514at33208        -            271    0.0019   19.2   0.2   1   3       1.1   1.7e+02    3.0   0.0    91   131   209   252   178   269 0.56 -
evm.utg2007.6                        -            496 448514at33208        -            271    0.0019   19.2   0.2   2   3    0.0025       0.4   11.7   0.0     3    62   291   353   289   373 0.77 -
evm.utg2007.6                        -            496 448514at33208        -            271    0.0019   19.2   0.2   3   3       7.1   1.1e+03    0.4   0.0   236   267   459   493   454   495 0.74 -
evm.utg26517.8                       -           1023 448514at33208        -            271    0.0023   19.0  11.3   1   4       1.5   2.4e+02    2.5   0.3    40    60   546   565   533   578 0.83 -
evm.utg26517.8                       -           1023 448514at33208        -            271    0.0023   19.0  11.3   2   4    0.0026      0.41   11.6   0.1    18    99   610   697   594   724 0.77 -
evm.utg26517.8                       -           1023 448514at33208        -            271    0.0023   19.0  11.3   3   4      0.34        53    4.7   0.0    67    96   761   792   757   801 0.77 -
evm.utg26517.8                       -           1023 448514at33208        -            271    0.0023   19.0  11.3   4   4       4.4   6.8e+02    1.1   0.0    82   140   841   899   837   910 0.71 -
evm.utg2129.147                      -            400 448514at33208        -            271    0.0023   19.0   0.0   1   2    0.0005     0.078   14.0   0.0    27    57   137   167   109   180 0.75 -
evm.utg2129.147                      -            400 448514at33208        -            271    0.0023   19.0   0.0   2   2       1.6   2.6e+02    2.4   0.0    41    97   264   322   254   326 0.73 -
evm.utg659.9                         -            354 448514at33208        -            271    0.0024   18.9   5.8   1   2   0.00026     0.041   14.9   1.3    20    99    82   166    61   171 0.76 -
evm.utg659.9                         -            354 448514at33208        -            271    0.0024   18.9   5.8   2   2   0.00052     0.081   13.9   0.2     5    68   109   174   106   215 0.60 -
evm.utg1337.4.1.5c22ea39             -            981 448514at33208        -            271    0.0026   18.8   1.3   1   2      0.01       1.6    9.7   0.0     4    57    61   113    57   150 0.88 -
evm.utg1337.4.1.5c22ea39             -            981 448514at33208        -            271    0.0026   18.8   1.3   2   2     0.073        11    6.9   0.0   239   268   291   320   278   323 0.90 -
evm.utg1205.155                      -            364 448514at33208        -            271    0.0029   18.7   0.4   1   2      0.44        69    4.3   0.0   224   266    36    78    24    82 0.84 -
evm.utg1205.155                      -            364 448514at33208        -            271    0.0029   18.7   0.4   2   2    0.0023      0.35   11.8   0.1     8   102   133   231   129   263 0.84 -
evm.utg861.53.2.5c22f4a4             -            422 448514at33208        -            271    0.0029   18.7   0.1   1   1   2.9e-05    0.0045   18.0   0.1    27   104   253   336   243   407 0.73 -
evm.utg5950.24                       -            446 448514at33208        -            271    0.0031   18.6   0.1   1   2   0.00022     0.035   15.1   0.0    10    67    99   157    92   164 0.85 -
evm.utg5950.24                       -            446 448514at33208        -            271    0.0031   18.6   0.1   2   2       7.6   1.2e+03    0.3   0.0    29    67   269   310   244   315 0.68 -
evm.utg4155.43                       -            416 448514at33208        -            271    0.0035   18.4   0.7   1   3    0.0021      0.33   11.9   0.1    31   104   149   224   127   235 0.76 -
evm.utg4155.43                       -            416 448514at33208        -            271    0.0035   18.4   0.7   2   3       5.2   8.1e+02    0.8   0.0    36    58   238   260   219   305 0.68 -
evm.utg4155.43                       -            416 448514at33208        -            271    0.0035   18.4   0.7   3   3       1.9     3e+02    2.2   0.0    92   136   341   385   315   413 0.54 -
evm.utg1910.44.1.5c22ec60.1.5c279151 -            366 448514at33208        -            271    0.0036   18.4   0.3   1   2       1.6   2.5e+02    2.5   0.0     3    45    24    64    22    76 0.79 -
evm.utg1910.44.1.5c22ec60.1.5c279151 -            366 448514at33208        -            271    0.0036   18.4   0.3   2   2   0.00099      0.15   13.0   0.0    50   107   112   172   103   181 0.86 -
evm.utg1285.72.1.5c22e9f6            -           1103 448514at33208        -            271    0.0036   18.3   0.0   1   2       1.2   1.9e+02    2.9   0.0    21    76   934   995   915  1003 0.71 -
evm.utg1285.72.1.5c22e9f6            -           1103 448514at33208        -            271    0.0036   18.3   0.0   2   2    0.0016      0.24   12.4   0.0    11    62  1017  1068  1006  1084 0.82 -
evm.utg693.16                        -            604 448514at33208        -            271    0.0037   18.3   0.5   1   4       5.2   8.2e+02    0.8   0.0   243   268   218   244   209   247 0.79 -
evm.utg693.16                        -            604 448514at33208        -            271    0.0037   18.3   0.5   2   4    0.0089       1.4    9.9   0.0    21    62   253   297   229   303 0.75 -
evm.utg693.16                        -            604 448514at33208        -            271    0.0037   18.3   0.5   3   4       1.2   1.9e+02    2.9   0.2    83   140   420   478   416   508 0.54 -
evm.utg693.16                        -            604 448514at33208        -            271    0.0037   18.3   0.5   4   4       2.8   4.3e+02    1.7   0.1   148   209   458   520   443   527 0.63 -
evm.utg622.116                       -            447 448514at33208        -            271    0.0038   18.3   0.7   1   3     0.035       5.4    7.9   0.1    27    63    95   133    83   142 0.83 -
evm.utg622.116                       -            447 448514at33208        -            271    0.0038   18.3   0.7   2   3      0.23        35    5.3   0.0    50   224   193   236   146   242 0.63 -
evm.utg622.116                       -            447 448514at33208        -            271    0.0038   18.3   0.7   3   3       5.9   9.2e+02    0.6   0.0   163   220   378   434   356   443 0.59 -
evm.utg498.169.1.5c22f1aa            -            467 448514at33208        -            271    0.0038   18.3   6.0   1   2   4.8e-05    0.0075   17.3   1.9    42    99   361   419   334   423 0.86 -
evm.utg498.169.1.5c22f1aa            -            467 448514at33208        -            271    0.0038   18.3   6.0   2   2     0.029       4.5    8.2   0.4    39    87   398   447   394   462 0.86 -
evm.utg4972.25                       -           1127 448514at33208        -            271    0.0039   18.2   1.2   1   2     0.012       1.9    9.5   0.0     4    57    35    87    31   120 0.88 -
evm.utg4972.25                       -           1127 448514at33208        -            271    0.0039   18.2   1.2   2   2     0.085        13    6.7   0.0   239   268   265   294   252   297 0.90 -
evm.utg116.41                        -            703 448514at33208        -            271     0.004   18.2   0.5   1   3     0.097        15    6.5   0.0    35    99    16    91     3   106 0.77 -
evm.utg116.41                        -            703 448514at33208        -            271     0.004   18.2   0.5   2   3       3.3   5.1e+02    1.5   0.0   205   267   119   190   112   192 0.62 -
evm.utg116.41                        -            703 448514at33208        -            271     0.004   18.2   0.5   3   3     0.092        14    6.6   0.0    17    56   580   620   553   624 0.73 -
evm.utg5950.24.1.5c22f287            -            477 448514at33208        -            271     0.004   18.2   0.1   1   2   0.00024     0.038   15.0   0.0    10    67    99   157    92   164 0.85 -
evm.utg5950.24.1.5c22f287            -            477 448514at33208        -            271     0.004   18.2   0.1   2   2       9.6   1.5e+03   -0.1   0.0    29    67   300   341   288   346 0.63 -
evm.utg498.169.2.5c22f1aa            -            426 448514at33208        -            271    0.0043   18.1   6.6   1   2   4.9e-05    0.0077   17.3   2.2    42    99   320   378   293   383 0.86 -
evm.utg498.169.2.5c22f1aa            -            426 448514at33208        -            271    0.0043   18.1   6.6   2   2     0.025       3.8    8.4   0.4    39    87   357   406   352   421 0.86 -
evm.utg1972.74                       -            485 448514at33208        -            271    0.0045   18.0   0.5   1   1   0.00064       0.1   13.6   0.4    40   202    92   265    75   269 0.71 -
evm.utg1337.4                        -           1219 448514at33208        -            271    0.0052   17.8   1.4   1   2     0.013       2.1    9.3   0.0     4    57    61   113    57   147 0.88 -
evm.utg1337.4                        -           1219 448514at33208        -            271    0.0052   17.8   1.4   2   2     0.093        14    6.5   0.0   239   268   291   320   278   323 0.90 -
evm.utg3605.58                       -            566 448514at33208        -            271    0.0054   17.8   3.9   1   2       1.5   2.3e+02    2.6   0.0    48   100   333   392   322   404 0.56 -
evm.utg3605.58                       -            566 448514at33208        -            271    0.0054   17.8   3.9   2   2    0.0004     0.063   14.3   0.5     8    60   429   484   418   494 0.71 -
evm.utg163.79                        -            772 448514at33208        -            271    0.0057   17.7   0.1   1   4      0.19        29    5.5   0.0    24    58     8    42     2    53 0.85 -
evm.utg163.79                        -            772 448514at33208        -            271    0.0057   17.7   0.1   2   4       3.3   5.1e+02    1.5   0.0   237   267   103   133    81   136 0.80 -
evm.utg163.79                        -            772 448514at33208        -            271    0.0057   17.7   0.1   3   4       1.8   2.9e+02    2.3   0.0   197   266   224   295   115   299 0.53 -
evm.utg163.79                        -            772 448514at33208        -            271    0.0057   17.7   0.1   4   4       2.1   3.3e+02    2.1   0.0   210   244   397   431   317   449 0.76 -
evm.utg163.18                        -            542 448514at33208        -            271    0.0058   17.7   1.8   1   3       4.5     7e+02    1.0   0.0    26    59   180   214   171   226 0.66 -
evm.utg163.18                        -            542 448514at33208        -            271    0.0058   17.7   1.8   2   3    0.0025      0.39   11.7   0.4    40    97   274   334   259   345 0.61 -
evm.utg163.18                        -            542 448514at33208        -            271    0.0058   17.7   1.8   3   3       4.8   7.5e+02    0.9   0.0    47   115   419   450   412   512 0.56 -
evm.utg736.40.1.5c22f3d4             -            386 448514at33208        -            271    0.0059   17.6   0.9   1   2     0.033       5.2    8.0   0.7     6   135   157   307   151   317 0.60 -
evm.utg736.40.1.5c22f3d4             -            386 448514at33208        -            271    0.0059   17.6   0.9   2   2     0.059       9.3    7.2   0.0    44    74   342   372   336   383 0.86 -
evm.utg1005.78                       -            759 448514at33208        -            271     0.006   17.6   0.2   1   3       0.1        16    6.4   0.0    27    58   422   454   412   492 0.80 -
evm.utg1005.78                       -            759 448514at33208        -            271     0.006   17.6   0.2   2   3       2.5   3.9e+02    1.8   0.0   157   177   629   649   587   662 0.78 -
evm.utg1005.78                       -            759 448514at33208        -            271     0.006   17.6   0.2   3   3      0.13        20    6.1   0.0    11    55   655   701   646   706 0.76 -
evm.utg301.67                        -           3787 448514at33208        -            271    0.0061   17.6   0.7   1   2       5.4   8.4e+02    0.8   0.0    22    60  3330  3368  3318  3374 0.83 -
evm.utg301.67                        -           3787 448514at33208        -            271    0.0061   17.6   0.7   2   2    0.0014      0.21   12.5   0.1    23    99  3381  3460  3376  3487 0.78 -
evm.utg78.65                         -            750 448514at33208        -            271    0.0065   17.5   0.1   1   3      0.11        17    6.3   0.0    27    58   413   445   403   482 0.82 -
evm.utg78.65                         -            750 448514at33208        -            271    0.0065   17.5   0.1   2   3       3.2   4.9e+02    1.5   0.0   157   177   620   640   601   653 0.78 -
evm.utg78.65                         -            750 448514at33208        -            271    0.0065   17.5   0.1   3   3      0.13        20    6.1   0.0    11    55   646   692   637   697 0.76 -
evm.utg4455.54                       -            917 448514at33208        -            271     0.009   17.1  11.7   1   3      0.83   1.3e+02    3.4   0.0    67   134   383   453   379   482 0.67 -
evm.utg4455.54                       -            917 448514at33208        -            271     0.009   17.1  11.7   2   3     0.049       7.7    7.4   0.2    70   113   492   537   471   622 0.60 -
evm.utg4455.54                       -            917 448514at33208        -            271     0.009   17.1  11.7   3   3     0.036       5.6    7.9   3.6    14    98   747   835   742   841 0.75 -
evm.utg1910.44.1.5c22ec60            -            504 448514at33208        -            271    0.0096   17.0   0.3   1   2       2.5   3.8e+02    1.9   0.0     3    45   162   202   160   214 0.79 -
evm.utg1910.44.1.5c22ec60            -            504 448514at33208        -            271    0.0096   17.0   0.3   2   2    0.0016      0.25   12.3   0.0    50   107   250   310   241   319 0.86 -
evm.utg1910.44                       -            528 448514at33208        -            271     0.011   16.8   0.3   1   2       2.6   4.1e+02    1.8   0.0     3    45   162   202   160   214 0.79 -
evm.utg1910.44                       -            528 448514at33208        -            271     0.011   16.8   0.3   2   2    0.0017      0.27   12.2   0.0    50   107   250   310   241   319 0.86 -
evm.utg3839.110                      -            824 448514at33208        -            271     0.011   16.7   1.8   1   2      0.87   1.4e+02    3.4   0.0    78   104   558   584   491   601 0.82 -
evm.utg3839.110                      -            824 448514at33208        -            271     0.011   16.7   1.8   2   2    0.0028      0.43   11.5   0.5    41    98   676   736   650   742 0.85 -
evm.utg377.23                        -            826 448514at33208        -            271     0.013   16.6   1.8   1   2      0.94   1.5e+02    3.2   0.0    78   104   560   586   493   603 0.83 -
evm.utg377.23                        -            826 448514at33208        -            271     0.013   16.6   1.8   2   2    0.0028      0.43   11.5   0.5    41    98   678   738   652   744 0.85 -
evm.utg729.147.1.5c22f3b0            -            508 448514at33208        -            271     0.013   16.5   0.1   1   2      0.46        71    4.3   0.0   205   258   221   278   205   281 0.69 -
evm.utg729.147.1.5c22f3b0            -            508 448514at33208        -            271     0.013   16.5   0.1   2   2   0.00092      0.14   13.1   0.0     5   104   235   335   231   338 0.87 -
evm.utg729.147                       -            527 448514at33208        -            271     0.014   16.5   0.1   1   2      0.71   1.1e+02    3.6   0.0   205   258   221   278   207   279 0.64 -
evm.utg729.147                       -            527 448514at33208        -            271     0.014   16.5   0.1   2   2   0.00097      0.15   13.0   0.0     5   104   235   335   231   338 0.87 -
evm.utg116.24                        -            526 448514at33208        -            271     0.014   16.5   0.0   1   2       3.1   4.9e+02    1.5   0.0   118   144   226   251   216   260 0.71 -
evm.utg116.24                        -            526 448514at33208        -            271     0.014   16.5   0.0   2   2    0.0006     0.093   13.7   0.0     3   104   233   335   231   338 0.88 -
evm.utg11096.12                      -            358 448514at33208        -            271     0.014   16.5   0.0   1   2     0.024       3.7    8.5   0.0    91   184   144   240   131   247 0.66 -
evm.utg11096.12                      -            358 448514at33208        -            271     0.014   16.5   0.0   2   2      0.29        45    4.9   0.0    15    59   249   294   242   303 0.75 -
evm.utg364.29                        -            339 448514at33208        -            271     0.015   16.3   3.2   1   2    0.0013       0.2   12.6   0.2    41    98   134   193   123   213 0.71 -
evm.utg364.29                        -            339 448514at33208        -            271     0.015   16.3   3.2   2   2      0.55        86    4.0   0.1    35    99   220   285   208   319 0.80 -
evm.utg729.147.2.5c22f3b0            -            466 448514at33208        -            271     0.018   16.1   0.1   1   2      0.54        84    4.0   0.0   205   258   160   217   138   218 0.66 -
evm.utg729.147.2.5c22f3b0            -            466 448514at33208        -            271     0.018   16.1   0.1   2   2    0.0008      0.12   13.3   0.0     5   104   174   274   170   277 0.87 -
evm.utg415.118                       -            380 448514at33208        -            271      0.02   15.9   0.0   1   1   0.00031     0.048   14.7   0.0    27    64   224   263   196   296 0.82 -
evm.utg415.35                        -            500 448514at33208        -            271     0.021   15.9   0.3   1   2     0.058       9.1    7.2   0.1   204   242   181   221   154   259 0.74 -
evm.utg415.35                        -            500 448514at33208        -            271     0.021   15.9   0.3   2   2      0.15        23    5.9   0.0   232   269   329   366   326   367 0.90 -
evm.utg1194.15                       -            416 448514at33208        -            271     0.022   15.8   1.1   1   4     0.016       2.5    9.0   0.1    31    98   149   218   127   234 0.73 -
evm.utg1194.15                       -            416 448514at33208        -            271     0.022   15.8   1.1   2   4     0.013         2    9.4   0.1     4    96   164   259   161   279 0.59 -
evm.utg1194.15                       -            416 448514at33208        -            271     0.022   15.8   1.1   3   4       5.8   9.1e+02    0.6   0.0    36    58   238   260   219   305 0.69 -
evm.utg1194.15                       -            416 448514at33208        -            271     0.022   15.8   1.1   4   4       1.3   2.1e+02    2.7   0.0    78   136   326   385   315   413 0.64 -
evm.utg1056.107.2.5c22e85b           -            538 448514at33208        -            271     0.023   15.7   0.0   1   1   0.00034     0.053   14.5   0.0     8    63   432   488   424   520 0.83 -
evm.utg435.58                        -            950 448514at33208        -            271     0.025   15.6  15.9   1   3      0.18        28    5.6   0.7    48   135   296   385   249   391 0.45 -
evm.utg435.58                        -            950 448514at33208        -            271     0.025   15.6  15.9   2   3      0.12        19    6.1   0.1    45    99   466   525   448   529 0.72 -
evm.utg435.58                        -            950 448514at33208        -            271     0.025   15.6  15.9   3   3     0.048       7.5    7.5   0.0    28    56   859   888   855   893 0.63 -
evm.utg4610.15                       -           1557 448514at33208        -            271     0.027   15.5   1.7   1   2   0.00099      0.15   13.0   0.1    10    61  1287  1339  1279  1354 0.86 -
evm.utg4610.15                       -           1557 448514at33208        -            271     0.027   15.5   1.7   2   2       6.8   1.1e+03    0.4   0.0     7    67  1399  1462  1394  1468 0.74 -
evm.utg207.100                       -            378 448514at33208        -            271     0.034   15.2   2.0   1   1    0.0013       0.2   12.6   2.1    42   122   121   201   103   253 0.73 -
evm.utg3283.17                       -            668 448514at33208        -            271     0.035   15.1   0.1   1   1   0.00061     0.095   13.7   0.1     6   100    89   185    84   196 0.83 -
evm.utg1272.78                       -           1295 448514at33208        -            271     0.037   15.0   1.0   1   3     0.068        11    7.0   0.0    11    60   641   692   633   698 0.75 -
evm.utg1272.78                       -           1295 448514at33208        -            271     0.037   15.0   1.0   2   3       8.4   1.3e+03    0.1   0.0   212   268   811   861   806   863 0.78 -
evm.utg1272.78                       -           1295 448514at33208        -            271     0.037   15.0   1.0   3   3       6.3   9.8e+02    0.5   0.0    26    61   988  1025   978  1040 0.77 -
evm.utg729.25.1.5c279763             -            740 448514at33208        -            271     0.043   14.8   0.1   1   2    0.0031      0.48   11.4   0.0    27    99   530   617   526   622 0.71 -
evm.utg729.25.1.5c279763             -            740 448514at33208        -            271     0.043   14.8   0.1   2   2       6.9   1.1e+03    0.4   0.0    26    57   635   667   619   670 0.73 -
evm.utg338.73                        -           1105 448514at33208        -            271     0.045   14.8  13.4   1   4       1.7   2.6e+02    2.4   0.4    40    60   546   565   533   578 0.83 -
evm.utg338.73                        -           1105 448514at33208        -            271     0.045   14.8  13.4   2   4    0.0029      0.45   11.5   0.1    18    99   610   697   594   724 0.77 -
evm.utg338.73                        -           1105 448514at33208        -            271     0.045   14.8  13.4   3   4      0.37        58    4.6   0.0    67    96   761   792   757   801 0.77 -
evm.utg338.73                        -           1105 448514at33208        -            271     0.045   14.8  13.4   4   4       5.5   8.7e+02    0.7   0.0    81   104   883   906   839   910 0.79 -
evm.utg622.116.1.5c22f2e9            -            417 448514at33208        -            271     0.051   14.6   1.9   1   3      0.24        38    5.2   0.1    39    63    79   103    42   112 0.82 -
evm.utg622.116.1.5c22f2e9            -            417 448514at33208        -            271     0.051   14.6   1.9   2   3      0.18        29    5.6   0.0    50   225   163   207   116   214 0.63 -
evm.utg622.116.1.5c22f2e9            -            417 448514at33208        -            271     0.051   14.6   1.9   3   3       5.3   8.3e+02    0.8   0.0   163   220   348   404   326   413 0.59 -
evm.utg5985.15.4.5c22f28e            -            291 448514at33208        -            271     0.051   14.6   3.3   1   2      0.11        18    6.2   0.1    41    59   113   131    95   175 0.66 -
evm.utg5985.15.4.5c22f28e            -            291 448514at33208        -            271     0.051   14.6   3.3   2   2     0.027       4.2    8.3   0.3    58    99   179   223   165   284 0.75 -
evm.utg3092.42                       -            256 448514at33208        -            271     0.057   14.4   0.1   1   2      0.48        75    4.2   0.1    33    73    63   101    52   105 0.83 -
evm.utg3092.42                       -            256 448514at33208        -            271     0.057   14.4   0.1   2   2     0.033       5.1    8.0   0.0     4    63   127   187   125   199 0.80 -
evm.utg9769.3                        -            553 448514at33208        -            271     0.073   14.1   0.1   1   3       3.8   5.9e+02    1.2   0.0   163   216   196   251   166   273 0.55 -
evm.utg9769.3                        -            553 448514at33208        -            271     0.073   14.1   0.1   2   3       8.3   1.3e+03    0.1   0.0   112   138   284   310   280   323 0.89 -
evm.utg9769.3                        -            553 448514at33208        -            271     0.073   14.1   0.1   3   3     0.081        13    6.7   0.0    82   122   337   376   322   413 0.76 -
evm.utg39192.1                       -            333 448514at33208        -            271     0.076   14.0   0.0   1   1   0.00088      0.14   13.2   0.0    27    79   276   329   263   331 0.81 -
evm.utg2433.4                        -            480 448514at33208        -            271      0.08   13.9   0.0   1   2       7.8   1.2e+03    0.2   0.0   112   138   268   294   264   299 0.89 -
evm.utg2433.4                        -            480 448514at33208        -            271      0.08   13.9   0.0   2   2     0.047       7.3    7.5   0.0    82   122   321   360   307   396 0.75 -
evm.utg1009.19                       -            542 448514at33208        -            271      0.09   13.8   0.1   1   3      0.67     1e+02    3.7   0.0   245   266   216   237   210   242 0.86 -
evm.utg1009.19                       -            542 448514at33208        -            271      0.09   13.8   0.1   2   3     0.086        13    6.7   0.0   229   267   250   288   240   292 0.84 -
evm.utg1009.19                       -            542 448514at33208        -            271      0.09   13.8   0.1   3   3   0.00058      0.09   13.8   0.1    22    92   296   370   291   375 0.86 -
evm.utg888.56                        -            459 448514at33208        -            271      0.11   13.4   0.9   1   2       2.3   3.6e+02    2.0   0.0   196   219   225   248   205   308 0.70 -
evm.utg888.56                        -            459 448514at33208        -            271      0.11   13.4   0.9   2   2      0.07        11    6.9   0.0   101   144   326   369   314   411 0.80 -
evm.utg21625.5                       -           1001 448514at33208        -            271      0.15   13.1   0.0   1   1    0.0022      0.34   11.9   0.0    29    90   924   988   913   999 0.78 -
evm.utg150.89.1.5c22eb05             -           2738 448514at33208        -            271      0.16   12.9   1.0   1   2     0.044       6.9    7.6   0.1    64   101  1235  1275  1232  1286 0.81 -
evm.utg150.89.1.5c22eb05             -           2738 448514at33208        -            271      0.16   12.9   1.0   2   2       5.6   8.8e+02    0.7   0.0   205   246  1302  1343  1278  1353 0.82 -
evm.utg150.89                        -           2739 448514at33208        -            271      0.16   12.9   1.0   1   2     0.044       6.9    7.6   0.1    64   101  1236  1276  1233  1287 0.81 -
evm.utg150.89                        -           2739 448514at33208        -            271      0.16   12.9   1.0   2   2       5.6   8.8e+02    0.7   0.0   205   246  1303  1344  1279  1354 0.82 -
evm.utg3260.8.1.5c22ef11.1.5c279395  -            447 448514at33208        -            271      0.18   12.8   0.2   1   1    0.0037      0.57   11.1   0.1     6   100    89   185    84   196 0.83 -
evm.utg1009.18                       -            160 448514at33208        -            271      0.18   12.8   0.9   1   1    0.0061      0.96   10.4   0.9   136   269    20   159     1   159 0.53 -
evm.utg3260.8.1.5c22ef11             -            477 448514at33208        -            271       0.2   12.6   0.2   1   1    0.0041      0.64   11.0   0.1     6   100    89   185    84   196 0.83 -
evm.utg364.32                        -           1455 448514at33208        -            271      0.24   12.4   0.5   1   2     0.057       8.9    7.2   0.1     2    58    75   132    74   157 0.86 -
evm.utg364.32                        -           1455 448514at33208        -            271      0.24   12.4   0.5   2   2       2.3   3.6e+02    2.0   0.0    32    95   261   332   236   347 0.59 -
evm.utg259.6                         -            365 448514at33208        -            271      0.29   12.1   0.1   1   1    0.0031      0.49   11.4   0.1    15    63    39    90    28    97 0.71 -
evm.utg3260.8                        -            668 448514at33208        -            271      0.38   11.7   0.2   1   1    0.0069       1.1   10.2   0.1     6   100    89   185    84   196 0.83 -
evm.utg1931.9                        -           2862 448514at33208        -            271      0.41   11.6   2.2   1   2     0.034       5.4    8.0   0.2    64   101  1378  1418  1375  1431 0.81 -
evm.utg1931.9                        -           2862 448514at33208        -            271      0.41   11.6   2.2   2   2       5.9   9.2e+02    0.6   0.0   205   246  1445  1486  1420  1496 0.82 -
evm.utg1882.2                        -            644 448514at33208        -            271      0.41   11.6   0.1   1   1    0.0081       1.3   10.0   0.1    10    61   408   459   400   501 0.86 -
evm.utg15552.3                       -            751 448514at33208        -            271      0.63   11.0   1.0   1   2      0.05       7.8    7.4   0.5    60   136    61   142    47   146 0.83 -
evm.utg15552.3                       -            751 448514at33208        -            271      0.63   11.0   1.0   2   2      0.22        34    5.3   0.0   199   268   113   185   107   187 0.76 -
evm.utg6078.67                       -            692 448514at33208        -            271      0.75   10.8   5.7   1   1     0.001      0.16   13.0   0.9    10   101   514   612   505   653 0.66 -
evm.utg2849.26                       -           1710 448514at33208        -            271      0.78   10.7   4.1   1   1     0.006      0.94   10.4   0.1    10    61  1286  1338  1278  1353 0.86 -
evm.utg1230.12                       -           1137 448514at33208        -            271       3.5    8.5   5.4   1   3       6.1   9.5e+02    0.6   0.0    38    64   185   211   129   223 0.68 -
evm.utg1230.12                       -           1137 448514at33208        -            271       3.5    8.5   5.4   2   3      0.42        66    4.4   0.0    82    98   530   546   512   553 0.81 -
evm.utg1230.12                       -           1137 448514at33208        -            271       3.5    8.5   5.4   3   3       9.8   1.5e+03   -0.1   0.0    33    58   653   678   640   689 0.64 -
#
# Program:         hmmsearch
# Version:         3.1b2 (February 2015)
# Pipeline mode:   SEARCH
# Query file:      /uoa/scratch/users/r02hw22/project_dark_genes/busco_downloads/lineages/metazoa_odb10/hmms/448514at33208.hmm
# Target file:     /uoa/scratch/users/r02hw22/project_dark_genes/00_raw/equina_smart.rnam-trna.merged.ggf.curated.remredun.aa.fa
# Option settings: hmmsearch --domtblout /uoa/scratch/users/r02hw22/project_dark_genes/equina_busco_proteins/run_metazoa_odb10/hmmer_output/initial_run_results/448514at33208.out --cpu 1 /uoa/scratch/users/r02hw22/project_dark_genes/busco_downloads/lineages/metazoa_odb10/hmms/448514at33208.hmm /uoa/scratch/users/r02hw22/project_dark_genes/00_raw/equina_smart.rnam-trna.merged.ggf.curated.remredun.aa.fa 
# Current dir:     /uoa/scratch/users/r02hw22/project_dark_genes
# Date:            Sat Apr 25 14:41:56 2026
# [ok]
