#                                                                                            --- full sequence --- -------------- this domain -------------   hmm coord   ali coord   env coord
# target name                        accession   tlen query name           accession   qlen   E-value  score  bias   #  of  c-Evalue  i-Evalue  score  bias  from    to  from    to  from    to  acc description of target
#                ------------------- ---------- ----- -------------------- ---------- ----- --------- ------ ----- --- --- --------- --------- ------ ----- ----- ----- ----- ----- ----- ----- ---- ---------------------
evm.utg6477.2                        -            448 449139at33208        -            321  1.7e-149  499.0   2.1   1   1  1.5e-151  2.6e-149  498.3   2.1     4   321    89   445    86   445 0.89 -
evm.utg9313.39                       -            342 449139at33208        -            321  4.9e-136  454.7   2.4   1   1  4.4e-138  7.6e-136  454.1   2.4    51   321    43   339    33   339 0.90 -
evm.utg186.22                        -           1975 449139at33208        -            321   4.7e-37  129.5   9.2   1  13   9.4e-05     0.016   16.0   0.0    68   172    36   137     9   142 0.82 -
evm.utg186.22                        -           1975 449139at33208        -            321   4.7e-37  129.5   9.2   2  13     0.031       5.4    7.7   0.1   135   172   142   179   129   191 0.78 -
evm.utg186.22                        -           1975 449139at33208        -            321   4.7e-37  129.5   9.2   3  13      0.82   1.4e+02    3.0   0.0    77   132   304   359   285   364 0.73 -
evm.utg186.22                        -           1975 449139at33208        -            321   4.7e-37  129.5   9.2   4  13       3.9   6.8e+02    0.8   0.0    67   126   378   436   365   441 0.81 -
evm.utg186.22                        -           1975 449139at33208        -            321   4.7e-37  129.5   9.2   5  13      0.46        79    3.9   0.0    66   126   529   592   515   598 0.67 -
evm.utg186.22                        -           1975 449139at33208        -            321   4.7e-37  129.5   9.2   6  13   4.4e-06   0.00076   20.4   0.3    81   177   716   813   693   825 0.84 -
evm.utg186.22                        -           1975 449139at33208        -            321   4.7e-37  129.5   9.2   7  13       7.8   1.4e+03   -0.2   0.1   137   171   815   849   800   862 0.78 -
evm.utg186.22                        -           1975 449139at33208        -            321   4.7e-37  129.5   9.2   8  13   3.9e-05    0.0067   17.3   0.0    26   155  1016  1141  1002  1149 0.82 -
evm.utg186.22                        -           1975 449139at33208        -            321   4.7e-37  129.5   9.2   9  13     0.051       8.8    7.0   0.0    61   126  1203  1271  1197  1274 0.85 -
evm.utg186.22                        -           1975 449139at33208        -            321   4.7e-37  129.5   9.2  10  13   0.00051     0.088   13.6   0.1    90   176  1416  1506  1400  1546 0.78 -
evm.utg186.22                        -           1975 449139at33208        -            321   4.7e-37  129.5   9.2  11  13    0.0018      0.31   11.8   0.0    77   134  1683  1739  1669  1748 0.77 -
evm.utg186.22                        -           1975 449139at33208        -            321   4.7e-37  129.5   9.2  12  13    0.0018      0.31   11.8   0.0    64   162  1753  1851  1742  1859 0.87 -
evm.utg186.22                        -           1975 449139at33208        -            321   4.7e-37  129.5   9.2  13  13      0.21        36    5.0   0.0    85   126  1931  1972  1905  1974 0.77 -
evm.utg911.37                        -           1947 449139at33208        -            321   4.8e-37  129.5  10.3   1  13   0.00011     0.019   15.8   0.0    67   172    35   137     9   141 0.81 -
evm.utg911.37                        -           1947 449139at33208        -            321   4.8e-37  129.5  10.3   2  13     0.028       4.9    7.8   0.1   124   172   134   179   128   191 0.78 -
evm.utg911.37                        -           1947 449139at33208        -            321   4.8e-37  129.5  10.3   3  13      0.91   1.6e+02    2.9   0.0    76   133   303   360   285   365 0.76 -
evm.utg911.37                        -           1947 449139at33208        -            321   4.8e-37  129.5  10.3   4  13       1.3   2.2e+02    2.4   0.0    36   127   349   437   336   442 0.68 -
evm.utg911.37                        -           1947 449139at33208        -            321   4.8e-37  129.5  10.3   5  13      0.46        80    3.9   0.0    66   126   529   592   516   598 0.67 -
evm.utg911.37                        -           1947 449139at33208        -            321   4.8e-37  129.5  10.3   6  13   3.4e-06   0.00059   20.7   0.5    81   177   716   813   693   825 0.84 -
evm.utg911.37                        -           1947 449139at33208        -            321   4.8e-37  129.5  10.3   7  13       7.7   1.3e+03   -0.1   0.1   137   171   815   849   800   862 0.78 -
evm.utg911.37                        -           1947 449139at33208        -            321   4.8e-37  129.5  10.3   8  13   3.6e-05    0.0063   17.3   0.0    26   155  1016  1141  1002  1149 0.82 -
evm.utg911.37                        -           1947 449139at33208        -            321   4.8e-37  129.5  10.3   9  13     0.035       6.1    7.5   0.0    61   126  1203  1271  1197  1274 0.86 -
evm.utg911.37                        -           1947 449139at33208        -            321   4.8e-37  129.5  10.3  10  13   0.00036     0.062   14.1   0.1    90   174  1390  1476  1384  1497 0.83 -
evm.utg911.37                        -           1947 449139at33208        -            321   4.8e-37  129.5  10.3  11  13    0.0028      0.49   11.1   0.0    77   134  1655  1711  1641  1720 0.77 -
evm.utg911.37                        -           1947 449139at33208        -            321   4.8e-37  129.5  10.3  12  13     0.002      0.35   11.6   0.0    64   162  1725  1823  1714  1831 0.87 -
evm.utg911.37                        -           1947 449139at33208        -            321   4.8e-37  129.5  10.3  13  13      0.21        36    5.0   0.0    85   126  1903  1944  1877  1946 0.77 -
evm.utg18125.5                       -            949 449139at33208        -            321   3.6e-34  120.0  21.2   1   6    0.0044      0.76   10.5   0.1     6   131   232   350   228   361 0.77 -
evm.utg18125.5                       -            949 449139at33208        -            321   3.6e-34  120.0  21.2   2   6   1.4e-11   2.4e-09   38.4   0.8    65   177   327   437   323   447 0.91 -
evm.utg18125.5                       -            949 449139at33208        -            321   3.6e-34  120.0  21.2   3   6      0.87   1.5e+02    3.0   0.0   107   136   469   498   466   503 0.79 -
evm.utg18125.5                       -            949 449139at33208        -            321   3.6e-34  120.0  21.2   4   6   6.1e-09   1.1e-06   29.8   2.0    69   225   525   670   514   679 0.53 -
evm.utg18125.5                       -            949 449139at33208        -            321   3.6e-34  120.0  21.2   5   6   5.6e-07   9.6e-05   23.3   0.1    94   174   689   765   677   767 0.88 -
evm.utg18125.5                       -            949 449139at33208        -            321   3.6e-34  120.0  21.2   6   6   2.3e-09   3.9e-07   31.2   0.4    86   174   765   852   763   886 0.79 -
evm.utg21625.4                       -           1518 449139at33208        -            321   4.7e-33  116.3   9.2   1   7     0.064        11    6.7   0.0   139   171   893   925   879   929 0.88 -
evm.utg21625.4                       -           1518 449139at33208        -            321   4.7e-33  116.3   9.2   2   7     1e-12   1.7e-10   42.2   0.1    92   173   934  1011   926  1022 0.91 -
evm.utg21625.4                       -           1518 449139at33208        -            321   4.7e-33  116.3   9.2   3   7   2.2e-06   0.00038   21.4   0.1    89   177   973  1058   971  1078 0.80 -
evm.utg21625.4                       -           1518 449139at33208        -            321   4.7e-33  116.3   9.2   4   7   2.2e-07   3.8e-05   24.6   0.0    47   176  1080  1209  1066  1222 0.83 -
evm.utg21625.4                       -           1518 449139at33208        -            321   4.7e-33  116.3   9.2   5   7     0.019       3.3    8.4   0.1   110   171  1230  1294  1211  1302 0.84 -
evm.utg21625.4                       -           1518 449139at33208        -            321   4.7e-33  116.3   9.2   6   7    0.0074       1.3    9.8   0.0   248   279  1313  1344  1306  1352 0.93 -
evm.utg21625.4                       -           1518 449139at33208        -            321   4.7e-33  116.3   9.2   7   7   2.7e-06   0.00047   21.1   0.2    33   141  1373  1478  1358  1481 0.72 -
evm.utg389.12.1.5c22f032             -            817 449139at33208        -            321   9.3e-33  115.4  16.8   1   6   2.3e-11     4e-09   37.7   0.1    65   177    19   129    11   140 0.91 -
evm.utg389.12.1.5c22f032             -            817 449139at33208        -            321   9.3e-33  115.4  16.8   2   6       8.2   1.4e+03   -0.2   0.0   111   132   165   186   158   195 0.71 -
evm.utg389.12.1.5c22f032             -            817 449139at33208        -            321   9.3e-33  115.4  16.8   3   6   2.8e-07   4.9e-05   24.3   0.9    67   175   215   319   207   324 0.90 -
evm.utg389.12.1.5c22f032             -            817 449139at33208        -            321   9.3e-33  115.4  16.8   4   6     0.041       7.2    7.3   0.0    88   128   323   363   319   375 0.86 -
evm.utg389.12.1.5c22f032             -            817 449139at33208        -            321   9.3e-33  115.4  16.8   5   6     2e-07   3.4e-05   24.8   0.1    94   174   381   457   369   459 0.88 -
evm.utg389.12.1.5c22f032             -            817 449139at33208        -            321   9.3e-33  115.4  16.8   6   6   1.1e-08   1.8e-06   29.0   0.5    86   204   457   575   455   580 0.78 -
evm.utg4155.23                       -            416 449139at33208        -            321   4.3e-32  113.2   2.0   1   3   1.1e-12     2e-10   42.0   0.1     9   172    90   248    86   255 0.82 -
evm.utg4155.23                       -            416 449139at33208        -            321   4.3e-32  113.2   2.0   2   3     4e-08   6.9e-06   27.1   0.1    89   164   253   324   247   326 0.88 -
evm.utg4155.23                       -            416 449139at33208        -            321   4.3e-32  113.2   2.0   3   3   1.6e-13   2.8e-11   44.8   0.0    70   171   318   415   316   415 0.94 -
evm.utg1221.16                       -            416 449139at33208        -            321   1.1e-31  111.8   2.5   1   3     6e-12     1e-09   39.6   0.1     9   172    90   248    86   253 0.82 -
evm.utg1221.16                       -            416 449139at33208        -            321   1.1e-31  111.8   2.5   2   3   1.9e-08   3.3e-06   28.1   0.1    89   164   253   324   247   326 0.88 -
evm.utg1221.16                       -            416 449139at33208        -            321   1.1e-31  111.8   2.5   3   3   2.1e-13   3.6e-11   44.4   0.0    70   171   318   415   317   415 0.94 -
evm.utg389.12                        -            914 449139at33208        -            321   1.6e-31  111.3  21.2   1   7     0.026       4.5    8.0   0.0    19   131    30   139    23   149 0.73 -
evm.utg389.12                        -            914 449139at33208        -            321   1.6e-31  111.3  21.2   2   7   4.6e-11   7.9e-09   36.7   0.7    65   177   116   226   110   237 0.91 -
evm.utg389.12                        -            914 449139at33208        -            321   1.6e-31  111.3  21.2   3   7       8.6   1.5e+03   -0.3   0.0   111   132   262   283   255   297 0.72 -
evm.utg389.12                        -            914 449139at33208        -            321   1.6e-31  111.3  21.2   4   7   2.8e-07   4.8e-05   24.3   1.0    67   176   312   417   301   424 0.90 -
evm.utg389.12                        -            914 449139at33208        -            321   1.6e-31  111.3  21.2   5   7     0.042       7.3    7.3   0.0    88   128   420   460   415   472 0.86 -
evm.utg389.12                        -            914 449139at33208        -            321   1.6e-31  111.3  21.2   6   7   2.2e-07   3.9e-05   24.6   0.1    94   174   478   554   465   556 0.88 -
evm.utg389.12                        -            914 449139at33208        -            321   1.6e-31  111.3  21.2   7   7   1.2e-08   2.1e-06   28.8   0.5    86   204   554   672   552   677 0.78 -
evm.utg92.13                         -           1666 449139at33208        -            321   1.5e-30  108.1  29.4   1   7    0.0056      0.97   10.2   0.2    89   148   917   976   905   997 0.80 -
evm.utg92.13                         -           1666 449139at33208        -            321   1.5e-30  108.1  29.4   2   7   4.1e-05    0.0071   17.2   0.0   115   172  1024  1077  1009  1080 0.86 -
evm.utg92.13                         -           1666 449139at33208        -            321   1.5e-30  108.1  29.4   3   7   4.8e-06   0.00084   20.2   0.3    88   173  1081  1161  1078  1164 0.86 -
evm.utg92.13                         -           1666 449139at33208        -            321   1.5e-30  108.1  29.4   4   7   7.8e-05     0.014   16.3   1.0    89   174  1165  1246  1161  1259 0.72 -
evm.utg92.13                         -           1666 449139at33208        -            321   1.5e-30  108.1  29.4   5   7      0.21        36    5.0   0.0    98   134  1264  1300  1249  1307 0.79 -
evm.utg92.13                         -           1666 449139at33208        -            321   1.5e-30  108.1  29.4   6   7   1.9e-08   3.2e-06   28.2   1.3    70   174  1360  1460  1306  1471 0.77 -
evm.utg92.13                         -           1666 449139at33208        -            321   1.5e-30  108.1  29.4   7   7   1.9e-07   3.2e-05   24.9   0.5    68   171  1483  1590  1462  1594 0.78 -
evm.utg1221.16.1.5c22e95a            -            415 449139at33208        -            321   3.6e-30  106.9   2.4   1   3     6e-12     1e-09   39.6   0.1     9   172    90   248    86   253 0.82 -
evm.utg1221.16.1.5c22e95a            -            415 449139at33208        -            321   3.6e-30  106.9   2.4   2   3   2.1e-08   3.6e-06   28.0   0.1    90   164   254   324   248   326 0.89 -
evm.utg1221.16.1.5c22e95a            -            415 449139at33208        -            321   3.6e-30  106.9   2.4   3   3   6.5e-12   1.1e-09   39.5   0.0    70   167   318   411   316   413 0.93 -
evm.utg435.72                        -           1669 449139at33208        -            321   6.6e-29  102.7   8.9   1   7   2.3e-06    0.0004   21.3   0.2    72   177   745   846   736   849 0.88 -
evm.utg435.72                        -           1669 449139at33208        -            321   6.6e-29  102.7   8.9   2   7   2.1e-08   3.7e-06   28.0   0.0    88   175   843   926   842   931 0.89 -
evm.utg435.72                        -           1669 449139at33208        -            321   6.6e-29  102.7   8.9   3   7    0.0004     0.069   13.9   0.0    90   174   929  1009   925  1012 0.84 -
evm.utg435.72                        -           1669 449139at33208        -            321   6.6e-29  102.7   8.9   4   7   6.1e-09   1.1e-06   29.7   0.1    80   184  1003  1103  1001  1112 0.88 -
evm.utg435.72                        -           1669 449139at33208        -            321   6.6e-29  102.7   8.9   5   7   0.00053     0.092   13.5   0.0    95   173  1060  1134  1058  1149 0.84 -
evm.utg435.72                        -           1669 449139at33208        -            321   6.6e-29  102.7   8.9   6   7     0.013       2.2    9.0   0.0    77   137  1440  1503  1421  1539 0.71 -
evm.utg435.72                        -           1669 449139at33208        -            321   6.6e-29  102.7   8.9   7   7       1.9   3.2e+02    1.9   0.0   107   134  1603  1630  1589  1636 0.79 -
evm.utg3158.36                       -           1666 449139at33208        -            321   7.4e-28   99.3  26.4   1   9     0.028       4.9    7.8   0.1    89   148   917   976   906   998 0.79 -
evm.utg3158.36                       -           1666 449139at33208        -            321   7.4e-28   99.3  26.4   2   9   6.8e-05     0.012   16.4   0.0   114   173  1023  1078   999  1081 0.82 -
evm.utg3158.36                       -           1666 449139at33208        -            321   7.4e-28   99.3  26.4   3   9   2.1e-09   3.6e-07   31.3   0.1    72   172  1024  1119  1018  1126 0.91 -
evm.utg3158.36                       -           1666 449139at33208        -            321   7.4e-28   99.3  26.4   4   9   3.5e-05     0.006   17.4   0.3    88   173  1081  1161  1079  1163 0.86 -
evm.utg3158.36                       -           1666 449139at33208        -            321   7.4e-28   99.3  26.4   5   9   1.2e-06   0.00021   22.2   3.0    72   174  1147  1246  1138  1262 0.87 -
evm.utg3158.36                       -           1666 449139at33208        -            321   7.4e-28   99.3  26.4   6   9       7.9   1.4e+03   -0.2   0.0   102   133  1268  1299  1249  1307 0.76 -
evm.utg3158.36                       -           1666 449139at33208        -            321   7.4e-28   99.3  26.4   7   9       1.1   1.8e+02    2.7   0.1   107   173  1312  1375  1292  1380 0.75 -
evm.utg3158.36                       -           1666 449139at33208        -            321   7.4e-28   99.3  26.4   8   9   3.4e-07     6e-05   24.0   0.2    72   174  1362  1460  1354  1466 0.89 -
evm.utg3158.36                       -           1666 449139at33208        -            321   7.4e-28   99.3  26.4   9   9   2.3e-07     4e-05   24.6   0.3    68   170  1483  1589  1462  1595 0.75 -
evm.utg2757.76                       -            410 449139at33208        -            321   3.9e-26   93.6   7.4   1   4   2.3e-08     4e-06   27.9   0.0    95   173   104   178    98   180 0.88 -
evm.utg2757.76                       -            410 449139at33208        -            321   3.9e-26   93.6   7.4   2   4   3.5e-12   6.1e-10   40.4   0.2    88   174   181   263   177   281 0.91 -
evm.utg2757.76                       -            410 449139at33208        -            321   3.9e-26   93.6   7.4   3   4   9.4e-08   1.6e-05   25.8   1.0   112   174   309   368   285   389 0.86 -
evm.utg2757.76                       -            410 449139at33208        -            321   3.9e-26   93.6   7.4   4   4       1.9   3.3e+02    1.9   0.0    87   127   369   408   366   409 0.85 -
evm.utg101.178                       -            403 449139at33208        -            321   5.5e-26   93.1   5.6   1   3   2.2e-08   3.9e-06   27.9   0.0    95   173   104   178    98   180 0.88 -
evm.utg101.178                       -            403 449139at33208        -            321   5.5e-26   93.1   5.6   2   3   3.3e-12   5.7e-10   40.5   0.2    88   174   181   263   177   289 0.91 -
evm.utg101.178                       -            403 449139at33208        -            321   5.5e-26   93.1   5.6   3   3   4.9e-08   8.4e-06   26.8   0.3   111   174   308   368   276   390 0.85 -
evm.utg470.32                        -           1060 449139at33208        -            321   9.5e-25   89.1   0.3   1   5     0.044       7.6    7.2   0.1    90   139    54   103    36   106 0.90 -
evm.utg470.32                        -           1060 449139at33208        -            321   9.5e-25   89.1   0.3   2   5      0.94   1.6e+02    2.8   0.0    69   133   217   284   205   288 0.78 -
evm.utg470.32                        -           1060 449139at33208        -            321   9.5e-25   89.1   0.3   3   5     5e-06   0.00086   20.2   0.0    94   141   367   414   359   425 0.91 -
evm.utg470.32                        -           1060 449139at33208        -            321   9.5e-25   89.1   0.3   4   5   2.2e-10   3.8e-08   34.5   0.0     8   138   454   584   445   587 0.84 -
evm.utg470.32                        -           1060 449139at33208        -            321   9.5e-25   89.1   0.3   5   5   3.9e-05    0.0068   17.2   0.0    95   174   584   661   582   666 0.81 -
evm.utg777.49                        -            667 449139at33208        -            321   1.7e-24   88.2   0.3   1   3   3.3e-07   5.7e-05   24.1   0.0    80   174   397   487   390   489 0.90 -
evm.utg777.49                        -            667 449139at33208        -            321   1.7e-24   88.2   0.3   2   3   2.9e-14     5e-12   47.2   0.0    79   174   480   571   480   577 0.93 -
evm.utg777.49                        -            667 449139at33208        -            321   1.7e-24   88.2   0.3   3   3   5.4e-05    0.0094   16.8   0.0   139   176   578   615   572   622 0.88 -
evm.utg1221.16.2.5c22e95a            -            399 449139at33208        -            321   3.1e-24   87.3   1.6   1   3   5.3e-12   9.1e-10   39.8   0.1     9   172    90   248    85   253 0.82 -
evm.utg1221.16.2.5c22e95a            -            399 449139at33208        -            321   3.1e-24   87.3   1.6   2   3   1.9e-08   3.4e-06   28.1   0.1    90   164   254   324   248   326 0.89 -
evm.utg1221.16.2.5c22e95a            -            399 449139at33208        -            321   3.1e-24   87.3   1.6   3   3   1.2e-05     0.002   19.0   0.0    70   134   318   381   316   388 0.88 -
evm.utg10470.3                       -            667 449139at33208        -            321   1.3e-23   85.3   0.2   1   3   3.3e-07   5.7e-05   24.1   0.0    80   174   397   487   390   489 0.90 -
evm.utg10470.3                       -            667 449139at33208        -            321   1.3e-23   85.3   0.2   2   3     5e-14   8.6e-12   46.5   0.0    79   174   480   571   480   577 0.93 -
evm.utg10470.3                       -            667 449139at33208        -            321   1.3e-23   85.3   0.2   3   3   0.00025     0.044   14.6   0.0   139   176   578   615   572   622 0.88 -
evm.utg5417.27                       -           1331 449139at33208        -            321   4.3e-23   83.6  22.1   1   5   2.4e-11   4.1e-09   37.7   2.8    10   183   717   885   711   900 0.81 -
evm.utg5417.27                       -           1331 449139at33208        -            321   4.3e-23   83.6  22.1   2   5   9.2e-08   1.6e-05   25.9   0.3    69   190   901  1018   877  1022 0.81 -
evm.utg5417.27                       -           1331 449139at33208        -            321   4.3e-23   83.6  22.1   3   5     0.067        12    6.6   0.0   250   315  1056  1114  1046  1120 0.72 -
evm.utg5417.27                       -           1331 449139at33208        -            321   4.3e-23   83.6  22.1   4   5   5.3e-07   9.1e-05   23.4   0.9    42   173  1079  1206  1065  1215 0.83 -
evm.utg5417.27                       -           1331 449139at33208        -            321   4.3e-23   83.6  22.1   5   5      0.21        37    5.0   0.1   293   320  1219  1246  1206  1247 0.91 -
evm.utg788.96                        -            437 449139at33208        -            321   7.4e-23   82.8   3.3   1   3   1.7e-10   2.9e-08   34.9   0.8    89   175    27   109     4   128 0.81 -
evm.utg788.96                        -            437 449139at33208        -            321   7.4e-23   82.8   3.3   2   3   4.9e-06   0.00086   20.2   0.0    96   173   118   191   110   195 0.87 -
evm.utg788.96                        -            437 449139at33208        -            321   7.4e-23   82.8   3.3   3   3   6.9e-08   1.2e-05   26.3   0.0    88   173   194   275   190   292 0.87 -
evm.utg389.12.2.5c22f032             -            702 449139at33208        -            321   1.8e-22   81.6  13.4   1   5       6.9   1.2e+03   -0.0   0.0   111   132    50    71    41    79 0.72 -
evm.utg389.12.2.5c22f032             -            702 449139at33208        -            321   1.8e-22   81.6  13.4   2   5   1.9e-07   3.3e-05   24.9   0.9    67   176   100   205    92   212 0.90 -
evm.utg389.12.2.5c22f032             -            702 449139at33208        -            321   1.8e-22   81.6  13.4   3   5     0.031       5.3    7.7   0.0    88   128   208   248   203   260 0.86 -
evm.utg389.12.2.5c22f032             -            702 449139at33208        -            321   1.8e-22   81.6  13.4   4   5   1.6e-07   2.7e-05   25.1   0.1    94   174   266   342   253   344 0.88 -
evm.utg389.12.2.5c22f032             -            702 449139at33208        -            321   1.8e-22   81.6  13.4   5   5   9.7e-09   1.7e-06   29.1   0.5    86   204   342   460   341   464 0.78 -
evm.utg72.22                         -            454 449139at33208        -            321   1.8e-22   81.6   2.1   1   4     9e-07   0.00016   22.6   0.0    85   173    93   177    73   204 0.86 -
evm.utg72.22                         -            454 449139at33208        -            321   1.8e-22   81.6   2.1   2   4    0.0081       1.4    9.6   0.0    69   129   161   226   154   241 0.80 -
evm.utg72.22                         -            454 449139at33208        -            321   1.8e-22   81.6   2.1   3   4    0.0011      0.19   12.5   0.0   109   171   308   368   302   376 0.83 -
evm.utg72.22                         -            454 449139at33208        -            321   1.8e-22   81.6   2.1   4   4   3.8e-12   6.7e-10   40.3   0.1    90   171   375   452   369   453 0.89 -
evm.utg12655.28                      -            300 449139at33208        -            321   2.5e-22   81.1   0.1   1   4   2.9e-06    0.0005   21.0   0.0    97   173     7    80     2    84 0.86 -
evm.utg12655.28                      -            300 449139at33208        -            321   2.5e-22   81.1   0.1   2   4   1.2e-07   2.1e-05   25.5   0.0    89   174    84   165    80   171 0.93 -
evm.utg12655.28                      -            300 449139at33208        -            321   2.5e-22   81.1   0.1   3   4   0.00098      0.17   12.7   0.0    92   138   171   220   164   223 0.75 -
evm.utg12655.28                      -            300 449139at33208        -            321   2.5e-22   81.1   0.1   4   4   1.8e-05    0.0031   18.4   0.0    47   124   222   294   212   299 0.85 -
evm.utg21228.28                      -            351 449139at33208        -            321     5e-22   80.1   0.0   1   4   1.3e-06   0.00023   22.1   0.0    92   173    53   131    33   135 0.87 -
evm.utg21228.28                      -            351 449139at33208        -            321     5e-22   80.1   0.0   2   4   3.8e-07   6.5e-05   23.9   0.0    88   174   134   216   130   220 0.92 -
evm.utg21228.28                      -            351 449139at33208        -            321     5e-22   80.1   0.0   3   4    0.0011      0.19   12.5   0.0    92   138   222   271   214   275 0.76 -
evm.utg21228.28                      -            351 449139at33208        -            321     5e-22   80.1   0.0   4   4   2.3e-05    0.0039   18.0   0.0    47   124   273   345   262   350 0.85 -
evm.utg3174.3                        -            435 449139at33208        -            321   9.9e-22   79.1   4.5   1   4   3.1e-08   5.4e-06   27.4   0.1    94   175   152   229   141   240 0.88 -
evm.utg3174.3                        -            435 449139at33208        -            321   9.9e-22   79.1   4.5   2   4   0.00033     0.057   14.2   0.3   117   174   216   270   215   273 0.92 -
evm.utg3174.3                        -            435 449139at33208        -            321   9.9e-22   79.1   4.5   3   4   1.4e-11   2.4e-09   38.4   0.7    58   191   242   373   238   377 0.85 -
evm.utg3174.3                        -            435 449139at33208        -            321   9.9e-22   79.1   4.5   4   4    0.0014      0.24   12.2   0.0   111   170   378   433   366   434 0.64 -
evm.utg413.38                        -            593 449139at33208        -            321     1e-21   79.1   3.6   1   4   6.1e-08     1e-05   26.5   0.1    94   175   310   387   302   390 0.88 -
evm.utg413.38                        -            593 449139at33208        -            321     1e-21   79.1   3.6   2   4   0.00064      0.11   13.3   0.3   118   174   375   428   374   434 0.91 -
evm.utg413.38                        -            593 449139at33208        -            321     1e-21   79.1   3.6   3   4   1.8e-11   3.2e-09   38.0   0.6    58   174   400   512   393   531 0.89 -
evm.utg413.38                        -            593 449139at33208        -            321     1e-21   79.1   3.6   4   4    0.0011      0.18   12.5   0.0   101   171   527   592   512   592 0.81 -
evm.utg1056.106                      -            351 449139at33208        -            321   1.6e-21   78.4   2.7   1   4   0.00013     0.023   15.5   0.3    91   171    55   131    29   132 0.85 -
evm.utg1056.106                      -            351 449139at33208        -            321   1.6e-21   78.4   2.7   2   4   3.5e-10   6.1e-08   33.8   0.2    80   173    86   175    84   177 0.88 -
evm.utg1056.106                      -            351 449139at33208        -            321   1.6e-21   78.4   2.7   3   4   8.6e-06    0.0015   19.4   0.0    86   172   176   259   174   262 0.92 -
evm.utg1056.106                      -            351 449139at33208        -            321   1.6e-21   78.4   2.7   4   4   4.8e-05    0.0083   17.0   0.1    87   173   262   349   258   350 0.82 -
evm.utg1056.106.1.5c22e841           -            351 449139at33208        -            321   1.6e-21   78.4   2.7   1   4   0.00013     0.023   15.5   0.3    91   171    55   131    29   132 0.85 -
evm.utg1056.106.1.5c22e841           -            351 449139at33208        -            321   1.6e-21   78.4   2.7   2   4   3.5e-10   6.1e-08   33.8   0.2    80   173    86   175    84   177 0.88 -
evm.utg1056.106.1.5c22e841           -            351 449139at33208        -            321   1.6e-21   78.4   2.7   3   4   8.6e-06    0.0015   19.4   0.0    86   172   176   259   174   262 0.92 -
evm.utg1056.106.1.5c22e841           -            351 449139at33208        -            321   1.6e-21   78.4   2.7   4   4   4.8e-05    0.0083   17.0   0.1    87   173   262   349   258   350 0.82 -
evm.utg4972.23                       -            640 449139at33208        -            321   1.8e-21   78.3  13.2   1   4   1.2e-07   2.1e-05   25.5   0.3    89   173   339   417   328   423 0.89 -
evm.utg4972.23                       -            640 449139at33208        -            321   1.8e-21   78.3  13.2   2   4   1.7e-08     3e-06   28.3   0.5    88   174   426   504   421   507 0.88 -
evm.utg4972.23                       -            640 449139at33208        -            321   1.8e-21   78.3  13.2   3   4   1.3e-08   2.2e-06   28.7   0.7    88   174   506   591   504   600 0.86 -
evm.utg4972.23                       -            640 449139at33208        -            321   1.8e-21   78.3  13.2   4   4    0.0034      0.59   10.9   0.1   110   172   572   629   564   634 0.83 -
evm.utg564.26                        -            598 449139at33208        -            321   1.8e-21   78.2   0.5   1   3   8.1e-05     0.014   16.2   0.0   103   173   357   423   346   427 0.84 -
evm.utg564.26                        -            598 449139at33208        -            321   1.8e-21   78.2   0.5   2   3   2.8e-13   4.8e-11   44.0   0.0    59   173   397   507   393   514 0.92 -
evm.utg564.26                        -            598 449139at33208        -            321   1.8e-21   78.2   0.5   3   3   1.5e-05    0.0025   18.7   0.3   138   213   514   591   507   597 0.72 -
evm.utg1337.6                        -            914 449139at33208        -            321   4.4e-21   77.0  12.7   1   5   5.9e-08     1e-05   26.5   0.2    89   173   613   691   602   697 0.89 -
evm.utg1337.6                        -            914 449139at33208        -            321   4.4e-21   77.0  12.7   2   5   5.6e-08   9.8e-06   26.6   0.6    88   174   700   778   695   780 0.88 -
evm.utg1337.6                        -            914 449139at33208        -            321   4.4e-21   77.0  12.7   3   5   1.1e-08   1.9e-06   28.9   0.4   111   173   760   819   758   826 0.92 -
evm.utg1337.6                        -            914 449139at33208        -            321   4.4e-21   77.0  12.7   4   5   2.5e-08   4.3e-06   27.8   0.7    89   174   781   865   779   872 0.86 -
evm.utg1337.6                        -            914 449139at33208        -            321   4.4e-21   77.0  12.7   5   5    0.0051      0.89   10.3   0.1   110   172   846   903   838   909 0.83 -
evm.utg1204.47                       -            338 449139at33208        -            321   1.9e-20   74.9   8.6   1   4     0.033       5.6    7.6   0.0   133   171     5    43     2    50 0.91 -
evm.utg1204.47                       -            338 449139at33208        -            321   1.9e-20   74.9   8.6   2   4   5.6e-07   9.7e-05   23.3   0.1    95   172    58   133    47   139 0.86 -
evm.utg1204.47                       -            338 449139at33208        -            321   1.9e-20   74.9   8.6   3   4     2e-09   3.5e-07   31.3   0.5    82   171   134   221   132   223 0.92 -
evm.utg1204.47                       -            338 449139at33208        -            321   1.9e-20   74.9   8.6   4   4   9.7e-05     0.017   15.9   0.1    67   129   263   334   239   337 0.67 -
evm.utg18125.5.1.5c22ec17            -            724 449139at33208        -            321   2.4e-20   74.6  13.1   1   4    0.0029      0.51   11.1   0.1     6   131   232   350   228   361 0.77 -
evm.utg18125.5.1.5c22ec17            -            724 449139at33208        -            321   2.4e-20   74.6  13.1   2   4     1e-11   1.8e-09   38.8   0.7    66   177   328   437   325   447 0.91 -
evm.utg18125.5.1.5c22ec17            -            724 449139at33208        -            321   2.4e-20   74.6  13.1   3   4      0.59     1e+02    3.5   0.0   107   136   469   498   465   505 0.80 -
evm.utg18125.5.1.5c22ec17            -            724 449139at33208        -            321   2.4e-20   74.6  13.1   4   4   9.4e-08   1.6e-05   25.9   0.8    67   179   523   631   517   633 0.90 -
evm.utg6430.5                        -            514 449139at33208        -            321   4.2e-20   73.8   6.1   1   5       1.2   2.1e+02    2.5   0.0   122   177     1    54     1    74 0.74 -
evm.utg6430.5                        -            514 449139at33208        -            321   4.2e-20   73.8   6.1   2   5   2.1e-07   3.6e-05   24.7   0.0    47   176    76   205    66   217 0.82 -
evm.utg6430.5                        -            514 449139at33208        -            321   4.2e-20   73.8   6.1   3   5    0.0026      0.46   11.2   0.1   110   172   226   291   220   298 0.89 -
evm.utg6430.5                        -            514 449139at33208        -            321   4.2e-20   73.8   6.1   4   5    0.0035       0.6   10.8   0.0   104   174   312   379   310   388 0.83 -
evm.utg6430.5                        -            514 449139at33208        -            321   4.2e-20   73.8   6.1   5   5   2.3e-06   0.00041   21.3   0.1   107   176   398   464   392   473 0.85 -
evm.utg6078.33                       -           1331 449139at33208        -            321   7.2e-20   73.0  21.2   1   5     0.022       3.7    8.2   0.0   141   172   716   747   683   755 0.85 -
evm.utg6078.33                       -           1331 449139at33208        -            321   7.2e-20   73.0  21.2   2   5   3.8e-10   6.6e-08   33.7   2.6    10   173   717   874   711   889 0.83 -
evm.utg6078.33                       -           1331 449139at33208        -            321   7.2e-20   73.0  21.2   3   5   4.3e-06   0.00075   20.4   0.2    71   175   901  1000   877  1020 0.79 -
evm.utg6078.33                       -           1331 449139at33208        -            321   7.2e-20   73.0  21.2   4   5   8.6e-07   0.00015   22.7   0.8    31   173  1067  1206  1049  1214 0.78 -
evm.utg6078.33                       -           1331 449139at33208        -            321   7.2e-20   73.0  21.2   5   5      0.22        38    4.9   0.1   293   320  1219  1246  1208  1247 0.91 -
evm.utg73.142                        -            520 449139at33208        -            321   1.8e-19   71.7   0.2   1   3   1.4e-09   2.5e-07   31.8   0.0    67   174   243   354   233   361 0.88 -
evm.utg73.142                        -            520 449139at33208        -            321   1.8e-19   71.7   0.2   2   3   0.00012      0.02   15.7   0.1    96   174   364   438   356   440 0.79 -
evm.utg73.142                        -            520 449139at33208        -            321   1.8e-19   71.7   0.2   3   3     1e-05    0.0018   19.2   0.0    87   171   439   517   437   519 0.89 -
evm.utg2757.69                       -            710 449139at33208        -            321     3e-19   71.0   4.9   1   4      0.37        63    4.2   0.0    95   133   430   467   424   472 0.84 -
evm.utg2757.69                       -            710 449139at33208        -            321     3e-19   71.0   4.9   2   4   3.1e-12   5.5e-10   40.6   0.2    78   174   471   563   463   581 0.89 -
evm.utg2757.69                       -            710 449139at33208        -            321     3e-19   71.0   4.9   3   4   1.6e-07   2.8e-05   25.1   0.7   111   174   608   668   575   688 0.86 -
evm.utg2757.69                       -            710 449139at33208        -            321     3e-19   71.0   4.9   4   4       3.7   6.4e+02    0.9   0.0    87   126   669   707   666   709 0.85 -
evm.utg109.41                        -            598 449139at33208        -            321   3.4e-19   70.8   0.5   1   3   0.00095      0.16   12.7   0.0   104   173   358   423   346   425 0.80 -
evm.utg109.41                        -            598 449139at33208        -            321   3.4e-19   70.8   0.5   2   3   1.7e-13     3e-11   44.7   0.0    59   173   397   507   394   514 0.92 -
evm.utg109.41                        -            598 449139at33208        -            321   3.4e-19   70.8   0.5   3   3   0.00057     0.099   13.4   0.2   138   195   514   575   507   595 0.73 -
evm.utg21625.6                       -            513 449139at33208        -            321   3.5e-19   70.7   7.3   1   5       2.7   4.7e+02    1.3   0.1   122   176     1    53     1    72 0.73 -
evm.utg21625.6                       -            513 449139at33208        -            321   3.5e-19   70.7   7.3   2   5   5.9e-08     1e-05   26.5   0.0    47   175    76   204    62   217 0.83 -
evm.utg21625.6                       -            513 449139at33208        -            321   3.5e-19   70.7   7.3   3   5      0.03       5.3    7.7   0.1   110   171   226   290   207   297 0.69 -
evm.utg21625.6                       -            513 449139at33208        -            321   3.5e-19   70.7   7.3   4   5     0.038       6.5    7.4   0.0   248   279   309   340   302   343 0.93 -
evm.utg21625.6                       -            513 449139at33208        -            321   3.5e-19   70.7   7.3   5   5     3e-06   0.00051   20.9   0.2   107   176   398   464   387   476 0.60 -
evm.utg7.52                          -            496 449139at33208        -            321     5e-19   70.3   5.4   1   3   0.00018     0.031   15.1   0.1    72   131   210   267   200   273 0.85 -
evm.utg7.52                          -            496 449139at33208        -            321     5e-19   70.3   5.4   2   3   1.2e-07     2e-05   25.5   0.3    91   172   270   346   264   349 0.90 -
evm.utg7.52                          -            496 449139at33208        -            321     5e-19   70.3   5.4   3   3     5e-11   8.7e-09   36.6   0.2    71   177   334   431   332   493 0.79 -
evm.utg4972.23.1.5c22f18a            -            555 449139at33208        -            321   8.9e-19   69.4   8.7   1   3   9.9e-08   1.7e-05   25.8   0.3    89   173   339   417   328   423 0.89 -
evm.utg4972.23.1.5c22f18a            -            555 449139at33208        -            321   8.9e-19   69.4   8.7   2   3   1.4e-08   2.4e-06   28.6   0.5    88   174   426   504   421   507 0.88 -
evm.utg4972.23.1.5c22f18a            -            555 449139at33208        -            321   8.9e-19   69.4   8.7   3   3   1.1e-05    0.0019   19.0   0.1   139   173   511   545   506   551 0.92 -
evm.utg729.25.2.5c279763             -            767 449139at33208        -            321     1e-18   69.3   0.0   1   3   8.3e-09   1.4e-06   29.3   0.0    95   172   446   530   436   536 0.80 -
evm.utg729.25.2.5c279763             -            767 449139at33208        -            321     1e-18   69.3   0.0   2   3      0.15        26    5.5   0.0   139   171   550   582   544   593 0.85 -
evm.utg729.25.2.5c279763             -            767 449139at33208        -            321     1e-18   69.3   0.0   3   3   3.8e-09   6.6e-07   30.4   0.0    17   164   606   759   595   765 0.76 -
evm.utg616.9                         -            671 449139at33208        -            321   1.2e-18   69.0   9.8   1   3   1.7e-08   2.9e-06   28.3   1.2    46   173   339   453   328   455 0.78 -
evm.utg616.9                         -            671 449139at33208        -            321   1.2e-18   69.0   9.8   2   3   3.2e-09   5.6e-07   30.7   0.2    71   172   438   532   432   536 0.90 -
evm.utg616.9                         -            671 449139at33208        -            321   1.2e-18   69.0   9.8   3   3     2e-07   3.4e-05   24.8   0.5    79   173   527   616   527   624 0.91 -
evm.utg729.25                        -            852 449139at33208        -            321   1.6e-18   68.6   0.0   1   3   9.6e-09   1.7e-06   29.1   0.0    95   172   531   615   521   621 0.80 -
evm.utg729.25                        -            852 449139at33208        -            321   1.6e-18   68.6   0.0   2   3      0.17        30    5.3   0.0   139   171   635   667   629   678 0.85 -
evm.utg729.25                        -            852 449139at33208        -            321   1.6e-18   68.6   0.0   3   3   4.5e-09   7.8e-07   30.2   0.0    17   164   691   844   680   850 0.76 -
evm.utg798.40                        -            320 449139at33208        -            321   1.7e-18   68.5   0.2   1   3   7.2e-10   1.2e-07   32.8   0.0    51   171    60   179    48   182 0.84 -
evm.utg798.40                        -            320 449139at33208        -            321   1.7e-18   68.5   0.2   2   3   2.4e-05    0.0042   17.9   0.0    86   174   139   226   135   229 0.84 -
evm.utg798.40                        -            320 449139at33208        -            321   1.7e-18   68.5   0.2   3   3   1.2e-08   2.1e-06   28.8   0.0    46   164   189   303   187   315 0.81 -
evm.utg496.26                        -            504 449139at33208        -            321   1.8e-18   68.5   0.5   1   3      0.96   1.7e+02    2.8   0.0    94   130   152   187   139   246 0.60 -
evm.utg496.26                        -            504 449139at33208        -            321   1.8e-18   68.5   0.5   2   3   2.8e-11   4.8e-09   37.4   0.3     8   149   251   385   245   388 0.83 -
evm.utg496.26                        -            504 449139at33208        -            321   1.8e-18   68.5   0.5   3   3   4.3e-08   7.5e-06   27.0   0.0    45   138   373   470   371   490 0.81 -
evm.utg343339.3                      -            504 449139at33208        -            321   1.8e-18   68.5   0.5   1   3      0.96   1.7e+02    2.8   0.0    94   130   152   187   139   246 0.60 -
evm.utg343339.3                      -            504 449139at33208        -            321   1.8e-18   68.5   0.5   2   3   2.8e-11   4.8e-09   37.4   0.3     8   149   251   385   245   388 0.83 -
evm.utg343339.3                      -            504 449139at33208        -            321   1.8e-18   68.5   0.5   3   3   4.3e-08   7.5e-06   27.0   0.0    45   138   373   470   371   490 0.81 -
evm.utg2323.5                        -            681 449139at33208        -            321   1.9e-18   68.4   0.0   1   3   1.7e-05     0.003   18.4   0.0    90   175    11    93     4    95 0.93 -
evm.utg2323.5                        -            681 449139at33208        -            321   1.9e-18   68.4   0.0   2   3   9.4e-13   1.6e-10   42.3   0.0    70   173    75   175    66   181 0.89 -
evm.utg2323.5                        -            681 449139at33208        -            321   1.9e-18   68.4   0.0   3   3    0.0032      0.56   10.9   0.0    90   170   180   255   174   266 0.80 -
evm.utg26219.6                       -            683 449139at33208        -            321   1.9e-18   68.4   0.0   1   3   1.9e-05    0.0033   18.3   0.0    90   175    11    93     4    95 0.93 -
evm.utg26219.6                       -            683 449139at33208        -            321   1.9e-18   68.4   0.0   2   3     1e-12   1.8e-10   42.2   0.0    70   173    75   175    66   181 0.90 -
evm.utg26219.6                       -            683 449139at33208        -            321   1.9e-18   68.4   0.0   3   3    0.0034       0.6   10.9   0.0    90   170   180   255   175   266 0.80 -
evm.utg1204.47.1.5c22e937            -            333 449139at33208        -            321   2.5e-18   68.0   7.3   1   4     0.032       5.5    7.7   0.0   133   171     5    43     2    50 0.91 -
evm.utg1204.47.1.5c22e937            -            333 449139at33208        -            321   2.5e-18   68.0   7.3   2   4   5.5e-07   9.5e-05   23.3   0.1    95   172    58   133    47   139 0.86 -
evm.utg1204.47.1.5c22e937            -            333 449139at33208        -            321   2.5e-18   68.0   7.3   3   4     2e-09   3.4e-07   31.4   0.5    82   171   134   221   132   223 0.92 -
evm.utg1204.47.1.5c22e937            -            333 449139at33208        -            321   2.5e-18   68.0   7.3   4   4     0.038       6.6    7.4   0.0    67   120   263   325   243   330 0.64 -
evm.utg27.20                         -           1146 449139at33208        -            321   2.7e-18   67.8   0.8   1   2   3.4e-13   5.8e-11   43.7   0.1    23   174    20   166     5   175 0.87 -
evm.utg27.20                         -           1146 449139at33208        -            321   2.7e-18   67.8   0.8   2   2   4.5e-06   0.00077   20.3   0.1    90   175   199   283   191   296 0.85 -
evm.utg2967.37.2.5c22ee73            -            682 449139at33208        -            321   3.8e-18   67.4   0.0   1   3   1.7e-05    0.0029   18.5   0.0    88   175     8    92     1    94 0.91 -
evm.utg2967.37.2.5c22ee73            -            682 449139at33208        -            321   3.8e-18   67.4   0.0   2   3     1e-12   1.8e-10   42.2   0.0    70   173    74   174    65   180 0.90 -
evm.utg2967.37.2.5c22ee73            -            682 449139at33208        -            321   3.8e-18   67.4   0.0   3   3     0.008       1.4    9.6   0.0    90   170   179   254   174   259 0.76 -
evm.utg2967.37                       -            683 449139at33208        -            321     4e-18   67.3   0.1   1   3   2.1e-05    0.0036   18.2   0.0    90   175    11    93     4    94 0.93 -
evm.utg2967.37                       -            683 449139at33208        -            321     4e-18   67.3   0.1   2   3   1.1e-12   1.8e-10   42.1   0.0    70   173    75   175    66   180 0.90 -
evm.utg2967.37                       -            683 449139at33208        -            321     4e-18   67.3   0.1   3   3    0.0084       1.5    9.6   0.0    90   170   180   255   176   262 0.77 -
evm.utg17809.13                      -            456 449139at33208        -            321   1.1e-17   65.9   2.0   1   4   7.8e-08   1.4e-05   26.1   0.0    85   172    93   176    71   204 0.86 -
evm.utg17809.13                      -            456 449139at33208        -            321   1.1e-17   65.9   2.0   2   4    0.0022      0.38   11.5   0.1    66   138   206   276   195   296 0.75 -
evm.utg17809.13                      -            456 449139at33208        -            321   1.1e-17   65.9   2.0   3   4    0.0023       0.4   11.4   0.0   112   171   331   388   322   393 0.82 -
evm.utg17809.13                      -            456 449139at33208        -            321   1.1e-17   65.9   2.0   4   4   0.00071      0.12   13.1   0.0    90   146   395   447   390   450 0.83 -
evm.utg2159.31.4.5c22ed19.1.5c2791f0 -           1007 449139at33208        -            321   1.2e-17   65.7   8.6   1   4      0.42        72    4.0   0.1   139   171   414   444   409   449 0.85 -
evm.utg2159.31.4.5c22ed19.1.5c2791f0 -           1007 449139at33208        -            321   1.2e-17   65.7   8.6   2   4   2.6e-05    0.0044   17.8   0.2    79   140   440   499   431   502 0.85 -
evm.utg2159.31.4.5c22ed19.1.5c2791f0 -           1007 449139at33208        -            321   1.2e-17   65.7   8.6   3   4   6.8e-05     0.012   16.5   0.1   108   173   507   569   500   579 0.87 -
evm.utg2159.31.4.5c22ed19.1.5c2791f0 -           1007 449139at33208        -            321   1.2e-17   65.7   8.6   4   4   1.4e-09   2.4e-07   31.9   0.4    66   175   593   702   578   724 0.81 -
evm.utg27.21                         -            316 449139at33208        -            321   1.3e-17   65.6   1.2   1   4    0.0031      0.55   11.0   0.0    93   130    11    48     3    52 0.88 -
evm.utg27.21                         -            316 449139at33208        -            321   1.3e-17   65.6   1.2   2   4   6.1e-10     1e-07   33.0   0.4    91   177    57   139    51   152 0.87 -
evm.utg27.21                         -            316 449139at33208        -            321   1.3e-17   65.6   1.2   3   4   0.00027     0.046   14.5   0.0    56   129   152   223   137   231 0.85 -
evm.utg27.21                         -            316 449139at33208        -            321   1.3e-17   65.6   1.2   4   4       0.5        86    3.8   0.0    93   174   229   314   222   315 0.81 -
evm.utg2159.31.4.5c22ed19            -           1335 449139at33208        -            321   2.2e-17   64.9   7.5   1   4      0.56        96    3.6   0.1   139   171   414   444   409   450 0.86 -
evm.utg2159.31.4.5c22ed19            -           1335 449139at33208        -            321   2.2e-17   64.9   7.5   2   4   3.8e-05    0.0067   17.3   0.2    79   140   440   499   432   505 0.86 -
evm.utg2159.31.4.5c22ed19            -           1335 449139at33208        -            321   2.2e-17   64.9   7.5   3   4   0.00012      0.02   15.7   0.1   108   173   507   569   502   572 0.87 -
evm.utg2159.31.4.5c22ed19            -           1335 449139at33208        -            321   2.2e-17   64.9   7.5   4   4   1.9e-09   3.2e-07   31.5   0.2    66   175   593   702   577   723 0.82 -
evm.utg2757.32                       -            625 449139at33208        -            321   2.3e-17   64.8   2.2   1   3     4e-10     7e-08   33.6   0.0    23   127   298   410   274   414 0.79 -
evm.utg2757.32                       -            625 449139at33208        -            321   2.3e-17   64.8   2.2   2   3   0.00078      0.13   13.0   0.0   268   319   404   459   401   461 0.77 -
evm.utg2757.32                       -            625 449139at33208        -            321   2.3e-17   64.8   2.2   3   3   2.3e-06   0.00039   21.3   0.6   169   316   456   605   453   608 0.80 -
evm.utg2159.31.3.5c22ed19            -           1403 449139at33208        -            321   2.6e-17   64.6   7.5   1   4      0.59     1e+02    3.5   0.1   139   171   414   444   409   450 0.86 -
evm.utg2159.31.3.5c22ed19            -           1403 449139at33208        -            321   2.6e-17   64.6   7.5   2   4   4.1e-05     0.007   17.2   0.2    79   140   440   499   432   505 0.86 -
evm.utg2159.31.3.5c22ed19            -           1403 449139at33208        -            321   2.6e-17   64.6   7.5   3   4   0.00012     0.021   15.6   0.1   108   173   507   569   502   572 0.87 -
evm.utg2159.31.3.5c22ed19            -           1403 449139at33208        -            321   2.6e-17   64.6   7.5   4   4     2e-09   3.4e-07   31.4   0.2    66   175   593   702   577   723 0.82 -
evm.utg736.53                        -            495 449139at33208        -            321   3.2e-17   64.3   0.4   1   4   0.00018     0.031   15.1   0.0    86   133   145   192   134   194 0.91 -
evm.utg736.53                        -            495 449139at33208        -            321   3.2e-17   64.3   0.4   2   4    0.0025      0.43   11.3   0.0    88   127   190   228   189   233 0.89 -
evm.utg736.53                        -            495 449139at33208        -            321   3.2e-17   64.3   0.4   3   4     0.049       8.5    7.1   0.0   140   174   277   311   273   317 0.91 -
evm.utg736.53                        -            495 449139at33208        -            321   3.2e-17   64.3   0.4   4   4   2.6e-08   4.6e-06   27.7   0.1    90   175   315   398   309   421 0.86 -
evm.utg405.2                         -            495 449139at33208        -            321   3.2e-17   64.3   0.4   1   4   0.00018     0.031   15.1   0.0    86   133   145   192   134   194 0.91 -
evm.utg405.2                         -            495 449139at33208        -            321   3.2e-17   64.3   0.4   2   4    0.0025      0.43   11.3   0.0    88   127   190   228   189   233 0.89 -
evm.utg405.2                         -            495 449139at33208        -            321   3.2e-17   64.3   0.4   3   4     0.049       8.5    7.1   0.0   140   174   277   311   273   317 0.91 -
evm.utg405.2                         -            495 449139at33208        -            321   3.2e-17   64.3   0.4   4   4   2.6e-08   4.6e-06   27.7   0.1    90   175   315   398   309   421 0.86 -
evm.utg2159.31.2.5c22ed19            -           1510 449139at33208        -            321   3.3e-17   64.3   7.5   1   4      0.67   1.2e+02    3.3   0.1   139   171   414   444   409   448 0.85 -
evm.utg2159.31.2.5c22ed19            -           1510 449139at33208        -            321   3.3e-17   64.3   7.5   2   4   3.9e-05    0.0068   17.2   0.2    79   140   440   499   431   506 0.85 -
evm.utg2159.31.2.5c22ed19            -           1510 449139at33208        -            321   3.3e-17   64.3   7.5   3   4   0.00012      0.02   15.7   0.1   108   173   507   569   501   575 0.87 -
evm.utg2159.31.2.5c22ed19            -           1510 449139at33208        -            321   3.3e-17   64.3   7.5   4   4   2.2e-09   3.8e-07   31.2   0.2    66   175   593   702   577   723 0.82 -
evm.utg2159.31.1.5c22ed19            -           1510 449139at33208        -            321   3.3e-17   64.3   7.5   1   4      0.67   1.2e+02    3.3   0.1   139   171   414   444   409   448 0.85 -
evm.utg2159.31.1.5c22ed19            -           1510 449139at33208        -            321   3.3e-17   64.3   7.5   2   4   3.9e-05    0.0068   17.2   0.2    79   140   440   499   431   506 0.85 -
evm.utg2159.31.1.5c22ed19            -           1510 449139at33208        -            321   3.3e-17   64.3   7.5   3   4   0.00012      0.02   15.7   0.1   108   173   507   569   501   575 0.87 -
evm.utg2159.31.1.5c22ed19            -           1510 449139at33208        -            321   3.3e-17   64.3   7.5   4   4   2.2e-09   3.8e-07   31.2   0.2    66   175   593   702   577   723 0.82 -
evm.utg2159.31                       -           1576 449139at33208        -            321   4.1e-17   64.0   7.5   1   4       0.7   1.2e+02    3.3   0.1   139   171   414   444   409   448 0.85 -
evm.utg2159.31                       -           1576 449139at33208        -            321   4.1e-17   64.0   7.5   2   4   4.1e-05    0.0071   17.2   0.2    79   140   440   499   431   506 0.85 -
evm.utg2159.31                       -           1576 449139at33208        -            321   4.1e-17   64.0   7.5   3   4   0.00012     0.021   15.6   0.1   108   173   507   569   501   575 0.87 -
evm.utg2159.31                       -           1576 449139at33208        -            321   4.1e-17   64.0   7.5   4   4   2.3e-09     4e-07   31.1   0.2    66   175   593   702   577   723 0.82 -
evm.utg1748.16                       -            702 449139at33208        -            321   4.1e-17   64.0   8.3   1   4       1.3   2.2e+02    2.4   0.1   139   171   414   444   409   448 0.84 -
evm.utg1748.16                       -            702 449139at33208        -            321   4.1e-17   64.0   8.3   2   4   1.2e-05    0.0021   18.9   0.2    78   140   439   499   431   503 0.86 -
evm.utg1748.16                       -            702 449139at33208        -            321   4.1e-17   64.0   8.3   3   4   9.6e-05     0.017   16.0   0.1   108   173   507   569   502   582 0.87 -
evm.utg1748.16                       -            702 449139at33208        -            321   4.1e-17   64.0   8.3   4   4   2.3e-09     4e-07   31.1   0.4    66   173   593   700   578   701 0.82 -
evm.utg163.18                        -            542 449139at33208        -            321   6.7e-17   63.3   0.3   1   4     0.014       2.5    8.8   0.0   142   179   183   220   173   231 0.83 -
evm.utg163.18                        -            542 449139at33208        -            321   6.7e-17   63.3   0.3   2   4   0.00044     0.076   13.8   0.0    92   139   259   304   251   309 0.81 -
evm.utg163.18                        -            542 449139at33208        -            321   6.7e-17   63.3   0.3   3   4     2e-06   0.00034   21.5   0.0   100   160   307   367   302   381 0.84 -
evm.utg163.18                        -            542 449139at33208        -            321   6.7e-17   63.3   0.3   4   4   0.00031     0.054   14.3   0.0    89   193   393   494   382   500 0.82 -
evm.utg5417.27.1.5c22f1fe            -           1068 449139at33208        -            321   1.5e-16   62.1   7.7   1   2   1.7e-11   2.9e-09   38.1   2.9     9   183   716   885   707   900 0.81 -
evm.utg5417.27.1.5c22f1fe            -           1068 449139at33208        -            321   1.5e-16   62.1   7.7   2   2   6.8e-08   1.2e-05   26.3   0.3    69   190   901  1018   877  1023 0.81 -
evm.utg577.102                       -            912 449139at33208        -            321   2.2e-16   61.6  13.4   1   4    0.0021      0.36   11.6   0.7    87   172   604   681   592   684 0.79 -
evm.utg577.102                       -            912 449139at33208        -            321   2.2e-16   61.6  13.4   2   4   1.4e-10   2.4e-08   35.2   4.0    79   174   676   763   667   773 0.86 -
evm.utg577.102                       -            912 449139at33208        -            321   2.2e-16   61.6  13.4   3   4    0.0011      0.19   12.5   0.3    89   172   766   843   762   847 0.83 -
evm.utg577.102                       -            912 449139at33208        -            321   2.2e-16   61.6  13.4   4   4     0.012       2.1    9.1   0.0   136   178   849   889   841   901 0.75 -
evm.utg6459.21                       -            392 449139at33208        -            321   3.5e-16   60.9   8.7   1   3   1.6e-05    0.0028   18.5   0.3    81   173    24   112    14   117 0.86 -
evm.utg6459.21                       -            392 449139at33208        -            321   3.5e-16   60.9   8.7   2   3   1.9e-08   3.3e-06   28.1   1.0    10   178   122   295   118   301 0.82 -
evm.utg6459.21                       -            392 449139at33208        -            321   3.5e-16   60.9   8.7   3   3   8.3e-05     0.014   16.2   0.1    94   131   299   335   293   345 0.80 -
evm.utg777.49.1.5c22f40d             -            577 449139at33208        -            321   1.6e-15   58.7   0.0   1   2   2.6e-07   4.6e-05   24.4   0.0    80   174   397   487   390   489 0.90 -
evm.utg777.49.1.5c22f40d             -            577 449139at33208        -            321   1.6e-15   58.7   0.0   2   2   7.9e-10   1.4e-07   32.7   0.0    87   162   488   559   484   568 0.90 -
evm.utg9141.14                       -            390 449139at33208        -            321   1.7e-15   58.6   8.9   1   3   3.4e-05    0.0058   17.5   0.3    81   171    22   108    12   114 0.83 -
evm.utg9141.14                       -            390 449139at33208        -            321   1.7e-15   58.6   8.9   2   3   4.7e-08   8.1e-06   26.8   0.7    10   178   120   293   117   298 0.81 -
evm.utg9141.14                       -            390 449139at33208        -            321   1.7e-15   58.6   8.9   3   3     8e-05     0.014   16.2   0.1    94   131   297   333   291   344 0.80 -
evm.utg234.60                        -            303 449139at33208        -            321   1.9e-15   58.5   4.5   1   4   0.00022     0.039   14.8   0.4   113   174    32    92     6   100 0.88 -
evm.utg234.60                        -            303 449139at33208        -            321   1.9e-15   58.5   4.5   2   4         4   6.9e+02    0.8   0.0   238   279    97   137    92   151 0.82 -
evm.utg234.60                        -            303 449139at33208        -            321   1.9e-15   58.5   4.5   3   4   3.7e-11   6.5e-09   37.0   0.3    69   171   159   257   146   268 0.90 -
evm.utg234.60                        -            303 449139at33208        -            321   1.9e-15   58.5   4.5   4   4   5.1e-05    0.0089   16.9   0.1    95   170   227   298   227   301 0.86 -
evm.utg6220.15                       -            692 449139at33208        -            321   2.4e-15   58.1  11.1   1   4     0.012         2    9.1   0.1   100   172    72   140    35   144 0.58 -
evm.utg6220.15                       -            692 449139at33208        -            321   2.4e-15   58.1  11.1   2   4   6.3e-07   0.00011   23.1   0.5    94   173   150   225   140   237 0.83 -
evm.utg6220.15                       -            692 449139at33208        -            321   2.4e-15   58.1  11.1   3   4    0.0029      0.51   11.1   0.0    67   185   428   540   418   564 0.85 -
evm.utg6220.15                       -            692 449139at33208        -            321   2.4e-15   58.1  11.1   4   4     2e-05    0.0035   18.2   0.2    66   174   564   668   556   681 0.88 -
evm.utg6220.15.1.5c22f2e5            -            692 449139at33208        -            321   2.4e-15   58.1  11.1   1   4     0.012         2    9.1   0.1   100   172    72   140    35   144 0.58 -
evm.utg6220.15.1.5c22f2e5            -            692 449139at33208        -            321   2.4e-15   58.1  11.1   2   4   6.3e-07   0.00011   23.1   0.5    94   173   150   225   140   237 0.83 -
evm.utg6220.15.1.5c22f2e5            -            692 449139at33208        -            321   2.4e-15   58.1  11.1   3   4    0.0029      0.51   11.1   0.0    67   185   428   540   418   564 0.85 -
evm.utg6220.15.1.5c22f2e5            -            692 449139at33208        -            321   2.4e-15   58.1  11.1   4   4     2e-05    0.0035   18.2   0.2    66   174   564   668   556   681 0.88 -
evm.utg10470.3.1.5c22e808            -            577 449139at33208        -            321   2.5e-15   58.1   0.0   1   2   2.6e-07   4.6e-05   24.4   0.0    80   174   397   487   390   489 0.90 -
evm.utg10470.3.1.5c22e808            -            577 449139at33208        -            321   2.5e-15   58.1   0.0   2   2   1.2e-09   2.1e-07   32.0   0.0    87   162   488   559   484   569 0.89 -
evm.utg1694.17                       -            301 449139at33208        -            321   3.5e-15   57.6   6.4   1   3     0.019       3.3    8.4   0.0   140   174   109   141    97   153 0.80 -
evm.utg1694.17                       -            301 449139at33208        -            321   3.5e-15   57.6   6.4   2   3   6.5e-15   1.1e-12   49.4   1.1    70   176   165   264   153   268 0.88 -
evm.utg1694.17                       -            301 449139at33208        -            321   3.5e-15   57.6   6.4   3   3   0.00028     0.049   14.4   0.4   111   171   244   299   238   300 0.88 -
evm.utg1230.12                       -           1137 449139at33208        -            321   4.5e-15   57.3   0.9   1   5   4.4e-09   7.6e-07   30.2   0.0    64   188   348   472   342   477 0.84 -
evm.utg1230.12                       -           1137 449139at33208        -            321   4.5e-15   57.3   0.9   2   5   0.00026     0.044   14.6   0.0    99   173   473   546   467   563 0.88 -
evm.utg1230.12                       -           1137 449139at33208        -            321   4.5e-15   57.3   0.9   3   5       1.6   2.8e+02    2.1   0.0   111   136   662   687   653   691 0.88 -
evm.utg1230.12                       -           1137 449139at33208        -            321   4.5e-15   57.3   0.9   4   5       1.5   2.6e+02    2.2   0.0   157   201   837   883   830   903 0.56 -
evm.utg1230.12                       -           1137 449139at33208        -            321   4.5e-15   57.3   0.9   5   5         4     7e+02    0.8   0.0   106   137   945   976   924   978 0.84 -
evm.utg2099.25                       -            385 449139at33208        -            321   4.5e-15   57.3   0.5   1   3   0.00012      0.02   15.7   0.2   133   174    96   137    58   139 0.79 -
evm.utg2099.25                       -            385 449139at33208        -            321   4.5e-15   57.3   0.5   2   3    0.0002     0.035   14.9   0.0    87   128   138   179   135   183 0.93 -
evm.utg2099.25                       -            385 449139at33208        -            321   4.5e-15   57.3   0.5   3   3   2.9e-07   5.1e-05   24.2   0.0    49   133   192   274   185   307 0.82 -
evm.utg418.52                        -            385 449139at33208        -            321   6.3e-15   56.8   0.7   1   3   0.00029      0.05   14.4   0.2   136   174    99   137    59   138 0.82 -
evm.utg418.52                        -            385 449139at33208        -            321   6.3e-15   56.8   0.7   2   3   0.00021     0.037   14.8   0.0    87   128   138   179   136   187 0.93 -
evm.utg418.52                        -            385 449139at33208        -            321   6.3e-15   56.8   0.7   3   3   1.6e-07   2.7e-05   25.1   0.0    49   165   192   303   184   310 0.80 -
evm.utg6072.16                       -            506 449139at33208        -            321   8.3e-15   56.4   0.7   1   3   8.5e-11   1.5e-08   35.9   0.1    88   174   200   284   190   298 0.84 -
evm.utg6072.16                       -            506 449139at33208        -            321   8.3e-15   56.4   0.7   2   3     0.001      0.17   12.6   0.0    80   138   278   335   276   356 0.81 -
evm.utg6072.16                       -            506 449139at33208        -            321   8.3e-15   56.4   0.7   3   3     0.048       8.3    7.1   0.0    41   170   375   504   342   505 0.60 -
evm.utg801.96                        -            430 449139at33208        -            321     1e-14   56.1   5.8   1   4     0.037       6.4    7.5   0.1    96   128   179   211   173   215 0.80 -
evm.utg801.96                        -            430 449139at33208        -            321     1e-14   56.1   5.8   2   4   0.00019     0.034   15.0   0.2    85   146   218   279   212   279 0.90 -
evm.utg801.96                        -            430 449139at33208        -            321     1e-14   56.1   5.8   3   4   7.8e-09   1.3e-06   29.4   0.1    88   179   267   357   262   370 0.85 -
evm.utg801.96                        -            430 449139at33208        -            321     1e-14   56.1   5.8   4   4     0.043       7.4    7.3   0.0    94   129   374   409   367   413 0.90 -
evm.utg73.142.1.5c22f3bd             -            561 449139at33208        -            321   1.1e-14   56.0   0.5   1   2   1.4e-09   2.5e-07   31.8   0.0    67   174   243   354   230   362 0.87 -
evm.utg73.142.1.5c22f3bd             -            561 449139at33208        -            321   1.1e-14   56.0   0.5   2   2     5e-05    0.0087   16.9   1.2    96   223   364   474   356   484 0.73 -
evm.utg2967.37.1.5c22ee73            -            636 449139at33208        -            321     2e-14   55.2   0.0   1   2   9.2e-13   1.6e-10   42.3   0.0    70   173    31   131    16   134 0.90 -
evm.utg2967.37.1.5c22ee73            -            636 449139at33208        -            321     2e-14   55.2   0.0   2   2    0.0067       1.2    9.9   0.0    90   170   136   211   131   221 0.78 -
evm.utg3260.7                        -            375 449139at33208        -            321     2e-14   55.1   2.9   1   6    0.0002     0.035   14.9   0.0    90   149    23    81    16    88 0.81 -
evm.utg3260.7                        -            375 449139at33208        -            321     2e-14   55.1   2.9   2   6    0.0027      0.46   11.2   0.0   114   173    86   140    79   144 0.81 -
evm.utg3260.7                        -            375 449139at33208        -            321     2e-14   55.1   2.9   3   6      0.31        53    4.5   0.0   205   228   119   142   111   153 0.66 -
evm.utg3260.7                        -            375 449139at33208        -            321     2e-14   55.1   2.9   4   6   0.00044     0.076   13.8   0.1   110   172   177   236   171   238 0.90 -
evm.utg3260.7                        -            375 449139at33208        -            321     2e-14   55.1   2.9   5   6    0.0073       1.3    9.8   0.1   111   173   220   277   215   294 0.87 -
evm.utg3260.7                        -            375 449139at33208        -            321     2e-14   55.1   2.9   6   6      0.12        21    5.8   0.0    69   127   301   356   262   363 0.73 -
utg356.equina_smart_371689.mrna1     -            318 449139at33208        -            321   2.9e-14   54.6   0.1   1   3   7.7e-07   0.00013   22.8   0.0    64   189     7   128     4   132 0.83 -
utg356.equina_smart_371689.mrna1     -            318 449139at33208        -            321   2.9e-14   54.6   0.1   2   3     0.012         2    9.1   0.0   259   319   140   195   132   197 0.86 -
utg356.equina_smart_371689.mrna1     -            318 449139at33208        -            321   2.9e-14   54.6   0.1   3   3   9.4e-06    0.0016   19.3   0.0     7   109   214   315   209   317 0.87 -
evm.utg2303.45                       -            565 449139at33208        -            321   3.1e-14   54.5   5.1   1   3    0.0002     0.035   14.9   0.0   139   173   271   305   263   314 0.91 -
evm.utg2303.45                       -            565 449139at33208        -            321   3.1e-14   54.5   5.1   2   3   4.7e-10   8.1e-08   33.4   1.6    95   320   317   518   306   519 0.75 -
evm.utg2303.45                       -            565 449139at33208        -            321   3.1e-14   54.5   5.1   3   3      0.14        24    5.6   0.0    24   113   456   548   444   562 0.63 -
evm.utg5290.27.1.5c22f1dc            -            533 449139at33208        -            321   3.2e-14   54.5   5.4   1   3   0.00035     0.061   14.1   0.0   140   173   240   273   234   279 0.91 -
evm.utg5290.27.1.5c22f1dc            -            533 449139at33208        -            321   3.2e-14   54.5   5.4   2   3   5.2e-10   9.1e-08   33.3   1.6    95   320   285   486   273   487 0.71 -
evm.utg5290.27.1.5c22f1dc            -            533 449139at33208        -            321   3.2e-14   54.5   5.4   3   3     0.069        12    6.6   0.0    23   115   423   517   412   530 0.73 -
evm.utg5290.27                       -            565 449139at33208        -            321   4.3e-14   54.0   5.4   1   3   0.00038     0.067   14.0   0.0   140   173   272   305   267   311 0.91 -
evm.utg5290.27                       -            565 449139at33208        -            321   4.3e-14   54.0   5.4   2   3     6e-10     1e-07   33.1   1.6    95   320   317   518   305   519 0.71 -
evm.utg5290.27                       -            565 449139at33208        -            321   4.3e-14   54.0   5.4   3   3     0.075        13    6.5   0.0    23   115   455   549   443   562 0.73 -
evm.utg777.49.2.5c22f40d             -            602 449139at33208        -            321   6.4e-14   53.5   0.1   1   2   2.7e-07   4.6e-05   24.4   0.0    80   174   397   487   390   490 0.90 -
evm.utg777.49.2.5c22f40d             -            602 449139at33208        -            321   6.4e-14   53.5   0.1   2   2   3.5e-08   6.1e-06   27.3   0.0    87   139   488   539   485   546 0.90 -
evm.utg577.63                        -            506 449139at33208        -            321   6.7e-14   53.4   0.1   1   3   1.2e-09     2e-07   32.1   0.0    91   174   203   284   191   299 0.81 -
evm.utg577.63                        -            506 449139at33208        -            321   6.7e-14   53.4   0.1   2   3   0.00067      0.12   13.2   0.0    80   138   278   335   276   356 0.81 -
evm.utg577.63                        -            506 449139at33208        -            321   6.7e-14   53.4   0.1   3   3     0.064        11    6.7   0.0    41   170   375   504   362   505 0.62 -
evm.utg3174.3.1.5c22eeec             -            350 449139at33208        -            321   7.3e-14   53.3   1.9   1   3   2.7e-08   4.6e-06   27.6   0.1    94   175   152   229   144   232 0.88 -
evm.utg3174.3.1.5c22eeec             -            350 449139at33208        -            321   7.3e-14   53.3   1.9   2   3     7e-05     0.012   16.4   0.3   115   174   214   270   212   274 0.91 -
evm.utg3174.3.1.5c22eeec             -            350 449139at33208        -            321   7.3e-14   53.3   1.9   3   3   6.8e-07   0.00012   23.0   0.3    58   138   242   321   233   340 0.86 -
evm.utg73.56                         -            309 449139at33208        -            321   1.1e-13   52.7   0.5   1   3    0.0036      0.61   10.8   0.0   140   171    14    45    10    50 0.93 -
evm.utg73.56                         -            309 449139at33208        -            321   1.1e-13   52.7   0.5   2   3   3.2e-07   5.6e-05   24.1   0.0    73   129    80   135    52   149 0.82 -
evm.utg73.56                         -            309 449139at33208        -            321   1.1e-13   52.7   0.5   3   3     0.074        13    6.5   0.1   108   175   196   262   184   274 0.77 -
evm.utg3092.70                       -            717 449139at33208        -            321   1.3e-13   52.4   0.8   1   4       1.3   2.3e+02    2.4   0.0   108   129    71    92    64    98 0.84 -
evm.utg3092.70                       -            717 449139at33208        -            321   1.3e-13   52.4   0.8   2   4   0.00014     0.025   15.4   0.0   108   172   104   168    98   173 0.84 -
evm.utg3092.70                       -            717 449139at33208        -            321   1.3e-13   52.4   0.8   3   4   3.2e-08   5.5e-06   27.4   0.0    46   163   177   291   173   296 0.82 -
evm.utg3092.70                       -            717 449139at33208        -            321   1.3e-13   52.4   0.8   4   4       7.7   1.3e+03   -0.1   0.0   183   262   462   546   442   560 0.72 -
evm.utg320.49                        -            928 449139at33208        -            321   1.5e-13   52.3   0.2   1   4      0.11        20    5.9   0.0    93   127    77   111    53   116 0.71 -
evm.utg320.49                        -            928 449139at33208        -            321   1.5e-13   52.3   0.2   2   4      0.87   1.5e+02    3.0   0.0    98   170   131   199   118   204 0.79 -
evm.utg320.49                        -            928 449139at33208        -            321   1.5e-13   52.3   0.2   3   4      0.42        73    4.0   0.1    95   145   170   219   141   252 0.73 -
evm.utg320.49                        -            928 449139at33208        -            321   1.5e-13   52.3   0.2   4   4   3.5e-11     6e-09   37.1   0.0    70   171   559   664   543   673 0.82 -
evm.utg435.1                         -            468 449139at33208        -            321   1.5e-13   52.2   3.5   1   3       2.6   4.5e+02    1.4   0.0    87   138   135   185   108   193 0.79 -
evm.utg435.1                         -            468 449139at33208        -            321   1.5e-13   52.2   3.5   2   3   9.4e-13   1.6e-10   42.3   0.1    57   174   195   308   189   317 0.88 -
evm.utg435.1                         -            468 449139at33208        -            321   1.5e-13   52.2   3.5   3   3      0.07        12    6.6   1.1   156   226   330   403   315   408 0.76 -
evm.utg607.12.1.5c22f2ae             -            705 449139at33208        -            321   2.4e-13   51.6   5.5   1   3      0.02       3.5    8.3   0.0   142   187    35    81    23    86 0.81 -
evm.utg607.12.1.5c22f2ae             -            705 449139at33208        -            321   2.4e-13   51.6   5.5   2   3   9.4e-06    0.0016   19.3   0.1    96   175    81   156    75   168 0.84 -
evm.utg607.12.1.5c22f2ae             -            705 449139at33208        -            321   2.4e-13   51.6   5.5   3   3   1.4e-07   2.4e-05   25.3   0.1    91   174   169   248   157   259 0.83 -
evm.utg607.12                        -            707 449139at33208        -            321   2.5e-13   51.5   5.5   1   3      0.02       3.5    8.3   0.0   142   187    35    81    23    86 0.81 -
evm.utg607.12                        -            707 449139at33208        -            321   2.5e-13   51.5   5.5   2   3   9.4e-06    0.0016   19.3   0.1    96   175    81   156    75   168 0.84 -
evm.utg607.12                        -            707 449139at33208        -            321   2.5e-13   51.5   5.5   3   3   1.4e-07   2.4e-05   25.3   0.1    91   174   169   248   157   259 0.83 -
evm.utg3283.18                       -            313 449139at33208        -            321   2.5e-13   51.5   2.1   1   5   0.00015     0.026   15.3   0.0    90   149    23    81    16    88 0.81 -
evm.utg3283.18                       -            313 449139at33208        -            321   2.5e-13   51.5   2.1   2   5    0.0024      0.41   11.4   0.1   114   173    86   140    79   141 0.80 -
evm.utg3283.18                       -            313 449139at33208        -            321   2.5e-13   51.5   2.1   3   5      0.19        32    5.2   0.0   204   228   118   142   111   153 0.68 -
evm.utg3283.18                       -            313 449139at33208        -            321   2.5e-13   51.5   2.1   4   5   0.00033     0.057   14.2   0.1   110   172   177   236   171   238 0.90 -
evm.utg3283.18                       -            313 449139at33208        -            321   2.5e-13   51.5   2.1   5   5    0.0044      0.77   10.5   0.0   110   173   219   277   213   299 0.85 -
evm.utg4082.42                       -            401 449139at33208        -            321   2.6e-13   51.5   0.2   1   3      0.11        19    5.9   0.0    95   130    35    70    23    82 0.83 -
evm.utg4082.42                       -            401 449139at33208        -            321   2.6e-13   51.5   0.2   2   3     6e-08     1e-05   26.5   0.3    68   173    51   151    49   160 0.88 -
evm.utg4082.42                       -            401 449139at33208        -            321   2.6e-13   51.5   0.2   3   3   1.7e-05    0.0029   18.4   0.0    28   130   177   283   171   286 0.76 -
evm.utg3260.7.1.5c22ef15             -            313 449139at33208        -            321   2.6e-13   51.5   1.9   1   5   0.00015     0.026   15.3   0.0    90   149    23    81    16    88 0.81 -
evm.utg3260.7.1.5c22ef15             -            313 449139at33208        -            321   2.6e-13   51.5   1.9   2   5    0.0027      0.47   11.2   0.0   114   173    86   140    79   141 0.80 -
evm.utg3260.7.1.5c22ef15             -            313 449139at33208        -            321   2.6e-13   51.5   1.9   3   5      0.23        40    4.9   0.0   205   229   119   143   111   155 0.66 -
evm.utg3260.7.1.5c22ef15             -            313 449139at33208        -            321   2.6e-13   51.5   1.9   4   5   0.00032     0.055   14.3   0.1   110   172   177   236   169   238 0.90 -
evm.utg3260.7.1.5c22ef15             -            313 449139at33208        -            321   2.6e-13   51.5   1.9   5   5    0.0043      0.75   10.5   0.0   110   173   219   277   212   299 0.85 -
evm.utg3260.7.1.5c22ef15.1.5c279399  -            313 449139at33208        -            321   2.6e-13   51.5   1.9   1   5   0.00015     0.026   15.3   0.0    90   149    23    81    16    88 0.81 -
evm.utg3260.7.1.5c22ef15.1.5c279399  -            313 449139at33208        -            321   2.6e-13   51.5   1.9   2   5    0.0027      0.47   11.2   0.0   114   173    86   140    79   141 0.80 -
evm.utg3260.7.1.5c22ef15.1.5c279399  -            313 449139at33208        -            321   2.6e-13   51.5   1.9   3   5      0.23        40    4.9   0.0   205   229   119   143   111   155 0.66 -
evm.utg3260.7.1.5c22ef15.1.5c279399  -            313 449139at33208        -            321   2.6e-13   51.5   1.9   4   5   0.00032     0.055   14.3   0.1   110   172   177   236   169   238 0.90 -
evm.utg3260.7.1.5c22ef15.1.5c279399  -            313 449139at33208        -            321   2.6e-13   51.5   1.9   5   5    0.0043      0.75   10.5   0.0   110   173   219   277   212   299 0.85 -
evm.utg2303.45.1.5c22ed61            -            469 449139at33208        -            321   4.5e-13   50.7   6.7   1   3   0.00019     0.032   15.0   0.0   139   173   271   305   268   310 0.91 -
evm.utg2303.45.1.5c22ed61            -            469 449139at33208        -            321   4.5e-13   50.7   6.7   2   3   1.2e-09   2.1e-07   32.0   0.3    95   174   317   392   306   398 0.85 -
evm.utg2303.45.1.5c22ed61            -            469 449139at33208        -            321   4.5e-13   50.7   6.7   3   3   1.8e-06   0.00031   21.7   0.3    92   172   356   432   352   442 0.85 -
evm.utg861.53                        -            556 449139at33208        -            321   7.4e-13   50.0   1.7   1   2   6.2e-07   0.00011   23.2   0.0   244   320   255   330   237   331 0.79 -
evm.utg861.53                        -            556 449139at33208        -            321   7.4e-13   50.0   1.7   2   2   6.8e-06    0.0012   19.7   0.2    24   170   396   540   380   540 0.58 -
evm.utg14.76                         -            335 449139at33208        -            321   1.3e-12   49.2   3.7   1   4   0.00029     0.051   14.4   0.2   113   174    34    94    27   101 0.89 -
evm.utg14.76                         -            335 449139at33208        -            321   1.3e-12   49.2   3.7   2   4       3.9   6.7e+02    0.8   0.0   238   280    99   140    93   160 0.82 -
evm.utg14.76                         -            335 449139at33208        -            321   1.3e-12   49.2   3.7   3   4     1e-05    0.0018   19.2   0.0    69   129   161   220   147   260 0.75 -
evm.utg14.76                         -            335 449139at33208        -            321   1.3e-12   49.2   3.7   4   4    0.0006       0.1   13.4   0.3   109   170   272   330   243   333 0.77 -
evm.utg579.18                        -            368 449139at33208        -            321   1.3e-12   49.2   0.0   1   5       3.1   5.4e+02    1.1   0.0   140   179    48    87    44    95 0.83 -
evm.utg579.18                        -            368 449139at33208        -            321   1.3e-12   49.2   0.0   2   5     0.028       4.8    7.9   0.0    87   129   104   145    98   154 0.79 -
evm.utg579.18                        -            368 449139at33208        -            321   1.3e-12   49.2   0.0   3   5   1.4e-07   2.4e-05   25.3   0.0    69   171   128   231   126   232 0.90 -
evm.utg579.18                        -            368 449139at33208        -            321   1.3e-12   49.2   0.0   4   5   1.9e-07   3.2e-05   24.9   0.0   103   233   209   329   198   339 0.75 -
evm.utg579.18                        -            368 449139at33208        -            321   1.3e-12   49.2   0.0   5   5       1.4   2.4e+02    2.3   0.0   104   170   298   362   278   366 0.64 -
evm.utg7264.10                       -            194 449139at33208        -            321   1.3e-12   49.1   1.4   1   2     3e-06   0.00051   20.9   0.0    88   173     7    88     1    93 0.89 -
evm.utg7264.10                       -            194 449139at33208        -            321   1.3e-12   49.1   1.4   2   2   1.3e-07   2.2e-05   25.4   0.6   110   178    92   159    89   174 0.79 -
evm.utg6220.15.2.5c22f2e5            -            663 449139at33208        -            321   1.4e-12   49.1   9.4   1   4     0.011       1.9    9.2   0.1   100   172    72   140    35   144 0.58 -
evm.utg6220.15.2.5c22f2e5            -            663 449139at33208        -            321   1.4e-12   49.1   9.4   2   4     6e-07    0.0001   23.2   0.5    94   173   150   225   140   237 0.83 -
evm.utg6220.15.2.5c22f2e5            -            663 449139at33208        -            321   1.4e-12   49.1   9.4   3   4    0.0022      0.38   11.5   0.0    67   185   428   540   421   579 0.82 -
evm.utg6220.15.2.5c22f2e5            -            663 449139at33208        -            321   1.4e-12   49.1   9.4   4   4     0.049       8.4    7.1   0.1   134   173   586   625   559   638 0.73 -
evm.utg715.1                         -            408 449139at33208        -            321   1.8e-12   48.7   0.3   1   3   6.1e-08   1.1e-05   26.5   0.0    92   181    61   147    46   168 0.85 -
evm.utg715.1                         -            408 449139at33208        -            321   1.8e-12   48.7   0.3   2   3      0.16        28    5.4   0.0    79   128   180   229   159   234 0.81 -
evm.utg715.1                         -            408 449139at33208        -            321   1.8e-12   48.7   0.3   3   3     0.001      0.18   12.6   0.1   101   228   244   359   234   370 0.78 -
evm.utg693.67                        -           1677 449139at33208        -            321   2.3e-12   48.4   3.1   1   5      0.15        27    5.4   0.0    92   132    54    96    16   101 0.72 -
evm.utg693.67                        -           1677 449139at33208        -            321   2.3e-12   48.4   3.1   2   5       3.5   6.1e+02    1.0   0.3   194   228   100   137    97   186 0.80 -
evm.utg693.67                        -           1677 449139at33208        -            321   2.3e-12   48.4   3.1   3   5     0.028       4.9    7.8   0.0   107   136   218   247   212   251 0.89 -
evm.utg693.67                        -           1677 449139at33208        -            321   2.3e-12   48.4   3.1   4   5    0.0018      0.31   11.8   0.1   140   175   311   346   276   355 0.77 -
evm.utg693.67                        -           1677 449139at33208        -            321   2.3e-12   48.4   3.1   5   5   0.00012     0.021   15.7   0.0    87   173   611   695   606   706 0.87 -
evm.utg2483.3                        -            367 449139at33208        -            321   2.4e-12   48.3   1.1   1   2     0.022       3.7    8.2   0.0    92   173   142   219   136   224 0.73 -
evm.utg2483.3                        -            367 449139at33208        -            321   2.4e-12   48.3   1.1   2   2   3.9e-13   6.8e-11   43.5   0.7    36   174   171   304   162   321 0.82 -
evm.utg2483.3.1.5c22edbc             -            367 449139at33208        -            321   2.4e-12   48.3   1.1   1   2     0.022       3.7    8.2   0.0    92   173   142   219   136   224 0.73 -
evm.utg2483.3.1.5c22edbc             -            367 449139at33208        -            321   2.4e-12   48.3   1.1   2   2   3.9e-13   6.8e-11   43.5   0.7    36   174   171   304   162   321 0.82 -
evm.utg183.39                        -           1787 449139at33208        -            321     3e-12   48.0   0.9   1   3     4e-05     0.007   17.2   0.0    75   173   199   297   180   301 0.83 -
evm.utg183.39                        -           1787 449139at33208        -            321     3e-12   48.0   0.9   2   3    0.0047      0.82   10.4   0.0   111   173   330   391   323   398 0.88 -
evm.utg183.39                        -           1787 449139at33208        -            321     3e-12   48.0   0.9   3   3   0.00014     0.024   15.4   0.3    76   143   441   509   427   533 0.78 -
evm.utg376.68                        -            977 449139at33208        -            321     3e-12   48.0   0.1   1   4      0.53        93    3.7   0.0    91   136     9    53     2    58 0.83 -
evm.utg376.68                        -            977 449139at33208        -            321     3e-12   48.0   0.1   2   4     6e-06     0.001   19.9   0.0    77   173    79   173    68   179 0.85 -
evm.utg376.68                        -            977 449139at33208        -            321     3e-12   48.0   0.1   3   4   1.3e-06   0.00023   22.1   0.0    86   174   131   218   128   220 0.90 -
evm.utg376.68                        -            977 449139at33208        -            321     3e-12   48.0   0.1   4   4   3.9e-05    0.0068   17.2   0.0    67   129   199   260   190   268 0.86 -
evm.utg376.68.1.5c22efd2             -            978 449139at33208        -            321   3.1e-12   48.0   0.1   1   4      0.53        93    3.7   0.0    91   136     9    53     2    58 0.83 -
evm.utg376.68.1.5c22efd2             -            978 449139at33208        -            321   3.1e-12   48.0   0.1   2   4     6e-06     0.001   19.9   0.0    77   173    79   173    68   179 0.85 -
evm.utg376.68.1.5c22efd2             -            978 449139at33208        -            321   3.1e-12   48.0   0.1   3   4   1.3e-06   0.00023   22.1   0.0    86   174   131   218   128   220 0.90 -
evm.utg376.68.1.5c22efd2             -            978 449139at33208        -            321   3.1e-12   48.0   0.1   4   4   3.9e-05    0.0068   17.2   0.0    67   129   199   260   190   268 0.86 -
evm.utg7048.1                        -            362 449139at33208        -            321   4.5e-12   47.4   3.0   1   3       2.3     4e+02    1.6   0.0    89   138    30    78    16    85 0.77 -
evm.utg7048.1                        -            362 449139at33208        -            321   4.5e-12   47.4   3.0   2   3   6.7e-13   1.2e-10   42.8   0.1    57   174    88   201    80   209 0.88 -
evm.utg7048.1                        -            362 449139at33208        -            321   4.5e-12   47.4   3.0   3   3       4.2   7.3e+02    0.7   0.5   208   226   278   297   220   304 0.76 -
evm.utg597.204                       -            898 449139at33208        -            321   5.6e-12   47.1   0.3   1   5         3   5.2e+02    1.2   0.1    95   129    86   127    25   136 0.55 -
evm.utg597.204                       -            898 449139at33208        -            321   5.6e-12   47.1   0.3   2   5   0.00096      0.17   12.7   0.0   110   140   153   183   139   215 0.82 -
evm.utg597.204                       -            898 449139at33208        -            321   5.6e-12   47.1   0.3   3   5      0.26        46    4.7   0.0    63   168   234   341   196   354 0.70 -
evm.utg597.204                       -            898 449139at33208        -            321   5.6e-12   47.1   0.3   4   5       2.2   3.8e+02    1.6   0.0   123   174   454   505   441   519 0.82 -
evm.utg597.204                       -            898 449139at33208        -            321   5.6e-12   47.1   0.3   5   5     1e-05    0.0018   19.1   0.0    65   130   525   589   512   597 0.88 -
evm.utg13607.5                       -           1071 449139at33208        -            321     6e-12   47.0   0.1   1   4         1   1.8e+02    2.7   0.0    91   136     9    53     2    61 0.83 -
evm.utg13607.5                       -           1071 449139at33208        -            321     6e-12   47.0   0.1   2   4     8e-06    0.0014   19.5   0.1    77   172    79   172    68   174 0.85 -
evm.utg13607.5                       -           1071 449139at33208        -            321     6e-12   47.0   0.1   3   4   1.5e-06   0.00026   21.9   0.0    86   174   131   218   128   220 0.90 -
evm.utg13607.5                       -           1071 449139at33208        -            321     6e-12   47.0   0.1   4   4     5e-05    0.0086   16.9   0.0    67   129   199   260   193   268 0.86 -
evm.utg2216.8                        -            504 449139at33208        -            321   6.1e-12   47.0   0.4   1   4      0.93   1.6e+02    2.9   0.0    96   129    11    43     2    47 0.72 -
evm.utg2216.8                        -            504 449139at33208        -            321   6.1e-12   47.0   0.4   2   4   1.9e-06   0.00032   21.6   0.0    98   173    57   128    49   148 0.88 -
evm.utg2216.8                        -            504 449139at33208        -            321   6.1e-12   47.0   0.4   3   4   8.4e-05     0.015   16.1   0.0   111   171   212   278   191   286 0.81 -
evm.utg2216.8                        -            504 449139at33208        -            321   6.1e-12   47.0   0.4   4   4       6.7   1.2e+03    0.0   0.0    95   128   290   322   278   328 0.71 -
evm.utg18553.20                      -            503 449139at33208        -            321   8.2e-12   46.5   1.1   1   3   2.9e-11   5.1e-09   37.4   0.1    23   170    40   183    27   183 0.84 -
evm.utg18553.20                      -            503 449139at33208        -            321   8.2e-12   46.5   1.1   2   3    0.0047      0.81   10.4   0.1    93   136   151   194   145   226 0.79 -
evm.utg18553.20                      -            503 449139at33208        -            321   8.2e-12   46.5   1.1   3   3       2.1   3.6e+02    1.7   0.0   138   175   234   271   192   294 0.71 -
evm.utg7412.19                       -            738 449139at33208        -            321   1.1e-11   46.1   0.1   1   4   7.2e-06    0.0013   19.7   0.0    68   172    64   168    39   193 0.85 -
evm.utg7412.19                       -            738 449139at33208        -            321   1.1e-11   46.1   0.1   2   4     0.061        11    6.8   0.0   139   188   212   261   201   271 0.76 -
evm.utg7412.19                       -            738 449139at33208        -            321   1.1e-11   46.1   0.1   3   4       1.5   2.6e+02    2.2   0.0    17    45   276   304   265   323 0.80 -
evm.utg7412.19                       -            738 449139at33208        -            321   1.1e-11   46.1   0.1   4   4   0.00066      0.11   13.2   0.0    87   174   305   392   279   408 0.76 -
evm.utg7950.19                       -            574 449139at33208        -            321   1.1e-11   46.1   2.4   1   3    0.0062       1.1   10.0   0.0    67   185   133   245   126   282 0.82 -
evm.utg7950.19                       -            574 449139at33208        -            321   1.1e-11   46.1   2.4   2   3     0.056       9.7    6.9   0.0   134   173   291   330   261   332 0.74 -
evm.utg7950.19                       -            574 449139at33208        -            321   1.1e-11   46.1   2.4   3   3   3.6e-08   6.2e-06   27.2   0.2    88   173   333   414   331   435 0.85 -
evm.utg439.49                        -            578 449139at33208        -            321   1.2e-11   46.1   4.9   1   3   5.3e-09   9.3e-07   29.9   0.1    88   173   277   360   273   375 0.90 -
evm.utg439.49                        -            578 449139at33208        -            321   1.2e-11   46.1   4.9   2   3    0.0048      0.83   10.4   0.1   104   173   378   446   372   464 0.61 -
evm.utg439.49                        -            578 449139at33208        -            321   1.2e-11   46.1   4.9   3   3       0.1        17    6.0   0.3    91   171   498   577   470   577 0.69 -
evm.utg4972.23.2.5c22f18b            -            508 449139at33208        -            321   1.2e-11   46.0   4.4   1   2   8.7e-08   1.5e-05   26.0   0.2    89   173   339   417   326   421 0.89 -
evm.utg4972.23.2.5c22f18b            -            508 449139at33208        -            321   1.2e-11   46.0   4.4   2   2   1.9e-06   0.00033   21.5   0.5    88   174   426   505   417   507 0.86 -
evm.utg637.5                         -            513 449139at33208        -            321   1.2e-11   46.0   0.9   1   3   5.1e-11   8.9e-09   36.6   0.1    24   170    51   193    40   193 0.85 -
evm.utg637.5                         -            513 449139at33208        -            321   1.2e-11   46.0   0.9   2   3    0.0049      0.85   10.4   0.1    93   136   161   204   156   237 0.78 -
evm.utg637.5                         -            513 449139at33208        -            321   1.2e-11   46.0   0.9   3   3       1.7   2.9e+02    2.0   0.1   138   175   244   281   202   304 0.72 -
evm.utg73.96.1.5c22f3bc              -            243 449139at33208        -            321   1.5e-11   45.7   0.1   1   2   1.5e-09   2.6e-07   31.8   0.1    49   136    29   114    17   130 0.81 -
evm.utg73.96.1.5c22f3bc              -            243 449139at33208        -            321   1.5e-11   45.7   0.1   2   2    0.0016      0.27   12.0   0.0    46   138   149   240   128   242 0.83 -
evm.utg73.96                         -            327 449139at33208        -            321   1.5e-11   45.7   0.1   1   2   2.8e-09   4.9e-07   30.8   0.0    49   136    29   114    17   123 0.80 -
evm.utg73.96                         -            327 449139at33208        -            321   1.5e-11   45.7   0.1   2   2    0.0012       0.2   12.4   0.0    47   140   150   242   126   289 0.79 -
evm.utg498.152.1.5c22f1a3            -            739 449139at33208        -            321   2.2e-11   45.2   4.1   1   2   1.8e-11   3.1e-09   38.1   0.3    31   174   445   584   436   597 0.86 -
evm.utg498.152.1.5c22f1a3            -            739 449139at33208        -            321   2.2e-11   45.2   4.1   2   2     0.027       4.7    7.9   0.3    68   172   604   702   591   707 0.80 -
utg7821.evm.utg13634.5.mrna2         -            359 449139at33208        -            321   2.3e-11   45.1   0.0   1   2     7e-05     0.012   16.4   0.0    64   173    57   166    48   174 0.83 -
utg7821.evm.utg13634.5.mrna2         -            359 449139at33208        -            321   2.3e-11   45.1   0.0   2   2   6.5e-08   1.1e-05   26.4   0.0    85   138   184   237   162   260 0.76 -
evm.utg439.49.1.5c22f0fa.1.5c27952e  -            353 449139at33208        -            321   3.3e-11   44.5   0.6   1   3   2.4e-09   4.1e-07   31.1   0.1    88   173   138   221   134   236 0.90 -
evm.utg439.49.1.5c22f0fa.1.5c27952e  -            353 449139at33208        -            321   3.3e-11   44.5   0.6   2   3   0.00028     0.049   14.4   0.0    86   136   180   229   177   264 0.91 -
evm.utg439.49.1.5c22f0fa.1.5c27952e  -            353 449139at33208        -            321   3.3e-11   44.5   0.6   3   3    0.0023       0.4   11.4   0.1   104   173   239   307   233   324 0.60 -
evm.utg243.69                        -           1751 449139at33208        -            321   4.1e-11   44.3   4.0   1   5      0.25        44    4.7   0.0    94   133    56    97    17   100 0.74 -
evm.utg243.69                        -           1751 449139at33208        -            321   4.1e-11   44.3   4.0   2   5       1.2     2e+02    2.5   0.3   194   274   100   176    96   194 0.71 -
evm.utg243.69                        -           1751 449139at33208        -            321   4.1e-11   44.3   4.0   3   5      0.03       5.1    7.8   0.0   107   136   218   247   212   251 0.89 -
evm.utg243.69                        -           1751 449139at33208        -            321   4.1e-11   44.3   4.0   4   5    0.0025      0.44   11.3   0.1   140   175   311   346   278   355 0.82 -
evm.utg243.69                        -           1751 449139at33208        -            321   4.1e-11   44.3   4.0   5   5   0.00088      0.15   12.8   0.0    87   173   612   696   607   706 0.83 -
evm.utg715.1.1.5c22f38a              -            371 449139at33208        -            321   5.6e-11   43.8   0.1   1   3   4.8e-08   8.2e-06   26.8   0.0    92   181    61   147    44   170 0.85 -
evm.utg715.1.1.5c22f38a              -            371 449139at33208        -            321   5.6e-11   43.8   0.1   2   3      0.13        22    5.7   0.0    79   128   180   229   159   239 0.81 -
evm.utg715.1.1.5c22f38a              -            371 449139at33208        -            321   5.6e-11   43.8   0.1   3   3     0.028       4.9    7.8   0.0   101   171   244   312   238   351 0.79 -
evm.utg498.152                       -           1030 449139at33208        -            321   6.4e-11   43.6   4.3   1   2     3e-11   5.2e-09   37.3   0.4    31   174   445   584   436   598 0.86 -
evm.utg498.152                       -           1030 449139at33208        -            321   6.4e-11   43.6   4.3   2   2     0.042       7.2    7.3   0.3    68   172   604   702   591   709 0.80 -
evm.utg4464.3                        -            892 449139at33208        -            321   9.2e-11   43.1   1.0   1   5       4.9   8.5e+02    0.5   0.0   196   228    59    90    33   108 0.77 -
evm.utg4464.3                        -            892 449139at33208        -            321   9.2e-11   43.1   1.0   2   5   0.00086      0.15   12.8   0.0   106   139   148   182   122   213 0.84 -
evm.utg4464.3                        -            892 449139at33208        -            321   9.2e-11   43.1   1.0   3   5       5.9     1e+03    0.2   0.0   239   278   220   259   206   276 0.81 -
evm.utg4464.3                        -            892 449139at33208        -            321   9.2e-11   43.1   1.0   4   5      0.72   1.2e+02    3.2   0.0   123   175   448   500   436   516 0.86 -
evm.utg4464.3                        -            892 449139at33208        -            321   9.2e-11   43.1   1.0   5   5   2.2e-05    0.0039   18.0   0.0    64   130   518   583   504   591 0.85 -
evm.utg439.49.1.5c22f0fa             -            492 449139at33208        -            321   9.2e-11   43.1   0.5   1   2   4.3e-09   7.4e-07   30.3   0.0    88   173   277   360   273   374 0.90 -
evm.utg439.49.1.5c22f0fa             -            492 449139at33208        -            321   9.2e-11   43.1   0.5   2   2    0.0044      0.75   10.5   0.1   104   173   378   446   375   462 0.60 -
evm.utg55.122                        -            446 449139at33208        -            321     1e-10   42.9   8.4   1   3   1.6e-06   0.00027   21.8   2.4    85   171   139   228   114   240 0.87 -
evm.utg55.122                        -            446 449139at33208        -            321     1e-10   42.9   8.4   2   3       0.1        17    6.0   0.2   140   178   269   306   253   321 0.71 -
evm.utg55.122                        -            446 449139at33208        -            321     1e-10   42.9   8.4   3   3   6.4e-05     0.011   16.5   0.0    69   174   326   431   313   441 0.78 -
evm.utg1138.2                        -            324 449139at33208        -            321   1.1e-10   42.8   0.0   1   2   5.4e-10   9.4e-08   33.2   0.0    64   188   122   246   116   250 0.84 -
evm.utg1138.2                        -            324 449139at33208        -            321   1.1e-10   42.8   0.0   2   2     0.058        10    6.8   0.0   101   164   249   311   243   317 0.86 -
evm.utg3872.12.1.5c22f029            -            412 449139at33208        -            321   1.2e-10   42.7   2.0   1   3   8.7e-05     0.015   16.1   0.0   208   316   124   229    82   233 0.79 -
evm.utg3872.12.1.5c22f029            -            412 449139at33208        -            321   1.2e-10   42.7   2.0   2   3   4.4e-06   0.00076   20.4   0.2    80   137   230   286   227   336 0.82 -
evm.utg3872.12.1.5c22f029            -            412 449139at33208        -            321   1.2e-10   42.7   2.0   3   3      0.28        48    4.6   0.0    73   125   358   409   317   410 0.89 -
evm.utg101.131                       -            607 449139at33208        -            321   1.3e-10   42.6   0.3   1   2    0.0064       1.1   10.0   0.1    90   166    50   125    16   132 0.75 -
evm.utg101.131                       -            607 449139at33208        -            321   1.3e-10   42.6   0.3   2   2   2.4e-11   4.2e-09   37.7   0.1    10   172    56   220    55   241 0.82 -
evm.utg15197.11                      -           1003 449139at33208        -            321   1.5e-10   42.4   4.9   1   3      0.24        42    4.8   0.0    46   126   154   228   112   231 0.66 -
evm.utg15197.11                      -           1003 449139at33208        -            321   1.5e-10   42.4   4.9   2   3   3.5e-08   6.1e-06   27.3   0.4    75   172   220   315   214   318 0.89 -
evm.utg15197.11                      -           1003 449139at33208        -            321   1.5e-10   42.4   4.9   3   3   0.00014     0.024   15.4   0.8    81   174   312   403   311   423 0.84 -
evm.utg73.80                         -            359 449139at33208        -            321   2.2e-10   41.9   4.8   1   3    0.0023       0.4   11.4   0.2    77   174    32   121    27   129 0.68 -
evm.utg73.80                         -            359 449139at33208        -            321   2.2e-10   41.9   4.8   2   3   4.1e-08   7.1e-06   27.0   2.5    79   202    73   180    54   227 0.77 -
evm.utg73.80                         -            359 449139at33208        -            321   2.2e-10   41.9   4.8   3   3    0.0049      0.84   10.4   0.0    85   135   253   308   217   314 0.80 -
evm.utg1629.22                       -           1004 449139at33208        -            321   2.5e-10   41.7   5.2   1   3      0.25        43    4.7   0.0    46   126   155   229   114   232 0.66 -
evm.utg1629.22                       -           1004 449139at33208        -            321   2.5e-10   41.7   5.2   2   3   4.9e-08   8.5e-06   26.8   0.4    75   172   221   316   215   319 0.89 -
evm.utg1629.22                       -           1004 449139at33208        -            321   2.5e-10   41.7   5.2   3   3   0.00014     0.024   15.5   0.8    81   174   313   404   312   424 0.84 -
evm.utg3872.12                       -            514 449139at33208        -            321   3.2e-10   41.3   2.0   1   3   0.00015     0.026   15.3   0.0   208   316   226   331   184   333 0.81 -
evm.utg3872.12                       -            514 449139at33208        -            321   3.2e-10   41.3   2.0   2   3   5.9e-06     0.001   19.9   0.2    79   137   331   388   328   437 0.83 -
evm.utg3872.12                       -            514 449139at33208        -            321   3.2e-10   41.3   2.0   3   3      0.42        72    4.0   0.0    73   125   460   511   443   512 0.87 -
evm.utg2417.39.2.5c22ed97            -            627 449139at33208        -            321   4.1e-10   41.0   1.2   1   2     1e-07   1.7e-05   25.8   0.2    66   157    94   186    40   205 0.70 -
evm.utg2417.39.2.5c22ed97            -            627 449139at33208        -            321   4.1e-10   41.0   1.2   2   2    0.0021      0.36   11.6   0.0    67   138   185   257   165   296 0.84 -
evm.utg1629.22.1.5c22eb7d            -            969 449139at33208        -            321     5e-10   40.7   5.5   1   3      0.49        85    3.8   0.0    75   126   145   194   118   199 0.75 -
evm.utg1629.22.1.5c22eb7d            -            969 449139at33208        -            321     5e-10   40.7   5.5   2   3   2.2e-08   3.9e-06   27.9   0.4    71   173   182   282   154   287 0.87 -
evm.utg1629.22.1.5c22eb7d            -            969 449139at33208        -            321     5e-10   40.7   5.5   3   3   0.00019     0.033   15.0   0.7    84   174   281   369   278   389 0.84 -
evm.utg2417.39.1.5c22ed97            -            754 449139at33208        -            321   7.2e-10   40.2   0.9   1   3     0.089        15    6.2   0.1    69   128    49   113    40   117 0.74 -
evm.utg2417.39.1.5c22ed97            -            754 449139at33208        -            321   7.2e-10   40.2   0.9   2   3   2.5e-07   4.3e-05   24.5   0.1    68   150    96   179    90   204 0.68 -
evm.utg2417.39.1.5c22ed97            -            754 449139at33208        -            321   7.2e-10   40.2   0.9   3   3    0.0033      0.58   10.9   0.0    68   139   186   258   181   296 0.85 -
evm.utg7127.48                       -            998 449139at33208        -            321   7.4e-10   40.1   5.2   1   4   0.00012      0.02   15.7   0.3   118   188   518   586   470   629 0.78 -
evm.utg7127.48                       -            998 449139at33208        -            321   7.4e-10   40.1   5.2   2   4      0.34        59    4.3   0.0    93   130   720   756   709   764 0.68 -
evm.utg7127.48                       -            998 449139at33208        -            321   7.4e-10   40.1   5.2   3   4   0.00016     0.027   15.3   0.0    62   174   772   884   763   907 0.82 -
evm.utg7127.48                       -            998 449139at33208        -            321   7.4e-10   40.1   5.2   4   4      0.64   1.1e+02    3.4   0.0    61   127   926   995   921   997 0.82 -
evm.utg27.27                         -           1017 449139at33208        -            321     8e-10   40.0   3.5   1   3     9e-08   1.6e-05   25.9   0.1    30   129   214   314   200   336 0.79 -
evm.utg27.27                         -           1017 449139at33208        -            321     8e-10   40.0   3.5   2   3       2.6   4.5e+02    1.4   0.1    86   135   472   519   460   523 0.76 -
evm.utg27.27                         -           1017 449139at33208        -            321     8e-10   40.0   3.5   3   3    0.0031      0.54   11.0   0.0    93   131   579   616   558   623 0.83 -
evm.utg2417.39                       -            829 449139at33208        -            321   9.4e-10   39.8   0.8   1   3     0.097        17    6.1   0.1    69   128    49   113    40   118 0.74 -
evm.utg2417.39                       -            829 449139at33208        -            321   9.4e-10   39.8   0.8   2   3   2.5e-07   4.4e-05   24.4   0.1    67   132    95   163    69   202 0.73 -
evm.utg2417.39                       -            829 449139at33208        -            321   9.4e-10   39.8   0.8   3   3    0.0041      0.71   10.6   0.0    67   135   185   254   179   265 0.82 -
evm.utg2129.40                       -            418 449139at33208        -            321   9.4e-10   39.8   5.6   1   4      0.67   1.2e+02    3.3   0.4   139   171   100   132    81   149 0.79 -
evm.utg2129.40                       -            418 449139at33208        -            321   9.4e-10   39.8   5.6   2   4     4e-05     0.007   17.2   0.2    85   173   179   266   142   273 0.73 -
evm.utg2129.40                       -            418 449139at33208        -            321   9.4e-10   39.8   5.6   3   4   1.5e-07   2.5e-05   25.2   0.4    16   171   197   350   191   354 0.84 -
evm.utg2129.40                       -            418 449139at33208        -            321   9.4e-10   39.8   5.6   4   4   0.00038     0.066   14.0   0.0     8   127   275   393   270   402 0.77 -
evm.utg293.35                        -            341 449139at33208        -            321   9.5e-10   39.8   0.7   1   4      0.87   1.5e+02    3.0   0.0    84   133    42    90    29   129 0.73 -
evm.utg293.35                        -            341 449139at33208        -            321   9.5e-10   39.8   0.7   2   4   2.5e-07   4.3e-05   24.5   0.2    54   175   100   216    54   220 0.74 -
evm.utg293.35                        -            341 449139at33208        -            321   9.5e-10   39.8   0.7   3   4    0.0062       1.1   10.0   0.0    88   170   217   297   214   305 0.78 -
evm.utg293.35                        -            341 449139at33208        -            321   9.5e-10   39.8   0.7   4   4       7.2   1.3e+03   -0.1   0.0   111   170   283   339   273   340 0.48 -
evm.utg788.47                        -           1044 449139at33208        -            321     1e-09   39.7   6.8   1   5       0.1        18    6.0   0.1   212   282   115   186   108   196 0.78 -
evm.utg788.47                        -           1044 449139at33208        -            321     1e-09   39.7   6.8   2   5   2.1e-06   0.00036   21.5   0.1    60   139   326   405   268   455 0.84 -
evm.utg788.47                        -           1044 449139at33208        -            321     1e-09   39.7   6.8   3   5      0.15        26    5.5   0.1   108   232   491   606   447   617 0.76 -
evm.utg788.47                        -           1044 449139at33208        -            321     1e-09   39.7   6.8   4   5       7.2   1.2e+03   -0.0   0.0    70   129   694   752   687   760 0.63 -
evm.utg788.47                        -           1044 449139at33208        -            321     1e-09   39.7   6.8   5   5      0.24        41    4.8   0.0    90   129   768   808   760   818 0.87 -
evm.utg1056.107                      -            669 449139at33208        -            321   1.3e-09   39.4   1.1   1   2     6e-05      0.01   16.6   0.0    57   134   417   491   362   495 0.75 -
evm.utg1056.107                      -            669 449139at33208        -            321   1.3e-09   39.4   1.1   2   2   5.2e-06    0.0009   20.1   0.0   101   174   500   570   493   600 0.80 -
evm.utg1056.107.1.5c22e85b           -            724 449139at33208        -            321   1.5e-09   39.1   0.3   1   2   6.3e-05     0.011   16.6   0.0    57   134   417   491   362   497 0.75 -
evm.utg1056.107.1.5c22e85b           -            724 449139at33208        -            321   1.5e-09   39.1   0.3   2   2   6.3e-06    0.0011   19.8   0.0   102   174   501   570   495   600 0.80 -
evm.utg234.60.1.5c279240             -            226 449139at33208        -            321   1.5e-09   39.1   0.5   1   3   0.00016     0.028   15.2   0.2   113   174    32    92    26   100 0.89 -
evm.utg234.60.1.5c279240             -            226 449139at33208        -            321   1.5e-09   39.1   0.5   2   3       2.5   4.4e+02    1.4   0.0   238   279    97   137    92   151 0.82 -
evm.utg234.60.1.5c279240             -            226 449139at33208        -            321   1.5e-09   39.1   0.5   3   3   1.6e-05    0.0028   18.5   0.0    69   127   159   216   146   219 0.88 -
evm.utg911.6.2.5c22f4f3.1.5c279873   -           1182 449139at33208        -            321   1.6e-09   39.0   6.1   1   6       9.4   1.6e+03   -0.4   0.0   279   308    75   104    71   118 0.87 -
evm.utg911.6.2.5c22f4f3.1.5c279873   -           1182 449139at33208        -            321   1.6e-09   39.0   6.1   2   6      0.07        12    6.6   0.1    83   174   121   208   103   222 0.76 -
evm.utg911.6.2.5c22f4f3.1.5c279873   -           1182 449139at33208        -            321   1.6e-09   39.0   6.1   3   6       6.3   1.1e+03    0.1   0.1   150   175   347   372   330   384 0.80 -
evm.utg911.6.2.5c22f4f3.1.5c279873   -           1182 449139at33208        -            321   1.6e-09   39.0   6.1   4   6       1.2     2e+02    2.5   0.0   107   134   407   434   401   443 0.80 -
evm.utg911.6.2.5c22f4f3.1.5c279873   -           1182 449139at33208        -            321   1.6e-09   39.0   6.1   5   6   0.00062      0.11   13.3   0.0    70   167   492   592   480   599 0.77 -
evm.utg911.6.2.5c22f4f3.1.5c279873   -           1182 449139at33208        -            321   1.6e-09   39.0   6.1   6   6   2.8e-06   0.00049   21.0   0.3     8   179   562   737   559   747 0.80 -
evm.utg172.19                        -            489 449139at33208        -            321     2e-09   38.7   1.5   1   3   3.5e-06    0.0006   20.7   0.0    65   173   235   338   221   341 0.90 -
evm.utg172.19                        -            489 449139at33208        -            321     2e-09   38.7   1.5   2   3     0.039       6.7    7.4   0.0    89   130   342   385   338   391 0.87 -
evm.utg172.19                        -            489 449139at33208        -            321     2e-09   38.7   1.5   3   3     0.042       7.4    7.3   0.0    47   128   388   468   386   474 0.79 -
evm.utg411.25                        -            871 449139at33208        -            321   2.1e-09   38.6   0.1   1   3      0.07        12    6.5   0.0    81   173    80   174    20   196 0.82 -
evm.utg411.25                        -            871 449139at33208        -            321   2.1e-09   38.6   0.1   2   3   2.4e-05    0.0042   17.9   0.1    14   174   267   422   254   445 0.83 -
evm.utg411.25                        -            871 449139at33208        -            321   2.1e-09   38.6   0.1   3   3    0.0058         1   10.1   0.0    79   177   459   553   436   560 0.76 -
evm.utg109.41.1.5c22e88a             -            506 449139at33208        -            321   2.2e-09   38.6   0.0   1   2   0.00075      0.13   13.0   0.0   104   173   358   423   346   425 0.80 -
evm.utg109.41.1.5c22e88a             -            506 449139at33208        -            321   2.2e-09   38.6   0.0   2   2   6.1e-08   1.1e-05   26.5   0.0    59   138   397   475   394   481 0.90 -
evm.utg402.7                         -            934 449139at33208        -            321   2.3e-09   38.5   0.2   1   3   1.4e-05    0.0024   18.7   0.0    73   175   216   314   199   325 0.79 -
evm.utg402.7                         -            934 449139at33208        -            321   2.3e-09   38.5   0.2   2   3   0.00048     0.083   13.7   0.0   108   173   506   572   497   595 0.82 -
evm.utg402.7                         -            934 449139at33208        -            321   2.3e-09   38.5   0.2   3   3       3.5     6e+02    1.0   0.1   142   173   634   665   628   679 0.77 -
evm.utg418.59                        -            511 449139at33208        -            321   2.6e-09   38.3   0.3   1   2   1.6e-09   2.8e-07   31.7   0.0    91   178   323   410   318   421 0.91 -
evm.utg418.59                        -            511 449139at33208        -            321   2.6e-09   38.3   0.3   2   2      0.28        49    4.6   0.0    98   128   421   451   408   457 0.84 -
evm.utg1542.30                       -            977 449139at33208        -            321   2.8e-09   38.2   0.5   1   3    0.0014      0.24   12.2   0.0   146   228    16   102    10   108 0.79 -
evm.utg1542.30                       -            977 449139at33208        -            321   2.8e-09   38.2   0.5   2   3   2.7e-06   0.00047   21.1   0.0    72   185   109   217   100   224 0.81 -
evm.utg1542.30                       -            977 449139at33208        -            321   2.8e-09   38.2   0.5   3   3       3.7   6.3e+02    0.9   0.0    58   108   229   279   224   292 0.86 -
evm.utg498.66                        -            670 449139at33208        -            321     4e-09   37.7   2.5   1   4    0.0008      0.14   12.9   0.1    75   129   418   470   387   484 0.55 -
evm.utg498.66                        -            670 449139at33208        -            321     4e-09   37.7   2.5   2   4   0.00029     0.051   14.4   0.3    76   172   419   507   408   512 0.72 -
evm.utg498.66                        -            670 449139at33208        -            321     4e-09   37.7   2.5   3   4     0.035         6    7.6   0.1    24   138   451   557   448   565 0.74 -
evm.utg498.66                        -            670 449139at33208        -            321     4e-09   37.7   2.5   4   4   9.7e-06    0.0017   19.2   0.0    67   171   569   669   557   669 0.81 -
evm.utg729.25.1.5c279763             -            740 449139at33208        -            321   4.3e-09   37.6   0.0   1   2   7.9e-09   1.4e-06   29.4   0.0    95   172   531   615   521   621 0.80 -
evm.utg729.25.1.5c279763             -            740 449139at33208        -            321   4.3e-09   37.6   0.0   2   2      0.15        25    5.5   0.0   139   171   635   667   629   678 0.85 -
evm.utg1919.76                       -            679 449139at33208        -            321   4.5e-09   37.5   0.0   1   3   7.7e-06    0.0013   19.6   0.0    65   172    13   120     7   139 0.83 -
evm.utg1919.76                       -            679 449139at33208        -            321   4.5e-09   37.5   0.0   2   3       2.9   4.9e+02    1.3   0.0    20    45   215   240   208   245 0.84 -
evm.utg1919.76                       -            679 449139at33208        -            321   4.5e-09   37.5   0.0   3   3   0.00065      0.11   13.2   0.0    88   175   242   329   216   345 0.76 -
evm.utg1192.3.1.5c22e912             -           1870 449139at33208        -            321   4.7e-09   37.5   4.8   1   5       0.5        87    3.7   0.1    84   175   122   209   106   222 0.79 -
evm.utg1192.3.1.5c22e912             -           1870 449139at33208        -            321   4.7e-09   37.5   4.8   2   5       5.1   8.8e+02    0.4   0.1   150   175   347   372   319   384 0.80 -
evm.utg1192.3.1.5c22e912             -           1870 449139at33208        -            321   4.7e-09   37.5   4.8   3   5       1.1   1.9e+02    2.7   0.0   106   134   406   434   399   443 0.82 -
evm.utg1192.3.1.5c22e912             -           1870 449139at33208        -            321   4.7e-09   37.5   4.8   4   5   0.00023      0.04   14.7   0.0    69   167   491   592   481   600 0.82 -
evm.utg1192.3.1.5c22e912             -           1870 449139at33208        -            321   4.7e-09   37.5   4.8   5   5   3.1e-06   0.00053   20.9   0.2     8   179   562   737   559   748 0.80 -
evm.utg911.6.2.5c22f4f3              -           1606 449139at33208        -            321   5.4e-09   37.3   5.1   1   5     0.083        14    6.3   0.1    83   174   121   208    93   222 0.73 -
evm.utg911.6.2.5c22f4f3              -           1606 449139at33208        -            321   5.4e-09   37.3   5.1   2   5       9.1   1.6e+03   -0.4   0.0   150   175   347   372   332   383 0.79 -
evm.utg911.6.2.5c22f4f3              -           1606 449139at33208        -            321   5.4e-09   37.3   5.1   3   5       1.6   2.8e+02    2.1   0.0   107   134   407   434   401   443 0.80 -
evm.utg911.6.2.5c22f4f3              -           1606 449139at33208        -            321   5.4e-09   37.3   5.1   4   5   0.00094      0.16   12.7   0.0    70   167   492   592   480   598 0.77 -
evm.utg911.6.2.5c22f4f3              -           1606 449139at33208        -            321   5.4e-09   37.3   5.1   5   5   4.1e-06   0.00071   20.5   0.3     8   179   562   737   558   748 0.81 -
evm.utg911.6.1.5c22f4f3              -           1631 449139at33208        -            321   5.9e-09   37.1   5.2   1   5     0.085        15    6.3   0.1    83   174   121   208    93   222 0.73 -
evm.utg911.6.1.5c22f4f3              -           1631 449139at33208        -            321   5.9e-09   37.1   5.2   2   5       9.2   1.6e+03   -0.4   0.0   150   175   347   372   332   383 0.79 -
evm.utg911.6.1.5c22f4f3              -           1631 449139at33208        -            321   5.9e-09   37.1   5.2   3   5       1.7   2.9e+02    2.0   0.0   107   134   407   434   401   443 0.80 -
evm.utg911.6.1.5c22f4f3              -           1631 449139at33208        -            321   5.9e-09   37.1   5.2   4   5   0.00096      0.17   12.7   0.0    70   167   492   592   480   598 0.77 -
evm.utg911.6.1.5c22f4f3              -           1631 449139at33208        -            321   5.9e-09   37.1   5.2   5   5   4.2e-06   0.00072   20.4   0.3     8   179   562   737   558   748 0.81 -
evm.utg911.6                         -           1632 449139at33208        -            321     6e-09   37.1   5.2   1   5     0.085        15    6.3   0.1    83   174   121   208    93   222 0.73 -
evm.utg911.6                         -           1632 449139at33208        -            321     6e-09   37.1   5.2   2   5       9.2   1.6e+03   -0.4   0.0   150   175   347   372   332   383 0.79 -
evm.utg911.6                         -           1632 449139at33208        -            321     6e-09   37.1   5.2   3   5       1.7   2.9e+02    2.0   0.0   107   134   407   434   401   443 0.80 -
evm.utg911.6                         -           1632 449139at33208        -            321     6e-09   37.1   5.2   4   5   0.00096      0.17   12.7   0.0    70   167   492   592   480   598 0.77 -
evm.utg911.6                         -           1632 449139at33208        -            321     6e-09   37.1   5.2   5   5   4.2e-06   0.00072   20.4   0.3     8   179   562   737   558   748 0.81 -
evm.utg1192.3                        -           1939 449139at33208        -            321   6.6e-09   37.0   5.0   1   5      0.52        91    3.7   0.1    84   175   122   209   106   222 0.79 -
evm.utg1192.3                        -           1939 449139at33208        -            321   6.6e-09   37.0   5.0   2   5       5.3   9.2e+02    0.4   0.1   150   175   347   372   320   384 0.80 -
evm.utg1192.3                        -           1939 449139at33208        -            321   6.6e-09   37.0   5.0   3   5       1.1   1.9e+02    2.6   0.0   106   134   406   434   399   443 0.82 -
evm.utg1192.3                        -           1939 449139at33208        -            321   6.6e-09   37.0   5.0   4   5   0.00025     0.043   14.6   0.0    69   167   491   592   481   599 0.82 -
evm.utg1192.3                        -           1939 449139at33208        -            321   6.6e-09   37.0   5.0   5   5   3.2e-06   0.00056   20.8   0.2     8   179   562   737   559   748 0.80 -
evm.utg431.40.1.5c22f0d5             -            302 449139at33208        -            321   7.3e-09   36.8   2.9   1   2   2.8e-08   4.8e-06   27.6   0.2    98   173    52   121    38   135 0.83 -
evm.utg431.40.1.5c22f0d5             -            302 449139at33208        -            321   7.3e-09   36.8   2.9   2   2      0.02       3.4    8.4   0.1   121   173   160   212   137   230 0.78 -
evm.utg21895.1                       -            272 449139at33208        -            321   8.3e-09   36.7   2.5   1   3   0.00017     0.029   15.2   0.0    86   136    13    62     3    67 0.88 -
evm.utg21895.1                       -            272 449139at33208        -            321   8.3e-09   36.7   2.5   2   3    0.0013      0.22   12.3   0.1   104   174    72   141    64   164 0.64 -
evm.utg21895.1                       -            272 449139at33208        -            321   8.3e-09   36.7   2.5   3   3     0.032       5.6    7.7   0.4    90   171   191   271   168   271 0.69 -
evm.utg8.11                          -            830 449139at33208        -            321   1.1e-08   36.2   4.4   1   3     0.095        17    6.1   0.1    69   128    49   113    39   117 0.74 -
evm.utg8.11                          -            830 449139at33208        -            321   1.1e-08   36.2   4.4   2   3   2.1e-07   3.6e-05   24.7   0.1    68   171    96   201    88   205 0.67 -
evm.utg8.11                          -            830 449139at33208        -            321   1.1e-08   36.2   4.4   3   3    0.0059         1   10.1   0.0    69   138   187   257   165   263 0.82 -
evm.utg431.40                        -            395 449139at33208        -            321   1.8e-08   35.6   2.8   1   2   4.7e-08   8.1e-06   26.8   0.2    98   173   145   214   130   222 0.83 -
evm.utg431.40                        -            395 449139at33208        -            321   1.8e-08   35.6   2.8   2   2      0.03       5.1    7.8   0.1   121   173   253   305   228   323 0.78 -
evm.utg798.13                        -            382 449139at33208        -            321   1.8e-08   35.5   0.0   1   2    0.0071       1.2    9.8   0.1     9   129    77   203    72   225 0.75 -
evm.utg798.13                        -            382 449139at33208        -            321   1.8e-08   35.5   0.0   2   2   6.2e-07   0.00011   23.2   0.0    65   126   229   291   222   328 0.86 -
evm.utg868.30                        -           1627 449139at33208        -            321   3.6e-08   34.6   6.3   1   3    0.0013      0.22   12.3   0.2    89   175  1303  1382  1297  1394 0.76 -
evm.utg868.30                        -           1627 449139at33208        -            321   3.6e-08   34.6   6.3   2   3   0.00023     0.041   14.7   0.0    79   228  1387  1529  1381  1541 0.83 -
evm.utg868.30                        -           1627 449139at33208        -            321   3.6e-08   34.6   6.3   3   3     0.022       3.7    8.2   0.1    67   128  1552  1610  1539  1615 0.82 -
evm.utg194.98                        -            510 449139at33208        -            321   3.8e-08   34.5   1.6   1   2   1.7e-05     0.003   18.4   0.4    81   166   252   333   231   345 0.87 -
evm.utg194.98                        -            510 449139at33208        -            321   3.8e-08   34.5   1.6   2   2   0.00037     0.064   14.0   0.0    70   175   370   475   355   492 0.78 -
evm.utg26120.19                      -            408 449139at33208        -            321   3.8e-08   34.5   4.8   1   4       0.7   1.2e+02    3.3   0.0   100   126    33    58    21    63 0.68 -
evm.utg26120.19                      -            408 449139at33208        -            321   3.8e-08   34.5   4.8   2   4       3.5     6e+02    1.0   0.0    88   126   111   148    94   153 0.84 -
evm.utg26120.19                      -            408 449139at33208        -            321   3.8e-08   34.5   4.8   3   4   2.2e-07   3.8e-05   24.6   0.4    35   173   143   278   118   289 0.83 -
evm.utg26120.19                      -            408 449139at33208        -            321   3.8e-08   34.5   4.8   4   4      0.13        23    5.6   0.1   150   175   379   404   371   407 0.88 -
evm.utg498.144                       -           1008 449139at33208        -            321     4e-08   34.4   6.8   1   4   0.00013     0.022   15.5   0.9    54   177   387   507   369   520 0.79 -
evm.utg498.144                       -           1008 449139at33208        -            321     4e-08   34.4   6.8   2   4    0.0076       1.3    9.7   0.1    56   175   605   731   573   740 0.52 -
evm.utg498.144                       -           1008 449139at33208        -            321     4e-08   34.4   6.8   3   4      0.34        60    4.3   0.0    70   158   755   839   744   849 0.83 -
evm.utg498.144                       -           1008 449139at33208        -            321     4e-08   34.4   6.8   4   4      0.53        91    3.7   0.0    65   126   902   966   894   978 0.78 -
evm.utg1205.96                       -            619 449139at33208        -            321   4.5e-08   34.3   0.2   1   3   9.6e-05     0.017   16.0   0.1    59   172    40   144     2   159 0.75 -
evm.utg1205.96                       -            619 449139at33208        -            321   4.5e-08   34.3   0.2   2   3   0.00045     0.078   13.8   0.0    97   173   158   233   153   253 0.86 -
evm.utg1205.96                       -            619 449139at33208        -            321   4.5e-08   34.3   0.2   3   3       4.4   7.5e+02    0.7   0.0   259   279   258   278   248   308 0.72 -
evm.utg338.73                        -           1105 449139at33208        -            321   4.9e-08   34.1   3.5   1   3    0.0005     0.086   13.6   0.0    55   134   491   570   484   577 0.87 -
evm.utg338.73                        -           1105 449139at33208        -            321   4.9e-08   34.1   3.5   2   3   3.1e-05    0.0053   17.6   0.2    70   204   595   730   585   747 0.75 -
evm.utg338.73                        -           1105 449139at33208        -            321   4.9e-08   34.1   3.5   3   3         7   1.2e+03   -0.0   0.0    97   220   821   946   801   953 0.64 -
evm.utg2129.40.1.5c22ed08            -            389 449139at33208        -            321   5.3e-08   34.0   4.6   1   3      0.59     1e+02    3.5   0.4   139   171   100   132    78   148 0.79 -
evm.utg2129.40.1.5c22ed08            -            389 449139at33208        -            321   5.3e-08   34.0   4.6   2   3     4e-05     0.007   17.2   0.2    85   173   179   266   145   271 0.73 -
evm.utg2129.40.1.5c22ed08            -            389 449139at33208        -            321   5.3e-08   34.0   4.6   3   3     7e-08   1.2e-05   26.3   0.7    16   176   197   355   191   359 0.84 -
evm.utg1278.33                       -            655 449139at33208        -            321   5.7e-08   33.9   0.7   1   3       4.1     7e+02    0.8   0.0   151   175   189   213   173   234 0.67 -
evm.utg1278.33                       -            655 449139at33208        -            321   5.7e-08   33.9   0.7   2   3    0.0073       1.3    9.8   0.0    91   130   276   315   241   324 0.88 -
evm.utg1278.33                       -            655 449139at33208        -            321   5.7e-08   33.9   0.7   3   3   8.1e-06    0.0014   19.5   0.2   102   174   335   409   315   429 0.84 -
evm.utg1005.5                        -            983 449139at33208        -            321   6.7e-08   33.7   5.3   1   3   0.00018     0.031   15.1   1.3     9   176   694   861   687   866 0.79 -
evm.utg1005.5                        -            983 449139at33208        -            321   6.7e-08   33.7   5.3   2   3   4.4e-08   7.7e-06   26.9   0.1    95   174   826   901   819   910 0.88 -
evm.utg1005.5                        -            983 449139at33208        -            321   6.7e-08   33.7   5.3   3   3      0.97   1.7e+02    2.8   0.0   258   320   922   979   913   980 0.73 -
evm.utg4271.15                       -            398 449139at33208        -            321   8.4e-08   33.4   3.7   1   2   1.7e-08     3e-06   28.3   0.7     7   171    95   273    89   283 0.81 -
evm.utg4271.15                       -            398 449139at33208        -            321   8.4e-08   33.4   3.7   2   2       3.6   6.3e+02    0.9   0.0    77   125   314   361   294   373 0.77 -
evm.utg1721.37                       -            409 449139at33208        -            321     9e-08   33.3   2.4   1   3   0.00028     0.049   14.4   0.1    88   173    62   144    57   151 0.89 -
evm.utg1721.37                       -            409 449139at33208        -            321     9e-08   33.3   2.4   2   3       5.2     9e+02    0.4   0.0   254   308   205   256   189   266 0.71 -
evm.utg1721.37                       -            409 449139at33208        -            321     9e-08   33.3   2.4   3   3   9.5e-05     0.016   16.0   0.0    67   173   303   404   295   407 0.85 -
evm.utg101.45                        -            862 449139at33208        -            321   9.3e-08   33.2   0.8   1   3   3.9e-06   0.00067   20.5   0.0    15   172   159   319   154   343 0.72 -
evm.utg101.45                        -            862 449139at33208        -            321   9.3e-08   33.2   0.8   2   3     0.074        13    6.5   0.1    83   171   340   426   335   429 0.80 -
evm.utg101.45                        -            862 449139at33208        -            321   9.3e-08   33.2   0.8   3   3      0.29        50    4.5   0.0   110   163   410   462   371   487 0.73 -
evm.utg5774.3                        -            408 449139at33208        -            321   9.4e-08   33.2   5.5   1   4       0.7   1.2e+02    3.3   0.0   100   126    33    58    21    63 0.68 -
evm.utg5774.3                        -            408 449139at33208        -            321   9.4e-08   33.2   5.5   2   4       3.2   5.5e+02    1.1   0.0    88   125   111   147    81   152 0.82 -
evm.utg5774.3                        -            408 449139at33208        -            321   9.4e-08   33.2   5.5   3   4   3.6e-07   6.2e-05   23.9   0.5    35   173   143   278   118   289 0.83 -
evm.utg5774.3                        -            408 449139at33208        -            321   9.4e-08   33.2   5.5   4   4      0.14        24    5.6   0.1   150   175   379   404   372   407 0.88 -
evm.utg2083.46                       -            338 449139at33208        -            321   1.2e-07   32.9   0.3   1   3      0.03       5.3    7.7   0.0   259   316    34    89    20    94 0.85 -
evm.utg2083.46                       -            338 449139at33208        -            321   1.2e-07   32.9   0.3   2   3    0.0018      0.32   11.8   0.0    67   161   119   209   111   229 0.82 -
evm.utg2083.46                       -            338 449139at33208        -            321   1.2e-07   32.9   0.3   3   3    0.0064       1.1   10.0   0.0   100   174   279   307   237   322 0.57 -
evm.utg190.40.2.5c22ec4c             -            494 449139at33208        -            321   1.3e-07   32.7   0.0   1   2     0.064        11    6.7   0.0    93   127    81   115    75   119 0.90 -
evm.utg190.40.2.5c22ec4c             -            494 449139at33208        -            321   1.3e-07   32.7   0.0   2   2   4.2e-07   7.2e-05   23.7   0.0    89   169   127   204   118   211 0.90 -
evm.utg5985.20                       -            327 449139at33208        -            321   1.4e-07   32.6   0.9   1   3      0.19        33    5.1   0.0    93   173    13    93     8   106 0.68 -
evm.utg5985.20                       -            327 449139at33208        -            321   1.4e-07   32.6   0.9   2   3    0.0021      0.36   11.6   0.2    56   183   110   242   106   257 0.73 -
evm.utg5985.20                       -            327 449139at33208        -            321   1.4e-07   32.6   0.9   3   3    0.0006       0.1   13.3   0.0    66   130   258   325   251   326 0.87 -
evm.utg26120.19.1.5c2792a7           -            291 449139at33208        -            321   1.4e-07   32.6   1.2   1   3      0.44        76    3.9   0.0   100   126    33    58    20    63 0.69 -
evm.utg26120.19.1.5c2792a7           -            291 449139at33208        -            321   1.4e-07   32.6   1.2   2   3       1.8     3e+02    2.0   0.0    88   126   111   148    79   153 0.81 -
evm.utg26120.19.1.5c2792a7           -            291 449139at33208        -            321   1.4e-07   32.6   1.2   3   3   1.1e-07   1.9e-05   25.7   0.5    34   173   142   278   117   287 0.83 -
evm.utg190.40                        -            509 449139at33208        -            321   1.4e-07   32.6   0.0   1   2     0.066        11    6.6   0.0    93   127    81   115    75   119 0.90 -
evm.utg190.40                        -            509 449139at33208        -            321   1.4e-07   32.6   0.0   2   2   4.4e-07   7.6e-05   23.7   0.0    89   169   127   204   118   211 0.90 -
evm.utg190.40.1.5c22ec4c             -            509 449139at33208        -            321   1.4e-07   32.6   0.0   1   2     0.066        11    6.6   0.0    93   127    81   115    75   119 0.90 -
evm.utg190.40.1.5c22ec4c             -            509 449139at33208        -            321   1.4e-07   32.6   0.0   2   2   4.4e-07   7.6e-05   23.7   0.0    89   169   127   204   118   211 0.90 -
evm.utg5985.15.3.5c22f28e            -            337 449139at33208        -            321   1.6e-07   32.4   0.2   1   2   2.8e-06   0.00048   21.0   0.1   102   286    41   220    22   249 0.73 -
evm.utg5985.15.3.5c22f28e            -            337 449139at33208        -            321   1.6e-07   32.4   0.2   2   2      0.29        50    4.5   0.0    95   127   272   304   256   317 0.88 -
evm.utg6894.3                        -            395 449139at33208        -            321   1.7e-07   32.4   2.8   1   2   4.4e-07   7.6e-05   23.7   0.3    97   173   144   214   135   228 0.83 -
evm.utg6894.3                        -            395 449139at33208        -            321   1.7e-07   32.4   2.8   2   2      0.03       5.2    7.8   0.1   121   173   253   305   220   317 0.79 -
evm.utg411.98                        -            324 449139at33208        -            321   1.8e-07   32.3   0.0   1   2   7.2e-07   0.00013   22.9   0.0    18   135    33   149    18   187 0.81 -
evm.utg411.98                        -            324 449139at33208        -            321   1.8e-07   32.3   0.0   2   2     0.036       6.2    7.5   0.0    59   138   202   284   164   294 0.79 -
evm.utg5985.15.2.5c22f28e            -            349 449139at33208        -            321     2e-07   32.2   0.2   1   2   3.1e-06   0.00054   20.9   0.1   102   286    41   220    22   249 0.73 -
evm.utg5985.15.2.5c22f28e            -            349 449139at33208        -            321     2e-07   32.2   0.2   2   2       0.3        52    4.5   0.0    95   127   272   304   256   317 0.88 -
evm.utg1972.74                       -            485 449139at33208        -            321     2e-07   32.1   1.0   1   2       0.3        52    4.5   0.0    93   127    76   110    46   113 0.85 -
evm.utg1972.74                       -            485 449139at33208        -            321     2e-07   32.1   1.0   2   2   8.2e-08   1.4e-05   26.0   0.2    95   170   128   200   113   209 0.90 -
evm.utg2007.6                        -            496 449139at33208        -            321   2.6e-07   31.7   0.0   1   2     0.041       7.1    7.3   0.0    65   128   196   261   166   270 0.76 -
evm.utg2007.6                        -            496 449139at33208        -            321   2.6e-07   31.7   0.0   2   2   1.9e-08   3.3e-06   28.1   0.0     5   172   224   395   218   419 0.78 -
evm.utg26517.8                       -           1023 449139at33208        -            321   3.1e-07   31.5   6.4   1   2   0.00036     0.062   14.1   0.0    55   134   491   570   484   577 0.87 -
evm.utg26517.8                       -           1023 449139at33208        -            321   3.1e-07   31.5   6.4   2   2   2.9e-05     0.005   17.7   0.3    70   204   595   730   585   751 0.76 -
evm.utg109.77                        -            797 449139at33208        -            321   3.5e-07   31.4   8.8   1   5      0.31        54    4.4   0.1   197   227    67   103    63   108 0.77 -
evm.utg109.77                        -            797 449139at33208        -            321   3.5e-07   31.4   8.8   2   5     0.027       4.7    7.9   0.2    74   130    90   152    87   163 0.74 -
evm.utg109.77                        -            797 449139at33208        -            321   3.5e-07   31.4   8.8   3   5   0.00076      0.13   13.0   0.0    62   129   177   248   166   254 0.79 -
evm.utg109.77                        -            797 449139at33208        -            321   3.5e-07   31.4   8.8   4   5       2.7   4.7e+02    1.3   0.0   109   171   327   393   309   453 0.66 -
evm.utg109.77                        -            797 449139at33208        -            321   3.5e-07   31.4   8.8   5   5      0.19        33    5.1   1.7    92   224   590   725   578   739 0.77 -
evm.utg435.58                        -            950 449139at33208        -            321   3.8e-07   31.2   3.2   1   4    0.0016      0.28   11.9   0.2   100   174   321   392   305   399 0.79 -
evm.utg435.58                        -            950 449139at33208        -            321   3.8e-07   31.2   3.2   2   4     0.001      0.18   12.6   0.1   113   175   465   526   458   538 0.90 -
evm.utg435.58                        -            950 449139at33208        -            321   3.8e-07   31.2   3.2   3   4         3   5.1e+02    1.2   0.0   142   176   580   613   578   630 0.72 -
evm.utg435.58                        -            950 449139at33208        -            321   3.8e-07   31.2   3.2   4   4       6.5   1.1e+03    0.1   0.0   108   129   871   892   856   899 0.78 -
evm.utg7950.21                       -            652 449139at33208        -            321   4.2e-07   31.1   4.5   1   2     0.023         4    8.1   0.1   103   172    75   140    37   144 0.56 -
evm.utg7950.21                       -            652 449139at33208        -            321   4.2e-07   31.1   4.5   2   2   9.8e-08   1.7e-05   25.8   1.1    69   173   125   225   120   234 0.86 -
evm.utg801.96.1.5c22f45f             -            327 449139at33208        -            321   4.5e-07   31.0   1.9   1   2     0.027       4.6    7.9   0.1    96   128   179   211   174   215 0.80 -
evm.utg801.96.1.5c22f45f             -            327 449139at33208        -            321   4.5e-07   31.0   1.9   2   2   1.3e-06   0.00022   22.1   0.3    85   167   218   300   212   310 0.91 -
evm.utg699.93                        -            360 449139at33208        -            321     5e-07   30.8   0.5   1   2   1.8e-05    0.0032   18.3   0.2    56   172    66   175    52   187 0.87 -
evm.utg699.93                        -            360 449139at33208        -            321     5e-07   30.8   0.5   2   2     0.017         3    8.6   0.0    86   126   215   255   208   264 0.93 -
evm.utg5774.24                       -            295 449139at33208        -            321   5.4e-07   30.7   0.3   1   3       1.6   2.8e+02    2.1   0.0   156   175    74    93    63   109 0.81 -
evm.utg5774.24                       -            295 449139at33208        -            321   5.4e-07   30.7   0.3   2   3       1.2   2.1e+02    2.5   0.0    87   130   151   193   120   214 0.65 -
evm.utg5774.24                       -            295 449139at33208        -            321   5.4e-07   30.7   0.3   3   3   8.1e-07   0.00014   22.8   0.0    71   127   217   272   205   277 0.88 -
evm.utg967.29                        -            325 449139at33208        -            321     6e-07   30.6   0.0   1   3     0.012       2.1    9.1   0.0    95   171    11    86     3    92 0.83 -
evm.utg967.29                        -            325 449139at33208        -            321     6e-07   30.6   0.0   2   3     0.039       6.8    7.4   0.1   102   173   104   172    92   189 0.68 -
evm.utg967.29                        -            325 449139at33208        -            321     6e-07   30.6   0.0   3   3    0.0037      0.65   10.7   0.0    28   127   199   294   174   312 0.79 -
evm.utg1290.9.1.5c22ea0d             -            569 449139at33208        -            321   6.5e-07   30.5   6.6   1   3   5.1e-05    0.0089   16.9   0.9    88   175   310   392   300   411 0.51 -
evm.utg1290.9.1.5c22ea0d             -            569 449139at33208        -            321   6.5e-07   30.5   6.6   2   3   0.00056     0.097   13.4   0.4    63   130   461   527   430   559 0.79 -
evm.utg1290.9.1.5c22ea0d             -            569 449139at33208        -            321   6.5e-07   30.5   6.6   3   3       2.5   4.4e+02    1.4   0.0   194   227   533   566   525   568 0.78 -
evm.utg5774.3.1.5c22f241             -            362 449139at33208        -            321   7.4e-07   30.3   1.9   1   3       0.6     1e+02    3.5   0.0   100   126    33    58    21    63 0.68 -
evm.utg5774.3.1.5c22f241             -            362 449139at33208        -            321   7.4e-07   30.3   1.9   2   3       3.1   5.3e+02    1.2   0.0    88   126   111   148    96   153 0.84 -
evm.utg5774.3.1.5c22f241             -            362 449139at33208        -            321   7.4e-07   30.3   1.9   3   3   2.8e-07   4.9e-05   24.3   0.6    34   173   142   278   118   289 0.83 -
evm.utg1575.11                       -           1282 449139at33208        -            321   7.4e-07   30.3   0.5   1   1   1.1e-08   1.9e-06   28.9   0.5    77   173  1098  1189  1075  1209 0.86 -
evm.utg73.39                         -            326 449139at33208        -            321   9.2e-07   30.0   0.8   1   2   3.6e-06   0.00062   20.7   0.4    99   288    17   179     9   206 0.75 -
evm.utg73.39                         -            326 449139at33208        -            321   9.2e-07   30.0   0.8   2   2     0.065        11    6.7   0.3   109   285   108   176    94   300 0.60 -
evm.utg498.191                       -           1212 449139at33208        -            321   9.2e-07   29.9   1.5   1   3   0.00024     0.042   14.6   0.1    61   136   455   530   404   542 0.81 -
evm.utg498.191                       -           1212 449139at33208        -            321   9.2e-07   29.9   1.5   2   3     0.035       6.1    7.5   0.2   113   230   600   721   579   759 0.71 -
evm.utg498.191                       -           1212 449139at33208        -            321   9.2e-07   29.9   1.5   3   3      0.39        67    4.1   0.0    93   133   915   955   909   962 0.81 -
evm.utg5985.15.1.5c22f28e            -            350 449139at33208        -            321   9.4e-07   29.9   0.2   1   2   2.8e-05    0.0048   17.7   0.1   142   285   100   232    92   260 0.76 -
evm.utg5985.15.1.5c22f28e            -            350 449139at33208        -            321   9.4e-07   29.9   0.2   2   2       0.3        53    4.5   0.0    95   127   285   317   269   330 0.88 -
evm.utg1290.9                        -            598 449139at33208        -            321     1e-06   29.8   8.2   1   3    0.0001     0.018   15.8   2.0    88   177   310   394   303   444 0.61 -
evm.utg1290.9                        -            598 449139at33208        -            321     1e-06   29.8   8.2   2   3   0.00065      0.11   13.2   0.1    61   129   488   555   448   562 0.79 -
evm.utg1290.9                        -            598 449139at33208        -            321     1e-06   29.8   8.2   3   3       2.8   4.9e+02    1.3   0.0   195   227   563   595   555   597 0.79 -
evm.utg5985.15                       -            362 449139at33208        -            321   1.1e-06   29.6   0.2   1   2   2.3e-05    0.0041   18.0   0.1   142   285   100   232    65   260 0.78 -
evm.utg5985.15                       -            362 449139at33208        -            321   1.1e-06   29.6   0.2   2   2      0.32        55    4.4   0.0    95   127   285   317   269   330 0.88 -
evm.utg116.299                       -            955 449139at33208        -            321   1.2e-06   29.6   2.0   1   3      0.43        74    4.0   0.1    68   129    73   134    48   147 0.77 -
evm.utg116.299                       -            955 449139at33208        -            321   1.2e-06   29.6   2.0   2   3    0.0017       0.3   11.8   0.1   106   175   154   221   143   240 0.80 -
evm.utg116.299                       -            955 449139at33208        -            321   1.2e-06   29.6   2.0   3   3    0.0034      0.59   10.9   0.0   108   152   300   344   265   357 0.77 -
evm.utg790.33                        -            336 449139at33208        -            321   1.5e-06   29.3   0.7   1   4      0.52        91    3.7   0.0   140   173     9    40     3    77 0.72 -
evm.utg790.33                        -            336 449139at33208        -            321   1.5e-06   29.3   0.7   2   4    0.0023       0.4   11.4   0.0    66   129   108   172    52   185 0.82 -
evm.utg790.33                        -            336 449139at33208        -            321   1.5e-06   29.3   0.7   3   4     0.029         5    7.8   0.0    90   129   232   273   201   277 0.75 -
evm.utg790.33                        -            336 449139at33208        -            321   1.5e-06   29.3   0.7   4   4       1.9   3.3e+02    1.8   0.1    93   125   300   332   289   335 0.55 -
evm.utg1025.9                        -            364 449139at33208        -            321     2e-06   28.8   6.6   1   2   1.6e-05    0.0028   18.5   2.1   140   236     9    99     5   188 0.66 -
evm.utg1025.9                        -            364 449139at33208        -            321     2e-06   28.8   6.6   2   2     0.016       2.7    8.7   0.2    88   173   209   310   112   316 0.67 -
evm.utg3605.58                       -            566 449139at33208        -            321   2.2e-06   28.7   0.1   1   3      0.42        72    4.0   0.0    99   129   102   131    87   139 0.71 -
evm.utg3605.58                       -            566 449139at33208        -            321   2.2e-06   28.7   0.1   2   3   3.1e-05    0.0053   17.6   0.0   108   173   324   390   313   414 0.81 -
evm.utg3605.58                       -            566 449139at33208        -            321   2.2e-06   28.7   0.1   3   3       1.8   3.2e+02    1.9   0.1   141   173   451   483   446   494 0.78 -
evm.utg729.160                       -            877 449139at33208        -            321   2.2e-06   28.7   4.5   1   4   0.00018     0.032   15.0   0.6     9   133    52   186    44   196 0.79 -
evm.utg729.160                       -            877 449139at33208        -            321   2.2e-06   28.7   4.5   2   4      0.48        83    3.8   0.0   249   280   197   229   192   251 0.80 -
evm.utg729.160                       -            877 449139at33208        -            321   2.2e-06   28.7   4.5   3   4      0.41        72    4.0   0.0    87   126   614   652   586   667 0.73 -
evm.utg729.160                       -            877 449139at33208        -            321   2.2e-06   28.7   4.5   4   4      0.43        74    4.0   0.0    95   138   797   838   724   851 0.74 -
evm.utg1285.17                       -            455 449139at33208        -            321   2.7e-06   28.4   0.1   1   2     0.066        11    6.6   0.0   139   174    49    84    37   112 0.85 -
evm.utg1285.17                       -            455 449139at33208        -            321   2.7e-06   28.4   0.1   2   2   7.9e-06    0.0014   19.5   0.0    76   127   398   449   352   453 0.81 -
evm.utg5950.24                       -            446 449139at33208        -            321     3e-06   28.2   0.6   1   2   6.6e-05     0.011   16.5   0.3    65   181    47   157     7   183 0.79 -
evm.utg5950.24                       -            446 449139at33208        -            321     3e-06   28.2   0.6   2   2    0.0058         1   10.1   0.0    29   133   194   305   171   314 0.61 -
evm.utg192.39                        -            299 449139at33208        -            321   3.2e-06   28.2   0.4   1   2    0.0027      0.46   11.2   0.3    92   165    13    84     2   120 0.73 -
evm.utg192.39                        -            299 449139at33208        -            321   3.2e-06   28.2   0.4   2   2   0.00034     0.059   14.2   0.0    77   135   127   185   113   194 0.85 -
evm.utg7855.10                       -            364 449139at33208        -            321   3.9e-06   27.9   6.3   1   3   3.6e-05    0.0062   17.4   1.2   140   187     9    56     6    98 0.83 -
evm.utg7855.10                       -            364 449139at33208        -            321   3.9e-06   27.9   6.3   2   3       1.5   2.7e+02    2.1   0.0    96   126   113   144   100   150 0.82 -
evm.utg7855.10                       -            364 449139at33208        -            321   3.9e-06   27.9   6.3   3   3      0.03       5.1    7.8   0.2   133   173   270   310   115   316 0.65 -
evm.utg5513.6                        -           1208 449139at33208        -            321   4.1e-06   27.8   9.8   1   3   8.4e-05     0.014   16.2   0.6    49   175   134   267    83   271 0.76 -
evm.utg5513.6                        -           1208 449139at33208        -            321   4.1e-06   27.8   9.8   2   3      0.19        33    5.1   0.1   110   177   295   359   275   372 0.79 -
evm.utg5513.6                        -           1208 449139at33208        -            321   4.1e-06   27.8   9.8   3   3    0.0049      0.85   10.4   0.4    19   184   989  1162   980  1172 0.61 -
evm.utg2428.30                       -            816 449139at33208        -            321   4.2e-06   27.8   0.3   1   3    0.0017      0.29   11.9   0.0    91   165    47   123    37   131 0.82 -
evm.utg2428.30                       -            816 449139at33208        -            321   4.2e-06   27.8   0.3   2   3       1.1   1.9e+02    2.6   0.0    96   128   141   173   132   179 0.82 -
evm.utg2428.30                       -            816 449139at33208        -            321   4.2e-06   27.8   0.3   3   3     0.016       2.8    8.6   0.1   110   225   292   364   181   401 0.65 -
evm.utg7821.35                       -            557 449139at33208        -            321   4.2e-06   27.8   0.0   1   4       1.2   2.2e+02    2.4   0.0   260   320    22    83    19    84 0.76 -
evm.utg7821.35                       -            557 449139at33208        -            321   4.2e-06   27.8   0.0   2   4   0.00027     0.046   14.5   0.0    72   174   113   218    92   234 0.80 -
evm.utg7821.35                       -            557 449139at33208        -            321   4.2e-06   27.8   0.0   3   4      0.28        48    4.6   0.0    91   174   267   344   240   356 0.68 -
evm.utg7821.35                       -            557 449139at33208        -            321   4.2e-06   27.8   0.0   4   4       6.7   1.2e+03    0.0   0.0    58   127   488   554   477   556 0.54 -
evm.utg280.24                        -            336 449139at33208        -            321   4.3e-06   27.8   0.9   1   4       1.1   1.9e+02    2.7   0.0   140   171     9    38     3    45 0.77 -
evm.utg280.24                        -            336 449139at33208        -            321   4.3e-06   27.8   0.9   2   4    0.0026      0.45   11.3   0.0    65   129   107   172    52   186 0.74 -
evm.utg280.24                        -            336 449139at33208        -            321   4.3e-06   27.8   0.9   3   4     0.049       8.4    7.1   0.0    89   129   231   273   199   278 0.74 -
evm.utg280.24                        -            336 449139at33208        -            321   4.3e-06   27.8   0.9   4   4       1.7   2.9e+02    2.0   0.1     9    40   302   333   289   335 0.55 -
evm.utg4155.43                       -            416 449139at33208        -            321   4.4e-06   27.7   4.1   1   2     1e-05    0.0017   19.2   0.9    46   175   142   263   127   283 0.80 -
evm.utg4155.43                       -            416 449139at33208        -            321   4.4e-06   27.7   4.1   2   2    0.0054      0.93   10.2   0.1    10   127   268   388   262   395 0.81 -
evm.utg245.62                        -            499 449139at33208        -            321   4.8e-06   27.6   1.2   1   3    0.0015      0.27   12.0   0.3    48   173   219   337   204   352 0.82 -
evm.utg245.62                        -            499 449139at33208        -            321   4.8e-06   27.6   1.2   2   3      0.21        36    5.0   0.0    93   133   351   393   338   398 0.85 -
evm.utg245.62                        -            499 449139at33208        -            321   4.8e-06   27.6   1.2   3   3     0.031       5.4    7.7   0.0   139   172   439   472   402   490 0.77 -
evm.utg4194.43                       -            521 449139at33208        -            321   5.2e-06   27.5   0.7   1   3       2.7   4.7e+02    1.3   0.0   260   300   194   234   189   244 0.81 -
evm.utg4194.43                       -            521 449139at33208        -            321   5.2e-06   27.5   0.7   2   3      0.01       1.7    9.3   0.5    93   164   236   305   225   338 0.73 -
evm.utg4194.43                       -            521 449139at33208        -            321   5.2e-06   27.5   0.7   3   3   0.00062      0.11   13.3   0.0    78   135   350   407   339   413 0.84 -
evm.utg5985.15.5.5c22f28e            -            278 449139at33208        -            321   5.3e-06   27.5   0.1   1   1   1.6e-06   0.00028   21.8   0.1    98   286    38   220    20   247 0.73 -
evm.utg370.1                         -            190 449139at33208        -            321   6.3e-06   27.2   0.5   1   2   3.5e-05     0.006   17.4   0.1   144   226    14    94     7   102 0.82 -
evm.utg370.1                         -            190 449139at33208        -            321   6.3e-06   27.2   0.5   2   2    0.0012      0.21   12.3   0.1    90   174    57   157    51   168 0.70 -
evm.utg245.48                        -            321 449139at33208        -            321   8.3e-06   26.8   2.3   1   2     7e-07   0.00012   23.0   1.0   111   177    34   106    28   234 0.86 -
evm.utg245.48                        -            321 449139at33208        -            321   8.3e-06   26.8   2.3   2   2       5.4   9.4e+02    0.3   0.0   197   225   286   314   254   319 0.49 -
evm.utg1194.15                       -            416 449139at33208        -            321   8.9e-06   26.7   5.0   1   2   1.4e-05    0.0025   18.7   1.5    46   174   142   262   128   284 0.81 -
evm.utg1194.15                       -            416 449139at33208        -            321   8.9e-06   26.7   5.0   2   2    0.0085       1.5    9.6   0.1    13   127   271   388   264   395 0.79 -
evm.utg5950.24.1.5c22f287            -            477 449139at33208        -            321   1.2e-05   26.2   0.8   1   2     7e-05     0.012   16.4   0.3    65   181    47   157     5   184 0.79 -
evm.utg5950.24.1.5c22f287            -            477 449139at33208        -            321   1.2e-05   26.2   0.8   2   2     0.026       4.5    8.0   0.0    92   133   296   336   274   345 0.82 -
evm.utg431.5                         -           1181 449139at33208        -            321   1.5e-05   26.0   8.3   1   3   7.5e-05     0.013   16.3   0.9    49   175    93   226    48   235 0.76 -
evm.utg431.5                         -           1181 449139at33208        -            321   1.5e-05   26.0   8.3   2   3       1.1   1.9e+02    2.6   0.1   110   176   254   317   230   331 0.69 -
evm.utg431.5                         -           1181 449139at33208        -            321   1.5e-05   26.0   8.3   3   3     0.012       2.1    9.1   0.1    90   184  1032  1135  1018  1145 0.55 -
evm.utg861.53.1.5c22f4a4             -            413 449139at33208        -            321   1.7e-05   25.8   0.2   1   1   3.8e-07   6.6e-05   23.8   0.0   244   320   255   330   235   331 0.80 -
evm.utg861.53.2.5c22f4a4             -            422 449139at33208        -            321   1.7e-05   25.8   0.1   1   1     4e-07   6.9e-05   23.8   0.0   244   320   255   330   235   331 0.80 -
evm.utg1721.37.1.5c22ebc9            -            385 449139at33208        -            321   1.7e-05   25.8   1.4   1   3   0.00026     0.045   14.6   0.1    88   173    62   144    57   151 0.89 -
evm.utg1721.37.1.5c22ebc9            -            385 449139at33208        -            321   1.7e-05   25.8   1.4   2   3       4.8   8.3e+02    0.5   0.0   254   308   205   256   189   266 0.71 -
evm.utg1721.37.1.5c22ebc9            -            385 449139at33208        -            321   1.7e-05   25.8   1.4   3   3     0.042       7.3    7.3   0.0    67   147   303   378   295   383 0.80 -
evm.utg910.142                       -            323 449139at33208        -            321   1.8e-05   25.7   0.4   1   2   0.00024     0.042   14.7   0.0    94   178     7    89     2   114 0.80 -
evm.utg910.142                       -            323 449139at33208        -            321   1.8e-05   25.7   0.4   2   2     0.028       4.9    7.9   0.1    90   129   178   216   156   224 0.83 -
evm.utg150.51                        -            579 449139at33208        -            321     2e-05   25.6   0.3   1   3    0.0013      0.22   12.3   0.0   258   320   352   410   312   411 0.87 -
evm.utg150.51                        -            579 449139at33208        -            321     2e-05   25.6   0.3   2   3   3.3e-05    0.0057   17.5   0.1    96   175   381   456   354   471 0.77 -
evm.utg150.51                        -            579 449139at33208        -            321     2e-05   25.6   0.3   3   3       1.5   2.7e+02    2.2   0.0   142   172   505   535   502   557 0.85 -
evm.utg2849.26                       -           1710 449139at33208        -            321   3.8e-05   24.7   1.0   1   2       2.1   3.6e+02    1.7   0.0   109   156  1035  1079  1021  1148 0.79 -
evm.utg2849.26                       -           1710 449139at33208        -            321   3.8e-05   24.7   1.0   2   2   9.4e-06    0.0016   19.3   0.1    27   156  1537  1665  1500  1706 0.79 -
evm.utg126.136                       -            473 449139at33208        -            321   3.9e-05   24.6   1.1   1   2      0.67   1.2e+02    3.3   0.1    53   127   156   239   111   249 0.46 -
evm.utg126.136                       -            473 449139at33208        -            321   3.9e-05   24.6   1.1   2   2   1.9e-05    0.0032   18.3   0.1    70   171   321   414   301   431 0.79 -
evm.utg5985.15.4.5c22f28e            -            291 449139at33208        -            321   4.5e-05   24.4   0.7   1   1   1.7e-05    0.0029   18.4   0.1   142   285   100   232    89   260 0.77 -
evm.utg2303.49                       -            513 449139at33208        -            321   4.8e-05   24.3   0.0   1   4       3.8   6.5e+02    0.9   0.0   109   131   166   188   155   193 0.78 -
evm.utg2303.49                       -            513 449139at33208        -            321   4.8e-05   24.3   0.0   2   4     0.018       3.1    8.5   0.0   109   183   227   302   196   311 0.81 -
evm.utg2303.49                       -            513 449139at33208        -            321   4.8e-05   24.3   0.0   3   4      0.92   1.6e+02    2.9   0.0   240   320   350   428   322   430 0.54 -
evm.utg2303.49                       -            513 449139at33208        -            321   4.8e-05   24.3   0.0   4   4      0.08        14    6.4   0.0    86   116   443   473   439   480 0.85 -
evm.utg43451.22                      -            419 449139at33208        -            321   5.1e-05   24.2   2.6   1   3       4.2   7.3e+02    0.7   0.0    98   174    16    90     4   100 0.70 -
evm.utg43451.22                      -            419 449139at33208        -            321   5.1e-05   24.2   2.6   2   3     3e-05    0.0052   17.6   0.1    56   139   102   186    81   219 0.80 -
evm.utg43451.22                      -            419 449139at33208        -            321   5.1e-05   24.2   2.6   3   3      0.64   1.1e+02    3.4   0.1   139   195   229   283   215   290 0.74 -
evm.utg5290.21                       -            530 449139at33208        -            321   6.2e-05   24.0   0.0   1   4       4.9   8.5e+02    0.5   0.0   109   130   184   205   173   209 0.78 -
evm.utg5290.21                       -            530 449139at33208        -            321   6.2e-05   24.0   0.0   2   4     0.021       3.6    8.3   0.0   109   183   245   320   216   329 0.82 -
evm.utg5290.21                       -            530 449139at33208        -            321   6.2e-05   24.0   0.0   3   4      0.78   1.4e+02    3.1   0.0    92   320   367   446   339   449 0.56 -
evm.utg5290.21                       -            530 449139at33208        -            321   6.2e-05   24.0   0.0   4   4      0.09        16    6.2   0.0    86   116   461   491   457   499 0.84 -
evm.utg736.40                        -            406 449139at33208        -            321   6.9e-05   23.8   3.1   1   3     0.036       6.3    7.5   0.2    96   170   136   210   123   213 0.88 -
evm.utg736.40                        -            406 449139at33208        -            321   6.9e-05   23.8   3.1   2   3     0.074        13    6.5   0.2   192   313   177   303   170   311 0.77 -
evm.utg736.40                        -            406 449139at33208        -            321   6.9e-05   23.8   3.1   3   3   0.00035      0.06   14.1   0.1   111   171   340   397   334   404 0.86 -
evm.utg729.160.1.5c22f3a9            -            827 449139at33208        -            321     8e-05   23.6   4.7   1   3   0.00019     0.033   15.0   0.8     9   133    52   186    44   196 0.79 -
evm.utg729.160.1.5c22f3a9            -            827 449139at33208        -            321     8e-05   23.6   4.7   2   3      0.47        81    3.8   0.0   249   280   197   229   193   251 0.80 -
evm.utg729.160.1.5c22f3a9            -            827 449139at33208        -            321     8e-05   23.6   4.7   3   3      0.39        67    4.1   0.0    87   126   614   652   586   667 0.73 -
evm.utg126.151                       -            820 449139at33208        -            321   8.9e-05   23.4   0.0   1   3     0.064        11    6.7   0.0    91   172    40   120    26   124 0.77 -
evm.utg126.151                       -            820 449139at33208        -            321   8.9e-05   23.4   0.0   2   3      0.19        33    5.1   0.0    92   131   130   169   120   178 0.90 -
evm.utg126.151                       -            820 449139at33208        -            321   8.9e-05   23.4   0.0   3   3     0.073        13    6.5   0.0    77   135   707   764   686   776 0.85 -
evm.utg479.8                         -            451 449139at33208        -            321   9.7e-05   23.3   3.6   1   3     0.011       1.9    9.2   0.1   107   137   103   133    74   139 0.86 -
evm.utg479.8                         -            451 449139at33208        -            321   9.7e-05   23.3   3.6   2   3    0.0053      0.91   10.2   0.2   188   316   220   346   181   351 0.68 -
evm.utg479.8                         -            451 449139at33208        -            321   9.7e-05   23.3   3.6   3   3         5   8.6e+02    0.5   0.0   213   238   416   441   404   449 0.75 -
evm.utg1049.27                       -           1217 449139at33208        -            321    0.0001   23.2   0.5   1   4       8.2   1.4e+03   -0.2   0.0   283   314   143   174    82   211 0.61 -
evm.utg1049.27                       -           1217 449139at33208        -            321    0.0001   23.2   0.5   2   4     0.091        16    6.2   0.0   142   181   368   407   309   420 0.78 -
evm.utg1049.27                       -           1217 449139at33208        -            321    0.0001   23.2   0.5   3   4    0.0085       1.5    9.6   0.1   136   175   485   524   470   542 0.85 -
evm.utg1049.27                       -           1217 449139at33208        -            321    0.0001   23.2   0.5   4   4       2.1   3.7e+02    1.7   0.0    63   125   583   645   536   682 0.65 -
evm.utg378.105                       -            554 449139at33208        -            321   0.00011   23.2   1.9   1   2     0.025       4.2    8.1   0.1    68   173    37    96    25   126 0.56 -
evm.utg378.105                       -            554 449139at33208        -            321   0.00011   23.2   1.9   2   2    0.0012       0.2   12.4   0.0   260   318   165   223   154   226 0.90 -
evm.utg15211.1                       -            289 449139at33208        -            321   0.00014   22.8   0.1   1   2       0.1        18    6.0   0.0    79   128    21    70     3    75 0.81 -
evm.utg15211.1                       -            289 449139at33208        -            321   0.00014   22.8   0.1   2   2   0.00057     0.099   13.4   0.1   101   228    85   200    78   207 0.77 -
evm.utg659.9                         -            354 449139at33208        -            321   0.00014   22.7   0.1   1   3    0.0007      0.12   13.1   0.0    99   175    50   124    37   138 0.86 -
evm.utg659.9                         -            354 449139at33208        -            321   0.00014   22.7   0.1   2   3       6.4   1.1e+03    0.1   0.0   109   129   146   166   129   172 0.81 -
evm.utg659.9                         -            354 449139at33208        -            321   0.00014   22.7   0.1   3   3      0.14        25    5.5   0.0    98   126   281   309   261   318 0.87 -
evm.utg1137.2                        -            414 449139at33208        -            321   0.00015   22.6   0.0   1   3       1.2     2e+02    2.5   0.0    68   129    42   103    27   106 0.88 -
evm.utg1137.2                        -            414 449139at33208        -            321   0.00015   22.6   0.0   2   3      0.29        51    4.5   0.0    95   127   164   196   147   201 0.88 -
evm.utg1137.2                        -            414 449139at33208        -            321   0.00015   22.6   0.0   3   3    0.0032      0.55   11.0   0.0   105   183   272   354   265   362 0.80 -
evm.utg479.8.2.5c22f153              -            362 449139at33208        -            321   0.00016   22.6   3.3   1   3       7.6   1.3e+03   -0.1   0.1   109   132    51    74    27    89 0.67 -
evm.utg479.8.2.5c22f153              -            362 449139at33208        -            321   0.00016   22.6   3.3   2   3    0.0074       1.3    9.8   0.1   107   137   103   133    74   144 0.86 -
evm.utg479.8.2.5c22f153              -            362 449139at33208        -            321   0.00016   22.6   3.3   3   3    0.0033      0.58   10.9   0.2   188   316   220   346   181   351 0.68 -
evm.utg1281.13                       -            378 449139at33208        -            321    0.0002   22.3   0.2   1   3   0.00086      0.15   12.8   0.0    99   175    51   125    39   135 0.86 -
evm.utg1281.13                       -            378 449139at33208        -            321    0.0002   22.3   0.2   2   3       7.4   1.3e+03   -0.1   0.0   109   129   147   167   135   173 0.80 -
evm.utg1281.13                       -            378 449139at33208        -            321    0.0002   22.3   0.2   3   3      0.16        27    5.4   0.0    98   126   282   310   262   319 0.87 -
evm.utg801.40                        -            682 449139at33208        -            321   0.00023   22.1   0.1   1   3       5.8     1e+03    0.2   0.0   197   229    22    56    13    69 0.73 -
evm.utg801.40                        -            682 449139at33208        -            321   0.00023   22.1   0.1   2   3    0.0013      0.23   12.2   0.0    65   129    78   142    68   147 0.92 -
evm.utg801.40                        -            682 449139at33208        -            321   0.00023   22.1   0.1   3   3      0.22        39    4.9   0.0    81   138   528   588   520   618 0.74 -
evm.utg622.116                       -            447 449139at33208        -            321   0.00023   22.1   0.3   1   3     0.019       3.3    8.4   0.1   139   174    94   130    74   139 0.79 -
evm.utg622.116                       -            447 449139at33208        -            321   0.00023   22.1   0.3   2   3     0.097        17    6.1   0.0    69   136   185   252   175   259 0.83 -
evm.utg622.116                       -            447 449139at33208        -            321   0.00023   22.1   0.3   3   3      0.96   1.7e+02    2.8   0.0    37   127   359   444   337   446 0.68 -
evm.utg1285.72                       -           1198 449139at33208        -            321   0.00023   22.1   0.1   1   2   0.00027     0.047   14.5   0.1    70   137  1009  1074   940  1083 0.82 -
evm.utg1285.72                       -           1198 449139at33208        -            321   0.00023   22.1   0.1   2   2      0.17        30    5.3   0.0    79   173  1101  1196  1077  1197 0.82 -
evm.utg14772.13                      -            234 449139at33208        -            321   0.00029   21.8   0.0   1   2         1   1.8e+02    2.7   0.0   218   281    39   101    11   137 0.73 -
evm.utg14772.13                      -            234 449139at33208        -            321   0.00029   21.8   0.0   2   2   3.9e-05    0.0067   17.3   0.0    70   128   157   214   145   226 0.89 -
evm.utg1272.70                       -            437 449139at33208        -            321    0.0003   21.7   0.0   1   1   8.2e-06    0.0014   19.5   0.0    68   174    77   180    64   185 0.84 -
evm.utg4318.22                       -           1196 449139at33208        -            321   0.00045   21.1   0.0   1   2       0.1        17    6.0   0.0    92   128   118   154    66   157 0.81 -
evm.utg4318.22                       -           1196 449139at33208        -            321   0.00045   21.1   0.0   2   2     0.002      0.34   11.7   0.0    59   127   222   291   210   296 0.79 -
evm.utg967.29.1.5c22f549             -            266 449139at33208        -            321   0.00062   20.7   0.1   1   2    0.0061       1.1   10.0   0.0    95   171    11    86     3   108 0.82 -
evm.utg967.29.1.5c22f549             -            266 449139at33208        -            321   0.00062   20.7   0.1   2   2     0.029         5    7.8   0.1   102   173   104   172    92   187 0.68 -
evm.utg535.8                         -            403 449139at33208        -            321   0.00063   20.6   0.0   1   2       4.6     8e+02    0.6   0.0   218   279    39    99    27   136 0.67 -
evm.utg535.8                         -            403 449139at33208        -            321   0.00063   20.6   0.0   2   2     4e-05    0.0069   17.2   0.0    70   128   157   214   146   226 0.89 -
evm.utg2099.34                       -            412 449139at33208        -            321   0.00078   20.3   0.6   1   2       2.9   5.1e+02    1.2   0.3    93   132   204   244   197   301 0.77 -
evm.utg2099.34                       -            412 449139at33208        -            321   0.00078   20.3   0.6   2   2   4.8e-05    0.0083   17.0   0.0    91   133   309   351   303   371 0.83 -
evm.utg1009.19                       -            542 449139at33208        -            321   0.00086   20.2   0.3   1   2   3.5e-05    0.0061   17.4   0.1   208   316   223   328   181   333 0.83 -
evm.utg1009.19                       -            542 449139at33208        -            321   0.00086   20.2   0.3   2   2       3.6   6.2e+02    0.9   0.0    79   122   328   370   322   372 0.76 -
evm.utg21766.14                      -            538 449139at33208        -            321   0.00097   20.0   0.5   1   2     0.011       1.9    9.2   0.0    70   128    30    86    18    96 0.78 -
evm.utg21766.14                      -            538 449139at33208        -            321   0.00097   20.0   0.5   2   2      0.03       5.3    7.7   0.1    88   170   110   188   102   200 0.81 -
evm.utg139908.1                      -            208 449139at33208        -            321    0.0013   19.6   0.0   1   2   0.00021     0.036   14.9   0.0   108   172     9    80     5   101 0.83 -
evm.utg139908.1                      -            208 449139at33208        -            321    0.0013   19.6   0.0   2   2      0.95   1.6e+02    2.8   0.0    86   161   124   197   103   207 0.69 -
evm.utg479.8.1.5c22f153              -            444 449139at33208        -            321    0.0017   19.2   5.8   1   2     0.011       1.9    9.2   0.1   107   137   103   133    75   139 0.87 -
evm.utg479.8.1.5c22f153              -            444 449139at33208        -            321    0.0017   19.2   5.8   2   2    0.0051      0.89   10.3   0.2   188   316   220   346   181   351 0.68 -
evm.utg4194.35                       -            456 449139at33208        -            321    0.0022   18.9   0.0   1   2   0.00018     0.031   15.1   0.0    86   131   244   289   208   304 0.82 -
evm.utg4194.35                       -            456 449139at33208        -            321    0.0022   18.9   0.0   2   2       9.9   1.7e+03   -0.5   0.0    96   132   296   332   288   339 0.71 -
evm.utg163.79.1.5c22eb7f             -            585 449139at33208        -            321    0.0028   18.5   2.1   1   3         6     1e+03    0.2   0.0   209   225    26    42     8    64 0.57 -
evm.utg163.79.1.5c22eb7f             -            585 449139at33208        -            321    0.0028   18.5   2.1   2   3    0.0022      0.39   11.5   0.1   138   178   101   141    96   156 0.87 -
evm.utg163.79.1.5c22eb7f             -            585 449139at33208        -            321    0.0028   18.5   2.1   3   3      0.34        59    4.3   0.0   142   176   187   221   144   238 0.79 -
evm.utg498.151.2.5c22f1a3            -            433 449139at33208        -            321    0.0029   18.5   0.2   1   3    0.0011      0.18   12.5   0.0    93   171   111   188   103   194 0.91 -
evm.utg498.151.2.5c22f1a3            -            433 449139at33208        -            321    0.0029   18.5   0.2   2   3       7.3   1.3e+03   -0.1   0.0    66    92   215   241   195   272 0.65 -
evm.utg498.151.2.5c22f1a3            -            433 449139at33208        -            321    0.0029   18.5   0.2   3   3       3.1   5.4e+02    1.1   0.0   263   321   370   425   358   430 0.57 -
evm.utg1056.107.2.5c22e85b           -            538 449139at33208        -            321    0.0034   18.2   0.3   1   1   3.9e-05    0.0067   17.3   0.1    57   134   417   491   362   500 0.75 -
evm.utg1910.44.1.5c22ec60.1.5c279151 -            366 449139at33208        -            321    0.0047   17.8   0.1   1   1     4e-05    0.0069   17.2   0.1    26   174    23   164    17   178 0.86 -
evm.utg498.151                       -            492 449139at33208        -            321    0.0047   17.8   0.2   1   3    0.0012      0.21   12.3   0.0    93   171   170   247   164   262 0.91 -
evm.utg498.151                       -            492 449139at33208        -            321    0.0047   17.8   0.2   2   3       9.2   1.6e+03   -0.4   0.0    66    92   274   300   254   328 0.66 -
evm.utg498.151                       -            492 449139at33208        -            321    0.0047   17.8   0.2   3   3       3.7   6.4e+02    0.9   0.0   264   321   430   484   417   489 0.57 -
evm.utg163.79                        -            772 449139at33208        -            321     0.005   17.7   1.6   1   3       8.3   1.4e+03   -0.3   0.0   209   225    26    42     8    63 0.57 -
evm.utg163.79                        -            772 449139at33208        -            321     0.005   17.7   1.6   2   3    0.0031      0.53   11.0   0.1   138   178   101   141    97   158 0.86 -
evm.utg163.79                        -            772 449139at33208        -            321     0.005   17.7   1.6   3   3      0.63   1.1e+02    3.4   0.0   142   177   187   222   182   238 0.79 -
evm.utg498.151.1.5c22f1a3            -            517 449139at33208        -            321    0.0056   17.5   0.2   1   2    0.0013      0.22   12.3   0.0    93   171   195   272   188   287 0.91 -
evm.utg498.151.1.5c22f1a3            -            517 449139at33208        -            321    0.0056   17.5   0.2   2   2         4   6.9e+02    0.8   0.0   264   321   455   509   442   514 0.57 -
evm.utg21625.5                       -           1001 449139at33208        -            321    0.0058   17.5   0.0   1   1   5.9e-05      0.01   16.7   0.0   106   169   933   993   906   999 0.82 -
evm.utg2433.4                        -            480 449139at33208        -            321     0.006   17.4   0.0   1   3      0.65   1.1e+02    3.4   0.0   246   315   223   289   213   294 0.79 -
evm.utg2433.4                        -            480 449139at33208        -            321     0.006   17.4   0.0   2   3      0.47        82    3.8   0.0   281   320   296   335   291   336 0.88 -
evm.utg2433.4                        -            480 449139at33208        -            321     0.006   17.4   0.0   3   3      0.26        44    4.7   0.0   237   309   342   414   336   420 0.82 -
evm.utg194.33                        -            633 449139at33208        -            321    0.0061   17.4   0.3   1   1   7.9e-05     0.014   16.2   0.1    79   173   445   534   438   556 0.84 -
evm.utg498.151.2.5c22f1a3.1.5c2795b7 -            334 449139at33208        -            321    0.0065   17.3   0.0   1   2   0.00072      0.12   13.1   0.0    93   171    20    97    12   101 0.91 -
evm.utg498.151.2.5c22f1a3.1.5c2795b7 -            334 449139at33208        -            321    0.0065   17.3   0.0   2   2       5.5   9.5e+02    0.3   0.0    66    92   124   150   104   177 0.66 -
evm.utg1910.44.1.5c22ec60            -            504 449139at33208        -            321    0.0074   17.1   0.1   1   1   7.4e-05     0.013   16.3   0.1    26   174   161   302   153   316 0.86 -
evm.utg1910.44                       -            528 449139at33208        -            321    0.0081   17.0   0.1   1   1   8.1e-05     0.014   16.2   0.1    26   174   161   302   153   316 0.86 -
evm.utg659.9.1.5c2796f4              -            263 449139at33208        -            321    0.0083   17.0   0.1   1   2    0.0004     0.069   13.9   0.0    99   175    50   124    37   138 0.86 -
evm.utg659.9.1.5c2796f4              -            263 449139at33208        -            321    0.0083   17.0   0.1   2   2       4.3   7.5e+02    0.7   0.0   109   129   146   166   128   172 0.81 -
evm.utg2100.48                       -            413 449139at33208        -            321    0.0085   16.9   0.0   1   2      0.91   1.6e+02    2.9   0.0   101   171   137   216   124   225 0.74 -
evm.utg2100.48                       -            413 449139at33208        -            321    0.0085   16.9   0.0   2   2    0.0023       0.4   11.4   0.0   100   183   313   399   297   408 0.81 -
evm.utg11096.12                      -            358 449139at33208        -            321     0.009   16.8   0.0   1   3      0.92   1.6e+02    2.9   0.0    68   129    42   103    23   106 0.88 -
evm.utg11096.12                      -            358 449139at33208        -            321     0.009   16.8   0.0   2   3      0.23        39    4.9   0.0    95   127   164   196   146   204 0.88 -
evm.utg11096.12                      -            358 449139at33208        -            321     0.009   16.8   0.0   3   3      0.18        31    5.2   0.0   140   183   261   307   243   315 0.76 -
evm.utg9769.3                        -            553 449139at33208        -            321      0.01   16.6   0.0   1   3       1.7   2.9e+02    2.0   0.0   245   315   238   305   222   309 0.79 -
evm.utg9769.3                        -            553 449139at33208        -            321      0.01   16.6   0.0   2   3      0.56        98    3.6   0.0   281   320   312   351   307   352 0.88 -
evm.utg9769.3                        -            553 449139at33208        -            321      0.01   16.6   0.0   3   3      0.21        37    5.0   0.0   234   309   355   430   351   436 0.88 -
evm.utg3839.110                      -            824 449139at33208        -            321     0.011   16.5   0.1   1   1   0.00046      0.08   13.7   0.0    77   177   643   740   618   757 0.75 -
evm.utg377.23                        -            826 449139at33208        -            321     0.012   16.4   0.0   1   1   0.00046      0.08   13.7   0.0    77   177   645   742   620   759 0.75 -
evm.utg736.40.1.5c22f3d4             -            386 449139at33208        -            321     0.012   16.4   1.6   1   4     0.033       5.8    7.6   0.2    96   170   136   210   124   213 0.88 -
evm.utg736.40.1.5c22f3d4             -            386 449139at33208        -            321     0.012   16.4   1.6   2   4     0.074        13    6.5   0.2   192   312   177   302   170   310 0.77 -
evm.utg736.40.1.5c22f3d4             -            386 449139at33208        -            321     0.012   16.4   1.6   3   4      0.17        29    5.3   0.0   104   174   289   358   279   368 0.67 -
evm.utg736.40.1.5c22f3d4             -            386 449139at33208        -            321     0.012   16.4   1.6   4   4      0.31        53    4.4   0.0   110   140   339   369   323   380 0.81 -
evm.utg101.48.1.5c22e7c5             -            295 449139at33208        -            321     0.015   16.1   0.6   1   2      0.16        28    5.4   0.2    54   169    49   167    32   185 0.63 -
evm.utg101.48.1.5c22e7c5             -            295 449139at33208        -            321     0.015   16.1   0.6   2   2     0.013       2.3    9.0   0.0    91   131   186   226   170   270 0.76 -
evm.utg2428.30.1.5c22ed9a            -            721 449139at33208        -            321     0.016   16.0   0.2   1   2      0.26        44    4.7   0.0    50   127    46   122     1   130 0.46 -
evm.utg2428.30.1.5c22ed9a            -            721 449139at33208        -            321     0.016   16.0   0.2   2   2     0.014       2.4    8.9   0.1   110   226   197   270    90   307 0.66 -
evm.utg6078.67                       -            692 449139at33208        -            321     0.017   15.9   0.1   1   3       8.7   1.5e+03   -0.3   0.0   249   319   382   457   370   459 0.70 -
evm.utg6078.67                       -            692 449139at33208        -            321     0.017   15.9   0.1   2   3    0.0026      0.45   11.2   0.0    57   126   492   563   488   571 0.80 -
evm.utg6078.67                       -            692 449139at33208        -            321     0.017   15.9   0.1   3   3       6.1   1.1e+03    0.2   0.0   261   313   593   645   586   650 0.78 -
evm.utg1285.72.1.5c22e9f6            -           1103 449139at33208        -            321     0.021   15.6   0.1   1   1   0.00023      0.04   14.7   0.1    70   137  1009  1074   938  1083 0.81 -
evm.utg183.20                        -            427 449139at33208        -            321     0.023   15.5   0.0   1   2     0.033       5.7    7.6   0.0   112   171   113   169    82   182 0.76 -
evm.utg183.20                        -            427 449139at33208        -            321     0.023   15.5   0.0   2   2      0.25        43    4.7   0.0    95   138   195   238   186   243 0.87 -
evm.utg431.28.29                     -            766 449139at33208        -            321     0.023   15.5   0.4   1   1    0.0012      0.21   12.3   0.0    73   174   563   662   548   676 0.71 -
evm.utg101.48                        -            357 449139at33208        -            321     0.026   15.3   0.8   1   2      0.35        61    4.3   0.1    54   164    49   162    33   173 0.58 -
evm.utg101.48                        -            357 449139at33208        -            321     0.026   15.3   0.8   2   2     0.016       2.8    8.6   0.0    91   131   186   226   170   293 0.79 -
evm.utg788.89                        -            256 449139at33208        -            321     0.028   15.2   2.6   1   3    0.0063       1.1   10.0   0.2   133   224     3    88     1    93 0.60 -
evm.utg788.89                        -            256 449139at33208        -            321     0.028   15.2   2.6   2   3      0.28        49    4.6   0.1    55   115    62   122    47   135 0.52 -
evm.utg788.89                        -            256 449139at33208        -            321     0.028   15.2   2.6   3   3       7.7   1.3e+03   -0.2   0.0   155   171   180   196   170   247 0.73 -
evm.utg8380.14                       -            389 449139at33208        -            321     0.029   15.2   2.7   1   3       6.8   1.2e+03    0.0   0.0   113   133   156   175   145   181 0.79 -
evm.utg8380.14                       -            389 449139at33208        -            321     0.029   15.2   2.7   2   3    0.0034      0.59   10.9   0.0   114   173   206   264   182   271 0.69 -
evm.utg8380.14                       -            389 449139at33208        -            321     0.029   15.2   2.7   3   3       1.9   3.3e+02    1.8   0.2    95   128   275   308   268   324 0.81 -
evm.utg431.28.29.1.5c27950b          -            796 449139at33208        -            321     0.032   15.0   1.0   1   1    0.0013      0.23   12.2   0.0    74   174   594   692   579   706 0.71 -
evm.utg1337.4.1.5c22ea39             -            981 449139at33208        -            321     0.055   14.2   0.2   1   1    0.0018      0.31   11.8   0.0     7   120    40   148    35   152 0.61 -
evm.utg2017.23                       -           1116 449139at33208        -            321     0.057   14.2   1.0   1   3       7.8   1.4e+03   -0.2   0.1   139   171    13    41     8    50 0.82 -
evm.utg2017.23                       -           1116 449139at33208        -            321     0.057   14.2   1.0   2   3    0.0079       1.4    9.7   0.0    69   134   108   171    94   190 0.63 -
evm.utg2017.23                       -           1116 449139at33208        -            321     0.057   14.2   1.0   3   3       4.2   7.2e+02    0.7   0.0   195   229   225   261   205   277 0.64 -
evm.utg39192.1                       -            333 449139at33208        -            321     0.073   13.9   0.0   1   1   0.00068      0.12   13.2   0.0    94   151   276   329   265   331 0.84 -
evm.utg1337.4                        -           1219 449139at33208        -            321     0.082   13.7   0.0   1   1    0.0022      0.37   11.5   0.0     7   120    40   148    35   157 0.63 -
evm.utg579.33                        -           1399 449139at33208        -            321     0.093   13.5   0.1   1   2      0.17        30    5.2   0.0    88   128  1020  1059  1014  1067 0.84 -
evm.utg579.33                        -           1399 449139at33208        -            321     0.093   13.5   0.1   2   2      0.55        96    3.6   0.0    94   125  1366  1397  1360  1398 0.94 -
evm.utg4886.14                       -            793 449139at33208        -            321     0.093   13.5   0.0   1   2    0.0057      0.99   10.1   0.0    77   128    83   134    48   143 0.86 -
evm.utg4886.14                       -            793 449139at33208        -            321     0.093   13.5   0.0   2   2       3.8   6.6e+02    0.8   0.0    98   119   146   167   134   177 0.73 -
evm.utg4972.25                       -           1127 449139at33208        -            321      0.11   13.3   0.0   1   1     0.015       2.6    8.7   0.0   136   180    52    98    20   112 0.79 -
evm.utg736.21.3.5c22f3d3.1.5c279784  -            901 449139at33208        -            321      0.11   13.2   0.0   1   2      0.01       1.8    9.3   0.0   100   137   253   291   233   305 0.83 -
evm.utg736.21.3.5c22f3d3.1.5c279784  -            901 449139at33208        -            321      0.11   13.2   0.0   2   2         3   5.2e+02    1.2   0.0    46    85   498   538   478   550 0.75 -
evm.utg1272.78                       -           1295 449139at33208        -            321      0.12   13.2   7.4   1   4      0.17        29    5.3   0.7    80   176   455   563   449   578 0.71 -
evm.utg1272.78                       -           1295 449139at33208        -            321      0.12   13.2   7.4   2   4       7.2   1.3e+03   -0.1   0.2   117   171   549   600   528   607 0.63 -
evm.utg1272.78                       -           1295 449139at33208        -            321      0.12   13.2   7.4   3   4      0.11        19    5.9   0.1   142   243   878   926   801   942 0.59 -
evm.utg1272.78                       -           1295 449139at33208        -            321      0.12   13.2   7.4   4   4      0.78   1.3e+02    3.1   0.0    62   127   954  1022   934  1041 0.80 -
evm.utg9313.41                       -            126 449139at33208        -            321      0.17   12.6   0.0   1   1    0.0013      0.22   12.3   0.0     4    28    89   113    86   123 0.82 -
evm.utg736.21.3.5c22f3d3             -           1101 449139at33208        -            321      0.18   12.6   0.0   1   2     0.013       2.3    8.9   0.0   100   137   253   291   233   305 0.83 -
evm.utg736.21.3.5c22f3d3             -           1101 449139at33208        -            321      0.18   12.6   0.0   2   2       3.8   6.6e+02    0.9   0.0    46    85   498   538   478   550 0.75 -
evm.utg536.47                        -            614 449139at33208        -            321      0.19   12.5   0.2   1   2       2.5   4.3e+02    1.5   0.1   201   270   352   425   283   430 0.62 -
evm.utg536.47                        -            614 449139at33208        -            321      0.19   12.5   0.2   2   2     0.023       3.9    8.2   0.0    79   170   474   565   462   581 0.80 -
evm.utg736.21.2.5c22f3d3             -           1306 449139at33208        -            321      0.26   12.1   0.0   1   2     0.016       2.8    8.7   0.0   100   137   253   291   233   305 0.83 -
evm.utg736.21.2.5c22f3d3             -           1306 449139at33208        -            321      0.26   12.1   0.0   2   2       4.7   8.1e+02    0.6   0.0    46    85   498   538   478   549 0.75 -
evm.utg736.21.1.5c22f3d3             -           1423 449139at33208        -            321      0.29   11.9   0.0   1   2     0.018         3    8.5   0.0   100   137   253   291   233   305 0.83 -
evm.utg736.21.1.5c22f3d3             -           1423 449139at33208        -            321      0.29   11.9   0.0   2   2       5.2     9e+02    0.4   0.0    46    85   498   538   478   549 0.75 -
evm.utg736.21                        -           1458 449139at33208        -            321      0.31   11.8   0.0   1   2     0.018       3.1    8.5   0.0   100   137   253   291   233   305 0.83 -
evm.utg736.21                        -           1458 449139at33208        -            321      0.31   11.8   0.0   2   2       5.3   9.2e+02    0.4   0.0    46    85   498   538   478   549 0.75 -
evm.utg564.51                        -            671 449139at33208        -            321      0.43   11.3   0.0   1   1    0.0046       0.8   10.4   0.0    76   127   224   274   212   279 0.90 -
#
# Program:         hmmsearch
# Version:         3.1b2 (February 2015)
# Pipeline mode:   SEARCH
# Query file:      /uoa/scratch/users/r02hw22/project_dark_genes/busco_downloads/lineages/metazoa_odb10/hmms/449139at33208.hmm
# Target file:     /uoa/scratch/users/r02hw22/project_dark_genes/00_raw/equina_smart.rnam-trna.merged.ggf.curated.remredun.aa.fa
# Option settings: hmmsearch --domtblout /uoa/scratch/users/r02hw22/project_dark_genes/equina_busco_proteins/run_metazoa_odb10/hmmer_output/initial_run_results/449139at33208.out --cpu 1 /uoa/scratch/users/r02hw22/project_dark_genes/busco_downloads/lineages/metazoa_odb10/hmms/449139at33208.hmm /uoa/scratch/users/r02hw22/project_dark_genes/00_raw/equina_smart.rnam-trna.merged.ggf.curated.remredun.aa.fa 
# Current dir:     /uoa/scratch/users/r02hw22/project_dark_genes
# Date:            Sat Apr 25 14:42:09 2026
# [ok]
