#                                                                                            --- full sequence --- -------------- this domain -------------   hmm coord   ali coord   env coord
# target name                        accession   tlen query name           accession   qlen   E-value  score  bias   #  of  c-Evalue  i-Evalue  score  bias  from    to  from    to  from    to  acc description of target
#                ------------------- ---------- ----- -------------------- ---------- ----- --------- ------ ----- --- --- --------- --------- ------ ----- ----- ----- ----- ----- ----- ----- ---- ---------------------
evm.utg435.1                         -            468 453052at33208        -            334  8.4e-124  414.5  14.5   1   2   6.2e-24   9.6e-22   79.0   6.8    12   102    62   174    52   182 0.82 -
evm.utg435.1                         -            468 453052at33208        -            334  8.4e-124  414.5  14.5   2   2  1.3e-102    2e-100  337.7   0.9    91   334   185   461   179   461 0.90 -
evm.utg7048.1                        -            362 453052at33208        -            334  2.8e-110  370.1   0.9   1   2   5.3e-09   8.2e-07   30.0   0.0    70   102    33    67     3    83 0.87 -
evm.utg7048.1                        -            362 453052at33208        -            334  2.8e-110  370.1   0.9   2   2  9.8e-103  1.5e-100  338.1   0.4    91   334    78   355    71   355 0.90 -
evm.utg3158.36                       -           1666 453052at33208        -            334   1.4e-54  186.9  30.3   1   8    0.0067         1    9.9   0.0   125   170   918   963   908   972 0.90 -
evm.utg3158.36                       -           1666 453052at33208        -            334   1.4e-54  186.9  30.3   2   8   5.9e-05    0.0092   16.6   0.0   103   203   928  1037   928  1040 0.86 -
evm.utg3158.36                       -           1666 453052at33208        -            334   1.4e-54  186.9  30.3   3   8   5.9e-06   0.00091   19.9   0.0   103   162  1010  1078  1010  1084 0.77 -
evm.utg3158.36                       -           1666 453052at33208        -            334   1.4e-54  186.9  30.3   4   8   3.2e-12   4.9e-10   40.5   0.3   124   203  1082  1161  1079  1167 0.90 -
evm.utg3158.36                       -           1666 453052at33208        -            334   1.4e-54  186.9  30.3   5   8   2.2e-09   3.5e-07   31.2   0.4   125   202  1124  1202  1119  1207 0.91 -
evm.utg3158.36                       -           1666 453052at33208        -            334   1.4e-54  186.9  30.3   6   8   2.8e-11   4.4e-09   37.4   1.7   124   240  1207  1332  1205  1340 0.80 -
evm.utg3158.36                       -           1666 453052at33208        -            334   1.4e-54  186.9  30.3   7   8   2.1e-15   3.3e-13   51.0   4.1   127   250  1340  1468  1336  1505 0.83 -
evm.utg3158.36                       -           1666 453052at33208        -            334   1.4e-54  186.9  30.3   8   8   2.1e-06   0.00033   21.4   0.2   123   186  1506  1569  1501  1603 0.79 -
evm.utg92.13                         -           1666 453052at33208        -            334   5.4e-53  181.8  30.6   1   8    0.0023      0.35   11.4   0.0   125   170   918   963   908   968 0.90 -
evm.utg92.13                         -           1666 453052at33208        -            334   5.4e-53  181.8  30.6   2   8   2.8e-06   0.00044   21.0   0.0   156   238   990  1075   976  1076 0.69 -
evm.utg92.13                         -           1666 453052at33208        -            334   5.4e-53  181.8  30.6   3   8   2.3e-11   3.5e-09   37.7   0.2   124   202  1082  1160  1079  1161 0.89 -
evm.utg92.13                         -           1666 453052at33208        -            334   5.4e-53  181.8  30.6   4   8   3.8e-09   5.9e-07   30.4   0.5   125   201  1124  1201  1120  1206 0.93 -
evm.utg92.13                         -           1666 453052at33208        -            334   5.4e-53  181.8  30.6   5   8   2.3e-12   3.6e-10   41.0   0.9   124   241  1207  1333  1205  1341 0.81 -
evm.utg92.13                         -           1666 453052at33208        -            334   5.4e-53  181.8  30.6   6   8     2e-13   3.1e-11   44.5   2.0   126   244  1339  1462  1336  1467 0.88 -
evm.utg92.13                         -           1666 453052at33208        -            334   5.4e-53  181.8  30.6   7   8   2.2e-07   3.5e-05   24.6   0.3   127   204  1424  1504  1420  1510 0.86 -
evm.utg92.13                         -           1666 453052at33208        -            334   5.4e-53  181.8  30.6   8   8   4.2e-06   0.00065   20.4   0.3   123   183  1506  1566  1499  1600 0.80 -
evm.utg435.72                        -           1669 453052at33208        -            334   6.5e-52  178.2  19.5   1   8   4.1e-12   6.3e-10   40.2   1.9   103   203   731   842   726   844 0.81 -
evm.utg435.72                        -           1669 453052at33208        -            334   6.5e-52  178.2  19.5   2   8   3.5e-08   5.4e-06   27.2   0.0   123   161   843   881   840   888 0.94 -
evm.utg435.72                        -           1669 453052at33208        -            334   6.5e-52  178.2  19.5   3   8   4.5e-13     7e-11   43.3   0.2   123   239   885  1006   881  1007 0.82 -
evm.utg435.72                        -           1669 453052at33208        -            334   6.5e-52  178.2  19.5   4   8   8.9e-14   1.4e-11   45.6   0.3   125   244  1013  1137  1010  1173 0.83 -
evm.utg435.72                        -           1669 453052at33208        -            334   6.5e-52  178.2  19.5   5   8     0.001      0.16   12.6   0.1   127   225  1099  1197  1094  1206 0.79 -
evm.utg435.72                        -           1669 453052at33208        -            334   6.5e-52  178.2  19.5   6   8      0.72   1.1e+02    3.2   0.0   174   237  1335  1400  1282  1456 0.64 -
evm.utg435.72                        -           1669 453052at33208        -            334   6.5e-52  178.2  19.5   7   8    0.0061      0.95   10.0   0.1   185   257  1476  1550  1413  1564 0.66 -
evm.utg435.72                        -           1669 453052at33208        -            334   6.5e-52  178.2  19.5   8   8     0.043       6.6    7.2   0.0   130   186  1592  1648  1583  1666 0.76 -
evm.utg21625.4                       -           1518 453052at33208        -            334   3.1e-35  123.4  16.7   1   7   1.2e-09   1.8e-07   32.1   0.1   127   206   892   972   887   975 0.94 -
evm.utg21625.4                       -           1518 453052at33208        -            334   3.1e-35  123.4  16.7   2   7   3.4e-10   5.2e-08   33.9   0.0   125   175   974  1024   971  1070 0.86 -
evm.utg21625.4                       -           1518 453052at33208        -            334   3.1e-35  123.4  16.7   3   7       4.6   7.1e+02    0.6   0.0   168   203  1084  1119  1077  1129 0.73 -
evm.utg21625.4                       -           1518 453052at33208        -            334   3.1e-35  123.4  16.7   4   7     2e-05    0.0031   18.2   0.0   124   161  1168  1205  1165  1209 0.92 -
evm.utg21625.4                       -           1518 453052at33208        -            334   3.1e-35  123.4  16.7   5   7    0.0014      0.21   12.1   0.2   124   201  1210  1294  1205  1310 0.79 -
evm.utg21625.4                       -           1518 453052at33208        -            334   3.1e-35  123.4  16.7   6   7   0.00033     0.051   14.2   0.1   124   204  1344  1424  1319  1430 0.84 -
evm.utg21625.4                       -           1518 453052at33208        -            334   3.1e-35  123.4  16.7   7   7   1.3e-05     0.002   18.8   0.1   125   170  1428  1473  1421  1495 0.88 -
evm.utg6078.33                       -           1331 453052at33208        -            334   3.4e-35  123.3  26.8   1   7     2e-07   3.1e-05   24.8   0.7   127   201   713   788   708   797 0.87 -
evm.utg6078.33                       -           1331 453052at33208        -            334   3.4e-35  123.3  26.8   2   7   2.8e-10   4.3e-08   34.1   1.1   125   240   795   914   791   926 0.85 -
evm.utg6078.33                       -           1331 453052at33208        -            334   3.4e-35  123.3  26.8   3   7   5.3e-06   0.00082   20.1   1.1   127   240   839   955   834   956 0.75 -
evm.utg6078.33                       -           1331 453052at33208        -            334   3.4e-35  123.3  26.8   4   7   1.3e-06    0.0002   22.1   0.5   104   194   930  1027   917  1081 0.67 -
evm.utg6078.33                       -           1331 453052at33208        -            334   3.4e-35  123.3  26.8   5   7   9.8e-11   1.5e-08   35.6   0.2   123   203  1082  1163  1051  1174 0.82 -
evm.utg6078.33                       -           1331 453052at33208        -            334   3.4e-35  123.3  26.8   6   7   2.4e-05    0.0037   17.9   0.1   139   207  1183  1252  1168  1258 0.83 -
evm.utg6078.33                       -           1331 453052at33208        -            334   3.4e-35  123.3  26.8   7   7       2.3   3.6e+02    1.5   0.0   254   307  1258  1315  1250  1318 0.77 -
evm.utg5417.27                       -           1331 453052at33208        -            334     4e-35  123.0  26.2   1   7   1.9e-07   2.9e-05   24.8   0.8   127   201   713   788   708   796 0.88 -
evm.utg5417.27                       -           1331 453052at33208        -            334     4e-35  123.0  26.2   2   7   1.5e-05    0.0024   18.6   0.0   125   160   795   830   792   835 0.92 -
evm.utg5417.27                       -           1331 453052at33208        -            334     4e-35  123.0  26.2   3   7   4.3e-06   0.00067   20.4   1.2   127   241   839   956   835   960 0.78 -
evm.utg5417.27                       -           1331 453052at33208        -            334     4e-35  123.0  26.2   4   7   6.8e-06    0.0011   19.7   0.4   104   165   930  1001   925  1014 0.79 -
evm.utg5417.27                       -           1331 453052at33208        -            334     4e-35  123.0  26.2   5   7   4.4e-10   6.8e-08   33.5   0.2   123   203  1082  1163  1051  1175 0.84 -
evm.utg5417.27                       -           1331 453052at33208        -            334     4e-35  123.0  26.2   6   7   1.9e-05    0.0029   18.3   0.1   135   207  1179  1252  1166  1259 0.83 -
evm.utg5417.27                       -           1331 453052at33208        -            334     4e-35  123.0  26.2   7   7       1.1   1.8e+02    2.5   0.1   254   307  1258  1315  1249  1318 0.77 -
evm.utg4972.23                       -            640 453052at33208        -            334     1e-33  118.4  23.2   1   4   9.2e-14   1.4e-11   45.6   2.3   125   241   340   463   337   466 0.82 -
evm.utg4972.23                       -            640 453052at33208        -            334     1e-33  118.4  23.2   2   4   5.8e-13     9e-11   43.0   1.6   124   240   381   502   379   503 0.78 -
evm.utg4972.23                       -            640 453052at33208        -            334     1e-33  118.4  23.2   3   4   2.9e-13   4.5e-11   43.9   0.6   127   240   470   589   466   590 0.82 -
evm.utg4972.23                       -            640 453052at33208        -            334     1e-33  118.4  23.2   4   4   3.9e-07   6.1e-05   23.8   0.2   130   205   560   632   550   638 0.83 -
evm.utg6220.15                       -            692 453052at33208        -            334   1.6e-33  117.8  14.5   1   6   4.7e-09   7.3e-07   30.1   0.3   124   208    61   146    48   148 0.83 -
evm.utg6220.15                       -            692 453052at33208        -            334   1.6e-33  117.8  14.5   2   6   7.7e-12   1.2e-09   39.3   0.3   125   204   146   226   144   233 0.91 -
evm.utg6220.15                       -            692 453052at33208        -            334   1.6e-33  117.8  14.5   3   6       8.2   1.3e+03   -0.3   0.0   175   207   281   313   277   353 0.81 -
evm.utg6220.15                       -            692 453052at33208        -            334   1.6e-33  117.8  14.5   4   6     2e-06   0.00032   21.5   0.0   174   286   418   530   402   536 0.76 -
evm.utg6220.15                       -            692 453052at33208        -            334   1.6e-33  117.8  14.5   5   6   0.00028     0.044   14.4   0.0   133   201   554   623   544   626 0.75 -
evm.utg6220.15                       -            692 453052at33208        -            334   1.6e-33  117.8  14.5   6   6   3.1e-05    0.0048   17.6   0.0   127   165   632   670   623   679 0.86 -
evm.utg6220.15.1.5c22f2e5            -            692 453052at33208        -            334   1.6e-33  117.8  14.5   1   6   4.7e-09   7.3e-07   30.1   0.3   124   208    61   146    48   148 0.83 -
evm.utg6220.15.1.5c22f2e5            -            692 453052at33208        -            334   1.6e-33  117.8  14.5   2   6   7.7e-12   1.2e-09   39.3   0.3   125   204   146   226   144   233 0.91 -
evm.utg6220.15.1.5c22f2e5            -            692 453052at33208        -            334   1.6e-33  117.8  14.5   3   6       8.2   1.3e+03   -0.3   0.0   175   207   281   313   277   353 0.81 -
evm.utg6220.15.1.5c22f2e5            -            692 453052at33208        -            334   1.6e-33  117.8  14.5   4   6     2e-06   0.00032   21.5   0.0   174   286   418   530   402   536 0.76 -
evm.utg6220.15.1.5c22f2e5            -            692 453052at33208        -            334   1.6e-33  117.8  14.5   5   6   0.00028     0.044   14.4   0.0   133   201   554   623   544   626 0.75 -
evm.utg6220.15.1.5c22f2e5            -            692 453052at33208        -            334   1.6e-33  117.8  14.5   6   6   3.1e-05    0.0048   17.6   0.0   127   165   632   670   623   679 0.86 -
evm.utg2757.76                       -            410 453052at33208        -            334   6.6e-33  115.7  11.4   1   5    0.0044      0.68   10.5   0.1   127   162   101   136    97   141 0.91 -
evm.utg2757.76                       -            410 453052at33208        -            334   6.6e-33  115.7  11.4   2   5   3.2e-09     5e-07   30.7   0.1   126   174   142   190   139   191 0.96 -
evm.utg2757.76                       -            410 453052at33208        -            334   6.6e-33  115.7  11.4   3   5   1.1e-13   1.7e-11   45.3   0.2   122   205   180   264   177   282 0.90 -
evm.utg2757.76                       -            410 453052at33208        -            334   6.6e-33  115.7  11.4   4   5    0.0019       0.3   11.7   0.1   147   174   310   337   307   338 0.94 -
evm.utg2757.76                       -            410 453052at33208        -            334   6.6e-33  115.7  11.4   5   5   2.8e-11   4.3e-09   37.4   0.1   125   201   330   407   328   409 0.94 -
evm.utg18125.5                       -            949 453052at33208        -            334   8.1e-33  115.4  40.8   1   6   6.7e-06     0.001   19.7   1.2   100   179   274   364   235   366 0.76 -
evm.utg18125.5                       -            949 453052at33208        -            334   8.1e-33  115.4  40.8   2   6   3.1e-08   4.9e-06   27.4   1.7   126   205   353   435   350   503 0.85 -
evm.utg18125.5                       -            949 453052at33208        -            334   8.1e-33  115.4  40.8   3   6   2.2e-05    0.0034   18.0   0.1   108   203   529   625   517   631 0.86 -
evm.utg18125.5                       -            949 453052at33208        -            334   8.1e-33  115.4  40.8   4   6   6.3e-06   0.00098   19.8   0.6   125   203   633   722   627   726 0.74 -
evm.utg18125.5                       -            949 453052at33208        -            334   8.1e-33  115.4  40.8   5   6   4.6e-08   7.1e-06   26.9   0.1   129   203   689   764   674   769 0.88 -
evm.utg18125.5                       -            949 453052at33208        -            334   8.1e-33  115.4  40.8   6   6   2.9e-12   4.6e-10   40.6   0.5   124   207   768   853   766   871 0.87 -
evm.utg4155.23                       -            416 453052at33208        -            334   2.9e-32  113.6   1.1   1   4   1.5e-07   2.3e-05   25.2   0.0   124   201    84   163    59   168 0.85 -
evm.utg4155.23                       -            416 453052at33208        -            334   2.9e-32  113.6   1.1   2   4   9.2e-10   1.4e-07   32.4   0.1   125   201   170   247   165   253 0.93 -
evm.utg4155.23                       -            416 453052at33208        -            334   2.9e-32  113.6   1.1   3   4   1.6e-07   2.6e-05   25.0   0.0   125   203   254   333   250   338 0.88 -
evm.utg4155.23                       -            416 453052at33208        -            334   2.9e-32  113.6   1.1   4   4     3e-08   4.7e-06   27.5   0.0   123   201   336   415   329   415 0.92 -
evm.utg498.66                        -            670 453052at33208        -            334   1.5e-31  111.3   5.6   1   3   9.3e-12   1.4e-09   39.0   0.1   122   203   390   469   386   474 0.89 -
evm.utg498.66                        -            670 453052at33208        -            334   1.5e-31  111.3   5.6   2   3     1e-07   1.5e-05   25.8   0.6   122   244   471   590   467   592 0.77 -
evm.utg498.66                        -            670 453052at33208        -            334   1.5e-31  111.3   5.6   3   3   2.9e-15   4.5e-13   50.5   0.1   119   201   581   669   580   669 0.86 -
evm.utg1221.16                       -            416 453052at33208        -            334   5.8e-31  109.3   1.8   1   4   1.4e-07   2.2e-05   25.2   0.0   124   201    84   163    58   168 0.85 -
evm.utg1221.16                       -            416 453052at33208        -            334   5.8e-31  109.3   1.8   2   4     1e-08   1.6e-06   29.0   0.2   125   201   170   247   165   251 0.93 -
evm.utg1221.16                       -            416 453052at33208        -            334   5.8e-31  109.3   1.8   3   4   1.9e-07   2.9e-05   24.9   0.0   125   203   254   333   249   338 0.88 -
evm.utg1221.16                       -            416 453052at33208        -            334   5.8e-31  109.3   1.8   4   4   3.8e-08   5.9e-06   27.1   0.0   124   201   337   415   331   415 0.93 -
evm.utg389.12                        -            914 453052at33208        -            334   1.4e-30  108.0  46.8   1   7   2.4e-07   3.8e-05   24.5   2.4   100   201    63   178    18   179 0.76 -
evm.utg389.12                        -            914 453052at33208        -            334   1.4e-30  108.0  46.8   2   7   1.6e-07   2.5e-05   25.1   2.4   126   203   142   222   140   226 0.88 -
evm.utg389.12                        -            914 453052at33208        -            334   1.4e-30  108.0  46.8   3   7   1.8e-05    0.0029   18.3   0.1   108   203   318   414   296   422 0.87 -
evm.utg389.12                        -            914 453052at33208        -            334   1.4e-30  108.0  46.8   4   7   3.5e-09   5.5e-07   30.5   1.1   119   206   367   463   333   477 0.77 -
evm.utg389.12                        -            914 453052at33208        -            334   1.4e-30  108.0  46.8   5   7     1e-05    0.0016   19.2   0.7   125   203   422   511   417   516 0.73 -
evm.utg389.12                        -            914 453052at33208        -            334   1.4e-30  108.0  46.8   6   7   7.3e-08   1.1e-05   26.2   0.1   129   203   478   553   464   557 0.89 -
evm.utg389.12                        -            914 453052at33208        -            334   1.4e-30  108.0  46.8   7   7   1.1e-10   1.7e-08   35.5   0.7   124   206   557   641   555   658 0.84 -
evm.utg1337.6                        -            914 453052at33208        -            334   2.2e-30  107.4  21.6   1   4     1e-12   1.6e-10   42.1   1.8   125   241   614   737   608   743 0.83 -
evm.utg1337.6                        -            914 453052at33208        -            334   2.2e-30  107.4  21.6   2   4   2.1e-12   3.3e-10   41.1   1.2   125   240   656   776   653   778 0.79 -
evm.utg1337.6                        -            914 453052at33208        -            334   2.2e-30  107.4  21.6   3   4     5e-12   7.7e-10   39.9   0.5   127   239   744   862   740   862 0.82 -
evm.utg1337.6                        -            914 453052at33208        -            334   2.2e-30  107.4  21.6   4   4   6.4e-07   9.9e-05   23.1   0.2   130   205   834   906   824   912 0.83 -
evm.utg389.12.1.5c22f032             -            817 453052at33208        -            334   6.3e-30  105.9  43.8   1   7   0.00012     0.019   15.6   0.3   131   179     8    56     3    60 0.92 -
evm.utg389.12.1.5c22f032             -            817 453052at33208        -            334   6.3e-30  105.9  43.8   2   7   1.6e-07   2.5e-05   25.1   2.7   126   203    45   125    42   129 0.88 -
evm.utg389.12.1.5c22f032             -            817 453052at33208        -            334   6.3e-30  105.9  43.8   3   7   1.8e-05    0.0027   18.4   0.1   108   203   221   317   202   322 0.87 -
evm.utg389.12.1.5c22f032             -            817 453052at33208        -            334   6.3e-30  105.9  43.8   4   7   3.2e-09   4.9e-07   30.7   1.0   119   205   270   365   246   379 0.77 -
evm.utg389.12.1.5c22f032             -            817 453052at33208        -            334   6.3e-30  105.9  43.8   5   7   1.5e-05    0.0023   18.6   1.1   124   202   324   413   317   415 0.73 -
evm.utg389.12.1.5c22f032             -            817 453052at33208        -            334   6.3e-30  105.9  43.8   6   7   5.7e-08   8.9e-06   26.5   0.1   129   203   381   456   366   461 0.88 -
evm.utg389.12.1.5c22f032             -            817 453052at33208        -            334   6.3e-30  105.9  43.8   7   7   9.2e-11   1.4e-08   35.7   0.7   124   205   460   543   455   558 0.85 -
evm.utg101.178                       -            403 453052at33208        -            334   6.5e-30  105.9   8.9   1   5    0.0044      0.68   10.5   0.1   127   162   101   136    97   140 0.91 -
evm.utg101.178                       -            403 453052at33208        -            334   6.5e-30  105.9   8.9   2   5   4.6e-09   7.2e-07   30.1   0.1   126   173   142   189   138   190 0.96 -
evm.utg101.178                       -            403 453052at33208        -            334   6.5e-30  105.9   8.9   3   5   1.1e-13   1.7e-11   45.3   0.1   122   205   180   264   178   286 0.90 -
evm.utg101.178                       -            403 453052at33208        -            334   6.5e-30  105.9   8.9   4   5    0.0017      0.26   11.9   0.2   147   175   310   338   307   339 0.93 -
evm.utg101.178                       -            403 453052at33208        -            334   6.5e-30  105.9   8.9   5   5   1.8e-07   2.8e-05   24.9   0.0   125   177   330   382   327   393 0.90 -
evm.utg17809.13                      -            456 453052at33208        -            334   1.7e-29  104.5   5.7   1   4   8.5e-07   0.00013   22.7   0.0   124   201    97   175    89   183 0.90 -
evm.utg17809.13                      -            456 453052at33208        -            334   1.7e-29  104.5   5.7   2   4   2.6e-05    0.0041   17.8   0.2   125   201   140   223   135   226 0.80 -
evm.utg17809.13                      -            456 453052at33208        -            334   1.7e-29  104.5   5.7   3   4   1.2e-09   1.9e-07   32.0   0.1   122   240   227   346   223   354 0.80 -
evm.utg17809.13                      -            456 453052at33208        -            334   1.7e-29  104.5   5.7   4   4   2.5e-12   3.8e-10   40.9   0.1   124   206   352   435   348   448 0.89 -
evm.utg1056.106                      -            351 453052at33208        -            334   4.1e-29  103.2   2.6   1   4     2e-05    0.0031   18.2   0.0   123   160    52    89    43    96 0.91 -
evm.utg1056.106                      -            351 453052at33208        -            334   4.1e-29  103.2   2.6   2   4   1.8e-12   2.8e-10   41.3   0.2   126   204    97   176    94   180 0.92 -
evm.utg1056.106                      -            351 453052at33208        -            334   4.1e-29  103.2   2.6   3   4   7.6e-05     0.012   16.3   0.0   124   201   179   258   174   263 0.90 -
evm.utg1056.106                      -            351 453052at33208        -            334   4.1e-29  103.2   2.6   4   4     2e-07   3.1e-05   24.8   0.1   124   201   264   347   262   350 0.83 -
evm.utg1056.106.1.5c22e841           -            351 453052at33208        -            334   4.1e-29  103.2   2.6   1   4     2e-05    0.0031   18.2   0.0   123   160    52    89    43    96 0.91 -
evm.utg1056.106.1.5c22e841           -            351 453052at33208        -            334   4.1e-29  103.2   2.6   2   4   1.8e-12   2.8e-10   41.3   0.2   126   204    97   176    94   180 0.92 -
evm.utg1056.106.1.5c22e841           -            351 453052at33208        -            334   4.1e-29  103.2   2.6   3   4   7.6e-05     0.012   16.3   0.0   124   201   179   258   174   263 0.90 -
evm.utg1056.106.1.5c22e841           -            351 453052at33208        -            334   4.1e-29  103.2   2.6   4   4     2e-07   3.1e-05   24.8   0.1   124   201   264   347   262   350 0.83 -
evm.utg6220.15.2.5c22f2e5            -            663 453052at33208        -            334   5.6e-29  102.8  13.0   1   5   4.4e-09   6.9e-07   30.2   0.3   124   208    61   146    48   148 0.83 -
evm.utg6220.15.2.5c22f2e5            -            663 453052at33208        -            334   5.6e-29  102.8  13.0   2   5   7.2e-12   1.1e-09   39.4   0.3   125   204   146   226   144   233 0.91 -
evm.utg6220.15.2.5c22f2e5            -            663 453052at33208        -            334   5.6e-29  102.8  13.0   3   5       7.6   1.2e+03   -0.2   0.0   175   207   281   313   277   354 0.80 -
evm.utg6220.15.2.5c22f2e5            -            663 453052at33208        -            334   5.6e-29  102.8  13.0   4   5   2.1e-06   0.00033   21.4   0.0   174   286   418   530   404   535 0.76 -
evm.utg6220.15.2.5c22f2e5            -            663 453052at33208        -            334   5.6e-29  102.8  13.0   5   5   6.2e-05    0.0097   16.6   0.1   126   175   589   638   544   653 0.61 -
evm.utg777.49                        -            667 453052at33208        -            334   2.9e-28  100.5   1.3   1   3   0.00011     0.018   15.7   0.0   126   162   408   444   403   449 0.91 -
evm.utg777.49                        -            667 453052at33208        -            334   2.9e-28  100.5   1.3   2   3   3.1e-10   4.8e-08   34.0   0.2   122   202   446   527   443   528 0.91 -
evm.utg777.49                        -            667 453052at33208        -            334   2.9e-28  100.5   1.3   3   3   2.3e-12   3.5e-10   41.0   0.0   124   202   532   611   527   616 0.90 -
evm.utg72.22                         -            454 453052at33208        -            334     3e-28  100.4   3.0   1   5   2.4e-06   0.00037   21.2   0.0   124   201    97   175    90   182 0.89 -
evm.utg72.22                         -            454 453052at33208        -            334     3e-28  100.4   3.0   2   5   0.00044     0.069   13.8   0.3   103   160   150   223   146   233 0.76 -
evm.utg72.22                         -            454 453052at33208        -            334     3e-28  100.4   3.0   3   5   0.00014     0.022   15.4   0.0   150   240   234   326   226   333 0.80 -
evm.utg72.22                         -            454 453052at33208        -            334     3e-28  100.4   3.0   4   5   9.7e-07   0.00015   22.5   0.0   124   175   332   383   328   385 0.94 -
evm.utg72.22                         -            454 453052at33208        -            334     3e-28  100.4   3.0   5   5   1.8e-10   2.8e-08   34.7   0.1   125   201   375   452   373   453 0.95 -
evm.utg10470.3                       -            667 453052at33208        -            334   4.9e-28   99.7   1.1   1   4   0.00012     0.019   15.6   0.0   126   161   408   443   403   448 0.92 -
evm.utg10470.3                       -            667 453052at33208        -            334   4.9e-28   99.7   1.1   2   4   1.8e-05    0.0027   18.4   0.1   122   163   446   487   443   489 0.92 -
evm.utg10470.3                       -            667 453052at33208        -            334   4.9e-28   99.7   1.1   3   4   2.9e-06   0.00045   21.0   0.0   123   163   489   529   487   535 0.92 -
evm.utg10470.3                       -            667 453052at33208        -            334   4.9e-28   99.7   1.1   4   4   6.5e-12     1e-09   39.5   0.0   124   202   532   611   527   616 0.90 -
evm.utg1221.16.1.5c22e95a            -            415 453052at33208        -            334   9.3e-28   98.8   1.3   1   4   1.4e-07   2.1e-05   25.3   0.0   124   201    84   163    59   170 0.85 -
evm.utg1221.16.1.5c22e95a            -            415 453052at33208        -            334   9.3e-28   98.8   1.3   2   4   9.9e-09   1.5e-06   29.1   0.2   125   201   170   247   167   254 0.93 -
evm.utg1221.16.1.5c22e95a            -            415 453052at33208        -            334   9.3e-28   98.8   1.3   3   4   1.9e-07     3e-05   24.8   0.0   125   203   254   333   250   338 0.88 -
evm.utg1221.16.1.5c22e95a            -            415 453052at33208        -            334   9.3e-28   98.8   1.3   4   4   6.9e-05     0.011   16.4   0.0   123   175   336   388   318   405 0.85 -
evm.utg6459.21                       -            392 453052at33208        -            334   1.3e-27   98.3   8.6   1   5   1.2e-08   1.8e-06   28.8   0.1   125   203    33   112    28   123 0.91 -
evm.utg6459.21                       -            392 453052at33208        -            334   1.3e-27   98.3   8.6   2   5   6.6e-06     0.001   19.8   0.1   101   161   124   195   115   200 0.86 -
evm.utg6459.21                       -            392 453052at33208        -            334   1.3e-27   98.3   8.6   3   5   0.00043     0.067   13.8   0.0   127   166   208   247   201   250 0.91 -
evm.utg6459.21                       -            392 453052at33208        -            334   1.3e-27   98.3   8.6   4   5     5e-10   7.8e-08   33.3   0.4   125   202   253   331   244   331 0.88 -
evm.utg6459.21                       -            392 453052at33208        -            334   1.3e-27   98.3   8.6   5   5   6.6e-06     0.001   19.8   0.1   127   179   297   349   292   359 0.85 -
evm.utg788.96                        -            437 453052at33208        -            334   1.6e-27   98.1   9.0   1   5   3.6e-06   0.00056   20.6   0.3   109   159    12    62     2    68 0.84 -
evm.utg788.96                        -            437 453052at33208        -            334   1.6e-27   98.1   9.0   2   5   4.2e-06   0.00065   20.4   0.4   126   175    71   120    65   125 0.91 -
evm.utg788.96                        -            437 453052at33208        -            334   1.6e-27   98.1   9.0   3   5   2.4e-09   3.7e-07   31.1   0.0   126   205   113   193   110   198 0.90 -
evm.utg788.96                        -            437 453052at33208        -            334   1.6e-27   98.1   9.0   4   5   1.2e-09   1.9e-07   32.1   0.1   121   202   192   274   190   278 0.92 -
evm.utg788.96                        -            437 453052at33208        -            334   1.6e-27   98.1   9.0   5   5   4.5e-05    0.0069   17.0   0.0   125   175   238   290   235   293 0.91 -
evm.utg616.9                         -            671 453052at33208        -            334   3.6e-27   96.9  11.0   1   3    0.0013      0.21   12.2   0.0   124   174   336   385   333   394 0.83 -
evm.utg616.9                         -            671 453052at33208        -            334   3.6e-27   96.9  11.0   2   3   4.5e-12   7.1e-10   40.0   0.4   147   239   398   491   387   496 0.82 -
evm.utg616.9                         -            671 453052at33208        -            334   3.6e-27   96.9  11.0   3   3   4.2e-13   6.5e-11   43.4   2.8   124   239   497   614   493   615 0.81 -
evm.utg9141.14                       -            390 453052at33208        -            334   3.8e-27   96.8   9.4   1   4   6.4e-09     1e-06   29.7   0.2   125   210    31   116    25   120 0.90 -
evm.utg9141.14                       -            390 453052at33208        -            334   3.8e-27   96.8   9.4   2   4   1.3e-08     2e-06   28.7   0.4   101   202   122   240   114   241 0.80 -
evm.utg9141.14                       -            390 453052at33208        -            334   3.8e-27   96.8   9.4   3   4     1e-10   1.6e-08   35.6   0.5   125   204   251   331   242   335 0.87 -
evm.utg9141.14                       -            390 453052at33208        -            334   3.8e-27   96.8   9.4   4   4   6.1e-06   0.00094   19.9   0.1   127   179   295   347   289   357 0.85 -
evm.utg577.102                       -            912 453052at33208        -            334   4.2e-27   96.7   5.6   1   3   1.7e-08   2.7e-06   28.3   0.2   116   204   598   683   591   687 0.88 -
evm.utg577.102                       -            912 453052at33208        -            334   4.2e-27   96.7   5.6   2   3   4.4e-16   6.9e-14   53.2   2.4   122   284   684   844   681   848 0.81 -
evm.utg577.102                       -            912 453052at33208        -            334   4.2e-27   96.7   5.6   3   3   0.00016     0.025   15.2   0.0   124   162   848   884   843   887 0.91 -
evm.utg1363.31                       -            612 453052at33208        -            334   4.4e-27   96.6   7.8   1   4   7.8e-06    0.0012   19.5   0.1    99   209    48   179    20   214 0.49 -
evm.utg1363.31                       -            612 453052at33208        -            334   4.4e-27   96.6   7.8   2   4   0.00049     0.076   13.6   0.2   136   312   147   343   142   356 0.73 -
evm.utg1363.31                       -            612 453052at33208        -            334   4.4e-27   96.6   7.8   3   4   4.5e-05    0.0069   17.0   0.0   194   283   343   436   336   444 0.79 -
evm.utg1363.31                       -            612 453052at33208        -            334   4.4e-27   96.6   7.8   4   4   6.1e-16   9.5e-14   52.8   0.6   125   284   447   610   443   611 0.83 -
evm.utg1221.16.2.5c22e95a            -            399 453052at33208        -            334   5.1e-27   96.4   2.0   1   4   1.4e-07   2.1e-05   25.3   0.0   124   201    84   163    59   168 0.85 -
evm.utg1221.16.2.5c22e95a            -            399 453052at33208        -            334   5.1e-27   96.4   2.0   2   4   9.7e-09   1.5e-06   29.1   0.2   125   201   170   247   167   253 0.93 -
evm.utg1221.16.2.5c22e95a            -            399 453052at33208        -            334   5.1e-27   96.4   2.0   3   4   1.8e-07   2.8e-05   24.9   0.0   125   203   254   333   250   338 0.88 -
evm.utg1221.16.2.5c22e95a            -            399 453052at33208        -            334   5.1e-27   96.4   2.0   4   4   0.00034     0.053   14.1   0.0   124   160   337   373   330   378 0.93 -
evm.utg7.52                          -            496 453052at33208        -            334   5.6e-27   96.2   8.8   1   3   2.3e-10   3.5e-08   34.4   1.5   140   241   202   304   184   314 0.79 -
evm.utg7.52                          -            496 453052at33208        -            334   5.6e-27   96.2   8.8   2   3   1.2e-18   1.9e-16   61.6   0.3   127   241   314   427   309   430 0.85 -
evm.utg7.52                          -            496 453052at33208        -            334   5.6e-27   96.2   8.8   3   3      0.67     1e+02    3.3   0.0   125   161   441   475   439   481 0.82 -
evm.utg2757.69                       -            710 453052at33208        -            334     8e-26   92.4  10.5   1   4    0.0063      0.97   10.0   0.1   127   163   427   463   423   468 0.91 -
evm.utg2757.69                       -            710 453052at33208        -            334     8e-26   92.4  10.5   2   4   2.4e-13   3.7e-11   44.3   0.4   120   205   478   564   462   585 0.87 -
evm.utg2757.69                       -            710 453052at33208        -            334     8e-26   92.4  10.5   3   4    0.0029      0.44   11.1   0.2   147   175   610   638   608   640 0.93 -
evm.utg2757.69                       -            710 453052at33208        -            334     8e-26   92.4  10.5   4   4   2.3e-11   3.6e-09   37.7   1.0   118   201   618   707   616   709 0.89 -
evm.utg2483.3                        -            367 453052at33208        -            334   1.1e-25   91.9   1.1   1   4    0.0015      0.23   12.1   0.1   122   164   137   179   136   188 0.87 -
evm.utg2483.3                        -            367 453052at33208        -            334   1.1e-25   91.9   1.1   2   4   1.9e-05     0.003   18.2   0.0   127   165   184   222   180   226 0.91 -
evm.utg2483.3                        -            367 453052at33208        -            334   1.1e-25   91.9   1.1   3   4   8.6e-12   1.3e-09   39.1   0.4   125   203   224   303   221   309 0.92 -
evm.utg2483.3                        -            367 453052at33208        -            334   1.1e-25   91.9   1.1   4   4   7.6e-06    0.0012   19.6   0.0   126   178   309   360   305   364 0.93 -
evm.utg2483.3.1.5c22edbc             -            367 453052at33208        -            334   1.1e-25   91.9   1.1   1   4    0.0015      0.23   12.1   0.1   122   164   137   179   136   188 0.87 -
evm.utg2483.3.1.5c22edbc             -            367 453052at33208        -            334   1.1e-25   91.9   1.1   2   4   1.9e-05     0.003   18.2   0.0   127   165   184   222   180   226 0.91 -
evm.utg2483.3.1.5c22edbc             -            367 453052at33208        -            334   1.1e-25   91.9   1.1   3   4   8.6e-12   1.3e-09   39.1   0.4   125   203   224   303   221   309 0.92 -
evm.utg2483.3.1.5c22edbc             -            367 453052at33208        -            334   1.1e-25   91.9   1.1   4   4   7.6e-06    0.0012   19.6   0.0   126   178   309   360   305   364 0.93 -
evm.utg21228.28                      -            351 453052at33208        -            334   1.2e-24   88.6   0.2   1   5     0.084        13    6.3   0.0   123   163    49    89    44    92 0.91 -
evm.utg21228.28                      -            351 453052at33208        -            334   1.2e-24   88.6   0.2   2   5   3.8e-13   5.9e-11   43.6   0.6   125   242    94   216    91   218 0.87 -
evm.utg21228.28                      -            351 453052at33208        -            334   1.2e-24   88.6   0.2   3   5   2.5e-09   3.9e-07   31.0   0.1   128   202   182   256   176   257 0.85 -
evm.utg21228.28                      -            351 453052at33208        -            334   1.2e-24   88.6   0.2   4   5   8.6e-06    0.0013   19.4   0.0   124   168   219   263   216   269 0.91 -
evm.utg21228.28                      -            351 453052at33208        -            334   1.2e-24   88.6   0.2   5   5     0.011       1.7    9.2   0.0   148   197   293   343   286   348 0.88 -
evm.utg12655.28                      -            300 453052at33208        -            334   1.3e-24   88.5   0.3   1   5      0.42        66    4.0   0.0   128   163     3    38     1    41 0.89 -
evm.utg12655.28                      -            300 453052at33208        -            334   1.3e-24   88.5   0.3   2   5   1.8e-13   2.8e-11   44.6   0.6   125   242    43   165    37   165 0.88 -
evm.utg12655.28                      -            300 453052at33208        -            334   1.3e-24   88.5   0.3   3   5   1.5e-09   2.3e-07   31.8   0.1   128   202   131   205   125   207 0.85 -
evm.utg12655.28                      -            300 453052at33208        -            334   1.3e-24   88.5   0.3   4   5   7.1e-06    0.0011   19.7   0.0   124   168   168   212   166   218 0.91 -
evm.utg12655.28                      -            300 453052at33208        -            334   1.3e-24   88.5   0.3   5   5    0.0079       1.2    9.7   0.0   148   197   242   292   234   298 0.88 -
evm.utg564.26                        -            598 453052at33208        -            334   2.8e-24   87.4   0.1   1   3       0.9   1.4e+02    2.9   0.0   215   248   279   313   271   337 0.72 -
evm.utg564.26                        -            598 453052at33208        -            334   2.8e-24   87.4   0.1   2   3   2.1e-11   3.3e-09   37.8   0.0   129   238   348   462   342   463 0.86 -
evm.utg564.26                        -            598 453052at33208        -            334   2.8e-24   87.4   0.1   3   3   2.8e-11   4.3e-09   37.4   0.0   123   209   468   555   464   565 0.85 -
evm.utg496.26                        -            504 453052at33208        -            334     4e-24   86.9   2.5   1   4       1.1   1.7e+02    2.6   0.0   251   286   152   187   142   202 0.62 -
evm.utg496.26                        -            504 453052at33208        -            334     4e-24   86.9   2.5   2   4   1.3e-05    0.0021   18.8   0.1   103   202   216   324   206   324 0.66 -
evm.utg496.26                        -            504 453052at33208        -            334     4e-24   86.9   2.5   3   4   1.1e-11   1.7e-09   38.8   0.2    98   203   302   418   285   422 0.82 -
evm.utg496.26                        -            504 453052at33208        -            334     4e-24   86.9   2.5   4   4   3.2e-08     5e-06   27.4   0.1   124   181   422   479   421   498 0.92 -
evm.utg343339.3                      -            504 453052at33208        -            334     4e-24   86.8   2.5   1   4       1.1   1.7e+02    2.6   0.0   251   286   152   187   142   202 0.62 -
evm.utg343339.3                      -            504 453052at33208        -            334     4e-24   86.8   2.5   2   4   1.3e-05    0.0021   18.8   0.1   103   202   216   324   206   324 0.66 -
evm.utg343339.3                      -            504 453052at33208        -            334     4e-24   86.8   2.5   3   4   1.1e-11   1.7e-09   38.8   0.2    98   203   302   418   285   422 0.82 -
evm.utg343339.3                      -            504 453052at33208        -            334     4e-24   86.8   2.5   4   4   3.2e-08     5e-06   27.4   0.1   124   181   422   479   421   498 0.92 -
evm.utg109.41                        -            598 453052at33208        -            334   4.9e-24   86.6   0.1   1   4      0.37        58    4.1   0.0   135   196   279   339   268   341 0.59 -
evm.utg109.41                        -            598 453052at33208        -            334   4.9e-24   86.6   0.1   2   4   1.5e-08   2.3e-06   28.5   0.0   129   203   348   423   343   426 0.92 -
evm.utg109.41                        -            598 453052at33208        -            334   4.9e-24   86.6   0.1   3   4   0.00067       0.1   13.2   0.0   124   163   427   466   424   471 0.92 -
evm.utg109.41                        -            598 453052at33208        -            334   4.9e-24   86.6   0.1   4   4   7.4e-11   1.2e-08   36.0   0.0   123   207   468   553   464   565 0.86 -
evm.utg4972.23.1.5c22f18a            -            555 453052at33208        -            334     2e-23   84.6   5.6   1   2   7.4e-14   1.1e-11   45.9   2.4   125   241   340   463   337   467 0.82 -
evm.utg4972.23.1.5c22f18a            -            555 453052at33208        -            334     2e-23   84.6   5.6   2   2     1e-11   1.6e-09   38.9   0.1   127   203   470   545   465   549 0.88 -
evm.utg2159.31.4.5c22ed19.1.5c2791f0 -           1007 453052at33208        -            334   3.4e-23   83.8   7.2   1   4      0.09        14    6.2   0.1   126   160   412   444   409   449 0.85 -
evm.utg2159.31.4.5c22ed19.1.5c2791f0 -           1007 453052at33208        -            334   3.4e-23   83.8   7.2   2   4   1.1e-09   1.7e-07   32.2   0.1   125   208   451   532   448   533 0.85 -
evm.utg2159.31.4.5c22ed19.1.5c2791f0 -           1007 453052at33208        -            334   3.4e-23   83.8   7.2   3   4   2.1e-10   3.3e-08   34.5   0.3   130   239   497   609   491   611 0.78 -
evm.utg2159.31.4.5c22ed19.1.5c2791f0 -           1007 453052at33208        -            334   3.4e-23   83.8   7.2   4   4   7.3e-08   1.1e-05   26.2   0.2   107   204   589   701   586   722 0.69 -
evm.utg3260.7                        -            375 453052at33208        -            334   3.5e-23   83.8   8.1   1   5   1.7e-08   2.7e-06   28.2   0.1   125   203    23   100    21   104 0.92 -
evm.utg3260.7                        -            375 453052at33208        -            334   3.5e-23   83.8   8.1   2   5   9.8e-05     0.015   15.9   0.3   125   204   105   196   101   201 0.73 -
evm.utg3260.7                        -            375 453052at33208        -            334   3.5e-23   83.8   8.1   3   5   0.00011     0.017   15.7   0.0   109   161   184   236   143   238 0.65 -
evm.utg3260.7                        -            375 453052at33208        -            334   3.5e-23   83.8   8.1   4   5   6.5e-09     1e-06   29.6   0.1   109   234   184   310   179   318 0.81 -
evm.utg3260.7                        -            375 453052at33208        -            334   3.5e-23   83.8   8.1   5   5    0.0013       0.2   12.2   0.1   126   162   323   357   320   363 0.86 -
evm.utg1748.16                       -            702 453052at33208        -            334   4.8e-23   83.3   6.9   1   3    0.0052       0.8   10.3   0.0   126   174   412   458   409   459 0.88 -
evm.utg1748.16                       -            702 453052at33208        -            334   4.8e-23   83.3   6.9   2   3     4e-16   6.2e-14   53.4   1.3   125   283   451   610   448   612 0.84 -
evm.utg1748.16                       -            702 453052at33208        -            334   4.8e-23   83.3   6.9   3   3   8.1e-08   1.3e-05   26.1   0.3   107   201   589   698   583   701 0.69 -
evm.utg2159.31.4.5c22ed19            -           1335 453052at33208        -            334   1.3e-22   81.9   7.1   1   4      0.13        20    5.7   0.1   126   160   412   444   409   448 0.85 -
evm.utg2159.31.4.5c22ed19            -           1335 453052at33208        -            334   1.3e-22   81.9   7.1   2   4   1.6e-09   2.4e-07   31.7   0.1   125   208   451   532   447   533 0.85 -
evm.utg2159.31.4.5c22ed19            -           1335 453052at33208        -            334   1.3e-22   81.9   7.1   3   4   2.8e-10   4.3e-08   34.2   0.2   130   240   497   610   493   613 0.79 -
evm.utg2159.31.4.5c22ed19            -           1335 453052at33208        -            334   1.3e-22   81.9   7.1   4   4   8.7e-08   1.4e-05   25.9   0.2   107   204   589   701   583   722 0.68 -
evm.utg1290.9                        -            598 453052at33208        -            334   1.4e-22   81.8   8.1   1   3   3.9e-07     6e-05   23.8   0.0   121   163   308   348   304   352 0.91 -
evm.utg1290.9                        -            598 453052at33208        -            334   1.4e-22   81.8   8.1   2   3   0.00044     0.069   13.8   2.0    72   204   359   513   350   517 0.73 -
evm.utg1290.9                        -            598 453052at33208        -            334   1.4e-22   81.8   8.1   3   3   1.3e-13     2e-11   45.1   0.3   117   201   509   592   486   596 0.87 -
evm.utg2159.31.3.5c22ed19            -           1403 453052at33208        -            334   1.8e-22   81.4   7.3   1   4     0.005      0.77   10.3   0.1   126   174   412   458   409   459 0.88 -
evm.utg2159.31.3.5c22ed19            -           1403 453052at33208        -            334   1.8e-22   81.4   7.3   2   4   1.7e-09   2.6e-07   31.6   0.1   125   208   451   532   447   533 0.85 -
evm.utg2159.31.3.5c22ed19            -           1403 453052at33208        -            334   1.8e-22   81.4   7.3   3   4   2.7e-10   4.1e-08   34.2   0.2   130   240   497   610   493   616 0.79 -
evm.utg2159.31.3.5c22ed19            -           1403 453052at33208        -            334   1.8e-22   81.4   7.3   4   4   9.2e-08   1.4e-05   25.9   0.2   107   204   589   701   582   722 0.68 -
evm.utg2159.31.2.5c22ed19            -           1510 453052at33208        -            334   2.5e-22   81.0   7.3   1   4    0.0054      0.84   10.2   0.1   126   174   412   458   409   459 0.88 -
evm.utg2159.31.2.5c22ed19            -           1510 453052at33208        -            334   2.5e-22   81.0   7.3   2   4   1.8e-09   2.8e-07   31.5   0.1   125   208   451   532   447   533 0.85 -
evm.utg2159.31.2.5c22ed19            -           1510 453052at33208        -            334   2.5e-22   81.0   7.3   3   4   3.3e-10   5.1e-08   33.9   0.2   130   240   497   610   493   613 0.79 -
evm.utg2159.31.2.5c22ed19            -           1510 453052at33208        -            334   2.5e-22   81.0   7.3   4   4     1e-07   1.6e-05   25.7   0.2   107   204   589   701   582   722 0.68 -
evm.utg2159.31.1.5c22ed19            -           1510 453052at33208        -            334   2.5e-22   81.0   7.3   1   4    0.0054      0.84   10.2   0.1   126   174   412   458   409   459 0.88 -
evm.utg2159.31.1.5c22ed19            -           1510 453052at33208        -            334   2.5e-22   81.0   7.3   2   4   1.8e-09   2.8e-07   31.5   0.1   125   208   451   532   447   533 0.85 -
evm.utg2159.31.1.5c22ed19            -           1510 453052at33208        -            334   2.5e-22   81.0   7.3   3   4   3.3e-10   5.1e-08   33.9   0.2   130   240   497   610   493   613 0.79 -
evm.utg2159.31.1.5c22ed19            -           1510 453052at33208        -            334   2.5e-22   81.0   7.3   4   4     1e-07   1.6e-05   25.7   0.2   107   204   589   701   582   722 0.68 -
evm.utg2159.31                       -           1576 453052at33208        -            334   3.1e-22   80.7   7.3   1   4    0.0056      0.88   10.1   0.1   126   174   412   458   409   459 0.88 -
evm.utg2159.31                       -           1576 453052at33208        -            334   3.1e-22   80.7   7.3   2   4   1.9e-09     3e-07   31.4   0.1   125   208   451   532   447   533 0.85 -
evm.utg2159.31                       -           1576 453052at33208        -            334   3.1e-22   80.7   7.3   3   4   4.3e-10   6.6e-08   33.5   0.3   130   239   497   609   493   611 0.78 -
evm.utg2159.31                       -           1576 453052at33208        -            334   3.1e-22   80.7   7.3   4   4   1.1e-07   1.7e-05   25.7   0.2   107   204   589   701   582   722 0.68 -
evm.utg2216.8                        -            504 453052at33208        -            334     4e-22   80.3   0.4   1   3     3e-05    0.0047   17.6   0.0   124   162     4    42     1    46 0.93 -
evm.utg2216.8                        -            504 453052at33208        -            334     4e-22   80.3   0.4   2   3   5.8e-07     9e-05   23.2   0.0   106   213    73   180    58   190 0.80 -
evm.utg2216.8                        -            504 453052at33208        -            334     4e-22   80.3   0.4   3   3   1.9e-10     3e-08   34.7   0.0    90   211   216   330   205   363 0.77 -
evm.utg7950.19                       -            574 453052at33208        -            334   1.3e-21   78.6   1.4   1   3   3.3e-06   0.00051   20.8   0.0   174   286   123   235   109   241 0.76 -
evm.utg7950.19                       -            574 453052at33208        -            334   1.3e-21   78.6   1.4   2   3   0.00021     0.033   14.8   0.0   132   201   258   328   248   332 0.75 -
evm.utg7950.19                       -            574 453052at33208        -            334   1.3e-21   78.6   1.4   3   3   1.1e-11   1.7e-09   38.8   0.1   127   207   337   418   328   437 0.88 -
evm.utg5417.27.1.5c22f1fe            -           1068 453052at33208        -            334   1.7e-21   78.2  13.4   1   4   2.5e-07   3.9e-05   24.4   1.0   127   200   713   787   708   790 0.89 -
evm.utg5417.27.1.5c22f1fe            -           1068 453052at33208        -            334   1.7e-21   78.2  13.4   2   4   1.2e-05    0.0018   19.0   0.0   125   160   795   830   790   835 0.93 -
evm.utg5417.27.1.5c22f1fe            -           1068 453052at33208        -            334   1.7e-21   78.2  13.4   3   4   2.8e-06   0.00044   21.0   1.1   127   241   839   956   834   961 0.78 -
evm.utg5417.27.1.5c22f1fe            -           1068 453052at33208        -            334   1.7e-21   78.2  13.4   4   4   5.3e-06   0.00082   20.1   0.4   104   165   930  1001   925  1011 0.79 -
evm.utg27.20                         -           1146 453052at33208        -            334   3.3e-21   77.3   4.4   1   4   0.00022     0.034   14.8   0.0   124   175    43    94    25    98 0.88 -
evm.utg27.20                         -           1146 453052at33208        -            334   3.3e-21   77.3   4.4   2   4   1.2e-09   1.9e-07   32.1   0.3   125   203    86   165    84   175 0.89 -
evm.utg27.20                         -           1146 453052at33208        -            334   3.3e-21   77.3   4.4   3   4     0.013         2    8.9   0.0   126   164   201   239   197   246 0.91 -
evm.utg27.20                         -           1146 453052at33208        -            334   3.3e-21   77.3   4.4   4   4   1.8e-07   2.9e-05   24.9   0.0   125   206   244   325   240   340 0.82 -
evm.utg389.12.2.5c22f032             -            702 453052at33208        -            334   3.6e-21   77.2  30.2   1   4   4.6e-09   7.1e-07   30.1   2.5   111   205   142   250    69   264 0.76 -
evm.utg389.12.2.5c22f032             -            702 453052at33208        -            334   3.6e-21   77.2  30.2   2   4   1.3e-05     0.002   18.8   1.2   124   202   209   298   203   300 0.73 -
evm.utg389.12.2.5c22f032             -            702 453052at33208        -            334   3.6e-21   77.2  30.2   3   4   5.1e-08   7.9e-06   26.7   0.1   129   203   266   341   253   346 0.88 -
evm.utg389.12.2.5c22f032             -            702 453052at33208        -            334   3.6e-21   77.2  30.2   4   4   7.6e-11   1.2e-08   36.0   0.7   124   206   345   429   342   447 0.84 -
evm.utg699.93                        -            360 453052at33208        -            334   3.7e-21   77.1   0.4   1   3    0.0035      0.55   10.8   0.0   146   203    28    95     3    98 0.66 -
evm.utg699.93                        -            360 453052at33208        -            334   3.7e-21   77.1   0.4   2   3   3.8e-09   5.9e-07   30.4   0.0   123   201    98   174    95   180 0.89 -
evm.utg699.93                        -            360 453052at33208        -            334   3.7e-21   77.1   0.4   3   3     6e-10   9.3e-08   33.1   0.1   126   241   180   296   176   302 0.82 -
evm.utg2967.37.2.5c22ee73            -            682 453052at33208        -            334   4.4e-21   76.9   0.2   1   3   2.8e-13   4.3e-11   44.0   0.1   119   241    42   174    10   177 0.82 -
evm.utg2967.37.2.5c22ee73            -            682 453052at33208        -            334   4.4e-21   76.9   0.2   2   3   4.4e-08   6.8e-06   26.9   0.0   125   238   137   254   134   257 0.81 -
evm.utg2967.37.2.5c22ee73            -            682 453052at33208        -            334   4.4e-21   76.9   0.2   3   3     1e-05    0.0016   19.1   0.0   125   200   179   254   174   314 0.76 -
evm.utg1694.17                       -            301 453052at33208        -            334   4.7e-21   76.8   2.9   1   2   8.6e-08   1.3e-05   26.0   0.0   159   244    97   184    94   188 0.74 -
evm.utg1694.17                       -            301 453052at33208        -            334   4.7e-21   76.8   2.9   2   2   1.2e-15   1.8e-13   51.8   0.8   125   239   186   299   183   300 0.85 -
evm.utg73.56                         -            309 453052at33208        -            334     6e-21   76.4   2.9   1   4    0.0055      0.85   10.2   0.0   127   160    12    45     7    49 0.93 -
evm.utg73.56                         -            309 453052at33208        -            334     6e-21   76.4   2.9   2   4   1.7e-08   2.6e-06   28.3   0.1   125   207    54   138    52   142 0.90 -
evm.utg73.56                         -            309 453052at33208        -            334     6e-21   76.4   2.9   3   4   6.3e-07   9.8e-05   23.1   0.3   125   235    96   210    92   230 0.79 -
evm.utg73.56                         -            309 453052at33208        -            334     6e-21   76.4   2.9   4   4     4e-10   6.3e-08   33.6   0.7   124   284   140   303   139   306 0.79 -
evm.utg607.12.1.5c22f2ae             -            705 453052at33208        -            334   6.8e-21   76.2  11.3   1   5   0.00017     0.027   15.1   0.0   129   163    33    67    21    71 0.91 -
evm.utg607.12.1.5c22f2ae             -            705 453052at33208        -            334   6.8e-21   76.2  11.3   2   5     7e-11   1.1e-08   36.1   0.4   125   209    75   160    69   168 0.87 -
evm.utg607.12.1.5c22f2ae             -            705 453052at33208        -            334   6.8e-21   76.2  11.3   3   5   2.5e-07     4e-05   24.4   0.1   126   203   169   247   163   252 0.90 -
evm.utg607.12.1.5c22f2ae             -            705 453052at33208        -            334   6.8e-21   76.2  11.3   4   5       1.3     2e+02    2.4   0.1   125   202   252   330   249   343 0.69 -
evm.utg607.12.1.5c22f2ae             -            705 453052at33208        -            334   6.8e-21   76.2  11.3   5   5       2.6     4e+02    1.4   0.1   211   245   362   397   352   401 0.76 -
evm.utg607.12                        -            707 453052at33208        -            334   7.1e-21   76.2  11.3   1   5   0.00018     0.027   15.1   0.0   129   163    33    67    21    71 0.91 -
evm.utg607.12                        -            707 453052at33208        -            334   7.1e-21   76.2  11.3   2   5     7e-11   1.1e-08   36.1   0.4   125   209    75   160    69   168 0.87 -
evm.utg607.12                        -            707 453052at33208        -            334   7.1e-21   76.2  11.3   3   5   2.6e-07     4e-05   24.4   0.1   126   203   169   247   163   252 0.90 -
evm.utg607.12                        -            707 453052at33208        -            334   7.1e-21   76.2  11.3   4   5       1.3     2e+02    2.4   0.1   125   202   252   330   249   343 0.69 -
evm.utg607.12                        -            707 453052at33208        -            334   7.1e-21   76.2  11.3   5   5       2.6     4e+02    1.4   0.1   211   245   362   397   352   401 0.76 -
evm.utg2967.37.1.5c22ee73            -            636 453052at33208        -            334     8e-21   76.0   0.1   1   3   7.9e-13   1.2e-10   42.5   0.0   123   241     8   131     3   135 0.91 -
evm.utg2967.37.1.5c22ee73            -            636 453052at33208        -            334     8e-21   76.0   0.1   2   3   3.9e-08     6e-06   27.1   0.0   125   238    94   211    90   214 0.81 -
evm.utg2967.37.1.5c22ee73            -            636 453052at33208        -            334     8e-21   76.0   0.1   3   3   9.4e-06    0.0015   19.3   0.0   125   200   136   211   131   271 0.76 -
evm.utg3174.3                        -            435 453052at33208        -            334   1.2e-20   75.5   4.4   1   4   3.2e-06   0.00049   20.8   0.0   124   202   147   226   144   229 0.89 -
evm.utg3174.3                        -            435 453052at33208        -            334   1.2e-20   75.5   4.4   2   4    0.0004     0.062   13.9   0.2   125   163   232   270   228   274 0.93 -
evm.utg3174.3                        -            435 453052at33208        -            334   1.2e-20   75.5   4.4   3   4     2e-06   0.00031   21.5   0.1   127   202   276   352   271   361 0.86 -
evm.utg3174.3                        -            435 453052at33208        -            334   1.2e-20   75.5   4.4   4   4   0.00013      0.02   15.5   0.0   125   160   399   434   388   434 0.94 -
evm.utg1290.9.1.5c22ea0d             -            569 453052at33208        -            334   1.3e-20   75.3   4.0   1   3   3.3e-07   5.2e-05   24.0   0.0   121   163   308   348   303   354 0.91 -
evm.utg1290.9.1.5c22ea0d             -            569 453052at33208        -            334   1.3e-20   75.3   4.0   2   3      0.17        27    5.2   0.0   125   177   355   406   348   422 0.72 -
evm.utg1290.9.1.5c22ea0d             -            569 453052at33208        -            334   1.3e-20   75.3   4.0   3   3   1.1e-13   1.7e-11   45.3   0.3   117   201   480   563   454   567 0.87 -
evm.utg729.25.2.5c279763             -            767 453052at33208        -            334   1.9e-20   74.7   5.4   1   4   2.8e-05    0.0043   17.7   0.0   121   163   437   479   433   482 0.95 -
evm.utg729.25.2.5c279763             -            767 453052at33208        -            334   1.9e-20   74.7   5.4   2   4   0.00087      0.14   12.8   0.0   123   161   492   530   485   534 0.92 -
evm.utg729.25.2.5c279763             -            767 453052at33208        -            334   1.9e-20   74.7   5.4   3   4   4.4e-06   0.00068   20.4   0.0   128   160   550   582   545   614 0.92 -
evm.utg729.25.2.5c279763             -            767 453052at33208        -            334   1.9e-20   74.7   5.4   4   4   8.7e-07   0.00013   22.7   0.0   124   175   684   735   679   764 0.91 -
evm.utg27.21                         -            316 453052at33208        -            334     2e-20   74.7   1.0   1   3   2.4e-06   0.00038   21.2   0.0   127   202    10    92     5    96 0.80 -
evm.utg27.21                         -            316 453052at33208        -            334     2e-20   74.7   1.0   2   3   2.1e-06   0.00033   21.4   0.1   126   160    99   133    94   140 0.93 -
evm.utg27.21                         -            316 453052at33208        -            334     2e-20   74.7   1.0   3   3   1.4e-07   2.2e-05   25.3   0.0   129   283   145   312   134   313 0.79 -
evm.utg729.25                        -            852 453052at33208        -            334   2.7e-20   74.3   5.1   1   4   3.2e-05    0.0049   17.5   0.0   121   163   522   564   518   567 0.95 -
evm.utg729.25                        -            852 453052at33208        -            334   2.7e-20   74.3   5.1   2   4   0.00099      0.15   12.6   0.0   123   161   577   615   570   619 0.92 -
evm.utg729.25                        -            852 453052at33208        -            334   2.7e-20   74.3   5.1   3   4     5e-06   0.00077   20.2   0.0   128   160   635   667   630   699 0.92 -
evm.utg729.25                        -            852 453052at33208        -            334   2.7e-20   74.3   5.1   4   4   9.9e-07   0.00015   22.5   0.0   124   175   769   820   764   849 0.91 -
evm.utg470.32                        -           1060 453052at33208        -            334   4.3e-20   73.6   0.3   1   5   0.00079      0.12   12.9   0.0   122   167    51    97    21   110 0.85 -
evm.utg470.32                        -           1060 453052at33208        -            334   4.3e-20   73.6   0.3   2   5       4.7   7.3e+02    0.5   0.0   225   251   262   289   238   317 0.74 -
evm.utg470.32                        -           1060 453052at33208        -            334   4.3e-20   73.6   0.3   3   5   9.2e-06    0.0014   19.3   0.0   129   204   367   445   346   447 0.76 -
evm.utg470.32                        -           1060 453052at33208        -            334   4.3e-20   73.6   0.3   4   5   7.2e-05     0.011   16.3   0.0   118   241   437   574   432   580 0.79 -
evm.utg470.32                        -           1060 453052at33208        -            334   4.3e-20   73.6   0.3   5   5   1.6e-05    0.0024   18.5   0.0   128   203   582   660   577   668 0.86 -
evm.utg413.38                        -            593 453052at33208        -            334   6.8e-20   73.0   4.1   1   4   3.7e-06   0.00057   20.6   0.0   124   203   305   385   302   391 0.88 -
evm.utg413.38                        -            593 453052at33208        -            334   6.8e-20   73.0   4.1   2   4   0.00058     0.091   13.4   0.2   124   163   389   428   384   431 0.93 -
evm.utg413.38                        -            593 453052at33208        -            334   6.8e-20   73.0   4.1   3   4   3.5e-06   0.00055   20.7   0.0   127   202   434   510   429   515 0.85 -
evm.utg413.38                        -            593 453052at33208        -            334   6.8e-20   73.0   4.1   4   4   0.00019      0.03   14.9   0.0   125   160   557   592   546   592 0.94 -
evm.utg3260.7.1.5c22ef15             -            313 453052at33208        -            334   9.7e-20   72.4   5.5   1   5   1.3e-08     2e-06   28.7   0.1   125   203    23   100    21   104 0.92 -
evm.utg3260.7.1.5c22ef15             -            313 453052at33208        -            334   9.7e-20   72.4   5.5   2   5   5.9e-05    0.0091   16.6   0.2   125   205   105   197   101   202 0.74 -
evm.utg3260.7.1.5c22ef15             -            313 453052at33208        -            334   9.7e-20   72.4   5.5   3   5   6.9e-05     0.011   16.4   0.0   109   161   184   236   143   240 0.66 -
evm.utg3260.7.1.5c22ef15             -            313 453052at33208        -            334   9.7e-20   72.4   5.5   4   5   6.2e-08   9.7e-06   26.4   0.1   109   203   184   277   179   288 0.80 -
evm.utg3260.7.1.5c22ef15             -            313 453052at33208        -            334   9.7e-20   72.4   5.5   5   5    0.0011      0.17   12.4   0.1   124   178   241   293   237   303 0.87 -
evm.utg3260.7.1.5c22ef15.1.5c279399  -            313 453052at33208        -            334   9.7e-20   72.4   5.5   1   5   1.3e-08     2e-06   28.7   0.1   125   203    23   100    21   104 0.92 -
evm.utg3260.7.1.5c22ef15.1.5c279399  -            313 453052at33208        -            334   9.7e-20   72.4   5.5   2   5   5.9e-05    0.0091   16.6   0.2   125   205   105   197   101   202 0.74 -
evm.utg3260.7.1.5c22ef15.1.5c279399  -            313 453052at33208        -            334   9.7e-20   72.4   5.5   3   5   6.9e-05     0.011   16.4   0.0   109   161   184   236   143   240 0.66 -
evm.utg3260.7.1.5c22ef15.1.5c279399  -            313 453052at33208        -            334   9.7e-20   72.4   5.5   4   5   6.2e-08   9.7e-06   26.4   0.1   109   203   184   277   179   288 0.80 -
evm.utg3260.7.1.5c22ef15.1.5c279399  -            313 453052at33208        -            334   9.7e-20   72.4   5.5   5   5    0.0011      0.17   12.4   0.1   124   178   241   293   237   303 0.87 -
evm.utg6430.5                        -            514 453052at33208        -            334     2e-19   71.4  12.7   1   6      0.92   1.4e+02    2.9   0.0   157   204     2    51     1    80 0.67 -
evm.utg6430.5                        -            514 453052at33208        -            334     2e-19   71.4  12.7   2   6         3   4.6e+02    1.2   0.0   175   203    87   115    67   124 0.67 -
evm.utg6430.5                        -            514 453052at33208        -            334     2e-19   71.4  12.7   3   6   1.9e-06    0.0003   21.5   0.1   124   162   164   202   161   207 0.92 -
evm.utg6430.5                        -            514 453052at33208        -            334     2e-19   71.4  12.7   4   6    0.0013       0.2   12.2   0.2   123   202   205   291   201   307 0.82 -
evm.utg6430.5                        -            514 453052at33208        -            334     2e-19   71.4  12.7   5   6      0.28        43    4.6   0.0   154   202   328   377   309   384 0.68 -
evm.utg6430.5                        -            514 453052at33208        -            334     2e-19   71.4  12.7   6   6     1e-09   1.6e-07   32.3   0.1   130   212   387   471   379   475 0.85 -
evm.utg2323.5                        -            681 453052at33208        -            334     2e-19   71.4   0.1   1   3      0.27        42    4.6   0.0   198   242     7    50     5    56 0.71 -
evm.utg2323.5                        -            681 453052at33208        -            334     2e-19   71.4   0.1   2   3   7.7e-13   1.2e-10   42.6   0.0   124   242    53   176    51   181 0.90 -
evm.utg2323.5                        -            681 453052at33208        -            334     2e-19   71.4   0.1   3   3   3.6e-06   0.00056   20.6   0.0   125   240   180   298   176   317 0.80 -
evm.utg3283.18                       -            313 453052at33208        -            334   2.4e-19   71.1   5.8   1   5   1.3e-08     2e-06   28.7   0.1   125   203    23   100    21   104 0.92 -
evm.utg3283.18                       -            313 453052at33208        -            334   2.4e-19   71.1   5.8   2   5   0.00015     0.023   15.3   0.2   125   204   105   196   101   201 0.73 -
evm.utg3283.18                       -            313 453052at33208        -            334   2.4e-19   71.1   5.8   3   5   6.9e-05     0.011   16.4   0.0   109   161   184   236   143   240 0.66 -
evm.utg3283.18                       -            313 453052at33208        -            334   2.4e-19   71.1   5.8   4   5   1.1e-07   1.8e-05   25.6   0.1   109   202   184   276   179   277 0.78 -
evm.utg3283.18                       -            313 453052at33208        -            334   2.4e-19   71.1   5.8   5   5    0.0011      0.17   12.4   0.1   124   178   241   293   237   303 0.87 -
evm.utg693.67                        -           1677 453052at33208        -            334     3e-19   70.8   8.4   1   5      0.01       1.6    9.3   0.0   127   165    54    95    50   105 0.77 -
evm.utg693.67                        -           1677 453052at33208        -            334     3e-19   70.8   8.4   2   5      0.21        32    5.0   0.8    72   102   101   134    93   150 0.79 -
evm.utg693.67                        -           1677 453052at33208        -            334     3e-19   70.8   8.4   3   5       2.2   3.4e+02    1.6   0.0   185   204   221   240   214   257 0.76 -
evm.utg693.67                        -           1677 453052at33208        -            334     3e-19   70.8   8.4   4   5   9.3e-08   1.4e-05   25.8   0.1   129   250   311   443   278   473 0.75 -
evm.utg693.67                        -           1677 453052at33208        -            334     3e-19   70.8   8.4   5   5   1.1e-08   1.7e-06   28.9   0.0    88   205   577   697   573   705 0.86 -
evm.utg73.142                        -            520 453052at33208        -            334   3.6e-19   70.6   0.2   1   3   2.7e-05    0.0042   17.7   0.0   123   204   264   354   238   361 0.81 -
evm.utg73.142                        -            520 453052at33208        -            334   3.6e-19   70.6   0.2   2   3     2e-09   3.1e-07   31.3   0.1   128   239   361   475   354   478 0.92 -
evm.utg73.142                        -            520 453052at33208        -            334   3.6e-19   70.6   0.2   3   3   7.4e-05     0.011   16.3   0.0   122   160   479   517   477   519 0.97 -
evm.utg2967.37                       -            683 453052at33208        -            334     6e-19   69.8   0.1   1   3      0.27        43    4.6   0.0   198   242     7    50     5    56 0.71 -
evm.utg2967.37                       -            683 453052at33208        -            334     6e-19   69.8   0.1   2   3     1e-12   1.6e-10   42.1   0.0   124   241    53   175    51   179 0.91 -
evm.utg2967.37                       -            683 453052at33208        -            334     6e-19   69.8   0.1   3   3     1e-05    0.0016   19.1   0.0   125   200   180   255   175   315 0.76 -
evm.utg26219.6                       -            683 453052at33208        -            334   6.8e-19   69.7   0.1   1   3      0.27        43    4.6   0.0   198   242     7    50     5    56 0.71 -
evm.utg26219.6                       -            683 453052at33208        -            334   6.8e-19   69.7   0.1   2   3   9.5e-13   1.5e-10   42.3   0.0   124   241    53   175    48   179 0.91 -
evm.utg26219.6                       -            683 453052at33208        -            334   6.8e-19   69.7   0.1   3   3   1.1e-05    0.0017   19.1   0.0   125   200   180   255   174   315 0.76 -
evm.utg21625.6                       -            513 453052at33208        -            334   8.3e-19   69.4  11.9   1   6       5.1     8e+02    0.4   0.0   157   175     2    20     1    68 0.72 -
evm.utg21625.6                       -            513 453052at33208        -            334   8.3e-19   69.4  11.9   2   6       1.2   1.9e+02    2.4   0.0   168   203    80   115    72   127 0.74 -
evm.utg21625.6                       -            513 453052at33208        -            334   8.3e-19   69.4  11.9   3   6   5.1e-06   0.00079   20.1   0.0   124   162   164   202   161   207 0.92 -
evm.utg21625.6                       -            513 453052at33208        -            334   8.3e-19   69.4  11.9   4   6   0.00063     0.098   13.3   0.4   124   204   206   293   203   338 0.73 -
evm.utg21625.6                       -            513 453052at33208        -            334   8.3e-19   69.4  11.9   5   6   0.00019     0.029   15.0   0.1   118   204   329   420   294   426 0.80 -
evm.utg21625.6                       -            513 453052at33208        -            334   8.3e-19   69.4  11.9   6   6   1.2e-07   1.9e-05   25.5   0.2   136   211   393   470   392   492 0.71 -
evm.utg293.35                        -            341 453052at33208        -            334   9.5e-19   69.2   0.2   1   2   2.4e-08   3.7e-06   27.8   0.0   125   241    48   172    39   177 0.83 -
evm.utg293.35                        -            341 453052at33208        -            334   9.5e-19   69.2   0.2   2   2   2.5e-11   3.9e-09   37.6   0.0   124   281   176   339   171   340 0.80 -
evm.utg7950.21                       -            652 453052at33208        -            334   1.2e-18   68.8   5.1   1   2   1.6e-09   2.5e-07   31.6   0.3   124   208    61   146    48   148 0.89 -
evm.utg7950.21                       -            652 453052at33208        -            334   1.2e-18   68.8   5.1   2   2   5.3e-12   8.2e-10   39.8   0.3   125   203   146   225   144   231 0.92 -
evm.utg376.68                        -            977 453052at33208        -            334   1.6e-18   68.4   0.1   1   3     0.088        14    6.2   0.0   153   243    36   131     7   132 0.66 -
evm.utg376.68                        -            977 453052at33208        -            334   1.6e-18   68.4   0.1   2   3   1.8e-05    0.0028   18.3   0.1   122   161   132   172   130   176 0.89 -
evm.utg376.68                        -            977 453052at33208        -            334   1.6e-18   68.4   0.1   3   3   3.5e-12   5.4e-10   40.4   0.0   125   249   178   308   175   315 0.83 -
evm.utg376.68.1.5c22efd2             -            978 453052at33208        -            334   1.6e-18   68.4   0.1   1   3     0.088        14    6.2   0.0   153   243    36   131     7   132 0.66 -
evm.utg376.68.1.5c22efd2             -            978 453052at33208        -            334   1.6e-18   68.4   0.1   2   3   1.8e-05    0.0028   18.3   0.1   122   161   132   172   130   176 0.89 -
evm.utg376.68.1.5c22efd2             -            978 453052at33208        -            334   1.6e-18   68.4   0.1   3   3   3.5e-12   5.5e-10   40.4   0.0   125   249   178   308   175   315 0.83 -
evm.utg435.58                        -            950 453052at33208        -            334   1.8e-18   68.3   5.0   1   6       2.9   4.5e+02    1.2   0.0   226   288   115   184   112   196 0.68 -
evm.utg435.58                        -            950 453052at33208        -            334   1.8e-18   68.3   5.0   2   6       1.9   2.9e+02    1.8   0.1   131   201   274   346   247   351 0.75 -
evm.utg435.58                        -            950 453052at33208        -            334   1.8e-18   68.3   5.0   3   6   1.8e-10   2.8e-08   34.8   0.0   124   255   353   494   349   496 0.85 -
evm.utg435.58                        -            950 453052at33208        -            334   1.8e-18   68.3   5.0   4   6   0.00027     0.041   14.5   0.1   133   242   495   611   485   622 0.69 -
evm.utg435.58                        -            950 453052at33208        -            334   1.8e-18   68.3   5.0   5   6      0.23        35    4.9   0.0   225   288   732   797   714   803 0.86 -
evm.utg435.58                        -            950 453052at33208        -            334   1.8e-18   68.3   5.0   6   6      0.03       4.7    7.7   0.0   126   169   855   897   851   911 0.86 -
evm.utg13607.5                       -           1071 453052at33208        -            334   2.3e-18   67.9   0.1   1   3     0.071        11    6.5   0.0   154   243    37   131     9   135 0.68 -
evm.utg13607.5                       -           1071 453052at33208        -            334   2.3e-18   67.9   0.1   2   3     2e-05    0.0031   18.2   0.1   122   161   132   172   130   176 0.89 -
evm.utg13607.5                       -           1071 453052at33208        -            334   2.3e-18   67.9   0.1   3   3   3.9e-12   6.1e-10   40.2   0.0   125   249   178   308   174   314 0.82 -
evm.utg18553.20                      -            503 453052at33208        -            334   2.5e-18   67.8   0.9   1   2   8.9e-13   1.4e-10   42.4   0.4   124   240   105   225    78   227 0.83 -
evm.utg18553.20                      -            503 453052at33208        -            334   2.5e-18   67.8   0.9   2   2   6.6e-07    0.0001   23.1   0.0   125   204   232   312   229   320 0.91 -
evm.utg736.53                        -            495 453052at33208        -            334   3.3e-18   67.4   4.9   1   4   0.00027     0.042   14.5   0.0   124   202   148   228   140   233 0.84 -
evm.utg736.53                        -            495 453052at33208        -            334   3.3e-18   67.4   4.9   2   4   1.8e-07   2.8e-05   24.9   0.4   121   203   269   352   263   360 0.83 -
evm.utg736.53                        -            495 453052at33208        -            334   3.3e-18   67.4   4.9   3   4   1.2e-07   1.9e-05   25.5   0.2   124   165   358   399   355   437 0.88 -
evm.utg736.53                        -            495 453052at33208        -            334   3.3e-18   67.4   4.9   4   4       2.5   3.9e+02    1.4   0.0   129   161   451   487   419   491 0.70 -
evm.utg405.2                         -            495 453052at33208        -            334   3.4e-18   67.3   4.8   1   4   0.00027     0.042   14.5   0.0   124   202   148   228   140   233 0.84 -
evm.utg405.2                         -            495 453052at33208        -            334   3.4e-18   67.3   4.8   2   4     2e-07   3.1e-05   24.8   0.3   121   202   269   351   263   357 0.83 -
evm.utg405.2                         -            495 453052at33208        -            334   3.4e-18   67.3   4.8   3   4   1.2e-07   1.9e-05   25.5   0.2   124   165   358   399   355   437 0.88 -
evm.utg405.2                         -            495 453052at33208        -            334   3.4e-18   67.3   4.8   4   4       2.5   3.9e+02    1.4   0.0   129   161   451   487   419   491 0.70 -
evm.utg637.5                         -            513 453052at33208        -            334   3.5e-18   67.3   0.7   1   2   1.3e-12     2e-10   41.8   0.5   124   240   115   235    50   238 0.79 -
evm.utg637.5                         -            513 453052at33208        -            334   3.5e-18   67.3   0.7   2   2   6.1e-07   9.5e-05   23.2   0.0   125   204   242   322   239   330 0.92 -
evm.utg411.25                        -            871 453052at33208        -            334   3.8e-18   67.2   2.3   1   4    0.0051       0.8   10.3   0.0   103   163   147   219   139   226 0.75 -
evm.utg411.25                        -            871 453052at33208        -            334   3.8e-18   67.2   2.3   2   4     0.046       7.2    7.1   0.0   119   202   293   378   260   382 0.75 -
evm.utg411.25                        -            871 453052at33208        -            334   3.8e-18   67.2   2.3   3   4   2.9e-05    0.0045   17.7   0.1   105   164   354   423   352   466 0.76 -
evm.utg411.25                        -            871 453052at33208        -            334   3.8e-18   67.2   2.3   4   4   3.7e-10   5.7e-08   33.8   0.1   118   207   463   553   448   560 0.86 -
evm.utg73.80                         -            359 453052at33208        -            334   6.7e-18   66.4   6.9   1   3   5.8e-07     9e-05   23.2   0.3   130   206    48   123    33   125 0.86 -
evm.utg73.80                         -            359 453052at33208        -            334   6.7e-18   66.4   6.9   2   3   2.9e-16   4.6e-14   53.8   1.6   104   249    63   214    54   224 0.80 -
evm.utg73.80                         -            359 453052at33208        -            334   6.7e-18   66.4   6.9   3   3     0.038       5.9    7.4   0.0   124   182   257   323   245   334 0.66 -
evm.utg10470.3.1.5c22e808            -            577 453052at33208        -            334   1.5e-17   65.2   1.5   1   3   0.00011     0.016   15.8   0.0   126   161   408   443   404   448 0.92 -
evm.utg10470.3.1.5c22e808            -            577 453052at33208        -            334   1.5e-17   65.2   1.5   2   3   1.4e-05    0.0022   18.7   0.0   122   163   446   487   443   490 0.92 -
evm.utg10470.3.1.5c22e808            -            577 453052at33208        -            334   1.5e-17   65.2   1.5   3   3   1.3e-07   1.9e-05   25.4   0.1   123   176   489   542   488   565 0.85 -
evm.utg243.69                        -           1751 453052at33208        -            334   1.9e-17   64.9   8.2   1   5     0.018       2.8    8.5   0.0   127   164    54    94    50   104 0.78 -
evm.utg243.69                        -           1751 453052at33208        -            334   1.9e-17   64.9   8.2   2   5       0.2        31    5.0   0.8    72   102   101   134    93   156 0.80 -
evm.utg243.69                        -           1751 453052at33208        -            334   1.9e-17   64.9   8.2   3   5       2.5   3.9e+02    1.4   0.0   185   204   221   240   215   249 0.72 -
evm.utg243.69                        -           1751 453052at33208        -            334   1.9e-17   64.9   8.2   4   5     2e-07   3.2e-05   24.7   0.1   129   249   311   442   303   454 0.73 -
evm.utg243.69                        -           1751 453052at33208        -            334   1.9e-17   64.9   8.2   5   5   1.9e-07     3e-05   24.8   0.0   117   205   607   698   575   706 0.77 -
evm.utg777.49.1.5c22f40d             -            577 453052at33208        -            334     2e-17   64.9   1.3   1   4       9.3   1.4e+03   -0.4   0.0   145   201   353   369   322   377 0.53 -
evm.utg777.49.1.5c22f40d             -            577 453052at33208        -            334     2e-17   64.9   1.3   2   4   9.5e-05     0.015   16.0   0.0   126   162   408   444   403   449 0.91 -
evm.utg777.49.1.5c22f40d             -            577 453052at33208        -            334     2e-17   64.9   1.3   3   4   1.5e-05    0.0023   18.6   0.1   122   163   446   487   443   489 0.92 -
evm.utg777.49.1.5c22f40d             -            577 453052at33208        -            334     2e-17   64.9   1.3   4   4   2.1e-07   3.3e-05   24.7   0.0   123   175   489   541   488   560 0.86 -
evm.utg5290.27.1.5c22f1dc            -            533 453052at33208        -            334   3.6e-17   64.0  16.5   1   4      0.25        39    4.7   2.5    18    99    55   140    43   160 0.68 -
evm.utg5290.27.1.5c22f1dc            -            533 453052at33208        -            334   3.6e-17   64.0  16.5   2   4   2.3e-06   0.00035   21.3   0.0   124   205   235   319   226   322 0.88 -
evm.utg5290.27.1.5c22f1dc            -            533 453052at33208        -            334   3.6e-17   64.0  16.5   3   4   4.1e-12   6.4e-10   40.2   0.5   126   207   323   405   320   410 0.87 -
evm.utg5290.27.1.5c22f1dc            -            533 453052at33208        -            334   3.6e-17   64.0  16.5   4   4      0.19        29    5.1   0.2   133   239   413   528   410   530 0.62 -
evm.utg5290.27                       -            565 453052at33208        -            334   4.7e-17   63.6  16.6   1   4      0.27        43    4.6   2.5    18    99    87   172    75   192 0.68 -
evm.utg5290.27                       -            565 453052at33208        -            334   4.7e-17   63.6  16.6   2   4   2.5e-06   0.00038   21.2   0.0   124   205   267   351   258   354 0.88 -
evm.utg5290.27                       -            565 453052at33208        -            334   4.7e-17   63.6  16.6   3   4   4.6e-12   7.1e-10   40.0   0.4   126   207   355   437   352   441 0.87 -
evm.utg5290.27                       -            565 453052at33208        -            334   4.7e-17   63.6  16.6   4   4       0.2        31    5.0   0.2   133   239   445   560   441   562 0.62 -
evm.utg1204.47                       -            338 453052at33208        -            334   7.1e-17   63.0   8.3   1   3    0.0007      0.11   13.1   0.1   125   174     8    60     5    89 0.68 -
evm.utg1204.47                       -            338 453052at33208        -            334   7.1e-17   63.0   8.3   2   3   7.1e-07   0.00011   22.9   0.9   129   238    57   176    48   179 0.67 -
evm.utg1204.47                       -            338 453052at33208        -            334   7.1e-17   63.0   8.3   3   3   2.7e-07   4.2e-05   24.3   0.5   122   239   183   331   181   333 0.57 -
evm.utg26517.8                       -           1023 453052at33208        -            334   7.6e-17   62.9   7.5   1   4   0.00035     0.055   14.1   0.0   218   287   264   336   251   344 0.81 -
evm.utg26517.8                       -           1023 453052at33208        -            334   7.6e-17   62.9   7.5   2   4       4.9   7.5e+02    0.5   0.0   176   201   494   519   485   525 0.67 -
evm.utg26517.8                       -           1023 453052at33208        -            334   7.6e-17   62.9   7.5   3   4   1.5e-05    0.0023   18.6   0.0   124   169   526   571   515   585 0.88 -
evm.utg26517.8                       -           1023 453052at33208        -            334   7.6e-17   62.9   7.5   4   4   2.2e-08   3.5e-06   27.9   0.2   128   206   618   699   582   743 0.78 -
evm.utg777.49.2.5c22f40d             -            602 453052at33208        -            334   8.7e-17   62.7   0.8   1   4       9.9   1.5e+03   -0.5   0.0   145   201   353   369   323   377 0.53 -
evm.utg777.49.2.5c22f40d             -            602 453052at33208        -            334   8.7e-17   62.7   0.8   2   4   0.00011     0.018   15.7   0.0   126   161   408   443   403   447 0.92 -
evm.utg777.49.2.5c22f40d             -            602 453052at33208        -            334   8.7e-17   62.7   0.8   3   4   1.6e-05    0.0024   18.5   0.1   122   163   446   487   443   489 0.92 -
evm.utg777.49.2.5c22f40d             -            602 453052at33208        -            334   8.7e-17   62.7   0.8   4   4   4.1e-07   6.4e-05   23.7   0.0   123   174   489   540   488   547 0.93 -
evm.utg2303.45                       -            565 453052at33208        -            334     9e-17   62.7  15.9   1   4      0.17        26    5.3   1.9    20   100    89   173    78   192 0.65 -
evm.utg2303.45                       -            565 453052at33208        -            334     9e-17   62.7  15.9   2   4   5.6e-06   0.00087   20.0   0.0   125   205   268   351   259   354 0.87 -
evm.utg2303.45                       -            565 453052at33208        -            334     9e-17   62.7  15.9   3   4   4.4e-12   6.8e-10   40.1   0.4   126   207   355   437   352   443 0.87 -
evm.utg2303.45                       -            565 453052at33208        -            334     9e-17   62.7  15.9   4   4      0.34        52    4.3   0.2   133   238   445   559   441   562 0.57 -
evm.utg234.60                        -            303 453052at33208        -            334   9.7e-17   62.6   8.9   1   3   0.00025     0.038   14.6   0.5   129   242    10   134     3   143 0.76 -
evm.utg234.60                        -            303 453052at33208        -            334   9.7e-17   62.6   8.9   2   3   1.5e-10   2.3e-08   35.1   0.5    99   200   144   256   130   256 0.85 -
evm.utg234.60                        -            303 453052at33208        -            334   9.7e-17   62.6   8.9   3   3   1.1e-08   1.7e-06   28.9   1.3   126   201   223   299   219   301 0.91 -
evm.utg2303.45.1.5c22ed61            -            469 453052at33208        -            334   9.7e-17   62.6  10.5   1   3     0.094        15    6.1   1.6    20   100    89   173    77   192 0.65 -
evm.utg2303.45.1.5c22ed61            -            469 453052at33208        -            334   9.7e-17   62.6  10.5   2   3   4.2e-06   0.00065   20.4   0.0   125   205   268   351   259   354 0.87 -
evm.utg2303.45.1.5c22ed61            -            469 453052at33208        -            334   9.7e-17   62.6  10.5   3   3     3e-12   4.6e-10   40.6   0.5   126   207   355   437   352   451 0.87 -
evm.utg338.73                        -           1105 453052at33208        -            334   1.1e-16   62.4   3.9   1   4     0.004      0.62   10.6   0.0   218   287   264   336   251   344 0.80 -
evm.utg338.73                        -           1105 453052at33208        -            334   1.1e-16   62.4   3.9   2   4         6   9.3e+02    0.2   0.0   176   201   494   519   485   524 0.58 -
evm.utg338.73                        -           1105 453052at33208        -            334   1.1e-16   62.4   3.9   3   4   1.5e-05    0.0023   18.6   0.0   124   170   526   572   515   599 0.88 -
evm.utg338.73                        -           1105 453052at33208        -            334   1.1e-16   62.4   3.9   4   4   2.7e-08   4.2e-06   27.6   0.2   128   206   618   699   589   743 0.79 -
evm.utg439.49                        -            578 453052at33208        -            334   1.2e-16   62.2  15.4   1   3   0.00015     0.023   15.3   0.1   124   163   278   318   276   321 0.89 -
evm.utg439.49                        -            578 453052at33208        -            334   1.2e-16   62.2  15.4   2   3   9.5e-06    0.0015   19.2   0.0   125   162   323   360   319   372 0.91 -
evm.utg439.49                        -            578 453052at33208        -            334   1.2e-16   62.2  15.4   3   3   1.4e-10   2.1e-08   35.2   0.7   109   281   393   576   387   577 0.80 -
evm.utg183.39                        -           1787 453052at33208        -            334   1.3e-16   62.2   0.0   1   3   1.7e-08   2.6e-06   28.3   0.0   128   203   175   251   167   255 0.93 -
evm.utg183.39                        -           1787 453052at33208        -            334   1.3e-16   62.2   0.0   2   3   1.1e-05    0.0018   19.0   0.0   124   244   255   394   249   401 0.73 -
evm.utg183.39                        -           1787 453052at33208        -            334   1.3e-16   62.2   0.0   3   3     0.012       1.8    9.1   0.1   131   208   419   498   409   550 0.67 -
evm.utg1056.107                      -            669 453052at33208        -            334   1.4e-16   62.1   2.7   1   2   5.1e-13     8e-11   43.1   0.9   125   279   447   604   406   610 0.79 -
evm.utg1056.107                      -            669 453052at33208        -            334   1.4e-16   62.1   2.7   2   2   3.7e-08   5.7e-06   27.2   0.0   123   201   531   609   528   633 0.79 -
evm.utg7264.10                       -            194 453052at33208        -            334   1.8e-16   61.7   2.3   1   2   6.1e-12   9.5e-10   39.6   0.5   124   218     8   103     5   111 0.89 -
evm.utg7264.10                       -            194 453052at33208        -            334   1.8e-16   61.7   2.3   2   2   1.3e-06    0.0002   22.1   0.1   124   170   114   160   103   182 0.85 -
evm.utg1005.5                        -            983 453052at33208        -            334   2.1e-16   61.5   7.3   1   3   2.8e-07   4.3e-05   24.3   0.4   126   203   690   768   681   771 0.86 -
evm.utg1005.5                        -            983 453052at33208        -            334   2.1e-16   61.5   7.3   2   3   9.9e-06    0.0015   19.2   0.1   135   243   741   860   729   866 0.74 -
evm.utg1005.5                        -            983 453052at33208        -            334   2.1e-16   61.5   7.3   3   3   2.5e-08   3.9e-06   27.7   1.2   110   240   848   980   840   982 0.80 -
evm.utg21895.1                       -            272 453052at33208        -            334   6.2e-16   59.9   1.8   1   2   2.5e-06   0.00039   21.2   0.0   124   162    16    54     4    66 0.89 -
evm.utg21895.1                       -            272 453052at33208        -            334   6.2e-16   59.9   1.8   2   2   2.2e-11   3.4e-09   37.8   0.7   109   281    87   270    81   271 0.80 -
evm.utg3174.3.1.5c22eeec             -            350 453052at33208        -            334   7.9e-16   59.6   1.5   1   3     2e-06   0.00031   21.5   0.0   124   202   147   226   144   230 0.89 -
evm.utg3174.3.1.5c22eeec             -            350 453052at33208        -            334   7.9e-16   59.6   1.5   2   3   0.00031     0.048   14.3   0.2   125   163   232   270   229   274 0.93 -
evm.utg3174.3.1.5c22eeec             -            350 453052at33208        -            334   7.9e-16   59.6   1.5   3   3   9.5e-06    0.0015   19.3   0.0   127   175   276   324   271   334 0.93 -
evm.utg73.142.1.5c22f3bd             -            561 453052at33208        -            334   1.2e-15   58.9   0.2   1   3   3.2e-05    0.0049   17.5   0.0   123   204   264   354   239   361 0.81 -
evm.utg73.142.1.5c22f3bd             -            561 453052at33208        -            334   1.2e-15   58.9   0.2   2   3   1.1e-08   1.7e-06   28.9   0.2   127   238   360   474   351   474 0.91 -
evm.utg73.142.1.5c22f3bd             -            561 453052at33208        -            334   1.2e-15   58.9   0.2   3   3   0.00016     0.025   15.2   0.1   123   180   440   496   436   504 0.85 -
evm.utg55.122                        -            446 453052at33208        -            334   2.2e-15   58.2  20.2   1   3    0.0018      0.27   11.8  10.2    38   202    46   229    21   234 0.69 -
evm.utg55.122                        -            446 453052at33208        -            334   2.2e-15   58.2  20.2   2   3   4.1e-08   6.4e-06   27.0   0.4   123   201   263   340   259   354 0.90 -
evm.utg55.122                        -            446 453052at33208        -            334   2.2e-15   58.2  20.2   3   3   1.1e-06   0.00017   22.3   0.1   128   206   353   433   348   439 0.84 -
evm.utg2129.40                       -            418 453052at33208        -            334   2.3e-15   58.0   6.8   1   4    0.0039      0.61   10.7   1.7    40   101    71   132    34   151 0.57 -
evm.utg2129.40                       -            418 453052at33208        -            334   2.3e-15   58.0   6.8   2   4   0.00028     0.043   14.4   0.1   127   203    99   176    93   185 0.81 -
evm.utg2129.40                       -            418 453052at33208        -            334   2.3e-15   58.0   6.8   3   4   1.4e-10   2.1e-08   35.2   0.1   126   253   186   320   181   323 0.83 -
evm.utg2129.40                       -            418 453052at33208        -            334   2.3e-15   58.0   6.8   4   4    0.0033      0.51   10.9   0.1   137   200   327   391   314   395 0.87 -
evm.utg18125.5.1.5c22ec17            -            724 453052at33208        -            334   2.4e-15   58.0  32.2   1   5   4.4e-06   0.00068   20.4   1.0   100   178   274   363   235   365 0.76 -
evm.utg18125.5.1.5c22ec17            -            724 453052at33208        -            334   2.4e-15   58.0  32.2   2   5   2.4e-08   3.7e-06   27.8   1.5   126   204   353   434   350   463 0.85 -
evm.utg18125.5.1.5c22ec17            -            724 453052at33208        -            334   2.4e-15   58.0  32.2   3   5       7.7   1.2e+03   -0.2   0.0   222   249   471   498   443   508 0.77 -
evm.utg18125.5.1.5c22ec17            -            724 453052at33208        -            334   2.4e-15   58.0  32.2   4   5   1.5e-05    0.0023   18.6   0.1   108   203   529   625   518   632 0.86 -
evm.utg18125.5.1.5c22ec17            -            724 453052at33208        -            334   2.4e-15   58.0  32.2   5   5   0.00039     0.061   13.9   0.5   125   199   633   718   625   720 0.68 -
evm.utg4972.23.2.5c22f18b            -            508 453052at33208        -            334   2.6e-15   57.9   4.2   1   2   4.4e-11   6.9e-09   36.8   0.5   125   208   340   422   335   432 0.87 -
evm.utg4972.23.2.5c22f18b            -            508 453052at33208        -            334   2.6e-15   57.9   4.2   2   2   1.4e-06   0.00022   22.0   0.4   127   202   430   503   426   506 0.84 -
evm.utg4082.42                       -            401 453052at33208        -            334     3e-15   57.7   3.7   1   3   2.3e-07   3.6e-05   24.6   0.1   184   241    49   109    35   110 0.82 -
evm.utg4082.42                       -            401 453052at33208        -            334     3e-15   57.7   3.7   2   3   3.4e-07   5.3e-05   24.0   0.1   125   174    73   121    70   121 0.91 -
evm.utg4082.42                       -            401 453052at33208        -            334     3e-15   57.7   3.7   3   3   3.1e-07   4.8e-05   24.1   0.1   120   248   109   238   107   291 0.83 -
evm.utg498.152.1.5c22f1a3            -            739 453052at33208        -            334   3.3e-15   57.5   2.4   1   2    0.0011      0.17   12.5   0.1   148   215   487   556   480   561 0.79 -
evm.utg498.152.1.5c22f1a3            -            739 453052at33208        -            334   3.3e-15   57.5   2.4   2   2   2.9e-14   4.6e-12   47.2   0.7   127   283   550   702   545   708 0.83 -
evm.utg7821.35                       -            557 453052at33208        -            334   5.2e-15   56.9   0.5   1   4       0.8   1.2e+02    3.1   0.0   272   309   114   156    21   162 0.78 -
evm.utg7821.35                       -            557 453052at33208        -            334   5.2e-15   56.9   0.5   2   4   5.7e-06   0.00088   20.0   0.0   129   171   184   226   180   247 0.88 -
evm.utg7821.35                       -            557 453052at33208        -            334   5.2e-15   56.9   0.5   3   4   0.00013     0.021   15.5   0.1   125   204   266   344   263   347 0.91 -
evm.utg7821.35                       -            557 453052at33208        -            334   5.2e-15   56.9   0.5   4   4    0.0022      0.35   11.5   0.0   184   240   492   554   476   556 0.54 -
evm.utg911.37                        -           1947 453052at33208        -            334   5.3e-15   56.9  28.6   1  10      0.14        22    5.5   0.2   127   175   100   151    45   183 0.55 -
evm.utg911.37                        -           1947 453052at33208        -            334   5.3e-15   56.9  28.6   2  10     9e-05     0.014   16.0   0.1   206   312   276   387   251   394 0.77 -
evm.utg911.37                        -           1947 453052at33208        -            334   5.3e-15   56.9  28.6   3  10    0.0048      0.74   10.4   0.3   190   282   751   849   728   856 0.72 -
evm.utg911.37                        -           1947 453052at33208        -            334   5.3e-15   56.9  28.6   4  10     0.086        13    6.2   0.0   173   241   868   936   862   949 0.74 -
evm.utg911.37                        -           1947 453052at33208        -            334   5.3e-15   56.9  28.6   5  10      0.95   1.5e+02    2.8   0.0   137   199  1008  1070   992  1083 0.73 -
evm.utg911.37                        -           1947 453052at33208        -            334   5.3e-15   56.9  28.6   6  10      0.19        30    5.1   0.1   110   173  1064  1128  1057  1153 0.78 -
evm.utg911.37                        -           1947 453052at33208        -            334   5.3e-15   56.9  28.6   7  10       1.4   2.1e+02    2.3   0.0   125   160  1235  1271  1205  1286 0.85 -
evm.utg911.37                        -           1947 453052at33208        -            334   5.3e-15   56.9  28.6   8  10       8.4   1.3e+03   -0.3   0.1   155   208  1423  1480  1409  1517 0.46 -
evm.utg911.37                        -           1947 453052at33208        -            334   5.3e-15   56.9  28.6   9  10   0.00044     0.069   13.8   0.0   128   261  1670  1808  1648  1829 0.80 -
evm.utg911.37                        -           1947 453052at33208        -            334   5.3e-15   56.9  28.6  10  10       1.2   1.9e+02    2.4   0.1   125   160  1908  1944  1901  1946 0.66 -
evm.utg498.152                       -           1030 453052at33208        -            334   8.4e-15   56.2   2.4   1   2    0.0016      0.24   12.0   0.1   148   215   487   556   476   561 0.80 -
evm.utg498.152                       -           1030 453052at33208        -            334   8.4e-15   56.2   2.4   2   2   5.3e-14   8.2e-12   46.4   0.7   127   283   550   702   546   708 0.83 -
evm.utg1204.47.1.5c22e937            -            333 453052at33208        -            334   9.6e-15   56.0   7.4   1   3   0.00072      0.11   13.1   0.1   125   171     8    55     5    88 0.68 -
evm.utg1204.47.1.5c22e937            -            333 453052at33208        -            334   9.6e-15   56.0   7.4   2   3   6.6e-07    0.0001   23.0   0.9   129   238    57   176    49   180 0.67 -
evm.utg1204.47.1.5c22e937            -            333 453052at33208        -            334   9.6e-15   56.0   7.4   3   3   9.3e-07   0.00014   22.6   0.3   122   224   183   281   181   319 0.70 -
evm.utg5774.3                        -            408 453052at33208        -            334   1.5e-14   55.4   1.8   1   5      0.52        81    3.7   0.1   129   163    27    61    21   115 0.58 -
evm.utg5774.3                        -            408 453052at33208        -            334   1.5e-14   55.4   1.8   2   5      0.27        42    4.6   0.1   127   160   115   148   103   195 0.81 -
evm.utg5774.3                        -            408 453052at33208        -            334   1.5e-14   55.4   1.8   3   5   3.2e-06    0.0005   20.8   0.0   125   161   198   234   192   239 0.93 -
evm.utg5774.3                        -            408 453052at33208        -            334   1.5e-14   55.4   1.8   4   5   5.6e-06   0.00086   20.0   0.0   127   162   243   278   238   282 0.93 -
evm.utg5774.3                        -            408 453052at33208        -            334   1.5e-14   55.4   1.8   5   5       2.9   4.5e+02    1.2   0.0   144   162   384   402   366   405 0.71 -
evm.utg26120.19                      -            408 453052at33208        -            334   1.6e-14   55.3   1.4   1   5      0.52        81    3.7   0.1   129   163    27    61    21   115 0.58 -
evm.utg26120.19                      -            408 453052at33208        -            334   1.6e-14   55.3   1.4   2   5      0.26        41    4.6   0.1   127   160   115   148   106   195 0.79 -
evm.utg26120.19                      -            408 453052at33208        -            334   1.6e-14   55.3   1.4   3   5   5.6e-06   0.00087   20.0   0.0   125   161   198   234   190   240 0.93 -
evm.utg26120.19                      -            408 453052at33208        -            334   1.6e-14   55.3   1.4   4   5   5.6e-06   0.00086   20.0   0.0   127   162   243   278   238   282 0.93 -
evm.utg26120.19                      -            408 453052at33208        -            334   1.6e-14   55.3   1.4   5   5       2.3   3.5e+02    1.6   0.0   141   162   381   402   363   405 0.69 -
evm.utg186.22                        -           1975 453052at33208        -            334   1.8e-14   55.1  30.2   1  10      0.19        29    5.1   0.1   126   173    99   149    42   175 0.49 -
evm.utg186.22                        -           1975 453052at33208        -            334   1.8e-14   55.1  30.2   2  10   3.7e-05    0.0057   17.3   0.1   207   312   277   387   251   392 0.77 -
evm.utg186.22                        -           1975 453052at33208        -            334   1.8e-14   55.1  30.2   3  10    0.0067         1    9.9   0.7   191   282   752   849   728   857 0.68 -
evm.utg186.22                        -           1975 453052at33208        -            334   1.8e-14   55.1  30.2   4  10     0.084        13    6.3   0.0   173   241   868   936   859   949 0.75 -
evm.utg186.22                        -           1975 453052at33208        -            334   1.8e-14   55.1  30.2   5  10       1.2   1.9e+02    2.5   0.0   146   199  1017  1070   992  1080 0.72 -
evm.utg186.22                        -           1975 453052at33208        -            334   1.8e-14   55.1  30.2   6  10      0.37        57    4.2   0.1   110   173  1064  1128  1057  1153 0.78 -
evm.utg186.22                        -           1975 453052at33208        -            334   1.8e-14   55.1  30.2   7  10       1.5   2.3e+02    2.2   0.0   125   160  1235  1271  1202  1279 0.83 -
evm.utg186.22                        -           1975 453052at33208        -            334   1.8e-14   55.1  30.2   8  10       2.4   3.7e+02    1.5   0.2   153   212  1449  1512  1413  1631 0.61 -
evm.utg186.22                        -           1975 453052at33208        -            334   1.8e-14   55.1  30.2   9  10    0.0013      0.21   12.2   0.0   128   261  1698  1836  1675  1856 0.79 -
evm.utg186.22                        -           1975 453052at33208        -            334   1.8e-14   55.1  30.2  10  10       1.3     2e+02    2.4   0.1   125   160  1936  1972  1929  1974 0.67 -
evm.utg439.49.1.5c22f0fa.1.5c27952e  -            353 453052at33208        -            334   1.8e-14   55.1  12.9   1   4       7.8   1.2e+03   -0.2   2.9     3    52    58   107    56   114 0.86 -
evm.utg439.49.1.5c22f0fa.1.5c27952e  -            353 453052at33208        -            334   1.8e-14   55.1  12.9   2   4   7.9e-05     0.012   16.2   0.1   124   163   139   179   137   182 0.89 -
evm.utg439.49.1.5c22f0fa.1.5c27952e  -            353 453052at33208        -            334   1.8e-14   55.1  12.9   3   4     5e-06   0.00077   20.2   0.0   125   162   184   221   180   233 0.91 -
evm.utg439.49.1.5c22f0fa.1.5c27952e  -            353 453052at33208        -            334   1.8e-14   55.1  12.9   4   4     5e-07   7.8e-05   23.5   0.1   109   162   254   307   248   317 0.93 -
evm.utg194.98                        -            510 453052at33208        -            334   2.3e-14   54.8   5.6   1   4   0.00033     0.051   14.2   0.1   152   205   246   300   227   304 0.56 -
evm.utg194.98                        -            510 453052at33208        -            334   2.3e-14   54.8   5.6   2   4     0.042       6.5    7.3   0.1   125   155   303   333   300   388 0.78 -
evm.utg194.98                        -            510 453052at33208        -            334   2.3e-14   54.8   5.6   3   4   2.3e-05    0.0036   18.0   0.0   124   198   389   465   374   469 0.77 -
evm.utg194.98                        -            510 453052at33208        -            334   2.3e-14   54.8   5.6   4   4   2.9e-05    0.0045   17.7   0.1   105   159   445   507   442   509 0.78 -
evm.utg26120.19.1.5c2792a7           -            291 453052at33208        -            334     3e-14   54.4   1.6   1   4       0.3        47    4.5   0.1   128   164    26    62    21   115 0.57 -
evm.utg26120.19.1.5c2792a7           -            291 453052at33208        -            334     3e-14   54.4   1.6   2   4      0.16        25    5.4   0.1   127   161   115   149   107   195 0.78 -
evm.utg26120.19.1.5c2792a7           -            291 453052at33208        -            334     3e-14   54.4   1.6   3   4   3.3e-06   0.00051   20.8   0.0   124   161   197   234   186   240 0.93 -
evm.utg26120.19.1.5c2792a7           -            291 453052at33208        -            334     3e-14   54.4   1.6   4   4   3.5e-06   0.00055   20.7   0.0   127   162   243   278   238   282 0.93 -
evm.utg109.41.1.5c22e88a             -            506 453052at33208        -            334   4.2e-14   53.9   0.0   1   3      0.28        43    4.6   0.0   134   196   278   339   267   342 0.62 -
evm.utg109.41.1.5c22e88a             -            506 453052at33208        -            334   4.2e-14   53.9   0.0   2   3   9.9e-09   1.5e-06   29.0   0.0   129   203   348   423   345   428 0.92 -
evm.utg109.41.1.5c22e88a             -            506 453052at33208        -            334   4.2e-14   53.9   0.0   3   3   5.1e-05    0.0079   16.8   0.0   124   174   427   477   422   487 0.90 -
utg7048.equina_smart_178578.mrna2    -            137 453052at33208        -            334   5.7e-14   53.5   7.1   1   1   4.8e-16   7.5e-14   53.1   7.1    12    75    62   131    51   135 0.83 -
evm.utg911.6.2.5c22f4f3.1.5c279873   -           1182 453052at33208        -            334   7.2e-14   53.1   3.4   1   5   6.7e-05      0.01   16.5   0.1    99   208    87   212    64   220 0.78 -
evm.utg911.6.2.5c22f4f3.1.5c279873   -           1182 453052at33208        -            334   7.2e-14   53.1   3.4   2   5       2.2   3.4e+02    1.6   0.0   134   167   342   375   266   391 0.67 -
evm.utg911.6.2.5c22f4f3.1.5c279873   -           1182 453052at33208        -            334   7.2e-14   53.1   3.4   3   5      0.09        14    6.2   0.0   148   171   414   437   411   459 0.82 -
evm.utg911.6.2.5c22f4f3.1.5c279873   -           1182 453052at33208        -            334   7.2e-14   53.1   3.4   4   5    0.0085       1.3    9.5   0.0   188   281   537   641   480   664 0.69 -
evm.utg911.6.2.5c22f4f3.1.5c279873   -           1182 453052at33208        -            334   7.2e-14   53.1   3.4   5   5   0.00023     0.036   14.7   0.0   123   166   692   734   674   745 0.88 -
evm.utg1575.11                       -           1282 453052at33208        -            334   7.6e-14   53.1   0.4   1   2       8.7   1.4e+03   -0.4   0.0   226   260   958   989   942  1011 0.73 -
evm.utg1575.11                       -           1282 453052at33208        -            334   7.6e-14   53.1   0.4   2   2   3.8e-15   5.9e-13   50.1   0.6   125   283  1071  1229  1062  1240 0.84 -
evm.utg2129.40.1.5c22ed08            -            389 453052at33208        -            334   7.7e-14   53.0   4.6   1   3   0.00025     0.039   14.6   0.1   126   203    98   176    90   182 0.81 -
evm.utg2129.40.1.5c22ed08            -            389 453052at33208        -            334   7.7e-14   53.0   4.6   2   3   1.3e-10   2.1e-08   35.2   0.1   126   251   186   318   182   321 0.82 -
evm.utg2129.40.1.5c22ed08            -            389 453052at33208        -            334   7.7e-14   53.0   4.6   3   3    0.0014      0.22   12.1   0.0   125   201   271   350   268   358 0.91 -
evm.utg5774.3.1.5c22f241             -            362 453052at33208        -            334   7.8e-14   53.0   2.0   1   4      0.43        67    3.9   0.1   129   164    27    62    21   115 0.57 -
evm.utg5774.3.1.5c22f241             -            362 453052at33208        -            334   7.8e-14   53.0   2.0   2   4      0.25        39    4.7   0.1   127   160   115   148   108   195 0.81 -
evm.utg5774.3.1.5c22f241             -            362 453052at33208        -            334   7.8e-14   53.0   2.0   3   4   2.5e-06   0.00039   21.2   0.0   125   161   198   234   190   242 0.93 -
evm.utg5774.3.1.5c22f241             -            362 453052at33208        -            334   7.8e-14   53.0   2.0   4   4   4.7e-06   0.00074   20.2   0.0   127   162   243   278   238   282 0.93 -
evm.utg1721.37                       -            409 453052at33208        -            334   9.6e-14   52.7   4.8   1   3      0.39        61    4.1   0.0   184   207    83   105    59   111 0.66 -
evm.utg1721.37                       -            409 453052at33208        -            334   9.6e-14   52.7   4.8   2   3   7.6e-12   1.2e-09   39.3   1.1   128   281   110   268   105   280 0.88 -
evm.utg1721.37                       -            409 453052at33208        -            334   9.6e-14   52.7   4.8   3   3      0.05       7.8    7.0   0.0   127   162   369   404   365   407 0.93 -
evm.utg439.49.1.5c22f0fa             -            492 453052at33208        -            334     1e-13   52.7  12.9   1   3   0.00012     0.019   15.6   0.1   124   163   278   318   276   321 0.89 -
evm.utg439.49.1.5c22f0fa             -            492 453052at33208        -            334     1e-13   52.7  12.9   2   3   7.8e-06    0.0012   19.5   0.0   125   162   323   360   319   372 0.91 -
evm.utg439.49.1.5c22f0fa             -            492 453052at33208        -            334     1e-13   52.7  12.9   3   3   8.1e-07   0.00013   22.8   0.1   109   162   393   446   387   456 0.93 -
evm.utg431.5                         -           1181 453052at33208        -            334   1.5e-13   52.1  10.7   1   5   0.00071      0.11   13.1   0.0   124   165   186   227   181   245 0.91 -
evm.utg431.5                         -           1181 453052at33208        -            334   1.5e-13   52.1  10.7   2   5   0.00057     0.088   13.4   0.1   144   203   254   314   234   327 0.84 -
evm.utg431.5                         -           1181 453052at33208        -            334   1.5e-13   52.1  10.7   3   5      0.62        96    3.4   0.2   104   161   421   490   416   500 0.73 -
evm.utg431.5                         -           1181 453052at33208        -            334   1.5e-13   52.1  10.7   4   5    0.0012      0.18   12.4   0.0   176   258   576   666   566   680 0.77 -
evm.utg431.5                         -           1181 453052at33208        -            334   1.5e-13   52.1  10.7   5   5    0.0059      0.92   10.1   0.1   118   164  1081  1126  1074  1138 0.77 -
evm.utg729.25.1.5c279763             -            740 453052at33208        -            334   1.7e-13   51.9   4.3   1   3   2.7e-05    0.0041   17.8   0.0   121   163   522   564   518   567 0.95 -
evm.utg729.25.1.5c279763             -            740 453052at33208        -            334   1.7e-13   51.9   4.3   2   3   0.00084      0.13   12.9   0.0   123   161   577   615   570   619 0.92 -
evm.utg729.25.1.5c279763             -            740 453052at33208        -            334   1.7e-13   51.9   4.3   3   3   3.8e-06   0.00059   20.6   0.0   128   160   635   667   630   728 0.92 -
evm.utg5513.6                        -           1208 453052at33208        -            334   1.8e-13   51.9  11.5   1   6   0.00046     0.072   13.7   0.1   124   163   227   266   223   272 0.91 -
evm.utg5513.6                        -           1208 453052at33208        -            334   1.8e-13   51.9  11.5   2   6   0.00023     0.036   14.7   0.1   144   203   295   355   275   405 0.86 -
evm.utg5513.6                        -           1208 453052at33208        -            334   1.8e-13   51.9  11.5   3   6       1.5   2.4e+02    2.1   0.3   106   161   464   531   458   541 0.71 -
evm.utg5513.6                        -           1208 453052at33208        -            334   1.8e-13   51.9  11.5   4   6    0.0035      0.54   10.8   0.0   178   258   619   707   604   717 0.78 -
evm.utg5513.6                        -           1208 453052at33208        -            334   1.8e-13   51.9  11.5   5   6       7.1   1.1e+03   -0.1   0.0   172   211   838   876   836   893 0.75 -
evm.utg5513.6                        -           1208 453052at33208        -            334   1.8e-13   51.9  11.5   6   6    0.0039      0.61   10.7   0.2   118   164  1108  1153  1106  1162 0.78 -
evm.utg3872.12.1.5c22f029            -            412 453052at33208        -            334   2.1e-13   51.6   3.9   1   3     0.022       3.4    8.2   0.0   124   162   154   192   101   197 0.45 -
evm.utg3872.12.1.5c22f029            -            412 453052at33208        -            334   2.1e-13   51.6   3.9   2   3   1.2e-05    0.0018   19.0   0.0    93   161   156   234   142   238 0.79 -
evm.utg3872.12.1.5c22f029            -            412 453052at33208        -            334   2.1e-13   51.6   3.9   3   3   6.8e-09   1.1e-06   29.6   1.4   123   282   238   410   232   411 0.64 -
evm.utg3872.12                       -            514 453052at33208        -            334   5.3e-13   50.3   3.7   1   3     0.038       5.9    7.4   0.0   126   284   258   294   206   298 0.46 -
evm.utg3872.12                       -            514 453052at33208        -            334   5.3e-13   50.3   3.7   2   3   1.6e-05    0.0026   18.5   0.0    91   161   256   336   243   339 0.78 -
evm.utg3872.12                       -            514 453052at33208        -            334   5.3e-13   50.3   3.7   3   3   1.1e-08   1.6e-06   29.0   1.4   123   282   340   512   334   513 0.63 -
evm.utg418.52                        -            385 453052at33208        -            334     1e-12   49.4   5.4   1   4      0.17        26    5.3   0.1   214   240    63    89    54    96 0.88 -
evm.utg418.52                        -            385 453052at33208        -            334     1e-12   49.4   5.4   2   4   4.2e-08   6.5e-06   27.0   0.1   123   185    97   160    92   163 0.90 -
evm.utg418.52                        -            385 453052at33208        -            334     1e-12   49.4   5.4   3   4   0.00069      0.11   13.1   0.0   215   255   154   193   152   227 0.66 -
evm.utg418.52                        -            385 453052at33208        -            334     1e-12   49.4   5.4   4   4      0.11        17    5.9   0.1   124   167   230   274   216   334 0.71 -
evm.utg402.7                         -            934 453052at33208        -            334   1.1e-12   49.3   0.2   1   4   9.8e-05     0.015   15.9   0.0   130   200   239   309   216   309 0.85 -
evm.utg402.7                         -            934 453052at33208        -            334   1.1e-12   49.3   0.2   2   4    0.0001     0.016   15.9   0.0   127   204   277   353   272   369 0.84 -
evm.utg402.7                         -            934 453052at33208        -            334   1.1e-12   49.3   0.2   3   4     0.011       1.8    9.1   0.0   226   283   511   571   504   597 0.71 -
evm.utg402.7                         -            934 453052at33208        -            334   1.1e-12   49.3   0.2   4   4    0.0008      0.12   12.9   0.0   234   313   614   697   606   704 0.74 -
evm.utg2099.25                       -            385 453052at33208        -            334   1.1e-12   49.3   4.4   1   3      0.17        27    5.3   0.1   214   240    63    89    54    95 0.88 -
evm.utg2099.25                       -            385 453052at33208        -            334   1.1e-12   49.3   4.4   2   3   3.8e-11   5.9e-09   37.0   0.4   170   310   102   257   101   263 0.61 -
evm.utg2099.25                       -            385 453052at33208        -            334   1.1e-12   49.3   4.4   3   3      0.14        22    5.5   0.1   123   167   229   274   215   321 0.76 -
evm.utg967.29                        -            325 453052at33208        -            334   1.7e-12   48.7   0.1   1   4    0.0044      0.69   10.5   0.0   125   160    51    86     7    96 0.59 -
evm.utg967.29                        -            325 453052at33208        -            334   1.7e-12   48.7   0.1   2   4   3.4e-05    0.0053   17.4   0.1   125   202    51   128    30   134 0.92 -
evm.utg967.29                        -            325 453052at33208        -            334   1.7e-12   48.7   0.1   3   4     3e-07   4.6e-05   24.2   0.2   131   239    98   210    94   211 0.85 -
evm.utg967.29                        -            325 453052at33208        -            334   1.7e-12   48.7   0.1   4   4    0.0013       0.2   12.2   0.0   151   240   201   294   182   300 0.81 -
evm.utg798.40                        -            320 453052at33208        -            334   2.6e-12   48.0   1.3   1   3       6.5     1e+03    0.1   0.0   271   283    78    90    66    95 0.64 -
evm.utg798.40                        -            320 453052at33208        -            334   2.6e-12   48.0   1.3   2   3   2.1e-07   3.3e-05   24.7   0.5   123   239    95   223    94   226 0.74 -
evm.utg798.40                        -            320 453052at33208        -            334   2.6e-12   48.0   1.3   3   3   5.2e-05     0.008   16.8   0.0   124   181   230   289   227   309 0.85 -
evm.utg579.18                        -            368 453052at33208        -            334   3.3e-12   47.7   0.1   1   5      0.28        44    4.5   0.0   127   171    46    90    40    99 0.87 -
evm.utg579.18                        -            368 453052at33208        -            334   3.3e-12   47.7   0.1   2   5    0.0004     0.062   13.9   0.0   160   208   100   149    97   176 0.73 -
evm.utg579.18                        -            368 453052at33208        -            334   3.3e-12   47.7   0.1   3   5       4.2   6.6e+02    0.7   0.0   288   314   155   179   148   191 0.78 -
evm.utg579.18                        -            368 453052at33208        -            334   3.3e-12   47.7   0.1   4   5     0.076        12    6.4   0.0   129   169   200   240   185   246 0.67 -
evm.utg579.18                        -            368 453052at33208        -            334   3.3e-12   47.7   0.1   5   5   4.5e-05     0.007   17.0   0.1   127   240   240   364   236   366 0.72 -
evm.utg1629.22                       -           1004 453052at33208        -            334   3.4e-12   47.6   4.6   1   2   2.8e-06   0.00044   21.0   0.1   123   201   192   273   163   280 0.85 -
evm.utg1629.22                       -           1004 453052at33208        -            334   3.4e-12   47.6   4.6   2   2   4.4e-07   6.8e-05   23.7   1.4   123   205   278   362   267   404 0.83 -
evm.utg597.204                       -            898 453052at33208        -            334   3.7e-12   47.5  13.5   1   4    0.0029      0.45   11.1   1.1   119   212    82   181    25   213 0.63 -
evm.utg597.204                       -            898 453052at33208        -            334   3.7e-12   47.5  13.5   2   4    0.0013      0.21   12.2   0.0   119   200   212   296   197   302 0.85 -
evm.utg597.204                       -            898 453052at33208        -            334   3.7e-12   47.5  13.5   3   4   0.00054     0.084   13.5   0.0   129   202   471   544   465   549 0.89 -
evm.utg597.204                       -            898 453052at33208        -            334   3.7e-12   47.5  13.5   4   4   2.7e-05    0.0042   17.7   0.0   112   181   537   606   528   629 0.78 -
evm.utg1629.22.1.5c22eb7d            -            969 453052at33208        -            334   4.2e-12   47.3   4.8   1   2   3.3e-06   0.00052   20.7   0.1   123   201   157   238   128   242 0.86 -
evm.utg1629.22.1.5c22eb7d            -            969 453052at33208        -            334   4.2e-12   47.3   4.8   2   2     2e-07   3.2e-05   24.7   0.2   119   203   234   325   231   333 0.84 -
evm.utg15197.11                      -           1003 453052at33208        -            334   4.2e-12   47.3   4.9   1   2   3.4e-06   0.00053   20.7   0.1   123   201   191   272   161   275 0.85 -
evm.utg15197.11                      -           1003 453052at33208        -            334   4.2e-12   47.3   4.9   2   2     5e-07   7.8e-05   23.4   1.5   123   205   277   361   266   403 0.84 -
evm.utg4464.3                        -            892 453052at33208        -            334   4.3e-12   47.3  12.4   1   3   0.00011     0.017   15.7   1.3   123   306    89   284    25   286 0.62 -
evm.utg4464.3                        -            892 453052at33208        -            334   4.3e-12   47.3  12.4   2   3   0.00039      0.06   14.0   0.0   129   202   465   538   449   543 0.89 -
evm.utg4464.3                        -            892 453052at33208        -            334   4.3e-12   47.3  12.4   3   3   5.1e-06   0.00079   20.1   0.0   112   181   531   600   521   624 0.78 -
evm.utg622.118                       -           1466 453052at33208        -            334   6.7e-12   46.7   9.2   1   7     0.017       2.7    8.5   0.1   126   195   407   479   388   538 0.71 -
evm.utg622.118                       -           1466 453052at33208        -            334   6.7e-12   46.7   9.2   2   7       4.6   7.1e+02    0.6   0.0   218   243   616   641   605   668 0.78 -
evm.utg622.118                       -           1466 453052at33208        -            334   6.7e-12   46.7   9.2   3   7    0.0017      0.26   11.9   0.0   127   204   687   765   677   772 0.86 -
evm.utg622.118                       -           1466 453052at33208        -            334   6.7e-12   46.7   9.2   4   7       0.3        47    4.5   0.0   124   152   768   796   763   811 0.82 -
evm.utg622.118                       -           1466 453052at33208        -            334   6.7e-12   46.7   9.2   5   7     0.035       5.4    7.5   0.0   103   160   924   990   914   995 0.80 -
evm.utg622.118                       -           1466 453052at33208        -            334   6.7e-12   46.7   9.2   6   7    0.0067         1    9.9   0.4   127   240  1206  1331  1187  1345 0.73 -
evm.utg622.118                       -           1466 453052at33208        -            334   6.7e-12   46.7   9.2   7   7         2   3.1e+02    1.7   0.0   216   282  1364  1427  1353  1438 0.60 -
evm.utg14.76                         -            335 453052at33208        -            334   1.6e-11   45.5   6.7   1   3   0.00028     0.043   14.4   0.1   142   242    29   136     9   146 0.73 -
evm.utg14.76                         -            335 453052at33208        -            334   1.6e-11   45.5   6.7   2   3   1.6e-05    0.0025   18.5   0.0    99   161   146   218   133   223 0.83 -
evm.utg14.76                         -            335 453052at33208        -            334   1.6e-11   45.5   6.7   3   3    0.0011      0.17   12.5   0.6   119   160   285   331   282   333 0.82 -
evm.utg729.160                       -            877 453052at33208        -            334   1.9e-11   45.2   2.1   1   5       0.2        31    5.0   0.0   127   162    49    85     8    92 0.83 -
evm.utg729.160                       -            877 453052at33208        -            334   1.9e-11   45.2   2.1   2   5   5.3e-05    0.0083   16.8   0.0   126   207   144   228   109   253 0.83 -
evm.utg729.160                       -            877 453052at33208        -            334   1.9e-11   45.2   2.1   3   5   0.00072      0.11   13.1   0.0   126   160   618   652   583   681 0.80 -
evm.utg729.160                       -            877 453052at33208        -            334   1.9e-11   45.2   2.1   4   5       1.5   2.4e+02    2.1   0.0   211   257   745   791   727   804 0.83 -
evm.utg729.160                       -            877 453052at33208        -            334   1.9e-11   45.2   2.1   5   5         1   1.6e+02    2.7   0.0   146   199   811   868   797   873 0.78 -
evm.utg1721.37.1.5c22ebc9            -            385 453052at33208        -            334   2.4e-11   44.9   4.6   1   3      0.36        56    4.2   0.0   184   207    83   105    59   111 0.66 -
evm.utg1721.37.1.5c22ebc9            -            385 453052at33208        -            334   2.4e-11   44.9   4.6   2   3   6.5e-12     1e-09   39.5   1.1   128   281   110   268   105   281 0.88 -
evm.utg1721.37.1.5c22ebc9            -            385 453052at33208        -            334   2.4e-11   44.9   4.6   3   3       2.8   4.3e+02    1.3   0.0   129   160   329   360   308   377 0.81 -
evm.utg4271.15                       -            398 453052at33208        -            334   2.5e-11   44.8   6.5   1   3   2.4e-06   0.00038   21.2   1.2   130   243    97   219    93   232 0.71 -
evm.utg4271.15                       -            398 453052at33208        -            334   2.5e-11   44.8   6.5   2   3   0.00072      0.11   13.1   0.0   287   328   241   280   235   284 0.78 -
evm.utg4271.15                       -            398 453052at33208        -            334   2.5e-11   44.8   6.5   3   3    0.0028      0.43   11.1   0.1   108   159   303   361   293   366 0.76 -
evm.utg101.131                       -            607 453052at33208        -            334   2.6e-11   44.7   3.0   1   2   9.9e-06    0.0015   19.2   0.2    99   175    15   103     6   107 0.79 -
evm.utg101.131                       -            607 453052at33208        -            334   2.6e-11   44.7   3.0   2   2   1.7e-08   2.7e-06   28.2   0.8   125   255    95   235    90   304 0.78 -
evm.utg163.18                        -            542 453052at33208        -            334   2.8e-11   44.6   0.1   1   2      0.43        67    3.9   0.0   131   168   183   221   172   229 0.73 -
evm.utg163.18                        -            542 453052at33208        -            334   2.8e-11   44.6   0.1   2   2   1.7e-11   2.7e-09   38.1   0.0   123   314   255   467   250   479 0.73 -
evm.utg1230.12                       -           1137 453052at33208        -            334   3.6e-11   44.3   6.3   1   6       5.4   8.4e+02    0.3   0.1   215   283   138   205   132   215 0.68 -
evm.utg1230.12                       -           1137 453052at33208        -            334   3.6e-11   44.3   6.3   2   6       9.7   1.5e+03   -0.5   0.0   175   201   341   367   328   372 0.80 -
evm.utg1230.12                       -           1137 453052at33208        -            334   3.6e-11   44.3   6.3   3   6   2.3e-06   0.00036   21.3   0.0   124   282   374   544   360   551 0.79 -
evm.utg1230.12                       -           1137 453052at33208        -            334   3.6e-11   44.3   6.3   4   6      0.65     1e+02    3.4   0.0   211   246   649   684   642   693 0.84 -
evm.utg1230.12                       -           1137 453052at33208        -            334   3.6e-11   44.3   6.3   5   6     0.011       1.7    9.1   0.0   221   284   833   898   829   903 0.89 -
evm.utg1230.12                       -           1137 453052at33208        -            334   3.6e-11   44.3   6.3   6   6     0.095        15    6.1   0.1   122   166   927   971   924   983 0.86 -
utg356.equina_smart_371689.mrna1     -            318 453052at33208        -            334   5.6e-11   43.6   2.1   1   4       2.6   4.1e+02    1.4   0.0   192   308    17    57     7    80 0.50 -
utg356.equina_smart_371689.mrna1     -            318 453052at33208        -            334   5.6e-11   43.6   2.1   2   4   0.00017     0.026   15.1   0.0   174   242    84   157    80   198 0.80 -
utg356.equina_smart_371689.mrna1     -            318 453052at33208        -            334   5.6e-11   43.6   2.1   3   4   3.5e-05    0.0055   17.4   0.2   121   203   207   291   204   294 0.87 -
utg356.equina_smart_371689.mrna1     -            318 453052at33208        -            334   5.6e-11   43.6   2.1   4   4    0.0021      0.33   11.5   0.2   135   176   264   305   254   317 0.80 -
evm.utg715.1                         -            408 453052at33208        -            334   6.2e-11   43.5   0.1   1   3    0.0053      0.83   10.2   0.0   127   174    61   109    55   110 0.87 -
evm.utg715.1                         -            408 453052at33208        -            334   6.2e-11   43.5   0.1   2   3   1.6e-06   0.00025   21.8   0.0   124   251   101   239    99   249 0.75 -
evm.utg715.1                         -            408 453052at33208        -            334   6.2e-11   43.5   0.1   3   3   0.00072      0.11   13.1   0.0   174   242   285   358   260   366 0.72 -
evm.utg5950.24                       -            446 453052at33208        -            334   6.9e-11   43.3   0.4   1   3   2.4e-05    0.0038   17.9   0.1   126   242    31   150     6   163 0.72 -
evm.utg5950.24                       -            446 453052at33208        -            334   6.9e-11   43.3   0.4   2   3      0.17        27    5.2   0.0   120   197   163   242   150   250 0.85 -
evm.utg5950.24                       -            446 453052at33208        -            334   6.9e-11   43.3   0.4   3   3   5.4e-05    0.0084   16.8   0.0   127   179   265   317   261   327 0.91 -
evm.utg788.47                        -           1044 453052at33208        -            334   8.6e-11   43.0  15.1   1   7      0.36        57    4.2   0.0   222   254   110   143    79   171 0.71 -
evm.utg788.47                        -           1044 453052at33208        -            334   8.6e-11   43.0  15.1   2   7   2.9e-05    0.0045   17.6   0.1   121   165   353   397   346   407 0.87 -
evm.utg788.47                        -           1044 453052at33208        -            334   8.6e-11   43.0  15.1   3   7       9.9   1.5e+03   -0.5   0.0   128   163   447   482   434   488 0.82 -
evm.utg788.47                        -           1044 453052at33208        -            334   8.6e-11   43.0  15.1   4   7     0.034       5.4    7.5   0.0   145   201   493   550   482   562 0.82 -
evm.utg788.47                        -           1044 453052at33208        -            334   8.6e-11   43.0  15.1   5   7      0.57        88    3.5   0.0   129   191   568   627   562   637 0.85 -
evm.utg788.47                        -           1044 453052at33208        -            334   8.6e-11   43.0  15.1   6   7     0.001      0.16   12.5   0.0   145   204   691   752   685   757 0.88 -
evm.utg788.47                        -           1044 453052at33208        -            334   8.6e-11   43.0  15.1   7   7       8.6   1.3e+03   -0.3   0.0   125   164   768   809   766   832 0.78 -
evm.utg1056.107.1.5c22e85b           -            724 453052at33208        -            334   8.8e-11   43.0   0.9   1   1   5.6e-13   8.8e-11   43.0   0.9   125   279   447   604   406   611 0.79 -
evm.utg5950.24.1.5c22f287            -            477 453052at33208        -            334   9.7e-11   42.9   0.4   1   3   1.4e-05    0.0022   18.7   0.1   126   242    31   150     6   187 0.69 -
evm.utg5950.24.1.5c22f287            -            477 453052at33208        -            334   9.7e-11   42.9   0.4   2   3      0.19        30    5.1   0.0   120   197   163   242   151   253 0.85 -
evm.utg5950.24.1.5c22f287            -            477 453052at33208        -            334   9.7e-11   42.9   0.4   3   3   5.7e-05    0.0089   16.7   0.0   127   179   296   348   291   358 0.91 -
evm.utg479.8.2.5c22f153              -            362 453052at33208        -            334   1.1e-10   42.7   7.2   1   2   4.6e-08   7.1e-06   26.9   1.9   124   274    33   195    30   203 0.69 -
evm.utg479.8.2.5c22f153              -            362 453052at33208        -            334   1.1e-10   42.7   7.2   2   2   0.00032      0.05   14.2   0.8    78   183   181   280   160   356 0.77 -
evm.utg2083.46                       -            338 453052at33208        -            334   1.1e-10   42.6   3.5   1   3   2.7e-09   4.3e-07   30.9   0.2   124   272    57   207    53   223 0.74 -
evm.utg2083.46                       -            338 453052at33208        -            334   1.1e-10   42.6   3.5   2   3       3.6   5.6e+02    0.9   0.0    79    98   239   258   222   272 0.69 -
evm.utg2083.46                       -            338 453052at33208        -            334   1.1e-10   42.6   3.5   3   3    0.0093       1.4    9.4   0.0   140   163   284   307   272   313 0.82 -
evm.utg7412.19                       -            738 453052at33208        -            334   1.2e-10   42.5   0.7   1   3   2.5e-05    0.0039   17.9   0.1   125   204    89   170    85   174 0.85 -
evm.utg7412.19                       -            738 453052at33208        -            334   1.2e-10   42.5   0.7   2   3     0.095        15    6.1   0.0   129   163   213   247   206   252 0.68 -
evm.utg7412.19                       -            738 453052at33208        -            334   1.2e-10   42.5   0.7   3   3   0.00044     0.069   13.8   0.0   123   204   306   392   286   403 0.56 -
evm.utg2428.30                       -            816 453052at33208        -            334   1.3e-10   42.4   0.2   1   2   6.3e-07   9.8e-05   23.1   0.0   126   284    47   218    35   227 0.78 -
evm.utg2428.30                       -            816 453052at33208        -            334   1.3e-10   42.4   0.2   2   2   8.6e-05     0.013   16.1   0.1    85   160   292   363   280   367 0.91 -
evm.utg7127.48                       -            998 453052at33208        -            334   1.4e-10   42.4   2.2   1   5     0.074        11    6.5   0.1   226   283   511   569   496   576 0.80 -
evm.utg7127.48                       -            998 453052at33208        -            334   1.4e-10   42.4   2.2   2   5    0.0067         1    9.9   0.0   213   285   589   661   583   670 0.84 -
evm.utg7127.48                       -            998 453052at33208        -            334   1.4e-10   42.4   2.2   3   5     0.013       2.1    8.9   0.0   126   199   717   791   702   835 0.81 -
evm.utg7127.48                       -            998 453052at33208        -            334   1.4e-10   42.4   2.2   4   5      0.24        38    4.8   0.1   123   160   844   881   810   890 0.85 -
evm.utg7127.48                       -            998 453052at33208        -            334   1.4e-10   42.4   2.2   5   5     0.072        11    6.5   0.1    65   103   955   996   951   997 0.74 -
evm.utg172.19                        -            489 453052at33208        -            334   1.6e-10   42.2   3.2   1   3      0.44        68    3.9   0.5   124   177   217   270    94   300 0.68 -
evm.utg172.19                        -            489 453052at33208        -            334   1.6e-10   42.2   3.2   2   3     3e-06   0.00047   20.9   0.0   128   202   304   382   298   393 0.83 -
evm.utg172.19                        -            489 453052at33208        -            334   1.6e-10   42.2   3.2   3   3   8.4e-05     0.013   16.1   0.0   133   206   395   471   387   480 0.87 -
evm.utg967.29.1.5c22f549             -            266 453052at33208        -            334   1.9e-10   41.9   3.6   1   3    0.0031      0.49   11.0   0.0   124   160    50    86     7    96 0.58 -
evm.utg967.29.1.5c22f549             -            266 453052at33208        -            334   1.9e-10   41.9   3.6   2   3   2.5e-05    0.0039   17.8   0.1   125   202    51   128    30   132 0.92 -
evm.utg967.29.1.5c22f549             -            266 453052at33208        -            334   1.9e-10   41.9   3.6   3   3   5.1e-08   7.9e-06   26.7   0.2   131   241    98   212    92   252 0.86 -
evm.utg126.136                       -            473 453052at33208        -            334     2e-10   41.8   4.3   1   3   0.00028     0.043   14.4   0.3   225   284   129   188    94   204 0.77 -
evm.utg126.136                       -            473 453052at33208        -            334     2e-10   41.8   4.3   2   3       2.1   3.2e+02    1.7   0.0   146   164   224   242   212   259 0.84 -
evm.utg126.136                       -            473 453052at33208        -            334     2e-10   41.8   4.3   3   3   1.2e-07   1.8e-05   25.5   0.1   115   205   326   418   314   430 0.84 -
evm.utg245.48                        -            321 453052at33208        -            334     2e-10   41.8   1.2   1   3     0.046       7.2    7.1   0.0   127   162    16    51    13    55 0.84 -
evm.utg245.48                        -            321 453052at33208        -            334     2e-10   41.8   1.2   2   3   3.6e-09   5.7e-07   30.5   0.4   125   239    64   181    59   190 0.79 -
evm.utg245.48                        -            321 453052at33208        -            334     2e-10   41.8   1.2   3   3       3.8   5.9e+02    0.8   0.0   125   159   280   312   243   317 0.66 -
evm.utg868.30                        -           1627 453052at33208        -            334   2.5e-10   41.5   0.4   1   3    0.0077       1.2    9.7   0.1   128   162  1307  1339  1300  1346 0.68 -
evm.utg868.30                        -           1627 453052at33208        -            334   2.5e-10   41.5   0.4   2   3   0.00052     0.081   13.5   0.1   125   164  1344  1382  1341  1434 0.88 -
evm.utg868.30                        -           1627 453052at33208        -            334   2.5e-10   41.5   0.4   3   3   7.2e-11   1.1e-08   36.1   0.0   119   284  1436  1610  1404  1614 0.78 -
evm.utg5985.15.3.5c22f28e            -            337 453052at33208        -            334   2.8e-10   41.3   1.7   1   4         4   6.3e+02    0.7   0.0   155   204    13    68     2    76 0.60 -
evm.utg5985.15.3.5c22f28e            -            337 453052at33208        -            334   2.8e-10   41.3   1.7   2   4   2.7e-06   0.00042   21.1   0.0   130   203    86   159    73   170 0.87 -
evm.utg5985.15.3.5c22f28e            -            337 453052at33208        -            334   2.8e-10   41.3   1.7   3   4    0.0068       1.1    9.9   0.1   126   162   173   209   167   213 0.92 -
evm.utg5985.15.3.5c22f28e            -            337 453052at33208        -            334   2.8e-10   41.3   1.7   4   4      0.11        17    5.9   0.0   171   201   273   303   242   311 0.66 -
evm.utg5774.24                       -            295 453052at33208        -            334   4.3e-10   40.7   3.3   1   2    0.0078       1.2    9.7   0.0   124   164    48    93    34   127 0.79 -
evm.utg5774.24                       -            295 453052at33208        -            334   4.3e-10   40.7   3.3   2   2   7.5e-09   1.2e-06   29.4   1.4   127   244   156   276   150   282 0.79 -
evm.utg150.51                        -            579 453052at33208        -            334   4.6e-10   40.6   0.1   1   3     0.036       5.6    7.5   0.0   130   205   292   371   284   382 0.82 -
evm.utg150.51                        -            579 453052at33208        -            334   4.6e-10   40.6   0.1   2   3   1.9e-08     3e-06   28.1   0.0   134   209   384   460   372   471 0.88 -
evm.utg150.51                        -            579 453052at33208        -            334   4.6e-10   40.6   0.1   3   3       2.8   4.3e+02    1.3   0.0   128   202   502   576   468   577 0.78 -
evm.utg245.62                        -            499 453052at33208        -            334   4.7e-10   40.6   1.9   1   3    0.0076       1.2    9.7   0.1   215   249   227   262   213   296 0.72 -
evm.utg245.62                        -            499 453052at33208        -            334   4.7e-10   40.6   1.9   2   3   0.00051     0.079   13.6   0.0   124   201   299   386   291   390 0.77 -
evm.utg245.62                        -            499 453052at33208        -            334   4.7e-10   40.6   1.9   3   3   1.7e-06   0.00027   21.7   0.1   124   247   347   479   342   491 0.75 -
evm.utg192.39                        -            299 453052at33208        -            334   5.1e-10   40.5   0.4   1   2   2.1e-09   3.3e-07   31.3   0.6   130   283    16   177    10   179 0.81 -
evm.utg192.39                        -            299 453052at33208        -            334   5.1e-10   40.5   0.4   2   2   0.00029     0.045   14.4   0.0   122   204   137   224   121   234 0.68 -
evm.utg389.100                       -            455 453052at33208        -            334   5.4e-10   40.4   2.4   1   3   0.00055     0.086   13.4   0.1   126   201   146   216   142   222 0.77 -
evm.utg389.100                       -            455 453052at33208        -            334   5.4e-10   40.4   2.4   2   3   4.1e-05    0.0064   17.2   0.1   125   175   223   273   217   279 0.91 -
evm.utg389.100                       -            455 453052at33208        -            334   5.4e-10   40.4   2.4   3   3      0.02       3.2    8.3   0.1   131   200   281   352   274   360 0.71 -
evm.utg207.100                       -            378 453052at33208        -            334   5.7e-10   40.3   1.1   1   1   5.5e-12   8.5e-10   39.8   1.1   127   283   104   261    95   266 0.85 -
evm.utg5985.15.1.5c22f28e            -            350 453052at33208        -            334   6.3e-10   40.2   1.1   1   3   2.8e-06   0.00044   21.0   0.0   130   203    99   172    86   184 0.87 -
evm.utg5985.15.1.5c22f28e            -            350 453052at33208        -            334   6.3e-10   40.2   1.1   2   3    0.0068       1.1    9.9   0.1   126   162   186   222   179   227 0.92 -
evm.utg5985.15.1.5c22f28e            -            350 453052at33208        -            334   6.3e-10   40.2   1.1   3   3      0.12        18    5.8   0.0   171   201   286   316   255   324 0.66 -
evm.utg5985.15.2.5c22f28e            -            349 453052at33208        -            334   1.2e-09   39.3   5.3   1   5       4.2   6.6e+02    0.7   0.0   155   204    13    68     2    76 0.60 -
evm.utg5985.15.2.5c22f28e            -            349 453052at33208        -            334   1.2e-09   39.3   5.3   2   5   3.1e-06   0.00048   20.8   0.0   130   203    86   159    77   170 0.88 -
evm.utg5985.15.2.5c22f28e            -            349 453052at33208        -            334   1.2e-09   39.3   5.3   3   5     0.007       1.1    9.8   0.1   126   162   173   209   167   214 0.92 -
evm.utg5985.15.2.5c22f28e            -            349 453052at33208        -            334   1.2e-09   39.3   5.3   4   5      0.13        20    5.7   0.0   171   201   273   303   243   309 0.65 -
evm.utg5985.15.2.5c22f28e            -            349 453052at33208        -            334   1.2e-09   39.3   5.3   5   5       7.6   1.2e+03   -0.2   0.1    36    68   312   344   307   347 0.82 -
evm.utg479.8.1.5c22f153              -            444 453052at33208        -            334   1.2e-09   39.2   9.9   1   3   1.5e-07   2.3e-05   25.2   1.1   124   239    33   162    30   165 0.72 -
evm.utg479.8.1.5c22f153              -            444 453052at33208        -            334   1.2e-09   39.2   9.9   2   3   4.6e-06   0.00072   20.3   0.3   147   240   109   205    98   216 0.62 -
evm.utg479.8.1.5c22f153              -            444 453052at33208        -            334   1.2e-09   39.2   9.9   3   3   0.00046     0.072   13.7   0.6    79   183   182   280   162   354 0.77 -
evm.utg479.8                         -            451 453052at33208        -            334   1.3e-09   39.1   9.6   1   3   1.5e-07   2.4e-05   25.1   1.1   124   239    33   162    30   165 0.72 -
evm.utg479.8                         -            451 453052at33208        -            334   1.3e-09   39.1   9.6   2   3   4.4e-06   0.00068   20.4   0.3   147   240   109   205    92   216 0.63 -
evm.utg479.8                         -            451 453052at33208        -            334   1.3e-09   39.1   9.6   3   3   0.00048     0.075   13.6   0.6    79   183   182   280   162   354 0.77 -
evm.utg73.96                         -            327 453052at33208        -            334   1.4e-09   39.1   0.5   1   3      0.12        19    5.8   0.2   126   163    25    62    18    68 0.92 -
evm.utg73.96                         -            327 453052at33208        -            334   1.4e-09   39.1   0.5   2   3   0.00011     0.017   15.7   0.0   126   197    69   141    65   176 0.81 -
evm.utg73.96                         -            327 453052at33208        -            334   1.4e-09   39.1   0.5   3   3   0.00037     0.058   14.0   0.0   123   202   191   271   181   283 0.85 -
evm.utg411.98                        -            324 453052at33208        -            334   1.4e-09   39.0   0.8   1   3      0.13        21    5.6   0.0   119   159    13    53     3    59 0.67 -
evm.utg411.98                        -            324 453052at33208        -            334   1.4e-09   39.0   0.8   2   3   8.1e-06    0.0013   19.5   0.0   124   203    60   142    49   191 0.86 -
evm.utg411.98                        -            324 453052at33208        -            334   1.4e-09   39.0   0.8   3   3    0.0038      0.59   10.7   0.1   123   173   232   285   203   288 0.80 -
evm.utg16094.2                       -            968 453052at33208        -            334   1.5e-09   38.9   5.8   1   5     0.086        13    6.2   0.2   111   164   266   322   258   337 0.63 -
evm.utg16094.2                       -            968 453052at33208        -            334   1.5e-09   38.9   5.8   2   5    0.0063      0.98   10.0   0.0   213   285   339   411   332   420 0.85 -
evm.utg16094.2                       -            968 453052at33208        -            334   1.5e-09   38.9   5.8   3   5     0.013         2    8.9   0.0   126   199   467   541   450   582 0.82 -
evm.utg16094.2                       -            968 453052at33208        -            334   1.5e-09   38.9   5.8   4   5      0.25        39    4.7   0.4   117   160   808   851   789   858 0.76 -
evm.utg16094.2                       -            968 453052at33208        -            334   1.5e-09   38.9   5.8   5   5     0.069        11    6.6   0.1    65   103   925   966   921   967 0.74 -
evm.utg109.77                        -            797 453052at33208        -            334   1.8e-09   38.7  15.0   1   6   2.5e-05    0.0039   17.9   0.3   127   203    63   150    59   162 0.75 -
evm.utg109.77                        -            797 453052at33208        -            334   1.8e-09   38.7  15.0   2   6      0.07        11    6.5   0.1   143   185   131   179   107   206 0.56 -
evm.utg109.77                        -            797 453052at33208        -            334   1.8e-09   38.7  15.0   3   6    0.0024      0.38   11.3   0.0   125   174   207   259   204   268 0.79 -
evm.utg109.77                        -            797 453052at33208        -            334   1.8e-09   38.7  15.0   4   6       7.8   1.2e+03   -0.2   0.0   147   165   331   349   301   355 0.79 -
evm.utg109.77                        -            797 453052at33208        -            334   1.8e-09   38.7  15.0   5   6      0.56        87    3.6   0.0   122   201   404   491   402   495 0.47 -
evm.utg109.77                        -            797 453052at33208        -            334   1.8e-09   38.7  15.0   6   6     0.012       1.9    9.0   0.2   120   156   630   666   625   674 0.92 -
evm.utg1897.4                        -            455 453052at33208        -            334   1.9e-09   38.6   2.9   1   2   0.00025     0.039   14.6   0.1   126   201   146   216   142   223 0.79 -
evm.utg1897.4                        -            455 453052at33208        -            334   1.9e-09   38.6   2.9   2   2   6.8e-06    0.0011   19.7   0.7   125   239   223   353   217   356 0.63 -
evm.utg801.96                        -            430 453052at33208        -            334     2e-09   38.5   6.8   1   4     0.022       3.4    8.2   0.0   127   163   175   212   170   218 0.84 -
evm.utg801.96                        -            430 453052at33208        -            334     2e-09   38.5   6.8   2   4      0.32        49    4.4   0.3   123   163   221   262   217   265 0.77 -
evm.utg801.96                        -            430 453052at33208        -            334     2e-09   38.5   6.8   3   4     9e-05     0.014   16.0   0.4   124   202   268   350   266   352 0.81 -
evm.utg801.96                        -            430 453052at33208        -            334     2e-09   38.5   6.8   4   4     0.052       8.1    7.0   0.0   129   166   374   412   368   419 0.84 -
evm.utg5985.15                       -            362 453052at33208        -            334   2.3e-09   38.3   4.5   1   4   3.2e-06    0.0005   20.8   0.0   130   203    99   172    86   181 0.87 -
evm.utg5985.15                       -            362 453052at33208        -            334   2.3e-09   38.3   4.5   2   4    0.0072       1.1    9.8   0.1   126   162   186   222   178   226 0.92 -
evm.utg5985.15                       -            362 453052at33208        -            334   2.3e-09   38.3   4.5   3   4      0.13        21    5.6   0.0   171   201   286   316   256   322 0.65 -
evm.utg5985.15                       -            362 453052at33208        -            334   2.3e-09   38.3   4.5   4   4         8   1.2e+03   -0.2   0.1    36    68   325   357   320   360 0.82 -
evm.utg1205.96                       -            619 453052at33208        -            334   2.4e-09   38.3   0.2   1   2   4.3e-06   0.00067   20.4   0.2   126   295    26   199     7   200 0.68 -
evm.utg1205.96                       -            619 453052at33208        -            334   2.4e-09   38.3   0.2   2   2   0.00016     0.025   15.2   0.0   128   242   198   315   193   328 0.84 -
evm.utg1272.13.1.5c22e9c5            -            492 453052at33208        -            334   2.4e-09   38.3   6.5   1   2   7.9e-07   0.00012   22.8   0.3   125   241   222   355   214   357 0.74 -
evm.utg1272.13.1.5c22e9c5            -            492 453052at33208        -            334   2.4e-09   38.3   6.5   2   2   6.7e-08     1e-05   26.3   1.4   145   243   299   398   286   427 0.82 -
evm.utg4194.43                       -            521 453052at33208        -            334     4e-09   37.6   0.2   1   2   8.8e-09   1.4e-06   29.2   0.4   130   283   238   399   232   401 0.81 -
evm.utg4194.43                       -            521 453052at33208        -            334     4e-09   37.6   0.2   2   2    0.0003     0.047   14.3   0.0   122   204   359   446   341   456 0.68 -
evm.utg73.96.1.5c22f3bc              -            243 453052at33208        -            334   4.4e-09   37.4   0.2   1   3     0.082        13    6.3   0.2   126   163    25    62    19    67 0.92 -
evm.utg73.96.1.5c22f3bc              -            243 453052at33208        -            334   4.4e-09   37.4   0.2   2   3   5.1e-05    0.0079   16.8   0.0   126   197    69   141    65   187 0.80 -
evm.utg73.96.1.5c22f3bc              -            243 453052at33208        -            334   4.4e-09   37.4   0.2   3   3    0.0026      0.41   11.2   0.0   123   170   191   238   169   242 0.92 -
evm.utg3605.58                       -            566 453052at33208        -            334   4.7e-09   37.3   0.1   1   3    0.0029      0.45   11.1   0.0   144   204   112   171    65   191 0.81 -
evm.utg3605.58                       -            566 453052at33208        -            334   4.7e-09   37.3   0.1   2   3    0.0098       1.5    9.3   0.0   127   161   355   389   325   408 0.74 -
evm.utg3605.58                       -            566 453052at33208        -            334   4.7e-09   37.3   0.1   3   3   0.00077      0.12   13.0   0.0   235   313   433   515   424   522 0.71 -
evm.utg73.39                         -            326 453052at33208        -            334   5.8e-09   37.0   0.9   1   3   1.8e-06   0.00029   21.6   0.1   134   246    17   132     9   143 0.77 -
evm.utg73.39                         -            326 453052at33208        -            334   5.8e-09   37.0   0.9   2   3      0.49        76    3.8   0.0   148   168   152   172   140   179 0.85 -
evm.utg73.39                         -            326 453052at33208        -            334   5.8e-09   37.0   0.9   3   3     0.016       2.4    8.7   0.0   208   274   234   295   217   300 0.70 -
evm.utg729.160.1.5c22f3a9            -            827 453052at33208        -            334   6.3e-09   36.9   3.0   1   3      0.19        29    5.1   0.0   127   162    49    85     8    92 0.83 -
evm.utg729.160.1.5c22f3a9            -            827 453052at33208        -            334   6.3e-09   36.9   3.0   2   3   4.9e-05    0.0076   16.9   0.0   126   207   144   228   109   253 0.83 -
evm.utg729.160.1.5c22f3a9            -            827 453052at33208        -            334   6.3e-09   36.9   3.0   3   3   0.00067       0.1   13.2   0.0   126   160   618   652   583   681 0.80 -
evm.utg139908.1                      -            208 453052at33208        -            334   6.7e-09   36.8   0.0   1   2         2   3.2e+02    1.7   0.0   185   204    11    30     2    42 0.69 -
evm.utg139908.1                      -            208 453052at33208        -            334   6.7e-09   36.8   0.0   2   2   6.1e-10   9.5e-08   33.0   0.0   129   249    48   175    38   186 0.78 -
evm.utg715.1.1.5c22f38a              -            371 453052at33208        -            334   6.8e-09   36.8   0.1   1   3    0.0058       0.9   10.1   0.0   127   173    61   108    56   109 0.87 -
evm.utg715.1.1.5c22f38a              -            371 453052at33208        -            334   6.8e-09   36.8   0.1   2   3   1.3e-06    0.0002   22.1   0.1   124   251   101   239    99   252 0.75 -
evm.utg715.1.1.5c22f38a              -            371 453052at33208        -            334   6.8e-09   36.8   0.1   3   3      0.12        19    5.7   0.0   174   235   285   351   273   362 0.72 -
evm.utg27.27                         -           1017 453052at33208        -            334     7e-09   36.8   0.7   1   2   2.4e-07   3.7e-05   24.5   0.1   114   186   265   337   259   402 0.89 -
evm.utg27.27                         -           1017 453052at33208        -            334     7e-09   36.8   0.7   2   2     0.016       2.6    8.6   0.0   129   165   580   616   574   629 0.82 -
evm.utg1009.19                       -            542 453052at33208        -            334   9.8e-09   36.3   1.0   1   2   2.5e-06   0.00039   21.1   0.0    89   161   251   333   239   336 0.79 -
evm.utg1009.19                       -            542 453052at33208        -            334   9.8e-09   36.3   1.0   2   2     0.001      0.16   12.6   0.2   123   157   337   371   330   372 0.92 -
evm.utg234.60.1.5c279240             -            226 453052at33208        -            334   1.2e-08   36.0   1.3   1   2   0.00012     0.019   15.6   0.6   129   242    10   134     3   144 0.76 -
evm.utg234.60.1.5c279240             -            226 453052at33208        -            334   1.2e-08   36.0   1.3   2   2   7.3e-06    0.0011   19.6   0.0    99   161   144   216   127   219 0.82 -
evm.utg5985.15.5.5c22f28e            -            278 453052at33208        -            334   1.3e-08   35.9   1.0   1   3         3   4.6e+02    1.2   0.0   155   204    13    68     2    76 0.61 -
evm.utg5985.15.5.5c22f28e            -            278 453052at33208        -            334   1.3e-08   35.9   1.0   2   3   1.9e-06   0.00029   21.6   0.0   130   203    86   159    73   171 0.87 -
evm.utg5985.15.5.5c22f28e            -            278 453052at33208        -            334   1.3e-08   35.9   1.0   3   3    0.0048      0.75   10.4   0.1   126   162   173   209   166   215 0.92 -
evm.utg1272.13                       -            609 453052at33208        -            334   1.3e-08   35.9   7.2   1   2   1.5e-06   0.00023   21.9   0.4   126   240   223   354   220   356 0.73 -
evm.utg1272.13                       -            609 453052at33208        -            334   1.3e-08   35.9   7.2   2   2   1.1e-07   1.6e-05   25.7   1.6   145   243   299   398   286   427 0.82 -
evm.utg116.299                       -            955 453052at33208        -            334   1.4e-08   35.8   1.1   1   2   8.5e-07   0.00013   22.7   0.3   126   242    96   220    92   235 0.83 -
evm.utg116.299                       -            955 453052at33208        -            334   1.4e-08   35.8   1.1   2   2    0.0032      0.49   11.0   0.0   123   162   275   320   268   325 0.83 -
evm.utg418.59                        -            511 453052at33208        -            334   1.5e-08   35.7   0.4   1   1   3.5e-10   5.5e-08   33.8   0.1   128   242   325   452   318   466 0.78 -
evm.utg498.169                       -            476 453052at33208        -            334   1.6e-08   35.6   2.0   1   2       2.2   3.4e+02    1.6   0.0   135   170   106   143    89   188 0.64 -
evm.utg498.169                       -            476 453052at33208        -            334   1.6e-08   35.6   2.0   2   2     1e-10   1.6e-08   35.6   2.0   131   240   347   458   335   470 0.84 -
evm.utg1931.9                        -           2862 453052at33208        -            334   1.7e-08   35.5   0.1   1   3       1.5   2.4e+02    2.1   0.1   125   165  1378  1418  1375  1437 0.80 -
evm.utg1931.9                        -           2862 453052at33208        -            334   1.7e-08   35.5   0.1   2   3   3.6e-05    0.0055   17.4   0.0   125   203  1572  1659  1568  1662 0.77 -
evm.utg1931.9                        -           2862 453052at33208        -            334   1.7e-08   35.5   0.1   3   3    0.0026      0.41   11.2   0.0   120   171  1757  1808  1744  1831 0.82 -
evm.utg5985.20                       -            327 453052at33208        -            334   1.7e-08   35.5   1.0   1   2     0.072        11    6.5   0.1   222   283    32    92    11   131 0.76 -
evm.utg5985.20                       -            327 453052at33208        -            334   1.7e-08   35.5   1.0   2   2   2.1e-08   3.2e-06   28.0   0.2   182   320   169   321   113   326 0.76 -
evm.utg320.49                        -            928 453052at33208        -            334   1.7e-08   35.5   0.0   1   3      0.14        22    5.6   0.0   125   164    74   114    71   119 0.81 -
evm.utg320.49                        -            928 453052at33208        -            334   1.7e-08   35.5   0.0   2   3      0.46        71    3.8   0.0   133   200   131   199   121   207 0.67 -
evm.utg320.49                        -            928 453052at33208        -            334   1.7e-08   35.5   0.0   3   3   2.2e-06   0.00035   21.3   0.0   124   200   585   663   579   672 0.85 -
evm.utg1919.76                       -            679 453052at33208        -            334   2.1e-08   35.2   0.1   1   2   2.5e-05    0.0039   17.9   0.1   125   204    41   122    37   143 0.86 -
evm.utg1919.76                       -            679 453052at33208        -            334   2.1e-08   35.2   0.1   2   2   0.00029     0.045   14.4   0.0   123   204   242   328   222   341 0.61 -
evm.utg364.29                        -            339 453052at33208        -            334   2.3e-08   35.1   0.3   1   2      0.12        19    5.8   0.0   136   162   125   151    68   156 0.91 -
evm.utg364.29                        -            339 453052at33208        -            334   2.3e-08   35.1   0.3   2   2   3.3e-07   5.2e-05   24.0   0.2   126   240   157   283   152   286 0.58 -
evm.utg3155.17                       -            641 453052at33208        -            334   3.1e-08   34.6  12.0   1   5   1.9e-05    0.0029   18.3   0.1   224   312    27   120    11   124 0.86 -
evm.utg3155.17                       -            641 453052at33208        -            334   3.1e-08   34.6  12.0   2   5       0.1        16    6.0   2.0    70   163   144   231   141   236 0.73 -
evm.utg3155.17                       -            641 453052at33208        -            334   3.1e-08   34.6  12.0   3   5       6.8   1.1e+03   -0.0   0.0    87   103   346   362   318   378 0.66 -
evm.utg3155.17                       -            641 453052at33208        -            334   3.1e-08   34.6  12.0   4   5      0.45        70    3.9   0.0   128   165   425   464   417   471 0.80 -
evm.utg3155.17                       -            641 453052at33208        -            334   3.1e-08   34.6  12.0   5   5     0.027       4.2    7.9   0.0   124   164   519   564   505   584 0.78 -
evm.utg1542.30                       -            977 453052at33208        -            334   4.2e-08   34.2   2.5   1   4      0.16        24    5.4   0.0   213   244    71   103    65   117 0.78 -
evm.utg1542.30                       -            977 453052at33208        -            334   4.2e-08   34.2   2.5   2   4   9.3e-07   0.00014   22.6   0.2   119   204   118   205   114   214 0.88 -
evm.utg1542.30                       -            977 453052at33208        -            334   4.2e-08   34.2   2.5   3   4       8.3   1.3e+03   -0.3   0.0   122   141   258   277   254   283 0.89 -
evm.utg1542.30                       -            977 453052at33208        -            334   4.2e-08   34.2   2.5   4   4       3.4   5.3e+02    1.0   0.0   229   253   301   325   288   351 0.79 -
evm.utg498.191                       -           1212 453052at33208        -            334   4.4e-08   34.1  12.2   1   6       1.1   1.7e+02    2.6   0.1   152   201   427   477   396   481 0.61 -
evm.utg498.191                       -           1212 453052at33208        -            334   4.4e-08   34.1  12.2   2   6   5.2e-05    0.0081   16.8   0.1   123   171   483   531   469   539 0.84 -
evm.utg498.191                       -           1212 453052at33208        -            334   4.4e-08   34.1  12.2   3   6      0.21        32    5.0   0.0   225   282   599   657   584   659 0.65 -
evm.utg498.191                       -           1212 453052at33208        -            334   4.4e-08   34.1  12.2   4   6    0.0063      0.97   10.0   0.1   125   248   621   757   607   766 0.68 -
evm.utg498.191                       -           1212 453052at33208        -            334   4.4e-08   34.1  12.2   5   6     0.059       9.1    6.8   0.1   223   289   813   882   801   898 0.84 -
evm.utg498.191                       -           1212 453052at33208        -            334   4.4e-08   34.1  12.2   6   6       2.3   3.5e+02    1.6   0.1   127   164   914   953   910   977 0.70 -
evm.utg5985.15.4.5c22f28e            -            291 453052at33208        -            334   5.9e-08   33.7   1.3   1   2   2.1e-06   0.00032   21.4   0.0   130   203    99   172    86   183 0.87 -
evm.utg5985.15.4.5c22f28e            -            291 453052at33208        -            334   5.9e-08   33.7   1.3   2   2    0.0053      0.82   10.2   0.1   126   162   186   222   179   227 0.92 -
evm.utg9313.39                       -            342 453052at33208        -            334   7.6e-08   33.3   0.4   1   2    0.0053      0.82   10.2   0.0   123   167    80   125    71   132 0.85 -
evm.utg9313.39                       -            342 453052at33208        -            334   7.6e-08   33.3   0.4   2   2   6.9e-06    0.0011   19.7   0.0   128   164   131   167   123   189 0.89 -
evm.utg150.89.1.5c22eb05             -           2738 453052at33208        -            334   1.1e-07   32.8   0.1   1   3       1.7   2.6e+02    2.0   0.1   126   165  1236  1275  1232  1295 0.80 -
evm.utg150.89.1.5c22eb05             -           2738 453052at33208        -            334   1.1e-07   32.8   0.1   2   3   0.00015     0.023   15.3   0.0   125   203  1429  1516  1424  1520 0.78 -
evm.utg150.89.1.5c22eb05             -           2738 453052at33208        -            334   1.1e-07   32.8   0.1   3   3    0.0035      0.54   10.8   0.0   120   171  1614  1665  1602  1688 0.81 -
evm.utg150.89                        -           2739 453052at33208        -            334   1.1e-07   32.8   0.1   1   3       1.7   2.6e+02    2.0   0.1   126   165  1237  1276  1233  1296 0.80 -
evm.utg150.89                        -           2739 453052at33208        -            334   1.1e-07   32.8   0.1   2   3   0.00015     0.023   15.3   0.0   125   203  1430  1517  1425  1521 0.78 -
evm.utg150.89                        -           2739 453052at33208        -            334   1.1e-07   32.8   0.1   3   3    0.0035      0.54   10.8   0.0   120   171  1615  1666  1603  1689 0.81 -
evm.utg1272.70                       -            437 453052at33208        -            334   1.2e-07   32.7   0.4   1   2     0.001      0.16   12.6   0.0   214   244   109   139   103   143 0.88 -
evm.utg1272.70                       -            437 453052at33208        -            334   1.2e-07   32.7   0.4   2   2   2.8e-05    0.0044   17.7   0.1   124   163   141   180   137   209 0.86 -
evm.utg1285.72                       -           1198 453052at33208        -            334   1.3e-07   32.6   0.3   1   3      0.81   1.3e+02    3.0   0.0   129   163   940   974   931  1000 0.89 -
evm.utg1285.72                       -           1198 453052at33208        -            334   1.3e-07   32.6   0.3   2   3   1.2e-07   1.9e-05   25.4   0.0   123   241  1027  1149  1015  1156 0.83 -
evm.utg1285.72                       -           1198 453052at33208        -            334   1.3e-07   32.6   0.3   3   3        10   1.5e+03   -0.5   0.1   129   162  1163  1196  1156  1197 0.88 -
utg7821.evm.utg13634.5.mrna2         -            359 453052at33208        -            334   1.6e-07   32.3   0.1   1   2   1.4e-05    0.0022   18.7   0.0   135   215    96   179     8   186 0.80 -
utg7821.evm.utg13634.5.mrna2         -            359 453052at33208        -            334   1.6e-07   32.3   0.1   2   2     0.003      0.47   11.0   0.0   129   201   193   267   183   276 0.82 -
evm.utg370.1                         -            190 453052at33208        -            334   1.6e-07   32.3   0.1   1   2      0.46        72    3.8   0.0   132   162    13    45     5    49 0.77 -
evm.utg370.1                         -            190 453052at33208        -            334   1.6e-07   32.3   0.1   2   2     8e-08   1.2e-05   26.1   0.0    76   169    67   160    53   171 0.79 -
evm.utg7840.7                        -            280 453052at33208        -            334   1.9e-07   32.0   3.0   1   2   2.2e-05    0.0034   18.1   0.9   166   240    38   115    27   117 0.79 -
evm.utg7840.7                        -            280 453052at33208        -            334   1.9e-07   32.0   3.0   2   2   0.00032      0.05   14.2   0.0   121   179   117   173   114   183 0.85 -
evm.utg4155.43                       -            416 453052at33208        -            334   2.6e-07   31.6   4.2   1   3      0.17        27    5.2   0.1   223   286   117   180   111   188 0.77 -
evm.utg4155.43                       -            416 453052at33208        -            334   2.6e-07   31.6   4.2   2   3    0.0002     0.031   14.9   0.2   125   208   224   309   215   345 0.72 -
evm.utg4155.43                       -            416 453052at33208        -            334   2.6e-07   31.6   4.2   3   3    0.0035      0.55   10.8   0.1   133   207   316   393   307   402 0.72 -
evm.utg498.169.2.5c22f1aa            -            426 453052at33208        -            334   2.8e-07   31.5   1.3   1   2       1.8   2.8e+02    1.9   0.0   135   170    65   102    47   147 0.65 -
evm.utg498.169.2.5c22f1aa            -            426 453052at33208        -            334   2.8e-07   31.5   1.3   2   2   1.8e-09   2.8e-07   31.5   1.3   131   239   306   416   295   419 0.84 -
evm.utg498.151.2.5c22f1a3            -            433 453052at33208        -            334     3e-07   31.4   0.0   1   2   1.6e-06   0.00025   21.8   0.0   125   244   108   237   104   243 0.78 -
evm.utg498.151.2.5c22f1a3            -            433 453052at33208        -            334     3e-07   31.4   0.0   2   2      0.04       6.2    7.3   0.0   182   242   361   427   352   431 0.67 -
evm.utg498.169.1.5c22f1aa            -            467 453052at33208        -            334     3e-07   31.4   6.0   1   2       2.1   3.3e+02    1.7   0.0   135   170   106   143    89   188 0.64 -
evm.utg498.169.1.5c22f1aa            -            467 453052at33208        -            334     3e-07   31.4   6.0   2   2   2.1e-09   3.3e-07   31.3   1.3   131   239   347   457   336   460 0.84 -
evm.utg6477.2                        -            448 453052at33208        -            334   3.7e-07   31.1   0.6   1   2     0.008       1.2    9.6   0.0   123   167   186   231   179   238 0.85 -
evm.utg6477.2                        -            448 453052at33208        -            334   3.7e-07   31.1   0.6   2   2   1.9e-05    0.0029   18.3   0.0   128   164   237   273   230   289 0.90 -
evm.utg498.151                       -            492 453052at33208        -            334   4.4e-07   30.8   0.0   1   2     2e-06   0.00031   21.5   0.0   125   244   167   296   163   302 0.78 -
evm.utg498.151                       -            492 453052at33208        -            334   4.4e-07   30.8   0.0   2   2     0.049       7.5    7.1   0.0   182   242   420   486   411   490 0.67 -
evm.utg1194.15                       -            416 453052at33208        -            334   4.9e-07   30.7   4.7   1   3     0.053       8.3    6.9   0.4   118   185   128   199   113   222 0.58 -
evm.utg1194.15                       -            416 453052at33208        -            334   4.9e-07   30.7   4.7   2   3   0.00026     0.041   14.5   0.2   125   209   224   310   217   346 0.72 -
evm.utg1194.15                       -            416 453052at33208        -            334   4.9e-07   30.7   4.7   3   3     0.004      0.62   10.6   0.1   133   207   316   393   307   401 0.71 -
evm.utg498.151.1.5c22f1a3            -            517 453052at33208        -            334   5.1e-07   30.6   0.0   1   2   2.2e-06   0.00034   21.3   0.0   125   244   192   321   188   327 0.78 -
evm.utg498.151.1.5c22f1a3            -            517 453052at33208        -            334   5.1e-07   30.6   0.0   2   2     0.052       8.1    7.0   0.0   182   242   445   511   436   515 0.67 -
evm.utg3092.70                       -            717 453052at33208        -            334   6.1e-07   30.4   0.4   1   2    0.0031      0.49   11.0   0.1   144   240   106   212    92   216 0.57 -
evm.utg3092.70                       -            717 453052at33208        -            334   6.1e-07   30.4   0.4   2   2   0.00016     0.025   15.2   0.0   124   181   218   277   215   285 0.86 -
evm.utg736.40                        -            406 453052at33208        -            334   7.2e-07   30.1   3.5   1   3       1.3     2e+02    2.4   0.1   122   159   173   210   144   214 0.72 -
evm.utg736.40                        -            406 453052at33208        -            334   7.2e-07   30.1   3.5   2   3       4.9   7.5e+02    0.5   0.0   287   313   226   252   215   259 0.75 -
evm.utg736.40                        -            406 453052at33208        -            334   7.2e-07   30.1   3.5   3   3   1.6e-07   2.5e-05   25.1   0.1   145   201   340   397   334   403 0.84 -
evm.utg431.40.1.5c22f0d5             -            302 453052at33208        -            334   8.5e-07   29.9   4.1   1   2   2.9e-08   4.4e-06   27.5   0.6   120   203    41   121    34   153 0.81 -
evm.utg431.40.1.5c22f0d5             -            302 453052at33208        -            334   8.5e-07   29.9   4.1   2   2      0.45        70    3.9   0.2   155   264   160   281   132   297 0.62 -
evm.utg1337.4.1.5c22ea39             -            981 453052at33208        -            334   8.7e-07   29.9   0.2   1   1   1.6e-08   2.4e-06   28.4   0.0   125   245    37   158    27   183 0.85 -
evm.utg2417.39.2.5c22ed97            -            627 453052at33208        -            334   9.4e-07   29.8   0.1   1   3       2.1   3.3e+02    1.7   0.0   127   164   123   161   115   170 0.79 -
evm.utg2417.39.2.5c22ed97            -            627 453052at33208        -            334   9.4e-07   29.8   0.1   2   3   1.9e-05     0.003   18.2   0.0   133   212   173   256   163   270 0.80 -
evm.utg2417.39.2.5c22ed97            -            627 453052at33208        -            334   9.4e-07   29.8   0.1   3   3      0.45        70    3.9   0.0   117   155   289   338   262   345 0.72 -
evm.utg798.13                        -            382 453052at33208        -            334     1e-06   29.6   1.2   1   4       1.8   2.8e+02    1.9   0.0   213   249    80   117    65   126 0.71 -
evm.utg798.13                        -            382 453052at33208        -            334     1e-06   29.6   1.2   2   4   0.00034     0.053   14.1   0.0   211   284   129   202   122   209 0.83 -
evm.utg798.13                        -            382 453052at33208        -            334     1e-06   29.6   1.2   3   4     0.042       6.5    7.3   0.1   229   259   237   267   228   290 0.49 -
evm.utg798.13                        -            382 453052at33208        -            334     1e-06   29.6   1.2   4   4     0.028       4.4    7.8   0.1   124   165   254   296   252   301 0.84 -
evm.utg910.142                       -            323 453052at33208        -            334   1.1e-06   29.5   0.2   1   3   6.2e-05    0.0096   16.6   0.0   128   202     6    81     2   103 0.91 -
evm.utg910.142                       -            323 453052at33208        -            334   1.1e-06   29.5   0.2   2   3     0.068        11    6.6   0.1   223   313   154   248   146   252 0.63 -
evm.utg910.142                       -            323 453052at33208        -            334   1.1e-06   29.5   0.2   3   3       1.5   2.3e+02    2.2   0.0   125   162   275   312   263   317 0.82 -
evm.utg1337.4                        -           1219 453052at33208        -            334   1.2e-06   29.4   0.0   1   1   2.1e-08   3.3e-06   28.0   0.0   125   245    37   158    27   182 0.85 -
evm.utg498.151.2.5c22f1a3.1.5c2795b7 -            334 453052at33208        -            334   1.3e-06   29.3   0.0   1   2   9.3e-07   0.00014   22.6   0.0   125   244    17   146    13   152 0.78 -
evm.utg498.151.2.5c22f1a3.1.5c2795b7 -            334 453052at33208        -            334   1.3e-06   29.3   0.0   2   2      0.27        43    4.6   0.0   225   281   275   330   265   333 0.84 -
evm.utg4972.25                       -           1127 453052at33208        -            334   1.3e-06   29.2   0.0   1   1   2.4e-08   3.8e-06   27.8   0.0   126   245    12   132     3   156 0.85 -
evm.utg431.40                        -            395 453052at33208        -            334   1.5e-06   29.1   3.9   1   2   5.3e-08   8.3e-06   26.7   0.6   120   202   134   213   127   231 0.81 -
evm.utg431.40                        -            395 453052at33208        -            334   1.5e-06   29.1   3.9   2   2      0.77   1.2e+02    3.1   0.2   155   262   253   372   225   390 0.61 -
evm.utg2417.39.1.5c22ed97            -            754 453052at33208        -            334     2e-06   28.7   0.1   1   3       2.1   3.2e+02    1.7   0.0   127   164   123   161   106   169 0.72 -
evm.utg2417.39.1.5c22ed97            -            754 453052at33208        -            334     2e-06   28.7   0.1   2   3   2.5e-05    0.0039   17.9   0.0   133   212   173   256   164   271 0.80 -
evm.utg2417.39.1.5c22ed97            -            754 453052at33208        -            334     2e-06   28.7   0.1   3   3      0.59        91    3.5   0.0   117   155   289   338   263   345 0.72 -
evm.utg190.40.2.5c22ec4c             -            494 453052at33208        -            334     2e-06   28.7   0.0   1   2   7.4e-06    0.0012   19.6   0.0   128   207    81   170    73   174 0.80 -
evm.utg190.40.2.5c22ec4c             -            494 453052at33208        -            334     2e-06   28.7   0.0   2   2     0.045       6.9    7.2   0.0   125   174   171   220   169   256 0.92 -
evm.utg1819.13                       -            476 453052at33208        -            334   2.1e-06   28.6   3.0   1   2   0.00011     0.016   15.8   0.8   165   239   233   310   200   314 0.68 -
evm.utg1819.13                       -            476 453052at33208        -            334   2.1e-06   28.6   3.0   2   2    0.0035      0.55   10.8   0.0   122   175   314   365   311   379 0.83 -
evm.utg6894.3                        -            395 453052at33208        -            334   2.1e-06   28.6   4.2   1   2   6.7e-08     1e-05   26.3   0.7   120   202   134   213   126   231 0.81 -
evm.utg6894.3                        -            395 453052at33208        -            334   2.1e-06   28.6   4.2   2   2      0.77   1.2e+02    3.1   0.2   155   262   253   372   225   390 0.61 -
evm.utg2849.26                       -           1710 453052at33208        -            334   2.3e-06   28.5   2.3   1   3   0.00043     0.067   13.8   0.0   125   246  1017  1142  1014  1150 0.83 -
evm.utg2849.26                       -           1710 453052at33208        -            334   2.3e-06   28.5   2.3   2   3      0.55        85    3.6   0.0   213   244  1307  1338  1282  1349 0.77 -
evm.utg2849.26                       -           1710 453052at33208        -            334   2.3e-06   28.5   2.3   3   3     0.015       2.4    8.7   0.2   151   222  1628  1700  1592  1709 0.76 -
evm.utg190.40                        -            509 453052at33208        -            334   2.4e-06   28.4   0.0   1   2   8.6e-06    0.0013   19.4   0.0   128   207    81   170    73   173 0.80 -
evm.utg190.40                        -            509 453052at33208        -            334   2.4e-06   28.4   0.0   2   2     0.047       7.3    7.1   0.0   125   174   171   220   169   255 0.92 -
evm.utg190.40.1.5c22ec4c             -            509 453052at33208        -            334   2.4e-06   28.4   0.0   1   2   8.6e-06    0.0013   19.4   0.0   128   207    81   170    73   173 0.80 -
evm.utg190.40.1.5c22ec4c             -            509 453052at33208        -            334   2.4e-06   28.4   0.0   2   2     0.047       7.3    7.1   0.0   125   174   171   220   169   255 0.92 -
evm.utg2417.39                       -            829 453052at33208        -            334     3e-06   28.1   0.1   1   3         2     3e+02    1.8   0.0   127   165   123   162   106   173 0.72 -
evm.utg2417.39                       -            829 453052at33208        -            334     3e-06   28.1   0.1   2   3   2.9e-05    0.0044   17.7   0.0   133   212   173   256   164   271 0.80 -
evm.utg2417.39                       -            829 453052at33208        -            334     3e-06   28.1   0.1   3   3      0.66     1e+02    3.3   0.0   117   155   289   338   263   345 0.72 -
evm.utg1285.17                       -            455 453052at33208        -            334     3e-06   28.1   0.1   1   2      0.11        18    5.8   0.0   126   162    47    83    41    98 0.79 -
evm.utg1285.17                       -            455 453052at33208        -            334     3e-06   28.1   0.1   2   2   1.7e-05    0.0027   18.4   0.0   145   243   343   452   305   453 0.60 -
evm.utg116.41                        -            703 453052at33208        -            334   3.6e-06   27.8   0.4   1   3      0.21        33    4.9   0.0   127   162    54    90    43    96 0.80 -
evm.utg116.41                        -            703 453052at33208        -            334   3.6e-06   27.8   0.4   2   3       0.4        63    4.0   0.0   156   208   144   198   116   224 0.78 -
evm.utg116.41                        -            703 453052at33208        -            334   3.6e-06   27.8   0.4   3   3   0.00019     0.029   15.0   0.0   127   160   588   621   552   650 0.86 -
evm.utg8.11                          -            830 453052at33208        -            334   5.4e-06   27.3   0.1   1   3       2.1   3.3e+02    1.7   0.0   127   164   123   161   107   172 0.73 -
evm.utg8.11                          -            830 453052at33208        -            334   5.4e-06   27.3   0.1   2   3   5.6e-05    0.0087   16.7   0.0   134   212   174   256   164   270 0.80 -
evm.utg8.11                          -            830 453052at33208        -            334   5.4e-06   27.3   0.1   3   3      0.69   1.1e+02    3.3   0.0   118   155   290   338   265   345 0.72 -
evm.utg2428.30.1.5c22ed9a            -            721 453052at33208        -            334   5.5e-06   27.2   1.0   1   3       9.3   1.4e+03   -0.4   0.0   130   154     4    28     3    43 0.64 -
evm.utg2428.30.1.5c22ed9a            -            721 453052at33208        -            334   5.5e-06   27.2   1.0   2   3     0.035       5.4    7.5   0.0   189   284    23   123    16   132 0.76 -
evm.utg2428.30.1.5c22ed9a            -            721 453052at33208        -            334   5.5e-06   27.2   1.0   3   3   7.3e-05     0.011   16.3   0.1    85   160   197   268   185   272 0.91 -
evm.utg4455.54                       -            917 453052at33208        -            334     6e-06   27.1   2.2   1   3     4e-05    0.0063   17.2   0.0   125   181   380   437   378   455 0.77 -
evm.utg4455.54                       -            917 453052at33208        -            334     6e-06   27.1   2.2   2   3       6.6     1e+03    0.0   0.0   186   205   506   524   474   541 0.63 -
evm.utg4455.54                       -            917 453052at33208        -            334     6e-06   27.1   2.2   3   3     0.093        14    6.1   0.5   157   245   746   839   736   846 0.72 -
evm.utg307.22                        -           1448 453052at33208        -            334     7e-06   26.9   2.0   1   2       1.3     2e+02    2.4   0.1   180   202    25    47    18   109 0.44 -
evm.utg307.22                        -           1448 453052at33208        -            334     7e-06   26.9   2.0   2   2   9.7e-06    0.0015   19.2   0.0   121   241   453   590   451   594 0.78 -
evm.utg5774.22                       -            458 453052at33208        -            334     7e-06   26.9   7.1   1   3   1.1e-05    0.0017   19.0   0.1   224   312    27   120    10   124 0.86 -
evm.utg5774.22                       -            458 453052at33208        -            334     7e-06   26.9   7.1   2   3     0.074        12    6.4   2.0    71   163   145   231   141   236 0.73 -
evm.utg5774.22                       -            458 453052at33208        -            334     7e-06   26.9   7.1   3   3       2.6     4e+02    1.4   0.0    77   103   333   362   314   377 0.68 -
evm.utg301.67                        -           3787 453052at33208        -            334   7.2e-06   26.8   1.4   1   1   1.4e-07   2.2e-05   25.3   1.4   127   240  3383  3507  3341  3512 0.77 -
evm.utg1138.2                        -            324 453052at33208        -            334   7.4e-06   26.8   0.3   1   2       1.7   2.6e+02    2.0   0.0   172   201   112   141    84   146 0.82 -
evm.utg1138.2                        -            324 453052at33208        -            334   7.4e-06   26.8   0.3   2   2   1.3e-06    0.0002   22.1   0.0   124   263   148   297   137   318 0.81 -
evm.utg1025.9                        -            364 453052at33208        -            334   8.9e-06   26.5   6.8   1   4   0.00017     0.027   15.1   0.1   129   163     9    43     2    46 0.92 -
evm.utg1025.9                        -            364 453052at33208        -            334   8.9e-06   26.5   6.8   2   4     0.074        11    6.5   0.5   122   160    47    87    45   103 0.79 -
evm.utg1025.9                        -            364 453052at33208        -            334   8.9e-06   26.5   6.8   3   4       1.2   1.9e+02    2.4   0.0   117   162    99   146    90   163 0.78 -
evm.utg1025.9                        -            364 453052at33208        -            334   8.9e-06   26.5   6.8   4   4      0.52        81    3.7   0.0   126   283   274   309   249   325 0.68 -
evm.utg7855.10                       -            364 453052at33208        -            334   1.2e-05   26.2   7.0   1   4   0.00018     0.027   15.1   0.0   129   163     9    43     2    45 0.93 -
evm.utg7855.10                       -            364 453052at33208        -            334   1.2e-05   26.2   7.0   2   4     0.078        12    6.4   0.4   122   160    47    87    46   102 0.79 -
evm.utg7855.10                       -            364 453052at33208        -            334   1.2e-05   26.2   7.0   3   4       1.2   1.9e+02    2.5   0.0   116   162    98   146    89   162 0.78 -
evm.utg7855.10                       -            364 453052at33208        -            334   1.2e-05   26.2   7.0   4   4      0.63        98    3.4   0.1   126   160   274   308   267   326 0.66 -
evm.utg62.107                        -           1144 453052at33208        -            334   1.2e-05   26.1   0.3   1   1   7.9e-07   0.00012   22.8   0.0   123   176   106   159    58   170 0.81 -
evm.utg101.45                        -            862 453052at33208        -            334   1.5e-05   25.8   0.2   1   1   1.1e-06   0.00017   22.3   0.0   128   241   196   320   184   334 0.78 -
evm.utg21625.5                       -           1001 453052at33208        -            334     2e-05   25.4   0.1   1   1   2.1e-07   3.2e-05   24.7   0.1   127   204   920   998   914  1000 0.92 -
evm.utg736.40.1.5c22f3d4             -            386 453052at33208        -            334   2.3e-05   25.2   3.1   1   3       1.2   1.8e+02    2.5   0.1   122   159   173   210   144   214 0.72 -
evm.utg736.40.1.5c22f3d4             -            386 453052at33208        -            334   2.3e-05   25.2   3.1   2   3       4.5   7.1e+02    0.6   0.0   287   313   226   252   215   259 0.75 -
evm.utg736.40.1.5c22f3d4             -            386 453052at33208        -            334   2.3e-05   25.2   3.1   3   3   7.3e-06    0.0011   19.6   0.1   145   177   340   372   334   381 0.90 -
evm.utg2017.23                       -           1116 453052at33208        -            334   2.7e-05   25.0  11.0   1   3         9   1.4e+03   -0.4   0.0   188   231    29    72    14    86 0.69 -
evm.utg2017.23                       -           1116 453052at33208        -            334   2.7e-05   25.0  11.0   2   3   8.6e-07   0.00013   22.7   0.0   123   176   126   179    84   190 0.83 -
evm.utg2017.23                       -           1116 453052at33208        -            334   2.7e-05   25.0  11.0   3   3     0.098        15    6.1   0.1   129   173   225   269   198   290 0.84 -
evm.utg801.40                        -            682 453052at33208        -            334   2.9e-05   24.8   0.0   1   3   2.4e-05    0.0037   17.9   0.1   204   284    15    98     3   103 0.80 -
evm.utg801.40                        -            682 453052at33208        -            334   2.9e-05   24.8   0.0   2   3         1   1.6e+02    2.7   0.0   117   162    95   141    88   148 0.79 -
evm.utg801.40                        -            682 453052at33208        -            334   2.9e-05   24.8   0.0   3   3         3   4.7e+02    1.2   0.0   222   242   559   579   534   628 0.71 -
evm.utg21766.14                      -            538 453052at33208        -            334   3.1e-05   24.8   7.5   1   2    0.0036      0.57   10.8   0.0   186   241    28    86     9   101 0.67 -
evm.utg21766.14                      -            538 453052at33208        -            334   3.1e-05   24.8   7.5   2   2   0.00012     0.019   15.6   0.2   122   199   109   187   103   189 0.78 -
evm.utg2428.11                       -           2055 453052at33208        -            334   3.5e-05   24.6   1.6   1   2   8.9e-07   0.00014   22.6   0.5   124   164  1755  1795  1752  1841 0.76 -
evm.utg2428.11                       -           2055 453052at33208        -            334   3.5e-05   24.6   1.6   2   2       9.5   1.5e+03   -0.5   0.1   199   283  1805  1883  1795  1918 0.70 -
evm.utg736.1                         -            477 453052at33208        -            334   3.6e-05   24.5   0.4   1   3       3.2   4.9e+02    1.1   0.2   230   283    89   141    82   149 0.81 -
evm.utg736.1                         -            477 453052at33208        -            334   3.6e-05   24.5   0.4   2   3    0.0062      0.96   10.0   0.0   215   286   163   234   155   268 0.87 -
evm.utg736.1                         -            477 453052at33208        -            334   3.6e-05   24.5   0.4   3   3     0.015       2.3    8.7   0.2   122   176   365   419   332   422 0.86 -
evm.utg10608.1                       -            540 453052at33208        -            334   4.1e-05   24.4   2.4   1   3     0.039       6.1    7.4   0.0   129   160   137   168   121   172 0.89 -
evm.utg10608.1                       -            540 453052at33208        -            334   4.1e-05   24.4   2.4   2   3     0.019         3    8.4   0.1   125   181   174   232   172   258 0.81 -
evm.utg10608.1                       -            540 453052at33208        -            334   4.1e-05   24.4   2.4   3   3      0.19        30    5.1   0.1   106   177   447   522   410   527 0.69 -
evm.utg861.53                        -            556 453052at33208        -            334   5.3e-05   24.0   0.1   1   2     0.062       9.6    6.7   0.0   126   245   250   290   242   354 0.68 -
evm.utg861.53                        -            556 453052at33208        -            334   5.3e-05   24.0   0.1   2   2    0.0006     0.094   13.3   0.0   227   281   486   540   444   544 0.49 -
evm.utg183.20                        -            427 453052at33208        -            334   8.6e-05   23.3   0.3   1   2   1.5e-05    0.0023   18.6   0.1   128   207    94   175    83   212 0.67 -
evm.utg183.20                        -            427 453052at33208        -            334   8.6e-05   23.3   0.3   2   2       7.7   1.2e+03   -0.2   0.0   213   241   303   331   292   350 0.78 -
evm.utg911.6.2.5c22f4f3              -           1606 453052at33208        -            334   8.8e-05   23.3   0.3   1   5    0.0001     0.016   15.9   0.1    99   207    87   211    64   220 0.78 -
evm.utg911.6.2.5c22f4f3              -           1606 453052at33208        -            334   8.8e-05   23.3   0.3   2   5       3.2     5e+02    1.1   0.0   135   167   343   375   267   391 0.67 -
evm.utg911.6.2.5c22f4f3              -           1606 453052at33208        -            334   8.8e-05   23.3   0.3   3   5      0.13        20    5.7   0.0   148   171   414   437   411   458 0.82 -
evm.utg911.6.2.5c22f4f3              -           1606 453052at33208        -            334   8.8e-05   23.3   0.3   4   5     0.013         2    9.0   0.0   188   281   537   641   480   663 0.69 -
evm.utg911.6.2.5c22f4f3              -           1606 453052at33208        -            334   8.8e-05   23.3   0.3   5   5   0.00033     0.052   14.2   0.0   123   166   692   734   674   744 0.88 -
evm.utg577.63                        -            506 453052at33208        -            334   9.4e-05   23.2   1.1   1   2   2.8e-06   0.00043   21.0   0.3   127   257   204   341   200   360 0.82 -
evm.utg577.63                        -            506 453052at33208        -            334   9.4e-05   23.2   1.1   2   2       6.9   1.1e+03   -0.0   0.0   226   248   449   471   352   505 0.63 -
evm.utg1882.2                        -            644 453052at33208        -            334   0.00011   22.9   0.1   1   1     2e-06   0.00031   21.5   0.1   117   201   408   506   385   557 0.74 -
evm.utg6072.16                       -            506 453052at33208        -            334   0.00012   22.8   1.2   1   1   3.9e-06   0.00061   20.5   0.5   126   257   203   341   199   378 0.82 -
evm.utg194.33                        -            633 453052at33208        -            334   0.00016   22.4   0.2   1   2       2.2   3.5e+02    1.6   0.0   191   283   253   314   231   369 0.46 -
evm.utg194.33                        -            633 453052at33208        -            334   0.00016   22.4   0.2   2   2   2.6e-05     0.004   17.8   0.1   128   240   459   533   443   561 0.56 -
evm.utg888.20                        -           4000 453052at33208        -            334   0.00018   22.3   0.2   1   2   7.3e-06    0.0011   19.6   0.1   119   181  3785  3846  3752  3876 0.84 -
evm.utg888.20                        -           4000 453052at33208        -            334   0.00018   22.3   0.2   2   2       9.6   1.5e+03   -0.5   0.0   134   166  3943  3975  3923  3976 0.90 -
evm.utg1138.4                        -            513 453052at33208        -            334   0.00019   22.2   0.1   1   2    0.0005     0.078   13.6   0.0   221   284   195   260   189   265 0.90 -
evm.utg1138.4                        -            513 453052at33208        -            334   0.00019   22.2   0.1   2   2     0.097        15    6.1   0.1   123   165   290   332   286   345 0.80 -
evm.utg4610.15                       -           1557 453052at33208        -            334   0.00019   22.2   0.3   1   2   8.8e-05     0.014   16.1   0.0   125   247  1018  1144  1015  1152 0.84 -
evm.utg4610.15                       -           1557 453052at33208        -            334   0.00019   22.2   0.3   2   2      0.57        88    3.5   0.1   213   244  1308  1339  1285  1367 0.79 -
evm.utg911.6.1.5c22f4f3              -           1631 453052at33208        -            334    0.0002   22.1   0.2   1   5    0.0001     0.016   15.9   0.1    99   207    87   211    64   220 0.78 -
evm.utg911.6.1.5c22f4f3              -           1631 453052at33208        -            334    0.0002   22.1   0.2   2   5       3.3   5.1e+02    1.0   0.0   135   167   343   375   267   391 0.67 -
evm.utg911.6.1.5c22f4f3              -           1631 453052at33208        -            334    0.0002   22.1   0.2   3   5      0.13        20    5.7   0.0   148   171   414   437   411   458 0.82 -
evm.utg911.6.1.5c22f4f3              -           1631 453052at33208        -            334    0.0002   22.1   0.2   4   5     0.013         2    8.9   0.0   188   281   537   641   480   663 0.69 -
evm.utg911.6.1.5c22f4f3              -           1631 453052at33208        -            334    0.0002   22.1   0.2   5   5   0.00034     0.053   14.1   0.0   123   166   692   734   674   744 0.88 -
evm.utg911.6                         -           1632 453052at33208        -            334    0.0002   22.1   0.2   1   5    0.0001     0.016   15.9   0.1    99   207    87   211    64   220 0.78 -
evm.utg911.6                         -           1632 453052at33208        -            334    0.0002   22.1   0.2   2   5       3.3   5.1e+02    1.0   0.0   135   167   343   375   267   391 0.67 -
evm.utg911.6                         -           1632 453052at33208        -            334    0.0002   22.1   0.2   3   5      0.13        20    5.7   0.0   148   171   414   437   411   458 0.82 -
evm.utg911.6                         -           1632 453052at33208        -            334    0.0002   22.1   0.2   4   5     0.013         2    8.9   0.0   188   281   537   641   480   663 0.69 -
evm.utg911.6                         -           1632 453052at33208        -            334    0.0002   22.1   0.2   5   5   0.00034     0.053   14.1   0.0   123   166   692   734   674   744 0.88 -
evm.utg659.9                         -            354 453052at33208        -            334   0.00021   22.0   0.1   1   2   2.9e-05    0.0045   17.7   0.0   129   203    89   165    82   200 0.87 -
evm.utg659.9                         -            354 453052at33208        -            334   0.00021   22.0   0.1   2   2       5.3   8.2e+02    0.4   0.0   293   326   282   315   274   319 0.86 -
evm.utg55.185.2.5c22f22c             -            697 453052at33208        -            334   0.00024   21.8   2.2   1   2      0.68   1.1e+02    3.3   0.0   130   166    59    96    27   111 0.77 -
evm.utg55.185.2.5c22f22c             -            697 453052at33208        -            334   0.00024   21.8   2.2   2   2   0.00012     0.018   15.7   0.0   201   287   189   277   176   307 0.65 -
evm.utg55.185.1.5c22f22c             -            784 453052at33208        -            334   0.00024   21.8   1.6   1   2      0.79   1.2e+02    3.1   0.0   130   166    59    96    27   111 0.77 -
evm.utg55.185.1.5c22f22c             -            784 453052at33208        -            334   0.00024   21.8   1.6   2   2   0.00014     0.021   15.4   0.0   201   287   189   277   176   307 0.65 -
evm.utg55.185                        -            839 453052at33208        -            334   0.00029   21.6   1.6   1   2      0.86   1.3e+02    3.0   0.0   130   166    59    96    27   111 0.77 -
evm.utg55.185                        -            839 453052at33208        -            334   0.00029   21.6   1.6   2   2   0.00015     0.024   15.3   0.0   201   287   189   277   176   307 0.65 -
evm.utg1205.155                      -            364 453052at33208        -            334   0.00036   21.3   1.2   1   4       5.6   8.7e+02    0.3   0.0   138   201    17    79    10    95 0.66 -
evm.utg1205.155                      -            364 453052at33208        -            334   0.00036   21.3   1.2   2   4     0.021       3.3    8.2   0.0   128   160   151   183   129   187 0.89 -
evm.utg1205.155                      -            364 453052at33208        -            334   0.00036   21.3   1.2   3   4     0.019         3    8.4   0.1   125   182   189   248   186   268 0.82 -
evm.utg1205.155                      -            364 453052at33208        -            334   0.00036   21.3   1.2   4   4         7   1.1e+03   -0.0   0.0   147   199   253   306   242   310 0.70 -
evm.utg659.9.1.5c2796f4              -            263 453052at33208        -            334   0.00042   21.0   0.1   1   2       6.8   1.1e+03    0.0   0.0   133   164    49    80    41    84 0.81 -
evm.utg659.9.1.5c2796f4              -            263 453052at33208        -            334   0.00042   21.0   0.1   2   2   1.6e-05    0.0025   18.5   0.0   129   203    89   165    82   201 0.87 -
evm.utg788.89                        -            256 453052at33208        -            334   0.00044   21.0   6.1   1   3    0.0044      0.69   10.5   0.3   129   175    11    59     2    88 0.70 -
evm.utg788.89                        -            256 453052at33208        -            334   0.00044   21.0   6.1   2   3    0.0035      0.54   10.8   0.2   125   201    51   134    46   157 0.68 -
evm.utg788.89                        -            256 453052at33208        -            334   0.00044   21.0   6.1   3   3       0.2        32    5.0   0.4   190   239   185   244   173   249 0.42 -
evm.utg1281.13                       -            378 453052at33208        -            334   0.00045   21.0   0.1   1   2   5.3e-05    0.0083   16.8   0.0   129   203    90   166    83   201 0.86 -
evm.utg1281.13                       -            378 453052at33208        -            334   0.00045   21.0   0.1   2   2       5.6   8.7e+02    0.3   0.0   293   326   283   316   275   321 0.86 -
evm.utg415.95                        -            377 453052at33208        -            334   0.00046   20.9   2.5   1   3    0.0037      0.57   10.7   0.0   122   163    45    86    26    94 0.91 -
evm.utg415.95                        -            377 453052at33208        -            334   0.00046   20.9   2.5   2   3       0.5        78    3.7   0.1   130   171   205   246   196   270 0.83 -
evm.utg415.95                        -            377 453052at33208        -            334   0.00046   20.9   2.5   3   3      0.73   1.1e+02    3.2   0.1    35    95   285   345   280   366 0.91 -
evm.utg129.32                        -           2435 453052at33208        -            334   0.00052   20.7   0.1   1   1   9.1e-06    0.0014   19.3   0.1   117   203  2199  2299  2176  2313 0.76 -
evm.utg3092.42                       -            256 453052at33208        -            334    0.0012   19.6   0.1   1   2      0.64        99    3.4   0.0   214   249    62    98    47   108 0.76 -
evm.utg3092.42                       -            256 453052at33208        -            334    0.0012   19.6   0.1   2   2   0.00032      0.05   14.2   0.1   211   283   110   182   104   188 0.81 -
evm.utg1278.33                       -            655 453052at33208        -            334    0.0018   19.0   8.9   1   3       1.5   2.3e+02    2.2   0.0   131   164   180   213   171   224 0.86 -
evm.utg1278.33                       -            655 453052at33208        -            334    0.0018   19.0   8.9   2   3      0.12        18    5.8   0.1   224   249   296   324   292   338 0.70 -
evm.utg1278.33                       -            655 453052at33208        -            334    0.0018   19.0   8.9   3   3   0.00023     0.035   14.7   0.1   221   294   341   418   322   447 0.77 -
evm.utg3283.26                       -           1014 453052at33208        -            334    0.0019   18.9   0.1   1   2     0.034       5.4    7.5   0.0   214   283   680   749   606   759 0.79 -
evm.utg3283.26                       -           1014 453052at33208        -            334    0.0019   18.9   0.1   2   2     0.046       7.1    7.1   0.2    73   103   978  1011   967  1013 0.59 -
evm.utg1972.74                       -            485 453052at33208        -            334     0.002   18.8   0.1   1   2      0.31        48    4.4   0.0   127   164    75   113    44   121 0.78 -
evm.utg1972.74                       -            485 453052at33208        -            334     0.002   18.8   0.1   2   2     0.002      0.31   11.6   0.1   123   177   121   176   115   201 0.72 -
evm.utg109.121                       -            491 453052at33208        -            334    0.0028   18.3   0.0   1   3      0.83   1.3e+02    3.0   0.0   229   284   188   254   179   265 0.65 -
evm.utg109.121                       -            491 453052at33208        -            334    0.0028   18.3   0.0   2   3     0.056       8.7    6.9   0.0   223   253   359   389   350   427 0.75 -
evm.utg109.121                       -            491 453052at33208        -            334    0.0028   18.3   0.0   3   3      0.31        47    4.4   0.0   108   163   408   468   392   473 0.66 -
evm.utg622.116                       -            447 453052at33208        -            334    0.0033   18.1   1.3   1   3     0.076        12    6.4   0.1   126   168    92   135    85   215 0.65 -
evm.utg622.116                       -            447 453052at33208        -            334    0.0033   18.1   1.3   2   3       1.6   2.4e+02    2.1   0.0   123   157   205   239   178   296 0.54 -
evm.utg622.116                       -            447 453052at33208        -            334    0.0033   18.1   1.3   3   3      0.19        29    5.1   0.0   125   160   409   443   349   445 0.58 -
evm.utg498.144                       -           1008 453052at33208        -            334    0.0033   18.1   4.2   1   4     0.079        12    6.4   0.4   126   286   420   594   402   608 0.67 -
evm.utg498.144                       -           1008 453052at33208        -            334    0.0033   18.1   4.2   2   4      0.71   1.1e+02    3.2   0.0   129   162   695   729   680   735 0.79 -
evm.utg498.144                       -           1008 453052at33208        -            334    0.0033   18.1   4.2   3   4      0.46        71    3.9   0.0   110   163   760   813   753   848 0.81 -
evm.utg498.144                       -           1008 453052at33208        -            334    0.0033   18.1   4.2   4   4       6.4   9.9e+02    0.1   0.0   127   160   932   966   900   978 0.76 -
evm.utg15211.1                       -            289 453052at33208        -            334    0.0034   18.1   0.1   1   2       2.3   3.5e+02    1.6   0.0   123   160    30    68    18    83 0.82 -
evm.utg15211.1                       -            289 453052at33208        -            334    0.0034   18.1   0.1   2   2    0.0004     0.062   13.9   0.0   174   242   126   199   103   207 0.72 -
evm.utg3260.8.1.5c22ef11.1.5c279395  -            447 453052at33208        -            334    0.0038   17.9   0.9   1   2    0.0041      0.64   10.6   0.2   130   161   112   142   104   147 0.87 -
evm.utg3260.8.1.5c22ef11.1.5c279395  -            447 453052at33208        -            334    0.0038   17.9   0.9   2   2      0.46        72    3.8   0.0   146   175   169   196   146   200 0.73 -
evm.utg378.33                        -            500 453052at33208        -            334    0.0038   17.9   1.6   1   2    0.0028      0.44   11.1   0.2   201   271    83   154    71   178 0.57 -
evm.utg378.33                        -            500 453052at33208        -            334    0.0038   17.9   1.6   2   2      0.31        48    4.4   0.0   125   200   329   409   291   419 0.70 -
evm.utg112.36                        -            329 453052at33208        -            334    0.0038   17.9   0.0   1   3       4.1   6.4e+02    0.7   0.0   220   255    74   109    49   121 0.71 -
evm.utg112.36                        -            329 453052at33208        -            334    0.0038   17.9   0.0   2   3   0.00075      0.12   13.0   0.0   223   256   126   160    72   180 0.60 -
evm.utg112.36                        -            329 453052at33208        -            334    0.0038   17.9   0.0   3   3       2.6   4.1e+02    1.4   0.0   249   287   225   264   188   288 0.64 -
evm.utg6924.10                       -            677 453052at33208        -            334     0.004   17.8   7.1   1   4         1   1.5e+02    2.7   0.0   127   162    59    94    45   125 0.86 -
evm.utg6924.10                       -            677 453052at33208        -            334     0.004   17.8   7.1   2   4       3.3   5.2e+02    1.0   0.0    62   101   403   442   397   458 0.84 -
evm.utg6924.10                       -            677 453052at33208        -            334     0.004   17.8   7.1   3   4     0.001      0.16   12.6   0.8   147   241   525   632   511   644 0.66 -
evm.utg6924.10                       -            677 453052at33208        -            334     0.004   17.8   7.1   4   4       9.3   1.4e+03   -0.4   0.0   127   163   639   675   634   676 0.88 -
evm.utg1049.27                       -           1217 453052at33208        -            334    0.0041   17.8   0.5   1   4      0.19        29    5.1   0.0   190   285    77   183    58   194 0.66 -
evm.utg1049.27                       -           1217 453052at33208        -            334    0.0041   17.8   0.5   2   4       6.7     1e+03    0.0   0.0   216   244   200   228   188   237 0.83 -
evm.utg1049.27                       -           1217 453052at33208        -            334    0.0041   17.8   0.5   3   4    0.0012      0.19   12.3   0.0   170   206   366   402   333   417 0.83 -
evm.utg1049.27                       -           1217 453052at33208        -            334    0.0041   17.8   0.5   4   4   0.00069      0.11   13.1   0.2   122   216   482   574   476   601 0.84 -
evm.utg801.96.1.5c22f45f             -            327 453052at33208        -            334    0.0041   17.8   1.4   1   2     0.016       2.4    8.7   0.0   127   163   175   212   170   217 0.84 -
evm.utg801.96.1.5c22f45f             -            327 453052at33208        -            334    0.0041   17.8   1.4   2   2     0.045         7    7.2   0.7   207   253   223   273   212   313 0.55 -
evm.utg3260.8.1.5c22ef11             -            477 453052at33208        -            334    0.0041   17.8   1.0   1   2    0.0047      0.72   10.4   0.2   130   161   112   142   104   146 0.87 -
evm.utg3260.8.1.5c22ef11             -            477 453052at33208        -            334    0.0041   17.8   1.0   2   2      0.49        76    3.8   0.0   144   175   167   196   145   200 0.73 -
evm.utg1285.72.1.5c22e9f6            -           1103 453052at33208        -            334     0.005   17.5   0.0   1   2      0.68   1.1e+02    3.3   0.0   129   163   940   974   931  1009 0.88 -
evm.utg1285.72.1.5c22e9f6            -           1103 453052at33208        -            334     0.005   17.5   0.0   2   2    0.0018      0.28   11.8   0.0   123   182  1027  1085  1013  1101 0.74 -
evm.utg2216.17                       -            277 453052at33208        -            334    0.0055   17.4   0.1   1   1   5.7e-05    0.0089   16.7   0.1   125   239    88   201    72   209 0.84 -
evm.utg377.23                        -            826 453052at33208        -            334     0.006   17.3   0.1   1   3       1.7   2.6e+02    2.0   0.0   157   203   476   524   458   536 0.80 -
evm.utg377.23                        -            826 453052at33208        -            334     0.006   17.3   0.1   2   3      0.44        68    3.9   0.1   128   171   661   705   656   714 0.55 -
evm.utg377.23                        -            826 453052at33208        -            334     0.006   17.3   0.1   3   3     0.017       2.7    8.5   0.0   124   164   700   740   698   789 0.88 -
evm.utg3839.110                      -            824 453052at33208        -            334    0.0072   17.0   0.1   1   3       1.9     3e+02    1.8   0.0   157   203   474   522   456   534 0.80 -
evm.utg3839.110                      -            824 453052at33208        -            334    0.0072   17.0   0.1   2   3      0.43        67    3.9   0.1   128   171   659   703   654   712 0.55 -
evm.utg3839.110                      -            824 453052at33208        -            334    0.0072   17.0   0.1   3   3     0.017       2.7    8.5   0.0   124   164   698   738   696   787 0.88 -
evm.utg3260.8                        -            668 453052at33208        -            334    0.0091   16.6   0.6   1   2    0.0067         1    9.9   0.2   130   161   112   142   104   149 0.87 -
evm.utg3260.8                        -            668 453052at33208        -            334    0.0091   16.6   0.6   2   2       0.6        93    3.5   0.0   148   175   171   196   146   209 0.72 -
evm.utg622.116.1.5c22f2e9            -            417 453052at33208        -            334     0.011   16.4   0.4   1   4       1.2   1.9e+02    2.5   0.0   220   241    78    99    64   119 0.80 -
evm.utg622.116.1.5c22f2e9            -            417 453052at33208        -            334     0.011   16.4   0.4   2   4       2.8   4.4e+02    1.3   0.0   219   246   150   177   121   204 0.72 -
evm.utg622.116.1.5c22f2e9            -            417 453052at33208        -            334     0.011   16.4   0.4   3   4       2.3   3.5e+02    1.6   0.0   123   173   175   225   152   268 0.58 -
evm.utg622.116.1.5c22f2e9            -            417 453052at33208        -            334     0.011   16.4   0.4   4   4      0.44        69    3.9   0.0   126   161   380   414   377   415 0.84 -
evm.utg3283.17                       -            668 453052at33208        -            334     0.013   16.1   0.5   1   2      0.01       1.6    9.3   0.1   130   161   112   142   106   147 0.88 -
evm.utg3283.17                       -            668 453052at33208        -            334     0.013   16.1   0.5   2   2      0.63        97    3.4   0.0   147   175   170   196   145   205 0.72 -
evm.utg6379.9                        -            677 453052at33208        -            334     0.018   15.7   9.5   1   5      0.57        88    3.6   0.0   127   162    59    94    45   109 0.89 -
evm.utg6379.9                        -            677 453052at33208        -            334     0.018   15.7   9.5   2   5       8.4   1.3e+03   -0.3   0.0   249   276   332   359   324   383 0.86 -
evm.utg6379.9                        -            677 453052at33208        -            334     0.018   15.7   9.5   3   5       2.2   3.3e+02    1.6   0.0    62   100   403   441   386   458 0.67 -
evm.utg6379.9                        -            677 453052at33208        -            334     0.018   15.7   9.5   4   5    0.0039       0.6   10.7   0.8   147   241   525   632   511   646 0.63 -
evm.utg6379.9                        -            677 453052at33208        -            334     0.018   15.7   9.5   5   5         5   7.7e+02    0.4   0.1   124   163   636   675   616   676 0.79 -
evm.utg729.14                        -            388 453052at33208        -            334     0.019   15.6   0.2   1   2     0.088        14    6.2   0.0   186   215   139   168   110   235 0.89 -
evm.utg729.14                        -            388 453052at33208        -            334     0.019   15.6   0.2   2   2      0.27        42    4.6   0.0   125   172   260   307   255   327 0.85 -
evm.utg39192.1                       -            333 453052at33208        -            334      0.02   15.5   0.0   1   1   0.00022     0.035   14.7   0.0   124   176   271   323   268   329 0.90 -
evm.utg2246.105                      -           1010 453052at33208        -            334     0.024   15.3   0.1   1   2       1.8   2.7e+02    1.9   0.0   187   212   777   802   766   810 0.82 -
evm.utg2246.105                      -           1010 453052at33208        -            334     0.024   15.3   0.1   2   2    0.0077       1.2    9.7   0.0   126   162   816   853   808   857 0.85 -
evm.utg564.51                        -            671 453052at33208        -            334     0.034   14.7   0.6   1   2      0.79   1.2e+02    3.1   0.1   184   240   129   191   116   194 0.74 -
evm.utg564.51                        -            671 453052at33208        -            334     0.034   14.7   0.6   2   2    0.0039       0.6   10.7   0.4   176   283   165   274   158   281 0.69 -
evm.utg172.78                        -            451 453052at33208        -            334     0.036   14.7   0.1   1   3      0.69   1.1e+02    3.3   0.0   281   310   200   229   165   233 0.84 -
evm.utg172.78                        -            451 453052at33208        -            334     0.036   14.7   0.1   2   3       3.9     6e+02    0.8   0.0   193   217   295   319   281   355 0.52 -
evm.utg172.78                        -            451 453052at33208        -            334     0.036   14.7   0.1   3   3      0.12        19    5.8   0.0   132   161   377   406   322   417 0.83 -
evm.utg535.8                         -            403 453052at33208        -            334     0.037   14.6   0.4   1   3       3.8   5.9e+02    0.8   0.0   291   314   142   165    65   172 0.79 -
evm.utg535.8                         -            403 453052at33208        -            334     0.037   14.6   0.4   2   3     0.018       2.8    8.5   0.0   123   163   175   215   172   253 0.94 -
evm.utg535.8                         -            403 453052at33208        -            334     0.037   14.6   0.4   3   3       2.8   4.4e+02    1.2   0.0   103   144   290   342   287   374 0.55 -
evm.utg378.105                       -            554 453052at33208        -            334     0.069   13.8   0.3   1   1    0.0028      0.44   11.1   0.1   126   161    60    95    39   103 0.90 -
evm.utg78.65.1.5c22f420              -            558 453052at33208        -            334     0.078   13.6   0.0   1   1    0.0005     0.078   13.6   0.0   127   178   411   462   407   473 0.89 -
evm.utg101.81                        -            931 453052at33208        -            334     0.079   13.6   0.9   1   4         1   1.6e+02    2.7   0.0   206   254    85   138    65   167 0.68 -
evm.utg101.81                        -            931 453052at33208        -            334     0.079   13.6   0.9   2   4         1   1.6e+02    2.7   0.0   226   310   365   453   349   463 0.60 -
evm.utg101.81                        -            931 453052at33208        -            334     0.079   13.6   0.9   3   4       2.2   3.4e+02    1.6   0.1   125   159   475   509   472   515 0.88 -
evm.utg101.81                        -            931 453052at33208        -            334     0.079   13.6   0.9   4   4       4.7   7.2e+02    0.5   0.0   186   204   692   710   673   715 0.79 -
evm.utg8380.14                       -            389 453052at33208        -            334     0.083   13.5   0.1   1   1    0.0011      0.17   12.5   0.1   212   283   233   307   203   322 0.57 -
evm.utg4709.34                       -            823 453052at33208        -            334     0.089   13.4   0.2   1   2   0.00057     0.089   13.4   0.2   122   200    10    89     7    92 0.79 -
evm.utg4709.34                       -            823 453052at33208        -            334     0.089   13.4   0.2   2   2      0.79   1.2e+02    3.1   0.0   125   162    55    92    52   105 0.88 -
evm.utg109.19                        -            756 453052at33208        -            334       0.1   13.2   0.6   1   2       0.4        62    4.1   0.0   185   242   130   193   124   240 0.69 -
evm.utg109.19                        -            756 453052at33208        -            334       0.1   13.2   0.6   2   2     0.016       2.5    8.6   0.5   213   283   204   274   160   287 0.66 -
evm.utg1005.78                       -            759 453052at33208        -            334      0.11   13.1   0.0   1   3   0.00072      0.11   13.1   0.0   127   178   420   471   416   485 0.89 -
evm.utg1005.78                       -            759 453052at33208        -            334      0.11   13.1   0.0   2   3       1.1   1.7e+02    2.6   0.0   214   276   593   652   563   664 0.62 -
evm.utg1005.78                       -            759 453052at33208        -            334      0.11   13.1   0.0   3   3      0.31        49    4.4   0.0   123   158   666   701   661   757 0.87 -
evm.utg78.65                         -            750 453052at33208        -            334      0.11   13.0   0.0   1   3   0.00073      0.11   13.0   0.0   127   177   411   461   407   473 0.89 -
evm.utg78.65                         -            750 453052at33208        -            334      0.11   13.0   0.0   2   3       1.5   2.4e+02    2.1   0.0   215   276   585   643   557   657 0.65 -
evm.utg78.65                         -            750 453052at33208        -            334      0.11   13.0   0.0   3   3      0.32        49    4.4   0.1   123   158   657   692   653   748 0.86 -
evm.utg14772.13                      -            234 453052at33208        -            334      0.12   13.0   0.5   1   2       1.2   1.9e+02    2.4   0.1   277   314   128   165    15   168 0.74 -
evm.utg14772.13                      -            234 453052at33208        -            334      0.12   13.0   0.5   2   2     0.016       2.5    8.6   0.0   124   163   176   215   173   222 0.93 -
evm.utg1272.78                       -           1295 453052at33208        -            334      0.15   12.6   3.1   1   3         3   4.7e+02    1.1   0.0   237   322   556   604   528   614 0.56 -
evm.utg1272.78                       -           1295 453052at33208        -            334      0.15   12.6   3.1   2   3     0.046       7.1    7.1   0.1   217   266   624   671   620   701 0.72 -
evm.utg1272.78                       -           1295 453052at33208        -            334      0.15   12.6   3.1   3   3       4.1   6.4e+02    0.7   0.1   126   167   986  1026   981  1048 0.71 -
evm.utg2099.34                       -            412 453052at33208        -            334      0.16   12.5   0.1   1   2       2.9   4.5e+02    1.2   0.0    87   140   224   276   176   302 0.59 -
evm.utg2099.34                       -            412 453052at33208        -            334      0.16   12.5   0.1   2   2    0.0011      0.16   12.5   0.1   128   161   311   345   304   373 0.86 -
evm.utg3839.107                      -            479 453052at33208        -            334       0.2   12.2   1.7   1   2       1.2   1.8e+02    2.5   0.1   179   284    66    89    48    96 0.51 -
evm.utg3839.107                      -            479 453052at33208        -            334       0.2   12.2   1.7   2   2     0.029       4.6    7.8   0.1   125   168    96   139    91   146 0.89 -
evm.utg2129.147                      -            400 453052at33208        -            334      0.21   12.2   0.1   1   2     0.032         5    7.7   0.0   195   250   120   178    95   186 0.68 -
evm.utg2129.147                      -            400 453052at33208        -            334      0.21   12.2   0.1   2   2       1.7   2.7e+02    2.0   0.0   132   163   209   240   195   289 0.85 -
evm.utg2246.105.1.5c22ed46           -           1010 453052at33208        -            334      0.21   12.2   0.1   1   2       1.8   2.7e+02    1.9   0.0   187   212   777   802   766   810 0.82 -
evm.utg2246.105.1.5c22ed46           -           1010 453052at33208        -            334      0.21   12.2   0.1   2   2      0.07        11    6.5   0.0   126   162   816   853   808   857 0.84 -
evm.utg116.42                        -            197 453052at33208        -            334      0.23   12.1   0.0   1   1    0.0021      0.33   11.5   0.0   118   178    48   115    35   125 0.81 -
evm.utg729.147.2.5c22f3b0            -            466 453052at33208        -            334      0.29   11.7   0.1   1   1    0.0086       1.3    9.5   0.0   214   278   201   262   158   265 0.69 -
evm.utg377.24.1.5c22efd8             -            481 453052at33208        -            334      0.29   11.7   2.1   1   2         1   1.6e+02    2.7   0.1   177   284    64    89    43    96 0.54 -
evm.utg377.24.1.5c22efd8             -            481 453052at33208        -            334      0.29   11.7   2.1   2   2      0.03       4.7    7.7   0.1   125   167    96   138    91   145 0.89 -
evm.utg415.35                        -            500 453052at33208        -            334      0.33   11.5   0.1   1   3       4.8   7.5e+02    0.5   0.1   126   150   224   248   208   254 0.65 -
evm.utg415.35                        -            500 453052at33208        -            334      0.33   11.5   0.1   2   3      0.22        35    4.9   0.0   285   311   331   357   324   359 0.90 -
evm.utg415.35                        -            500 453052at33208        -            334      0.33   11.5   0.1   3   3       2.3   3.5e+02    1.6   0.0   135   161   390   416   383   420 0.85 -
evm.utg888.56                        -            459 453052at33208        -            334      0.34   11.5   1.3   1   2      0.74   1.2e+02    3.2   0.0   289   313   229   253   194   269 0.81 -
evm.utg888.56                        -            459 453052at33208        -            334      0.34   11.5   1.3   2   2      0.11        16    5.9   0.2    74   123   363   416   347   435 0.72 -
evm.utg377.24                        -            615 453052at33208        -            334      0.37   11.4   1.4   1   2       1.3   2.1e+02    2.3   0.1   177   284    64    89    41    96 0.54 -
evm.utg377.24                        -            615 453052at33208        -            334      0.37   11.4   1.4   2   2     0.043       6.7    7.2   0.1   125   167    96   138    92   145 0.89 -
evm.utg1051.87                       -           2584 453052at33208        -            334      0.45   11.1   0.1   1   3       3.3   5.1e+02    1.1   0.0   226   284  2310  2369  2306  2394 0.68 -
evm.utg1051.87                       -           2584 453052at33208        -            334      0.45   11.1   0.1   2   3      0.14        22    5.6   0.0   125   161  2484  2520  2456  2529 0.89 -
evm.utg1051.87                       -           2584 453052at33208        -            334      0.45   11.1   0.1   3   3      0.23        35    4.8   0.0   223   257  2503  2537  2487  2540 0.80 -
evm.utg126889.5                      -            115 453052at33208        -            334       0.5   10.9   0.1   1   1    0.0037      0.57   10.7   0.1    11    94    25   110    16   114 0.84 -
evm.utg729.147.1.5c22f3b0            -            508 453052at33208        -            334      0.52   10.9   0.0   1   1    0.0099       1.5    9.3   0.0   214   278   262   323   220   326 0.69 -
evm.utg729.147                       -            527 453052at33208        -            334      0.56   10.8   0.0   1   1      0.01       1.6    9.3   0.0   214   278   262   323   220   326 0.69 -
evm.utg116.24                        -            526 453052at33208        -            334      0.56   10.8   0.1   1   1     0.014       2.2    8.8   0.0   215   277   263   322   231   325 0.70 -
evm.utg431.28.29                     -            766 453052at33208        -            334       3.3    8.2   9.9   1   2     0.057       8.8    6.8   0.0   125   201   415   493   410   535 0.80 -
evm.utg431.28.29                     -            766 453052at33208        -            334       3.3    8.2   9.9   2   2     0.025       3.9    8.0   0.0   119   164   618   663   555   674 0.76 -
evm.utg1910.24                       -            586 453052at33208        -            334       8.6    6.9  10.6   1   1     0.099        15    6.0  10.6     6    57   520   572   515   585 0.76 -
#
# Program:         hmmsearch
# Version:         3.1b2 (February 2015)
# Pipeline mode:   SEARCH
# Query file:      /uoa/scratch/users/r02hw22/project_dark_genes/busco_downloads/lineages/metazoa_odb10/hmms/453052at33208.hmm
# Target file:     /uoa/scratch/users/r02hw22/project_dark_genes/00_raw/equina_smart.rnam-trna.merged.ggf.curated.remredun.aa.fa
# Option settings: hmmsearch --domtblout /uoa/scratch/users/r02hw22/project_dark_genes/equina_busco_proteins/run_metazoa_odb10/hmmer_output/initial_run_results/453052at33208.out --cpu 1 /uoa/scratch/users/r02hw22/project_dark_genes/busco_downloads/lineages/metazoa_odb10/hmms/453052at33208.hmm /uoa/scratch/users/r02hw22/project_dark_genes/00_raw/equina_smart.rnam-trna.merged.ggf.curated.remredun.aa.fa 
# Current dir:     /uoa/scratch/users/r02hw22/project_dark_genes
# Date:            Sat Apr 25 14:42:20 2026
# [ok]
