#                                                                                             --- full sequence --- -------------- this domain -------------   hmm coord   ali coord   env coord
# target name                         accession   tlen query name           accession   qlen   E-value  score  bias   #  of  c-Evalue  i-Evalue  score  bias  from    to  from    to  from    to  acc description of target
#                 ------------------- ---------- ----- -------------------- ---------- ----- --------- ------ ----- --- --- --------- --------- ------ ----- ----- ----- ----- ----- ----- ----- ---- ---------------------
evm.utg172.32                         -            276 517525at33208        -            296   8.3e-91  305.7   0.0   1   1   6.7e-92   4.1e-90  303.4   0.0   101   291     1   222     1   227 0.89 -
evm.utg1721.58                        -           8955 517525at33208        -            296   1.2e-62  213.2   4.9   1   3   3.3e-22     2e-20   74.6   0.4    17   248  7569  7793  7558  7843 0.79 -
evm.utg1721.58                        -           8955 517525at33208        -            296   1.2e-62  213.2   4.9   2   3   1.4e-22   8.7e-21   75.8   0.1    22   246  8073  8289  8060  8332 0.83 -
evm.utg1721.58                        -           8955 517525at33208        -            296   1.2e-62  213.2   4.9   3   3   1.2e-18   7.5e-17   62.9   0.0    26   246  8636  8845  8629  8882 0.83 -
evm.utg77.1                           -            504 517525at33208        -            296   1.7e-54  186.5   0.0   1   1     5e-56   3.1e-54  185.6   0.0     5   276   133   421   130   426 0.89 -
evm.utg6976.14                        -            543 517525at33208        -            296   9.8e-54  184.0   0.0   1   1   2.3e-55   1.4e-53  183.5   0.0    20   274    13   267     4   276 0.93 -
evm.utg9110.9                         -            543 517525at33208        -            296     1e-53  183.9   0.0   1   1   2.4e-55   1.4e-53  183.4   0.0    20   274    13   267     4   277 0.93 -
evm.utg116.198                        -            756 517525at33208        -            296   5.8e-53  181.5   0.1   1   2   1.3e-24     8e-23   82.5   0.0    26   273    36   299    11   306 0.81 -
evm.utg116.198                        -            756 517525at33208        -            296   5.8e-53  181.5   0.1   2   2   1.1e-28   6.8e-27   95.9   0.0    24   274   401   661   392   668 0.82 -
evm.utg92.164.2.5c22f51b              -            511 517525at33208        -            296   3.5e-52  178.9   0.1   1   1   7.7e-54   4.7e-52  178.5   0.1    16   279     5   268     1   272 0.92 -
evm.utg92.164.3.5c22f51b              -            511 517525at33208        -            296   3.5e-52  178.9   0.1   1   1   7.7e-54   4.7e-52  178.5   0.1    16   279     5   268     1   272 0.92 -
evm.utg92.164.1.5c22f51b              -            546 517525at33208        -            296   4.1e-52  178.7   0.1   1   1   9.1e-54   5.6e-52  178.2   0.1    16   279     5   268     1   272 0.92 -
evm.utg92.164                         -            676 517525at33208        -            296   6.2e-52  178.1   0.1   1   1   1.6e-53   9.7e-52  177.4   0.1    16   279     5   268     1   271 0.92 -
evm.utg798.68                         -            738 517525at33208        -            296   8.7e-50  171.0   0.9   1   2     3e-26   1.8e-24   87.9   0.1    28   266    64   303    47   326 0.85 -
evm.utg798.68                         -            738 517525at33208        -            296   8.7e-50  171.0   0.9   2   2   3.3e-24     2e-22   81.2   0.0    18   280   414   681   405   692 0.83 -
evm.utg3092.26                        -           1341 517525at33208        -            296   1.9e-49  169.9   0.3   1   1   4.6e-51   2.8e-49  169.4   0.3    14   276    46   320    36   332 0.87 -
evm.utg86.72                          -            825 517525at33208        -            296   8.2e-47  161.3   0.5   1   1   3.4e-48   2.1e-46  159.9   0.5    16   277    41   301    31   314 0.90 -
evm.utg798.68.2.5c22f45c              -            648 517525at33208        -            296   2.9e-46  159.5   0.9   1   2   1.3e-22   8.2e-21   75.9   0.1    53   266     2   213     1   236 0.84 -
evm.utg798.68.2.5c22f45c              -            648 517525at33208        -            296   2.9e-46  159.5   0.9   2   2   2.4e-24   1.5e-22   81.6   0.0    18   280   324   591   314   602 0.83 -
evm.utg14703.4                        -           1164 517525at33208        -            296   3.4e-46  159.2   0.1   1   1     1e-47   6.2e-46  158.4   0.1    20   276    16   271     6   285 0.91 -
evm.utg418.9                          -            324 517525at33208        -            296   8.4e-46  157.9   1.5   1   1   1.9e-47   1.2e-45  157.5   1.5    25   276    45   298    26   308 0.88 -
evm.utg344.17                         -            299 517525at33208        -            296   3.7e-45  155.8   1.4   1   1     8e-47   4.9e-45  155.4   1.4    25   274    20   271    11   281 0.88 -
evm.utg12197.21                       -            357 517525at33208        -            296   5.6e-45  155.3   0.1   1   1   1.2e-46   7.5e-45  154.8   0.1    24   273    52   308    44   328 0.89 -
evm.utg4082.14                        -            639 517525at33208        -            296   1.2e-44  154.2   0.0   1   1   2.7e-46   1.7e-44  153.7   0.0    20   272    10   262     5   271 0.89 -
evm.utg1395.8                         -           2208 517525at33208        -            296   1.6e-44  153.7  11.0   1   2   6.9e-27   4.3e-25   90.0   0.1    16   274   325   588   315   605 0.81 -
evm.utg1395.8                         -           2208 517525at33208        -            296   1.6e-44  153.7  11.0   2   2     4e-21   2.5e-19   71.1   0.0    20   246   951  1167   937  1182 0.85 -
evm.utg221.9                          -            435 517525at33208        -            296   3.3e-43  149.4   0.0   1   1   7.6e-45   4.7e-43  148.9   0.0    13   272    59   317    48   344 0.90 -
evm.utg498.4                          -            329 517525at33208        -            296   2.4e-42  146.6   0.0   1   1     5e-44   3.1e-42  146.3   0.0    14   270    28   283    15   291 0.85 -
evm.utg378.41                         -            471 517525at33208        -            296   4.1e-42  145.8   0.0   1   1   1.8e-43   1.1e-41  144.4   0.0    28   280    14   270     7   285 0.86 -
utg415.evm.utg498.4.mrna2             -            329 517525at33208        -            296   5.1e-42  145.5   0.0   1   1     1e-43   6.4e-42  145.2   0.0    14   270    28   283    15   293 0.85 -
evm.utg4898.11                        -            426 517525at33208        -            296   1.2e-41  144.3   0.0   1   1   2.9e-43   1.8e-41  143.7   0.0    13   272    50   308    39   315 0.90 -
evm.utg172.33                         -            184 517525at33208        -            296   1.4e-41  144.1   1.0   1   1   2.8e-43   1.7e-41  143.8   1.0     2   103    47   150    46   157 0.95 -
evm.utg1931.63                        -            476 517525at33208        -            296     3e-41  143.0   0.0   1   1   8.1e-43   4.9e-41  142.3   0.0    22   277    16   275    11   289 0.86 -
evm.utg4567.35                        -            636 517525at33208        -            296   3.4e-41  142.8   0.1   1   1   8.9e-43   5.5e-41  142.1   0.1    18   273    13   269     4   280 0.91 -
evm.utg2849.5.1.5c22ee50              -            306 517525at33208        -            296   4.1e-41  142.6   0.2   1   1   9.6e-43   5.9e-41  142.0   0.2    17   273    25   292    14   301 0.85 -
evm.utg2111.12                        -            691 517525at33208        -            296   4.7e-41  142.4   0.0   1   1   1.3e-42   7.7e-41  141.7   0.0    18   273    13   269     4   280 0.91 -
evm.utg1243.15                        -            969 517525at33208        -            296   5.3e-41  142.2   0.1   1   1   1.4e-42   8.4e-41  141.5   0.1    26   273    15   263     3   276 0.91 -
evm.utg993.18                         -            455 517525at33208        -            296   7.8e-41  141.6   0.1   1   1   1.9e-42   1.2e-40  141.0   0.1    17   273    25   292    13   302 0.85 -
evm.utg1226.28                        -            401 517525at33208        -            296   9.6e-41  141.3   0.0   1   1   2.1e-42   1.3e-40  141.0   0.0    26   276   132   380   115   398 0.89 -
evm.utg4046.4                         -            401 517525at33208        -            296   9.6e-41  141.3   0.0   1   1   2.1e-42   1.3e-40  141.0   0.0    26   276   132   380   115   398 0.89 -
evm.utg3878.6                         -            400 517525at33208        -            296   1.1e-40  141.2   0.0   1   1   2.1e-42   1.3e-40  140.9   0.0    26   277   132   381   115   399 0.89 -
evm.utg2849.5                         -            437 517525at33208        -            296   1.4e-40  140.8   0.1   1   1   3.5e-42   2.2e-40  140.2   0.1    17   273    25   292    14   302 0.85 -
evm.utg338.93                         -            975 517525at33208        -            296   1.6e-40  140.6   0.2   1   1   4.2e-42   2.6e-40  139.9   0.2    25   273    20   269     5   276 0.91 -
evm.utg801.6                          -           1010 517525at33208        -            296   1.7e-40  140.5   0.1   1   1   4.3e-42   2.7e-40  139.9   0.1    46   276   174   416   161   428 0.85 -
evm.utg116.198.1.5c22e921             -            544 517525at33208        -            296   1.9e-39  137.1   0.3   1   2     6e-25   3.7e-23   83.6   0.0    26   273    36   299    11   306 0.81 -
evm.utg116.198.1.5c22e921             -            544 517525at33208        -            296   1.9e-39  137.1   0.3   2   2   3.7e-15   2.2e-13   51.5   0.0    24   159   401   527   388   534 0.86 -
evm.utg3409.18.1.5c22ef55.1.5c2793ce  -            403 517525at33208        -            296   8.4e-39  135.0   0.2   1   1   1.9e-40   1.2e-38  134.5   0.2    19   271    37   288    27   297 0.88 -
evm.utg3409.18.1.5c22ef55             -            561 517525at33208        -            296   1.9e-38  133.8   0.2   1   1   4.6e-40   2.8e-38  133.3   0.2    19   271    37   288    27   297 0.88 -
evm.utg3409.18                        -            637 517525at33208        -            296   2.4e-38  133.5   0.2   1   1   6.1e-40   3.8e-38  132.8   0.2    19   271    37   288    27   297 0.88 -
evm.utg6432.36                        -            637 517525at33208        -            296   4.5e-38  132.6   0.2   1   1   1.1e-39     7e-38  131.9   0.2    19   271    37   288    27   297 0.88 -
evm.utg950.12                         -            516 517525at33208        -            296   2.6e-37  130.1   0.1   1   1   5.9e-39   3.6e-37  129.6   0.1    22   270     2   245     1   257 0.90 -
evm.utg1931.63.1.5c22ec76             -            418 517525at33208        -            296   3.2e-37  129.8   0.0   1   1   8.4e-39   5.1e-37  129.1   0.0    65   277     8   224     3   238 0.86 -
evm.utg1243.8                         -           1348 517525at33208        -            296   4.9e-37  129.2   0.1   1   1   1.4e-38   8.5e-37  128.4   0.1     9   276   358   628   351   636 0.85 -
evm.utg498.81                         -            498 517525at33208        -            296   1.7e-36  127.4   0.1   1   1   4.4e-38   2.7e-36  126.8   0.1    24   269    32   277    18   282 0.88 -
evm.utg1708.20.1.5c22ebc0             -            311 517525at33208        -            296   3.1e-36  126.5   0.0   1   1   7.1e-38   4.4e-36  126.1   0.0    13   273     6   269     3   278 0.85 -
evm.utg577.106                        -            365 517525at33208        -            296   3.7e-36  126.3   0.0   1   1   8.4e-38   5.1e-36  125.8   0.0    18   273    27   290     9   297 0.81 -
evm.utg1708.20                        -            344 517525at33208        -            296   3.8e-36  126.3   0.0   1   1   8.6e-38   5.3e-36  125.8   0.0    13   273    15   278     8   287 0.85 -
evm.utg5950.69                        -            686 517525at33208        -            296   1.6e-35  124.2   0.0   1   1   5.5e-37   3.4e-35  123.2   0.0    22   270    67   316    58   322 0.89 -
evm.utg418.22                         -            567 517525at33208        -            296   2.6e-35  123.5   0.0   1   1   5.9e-37   3.6e-35  123.0   0.0     6   228   282   505   277   515 0.88 -
evm.utg791.63                         -           2561 517525at33208        -            296     6e-35  122.3   0.0   1   2     5e-20     3e-18   67.5   0.0    14   230  1870  2083  1859  2139 0.78 -
evm.utg791.63                         -           2561 517525at33208        -            296     6e-35  122.3   0.0   2   2   2.1e-15   1.3e-13   52.3   0.0    26   240  2188  2394  2166  2439 0.77 -
evm.utg791.63.1.5c22f446              -           2561 517525at33208        -            296     6e-35  122.3   0.0   1   2     5e-20     3e-18   67.5   0.0    14   230  1870  2083  1859  2139 0.78 -
evm.utg791.63.1.5c22f446              -           2561 517525at33208        -            296     6e-35  122.3   0.0   2   2   2.1e-15   1.3e-13   52.3   0.0    26   240  2188  2394  2166  2439 0.77 -
evm.utg791.63.2.5c22f446              -           2561 517525at33208        -            296     6e-35  122.3   0.0   1   2     5e-20     3e-18   67.5   0.0    14   230  1870  2083  1859  2139 0.78 -
evm.utg791.63.2.5c22f446              -           2561 517525at33208        -            296     6e-35  122.3   0.0   2   2   2.1e-15   1.3e-13   52.3   0.0    26   240  2188  2394  2166  2439 0.77 -
evm.utg7217.53                        -           1264 517525at33208        -            296   1.9e-34  120.7   0.6   1   1   4.6e-36   2.8e-34  120.1   0.6    22   276     2   258     1   272 0.86 -
evm.utg910.141                        -            485 517525at33208        -            296   4.5e-34  119.4   0.0   1   1   1.1e-35   6.9e-34  118.8   0.0    22   273   185   446   178   457 0.85 -
evm.utg910.141.1.5c22f4fb             -            493 517525at33208        -            296   4.7e-34  119.4   0.0   1   1   1.2e-35   7.2e-34  118.8   0.0    22   273   185   446   178   457 0.85 -
evm.utg910.27                         -            417 517525at33208        -            296   4.8e-34  119.4   0.0   1   1   1.1e-35     7e-34  118.8   0.0    20   276    19   286     8   293 0.86 -
evm.utg7149.8                         -            330 517525at33208        -            296   6.3e-34  119.0   0.0   1   1   1.3e-35   8.2e-34  118.6   0.0    13   261     8   254     2   274 0.86 -
evm.utg4665.1                         -            636 517525at33208        -            296     8e-34  118.6   0.1   1   1   1.9e-35   1.1e-33  118.1   0.1     8   228   353   574   346   582 0.87 -
evm.utg3284.37.1.5c22ef1f             -            314 517525at33208        -            296     1e-33  118.3   0.0   1   1   2.1e-35   1.3e-33  117.9   0.0    28   266    42   277    26   304 0.87 -
evm.utg3284.37.2.5c22ef1f             -            319 517525at33208        -            296   1.1e-33  118.2   0.0   1   1   2.3e-35   1.4e-33  117.8   0.0    28   266    47   282    31   309 0.87 -
evm.utg3284.37.3.5c22ef20             -            347 517525at33208        -            296   1.3e-33  117.9   0.0   1   1     3e-35   1.9e-33  117.4   0.0    28   266    43   278    27   304 0.87 -
evm.utg3284.37                        -            346 517525at33208        -            296   1.4e-33  117.8   0.0   1   1     3e-35   1.8e-33  117.4   0.0    28   266    42   277    26   303 0.87 -
evm.utg413.8                          -            296 517525at33208        -            296   1.5e-33  117.7   0.0   1   1   8.5e-35   5.2e-33  116.0   0.0    22   230     2   205     1   223 0.86 -
evm.utg4956.7                         -            295 517525at33208        -            296   1.5e-33  117.7   0.0   1   1   3.3e-35     2e-33  117.3   0.0    20   269    19   279     5   291 0.85 -
evm.utg435.11                         -            217 517525at33208        -            296   1.6e-33  117.7   0.2   1   1   3.1e-35   1.9e-33  117.4   0.2    24   200    39   215    31   216 0.88 -
evm.utg2099.2                         -            660 517525at33208        -            296   3.6e-33  116.5   0.1   1   1   8.4e-35   5.2e-33  116.0   0.1     9   228   378   598   370   606 0.87 -
evm.utg1800.9                         -            552 517525at33208        -            296   4.5e-33  116.2   0.2   1   2     2e-33   1.2e-31  111.5   0.1    19   241     8   231     2   251 0.89 -
evm.utg1800.9                         -            552 517525at33208        -            296   4.5e-33  116.2   0.2   2   2       4.5   2.8e+02    1.9   0.0   251   280   278   307   271   316 0.88 -
evm.utg77.116                         -            552 517525at33208        -            296   4.7e-33  116.1   0.2   1   2     2e-33   1.2e-31  111.5   0.1    19   241     8   231     2   251 0.89 -
evm.utg77.116                         -            552 517525at33208        -            296   4.7e-33  116.1   0.2   2   2       4.3   2.7e+02    2.0   0.0   251   280   278   307   271   316 0.88 -
evm.utg4956.7.1.5c22f182              -            271 517525at33208        -            296     2e-32  114.0   0.0   1   1   4.2e-34   2.6e-32  113.7   0.0    20   247    19   247     5   254 0.89 -
evm.utg2129.88.1.5c22ed01             -           1276 517525at33208        -            296   2.5e-32  113.7   0.1   1   1   6.6e-34     4e-32  113.0   0.1    24   248    16   238     6   279 0.84 -
evm.utg2129.88                        -           1314 517525at33208        -            296   2.6e-32  113.7   0.1   1   1   6.9e-34   4.2e-32  113.0   0.1    24   248    16   238     6   279 0.84 -
evm.utg2129.88.2.5c22ed01             -           1352 517525at33208        -            296   2.7e-32  113.6   0.1   1   1   7.2e-34   4.4e-32  112.9   0.1    24   248    16   238     6   279 0.84 -
evm.utg1056.27                        -            302 517525at33208        -            296   2.9e-32  113.5   0.0   1   2   9.2e-33   5.6e-31  109.3   0.0    25   242     9   225     2   235 0.82 -
evm.utg1056.27                        -            302 517525at33208        -            296   2.9e-32  113.5   0.0   2   2       3.2     2e+02    2.4   0.0   246   285   260   299   229   301 0.83 -
evm.utg1565.110                       -            338 517525at33208        -            296   3.4e-32  113.3   0.4   1   2     3e-28   1.9e-26   94.4   0.4    24   178    60   212    54   223 0.90 -
evm.utg1565.110                       -            338 517525at33208        -            296   3.4e-32  113.3   0.4   2   2   0.00012    0.0072   17.0   0.0   216   273   225   289   220   309 0.83 -
evm.utg18294.5                        -            302 517525at33208        -            296   4.2e-32  113.0   0.0   1   2   7.2e-33   4.4e-31  109.6   0.0    25   242     9   225     2   239 0.85 -
evm.utg18294.5                        -            302 517525at33208        -            296   4.2e-32  113.0   0.0   2   2       6.9   4.2e+02    1.4   0.0   246   280   260   294   247   301 0.77 -
utg55.equina_smart_429.mrna1          -            695 517525at33208        -            296   4.6e-32  112.8   0.0   1   1   1.4e-33   8.8e-32  111.9   0.0    26   229   429   630   415   671 0.90 -
evm.utg7289.71                        -            364 517525at33208        -            296   7.5e-32  112.1   0.1   1   1   8.3e-33   5.1e-31  109.4   0.0    18   231    20   232    12   268 0.86 -
evm.utg31256.1                        -            740 517525at33208        -            296   1.1e-31  111.6   0.0   1   1     3e-33   1.8e-31  110.9   0.0    71   273     2   206     1   217 0.91 -
evm.utg659.30                         -            926 517525at33208        -            296   1.9e-31  110.9   0.0   1   1     3e-33   1.9e-31  110.9   0.0    30   289    61   321    52   327 0.85 -
evm.utg577.104                        -            347 517525at33208        -            296   1.9e-31  110.8   0.0   1   1   4.3e-33   2.7e-31  110.4   0.0    27   269    20   273     5   291 0.83 -
evm.utg1525.22                        -           1151 517525at33208        -            296     3e-31  110.2   0.1   1   1   4.9e-33     3e-31  110.2   0.1    29   244    43   255    19   311 0.82 -
evm.utg29.24                          -            472 517525at33208        -            296   3.7e-31  109.9   0.0   1   1   9.3e-33   5.7e-31  109.3   0.0    19   274    14   275     2   292 0.82 -
evm.utg616.87                         -            373 517525at33208        -            296   4.5e-31  109.6   0.3   1   1   1.6e-32   9.7e-31  108.5   0.1    18   225    12   225     5   242 0.86 -
evm.utg217.49.2.5c22ed26              -            881 517525at33208        -            296   4.6e-31  109.6   0.1   1   1   1.2e-32   7.7e-31  108.8   0.1    29   244    37   249    13   305 0.82 -
evm.utg217.49.2.5c22ed26.1.5c2791fa   -            881 517525at33208        -            296   4.6e-31  109.6   0.1   1   1   1.2e-32   7.7e-31  108.8   0.1    29   244    37   249    13   305 0.82 -
evm.utg420.120                        -            676 517525at33208        -            296   4.9e-31  109.5   0.4   1   1   2.2e-32   1.4e-30  108.0   0.0    23   234     3   209     1   229 0.89 -
evm.utg890.46.2.5c22f4d9              -           1596 517525at33208        -            296   5.1e-31  109.4   0.0   1   1   1.4e-32   8.7e-31  108.7   0.0    25   246  1329  1553  1312  1575 0.83 -
evm.utg890.46                         -           1937 517525at33208        -            296   6.6e-31  109.1   0.0   1   1   1.9e-32   1.1e-30  108.3   0.0    25   246  1670  1894  1653  1916 0.83 -
evm.utg729.106                        -            966 517525at33208        -            296   7.3e-31  108.9   0.6   1   1   2.3e-32   1.4e-30  108.0   0.6    23   280    18   275     8   281 0.85 -
evm.utg11096.10                       -            619 517525at33208        -            296   7.6e-31  108.9   0.0   1   1   2.2e-32   1.3e-30  108.1   0.0    16   284    60   331    54   341 0.81 -
evm.utg798.68.1.5c22f45c              -            537 517525at33208        -            296     1e-30  108.4   5.1   1   2   1.4e-26   8.7e-25   89.0   0.1    28   266    64   303    46   327 0.85 -
evm.utg798.68.1.5c22f45c              -            537 517525at33208        -            296     1e-30  108.4   5.1   2   2   4.7e-06   0.00029   21.6   0.1    18   145   414   533   404   535 0.82 -
evm.utg217.49                         -           1176 517525at33208        -            296   1.3e-30  108.1   0.1   1   1   2.1e-32   1.3e-30  108.1   0.1    29   244    37   249    14   305 0.82 -
evm.utg3509.12                        -            311 517525at33208        -            296   1.5e-30  107.9   0.1   1   1     4e-32   2.5e-30  107.2   0.1    67   267    86   294    13   309 0.82 -
evm.utg116.215.2.5c22e8eb             -            511 517525at33208        -            296   1.5e-30  107.8   0.0   1   1   3.9e-32   2.4e-30  107.2   0.0    28   267   219   459   207   479 0.88 -
evm.utg761.26                         -            876 517525at33208        -            296   1.7e-30  107.7   0.0   1   2   4.5e-31   2.8e-29  103.7   0.0    23   239     3   213     1   232 0.89 -
evm.utg761.26                         -            876 517525at33208        -            296   1.7e-30  107.7   0.0   2   2       5.8   3.6e+02    1.6   0.0   245   277   257   289   249   295 0.87 -
evm.utg1694.47                        -            415 517525at33208        -            296   1.8e-30  107.7   0.0   1   1   4.9e-32     3e-30  106.9   0.0    22   273     5   265     1   272 0.85 -
evm.utg344.93                         -            974 517525at33208        -            296   2.5e-30  107.2   0.0   1   2   4.5e-13   2.7e-11   44.6   0.0    59   231   130   301   123   358 0.76 -
evm.utg344.93                         -            974 517525at33208        -            296   2.5e-30  107.2   0.0   2   2   8.4e-18   5.1e-16   60.2   0.0    26   229   564   766   542   777 0.82 -
evm.utg116.215.1.5c22e8eb             -            675 517525at33208        -            296   2.9e-30  107.0   0.0   1   1   7.4e-32   4.6e-30  106.3   0.0    28   267   383   623   371   643 0.88 -
evm.utg967.33.1.5c22f549              -            482 517525at33208        -            296   2.9e-30  106.9   0.0   1   1   7.5e-32   4.6e-30  106.3   0.0    23   273    13   269     5   284 0.84 -
evm.utg116.215                        -            706 517525at33208        -            296   3.2e-30  106.8   0.0   1   1   8.2e-32     5e-30  106.2   0.0    28   267   383   623   371   643 0.88 -
evm.utg967.33                         -            505 517525at33208        -            296   3.3e-30  106.8   0.0   1   1   8.4e-32   5.2e-30  106.1   0.0    23   273    13   269     5   284 0.84 -
evm.utg7522.32                        -           1651 517525at33208        -            296   3.3e-30  106.7   0.0   1   1     1e-31   6.3e-30  105.8   0.0    25   247  1384  1609  1366  1647 0.81 -
evm.utg324.169                        -            472 517525at33208        -            296   4.4e-30  106.3   0.0   1   1   1.1e-31   6.9e-30  105.7   0.0    18   274    13   275     2   292 0.82 -
evm.utg1565.75                        -            903 517525at33208        -            296   5.1e-30  106.1   0.0   1   1   1.5e-31     9e-30  105.3   0.0    28   247    13   234     7   275 0.81 -
evm.utg162.24                         -            672 517525at33208        -            296   7.5e-30  105.6   0.0   1   1     2e-31   1.2e-29  104.9   0.0    28   268   341   582   319   598 0.90 -
evm.utg11411.30                       -            672 517525at33208        -            296   7.6e-30  105.6   0.0   1   1     2e-31   1.2e-29  104.9   0.0    28   268   341   582   319   598 0.90 -
evm.utg3284.37.4.5c22ef20             -            294 517525at33208        -            296     1e-29  105.1   0.0   1   1   2.2e-31   1.4e-29  104.7   0.0    44   266     6   225     2   251 0.86 -
evm.utg1786.4                         -            733 517525at33208        -            296   1.6e-29  104.5   0.2   1   1   4.5e-31   2.7e-29  103.7   0.2    17   231   428   655   415   704 0.84 -
evm.utg436.3                          -            733 517525at33208        -            296   1.6e-29  104.5   0.2   1   1   4.5e-31   2.8e-29  103.7   0.2    17   231   428   655   415   703 0.84 -
evm.utg178.16                         -            308 517525at33208        -            296   1.8e-29  104.3   0.0   1   2   8.1e-30     5e-28   99.6   0.0    28   237    11   216     3   229 0.86 -
evm.utg178.16                         -            308 517525at33208        -            296   1.8e-29  104.3   0.0   2   2       3.1   1.9e+02    2.5   0.0   251   273   264   286   257   295 0.85 -
evm.utg1290.45                        -            392 517525at33208        -            296   1.8e-29  104.3   0.0   1   1   7.2e-31   4.4e-29  103.1   0.0    28   233    41   242    29   255 0.83 -
evm.utg2129.114                       -            353 517525at33208        -            296   2.1e-29  104.1   0.0   1   1   4.5e-31   2.8e-29  103.7   0.0    27   242    22   238     7   267 0.83 -
evm.utg268.10                         -            598 517525at33208        -            296   2.8e-29  103.7   0.3   1   1   9.2e-31   5.7e-29  102.7   0.0    49   270     6   228     1   235 0.88 -
evm.utg3839.9                         -           1418 517525at33208        -            296   2.8e-29  103.7   0.0   1   1   8.5e-31   5.2e-29  102.8   0.0    29   265   530   784   517   795 0.86 -
evm.utg10321.27                       -            749 517525at33208        -            296   3.9e-29  103.2   0.0   1   1     1e-30   6.2e-29  102.6   0.0    68   279   129   341   113   351 0.86 -
evm.utg207.32                         -            751 517525at33208        -            296     4e-29  103.2   0.8   1   1   1.4e-30   8.9e-29  102.1   0.4    19   228   474   673   458   681 0.89 -
evm.utg62.51                          -            749 517525at33208        -            296   4.4e-29  103.1   0.0   1   1   1.1e-30   6.9e-29  102.4   0.0    68   279   129   341   113   351 0.85 -
evm.utg2818.24                        -            414 517525at33208        -            296   5.3e-29  102.8   0.4   1   1   1.5e-30     9e-29  102.0   0.4    29   271    28   278    19   294 0.84 -
evm.utg435.81                         -            547 517525at33208        -            296   5.5e-29  102.8   0.1   1   1   1.4e-30   8.9e-29  102.1   0.1    20   228   257   457   242   465 0.88 -
evm.utg1931.22                        -            364 517525at33208        -            296   6.5e-29  102.5   0.0   1   1   1.7e-30     1e-28  101.9   0.0    24   273    17   268     5   275 0.81 -
evm.utg413.27                         -            712 517525at33208        -            296   6.6e-29  102.5   0.7   1   1   1.8e-30   1.1e-28  101.7   0.7    28   276   112   363   104   378 0.82 -
evm.utg25988.5                        -            493 517525at33208        -            296   8.2e-29  102.2   0.0   1   1   2.1e-30   1.3e-28  101.6   0.0    17   277   215   473   205   486 0.83 -
evm.utg1031.64.1.5c22e7ea             -            415 517525at33208        -            296   8.7e-29  102.1   0.0   1   1     2e-30   1.2e-28  101.6   0.0    23   237     3   213     1   243 0.83 -
evm.utg116.113                        -            577 517525at33208        -            296   9.6e-29  102.0   0.0   1   1   2.3e-30   1.4e-28  101.4   0.0   132   275     7   152     1   168 0.89 -
evm.utg1972.93                        -           1265 517525at33208        -            296   1.1e-28  101.8   0.1   1   2     2e-29   1.2e-27   98.3   0.0    18   241    17   243     5   279 0.84 -
evm.utg1972.93                        -           1265 517525at33208        -            296   1.1e-28  101.8   0.1   2   2       9.7     6e+02    0.9   0.0   251   281   290   320   284   324 0.88 -
evm.utg15013.20                       -            465 517525at33208        -            296   1.1e-28  101.8   0.0   1   1   2.4e-30   1.4e-28  101.4   0.0    21   265   131   375   112   390 0.88 -
evm.utg1031.64                        -            526 517525at33208        -            296   1.6e-28  101.3   0.0   1   1   3.5e-30   2.2e-28  100.8   0.0    23   236     3   212     1   242 0.83 -
evm.utg1972.123.1.5c22ec9e            -            471 517525at33208        -            296   1.6e-28  101.2   0.0   1   1   3.7e-30   2.3e-28  100.7   0.0    23   266   133   377   115   392 0.88 -
evm.utg7053.1                         -            452 517525at33208        -            296   1.6e-28  101.2   0.0   1   1   3.6e-30   2.2e-28  100.8   0.0     8   273   157   424   151   444 0.81 -
evm.utg579.29.3.5c22f24d.2.5c279646   -            384 517525at33208        -            296   1.7e-28  101.1   0.0   1   1     4e-30   2.5e-28  100.6   0.0    28   265    75   322    66   342 0.83 -
evm.utg1972.123                       -            497 517525at33208        -            296   1.8e-28  101.0   0.0   1   1   4.3e-30   2.6e-28  100.5   0.0    23   266   159   403   141   418 0.88 -
evm.utg62.108                         -           1672 517525at33208        -            296   2.2e-28  100.8   0.2   1   4   7.9e-11   4.8e-09   37.3   0.0    66   191   343   470   334   545 0.81 -
evm.utg62.108                         -           1672 517525at33208        -            296   2.2e-28  100.8   0.2   2   4    0.0053      0.32   11.6   0.0    28    89   601   661   589   682 0.85 -
evm.utg62.108                         -           1672 517525at33208        -            296   2.2e-28  100.8   0.2   3   4     3e-12   1.8e-10   41.9   0.0    97   173   811   887   806   902 0.83 -
evm.utg62.108                         -           1672 517525at33208        -            296   2.2e-28  100.8   0.2   4   4       1.7     1e+02    3.3   0.0   187   222   925   961   913  1026 0.87 -
evm.utg7149.2.3                       -            546 517525at33208        -            296   2.4e-28  100.7   0.0   1   1     6e-30   3.7e-28  100.0   0.0     9   273   252   518   245   538 0.81 -
evm.utg178.16.1.5c22ebf8              -            276 517525at33208        -            296   2.5e-28  100.6   0.0   1   1   5.7e-30   3.5e-28  100.1   0.0    28   237    11   216     3   229 0.86 -
evm.utg579.29.4.5c22f24d              -            479 517525at33208        -            296   2.8e-28  100.4   0.0   1   1   7.6e-30   4.7e-28   99.7   0.0    28   265   170   417   161   436 0.83 -
evm.utg1398.16                        -            359 517525at33208        -            296   2.9e-28  100.4   0.0   1   1   1.5e-29   9.1e-28   98.7   0.0    30   254    47   270    35   298 0.86 -
evm.utg2099.2.1.5c22ecee              -            583 517525at33208        -            296   3.1e-28  100.3   0.1   1   1   6.5e-30     4e-28   99.9   0.1     9   212   378   582   370   582 0.86 -
evm.utg3174.45                        -            775 517525at33208        -            296   3.2e-28  100.2   0.0   1   1   1.7e-29     1e-27   98.6   0.0    27   230   225   433   216   453 0.84 -
evm.utg579.29.3.5c22f24d.1.5c279646   -            543 517525at33208        -            296   3.9e-28  100.0   0.0   1   1     1e-29   6.4e-28   99.2   0.0    28   265   234   481   225   500 0.83 -
evm.utg1609.83                        -            700 517525at33208        -            296     4e-28   99.9   0.2   1   1   8.9e-30   5.4e-28   99.5   0.2    28   273     8   255     1   265 0.83 -
evm.utg579.29.1.5c22f24d              -            559 517525at33208        -            296     4e-28   99.9   0.0   1   1   1.1e-29   6.8e-28   99.2   0.0    28   265   250   497   241   516 0.83 -
evm.utg579.29.2.5c22f24d              -            559 517525at33208        -            296     4e-28   99.9   0.0   1   1   1.1e-29   6.8e-28   99.2   0.0    28   265   250   497   241   516 0.83 -
evm.utg2017.24                        -           1672 517525at33208        -            296   4.2e-28   99.8   0.5   1   4     2e-10   1.2e-08   36.0   0.0    66   190   343   469   334   495 0.82 -
evm.utg2017.24                        -           1672 517525at33208        -            296   4.2e-28   99.8   0.5   2   4    0.0045      0.27   11.8   0.0    28    89   601   661   589   674 0.83 -
evm.utg2017.24                        -           1672 517525at33208        -            296   4.2e-28   99.8   0.5   3   4   2.8e-12   1.7e-10   42.0   0.0    97   173   811   887   804   902 0.83 -
evm.utg2017.24                        -           1672 517525at33208        -            296   4.2e-28   99.8   0.5   4   4       1.2        76    3.8   0.0   187   223   925   962   913  1029 0.81 -
evm.utg11618.7                        -            465 517525at33208        -            296   4.3e-28   99.8   0.0   1   1   9.5e-30   5.8e-28   99.4   0.0    21   265   131   375   112   390 0.88 -
evm.utg7149.2.3.1.5c279742            -            711 517525at33208        -            296   4.3e-28   99.8   0.0   1   1   1.1e-29     7e-28   99.1   0.0     9   273   417   683   410   702 0.81 -
evm.utg762.36.1.5c22f3f6              -            335 517525at33208        -            296   4.7e-28   99.7   0.0   1   1   1.1e-29   6.9e-28   99.1   0.0    26   230    23   220    16   237 0.85 -
evm.utg1819.25                        -            511 517525at33208        -            296   5.2e-28   99.5   0.1   1   1   1.4e-29   8.4e-28   98.9   0.1    20   278   236   492   224   505 0.83 -
evm.utg579.29                         -            642 517525at33208        -            296   5.4e-28   99.5   0.0   1   1   1.5e-29   9.4e-28   98.7   0.0    28   265   333   580   324   599 0.83 -
evm.utg788.33.34                      -            374 517525at33208        -            296   5.6e-28   99.4   0.1   1   1     6e-29   3.7e-27   96.8   0.1    47   269    55   269    13   281 0.78 -
evm.utg12986.32                       -            419 517525at33208        -            296   6.5e-28   99.2   0.0   1   1   3.4e-29   2.1e-27   97.6   0.0    30   253    36   258    32   288 0.85 -
evm.utg12986.32.1.5c22ea1c            -            420 517525at33208        -            296   6.6e-28   99.2   0.0   1   1   3.4e-29   2.1e-27   97.6   0.0    30   253    36   258    32   288 0.85 -
evm.utg255.33.1.5c22edd3              -            380 517525at33208        -            296   7.8e-28   99.0   0.0   1   1   1.7e-29     1e-27   98.6   0.0    28   265    32   273    14   284 0.86 -
evm.utg882.10                         -            415 517525at33208        -            296   9.1e-28   98.7   0.0   1   1     2e-29   1.2e-27   98.3   0.0    28   265    70   311    52   326 0.86 -
evm.utg255.33.2.5c22edd3              -            421 517525at33208        -            296     1e-27   98.6   0.0   1   1   2.3e-29   1.4e-27   98.1   0.0    28   265    70   311    52   322 0.86 -
evm.utg762.36                         -            470 517525at33208        -            296   1.1e-27   98.5   0.0   1   1   2.6e-29   1.6e-27   97.9   0.0    26   230   158   355   150   372 0.85 -
evm.utg3797.6                         -            470 517525at33208        -            296   1.1e-27   98.5   0.0   1   1   2.6e-29   1.6e-27   97.9   0.0    26   230   158   355   150   372 0.85 -
evm.utg405.31                         -           1110 517525at33208        -            296   1.5e-27   98.1   0.1   1   1   3.9e-29   2.4e-27   97.4   0.1    11   268   313   586   305   602 0.77 -
evm.utg4455.84                        -           1200 517525at33208        -            296   1.6e-27   98.0   0.1   1   1   4.5e-29   2.8e-27   97.2   0.1    11   289   514   809   506   815 0.76 -
evm.utg255.33                         -            503 517525at33208        -            296   1.6e-27   97.9   0.0   1   1   3.8e-29   2.3e-27   97.4   0.0    28   265    70   311    53   321 0.86 -
evm.utg3872.69.1.5c22f022             -           1536 517525at33208        -            296   1.6e-27   97.9   0.3   1   1   5.4e-29   3.3e-27   96.9   0.3    23   270   223   470   205   479 0.84 -
evm.utg3872.69                        -           1512 517525at33208        -            296   1.7e-27   97.9   0.3   1   1   5.2e-29   3.2e-27   97.0   0.3    23   270   223   470   205   479 0.84 -
evm.utg1819.27                        -            434 517525at33208        -            296   2.8e-27   97.2   0.0   1   1   6.6e-29     4e-27   96.6   0.0    20   276   159   413   147   427 0.83 -
evm.utg401.1                          -            511 517525at33208        -            296   3.5e-27   96.8   0.0   1   1   8.9e-29   5.5e-27   96.2   0.0    21   233   140   345   128   363 0.89 -
evm.utg225.21                         -            376 517525at33208        -            296   3.9e-27   96.7   0.0   1   1   2.6e-28   1.6e-26   94.7   0.0    15   279    95   358    80   369 0.88 -
evm.utg31272.13                       -            747 517525at33208        -            296     4e-27   96.6   0.7   1   1   4.6e-28   2.8e-26   93.9   0.0    28   244   441   650   420   701 0.88 -
evm.utg55.168                         -            940 517525at33208        -            296     4e-27   96.6   0.0   1   1   1.1e-28   6.6e-27   95.9   0.0    15   229   131   345   120   353 0.87 -
evm.utg44408.6                        -            417 517525at33208        -            296   6.6e-27   95.9   0.0   1   1   1.6e-28   9.6e-27   95.4   0.0    24   256    55   283    45   308 0.82 -
evm.utg7149.16                        -            417 517525at33208        -            296   6.9e-27   95.9   0.0   1   1   1.7e-28     1e-26   95.3   0.0    24   256    55   283    45   305 0.82 -
evm.utg3487.11                        -            714 517525at33208        -            296   8.6e-27   95.5   0.1   1   2   2.8e-21   1.7e-19   71.6   0.1    33   172    27   165    20   187 0.87 -
evm.utg3487.11                        -            714 517525at33208        -            296   8.6e-27   95.5   0.1   2   2   4.4e-06   0.00027   21.7   0.0   187   273   584   677   580   688 0.78 -
evm.utg1281.12                        -           1398 517525at33208        -            296   9.8e-27   95.4   0.0   1   1   1.6e-28   9.8e-27   95.4   0.0    28   242    77   289    62   334 0.86 -
evm.utg12986.54                       -            489 517525at33208        -            296   9.8e-27   95.4   0.0   1   1   2.2e-28   1.4e-26   94.9   0.0    23   243   159   374   141   406 0.88 -
evm.utg1281.12.1.5c22e9e4             -           1420 517525at33208        -            296     1e-26   95.3   0.0   1   1   1.6e-28     1e-26   95.3   0.0    28   242    77   289    62   334 0.86 -
evm.utg298.24                         -            216 517525at33208        -            296   1.2e-26   95.1   0.2   1   1   2.5e-28   1.5e-26   94.7   0.2    13   198     6   186     3   200 0.87 -
evm.utg579.29.3.5c22f24d              -            538 517525at33208        -            296   1.5e-26   94.7   0.0   1   1   4.1e-28   2.5e-26   94.0   0.0    28   265   234   476   225   495 0.80 -
evm.utg6806.15                        -            570 517525at33208        -            296   1.7e-26   94.6   0.2   1   1   5.4e-28   3.3e-26   93.6   0.2    68   272    25   233     4   251 0.83 -
evm.utg1201.13                        -            342 517525at33208        -            296   2.1e-26   94.3   0.9   1   1   5.3e-28   3.2e-26   93.7   0.9    22   250   118   339   101   341 0.86 -
evm.utg659.11                         -           2364 517525at33208        -            296   2.6e-26   93.9   0.0   1   1   4.3e-28   2.6e-26   93.9   0.0    28   242    77   289    61   334 0.86 -
evm.utg293.61                         -            974 517525at33208        -            296   2.7e-26   93.9   0.0   1   1     1e-27   6.2e-26   92.7   0.0    23   240   247   464   239   473 0.87 -
evm.utg607.31.2.5c22f2af.1.5c279692   -            327 517525at33208        -            296   2.7e-26   93.9   0.0   1   1   7.9e-28   4.9e-26   93.1   0.0    28   288    28   287    23   293 0.81 -
evm.utg3906.17                        -            332 517525at33208        -            296     3e-26   93.8   0.0   1   1   7.4e-28   4.6e-26   93.2   0.0    42   273    68   294    40   304 0.84 -
evm.utg116.317                        -            656 517525at33208        -            296   3.9e-26   93.4   0.0   1   1   1.1e-27   6.5e-26   92.7   0.0    26   232   249   454   230   495 0.84 -
evm.utg225.17                         -            458 517525at33208        -            296     4e-26   93.3   0.0   1   1   9.9e-28   6.1e-26   92.8   0.0     9   273   188   451   179   456 0.86 -
evm.utg4796.7                         -            287 517525at33208        -            296   4.1e-26   93.3   0.0   1   1   8.2e-28   5.1e-26   93.0   0.0    26   249    25   247    15   280 0.87 -
evm.utg4318.2                         -            718 517525at33208        -            296   4.5e-26   93.2   1.6   1   2       6.2   3.8e+02    1.5   0.0    53    93   240   280   220   291 0.83 -
evm.utg4318.2                         -            718 517525at33208        -            296   4.5e-26   93.2   1.6   2   2   6.2e-27   3.8e-25   90.2   0.0    27   246   411   623   395   654 0.89 -
evm.utg735.1                          -           1758 517525at33208        -            296   5.4e-26   92.9   0.1   1   2   3.4e-14   2.1e-12   48.3   0.0    76   269     1   190     1   211 0.77 -
evm.utg735.1                          -           1758 517525at33208        -            296   5.4e-26   92.9   0.1   2   2   1.8e-15   1.1e-13   52.5   0.0    20   230   530   730   514   785 0.76 -
evm.utg1825.18                        -            728 517525at33208        -            296   7.8e-26   92.4   0.1   1   2   2.3e-20   1.4e-18   68.5   0.1    48   172    43   165    20   187 0.87 -
evm.utg1825.18                        -            728 517525at33208        -            296   7.8e-26   92.4   0.1   2   2   4.7e-06   0.00029   21.6   0.0   187   273   584   677   580   688 0.77 -
evm.utg607.31.2.5c22f2af              -            465 517525at33208        -            296     8e-26   92.4   0.0   1   1   2.3e-27   1.4e-25   91.6   0.0    29   288    29   287    23   293 0.81 -
evm.utg607.31                         -            507 517525at33208        -            296     1e-25   92.0   0.0   1   1   2.9e-27   1.8e-25   91.2   0.0    29   288    29   287    23   293 0.81 -
evm.utg597.142.1.5c22f29f             -            309 517525at33208        -            296   1.1e-25   91.9   0.3   1   1   2.5e-27   1.5e-25   91.4   0.3    24   231    58   270    30   273 0.84 -
evm.utg279.36                         -            235 517525at33208        -            296   1.3e-25   91.6   0.0   1   1   2.7e-27   1.7e-25   91.3   0.0    26   227    16   228     2   231 0.77 -
evm.utg597.142                        -            426 517525at33208        -            296   1.4e-25   91.5   0.3   1   1   6.6e-27     4e-25   90.1   0.3    25   231    59   270    31   273 0.85 -
evm.utg881.6.1.5c22f4c8               -           3016 517525at33208        -            296   1.5e-25   91.4   1.2   1   1   4.6e-27   2.8e-25   90.6   0.0    24   248  2705  2920  2693  2952 0.85 -
evm.utg320.150                        -           1153 517525at33208        -            296   1.6e-25   91.4   0.0   1   1   4.1e-27   2.5e-25   90.7   0.0    21   273   818  1069   806  1086 0.78 -
evm.utg536.86                         -            492 517525at33208        -            296   2.1e-25   91.0   0.1   1   1   3.6e-26   2.2e-24   87.7   0.1    23   237    16   241     8   302 0.75 -
evm.utg320.150.1.5c22eefa             -           1153 517525at33208        -            296   2.2e-25   90.9   0.0   1   1   5.7e-27   3.5e-25   90.3   0.0    21   273   818  1069   806  1086 0.78 -
evm.utg881.6.1.5c22f4c8.2.5c279850    -           2952 517525at33208        -            296   2.2e-25   90.9   1.5   1   1   5.3e-27   3.2e-25   90.4   0.0    24   248  2705  2920  2693  2939 0.86 -
evm.utg798.68.1.5c22f45c.2.5c2797f8   -            453 517525at33208        -            296   2.7e-25   90.6   3.0   1   2   9.1e-27   5.6e-25   89.6   0.1    28   266    64   303    46   327 0.85 -
evm.utg798.68.1.5c22f45c.2.5c2797f8   -            453 517525at33208        -            296   2.7e-25   90.6   3.0   2   2       9.2   5.7e+02    0.9   0.0    18    54   414   450   405   452 0.86 -
evm.utg709.13.2.5c22f370              -            433 517525at33208        -            296   2.8e-25   90.6   0.2   1   2   1.7e-25   1.1e-23   85.4   0.2    21   239    53   266    41   289 0.84 -
evm.utg709.13.2.5c22f370              -            433 517525at33208        -            296   2.8e-25   90.6   0.2   2   2       2.3   1.4e+02    2.9   0.0   249   280   321   352   313   362 0.85 -
evm.utg709.13                         -            454 517525at33208        -            296     3e-25   90.5   0.2   1   2     2e-25   1.2e-23   85.2   0.2    21   239    53   266    41   289 0.84 -
evm.utg709.13                         -            454 517525at33208        -            296     3e-25   90.5   0.2   2   2       2.5   1.5e+02    2.8   0.0   249   280   321   352   313   361 0.85 -
evm.utg55.198                         -            731 517525at33208        -            296   3.4e-25   90.3   0.4   1   1   1.2e-26   7.6e-25   89.1   0.4     9   197   424   607   416   614 0.86 -
evm.utg798.68.1.5c22f45c.1.5c2797f8   -            414 517525at33208        -            296   3.6e-25   90.2   1.1   1   1   7.1e-27   4.3e-25   90.0   0.1    28   266    36   275    18   299 0.85 -
evm.utg709.13.1.5c22f370              -            466 517525at33208        -            296   3.6e-25   90.2   0.2   1   2   2.1e-25   1.3e-23   85.1   0.2    21   239    53   266    41   289 0.84 -
evm.utg709.13.1.5c22f370              -            466 517525at33208        -            296   3.6e-25   90.2   0.2   2   2       2.5   1.6e+02    2.8   0.0   249   280   321   352   313   361 0.85 -
evm.utg3790.3                         -            287 517525at33208        -            296   3.8e-25   90.2   0.0   1   1   8.1e-27     5e-25   89.8   0.0    26   249    25   247    16   254 0.88 -
evm.utg2858.25                        -           1148 517525at33208        -            296     4e-25   90.1   0.0   1   1   1.1e-26   6.5e-25   89.4   0.0    21   272   813  1063   804  1084 0.78 -
evm.utg320.150.2.5c22eefa             -           1045 517525at33208        -            296   5.8e-25   89.5   0.0   1   1   1.5e-26   9.1e-25   88.9   0.0    21   228   818  1024   806  1032 0.84 -
evm.utg3797.8                         -            546 517525at33208        -            296     6e-25   89.5   0.5   1   1   1.4e-26   8.7e-25   89.0   0.5    22   248   275   507   261   528 0.85 -
evm.utg801.48                         -           1643 517525at33208        -            296   6.2e-25   89.5   0.0   1   1   2.2e-26   1.4e-24   88.3   0.0    23   274  1376  1633  1358  1640 0.83 -
evm.utg279.37                         -            550 517525at33208        -            296   7.1e-25   89.3   0.0   1   1   2.1e-26   1.3e-24   88.4   0.0    28   227    21   233    16   248 0.80 -
evm.utg86.41                          -            405 517525at33208        -            296   7.2e-25   89.2   0.0   1   1   1.8e-26   1.1e-24   88.6   0.0    29   286    21   276     9   284 0.85 -
evm.utg104.39.1.5c22e80c              -            832 517525at33208        -            296   7.7e-25   89.1   0.0   1   1   2.1e-26   1.3e-24   88.4   0.0    30   270    30   274    20   310 0.82 -
evm.utg4907.63                        -            537 517525at33208        -            296   8.7e-25   89.0   0.0   1   1     2e-26   1.2e-24   88.5   0.0    28   278    99   346    74   362 0.81 -
evm.utg104.39.2.5c22e80c              -            915 517525at33208        -            296   8.9e-25   88.9   0.0   1   1   2.6e-26   1.6e-24   88.1   0.0    30   270    30   274    21   309 0.82 -
evm.utg104.39                         -            927 517525at33208        -            296     9e-25   88.9   0.0   1   1   2.7e-26   1.6e-24   88.1   0.0    30   270    30   274    21   309 0.82 -
evm.utg1925.30.1.5c22ec71.2.5c279162  -            442 517525at33208        -            296   9.4e-25   88.8   0.0   1   1   2.9e-26   1.8e-24   88.0   0.0    26   229    13   224     3   240 0.83 -
evm.utg7127.18                        -            355 517525at33208        -            296   9.8e-25   88.8   0.0   1   1   2.1e-26   1.3e-24   88.4   0.0    20   232     6   214     2   241 0.84 -
evm.utg890.46.1.5c22f4d9              -           1876 517525at33208        -            296     1e-24   88.7   0.1   1   1     3e-26   1.8e-24   87.9   0.1    25   221  1670  1867  1653  1872 0.81 -
evm.utg1925.30.1.5c22ec71.1.5c279162  -            505 517525at33208        -            296   1.1e-24   88.6   0.0   1   1     4e-26   2.5e-24   87.5   0.0    26   229    13   224     3   239 0.83 -
evm.utg762.42                         -            544 517525at33208        -            296   1.3e-24   88.4   0.1   1   1   3.1e-26   1.9e-24   87.8   0.1    23   248   274   505   254   526 0.84 -
evm.utg762.42.2.5c22f3f6              -            544 517525at33208        -            296   1.3e-24   88.4   0.1   1   1   3.1e-26   1.9e-24   87.8   0.1    23   248   274   505   254   526 0.84 -
evm.utg1925.30.1.5c22ec71             -            597 517525at33208        -            296   1.5e-24   88.1   0.0   1   1   5.8e-26   3.6e-24   86.9   0.0    26   229    13   224     3   239 0.83 -
evm.utg214.1                          -            492 517525at33208        -            296   1.7e-24   88.0   0.0   1   1     4e-26   2.4e-24   87.5   0.0    29   248    23   236    16   280 0.83 -
evm.utg55.81                          -            353 517525at33208        -            296   1.8e-24   87.9   0.2   1   2     3e-25   1.8e-23   84.6   0.2    23   176     3   153     1   177 0.88 -
evm.utg55.81                          -            353 517525at33208        -            296   1.8e-24   87.9   0.2   2   2       8.3   5.1e+02    1.1   0.0   251   283   234   266   226   278 0.85 -
evm.utg2994.24                        -            551 517525at33208        -            296     2e-24   87.8   0.0   1   1   5.5e-26   3.4e-24   87.0   0.0    28   227    21   233    16   241 0.79 -
evm.utg2417.19.1.5c22ed95.1.5c27925c  -            364 517525at33208        -            296   2.2e-24   87.6   0.1   1   1   9.2e-26   5.7e-24   86.3   0.1    25   229    17   229    11   240 0.80 -
evm.utg1925.30                        -            776 517525at33208        -            296   2.5e-24   87.5   0.0   1   1   9.9e-26   6.1e-24   86.2   0.0    26   229    13   224     3   239 0.83 -
evm.utg2417.19.3.5c22ed96             -            382 517525at33208        -            296   2.6e-24   87.4   0.1   1   1     1e-25   6.3e-24   86.1   0.1    24   229    16   229    10   239 0.80 -
evm.utg279.32                         -            523 517525at33208        -            296   3.3e-24   87.1   0.0   1   1   8.6e-26   5.3e-24   86.4   0.0    23   228    14   229     6   291 0.73 -
evm.utg62950.2                        -            676 517525at33208        -            296   3.7e-24   86.9   0.0   1   1     1e-25   6.1e-24   86.2   0.0    20   232     6   214     2   239 0.84 -
evm.utg2994.26                        -            525 517525at33208        -            296   4.1e-24   86.8   0.0   1   1   1.2e-25   7.3e-24   85.9   0.0    23   228    14   229     9   292 0.73 -
evm.utg7008.20.1.5c22f36b             -            375 517525at33208        -            296   4.2e-24   86.7   1.0   1   1   3.6e-25   2.2e-23   84.3   0.5    24   246    38   250    28   269 0.85 -
evm.utg2994.25                        -            527 517525at33208        -            296   4.5e-24   86.6   0.0   1   1   1.2e-25   7.2e-24   86.0   0.0    26   227    18   230     3   240 0.77 -
evm.utg2417.19.1.5c22ed95             -            468 517525at33208        -            296   4.7e-24   86.6   0.1   1   1   1.8e-25   1.1e-23   85.4   0.1    25   229    17   229    11   240 0.80 -
evm.utg2247.34                        -            449 517525at33208        -            296   5.6e-24   86.3   1.5   1   1   1.2e-25   7.6e-24   85.9   1.5    29   277    95   345    78   358 0.86 -
evm.utg2994.28                        -            536 517525at33208        -            296   5.8e-24   86.3   0.0   1   1   1.5e-25   9.4e-24   85.6   0.0    66   228    62   229    11   292 0.75 -
evm.utg536.78                         -            295 517525at33208        -            296   6.2e-24   86.2   0.6   1   2   9.7e-24     6e-22   79.6   0.2    24   227     9   223     3   239 0.79 -
evm.utg536.78                         -            295 517525at33208        -            296   6.2e-24   86.2   0.6   2   2       2.5   1.5e+02    2.8   0.0   249   273   267   291   258   293 0.88 -
evm.utg2417.19                        -            523 517525at33208        -            296   6.3e-24   86.1   0.1   1   1   2.4e-25   1.5e-23   84.9   0.1    25   229    17   229    11   238 0.80 -
evm.utg372.26.1.5c22efc9              -            458 517525at33208        -            296   7.8e-24   85.8   0.9   1   1   6.1e-25   3.8e-23   83.6   0.5    24   245   121   332   111   352 0.85 -
evm.utg17954.2                        -            292 517525at33208        -            296     8e-24   85.8   0.2   1   2   1.8e-06   0.00011   23.0   0.2    13   104     8    97     2   100 0.84 -
evm.utg17954.2                        -            292 517525at33208        -            296     8e-24   85.8   0.2   2   2     2e-18   1.2e-16   62.2   0.0   140   262    95   217    87   236 0.82 -
evm.utg7008.20.2.5c22f36b             -            315 517525at33208        -            296   9.7e-24   85.5   0.5   1   1   2.1e-25   1.3e-23   85.1   0.5    24   246    38   250    28   270 0.85 -
evm.utg4326.6                         -            984 517525at33208        -            296   9.8e-24   85.5   0.0   1   1   3.1e-25   1.9e-23   84.6   0.0    26   265   658   899   645   914 0.84 -
evm.utg62.159                         -            515 517525at33208        -            296   9.9e-24   85.5   0.0   1   1     3e-25   1.9e-23   84.6   0.0    27   229    19   229    11   240 0.80 -
evm.utg7008.20                        -            375 517525at33208        -            296     1e-23   85.5   1.1   1   1   3.5e-25   2.2e-23   84.4   0.5    24   246    38   250    28   270 0.85 -
evm.utg479.33                         -            502 517525at33208        -            296   1.2e-23   85.2   0.1   1   1   1.2e-24   7.6e-23   82.6   0.0    27   232    21   234     5   247 0.77 -
evm.utg170.2                          -            548 517525at33208        -            296   1.2e-23   85.2   0.0   1   1     3e-25   1.8e-23   84.6   0.0    16   231   191   402   182   421 0.87 -
evm.utg170.2.1.5c22ebb9               -            548 517525at33208        -            296   1.2e-23   85.2   0.0   1   1     3e-25   1.8e-23   84.6   0.0    16   231   191   402   182   421 0.87 -
evm.utg172.76                         -            335 517525at33208        -            296   1.3e-23   85.1   0.0   1   1   2.5e-25   1.6e-23   84.9   0.0    25   233    65   275    44   326 0.84 -
evm.utg372.26.2.5c22efc9              -            404 517525at33208        -            296   1.3e-23   85.1   1.1   1   1   4.3e-25   2.7e-23   84.1   0.5    24   246    67   279    57   299 0.85 -
evm.utg762.36.2.5c22f3f6              -            339 517525at33208        -            296   1.4e-23   85.0   0.0   1   1   3.3e-25     2e-23   84.5   0.0    26   173   158   301   150   308 0.85 -
evm.utg372.26                         -            458 517525at33208        -            296   1.9e-23   84.6   1.0   1   1   6.1e-25   3.8e-23   83.6   0.5    24   245   121   332   111   352 0.85 -
evm.utg496.28.1.5c22f185              -            759 517525at33208        -            296     2e-23   84.5   0.0   1   1   5.8e-25   3.6e-23   83.7   0.0    27   227    23   227    15   287 0.85 -
evm.utg2929.20                        -            437 517525at33208        -            296   2.4e-23   84.2   0.1   1   1   2.9e-24   1.8e-22   81.4   0.1    24   274    55   326    35   333 0.82 -
evm.utg372.26.3.5c22efc9              -            409 517525at33208        -            296   2.4e-23   84.2   1.4   1   1   4.5e-25   2.7e-23   84.0   0.5    24   246   121   333   111   353 0.85 -
evm.utg5390.47.1.5c22f1f7             -            411 517525at33208        -            296     3e-23   83.9   1.2   1   1   6.6e-25   4.1e-23   83.5   1.2    30   277    96   345    78   358 0.85 -
evm.utg496.28                         -            907 517525at33208        -            296   3.2e-23   83.8   0.0   1   1   8.1e-25     5e-23   83.2   0.0    27   227    23   227    15   287 0.85 -
evm.utg607.31.1.5c22f2af              -            485 517525at33208        -            296   3.4e-23   83.8   0.0   1   1   9.8e-25     6e-23   82.9   0.0    42   288    20   265    10   271 0.77 -
evm.utg279.33                         -            540 517525at33208        -            296   3.5e-23   83.7   0.0   1   1   9.3e-25   5.7e-23   83.0   0.0    27   227    17   228     3   235 0.78 -
evm.utg5390.47                        -            449 517525at33208        -            296   3.8e-23   83.6   1.2   1   1   8.5e-25   5.2e-23   83.1   1.2    30   277    96   345    78   358 0.85 -
evm.utg279.31                         -            538 517525at33208        -            296   3.9e-23   83.6   0.0   1   1   1.1e-24   6.7e-23   82.8   0.0    23   227    16   232     5   235 0.79 -
evm.utg12382.27                       -            782 517525at33208        -            296     4e-23   83.5   0.0   1   1     1e-24   6.2e-23   82.9   0.0    29   248    23   236    17   269 0.83 -
evm.utg693.7                          -            348 517525at33208        -            296   5.3e-23   83.1   0.0   1   1   1.1e-24     7e-23   82.7   0.0    28   270    64   316    42   332 0.76 -
evm.utg750.74.1.5c22f3e6              -            520 517525at33208        -            296   5.4e-23   83.1   0.0   1   1   1.4e-24   8.7e-23   82.4   0.0    27   248   193   409   171   440 0.85 -
evm.utg55.85                          -            383 517525at33208        -            296   6.6e-23   82.8   0.1   1   1   1.5e-24   9.1e-23   82.3   0.1    69   283     9   234     3   244 0.82 -
evm.utg22693.17                       -            492 517525at33208        -            296   6.9e-23   82.7   0.2   1   1   7.5e-24   4.6e-22   80.0   0.1    23   223    16   226     8   247 0.75 -
evm.utg1363.2                         -            348 517525at33208        -            296   7.4e-23   82.6   0.0   1   1   1.6e-24   9.7e-23   82.2   0.0    28   270    64   316    42   332 0.76 -
evm.utg1330.4.2.5c22ea36              -            520 517525at33208        -            296   8.7e-23   82.4   0.1   1   1   2.2e-24   1.3e-22   81.8   0.1    17   231   192   402   184   422 0.87 -
evm.utg31304.6                        -            346 517525at33208        -            296   9.3e-23   82.3   0.0   1   1   1.9e-24   1.2e-22   81.9   0.0    28   231    62   266    40   328 0.77 -
evm.utg750.74                         -            687 517525at33208        -            296     1e-22   82.2   0.0   1   1   2.8e-24   1.7e-22   81.4   0.0    27   248   360   576   339   606 0.86 -
evm.utg572.23                         -            347 517525at33208        -            296     1e-22   82.1   0.0   1   1   2.2e-24   1.4e-22   81.8   0.0    26   235    38   243    24   295 0.86 -
evm.utg1330.4.1.5c22ea36              -            573 517525at33208        -            296   1.1e-22   82.1   0.1   1   1   2.7e-24   1.7e-22   81.5   0.1    17   231   192   402   184   421 0.87 -
evm.utg1330.4                         -            574 517525at33208        -            296   1.1e-22   82.1   0.1   1   1   2.7e-24   1.7e-22   81.5   0.1    17   231   192   402   184   421 0.87 -
evm.utg255.10                         -            347 517525at33208        -            296   1.2e-22   82.0   0.0   1   1   2.4e-24   1.5e-22   81.6   0.0    26   235    38   243    24   291 0.88 -
evm.utg1363.2.1.5c22ea60              -            348 517525at33208        -            296   1.3e-22   81.8   0.0   1   1   2.7e-24   1.6e-22   81.5   0.0    28   230    64   267    42   330 0.80 -
evm.utg536.83                         -            337 517525at33208        -            296   1.5e-22   81.6   0.0   1   2   5.8e-23   3.6e-21   77.1   0.0    24   223    13   220     2   230 0.77 -
evm.utg536.83                         -            337 517525at33208        -            296   1.5e-22   81.6   0.0   2   2       3.3   2.1e+02    2.4   0.0   245   273   265   293   256   307 0.80 -
evm.utg729.18                         -            422 517525at33208        -            296   1.6e-22   81.6   0.3   1   1   4.9e-24     3e-22   80.6   0.3    22   255     2   228     1   246 0.83 -
evm.utg666.28                         -            714 517525at33208        -            296   1.8e-22   81.3   0.2   1   1     5e-24   3.1e-22   80.6   0.2    15   261   303   540   290   580 0.80 -
evm.utg1542.36                        -           1948 517525at33208        -            296   2.2e-22   81.1   0.0   1   1   9.6e-24   5.9e-22   79.7   0.0    28   242    84   299    63   311 0.87 -
evm.utg5367.16                        -           1326 517525at33208        -            296   2.4e-22   81.0   0.0   1   1   7.4e-24   4.5e-22   80.0   0.0    22   245     2   226     1   269 0.83 -
evm.utg2428.3                         -            901 517525at33208        -            296   2.4e-22   80.9   0.0   1   1   6.1e-24   3.8e-22   80.3   0.0    27   270   107   360    99   373 0.81 -
evm.utg777.85                         -            340 517525at33208        -            296   3.5e-22   80.4   0.1   1   2     2e-21   1.2e-19   72.0   0.1    23   222    16   227     7   240 0.78 -
evm.utg777.85                         -            340 517525at33208        -            296   3.5e-22   80.4   0.1   2   2      0.95        58    4.2   0.0   250   275   275   300   268   310 0.89 -
evm.utg1138.29                        -            901 517525at33208        -            296   3.7e-22   80.3   0.0   1   1   9.4e-24   5.8e-22   79.7   0.0    27   270   107   360    99   373 0.81 -
evm.utg1138.29.1.5c22e8bf             -            901 517525at33208        -            296   3.7e-22   80.3   0.0   1   1   9.4e-24   5.8e-22   79.7   0.0    27   270   107   360    99   373 0.81 -
evm.utg55.63.1.5c22f226               -            280 517525at33208        -            296   3.9e-22   80.3   0.0   1   1   8.8e-24   5.4e-22   79.8   0.0    22   234     3   216     1   235 0.77 -
evm.utg4177.37                        -            332 517525at33208        -            296   5.1e-22   79.9   0.0   1   1   1.2e-23   7.3e-22   79.4   0.0    23   222    11   217     3   243 0.79 -
evm.utg1056.27.1.5c22e838             -            245 517525at33208        -            296   5.1e-22   79.9   0.0   1   2   2.1e-22   1.3e-20   75.3   0.0    84   242    10   168     7   180 0.82 -
evm.utg1056.27.1.5c22e838             -            245 517525at33208        -            296   5.1e-22   79.9   0.0   2   2       2.3   1.4e+02    2.9   0.0   246   285   203   242   172   244 0.83 -
evm.utg55.63                          -            312 517525at33208        -            296   5.1e-22   79.9   0.0   1   1   1.3e-23   7.7e-22   79.3   0.0    22   234     3   216     1   235 0.77 -
evm.utg597.142.1.5c22f29f.1.5c27968c  -            258 517525at33208        -            296   6.9e-22   79.5   0.4   1   1   1.3e-23   8.2e-22   79.2   0.4    24   218    58   257    29   257 0.84 -
evm.utg597.142.1.5c22f29f.2.5c27968c  -            258 517525at33208        -            296   6.9e-22   79.5   0.4   1   1   1.3e-23   8.2e-22   79.2   0.4    24   218    58   257    29   257 0.84 -
evm.utg194.81                         -            604 517525at33208        -            296   6.9e-22   79.4   1.0   1   1   1.6e-22   9.6e-21   75.7   1.0    18   270    29   294    16   302 0.75 -
evm.utg256.24                         -           2633 517525at33208        -            296   7.2e-22   79.4   1.3   1   1   3.3e-23     2e-21   77.9   0.0    26   232  1992  2191  1974  2241 0.82 -
evm.utg5390.47.2.5c22f1f7             -            331 517525at33208        -            296   7.3e-22   79.4   0.5   1   1   1.5e-23   9.5e-22   79.0   0.5    30   230    96   290    78   311 0.90 -
evm.utg4451.13                        -           1582 517525at33208        -            296   8.1e-22   79.2   0.0   1   1   2.3e-23   1.4e-21   78.4   0.0    13   233  1169  1386  1158  1445 0.79 -
evm.utg761.26.1.5c22f3f3              -            820 517525at33208        -            296   9.1e-22   79.1   0.0   1   2   2.7e-22   1.6e-20   74.9   0.0    79   239     2   157     1   176 0.90 -
evm.utg761.26.1.5c22f3f3              -            820 517525at33208        -            296   9.1e-22   79.1   0.0   2   2       5.4   3.3e+02    1.7   0.0   245   277   201   233   193   239 0.87 -
evm.utg413.27.1.5c22f07f              -            562 517525at33208        -            296     1e-21   78.9   0.5   1   1   2.6e-23   1.6e-21   78.2   0.5    71   276     2   213     1   228 0.81 -
evm.utg62.14.1.5c22f2dd               -           1768 517525at33208        -            296   1.2e-21   78.7   0.0   1   1   1.9e-23   1.2e-21   78.7   0.0    28   248    82   305    61   328 0.84 -
evm.utg62.14                          -           1780 517525at33208        -            296   1.2e-21   78.7   0.0   1   1   1.9e-23   1.2e-21   78.7   0.0    28   248    82   305    61   328 0.84 -
evm.utg180.67.1.5c22ec0d              -           1787 517525at33208        -            296   1.2e-21   78.7   0.0   1   1   1.9e-23   1.2e-21   78.7   0.0    28   248    82   305    61   328 0.84 -
evm.utg55.116.1.5c22f229              -            338 517525at33208        -            296   1.2e-21   78.7   0.0   1   1   3.2e-23     2e-21   78.0   0.0    24   272    15   278     8   287 0.77 -
evm.utg180.67                         -           1819 517525at33208        -            296   1.2e-21   78.7   0.0   1   1     2e-23   1.2e-21   78.7   0.0    28   248    82   305    61   328 0.84 -
evm.utg15164.12                       -           2633 517525at33208        -            296   1.3e-21   78.6   0.0   1   1   5.8e-23   3.6e-21   77.1   0.0    26   230  1992  2189  1974  2216 0.83 -
evm.utg2994.27                        -            538 517525at33208        -            296   1.3e-21   78.6   0.0   1   1   3.6e-23   2.2e-21   77.8   0.0    23   227    16   232     5   235 0.80 -
evm.utg55.116                         -            349 517525at33208        -            296   1.4e-21   78.5   0.0   1   1   3.5e-23   2.2e-21   77.8   0.0    24   272    15   278     8   287 0.77 -
evm.utg2417.31                        -           1275 517525at33208        -            296   1.9e-21   78.0   0.0   1   1     6e-23   3.7e-21   77.1   0.0    27   281   669   921   648   934 0.80 -
evm.utg129.52                         -            714 517525at33208        -            296   1.9e-21   78.0   0.1   1   1   5.6e-23   3.5e-21   77.1   0.1    12   242   300   521   290   570 0.79 -
evm.utg55.116.2.5c22f229              -            269 517525at33208        -            296   2.6e-21   77.5   0.0   1   1   5.8e-23   3.6e-21   77.1   0.0    24   249    15   245     8   262 0.81 -
evm.utg4451.7                         -           2727 517525at33208        -            296   2.7e-21   77.5   0.0   1   1     8e-23   4.9e-21   76.7   0.0    14   244  2313  2543  2302  2590 0.78 -
evm.utg183.29                         -            444 517525at33208        -            296   2.7e-21   77.5   0.0   1   1   7.2e-23   4.4e-21   76.8   0.0   117   266   186   341   176   356 0.85 -
evm.utg498.50                         -            887 517525at33208        -            296   2.8e-21   77.4   0.0   1   1     1e-22   6.3e-21   76.3   0.0    69   274   532   750   519   768 0.80 -
evm.utg16094.7                        -           1102 517525at33208        -            296   3.5e-21   77.1   0.9   1   2   1.8e-14   1.1e-12   49.3   0.0    60   268   201   419   164   423 0.74 -
evm.utg16094.7                        -           1102 517525at33208        -            296   3.5e-21   77.1   0.9   2   2   2.1e-07   1.3e-05   26.1   0.3    60   169   970  1085   942  1096 0.75 -
evm.utg536.84.73                      -            263 517525at33208        -            296   4.3e-21   76.8   0.2   1   1   1.4e-21   8.5e-20   72.6   0.0    69   223     2   168     1   191 0.76 -
evm.utg22693.18                       -            343 517525at33208        -            296   4.5e-21   76.8   0.1   1   1   1.7e-21     1e-19   72.3   0.0    23   222    16   227     9   239 0.75 -
evm.utg324.122.1.5c22ef1e             -            459 517525at33208        -            296   4.6e-21   76.7   0.0   1   1   1.6e-22   9.5e-21   75.7   0.0    28   229   173   360   164   369 0.91 -
evm.utg324.122                        -            459 517525at33208        -            296   4.9e-21   76.6   0.0   1   1   1.6e-22   9.5e-21   75.7   0.0    28   229   173   360   164   369 0.91 -
evm.utg324.122.2.5c22ef1e             -            373 517525at33208        -            296   4.9e-21   76.6   0.0   1   1   1.4e-22   8.3e-21   75.9   0.0    28   228   173   359   163   367 0.91 -
evm.utg1056.27.1.5c22e838.1.5c278ecb  -            231 517525at33208        -            296   6.6e-21   76.2   0.1   1   1   1.3e-22     8e-21   75.9   0.1    84   244    10   170     7   215 0.81 -
evm.utg536.85                         -            346 517525at33208        -            296   6.7e-21   76.2   0.1   1   1   1.5e-21   9.1e-20   72.5   0.1    23   222    16   227     9   242 0.73 -
evm.utg3522.62                        -            233 517525at33208        -            296   7.7e-21   76.0   0.7   1   1   1.6e-22     1e-20   75.6   0.7    21   173    53   205    40   218 0.88 -
evm.utg4451.5                         -           1764 517525at33208        -            296   9.2e-21   75.7   0.0   1   1   2.8e-22   1.7e-20   74.9   0.0    13   244  1474  1705  1463  1744 0.79 -
evm.utg3092.39                        -            478 517525at33208        -            296   9.3e-21   75.7   0.2   1   2     2e-18   1.2e-16   62.2   0.2     8   172    46   209    39   224 0.89 -
evm.utg3092.39                        -            478 517525at33208        -            296   9.3e-21   75.7   0.2   2   2    0.0058      0.36   11.4   0.0   185   228   277   318   263   328 0.76 -
evm.utg505.46                         -            950 517525at33208        -            296   9.4e-21   75.7   0.1   1   1   8.7e-22   5.3e-20   73.2   0.1    24   231   516   735   497   757 0.83 -
evm.utg536.72                         -           1538 517525at33208        -            296   9.9e-21   75.6   0.0   1   1   2.8e-22   1.7e-20   74.9   0.0    13   233  1124  1341  1113  1400 0.79 -
evm.utg12655.7.1.5c22e9a5.1.5c278f83  -            434 517525at33208        -            296     1e-20   75.6   1.1   1   1   2.4e-22   1.5e-20   75.1   1.1    11   236   142   363   133   375 0.83 -
evm.utg145.25                         -           1355 517525at33208        -            296   1.3e-20   75.3   0.1   1   1   3.5e-22   2.2e-20   74.5   0.1    28   273    38   306    11   316 0.78 -
evm.utg801.47                         -            371 517525at33208        -            296   1.3e-20   75.3   0.0   1   1   6.7e-22   4.1e-20   73.6   0.0    19   239    73   301    60   323 0.82 -
evm.utg1432.4.1.5c22eaaa.2.5c27900b   -            933 517525at33208        -            296   1.4e-20   75.2   0.1   1   1   7.8e-22   4.8e-20   73.4   0.0    28   235    67   279    59   290 0.79 -
evm.utg14366.12                       -            659 517525at33208        -            296   1.5e-20   75.0   1.6   1   1   3.9e-22   2.4e-20   74.4   1.6    11   236   211   432   202   448 0.83 -
evm.utg12655.7.1.5c22e9a5             -            525 517525at33208        -            296   1.6e-20   75.0   1.1   1   1   3.8e-22   2.3e-20   74.4   1.1    11   235    75   295    66   308 0.83 -
evm.utg1432.4.1.5c22eaaa.3.5c27900b   -           1116 517525at33208        -            296   1.9e-20   74.7   0.0   1   1   1.1e-21   6.5e-20   73.0   0.0    28   235    67   279    59   290 0.79 -
evm.utg5390.21                        -            504 517525at33208        -            296     2e-20   74.7   0.0   1   1   5.6e-22   3.4e-20   73.9   0.0    23   248   215   430   194   475 0.81 -
evm.utg1432.4.1.5c22eaaa.1.5c27900b   -           1236 517525at33208        -            296   2.2e-20   74.5   0.1   1   1   1.2e-21   7.6e-20   72.7   0.0    28   235    67   279    59   290 0.79 -
evm.utg16094.23                       -           1124 517525at33208        -            296   2.3e-20   74.5   1.7   1   2   5.5e-14   3.4e-12   47.6   0.0    60   268   221   439   185   442 0.75 -
evm.utg16094.23                       -           1124 517525at33208        -            296   2.3e-20   74.5   1.7   2   2   3.1e-07   1.9e-05   25.5   0.4    61   169   979  1093   968  1101 0.73 -
evm.utg1432.4.1.5c22eaaa              -           1293 517525at33208        -            296   2.3e-20   74.4   0.1   1   1   1.3e-21   8.2e-20   72.6   0.0    28   235    67   279    59   290 0.79 -
evm.utg1432.4.2.5c22eaaa              -           1290 517525at33208        -            296   2.3e-20   74.4   0.1   1   1   1.3e-21   8.1e-20   72.6   0.0    28   235    67   279    59   290 0.79 -
evm.utg12655.7                        -            679 517525at33208        -            296   2.6e-20   74.3   1.1   1   1   6.6e-22   4.1e-20   73.6   1.1    11   235   229   449   220   462 0.83 -
evm.utg1432.4.5.5c22eaaa              -           1404 517525at33208        -            296   2.7e-20   74.2   0.1   1   1   1.5e-21   9.2e-20   72.5   0.0    28   235    67   279    59   290 0.79 -
evm.utg888.19                         -            622 517525at33208        -            296   3.2e-20   74.0   0.4   1   1   1.1e-21   6.5e-20   73.0   0.4    21   273   342   594   328   616 0.76 -
evm.utg1721.59.1.5c22ebcb             -            302 517525at33208        -            296   3.4e-20   73.9   0.4   1   1   7.2e-22   4.4e-20   73.5   0.4    24   252    25   243    12   283 0.80 -
evm.utg3181.1                         -            648 517525at33208        -            296   4.1e-20   73.6   0.0   1   1     1e-21   6.3e-20   73.0   0.0    12   245   229   463   219   494 0.83 -
evm.utg1432.4.4.5c22eaaa              -           1733 517525at33208        -            296   4.1e-20   73.6   0.1   1   1     2e-21   1.3e-19   72.0   0.0    28   235    67   279    59   290 0.79 -
evm.utg666.25                         -            492 517525at33208        -            296   4.2e-20   73.6   0.1   1   1     1e-21   6.3e-20   73.0   0.1    55   231   117   288    77   362 0.83 -
evm.utg4271.61                        -            422 517525at33208        -            296   4.3e-20   73.5   0.0   1   1   1.7e-21     1e-19   72.3   0.0    28   226    25   234    15   241 0.80 -
evm.utg1432.4                         -           1809 517525at33208        -            296   4.5e-20   73.5   0.1   1   1   2.2e-21   1.3e-19   71.9   0.0    28   235    67   279    59   290 0.79 -
evm.utg579.108                        -           1001 517525at33208        -            296   4.6e-20   73.5   0.0   1   1   1.6e-21     1e-19   72.3   0.0    30   244   642   860   630   898 0.82 -
evm.utg1721.59                        -            334 517525at33208        -            296   4.7e-20   73.4   0.3   1   1   1.1e-21   6.5e-20   73.0   0.3    24   252    25   243    13   278 0.81 -
evm.utg411.92.1.5c22f07a              -            742 517525at33208        -            296   4.7e-20   73.4   0.0   1   1   1.2e-21   7.1e-20   72.8   0.0    24   229   427   627   414   668 0.85 -
evm.utg7840.21                        -            196 517525at33208        -            296   4.8e-20   73.4   0.0   1   1   9.4e-22   5.8e-20   73.1   0.0   124   277    17   176     5   189 0.81 -
evm.utg5390.48                        -            473 517525at33208        -            296   5.1e-20   73.3   0.0   1   1   1.4e-21   8.6e-20   72.6   0.0    23   249   184   399   167   443 0.82 -
evm.utg411.92                         -            796 517525at33208        -            296   5.2e-20   73.3   0.0   1   1   1.3e-21   8.1e-20   72.6   0.0    24   229   481   681   468   722 0.85 -
evm.utg11814.8                        -            745 517525at33208        -            296   5.3e-20   73.3   1.4   1   2   4.3e-12   2.6e-10   41.4   0.6    24   115    10    99     2   122 0.82 -
evm.utg11814.8                        -            745 517525at33208        -            296   5.3e-20   73.3   1.4   2   2   8.3e-09   5.1e-07   30.6   0.0   161   273   129   245   108   258 0.79 -
evm.utg9313.43                        -            317 517525at33208        -            296   5.7e-20   73.2   0.0   1   1   1.1e-21   6.7e-20   72.9   0.0    26   248    45   268    21   312 0.86 -
evm.utg666.24                         -            809 517525at33208        -            296   6.2e-20   73.0   0.3   1   1   1.8e-21   1.1e-19   72.2   0.3    30   270   409   664   388   685 0.72 -
evm.utg4451.1                         -           1605 517525at33208        -            296   7.5e-20   72.8   0.0   1   1     2e-21   1.3e-19   72.0   0.0    12   233  1141  1358  1131  1413 0.81 -
evm.utg456.15                         -            434 517525at33208        -            296   7.6e-20   72.7   0.0   1   1     2e-21   1.3e-19   72.0   0.0    23   247   145   359   124   404 0.82 -
evm.utg1708.20.2.5c22ebc0             -            244 517525at33208        -            296   7.9e-20   72.7   0.0   1   1   1.8e-21   1.1e-19   72.2   0.0   125   273    23   178     8   187 0.83 -
evm.utg6851.28                        -           1077 517525at33208        -            296   9.5e-20   72.4   0.0   1   2   1.5e-10     9e-09   36.4   0.0    47   280   430   656   406   660 0.80 -
evm.utg6851.28                        -           1077 517525at33208        -            296   9.5e-20   72.4   0.0   2   2   1.2e-09   7.3e-08   33.4   0.0    48   274   854  1072   849  1075 0.78 -
evm.utg2247.33                        -            426 517525at33208        -            296     1e-19   72.3   0.0   1   1   3.5e-21   2.2e-19   71.3   0.0    30   271   153   396   144   406 0.78 -
evm.utg1694.41                        -           1052 517525at33208        -            296   1.2e-19   72.1   1.9   1   2   1.3e-20   8.2e-19   69.4   0.5    23   287   730   992   714   998 0.80 -
evm.utg1694.41                        -           1052 517525at33208        -            296   1.2e-19   72.1   1.9   2   2       5.4   3.3e+02    1.7   0.0   239   273  1011  1044  1000  1050 0.77 -
evm.utg8.4.1.5c22f453                 -           1222 517525at33208        -            296   1.2e-19   72.1   0.0   1   1   4.5e-21   2.8e-19   70.9   0.0    28   286   703   959   689   967 0.79 -
evm.utg762.42.1.5c22f3f6              -            468 517525at33208        -            296   1.2e-19   72.1   0.1   1   1   2.6e-21   1.6e-19   71.7   0.1    23   185   274   438   254   467 0.85 -
evm.utg777.21                         -            361 517525at33208        -            296   1.2e-19   72.0   0.0   1   1   2.9e-21   1.8e-19   71.5   0.0    29   197   188   348   181   354 0.86 -
evm.utg8.4.2.5c22f453                 -           1236 517525at33208        -            296   1.2e-19   72.0   0.0   1   1   4.6e-21   2.8e-19   70.9   0.0    28   286   717   973   703   981 0.79 -
evm.utg73.61                          -           1018 517525at33208        -            296   1.3e-19   72.0   0.0   1   1   3.2e-21     2e-19   71.4   0.0    26   247   251   465   243   507 0.84 -
evm.utg8.4                            -           1302 517525at33208        -            296   1.4e-19   71.9   0.0   1   1     5e-21   3.1e-19   70.7   0.0    28   286   668   924   654   932 0.79 -
evm.utg5390.12                        -            427 517525at33208        -            296   1.6e-19   71.7   0.0   1   1   3.9e-21   2.4e-19   71.1   0.0    23   246   138   351   117   393 0.86 -
evm.utg2487.44                        -            357 517525at33208        -            296   2.4e-19   71.1   0.0   1   1   7.3e-21   4.5e-19   70.2   0.0    24   279    27   292    15   309 0.77 -
evm.utg17602.16                       -            311 517525at33208        -            296   2.7e-19   70.9   0.0   1   1   5.2e-21   3.2e-19   70.7   0.0    26   238    45   258    21   302 0.87 -
evm.utg7008.20.3.5c22f36b             -            396 517525at33208        -            296   3.2e-19   70.7   1.7   1   2   2.5e-17   1.5e-15   58.6   0.9    24   161    38   167    28   170 0.88 -
evm.utg7008.20.3.5c22f36b             -            396 517525at33208        -            296   3.2e-19   70.7   1.7   2   2     0.021       1.3    9.6   0.0   160   246   188   271   176   291 0.78 -
evm.utg798.8                          -           1098 517525at33208        -            296   4.2e-19   70.3   0.2   1   2   1.1e-17   6.5e-16   59.8   0.2     9   172   667   829   660   844 0.89 -
evm.utg798.8                          -           1098 517525at33208        -            296   4.2e-19   70.3   0.2   2   2     0.058       3.6    8.2   0.0   188   228   900   938   885   944 0.72 -
evm.utg418.8                          -            464 517525at33208        -            296   4.7e-19   70.2   0.4   1   2   3.7e-17   2.3e-15   58.0   0.2    28   175    98   243    73   256 0.91 -
evm.utg418.8                          -            464 517525at33208        -            296   4.7e-19   70.2   0.4   2   2     0.014      0.83   10.2   0.0   187   243   289   343   280   390 0.64 -
evm.utg1919.102.1.5c22ec65.2.5c279155 -            551 517525at33208        -            296   6.5e-19   69.7   0.4   1   1   2.9e-20   1.8e-18   68.2   0.1    27   254    16   245     4   261 0.80 -
evm.utg129.49                         -            581 517525at33208        -            296   6.9e-19   69.6   0.1   1   1   1.8e-20   1.1e-18   68.9   0.1    30   229   181   378   161   388 0.81 -
evm.utg344.19                         -            464 517525at33208        -            296   6.9e-19   69.6   0.5   1   2   3.7e-17   2.3e-15   58.0   0.2    28   175    98   243    73   256 0.91 -
evm.utg344.19                         -            464 517525at33208        -            296   6.9e-19   69.6   0.5   2   2     0.019       1.2    9.7   0.0   187   242   289   342   280   387 0.71 -
evm.utg1049.10.1.5c278eb7             -            603 517525at33208        -            296     7e-19   69.6   0.0   1   1     2e-20   1.2e-18   68.8   0.0    24   229   395   598   376   601 0.84 -
evm.utg1919.102.1.5c22ec65.1.5c279155 -            553 517525at33208        -            296   7.7e-19   69.4   0.3   1   1   3.7e-20   2.3e-18   67.9   0.1    28   254    19   247     7   262 0.81 -
evm.utg2185.8                         -            318 517525at33208        -            296   1.6e-18   68.4   0.0   1   1   4.5e-20   2.8e-18   67.6   0.0    28   272    10   278     4   287 0.77 -
evm.utg8768.7                         -            895 517525at33208        -            296   1.7e-18   68.3   0.1   1   1   4.3e-20   2.7e-18   67.7   0.1    24   239    39   262    19   296 0.79 -
evm.utg4898.4                         -           1294 517525at33208        -            296   1.9e-18   68.2   0.0   1   1   5.4e-20   3.3e-18   67.3   0.0    28   222    55   249    42   257 0.84 -
evm.utg1363.2.2.5c22ea60              -            277 517525at33208        -            296   2.1e-18   68.0   0.0   1   1   4.4e-20   2.7e-18   67.7   0.0    28   220    64   257    42   275 0.83 -
evm.utg25988.6                        -            614 517525at33208        -            296   2.6e-18   67.7   0.1   1   1   7.9e-20   4.9e-18   66.8   0.1    40   243   346   555   310   565 0.74 -
evm.utg55.82.2.5c22f220               -           1052 517525at33208        -            296   3.1e-18   67.5   0.0   1   1     1e-19   6.1e-18   66.5   0.0    15   245   736   973   724   999 0.75 -
evm.utg967.66                         -            372 517525at33208        -            296   3.1e-18   67.5   0.6   1   2       2.5   1.5e+02    2.8   0.0    53    93    40    80    20    92 0.83 -
evm.utg967.66                         -            372 517525at33208        -            296   3.1e-18   67.5   0.6   2   2   1.2e-18   7.3e-17   62.9   0.1    27   175   211   357   194   364 0.92 -
evm.utg17511.5                        -            759 517525at33208        -            296   3.5e-18   67.3   0.0   1   1   8.6e-20   5.3e-18   66.7   0.0    49   222   154   327   129   337 0.83 -
evm.utg625.69                         -           1444 517525at33208        -            296   3.5e-18   67.3   0.0   1   1   9.5e-20   5.9e-18   66.5   0.0    27   239   129   343   113   354 0.82 -
evm.utg699.5                          -            396 517525at33208        -            296   3.7e-18   67.2   0.0   1   1   8.1e-20     5e-18   66.8   0.0    30   237   121   327   105   353 0.82 -
evm.utg3235.8.3.5c22ef06              -            356 517525at33208        -            296   3.9e-18   67.1   0.0   1   1   8.7e-20   5.3e-18   66.7   0.0    30   238   121   328   104   340 0.82 -
evm.utg55.82.1.5c22f220               -           1266 517525at33208        -            296   4.3e-18   67.0   0.0   1   1   1.4e-19   8.3e-18   66.0   0.0    15   245   950  1187   938  1213 0.75 -
evm.utg3235.8                         -            396 517525at33208        -            296   4.6e-18   66.9   0.0   1   1     1e-19   6.2e-18   66.5   0.0    30   239   121   329   105   363 0.83 -
evm.utg3235.8.1.5c22ef05              -            384 517525at33208        -            296   4.7e-18   66.9   0.0   1   1   1.1e-19   6.5e-18   66.4   0.0    30   238   121   328   105   341 0.82 -
evm.utg55.82                          -           1352 517525at33208        -            296   4.8e-18   66.8   0.0   1   1   1.5e-19   9.3e-18   65.9   0.0    15   245  1036  1273  1024  1298 0.75 -
evm.utg4318.31                        -            955 517525at33208        -            296   5.8e-18   66.6   0.1   1   1   1.7e-19     1e-17   65.7   0.1    12   238   535   759   525   793 0.83 -
evm.utg2115.27.1.5c22ecfa             -           1436 517525at33208        -            296   6.1e-18   66.5   0.8   1   1   2.9e-19   1.8e-17   65.0   0.8    14   272  1148  1422  1136  1430 0.74 -
evm.utg14.52                          -           1350 517525at33208        -            296   6.3e-18   66.4   0.5   1   2   6.5e-05     0.004   17.8   0.0    72   271   516   733   483   742 0.62 -
evm.utg14.52                          -           1350 517525at33208        -            296   6.3e-18   66.4   0.5   2   2   1.3e-13   7.9e-12   46.4   0.1    49   221   797   964   783   970 0.81 -
evm.utg18537.11                       -            872 517525at33208        -            296   6.7e-18   66.4   0.1   1   1   1.9e-19   1.2e-17   65.5   0.1    24   231    42   257    29   305 0.79 -
evm.utg7840.22                        -            985 517525at33208        -            296   6.9e-18   66.3   0.2   1   1   2.2e-19   1.3e-17   65.4   0.2    40   243   717   926   680   936 0.74 -
evm.utg6669.10                        -           1329 517525at33208        -            296   7.4e-18   66.2   0.0   1   1   2.1e-19   1.3e-17   65.4   0.0    28   229   921  1120   896  1140 0.85 -
evm.utg2115.27.2.5c22ecfa             -           1657 517525at33208        -            296   7.8e-18   66.1   0.8   1   1   3.5e-19   2.1e-17   64.7   0.8    14   272  1369  1643  1357  1651 0.74 -
evm.utg579.109                        -           1006 517525at33208        -            296   7.9e-18   66.1   0.0   1   1   2.2e-19   1.3e-17   65.4   0.0    28   243   640   860   627   898 0.85 -
evm.utg2115.27                        -           1688 517525at33208        -            296     8e-18   66.1   0.7   1   1   3.6e-19   2.2e-17   64.7   0.7    14   272  1400  1674  1388  1682 0.74 -
evm.utg48.29.3.5c22f15f               -           1393 517525at33208        -            296   8.2e-18   66.1   0.1   1   1   4.4e-19   2.7e-17   64.4   0.0    13   243   970  1205   961  1244 0.80 -
evm.utg464.235                        -            486 517525at33208        -            296   8.5e-18   66.0   0.0   1   1   2.3e-19   1.4e-17   65.3   0.0   132   283    30   191    18   202 0.78 -
evm.utg1819.28                        -           1008 517525at33208        -            296   9.8e-18   65.8   0.1   1   1   3.1e-19   1.9e-17   64.9   0.1    43   243   743   949   699   959 0.74 -
evm.utg4468.4                         -            972 517525at33208        -            296     1e-17   65.8   0.0   1   1   2.7e-19   1.7e-17   65.0   0.0    24   235   565   775   543   822 0.79 -
evm.utg169038.6                       -            121 517525at33208        -            296     1e-17   65.7   0.0   1   1   1.9e-19   1.2e-17   65.5   0.0    99   203     1   107     1   111 0.79 -
evm.utg1109.30.1.5c22e89d             -            335 517525at33208        -            296   1.2e-17   65.5   0.0   1   1   2.6e-19   1.6e-17   65.1   0.0    15   228    61   266    48   285 0.83 -
evm.utg62.14.2.5c22f2de               -           1633 517525at33208        -            296   1.2e-17   65.5   0.1   1   1     2e-19   1.2e-17   65.5   0.1    99   248    16   170    14   193 0.84 -
evm.utg1109.30.2.5c22e89d             -            347 517525at33208        -            296   1.3e-17   65.4   0.0   1   1   2.8e-19   1.7e-17   65.0   0.0    15   228    61   266    48   285 0.83 -
evm.utg1109.30                        -            357 517525at33208        -            296   1.4e-17   65.3   0.0   1   1   3.1e-19   1.9e-17   64.9   0.0    15   228    61   266    48   285 0.83 -
evm.utg194.6                          -            721 517525at33208        -            296   1.4e-17   65.3   0.1   1   2   5.4e-17   3.3e-15   57.5   0.1    25   173   375   521   366   546 0.86 -
evm.utg194.6                          -            721 517525at33208        -            296   1.4e-17   65.3   0.1   2   2      0.38        23    5.5   0.0   185   226   552   591   548   595 0.87 -
evm.utg750.54                         -            577 517525at33208        -            296   1.5e-17   65.2   0.2   1   1   3.8e-19   2.4e-17   64.6   0.2    21   232   189   397   175   424 0.81 -
evm.utg104.39.3.5c22e80c              -            833 517525at33208        -            296   1.5e-17   65.2   0.0   1   1   4.2e-19   2.5e-17   64.4   0.0   110   270     9   180     1   216 0.81 -
evm.utg48.29                          -           1420 517525at33208        -            296   1.5e-17   65.2   0.0   1   1   4.5e-19   2.8e-17   64.3   0.0    13   243   997  1232   988  1271 0.80 -
evm.utg1754.52                        -            613 517525at33208        -            296   1.6e-17   65.1   0.0   1   1   5.1e-19   3.2e-17   64.1   0.0    26   243   353   566   332   607 0.79 -
evm.utg3329.37                        -           4208 517525at33208        -            296   1.7e-17   65.1   0.1   1   1   6.8e-19   4.2e-17   63.8   0.1    13   232  3777  3997  3767  4014 0.84 -
evm.utg4880.22                        -            784 517525at33208        -            296   1.7e-17   65.1   0.1   1   1   7.2e-19   4.4e-17   63.7   0.0    25   231   523   725   502   776 0.80 -
evm.utg3329.37.1.5c22ef35             -           4237 517525at33208        -            296   1.7e-17   65.0   0.1   1   1   6.8e-19   4.2e-17   63.7   0.1    13   232  3806  4026  3796  4043 0.84 -
evm.utg234.148                        -            652 517525at33208        -            296   1.8e-17   64.9   0.0   1   1   5.2e-19   3.2e-17   64.1   0.0    25   231   391   593   373   644 0.80 -
evm.utg16094.19                       -            774 517525at33208        -            296   2.1e-17   64.7   0.0   1   1   6.2e-19   3.8e-17   63.9   0.0    26   228   366   566   349   573 0.84 -
evm.utg536.74                         -            172 517525at33208        -            296   2.2e-17   64.7   0.0   1   1   4.3e-19   2.6e-17   64.4   0.0    21   162     9   149     2   163 0.87 -
evm.utg1754.52.1.5c22ebec             -            785 517525at33208        -            296   2.2e-17   64.7   0.2   1   1   1.4e-18   8.7e-17   62.7   0.0    26   230   574   774   553   784 0.80 -
evm.utg78.28                          -           2682 517525at33208        -            296   2.8e-17   64.3   0.1   1   1   8.8e-19   5.4e-17   63.4   0.1    24   229  2254  2455  2231  2467 0.84 -
evm.utg77.70                          -            527 517525at33208        -            296   3.4e-17   64.0   0.0   1   1   7.9e-19   4.8e-17   63.5   0.0    30   243   266   472   258   506 0.81 -
evm.utg77.71                          -            508 517525at33208        -            296   5.1e-17   63.5   0.0   1   1   1.1e-18     7e-17   63.0   0.0    26   244   242   453   217   489 0.82 -
evm.utg16094.5                        -           1405 517525at33208        -            296   5.1e-17   63.5   0.0   1   1   1.6e-18     1e-16   62.5   0.0    26   228   997  1197   980  1204 0.85 -
evm.utg73.121.1.5c22f3c1.1.5c279777   -           1237 517525at33208        -            296   5.1e-17   63.4   0.1   1   1   2.5e-18   1.5e-16   61.9   0.0    29   229   588   787   578   801 0.85 -
evm.utg405.28                         -           1384 517525at33208        -            296   5.2e-17   63.4   0.4   1   1   2.2e-18   1.3e-16   62.1   0.0    13   228   964  1173   954  1178 0.83 -
evm.utg622.25                         -            372 517525at33208        -            296   5.8e-17   63.3   0.0   1   1   1.4e-18   8.5e-17   62.7   0.0    30   238    80   290    48   303 0.78 -
evm.utg219.29                         -            372 517525at33208        -            296   5.8e-17   63.3   0.0   1   1   1.4e-18   8.5e-17   62.7   0.0    30   238    80   290    48   303 0.78 -
evm.utg1919.102                       -            657 517525at33208        -            296   6.1e-17   63.2   0.2   1   1   1.9e-18   1.2e-16   62.3   0.0    28   199    19   200     7   224 0.82 -
evm.utg1919.102.1.5c22ec65            -            657 517525at33208        -            296   6.1e-17   63.2   0.2   1   1   1.9e-18   1.2e-16   62.3   0.0    28   199    19   200     7   224 0.82 -
evm.utg344.92                         -           1148 517525at33208        -            296   7.1e-17   63.0   0.2   1   1   5.2e-18   3.2e-16   60.8   0.1    30   229   736   934   714   941 0.82 -
evm.utg861.123.1.5c279834             -            653 517525at33208        -            296   7.6e-17   62.9   0.5   1   1   3.1e-18   1.9e-16   61.6   0.0    27   216    16   212     4   252 0.80 -
evm.utg77.72                          -            508 517525at33208        -            296   7.7e-17   62.9   0.0   1   1   1.8e-18   1.1e-16   62.4   0.0    28   243   246   453   225   488 0.84 -
evm.utg1463.4.1.5c22eae0              -            524 517525at33208        -            296   7.9e-17   62.8   0.0   1   1     2e-18   1.2e-16   62.2   0.0    27   231   194   391   181   437 0.86 -
evm.utg73.121.1.5c22f3c1              -           1762 517525at33208        -            296     8e-17   62.8   0.0   1   1   4.1e-18   2.5e-16   61.2   0.0    29   229  1113  1312  1103  1326 0.85 -
evm.utg320.150.3.5c22eefa             -           1000 517525at33208        -            296   8.8e-17   62.7   0.0   1   1   2.3e-18   1.4e-16   62.0   0.0    21   175   818   975   806   998 0.80 -
evm.utg73.121                         -           1933 517525at33208        -            296   8.9e-17   62.7   0.0   1   1   4.7e-18   2.9e-16   61.0   0.0    29   229  1284  1483  1274  1497 0.85 -
evm.utg1972.22                        -            676 517525at33208        -            296     1e-16   62.5   0.7   1   1   6.5e-18     4e-16   60.5   0.7    24   226   374   586   362   589 0.81 -
evm.utg378.174                        -           1056 517525at33208        -            296   1.1e-16   62.4   0.0   1   1   3.7e-18   2.3e-16   61.3   0.0    26   241   750   976   741   987 0.79 -
evm.utg1005.49                        -           1542 517525at33208        -            296   1.1e-16   62.3   0.1   1   1   3.7e-18   2.2e-16   61.3   0.1    14   223  1322  1528  1310  1535 0.82 -
evm.utg1463.4                         -            684 517525at33208        -            296   1.2e-16   62.3   0.0   1   1   3.5e-18   2.2e-16   61.4   0.0    27   231   194   391   181   437 0.86 -
evm.utg9194.3.1.5c22f507              -           1034 517525at33208        -            296   1.3e-16   62.2   3.1   1   2   9.8e-08     6e-06   27.1   0.7    40   230   155   353   120   411 0.78 -
evm.utg9194.3.1.5c22f507              -           1034 517525at33208        -            296   1.3e-16   62.2   3.1   2   2   3.7e-10   2.3e-08   35.1   0.1    65   230   485   644   465   658 0.77 -
evm.utg1005.44                        -            942 517525at33208        -            296   1.3e-16   62.2   0.0   1   1   4.3e-18   2.7e-16   61.1   0.0    28   223   513   704   490   718 0.85 -
evm.utg7289.29                        -            735 517525at33208        -            296   1.3e-16   62.1   0.0   1   1   4.2e-18   2.6e-16   61.1   0.0    27   231   194   391   182   437 0.86 -
evm.utg378.80                         -            772 517525at33208        -            296   1.4e-16   62.0   0.0   1   1   3.3e-18     2e-16   61.5   0.0    27   242   500   717   487   760 0.80 -
evm.utg861.123                        -            901 517525at33208        -            296   1.4e-16   62.0   0.4   1   1     5e-18   3.1e-16   60.9   0.0    27   216   313   509   297   549 0.80 -
evm.utg116.201                        -            588 517525at33208        -            296   1.5e-16   62.0   0.1   1   2     0.046       2.8    8.5   0.4    29   105   224   320   206   350 0.56 -
evm.utg116.201                        -            588 517525at33208        -            296   1.5e-16   62.0   0.1   2   2   2.6e-13   1.6e-11   45.4   0.0   129   244   392   506   384   544 0.80 -
evm.utg109.105                        -            944 517525at33208        -            296   1.5e-16   61.9   0.0   1   1   5.8e-18   3.5e-16   60.7   0.0    23   236   481   708   461   743 0.76 -
evm.utg9194.3.2.5c22f507              -           1158 517525at33208        -            296   1.6e-16   61.8   3.1   1   2   1.2e-07   7.3e-06   26.8   0.7    40   230   490   688   455   746 0.78 -
evm.utg9194.3.2.5c22f507              -           1158 517525at33208        -            296   1.6e-16   61.8   3.1   2   2   4.4e-10   2.7e-08   34.8   0.1    65   230   820   979   800   993 0.77 -
evm.utg4468.5                         -           1733 517525at33208        -            296   2.1e-16   61.5   0.0   1   1   5.9e-18   3.6e-16   60.7   0.0    25   228  1322  1524  1300  1585 0.82 -
evm.utg9194.3                         -           1369 517525at33208        -            296   2.9e-16   61.0   3.2   1   2   1.5e-07   9.3e-06   26.5   0.6    40   230   490   688   455   745 0.78 -
evm.utg9194.3                         -           1369 517525at33208        -            296   2.9e-16   61.0   3.2   2   2   5.7e-10   3.5e-08   34.4   0.1    66   230   821   979   801   993 0.77 -
evm.utg4607.2                         -            544 517525at33208        -            296   3.4e-16   60.8   0.0   1   1   9.7e-18     6e-16   60.0   0.0    27   230   285   478   276   528 0.84 -
evm.utg33938.14                       -            687 517525at33208        -            296     4e-16   60.5   0.2   1   1   1.4e-17   8.3e-16   59.5   0.1    16   248   126   355   114   373 0.82 -
evm.utg411.4                          -            638 517525at33208        -            296   4.6e-16   60.3   0.0   1   1   1.5e-17   9.5e-16   59.3   0.0    27   229   379   571   370   621 0.86 -
evm.utg109.103                        -            952 517525at33208        -            296   4.6e-16   60.3   0.0   1   1   1.6e-17   9.8e-16   59.2   0.0    26   272   561   828   554   848 0.75 -
evm.utg5950.7                         -            943 517525at33208        -            296   4.8e-16   60.3   0.1   1   1   2.4e-17   1.5e-15   58.7   0.1    13   228   543   764   536   776 0.80 -
evm.utg4455.87                        -           1265 517525at33208        -            296   4.8e-16   60.3   0.0   1   1   2.5e-17   1.5e-15   58.6   0.0    13   227   845  1053   835  1058 0.82 -
evm.utg48.29.2.5c22f15f.1.5c279585    -           1417 517525at33208        -            296   5.7e-16   60.0   0.0   1   1   1.8e-17   1.1e-15   59.0   0.0    14   229   994  1210   984  1277 0.80 -
evm.utg48.29.4.5c22f15f               -           1417 517525at33208        -            296   5.7e-16   60.0   0.0   1   1   1.8e-17   1.1e-15   59.0   0.0    14   229   994  1210   984  1277 0.80 -
evm.utg378.172                        -            537 517525at33208        -            296   6.3e-16   59.9   1.1   1   1   1.2e-16   7.5e-15   56.3   1.1    24   272   234   505   225   518 0.68 -
evm.utg51603.7                        -            334 517525at33208        -            296   6.3e-16   59.9   0.0   1   1   1.4e-17   8.5e-16   59.4   0.0    28   268     6   249     2   262 0.79 -
evm.utg9194.3.1.5c22f507.1.5c279883   -            942 517525at33208        -            296   6.3e-16   59.9   2.2   1   2   8.2e-07     5e-05   24.1   0.4    45   230    68   261    31   319 0.79 -
evm.utg9194.3.1.5c22f507.1.5c279883   -            942 517525at33208        -            296   6.3e-16   59.9   2.2   2   2   3.2e-10     2e-08   35.3   0.1    65   230   393   552   373   566 0.77 -
evm.utg861.65                         -            283 517525at33208        -            296   7.9e-16   59.5   0.0   1   1     4e-17   2.4e-15   58.0   0.0   100   227    12   149     2   215 0.74 -
evm.utg3470.3                         -           1411 517525at33208        -            296   8.4e-16   59.5   0.0   1   1   2.6e-17   1.6e-15   58.6   0.0    12   228   986  1203   976  1264 0.79 -
evm.utg2599.31                        -            534 517525at33208        -            296   8.7e-16   59.4   0.8   1   1   2.5e-17   1.5e-15   58.6   0.8    27   245   276   490   252   500 0.83 -
evm.utg1239.25                        -           1247 517525at33208        -            296   9.5e-16   59.3   0.1   1   2    0.0023      0.14   12.8   0.0    73   230   520   685   487   746 0.64 -
evm.utg1239.25                        -           1247 517525at33208        -            296   9.5e-16   59.3   0.1   2   2   6.9e-13   4.2e-11   44.0   0.0    50   221   801   967   790   974 0.80 -
evm.utg8768.7.1.5c22f4c5              -            819 517525at33208        -            296   1.1e-15   59.1   0.0   1   1   2.9e-17   1.8e-15   58.4   0.0    71   239    11   186     5   221 0.80 -
evm.utg377.1                          -           1033 517525at33208        -            296   1.2e-15   59.0   2.5   1   2   1.2e-06   7.3e-05   23.6   0.4    40   230   478   676   443   731 0.79 -
evm.utg377.1                          -           1033 517525at33208        -            296   1.2e-15   59.0   2.5   2   2     4e-10   2.4e-08   35.0   0.1    62   230   805   967   788   981 0.76 -
evm.utg2661.10                        -            463 517525at33208        -            296   1.2e-15   59.0   0.0   1   1   2.8e-17   1.7e-15   58.5   0.0    26   229    68   265    43   319 0.82 -
evm.utg364.7                          -           2512 517525at33208        -            296   1.2e-15   59.0   0.0   1   1   3.3e-17   2.1e-15   58.2   0.0    24   230  2103  2308  2082  2362 0.75 -
evm.utg3090.40                        -            471 517525at33208        -            296   1.3e-15   58.8   0.7   1   1   3.3e-17     2e-15   58.2   0.7    27   245   213   427   188   437 0.82 -
evm.utg4468.13                        -            461 517525at33208        -            296   1.5e-15   58.6   0.0   1   1   3.5e-17   2.2e-15   58.1   0.0    12   234    41   262    31   308 0.81 -
evm.utg51603.1.2                      -           2829 517525at33208        -            296   1.5e-15   58.6   0.0   1   1   4.8e-17     3e-15   57.7   0.0    13   229  2413  2623  2402  2636 0.83 -
evm.utg35.9                           -            697 517525at33208        -            296   1.5e-15   58.6   0.1   1   1   5.5e-17   3.4e-15   57.5   0.1    16   248   126   355   114   372 0.81 -
evm.utg736.78                         -           1310 517525at33208        -            296     2e-15   58.3   0.2   1   1     1e-16   6.3e-15   56.6   0.0    13   228   890  1099   880  1106 0.84 -
evm.utg4318.27                        -           2919 517525at33208        -            296   2.7e-15   57.8   0.1   1   1   7.8e-17   4.8e-15   57.0   0.1    13   232  2501  2717  2491  2741 0.84 -
evm.utg378.80.1.5c22efe8              -            738 517525at33208        -            296   2.9e-15   57.7   0.0   1   1   7.3e-17   4.5e-15   57.1   0.0    27   228   500   700   487   707 0.81 -
evm.utg77.116.1.5c22f407              -            435 517525at33208        -            296     3e-15   57.6   0.0   1   2   1.7e-15     1e-13   52.6   0.0   131   242     2   115     1   135 0.87 -
evm.utg77.116.1.5c22f407              -            435 517525at33208        -            296     3e-15   57.6   0.0   2   2       3.1   1.9e+02    2.5   0.0   251   281   161   191   154   200 0.88 -
evm.utg868.75                         -            634 517525at33208        -            296   4.4e-15   57.1   0.0   1   1   1.8e-16   1.1e-14   55.8   0.0   101   229     1   131     1   146 0.88 -
evm.utg55.36                          -            600 517525at33208        -            296   5.5e-15   56.8   0.0   1   1   5.2e-16   3.2e-14   54.3   0.0    28   236   270   496   263   507 0.74 -
evm.utg861.20                         -            412 517525at33208        -            296   6.1e-15   56.6   1.0   1   1   2.4e-16   1.5e-14   55.4   1.0    28   244   138   359   110   364 0.78 -
evm.utg48.29.1.5c22f15f               -           1416 517525at33208        -            296   6.4e-15   56.6   0.0   1   1   1.9e-16   1.2e-14   55.7   0.0    14   243   994  1228   984  1267 0.79 -
evm.utg48.29.2.5c22f15f               -           1416 517525at33208        -            296   7.1e-15   56.4   0.0   1   1   2.1e-16   1.3e-14   55.6   0.0    14   243   994  1228   984  1267 0.79 -
evm.utg1846.83                        -            872 517525at33208        -            296   7.2e-15   56.4   0.0   1   1     2e-16   1.2e-14   55.7   0.0    64   240    33   210    27   221 0.79 -
evm.utg1846.83.1.5c22ec31             -            899 517525at33208        -            296   7.6e-15   56.3   0.0   1   1   2.1e-16   1.3e-14   55.6   0.0    64   240    33   210    27   221 0.79 -
evm.utg12655.7.1.5c22e9a5.2.5c278f83  -            511 517525at33208        -            296   9.8e-15   56.0   1.4   1   1   1.5e-15   9.2e-14   52.8   1.4    11   235    75   281    66   293 0.82 -
evm.utg301.143.1.5c22eea4             -            460 517525at33208        -            296   1.1e-14   55.8   2.8   1   3   3.2e-14   1.9e-12   48.4   0.9    20   160   125   265   110   270 0.85 -
evm.utg301.143.1.5c22eea4             -            460 517525at33208        -            296   1.1e-14   55.8   2.8   2   3       2.2   1.4e+02    3.0   0.0   207   230   324   347   284   364 0.83 -
evm.utg301.143.1.5c22eea4             -            460 517525at33208        -            296   1.1e-14   55.8   2.8   3   3       3.5   2.1e+02    2.3   0.0   130   272   416   439   397   447 0.62 -
evm.utg3155.34                        -            193 517525at33208        -            296   1.1e-14   55.8   0.9   1   1   2.6e-16   1.6e-14   55.3   0.9    23   143    69   187    58   190 0.90 -
evm.utg6293.4                         -            475 517525at33208        -            296   1.2e-14   55.7   0.0   1   1   3.8e-16   2.3e-14   54.7   0.0    66   243   257   428   239   469 0.78 -
evm.utg78.76                          -           1273 517525at33208        -            296   1.2e-14   55.6   0.0   1   1   5.9e-16   3.6e-14   54.1   0.0    27   244   907  1136   901  1144 0.72 -
evm.utg4082.65                        -           1361 517525at33208        -            296   1.2e-14   55.6   0.1   1   1   9.6e-16   5.9e-14   53.4   0.1    49   245   905  1113   887  1150 0.73 -
evm.utg1056.81.1.5c22e83d.1.5c278ece  -            402 517525at33208        -            296   1.3e-14   55.6   0.4   1   1   3.6e-16   2.2e-14   54.8   0.4    22   270     3   263     1   277 0.79 -
evm.utg180.18                         -           1374 517525at33208        -            296   1.3e-14   55.5   0.0   1   1   4.2e-16   2.6e-14   54.6   0.0    26   231   966  1167   943  1185 0.82 -
evm.utg180.18.1.5c22ec0b              -           1374 517525at33208        -            296   1.3e-14   55.5   0.0   1   1   4.2e-16   2.6e-14   54.6   0.0    26   231   966  1167   943  1185 0.82 -
evm.utg180.18.2.5c22ec0b              -           1374 517525at33208        -            296   1.3e-14   55.5   0.0   1   1   4.2e-16   2.6e-14   54.6   0.0    26   231   966  1167   943  1185 0.82 -
evm.utg101.170                        -            701 517525at33208        -            296   1.4e-14   55.4   0.4   1   1   4.1e-16   2.5e-14   54.6   0.4    19   148    10   140     5   145 0.89 -
evm.utg2716.19                        -           1315 517525at33208        -            296   1.5e-14   55.3   0.0   1   1   7.4e-16   4.5e-14   53.8   0.0    26   244   749   979   744   991 0.73 -
evm.utg1056.81.2.5c22e83e             -            473 517525at33208        -            296   2.1e-14   54.9   0.4   1   1   5.8e-16   3.5e-14   54.1   0.4    22   270     3   263     1   277 0.79 -
evm.utg1919.16.1.5c22ec69             -            455 517525at33208        -            296   2.1e-14   54.9   0.0   1   1     6e-16   3.7e-14   54.1   0.0    30   227    16   229     9   281 0.76 -
evm.utg109.89                         -            672 517525at33208        -            296   2.2e-14   54.8   0.0   1   1   4.1e-14   2.5e-12   48.1   0.0    24   239   350   590   337   646 0.66 -
evm.utg245.59                         -            907 517525at33208        -            296   2.3e-14   54.8   0.0   1   1   9.4e-16   5.8e-14   53.4   0.0    23   245   627   858   618   894 0.74 -
evm.utg3164.30.1.5c22eee6             -           1167 517525at33208        -            296   2.4e-14   54.7   0.3   1   2   0.00026     0.016   15.9   0.0   106   271   558   736   489   745 0.64 -
evm.utg3164.30.1.5c22eee6             -           1167 517525at33208        -            296   2.4e-14   54.7   0.3   2   2   1.4e-10   8.6e-09   36.4   0.0    68   221   819   967   788   976 0.77 -
evm.utg7127.42                        -           1903 517525at33208        -            296   2.5e-14   54.7   0.0   1   1   8.5e-16   5.2e-14   53.6   0.0    26   236  1507  1711  1483  1762 0.74 -
evm.utg1056.81.1.5c22e83d             -            525 517525at33208        -            296   2.6e-14   54.6   0.4   1   1   7.6e-16   4.6e-14   53.7   0.4    22   270     3   263     1   277 0.79 -
evm.utg3164.30                        -           1210 517525at33208        -            296   2.7e-14   54.5   0.3   1   2   0.00027     0.017   15.8   0.0   106   271   558   736   489   745 0.64 -
evm.utg3164.30                        -           1210 517525at33208        -            296   2.7e-14   54.5   0.3   2   2   1.5e-10   9.1e-09   36.4   0.0    68   221   819   967   788   976 0.77 -
evm.utg378.171                        -            786 517525at33208        -            296   2.7e-14   54.5   0.2   1   1   4.6e-15   2.8e-13   51.2   0.2    27   271   480   754   473   760 0.71 -
evm.utg6078.64                        -           1169 517525at33208        -            296   2.8e-14   54.5   0.3   1   1   1.4e-15   8.5e-14   52.9   0.1    16   254    86   321    74   337 0.81 -
evm.utg2415.2                         -            943 517525at33208        -            296   2.9e-14   54.4   0.0   1   1   7.9e-16   4.9e-14   53.7   0.0    28   188   601   764   588   776 0.87 -
evm.utg1056.81                        -            565 517525at33208        -            296   3.1e-14   54.3   0.4   1   1   9.1e-16   5.6e-14   53.5   0.4    22   270     3   263     1   277 0.79 -
evm.utg2487.40                        -           2024 517525at33208        -            296   3.1e-14   54.3   0.0   1   1   2.4e-15   1.5e-13   52.1   0.0    49   243  1654  1862  1643  1911 0.72 -
evm.utg1005.52                        -           1807 517525at33208        -            296   3.2e-14   54.3   0.0   1   1   9.9e-16   6.1e-14   53.4   0.0    16   229  1389  1600  1375  1661 0.81 -
evm.utg13510.3                        -           1130 517525at33208        -            296   3.5e-14   54.2   0.0   1   1   1.5e-15   9.3e-14   52.8   0.0    47   245   566   767   546   816 0.82 -
evm.utg1919.16                        -            586 517525at33208        -            296   3.5e-14   54.1   0.0   1   1     1e-15   6.4e-14   53.3   0.0    30   227    16   229     7   281 0.76 -
evm.utg1919.102.1.5c22ec65.3.5c279155 -            640 517525at33208        -            296   3.7e-14   54.1   0.2   1   1   1.2e-15   7.1e-14   53.1   0.0    50   199    24   183    13   207 0.78 -
evm.utg2100.27                        -            974 517525at33208        -            296   4.3e-14   53.9   0.1   1   2       1.2        77    3.8   0.0    29    82   522   573   500   578 0.83 -
evm.utg2100.27                        -            974 517525at33208        -            296   4.3e-14   53.9   0.1   2   2   5.8e-14   3.5e-12   47.6   0.1   102   272   768   951   750   962 0.74 -
evm.utg19545.6                        -            253 517525at33208        -            296   4.3e-14   53.9   0.0   1   1   1.9e-15   1.1e-13   52.5   0.0   132   228    37   128    18   147 0.86 -
evm.utg4901.11                        -            394 517525at33208        -            296   4.3e-14   53.8   0.1   1   2       0.2        12    6.4   0.1    66   105    86   124    11   147 0.72 -
evm.utg4901.11                        -            394 517525at33208        -            296   4.3e-14   53.8   0.1   2   2   4.2e-13   2.6e-11   44.7   0.0   129   243   197   310   178   349 0.79 -
evm.utg389.63                         -            709 517525at33208        -            296   4.4e-14   53.8   0.0   1   1   1.3e-15   8.1e-14   52.9   0.0    28   272   446   699   440   705 0.74 -
evm.utg1542.1                         -            189 517525at33208        -            296   5.1e-14   53.6   0.0   1   1   1.3e-15   7.9e-14   53.0   0.0   190   276    10   106     4   112 0.86 -
evm.utg2353.13                        -           1109 517525at33208        -            296   5.1e-14   53.6   0.0   1   1   2.3e-15   1.4e-13   52.2   0.0    44   245   618   822   597   870 0.82 -
evm.utg777.36                         -            653 517525at33208        -            296   5.5e-14   53.5   0.0   1   1   2.1e-15   1.3e-13   52.3   0.0    55   177    29   166    17   191 0.81 -
evm.utg2246.47                        -           1204 517525at33208        -            296   5.6e-14   53.5   0.0   1   1   1.9e-15   1.1e-13   52.5   0.0    25   255   902  1140   896  1176 0.78 -
evm.utg496.28.2.5c22f185              -            808 517525at33208        -            296   6.6e-14   53.3   0.0   1   1   1.6e-15   9.6e-14   52.7   0.0   103   227     1   128     1   188 0.84 -
evm.utg225.34.1.5c22ed4c              -            723 517525at33208        -            296   9.3e-14   52.8   0.0   1   1   4.3e-15   2.6e-13   51.3   0.0    25   244   441   667   436   705 0.73 -
evm.utg225.34.2.5c22ed4c              -            619 517525at33208        -            296   9.3e-14   52.8   0.0   1   1   3.1e-15   1.9e-13   51.8   0.0    25   244   337   563   332   601 0.73 -
evm.utg762.8                          -            950 517525at33208        -            296   9.9e-14   52.7   3.6   1   1     1e-14   6.4e-13   50.0   3.6    12   273   658   937   648   945 0.73 -
evm.utg301.143                        -            461 517525at33208        -            296   1.1e-13   52.5   3.0   1   3   2.8e-13   1.7e-11   45.3   1.0    20   160   125   266   110   271 0.81 -
evm.utg301.143                        -            461 517525at33208        -            296   1.1e-13   52.5   3.0   2   3       2.2   1.4e+02    3.0   0.0   207   230   325   348   285   365 0.83 -
evm.utg301.143                        -            461 517525at33208        -            296   1.1e-13   52.5   3.0   3   3       3.5   2.2e+02    2.3   0.0   130   272   417   440   398   448 0.62 -
evm.utg9194.3.1.5c22f507.2.5c279883   -            794 517525at33208        -            296   1.1e-13   52.5   0.2   1   2   0.00065      0.04   14.6   0.0   133   230    14   113     8   171 0.81 -
evm.utg9194.3.1.5c22f507.2.5c279883   -            794 517525at33208        -            296   1.1e-13   52.5   0.2   2   2   2.4e-10   1.5e-08   35.7   0.1    65   230   245   404   225   419 0.77 -
evm.utg1683.42                        -           1088 517525at33208        -            296   1.1e-13   52.5   0.6   1   1   6.3e-15   3.9e-13   50.7   0.6    19   253   771  1024   765  1054 0.73 -
evm.utg791.41                         -           2063 517525at33208        -            296   1.1e-13   52.5   0.0   1   1     4e-15   2.4e-13   51.4   0.0    28   243  1663  1870  1643  1878 0.82 -
evm.utg1091.9                         -            641 517525at33208        -            296   1.3e-13   52.3   0.8   1   2   2.2e-13   1.4e-11   45.6   0.2    23   148     3   126     1   128 0.89 -
evm.utg1091.9                         -            641 517525at33208        -            296   1.3e-13   52.3   0.8   2   2      0.39        24    5.5   0.0   215   270   127   189   126   203 0.84 -
evm.utg2246.48                        -           1206 517525at33208        -            296   1.3e-13   52.3   0.0   1   1   6.2e-15   3.8e-13   50.7   0.0    26   247   912  1141   905  1154 0.76 -
evm.utg467.27                         -           1551 517525at33208        -            296   1.3e-13   52.2   0.0   1   2   1.2e-06   7.5e-05   23.5   0.0    48   241   281   489   235   509 0.65 -
evm.utg467.27                         -           1551 517525at33208        -            296   1.3e-13   52.2   0.0   2   2   1.8e-06   0.00011   23.0   0.0   129   244  1323  1437  1311  1453 0.86 -
evm.utg324.122.3.5c22ef1e             -            328 517525at33208        -            296   1.4e-13   52.2   0.0   1   1   4.1e-15   2.5e-13   51.4   0.0    28   174   173   311   163   316 0.91 -
evm.utg432.104                        -           2279 517525at33208        -            296   1.4e-13   52.2   0.0   1   1   5.8e-15   3.6e-13   50.8   0.0    26   280  1584  1848  1574  1851 0.80 -
evm.utg432.104.1.5c22f0e3             -           2302 517525at33208        -            296   1.4e-13   52.1   0.0   1   1   5.9e-15   3.6e-13   50.8   0.0    26   280  1607  1871  1597  1874 0.80 -
evm.utg57.16                          -           2285 517525at33208        -            296   2.1e-13   51.6   0.0   1   1     8e-15   4.9e-13   50.4   0.0    27   280  1591  1854  1581  1858 0.80 -
evm.utg750.47                         -            607 517525at33208        -            296   2.2e-13   51.5   0.3   1   2     4e-13   2.5e-11   44.8   0.3    22   161    82   229    75   242 0.81 -
evm.utg750.47                         -            607 517525at33208        -            296   2.2e-13   51.5   0.3   2   2       2.1   1.3e+02    3.1   0.0   207   230   479   502   437   533 0.82 -
evm.utg977.4                          -           1914 517525at33208        -            296   2.3e-13   51.5   0.0   1   2     3e-06   0.00019   22.2   0.0   126   230   796   899   649   913 0.70 -
evm.utg977.4                          -           1914 517525at33208        -            296   2.3e-13   51.5   0.0   2   2   2.1e-06   0.00013   22.7   0.0   129   244  1747  1861  1736  1869 0.86 -
evm.utg729.57                         -            908 517525at33208        -            296   2.3e-13   51.5   0.2   1   1     8e-14   4.9e-12   47.1   0.2    49   190   655   812   641   831 0.73 -
evm.utg9409.21                        -           1230 517525at33208        -            296   3.1e-13   51.0   0.0   1   1     1e-14   6.4e-13   50.0   0.0    22   243   929  1162   912  1195 0.78 -
evm.utg817.22                         -            373 517525at33208        -            296   3.2e-13   51.0   0.0   1   1     1e-14   6.3e-13   50.0   0.0    26   243    60   291    46   329 0.76 -
evm.utg301.143.2.5c22eea4             -            408 517525at33208        -            296   3.2e-13   51.0   1.0   1   2   2.2e-13   1.4e-11   45.6   1.0    20   160   125   266   110   271 0.81 -
evm.utg301.143.2.5c22eea4             -            408 517525at33208        -            296   3.2e-13   51.0   1.0   2   2       1.9   1.1e+02    3.2   0.0   207   230   325   348   285   366 0.83 -
evm.utg7839.14                        -            746 517525at33208        -            296   3.5e-13   50.9   0.0   1   1   1.1e-14   6.6e-13   50.0   0.0    28   274   483   738   478   742 0.73 -
evm.utg7127.47                        -           1695 517525at33208        -            296   3.5e-13   50.9   0.0   1   1   9.9e-15     6e-13   50.1   0.0    25   229  1297  1494  1274  1548 0.79 -
evm.utg3174.25                        -            411 517525at33208        -            296   3.5e-13   50.9   0.0   1   1   8.7e-15   5.3e-13   50.3   0.0    60   232    92   269    54   285 0.80 -
evm.utg109.90                         -           1030 517525at33208        -            296   3.9e-13   50.7   0.0   1   1   6.6e-14   4.1e-12   47.4   0.0    27   249   704   943   696   989 0.77 -
evm.utg20075.12                       -            114 517525at33208        -            296   5.3e-13   50.3   0.0   1   1     1e-14   6.2e-13   50.1   0.0   118   216    12   110     2   112 0.85 -
evm.utg4898.20                        -           1359 517525at33208        -            296   5.9e-13   50.1   1.5   1   2   0.00021     0.013   16.2   0.3    44   229   481   674   447   733 0.70 -
evm.utg4898.20                        -           1359 517525at33208        -            296   5.9e-13   50.1   1.5   2   2   2.7e-09   1.7e-07   32.2   0.1    66   227   808   963   790   979 0.77 -
evm.utg225.34                         -            743 517525at33208        -            296   6.2e-13   50.1   0.0   1   1     3e-14   1.8e-12   48.5   0.0    25   244   441   667   436   712 0.75 -
evm.utg234.47                         -            592 517525at33208        -            296   6.2e-13   50.0   0.2   1   1   1.5e-14   9.2e-13   49.5   0.2    69   221    13   160     2   167 0.82 -
evm.utg6422.10                        -            372 517525at33208        -            296   7.2e-13   49.8   0.0   1   1   2.3e-14   1.4e-12   48.9   0.0    25   242    58   289    40   324 0.78 -
evm.utg95.36                          -           1145 517525at33208        -            296   7.9e-13   49.7   0.0   1   1   2.3e-14   1.4e-12   48.9   0.0    26   242   757   981   737   995 0.78 -
evm.utg7042.21.1.5c22f36c             -           1231 517525at33208        -            296     8e-13   49.7   1.9   1   2   0.00086     0.053   14.2   0.3    50   175   359   490   319   605 0.74 -
evm.utg7042.21.1.5c22f36c             -           1231 517525at33208        -            296     8e-13   49.7   1.9   2   2   9.5e-10   5.8e-08   33.7   0.1    65   227   679   835   661   851 0.77 -
evm.utg7289.84                        -            729 517525at33208        -            296   8.5e-13   49.6   0.2   1   1   2.5e-14   1.5e-12   48.8   0.2    21   227   470   672   451   724 0.73 -
evm.utg2817.21.23                     -           1356 517525at33208        -            296   8.6e-13   49.6   0.0   1   1   3.1e-14   1.9e-12   48.5   0.0    22   243  1055  1288  1038  1312 0.77 -
evm.utg3013.10                        -            326 517525at33208        -            296   1.1e-12   49.2   0.0   1   1   2.7e-14   1.7e-12   48.6   0.0    51   175    58   184    33   240 0.75 -
evm.utg4082.63                        -           1318 517525at33208        -            296   1.1e-12   49.2   0.1   1   1   9.3e-14   5.7e-12   46.9   0.1    49   244   921  1128   898  1163 0.78 -
evm.utg7042.21                        -           1412 517525at33208        -            296   1.1e-12   49.2   1.7   1   2     0.001     0.064   13.9   0.3    50   175   540   671   500   786 0.74 -
evm.utg7042.21                        -           1412 517525at33208        -            296   1.1e-12   49.2   1.7   2   2   1.2e-09   7.2e-08   33.4   0.1    66   227   861  1016   843  1032 0.77 -
evm.utg3722.18                        -            324 517525at33208        -            296   1.4e-12   48.9   0.0   1   1   3.1e-14   1.9e-12   48.5   0.0    51   175    57   183    32   239 0.79 -
evm.utg2814.3                         -            709 517525at33208        -            296   1.6e-12   48.7   0.0   1   1   4.9e-14     3e-12   47.8   0.0    28   274   446   701   441   705 0.73 -
evm.utg7289.84.1.5c22f3a0             -            687 517525at33208        -            296   1.9e-12   48.5   0.1   1   1   5.6e-14   3.4e-12   47.6   0.1    21   220   470   666   451   674 0.76 -
evm.utg225.34.3.5c22ed4d              -            657 517525at33208        -            296     2e-12   48.4   0.0   1   1     1e-13   6.3e-12   46.7   0.0    25   223   441   645   436   654 0.73 -
evm.utg686.66.1.5c22f347              -            687 517525at33208        -            296   2.1e-12   48.3   0.0   1   1   6.5e-14     4e-12   47.4   0.0    23   244   409   638   403   647 0.73 -
evm.utg435.23                         -            857 517525at33208        -            296   2.1e-12   48.3   0.0   1   2       2.9   1.8e+02    2.6   0.0    30    91   556   614   549   620 0.79 -
evm.utg435.23                         -            857 517525at33208        -            296   2.1e-12   48.3   0.0   2   2   1.3e-12   7.7e-11   43.2   0.0   122   245   667   790   659   834 0.72 -
evm.utg686.66                         -            692 517525at33208        -            296   2.1e-12   48.3   0.0   1   1   6.6e-14   4.1e-12   47.4   0.0    23   244   414   643   408   652 0.73 -
evm.utg116.114                        -            144 517525at33208        -            296   2.2e-12   48.2   0.1   1   1   4.2e-14   2.6e-12   48.0   0.1    20   109    40   126    23   134 0.90 -
evm.utg2487.41                        -           1798 517525at33208        -            296   2.5e-12   48.1   0.0   1   1   1.7e-13     1e-11   46.1   0.0    65   233  1367  1551  1327  1601 0.77 -
evm.utg167433.1                       -            733 517525at33208        -            296   2.8e-12   47.9   0.0   1   1   8.3e-14   5.1e-12   47.0   0.0    50   274   490   725   467   729 0.70 -
evm.utg4082.64                        -            812 517525at33208        -            296     3e-12   47.8   0.0   1   1   4.5e-13   2.8e-11   44.6   0.1    68   228   465   639   421   657 0.76 -
evm.utg4972.44                        -            580 517525at33208        -            296   3.5e-12   47.6   0.1   1   1   4.3e-13   2.7e-11   44.7   0.0    90   272    19   222    11   234 0.80 -
evm.utg1051.100                       -           2256 517525at33208        -            296   3.6e-12   47.5   0.1   1   1   4.5e-13   2.7e-11   44.7   0.0   127   229  1485  1586  1468  1599 0.85 -
evm.utg13510.1                        -            704 517525at33208        -            296   3.7e-12   47.5   0.0   1   1   1.1e-13   6.7e-12   46.7   0.0    53   232   131   312   118   338 0.82 -
evm.utg2129.16                        -           2376 517525at33208        -            296   4.3e-12   47.3   0.1   1   1   4.8e-13   2.9e-11   44.6   0.0   127   229  1485  1586  1465  1599 0.86 -
evm.utg4972.44.1.5c22f18b             -            580 517525at33208        -            296     5e-12   47.1   0.1   1   1   4.3e-13   2.7e-11   44.7   0.0    90   272    19   222    11   234 0.80 -
evm.utg13496.3                        -            687 517525at33208        -            296   6.6e-12   46.7   0.0   1   2       1.8   1.1e+02    3.3   0.0    27    90   438   498   430   505 0.82 -
evm.utg13496.3                        -            687 517525at33208        -            296   6.6e-12   46.7   0.0   2   2   6.3e-12   3.9e-10   40.9   0.0   128   244   559   674   543   680 0.79 -
evm.utg2353.15.2.5c22ed74             -           1027 517525at33208        -            296   6.8e-12   46.6   0.0   1   1   2.2e-13   1.4e-11   45.7   0.0    53   232   593   774   580   789 0.82 -
evm.utg7289.84.2.5c22f3a0             -            655 517525at33208        -            296     8e-12   46.4   0.1   1   1   2.5e-13   1.5e-11   45.5   0.1    21   176   470   625   451   647 0.74 -
evm.utg2353.15                        -           1166 517525at33208        -            296   8.5e-12   46.3   0.0   1   1   2.7e-13   1.6e-11   45.4   0.0    53   232   593   774   580   789 0.81 -
evm.utg2353.15.1.5c22ed73             -           1166 517525at33208        -            296   8.5e-12   46.3   0.0   1   1   2.7e-13   1.6e-11   45.4   0.0    53   232   593   774   580   789 0.81 -
evm.utg2353.15.1.5c22ed73.1.5c27923c  -           1166 517525at33208        -            296   8.5e-12   46.3   0.0   1   1   2.7e-13   1.6e-11   45.4   0.0    53   232   593   774   580   789 0.81 -
evm.utg4665.26                        -            569 517525at33208        -            296   8.7e-12   46.3   0.0   1   1   3.3e-13     2e-11   45.1   0.0    19   195   215   388   202   391 0.81 -
evm.utg23189.10                       -           1910 517525at33208        -            296   9.2e-12   46.2   1.0   1   1   3.9e-13   2.4e-11   44.8   1.0    12   229  1616  1835  1606  1899 0.71 -
evm.utg1970.23                        -            574 517525at33208        -            296   9.3e-12   46.2   0.0   1   2   5.1e-07   3.1e-05   24.8   0.0    67   172   119   221    82   243 0.76 -
evm.utg1970.23                        -            574 517525at33208        -            296   9.3e-12   46.2   0.0   2   2   0.00016    0.0099   16.6   0.0   187   228   351   391   340   421 0.85 -
evm.utg225.3                          -            310 517525at33208        -            296   9.4e-12   46.2   0.0   1   1   2.3e-13   1.4e-11   45.6   0.0    23   160   122   260   114   270 0.86 -
evm.utg5059.36                        -           1017 517525at33208        -            296   9.5e-12   46.2   0.0   1   1   9.7e-13   5.9e-11   43.5   0.0    66   228   721   898   672   904 0.67 -
evm.utg5059.36.1.5c22f1ab             -           1017 517525at33208        -            296   9.5e-12   46.2   0.0   1   1   9.7e-13   5.9e-11   43.5   0.0    66   228   721   898   672   904 0.67 -
evm.utg4082.62                        -           1333 517525at33208        -            296     1e-11   46.0   0.0   1   1   7.1e-13   4.3e-11   44.0   0.0   115   245  1005  1134   908  1188 0.72 -
evm.utg3753.49                        -           1538 517525at33208        -            296     1e-11   46.0   0.0   1   1     4e-13   2.4e-11   44.8   0.0    22   243  1235  1467  1229  1506 0.73 -
evm.utg1765.24                        -            685 517525at33208        -            296   1.1e-11   46.0   0.0   1   1   2.9e-13   1.8e-11   45.2   0.0    13   225   419   624   409   664 0.83 -
evm.utg1890.18                        -            575 517525at33208        -            296   1.1e-11   45.9   0.0   1   2   6.3e-07   3.8e-05   24.5   0.0    67   172   119   221    82   231 0.76 -
evm.utg1890.18                        -            575 517525at33208        -            296   1.1e-11   45.9   0.0   2   2   0.00016    0.0096   16.6   0.0   187   228   352   392   340   423 0.85 -
evm.utg386.8                          -            816 517525at33208        -            296   1.1e-11   45.9   0.0   1   1   4.9e-13     3e-11   44.5   0.0    22   230   188   411   168   433 0.70 -
evm.utg4901.10                        -           1055 517525at33208        -            296   1.3e-11   45.7   0.5   1   2      0.45        28    5.2   0.2    42   106   723   784   707   807 0.72 -
evm.utg4901.10                        -           1055 517525at33208        -            296   1.3e-11   45.7   0.5   2   2   6.3e-11   3.9e-09   37.6   0.0   129   228   859   957   843   978 0.82 -
evm.utg4901.10.2.5c22f17d             -           1055 517525at33208        -            296   1.3e-11   45.7   0.5   1   2      0.45        28    5.2   0.2    42   106   723   784   707   807 0.72 -
evm.utg4901.10.2.5c22f17d             -           1055 517525at33208        -            296   1.3e-11   45.7   0.5   2   2   6.3e-11   3.9e-09   37.6   0.0   129   228   859   957   843   978 0.82 -
evm.utg1846.63                        -            345 517525at33208        -            296   1.3e-11   45.7   0.0   1   2   0.00033      0.02   15.5   0.1    18   116    81   178    69   182 0.74 -
evm.utg1846.63                        -            345 517525at33208        -            296   1.3e-11   45.7   0.0   2   2     5e-08   3.1e-06   28.1   0.0   207   272   250   318   216   329 0.82 -
evm.utg597.48                         -           1538 517525at33208        -            296   1.4e-11   45.6   0.0   1   1   5.5e-13   3.4e-11   44.4   0.0    22   243  1235  1467  1226  1486 0.73 -
evm.utg597.48.1.5c22f2a5              -           1538 517525at33208        -            296   1.4e-11   45.6   0.0   1   1   5.5e-13   3.4e-11   44.4   0.0    22   243  1235  1467  1226  1486 0.73 -
evm.utg3235.8.2.5c22ef06              -            285 517525at33208        -            296   1.4e-11   45.6   0.5   1   1   3.1e-13   1.9e-11   45.2   0.5    29   174   120   263   102   276 0.85 -
evm.utg4607.16                        -            689 517525at33208        -            296   1.4e-11   45.6  13.0   1   3      0.31        19    5.8   1.0    22    80     4    61     1    69 0.79 -
evm.utg4607.16                        -            689 517525at33208        -            296   1.4e-11   45.6  13.0   2   3   3.1e-06   0.00019   22.2   0.3   122   164    77   119    65   120 0.88 -
evm.utg4607.16                        -            689 517525at33208        -            296   1.4e-11   45.6  13.0   3   3   1.2e-07   7.6e-06   26.8   0.0   207   277   118   195   116   209 0.87 -
evm.utg750.47.2.5c22f3e1              -            466 517525at33208        -            296   1.5e-11   45.5   0.4   1   1   2.5e-13   1.5e-11   45.5   0.4    22   161    82   229    75   243 0.81 -
evm.utg750.47.1.5c22f3e0              -            526 517525at33208        -            296   1.9e-11   45.2   0.3   1   2   3.1e-13   1.9e-11   45.2   0.3    22   161    82   229    75   242 0.81 -
evm.utg750.47.1.5c22f3e0              -            526 517525at33208        -            296   1.9e-11   45.2   0.3   2   2       2.1   1.3e+02    3.1   0.0   207   230   479   502   437   506 0.77 -
evm.utg498.194                        -           1216 517525at33208        -            296     2e-11   45.1   0.0   1   1   6.4e-13   3.9e-11   44.1   0.0    51   170   629   745   619   817 0.82 -
evm.utg364.5                          -            152 517525at33208        -            296     2e-11   45.1   0.2   1   1     4e-13   2.4e-11   44.8   0.2    19   157    12   144     3   148 0.83 -
evm.utg126.65                         -            667 517525at33208        -            296     2e-11   45.1   0.0   1   1     6e-13   3.7e-11   44.2   0.0    24   227   422   618   400   659 0.81 -
evm.utg8768.7.2.5c22f4c5              -            788 517525at33208        -            296   2.1e-11   45.1   0.0   1   1   5.7e-13   3.5e-11   44.3   0.0   110   239    27   155    10   190 0.82 -
evm.utg5885.26                        -           1208 517525at33208        -            296   2.1e-11   45.0   0.4   1   2         8   4.9e+02    1.1   0.0    68   123   657   715   642   748 0.77 -
evm.utg5885.26                        -           1208 517525at33208        -            296   2.1e-11   45.0   0.4   2   2   6.3e-12   3.9e-10   40.9   0.0   125   257  1016  1152   996  1177 0.73 -
evm.utg36649.3                        -            472 517525at33208        -            296   2.2e-11   44.9   0.0   1   1   9.2e-13   5.6e-11   43.6   0.0    69   230   213   363   163   422 0.79 -
evm.utg109.89.1.5c22e894              -            517 517525at33208        -            296   2.3e-11   44.9   0.0   1   1   5.4e-11   3.3e-09   37.8   0.0    24   175   324   498   311   510 0.70 -
evm.utg1277.28                        -            805 517525at33208        -            296   2.3e-11   44.9   0.1   1   1     1e-12   6.4e-11   43.4   0.1    23   244   518   748   504   766 0.77 -
evm.utg1109.16                        -           1444 517525at33208        -            296   2.4e-11   44.8   0.1   1   1   1.6e-12   9.7e-11   42.9   0.0    29   234  1134  1347  1113  1432 0.78 -
evm.utg293.8.2.5c22ee67               -            782 517525at33208        -            296   2.6e-11   44.7   0.0   1   1   8.5e-13   5.2e-11   43.7   0.0    28   240   432   641   419   692 0.79 -
evm.utg1910.3                         -            432 517525at33208        -            296   2.7e-11   44.7   0.1   1   2   1.4e-11   8.4e-10   39.8   0.0    83   232    84   238    18   254 0.73 -
evm.utg1910.3                         -            432 517525at33208        -            296   2.7e-11   44.7   0.1   2   2       3.2   1.9e+02    2.5   0.0   249   283   284   318   274   325 0.86 -
evm.utg293.8.1.5c22ee67               -            801 517525at33208        -            296   2.9e-11   44.6   0.0   1   1   9.1e-13   5.6e-11   43.6   0.0    28   240   531   740   518   788 0.79 -
evm.utg293.8.5.5c22ee67               -            864 517525at33208        -            296   3.1e-11   44.5   0.0   1   1     1e-12   6.4e-11   43.4   0.0    28   240   514   723   501   773 0.80 -
evm.utg2100.7                         -            884 517525at33208        -            296   3.1e-11   44.5   5.3   1   2   5.5e-12   3.4e-10   41.1   0.3    23   148     3   126     1   128 0.89 -
evm.utg2100.7                         -            884 517525at33208        -            296   3.1e-11   44.5   5.3   2   2      0.25        16    6.1   0.0   214   270   126   189   123   203 0.84 -
evm.utg293.8                          -            881 517525at33208        -            296   3.2e-11   44.4   0.0   1   1   1.1e-12   6.6e-11   43.4   0.0    28   240   531   740   518   790 0.80 -
evm.utg17460.1                        -            260 517525at33208        -            296   3.6e-11   44.3   0.1   1   1   1.2e-12   7.4e-11   43.2   0.1   128   242    90   203    71   211 0.79 -
evm.utg36717.11                       -           1398 517525at33208        -            296     4e-11   44.1   0.0   1   1   1.3e-12   7.7e-11   43.2   0.0    29   234  1088  1301  1067  1386 0.78 -
evm.utg7549.28                        -           1055 517525at33208        -            296   4.1e-11   44.1   0.3   1   2       1.2        71    3.9   0.0    48   105   729   783   699   806 0.72 -
evm.utg7549.28                        -           1055 517525at33208        -            296   4.1e-11   44.1   0.3   2   2   6.4e-11   3.9e-09   37.6   0.0   129   228   859   957   844   978 0.82 -
evm.utg2757.27                        -            873 517525at33208        -            296   5.1e-11   43.8   0.0   1   1   1.4e-12   8.6e-11   43.0   0.0    69   230   622   793   583   854 0.78 -
evm.utg293.8.3.5c22ee67               -            742 517525at33208        -            296   6.2e-11   43.5   0.0   1   1     2e-12   1.2e-10   42.5   0.0    28   223   531   722   518   739 0.80 -
evm.utg40335.2                        -            787 517525at33208        -            296   6.8e-11   43.4   0.0   1   1   2.5e-12   1.6e-10   42.2   0.0    28   273   417   680   409   692 0.70 -
utg300.equina_smart_1406579.mrna1     -            278 517525at33208        -            296   7.3e-11   43.3   0.0   1   1   1.7e-12   1.1e-10   42.7   0.0   132   254   101   222    85   250 0.80 -
evm.utg861.19                         -           1038 517525at33208        -            296   7.6e-11   43.2   0.1   1   1   2.2e-12   1.4e-10   42.4   0.1    58   230   212   388   186   392 0.76 -
evm.utg19866.13                       -            395 517525at33208        -            296   7.7e-11   43.2   0.1   1   2   3.1e-11   1.9e-09   38.6   0.0    48   231    43   241    14   257 0.66 -
evm.utg19866.13                       -            395 517525at33208        -            296   7.7e-11   43.2   0.1   2   2       9.6   5.9e+02    0.9   0.0   248   282   287   321   277   325 0.85 -
evm.utg911.15                         -            373 517525at33208        -            296   8.5e-11   43.0   0.7   1   1   8.4e-10   5.2e-08   33.9   0.7    50   247    51   291    29   330 0.65 -
evm.utg4576.37                        -            152 517525at33208        -            296   9.1e-11   42.9   2.2   1   1   1.8e-12   1.1e-10   42.6   2.2    19   163     6   149     2   150 0.84 -
evm.utg436.1                          -           1127 517525at33208        -            296   9.7e-11   42.8   0.1   1   2      0.41        25    5.4   0.0    26    91   604   673   594   717 0.72 -
evm.utg436.1                          -           1127 517525at33208        -            296   9.7e-11   42.8   0.1   2   2   6.8e-10   4.2e-08   34.2   0.1   128   232   846   945   838   965 0.85 -
evm.utg7549.28.1.5c22f3eb             -            955 517525at33208        -            296     1e-10   42.8   0.4   1   2         1        61    4.1   0.0    48   105   729   783   698   806 0.72 -
evm.utg7549.28.1.5c22f3eb             -            955 517525at33208        -            296     1e-10   42.8   0.4   2   2   1.7e-10     1e-08   36.2   0.0   129   223   859   951   844   953 0.83 -
evm.utg4468.8                         -            335 517525at33208        -            296     1e-10   42.7   0.0   1   1   3.1e-12   1.9e-10   41.9   0.0   117   228    11   127     2   188 0.79 -
evm.utg55.43                          -           1031 517525at33208        -            296   1.2e-10   42.6   0.0   1   1   4.3e-12   2.6e-10   41.4   0.0    32   243   616   834   596   843 0.73 -
utg225.equina_smart_1620266.mrna1     -            698 517525at33208        -            296   1.2e-10   42.6   0.1   1   1   5.1e-12   3.1e-10   41.2   0.0    24   244   395   622   378   667 0.77 -
evm.utg276.10                         -           1009 517525at33208        -            296   1.2e-10   42.6   0.0   1   1   6.6e-12   4.1e-10   40.8   0.0   117   231   787   901   674   952 0.76 -
evm.utg544.8                          -            537 517525at33208        -            296   1.4e-10   42.3   0.0   1   1   3.4e-12   2.1e-10   41.8   0.0    50   230   236   426   218   455 0.79 -
evm.utg544.8.1.5c22f202               -            549 517525at33208        -            296   1.5e-10   42.3   0.0   1   1   3.6e-12   2.2e-10   41.7   0.0    50   230   248   438   230   467 0.79 -
evm.utg356.22                         -            959 517525at33208        -            296   1.5e-10   42.2   0.2   1   1   7.7e-12   4.7e-10   40.6   0.0    55   228   444   612   417   634 0.80 -
evm.utg5059.35                        -           1022 517525at33208        -            296   1.7e-10   42.1   0.0   1   1     1e-11   6.4e-10   40.2   0.0   116   233   792   909   679   977 0.69 -
evm.utg14287.37                       -            658 517525at33208        -            296     2e-10   41.8   0.0   1   2       3.5   2.2e+02    2.3   0.0    30    88   366   421   356   426 0.79 -
evm.utg14287.37                       -            658 517525at33208        -            296     2e-10   41.8   0.0   2   2     1e-10   6.2e-09   36.9   0.0   127   243   471   586   453   613 0.82 -
evm.utg35.9.1.5c22ef75                -            571 517525at33208        -            296     2e-10   41.8   0.2   1   1   8.2e-12     5e-10   40.5   0.1    37   248    21   229    17   246 0.79 -
evm.utg3093.12                        -            513 517525at33208        -            296   2.5e-10   41.5   0.0   1   1   7.7e-12   4.7e-10   40.6   0.0    20   218   216   420   202   428 0.73 -
evm.utg715.67                         -            460 517525at33208        -            296   3.1e-10   41.2   0.0   1   2   0.00034     0.021   15.5   0.0    45   108   224   283   193   301 0.69 -
evm.utg715.67                         -            460 517525at33208        -            296   3.1e-10   41.2   0.0   2   2   1.6e-06   9.6e-05   23.2   0.0   131   173   407   449   394   456 0.91 -
evm.utg1272.55                        -            347 517525at33208        -            296   3.1e-10   41.2   0.2   1   1   1.1e-11   6.6e-10   40.1   0.2    20   174    15   166     3   256 0.85 -
evm.utg27988.2                        -            961 517525at33208        -            296   3.2e-10   41.2   0.0   1   1     2e-11   1.2e-09   39.2   0.0   117   230   739   852   626   902 0.75 -
evm.utg3876.19.1.5c22f025             -           1181 517525at33208        -            296   3.5e-10   41.0   0.0   1   1   1.3e-11   7.7e-10   39.9   0.0    69   273   855  1074   807  1086 0.73 -
evm.utg1031.21                        -           1079 517525at33208        -            296   4.3e-10   40.7   0.0   1   2    0.0022      0.13   12.9   0.0    23   109   438   519   428   522 0.76 -
evm.utg1031.21                        -           1079 517525at33208        -            296   4.3e-10   40.7   0.0   2   2   2.7e-07   1.7e-05   25.7   0.0   142   276   522   661   520   668 0.79 -
evm.utg5059.34                        -            217 517525at33208        -            296   4.7e-10   40.6   0.0   1   1   9.7e-12   5.9e-10   40.3   0.0   138   232     2    96     1   165 0.79 -
evm.utg34.14                          -            824 517525at33208        -            296   5.4e-10   40.4   0.0   1   1   1.5e-11   9.5e-10   39.6   0.0    25   272   583   816   572   822 0.81 -
evm.utg6092.17                        -            193 517525at33208        -            296   6.3e-10   40.2   0.2   1   1   1.4e-11   8.4e-10   39.8   0.2    70   225     6   168     2   175 0.77 -
evm.utg334.45                         -            281 517525at33208        -            296     7e-10   40.0   0.1   1   1   1.8e-11   1.1e-09   39.4   0.1   132   245   136   248   128   259 0.91 -
evm.utg8931.2                         -           2437 517525at33208        -            296   7.1e-10   40.0   0.0   1   1   2.1e-11   1.3e-09   39.1   0.0    67   230  1756  1927  1737  1995 0.81 -
evm.utg6078.62                        -            858 517525at33208        -            296   7.6e-10   39.9   0.0   1   1   8.1e-11     5e-09   37.2   0.0    26   257   564   806   559   821 0.71 -
evm.utg126.129.1.5c22e9a0             -           2687 517525at33208        -            296   8.3e-10   39.8   0.0   1   1   2.4e-11   1.5e-09   39.0   0.0    67   230  2006  2177  1987  2245 0.81 -
evm.utg126.129                        -           2705 517525at33208        -            296   8.3e-10   39.8   0.0   1   1   2.4e-11   1.5e-09   38.9   0.0    67   230  2024  2195  2005  2263 0.81 -
evm.utg1052.30                        -            791 517525at33208        -            296   8.6e-10   39.7   0.0   1   1   2.8e-11   1.7e-09   38.7   0.0    25   270   550   781   542   789 0.81 -
evm.utg22414.2                        -           1060 517525at33208        -            296   1.1e-09   39.4   0.1   1   1   5.9e-09   3.6e-07   31.1   0.1   110   244   824   957   703   997 0.66 -
evm.utg22414.3                        -           1189 517525at33208        -            296   1.1e-09   39.4   0.1   1   2      0.16        10    6.7   0.0    29    88   733   793   716   800 0.80 -
evm.utg22414.3                        -           1189 517525at33208        -            296   1.1e-09   39.4   0.1   2   2   2.3e-08   1.4e-06   29.2   0.0   132   244   869   980   849  1021 0.81 -
evm.utg888.5                          -           1221 517525at33208        -            296   1.3e-09   39.2   0.0   1   2       1.6        95    3.5   0.0    65   105   806   845   770   860 0.75 -
evm.utg888.5                          -           1221 517525at33208        -            296   1.3e-09   39.2   0.0   2   2   2.1e-09   1.3e-07   32.6   0.0   129   244   962  1075   954  1120 0.79 -
evm.utg693.104                        -            998 517525at33208        -            296   1.6e-09   38.9   0.0   1   1   7.6e-11   4.7e-09   37.3   0.0   131   225   821   907   801   925 0.89 -
evm.utg420.61                         -            923 517525at33208        -            296   1.7e-09   38.8   0.0   1   2         2   1.3e+02    3.1   0.0    30    93   619   679   607   684 0.79 -
evm.utg420.61                         -            923 517525at33208        -            296   1.7e-09   38.8   0.0   2   2   1.6e-09   9.5e-08   33.0   0.0   127   242   736   850   720   876 0.81 -
evm.utg420.61.1.5c22f0af              -            865 517525at33208        -            296   1.7e-09   38.7   0.0   1   2       1.9   1.2e+02    3.2   0.0    30    93   619   679   607   684 0.79 -
evm.utg420.61.1.5c22f0af              -            865 517525at33208        -            296   1.7e-09   38.7   0.0   2   2   1.8e-09   1.1e-07   32.9   0.0   127   241   736   849   720   856 0.80 -
evm.utg432.84                         -            839 517525at33208        -            296   1.8e-09   38.7   0.1   1   1     5e-09   3.1e-07   31.4   0.1   117   244   610   736   477   780 0.66 -
evm.utg693.34                         -            967 517525at33208        -            296   1.8e-09   38.7   0.3   1   1   7.5e-11   4.6e-09   37.3   0.0    61   228   463   625   442   648 0.83 -
evm.utg243.32                         -            671 517525at33208        -            296   1.9e-09   38.6   0.0   1   1   8.1e-11     5e-09   37.2   0.0   131   225   494   580   474   592 0.88 -
evm.utg1052.29                        -            828 517525at33208        -            296   2.6e-09   38.2   0.0   1   1   6.5e-11     4e-09   37.5   0.0    26   272   589   821   580   827 0.80 -
evm.utg4464.6                         -            630 517525at33208        -            296   2.6e-09   38.1   0.2   1   1   7.5e-11   4.6e-09   37.3   0.2    28   287    14   285     4   293 0.80 -
evm.utg1290.20                        -            621 517525at33208        -            296   2.7e-09   38.1   0.0   1   2      0.16        10    6.7   0.0    24    86   170   231   157   239 0.84 -
evm.utg1290.20                        -            621 517525at33208        -            296   2.7e-09   38.1   0.0   2   2   8.2e-08     5e-06   27.4   0.0   100   172   388   477   383   486 0.70 -
evm.utg579.112.3.5c22f251             -            851 517525at33208        -            296   2.7e-09   38.1   0.0   1   2       3.7   2.3e+02    2.2   0.0    30    89   556   619   548   635 0.73 -
evm.utg579.112.3.5c22f251             -            851 517525at33208        -            296   2.7e-09   38.1   0.0   2   2   1.5e-09   9.3e-08   33.1   0.0   131   239   675   784   659   825 0.75 -
evm.utg579.112                        -            851 517525at33208        -            296   2.7e-09   38.1   0.0   1   2       3.7   2.3e+02    2.2   0.0    30    89   556   619   548   635 0.73 -
evm.utg579.112                        -            851 517525at33208        -            296   2.7e-09   38.1   0.0   2   2   1.5e-09   9.3e-08   33.1   0.0   131   239   675   784   659   825 0.75 -
evm.utg579.112.2.5c22f251             -            851 517525at33208        -            296   2.7e-09   38.1   0.0   1   2       3.7   2.3e+02    2.2   0.0    30    89   556   619   548   635 0.73 -
evm.utg579.112.2.5c22f251             -            851 517525at33208        -            296   2.7e-09   38.1   0.0   2   2   1.5e-09   9.3e-08   33.1   0.0   131   239   675   784   659   825 0.75 -
evm.utg579.112.1.5c22f251             -            852 517525at33208        -            296   2.7e-09   38.1   0.0   1   2       3.7   2.3e+02    2.2   0.0    30    89   556   619   548   635 0.73 -
evm.utg579.112.1.5c22f251             -            852 517525at33208        -            296   2.7e-09   38.1   0.0   2   2   1.5e-09   9.3e-08   33.1   0.0   131   239   675   784   659   825 0.75 -
evm.utg2353.7                         -            443 517525at33208        -            296   2.8e-09   38.1   0.1   1   1   1.4e-10   8.8e-09   36.4   0.1    22   174     7   156     2   259 0.73 -
evm.utg13510.5                        -            443 517525at33208        -            296   2.8e-09   38.1   0.1   1   1   1.4e-10   8.8e-09   36.4   0.1    22   174     7   156     2   259 0.73 -
evm.utg2818.37                        -            341 517525at33208        -            296   2.8e-09   38.1   0.4   1   1   9.5e-11   5.8e-09   37.0   0.3    20   174    14   165     5   259 0.85 -
evm.utg1694.45                        -            538 517525at33208        -            296   2.8e-09   38.0   0.4   1   1   8.2e-11     5e-09   37.2   0.0    25   271   297   529   288   535 0.80 -
evm.utg8820.8                         -            159 517525at33208        -            296     3e-09   38.0   0.0   1   1   5.6e-11   3.5e-09   37.7   0.0   133   245     4   115     1   127 0.92 -
evm.utg116.106                        -           1241 517525at33208        -            296     4e-09   37.6   0.0   1   1   1.5e-10   9.4e-09   36.3   0.0    29   232   976  1182   969  1234 0.80 -
evm.utg3906.4.4.5c22f038.1.5c27948d   -            582 517525at33208        -            296   4.1e-09   37.5   0.2   1   1   3.5e-10   2.1e-08   35.2   0.2    30   243   148   378   138   420 0.60 -
evm.utg1031.37.1.5c22e7ea             -            446 517525at33208        -            296   4.2e-09   37.5   0.0   1   2   1.5e-08   9.2e-07   29.8   0.0    30   172    30   176    21   204 0.69 -
evm.utg1031.37.1.5c22e7ea             -            446 517525at33208        -            296   4.2e-09   37.5   0.0   2   2      0.43        26    5.3   0.0   209   231   224   246   217   304 0.85 -
evm.utg1031.37                        -            479 517525at33208        -            296   5.2e-09   37.2   0.0   1   2   1.7e-08   1.1e-06   29.6   0.0    30   172    30   176    21   204 0.69 -
evm.utg1031.37                        -            479 517525at33208        -            296   5.2e-09   37.2   0.0   2   2      0.47        29    5.2   0.0   209   231   224   246   217   304 0.85 -
evm.utg17372.6.1.5c22ebd8             -            852 517525at33208        -            296   5.2e-09   37.2   0.0   1   2       1.5        93    3.5   0.0    26    89   482   546   470   575 0.79 -
evm.utg17372.6.1.5c22ebd8             -            852 517525at33208        -            296   5.2e-09   37.2   0.0   2   2   5.8e-09   3.6e-07   31.1   0.0   119   243   596   720   580   728 0.80 -
evm.utg3906.4.2.5c22f038              -            653 517525at33208        -            296   5.3e-09   37.1   0.2   1   1   4.7e-10   2.9e-08   34.7   0.2    30   242   331   560   324   603 0.60 -
evm.utg17372.6.3.5c22ebd8             -            905 517525at33208        -            296   5.8e-09   37.0   0.0   1   2       1.6     1e+02    3.4   0.0    26    89   535   599   523   628 0.79 -
evm.utg17372.6.3.5c22ebd8             -            905 517525at33208        -            296   5.8e-09   37.0   0.0   2   2   6.4e-09   3.9e-07   31.0   0.0   119   243   649   773   633   781 0.80 -
evm.utg8820.14                        -            781 517525at33208        -            296   5.8e-09   37.0   0.3   1   1   4.2e-10   2.6e-08   34.9   0.3    30   271   326   591   319   598 0.62 -
evm.utg40512.12                       -            256 517525at33208        -            296   6.4e-09   36.9   0.0   1   1   2.3e-10   1.4e-08   35.8   0.0   125   231    80   186     8   207 0.70 -
evm.utg1290.20.1.5c22ea0d             -            575 517525at33208        -            296   6.4e-09   36.9   0.0   1   2      0.15       9.1    6.8   0.0    24    86   170   231   157   239 0.84 -
evm.utg1290.20.1.5c22ea0d             -            575 517525at33208        -            296   6.4e-09   36.9   0.0   2   2   7.3e-08   4.5e-06   27.5   0.0   100   172   388   477   383   486 0.70 -
evm.utg479.144                        -            455 517525at33208        -            296   6.9e-09   36.8   0.0   1   1   1.9e-10   1.2e-08   36.0   0.0    99   173   113   192    33   208 0.78 -
evm.utg479.144.1.5c22f160             -            457 517525at33208        -            296   7.1e-09   36.7   0.0   1   1   1.9e-10   1.2e-08   36.0   0.0    99   173   113   192    33   208 0.78 -
evm.utg3906.4.4.5c22f038              -            706 517525at33208        -            296   7.2e-09   36.7   0.3   1   1   5.7e-10   3.5e-08   34.4   0.3    30   242   272   501   264   544 0.60 -
evm.utg17372.6                        -            960 517525at33208        -            296   7.3e-09   36.7   0.0   1   2       1.8   1.1e+02    3.3   0.0    26    89   590   654   578   683 0.79 -
evm.utg17372.6                        -            960 517525at33208        -            296   7.3e-09   36.7   0.0   2   2   6.9e-09   4.3e-07   30.9   0.0   119   243   704   828   688   836 0.80 -
evm.utg17372.6.2.5c22ebd8             -            960 517525at33208        -            296   7.3e-09   36.7   0.0   1   2       1.8   1.1e+02    3.3   0.0    26    89   590   654   578   683 0.79 -
evm.utg17372.6.2.5c22ebd8             -            960 517525at33208        -            296   7.3e-09   36.7   0.0   2   2   6.9e-09   4.3e-07   30.9   0.0   119   243   704   828   688   836 0.80 -
evm.utg4587.1                         -            964 517525at33208        -            296   7.9e-09   36.6   0.0   1   2       9.1   5.6e+02    1.0   0.0    30    89   669   732   662   748 0.71 -
evm.utg4587.1                         -            964 517525at33208        -            296   7.9e-09   36.6   0.0   2   2   1.7e-09     1e-07   32.9   0.0   131   274   788   936   772   946 0.68 -
evm.utg1052.31.1.5c22e823             -            639 517525at33208        -            296   8.1e-09   36.5   0.0   1   1   2.5e-10   1.5e-08   35.6   0.0    25   272   387   622   371   634 0.83 -
evm.utg3906.4                         -            765 517525at33208        -            296   8.2e-09   36.5   0.2   1   1   6.1e-10   3.8e-08   34.4   0.2    30   242   331   560   322   603 0.60 -
evm.utg432.87                         -           1258 517525at33208        -            296   8.7e-09   36.4   0.0   1   2      0.23        14    6.2   0.0    29    88   837   897   820   916 0.82 -
evm.utg432.87                         -           1258 517525at33208        -            296   8.7e-09   36.4   0.0   2   2   6.2e-08   3.8e-06   27.8   0.0   132   244   973  1084   953  1125 0.81 -
evm.utg28910.11                       -            169 517525at33208        -            296     9e-09   36.4   0.0   1   1   1.9e-10   1.2e-08   36.0   0.0   131   275    11   162     4   167 0.79 -
evm.utg300.39                         -            951 517525at33208        -            296   9.2e-09   36.4   1.1   1   2     2e-08   1.2e-06   29.4   0.0    25   172   676   832   666   837 0.79 -
evm.utg300.39                         -            951 517525at33208        -            296   9.2e-09   36.4   1.1   2   2         2   1.2e+02    3.2   0.0   212   270   846   912   837   922 0.71 -
evm.utg300.39.1.5c22ee86              -            951 517525at33208        -            296   9.2e-09   36.4   1.1   1   2     2e-08   1.2e-06   29.4   0.0    25   172   676   832   666   837 0.79 -
evm.utg300.39.1.5c22ee86              -            951 517525at33208        -            296   9.2e-09   36.4   1.1   2   2         2   1.2e+02    3.2   0.0   212   270   846   912   837   922 0.71 -
evm.utg441.43                         -           1603 517525at33208        -            296   1.1e-08   36.1   0.6   1   1   1.4e-08   8.4e-07   29.9   0.6    31   246    38   290    10   315 0.66 -
evm.utg293.8.4.5c22ee67               -            703 517525at33208        -            296   1.3e-08   35.9   0.0   1   1     4e-10   2.5e-08   35.0   0.0    28   178   531   681   518   690 0.84 -
evm.utg3906.4.1.5c22f038              -            672 517525at33208        -            296   1.5e-08   35.6   0.3   1   1   1.1e-09   6.9e-08   33.5   0.3    30   176   331   495   318   579 0.68 -
evm.utg8494.25                        -           1082 517525at33208        -            296   1.6e-08   35.6   0.1   1   1   5.8e-10   3.6e-08   34.4   0.1    23   255    15   245     6   265 0.76 -
evm.utg245.71.3.5c22edb2              -           1007 517525at33208        -            296   1.6e-08   35.6   0.0   1   1   6.6e-10     4e-08   34.3   0.0   131   243   845   957   712   985 0.80 -
evm.utg395.19                         -            218 517525at33208        -            296   1.7e-08   35.5   0.0   1   1   3.2e-10     2e-08   35.3   0.0    80   228     3   158     1   212 0.69 -
evm.utg245.71.2.5c22edb2              -           1106 517525at33208        -            296   1.8e-08   35.4   0.0   1   1   7.6e-10   4.6e-08   34.1   0.0   131   243   944  1056   811  1084 0.80 -
evm.utg2600.36                        -            169 517525at33208        -            296   1.9e-08   35.3   0.0   1   1   3.8e-10   2.4e-08   35.0   0.0   131   274    11   161     4   167 0.77 -
evm.utg1205.73                        -            495 517525at33208        -            296     2e-08   35.2   0.6   1   1     1e-09   6.2e-08   33.6   0.3   117   179   355   418   317   432 0.74 -
evm.utg245.71                         -           1198 517525at33208        -            296   2.1e-08   35.2   0.0   1   1   8.5e-10   5.2e-08   33.9   0.0   131   243  1036  1148   903  1176 0.80 -
evm.utg245.71.1.5c22edb2              -           1198 517525at33208        -            296   2.1e-08   35.2   0.0   1   1   8.5e-10   5.2e-08   33.9   0.0   131   243  1036  1148   903  1176 0.80 -
evm.utg245.71.3.5c22edb2.1.5c279273   -           1182 517525at33208        -            296   2.1e-08   35.2   0.0   1   1   8.3e-10   5.1e-08   33.9   0.0   131   243  1020  1132   887  1160 0.80 -
evm.utg3906.4.3.5c22f038              -            569 517525at33208        -            296   2.2e-08   35.1   0.1   1   1   1.5e-09   9.5e-08   33.0   0.1    30   174   331   493   312   501 0.70 -
evm.utg7289.84.3.5c22f3a0             -            613 517525at33208        -            296   2.3e-08   35.1   1.0   1   1   7.4e-10   4.5e-08   34.1   1.0    21   151   470   594   451   600 0.80 -
evm.utg580.80                         -            538 517525at33208        -            296   3.3e-08   34.5   0.1   1   1   2.9e-08   1.8e-06   28.8   0.1   130   246    19   163     7   191 0.70 -
evm.utg777.31                         -            128 517525at33208        -            296   3.6e-08   34.4   0.0   1   1   7.4e-10   4.5e-08   34.1   0.0    29   144     7   124     4   126 0.81 -
evm.utg1205.73.1.5c22e939             -            437 517525at33208        -            296   4.3e-08   34.1   0.2   1   1   9.8e-10     6e-08   33.7   0.2   100   176   333   415   316   431 0.72 -
evm.utg542.86                         -            603 517525at33208        -            296   5.4e-08   33.8   1.4   1   1   1.7e-09     1e-07   32.9   1.4    28   233   358   577   347   595 0.72 -
evm.utg225.40                         -            866 517525at33208        -            296   5.8e-08   33.7   0.0   1   1   1.6e-09   9.8e-08   33.0   0.0    30   227   630   818   621   862 0.80 -
evm.utg7127.45                        -            680 517525at33208        -            296   6.5e-08   33.6   1.1   1   1   2.2e-09   1.3e-07   32.6   1.1    26   160   265   400   246   418 0.69 -
evm.utg2483.45                        -            421 517525at33208        -            296   1.1e-07   32.8   0.0   1   1   3.1e-09   1.9e-07   32.1   0.0    70   229   218   375   194   401 0.78 -
evm.utg262.26                         -            462 517525at33208        -            296   1.8e-07   32.1   0.0   1   1   4.5e-09   2.7e-07   31.5   0.0    66   235   206   377   167   386 0.82 -
evm.utg5059.36.2.5c22f1ac             -            881 517525at33208        -            296   2.1e-07   31.9   0.0   1   1   1.9e-08   1.1e-06   29.5   0.0    66   175   721   845   675   857 0.65 -
evm.utg34666.6                        -            442 517525at33208        -            296   2.2e-07   31.8   0.0   1   2      0.86        53    4.3   0.0    29    91   249   308   242   319 0.81 -
evm.utg34666.6                        -            442 517525at33208        -            296   2.2e-07   31.8   0.0   2   2   3.8e-07   2.3e-05   25.2   0.0   122   176   361   416   352   432 0.77 -
utg597.equina_smart_920486.mrna1      -            616 517525at33208        -            296   2.4e-07   31.7   0.1   1   1   6.9e-09   4.2e-07   30.9   0.1    28   278    14   278     4   294 0.71 -
evm.utg2129.62.1.5c22ed09             -            641 517525at33208        -            296   2.7e-07   31.5   0.1   1   1   1.1e-08   6.8e-07   30.2   0.1    65   289   392   629   336   636 0.79 -
utg22414.equina_smart_1475193.mrna1   -            550 517525at33208        -            296   3.1e-07   31.3   0.0   1   1   8.4e-09   5.1e-07   30.6   0.0   132   268    20   162    10   172 0.80 -
evm.utg19866.5                        -            551 517525at33208        -            296   3.6e-07   31.1   0.0   1   1   1.5e-08   9.3e-07   29.8   0.0    96   231   282   427   279   470 0.78 -
evm.utg467.26                         -            984 517525at33208        -            296   3.9e-07   31.0   0.0   1   1   3.5e-08   2.1e-06   28.6   0.0   121   231   810   919   691   933 0.68 -
evm.utg1819.40                        -            391 517525at33208        -            296   4.6e-07   30.8   0.1   1   1   7.6e-09   4.6e-07   30.8   0.1    28   223   154   352   138   370 0.70 -
evm.utg79441.3                        -            562 517525at33208        -            296     5e-07   30.7   0.0   1   2      0.95        58    4.2   0.0    27    90   268   328   260   335 0.82 -
evm.utg79441.3                        -            562 517525at33208        -            296     5e-07   30.7   0.0   2   2   8.3e-07   5.1e-05   24.1   0.0   128   175   389   436   373   452 0.79 -
evm.utg338.48                         -            485 517525at33208        -            296   5.3e-07   30.6   0.1   1   1   1.3e-08   8.2e-07   30.0   0.1    46   235   212   399   182   407 0.79 -
evm.utg4898.19                        -           1450 517525at33208        -            296   5.6e-07   30.5   2.9   1   2   6.6e-07     4e-05   24.4   0.1    65   230   471   646   454   664 0.77 -
evm.utg4898.19                        -           1450 517525at33208        -            296   5.6e-07   30.5   2.9   2   2      0.43        26    5.3   0.6    67   171   744   845   722   905 0.69 -
evm.utg13496.3.1.5c22ea45             -            633 517525at33208        -            296   7.3e-07   30.1   0.0   1   2       1.6     1e+02    3.4   0.0    27    90   438   498   430   505 0.82 -
evm.utg13496.3.1.5c22ea45             -            633 517525at33208        -            296   7.3e-07   30.1   0.0   2   2   7.4e-07   4.5e-05   24.2   0.0   128   176   559   607   543   623 0.78 -
evm.utg432.85                         -           1024 517525at33208        -            296   9.6e-07   29.7   0.0   1   1   8.1e-08     5e-06   27.4   0.0   132   270   734   878   720   888 0.79 -
evm.utg15839.2                        -           1041 517525at33208        -            296     1e-06   29.6   0.2   1   1   3.9e-08   2.4e-06   28.4   0.2    65   167   538   640   512   648 0.87 -
evm.utg736.24                         -           1105 517525at33208        -            296   1.1e-06   29.6   0.0   1   1   3.2e-08     2e-06   28.7   0.0    37   228   571   763   546   776 0.81 -
evm.utg4695.28                        -            439 517525at33208        -            296   1.1e-06   29.5   0.5   1   1   3.6e-08   2.2e-06   28.6   0.5    30   202   207   381   191   417 0.72 -
evm.utg1609.38                        -            815 517525at33208        -            296   1.2e-06   29.4   0.1   1   1   6.1e-08   3.7e-06   27.8   0.1    15   227    46   263    35   279 0.67 -
evm.utg40724.6                        -            275 517525at33208        -            296   1.2e-06   29.4   0.4   1   1   2.9e-08   1.8e-06   28.9   0.4    26   169   111   260    96   267 0.75 -
evm.utg1278.11                        -           1826 517525at33208        -            296   1.5e-06   29.1   0.0   1   1   8.2e-07     5e-05   24.1   0.0    35   242  1463  1680  1445  1719 0.69 -
evm.utg34691.9                        -            192 517525at33208        -            296   1.6e-06   29.0   0.1   1   1   3.5e-08   2.1e-06   28.6   0.1   128   181    21    75     3   124 0.70 -
evm.utg225.38                         -            560 517525at33208        -            296   1.9e-06   28.8   0.0   1   1   9.9e-08   6.1e-06   27.1   0.0    33   272   326   552   312   558 0.75 -
evm.utg483.15                         -            514 517525at33208        -            296   2.1e-06   28.6   0.1   1   1   5.1e-08   3.1e-06   28.1   0.1    26   222   209   414   198   422 0.76 -
evm.utg7042.20                        -           1284 517525at33208        -            296   2.4e-06   28.4   3.8   1   2     4e-07   2.5e-05   25.1   0.1    65   230   223   398   206   448 0.79 -
evm.utg7042.20                        -           1284 517525at33208        -            296   2.4e-06   28.4   3.8   2   2       1.1        66    4.0   0.1    74   167   503   593   485   610 0.67 -
evm.utg2073.23                        -            616 517525at33208        -            296   2.8e-06   28.2   0.4   1   1   1.1e-06     7e-05   23.6   0.4    30   243   354   556   344   561 0.74 -
evm.utg2129.62                        -            655 517525at33208        -            296   2.8e-06   28.2   0.1   1   1   1.2e-07   7.3e-06   26.8   0.1    65   246   392   578   336   621 0.76 -
evm.utg6821.4                         -            369 517525at33208        -            296     3e-06   28.1   0.0   1   1   3.4e-06   0.00021   22.1   0.0   131   246    28   171    17   199 0.71 -
evm.utg791.62                         -           1107 517525at33208        -            296   4.9e-06   27.4   0.1   1   1   1.9e-07   1.2e-05   26.1   0.1    58   229   743   905   722   924 0.82 -
evm.utg1277.48                        -            216 517525at33208        -            296   7.6e-06   26.8   0.0   1   1   1.6e-07   9.7e-06   26.4   0.0   117   241    41   166    28   204 0.79 -
evm.utg464.173                        -            595 517525at33208        -            296   7.9e-06   26.7   0.2   1   1   2.1e-07   1.3e-05   26.0   0.2    30   201   363   536   339   586 0.72 -
evm.utg7549.30                        -            120 517525at33208        -            296   9.5e-06   26.5   0.0   1   1   1.9e-07   1.2e-05   26.1   0.0   138   174    48    84    39    94 0.92 -
evm.utg126.64                         -           2090 517525at33208        -            296     1e-05   26.4   0.0   1   1   3.3e-07   2.1e-05   25.4   0.0    28   268  1676  1902  1665  1911 0.71 -
evm.utg666.27                         -           1256 517525at33208        -            296   1.1e-05   26.2   1.1   1   1   3.7e-07   2.3e-05   25.2   1.1    13   150  1117  1248  1106  1253 0.83 -
evm.utg113.15                         -            874 517525at33208        -            296   1.7e-05   25.7   0.1   1   1     6e-07   3.7e-05   24.5   0.1    60   221   252   426   214   435 0.60 -
evm.utg7549.9                         -           1306 517525at33208        -            296   1.7e-05   25.7   0.0   1   1   2.3e-06   0.00014   22.6   0.0    30   173  1085  1244  1068  1257 0.76 -
evm.utg2356.27                        -            338 517525at33208        -            296   1.8e-05   25.5   1.8   1   1   7.1e-07   4.4e-05   24.3   1.8    29   223    93   300    87   334 0.68 -
evm.utg2526.27                        -            169 517525at33208        -            296   2.1e-05   25.3   0.1   1   1   4.4e-07   2.7e-05   25.0   0.1    66   167    42   142    32   161 0.69 -
evm.utg3365.39.1.5c22ef40             -            469 517525at33208        -            296   3.1e-05   24.8   0.0   1   1     1e-06   6.2e-05   23.8   0.0    28   222   137   346   125   351 0.71 -
evm.utg17809.15                       -           1229 517525at33208        -            296   3.4e-05   24.6   0.0   1   1   1.2e-06   7.2e-05   23.6   0.0   207   273     8    80     3    88 0.86 -
evm.utg2690.20                        -            671 517525at33208        -            296   3.6e-05   24.6   0.0   1   1   1.1e-06   6.5e-05   23.7   0.0    69   178   119   243   109   257 0.74 -
evm.utg167.1                          -           1451 517525at33208        -            296   3.7e-05   24.5   0.0   1   1   1.1e-06   6.6e-05   23.7   0.0   129   265  1200  1355  1164  1362 0.73 -
evm.utg3164.66.1.5c22eee7             -           1447 517525at33208        -            296     4e-05   24.4   0.0   1   1   1.2e-06   7.3e-05   23.6   0.0   130   265  1197  1351  1167  1358 0.75 -
evm.utg3164.66                        -           1482 517525at33208        -            296   4.1e-05   24.4   0.0   1   1   1.2e-06   7.5e-05   23.5   0.0   130   265  1232  1386  1202  1393 0.75 -
evm.utg3365.39                        -            551 517525at33208        -            296   4.7e-05   24.2   0.0   1   1   1.5e-06     9e-05   23.3   0.0    28   222   219   428   207   433 0.71 -
evm.utg301.80                         -           1028 517525at33208        -            296   4.7e-05   24.2   0.0   1   1   8.9e-06   0.00055   20.7   0.0   129   240   818   928   806   935 0.82 -
evm.utg2417.19.2.5c22ed96             -            370 517525at33208        -            296   4.8e-05   24.2   0.0   1   1   1.3e-06   8.1e-05   23.4   0.0   167   229    12    76     8    87 0.84 -
evm.utg977.3                          -           1052 517525at33208        -            296     5e-05   24.1   0.0   1   1   3.9e-06   0.00024   21.9   0.0   125   242   837   953   813   964 0.83 -
evm.utg7938.2                         -            836 517525at33208        -            296   5.1e-05   24.1   0.4   1   1   7.5e-06   0.00046   20.9   0.2    65   231   471   649   453   699 0.74 -
evm.utg729.39                         -            505 517525at33208        -            296   5.8e-05   23.9   0.1   1   1   1.6e-06   9.9e-05   23.1   0.1    92   161   138   207   106   232 0.84 -
evm.utg729.39.3.5c22f3ab              -            505 517525at33208        -            296   5.8e-05   23.9   0.1   1   1   1.6e-06   9.9e-05   23.1   0.1    92   161   138   207   106   232 0.84 -
utg9194.equina_smart_622647.mrna1     -             88 517525at33208        -            296   6.1e-05   23.8   1.6   1   1   1.1e-06   6.5e-05   23.7   1.6    75   161     1    85     1    87 0.75 -
evm.utg172.142                        -            892 517525at33208        -            296   6.2e-05   23.8   0.0   1   1   3.1e-06   0.00019   22.2   0.0   117   239   717   840   704   875 0.80 -
evm.utg55.77                          -            961 517525at33208        -            296   6.2e-05   23.8   0.0   1   1   2.8e-06   0.00017   22.3   0.0    13   224   686   887   675   897 0.60 -
evm.utg324.191                        -            427 517525at33208        -            296   6.8e-05   23.6   0.0   1   1   1.6e-06    0.0001   23.1   0.0    26   223   125   332   113   345 0.70 -
evm.utg216.7                          -            955 517525at33208        -            296   9.4e-05   23.2   0.2   1   1   3.6e-06   0.00022   22.0   0.0    55   170   548   663   528   670 0.86 -
evm.utg729.39.1.5c22f3ab              -            505 517525at33208        -            296   9.5e-05   23.2   0.1   1   1   2.6e-06   0.00016   22.4   0.1    92   161   138   207   106   232 0.84 -
evm.utg729.39.2.5c22f3ab              -            505 517525at33208        -            296   9.5e-05   23.2   0.1   1   1   2.6e-06   0.00016   22.4   0.1    92   161   138   207   106   232 0.84 -
utg607.equina_smart_450085.mrna1      -            120 517525at33208        -            296    0.0001   23.1   0.0   1   1   1.9e-06   0.00012   22.9   0.0   118   172    47   101    26   107 0.86 -
evm.utg3022.14                        -            859 517525at33208        -            296   0.00013   22.8   0.0   1   1   6.1e-06   0.00037   21.2   0.0    30   160   313   440   307   454 0.76 -
evm.utg51603.12                       -            934 517525at33208        -            296   0.00014   22.6   1.3   1   1   1.2e-05   0.00071   20.3   1.3    57   169   521   633   485   692 0.78 -
evm.utg7564.5                         -            367 517525at33208        -            296   0.00016   22.4   0.0   1   1   3.9e-06   0.00024   21.9   0.0   128   230    29   127    14   144 0.86 -
evm.utg2269.4                         -            573 517525at33208        -            296   0.00017   22.3   0.5   1   2    0.0027      0.17   12.5   0.1    26   107   353   424   329   433 0.78 -
evm.utg2269.4                         -            573 517525at33208        -            296   0.00017   22.3   0.5   2   2     0.076       4.6    7.8   0.0   160   245   444   529   441   539 0.91 -
evm.utg225.38.1.5c22ed4d              -            540 517525at33208        -            296   0.00017   22.3   0.0   1   1     5e-06   0.00031   21.5   0.0    33   179   326   474   312   499 0.80 -
evm.utg2969.4                         -            952 517525at33208        -            296   0.00018   22.3   0.0   1   1   5.5e-06   0.00034   21.4   0.0    64   174   287   409   263   424 0.78 -
evm.utg4613.64                        -            153 517525at33208        -            296    0.0002   22.2   0.0   1   1   3.9e-06   0.00024   21.9   0.0   163   246    42   134    35   149 0.71 -
evm.utg544.32.1.5c22f204              -            442 517525at33208        -            296    0.0002   22.1   0.0   1   1   6.5e-06    0.0004   21.1   0.0    24   222   139   346   130   351 0.67 -
evm.utg1271.110                       -            335 517525at33208        -            296   0.00023   21.9   0.0   1   1   3.8e-06   0.00023   21.9   0.0    58   171   131   251   104   265 0.77 -
evm.utg42119.2                        -            178 517525at33208        -            296   0.00024   21.9   0.1   1   1   7.1e-06   0.00043   21.0   0.1    64   157    65   166    46   171 0.79 -
evm.utg11411.7                        -           2161 517525at33208        -            296   0.00027   21.7   0.0   1   1   8.9e-06   0.00055   20.7   0.0    64   174   287   409   264   423 0.78 -
evm.utg544.32.3.5c22f204              -            503 517525at33208        -            296   0.00028   21.7   0.0   1   1   8.7e-06   0.00053   20.7   0.0    24   222   200   407   191   413 0.67 -
evm.utg544.32                         -            516 517525at33208        -            296    0.0003   21.6   0.0   1   1   9.2e-06   0.00056   20.6   0.0    24   222   213   420   204   426 0.67 -
evm.utg379.69                         -            865 517525at33208        -            296    0.0003   21.6   0.1   1   2   0.00016    0.0098   16.6   0.0    57   146   394   484   381   494 0.84 -
evm.utg379.69                         -            865 517525at33208        -            296    0.0003   21.6   0.1   2   2       4.4   2.7e+02    2.0   0.0   209   230   523   544   502   618 0.76 -
evm.utg1918.12                        -            472 517525at33208        -            296   0.00031   21.5   0.0   1   1   9.5e-06   0.00058   20.6   0.0    24   222   213   420   204   427 0.65 -
evm.utg2426.4                         -            454 517525at33208        -            296   0.00031   21.5   0.0   1   1   7.8e-06   0.00048   20.9   0.0    28   222   127   331   114   345 0.68 -
evm.utg888.7                          -            533 517525at33208        -            296   0.00033   21.4   0.1   1   3      0.11       6.8    7.2   0.1    51   107   148   201   142   218 0.78 -
evm.utg888.7                          -            533 517525at33208        -            296   0.00033   21.4   0.1   2   3      0.58        36    4.9   0.0   129   156   325   352   311   357 0.89 -
evm.utg888.7                          -            533 517525at33208        -            296   0.00033   21.4   0.1   3   3      0.87        54    4.3   0.0   209   243   376   411   367   455 0.75 -
evm.utg2415.1                         -            750 517525at33208        -            296   0.00036   21.3   0.0   1   1     1e-05   0.00061   20.5   0.0    29   109   633   713   620   723 0.81 -
evm.utg5246.19                        -            402 517525at33208        -            296   0.00037   21.2   0.0   1   1     1e-05   0.00064   20.5   0.0    29   161   166   294   157   320 0.73 -
evm.utg225.3.1.5c22ed4c               -            261 517525at33208        -            296   0.00039   21.2   0.0   1   1   9.2e-06   0.00057   20.6   0.0    23   135   122   235   114   243 0.82 -
evm.utg3201.17                        -            610 517525at33208        -            296   0.00044   21.0   0.0   1   1   1.6e-05   0.00099   19.8   0.0   117   239   435   558   422   596 0.80 -
evm.utg4464.8                         -            265 517525at33208        -            296   0.00048   20.9   0.0   1   1   1.1e-05   0.00067   20.4   0.0    28   178    14   175     2   228 0.66 -
evm.utg2606.35                        -           1033 517525at33208        -            296   0.00052   20.8   0.0   1   1   1.3e-05   0.00082   20.1   0.0    63   246   206   390   193   436 0.76 -
evm.utg1465.67                        -            107 517525at33208        -            296   0.00054   20.7   0.0   1   1     1e-05   0.00063   20.5   0.0   134   175    27    72    21    88 0.83 -
evm.utg762.6                          -           1184 517525at33208        -            296   0.00058   20.6   0.1   1   1   7.3e-05    0.0045   17.7   0.1    76   162   851   932   837  1005 0.86 -
evm.utg1056.26                        -            562 517525at33208        -            296   0.00074   20.3   0.0   1   1   2.7e-05    0.0016   19.1   0.0   132   218   319   418   214   425 0.70 -
evm.utg1056.26.1.5c22e857             -            562 517525at33208        -            296   0.00074   20.3   0.0   1   1   2.7e-05    0.0016   19.1   0.0   132   218   319   418   214   425 0.70 -
evm.utg10.45                          -           1031 517525at33208        -            296   0.00084   20.1   0.0   1   1   2.5e-05    0.0015   19.2   0.0    80   179   560   659   509   723 0.83 -
evm.utg18294.4                        -            562 517525at33208        -            296   0.00084   20.1   0.0   1   1   2.8e-05    0.0017   19.1   0.0   133   218   320   418   214   429 0.72 -
evm.utg1381.36                        -            397 517525at33208        -            296     0.001   19.8   1.0   1   1   2.6e-05    0.0016   19.1   0.0    29   161   161   289   152   313 0.74 -
evm.utg464.50                         -            397 517525at33208        -            296    0.0012   19.6   1.4   1   1   2.3e-05    0.0014   19.3   0.0    29   161   161   289   152   311 0.74 -
evm.utg4879.32                        -            397 517525at33208        -            296    0.0012   19.6   1.3   1   1   2.6e-05    0.0016   19.1   0.0    29   161   161   289   152   313 0.74 -
evm.utg5294.16                        -            219 517525at33208        -            296    0.0012   19.6   0.0   1   1   2.6e-05    0.0016   19.2   0.0    28   172    13   157     7   173 0.66 -
evm.utg7564.4                         -            836 517525at33208        -            296    0.0012   19.5   0.2   1   1   5.1e-05    0.0031   18.2   0.2    46   228   537   727   502   740 0.73 -
evm.utg693.104.1.5c22f34f             -            856 517525at33208        -            296    0.0017   19.1   0.0   1   1   8.7e-05    0.0053   17.4   0.0   131   159   821   849   801   853 0.89 -
evm.utg4604.26                        -           1013 517525at33208        -            296    0.0018   19.0   0.0   1   1   5.3e-05    0.0033   18.1   0.0   155   239   135   228   109   261 0.75 -
evm.utg868.76                         -             84 517525at33208        -            296     0.002   18.8   0.1   1   1   3.6e-05    0.0022   18.7   0.1    17    86     8    75     1    79 0.72 -
evm.utg116.18                         -            380 517525at33208        -            296    0.0024   18.6   0.0   1   1    0.0001    0.0061   17.2   0.0    30   159   149   281   135   306 0.70 -
evm.utg104.39.4.5c22e80c              -            749 517525at33208        -            296    0.0028   18.3   0.0   1   1   8.9e-05    0.0055   17.4   0.0   185   270     3    96     1   106 0.83 -
evm.utg23189.4                        -           1192 517525at33208        -            296    0.0029   18.3   0.1   1   1   0.00085     0.052   14.2   0.1    92   162   867   940   834  1016 0.75 -
evm.utg301.135                        -             91 517525at33208        -            296    0.0031   18.2   0.0   1   1   6.2e-05    0.0038   17.9   0.0   207   276     5    82     2    89 0.80 -
evm.utg62.152                         -            933 517525at33208        -            296    0.0034   18.1   0.1   1   1   0.00013     0.008   16.9   0.0    95   165   737   804   728   807 0.87 -
evm.utg8835.2                         -            894 517525at33208        -            296    0.0035   18.1   1.0   1   1   0.00014    0.0087   16.7   0.0   110   176   712   778   707   864 0.80 -
evm.utg6843.7                         -           1371 517525at33208        -            296    0.0036   18.0   0.0   1   1    0.0002     0.012   16.2   0.0    29   161   113   241   104   263 0.74 -
evm.utg343339.1                       -             96 517525at33208        -            296    0.0045   17.7   0.1   1   1   7.7e-05    0.0047   17.6   0.1    27    89    23    82    14    96 0.83 -
evm.utg479.36                         -            639 517525at33208        -            296    0.0046   17.7   0.1   1   1   0.00021     0.013   16.2   0.0    65   229   132   301   114   321 0.77 -
evm.utg464.58                         -            123 517525at33208        -            296    0.0047   17.6   0.1   1   1   0.00012    0.0075   17.0   0.1   124   152    90   118     9   121 0.93 -
evm.utg16593.2.1.5c22eb94             -            800 517525at33208        -            296    0.0049   17.6   0.1   1   1   0.00025     0.016   15.9   0.0   110   175   711   776   705   792 0.89 -
evm.utg2901.14                        -            342 517525at33208        -            296    0.0052   17.5   0.0   1   1   0.00018     0.011   16.4   0.0   118   161   201   244   191   313 0.72 -
evm.utg16593.2.4.5c22eb95             -            732 517525at33208        -            296    0.0053   17.5   0.2   1   1   0.00024     0.015   16.0   0.0   110   175   644   709   638   720 0.89 -
evm.utg8.81                           -            240 517525at33208        -            296    0.0053   17.5   0.0   1   1   0.00013    0.0082   16.8   0.0   144   222    31   117    12   123 0.80 -
evm.utg16593.2                        -            799 517525at33208        -            296    0.0055   17.4   0.2   1   1   0.00027     0.017   15.8   0.0   110   175   711   776   705   787 0.89 -
evm.utg40307.7                        -            406 517525at33208        -            296    0.0055   17.4   0.0   1   1   0.00032      0.02   15.6   0.0    29   158   167   299   145   320 0.64 -
evm.utg1395.65                        -            256 517525at33208        -            296    0.0056   17.4   0.1   1   1   0.00017      0.01   16.5   0.1   129   215   104   200     2   209 0.69 -
evm.utg861.63                         -           1290 517525at33208        -            296    0.0063   17.2   0.6   1   1    0.0002     0.012   16.2   0.1   117   229  1133  1249  1108  1259 0.78 -
evm.utg2661.7                         -            715 517525at33208        -            296    0.0069   17.1   0.9   1   1   0.00025     0.015   15.9   0.9    56   147   608   695   561   703 0.85 -
evm.utg6334.8                         -            384 517525at33208        -            296     0.007   17.1   0.2   1   1   0.00016    0.0099   16.6   0.2    16   213   131   336   118   352 0.65 -
evm.utg2115.26                        -           1201 517525at33208        -            296    0.0077   16.9   0.0   1   1   0.00028     0.017   15.8   0.0    59   158   841   935   798   947 0.88 -
evm.utg2417.13                        -            937 517525at33208        -            296    0.0083   16.8   0.0   1   1   0.00027     0.016   15.8   0.0    95   165   741   808   693   811 0.86 -
evm.utg594.46                         -           1418 517525at33208        -            296    0.0088   16.7   0.0   1   1   0.00029     0.018   15.7   0.0    64   157   319   420   295   431 0.79 -
evm.utg1416.11                        -            245 517525at33208        -            296     0.009   16.7   0.0   1   1    0.0002     0.012   16.2   0.0   131   215    95   189    14   198 0.75 -
evm.utg4613.33                        -            370 517525at33208        -            296    0.0099   16.6   0.0   1   1   0.00028     0.017   15.8   0.0   126   161   238   273   209   347 0.72 -
evm.utg597.183                        -            391 517525at33208        -            296    0.0099   16.6   0.1   1   1   0.00023     0.014   16.0   0.1    17   212   139   342   125   359 0.65 -
evm.utg9603.7                         -            203 517525at33208        -            296    0.0099   16.6   0.0   1   1   0.00023     0.014   16.1   0.0   131   174    78   120    36   168 0.75 -
evm.utg1395.59                        -            231 517525at33208        -            296      0.01   16.5   0.1   1   1   0.00029     0.018   15.7   0.1   132   215    82   175    63   184 0.66 -
evm.utg432.85.1.5c22f0e2              -            812 517525at33208        -            296     0.012   16.3   0.0   1   1    0.0012     0.075   13.7   0.0   132   173   734   775   719   787 0.89 -
evm.utg6821.1                         -            396 517525at33208        -            296     0.012   16.3   0.0   1   1   0.00035     0.021   15.5   0.0   132   206    82   168    62   174 0.70 -
evm.utg464.205                        -            230 517525at33208        -            296     0.012   16.2   0.5   1   1    0.0011     0.065   13.9   0.5   126   171   130   178    31   206 0.75 -
evm.utg23189.12                       -           1204 517525at33208        -            296     0.013   16.2   0.1   1   1   0.00082      0.05   14.2   0.1    71   156   856   936   838  1000 0.84 -
evm.utg797.60                         -            212 517525at33208        -            296     0.013   16.2   0.0   1   1   0.00035     0.021   15.5   0.0   206   243    41    80     2    92 0.82 -
evm.utg152.39                         -            423 517525at33208        -            296     0.013   16.1   0.0   1   1   0.00037     0.023   15.4   0.0   134   161    40    67    22    73 0.89 -
evm.utg762.42.1.5c22f3f6.1.5c2797a1   -            367 517525at33208        -            296     0.014   16.0   0.0   1   1   0.00036     0.022   15.4   0.0    23   106   274   357   254   362 0.81 -
evm.utg55.80                          -            168 517525at33208        -            296     0.015   16.0   0.0   1   1   0.00032     0.019   15.6   0.0   122   165    55    98    28   101 0.77 -
evm.utg1236.19                        -            381 517525at33208        -            296     0.015   15.9   0.1   1   1   0.00048     0.029   15.0   0.1   130   178   226   277   121   324 0.70 -
evm.utg544.10                         -            363 517525at33208        -            296     0.016   15.9   0.0   1   1   0.00035     0.021   15.5   0.0   135   220   168   267   153   291 0.68 -
evm.utg2601.69                        -            164 517525at33208        -            296     0.016   15.9   0.0   1   1   0.00031     0.019   15.6   0.0    80   167     5   104     1   121 0.71 -
evm.utg1708.57                        -            331 517525at33208        -            296     0.016   15.9   0.0   1   1   0.00043     0.026   15.2   0.0   131   170   202   244   168   282 0.86 -
evm.utg4739.15                        -            256 517525at33208        -            296     0.016   15.9   0.2   1   1   0.00046     0.028   15.1   0.2   129   178   104   156     2   203 0.76 -
evm.utg4398.4                         -            424 517525at33208        -            296      0.02   15.5   0.1   1   1   0.00076     0.047   14.3   0.1   130   177   269   319   163   365 0.64 -
evm.utg25318.4                        -            331 517525at33208        -            296     0.021   15.5   0.0   1   1   0.00057     0.035   14.8   0.0   131   170   202   244   167   282 0.86 -
evm.utg1271.92                        -            424 517525at33208        -            296     0.021   15.5   0.1   1   1   0.00075     0.046   14.4   0.1   130   177   269   319   162   365 0.63 -
evm.utg4739.16                        -            424 517525at33208        -            296     0.022   15.4   0.1   1   1    0.0008     0.049   14.3   0.1   130   177   269   319   164   364 0.64 -
evm.utg63454.1                        -            245 517525at33208        -            296     0.022   15.4   0.0   1   1   0.00042     0.026   15.2   0.0   130   201    90   163    52   220 0.78 -
evm.utg9603.11                        -            293 517525at33208        -            296     0.022   15.4   0.0   1   1     0.002      0.12   12.9   0.0   130   175   176   224   168   271 0.73 -
evm.utg14731.28                       -            245 517525at33208        -            296     0.023   15.4   0.0   1   1   0.00051     0.031   14.9   0.0   130   201    90   163    74   217 0.76 -
evm.utg5879.7                         -            285 517525at33208        -            296     0.031   14.9   0.0   1   1    0.0006     0.037   14.7   0.0   117   171   137   193    32   235 0.65 -
evm.utg579.33                         -           1399 517525at33208        -            296     0.031   14.9   0.0   1   1    0.0011     0.069   13.8   0.0   126   168   123   165    25   173 0.84 -
evm.utg31.3                           -            332 517525at33208        -            296     0.033   14.8   0.1   1   1   0.00079     0.048   14.3   0.1     5   158    74   222    71   243 0.71 -
evm.utg1796.10                        -            256 517525at33208        -            296     0.042   14.5   0.0   1   1    0.0014     0.089   13.4   0.0    71   120   203   252   192   254 0.87 -
evm.utg1796.6                         -            256 517525at33208        -            296     0.042   14.5   0.0   1   1    0.0014     0.089   13.4   0.0    71   120   203   252   192   254 0.87 -
evm.utg1796.8                         -            256 517525at33208        -            296     0.042   14.5   0.0   1   1    0.0014     0.089   13.4   0.0    71   120   203   252   192   254 0.87 -
evm.utg6155.12                        -            167 517525at33208        -            296     0.047   14.3   0.0   1   1    0.0008     0.049   14.3   0.0    89   124    62    97    37   149 0.89 -
evm.utg467.29                         -            962 517525at33208        -            296     0.048   14.3   0.0   1   1    0.0036      0.22   12.1   0.0   144   241   764   860   760   870 0.83 -
evm.utg5662.11                        -            384 517525at33208        -            296     0.049   14.3   0.2   1   1    0.0011     0.068   13.8   0.2    16   160   131   276   117   351 0.68 -
evm.utg8820.9                         -             92 517525at33208        -            296      0.05   14.2   0.0   1   1   0.00082      0.05   14.2   0.0    50   107    20    69     1    83 0.75 -
evm.utg13730.5                        -            285 517525at33208        -            296     0.057   14.1   0.0   1   1    0.0015     0.093   13.4   0.0   136   173   158   195   120   237 0.78 -
evm.utg5.37                           -            285 517525at33208        -            296     0.059   14.0   0.0   1   1    0.0015     0.092   13.4   0.0   136   173   158   195   119   237 0.78 -
evm.utg301.134                        -            230 517525at33208        -            296     0.063   13.9   0.0   1   1    0.0016     0.097   13.3   0.0   115   170   154   209   138   215 0.84 -
evm.utg6373.27                        -            367 517525at33208        -            296     0.064   13.9   0.0   1   1    0.0017      0.11   13.2   0.0   135   173   239   277   126   319 0.83 -
evm.utg498.192.1.5c22f1ac             -           1144 517525at33208        -            296     0.066   13.8   0.1   1   2       8.2     5e+02    1.1   0.0    29    85   582   640   557   648 0.62 -
evm.utg498.192.1.5c22f1ac             -           1144 517525at33208        -            296     0.066   13.8   0.1   2   2     0.029       1.8    9.1   0.0   134   245   664   784   658   845 0.67 -
evm.utg78.82                          -            241 517525at33208        -            296     0.077   13.6   0.2   1   1     0.002      0.12   13.0   0.1   131   169    93   134     2   171 0.83 -
evm.utg691.3                          -            406 517525at33208        -            296     0.093   13.4   0.0   1   1    0.0044      0.27   11.8   0.0   123   158   264   299   146   316 0.74 -
evm.utg7522.48                        -            300 517525at33208        -            296     0.095   13.3   0.0   1   1    0.0023      0.14   12.7   0.0    77   158    98   175    73   180 0.81 -
evm.utg10868.10                       -            162 517525at33208        -            296     0.097   13.3   0.0   1   1    0.0019      0.12   13.0   0.0    89   120    66    97    45   122 0.93 -
evm.utg498.192                        -           1311 517525at33208        -            296     0.099   13.3   0.1   1   2       9.6   5.9e+02    0.9   0.0    29    85   749   807   724   815 0.62 -
evm.utg498.192                        -           1311 517525at33208        -            296     0.099   13.3   0.1   2   2     0.035       2.1    8.9   0.0   134   245   831   951   824  1012 0.67 -
evm.utg64.5                           -            141 517525at33208        -            296       0.1   13.2   0.1   1   1    0.0039      0.24   12.0   0.0    89   120   103   134    80   138 0.92 -
evm.utg9401.6                         -            690 517525at33208        -            296      0.11   13.1   0.0   1   2       6.4   3.9e+02    1.5   0.0    76   105   337   366   297   386 0.79 -
evm.utg9401.6                         -            690 517525at33208        -            296      0.11   13.1   0.0   2   2     0.035       2.1    8.9   0.0   122   175   416   469   406   490 0.84 -
evm.utg4613.7                         -            393 517525at33208        -            296      0.11   13.1   0.1   1   1    0.0032       0.2   12.3   0.1   132   168    97   137    55   188 0.74 -
evm.utg3827.26                        -            442 517525at33208        -            296      0.12   13.0   0.0   1   1    0.0032       0.2   12.3   0.0   135   175    62   105    42   137 0.80 -
evm.utg4082.51                        -            691 517525at33208        -            296      0.13   12.9   0.0   1   2       6.4   3.9e+02    1.5   0.0    76   105   338   367   298   387 0.79 -
evm.utg4082.51                        -            691 517525at33208        -            296      0.13   12.9   0.0   2   2     0.035       2.1    8.9   0.0   122   175   417   470   407   491 0.84 -
evm.utg14021.21                       -            360 517525at33208        -            296      0.14   12.8   0.0   1   1    0.0036      0.22   12.1   0.0   129   163   221   255   216   313 0.72 -
evm.utg1982.6                         -            360 517525at33208        -            296      0.14   12.8   0.0   1   1    0.0036      0.22   12.1   0.0   129   163   221   255   216   313 0.72 -
evm.utg4501.5                         -            360 517525at33208        -            296      0.14   12.8   0.0   1   1    0.0036      0.22   12.1   0.0   129   163   221   255   216   313 0.72 -
evm.utg6792.4                         -            360 517525at33208        -            296      0.14   12.8   0.0   1   1    0.0036      0.22   12.1   0.0   129   163   221   255   216   313 0.72 -
evm.utg14412.5                        -            366 517525at33208        -            296      0.14   12.8   0.0   1   1    0.0036      0.22   12.1   0.0   129   163   221   255   216   314 0.72 -
evm.utg1372.5                         -            261 517525at33208        -            296      0.15   12.7   0.0   1   1    0.0036      0.22   12.1   0.0    89   121    64    96    42   152 0.86 -
evm.utg62.14.2.5c22f2de.1.5c2796bb    -           1237 517525at33208        -            296      0.16   12.6   0.0   1   1    0.0026      0.16   12.6   0.0   206   248     9    53     2    76 0.81 -
evm.utg479.141                        -            440 517525at33208        -            296      0.22   12.1   0.1   1   1    0.0094      0.58   10.8   0.0   138   229     2   100     1   107 0.76 -
evm.utg479.128                        -           1084 517525at33208        -            296      0.23   12.0   0.0   1   1    0.0071      0.44   11.2   0.0   112   157   932   977   912   982 0.79 -
evm.utg73.95                          -            479 517525at33208        -            296      0.24   12.0   0.2   1   1    0.0065       0.4   11.3   0.2    38    96   143   203    93   285 0.70 -
evm.utg4879.9                         -            211 517525at33208        -            296      0.25   12.0   0.4   1   1    0.0061      0.38   11.4   0.4    26   159    41   172    19   178 0.64 -
evm.utg7178.1                         -            360 517525at33208        -            296      0.28   11.8   0.0   1   1    0.0071      0.44   11.2   0.0   129   163   221   255   216   313 0.74 -
evm.utg41344.11                       -            256 517525at33208        -            296      0.29   11.7   0.1   1   1    0.0079      0.49   11.0   0.1   129   160   221   252   216   255 0.87 -
evm.utg2476.3                         -           1073 517525at33208        -            296      0.41   11.2   0.0   1   1     0.011      0.68   10.5   0.0    72   120  1021  1069  1009  1071 0.86 -
evm.utg1205.49                        -            119 517525at33208        -            296      0.43   11.2   0.0   1   1    0.0083      0.51   10.9   0.0   188   274    20   111    11   116 0.72 -
evm.utg14703.14                       -            119 517525at33208        -            296      0.43   11.2   0.0   1   1    0.0083      0.51   10.9   0.0   188   274    20   111    11   116 0.72 -
evm.utg1684.16                        -            119 517525at33208        -            296      0.43   11.2   0.0   1   1    0.0083      0.51   10.9   0.0   188   274    20   111    11   116 0.72 -
evm.utg320.65                         -            119 517525at33208        -            296      0.43   11.2   0.0   1   1    0.0083      0.51   10.9   0.0   188   274    20   111    11   116 0.72 -
evm.utg1520.6                         -            287 517525at33208        -            296      0.48   11.0   0.2   1   1     0.013      0.79   10.3   0.0   130   178   167   218   154   263 0.71 -
#
# Program:         hmmsearch
# Version:         3.1b2 (February 2015)
# Pipeline mode:   SEARCH
# Query file:      /uoa/scratch/users/r02hw22/project_dark_genes/busco_downloads/lineages/metazoa_odb10/hmms/517525at33208.hmm
# Target file:     /uoa/scratch/users/r02hw22/project_dark_genes/00_raw/equina_smart.rnam-trna.merged.ggf.curated.remredun.aa.fa
# Option settings: hmmsearch --domtblout /uoa/scratch/users/r02hw22/project_dark_genes/equina_busco_proteins/run_metazoa_odb10/hmmer_output/initial_run_results/517525at33208.out --cpu 1 /uoa/scratch/users/r02hw22/project_dark_genes/busco_downloads/lineages/metazoa_odb10/hmms/517525at33208.hmm /uoa/scratch/users/r02hw22/project_dark_genes/00_raw/equina_smart.rnam-trna.merged.ggf.curated.remredun.aa.fa 
# Current dir:     /uoa/scratch/users/r02hw22/project_dark_genes
# Date:            Sat Apr 25 14:42:49 2026
# [ok]
