#                                                                                            --- full sequence --- -------------- this domain -------------   hmm coord   ali coord   env coord
# target name                        accession   tlen query name           accession   qlen   E-value  score  bias   #  of  c-Evalue  i-Evalue  score  bias  from    to  from    to  from    to  acc description of target
#                ------------------- ---------- ----- -------------------- ---------- ----- --------- ------ ----- --- --- --------- --------- ------ ----- ----- ----- ----- ----- ----- ----- ---- ---------------------
evm.utg4082.42                       -            401 537718at33208        -            243   3.4e-67  228.1   0.0   1   2   2.4e-66   3.6e-64  218.2   0.0     1   213     1   249     1   252 0.85 -
evm.utg4082.42                       -            401 537718at33208        -            243   3.4e-67  228.1   0.0   2   2      0.04       6.1    7.9   0.0   200   230   252   282   239   306 0.72 -
evm.utg3158.36                       -           1666 537718at33208        -            243   3.4e-37  129.8  33.2   1   7      0.86   1.3e+02    3.5   0.0   156   230   337   412   329   418 0.86 -
evm.utg3158.36                       -           1666 537718at33208        -            243   3.4e-37  129.8  33.2   2   7     0.025       3.9    8.5   0.0    60   133   920   998   915  1006 0.77 -
evm.utg3158.36                       -           1666 537718at33208        -            243   3.4e-37  129.8  33.2   3   7   1.5e-13   2.3e-11   45.3   0.1    36   132  1020  1121   997  1128 0.85 -
evm.utg3158.36                       -           1666 537718at33208        -            243   3.4e-37  129.8  33.2   4   7   2.9e-09   4.5e-07   31.2   4.4    22   136  1125  1250  1121  1257 0.87 -
evm.utg3158.36                       -           1666 537718at33208        -            243   3.4e-37  129.8  33.2   5   7       7.2   1.1e+03    0.5   0.0    39    58  1280  1299  1261  1310 0.76 -
evm.utg3158.36                       -           1666 537718at33208        -            243   3.4e-37  129.8  33.2   6   7   1.2e-11   1.9e-09   39.0   3.0    27   135  1302  1421  1287  1429 0.79 -
evm.utg3158.36                       -           1666 537718at33208        -            243   3.4e-37  129.8  33.2   7   7   8.7e-05     0.013   16.6   1.7    25   134  1426  1548  1420  1561 0.80 -
evm.utg2757.76                       -            410 537718at33208        -            243   5.5e-37  129.2  12.0   1   3     1e-15   1.6e-13   52.4   1.5    33   135   116   224    98   234 0.88 -
evm.utg2757.76                       -            410 537718at33208        -            243   5.5e-37  129.2  12.0   2   3   3.8e-15   5.8e-13   50.5   0.7    36   157   161   293   159   297 0.89 -
evm.utg2757.76                       -            410 537718at33208        -            243   5.5e-37  129.2  12.0   3   3   2.9e-14   4.4e-12   47.6   0.1    37   129   309   407   305   408 0.96 -
evm.utg92.13                         -           1666 537718at33208        -            243   1.1e-36  128.2  33.0   1   4     0.038       5.9    7.9   0.0    62   118   922   984   910  1019 0.54 -
evm.utg92.13                         -           1666 537718at33208        -            243   1.1e-36  128.2  33.0   2   4     6e-15   9.2e-13   49.8   0.1    27   132  1006  1121   997  1128 0.84 -
evm.utg92.13                         -           1666 537718at33208        -            243   1.1e-36  128.2  33.0   3   4   2.5e-09   3.9e-07   31.4   4.6    23   136  1126  1250  1121  1257 0.88 -
evm.utg92.13                         -           1666 537718at33208        -            243   1.1e-36  128.2  33.0   4   4   1.6e-11   2.5e-09   38.6  12.1    36   230  1316  1546  1294  1552 0.72 -
evm.utg435.72                        -           1669 537718at33208        -            243   1.4e-35  124.6  22.0   1   7     0.007       1.1   10.3   0.0    37    73   742   778   732   785 0.88 -
evm.utg435.72                        -           1669 537718at33208        -            243   1.4e-35  124.6  22.0   2   7   3.3e-13     5e-11   44.2   1.7    34   132   781   883   776   906 0.90 -
evm.utg435.72                        -           1669 537718at33208        -            243   1.4e-35  124.6  22.0   3   7   4.3e-10   6.7e-08   33.9   0.3    31   132   902  1009   884  1017 0.79 -
evm.utg435.72                        -           1669 537718at33208        -            243   1.4e-35  124.6  22.0   4   7     1e-13   1.6e-11   45.8   0.3    25   198   975  1170   964  1183 0.77 -
evm.utg435.72                        -           1669 537718at33208        -            243   1.4e-35  124.6  22.0   5   7       4.5   6.9e+02    1.1   0.0   103   130  1336  1363  1279  1402 0.72 -
evm.utg435.72                        -           1669 537718at33208        -            243   1.4e-35  124.6  22.0   6   7    0.0011      0.17   12.9   0.3    38   134  1479  1579  1471  1584 0.83 -
evm.utg435.72                        -           1669 537718at33208        -            243   1.4e-35  124.6  22.0   7   7       7.5   1.2e+03    0.4   0.0   102   135  1595  1628  1586  1658 0.61 -
evm.utg4972.23                       -            640 537718at33208        -            243   1.5e-34  121.2   5.9   1   3   5.7e-10   8.7e-08   33.5   0.1    25    90   344   415   337   432 0.83 -
evm.utg4972.23                       -            640 537718at33208        -            243   1.5e-34  121.2   5.9   2   3   2.8e-17   4.3e-15   57.5   1.2    21   135   428   549   417   555 0.90 -
evm.utg4972.23                       -            640 537718at33208        -            243   1.5e-34  121.2   5.9   3   3   2.8e-09   4.3e-07   31.3   0.0    24    89   558   627   551   633 0.89 -
evm.utg101.178                       -            403 537718at33208        -            243   1.1e-33  118.3  10.1   1   3   9.9e-16   1.5e-13   52.4   1.5    33   135   116   224    98   234 0.88 -
evm.utg101.178                       -            403 537718at33208        -            243   1.1e-33  118.3  10.1   2   3   3.3e-15   5.1e-13   50.7   0.7    36   157   161   293   159   297 0.89 -
evm.utg101.178                       -            403 537718at33208        -            243   1.1e-33  118.3  10.1   3   3   2.5e-10   3.8e-08   34.7   0.0    37   103   309   380   305   394 0.92 -
evm.utg577.102                       -            912 537718at33208        -            243     8e-33  115.5   5.1   1   3   5.8e-11   8.9e-09   36.8   0.0    27   102   613   694   601   694 0.86 -
evm.utg577.102                       -            912 537718at33208        -            243     8e-33  115.5   5.1   2   3   2.5e-16   3.8e-14   54.4   2.5    40   130   669   761   669   764 0.96 -
evm.utg577.102                       -            912 537718at33208        -            243     8e-33  115.5   5.1   3   3   8.1e-11   1.2e-08   36.3   0.0    22   131   770   884   763   889 0.88 -
evm.utg389.12.1.5c22f032             -            817 537718at33208        -            243     1e-32  115.2  25.2   1   5   5.3e-13   8.1e-11   43.5   2.2    33   130    19   124     5   130 0.86 -
evm.utg389.12.1.5c22f032             -            817 537718at33208        -            243     1e-32  115.2  25.2   2   5         1   1.6e+02    3.2   0.0   115   142   166   193   161   211 0.82 -
evm.utg389.12.1.5c22f032             -            817 537718at33208        -            243     1e-32  115.2  25.2   3   5   2.1e-09   3.2e-07   31.7   2.7    36   172   216   370   198   377 0.80 -
evm.utg389.12.1.5c22f032             -            817 537718at33208        -            243     1e-32  115.2  25.2   4   5   1.1e-07   1.7e-05   26.1   0.3    22   102   378   468   372   480 0.84 -
evm.utg389.12.1.5c22f032             -            817 537718at33208        -            243     1e-32  115.2  25.2   5   5   8.7e-07   0.00013   23.1   0.5    36   103   481   551   463   557 0.80 -
evm.utg18125.5                       -            949 537718at33208        -            243   1.3e-32  114.8  30.3   1   6       5.5   8.5e+02    0.8   0.1   104   138   277   311   232   322 0.67 -
evm.utg18125.5                       -            949 537718at33208        -            243   1.3e-32  114.8  30.3   2   6   3.8e-12   5.8e-10   40.7   3.1    33   130   327   432   313   438 0.87 -
evm.utg18125.5                       -            949 537718at33208        -            243   1.3e-32  114.8  30.3   3   6      0.23        36    5.3   0.0   113   143   472   502   469   519 0.83 -
evm.utg18125.5                       -            949 537718at33208        -            243   1.3e-32  114.8  30.3   4   6     4e-10   6.1e-08   34.1   2.5    36   169   524   675   505   687 0.79 -
evm.utg18125.5                       -            949 537718at33208        -            243   1.3e-32  114.8  30.3   5   6    0.0015      0.23   12.5   0.1    23   130   687   721   673   744 0.53 -
evm.utg18125.5                       -            949 537718at33208        -            243   1.3e-32  114.8  30.3   6   6   8.1e-11   1.2e-08   36.3   1.4    33   131   744   848   731   864 0.91 -
evm.utg1337.6                        -            914 537718at33208        -            243   2.2e-32  114.1  10.5   1   3   1.1e-09   1.6e-07   32.6   0.1    25    90   618   689   611   706 0.83 -
evm.utg1337.6                        -            914 537718at33208        -            243   2.2e-32  114.1  10.5   2   3   9.2e-17   1.4e-14   55.8   1.1    21   135   702   823   691   829 0.90 -
evm.utg1337.6                        -            914 537718at33208        -            243   2.2e-32  114.1  10.5   3   3   4.5e-09     7e-07   30.6   0.0    24    89   832   901   826   907 0.89 -
evm.utg389.12                        -            914 537718at33208        -            243   1.3e-31  111.6  30.5   1   6       7.4   1.1e+03    0.4   0.1   105   138    67   100    33   112 0.73 -
evm.utg389.12                        -            914 537718at33208        -            243   1.3e-31  111.6  30.5   2   6     3e-12   4.6e-10   41.0   4.5    33   130   116   221    97   227 0.85 -
evm.utg389.12                        -            914 537718at33208        -            243   1.3e-31  111.6  30.5   3   6       1.2   1.8e+02    3.0   0.0   115   142   263   290   258   308 0.82 -
evm.utg389.12                        -            914 537718at33208        -            243   1.3e-31  111.6  30.5   4   6   2.7e-09   4.1e-07   31.3   2.9    36   173   313   468   295   475 0.80 -
evm.utg389.12                        -            914 537718at33208        -            243   1.3e-31  111.6  30.5   5   6   1.3e-07   1.9e-05   25.9   0.3    22   102   475   565   469   577 0.84 -
evm.utg389.12                        -            914 537718at33208        -            243   1.3e-31  111.6  30.5   6   6   1.7e-06   0.00026   22.2   0.3    38   103   580   648   570   654 0.89 -
evm.utg788.96                        -            437 537718at33208        -            243   5.6e-31  109.5  16.1   1   3   2.5e-10   3.9e-08   34.7   0.8    37   142     7   118     2   132 0.79 -
evm.utg788.96                        -            437 537718at33208        -            243   5.6e-31  109.5  16.1   2   3   4.9e-12   7.6e-10   40.3   1.0    36   129    48   147    47   158 0.89 -
evm.utg788.96                        -            437 537718at33208        -            243   5.6e-31  109.5  16.1   3   3   7.7e-18   1.2e-15   59.3   1.2    21   165   112   275   104   284 0.82 -
evm.utg7.52                          -            496 537718at33208        -            243     4e-30  106.7   1.9   1   4   1.3e-09   2.1e-07   32.3   0.2    26    90   234   302   233   306 0.91 -
evm.utg7.52                          -            496 537718at33208        -            243     4e-30  106.7   1.9   2   4   5.5e-08   8.5e-06   27.0   0.0    37   102   288   359   286   367 0.87 -
evm.utg7.52                          -            496 537718at33208        -            243     4e-30  106.7   1.9   3   4   2.9e-10   4.4e-08   34.5   0.0    28    90   362   425   354   429 0.86 -
evm.utg7.52                          -            496 537718at33208        -            243     4e-30  106.7   1.9   4   4    0.0095       1.5    9.9   0.0    59    91   442   475   438   486 0.82 -
evm.utg616.9                         -            671 537718at33208        -            243   7.6e-28   99.2   9.2   1   4   5.6e-09   8.7e-07   30.3   0.3    63   130   343   412   334   417 0.86 -
evm.utg616.9                         -            671 537718at33208        -            243   7.6e-28   99.2   9.2   2   4   3.2e-08   4.9e-06   27.8   0.4    36    98   396   459   384   464 0.91 -
evm.utg616.9                         -            671 537718at33208        -            243   7.6e-28   99.2   9.2   3   4   2.3e-08   3.5e-06   28.3   0.1    26   105   463   548   459   551 0.94 -
evm.utg616.9                         -            671 537718at33208        -            243   7.6e-28   99.2   9.2   4   4   5.3e-09   8.1e-07   30.4   0.2    36    90   556   614   551   622 0.89 -
evm.utg1056.106                      -            351 537718at33208        -            243   3.5e-27   97.1   4.0   1   3   2.2e-09   3.4e-07   31.6   0.8    60   136    56   138    49   146 0.91 -
evm.utg1056.106                      -            351 537718at33208        -            243   3.5e-27   97.1   4.0   2   3   7.3e-15   1.1e-12   49.6   0.0    35   136   157   265   140   284 0.86 -
evm.utg1056.106                      -            351 537718at33208        -            243   3.5e-27   97.1   4.0   3   3   0.00018     0.028   15.5   0.1    76   128   288   346   281   348 0.71 -
evm.utg1056.106.1.5c22e841           -            351 537718at33208        -            243   3.5e-27   97.1   4.0   1   3   2.2e-09   3.4e-07   31.6   0.8    60   136    56   138    49   146 0.91 -
evm.utg1056.106.1.5c22e841           -            351 537718at33208        -            243   3.5e-27   97.1   4.0   2   3   7.3e-15   1.1e-12   49.6   0.0    35   136   157   265   140   284 0.86 -
evm.utg1056.106.1.5c22e841           -            351 537718at33208        -            243   3.5e-27   97.1   4.0   3   3   0.00018     0.028   15.5   0.1    76   128   288   346   281   348 0.71 -
evm.utg4972.23.1.5c22f18a            -            555 537718at33208        -            243     2e-25   91.3   4.7   1   2   5.4e-10   8.2e-08   33.6   0.1    25    89   344   414   337   423 0.83 -
evm.utg4972.23.1.5c22f18a            -            555 537718at33208        -            243     2e-25   91.3   4.7   2   2   1.2e-17   1.8e-15   58.7   1.4    21   138   428   552   417   554 0.90 -
evm.utg2757.69                       -            710 537718at33208        -            243   3.7e-25   90.4   6.5   1   3       1.3     2e+02    2.9   0.0   104   129   435   460   426   463 0.58 -
evm.utg2757.69                       -            710 537718at33208        -            243   3.7e-25   90.4   6.5   2   3   3.2e-13   4.9e-11   44.2   2.7    20   157   445   593   437   597 0.87 -
evm.utg2757.69                       -            710 537718at33208        -            243   3.7e-25   90.4   6.5   3   3   6.8e-14   1.1e-11   46.4   0.1    37   129   609   707   605   708 0.96 -
evm.utg5417.27                       -           1331 537718at33208        -            243     1e-24   89.0  14.5   1   6   1.6e-11   2.5e-09   38.6   3.8    35   196   730   909   710   922 0.76 -
evm.utg5417.27                       -           1331 537718at33208        -            243     1e-24   89.0  14.5   2   6     0.001      0.16   13.1   0.6    36   129   857   954   836   956 0.84 -
evm.utg5417.27                       -           1331 537718at33208        -            243     1e-24   89.0  14.5   3   6   4.7e-05    0.0072   17.4   0.3    36   154   939  1066   919  1070 0.73 -
evm.utg5417.27                       -           1331 537718at33208        -            243     1e-24   89.0  14.5   4   6   0.00094      0.14   13.2   0.0    36    86  1063  1114  1041  1118 0.87 -
evm.utg5417.27                       -           1331 537718at33208        -            243     1e-24   89.0  14.5   5   6   2.6e-07     4e-05   24.8   0.3    35   133  1103  1208  1083  1214 0.80 -
evm.utg5417.27                       -           1331 537718at33208        -            243     1e-24   89.0  14.5   6   6     0.029       4.4    8.3   0.0    30    82  1225  1279  1213  1287 0.78 -
evm.utg911.37                        -           1947 537718at33208        -            243     3e-24   87.5  17.8   1  11     0.044       6.8    7.7   0.1    37    95    75   141    48   182 0.70 -
evm.utg911.37                        -           1947 537718at33208        -            243     3e-24   87.5  17.8   2  11    0.0046       0.7   10.9   0.1    37   155   249   383   221   408 0.68 -
evm.utg911.37                        -           1947 537718at33208        -            243     3e-24   87.5  17.8   3  11      0.51        78    4.2   0.0    36    79   421   467   409   476 0.80 -
evm.utg911.37                        -           1947 537718at33208        -            243     3e-24   87.5  17.8   4  11     0.002       0.3   12.1   0.1    28    99   737   813   725   853 0.76 -
evm.utg911.37                        -           1947 537718at33208        -            243     3e-24   87.5  17.8   5  11       0.5        78    4.2   0.0    15    91   855   934   848   951 0.67 -
evm.utg911.37                        -           1947 537718at33208        -            243     3e-24   87.5  17.8   6  11   0.00014     0.022   15.9   0.0   106   175  1008  1081   957  1098 0.83 -
evm.utg911.37                        -           1947 537718at33208        -            243     3e-24   87.5  17.8   7  11      0.35        54    4.8   0.0    36    79  1100  1144  1097  1153 0.87 -
evm.utg911.37                        -           1947 537718at33208        -            243     3e-24   87.5  17.8   8  11       9.7   1.5e+03    0.0   0.0   103   152  1445  1501  1412  1566 0.69 -
evm.utg911.37                        -           1947 537718at33208        -            243     3e-24   87.5  17.8   9  11   6.9e-05     0.011   16.9   0.1    60   158  1630  1736  1611  1782 0.66 -
evm.utg911.37                        -           1947 537718at33208        -            243     3e-24   87.5  17.8  10  11       3.4   5.3e+02    1.5   0.0    36    55  1771  1790  1745  1821 0.84 -
evm.utg911.37                        -           1947 537718at33208        -            243     3e-24   87.5  17.8  11  11     0.075        12    6.9   0.0    37    89  1884  1941  1866  1946 0.77 -
evm.utg1221.16.2.5c22e95a            -            399 537718at33208        -            243   9.6e-24   85.8   1.4   1   4     0.013         2    9.5   0.0    38    87   107   159    84   172 0.82 -
evm.utg1221.16.2.5c22e95a            -            399 537718at33208        -            243   9.6e-24   85.8   1.4   2   4     0.096        15    6.6   0.0    38    74   150   186   144   191 0.93 -
evm.utg1221.16.2.5c22e95a            -            399 537718at33208        -            243   9.6e-24   85.8   1.4   3   4   6.7e-08     1e-05   26.8   0.1    26    97   175   254   172   265 0.84 -
evm.utg1221.16.2.5c22e95a            -            399 537718at33208        -            243   9.6e-24   85.8   1.4   4   4   5.2e-13     8e-11   43.5   0.0    36   138   274   382   267   393 0.87 -
evm.utg4155.23                       -            416 537718at33208        -            243     1e-23   85.7   1.3   1   5     0.017       2.6    9.1   0.0    38    86   107   158    84   169 0.84 -
evm.utg4155.23                       -            416 537718at33208        -            243     1e-23   85.7   1.3   2   5     0.058       8.9    7.3   0.0    38    74   150   186   146   190 0.94 -
evm.utg4155.23                       -            416 537718at33208        -            243     1e-23   85.7   1.3   3   5   2.2e-07   3.3e-05   25.1   0.1    27    97   176   254   175   265 0.81 -
evm.utg4155.23                       -            416 537718at33208        -            243     1e-23   85.7   1.3   4   5    0.0029      0.44   11.6   0.0    31    74   227   270   224   276 0.90 -
evm.utg4155.23                       -            416 537718at33208        -            243     1e-23   85.7   1.3   5   5   1.8e-12   2.7e-10   41.7   0.0    36   136   274   380   269   390 0.89 -
evm.utg186.22                        -           1975 537718at33208        -            243   1.2e-23   85.5  16.6   1  11     0.042       6.5    7.8   0.1    37    95    75   141    46   182 0.68 -
evm.utg186.22                        -           1975 537718at33208        -            243   1.2e-23   85.5  16.6   2  11    0.0023      0.36   11.9   0.1    37   156   249   384   221   414 0.71 -
evm.utg186.22                        -           1975 537718at33208        -            243   1.2e-23   85.5  16.6   3  11       0.5        78    4.2   0.0    36    80   421   468   412   480 0.81 -
evm.utg186.22                        -           1975 537718at33208        -            243   1.2e-23   85.5  16.6   4  11     0.016       2.5    9.1   0.2    31    99   740   813   721   853 0.73 -
evm.utg186.22                        -           1975 537718at33208        -            243   1.2e-23   85.5  16.6   5  11      0.52        80    4.2   0.0    15    91   855   934   848   950 0.67 -
evm.utg186.22                        -           1975 537718at33208        -            243   1.2e-23   85.5  16.6   6  11   0.00036     0.056   14.5   0.0   106   158  1008  1064   957  1084 0.81 -
evm.utg186.22                        -           1975 537718at33208        -            243   1.2e-23   85.5  16.6   7  11      0.35        54    4.8   0.0    36    79  1100  1144  1097  1154 0.87 -
evm.utg186.22                        -           1975 537718at33208        -            243   1.2e-23   85.5  16.6   8  11       9.2   1.4e+03    0.1   0.0   103   169  1473  1549  1445  1594 0.69 -
evm.utg186.22                        -           1975 537718at33208        -            243   1.2e-23   85.5  16.6   9  11   5.8e-05    0.0089   17.1   0.1    60   158  1658  1764  1637  1813 0.66 -
evm.utg186.22                        -           1975 537718at33208        -            243   1.2e-23   85.5  16.6  10  11       2.5   3.9e+02    2.0   0.0    36    55  1799  1818  1773  1860 0.84 -
evm.utg186.22                        -           1975 537718at33208        -            243   1.2e-23   85.5  16.6  11  11     0.075        12    6.9   0.0    37    89  1912  1969  1892  1974 0.77 -
evm.utg1221.16                       -            416 537718at33208        -            243   1.5e-23   85.2   1.9   1   5     0.017       2.7    9.0   0.0    38    86   107   158    85   169 0.84 -
evm.utg1221.16                       -            416 537718at33208        -            243   1.5e-23   85.2   1.9   2   5      0.11        17    6.4   0.0    38    74   150   186   146   191 0.93 -
evm.utg1221.16                       -            416 537718at33208        -            243   1.5e-23   85.2   1.9   3   5   7.8e-08   1.2e-05   26.5   0.1    26    97   175   254   173   265 0.84 -
evm.utg1221.16                       -            416 537718at33208        -            243   1.5e-23   85.2   1.9   4   5    0.0029      0.44   11.6   0.0    31    74   227   270   224   276 0.90 -
evm.utg1221.16                       -            416 537718at33208        -            243   1.5e-23   85.2   1.9   5   5   1.2e-12   1.9e-10   42.3   0.0    36   136   274   380   271   387 0.89 -
evm.utg1221.16.1.5c22e95a            -            415 537718at33208        -            243   1.7e-23   85.0   1.1   1   4     0.015       2.3    9.3   0.0    38    87   107   159    85   171 0.83 -
evm.utg1221.16.1.5c22e95a            -            415 537718at33208        -            243   1.7e-23   85.0   1.1   2   4      0.11        16    6.4   0.0    38    74   150   186   146   191 0.93 -
evm.utg1221.16.1.5c22e95a            -            415 537718at33208        -            243   1.7e-23   85.0   1.1   3   4   6.8e-08   1.1e-05   26.7   0.2    26    97   175   254   171   265 0.84 -
evm.utg1221.16.1.5c22e95a            -            415 537718at33208        -            243   1.7e-23   85.0   1.1   4   4   1.1e-12   1.6e-10   42.5   0.0    36   136   274   380   267   387 0.89 -
evm.utg12655.28                      -            300 537718at33208        -            243   3.9e-23   83.8   0.2   1   3   0.00018     0.028   15.5   0.1    36   102    20    92    12   103 0.75 -
evm.utg12655.28                      -            300 537718at33208        -            243   3.9e-23   83.8   0.2   2   3   4.1e-12   6.3e-10   40.6   0.1    35   130   105   205    89   240 0.77 -
evm.utg12655.28                      -            300 537718at33208        -            243   3.9e-23   83.8   0.2   3   3   1.2e-06   0.00019   22.6   0.0    37    87   240   292   238   296 0.92 -
evm.utg1748.16                       -            702 537718at33208        -            243     5e-23   83.5   5.9   1   3   2.1e-07   3.2e-05   25.2   0.1    26    98   416   493   409   500 0.84 -
evm.utg1748.16                       -            702 537718at33208        -            243     5e-23   83.5   5.9   2   3   5.1e-09   7.8e-07   30.4   0.5    35   134   509   614   496   620 0.81 -
evm.utg1748.16                       -            702 537718at33208        -            243     5e-23   83.5   5.9   3   3   1.2e-08   1.9e-06   29.2   0.0    37    90   644   698   639   701 0.92 -
evm.utg6078.33                       -           1331 537718at33208        -            243   5.9e-23   83.2  13.8   1   6     8e-11   1.2e-08   36.3   3.5    35   196   730   909   710   921 0.78 -
evm.utg6078.33                       -           1331 537718at33208        -            243   5.9e-23   83.2  13.8   2   6   2.9e-05    0.0044   18.1   2.5    38   188   859  1023   855  1032 0.81 -
evm.utg6078.33                       -           1331 537718at33208        -            243   5.9e-23   83.2  13.8   3   6    0.0011      0.17   12.9   0.2    36    96   939  1002   921  1070 0.73 -
evm.utg6078.33                       -           1331 537718at33208        -            243   5.9e-23   83.2  13.8   4   6     0.011       1.7    9.7   0.0    36    86  1063  1114  1042  1119 0.88 -
evm.utg6078.33                       -           1331 537718at33208        -            243   5.9e-23   83.2  13.8   5   6     4e-07   6.2e-05   24.2   0.3    34   133  1102  1208  1082  1214 0.80 -
evm.utg6078.33                       -           1331 537718at33208        -            243   5.9e-23   83.2  13.8   6   6     0.026         4    8.5   0.0    30    82  1225  1279  1212  1290 0.77 -
evm.utg21625.4                       -           1518 537718at33208        -            243     1e-22   82.4   9.2   1   6   5.3e-06   0.00082   20.5   0.1    63   130   895   968   886   977 0.80 -
evm.utg21625.4                       -           1518 537718at33208        -            243     1e-22   82.4   9.2   2   6    0.0028      0.43   11.6   0.0   100   135   980  1015   969  1023 0.85 -
evm.utg21625.4                       -           1518 537718at33208        -            243     1e-22   82.4   9.2   3   6       1.3     2e+02    2.9   0.0   111   135  1099  1123  1088  1141 0.75 -
evm.utg21625.4                       -           1518 537718at33208        -            243     1e-22   82.4   9.2   4   6   6.6e-06     0.001   20.2   0.0    38   135  1191  1300  1145  1312 0.78 -
evm.utg21625.4                       -           1518 537718at33208        -            243     1e-22   82.4   9.2   5   6     9e-05     0.014   16.5   0.0    36   129  1323  1421  1315  1423 0.89 -
evm.utg21625.4                       -           1518 537718at33208        -            243     1e-22   82.4   9.2   6   6   6.2e-06   0.00096   20.3   0.2    36   112  1406  1487  1397  1498 0.83 -
evm.utg21228.28                      -            351 537718at33208        -            243   1.6e-22   81.8   0.3   1   3   0.00039      0.06   14.4   0.1    36    98    71   137    64   154 0.75 -
evm.utg21228.28                      -            351 537718at33208        -            243   1.6e-22   81.8   0.3   2   3   6.6e-12     1e-09   39.9   0.2    35   130   156   256   138   291 0.79 -
evm.utg21228.28                      -            351 537718at33208        -            243   1.6e-22   81.8   0.3   3   3   1.6e-06   0.00024   22.3   0.0    37    87   291   343   289   347 0.92 -
evm.utg2159.31.4.5c22ed19.1.5c2791f0 -           1007 537718at33208        -            243   5.4e-22   80.1   6.6   1   3   1.9e-07   2.9e-05   25.3   0.2    26    97   416   492   409   500 0.84 -
evm.utg2159.31.4.5c22ed19.1.5c2791f0 -           1007 537718at33208        -            243   5.4e-22   80.1   6.6   2   3   5.5e-08   8.5e-06   27.0   0.8    35   135   509   615   496   623 0.81 -
evm.utg2159.31.4.5c22ed19.1.5c2791f0 -           1007 537718at33208        -            243   5.4e-22   80.1   6.6   3   3   1.1e-08   1.7e-06   29.3   0.0    37    93   644   701   639   727 0.93 -
evm.utg18125.5.1.5c22ec17            -            724 537718at33208        -            243   5.4e-22   80.1  21.7   1   5       3.8   5.8e+02    1.4   0.1   104   138   277   311   232   324 0.66 -
evm.utg18125.5.1.5c22ec17            -            724 537718at33208        -            243   5.4e-22   80.1  21.7   2   5   2.5e-12   3.8e-10   41.3   3.0    33   130   327   432   313   438 0.87 -
evm.utg18125.5.1.5c22ec17            -            724 537718at33208        -            243   5.4e-22   80.1  21.7   3   5      0.17        26    5.8   0.0   113   143   472   502   469   520 0.83 -
evm.utg18125.5.1.5c22ec17            -            724 537718at33208        -            243   5.4e-22   80.1  21.7   4   5   2.4e-10   3.7e-08   34.8   2.1    36   168   524   674   507   684 0.79 -
evm.utg18125.5.1.5c22ec17            -            724 537718at33208        -            243   5.4e-22   80.1  21.7   5   5      0.12        18    6.3   0.1    96   125   687   716   673   719 0.81 -
evm.utg27.20                         -           1146 537718at33208        -            243   9.6e-22   79.3   4.1   1   3   1.4e-12   2.2e-10   42.1   0.3    34   131    62   165    48   173 0.85 -
evm.utg27.20                         -           1146 537718at33208        -            243   9.6e-22   79.3   4.1   2   3     4e-08   6.1e-06   27.5   0.1    58   132   200   282   190   295 0.83 -
evm.utg27.20                         -           1146 537718at33208        -            243   9.6e-22   79.3   4.1   3   3   2.9e-08   4.4e-06   28.0   0.0    37   145   221   336   219   354 0.85 -
evm.utg2159.31.4.5c22ed19            -           1335 537718at33208        -            243   1.4e-21   78.7   6.5   1   3   2.4e-07   3.8e-05   24.9   0.2    26    98   416   493   409   501 0.84 -
evm.utg2159.31.4.5c22ed19            -           1335 537718at33208        -            243   1.4e-21   78.7   6.5   2   3   7.7e-08   1.2e-05   26.6   0.8    35   135   509   615   495   623 0.81 -
evm.utg2159.31.4.5c22ed19            -           1335 537718at33208        -            243   1.4e-21   78.7   6.5   3   3   1.5e-08   2.4e-06   28.9   0.0    37    93   644   701   639   727 0.93 -
evm.utg2159.31.3.5c22ed19            -           1403 537718at33208        -            243   1.6e-21   78.5   6.3   1   3   2.7e-07   4.2e-05   24.8   0.2    26    97   416   492   409   500 0.84 -
evm.utg2159.31.3.5c22ed19            -           1403 537718at33208        -            243   1.6e-21   78.5   6.3   2   3   8.3e-08   1.3e-05   26.5   0.7    35   135   509   615   496   623 0.81 -
evm.utg2159.31.3.5c22ed19            -           1403 537718at33208        -            243   1.6e-21   78.5   6.3   3   3   1.6e-08   2.5e-06   28.8   0.0    37    93   644   701   639   727 0.93 -
evm.utg2159.31.2.5c22ed19            -           1510 537718at33208        -            243   2.2e-21   78.1   6.4   1   3   2.8e-07   4.3e-05   24.7   0.2    26    98   416   493   409   502 0.84 -
evm.utg2159.31.2.5c22ed19            -           1510 537718at33208        -            243   2.2e-21   78.1   6.4   2   3   9.3e-08   1.4e-05   26.3   0.8    35   135   509   615   496   623 0.81 -
evm.utg2159.31.2.5c22ed19            -           1510 537718at33208        -            243   2.2e-21   78.1   6.4   3   3   1.8e-08   2.7e-06   28.6   0.0    37    93   644   701   639   727 0.93 -
evm.utg2159.31.1.5c22ed19            -           1510 537718at33208        -            243   2.2e-21   78.1   6.4   1   3   2.8e-07   4.3e-05   24.7   0.2    26    98   416   493   409   502 0.84 -
evm.utg2159.31.1.5c22ed19            -           1510 537718at33208        -            243   2.2e-21   78.1   6.4   2   3   9.3e-08   1.4e-05   26.3   0.8    35   135   509   615   496   623 0.81 -
evm.utg2159.31.1.5c22ed19            -           1510 537718at33208        -            243   2.2e-21   78.1   6.4   3   3   1.8e-08   2.7e-06   28.6   0.0    37    93   644   701   639   727 0.93 -
evm.utg73.142                        -            520 537718at33208        -            243   2.2e-21   78.0   0.2   1   3   8.2e-05     0.013   16.6   0.0    56   130   274   352   243   359 0.72 -
evm.utg73.142                        -            520 537718at33208        -            243   2.2e-21   78.0   0.2   2   3   6.6e-07    0.0001   23.5   0.0    35   138   293   402   281   421 0.81 -
evm.utg73.142                        -            520 537718at33208        -            243   2.2e-21   78.0   0.2   3   3   5.2e-15     8e-13   50.0   0.3    38   129   422   517   419   518 0.95 -
evm.utg2159.31                       -           1576 537718at33208        -            243   2.6e-21   77.8   6.4   1   3   3.2e-07   4.9e-05   24.6   0.2    26    97   416   492   409   500 0.84 -
evm.utg2159.31                       -           1576 537718at33208        -            243   2.6e-21   77.8   6.4   2   3     1e-07   1.6e-05   26.2   0.8    35   135   509   615   496   622 0.81 -
evm.utg2159.31                       -           1576 537718at33208        -            243   2.6e-21   77.8   6.4   3   3   1.9e-08   2.9e-06   28.6   0.0    37    93   644   701   639   727 0.93 -
evm.utg389.12.2.5c22f032             -            702 537718at33208        -            243   5.7e-21   76.7  18.5   1   4      0.88   1.4e+02    3.5   0.0   115   142    51    78    46    96 0.82 -
evm.utg389.12.2.5c22f032             -            702 537718at33208        -            243   5.7e-21   76.7  18.5   2   4   1.5e-09   2.4e-07   32.1   2.6    36   172   101   255    84   262 0.80 -
evm.utg389.12.2.5c22f032             -            702 537718at33208        -            243   5.7e-21   76.7  18.5   3   4   7.6e-08   1.2e-05   26.6   0.3    21   102   262   353   254   365 0.85 -
evm.utg389.12.2.5c22f032             -            702 537718at33208        -            243   5.7e-21   76.7  18.5   4   4   7.1e-07   0.00011   23.4   0.5    36   103   366   436   348   442 0.80 -
evm.utg496.26                        -            504 537718at33208        -            243     1e-20   75.9   3.5   1   3   8.5e-06    0.0013   19.9   0.0    35    99   225   291   207   297 0.88 -
evm.utg496.26                        -            504 537718at33208        -            243     1e-20   75.9   3.5   2   3   1.1e-05    0.0017   19.5   0.1    37   103   309   380   305   393 0.86 -
evm.utg496.26                        -            504 537718at33208        -            243     1e-20   75.9   3.5   3   3   9.3e-10   1.4e-07   32.8   0.1    35   113   400   483   390   496 0.82 -
evm.utg343339.3                      -            504 537718at33208        -            243     1e-20   75.9   3.5   1   3   8.5e-06    0.0013   19.9   0.0    35    99   225   291   207   297 0.88 -
evm.utg343339.3                      -            504 537718at33208        -            243     1e-20   75.9   3.5   2   3   1.1e-05    0.0017   19.5   0.1    37   103   309   380   305   393 0.86 -
evm.utg343339.3                      -            504 537718at33208        -            243     1e-20   75.9   3.5   3   3   9.3e-10   1.4e-07   32.8   0.1    35   113   400   483   390   496 0.82 -
evm.utg1694.17                       -            301 537718at33208        -            243   1.4e-20   75.5   0.8   1   2   2.3e-14   3.5e-12   48.0   0.3    29   136   113   226    99   233 0.83 -
evm.utg1694.17                       -            301 537718at33208        -            243   1.4e-20   75.5   0.8   2   2     1e-07   1.6e-05   26.2   0.0    35    89   243   297   224   300 0.83 -
evm.utg911.6.2.5c22f4f3.1.5c279873   -           1182 537718at33208        -            243   1.4e-20   75.5   9.4   1   5   4.2e-07   6.5e-05   24.1   0.3    49   172    72   214    65   222 0.75 -
evm.utg911.6.2.5c22f4f3.1.5c279873   -           1182 537718at33208        -            243   1.4e-20   75.5   9.4   2   5      0.21        33    5.5   0.0   117   138   414   435   410   467 0.83 -
evm.utg911.6.2.5c22f4f3.1.5c279873   -           1182 537718at33208        -            243   1.4e-20   75.5   9.4   3   5       3.9     6e+02    1.3   0.0    36    74   490   528   477   532 0.90 -
evm.utg911.6.2.5c22f4f3.1.5c279873   -           1182 537718at33208        -            243   1.4e-20   75.5   9.4   4   5   6.5e-09     1e-06   30.1   0.0    36   135   535   648   530   654 0.73 -
evm.utg911.6.2.5c22f4f3.1.5c279873   -           1182 537718at33208        -            243   1.4e-20   75.5   9.4   5   5   0.00022     0.034   15.2   0.1    37    89   673   728   665   739 0.91 -
evm.utg498.152.1.5c22f1a3            -            739 537718at33208        -            243   1.6e-20   75.2   0.5   1   2     3e-13   4.6e-11   44.3   0.1    22   130   507   621   486   625 0.86 -
evm.utg498.152.1.5c22f1a3            -            739 537718at33208        -            243   1.6e-20   75.2   0.5   2   2   2.3e-10   3.5e-08   34.8   0.2    37   134   606   706   599   713 0.75 -
evm.utg911.6.2.5c22f4f3              -           1606 537718at33208        -            243   2.9e-20   74.4   7.8   1   5   6.4e-07   9.8e-05   23.6   0.3    50   172    73   214    65   222 0.75 -
evm.utg911.6.2.5c22f4f3              -           1606 537718at33208        -            243   2.9e-20   74.4   7.8   2   5       0.3        46    5.0   0.0   117   138   414   435   410   467 0.83 -
evm.utg911.6.2.5c22f4f3              -           1606 537718at33208        -            243   2.9e-20   74.4   7.8   3   5       5.7   8.9e+02    0.8   0.0    36    74   490   528   480   534 0.91 -
evm.utg911.6.2.5c22f4f3              -           1606 537718at33208        -            243   2.9e-20   74.4   7.8   4   5   9.3e-09   1.4e-06   29.6   0.0    36   135   535   648   530   655 0.73 -
evm.utg911.6.2.5c22f4f3              -           1606 537718at33208        -            243   2.9e-20   74.4   7.8   5   5   0.00032     0.049   14.7   0.1    37    89   673   728   666   739 0.91 -
evm.utg564.26                        -            598 537718at33208        -            243   3.2e-20   74.3   0.0   1   4      0.22        34    5.4   0.0   112   137   362   387   348   401 0.72 -
evm.utg564.26                        -            598 537718at33208        -            243   3.2e-20   74.3   0.0   2   4   9.3e-13   1.4e-10   42.7   0.0    36   150   406   531   401   533 0.87 -
evm.utg564.26                        -            598 537718at33208        -            243   3.2e-20   74.3   0.0   3   4   2.5e-11   3.9e-09   38.0   0.0    36   131   448   549   445   564 0.91 -
evm.utg564.26                        -            598 537718at33208        -            243   3.2e-20   74.3   0.0   4   4      0.85   1.3e+02    3.5   0.1    24    54   520   550   515   594 0.67 -
evm.utg911.6.1.5c22f4f3              -           1631 537718at33208        -            243   3.4e-20   74.2   7.9   1   5   6.5e-07    0.0001   23.5   0.3    50   172    73   214    65   222 0.75 -
evm.utg911.6.1.5c22f4f3              -           1631 537718at33208        -            243   3.4e-20   74.2   7.9   2   5       0.3        47    5.0   0.0   117   138   414   435   410   467 0.83 -
evm.utg911.6.1.5c22f4f3              -           1631 537718at33208        -            243   3.4e-20   74.2   7.9   3   5       5.8   8.9e+02    0.8   0.0    36    74   490   528   478   532 0.91 -
evm.utg911.6.1.5c22f4f3              -           1631 537718at33208        -            243   3.4e-20   74.2   7.9   4   5   9.8e-09   1.5e-06   29.5   0.0    36   135   535   648   530   654 0.73 -
evm.utg911.6.1.5c22f4f3              -           1631 537718at33208        -            243   3.4e-20   74.2   7.9   5   5   0.00032      0.05   14.7   0.1    37    89   673   728   666   739 0.91 -
evm.utg911.6                         -           1632 537718at33208        -            243   3.4e-20   74.2   7.9   1   5   6.5e-07    0.0001   23.5   0.3    50   172    73   214    65   222 0.75 -
evm.utg911.6                         -           1632 537718at33208        -            243   3.4e-20   74.2   7.9   2   5       0.3        47    5.0   0.0   117   138   414   435   410   467 0.83 -
evm.utg911.6                         -           1632 537718at33208        -            243   3.4e-20   74.2   7.9   3   5       5.8   8.9e+02    0.8   0.0    36    74   490   528   478   532 0.91 -
evm.utg911.6                         -           1632 537718at33208        -            243   3.4e-20   74.2   7.9   4   5   9.8e-09   1.5e-06   29.5   0.0    36   135   535   648   530   654 0.73 -
evm.utg911.6                         -           1632 537718at33208        -            243   3.4e-20   74.2   7.9   5   5   0.00032      0.05   14.7   0.1    37    89   673   728   666   739 0.91 -
evm.utg498.152                       -           1030 537718at33208        -            243   5.1e-20   73.6   0.5   1   3     0.035       5.4    8.0   0.0    36    71   484   519   475   525 0.92 -
evm.utg498.152                       -           1030 537718at33208        -            243   5.1e-20   73.6   0.5   2   3   4.8e-13   7.3e-11   43.6   0.1    23   130   508   621   486   626 0.87 -
evm.utg498.152                       -           1030 537718at33208        -            243   5.1e-20   73.6   0.5   3   3   3.8e-10   5.8e-08   34.1   0.2    37   134   606   706   600   714 0.75 -
evm.utg9141.14                       -            390 537718at33208        -            243     1e-19   72.6  10.2   1   3   0.00069      0.11   13.6   0.3    38   110    53   128    34   134 0.80 -
evm.utg9141.14                       -            390 537718at33208        -            243     1e-19   72.6  10.2   2   3   1.6e-05    0.0024   19.0   0.0    36    95   134   197   129   207 0.83 -
evm.utg9141.14                       -            390 537718at33208        -            243     1e-19   72.6  10.2   3   3   3.1e-13   4.7e-11   44.2   1.8    34   130   222   329   209   336 0.78 -
evm.utg234.60                        -            303 537718at33208        -            243   1.5e-19   72.1   8.6   1   4   6.3e-05    0.0097   17.0   0.1    99   144    58   104    10   114 0.76 -
evm.utg234.60                        -            303 537718at33208        -            243   1.5e-19   72.1   8.6   2   4     0.035       5.4    8.0   0.0    35    65   115   145   108   158 0.85 -
evm.utg234.60                        -            303 537718at33208        -            243   1.5e-19   72.1   8.6   3   4   4.5e-13   6.9e-11   43.7   1.0    36   129   158   257   156   257 0.88 -
evm.utg234.60                        -            303 537718at33208        -            243   1.5e-19   72.1   8.6   4   4     7e-05     0.011   16.9   0.3    36    89   242   297   241   300 0.93 -
evm.utg777.49                        -            667 537718at33208        -            243   1.7e-19   71.9   0.4   1   2     3e-06   0.00046   21.4   0.0    48   129   397   484   389   509 0.82 -
evm.utg777.49                        -            667 537718at33208        -            243   1.7e-19   71.9   0.4   2   2   9.7e-14   1.5e-11   45.9   0.0    35   129   510   610   491   614 0.87 -
evm.utg10470.3                       -            667 537718at33208        -            243   2.3e-19   71.4   0.3   1   3       9.4   1.5e+03    0.1   0.0   100   130   340   370   333   378 0.53 -
evm.utg10470.3                       -            667 537718at33208        -            243   2.3e-19   71.4   0.3   2   3   3.7e-06   0.00057   21.1   0.0    48   129   397   484   389   489 0.84 -
evm.utg10470.3                       -            667 537718at33208        -            243   2.3e-19   71.4   0.3   3   3   1.6e-13   2.4e-11   45.2   0.0    35   129   510   610   492   614 0.87 -
evm.utg2967.37.2.5c22ee73            -            682 537718at33208        -            243   3.1e-19   71.0   0.0   1   2   1.3e-11   1.9e-09   39.0   0.0    33   150    28   156     3   157 0.79 -
evm.utg2967.37.2.5c22ee73            -            682 537718at33208        -            243   3.1e-19   71.0   0.0   2   2     2e-08   3.1e-06   28.5   0.0    22   135   138   263   134   272 0.80 -
evm.utg2967.37                       -            683 537718at33208        -            243   5.2e-19   70.3   0.0   1   3   2.1e-11   3.2e-09   38.3   0.0    35   150    31   157    10   158 0.82 -
evm.utg2967.37                       -            683 537718at33208        -            243   5.2e-19   70.3   0.0   2   3   5.4e-05    0.0084   17.2   0.0    22    79   139   202   135   203 0.88 -
evm.utg2967.37                       -            683 537718at33208        -            243   5.2e-19   70.3   0.0   3   3   0.00029     0.045   14.9   0.0    37    90   201   256   199   278 0.89 -
evm.utg4972.23.2.5c22f18b            -            508 537718at33208        -            243     6e-19   70.1   1.0   1   2   4.9e-10   7.5e-08   33.8   0.1    25    89   344   414   338   423 0.84 -
evm.utg4972.23.2.5c22f18b            -            508 537718at33208        -            243     6e-19   70.1   1.0   2   2   2.3e-10   3.5e-08   34.8   0.1    21    91   428   501   417   506 0.88 -
evm.utg2483.3                        -            367 537718at33208        -            243   6.2e-19   70.1   0.5   1   2     3e-13   4.6e-11   44.3   0.2    26   131   145   261   142   271 0.85 -
evm.utg2483.3                        -            367 537718at33208        -            243   6.2e-19   70.1   0.5   2   2   4.6e-07     7e-05   24.0   0.0    29   105   279   359   264   362 0.78 -
evm.utg2483.3.1.5c22edbc             -            367 537718at33208        -            243   6.2e-19   70.1   0.5   1   2     3e-13   4.6e-11   44.3   0.2    26   131   145   261   142   271 0.85 -
evm.utg2483.3.1.5c22edbc             -            367 537718at33208        -            243   6.2e-19   70.1   0.5   2   2   4.6e-07     7e-05   24.0   0.0    29   105   279   359   264   362 0.78 -
evm.utg6459.21                       -            392 537718at33208        -            243   6.5e-19   70.0  11.1   1   3   0.00029     0.045   14.8   0.3    38   112    55   132    30   143 0.73 -
evm.utg6459.21                       -            392 537718at33208        -            243   6.5e-19   70.0  11.1   2   3   8.3e-09   1.3e-06   29.7   0.5    36   133   136   245   132   250 0.79 -
evm.utg6459.21                       -            392 537718at33208        -            243   6.5e-19   70.0  11.1   3   3   3.6e-12   5.5e-10   40.7   2.9    34   130   224   331   211   337 0.78 -
evm.utg2323.5                        -            681 537718at33208        -            243   1.2e-18   69.1   0.0   1   3   1.6e-11   2.5e-09   38.6   0.0    35   150    31   157    10   159 0.82 -
evm.utg2323.5                        -            681 537718at33208        -            243   1.2e-18   69.1   0.0   2   3   6.7e-08     1e-05   26.8   0.0    22   122   139   250   135   257 0.78 -
evm.utg2323.5                        -            681 537718at33208        -            243   1.2e-18   69.1   0.0   3   3   0.00087      0.13   13.3   0.0    37    90   201   256   199   277 0.89 -
evm.utg26219.6                       -            683 537718at33208        -            243   1.3e-18   69.0   0.0   1   2   2.1e-11   3.2e-09   38.3   0.0    35   150    31   157    10   158 0.82 -
evm.utg26219.6                       -            683 537718at33208        -            243   1.3e-18   69.0   0.0   2   2   1.8e-08   2.8e-06   28.6   0.0    22   137   139   266   134   274 0.79 -
evm.utg17809.13                      -            456 537718at33208        -            243   1.4e-18   68.9   5.3   1   4   1.1e-05    0.0016   19.6   0.1    27   134   104   180    88   200 0.50 -
evm.utg17809.13                      -            456 537718at33208        -            243   1.4e-18   68.9   5.3   2   4   2.7e-07   4.2e-05   24.8   0.1    35   102   207   278   202   310 0.85 -
evm.utg17809.13                      -            456 537718at33208        -            243   1.4e-18   68.9   5.3   3   4   0.00065       0.1   13.7   0.1    77   149   331   413   327   415 0.73 -
evm.utg17809.13                      -            456 537718at33208        -            243   1.4e-18   68.9   5.3   4   4      0.01       1.6    9.8   0.0    36    68   415   447   414   449 0.89 -
evm.utg1192.3.1.5c22e912             -           1870 537718at33208        -            243   2.7e-18   68.0   9.3   1   5   8.7e-06    0.0013   19.8   0.2    61   172    84   214    66   222 0.72 -
evm.utg1192.3.1.5c22e912             -           1870 537718at33208        -            243   2.7e-18   68.0   9.3   2   5      0.36        56    4.7   0.0   117   138   414   435   411   467 0.83 -
evm.utg1192.3.1.5c22e912             -           1870 537718at33208        -            243   2.7e-18   68.0   9.3   3   5       6.2   9.5e+02    0.7   0.0    36    74   490   528   473   532 0.90 -
evm.utg1192.3.1.5c22e912             -           1870 537718at33208        -            243   2.7e-18   68.0   9.3   4   5   1.8e-08   2.8e-06   28.6   0.0    36   136   535   649   528   655 0.79 -
evm.utg1192.3.1.5c22e912             -           1870 537718at33208        -            243   2.7e-18   68.0   9.3   5   5   0.00038     0.058   14.5   0.1    37    89   673   728   666   739 0.91 -
evm.utg1192.3                        -           1939 537718at33208        -            243   3.4e-18   67.6   9.4   1   5   9.1e-06    0.0014   19.8   0.2    61   172    84   214    66   222 0.72 -
evm.utg1192.3                        -           1939 537718at33208        -            243   3.4e-18   67.6   9.4   2   5      0.38        58    4.7   0.0   117   138   414   435   411   467 0.83 -
evm.utg1192.3                        -           1939 537718at33208        -            243   3.4e-18   67.6   9.4   3   5         7   1.1e+03    0.5   0.0    36    74   490   528   478   532 0.91 -
evm.utg1192.3                        -           1939 537718at33208        -            243   3.4e-18   67.6   9.4   4   5     2e-08     3e-06   28.5   0.0    36   136   535   649   531   655 0.78 -
evm.utg1192.3                        -           1939 537718at33208        -            243   3.4e-18   67.6   9.4   5   5   0.00039      0.06   14.4   0.1    37    89   673   728   666   739 0.91 -
evm.utg14.76                         -            335 537718at33208        -            243   3.7e-18   67.5   6.6   1   4   0.00011     0.017   16.2   0.1    99   144    60   106    14   116 0.78 -
evm.utg14.76                         -            335 537718at33208        -            243   3.7e-18   67.5   6.6   2   4     0.041       6.3    7.8   0.0    35    65   117   147   111   160 0.85 -
evm.utg14.76                         -            335 537718at33208        -            243   3.7e-18   67.5   6.6   3   4     5e-09   7.8e-07   30.4   0.1    36    87   160   213   158   219 0.93 -
evm.utg14.76                         -            335 537718at33208        -            243   3.7e-18   67.5   6.6   4   4   0.00055     0.084   14.0   0.1    38    89   276   329   265   332 0.92 -
evm.utg3260.7                        -            375 537718at33208        -            243   4.4e-18   67.3   7.0   1   4   1.3e-09   2.1e-07   32.3   0.3    36   133    43   142    19   149 0.85 -
evm.utg3260.7                        -            375 537718at33208        -            243   4.4e-18   67.3   7.0   2   4   1.5e-07   2.3e-05   25.6   0.0    71   135   173   241   165   247 0.85 -
evm.utg3260.7                        -            375 537718at33208        -            243   4.4e-18   67.3   7.0   3   4      0.41        63    4.5   0.1    61   106   245   293   240   300 0.75 -
evm.utg3260.7                        -            375 537718at33208        -            243   4.4e-18   67.3   7.0   4   4     0.021       3.2    8.8   0.1    19    93   282   358   275   364 0.89 -
evm.utg435.1                         -            468 537718at33208        -            243     9e-18   66.2   1.4   1   4      0.15        23    6.0   0.0   103   136   147   180   138   187 0.85 -
evm.utg435.1                         -            468 537718at33208        -            243     9e-18   66.2   1.4   2   4   2.9e-13   4.4e-11   44.3   0.2    30   135   200   311   187   317 0.90 -
evm.utg435.1                         -            468 537718at33208        -            243     9e-18   66.2   1.4   3   4     0.012       1.8    9.6   0.1    64    90   317   345   308   363 0.77 -
evm.utg435.1                         -            468 537718at33208        -            243     9e-18   66.2   1.4   4   4       1.5   2.3e+02    2.7   0.0    30    55   378   405   366   454 0.64 -
evm.utg7048.1                        -            362 537718at33208        -            243   9.4e-18   66.2   1.4   1   3      0.12        18    6.3   0.0   103   135    40    72    31    77 0.85 -
evm.utg7048.1                        -            362 537718at33208        -            243   9.4e-18   66.2   1.4   2   3   9.9e-14   1.5e-11   45.9   0.2    30   135    93   204    82   209 0.90 -
evm.utg7048.1                        -            362 537718at33208        -            243   9.4e-18   66.2   1.4   3   3    0.0053      0.82   10.7   0.1    64    90   210   238   201   255 0.77 -
evm.utg183.39                        -           1787 537718at33208        -            243   1.5e-17   65.5   0.3   1   4       2.9   4.4e+02    1.8   0.0    55   109   169   229   166   236 0.58 -
evm.utg183.39                        -           1787 537718at33208        -            243   1.5e-17   65.5   0.3   2   4   2.3e-07   3.6e-05   25.0   0.0    30    89   228   293   215   306 0.83 -
evm.utg183.39                        -           1787 537718at33208        -            243   1.5e-17   65.5   0.3   3   4   1.9e-06   0.00029   22.0   0.0    35    89   329   388   296   399 0.78 -
evm.utg183.39                        -           1787 537718at33208        -            243   1.5e-17   65.5   0.3   4   4    0.0015      0.23   12.5   0.0    67   138   424   500   406   570 0.74 -
evm.utg73.142.1.5c22f3bd             -            561 537718at33208        -            243   2.2e-17   65.0   0.3   1   2     7e-07   0.00011   23.4   0.0    35   138   293   402   278   421 0.81 -
evm.utg73.142.1.5c22f3bd             -            561 537718at33208        -            243   2.2e-17   65.0   0.3   2   2   2.3e-11   3.5e-09   38.1   0.1    38   103   422   490   418   504 0.90 -
evm.utg1204.47                       -            338 537718at33208        -            243   2.9e-17   64.6   3.7   1   3   3.3e-09     5e-07   31.1   0.5    36   132    28   135    10   146 0.79 -
evm.utg1204.47                       -            338 537718at33208        -            243   2.9e-17   64.6   3.7   2   3   1.2e-06   0.00019   22.6   0.1    34    90   160   221   141   247 0.77 -
evm.utg1204.47                       -            338 537718at33208        -            243   2.9e-17   64.6   3.7   3   3    0.0095       1.5    9.9   0.0    34    90   262   331   249   336 0.70 -
evm.utg1204.47.1.5c22e937            -            333 537718at33208        -            243   2.9e-17   64.6   1.2   1   3   3.4e-09   5.3e-07   31.0   0.6    36   132    28   135    10   146 0.79 -
evm.utg1204.47.1.5c22e937            -            333 537718at33208        -            243   2.9e-17   64.6   1.2   2   3     1e-06   0.00016   22.9   0.1    34    95   160   221   139   254 0.76 -
evm.utg1204.47.1.5c22e937            -            333 537718at33208        -            243   2.9e-17   64.6   1.2   3   3     0.045       6.9    7.7   0.0    33    88   261   328   250   331 0.75 -
evm.utg27.21                         -            316 537718at33208        -            243   3.7e-17   64.2   1.7   1   3      0.16        25    5.8   0.1    99   131    12    46     3    54 0.76 -
evm.utg27.21                         -            316 537718at33208        -            243   3.7e-17   64.2   1.7   2   3   1.8e-11   2.8e-09   38.4   0.5    15   134    52   183    47   188 0.81 -
evm.utg27.21                         -            316 537718at33208        -            243   3.7e-17   64.2   1.7   3   3   5.1e-05    0.0078   17.3   0.0    97   173   187   270   182   277 0.72 -
evm.utg3283.18                       -            313 537718at33208        -            243   5.9e-17   63.6   5.3   1   3   6.3e-10   9.8e-08   33.4   0.4    36   133    43   142    25   149 0.88 -
evm.utg3283.18                       -            313 537718at33208        -            243   5.9e-17   63.6   5.3   2   3   1.1e-07   1.7e-05   26.1   0.0    71   135   173   241   164   246 0.85 -
evm.utg3283.18                       -            313 537718at33208        -            243   5.9e-17   63.6   5.3   3   3      0.34        52    4.8   0.1    61   106   245   293   241   300 0.74 -
evm.utg73.96                         -            327 537718at33208        -            243     6e-17   63.6   0.2   1   2   1.9e-10   2.9e-08   35.1   0.5    56   171    22   150    10   183 0.83 -
evm.utg73.96                         -            327 537718at33208        -            243     6e-17   63.6   0.2   2   2   1.1e-07   1.7e-05   26.0   0.0    17   116   189   298   179   308 0.79 -
evm.utg3260.7.1.5c22ef15             -            313 537718at33208        -            243   7.5e-17   63.2   4.8   1   3     9e-10   1.4e-07   32.9   0.3    36   133    43   142    20   152 0.86 -
evm.utg3260.7.1.5c22ef15             -            313 537718at33208        -            243   7.5e-17   63.2   4.8   2   3   1.1e-07   1.7e-05   26.1   0.0    71   135   173   241   164   246 0.85 -
evm.utg3260.7.1.5c22ef15             -            313 537718at33208        -            243   7.5e-17   63.2   4.8   3   3   7.1e-05     0.011   16.9   0.2    37   106   221   293   220   300 0.85 -
evm.utg3260.7.1.5c22ef15.1.5c279399  -            313 537718at33208        -            243   7.5e-17   63.2   4.8   1   3     9e-10   1.4e-07   32.9   0.3    36   133    43   142    20   152 0.86 -
evm.utg3260.7.1.5c22ef15.1.5c279399  -            313 537718at33208        -            243   7.5e-17   63.2   4.8   2   3   1.1e-07   1.7e-05   26.1   0.0    71   135   173   241   164   246 0.85 -
evm.utg3260.7.1.5c22ef15.1.5c279399  -            313 537718at33208        -            243   7.5e-17   63.2   4.8   3   3   7.1e-05     0.011   16.9   0.2    37   106   221   293   220   300 0.85 -
evm.utg498.66                        -            670 537718at33208        -            243   8.5e-17   63.1   4.7   1   4   3.8e-09   5.9e-07   30.8   0.6    27   130   399   507   388   510 0.80 -
evm.utg498.66                        -            670 537718at33208        -            243   8.5e-17   63.1   4.7   2   4      0.18        28    5.7   0.1    40    98   496   553   476   559 0.86 -
evm.utg498.66                        -            670 537718at33208        -            243   8.5e-17   63.1   4.7   3   4     5e-07   7.7e-05   23.9   0.1    34   130   529   630   509   632 0.82 -
evm.utg498.66                        -            670 537718at33208        -            243   8.5e-17   63.1   4.7   4   4    0.0001     0.016   16.3   0.0    38    87   616   665   613   669 0.93 -
evm.utg693.67                        -           1677 537718at33208        -            243   1.4e-16   62.4   4.6   1   7   2.7e-06   0.00042   21.5   0.1    20    91    53   133    49   153 0.77 -
evm.utg693.67                        -           1677 537718at33208        -            243   1.4e-16   62.4   4.6   2   7     0.021       3.3    8.7   0.0   110   142   218   250   211   260 0.88 -
evm.utg693.67                        -           1677 537718at33208        -            243   1.4e-16   62.4   4.6   3   7      0.25        39    5.2   0.1    93   137   305   350   277   363 0.71 -
evm.utg693.67                        -           1677 537718at33208        -            243   1.4e-16   62.4   4.6   4   7       3.6   5.6e+02    1.4   0.0    36    73   417   454   389   484 0.71 -
evm.utg693.67                        -           1677 537718at33208        -            243   1.4e-16   62.4   4.6   5   7       2.3   3.5e+02    2.1   0.0    36    75   521   560   504   566 0.91 -
evm.utg693.67                        -           1677 537718at33208        -            243   1.4e-16   62.4   4.6   6   7       2.2   3.4e+02    2.1   0.0    37    57   576   596   572   604 0.87 -
evm.utg693.67                        -           1677 537718at33208        -            243   1.4e-16   62.4   4.6   7   7    0.0015      0.23   12.5   0.0    36    87   635   689   619   704 0.85 -
evm.utg2216.8                        -            504 537718at33208        -            243   1.7e-16   62.1   0.0   1   3   3.7e-05    0.0056   17.8   0.0    31   107    20   104     6   111 0.80 -
evm.utg2216.8                        -            504 537718at33208        -            243   1.7e-16   62.1   0.0   2   3   6.2e-06   0.00095   20.3   0.0    34   107   109   189    97   239 0.76 -
evm.utg2216.8                        -            504 537718at33208        -            243   1.7e-16   62.1   0.0   3   3   3.9e-05     0.006   17.7   0.0    36    90   263   320   249   337 0.89 -
evm.utg21625.6                       -            513 537718at33208        -            243     6e-16   60.3   4.3   1   5      0.39        60    4.6   0.0   110   135    94   119    73   128 0.78 -
evm.utg21625.6                       -            513 537718at33208        -            243     6e-16   60.3   4.3   2   5      0.36        56    4.7   0.0   111   135    95   119    88   157 0.76 -
evm.utg21625.6                       -            513 537718at33208        -            243     6e-16   60.3   4.3   3   5   1.8e-06   0.00027   22.1   0.1    38   137   187   298   163   310 0.78 -
evm.utg21625.6                       -            513 537718at33208        -            243     6e-16   60.3   4.3   4   5   3.9e-06    0.0006   21.0   0.0    36   132   319   420   309   442 0.82 -
evm.utg21625.6                       -            513 537718at33208        -            243     6e-16   60.3   4.3   5   5   1.5e-06   0.00023   22.4   0.2    36   117   402   488   398   494 0.85 -
evm.utg55.122                        -            446 537718at33208        -            243   6.9e-16   60.1   5.8   1   4   1.8e-06   0.00028   22.1   2.1    24   131   111   230   104   238 0.78 -
evm.utg55.122                        -            446 537718at33208        -            243   6.9e-16   60.1   5.8   2   4      0.74   1.1e+02    3.7   0.2   113   138   282   308   265   322 0.66 -
evm.utg55.122                        -            446 537718at33208        -            243   6.9e-16   60.1   5.8   3   4    0.0048      0.73   10.9   0.0    33    73   322   365   304   371 0.78 -
evm.utg55.122                        -            446 537718at33208        -            243   6.9e-16   60.1   5.8   4   4     2e-06   0.00031   21.9   0.0    38    90   373   427   368   441 0.83 -
evm.utg245.48                        -            321 537718at33208        -            243   1.1e-15   59.4   0.1   1   4     0.079        12    6.9   0.0   103   141    23    61    12    80 0.78 -
evm.utg245.48                        -            321 537718at33208        -            243   1.1e-15   59.4   0.1   2   4   2.4e-06   0.00038   21.6   0.0    38    84    87   134    65   134 0.88 -
evm.utg245.48                        -            321 537718at33208        -            243   1.1e-15   59.4   0.1   3   4   2.1e-07   3.2e-05   25.1   0.0    37    89   127   179   125   187 0.94 -
evm.utg245.48                        -            321 537718at33208        -            243   1.1e-15   59.4   0.1   4   4     0.044       6.7    7.7   0.0    38    94   259   317   247   319 0.85 -
evm.utg194.98                        -            510 537718at33208        -            243   1.1e-15   59.4   5.7   1   3   8.7e-08   1.3e-05   26.4   2.1    38   135   241   344   235   350 0.88 -
evm.utg194.98                        -            510 537718at33208        -            243   1.1e-15   59.4   5.7   2   3   2.1e-06   0.00033   21.8   0.0    39    96   371   426   367   438 0.83 -
evm.utg194.98                        -            510 537718at33208        -            243   1.1e-15   59.4   5.7   3   3     0.012       1.9    9.5   0.1    36    86   453   503   443   507 0.88 -
evm.utg6430.5                        -            514 537718at33208        -            243   1.1e-15   59.4   4.6   1   4      0.31        48    4.9   0.0   109   135    93   119    30   142 0.82 -
evm.utg6430.5                        -            514 537718at33208        -            243   1.1e-15   59.4   4.6   2   4   1.2e-06   0.00018   22.7   0.1    38   138   187   299   171   312 0.77 -
evm.utg6430.5                        -            514 537718at33208        -            243   1.1e-15   59.4   4.6   3   4   3.2e-06   0.00049   21.3   0.0    36   148   319   441   310   443 0.81 -
evm.utg6430.5                        -            514 537718at33208        -            243   1.1e-15   59.4   4.6   4   4   8.9e-06    0.0014   19.8   0.1    36   112   402   483   401   494 0.83 -
evm.utg72.22                         -            454 537718at33208        -            243   1.4e-15   59.0   4.6   1   3   0.00013     0.019   16.0   0.4    63   135   103   181    88   198 0.54 -
evm.utg72.22                         -            454 537718at33208        -            243   1.4e-15   59.0   4.6   2   3    0.0073       1.1   10.3   0.0    35    70   207   242   203   256 0.90 -
evm.utg72.22                         -            454 537718at33208        -            243   1.4e-15   59.0   4.6   3   3   2.7e-09   4.1e-07   31.3   0.2    38   152   312   438   307   451 0.72 -
evm.utg6220.15                       -            692 537718at33208        -            243   1.5e-15   58.9   9.9   1   5     0.016       2.5    9.1   0.0    31    75    77   121    71   125 0.90 -
evm.utg6220.15                       -            692 537718at33208        -            243   1.5e-15   58.9   9.9   2   5   2.5e-06   0.00039   21.6   0.3    37   130   125   224   121   231 0.82 -
evm.utg6220.15                       -            692 537718at33208        -            243   1.5e-15   58.9   9.9   3   5       3.4   5.3e+02    1.5   0.0    98   129   412   444   349   449 0.83 -
evm.utg6220.15                       -            692 537718at33208        -            243   1.5e-15   58.9   9.9   4   5      0.12        19    6.3   0.0    37    87   470   522   465   553 0.75 -
evm.utg6220.15                       -            692 537718at33208        -            243   1.5e-15   58.9   9.9   5   5   8.4e-06    0.0013   19.9   0.3    33    88   605   662   597   676 0.86 -
evm.utg6220.15.1.5c22f2e5            -            692 537718at33208        -            243   1.5e-15   58.9   9.9   1   5     0.016       2.5    9.1   0.0    31    75    77   121    71   125 0.90 -
evm.utg6220.15.1.5c22f2e5            -            692 537718at33208        -            243   1.5e-15   58.9   9.9   2   5   2.5e-06   0.00039   21.6   0.3    37   130   125   224   121   231 0.82 -
evm.utg6220.15.1.5c22f2e5            -            692 537718at33208        -            243   1.5e-15   58.9   9.9   3   5       3.4   5.3e+02    1.5   0.0    98   129   412   444   349   449 0.83 -
evm.utg6220.15.1.5c22f2e5            -            692 537718at33208        -            243   1.5e-15   58.9   9.9   4   5      0.12        19    6.3   0.0    37    87   470   522   465   553 0.75 -
evm.utg6220.15.1.5c22f2e5            -            692 537718at33208        -            243   1.5e-15   58.9   9.9   5   5   8.4e-06    0.0013   19.9   0.3    33    88   605   662   597   676 0.86 -
evm.utg1363.31                       -            612 537718at33208        -            243   1.6e-15   58.9   3.8   1   5   0.00064     0.098   13.7   0.0    23    93    44   129    28   176 0.73 -
evm.utg1363.31                       -            612 537718at33208        -            243   1.6e-15   58.9   3.8   2   5       7.6   1.2e+03    0.4   0.1    59   120   184   254   157   262 0.66 -
evm.utg1363.31                       -            612 537718at33208        -            243   1.6e-15   58.9   3.8   3   5   9.4e-05     0.015   16.4   0.0    41   135   340   441   295   451 0.79 -
evm.utg1363.31                       -            612 537718at33208        -            243   1.6e-15   58.9   3.8   4   5     0.012       1.8    9.6   0.0    96   130   449   483   443   497 0.68 -
evm.utg1363.31                       -            612 537718at33208        -            243   1.6e-15   58.9   3.8   5   5   0.00027     0.042   14.9   0.0    36   129   508   608   489   609 0.84 -
evm.utg3872.12.1.5c22f029            -            412 537718at33208        -            243   1.7e-15   58.8   3.0   1   3   1.7e-05    0.0026   18.9   0.0    21   106   108   210   104   214 0.72 -
evm.utg3872.12.1.5c22f029            -            412 537718at33208        -            243   1.7e-15   58.8   3.0   2   3     1e-08   1.6e-06   29.4   0.9    26    99   203   284   200   294 0.85 -
evm.utg3872.12.1.5c22f029            -            412 537718at33208        -            243   1.7e-15   58.8   3.0   3   3      0.01       1.6    9.8   0.1    68   129   344   410   291   410 0.65 -
evm.utg234.60.1.5c279240             -            226 537718at33208        -            243   1.7e-15   58.8   2.5   1   3   3.8e-05    0.0059   17.7   0.1    94   144    46   104    10   112 0.75 -
evm.utg234.60.1.5c279240             -            226 537718at33208        -            243   1.7e-15   58.8   2.5   2   3     0.025       3.9    8.5   0.0    35    64   115   144   108   156 0.86 -
evm.utg234.60.1.5c279240             -            226 537718at33208        -            243   1.7e-15   58.8   2.5   3   3   2.2e-09   3.4e-07   31.6   0.2    36    87   158   211   147   216 0.92 -
evm.utg411.25                        -            871 537718at33208        -            243   2.2e-15   58.4   0.4   1   6       3.4   5.2e+02    1.5   0.0    46   128    36   122    25   129 0.67 -
evm.utg411.25                        -            871 537718at33208        -            243   2.2e-15   58.4   0.4   2   6       2.2   3.3e+02    2.2   0.0    35    77   156   200   135   221 0.72 -
evm.utg411.25                        -            871 537718at33208        -            243   2.2e-15   58.4   0.4   3   6       5.3   8.1e+02    0.9   0.0    68   130   267   336   249   362 0.64 -
evm.utg411.25                        -            871 537718at33208        -            243   2.2e-15   58.4   0.4   4   6   0.00041     0.064   14.3   0.0    36    87   362   415   357   426 0.93 -
evm.utg411.25                        -            871 537718at33208        -            243   2.2e-15   58.4   0.4   5   6   1.1e-08   1.7e-06   29.3   0.0    36   133   447   551   426   558 0.85 -
evm.utg411.25                        -            871 537718at33208        -            243   2.2e-15   58.4   0.4   6   6       8.8   1.4e+03    0.2   0.0   140   167   678   707   671   728 0.80 -
evm.utg2967.37.1.5c22ee73            -            636 537718at33208        -            243   3.1e-15   57.9   0.0   1   2   1.6e-11   2.5e-09   38.6   0.0    26   135    15   135     4   143 0.85 -
evm.utg2967.37.1.5c22ee73            -            636 537718at33208        -            243   3.1e-15   57.9   0.0   2   2   0.00017     0.025   15.6   0.0    37    90   157   212   140   233 0.86 -
evm.utg3872.12                       -            514 537718at33208        -            243   4.4e-15   57.4   3.1   1   3   2.4e-05    0.0038   18.4   0.0    21   106   210   312   206   316 0.72 -
evm.utg3872.12                       -            514 537718at33208        -            243   4.4e-15   57.4   3.1   2   3   1.5e-08   2.4e-06   28.8   1.0    26    99   305   386   302   396 0.85 -
evm.utg3872.12                       -            514 537718at33208        -            243   4.4e-15   57.4   3.1   3   3     0.014       2.2    9.3   0.1    68   129   446   512   391   512 0.66 -
evm.utg293.35                        -            341 537718at33208        -            243   5.6e-15   57.1   0.1   1   3      0.22        34    5.4   0.0    60    89    50    81    21    94 0.74 -
evm.utg293.35                        -            341 537718at33208        -            243   5.6e-15   57.1   0.1   2   3   1.3e-09     2e-07   32.4   0.0    36   150   110   238   102   241 0.78 -
evm.utg293.35                        -            341 537718at33208        -            243   5.6e-15   57.1   0.1   3   3   6.8e-05      0.01   16.9   0.0    20   129   220   340   217   340 0.65 -
evm.utg579.18                        -            368 537718at33208        -            243     7e-15   56.8   0.2   1   4     0.068        11    7.1   0.0    27    63    55    91    39    96 0.74 -
evm.utg579.18                        -            368 537718at33208        -            243     7e-15   56.8   0.2   2   4     2e-06   0.00031   21.9   0.0    50   129    99   186    92   200 0.79 -
evm.utg579.18                        -            368 537718at33208        -            243     7e-15   56.8   0.2   3   4   1.3e-06   0.00021   22.5   0.0    46   136   181   282   178   290 0.76 -
evm.utg579.18                        -            368 537718at33208        -            243     7e-15   56.8   0.2   4   4    0.0019      0.29   12.2   0.1    35   128   259   362   257   364 0.77 -
evm.utg243.69                        -           1751 537718at33208        -            243   8.5e-15   56.5   4.8   1   7   2.5e-06   0.00038   21.6   0.2    20    91    53   133    49   160 0.78 -
evm.utg243.69                        -           1751 537718at33208        -            243   8.5e-15   56.5   4.8   2   7     0.022       3.4    8.7   0.0   110   142   218   250   211   260 0.88 -
evm.utg243.69                        -           1751 537718at33208        -            243   8.5e-15   56.5   4.8   3   7       1.4   2.2e+02    2.8   0.1    76   111   327   366   281   413 0.62 -
evm.utg243.69                        -           1751 537718at33208        -            243   8.5e-15   56.5   4.8   4   7       4.7   7.3e+02    1.1   0.0    36    73   417   454   390   484 0.73 -
evm.utg243.69                        -           1751 537718at33208        -            243   8.5e-15   56.5   4.8   5   7       3.2     5e+02    1.6   0.0    37    75   523   561   506   567 0.91 -
evm.utg243.69                        -           1751 537718at33208        -            243   8.5e-15   56.5   4.8   6   7       2.2   3.4e+02    2.1   0.0    37    56   577   596   573   608 0.88 -
evm.utg243.69                        -           1751 537718at33208        -            243   8.5e-15   56.5   4.8   7   7    0.0031      0.47   11.5   0.0    36    87   636   690   611   705 0.85 -
evm.utg1290.9                        -            598 537718at33208        -            243   1.3e-14   55.9  11.7   1   4       0.2        31    5.6   0.1    99   137   316   353   307   358 0.79 -
evm.utg1290.9                        -            598 537718at33208        -            243   1.3e-14   55.9  11.7   2   4     0.012       1.8    9.6   0.6    24    98   358   436   350   470 0.80 -
evm.utg1290.9                        -            598 537718at33208        -            243   1.3e-14   55.9  11.7   3   4   8.2e-05     0.013   16.7   0.3    30    72   489   531   475   535 0.85 -
evm.utg1290.9                        -            598 537718at33208        -            243   1.3e-14   55.9  11.7   4   4   4.8e-09   7.4e-07   30.5   0.1    31    87   531   588   528   596 0.91 -
evm.utg73.56                         -            309 537718at33208        -            243   1.5e-14   55.7   2.2   1   4   0.00092      0.14   13.2   0.0    56   135     8    95     6   106 0.76 -
evm.utg73.56                         -            309 537718at33208        -            243   1.5e-14   55.7   2.2   2   4   0.00021     0.033   15.3   0.0    38    92    76   134    56   142 0.88 -
evm.utg73.56                         -            309 537718at33208        -            243   1.5e-14   55.7   2.2   3   4     0.034       5.3    8.1   0.1    36    87   117   170    98   179 0.85 -
evm.utg73.56                         -            309 537718at33208        -            243   1.5e-14   55.7   2.2   4   4   3.4e-09   5.2e-07   31.0   0.3    35   128   198   300   179   302 0.81 -
evm.utg2129.40                       -            418 537718at33208        -            243   1.6e-14   55.6   3.6   1   3   8.3e-05     0.013   16.6   0.1    59   125    98   170    87   175 0.72 -
evm.utg2129.40                       -            418 537718at33208        -            243   1.6e-14   55.6   3.6   2   3   6.5e-09     1e-06   30.1   0.1    36   153   159   293   150   294 0.83 -
evm.utg2129.40                       -            418 537718at33208        -            243   1.6e-14   55.6   3.6   3   3     5e-07   7.7e-05   23.9   0.0    37   155   250   381   248   408 0.76 -
evm.utg5985.20                       -            327 537718at33208        -            243   1.7e-14   55.6   0.7   1   3   0.00012     0.019   16.1   0.1    36    97    34    93    26   123 0.83 -
evm.utg5985.20                       -            327 537718at33208        -            243   1.7e-14   55.6   0.7   2   3   1.9e-05    0.0029   18.7   0.1    39   104   176   243   169   247 0.90 -
evm.utg5985.20                       -            327 537718at33208        -            243   1.7e-14   55.6   0.7   3   3    0.0001     0.015   16.4   0.0    31    75   255   299   249   322 0.81 -
evm.utg1005.5                        -            983 537718at33208        -            243   1.7e-14   55.5   6.3   1   4      0.08        12    6.9   0.2    93   148   688   743   682   747 0.78 -
evm.utg1005.5                        -            983 537718at33208        -            243   1.7e-14   55.5   6.3   2   4   1.7e-05    0.0025   18.9   0.0    35    87   750   802   738   809 0.90 -
evm.utg1005.5                        -            983 537718at33208        -            243   1.7e-14   55.5   6.3   3   4   0.00032      0.05   14.7   0.2    35   131   840   900   821   914 0.56 -
evm.utg1005.5                        -            983 537718at33208        -            243   1.7e-14   55.5   6.3   4   4   0.00015     0.023   15.8   0.0    36    89   922   977   900   981 0.84 -
evm.utg1290.9.1.5c22ea0d             -            569 537718at33208        -            243   1.9e-14   55.4   9.2   1   4      0.17        27    5.8   0.1    99   138   316   354   308   359 0.79 -
evm.utg1290.9.1.5c22ea0d             -            569 537718at33208        -            243   1.9e-14   55.4   9.2   2   4     0.095        15    6.6   0.2    24    83   358   421   349   425 0.79 -
evm.utg1290.9.1.5c22ea0d             -            569 537718at33208        -            243   1.9e-14   55.4   9.2   3   4   1.5e-05    0.0023   19.1   0.3    30    82   460   514   445   514 0.81 -
evm.utg1290.9.1.5c22ea0d             -            569 537718at33208        -            243   1.9e-14   55.4   9.2   4   4   4.5e-09   6.9e-07   30.6   0.1    31    87   502   559   499   567 0.91 -
evm.utg376.68                        -            977 537718at33208        -            243   3.1e-14   54.7   0.2   1   3     5e-05    0.0077   17.4   0.0    45   129    37   127    27   131 0.85 -
evm.utg376.68                        -            977 537718at33208        -            243   3.1e-14   54.7   0.2   2   3     1e-06   0.00016   22.9   0.1    36   131    70   173    64   185 0.86 -
evm.utg376.68                        -            977 537718at33208        -            243   3.1e-14   54.7   0.2   3   3   5.8e-08     9e-06   27.0   0.0    36    99   200   266   175   289 0.82 -
evm.utg376.68.1.5c22efd2             -            978 537718at33208        -            243   3.1e-14   54.7   0.2   1   3     5e-05    0.0077   17.3   0.0    45   129    37   127    27   131 0.85 -
evm.utg376.68.1.5c22efd2             -            978 537718at33208        -            243   3.1e-14   54.7   0.2   2   3     1e-06   0.00016   22.9   0.1    36   131    70   173    64   185 0.86 -
evm.utg376.68.1.5c22efd2             -            978 537718at33208        -            243   3.1e-14   54.7   0.2   3   3   5.8e-08     9e-06   27.0   0.0    36    99   200   266   175   289 0.82 -
evm.utg637.5                         -            513 537718at33208        -            243   3.8e-14   54.4   3.0   1   4       1.1   1.7e+02    3.1   0.0   144   181    45    85    40    87 0.75 -
evm.utg637.5                         -            513 537718at33208        -            243   3.8e-14   54.4   3.0   2   4   1.1e-10   1.7e-08   35.9   1.0    20   129    78   194    65   195 0.85 -
evm.utg637.5                         -            513 537718at33208        -            243   3.8e-14   54.4   3.0   3   4   4.5e-05    0.0069   17.5   0.1    37   133   137   238   136   242 0.80 -
evm.utg637.5                         -            513 537718at33208        -            243   3.8e-14   54.4   3.0   4   4    0.0015      0.22   12.6   0.0    18    91   241   318   235   322 0.75 -
evm.utg7821.35                       -            557 537718at33208        -            243   3.9e-14   54.3   0.0   1   6       9.5   1.5e+03    0.1   0.0    54    75    84   105    13   122 0.66 -
evm.utg7821.35                       -            557 537718at33208        -            243   3.9e-14   54.3   0.0   2   6      0.21        32    5.5   0.0    40    88   113   163    64   166 0.69 -
evm.utg7821.35                       -            557 537718at33208        -            243   3.9e-14   54.3   0.0   3   6   1.5e-06   0.00023   22.3   0.0    39   132   112   218    90   227 0.76 -
evm.utg7821.35                       -            557 537718at33208        -            243   3.9e-14   54.3   0.0   4   6       2.1   3.2e+02    2.2   0.0    60   110   268   324   261   339 0.57 -
evm.utg7821.35                       -            557 537718at33208        -            243   3.9e-14   54.3   0.0   5   6      0.24        37    5.3   0.0    22   112   309   403   304   459 0.83 -
evm.utg7821.35                       -            557 537718at33208        -            243   3.9e-14   54.3   0.0   6   6   4.4e-05    0.0067   17.5   0.0    35    87   493   549   476   555 0.78 -
evm.utg1819.13                       -            476 537718at33208        -            243   4.5e-14   54.1  10.0   1   3     0.002       0.3   12.1   0.1    34    97   207   277   200   279 0.79 -
evm.utg1819.13                       -            476 537718at33208        -            243   4.5e-14   54.1  10.0   2   3   9.4e-09   1.4e-06   29.6   1.2    27    95   241   315   223   320 0.88 -
evm.utg1819.13                       -            476 537718at33208        -            243   4.5e-14   54.1  10.0   3   3   8.5e-10   1.3e-07   33.0   0.3    26    99   282   359   274   377 0.92 -
evm.utg109.41                        -            598 537718at33208        -            243   4.6e-14   54.1   0.4   1   3       1.2   1.8e+02    3.1   0.0   113   132   363   382   343   398 0.59 -
evm.utg109.41                        -            598 537718at33208        -            243   4.6e-14   54.1   0.4   2   3   2.3e-13   3.5e-11   44.7   0.0    36   151   406   532   401   537 0.88 -
evm.utg109.41                        -            598 537718at33208        -            243   4.6e-14   54.1   0.4   3   3      0.82   1.3e+02    3.6   0.1    23    58   519   554   512   593 0.71 -
evm.utg439.49                        -            578 537718at33208        -            243   7.1e-14   53.5   1.0   1   3   4.2e-05    0.0065   17.6   0.0   100   174   284   369   276   385 0.74 -
evm.utg439.49                        -            578 537718at33208        -            243   7.1e-14   53.5   1.0   2   3   1.4e-05    0.0022   19.1   0.1    37   124   388   482   384   485 0.79 -
evm.utg439.49                        -            578 537718at33208        -            243   7.1e-14   53.5   1.0   3   3   8.9e-05     0.014   16.5   0.1    35   129   471   577   451   577 0.72 -
evm.utg10470.3.1.5c22e808            -            577 537718at33208        -            243   7.4e-14   53.4   0.1   1   3       7.9   1.2e+03    0.3   0.0   100   130   340   370   333   378 0.53 -
evm.utg10470.3.1.5c22e808            -            577 537718at33208        -            243   7.4e-14   53.4   0.1   2   3   2.9e-06   0.00045   21.4   0.0    48   129   397   484   389   490 0.84 -
evm.utg10470.3.1.5c22e808            -            577 537718at33208        -            243   7.4e-14   53.4   0.1   3   3   5.6e-08   8.7e-06   27.0   0.0    35    83   510   560   494   570 0.86 -
evm.utg13607.5                       -           1071 537718at33208        -            243   8.3e-14   53.3   0.3   1   3    0.0002      0.03   15.4   0.1    45   129    37   127    18   133 0.86 -
evm.utg13607.5                       -           1071 537718at33208        -            243   8.3e-14   53.3   0.3   2   3     1e-06   0.00015   22.9   0.2    36   131    70   173    62   185 0.86 -
evm.utg13607.5                       -           1071 537718at33208        -            243   8.3e-14   53.3   0.3   3   3   6.1e-08   9.4e-06   26.9   0.0    36    99   200   266   174   291 0.81 -
evm.utg777.49.1.5c22f40d             -            577 537718at33208        -            243   8.5e-14   53.2   0.0   1   3       9.5   1.5e+03    0.1   0.0    28    52   346   370   333   378 0.47 -
evm.utg777.49.1.5c22f40d             -            577 537718at33208        -            243   8.5e-14   53.2   0.0   2   3   3.1e-06   0.00049   21.3   0.0    48   129   397   484   389   487 0.84 -
evm.utg777.49.1.5c22f40d             -            577 537718at33208        -            243   8.5e-14   53.2   0.0   3   3   5.5e-08   8.5e-06   27.0   0.0    35    83   510   560   493   572 0.86 -
evm.utg245.62                        -            499 537718at33208        -            243   9.5e-14   53.1   5.3   1   2   2.4e-10   3.7e-08   34.8   0.6    27   129   226   335   216   342 0.83 -
evm.utg245.62                        -            499 537718at33208        -            243   9.5e-14   53.1   5.3   2   2   5.7e-06   0.00088   20.4   0.4    22   130   349   472   340   485 0.81 -
evm.utg5417.27.1.5c22f1fe            -           1068 537718at33208        -            243   1.2e-13   52.8   9.5   1   3   1.3e-11     2e-09   38.9   4.0    35   196   730   909   710   922 0.76 -
evm.utg5417.27.1.5c22f1fe            -           1068 537718at33208        -            243   1.2e-13   52.8   9.5   2   3     0.001      0.16   13.1   0.5    36   129   857   954   835   954 0.83 -
evm.utg5417.27.1.5c22f1fe            -           1068 537718at33208        -            243   1.2e-13   52.8   9.5   3   3   0.00024     0.036   15.1   0.3    36    91   939   997   918  1011 0.83 -
evm.utg101.131                       -            607 537718at33208        -            243   1.2e-13   52.7   0.1   1   4   0.00011     0.018   16.2   0.0    26    75    13    67     4    73 0.80 -
evm.utg101.131                       -            607 537718at33208        -            243   1.2e-13   52.7   0.1   2   4      0.28        43    5.1   0.0    35    73    72   110    69   112 0.88 -
evm.utg101.131                       -            607 537718at33208        -            243   1.2e-13   52.7   0.1   3   4   1.9e-06   0.00029   22.0   0.1    33   128   112   218    94   218 0.77 -
evm.utg101.131                       -            607 537718at33208        -            243   1.2e-13   52.7   0.1   4   4     0.087        13    6.7   0.0    33   123   201   305   190   313 0.69 -
evm.utg4271.15                       -            398 537718at33208        -            243   1.3e-13   52.6   7.2   1   6       1.5   2.3e+02    2.7   0.2   114   128   113   127    32   129 0.53 -
evm.utg4271.15                       -            398 537718at33208        -            243   1.3e-13   52.6   7.2   2   6      0.36        55    4.7   0.1    54   102    88   141    82   151 0.65 -
evm.utg4271.15                       -            398 537718at33208        -            243   1.3e-13   52.6   7.2   3   6   0.00018     0.027   15.5   0.0    36    88   157   212   143   220 0.82 -
evm.utg4271.15                       -            398 537718at33208        -            243   1.3e-13   52.6   7.2   4   6       1.3     2e+02    2.9   0.0    37    62   201   227   198   232 0.74 -
evm.utg4271.15                       -            398 537718at33208        -            243   1.3e-13   52.6   7.2   5   6     0.001      0.16   13.1   0.1    97   137   240   281   233   289 0.86 -
evm.utg4271.15                       -            398 537718at33208        -            243   1.3e-13   52.6   7.2   6   6   2.1e-05    0.0032   18.6   0.1    45    92   314   363   292   374 0.86 -
evm.utg172.19                        -            489 537718at33208        -            243   2.3e-13   51.8   0.0   1   2   5.6e-11   8.6e-09   36.8   0.0     3   151   240   407   238   414 0.76 -
evm.utg172.19                        -            489 537718at33208        -            243   2.3e-13   51.8   0.0   2   2    0.0008      0.12   13.4   0.0    82   132   416   469   391   482 0.79 -
evm.utg6220.15.2.5c22f2e5            -            663 537718at33208        -            243   4.2e-13   51.0   6.0   1   5     0.015       2.4    9.2   0.0    31    75    77   121    71   125 0.90 -
evm.utg6220.15.2.5c22f2e5            -            663 537718at33208        -            243   4.2e-13   51.0   6.0   2   5   2.5e-06   0.00039   21.6   0.3    37   130   125   224   120   229 0.82 -
evm.utg6220.15.2.5c22f2e5            -            663 537718at33208        -            243   4.2e-13   51.0   6.0   3   5       2.6   3.9e+02    1.9   0.1    99   129   413   444   350   455 0.80 -
evm.utg6220.15.2.5c22f2e5            -            663 537718at33208        -            243   4.2e-13   51.0   6.0   4   5      0.13        20    6.2   0.0    37    87   470   522   467   544 0.74 -
evm.utg6220.15.2.5c22f2e5            -            663 537718at33208        -            243   4.2e-13   51.0   6.0   5   5     0.027       4.2    8.4   0.0    33    78   605   650   593   657 0.87 -
evm.utg18553.20                      -            503 537718at33208        -            243   5.1e-13   50.7   3.3   1   4         1   1.6e+02    3.2   0.0   144   181    35    75    29    77 0.76 -
evm.utg18553.20                      -            503 537718at33208        -            243   5.1e-13   50.7   3.3   2   4   1.1e-09   1.7e-07   32.6   1.7    20   129    68   184    55   194 0.84 -
evm.utg18553.20                      -            503 537718at33208        -            243   5.1e-13   50.7   3.3   3   4   4.2e-05    0.0064   17.6   0.2    38   133   128   228   127   236 0.80 -
evm.utg18553.20                      -            503 537718at33208        -            243   5.1e-13   50.7   3.3   4   4    0.0015      0.22   12.6   0.0    18    91   231   308   225   317 0.80 -
evm.utg7950.19                       -            574 537718at33208        -            243     8e-13   50.0   2.2   1   3         3   4.6e+02    1.7   0.0   100   129   120   149   107   158 0.73 -
evm.utg7950.19                       -            574 537718at33208        -            243     8e-13   50.0   2.2   2   3      0.21        32    5.5   0.0    41    87   179   227   173   244 0.74 -
evm.utg7950.19                       -            574 537718at33208        -            243     8e-13   50.0   2.2   3   3   1.1e-11   1.7e-09   39.2   0.7    33   129   310   412   303   416 0.89 -
evm.utg699.93                        -            360 537718at33208        -            243     8e-13   50.0   1.1   1   2   4.1e-11   6.4e-09   37.3   0.6    37   129    79   174    74   183 0.92 -
evm.utg699.93                        -            360 537718at33208        -            243     8e-13   50.0   1.1   2   2    0.0053      0.82   10.7   0.0    61   129   182   255   176   273 0.82 -
evm.utg1005.78                       -            759 537718at33208        -            243   1.2e-12   49.4   0.4   1   3   6.5e-05      0.01   17.0   0.0    99   149   422   477   416   488 0.77 -
evm.utg1005.78                       -            759 537718at33208        -            243   1.2e-12   49.4   0.4   2   3    0.0062      0.96   10.5   0.1    43   113   569   644   540   648 0.78 -
evm.utg1005.78                       -            759 537718at33208        -            243   1.2e-12   49.4   0.4   3   3   4.4e-05    0.0068   17.5   0.0    38    90   647   702   645   757 0.85 -
evm.utg2129.40.1.5c22ed08            -            389 537718at33208        -            243   1.4e-12   49.3   3.7   1   3     7e-05     0.011   16.9   0.1    59   126    98   171    85   175 0.72 -
evm.utg2129.40.1.5c22ed08            -            389 537718at33208        -            243   1.4e-12   49.3   3.7   2   3   6.1e-08   9.4e-06   26.9   0.3    36   135   159   270   146   271 0.87 -
evm.utg2129.40.1.5c22ed08            -            389 537718at33208        -            243   1.4e-12   49.3   3.7   3   3   5.4e-06   0.00083   20.5   0.0    37   133   250   354   247   370 0.77 -
evm.utg78.65                         -            750 537718at33208        -            243   2.2e-12   48.6   0.1   1   3   6.5e-05      0.01   17.0   0.0    99   148   413   467   407   479 0.77 -
evm.utg78.65                         -            750 537718at33208        -            243   2.2e-12   48.6   0.1   2   3     0.014       2.1    9.4   0.0    44   113   561   635   546   639 0.84 -
evm.utg78.65                         -            750 537718at33208        -            243   2.2e-12   48.6   0.1   3   3   4.3e-05    0.0066   17.6   0.0    38    90   638   693   636   748 0.85 -
evm.utg1205.96                       -            619 537718at33208        -            243   3.3e-12   48.0   0.9   1   5       0.4        62    4.6   0.0    42    93     9    62     5    72 0.85 -
evm.utg1205.96                       -            619 537718at33208        -            243   3.3e-12   48.0   0.9   2   5   6.7e-07    0.0001   23.5   0.4    28   128    78   186    64   188 0.71 -
evm.utg1205.96                       -            619 537718at33208        -            243   3.3e-12   48.0   0.9   3   5       2.6     4e+02    1.9   0.0   211   229   171   189   158   200 0.80 -
evm.utg1205.96                       -            619 537718at33208        -            243   3.3e-12   48.0   0.9   4   5      0.28        43    5.1   0.0    36    74   216   253   193   257 0.80 -
evm.utg1205.96                       -            619 537718at33208        -            243   3.3e-12   48.0   0.9   5   5     0.039       6.1    7.9   0.0    37    77   258   299   242   318 0.80 -
evm.utg7264.10                       -            194 537718at33208        -            243   3.9e-12   47.8   0.9   1   2   0.00022     0.034   15.2   0.0    20    87     8    82     1    89 0.67 -
evm.utg7264.10                       -            194 537718at33208        -            243   3.9e-12   47.8   0.9   2   2   2.8e-09   4.4e-07   31.3   0.3    35   116    92   179    86   188 0.87 -
evm.utg1285.72                       -           1198 537718at33208        -            243   4.5e-12   47.6   0.4   1   4       4.2   6.4e+02    1.2   0.0   139   176   884   921   852   928 0.75 -
evm.utg1285.72                       -           1198 537718at33208        -            243   4.5e-12   47.6   0.4   2   4   4.4e-06   0.00067   20.8   0.1    24   131   939  1065   933  1068 0.72 -
evm.utg1285.72                       -           1198 537718at33208        -            243   4.5e-12   47.6   0.4   3   4   9.7e-05     0.015   16.4   0.0    24    85  1035  1099  1026  1099 0.79 -
evm.utg1285.72                       -           1198 537718at33208        -            243   4.5e-12   47.6   0.4   4   4   7.4e-05     0.011   16.8   0.0    30   130  1084  1195  1078  1196 0.79 -
evm.utg967.29                        -            325 537718at33208        -            243   5.1e-12   47.4   0.1   1   3    0.0059      0.91   10.6   0.1    76   136    29    93     8   112 0.73 -
evm.utg967.29                        -            325 537718at33208        -            243   5.1e-12   47.4   0.1   2   3   1.1e-06   0.00017   22.7   0.2    35   129   111   210    92   220 0.84 -
evm.utg967.29                        -            325 537718at33208        -            243   5.1e-12   47.4   0.1   3   3    0.0029      0.45   11.6   0.0    29    87   229   289   215   298 0.82 -
evm.utg577.63                        -            506 537718at33208        -            243   5.5e-12   47.3   0.5   1   3   4.5e-09     7e-07   30.6   0.1    26   158   207   357   200   359 0.80 -
evm.utg577.63                        -            506 537718at33208        -            243   5.5e-12   47.3   0.5   2   3      0.47        72    4.3   0.0    36    87   357   411   354   439 0.69 -
evm.utg577.63                        -            506 537718at33208        -            243   5.5e-12   47.3   0.5   3   3     0.013       2.1    9.4   0.0    39    89   450   503   445   505 0.89 -
evm.utg1721.37                       -            409 537718at33208        -            243   5.7e-12   47.3   0.6   1   3   7.4e-06    0.0011   20.1   0.6    24   135    67   189    59   197 0.79 -
evm.utg1721.37                       -            409 537718at33208        -            243   5.7e-12   47.3   0.6   2   3    0.0019       0.3   12.2   0.0    41    84   214   262   208   274 0.78 -
evm.utg1721.37                       -            409 537718at33208        -            243   5.7e-12   47.3   0.6   3   3    0.0045      0.69   11.0   0.0    30   130   298   403   287   406 0.86 -
evm.utg622.118                       -           1466 537718at33208        -            243   7.2e-12   46.9   4.5   1   5       0.1        16    6.5   0.0    57   124   405   480   394   495 0.77 -
evm.utg622.118                       -           1466 537718at33208        -            243   7.2e-12   46.9   4.5   2   5     0.027       4.1    8.4   0.1     9    59   678   728   673   744 0.85 -
evm.utg622.118                       -           1466 537718at33208        -            243   7.2e-12   46.9   4.5   3   5     0.002      0.31   12.1   0.0    37    89   748   802   741   809 0.90 -
evm.utg622.118                       -           1466 537718at33208        -            243   7.2e-12   46.9   4.5   4   5      0.33        51    4.8   0.0    36    84   934   985   912  1000 0.72 -
evm.utg622.118                       -           1466 537718at33208        -            243   7.2e-12   46.9   4.5   5   5     0.009       1.4   10.0   0.1    43    97  1236  1295  1209  1343 0.74 -
evm.utg7840.7                        -            280 537718at33208        -            243   8.2e-12   46.7   2.7   1   2   6.1e-09   9.4e-07   30.2   0.4    27    91    45   115    33   122 0.85 -
evm.utg7840.7                        -            280 537718at33208        -            243   8.2e-12   46.7   2.7   2   2   6.6e-07    0.0001   23.5   0.1    40    99   103   163   103   177 0.92 -
evm.utg1272.13.1.5c22e9c5            -            492 537718at33208        -            243     1e-11   46.4   1.3   1   3   0.00022     0.034   15.2   0.0    28    84   232   288   220   296 0.86 -
evm.utg1272.13.1.5c22e9c5            -            492 537718at33208        -            243     1e-11   46.4   1.3   2   3       1.1   1.7e+02    3.1   0.0    36    63   299   326   292   339 0.53 -
evm.utg1272.13.1.5c22e9c5            -            492 537718at33208        -            243     1e-11   46.4   1.3   3   3   1.4e-07   2.2e-05   25.7   0.1    29    89   331   393   320   401 0.83 -
evm.utg868.30                        -           1627 537718at33208        -            243   1.8e-11   45.6   1.7   1   2   9.7e-07   0.00015   23.0   0.1    21    89  1304  1377  1299  1398 0.76 -
evm.utg868.30                        -           1627 537718at33208        -            243   1.8e-11   45.6   1.7   2   2   1.5e-05    0.0023   19.1   0.1    30   130  1501  1609  1489  1622 0.79 -
evm.utg4464.3                        -            892 537718at33208        -            243   1.9e-11   45.5   2.4   1   3    0.0047      0.73   10.9   0.9    52   138    85   178    62   197 0.82 -
evm.utg4464.3                        -            892 537718at33208        -            243   1.9e-11   45.5   2.4   2   3     0.099        15    6.6   0.0    37    76   240   280   234   295 0.83 -
evm.utg4464.3                        -            892 537718at33208        -            243   1.9e-11   45.5   2.4   3   3   2.7e-07   4.1e-05   24.8   0.0    18   155   457   609   443   618 0.77 -
evm.utg597.204                       -            898 537718at33208        -            243     2e-11   45.5   2.2   1   3     0.025       3.8    8.5   0.5    53   138    86   178    61   190 0.80 -
evm.utg597.204                       -            898 537718at33208        -            243     2e-11   45.5   2.2   2   3     0.075        12    6.9   0.0    37    84   240   290   236   300 0.81 -
evm.utg597.204                       -            898 537718at33208        -            243     2e-11   45.5   2.2   3   3   8.7e-08   1.3e-05   26.4   0.0    24   155   470   615   450   624 0.80 -
evm.utg1272.13                       -            609 537718at33208        -            243   2.3e-11   45.3   1.4   1   3   0.00029     0.044   14.9   0.0    28    84   232   288   220   298 0.86 -
evm.utg1272.13                       -            609 537718at33208        -            243   2.3e-11   45.3   1.4   2   3       1.5   2.3e+02    2.7   0.0    36    63   299   326   292   339 0.53 -
evm.utg1272.13                       -            609 537718at33208        -            243   2.3e-11   45.3   1.4   3   3   1.9e-07   2.9e-05   25.3   0.1    29    89   331   393   320   401 0.83 -
evm.utg21895.1                       -            272 537718at33208        -            243   2.5e-11   45.1   0.5   1   3      0.26        40    5.2   0.0    96   136    16    59     3    82 0.67 -
evm.utg21895.1                       -            272 537718at33208        -            243   2.5e-11   45.1   0.5   2   3   4.8e-06   0.00074   20.7   0.1    37   122    82   174    77   177 0.78 -
evm.utg21895.1                       -            272 537718at33208        -            243   2.5e-11   45.1   0.5   3   3   1.9e-05    0.0029   18.7   0.1    35   129   165   271   141   271 0.72 -
evm.utg3174.3                        -            435 537718at33208        -            243   2.6e-11   45.1  10.4   1   4      0.12        19    6.3   0.1   100   133   153   187   139   194 0.82 -
evm.utg3174.3                        -            435 537718at33208        -            243   2.6e-11   45.1  10.4   2   4       0.5        77    4.3   0.0    99   133   194   229   186   234 0.71 -
evm.utg3174.3                        -            435 537718at33208        -            243   2.6e-11   45.1  10.4   3   4   1.6e-06   0.00025   22.2   0.5    21   101   234   322   229   353 0.77 -
evm.utg3174.3                        -            435 537718at33208        -            243   2.6e-11   45.1  10.4   4   4   0.00045     0.069   14.2   0.0    37    87   379   430   368   434 0.78 -
evm.utg861.53                        -            556 537718at33208        -            243   3.1e-11   44.8   0.0   1   2    0.0035      0.54   11.3   0.0    60   154   251   361   245   376 0.69 -
evm.utg861.53                        -            556 537718at33208        -            243   3.1e-11   44.8   0.0   2   2   5.7e-09   8.7e-07   30.3   0.0    24    87   473   537   461   544 0.83 -
evm.utg498.169                       -            476 537718at33208        -            243   3.4e-11   44.7   0.4   1   2   2.2e-09   3.3e-07   31.6   0.1    29    93   354   419   337   423 0.86 -
evm.utg498.169                       -            476 537718at33208        -            243   3.4e-11   44.7   0.4   2   2   1.2e-05    0.0018   19.4   0.0    37    89   402   456   397   467 0.85 -
evm.utg498.169.2.5c22f1aa            -            426 537718at33208        -            243   3.9e-11   44.5   0.3   1   2   1.8e-09   2.8e-07   31.9   0.1    29    93   313   378   296   382 0.86 -
evm.utg498.169.2.5c22f1aa            -            426 537718at33208        -            243   3.9e-11   44.5   0.3   2   2   1.9e-05     0.003   18.7   0.0    37    87   361   412   357   423 0.87 -
evm.utg413.38                        -            593 537718at33208        -            243     4e-11   44.5  10.0   1   4      0.19        29    5.7   0.1   100   133   311   345   298   353 0.83 -
evm.utg413.38                        -            593 537718at33208        -            243     4e-11   44.5  10.0   2   4      0.56        86    4.1   0.0    99   134   352   388   342   397 0.72 -
evm.utg413.38                        -            593 537718at33208        -            243     4e-11   44.5  10.0   3   4   8.3e-07   0.00013   23.2   0.6    21   101   392   480   389   521 0.77 -
evm.utg413.38                        -            593 537718at33208        -            243     4e-11   44.5  10.0   4   4   0.00095      0.15   13.2   0.0    38    87   538   588   534   592 0.83 -
evm.utg15197.11                      -           1003 537718at33208        -            243   4.8e-11   44.2   5.4   1   3     0.013       2.1    9.4   0.1    38   130   132   229   128   238 0.79 -
evm.utg15197.11                      -           1003 537718at33208        -            243   4.8e-11   44.2   5.4   2   3   1.9e-08     3e-06   28.5   0.1    27   129   241   357   229   357 0.77 -
evm.utg15197.11                      -           1003 537718at33208        -            243   4.8e-11   44.2   5.4   3   3   2.9e-07   4.5e-05   24.7   0.8    36   129   299   400   297   416 0.84 -
evm.utg479.8.2.5c22f153              -            362 537718at33208        -            243     5e-11   44.2   7.3   1   3    0.0015      0.22   12.6   0.2    36    71    53    88    32    95 0.84 -
evm.utg479.8.2.5c22f153              -            362 537718at33208        -            243     5e-11   44.2   7.3   2   3   5.3e-06   0.00081   20.6   0.1    37    84   108   157   102   175 0.85 -
evm.utg479.8.2.5c22f153              -            362 537718at33208        -            243     5e-11   44.2   7.3   3   3     0.003      0.47   11.5   0.4    27   128   229   349   219   351 0.61 -
evm.utg1629.22.1.5c22eb7d            -            969 537718at33208        -            243   5.1e-11   44.1   5.4   1   3     0.011       1.7    9.7   0.1    38   131    98   196    94   218 0.79 -
evm.utg1629.22.1.5c22eb7d            -            969 537718at33208        -            243   5.1e-11   44.1   5.4   2   3   2.2e-08   3.4e-06   28.3   0.1    27   129   207   323   195   323 0.77 -
evm.utg1629.22.1.5c22eb7d            -            969 537718at33208        -            243   5.1e-11   44.1   5.4   3   3   2.5e-07   3.9e-05   24.9   0.8    36   129   265   366   262   382 0.84 -
evm.utg1629.22                       -           1004 537718at33208        -            243   5.1e-11   44.1   5.2   1   3     0.014       2.2    9.3   0.1    38   130   133   230   129   237 0.79 -
evm.utg1629.22                       -           1004 537718at33208        -            243   5.1e-11   44.1   5.2   2   3   2.4e-08   3.7e-06   28.2   0.1    27   129   242   358   231   358 0.77 -
evm.utg1629.22                       -           1004 537718at33208        -            243   5.1e-11   44.1   5.2   3   3   2.9e-07   4.4e-05   24.7   0.8    36   129   300   401   298   417 0.84 -
evm.utg1009.19                       -            542 537718at33208        -            243   5.1e-11   44.1   0.5   1   2     3e-06   0.00046   21.4   0.0    21   106   207   309   203   313 0.74 -
evm.utg1009.19                       -            542 537718at33208        -            243   5.1e-11   44.1   0.5   2   2   2.5e-06   0.00039   21.6   0.6    26    87   302   370   298   372 0.85 -
evm.utg73.96.1.5c22f3bc              -            243 537718at33208        -            243   5.2e-11   44.1   0.4   1   2   1.1e-10   1.7e-08   35.8   0.7    55   171    21   150    10   174 0.84 -
evm.utg73.96.1.5c22f3bc              -            243 537718at33208        -            243   5.2e-11   44.1   0.4   2   2      0.18        27    5.7   0.0    18    54   190   231   179   240 0.64 -
evm.utg715.1                         -            408 537718at33208        -            243   5.3e-11   44.1   0.2   1   3     2e-07   3.2e-05   25.2   0.0    58   144    59   152    50   166 0.88 -
evm.utg715.1                         -            408 537718at33208        -            243   5.3e-11   44.1   0.2   2   3      0.43        67    4.5   0.0    35    85   211   262   198   287 0.71 -
evm.utg715.1                         -            408 537718at33208        -            243   5.3e-11   44.1   0.2   3   3    0.0051      0.78   10.8   0.0    38    92   299   357   264   366 0.76 -
evm.utg498.169.1.5c22f1aa            -            467 537718at33208        -            243   5.6e-11   44.0   0.3   1   2   2.1e-09   3.3e-07   31.7   0.1    29    93   354   419   337   423 0.86 -
evm.utg498.169.1.5c22f1aa            -            467 537718at33208        -            243   5.6e-11   44.0   0.3   2   2   2.2e-05    0.0034   18.5   0.0    37    87   402   453   398   464 0.87 -
evm.utg6072.16                       -            506 537718at33208        -            243   7.8e-11   43.5   0.6   1   3   3.2e-08   4.9e-06   27.8   0.1    35   158   222   357   201   360 0.82 -
evm.utg6072.16                       -            506 537718at33208        -            243   7.8e-11   43.5   0.6   2   3      0.85   1.3e+02    3.5   0.0    36    85   357   408   354   438 0.69 -
evm.utg6072.16                       -            506 537718at33208        -            243   7.8e-11   43.5   0.6   3   3     0.013       2.1    9.4   0.0    39    89   450   503   445   505 0.89 -
evm.utg1575.11                       -           1282 537718at33208        -            243   8.1e-11   43.5   0.4   1   2     0.057       8.8    7.3   0.0    30    86   950  1008   940  1011 0.82 -
evm.utg1575.11                       -           1282 537718at33208        -            243   8.1e-11   43.5   0.4   2   2   2.8e-09   4.3e-07   31.3   1.0    22   138  1074  1196  1064  1201 0.83 -
evm.utg2099.25                       -            385 537718at33208        -            243   9.8e-11   43.2   0.7   1   3       3.1   4.8e+02    1.6   0.0   172   196    60    84    53    92 0.80 -
evm.utg2099.25                       -            385 537718at33208        -            243   9.8e-11   43.2   0.7   2   3   5.7e-08   8.9e-06   27.0   0.0    29    96   112   183   100   190 0.81 -
evm.utg2099.25                       -            385 537718at33208        -            243   9.8e-11   43.2   0.7   3   3    0.0043      0.66   11.0   0.1    37   123   209   303   205   310 0.70 -
evm.utg418.52                        -            385 537718at33208        -            243   1.1e-10   43.1   0.7   1   3         3   4.7e+02    1.7   0.0   172   196    60    84    53    93 0.80 -
evm.utg418.52                        -            385 537718at33208        -            243   1.1e-10   43.1   0.7   2   3     5e-08   7.7e-06   27.2   0.0    28    96   111   183    97   190 0.80 -
evm.utg418.52                        -            385 537718at33208        -            243   1.1e-10   43.1   0.7   3   3    0.0052      0.81   10.7   0.1    37    91   209   267   205   309 0.70 -
evm.utg479.8                         -            451 537718at33208        -            243   1.3e-10   42.8   8.5   1   3     0.002       0.3   12.1   0.2    36    71    53    88    32    95 0.84 -
evm.utg479.8                         -            451 537718at33208        -            243   1.3e-10   42.8   8.5   2   3   7.3e-06    0.0011   20.1   0.1    37    84   108   157   102   175 0.85 -
evm.utg479.8                         -            451 537718at33208        -            243   1.3e-10   42.8   8.5   3   3    0.0054      0.84   10.7   0.5    27   128   229   349   223   353 0.62 -
evm.utg736.53                        -            495 537718at33208        -            243   1.5e-10   42.6   2.1   1   3    0.0011      0.18   12.9   0.0    37    89   171   226   161   232 0.84 -
evm.utg736.53                        -            495 537718at33208        -            243   1.5e-10   42.6   2.1   2   3     0.094        15    6.6   0.2    83   138   261   317   259   322 0.81 -
evm.utg736.53                        -            495 537718at33208        -            243   1.5e-10   42.6   2.1   3   3   1.1e-05    0.0017   19.5   0.4    30   113   329   420   321   443 0.74 -
evm.utg715.1.1.5c22f38a              -            371 537718at33208        -            243   1.5e-10   42.6   0.2   1   3   1.7e-07   2.7e-05   25.4   0.0    58   144    59   152    50   166 0.88 -
evm.utg715.1.1.5c22f38a              -            371 537718at33208        -            243   1.5e-10   42.6   0.2   2   3      0.38        58    4.7   0.0    35    85   211   262   198   287 0.71 -
evm.utg715.1.1.5c22f38a              -            371 537718at33208        -            243   1.5e-10   42.6   0.2   3   3     0.023       3.5    8.6   0.1    38    87   299   351   275   362 0.76 -
evm.utg405.2                         -            495 537718at33208        -            243   1.5e-10   42.6   2.1   1   3    0.0011      0.18   12.9   0.0    37    89   171   226   161   232 0.84 -
evm.utg405.2                         -            495 537718at33208        -            243   1.5e-10   42.6   2.1   2   3     0.096        15    6.6   0.2    83   138   261   317   259   322 0.81 -
evm.utg405.2                         -            495 537718at33208        -            243   1.5e-10   42.6   2.1   3   3   1.1e-05    0.0016   19.6   0.4    30   113   329   420   320   443 0.74 -
evm.utg1721.37.1.5c22ebc9            -            385 537718at33208        -            243   1.6e-10   42.6   0.3   1   3   7.6e-06    0.0012   20.0   0.8    24   135    67   189    59   197 0.79 -
evm.utg1721.37.1.5c22ebc9            -            385 537718at33208        -            243   1.6e-10   42.6   0.3   2   3    0.0018      0.27   12.3   0.0    41    84   214   262   209   275 0.78 -
evm.utg1721.37.1.5c22ebc9            -            385 537718at33208        -            243   1.6e-10   42.6   0.3   3   3      0.19        29    5.6   0.0    30   102   298   374   282   383 0.73 -
evm.utg479.8.1.5c22f153              -            444 537718at33208        -            243   3.3e-10   41.5   9.5   1   3    0.0019       0.3   12.2   0.2    36    71    53    88    32    95 0.84 -
evm.utg479.8.1.5c22f153              -            444 537718at33208        -            243   3.3e-10   41.5   9.5   2   3   7.1e-06    0.0011   20.1   0.1    37    84   108   157   102   175 0.85 -
evm.utg479.8.1.5c22f153              -            444 537718at33208        -            243   3.3e-10   41.5   9.5   3   3    0.0053      0.81   10.7   0.5    27   128   229   349   223   353 0.62 -
evm.utg14772.13                      -            234 537718at33208        -            243   3.4e-10   41.4   0.2   1   2     0.015       2.4    9.2   0.1   100   167    64   125    46   137 0.75 -
evm.utg14772.13                      -            234 537718at33208        -            243   3.4e-10   41.4   0.2   2   2   5.3e-09   8.2e-07   30.4   0.0    70   138   147   221   142   225 0.90 -
evm.utg411.98                        -            324 537718at33208        -            243     4e-10   41.2   0.1   1   3   1.2e-07   1.8e-05   26.0   0.1    33   131    36   142    10   184 0.79 -
evm.utg411.98                        -            324 537718at33208        -            243     4e-10   41.2   0.1   2   3    0.0014      0.22   12.6   0.1    40   124    87   174    82   255 0.75 -
evm.utg411.98                        -            324 537718at33208        -            243     4e-10   41.2   0.1   3   3     0.004      0.61   11.1   0.0    35    89   256   311   235   322 0.86 -
evm.utg535.8                         -            403 537718at33208        -            243   4.7e-10   41.0   0.2   1   2     0.019         3    8.9   0.0   100   167    64   125    47   136 0.77 -
evm.utg535.8                         -            403 537718at33208        -            243   4.7e-10   41.0   0.2   2   2   1.3e-08     2e-06   29.1   0.0    70   138   147   221   142   226 0.91 -
evm.utg402.7                         -            934 537718at33208        -            243     5e-10   40.9   1.1   1   3   9.2e-09   1.4e-06   29.6   0.1    63   131   239   312   216   360 0.86 -
evm.utg402.7                         -            934 537718at33208        -            243     5e-10   40.9   1.1   2   3      0.16        24    5.9   0.0    37   128   510   569   490   578 0.53 -
evm.utg402.7                         -            934 537718at33208        -            243     5e-10   40.9   1.1   3   3       2.7   4.2e+02    1.8   0.1    26    54   633   666   609   693 0.60 -
evm.utg1049.27                       -           1217 537718at33208        -            243   5.1e-10   40.9   0.2   1   3     0.055       8.4    7.4   0.0    64   156   368   469   356   474 0.66 -
evm.utg1049.27                       -           1217 537718at33208        -            243   5.1e-10   40.9   0.2   2   3   1.6e-06   0.00024   22.3   0.1    45   126   472   559   464   588 0.88 -
evm.utg1049.27                       -           1217 537718at33208        -            243   5.1e-10   40.9   0.2   3   3       1.3   1.9e+02    2.9   0.0    62    88   615   643   578   652 0.83 -
evm.utg439.49.1.5c22f0fa.1.5c27952e  -            353 537718at33208        -            243   5.4e-10   40.8   0.1   1   2   1.8e-05    0.0028   18.8   0.0   100   174   145   230   136   245 0.74 -
evm.utg439.49.1.5c22f0fa.1.5c27952e  -            353 537718at33208        -            243   5.4e-10   40.8   0.1   2   2   8.3e-06    0.0013   19.9   0.0    37   114   249   333   245   337 0.80 -
evm.utg470.32                        -           1060 537718at33208        -            243   7.5e-10   40.3   1.6   1   6      0.16        24    5.9   0.2   100   144    60   105    48   123 0.71 -
evm.utg470.32                        -           1060 537718at33208        -            243   7.5e-10   40.3   1.6   2   6      0.35        55    4.7   0.0    76    94   384   403   345   427 0.59 -
evm.utg470.32                        -           1060 537718at33208        -            243   7.5e-10   40.3   1.6   3   6     0.028       4.3    8.4   0.1    37   102   385   456   380   484 0.75 -
evm.utg470.32                        -           1060 537718at33208        -            243   7.5e-10   40.3   1.6   4   6      0.64        99    3.9   0.0    38    91   429   486   425   501 0.80 -
evm.utg470.32                        -           1060 537718at33208        -            243   7.5e-10   40.3   1.6   5   6   0.00068       0.1   13.6   0.0    36   129   512   615   507   619 0.78 -
evm.utg470.32                        -           1060 537718at33208        -            243   7.5e-10   40.3   1.6   6   6     5e-05    0.0077   17.4   0.0    37   131   558   660   540   678 0.86 -
evm.utg192.39                        -            299 537718at33208        -            243   1.3e-09   39.6   0.0   1   2   4.1e-09   6.4e-07   30.7   0.0    34    86    30    85    16   110 0.87 -
evm.utg192.39                        -            299 537718at33208        -            243   1.3e-09   39.6   0.0   2   2     0.085        13    6.8   0.0    38   136   163   183   119   192 0.66 -
evm.utg2303.45                       -            565 537718at33208        -            243   1.5e-09   39.4   3.0   1   3    0.0079       1.2   10.1   0.0    87   146   259   320   256   333 0.76 -
evm.utg2303.45                       -            565 537718at33208        -            243   1.5e-09   39.4   3.0   2   3   0.00079      0.12   13.4   0.9    36   129   332   431   320   455 0.88 -
evm.utg2303.45                       -            565 537718at33208        -            243   1.5e-09   39.4   3.0   3   3    0.0007      0.11   13.6   0.0    39   128   460   559   455   562 0.72 -
evm.utg439.49.1.5c22f0fa             -            492 537718at33208        -            243   1.6e-09   39.2   0.0   1   2   3.2e-05    0.0049   18.0   0.0   100   174   284   369   275   385 0.74 -
evm.utg439.49.1.5c22f0fa             -            492 537718at33208        -            243   1.6e-09   39.2   0.0   2   2   1.4e-05    0.0021   19.2   0.0    37   114   388   472   383   476 0.80 -
evm.utg5290.27.1.5c22f1dc            -            533 537718at33208        -            243   1.7e-09   39.1   2.7   1   3     0.013       2.1    9.4   0.0    87   146   227   288   225   301 0.73 -
evm.utg5290.27.1.5c22f1dc            -            533 537718at33208        -            243   1.7e-09   39.1   2.7   2   3   0.00079      0.12   13.4   0.8    36   129   300   399   289   412 0.88 -
evm.utg5290.27.1.5c22f1dc            -            533 537718at33208        -            243   1.7e-09   39.1   2.7   3   3    0.0006     0.093   13.8   0.0    38   128   427   527   420   530 0.74 -
evm.utg126.136                       -            473 537718at33208        -            243   1.9e-09   39.0   2.7   1   4    0.0084       1.3   10.1   0.1    35   107   127   206   114   212 0.75 -
evm.utg126.136                       -            473 537718at33208        -            243   1.9e-09   39.0   2.7   2   4       3.6   5.5e+02    1.5   0.0   212   234   223   245   214   254 0.82 -
evm.utg126.136                       -            473 537718at33208        -            243   1.9e-09   39.0   2.7   3   4   0.00027     0.041   15.0   0.0    33    86   316   369   305   373 0.90 -
evm.utg126.136                       -            473 537718at33208        -            243   1.9e-09   39.0   2.7   4   4   0.00023     0.036   15.2   0.1    32    87   355   410   354   425 0.88 -
evm.utg21766.14                      -            538 537718at33208        -            243     2e-09   38.9   0.8   1   3   7.4e-06    0.0011   20.1   0.0    38    91    30    84    23    95 0.82 -
evm.utg21766.14                      -            538 537718at33208        -            243     2e-09   38.9   0.8   2   3    0.0005     0.076   14.1   0.2    90   177   105   203    97   209 0.77 -
evm.utg21766.14                      -            538 537718at33208        -            243     2e-09   38.9   0.8   3   3       3.8   5.9e+02    1.4   0.0    39    86   323   373   301   384 0.74 -
evm.utg73.80                         -            359 537718at33208        -            243     2e-09   38.9   3.4   1   2   1.2e-10   1.8e-08   35.8   1.4    26   155    48   193    37   214 0.77 -
evm.utg73.80                         -            359 537718at33208        -            243     2e-09   38.9   3.4   2   2       3.4   5.2e+02    1.5   0.0   212   226   284   298   243   307 0.48 -
evm.utg5290.27                       -            565 537718at33208        -            243   2.4e-09   38.6   2.8   1   3     0.013         2    9.5   0.0    87   153   259   327   257   335 0.74 -
evm.utg5290.27                       -            565 537718at33208        -            243   2.4e-09   38.6   2.8   2   3   0.00083      0.13   13.4   0.9    36   129   332   431   315   444 0.88 -
evm.utg5290.27                       -            565 537718at33208        -            243   2.4e-09   38.6   2.8   3   3   0.00066       0.1   13.7   0.0    38   128   459   559   452   562 0.74 -
evm.utg1542.30                       -            977 537718at33208        -            243   2.5e-09   38.6   0.4   1   2     0.008       1.2   10.1   0.0    23    54    65   101    58   109 0.75 -
evm.utg1542.30                       -            977 537718at33208        -            243   2.5e-09   38.6   0.4   2   2   7.8e-07   0.00012   23.3   0.0    36    98   144   210   140   220 0.88 -
evm.utg777.49.2.5c22f40d             -            602 537718at33208        -            243   2.6e-09   38.6   0.1   1   2   2.6e-06   0.00041   21.5   0.0    48   129   397   484   390   509 0.82 -
evm.utg777.49.2.5c22f40d             -            602 537718at33208        -            243   2.6e-09   38.6   0.1   2   2     0.002      0.32   12.1   0.0    35    65   510   540   493   545 0.74 -
evm.utg73.39                         -            326 537718at33208        -            243   2.8e-09   38.5   0.2   1   4    0.0069       1.1   10.3   0.0    36    86    29    79    19    80 0.86 -
evm.utg73.39                         -            326 537718at33208        -            243   2.8e-09   38.5   0.2   2   4     4e-05    0.0061   17.7   0.0    40    99    73   134    69   165 0.82 -
evm.utg73.39                         -            326 537718at33208        -            243   2.8e-09   38.5   0.2   3   4    0.0095       1.5    9.9   0.0    27    95    96   169    89   188 0.69 -
evm.utg73.39                         -            326 537718at33208        -            243   2.8e-09   38.5   0.2   4   4    0.0033       0.5   11.4   0.0    32    81   244   294   236   299 0.87 -
evm.utg4194.43                       -            521 537718at33208        -            243   4.3e-09   37.8   0.0   1   2   1.1e-08   1.6e-06   29.4   0.0    34    86   252   307   235   331 0.87 -
evm.utg4194.43                       -            521 537718at33208        -            243   4.3e-09   37.8   0.0   2   2      0.18        27    5.7   0.0    38   135   385   404   341   414 0.66 -
evm.utg7127.48                       -            998 537718at33208        -            243   4.3e-09   37.8   1.1   1   4    0.0019      0.29   12.2   0.0    66   129   589   658   542   661 0.84 -
evm.utg7127.48                       -            998 537718at33208        -            243   4.3e-09   37.8   1.1   2   4    0.0013       0.2   12.7   0.1    98   136   720   759   710   769 0.79 -
evm.utg7127.48                       -            998 537718at33208        -            243   4.3e-09   37.8   1.1   3   4      0.39        60    4.6   0.0    37    87   821   877   795   889 0.69 -
evm.utg7127.48                       -            998 537718at33208        -            243   4.3e-09   37.8   1.1   4   4       2.9   4.5e+02    1.7   0.0    60    87   960   990   928   996 0.67 -
evm.utg378.33                        -            500 537718at33208        -            243   4.4e-09   37.8   0.0   1   4   4.2e-05    0.0065   17.6   0.5    56    90    85   122    79   142 0.77 -
evm.utg378.33                        -            500 537718at33208        -            243   4.4e-09   37.8   0.0   2   4    0.0049      0.76   10.8   0.0    37   130   108   214   105   225 0.77 -
evm.utg378.33                        -            500 537718at33208        -            243   4.4e-09   37.8   0.0   3   4      0.42        64    4.5   0.0    54   135   173   267   149   306 0.69 -
evm.utg378.33                        -            500 537718at33208        -            243   4.4e-09   37.8   0.0   4   4    0.0045      0.69   11.0   0.0    42   129   310   410   287   425 0.76 -
evm.utg801.40                        -            682 537718at33208        -            243   5.5e-09   37.5   0.0   1   3     0.018       2.7    9.0   0.0    53    90    11    51     8    72 0.75 -
evm.utg801.40                        -            682 537718at33208        -            243   5.5e-09   37.5   0.0   2   3   0.00028     0.043   14.9   0.0    36    87    81   135    65   168 0.83 -
evm.utg801.40                        -            682 537718at33208        -            243   5.5e-09   37.5   0.0   3   3     0.027       4.2    8.4   0.0    75   128   559   617   537   625 0.72 -
evm.utg2083.46                       -            338 537718at33208        -            243   6.1e-09   37.3   1.3   1   3    0.0013       0.2   12.7   0.3    39    88    36    90    31   109 0.69 -
evm.utg2083.46                       -            338 537718at33208        -            243   6.1e-09   37.3   1.3   2   3   8.8e-05     0.014   16.5   0.0    23    99   106   186    94   215 0.75 -
evm.utg2083.46                       -            338 537718at33208        -            243   6.1e-09   37.3   1.3   3   3      0.27        41    5.2   0.0   103   130   278   305   228   314 0.58 -
evm.utg5950.24                       -            446 537718at33208        -            243   8.6e-09   36.8   3.0   1   3       6.9   1.1e+03    0.5   0.0   119   223    13    61    10    81 0.53 -
evm.utg5950.24                       -            446 537718at33208        -            243   8.6e-09   36.8   3.0   2   3   3.1e-05    0.0047   18.1   0.0    42    89    96   145    80   164 0.88 -
evm.utg5950.24                       -            446 537718at33208        -            243   8.6e-09   36.8   3.0   3   3   0.00016     0.025   15.7   0.3    35   130   189   299   162   312 0.73 -
utg356.equina_smart_371689.mrna1     -            318 537718at33208        -            243   1.6e-08   36.0   0.2   1   4   3.4e-05    0.0053   17.9   0.0    35   131    10   113     7   128 0.80 -
utg356.equina_smart_371689.mrna1     -            318 537718at33208        -            243   1.6e-08   36.0   0.2   2   4       1.2   1.9e+02    3.0   0.1    46    87   149   192   125   246 0.55 -
utg356.equina_smart_371689.mrna1     -            318 537718at33208        -            243   1.6e-08   36.0   0.2   3   4       1.3   2.1e+02    2.9   0.0   211   228   230   247   201   258 0.79 -
utg356.equina_smart_371689.mrna1     -            318 537718at33208        -            243   1.6e-08   36.0   0.2   4   4     0.039       5.9    7.9   0.0    35    76   273   314   266   316 0.93 -
evm.utg163.18                        -            542 537718at33208        -            243   1.6e-08   35.9   1.0   1   3      0.67     1e+02    3.8   0.0   112   138   195   220   179   234 0.61 -
evm.utg163.18                        -            542 537718at33208        -            243   1.6e-08   35.9   1.0   2   3   8.5e-06    0.0013   19.9   0.0    59   137   258   341   253   350 0.80 -
evm.utg163.18                        -            542 537718at33208        -            243   1.6e-08   35.9   1.0   3   3     0.024       3.7    8.6   0.0    41    92   419   475   413   496 0.76 -
evm.utg967.29.1.5c22f549             -            266 537718at33208        -            243   2.1e-08   35.6   0.7   1   2     0.004      0.62   11.1   0.1    76   137    29    94     8   112 0.73 -
evm.utg967.29.1.5c22f549             -            266 537718at33208        -            243   2.1e-08   35.6   0.7   2   2   5.1e-07   7.8e-05   23.9   0.2    29   129   100   210    91   249 0.84 -
evm.utg788.47                        -           1044 537718at33208        -            243   2.6e-08   35.3   2.0   1   4     0.035       5.3    8.0   0.0    36    93   334   395   330   404 0.83 -
evm.utg788.47                        -           1044 537718at33208        -            243   2.6e-08   35.3   2.0   2   4      0.14        21    6.1   0.1   169   229   447   510   428   517 0.70 -
evm.utg788.47                        -           1044 537718at33208        -            243   2.6e-08   35.3   2.0   3   4     0.017       2.6    9.1   0.0    25    65   568   612   551   617 0.81 -
evm.utg788.47                        -           1044 537718at33208        -            243   2.6e-08   35.3   2.0   4   4      0.11        17    6.4   0.0    52    92   707   751   670   761 0.58 -
evm.utg729.25.2.5c279763             -            767 537718at33208        -            243   2.7e-08   35.2   3.9   1   3    0.0036      0.56   11.3   0.1   102   140   449   487   434   508 0.69 -
evm.utg729.25.2.5c279763             -            767 537718at33208        -            243   2.7e-08   35.2   3.9   2   3       6.4   9.9e+02    0.6   0.0   107   129   560   582   543   587 0.59 -
evm.utg729.25.2.5c279763             -            767 537718at33208        -            243   2.7e-08   35.2   3.9   3   3   6.1e-06   0.00094   20.3   0.2    39   122   666   759   642   764 0.77 -
evm.utg320.49                        -            928 537718at33208        -            243     3e-08   35.1   0.1   1   2    0.0028      0.43   11.6   0.1   103   152   132   186   125   200 0.79 -
evm.utg320.49                        -            928 537718at33208        -            243     3e-08   35.1   0.1   2   2   2.6e-05    0.0039   18.3   0.0    35    87   606   660   593   671 0.90 -
evm.utg5985.15.3.5c22f28e            -            337 537718at33208        -            243   3.1e-08   35.0   0.9   1   3   1.1e-05    0.0016   19.6   0.0    83   143    70   129    49   141 0.81 -
evm.utg5985.15.3.5c22f28e            -            337 537718at33208        -            243   3.1e-08   35.0   0.9   2   3      0.51        79    4.2   0.0    29    91   135   208   122   251 0.68 -
evm.utg5985.15.3.5c22f28e            -            337 537718at33208        -            243   3.1e-08   35.0   0.9   3   3     0.019       2.9    8.9   0.0   102   133   275   307   225   317 0.81 -
evm.utg150.51                        -            579 537718at33208        -            243   3.1e-08   35.0   0.1   1   2   5.5e-08   8.5e-06   27.0   0.0    37   155   353   482   339   499 0.82 -
evm.utg150.51                        -            579 537718at33208        -            243   3.1e-08   35.0   0.1   2   2      0.35        53    4.8   0.1   104   143   509   548   491   568 0.78 -
evm.utg5985.15.2.5c22f28e            -            349 537718at33208        -            243   3.6e-08   34.8   0.8   1   3   1.3e-05    0.0021   19.2   0.0    83   143    70   129    63   141 0.79 -
evm.utg5985.15.2.5c22f28e            -            349 537718at33208        -            243   3.6e-08   34.8   0.8   2   3      0.68   1.1e+02    3.8   0.0    30    91   136   208   125   247 0.67 -
evm.utg5985.15.2.5c22f28e            -            349 537718at33208        -            243   3.6e-08   34.8   0.8   3   3      0.02         3    8.9   0.0   102   133   275   307   225   317 0.81 -
evm.utg16094.2                       -            968 537718at33208        -            243   3.9e-08   34.7   2.5   1   3    0.0021      0.32   12.0   0.0    67   129   340   408   324   411 0.83 -
evm.utg16094.2                       -            968 537718at33208        -            243   3.9e-08   34.7   2.5   2   3   0.00046     0.071   14.2   0.1    98   142   470   515   460   587 0.61 -
evm.utg16094.2                       -            968 537718at33208        -            243   3.9e-08   34.7   2.5   3   3       2.8   4.4e+02    1.8   0.0    60    87   930   960   898   966 0.67 -
evm.utg607.12.1.5c22f2ae             -            705 537718at33208        -            243   3.9e-08   34.7   9.0   1   4    0.0078       1.2   10.2   0.1    63   132    34   113    27   119 0.71 -
evm.utg607.12.1.5c22f2ae             -            705 537718at33208        -            243   3.9e-08   34.7   9.0   2   4   2.2e-05    0.0034   18.5   1.0    36   129    95   203    78   204 0.79 -
evm.utg607.12.1.5c22f2ae             -            705 537718at33208        -            243   3.9e-08   34.7   9.0   3   4     4e-07   6.1e-05   24.2   1.3    25   141   121   257   116   265 0.76 -
evm.utg607.12.1.5c22f2ae             -            705 537718at33208        -            243   3.9e-08   34.7   9.0   4   4       7.6   1.2e+03    0.4   0.1   104   135   366   397   352   404 0.68 -
evm.utg607.12                        -            707 537718at33208        -            243     4e-08   34.7   9.0   1   4     0.006      0.92   10.5   0.2    63   133    34   114    25   125 0.68 -
evm.utg607.12                        -            707 537718at33208        -            243     4e-08   34.7   9.0   2   4   1.6e-05    0.0025   18.9   0.7    36   129    95   203    71   204 0.79 -
evm.utg607.12                        -            707 537718at33208        -            243     4e-08   34.7   9.0   3   4   3.9e-07     6e-05   24.3   1.3    25   141   121   257   116   265 0.76 -
evm.utg607.12                        -            707 537718at33208        -            243     4e-08   34.7   9.0   4   4       7.6   1.2e+03    0.4   0.1   104   135   366   397   352   404 0.68 -
evm.utg5985.15.1.5c22f28e            -            350 537718at33208        -            243   4.1e-08   34.6   0.7   1   3   1.2e-05    0.0018   19.4   0.0    83   143    83   142    65   154 0.81 -
evm.utg5985.15.1.5c22f28e            -            350 537718at33208        -            243   4.1e-08   34.6   0.7   2   3      0.62        96    3.9   0.0    29    91   148   221   137   261 0.67 -
evm.utg5985.15.1.5c22f28e            -            350 537718at33208        -            243   4.1e-08   34.6   0.7   3   3      0.02         3    8.9   0.0   102   133   288   320   238   330 0.81 -
evm.utg729.25                        -            852 537718at33208        -            243   4.4e-08   34.5   3.9   1   3    0.0041      0.63   11.1   0.1   102   140   534   572   519   593 0.69 -
evm.utg729.25                        -            852 537718at33208        -            243   4.4e-08   34.5   3.9   2   3       7.3   1.1e+03    0.4   0.0   107   129   645   667   628   672 0.59 -
evm.utg729.25                        -            852 537718at33208        -            243   4.4e-08   34.5   3.9   3   3   7.1e-06    0.0011   20.1   0.2    39   122   751   844   727   849 0.77 -
evm.utg7412.19                       -            738 537718at33208        -            243   4.6e-08   34.5   0.2   1   3   0.00029     0.044   14.9   0.0    36    89   109   165    77   172 0.73 -
evm.utg7412.19                       -            738 537718at33208        -            243   4.6e-08   34.5   0.2   2   3         2     3e+02    2.3   0.0    67    91   218   245   208   254 0.54 -
evm.utg7412.19                       -            738 537718at33208        -            243   4.6e-08   34.5   0.2   3   3    0.0031      0.47   11.5   0.0    35   130   329   390   278   401 0.50 -
evm.utg5950.24.1.5c22f287            -            477 537718at33208        -            243     5e-08   34.3   4.0   1   4       6.7     1e+03    0.6   0.0   119   167    13    69    10    88 0.57 -
evm.utg5950.24.1.5c22f287            -            477 537718at33208        -            243     5e-08   34.3   4.0   2   4   3.4e-05    0.0053   17.9   0.0    42    89    96   145    79   161 0.88 -
evm.utg5950.24.1.5c22f287            -            477 537718at33208        -            243     5e-08   34.3   4.0   3   4      0.65        99    3.9   0.1    35    87   189   242   160   256 0.80 -
evm.utg5950.24.1.5c22f287            -            477 537718at33208        -            243     5e-08   34.3   4.0   4   4    0.0074       1.1   10.2   0.0   101   130   300   330   290   346 0.82 -
evm.utg5985.15                       -            362 537718at33208        -            243   5.1e-08   34.3   0.8   1   3   1.2e-05    0.0019   19.3   0.0    83   142    83   141    65   154 0.81 -
evm.utg5985.15                       -            362 537718at33208        -            243   5.1e-08   34.3   0.8   2   3      0.66     1e+02    3.9   0.0    30    91   149   221   138   267 0.68 -
evm.utg5985.15                       -            362 537718at33208        -            243   5.1e-08   34.3   0.8   3   3     0.021       3.2    8.8   0.0   102   133   288   320   238   330 0.81 -
evm.utg3260.8.1.5c22ef11.1.5c279395  -            447 537718at33208        -            243   5.8e-08   34.1   3.4   1   3       2.1   3.3e+02    2.2   0.0   113   133    14    34     8    62 0.67 -
evm.utg3260.8.1.5c22ef11.1.5c279395  -            447 537718at33208        -            243   5.8e-08   34.1   3.4   2   3   1.3e-08   1.9e-06   29.1   0.8    24   130    71   182    55   188 0.81 -
evm.utg3260.8.1.5c22ef11.1.5c279395  -            447 537718at33208        -            243   5.8e-08   34.1   3.4   3   3      0.17        26    5.8   0.0    45    83   175   213   170   218 0.87 -
evm.utg798.13                        -            382 537718at33208        -            243   6.5e-08   34.0   2.1   1   4      0.66     1e+02    3.9   0.2    64    96    78   111    72   134 0.65 -
evm.utg798.13                        -            382 537718at33208        -            243   6.5e-08   34.0   2.1   2   4       2.5   3.9e+02    2.0   0.0    38    80   145   189   132   208 0.74 -
evm.utg798.13                        -            382 537718at33208        -            243   6.5e-08   34.0   2.1   3   4   7.3e-07   0.00011   23.4   0.0    36    89   232   288   228   328 0.77 -
evm.utg798.13                        -            382 537718at33208        -            243   6.5e-08   34.0   2.1   4   4       9.2   1.4e+03    0.1   0.0    54    87   338   372   332   377 0.74 -
evm.utg2216.17                       -            277 537718at33208        -            243   6.7e-08   33.9   1.8   1   2     3e-05    0.0046   18.1   0.3    36    90    66   120    53   136 0.89 -
evm.utg2216.17                       -            277 537718at33208        -            243   6.7e-08   33.9   1.8   2   2   0.00018     0.028   15.5   0.1    26    87   136   197   122   207 0.89 -
evm.utg7950.21                       -            652 537718at33208        -            243   7.7e-08   33.7   1.6   1   2      0.02       3.1    8.8   0.0    31    75    77   121    69   123 0.90 -
evm.utg7950.21                       -            652 537718at33208        -            243   7.7e-08   33.7   1.6   2   2   1.1e-06   0.00017   22.8   0.4    37   130   125   224   121   226 0.83 -
evm.utg3155.17                       -            641 537718at33208        -            243   1.1e-07   33.2   1.6   1   3    0.0045      0.69   11.0   0.0    38    89    29    85     3    91 0.73 -
evm.utg3155.17                       -            641 537718at33208        -            243   1.1e-07   33.2   1.6   2   3   0.00026     0.041   15.0   0.2    63   151   147   232   116   259 0.84 -
evm.utg3155.17                       -            641 537718at33208        -            243   1.1e-07   33.2   1.6   3   3       1.8   2.7e+02    2.5   0.0    36    59   545   568   522   577 0.87 -
evm.utg4155.43                       -            416 537718at33208        -            243   1.3e-07   33.0   9.4   1   2   5.5e-07   8.5e-05   23.8   1.1    29   134   152   264   143   271 0.85 -
evm.utg4155.43                       -            416 537718at33208        -            243   1.3e-07   33.0   9.4   2   2   0.00053     0.082   14.0   1.6    21   130   272   388   266   406 0.82 -
evm.utg3174.3.1.5c22eeec             -            350 537718at33208        -            243   1.3e-07   33.0   6.7   1   2     0.095        15    6.6   0.1   100   133   153   187   139   193 0.82 -
evm.utg3174.3.1.5c22eeec             -            350 537718at33208        -            243   1.3e-07   33.0   6.7   2   2   1.3e-06    0.0002   22.6   0.2    21    98   234   317   229   330 0.77 -
evm.utg3260.8                        -            668 537718at33208        -            243   1.4e-07   32.9   2.4   1   3       3.5   5.4e+02    1.5   0.0   113   133    14    34     8    61 0.67 -
evm.utg3260.8                        -            668 537718at33208        -            243   1.4e-07   32.9   2.4   2   3   2.2e-08   3.4e-06   28.4   0.7    24   130    71   182    57   191 0.81 -
evm.utg3260.8                        -            668 537718at33208        -            243   1.4e-07   32.9   2.4   3   3      0.25        38    5.3   0.0    45    83   175   213   167   218 0.86 -
evm.utg3260.8.1.5c22ef11             -            477 537718at33208        -            243   1.4e-07   32.8   4.3   1   3       2.3   3.6e+02    2.1   0.0   113   133    14    34     8    61 0.67 -
evm.utg3260.8.1.5c22ef11             -            477 537718at33208        -            243   1.4e-07   32.8   4.3   2   3   1.5e-08   2.4e-06   28.9   0.9    24   130    71   182    55   188 0.81 -
evm.utg3260.8.1.5c22ef11             -            477 537718at33208        -            243   1.4e-07   32.8   4.3   3   3      0.21        32    5.5   0.0    45    83   175   213   172   218 0.87 -
evm.utg1056.107.1.5c22e85b           -            724 537718at33208        -            243   1.5e-07   32.7   1.1   1   2    0.0021      0.32   12.0   0.1    24   119   410   514   392   515 0.73 -
evm.utg1056.107.1.5c22e85b           -            724 537718at33208        -            243   1.5e-07   32.7   1.1   2   2   6.4e-06   0.00098   20.3   0.1    38   101   512   580   508   605 0.87 -
evm.utg370.1                         -            190 537718at33208        -            243   1.6e-07   32.7   0.0   1   2   2.1e-06   0.00032   21.9   0.0    38    98    30    99    22   118 0.77 -
evm.utg370.1                         -            190 537718at33208        -            243   1.6e-07   32.7   0.0   2   2     0.015       2.3    9.3   0.0    88   145   110   170   103   180 0.75 -
evm.utg498.151.2.5c22f1a3            -            433 537718at33208        -            243   1.7e-07   32.6   0.0   1   2   5.5e-05    0.0085   17.2   0.0    60   204   110   279   105   298 0.67 -
evm.utg498.151.2.5c22f1a3            -            433 537718at33208        -            243   1.7e-07   32.6   0.0   2   2   0.00095      0.15   13.2   0.0    37    92   366   426   359   432 0.77 -
evm.utg1194.15                       -            416 537718at33208        -            243   1.7e-07   32.6  10.6   1   2   4.7e-07   7.2e-05   24.0   1.8    29   137   152   267   139   271 0.85 -
evm.utg1194.15                       -            416 537718at33208        -            243   1.7e-07   32.6  10.6   2   2   0.00062     0.096   13.8   1.7    21   130   272   388   267   406 0.82 -
evm.utg1285.72.1.5c22e9f6            -           1103 537718at33208        -            243   1.8e-07   32.5   0.2   1   3       3.8   5.8e+02    1.4   0.0   139   176   884   921   852   928 0.75 -
evm.utg1285.72.1.5c22e9f6            -           1103 537718at33208        -            243   1.8e-07   32.5   0.2   2   3    0.0021      0.33   12.0   0.0    24    75   939  1000   933  1024 0.74 -
evm.utg1285.72.1.5c22e9f6            -           1103 537718at33208        -            243   1.8e-07   32.5   0.2   3   3   0.00027     0.042   14.9   0.0    24    82  1035  1095  1027  1100 0.82 -
evm.utg1882.2                        -            644 537718at33208        -            243   2.3e-07   32.2   0.5   1   3   0.00046      0.07   14.2   0.0    31    91   393   456   379   464 0.80 -
evm.utg1882.2                        -            644 537718at33208        -            243   2.3e-07   32.2   0.5   2   3     0.038       5.8    7.9   0.0    55    92   468   507   464   515 0.84 -
evm.utg1882.2                        -            644 537718at33208        -            243   2.3e-07   32.2   0.5   3   3     0.094        14    6.6   0.0    24    89   571   637   551   642 0.82 -
evm.utg109.77                        -            797 537718at33208        -            243   2.3e-07   32.2   5.2   1   3   6.1e-05    0.0095   17.1   0.1    59   131    62   150    29   164 0.75 -
evm.utg109.77                        -            797 537718at33208        -            243   2.3e-07   32.2   5.2   2   3      0.32        50    4.9   0.0    37    93   184   248   179   265 0.60 -
evm.utg109.77                        -            797 537718at33208        -            243   2.3e-07   32.2   5.2   3   3     0.052         8    7.5   0.5    45    86   622   665   608   725 0.75 -
utg7821.evm.utg13634.5.mrna2         -            359 537718at33208        -            243   2.8e-07   31.9   0.0   1   2   3.3e-08   5.1e-06   27.7   0.0    32   129    57   164    51   175 0.82 -
utg7821.evm.utg13634.5.mrna2         -            359 537718at33208        -            243   2.8e-07   31.9   0.0   2   2       3.7   5.7e+02    1.4   0.0   100   130   194   226   175   236 0.81 -
evm.utg498.151                       -            492 537718at33208        -            243   2.8e-07   31.9   0.0   1   2   7.3e-05     0.011   16.8   0.0    60   204   169   338   164   357 0.67 -
evm.utg498.151                       -            492 537718at33208        -            243   2.8e-07   31.9   0.0   2   2    0.0011      0.18   12.9   0.0    37    92   425   485   418   491 0.77 -
evm.utg1056.107                      -            669 537718at33208        -            243     3e-07   31.8   3.1   1   2    0.0011      0.17   12.9   0.1    23   120   409   515   392   516 0.75 -
evm.utg1056.107                      -            669 537718at33208        -            243     3e-07   31.8   3.1   2   2   4.9e-06   0.00076   20.6   0.1    37   101   511   580   496   593 0.86 -
evm.utg3283.17                       -            668 537718at33208        -            243   3.1e-07   31.7   1.9   1   2   3.5e-08   5.4e-06   27.7   0.5    24   130    71   182    60   187 0.81 -
evm.utg3283.17                       -            668 537718at33208        -            243   3.1e-07   31.7   1.9   2   2      0.32        49    4.9   0.0    46    83   176   213   172   218 0.87 -
evm.utg498.151.1.5c22f1a3            -            517 537718at33208        -            243   3.3e-07   31.7   0.0   1   2   8.1e-05     0.012   16.7   0.0    60   204   194   363   189   382 0.67 -
evm.utg498.151.1.5c22f1a3            -            517 537718at33208        -            243   3.3e-07   31.7   0.0   2   2    0.0012      0.19   12.8   0.0    37    92   450   510   443   516 0.77 -
evm.utg5774.22                       -            458 537718at33208        -            243   3.6e-07   31.5   0.8   1   3    0.0029      0.44   11.6   0.0    38    89    29    85     3    89 0.72 -
evm.utg5774.22                       -            458 537718at33208        -            243   3.6e-07   31.5   0.8   2   3   0.00016     0.025   15.7   0.2    64   151   148   232   116   259 0.84 -
evm.utg5774.22                       -            458 537718at33208        -            243   3.6e-07   31.5   0.8   3   3       8.3   1.3e+03    0.3   0.0    78    99   347   364   324   456 0.68 -
evm.utg163.79.1.5c22eb7f             -            585 537718at33208        -            243     5e-07   31.1   5.6   1   3     0.015       2.4    9.2   0.1   100   161    12    79     2    94 0.65 -
evm.utg163.79.1.5c22eb7f             -            585 537718at33208        -            243     5e-07   31.1   5.6   2   3     0.071        11    7.0   0.2    78   156    80   165    72   184 0.68 -
evm.utg163.79.1.5c22eb7f             -            585 537718at33208        -            243     5e-07   31.1   5.6   3   3     3e-06   0.00046   21.4   0.2    38   177   121   268   118   329 0.75 -
evm.utg338.73                        -           1105 537718at33208        -            243     5e-07   31.1   2.2   1   2      0.41        63    4.5   0.0   105   131   538   564   527   578 0.82 -
evm.utg338.73                        -           1105 537718at33208        -            243     5e-07   31.1   2.2   2   2   3.2e-05    0.0049   18.0   0.1    43   136   599   701   589   795 0.74 -
evm.utg26517.8                       -           1023 537718at33208        -            243   5.2e-07   31.0   4.0   1   2      0.39        59    4.6   0.0   105   131   538   564   527   576 0.82 -
evm.utg26517.8                       -           1023 537718at33208        -            243   5.2e-07   31.0   4.0   2   2   2.8e-05    0.0043   18.2   0.1    43   136   599   701   587   795 0.74 -
evm.utg389.100                       -            455 537718at33208        -            243   5.7e-07   30.9   4.7   1   3      0.11        18    6.3   0.0    25    65   149   192   137   202 0.76 -
evm.utg389.100                       -            455 537718at33208        -            243   5.7e-07   30.9   4.7   2   3   5.3e-06   0.00082   20.5   1.9    36   112   201   283   191   310 0.77 -
evm.utg389.100                       -            455 537718at33208        -            243   5.7e-07   30.9   4.7   3   3      0.79   1.2e+02    3.6   0.1    45    97   303   360   293   365 0.79 -
evm.utg5774.24                       -            295 537718at33208        -            243   6.1e-07   30.8   0.1   1   3      0.63        98    3.9   0.0    36    59    74    97    49   106 0.86 -
evm.utg5774.24                       -            295 537718at33208        -            243   6.1e-07   30.8   0.1   2   3      0.01       1.5    9.8   0.1    40    93   132   192   122   199 0.74 -
evm.utg5774.24                       -            295 537718at33208        -            243   6.1e-07   30.8   0.1   3   3   0.00076      0.12   13.5   0.0    30    98   209   279   199   286 0.81 -
evm.utg498.144                       -           1008 537718at33208        -            243   7.3e-07   30.5   0.7   1   3       2.5   3.8e+02    2.0   0.0    43    70   493   520   418   555 0.54 -
evm.utg498.144                       -           1008 537718at33208        -            243   7.3e-07   30.5   0.7   2   3   0.00011     0.017   16.2   0.0    76   156   671   758   652   766 0.72 -
evm.utg498.144                       -           1008 537718at33208        -            243   7.3e-07   30.5   0.7   3   3      0.13        21    6.1   0.0    36    73   795   832   785   846 0.85 -
evm.utg798.40                        -            320 537718at33208        -            243   8.8e-07   30.3   0.2   1   3     0.013         2    9.5   0.0    36   129    74   179    67   185 0.79 -
evm.utg798.40                        -            320 537718at33208        -            243   8.8e-07   30.3   0.2   2   3   0.00015     0.024   15.7   0.0    36   130   164   268   143   271 0.79 -
evm.utg798.40                        -            320 537718at33208        -            243   8.8e-07   30.3   0.2   3   3   6.5e-05      0.01   17.0   0.0     3    89   210   308   208   311 0.76 -
evm.utg163.79                        -            772 537718at33208        -            243   1.6e-06   29.4   5.5   1   3     0.023       3.5    8.6   0.1   100   161    12    79     3    94 0.64 -
evm.utg163.79                        -            772 537718at33208        -            243   1.6e-06   29.4   5.5   2   3     0.098        15    6.6   0.1    78   155    80   164    69   181 0.69 -
evm.utg163.79                        -            772 537718at33208        -            243   1.6e-06   29.4   5.5   3   3   5.3e-06   0.00082   20.5   0.2    38   177   121   268   119   331 0.74 -
evm.utg3839.107                      -            479 537718at33208        -            243   2.1e-06   29.1   1.1   1   3   2.9e-05    0.0044   18.1   1.4    45   135    40   137    38   177 0.78 -
evm.utg3839.107                      -            479 537718at33208        -            243   2.1e-06   29.1   1.1   2   3       6.8   1.1e+03    0.5   0.0    45    89   171   216   158   228 0.72 -
evm.utg3839.107                      -            479 537718at33208        -            243   2.1e-06   29.1   1.1   3   3      0.12        18    6.3   0.0   106   138   254   286   249   295 0.90 -
evm.utg101.45                        -            862 537718at33208        -            243   2.2e-06   29.0   0.1   1   3   0.00017     0.027   15.6   0.0    36   129   168   272   159   280 0.83 -
evm.utg101.45                        -            862 537718at33208        -            243   2.2e-06   29.0   0.1   2   3     0.044       6.7    7.7   0.0    38    91   259   318   257   333 0.80 -
evm.utg101.45                        -            862 537718at33208        -            243   2.2e-06   29.0   0.1   3   3      0.36        55    4.7   0.1    20    79   396   457   384   475 0.76 -
evm.utg431.28.29.1.5c27950b          -            796 537718at33208        -            243   2.3e-06   28.9   0.6   1   2      0.28        43    5.1   0.0    98   196   419   519   413   542 0.75 -
evm.utg431.28.29.1.5c27950b          -            796 537718at33208        -            243   2.3e-06   28.9   0.6   2   2   2.7e-06   0.00042   21.5   0.1    36    94   632   688   620   709 0.83 -
evm.utg377.24.1.5c22efd8             -            481 537718at33208        -            243   2.4e-06   28.8   0.9   1   3   4.4e-05    0.0067   17.5   1.0    45   132    40   134    38   147 0.82 -
evm.utg377.24.1.5c22efd8             -            481 537718at33208        -            243   2.4e-06   28.8   0.9   2   3       6.9   1.1e+03    0.5   0.0    45    89   171   216   158   228 0.72 -
evm.utg377.24.1.5c22efd8             -            481 537718at33208        -            243   2.4e-06   28.8   0.9   3   3      0.12        18    6.3   0.0   106   138   254   286   249   295 0.90 -
evm.utg1278.33                       -            655 537718at33208        -            243   2.5e-06   28.8   1.3   1   2    0.0059      0.91   10.6   0.0    60   127   176   246   166   273 0.86 -
evm.utg1278.33                       -            655 537718at33208        -            243   2.5e-06   28.8   1.3   2   2    0.0001     0.016   16.3   0.5    35   131   295   408   264   419 0.73 -
evm.utg1285.17                       -            455 537718at33208        -            243   2.5e-06   28.8   0.0   1   2      0.14        22    6.1   0.0   102   135    54    87    33   151 0.73 -
evm.utg1285.17                       -            455 537718at33208        -            243   2.5e-06   28.8   0.0   2   2   5.9e-06   0.00091   20.4   0.0    33    90   387   448   368   453 0.85 -
evm.utg736.40                        -            406 537718at33208        -            243   2.6e-06   28.7   0.1   1   2      0.14        22    6.0   0.2    37    88   152   208   136   289 0.58 -
evm.utg736.40                        -            406 537718at33208        -            243   2.6e-06   28.7   0.1   2   2     1e-05    0.0016   19.6   0.0    35    87   339   393   328   402 0.92 -
evm.utg418.59                        -            511 537718at33208        -            243   2.6e-06   28.7   0.0   1   1   4.9e-08   7.6e-06   27.2   0.0    36   134   343   454   322   459 0.76 -
evm.utg194.33                        -            633 537718at33208        -            243   2.7e-06   28.7   1.9   1   1   5.6e-08   8.6e-06   27.0   0.1    38    98   479   540   475   552 0.87 -
evm.utg307.22                        -           1448 537718at33208        -            243     3e-06   28.5   0.7   1   4       3.5   5.4e+02    1.5   0.0    36    92    31   101    15   121 0.60 -
evm.utg307.22                        -           1448 537718at33208        -            243     3e-06   28.5   0.7   2   4       1.6   2.4e+02    2.6   0.0    36    68   483   515   479   521 0.89 -
evm.utg307.22                        -           1448 537718at33208        -            243     3e-06   28.5   0.7   3   4    0.0065         1   10.4   0.0    34    98   529   596   524   606 0.85 -
evm.utg307.22                        -           1448 537718at33208        -            243     3e-06   28.5   0.7   4   4      0.13        20    6.2   0.0    35    82  1329  1377  1317  1390 0.76 -
evm.utg26120.19.1.5c2792a7           -            291 537718at33208        -            243   3.2e-06   28.4   0.6   1   3       4.5   6.9e+02    1.1   0.0   104   128    32    57    23    63 0.76 -
evm.utg26120.19.1.5c2792a7           -            291 537718at33208        -            243   3.2e-06   28.4   0.6   2   3       7.6   1.2e+03    0.4   0.0    38    86    93   143    82   154 0.74 -
evm.utg26120.19.1.5c2792a7           -            291 537718at33208        -            243   3.2e-06   28.4   0.6   3   3   1.3e-06    0.0002   22.5   0.0    26    91   203   277   193   287 0.69 -
evm.utg1897.4                        -            455 537718at33208        -            243   3.6e-06   28.3   4.5   1   2      0.11        18    6.4   0.0    24    65   148   192   140   202 0.72 -
evm.utg1897.4                        -            455 537718at33208        -            243   3.6e-06   28.3   4.5   2   2   5.7e-06   0.00087   20.4   2.2    36   112   201   283   189   313 0.78 -
evm.utg788.89                        -            256 537718at33208        -            243     4e-06   28.1   0.4   1   2   6.4e-06   0.00099   20.3   0.6    19   148    10   161     3   163 0.73 -
evm.utg788.89                        -            256 537718at33208        -            243     4e-06   28.1   0.4   2   2       1.1   1.7e+02    3.2   0.0    34    91   179   244   167   249 0.73 -
evm.utg11096.12                      -            358 537718at33208        -            243   4.1e-06   28.1   0.1   1   3    0.0028      0.44   11.6   0.0    29    76    35    84    31   107 0.88 -
evm.utg11096.12                      -            358 537718at33208        -            243   4.1e-06   28.1   0.1   2   3     0.047       7.3    7.6   0.0    27    60   165   204   125   220 0.66 -
evm.utg11096.12                      -            358 537718at33208        -            243   4.1e-06   28.1   0.1   3   3      0.27        41    5.2   0.0   101   129   263   292   251   302 0.72 -
evm.utg801.96                        -            430 537718at33208        -            243   4.5e-06   27.9   9.8   1   2   2.7e-07   4.1e-05   24.8   7.0    34   152   192   334   190   342 0.74 -
evm.utg801.96                        -            430 537718at33208        -            243   4.5e-06   27.9   9.8   2   2       1.8   2.8e+02    2.4   0.0    37    55   335   353   331   365 0.72 -
evm.utg2433.4                        -            480 537718at33208        -            243     5e-06   27.8   0.1   1   2    0.0085       1.3   10.0   0.0    91   156   167   239   160   262 0.66 -
evm.utg2433.4                        -            480 537718at33208        -            243     5e-06   27.8   0.1   2   2   0.00052      0.08   14.0   0.1    59    99   302   344   280   352 0.81 -
evm.utg364.29                        -            339 537718at33208        -            243   5.4e-06   27.7   0.2   1   2      0.12        19    6.3   0.0   134   171    13    53     8    70 0.78 -
evm.utg364.29                        -            339 537718at33208        -            243   5.4e-06   27.7   0.2   2   2   3.1e-05    0.0048   18.0   0.0    37    87   135   187   130   201 0.89 -
evm.utg377.24                        -            615 537718at33208        -            243   6.6e-06   27.4   1.0   1   3   5.2e-05     0.008   17.3   0.9    45   132    40   134    38   167 0.83 -
evm.utg377.24                        -            615 537718at33208        -            243   6.6e-06   27.4   1.0   2   3       9.5   1.5e+03    0.1   0.0    45    89   171   216   158   228 0.72 -
evm.utg377.24                        -            615 537718at33208        -            243   6.6e-06   27.4   1.0   3   3      0.16        25    5.9   0.0   106   138   254   286   249   295 0.90 -
evm.utg736.1                         -            477 537718at33208        -            243   7.1e-06   27.3   1.2   1   3       3.6   5.6e+02    1.4   0.3    77   132    82   143    79   154 0.66 -
evm.utg736.1                         -            477 537718at33208        -            243   7.1e-06   27.3   1.2   2   3       1.3     2e+02    2.9   0.0    68   129   163   230   147   233 0.65 -
evm.utg736.1                         -            477 537718at33208        -            243   7.1e-06   27.3   1.2   3   3   4.4e-05    0.0068   17.5   0.0    36    89   342   401   330   415 0.84 -
evm.utg1919.76                       -            679 537718at33208        -            243   7.1e-06   27.3   0.2   1   2    0.0022      0.34   12.0   0.0    13    89    35   117    27   124 0.75 -
evm.utg1919.76                       -            679 537718at33208        -            243   7.1e-06   27.3   0.2   2   2    0.0029      0.45   11.6   0.0    72   130   262   326   214   337 0.50 -
evm.utg1663.59                       -            423 537718at33208        -            243   7.2e-06   27.3   0.0   1   1   2.6e-07     4e-05   24.8   0.0    42   169    81   228    73   272 0.71 -
evm.utg622.116                       -            447 537718at33208        -            243   8.1e-06   27.1   0.3   1   3       1.9   2.9e+02    2.4   0.0    52    96    85   133    63   159 0.74 -
evm.utg622.116                       -            447 537718at33208        -            243   8.1e-06   27.1   0.3   2   3   2.3e-05    0.0036   18.4   0.0    36   110   185   264   174   294 0.80 -
evm.utg622.116                       -            447 537718at33208        -            243   8.1e-06   27.1   0.3   3   3       2.2   3.4e+02    2.1   0.0    36    90   388   443   367   445 0.59 -
evm.utg5774.3.1.5c22f241             -            362 537718at33208        -            243   8.1e-06   27.1   0.7   1   3         6   9.2e+02    0.7   0.0   104   128    32    57    23    63 0.76 -
evm.utg5774.3.1.5c22f241             -            362 537718at33208        -            243   8.1e-06   27.1   0.7   2   3       8.1   1.2e+03    0.3   0.1    36    85   133   183    96   206 0.66 -
evm.utg5774.3.1.5c22f241             -            362 537718at33208        -            243   8.1e-06   27.1   0.7   3   3   2.2e-06   0.00034   21.8   0.0    27    91   204   277   195   286 0.69 -
evm.utg9769.3                        -            553 537718at33208        -            243   8.5e-06   27.0   0.1   1   2    0.0099       1.5    9.8   0.0    90   130   182   222   172   275 0.68 -
evm.utg9769.3                        -            553 537718at33208        -            243   8.5e-06   27.0   0.1   2   2   0.00053     0.082   14.0   0.1    61    99   320   360   301   389 0.82 -
evm.utg2417.39.2.5c22ed97            -            627 537718at33208        -            243     9e-06   27.0   0.4   1   3       3.5   5.4e+02    1.5   0.0   117   154    61    98    49   114 0.69 -
evm.utg2417.39.2.5c22ed97            -            627 537718at33208        -            243     9e-06   27.0   0.4   2   3   0.00031     0.047   14.8   0.0    36    87    96   153    92   156 0.80 -
evm.utg2417.39.2.5c22ed97            -            627 537718at33208        -            243     9e-06   27.0   0.4   3   3   0.00012     0.018   16.1   0.0    36   130   142   246   139   282 0.75 -
evm.utg1272.70                       -            437 537718at33208        -            243   9.5e-06   26.9   0.0   1   1   3.9e-07     6e-05   24.2   0.0    60   155   102   212    72   222 0.79 -
evm.utg26120.19                      -            408 537718at33208        -            243     1e-05   26.8   1.4   1   2         7   1.1e+03    0.5   0.0   104   128    32    57    23    63 0.76 -
evm.utg26120.19                      -            408 537718at33208        -            243     1e-05   26.8   1.4   2   2   2.6e-06    0.0004   21.6   0.0    26    90   203   276   192   285 0.71 -
evm.utg43451.22                      -            419 537718at33208        -            243     1e-05   26.8   3.0   1   3      0.62        96    3.9   0.0    33    73   111   153    94   157 0.72 -
evm.utg43451.22                      -            419 537718at33208        -            243     1e-05   26.8   3.0   2   3   0.00044     0.068   14.3   1.5    36   132   158   264   146   280 0.74 -
evm.utg43451.22                      -            419 537718at33208        -            243     1e-05   26.8   3.0   3   3      0.32        50    4.9   0.0    23    58   276   316   269   362 0.83 -
evm.utg109.41.1.5c22e88a             -            506 537718at33208        -            243   1.1e-05   26.7   0.0   1   1   2.2e-07   3.3e-05   25.1   0.0    37   154   365   488   350   495 0.86 -
evm.utg498.151.2.5c22f1a3.1.5c2795b7 -            334 537718at33208        -            243   1.1e-05   26.7   0.0   1   2   2.9e-05    0.0044   18.1   0.0    60   204    19   188    14   208 0.67 -
evm.utg498.151.2.5c22f1a3.1.5c2795b7 -            334 537718at33208        -            243   1.1e-05   26.7   0.0   2   2      0.12        19    6.2   0.0    37    83   275   325   268   331 0.75 -
evm.utg2303.45.1.5c22ed61            -            469 537718at33208        -            243   1.1e-05   26.6   1.2   1   2    0.0054      0.83   10.7   0.0    87   153   259   327   256   335 0.76 -
evm.utg2303.45.1.5c22ed61            -            469 537718at33208        -            243   1.1e-05   26.6   1.2   2   2    0.0007      0.11   13.6   0.8    36   129   332   431   321   436 0.87 -
evm.utg5774.3                        -            408 537718at33208        -            243   1.2e-05   26.5   1.7   1   2         7   1.1e+03    0.5   0.0   104   128    32    57    23    63 0.76 -
evm.utg5774.3                        -            408 537718at33208        -            243   1.2e-05   26.5   1.7   2   2   2.5e-06   0.00039   21.6   0.0    26    90   203   276   192   285 0.70 -
evm.utg5985.15.5.5c22f28e            -            278 537718at33208        -            243   1.3e-05   26.4   0.2   1   2   9.6e-06    0.0015   19.7   0.1    83   139    70   125    52   135 0.80 -
evm.utg5985.15.5.5c22f28e            -            278 537718at33208        -            243   1.3e-05   26.4   0.2   2   2       0.4        62    4.6   0.0    29    91   135   208   124   248 0.68 -
evm.utg2417.39.1.5c22ed97            -            754 537718at33208        -            243   1.6e-05   26.1   0.2   1   3         3   4.7e+02    1.7   0.0   118   218    62   102    52   122 0.59 -
evm.utg2417.39.1.5c22ed97            -            754 537718at33208        -            243   1.6e-05   26.1   0.2   2   3   0.00037     0.057   14.5   0.0    36    87    96   153    90   156 0.80 -
evm.utg2417.39.1.5c22ed97            -            754 537718at33208        -            243   1.6e-05   26.1   0.2   3   3   0.00015     0.022   15.8   0.0    36   130   142   246   138   283 0.75 -
evm.utg431.28.29                     -            766 537718at33208        -            243   1.7e-05   26.0   0.2   1   2       3.4   5.3e+02    1.5   0.0   111   228   432   451   414   504 0.68 -
evm.utg431.28.29                     -            766 537718at33208        -            243   1.7e-05   26.0   0.2   2   2   2.5e-06   0.00038   21.6   0.1    36    94   602   658   589   679 0.83 -
evm.utg5985.15.4.5c22f28e            -            291 537718at33208        -            243   1.9e-05   25.9   0.2   1   2   7.9e-06    0.0012   20.0   0.0    83   143    83   142    65   158 0.81 -
evm.utg5985.15.4.5c22f28e            -            291 537718at33208        -            243   1.9e-05   25.9   0.2   2   2      0.44        68    4.4   0.0    29    91   148   221   137   261 0.67 -
evm.utg1137.2                        -            414 537718at33208        -            243     2e-05   25.8   0.1   1   4    0.0036      0.56   11.3   0.0    29    76    35    84    31   103 0.88 -
evm.utg1137.2                        -            414 537718at33208        -            243     2e-05   25.8   0.1   2   4     0.057       8.8    7.3   0.0    61    88   162   192   110   204 0.61 -
evm.utg1137.2                        -            414 537718at33208        -            243     2e-05   25.8   0.1   3   4     0.075        12    7.0   0.0    36    61   180   205   154   221 0.61 -
evm.utg1137.2                        -            414 537718at33208        -            243     2e-05   25.8   0.1   4   4       1.9   2.9e+02    2.4   0.0    64    88   310   336   279   357 0.74 -
evm.utg2428.30                       -            816 537718at33208        -            243   2.2e-05   25.7   0.1   1   2   9.4e-06    0.0014   19.7   0.0    27   130    52   172    35   192 0.72 -
evm.utg2428.30                       -            816 537718at33208        -            243   2.2e-05   25.7   0.1   2   2       2.8   4.4e+02    1.8   0.1   100   133   333   370   286   381 0.71 -
evm.utg2417.39                       -            829 537718at33208        -            243   2.3e-05   25.6   0.2   1   3       9.5   1.5e+03    0.1   0.0   117   152    61    96    50   102 0.90 -
evm.utg2417.39                       -            829 537718at33208        -            243   2.3e-05   25.6   0.2   2   3   0.00048     0.075   14.1   0.0    36    87    96   153    93   155 0.80 -
evm.utg2417.39                       -            829 537718at33208        -            243   2.3e-05   25.6   0.2   3   3   0.00018     0.028   15.5   0.0    36   130   142   246   139   283 0.75 -
evm.utg8.11                          -            830 537718at33208        -            243   2.3e-05   25.6   0.3   1   2   0.00044     0.067   14.3   0.0    36    87    96   153    92   156 0.80 -
evm.utg8.11                          -            830 537718at33208        -            243   2.3e-05   25.6   0.3   2   2   0.00028     0.043   14.9   0.0    36   130   142   246   139   280 0.75 -
evm.utg622.116.1.5c22f2e9            -            417 537718at33208        -            243   2.5e-05   25.5   0.1   1   2   2.1e-05    0.0033   18.6   0.0    36    94   155   215   144   263 0.80 -
evm.utg622.116.1.5c22f2e9            -            417 537718at33208        -            243   2.5e-05   25.5   0.1   2   2         2   3.1e+02    2.3   0.0    36    90   358   413   337   415 0.59 -
evm.utg183.20                        -            427 537718at33208        -            243   2.8e-05   25.3   0.0   1   2   1.2e-05    0.0018   19.4   0.0    79   135   115   175    97   183 0.79 -
evm.utg183.20                        -            427 537718at33208        -            243   2.8e-05   25.3   0.0   2   2       2.3   3.5e+02    2.1   0.0    22    86   299   366   285   384 0.61 -
evm.utg207.100                       -            378 537718at33208        -            243   2.9e-05   25.3   0.3   1   1   7.3e-07   0.00011   23.4   0.2    36   134   121   223   106   230 0.77 -
evm.utg2017.23                       -           1116 537718at33208        -            243   3.9e-05   24.9   0.7   1   1     3e-05    0.0047   18.1   0.4    22   175    93   268    88   272 0.72 -
evm.utg1051.87                       -           2584 537718at33208        -            243   4.2e-05   24.8   0.4   1   3       3.5   5.4e+02    1.5   0.0   115   153    60   100    53   118 0.79 -
evm.utg1051.87                       -           2584 537718at33208        -            243   4.2e-05   24.8   0.4   2   3     0.088        14    6.7   0.1    87   157  2281  2358  2263  2406 0.75 -
evm.utg1051.87                       -           2584 537718at33208        -            243   4.2e-05   24.8   0.4   3   3    0.0026       0.4   11.7   0.0    48    89  2474  2518  2436  2541 0.87 -
evm.utg431.40.1.5c22f0d5             -            302 537718at33208        -            243   4.8e-05   24.6   0.8   1   3    0.0099       1.5    9.8   0.2   116   135    66    85    40    97 0.76 -
evm.utg431.40.1.5c22f0d5             -            302 537718at33208        -            243   4.8e-05   24.6   0.8   2   3     0.062       9.6    7.2   0.1    27    64    92   132    85   168 0.66 -
evm.utg431.40.1.5c22f0d5             -            302 537718at33208        -            243   4.8e-05   24.6   0.8   3   3      0.36        55    4.7   0.0    39    84   198   247   184   270 0.76 -
evm.utg435.58                        -            950 537718at33208        -            243     5e-05   24.5   5.3   1   3     0.045       6.9    7.7   0.0    36    97   331   396   293   405 0.77 -
evm.utg435.58                        -            950 537718at33208        -            243     5e-05   24.5   5.3   2   3      0.01       1.6    9.8   0.0    37    93   464   525   446   536 0.82 -
evm.utg435.58                        -            950 537718at33208        -            243     5e-05   24.5   5.3   3   3       7.9   1.2e+03    0.3   0.0   211   230   775   794   762   800 0.82 -
evm.utg3605.58                       -            566 537718at33208        -            243   5.5e-05   24.4   0.2   1   3    0.0046      0.71   10.9   0.0   102   131   101   130    95   182 0.90 -
evm.utg3605.58                       -            566 537718at33208        -            243   5.5e-05   24.4   0.2   2   3     0.094        14    6.6   0.0    37   128   328   387   309   397 0.59 -
evm.utg3605.58                       -            566 537718at33208        -            243   5.5e-05   24.4   0.2   3   3       1.5   2.3e+02    2.7   0.0    24    53   449   483   427   512 0.62 -
evm.utg9313.39                       -            342 537718at33208        -            243   7.7e-05   23.9   1.6   1   3    0.0066         1   10.4   0.1    94   130    79   119    61   127 0.83 -
evm.utg9313.39                       -            342 537718at33208        -            243   7.7e-05   23.9   1.6   2   3   0.00068      0.11   13.6   0.6    64   156    88   191    88   233 0.67 -
evm.utg9313.39                       -            342 537718at33208        -            243   7.7e-05   23.9   1.6   3   3       5.9   9.1e+02    0.7   0.0   212   241   275   304   271   306 0.87 -
evm.utg6504.10                       -            442 537718at33208        -            243   0.00011   23.4   1.9   1   4       3.3   5.1e+02    1.6   0.0   138   174    48    88    36    95 0.75 -
evm.utg6504.10                       -            442 537718at33208        -            243   0.00011   23.4   1.9   2   4         1   1.6e+02    3.2   0.0    94   157    83   152    75   159 0.70 -
evm.utg6504.10                       -            442 537718at33208        -            243   0.00011   23.4   1.9   3   4    0.0031      0.48   11.5   0.1   126   164   166   204   163   219 0.88 -
evm.utg6504.10                       -            442 537718at33208        -            243   0.00011   23.4   1.9   4   4       2.5   3.8e+02    2.0   0.0   127   165   373   412   359   437 0.83 -
evm.utg109.19                        -            756 537718at33208        -            243   0.00014   23.0   0.1   1   2    0.0072       1.1   10.3   0.0    33    91   127   190   112   201 0.80 -
evm.utg109.19                        -            756 537718at33208        -            243   0.00014   23.0   0.1   2   2    0.0087       1.3   10.0   0.0    71   134   211   278   207   288 0.75 -
evm.utg564.51                        -            671 537718at33208        -            243   0.00016   22.9   0.1   1   2    0.0057      0.88   10.6   0.0    33    89   127   188   112   200 0.80 -
evm.utg564.51                        -            671 537718at33208        -            243   0.00016   22.9   0.1   2   2     0.013         2    9.4   0.0    71   133   211   277   207   290 0.74 -
evm.utg790.33                        -            336 537718at33208        -            243   0.00018   22.7   0.1   1   3       7.6   1.2e+03    0.4   0.0   143   201    24    84     2    94 0.53 -
evm.utg790.33                        -            336 537718at33208        -            243   0.00018   22.7   0.1   2   3      0.13        20    6.2   0.0    48   136    79   176    73   191 0.72 -
evm.utg790.33                        -            336 537718at33208        -            243   0.00018   22.7   0.1   3   3    0.0017      0.26   12.3   0.0    27    94   198   274   189   296 0.77 -
evm.utg8992.7                        -            932 537718at33208        -            243    0.0002   22.6   1.2   1   3       5.3   8.2e+02    0.9   0.0    77   130    35    94    27   102 0.63 -
evm.utg8992.7                        -            932 537718at33208        -            243    0.0002   22.6   1.2   2   3     0.029       4.4    8.3   0.0    33    59   180   206   164   220 0.86 -
evm.utg8992.7                        -            932 537718at33208        -            243    0.0002   22.6   1.2   3   3     0.045         7    7.7   0.1    61    90   516   547   473   565 0.73 -
evm.utg116.42                        -            197 537718at33208        -            243   0.00021   22.4   0.1   1   1   1.7e-05    0.0026   18.9   0.0    30    77    76   123    62   127 0.87 -
evm.utg280.24                        -            336 537718at33208        -            243   0.00025   22.2   0.0   1   2       0.1        16    6.5   0.0    45   137    76   177    52   192 0.76 -
evm.utg280.24                        -            336 537718at33208        -            243   0.00025   22.2   0.0   2   2    0.0014      0.22   12.6   0.0    27    93   198   273   185   303 0.79 -
evm.utg1846.70                       -            728 537718at33208        -            243   0.00032   21.9   0.9   1   3     0.014       2.1    9.4   0.1    17   130   140   263   128   310 0.84 -
evm.utg1846.70                       -            728 537718at33208        -            243   0.00032   21.9   0.9   2   3     0.016       2.5    9.1   0.0    36   145   443   562   407   575 0.75 -
evm.utg1846.70                       -            728 537718at33208        -            243   0.00032   21.9   0.9   3   3     0.085        13    6.8   0.0    39   134   491   593   487   607 0.62 -
evm.utg378.105                       -            554 537718at33208        -            243   0.00035   21.7   0.0   1   2   3.7e-05    0.0056   17.8   0.0    36   112    37   118    26   126 0.86 -
evm.utg378.105                       -            554 537718at33208        -            243   0.00035   21.7   0.0   2   2       4.3   6.6e+02    1.2   0.0   117   169   177   228   152   237 0.71 -
evm.utg64.28                         -            442 537718at33208        -            243    0.0004   21.6   1.7   1   4       3.3   5.1e+02    1.6   0.0   138   174    48    88    36    95 0.75 -
evm.utg64.28                         -            442 537718at33208        -            243    0.0004   21.6   1.7   2   4         1   1.6e+02    3.2   0.0    94   157    83   152    75   159 0.70 -
evm.utg64.28                         -            442 537718at33208        -            243    0.0004   21.6   1.7   3   4     0.014       2.1    9.4   0.0   127   164   167   204   163   215 0.88 -
evm.utg64.28                         -            442 537718at33208        -            243    0.0004   21.6   1.7   4   4       2.5   3.8e+02    2.0   0.0   127   165   373   412   359   437 0.83 -
evm.utg1272.78                       -           1295 537718at33208        -            243   0.00044   21.4   3.1   1   4      0.09        14    6.7   0.0    68   129   622   689   619   695 0.79 -
evm.utg1272.78                       -           1295 537718at33208        -            243   0.00044   21.4   3.1   2   4    0.0095       1.5    9.9   0.0   100   135   749   784   720   792 0.81 -
evm.utg1272.78                       -           1295 537718at33208        -            243   0.00044   21.4   3.1   3   4       9.2   1.4e+03    0.1   0.0    55    90   823   860   795   908 0.71 -
evm.utg1272.78                       -           1295 537718at33208        -            243   0.00044   21.4   3.1   4   4       7.1   1.1e+03    0.5   0.0    56    89   983  1018   971  1050 0.70 -
evm.utg431.40                        -            395 537718at33208        -            243    0.0005   21.2   3.7   1   3     0.018       2.8    9.0   0.1   116   135   159   178   127   184 0.79 -
evm.utg431.40                        -            395 537718at33208        -            243    0.0005   21.2   3.7   2   3     0.088        14    6.7   0.1    26    63   184   224   177   262 0.66 -
evm.utg431.40                        -            395 537718at33208        -            243    0.0005   21.2   3.7   3   3      0.55        85    4.1   0.0    39    84   291   340   277   362 0.76 -
evm.utg126.151                       -            820 537718at33208        -            243   0.00052   21.2   0.0   1   3    0.0064      0.98   10.5   0.0    53    98    34    82    30   141 0.80 -
evm.utg126.151                       -            820 537718at33208        -            243   0.00052   21.2   0.0   2   3       6.4   9.8e+02    0.6   0.0    39    59   152   172   146   182 0.82 -
evm.utg126.151                       -            820 537718at33208        -            243   0.00052   21.2   0.0   3   3      0.28        43    5.1   0.0    69   128   690   754   680   770 0.78 -
evm.utg1337.4.1.5c22ea39             -            981 537718at33208        -            243   0.00058   21.0   0.1   1   3    0.0012      0.19   12.8   0.0    45   125    65   150    55   195 0.72 -
evm.utg1337.4.1.5c22ea39             -            981 537718at33208        -            243   0.00058   21.0   0.1   2   3       8.2   1.3e+03    0.3   0.0    31    58   300   327   284   334 0.84 -
evm.utg1337.4.1.5c22ea39             -            981 537718at33208        -            243   0.00058   21.0   0.1   3   3       1.2   1.9e+02    3.0   0.0   158   223   508   574   486   586 0.80 -
evm.utg6477.2                        -            448 537718at33208        -            243   0.00067   20.8   1.8   1   3    0.0093       1.4    9.9   0.1    94   130   185   225   167   235 0.83 -
evm.utg6477.2                        -            448 537718at33208        -            243   0.00067   20.8   1.8   2   3     0.088        14    6.7   0.1   104   136   244   276   237   336 0.76 -
evm.utg6477.2                        -            448 537718at33208        -            243   0.00067   20.8   1.8   3   3       8.3   1.3e+03    0.3   0.0   212   241   381   410   377   412 0.87 -
evm.utg378.4                         -           1723 537718at33208        -            243   0.00067   20.8   2.7   1   3       9.4   1.4e+03    0.1   0.0   111   154   100   150    78   166 0.70 -
evm.utg378.4                         -           1723 537718at33208        -            243   0.00067   20.8   2.7   2   3     0.068        10    7.1   0.0    33    59   342   368   326   379 0.88 -
evm.utg378.4                         -           1723 537718at33208        -            243   0.00067   20.8   2.7   3   3     0.087        13    6.7   0.1    60    90   707   739   667   757 0.73 -
evm.utg729.160.1.5c22f3a9            -            827 537718at33208        -            243   0.00081   20.5   2.2   1   4      0.37        58    4.7   0.0    99   148    51   102    37   107 0.71 -
evm.utg729.160.1.5c22f3a9            -            827 537718at33208        -            243   0.00081   20.5   2.2   2   4       3.2   4.9e+02    1.6   0.0    66   137   110   187   105   193 0.61 -
evm.utg729.160.1.5c22f3a9            -            827 537718at33208        -            243   0.00081   20.5   2.2   3   4       1.1   1.7e+02    3.1   0.0    35    59   206   230   200   273 0.80 -
evm.utg729.160.1.5c22f3a9            -            827 537718at33208        -            243   0.00081   20.5   2.2   4   4      0.11        17    6.4   0.2    60   128   576   651   569   656 0.57 -
evm.utg64.28.1.5c22f309              -            317 537718at33208        -            243    0.0012   20.0   1.7   1   4       1.9   2.9e+02    2.4   0.1   138   173    48    87    12    91 0.75 -
evm.utg64.28.1.5c22f309              -            317 537718at33208        -            243    0.0012   20.0   1.7   2   4      0.27        41    5.1   0.1    92   156    81   151    39   159 0.63 -
evm.utg64.28.1.5c22f309              -            317 537718at33208        -            243    0.0012   20.0   1.7   3   4    0.0082       1.3   10.1   0.0   127   164   167   204   163   218 0.88 -
evm.utg64.28.1.5c22f309              -            317 537718at33208        -            243    0.0012   20.0   1.7   4   4       8.4   1.3e+03    0.2   0.0   137   155   222   240   209   268 0.69 -
evm.utg1337.4                        -           1219 537718at33208        -            243    0.0013   19.9   0.1   1   2    0.0016      0.25   12.4   0.0    45   125    65   150    55   194 0.72 -
evm.utg1337.4                        -           1219 537718at33208        -            243    0.0013   19.9   0.1   2   2       1.7   2.6e+02    2.5   0.0   158   223   508   574   487   586 0.81 -
evm.utg6924.10                       -            677 537718at33208        -            243    0.0013   19.9   7.5   1   2       2.8   4.2e+02    1.8   0.1   111   156    74   123    47   142 0.60 -
evm.utg6924.10                       -            677 537718at33208        -            243    0.0013   19.9   7.5   2   2   3.7e-05    0.0057   17.8   2.2    35   158   522   664   512   675 0.74 -
evm.utg139908.1                      -            208 537718at33208        -            243    0.0014   19.8   0.0   1   1   4.1e-05    0.0063   17.6   0.0    63   157    49   154     8   174 0.68 -
evm.utg3092.70                       -            717 537718at33208        -            243    0.0015   19.7   0.5   1   3       6.5     1e+03    0.6   0.0   212   228    74    90    67    99 0.75 -
evm.utg3092.70                       -            717 537718at33208        -            243    0.0015   19.7   0.5   2   3   0.00071      0.11   13.6   0.0    36   130   152   256   131   264 0.78 -
evm.utg3092.70                       -            717 537718at33208        -            243    0.0015   19.7   0.5   3   3    0.0019       0.3   12.2   0.0     3    74   198   278   196   292 0.75 -
evm.utg729.147.2.5c22f3b0            -            466 537718at33208        -            243    0.0015   19.7   0.0   1   2      0.29        45    5.0   0.0   113   157    61   106    42   121 0.81 -
evm.utg729.147.2.5c22f3b0            -            466 537718at33208        -            243    0.0015   19.7   0.0   2   2    0.0055      0.85   10.7   0.0    36   102   170   241   164   262 0.71 -
evm.utg190.40                        -            509 537718at33208        -            243    0.0015   19.7   0.0   1   1   9.2e-05     0.014   16.5   0.0    33    87   146   202   128   260 0.83 -
evm.utg190.40.1.5c22ec4c             -            509 537718at33208        -            243    0.0015   19.7   0.0   1   1   9.2e-05     0.014   16.5   0.0    33    87   146   202   128   260 0.83 -
evm.utg479.28                        -           1273 537718at33208        -            243    0.0015   19.7   0.7   1   2       0.3        46    5.0   0.1   153   228   969  1050   960  1058 0.64 -
evm.utg479.28                        -           1273 537718at33208        -            243    0.0015   19.7   0.7   2   2    0.0015      0.24   12.5   0.1    18    91  1156  1233  1117  1241 0.90 -
evm.utg190.40.2.5c22ec4c             -            494 537718at33208        -            243    0.0017   19.5   0.0   1   1   9.2e-05     0.014   16.5   0.0    33    87   146   202   127   257 0.85 -
evm.utg27.27                         -           1017 537718at33208        -            243    0.0017   19.5   3.1   1   3       6.9   1.1e+03    0.5   0.1   119   163    78   124    58   177 0.74 -
evm.utg27.27                         -           1017 537718at33208        -            243    0.0017   19.5   3.1   2   3    0.0068         1   10.4   0.1    75   137   250   319   199   329 0.69 -
evm.utg27.27                         -           1017 537718at33208        -            243    0.0017   19.5   3.1   3   3      0.21        33    5.5   0.0    24    56   579   616   573   643 0.70 -
evm.utg5513.6                        -           1208 537718at33208        -            243    0.0018   19.4  11.0   1   3    0.0076       1.2   10.2   0.1    95   133   226   267   154   278 0.84 -
evm.utg5513.6                        -           1208 537718at33208        -            243    0.0018   19.4  11.0   2   3      0.46        71    4.4   0.0    32    87   292   349   277   362 0.69 -
evm.utg5513.6                        -           1208 537718at33208        -            243    0.0018   19.4  11.0   3   3     0.089        14    6.7   0.1    18   142  1112  1161  1091  1184 0.58 -
evm.utg6379.9                        -            677 537718at33208        -            243    0.0019   19.4   9.1   1   2      0.91   1.4e+02    3.4   0.2   115   156    78   123    46   150 0.69 -
evm.utg6379.9                        -            677 537718at33208        -            243    0.0019   19.4   9.1   2   2   7.6e-05     0.012   16.8   2.9    35   158   522   664   512   675 0.75 -
evm.utg15211.1                       -            289 537718at33208        -            243     0.002   19.3   0.1   1   2      0.25        39    5.2   0.0    35    85    52   103    39   128 0.71 -
evm.utg15211.1                       -            289 537718at33208        -            243     0.002   19.3   0.1   2   2    0.0023      0.35   11.9   0.1    37    92   139   198   103   215 0.75 -
evm.utg1230.12                       -           1137 537718at33208        -            243    0.0025   18.9   1.3   1   3       1.7   2.6e+02    2.5   0.0    35    98   351   418   340   445 0.76 -
evm.utg1230.12                       -           1137 537718at33208        -            243    0.0025   18.9   1.3   2   3     0.023       3.6    8.6   0.0    65    89   650   675   640   689 0.81 -
evm.utg1230.12                       -           1137 537718at33208        -            243    0.0025   18.9   1.3   3   3       6.9   1.1e+03    0.5   0.0   116   134   838   855   832   901 0.78 -
evm.utg431.5                         -           1181 537718at33208        -            243    0.0037   18.4  12.7   1   3    0.0029      0.44   11.6   0.1    98   137   189   230   112   238 0.80 -
evm.utg431.5                         -           1181 537718at33208        -            243    0.0037   18.4  12.7   2   3       1.1   1.6e+02    3.2   0.0    35    62   296   323   271   336 0.80 -
evm.utg431.5                         -           1181 537718at33208        -            243    0.0037   18.4  12.7   3   3      0.12        19    6.2   0.0    14    58  1081  1129  1068  1160 0.65 -
evm.utg659.9.1.5c2796f4              -            263 537718at33208        -            243    0.0039   18.3   0.0   1   2     0.014       2.1    9.4   0.1    65   134    48   125    27   134 0.75 -
evm.utg659.9.1.5c2796f4              -            263 537718at33208        -            243    0.0039   18.3   0.0   2   2     0.066        10    7.1   0.0    36   116   148   228   123   235 0.81 -
evm.utg78.65.1.5c22f420              -            558 537718at33208        -            243    0.0042   18.2   0.0   1   1   4.4e-05    0.0068   17.5   0.0    99   149   413   468   407   479 0.77 -
evm.utg6894.3                        -            395 537718at33208        -            243    0.0047   18.1   4.2   1   3     0.078        12    6.9   0.2   114   135   158   178   130   192 0.72 -
evm.utg6894.3                        -            395 537718at33208        -            243    0.0047   18.1   4.2   2   3       0.1        15    6.5   0.1    27    63   185   224   179   262 0.66 -
evm.utg6894.3                        -            395 537718at33208        -            243    0.0047   18.1   4.2   3   3      0.56        86    4.1   0.0    39    84   291   340   278   362 0.75 -
evm.utg64.28.1.5c22f309.1.5c2796de   -            238 537718at33208        -            243     0.006   17.7   2.1   1   2      0.14        22    6.0   0.1    92   156    81   151    36   157 0.61 -
evm.utg64.28.1.5c22f309.1.5c2796de   -            238 537718at33208        -            243     0.006   17.7   2.1   2   2     0.015       2.4    9.2   0.2   127   158   167   198   163   226 0.84 -
evm.utg4455.54                       -            917 537718at33208        -            243    0.0062   17.7   7.1   1   3      0.17        26    5.8   0.0    36    54   400   418   378   468 0.56 -
evm.utg4455.54                       -            917 537718at33208        -            243    0.0062   17.7   7.1   2   3       1.7   2.6e+02    2.5   0.1    33    60   502   529   486   580 0.57 -
evm.utg4455.54                       -            917 537718at33208        -            243    0.0062   17.7   7.1   3   3     0.023       3.6    8.6   1.2    49   136   747   840   734   852 0.67 -
evm.utg62.107                        -           1144 537718at33208        -            243    0.0066   17.6   0.0   1   1   0.00036     0.055   14.5   0.0    22    99    73   152    67   187 0.82 -
evm.utg109.62                        -            220 537718at33208        -            243    0.0068   17.5   0.1   1   1   6.6e-05      0.01   17.0   0.1    43   111    58   128    50   131 0.86 -
evm.utg2849.26                       -           1710 537718at33208        -            243     0.008   17.3   6.3   1   3     0.022       3.5    8.7   0.0   105   136  1028  1059  1022  1098 0.89 -
evm.utg2849.26                       -           1710 537718at33208        -            243     0.008   17.3   6.3   2   3      0.62        96    3.9   0.1   117   205  1321  1413  1309  1419 0.79 -
evm.utg2849.26                       -           1710 537718at33208        -            243     0.008   17.3   6.3   3   3       1.4   2.1e+02    2.8   0.1    23    73  1562  1611  1538  1649 0.78 -
evm.utg2129.6                        -           3094 537718at33208        -            243      0.01   16.9   0.0   1   3       8.1   1.2e+03    0.3   0.0   115   147   594   626   588   652 0.78 -
evm.utg2129.6                        -           3094 537718at33208        -            243      0.01   16.9   0.0   2   3       0.3        46    5.0   0.0    95   156  2848  2916  2838  2957 0.77 -
evm.utg2129.6                        -           3094 537718at33208        -            243      0.01   16.9   0.0   3   3      0.15        23    6.0   0.0    17    66  2983  3035  2971  3039 0.83 -
evm.utg2129.6.1.5c22ecff             -           3116 537718at33208        -            243     0.011   16.9   0.0   1   3       8.1   1.3e+03    0.3   0.0   115   147   594   626   588   652 0.78 -
evm.utg2129.6.1.5c22ecff             -           3116 537718at33208        -            243     0.011   16.9   0.0   2   3       0.3        46    5.0   0.0    95   156  2870  2938  2860  2979 0.77 -
evm.utg2129.6.1.5c22ecff             -           3116 537718at33208        -            243     0.011   16.9   0.0   3   3      0.15        23    6.0   0.0    17    66  3005  3057  2993  3061 0.83 -
evm.utg3283.26                       -           1014 537718at33208        -            243     0.011   16.9   3.0   1   3       6.5   9.9e+02    0.6   0.2    77   132   600   661   597   669 0.67 -
evm.utg3283.26                       -           1014 537718at33208        -            243     0.011   16.9   3.0   2   3      0.31        48    4.9   0.0    99   128   818   848   810   876 0.84 -
evm.utg3283.26                       -           1014 537718at33208        -            243     0.011   16.9   3.0   3   3      0.34        53    4.8   0.1    36    87   900   959   888  1012 0.47 -
evm.utg8380.14                       -            389 537718at33208        -            243     0.013   16.6   1.2   1   3       4.2   6.5e+02    1.2   0.0   139   168   140   173   130   184 0.72 -
evm.utg8380.14                       -            389 537718at33208        -            243     0.013   16.6   1.2   2   3       2.3   3.5e+02    2.1   0.0   116   154   205   249   200   250 0.72 -
evm.utg8380.14                       -            389 537718at33208        -            243     0.013   16.6   1.2   3   3     0.004      0.61   11.1   0.1    37    90   248   305   244   319 0.78 -
evm.utg116.299                       -            955 537718at33208        -            243     0.014   16.5   2.0   1   1   0.00022     0.034   15.3   0.6    36   130   116   218    93   229 0.79 -
evm.utg1056.107.2.5c22e85b           -            538 537718at33208        -            243     0.014   16.5   0.1   1   1   0.00034     0.053   14.6   0.1    23   122   409   517   391   522 0.74 -
evm.utg736.40.1.5c22f3d4             -            386 537718at33208        -            243     0.015   16.4   1.1   1   2      0.22        34    5.4   0.2    37    90   152   210   144   288 0.61 -
evm.utg736.40.1.5c22f3d4             -            386 537718at33208        -            243     0.015   16.4   1.1   2   2     0.047       7.2    7.6   0.0    35    68   339   372   330   377 0.87 -
evm.utg301.67                        -           3787 537718at33208        -            243     0.017   16.2   0.3   1   1   0.00029     0.045   14.8   0.1    59   110  3382  3439  3321  3508 0.59 -
evm.utg729.25.1.5c279763             -            740 537718at33208        -            243      0.02   16.0   0.5   1   2    0.0034      0.53   11.3   0.1   102   140   534   572   519   593 0.69 -
evm.utg729.25.1.5c279763             -            740 537718at33208        -            243      0.02   16.0   0.5   2   2       6.2   9.5e+02    0.7   0.0   107   129   645   667   628   672 0.59 -
evm.utg1281.13                       -            378 537718at33208        -            243     0.021   15.9   0.6   1   2     0.023       3.6    8.6   0.1    65   134    49   126    39   142 0.73 -
evm.utg1281.13                       -            378 537718at33208        -            243     0.021   15.9   0.6   2   2       2.1   3.2e+02    2.2   0.0   104   129   284   310   275   346 0.74 -
evm.utg659.9                         -            354 537718at33208        -            243     0.022   15.9   0.8   1   2     0.011       1.7    9.7   0.8    34   130    59   164    39   213 0.60 -
evm.utg659.9                         -            354 537718at33208        -            243     0.022   15.9   0.8   2   2         2   3.1e+02    2.3   0.0   104   129   283   309   274   345 0.75 -
evm.utg116.41                        -            703 537718at33208        -            243     0.028   15.5   4.5   1   3       1.6   2.4e+02    2.6   0.0   100   137    57    96    45   102 0.58 -
evm.utg116.41                        -            703 537718at33208        -            243     0.028   15.5   4.5   2   3      0.31        48    4.9   0.0    34    70   174   210   168   245 0.70 -
evm.utg116.41                        -            703 537718at33208        -            243     0.028   15.5   4.5   3   3     0.059       9.1    7.3   0.0    56    87   584   617   539   623 0.64 -
evm.utg1972.74                       -            485 537718at33208        -            243     0.038   15.1   0.3   1   1     0.001      0.16   13.1   0.1    35    87   143   197   113   218 0.79 -
evm.utg4318.22                       -           1196 537718at33208        -            243     0.039   15.1   0.0   1   2     0.015       2.3    9.2   0.0    26    94   121   202   114   248 0.63 -
evm.utg4318.22                       -           1196 537718at33208        -            243     0.039   15.1   0.0   2   2      0.18        28    5.7   0.0    32   129   179   290   170   294 0.73 -
evm.utg4610.15                       -           1557 537718at33208        -            243     0.041   15.0   0.6   1   2     0.033       5.1    8.1   0.0   105   137  1029  1061  1023  1101 0.82 -
evm.utg4610.15                       -           1557 537718at33208        -            243     0.041   15.0   0.6   2   2      0.95   1.5e+02    3.3   0.1   117   205  1322  1414  1285  1419 0.77 -
evm.utg801.96.1.5c22f45f             -            327 537718at33208        -            243     0.043   14.9   4.8   1   1   0.00079      0.12   13.4   4.4    34   124   192   299   190   304 0.71 -
evm.utg1226.20                       -           1094 537718at33208        -            243     0.044   14.9   0.2   1   1    0.0014      0.22   12.6   0.1    42   130    63   156    47   169 0.67 -
evm.utg888.20                        -           4000 537718at33208        -            243     0.051   14.7   0.1   1   1   0.00081      0.12   13.4   0.1    60   109  3793  3847  3784  3864 0.82 -
evm.utg21625.5                       -           1001 537718at33208        -            243     0.063   14.4   0.1   1   1   0.00074      0.11   13.5   0.1    62   126   922   992   914   997 0.79 -
evm.utg432.96                        -            312 537718at33208        -            243     0.072   14.2   0.0   1   1   0.00073      0.11   13.5   0.0    37   127    45   151    17   152 0.73 -
evm.utg116.24                        -            526 537718at33208        -            243     0.073   14.2   0.0   1   2    0.0049      0.75   10.8   0.0    36   102   231   302   224   323 0.74 -
evm.utg116.24                        -            526 537718at33208        -            243     0.073   14.2   0.0   2   2     0.048       7.3    7.6   0.0    36    87   273   323   271   370 0.74 -
evm.utg14876.7                       -            507 537718at33208        -            243     0.078   14.1   1.4   1   2     0.049       7.6    7.6   0.0    38   200   112   166    86   180 0.59 -
evm.utg14876.7                       -            507 537718at33208        -            243     0.078   14.1   1.4   2   2      0.97   1.5e+02    3.3   0.1    39    83   290   338   267   355 0.71 -
evm.utg729.147.1.5c22f3b0            -            508 537718at33208        -            243     0.081   14.0   0.0   1   2    0.0075       1.2   10.2   0.0    36    99   231   297   225   320 0.78 -
evm.utg729.147.1.5c22f3b0            -            508 537718at33208        -            243     0.081   14.0   0.0   2   2     0.026         4    8.4   0.0    36    87   273   323   255   370 0.73 -
evm.utg4709.34                       -            823 537718at33208        -            243     0.082   14.0   0.9   1   1    0.0017      0.26   12.4   0.3    90   176     6   103     2   109 0.74 -
evm.utg1009.18                       -            160 537718at33208        -            243     0.093   13.8   0.3   1   1    0.0023      0.36   11.9   0.1    76   129   101   158    39   158 0.69 -
evm.utg729.147                       -            527 537718at33208        -            243       0.1   13.7   0.1   1   2    0.0074       1.1   10.2   0.0    36    99   231   297   224   321 0.76 -
evm.utg729.147                       -            527 537718at33208        -            243       0.1   13.7   0.1   2   2     0.048       7.4    7.6   0.0    36    87   273   323   271   370 0.74 -
evm.utg116.278                       -            389 537718at33208        -            243      0.13   13.4   0.0   1   1    0.0037      0.57   11.2   0.0    62   134   258   339   235   346 0.82 -
evm.utg47.29                         -            440 537718at33208        -            243      0.15   13.1   0.0   1   2     0.011       1.6    9.7   0.0    46    88   164   208   143   213 0.85 -
evm.utg47.29                         -            440 537718at33208        -            243      0.15   13.1   0.0   2   2       9.7   1.5e+03    0.0   0.0    67    88   231   253   217   264 0.68 -
evm.utg6949.7                        -            440 537718at33208        -            243      0.16   13.1   0.0   1   2     0.011       1.6    9.7   0.0    46    88   164   208   143   213 0.85 -
evm.utg6949.7                        -            440 537718at33208        -            243      0.16   13.1   0.0   2   2       9.7   1.5e+03    0.0   0.0    67    88   231   253   217   264 0.68 -
evm.utg861.53.2.5c22f4a4             -            422 537718at33208        -            243      0.16   13.0   0.0   1   1    0.0017      0.27   12.3   0.0    60   154   251   361   245   406 0.73 -
evm.utg861.53.1.5c22f4a4             -            413 537718at33208        -            243      0.19   12.8   0.0   1   1    0.0022      0.33   12.0   0.0    60   154   251   361   245   377 0.69 -
evm.utg420.29                        -           4807 537718at33208        -            243      0.21   12.7   0.1   1   2       2.7   4.2e+02    1.8   0.0   103   128   529   554   521   560 0.90 -
evm.utg420.29                        -           4807 537718at33208        -            243      0.21   12.7   0.1   2   2     0.055       8.5    7.4   0.2    98   128  4024  4055  4015  4057 0.85 -
evm.utg3878.20                       -           1023 537718at33208        -            243      0.28   12.2   0.1   1   1    0.0097       1.5    9.9   0.0    99   130    54    85    22    99 0.82 -
evm.utg2129.147                      -            400 537718at33208        -            243       0.4   11.7   0.0   1   2       9.9   1.5e+03    0.0   0.0   171   197    44    70    37    79 0.83 -
evm.utg2129.147                      -            400 537718at33208        -            243       0.4   11.7   0.0   2   2     0.065        10    7.1   0.0    25    90    99   167    90   181 0.66 -
evm.utg150.89.1.5c22eb05             -           2738 537718at33208        -            243      0.42   11.7   0.0   1   3      0.43        67    4.5   0.0   208   233  1251  1276  1233  1293 0.57 -
evm.utg150.89.1.5c22eb05             -           2738 537718at33208        -            243      0.42   11.7   0.0   2   3         4   6.1e+02    1.3   0.0    38    85  1409  1458  1405  1466 0.88 -
evm.utg150.89.1.5c22eb05             -           2738 537718at33208        -            243      0.42   11.7   0.0   3   3       8.9   1.4e+03    0.2   0.0    99   133  1623  1658  1613  1684 0.62 -
evm.utg150.89                        -           2739 537718at33208        -            243      0.42   11.7   0.0   1   3      0.43        67    4.5   0.0   208   233  1252  1277  1234  1294 0.57 -
evm.utg150.89                        -           2739 537718at33208        -            243      0.42   11.7   0.0   2   3         4   6.1e+02    1.3   0.0    38    85  1410  1459  1406  1467 0.88 -
evm.utg150.89                        -           2739 537718at33208        -            243      0.42   11.7   0.0   3   3       8.9   1.4e+03    0.2   0.0    99   133  1624  1659  1614  1685 0.62 -
#
# Program:         hmmsearch
# Version:         3.1b2 (February 2015)
# Pipeline mode:   SEARCH
# Query file:      /uoa/scratch/users/r02hw22/project_dark_genes/busco_downloads/lineages/metazoa_odb10/hmms/537718at33208.hmm
# Target file:     /uoa/scratch/users/r02hw22/project_dark_genes/00_raw/equina_smart.rnam-trna.merged.ggf.curated.remredun.aa.fa
# Option settings: hmmsearch --domtblout /uoa/scratch/users/r02hw22/project_dark_genes/equina_busco_proteins/run_metazoa_odb10/hmmer_output/initial_run_results/537718at33208.out --cpu 1 /uoa/scratch/users/r02hw22/project_dark_genes/busco_downloads/lineages/metazoa_odb10/hmms/537718at33208.hmm /uoa/scratch/users/r02hw22/project_dark_genes/00_raw/equina_smart.rnam-trna.merged.ggf.curated.remredun.aa.fa 
# Current dir:     /uoa/scratch/users/r02hw22/project_dark_genes
# Date:            Sat Apr 25 14:42:40 2026
# [ok]
