#                                                                                            --- full sequence --- -------------- this domain -------------   hmm coord   ali coord   env coord
# target name                        accession   tlen query name           accession   qlen   E-value  score  bias   #  of  c-Evalue  i-Evalue  score  bias  from    to  from    to  from    to  acc description of target
#                ------------------- ---------- ----- -------------------- ---------- ----- --------- ------ ----- --- --- --------- --------- ------ ----- ----- ----- ----- ----- ----- ----- ---- ---------------------
evm.utg729.14                        -            388 581717at33208        -            249   5.7e-63  214.1   2.8   1   2   3.8e-64   9.5e-62  210.1   0.5    34   236    87   323    35   329 0.84 -
evm.utg729.14                        -            388 581717at33208        -            249   5.7e-63  214.1   2.8   2   2       2.4     6e+02    1.1   0.1   231   246   354   369   335   372 0.85 -
evm.utg21228.28                      -            351 581717at33208        -            249   8.3e-17   62.8   0.0   1   5    0.0011      0.27   12.0   0.0   173   213    50    90    42    95 0.87 -
evm.utg21228.28                      -            351 581717at33208        -            249   8.3e-17   62.8   0.0   2   5    0.0063       1.6    9.5   0.0   175   217    95   137    89   150 0.90 -
evm.utg21228.28                      -            351 581717at33208        -            249   8.3e-17   62.8   0.0   3   5   5.6e-05     0.014   16.2   0.0   121   212   159   258   157   279 0.75 -
evm.utg21228.28                      -            351 581717at33208        -            249   8.3e-17   62.8   0.0   4   5       1.8   4.5e+02    1.5   0.0   190   213   286   309   259   314 0.78 -
evm.utg21228.28                      -            351 581717at33208        -            249   8.3e-17   62.8   0.0   5   5   3.5e-05    0.0089   16.9   0.0   170   205   308   343   290   349 0.84 -
evm.utg12655.28                      -            300 581717at33208        -            249   9.2e-17   62.7   0.0   1   5    0.0024       0.6   10.9   0.0   178   212     4    38     2    43 0.89 -
evm.utg12655.28                      -            300 581717at33208        -            249   9.2e-17   62.7   0.0   2   5    0.0059       1.5    9.6   0.0   176   217    45    86    37   103 0.88 -
evm.utg12655.28                      -            300 581717at33208        -            249   9.2e-17   62.7   0.0   3   5     4e-05      0.01   16.7   0.0   121   212   108   207   105   219 0.73 -
evm.utg12655.28                      -            300 581717at33208        -            249   9.2e-17   62.7   0.0   4   5       1.3   3.2e+02    2.0   0.0   190   213   235   258   212   264 0.79 -
evm.utg12655.28                      -            300 581717at33208        -            249   9.2e-17   62.7   0.0   5   5   2.8e-05    0.0071   17.2   0.0   169   205   256   292   239   298 0.84 -
evm.utg194.98                        -            510 581717at33208        -            249   2.8e-13   51.3   0.2   1   4   0.00068      0.17   12.7   0.0   145   213   230   300   209   307 0.77 -
evm.utg194.98                        -            510 581717at33208        -            249   2.8e-13   51.3   0.2   2   4     0.022       5.4    7.8   0.0   173   226   302   356   299   368 0.82 -
evm.utg194.98                        -            510 581717at33208        -            249   2.8e-13   51.3   0.2   3   4    0.0088       2.2    9.1   0.0   158   215   372   431   367   451 0.81 -
evm.utg194.98                        -            510 581717at33208        -            249   2.8e-13   51.3   0.2   4   4   2.4e-05     0.006   17.4   0.0   156   208   455   507   443   509 0.92 -
evm.utg234.60                        -            303 581717at33208        -            249   7.6e-13   49.9   0.2   1   4   0.00036     0.092   13.6   0.0   176   217    56    97    45   102 0.85 -
evm.utg234.60                        -            303 581717at33208        -            249   7.6e-13   49.9   0.2   2   4   1.7e-06   0.00044   21.2   0.0   110   213   106   219   101   229 0.82 -
evm.utg234.60                        -            303 581717at33208        -            249   7.6e-13   49.9   0.2   3   4      0.74   1.9e+02    2.7   0.0   108   137   230   260   226   262 0.76 -
evm.utg234.60                        -            303 581717at33208        -            249   7.6e-13   49.9   0.2   4   4    0.0072       1.8    9.3   0.1   169   209   259   299   242   301 0.84 -
evm.utg435.72                        -           1669 581717at33208        -            249   1.3e-12   49.2   2.7   1   5   2.4e-07   5.9e-05   24.0   0.0    74   212   742   883   739   889 0.69 -
evm.utg435.72                        -           1669 581717at33208        -            249   1.3e-12   49.2   2.7   2   5     0.084        21    5.8   0.0   175   230   888   945   885   953 0.78 -
evm.utg435.72                        -           1669 581717at33208        -            249   1.3e-12   49.2   2.7   3   5       1.8   4.6e+02    1.5   0.0   175   212   972  1009   964  1032 0.88 -
evm.utg435.72                        -           1669 581717at33208        -            249   1.3e-12   49.2   2.7   4   5     0.087        22    5.8   0.0   174   218  1055  1099  1052  1117 0.88 -
evm.utg435.72                        -           1669 581717at33208        -            249   1.3e-12   49.2   2.7   5   5       5.1   1.3e+03    0.0   0.1    74    89  1118  1133  1108  1140 0.89 -
evm.utg788.96                        -            437 581717at33208        -            249   1.3e-12   49.1   2.2   1   4     0.044        11    6.8   0.0   155   208     7    62     2    69 0.86 -
evm.utg788.96                        -            437 581717at33208        -            249   1.3e-12   49.1   2.2   2   4     0.071        18    6.1   0.1   175   213    71   109    64   126 0.84 -
evm.utg788.96                        -            437 581717at33208        -            249   1.3e-12   49.1   2.2   3   4   4.4e-08   1.1e-05   26.4   0.1   154   212   174   234   121   259 0.71 -
evm.utg788.96                        -            437 581717at33208        -            249   1.3e-12   49.1   2.2   4   4       1.3   3.3e+02    1.9   0.0   174   221   238   286   230   292 0.83 -
evm.utg2757.76                       -            410 581717at33208        -            249   1.4e-12   49.0   1.1   1   5   9.6e-05     0.024   15.5   0.0   152   211   119   178    98   180 0.70 -
evm.utg2757.76                       -            410 581717at33208        -            249   1.4e-12   49.0   1.1   2   5     0.042        11    6.8   0.0   173   219   182   228   177   233 0.89 -
evm.utg2757.76                       -            410 581717at33208        -            249   1.4e-12   49.0   1.1   3   5     0.035       8.8    7.1   0.0   173   213   224   264   215   271 0.87 -
evm.utg2757.76                       -            410 581717at33208        -            249   1.4e-12   49.0   1.1   4   5   9.1e-05     0.023   15.5   0.1   176   221   332   377   308   390 0.77 -
evm.utg2757.76                       -            410 581717at33208        -            249   1.4e-12   49.0   1.1   5   5       6.1   1.5e+03   -0.3   0.0   184   208   382   406   380   409 0.87 -
evm.utg3158.36                       -           1666 581717at33208        -            249   1.4e-12   49.0   8.2   1   6       2.6   6.4e+02    1.0   0.0   174   213   918   957   913   978 0.87 -
evm.utg3158.36                       -           1666 581717at33208        -            249   1.4e-12   49.0   8.2   2   6   5.1e-08   1.3e-05   26.2   0.1    59   212  1002  1162   997  1189 0.76 -
evm.utg3158.36                       -           1666 581717at33208        -            249   1.4e-12   49.0   8.2   3   6      0.56   1.4e+02    3.1   0.0   173   233  1165  1227  1162  1231 0.85 -
evm.utg3158.36                       -           1666 581717at33208        -            249   1.4e-12   49.0   8.2   4   6     0.037       9.3    7.0   0.1   150   214  1312  1378  1289  1393 0.81 -
evm.utg3158.36                       -           1666 581717at33208        -            249   1.4e-12   49.0   8.2   5   6      0.37        94    3.7   0.0   156   213  1402  1461  1390  1486 0.77 -
evm.utg3158.36                       -           1666 581717at33208        -            249   1.4e-12   49.0   8.2   6   6     0.042        11    6.8   0.1   160   227  1492  1562  1477  1578 0.83 -
evm.utg101.178                       -            403 581717at33208        -            249   2.6e-12   48.1   0.5   1   4   9.4e-05     0.024   15.5   0.0   152   211   119   178    98   180 0.70 -
evm.utg101.178                       -            403 581717at33208        -            249   2.6e-12   48.1   0.5   2   4     0.024       6.1    7.6   0.0   172   218   181   227   170   232 0.86 -
evm.utg101.178                       -            403 581717at33208        -            249   2.6e-12   48.1   0.5   3   4     0.045        11    6.7   0.0   173   213   224   264   219   271 0.88 -
evm.utg101.178                       -            403 581717at33208        -            249   2.6e-12   48.1   0.5   4   4   9.8e-05     0.025   15.4   0.0   176   220   332   376   307   387 0.77 -
evm.utg439.49                        -            578 581717at33208        -            249     3e-12   47.9   0.1   1   5      0.12        29    5.4   0.0   171   210   276   316   274   320 0.90 -
evm.utg439.49                        -            578 581717at33208        -            249     3e-12   47.9   0.1   2   5     6e-06    0.0015   19.4   0.0   169   239   318   389   314   391 0.91 -
evm.utg439.49                        -            578 581717at33208        -            249     3e-12   47.9   0.1   3   5   0.00015     0.037   14.9   0.0   155   214   388   449   385   462 0.89 -
evm.utg439.49                        -            578 581717at33208        -            249     3e-12   47.9   0.1   4   5       7.1   1.8e+03   -0.5   0.0   185   214   463   492   458   504 0.84 -
evm.utg439.49                        -            578 581717at33208        -            249     3e-12   47.9   0.1   5   5      0.34        87    3.8   0.0   155   208   520   576   517   577 0.84 -
evm.utg21895.1                       -            272 581717at33208        -            249     4e-12   47.5   0.0   1   4   1.8e-06   0.00044   21.2   0.0   169   239    12    83     5    84 0.91 -
evm.utg21895.1                       -            272 581717at33208        -            249     4e-12   47.5   0.0   2   4   4.3e-05     0.011   16.6   0.0   155   214    82   143    78   156 0.88 -
evm.utg21895.1                       -            272 581717at33208        -            249     4e-12   47.5   0.0   3   4       2.5   6.4e+02    1.0   0.0   185   214   157   186   152   199 0.83 -
evm.utg21895.1                       -            272 581717at33208        -            249     4e-12   47.5   0.0   4   4      0.11        29    5.4   0.0   155   208   214   270   211   271 0.84 -
evm.utg27.20                         -           1146 581717at33208        -            249     1e-11   46.2   0.4   1   5    0.0055       1.4    9.7   0.0   162   213    30    83    22    88 0.85 -
evm.utg27.20                         -           1146 581717at33208        -            249     1e-11   46.2   0.4   2   5      0.71   1.8e+02    2.8   0.0   182   213    94   125    82   128 0.83 -
evm.utg27.20                         -           1146 581717at33208        -            249     1e-11   46.2   0.4   3   5   0.00064      0.16   12.8   0.1   171   211   125   165   123   174 0.87 -
evm.utg27.20                         -           1146 581717at33208        -            249     1e-11   46.2   0.4   4   5      0.02       5.1    7.9   0.0   173   213   199   239   187   248 0.90 -
evm.utg27.20                         -           1146 581717at33208        -            249     1e-11   46.2   0.4   5   5     0.053        13    6.5   0.0   176   214   246   284   241   293 0.87 -
evm.utg1056.106                      -            351 581717at33208        -            249   1.7e-11   45.5   0.0   1   6     0.049        12    6.6   0.0   175   213    55    93    24   104 0.83 -
evm.utg1056.106                      -            351 581717at33208        -            249   1.7e-11   45.5   0.0   2   6       0.3        75    4.0   0.0   179   212   101   134    94   137 0.85 -
evm.utg1056.106                      -            351 581717at33208        -            249   1.7e-11   45.5   0.0   3   6   0.00073      0.18   12.6   0.0   172   214   136   178   131   186 0.90 -
evm.utg1056.106                      -            351 581717at33208        -            249   1.7e-11   45.5   0.0   4   6      0.51   1.3e+02    3.3   0.0   173   214   179   220   177   230 0.83 -
evm.utg1056.106                      -            351 581717at33208        -            249   1.7e-11   45.5   0.0   5   6       0.1        25    5.6   0.0   184   225   233   274   228   283 0.87 -
evm.utg1056.106                      -            351 581717at33208        -            249   1.7e-11   45.5   0.0   6   6      0.04        10    6.9   0.0   167   210   303   348   282   350 0.78 -
evm.utg1056.106.1.5c22e841           -            351 581717at33208        -            249   1.7e-11   45.5   0.0   1   6     0.049        12    6.6   0.0   175   213    55    93    24   104 0.83 -
evm.utg1056.106.1.5c22e841           -            351 581717at33208        -            249   1.7e-11   45.5   0.0   2   6       0.3        75    4.0   0.0   179   212   101   134    94   137 0.85 -
evm.utg1056.106.1.5c22e841           -            351 581717at33208        -            249   1.7e-11   45.5   0.0   3   6   0.00073      0.18   12.6   0.0   172   214   136   178   131   186 0.90 -
evm.utg1056.106.1.5c22e841           -            351 581717at33208        -            249   1.7e-11   45.5   0.0   4   6      0.51   1.3e+02    3.3   0.0   173   214   179   220   177   230 0.83 -
evm.utg1056.106.1.5c22e841           -            351 581717at33208        -            249   1.7e-11   45.5   0.0   5   6       0.1        25    5.6   0.0   184   225   233   274   228   283 0.87 -
evm.utg1056.106.1.5c22e841           -            351 581717at33208        -            249   1.7e-11   45.5   0.0   6   6      0.04        10    6.9   0.0   167   210   303   348   282   350 0.78 -
evm.utg14.76                         -            335 581717at33208        -            249   1.7e-11   45.4   0.1   1   3   0.00059      0.15   12.9   0.0   177   217    59    99    51   103 0.86 -
evm.utg14.76                         -            335 581717at33208        -            249   1.7e-11   45.4   0.1   2   3   1.1e-05    0.0027   18.6   0.0   110   210   108   218   102   224 0.82 -
evm.utg14.76                         -            335 581717at33208        -            249   1.7e-11   45.4   0.1   3   3    0.0048       1.2    9.9   0.1   153   209   273   331   240   333 0.85 -
evm.utg439.49.1.5c22f0fa.1.5c27952e  -            353 581717at33208        -            249   5.9e-11   43.7   0.1   1   3     0.069        17    6.1   0.0   171   210   137   177   135   180 0.90 -
evm.utg439.49.1.5c22f0fa.1.5c27952e  -            353 581717at33208        -            249   5.9e-11   43.7   0.1   2   3   2.8e-06   0.00072   20.5   0.0   169   239   179   250   173   251 0.91 -
evm.utg439.49.1.5c22f0fa.1.5c27952e  -            353 581717at33208        -            249   5.9e-11   43.7   0.1   3   3   7.7e-05     0.019   15.8   0.0   155   214   249   310   247   323 0.89 -
evm.utg21625.4                       -           1518 581717at33208        -            249   6.4e-11   43.6   0.4   1   6    0.0084       2.1    9.1   0.0   173   216   931   974   925   977 0.89 -
evm.utg21625.4                       -           1518 581717at33208        -            249   6.4e-11   43.6   0.4   2   6    0.0014      0.36   11.6   0.0   172   213   972  1013   971  1020 0.93 -
evm.utg21625.4                       -           1518 581717at33208        -            249   6.4e-11   43.6   0.4   3   6       5.7   1.4e+03   -0.2   0.0   179   210  1174  1205  1093  1229 0.62 -
evm.utg21625.4                       -           1518 581717at33208        -            249   6.4e-11   43.6   0.4   4   6       2.7   6.8e+02    0.9   0.0    73    95  1279  1301  1262  1305 0.80 -
evm.utg21625.4                       -           1518 581717at33208        -            249   6.4e-11   43.6   0.4   5   6       4.4   1.1e+03    0.2   0.0    85   137  1377  1424  1367  1435 0.63 -
evm.utg21625.4                       -           1518 581717at33208        -            249   6.4e-11   43.6   0.4   6   6   0.00035     0.089   13.6   0.0   177   219  1431  1473  1420  1490 0.86 -
evm.utg2483.3                        -            367 581717at33208        -            249   9.9e-11   43.0   0.4   1   4    0.0054       1.4    9.7   0.0   173   212   139   178   137   186 0.89 -
evm.utg2483.3                        -            367 581717at33208        -            249   9.9e-11   43.0   0.4   2   4    0.0021      0.52   11.1   0.0   177   211   185   219   179   222 0.88 -
evm.utg2483.3                        -            367 581717at33208        -            249   9.9e-11   43.0   0.4   3   4   0.00011     0.027   15.3   0.3   170   215   220   265   217   284 0.87 -
evm.utg2483.3                        -            367 581717at33208        -            249   9.9e-11   43.0   0.4   4   4      0.11        28    5.4   0.1   171   215   263   307   256   329 0.76 -
evm.utg2483.3.1.5c22edbc             -            367 581717at33208        -            249   9.9e-11   43.0   0.4   1   4    0.0054       1.4    9.7   0.0   173   212   139   178   137   186 0.89 -
evm.utg2483.3.1.5c22edbc             -            367 581717at33208        -            249   9.9e-11   43.0   0.4   2   4    0.0021      0.52   11.1   0.0   177   211   185   219   179   222 0.88 -
evm.utg2483.3.1.5c22edbc             -            367 581717at33208        -            249   9.9e-11   43.0   0.4   3   4   0.00011     0.027   15.3   0.3   170   215   220   265   217   284 0.87 -
evm.utg2483.3.1.5c22edbc             -            367 581717at33208        -            249   9.9e-11   43.0   0.4   4   4      0.11        28    5.4   0.1   171   215   263   307   256   329 0.76 -
evm.utg777.49                        -            667 581717at33208        -            249   1.5e-10   42.4   2.5   1   5       0.4     1e+02    3.6   0.0   176   211   409   444   394   448 0.85 -
evm.utg777.49                        -            667 581717at33208        -            249   1.5e-10   42.4   2.5   2   5      0.01       2.6    8.8   0.0   174   212   449   487   445   489 0.92 -
evm.utg777.49                        -            667 581717at33208        -            249   1.5e-10   42.4   2.5   3   5   8.3e-05     0.021   15.7   0.0   169   214   486   531   484   535 0.92 -
evm.utg777.49                        -            667 581717at33208        -            249   1.5e-10   42.4   2.5   4   5     0.016         4    8.2   0.0   174   215   533   574   530   589 0.89 -
evm.utg777.49                        -            667 581717at33208        -            249   1.5e-10   42.4   2.5   5   5      0.71   1.8e+02    2.8   0.0    73    89   595   611   584   616 0.83 -
evm.utg1049.27                       -           1217 581717at33208        -            249   1.9e-10   42.0   0.1   1   4      0.12        31    5.3   0.0    77   126    77   124    19   174 0.89 -
evm.utg1049.27                       -           1217 581717at33208        -            249   1.9e-10   42.0   0.1   2   4   1.5e-06   0.00038   21.4   0.0   152   216   344   404   315   421 0.77 -
evm.utg1049.27                       -           1217 581717at33208        -            249   1.9e-10   42.0   0.1   3   4     0.014       3.4    8.4   0.0   174   206   485   517   473   547 0.83 -
evm.utg1049.27                       -           1217 581717at33208        -            249   1.9e-10   42.0   0.1   4   4       4.8   1.2e+03    0.1   0.0   176   213   613   650   582   690 0.72 -
evm.utg439.49.1.5c22f0fa             -            492 581717at33208        -            249   2.3e-10   41.7   0.1   1   3      0.11        27    5.5   0.0   171   210   276   316   274   319 0.90 -
evm.utg439.49.1.5c22f0fa             -            492 581717at33208        -            249   2.3e-10   41.7   0.1   2   3   4.8e-06    0.0012   19.7   0.0   169   239   318   389   312   390 0.91 -
evm.utg439.49.1.5c22f0fa             -            492 581717at33208        -            249   2.3e-10   41.7   0.1   3   3   0.00013     0.032   15.1   0.0   155   214   388   449   386   462 0.89 -
evm.utg10470.3                       -            667 581717at33208        -            249   2.7e-10   41.5   2.5   1   5      0.35        88    3.8   0.0   176   212   409   445   393   450 0.85 -
evm.utg10470.3                       -            667 581717at33208        -            249   2.7e-10   41.5   2.5   2   5    0.0075       1.9    9.3   0.0   174   213   449   488   446   493 0.91 -
evm.utg10470.3                       -            667 581717at33208        -            249   2.7e-10   41.5   2.5   3   5   8.5e-05     0.021   15.7   0.0   169   214   486   531   484   535 0.92 -
evm.utg10470.3                       -            667 581717at33208        -            249   2.7e-10   41.5   2.5   4   5     0.018       4.6    8.0   0.0   174   214   533   573   530   582 0.89 -
evm.utg10470.3                       -            667 581717at33208        -            249   2.7e-10   41.5   2.5   5   5       1.3   3.3e+02    1.9   0.0    73    89   595   611   583   616 0.80 -
evm.utg92.13                         -           1666 581717at33208        -            249     3e-10   41.4   7.7   1   5       1.3   3.3e+02    1.9   0.0   174   213   918   957   913   978 0.87 -
evm.utg92.13                         -           1666 581717at33208        -            249     3e-10   41.4   7.7   2   5   1.9e-05    0.0047   17.8   0.1    73   212  1020  1162   996  1187 0.76 -
evm.utg92.13                         -           1666 581717at33208        -            249     3e-10   41.4   7.7   3   5       1.2     3e+02    2.1   0.0   173   232  1165  1226  1163  1232 0.83 -
evm.utg92.13                         -           1666 581717at33208        -            249     3e-10   41.4   7.7   4   5    0.0065       1.6    9.5   0.1   152   218  1314  1382  1290  1398 0.83 -
evm.utg92.13                         -           1666 581717at33208        -            249     3e-10   41.4   7.7   5   5     0.063        16    6.2   0.4   160   225  1492  1560  1399  1575 0.83 -
evm.utg736.53                        -            495 581717at33208        -            249   1.1e-09   39.6   0.1   1   4      0.57   1.4e+02    3.1   0.0   164   213   140   189   119   196 0.77 -
evm.utg736.53                        -            495 581717at33208        -            249   1.1e-09   39.6   0.1   2   4    0.0025      0.62   10.8   0.0   166   210   182   228   155   235 0.71 -
evm.utg736.53                        -            495 581717at33208        -            249   1.1e-09   39.6   0.1   3   4      0.37        93    3.7   0.0   172   215   271   314   267   325 0.87 -
evm.utg736.53                        -            495 581717at33208        -            249   1.1e-09   39.6   0.1   4   4   7.5e-06    0.0019   19.1   0.0   148   212   331   397   289   422 0.70 -
evm.utg405.2                         -            495 581717at33208        -            249   1.1e-09   39.5   0.1   1   4      0.57   1.4e+02    3.1   0.0   164   213   140   189   119   196 0.77 -
evm.utg405.2                         -            495 581717at33208        -            249   1.1e-09   39.5   0.1   2   4    0.0025      0.62   10.8   0.0   166   210   182   228   155   235 0.71 -
evm.utg405.2                         -            495 581717at33208        -            249   1.1e-09   39.5   0.1   3   4      0.38        95    3.7   0.0   173   215   272   314   267   325 0.87 -
evm.utg405.2                         -            495 581717at33208        -            249   1.1e-09   39.5   0.1   4   4   7.2e-06    0.0018   19.2   0.0   148   212   331   397   289   425 0.70 -
evm.utg2967.37                       -            683 581717at33208        -            249   1.3e-09   39.3   0.0   1   3   2.6e-07   6.5e-05   23.9   0.0   154   213    74   135    60   156 0.88 -
evm.utg2967.37                       -            683 581717at33208        -            249   1.3e-09   39.3   0.0   2   3      0.41     1e+02    3.6   0.0   173   212   137   176   133   187 0.85 -
evm.utg2967.37                       -            683 581717at33208        -            249   1.3e-09   39.3   0.0   3   3    0.0026      0.66   10.8   0.0   163   214   167   221   158   241 0.80 -
evm.utg496.26                        -            504 581717at33208        -            249   1.3e-09   39.2   0.0   1   3       2.2   5.6e+02    1.2   0.0   175   213   248   286   243   300 0.79 -
evm.utg496.26                        -            504 581717at33208        -            249   1.3e-09   39.2   0.0   2   3   6.1e-05     0.015   16.1   0.0   161   213   317   369   296   385 0.83 -
evm.utg496.26                        -            504 581717at33208        -            249   1.3e-09   39.2   0.0   3   3   3.8e-05    0.0096   16.8   0.0   157   214   404   464   393   489 0.83 -
evm.utg343339.3                      -            504 581717at33208        -            249   1.3e-09   39.2   0.0   1   3       2.2   5.6e+02    1.2   0.0   175   213   248   286   243   300 0.79 -
evm.utg343339.3                      -            504 581717at33208        -            249   1.3e-09   39.2   0.0   2   3   6.1e-05     0.015   16.1   0.0   161   213   317   369   296   385 0.83 -
evm.utg343339.3                      -            504 581717at33208        -            249   1.3e-09   39.2   0.0   3   3   3.8e-05    0.0096   16.8   0.0   157   214   404   464   393   489 0.83 -
evm.utg26219.6                       -            683 581717at33208        -            249   1.4e-09   39.2   0.0   1   3   4.2e-07   0.00011   23.2   0.0   154   213    74   135    60   138 0.90 -
evm.utg26219.6                       -            683 581717at33208        -            249   1.4e-09   39.2   0.0   2   3      0.33        82    3.9   0.0   172   212   136   176   131   187 0.84 -
evm.utg26219.6                       -            683 581717at33208        -            249   1.4e-09   39.2   0.0   3   3    0.0027      0.67   10.7   0.0   163   214   167   221   158   240 0.80 -
evm.utg2967.37.2.5c22ee73            -            682 581717at33208        -            249   1.4e-09   39.1   0.0   1   3   4.6e-07   0.00012   23.1   0.0   154   213    73   134    61   136 0.90 -
evm.utg2967.37.2.5c22ee73            -            682 581717at33208        -            249   1.4e-09   39.1   0.0   2   3      0.44   1.1e+02    3.5   0.0   173   212   136   175   133   186 0.85 -
evm.utg2967.37.2.5c22ee73            -            682 581717at33208        -            249   1.4e-09   39.1   0.0   3   3    0.0026      0.66   10.8   0.0   163   214   166   220   157   240 0.80 -
evm.utg2967.37.1.5c22ee73            -            636 581717at33208        -            249   1.6e-09   39.0   0.0   1   3   4.1e-07    0.0001   23.2   0.0   154   213    30    91    17    93 0.90 -
evm.utg2967.37.1.5c22ee73            -            636 581717at33208        -            249   1.6e-09   39.0   0.0   2   3      0.13        34    5.2   0.0   172   221    92   142    85   155 0.82 -
evm.utg2967.37.1.5c22ee73            -            636 581717at33208        -            249   1.6e-09   39.0   0.0   3   3    0.0024       0.6   10.9   0.0   163   214   123   177   114   197 0.80 -
evm.utg2323.5                        -            681 581717at33208        -            249   1.8e-09   38.8   0.0   1   3   3.4e-07   8.5e-05   23.5   0.0   154   213    74   135    60   158 0.87 -
evm.utg2323.5                        -            681 581717at33208        -            249   1.8e-09   38.8   0.0   2   3      0.44   1.1e+02    3.5   0.0   173   212   137   176   134   187 0.85 -
evm.utg2323.5                        -            681 581717at33208        -            249   1.8e-09   38.8   0.0   3   3    0.0027      0.67   10.7   0.0   163   214   167   221   158   240 0.80 -
evm.utg564.26                        -            598 581717at33208        -            249   2.6e-09   38.3   0.4   1   4       3.1   7.8e+02    0.7   0.0   175   212   387   424   363   432 0.78 -
evm.utg564.26                        -            598 581717at33208        -            249   2.6e-09   38.3   0.4   2   4     0.042        10    6.8   0.0   174   211   428   465   422   468 0.86 -
evm.utg564.26                        -            598 581717at33208        -            249   2.6e-09   38.3   0.4   3   4   3.7e-06   0.00094   20.1   0.0   153   213   447   509   438   514 0.89 -
evm.utg564.26                        -            598 581717at33208        -            249   2.6e-09   38.3   0.4   4   4     0.001      0.26   12.1   0.1   173   226   511   566   508   580 0.77 -
evm.utg9141.14                       -            390 581717at33208        -            249     3e-09   38.1   0.9   1   6       2.4     6e+02    1.1   0.0   116   136    48    68    36    72 0.75 -
evm.utg9141.14                       -            390 581717at33208        -            249     3e-09   38.1   0.9   2   6     0.091        23    5.7   0.0   172   232    71   132    49   137 0.74 -
evm.utg9141.14                       -            390 581717at33208        -            249     3e-09   38.1   0.9   3   6       1.1   2.9e+02    2.1   0.1   175   213   158   196   142   213 0.81 -
evm.utg9141.14                       -            390 581717at33208        -            249     3e-09   38.1   0.9   4   6         8     2e+03   -0.6   0.0    72    90   223   241   197   244 0.61 -
evm.utg9141.14                       -            390 581717at33208        -            249     3e-09   38.1   0.9   5   6    0.0045       1.1   10.0   0.0   177   217   254   293   245   297 0.86 -
evm.utg9141.14                       -            390 581717at33208        -            249     3e-09   38.1   0.9   6   6   0.00058      0.15   12.9   0.0   176   219   295   338   291   353 0.87 -
evm.utg6459.21                       -            392 581717at33208        -            249   3.8e-09   37.8   0.3   1   6       5.3   1.3e+03   -0.1   0.0   116   136    50    70    42    73 0.72 -
evm.utg6459.21                       -            392 581717at33208        -            249   3.8e-09   37.8   0.3   2   6      0.12        31    5.3   0.0   172   232    73   134    51   142 0.77 -
evm.utg6459.21                       -            392 581717at33208        -            249   3.8e-09   37.8   0.3   3   6       1.1   2.8e+02    2.2   0.0   174   212   159   197   138   210 0.80 -
evm.utg6459.21                       -            392 581717at33208        -            249   3.8e-09   37.8   0.3   4   6       6.5   1.6e+03   -0.3   0.0   184   213   216   245   204   251 0.75 -
evm.utg6459.21                       -            392 581717at33208        -            249   3.8e-09   37.8   0.3   5   6    0.0069       1.7    9.4   0.0   177   213   256   292   247   298 0.88 -
evm.utg6459.21                       -            392 581717at33208        -            249   3.8e-09   37.8   0.3   6   6   0.00065      0.16   12.8   0.0   176   217   297   338   294   351 0.86 -
evm.utg73.56                         -            309 581717at33208        -            249   4.5e-09   37.5   1.3   1   4     0.049        12    6.6   0.0   177   211    13    47     8    52 0.89 -
evm.utg73.56                         -            309 581717at33208        -            249   4.5e-09   37.5   1.3   2   4     0.082        21    5.9   0.0   172   217    52    97    50   102 0.87 -
evm.utg73.56                         -            309 581717at33208        -            249   4.5e-09   37.5   1.3   3   4   0.00032     0.079   13.8   0.1   111   212   107   217   102   230 0.76 -
evm.utg73.56                         -            309 581717at33208        -            249   4.5e-09   37.5   1.3   4   4     0.068        17    6.1   0.0   154   209   243   301   227   305 0.81 -
evm.utg6430.5                        -            514 581717at33208        -            249   7.3e-09   36.8   0.1   1   4      0.13        33    5.2   0.0   113   214    91   205    73   227 0.60 -
evm.utg6430.5                        -            514 581717at33208        -            249   7.3e-09   36.8   0.1   2   4      0.36        89    3.8   0.0    69    95   271   297   256   301 0.82 -
evm.utg6430.5                        -            514 581717at33208        -            249   7.3e-09   36.8   0.1   3   4      0.13        32    5.2   0.0    82   137   370   420   361   429 0.75 -
evm.utg6430.5                        -            514 581717at33208        -            249   7.3e-09   36.8   0.1   4   4   6.4e-05     0.016   16.0   0.0   177   219   427   469   422   486 0.87 -
evm.utg234.60.1.5c279240             -            226 581717at33208        -            249   1.1e-08   36.2   0.0   1   2   0.00024     0.059   14.2   0.0   176   217    56    97    46   102 0.85 -
evm.utg234.60.1.5c279240             -            226 581717at33208        -            249   1.1e-08   36.2   0.0   2   2   4.6e-06    0.0012   19.8   0.0   110   210   106   216   101   221 0.82 -
evm.utg109.41                        -            598 581717at33208        -            249   1.2e-08   36.1   0.4   1   4         5   1.3e+03    0.0   0.0   176   212   388   424   369   430 0.86 -
evm.utg109.41                        -            598 581717at33208        -            249   1.2e-08   36.1   0.4   2   4     0.067        17    6.2   0.0   174   211   428   465   422   468 0.87 -
evm.utg109.41                        -            598 581717at33208        -            249   1.2e-08   36.1   0.4   3   4   9.7e-06    0.0024   18.7   0.0   154   213   448   509   446   514 0.88 -
evm.utg109.41                        -            598 581717at33208        -            249   1.2e-08   36.1   0.4   4   4     0.002      0.51   11.1   0.1   173   213   511   551   508   580 0.80 -
evm.utg186.22                        -           1975 581717at33208        -            249   1.3e-08   36.0   4.0   1   6       7.9     2e+03   -0.6   0.0   173   204    97   129    24   172 0.74 -
evm.utg186.22                        -           1975 581717at33208        -            249   1.3e-08   36.0   4.0   2   6      0.16        39    5.0   0.0   176   234   319   379   291   383 0.80 -
evm.utg186.22                        -           1975 581717at33208        -            249   1.3e-08   36.0   4.0   3   6       1.2     3e+02    2.0   0.0   158   217   383   444   378   466 0.73 -
evm.utg186.22                        -           1975 581717at33208        -            249   1.3e-08   36.0   4.0   4   6     0.041        10    6.9   0.0   121   212  1018  1118  1009  1131 0.83 -
evm.utg186.22                        -           1975 581717at33208        -            249   1.3e-08   36.0   4.0   5   6     0.026       6.6    7.5   0.0   182   232  1704  1755  1674  1761 0.82 -
evm.utg186.22                        -           1975 581717at33208        -            249   1.3e-08   36.0   4.0   6   6     0.041        10    6.9   0.0   164   213  1770  1818  1757  1838 0.83 -
evm.utg1005.78                       -            759 581717at33208        -            249   1.4e-08   35.9   0.1   1   4    0.0033      0.82   10.5   0.0   176   226   420   471   416   483 0.81 -
evm.utg1005.78                       -            759 581717at33208        -            249   1.4e-08   35.9   0.1   2   4   0.00039     0.099   13.5   0.0   160   218   570   627   559   641 0.82 -
evm.utg1005.78                       -            759 581717at33208        -            249   1.4e-08   35.9   0.1   3   4      0.26        66    4.2   0.0   155   202   646   696   643   706 0.81 -
evm.utg1005.78                       -            759 581717at33208        -            249   1.4e-08   35.9   0.1   4   4       1.3   3.2e+02    2.0   0.0   184   208   733   757   720   758 0.87 -
evm.utg389.12                        -            914 581717at33208        -            249   1.7e-08   35.6   9.9   1   8       3.3   8.2e+02    0.6   0.0   160   217    42    99    35   109 0.85 -
evm.utg389.12                        -            914 581717at33208        -            249   1.7e-08   35.6   9.9   2   8   0.00053      0.13   13.0   0.1   152   213   118   182   102   195 0.80 -
evm.utg389.12                        -            914 581717at33208        -            249   1.7e-08   35.6   9.9   3   8      0.99   2.5e+02    2.3   0.0   175   212   186   223   182   230 0.86 -
evm.utg389.12                        -            914 581717at33208        -            249   1.7e-08   35.6   9.9   4   8       1.1   2.9e+02    2.1   0.1    77   157   266   350   261   371 0.63 -
evm.utg389.12                        -            914 581717at33208        -            249   1.7e-08   35.6   9.9   5   8       1.1   2.8e+02    2.2   0.0    73    90   397   414   379   420 0.89 -
evm.utg389.12                        -            914 581717at33208        -            249   1.7e-08   35.6   9.9   6   8       3.7   9.3e+02    0.5   0.0   183   212   483   512   452   516 0.85 -
evm.utg389.12                        -            914 581717at33208        -            249   1.7e-08   35.6   9.9   7   8      0.09        23    5.7   0.0   174   217   516   559   513   574 0.87 -
evm.utg389.12                        -            914 581717at33208        -            249   1.7e-08   35.6   9.9   8   8      0.16        40    4.9   0.0   162   233   586   658   567   666 0.74 -
evm.utg78.65                         -            750 581717at33208        -            249   2.6e-08   35.0   0.0   1   4    0.0032       0.8   10.5   0.0   176   227   411   463   407   474 0.81 -
evm.utg78.65                         -            750 581717at33208        -            249   2.6e-08   35.0   0.0   2   4   0.00075      0.19   12.5   0.0   160   218   561   618   550   634 0.82 -
evm.utg78.65                         -            750 581717at33208        -            249   2.6e-08   35.0   0.0   3   4      0.23        59    4.4   0.0   155   202   637   687   627   696 0.82 -
evm.utg78.65                         -            750 581717at33208        -            249   2.6e-08   35.0   0.0   4   4       1.3   3.2e+02    2.0   0.0   184   208   724   748   711   749 0.87 -
evm.utg911.37                        -           1947 581717at33208        -            249   3.1e-08   34.8   5.2   1   5      0.24        60    4.4   0.0   181   234   325   379   293   383 0.85 -
evm.utg911.37                        -           1947 581717at33208        -            249   3.1e-08   34.8   5.2   2   5       1.1   2.8e+02    2.2   0.0   157   218   382   445   377   467 0.74 -
evm.utg911.37                        -           1947 581717at33208        -            249   3.1e-08   34.8   5.2   3   5     0.019       4.9    7.9   0.0   121   212  1018  1118  1009  1135 0.82 -
evm.utg911.37                        -           1947 581717at33208        -            249   3.1e-08   34.8   5.2   4   5     0.034       8.6    7.1   0.0   182   230  1676  1725  1645  1733 0.81 -
evm.utg911.37                        -           1947 581717at33208        -            249   3.1e-08   34.8   5.2   5   5      0.05        12    6.6   0.0   164   213  1742  1790  1726  1812 0.83 -
evm.utg18125.5                       -            949 581717at33208        -            249   3.6e-08   34.5   8.1   1   8         4     1e+03    0.3   0.0   161   217   254   310   247   324 0.85 -
evm.utg18125.5                       -            949 581717at33208        -            249   3.6e-08   34.5   8.1   2   8    0.0011      0.27   12.1   0.0   152   213   329   393   313   406 0.81 -
evm.utg18125.5                       -            949 581717at33208        -            249   3.6e-08   34.5   8.1   3   8       3.4   8.6e+02    0.6   0.0   183   212   405   434   394   441 0.85 -
evm.utg18125.5                       -            949 581717at33208        -            249   3.6e-08   34.5   8.1   4   8       4.6   1.2e+03    0.1   0.1    77    95   477   495   472   572 0.45 -
evm.utg18125.5                       -            949 581717at33208        -            249   3.6e-08   34.5   8.1   5   8      0.66   1.7e+02    2.9   0.0    73    91   608   626   592   632 0.89 -
evm.utg18125.5                       -            949 581717at33208        -            249   3.6e-08   34.5   8.1   6   8       7.9     2e+03   -0.6   0.0   183   212   694   723   664   729 0.83 -
evm.utg18125.5                       -            949 581717at33208        -            249   3.6e-08   34.5   8.1   7   8      0.21        52    4.5   0.0   174   217   727   770   724   787 0.86 -
evm.utg18125.5                       -            949 581717at33208        -            249   3.6e-08   34.5   8.1   8   8     0.039       9.9    6.9   0.0   164   236   801   872   778   879 0.74 -
evm.utg4082.42                       -            401 581717at33208        -            249   4.9e-08   34.1   0.2   1   2    0.0035      0.89   10.3   0.1   178   213    34    70    30    96 0.87 -
evm.utg4082.42                       -            401 581717at33208        -            249   4.9e-08   34.1   0.2   2   2   6.5e-06    0.0016   19.3   0.0   172   221   112   162   108   172 0.83 -
evm.utg389.12.1.5c22f032             -            817 581717at33208        -            249   5.1e-08   34.1  10.3   1   7   0.00058      0.15   12.9   0.1   154   213    22    85     8    96 0.81 -
evm.utg389.12.1.5c22f032             -            817 581717at33208        -            249   5.1e-08   34.1  10.3   2   7      0.88   2.2e+02    2.5   0.1   175   212    89   126    85   133 0.86 -
evm.utg389.12.1.5c22f032             -            817 581717at33208        -            249   5.1e-08   34.1  10.3   3   7      0.94   2.4e+02    2.4   0.2    76   158   168   254   163   276 0.63 -
evm.utg389.12.1.5c22f032             -            817 581717at33208        -            249   5.1e-08   34.1  10.3   4   7         1   2.6e+02    2.2   0.0    73    90   300   317   284   321 0.89 -
evm.utg389.12.1.5c22f032             -            817 581717at33208        -            249   5.1e-08   34.1  10.3   5   7       3.9   9.9e+02    0.4   0.0   183   212   386   415   373   419 0.86 -
evm.utg389.12.1.5c22f032             -            817 581717at33208        -            249   5.1e-08   34.1  10.3   6   7     0.073        18    6.0   0.0   174   217   419   462   416   479 0.86 -
evm.utg389.12.1.5c22f032             -            817 581717at33208        -            249   5.1e-08   34.1  10.3   7   7      0.13        34    5.2   0.0   162   233   489   561   470   570 0.74 -
evm.utg715.1.1.5c22f38a              -            371 581717at33208        -            249   1.3e-07   32.7   0.2   1   2     0.015       3.9    8.3   0.0   150   217    76   145    64   165 0.85 -
evm.utg715.1.1.5c22f38a              -            371 581717at33208        -            249   1.3e-07   32.7   0.2   2   2   8.8e-07   0.00022   22.1   0.2   117   229   210   332   166   341 0.79 -
evm.utg715.1                         -            408 581717at33208        -            249   1.6e-07   32.4   0.3   1   2     0.018       4.5    8.0   0.0   150   217    76   145    64   165 0.85 -
evm.utg715.1                         -            408 581717at33208        -            249   1.6e-07   32.4   0.3   2   2     1e-06   0.00026   21.9   0.2   117   229   210   332   166   342 0.79 -
evm.utg777.49.1.5c22f40d             -            577 581717at33208        -            249     2e-07   32.1   0.5   1   3      0.31        77    4.0   0.0   176   212   409   445   393   449 0.85 -
evm.utg777.49.1.5c22f40d             -            577 581717at33208        -            249     2e-07   32.1   0.5   2   3     0.006       1.5    9.6   0.0   174   213   449   488   445   493 0.91 -
evm.utg777.49.1.5c22f40d             -            577 581717at33208        -            249     2e-07   32.1   0.5   3   3   3.8e-05    0.0095   16.8   0.0   168   216   485   533   482   549 0.91 -
evm.utg777.49.2.5c22f40d             -            602 581717at33208        -            249   2.3e-07   31.9   0.5   1   3      0.31        79    4.0   0.0   176   212   409   445   394   450 0.85 -
evm.utg777.49.2.5c22f40d             -            602 581717at33208        -            249   2.3e-07   31.9   0.5   2   3    0.0082       2.1    9.1   0.0   174   212   449   487   445   490 0.92 -
evm.utg777.49.2.5c22f40d             -            602 581717at33208        -            249   2.3e-07   31.9   0.5   3   3   3.5e-05    0.0088   16.9   0.0   168   218   485   535   483   545 0.88 -
evm.utg21625.6                       -            513 581717at33208        -            249   2.4e-07   31.9   0.4   1   4         1   2.6e+02    2.3   0.0   174   212   165   203    87   226 0.62 -
evm.utg21625.6                       -            513 581717at33208        -            249   2.4e-07   31.9   0.4   2   4      0.63   1.6e+02    3.0   0.0    73    95   275   297   233   304 0.80 -
evm.utg21625.6                       -            513 581717at33208        -            249   2.4e-07   31.9   0.4   3   4      0.14        35    5.1   0.1    82   136   370   419   361   428 0.75 -
evm.utg21625.6                       -            513 581717at33208        -            249   2.4e-07   31.9   0.4   4   4   9.7e-05     0.024   15.5   0.0   177   219   427   469   417   486 0.86 -
evm.utg10470.3.1.5c22e808            -            577 581717at33208        -            249   2.4e-07   31.9   0.5   1   3      0.32        80    3.9   0.0   176   212   409   445   395   449 0.85 -
evm.utg10470.3.1.5c22e808            -            577 581717at33208        -            249   2.4e-07   31.9   0.5   2   3    0.0072       1.8    9.3   0.0   174   213   449   488   444   491 0.92 -
evm.utg10470.3.1.5c22e808            -            577 581717at33208        -            249   2.4e-07   31.9   0.5   3   3   5.1e-05     0.013   16.4   0.0   169   215   486   532   484   541 0.91 -
evm.utg967.29                        -            325 581717at33208        -            249   2.9e-07   31.6   0.0   1   2     2e-05    0.0051   17.7   0.0   156   231   114   193    93   198 0.80 -
evm.utg967.29                        -            325 581717at33208        -            249   2.9e-07   31.6   0.0   2   2    0.0025      0.63   10.8   0.0   155   209   237   293   216   306 0.86 -
evm.utg1204.47                       -            338 581717at33208        -            249   3.1e-07   31.5   0.0   1   6      0.64   1.6e+02    3.0   0.0   174   210     8    44     4    56 0.86 -
evm.utg1204.47                       -            338 581717at33208        -            249   3.1e-07   31.5   0.0   2   6      0.55   1.4e+02    3.2   0.0   180   209    59    88    56    93 0.85 -
evm.utg1204.47                       -            338 581717at33208        -            249   3.1e-07   31.5   0.0   3   6     0.072        18    6.1   0.0   175   215    98   138    94   144 0.84 -
evm.utg1204.47                       -            338 581717at33208        -            249   3.1e-07   31.5   0.0   4   6     0.081        20    5.9   0.0   177   210   145   178   137   183 0.84 -
evm.utg1204.47                       -            338 581717at33208        -            249   3.1e-07   31.5   0.0   5   6         1   2.6e+02    2.3   0.0   175   211   187   223   181   256 0.81 -
evm.utg1204.47                       -            338 581717at33208        -            249   3.1e-07   31.5   0.0   6   6         2   5.1e+02    1.3   0.0    46    62   318   334   309   337 0.82 -
evm.utg2757.69                       -            710 581717at33208        -            249   4.2e-07   31.1   0.5   1   3     0.044        11    6.8   0.0   172   218   481   527   464   533 0.83 -
evm.utg2757.69                       -            710 581717at33208        -            249   4.2e-07   31.1   0.5   2   3      0.11        27    5.5   0.0   173   213   524   564   522   570 0.87 -
evm.utg2757.69                       -            710 581717at33208        -            249   4.2e-07   31.1   0.5   3   3   0.00018     0.044   14.6   0.0   177   221   633   677   608   693 0.77 -
evm.utg597.204                       -            898 581717at33208        -            249   5.4e-07   30.7   0.1   1   4         6   1.5e+03   -0.2   0.0   152   171   152   171   141   201 0.56 -
evm.utg597.204                       -            898 581717at33208        -            249   5.4e-07   30.7   0.1   2   4      0.19        47    4.7   0.0   142   209   227   297   209   306 0.85 -
evm.utg597.204                       -            898 581717at33208        -            249   5.4e-07   30.7   0.1   3   4     0.083        21    5.9   0.0   152   232   440   526   358   532 0.74 -
evm.utg597.204                       -            898 581717at33208        -            249   5.4e-07   30.7   0.1   4   4   0.00019     0.048   14.5   0.0   155   234   531   611   517   615 0.82 -
evm.utg1694.17                       -            301 581717at33208        -            249   5.7e-07   30.6   1.8   1   1   7.5e-08   1.9e-05   25.6   0.8   121   216   125   227   120   259 0.78 -
evm.utg73.142                        -            520 581717at33208        -            249     6e-07   30.6   0.0   1   4       2.1   5.2e+02    1.3   0.0   187   212   287   312   268   318 0.83 -
evm.utg73.142                        -            520 581717at33208        -            249     6e-07   30.6   0.0   2   4      0.13        32    5.3   0.0   185   223   327   367   320   414 0.56 -
evm.utg73.142                        -            520 581717at33208        -            249     6e-07   30.6   0.0   3   4     0.039       9.7    6.9   0.0   156   209   422   475   417   477 0.83 -
evm.utg73.142                        -            520 581717at33208        -            249     6e-07   30.6   0.0   4   4    0.0049       1.2    9.9   0.0   174   210   482   518   479   519 0.87 -
evm.utg1205.96                       -            619 581717at33208        -            249   6.2e-07   30.5   1.3   1   3      0.29        73    4.1   0.1    12    90    33   103    22   108 0.53 -
evm.utg1205.96                       -            619 581717at33208        -            249   6.2e-07   30.5   1.3   2   3   0.00062      0.16   12.8   0.1   156   212    88   146    76   155 0.84 -
evm.utg1205.96                       -            619 581717at33208        -            249   6.2e-07   30.5   1.3   3   3   0.00052      0.13   13.1   0.0   103   189   200   292   162   304 0.66 -
evm.utg577.102                       -            912 581717at33208        -            249   6.3e-07   30.5   1.3   1   4   0.00067      0.17   12.7   0.2   153   212   624   683   617   700 0.84 -
evm.utg577.102                       -            912 581717at33208        -            249   6.3e-07   30.5   1.3   2   4      0.21        53    4.5   0.1   173   216   686   727   667   734 0.68 -
evm.utg577.102                       -            912 581717at33208        -            249   6.3e-07   30.5   1.3   3   4      0.08        20    5.9   0.0   159   216   710   767   705   782 0.70 -
evm.utg577.102                       -            912 581717at33208        -            249   6.3e-07   30.5   1.3   4   4      0.11        27    5.5   0.0   172   212   847   885   810   893 0.80 -
evm.utg729.25.2.5c279763             -            767 581717at33208        -            249   8.2e-07   30.1   0.5   1   4      0.03       7.6    7.3   0.0   182   217   449   484   439   492 0.88 -
evm.utg729.25.2.5c279763             -            767 581717at33208        -            249   8.2e-07   30.1   0.5   2   4     0.044        11    6.7   0.0   181   214   650   683   611   693 0.80 -
evm.utg729.25.2.5c279763             -            767 581717at33208        -            249   8.2e-07   30.1   0.5   3   4      0.24        60    4.4   0.0   182   217   693   728   683   735 0.86 -
evm.utg729.25.2.5c279763             -            767 581717at33208        -            249   8.2e-07   30.1   0.5   4   4     0.096        24    5.6   0.0   175   206   732   763   727   766 0.83 -
evm.utg43451.22                      -            419 581717at33208        -            249     9e-07   30.0   0.0   1   3    0.0037      0.94   10.3   0.0   151   228    69   149    62   163 0.81 -
evm.utg43451.22                      -            419 581717at33208        -            249     9e-07   30.0   0.0   2   3   0.00024     0.061   14.2   0.0   125   230   176   282   155   288 0.89 -
evm.utg43451.22                      -            419 581717at33208        -            249     9e-07   30.0   0.0   3   3       1.1   2.7e+02    2.2   0.0   183   212   283   312   278   320 0.77 -
evm.utg637.5                         -            513 581717at33208        -            249   9.7e-07   29.9   0.4   1   2   0.00032      0.08   13.8   0.1   154   215    94   157    55   166 0.90 -
evm.utg637.5                         -            513 581717at33208        -            249   9.7e-07   29.9   0.4   2   2   0.00026     0.065   14.1   0.0   118   233   178   302   161   307 0.77 -
evm.utg910.142                       -            323 581717at33208        -            249     1e-06   29.8   0.1   1   2    0.0001     0.026   15.4   0.1    73   223    65   227    59   240 0.79 -
evm.utg910.142                       -            323 581717at33208        -            249     1e-06   29.8   0.1   2   2    0.0023      0.58   11.0   0.0   172   211   273   312   246   317 0.76 -
utg356.equina_smart_371689.mrna1     -            318 581717at33208        -            249   1.1e-06   29.7   0.3   1   3   0.00023     0.057   14.2   0.0   110   148    43    81    38    91 0.87 -
utg356.equina_smart_371689.mrna1     -            318 581717at33208        -            249   1.1e-06   29.7   0.3   2   3      0.18        46    4.7   0.0   128   198   105   185    85   187 0.60 -
utg356.equina_smart_371689.mrna1     -            318 581717at33208        -            249   1.1e-06   29.7   0.3   3   3      0.18        44    4.8   0.1    74   127   232   281   229   294 0.77 -
evm.utg7.52                          -            496 581717at33208        -            249   1.2e-06   29.5   2.0   1   2    0.0013      0.34   11.7   0.1    87   213   143   266   141   286 0.76 -
evm.utg7.52                          -            496 581717at33208        -            249   1.2e-06   29.5   2.0   2   2   2.6e-05    0.0066   17.3   0.2    69   219   283   435   271   465 0.82 -
evm.utg4464.3                        -            892 581717at33208        -            249   1.5e-06   29.3   0.0   1   4       5.4   1.4e+03   -0.1   0.0   151   178   151   180   137   203 0.59 -
evm.utg4464.3                        -            892 581717at33208        -            249   1.5e-06   29.3   0.0   2   4       3.6   9.1e+02    0.5   0.0   153   203   238   291   216   294 0.78 -
evm.utg4464.3                        -            892 581717at33208        -            249   1.5e-06   29.3   0.0   3   4     0.011       2.7    8.8   0.0    83   233   366   521   352   526 0.70 -
evm.utg4464.3                        -            892 581717at33208        -            249   1.5e-06   29.3   0.0   4   4   0.00038     0.095   13.5   0.0   158   234   528   605   520   609 0.82 -
evm.utg26120.19                      -            408 581717at33208        -            249   1.5e-06   29.3   0.2   1   4     0.039       9.8    6.9   0.0   169   236   106   174    31   179 0.74 -
evm.utg26120.19                      -            408 581717at33208        -            249   1.5e-06   29.3   0.2   2   4   0.00024     0.061   14.2   0.0   172   214   196   238   165   253 0.75 -
evm.utg26120.19                      -            408 581717at33208        -            249   1.5e-06   29.3   0.2   3   4       2.6   6.5e+02    1.0   0.0    43    65   260   282   252   297 0.73 -
evm.utg26120.19                      -            408 581717at33208        -            249   1.5e-06   29.3   0.2   4   4       1.7   4.2e+02    1.6   0.0   186   212   377   403   307   407 0.80 -
evm.utg729.25                        -            852 581717at33208        -            249   1.6e-06   29.1   0.6   1   4     0.034       8.6    7.1   0.0   182   217   534   569   524   577 0.88 -
evm.utg729.25                        -            852 581717at33208        -            249   1.6e-06   29.1   0.6   2   4     0.052        13    6.5   0.0   181   214   735   768   696   777 0.80 -
evm.utg729.25                        -            852 581717at33208        -            249   1.6e-06   29.1   0.6   3   4      0.31        77    4.0   0.0   182   217   778   813   769   820 0.87 -
evm.utg729.25                        -            852 581717at33208        -            249   1.6e-06   29.1   0.6   4   4       0.1        26    5.6   0.0   174   206   816   848   810   851 0.84 -
evm.utg3260.7                        -            375 581717at33208        -            249   1.7e-06   29.1   0.4   1   5       5.6   1.4e+03   -0.1   0.0   174   212    23    61    16    64 0.84 -
evm.utg3260.7                        -            375 581717at33208        -            249   1.7e-06   29.1   0.4   2   5     0.045        11    6.7   0.0   156   219    85   148    41   179 0.61 -
evm.utg3260.7                        -            375 581717at33208        -            249   1.7e-06   29.1   0.4   3   5     0.084        21    5.8   0.0   157   219   181   245   171   260 0.78 -
evm.utg3260.7                        -            375 581717at33208        -            249   1.7e-06   29.1   0.4   4   5      0.33        82    3.9   0.1   156   207   222   273   220   300 0.74 -
evm.utg3260.7                        -            375 581717at33208        -            249   1.7e-06   29.1   0.4   5   5    0.0072       1.8    9.3   0.0   155   214   301   360   271   373 0.80 -
evm.utg2159.31.4.5c22ed19.1.5c2791f0 -           1007 581717at33208        -            249   1.8e-06   29.0   0.7   1   2   0.00013     0.032   15.1   0.1    73   212   429   570   405   576 0.78 -
evm.utg2159.31.4.5c22ed19.1.5c2791f0 -           1007 581717at33208        -            249   1.8e-06   29.0   0.7   2   2     0.034       8.4    7.1   0.0   172   213   663   702   636   713 0.75 -
evm.utg5774.3                        -            408 581717at33208        -            249   1.9e-06   28.9   0.1   1   4     0.039       9.9    6.9   0.0   169   236   106   174    32   179 0.74 -
evm.utg5774.3                        -            408 581717at33208        -            249   1.9e-06   28.9   0.1   2   4   0.00031     0.077   13.8   0.0   172   214   196   238   165   253 0.75 -
evm.utg5774.3                        -            408 581717at33208        -            249   1.9e-06   28.9   0.1   3   4         2   5.1e+02    1.3   0.0    43    63   260   280   247   294 0.66 -
evm.utg5774.3                        -            408 581717at33208        -            249   1.9e-06   28.9   0.1   4   4         2     5e+02    1.3   0.0   188   211   379   402   333   407 0.78 -
evm.utg1204.47.1.5c22e937            -            333 581717at33208        -            249   2.4e-06   28.6   0.0   1   5       0.6   1.5e+02    3.0   0.0   174   210     8    44     4    57 0.85 -
evm.utg1204.47.1.5c22e937            -            333 581717at33208        -            249   2.4e-06   28.6   0.0   2   5       0.5   1.2e+02    3.3   0.0   180   210    59    89    56    95 0.86 -
evm.utg1204.47.1.5c22e937            -            333 581717at33208        -            249   2.4e-06   28.6   0.0   3   5     0.067        17    6.2   0.0   175   215    98   138    93   145 0.85 -
evm.utg1204.47.1.5c22e937            -            333 581717at33208        -            249   2.4e-06   28.6   0.0   4   5     0.079        20    5.9   0.0   177   210   145   178   137   183 0.84 -
evm.utg1204.47.1.5c22e937            -            333 581717at33208        -            249   2.4e-06   28.6   0.0   5   5         1   2.6e+02    2.3   0.0   175   211   187   223   181   256 0.81 -
evm.utg26120.19.1.5c2792a7           -            291 581717at33208        -            249   2.5e-06   28.5   0.1   1   3     0.021       5.2    7.8   0.1   169   237   106   175    31   179 0.73 -
evm.utg26120.19.1.5c2792a7           -            291 581717at33208        -            249   2.5e-06   28.5   0.1   2   3   0.00018     0.044   14.6   0.0   172   214   196   238   173   254 0.76 -
evm.utg26120.19.1.5c2792a7           -            291 581717at33208        -            249   2.5e-06   28.5   0.1   3   3       1.3   3.3e+02    1.9   0.0    43   136   260   278   247   288 0.56 -
evm.utg2159.31.4.5c22ed19            -           1335 581717at33208        -            249   3.7e-06   28.0   0.1   1   2   0.00019     0.047   14.5   0.2    73   212   429   570   405   578 0.78 -
evm.utg2159.31.4.5c22ed19            -           1335 581717at33208        -            249   3.7e-06   28.0   0.1   2   2     0.045        11    6.7   0.0   172   213   663   702   636   715 0.75 -
evm.utg1748.16                       -            702 581717at33208        -            249   4.1e-06   27.8   1.2   1   2   0.00011     0.029   15.2   0.1    73   212   429   570   399   578 0.76 -
evm.utg1748.16                       -            702 581717at33208        -            249   4.1e-06   27.8   1.2   2   2     0.055        14    6.4   0.1   172   211   663   700   642   701 0.71 -
evm.utg579.18                        -            368 581717at33208        -            249   4.3e-06   27.8   0.0   1   3       2.6   6.5e+02    1.0   0.0    74    97    65    88    58    95 0.87 -
evm.utg579.18                        -            368 581717at33208        -            249   4.3e-06   27.8   0.0   2   3    0.0047       1.2    9.9   0.0   163   228    96   161    88   165 0.86 -
evm.utg579.18                        -            368 581717at33208        -            249   4.3e-06   27.8   0.0   3   3   7.6e-06    0.0019   19.1   0.0    75   226   129   292   126   305 0.76 -
evm.utg2159.31.3.5c22ed19            -           1403 581717at33208        -            249   4.4e-06   27.7   0.1   1   3     0.024         6    7.6   0.0   104   220   384   496   379   510 0.73 -
evm.utg2159.31.3.5c22ed19            -           1403 581717at33208        -            249   4.4e-06   27.7   0.1   2   3    0.0019      0.47   11.2   0.1   114   212   465   570   464   578 0.80 -
evm.utg2159.31.3.5c22ed19            -           1403 581717at33208        -            249   4.4e-06   27.7   0.1   3   3     0.048        12    6.6   0.0   172   213   663   702   637   715 0.75 -
evm.utg376.68                        -            977 581717at33208        -            249     5e-06   27.5   0.0   1   4      0.41     1e+02    3.6   0.0   173   214    91   132    69   135 0.80 -
evm.utg376.68                        -            977 581717at33208        -            249     5e-06   27.5   0.0   2   4     0.015       3.8    8.3   0.0   173   211   134   173   131   178 0.89 -
evm.utg376.68                        -            977 581717at33208        -            249     5e-06   27.5   0.0   3   4       5.4   1.4e+03   -0.1   0.0   192   214   198   220   180   224 0.77 -
evm.utg376.68                        -            977 581717at33208        -            249     5e-06   27.5   0.0   4   4    0.0057       1.4    9.7   0.0   171   214   219   262   209   272 0.89 -
evm.utg376.68.1.5c22efd2             -            978 581717at33208        -            249     5e-06   27.5   0.0   1   4      0.41     1e+02    3.6   0.0   173   214    91   132    69   135 0.80 -
evm.utg376.68.1.5c22efd2             -            978 581717at33208        -            249     5e-06   27.5   0.0   2   4     0.015       3.8    8.3   0.0   173   211   134   173   131   178 0.89 -
evm.utg376.68.1.5c22efd2             -            978 581717at33208        -            249     5e-06   27.5   0.0   3   4       5.4   1.4e+03   -0.1   0.0   192   214   198   220   180   224 0.77 -
evm.utg376.68.1.5c22efd2             -            978 581717at33208        -            249     5e-06   27.5   0.0   4   4    0.0058       1.4    9.6   0.0   171   214   219   262   209   272 0.89 -
evm.utg6072.16                       -            506 581717at33208        -            249   5.2e-06   27.5   0.1   1   3     0.015       3.8    8.3   0.0   171   212   199   241   170   247 0.91 -
evm.utg6072.16                       -            506 581717at33208        -            249   5.2e-06   27.5   0.1   2   3    0.0018      0.45   11.3   0.0   178   230   250   303   243   309 0.79 -
evm.utg6072.16                       -            506 581717at33208        -            249   5.2e-06   27.5   0.1   3   3      0.36        89    3.8   0.0   145   199   299   355   292   399 0.80 -
evm.utg13607.5                       -           1071 581717at33208        -            249   5.3e-06   27.5   0.0   1   4      0.34        87    3.8   0.0   173   214    91   132    67   136 0.80 -
evm.utg13607.5                       -           1071 581717at33208        -            249   5.3e-06   27.5   0.0   2   4     0.018       4.5    8.0   0.0   173   211   134   173   132   178 0.88 -
evm.utg13607.5                       -           1071 581717at33208        -            249   5.3e-06   27.5   0.0   3   4         6   1.5e+03   -0.2   0.0   192   214   198   220   180   224 0.77 -
evm.utg13607.5                       -           1071 581717at33208        -            249   5.3e-06   27.5   0.0   4   4    0.0064       1.6    9.5   0.0   171   214   219   262   209   272 0.89 -
evm.utg418.59                        -            511 581717at33208        -            249   5.5e-06   27.4   0.0   1   3   0.00069      0.17   12.7   0.0   177   223   325   372   320   380 0.87 -
evm.utg418.59                        -            511 581717at33208        -            249   5.5e-06   27.4   0.0   2   3      0.13        33    5.2   0.0    75    93   390   408   370   411 0.85 -
evm.utg418.59                        -            511 581717at33208        -            249   5.5e-06   27.4   0.0   3   3    0.0045       1.1   10.0   0.0   156   200   390   439   388   454 0.70 -
evm.utg2159.31.2.5c22ed19            -           1510 581717at33208        -            249   5.8e-06   27.3   0.1   1   2   0.00019     0.048   14.5   0.1    73   212   429   570   404   579 0.78 -
evm.utg2159.31.2.5c22ed19            -           1510 581717at33208        -            249   5.8e-06   27.3   0.1   2   2     0.052        13    6.5   0.0   172   213   663   702   637   715 0.75 -
evm.utg2159.31.1.5c22ed19            -           1510 581717at33208        -            249   5.8e-06   27.3   0.1   1   2   0.00019     0.048   14.5   0.1    73   212   429   570   404   579 0.78 -
evm.utg2159.31.1.5c22ed19            -           1510 581717at33208        -            249   5.8e-06   27.3   0.1   2   2     0.052        13    6.5   0.0   172   213   663   702   637   715 0.75 -
evm.utg2159.31                       -           1576 581717at33208        -            249   6.8e-06   27.1   0.1   1   2    0.0002     0.051   14.4   0.1    73   212   429   570   404   579 0.78 -
evm.utg2159.31                       -           1576 581717at33208        -            249   6.8e-06   27.1   0.1   2   2     0.054        14    6.5   0.0   172   213   663   702   637   715 0.75 -
evm.utg4972.23.1.5c22f18a            -            555 581717at33208        -            249   7.5e-06   27.0   3.3   1   5     0.037       9.4    7.0   0.1   171   216   337   380   330   385 0.83 -
evm.utg4972.23.1.5c22f18a            -            555 581717at33208        -            249   7.5e-06   27.0   3.3   2   5     0.017       4.4    8.1   0.1   156   211   360   417   359   422 0.81 -
evm.utg4972.23.1.5c22f18a            -            555 581717at33208        -            249   7.5e-06   27.0   3.3   3   5      0.13        34    5.2   0.1   182   212   436   464   425   480 0.72 -
evm.utg4972.23.1.5c22f18a            -            555 581717at33208        -            249   7.5e-06   27.0   3.3   4   5       3.3   8.4e+02    0.6   0.0    70    89   483   502   474   504 0.84 -
evm.utg4972.23.1.5c22f18a            -            555 581717at33208        -            249   7.5e-06   27.0   3.3   5   5     0.031       7.9    7.2   0.0   166   212   500   546   486   552 0.85 -
evm.utg5774.3.1.5c22f241             -            362 581717at33208        -            249   8.1e-06   26.9   0.1   1   3     0.032         8    7.2   0.0   169   236   106   174    32   179 0.74 -
evm.utg5774.3.1.5c22f241             -            362 581717at33208        -            249   8.1e-06   26.9   0.1   2   3   0.00024      0.06   14.2   0.0   172   215   196   239   165   255 0.75 -
evm.utg5774.3.1.5c22f241             -            362 581717at33208        -            249   8.1e-06   26.9   0.1   3   3       1.1   2.7e+02    2.2   0.0    42    61   259   278   240   297 0.60 -
evm.utg577.63                        -            506 581717at33208        -            249   8.5e-06   26.8   0.2   1   4      0.11        28    5.4   0.0   171   212   199   241   193   248 0.89 -
evm.utg577.63                        -            506 581717at33208        -            249   8.5e-06   26.8   0.2   2   4     0.001      0.26   12.1   0.0   176   230   248   303   243   311 0.79 -
evm.utg577.63                        -            506 581717at33208        -            249   8.5e-06   26.8   0.2   3   4      0.22        56    4.4   0.0   143   199   297   355   292   394 0.83 -
evm.utg577.63                        -            506 581717at33208        -            249   8.5e-06   26.8   0.2   4   4       8.5   2.1e+03   -0.7   0.0   183   218   389   424   362   434 0.80 -
evm.utg1290.9                        -            598 581717at33208        -            249     9e-06   26.7   0.3   1   2       2.4     6e+02    1.1   0.0   192   218   328   354   310   363 0.79 -
evm.utg1290.9                        -            598 581717at33208        -            249     9e-06   26.7   0.3   2   2   5.4e-07   0.00014   22.8   0.2   153   232   494   577   441   582 0.82 -
evm.utg411.25                        -            871 581717at33208        -            249     9e-06   26.7   0.4   1   5       8.4   2.1e+03   -0.7   0.0   110   133    99   122    82   129 0.84 -
evm.utg411.25                        -            871 581717at33208        -            249     9e-06   26.7   0.4   2   5      0.45   1.1e+02    3.4   0.1    73    89   362   378   359   382 0.89 -
evm.utg411.25                        -            871 581717at33208        -            249     9e-06   26.7   0.4   3   5     0.044        11    6.7   0.0   176   218   386   428   380   448 0.85 -
evm.utg411.25                        -            871 581717at33208        -            249     9e-06   26.7   0.4   4   5     0.013       3.4    8.4   0.0   172   230   468   528   447   538 0.78 -
evm.utg411.25                        -            871 581717at33208        -            249     9e-06   26.7   0.4   5   5       6.4   1.6e+03   -0.3   0.0   187   218   587   618   576   632 0.78 -
evm.utg4972.23                       -            640 581717at33208        -            249   9.1e-06   26.7   5.9   1   7     0.044        11    6.7   0.1   171   216   337   380   330   385 0.83 -
evm.utg4972.23                       -            640 581717at33208        -            249   9.1e-06   26.7   5.9   2   7      0.26        66    4.2   0.0   174   211   382   417   377   424 0.84 -
evm.utg4972.23                       -            640 581717at33208        -            249   9.1e-06   26.7   5.9   3   7      0.13        33    5.2   0.1   182   213   436   465   424   489 0.73 -
evm.utg4972.23                       -            640 581717at33208        -            249   9.1e-06   26.7   5.9   4   7       3.5   8.7e+02    0.5   0.0    69    89   482   502   469   504 0.81 -
evm.utg4972.23                       -            640 581717at33208        -            249   9.1e-06   26.7   5.9   5   7     0.051        13    6.6   0.0   167   212   501   546   488   551 0.87 -
evm.utg4972.23                       -            640 581717at33208        -            249   9.1e-06   26.7   5.9   6   7       2.8   7.2e+02    0.8   0.0   179   212   560   591   557   617 0.70 -
evm.utg4972.23                       -            640 581717at33208        -            249   9.1e-06   26.7   5.9   7   7       6.1   1.5e+03   -0.3   0.0   175   208   596   627   573   633 0.51 -
evm.utg18553.20                      -            503 581717at33208        -            249   9.3e-06   26.7   0.6   1   2    0.0027      0.68   10.7   0.1   154   215    84   147    35   160 0.88 -
evm.utg18553.20                      -            503 581717at33208        -            249   9.3e-06   26.7   0.6   2   2   0.00024      0.06   14.2   0.0   120   232   170   291   151   297 0.77 -
evm.utg2216.8                        -            504 581717at33208        -            249   9.5e-06   26.6   0.1   1   3   0.00021     0.054   14.3   0.0   111   223    16   140     8   154 0.68 -
evm.utg2216.8                        -            504 581717at33208        -            249   9.5e-06   26.6   0.1   2   3       2.8     7e+02    0.9   0.0    75    92   214   229   208   282 0.75 -
evm.utg2216.8                        -            504 581717at33208        -            249   9.5e-06   26.6   0.1   3   3     0.085        21    5.8   0.0   173   214   284   325   249   349 0.73 -
evm.utg17809.13                      -            456 581717at33208        -            249   9.8e-06   26.6   0.1   1   5      0.34        85    3.9   0.0   172   216    96   140    78   148 0.87 -
evm.utg17809.13                      -            456 581717at33208        -            249   9.8e-06   26.6   0.1   2   5       6.9   1.7e+03   -0.4   0.0   109   137   149   178   144   187 0.63 -
evm.utg17809.13                      -            456 581717at33208        -            249   9.8e-06   26.6   0.1   3   5       1.4   3.6e+02    1.8   0.0   174   215   230   270   209   294 0.77 -
evm.utg17809.13                      -            456 581717at33208        -            249   9.8e-06   26.6   0.1   4   5     0.082        21    5.9   0.0   173   212   352   391   347   396 0.87 -
evm.utg17809.13                      -            456 581717at33208        -            249   9.8e-06   26.6   0.1   5   5     0.031       7.7    7.3   0.0   173   214   394   435   390   438 0.92 -
evm.utg27.21                         -            316 581717at33208        -            249   1.1e-05   26.4   0.1   1   5     0.037       9.4    7.0   0.0   173   212     7    47     4    59 0.85 -
evm.utg27.21                         -            316 581717at33208        -            249   1.1e-05   26.4   0.1   2   5      0.22        55    4.5   0.0   177   219    59   101    51   120 0.76 -
evm.utg27.21                         -            316 581717at33208        -            249   1.1e-05   26.4   0.1   3   5      0.66   1.7e+02    2.9   0.0   163   209    85   133    76   154 0.64 -
evm.utg27.21                         -            316 581717at33208        -            249   1.1e-05   26.4   0.1   4   5     0.026       6.6    7.5   0.0   185   232   152   203   145   207 0.72 -
evm.utg27.21                         -            316 581717at33208        -            249   1.1e-05   26.4   0.1   5   5       8.5   2.1e+03   -0.7   0.0    75    90   207   222   203   226 0.89 -
evm.utg1290.9.1.5c22ea0d             -            569 581717at33208        -            249   1.2e-05   26.3   0.5   1   2       2.2   5.6e+02    1.2   0.0   192   218   328   354   310   364 0.80 -
evm.utg1290.9.1.5c22ea0d             -            569 581717at33208        -            249   1.2e-05   26.3   0.5   2   2     7e-07   0.00018   22.5   0.2   154   232   466   548   445   553 0.84 -
evm.utg1542.30                       -            977 581717at33208        -            249   1.3e-05   26.2   0.0   1   2     0.012         3    8.6   0.0   156   211   107   161    94   165 0.87 -
evm.utg1542.30                       -            977 581717at33208        -            249   1.3e-05   26.2   0.0   2   2   0.00081       0.2   12.4   0.0   172   212   165   205   160   220 0.89 -
evm.utg498.66                        -            670 581717at33208        -            249   1.6e-05   25.9   0.3   1   2     0.052        13    6.5   0.1   156   232   413   491   405   506 0.79 -
evm.utg498.66                        -            670 581717at33208        -            249   1.6e-05   25.9   0.3   2   2   4.6e-05     0.011   16.5   0.0   125   217   536   637   495   654 0.70 -
evm.utg3605.58                       -            566 581717at33208        -            249   1.7e-05   25.8   0.1   1   3      0.37        92    3.7   0.0   179   213    98   132    37   143 0.75 -
evm.utg3605.58                       -            566 581717at33208        -            249   1.7e-05   25.8   0.1   2   3       2.3   5.7e+02    1.1   0.0    73    94   373   394   348   399 0.79 -
evm.utg3605.58                       -            566 581717at33208        -            249   1.7e-05   25.8   0.1   3   3   5.2e-05     0.013   16.3   0.1   180   233   452   505   412   509 0.81 -
evm.utg6078.33                       -           1331 581717at33208        -            249   3.3e-05   24.8  10.0   1   5     0.046        12    6.7   0.1   177   232   714   771   706   774 0.82 -
evm.utg6078.33                       -           1331 581717at33208        -            249   3.3e-05   24.8  10.0   2   5       1.2   3.1e+02    2.0   0.0   176   213   797   834   792   841 0.78 -
evm.utg6078.33                       -           1331 581717at33208        -            249   3.3e-05   24.8  10.0   3   5    0.0074       1.9    9.3   0.0   109   219   888  1006   867  1018 0.79 -
evm.utg6078.33                       -           1331 581717at33208        -            249   3.3e-05   24.8  10.0   4   5       1.6   3.9e+02    1.7   0.0   155   211  1064  1121  1055  1145 0.89 -
evm.utg6078.33                       -           1331 581717at33208        -            249   3.3e-05   24.8  10.0   5   5       1.3   3.3e+02    1.9   0.0    72   118  1230  1271  1218  1283 0.70 -
evm.utg72.22                         -            454 581717at33208        -            249   3.4e-05   24.8   0.5   1   5      0.82   2.1e+02    2.6   0.0   172   216    96   140    78   153 0.86 -
evm.utg72.22                         -            454 581717at33208        -            249   3.4e-05   24.8   0.5   2   5       5.7   1.4e+03   -0.2   0.0   109   137   149   178   145   187 0.65 -
evm.utg72.22                         -            454 581717at33208        -            249   3.4e-05   24.8   0.5   3   5      0.09        23    5.7   0.0   173   211   332   370   328   374 0.87 -
evm.utg72.22                         -            454 581717at33208        -            249   3.4e-05   24.8   0.5   4   5     0.031       7.7    7.3   0.0   173   214   374   415   370   418 0.92 -
evm.utg72.22                         -            454 581717at33208        -            249   3.4e-05   24.8   0.5   5   5       2.7   6.9e+02    0.9   0.0    74    88   438   452   435   453 0.89 -
evm.utg2083.46                       -            338 581717at33208        -            249   3.4e-05   24.8   0.3   1   3      0.19        49    4.6   0.0   104   160    17    75     8   106 0.79 -
evm.utg2083.46                       -            338 581717at33208        -            249   3.4e-05   24.8   0.3   2   3    0.0025      0.63   10.8   0.0   152   217   118   186    80   203 0.78 -
evm.utg2083.46                       -            338 581717at33208        -            249   3.4e-05   24.8   0.3   3   3      0.14        34    5.2   0.0   184   212   279   307   273   332 0.85 -
evm.utg402.7                         -            934 581717at33208        -            249   4.2e-05   24.5   0.0   1   3      0.36        92    3.7   0.0   176   213   277   314   250   324 0.79 -
evm.utg402.7                         -            934 581717at33208        -            249   4.2e-05   24.5   0.0   2   3       3.5   8.9e+02    0.5   0.0    72    94   554   576   529   581 0.75 -
evm.utg402.7                         -            934 581717at33208        -            249   4.2e-05   24.5   0.0   3   3   0.00016     0.041   14.7   0.1   180   233   634   687   595   691 0.83 -
evm.utg1221.16.2.5c22e95a            -            399 581717at33208        -            249   4.6e-05   24.4   0.1   1   3    0.0069       1.7    9.4   0.0   171   214   167   210   148   226 0.89 -
evm.utg1221.16.2.5c22e95a            -            399 581717at33208        -            249   4.6e-05   24.4   0.1   2   3      0.11        29    5.4   0.0   157   212   235   292   223   297 0.83 -
evm.utg1221.16.2.5c22e95a            -            399 581717at33208        -            249   4.6e-05   24.4   0.1   3   3      0.35        87    3.8   0.0   161   209   325   373   308   392 0.82 -
evm.utg15211.1                       -            289 581717at33208        -            249   4.7e-05   24.4   0.2   1   1   5.1e-07   0.00013   22.9   0.2   117   229    51   173    10   183 0.79 -
evm.utg7264.10                       -            194 581717at33208        -            249   4.8e-05   24.3   0.2   1   3       1.2     3e+02    2.1   0.0   173   212     8    47     5    63 0.87 -
evm.utg7264.10                       -            194 581717at33208        -            249   4.8e-05   24.3   0.2   2   3     0.024         6    7.6   0.0    94   136    70   110    56   113 0.60 -
evm.utg7264.10                       -            194 581717at33208        -            249   4.8e-05   24.3   0.2   3   3    0.0015      0.37   11.6   0.0   173   215   114   156   111   174 0.88 -
evm.utg3174.3                        -            435 581717at33208        -            249     5e-05   24.3   0.1   1   3       5.4   1.4e+03   -0.1   0.0   184   208   158   182   147   187 0.87 -
evm.utg3174.3                        -            435 581717at33208        -            249     5e-05   24.3   0.1   2   3    0.0027      0.69   10.7   0.0   109   217   199   317   196   330 0.61 -
evm.utg3174.3                        -            435 581717at33208        -            249     5e-05   24.3   0.1   3   3      0.19        49    4.6   0.0   118   208   335   433   323   434 0.65 -
evm.utg55.122                        -            446 581717at33208        -            249   5.5e-05   24.1   1.1   1   5       1.8   4.6e+02    1.5   0.0   173   212   143   185   115   192 0.69 -
evm.utg55.122                        -            446 581717at33208        -            249   5.5e-05   24.1   1.1   2   5      0.86   2.2e+02    2.5   0.1   174   209   193   228   189   233 0.91 -
evm.utg55.122                        -            446 581717at33208        -            249   5.5e-05   24.1   1.1   3   5     0.015       3.7    8.3   0.0   169   231   260   321   251   326 0.86 -
evm.utg55.122                        -            446 581717at33208        -            249   5.5e-05   24.1   1.1   4   5       0.3        76    4.0   0.0    75   146   327   397   323   408 0.64 -
evm.utg55.122                        -            446 581717at33208        -            249   5.5e-05   24.1   1.1   5   5       1.7   4.2e+02    1.6   0.0    71    90   411   430   394   436 0.65 -
evm.utg1337.6                        -            914 581717at33208        -            249   5.7e-05   24.1   6.5   1   5     0.021       5.4    7.8   0.1   171   216   611   654   603   658 0.85 -
evm.utg1337.6                        -            914 581717at33208        -            249   5.7e-05   24.1   6.5   2   5      0.56   1.4e+02    3.1   0.0   176   211   658   691   651   697 0.82 -
evm.utg1337.6                        -            914 581717at33208        -            249   5.7e-05   24.1   6.5   3   5      0.15        39    5.0   0.1   182   213   710   739   699   761 0.68 -
evm.utg1337.6                        -            914 581717at33208        -            249   5.7e-05   24.1   6.5   4   5     0.096        24    5.6   0.0   168   212   776   820   760   824 0.84 -
evm.utg1337.6                        -            914 581717at33208        -            249   5.7e-05   24.1   6.5   5   5       3.6     9e+02    0.5   0.0   180   212   835   865   831   902 0.66 -
evm.utg616.9                         -            671 581717at33208        -            249   5.8e-05   24.0   5.1   1   4    0.0062       1.6    9.5   0.1   156   227   358   431   346   437 0.71 -
evm.utg616.9                         -            671 581717at33208        -            249   5.8e-05   24.0   5.1   2   4    0.0034      0.87   10.4   0.5   118   218   435   541   433   557 0.73 -
evm.utg616.9                         -            671 581717at33208        -            249   5.8e-05   24.0   5.1   3   4       1.7   4.4e+02    1.5   0.1    74    91   557   574   544   618 0.42 -
evm.utg616.9                         -            671 581717at33208        -            249   5.8e-05   24.0   5.1   4   4       3.4   8.6e+02    0.6   0.1    37    62   592   616   567   635 0.70 -
evm.utg18125.5.1.5c22ec17            -            724 581717at33208        -            249   6.2e-05   24.0   5.0   1   6       3.2     8e+02    0.7   0.0   161   217   254   310   247   318 0.85 -
evm.utg18125.5.1.5c22ec17            -            724 581717at33208        -            249   6.2e-05   24.0   5.0   2   6    0.0007      0.18   12.6   0.0   151   213   328   393   309   406 0.81 -
evm.utg18125.5.1.5c22ec17            -            724 581717at33208        -            249   6.2e-05   24.0   5.0   3   6       2.5   6.3e+02    1.0   0.0   183   212   405   434   394   441 0.85 -
evm.utg18125.5.1.5c22ec17            -            724 581717at33208        -            249   6.2e-05   24.0   5.0   4   6       7.6   1.9e+03   -0.6   0.0    44    70   473   498   460   504 0.79 -
evm.utg18125.5.1.5c22ec17            -            724 581717at33208        -            249   6.2e-05   24.0   5.0   5   6       2.8   7.1e+02    0.8   0.1    77   137   477   542   472   583 0.48 -
evm.utg18125.5.1.5c22ec17            -            724 581717at33208        -            249   6.2e-05   24.0   5.0   6   6      0.57   1.4e+02    3.1   0.0    73    91   608   626   604   632 0.89 -
evm.utg1221.16                       -            416 581717at33208        -            249   6.4e-05   23.9   0.1   1   3    0.0075       1.9    9.3   0.0   171   214   167   210   149   226 0.89 -
evm.utg1221.16                       -            416 581717at33208        -            249   6.4e-05   23.9   0.1   2   3     0.017       4.2    8.1   0.1   119   212   232   334   218   354 0.67 -
evm.utg1221.16                       -            416 581717at33208        -            249   6.4e-05   23.9   0.1   3   3      0.62   1.6e+02    3.0   0.0   161   209   325   373   316   382 0.84 -
evm.utg1194.15                       -            416 581717at33208        -            249   6.9e-05   23.8   0.1   1   3      0.03       7.6    7.3   0.0   101   211   142   261   138   267 0.71 -
evm.utg1194.15                       -            416 581717at33208        -            249   6.9e-05   23.8   0.1   2   3      0.22        54    4.5   0.0   193   236   284   328   273   334 0.78 -
evm.utg1194.15                       -            416 581717at33208        -            249   6.9e-05   23.8   0.1   3   3     0.021       5.3    7.8   0.0   172   218   350   396   334   412 0.84 -
evm.utg1221.16.1.5c22e95a            -            415 581717at33208        -            249     7e-05   23.8   0.1   1   3    0.0073       1.8    9.3   0.0   171   214   167   210   148   226 0.89 -
evm.utg1221.16.1.5c22e95a            -            415 581717at33208        -            249     7e-05   23.8   0.1   2   3     0.019       4.8    8.0   0.1   119   212   232   334   218   345 0.65 -
evm.utg1221.16.1.5c22e95a            -            415 581717at33208        -            249     7e-05   23.8   0.1   3   3      0.62   1.6e+02    3.0   0.0   161   209   325   373   316   382 0.84 -
evm.utg5417.27                       -           1331 581717at33208        -            249   7.7e-05   23.6  10.3   1   5     0.045        11    6.7   0.1   178   233   715   772   708   774 0.81 -
evm.utg5417.27                       -           1331 581717at33208        -            249   7.7e-05   23.6  10.3   2   5       1.4   3.6e+02    1.8   0.0   176   213   797   834   793   839 0.77 -
evm.utg5417.27                       -           1331 581717at33208        -            249   7.7e-05   23.6  10.3   3   5     0.047        12    6.6   0.0   113   218   892  1005   879  1013 0.75 -
evm.utg5417.27                       -           1331 581717at33208        -            249   7.7e-05   23.6  10.3   4   5      0.35        87    3.8   0.0   155   211  1064  1121  1052  1136 0.89 -
evm.utg5417.27                       -           1331 581717at33208        -            249   7.7e-05   23.6  10.3   5   5       1.2     3e+02    2.1   0.0    72   121  1230  1274  1219  1289 0.72 -
evm.utg4155.43                       -            416 581717at33208        -            249   8.1e-05   23.6   0.1   1   3     0.034       8.5    7.1   0.0   101   212   142   262   138   271 0.74 -
evm.utg4155.43                       -            416 581717at33208        -            249   8.1e-05   23.6   0.1   2   3       0.2        51    4.6   0.0   193   236   284   328   272   340 0.79 -
evm.utg4155.43                       -            416 581717at33208        -            249   8.1e-05   23.6   0.1   3   3     0.019       4.7    8.0   0.0   171   218   349   396   331   412 0.84 -
evm.utg3872.12.1.5c22f029            -            412 581717at33208        -            249   8.3e-05   23.5   1.7   1   4       0.5   1.3e+02    3.3   0.0   188   231   119   163   116   167 0.79 -
evm.utg3872.12.1.5c22f029            -            412 581717at33208        -            249   8.3e-05   23.5   1.7   2   4     0.045        11    6.7   0.1    73    91   175   193   167   198 0.88 -
evm.utg3872.12.1.5c22f029            -            412 581717at33208        -            249   8.3e-05   23.5   1.7   3   4     0.028         7    7.4   0.1   180   233   204   259   194   262 0.77 -
evm.utg3872.12.1.5c22f029            -            412 581717at33208        -            249   8.3e-05   23.5   1.7   4   4       1.3   3.3e+02    1.9   0.0    43    63   259   279   254   310 0.78 -
evm.utg7048.1                        -            362 581717at33208        -            249   8.7e-05   23.5   0.2   1   4       0.6   1.5e+02    3.0   0.0    75    93   101   119    95   121 0.87 -
evm.utg7048.1                        -            362 581717at33208        -            249   8.7e-05   23.5   0.2   2   4     0.017       4.3    8.1   0.0   172   212   119   159   116   167 0.91 -
evm.utg7048.1                        -            362 581717at33208        -            249   8.7e-05   23.5   0.2   3   4     0.055        14    6.4   0.0   172   214   161   203   156   213 0.81 -
evm.utg7048.1                        -            362 581717at33208        -            249   8.7e-05   23.5   0.2   4   4       1.1   2.7e+02    2.2   0.0    39    64   218   243   200   252 0.80 -
evm.utg163.18                        -            542 581717at33208        -            249   9.4e-05   23.4   0.1   1   4      0.24        61    4.3   0.0   180   223   183   226   157   238 0.81 -
evm.utg163.18                        -            542 581717at33208        -            249   9.4e-05   23.4   0.1   2   4     0.031       7.9    7.2   0.0   170   212   253   294   252   299 0.88 -
evm.utg163.18                        -            542 581717at33208        -            249   9.4e-05   23.4   0.1   3   4       1.1   2.7e+02    2.2   0.0   184   213   307   337   294   345 0.86 -
evm.utg163.18                        -            542 581717at33208        -            249   9.4e-05   23.4   0.1   4   4      0.33        83    3.9   0.0   155   214   415   478   375   492 0.76 -
evm.utg798.40                        -            320 581717at33208        -            249   9.5e-05   23.4   0.0   1   2      0.23        58    4.4   0.0   159   211    79   136    65   153 0.78 -
evm.utg798.40                        -            320 581717at33208        -            249   9.5e-05   23.4   0.0   2   2   6.1e-05     0.015   16.1   0.0   154   213   208   271   161   289 0.72 -
evm.utg4155.23                       -            416 581717at33208        -            249    0.0001   23.2   0.1   1   3     0.027       6.8    7.5   0.0   171   214   167   210   156   219 0.89 -
evm.utg4155.23                       -            416 581717at33208        -            249    0.0001   23.2   0.1   2   3      0.12        29    5.4   0.0   156   212   234   292   220   297 0.83 -
evm.utg4155.23                       -            416 581717at33208        -            249    0.0001   23.2   0.1   3   3      0.29        73    4.1   0.0   160   209   324   373   308   382 0.80 -
evm.utg2417.39.2.5c22ed97            -            627 581717at33208        -            249   0.00011   23.2   0.0   1   2       0.2        49    4.6   0.0   138   191   126   182    49   193 0.67 -
evm.utg2417.39.2.5c22ed97            -            627 581717at33208        -            249   0.00011   23.2   0.0   2   2   8.1e-05      0.02   15.7   0.0   161   214   193   250   185   255 0.85 -
evm.utg1721.37.1.5c22ebc9            -            385 581717at33208        -            249   0.00012   23.0   0.0   1   4       2.6   6.5e+02    1.0   0.0   174   212    64   103    43   128 0.65 -
evm.utg1721.37.1.5c22ebc9            -            385 581717at33208        -            249   0.00012   23.0   0.0   2   4       8.9   2.2e+03   -0.8   0.0    46    60   129   143   106   155 0.57 -
evm.utg1721.37.1.5c22ebc9            -            385 581717at33208        -            249   0.00012   23.0   0.0   3   4         1   2.6e+02    2.3   0.0   157   212   212   272   205   279 0.78 -
evm.utg1721.37.1.5c22ebc9            -            385 581717at33208        -            249   0.00012   23.0   0.0   4   4    0.0002     0.051   14.4   0.0   151   213   301   364   285   377 0.78 -
evm.utg498.144                       -           1008 581717at33208        -            249   0.00013   22.9   1.0   1   3       2.7   6.8e+02    0.9   0.1   174   212   419   457   413   481 0.86 -
evm.utg498.144                       -           1008 581717at33208        -            249   0.00013   22.9   1.0   2   3    0.0025      0.62   10.9   0.0   156   220   672   738   663   751 0.78 -
evm.utg498.144                       -           1008 581717at33208        -            249   0.00013   22.9   1.0   3   3     0.084        21    5.8   0.0   176   213   777   814   754   828 0.81 -
evm.utg788.89                        -            256 581717at33208        -            249   0.00014   22.8   0.0   1   2    0.0023      0.59   10.9   0.0   134   224    10   107     6   118 0.70 -
evm.utg788.89                        -            256 581717at33208        -            249   0.00014   22.8   0.0   2   2     0.021       5.4    7.8   0.0    72   136   180   246   167   252 0.76 -
evm.utg1721.37                       -            409 581717at33208        -            249   0.00014   22.8   0.0   1   4       2.8   7.1e+02    0.8   0.0   174   212    64   103    43   128 0.65 -
evm.utg1721.37                       -            409 581717at33208        -            249   0.00014   22.8   0.0   2   4       5.8   1.5e+03   -0.2   0.0   117   117   124   124    82   155 0.55 -
evm.utg1721.37                       -            409 581717at33208        -            249   0.00014   22.8   0.0   3   4       1.1   2.8e+02    2.1   0.0   157   212   212   272   205   279 0.78 -
evm.utg1721.37                       -            409 581717at33208        -            249   0.00014   22.8   0.0   4   4   0.00018     0.047   14.5   0.0   151   214   301   365   285   388 0.79 -
evm.utg801.40                        -            682 581717at33208        -            249   0.00016   22.6   0.0   1   6      0.97   2.4e+02    2.4   0.0   165   200     7    42     2    51 0.86 -
evm.utg801.40                        -            682 581717at33208        -            249   0.00016   22.6   0.0   2   6      0.55   1.4e+02    3.2   0.0   171   214    56   101    53   129 0.80 -
evm.utg801.40                        -            682 581717at33208        -            249   0.00016   22.6   0.0   3   6       1.6     4e+02    1.6   0.0   165   228    94   158    86   168 0.74 -
evm.utg801.40                        -            682 581717at33208        -            249   0.00016   22.6   0.0   4   6       1.1   2.8e+02    2.2   0.0   180   225   167   213   155   223 0.75 -
evm.utg801.40                        -            682 581717at33208        -            249   0.00016   22.6   0.0   5   6       8.3   2.1e+03   -0.7   0.0   156   183   267   296   259   313 0.76 -
evm.utg801.40                        -            682 581717at33208        -            249   0.00016   22.6   0.0   6   6      0.13        33    5.2   0.0   155   208   562   617   550   624 0.87 -
evm.utg413.38                        -            593 581717at33208        -            249   0.00017   22.5   0.5   1   4       7.8     2e+03   -0.6   0.0   184   208   316   340   305   345 0.87 -
evm.utg413.38                        -            593 581717at33208        -            249   0.00017   22.5   0.5   2   4    0.0025      0.63   10.8   0.0   109   218   357   476   355   488 0.64 -
evm.utg413.38                        -            593 581717at33208        -            249   0.00017   22.5   0.5   3   4         6   1.5e+03   -0.2   0.0    41    62   491   512   465   520 0.66 -
evm.utg413.38                        -            593 581717at33208        -            249   0.00017   22.5   0.5   4   4      0.65   1.6e+02    2.9   0.0   156   208   538   591   485   592 0.66 -
evm.utg798.13                        -            382 581717at33208        -            249   0.00018   22.4   0.0   1   2    0.0067       1.7    9.4   0.0   110   153    82   123    19   172 0.79 -
evm.utg798.13                        -            382 581717at33208        -            249   0.00018   22.4   0.0   2   2     0.006       1.5    9.6   0.0   109   202   175   284   167   298 0.80 -
evm.utg1005.5                        -            983 581717at33208        -            249   0.00018   22.4   3.3   1   3    0.0072       1.8    9.3   0.0   172   218   687   733   672   760 0.82 -
evm.utg1005.5                        -            983 581717at33208        -            249   0.00018   22.4   3.3   2   3    0.0084       2.1    9.1   0.1   154   214   841   903   830   920 0.87 -
evm.utg1005.5                        -            983 581717at33208        -            249   0.00018   22.4   3.3   3   3       1.9   4.7e+02    1.4   0.0    74    89   923   938   909   944 0.82 -
evm.utg7821.35                       -            557 581717at33208        -            249   0.00018   22.4   0.0   1   4       4.8   1.2e+03    0.1   0.0   121   162    33    73    21   124 0.55 -
evm.utg7821.35                       -            557 581717at33208        -            249   0.00018   22.4   0.0   2   4      0.22        56    4.5   0.0   178   216   184   222   151   236 0.86 -
evm.utg7821.35                       -            557 581717at33208        -            249   0.00018   22.4   0.0   3   4       1.7   4.2e+02    1.6   0.0   173   212   305   344   276   349 0.71 -
evm.utg7821.35                       -            557 581717at33208        -            249   0.00018   22.4   0.0   4   4    0.0088       2.2    9.0   0.0   167   219   467   519   458   527 0.87 -
evm.utg1363.31                       -            612 581717at33208        -            249   0.00019   22.4   7.1   1   2   3.5e-06   0.00089   20.2   0.7   154   236   420   509   343   513 0.83 -
evm.utg1363.31                       -            612 581717at33208        -            249   0.00019   22.4   7.1   2   2       1.4   3.6e+02    1.8   0.0   174   213   531   570   508   581 0.74 -
evm.utg2417.39.1.5c22ed97            -            754 581717at33208        -            249   0.00019   22.4   0.0   1   2      0.26        64    4.3   0.0   138   191   126   182    49   193 0.67 -
evm.utg2417.39.1.5c22ed97            -            754 581717at33208        -            249   0.00019   22.4   0.0   2   2   8.3e-05     0.021   15.7   0.0   159   214   191   250   176   256 0.85 -
evm.utg435.58                        -            950 581717at33208        -            249   0.00023   22.1   3.0   1   6       2.4     6e+02    1.1   0.0   106   138   149   182   137   240 0.67 -
evm.utg435.58                        -            950 581717at33208        -            249   0.00023   22.1   3.0   2   6     0.014       3.4    8.4   0.0   156   209   294   346   257   352 0.76 -
evm.utg435.58                        -            950 581717at33208        -            249   0.00023   22.1   3.0   3   6      0.29        73    4.1   0.0   174   215   354   395   350   405 0.86 -
evm.utg435.58                        -            950 581717at33208        -            249   0.00023   22.1   3.0   4   6       9.9   2.5e+03   -1.0   0.0    41    59   504   522   468   527 0.74 -
evm.utg435.58                        -            950 581717at33208        -            249   0.00023   22.1   3.0   5   6         2     5e+02    1.3   0.0    71    91   591   611   540   628 0.67 -
evm.utg435.58                        -            950 581717at33208        -            249   0.00023   22.1   3.0   6   6         8     2e+03   -0.7   0.0   177   214   857   894   853   906 0.81 -
evm.utg126.136                       -            473 581717at33208        -            249   0.00025   22.0   0.2   1   3      0.52   1.3e+02    3.3   0.0   190   212   124   146   119   170 0.83 -
evm.utg126.136                       -            473 581717at33208        -            249   0.00025   22.0   0.2   2   3      0.36        89    3.8   0.0   148   189   217   258   210   270 0.82 -
evm.utg126.136                       -            473 581717at33208        -            249   0.00025   22.0   0.2   3   3    0.0081         2    9.2   0.0    74   134   360   414   309   420 0.68 -
evm.utg2417.39                       -            829 581717at33208        -            249   0.00025   22.0   0.0   1   2      0.33        82    3.9   0.0   138   191   126   182    55   192 0.68 -
evm.utg2417.39                       -            829 581717at33208        -            249   0.00025   22.0   0.0   2   2   9.5e-05     0.024   15.5   0.0   159   214   191   250   177   256 0.85 -
evm.utg3872.12                       -            514 581717at33208        -            249   0.00027   21.9   1.8   1   4      0.66   1.7e+02    2.9   0.0   188   231   221   265   217   269 0.79 -
evm.utg3872.12                       -            514 581717at33208        -            249   0.00027   21.9   1.8   2   4     0.061        15    6.3   0.1    73    91   277   295   270   298 0.88 -
evm.utg3872.12                       -            514 581717at33208        -            249   0.00027   21.9   1.8   3   4      0.04        10    6.9   0.1   180   232   306   360   296   363 0.77 -
evm.utg3872.12                       -            514 581717at33208        -            249   0.00027   21.9   1.8   4   4       1.5   3.9e+02    1.7   0.0    43    63   361   381   354   412 0.78 -
evm.utg8.11                          -            830 581717at33208        -            249   0.00029   21.8   0.1   1   2      0.43   1.1e+02    3.5   0.0   138   180   126   168    49   193 0.67 -
evm.utg8.11                          -            830 581717at33208        -            249   0.00029   21.8   0.1   2   2   0.00012      0.03   15.1   0.0   161   213   193   249   186   256 0.86 -
evm.utg2129.40                       -            418 581717at33208        -            249   0.00029   21.8   0.9   1   3      0.27        68    4.2   0.0   172   213    95   136    89   154 0.82 -
evm.utg2129.40                       -            418 581717at33208        -            249   0.00029   21.8   0.9   2   3   0.00031     0.078   13.8   0.1    73   222   159   319   116   323 0.75 -
evm.utg2129.40                       -            418 581717at33208        -            249   0.00029   21.8   0.9   3   3       3.1   7.9e+02    0.7   0.0   174   210   357   393   335   398 0.83 -
evm.utg411.98                        -            324 581717at33208        -            249   0.00032   21.6   0.1   1   2   1.2e-05     0.003   18.4   0.0   155   212    87   143    24   152 0.65 -
evm.utg411.98                        -            324 581717at33208        -            249   0.00032   21.6   0.1   2   2       6.1   1.5e+03   -0.3   0.0    76   122   168   214   163   233 0.69 -
evm.utg5774.24                       -            295 581717at33208        -            249   0.00046   21.1   0.5   1   3      0.47   1.2e+02    3.4   0.0   194   225    74   105    48   125 0.82 -
evm.utg5774.24                       -            295 581717at33208        -            249   0.00046   21.1   0.5   2   3       1.7   4.3e+02    1.6   0.1    42    60   172   190   150   197 0.77 -
evm.utg5774.24                       -            295 581717at33208        -            249   0.00046   21.1   0.5   3   3   0.00069      0.17   12.7   0.0   169   217   231   279   204   289 0.82 -
evm.utg435.1                         -            468 581717at33208        -            249   0.00047   21.1   0.1   1   3     0.013       3.3    8.5   0.0   172   213   226   267   206   277 0.86 -
evm.utg435.1                         -            468 581717at33208        -            249   0.00047   21.1   0.1   2   3     0.092        23    5.7   0.0   173   214   269   310   264   318 0.80 -
evm.utg435.1                         -            468 581717at33208        -            249   0.00047   21.1   0.1   3   3       2.1   5.3e+02    1.2   0.0    41    64   327   350   318   359 0.81 -
evm.utg378.105                       -            554 581717at33208        -            249   0.00049   21.0   0.0   1   2      0.24        60    4.3   0.0   154   236    37   122    27   126 0.88 -
evm.utg378.105                       -            554 581717at33208        -            249   0.00049   21.0   0.0   2   2   0.00031     0.079   13.8   0.0   155   214   164   230   156   257 0.84 -
evm.utg1025.9                        -            364 581717at33208        -            249    0.0005   21.0   0.0   1   3       3.1   7.9e+02    0.7   0.0    73    89    25    41    16    45 0.71 -
evm.utg1025.9                        -            364 581717at33208        -            249    0.0005   21.0   0.0   2   3     0.011       2.8    8.7   0.0   173   210    49    88    45   101 0.83 -
evm.utg1025.9                        -            364 581717at33208        -            249    0.0005   21.0   0.0   3   3     0.057        14    6.4   0.0   107   135   114   145   101   170 0.84 -
evm.utg2017.23                       -           1116 581717at33208        -            249   0.00058   20.8   0.1   1   2   0.00052      0.13   13.1   0.0   154   218   107   172    96   182 0.86 -
evm.utg2017.23                       -           1116 581717at33208        -            249   0.00058   20.8   0.1   2   2      0.51   1.3e+02    3.3   0.0   184   223   231   271   223   286 0.84 -
evm.utg7855.10                       -            364 581717at33208        -            249   0.00059   20.8   0.0   1   3       3.4   8.5e+02    0.6   0.0    73    89    25    41    16    43 0.72 -
evm.utg7855.10                       -            364 581717at33208        -            249   0.00059   20.8   0.0   2   3     0.011       2.8    8.7   0.0   173   210    49    88    46   102 0.83 -
evm.utg7855.10                       -            364 581717at33208        -            249   0.00059   20.8   0.0   3   3     0.058        15    6.4   0.0   107   135   114   145   101   169 0.84 -
evm.utg9313.39                       -            342 581717at33208        -            249   0.00064   20.6   0.1   1   2    0.0054       1.4    9.7   0.0   172   215    80   124    77   129 0.88 -
evm.utg9313.39                       -            342 581717at33208        -            249   0.00064   20.6   0.1   2   2     0.014       3.5    8.4   0.0   184   221   138   174   126   201 0.71 -
evm.utg418.52                        -            385 581717at33208        -            249   0.00067   20.6   0.1   1   2    0.0018      0.45   11.3   0.0   155   213   120   181   109   196 0.81 -
evm.utg418.52                        -            385 581717at33208        -            249   0.00067   20.6   0.1   2   2     0.096        24    5.7   0.0   159   210   213   268   186   279 0.76 -
evm.utg6477.2                        -            448 581717at33208        -            249   0.00068   20.6   0.3   1   2    0.0079         2    9.2   0.0   172   215   186   230   183   235 0.88 -
evm.utg6477.2                        -            448 581717at33208        -            249   0.00068   20.6   0.3   2   2     0.012       3.1    8.6   0.1   186   241   246   300   231   308 0.73 -
evm.utg150.51                        -            579 581717at33208        -            249   0.00072   20.5   0.0   1   1   6.1e-06    0.0015   19.4   0.0    58   217   288   461   273   472 0.74 -
evm.utg431.5                         -           1181 581717at33208        -            249   0.00073   20.4   2.2   1   6     0.065        16    6.2   0.0   169   212   182   225   161   239 0.84 -
evm.utg431.5                         -           1181 581717at33208        -            249   0.00073   20.4   2.2   2   6      0.53   1.3e+02    3.2   0.0   172   215   274   318   267   329 0.80 -
evm.utg431.5                         -           1181 581717at33208        -            249   0.00073   20.4   2.2   3   6       6.4   1.6e+03   -0.3   0.0    42    71   472   501   468   505 0.89 -
evm.utg431.5                         -           1181 581717at33208        -            249   0.00073   20.4   2.2   4   6       4.4   1.1e+03    0.2   0.0   154   175   538   559   527   617 0.68 -
evm.utg431.5                         -           1181 581717at33208        -            249   0.00073   20.4   2.2   5   6       1.3   3.3e+02    1.9   0.0    13   102   746   828   740   839 0.77 -
evm.utg431.5                         -           1181 581717at33208        -            249   0.00073   20.4   2.2   6   6       7.1   1.8e+03   -0.5   0.0   181   213  1095  1126  1085  1146 0.67 -
evm.utg2099.25                       -            385 581717at33208        -            249   0.00076   20.4   0.1   1   2    0.0019      0.48   11.2   0.0   155   213   120   181   110   195 0.81 -
evm.utg2099.25                       -            385 581717at33208        -            249   0.00076   20.4   0.1   2   2     0.096        24    5.6   0.0   159   210   213   268   186   279 0.76 -
evm.utg2129.40.1.5c22ed08            -            389 581717at33208        -            249   0.00078   20.3   0.2   1   2      0.26        64    4.3   0.0   172   213    95   136    93   156 0.82 -
evm.utg2129.40.1.5c22ed08            -            389 581717at33208        -            249   0.00078   20.3   0.2   2   2   0.00019     0.047   14.5   0.0    72   222   158   319   112   323 0.73 -
evm.utg378.33                        -            500 581717at33208        -            249   0.00085   20.2   0.1   1   4       4.4   1.1e+03    0.2   0.0   163   212    76   125    70   142 0.79 -
evm.utg378.33                        -            500 581717at33208        -            249   0.00085   20.2   0.1   2   4       0.2        50    4.6   0.0    95   132   128   165   105   171 0.68 -
evm.utg378.33                        -            500 581717at33208        -            249   0.00085   20.2   0.1   3   4       1.9   4.7e+02    1.4   0.0   198   220   250   273   237   297 0.64 -
evm.utg378.33                        -            500 581717at33208        -            249   0.00085   20.2   0.1   4   4     0.011       2.7    8.8   0.0   106   208   308   409   298   434 0.74 -
evm.utg967.29.1.5c22f549             -            266 581717at33208        -            249   0.00095   20.1   0.0   1   2         7   1.8e+03   -0.5   0.0   170   211    47    88    12   128 0.61 -
evm.utg967.29.1.5c22f549             -            266 581717at33208        -            249   0.00095   20.1   0.0   2   2   1.4e-05    0.0035   18.2   0.0   156   231   114   193    95   200 0.80 -
evm.utg736.40                        -            406 581717at33208        -            249     0.001   19.9   0.1   1   3      0.62   1.6e+02    3.0   0.0   167   209   169   211   140   244 0.86 -
evm.utg736.40                        -            406 581717at33208        -            249     0.001   19.9   0.1   2   3       1.8   4.5e+02    1.5   0.0   156   212   297   358   294   361 0.68 -
evm.utg736.40                        -            406 581717at33208        -            249     0.001   19.9   0.1   3   3    0.0014      0.34   11.7   0.0   168   210   356   398   341   403 0.88 -
evm.utg73.80                         -            359 581717at33208        -            249     0.001   19.9   1.9   1   4   0.00051      0.13   13.1   0.2   107   218    19   127    13   148 0.79 -
evm.utg73.80                         -            359 581717at33208        -            249     0.001   19.9   1.9   2   4      0.93   2.3e+02    2.4   0.0   175   211   128   164   123   183 0.79 -
evm.utg73.80                         -            359 581717at33208        -            249     0.001   19.9   1.9   3   4       1.5   3.8e+02    1.7   0.0   185   212   180   207   163   214 0.64 -
evm.utg73.80                         -            359 581717at33208        -            249     0.001   19.9   1.9   4   4       6.8   1.7e+03   -0.4   0.0   192   213   282   303   252   307 0.86 -
evm.utg5417.27.1.5c22f1fe            -           1068 581717at33208        -            249    0.0012   19.8   4.9   1   3     0.035       8.9    7.1   0.2   178   233   715   772   708   774 0.81 -
evm.utg5417.27.1.5c22f1fe            -           1068 581717at33208        -            249    0.0012   19.8   4.9   2   3       1.1   2.8e+02    2.2   0.0   176   213   797   834   793   839 0.77 -
evm.utg5417.27.1.5c22f1fe            -           1068 581717at33208        -            249    0.0012   19.8   4.9   3   3     0.036         9    7.1   0.0   113   218   892  1005   879  1013 0.75 -
evm.utg73.142.1.5c22f3bd             -            561 581717at33208        -            249    0.0013   19.6   0.0   1   4       2.3   5.7e+02    1.1   0.0   187   212   287   312   269   319 0.83 -
evm.utg73.142.1.5c22f3bd             -            561 581717at33208        -            249    0.0013   19.6   0.0   2   4      0.17        43    4.8   0.0   176   217   318   361   295   376 0.78 -
evm.utg73.142.1.5c22f3bd             -            561 581717at33208        -            249    0.0013   19.6   0.0   3   4      0.19        49    4.6   0.0   187   223   329   367   323   414 0.55 -
evm.utg73.142.1.5c22f3bd             -            561 581717at33208        -            249    0.0013   19.6   0.0   4   4     0.019       4.7    8.0   0.0   156   210   422   476   407   503 0.79 -
evm.utg4972.23.2.5c22f18b            -            508 581717at33208        -            249    0.0013   19.6   1.4   1   3     0.032         8    7.2   0.1   171   216   337   380   330   386 0.83 -
evm.utg4972.23.2.5c22f18b            -            508 581717at33208        -            249    0.0013   19.6   1.4   2   3      0.17        44    4.8   0.0   174   211   382   417   376   431 0.85 -
evm.utg4972.23.2.5c22f18b            -            508 581717at33208        -            249    0.0013   19.6   1.4   3   3     0.099        25    5.6   0.1   182   213   436   465   424   489 0.72 -
evm.utg8992.7                        -            932 581717at33208        -            249    0.0017   19.3   0.1   1   2    0.0029      0.72   10.6   0.0   177   220   166   211   150   225 0.83 -
evm.utg8992.7                        -            932 581717at33208        -            249    0.0017   19.3   0.1   2   2      0.13        34    5.2   0.0   180   223   519   562   512   586 0.87 -
utg7821.evm.utg13634.5.mrna2         -            359 581717at33208        -            249    0.0018   19.2   0.7   1   2   0.00087      0.22   12.3   0.0   125   214    67   169    51   181 0.71 -
utg7821.evm.utg13634.5.mrna2         -            359 581717at33208        -            249    0.0018   19.2   0.7   2   2      0.28        69    4.1   0.0    70    91   207   228   195   233 0.77 -
evm.utg911.6.2.5c22f4f3.1.5c279873   -           1182 581717at33208        -            249    0.0018   19.1   1.6   1   4         6   1.5e+03   -0.2   0.0   178   212   132   168   125   190 0.75 -
evm.utg911.6.2.5c22f4f3.1.5c279873   -           1182 581717at33208        -            249    0.0018   19.1   1.6   2   4     0.072        18    6.1   0.0   155   216   491   557   418   584 0.73 -
evm.utg911.6.2.5c22f4f3.1.5c279873   -           1182 581717at33208        -            249    0.0018   19.1   1.6   3   4     0.063        16    6.2   0.0   187   220   620   653   602   663 0.87 -
evm.utg911.6.2.5c22f4f3.1.5c279873   -           1182 581717at33208        -            249    0.0018   19.1   1.6   4   4     0.091        23    5.7   0.1   172   213   647   691   628   706 0.76 -
evm.utg73.96.1.5c22f3bc              -            243 581717at33208        -            249    0.0019   19.1   0.0   1   3       4.8   1.2e+03    0.1   0.0   182   212    32    62    12    68 0.81 -
evm.utg73.96.1.5c22f3bc              -            243 581717at33208        -            249    0.0019   19.1   0.0   2   3   0.00026     0.066   14.1   0.0   171   223    65   119    59   134 0.80 -
evm.utg73.96.1.5c22f3bc              -            243 581717at33208        -            249    0.0019   19.1   0.0   3   3       1.5   3.7e+02    1.8   0.0   125   212   136   231   121   239 0.61 -
evm.utg3174.3.1.5c22eeec             -            350 581717at33208        -            249    0.0021   19.0   0.0   1   2       3.9   9.7e+02    0.4   0.0   184   208   158   182   146   187 0.86 -
evm.utg3174.3.1.5c22eeec             -            350 581717at33208        -            249    0.0021   19.0   0.0   2   2    0.0018      0.45   11.3   0.0   109   218   199   318   196   330 0.62 -
evm.utg622.118                       -           1466 581717at33208        -            249    0.0022   18.9   0.1   1   4      0.27        68    4.2   0.0     9    82   455   531   451   539 0.79 -
evm.utg622.118                       -           1466 581717at33208        -            249    0.0022   18.9   0.1   2   4       1.8   4.6e+02    1.4   0.0   154   212   663   723   616   727 0.79 -
evm.utg622.118                       -           1466 581717at33208        -            249    0.0022   18.9   0.1   3   4     0.076        19    6.0   0.0   131   200   726   795   722   797 0.90 -
evm.utg622.118                       -           1466 581717at33208        -            249    0.0022   18.9   0.1   4   4       2.6   6.5e+02    1.0   0.0    56    89  1395  1428  1365  1431 0.82 -
evm.utg498.152.1.5c22f1a3            -            739 581717at33208        -            249    0.0025   18.7   1.6   1   3    0.0012       0.3   11.9   0.1   155   213   485   545   456   562 0.86 -
evm.utg498.152.1.5c22f1a3            -            739 581717at33208        -            249    0.0025   18.7   1.6   2   3      0.75   1.9e+02    2.7   0.1   147   204   601   655   563   680 0.56 -
evm.utg498.152.1.5c22f1a3            -            739 581717at33208        -            249    0.0025   18.7   1.6   3   3       5.8   1.5e+03   -0.2   0.0    40    62   682   704   655   710 0.71 -
evm.utg3092.42                       -            256 581717at33208        -            249    0.0027   18.6   0.0   1   2    0.0023      0.59   10.9   0.0   110   163    63   112    60   153 0.73 -
evm.utg3092.42                       -            256 581717at33208        -            249    0.0027   18.6   0.0   2   2     0.095        24    5.7   0.0   108   137   155   184   148   193 0.89 -
evm.utg2428.11                       -           2055 581717at33208        -            249    0.0032   18.3   0.0   1   2   0.00048      0.12   13.2   0.0   167   213  1748  1795  1736  1809 0.88 -
evm.utg2428.11                       -           2055 581717at33208        -            249    0.0032   18.3   0.0   2   2         1   2.6e+02    2.3   0.0   154   197  1867  1916  1841  1962 0.83 -
evm.utg73.96                         -            327 581717at33208        -            249    0.0043   17.9   0.0   1   3       8.6   2.2e+03   -0.7   0.0   182   212    32    62    16    66 0.81 -
evm.utg73.96                         -            327 581717at33208        -            249    0.0043   17.9   0.0   2   3   0.00039     0.097   13.5   0.0   170   223    64   119    54   134 0.81 -
evm.utg73.96                         -            327 581717at33208        -            249    0.0043   17.9   0.0   3   3       2.5   6.3e+02    1.0   0.0   129   212   140   231   122   242 0.60 -
evm.utg801.96                        -            430 581717at33208        -            249    0.0049   17.7   0.0   1   2       7.5   1.9e+03   -0.6   0.0   175   221   224   271   215   290 0.77 -
evm.utg801.96                        -            430 581717at33208        -            249    0.0049   17.7   0.0   2   2    0.0003     0.076   13.8   0.0   156   212   292   352   283   363 0.82 -
evm.utg389.100                       -            455 581717at33208        -            249    0.0056   17.6   0.1   1   1   5.6e-05     0.014   16.2   0.1   120   212   164   261   153   286 0.81 -
evm.utg1897.4                        -            455 581717at33208        -            249     0.006   17.5   0.1   1   1     6e-05     0.015   16.1   0.1   120   212   164   261   152   285 0.82 -
evm.utg498.152                       -           1030 581717at33208        -            249     0.007   17.2   1.3   1   3    0.0022      0.54   11.0   0.1   156   213   486   545   483   563 0.82 -
evm.utg498.152                       -           1030 581717at33208        -            249     0.007   17.2   1.3   2   3      0.99   2.5e+02    2.3   0.1   145   204   599   655   560   681 0.54 -
evm.utg498.152                       -           1030 581717at33208        -            249     0.007   17.2   1.3   3   3       9.5   2.4e+03   -0.9   0.0    42    62   684   704   656   708 0.71 -
evm.utg27.27                         -           1017 581717at33208        -            249    0.0071   17.2   0.6   1   3      0.68   1.7e+02    2.9   0.1    79   103    79   103    71   141 0.75 -
evm.utg27.27                         -           1017 581717at33208        -            249    0.0071   17.2   0.6   2   3    0.0055       1.4    9.7   0.0   155   215   253   317   199   339 0.73 -
evm.utg27.27                         -           1017 581717at33208        -            249    0.0071   17.2   0.6   3   3       4.6   1.1e+03    0.2   0.0   181   224   583   626   580   636 0.79 -
evm.utg1272.13                       -            609 581717at33208        -            249    0.0071   17.2   0.2   1   2       5.7   1.4e+03   -0.2   0.0   178   213   226   259   218   277 0.72 -
evm.utg1272.13                       -            609 581717at33208        -            249    0.0071   17.2   0.2   2   2   0.00043      0.11   13.3   0.0    54   148   317   408   292   455 0.82 -
evm.utg245.62                        -            499 581717at33208        -            249    0.0072   17.2   0.3   1   2    0.0093       2.3    9.0   0.0   114   211   231   337   219   351 0.68 -
evm.utg245.62                        -            499 581717at33208        -            249    0.0072   17.2   0.3   2   2      0.21        52    4.6   0.0   175   226   437   488   429   495 0.87 -
evm.utg1272.13.1.5c22e9c5            -            492 581717at33208        -            249    0.0083   17.0   0.1   1   2       4.2   1.1e+03    0.3   0.0   178   213   226   259   217   279 0.73 -
evm.utg1272.13.1.5c22e9c5            -            492 581717at33208        -            249    0.0083   17.0   0.1   2   2    0.0003     0.076   13.8   0.0    54   148   317   408   292   455 0.82 -
evm.utg693.67                        -           1677 581717at33208        -            249    0.0091   16.9   1.1   1   3       2.3   5.9e+02    1.1   0.1     4    42    97   133    94   159 0.80 -
evm.utg693.67                        -           1677 581717at33208        -            249    0.0091   16.9   1.1   2   3     0.013       3.2    8.5   0.0   179   213   312   347   279   355 0.87 -
evm.utg693.67                        -           1677 581717at33208        -            249    0.0091   16.9   1.1   3   3       1.5   3.8e+02    1.7   0.0   152   208   633   692   611   721 0.65 -
evm.utg116.299                       -            955 581717at33208        -            249     0.012   16.5   0.0   1   3     0.048        12    6.6   0.0   176   213    97   135    92   146 0.80 -
evm.utg116.299                       -            955 581717at33208        -            249     0.012   16.5   0.0   2   3       1.7   4.3e+02    1.5   0.0   118   151   157   189   139   194 0.51 -
evm.utg116.299                       -            955 581717at33208        -            249     0.012   16.5   0.0   3   3      0.34        85    3.9   0.0   112   152   195   234   189   261 0.71 -
evm.utg5513.6                        -           1208 581717at33208        -            249     0.013   16.4   1.9   1   5      0.05        13    6.6   0.0   171   212   225   266   202   275 0.86 -
evm.utg5513.6                        -           1208 581717at33208        -            249     0.013   16.4   1.9   2   5      0.99   2.5e+02    2.3   0.0   172   214   315   358   308   370 0.79 -
evm.utg5513.6                        -           1208 581717at33208        -            249     0.013   16.4   1.9   3   5       5.8   1.5e+03   -0.2   0.0    42    71   513   542   509   546 0.89 -
evm.utg5513.6                        -           1208 581717at33208        -            249     0.013   16.4   1.9   4   5       7.2   1.8e+03   -0.5   0.0   155   175   580   600   566   659 0.65 -
evm.utg5513.6                        -           1208 581717at33208        -            249     0.013   16.4   1.9   5   5       7.9     2e+03   -0.6   0.0   181   213  1122  1153  1113  1174 0.70 -
evm.utg577.4                         -            679 581717at33208        -            249      0.02   15.8   0.2   1   2     0.033       8.2    7.2   0.0    83   199   246   363   195   366 0.75 -
evm.utg577.4                         -            679 581717at33208        -            249      0.02   15.8   0.2   2   2     0.097        24    5.6   0.0    26    65   533   572   515   591 0.81 -
evm.utg243.69                        -           1751 581717at33208        -            249      0.02   15.7   1.3   1   3       1.3   3.3e+02    1.9   0.1     3    41    96   132    94   143 0.77 -
evm.utg243.69                        -           1751 581717at33208        -            249      0.02   15.7   1.3   2   3      0.01       2.6    8.8   0.1   180   214   313   348   304   355 0.83 -
evm.utg243.69                        -           1751 581717at33208        -            249      0.02   15.7   1.3   3   3       7.7   1.9e+03   -0.6   0.0   175   212   616   654   611   661 0.83 -
evm.utg245.48                        -            321 581717at33208        -            249     0.025   15.4   0.2   1   2     0.048        12    6.6   0.0   173   229    63   120    59   126 0.80 -
evm.utg245.48                        -            321 581717at33208        -            249     0.025   15.4   0.2   2   2      0.11        29    5.4   0.1   192   218   124   151   108   168 0.69 -
evm.utg101.81                        -            931 581717at33208        -            249     0.035   14.9   0.4   1   3       9.4   2.4e+03   -0.9   0.0   154   190   295   333   280   338 0.76 -
evm.utg101.81                        -            931 581717at33208        -            249     0.035   14.9   0.4   2   3       2.8   6.9e+02    0.9   0.0   184   214   395   425   392   450 0.64 -
evm.utg101.81                        -            931 581717at33208        -            249     0.035   14.9   0.4   3   3     0.011       2.8    8.7   0.1   173   211   474   512   444   530 0.77 -
evm.utg112.36                        -            329 581717at33208        -            249     0.036   14.9   0.0   1   3      0.76   1.9e+02    2.7   0.0    68    90    73    95    38   111 0.77 -
evm.utg112.36                        -            329 581717at33208        -            249     0.036   14.9   0.0   2   3     0.059        15    6.3   0.0   120   147   128   154   119   161 0.85 -
evm.utg112.36                        -            329 581717at33208        -            249     0.036   14.9   0.0   3   3       3.1   7.9e+02    0.7   0.0    46   100   246   270   240   288 0.59 -
evm.utg7950.19                       -            574 581717at33208        -            249     0.038   14.8   0.0   1   3         3   7.5e+02    0.8   0.0   156   211   176   233   142   261 0.73 -
evm.utg7950.19                       -            574 581717at33208        -            249     0.038   14.8   0.0   2   3       1.8   4.5e+02    1.5   0.0   142   211   302   372   296   377 0.76 -
evm.utg7950.19                       -            574 581717at33208        -            249     0.038   14.8   0.0   3   3     0.037       9.3    7.0   0.0   175   212   378   415   372   427 0.89 -
evm.utg607.12.1.5c22f2ae             -            705 581717at33208        -            249      0.04   14.8   0.6   1   2     0.063        16    6.2   0.0   175   213   118   156    94   181 0.66 -
evm.utg607.12.1.5c22f2ae             -            705 581717at33208        -            249      0.04   14.8   0.6   2   2      0.17        42    4.9   0.0   154   215   188   251   174   263 0.82 -
evm.utg607.12                        -            707 581717at33208        -            249      0.04   14.8   0.6   1   2     0.063        16    6.2   0.0   175   213   118   156    94   181 0.66 -
evm.utg607.12                        -            707 581717at33208        -            249      0.04   14.8   0.6   2   2      0.17        42    4.9   0.0   154   215   188   251   174   263 0.82 -
evm.utg699.93                        -            360 581717at33208        -            249     0.044   14.6   0.0   1   3     0.033       8.3    7.2   0.0    72    90    77    95    55    98 0.82 -
evm.utg699.93                        -            360 581717at33208        -            249     0.044   14.6   0.0   2   3       7.5   1.9e+03   -0.5   0.0   171   210   136   175   118   181 0.83 -
evm.utg699.93                        -            360 581717at33208        -            249     0.044   14.6   0.0   3   3      0.74   1.9e+02    2.7   0.0   173   210   218   256   212   280 0.79 -
utg1525.equina_smart_892265.mrna1    -            112 581717at33208        -            249     0.048   14.5   0.2   1   1   0.00023     0.059   14.2   0.2   172   229    41    96    38   105 0.86 -
evm.utg1910.44.1.5c22ec60            -            504 581717at33208        -            249     0.048   14.5   0.3   1   2       2.7   6.9e+02    0.9   0.1   104   136   145   177   135   180 0.87 -
evm.utg1910.44.1.5c22ec60            -            504 581717at33208        -            249     0.048   14.5   0.3   2   2    0.0025      0.62   10.9   0.0   105   222   185   312   180   323 0.67 -
evm.utg2099.34                       -            412 581717at33208        -            249     0.049   14.5   0.0   1   1    0.0005      0.13   13.1   0.0   177   223   311   358   306   368 0.88 -
evm.utg1910.44                       -            528 581717at33208        -            249     0.053   14.4   0.2   1   2       2.6   6.6e+02    0.9   0.1   103   136   144   177   133   181 0.86 -
evm.utg1910.44                       -            528 581717at33208        -            249     0.053   14.4   0.2   2   2    0.0027      0.67   10.7   0.0   105   222   185   312   180   323 0.67 -
evm.utg172.19                        -            489 581717at33208        -            249     0.067   14.0   0.2   1   4       6.5   1.6e+03   -0.4   0.0   117   141   235   259   225   272 0.52 -
evm.utg172.19                        -            489 581717at33208        -            249     0.067   14.0   0.2   2   4      0.21        52    4.5   0.1    73    90   321   338   308   340 0.89 -
evm.utg172.19                        -            489 581717at33208        -            249     0.067   14.0   0.2   3   4       0.8     2e+02    2.6   0.0   173   229   342   401   339   413 0.73 -
evm.utg172.19                        -            489 581717at33208        -            249     0.067   14.0   0.2   4   4       2.7   6.9e+02    0.9   0.0   175   225   432   482   413   485 0.87 -
evm.utg26517.8                       -           1023 581717at33208        -            249     0.079   13.8   1.6   1   4      0.29        73    4.1   0.0   171   209   485   519   414   522 0.66 -
evm.utg26517.8                       -           1023 581717at33208        -            249     0.079   13.8   1.6   2   4       1.7   4.4e+02    1.5   0.0   175   213   528   566   524   578 0.86 -
evm.utg26517.8                       -           1023 581717at33208        -            249     0.079   13.8   1.6   3   4       1.4   3.6e+02    1.8   0.0   141   212   623   697   613   717 0.60 -
evm.utg26517.8                       -           1023 581717at33208        -            249     0.079   13.8   1.6   4   4         5   1.3e+03    0.0   0.0   191   210   722   741   713   752 0.79 -
evm.utg109.121                       -            491 581717at33208        -            249     0.094   13.5   0.0   1   3      0.19        47    4.7   0.0   181   210   346   376   335   385 0.83 -
evm.utg109.121                       -            491 581717at33208        -            249     0.094   13.5   0.0   2   3       2.2   5.5e+02    1.2   0.0   123   166   407   450   400   454 0.77 -
evm.utg109.121                       -            491 581717at33208        -            249     0.094   13.5   0.0   3   3       0.2        50    4.6   0.0   135   167   432   463   420   473 0.78 -
evm.utg2216.17                       -            277 581717at33208        -            249     0.099   13.5   0.3   1   1    0.0016      0.39   11.5   0.1   167   219   121   171    99   190 0.78 -
evm.utg3839.107                      -            479 581717at33208        -            249       0.1   13.4   1.3   1   3      0.87   2.2e+02    2.5   0.0    37    64    65    92    56    95 0.86 -
evm.utg3839.107                      -            479 581717at33208        -            249       0.1   13.4   1.3   2   3     0.059        15    6.3   0.2   173   211    95   133    93   144 0.92 -
evm.utg3839.107                      -            479 581717at33208        -            249       0.1   13.4   1.3   3   3       3.9   9.9e+02    0.4   0.0   187   213   255   281   253   305 0.80 -
evm.utg377.24.1.5c22efd8             -            481 581717at33208        -            249      0.12   13.2   1.4   1   3      0.97   2.4e+02    2.4   0.0    37    64    65    92    56    94 0.86 -
evm.utg377.24.1.5c22efd8             -            481 581717at33208        -            249      0.12   13.2   1.4   2   3     0.057        14    6.4   0.2   173   210    95   132    89   142 0.93 -
evm.utg377.24.1.5c22efd8             -            481 581717at33208        -            249      0.12   13.2   1.4   3   3       3.9   9.9e+02    0.4   0.0   187   213   255   281   253   305 0.80 -
evm.utg2100.48                       -            413 581717at33208        -            249      0.14   13.0   0.1   1   2      0.13        32    5.2   0.0   180   211   309   341   295   347 0.83 -
evm.utg2100.48                       -            413 581717at33208        -            249      0.14   13.0   0.1   2   2      0.16        40    4.9   0.0   134   167   353   385   340   396 0.76 -
evm.utg31.75                         -            207 581717at33208        -            249      0.14   13.0   0.0   1   1   0.00078       0.2   12.5   0.0   118   205    21   107    15   112 0.84 -
evm.utg7286.46                       -            207 581717at33208        -            249      0.14   13.0   0.0   1   1   0.00078       0.2   12.5   0.0   118   205    21   107    15   112 0.84 -
evm.utg1910.44.1.5c22ec60.1.5c279151 -            366 581717at33208        -            249      0.16   12.8   0.0   1   1    0.0013      0.33   11.8   0.0   105   222    47   174    41   185 0.68 -
evm.utg34.2                          -            207 581717at33208        -            249      0.18   12.6   0.0   1   1     0.001      0.25   12.1   0.0   118   205    21   107    15   112 0.83 -
evm.utg126.151                       -            820 581717at33208        -            249      0.18   12.6   0.0   1   3      0.56   1.4e+02    3.1   0.0   162   223    27    89    16    97 0.80 -
evm.utg126.151                       -            820 581717at33208        -            249      0.18   12.6   0.0   2   3         3   7.5e+02    0.8   0.0   178   215   132   170    98   187 0.70 -
evm.utg126.151                       -            820 581717at33208        -            249      0.18   12.6   0.0   3   3       0.3        76    4.0   0.0   169   207   715   753   697   765 0.83 -
evm.utg258.1                         -            727 581717at33208        -            249      0.25   12.1   0.0   1   1    0.0017      0.43   11.4   0.0   167   211    88   133    74   144 0.87 -
evm.utg1051.87                       -           2584 581717at33208        -            249      0.26   12.1   0.2   1   2      0.11        28    5.5   0.0   160   210  2274  2324  2243  2343 0.77 -
evm.utg1051.87                       -           2584 581717at33208        -            249      0.26   12.1   0.2   2   2      0.32        80    3.9   0.0   165   223  2473  2533  2456  2544 0.82 -
evm.utg78.65.1.5c22f420              -            558 581717at33208        -            249      0.33   11.7   0.0   1   1    0.0022      0.55   11.0   0.0   176   227   411   463   407   474 0.81 -
evm.utg109.19                        -            756 581717at33208        -            249      0.36   11.6   0.0   1   1    0.0037      0.92   10.3   0.0   155   221   217   285   208   308 0.85 -
evm.utg377.24                        -            615 581717at33208        -            249       0.4   11.5   1.7   1   3       1.3   3.3e+02    1.9   0.0    37    64    65    92    56    94 0.86 -
evm.utg377.24                        -            615 581717at33208        -            249       0.4   11.5   1.7   2   3     0.081        20    5.9   0.2   173   210    95   132    91   142 0.93 -
evm.utg377.24                        -            615 581717at33208        -            249       0.4   11.5   1.7   3   3       5.4   1.4e+03   -0.1   0.0   187   213   255   281   253   304 0.80 -
evm.utg729.160                       -            877 581717at33208        -            249       0.4   11.5   0.1   1   2     0.061        15    6.3   0.0   176   209   619   652   613   670 0.91 -
evm.utg729.160                       -            877 581717at33208        -            249       0.4   11.5   0.1   2   2         4     1e+03    0.3   0.0   156   207   813   868   796   872 0.77 -
evm.utg190.40                        -            509 581717at33208        -            249      0.59   10.9   0.0   1   1     0.017       4.4    8.1   0.0   169   213   123   168   117   175 0.92 -
evm.utg190.40.1.5c22ec4c             -            509 581717at33208        -            249      0.59   10.9   0.0   1   1     0.017       4.4    8.1   0.0   169   213   123   168   117   175 0.92 -
evm.utg788.47                        -           1044 581717at33208        -            249      0.61   10.9   1.6   1   4     0.093        23    5.7   0.0   170   213   353   396   313   406 0.87 -
evm.utg788.47                        -           1044 581717at33208        -            249      0.61   10.9   1.6   2   4       9.9   2.5e+03   -1.0   0.0    40    88   489   508   447   517 0.57 -
evm.utg788.47                        -           1044 581717at33208        -            249      0.61   10.9   1.6   3   4         8     2e+03   -0.6   0.0   183   209   526   550   484   561 0.54 -
evm.utg788.47                        -           1044 581717at33208        -            249      0.61   10.9   1.6   4   4       4.6   1.2e+03    0.1   0.0    46    62   693   709   682   764 0.60 -
evm.utg190.40.2.5c22ec4c             -            494 581717at33208        -            249      0.67   10.7   0.0   1   1     0.017       4.2    8.1   0.0   169   213   123   168   117   175 0.92 -
evm.utg498.151.2.5c22f1a3.1.5c2795b7 -            334 581717at33208        -            249      0.77   10.6   0.6   1   3     0.096        24    5.7   0.0   173   212    61   100    59   128 0.83 -
evm.utg498.151.2.5c22f1a3.1.5c2795b7 -            334 581717at33208        -            249      0.77   10.6   0.6   2   3       2.6   6.5e+02    1.0   0.1   155   186   127   157   114   168 0.75 -
evm.utg498.151.2.5c22f1a3.1.5c2795b7 -            334 581717at33208        -            249      0.77   10.6   0.6   3   3       9.4   2.4e+03   -0.9   0.0   114   176   269   300   261   328 0.58 -
#
# Program:         hmmsearch
# Version:         3.1b2 (February 2015)
# Pipeline mode:   SEARCH
# Query file:      /uoa/scratch/users/r02hw22/project_dark_genes/busco_downloads/lineages/metazoa_odb10/hmms/581717at33208.hmm
# Target file:     /uoa/scratch/users/r02hw22/project_dark_genes/00_raw/equina_smart.rnam-trna.merged.ggf.curated.remredun.aa.fa
# Option settings: hmmsearch --domtblout /uoa/scratch/users/r02hw22/project_dark_genes/equina_busco_proteins/run_metazoa_odb10/hmmer_output/initial_run_results/581717at33208.out --cpu 1 /uoa/scratch/users/r02hw22/project_dark_genes/busco_downloads/lineages/metazoa_odb10/hmms/581717at33208.hmm /uoa/scratch/users/r02hw22/project_dark_genes/00_raw/equina_smart.rnam-trna.merged.ggf.curated.remredun.aa.fa 
# Current dir:     /uoa/scratch/users/r02hw22/project_dark_genes
# Date:            Sat Apr 25 14:42:50 2026
# [ok]
