final_candidate_id	final_shortlist_score	final_shortlist_category	final_shortlist_reasons	final_stress_contrast_scope	final_stress_responsive	final_diesel_added_responsive	final_n_significant_contrasts	final_n_stress_significant_contrasts	final_best_abs_logfc	final_best_padj	final_significant_contrast_summary	protein_id	gene_id	protein_length	isoform_count	diamond_swissprot_hit	diamond_swissprot_subject	diamond_swissprot_pident	diamond_swissprot_aln_length	diamond_swissprot_evalue	diamond_swissprot_bitscore	diamond_swissprot_qlen	diamond_swissprot_slen	diamond_swissprot_query_coverage	diamond_swissprot_subject_coverage	diamond_swissprot_evalue_pass	diamond_swissprot_description	blastp_swissprot_hit	blastp_swissprot_subject	blastp_swissprot_pident	blastp_swissprot_aln_length	blastp_swissprot_evalue	blastp_swissprot_bitscore	blastp_swissprot_qlen	blastp_swissprot_slen	blastp_swissprot_query_coverage	blastp_swissprot_subject_coverage	blastp_swissprot_evalue_pass	blastp_swissprot_description	diamond_trembl_cnidaria_hit	diamond_trembl_cnidaria_subject	diamond_trembl_cnidaria_pident	diamond_trembl_cnidaria_aln_length	diamond_trembl_cnidaria_evalue	diamond_trembl_cnidaria_bitscore	diamond_trembl_cnidaria_qlen	diamond_trembl_cnidaria_slen	diamond_trembl_cnidaria_query_coverage	diamond_trembl_cnidaria_subject_coverage	diamond_trembl_cnidaria_evalue_pass	diamond_trembl_cnidaria_description	diamond_trembl_cnidaria_description_is_ambiguous	diamond_trembl_cnidaria_description_ambiguity_reason	diamond_trembl_cnidaria_informative_hit	blastp_trembl_cnidaria_hit	blastp_trembl_cnidaria_subject	blastp_trembl_cnidaria_pident	blastp_trembl_cnidaria_aln_length	blastp_trembl_cnidaria_evalue	blastp_trembl_cnidaria_bitscore	blastp_trembl_cnidaria_qlen	blastp_trembl_cnidaria_slen	blastp_trembl_cnidaria_query_coverage	blastp_trembl_cnidaria_subject_coverage	blastp_trembl_cnidaria_evalue_pass	blastp_trembl_cnidaria_description	blastp_trembl_cnidaria_description_is_ambiguous	blastp_trembl_cnidaria_description_ambiguity_reason	blastp_trembl_cnidaria_informative_hit	interpro_hit	interpro_member_databases	interpro_signature_accessions	interpro_accessions	interpro_descriptions	go_terms_interpro	pathways_interpro	eggnog_hit	eggnog_seed_ortholog	eggnog_evalue	eggnog_score	eggnog_ogs	eggnog_max_annot_lvl	eggnog_cog_category	eggnog_description	eggnog_preferred_name	go_terms_eggnog	eggnog_ec	eggnog_kegg_ko	eggnog_kegg_pathway	eggnog_pfam	signalp_result_present	signalp_positive	signalp_raw	annotation_class	dark_candidate_category	manual_review_flags	nonclassifying_or_ambiguous_evidence	sequence_status	source_fasta_id	source_fasta_header	genome_match_status	genome_matched_by_column	genome_matched_by_alias	transcript_id	gff3_protein_id	contig	strand	scaffold_location	gene_location	transcript_start	transcript_end	transcript_span_bp	cds_location	cds_start	cds_end	cds_span_bp	cds_total_bp	exon_count	exon_count_basis	cds_part_count	primary_mapping_status	primary_mapping_rank	primary_mapping_basis	candidate_total_genome_matches	candidate_n_matched_genes	candidate_n_matched_transcripts	candidate_n_matched_gff3_proteins	candidate_n_matched_contigs	BUSCO_duplicate_scaffold_unique_ids	BUSCO_duplicate_scaffold_records	on_BUSCO_duplication_rich_scaffold	dark_cluster_id	dark_cluster_representative_id	dark_cluster_size	dark_cluster_members	n_cluster_genes	n_cluster_contigs	n_cluster_locations	cluster_has_BUSCO_duplication_rich_scaffold	duplication_interpretation	priority_score	priority_tier	manual_review_reason	repeat_overlap_status	repeat_overlap_count	repeat_overlap_bp_unique	repeat_overlap_fraction	repeat_overlap_labels	dmr_overlap_status	dmr_overlap_count	dmr_overlap_bp_unique	dmr_overlap_fraction	dmr_overlap_ids	dmr_overlap_effects	de_match_status	de_matched_id	de_matched_candidate_column	de_tested_contrast_count	de_any_significant	de_significant_contrast_count	de_significant_contrasts	de_min_padj	de_max_abs_logfc
evm.utg1517.19	128	top_stress_responsive_dark_candidate	high_priority;single_copy_or_no_near_identical_dark_duplicate;DE_significant_any_contrast;stress_contrast_DE;diesel_added_DE;abs_logFC_ge_2;padj_le_0.001;no_repeat_TE_overlap;no_DMR_overlap	all	yes	yes	4	4	8.99161	3.32578e-08	full_model_LRT|down|logFC=-7.049|padj=3.326e-08;salinity_only_wald|up|logFC=7.347|padj=2.81e-07;salinity_only_LRT|up|logFC=8.992|padj=3.829e-06;diesel_added_wald|down|logFC=-1.895|padj=0.006143	evm.utg1517.19	evm.TU.utg1517.19	183	1	no										no		no										no		no										no				no	no										no				no	no							no														yes	no	"evm.utg1517.19	OTHER	0.000462	0.999538	"	function_dark_no_current_annotation	function_dark_no_current_annotation	non_classifying_evidence_retained	"diamond_swissprot_hit=no | diamond_swissprot_evalue_pass=no | blastp_swissprot_hit=no | blastp_swissprot_evalue_pass=no | diamond_trembl_cnidaria_hit=no | diamond_trembl_cnidaria_evalue_pass=no | diamond_trembl_cnidaria_informative_hit=no | blastp_trembl_cnidaria_hit=no | blastp_trembl_cnidaria_evalue_pass=no | blastp_trembl_cnidaria_informative_hit=no | interpro_hit=no | eggnog_hit=no | signalp_result_present=yes | signalp_positive=no | signalp_raw=evm.utg1517.19	OTHER	0.000462	0.999538"	sequence_found_in_external_fasta	evm.utg1517.19	evm.utg1517.19	matched_multiple	protein_id	evm.utg1517	evm.utg1517.19	cds.evm.utg1517	utg1517	-	utg1517:72593-73850(-)	utg1517:72593-73850(-)	72593	73850	1258	utg1517:72593-73850(-)	72593	73850	1258	552	4	exon_features	4	matched_primary_from_multiple_strict	1	candidate_id_equals_transcript_id	60	30	60	1	1	2	2	no	dark_cluster_001448	evm.utg1517.19	1	evm.utg1517.19	1	1	1	no	single_copy_or_no_near_identical_dark_duplicate	8	high_priority	none	no_repeat_overlap	0	0	0.000000	NA	no_dmr_overlap	0	0	0.000000	NA	NA	de_significant	evm.TU.utg1517.19	gene_id	9	yes	4	salinity_only_wald|up|logFC=7.347|padj=2.81e-07;diesel_added_wald|down|logFC=-1.895|padj=0.006143;salinity_only_LRT|up|logFC=8.992|padj=3.829e-06;full_model_LRT|down|logFC=-7.049|padj=3.326e-08	3.32578e-08	8.99161
utg801.equina_smart_1701734.mrna1	128	top_stress_responsive_dark_candidate	high_priority;single_copy_or_no_near_identical_dark_duplicate;DE_significant_any_contrast;stress_contrast_DE;diesel_added_DE;abs_logFC_ge_2;padj_le_0.001;no_repeat_TE_overlap;no_DMR_overlap	all	yes	yes	4	4	2.88733	1.99258e-06	combined_wald|down|logFC=-2.887|padj=1.993e-06;salinity_added_wald|down|logFC=-2.862|padj=3.1e-06;full_model_LRT|down|logFC=-2.836|padj=6.342e-06;diesel_added_wald|down|logFC=-2.202|padj=0.0009976	utg801.equina_smart_1701734.mrna1	utg801.equina_smart_1701734.path1	70	1	no										no		no										no		no										no				no	no										no				no	no							no														yes	no	"utg801.equina_smart_1701734.mrna1	OTHER	0.001909	0.998091	"	function_dark_no_current_annotation	function_dark_no_current_annotation	non_classifying_evidence_retained	"diamond_swissprot_hit=no | diamond_swissprot_evalue_pass=no | blastp_swissprot_hit=no | blastp_swissprot_evalue_pass=no | diamond_trembl_cnidaria_hit=no | diamond_trembl_cnidaria_evalue_pass=no | diamond_trembl_cnidaria_informative_hit=no | blastp_trembl_cnidaria_hit=no | blastp_trembl_cnidaria_evalue_pass=no | blastp_trembl_cnidaria_informative_hit=no | interpro_hit=no | eggnog_hit=no | signalp_result_present=yes | signalp_positive=no | signalp_raw=utg801.equina_smart_1701734.mrna1	OTHER	0.001909	0.998091"	sequence_found_in_external_fasta	utg801.equina_smart_1701734.mrna1	utg801.equina_smart_1701734.mrna1	matched_multiple	protein_id	utg801.equina_smart_1701734.mrna1	utg801.equina_smart_1701734.mrna1	gmap_gene_find_equina_smart_1701734	utg801	+	utg801:216603-217150(+)	utg801:216603-217150(+)	216603	217150	548	utg801:216603-217150(+)	216603	217150	548	213	2	exon_features	2	matched_primary_from_multiple_strict	1	candidate_id_equals_transcript_id	2	1	2	1	1	1	2	no	dark_cluster_001756	utg801.equina_smart_1701734.mrna1	1	utg801.equina_smart_1701734.mrna1	1	1	1	no	single_copy_or_no_near_identical_dark_duplicate	8	high_priority	none	no_repeat_overlap	0	0	0.000000	NA	no_dmr_overlap	0	0	0.000000	NA	NA	de_significant	utg801.equina_smart_1701734.path1	gene_id	10	yes	4	diesel_added_wald|down|logFC=-2.202|padj=0.0009976;salinity_added_wald|down|logFC=-2.862|padj=3.1e-06;combined_wald|down|logFC=-2.887|padj=1.993e-06;full_model_LRT|down|logFC=-2.836|padj=6.342e-06	1.99258e-06	2.88733
utg13.equina_smart_1584572.mrna11	126	top_stress_responsive_dark_candidate	high_priority;single_copy_or_no_near_identical_dark_duplicate;DE_significant_any_contrast;stress_contrast_DE;diesel_added_DE;abs_logFC_ge_2;padj_le_0.001;no_repeat_TE_overlap;no_DMR_overlap	all	yes	yes	3	3	2.64426	6.83331e-06	full_model_LRT|down|logFC=-2.435|padj=6.833e-06;diesel_added_wald|down|logFC=-2.644|padj=4.772e-05;combined_wald|down|logFC=-1.323|padj=0.0099	utg13.equina_smart_1584572.mrna11	utg13.equina_smart_1584572.path11	123	1	no										no		no										no		no										no				no	no										no				no	no							no														yes	no	"utg13.equina_smart_1584572.mrna11	OTHER	0.000701	0.999299	"	function_dark_no_current_annotation	function_dark_no_current_annotation	non_classifying_evidence_retained	"diamond_swissprot_hit=no | diamond_swissprot_evalue_pass=no | blastp_swissprot_hit=no | blastp_swissprot_evalue_pass=no | diamond_trembl_cnidaria_hit=no | diamond_trembl_cnidaria_evalue_pass=no | diamond_trembl_cnidaria_informative_hit=no | blastp_trembl_cnidaria_hit=no | blastp_trembl_cnidaria_evalue_pass=no | blastp_trembl_cnidaria_informative_hit=no | interpro_hit=no | eggnog_hit=no | signalp_result_present=yes | signalp_positive=no | signalp_raw=utg13.equina_smart_1584572.mrna11	OTHER	0.000701	0.999299"	sequence_found_in_external_fasta	utg13.equina_smart_1584572.mrna11	utg13.equina_smart_1584572.mrna11	matched_multiple	protein_id	utg13.equina_smart_1584572	utg13.equina_smart_1584572.mrna11	gmap_gene_find_equina_smart_1584572	utg13	-	utg13:406220-406855(-)	utg13:406220-406855(-)	406220	406855	636	utg13:406220-406855(-)	406220	406855	636	372	2	exon_features	2	matched_primary_from_multiple_strict	1	candidate_id_equals_transcript_id	2	1	2	1	1	1	1	no	dark_cluster_000338	utg13.equina_smart_1584572.mrna11	1	utg13.equina_smart_1584572.mrna11	1	1	1	no	single_copy_or_no_near_identical_dark_duplicate	8	high_priority	none	no_repeat_overlap	0	0	0.000000	NA	no_dmr_overlap	0	0	0.000000	NA	NA	de_significant	utg13.equina_smart_1584572.path11	gene_id	10	yes	3	diesel_added_wald|down|logFC=-2.644|padj=4.772e-05;combined_wald|down|logFC=-1.323|padj=0.0099;full_model_LRT|down|logFC=-2.435|padj=6.833e-06	6.83331e-06	2.64426
evm.utg1056.15	125	top_stress_responsive_dark_candidate	high_priority;single_copy_or_no_near_identical_dark_duplicate;DE_significant_any_contrast;stress_contrast_DE;diesel_added_DE;abs_logFC_ge_2;padj_le_0.001;repeat_TE_overlap_context;no_DMR_overlap	all	yes	yes	6	6	4.70594	4.11252e-11	full_model_LRT|up|logFC=1.933|padj=4.113e-11;combined_wald|up|logFC=4.706|padj=1.066e-09;salinity_added_wald|up|logFC=3.42|padj=2.104e-06;diesel_added_wald|up|logFC=2.108|padj=0.002768;salinity_only_wald|up|logFC=1.213|padj=0.02845;salinity_only_LRT|up|logFC=2.168|padj=0.02948	evm.utg1056.15	evm.TU.utg1056.15	158	1	no										no		no										no		no										no				no	no										no				no	no							no														yes	no	"evm.utg1056.15	OTHER	0.000583	0.999417	"	function_dark_no_current_annotation	function_dark_no_current_annotation	non_classifying_evidence_retained	"diamond_swissprot_hit=no | diamond_swissprot_evalue_pass=no | blastp_swissprot_hit=no | blastp_swissprot_evalue_pass=no | diamond_trembl_cnidaria_hit=no | diamond_trembl_cnidaria_evalue_pass=no | diamond_trembl_cnidaria_informative_hit=no | blastp_trembl_cnidaria_hit=no | blastp_trembl_cnidaria_evalue_pass=no | blastp_trembl_cnidaria_informative_hit=no | interpro_hit=no | eggnog_hit=no | signalp_result_present=yes | signalp_positive=no | signalp_raw=evm.utg1056.15	OTHER	0.000583	0.999417"	sequence_found_in_external_fasta	evm.utg1056.15	evm.utg1056.15	matched_multiple	protein_id	evm.utg1056	evm.utg1056.15	cds.evm.utg1056	utg1056	+	utg1056:356007-356977(+)	utg1056:356007-356977(+)	356007	356977	971	utg1056:356007-356977(+)	356007	356977	971	477	2	exon_features	2	matched_primary_from_multiple_strict	1	candidate_id_equals_transcript_id	401	147	401	60	1	3	5	yes	dark_cluster_000367	evm.utg1056.15	1	evm.utg1056.15	1	1	1	yes	single_copy_or_no_near_identical_dark_duplicate	5	high_priority	candidate_on_BUSCO_duplication_rich_scaffold	repeat_overlap	2	391	0.402678	rnd-6_family-995 1221 1481:1;rnd-1_family-322 302 631:1	no_dmr_overlap	0	0	0.000000	NA	NA	de_significant	evm.TU.utg1056.15	gene_id	10	yes	6	salinity_only_wald|up|logFC=1.213|padj=0.02845;diesel_added_wald|up|logFC=2.108|padj=0.002768;salinity_added_wald|up|logFC=3.42|padj=2.104e-06;combined_wald|up|logFC=4.706|padj=1.066e-09;salinity_only_LRT|up|logFC=2.168|padj=0.02948;full_model_LRT|up|logFC=1.933|padj=4.113e-11	4.11252e-11	4.70594
utg69632.equina_smart_1711350.mrna3	125	top_stress_responsive_dark_candidate	high_priority;single_copy_or_no_near_identical_dark_duplicate;DE_significant_any_contrast;stress_contrast_DE;diesel_added_DE;abs_logFC_ge_2;padj_le_0.001;repeat_TE_overlap_context;no_DMR_overlap	all	yes	yes	5	5	5.0093	1.27577e-08	full_model_LRT|down|logFC=-3.784|padj=1.276e-08;salinity_only_wald|up|logFC=4.278|padj=2.738e-07;salinity_only_LRT|up|logFC=5.009|padj=8.559e-06;diesel_added_wald|down|logFC=-1.085|padj=0.02851;combined_wald|up|logFC=1.302|padj=0.03162	utg69632.equina_smart_1711350.mrna3	utg69632.equina_smart_1711350.path3	80	1	no										no		no										no		no										no				no	no										no				no	no							no														yes	no	"utg69632.equina_smart_1711350.mrna3	OTHER	0.001109	0.998891	"	function_dark_no_current_annotation	function_dark_no_current_annotation	non_classifying_evidence_retained	"diamond_swissprot_hit=no | diamond_swissprot_evalue_pass=no | blastp_swissprot_hit=no | blastp_swissprot_evalue_pass=no | diamond_trembl_cnidaria_hit=no | diamond_trembl_cnidaria_evalue_pass=no | diamond_trembl_cnidaria_informative_hit=no | blastp_trembl_cnidaria_hit=no | blastp_trembl_cnidaria_evalue_pass=no | blastp_trembl_cnidaria_informative_hit=no | interpro_hit=no | eggnog_hit=no | signalp_result_present=yes | signalp_positive=no | signalp_raw=utg69632.equina_smart_1711350.mrna3	OTHER	0.001109	0.998891"	sequence_found_in_external_fasta	utg69632.equina_smart_1711350.mrna3	utg69632.equina_smart_1711350.mrna3	matched_multiple	protein_id	utg69632.equina_smart_1711350.mrna3	utg69632.equina_smart_1711350.mrna3	gmap_gene_find_equina_smart_1711350	utg69632	+	utg69632:4470-6605(+)	utg69632:4470-6605(+)	4470	6605	2136	utg69632:4470-6605(+)	4470	6605	2136	243	3	exon_features	3	matched_primary_from_multiple_strict	1	candidate_id_equals_transcript_id	2	1	2	1	1	0	0	no	dark_cluster_002842	utg69632.equina_smart_1711350.mrna3	1	utg69632.equina_smart_1711350.mrna3	1	1	1	no	single_copy_or_no_near_identical_dark_duplicate	8	high_priority	none	repeat_overlap	11	1588	0.743446	rnd-5_family-298 9 1598:1;rnd-3_family-126 1 136:1;rnd-1_family-703 6 52:1;rnd-1_family-58 1 194:1;rnd-6_family-693 66 104:1;rnd-4_family-1926 3209 3360:1;rnd-5_family-2684 238 389:1;rnd-1_family-417 25 123:1;rnd-1_family-449 1 114:1;rnd-1_family-63 1 50:1;rnd-4_family-1926 1359 3439:1	no_dmr_overlap	0	0	0.000000	NA	NA	de_significant	utg69632.equina_smart_1711350.path3	gene_id	8	yes	5	salinity_only_wald|up|logFC=4.278|padj=2.738e-07;diesel_added_wald|down|logFC=-1.085|padj=0.02851;combined_wald|up|logFC=1.302|padj=0.03162;salinity_only_LRT|up|logFC=5.009|padj=8.559e-06;full_model_LRT|down|logFC=-3.784|padj=1.276e-08	1.27577e-08	5.0093
evm.utg420.21	125	top_stress_responsive_dark_candidate	high_priority;single_copy_or_no_near_identical_dark_duplicate;DE_significant_any_contrast;stress_contrast_DE;diesel_added_DE;abs_logFC_ge_2;padj_le_0.001;repeat_TE_overlap_context;no_DMR_overlap	all	yes	yes	6	6	4.50029	2.87403e-08	full_model_LRT|down|logFC=-2.105|padj=2.874e-08;combined_wald|down|logFC=-4.5|padj=3.155e-08;salinity_added_wald|down|logFC=-3.76|padj=2.408e-06;salinity_only_LRT|down|logFC=-2.443|padj=0.001831;salinity_only_wald|down|logFC=-1.725|padj=0.002107;diesel_added_wald|down|logFC=-1.113|padj=0.02822	evm.utg420.21	evm.TU.utg420.21	66	1	no										no		no										no		no										no				no	no										no				no	no							no														yes	no	"evm.utg420.21	OTHER	0.002130	0.997870	"	function_dark_no_current_annotation	function_dark_no_current_annotation	non_classifying_evidence_retained	"diamond_swissprot_hit=no | diamond_swissprot_evalue_pass=no | blastp_swissprot_hit=no | blastp_swissprot_evalue_pass=no | diamond_trembl_cnidaria_hit=no | diamond_trembl_cnidaria_evalue_pass=no | diamond_trembl_cnidaria_informative_hit=no | blastp_trembl_cnidaria_hit=no | blastp_trembl_cnidaria_evalue_pass=no | blastp_trembl_cnidaria_informative_hit=no | interpro_hit=no | eggnog_hit=no | signalp_result_present=yes | signalp_positive=no | signalp_raw=evm.utg420.21	OTHER	0.002130	0.997870"	sequence_found_in_external_fasta	evm.utg420.21	evm.utg420.21	matched_multiple	protein_id	evm.utg420	evm.utg420.21	cds.evm.utg420	utg420	-	utg420:243057-244455(-)	utg420:243057-244455(-)	243057	244455	1399	utg420:243057-244455(-)	243057	244455	1399	201	2	exon_features	2	matched_primary_from_multiple_strict	1	candidate_id_equals_transcript_id	364	143	364	43	1	0	0	no	dark_cluster_001129	evm.utg420.21	1	evm.utg420.21	1	1	1	no	single_copy_or_no_near_identical_dark_duplicate	8	high_priority	none	repeat_overlap	3	266	0.190136	rnd-1_family-325 84 127:1;rnd-1_family-389 1 61:1;rnd-4_family-358 61 291:1	no_dmr_overlap	0	0	0.000000	NA	NA	de_significant	evm.TU.utg420.21	gene_id	10	yes	6	salinity_only_wald|down|logFC=-1.725|padj=0.002107;diesel_added_wald|down|logFC=-1.113|padj=0.02822;salinity_added_wald|down|logFC=-3.76|padj=2.408e-06;combined_wald|down|logFC=-4.5|padj=3.155e-08;salinity_only_LRT|down|logFC=-2.443|padj=0.001831;full_model_LRT|down|logFC=-2.105|padj=2.874e-08	2.87403e-08	4.50029
utg18932.equina_smart_17200.mrna3	125	top_stress_responsive_dark_candidate	high_priority;single_copy_or_no_near_identical_dark_duplicate;DE_significant_any_contrast;stress_contrast_DE;diesel_added_DE;abs_logFC_ge_2;padj_le_0.001;repeat_TE_overlap_context;no_DMR_overlap	all	yes	yes	6	6	2.79872	0.000184376	full_model_LRT|down|logFC=-2.799|padj=0.0001844;salinity_only_wald|up|logFC=1.537|padj=0.0004033;diesel_added_wald|down|logFC=-1.215|padj=0.005573;salinity_only_LRT|up|logFC=1.882|padj=0.00673;interactive_only_wald|down|logFC=-1.819|padj=0.01321;interactive_only_LRT|down|logFC=-2.799|padj=0.02678	utg18932.equina_smart_17200.mrna3	utg18932.equina_smart_17200.path3	42	1	no										no		no										no		no										no				no	no										no				no	no							no														yes	no	"utg18932.equina_smart_17200.mrna3	OTHER	0.005146	0.994854	"	function_dark_no_current_annotation	function_dark_no_current_annotation	non_classifying_evidence_retained	"diamond_swissprot_hit=no | diamond_swissprot_evalue_pass=no | blastp_swissprot_hit=no | blastp_swissprot_evalue_pass=no | diamond_trembl_cnidaria_hit=no | diamond_trembl_cnidaria_evalue_pass=no | diamond_trembl_cnidaria_informative_hit=no | blastp_trembl_cnidaria_hit=no | blastp_trembl_cnidaria_evalue_pass=no | blastp_trembl_cnidaria_informative_hit=no | interpro_hit=no | eggnog_hit=no | signalp_result_present=yes | signalp_positive=no | signalp_raw=utg18932.equina_smart_17200.mrna3	OTHER	0.005146	0.994854"	sequence_found_in_external_fasta	utg18932.equina_smart_17200.mrna3	utg18932.equina_smart_17200.mrna3	matched_multiple	protein_id	utg18932.equina_smart_17200	utg18932.equina_smart_17200.mrna3	gmap_gene_find_equina_smart_17200	utg18932	-	utg18932:14090-14693(-)	utg18932:14090-14693(-)	14090	14693	604	utg18932:14090-14693(-)	14090	14693	604	129	2	exon_features	2	matched_primary_from_multiple_strict	1	candidate_id_equals_transcript_id	2	1	2	1	1	0	0	no	dark_cluster_002335	utg18932.equina_smart_17200.mrna3	1	utg18932.equina_smart_17200.mrna3	1	1	1	no	single_copy_or_no_near_identical_dark_duplicate	8	high_priority	none	repeat_overlap	1	604	1.000000	rnd-4_family-1926 1358 3440:1	no_dmr_overlap	0	0	0.000000	NA	NA	de_significant	utg18932.equina_smart_17200.path3	gene_id	10	yes	6	salinity_only_wald|up|logFC=1.537|padj=0.0004033;diesel_added_wald|down|logFC=-1.215|padj=0.005573;interactive_only_wald|down|logFC=-1.819|padj=0.01321;salinity_only_LRT|up|logFC=1.882|padj=0.00673;full_model_LRT|down|logFC=-2.799|padj=0.0001844;interactive_only_LRT|down|logFC=-2.799|padj=0.02678	0.000184376	2.79872
utg8494.equina_smart_1606023.mrna1	123	top_stress_responsive_dark_candidate	high_priority;single_copy_or_no_near_identical_dark_duplicate;DE_significant_any_contrast;stress_contrast_DE;diesel_added_DE;abs_logFC_ge_2;padj_le_0.001;repeat_TE_overlap_context;no_DMR_overlap	all	yes	yes	4	4	3.35656	9.87714e-09	combined_wald|down|logFC=-3.357|padj=9.877e-09;full_model_LRT|down|logFC=-2.082|padj=8.037e-07;salinity_added_wald|down|logFC=-2.701|padj=2.963e-06;diesel_added_wald|down|logFC=-2.064|padj=0.001035	utg8494.equina_smart_1606023.mrna1	utg8494.equina_smart_1606023.path1	52	1	no										no		no										no		no										no				no	no										no				no	no							no														yes	no	"utg8494.equina_smart_1606023.mrna1	OTHER	0.071000	0.929000	"	function_dark_no_current_annotation	function_dark_no_current_annotation	non_classifying_evidence_retained	"diamond_swissprot_hit=no | diamond_swissprot_evalue_pass=no | blastp_swissprot_hit=no | blastp_swissprot_evalue_pass=no | diamond_trembl_cnidaria_hit=no | diamond_trembl_cnidaria_evalue_pass=no | diamond_trembl_cnidaria_informative_hit=no | blastp_trembl_cnidaria_hit=no | blastp_trembl_cnidaria_evalue_pass=no | blastp_trembl_cnidaria_informative_hit=no | interpro_hit=no | eggnog_hit=no | signalp_result_present=yes | signalp_positive=no | signalp_raw=utg8494.equina_smart_1606023.mrna1	OTHER	0.071000	0.929000"	sequence_found_in_external_fasta	utg8494.equina_smart_1606023.mrna1	utg8494.equina_smart_1606023.mrna1	matched_multiple	protein_id	utg8494.equina_smart_1606023	utg8494.equina_smart_1606023.mrna1	gmap_gene_find_equina_smart_1606023	utg8494	-	utg8494:117398-118598(-)	utg8494:117398-118598(-)	117398	118598	1201	utg8494:117398-118598(-)	117398	118598	1201	159	2	exon_features	2	matched_primary_from_multiple_strict	1	candidate_id_equals_transcript_id	2	1	2	1	1	1	1	no	dark_cluster_001688	utg8494.equina_smart_1606023.mrna1	1	utg8494.equina_smart_1606023.mrna1	1	1	1	no	single_copy_or_no_near_identical_dark_duplicate	8	high_priority	none	repeat_overlap	3	687	0.572023	rnd-5_family-9780 2712 2823:1;rnd-6_family-7668 12 226:1;rnd-5_family-9780 1942 2477:1	no_dmr_overlap	0	0	0.000000	NA	NA	de_significant	utg8494.equina_smart_1606023.path1	gene_id	10	yes	4	diesel_added_wald|down|logFC=-2.064|padj=0.001035;salinity_added_wald|down|logFC=-2.701|padj=2.963e-06;combined_wald|down|logFC=-3.357|padj=9.877e-09;full_model_LRT|down|logFC=-2.082|padj=8.037e-07	9.87714e-09	3.35656
evm.utg8726.2	123	top_stress_responsive_dark_candidate	high_priority;single_copy_or_no_near_identical_dark_duplicate;DE_significant_any_contrast;stress_contrast_DE;diesel_added_DE;abs_logFC_ge_2;padj_le_0.001;repeat_TE_overlap_context;no_DMR_overlap	all	yes	yes	4	4	4.83764	1.76219e-07	full_model_LRT|up|logFC=4.838|padj=1.762e-07;salinity_added_wald|up|logFC=4.658|padj=4.966e-07;combined_wald|up|logFC=2.934|padj=0.0002002;diesel_added_wald|up|logFC=1.713|padj=0.009377	evm.utg8726.2	evm.TU.utg8726.2	256	1	no										no		no										no		yes	tr|A0A6P8HMC5|A0A6P8HMC5_ACTTE	98.8	256	1.15e-189	521	256	256	1.0000	1.0000	yes	tr|A0A6P8HMC5|A0A6P8HMC5_ACTTE Uncharacterized protein LOC116293562 OS=Actinia tenebrosa OX=6105 GN=LOC116293562 PE=4 SV=1	yes	uncharacterized protein	no	yes	tr|A0A6P8HMC5|A0A6P8HMC5_ACTTE	99.219	256	0.0	527	256	256	1.0000	1.0000	yes	tr|A0A6P8HMC5|A0A6P8HMC5_ACTTE Uncharacterized protein LOC116293562 OS=Actinia tenebrosa OX=6105 GN=LOC116293562 PE=4 SV=1	yes	uncharacterized protein	no	no							no														yes	no	"evm.utg8726.2	SP(Sec/SPI)	0.692278	0.307722	CS pos: 24-25. VLG-ST. Pr: 0.5585"	function_dark_no_current_annotation	function_dark_no_current_annotation	ambiguous_or_low_confidence_evidence;non_classifying_evidence_retained	"diamond_swissprot_hit=no | diamond_swissprot_evalue_pass=no | blastp_swissprot_hit=no | blastp_swissprot_evalue_pass=no | diamond_trembl_cnidaria_hit=yes | diamond_trembl_cnidaria_subject=tr|A0A6P8HMC5|A0A6P8HMC5_ACTTE | diamond_trembl_cnidaria_pident=98.8 | diamond_trembl_cnidaria_aln_length=256 | diamond_trembl_cnidaria_evalue=1.15e-189 | diamond_trembl_cnidaria_bitscore=521 | diamond_trembl_cnidaria_qlen=256 | diamond_trembl_cnidaria_slen=256 | diamond_trembl_cnidaria_query_coverage=1.0000 | diamond_trembl_cnidaria_subject_coverage=1.0000 | diamond_trembl_cnidaria_evalue_pass=yes | diamond_trembl_cnidaria_description=tr|A0A6P8HMC5|A0A6P8HMC5_ACTTE Uncharacterized protein LOC116293562 OS=Actinia tenebrosa OX=6105 GN=LOC116293562 PE=4 SV=1 | diamond_trembl_cnidaria_description_is_ambiguous=yes | diamond_trembl_cnidaria_description_ambiguity_reason=uncharacterized protein | diamond_trembl_cnidaria_informative_hit=no | blastp_trembl_cnidaria_hit=yes | blastp_trembl_cnidaria_subject=tr|A0A6P8HMC5|A0A6P8HMC5_ACTTE | blastp_trembl_cnidaria_pident=99.219 | blastp_trembl_cnidaria_aln_length=256 | blastp_trembl_cnidaria_evalue=0.0 | blastp_trembl_cnidaria_bitscore=527 | blastp_trembl_cnidaria_qlen=256 | blastp_trembl_cnidaria_slen=256 | blastp_trembl_cnidaria_query_coverage=1.0000 | blastp_trembl_cnidaria_subject_coverage=1.0000 | blastp_trembl_cnidaria_evalue_pass=yes | blastp_trembl_cnidaria_description=tr|A0A6P8HMC5|A0A6P8HMC5_ACTTE Uncharacterized protein LOC116293562 OS=Actinia tenebrosa OX=6105 GN=LOC116293562 PE=4 SV=1 | blastp_trembl_cnidaria_description_is_ambiguous=yes | blastp_trembl_cnidaria_description_ambiguity_reason=uncharacterized protein | blastp_trembl_cnidaria_informative_hit=no | interpro_hit=no | eggnog_hit=no | signalp_result_present=yes | signalp_positive=no | signalp_raw=evm.utg8726.2	SP(Sec/SPI)	0.692278	0.307722	CS pos: 24-25. VLG-ST. Pr: 0.5585"	sequence_found_in_external_fasta	evm.utg8726.2	evm.utg8726.2	matched_multiple	protein_id	evm.utg8726	evm.utg8726.2	cds.evm.utg8726	utg8726	+	utg8726:4330-7441(+)	utg8726:4330-7441(+)	4330	7441	3112	utg8726:5074-7398(+)	5074	7398	2325	771	6	exon_features	4	matched_primary_from_multiple_strict	1	candidate_id_equals_transcript_id	68	27	68	8	1	1	1	no	dark_cluster_001026	evm.utg8726.2	1	evm.utg8726.2	1	1	1	no	single_copy_or_no_near_identical_dark_duplicate	8	high_priority	none	repeat_overlap	11	1278	0.410668	rnd-1_family-474 50 204:1;A-rich 1 36:1;(GTG)n 1 42:1;rnd-5_family-524 1 130:1;rnd-1_family-217 652 761:1;rnd-6_family-4164 1487 1565:1;rnd-1_family-65 2 351:1;rnd-5_family-524 2 154:1;rnd-6_family-5272 1998 2188:1;(TGTCCT)n 1 210:1;(TCCTCA)n 1 53:1	no_dmr_overlap	0	0	0.000000	NA	NA	de_significant	evm.TU.utg8726.2	gene_id	10	yes	4	diesel_added_wald|up|logFC=1.713|padj=0.009377;salinity_added_wald|up|logFC=4.658|padj=4.966e-07;combined_wald|up|logFC=2.934|padj=0.0002002;full_model_LRT|up|logFC=4.838|padj=1.762e-07	1.76219e-07	4.83764
evm.utg77.147.149	123	top_stress_responsive_dark_candidate	high_priority;single_copy_or_no_near_identical_dark_duplicate;DE_significant_any_contrast;stress_contrast_DE;diesel_added_DE;abs_logFC_ge_2;padj_le_0.001;repeat_TE_overlap_context;no_DMR_overlap	all	yes	yes	4	4	2.92011	1.47537e-06	salinity_added_wald|down|logFC=-2.811|padj=1.475e-06;combined_wald|down|logFC=-2.458|padj=1.44e-05;full_model_LRT|down|logFC=-2.92|padj=3.669e-05;diesel_added_wald|down|logFC=-1.962|padj=0.001565	evm.utg77.147.149	evm.TU.utg77.147.149	411	1	no										no		no										no		yes	tr|A0A6P8HA52|A0A6P8HA52_ACTTE	84.3	413	9.54e-237	654	411	411	1.0049	1.0049	yes	tr|A0A6P8HA52|A0A6P8HA52_ACTTE Uncharacterized protein LOC116287097 OS=Actinia tenebrosa OX=6105 GN=LOC116287097 PE=4 SV=1	yes	uncharacterized protein	no	yes	tr|A0A6P8HA52|A0A6P8HA52_ACTTE	84.262	413	0.0	665	411	411	1.0049	1.0049	yes	tr|A0A6P8HA52|A0A6P8HA52_ACTTE Uncharacterized protein LOC116287097 OS=Actinia tenebrosa OX=6105 GN=LOC116287097 PE=4 SV=1	yes	uncharacterized protein	no	no							no														yes	no	"evm.utg77.147.149	OTHER	0.000306	0.999694	"	function_dark_no_current_annotation	function_dark_no_current_annotation	ambiguous_or_low_confidence_evidence;non_classifying_evidence_retained	"diamond_swissprot_hit=no | diamond_swissprot_evalue_pass=no | blastp_swissprot_hit=no | blastp_swissprot_evalue_pass=no | diamond_trembl_cnidaria_hit=yes | diamond_trembl_cnidaria_subject=tr|A0A6P8HA52|A0A6P8HA52_ACTTE | diamond_trembl_cnidaria_pident=84.3 | diamond_trembl_cnidaria_aln_length=413 | diamond_trembl_cnidaria_evalue=9.54e-237 | diamond_trembl_cnidaria_bitscore=654 | diamond_trembl_cnidaria_qlen=411 | diamond_trembl_cnidaria_slen=411 | diamond_trembl_cnidaria_query_coverage=1.0049 | diamond_trembl_cnidaria_subject_coverage=1.0049 | diamond_trembl_cnidaria_evalue_pass=yes | diamond_trembl_cnidaria_description=tr|A0A6P8HA52|A0A6P8HA52_ACTTE Uncharacterized protein LOC116287097 OS=Actinia tenebrosa OX=6105 GN=LOC116287097 PE=4 SV=1 | diamond_trembl_cnidaria_description_is_ambiguous=yes | diamond_trembl_cnidaria_description_ambiguity_reason=uncharacterized protein | diamond_trembl_cnidaria_informative_hit=no | blastp_trembl_cnidaria_hit=yes | blastp_trembl_cnidaria_subject=tr|A0A6P8HA52|A0A6P8HA52_ACTTE | blastp_trembl_cnidaria_pident=84.262 | blastp_trembl_cnidaria_aln_length=413 | blastp_trembl_cnidaria_evalue=0.0 | blastp_trembl_cnidaria_bitscore=665 | blastp_trembl_cnidaria_qlen=411 | blastp_trembl_cnidaria_slen=411 | blastp_trembl_cnidaria_query_coverage=1.0049 | blastp_trembl_cnidaria_subject_coverage=1.0049 | blastp_trembl_cnidaria_evalue_pass=yes | blastp_trembl_cnidaria_description=tr|A0A6P8HA52|A0A6P8HA52_ACTTE Uncharacterized protein LOC116287097 OS=Actinia tenebrosa OX=6105 GN=LOC116287097 PE=4 SV=1 | blastp_trembl_cnidaria_description_is_ambiguous=yes | blastp_trembl_cnidaria_description_ambiguity_reason=uncharacterized protein | blastp_trembl_cnidaria_informative_hit=no | interpro_hit=no | eggnog_hit=no | signalp_result_present=yes | signalp_positive=no | signalp_raw=evm.utg77.147.149	OTHER	0.000306	0.999694"	sequence_found_in_external_fasta	evm.utg77.147.149	evm.utg77.147.149	matched_multiple	protein_id	evm.utg77.147.149	evm.utg77.147.149	cds.evm.utg77.147	utg77	+	utg77:1073751-1082968(+)	utg77:1073751-1082968(+)	1073751	1082968	9218	utg77:1073801-1082939(+)	1073801	1082939	9139	1236	3	exon_features	3	matched_primary_from_multiple_strict	1	candidate_id_equals_transcript_id	2	1	2	1	1	4	6	yes	dark_cluster_001941	evm.utg77.147.149	1	evm.utg77.147.149	1	1	1	yes	single_copy_or_no_near_identical_dark_duplicate	5	high_priority	candidate_on_BUSCO_duplication_rich_scaffold	repeat_overlap	24	4359	0.472879	rnd-5_family-9601 503 562:5;rnd-5_family-9601 1 345:2;rnd-5_family-9601 237 571:1;rnd-5_family-9601 237 345:1;rnd-6_family-2198 229 311:1;rnd-6_family-2198 431 567:1;rnd-6_family-1026 1 343:1;rnd-6_family-569 321 438:1;rnd-6_family-569 122 213:1;rnd-6_family-569 347 456:1;rnd-6_family-8033 483 626:1;rnd-1_family-925 87 207:1;rnd-1_family-160 32 365:1;rnd-4_family-734 1 422:1;rnd-5_family-934 419 1109:1;rnd-5_family-9601 510 562:1;rnd-5_family-9601 237 567:1;rnd-1_family-90 44 79:1;rnd-1_family-192 2 54:1	no_dmr_overlap	0	0	0.000000	NA	NA	de_significant	evm.TU.utg77.147.149	gene_id	10	yes	4	diesel_added_wald|down|logFC=-1.962|padj=0.001565;salinity_added_wald|down|logFC=-2.811|padj=1.475e-06;combined_wald|down|logFC=-2.458|padj=1.44e-05;full_model_LRT|down|logFC=-2.92|padj=3.669e-05	1.47537e-06	2.92011
evm.utg420.78	123	top_stress_responsive_dark_candidate	high_priority;single_copy_or_no_near_identical_dark_duplicate;DE_significant_any_contrast;stress_contrast_DE;diesel_added_DE;abs_logFC_ge_2;padj_le_0.001;repeat_TE_overlap_context;no_DMR_overlap	all	yes	yes	4	4	2.02883	2.16895e-06	full_model_LRT|up|logFC=1.068|padj=2.169e-06;combined_wald|up|logFC=2.029|padj=4.787e-06;salinity_added_wald|up|logFC=1.447|padj=0.0009215;diesel_added_wald|up|logFC=1.038|padj=0.01085	evm.utg420.78	evm.TU.utg420.78	370	1	no										no		no										no		yes	tr|A0A6P8IHL0|A0A6P8IHL0_ACTTE	29.2	318	8.49e-24	104	370	375	0.8595	0.8480	yes	tr|A0A6P8IHL0|A0A6P8IHL0_ACTTE Uncharacterized protein LOC116301203 OS=Actinia tenebrosa OX=6105 GN=LOC116301203 PE=4 SV=1	yes	uncharacterized protein	no	yes	tr|A0A6P8IHL0|A0A6P8IHL0_ACTTE	31.611	329	5.53e-22	99.4	370	375	0.8892	0.8773	yes	tr|A0A6P8IHL0|A0A6P8IHL0_ACTTE Uncharacterized protein LOC116301203 OS=Actinia tenebrosa OX=6105 GN=LOC116301203 PE=4 SV=1	yes	uncharacterized protein	no	no							no														yes	no	"evm.utg420.78	OTHER	0.000648	0.999352	"	function_dark_no_current_annotation	function_dark_no_current_annotation	ambiguous_or_low_confidence_evidence;non_classifying_evidence_retained	"diamond_swissprot_hit=no | diamond_swissprot_evalue_pass=no | blastp_swissprot_hit=no | blastp_swissprot_evalue_pass=no | diamond_trembl_cnidaria_hit=yes | diamond_trembl_cnidaria_subject=tr|A0A6P8IHL0|A0A6P8IHL0_ACTTE | diamond_trembl_cnidaria_pident=29.2 | diamond_trembl_cnidaria_aln_length=318 | diamond_trembl_cnidaria_evalue=8.49e-24 | diamond_trembl_cnidaria_bitscore=104 | diamond_trembl_cnidaria_qlen=370 | diamond_trembl_cnidaria_slen=375 | diamond_trembl_cnidaria_query_coverage=0.8595 | diamond_trembl_cnidaria_subject_coverage=0.8480 | diamond_trembl_cnidaria_evalue_pass=yes | diamond_trembl_cnidaria_description=tr|A0A6P8IHL0|A0A6P8IHL0_ACTTE Uncharacterized protein LOC116301203 OS=Actinia tenebrosa OX=6105 GN=LOC116301203 PE=4 SV=1 | diamond_trembl_cnidaria_description_is_ambiguous=yes | diamond_trembl_cnidaria_description_ambiguity_reason=uncharacterized protein | diamond_trembl_cnidaria_informative_hit=no | blastp_trembl_cnidaria_hit=yes | blastp_trembl_cnidaria_subject=tr|A0A6P8IHL0|A0A6P8IHL0_ACTTE | blastp_trembl_cnidaria_pident=31.611 | blastp_trembl_cnidaria_aln_length=329 | blastp_trembl_cnidaria_evalue=5.53e-22 | blastp_trembl_cnidaria_bitscore=99.4 | blastp_trembl_cnidaria_qlen=370 | blastp_trembl_cnidaria_slen=375 | blastp_trembl_cnidaria_query_coverage=0.8892 | blastp_trembl_cnidaria_subject_coverage=0.8773 | blastp_trembl_cnidaria_evalue_pass=yes | blastp_trembl_cnidaria_description=tr|A0A6P8IHL0|A0A6P8IHL0_ACTTE Uncharacterized protein LOC116301203 OS=Actinia tenebrosa OX=6105 GN=LOC116301203 PE=4 SV=1 | blastp_trembl_cnidaria_description_is_ambiguous=yes | blastp_trembl_cnidaria_description_ambiguity_reason=uncharacterized protein | blastp_trembl_cnidaria_informative_hit=no | interpro_hit=no | eggnog_hit=no | signalp_result_present=yes | signalp_positive=no | signalp_raw=evm.utg420.78	OTHER	0.000648	0.999352"	sequence_found_in_external_fasta	evm.utg420.78	evm.utg420.78	matched_multiple	protein_id	evm.utg420	evm.utg420.78	cds.evm.utg420	utg420	-	utg420:883400-885325(-)	utg420:883400-885325(-)	883400	885325	1926	utg420:884198-885310(-)	884198	885310	1113	1113	1	exon_features	1	matched_primary_from_multiple_strict	1	candidate_id_equals_transcript_id	364	143	364	43	1	0	0	no	dark_cluster_001046	evm.utg420.78	1	evm.utg420.78	1	1	1	no	single_copy_or_no_near_identical_dark_duplicate	7	high_priority	none	repeat_overlap	4	497	0.258048	rnd-6_family-4045 1304 1379:1;rnd-6_family-478 1 66:1;rnd-1_family-1007 19 225:1;rnd-1_family-946 9 61:1	no_dmr_overlap	0	0	0.000000	NA	NA	de_significant	evm.TU.utg420.78	gene_id	10	yes	4	diesel_added_wald|up|logFC=1.038|padj=0.01085;salinity_added_wald|up|logFC=1.447|padj=0.0009215;combined_wald|up|logFC=2.029|padj=4.787e-06;full_model_LRT|up|logFC=1.068|padj=2.169e-06	2.16895e-06	2.02883
utg693.equina_smart_348377.mrna1	123	top_stress_responsive_dark_candidate	high_priority;single_copy_or_no_near_identical_dark_duplicate;DE_significant_any_contrast;stress_contrast_DE;diesel_added_DE;abs_logFC_ge_2;padj_le_0.001;repeat_TE_overlap_context;no_DMR_overlap	all	yes	yes	4	4	2.59537	4.61761e-06	salinity_only_wald|down|logFC=-2.21|padj=4.618e-06;full_model_LRT|up|logFC=1.922|padj=2.26e-05;salinity_only_LRT|down|logFC=-2.595|padj=0.0002068;diesel_added_wald|up|logFC=1.114|padj=0.01195	utg693.equina_smart_348377.mrna1	utg693.equina_smart_348377.path1	86	1	no										no		no										no		no										no				no	no										no				no	no							no														yes	no	"utg693.equina_smart_348377.mrna1	SP(Sec/SPI)	0.948599	0.051401	CS pos: 18-19. TIA-LV. Pr: 0.4770"	function_dark_no_current_annotation	function_dark_no_current_annotation	non_classifying_evidence_retained	"diamond_swissprot_hit=no | diamond_swissprot_evalue_pass=no | blastp_swissprot_hit=no | blastp_swissprot_evalue_pass=no | diamond_trembl_cnidaria_hit=no | diamond_trembl_cnidaria_evalue_pass=no | diamond_trembl_cnidaria_informative_hit=no | blastp_trembl_cnidaria_hit=no | blastp_trembl_cnidaria_evalue_pass=no | blastp_trembl_cnidaria_informative_hit=no | interpro_hit=no | eggnog_hit=no | signalp_result_present=yes | signalp_positive=no | signalp_raw=utg693.equina_smart_348377.mrna1	SP(Sec/SPI)	0.948599	0.051401	CS pos: 18-19. TIA-LV. Pr: 0.4770"	sequence_found_in_external_fasta	utg693.equina_smart_348377.mrna1	utg693.equina_smart_348377.mrna1	matched_multiple	protein_id	utg693.equina_smart_348377.mrna1	utg693.equina_smart_348377.mrna1	gmap_gene_find_equina_smart_348377	utg693	-	utg693:636373-638711(-)	utg693:636373-638711(-)	636373	638711	2339	utg693:636373-638711(-)	636373	638711	2339	261	2	exon_features	2	matched_primary_from_multiple_strict	1	candidate_id_equals_transcript_id	2	1	2	1	1	1	1	no	dark_cluster_003263	utg693.equina_smart_348377.mrna1	1	utg693.equina_smart_348377.mrna1	1	1	1	no	single_copy_or_no_near_identical_dark_duplicate	8	high_priority	none	repeat_overlap	5	550	0.235143	rnd-1_family-16 1 318:1;rnd-1_family-283 30 67:1;rnd-6_family-9152 149 245:1;(TTCT)n 1 145:1;(TTTTCA)n 1 40:1	no_dmr_overlap	0	0	0.000000	NA	NA	de_significant	utg693.equina_smart_348377.path1	gene_id	10	yes	4	salinity_only_wald|down|logFC=-2.21|padj=4.618e-06;diesel_added_wald|up|logFC=1.114|padj=0.01195;salinity_only_LRT|down|logFC=-2.595|padj=0.0002068;full_model_LRT|up|logFC=1.922|padj=2.26e-05	4.61761e-06	2.59537
evm.utg13793.34	123	top_stress_responsive_dark_candidate	high_priority;single_copy_or_no_near_identical_dark_duplicate;DE_significant_any_contrast;stress_contrast_DE;diesel_added_DE;abs_logFC_ge_2;padj_le_0.001;repeat_TE_overlap_context;no_DMR_overlap	all	yes	yes	4	4	3.4915	0.000299348	salinity_added_wald|down|logFC=-2.424|padj=0.0002993;combined_wald|down|logFC=-1.677|padj=0.005503;full_model_LRT|down|logFC=-3.491|padj=0.007186;diesel_added_wald|down|logFC=-1.537|padj=0.01018	evm.utg13793.34	evm.TU.utg13793.34	282	1	no										no		no										no		no										no				no	yes	tr|A7SBA2|A7SBA2_NEMVE	27.749	191	8.82e-08	55.5	282	255	0.6773	0.7490	yes	tr|A7SBA2|A7SBA2_NEMVE Uncharacterized protein (Fragment) OS=Nematostella vectensis OX=45351 GN=NEMVEDRAFT_v1g112046 PE=4 SV=1	yes	uncharacterized protein	no	no							no														yes	no	"evm.utg13793.34	OTHER	0.006482	0.993518	"	function_dark_no_current_annotation	function_dark_no_current_annotation	ambiguous_or_low_confidence_evidence;non_classifying_evidence_retained	"diamond_swissprot_hit=no | diamond_swissprot_evalue_pass=no | blastp_swissprot_hit=no | blastp_swissprot_evalue_pass=no | diamond_trembl_cnidaria_hit=no | diamond_trembl_cnidaria_evalue_pass=no | diamond_trembl_cnidaria_informative_hit=no | blastp_trembl_cnidaria_hit=yes | blastp_trembl_cnidaria_subject=tr|A7SBA2|A7SBA2_NEMVE | blastp_trembl_cnidaria_pident=27.749 | blastp_trembl_cnidaria_aln_length=191 | blastp_trembl_cnidaria_evalue=8.82e-08 | blastp_trembl_cnidaria_bitscore=55.5 | blastp_trembl_cnidaria_qlen=282 | blastp_trembl_cnidaria_slen=255 | blastp_trembl_cnidaria_query_coverage=0.6773 | blastp_trembl_cnidaria_subject_coverage=0.7490 | blastp_trembl_cnidaria_evalue_pass=yes | blastp_trembl_cnidaria_description=tr|A7SBA2|A7SBA2_NEMVE Uncharacterized protein (Fragment) OS=Nematostella vectensis OX=45351 GN=NEMVEDRAFT_v1g112046 PE=4 SV=1 | blastp_trembl_cnidaria_description_is_ambiguous=yes | blastp_trembl_cnidaria_description_ambiguity_reason=uncharacterized protein | blastp_trembl_cnidaria_informative_hit=no | interpro_hit=no | eggnog_hit=no | signalp_result_present=yes | signalp_positive=no | signalp_raw=evm.utg13793.34	OTHER	0.006482	0.993518"	sequence_found_in_external_fasta	evm.utg13793.34	evm.utg13793.34	matched_multiple	protein_id	evm.utg13793	evm.utg13793.34	cds.evm.utg13793	utg13793	+	utg13793:319333-320604(+)	utg13793:319333-320604(+)	319333	320604	1272	utg13793:319333-320604(+)	319333	320604	1272	849	2	exon_features	2	matched_primary_from_multiple_strict	1	candidate_id_equals_transcript_id	72	32	72	6	1	0	0	no	dark_cluster_001567	evm.utg13793.34	1	evm.utg13793.34	1	1	1	no	single_copy_or_no_near_identical_dark_duplicate	8	high_priority	none	repeat_overlap	1	536	0.421384	rnd-6_family-9294 1 3736:1	no_dmr_overlap	0	0	0.000000	NA	NA	de_significant	evm.TU.utg13793.34	gene_id	10	yes	4	diesel_added_wald|down|logFC=-1.537|padj=0.01018;salinity_added_wald|down|logFC=-2.424|padj=0.0002993;combined_wald|down|logFC=-1.677|padj=0.005503;full_model_LRT|down|logFC=-3.491|padj=0.007186	0.000299348	3.4915
utg2007.equina_smart_1739258.mrna7	123	top_stress_responsive_dark_candidate	high_priority;single_copy_or_no_near_identical_dark_duplicate;DE_significant_any_contrast;stress_contrast_DE;diesel_added_DE;abs_logFC_ge_2;padj_le_0.001;repeat_TE_overlap_context;no_DMR_overlap	all	yes	yes	4	4	2.22375	0.000339092	combined_wald|down|logFC=-2.193|padj=0.0003391;salinity_added_wald|down|logFC=-2.068|padj=0.0007126;full_model_LRT|down|logFC=-2.224|padj=0.004082;diesel_added_wald|down|logFC=-1.16|padj=0.02102	utg2007.equina_smart_1739258.mrna7	utg2007.equina_smart_1739258.path7	44	1	no										no		no										no		no										no				no	no										no				no	no							no														yes	no	"utg2007.equina_smart_1739258.mrna7	OTHER	0.003544	0.996456	"	function_dark_no_current_annotation	function_dark_no_current_annotation	non_classifying_evidence_retained	"diamond_swissprot_hit=no | diamond_swissprot_evalue_pass=no | blastp_swissprot_hit=no | blastp_swissprot_evalue_pass=no | diamond_trembl_cnidaria_hit=no | diamond_trembl_cnidaria_evalue_pass=no | diamond_trembl_cnidaria_informative_hit=no | blastp_trembl_cnidaria_hit=no | blastp_trembl_cnidaria_evalue_pass=no | blastp_trembl_cnidaria_informative_hit=no | interpro_hit=no | eggnog_hit=no | signalp_result_present=yes | signalp_positive=no | signalp_raw=utg2007.equina_smart_1739258.mrna7	OTHER	0.003544	0.996456"	sequence_found_in_external_fasta	utg2007.equina_smart_1739258.mrna7	utg2007.equina_smart_1739258.mrna7	matched_multiple	protein_id	utg2007.equina_smart_1739258.mrna7	utg2007.equina_smart_1739258.mrna7	gmap_gene_find_equina_smart_1739258	utg2007	+	utg2007:4407-4776(+)	utg2007:4407-4776(+)	4407	4776	370	utg2007:4407-4776(+)	4407	4776	370	135	2	exon_features	2	matched_primary_from_multiple_strict	1	candidate_id_equals_transcript_id	2	1	2	1	1	2	2	no	dark_cluster_001936	utg2007.equina_smart_1739258.mrna7	1	utg2007.equina_smart_1739258.mrna7	1	1	1	no	single_copy_or_no_near_identical_dark_duplicate	8	high_priority	none	repeat_overlap	5	362	0.978378	rnd-6_family-949 6183 6369:1;rnd-6_family-949 6220 6371:1;rnd-6_family-949 5840 5870:1;(AGGGTT)n 1 33:1;rnd-6_family-949 6057 6282:1	no_dmr_overlap	0	0	0.000000	NA	NA	de_significant	utg2007.equina_smart_1739258.path7	gene_id	10	yes	4	diesel_added_wald|down|logFC=-1.16|padj=0.02102;salinity_added_wald|down|logFC=-2.068|padj=0.0007126;combined_wald|down|logFC=-2.193|padj=0.0003391;full_model_LRT|down|logFC=-2.224|padj=0.004082	0.000339092	2.22375
evm.utg152524.3	123	top_stress_responsive_dark_candidate	high_priority;single_copy_or_no_near_identical_dark_duplicate;DE_significant_any_contrast;stress_contrast_DE;diesel_added_DE;abs_logFC_ge_2;padj_le_0.001;repeat_TE_overlap_context;no_DMR_overlap	all	yes	yes	4	4	3.30396	0.000917337	salinity_only_LRT|down|logFC=-2.75|padj=0.0009173;salinity_only_wald|down|logFC=-1.821|padj=0.002812;diesel_added_wald|up|logFC=1.663|padj=0.007996;full_model_LRT|up|logFC=3.304|padj=0.009788	evm.utg152524.3	evm.TU.utg152524.3	151	1	no										no		no										no		no										no				no	no										no				no	no							no														yes	no	"evm.utg152524.3	OTHER	0.000923	0.999077	"	function_dark_no_current_annotation	function_dark_no_current_annotation	non_classifying_evidence_retained	"diamond_swissprot_hit=no | diamond_swissprot_evalue_pass=no | blastp_swissprot_hit=no | blastp_swissprot_evalue_pass=no | diamond_trembl_cnidaria_hit=no | diamond_trembl_cnidaria_evalue_pass=no | diamond_trembl_cnidaria_informative_hit=no | blastp_trembl_cnidaria_hit=no | blastp_trembl_cnidaria_evalue_pass=no | blastp_trembl_cnidaria_informative_hit=no | interpro_hit=no | eggnog_hit=no | signalp_result_present=yes | signalp_positive=no | signalp_raw=evm.utg152524.3	OTHER	0.000923	0.999077"	sequence_found_in_external_fasta	evm.utg152524.3	evm.utg152524.3	matched_multiple	protein_id	evm.utg152524.3	evm.utg152524.3	cds.evm.utg152524	utg152524	+	utg152524:3809-5395(+)	utg152524:3809-5395(+)	3809	5395	1587	utg152524:3809-5395(+)	3809	5395	1587	456	5	exon_features	5	matched_primary_from_multiple_strict	1	candidate_id_equals_transcript_id	18	8	18	2	1	0	0	no	dark_cluster_003115	evm.utg152524.3	1	evm.utg152524.3	1	1	1	no	single_copy_or_no_near_identical_dark_duplicate	8	high_priority	none	repeat_overlap	4	392	0.247007	rnd-6_family-2428 3685 3768:1;rnd-5_family-2541 870 1013:1;rnd-1_family-912 200 244:1;rnd-4_family-902 1 216:1	no_dmr_overlap	0	0	0.000000	NA	NA	de_significant	evm.TU.utg152524.3	gene_id	10	yes	4	salinity_only_wald|down|logFC=-1.821|padj=0.002812;diesel_added_wald|up|logFC=1.663|padj=0.007996;salinity_only_LRT|down|logFC=-2.75|padj=0.0009173;full_model_LRT|up|logFC=3.304|padj=0.009788	0.000917337	3.30396
evm.utg8726.3	123	top_stress_responsive_dark_candidate	high_priority;single_copy_or_no_near_identical_dark_duplicate;DE_significant_any_contrast;stress_contrast_DE;diesel_added_DE;abs_logFC_ge_2;padj_le_0.001;repeat_TE_overlap_context;no_DMR_overlap	all	yes	yes	4	4	4.87318	0.00097483	full_model_LRT|up|logFC=4.873|padj=0.0009748;diesel_added_wald|up|logFC=2.511|padj=0.002817;salinity_added_wald|up|logFC=1.536|padj=0.01972;combined_wald|up|logFC=1.215|padj=0.04696	evm.utg8726.3	evm.TU.utg8726.3	257	1	no										no		no										no		yes	tr|A0A6P8HWB9|A0A6P8HWB9_ACTTE	99.6	232	5.75e-180	496	257	232	0.9027	1.0000	yes	tr|A0A6P8HWB9|A0A6P8HWB9_ACTTE Uncharacterized protein LOC116293571 OS=Actinia tenebrosa OX=6105 GN=LOC116293571 PE=4 SV=1	yes	uncharacterized protein	no	yes	tr|A0A6P8HWB9|A0A6P8HWB9_ACTTE	99.569	232	3.07e-173	479	257	232	0.9027	1.0000	yes	tr|A0A6P8HWB9|A0A6P8HWB9_ACTTE Uncharacterized protein LOC116293571 OS=Actinia tenebrosa OX=6105 GN=LOC116293571 PE=4 SV=1	yes	uncharacterized protein	no	no							no														yes	no	"evm.utg8726.3	OTHER	0.019962	0.980038	"	function_dark_no_current_annotation	function_dark_no_current_annotation	ambiguous_or_low_confidence_evidence;non_classifying_evidence_retained	"diamond_swissprot_hit=no | diamond_swissprot_evalue_pass=no | blastp_swissprot_hit=no | blastp_swissprot_evalue_pass=no | diamond_trembl_cnidaria_hit=yes | diamond_trembl_cnidaria_subject=tr|A0A6P8HWB9|A0A6P8HWB9_ACTTE | diamond_trembl_cnidaria_pident=99.6 | diamond_trembl_cnidaria_aln_length=232 | diamond_trembl_cnidaria_evalue=5.75e-180 | diamond_trembl_cnidaria_bitscore=496 | diamond_trembl_cnidaria_qlen=257 | diamond_trembl_cnidaria_slen=232 | diamond_trembl_cnidaria_query_coverage=0.9027 | diamond_trembl_cnidaria_subject_coverage=1.0000 | diamond_trembl_cnidaria_evalue_pass=yes | diamond_trembl_cnidaria_description=tr|A0A6P8HWB9|A0A6P8HWB9_ACTTE Uncharacterized protein LOC116293571 OS=Actinia tenebrosa OX=6105 GN=LOC116293571 PE=4 SV=1 | diamond_trembl_cnidaria_description_is_ambiguous=yes | diamond_trembl_cnidaria_description_ambiguity_reason=uncharacterized protein | diamond_trembl_cnidaria_informative_hit=no | blastp_trembl_cnidaria_hit=yes | blastp_trembl_cnidaria_subject=tr|A0A6P8HWB9|A0A6P8HWB9_ACTTE | blastp_trembl_cnidaria_pident=99.569 | blastp_trembl_cnidaria_aln_length=232 | blastp_trembl_cnidaria_evalue=3.07e-173 | blastp_trembl_cnidaria_bitscore=479 | blastp_trembl_cnidaria_qlen=257 | blastp_trembl_cnidaria_slen=232 | blastp_trembl_cnidaria_query_coverage=0.9027 | blastp_trembl_cnidaria_subject_coverage=1.0000 | blastp_trembl_cnidaria_evalue_pass=yes | blastp_trembl_cnidaria_description=tr|A0A6P8HWB9|A0A6P8HWB9_ACTTE Uncharacterized protein LOC116293571 OS=Actinia tenebrosa OX=6105 GN=LOC116293571 PE=4 SV=1 | blastp_trembl_cnidaria_description_is_ambiguous=yes | blastp_trembl_cnidaria_description_ambiguity_reason=uncharacterized protein | blastp_trembl_cnidaria_informative_hit=no | interpro_hit=no | eggnog_hit=no | signalp_result_present=yes | signalp_positive=no | signalp_raw=evm.utg8726.3	OTHER	0.019962	0.980038"	sequence_found_in_external_fasta	evm.utg8726.3	evm.utg8726.3	matched_multiple	protein_id	evm.utg8726.3	evm.utg8726.3	cds.evm.utg8726	utg8726	-	utg8726:8978-11050(-)	utg8726:8978-11050(-)	8978	11050	2073	utg8726:9334-11050(-)	9334	11050	1717	774	5	exon_features	5	matched_primary_from_multiple_strict	1	candidate_id_equals_transcript_id	68	27	68	8	1	1	1	no	dark_cluster_001006	evm.utg8726.3	1	evm.utg8726.3	1	1	1	no	single_copy_or_no_near_identical_dark_duplicate	8	high_priority	none	repeat_overlap	4	186	0.089725	rnd-5_family-2623 60 226:1;rnd-4_family-137 39 225:1;rnd-1_family-629 1 50:1;rnd-5_family-5100 817 911:1	no_dmr_overlap	0	0	0.000000	NA	NA	de_significant	evm.TU.utg8726.3	gene_id	10	yes	4	diesel_added_wald|up|logFC=2.511|padj=0.002817;salinity_added_wald|up|logFC=1.536|padj=0.01972;combined_wald|up|logFC=1.215|padj=0.04696;full_model_LRT|up|logFC=4.873|padj=0.0009748	0.00097483	4.87318
utg888.equina_smart_497476.mrna1	121	top_stress_responsive_dark_candidate	high_priority;single_copy_or_no_near_identical_dark_duplicate;DE_significant_any_contrast;stress_contrast_DE;diesel_added_DE;abs_logFC_ge_2;padj_le_0.001;repeat_TE_overlap_context;no_DMR_overlap	all	yes	yes	3	3	27.4531	5.19548e-09	diesel_added_wald|up|logFC=21.68|padj=5.195e-09;salinity_only_wald|down|logFC=-19.07|padj=1.644e-08;interactive_only_wald|up|logFC=27.45|padj=1.746e-06	utg888.equina_smart_497476.mrna1	utg888.equina_smart_497476.path1	47	1	no										no		no										no		no										no				no	no										no				no	no							no														yes	no	"utg888.equina_smart_497476.mrna1	OTHER	0.004581	0.995419	"	function_dark_no_current_annotation	function_dark_no_current_annotation	non_classifying_evidence_retained	"diamond_swissprot_hit=no | diamond_swissprot_evalue_pass=no | blastp_swissprot_hit=no | blastp_swissprot_evalue_pass=no | diamond_trembl_cnidaria_hit=no | diamond_trembl_cnidaria_evalue_pass=no | diamond_trembl_cnidaria_informative_hit=no | blastp_trembl_cnidaria_hit=no | blastp_trembl_cnidaria_evalue_pass=no | blastp_trembl_cnidaria_informative_hit=no | interpro_hit=no | eggnog_hit=no | signalp_result_present=yes | signalp_positive=no | signalp_raw=utg888.equina_smart_497476.mrna1	OTHER	0.004581	0.995419"	sequence_found_in_external_fasta	utg888.equina_smart_497476.mrna1	utg888.equina_smart_497476.mrna1	matched_multiple	protein_id	utg888.equina_smart_497476	utg888.equina_smart_497476.mrna1	gmap_gene_find_equina_smart_497476	utg888	-	utg888:35366-35628(-)	utg888:35366-35628(-)	35366	35628	263	utg888:35366-35628(-)	35366	35628	263	144	2	exon_features	2	matched_primary_from_multiple_strict	1	candidate_id_equals_transcript_id	2	1	2	1	1	0	0	no	dark_cluster_002995	utg888.equina_smart_497476.mrna1	1	utg888.equina_smart_497476.mrna1	1	1	1	no	single_copy_or_no_near_identical_dark_duplicate	8	high_priority	none	repeat_overlap	1	263	1.000000	rnd-1_family-13 1 775:1	no_dmr_overlap	0	0	0.000000	NA	NA	de_significant	utg888.equina_smart_497476.path1	gene_id	9	yes	3	salinity_only_wald|down|logFC=-19.07|padj=1.644e-08;diesel_added_wald|up|logFC=21.68|padj=5.195e-09;interactive_only_wald|up|logFC=27.45|padj=1.746e-06	5.19548e-09	28.6538
utg10530.equina_smart_1626273.mrna1	121	top_stress_responsive_dark_candidate	high_priority;single_copy_or_no_near_identical_dark_duplicate;DE_significant_any_contrast;stress_contrast_DE;diesel_added_DE;abs_logFC_ge_2;padj_le_0.001;repeat_TE_overlap_context;no_DMR_overlap	all	yes	yes	3	3	2.29515	1.54256e-05	full_model_LRT|down|logFC=-2.198|padj=1.543e-05;diesel_added_wald|down|logFC=-2.295|padj=0.0001255;salinity_only_LRT|up|logFC=1.395|padj=0.01143	utg10530.equina_smart_1626273.mrna1	utg10530.equina_smart_1626273.path1	106	1	no										no		no										no		yes	tr|A0A6P8HJF5|A0A6P8HJF5_ACTTE	68.3	41	7.45e-11	57.8	106	125	0.3868	0.3280	yes	tr|A0A6P8HJF5|A0A6P8HJF5_ACTTE Uncharacterized protein LOC116293253 OS=Actinia tenebrosa OX=6105 GN=LOC116293253 PE=4 SV=1	yes	uncharacterized protein	no	yes	tr|A0A6P8HJF5|A0A6P8HJF5_ACTTE	54.386	57	2.02e-12	62.0	106	125	0.5377	0.4560	yes	tr|A0A6P8HJF5|A0A6P8HJF5_ACTTE Uncharacterized protein LOC116293253 OS=Actinia tenebrosa OX=6105 GN=LOC116293253 PE=4 SV=1	yes	uncharacterized protein	no	no							no														yes	no	"utg10530.equina_smart_1626273.mrna1	OTHER	0.000749	0.999251	"	function_dark_no_current_annotation	function_dark_no_current_annotation	ambiguous_or_low_confidence_evidence;non_classifying_evidence_retained	"diamond_swissprot_hit=no | diamond_swissprot_evalue_pass=no | blastp_swissprot_hit=no | blastp_swissprot_evalue_pass=no | diamond_trembl_cnidaria_hit=yes | diamond_trembl_cnidaria_subject=tr|A0A6P8HJF5|A0A6P8HJF5_ACTTE | diamond_trembl_cnidaria_pident=68.3 | diamond_trembl_cnidaria_aln_length=41 | diamond_trembl_cnidaria_evalue=7.45e-11 | diamond_trembl_cnidaria_bitscore=57.8 | diamond_trembl_cnidaria_qlen=106 | diamond_trembl_cnidaria_slen=125 | diamond_trembl_cnidaria_query_coverage=0.3868 | diamond_trembl_cnidaria_subject_coverage=0.3280 | diamond_trembl_cnidaria_evalue_pass=yes | diamond_trembl_cnidaria_description=tr|A0A6P8HJF5|A0A6P8HJF5_ACTTE Uncharacterized protein LOC116293253 OS=Actinia tenebrosa OX=6105 GN=LOC116293253 PE=4 SV=1 | diamond_trembl_cnidaria_description_is_ambiguous=yes | diamond_trembl_cnidaria_description_ambiguity_reason=uncharacterized protein | diamond_trembl_cnidaria_informative_hit=no | blastp_trembl_cnidaria_hit=yes | blastp_trembl_cnidaria_subject=tr|A0A6P8HJF5|A0A6P8HJF5_ACTTE | blastp_trembl_cnidaria_pident=54.386 | blastp_trembl_cnidaria_aln_length=57 | blastp_trembl_cnidaria_evalue=2.02e-12 | blastp_trembl_cnidaria_bitscore=62.0 | blastp_trembl_cnidaria_qlen=106 | blastp_trembl_cnidaria_slen=125 | blastp_trembl_cnidaria_query_coverage=0.5377 | blastp_trembl_cnidaria_subject_coverage=0.4560 | blastp_trembl_cnidaria_evalue_pass=yes | blastp_trembl_cnidaria_description=tr|A0A6P8HJF5|A0A6P8HJF5_ACTTE Uncharacterized protein LOC116293253 OS=Actinia tenebrosa OX=6105 GN=LOC116293253 PE=4 SV=1 | blastp_trembl_cnidaria_description_is_ambiguous=yes | blastp_trembl_cnidaria_description_ambiguity_reason=uncharacterized protein | blastp_trembl_cnidaria_informative_hit=no | interpro_hit=no | eggnog_hit=no | signalp_result_present=yes | signalp_positive=no | signalp_raw=utg10530.equina_smart_1626273.mrna1	OTHER	0.000749	0.999251"	sequence_found_in_external_fasta	utg10530.equina_smart_1626273.mrna1	utg10530.equina_smart_1626273.mrna1	matched_multiple	protein_id	utg10530.equina_smart_1626273.mrna1	utg10530.equina_smart_1626273.mrna1	gmap_gene_find_equina_smart_1626273	utg10530	-	utg10530:96381-98384(-)	utg10530:96381-98384(-)	96381	98384	2004	utg10530:96381-98384(-)	96381	98384	2004	321	2	exon_features	2	matched_primary_from_multiple_strict	1	candidate_id_equals_transcript_id	2	1	2	1	1	1	1	no	dark_cluster_003328	utg10530.equina_smart_1626273.mrna1	1	utg10530.equina_smart_1626273.mrna1	1	1	1	no	single_copy_or_no_near_identical_dark_duplicate	8	high_priority	none	repeat_overlap	3	185	0.092315	(TA)n 1 24:1;rnd-4_family-135 159 229:1;rnd-4_family-515 444 521:1	no_dmr_overlap	0	0	0.000000	NA	NA	de_significant	utg10530.equina_smart_1626273.path1	gene_id	10	yes	3	diesel_added_wald|down|logFC=-2.295|padj=0.0001255;salinity_only_LRT|up|logFC=1.395|padj=0.01143;full_model_LRT|down|logFC=-2.198|padj=1.543e-05	1.54256e-05	2.29515
utg7289.evm.utg16112.2.mrna2	121	top_stress_responsive_dark_candidate	high_priority;single_copy_or_no_near_identical_dark_duplicate;DE_significant_any_contrast;stress_contrast_DE;diesel_added_DE;abs_logFC_ge_2;padj_le_0.01;no_repeat_TE_overlap;no_DMR_overlap	all	yes	yes	2	2	2.66083	0.004984	full_model_LRT|down|logFC=-2.661|padj=0.004984;diesel_added_wald|down|logFC=-1.957|padj=0.005566	utg7289.evm.utg16112.2.mrna2	utg7289.evm.utg16112.2.path2	107	1	no										no		no										no		yes	tr|A0A6P8IHJ6|A0A6P8IHJ6_ACTTE	64.1	156	2.52e-58	179	107	156	1.4579	1.0000	yes	tr|A0A6P8IHJ6|A0A6P8IHJ6_ACTTE Uncharacterized protein LOC116301364 OS=Actinia tenebrosa OX=6105 GN=LOC116301364 PE=4 SV=1	yes	uncharacterized protein	no	yes	tr|A0A6P8IHJ6|A0A6P8IHJ6_ACTTE	64.103	156	2.13e-61	187	107	156	1.4579	1.0000	yes	tr|A0A6P8IHJ6|A0A6P8IHJ6_ACTTE Uncharacterized protein LOC116301364 OS=Actinia tenebrosa OX=6105 GN=LOC116301364 PE=4 SV=1	yes	uncharacterized protein	no	no							no														yes	no	"utg7289.evm.utg16112.2.mrna2	OTHER	0.000302	0.999698	"	function_dark_no_current_annotation	function_dark_no_current_annotation	ambiguous_or_low_confidence_evidence;non_classifying_evidence_retained	"diamond_swissprot_hit=no | diamond_swissprot_evalue_pass=no | blastp_swissprot_hit=no | blastp_swissprot_evalue_pass=no | diamond_trembl_cnidaria_hit=yes | diamond_trembl_cnidaria_subject=tr|A0A6P8IHJ6|A0A6P8IHJ6_ACTTE | diamond_trembl_cnidaria_pident=64.1 | diamond_trembl_cnidaria_aln_length=156 | diamond_trembl_cnidaria_evalue=2.52e-58 | diamond_trembl_cnidaria_bitscore=179 | diamond_trembl_cnidaria_qlen=107 | diamond_trembl_cnidaria_slen=156 | diamond_trembl_cnidaria_query_coverage=1.4579 | diamond_trembl_cnidaria_subject_coverage=1.0000 | diamond_trembl_cnidaria_evalue_pass=yes | diamond_trembl_cnidaria_description=tr|A0A6P8IHJ6|A0A6P8IHJ6_ACTTE Uncharacterized protein LOC116301364 OS=Actinia tenebrosa OX=6105 GN=LOC116301364 PE=4 SV=1 | diamond_trembl_cnidaria_description_is_ambiguous=yes | diamond_trembl_cnidaria_description_ambiguity_reason=uncharacterized protein | diamond_trembl_cnidaria_informative_hit=no | blastp_trembl_cnidaria_hit=yes | blastp_trembl_cnidaria_subject=tr|A0A6P8IHJ6|A0A6P8IHJ6_ACTTE | blastp_trembl_cnidaria_pident=64.103 | blastp_trembl_cnidaria_aln_length=156 | blastp_trembl_cnidaria_evalue=2.13e-61 | blastp_trembl_cnidaria_bitscore=187 | blastp_trembl_cnidaria_qlen=107 | blastp_trembl_cnidaria_slen=156 | blastp_trembl_cnidaria_query_coverage=1.4579 | blastp_trembl_cnidaria_subject_coverage=1.0000 | blastp_trembl_cnidaria_evalue_pass=yes | blastp_trembl_cnidaria_description=tr|A0A6P8IHJ6|A0A6P8IHJ6_ACTTE Uncharacterized protein LOC116301364 OS=Actinia tenebrosa OX=6105 GN=LOC116301364 PE=4 SV=1 | blastp_trembl_cnidaria_description_is_ambiguous=yes | blastp_trembl_cnidaria_description_ambiguity_reason=uncharacterized protein | blastp_trembl_cnidaria_informative_hit=no | interpro_hit=no | eggnog_hit=no | signalp_result_present=yes | signalp_positive=no | signalp_raw=utg7289.evm.utg16112.2.mrna2	OTHER	0.000302	0.999698"	sequence_found_in_external_fasta	utg7289.evm.utg16112.2.mrna2	utg7289.evm.utg16112.2.mrna2	matched_multiple	protein_id	utg7289.evm.utg16112.2.mrna2	utg7289.evm.utg16112.2.mrna2	gmap_gene_find_evm.utg16112.2	utg7289	+	utg7289:97283-97967(+)	utg7289:97283-97967(+)	97283	97967	685	utg7289:97283-97967(+)	97283	97967	685	324	2	exon_features	2	matched_primary_from_multiple_strict	1	candidate_id_equals_transcript_id	2	1	2	1	1	1	1	no	dark_cluster_002285	utg7289.evm.utg16112.2.mrna2	1	utg7289.evm.utg16112.2.mrna2	1	1	1	no	single_copy_or_no_near_identical_dark_duplicate	8	high_priority	none	no_repeat_overlap	0	0	0.000000	NA	no_dmr_overlap	0	0	0.000000	NA	NA	de_significant	utg7289.evm.utg16112.2.path2	gene_id	10	yes	2	diesel_added_wald|down|logFC=-1.957|padj=0.005566;full_model_LRT|down|logFC=-2.661|padj=0.004984	0.004984	2.66083
evm.utg73.130	121	top_stress_responsive_dark_candidate	high_priority;single_copy_or_no_near_identical_dark_duplicate;DE_significant_any_contrast;stress_contrast_DE;diesel_added_DE;abs_logFC_ge_2;padj_le_0.01;no_repeat_TE_overlap;no_DMR_overlap	all	yes	yes	2	2	2.09841	0.00900362	diesel_added_wald|down|logFC=-1.258|padj=0.009004;full_model_LRT|down|logFC=-2.098|padj=0.01086	evm.utg73.130	evm.TU.utg73.130	120	1	no										no		no										no		no										no				no	no										no				no	no							no														yes	no	"evm.utg73.130	OTHER	0.003766	0.996234	"	function_dark_no_current_annotation	function_dark_no_current_annotation	non_classifying_evidence_retained	"diamond_swissprot_hit=no | diamond_swissprot_evalue_pass=no | blastp_swissprot_hit=no | blastp_swissprot_evalue_pass=no | diamond_trembl_cnidaria_hit=no | diamond_trembl_cnidaria_evalue_pass=no | diamond_trembl_cnidaria_informative_hit=no | blastp_trembl_cnidaria_hit=no | blastp_trembl_cnidaria_evalue_pass=no | blastp_trembl_cnidaria_informative_hit=no | interpro_hit=no | eggnog_hit=no | signalp_result_present=yes | signalp_positive=no | signalp_raw=evm.utg73.130	OTHER	0.003766	0.996234"	sequence_found_in_external_fasta	evm.utg73.130	evm.utg73.130	matched_multiple	protein_id	evm.utg73.130	evm.utg73.130	cds.evm.utg73	utg73	+	utg73:1228920-1229282(+)	utg73:1228920-1229282(+)	1228920	1229282	363	utg73:1228920-1229282(+)	1228920	1229282	363	363	1	exon_features	1	matched_primary_from_multiple_strict	1	candidate_id_equals_transcript_id	372	143	372	46	1	2	3	no	dark_cluster_001759	evm.utg73.130	1	evm.utg73.130	1	1	1	no	single_copy_or_no_near_identical_dark_duplicate	7	high_priority	none	no_repeat_overlap	0	0	0.000000	NA	no_dmr_overlap	0	0	0.000000	NA	NA	de_significant	evm.TU.utg73.130	gene_id	10	yes	2	diesel_added_wald|down|logFC=-1.258|padj=0.009004;full_model_LRT|down|logFC=-2.098|padj=0.01086	0.00900362	2.09841
evm.utg1002.23	120	top_stress_responsive_dark_candidate	high_priority;single_copy_or_no_near_identical_dark_duplicate;DE_significant_any_contrast;stress_contrast_DE;diesel_added_DE;abs_logFC_ge_1.5;padj_le_0.001;repeat_TE_overlap_context;no_DMR_overlap	all	yes	yes	4	4	1.9781	0.000183819	combined_wald|down|logFC=-1.918|padj=0.0001838;full_model_LRT|down|logFC=-1.591|padj=0.000508;diesel_added_wald|down|logFC=-1.978|padj=0.0008218;salinity_added_wald|down|logFC=-1.051|padj=0.03375	evm.utg1002.23	evm.TU.utg1002.23	85	2	no										no		no										no		no										no				no	no										no				no	no							no														yes	no	"evm.utg1002.23	OTHER	0.000714	0.999286	"	function_dark_no_current_annotation	function_dark_no_current_annotation	non_classifying_evidence_retained	"diamond_swissprot_hit=no | diamond_swissprot_evalue_pass=no | blastp_swissprot_hit=no | blastp_swissprot_evalue_pass=no | diamond_trembl_cnidaria_hit=no | diamond_trembl_cnidaria_evalue_pass=no | diamond_trembl_cnidaria_informative_hit=no | blastp_trembl_cnidaria_hit=no | blastp_trembl_cnidaria_evalue_pass=no | blastp_trembl_cnidaria_informative_hit=no | interpro_hit=no | eggnog_hit=no | signalp_result_present=yes | signalp_positive=no | signalp_raw=evm.utg1002.23	OTHER	0.000714	0.999286"	sequence_found_in_external_fasta	evm.utg1002.23	evm.utg1002.23	matched_multiple	protein_id	evm.utg1002	evm.utg1002.23	cds.evm.utg1002	utg1002	-	utg1002:239560-253260(-)	utg1002:239560-253260(-)	239560	253260	13701	utg1002:243049-253245(-)	243049	253245	10197	258	3	exon_features	3	matched_primary_from_multiple_strict	1	candidate_id_equals_transcript_id	93	42	93	6	1	0	0	no	dark_cluster_001257	evm.utg1002.23	1	evm.utg1002.23	1	1	1	no	single_copy_or_no_near_identical_dark_duplicate	8	high_priority	none	repeat_overlap	34	11306	0.825195	rnd-5_family-4641 25 95:3;rnd-6_family-7453 3469 4827:1;rnd-6_family-7453 1519 3490:1;(ATTTT)n 1 33:1;rnd-6_family-7453 184 1377:1;rnd-1_family-402 13 134:1;rnd-6_family-7453 57 199:1;rnd-6_family-9390 528 623:1;rnd-6_family-2014 4 69:1;rnd-6_family-30369 1 169:1;rnd-6_family-9214 208 252:1;rnd-1_family-851 7 145:1;rnd-3_family-6 572 603:1;rnd-6_family-15554 29 796:1;rnd-6_family-15554 356 618:1;rnd-5_family-4641 25 94:1;rnd-6_family-1890 902 1351:1;rnd-1_family-147 1 638:1;rnd-6_family-1890 842 905:1;rnd-6_family-1890 608 672:1;rnd-5_family-4641 313 361:1;rnd-1_family-193 1079 1157:1;rnd-6_family-2229 1 791:1;rnd-1_family-528 1 1479:1;rnd-6_family-8370 919 1003:1;rnd-5_family-4641 181 324:1;rnd-6_family-4126 1 193:1;rnd-1_family-69 4 412:1;rnd-4_family-734 520 726:1;rnd-1_family-925 1 168:1;rnd-1_family-69 1 412:1;rnd-6_family-4817 61 860:1	no_dmr_overlap	0	0	0.000000	NA	NA	de_significant	evm.TU.utg1002.23	gene_id	10	yes	4	diesel_added_wald|down|logFC=-1.978|padj=0.0008218;salinity_added_wald|down|logFC=-1.051|padj=0.03375;combined_wald|down|logFC=-1.918|padj=0.0001838;full_model_LRT|down|logFC=-1.591|padj=0.000508	0.000183819	1.9781
evm.utg817.29	120	top_stress_responsive_dark_candidate	high_priority;single_copy_or_no_near_identical_dark_duplicate;DE_significant_any_contrast;stress_contrast_DE;diesel_added_DE;abs_logFC_ge_2;padj_le_0.01;repeat_TE_overlap_context;no_DMR_overlap	all	yes	yes	4	4	2.66571	0.00132736	salinity_added_wald|down|logFC=-1.762|padj=0.001327;full_model_LRT|down|logFC=-2.666|padj=0.01022;diesel_added_wald|down|logFC=-1.019|padj=0.02549;combined_wald|down|logFC=-1.16|padj=0.02691	evm.utg817.29	evm.TU.utg817.29	73	1	no										no		no										no		yes	tr|A0A6P8IDA6|A0A6P8IDA6_ACTTE	91.7	24	6.38e-09	53.5	73	1999	0.3288	0.0120	yes	tr|A0A6P8IDA6|A0A6P8IDA6_ACTTE Uncharacterized protein LOC116299563 OS=Actinia tenebrosa OX=6105 GN=LOC116299563 PE=3 SV=1	yes	uncharacterized protein	no	yes	tr|A0A6P8IDA6|A0A6P8IDA6_ACTTE	91.667	24	1.61e-09	55.1	73	1999	0.3288	0.0120	yes	tr|A0A6P8IDA6|A0A6P8IDA6_ACTTE Uncharacterized protein LOC116299563 OS=Actinia tenebrosa OX=6105 GN=LOC116299563 PE=3 SV=1	yes	uncharacterized protein	no	no							no														yes	no	"evm.utg817.29	OTHER	0.000875	0.999125	"	function_dark_no_current_annotation	function_dark_no_current_annotation	ambiguous_or_low_confidence_evidence;non_classifying_evidence_retained	"diamond_swissprot_hit=no | diamond_swissprot_evalue_pass=no | blastp_swissprot_hit=no | blastp_swissprot_evalue_pass=no | diamond_trembl_cnidaria_hit=yes | diamond_trembl_cnidaria_subject=tr|A0A6P8IDA6|A0A6P8IDA6_ACTTE | diamond_trembl_cnidaria_pident=91.7 | diamond_trembl_cnidaria_aln_length=24 | diamond_trembl_cnidaria_evalue=6.38e-09 | diamond_trembl_cnidaria_bitscore=53.5 | diamond_trembl_cnidaria_qlen=73 | diamond_trembl_cnidaria_slen=1999 | diamond_trembl_cnidaria_query_coverage=0.3288 | diamond_trembl_cnidaria_subject_coverage=0.0120 | diamond_trembl_cnidaria_evalue_pass=yes | diamond_trembl_cnidaria_description=tr|A0A6P8IDA6|A0A6P8IDA6_ACTTE Uncharacterized protein LOC116299563 OS=Actinia tenebrosa OX=6105 GN=LOC116299563 PE=3 SV=1 | diamond_trembl_cnidaria_description_is_ambiguous=yes | diamond_trembl_cnidaria_description_ambiguity_reason=uncharacterized protein | diamond_trembl_cnidaria_informative_hit=no | blastp_trembl_cnidaria_hit=yes | blastp_trembl_cnidaria_subject=tr|A0A6P8IDA6|A0A6P8IDA6_ACTTE | blastp_trembl_cnidaria_pident=91.667 | blastp_trembl_cnidaria_aln_length=24 | blastp_trembl_cnidaria_evalue=1.61e-09 | blastp_trembl_cnidaria_bitscore=55.1 | blastp_trembl_cnidaria_qlen=73 | blastp_trembl_cnidaria_slen=1999 | blastp_trembl_cnidaria_query_coverage=0.3288 | blastp_trembl_cnidaria_subject_coverage=0.0120 | blastp_trembl_cnidaria_evalue_pass=yes | blastp_trembl_cnidaria_description=tr|A0A6P8IDA6|A0A6P8IDA6_ACTTE Uncharacterized protein LOC116299563 OS=Actinia tenebrosa OX=6105 GN=LOC116299563 PE=3 SV=1 | blastp_trembl_cnidaria_description_is_ambiguous=yes | blastp_trembl_cnidaria_description_ambiguity_reason=uncharacterized protein | blastp_trembl_cnidaria_informative_hit=no | interpro_hit=no | eggnog_hit=no | signalp_result_present=yes | signalp_positive=no | signalp_raw=evm.utg817.29	OTHER	0.000875	0.999125"	sequence_found_in_external_fasta	evm.utg817.29	evm.utg817.29	matched_multiple	protein_id	evm.utg817.29	evm.utg817.29	cds.evm.utg817	utg817	+	utg817:239368-251405(+)	utg817:239368-251405(+)	239368	251405	12038	utg817:239849-251405(+)	239849	251405	11557	222	4	exon_features	4	matched_primary_from_multiple_strict	1	candidate_id_equals_transcript_id	64	29	64	4	1	0	0	no	dark_cluster_001790	evm.utg817.29	1	evm.utg817.29	1	1	1	no	single_copy_or_no_near_identical_dark_duplicate	8	high_priority	none	repeat_overlap	27	4482	0.372321	A-rich 1 37:1;rnd-1_family-633 1 121:1;rnd-1_family-777 1 108:1;rnd-1_family-633 17 214:1;rnd-6_family-59 596 1276:1;(ATC)n 1 17:1;rnd-4_family-1394 1 141:1;rnd-1_family-376 410 471:1;rnd-6_family-1265 1 162:1;rnd-6_family-605 344 468:1;(AAT)n 1 25:1;rnd-6_family-10711 1749 2000:1;rnd-6_family-10711 2276 2602:1;rnd-5_family-1565 1 56:1;rnd-1_family-222 167 247:1;rnd-1_family-635 610 696:1;rnd-1_family-147 2 236:1;rnd-1_family-147 384 425:1;rnd-1_family-173 4 106:1;rnd-1_family-147 418 638:1;(TAA)n 1 73:1;rnd-5_family-4423 604 787:1;rnd-1_family-92 4 298:1;rnd-5_family-4423 827 939:1;rnd-6_family-3102 1183 1455:1;rnd-3_family-68 1 166:1;rnd-6_family-3102 160 931:1	no_dmr_overlap	0	0	0.000000	NA	NA	de_significant	evm.TU.utg817.29	gene_id	10	yes	4	diesel_added_wald|down|logFC=-1.019|padj=0.02549;salinity_added_wald|down|logFC=-1.762|padj=0.001327;combined_wald|down|logFC=-1.16|padj=0.02691;full_model_LRT|down|logFC=-2.666|padj=0.01022	0.00132736	2.66571
evm.utg820.12	120	top_stress_responsive_dark_candidate	high_priority;single_copy_or_no_near_identical_dark_duplicate;DE_significant_any_contrast;stress_contrast_DE;diesel_added_DE;abs_logFC_ge_2;padj_le_0.01;repeat_TE_overlap_context;no_DMR_overlap	all	yes	yes	4	4	2.46257	0.00281703	combined_wald|down|logFC=-1.856|padj=0.002817;salinity_added_wald|down|logFC=-1.536|padj=0.01066;diesel_added_wald|down|logFC=-1.479|padj=0.01188;full_model_LRT|down|logFC=-2.463|padj=0.02004	evm.utg820.12	evm.TU.utg820.12	77	1	no										no		no										no		no										no				no	no										no				no	no							no														yes	no	"evm.utg820.12	OTHER	0.001261	0.998739	"	function_dark_no_current_annotation	function_dark_no_current_annotation	non_classifying_evidence_retained	"diamond_swissprot_hit=no | diamond_swissprot_evalue_pass=no | blastp_swissprot_hit=no | blastp_swissprot_evalue_pass=no | diamond_trembl_cnidaria_hit=no | diamond_trembl_cnidaria_evalue_pass=no | diamond_trembl_cnidaria_informative_hit=no | blastp_trembl_cnidaria_hit=no | blastp_trembl_cnidaria_evalue_pass=no | blastp_trembl_cnidaria_informative_hit=no | interpro_hit=no | eggnog_hit=no | signalp_result_present=yes | signalp_positive=no | signalp_raw=evm.utg820.12	OTHER	0.001261	0.998739"	sequence_found_in_external_fasta	evm.utg820.12	evm.utg820.12	matched_multiple	protein_id	evm.utg820.12	evm.utg820.12	cds.evm.utg820	utg820	+	utg820:125293-125993(+)	utg820:125293-125993(+)	125293	125993	701	utg820:125293-125993(+)	125293	125993	701	234	2	exon_features	2	matched_primary_from_multiple_strict	1	candidate_id_equals_transcript_id	28	14	28	1	1	0	0	no	dark_cluster_001053	evm.utg820.12	1	evm.utg820.12	1	1	1	no	single_copy_or_no_near_identical_dark_duplicate	8	high_priority	none	repeat_overlap	1	701	1.000000	rnd-6_family-516 2876 4133:1	no_dmr_overlap	0	0	0.000000	NA	NA	de_significant	evm.TU.utg820.12	gene_id	10	yes	4	diesel_added_wald|down|logFC=-1.479|padj=0.01188;salinity_added_wald|down|logFC=-1.536|padj=0.01066;combined_wald|down|logFC=-1.856|padj=0.002817;full_model_LRT|down|logFC=-2.463|padj=0.02004	0.00281703	2.46257
utg467.equina_smart_496225.mrna1	120	top_stress_responsive_dark_candidate	high_priority;single_copy_or_no_near_identical_dark_duplicate;DE_significant_any_contrast;stress_contrast_DE;diesel_added_DE;abs_logFC_ge_2;padj_le_0.01;repeat_TE_overlap_context;no_DMR_overlap	all	yes	yes	4	4	3.43084	0.00335455	salinity_added_wald|down|logFC=-2.135|padj=0.003355;combined_wald|down|logFC=-1.802|padj=0.007565;diesel_added_wald|down|logFC=-1.008|padj=0.03684;full_model_LRT|down|logFC=-3.431|padj=0.04385	utg467.equina_smart_496225.mrna1	utg467.equina_smart_496225.path1	51	1	no										no		no										no		no										no				no	no										no				no	no							no														yes	no	"utg467.equina_smart_496225.mrna1	OTHER	0.002983	0.997017	"	function_dark_no_current_annotation	function_dark_no_current_annotation	non_classifying_evidence_retained	"diamond_swissprot_hit=no | diamond_swissprot_evalue_pass=no | blastp_swissprot_hit=no | blastp_swissprot_evalue_pass=no | diamond_trembl_cnidaria_hit=no | diamond_trembl_cnidaria_evalue_pass=no | diamond_trembl_cnidaria_informative_hit=no | blastp_trembl_cnidaria_hit=no | blastp_trembl_cnidaria_evalue_pass=no | blastp_trembl_cnidaria_informative_hit=no | interpro_hit=no | eggnog_hit=no | signalp_result_present=yes | signalp_positive=no | signalp_raw=utg467.equina_smart_496225.mrna1	OTHER	0.002983	0.997017"	sequence_found_in_external_fasta	utg467.equina_smart_496225.mrna1	utg467.equina_smart_496225.mrna1	matched_multiple	protein_id	utg467.equina_smart_496225.mrna1	utg467.equina_smart_496225.mrna1	gmap_gene_find_equina_smart_496225	utg467	-	utg467:6070-8844(-)	utg467:6070-8844(-)	6070	8844	2775	utg467:6070-8844(-)	6070	8844	2775	156	2	exon_features	2	matched_primary_from_multiple_strict	1	candidate_id_equals_transcript_id	2	1	2	1	1	2	2	no	dark_cluster_001637	utg467.equina_smart_496225.mrna1	1	utg467.equina_smart_496225.mrna1	1	1	1	no	single_copy_or_no_near_identical_dark_duplicate	8	high_priority	none	repeat_overlap	1	2775	1.000000	rnd-5_family-297 1 2825:1	no_dmr_overlap	0	0	0.000000	NA	NA	de_significant	utg467.equina_smart_496225.path1	gene_id	10	yes	4	diesel_added_wald|down|logFC=-1.008|padj=0.03684;salinity_added_wald|down|logFC=-2.135|padj=0.003355;combined_wald|down|logFC=-1.802|padj=0.007565;full_model_LRT|down|logFC=-3.431|padj=0.04385	0.00335455	3.43084
utg129.equina_smart_1766710.mrna10	120	top_stress_responsive_dark_candidate	high_priority;single_copy_or_no_near_identical_dark_duplicate;DE_significant_any_contrast;stress_contrast_DE;diesel_added_DE;abs_logFC_ge_2;padj_le_0.01;repeat_TE_overlap_context;no_DMR_overlap	all	yes	yes	4	4	3.12269	0.00440611	combined_wald|down|logFC=-2.087|padj=0.004406;salinity_added_wald|down|logFC=-1.513|padj=0.02221;diesel_added_wald|down|logFC=-1.179|padj=0.02414;full_model_LRT|down|logFC=-3.123|padj=0.04814	utg129.equina_smart_1766710.mrna10	utg129.equina_smart_1766710.path10	94	1	no										no		no										no		no										no				no	no										no				no	no							no														yes	no	"utg129.equina_smart_1766710.mrna10	OTHER	0.019313	0.980687	"	function_dark_no_current_annotation	function_dark_no_current_annotation	non_classifying_evidence_retained	"diamond_swissprot_hit=no | diamond_swissprot_evalue_pass=no | blastp_swissprot_hit=no | blastp_swissprot_evalue_pass=no | diamond_trembl_cnidaria_hit=no | diamond_trembl_cnidaria_evalue_pass=no | diamond_trembl_cnidaria_informative_hit=no | blastp_trembl_cnidaria_hit=no | blastp_trembl_cnidaria_evalue_pass=no | blastp_trembl_cnidaria_informative_hit=no | interpro_hit=no | eggnog_hit=no | signalp_result_present=yes | signalp_positive=no | signalp_raw=utg129.equina_smart_1766710.mrna10	OTHER	0.019313	0.980687"	sequence_found_in_external_fasta	utg129.equina_smart_1766710.mrna10	utg129.equina_smart_1766710.mrna10	matched_multiple	protein_id	utg129.equina_smart_1766710	utg129.equina_smart_1766710.mrna10	gmap_gene_find_equina_smart_1766710	utg129	-	utg129:54012-54705(-)	utg129:54012-54705(-)	54012	54705	694	utg129:54012-54705(-)	54012	54705	694	285	2	exon_features	2	matched_primary_from_multiple_strict	1	candidate_id_equals_transcript_id	2	1	2	1	1	2	3	no	dark_cluster_002938	utg129.equina_smart_1766710.mrna10	1	utg129.equina_smart_1766710.mrna10	1	1	1	no	single_copy_or_no_near_identical_dark_duplicate	8	high_priority	none	repeat_overlap	2	694	1.000000	rnd-5_family-5 442 868:1;rnd-5_family-5 697 1551:1	no_dmr_overlap	0	0	0.000000	NA	NA	de_significant	utg129.equina_smart_1766710.path10	gene_id	10	yes	4	diesel_added_wald|down|logFC=-1.179|padj=0.02414;salinity_added_wald|down|logFC=-1.513|padj=0.02221;combined_wald|down|logFC=-2.087|padj=0.004406;full_model_LRT|down|logFC=-3.123|padj=0.04814	0.00440611	3.12269
evm.utg18633.2	118	top_stress_responsive_dark_candidate	high_priority;single_copy_or_no_near_identical_dark_duplicate;DE_significant_any_contrast;stress_contrast_DE;diesel_added_DE;padj_le_0.001;no_repeat_TE_overlap;no_DMR_overlap	all	yes	yes	2	2	1.2156	0.000782489	combined_wald|up|logFC=1.216|padj=0.0007825;diesel_added_wald|up|logFC=1.049|padj=0.003522	evm.utg18633.2	evm.TU.utg18633.2	447	1	no										no		no										no		yes	tr|A0A6P8GWD3|A0A6P8GWD3_ACTTE	100	447	0.0	900	447	447	1.0000	1.0000	yes	tr|A0A6P8GWD3|A0A6P8GWD3_ACTTE Uncharacterized protein LOC116286240 isoform X1 OS=Actinia tenebrosa OX=6105 GN=LOC116286240 PE=4 SV=1	yes	uncharacterized protein	no	yes	tr|A0A6P8GWD3|A0A6P8GWD3_ACTTE	100.000	447	0.0	920	447	447	1.0000	1.0000	yes	tr|A0A6P8GWD3|A0A6P8GWD3_ACTTE Uncharacterized protein LOC116286240 isoform X1 OS=Actinia tenebrosa OX=6105 GN=LOC116286240 PE=4 SV=1	yes	uncharacterized protein	no	no							no														yes	no	"evm.utg18633.2	OTHER	0.000392	0.999608	"	function_dark_no_current_annotation	function_dark_no_current_annotation	ambiguous_or_low_confidence_evidence;non_classifying_evidence_retained	"diamond_swissprot_hit=no | diamond_swissprot_evalue_pass=no | blastp_swissprot_hit=no | blastp_swissprot_evalue_pass=no | diamond_trembl_cnidaria_hit=yes | diamond_trembl_cnidaria_subject=tr|A0A6P8GWD3|A0A6P8GWD3_ACTTE | diamond_trembl_cnidaria_pident=100 | diamond_trembl_cnidaria_aln_length=447 | diamond_trembl_cnidaria_evalue=0.0 | diamond_trembl_cnidaria_bitscore=900 | diamond_trembl_cnidaria_qlen=447 | diamond_trembl_cnidaria_slen=447 | diamond_trembl_cnidaria_query_coverage=1.0000 | diamond_trembl_cnidaria_subject_coverage=1.0000 | diamond_trembl_cnidaria_evalue_pass=yes | diamond_trembl_cnidaria_description=tr|A0A6P8GWD3|A0A6P8GWD3_ACTTE Uncharacterized protein LOC116286240 isoform X1 OS=Actinia tenebrosa OX=6105 GN=LOC116286240 PE=4 SV=1 | diamond_trembl_cnidaria_description_is_ambiguous=yes | diamond_trembl_cnidaria_description_ambiguity_reason=uncharacterized protein | diamond_trembl_cnidaria_informative_hit=no | blastp_trembl_cnidaria_hit=yes | blastp_trembl_cnidaria_subject=tr|A0A6P8GWD3|A0A6P8GWD3_ACTTE | blastp_trembl_cnidaria_pident=100.000 | blastp_trembl_cnidaria_aln_length=447 | blastp_trembl_cnidaria_evalue=0.0 | blastp_trembl_cnidaria_bitscore=920 | blastp_trembl_cnidaria_qlen=447 | blastp_trembl_cnidaria_slen=447 | blastp_trembl_cnidaria_query_coverage=1.0000 | blastp_trembl_cnidaria_subject_coverage=1.0000 | blastp_trembl_cnidaria_evalue_pass=yes | blastp_trembl_cnidaria_description=tr|A0A6P8GWD3|A0A6P8GWD3_ACTTE Uncharacterized protein LOC116286240 isoform X1 OS=Actinia tenebrosa OX=6105 GN=LOC116286240 PE=4 SV=1 | blastp_trembl_cnidaria_description_is_ambiguous=yes | blastp_trembl_cnidaria_description_ambiguity_reason=uncharacterized protein | blastp_trembl_cnidaria_informative_hit=no | interpro_hit=no | eggnog_hit=no | signalp_result_present=yes | signalp_positive=no | signalp_raw=evm.utg18633.2	OTHER	0.000392	0.999608"	sequence_found_in_external_fasta	evm.utg18633.2	evm.utg18633.2	matched_multiple	protein_id	evm.utg18633	evm.utg18633.2	cds.evm.utg18633	utg18633	+	utg18633:21675-23018(+)	utg18633:21675-23018(+)	21675	23018	1344	utg18633:21675-23018(+)	21675	23018	1344	1344	1	exon_features	1	matched_primary_from_multiple_strict	1	candidate_id_equals_transcript_id	52	26	52	1	1	0	0	no	dark_cluster_000575	evm.utg18633.2	1	evm.utg18633.2	1	1	1	no	single_copy_or_no_near_identical_dark_duplicate	7	high_priority	none	no_repeat_overlap	0	0	0.000000	NA	no_dmr_overlap	0	0	0.000000	NA	NA	de_significant	evm.TU.utg18633.2	gene_id	10	yes	2	diesel_added_wald|up|logFC=1.049|padj=0.003522;combined_wald|up|logFC=1.216|padj=0.0007825	0.000212643	1.2156
evm.utg183.9	118	top_stress_responsive_dark_candidate	high_priority;single_copy_or_no_near_identical_dark_duplicate;DE_significant_any_contrast;stress_contrast_DE;diesel_added_DE;abs_logFC_ge_1.5;padj_le_0.01;no_repeat_TE_overlap;no_DMR_overlap	all	yes	yes	2	2	1.62369	0.00336977	full_model_LRT|up|logFC=1.624|padj=0.00337;diesel_added_wald|up|logFC=1.443|padj=0.004024	evm.utg183.9	evm.TU.utg183.9	68	1	no										no		no										no		no										no				no	yes	tr|A0AAD9V1W1|A0AAD9V1W1_ACRCE	48.889	45	1.54e-06	45.1	68	113	0.6618	0.3982	yes	tr|A0AAD9V1W1|A0AAD9V1W1_ACRCE Uncharacterized protein OS=Acropora cervicornis OX=6130 GN=P5673_019649 PE=4 SV=1	yes	uncharacterized protein	no	no							no														yes	no	"evm.utg183.9	OTHER	0.002133	0.997867	"	function_dark_no_current_annotation	function_dark_no_current_annotation	ambiguous_or_low_confidence_evidence;non_classifying_evidence_retained	"diamond_swissprot_hit=no | diamond_swissprot_evalue_pass=no | blastp_swissprot_hit=no | blastp_swissprot_evalue_pass=no | diamond_trembl_cnidaria_hit=no | diamond_trembl_cnidaria_evalue_pass=no | diamond_trembl_cnidaria_informative_hit=no | blastp_trembl_cnidaria_hit=yes | blastp_trembl_cnidaria_subject=tr|A0AAD9V1W1|A0AAD9V1W1_ACRCE | blastp_trembl_cnidaria_pident=48.889 | blastp_trembl_cnidaria_aln_length=45 | blastp_trembl_cnidaria_evalue=1.54e-06 | blastp_trembl_cnidaria_bitscore=45.1 | blastp_trembl_cnidaria_qlen=68 | blastp_trembl_cnidaria_slen=113 | blastp_trembl_cnidaria_query_coverage=0.6618 | blastp_trembl_cnidaria_subject_coverage=0.3982 | blastp_trembl_cnidaria_evalue_pass=yes | blastp_trembl_cnidaria_description=tr|A0AAD9V1W1|A0AAD9V1W1_ACRCE Uncharacterized protein OS=Acropora cervicornis OX=6130 GN=P5673_019649 PE=4 SV=1 | blastp_trembl_cnidaria_description_is_ambiguous=yes | blastp_trembl_cnidaria_description_ambiguity_reason=uncharacterized protein | blastp_trembl_cnidaria_informative_hit=no | interpro_hit=no | eggnog_hit=no | signalp_result_present=yes | signalp_positive=no | signalp_raw=evm.utg183.9	OTHER	0.002133	0.997867"	sequence_found_in_external_fasta	evm.utg183.1	evm.utg183.1	matched_multiple	protein_id	evm.utg183.9	evm.utg183.9	cds.evm.utg183	utg183	-	utg183:89419-90805(-)	utg183:89419-90805(-)	89419	90805	1387	utg183:89631-90736(-)	89631	90736	1106	207	2	exon_features	2	matched_primary_from_multiple_strict	1	candidate_id_equals_transcript_id	98	41	98	9	1	0	0	no	dark_cluster_002670	evm.utg183.9	1	evm.utg183.9	1	1	1	no	single_copy_or_no_near_identical_dark_duplicate	8	high_priority	none	no_repeat_overlap	0	0	0.000000	NA	no_dmr_overlap	0	0	0.000000	NA	NA	de_significant	evm.TU.utg183.9	gene_id	10	yes	2	diesel_added_wald|up|logFC=1.443|padj=0.004024;full_model_LRT|up|logFC=1.624|padj=0.00337	0.00336977	1.62369
evm.utg1684.3	118	top_stress_responsive_dark_candidate	high_priority;single_copy_or_no_near_identical_dark_duplicate;DE_significant_any_contrast;stress_contrast_DE;diesel_added_DE;abs_logFC_ge_2;padj_le_0.01;repeat_TE_overlap_context;no_DMR_overlap	all	yes	yes	3	3	2.39825	0.00770097	combined_wald|down|logFC=-1.855|padj=0.007701;diesel_added_wald|down|logFC=-1.476|padj=0.01472;full_model_LRT|down|logFC=-2.398|padj=0.02195	evm.utg1684.3	evm.TU.utg1684.3	70	1	no										no		no										no		no										no				no	no										no				no	no							no														yes	no	"evm.utg1684.3	OTHER	0.000602	0.999398	"	function_dark_no_current_annotation	function_dark_no_current_annotation	non_classifying_evidence_retained	"diamond_swissprot_hit=no | diamond_swissprot_evalue_pass=no | blastp_swissprot_hit=no | blastp_swissprot_evalue_pass=no | diamond_trembl_cnidaria_hit=no | diamond_trembl_cnidaria_evalue_pass=no | diamond_trembl_cnidaria_informative_hit=no | blastp_trembl_cnidaria_hit=no | blastp_trembl_cnidaria_evalue_pass=no | blastp_trembl_cnidaria_informative_hit=no | interpro_hit=no | eggnog_hit=no | signalp_result_present=yes | signalp_positive=no | signalp_raw=evm.utg1684.3	OTHER	0.000602	0.999398"	sequence_found_in_external_fasta	evm.utg1684.3	evm.utg1684.3	matched_multiple	protein_id	evm.utg1684.3	evm.utg1684.3	cds.evm.utg1684	utg1684	-	utg1684:40424-41979(-)	utg1684:40424-41979(-)	40424	41979	1556	utg1684:40809-41974(-)	40809	41974	1166	213	3	exon_features	3	matched_primary_from_multiple_strict	1	candidate_id_equals_transcript_id	53	19	53	10	1	0	0	no	dark_cluster_000143	evm.utg1684.3	1	evm.utg1684.3	1	1	1	no	single_copy_or_no_near_identical_dark_duplicate	8	high_priority	none	repeat_overlap	2	1541	0.990360	rnd-6_family-7453 1 4715:1;rnd-6_family-4817 1 1025:1	no_dmr_overlap	0	0	0.000000	NA	NA	de_significant	evm.TU.utg1684.3	gene_id	10	yes	3	diesel_added_wald|down|logFC=-1.476|padj=0.01472;combined_wald|down|logFC=-1.855|padj=0.007701;full_model_LRT|down|logFC=-2.398|padj=0.02195	0.00770097	2.39825
evm.utg1345.37	117	top_stress_responsive_dark_candidate	high_priority;possible_biological_gene_family_expansion;DE_significant_any_contrast;stress_contrast_DE;diesel_added_DE;abs_logFC_ge_2;padj_le_0.001;repeat_TE_overlap_context;no_DMR_overlap	all	yes	yes	6	6	7.37646	8.22449e-08	salinity_only_wald|down|logFC=-5.61|padj=8.224e-08;full_model_LRT|up|logFC=7.376|padj=3.394e-05;salinity_only_LRT|down|logFC=-6.488|padj=0.0001669;interactive_only_wald|up|logFC=5.49|padj=0.002529;diesel_added_wald|up|logFC=1.883|padj=0.007614;interactive_only_LRT|up|logFC=7.376|padj=0.02144	evm.utg1345.37	evm.TU.utg1345.37	75	1	no										no		no										no		no										no				no	no										no				no	no							no														yes	no	"evm.utg1345.37	OTHER	0.013291	0.986709	"	function_dark_no_current_annotation	function_dark_no_current_annotation	non_classifying_evidence_retained	"diamond_swissprot_hit=no | diamond_swissprot_evalue_pass=no | blastp_swissprot_hit=no | blastp_swissprot_evalue_pass=no | diamond_trembl_cnidaria_hit=no | diamond_trembl_cnidaria_evalue_pass=no | diamond_trembl_cnidaria_informative_hit=no | blastp_trembl_cnidaria_hit=no | blastp_trembl_cnidaria_evalue_pass=no | blastp_trembl_cnidaria_informative_hit=no | interpro_hit=no | eggnog_hit=no | signalp_result_present=yes | signalp_positive=no | signalp_raw=evm.utg1345.37	OTHER	0.013291	0.986709"	sequence_found_in_external_fasta	evm.utg1345.1	evm.utg1345.1	matched_multiple	protein_id	evm.utg1345.37	evm.utg1345.37	cds.evm.utg1345	utg1345	+	utg1345:222462-223459(+)	utg1345:222462-223459(+)	222462	223459	998	utg1345:222462-223459(+)	222462	223459	998	228	2	exon_features	2	matched_primary_from_multiple_strict	1	candidate_id_equals_transcript_id	180	85	180	8	1	0	0	no	dark_cluster_002245	evm.utg1345.24	7	evm.utg1345.24;evm.utg1345.25;evm.utg1345.28;evm.utg1345.37;evm.utg1345.47;evm.utg1345.64;evm.utg1345.79	7	1	7	no	possible_biological_gene_family_expansion	5	high_priority	large_near_identical_dark_cluster;possible_biological_gene_family_expansion	repeat_overlap	3	624	0.625251	rnd-1_family-479 1 207:1;rnd-6_family-3354 2 34:1;rnd-5_family-4597 224 607:1	no_dmr_overlap	0	0	0.000000	NA	NA	de_significant	evm.TU.utg1345.37	gene_id	10	yes	6	salinity_only_wald|down|logFC=-5.61|padj=8.224e-08;diesel_added_wald|up|logFC=1.883|padj=0.007614;interactive_only_wald|up|logFC=5.49|padj=0.002529;salinity_only_LRT|down|logFC=-6.488|padj=0.0001669;full_model_LRT|up|logFC=7.376|padj=3.394e-05;interactive_only_LRT|up|logFC=7.376|padj=0.02144	8.22449e-08	7.37646
evm.utg276.17	117	top_stress_responsive_dark_candidate	high_priority;possible_biological_gene_family_expansion;DE_significant_any_contrast;stress_contrast_DE;diesel_added_DE;abs_logFC_ge_1.5;padj_le_0.001;no_repeat_TE_overlap;no_DMR_overlap	all	yes	yes	4	4	1.71849	2.15439e-05	full_model_LRT|up|logFC=1.701|padj=2.154e-05;diesel_added_wald|up|logFC=1.718|padj=9.914e-05;salinity_only_wald|down|logFC=-1.269|padj=0.000751;salinity_only_LRT|down|logFC=-1.551|padj=0.004776	evm.utg276.17	evm.TU.utg276.17	489	1	no										no		no										no		yes	tr|A0A6P8IWF8|A0A6P8IWF8_ACTTE	100	485	0.0	957	489	486	0.9918	0.9979	yes	tr|A0A6P8IWF8|A0A6P8IWF8_ACTTE Uncharacterized protein LOC116304751 OS=Actinia tenebrosa OX=6105 GN=LOC116304751 PE=4 SV=1	yes	uncharacterized protein	no	yes	tr|A0A6P8IWF8|A0A6P8IWF8_ACTTE	100.000	485	0.0	996	489	486	0.9918	0.9979	yes	tr|A0A6P8IWF8|A0A6P8IWF8_ACTTE Uncharacterized protein LOC116304751 OS=Actinia tenebrosa OX=6105 GN=LOC116304751 PE=4 SV=1	yes	uncharacterized protein	no	no							no														yes	no	"evm.utg276.17	OTHER	0.000278	0.999722	"	function_dark_no_current_annotation	function_dark_no_current_annotation	ambiguous_or_low_confidence_evidence;non_classifying_evidence_retained	"diamond_swissprot_hit=no | diamond_swissprot_evalue_pass=no | blastp_swissprot_hit=no | blastp_swissprot_evalue_pass=no | diamond_trembl_cnidaria_hit=yes | diamond_trembl_cnidaria_subject=tr|A0A6P8IWF8|A0A6P8IWF8_ACTTE | diamond_trembl_cnidaria_pident=100 | diamond_trembl_cnidaria_aln_length=485 | diamond_trembl_cnidaria_evalue=0.0 | diamond_trembl_cnidaria_bitscore=957 | diamond_trembl_cnidaria_qlen=489 | diamond_trembl_cnidaria_slen=486 | diamond_trembl_cnidaria_query_coverage=0.9918 | diamond_trembl_cnidaria_subject_coverage=0.9979 | diamond_trembl_cnidaria_evalue_pass=yes | diamond_trembl_cnidaria_description=tr|A0A6P8IWF8|A0A6P8IWF8_ACTTE Uncharacterized protein LOC116304751 OS=Actinia tenebrosa OX=6105 GN=LOC116304751 PE=4 SV=1 | diamond_trembl_cnidaria_description_is_ambiguous=yes | diamond_trembl_cnidaria_description_ambiguity_reason=uncharacterized protein | diamond_trembl_cnidaria_informative_hit=no | blastp_trembl_cnidaria_hit=yes | blastp_trembl_cnidaria_subject=tr|A0A6P8IWF8|A0A6P8IWF8_ACTTE | blastp_trembl_cnidaria_pident=100.000 | blastp_trembl_cnidaria_aln_length=485 | blastp_trembl_cnidaria_evalue=0.0 | blastp_trembl_cnidaria_bitscore=996 | blastp_trembl_cnidaria_qlen=489 | blastp_trembl_cnidaria_slen=486 | blastp_trembl_cnidaria_query_coverage=0.9918 | blastp_trembl_cnidaria_subject_coverage=0.9979 | blastp_trembl_cnidaria_evalue_pass=yes | blastp_trembl_cnidaria_description=tr|A0A6P8IWF8|A0A6P8IWF8_ACTTE Uncharacterized protein LOC116304751 OS=Actinia tenebrosa OX=6105 GN=LOC116304751 PE=4 SV=1 | blastp_trembl_cnidaria_description_is_ambiguous=yes | blastp_trembl_cnidaria_description_ambiguity_reason=uncharacterized protein | blastp_trembl_cnidaria_informative_hit=no | interpro_hit=no | eggnog_hit=no | signalp_result_present=yes | signalp_positive=no | signalp_raw=evm.utg276.17	OTHER	0.000278	0.999722"	sequence_found_in_external_fasta	evm.utg276.1	evm.utg276.1	matched_multiple	protein_id	evm.utg276	evm.utg276.17	cds.evm.utg276	utg276	+	utg276:199300-200769(+)	utg276:199300-200769(+)	199300	200769	1470	utg276:199300-200769(+)	199300	200769	1470	1470	1	exon_features	1	matched_primary_from_multiple_strict	1	candidate_id_equals_transcript_id	130	55	130	13	1	2	4	no	dark_cluster_001339	evm.utg276.17	3	evm.utg276.17;evm.utg276.40;evm.utg276.46	3	1	3	no	possible_biological_gene_family_expansion	6	high_priority	near_identical_dark_cluster;possible_biological_gene_family_expansion	no_repeat_overlap	0	0	0.000000	NA	no_dmr_overlap	0	0	0.000000	NA	NA	de_significant	evm.TU.utg276.17	gene_id	10	yes	4	salinity_only_wald|down|logFC=-1.269|padj=0.000751;diesel_added_wald|up|logFC=1.718|padj=9.914e-05;salinity_only_LRT|down|logFC=-1.551|padj=0.004776;full_model_LRT|up|logFC=1.701|padj=2.154e-05	2.15439e-05	1.71849
evm.utg2338.21	117	top_stress_responsive_dark_candidate	high_priority;possible_biological_gene_family_expansion;DE_significant_any_contrast;stress_contrast_DE;diesel_added_DE;abs_logFC_ge_2;padj_le_0.001;repeat_TE_overlap_context;no_DMR_overlap	all	yes	yes	5	5	4.21482	0.00028875	full_model_LRT|up|logFC=4.215|padj=0.0002888;salinity_added_wald|up|logFC=2.292|padj=0.0005054;diesel_added_wald|up|logFC=1.553|padj=0.00959;interactive_only_wald|up|logFC=2.198|padj=0.02597;interactive_only_LRT|up|logFC=4.215|padj=0.04562	evm.utg2338.21	evm.TU.utg2338.21	170	1	no										no		no										no		yes	tr|A0A6P8H4M4|A0A6P8H4M4_ACTTE	98.8	170	6.44e-115	325	170	170	1.0000	1.0000	yes	tr|A0A6P8H4M4|A0A6P8H4M4_ACTTE Uncharacterized protein LOC116288623 OS=Actinia tenebrosa OX=6105 GN=LOC116288623 PE=4 SV=1	yes	uncharacterized protein	no	yes	tr|A0A6P8H4M4|A0A6P8H4M4_ACTTE	98.824	170	6.11e-120	338	170	170	1.0000	1.0000	yes	tr|A0A6P8H4M4|A0A6P8H4M4_ACTTE Uncharacterized protein LOC116288623 OS=Actinia tenebrosa OX=6105 GN=LOC116288623 PE=4 SV=1	yes	uncharacterized protein	no	no							no														yes	no	"evm.utg2338.21	SP(Sec/SPI)	0.996126	0.003874	CS pos: 22-23. VCS-LK. Pr: 0.9590"	function_dark_no_current_annotation	function_dark_no_current_annotation	ambiguous_or_low_confidence_evidence;non_classifying_evidence_retained	"diamond_swissprot_hit=no | diamond_swissprot_evalue_pass=no | blastp_swissprot_hit=no | blastp_swissprot_evalue_pass=no | diamond_trembl_cnidaria_hit=yes | diamond_trembl_cnidaria_subject=tr|A0A6P8H4M4|A0A6P8H4M4_ACTTE | diamond_trembl_cnidaria_pident=98.8 | diamond_trembl_cnidaria_aln_length=170 | diamond_trembl_cnidaria_evalue=6.44e-115 | diamond_trembl_cnidaria_bitscore=325 | diamond_trembl_cnidaria_qlen=170 | diamond_trembl_cnidaria_slen=170 | diamond_trembl_cnidaria_query_coverage=1.0000 | diamond_trembl_cnidaria_subject_coverage=1.0000 | diamond_trembl_cnidaria_evalue_pass=yes | diamond_trembl_cnidaria_description=tr|A0A6P8H4M4|A0A6P8H4M4_ACTTE Uncharacterized protein LOC116288623 OS=Actinia tenebrosa OX=6105 GN=LOC116288623 PE=4 SV=1 | diamond_trembl_cnidaria_description_is_ambiguous=yes | diamond_trembl_cnidaria_description_ambiguity_reason=uncharacterized protein | diamond_trembl_cnidaria_informative_hit=no | blastp_trembl_cnidaria_hit=yes | blastp_trembl_cnidaria_subject=tr|A0A6P8H4M4|A0A6P8H4M4_ACTTE | blastp_trembl_cnidaria_pident=98.824 | blastp_trembl_cnidaria_aln_length=170 | blastp_trembl_cnidaria_evalue=6.11e-120 | blastp_trembl_cnidaria_bitscore=338 | blastp_trembl_cnidaria_qlen=170 | blastp_trembl_cnidaria_slen=170 | blastp_trembl_cnidaria_query_coverage=1.0000 | blastp_trembl_cnidaria_subject_coverage=1.0000 | blastp_trembl_cnidaria_evalue_pass=yes | blastp_trembl_cnidaria_description=tr|A0A6P8H4M4|A0A6P8H4M4_ACTTE Uncharacterized protein LOC116288623 OS=Actinia tenebrosa OX=6105 GN=LOC116288623 PE=4 SV=1 | blastp_trembl_cnidaria_description_is_ambiguous=yes | blastp_trembl_cnidaria_description_ambiguity_reason=uncharacterized protein | blastp_trembl_cnidaria_informative_hit=no | interpro_hit=no | eggnog_hit=no | signalp_result_present=yes | signalp_positive=no | signalp_raw=evm.utg2338.21	SP(Sec/SPI)	0.996126	0.003874	CS pos: 22-23. VCS-LK. Pr: 0.9590"	sequence_found_in_external_fasta	evm.utg2338.1	evm.utg2338.1	matched_multiple	protein_id	evm.utg2338.21	evm.utg2338.21	cds.evm.utg2338	utg2338	+	utg2338:272036-274486(+)	utg2338:272036-274486(+)	272036	274486	2451	utg2338:272036-274486(+)	272036	274486	2451	513	2	exon_features	2	matched_primary_from_multiple_strict	1	candidate_id_equals_transcript_id	58	23	58	8	1	0	0	no	dark_cluster_000390	evm.utg2338.1	4	evm.utg2338.1;evm.utg2338.16;evm.utg2338.21;evm.utg2338.23	4	1	4	no	possible_biological_gene_family_expansion	7	high_priority	near_identical_dark_cluster;possible_biological_gene_family_expansion	repeat_overlap	6	735	0.299878	rnd-3_family-546 263 411:1;rnd-5_family-1955 608 905:1;rnd-4_family-1098 2 55:1;rnd-5_family-333 73 111:1;rnd-4_family-902 2 161:1;rnd-5_family-86 1 184:1	no_dmr_overlap	0	0	0.000000	NA	NA	de_significant	evm.TU.utg2338.21	gene_id	10	yes	5	diesel_added_wald|up|logFC=1.553|padj=0.00959;salinity_added_wald|up|logFC=2.292|padj=0.0005054;interactive_only_wald|up|logFC=2.198|padj=0.02597;full_model_LRT|up|logFC=4.215|padj=0.0002888;interactive_only_LRT|up|logFC=4.215|padj=0.04562	0.00028875	4.21482
evm.utg1575.43	116	top_stress_responsive_dark_candidate	high_priority;single_copy_or_no_near_identical_dark_duplicate;DE_significant_any_contrast;stress_contrast_DE;diesel_added_DE;abs_logFC_ge_1.5;padj_le_0.001;repeat_TE_overlap_context;no_DMR_overlap	all	yes	yes	2	2	1.52025	4.05022e-05	full_model_LRT|down|logFC=-1.176|padj=4.05e-05;diesel_added_wald|down|logFC=-1.52|padj=0.002367	evm.utg1575.43	evm.TU.utg1575.43	334	1	no										no		no										no		yes	tr|A0A6P8IKH8|A0A6P8IKH8_ACTTE	87.9	264	4.42e-176	508	334	720	0.7904	0.3667	yes	tr|A0A6P8IKH8|A0A6P8IKH8_ACTTE Uncharacterized protein LOC116301908 OS=Actinia tenebrosa OX=6105 GN=LOC116301908 PE=4 SV=1	yes	uncharacterized protein	no	yes	tr|A0A6P8IKH8|A0A6P8IKH8_ACTTE	87.879	264	1.82e-173	501	334	720	0.7904	0.3667	yes	tr|A0A6P8IKH8|A0A6P8IKH8_ACTTE Uncharacterized protein LOC116301908 OS=Actinia tenebrosa OX=6105 GN=LOC116301908 PE=4 SV=1	yes	uncharacterized protein	no	no							no														yes	no	"evm.utg1575.43	OTHER	0.011732	0.988268	"	function_dark_no_current_annotation	function_dark_no_current_annotation	ambiguous_or_low_confidence_evidence;non_classifying_evidence_retained	"diamond_swissprot_hit=no | diamond_swissprot_evalue_pass=no | blastp_swissprot_hit=no | blastp_swissprot_evalue_pass=no | diamond_trembl_cnidaria_hit=yes | diamond_trembl_cnidaria_subject=tr|A0A6P8IKH8|A0A6P8IKH8_ACTTE | diamond_trembl_cnidaria_pident=87.9 | diamond_trembl_cnidaria_aln_length=264 | diamond_trembl_cnidaria_evalue=4.42e-176 | diamond_trembl_cnidaria_bitscore=508 | diamond_trembl_cnidaria_qlen=334 | diamond_trembl_cnidaria_slen=720 | diamond_trembl_cnidaria_query_coverage=0.7904 | diamond_trembl_cnidaria_subject_coverage=0.3667 | diamond_trembl_cnidaria_evalue_pass=yes | diamond_trembl_cnidaria_description=tr|A0A6P8IKH8|A0A6P8IKH8_ACTTE Uncharacterized protein LOC116301908 OS=Actinia tenebrosa OX=6105 GN=LOC116301908 PE=4 SV=1 | diamond_trembl_cnidaria_description_is_ambiguous=yes | diamond_trembl_cnidaria_description_ambiguity_reason=uncharacterized protein | diamond_trembl_cnidaria_informative_hit=no | blastp_trembl_cnidaria_hit=yes | blastp_trembl_cnidaria_subject=tr|A0A6P8IKH8|A0A6P8IKH8_ACTTE | blastp_trembl_cnidaria_pident=87.879 | blastp_trembl_cnidaria_aln_length=264 | blastp_trembl_cnidaria_evalue=1.82e-173 | blastp_trembl_cnidaria_bitscore=501 | blastp_trembl_cnidaria_qlen=334 | blastp_trembl_cnidaria_slen=720 | blastp_trembl_cnidaria_query_coverage=0.7904 | blastp_trembl_cnidaria_subject_coverage=0.3667 | blastp_trembl_cnidaria_evalue_pass=yes | blastp_trembl_cnidaria_description=tr|A0A6P8IKH8|A0A6P8IKH8_ACTTE Uncharacterized protein LOC116301908 OS=Actinia tenebrosa OX=6105 GN=LOC116301908 PE=4 SV=1 | blastp_trembl_cnidaria_description_is_ambiguous=yes | blastp_trembl_cnidaria_description_ambiguity_reason=uncharacterized protein | blastp_trembl_cnidaria_informative_hit=no | interpro_hit=no | eggnog_hit=no | signalp_result_present=yes | signalp_positive=no | signalp_raw=evm.utg1575.43	OTHER	0.011732	0.988268"	sequence_found_in_external_fasta	evm.utg1575.43	evm.utg1575.43	matched_multiple	protein_id	evm.utg1575	evm.utg1575.43	cds.evm.utg1575	utg1575	+	utg1575:400933-404483(+)	utg1575:400933-404483(+)	400933	404483	3551	utg1575:400933-404483(+)	400933	404483	3551	1005	4	exon_features	4	matched_primary_from_multiple_strict	1	candidate_id_equals_transcript_id	92	41	92	7	1	1	1	no	dark_cluster_003250	evm.utg1575.43	1	evm.utg1575.43	1	1	1	no	single_copy_or_no_near_identical_dark_duplicate	8	high_priority	none	repeat_overlap	5	2183	0.614756	rnd-6_family-8803 55 147:1;rnd-6_family-9660 31 93:1;rnd-6_family-7139 4 142:1;rnd-1_family-158 1 98:1;rnd-1_family-206 4 4859:1	no_dmr_overlap	0	0	0.000000	NA	NA	de_significant	evm.TU.utg1575.43	gene_id	10	yes	2	diesel_added_wald|down|logFC=-1.52|padj=0.002367;full_model_LRT|down|logFC=-1.176|padj=4.05e-05	4.05022e-05	1.52025
evm.utg19590.19	116	top_stress_responsive_dark_candidate	high_priority;single_copy_or_no_near_identical_dark_duplicate;DE_significant_any_contrast;stress_contrast_DE;diesel_added_DE;abs_logFC_ge_1.5;padj_le_0.001;repeat_TE_overlap_context;no_DMR_overlap	all	yes	yes	2	2	1.77717	5.30005e-05	full_model_LRT|down|logFC=-1.513|padj=5.3e-05;diesel_added_wald|down|logFC=-1.777|padj=0.002438	evm.utg19590.19	evm.TU.utg19590.19	198	1	no										no		no										no		yes	tr|A0A6P8IKH8|A0A6P8IKH8_ACTTE	91.2	170	4.44e-115	346	198	720	0.8586	0.2361	yes	tr|A0A6P8IKH8|A0A6P8IKH8_ACTTE Uncharacterized protein LOC116301908 OS=Actinia tenebrosa OX=6105 GN=LOC116301908 PE=4 SV=1	yes	uncharacterized protein	no	yes	tr|A0A6P8IKH8|A0A6P8IKH8_ACTTE	91.176	170	2.88e-113	341	198	720	0.8586	0.2361	yes	tr|A0A6P8IKH8|A0A6P8IKH8_ACTTE Uncharacterized protein LOC116301908 OS=Actinia tenebrosa OX=6105 GN=LOC116301908 PE=4 SV=1	yes	uncharacterized protein	no	no							no														yes	no	"evm.utg19590.19	OTHER	0.000863	0.999137	"	function_dark_no_current_annotation	function_dark_no_current_annotation	ambiguous_or_low_confidence_evidence;non_classifying_evidence_retained	"diamond_swissprot_hit=no | diamond_swissprot_evalue_pass=no | blastp_swissprot_hit=no | blastp_swissprot_evalue_pass=no | diamond_trembl_cnidaria_hit=yes | diamond_trembl_cnidaria_subject=tr|A0A6P8IKH8|A0A6P8IKH8_ACTTE | diamond_trembl_cnidaria_pident=91.2 | diamond_trembl_cnidaria_aln_length=170 | diamond_trembl_cnidaria_evalue=4.44e-115 | diamond_trembl_cnidaria_bitscore=346 | diamond_trembl_cnidaria_qlen=198 | diamond_trembl_cnidaria_slen=720 | diamond_trembl_cnidaria_query_coverage=0.8586 | diamond_trembl_cnidaria_subject_coverage=0.2361 | diamond_trembl_cnidaria_evalue_pass=yes | diamond_trembl_cnidaria_description=tr|A0A6P8IKH8|A0A6P8IKH8_ACTTE Uncharacterized protein LOC116301908 OS=Actinia tenebrosa OX=6105 GN=LOC116301908 PE=4 SV=1 | diamond_trembl_cnidaria_description_is_ambiguous=yes | diamond_trembl_cnidaria_description_ambiguity_reason=uncharacterized protein | diamond_trembl_cnidaria_informative_hit=no | blastp_trembl_cnidaria_hit=yes | blastp_trembl_cnidaria_subject=tr|A0A6P8IKH8|A0A6P8IKH8_ACTTE | blastp_trembl_cnidaria_pident=91.176 | blastp_trembl_cnidaria_aln_length=170 | blastp_trembl_cnidaria_evalue=2.88e-113 | blastp_trembl_cnidaria_bitscore=341 | blastp_trembl_cnidaria_qlen=198 | blastp_trembl_cnidaria_slen=720 | blastp_trembl_cnidaria_query_coverage=0.8586 | blastp_trembl_cnidaria_subject_coverage=0.2361 | blastp_trembl_cnidaria_evalue_pass=yes | blastp_trembl_cnidaria_description=tr|A0A6P8IKH8|A0A6P8IKH8_ACTTE Uncharacterized protein LOC116301908 OS=Actinia tenebrosa OX=6105 GN=LOC116301908 PE=4 SV=1 | blastp_trembl_cnidaria_description_is_ambiguous=yes | blastp_trembl_cnidaria_description_ambiguity_reason=uncharacterized protein | blastp_trembl_cnidaria_informative_hit=no | interpro_hit=no | eggnog_hit=no | signalp_result_present=yes | signalp_positive=no | signalp_raw=evm.utg19590.19	OTHER	0.000863	0.999137"	sequence_found_in_external_fasta	evm.utg19590.19	evm.utg19590.19	matched_multiple	protein_id	evm.utg19590	evm.utg19590.19	cds.evm.utg19590	utg19590	+	utg19590:120085-120907(+)	utg19590:120085-120907(+)	120085	120907	823	utg19590:120085-120907(+)	120085	120907	823	597	2	exon_features	2	matched_primary_from_multiple_strict	1	candidate_id_equals_transcript_id	32	16	32	1	1	0	0	no	dark_cluster_003053	evm.utg19590.19	1	evm.utg19590.19	1	1	1	no	single_copy_or_no_near_identical_dark_duplicate	8	high_priority	none	repeat_overlap	1	823	1.000000	rnd-1_family-206 4 3264:1	no_dmr_overlap	0	0	0.000000	NA	NA	de_significant	evm.TU.utg19590.19	gene_id	10	yes	2	diesel_added_wald|down|logFC=-1.777|padj=0.002438;full_model_LRT|down|logFC=-1.513|padj=5.3e-05	5.30005e-05	1.77717
evm.utg320.138	116	top_stress_responsive_dark_candidate	high_priority;single_copy_or_no_near_identical_dark_duplicate;DE_significant_any_contrast;stress_contrast_DE;diesel_added_DE;abs_logFC_ge_1.5;padj_le_0.001;repeat_TE_overlap_context;no_DMR_overlap	all	yes	yes	2	2	1.84432	0.000291265	full_model_LRT|down|logFC=-1.644|padj=0.0002913;diesel_added_wald|down|logFC=-1.844|padj=0.002743	evm.utg320.138	evm.TU.utg320.138	364	1	no										no		no										no		yes	tr|A0A6P8IKH8|A0A6P8IKH8_ACTTE	90.1	253	1.49e-172	500	364	720	0.6951	0.3514	yes	tr|A0A6P8IKH8|A0A6P8IKH8_ACTTE Uncharacterized protein LOC116301908 OS=Actinia tenebrosa OX=6105 GN=LOC116301908 PE=4 SV=1	yes	uncharacterized protein	no	yes	tr|A0A6P8IKH8|A0A6P8IKH8_ACTTE	90.119	253	1.87e-170	495	364	720	0.6951	0.3514	yes	tr|A0A6P8IKH8|A0A6P8IKH8_ACTTE Uncharacterized protein LOC116301908 OS=Actinia tenebrosa OX=6105 GN=LOC116301908 PE=4 SV=1	yes	uncharacterized protein	no	no							no														yes	no	"evm.utg320.138	OTHER	0.000986	0.999014	"	function_dark_no_current_annotation	function_dark_no_current_annotation	ambiguous_or_low_confidence_evidence;non_classifying_evidence_retained	"diamond_swissprot_hit=no | diamond_swissprot_evalue_pass=no | blastp_swissprot_hit=no | blastp_swissprot_evalue_pass=no | diamond_trembl_cnidaria_hit=yes | diamond_trembl_cnidaria_subject=tr|A0A6P8IKH8|A0A6P8IKH8_ACTTE | diamond_trembl_cnidaria_pident=90.1 | diamond_trembl_cnidaria_aln_length=253 | diamond_trembl_cnidaria_evalue=1.49e-172 | diamond_trembl_cnidaria_bitscore=500 | diamond_trembl_cnidaria_qlen=364 | diamond_trembl_cnidaria_slen=720 | diamond_trembl_cnidaria_query_coverage=0.6951 | diamond_trembl_cnidaria_subject_coverage=0.3514 | diamond_trembl_cnidaria_evalue_pass=yes | diamond_trembl_cnidaria_description=tr|A0A6P8IKH8|A0A6P8IKH8_ACTTE Uncharacterized protein LOC116301908 OS=Actinia tenebrosa OX=6105 GN=LOC116301908 PE=4 SV=1 | diamond_trembl_cnidaria_description_is_ambiguous=yes | diamond_trembl_cnidaria_description_ambiguity_reason=uncharacterized protein | diamond_trembl_cnidaria_informative_hit=no | blastp_trembl_cnidaria_hit=yes | blastp_trembl_cnidaria_subject=tr|A0A6P8IKH8|A0A6P8IKH8_ACTTE | blastp_trembl_cnidaria_pident=90.119 | blastp_trembl_cnidaria_aln_length=253 | blastp_trembl_cnidaria_evalue=1.87e-170 | blastp_trembl_cnidaria_bitscore=495 | blastp_trembl_cnidaria_qlen=364 | blastp_trembl_cnidaria_slen=720 | blastp_trembl_cnidaria_query_coverage=0.6951 | blastp_trembl_cnidaria_subject_coverage=0.3514 | blastp_trembl_cnidaria_evalue_pass=yes | blastp_trembl_cnidaria_description=tr|A0A6P8IKH8|A0A6P8IKH8_ACTTE Uncharacterized protein LOC116301908 OS=Actinia tenebrosa OX=6105 GN=LOC116301908 PE=4 SV=1 | blastp_trembl_cnidaria_description_is_ambiguous=yes | blastp_trembl_cnidaria_description_ambiguity_reason=uncharacterized protein | blastp_trembl_cnidaria_informative_hit=no | interpro_hit=no | eggnog_hit=no | signalp_result_present=yes | signalp_positive=no | signalp_raw=evm.utg320.138	OTHER	0.000986	0.999014"	sequence_found_in_external_fasta	evm.utg320.138	evm.utg320.138	matched_multiple	protein_id	evm.utg320.138	evm.utg320.138	cds.evm.utg320	utg320	+	utg320:1402658-1403809(+)	utg320:1402658-1403809(+)	1402658	1403809	1152	utg320:1402715-1403809(+)	1402715	1403809	1095	1095	1	exon_features	1	matched_primary_from_multiple_strict	1	candidate_id_equals_transcript_id	428	157	428	60	1	2	3	no	dark_cluster_003055	evm.utg320.138	1	evm.utg320.138	1	1	1	no	single_copy_or_no_near_identical_dark_duplicate	7	high_priority	none	repeat_overlap	1	1152	1.000000	rnd-1_family-206 4 4858:1	no_dmr_overlap	0	0	0.000000	NA	NA	de_significant	evm.TU.utg320.138	gene_id	10	yes	2	diesel_added_wald|down|logFC=-1.844|padj=0.002743;full_model_LRT|down|logFC=-1.644|padj=0.0002913	0.000291265	1.84432
evm.utg13050.2	116	top_stress_responsive_dark_candidate	high_priority;single_copy_or_no_near_identical_dark_duplicate;DE_significant_any_contrast;stress_contrast_DE;diesel_added_DE;abs_logFC_ge_1.5;padj_le_0.001;repeat_TE_overlap_context;no_DMR_overlap	all	yes	yes	2	2	1.50246	0.000908974	full_model_LRT|down|logFC=-1.403|padj=0.000909;diesel_added_wald|down|logFC=-1.502|padj=0.007956	evm.utg13050.2	evm.TU.utg13050.2	197	1	no										no		no										no		yes	tr|A0A6P8IKH8|A0A6P8IKH8_ACTTE	90.6	170	3.36e-114	343	197	720	0.8629	0.2361	yes	tr|A0A6P8IKH8|A0A6P8IKH8_ACTTE Uncharacterized protein LOC116301908 OS=Actinia tenebrosa OX=6105 GN=LOC116301908 PE=4 SV=1	yes	uncharacterized protein	no	yes	tr|A0A6P8IKH8|A0A6P8IKH8_ACTTE	90.588	170	7.37e-113	340	197	720	0.8629	0.2361	yes	tr|A0A6P8IKH8|A0A6P8IKH8_ACTTE Uncharacterized protein LOC116301908 OS=Actinia tenebrosa OX=6105 GN=LOC116301908 PE=4 SV=1	yes	uncharacterized protein	no	no							no														yes	no	"evm.utg13050.2	OTHER	0.001051	0.998949	"	function_dark_no_current_annotation	function_dark_no_current_annotation	ambiguous_or_low_confidence_evidence;non_classifying_evidence_retained	"diamond_swissprot_hit=no | diamond_swissprot_evalue_pass=no | blastp_swissprot_hit=no | blastp_swissprot_evalue_pass=no | diamond_trembl_cnidaria_hit=yes | diamond_trembl_cnidaria_subject=tr|A0A6P8IKH8|A0A6P8IKH8_ACTTE | diamond_trembl_cnidaria_pident=90.6 | diamond_trembl_cnidaria_aln_length=170 | diamond_trembl_cnidaria_evalue=3.36e-114 | diamond_trembl_cnidaria_bitscore=343 | diamond_trembl_cnidaria_qlen=197 | diamond_trembl_cnidaria_slen=720 | diamond_trembl_cnidaria_query_coverage=0.8629 | diamond_trembl_cnidaria_subject_coverage=0.2361 | diamond_trembl_cnidaria_evalue_pass=yes | diamond_trembl_cnidaria_description=tr|A0A6P8IKH8|A0A6P8IKH8_ACTTE Uncharacterized protein LOC116301908 OS=Actinia tenebrosa OX=6105 GN=LOC116301908 PE=4 SV=1 | diamond_trembl_cnidaria_description_is_ambiguous=yes | diamond_trembl_cnidaria_description_ambiguity_reason=uncharacterized protein | diamond_trembl_cnidaria_informative_hit=no | blastp_trembl_cnidaria_hit=yes | blastp_trembl_cnidaria_subject=tr|A0A6P8IKH8|A0A6P8IKH8_ACTTE | blastp_trembl_cnidaria_pident=90.588 | blastp_trembl_cnidaria_aln_length=170 | blastp_trembl_cnidaria_evalue=7.37e-113 | blastp_trembl_cnidaria_bitscore=340 | blastp_trembl_cnidaria_qlen=197 | blastp_trembl_cnidaria_slen=720 | blastp_trembl_cnidaria_query_coverage=0.8629 | blastp_trembl_cnidaria_subject_coverage=0.2361 | blastp_trembl_cnidaria_evalue_pass=yes | blastp_trembl_cnidaria_description=tr|A0A6P8IKH8|A0A6P8IKH8_ACTTE Uncharacterized protein LOC116301908 OS=Actinia tenebrosa OX=6105 GN=LOC116301908 PE=4 SV=1 | blastp_trembl_cnidaria_description_is_ambiguous=yes | blastp_trembl_cnidaria_description_ambiguity_reason=uncharacterized protein | blastp_trembl_cnidaria_informative_hit=no | interpro_hit=no | eggnog_hit=no | signalp_result_present=yes | signalp_positive=no | signalp_raw=evm.utg13050.2	OTHER	0.001051	0.998949"	sequence_found_in_external_fasta	evm.utg13050.2	evm.utg13050.2	matched_multiple	protein_id	evm.utg13050.2	evm.utg13050.2	cds.evm.utg13050	utg13050	+	utg13050:23472-24291(+)	utg13050:23472-24291(+)	23472	24291	820	utg13050:23472-24291(+)	23472	24291	820	594	2	exon_features	2	matched_primary_from_multiple_strict	1	candidate_id_equals_transcript_id	12	6	12	1	1	0	0	no	dark_cluster_003058	evm.utg13050.2	1	evm.utg13050.2	1	1	1	no	single_copy_or_no_near_identical_dark_duplicate	8	high_priority	none	repeat_overlap	1	820	1.000000	rnd-1_family-206 4 4859:1	no_dmr_overlap	0	0	0.000000	NA	NA	de_significant	evm.TU.utg13050.2	gene_id	10	yes	2	diesel_added_wald|down|logFC=-1.502|padj=0.007956;full_model_LRT|down|logFC=-1.403|padj=0.000909	0.000908974	1.50246
evm.utg24783.1	116	top_stress_responsive_dark_candidate	high_priority;single_copy_or_no_near_identical_dark_duplicate;DE_significant_any_contrast;stress_contrast_DE;diesel_added_DE;abs_logFC_ge_2;padj_le_0.01;repeat_TE_overlap_context;no_DMR_overlap	all	yes	yes	2	2	5.39816	0.00387111	full_model_LRT|down|logFC=-5.398|padj=0.003871;diesel_added_wald|down|logFC=-2.163|padj=0.00501	evm.utg24783.1	evm.TU.utg24783.1	93	1	no										no		no										no		no										no				no	no										no				no	no							no														yes	no	"evm.utg24783.1	OTHER	0.002262	0.997738	"	function_dark_no_current_annotation	function_dark_no_current_annotation	non_classifying_evidence_retained	"diamond_swissprot_hit=no | diamond_swissprot_evalue_pass=no | blastp_swissprot_hit=no | blastp_swissprot_evalue_pass=no | diamond_trembl_cnidaria_hit=no | diamond_trembl_cnidaria_evalue_pass=no | diamond_trembl_cnidaria_informative_hit=no | blastp_trembl_cnidaria_hit=no | blastp_trembl_cnidaria_evalue_pass=no | blastp_trembl_cnidaria_informative_hit=no | interpro_hit=no | eggnog_hit=no | signalp_result_present=yes | signalp_positive=no | signalp_raw=evm.utg24783.1	OTHER	0.002262	0.997738"	sequence_found_in_external_fasta	evm.utg24783.1	evm.utg24783.1	matched_multiple	protein_id	evm.utg24783.1	evm.utg24783.1	cds.evm.utg24783	utg24783	+	utg24783:7594-9265(+)	utg24783:7594-9265(+)	7594	9265	1672	utg24783:7594-9265(+)	7594	9265	1672	282	4	exon_features	4	matched_primary_from_multiple_strict	1	candidate_id_equals_transcript_id	32	16	32	1	1	0	0	no	dark_cluster_003229	evm.utg24783.1	1	evm.utg24783.1	1	1	1	no	single_copy_or_no_near_identical_dark_duplicate	8	high_priority	none	repeat_overlap	2	1105	0.660885	GA-rich 1 34:1;rnd-5_family-2490 1 1192:1	no_dmr_overlap	0	0	0.000000	NA	NA	de_significant	evm.TU.utg24783.1	gene_id	9	yes	2	diesel_added_wald|down|logFC=-2.163|padj=0.00501;full_model_LRT|down|logFC=-5.398|padj=0.003871	0.00387111	5.39816
utg5066.equina_smart_1626273.mrna7	116	top_stress_responsive_dark_candidate	high_priority;single_copy_or_no_near_identical_dark_duplicate;DE_significant_any_contrast;stress_contrast_DE;diesel_added_DE;abs_logFC_ge_2;padj_le_0.01;repeat_TE_overlap_context;no_DMR_overlap	all	yes	yes	2	2	2.19308	0.00454527	full_model_LRT|down|logFC=-2.193|padj=0.004545;diesel_added_wald|down|logFC=-1.614|padj=0.004769	utg5066.equina_smart_1626273.mrna7	utg5066.equina_smart_1626273.path7	106	1	no										no		no										no		yes	tr|A0A6P8HJF5|A0A6P8HJF5_ACTTE	65.9	41	2.08e-10	56.6	106	125	0.3868	0.3280	yes	tr|A0A6P8HJF5|A0A6P8HJF5_ACTTE Uncharacterized protein LOC116293253 OS=Actinia tenebrosa OX=6105 GN=LOC116293253 PE=4 SV=1	yes	uncharacterized protein	no	yes	tr|A0A6P8HJF5|A0A6P8HJF5_ACTTE	54.386	57	5.25e-12	60.8	106	125	0.5377	0.4560	yes	tr|A0A6P8HJF5|A0A6P8HJF5_ACTTE Uncharacterized protein LOC116293253 OS=Actinia tenebrosa OX=6105 GN=LOC116293253 PE=4 SV=1	yes	uncharacterized protein	no	no							no														yes	no	"utg5066.equina_smart_1626273.mrna7	OTHER	0.000713	0.999287	"	function_dark_no_current_annotation	function_dark_no_current_annotation	ambiguous_or_low_confidence_evidence;non_classifying_evidence_retained	"diamond_swissprot_hit=no | diamond_swissprot_evalue_pass=no | blastp_swissprot_hit=no | blastp_swissprot_evalue_pass=no | diamond_trembl_cnidaria_hit=yes | diamond_trembl_cnidaria_subject=tr|A0A6P8HJF5|A0A6P8HJF5_ACTTE | diamond_trembl_cnidaria_pident=65.9 | diamond_trembl_cnidaria_aln_length=41 | diamond_trembl_cnidaria_evalue=2.08e-10 | diamond_trembl_cnidaria_bitscore=56.6 | diamond_trembl_cnidaria_qlen=106 | diamond_trembl_cnidaria_slen=125 | diamond_trembl_cnidaria_query_coverage=0.3868 | diamond_trembl_cnidaria_subject_coverage=0.3280 | diamond_trembl_cnidaria_evalue_pass=yes | diamond_trembl_cnidaria_description=tr|A0A6P8HJF5|A0A6P8HJF5_ACTTE Uncharacterized protein LOC116293253 OS=Actinia tenebrosa OX=6105 GN=LOC116293253 PE=4 SV=1 | diamond_trembl_cnidaria_description_is_ambiguous=yes | diamond_trembl_cnidaria_description_ambiguity_reason=uncharacterized protein | diamond_trembl_cnidaria_informative_hit=no | blastp_trembl_cnidaria_hit=yes | blastp_trembl_cnidaria_subject=tr|A0A6P8HJF5|A0A6P8HJF5_ACTTE | blastp_trembl_cnidaria_pident=54.386 | blastp_trembl_cnidaria_aln_length=57 | blastp_trembl_cnidaria_evalue=5.25e-12 | blastp_trembl_cnidaria_bitscore=60.8 | blastp_trembl_cnidaria_qlen=106 | blastp_trembl_cnidaria_slen=125 | blastp_trembl_cnidaria_query_coverage=0.5377 | blastp_trembl_cnidaria_subject_coverage=0.4560 | blastp_trembl_cnidaria_evalue_pass=yes | blastp_trembl_cnidaria_description=tr|A0A6P8HJF5|A0A6P8HJF5_ACTTE Uncharacterized protein LOC116293253 OS=Actinia tenebrosa OX=6105 GN=LOC116293253 PE=4 SV=1 | blastp_trembl_cnidaria_description_is_ambiguous=yes | blastp_trembl_cnidaria_description_ambiguity_reason=uncharacterized protein | blastp_trembl_cnidaria_informative_hit=no | interpro_hit=no | eggnog_hit=no | signalp_result_present=yes | signalp_positive=no | signalp_raw=utg5066.equina_smart_1626273.mrna7	OTHER	0.000713	0.999287"	sequence_found_in_external_fasta	utg5066.equina_smart_1626273.mrna7	utg5066.equina_smart_1626273.mrna7	matched_multiple	protein_id	utg5066.equina_smart_1626273	utg5066.equina_smart_1626273.mrna7	gmap_gene_find_equina_smart_1626273	utg5066	+	utg5066:70348-72349(+)	utg5066:70348-72349(+)	70348	72349	2002	utg5066:70348-72349(+)	70348	72349	2002	321	2	exon_features	2	matched_primary_from_multiple_strict	1	candidate_id_equals_transcript_id	2	1	2	1	1	0	0	no	dark_cluster_003329	utg5066.equina_smart_1626273.mrna7	1	utg5066.equina_smart_1626273.mrna7	1	1	1	no	single_copy_or_no_near_identical_dark_duplicate	8	high_priority	none	repeat_overlap	3	183	0.091409	rnd-4_family-515 444 521:1;rnd-4_family-135 159 229:1;(TA)n 1 22:1	no_dmr_overlap	0	0	0.000000	NA	NA	de_significant	utg5066.equina_smart_1626273.path7	gene_id	10	yes	2	diesel_added_wald|down|logFC=-1.614|padj=0.004769;full_model_LRT|down|logFC=-2.193|padj=0.004545	0.00454527	2.19308
evm.utg4665.28	115	top_stress_responsive_dark_candidate	high_priority;single_copy_or_no_near_identical_dark_duplicate;DE_significant_any_contrast;stress_contrast_DE;abs_logFC_ge_2;padj_le_0.001;no_repeat_TE_overlap;no_DMR_overlap	all	yes	no	5	5	3.03826	3.03918e-09	salinity_added_wald|down|logFC=-3.038|padj=3.039e-09;full_model_LRT|down|logFC=-1.666|padj=4.137e-09;combined_wald|down|logFC=-2.43|padj=1.068e-06;salinity_only_wald|down|logFC=-1.268|padj=0.004869;salinity_only_LRT|down|logFC=-1.719|padj=0.008475	evm.utg4665.28	evm.TU.utg4665.28	229	1	no										no		no										no		no										no				no	no										no				no	no							no														yes	no	"evm.utg4665.28	OTHER	0.017591	0.982409	"	function_dark_no_current_annotation	function_dark_no_current_annotation	non_classifying_evidence_retained	"diamond_swissprot_hit=no | diamond_swissprot_evalue_pass=no | blastp_swissprot_hit=no | blastp_swissprot_evalue_pass=no | diamond_trembl_cnidaria_hit=no | diamond_trembl_cnidaria_evalue_pass=no | diamond_trembl_cnidaria_informative_hit=no | blastp_trembl_cnidaria_hit=no | blastp_trembl_cnidaria_evalue_pass=no | blastp_trembl_cnidaria_informative_hit=no | interpro_hit=no | eggnog_hit=no | signalp_result_present=yes | signalp_positive=no | signalp_raw=evm.utg4665.28	OTHER	0.017591	0.982409"	sequence_found_in_external_fasta	evm.utg4665.28	evm.utg4665.28	matched_multiple	protein_id	evm.utg4665	evm.utg4665.28	cds.evm.utg4665	utg4665	+	utg4665:251360-252385(+)	utg4665:251360-252385(+)	251360	252385	1026	utg4665:251407-252096(+)	251407	252096	690	690	1	exon_features	1	matched_primary_from_multiple_strict	1	candidate_id_equals_transcript_id	65	29	65	4	1	1	2	no	dark_cluster_002221	evm.utg4665.28	1	evm.utg4665.28	1	1	1	no	single_copy_or_no_near_identical_dark_duplicate	7	high_priority	none	no_repeat_overlap	0	0	0.000000	NA	no_dmr_overlap	0	0	0.000000	NA	NA	de_significant	evm.TU.utg4665.28	gene_id	10	yes	5	salinity_only_wald|down|logFC=-1.268|padj=0.004869;salinity_added_wald|down|logFC=-3.038|padj=3.039e-09;combined_wald|down|logFC=-2.43|padj=1.068e-06;salinity_only_LRT|down|logFC=-1.719|padj=0.008475;full_model_LRT|down|logFC=-1.666|padj=4.137e-09	3.03918e-09	3.03826
evm.utg7769.7	115	top_stress_responsive_dark_candidate	high_priority;possible_biological_gene_family_expansion;DE_significant_any_contrast;stress_contrast_DE;diesel_added_DE;abs_logFC_ge_2;padj_le_0.001;repeat_TE_overlap_context;no_DMR_overlap	all	yes	yes	4	4	5.74351	7.58436e-06	full_model_LRT|up|logFC=5.744|padj=7.584e-06;salinity_added_wald|up|logFC=4.148|padj=8.538e-05;combined_wald|up|logFC=2.373|padj=0.002256;diesel_added_wald|up|logFC=1.708|padj=0.009721	evm.utg7769.7	evm.TU.utg7769.7	110	1	no										no		no										no		yes	tr|A0A6P8IE15|A0A6P8IE15_ACTTE	90.5	95	9.90e-62	188	110	170	0.8636	0.5588	yes	tr|A0A6P8IE15|A0A6P8IE15_ACTTE Uncharacterized protein LOC116299413 OS=Actinia tenebrosa OX=6105 GN=LOC116299413 PE=4 SV=1	yes	uncharacterized protein	no	yes	tr|A0A6P8IE15|A0A6P8IE15_ACTTE	86.000	100	7.17e-60	184	110	170	0.9091	0.5882	yes	tr|A0A6P8IE15|A0A6P8IE15_ACTTE Uncharacterized protein LOC116299413 OS=Actinia tenebrosa OX=6105 GN=LOC116299413 PE=4 SV=1	yes	uncharacterized protein	no	no							no														yes	no	"evm.utg7769.7	OTHER	0.000855	0.999145	"	function_dark_no_current_annotation	function_dark_no_current_annotation	ambiguous_or_low_confidence_evidence;non_classifying_evidence_retained	"diamond_swissprot_hit=no | diamond_swissprot_evalue_pass=no | blastp_swissprot_hit=no | blastp_swissprot_evalue_pass=no | diamond_trembl_cnidaria_hit=yes | diamond_trembl_cnidaria_subject=tr|A0A6P8IE15|A0A6P8IE15_ACTTE | diamond_trembl_cnidaria_pident=90.5 | diamond_trembl_cnidaria_aln_length=95 | diamond_trembl_cnidaria_evalue=9.90e-62 | diamond_trembl_cnidaria_bitscore=188 | diamond_trembl_cnidaria_qlen=110 | diamond_trembl_cnidaria_slen=170 | diamond_trembl_cnidaria_query_coverage=0.8636 | diamond_trembl_cnidaria_subject_coverage=0.5588 | diamond_trembl_cnidaria_evalue_pass=yes | diamond_trembl_cnidaria_description=tr|A0A6P8IE15|A0A6P8IE15_ACTTE Uncharacterized protein LOC116299413 OS=Actinia tenebrosa OX=6105 GN=LOC116299413 PE=4 SV=1 | diamond_trembl_cnidaria_description_is_ambiguous=yes | diamond_trembl_cnidaria_description_ambiguity_reason=uncharacterized protein | diamond_trembl_cnidaria_informative_hit=no | blastp_trembl_cnidaria_hit=yes | blastp_trembl_cnidaria_subject=tr|A0A6P8IE15|A0A6P8IE15_ACTTE | blastp_trembl_cnidaria_pident=86.000 | blastp_trembl_cnidaria_aln_length=100 | blastp_trembl_cnidaria_evalue=7.17e-60 | blastp_trembl_cnidaria_bitscore=184 | blastp_trembl_cnidaria_qlen=110 | blastp_trembl_cnidaria_slen=170 | blastp_trembl_cnidaria_query_coverage=0.9091 | blastp_trembl_cnidaria_subject_coverage=0.5882 | blastp_trembl_cnidaria_evalue_pass=yes | blastp_trembl_cnidaria_description=tr|A0A6P8IE15|A0A6P8IE15_ACTTE Uncharacterized protein LOC116299413 OS=Actinia tenebrosa OX=6105 GN=LOC116299413 PE=4 SV=1 | blastp_trembl_cnidaria_description_is_ambiguous=yes | blastp_trembl_cnidaria_description_ambiguity_reason=uncharacterized protein | blastp_trembl_cnidaria_informative_hit=no | interpro_hit=no | eggnog_hit=no | signalp_result_present=yes | signalp_positive=no | signalp_raw=evm.utg7769.7	OTHER	0.000855	0.999145"	sequence_found_in_external_fasta	evm.utg7769.1	evm.utg7769.1	matched_multiple	protein_id	evm.utg7769.7	evm.utg7769.7	cds.evm.utg7769	utg7769	+	utg7769:64750-65415(+)	utg7769:64750-65415(+)	64750	65415	666	utg7769:64750-65415(+)	64750	65415	666	333	2	exon_features	2	matched_primary_from_multiple_strict	1	candidate_id_equals_transcript_id	22	11	22	1	1	0	0	no	dark_cluster_000965	evm.utg7769.10	3	evm.utg7769.10;evm.utg7769.6;evm.utg7769.7	3	1	3	no	possible_biological_gene_family_expansion	7	high_priority	near_identical_dark_cluster;possible_biological_gene_family_expansion	repeat_overlap	2	171	0.256757	rnd-5_family-4641 540 651:1;rnd-4_family-580 497 566:1	no_dmr_overlap	0	0	0.000000	NA	NA	de_significant	evm.TU.utg7769.7	gene_id	7	yes	4	diesel_added_wald|up|logFC=1.708|padj=0.009721;salinity_added_wald|up|logFC=4.148|padj=8.538e-05;combined_wald|up|logFC=2.373|padj=0.002256;full_model_LRT|up|logFC=5.744|padj=7.584e-06	7.58436e-06	5.74351
evm.utg2704.43	115	top_stress_responsive_dark_candidate	high_priority;single_copy_or_no_near_identical_dark_duplicate;DE_significant_any_contrast;stress_contrast_DE;diesel_added_DE;abs_logFC_ge_2;repeat_TE_overlap_context;no_DMR_overlap	all	yes	yes	3	3	4.67049	0.0106084	salinity_added_wald|down|logFC=-1.797|padj=0.01061;diesel_added_wald|down|logFC=-1.058|padj=0.03074;full_model_LRT|down|logFC=-4.67|padj=0.03778	evm.utg2704.43	evm.TU.utg2704.43	277	1	no										no		no										no		yes	tr|A0A913YX34|A0A913YX34_EXADI	68.1	94	1.15e-32	124	277	307	0.3394	0.3062	yes	tr|A0A913YX34|A0A913YX34_EXADI Uncharacterized protein OS=Exaiptasia diaphana OX=2652724 PE=4 SV=1	yes	uncharacterized protein	no	yes	tr|A0A913YT26|A0A913YT26_EXADI	68.085	94	2.11e-36	134	277	309	0.3394	0.3042	yes	tr|A0A913YT26|A0A913YT26_EXADI Uncharacterized protein OS=Exaiptasia diaphana OX=2652724 PE=4 SV=1	yes	uncharacterized protein	no	no							no														yes	no	"evm.utg2704.43	OTHER	0.003706	0.996294	"	function_dark_no_current_annotation	function_dark_no_current_annotation	ambiguous_or_low_confidence_evidence;non_classifying_evidence_retained	"diamond_swissprot_hit=no | diamond_swissprot_evalue_pass=no | blastp_swissprot_hit=no | blastp_swissprot_evalue_pass=no | diamond_trembl_cnidaria_hit=yes | diamond_trembl_cnidaria_subject=tr|A0A913YX34|A0A913YX34_EXADI | diamond_trembl_cnidaria_pident=68.1 | diamond_trembl_cnidaria_aln_length=94 | diamond_trembl_cnidaria_evalue=1.15e-32 | diamond_trembl_cnidaria_bitscore=124 | diamond_trembl_cnidaria_qlen=277 | diamond_trembl_cnidaria_slen=307 | diamond_trembl_cnidaria_query_coverage=0.3394 | diamond_trembl_cnidaria_subject_coverage=0.3062 | diamond_trembl_cnidaria_evalue_pass=yes | diamond_trembl_cnidaria_description=tr|A0A913YX34|A0A913YX34_EXADI Uncharacterized protein OS=Exaiptasia diaphana OX=2652724 PE=4 SV=1 | diamond_trembl_cnidaria_description_is_ambiguous=yes | diamond_trembl_cnidaria_description_ambiguity_reason=uncharacterized protein | diamond_trembl_cnidaria_informative_hit=no | blastp_trembl_cnidaria_hit=yes | blastp_trembl_cnidaria_subject=tr|A0A913YT26|A0A913YT26_EXADI | blastp_trembl_cnidaria_pident=68.085 | blastp_trembl_cnidaria_aln_length=94 | blastp_trembl_cnidaria_evalue=2.11e-36 | blastp_trembl_cnidaria_bitscore=134 | blastp_trembl_cnidaria_qlen=277 | blastp_trembl_cnidaria_slen=309 | blastp_trembl_cnidaria_query_coverage=0.3394 | blastp_trembl_cnidaria_subject_coverage=0.3042 | blastp_trembl_cnidaria_evalue_pass=yes | blastp_trembl_cnidaria_description=tr|A0A913YT26|A0A913YT26_EXADI Uncharacterized protein OS=Exaiptasia diaphana OX=2652724 PE=4 SV=1 | blastp_trembl_cnidaria_description_is_ambiguous=yes | blastp_trembl_cnidaria_description_ambiguity_reason=uncharacterized protein | blastp_trembl_cnidaria_informative_hit=no | interpro_hit=no | eggnog_hit=no | signalp_result_present=yes | signalp_positive=no | signalp_raw=evm.utg2704.43	OTHER	0.003706	0.996294"	sequence_found_in_external_fasta	evm.utg2704.43	evm.utg2704.43	matched_multiple	protein_id	evm.utg2704	evm.utg2704.43	cds.evm.utg2704	utg2704	+	utg2704:436706-442794(+)	utg2704:436706-442794(+)	436706	442794	6089	utg2704:436706-442794(+)	436706	442794	6089	834	7	exon_features	7	matched_primary_from_multiple_strict	1	candidate_id_equals_transcript_id	124	48	124	16	1	0	0	no	dark_cluster_000134	evm.utg2704.43	1	evm.utg2704.43	1	1	1	no	single_copy_or_no_near_identical_dark_duplicate	8	high_priority	none	repeat_overlap	16	2806	0.460831	rnd-6_family-198 5787 6273:1;rnd-5_family-7019 35 122:1;rnd-4_family-913 135 364:1;rnd-1_family-591 4 99:1;rnd-5_family-702 25 346:1;rnd-1_family-591 110 233:1;(TTTTG)n 1 29:1;rnd-6_family-2843 2074 2096:1;(GAAATCA)n 1 199:1;rnd-6_family-2843 2097 2666:1;rnd-6_family-2015 67 239:1;rnd-5_family-4616 1 77:1;rnd-6_family-14284 176 349:1;(ATT)n 1 50:1;(T)n 1 27:1;rnd-1_family-682 82 282:1	no_dmr_overlap	0	0	0.000000	NA	NA	de_significant	evm.TU.utg2704.43	gene_id	9	yes	3	diesel_added_wald|down|logFC=-1.058|padj=0.03074;salinity_added_wald|down|logFC=-1.797|padj=0.01061;full_model_LRT|down|logFC=-4.67|padj=0.03778	0.0106084	4.67049
utg54.equina_smart_1745750.mrna4	115	top_stress_responsive_dark_candidate	high_priority;single_copy_or_no_near_identical_dark_duplicate;DE_significant_any_contrast;stress_contrast_DE;diesel_added_DE;abs_logFC_ge_2;repeat_TE_overlap_context;no_DMR_overlap	all	yes	yes	3	3	2.3587	0.0171062	diesel_added_wald|down|logFC=-1.325|padj=0.01711;full_model_LRT|down|logFC=-2.359|padj=0.03879;combined_wald|down|logFC=-1.18|padj=0.04119	utg54.equina_smart_1745750.mrna4	utg54.equina_smart_1745750.path4	40	1	no										no		no										no		no										no				no	no										no				no	no							no														yes	no	"utg54.equina_smart_1745750.mrna4	OTHER	0.005191	0.994809	"	function_dark_no_current_annotation	function_dark_no_current_annotation	non_classifying_evidence_retained	"diamond_swissprot_hit=no | diamond_swissprot_evalue_pass=no | blastp_swissprot_hit=no | blastp_swissprot_evalue_pass=no | diamond_trembl_cnidaria_hit=no | diamond_trembl_cnidaria_evalue_pass=no | diamond_trembl_cnidaria_informative_hit=no | blastp_trembl_cnidaria_hit=no | blastp_trembl_cnidaria_evalue_pass=no | blastp_trembl_cnidaria_informative_hit=no | interpro_hit=no | eggnog_hit=no | signalp_result_present=yes | signalp_positive=no | signalp_raw=utg54.equina_smart_1745750.mrna4	OTHER	0.005191	0.994809"	sequence_found_in_external_fasta	utg54.equina_smart_1745750.mrna4	utg54.equina_smart_1745750.mrna4	matched_multiple	protein_id	utg54.equina_smart_1745750	utg54.equina_smart_1745750.mrna4	gmap_gene_find_equina_smart_1745750	utg54	+	utg54:2180-3849(+)	utg54:2180-3849(+)	2180	3849	1670	utg54:2180-3849(+)	2180	3849	1670	123	2	exon_features	2	matched_primary_from_multiple_strict	1	candidate_id_equals_transcript_id	2	1	2	1	1	0	0	no	dark_cluster_002994	utg54.equina_smart_1745750.mrna4	1	utg54.equina_smart_1745750.mrna4	1	1	1	no	single_copy_or_no_near_identical_dark_duplicate	8	high_priority	none	repeat_overlap	1	1670	1.000000	rnd-1_family-13 1 775:1	no_dmr_overlap	0	0	0.000000	NA	NA	de_significant	utg54.equina_smart_1745750.path4	gene_id	10	yes	3	diesel_added_wald|down|logFC=-1.325|padj=0.01711;combined_wald|down|logFC=-1.18|padj=0.04119;full_model_LRT|down|logFC=-2.359|padj=0.03879	0.0171062	2.3587
utg1498.equina_smart_1471857.mrna2	115	top_stress_responsive_dark_candidate	high_priority;single_copy_or_no_near_identical_dark_duplicate;DE_significant_any_contrast;stress_contrast_DE;diesel_added_DE;abs_logFC_ge_2;repeat_TE_overlap_context;no_DMR_overlap	all	yes	yes	3	3	3.29415	0.0214893	diesel_added_wald|down|logFC=-1.246|padj=0.02149;combined_wald|down|logFC=-1.354|padj=0.0317;full_model_LRT|down|logFC=-3.294|padj=0.04517	utg1498.equina_smart_1471857.mrna2	utg1498.equina_smart_1471857.path2	88	1	no										no		no										no		no										no				no	no										no				no	no							no														yes	no	"utg1498.equina_smart_1471857.mrna2	OTHER	0.171255	0.828745	"	function_dark_no_current_annotation	function_dark_no_current_annotation	non_classifying_evidence_retained	"diamond_swissprot_hit=no | diamond_swissprot_evalue_pass=no | blastp_swissprot_hit=no | blastp_swissprot_evalue_pass=no | diamond_trembl_cnidaria_hit=no | diamond_trembl_cnidaria_evalue_pass=no | diamond_trembl_cnidaria_informative_hit=no | blastp_trembl_cnidaria_hit=no | blastp_trembl_cnidaria_evalue_pass=no | blastp_trembl_cnidaria_informative_hit=no | interpro_hit=no | eggnog_hit=no | signalp_result_present=yes | signalp_positive=no | signalp_raw=utg1498.equina_smart_1471857.mrna2	OTHER	0.171255	0.828745"	sequence_found_in_external_fasta	utg1498.equina_smart_1471857.mrna2	utg1498.equina_smart_1471857.mrna2	matched_multiple	protein_id	utg1498.equina_smart_1471857.mrna2	utg1498.equina_smart_1471857.mrna2	gmap_gene_find_equina_smart_1471857	utg1498	-	utg1498:154512-155622(-)	utg1498:154512-155622(-)	154512	155622	1111	utg1498:154512-155622(-)	154512	155622	1111	267	2	exon_features	2	matched_primary_from_multiple_strict	1	candidate_id_equals_transcript_id	2	1	2	1	1	0	0	no	dark_cluster_001475	utg1498.equina_smart_1471857.mrna2	1	utg1498.equina_smart_1471857.mrna2	1	1	1	no	single_copy_or_no_near_identical_dark_duplicate	8	high_priority	none	repeat_overlap	6	1044	0.939694	rnd-6_family-949 6217 6371:3;rnd-6_family-949 6193 6371:1;rnd-6_family-949 6187 6371:1;rnd-1_family-488 1 159:1	no_dmr_overlap	0	0	0.000000	NA	NA	de_significant	utg1498.equina_smart_1471857.path2	gene_id	9	yes	3	diesel_added_wald|down|logFC=-1.246|padj=0.02149;combined_wald|down|logFC=-1.354|padj=0.0317;full_model_LRT|down|logFC=-3.294|padj=0.04517	0.0214893	3.29415
evm.utg18553.5	114	top_stress_responsive_dark_candidate	high_priority;possible_biological_gene_family_expansion;DE_significant_any_contrast;stress_contrast_DE;diesel_added_DE;padj_le_0.001;no_repeat_TE_overlap;no_DMR_overlap	all	yes	yes	4	4	1.33004	0.000295146	full_model_LRT|up|logFC=1.134|padj=0.0002951;salinity_only_wald|down|logFC=-1.078|padj=0.002409;salinity_only_LRT|down|logFC=-1.33|padj=0.002419;diesel_added_wald|up|logFC=1.041|padj=0.004511	evm.utg18553.5	evm.TU.utg18553.5	210	1	no										no		no										no		no										no				no	no										no				no	no							no														yes	no	"evm.utg18553.5	OTHER	0.002303	0.997697	"	function_dark_no_current_annotation	function_dark_no_current_annotation	non_classifying_evidence_retained	"diamond_swissprot_hit=no | diamond_swissprot_evalue_pass=no | blastp_swissprot_hit=no | blastp_swissprot_evalue_pass=no | diamond_trembl_cnidaria_hit=no | diamond_trembl_cnidaria_evalue_pass=no | diamond_trembl_cnidaria_informative_hit=no | blastp_trembl_cnidaria_hit=no | blastp_trembl_cnidaria_evalue_pass=no | blastp_trembl_cnidaria_informative_hit=no | interpro_hit=no | eggnog_hit=no | signalp_result_present=yes | signalp_positive=no | signalp_raw=evm.utg18553.5	OTHER	0.002303	0.997697"	sequence_found_in_external_fasta	evm.utg18553.23	evm.utg18553.23	matched_multiple	protein_id	evm.utg18553	evm.utg18553.5	cds.evm.utg18553	utg18553	-	utg18553:45734-46461(-)	utg18553:45734-46461(-)	45734	46461	728	utg18553:45829-46461(-)	45829	46461	633	633	1	exon_features	1	matched_primary_from_multiple_strict	1	candidate_id_equals_transcript_id	50	23	50	3	1	2	2	no	dark_cluster_000092	evm.utg18553.5	2	evm.utg18553.5;evm.utg18553.9	2	1	2	no	possible_biological_gene_family_expansion	6	high_priority	near_identical_dark_cluster;possible_biological_gene_family_expansion	no_repeat_overlap	0	0	0.000000	NA	no_dmr_overlap	0	0	0.000000	NA	NA	de_significant	evm.TU.utg18553.5	gene_id	10	yes	4	salinity_only_wald|down|logFC=-1.078|padj=0.002409;diesel_added_wald|up|logFC=1.041|padj=0.004511;salinity_only_LRT|down|logFC=-1.33|padj=0.002419;full_model_LRT|up|logFC=1.134|padj=0.0002951	0.000295146	1.33004
evm.utg12655.42	113	top_stress_responsive_dark_candidate	high_priority;single_copy_or_no_near_identical_dark_duplicate;DE_significant_any_contrast;stress_contrast_DE;abs_logFC_ge_2;padj_le_0.001;no_repeat_TE_overlap;no_DMR_overlap	all	yes	no	4	4	2.89948	2.78389e-07	salinity_only_wald|down|logFC=-2.514|padj=2.784e-07;salinity_only_LRT|down|logFC=-2.899|padj=9.236e-06;salinity_added_wald|down|logFC=-1.712|padj=0.0003926;combined_wald|down|logFC=-1.675|padj=0.000478	evm.utg12655.42	evm.TU.utg12655.42	206	1	no										no		no										no		yes	tr|A0A6S7K4G2|A0A6S7K4G2_PARCT	35.8	187	2.05e-37	131	206	197	0.9078	0.9492	yes	tr|A0A6S7K4G2|A0A6S7K4G2_PARCT Uncharacterized protein OS=Paramuricea clavata OX=317549 GN=PACLA_8A026540 PE=4 SV=1	yes	uncharacterized protein	no	yes	tr|A0A6S7K4G2|A0A6S7K4G2_PARCT	41.176	187	4.75e-50	164	206	197	0.9078	0.9492	yes	tr|A0A6S7K4G2|A0A6S7K4G2_PARCT Uncharacterized protein OS=Paramuricea clavata OX=317549 GN=PACLA_8A026540 PE=4 SV=1	yes	uncharacterized protein	no	no							no														yes	no	"evm.utg12655.42	SP(Sec/SPI)	0.998886	0.001114	CS pos: 23-24. LAA-GE. Pr: 0.4439"	function_dark_no_current_annotation	function_dark_no_current_annotation	ambiguous_or_low_confidence_evidence;non_classifying_evidence_retained	"diamond_swissprot_hit=no | diamond_swissprot_evalue_pass=no | blastp_swissprot_hit=no | blastp_swissprot_evalue_pass=no | diamond_trembl_cnidaria_hit=yes | diamond_trembl_cnidaria_subject=tr|A0A6S7K4G2|A0A6S7K4G2_PARCT | diamond_trembl_cnidaria_pident=35.8 | diamond_trembl_cnidaria_aln_length=187 | diamond_trembl_cnidaria_evalue=2.05e-37 | diamond_trembl_cnidaria_bitscore=131 | diamond_trembl_cnidaria_qlen=206 | diamond_trembl_cnidaria_slen=197 | diamond_trembl_cnidaria_query_coverage=0.9078 | diamond_trembl_cnidaria_subject_coverage=0.9492 | diamond_trembl_cnidaria_evalue_pass=yes | diamond_trembl_cnidaria_description=tr|A0A6S7K4G2|A0A6S7K4G2_PARCT Uncharacterized protein OS=Paramuricea clavata OX=317549 GN=PACLA_8A026540 PE=4 SV=1 | diamond_trembl_cnidaria_description_is_ambiguous=yes | diamond_trembl_cnidaria_description_ambiguity_reason=uncharacterized protein | diamond_trembl_cnidaria_informative_hit=no | blastp_trembl_cnidaria_hit=yes | blastp_trembl_cnidaria_subject=tr|A0A6S7K4G2|A0A6S7K4G2_PARCT | blastp_trembl_cnidaria_pident=41.176 | blastp_trembl_cnidaria_aln_length=187 | blastp_trembl_cnidaria_evalue=4.75e-50 | blastp_trembl_cnidaria_bitscore=164 | blastp_trembl_cnidaria_qlen=206 | blastp_trembl_cnidaria_slen=197 | blastp_trembl_cnidaria_query_coverage=0.9078 | blastp_trembl_cnidaria_subject_coverage=0.9492 | blastp_trembl_cnidaria_evalue_pass=yes | blastp_trembl_cnidaria_description=tr|A0A6S7K4G2|A0A6S7K4G2_PARCT Uncharacterized protein OS=Paramuricea clavata OX=317549 GN=PACLA_8A026540 PE=4 SV=1 | blastp_trembl_cnidaria_description_is_ambiguous=yes | blastp_trembl_cnidaria_description_ambiguity_reason=uncharacterized protein | blastp_trembl_cnidaria_informative_hit=no | interpro_hit=no | eggnog_hit=no | signalp_result_present=yes | signalp_positive=no | signalp_raw=evm.utg12655.42	SP(Sec/SPI)	0.998886	0.001114	CS pos: 23-24. LAA-GE. Pr: 0.4439"	sequence_found_in_external_fasta	evm.utg12655.42	evm.utg12655.42	matched_multiple	protein_id	evm.utg12655.42	evm.utg12655.42	cds.evm.utg12655	utg12655	-	utg12655:258990-259612(-)	utg12655:258990-259612(-)	258990	259612	623	utg12655:258990-259610(-)	258990	259610	621	621	1	exon_features	1	matched_primary_from_multiple_strict	1	candidate_id_equals_transcript_id	137	56	137	15	1	2	3	no	dark_cluster_001037	evm.utg12655.42	1	evm.utg12655.42	1	1	1	no	single_copy_or_no_near_identical_dark_duplicate	7	high_priority	none	no_repeat_overlap	0	0	0.000000	NA	no_dmr_overlap	0	0	0.000000	NA	NA	de_significant	evm.TU.utg12655.42	gene_id	10	yes	4	salinity_only_wald|down|logFC=-2.514|padj=2.784e-07;salinity_added_wald|down|logFC=-1.712|padj=0.0003926;combined_wald|down|logFC=-1.675|padj=0.000478;salinity_only_LRT|down|logFC=-2.899|padj=9.236e-06	7.30385e-09	2.89948
evm.utg7066.37	113	top_stress_responsive_dark_candidate	high_priority;single_copy_or_no_near_identical_dark_duplicate;DE_significant_any_contrast;stress_contrast_DE;abs_logFC_ge_2;padj_le_0.001;no_repeat_TE_overlap;no_DMR_overlap	all	yes	no	4	4	2.17098	4.87392e-07	combined_wald|up|logFC=2.171|padj=4.874e-07;salinity_added_wald|up|logFC=2.003|padj=3.442e-06;salinity_only_wald|up|logFC=1.302|padj=0.001323;salinity_only_LRT|up|logFC=1.622|padj=0.004422	evm.utg7066.37	evm.TU.utg7066.37	126	1	no										no		no										no		yes	tr|A7RHC8|A7RHC8_NEMVE	60.0	110	3.02e-35	120	126	129	0.8730	0.8527	yes	tr|A7RHC8|A7RHC8_NEMVE Uncharacterized protein OS=Nematostella vectensis OX=45351 GN=NEMVEDRAFT_v1g238274 PE=4 SV=1	yes	uncharacterized protein	no	yes	tr|A7RHC8|A7RHC8_NEMVE	60.000	110	2.24e-37	126	126	129	0.8730	0.8527	yes	tr|A7RHC8|A7RHC8_NEMVE Uncharacterized protein OS=Nematostella vectensis OX=45351 GN=NEMVEDRAFT_v1g238274 PE=4 SV=1	yes	uncharacterized protein	no	no							no														yes	no	"evm.utg7066.37	OTHER	0.000603	0.999397	"	function_dark_no_current_annotation	function_dark_no_current_annotation	ambiguous_or_low_confidence_evidence;non_classifying_evidence_retained	"diamond_swissprot_hit=no | diamond_swissprot_evalue_pass=no | blastp_swissprot_hit=no | blastp_swissprot_evalue_pass=no | diamond_trembl_cnidaria_hit=yes | diamond_trembl_cnidaria_subject=tr|A7RHC8|A7RHC8_NEMVE | diamond_trembl_cnidaria_pident=60.0 | diamond_trembl_cnidaria_aln_length=110 | diamond_trembl_cnidaria_evalue=3.02e-35 | diamond_trembl_cnidaria_bitscore=120 | diamond_trembl_cnidaria_qlen=126 | diamond_trembl_cnidaria_slen=129 | diamond_trembl_cnidaria_query_coverage=0.8730 | diamond_trembl_cnidaria_subject_coverage=0.8527 | diamond_trembl_cnidaria_evalue_pass=yes | diamond_trembl_cnidaria_description=tr|A7RHC8|A7RHC8_NEMVE Uncharacterized protein OS=Nematostella vectensis OX=45351 GN=NEMVEDRAFT_v1g238274 PE=4 SV=1 | diamond_trembl_cnidaria_description_is_ambiguous=yes | diamond_trembl_cnidaria_description_ambiguity_reason=uncharacterized protein | diamond_trembl_cnidaria_informative_hit=no | blastp_trembl_cnidaria_hit=yes | blastp_trembl_cnidaria_subject=tr|A7RHC8|A7RHC8_NEMVE | blastp_trembl_cnidaria_pident=60.000 | blastp_trembl_cnidaria_aln_length=110 | blastp_trembl_cnidaria_evalue=2.24e-37 | blastp_trembl_cnidaria_bitscore=126 | blastp_trembl_cnidaria_qlen=126 | blastp_trembl_cnidaria_slen=129 | blastp_trembl_cnidaria_query_coverage=0.8730 | blastp_trembl_cnidaria_subject_coverage=0.8527 | blastp_trembl_cnidaria_evalue_pass=yes | blastp_trembl_cnidaria_description=tr|A7RHC8|A7RHC8_NEMVE Uncharacterized protein OS=Nematostella vectensis OX=45351 GN=NEMVEDRAFT_v1g238274 PE=4 SV=1 | blastp_trembl_cnidaria_description_is_ambiguous=yes | blastp_trembl_cnidaria_description_ambiguity_reason=uncharacterized protein | blastp_trembl_cnidaria_informative_hit=no | interpro_hit=no | eggnog_hit=no | signalp_result_present=yes | signalp_positive=no | signalp_raw=evm.utg7066.37	OTHER	0.000603	0.999397"	sequence_found_in_external_fasta	evm.utg7066.37	evm.utg7066.37	matched_multiple	protein_id	evm.utg7066.37	evm.utg7066.37	cds.evm.utg7066	utg7066	-	utg7066:332734-333172(-)	utg7066:332734-333172(-)	332734	333172	439	utg7066:332734-333114(-)	332734	333114	381	381	1	exon_features	1	matched_primary_from_multiple_strict	1	candidate_id_equals_transcript_id	92	41	92	6	1	0	0	no	dark_cluster_000299	evm.utg7066.37	1	evm.utg7066.37	1	1	1	no	single_copy_or_no_near_identical_dark_duplicate	7	high_priority	none	no_repeat_overlap	0	0	0.000000	NA	no_dmr_overlap	0	0	0.000000	NA	NA	de_significant	evm.TU.utg7066.37	gene_id	10	yes	4	salinity_only_wald|up|logFC=1.302|padj=0.001323;salinity_added_wald|up|logFC=2.003|padj=3.442e-06;combined_wald|up|logFC=2.171|padj=4.874e-07;salinity_only_LRT|up|logFC=1.622|padj=0.004422	1.20565e-08	2.17098
evm.utg3899.22	113	top_stress_responsive_dark_candidate	high_priority;single_copy_or_no_near_identical_dark_duplicate;DE_significant_any_contrast;stress_contrast_DE;abs_logFC_ge_2;padj_le_0.001;no_repeat_TE_overlap;no_DMR_overlap	all	yes	no	4	4	2.47691	1.64567e-05	salinity_added_wald|up|logFC=2.224|padj=1.646e-05;salinity_only_wald|up|logFC=2.079|padj=2.658e-05;salinity_only_LRT|up|logFC=2.477|padj=5.473e-05;combined_wald|up|logFC=1.809|padj=0.00027	evm.utg3899.22	evm.TU.utg3899.22	140	1	no										no		no										no		no										no				no	no										no				no	no							no														yes	no	"evm.utg3899.22	OTHER	0.005563	0.994437	"	function_dark_no_current_annotation	function_dark_no_current_annotation	non_classifying_evidence_retained	"diamond_swissprot_hit=no | diamond_swissprot_evalue_pass=no | blastp_swissprot_hit=no | blastp_swissprot_evalue_pass=no | diamond_trembl_cnidaria_hit=no | diamond_trembl_cnidaria_evalue_pass=no | diamond_trembl_cnidaria_informative_hit=no | blastp_trembl_cnidaria_hit=no | blastp_trembl_cnidaria_evalue_pass=no | blastp_trembl_cnidaria_informative_hit=no | interpro_hit=no | eggnog_hit=no | signalp_result_present=yes | signalp_positive=no | signalp_raw=evm.utg3899.22	OTHER	0.005563	0.994437"	sequence_found_in_external_fasta	evm.utg3899.22	evm.utg3899.22	matched_multiple	protein_id	evm.utg3899	evm.utg3899.22	cds.evm.utg3899	utg3899	+	utg3899:205284-205706(+)	utg3899:205284-205706(+)	205284	205706	423	utg3899:205284-205706(+)	205284	205706	423	423	1	exon_features	1	matched_primary_from_multiple_strict	1	candidate_id_equals_transcript_id	79	34	79	8	1	0	0	no	dark_cluster_000935	evm.utg3899.22	1	evm.utg3899.22	1	1	1	no	single_copy_or_no_near_identical_dark_duplicate	7	high_priority	none	no_repeat_overlap	0	0	0.000000	NA	no_dmr_overlap	0	0	0.000000	NA	NA	de_significant	evm.TU.utg3899.22	gene_id	10	yes	4	salinity_only_wald|up|logFC=2.079|padj=2.658e-05;salinity_added_wald|up|logFC=2.224|padj=1.646e-05;combined_wald|up|logFC=1.809|padj=0.00027;salinity_only_LRT|up|logFC=2.477|padj=5.473e-05	8.03487e-09	2.47691
evm.utg420.30	113	top_stress_responsive_dark_candidate	high_priority;single_copy_or_no_near_identical_dark_duplicate;DE_significant_any_contrast;stress_contrast_DE;abs_logFC_ge_2;padj_le_0.001;no_repeat_TE_overlap;no_DMR_overlap	all	yes	no	4	4	3.23809	0.000243974	salinity_added_wald|down|logFC=-2.822|padj=0.000244;salinity_only_wald|down|logFC=-2.024|padj=0.002361;combined_wald|down|logFC=-2.06|padj=0.002477;salinity_only_LRT|down|logFC=-3.238|padj=0.009084	evm.utg420.30	evm.TU.utg420.30	192	1	no										no		no										no		no										no				no	no										no				no	no							no														yes	no	"evm.utg420.30	OTHER	0.001003	0.998997	"	function_dark_no_current_annotation	function_dark_no_current_annotation	non_classifying_evidence_retained	"diamond_swissprot_hit=no | diamond_swissprot_evalue_pass=no | blastp_swissprot_hit=no | blastp_swissprot_evalue_pass=no | diamond_trembl_cnidaria_hit=no | diamond_trembl_cnidaria_evalue_pass=no | diamond_trembl_cnidaria_informative_hit=no | blastp_trembl_cnidaria_hit=no | blastp_trembl_cnidaria_evalue_pass=no | blastp_trembl_cnidaria_informative_hit=no | interpro_hit=no | eggnog_hit=no | signalp_result_present=yes | signalp_positive=no | signalp_raw=evm.utg420.30	OTHER	0.001003	0.998997"	sequence_found_in_external_fasta	evm.utg420.30	evm.utg420.30	matched_multiple	protein_id	evm.utg420	evm.utg420.30	cds.evm.utg420	utg420	-	utg420:340919-341533(-)	utg420:340919-341533(-)	340919	341533	615	utg420:340940-341518(-)	340940	341518	579	579	1	exon_features	1	matched_primary_from_multiple_strict	1	candidate_id_equals_transcript_id	364	143	364	43	1	0	0	no	dark_cluster_000278	evm.utg420.30	1	evm.utg420.30	1	1	1	no	single_copy_or_no_near_identical_dark_duplicate	7	high_priority	none	no_repeat_overlap	0	0	0.000000	NA	no_dmr_overlap	0	0	0.000000	NA	NA	de_significant	evm.TU.utg420.30	gene_id	10	yes	4	salinity_only_wald|down|logFC=-2.024|padj=0.002361;salinity_added_wald|down|logFC=-2.822|padj=0.000244;combined_wald|down|logFC=-2.06|padj=0.002477;salinity_only_LRT|down|logFC=-3.238|padj=0.009084	4.00717e-05	3.23809
evm.utg2071.23	113	top_stress_responsive_dark_candidate	high_priority;single_copy_or_no_near_identical_dark_duplicate;DE_significant_any_contrast;stress_contrast_DE;abs_logFC_ge_2;padj_le_0.001;no_repeat_TE_overlap;no_DMR_overlap	all	yes	no	4	4	3.68628	0.000514156	combined_wald|up|logFC=3.33|padj=0.0005142;salinity_only_LRT|up|logFC=3.686|padj=0.01027;salinity_added_wald|up|logFC=1.706|padj=0.01515;salinity_only_wald|up|logFC=1.259|padj=0.03297	evm.utg2071.23	evm.TU.utg2071.23	866	1	no										no		no										no		yes	tr|A0A6S7J7C4|A0A6S7J7C4_PARCT	60.4	369	3.96e-146	437	866	337	0.4261	1.0950	yes	tr|A0A6S7J7C4|A0A6S7J7C4_PARCT Uncharacterized protein OS=Paramuricea clavata OX=317549 GN=PACLA_8A015279 PE=4 SV=1	yes	uncharacterized protein	no	yes	tr|A0A6S7J7C4|A0A6S7J7C4_PARCT	60.434	369	2.79e-154	458	866	337	0.4261	1.0950	yes	tr|A0A6S7J7C4|A0A6S7J7C4_PARCT Uncharacterized protein OS=Paramuricea clavata OX=317549 GN=PACLA_8A015279 PE=4 SV=1	yes	uncharacterized protein	no	no							no														yes	no	"evm.utg2071.23	OTHER	0.001356	0.998644	"	function_dark_no_current_annotation	function_dark_no_current_annotation	ambiguous_or_low_confidence_evidence;non_classifying_evidence_retained	"diamond_swissprot_hit=no | diamond_swissprot_evalue_pass=no | blastp_swissprot_hit=no | blastp_swissprot_evalue_pass=no | diamond_trembl_cnidaria_hit=yes | diamond_trembl_cnidaria_subject=tr|A0A6S7J7C4|A0A6S7J7C4_PARCT | diamond_trembl_cnidaria_pident=60.4 | diamond_trembl_cnidaria_aln_length=369 | diamond_trembl_cnidaria_evalue=3.96e-146 | diamond_trembl_cnidaria_bitscore=437 | diamond_trembl_cnidaria_qlen=866 | diamond_trembl_cnidaria_slen=337 | diamond_trembl_cnidaria_query_coverage=0.4261 | diamond_trembl_cnidaria_subject_coverage=1.0950 | diamond_trembl_cnidaria_evalue_pass=yes | diamond_trembl_cnidaria_description=tr|A0A6S7J7C4|A0A6S7J7C4_PARCT Uncharacterized protein OS=Paramuricea clavata OX=317549 GN=PACLA_8A015279 PE=4 SV=1 | diamond_trembl_cnidaria_description_is_ambiguous=yes | diamond_trembl_cnidaria_description_ambiguity_reason=uncharacterized protein | diamond_trembl_cnidaria_informative_hit=no | blastp_trembl_cnidaria_hit=yes | blastp_trembl_cnidaria_subject=tr|A0A6S7J7C4|A0A6S7J7C4_PARCT | blastp_trembl_cnidaria_pident=60.434 | blastp_trembl_cnidaria_aln_length=369 | blastp_trembl_cnidaria_evalue=2.79e-154 | blastp_trembl_cnidaria_bitscore=458 | blastp_trembl_cnidaria_qlen=866 | blastp_trembl_cnidaria_slen=337 | blastp_trembl_cnidaria_query_coverage=0.4261 | blastp_trembl_cnidaria_subject_coverage=1.0950 | blastp_trembl_cnidaria_evalue_pass=yes | blastp_trembl_cnidaria_description=tr|A0A6S7J7C4|A0A6S7J7C4_PARCT Uncharacterized protein OS=Paramuricea clavata OX=317549 GN=PACLA_8A015279 PE=4 SV=1 | blastp_trembl_cnidaria_description_is_ambiguous=yes | blastp_trembl_cnidaria_description_ambiguity_reason=uncharacterized protein | blastp_trembl_cnidaria_informative_hit=no | interpro_hit=no | eggnog_hit=no | signalp_result_present=yes | signalp_positive=no | signalp_raw=evm.utg2071.23	OTHER	0.001356	0.998644"	sequence_found_in_external_fasta	evm.utg2071.23	evm.utg2071.23	matched_multiple	protein_id	evm.utg2071	evm.utg2071.23	cds.evm.utg2071	utg2071	-	utg2071:139856-142456(-)	utg2071:139856-142456(-)	139856	142456	2601	utg2071:139856-142456(-)	139856	142456	2601	2601	1	exon_features	1	matched_primary_from_multiple_strict	1	candidate_id_equals_transcript_id	193	88	193	11	1	0	0	no	dark_cluster_002246	evm.utg2071.23	1	evm.utg2071.23	1	1	1	no	single_copy_or_no_near_identical_dark_duplicate	7	high_priority	none	no_repeat_overlap	0	0	0.000000	NA	no_dmr_overlap	0	0	0.000000	NA	NA	de_significant	evm.TU.utg2071.23	gene_id	10	yes	4	salinity_only_wald|up|logFC=1.259|padj=0.03297;salinity_added_wald|up|logFC=1.706|padj=0.01515;combined_wald|up|logFC=3.33|padj=0.0005142;salinity_only_LRT|up|logFC=3.686|padj=0.01027	0.000514156	3.68628
evm.utg2838.10	113	top_stress_responsive_dark_candidate	high_priority;single_copy_or_no_near_identical_dark_duplicate;DE_significant_any_contrast;stress_contrast_DE;abs_logFC_ge_2;padj_le_0.001;no_repeat_TE_overlap;no_DMR_overlap	all	yes	no	4	4	3.0837	0.000541648	salinity_only_wald|up|logFC=2.213|padj=0.0005416;salinity_only_LRT|up|logFC=3.084|padj=0.002416;salinity_added_wald|up|logFC=1.371|padj=0.02004;combined_wald|up|logFC=1.295|padj=0.02544	evm.utg2838.10	evm.TU.utg2838.10	67	1	no										no		no										no		yes	tr|A0A6S7I9B9|A0A6S7I9B9_PARCT	45.1	51	5.32e-07	47.8	67	520	0.7612	0.0981	yes	tr|A0A6S7I9B9|A0A6S7I9B9_PARCT Uncharacterized protein OS=Paramuricea clavata OX=317549 GN=PACLA_8A046602 PE=4 SV=1	yes	uncharacterized protein	no	yes	tr|A0A9W9ZQC3|A0A9W9ZQC3_9CNID	50.000	52	9.07e-10	55.1	67	248	0.7761	0.2097	yes	tr|A0A9W9ZQC3|A0A9W9ZQC3_9CNID Uncharacterized protein OS=Desmophyllum pertusum OX=174260 GN=OS493_024083 PE=4 SV=1	yes	uncharacterized protein	no	no							no														yes	no	"evm.utg2838.10	OTHER	0.000956	0.999044	"	function_dark_no_current_annotation	function_dark_no_current_annotation	ambiguous_or_low_confidence_evidence;non_classifying_evidence_retained	"diamond_swissprot_hit=no | diamond_swissprot_evalue_pass=no | blastp_swissprot_hit=no | blastp_swissprot_evalue_pass=no | diamond_trembl_cnidaria_hit=yes | diamond_trembl_cnidaria_subject=tr|A0A6S7I9B9|A0A6S7I9B9_PARCT | diamond_trembl_cnidaria_pident=45.1 | diamond_trembl_cnidaria_aln_length=51 | diamond_trembl_cnidaria_evalue=5.32e-07 | diamond_trembl_cnidaria_bitscore=47.8 | diamond_trembl_cnidaria_qlen=67 | diamond_trembl_cnidaria_slen=520 | diamond_trembl_cnidaria_query_coverage=0.7612 | diamond_trembl_cnidaria_subject_coverage=0.0981 | diamond_trembl_cnidaria_evalue_pass=yes | diamond_trembl_cnidaria_description=tr|A0A6S7I9B9|A0A6S7I9B9_PARCT Uncharacterized protein OS=Paramuricea clavata OX=317549 GN=PACLA_8A046602 PE=4 SV=1 | diamond_trembl_cnidaria_description_is_ambiguous=yes | diamond_trembl_cnidaria_description_ambiguity_reason=uncharacterized protein | diamond_trembl_cnidaria_informative_hit=no | blastp_trembl_cnidaria_hit=yes | blastp_trembl_cnidaria_subject=tr|A0A9W9ZQC3|A0A9W9ZQC3_9CNID | blastp_trembl_cnidaria_pident=50.000 | blastp_trembl_cnidaria_aln_length=52 | blastp_trembl_cnidaria_evalue=9.07e-10 | blastp_trembl_cnidaria_bitscore=55.1 | blastp_trembl_cnidaria_qlen=67 | blastp_trembl_cnidaria_slen=248 | blastp_trembl_cnidaria_query_coverage=0.7761 | blastp_trembl_cnidaria_subject_coverage=0.2097 | blastp_trembl_cnidaria_evalue_pass=yes | blastp_trembl_cnidaria_description=tr|A0A9W9ZQC3|A0A9W9ZQC3_9CNID Uncharacterized protein OS=Desmophyllum pertusum OX=174260 GN=OS493_024083 PE=4 SV=1 | blastp_trembl_cnidaria_description_is_ambiguous=yes | blastp_trembl_cnidaria_description_ambiguity_reason=uncharacterized protein | blastp_trembl_cnidaria_informative_hit=no | interpro_hit=no | eggnog_hit=no | signalp_result_present=yes | signalp_positive=no | signalp_raw=evm.utg2838.10	OTHER	0.000956	0.999044"	sequence_found_in_external_fasta	evm.utg2838.10	evm.utg2838.10	matched_multiple	protein_id	evm.utg2838.10	evm.utg2838.10	cds.evm.utg2838	utg2838	-	utg2838:83031-83234(-)	utg2838:83031-83234(-)	83031	83234	204	utg2838:83031-83234(-)	83031	83234	204	204	1	exon_features	1	matched_primary_from_multiple_strict	1	candidate_id_equals_transcript_id	78	37	78	3	1	0	0	no	dark_cluster_002871	evm.utg2838.10	1	evm.utg2838.10	1	1	1	no	single_copy_or_no_near_identical_dark_duplicate	7	high_priority	none	no_repeat_overlap	0	0	0.000000	NA	no_dmr_overlap	0	0	0.000000	NA	NA	de_significant	evm.TU.utg2838.10	gene_id	10	yes	4	salinity_only_wald|up|logFC=2.213|padj=0.0005416;salinity_added_wald|up|logFC=1.371|padj=0.02004;combined_wald|up|logFC=1.295|padj=0.02544;salinity_only_LRT|up|logFC=3.084|padj=0.002416	9.98809e-05	3.0837
evm.utg1846.50	113	top_stress_responsive_dark_candidate	high_priority;single_copy_or_no_near_identical_dark_duplicate;DE_significant_any_contrast;stress_contrast_DE;abs_logFC_ge_2;padj_le_0.001;no_repeat_TE_overlap;no_DMR_overlap	all	yes	no	4	4	2.00377	0.000752271	combined_wald|down|logFC=-1.96|padj=0.0007523;salinity_added_wald|down|logFC=-1.962|padj=0.0008319;salinity_only_wald|down|logFC=-1.278|padj=0.01492;salinity_only_LRT|down|logFC=-2.004|padj=0.01891	evm.utg1846.50	evm.TU.utg1846.50	78	1	no										no		no										no		no										no				no	no										no				no	no							no														yes	no	"evm.utg1846.50	SP(Sec/SPI)	0.997946	0.002054	CS pos: 23-24. TTA-YK. Pr: 0.5702"	function_dark_no_current_annotation	function_dark_no_current_annotation	non_classifying_evidence_retained	"diamond_swissprot_hit=no | diamond_swissprot_evalue_pass=no | blastp_swissprot_hit=no | blastp_swissprot_evalue_pass=no | diamond_trembl_cnidaria_hit=no | diamond_trembl_cnidaria_evalue_pass=no | diamond_trembl_cnidaria_informative_hit=no | blastp_trembl_cnidaria_hit=no | blastp_trembl_cnidaria_evalue_pass=no | blastp_trembl_cnidaria_informative_hit=no | interpro_hit=no | eggnog_hit=no | signalp_result_present=yes | signalp_positive=no | signalp_raw=evm.utg1846.50	SP(Sec/SPI)	0.997946	0.002054	CS pos: 23-24. TTA-YK. Pr: 0.5702"	sequence_found_in_external_fasta	evm.utg1846.50	evm.utg1846.50	matched_multiple	protein_id	evm.utg1846	evm.utg1846.50	cds.evm.utg1846	utg1846	+	utg1846:489077-489789(+)	utg1846:489077-489789(+)	489077	489789	713	utg1846:489112-489651(+)	489112	489651	540	237	2	exon_features	2	matched_primary_from_multiple_strict	1	candidate_id_equals_transcript_id	258	101	258	31	1	4	7	yes	dark_cluster_002106	evm.utg1846.50	1	evm.utg1846.50	1	1	1	yes	single_copy_or_no_near_identical_dark_duplicate	5	high_priority	candidate_on_BUSCO_duplication_rich_scaffold	no_repeat_overlap	0	0	0.000000	NA	no_dmr_overlap	0	0	0.000000	NA	NA	de_significant	evm.TU.utg1846.50	gene_id	10	yes	4	salinity_only_wald|down|logFC=-1.278|padj=0.01492;salinity_added_wald|down|logFC=-1.962|padj=0.0008319;combined_wald|down|logFC=-1.96|padj=0.0007523;salinity_only_LRT|down|logFC=-2.004|padj=0.01891	0.000343307	2.00377
evm.utg214.71	113	top_stress_responsive_dark_candidate	high_priority;single_copy_or_no_near_identical_dark_duplicate;DE_significant_any_contrast;stress_contrast_DE;abs_logFC_ge_2;padj_le_0.001;no_repeat_TE_overlap;no_DMR_overlap	all	yes	no	4	4	2.02439	0.000845329	salinity_only_LRT|down|logFC=-2.024|padj=0.0008453;combined_wald|down|logFC=-1.743|padj=0.001111;salinity_added_wald|down|logFC=-1.601|padj=0.002593;salinity_only_wald|down|logFC=-1.443|padj=0.004316	evm.utg214.71	evm.TU.utg214.71	109	1	no										no		no										no		no										no				no	no										no				no	no							no														yes	no	"evm.utg214.71	OTHER	0.007872	0.992128	"	function_dark_no_current_annotation	function_dark_no_current_annotation	non_classifying_evidence_retained	"diamond_swissprot_hit=no | diamond_swissprot_evalue_pass=no | blastp_swissprot_hit=no | blastp_swissprot_evalue_pass=no | diamond_trembl_cnidaria_hit=no | diamond_trembl_cnidaria_evalue_pass=no | diamond_trembl_cnidaria_informative_hit=no | blastp_trembl_cnidaria_hit=no | blastp_trembl_cnidaria_evalue_pass=no | blastp_trembl_cnidaria_informative_hit=no | interpro_hit=no | eggnog_hit=no | signalp_result_present=yes | signalp_positive=no | signalp_raw=evm.utg214.71	OTHER	0.007872	0.992128"	sequence_found_in_external_fasta	evm.utg214.71	evm.utg214.71	matched_multiple	protein_id	evm.utg214	evm.utg214.71	cds.evm.utg214	utg214	+	utg214:581435-581881(+)	utg214:581435-581881(+)	581435	581881	447	utg214:581435-581881(+)	581435	581881	447	330	2	exon_features	2	matched_primary_from_multiple_strict	1	candidate_id_equals_transcript_id	162	72	162	12	1	2	3	no	dark_cluster_001010	evm.utg214.71	1	evm.utg214.71	1	1	1	no	single_copy_or_no_near_identical_dark_duplicate	8	high_priority	none	no_repeat_overlap	0	0	0.000000	NA	no_dmr_overlap	0	0	0.000000	NA	NA	de_significant	evm.TU.utg214.71	gene_id	10	yes	4	salinity_only_wald|down|logFC=-1.443|padj=0.004316;salinity_added_wald|down|logFC=-1.601|padj=0.002593;combined_wald|down|logFC=-1.743|padj=0.001111;salinity_only_LRT|down|logFC=-2.024|padj=0.0008453	0.000216057	2.02439
evm.utg115298.1	113	top_stress_responsive_dark_candidate	high_priority;single_copy_or_no_near_identical_dark_duplicate;DE_significant_any_contrast;stress_contrast_DE;abs_logFC_ge_2;padj_le_0.001;no_repeat_TE_overlap;no_DMR_overlap	all	yes	no	4	4	2.20279	0.000848846	combined_wald|down|logFC=-1.95|padj=0.0008488;salinity_only_wald|down|logFC=-1.477|padj=0.006371;salinity_only_LRT|down|logFC=-2.203|padj=0.0356;salinity_added_wald|down|logFC=-1.148|padj=0.03577	evm.utg115298.1	evm.TU.utg115298.1	82	1	no										no		no										no		no										no				no	no										no				no	no							no														yes	no	"evm.utg115298.1	OTHER	0.361188	0.638812	"	function_dark_no_current_annotation	function_dark_no_current_annotation	non_classifying_evidence_retained	"diamond_swissprot_hit=no | diamond_swissprot_evalue_pass=no | blastp_swissprot_hit=no | blastp_swissprot_evalue_pass=no | diamond_trembl_cnidaria_hit=no | diamond_trembl_cnidaria_evalue_pass=no | diamond_trembl_cnidaria_informative_hit=no | blastp_trembl_cnidaria_hit=no | blastp_trembl_cnidaria_evalue_pass=no | blastp_trembl_cnidaria_informative_hit=no | interpro_hit=no | eggnog_hit=no | signalp_result_present=yes | signalp_positive=no | signalp_raw=evm.utg115298.1	OTHER	0.361188	0.638812"	sequence_found_in_external_fasta	evm.utg115298.1	evm.utg115298.1	matched_multiple	protein_id	evm.utg115298.1	evm.utg115298.1	cds.evm.utg115298	utg115298	-	utg115298:5511-5829(-)	utg115298:5511-5829(-)	5511	5829	319	utg115298:5511-5829(-)	5511	5829	319	249	2	exon_features	2	matched_primary_from_multiple_strict	1	candidate_id_equals_transcript_id	12	6	12	1	1	0	0	no	dark_cluster_001651	evm.utg115298.1	1	evm.utg115298.1	1	1	1	no	single_copy_or_no_near_identical_dark_duplicate	8	high_priority	none	no_repeat_overlap	0	0	0.000000	NA	no_dmr_overlap	0	0	0.000000	NA	NA	de_significant	evm.TU.utg115298.1	gene_id	10	yes	4	salinity_only_wald|down|logFC=-1.477|padj=0.006371;salinity_added_wald|down|logFC=-1.148|padj=0.03577;combined_wald|down|logFC=-1.95|padj=0.0008488;salinity_only_LRT|down|logFC=-2.203|padj=0.0356	0.000848846	2.20279
evm.utg13730.6	113	top_stress_responsive_dark_candidate	high_priority;single_copy_or_no_near_identical_dark_duplicate;DE_significant_any_contrast;stress_contrast_DE;diesel_added_DE;abs_logFC_ge_1.5;padj_le_0.01;repeat_TE_overlap_context;no_DMR_overlap	all	yes	yes	2	2	1.89674	0.00396063	diesel_added_wald|down|logFC=-1.376|padj=0.003961;full_model_LRT|down|logFC=-1.897|padj=0.005118	evm.utg13730.6	evm.TU.utg13730.6	211	1	no										no		no										no		yes	tr|A0AAU9X0I7|A0AAU9X0I7_9CNID	35.5	183	2.96e-34	124	211	205	0.8673	0.8927	yes	tr|A0AAU9X0I7|A0AAU9X0I7_9CNID Uncharacterized protein (Fragment) OS=Pocillopora meandrina OX=46732 GN=PMEA_00014906 PE=4 SV=1	yes	uncharacterized protein	no	yes	tr|A0AAU9X0I7|A0AAU9X0I7_9CNID	34.314	204	9.27e-35	125	211	205	0.9668	0.9951	yes	tr|A0AAU9X0I7|A0AAU9X0I7_9CNID Uncharacterized protein (Fragment) OS=Pocillopora meandrina OX=46732 GN=PMEA_00014906 PE=4 SV=1	yes	uncharacterized protein	no	no							no														yes	no	"evm.utg13730.6	OTHER	0.000484	0.999516	"	function_dark_no_current_annotation	function_dark_no_current_annotation	ambiguous_or_low_confidence_evidence;non_classifying_evidence_retained	"diamond_swissprot_hit=no | diamond_swissprot_evalue_pass=no | blastp_swissprot_hit=no | blastp_swissprot_evalue_pass=no | diamond_trembl_cnidaria_hit=yes | diamond_trembl_cnidaria_subject=tr|A0AAU9X0I7|A0AAU9X0I7_9CNID | diamond_trembl_cnidaria_pident=35.5 | diamond_trembl_cnidaria_aln_length=183 | diamond_trembl_cnidaria_evalue=2.96e-34 | diamond_trembl_cnidaria_bitscore=124 | diamond_trembl_cnidaria_qlen=211 | diamond_trembl_cnidaria_slen=205 | diamond_trembl_cnidaria_query_coverage=0.8673 | diamond_trembl_cnidaria_subject_coverage=0.8927 | diamond_trembl_cnidaria_evalue_pass=yes | diamond_trembl_cnidaria_description=tr|A0AAU9X0I7|A0AAU9X0I7_9CNID Uncharacterized protein (Fragment) OS=Pocillopora meandrina OX=46732 GN=PMEA_00014906 PE=4 SV=1 | diamond_trembl_cnidaria_description_is_ambiguous=yes | diamond_trembl_cnidaria_description_ambiguity_reason=uncharacterized protein | diamond_trembl_cnidaria_informative_hit=no | blastp_trembl_cnidaria_hit=yes | blastp_trembl_cnidaria_subject=tr|A0AAU9X0I7|A0AAU9X0I7_9CNID | blastp_trembl_cnidaria_pident=34.314 | blastp_trembl_cnidaria_aln_length=204 | blastp_trembl_cnidaria_evalue=9.27e-35 | blastp_trembl_cnidaria_bitscore=125 | blastp_trembl_cnidaria_qlen=211 | blastp_trembl_cnidaria_slen=205 | blastp_trembl_cnidaria_query_coverage=0.9668 | blastp_trembl_cnidaria_subject_coverage=0.9951 | blastp_trembl_cnidaria_evalue_pass=yes | blastp_trembl_cnidaria_description=tr|A0AAU9X0I7|A0AAU9X0I7_9CNID Uncharacterized protein (Fragment) OS=Pocillopora meandrina OX=46732 GN=PMEA_00014906 PE=4 SV=1 | blastp_trembl_cnidaria_description_is_ambiguous=yes | blastp_trembl_cnidaria_description_ambiguity_reason=uncharacterized protein | blastp_trembl_cnidaria_informative_hit=no | interpro_hit=no | eggnog_hit=no | signalp_result_present=yes | signalp_positive=no | signalp_raw=evm.utg13730.6	OTHER	0.000484	0.999516"	sequence_found_in_external_fasta	evm.utg13730.6	evm.utg13730.6	matched_multiple	protein_id	evm.utg13730	evm.utg13730.6	cds.evm.utg13730	utg13730	+	utg13730:49394-50175(+)	utg13730:49394-50175(+)	49394	50175	782	utg13730:49394-50175(+)	49394	50175	782	636	2	exon_features	2	matched_primary_from_multiple_strict	1	candidate_id_equals_transcript_id	52	24	52	3	1	0	0	no	dark_cluster_002218	evm.utg13730.6	1	evm.utg13730.6	1	1	1	no	single_copy_or_no_near_identical_dark_duplicate	8	high_priority	none	repeat_overlap	1	31	0.039642	(T)n 1 31:1	no_dmr_overlap	0	0	0.000000	NA	NA	de_significant	evm.TU.utg13730.6	gene_id	10	yes	2	diesel_added_wald|down|logFC=-1.376|padj=0.003961;full_model_LRT|down|logFC=-1.897|padj=0.005118	0.00396063	1.89674
utg375.equina_smart_1611947.mrna5	113	top_stress_responsive_dark_candidate	high_priority;single_copy_or_no_near_identical_dark_duplicate;DE_significant_any_contrast;stress_contrast_DE;diesel_added_DE;abs_logFC_ge_1.5;padj_le_0.01;repeat_TE_overlap_context;no_DMR_overlap	all	yes	yes	2	2	1.96317	0.00579815	diesel_added_wald|down|logFC=-1.487|padj=0.005798;full_model_LRT|down|logFC=-1.963|padj=0.0076	utg375.equina_smart_1611947.mrna5	utg375.equina_smart_1611947.path5	106	1	no										no		no										no		yes	tr|A0A6P8HJF5|A0A6P8HJF5_ACTTE	65.9	41	5.82e-10	55.5	106	125	0.3868	0.3280	yes	tr|A0A6P8HJF5|A0A6P8HJF5_ACTTE Uncharacterized protein LOC116293253 OS=Actinia tenebrosa OX=6105 GN=LOC116293253 PE=4 SV=1	yes	uncharacterized protein	no	yes	tr|A0A6P8HJF5|A0A6P8HJF5_ACTTE	52.632	57	1.87e-12	62.0	106	125	0.5377	0.4560	yes	tr|A0A6P8HJF5|A0A6P8HJF5_ACTTE Uncharacterized protein LOC116293253 OS=Actinia tenebrosa OX=6105 GN=LOC116293253 PE=4 SV=1	yes	uncharacterized protein	no	no							no														yes	no	"utg375.equina_smart_1611947.mrna5	OTHER	0.000766	0.999234	"	function_dark_no_current_annotation	function_dark_no_current_annotation	ambiguous_or_low_confidence_evidence;non_classifying_evidence_retained	"diamond_swissprot_hit=no | diamond_swissprot_evalue_pass=no | blastp_swissprot_hit=no | blastp_swissprot_evalue_pass=no | diamond_trembl_cnidaria_hit=yes | diamond_trembl_cnidaria_subject=tr|A0A6P8HJF5|A0A6P8HJF5_ACTTE | diamond_trembl_cnidaria_pident=65.9 | diamond_trembl_cnidaria_aln_length=41 | diamond_trembl_cnidaria_evalue=5.82e-10 | diamond_trembl_cnidaria_bitscore=55.5 | diamond_trembl_cnidaria_qlen=106 | diamond_trembl_cnidaria_slen=125 | diamond_trembl_cnidaria_query_coverage=0.3868 | diamond_trembl_cnidaria_subject_coverage=0.3280 | diamond_trembl_cnidaria_evalue_pass=yes | diamond_trembl_cnidaria_description=tr|A0A6P8HJF5|A0A6P8HJF5_ACTTE Uncharacterized protein LOC116293253 OS=Actinia tenebrosa OX=6105 GN=LOC116293253 PE=4 SV=1 | diamond_trembl_cnidaria_description_is_ambiguous=yes | diamond_trembl_cnidaria_description_ambiguity_reason=uncharacterized protein | diamond_trembl_cnidaria_informative_hit=no | blastp_trembl_cnidaria_hit=yes | blastp_trembl_cnidaria_subject=tr|A0A6P8HJF5|A0A6P8HJF5_ACTTE | blastp_trembl_cnidaria_pident=52.632 | blastp_trembl_cnidaria_aln_length=57 | blastp_trembl_cnidaria_evalue=1.87e-12 | blastp_trembl_cnidaria_bitscore=62.0 | blastp_trembl_cnidaria_qlen=106 | blastp_trembl_cnidaria_slen=125 | blastp_trembl_cnidaria_query_coverage=0.5377 | blastp_trembl_cnidaria_subject_coverage=0.4560 | blastp_trembl_cnidaria_evalue_pass=yes | blastp_trembl_cnidaria_description=tr|A0A6P8HJF5|A0A6P8HJF5_ACTTE Uncharacterized protein LOC116293253 OS=Actinia tenebrosa OX=6105 GN=LOC116293253 PE=4 SV=1 | blastp_trembl_cnidaria_description_is_ambiguous=yes | blastp_trembl_cnidaria_description_ambiguity_reason=uncharacterized protein | blastp_trembl_cnidaria_informative_hit=no | interpro_hit=no | eggnog_hit=no | signalp_result_present=yes | signalp_positive=no | signalp_raw=utg375.equina_smart_1611947.mrna5	OTHER	0.000766	0.999234"	sequence_found_in_external_fasta	utg375.equina_smart_1611947.mrna5	utg375.equina_smart_1611947.mrna5	matched_multiple	protein_id	utg375.equina_smart_1611947	utg375.equina_smart_1611947.mrna5	gmap_gene_find_equina_smart_1611947	utg375	+	utg375:27065-29069(+)	utg375:27065-29069(+)	27065	29069	2005	utg375:27065-29069(+)	27065	29069	2005	321	2	exon_features	2	matched_primary_from_multiple_strict	1	candidate_id_equals_transcript_id	2	1	2	1	1	0	0	no	dark_cluster_003330	utg375.equina_smart_1611947.mrna5	1	utg375.equina_smart_1611947.mrna5	1	1	1	no	single_copy_or_no_near_identical_dark_duplicate	8	high_priority	none	repeat_overlap	2	112	0.055860	rnd-4_family-515 444 521:1;(TA)n 1 24:1	no_dmr_overlap	0	0	0.000000	NA	NA	de_significant	utg375.equina_smart_1611947.path5	gene_id	10	yes	2	diesel_added_wald|down|logFC=-1.487|padj=0.005798;full_model_LRT|down|logFC=-1.963|padj=0.0076	0.00579815	1.96317
evm.utg109.50	113	top_stress_responsive_dark_candidate	high_priority;single_copy_or_no_near_identical_dark_duplicate;DE_significant_any_contrast;stress_contrast_DE;diesel_added_DE;abs_logFC_ge_2;repeat_TE_overlap_context;no_DMR_overlap	all	yes	yes	2	2	2.72248	0.0231097	diesel_added_wald|down|logFC=-1.147|padj=0.02311;full_model_LRT|down|logFC=-2.722|padj=0.04033	evm.utg109.50	evm.TU.utg109.50	107	1	no										no		no										no		yes	tr|A0A6P8HKR9|A0A6P8HKR9_ACTTE	92.5	106	1.99e-57	192	107	862	0.9907	0.1230	yes	tr|A0A6P8HKR9|A0A6P8HKR9_ACTTE Uncharacterized protein LOC116293659 isoform X2 OS=Actinia tenebrosa OX=6105 GN=LOC116293659 PE=4 SV=1	yes	uncharacterized protein	no	yes	tr|A0A6P8HPH9|A0A6P8HPH9_ACTTE	92.453	106	2.41e-56	189	107	877	0.9907	0.1209	yes	tr|A0A6P8HPH9|A0A6P8HPH9_ACTTE Uncharacterized protein LOC116293659 isoform X1 OS=Actinia tenebrosa OX=6105 GN=LOC116293659 PE=4 SV=1	yes	uncharacterized protein	no	no							no														yes	no	"evm.utg109.50	OTHER	0.000677	0.999323	"	function_dark_no_current_annotation	function_dark_no_current_annotation	ambiguous_or_low_confidence_evidence;non_classifying_evidence_retained	"diamond_swissprot_hit=no | diamond_swissprot_evalue_pass=no | blastp_swissprot_hit=no | blastp_swissprot_evalue_pass=no | diamond_trembl_cnidaria_hit=yes | diamond_trembl_cnidaria_subject=tr|A0A6P8HKR9|A0A6P8HKR9_ACTTE | diamond_trembl_cnidaria_pident=92.5 | diamond_trembl_cnidaria_aln_length=106 | diamond_trembl_cnidaria_evalue=1.99e-57 | diamond_trembl_cnidaria_bitscore=192 | diamond_trembl_cnidaria_qlen=107 | diamond_trembl_cnidaria_slen=862 | diamond_trembl_cnidaria_query_coverage=0.9907 | diamond_trembl_cnidaria_subject_coverage=0.1230 | diamond_trembl_cnidaria_evalue_pass=yes | diamond_trembl_cnidaria_description=tr|A0A6P8HKR9|A0A6P8HKR9_ACTTE Uncharacterized protein LOC116293659 isoform X2 OS=Actinia tenebrosa OX=6105 GN=LOC116293659 PE=4 SV=1 | diamond_trembl_cnidaria_description_is_ambiguous=yes | diamond_trembl_cnidaria_description_ambiguity_reason=uncharacterized protein | diamond_trembl_cnidaria_informative_hit=no | blastp_trembl_cnidaria_hit=yes | blastp_trembl_cnidaria_subject=tr|A0A6P8HPH9|A0A6P8HPH9_ACTTE | blastp_trembl_cnidaria_pident=92.453 | blastp_trembl_cnidaria_aln_length=106 | blastp_trembl_cnidaria_evalue=2.41e-56 | blastp_trembl_cnidaria_bitscore=189 | blastp_trembl_cnidaria_qlen=107 | blastp_trembl_cnidaria_slen=877 | blastp_trembl_cnidaria_query_coverage=0.9907 | blastp_trembl_cnidaria_subject_coverage=0.1209 | blastp_trembl_cnidaria_evalue_pass=yes | blastp_trembl_cnidaria_description=tr|A0A6P8HPH9|A0A6P8HPH9_ACTTE Uncharacterized protein LOC116293659 isoform X1 OS=Actinia tenebrosa OX=6105 GN=LOC116293659 PE=4 SV=1 | blastp_trembl_cnidaria_description_is_ambiguous=yes | blastp_trembl_cnidaria_description_ambiguity_reason=uncharacterized protein | blastp_trembl_cnidaria_informative_hit=no | interpro_hit=no | eggnog_hit=no | signalp_result_present=yes | signalp_positive=no | signalp_raw=evm.utg109.50	OTHER	0.000677	0.999323"	sequence_found_in_external_fasta	evm.utg109.50	evm.utg109.50	matched_multiple	protein_id	evm.utg109	evm.utg109.50	cds.evm.utg109	utg109	-	utg109:455573-455896(-)	utg109:455573-455896(-)	455573	455896	324	utg109:455573-455896(-)	455573	455896	324	324	1	exon_features	1	matched_primary_from_multiple_strict	1	candidate_id_equals_transcript_id	298	122	298	30	1	2	2	no	dark_cluster_000360	evm.utg109.50	1	evm.utg109.50	1	1	1	no	single_copy_or_no_near_identical_dark_duplicate	7	high_priority	none	repeat_overlap	1	324	1.000000	rnd-6_family-16668 1315 3706:1	no_dmr_overlap	0	0	0.000000	NA	NA	de_significant	evm.TU.utg109.50	gene_id	9	yes	2	diesel_added_wald|down|logFC=-1.147|padj=0.02311;full_model_LRT|down|logFC=-2.722|padj=0.04033	0.0231097	2.72248
evm.utg8494.38	112	top_stress_responsive_dark_candidate	high_priority;possible_biological_gene_family_expansion;DE_significant_any_contrast;stress_contrast_DE;diesel_added_DE;abs_logFC_ge_1.5;padj_le_0.001;repeat_TE_overlap_context;no_DMR_overlap	all	yes	yes	4	4	1.58854	2.32968e-05	combined_wald|down|logFC=-1.589|padj=2.33e-05;salinity_added_wald|down|logFC=-1.411|padj=0.0001759;full_model_LRT|down|logFC=-1.31|padj=0.0001874;diesel_added_wald|down|logFC=-1.048|padj=0.004511	evm.utg8494.38	evm.TU.utg8494.38	107	1	no										no		no										no		no										no				no	no										no				no	no							no														yes	no	"evm.utg8494.38	OTHER	0.038303	0.961697	"	function_dark_no_current_annotation	function_dark_no_current_annotation	non_classifying_evidence_retained	"diamond_swissprot_hit=no | diamond_swissprot_evalue_pass=no | blastp_swissprot_hit=no | blastp_swissprot_evalue_pass=no | diamond_trembl_cnidaria_hit=no | diamond_trembl_cnidaria_evalue_pass=no | diamond_trembl_cnidaria_informative_hit=no | blastp_trembl_cnidaria_hit=no | blastp_trembl_cnidaria_evalue_pass=no | blastp_trembl_cnidaria_informative_hit=no | interpro_hit=no | eggnog_hit=no | signalp_result_present=yes | signalp_positive=no | signalp_raw=evm.utg8494.38	OTHER	0.038303	0.961697"	sequence_found_in_external_fasta	evm.utg8494.1	evm.utg8494.1	matched_multiple	protein_id	evm.utg8494	evm.utg8494.38	cds.evm.utg8494	utg8494	-	utg8494:401918-403671(-)	utg8494:401918-403671(-)	401918	403671	1754	utg8494:401918-403671(-)	401918	403671	1754	324	3	exon_features	3	matched_primary_from_multiple_strict	1	candidate_id_equals_transcript_id	264	119	264	14	1	1	1	no	dark_cluster_000111	evm.utg8494.2	5	evm.utg8494.2;evm.utg8494.21;evm.utg8494.38;evm.utg8494.88;evm.utg8494.97	5	1	5	no	possible_biological_gene_family_expansion	5	high_priority	large_near_identical_dark_cluster;possible_biological_gene_family_expansion	repeat_overlap	6	650	0.370582	rnd-5_family-1955 1326 1389:1;rnd-6_family-8713 8 272:1;rnd-5_family-3448 178 340:1;rnd-5_family-462 1 74:1;rnd-1_family-874 1 119:1;rnd-1_family-57 9 148:1	no_dmr_overlap	0	0	0.000000	NA	NA	de_significant	evm.TU.utg8494.38	gene_id	10	yes	4	diesel_added_wald|down|logFC=-1.048|padj=0.004511;salinity_added_wald|down|logFC=-1.411|padj=0.0001759;combined_wald|down|logFC=-1.589|padj=2.33e-05;full_model_LRT|down|logFC=-1.31|padj=0.0001874	2.32968e-05	1.58854
evm.utg255.7	112	top_stress_responsive_dark_candidate	high_priority;single_copy_or_no_near_identical_dark_duplicate;DE_significant_any_contrast;stress_contrast_DE;diesel_added_DE;padj_le_0.01;repeat_TE_overlap_context;no_DMR_overlap	all	yes	yes	3	3	1.47043	0.00264331	combined_wald|down|logFC=-1.374|padj=0.002643;diesel_added_wald|down|logFC=-1.287|padj=0.005018;full_model_LRT|down|logFC=-1.47|padj=0.005683	evm.utg255.7	evm.TU.utg255.7	185	1	no										no		no										no		no										no				no	yes	tr|A0A6P8IC75|A0A6P8IC75_ACTTE	38.235	136	9.37e-18	80.9	185	228	0.7351	0.5965	yes	tr|A0A6P8IC75|A0A6P8IC75_ACTTE Uncharacterized protein LOC116298831 OS=Actinia tenebrosa OX=6105 GN=LOC116298831 PE=4 SV=1	yes	uncharacterized protein	no	no							no														yes	no	"evm.utg255.7	OTHER	0.000761	0.999239	"	function_dark_no_current_annotation	function_dark_no_current_annotation	ambiguous_or_low_confidence_evidence;non_classifying_evidence_retained	"diamond_swissprot_hit=no | diamond_swissprot_evalue_pass=no | blastp_swissprot_hit=no | blastp_swissprot_evalue_pass=no | diamond_trembl_cnidaria_hit=no | diamond_trembl_cnidaria_evalue_pass=no | diamond_trembl_cnidaria_informative_hit=no | blastp_trembl_cnidaria_hit=yes | blastp_trembl_cnidaria_subject=tr|A0A6P8IC75|A0A6P8IC75_ACTTE | blastp_trembl_cnidaria_pident=38.235 | blastp_trembl_cnidaria_aln_length=136 | blastp_trembl_cnidaria_evalue=9.37e-18 | blastp_trembl_cnidaria_bitscore=80.9 | blastp_trembl_cnidaria_qlen=185 | blastp_trembl_cnidaria_slen=228 | blastp_trembl_cnidaria_query_coverage=0.7351 | blastp_trembl_cnidaria_subject_coverage=0.5965 | blastp_trembl_cnidaria_evalue_pass=yes | blastp_trembl_cnidaria_description=tr|A0A6P8IC75|A0A6P8IC75_ACTTE Uncharacterized protein LOC116298831 OS=Actinia tenebrosa OX=6105 GN=LOC116298831 PE=4 SV=1 | blastp_trembl_cnidaria_description_is_ambiguous=yes | blastp_trembl_cnidaria_description_ambiguity_reason=uncharacterized protein | blastp_trembl_cnidaria_informative_hit=no | interpro_hit=no | eggnog_hit=no | signalp_result_present=yes | signalp_positive=no | signalp_raw=evm.utg255.7	OTHER	0.000761	0.999239"	sequence_found_in_external_fasta	evm.utg255.7	evm.utg255.7	matched_multiple	protein_id	evm.utg255.7	evm.utg255.7	cds.evm.utg255	utg255	+	utg255:35809-39750(+)	utg255:35809-39750(+)	35809	39750	3942	utg255:35809-39708(+)	35809	39708	3900	558	5	exon_features	5	matched_primary_from_multiple_strict	1	candidate_id_equals_transcript_id	100	43	100	8	1	0	0	no	dark_cluster_000790	evm.utg255.7	1	evm.utg255.7	1	1	1	no	single_copy_or_no_near_identical_dark_duplicate	8	high_priority	none	repeat_overlap	15	1831	0.464485	rnd-1_family-981 204 317:1;rnd-1_family-652 1 156:1;rnd-1_family-161 1 323:1;rnd-1_family-716 326 369:1;rnd-1_family-1121 64 96:1;rnd-6_family-15209 1 68:1;rnd-1_family-1121 97 135:1;(AATAAC)n 1 67:1;rnd-5_family-4264 2330 2437:1;rnd-1_family-366 32 111:1;rnd-6_family-4633 2231 2359:1;rnd-1_family-111 1 67:1;rnd-1_family-131 170 545:1;rnd-1_family-122 1 117:1;rnd-2_family-27 81 249:1	no_dmr_overlap	0	0	0.000000	NA	NA	de_significant	evm.TU.utg255.7	gene_id	10	yes	3	diesel_added_wald|down|logFC=-1.287|padj=0.005018;combined_wald|down|logFC=-1.374|padj=0.002643;full_model_LRT|down|logFC=-1.47|padj=0.005683	0.00264331	1.47043
evm.utg3339.2	112	top_stress_responsive_dark_candidate	high_priority;single_copy_or_no_near_identical_dark_duplicate;DE_significant_any_contrast;stress_contrast_DE;diesel_added_DE;abs_logFC_ge_1.5;repeat_TE_overlap_context;no_DMR_overlap	all	yes	yes	3	3	1.55064	0.0130166	combined_wald|down|logFC=-1.309|padj=0.01302;diesel_added_wald|down|logFC=-1.141|padj=0.01777;full_model_LRT|down|logFC=-1.551|padj=0.02662	evm.utg3339.2	evm.TU.utg3339.2	150	1	no										no		no										no		yes	tr|A0A6P8IHU8|A0A6P8IHU8_ACTTE	84.4	77	4.85e-33	119	150	218	0.5133	0.3532	yes	tr|A0A6P8IHU8|A0A6P8IHU8_ACTTE Uncharacterized protein LOC116301378 OS=Actinia tenebrosa OX=6105 GN=LOC116301378 PE=4 SV=1	yes	uncharacterized protein	no	yes	tr|A0A6P8IHU8|A0A6P8IHU8_ACTTE	80.247	81	3.70e-37	129	150	218	0.5400	0.3716	yes	tr|A0A6P8IHU8|A0A6P8IHU8_ACTTE Uncharacterized protein LOC116301378 OS=Actinia tenebrosa OX=6105 GN=LOC116301378 PE=4 SV=1	yes	uncharacterized protein	no	no							no														yes	no	"evm.utg3339.2	OTHER	0.000188	0.999812	"	function_dark_no_current_annotation	function_dark_no_current_annotation	ambiguous_or_low_confidence_evidence;non_classifying_evidence_retained	"diamond_swissprot_hit=no | diamond_swissprot_evalue_pass=no | blastp_swissprot_hit=no | blastp_swissprot_evalue_pass=no | diamond_trembl_cnidaria_hit=yes | diamond_trembl_cnidaria_subject=tr|A0A6P8IHU8|A0A6P8IHU8_ACTTE | diamond_trembl_cnidaria_pident=84.4 | diamond_trembl_cnidaria_aln_length=77 | diamond_trembl_cnidaria_evalue=4.85e-33 | diamond_trembl_cnidaria_bitscore=119 | diamond_trembl_cnidaria_qlen=150 | diamond_trembl_cnidaria_slen=218 | diamond_trembl_cnidaria_query_coverage=0.5133 | diamond_trembl_cnidaria_subject_coverage=0.3532 | diamond_trembl_cnidaria_evalue_pass=yes | diamond_trembl_cnidaria_description=tr|A0A6P8IHU8|A0A6P8IHU8_ACTTE Uncharacterized protein LOC116301378 OS=Actinia tenebrosa OX=6105 GN=LOC116301378 PE=4 SV=1 | diamond_trembl_cnidaria_description_is_ambiguous=yes | diamond_trembl_cnidaria_description_ambiguity_reason=uncharacterized protein | diamond_trembl_cnidaria_informative_hit=no | blastp_trembl_cnidaria_hit=yes | blastp_trembl_cnidaria_subject=tr|A0A6P8IHU8|A0A6P8IHU8_ACTTE | blastp_trembl_cnidaria_pident=80.247 | blastp_trembl_cnidaria_aln_length=81 | blastp_trembl_cnidaria_evalue=3.70e-37 | blastp_trembl_cnidaria_bitscore=129 | blastp_trembl_cnidaria_qlen=150 | blastp_trembl_cnidaria_slen=218 | blastp_trembl_cnidaria_query_coverage=0.5400 | blastp_trembl_cnidaria_subject_coverage=0.3716 | blastp_trembl_cnidaria_evalue_pass=yes | blastp_trembl_cnidaria_description=tr|A0A6P8IHU8|A0A6P8IHU8_ACTTE Uncharacterized protein LOC116301378 OS=Actinia tenebrosa OX=6105 GN=LOC116301378 PE=4 SV=1 | blastp_trembl_cnidaria_description_is_ambiguous=yes | blastp_trembl_cnidaria_description_ambiguity_reason=uncharacterized protein | blastp_trembl_cnidaria_informative_hit=no | interpro_hit=no | eggnog_hit=no | signalp_result_present=yes | signalp_positive=no | signalp_raw=evm.utg3339.2	OTHER	0.000188	0.999812"	sequence_found_in_external_fasta	evm.utg3339.1	evm.utg3339.1	matched_multiple	protein_id	evm.utg3339.2	evm.utg3339.2	cds.evm.utg3339	utg3339	+	utg3339:5657-8477(+)	utg3339:5657-8477(+)	5657	8477	2821	utg3339:5657-8477(+)	5657	8477	2821	453	4	exon_features	4	matched_primary_from_multiple_strict	1	candidate_id_equals_transcript_id	52	26	52	1	1	0	0	no	dark_cluster_000839	evm.utg3339.2	1	evm.utg3339.2	1	1	1	no	single_copy_or_no_near_identical_dark_duplicate	8	high_priority	none	repeat_overlap	4	2139	0.758242	rnd-6_family-7256 1876 3184:1;rnd-6_family-7256 3406 4172:1;rnd-6_family-7256 1 56:1;rnd-5_family-952 29 216:1	no_dmr_overlap	0	0	0.000000	NA	NA	de_significant	evm.TU.utg3339.2	gene_id	10	yes	3	diesel_added_wald|down|logFC=-1.141|padj=0.01777;combined_wald|down|logFC=-1.309|padj=0.01302;full_model_LRT|down|logFC=-1.551|padj=0.02662	0.0130166	1.55064
utg55.equina_smart_1393778.mrna1	111	top_stress_responsive_dark_candidate	high_priority;single_copy_or_no_near_identical_dark_duplicate;DE_significant_any_contrast;stress_contrast_DE;abs_logFC_ge_2;padj_le_0.001;no_repeat_TE_overlap;no_DMR_overlap	all	yes	no	3	3	3.53764	1.05465e-05	full_model_LRT|up|logFC=2.759|padj=1.055e-05;salinity_added_wald|up|logFC=3.538|padj=8.711e-05;salinity_only_wald|up|logFC=1.089|padj=0.0453	utg55.equina_smart_1393778.mrna1	utg55.equina_smart_1393778.path1	59	1	no										no		no										no		no										no				no	no										no				no	no							no														yes	no	"utg55.equina_smart_1393778.mrna1	OTHER	0.006925	0.993075	"	function_dark_no_current_annotation	function_dark_no_current_annotation	non_classifying_evidence_retained	"diamond_swissprot_hit=no | diamond_swissprot_evalue_pass=no | blastp_swissprot_hit=no | blastp_swissprot_evalue_pass=no | diamond_trembl_cnidaria_hit=no | diamond_trembl_cnidaria_evalue_pass=no | diamond_trembl_cnidaria_informative_hit=no | blastp_trembl_cnidaria_hit=no | blastp_trembl_cnidaria_evalue_pass=no | blastp_trembl_cnidaria_informative_hit=no | interpro_hit=no | eggnog_hit=no | signalp_result_present=yes | signalp_positive=no | signalp_raw=utg55.equina_smart_1393778.mrna1	OTHER	0.006925	0.993075"	sequence_found_in_external_fasta	utg55.equina_smart_1393778.mrna1	utg55.equina_smart_1393778.mrna1	matched_multiple	protein_id	utg55.equina_smart_1393778.mrna1	utg55.equina_smart_1393778.mrna1	gmap_gene_find_equina_smart_1393778	utg55	-	utg55:46267-47482(-)	utg55:46267-47482(-)	46267	47482	1216	utg55:46267-47482(-)	46267	47482	1216	180	2	exon_features	2	matched_primary_from_multiple_strict	1	candidate_id_equals_transcript_id	2	1	2	1	1	6	12	yes	dark_cluster_003021	utg55.equina_smart_1393778.mrna1	1	utg55.equina_smart_1393778.mrna1	1	1	1	yes	single_copy_or_no_near_identical_dark_duplicate	5	high_priority	candidate_on_BUSCO_duplication_rich_scaffold	no_repeat_overlap	0	0	0.000000	NA	no_dmr_overlap	0	0	0.000000	NA	NA	de_significant	utg55.equina_smart_1393778.path1	gene_id	7	yes	3	salinity_only_wald|up|logFC=1.089|padj=0.0453;salinity_added_wald|up|logFC=3.538|padj=8.711e-05;full_model_LRT|up|logFC=2.759|padj=1.055e-05	1.05465e-05	3.53764
evm.utg1031.48	111	top_stress_responsive_dark_candidate	high_priority;single_copy_or_no_near_identical_dark_duplicate;DE_significant_any_contrast;stress_contrast_DE;abs_logFC_ge_2;padj_le_0.001;no_repeat_TE_overlap;no_DMR_overlap	all	yes	no	3	3	2.46375	1.92245e-05	combined_wald|down|logFC=-2.464|padj=1.922e-05;salinity_added_wald|down|logFC=-1.875|padj=0.0007167;salinity_only_wald|down|logFC=-1.508|padj=0.003553	evm.utg1031.48	evm.TU.utg1031.48	259	1	no										no		no										no		yes	tr|A0A6P8HEP2|A0A6P8HEP2_ACTTE	93.0	258	1.02e-162	460	259	418	0.9961	0.6172	yes	tr|A0A6P8HEP2|A0A6P8HEP2_ACTTE Uncharacterized protein LOC116288448 OS=Actinia tenebrosa OX=6105 GN=LOC116288448 PE=4 SV=1	yes	uncharacterized protein	no	yes	tr|A0A6P8HEP2|A0A6P8HEP2_ACTTE	93.023	258	1.65e-175	492	259	418	0.9961	0.6172	yes	tr|A0A6P8HEP2|A0A6P8HEP2_ACTTE Uncharacterized protein LOC116288448 OS=Actinia tenebrosa OX=6105 GN=LOC116288448 PE=4 SV=1	yes	uncharacterized protein	no	no							no														yes	no	"evm.utg1031.48	OTHER	0.000259	0.999741	"	function_dark_no_current_annotation	function_dark_no_current_annotation	ambiguous_or_low_confidence_evidence;non_classifying_evidence_retained	"diamond_swissprot_hit=no | diamond_swissprot_evalue_pass=no | blastp_swissprot_hit=no | blastp_swissprot_evalue_pass=no | diamond_trembl_cnidaria_hit=yes | diamond_trembl_cnidaria_subject=tr|A0A6P8HEP2|A0A6P8HEP2_ACTTE | diamond_trembl_cnidaria_pident=93.0 | diamond_trembl_cnidaria_aln_length=258 | diamond_trembl_cnidaria_evalue=1.02e-162 | diamond_trembl_cnidaria_bitscore=460 | diamond_trembl_cnidaria_qlen=259 | diamond_trembl_cnidaria_slen=418 | diamond_trembl_cnidaria_query_coverage=0.9961 | diamond_trembl_cnidaria_subject_coverage=0.6172 | diamond_trembl_cnidaria_evalue_pass=yes | diamond_trembl_cnidaria_description=tr|A0A6P8HEP2|A0A6P8HEP2_ACTTE Uncharacterized protein LOC116288448 OS=Actinia tenebrosa OX=6105 GN=LOC116288448 PE=4 SV=1 | diamond_trembl_cnidaria_description_is_ambiguous=yes | diamond_trembl_cnidaria_description_ambiguity_reason=uncharacterized protein | diamond_trembl_cnidaria_informative_hit=no | blastp_trembl_cnidaria_hit=yes | blastp_trembl_cnidaria_subject=tr|A0A6P8HEP2|A0A6P8HEP2_ACTTE | blastp_trembl_cnidaria_pident=93.023 | blastp_trembl_cnidaria_aln_length=258 | blastp_trembl_cnidaria_evalue=1.65e-175 | blastp_trembl_cnidaria_bitscore=492 | blastp_trembl_cnidaria_qlen=259 | blastp_trembl_cnidaria_slen=418 | blastp_trembl_cnidaria_query_coverage=0.9961 | blastp_trembl_cnidaria_subject_coverage=0.6172 | blastp_trembl_cnidaria_evalue_pass=yes | blastp_trembl_cnidaria_description=tr|A0A6P8HEP2|A0A6P8HEP2_ACTTE Uncharacterized protein LOC116288448 OS=Actinia tenebrosa OX=6105 GN=LOC116288448 PE=4 SV=1 | blastp_trembl_cnidaria_description_is_ambiguous=yes | blastp_trembl_cnidaria_description_ambiguity_reason=uncharacterized protein | blastp_trembl_cnidaria_informative_hit=no | interpro_hit=no | eggnog_hit=no | signalp_result_present=yes | signalp_positive=no | signalp_raw=evm.utg1031.48	OTHER	0.000259	0.999741"	sequence_found_in_external_fasta	evm.utg1031.48	evm.utg1031.48	matched_multiple	protein_id	evm.utg1031.48	evm.utg1031.48	cds.evm.utg1031	utg1031	+	utg1031:378782-379561(+)	utg1031:378782-379561(+)	378782	379561	780	utg1031:378782-379561(+)	378782	379561	780	780	1	exon_features	1	matched_primary_from_multiple_strict	1	candidate_id_equals_transcript_id	208	88	208	19	1	1	2	no	dark_cluster_001979	evm.utg1031.48	1	evm.utg1031.48	1	1	1	no	single_copy_or_no_near_identical_dark_duplicate	7	high_priority	none	no_repeat_overlap	0	0	0.000000	NA	no_dmr_overlap	0	0	0.000000	NA	NA	de_significant	evm.TU.utg1031.48	gene_id	10	yes	3	salinity_only_wald|down|logFC=-1.508|padj=0.003553;salinity_added_wald|down|logFC=-1.875|padj=0.0007167;combined_wald|down|logFC=-2.464|padj=1.922e-05	1.92245e-05	2.46375
utg686.equina_smart_26209.mrna1	111	top_stress_responsive_dark_candidate	high_priority;single_copy_or_no_near_identical_dark_duplicate;DE_significant_any_contrast;stress_contrast_DE;abs_logFC_ge_2;padj_le_0.001;no_repeat_TE_overlap;no_DMR_overlap	all	yes	no	3	3	2.26801	0.000102288	salinity_only_LRT|up|logFC=2.268|padj=0.0001023;salinity_only_wald|up|logFC=1.833|padj=0.0002044;salinity_added_wald|up|logFC=1.262|padj=0.01057	utg686.equina_smart_26209.mrna1	utg686.equina_smart_26209.path1	52	1	no										no		no										no		no										no				no	no										no				no	no							no														yes	no	"utg686.equina_smart_26209.mrna1	OTHER	0.000743	0.999257	"	function_dark_no_current_annotation	function_dark_no_current_annotation	non_classifying_evidence_retained	"diamond_swissprot_hit=no | diamond_swissprot_evalue_pass=no | blastp_swissprot_hit=no | blastp_swissprot_evalue_pass=no | diamond_trembl_cnidaria_hit=no | diamond_trembl_cnidaria_evalue_pass=no | diamond_trembl_cnidaria_informative_hit=no | blastp_trembl_cnidaria_hit=no | blastp_trembl_cnidaria_evalue_pass=no | blastp_trembl_cnidaria_informative_hit=no | interpro_hit=no | eggnog_hit=no | signalp_result_present=yes | signalp_positive=no | signalp_raw=utg686.equina_smart_26209.mrna1	OTHER	0.000743	0.999257"	sequence_found_in_external_fasta	utg686.equina_smart_26209.mrna1	utg686.equina_smart_26209.mrna1	matched_multiple	protein_id	utg686.equina_smart_26209.mrna1	utg686.equina_smart_26209.mrna1	gmap_gene_find_equina_smart_26209	utg686	-	utg686:563163-563387(-)	utg686:563163-563387(-)	563163	563387	225	utg686:563163-563387(-)	563163	563387	225	159	2	exon_features	2	matched_primary_from_multiple_strict	1	candidate_id_equals_transcript_id	2	1	2	1	1	1	1	no	dark_cluster_002621	utg686.equina_smart_26209.mrna1	1	utg686.equina_smart_26209.mrna1	1	1	1	no	single_copy_or_no_near_identical_dark_duplicate	8	high_priority	none	no_repeat_overlap	0	0	0.000000	NA	no_dmr_overlap	0	0	0.000000	NA	NA	de_significant	utg686.equina_smart_26209.path1	gene_id	10	yes	3	salinity_only_wald|up|logFC=1.833|padj=0.0002044;salinity_added_wald|up|logFC=1.262|padj=0.01057;salinity_only_LRT|up|logFC=2.268|padj=0.0001023	9.28589e-07	2.26801
evm.utg4082.70	111	top_stress_responsive_dark_candidate	high_priority;single_copy_or_no_near_identical_dark_duplicate;DE_significant_any_contrast;stress_contrast_DE;abs_logFC_ge_2;padj_le_0.001;no_repeat_TE_overlap;no_DMR_overlap	all	yes	no	3	3	2.99967	0.000164449	salinity_added_wald|down|logFC=-3|padj=0.0001644;combined_wald|down|logFC=-2.906|padj=0.0001756;full_model_LRT|down|logFC=-2.14|padj=0.0003609	evm.utg4082.70	evm.TU.utg4082.70	187	1	no										no		no										no		no										no				no	no										no				no	no							no														yes	no	"evm.utg4082.70	OTHER	0.001691	0.998309	"	function_dark_no_current_annotation	function_dark_no_current_annotation	non_classifying_evidence_retained	"diamond_swissprot_hit=no | diamond_swissprot_evalue_pass=no | blastp_swissprot_hit=no | blastp_swissprot_evalue_pass=no | diamond_trembl_cnidaria_hit=no | diamond_trembl_cnidaria_evalue_pass=no | diamond_trembl_cnidaria_informative_hit=no | blastp_trembl_cnidaria_hit=no | blastp_trembl_cnidaria_evalue_pass=no | blastp_trembl_cnidaria_informative_hit=no | interpro_hit=no | eggnog_hit=no | signalp_result_present=yes | signalp_positive=no | signalp_raw=evm.utg4082.70	OTHER	0.001691	0.998309"	sequence_found_in_external_fasta	evm.utg4082.70	evm.utg4082.70	matched_multiple	protein_id	evm.utg4082.70	evm.utg4082.70	cds.evm.utg4082	utg4082	-	utg4082:563279-564416(-)	utg4082:563279-564416(-)	563279	564416	1138	utg4082:563373-563936(-)	563373	563936	564	564	1	exon_features	1	matched_primary_from_multiple_strict	1	candidate_id_equals_transcript_id	206	81	206	26	1	0	0	no	dark_cluster_002937	evm.utg4082.70	1	evm.utg4082.70	1	1	1	no	single_copy_or_no_near_identical_dark_duplicate	7	high_priority	none	no_repeat_overlap	0	0	0.000000	NA	no_dmr_overlap	0	0	0.000000	NA	NA	de_significant	evm.TU.utg4082.70	gene_id	10	yes	3	salinity_added_wald|down|logFC=-3|padj=0.0001644;combined_wald|down|logFC=-2.906|padj=0.0001756;full_model_LRT|down|logFC=-2.14|padj=0.0003609	0.000164449	2.99967
utg382.equina_smart_263936.mrna1	111	top_stress_responsive_dark_candidate	high_priority;single_copy_or_no_near_identical_dark_duplicate;DE_significant_any_contrast;stress_contrast_DE;abs_logFC_ge_2;padj_le_0.001;no_repeat_TE_overlap;no_DMR_overlap	all	yes	no	3	3	3.21863	0.000237017	salinity_only_wald|up|logFC=3.219|padj=0.000237;full_model_LRT|down|logFC=-2.337|padj=0.0004338;combined_wald|up|logFC=1.313|padj=0.03557	utg382.equina_smart_263936.mrna1	utg382.equina_smart_263936.path1	106	1	no										no		no										no		no										no				no	no										no				no	no							no														yes	no	"utg382.equina_smart_263936.mrna1	OTHER	0.132524	0.867476	"	function_dark_no_current_annotation	function_dark_no_current_annotation	non_classifying_evidence_retained	"diamond_swissprot_hit=no | diamond_swissprot_evalue_pass=no | blastp_swissprot_hit=no | blastp_swissprot_evalue_pass=no | diamond_trembl_cnidaria_hit=no | diamond_trembl_cnidaria_evalue_pass=no | diamond_trembl_cnidaria_informative_hit=no | blastp_trembl_cnidaria_hit=no | blastp_trembl_cnidaria_evalue_pass=no | blastp_trembl_cnidaria_informative_hit=no | interpro_hit=no | eggnog_hit=no | signalp_result_present=yes | signalp_positive=no | signalp_raw=utg382.equina_smart_263936.mrna1	OTHER	0.132524	0.867476"	sequence_found_in_external_fasta	utg382.equina_smart_263936.mrna1	utg382.equina_smart_263936.mrna1	matched_multiple	protein_id	utg382.equina_smart_263936	utg382.equina_smart_263936.mrna1	gmap_gene_find_equina_smart_263936	utg382	+	utg382:328238-328818(+)	utg382:328238-328818(+)	328238	328818	581	utg382:328238-328818(+)	328238	328818	581	321	2	exon_features	2	matched_primary_from_multiple_strict	1	candidate_id_equals_transcript_id	2	1	2	1	1	1	3	no	dark_cluster_000047	utg382.equina_smart_263936.mrna1	1	utg382.equina_smart_263936.mrna1	1	1	1	no	single_copy_or_no_near_identical_dark_duplicate	8	high_priority	none	no_repeat_overlap	0	0	0.000000	NA	no_dmr_overlap	0	0	0.000000	NA	NA	de_significant	utg382.equina_smart_263936.path1	gene_id	10	yes	3	salinity_only_wald|up|logFC=3.219|padj=0.000237;combined_wald|up|logFC=1.313|padj=0.03557;full_model_LRT|down|logFC=-2.337|padj=0.0004338	0.000237017	3.21863
evm.utg4082.69	111	top_stress_responsive_dark_candidate	high_priority;single_copy_or_no_near_identical_dark_duplicate;DE_significant_any_contrast;stress_contrast_DE;abs_logFC_ge_2;padj_le_0.001;no_repeat_TE_overlap;no_DMR_overlap	all	yes	no	3	3	2.76803	0.000450234	combined_wald|down|logFC=-2.768|padj=0.0004502;salinity_added_wald|down|logFC=-2.73|padj=0.0006332;full_model_LRT|down|logFC=-1.866|padj=0.001005	evm.utg4082.69	evm.TU.utg4082.69	194	1	no										no		no										no		no										no				no	yes	tr|A0A913XTQ7|A0A913XTQ7_EXADI	41.803	122	6.34e-17	81.3	194	458	0.6289	0.2664	yes	tr|A0A913XTQ7|A0A913XTQ7_EXADI Uncharacterized protein OS=Exaiptasia diaphana OX=2652724 PE=4 SV=1	yes	uncharacterized protein	no	no							no														yes	no	"evm.utg4082.69	OTHER	0.000243	0.999757	"	function_dark_no_current_annotation	function_dark_no_current_annotation	ambiguous_or_low_confidence_evidence;non_classifying_evidence_retained	"diamond_swissprot_hit=no | diamond_swissprot_evalue_pass=no | blastp_swissprot_hit=no | blastp_swissprot_evalue_pass=no | diamond_trembl_cnidaria_hit=no | diamond_trembl_cnidaria_evalue_pass=no | diamond_trembl_cnidaria_informative_hit=no | blastp_trembl_cnidaria_hit=yes | blastp_trembl_cnidaria_subject=tr|A0A913XTQ7|A0A913XTQ7_EXADI | blastp_trembl_cnidaria_pident=41.803 | blastp_trembl_cnidaria_aln_length=122 | blastp_trembl_cnidaria_evalue=6.34e-17 | blastp_trembl_cnidaria_bitscore=81.3 | blastp_trembl_cnidaria_qlen=194 | blastp_trembl_cnidaria_slen=458 | blastp_trembl_cnidaria_query_coverage=0.6289 | blastp_trembl_cnidaria_subject_coverage=0.2664 | blastp_trembl_cnidaria_evalue_pass=yes | blastp_trembl_cnidaria_description=tr|A0A913XTQ7|A0A913XTQ7_EXADI Uncharacterized protein OS=Exaiptasia diaphana OX=2652724 PE=4 SV=1 | blastp_trembl_cnidaria_description_is_ambiguous=yes | blastp_trembl_cnidaria_description_ambiguity_reason=uncharacterized protein | blastp_trembl_cnidaria_informative_hit=no | interpro_hit=no | eggnog_hit=no | signalp_result_present=yes | signalp_positive=no | signalp_raw=evm.utg4082.69	OTHER	0.000243	0.999757"	sequence_found_in_external_fasta	evm.utg4082.69	evm.utg4082.69	matched_multiple	protein_id	evm.utg4082.69	evm.utg4082.69	cds.evm.utg4082	utg4082	-	utg4082:562628-563212(-)	utg4082:562628-563212(-)	562628	563212	585	utg4082:562628-563212(-)	562628	563212	585	585	1	exon_features	1	matched_primary_from_multiple_strict	1	candidate_id_equals_transcript_id	206	81	206	26	1	0	0	no	dark_cluster_001432	evm.utg4082.69	1	evm.utg4082.69	1	1	1	no	single_copy_or_no_near_identical_dark_duplicate	7	high_priority	none	no_repeat_overlap	0	0	0.000000	NA	no_dmr_overlap	0	0	0.000000	NA	NA	de_significant	evm.TU.utg4082.69	gene_id	10	yes	3	salinity_added_wald|down|logFC=-2.73|padj=0.0006332;combined_wald|down|logFC=-2.768|padj=0.0004502;full_model_LRT|down|logFC=-1.866|padj=0.001005	0.000450234	2.76803
evm.utg7680.3	111	top_stress_responsive_dark_candidate	high_priority;single_copy_or_no_near_identical_dark_duplicate;DE_significant_any_contrast;stress_contrast_DE;abs_logFC_ge_2;padj_le_0.001;no_repeat_TE_overlap;no_DMR_overlap	all	yes	no	3	3	3.14679	0.000462463	salinity_added_wald|down|logFC=-2.519|padj=0.0004625;combined_wald|down|logFC=-1.666|padj=0.008008;full_model_LRT|down|logFC=-3.147|padj=0.01005	evm.utg7680.3	evm.TU.utg7680.3	87	1	no										no		no										no		yes	tr|A0A9X0A7M9|A0A9X0A7M9_9CNID	52.5	59	4.32e-12	60.5	87	135	0.6782	0.4370	yes	tr|A0A9X0A7M9|A0A9X0A7M9_9CNID Uncharacterized protein OS=Desmophyllum pertusum OX=174260 GN=OS493_000656 PE=4 SV=1	yes	uncharacterized protein	no	yes	tr|A0A9X0A7M9|A0A9X0A7M9_9CNID	52.542	59	1.83e-12	61.6	87	135	0.6782	0.4370	yes	tr|A0A9X0A7M9|A0A9X0A7M9_9CNID Uncharacterized protein OS=Desmophyllum pertusum OX=174260 GN=OS493_000656 PE=4 SV=1	yes	uncharacterized protein	no	no							no														yes	no	"evm.utg7680.3	OTHER	0.006088	0.993912	"	function_dark_no_current_annotation	function_dark_no_current_annotation	ambiguous_or_low_confidence_evidence;non_classifying_evidence_retained	"diamond_swissprot_hit=no | diamond_swissprot_evalue_pass=no | blastp_swissprot_hit=no | blastp_swissprot_evalue_pass=no | diamond_trembl_cnidaria_hit=yes | diamond_trembl_cnidaria_subject=tr|A0A9X0A7M9|A0A9X0A7M9_9CNID | diamond_trembl_cnidaria_pident=52.5 | diamond_trembl_cnidaria_aln_length=59 | diamond_trembl_cnidaria_evalue=4.32e-12 | diamond_trembl_cnidaria_bitscore=60.5 | diamond_trembl_cnidaria_qlen=87 | diamond_trembl_cnidaria_slen=135 | diamond_trembl_cnidaria_query_coverage=0.6782 | diamond_trembl_cnidaria_subject_coverage=0.4370 | diamond_trembl_cnidaria_evalue_pass=yes | diamond_trembl_cnidaria_description=tr|A0A9X0A7M9|A0A9X0A7M9_9CNID Uncharacterized protein OS=Desmophyllum pertusum OX=174260 GN=OS493_000656 PE=4 SV=1 | diamond_trembl_cnidaria_description_is_ambiguous=yes | diamond_trembl_cnidaria_description_ambiguity_reason=uncharacterized protein | diamond_trembl_cnidaria_informative_hit=no | blastp_trembl_cnidaria_hit=yes | blastp_trembl_cnidaria_subject=tr|A0A9X0A7M9|A0A9X0A7M9_9CNID | blastp_trembl_cnidaria_pident=52.542 | blastp_trembl_cnidaria_aln_length=59 | blastp_trembl_cnidaria_evalue=1.83e-12 | blastp_trembl_cnidaria_bitscore=61.6 | blastp_trembl_cnidaria_qlen=87 | blastp_trembl_cnidaria_slen=135 | blastp_trembl_cnidaria_query_coverage=0.6782 | blastp_trembl_cnidaria_subject_coverage=0.4370 | blastp_trembl_cnidaria_evalue_pass=yes | blastp_trembl_cnidaria_description=tr|A0A9X0A7M9|A0A9X0A7M9_9CNID Uncharacterized protein OS=Desmophyllum pertusum OX=174260 GN=OS493_000656 PE=4 SV=1 | blastp_trembl_cnidaria_description_is_ambiguous=yes | blastp_trembl_cnidaria_description_ambiguity_reason=uncharacterized protein | blastp_trembl_cnidaria_informative_hit=no | interpro_hit=no | eggnog_hit=no | signalp_result_present=yes | signalp_positive=no | signalp_raw=evm.utg7680.3	OTHER	0.006088	0.993912"	sequence_found_in_external_fasta	evm.utg7680.1	evm.utg7680.1	matched_multiple	protein_id	evm.utg7680.3	evm.utg7680.3	cds.evm.utg7680	utg7680	+	utg7680:25329-26401(+)	utg7680:25329-26401(+)	25329	26401	1073	utg7680:25702-26401(+)	25702	26401	700	264	2	exon_features	2	matched_primary_from_multiple_strict	1	candidate_id_equals_transcript_id	46	21	46	3	1	0	0	no	dark_cluster_000780	evm.utg7680.3	1	evm.utg7680.3	1	1	1	no	single_copy_or_no_near_identical_dark_duplicate	8	high_priority	none	no_repeat_overlap	0	0	0.000000	NA	no_dmr_overlap	0	0	0.000000	NA	NA	de_significant	evm.TU.utg7680.3	gene_id	10	yes	3	salinity_added_wald|down|logFC=-2.519|padj=0.0004625;combined_wald|down|logFC=-1.666|padj=0.008008;full_model_LRT|down|logFC=-3.147|padj=0.01005	0.000462463	3.14679
evm.utg243.3	111	top_stress_responsive_dark_candidate	high_priority;single_copy_or_no_near_identical_dark_duplicate;DE_significant_any_contrast;stress_contrast_DE;abs_logFC_ge_2;padj_le_0.001;no_repeat_TE_overlap;no_DMR_overlap	all	yes	no	3	3	3.49088	0.00048494	full_model_LRT|down|logFC=-2.795|padj=0.0004849;salinity_only_wald|up|logFC=2.425|padj=0.0004859;salinity_only_LRT|up|logFC=3.491|padj=0.000882	evm.utg243.3	evm.TU.utg243.3	94	1	no										no		no										no		no										no				no	no										no				no	no							no														yes	no	"evm.utg243.3	OTHER	0.001608	0.998392	"	function_dark_no_current_annotation	function_dark_no_current_annotation	non_classifying_evidence_retained	"diamond_swissprot_hit=no | diamond_swissprot_evalue_pass=no | blastp_swissprot_hit=no | blastp_swissprot_evalue_pass=no | diamond_trembl_cnidaria_hit=no | diamond_trembl_cnidaria_evalue_pass=no | diamond_trembl_cnidaria_informative_hit=no | blastp_trembl_cnidaria_hit=no | blastp_trembl_cnidaria_evalue_pass=no | blastp_trembl_cnidaria_informative_hit=no | interpro_hit=no | eggnog_hit=no | signalp_result_present=yes | signalp_positive=no | signalp_raw=evm.utg243.3	OTHER	0.001608	0.998392"	sequence_found_in_external_fasta	evm.utg243.3	evm.utg243.3	matched_multiple	protein_id	evm.utg243	evm.utg243.3	cds.evm.utg243	utg243	+	utg243:20697-21263(+)	utg243:20697-21263(+)	20697	21263	567	utg243:20697-21263(+)	20697	21263	567	285	2	exon_features	2	matched_primary_from_multiple_strict	1	candidate_id_equals_transcript_id	254	96	254	35	1	1	1	no	dark_cluster_000854	evm.utg243.3	1	evm.utg243.3	1	1	1	no	single_copy_or_no_near_identical_dark_duplicate	8	high_priority	none	no_repeat_overlap	0	0	0.000000	NA	no_dmr_overlap	0	0	0.000000	NA	NA	de_significant	evm.TU.utg243.3	gene_id	7	yes	3	salinity_only_wald|up|logFC=2.425|padj=0.0004859;salinity_only_LRT|up|logFC=3.491|padj=0.000882;full_model_LRT|down|logFC=-2.795|padj=0.0004849	0.00048494	3.49088
evm.utg30548.2	111	top_stress_responsive_dark_candidate	high_priority;single_copy_or_no_near_identical_dark_duplicate;DE_significant_any_contrast;stress_contrast_DE;abs_logFC_ge_2;padj_le_0.001;no_repeat_TE_overlap;no_DMR_overlap	all	yes	no	3	3	2.23017	0.00060727	full_model_LRT|up|logFC=1.629|padj=0.0006073;salinity_added_wald|up|logFC=1.879|padj=0.009259;salinity_only_LRT|up|logFC=2.23|padj=0.03359	evm.utg30548.2	evm.TU.utg30548.2	256	1	no										no		no										no		no										no				no	yes	tr|A0A7D9ECE6|A0A7D9ECE6_PARCT	35.000	240	1.35e-16	79.7	256	244	0.9375	0.9836	yes	tr|A0A7D9ECE6|A0A7D9ECE6_PARCT Uncharacterized protein (Fragment) OS=Paramuricea clavata OX=317549 GN=PACLA_8A004743 PE=4 SV=1	yes	uncharacterized protein	no	no							no														yes	no	"evm.utg30548.2	OTHER	0.001693	0.998307	"	function_dark_no_current_annotation	function_dark_no_current_annotation	ambiguous_or_low_confidence_evidence;non_classifying_evidence_retained	"diamond_swissprot_hit=no | diamond_swissprot_evalue_pass=no | blastp_swissprot_hit=no | blastp_swissprot_evalue_pass=no | diamond_trembl_cnidaria_hit=no | diamond_trembl_cnidaria_evalue_pass=no | diamond_trembl_cnidaria_informative_hit=no | blastp_trembl_cnidaria_hit=yes | blastp_trembl_cnidaria_subject=tr|A0A7D9ECE6|A0A7D9ECE6_PARCT | blastp_trembl_cnidaria_pident=35.000 | blastp_trembl_cnidaria_aln_length=240 | blastp_trembl_cnidaria_evalue=1.35e-16 | blastp_trembl_cnidaria_bitscore=79.7 | blastp_trembl_cnidaria_qlen=256 | blastp_trembl_cnidaria_slen=244 | blastp_trembl_cnidaria_query_coverage=0.9375 | blastp_trembl_cnidaria_subject_coverage=0.9836 | blastp_trembl_cnidaria_evalue_pass=yes | blastp_trembl_cnidaria_description=tr|A0A7D9ECE6|A0A7D9ECE6_PARCT Uncharacterized protein (Fragment) OS=Paramuricea clavata OX=317549 GN=PACLA_8A004743 PE=4 SV=1 | blastp_trembl_cnidaria_description_is_ambiguous=yes | blastp_trembl_cnidaria_description_ambiguity_reason=uncharacterized protein | blastp_trembl_cnidaria_informative_hit=no | interpro_hit=no | eggnog_hit=no | signalp_result_present=yes | signalp_positive=no | signalp_raw=evm.utg30548.2	OTHER	0.001693	0.998307"	sequence_found_in_external_fasta	evm.utg30548.2	evm.utg30548.2	matched_multiple	protein_id	evm.utg30548	evm.utg30548.2	cds.evm.utg30548	utg30548	-	utg30548:15984-16754(-)	utg30548:15984-16754(-)	15984	16754	771	utg30548:15984-16754(-)	15984	16754	771	771	1	exon_features	1	matched_primary_from_multiple_strict	1	candidate_id_equals_transcript_id	32	16	32	1	1	0	0	no	dark_cluster_002324	evm.utg30548.2	1	evm.utg30548.2	1	1	1	no	single_copy_or_no_near_identical_dark_duplicate	7	high_priority	none	no_repeat_overlap	0	0	0.000000	NA	no_dmr_overlap	0	0	0.000000	NA	NA	de_significant	evm.TU.utg30548.2	gene_id	5	yes	3	salinity_added_wald|up|logFC=1.879|padj=0.009259;salinity_only_LRT|up|logFC=2.23|padj=0.03359;full_model_LRT|up|logFC=1.629|padj=0.0006073	0.00060727	2.23017
evm.utg12230.7	111	top_stress_responsive_dark_candidate	high_priority;single_copy_or_no_near_identical_dark_duplicate;DE_significant_any_contrast;stress_contrast_DE;abs_logFC_ge_2;padj_le_0.001;no_repeat_TE_overlap;no_DMR_overlap	all	yes	no	3	3	2.06735	0.000730761	combined_wald|down|logFC=-2.067|padj=0.0007308;salinity_added_wald|down|logFC=-1.871|padj=0.001964;full_model_LRT|down|logFC=-1.75|padj=0.007856	evm.utg12230.7	evm.TU.utg12230.7	142	1	no										no		no										no		yes	tr|A0A6P8J4G3|A0A6P8J4G3_ACTTE	94.5	73	4.36e-39	136	142	310	0.5141	0.2355	yes	tr|A0A6P8J4G3|A0A6P8J4G3_ACTTE Uncharacterized protein LOC116308321 OS=Actinia tenebrosa OX=6105 GN=LOC116308321 PE=4 SV=1	yes	uncharacterized protein	no	yes	tr|A0A6P8J4G3|A0A6P8J4G3_ACTTE	94.521	73	6.39e-42	144	142	310	0.5141	0.2355	yes	tr|A0A6P8J4G3|A0A6P8J4G3_ACTTE Uncharacterized protein LOC116308321 OS=Actinia tenebrosa OX=6105 GN=LOC116308321 PE=4 SV=1	yes	uncharacterized protein	no	no							no														yes	no	"evm.utg12230.7	OTHER	0.000941	0.999059	"	function_dark_no_current_annotation	function_dark_no_current_annotation	ambiguous_or_low_confidence_evidence;non_classifying_evidence_retained	"diamond_swissprot_hit=no | diamond_swissprot_evalue_pass=no | blastp_swissprot_hit=no | blastp_swissprot_evalue_pass=no | diamond_trembl_cnidaria_hit=yes | diamond_trembl_cnidaria_subject=tr|A0A6P8J4G3|A0A6P8J4G3_ACTTE | diamond_trembl_cnidaria_pident=94.5 | diamond_trembl_cnidaria_aln_length=73 | diamond_trembl_cnidaria_evalue=4.36e-39 | diamond_trembl_cnidaria_bitscore=136 | diamond_trembl_cnidaria_qlen=142 | diamond_trembl_cnidaria_slen=310 | diamond_trembl_cnidaria_query_coverage=0.5141 | diamond_trembl_cnidaria_subject_coverage=0.2355 | diamond_trembl_cnidaria_evalue_pass=yes | diamond_trembl_cnidaria_description=tr|A0A6P8J4G3|A0A6P8J4G3_ACTTE Uncharacterized protein LOC116308321 OS=Actinia tenebrosa OX=6105 GN=LOC116308321 PE=4 SV=1 | diamond_trembl_cnidaria_description_is_ambiguous=yes | diamond_trembl_cnidaria_description_ambiguity_reason=uncharacterized protein | diamond_trembl_cnidaria_informative_hit=no | blastp_trembl_cnidaria_hit=yes | blastp_trembl_cnidaria_subject=tr|A0A6P8J4G3|A0A6P8J4G3_ACTTE | blastp_trembl_cnidaria_pident=94.521 | blastp_trembl_cnidaria_aln_length=73 | blastp_trembl_cnidaria_evalue=6.39e-42 | blastp_trembl_cnidaria_bitscore=144 | blastp_trembl_cnidaria_qlen=142 | blastp_trembl_cnidaria_slen=310 | blastp_trembl_cnidaria_query_coverage=0.5141 | blastp_trembl_cnidaria_subject_coverage=0.2355 | blastp_trembl_cnidaria_evalue_pass=yes | blastp_trembl_cnidaria_description=tr|A0A6P8J4G3|A0A6P8J4G3_ACTTE Uncharacterized protein LOC116308321 OS=Actinia tenebrosa OX=6105 GN=LOC116308321 PE=4 SV=1 | blastp_trembl_cnidaria_description_is_ambiguous=yes | blastp_trembl_cnidaria_description_ambiguity_reason=uncharacterized protein | blastp_trembl_cnidaria_informative_hit=no | interpro_hit=no | eggnog_hit=no | signalp_result_present=yes | signalp_positive=no | signalp_raw=evm.utg12230.7	OTHER	0.000941	0.999059"	sequence_found_in_external_fasta	evm.utg12230.1	evm.utg12230.1	matched_multiple	protein_id	evm.utg12230	evm.utg12230.7	cds.evm.utg12230	utg12230	-	utg12230:49254-49682(-)	utg12230:49254-49682(-)	49254	49682	429	utg12230:49254-49682(-)	49254	49682	429	429	1	exon_features	1	matched_primary_from_multiple_strict	1	candidate_id_equals_transcript_id	28	14	28	1	1	0	0	no	dark_cluster_001706	evm.utg12230.7	1	evm.utg12230.7	1	1	1	no	single_copy_or_no_near_identical_dark_duplicate	7	high_priority	none	no_repeat_overlap	0	0	0.000000	NA	no_dmr_overlap	0	0	0.000000	NA	NA	de_significant	evm.TU.utg12230.7	gene_id	10	yes	3	salinity_added_wald|down|logFC=-1.871|padj=0.001964;combined_wald|down|logFC=-2.067|padj=0.0007308;full_model_LRT|down|logFC=-1.75|padj=0.007856	0.000730761	2.06735
utg17372.equina_smart_1811815.mrna1	110	top_stress_responsive_dark_candidate	high_priority;single_copy_or_no_near_identical_dark_duplicate;DE_significant_any_contrast;stress_contrast_DE;abs_logFC_ge_2;padj_le_0.001;repeat_TE_overlap_context;no_DMR_overlap	all	yes	no	5	5	4.28972	1.80699e-12	full_model_LRT|down|logFC=-1.793|padj=1.807e-12;salinity_only_wald|up|logFC=3.811|padj=3.346e-09;salinity_only_LRT|up|logFC=4.29|padj=7.076e-08;salinity_added_wald|up|logFC=1.766|padj=0.002494;combined_wald|up|logFC=1.577|padj=0.005394	utg17372.equina_smart_1811815.mrna1	utg17372.equina_smart_1811815.path1	110	1	no										no		no										no		no										no				no	no										no				no	no							no														yes	no	"utg17372.equina_smart_1811815.mrna1	OTHER	0.194725	0.805275	"	function_dark_no_current_annotation	function_dark_no_current_annotation	non_classifying_evidence_retained	"diamond_swissprot_hit=no | diamond_swissprot_evalue_pass=no | blastp_swissprot_hit=no | blastp_swissprot_evalue_pass=no | diamond_trembl_cnidaria_hit=no | diamond_trembl_cnidaria_evalue_pass=no | diamond_trembl_cnidaria_informative_hit=no | blastp_trembl_cnidaria_hit=no | blastp_trembl_cnidaria_evalue_pass=no | blastp_trembl_cnidaria_informative_hit=no | interpro_hit=no | eggnog_hit=no | signalp_result_present=yes | signalp_positive=no | signalp_raw=utg17372.equina_smart_1811815.mrna1	OTHER	0.194725	0.805275"	sequence_found_in_external_fasta	utg17372.equina_smart_1811815.mrna1	utg17372.equina_smart_1811815.mrna1	matched_multiple	protein_id	utg17372.equina_smart_1811815.mrna1	utg17372.equina_smart_1811815.mrna1	gmap_gene_find_equina_smart_1811815	utg17372	+	utg17372:155736-158256(+)	utg17372:155736-158256(+)	155736	158256	2521	utg17372:155736-158256(+)	155736	158256	2521	333	2	exon_features	2	matched_primary_from_multiple_strict	1	candidate_id_equals_transcript_id	2	1	2	1	1	0	0	no	dark_cluster_003354	utg17372.equina_smart_1811815.mrna1	1	utg17372.equina_smart_1811815.mrna1	1	1	1	no	single_copy_or_no_near_identical_dark_duplicate	8	high_priority	none	repeat_overlap	11	1295	0.513685	rnd-6_family-9317 129 234:1;rnd-6_family-6201 79 164:1;rnd-1_family-697 135 275:1;rnd-1_family-668 16 85:1;rnd-1_family-597 1 84:1;rnd-6_family-20838 2006 2132:1;rnd-3_family-1093 250 343:1;rnd-5_family-1446 188 291:1;rnd-1_family-29 99 578:1;rnd-6_family-22213 1 156:1;rnd-5_family-170 1109 1254:1	no_dmr_overlap	0	0	0.000000	NA	NA	de_significant	utg17372.equina_smart_1811815.path1	gene_id	10	yes	5	salinity_only_wald|up|logFC=3.811|padj=3.346e-09;salinity_added_wald|up|logFC=1.766|padj=0.002494;combined_wald|up|logFC=1.577|padj=0.005394;salinity_only_LRT|up|logFC=4.29|padj=7.076e-08;full_model_LRT|down|logFC=-1.793|padj=1.807e-12	1.80699e-12	4.28972
evm.utg10359.30	110	top_stress_responsive_dark_candidate	high_priority;single_copy_or_no_near_identical_dark_duplicate;DE_significant_any_contrast;stress_contrast_DE;abs_logFC_ge_2;padj_le_0.001;repeat_TE_overlap_context;no_DMR_overlap	all	yes	no	5	5	6.89078	2.48842e-09	salinity_only_wald|down|logFC=-6.107|padj=2.488e-09;salinity_only_LRT|down|logFC=-6.891|padj=1.175e-08;full_model_LRT|up|logFC=2.185|padj=3.082e-08;salinity_added_wald|down|logFC=-3.402|padj=0.0001175;combined_wald|down|logFC=-2.598|padj=0.0008406	evm.utg10359.30	evm.TU.utg10359.30	182	1	no										no		no										no		yes	tr|A0A6P8IJT2|A0A6P8IJT2_ACTTE	97.8	182	9.39e-132	369	182	182	1.0000	1.0000	yes	tr|A0A6P8IJT2|A0A6P8IJT2_ACTTE Uncharacterized protein LOC116302010 OS=Actinia tenebrosa OX=6105 GN=LOC116302010 PE=4 SV=1	yes	uncharacterized protein	no	yes	tr|A0A6P8IJT2|A0A6P8IJT2_ACTTE	97.802	182	5.40e-134	375	182	182	1.0000	1.0000	yes	tr|A0A6P8IJT2|A0A6P8IJT2_ACTTE Uncharacterized protein LOC116302010 OS=Actinia tenebrosa OX=6105 GN=LOC116302010 PE=4 SV=1	yes	uncharacterized protein	no	no							no														yes	no	"evm.utg10359.30	OTHER	0.000598	0.999402	"	function_dark_no_current_annotation	function_dark_no_current_annotation	ambiguous_or_low_confidence_evidence;non_classifying_evidence_retained	"diamond_swissprot_hit=no | diamond_swissprot_evalue_pass=no | blastp_swissprot_hit=no | blastp_swissprot_evalue_pass=no | diamond_trembl_cnidaria_hit=yes | diamond_trembl_cnidaria_subject=tr|A0A6P8IJT2|A0A6P8IJT2_ACTTE | diamond_trembl_cnidaria_pident=97.8 | diamond_trembl_cnidaria_aln_length=182 | diamond_trembl_cnidaria_evalue=9.39e-132 | diamond_trembl_cnidaria_bitscore=369 | diamond_trembl_cnidaria_qlen=182 | diamond_trembl_cnidaria_slen=182 | diamond_trembl_cnidaria_query_coverage=1.0000 | diamond_trembl_cnidaria_subject_coverage=1.0000 | diamond_trembl_cnidaria_evalue_pass=yes | diamond_trembl_cnidaria_description=tr|A0A6P8IJT2|A0A6P8IJT2_ACTTE Uncharacterized protein LOC116302010 OS=Actinia tenebrosa OX=6105 GN=LOC116302010 PE=4 SV=1 | diamond_trembl_cnidaria_description_is_ambiguous=yes | diamond_trembl_cnidaria_description_ambiguity_reason=uncharacterized protein | diamond_trembl_cnidaria_informative_hit=no | blastp_trembl_cnidaria_hit=yes | blastp_trembl_cnidaria_subject=tr|A0A6P8IJT2|A0A6P8IJT2_ACTTE | blastp_trembl_cnidaria_pident=97.802 | blastp_trembl_cnidaria_aln_length=182 | blastp_trembl_cnidaria_evalue=5.40e-134 | blastp_trembl_cnidaria_bitscore=375 | blastp_trembl_cnidaria_qlen=182 | blastp_trembl_cnidaria_slen=182 | blastp_trembl_cnidaria_query_coverage=1.0000 | blastp_trembl_cnidaria_subject_coverage=1.0000 | blastp_trembl_cnidaria_evalue_pass=yes | blastp_trembl_cnidaria_description=tr|A0A6P8IJT2|A0A6P8IJT2_ACTTE Uncharacterized protein LOC116302010 OS=Actinia tenebrosa OX=6105 GN=LOC116302010 PE=4 SV=1 | blastp_trembl_cnidaria_description_is_ambiguous=yes | blastp_trembl_cnidaria_description_ambiguity_reason=uncharacterized protein | blastp_trembl_cnidaria_informative_hit=no | interpro_hit=no | eggnog_hit=no | signalp_result_present=yes | signalp_positive=no | signalp_raw=evm.utg10359.30	OTHER	0.000598	0.999402"	sequence_found_in_external_fasta	evm.utg10359.1	evm.utg10359.1	matched_multiple	protein_id	evm.utg10359	evm.utg10359.30	cds.evm.utg10359	utg10359	-	utg10359:262412-263817(-)	utg10359:262412-263817(-)	262412	263817	1406	utg10359:262412-263817(-)	262412	263817	1406	549	3	exon_features	3	matched_primary_from_multiple_strict	1	candidate_id_equals_transcript_id	66	33	66	1	1	1	1	no	dark_cluster_003166	evm.utg10359.30	1	evm.utg10359.30	1	1	1	no	single_copy_or_no_near_identical_dark_duplicate	8	high_priority	none	repeat_overlap	4	467	0.332148	(CATT)n 1 193:1;(GCATC)n 1 190:1;(ATCAC)n 1 31:1;(ATTC)n 1 55:1	no_dmr_overlap	0	0	0.000000	NA	NA	de_significant	evm.TU.utg10359.30	gene_id	10	yes	5	salinity_only_wald|down|logFC=-6.107|padj=2.488e-09;salinity_added_wald|down|logFC=-3.402|padj=0.0001175;combined_wald|down|logFC=-2.598|padj=0.0008406;salinity_only_LRT|down|logFC=-6.891|padj=1.175e-08;full_model_LRT|up|logFC=2.185|padj=3.082e-08	2.48842e-09	6.89078
utg203.equina_smart_1403064.mrna1	110	top_stress_responsive_dark_candidate	high_priority;single_copy_or_no_near_identical_dark_duplicate;DE_significant_any_contrast;stress_contrast_DE;abs_logFC_ge_2;padj_le_0.001;repeat_TE_overlap_context;no_DMR_overlap	all	yes	no	5	5	2.79997	1.78473e-07	full_model_LRT|down|logFC=-1.594|padj=1.785e-07;salinity_added_wald|down|logFC=-2.8|padj=5e-07;combined_wald|down|logFC=-1.819|padj=0.0004717;salinity_only_wald|down|logFC=-1.128|padj=0.01647;salinity_only_LRT|down|logFC=-1.65|padj=0.04996	utg203.equina_smart_1403064.mrna1	utg203.equina_smart_1403064.path1	204	1	no										no		no										no		no										no				no	no										no				no	no							no														yes	no	"utg203.equina_smart_1403064.mrna1	OTHER	0.013609	0.986391	"	function_dark_no_current_annotation	function_dark_no_current_annotation	non_classifying_evidence_retained	"diamond_swissprot_hit=no | diamond_swissprot_evalue_pass=no | blastp_swissprot_hit=no | blastp_swissprot_evalue_pass=no | diamond_trembl_cnidaria_hit=no | diamond_trembl_cnidaria_evalue_pass=no | diamond_trembl_cnidaria_informative_hit=no | blastp_trembl_cnidaria_hit=no | blastp_trembl_cnidaria_evalue_pass=no | blastp_trembl_cnidaria_informative_hit=no | interpro_hit=no | eggnog_hit=no | signalp_result_present=yes | signalp_positive=no | signalp_raw=utg203.equina_smart_1403064.mrna1	OTHER	0.013609	0.986391"	sequence_found_in_external_fasta	utg203.equina_smart_1403064.mrna1	utg203.equina_smart_1403064.mrna1	matched_multiple	protein_id	utg203.equina_smart_1403064	utg203.equina_smart_1403064.mrna1	gmap_gene_find_equina_smart_1403064	utg203	-	utg203:1342682-1347460(-)	utg203:1342682-1347460(-)	1342682	1347460	4779	utg203:1342682-1347460(-)	1342682	1347460	4779	615	2	exon_features	2	matched_primary_from_multiple_strict	1	candidate_id_equals_transcript_id	2	1	2	1	1	1	1	no	dark_cluster_000038	utg203.equina_smart_1403064.mrna1	1	utg203.equina_smart_1403064.mrna1	1	1	1	no	single_copy_or_no_near_identical_dark_duplicate	8	high_priority	none	repeat_overlap	12	1681	0.351747	rnd-5_family-3905 461 571:1;(TTTCC)n 1 123:1;rnd-1_family-644 3 274:1;rnd-6_family-26572 1212 1394:1;(TTTA)n 1 31:1;rnd-5_family-365 1598 1638:1;rnd-6_family-15552 98 160:1;rnd-5_family-365 1639 1663:1;rnd-6_family-26572 1083 1159:1;rnd-6_family-26572 961 1106:1;rnd-1_family-749 150 479:1;rnd-6_family-4364 763 1226:1	no_dmr_overlap	0	0	0.000000	NA	NA	de_significant	utg203.equina_smart_1403064.path1	gene_id	10	yes	5	salinity_only_wald|down|logFC=-1.128|padj=0.01647;salinity_added_wald|down|logFC=-2.8|padj=5e-07;combined_wald|down|logFC=-1.819|padj=0.0004717;salinity_only_LRT|down|logFC=-1.65|padj=0.04996;full_model_LRT|down|logFC=-1.594|padj=1.785e-07	1.78473e-07	2.79997
evm.utg48.61	110	top_stress_responsive_dark_candidate	high_priority;single_copy_or_no_near_identical_dark_duplicate;DE_significant_any_contrast;stress_contrast_DE;abs_logFC_ge_2;padj_le_0.001;repeat_TE_overlap_context;no_DMR_overlap	all	yes	no	5	5	2.88792	2.14647e-06	full_model_LRT|down|logFC=-1.044|padj=2.146e-06;salinity_only_wald|up|logFC=2.318|padj=5.098e-05;combined_wald|up|logFC=2.35|padj=5.513e-05;salinity_only_LRT|up|logFC=2.888|padj=0.0006335;salinity_added_wald|up|logFC=1.354|padj=0.007277	evm.utg48.61	evm.TU.utg48.61	86	1	no										no		no										no		no										no				no	no										no				no	no							no														yes	no	"evm.utg48.61	OTHER	0.001944	0.998056	"	function_dark_no_current_annotation	function_dark_no_current_annotation	non_classifying_evidence_retained	"diamond_swissprot_hit=no | diamond_swissprot_evalue_pass=no | blastp_swissprot_hit=no | blastp_swissprot_evalue_pass=no | diamond_trembl_cnidaria_hit=no | diamond_trembl_cnidaria_evalue_pass=no | diamond_trembl_cnidaria_informative_hit=no | blastp_trembl_cnidaria_hit=no | blastp_trembl_cnidaria_evalue_pass=no | blastp_trembl_cnidaria_informative_hit=no | interpro_hit=no | eggnog_hit=no | signalp_result_present=yes | signalp_positive=no | signalp_raw=evm.utg48.61	OTHER	0.001944	0.998056"	sequence_found_in_external_fasta	evm.utg48.61	evm.utg48.61	matched_multiple	protein_id	evm.utg48.61	evm.utg48.61	cds.evm.utg48	utg48	-	utg48:623261-624911(-)	utg48:623261-624911(-)	623261	624911	1651	utg48:623261-624911(-)	623261	624911	1651	261	4	exon_features	4	matched_primary_from_multiple_strict	1	candidate_id_equals_transcript_id	152	61	152	16	1	1	2	no	dark_cluster_001346	evm.utg48.61	1	evm.utg48.61	1	1	1	no	single_copy_or_no_near_identical_dark_duplicate	8	high_priority	none	repeat_overlap	6	406	0.245912	rnd-4_family-890 2 134:1;rnd-4_family-580 363 521:1;rnd-1_family-228 30 62:1;A-rich 1 40:1;(TTTTTC)n 1 37:1;rnd-4_family-1393 52 321:1	no_dmr_overlap	0	0	0.000000	NA	NA	de_significant	evm.TU.utg48.61	gene_id	8	yes	5	salinity_only_wald|up|logFC=2.318|padj=5.098e-05;salinity_added_wald|up|logFC=1.354|padj=0.007277;combined_wald|up|logFC=2.35|padj=5.513e-05;salinity_only_LRT|up|logFC=2.888|padj=0.0006335;full_model_LRT|down|logFC=-1.044|padj=2.146e-06	2.14647e-06	2.88792
evm.utg356.51	110	top_stress_responsive_dark_candidate	high_priority;single_copy_or_no_near_identical_dark_duplicate;DE_significant_any_contrast;stress_contrast_DE;abs_logFC_ge_1.5;padj_le_0.001;no_repeat_TE_overlap;no_DMR_overlap	all	yes	no	4	4	1.8404	3.45064e-06	salinity_only_wald|down|logFC=-1.626|padj=3.451e-06;salinity_only_LRT|down|logFC=-1.84|padj=1.242e-05;salinity_added_wald|down|logFC=-1.362|padj=0.0001775;combined_wald|down|logFC=-1.329|padj=0.0002438	evm.utg356.51	evm.TU.utg356.51	181	1	no										no		no										no		yes	tr|A0A6P8IXQ1|A0A6P8IXQ1_ACTTE	94.5	181	8.92e-116	328	181	181	1.0000	1.0000	yes	tr|A0A6P8IXQ1|A0A6P8IXQ1_ACTTE Uncharacterized protein LOC116306062 OS=Actinia tenebrosa OX=6105 GN=LOC116306062 PE=4 SV=1	yes	uncharacterized protein	no	yes	tr|A0A6P8IXQ1|A0A6P8IXQ1_ACTTE	94.475	181	7.70e-120	339	181	181	1.0000	1.0000	yes	tr|A0A6P8IXQ1|A0A6P8IXQ1_ACTTE Uncharacterized protein LOC116306062 OS=Actinia tenebrosa OX=6105 GN=LOC116306062 PE=4 SV=1	yes	uncharacterized protein	no	no							no														yes	no	"evm.utg356.51	OTHER	0.374355	0.625645	"	function_dark_no_current_annotation	function_dark_no_current_annotation	ambiguous_or_low_confidence_evidence;non_classifying_evidence_retained	"diamond_swissprot_hit=no | diamond_swissprot_evalue_pass=no | blastp_swissprot_hit=no | blastp_swissprot_evalue_pass=no | diamond_trembl_cnidaria_hit=yes | diamond_trembl_cnidaria_subject=tr|A0A6P8IXQ1|A0A6P8IXQ1_ACTTE | diamond_trembl_cnidaria_pident=94.5 | diamond_trembl_cnidaria_aln_length=181 | diamond_trembl_cnidaria_evalue=8.92e-116 | diamond_trembl_cnidaria_bitscore=328 | diamond_trembl_cnidaria_qlen=181 | diamond_trembl_cnidaria_slen=181 | diamond_trembl_cnidaria_query_coverage=1.0000 | diamond_trembl_cnidaria_subject_coverage=1.0000 | diamond_trembl_cnidaria_evalue_pass=yes | diamond_trembl_cnidaria_description=tr|A0A6P8IXQ1|A0A6P8IXQ1_ACTTE Uncharacterized protein LOC116306062 OS=Actinia tenebrosa OX=6105 GN=LOC116306062 PE=4 SV=1 | diamond_trembl_cnidaria_description_is_ambiguous=yes | diamond_trembl_cnidaria_description_ambiguity_reason=uncharacterized protein | diamond_trembl_cnidaria_informative_hit=no | blastp_trembl_cnidaria_hit=yes | blastp_trembl_cnidaria_subject=tr|A0A6P8IXQ1|A0A6P8IXQ1_ACTTE | blastp_trembl_cnidaria_pident=94.475 | blastp_trembl_cnidaria_aln_length=181 | blastp_trembl_cnidaria_evalue=7.70e-120 | blastp_trembl_cnidaria_bitscore=339 | blastp_trembl_cnidaria_qlen=181 | blastp_trembl_cnidaria_slen=181 | blastp_trembl_cnidaria_query_coverage=1.0000 | blastp_trembl_cnidaria_subject_coverage=1.0000 | blastp_trembl_cnidaria_evalue_pass=yes | blastp_trembl_cnidaria_description=tr|A0A6P8IXQ1|A0A6P8IXQ1_ACTTE Uncharacterized protein LOC116306062 OS=Actinia tenebrosa OX=6105 GN=LOC116306062 PE=4 SV=1 | blastp_trembl_cnidaria_description_is_ambiguous=yes | blastp_trembl_cnidaria_description_ambiguity_reason=uncharacterized protein | blastp_trembl_cnidaria_informative_hit=no | interpro_hit=no | eggnog_hit=no | signalp_result_present=yes | signalp_positive=no | signalp_raw=evm.utg356.51	OTHER	0.374355	0.625645"	sequence_found_in_external_fasta	evm.utg356.51	evm.utg356.51	matched_multiple	protein_id	evm.utg356	evm.utg356.51	cds.evm.utg356	utg356	-	utg356:382632-383440(-)	utg356:382632-383440(-)	382632	383440	809	utg356:382632-383440(-)	382632	383440	809	546	2	exon_features	2	matched_primary_from_multiple_strict	1	candidate_id_equals_transcript_id	424	167	424	47	1	3	3	yes	dark_cluster_000166	evm.utg356.51	1	evm.utg356.51	1	1	1	yes	single_copy_or_no_near_identical_dark_duplicate	5	high_priority	candidate_on_BUSCO_duplication_rich_scaffold	no_repeat_overlap	0	0	0.000000	NA	no_dmr_overlap	0	0	0.000000	NA	NA	de_significant	evm.TU.utg356.51	gene_id	10	yes	4	salinity_only_wald|down|logFC=-1.626|padj=3.451e-06;salinity_added_wald|down|logFC=-1.362|padj=0.0001775;combined_wald|down|logFC=-1.329|padj=0.0002438;salinity_only_LRT|down|logFC=-1.84|padj=1.242e-05	1.33539e-08	1.8404
evm.utg10359.31	110	top_stress_responsive_dark_candidate	high_priority;single_copy_or_no_near_identical_dark_duplicate;DE_significant_any_contrast;stress_contrast_DE;abs_logFC_ge_2;padj_le_0.001;repeat_TE_overlap_context;no_DMR_overlap	all	yes	no	5	5	6.70366	1.05063e-05	salinity_only_wald|down|logFC=-5.207|padj=1.051e-05;salinity_only_LRT|down|logFC=-6.704|padj=5.902e-05;full_model_LRT|up|logFC=2.529|padj=0.0002924;combined_wald|down|logFC=-1.806|padj=0.01028;salinity_added_wald|down|logFC=-1.748|padj=0.01376	evm.utg10359.31	evm.TU.utg10359.31	182	1	no										no		no										no		yes	tr|A0A6P8IKT2|A0A6P8IKT2_ACTTE	96.2	182	3.83e-131	367	182	182	1.0000	1.0000	yes	tr|A0A6P8IKT2|A0A6P8IKT2_ACTTE Uncharacterized protein LOC116302009 OS=Actinia tenebrosa OX=6105 GN=LOC116302009 PE=4 SV=1	yes	uncharacterized protein	no	yes	tr|A0A6P8IKT2|A0A6P8IKT2_ACTTE	96.154	182	9.27e-133	372	182	182	1.0000	1.0000	yes	tr|A0A6P8IKT2|A0A6P8IKT2_ACTTE Uncharacterized protein LOC116302009 OS=Actinia tenebrosa OX=6105 GN=LOC116302009 PE=4 SV=1	yes	uncharacterized protein	no	no							no														yes	no	"evm.utg10359.31	OTHER	0.000876	0.999124	"	function_dark_no_current_annotation	function_dark_no_current_annotation	ambiguous_or_low_confidence_evidence;non_classifying_evidence_retained	"diamond_swissprot_hit=no | diamond_swissprot_evalue_pass=no | blastp_swissprot_hit=no | blastp_swissprot_evalue_pass=no | diamond_trembl_cnidaria_hit=yes | diamond_trembl_cnidaria_subject=tr|A0A6P8IKT2|A0A6P8IKT2_ACTTE | diamond_trembl_cnidaria_pident=96.2 | diamond_trembl_cnidaria_aln_length=182 | diamond_trembl_cnidaria_evalue=3.83e-131 | diamond_trembl_cnidaria_bitscore=367 | diamond_trembl_cnidaria_qlen=182 | diamond_trembl_cnidaria_slen=182 | diamond_trembl_cnidaria_query_coverage=1.0000 | diamond_trembl_cnidaria_subject_coverage=1.0000 | diamond_trembl_cnidaria_evalue_pass=yes | diamond_trembl_cnidaria_description=tr|A0A6P8IKT2|A0A6P8IKT2_ACTTE Uncharacterized protein LOC116302009 OS=Actinia tenebrosa OX=6105 GN=LOC116302009 PE=4 SV=1 | diamond_trembl_cnidaria_description_is_ambiguous=yes | diamond_trembl_cnidaria_description_ambiguity_reason=uncharacterized protein | diamond_trembl_cnidaria_informative_hit=no | blastp_trembl_cnidaria_hit=yes | blastp_trembl_cnidaria_subject=tr|A0A6P8IKT2|A0A6P8IKT2_ACTTE | blastp_trembl_cnidaria_pident=96.154 | blastp_trembl_cnidaria_aln_length=182 | blastp_trembl_cnidaria_evalue=9.27e-133 | blastp_trembl_cnidaria_bitscore=372 | blastp_trembl_cnidaria_qlen=182 | blastp_trembl_cnidaria_slen=182 | blastp_trembl_cnidaria_query_coverage=1.0000 | blastp_trembl_cnidaria_subject_coverage=1.0000 | blastp_trembl_cnidaria_evalue_pass=yes | blastp_trembl_cnidaria_description=tr|A0A6P8IKT2|A0A6P8IKT2_ACTTE Uncharacterized protein LOC116302009 OS=Actinia tenebrosa OX=6105 GN=LOC116302009 PE=4 SV=1 | blastp_trembl_cnidaria_description_is_ambiguous=yes | blastp_trembl_cnidaria_description_ambiguity_reason=uncharacterized protein | blastp_trembl_cnidaria_informative_hit=no | interpro_hit=no | eggnog_hit=no | signalp_result_present=yes | signalp_positive=no | signalp_raw=evm.utg10359.31	OTHER	0.000876	0.999124"	sequence_found_in_external_fasta	evm.utg10359.31	evm.utg10359.31	matched_multiple	protein_id	evm.utg10359	evm.utg10359.31	cds.evm.utg10359	utg10359	+	utg10359:268232-270114(+)	utg10359:268232-270114(+)	268232	270114	1883	utg10359:268232-269866(+)	268232	269866	1635	549	3	exon_features	3	matched_primary_from_multiple_strict	1	candidate_id_equals_transcript_id	66	33	66	1	1	1	1	no	dark_cluster_002682	evm.utg10359.31	1	evm.utg10359.31	1	1	1	no	single_copy_or_no_near_identical_dark_duplicate	8	high_priority	none	repeat_overlap	7	775	0.411577	(AATG)n 1 24:1;(GAGAAT)n 1 38:1;(AATG)n 25 59:1;(GATGC)n 1 425:1;(GATG)n 1 50:1;(GAAT)n 1 209:1;A-rich 1 36:1	no_dmr_overlap	0	0	0.000000	NA	NA	de_significant	evm.TU.utg10359.31	gene_id	10	yes	5	salinity_only_wald|down|logFC=-5.207|padj=1.051e-05;salinity_added_wald|down|logFC=-1.748|padj=0.01376;combined_wald|down|logFC=-1.806|padj=0.01028;salinity_only_LRT|down|logFC=-6.704|padj=5.902e-05;full_model_LRT|up|logFC=2.529|padj=0.0002924	1.05063e-05	6.70366
evm.utg2849.21	110	top_stress_responsive_dark_candidate	high_priority;single_copy_or_no_near_identical_dark_duplicate;DE_significant_any_contrast;stress_contrast_DE;abs_logFC_ge_2;padj_le_0.001;repeat_TE_overlap_context;no_DMR_overlap	all	yes	no	5	5	3.3821	2.47348e-05	full_model_LRT|up|logFC=1.221|padj=2.473e-05;salinity_only_wald|down|logFC=-2.619|padj=4.733e-05;salinity_only_LRT|down|logFC=-3.382|padj=0.0003023;combined_wald|down|logFC=-2.096|padj=0.0007656;salinity_added_wald|down|logFC=-1.338|padj=0.0202	evm.utg2849.21	evm.TU.utg2849.21	127	1	no										no		no										no		no										no				no	no										no				no	no							no														yes	no	"evm.utg2849.21	OTHER	0.004445	0.995555	"	function_dark_no_current_annotation	function_dark_no_current_annotation	non_classifying_evidence_retained	"diamond_swissprot_hit=no | diamond_swissprot_evalue_pass=no | blastp_swissprot_hit=no | blastp_swissprot_evalue_pass=no | diamond_trembl_cnidaria_hit=no | diamond_trembl_cnidaria_evalue_pass=no | diamond_trembl_cnidaria_informative_hit=no | blastp_trembl_cnidaria_hit=no | blastp_trembl_cnidaria_evalue_pass=no | blastp_trembl_cnidaria_informative_hit=no | interpro_hit=no | eggnog_hit=no | signalp_result_present=yes | signalp_positive=no | signalp_raw=evm.utg2849.21	OTHER	0.004445	0.995555"	sequence_found_in_external_fasta	evm.utg2849.21	evm.utg2849.21	matched_multiple	protein_id	evm.utg2849	evm.utg2849.21	cds.evm.utg2849	utg2849	-	utg2849:391100-393587(-)	utg2849:391100-393587(-)	391100	393587	2488	utg2849:391100-393587(-)	391100	393587	2488	384	3	exon_features	3	matched_primary_from_multiple_strict	1	candidate_id_equals_transcript_id	66	31	66	3	1	0	0	no	dark_cluster_002079	evm.utg2849.21	1	evm.utg2849.21	1	1	1	no	single_copy_or_no_near_identical_dark_duplicate	8	high_priority	none	repeat_overlap	4	236	0.094855	rnd-6_family-4602 181 321:1;rnd-6_family-1033 866 919:1;rnd-6_family-2664 686 763:1;(TCA)n 1 19:1	no_dmr_overlap	0	0	0.000000	NA	NA	de_significant	evm.TU.utg2849.21	gene_id	10	yes	5	salinity_only_wald|down|logFC=-2.619|padj=4.733e-05;salinity_added_wald|down|logFC=-1.338|padj=0.0202;combined_wald|down|logFC=-2.096|padj=0.0007656;salinity_only_LRT|down|logFC=-3.382|padj=0.0003023;full_model_LRT|up|logFC=1.221|padj=2.473e-05	2.47348e-05	3.3821
evm.utg622.76	110	top_stress_responsive_dark_candidate	high_priority;single_copy_or_no_near_identical_dark_duplicate;DE_significant_any_contrast;stress_contrast_DE;abs_logFC_ge_1.5;padj_le_0.001;no_repeat_TE_overlap;no_DMR_overlap	all	yes	no	4	4	1.90001	4.30052e-05	combined_wald|down|logFC=-1.81|padj=4.301e-05;salinity_only_wald|down|logFC=-1.561|padj=0.0002183;salinity_only_LRT|down|logFC=-1.9|padj=0.0008262;salinity_added_wald|down|logFC=-1.321|padj=0.002583	evm.utg622.76	evm.TU.utg622.76	81	1	no										no		no										no		yes	tr|A0A6P8I9G0|A0A6P8I9G0_ACTTE	89.6	77	1.72e-45	145	81	149	0.9506	0.5168	yes	tr|A0A6P8I9G0|A0A6P8I9G0_ACTTE Uncharacterized protein LOC116297238 OS=Actinia tenebrosa OX=6105 GN=LOC116297238 PE=4 SV=1	yes	uncharacterized protein	no	yes	tr|A0A6P8I9G0|A0A6P8I9G0_ACTTE	89.610	77	8.56e-46	146	81	149	0.9506	0.5168	yes	tr|A0A6P8I9G0|A0A6P8I9G0_ACTTE Uncharacterized protein LOC116297238 OS=Actinia tenebrosa OX=6105 GN=LOC116297238 PE=4 SV=1	yes	uncharacterized protein	no	no							no														yes	no	"evm.utg622.76	SP(Sec/SPI)	0.540466	0.459534	CS pos: 28-29. AEG-LS. Pr: 0.2982"	function_dark_no_current_annotation	function_dark_no_current_annotation	ambiguous_or_low_confidence_evidence;non_classifying_evidence_retained	"diamond_swissprot_hit=no | diamond_swissprot_evalue_pass=no | blastp_swissprot_hit=no | blastp_swissprot_evalue_pass=no | diamond_trembl_cnidaria_hit=yes | diamond_trembl_cnidaria_subject=tr|A0A6P8I9G0|A0A6P8I9G0_ACTTE | diamond_trembl_cnidaria_pident=89.6 | diamond_trembl_cnidaria_aln_length=77 | diamond_trembl_cnidaria_evalue=1.72e-45 | diamond_trembl_cnidaria_bitscore=145 | diamond_trembl_cnidaria_qlen=81 | diamond_trembl_cnidaria_slen=149 | diamond_trembl_cnidaria_query_coverage=0.9506 | diamond_trembl_cnidaria_subject_coverage=0.5168 | diamond_trembl_cnidaria_evalue_pass=yes | diamond_trembl_cnidaria_description=tr|A0A6P8I9G0|A0A6P8I9G0_ACTTE Uncharacterized protein LOC116297238 OS=Actinia tenebrosa OX=6105 GN=LOC116297238 PE=4 SV=1 | diamond_trembl_cnidaria_description_is_ambiguous=yes | diamond_trembl_cnidaria_description_ambiguity_reason=uncharacterized protein | diamond_trembl_cnidaria_informative_hit=no | blastp_trembl_cnidaria_hit=yes | blastp_trembl_cnidaria_subject=tr|A0A6P8I9G0|A0A6P8I9G0_ACTTE | blastp_trembl_cnidaria_pident=89.610 | blastp_trembl_cnidaria_aln_length=77 | blastp_trembl_cnidaria_evalue=8.56e-46 | blastp_trembl_cnidaria_bitscore=146 | blastp_trembl_cnidaria_qlen=81 | blastp_trembl_cnidaria_slen=149 | blastp_trembl_cnidaria_query_coverage=0.9506 | blastp_trembl_cnidaria_subject_coverage=0.5168 | blastp_trembl_cnidaria_evalue_pass=yes | blastp_trembl_cnidaria_description=tr|A0A6P8I9G0|A0A6P8I9G0_ACTTE Uncharacterized protein LOC116297238 OS=Actinia tenebrosa OX=6105 GN=LOC116297238 PE=4 SV=1 | blastp_trembl_cnidaria_description_is_ambiguous=yes | blastp_trembl_cnidaria_description_ambiguity_reason=uncharacterized protein | blastp_trembl_cnidaria_informative_hit=no | interpro_hit=no | eggnog_hit=no | signalp_result_present=yes | signalp_positive=no | signalp_raw=evm.utg622.76	SP(Sec/SPI)	0.540466	0.459534	CS pos: 28-29. AEG-LS. Pr: 0.2982"	sequence_found_in_external_fasta	evm.utg622.76	evm.utg622.76	matched_multiple	protein_id	evm.utg622.76	evm.utg622.76	cds.evm.utg622	utg622	+	utg622:562683-563779(+)	utg622:562683-563779(+)	562683	563779	1097	utg622:562683-563779(+)	562683	563779	1097	246	2	exon_features	2	matched_primary_from_multiple_strict	1	candidate_id_equals_transcript_id	371	169	371	18	1	4	4	yes	dark_cluster_003120	evm.utg622.76	1	evm.utg622.76	1	1	1	yes	single_copy_or_no_near_identical_dark_duplicate	5	high_priority	candidate_on_BUSCO_duplication_rich_scaffold	no_repeat_overlap	0	0	0.000000	NA	no_dmr_overlap	0	0	0.000000	NA	NA	de_significant	evm.TU.utg622.76	gene_id	10	yes	4	salinity_only_wald|down|logFC=-1.561|padj=0.0002183;salinity_added_wald|down|logFC=-1.321|padj=0.002583;combined_wald|down|logFC=-1.81|padj=4.301e-05;salinity_only_LRT|down|logFC=-1.9|padj=0.0008262	4.99804e-06	1.90001
evm.utg116.228	110	top_stress_responsive_dark_candidate	high_priority;single_copy_or_no_near_identical_dark_duplicate;DE_significant_any_contrast;stress_contrast_DE;abs_logFC_ge_2;padj_le_0.001;repeat_TE_overlap_context;no_DMR_overlap	all	yes	no	5	5	3.71009	7.51006e-05	salinity_added_wald|down|logFC=-3.71|padj=7.51e-05;full_model_LRT|down|logFC=-2.016|padj=0.0001881;combined_wald|down|logFC=-3.071|padj=0.0003074;salinity_only_wald|down|logFC=-1.458|padj=0.01819;salinity_only_LRT|down|logFC=-3.024|padj=0.02329	evm.utg116.228	evm.TU.utg116.228	174	1	no										no		no										no		no										no				no	no										no				no	no							no														yes	no	"evm.utg116.228	OTHER	0.001795	0.998205	"	function_dark_no_current_annotation	function_dark_no_current_annotation	non_classifying_evidence_retained	"diamond_swissprot_hit=no | diamond_swissprot_evalue_pass=no | blastp_swissprot_hit=no | blastp_swissprot_evalue_pass=no | diamond_trembl_cnidaria_hit=no | diamond_trembl_cnidaria_evalue_pass=no | diamond_trembl_cnidaria_informative_hit=no | blastp_trembl_cnidaria_hit=no | blastp_trembl_cnidaria_evalue_pass=no | blastp_trembl_cnidaria_informative_hit=no | interpro_hit=no | eggnog_hit=no | signalp_result_present=yes | signalp_positive=no | signalp_raw=evm.utg116.228	OTHER	0.001795	0.998205"	sequence_found_in_external_fasta	evm.utg116.228	evm.utg116.228	matched_multiple	protein_id	evm.utg116.228	evm.utg116.228	cds.evm.utg116	utg116	-	utg116:1826509-1838778(-)	utg116:1826509-1838778(-)	1826509	1838778	12270	utg116:1826509-1838778(-)	1826509	1838778	12270	525	5	exon_features	5	matched_primary_from_multiple_strict	1	candidate_id_equals_transcript_id	894	365	894	92	1	5	7	yes	dark_cluster_001254	evm.utg116.228	1	evm.utg116.228	1	1	1	yes	single_copy_or_no_near_identical_dark_duplicate	5	high_priority	candidate_on_BUSCO_duplication_rich_scaffold	repeat_overlap	31	3480	0.283619	rnd-4_family-2071 83 113:3;(CCCATCCAC)n 1 200:1;rnd-1_family-414 49 150:1;rnd-1_family-466 51 155:1;rnd-1_family-333 2 68:1;A-rich 1 54:1;rnd-4_family-52 1 99:1;rnd-1_family-242 1 173:1;rnd-4_family-52 426 479:1;rnd-1_family-14 2 157:1;rnd-6_family-5610 1886 1979:1;rnd-5_family-6906 379 460:1;(ATACAA)n 1 39:1;rnd-5_family-3962 478 507:1;rnd-1_family-558 1 212:1;(TAA)n 1 24:1;rnd-5_family-6804 1 304:1;rnd-1_family-1006 1 207:1;rnd-1_family-970 1 67:1;rnd-5_family-6804 68 304:1;(A)n 1 22:1;rnd-5_family-2676 1 134:1;rnd-1_family-135 2 191:1;A-rich 1 32:1;rnd-6_family-5279 21 75:1;rnd-6_family-5279 60 180:1;(ATT)n 1 398:1;rnd-6_family-5279 5 161:1;rnd-1_family-222 151 251:1	no_dmr_overlap	0	0	0.000000	NA	NA	de_significant	evm.TU.utg116.228	gene_id	10	yes	5	salinity_only_wald|down|logFC=-1.458|padj=0.01819;salinity_added_wald|down|logFC=-3.71|padj=7.51e-05;combined_wald|down|logFC=-3.071|padj=0.0003074;salinity_only_LRT|down|logFC=-3.024|padj=0.02329;full_model_LRT|down|logFC=-2.016|padj=0.0001881	7.51006e-05	3.71009
evm.utg777.61	110	top_stress_responsive_dark_candidate	high_priority;single_copy_or_no_near_identical_dark_duplicate;DE_significant_any_contrast;stress_contrast_DE;abs_logFC_ge_2;padj_le_0.001;repeat_TE_overlap_context;no_DMR_overlap	all	yes	no	5	5	3.42035	0.000139835	salinity_only_wald|down|logFC=-2.54|padj=0.0001398;full_model_LRT|up|logFC=1.349|padj=0.0001778;combined_wald|down|logFC=-1.941|padj=0.002153;salinity_only_LRT|down|logFC=-3.42|padj=0.00242;salinity_added_wald|down|logFC=-1.183|padj=0.04138	evm.utg777.61	evm.TU.utg777.61	104	1	no										no		no										no		no										no				no	no										no				no	no							no														yes	no	"evm.utg777.61	SP(Sec/SPI)	0.986416	0.013584	CS pos: 19-20. ASA-WW. Pr: 0.8815"	function_dark_no_current_annotation	function_dark_no_current_annotation	non_classifying_evidence_retained	"diamond_swissprot_hit=no | diamond_swissprot_evalue_pass=no | blastp_swissprot_hit=no | blastp_swissprot_evalue_pass=no | diamond_trembl_cnidaria_hit=no | diamond_trembl_cnidaria_evalue_pass=no | diamond_trembl_cnidaria_informative_hit=no | blastp_trembl_cnidaria_hit=no | blastp_trembl_cnidaria_evalue_pass=no | blastp_trembl_cnidaria_informative_hit=no | interpro_hit=no | eggnog_hit=no | signalp_result_present=yes | signalp_positive=no | signalp_raw=evm.utg777.61	SP(Sec/SPI)	0.986416	0.013584	CS pos: 19-20. ASA-WW. Pr: 0.8815"	sequence_found_in_external_fasta	evm.utg777.61	evm.utg777.61	matched_multiple	protein_id	evm.utg777.61	evm.utg777.61	cds.evm.utg777	utg777	+	utg777:547889-549641(+)	utg777:547889-549641(+)	547889	549641	1753	utg777:549213-549527(+)	549213	549527	315	315	2	exon_features	1	matched_primary_from_multiple_strict	1	candidate_id_equals_transcript_id	210	91	210	16	1	4	6	yes	dark_cluster_001616	evm.utg777.61	1	evm.utg777.61	1	1	1	yes	single_copy_or_no_near_identical_dark_duplicate	5	high_priority	candidate_on_BUSCO_duplication_rich_scaffold	repeat_overlap	2	695	0.396463	A-rich 1 44:1;rnd-6_family-3483 1 658:1	no_dmr_overlap	0	0	0.000000	NA	NA	de_significant	evm.TU.utg777.61	gene_id	10	yes	5	salinity_only_wald|down|logFC=-2.54|padj=0.0001398;salinity_added_wald|down|logFC=-1.183|padj=0.04138;combined_wald|down|logFC=-1.941|padj=0.002153;salinity_only_LRT|down|logFC=-3.42|padj=0.00242;full_model_LRT|up|logFC=1.349|padj=0.0001778	0.000139835	3.42035
evm.utg2071.84	110	top_stress_responsive_dark_candidate	high_priority;single_copy_or_no_near_identical_dark_duplicate;DE_significant_any_contrast;stress_contrast_DE;abs_logFC_ge_1.5;padj_le_0.001;no_repeat_TE_overlap;no_DMR_overlap	all	yes	no	4	4	1.87372	0.000165146	salinity_added_wald|up|logFC=1.874|padj=0.0001651;combined_wald|up|logFC=1.373|padj=0.004138;salinity_only_LRT|up|logFC=1.642|padj=0.007609;salinity_only_wald|up|logFC=1.194|padj=0.008628	evm.utg2071.84	evm.TU.utg2071.84	68	1	no										no		no										no		yes	tr|A0AAU9XJ55|A0AAU9XJ55_9CNID	63.0	54	1.47e-16	74.7	68	387	0.7941	0.1395	yes	tr|A0AAU9XJ55|A0AAU9XJ55_9CNID Uncharacterized protein OS=Pocillopora meandrina OX=46732 GN=PMEA_00023867 PE=4 SV=1	yes	uncharacterized protein	no	yes	tr|A0AAU9XJ55|A0AAU9XJ55_9CNID	62.963	54	9.53e-18	78.2	68	387	0.7941	0.1395	yes	tr|A0AAU9XJ55|A0AAU9XJ55_9CNID Uncharacterized protein OS=Pocillopora meandrina OX=46732 GN=PMEA_00023867 PE=4 SV=1	yes	uncharacterized protein	no	no							no														yes	no	"evm.utg2071.84	OTHER	0.001936	0.998064	"	function_dark_no_current_annotation	function_dark_no_current_annotation	ambiguous_or_low_confidence_evidence;non_classifying_evidence_retained	"diamond_swissprot_hit=no | diamond_swissprot_evalue_pass=no | blastp_swissprot_hit=no | blastp_swissprot_evalue_pass=no | diamond_trembl_cnidaria_hit=yes | diamond_trembl_cnidaria_subject=tr|A0AAU9XJ55|A0AAU9XJ55_9CNID | diamond_trembl_cnidaria_pident=63.0 | diamond_trembl_cnidaria_aln_length=54 | diamond_trembl_cnidaria_evalue=1.47e-16 | diamond_trembl_cnidaria_bitscore=74.7 | diamond_trembl_cnidaria_qlen=68 | diamond_trembl_cnidaria_slen=387 | diamond_trembl_cnidaria_query_coverage=0.7941 | diamond_trembl_cnidaria_subject_coverage=0.1395 | diamond_trembl_cnidaria_evalue_pass=yes | diamond_trembl_cnidaria_description=tr|A0AAU9XJ55|A0AAU9XJ55_9CNID Uncharacterized protein OS=Pocillopora meandrina OX=46732 GN=PMEA_00023867 PE=4 SV=1 | diamond_trembl_cnidaria_description_is_ambiguous=yes | diamond_trembl_cnidaria_description_ambiguity_reason=uncharacterized protein | diamond_trembl_cnidaria_informative_hit=no | blastp_trembl_cnidaria_hit=yes | blastp_trembl_cnidaria_subject=tr|A0AAU9XJ55|A0AAU9XJ55_9CNID | blastp_trembl_cnidaria_pident=62.963 | blastp_trembl_cnidaria_aln_length=54 | blastp_trembl_cnidaria_evalue=9.53e-18 | blastp_trembl_cnidaria_bitscore=78.2 | blastp_trembl_cnidaria_qlen=68 | blastp_trembl_cnidaria_slen=387 | blastp_trembl_cnidaria_query_coverage=0.7941 | blastp_trembl_cnidaria_subject_coverage=0.1395 | blastp_trembl_cnidaria_evalue_pass=yes | blastp_trembl_cnidaria_description=tr|A0AAU9XJ55|A0AAU9XJ55_9CNID Uncharacterized protein OS=Pocillopora meandrina OX=46732 GN=PMEA_00023867 PE=4 SV=1 | blastp_trembl_cnidaria_description_is_ambiguous=yes | blastp_trembl_cnidaria_description_ambiguity_reason=uncharacterized protein | blastp_trembl_cnidaria_informative_hit=no | interpro_hit=no | eggnog_hit=no | signalp_result_present=yes | signalp_positive=no | signalp_raw=evm.utg2071.84	OTHER	0.001936	0.998064"	sequence_found_in_external_fasta	evm.utg2071.84	evm.utg2071.84	matched_multiple	protein_id	evm.utg2071.84	evm.utg2071.84	cds.evm.utg2071	utg2071	-	utg2071:611355-611783(-)	utg2071:611355-611783(-)	611355	611783	429	utg2071:611355-611783(-)	611355	611783	429	207	2	exon_features	2	matched_primary_from_multiple_strict	1	candidate_id_equals_transcript_id	193	88	193	11	1	0	0	no	dark_cluster_003033	evm.utg2071.84	1	evm.utg2071.84	1	1	1	no	single_copy_or_no_near_identical_dark_duplicate	8	high_priority	none	no_repeat_overlap	0	0	0.000000	NA	no_dmr_overlap	0	0	0.000000	NA	NA	de_significant	evm.TU.utg2071.84	gene_id	10	yes	4	salinity_only_wald|up|logFC=1.194|padj=0.008628;salinity_added_wald|up|logFC=1.874|padj=0.0001651;combined_wald|up|logFC=1.373|padj=0.004138;salinity_only_LRT|up|logFC=1.642|padj=0.007609	2.04134e-05	1.87372
utg14007.equina_smart_1075169.mrna1	110	top_stress_responsive_dark_candidate	high_priority;single_copy_or_no_near_identical_dark_duplicate;DE_significant_any_contrast;stress_contrast_DE;abs_logFC_ge_1.5;padj_le_0.001;no_repeat_TE_overlap;no_DMR_overlap	all	yes	no	4	4	1.86481	0.000217348	salinity_only_wald|up|logFC=1.552|padj=0.0002173;salinity_only_LRT|up|logFC=1.865|padj=0.0003348;full_model_LRT|down|logFC=-1.112|padj=0.000451;combined_wald|up|logFC=1.018|padj=0.01858	utg14007.equina_smart_1075169.mrna1	utg14007.equina_smart_1075169.path1	34	1	no										no		no										no		no										no				no	no										no				no	no							no														yes	no	"utg14007.equina_smart_1075169.mrna1	OTHER	0.015336	0.984664	"	function_dark_no_current_annotation	function_dark_no_current_annotation	non_classifying_evidence_retained	"diamond_swissprot_hit=no | diamond_swissprot_evalue_pass=no | blastp_swissprot_hit=no | blastp_swissprot_evalue_pass=no | diamond_trembl_cnidaria_hit=no | diamond_trembl_cnidaria_evalue_pass=no | diamond_trembl_cnidaria_informative_hit=no | blastp_trembl_cnidaria_hit=no | blastp_trembl_cnidaria_evalue_pass=no | blastp_trembl_cnidaria_informative_hit=no | interpro_hit=no | eggnog_hit=no | signalp_result_present=yes | signalp_positive=no | signalp_raw=utg14007.equina_smart_1075169.mrna1	OTHER	0.015336	0.984664"	sequence_found_in_external_fasta	utg14007.equina_smart_1075169.mrna1	utg14007.equina_smart_1075169.mrna1	matched_multiple	protein_id	utg14007.equina_smart_1075169.mrna1	utg14007.equina_smart_1075169.mrna1	gmap_gene_find_equina_smart_1075169	utg14007	-	utg14007:32316-32521(-)	utg14007:32316-32521(-)	32316	32521	206	utg14007:32316-32521(-)	32316	32521	206	105	2	exon_features	2	matched_primary_from_multiple_strict	1	candidate_id_equals_transcript_id	2	1	2	1	1	0	0	no	dark_cluster_003100	utg14007.equina_smart_1075169.mrna1	1	utg14007.equina_smart_1075169.mrna1	1	1	1	no	single_copy_or_no_near_identical_dark_duplicate	8	high_priority	none	no_repeat_overlap	0	0	0.000000	NA	no_dmr_overlap	0	0	0.000000	NA	NA	de_significant	utg14007.equina_smart_1075169.path1	gene_id	10	yes	4	salinity_only_wald|up|logFC=1.552|padj=0.0002173;combined_wald|up|logFC=1.018|padj=0.01858;salinity_only_LRT|up|logFC=1.865|padj=0.0003348;full_model_LRT|down|logFC=-1.112|padj=0.000451	0.000217348	1.86481
evm.utg217.13	110	top_stress_responsive_dark_candidate	high_priority;single_copy_or_no_near_identical_dark_duplicate;DE_significant_any_contrast;stress_contrast_DE;abs_logFC_ge_1.5;padj_le_0.001;no_repeat_TE_overlap;no_DMR_overlap	all	yes	no	4	4	1.90923	0.000357823	combined_wald|down|logFC=-1.702|padj=0.0003578;salinity_only_LRT|down|logFC=-1.909|padj=0.0005045;salinity_only_wald|down|logFC=-1.489|padj=0.001133;salinity_added_wald|down|logFC=-1.035|padj=0.02842	evm.utg217.13	evm.TU.utg217.13	208	1	no										no		no										no		no										no				no	no										no				no	no							no														yes	no	"evm.utg217.13	OTHER	0.000286	0.999714	"	function_dark_no_current_annotation	function_dark_no_current_annotation	non_classifying_evidence_retained	"diamond_swissprot_hit=no | diamond_swissprot_evalue_pass=no | blastp_swissprot_hit=no | blastp_swissprot_evalue_pass=no | diamond_trembl_cnidaria_hit=no | diamond_trembl_cnidaria_evalue_pass=no | diamond_trembl_cnidaria_informative_hit=no | blastp_trembl_cnidaria_hit=no | blastp_trembl_cnidaria_evalue_pass=no | blastp_trembl_cnidaria_informative_hit=no | interpro_hit=no | eggnog_hit=no | signalp_result_present=yes | signalp_positive=no | signalp_raw=evm.utg217.13	OTHER	0.000286	0.999714"	sequence_found_in_external_fasta	evm.utg217.13	evm.utg217.13	matched_multiple	protein_id	evm.utg217	evm.utg217.13	cds.evm.utg217	utg217	+	utg217:104366-105848(+)	utg217:104366-105848(+)	104366	105848	1483	utg217:104366-105848(+)	104366	105848	1483	627	3	exon_features	3	matched_primary_from_multiple_strict	1	candidate_id_equals_transcript_id	158	56	158	26	1	2	2	no	dark_cluster_002773	evm.utg217.13	1	evm.utg217.13	1	1	1	no	single_copy_or_no_near_identical_dark_duplicate	8	high_priority	none	no_repeat_overlap	0	0	0.000000	NA	no_dmr_overlap	0	0	0.000000	NA	NA	de_significant	evm.TU.utg217.13	gene_id	10	yes	4	salinity_only_wald|down|logFC=-1.489|padj=0.001133;salinity_added_wald|down|logFC=-1.035|padj=0.02842;combined_wald|down|logFC=-1.702|padj=0.0003578;salinity_only_LRT|down|logFC=-1.909|padj=0.0005045	0.000158048	1.90923
evm.utg3872.52	110	top_stress_responsive_dark_candidate	high_priority;single_copy_or_no_near_identical_dark_duplicate;DE_significant_any_contrast;stress_contrast_DE;abs_logFC_ge_2;padj_le_0.001;repeat_TE_overlap_context;no_DMR_overlap	all	yes	no	5	5	4.25028	0.000912286	full_model_LRT|down|logFC=-1.025|padj=0.0009123;salinity_only_wald|up|logFC=2.346|padj=0.002166;combined_wald|up|logFC=2.048|padj=0.005106;salinity_only_LRT|up|logFC=4.25|padj=0.01075;salinity_added_wald|up|logFC=1.512|padj=0.02186	evm.utg3872.52	evm.TU.utg3872.52	187	1	no										no		no										no		no										no				no	yes	tr|A0ABN8NRV2|A0ABN8NRV2_9CNID	21.192	151	9.95e-34	120	187	151	0.8075	1.0000	yes	tr|A0ABN8NRV2|A0ABN8NRV2_9CNID Uncharacterized protein (Fragment) OS=Porites lobata OX=104759 GN=PLOB_00026824 PE=4 SV=1	yes	uncharacterized protein	no	no							no														yes	no	"evm.utg3872.52	OTHER	0.017669	0.982331	"	function_dark_no_current_annotation	function_dark_no_current_annotation	ambiguous_or_low_confidence_evidence;non_classifying_evidence_retained	"diamond_swissprot_hit=no | diamond_swissprot_evalue_pass=no | blastp_swissprot_hit=no | blastp_swissprot_evalue_pass=no | diamond_trembl_cnidaria_hit=no | diamond_trembl_cnidaria_evalue_pass=no | diamond_trembl_cnidaria_informative_hit=no | blastp_trembl_cnidaria_hit=yes | blastp_trembl_cnidaria_subject=tr|A0ABN8NRV2|A0ABN8NRV2_9CNID | blastp_trembl_cnidaria_pident=21.192 | blastp_trembl_cnidaria_aln_length=151 | blastp_trembl_cnidaria_evalue=9.95e-34 | blastp_trembl_cnidaria_bitscore=120 | blastp_trembl_cnidaria_qlen=187 | blastp_trembl_cnidaria_slen=151 | blastp_trembl_cnidaria_query_coverage=0.8075 | blastp_trembl_cnidaria_subject_coverage=1.0000 | blastp_trembl_cnidaria_evalue_pass=yes | blastp_trembl_cnidaria_description=tr|A0ABN8NRV2|A0ABN8NRV2_9CNID Uncharacterized protein (Fragment) OS=Porites lobata OX=104759 GN=PLOB_00026824 PE=4 SV=1 | blastp_trembl_cnidaria_description_is_ambiguous=yes | blastp_trembl_cnidaria_description_ambiguity_reason=uncharacterized protein | blastp_trembl_cnidaria_informative_hit=no | interpro_hit=no | eggnog_hit=no | signalp_result_present=yes | signalp_positive=no | signalp_raw=evm.utg3872.52	OTHER	0.017669	0.982331"	sequence_found_in_external_fasta	evm.utg3872.52	evm.utg3872.52	matched_multiple	protein_id	evm.utg3872	evm.utg3872.52	cds.evm.utg3872	utg3872	-	utg3872:392200-392763(-)	utg3872:392200-392763(-)	392200	392763	564	utg3872:392200-392763(-)	392200	392763	564	564	1	exon_features	1	matched_primary_from_multiple_strict	1	candidate_id_equals_transcript_id	200	83	200	19	1	1	1	no	dark_cluster_001203	evm.utg3872.52	1	evm.utg3872.52	1	1	1	no	single_copy_or_no_near_identical_dark_duplicate	7	high_priority	none	repeat_overlap	1	551	0.976950	rnd-4_family-1571 8 417:1	no_dmr_overlap	0	0	0.000000	NA	NA	de_significant	evm.TU.utg3872.52	gene_id	8	yes	5	salinity_only_wald|up|logFC=2.346|padj=0.002166;salinity_added_wald|up|logFC=1.512|padj=0.02186;combined_wald|up|logFC=2.048|padj=0.005106;salinity_only_LRT|up|logFC=4.25|padj=0.01075;full_model_LRT|down|logFC=-1.025|padj=0.0009123	0.000912286	4.25028
evm.utg12341.2	110	top_stress_responsive_dark_candidate	high_priority;single_copy_or_no_near_identical_dark_duplicate;DE_significant_any_contrast;stress_contrast_DE;diesel_added_DE;padj_le_0.01;repeat_TE_overlap_context;no_DMR_overlap	all	yes	yes	2	2	1.14433	0.00455557	full_model_LRT|down|logFC=-1.144|padj=0.004556;diesel_added_wald|down|logFC=-1.019|padj=0.02556	evm.utg12341.2	evm.TU.utg12341.2	373	1	no										no		no										no		yes	tr|A0A6P8IKH8|A0A6P8IKH8_ACTTE	90.1	253	2.11e-172	500	373	720	0.6783	0.3514	yes	tr|A0A6P8IKH8|A0A6P8IKH8_ACTTE Uncharacterized protein LOC116301908 OS=Actinia tenebrosa OX=6105 GN=LOC116301908 PE=4 SV=1	yes	uncharacterized protein	no	yes	tr|A0A6P8IKH8|A0A6P8IKH8_ACTTE	90.119	253	1.97e-170	495	373	720	0.6783	0.3514	yes	tr|A0A6P8IKH8|A0A6P8IKH8_ACTTE Uncharacterized protein LOC116301908 OS=Actinia tenebrosa OX=6105 GN=LOC116301908 PE=4 SV=1	yes	uncharacterized protein	no	no							no														yes	no	"evm.utg12341.2	OTHER	0.000986	0.999014	"	function_dark_no_current_annotation	function_dark_no_current_annotation	ambiguous_or_low_confidence_evidence;non_classifying_evidence_retained	"diamond_swissprot_hit=no | diamond_swissprot_evalue_pass=no | blastp_swissprot_hit=no | blastp_swissprot_evalue_pass=no | diamond_trembl_cnidaria_hit=yes | diamond_trembl_cnidaria_subject=tr|A0A6P8IKH8|A0A6P8IKH8_ACTTE | diamond_trembl_cnidaria_pident=90.1 | diamond_trembl_cnidaria_aln_length=253 | diamond_trembl_cnidaria_evalue=2.11e-172 | diamond_trembl_cnidaria_bitscore=500 | diamond_trembl_cnidaria_qlen=373 | diamond_trembl_cnidaria_slen=720 | diamond_trembl_cnidaria_query_coverage=0.6783 | diamond_trembl_cnidaria_subject_coverage=0.3514 | diamond_trembl_cnidaria_evalue_pass=yes | diamond_trembl_cnidaria_description=tr|A0A6P8IKH8|A0A6P8IKH8_ACTTE Uncharacterized protein LOC116301908 OS=Actinia tenebrosa OX=6105 GN=LOC116301908 PE=4 SV=1 | diamond_trembl_cnidaria_description_is_ambiguous=yes | diamond_trembl_cnidaria_description_ambiguity_reason=uncharacterized protein | diamond_trembl_cnidaria_informative_hit=no | blastp_trembl_cnidaria_hit=yes | blastp_trembl_cnidaria_subject=tr|A0A6P8IKH8|A0A6P8IKH8_ACTTE | blastp_trembl_cnidaria_pident=90.119 | blastp_trembl_cnidaria_aln_length=253 | blastp_trembl_cnidaria_evalue=1.97e-170 | blastp_trembl_cnidaria_bitscore=495 | blastp_trembl_cnidaria_qlen=373 | blastp_trembl_cnidaria_slen=720 | blastp_trembl_cnidaria_query_coverage=0.6783 | blastp_trembl_cnidaria_subject_coverage=0.3514 | blastp_trembl_cnidaria_evalue_pass=yes | blastp_trembl_cnidaria_description=tr|A0A6P8IKH8|A0A6P8IKH8_ACTTE Uncharacterized protein LOC116301908 OS=Actinia tenebrosa OX=6105 GN=LOC116301908 PE=4 SV=1 | blastp_trembl_cnidaria_description_is_ambiguous=yes | blastp_trembl_cnidaria_description_ambiguity_reason=uncharacterized protein | blastp_trembl_cnidaria_informative_hit=no | interpro_hit=no | eggnog_hit=no | signalp_result_present=yes | signalp_positive=no | signalp_raw=evm.utg12341.2	OTHER	0.000986	0.999014"	sequence_found_in_external_fasta	evm.utg12341.1	evm.utg12341.1	matched_multiple	protein_id	evm.utg12341	evm.utg12341.2	cds.evm.utg12341	utg12341	+	utg12341:3715-6545(+)	utg12341:3715-6545(+)	3715	6545	2831	utg12341:3715-6545(+)	3715	6545	2831	1122	2	exon_features	2	matched_primary_from_multiple_strict	1	candidate_id_equals_transcript_id	12	6	12	1	1	0	0	no	dark_cluster_000123	evm.utg12341.2	1	evm.utg12341.2	1	1	1	no	single_copy_or_no_near_identical_dark_duplicate	8	high_priority	none	repeat_overlap	2	2831	1.000000	rnd-1_family-206 4 3267:1;rnd-1_family-125 1 2799:1	no_dmr_overlap	0	0	0.000000	NA	NA	de_significant	evm.TU.utg12341.2	gene_id	10	yes	2	diesel_added_wald|down|logFC=-1.019|padj=0.02556;full_model_LRT|down|logFC=-1.144|padj=0.004556	0.00455557	1.14433
evm.utg4130.11	110	top_stress_responsive_dark_candidate	high_priority;single_copy_or_no_near_identical_dark_duplicate;DE_significant_any_contrast;stress_contrast_DE;diesel_added_DE;padj_le_0.01;repeat_TE_overlap_context;no_DMR_overlap	all	yes	yes	2	2	1.44682	0.00856321	full_model_LRT|down|logFC=-1.447|padj=0.008563;diesel_added_wald|down|logFC=-1.172|padj=0.02381	evm.utg4130.11	evm.TU.utg4130.11	102	1	no										no		no										no		yes	tr|A0A6P8IKH8|A0A6P8IKH8_ACTTE	93.1	102	3.12e-64	209	102	720	1.0000	0.1417	yes	tr|A0A6P8IKH8|A0A6P8IKH8_ACTTE Uncharacterized protein LOC116301908 OS=Actinia tenebrosa OX=6105 GN=LOC116301908 PE=4 SV=1	yes	uncharacterized protein	no	yes	tr|A0A6P8IKH8|A0A6P8IKH8_ACTTE	93.137	102	2.50e-63	206	102	720	1.0000	0.1417	yes	tr|A0A6P8IKH8|A0A6P8IKH8_ACTTE Uncharacterized protein LOC116301908 OS=Actinia tenebrosa OX=6105 GN=LOC116301908 PE=4 SV=1	yes	uncharacterized protein	no	no							no														yes	no	"evm.utg4130.11	OTHER	0.000325	0.999675	"	function_dark_no_current_annotation	function_dark_no_current_annotation	ambiguous_or_low_confidence_evidence;non_classifying_evidence_retained	"diamond_swissprot_hit=no | diamond_swissprot_evalue_pass=no | blastp_swissprot_hit=no | blastp_swissprot_evalue_pass=no | diamond_trembl_cnidaria_hit=yes | diamond_trembl_cnidaria_subject=tr|A0A6P8IKH8|A0A6P8IKH8_ACTTE | diamond_trembl_cnidaria_pident=93.1 | diamond_trembl_cnidaria_aln_length=102 | diamond_trembl_cnidaria_evalue=3.12e-64 | diamond_trembl_cnidaria_bitscore=209 | diamond_trembl_cnidaria_qlen=102 | diamond_trembl_cnidaria_slen=720 | diamond_trembl_cnidaria_query_coverage=1.0000 | diamond_trembl_cnidaria_subject_coverage=0.1417 | diamond_trembl_cnidaria_evalue_pass=yes | diamond_trembl_cnidaria_description=tr|A0A6P8IKH8|A0A6P8IKH8_ACTTE Uncharacterized protein LOC116301908 OS=Actinia tenebrosa OX=6105 GN=LOC116301908 PE=4 SV=1 | diamond_trembl_cnidaria_description_is_ambiguous=yes | diamond_trembl_cnidaria_description_ambiguity_reason=uncharacterized protein | diamond_trembl_cnidaria_informative_hit=no | blastp_trembl_cnidaria_hit=yes | blastp_trembl_cnidaria_subject=tr|A0A6P8IKH8|A0A6P8IKH8_ACTTE | blastp_trembl_cnidaria_pident=93.137 | blastp_trembl_cnidaria_aln_length=102 | blastp_trembl_cnidaria_evalue=2.50e-63 | blastp_trembl_cnidaria_bitscore=206 | blastp_trembl_cnidaria_qlen=102 | blastp_trembl_cnidaria_slen=720 | blastp_trembl_cnidaria_query_coverage=1.0000 | blastp_trembl_cnidaria_subject_coverage=0.1417 | blastp_trembl_cnidaria_evalue_pass=yes | blastp_trembl_cnidaria_description=tr|A0A6P8IKH8|A0A6P8IKH8_ACTTE Uncharacterized protein LOC116301908 OS=Actinia tenebrosa OX=6105 GN=LOC116301908 PE=4 SV=1 | blastp_trembl_cnidaria_description_is_ambiguous=yes | blastp_trembl_cnidaria_description_ambiguity_reason=uncharacterized protein | blastp_trembl_cnidaria_informative_hit=no | interpro_hit=no | eggnog_hit=no | signalp_result_present=yes | signalp_positive=no | signalp_raw=evm.utg4130.11	OTHER	0.000325	0.999675"	sequence_found_in_external_fasta	evm.utg4130.11	evm.utg4130.11	matched_multiple	protein_id	evm.utg4130.11	evm.utg4130.11	cds.evm.utg4130	utg4130	+	utg4130:202408-202716(+)	utg4130:202408-202716(+)	202408	202716	309	utg4130:202408-202716(+)	202408	202716	309	309	1	exon_features	1	matched_primary_from_multiple_strict	1	candidate_id_equals_transcript_id	22	11	22	1	1	0	0	no	dark_cluster_000632	evm.utg4130.11	1	evm.utg4130.11	1	1	1	no	single_copy_or_no_near_identical_dark_duplicate	7	high_priority	none	repeat_overlap	1	309	1.000000	rnd-1_family-206 5 4856:1	no_dmr_overlap	0	0	0.000000	NA	NA	de_significant	evm.TU.utg4130.11	gene_id	10	yes	2	diesel_added_wald|down|logFC=-1.172|padj=0.02381;full_model_LRT|down|logFC=-1.447|padj=0.008563	0.00856321	1.44682
evm.utg298.91	109	top_stress_responsive_dark_candidate	high_priority;single_copy_or_no_near_identical_dark_duplicate;DE_significant_any_contrast;stress_contrast_DE;abs_logFC_ge_2;padj_le_0.001;no_repeat_TE_overlap;no_DMR_overlap	all	yes	no	2	2	4.23037	0.000201425	full_model_LRT|down|logFC=-4.23|padj=0.0002014;salinity_only_LRT|up|logFC=4.149|padj=0.001728	evm.utg298.91	evm.TU.utg298.91	112	1	no										no		no										no		no										no				no	yes	tr|A0A9W9ZF85|A0A9W9ZF85_9CNID	33.333	78	8.69e-10	57.8	112	1512	0.6964	0.0516	yes	tr|A0A9W9ZF85|A0A9W9ZF85_9CNID Uncharacterized protein OS=Desmophyllum pertusum OX=174260 GN=OS493_012653 PE=4 SV=1	yes	uncharacterized protein	no	no							no														yes	no	"evm.utg298.91	OTHER	0.033925	0.966075	"	function_dark_no_current_annotation	function_dark_no_current_annotation	ambiguous_or_low_confidence_evidence;non_classifying_evidence_retained	"diamond_swissprot_hit=no | diamond_swissprot_evalue_pass=no | blastp_swissprot_hit=no | blastp_swissprot_evalue_pass=no | diamond_trembl_cnidaria_hit=no | diamond_trembl_cnidaria_evalue_pass=no | diamond_trembl_cnidaria_informative_hit=no | blastp_trembl_cnidaria_hit=yes | blastp_trembl_cnidaria_subject=tr|A0A9W9ZF85|A0A9W9ZF85_9CNID | blastp_trembl_cnidaria_pident=33.333 | blastp_trembl_cnidaria_aln_length=78 | blastp_trembl_cnidaria_evalue=8.69e-10 | blastp_trembl_cnidaria_bitscore=57.8 | blastp_trembl_cnidaria_qlen=112 | blastp_trembl_cnidaria_slen=1512 | blastp_trembl_cnidaria_query_coverage=0.6964 | blastp_trembl_cnidaria_subject_coverage=0.0516 | blastp_trembl_cnidaria_evalue_pass=yes | blastp_trembl_cnidaria_description=tr|A0A9W9ZF85|A0A9W9ZF85_9CNID Uncharacterized protein OS=Desmophyllum pertusum OX=174260 GN=OS493_012653 PE=4 SV=1 | blastp_trembl_cnidaria_description_is_ambiguous=yes | blastp_trembl_cnidaria_description_ambiguity_reason=uncharacterized protein | blastp_trembl_cnidaria_informative_hit=no | interpro_hit=no | eggnog_hit=no | signalp_result_present=yes | signalp_positive=no | signalp_raw=evm.utg298.91	OTHER	0.033925	0.966075"	sequence_found_in_external_fasta	evm.utg298.91	evm.utg298.91	matched_multiple	protein_id	evm.utg298.91	evm.utg298.91	cds.evm.utg298	utg298	-	utg298:501490-502440(-)	utg298:501490-502440(-)	501490	502440	951	utg298:501857-502195(-)	501857	502195	339	339	1	exon_features	1	matched_primary_from_multiple_strict	1	candidate_id_equals_transcript_id	242	112	242	10	1	2	2	no	dark_cluster_001334	evm.utg298.91	1	evm.utg298.91	1	1	1	no	single_copy_or_no_near_identical_dark_duplicate	7	high_priority	none	no_repeat_overlap	0	0	0.000000	NA	no_dmr_overlap	0	0	0.000000	NA	NA	de_significant	evm.TU.utg298.91	gene_id	3	yes	2	salinity_only_LRT|up|logFC=4.149|padj=0.001728;full_model_LRT|down|logFC=-4.23|padj=0.0002014	0.000201425	4.23037
evm.utg413.14	109	top_stress_responsive_dark_candidate	high_priority;possible_biological_gene_family_expansion;DE_significant_any_contrast;stress_contrast_DE;diesel_added_DE;abs_logFC_ge_1.5;padj_le_0.01;repeat_TE_overlap_context;no_DMR_overlap	all	yes	yes	4	4	1.72231	0.00116084	combined_wald|down|logFC=-1.623|padj=0.001161;salinity_added_wald|down|logFC=-1.506|padj=0.002525;full_model_LRT|down|logFC=-1.722|padj=0.006781;diesel_added_wald|down|logFC=-1.019|padj=0.0202	evm.utg413.14	evm.TU.utg413.14	200	1	no										no		no										no		no										no				no	yes	tr|A7RGK9|A7RGK9_NEMVE	43.902	123	2.28e-16	77.8	200	245	0.6150	0.5020	yes	tr|A7RGK9|A7RGK9_NEMVE Uncharacterized protein OS=Nematostella vectensis OX=45351 GN=NEMVEDRAFT_v1g196866 PE=4 SV=1	yes	uncharacterized protein	no	no							no														yes	no	"evm.utg413.14	OTHER	0.001896	0.998104	"	function_dark_no_current_annotation	function_dark_no_current_annotation	ambiguous_or_low_confidence_evidence;non_classifying_evidence_retained	"diamond_swissprot_hit=no | diamond_swissprot_evalue_pass=no | blastp_swissprot_hit=no | blastp_swissprot_evalue_pass=no | diamond_trembl_cnidaria_hit=no | diamond_trembl_cnidaria_evalue_pass=no | diamond_trembl_cnidaria_informative_hit=no | blastp_trembl_cnidaria_hit=yes | blastp_trembl_cnidaria_subject=tr|A7RGK9|A7RGK9_NEMVE | blastp_trembl_cnidaria_pident=43.902 | blastp_trembl_cnidaria_aln_length=123 | blastp_trembl_cnidaria_evalue=2.28e-16 | blastp_trembl_cnidaria_bitscore=77.8 | blastp_trembl_cnidaria_qlen=200 | blastp_trembl_cnidaria_slen=245 | blastp_trembl_cnidaria_query_coverage=0.6150 | blastp_trembl_cnidaria_subject_coverage=0.5020 | blastp_trembl_cnidaria_evalue_pass=yes | blastp_trembl_cnidaria_description=tr|A7RGK9|A7RGK9_NEMVE Uncharacterized protein OS=Nematostella vectensis OX=45351 GN=NEMVEDRAFT_v1g196866 PE=4 SV=1 | blastp_trembl_cnidaria_description_is_ambiguous=yes | blastp_trembl_cnidaria_description_ambiguity_reason=uncharacterized protein | blastp_trembl_cnidaria_informative_hit=no | interpro_hit=no | eggnog_hit=no | signalp_result_present=yes | signalp_positive=no | signalp_raw=evm.utg413.14	OTHER	0.001896	0.998104"	sequence_found_in_external_fasta	evm.utg413.1	evm.utg413.1	matched_multiple	protein_id	evm.utg413.14	evm.utg413.14	cds.evm.utg413	utg413	-	utg413:336534-338073(-)	utg413:336534-338073(-)	336534	338073	1540	utg413:336534-338073(-)	336534	338073	1540	603	2	exon_features	2	matched_primary_from_multiple_strict	1	candidate_id_equals_transcript_id	144	55	144	19	1	2	2	no	dark_cluster_000055	evm.utg413.14	2	evm.utg413.14;evm.utg413.22	2	1	2	no	possible_biological_gene_family_expansion	7	high_priority	near_identical_dark_cluster;possible_biological_gene_family_expansion	repeat_overlap	1	23	0.014935	(G)n 1 23:1	no_dmr_overlap	0	0	0.000000	NA	NA	de_significant	evm.TU.utg413.14	gene_id	10	yes	4	diesel_added_wald|down|logFC=-1.019|padj=0.0202;salinity_added_wald|down|logFC=-1.506|padj=0.002525;combined_wald|down|logFC=-1.623|padj=0.001161;full_model_LRT|down|logFC=-1.722|padj=0.006781	0.00116084	1.72231
utg54.equina_smart_1393648.mrna3	109	top_stress_responsive_dark_candidate	high_priority;single_copy_or_no_near_identical_dark_duplicate;DE_significant_any_contrast;stress_contrast_DE;diesel_added_DE;repeat_TE_overlap_context;no_DMR_overlap	all	yes	yes	3	3	1.34575	0.0214484	diesel_added_wald|down|logFC=-1.266|padj=0.02145;combined_wald|down|logFC=-1.346|padj=0.02945;salinity_added_wald|down|logFC=-1.343|padj=0.03153	utg54.equina_smart_1393648.mrna3	utg54.equina_smart_1393648.path3	49	1	no										no		no										no		no										no				no	no										no				no	no							no														yes	no	"utg54.equina_smart_1393648.mrna3	OTHER	0.007953	0.992047	"	function_dark_no_current_annotation	function_dark_no_current_annotation	non_classifying_evidence_retained	"diamond_swissprot_hit=no | diamond_swissprot_evalue_pass=no | blastp_swissprot_hit=no | blastp_swissprot_evalue_pass=no | diamond_trembl_cnidaria_hit=no | diamond_trembl_cnidaria_evalue_pass=no | diamond_trembl_cnidaria_informative_hit=no | blastp_trembl_cnidaria_hit=no | blastp_trembl_cnidaria_evalue_pass=no | blastp_trembl_cnidaria_informative_hit=no | interpro_hit=no | eggnog_hit=no | signalp_result_present=yes | signalp_positive=no | signalp_raw=utg54.equina_smart_1393648.mrna3	OTHER	0.007953	0.992047"	sequence_found_in_external_fasta	utg54.equina_smart_1393648.mrna3	utg54.equina_smart_1393648.mrna3	matched_multiple	protein_id	utg54.equina_smart_1393648.mrna3	utg54.equina_smart_1393648.mrna3	gmap_gene_find_equina_smart_1393648	utg54	+	utg54:1441-2064(+)	utg54:1441-2064(+)	1441	2064	624	utg54:1441-2064(+)	1441	2064	624	150	2	exon_features	2	matched_primary_from_multiple_strict	1	candidate_id_equals_transcript_id	2	1	2	1	1	0	0	no	dark_cluster_001724	utg54.equina_smart_1393648.mrna3	1	utg54.equina_smart_1393648.mrna3	1	1	1	no	single_copy_or_no_near_identical_dark_duplicate	8	high_priority	none	repeat_overlap	1	624	1.000000	rnd-1_family-13 1 775:1	no_dmr_overlap	0	0	0.000000	NA	NA	de_significant	utg54.equina_smart_1393648.path3	gene_id	10	yes	3	diesel_added_wald|down|logFC=-1.266|padj=0.02145;salinity_added_wald|down|logFC=-1.343|padj=0.03153;combined_wald|down|logFC=-1.346|padj=0.02945	0.0214484	3.24278
evm.utg1204.8	108	top_stress_responsive_dark_candidate	high_priority;single_copy_or_no_near_identical_dark_duplicate;DE_significant_any_contrast;stress_contrast_DE;abs_logFC_ge_2;padj_le_0.001;repeat_TE_overlap_context;no_DMR_overlap	all	yes	no	4	4	3.50193	6.64572e-15	salinity_only_wald|up|logFC=3.262|padj=6.646e-15;salinity_only_LRT|up|logFC=3.502|padj=1.053e-11;salinity_added_wald|up|logFC=2.327|padj=1.805e-07;combined_wald|up|logFC=1.74|padj=4.888e-05	evm.utg1204.8	evm.TU.utg1204.8	235	1	no										no		no										no		no										no				no	yes	tr|A0A9W9Z6U0|A0A9W9Z6U0_9CNID	40.455	220	1.25e-47	160	235	245	0.9362	0.8980	yes	tr|A0A9W9Z6U0|A0A9W9Z6U0_9CNID Uncharacterized protein (Fragment) OS=Desmophyllum pertusum OX=174260 GN=OS493_036975 PE=4 SV=1	yes	uncharacterized protein	no	no							no														yes	no	"evm.utg1204.8	OTHER	0.009500	0.990500	"	function_dark_no_current_annotation	function_dark_no_current_annotation	ambiguous_or_low_confidence_evidence;non_classifying_evidence_retained	"diamond_swissprot_hit=no | diamond_swissprot_evalue_pass=no | blastp_swissprot_hit=no | blastp_swissprot_evalue_pass=no | diamond_trembl_cnidaria_hit=no | diamond_trembl_cnidaria_evalue_pass=no | diamond_trembl_cnidaria_informative_hit=no | blastp_trembl_cnidaria_hit=yes | blastp_trembl_cnidaria_subject=tr|A0A9W9Z6U0|A0A9W9Z6U0_9CNID | blastp_trembl_cnidaria_pident=40.455 | blastp_trembl_cnidaria_aln_length=220 | blastp_trembl_cnidaria_evalue=1.25e-47 | blastp_trembl_cnidaria_bitscore=160 | blastp_trembl_cnidaria_qlen=235 | blastp_trembl_cnidaria_slen=245 | blastp_trembl_cnidaria_query_coverage=0.9362 | blastp_trembl_cnidaria_subject_coverage=0.8980 | blastp_trembl_cnidaria_evalue_pass=yes | blastp_trembl_cnidaria_description=tr|A0A9W9Z6U0|A0A9W9Z6U0_9CNID Uncharacterized protein (Fragment) OS=Desmophyllum pertusum OX=174260 GN=OS493_036975 PE=4 SV=1 | blastp_trembl_cnidaria_description_is_ambiguous=yes | blastp_trembl_cnidaria_description_ambiguity_reason=uncharacterized protein | blastp_trembl_cnidaria_informative_hit=no | interpro_hit=no | eggnog_hit=no | signalp_result_present=yes | signalp_positive=no | signalp_raw=evm.utg1204.8	OTHER	0.009500	0.990500"	sequence_found_in_external_fasta	evm.utg1204.1	evm.utg1204.1	matched_multiple	protein_id	evm.utg1204.8	evm.utg1204.8	cds.evm.utg1204	utg1204	-	utg1204:65875-66582(-)	utg1204:65875-66582(-)	65875	66582	708	utg1204:65875-66582(-)	65875	66582	708	708	1	exon_features	1	matched_primary_from_multiple_strict	1	candidate_id_equals_transcript_id	124	51	124	12	1	2	3	no	dark_cluster_000870	evm.utg1204.8	1	evm.utg1204.8	1	1	1	no	single_copy_or_no_near_identical_dark_duplicate	7	high_priority	none	repeat_overlap	1	703	0.992938	(CATC)n 1 712:1	no_dmr_overlap	0	0	0.000000	NA	NA	de_significant	evm.TU.utg1204.8	gene_id	10	yes	4	salinity_only_wald|up|logFC=3.262|padj=6.646e-15;salinity_added_wald|up|logFC=2.327|padj=1.805e-07;combined_wald|up|logFC=1.74|padj=4.888e-05;salinity_only_LRT|up|logFC=3.502|padj=1.053e-11	1.94595e-23	3.50193
evm.utg607.8	108	top_stress_responsive_dark_candidate	high_priority;single_copy_or_no_near_identical_dark_duplicate;DE_significant_any_contrast;stress_contrast_DE;abs_logFC_ge_2;padj_le_0.001;repeat_TE_overlap_context;no_DMR_overlap	all	yes	no	4	4	4.9358	2.15202e-10	salinity_added_wald|down|logFC=-4.885|padj=2.152e-10;salinity_only_wald|down|logFC=-4.426|padj=1.602e-09;combined_wald|down|logFC=-4.381|padj=5.487e-09;salinity_only_LRT|down|logFC=-4.936|padj=4.123e-08	evm.utg607.8	evm.TU.utg607.8	187	1	no										no		no										no		yes	tr|A0A913X173|A0A913X173_EXADI	53.5	172	1.65e-60	189	187	175	0.9198	0.9829	yes	tr|A0A913X173|A0A913X173_EXADI Uncharacterized protein OS=Exaiptasia diaphana OX=2652724 PE=4 SV=1	yes	uncharacterized protein	no	yes	tr|A0A913X173|A0A913X173_EXADI	53.846	169	5.87e-58	182	187	175	0.9037	0.9657	yes	tr|A0A913X173|A0A913X173_EXADI Uncharacterized protein OS=Exaiptasia diaphana OX=2652724 PE=4 SV=1	yes	uncharacterized protein	no	no							no														yes	no	"evm.utg607.8	OTHER	0.001109	0.998891	"	function_dark_no_current_annotation	function_dark_no_current_annotation	ambiguous_or_low_confidence_evidence;non_classifying_evidence_retained	"diamond_swissprot_hit=no | diamond_swissprot_evalue_pass=no | blastp_swissprot_hit=no | blastp_swissprot_evalue_pass=no | diamond_trembl_cnidaria_hit=yes | diamond_trembl_cnidaria_subject=tr|A0A913X173|A0A913X173_EXADI | diamond_trembl_cnidaria_pident=53.5 | diamond_trembl_cnidaria_aln_length=172 | diamond_trembl_cnidaria_evalue=1.65e-60 | diamond_trembl_cnidaria_bitscore=189 | diamond_trembl_cnidaria_qlen=187 | diamond_trembl_cnidaria_slen=175 | diamond_trembl_cnidaria_query_coverage=0.9198 | diamond_trembl_cnidaria_subject_coverage=0.9829 | diamond_trembl_cnidaria_evalue_pass=yes | diamond_trembl_cnidaria_description=tr|A0A913X173|A0A913X173_EXADI Uncharacterized protein OS=Exaiptasia diaphana OX=2652724 PE=4 SV=1 | diamond_trembl_cnidaria_description_is_ambiguous=yes | diamond_trembl_cnidaria_description_ambiguity_reason=uncharacterized protein | diamond_trembl_cnidaria_informative_hit=no | blastp_trembl_cnidaria_hit=yes | blastp_trembl_cnidaria_subject=tr|A0A913X173|A0A913X173_EXADI | blastp_trembl_cnidaria_pident=53.846 | blastp_trembl_cnidaria_aln_length=169 | blastp_trembl_cnidaria_evalue=5.87e-58 | blastp_trembl_cnidaria_bitscore=182 | blastp_trembl_cnidaria_qlen=187 | blastp_trembl_cnidaria_slen=175 | blastp_trembl_cnidaria_query_coverage=0.9037 | blastp_trembl_cnidaria_subject_coverage=0.9657 | blastp_trembl_cnidaria_evalue_pass=yes | blastp_trembl_cnidaria_description=tr|A0A913X173|A0A913X173_EXADI Uncharacterized protein OS=Exaiptasia diaphana OX=2652724 PE=4 SV=1 | blastp_trembl_cnidaria_description_is_ambiguous=yes | blastp_trembl_cnidaria_description_ambiguity_reason=uncharacterized protein | blastp_trembl_cnidaria_informative_hit=no | interpro_hit=no | eggnog_hit=no | signalp_result_present=yes | signalp_positive=no | signalp_raw=evm.utg607.8	OTHER	0.001109	0.998891"	sequence_found_in_external_fasta	evm.utg607.1	evm.utg607.1	matched_multiple	protein_id	evm.utg607.8	evm.utg607.8	cds.evm.utg607	utg607	+	utg607:67631-68591(+)	utg607:67631-68591(+)	67631	68591	961	utg607:67631-68591(+)	67631	68591	961	564	2	exon_features	2	matched_primary_from_multiple_strict	1	candidate_id_equals_transcript_id	193	67	193	32	1	5	8	yes	dark_cluster_000474	evm.utg607.8	1	evm.utg607.8	1	1	1	yes	single_copy_or_no_near_identical_dark_duplicate	5	high_priority	candidate_on_BUSCO_duplication_rich_scaffold	repeat_overlap	1	36	0.037461	(TTTC)n 1 37:1	no_dmr_overlap	0	0	0.000000	NA	NA	de_significant	evm.TU.utg607.8	gene_id	10	yes	4	salinity_only_wald|down|logFC=-4.426|padj=1.602e-09;salinity_added_wald|down|logFC=-4.885|padj=2.152e-10;combined_wald|down|logFC=-4.381|padj=5.487e-09;salinity_only_LRT|down|logFC=-4.936|padj=4.123e-08	3.57483e-13	4.9358
evm.utg1962.36	108	top_stress_responsive_dark_candidate	high_priority;single_copy_or_no_near_identical_dark_duplicate;DE_significant_any_contrast;stress_contrast_DE;abs_logFC_ge_2;padj_le_0.001;repeat_TE_overlap_context;no_DMR_overlap	all	yes	no	4	4	2.43751	4.00077e-08	salinity_added_wald|down|logFC=-2.438|padj=4.001e-08;combined_wald|down|logFC=-2.355|padj=7.908e-08;salinity_only_wald|down|logFC=-1.693|padj=4.247e-05;salinity_only_LRT|down|logFC=-2.002|padj=0.0002881	evm.utg1962.36	evm.TU.utg1962.36	182	1	no										no		no										no		yes	tr|A0A6P8HXE4|A0A6P8HXE4_ACTTE	87.9	182	1.59e-114	325	182	182	1.0000	1.0000	yes	tr|A0A6P8HXE4|A0A6P8HXE4_ACTTE Uncharacterized protein LOC116296218 OS=Actinia tenebrosa OX=6105 GN=LOC116296218 PE=4 SV=1	yes	uncharacterized protein	no	yes	tr|A0A6P8HXE4|A0A6P8HXE4_ACTTE	87.912	182	1.37e-108	310	182	182	1.0000	1.0000	yes	tr|A0A6P8HXE4|A0A6P8HXE4_ACTTE Uncharacterized protein LOC116296218 OS=Actinia tenebrosa OX=6105 GN=LOC116296218 PE=4 SV=1	yes	uncharacterized protein	no	no							no														yes	no	"evm.utg1962.36	SP(Sec/SPI)	0.961915	0.038085	CS pos: 24-25. VVS-LN. Pr: 0.5711"	function_dark_no_current_annotation	function_dark_no_current_annotation	ambiguous_or_low_confidence_evidence;non_classifying_evidence_retained	"diamond_swissprot_hit=no | diamond_swissprot_evalue_pass=no | blastp_swissprot_hit=no | blastp_swissprot_evalue_pass=no | diamond_trembl_cnidaria_hit=yes | diamond_trembl_cnidaria_subject=tr|A0A6P8HXE4|A0A6P8HXE4_ACTTE | diamond_trembl_cnidaria_pident=87.9 | diamond_trembl_cnidaria_aln_length=182 | diamond_trembl_cnidaria_evalue=1.59e-114 | diamond_trembl_cnidaria_bitscore=325 | diamond_trembl_cnidaria_qlen=182 | diamond_trembl_cnidaria_slen=182 | diamond_trembl_cnidaria_query_coverage=1.0000 | diamond_trembl_cnidaria_subject_coverage=1.0000 | diamond_trembl_cnidaria_evalue_pass=yes | diamond_trembl_cnidaria_description=tr|A0A6P8HXE4|A0A6P8HXE4_ACTTE Uncharacterized protein LOC116296218 OS=Actinia tenebrosa OX=6105 GN=LOC116296218 PE=4 SV=1 | diamond_trembl_cnidaria_description_is_ambiguous=yes | diamond_trembl_cnidaria_description_ambiguity_reason=uncharacterized protein | diamond_trembl_cnidaria_informative_hit=no | blastp_trembl_cnidaria_hit=yes | blastp_trembl_cnidaria_subject=tr|A0A6P8HXE4|A0A6P8HXE4_ACTTE | blastp_trembl_cnidaria_pident=87.912 | blastp_trembl_cnidaria_aln_length=182 | blastp_trembl_cnidaria_evalue=1.37e-108 | blastp_trembl_cnidaria_bitscore=310 | blastp_trembl_cnidaria_qlen=182 | blastp_trembl_cnidaria_slen=182 | blastp_trembl_cnidaria_query_coverage=1.0000 | blastp_trembl_cnidaria_subject_coverage=1.0000 | blastp_trembl_cnidaria_evalue_pass=yes | blastp_trembl_cnidaria_description=tr|A0A6P8HXE4|A0A6P8HXE4_ACTTE Uncharacterized protein LOC116296218 OS=Actinia tenebrosa OX=6105 GN=LOC116296218 PE=4 SV=1 | blastp_trembl_cnidaria_description_is_ambiguous=yes | blastp_trembl_cnidaria_description_ambiguity_reason=uncharacterized protein | blastp_trembl_cnidaria_informative_hit=no | interpro_hit=no | eggnog_hit=no | signalp_result_present=yes | signalp_positive=no | signalp_raw=evm.utg1962.36	SP(Sec/SPI)	0.961915	0.038085	CS pos: 24-25. VVS-LN. Pr: 0.5711"	sequence_found_in_external_fasta	evm.utg1962.36	evm.utg1962.36	matched_multiple	protein_id	evm.utg1962	evm.utg1962.36	cds.evm.utg1962	utg1962	-	utg1962:206515-209149(-)	utg1962:206515-209149(-)	206515	209149	2635	utg1962:206775-209129(-)	206775	209129	2355	549	2	exon_features	2	matched_primary_from_multiple_strict	1	candidate_id_equals_transcript_id	119	48	119	13	1	0	0	no	dark_cluster_000996	evm.utg1962.36	1	evm.utg1962.36	1	1	1	no	single_copy_or_no_near_identical_dark_duplicate	8	high_priority	none	repeat_overlap	12	1306	0.495636	rnd-1_family-57 12 137:1;rnd-4_family-1382 295 332:1;rnd-5_family-2784 133 320:1;rnd-1_family-902 278 863:1;rnd-1_family-663 84 131:1;rnd-6_family-7404 4729 4755:1;rnd-6_family-6026 1 313:1;rnd-1_family-1103 1 208:1;rnd-6_family-4153 46 87:1;rnd-4_family-1260 596 664:1;rnd-1_family-488 137 181:1;rnd-1_family-488 1 45:1	no_dmr_overlap	0	0	0.000000	NA	NA	de_significant	evm.TU.utg1962.36	gene_id	10	yes	4	salinity_only_wald|down|logFC=-1.693|padj=4.247e-05;salinity_added_wald|down|logFC=-2.438|padj=4.001e-08;combined_wald|down|logFC=-2.355|padj=7.908e-08;salinity_only_LRT|down|logFC=-2.002|padj=0.0002881	1.67747e-10	2.43751
utg107.equina_smart_1053285.mrna1	108	top_stress_responsive_dark_candidate	high_priority;single_copy_or_no_near_identical_dark_duplicate;DE_significant_any_contrast;stress_contrast_DE;abs_logFC_ge_2;padj_le_0.001;repeat_TE_overlap_context;no_DMR_overlap	all	yes	no	4	4	3.66347	4.57277e-08	salinity_added_wald|up|logFC=3.663|padj=4.573e-08;combined_wald|up|logFC=2.888|padj=2.75e-06;salinity_only_wald|up|logFC=2.77|padj=3.392e-06;salinity_only_LRT|up|logFC=3.359|padj=0.0001209	utg107.equina_smart_1053285.mrna1	utg107.equina_smart_1053285.path1	100	1	no										no		no										no		no										no				no	no										no				no	no							no														yes	no	"utg107.equina_smart_1053285.mrna1	OTHER	0.000662	0.999338	"	function_dark_no_current_annotation	function_dark_no_current_annotation	non_classifying_evidence_retained	"diamond_swissprot_hit=no | diamond_swissprot_evalue_pass=no | blastp_swissprot_hit=no | blastp_swissprot_evalue_pass=no | diamond_trembl_cnidaria_hit=no | diamond_trembl_cnidaria_evalue_pass=no | diamond_trembl_cnidaria_informative_hit=no | blastp_trembl_cnidaria_hit=no | blastp_trembl_cnidaria_evalue_pass=no | blastp_trembl_cnidaria_informative_hit=no | interpro_hit=no | eggnog_hit=no | signalp_result_present=yes | signalp_positive=no | signalp_raw=utg107.equina_smart_1053285.mrna1	OTHER	0.000662	0.999338"	sequence_found_in_external_fasta	utg107.equina_smart_1053285.mrna1	utg107.equina_smart_1053285.mrna1	matched_multiple	protein_id	utg107.equina_smart_1053285.mrna1	utg107.equina_smart_1053285.mrna1	gmap_gene_find_equina_smart_1053285	utg107	-	utg107:15239-122952(-)	utg107:15239-122952(-)	15239	122952	107714	utg107:15239-122952(-)	15239	122952	107714	303	2	exon_features	2	matched_primary_from_multiple_strict	1	candidate_id_equals_transcript_id	2	1	2	1	1	2	2	no	dark_cluster_000173	utg107.equina_smart_1053285.mrna1	1	utg107.equina_smart_1053285.mrna1	1	1	1	no	single_copy_or_no_near_identical_dark_duplicate	8	high_priority	none	repeat_overlap	247	32761	0.304148	rnd-6_family-8144 2009 2207:3;rnd-6_family-12150 1 59:2;rnd-6_family-8144 2009 2202:2;rnd-1_family-177 13 342:1;(TCTTT)n 1 28:1;rnd-1_family-632 183 391:1;rnd-1_family-111 2 191:1;rnd-6_family-29690 153 233:1;rnd-1_family-36 1 136:1;rnd-1_family-449 1 122:1;rnd-1_family-417 5 76:1;rnd-4_family-410 39 269:1;rnd-5_family-2975 1 241:1;rnd-1_family-960 1 100:1;rnd-4_family-913 53 310:1;rnd-6_family-6413 114 188:1;rnd-6_family-6413 221 283:1;rnd-1_family-36 9 133:1;rnd-5_family-3448 1 284:1;rnd-5_family-3448 237 277:1;rnd-6_family-3257 131 231:1;rnd-6_family-8144 2013 2207:1;rnd-6_family-3257 232 331:1;rnd-4_family-783 56 220:1;rnd-5_family-2670 375 417:1;rnd-4_family-1571 63 379:1;(ATAA)n 1 26:1;rnd-1_family-904 76 125:1;rnd-6_family-3040 293 394:1;rnd-6_family-3040 1 111:1;rnd-6_family-159 49 93:1;rnd-1_family-713 1 109:1;rnd-6_family-3923 193 241:1;rnd-1_family-87 1 144:1;A-rich 1 145:1;rnd-6_family-1917 3904 3962:1;rnd-6_family-3667 321 367:1;rnd-1_family-17 1 142:1;rnd-5_family-3610 62 128:1;rnd-6_family-183 1416 1509:1;rnd-1_family-600 33 105:1;rnd-1_family-710 1 37:1;rnd-6_family-28062 700 806:1;rnd-2_family-27 76 161:1;rnd-5_family-4261 519 549:1;rnd-1_family-74 187 319:1;rnd-5_family-4261 205 327:1;rnd-5_family-4261 136 179:1;rnd-1_family-260 5 115:1;rnd-1_family-260 44 112:1;(TATAA)n 1 36:1;rnd-5_family-9975 2 170:1;rnd-1_family-778 3 143:1;A-rich 1 74:1;rnd-1_family-160 32 157:1;rnd-6_family-31 225 321:1;rnd-6_family-31 11 90:1;rnd-5_family-4009 63 128:1;rnd-5_family-4009 41 134:1;rnd-6_family-4317 2447 2866:1;rnd-6_family-4317 3194 3629:1;rnd-6_family-4317 314 376:1;rnd-6_family-15209 8 104:1;rnd-1_family-29 94 575:1;A-rich 1 39:1;rnd-4_family-913 67 271:1;rnd-1_family-960 1 38:1;rnd-6_family-17343 2 65:1;rnd-1_family-30 1 152:1;rnd-5_family-8000 2771 2959:1;(GA)n 1 95:1;rnd-6_family-7831 4 162:1;rnd-5_family-2486 3 198:1;(TTA)n 1 32:1;rnd-6_family-7831 2 247:1;rnd-1_family-40 6 174:1;rnd-6_family-1219 84 153:1;rnd-6_family-9875 226 313:1;rnd-6_family-9875 66 149:1;rnd-6_family-1219 2 128:1;rnd-4_family-352 2434 2582:1;rnd-6_family-4851 129 197:1;(GAT)n 1 38:1;rnd-6_family-2664 945 1082:1;rnd-6_family-14099 120 226:1;rnd-1_family-63 3 178:1;rnd-1_family-474 57 106:1;rnd-6_family-126 58 162:1;rnd-1_family-578 20 98:1;rnd-1_family-35 1 141:1;rnd-4_family-580 123 239:1;rnd-6_family-3254 135 237:1;rnd-1_family-195 1 211:1;rnd-1_family-226 49 93:1;rnd-5_family-2927 1 69:1;rnd-5_family-2927 5 115:1;rnd-4_family-913 245 351:1;rnd-5_family-1148 12 75:1;A-rich 1 43:1;rnd-1_family-115 3 125:1;rnd-1_family-59 6 152:1;rnd-6_family-7556 14 163:1;(TTA)n 1 44:1;rnd-5_family-90 141 228:1;(CTATGCTCAG)n 1 1594:1;rnd-1_family-726 1 108:1;rnd-6_family-319 931 1023:1;rnd-6_family-15554 30 66:1;rnd-6_family-15554 336 375:1;(GCATAGCTGA)n 1 1325:1;rnd-1_family-344 1 119:1;rnd-3_family-206 64 131:1;rnd-6_family-10886 16 134:1;rnd-1_family-390 36 451:1;rnd-4_family-372 145 223:1;rnd-6_family-3257 290 334:1;rnd-6_family-3257 136 289:1;rnd-1_family-56 100 189:1;rnd-6_family-14099 578 634:1;rnd-6_family-14099 579 655:1;rnd-6_family-4539 218 370:1;rnd-1_family-778 10 97:1;rnd-3_family-107 804 1003:1;rnd-4_family-377 46 456:1;rnd-6_family-14227 36 240:1;rnd-6_family-10101 346 480:1;rnd-1_family-132 65 146:1;rnd-5_family-3962 370 547:1;rnd-6_family-35337 140 431:1;(ATGCC)n 1 44:1;rnd-6_family-1213 113 179:1;rnd-4_family-556 13 164:1;rnd-3_family-206 52 150:1;rnd-6_family-1213 1 123:1;rnd-5_family-2541 867 1043:1;rnd-1_family-32 150 228:1;(TTGTTTTC)n 1 70:1;(TTTC)n 1 47:1;rnd-1_family-57 11 102:1;rnd-1_family-48 1 217:1;rnd-4_family-2511 1 153:1;rnd-5_family-2868 26 161:1;rnd-2_family-27 73 253:1;rnd-6_family-3923 250 355:1;rnd-4_family-1571 59 390:1;rnd-6_family-34 63 120:1;A-rich 1 32:1;rnd-6_family-3257 31 233:1;rnd-6_family-8144 2009 2208:1;rnd-6_family-3257 234 332:1;rnd-5_family-2953 2 285:1;A-rich 1 54:1;A-rich 1 97:1;(TTATT)n 1 29:1;rnd-3_family-126 181 247:1;rnd-1_family-1028 1 76:1;rnd-6_family-5272 1956 2078:1;rnd-6_family-27906 746 809:1;rnd-1_family-73 1 299:1;rnd-5_family-524 1 136:1;rnd-3_family-126 6 300:1;(TGATT)n 1 36:1;rnd-4_family-358 205 299:1;rnd-1_family-446 22 57:1;rnd-6_family-9152 146 233:1;rnd-4_family-1481 315 394:1;(ATATA)n 1 42:1;rnd-1_family-213 16 300:1;A-rich 1 58:1;A-rich 1 31:1;(CTT)n 1 28:1;rnd-5_family-3610 9 139:1;(TCTT)n 1 40:1;rnd-5_family-75 1 243:1;rnd-6_family-41742 342 521:1;rnd-1_family-396 34 104:1;rnd-5_family-461 18 393:1;(ATCATCATT)n 1 71:1;rnd-4_family-377 56 521:1;rnd-5_family-239 226 302:1;rnd-6_family-4592 29 110:1;rnd-2_family-27 104 174:1;rnd-6_family-7201 3567 3599:1;rnd-4_family-580 135 235:1;rnd-1_family-36 3 137:1;rnd-6_family-5415 102 274:1;rnd-6_family-2019 15 258:1;rnd-1_family-44 6 181:1;rnd-5_family-33 1 165:1;rnd-5_family-33 306 462:1;rnd-5_family-1811 1 121:1;rnd-1_family-752 24 114:1;rnd-1_family-324 15 89:1;rnd-5_family-2406 30 299:1;rnd-5_family-1955 606 907:1;rnd-6_family-34 52 366:1;rnd-4_family-2558 1 186:1;rnd-6_family-4602 247 327:1;rnd-6_family-26074 13 384:1;(ATACAC)n 1 42:1;rnd-6_family-185 639 788:1;rnd-6_family-39 1 281:1;(G)n 1 18:1;rnd-6_family-1142 2 136:1;rnd-1_family-242 43 83:1;rnd-6_family-268 107 190:1;rnd-4_family-372 52 225:1;rnd-4_family-1426 55 401:1;rnd-6_family-268 96 113:1;rnd-4_family-372 7 236:1;rnd-6_family-8389 1255 1334:1;rnd-1_family-160 38 371:1;rnd-1_family-760 2 185:1;rnd-1_family-92 4 305:1;rnd-6_family-3051 53 102:1;rnd-1_family-581 1 568:1;rnd-5_family-522 1235 1373:1;rnd-1_family-281 106 568:1;rnd-6_family-7247 569 657:1;rnd-5_family-2406 127 159:1;rnd-3_family-471 6 400:1;rnd-3_family-471 357 400:1;rnd-5_family-2406 60 128:1;rnd-6_family-18299 102 157:1;rnd-1_family-192 1 365:1;(GAG)n 1 35:1;rnd-1_family-111 1 191:1;rnd-6_family-3051 33 136:1;rnd-6_family-3051 120 190:1;(TTTTTC)n 1 47:1;rnd-6_family-3051 48 129:1;rnd-1_family-16 40 240:1;rnd-1_family-316 12 92:1;rnd-1_family-652 1 327:1;rnd-1_family-716 116 369:1;rnd-1_family-234 76 158:1;rnd-1_family-35 1 85:1;rnd-1_family-9 1 109:1;rnd-6_family-23055 3012 3105:1;rnd-4_family-580 74 133:1;rnd-1_family-153 27 187:1;rnd-1_family-404 1 354:1;rnd-5_family-287 226 571:1	no_dmr_overlap	0	0	0.000000	NA	NA	de_significant	utg107.equina_smart_1053285.path1	gene_id	9	yes	4	salinity_only_wald|up|logFC=2.77|padj=3.392e-06;salinity_added_wald|up|logFC=3.663|padj=4.573e-08;combined_wald|up|logFC=2.888|padj=2.75e-06;salinity_only_LRT|up|logFC=3.359|padj=0.0001209	7.69593e-12	3.66347
evm.utg236.50	108	top_stress_responsive_dark_candidate	high_priority;single_copy_or_no_near_identical_dark_duplicate;DE_significant_any_contrast;stress_contrast_DE;abs_logFC_ge_2;padj_le_0.001;repeat_TE_overlap_context;no_DMR_overlap	all	yes	no	4	4	2.46409	4.76889e-08	salinity_only_wald|up|logFC=2.222|padj=4.769e-08;salinity_added_wald|up|logFC=2.104|padj=4.984e-07;combined_wald|up|logFC=2.026|padj=1.07e-06;salinity_only_LRT|up|logFC=2.464|padj=9.153e-06	evm.utg236.50	evm.TU.utg236.50	509	1	no										no		no										no		no										no				no	yes	tr|A0ABN8N9F2|A0ABN8N9F2_9CNID	33.918	342	9.72e-65	218	509	393	0.6719	0.8702	yes	tr|A0ABN8N9F2|A0ABN8N9F2_9CNID Uncharacterized protein (Fragment) OS=Porites lobata OX=104759 GN=PLOB_00002791 PE=4 SV=1	yes	uncharacterized protein	no	no							no														yes	no	"evm.utg236.50	OTHER	0.001939	0.998061	"	function_dark_no_current_annotation	function_dark_no_current_annotation	ambiguous_or_low_confidence_evidence;non_classifying_evidence_retained	"diamond_swissprot_hit=no | diamond_swissprot_evalue_pass=no | blastp_swissprot_hit=no | blastp_swissprot_evalue_pass=no | diamond_trembl_cnidaria_hit=no | diamond_trembl_cnidaria_evalue_pass=no | diamond_trembl_cnidaria_informative_hit=no | blastp_trembl_cnidaria_hit=yes | blastp_trembl_cnidaria_subject=tr|A0ABN8N9F2|A0ABN8N9F2_9CNID | blastp_trembl_cnidaria_pident=33.918 | blastp_trembl_cnidaria_aln_length=342 | blastp_trembl_cnidaria_evalue=9.72e-65 | blastp_trembl_cnidaria_bitscore=218 | blastp_trembl_cnidaria_qlen=509 | blastp_trembl_cnidaria_slen=393 | blastp_trembl_cnidaria_query_coverage=0.6719 | blastp_trembl_cnidaria_subject_coverage=0.8702 | blastp_trembl_cnidaria_evalue_pass=yes | blastp_trembl_cnidaria_description=tr|A0ABN8N9F2|A0ABN8N9F2_9CNID Uncharacterized protein (Fragment) OS=Porites lobata OX=104759 GN=PLOB_00002791 PE=4 SV=1 | blastp_trembl_cnidaria_description_is_ambiguous=yes | blastp_trembl_cnidaria_description_ambiguity_reason=uncharacterized protein | blastp_trembl_cnidaria_informative_hit=no | interpro_hit=no | eggnog_hit=no | signalp_result_present=yes | signalp_positive=no | signalp_raw=evm.utg236.50	OTHER	0.001939	0.998061"	sequence_found_in_external_fasta	evm.utg236.50	evm.utg236.50	matched_multiple	protein_id	evm.utg236	evm.utg236.50	cds.evm.utg236	utg236	-	utg236:568897-570707(-)	utg236:568897-570707(-)	568897	570707	1811	utg236:568897-570707(-)	568897	570707	1811	1530	2	exon_features	2	matched_primary_from_multiple_strict	1	candidate_id_equals_transcript_id	155	60	155	19	1	1	1	no	dark_cluster_001272	evm.utg236.50	1	evm.utg236.50	1	1	1	no	single_copy_or_no_near_identical_dark_duplicate	8	high_priority	none	repeat_overlap	1	45	0.024848	A-rich 1 48:1	no_dmr_overlap	0	0	0.000000	NA	NA	de_significant	evm.TU.utg236.50	gene_id	10	yes	4	salinity_only_wald|up|logFC=2.222|padj=4.769e-08;salinity_added_wald|up|logFC=2.104|padj=4.984e-07;combined_wald|up|logFC=2.026|padj=1.07e-06;salinity_only_LRT|up|logFC=2.464|padj=9.153e-06	1.19224e-12	2.46409
evm.utg405.67	108	top_stress_responsive_dark_candidate	high_priority;single_copy_or_no_near_identical_dark_duplicate;DE_significant_any_contrast;stress_contrast_DE;abs_logFC_ge_2;padj_le_0.001;repeat_TE_overlap_context;no_DMR_overlap	all	yes	no	4	4	2.48306	2.30669e-07	full_model_LRT|up|logFC=1.644|padj=2.307e-07;combined_wald|up|logFC=2.462|padj=7.066e-06;salinity_added_wald|up|logFC=2.483|padj=7.617e-06;salinity_only_LRT|up|logFC=1.303|padj=0.01936	evm.utg405.67	evm.TU.utg405.67	165	1	no										no		no										no		yes	tr|A0A6P8HX61|A0A6P8HX61_ACTTE	100	165	9.50e-115	326	165	197	1.0000	0.8376	yes	tr|A0A6P8HX61|A0A6P8HX61_ACTTE Uncharacterized protein LOC116296969 OS=Actinia tenebrosa OX=6105 GN=LOC116296969 PE=4 SV=1	yes	uncharacterized protein	no	yes	tr|A0A6P8HX61|A0A6P8HX61_ACTTE	100.000	165	1.21e-116	330	165	197	1.0000	0.8376	yes	tr|A0A6P8HX61|A0A6P8HX61_ACTTE Uncharacterized protein LOC116296969 OS=Actinia tenebrosa OX=6105 GN=LOC116296969 PE=4 SV=1	yes	uncharacterized protein	no	no							no														yes	no	"evm.utg405.67	OTHER	0.000482	0.999518	"	function_dark_no_current_annotation	function_dark_no_current_annotation	ambiguous_or_low_confidence_evidence;non_classifying_evidence_retained	"diamond_swissprot_hit=no | diamond_swissprot_evalue_pass=no | blastp_swissprot_hit=no | blastp_swissprot_evalue_pass=no | diamond_trembl_cnidaria_hit=yes | diamond_trembl_cnidaria_subject=tr|A0A6P8HX61|A0A6P8HX61_ACTTE | diamond_trembl_cnidaria_pident=100 | diamond_trembl_cnidaria_aln_length=165 | diamond_trembl_cnidaria_evalue=9.50e-115 | diamond_trembl_cnidaria_bitscore=326 | diamond_trembl_cnidaria_qlen=165 | diamond_trembl_cnidaria_slen=197 | diamond_trembl_cnidaria_query_coverage=1.0000 | diamond_trembl_cnidaria_subject_coverage=0.8376 | diamond_trembl_cnidaria_evalue_pass=yes | diamond_trembl_cnidaria_description=tr|A0A6P8HX61|A0A6P8HX61_ACTTE Uncharacterized protein LOC116296969 OS=Actinia tenebrosa OX=6105 GN=LOC116296969 PE=4 SV=1 | diamond_trembl_cnidaria_description_is_ambiguous=yes | diamond_trembl_cnidaria_description_ambiguity_reason=uncharacterized protein | diamond_trembl_cnidaria_informative_hit=no | blastp_trembl_cnidaria_hit=yes | blastp_trembl_cnidaria_subject=tr|A0A6P8HX61|A0A6P8HX61_ACTTE | blastp_trembl_cnidaria_pident=100.000 | blastp_trembl_cnidaria_aln_length=165 | blastp_trembl_cnidaria_evalue=1.21e-116 | blastp_trembl_cnidaria_bitscore=330 | blastp_trembl_cnidaria_qlen=165 | blastp_trembl_cnidaria_slen=197 | blastp_trembl_cnidaria_query_coverage=1.0000 | blastp_trembl_cnidaria_subject_coverage=0.8376 | blastp_trembl_cnidaria_evalue_pass=yes | blastp_trembl_cnidaria_description=tr|A0A6P8HX61|A0A6P8HX61_ACTTE Uncharacterized protein LOC116296969 OS=Actinia tenebrosa OX=6105 GN=LOC116296969 PE=4 SV=1 | blastp_trembl_cnidaria_description_is_ambiguous=yes | blastp_trembl_cnidaria_description_ambiguity_reason=uncharacterized protein | blastp_trembl_cnidaria_informative_hit=no | interpro_hit=no | eggnog_hit=no | signalp_result_present=yes | signalp_positive=no | signalp_raw=evm.utg405.67	OTHER	0.000482	0.999518"	sequence_found_in_external_fasta	evm.utg405.67	evm.utg405.67	matched_multiple	protein_id	evm.utg405.67	evm.utg405.67	cds.evm.utg405	utg405	+	utg405:646781-648532(+)	utg405:646781-648532(+)	646781	648532	1752	utg405:646781-648532(+)	646781	648532	1752	498	3	exon_features	3	matched_primary_from_multiple_strict	1	candidate_id_equals_transcript_id	200	90	200	12	1	2	2	no	dark_cluster_000301	evm.utg405.67	1	evm.utg405.67	1	1	1	no	single_copy_or_no_near_identical_dark_duplicate	8	high_priority	none	repeat_overlap	8	875	0.499429	rnd-1_family-633 1 26:1;rnd-1_family-777 6 108:1;rnd-1_family-633 1 192:1;(CTTG)n 1 27:1;(C)n 1 19:1;rnd-1_family-124 1 414:1;rnd-5_family-4024 1395 1460:1;rnd-5_family-4024 1472 1528:1	no_dmr_overlap	0	0	0.000000	NA	NA	de_significant	evm.TU.utg405.67	gene_id	10	yes	4	salinity_added_wald|up|logFC=2.483|padj=7.617e-06;combined_wald|up|logFC=2.462|padj=7.066e-06;salinity_only_LRT|up|logFC=1.303|padj=0.01936;full_model_LRT|up|logFC=1.644|padj=2.307e-07	2.30669e-07	2.48306
utg245.equina_smart_384994.mrna1	108	top_stress_responsive_dark_candidate	high_priority;single_copy_or_no_near_identical_dark_duplicate;DE_significant_any_contrast;stress_contrast_DE;abs_logFC_ge_2;padj_le_0.001;repeat_TE_overlap_context;no_DMR_overlap	all	yes	no	4	4	2.85577	3.89102e-07	combined_wald|down|logFC=-2.856|padj=3.891e-07;salinity_added_wald|down|logFC=-2.697|padj=1.828e-06;salinity_only_LRT|down|logFC=-2.686|padj=2.369e-06;salinity_only_wald|down|logFC=-2.211|padj=2.514e-05	utg245.equina_smart_384994.mrna1	utg245.equina_smart_384994.path1	59	1	no										no		no										no		no										no				no	no										no				no	no							no														yes	no	"utg245.equina_smart_384994.mrna1	OTHER	0.000830	0.999170	"	function_dark_no_current_annotation	function_dark_no_current_annotation	non_classifying_evidence_retained	"diamond_swissprot_hit=no | diamond_swissprot_evalue_pass=no | blastp_swissprot_hit=no | blastp_swissprot_evalue_pass=no | diamond_trembl_cnidaria_hit=no | diamond_trembl_cnidaria_evalue_pass=no | diamond_trembl_cnidaria_informative_hit=no | blastp_trembl_cnidaria_hit=no | blastp_trembl_cnidaria_evalue_pass=no | blastp_trembl_cnidaria_informative_hit=no | interpro_hit=no | eggnog_hit=no | signalp_result_present=yes | signalp_positive=no | signalp_raw=utg245.equina_smart_384994.mrna1	OTHER	0.000830	0.999170"	sequence_found_in_external_fasta	utg245.equina_smart_384994.mrna1	utg245.equina_smart_384994.mrna1	matched_multiple	protein_id	utg245.equina_smart_384994	utg245.equina_smart_384994.mrna1	gmap_gene_find_equina_smart_384994	utg245	-	utg245:426382-443964(-)	utg245:426382-443964(-)	426382	443964	17583	utg245:426382-443964(-)	426382	443964	17583	180	2	exon_features	2	matched_primary_from_multiple_strict	1	candidate_id_equals_transcript_id	2	1	2	1	1	0	0	no	dark_cluster_001163	utg245.equina_smart_384994.mrna1	1	utg245.equina_smart_384994.mrna1	1	1	1	no	single_copy_or_no_near_identical_dark_duplicate	8	high_priority	none	repeat_overlap	12	16535	0.940397	rnd-1_family-197 12 729:1;rnd-6_family-2116 6 73:1;rnd-1_family-80 1127 2001:1;rnd-1_family-107 1 2326:1;rnd-1_family-403 1 384:1;rnd-1_family-163 1170 4035:1;rnd-1_family-300 7 139:1;rnd-1_family-230 7 203:1;rnd-6_family-1816 1 559:1;rnd-4_family-312 8979 12247:1;rnd-1_family-79 4 6561:1;rnd-6_family-879 503 648:1	no_dmr_overlap	0	0	0.000000	NA	NA	de_significant	utg245.equina_smart_384994.path1	gene_id	10	yes	4	salinity_only_wald|down|logFC=-2.211|padj=2.514e-05;salinity_added_wald|down|logFC=-2.697|padj=1.828e-06;combined_wald|down|logFC=-2.856|padj=3.891e-07;salinity_only_LRT|down|logFC=-2.686|padj=2.369e-06	6.24284e-09	2.85577
evm.utg25321.15	108	top_stress_responsive_dark_candidate	high_priority;single_copy_or_no_near_identical_dark_duplicate;DE_significant_any_contrast;stress_contrast_DE;abs_logFC_ge_2;padj_le_0.001;repeat_TE_overlap_context;no_DMR_overlap	all	yes	no	4	4	2.21563	6.24607e-07	combined_wald|up|logFC=2.216|padj=6.246e-07;salinity_added_wald|up|logFC=2.115|padj=2.086e-06;salinity_only_wald|up|logFC=1.556|padj=0.0002342;salinity_only_LRT|up|logFC=1.882|padj=0.00135	evm.utg25321.15	evm.TU.utg25321.15	147	1	no										no		no										no		yes	tr|A0A913XFY6|A0A913XFY6_EXADI	45.0	109	1.61e-19	82.0	147	143	0.7415	0.7622	yes	tr|A0A913XFY6|A0A913XFY6_EXADI Uncharacterized protein OS=Exaiptasia diaphana OX=2652724 PE=4 SV=1	yes	uncharacterized protein	no	yes	tr|A0A913XFY6|A0A913XFY6_EXADI	44.545	110	1.26e-21	87.4	147	143	0.7483	0.7692	yes	tr|A0A913XFY6|A0A913XFY6_EXADI Uncharacterized protein OS=Exaiptasia diaphana OX=2652724 PE=4 SV=1	yes	uncharacterized protein	no	no							no														yes	no	"evm.utg25321.15	OTHER	0.079683	0.920317	"	function_dark_no_current_annotation	function_dark_no_current_annotation	ambiguous_or_low_confidence_evidence;non_classifying_evidence_retained	"diamond_swissprot_hit=no | diamond_swissprot_evalue_pass=no | blastp_swissprot_hit=no | blastp_swissprot_evalue_pass=no | diamond_trembl_cnidaria_hit=yes | diamond_trembl_cnidaria_subject=tr|A0A913XFY6|A0A913XFY6_EXADI | diamond_trembl_cnidaria_pident=45.0 | diamond_trembl_cnidaria_aln_length=109 | diamond_trembl_cnidaria_evalue=1.61e-19 | diamond_trembl_cnidaria_bitscore=82.0 | diamond_trembl_cnidaria_qlen=147 | diamond_trembl_cnidaria_slen=143 | diamond_trembl_cnidaria_query_coverage=0.7415 | diamond_trembl_cnidaria_subject_coverage=0.7622 | diamond_trembl_cnidaria_evalue_pass=yes | diamond_trembl_cnidaria_description=tr|A0A913XFY6|A0A913XFY6_EXADI Uncharacterized protein OS=Exaiptasia diaphana OX=2652724 PE=4 SV=1 | diamond_trembl_cnidaria_description_is_ambiguous=yes | diamond_trembl_cnidaria_description_ambiguity_reason=uncharacterized protein | diamond_trembl_cnidaria_informative_hit=no | blastp_trembl_cnidaria_hit=yes | blastp_trembl_cnidaria_subject=tr|A0A913XFY6|A0A913XFY6_EXADI | blastp_trembl_cnidaria_pident=44.545 | blastp_trembl_cnidaria_aln_length=110 | blastp_trembl_cnidaria_evalue=1.26e-21 | blastp_trembl_cnidaria_bitscore=87.4 | blastp_trembl_cnidaria_qlen=147 | blastp_trembl_cnidaria_slen=143 | blastp_trembl_cnidaria_query_coverage=0.7483 | blastp_trembl_cnidaria_subject_coverage=0.7692 | blastp_trembl_cnidaria_evalue_pass=yes | blastp_trembl_cnidaria_description=tr|A0A913XFY6|A0A913XFY6_EXADI Uncharacterized protein OS=Exaiptasia diaphana OX=2652724 PE=4 SV=1 | blastp_trembl_cnidaria_description_is_ambiguous=yes | blastp_trembl_cnidaria_description_ambiguity_reason=uncharacterized protein | blastp_trembl_cnidaria_informative_hit=no | interpro_hit=no | eggnog_hit=no | signalp_result_present=yes | signalp_positive=no | signalp_raw=evm.utg25321.15	OTHER	0.079683	0.920317"	sequence_found_in_external_fasta	evm.utg25321.1	evm.utg25321.1	matched_multiple	protein_id	evm.utg25321	evm.utg25321.15	cds.evm.utg25321	utg25321	-	utg25321:132464-137805(-)	utg25321:132464-137805(-)	132464	137805	5342	utg25321:133208-137805(-)	133208	137805	4598	444	4	exon_features	4	matched_primary_from_multiple_strict	1	candidate_id_equals_transcript_id	52	26	52	1	1	0	0	no	dark_cluster_001715	evm.utg25321.15	1	evm.utg25321.15	1	1	1	no	single_copy_or_no_near_identical_dark_duplicate	8	high_priority	none	repeat_overlap	21	2336	0.437289	rnd-1_family-652 1 329:1;rnd-6_family-4539 213 250:1;rnd-1_family-100 396 453:1;rnd-1_family-100 2 183:1;rnd-6_family-879 99 178:1;rnd-6_family-8988 1 135:1;rnd-6_family-11801 7 60:1;rnd-1_family-4 16 259:1;rnd-1_family-387 3 169:1;rnd-6_family-3139 56 504:1;rnd-6_family-6209 56 110:1;rnd-1_family-70 1 198:1;rnd-6_family-6209 113 197:1;rnd-6_family-13419 134 258:1;rnd-1_family-405 1 111:1;rnd-4_family-234 1 59:1;rnd-1_family-21 3 326:1;rnd-1_family-536 65 200:1;rnd-1_family-457 238 279:1;rnd-1_family-457 3 112:1;rnd-1_family-169 132 178:1	no_dmr_overlap	0	0	0.000000	NA	NA	de_significant	evm.TU.utg25321.15	gene_id	10	yes	4	salinity_only_wald|up|logFC=1.556|padj=0.0002342;salinity_added_wald|up|logFC=2.115|padj=2.086e-06;combined_wald|up|logFC=2.216|padj=6.246e-07;salinity_only_LRT|up|logFC=1.882|padj=0.00135	4.65422e-09	2.21563
evm.utg126.171	108	top_stress_responsive_dark_candidate	high_priority;single_copy_or_no_near_identical_dark_duplicate;DE_significant_any_contrast;stress_contrast_DE;abs_logFC_ge_2;padj_le_0.001;repeat_TE_overlap_context;no_DMR_overlap	all	yes	no	4	4	2.52476	8.46732e-07	salinity_only_wald|up|logFC=2.219|padj=8.467e-07;salinity_only_LRT|up|logFC=2.525|padj=3.893e-06;salinity_added_wald|up|logFC=1.784|padj=0.0001317;combined_wald|up|logFC=1.148|padj=0.01046	evm.utg126.171	evm.TU.utg126.171	68	1	no										no		no										no		no										no				no	no										no				no	no							no														yes	no	"evm.utg126.171	OTHER	0.000455	0.999545	"	function_dark_no_current_annotation	function_dark_no_current_annotation	non_classifying_evidence_retained	"diamond_swissprot_hit=no | diamond_swissprot_evalue_pass=no | blastp_swissprot_hit=no | blastp_swissprot_evalue_pass=no | diamond_trembl_cnidaria_hit=no | diamond_trembl_cnidaria_evalue_pass=no | diamond_trembl_cnidaria_informative_hit=no | blastp_trembl_cnidaria_hit=no | blastp_trembl_cnidaria_evalue_pass=no | blastp_trembl_cnidaria_informative_hit=no | interpro_hit=no | eggnog_hit=no | signalp_result_present=yes | signalp_positive=no | signalp_raw=evm.utg126.171	OTHER	0.000455	0.999545"	sequence_found_in_external_fasta	evm.utg126.171	evm.utg126.171	matched_multiple	protein_id	evm.utg126.171	evm.utg126.171	cds.evm.utg126	utg126	+	utg126:1248944-1251050(+)	utg126:1248944-1251050(+)	1248944	1251050	2107	utg126:1248944-1251050(+)	1248944	1251050	2107	204	5	exon_features	5	matched_primary_from_multiple_strict	1	candidate_id_equals_transcript_id	411	166	411	44	1	2	4	no	dark_cluster_001654	evm.utg126.171	1	evm.utg126.171	1	1	1	no	single_copy_or_no_near_identical_dark_duplicate	8	high_priority	none	repeat_overlap	5	1978	0.938776	rnd-4_family-1926 8 3440:1;rnd-1_family-63 1 50:1;rnd-5_family-297 1211 1293:1;rnd-1_family-52 333 519:1;rnd-4_family-1926 3210 3360:1	no_dmr_overlap	0	0	0.000000	NA	NA	de_significant	evm.TU.utg126.171	gene_id	10	yes	4	salinity_only_wald|up|logFC=2.219|padj=8.467e-07;salinity_added_wald|up|logFC=1.784|padj=0.0001317;combined_wald|up|logFC=1.148|padj=0.01046;salinity_only_LRT|up|logFC=2.525|padj=3.893e-06	2.37428e-11	2.52476
evm.utg1056.95	108	top_stress_responsive_dark_candidate	high_priority;single_copy_or_no_near_identical_dark_duplicate;DE_significant_any_contrast;stress_contrast_DE;abs_logFC_ge_2;padj_le_0.001;repeat_TE_overlap_context;no_DMR_overlap	all	yes	no	4	4	2.25705	1.30078e-06	combined_wald|up|logFC=2.257|padj=1.301e-06;salinity_added_wald|up|logFC=2.252|padj=1.596e-06;salinity_only_LRT|up|logFC=1.834|padj=3.201e-05;salinity_only_wald|up|logFC=1.467|padj=0.0008118	evm.utg1056.95	evm.TU.utg1056.95	674	1	no										no		no										no		yes	tr|A0A6P8HMQ5|A0A6P8HMQ5_ACTTE	69.5	676	0.0	1058	674	676	1.0030	1.0000	yes	tr|A0A6P8HMQ5|A0A6P8HMQ5_ACTTE Uncharacterized protein LOC116290938 OS=Actinia tenebrosa OX=6105 GN=LOC116290938 PE=4 SV=1	yes	uncharacterized protein	no	yes	tr|A0A6P8HMQ5|A0A6P8HMQ5_ACTTE	69.527	676	0.0	987	674	676	1.0030	1.0000	yes	tr|A0A6P8HMQ5|A0A6P8HMQ5_ACTTE Uncharacterized protein LOC116290938 OS=Actinia tenebrosa OX=6105 GN=LOC116290938 PE=4 SV=1	yes	uncharacterized protein	no	no							no														yes	no	"evm.utg1056.95	OTHER	0.001759	0.998241	"	function_dark_no_current_annotation	function_dark_no_current_annotation	ambiguous_or_low_confidence_evidence;non_classifying_evidence_retained	"diamond_swissprot_hit=no | diamond_swissprot_evalue_pass=no | blastp_swissprot_hit=no | blastp_swissprot_evalue_pass=no | diamond_trembl_cnidaria_hit=yes | diamond_trembl_cnidaria_subject=tr|A0A6P8HMQ5|A0A6P8HMQ5_ACTTE | diamond_trembl_cnidaria_pident=69.5 | diamond_trembl_cnidaria_aln_length=676 | diamond_trembl_cnidaria_evalue=0.0 | diamond_trembl_cnidaria_bitscore=1058 | diamond_trembl_cnidaria_qlen=674 | diamond_trembl_cnidaria_slen=676 | diamond_trembl_cnidaria_query_coverage=1.0030 | diamond_trembl_cnidaria_subject_coverage=1.0000 | diamond_trembl_cnidaria_evalue_pass=yes | diamond_trembl_cnidaria_description=tr|A0A6P8HMQ5|A0A6P8HMQ5_ACTTE Uncharacterized protein LOC116290938 OS=Actinia tenebrosa OX=6105 GN=LOC116290938 PE=4 SV=1 | diamond_trembl_cnidaria_description_is_ambiguous=yes | diamond_trembl_cnidaria_description_ambiguity_reason=uncharacterized protein | diamond_trembl_cnidaria_informative_hit=no | blastp_trembl_cnidaria_hit=yes | blastp_trembl_cnidaria_subject=tr|A0A6P8HMQ5|A0A6P8HMQ5_ACTTE | blastp_trembl_cnidaria_pident=69.527 | blastp_trembl_cnidaria_aln_length=676 | blastp_trembl_cnidaria_evalue=0.0 | blastp_trembl_cnidaria_bitscore=987 | blastp_trembl_cnidaria_qlen=674 | blastp_trembl_cnidaria_slen=676 | blastp_trembl_cnidaria_query_coverage=1.0030 | blastp_trembl_cnidaria_subject_coverage=1.0000 | blastp_trembl_cnidaria_evalue_pass=yes | blastp_trembl_cnidaria_description=tr|A0A6P8HMQ5|A0A6P8HMQ5_ACTTE Uncharacterized protein LOC116290938 OS=Actinia tenebrosa OX=6105 GN=LOC116290938 PE=4 SV=1 | blastp_trembl_cnidaria_description_is_ambiguous=yes | blastp_trembl_cnidaria_description_ambiguity_reason=uncharacterized protein | blastp_trembl_cnidaria_informative_hit=no | interpro_hit=no | eggnog_hit=no | signalp_result_present=yes | signalp_positive=no | signalp_raw=evm.utg1056.95	OTHER	0.001759	0.998241"	sequence_found_in_external_fasta	evm.utg1056.95	evm.utg1056.95	matched_multiple	protein_id	evm.utg1056	evm.utg1056.95	cds.evm.utg1056	utg1056	+	utg1056:1026060-1031394(+)	utg1056:1026060-1031394(+)	1026060	1031394	5335	utg1056:1026060-1031394(+)	1026060	1031394	5335	2025	12	exon_features	12	matched_primary_from_multiple_strict	1	candidate_id_equals_transcript_id	401	147	401	60	1	3	5	yes	dark_cluster_002725	evm.utg1056.95	1	evm.utg1056.95	1	1	1	yes	single_copy_or_no_near_identical_dark_duplicate	5	high_priority	candidate_on_BUSCO_duplication_rich_scaffold	repeat_overlap	6	632	0.118463	rnd-1_family-124 312 414:1;rnd-3_family-126 23 246:1;rnd-1_family-204 1 239:1;rnd-6_family-268 132 207:1;rnd-4_family-372 166 218:1;rnd-6_family-9761 53 105:1	no_dmr_overlap	0	0	0.000000	NA	NA	de_significant	evm.TU.utg1056.95	gene_id	10	yes	4	salinity_only_wald|up|logFC=1.467|padj=0.0008118;salinity_added_wald|up|logFC=2.252|padj=1.596e-06;combined_wald|up|logFC=2.257|padj=1.301e-06;salinity_only_LRT|up|logFC=1.834|padj=3.201e-05	9.26691e-09	2.25705
evm.utg16444.17	108	top_stress_responsive_dark_candidate	high_priority;single_copy_or_no_near_identical_dark_duplicate;DE_significant_any_contrast;stress_contrast_DE;abs_logFC_ge_2;padj_le_0.001;repeat_TE_overlap_context;no_DMR_overlap	all	yes	no	4	4	2.42508	6.21902e-06	salinity_only_wald|down|logFC=-2.075|padj=6.219e-06;full_model_LRT|up|logFC=1.471|padj=2.608e-05;salinity_only_LRT|down|logFC=-2.425|padj=0.0005521;combined_wald|down|logFC=-1.12|padj=0.01316	evm.utg16444.17	evm.TU.utg16444.17	75	1	no										no		no										no		no										no				no	no										no				no	no							no														yes	no	"evm.utg16444.17	SP(Sec/SPI)	0.974146	0.025854	CS pos: 24-25. VSA-KY. Pr: 0.9076"	function_dark_no_current_annotation	function_dark_no_current_annotation	non_classifying_evidence_retained	"diamond_swissprot_hit=no | diamond_swissprot_evalue_pass=no | blastp_swissprot_hit=no | blastp_swissprot_evalue_pass=no | diamond_trembl_cnidaria_hit=no | diamond_trembl_cnidaria_evalue_pass=no | diamond_trembl_cnidaria_informative_hit=no | blastp_trembl_cnidaria_hit=no | blastp_trembl_cnidaria_evalue_pass=no | blastp_trembl_cnidaria_informative_hit=no | interpro_hit=no | eggnog_hit=no | signalp_result_present=yes | signalp_positive=no | signalp_raw=evm.utg16444.17	SP(Sec/SPI)	0.974146	0.025854	CS pos: 24-25. VSA-KY. Pr: 0.9076"	sequence_found_in_external_fasta	evm.utg16444.17	evm.utg16444.17	matched_multiple	protein_id	evm.utg16444.17	evm.utg16444.17	cds.evm.utg16444	utg16444	-	utg16444:130542-131370(-)	utg16444:130542-131370(-)	130542	131370	829	utg16444:130542-131370(-)	130542	131370	829	228	2	exon_features	2	matched_primary_from_multiple_strict	1	candidate_id_equals_transcript_id	54	27	54	1	1	0	0	no	dark_cluster_001589	evm.utg16444.17	1	evm.utg16444.17	1	1	1	no	single_copy_or_no_near_identical_dark_duplicate	8	high_priority	none	repeat_overlap	4	511	0.616405	rnd-6_family-7404 4708 4844:1;rnd-1_family-663 1 133:1;rnd-6_family-81 1 210:1;rnd-1_family-653 1 137:1	no_dmr_overlap	0	0	0.000000	NA	NA	de_significant	evm.TU.utg16444.17	gene_id	10	yes	4	salinity_only_wald|down|logFC=-2.075|padj=6.219e-06;combined_wald|down|logFC=-1.12|padj=0.01316;salinity_only_LRT|down|logFC=-2.425|padj=0.0005521;full_model_LRT|up|logFC=1.471|padj=2.608e-05	6.21902e-06	2.42508
evm.utg401.23	108	top_stress_responsive_dark_candidate	high_priority;single_copy_or_no_near_identical_dark_duplicate;DE_significant_any_contrast;stress_contrast_DE;abs_logFC_ge_2;padj_le_0.001;repeat_TE_overlap_context;no_DMR_overlap	all	yes	no	4	4	2.51947	6.25367e-06	salinity_only_wald|down|logFC=-2.145|padj=6.254e-06;salinity_only_LRT|down|logFC=-2.519|padj=0.0002196;combined_wald|down|logFC=-1.533|padj=0.001103;salinity_added_wald|down|logFC=-1.135|padj=0.0154	evm.utg401.23	evm.TU.utg401.23	104	1	no										no		no										no		yes	tr|A0A6P8I7A6|A0A6P8I7A6_ACTTE	98.1	104	7.63e-71	209	104	104	1.0000	1.0000	yes	tr|A0A6P8I7A6|A0A6P8I7A6_ACTTE Uncharacterized protein LOC116296661 OS=Actinia tenebrosa OX=6105 GN=LOC116296661 PE=4 SV=1	yes	uncharacterized protein	no	yes	tr|A0A6P8I7A6|A0A6P8I7A6_ACTTE	98.077	104	2.74e-72	212	104	104	1.0000	1.0000	yes	tr|A0A6P8I7A6|A0A6P8I7A6_ACTTE Uncharacterized protein LOC116296661 OS=Actinia tenebrosa OX=6105 GN=LOC116296661 PE=4 SV=1	yes	uncharacterized protein	no	no							no														yes	no	"evm.utg401.23	OTHER	0.001177	0.998823	"	function_dark_no_current_annotation	function_dark_no_current_annotation	ambiguous_or_low_confidence_evidence;non_classifying_evidence_retained	"diamond_swissprot_hit=no | diamond_swissprot_evalue_pass=no | blastp_swissprot_hit=no | blastp_swissprot_evalue_pass=no | diamond_trembl_cnidaria_hit=yes | diamond_trembl_cnidaria_subject=tr|A0A6P8I7A6|A0A6P8I7A6_ACTTE | diamond_trembl_cnidaria_pident=98.1 | diamond_trembl_cnidaria_aln_length=104 | diamond_trembl_cnidaria_evalue=7.63e-71 | diamond_trembl_cnidaria_bitscore=209 | diamond_trembl_cnidaria_qlen=104 | diamond_trembl_cnidaria_slen=104 | diamond_trembl_cnidaria_query_coverage=1.0000 | diamond_trembl_cnidaria_subject_coverage=1.0000 | diamond_trembl_cnidaria_evalue_pass=yes | diamond_trembl_cnidaria_description=tr|A0A6P8I7A6|A0A6P8I7A6_ACTTE Uncharacterized protein LOC116296661 OS=Actinia tenebrosa OX=6105 GN=LOC116296661 PE=4 SV=1 | diamond_trembl_cnidaria_description_is_ambiguous=yes | diamond_trembl_cnidaria_description_ambiguity_reason=uncharacterized protein | diamond_trembl_cnidaria_informative_hit=no | blastp_trembl_cnidaria_hit=yes | blastp_trembl_cnidaria_subject=tr|A0A6P8I7A6|A0A6P8I7A6_ACTTE | blastp_trembl_cnidaria_pident=98.077 | blastp_trembl_cnidaria_aln_length=104 | blastp_trembl_cnidaria_evalue=2.74e-72 | blastp_trembl_cnidaria_bitscore=212 | blastp_trembl_cnidaria_qlen=104 | blastp_trembl_cnidaria_slen=104 | blastp_trembl_cnidaria_query_coverage=1.0000 | blastp_trembl_cnidaria_subject_coverage=1.0000 | blastp_trembl_cnidaria_evalue_pass=yes | blastp_trembl_cnidaria_description=tr|A0A6P8I7A6|A0A6P8I7A6_ACTTE Uncharacterized protein LOC116296661 OS=Actinia tenebrosa OX=6105 GN=LOC116296661 PE=4 SV=1 | blastp_trembl_cnidaria_description_is_ambiguous=yes | blastp_trembl_cnidaria_description_ambiguity_reason=uncharacterized protein | blastp_trembl_cnidaria_informative_hit=no | interpro_hit=no | eggnog_hit=no | signalp_result_present=yes | signalp_positive=no | signalp_raw=evm.utg401.23	OTHER	0.001177	0.998823"	sequence_found_in_external_fasta	evm.utg401.23	evm.utg401.23	matched_multiple	protein_id	evm.utg401.23	evm.utg401.23	cds.evm.utg401	utg401	+	utg401:203456-204461(+)	utg401:203456-204461(+)	203456	204461	1006	utg401:203456-204461(+)	203456	204461	1006	315	2	exon_features	2	matched_primary_from_multiple_strict	1	candidate_id_equals_transcript_id	209	84	209	23	1	2	3	no	dark_cluster_003023	evm.utg401.23	1	evm.utg401.23	1	1	1	no	single_copy_or_no_near_identical_dark_duplicate	8	high_priority	none	repeat_overlap	3	377	0.374751	rnd-1_family-525 65 213:1;rnd-4_family-389 9 129:1;rnd-1_family-423 2 114:1	no_dmr_overlap	0	0	0.000000	NA	NA	de_significant	evm.TU.utg401.23	gene_id	10	yes	4	salinity_only_wald|down|logFC=-2.145|padj=6.254e-06;salinity_added_wald|down|logFC=-1.135|padj=0.0154;combined_wald|down|logFC=-1.533|padj=0.001103;salinity_only_LRT|down|logFC=-2.519|padj=0.0002196	3.47599e-06	2.51947
utg183.equina_smart_954712.mrna1	108	top_stress_responsive_dark_candidate	high_priority;single_copy_or_no_near_identical_dark_duplicate;DE_significant_any_contrast;stress_contrast_DE;abs_logFC_ge_1.5;padj_le_0.001;no_repeat_TE_overlap;no_DMR_overlap	all	yes	no	3	3	1.87809	3.76584e-05	salinity_only_wald|up|logFC=1.619|padj=3.766e-05;salinity_only_LRT|up|logFC=1.878|padj=0.0004038;combined_wald|up|logFC=1.331|padj=0.0009888	utg183.equina_smart_954712.mrna1	utg183.equina_smart_954712.path1	49	1	no										no		no										no		no										no				no	no										no				no	no							no														yes	no	"utg183.equina_smart_954712.mrna1	OTHER	0.048302	0.951698	"	function_dark_no_current_annotation	function_dark_no_current_annotation	non_classifying_evidence_retained	"diamond_swissprot_hit=no | diamond_swissprot_evalue_pass=no | blastp_swissprot_hit=no | blastp_swissprot_evalue_pass=no | diamond_trembl_cnidaria_hit=no | diamond_trembl_cnidaria_evalue_pass=no | diamond_trembl_cnidaria_informative_hit=no | blastp_trembl_cnidaria_hit=no | blastp_trembl_cnidaria_evalue_pass=no | blastp_trembl_cnidaria_informative_hit=no | interpro_hit=no | eggnog_hit=no | signalp_result_present=yes | signalp_positive=no | signalp_raw=utg183.equina_smart_954712.mrna1	OTHER	0.048302	0.951698"	sequence_found_in_external_fasta	utg183.equina_smart_954712.mrna1	utg183.equina_smart_954712.mrna1	matched_multiple	protein_id	utg183.equina_smart_954712	utg183.equina_smart_954712.mrna1	gmap_gene_find_equina_smart_954712	utg183	-	utg183:311599-312364(-)	utg183:311599-312364(-)	311599	312364	766	utg183:311599-312364(-)	311599	312364	766	150	2	exon_features	2	matched_primary_from_multiple_strict	1	candidate_id_equals_transcript_id	2	1	2	1	1	0	0	no	dark_cluster_001962	utg183.equina_smart_954712.mrna1	1	utg183.equina_smart_954712.mrna1	1	1	1	no	single_copy_or_no_near_identical_dark_duplicate	8	high_priority	none	no_repeat_overlap	0	0	0.000000	NA	no_dmr_overlap	0	0	0.000000	NA	NA	de_significant	utg183.equina_smart_954712.path1	gene_id	10	yes	3	salinity_only_wald|up|logFC=1.619|padj=3.766e-05;combined_wald|up|logFC=1.331|padj=0.0009888;salinity_only_LRT|up|logFC=1.878|padj=0.0004038	3.76584e-05	1.87809
evm.utg577.77	108	top_stress_responsive_dark_candidate	high_priority;single_copy_or_no_near_identical_dark_duplicate;DE_significant_any_contrast;stress_contrast_DE;abs_logFC_ge_2;padj_le_0.001;repeat_TE_overlap_context;no_DMR_overlap	all	yes	no	4	4	2.55491	9.06572e-05	salinity_only_wald|down|logFC=-2.053|padj=9.066e-05;full_model_LRT|up|logFC=2.464|padj=0.0001492;salinity_only_LRT|down|logFC=-2.555|padj=0.001436;combined_wald|down|logFC=-1.258|padj=0.01276	evm.utg577.77	evm.TU.utg577.77	68	1	no										no		no										no		no										no				no	no										no				no	no							no														yes	no	"evm.utg577.77	SP(Sec/SPI)	0.995874	0.004126	CS pos: 19-20. TCA-LP. Pr: 0.5529"	function_dark_no_current_annotation	function_dark_no_current_annotation	non_classifying_evidence_retained	"diamond_swissprot_hit=no | diamond_swissprot_evalue_pass=no | blastp_swissprot_hit=no | blastp_swissprot_evalue_pass=no | diamond_trembl_cnidaria_hit=no | diamond_trembl_cnidaria_evalue_pass=no | diamond_trembl_cnidaria_informative_hit=no | blastp_trembl_cnidaria_hit=no | blastp_trembl_cnidaria_evalue_pass=no | blastp_trembl_cnidaria_informative_hit=no | interpro_hit=no | eggnog_hit=no | signalp_result_present=yes | signalp_positive=no | signalp_raw=evm.utg577.77	SP(Sec/SPI)	0.995874	0.004126	CS pos: 19-20. TCA-LP. Pr: 0.5529"	sequence_found_in_external_fasta	evm.utg577.77	evm.utg577.77	matched_multiple	protein_id	evm.utg577.77	evm.utg577.77	cds.evm.utg577	utg577	+	utg577:595877-596805(+)	utg577:595877-596805(+)	595877	596805	929	utg577:595877-596805(+)	595877	596805	929	207	2	exon_features	2	matched_primary_from_multiple_strict	1	candidate_id_equals_transcript_id	303	107	303	48	1	1	1	no	dark_cluster_001023	evm.utg577.77	1	evm.utg577.77	1	1	1	no	single_copy_or_no_near_identical_dark_duplicate	8	high_priority	none	repeat_overlap	3	296	0.318622	A-rich 1 48:1;rnd-6_family-4830 3 42:1;rnd-6_family-2015 1 239:1	no_dmr_overlap	0	0	0.000000	NA	NA	de_significant	evm.TU.utg577.77	gene_id	10	yes	4	salinity_only_wald|down|logFC=-2.053|padj=9.066e-05;combined_wald|down|logFC=-1.258|padj=0.01276;salinity_only_LRT|down|logFC=-2.555|padj=0.001436;full_model_LRT|up|logFC=2.464|padj=0.0001492	9.06572e-05	2.55491
evm.utg3403.2	108	top_stress_responsive_dark_candidate	high_priority;single_copy_or_no_near_identical_dark_duplicate;DE_significant_any_contrast;stress_contrast_DE;abs_logFC_ge_1.5;padj_le_0.001;no_repeat_TE_overlap;no_DMR_overlap	all	yes	no	3	3	1.68698	0.000186672	full_model_LRT|up|logFC=1.247|padj=0.0001867;salinity_added_wald|up|logFC=1.687|padj=0.0002871;combined_wald|up|logFC=1.446|padj=0.001605	evm.utg3403.2	evm.TU.utg3403.2	125	1	no										no		no										no		no										no				no	no										no				no	no							no														yes	no	"evm.utg3403.2	OTHER	0.000604	0.999396	"	function_dark_no_current_annotation	function_dark_no_current_annotation	non_classifying_evidence_retained	"diamond_swissprot_hit=no | diamond_swissprot_evalue_pass=no | blastp_swissprot_hit=no | blastp_swissprot_evalue_pass=no | diamond_trembl_cnidaria_hit=no | diamond_trembl_cnidaria_evalue_pass=no | diamond_trembl_cnidaria_informative_hit=no | blastp_trembl_cnidaria_hit=no | blastp_trembl_cnidaria_evalue_pass=no | blastp_trembl_cnidaria_informative_hit=no | interpro_hit=no | eggnog_hit=no | signalp_result_present=yes | signalp_positive=no | signalp_raw=evm.utg3403.2	OTHER	0.000604	0.999396"	sequence_found_in_external_fasta	evm.utg3403.2	evm.utg3403.2	matched_multiple	protein_id	evm.utg3403	evm.utg3403.2	cds.evm.utg3403	utg3403	+	utg3403:17893-20328(+)	utg3403:17893-20328(+)	17893	20328	2436	utg3403:17893-20328(+)	17893	20328	2436	378	3	exon_features	3	matched_primary_from_multiple_strict	1	candidate_id_equals_transcript_id	46	23	46	1	1	0	0	no	dark_cluster_002542	evm.utg3403.2	1	evm.utg3403.2	1	1	1	no	single_copy_or_no_near_identical_dark_duplicate	8	high_priority	none	no_repeat_overlap	0	0	0.000000	NA	no_dmr_overlap	0	0	0.000000	NA	NA	de_significant	evm.TU.utg3403.2	gene_id	10	yes	3	salinity_added_wald|up|logFC=1.687|padj=0.0002871;combined_wald|up|logFC=1.446|padj=0.001605;full_model_LRT|up|logFC=1.247|padj=0.0001867	0.000186672	1.68698
evm.utg7616.2	108	top_stress_responsive_dark_candidate	high_priority;possible_biological_gene_family_expansion;DE_significant_any_contrast;stress_contrast_DE;diesel_added_DE;abs_logFC_ge_1.5;padj_le_0.001;repeat_TE_overlap_context;no_DMR_overlap	all	yes	yes	2	2	1.59794	0.000245441	full_model_LRT|down|logFC=-1.289|padj=0.0002454;diesel_added_wald|down|logFC=-1.598|padj=0.003936	evm.utg7616.2	evm.TU.utg7616.2	197	1	no										no		no										no		yes	tr|A0A6P8IKH8|A0A6P8IKH8_ACTTE	91.2	170	1.20e-114	345	197	720	0.8629	0.2361	yes	tr|A0A6P8IKH8|A0A6P8IKH8_ACTTE Uncharacterized protein LOC116301908 OS=Actinia tenebrosa OX=6105 GN=LOC116301908 PE=4 SV=1	yes	uncharacterized protein	no	yes	tr|A0A6P8IKH8|A0A6P8IKH8_ACTTE	91.176	170	7.29e-113	340	197	720	0.8629	0.2361	yes	tr|A0A6P8IKH8|A0A6P8IKH8_ACTTE Uncharacterized protein LOC116301908 OS=Actinia tenebrosa OX=6105 GN=LOC116301908 PE=4 SV=1	yes	uncharacterized protein	no	no							no														yes	no	"evm.utg7616.2	OTHER	0.000986	0.999014	"	function_dark_no_current_annotation	function_dark_no_current_annotation	ambiguous_or_low_confidence_evidence;non_classifying_evidence_retained	"diamond_swissprot_hit=no | diamond_swissprot_evalue_pass=no | blastp_swissprot_hit=no | blastp_swissprot_evalue_pass=no | diamond_trembl_cnidaria_hit=yes | diamond_trembl_cnidaria_subject=tr|A0A6P8IKH8|A0A6P8IKH8_ACTTE | diamond_trembl_cnidaria_pident=91.2 | diamond_trembl_cnidaria_aln_length=170 | diamond_trembl_cnidaria_evalue=1.20e-114 | diamond_trembl_cnidaria_bitscore=345 | diamond_trembl_cnidaria_qlen=197 | diamond_trembl_cnidaria_slen=720 | diamond_trembl_cnidaria_query_coverage=0.8629 | diamond_trembl_cnidaria_subject_coverage=0.2361 | diamond_trembl_cnidaria_evalue_pass=yes | diamond_trembl_cnidaria_description=tr|A0A6P8IKH8|A0A6P8IKH8_ACTTE Uncharacterized protein LOC116301908 OS=Actinia tenebrosa OX=6105 GN=LOC116301908 PE=4 SV=1 | diamond_trembl_cnidaria_description_is_ambiguous=yes | diamond_trembl_cnidaria_description_ambiguity_reason=uncharacterized protein | diamond_trembl_cnidaria_informative_hit=no | blastp_trembl_cnidaria_hit=yes | blastp_trembl_cnidaria_subject=tr|A0A6P8IKH8|A0A6P8IKH8_ACTTE | blastp_trembl_cnidaria_pident=91.176 | blastp_trembl_cnidaria_aln_length=170 | blastp_trembl_cnidaria_evalue=7.29e-113 | blastp_trembl_cnidaria_bitscore=340 | blastp_trembl_cnidaria_qlen=197 | blastp_trembl_cnidaria_slen=720 | blastp_trembl_cnidaria_query_coverage=0.8629 | blastp_trembl_cnidaria_subject_coverage=0.2361 | blastp_trembl_cnidaria_evalue_pass=yes | blastp_trembl_cnidaria_description=tr|A0A6P8IKH8|A0A6P8IKH8_ACTTE Uncharacterized protein LOC116301908 OS=Actinia tenebrosa OX=6105 GN=LOC116301908 PE=4 SV=1 | blastp_trembl_cnidaria_description_is_ambiguous=yes | blastp_trembl_cnidaria_description_ambiguity_reason=uncharacterized protein | blastp_trembl_cnidaria_informative_hit=no | interpro_hit=no | eggnog_hit=no | signalp_result_present=yes | signalp_positive=no | signalp_raw=evm.utg7616.2	OTHER	0.000986	0.999014"	sequence_found_in_external_fasta	evm.utg7616.2	evm.utg7616.2	matched_multiple	protein_id	evm.utg7616.2	evm.utg7616.2	cds.evm.utg7616	utg7616	-	utg7616:33329-34205(-)	utg7616:33329-34205(-)	33329	34205	877	utg7616:33329-34148(-)	33329	34148	820	594	2	exon_features	2	matched_primary_from_multiple_strict	1	candidate_id_equals_transcript_id	46	23	46	1	1	0	0	no	dark_cluster_003056	evm.utg60619.1	2	evm.utg60619.1;evm.utg7616.2	2	2	2	no	possible_biological_gene_family_expansion	7	high_priority	near_identical_dark_cluster;possible_biological_gene_family_expansion	repeat_overlap	1	877	1.000000	rnd-1_family-206 4 4153:1	no_dmr_overlap	0	0	0.000000	NA	NA	de_significant	evm.TU.utg7616.2	gene_id	10	yes	2	diesel_added_wald|down|logFC=-1.598|padj=0.003936;full_model_LRT|down|logFC=-1.289|padj=0.0002454	0.000245441	1.59794
evm.utg456.47	108	top_stress_responsive_dark_candidate	high_priority;single_copy_or_no_near_identical_dark_duplicate;DE_significant_any_contrast;stress_contrast_DE;abs_logFC_ge_2;padj_le_0.001;repeat_TE_overlap_context;no_DMR_overlap	all	yes	no	4	4	3.11204	0.000379594	salinity_only_wald|down|logFC=-2.261|padj=0.0003796;full_model_LRT|up|logFC=2.085|padj=0.001833;salinity_only_LRT|down|logFC=-3.112|padj=0.004754;combined_wald|down|logFC=-1.196|padj=0.0349	evm.utg456.47	evm.TU.utg456.47	443	1	no										no		no										no		yes	tr|A0A6P8IWX7|A0A6P8IWX7_ACTTE	94.8	443	1.74e-312	859	443	725	1.0000	0.6110	yes	tr|A0A6P8IWX7|A0A6P8IWX7_ACTTE Uncharacterized protein LOC116306017 OS=Actinia tenebrosa OX=6105 GN=LOC116306017 PE=4 SV=1	yes	uncharacterized protein	no	yes	tr|A0A6P8IWX7|A0A6P8IWX7_ACTTE	94.808	443	0.0	870	443	725	1.0000	0.6110	yes	tr|A0A6P8IWX7|A0A6P8IWX7_ACTTE Uncharacterized protein LOC116306017 OS=Actinia tenebrosa OX=6105 GN=LOC116306017 PE=4 SV=1	yes	uncharacterized protein	no	no							no														yes	no	"evm.utg456.47	OTHER	0.003161	0.996839	"	function_dark_no_current_annotation	function_dark_no_current_annotation	ambiguous_or_low_confidence_evidence;non_classifying_evidence_retained	"diamond_swissprot_hit=no | diamond_swissprot_evalue_pass=no | blastp_swissprot_hit=no | blastp_swissprot_evalue_pass=no | diamond_trembl_cnidaria_hit=yes | diamond_trembl_cnidaria_subject=tr|A0A6P8IWX7|A0A6P8IWX7_ACTTE | diamond_trembl_cnidaria_pident=94.8 | diamond_trembl_cnidaria_aln_length=443 | diamond_trembl_cnidaria_evalue=1.74e-312 | diamond_trembl_cnidaria_bitscore=859 | diamond_trembl_cnidaria_qlen=443 | diamond_trembl_cnidaria_slen=725 | diamond_trembl_cnidaria_query_coverage=1.0000 | diamond_trembl_cnidaria_subject_coverage=0.6110 | diamond_trembl_cnidaria_evalue_pass=yes | diamond_trembl_cnidaria_description=tr|A0A6P8IWX7|A0A6P8IWX7_ACTTE Uncharacterized protein LOC116306017 OS=Actinia tenebrosa OX=6105 GN=LOC116306017 PE=4 SV=1 | diamond_trembl_cnidaria_description_is_ambiguous=yes | diamond_trembl_cnidaria_description_ambiguity_reason=uncharacterized protein | diamond_trembl_cnidaria_informative_hit=no | blastp_trembl_cnidaria_hit=yes | blastp_trembl_cnidaria_subject=tr|A0A6P8IWX7|A0A6P8IWX7_ACTTE | blastp_trembl_cnidaria_pident=94.808 | blastp_trembl_cnidaria_aln_length=443 | blastp_trembl_cnidaria_evalue=0.0 | blastp_trembl_cnidaria_bitscore=870 | blastp_trembl_cnidaria_qlen=443 | blastp_trembl_cnidaria_slen=725 | blastp_trembl_cnidaria_query_coverage=1.0000 | blastp_trembl_cnidaria_subject_coverage=0.6110 | blastp_trembl_cnidaria_evalue_pass=yes | blastp_trembl_cnidaria_description=tr|A0A6P8IWX7|A0A6P8IWX7_ACTTE Uncharacterized protein LOC116306017 OS=Actinia tenebrosa OX=6105 GN=LOC116306017 PE=4 SV=1 | blastp_trembl_cnidaria_description_is_ambiguous=yes | blastp_trembl_cnidaria_description_ambiguity_reason=uncharacterized protein | blastp_trembl_cnidaria_informative_hit=no | interpro_hit=no | eggnog_hit=no | signalp_result_present=yes | signalp_positive=no | signalp_raw=evm.utg456.47	OTHER	0.003161	0.996839"	sequence_found_in_external_fasta	evm.utg456.47	evm.utg456.47	matched_multiple	protein_id	evm.utg456	evm.utg456.47	cds.evm.utg456	utg456	+	utg456:502359-506013(+)	utg456:502359-506013(+)	502359	506013	3655	utg456:502359-505676(+)	502359	505676	3318	1332	4	exon_features	4	matched_primary_from_multiple_strict	1	candidate_id_equals_transcript_id	177	65	177	28	1	1	3	no	dark_cluster_001294	evm.utg456.47	1	evm.utg456.47	1	1	1	no	single_copy_or_no_near_identical_dark_duplicate	8	high_priority	none	repeat_overlap	5	986	0.269767	rnd-6_family-2421 449 805:1;rnd-6_family-2421 505 833:1;rnd-6_family-8144 1676 1783:1;rnd-1_family-297 400 603:1;rnd-5_family-597 7 118:1	no_dmr_overlap	0	0	0.000000	NA	NA	de_significant	evm.TU.utg456.47	gene_id	10	yes	4	salinity_only_wald|down|logFC=-2.261|padj=0.0003796;combined_wald|down|logFC=-1.196|padj=0.0349;salinity_only_LRT|down|logFC=-3.112|padj=0.004754;full_model_LRT|up|logFC=2.085|padj=0.001833	0.000379594	3.11204
evm.utg9251.32	108	top_stress_responsive_dark_candidate	medium_priority;single_copy_or_no_near_identical_dark_duplicate;DE_significant_any_contrast;stress_contrast_DE;diesel_added_DE;abs_logFC_ge_2;padj_le_0.001;repeat_TE_overlap_context;no_DMR_overlap	all	yes	yes	4	4	4.48786	0.00039728	salinity_added_wald|down|logFC=-2.958|padj=0.0003973;combined_wald|down|logFC=-1.909|padj=0.005761;diesel_added_wald|down|logFC=-1.484|padj=0.01468;full_model_LRT|down|logFC=-4.488|padj=0.01615	evm.utg9251.32	evm.TU.utg9251.32	283	1	no										no		no										no		no										no				no	yes	tr|A7RGS0|A7RGS0_NEMVE	16.346	208	3.42e-11	65.1	283	241	0.7350	0.8631	yes	tr|A7RGS0|A7RGS0_NEMVE Uncharacterized protein OS=Nematostella vectensis OX=45351 GN=NEMVEDRAFT_v1g196921 PE=4 SV=1	yes	uncharacterized protein	no	no							no														yes	no	"evm.utg9251.32	OTHER	0.000952	0.999048	"	function_dark_no_current_annotation	function_dark_no_current_annotation	ambiguous_or_low_confidence_evidence;non_classifying_evidence_retained	"diamond_swissprot_hit=no | diamond_swissprot_evalue_pass=no | blastp_swissprot_hit=no | blastp_swissprot_evalue_pass=no | diamond_trembl_cnidaria_hit=no | diamond_trembl_cnidaria_evalue_pass=no | diamond_trembl_cnidaria_informative_hit=no | blastp_trembl_cnidaria_hit=yes | blastp_trembl_cnidaria_subject=tr|A7RGS0|A7RGS0_NEMVE | blastp_trembl_cnidaria_pident=16.346 | blastp_trembl_cnidaria_aln_length=208 | blastp_trembl_cnidaria_evalue=3.42e-11 | blastp_trembl_cnidaria_bitscore=65.1 | blastp_trembl_cnidaria_qlen=283 | blastp_trembl_cnidaria_slen=241 | blastp_trembl_cnidaria_query_coverage=0.7350 | blastp_trembl_cnidaria_subject_coverage=0.8631 | blastp_trembl_cnidaria_evalue_pass=yes | blastp_trembl_cnidaria_description=tr|A7RGS0|A7RGS0_NEMVE Uncharacterized protein OS=Nematostella vectensis OX=45351 GN=NEMVEDRAFT_v1g196921 PE=4 SV=1 | blastp_trembl_cnidaria_description_is_ambiguous=yes | blastp_trembl_cnidaria_description_ambiguity_reason=uncharacterized protein | blastp_trembl_cnidaria_informative_hit=no | interpro_hit=no | eggnog_hit=no | signalp_result_present=yes | signalp_positive=no | signalp_raw=evm.utg9251.32	OTHER	0.000952	0.999048"	sequence_found_in_external_fasta	evm.utg9251.32	evm.utg9251.32	matched_multiple	protein_id	evm.utg9251.32	evm.utg9251.32	cds.evm.utg9251	utg9251	-	utg9251:212532-213575(-)	utg9251:212532-213575(-)	212532	213575	1044	utg9251:212724-213575(-)	212724	213575	852	852	1	exon_features	1	matched_primary_from_multiple_strict	1	candidate_id_equals_transcript_id	72	35	72	3	1	3	3	yes	dark_cluster_002008	evm.utg9251.32	1	evm.utg9251.32	1	1	1	yes	single_copy_or_no_near_identical_dark_duplicate	4	medium_priority	candidate_on_BUSCO_duplication_rich_scaffold	repeat_overlap	1	1044	1.000000	rnd-6_family-3261 319 1053:1	no_dmr_overlap	0	0	0.000000	NA	NA	de_significant	evm.TU.utg9251.32	gene_id	10	yes	4	diesel_added_wald|down|logFC=-1.484|padj=0.01468;salinity_added_wald|down|logFC=-2.958|padj=0.0003973;combined_wald|down|logFC=-1.909|padj=0.005761;full_model_LRT|down|logFC=-4.488|padj=0.01615	0.00039728	4.48786
evm.utg616.125	108	top_stress_responsive_dark_candidate	high_priority;possible_biological_gene_family_expansion;DE_significant_any_contrast;stress_contrast_DE;diesel_added_DE;abs_logFC_ge_1.5;padj_le_0.001;repeat_TE_overlap_context;no_DMR_overlap	all	yes	yes	2	2	1.52747	0.000406176	full_model_LRT|down|logFC=-1.49|padj=0.0004062;diesel_added_wald|down|logFC=-1.527|padj=0.006096	evm.utg616.125	evm.TU.utg616.125	197	1	no										no		no										no		yes	tr|A0A6P8IKH8|A0A6P8IKH8_ACTTE	91.2	170	1.20e-114	345	197	720	0.8629	0.2361	yes	tr|A0A6P8IKH8|A0A6P8IKH8_ACTTE Uncharacterized protein LOC116301908 OS=Actinia tenebrosa OX=6105 GN=LOC116301908 PE=4 SV=1	yes	uncharacterized protein	no	yes	tr|A0A6P8IKH8|A0A6P8IKH8_ACTTE	91.176	170	7.29e-113	340	197	720	0.8629	0.2361	yes	tr|A0A6P8IKH8|A0A6P8IKH8_ACTTE Uncharacterized protein LOC116301908 OS=Actinia tenebrosa OX=6105 GN=LOC116301908 PE=4 SV=1	yes	uncharacterized protein	no	no							no														yes	no	"evm.utg616.125	OTHER	0.000986	0.999014	"	function_dark_no_current_annotation	function_dark_no_current_annotation	ambiguous_or_low_confidence_evidence;non_classifying_evidence_retained	"diamond_swissprot_hit=no | diamond_swissprot_evalue_pass=no | blastp_swissprot_hit=no | blastp_swissprot_evalue_pass=no | diamond_trembl_cnidaria_hit=yes | diamond_trembl_cnidaria_subject=tr|A0A6P8IKH8|A0A6P8IKH8_ACTTE | diamond_trembl_cnidaria_pident=91.2 | diamond_trembl_cnidaria_aln_length=170 | diamond_trembl_cnidaria_evalue=1.20e-114 | diamond_trembl_cnidaria_bitscore=345 | diamond_trembl_cnidaria_qlen=197 | diamond_trembl_cnidaria_slen=720 | diamond_trembl_cnidaria_query_coverage=0.8629 | diamond_trembl_cnidaria_subject_coverage=0.2361 | diamond_trembl_cnidaria_evalue_pass=yes | diamond_trembl_cnidaria_description=tr|A0A6P8IKH8|A0A6P8IKH8_ACTTE Uncharacterized protein LOC116301908 OS=Actinia tenebrosa OX=6105 GN=LOC116301908 PE=4 SV=1 | diamond_trembl_cnidaria_description_is_ambiguous=yes | diamond_trembl_cnidaria_description_ambiguity_reason=uncharacterized protein | diamond_trembl_cnidaria_informative_hit=no | blastp_trembl_cnidaria_hit=yes | blastp_trembl_cnidaria_subject=tr|A0A6P8IKH8|A0A6P8IKH8_ACTTE | blastp_trembl_cnidaria_pident=91.176 | blastp_trembl_cnidaria_aln_length=170 | blastp_trembl_cnidaria_evalue=7.29e-113 | blastp_trembl_cnidaria_bitscore=340 | blastp_trembl_cnidaria_qlen=197 | blastp_trembl_cnidaria_slen=720 | blastp_trembl_cnidaria_query_coverage=0.8629 | blastp_trembl_cnidaria_subject_coverage=0.2361 | blastp_trembl_cnidaria_evalue_pass=yes | blastp_trembl_cnidaria_description=tr|A0A6P8IKH8|A0A6P8IKH8_ACTTE Uncharacterized protein LOC116301908 OS=Actinia tenebrosa OX=6105 GN=LOC116301908 PE=4 SV=1 | blastp_trembl_cnidaria_description_is_ambiguous=yes | blastp_trembl_cnidaria_description_ambiguity_reason=uncharacterized protein | blastp_trembl_cnidaria_informative_hit=no | interpro_hit=no | eggnog_hit=no | signalp_result_present=yes | signalp_positive=no | signalp_raw=evm.utg616.125	OTHER	0.000986	0.999014"	sequence_found_in_external_fasta	evm.utg616.1	evm.utg616.1	matched_multiple	protein_id	evm.utg616	evm.utg616.125	cds.evm.utg616	utg616	-	utg616:1131119-1131938(-)	utg616:1131119-1131938(-)	1131119	1131938	820	utg616:1131119-1131938(-)	1131119	1131938	820	594	2	exon_features	2	matched_primary_from_multiple_strict	1	candidate_id_equals_transcript_id	340	125	340	48	1	1	1	no	dark_cluster_003337	evm.utg616.125	5	evm.utg616.125;evm.utg616.33;evm.utg616.54;evm.utg616.90;evm.utg616.98	5	1	5	no	possible_biological_gene_family_expansion	5	high_priority	large_near_identical_dark_cluster;possible_biological_gene_family_expansion	repeat_overlap	1	820	1.000000	rnd-1_family-206 4 4679:1	no_dmr_overlap	0	0	0.000000	NA	NA	de_significant	evm.TU.utg616.125	gene_id	10	yes	2	diesel_added_wald|down|logFC=-1.527|padj=0.006096;full_model_LRT|down|logFC=-1.49|padj=0.0004062	0.000406176	1.52747
evm.utg126.170	108	top_stress_responsive_dark_candidate	high_priority;single_copy_or_no_near_identical_dark_duplicate;DE_significant_any_contrast;stress_contrast_DE;abs_logFC_ge_2;padj_le_0.001;repeat_TE_overlap_context;no_DMR_overlap	all	yes	no	4	4	3.15397	0.000421107	salinity_only_wald|down|logFC=-2.272|padj=0.0004211;combined_wald|down|logFC=-2.094|padj=0.001091;salinity_only_LRT|down|logFC=-3.154|padj=0.003336;salinity_added_wald|down|logFC=-1.475|padj=0.01363	evm.utg126.170	evm.TU.utg126.170	73	1	no										no		no										no		no										no				no	no										no				no	no							no														yes	no	"evm.utg126.170	SP(Sec/SPI)	0.960882	0.039118	CS pos: 20-21. GSG-CH. Pr: 0.5031"	function_dark_no_current_annotation	function_dark_no_current_annotation	non_classifying_evidence_retained	"diamond_swissprot_hit=no | diamond_swissprot_evalue_pass=no | blastp_swissprot_hit=no | blastp_swissprot_evalue_pass=no | diamond_trembl_cnidaria_hit=no | diamond_trembl_cnidaria_evalue_pass=no | diamond_trembl_cnidaria_informative_hit=no | blastp_trembl_cnidaria_hit=no | blastp_trembl_cnidaria_evalue_pass=no | blastp_trembl_cnidaria_informative_hit=no | interpro_hit=no | eggnog_hit=no | signalp_result_present=yes | signalp_positive=no | signalp_raw=evm.utg126.170	SP(Sec/SPI)	0.960882	0.039118	CS pos: 20-21. GSG-CH. Pr: 0.5031"	sequence_found_in_external_fasta	evm.utg126.170	evm.utg126.170	matched_multiple	protein_id	evm.utg126.170	evm.utg126.170	cds.evm.utg126	utg126	+	utg126:1244207-1247124(+)	utg126:1244207-1247124(+)	1244207	1247124	2918	utg126:1244207-1247124(+)	1244207	1247124	2918	222	4	exon_features	4	matched_primary_from_multiple_strict	1	candidate_id_equals_transcript_id	411	166	411	44	1	2	4	no	dark_cluster_003189	evm.utg126.170	1	evm.utg126.170	1	1	1	no	single_copy_or_no_near_identical_dark_duplicate	8	high_priority	none	repeat_overlap	16	2258	0.773818	rnd-4_family-377 73 451:1;(AATTT)n 1 34:1;rnd-4_family-389 62 287:1;rnd-5_family-9867 239 505:1;(GT)n 1 23:1;(G)n 1 21:1;rnd-5_family-7514 1 335:1;rnd-5_family-1955 151 196:1;rnd-5_family-7899 214 325:1;rnd-5_family-597 1 332:1;rnd-1_family-84 3 382:1;rnd-5_family-7899 319 404:1;rnd-6_family-1331 534 608:1;rnd-5_family-33 195 462:1;rnd-6_family-22213 355 423:1;rnd-4_family-1926 8 3440:1	no_dmr_overlap	0	0	0.000000	NA	NA	de_significant	evm.TU.utg126.170	gene_id	10	yes	4	salinity_only_wald|down|logFC=-2.272|padj=0.0004211;salinity_added_wald|down|logFC=-1.475|padj=0.01363;combined_wald|down|logFC=-2.094|padj=0.001091;salinity_only_LRT|down|logFC=-3.154|padj=0.003336	0.000146593	3.15397
evm.utg622.27	108	top_stress_responsive_dark_candidate	high_priority;single_copy_or_no_near_identical_dark_duplicate;DE_significant_any_contrast;stress_contrast_DE;abs_logFC_ge_2;padj_le_0.001;repeat_TE_overlap_context;no_DMR_overlap	all	yes	no	4	4	2.93103	0.000449037	full_model_LRT|up|logFC=2.837|padj=0.000449;salinity_only_wald|down|logFC=-1.844|padj=0.003553;combined_wald|down|logFC=-1.73|padj=0.006373;salinity_only_LRT|down|logFC=-2.931|padj=0.01676	evm.utg622.27	evm.TU.utg622.27	203	1	no										no		no										no		no										no				no	yes	tr|A7SWC8|A7SWC8_NEMVE	37.589	141	2.65e-23	96.7	203	255	0.6946	0.5529	yes	tr|A7SWC8|A7SWC8_NEMVE Uncharacterized protein (Fragment) OS=Nematostella vectensis OX=45351 GN=NEMVEDRAFT_v1g135082 PE=4 SV=1	yes	uncharacterized protein	no	no							no														yes	no	"evm.utg622.27	OTHER	0.000776	0.999224	"	function_dark_no_current_annotation	function_dark_no_current_annotation	ambiguous_or_low_confidence_evidence;non_classifying_evidence_retained	"diamond_swissprot_hit=no | diamond_swissprot_evalue_pass=no | blastp_swissprot_hit=no | blastp_swissprot_evalue_pass=no | diamond_trembl_cnidaria_hit=no | diamond_trembl_cnidaria_evalue_pass=no | diamond_trembl_cnidaria_informative_hit=no | blastp_trembl_cnidaria_hit=yes | blastp_trembl_cnidaria_subject=tr|A7SWC8|A7SWC8_NEMVE | blastp_trembl_cnidaria_pident=37.589 | blastp_trembl_cnidaria_aln_length=141 | blastp_trembl_cnidaria_evalue=2.65e-23 | blastp_trembl_cnidaria_bitscore=96.7 | blastp_trembl_cnidaria_qlen=203 | blastp_trembl_cnidaria_slen=255 | blastp_trembl_cnidaria_query_coverage=0.6946 | blastp_trembl_cnidaria_subject_coverage=0.5529 | blastp_trembl_cnidaria_evalue_pass=yes | blastp_trembl_cnidaria_description=tr|A7SWC8|A7SWC8_NEMVE Uncharacterized protein (Fragment) OS=Nematostella vectensis OX=45351 GN=NEMVEDRAFT_v1g135082 PE=4 SV=1 | blastp_trembl_cnidaria_description_is_ambiguous=yes | blastp_trembl_cnidaria_description_ambiguity_reason=uncharacterized protein | blastp_trembl_cnidaria_informative_hit=no | interpro_hit=no | eggnog_hit=no | signalp_result_present=yes | signalp_positive=no | signalp_raw=evm.utg622.27	OTHER	0.000776	0.999224"	sequence_found_in_external_fasta	evm.utg622.27	evm.utg622.27	matched_multiple	protein_id	evm.utg622.27	evm.utg622.27	cds.evm.utg622	utg622	+	utg622:217682-218675(+)	utg622:217682-218675(+)	217682	218675	994	utg622:217682-218613(+)	217682	218613	932	612	2	exon_features	2	matched_primary_from_multiple_strict	1	candidate_id_equals_transcript_id	371	169	371	18	1	4	4	yes	dark_cluster_001439	evm.utg622.27	1	evm.utg622.27	1	1	1	yes	single_copy_or_no_near_identical_dark_duplicate	5	high_priority	candidate_on_BUSCO_duplication_rich_scaffold	repeat_overlap	1	150	0.150905	rnd-6_family-5253 538 662:1	no_dmr_overlap	0	0	0.000000	NA	NA	de_significant	evm.TU.utg622.27	gene_id	9	yes	4	salinity_only_wald|down|logFC=-1.844|padj=0.003553;combined_wald|down|logFC=-1.73|padj=0.006373;salinity_only_LRT|down|logFC=-2.931|padj=0.01676;full_model_LRT|up|logFC=2.837|padj=0.000449	0.000449037	2.93103
evm.utg73.110	108	top_stress_responsive_dark_candidate	high_priority;single_copy_or_no_near_identical_dark_duplicate;DE_significant_any_contrast;stress_contrast_DE;abs_logFC_ge_2;padj_le_0.001;repeat_TE_overlap_context;no_DMR_overlap	all	yes	no	4	4	3.23017	0.000466736	salinity_only_wald|up|logFC=2.303|padj=0.0004667;salinity_only_LRT|up|logFC=3.23|padj=0.0008713;full_model_LRT|down|logFC=-2.144|padj=0.001167;combined_wald|up|logFC=1.643|padj=0.007398	evm.utg73.110	evm.TU.utg73.110	84	1	no										no		no										no		no										no				no	no										no				no	no							no														yes	no	"evm.utg73.110	SP(Sec/SPI)	0.520346	0.479654	CS pos: 28-29. SDA-DC. Pr: 0.4472"	function_dark_no_current_annotation	function_dark_no_current_annotation	non_classifying_evidence_retained	"diamond_swissprot_hit=no | diamond_swissprot_evalue_pass=no | blastp_swissprot_hit=no | blastp_swissprot_evalue_pass=no | diamond_trembl_cnidaria_hit=no | diamond_trembl_cnidaria_evalue_pass=no | diamond_trembl_cnidaria_informative_hit=no | blastp_trembl_cnidaria_hit=no | blastp_trembl_cnidaria_evalue_pass=no | blastp_trembl_cnidaria_informative_hit=no | interpro_hit=no | eggnog_hit=no | signalp_result_present=yes | signalp_positive=no | signalp_raw=evm.utg73.110	SP(Sec/SPI)	0.520346	0.479654	CS pos: 28-29. SDA-DC. Pr: 0.4472"	sequence_found_in_external_fasta	evm.utg73.110	evm.utg73.110	matched_multiple	protein_id	evm.utg73.110	evm.utg73.110	cds.evm.utg73	utg73	-	utg73:1046644-1048840(-)	utg73:1046644-1048840(-)	1046644	1048840	2197	utg73:1046772-1048665(-)	1046772	1048665	1894	255	2	exon_features	2	matched_primary_from_multiple_strict	1	candidate_id_equals_transcript_id	372	143	372	46	1	2	3	no	dark_cluster_003082	evm.utg73.110	1	evm.utg73.110	1	1	1	no	single_copy_or_no_near_identical_dark_duplicate	8	high_priority	none	repeat_overlap	3	174	0.079199	rnd-1_family-115 4 122:1;(ATG)n 1 49:1;rnd-1_family-636 1 124:1	no_dmr_overlap	0	0	0.000000	NA	NA	de_significant	evm.TU.utg73.110	gene_id	9	yes	4	salinity_only_wald|up|logFC=2.303|padj=0.0004667;combined_wald|up|logFC=1.643|padj=0.007398;salinity_only_LRT|up|logFC=3.23|padj=0.0008713;full_model_LRT|down|logFC=-2.144|padj=0.001167	0.000466736	3.23017
utg1897.equina_smart_1438422.mrna1	108	top_stress_responsive_dark_candidate	high_priority;single_copy_or_no_near_identical_dark_duplicate;DE_significant_any_contrast;stress_contrast_DE;abs_logFC_ge_2;padj_le_0.001;repeat_TE_overlap_context;no_DMR_overlap	all	yes	no	4	4	3.16291	0.000476054	full_model_LRT|down|logFC=-1.346|padj=0.0004761;salinity_only_wald|up|logFC=2.222|padj=0.0006861;salinity_only_LRT|up|logFC=3.163|padj=0.001143;combined_wald|up|logFC=1.382|padj=0.01994	utg1897.equina_smart_1438422.mrna1	utg1897.equina_smart_1438422.path1	30	1	no										no		no										no		no										no				no	no										no				no	no							no														yes	no	"utg1897.equina_smart_1438422.mrna1	OTHER	0.003434	0.996566	"	function_dark_no_current_annotation	function_dark_no_current_annotation	non_classifying_evidence_retained	"diamond_swissprot_hit=no | diamond_swissprot_evalue_pass=no | blastp_swissprot_hit=no | blastp_swissprot_evalue_pass=no | diamond_trembl_cnidaria_hit=no | diamond_trembl_cnidaria_evalue_pass=no | diamond_trembl_cnidaria_informative_hit=no | blastp_trembl_cnidaria_hit=no | blastp_trembl_cnidaria_evalue_pass=no | blastp_trembl_cnidaria_informative_hit=no | interpro_hit=no | eggnog_hit=no | signalp_result_present=yes | signalp_positive=no | signalp_raw=utg1897.equina_smart_1438422.mrna1	OTHER	0.003434	0.996566"	sequence_found_in_external_fasta	utg1897.equina_smart_1438422.mrna1	utg1897.equina_smart_1438422.mrna1	matched_multiple	protein_id	utg1897.equina_smart_1438422	utg1897.equina_smart_1438422.mrna1	gmap_gene_find_equina_smart_1438422	utg1897	+	utg1897:705291-706762(+)	utg1897:705291-706762(+)	705291	706762	1472	utg1897:705291-706762(+)	705291	706762	1472	93	2	exon_features	2	matched_primary_from_multiple_strict	1	candidate_id_equals_transcript_id	2	1	2	1	1	0	0	no	dark_cluster_000883	utg1897.equina_smart_1438422.mrna1	1	utg1897.equina_smart_1438422.mrna1	1	1	1	no	single_copy_or_no_near_identical_dark_duplicate	8	high_priority	none	repeat_overlap	1	29	0.019701	(AATTA)n 1 29:1	no_dmr_overlap	0	0	0.000000	NA	NA	de_significant	utg1897.equina_smart_1438422.path1	gene_id	9	yes	4	salinity_only_wald|up|logFC=2.222|padj=0.0006861;combined_wald|up|logFC=1.382|padj=0.01994;salinity_only_LRT|up|logFC=3.163|padj=0.001143;full_model_LRT|down|logFC=-1.346|padj=0.0004761	0.000476054	3.16291
evm.utg483.23	108	top_stress_responsive_dark_candidate	high_priority;single_copy_or_no_near_identical_dark_duplicate;DE_significant_any_contrast;stress_contrast_DE;abs_logFC_ge_2;padj_le_0.001;repeat_TE_overlap_context;no_DMR_overlap	all	yes	no	4	4	2.56729	0.000510105	salinity_only_wald|down|logFC=-1.941|padj=0.0005101;combined_wald|down|logFC=-1.692|padj=0.002255;salinity_added_wald|down|logFC=-1.598|padj=0.003867;salinity_only_LRT|down|logFC=-2.567|padj=0.005663	evm.utg483.23	evm.TU.utg483.23	171	1	no										no		no										no		yes	tr|A0A6P8J2X0|A0A6P8J2X0_ACTTE	91.8	171	2.80e-105	301	171	171	1.0000	1.0000	yes	tr|A0A6P8J2X0|A0A6P8J2X0_ACTTE Uncharacterized protein LOC116307769 OS=Actinia tenebrosa OX=6105 GN=LOC116307769 PE=4 SV=1	yes	uncharacterized protein	no	yes	tr|A0A6P8J2X0|A0A6P8J2X0_ACTTE	91.813	171	2.96e-105	301	171	171	1.0000	1.0000	yes	tr|A0A6P8J2X0|A0A6P8J2X0_ACTTE Uncharacterized protein LOC116307769 OS=Actinia tenebrosa OX=6105 GN=LOC116307769 PE=4 SV=1	yes	uncharacterized protein	no	no							no														yes	no	"evm.utg483.23	OTHER	0.001315	0.998685	"	function_dark_no_current_annotation	function_dark_no_current_annotation	ambiguous_or_low_confidence_evidence;non_classifying_evidence_retained	"diamond_swissprot_hit=no | diamond_swissprot_evalue_pass=no | blastp_swissprot_hit=no | blastp_swissprot_evalue_pass=no | diamond_trembl_cnidaria_hit=yes | diamond_trembl_cnidaria_subject=tr|A0A6P8J2X0|A0A6P8J2X0_ACTTE | diamond_trembl_cnidaria_pident=91.8 | diamond_trembl_cnidaria_aln_length=171 | diamond_trembl_cnidaria_evalue=2.80e-105 | diamond_trembl_cnidaria_bitscore=301 | diamond_trembl_cnidaria_qlen=171 | diamond_trembl_cnidaria_slen=171 | diamond_trembl_cnidaria_query_coverage=1.0000 | diamond_trembl_cnidaria_subject_coverage=1.0000 | diamond_trembl_cnidaria_evalue_pass=yes | diamond_trembl_cnidaria_description=tr|A0A6P8J2X0|A0A6P8J2X0_ACTTE Uncharacterized protein LOC116307769 OS=Actinia tenebrosa OX=6105 GN=LOC116307769 PE=4 SV=1 | diamond_trembl_cnidaria_description_is_ambiguous=yes | diamond_trembl_cnidaria_description_ambiguity_reason=uncharacterized protein | diamond_trembl_cnidaria_informative_hit=no | blastp_trembl_cnidaria_hit=yes | blastp_trembl_cnidaria_subject=tr|A0A6P8J2X0|A0A6P8J2X0_ACTTE | blastp_trembl_cnidaria_pident=91.813 | blastp_trembl_cnidaria_aln_length=171 | blastp_trembl_cnidaria_evalue=2.96e-105 | blastp_trembl_cnidaria_bitscore=301 | blastp_trembl_cnidaria_qlen=171 | blastp_trembl_cnidaria_slen=171 | blastp_trembl_cnidaria_query_coverage=1.0000 | blastp_trembl_cnidaria_subject_coverage=1.0000 | blastp_trembl_cnidaria_evalue_pass=yes | blastp_trembl_cnidaria_description=tr|A0A6P8J2X0|A0A6P8J2X0_ACTTE Uncharacterized protein LOC116307769 OS=Actinia tenebrosa OX=6105 GN=LOC116307769 PE=4 SV=1 | blastp_trembl_cnidaria_description_is_ambiguous=yes | blastp_trembl_cnidaria_description_ambiguity_reason=uncharacterized protein | blastp_trembl_cnidaria_informative_hit=no | interpro_hit=no | eggnog_hit=no | signalp_result_present=yes | signalp_positive=no | signalp_raw=evm.utg483.23	OTHER	0.001315	0.998685"	sequence_found_in_external_fasta	evm.utg483.23	evm.utg483.23	matched_multiple	protein_id	evm.utg483.23	evm.utg483.23	cds.evm.utg483	utg483	+	utg483:245960-247057(+)	utg483:245960-247057(+)	245960	247057	1098	utg483:245960-247057(+)	245960	247057	1098	516	3	exon_features	3	matched_primary_from_multiple_strict	1	candidate_id_equals_transcript_id	138	56	138	14	1	0	0	no	dark_cluster_000286	evm.utg483.23	1	evm.utg483.23	1	1	1	no	single_copy_or_no_near_identical_dark_duplicate	8	high_priority	none	repeat_overlap	2	123	0.112022	(TATT)n 1 81:1;(ATTG)n 1 39:1	no_dmr_overlap	0	0	0.000000	NA	NA	de_significant	evm.TU.utg483.23	gene_id	10	yes	4	salinity_only_wald|down|logFC=-1.941|padj=0.0005101;salinity_added_wald|down|logFC=-1.598|padj=0.003867;combined_wald|down|logFC=-1.692|padj=0.002255;salinity_only_LRT|down|logFC=-2.567|padj=0.005663	5.59132e-05	2.56729
evm.utg1900.28	108	top_stress_responsive_dark_candidate	high_priority;single_copy_or_no_near_identical_dark_duplicate;DE_significant_any_contrast;stress_contrast_DE;abs_logFC_ge_1.5;padj_le_0.001;no_repeat_TE_overlap;no_DMR_overlap	all	yes	no	3	3	1.57418	0.000603376	combined_wald|up|logFC=1.574|padj=0.0006034;salinity_added_wald|up|logFC=1.033|padj=0.02406;salinity_only_LRT|up|logFC=1.224|padj=0.04745	evm.utg1900.28	evm.TU.utg1900.28	85	1	no										no		no										no		no										no				no	no										no				no	no							no														yes	no	"evm.utg1900.28	OTHER	0.046837	0.953163	"	function_dark_no_current_annotation	function_dark_no_current_annotation	non_classifying_evidence_retained	"diamond_swissprot_hit=no | diamond_swissprot_evalue_pass=no | blastp_swissprot_hit=no | blastp_swissprot_evalue_pass=no | diamond_trembl_cnidaria_hit=no | diamond_trembl_cnidaria_evalue_pass=no | diamond_trembl_cnidaria_informative_hit=no | blastp_trembl_cnidaria_hit=no | blastp_trembl_cnidaria_evalue_pass=no | blastp_trembl_cnidaria_informative_hit=no | interpro_hit=no | eggnog_hit=no | signalp_result_present=yes | signalp_positive=no | signalp_raw=evm.utg1900.28	OTHER	0.046837	0.953163"	sequence_found_in_external_fasta	evm.utg1900.28	evm.utg1900.28	matched_multiple	protein_id	evm.utg1900	evm.utg1900.28	cds.evm.utg1900	utg1900	-	utg1900:179297-179955(-)	utg1900:179297-179955(-)	179297	179955	659	utg1900:179297-179955(-)	179297	179955	659	258	2	exon_features	2	matched_primary_from_multiple_strict	1	candidate_id_equals_transcript_id	143	53	143	21	1	1	3	no	dark_cluster_003146	evm.utg1900.28	1	evm.utg1900.28	1	1	1	no	single_copy_or_no_near_identical_dark_duplicate	8	high_priority	none	no_repeat_overlap	0	0	0.000000	NA	no_dmr_overlap	0	0	0.000000	NA	NA	de_significant	evm.TU.utg1900.28	gene_id	10	yes	3	salinity_added_wald|up|logFC=1.033|padj=0.02406;combined_wald|up|logFC=1.574|padj=0.0006034;salinity_only_LRT|up|logFC=1.224|padj=0.04745	0.000603376	1.57418
evm.utg1765.11.3.5c22ebf0	108	top_stress_responsive_dark_candidate	high_priority;single_copy_or_no_near_identical_dark_duplicate;DE_significant_any_contrast;stress_contrast_DE;abs_logFC_ge_2;padj_le_0.001;repeat_TE_overlap_context;no_DMR_overlap	all	yes	no	4	4	3.07695	0.000977943	salinity_only_wald|down|logFC=-2.113|padj=0.0009779;salinity_only_LRT|down|logFC=-3.077|padj=0.00277;salinity_added_wald|down|logFC=-1.889|padj=0.00311;combined_wald|down|logFC=-1.168|padj=0.04284	evm.utg1765.11.3.5c22ebf0	evm.TU.utg1765.11	253	7	no										no		no										no		yes	tr|A0A6P8IW10|A0A6P8IW10_ACTTE	90.9	254	3.48e-169	469	253	253	1.0040	1.0040	yes	tr|A0A6P8IW10|A0A6P8IW10_ACTTE Uncharacterized protein LOC116305678 isoform X1 OS=Actinia tenebrosa OX=6105 GN=LOC116305678 PE=4 SV=1	yes	uncharacterized protein	no	yes	tr|A0A6P8IW10|A0A6P8IW10_ACTTE	89.764	254	1.75e-152	427	253	253	1.0040	1.0040	yes	tr|A0A6P8IW10|A0A6P8IW10_ACTTE Uncharacterized protein LOC116305678 isoform X1 OS=Actinia tenebrosa OX=6105 GN=LOC116305678 PE=4 SV=1	yes	uncharacterized protein	no	no							no														yes	no	"evm.utg1765.11.3.5c22ebf0	SP(Sec/SPI)	0.939991	0.060009	CS pos: 25-26. IEA-AV. Pr: 0.7853"	function_dark_no_current_annotation	function_dark_no_current_annotation	ambiguous_or_low_confidence_evidence;non_classifying_evidence_retained	"diamond_swissprot_hit=no | diamond_swissprot_evalue_pass=no | blastp_swissprot_hit=no | blastp_swissprot_evalue_pass=no | diamond_trembl_cnidaria_hit=yes | diamond_trembl_cnidaria_subject=tr|A0A6P8IW10|A0A6P8IW10_ACTTE | diamond_trembl_cnidaria_pident=90.9 | diamond_trembl_cnidaria_aln_length=254 | diamond_trembl_cnidaria_evalue=3.48e-169 | diamond_trembl_cnidaria_bitscore=469 | diamond_trembl_cnidaria_qlen=253 | diamond_trembl_cnidaria_slen=253 | diamond_trembl_cnidaria_query_coverage=1.0040 | diamond_trembl_cnidaria_subject_coverage=1.0040 | diamond_trembl_cnidaria_evalue_pass=yes | diamond_trembl_cnidaria_description=tr|A0A6P8IW10|A0A6P8IW10_ACTTE Uncharacterized protein LOC116305678 isoform X1 OS=Actinia tenebrosa OX=6105 GN=LOC116305678 PE=4 SV=1 | diamond_trembl_cnidaria_description_is_ambiguous=yes | diamond_trembl_cnidaria_description_ambiguity_reason=uncharacterized protein | diamond_trembl_cnidaria_informative_hit=no | blastp_trembl_cnidaria_hit=yes | blastp_trembl_cnidaria_subject=tr|A0A6P8IW10|A0A6P8IW10_ACTTE | blastp_trembl_cnidaria_pident=89.764 | blastp_trembl_cnidaria_aln_length=254 | blastp_trembl_cnidaria_evalue=1.75e-152 | blastp_trembl_cnidaria_bitscore=427 | blastp_trembl_cnidaria_qlen=253 | blastp_trembl_cnidaria_slen=253 | blastp_trembl_cnidaria_query_coverage=1.0040 | blastp_trembl_cnidaria_subject_coverage=1.0040 | blastp_trembl_cnidaria_evalue_pass=yes | blastp_trembl_cnidaria_description=tr|A0A6P8IW10|A0A6P8IW10_ACTTE Uncharacterized protein LOC116305678 isoform X1 OS=Actinia tenebrosa OX=6105 GN=LOC116305678 PE=4 SV=1 | blastp_trembl_cnidaria_description_is_ambiguous=yes | blastp_trembl_cnidaria_description_ambiguity_reason=uncharacterized protein | blastp_trembl_cnidaria_informative_hit=no | interpro_hit=no | eggnog_hit=no | signalp_result_present=yes | signalp_positive=no | signalp_raw=evm.utg1765.11.3.5c22ebf0	SP(Sec/SPI)	0.939991	0.060009	CS pos: 25-26. IEA-AV. Pr: 0.7853"	sequence_found_in_external_fasta	evm.utg1765.11.3.5c22ebf0	evm.utg1765.11.3.5c22ebf0	matched_multiple	protein_id	evm.utg1765.11.3.5c22ebf0	evm.utg1765.11.3.5c22ebf0	cds.evm.utg1765.11.3	utg1765	-	utg1765:97415-100622(-)	utg1765:97415-109830(-)	97415	100622	3208	utg1765:97515-100569(-)	97515	100569	3055	762	5	exon_features	5	matched_primary_from_multiple_strict	1	candidate_id_equals_transcript_id	44	30	44	14	1	1	2	no	dark_cluster_000990	evm.utg1765.11.3.5c22ebf0	1	evm.utg1765.11.3.5c22ebf0	1	1	1	no	single_copy_or_no_near_identical_dark_duplicate	8	high_priority	none	repeat_overlap	12	1152	0.359102	rnd-1_family-287 3 82:1;rnd-6_family-3423 160 361:1;rnd-1_family-102 491 529:1;rnd-6_family-949 2332 2395:1;rnd-1_family-259 1 125:1;rnd-6_family-4672 1066 1213:1;rnd-1_family-223 64 173:1;rnd-1_family-246 2 315:1;rnd-1_family-479 5 56:1;rnd-5_family-90 57 140:1;(GGAAA)n 1 99:1;A-rich 1 61:1	no_dmr_overlap	0	0	0.000000	NA	NA	de_significant	evm.TU.utg1765.11	gene_id	10	yes	4	salinity_only_wald|down|logFC=-2.113|padj=0.0009779;salinity_added_wald|down|logFC=-1.889|padj=0.00311;combined_wald|down|logFC=-1.168|padj=0.04284;salinity_only_LRT|down|logFC=-3.077|padj=0.00277	5.36663e-05	3.07695
evm.utg577.31	108	top_stress_responsive_dark_candidate	high_priority;single_copy_or_no_near_identical_dark_duplicate;DE_significant_any_contrast;stress_contrast_DE;abs_logFC_ge_2;padj_le_0.01;no_repeat_TE_overlap;no_DMR_overlap	all	yes	no	3	3	3.30407	0.00142005	salinity_added_wald|down|logFC=-2.985|padj=0.00142;full_model_LRT|down|logFC=-3.304|padj=0.007856;combined_wald|down|logFC=-1.701|padj=0.0132	evm.utg577.31	evm.TU.utg577.31	132	1	no										no		no										no		yes	tr|A0A6S7L5F8|A0A6S7L5F8_PARCT	51.9	135	7.83e-39	139	132	502	1.0227	0.2689	yes	tr|A0A6S7L5F8|A0A6S7L5F8_PARCT Uncharacterized protein OS=Paramuricea clavata OX=317549 GN=PACLA_8A046926 PE=4 SV=1	yes	uncharacterized protein	no	yes	tr|A0A6S7L5F8|A0A6S7L5F8_PARCT	51.852	135	6.85e-41	144	132	502	1.0227	0.2689	yes	tr|A0A6S7L5F8|A0A6S7L5F8_PARCT Uncharacterized protein OS=Paramuricea clavata OX=317549 GN=PACLA_8A046926 PE=4 SV=1	yes	uncharacterized protein	no	no							no														yes	no	"evm.utg577.31	OTHER	0.007487	0.992513	"	function_dark_no_current_annotation	function_dark_no_current_annotation	ambiguous_or_low_confidence_evidence;non_classifying_evidence_retained	"diamond_swissprot_hit=no | diamond_swissprot_evalue_pass=no | blastp_swissprot_hit=no | blastp_swissprot_evalue_pass=no | diamond_trembl_cnidaria_hit=yes | diamond_trembl_cnidaria_subject=tr|A0A6S7L5F8|A0A6S7L5F8_PARCT | diamond_trembl_cnidaria_pident=51.9 | diamond_trembl_cnidaria_aln_length=135 | diamond_trembl_cnidaria_evalue=7.83e-39 | diamond_trembl_cnidaria_bitscore=139 | diamond_trembl_cnidaria_qlen=132 | diamond_trembl_cnidaria_slen=502 | diamond_trembl_cnidaria_query_coverage=1.0227 | diamond_trembl_cnidaria_subject_coverage=0.2689 | diamond_trembl_cnidaria_evalue_pass=yes | diamond_trembl_cnidaria_description=tr|A0A6S7L5F8|A0A6S7L5F8_PARCT Uncharacterized protein OS=Paramuricea clavata OX=317549 GN=PACLA_8A046926 PE=4 SV=1 | diamond_trembl_cnidaria_description_is_ambiguous=yes | diamond_trembl_cnidaria_description_ambiguity_reason=uncharacterized protein | diamond_trembl_cnidaria_informative_hit=no | blastp_trembl_cnidaria_hit=yes | blastp_trembl_cnidaria_subject=tr|A0A6S7L5F8|A0A6S7L5F8_PARCT | blastp_trembl_cnidaria_pident=51.852 | blastp_trembl_cnidaria_aln_length=135 | blastp_trembl_cnidaria_evalue=6.85e-41 | blastp_trembl_cnidaria_bitscore=144 | blastp_trembl_cnidaria_qlen=132 | blastp_trembl_cnidaria_slen=502 | blastp_trembl_cnidaria_query_coverage=1.0227 | blastp_trembl_cnidaria_subject_coverage=0.2689 | blastp_trembl_cnidaria_evalue_pass=yes | blastp_trembl_cnidaria_description=tr|A0A6S7L5F8|A0A6S7L5F8_PARCT Uncharacterized protein OS=Paramuricea clavata OX=317549 GN=PACLA_8A046926 PE=4 SV=1 | blastp_trembl_cnidaria_description_is_ambiguous=yes | blastp_trembl_cnidaria_description_ambiguity_reason=uncharacterized protein | blastp_trembl_cnidaria_informative_hit=no | interpro_hit=no | eggnog_hit=no | signalp_result_present=yes | signalp_positive=no | signalp_raw=evm.utg577.31	OTHER	0.007487	0.992513"	sequence_found_in_external_fasta	evm.utg577.31	evm.utg577.31	matched_multiple	protein_id	evm.utg577	evm.utg577.31	cds.evm.utg577	utg577	-	utg577:237046-237444(-)	utg577:237046-237444(-)	237046	237444	399	utg577:237046-237444(-)	237046	237444	399	399	1	exon_features	1	matched_primary_from_multiple_strict	1	candidate_id_equals_transcript_id	303	107	303	48	1	1	1	no	dark_cluster_001534	evm.utg577.31	1	evm.utg577.31	1	1	1	no	single_copy_or_no_near_identical_dark_duplicate	7	high_priority	none	no_repeat_overlap	0	0	0.000000	NA	no_dmr_overlap	0	0	0.000000	NA	NA	de_significant	evm.TU.utg577.31	gene_id	9	yes	3	salinity_added_wald|down|logFC=-2.985|padj=0.00142;combined_wald|down|logFC=-1.701|padj=0.0132;full_model_LRT|down|logFC=-3.304|padj=0.007856	0.00142005	3.30407
utg432.equina_smart_1542527.mrna1	108	top_stress_responsive_dark_candidate	high_priority;single_copy_or_no_near_identical_dark_duplicate;DE_significant_any_contrast;stress_contrast_DE;abs_logFC_ge_2;padj_le_0.01;no_repeat_TE_overlap;no_DMR_overlap	all	yes	no	3	3	2.83005	0.00166616	salinity_added_wald|down|logFC=-2.263|padj=0.001666;combined_wald|down|logFC=-1.78|padj=0.006722;full_model_LRT|down|logFC=-2.83|padj=0.01332	utg432.equina_smart_1542527.mrna1	utg432.equina_smart_1542527.path1	58	1	no										no		no										no		no										no				no	no										no				no	no							no														yes	no	"utg432.equina_smart_1542527.mrna1	OTHER	0.000673	0.999327	"	function_dark_no_current_annotation	function_dark_no_current_annotation	non_classifying_evidence_retained	"diamond_swissprot_hit=no | diamond_swissprot_evalue_pass=no | blastp_swissprot_hit=no | blastp_swissprot_evalue_pass=no | diamond_trembl_cnidaria_hit=no | diamond_trembl_cnidaria_evalue_pass=no | diamond_trembl_cnidaria_informative_hit=no | blastp_trembl_cnidaria_hit=no | blastp_trembl_cnidaria_evalue_pass=no | blastp_trembl_cnidaria_informative_hit=no | interpro_hit=no | eggnog_hit=no | signalp_result_present=yes | signalp_positive=no | signalp_raw=utg432.equina_smart_1542527.mrna1	OTHER	0.000673	0.999327"	sequence_found_in_external_fasta	utg432.equina_smart_1542527.mrna1	utg432.equina_smart_1542527.mrna1	matched_multiple	protein_id	utg432.equina_smart_1542527.mrna1	utg432.equina_smart_1542527.mrna1	gmap_gene_find_equina_smart_1542527	utg432	-	utg432:927555-928148(-)	utg432:927555-928148(-)	927555	928148	594	utg432:927555-928148(-)	927555	928148	594	177	2	exon_features	2	matched_primary_from_multiple_strict	1	candidate_id_equals_transcript_id	2	1	2	1	1	1	2	no	dark_cluster_001571	utg432.equina_smart_1542527.mrna1	1	utg432.equina_smart_1542527.mrna1	1	1	1	no	single_copy_or_no_near_identical_dark_duplicate	8	high_priority	none	no_repeat_overlap	0	0	0.000000	NA	no_dmr_overlap	0	0	0.000000	NA	NA	de_significant	utg432.equina_smart_1542527.path1	gene_id	9	yes	3	salinity_added_wald|down|logFC=-2.263|padj=0.001666;combined_wald|down|logFC=-1.78|padj=0.006722;full_model_LRT|down|logFC=-2.83|padj=0.01332	0.00166616	2.83005
evm.utg6373.26	108	top_stress_responsive_dark_candidate	high_priority;possible_biological_gene_family_expansion;DE_significant_any_contrast;stress_contrast_DE;diesel_added_DE;abs_logFC_ge_2;padj_le_0.01;repeat_TE_overlap_context;no_DMR_overlap	all	yes	yes	2	2	2.0303	0.00177059	diesel_added_wald|down|logFC=-1.52|padj=0.001771;full_model_LRT|down|logFC=-2.03|padj=0.001961	evm.utg6373.26	evm.TU.utg6373.26	211	1	no										no		no										no		yes	tr|A0AAU9X0I7|A0AAU9X0I7_9CNID	36.1	183	5.30e-35	125	211	205	0.8673	0.8927	yes	tr|A0AAU9X0I7|A0AAU9X0I7_9CNID Uncharacterized protein (Fragment) OS=Pocillopora meandrina OX=46732 GN=PMEA_00014906 PE=4 SV=1	yes	uncharacterized protein	no	yes	tr|A0AAU9X0I7|A0AAU9X0I7_9CNID	34.804	204	1.80e-35	127	211	205	0.9668	0.9951	yes	tr|A0AAU9X0I7|A0AAU9X0I7_9CNID Uncharacterized protein (Fragment) OS=Pocillopora meandrina OX=46732 GN=PMEA_00014906 PE=4 SV=1	yes	uncharacterized protein	no	no							no														yes	no	"evm.utg6373.26	OTHER	0.000484	0.999516	"	function_dark_no_current_annotation	function_dark_no_current_annotation	ambiguous_or_low_confidence_evidence;non_classifying_evidence_retained	"diamond_swissprot_hit=no | diamond_swissprot_evalue_pass=no | blastp_swissprot_hit=no | blastp_swissprot_evalue_pass=no | diamond_trembl_cnidaria_hit=yes | diamond_trembl_cnidaria_subject=tr|A0AAU9X0I7|A0AAU9X0I7_9CNID | diamond_trembl_cnidaria_pident=36.1 | diamond_trembl_cnidaria_aln_length=183 | diamond_trembl_cnidaria_evalue=5.30e-35 | diamond_trembl_cnidaria_bitscore=125 | diamond_trembl_cnidaria_qlen=211 | diamond_trembl_cnidaria_slen=205 | diamond_trembl_cnidaria_query_coverage=0.8673 | diamond_trembl_cnidaria_subject_coverage=0.8927 | diamond_trembl_cnidaria_evalue_pass=yes | diamond_trembl_cnidaria_description=tr|A0AAU9X0I7|A0AAU9X0I7_9CNID Uncharacterized protein (Fragment) OS=Pocillopora meandrina OX=46732 GN=PMEA_00014906 PE=4 SV=1 | diamond_trembl_cnidaria_description_is_ambiguous=yes | diamond_trembl_cnidaria_description_ambiguity_reason=uncharacterized protein | diamond_trembl_cnidaria_informative_hit=no | blastp_trembl_cnidaria_hit=yes | blastp_trembl_cnidaria_subject=tr|A0AAU9X0I7|A0AAU9X0I7_9CNID | blastp_trembl_cnidaria_pident=34.804 | blastp_trembl_cnidaria_aln_length=204 | blastp_trembl_cnidaria_evalue=1.80e-35 | blastp_trembl_cnidaria_bitscore=127 | blastp_trembl_cnidaria_qlen=211 | blastp_trembl_cnidaria_slen=205 | blastp_trembl_cnidaria_query_coverage=0.9668 | blastp_trembl_cnidaria_subject_coverage=0.9951 | blastp_trembl_cnidaria_evalue_pass=yes | blastp_trembl_cnidaria_description=tr|A0AAU9X0I7|A0AAU9X0I7_9CNID Uncharacterized protein (Fragment) OS=Pocillopora meandrina OX=46732 GN=PMEA_00014906 PE=4 SV=1 | blastp_trembl_cnidaria_description_is_ambiguous=yes | blastp_trembl_cnidaria_description_ambiguity_reason=uncharacterized protein | blastp_trembl_cnidaria_informative_hit=no | interpro_hit=no | eggnog_hit=no | signalp_result_present=yes | signalp_positive=no | signalp_raw=evm.utg6373.26	OTHER	0.000484	0.999516"	sequence_found_in_external_fasta	evm.utg6373.1	evm.utg6373.1	matched_multiple	protein_id	evm.utg6373.26	evm.utg6373.26	cds.evm.utg6373	utg6373	-	utg6373:384919-385700(-)	utg6373:384919-385700(-)	384919	385700	782	utg6373:384919-385700(-)	384919	385700	782	636	2	exon_features	2	matched_primary_from_multiple_strict	1	candidate_id_equals_transcript_id	62	28	62	4	1	1	1	no	dark_cluster_000569	evm.utg6373.10	6	evm.utg6373.10;evm.utg6373.11;evm.utg6373.17;evm.utg6373.21;evm.utg6373.26;evm.utg6373.6	6	1	6	no	possible_biological_gene_family_expansion	5	high_priority	large_near_identical_dark_cluster;possible_biological_gene_family_expansion	repeat_overlap	1	31	0.039642	A-rich 1 31:1	no_dmr_overlap	0	0	0.000000	NA	NA	de_significant	evm.TU.utg6373.26	gene_id	10	yes	2	diesel_added_wald|down|logFC=-1.52|padj=0.001771;full_model_LRT|down|logFC=-2.03|padj=0.001961	0.00177059	2.0303
evm.utg540.62	108	top_stress_responsive_dark_candidate	high_priority;single_copy_or_no_near_identical_dark_duplicate;DE_significant_any_contrast;stress_contrast_DE;abs_logFC_ge_2;padj_le_0.01;no_repeat_TE_overlap;no_DMR_overlap	all	yes	no	3	3	2.07811	0.00220254	salinity_only_LRT|down|logFC=-2.078|padj=0.002203;salinity_only_wald|down|logFC=-1.505|padj=0.002982;full_model_LRT|up|logFC=1.4|padj=0.01326	evm.utg540.62	evm.TU.utg540.62	346	1	no										no		no										no		yes	tr|A0A6P8H6B2|A0A6P8H6B2_ACTTE	54.5	343	4.62e-108	322	346	353	0.9913	0.9717	yes	tr|A0A6P8H6B2|A0A6P8H6B2_ACTTE Uncharacterized protein LOC116288275 OS=Actinia tenebrosa OX=6105 GN=LOC116288275 PE=4 SV=1	yes	uncharacterized protein	no	yes	tr|A0A6P8H6B2|A0A6P8H6B2_ACTTE	54.648	355	5.62e-108	322	346	353	1.0260	1.0057	yes	tr|A0A6P8H6B2|A0A6P8H6B2_ACTTE Uncharacterized protein LOC116288275 OS=Actinia tenebrosa OX=6105 GN=LOC116288275 PE=4 SV=1	yes	uncharacterized protein	no	no							no														yes	no	"evm.utg540.62	SP(Sec/SPI)	0.965397	0.034603	CS pos: 24-25. AKT-CD. Pr: 0.4992"	function_dark_no_current_annotation	function_dark_no_current_annotation	ambiguous_or_low_confidence_evidence;non_classifying_evidence_retained	"diamond_swissprot_hit=no | diamond_swissprot_evalue_pass=no | blastp_swissprot_hit=no | blastp_swissprot_evalue_pass=no | diamond_trembl_cnidaria_hit=yes | diamond_trembl_cnidaria_subject=tr|A0A6P8H6B2|A0A6P8H6B2_ACTTE | diamond_trembl_cnidaria_pident=54.5 | diamond_trembl_cnidaria_aln_length=343 | diamond_trembl_cnidaria_evalue=4.62e-108 | diamond_trembl_cnidaria_bitscore=322 | diamond_trembl_cnidaria_qlen=346 | diamond_trembl_cnidaria_slen=353 | diamond_trembl_cnidaria_query_coverage=0.9913 | diamond_trembl_cnidaria_subject_coverage=0.9717 | diamond_trembl_cnidaria_evalue_pass=yes | diamond_trembl_cnidaria_description=tr|A0A6P8H6B2|A0A6P8H6B2_ACTTE Uncharacterized protein LOC116288275 OS=Actinia tenebrosa OX=6105 GN=LOC116288275 PE=4 SV=1 | diamond_trembl_cnidaria_description_is_ambiguous=yes | diamond_trembl_cnidaria_description_ambiguity_reason=uncharacterized protein | diamond_trembl_cnidaria_informative_hit=no | blastp_trembl_cnidaria_hit=yes | blastp_trembl_cnidaria_subject=tr|A0A6P8H6B2|A0A6P8H6B2_ACTTE | blastp_trembl_cnidaria_pident=54.648 | blastp_trembl_cnidaria_aln_length=355 | blastp_trembl_cnidaria_evalue=5.62e-108 | blastp_trembl_cnidaria_bitscore=322 | blastp_trembl_cnidaria_qlen=346 | blastp_trembl_cnidaria_slen=353 | blastp_trembl_cnidaria_query_coverage=1.0260 | blastp_trembl_cnidaria_subject_coverage=1.0057 | blastp_trembl_cnidaria_evalue_pass=yes | blastp_trembl_cnidaria_description=tr|A0A6P8H6B2|A0A6P8H6B2_ACTTE Uncharacterized protein LOC116288275 OS=Actinia tenebrosa OX=6105 GN=LOC116288275 PE=4 SV=1 | blastp_trembl_cnidaria_description_is_ambiguous=yes | blastp_trembl_cnidaria_description_ambiguity_reason=uncharacterized protein | blastp_trembl_cnidaria_informative_hit=no | interpro_hit=no | eggnog_hit=no | signalp_result_present=yes | signalp_positive=no | signalp_raw=evm.utg540.62	SP(Sec/SPI)	0.965397	0.034603	CS pos: 24-25. AKT-CD. Pr: 0.4992"	sequence_found_in_external_fasta	evm.utg540.62	evm.utg540.62	matched_multiple	protein_id	evm.utg540.62	evm.utg540.62	cds.evm.utg540	utg540	+	utg540:496905-497945(+)	utg540:496905-497945(+)	496905	497945	1041	utg540:496905-497945(+)	496905	497945	1041	1041	1	exon_features	1	matched_primary_from_multiple_strict	1	candidate_id_equals_transcript_id	147	71	147	4	1	0	0	no	dark_cluster_001964	evm.utg540.62	1	evm.utg540.62	1	1	1	no	single_copy_or_no_near_identical_dark_duplicate	7	high_priority	none	no_repeat_overlap	0	0	0.000000	NA	no_dmr_overlap	0	0	0.000000	NA	NA	de_significant	evm.TU.utg540.62	gene_id	10	yes	3	salinity_only_wald|down|logFC=-1.505|padj=0.002982;salinity_only_LRT|down|logFC=-2.078|padj=0.002203;full_model_LRT|up|logFC=1.4|padj=0.01326	0.00220254	2.07811
evm.utg77.98	108	top_stress_responsive_dark_candidate	high_priority;single_copy_or_no_near_identical_dark_duplicate;DE_significant_any_contrast;stress_contrast_DE;abs_logFC_ge_2;padj_le_0.01;no_repeat_TE_overlap;no_DMR_overlap	all	yes	no	3	3	2.68605	0.00235529	salinity_added_wald|up|logFC=2.227|padj=0.002355;full_model_LRT|up|logFC=2.686|padj=0.003164;combined_wald|up|logFC=1.596|padj=0.0134	evm.utg77.98	evm.TU.utg77.98	232	1	no										no		no										no		yes	tr|A0A6P8HWB9|A0A6P8HWB9_ACTTE	90.5	232	3.16e-166	460	232	232	1.0000	1.0000	yes	tr|A0A6P8HWB9|A0A6P8HWB9_ACTTE Uncharacterized protein LOC116293571 OS=Actinia tenebrosa OX=6105 GN=LOC116293571 PE=4 SV=1	yes	uncharacterized protein	no	yes	tr|A0A6P8HWB9|A0A6P8HWB9_ACTTE	90.517	232	5.95e-159	442	232	232	1.0000	1.0000	yes	tr|A0A6P8HWB9|A0A6P8HWB9_ACTTE Uncharacterized protein LOC116293571 OS=Actinia tenebrosa OX=6105 GN=LOC116293571 PE=4 SV=1	yes	uncharacterized protein	no	no							no														yes	no	"evm.utg77.98	SP(Sec/SPI)	0.930364	0.069636	CS pos: 24-25. AHT-AS. Pr: 0.6120"	function_dark_no_current_annotation	function_dark_no_current_annotation	ambiguous_or_low_confidence_evidence;non_classifying_evidence_retained	"diamond_swissprot_hit=no | diamond_swissprot_evalue_pass=no | blastp_swissprot_hit=no | blastp_swissprot_evalue_pass=no | diamond_trembl_cnidaria_hit=yes | diamond_trembl_cnidaria_subject=tr|A0A6P8HWB9|A0A6P8HWB9_ACTTE | diamond_trembl_cnidaria_pident=90.5 | diamond_trembl_cnidaria_aln_length=232 | diamond_trembl_cnidaria_evalue=3.16e-166 | diamond_trembl_cnidaria_bitscore=460 | diamond_trembl_cnidaria_qlen=232 | diamond_trembl_cnidaria_slen=232 | diamond_trembl_cnidaria_query_coverage=1.0000 | diamond_trembl_cnidaria_subject_coverage=1.0000 | diamond_trembl_cnidaria_evalue_pass=yes | diamond_trembl_cnidaria_description=tr|A0A6P8HWB9|A0A6P8HWB9_ACTTE Uncharacterized protein LOC116293571 OS=Actinia tenebrosa OX=6105 GN=LOC116293571 PE=4 SV=1 | diamond_trembl_cnidaria_description_is_ambiguous=yes | diamond_trembl_cnidaria_description_ambiguity_reason=uncharacterized protein | diamond_trembl_cnidaria_informative_hit=no | blastp_trembl_cnidaria_hit=yes | blastp_trembl_cnidaria_subject=tr|A0A6P8HWB9|A0A6P8HWB9_ACTTE | blastp_trembl_cnidaria_pident=90.517 | blastp_trembl_cnidaria_aln_length=232 | blastp_trembl_cnidaria_evalue=5.95e-159 | blastp_trembl_cnidaria_bitscore=442 | blastp_trembl_cnidaria_qlen=232 | blastp_trembl_cnidaria_slen=232 | blastp_trembl_cnidaria_query_coverage=1.0000 | blastp_trembl_cnidaria_subject_coverage=1.0000 | blastp_trembl_cnidaria_evalue_pass=yes | blastp_trembl_cnidaria_description=tr|A0A6P8HWB9|A0A6P8HWB9_ACTTE Uncharacterized protein LOC116293571 OS=Actinia tenebrosa OX=6105 GN=LOC116293571 PE=4 SV=1 | blastp_trembl_cnidaria_description_is_ambiguous=yes | blastp_trembl_cnidaria_description_ambiguity_reason=uncharacterized protein | blastp_trembl_cnidaria_informative_hit=no | interpro_hit=no | eggnog_hit=no | signalp_result_present=yes | signalp_positive=no | signalp_raw=evm.utg77.98	SP(Sec/SPI)	0.930364	0.069636	CS pos: 24-25. AHT-AS. Pr: 0.6120"	sequence_found_in_external_fasta	evm.utg77.98	evm.utg77.98	matched_multiple	protein_id	evm.utg77	evm.utg77.98	cds.evm.utg77	utg77	+	utg77:658395-659815(+)	utg77:658395-659815(+)	658395	659815	1421	utg77:658395-659815(+)	658395	659815	1421	699	4	exon_features	4	matched_primary_from_multiple_strict	1	candidate_id_equals_transcript_id	460	181	460	59	1	4	6	yes	dark_cluster_000978	evm.utg77.98	1	evm.utg77.98	1	1	1	yes	single_copy_or_no_near_identical_dark_duplicate	5	high_priority	candidate_on_BUSCO_duplication_rich_scaffold	no_repeat_overlap	0	0	0.000000	NA	no_dmr_overlap	0	0	0.000000	NA	NA	de_significant	evm.TU.utg77.98	gene_id	10	yes	3	salinity_added_wald|up|logFC=2.227|padj=0.002355;combined_wald|up|logFC=1.596|padj=0.0134;full_model_LRT|up|logFC=2.686|padj=0.003164	0.00235529	2.68605
utg415.equina_smart_1412569.mrna1	108	top_stress_responsive_dark_candidate	high_priority;single_copy_or_no_near_identical_dark_duplicate;DE_significant_any_contrast;stress_contrast_DE;abs_logFC_ge_2;padj_le_0.01;no_repeat_TE_overlap;no_DMR_overlap	all	yes	no	3	3	4.8212	0.00277249	salinity_only_wald|down|logFC=-2.373|padj=0.002772;full_model_LRT|up|logFC=3.054|padj=0.007969;salinity_only_LRT|down|logFC=-4.821|padj=0.01359	utg415.equina_smart_1412569.mrna1	utg415.equina_smart_1412569.path1	63	1	no										no		no										no		no										no				no	no										no				no	no							no														yes	no	"utg415.equina_smart_1412569.mrna1	OTHER	0.002692	0.997308	"	function_dark_no_current_annotation	function_dark_no_current_annotation	non_classifying_evidence_retained	"diamond_swissprot_hit=no | diamond_swissprot_evalue_pass=no | blastp_swissprot_hit=no | blastp_swissprot_evalue_pass=no | diamond_trembl_cnidaria_hit=no | diamond_trembl_cnidaria_evalue_pass=no | diamond_trembl_cnidaria_informative_hit=no | blastp_trembl_cnidaria_hit=no | blastp_trembl_cnidaria_evalue_pass=no | blastp_trembl_cnidaria_informative_hit=no | interpro_hit=no | eggnog_hit=no | signalp_result_present=yes | signalp_positive=no | signalp_raw=utg415.equina_smart_1412569.mrna1	OTHER	0.002692	0.997308"	sequence_found_in_external_fasta	utg415.equina_smart_1412569.mrna1	utg415.equina_smart_1412569.mrna1	matched_multiple	protein_id	utg415.equina_smart_1412569.mrna1	utg415.equina_smart_1412569.mrna1	gmap_gene_find_equina_smart_1412569	utg415	+	utg415:1133854-1134232(+)	utg415:1133854-1134232(+)	1133854	1134232	379	utg415:1133854-1134232(+)	1133854	1134232	379	192	2	exon_features	2	matched_primary_from_multiple_strict	1	candidate_id_equals_transcript_id	2	1	2	1	1	4	7	yes	dark_cluster_001461	utg415.equina_smart_1412569.mrna1	1	utg415.equina_smart_1412569.mrna1	1	1	1	yes	single_copy_or_no_near_identical_dark_duplicate	5	high_priority	candidate_on_BUSCO_duplication_rich_scaffold	no_repeat_overlap	0	0	0.000000	NA	no_dmr_overlap	0	0	0.000000	NA	NA	de_significant	utg415.equina_smart_1412569.path1	gene_id	8	yes	3	salinity_only_wald|down|logFC=-2.373|padj=0.002772;salinity_only_LRT|down|logFC=-4.821|padj=0.01359;full_model_LRT|up|logFC=3.054|padj=0.007969	0.00277249	4.8212
evm.utg101.114	108	top_stress_responsive_dark_candidate	high_priority;single_copy_or_no_near_identical_dark_duplicate;DE_significant_any_contrast;stress_contrast_DE;abs_logFC_ge_2;padj_le_0.01;no_repeat_TE_overlap;no_DMR_overlap	all	yes	no	3	3	2.58016	0.00285504	full_model_LRT|up|logFC=2.58|padj=0.002855;salinity_added_wald|up|logFC=1.881|padj=0.006583;combined_wald|up|logFC=1.677|padj=0.01053	evm.utg101.114	evm.TU.utg101.114	148	1	no										no		no										no		no										no				no	no										no				no	no							no														yes	no	"evm.utg101.114	OTHER	0.014508	0.985492	"	function_dark_no_current_annotation	function_dark_no_current_annotation	non_classifying_evidence_retained	"diamond_swissprot_hit=no | diamond_swissprot_evalue_pass=no | blastp_swissprot_hit=no | blastp_swissprot_evalue_pass=no | diamond_trembl_cnidaria_hit=no | diamond_trembl_cnidaria_evalue_pass=no | diamond_trembl_cnidaria_informative_hit=no | blastp_trembl_cnidaria_hit=no | blastp_trembl_cnidaria_evalue_pass=no | blastp_trembl_cnidaria_informative_hit=no | interpro_hit=no | eggnog_hit=no | signalp_result_present=yes | signalp_positive=no | signalp_raw=evm.utg101.114	OTHER	0.014508	0.985492"	sequence_found_in_external_fasta	evm.utg101.114	evm.utg101.114	matched_multiple	protein_id	evm.utg101.114	evm.utg101.114	cds.evm.utg101	utg101	-	utg101:769213-770680(-)	utg101:769213-770680(-)	769213	770680	1468	utg101:769213-770680(-)	769213	770680	1468	447	2	exon_features	2	matched_primary_from_multiple_strict	1	candidate_id_equals_transcript_id	501	203	501	52	1	3	5	yes	dark_cluster_002673	evm.utg101.114	1	evm.utg101.114	1	1	1	yes	single_copy_or_no_near_identical_dark_duplicate	5	high_priority	candidate_on_BUSCO_duplication_rich_scaffold	no_repeat_overlap	0	0	0.000000	NA	no_dmr_overlap	0	0	0.000000	NA	NA	de_significant	evm.TU.utg101.114	gene_id	6	yes	3	salinity_added_wald|up|logFC=1.881|padj=0.006583;combined_wald|up|logFC=1.677|padj=0.01053;full_model_LRT|up|logFC=2.58|padj=0.002855	0.00285504	2.58016
evm.utg203.30	108	top_stress_responsive_dark_candidate	high_priority;single_copy_or_no_near_identical_dark_duplicate;DE_significant_any_contrast;stress_contrast_DE;abs_logFC_ge_2;padj_le_0.01;no_repeat_TE_overlap;no_DMR_overlap	all	yes	no	3	3	4.60439	0.00300604	combined_wald|down|logFC=-2.451|padj=0.003006;salinity_added_wald|down|logFC=-2.348|padj=0.004679;full_model_LRT|down|logFC=-4.604|padj=0.02848	evm.utg203.30	evm.TU.utg203.30	124	1	no										no		no										no		no										no				no	no										no				no	no							no														yes	no	"evm.utg203.30	OTHER	0.001354	0.998646	"	function_dark_no_current_annotation	function_dark_no_current_annotation	non_classifying_evidence_retained	"diamond_swissprot_hit=no | diamond_swissprot_evalue_pass=no | blastp_swissprot_hit=no | blastp_swissprot_evalue_pass=no | diamond_trembl_cnidaria_hit=no | diamond_trembl_cnidaria_evalue_pass=no | diamond_trembl_cnidaria_informative_hit=no | blastp_trembl_cnidaria_hit=no | blastp_trembl_cnidaria_evalue_pass=no | blastp_trembl_cnidaria_informative_hit=no | interpro_hit=no | eggnog_hit=no | signalp_result_present=yes | signalp_positive=no | signalp_raw=evm.utg203.30	OTHER	0.001354	0.998646"	sequence_found_in_external_fasta	evm.utg203.30	evm.utg203.30	matched_multiple	protein_id	evm.utg203.30	evm.utg203.30	cds.evm.utg203	utg203	+	utg203:233618-233992(+)	utg203:233618-233992(+)	233618	233992	375	utg203:233618-233992(+)	233618	233992	375	375	1	exon_features	1	matched_primary_from_multiple_strict	1	candidate_id_equals_transcript_id	311	144	311	13	1	1	1	no	dark_cluster_002766	evm.utg203.30	1	evm.utg203.30	1	1	1	no	single_copy_or_no_near_identical_dark_duplicate	7	high_priority	none	no_repeat_overlap	0	0	0.000000	NA	no_dmr_overlap	0	0	0.000000	NA	NA	de_significant	evm.TU.utg203.30	gene_id	8	yes	3	salinity_added_wald|down|logFC=-2.348|padj=0.004679;combined_wald|down|logFC=-2.451|padj=0.003006;full_model_LRT|down|logFC=-4.604|padj=0.02848	0.00300604	4.60439
evm.utg4271.72	108	top_stress_responsive_dark_candidate	high_priority;single_copy_or_no_near_identical_dark_duplicate;DE_significant_any_contrast;stress_contrast_DE;abs_logFC_ge_2;padj_le_0.01;no_repeat_TE_overlap;no_DMR_overlap	all	yes	no	3	3	2.07321	0.00495517	salinity_added_wald|down|logFC=-2.073|padj=0.004955;combined_wald|down|logFC=-1.85|padj=0.007705;full_model_LRT|down|logFC=-1.95|padj=0.02123	evm.utg4271.72	evm.TU.utg4271.72	117	1	no										no		no										no		yes	tr|A0A6P8HEU8|A0A6P8HEU8_ACTTE	87.0	108	9.40e-61	187	117	210	0.9231	0.5143	yes	tr|A0A6P8HEU8|A0A6P8HEU8_ACTTE Uncharacterized protein LOC116291255 OS=Actinia tenebrosa OX=6105 GN=LOC116291255 PE=4 SV=1	yes	uncharacterized protein	no	yes	tr|A0A6P8HEU8|A0A6P8HEU8_ACTTE	87.037	108	2.77e-65	199	117	210	0.9231	0.5143	yes	tr|A0A6P8HEU8|A0A6P8HEU8_ACTTE Uncharacterized protein LOC116291255 OS=Actinia tenebrosa OX=6105 GN=LOC116291255 PE=4 SV=1	yes	uncharacterized protein	no	no							no														yes	no	"evm.utg4271.72	SP(Sec/SPI)	0.824606	0.175394	CS pos: 22-23. VNQ-KS. Pr: 0.4656"	function_dark_no_current_annotation	function_dark_no_current_annotation	ambiguous_or_low_confidence_evidence;non_classifying_evidence_retained	"diamond_swissprot_hit=no | diamond_swissprot_evalue_pass=no | blastp_swissprot_hit=no | blastp_swissprot_evalue_pass=no | diamond_trembl_cnidaria_hit=yes | diamond_trembl_cnidaria_subject=tr|A0A6P8HEU8|A0A6P8HEU8_ACTTE | diamond_trembl_cnidaria_pident=87.0 | diamond_trembl_cnidaria_aln_length=108 | diamond_trembl_cnidaria_evalue=9.40e-61 | diamond_trembl_cnidaria_bitscore=187 | diamond_trembl_cnidaria_qlen=117 | diamond_trembl_cnidaria_slen=210 | diamond_trembl_cnidaria_query_coverage=0.9231 | diamond_trembl_cnidaria_subject_coverage=0.5143 | diamond_trembl_cnidaria_evalue_pass=yes | diamond_trembl_cnidaria_description=tr|A0A6P8HEU8|A0A6P8HEU8_ACTTE Uncharacterized protein LOC116291255 OS=Actinia tenebrosa OX=6105 GN=LOC116291255 PE=4 SV=1 | diamond_trembl_cnidaria_description_is_ambiguous=yes | diamond_trembl_cnidaria_description_ambiguity_reason=uncharacterized protein | diamond_trembl_cnidaria_informative_hit=no | blastp_trembl_cnidaria_hit=yes | blastp_trembl_cnidaria_subject=tr|A0A6P8HEU8|A0A6P8HEU8_ACTTE | blastp_trembl_cnidaria_pident=87.037 | blastp_trembl_cnidaria_aln_length=108 | blastp_trembl_cnidaria_evalue=2.77e-65 | blastp_trembl_cnidaria_bitscore=199 | blastp_trembl_cnidaria_qlen=117 | blastp_trembl_cnidaria_slen=210 | blastp_trembl_cnidaria_query_coverage=0.9231 | blastp_trembl_cnidaria_subject_coverage=0.5143 | blastp_trembl_cnidaria_evalue_pass=yes | blastp_trembl_cnidaria_description=tr|A0A6P8HEU8|A0A6P8HEU8_ACTTE Uncharacterized protein LOC116291255 OS=Actinia tenebrosa OX=6105 GN=LOC116291255 PE=4 SV=1 | blastp_trembl_cnidaria_description_is_ambiguous=yes | blastp_trembl_cnidaria_description_ambiguity_reason=uncharacterized protein | blastp_trembl_cnidaria_informative_hit=no | interpro_hit=no | eggnog_hit=no | signalp_result_present=yes | signalp_positive=no | signalp_raw=evm.utg4271.72	SP(Sec/SPI)	0.824606	0.175394	CS pos: 22-23. VNQ-KS. Pr: 0.4656"	sequence_found_in_external_fasta	evm.utg4271.72	evm.utg4271.72	matched_multiple	protein_id	evm.utg4271.72	evm.utg4271.72	cds.evm.utg4271	utg4271	-	utg4271:615000-615353(-)	utg4271:615000-615353(-)	615000	615353	354	utg4271:615000-615353(-)	615000	615353	354	354	1	exon_features	1	matched_primary_from_multiple_strict	1	candidate_id_equals_transcript_id	192	89	192	9	1	0	0	no	dark_cluster_001100	evm.utg4271.72	1	evm.utg4271.72	1	1	1	no	single_copy_or_no_near_identical_dark_duplicate	7	high_priority	none	no_repeat_overlap	0	0	0.000000	NA	no_dmr_overlap	0	0	0.000000	NA	NA	de_significant	evm.TU.utg4271.72	gene_id	10	yes	3	salinity_added_wald|down|logFC=-2.073|padj=0.004955;combined_wald|down|logFC=-1.85|padj=0.007705;full_model_LRT|down|logFC=-1.95|padj=0.02123	0.00495517	2.07321
evm.utg890.57	108	top_stress_responsive_dark_candidate	high_priority;possible_biological_gene_family_expansion;DE_significant_any_contrast;stress_contrast_DE;diesel_added_DE;abs_logFC_ge_2;padj_le_0.01;repeat_TE_overlap_context;no_DMR_overlap	all	yes	yes	2	2	2.06188	0.00746152	full_model_LRT|down|logFC=-2.062|padj=0.007462;diesel_added_wald|down|logFC=-1.335|padj=0.01404	evm.utg890.57	evm.TU.utg890.57	258	1	no										no		no										no		yes	tr|A0A6P8IKH8|A0A6P8IKH8_ACTTE	93.1	232	2.01e-159	462	258	720	0.8992	0.3222	yes	tr|A0A6P8IKH8|A0A6P8IKH8_ACTTE Uncharacterized protein LOC116301908 OS=Actinia tenebrosa OX=6105 GN=LOC116301908 PE=4 SV=1	yes	uncharacterized protein	no	yes	tr|A0A6P8IKH8|A0A6P8IKH8_ACTTE	93.103	232	1.29e-158	460	258	720	0.8992	0.3222	yes	tr|A0A6P8IKH8|A0A6P8IKH8_ACTTE Uncharacterized protein LOC116301908 OS=Actinia tenebrosa OX=6105 GN=LOC116301908 PE=4 SV=1	yes	uncharacterized protein	no	no							no														yes	no	"evm.utg890.57	OTHER	0.000720	0.999280	"	function_dark_no_current_annotation	function_dark_no_current_annotation	ambiguous_or_low_confidence_evidence;non_classifying_evidence_retained	"diamond_swissprot_hit=no | diamond_swissprot_evalue_pass=no | blastp_swissprot_hit=no | blastp_swissprot_evalue_pass=no | diamond_trembl_cnidaria_hit=yes | diamond_trembl_cnidaria_subject=tr|A0A6P8IKH8|A0A6P8IKH8_ACTTE | diamond_trembl_cnidaria_pident=93.1 | diamond_trembl_cnidaria_aln_length=232 | diamond_trembl_cnidaria_evalue=2.01e-159 | diamond_trembl_cnidaria_bitscore=462 | diamond_trembl_cnidaria_qlen=258 | diamond_trembl_cnidaria_slen=720 | diamond_trembl_cnidaria_query_coverage=0.8992 | diamond_trembl_cnidaria_subject_coverage=0.3222 | diamond_trembl_cnidaria_evalue_pass=yes | diamond_trembl_cnidaria_description=tr|A0A6P8IKH8|A0A6P8IKH8_ACTTE Uncharacterized protein LOC116301908 OS=Actinia tenebrosa OX=6105 GN=LOC116301908 PE=4 SV=1 | diamond_trembl_cnidaria_description_is_ambiguous=yes | diamond_trembl_cnidaria_description_ambiguity_reason=uncharacterized protein | diamond_trembl_cnidaria_informative_hit=no | blastp_trembl_cnidaria_hit=yes | blastp_trembl_cnidaria_subject=tr|A0A6P8IKH8|A0A6P8IKH8_ACTTE | blastp_trembl_cnidaria_pident=93.103 | blastp_trembl_cnidaria_aln_length=232 | blastp_trembl_cnidaria_evalue=1.29e-158 | blastp_trembl_cnidaria_bitscore=460 | blastp_trembl_cnidaria_qlen=258 | blastp_trembl_cnidaria_slen=720 | blastp_trembl_cnidaria_query_coverage=0.8992 | blastp_trembl_cnidaria_subject_coverage=0.3222 | blastp_trembl_cnidaria_evalue_pass=yes | blastp_trembl_cnidaria_description=tr|A0A6P8IKH8|A0A6P8IKH8_ACTTE Uncharacterized protein LOC116301908 OS=Actinia tenebrosa OX=6105 GN=LOC116301908 PE=4 SV=1 | blastp_trembl_cnidaria_description_is_ambiguous=yes | blastp_trembl_cnidaria_description_ambiguity_reason=uncharacterized protein | blastp_trembl_cnidaria_informative_hit=no | interpro_hit=no | eggnog_hit=no | signalp_result_present=yes | signalp_positive=no | signalp_raw=evm.utg890.57	OTHER	0.000720	0.999280"	sequence_found_in_external_fasta	evm.utg890.1	evm.utg890.1	matched_multiple	protein_id	evm.utg890.57	evm.utg890.57	cds.evm.utg890	utg890	-	utg890:524433-525435(-)	utg890:524433-525435(-)	524433	525435	1003	utg890:524433-525435(-)	524433	525435	1003	777	2	exon_features	2	matched_primary_from_multiple_strict	1	candidate_id_equals_transcript_id	171	57	171	30	1	1	1	no	dark_cluster_002057	evm.utg890.57	3	evm.utg890.57;evm.utg890.6;evm.utg890.8	3	1	3	no	possible_biological_gene_family_expansion	7	high_priority	near_identical_dark_cluster;possible_biological_gene_family_expansion	repeat_overlap	1	1003	1.000000	rnd-1_family-206 4 4859:1	no_dmr_overlap	0	0	0.000000	NA	NA	de_significant	evm.TU.utg890.57	gene_id	9	yes	2	diesel_added_wald|down|logFC=-1.335|padj=0.01404;full_model_LRT|down|logFC=-2.062|padj=0.007462	0.00746152	2.06188
utg522.equina_smart_972692.mrna1	107	top_stress_responsive_dark_candidate	high_priority;single_copy_or_no_near_identical_dark_duplicate;DE_significant_any_contrast;stress_contrast_DE;abs_logFC_ge_2;padj_le_0.01;repeat_TE_overlap_context;no_DMR_overlap	all	yes	no	5	5	3.44257	0.00102498	salinity_only_wald|down|logFC=-2.264|padj=0.001025;full_model_LRT|up|logFC=1.085|padj=0.001368;salinity_only_LRT|down|logFC=-3.443|padj=0.003958;combined_wald|down|logFC=-1.577|padj=0.01205;salinity_added_wald|down|logFC=-1.228|padj=0.04167	utg522.equina_smart_972692.mrna1	utg522.equina_smart_972692.path1	69	1	no										no		no										no		no										no				no	no										no				no	no							no														yes	no	"utg522.equina_smart_972692.mrna1	OTHER	0.112494	0.887506	"	function_dark_no_current_annotation	function_dark_no_current_annotation	non_classifying_evidence_retained	"diamond_swissprot_hit=no | diamond_swissprot_evalue_pass=no | blastp_swissprot_hit=no | blastp_swissprot_evalue_pass=no | diamond_trembl_cnidaria_hit=no | diamond_trembl_cnidaria_evalue_pass=no | diamond_trembl_cnidaria_informative_hit=no | blastp_trembl_cnidaria_hit=no | blastp_trembl_cnidaria_evalue_pass=no | blastp_trembl_cnidaria_informative_hit=no | interpro_hit=no | eggnog_hit=no | signalp_result_present=yes | signalp_positive=no | signalp_raw=utg522.equina_smart_972692.mrna1	OTHER	0.112494	0.887506"	sequence_found_in_external_fasta	utg522.equina_smart_972692.mrna1	utg522.equina_smart_972692.mrna1	matched_multiple	protein_id	utg522.equina_smart_972692	utg522.equina_smart_972692.mrna1	gmap_gene_find_equina_smart_972692	utg522	-	utg522:173226-182012(-)	utg522:173226-182012(-)	173226	182012	8787	utg522:173226-182012(-)	173226	182012	8787	210	2	exon_features	2	matched_primary_from_multiple_strict	1	candidate_id_equals_transcript_id	2	1	2	1	1	0	0	no	dark_cluster_001783	utg522.equina_smart_972692.mrna1	1	utg522.equina_smart_972692.mrna1	1	1	1	no	single_copy_or_no_near_identical_dark_duplicate	8	high_priority	none	repeat_overlap	4	894	0.101741	rnd-2_family-267 1 103:1;rnd-6_family-1801 19 123:1;rnd-1_family-147 1 638:1;rnd-1_family-174 1 329:1	no_dmr_overlap	0	0	0.000000	NA	NA	de_significant	utg522.equina_smart_972692.path1	gene_id	10	yes	5	salinity_only_wald|down|logFC=-2.264|padj=0.001025;salinity_added_wald|down|logFC=-1.228|padj=0.04167;combined_wald|down|logFC=-1.577|padj=0.01205;salinity_only_LRT|down|logFC=-3.443|padj=0.003958;full_model_LRT|up|logFC=1.085|padj=0.001368	0.00102498	3.44257
evm.utg1648.32	107	top_stress_responsive_dark_candidate	high_priority;single_copy_or_no_near_identical_dark_duplicate;DE_significant_any_contrast;stress_contrast_DE;abs_logFC_ge_1.5;padj_le_0.01;no_repeat_TE_overlap;no_DMR_overlap	all	yes	no	4	4	1.89186	0.00330243	salinity_added_wald|down|logFC=-1.657|padj=0.003302;combined_wald|down|logFC=-1.283|padj=0.01793;salinity_only_wald|down|logFC=-1.198|padj=0.01998;salinity_only_LRT|down|logFC=-1.892|padj=0.04533	evm.utg1648.32	evm.TU.utg1648.32	112	1	no										no		no										no		no										no				no	no										no				no	no							no														yes	no	"evm.utg1648.32	OTHER	0.000649	0.999351	"	function_dark_no_current_annotation	function_dark_no_current_annotation	non_classifying_evidence_retained	"diamond_swissprot_hit=no | diamond_swissprot_evalue_pass=no | blastp_swissprot_hit=no | blastp_swissprot_evalue_pass=no | diamond_trembl_cnidaria_hit=no | diamond_trembl_cnidaria_evalue_pass=no | diamond_trembl_cnidaria_informative_hit=no | blastp_trembl_cnidaria_hit=no | blastp_trembl_cnidaria_evalue_pass=no | blastp_trembl_cnidaria_informative_hit=no | interpro_hit=no | eggnog_hit=no | signalp_result_present=yes | signalp_positive=no | signalp_raw=evm.utg1648.32	OTHER	0.000649	0.999351"	sequence_found_in_external_fasta	evm.utg1648.32	evm.utg1648.32	matched_multiple	protein_id	evm.utg1648	evm.utg1648.32	cds.evm.utg1648	utg1648	+	utg1648:269789-270127(+)	utg1648:269789-270127(+)	269789	270127	339	utg1648:269789-270127(+)	269789	270127	339	339	1	exon_features	1	matched_primary_from_multiple_strict	1	candidate_id_equals_transcript_id	114	49	114	10	1	1	1	no	dark_cluster_002620	evm.utg1648.32	1	evm.utg1648.32	1	1	1	no	single_copy_or_no_near_identical_dark_duplicate	7	high_priority	none	no_repeat_overlap	0	0	0.000000	NA	no_dmr_overlap	0	0	0.000000	NA	NA	de_significant	evm.TU.utg1648.32	gene_id	10	yes	4	salinity_only_wald|down|logFC=-1.198|padj=0.01998;salinity_added_wald|down|logFC=-1.657|padj=0.003302;combined_wald|down|logFC=-1.283|padj=0.01793;salinity_only_LRT|down|logFC=-1.892|padj=0.04533	0.000883422	1.89186
utg4605.equina_smart_1456009.mrna1	107	top_stress_responsive_dark_candidate	high_priority;single_copy_or_no_near_identical_dark_duplicate;DE_significant_any_contrast;stress_contrast_DE;diesel_added_DE;repeat_TE_overlap_context;no_DMR_overlap	all	yes	yes	2	2	1.4991	0.0200122	full_model_LRT|up|logFC=1.499|padj=0.02001;diesel_added_wald|up|logFC=1.175|padj=0.02311	utg4605.equina_smart_1456009.mrna1	utg4605.equina_smart_1456009.path1	31	1	no										no		no										no		no										no				no	no										no				no	no							no														yes	no	"utg4605.equina_smart_1456009.mrna1	OTHER	0.009424	0.990576	"	function_dark_no_current_annotation	function_dark_no_current_annotation	non_classifying_evidence_retained	"diamond_swissprot_hit=no | diamond_swissprot_evalue_pass=no | blastp_swissprot_hit=no | blastp_swissprot_evalue_pass=no | diamond_trembl_cnidaria_hit=no | diamond_trembl_cnidaria_evalue_pass=no | diamond_trembl_cnidaria_informative_hit=no | blastp_trembl_cnidaria_hit=no | blastp_trembl_cnidaria_evalue_pass=no | blastp_trembl_cnidaria_informative_hit=no | interpro_hit=no | eggnog_hit=no | signalp_result_present=yes | signalp_positive=no | signalp_raw=utg4605.equina_smart_1456009.mrna1	OTHER	0.009424	0.990576"	sequence_found_in_external_fasta	utg4605.equina_smart_1456009.mrna1	utg4605.equina_smart_1456009.mrna1	matched_multiple	protein_id	utg4605.equina_smart_1456009	utg4605.equina_smart_1456009.mrna1	gmap_gene_find_equina_smart_1456009	utg4605	-	utg4605:53757-54219(-)	utg4605:53757-54219(-)	53757	54219	463	utg4605:53757-54219(-)	53757	54219	463	96	2	exon_features	2	matched_primary_from_multiple_strict	1	candidate_id_equals_transcript_id	2	1	2	1	1	1	1	no	dark_cluster_001495	utg4605.equina_smart_1456009.mrna1	1	utg4605.equina_smart_1456009.mrna1	1	1	1	no	single_copy_or_no_near_identical_dark_duplicate	8	high_priority	none	repeat_overlap	2	281	0.606911	(ATTT)n 1 30:1;rnd-5_family-1377 1 266:1	no_dmr_overlap	0	0	0.000000	NA	NA	de_significant	utg4605.equina_smart_1456009.path1	gene_id	10	yes	2	diesel_added_wald|up|logFC=1.175|padj=0.02311;full_model_LRT|up|logFC=1.499|padj=0.02001	0.0200122	1.4991
utg2343.equina_smart_1608568.mrna5	106	top_stress_responsive_dark_candidate	high_priority;single_copy_or_no_near_identical_dark_duplicate;DE_significant_any_contrast;stress_contrast_DE;abs_logFC_ge_2;padj_le_0.001;repeat_TE_overlap_context;no_DMR_overlap	all	yes	no	3	3	2.20255	6.209e-07	full_model_LRT|down|logFC=-1.761|padj=6.209e-07;salinity_only_wald|up|logFC=1.919|padj=6.961e-06;salinity_only_LRT|up|logFC=2.203|padj=2.243e-05	utg2343.equina_smart_1608568.mrna5	utg2343.equina_smart_1608568.path5	41	1	no										no		no										no		no										no				no	no										no				no	no							no														yes	no	"utg2343.equina_smart_1608568.mrna5	OTHER	0.035592	0.964408	"	function_dark_no_current_annotation	function_dark_no_current_annotation	non_classifying_evidence_retained	"diamond_swissprot_hit=no | diamond_swissprot_evalue_pass=no | blastp_swissprot_hit=no | blastp_swissprot_evalue_pass=no | diamond_trembl_cnidaria_hit=no | diamond_trembl_cnidaria_evalue_pass=no | diamond_trembl_cnidaria_informative_hit=no | blastp_trembl_cnidaria_hit=no | blastp_trembl_cnidaria_evalue_pass=no | blastp_trembl_cnidaria_informative_hit=no | interpro_hit=no | eggnog_hit=no | signalp_result_present=yes | signalp_positive=no | signalp_raw=utg2343.equina_smart_1608568.mrna5	OTHER	0.035592	0.964408"	sequence_found_in_external_fasta	utg2343.equina_smart_1608568.mrna5	utg2343.equina_smart_1608568.mrna5	matched_multiple	protein_id	utg2343.equina_smart_1608568.mrna5	utg2343.equina_smart_1608568.mrna5	gmap_gene_find_equina_smart_1608568	utg2343	+	utg2343:13280-16205(+)	utg2343:13280-16205(+)	13280	16205	2926	utg2343:13280-16205(+)	13280	16205	2926	126	2	exon_features	2	matched_primary_from_multiple_strict	1	candidate_id_equals_transcript_id	2	1	2	1	1	0	0	no	dark_cluster_000277	utg2343.equina_smart_1608568.mrna5	1	utg2343.equina_smart_1608568.mrna5	1	1	1	no	single_copy_or_no_near_identical_dark_duplicate	8	high_priority	none	repeat_overlap	11	2831	0.967532	rnd-6_family-23806 35 650:1;rnd-1_family-455 26 102:1;rnd-5_family-1881 1 888:1;rnd-1_family-656 7 99:1;rnd-4_family-1614 1 234:1;rnd-1_family-809 1 158:1;rnd-4_family-1614 405 840:1;rnd-1_family-942 1 91:1;rnd-4_family-515 15 359:1;rnd-6_family-15209 1 81:1;rnd-5_family-170 992 1194:1	no_dmr_overlap	0	0	0.000000	NA	NA	de_significant	utg2343.equina_smart_1608568.path5	gene_id	10	yes	3	salinity_only_wald|up|logFC=1.919|padj=6.961e-06;salinity_only_LRT|up|logFC=2.203|padj=2.243e-05;full_model_LRT|down|logFC=-1.761|padj=6.209e-07	6.209e-07	2.20255
evm.utg536.21	106	top_stress_responsive_dark_candidate	high_priority;single_copy_or_no_near_identical_dark_duplicate;DE_significant_any_contrast;stress_contrast_DE;abs_logFC_ge_2;padj_le_0.001;repeat_TE_overlap_context;no_DMR_overlap	all	yes	no	3	3	5.45166	5.15469e-06	full_model_LRT|up|logFC=3.535|padj=5.155e-06;combined_wald|up|logFC=5.452|padj=2.952e-05;salinity_added_wald|up|logFC=5.33|padj=6.639e-05	evm.utg536.21	evm.TU.utg536.21	149	1	no										no		no										no		no										no				no	yes	tr|A7RHK4|A7RHK4_NEMVE	28.889	135	8.65e-25	95.9	149	147	0.9060	0.9184	yes	tr|A7RHK4|A7RHK4_NEMVE Uncharacterized protein (Fragment) OS=Nematostella vectensis OX=45351 GN=NEMVEDRAFT_v1g81923 PE=4 SV=1	yes	uncharacterized protein	no	no							no														yes	no	"evm.utg536.21	OTHER	0.002055	0.997945	"	function_dark_no_current_annotation	function_dark_no_current_annotation	ambiguous_or_low_confidence_evidence;non_classifying_evidence_retained	"diamond_swissprot_hit=no | diamond_swissprot_evalue_pass=no | blastp_swissprot_hit=no | blastp_swissprot_evalue_pass=no | diamond_trembl_cnidaria_hit=no | diamond_trembl_cnidaria_evalue_pass=no | diamond_trembl_cnidaria_informative_hit=no | blastp_trembl_cnidaria_hit=yes | blastp_trembl_cnidaria_subject=tr|A7RHK4|A7RHK4_NEMVE | blastp_trembl_cnidaria_pident=28.889 | blastp_trembl_cnidaria_aln_length=135 | blastp_trembl_cnidaria_evalue=8.65e-25 | blastp_trembl_cnidaria_bitscore=95.9 | blastp_trembl_cnidaria_qlen=149 | blastp_trembl_cnidaria_slen=147 | blastp_trembl_cnidaria_query_coverage=0.9060 | blastp_trembl_cnidaria_subject_coverage=0.9184 | blastp_trembl_cnidaria_evalue_pass=yes | blastp_trembl_cnidaria_description=tr|A7RHK4|A7RHK4_NEMVE Uncharacterized protein (Fragment) OS=Nematostella vectensis OX=45351 GN=NEMVEDRAFT_v1g81923 PE=4 SV=1 | blastp_trembl_cnidaria_description_is_ambiguous=yes | blastp_trembl_cnidaria_description_ambiguity_reason=uncharacterized protein | blastp_trembl_cnidaria_informative_hit=no | interpro_hit=no | eggnog_hit=no | signalp_result_present=yes | signalp_positive=no | signalp_raw=evm.utg536.21	OTHER	0.002055	0.997945"	sequence_found_in_external_fasta	evm.utg536.21	evm.utg536.21	matched_multiple	protein_id	evm.utg536.21	evm.utg536.21	cds.evm.utg536	utg536	-	utg536:172690-174476(-)	utg536:172690-174476(-)	172690	174476	1787	utg536:172690-174476(-)	172690	174476	1787	450	2	exon_features	2	matched_primary_from_multiple_strict	1	candidate_id_equals_transcript_id	204	96	204	8	1	0	0	no	dark_cluster_003051	evm.utg536.21	1	evm.utg536.21	1	1	1	no	single_copy_or_no_near_identical_dark_duplicate	8	high_priority	none	repeat_overlap	6	1115	0.623951	rnd-6_family-2671 2 141:1;rnd-1_family-204 1 238:1;rnd-5_family-4453 1209 1368:1;rnd-4_family-135 20 311:1;rnd-6_family-31979 1 84:1;rnd-1_family-44 1 250:1	no_dmr_overlap	0	0	0.000000	NA	NA	de_significant	evm.TU.utg536.21	gene_id	7	yes	3	salinity_added_wald|up|logFC=5.33|padj=6.639e-05;combined_wald|up|logFC=5.452|padj=2.952e-05;full_model_LRT|up|logFC=3.535|padj=5.155e-06	5.15469e-06	5.45166
evm.utg126.60	106	top_stress_responsive_dark_candidate	high_priority;single_copy_or_no_near_identical_dark_duplicate;DE_significant_any_contrast;stress_contrast_DE;abs_logFC_ge_1.5;padj_le_0.001;no_repeat_TE_overlap;no_DMR_overlap	all	yes	no	2	2	1.57801	5.2306e-06	salinity_only_wald|down|logFC=-1.4|padj=5.231e-06;salinity_only_LRT|down|logFC=-1.578|padj=0.0001084	evm.utg126.60	evm.TU.utg126.60	81	1	no										no		no										no		no										no				no	no										no				no	no							no														yes	no	"evm.utg126.60	OTHER	0.000322	0.999678	"	function_dark_no_current_annotation	function_dark_no_current_annotation	non_classifying_evidence_retained	"diamond_swissprot_hit=no | diamond_swissprot_evalue_pass=no | blastp_swissprot_hit=no | blastp_swissprot_evalue_pass=no | diamond_trembl_cnidaria_hit=no | diamond_trembl_cnidaria_evalue_pass=no | diamond_trembl_cnidaria_informative_hit=no | blastp_trembl_cnidaria_hit=no | blastp_trembl_cnidaria_evalue_pass=no | blastp_trembl_cnidaria_informative_hit=no | interpro_hit=no | eggnog_hit=no | signalp_result_present=yes | signalp_positive=no | signalp_raw=evm.utg126.60	OTHER	0.000322	0.999678"	sequence_found_in_external_fasta	evm.utg126.60	evm.utg126.60	matched_multiple	protein_id	evm.utg126.60	evm.utg126.60	cds.evm.utg126	utg126	+	utg126:404439-405371(+)	utg126:404439-405371(+)	404439	405371	933	utg126:404590-404835(+)	404590	404835	246	246	1	exon_features	1	matched_primary_from_multiple_strict	1	candidate_id_equals_transcript_id	411	166	411	44	1	2	4	no	dark_cluster_000097	evm.utg126.60	1	evm.utg126.60	1	1	1	no	single_copy_or_no_near_identical_dark_duplicate	7	high_priority	none	no_repeat_overlap	0	0	0.000000	NA	no_dmr_overlap	0	0	0.000000	NA	NA	de_significant	evm.TU.utg126.60	gene_id	10	yes	2	salinity_only_wald|down|logFC=-1.4|padj=5.231e-06;salinity_only_LRT|down|logFC=-1.578|padj=0.0001084	1.59149e-06	1.57801
utg276.equina_smart_896953.mrna1	106	top_stress_responsive_dark_candidate	high_priority;single_copy_or_no_near_identical_dark_duplicate;DE_significant_any_contrast;stress_contrast_DE;abs_logFC_ge_2;padj_le_0.001;repeat_TE_overlap_context;no_DMR_overlap	all	yes	no	3	3	2.23238	8.66002e-06	full_model_LRT|up|logFC=1.307|padj=8.66e-06;salinity_added_wald|up|logFC=2.232|padj=9.433e-06;combined_wald|up|logFC=1.333|padj=0.005211	utg276.equina_smart_896953.mrna1	utg276.equina_smart_896953.path1	104	1	no										no		no										no		no										no				no	no										no				no	no							no														yes	no	"utg276.equina_smart_896953.mrna1	OTHER	0.000929	0.999071	"	function_dark_no_current_annotation	function_dark_no_current_annotation	non_classifying_evidence_retained	"diamond_swissprot_hit=no | diamond_swissprot_evalue_pass=no | blastp_swissprot_hit=no | blastp_swissprot_evalue_pass=no | diamond_trembl_cnidaria_hit=no | diamond_trembl_cnidaria_evalue_pass=no | diamond_trembl_cnidaria_informative_hit=no | blastp_trembl_cnidaria_hit=no | blastp_trembl_cnidaria_evalue_pass=no | blastp_trembl_cnidaria_informative_hit=no | interpro_hit=no | eggnog_hit=no | signalp_result_present=yes | signalp_positive=no | signalp_raw=utg276.equina_smart_896953.mrna1	OTHER	0.000929	0.999071"	sequence_found_in_external_fasta	utg276.equina_smart_896953.mrna1	utg276.equina_smart_896953.mrna1	matched_multiple	protein_id	utg276.equina_smart_896953.mrna1	utg276.equina_smart_896953.mrna1	gmap_gene_find_equina_smart_896953	utg276	-	utg276:248043-249777(-)	utg276:248043-249777(-)	248043	249777	1735	utg276:248043-249777(-)	248043	249777	1735	315	3	exon_features	3	matched_primary_from_multiple_strict	1	candidate_id_equals_transcript_id	2	1	2	1	1	2	4	no	dark_cluster_002613	utg276.equina_smart_896953.mrna1	1	utg276.equina_smart_896953.mrna1	1	1	1	no	single_copy_or_no_near_identical_dark_duplicate	8	high_priority	none	repeat_overlap	1	74	0.042651	rnd-6_family-30369 97 170:1	no_dmr_overlap	0	0	0.000000	NA	NA	de_significant	utg276.equina_smart_896953.path1	gene_id	10	yes	3	salinity_added_wald|up|logFC=2.232|padj=9.433e-06;combined_wald|up|logFC=1.333|padj=0.005211;full_model_LRT|up|logFC=1.307|padj=8.66e-06	8.66002e-06	2.23238
utg203.equina_smart_1403020.mrna1	106	top_stress_responsive_dark_candidate	high_priority;single_copy_or_no_near_identical_dark_duplicate;DE_significant_any_contrast;stress_contrast_DE;abs_logFC_ge_2;padj_le_0.001;repeat_TE_overlap_context;no_DMR_overlap	all	yes	no	3	3	2.25961	3.20954e-05	salinity_only_wald|up|logFC=1.914|padj=3.21e-05;salinity_only_LRT|up|logFC=2.26|padj=5.381e-05;combined_wald|up|logFC=1.089|padj=0.01761	utg203.equina_smart_1403020.mrna1	utg203.equina_smart_1403020.path1	95	1	no										no		no										no		no										no				no	yes	tr|A0ABN8SA99|A0ABN8SA99_9CNID	37.288	59	6.60e-07	48.9	95	508	0.6211	0.1161	yes	tr|A0ABN8SA99|A0ABN8SA99_9CNID Uncharacterized protein OS=Porites evermanni OX=104178 GN=PEVE_00017364 PE=4 SV=1	yes	uncharacterized protein	no	no							no														yes	no	"utg203.equina_smart_1403020.mrna1	SP(Sec/SPI)	0.827503	0.172497	CS pos: 20-21. CSS-DV. Pr: 0.3845"	function_dark_no_current_annotation	function_dark_no_current_annotation	ambiguous_or_low_confidence_evidence;non_classifying_evidence_retained	"diamond_swissprot_hit=no | diamond_swissprot_evalue_pass=no | blastp_swissprot_hit=no | blastp_swissprot_evalue_pass=no | diamond_trembl_cnidaria_hit=no | diamond_trembl_cnidaria_evalue_pass=no | diamond_trembl_cnidaria_informative_hit=no | blastp_trembl_cnidaria_hit=yes | blastp_trembl_cnidaria_subject=tr|A0ABN8SA99|A0ABN8SA99_9CNID | blastp_trembl_cnidaria_pident=37.288 | blastp_trembl_cnidaria_aln_length=59 | blastp_trembl_cnidaria_evalue=6.60e-07 | blastp_trembl_cnidaria_bitscore=48.9 | blastp_trembl_cnidaria_qlen=95 | blastp_trembl_cnidaria_slen=508 | blastp_trembl_cnidaria_query_coverage=0.6211 | blastp_trembl_cnidaria_subject_coverage=0.1161 | blastp_trembl_cnidaria_evalue_pass=yes | blastp_trembl_cnidaria_description=tr|A0ABN8SA99|A0ABN8SA99_9CNID Uncharacterized protein OS=Porites evermanni OX=104178 GN=PEVE_00017364 PE=4 SV=1 | blastp_trembl_cnidaria_description_is_ambiguous=yes | blastp_trembl_cnidaria_description_ambiguity_reason=uncharacterized protein | blastp_trembl_cnidaria_informative_hit=no | interpro_hit=no | eggnog_hit=no | signalp_result_present=yes | signalp_positive=no | signalp_raw=utg203.equina_smart_1403020.mrna1	SP(Sec/SPI)	0.827503	0.172497	CS pos: 20-21. CSS-DV. Pr: 0.3845"	sequence_found_in_external_fasta	utg203.equina_smart_1403020.mrna1	utg203.equina_smart_1403020.mrna1	matched_multiple	protein_id	utg203.equina_smart_1403020.mrna1	utg203.equina_smart_1403020.mrna1	gmap_gene_find_equina_smart_1403020	utg203	+	utg203:1096635-1097179(+)	utg203:1096635-1097179(+)	1096635	1097179	545	utg203:1096635-1097179(+)	1096635	1097179	545	288	2	exon_features	2	matched_primary_from_multiple_strict	1	candidate_id_equals_transcript_id	2	1	2	1	1	1	1	no	dark_cluster_000567	utg203.equina_smart_1403020.mrna1	1	utg203.equina_smart_1403020.mrna1	1	1	1	no	single_copy_or_no_near_identical_dark_duplicate	8	high_priority	none	repeat_overlap	1	247	0.453211	rnd-1_family-91 148 395:1	no_dmr_overlap	0	0	0.000000	NA	NA	de_significant	utg203.equina_smart_1403020.path1	gene_id	10	yes	3	salinity_only_wald|up|logFC=1.914|padj=3.21e-05;combined_wald|up|logFC=1.089|padj=0.01761;salinity_only_LRT|up|logFC=2.26|padj=5.381e-05	4.1243e-06	2.25961
evm.utg203.71	106	top_stress_responsive_dark_candidate	high_priority;single_copy_or_no_near_identical_dark_duplicate;DE_significant_any_contrast;stress_contrast_DE;abs_logFC_ge_2;padj_le_0.001;repeat_TE_overlap_context;no_DMR_overlap	all	yes	no	3	3	3.61389	3.29717e-05	salinity_added_wald|down|logFC=-3.614|padj=3.297e-05;combined_wald|down|logFC=-2.858|padj=0.0002897;full_model_LRT|down|logFC=-2.838|padj=0.0003907	evm.utg203.71	evm.TU.utg203.71	88	1	no										no		no										no		no										no				no	no										no				no	no							no														yes	no	"evm.utg203.71	OTHER	0.001755	0.998245	"	function_dark_no_current_annotation	function_dark_no_current_annotation	non_classifying_evidence_retained	"diamond_swissprot_hit=no | diamond_swissprot_evalue_pass=no | blastp_swissprot_hit=no | blastp_swissprot_evalue_pass=no | diamond_trembl_cnidaria_hit=no | diamond_trembl_cnidaria_evalue_pass=no | diamond_trembl_cnidaria_informative_hit=no | blastp_trembl_cnidaria_hit=no | blastp_trembl_cnidaria_evalue_pass=no | blastp_trembl_cnidaria_informative_hit=no | interpro_hit=no | eggnog_hit=no | signalp_result_present=yes | signalp_positive=no | signalp_raw=evm.utg203.71	OTHER	0.001755	0.998245"	sequence_found_in_external_fasta	evm.utg203.71	evm.utg203.71	matched_multiple	protein_id	evm.utg203.71	evm.utg203.71	cds.evm.utg203	utg203	-	utg203:549553-556036(-)	utg203:549553-556036(-)	549553	556036	6484	utg203:549553-556036(-)	549553	556036	6484	267	4	exon_features	4	matched_primary_from_multiple_strict	1	candidate_id_equals_transcript_id	311	144	311	13	1	1	1	no	dark_cluster_002329	evm.utg203.71	1	evm.utg203.71	1	1	1	no	single_copy_or_no_near_identical_dark_duplicate	8	high_priority	none	repeat_overlap	23	4090	0.630783	rnd-5_family-2525 109 228:1;rnd-4_family-358 65 301:1;rnd-6_family-2196 8 58:1;rnd-1_family-179 1 145:1;rnd-6_family-1595 1381 1458:1;rnd-6_family-183 2851 2995:1;rnd-4_family-1536 2 81:1;rnd-1_family-402 13 134:1;rnd-4_family-1536 82 131:1;rnd-5_family-2131 26 138:1;rnd-1_family-78 442 609:1;rnd-6_family-7139 27 252:1;rnd-4_family-1926 1323 2797:1;rnd-6_family-6413 204 288:1;rnd-4_family-1926 867 1111:1;rnd-4_family-1926 563 872:1;(TTTATATT)n 1 96:1;(TTTTC)n 1 54:1;(TTTCTCC)n 1 46:1;rnd-1_family-525 129 237:1;(AAAT)n 1 83:1;rnd-1_family-525 3 176:1;rnd-1_family-332 1 227:1	no_dmr_overlap	0	0	0.000000	NA	NA	de_significant	evm.TU.utg203.71	gene_id	10	yes	3	salinity_added_wald|down|logFC=-3.614|padj=3.297e-05;combined_wald|down|logFC=-2.858|padj=0.0002897;full_model_LRT|down|logFC=-2.838|padj=0.0003907	3.29717e-05	3.61389
utg30548.equina_smart_1692402.mrna12	106	top_stress_responsive_dark_candidate	high_priority;single_copy_or_no_near_identical_dark_duplicate;DE_significant_any_contrast;stress_contrast_DE;abs_logFC_ge_2;padj_le_0.001;repeat_TE_overlap_context;no_DMR_overlap	all	yes	no	3	3	2.04361	0.000134895	full_model_LRT|down|logFC=-2.044|padj=0.0001349;salinity_only_wald|up|logFC=1.608|padj=0.0004216;salinity_only_LRT|up|logFC=1.997|padj=0.005259	utg30548.equina_smart_1692402.mrna12	utg30548.equina_smart_1692402.path12	45	1	no										no		no										no		no										no				no	no										no				no	no							no														yes	no	"utg30548.equina_smart_1692402.mrna12	OTHER	0.009448	0.990552	"	function_dark_no_current_annotation	function_dark_no_current_annotation	non_classifying_evidence_retained	"diamond_swissprot_hit=no | diamond_swissprot_evalue_pass=no | blastp_swissprot_hit=no | blastp_swissprot_evalue_pass=no | diamond_trembl_cnidaria_hit=no | diamond_trembl_cnidaria_evalue_pass=no | diamond_trembl_cnidaria_informative_hit=no | blastp_trembl_cnidaria_hit=no | blastp_trembl_cnidaria_evalue_pass=no | blastp_trembl_cnidaria_informative_hit=no | interpro_hit=no | eggnog_hit=no | signalp_result_present=yes | signalp_positive=no | signalp_raw=utg30548.equina_smart_1692402.mrna12	OTHER	0.009448	0.990552"	sequence_found_in_external_fasta	utg30548.equina_smart_1692402.mrna12	utg30548.equina_smart_1692402.mrna12	matched_multiple	protein_id	utg30548.equina_smart_1692402.mrna12	utg30548.equina_smart_1692402.mrna12	gmap_gene_find_equina_smart_1692402	utg30548	-	utg30548:1431-2248(-)	utg30548:1431-2248(-)	1431	2248	818	utg30548:1431-2248(-)	1431	2248	818	138	2	exon_features	2	matched_primary_from_multiple_strict	1	candidate_id_equals_transcript_id	2	1	2	1	1	0	0	no	dark_cluster_003110	utg30548.equina_smart_1692402.mrna12	1	utg30548.equina_smart_1692402.mrna12	1	1	1	no	single_copy_or_no_near_identical_dark_duplicate	8	high_priority	none	repeat_overlap	5	597	0.729829	rnd-5_family-298 1 1598:1;rnd-6_family-5407 102 234:1;rnd-1_family-703 6 52:1;rnd-1_family-58 9 194:1;rnd-4_family-1926 3209 3344:1	no_dmr_overlap	0	0	0.000000	NA	NA	de_significant	utg30548.equina_smart_1692402.path12	gene_id	10	yes	3	salinity_only_wald|up|logFC=1.608|padj=0.0004216;salinity_only_LRT|up|logFC=1.997|padj=0.005259;full_model_LRT|down|logFC=-2.044|padj=0.0001349	0.000134895	2.04361
evm.utg4172.40	106	top_stress_responsive_dark_candidate	high_priority;single_copy_or_no_near_identical_dark_duplicate;DE_significant_any_contrast;stress_contrast_DE;abs_logFC_ge_1.5;padj_le_0.001;no_repeat_TE_overlap;no_DMR_overlap	all	yes	no	2	2	1.61324	0.00016771	combined_wald|up|logFC=1.613|padj=0.0001677;salinity_added_wald|up|logFC=1.075|padj=0.01245	evm.utg4172.40	evm.TU.utg4172.40	185	1	no										no		no										no		yes	tr|A0A6P8IY38|A0A6P8IY38_ACTTE	93.0	185	5.27e-115	327	185	187	1.0000	0.9893	yes	tr|A0A6P8IY38|A0A6P8IY38_ACTTE Uncharacterized protein LOC116306129 OS=Actinia tenebrosa OX=6105 GN=LOC116306129 PE=4 SV=1	yes	uncharacterized protein	no	yes	tr|A0A6P8IY38|A0A6P8IY38_ACTTE	92.973	185	2.26e-118	335	185	187	1.0000	0.9893	yes	tr|A0A6P8IY38|A0A6P8IY38_ACTTE Uncharacterized protein LOC116306129 OS=Actinia tenebrosa OX=6105 GN=LOC116306129 PE=4 SV=1	yes	uncharacterized protein	no	no							no														yes	no	"evm.utg4172.40	OTHER	0.000342	0.999658	"	function_dark_no_current_annotation	function_dark_no_current_annotation	ambiguous_or_low_confidence_evidence;non_classifying_evidence_retained	"diamond_swissprot_hit=no | diamond_swissprot_evalue_pass=no | blastp_swissprot_hit=no | blastp_swissprot_evalue_pass=no | diamond_trembl_cnidaria_hit=yes | diamond_trembl_cnidaria_subject=tr|A0A6P8IY38|A0A6P8IY38_ACTTE | diamond_trembl_cnidaria_pident=93.0 | diamond_trembl_cnidaria_aln_length=185 | diamond_trembl_cnidaria_evalue=5.27e-115 | diamond_trembl_cnidaria_bitscore=327 | diamond_trembl_cnidaria_qlen=185 | diamond_trembl_cnidaria_slen=187 | diamond_trembl_cnidaria_query_coverage=1.0000 | diamond_trembl_cnidaria_subject_coverage=0.9893 | diamond_trembl_cnidaria_evalue_pass=yes | diamond_trembl_cnidaria_description=tr|A0A6P8IY38|A0A6P8IY38_ACTTE Uncharacterized protein LOC116306129 OS=Actinia tenebrosa OX=6105 GN=LOC116306129 PE=4 SV=1 | diamond_trembl_cnidaria_description_is_ambiguous=yes | diamond_trembl_cnidaria_description_ambiguity_reason=uncharacterized protein | diamond_trembl_cnidaria_informative_hit=no | blastp_trembl_cnidaria_hit=yes | blastp_trembl_cnidaria_subject=tr|A0A6P8IY38|A0A6P8IY38_ACTTE | blastp_trembl_cnidaria_pident=92.973 | blastp_trembl_cnidaria_aln_length=185 | blastp_trembl_cnidaria_evalue=2.26e-118 | blastp_trembl_cnidaria_bitscore=335 | blastp_trembl_cnidaria_qlen=185 | blastp_trembl_cnidaria_slen=187 | blastp_trembl_cnidaria_query_coverage=1.0000 | blastp_trembl_cnidaria_subject_coverage=0.9893 | blastp_trembl_cnidaria_evalue_pass=yes | blastp_trembl_cnidaria_description=tr|A0A6P8IY38|A0A6P8IY38_ACTTE Uncharacterized protein LOC116306129 OS=Actinia tenebrosa OX=6105 GN=LOC116306129 PE=4 SV=1 | blastp_trembl_cnidaria_description_is_ambiguous=yes | blastp_trembl_cnidaria_description_ambiguity_reason=uncharacterized protein | blastp_trembl_cnidaria_informative_hit=no | interpro_hit=no | eggnog_hit=no | signalp_result_present=yes | signalp_positive=no | signalp_raw=evm.utg4172.40	OTHER	0.000342	0.999658"	sequence_found_in_external_fasta	evm.utg4172.1	evm.utg4172.1	matched_multiple	protein_id	evm.utg4172.40	evm.utg4172.40	cds.evm.utg4172	utg4172	+	utg4172:293397-294250(+)	utg4172:293397-294250(+)	293397	294250	854	utg4172:293570-294127(+)	293570	294127	558	558	1	exon_features	1	matched_primary_from_multiple_strict	1	candidate_id_equals_transcript_id	110	47	110	9	1	1	1	no	dark_cluster_000144	evm.utg4172.40	1	evm.utg4172.40	1	1	1	no	single_copy_or_no_near_identical_dark_duplicate	7	high_priority	none	no_repeat_overlap	0	0	0.000000	NA	no_dmr_overlap	0	0	0.000000	NA	NA	de_significant	evm.TU.utg4172.40	gene_id	10	yes	2	salinity_added_wald|up|logFC=1.075|padj=0.01245;combined_wald|up|logFC=1.613|padj=0.0001677	0.00016771	1.61324
evm.utg1683.50	106	top_stress_responsive_dark_candidate	high_priority;single_copy_or_no_near_identical_dark_duplicate;DE_significant_any_contrast;stress_contrast_DE;abs_logFC_ge_2;padj_le_0.001;repeat_TE_overlap_context;no_DMR_overlap	all	yes	no	3	3	3.57041	0.000190015	full_model_LRT|up|logFC=2.768|padj=0.00019;salinity_added_wald|up|logFC=3.57|padj=0.0004031;combined_wald|up|logFC=2.017|padj=0.00634	evm.utg1683.50	evm.TU.utg1683.50	109	1	no										no		no										no		no										no				no	yes	tr|A0ABN8P9E6|A0ABN8P9E6_9CNID	57.143	98	3.38e-14	66.6	109	135	0.8991	0.7259	yes	tr|A0ABN8P9E6|A0ABN8P9E6_9CNID Uncharacterized protein (Fragment) OS=Porites lobata OX=104759 GN=PLOB_00040160 PE=4 SV=1	yes	uncharacterized protein	no	no							no														yes	no	"evm.utg1683.50	OTHER	0.002668	0.997332	"	function_dark_no_current_annotation	function_dark_no_current_annotation	ambiguous_or_low_confidence_evidence;non_classifying_evidence_retained	"diamond_swissprot_hit=no | diamond_swissprot_evalue_pass=no | blastp_swissprot_hit=no | blastp_swissprot_evalue_pass=no | diamond_trembl_cnidaria_hit=no | diamond_trembl_cnidaria_evalue_pass=no | diamond_trembl_cnidaria_informative_hit=no | blastp_trembl_cnidaria_hit=yes | blastp_trembl_cnidaria_subject=tr|A0ABN8P9E6|A0ABN8P9E6_9CNID | blastp_trembl_cnidaria_pident=57.143 | blastp_trembl_cnidaria_aln_length=98 | blastp_trembl_cnidaria_evalue=3.38e-14 | blastp_trembl_cnidaria_bitscore=66.6 | blastp_trembl_cnidaria_qlen=109 | blastp_trembl_cnidaria_slen=135 | blastp_trembl_cnidaria_query_coverage=0.8991 | blastp_trembl_cnidaria_subject_coverage=0.7259 | blastp_trembl_cnidaria_evalue_pass=yes | blastp_trembl_cnidaria_description=tr|A0ABN8P9E6|A0ABN8P9E6_9CNID Uncharacterized protein (Fragment) OS=Porites lobata OX=104759 GN=PLOB_00040160 PE=4 SV=1 | blastp_trembl_cnidaria_description_is_ambiguous=yes | blastp_trembl_cnidaria_description_ambiguity_reason=uncharacterized protein | blastp_trembl_cnidaria_informative_hit=no | interpro_hit=no | eggnog_hit=no | signalp_result_present=yes | signalp_positive=no | signalp_raw=evm.utg1683.50	OTHER	0.002668	0.997332"	sequence_found_in_external_fasta	evm.utg1683.50	evm.utg1683.50	matched_multiple	protein_id	evm.utg1683	evm.utg1683.50	cds.evm.utg1683	utg1683	+	utg1683:354929-355258(+)	utg1683:354929-355258(+)	354929	355258	330	utg1683:354929-355258(+)	354929	355258	330	330	1	exon_features	1	matched_primary_from_multiple_strict	1	candidate_id_equals_transcript_id	183	69	183	25	1	0	0	no	dark_cluster_000527	evm.utg1683.50	1	evm.utg1683.50	1	1	1	no	single_copy_or_no_near_identical_dark_duplicate	7	high_priority	none	repeat_overlap	1	304	0.921212	(GATG)n 1 286:1	no_dmr_overlap	0	0	0.000000	NA	NA	de_significant	evm.TU.utg1683.50	gene_id	4	yes	3	salinity_added_wald|up|logFC=3.57|padj=0.0004031;combined_wald|up|logFC=2.017|padj=0.00634;full_model_LRT|up|logFC=2.768|padj=0.00019	0.000190015	3.57041
utg30548.equina_smart_1479749.mrna3	106	top_stress_responsive_dark_candidate	high_priority;single_copy_or_no_near_identical_dark_duplicate;DE_significant_any_contrast;stress_contrast_DE;abs_logFC_ge_2;padj_le_0.001;repeat_TE_overlap_context;no_DMR_overlap	all	yes	no	3	3	2.02355	0.000222794	full_model_LRT|down|logFC=-1.356|padj=0.0002228;salinity_only_wald|up|logFC=1.652|padj=0.0002697;salinity_only_LRT|up|logFC=2.024|padj=0.0006492	utg30548.equina_smart_1479749.mrna3	utg30548.equina_smart_1479749.path3	121	1	no										no		no										no		no										no				no	no										no				no	no							no														yes	no	"utg30548.equina_smart_1479749.mrna3	OTHER	0.004483	0.995517	"	function_dark_no_current_annotation	function_dark_no_current_annotation	non_classifying_evidence_retained	"diamond_swissprot_hit=no | diamond_swissprot_evalue_pass=no | blastp_swissprot_hit=no | blastp_swissprot_evalue_pass=no | diamond_trembl_cnidaria_hit=no | diamond_trembl_cnidaria_evalue_pass=no | diamond_trembl_cnidaria_informative_hit=no | blastp_trembl_cnidaria_hit=no | blastp_trembl_cnidaria_evalue_pass=no | blastp_trembl_cnidaria_informative_hit=no | interpro_hit=no | eggnog_hit=no | signalp_result_present=yes | signalp_positive=no | signalp_raw=utg30548.equina_smart_1479749.mrna3	OTHER	0.004483	0.995517"	sequence_found_in_external_fasta	utg30548.equina_smart_1479749.mrna3	utg30548.equina_smart_1479749.mrna3	matched_multiple	protein_id	utg30548.equina_smart_1479749.mrna3	utg30548.equina_smart_1479749.mrna3	gmap_gene_find_equina_smart_1479749	utg30548	-	utg30548:8036-9590(-)	utg30548:8036-9590(-)	8036	9590	1555	utg30548:8036-9590(-)	8036	9590	1555	366	2	exon_features	2	matched_primary_from_multiple_strict	1	candidate_id_equals_transcript_id	2	1	2	1	1	0	0	no	dark_cluster_003365	utg30548.equina_smart_1479749.mrna3	1	utg30548.equina_smart_1479749.mrna3	1	1	1	no	single_copy_or_no_near_identical_dark_duplicate	8	high_priority	none	repeat_overlap	7	632	0.406431	rnd-5_family-1446 188 350:1;rnd-1_family-65 252 351:1;rnd-6_family-20838 2006 2132:1;rnd-1_family-668 12 84:1;rnd-1_family-697 135 275:1;rnd-6_family-6201 79 164:1;rnd-6_family-9317 129 234:1	no_dmr_overlap	0	0	0.000000	NA	NA	de_significant	utg30548.equina_smart_1479749.path3	gene_id	10	yes	3	salinity_only_wald|up|logFC=1.652|padj=0.0002697;salinity_only_LRT|up|logFC=2.024|padj=0.0006492;full_model_LRT|down|logFC=-1.356|padj=0.0002228	0.000222794	2.02355
evm.utg19356.7	106	top_stress_responsive_dark_candidate	high_priority;single_copy_or_no_near_identical_dark_duplicate;DE_significant_any_contrast;stress_contrast_DE;abs_logFC_ge_2;padj_le_0.001;repeat_TE_overlap_context;no_DMR_overlap	all	yes	no	3	3	2.95569	0.000246221	combined_wald|down|logFC=-2.956|padj=0.0002462;salinity_added_wald|down|logFC=-2.092|padj=0.003612;full_model_LRT|down|logFC=-1.693|padj=0.004451	evm.utg19356.7	evm.TU.utg19356.7	69	1	no										no		no										no		no										no				no	no										no				no	no							no														yes	no	"evm.utg19356.7	OTHER	0.003246	0.996754	"	function_dark_no_current_annotation	function_dark_no_current_annotation	non_classifying_evidence_retained	"diamond_swissprot_hit=no | diamond_swissprot_evalue_pass=no | blastp_swissprot_hit=no | blastp_swissprot_evalue_pass=no | diamond_trembl_cnidaria_hit=no | diamond_trembl_cnidaria_evalue_pass=no | diamond_trembl_cnidaria_informative_hit=no | blastp_trembl_cnidaria_hit=no | blastp_trembl_cnidaria_evalue_pass=no | blastp_trembl_cnidaria_informative_hit=no | interpro_hit=no | eggnog_hit=no | signalp_result_present=yes | signalp_positive=no | signalp_raw=evm.utg19356.7	OTHER	0.003246	0.996754"	sequence_found_in_external_fasta	evm.utg19356.1	evm.utg19356.1	matched_multiple	protein_id	evm.utg19356.7	evm.utg19356.7	cds.evm.utg19356	utg19356	-	utg19356:32637-33751(-)	utg19356:32637-33751(-)	32637	33751	1115	utg19356:32637-33751(-)	32637	33751	1115	210	2	exon_features	2	matched_primary_from_multiple_strict	1	candidate_id_equals_transcript_id	28	14	28	1	1	0	0	no	dark_cluster_001442	evm.utg19356.7	1	evm.utg19356.7	1	1	1	no	single_copy_or_no_near_identical_dark_duplicate	8	high_priority	none	repeat_overlap	4	365	0.327354	rnd-1_family-30 17 64:1;A-rich 1 66:1;rnd-4_family-464 207 376:1;rnd-1_family-765 237 336:1	no_dmr_overlap	0	0	0.000000	NA	NA	de_significant	evm.TU.utg19356.7	gene_id	10	yes	3	salinity_added_wald|down|logFC=-2.092|padj=0.003612;combined_wald|down|logFC=-2.956|padj=0.0002462;full_model_LRT|down|logFC=-1.693|padj=0.004451	0.000246221	2.95569
utg420.equina_smart_458796.mrna1	106	top_stress_responsive_dark_candidate	high_priority;single_copy_or_no_near_identical_dark_duplicate;DE_significant_any_contrast;stress_contrast_DE;abs_logFC_ge_2;padj_le_0.001;repeat_TE_overlap_context;no_DMR_overlap	all	yes	no	3	3	3.9281	0.00031162	full_model_LRT|down|logFC=-2.448|padj=0.0003116;salinity_only_LRT|up|logFC=3.928|padj=0.0005452;salinity_only_wald|up|logFC=2.444|padj=0.00112	utg420.equina_smart_458796.mrna1	utg420.equina_smart_458796.path1	51	1	no										no		no										no		no										no				no	no										no				no	no							no														yes	no	"utg420.equina_smart_458796.mrna1	OTHER	0.004781	0.995219	"	function_dark_no_current_annotation	function_dark_no_current_annotation	non_classifying_evidence_retained	"diamond_swissprot_hit=no | diamond_swissprot_evalue_pass=no | blastp_swissprot_hit=no | blastp_swissprot_evalue_pass=no | diamond_trembl_cnidaria_hit=no | diamond_trembl_cnidaria_evalue_pass=no | diamond_trembl_cnidaria_informative_hit=no | blastp_trembl_cnidaria_hit=no | blastp_trembl_cnidaria_evalue_pass=no | blastp_trembl_cnidaria_informative_hit=no | interpro_hit=no | eggnog_hit=no | signalp_result_present=yes | signalp_positive=no | signalp_raw=utg420.equina_smart_458796.mrna1	OTHER	0.004781	0.995219"	sequence_found_in_external_fasta	utg420.equina_smart_458796.mrna1	utg420.equina_smart_458796.mrna1	matched_multiple	protein_id	utg420.equina_smart_458796.mrna1	utg420.equina_smart_458796.mrna1	gmap_gene_find_equina_smart_458796	utg420	-	utg420:1177292-1192462(-)	utg420:1177292-1192462(-)	1177292	1192462	15171	utg420:1177292-1192462(-)	1177292	1192462	15171	156	3	exon_features	3	matched_primary_from_multiple_strict	1	candidate_id_equals_transcript_id	2	1	2	1	1	0	0	no	dark_cluster_003173	utg420.equina_smart_458796.mrna1	1	utg420.equina_smart_458796.mrna1	1	1	1	no	single_copy_or_no_near_identical_dark_duplicate	8	high_priority	none	repeat_overlap	31	4091	0.269659	rnd-4_family-389 13 289:1;(ATTT)n 1 47:1;rnd-6_family-7276 22 158:1;rnd-6_family-1000 1 270:1;rnd-6_family-1000 1 428:1;rnd-1_family-57 8 150:1;(TAGTCACTG)n 1 39:1;(AT)n 1 18:1;rnd-1_family-116 1 310:1;rnd-5_family-691 1 346:1;rnd-1_family-1115 3 124:1;rnd-1_family-1099 3 179:1;(TAA)n 1 66:1;rnd-1_family-1099 1 48:1;rnd-5_family-5604 1 45:1;rnd-1_family-583 1 48:1;rnd-1_family-977 1 181:1;rnd-5_family-4763 1 39:1;rnd-1_family-977 1 98:1;rnd-1_family-583 3 469:1;rnd-5_family-5604 40 87:1;rnd-5_family-5585 189 254:1;rnd-1_family-974 4 82:1;(ATA)n 1 24:1;rnd-4_family-700 1 276:1;rnd-1_family-95 268 318:1;rnd-1_family-95 1 85:1;rnd-1_family-974 4 83:1;A-rich 1 28:1;rnd-1_family-150 110 287:1;rnd-6_family-2497 3104 3189:1	no_dmr_overlap	0	0	0.000000	NA	NA	de_significant	utg420.equina_smart_458796.path1	gene_id	5	yes	3	salinity_only_wald|up|logFC=2.444|padj=0.00112;salinity_only_LRT|up|logFC=3.928|padj=0.0005452;full_model_LRT|down|logFC=-2.448|padj=0.0003116	0.00031162	3.9281
evm.utg564.64	106	top_stress_responsive_dark_candidate	high_priority;single_copy_or_no_near_identical_dark_duplicate;DE_significant_any_contrast;stress_contrast_DE;abs_logFC_ge_1.5;padj_le_0.001;no_repeat_TE_overlap;no_DMR_overlap	all	yes	no	2	2	1.986	0.000395136	combined_wald|down|logFC=-1.986|padj=0.0003951;salinity_added_wald|down|logFC=-1.63|padj=0.002859	evm.utg564.64	evm.TU.utg564.64	215	1	no										no		no										no		no										no				no	no										no				no	no							no														yes	no	"evm.utg564.64	OTHER	0.042316	0.957684	"	function_dark_no_current_annotation	function_dark_no_current_annotation	non_classifying_evidence_retained	"diamond_swissprot_hit=no | diamond_swissprot_evalue_pass=no | blastp_swissprot_hit=no | blastp_swissprot_evalue_pass=no | diamond_trembl_cnidaria_hit=no | diamond_trembl_cnidaria_evalue_pass=no | diamond_trembl_cnidaria_informative_hit=no | blastp_trembl_cnidaria_hit=no | blastp_trembl_cnidaria_evalue_pass=no | blastp_trembl_cnidaria_informative_hit=no | interpro_hit=no | eggnog_hit=no | signalp_result_present=yes | signalp_positive=no | signalp_raw=evm.utg564.64	OTHER	0.042316	0.957684"	sequence_found_in_external_fasta	evm.utg564.64	evm.utg564.64	matched_multiple	protein_id	evm.utg564	evm.utg564.64	cds.evm.utg564	utg564	-	utg564:525136-525783(-)	utg564:525136-525783(-)	525136	525783	648	utg564:525136-525783(-)	525136	525783	648	648	1	exon_features	1	matched_primary_from_multiple_strict	1	candidate_id_equals_transcript_id	215	96	215	14	1	1	1	no	dark_cluster_000729	evm.utg564.64	1	evm.utg564.64	1	1	1	no	single_copy_or_no_near_identical_dark_duplicate	7	high_priority	none	no_repeat_overlap	0	0	0.000000	NA	no_dmr_overlap	0	0	0.000000	NA	NA	de_significant	evm.TU.utg564.64	gene_id	10	yes	2	salinity_added_wald|down|logFC=-1.63|padj=0.002859;combined_wald|down|logFC=-1.986|padj=0.0003951	0.000395136	1.986
utg302.equina_smart_1054774.mrna1	106	top_stress_responsive_dark_candidate	high_priority;single_copy_or_no_near_identical_dark_duplicate;DE_significant_any_contrast;stress_contrast_DE;abs_logFC_ge_2;padj_le_0.001;repeat_TE_overlap_context;no_DMR_overlap	all	yes	no	3	3	2.20087	0.000504478	salinity_only_wald|down|logFC=-1.723|padj=0.0005045;salinity_only_LRT|down|logFC=-2.201|padj=0.001081;combined_wald|down|logFC=-1.395|padj=0.004893	utg302.equina_smart_1054774.mrna1	utg302.equina_smart_1054774.path1	78	1	no										no		no										no		no										no				no	no										no				no	no							no														yes	no	"utg302.equina_smart_1054774.mrna1	OTHER	0.000980	0.999020	"	function_dark_no_current_annotation	function_dark_no_current_annotation	non_classifying_evidence_retained	"diamond_swissprot_hit=no | diamond_swissprot_evalue_pass=no | blastp_swissprot_hit=no | blastp_swissprot_evalue_pass=no | diamond_trembl_cnidaria_hit=no | diamond_trembl_cnidaria_evalue_pass=no | diamond_trembl_cnidaria_informative_hit=no | blastp_trembl_cnidaria_hit=no | blastp_trembl_cnidaria_evalue_pass=no | blastp_trembl_cnidaria_informative_hit=no | interpro_hit=no | eggnog_hit=no | signalp_result_present=yes | signalp_positive=no | signalp_raw=utg302.equina_smart_1054774.mrna1	OTHER	0.000980	0.999020"	sequence_found_in_external_fasta	utg302.equina_smart_1054774.mrna1	utg302.equina_smart_1054774.mrna1	matched_multiple	protein_id	utg302.equina_smart_1054774.mrna1	utg302.equina_smart_1054774.mrna1	gmap_gene_find_equina_smart_1054774	utg302	+	utg302:39726-40226(+)	utg302:39726-40226(+)	39726	40226	501	utg302:39726-40226(+)	39726	40226	501	237	2	exon_features	2	matched_primary_from_multiple_strict	1	candidate_id_equals_transcript_id	2	1	2	1	1	3	3	yes	dark_cluster_001555	utg302.equina_smart_1054774.mrna1	1	utg302.equina_smart_1054774.mrna1	1	1	1	yes	single_copy_or_no_near_identical_dark_duplicate	5	high_priority	candidate_on_BUSCO_duplication_rich_scaffold	repeat_overlap	5	260	0.518962	rnd-1_family-169 8 112:1;(ATATT)n 1 30:1;rnd-4_family-803 2 131:1;rnd-6_family-14099 229 332:1;rnd-6_family-13419 7 56:1	no_dmr_overlap	0	0	0.000000	NA	NA	de_significant	utg302.equina_smart_1054774.path1	gene_id	10	yes	3	salinity_only_wald|down|logFC=-1.723|padj=0.0005045;combined_wald|down|logFC=-1.395|padj=0.004893;salinity_only_LRT|down|logFC=-2.201|padj=0.001081	0.000477188	2.20087
utg6379.equina_smart_1460804.mrna1	106	top_stress_responsive_dark_candidate	high_priority;single_copy_or_no_near_identical_dark_duplicate;DE_significant_any_contrast;stress_contrast_DE;abs_logFC_ge_2;padj_le_0.001;repeat_TE_overlap_context;no_DMR_overlap	all	yes	no	3	3	2.52719	0.000594731	full_model_LRT|down|logFC=-2.527|padj=0.0005947;salinity_only_wald|up|logFC=1.61|padj=0.0006017;salinity_only_LRT|up|logFC=2.025|padj=0.0008082	utg6379.equina_smart_1460804.mrna1	utg6379.equina_smart_1460804.path1	40	1	no										no		no										no		no										no				no	no										no				no	no							no														yes	no	"utg6379.equina_smart_1460804.mrna1	SP(Sec/SPI)	0.516379	0.483621	CS pos: 25-26. LWC-AL. Pr: 0.4229"	function_dark_no_current_annotation	function_dark_no_current_annotation	non_classifying_evidence_retained	"diamond_swissprot_hit=no | diamond_swissprot_evalue_pass=no | blastp_swissprot_hit=no | blastp_swissprot_evalue_pass=no | diamond_trembl_cnidaria_hit=no | diamond_trembl_cnidaria_evalue_pass=no | diamond_trembl_cnidaria_informative_hit=no | blastp_trembl_cnidaria_hit=no | blastp_trembl_cnidaria_evalue_pass=no | blastp_trembl_cnidaria_informative_hit=no | interpro_hit=no | eggnog_hit=no | signalp_result_present=yes | signalp_positive=no | signalp_raw=utg6379.equina_smart_1460804.mrna1	SP(Sec/SPI)	0.516379	0.483621	CS pos: 25-26. LWC-AL. Pr: 0.4229"	sequence_found_in_external_fasta	utg6379.equina_smart_1460804.mrna1	utg6379.equina_smart_1460804.mrna1	matched_multiple	protein_id	utg6379.equina_smart_1460804.mrna1	utg6379.equina_smart_1460804.mrna1	gmap_gene_find_equina_smart_1460804	utg6379	-	utg6379:245603-247697(-)	utg6379:245603-247697(-)	245603	247697	2095	utg6379:245603-247697(-)	245603	247697	2095	123	2	exon_features	2	matched_primary_from_multiple_strict	1	candidate_id_equals_transcript_id	2	1	2	1	1	1	1	no	dark_cluster_002878	utg6379.equina_smart_1460804.mrna1	1	utg6379.equina_smart_1460804.mrna1	1	1	1	no	single_copy_or_no_near_identical_dark_duplicate	8	high_priority	none	repeat_overlap	9	1851	0.883532	rnd-4_family-698 1 217:1;rnd-4_family-901 8 420:1;rnd-1_family-84 238 409:1;rnd-6_family-14028 102 851:1;rnd-1_family-22 3 142:1;rnd-1_family-15 3 207:1;rnd-5_family-1895 248 333:1;rnd-6_family-14028 838 1100:1;rnd-6_family-14028 557 851:1	no_dmr_overlap	0	0	0.000000	NA	NA	de_significant	utg6379.equina_smart_1460804.path1	gene_id	10	yes	3	salinity_only_wald|up|logFC=1.61|padj=0.0006017;salinity_only_LRT|up|logFC=2.025|padj=0.0008082;full_model_LRT|down|logFC=-2.527|padj=0.0005947	0.000594731	2.52719
evm.utg2024.17	106	top_stress_responsive_dark_candidate	high_priority;single_copy_or_no_near_identical_dark_duplicate;DE_significant_any_contrast;stress_contrast_DE;abs_logFC_ge_2;padj_le_0.01;no_repeat_TE_overlap;no_DMR_overlap	all	yes	no	2	2	2.02541	0.00274935	salinity_only_wald|down|logFC=-1.486|padj=0.002749;salinity_only_LRT|down|logFC=-2.025|padj=0.01029	evm.utg2024.17	evm.TU.utg2024.17	262	1	no										no		no										no		yes	tr|A0A6P8J3M4|A0A6P8J3M4_ACTTE	75.8	248	2.54e-126	361	262	247	0.9466	1.0040	yes	tr|A0A6P8J3M4|A0A6P8J3M4_ACTTE Uncharacterized protein LOC116308345 OS=Actinia tenebrosa OX=6105 GN=LOC116308345 PE=4 SV=1	yes	uncharacterized protein	no	yes	tr|A0A6P8J3M4|A0A6P8J3M4_ACTTE	75.806	248	1.45e-133	380	262	247	0.9466	1.0040	yes	tr|A0A6P8J3M4|A0A6P8J3M4_ACTTE Uncharacterized protein LOC116308345 OS=Actinia tenebrosa OX=6105 GN=LOC116308345 PE=4 SV=1	yes	uncharacterized protein	no	no							no														yes	no	"evm.utg2024.17	OTHER	0.000597	0.999403	"	function_dark_no_current_annotation	function_dark_no_current_annotation	ambiguous_or_low_confidence_evidence;non_classifying_evidence_retained	"diamond_swissprot_hit=no | diamond_swissprot_evalue_pass=no | blastp_swissprot_hit=no | blastp_swissprot_evalue_pass=no | diamond_trembl_cnidaria_hit=yes | diamond_trembl_cnidaria_subject=tr|A0A6P8J3M4|A0A6P8J3M4_ACTTE | diamond_trembl_cnidaria_pident=75.8 | diamond_trembl_cnidaria_aln_length=248 | diamond_trembl_cnidaria_evalue=2.54e-126 | diamond_trembl_cnidaria_bitscore=361 | diamond_trembl_cnidaria_qlen=262 | diamond_trembl_cnidaria_slen=247 | diamond_trembl_cnidaria_query_coverage=0.9466 | diamond_trembl_cnidaria_subject_coverage=1.0040 | diamond_trembl_cnidaria_evalue_pass=yes | diamond_trembl_cnidaria_description=tr|A0A6P8J3M4|A0A6P8J3M4_ACTTE Uncharacterized protein LOC116308345 OS=Actinia tenebrosa OX=6105 GN=LOC116308345 PE=4 SV=1 | diamond_trembl_cnidaria_description_is_ambiguous=yes | diamond_trembl_cnidaria_description_ambiguity_reason=uncharacterized protein | diamond_trembl_cnidaria_informative_hit=no | blastp_trembl_cnidaria_hit=yes | blastp_trembl_cnidaria_subject=tr|A0A6P8J3M4|A0A6P8J3M4_ACTTE | blastp_trembl_cnidaria_pident=75.806 | blastp_trembl_cnidaria_aln_length=248 | blastp_trembl_cnidaria_evalue=1.45e-133 | blastp_trembl_cnidaria_bitscore=380 | blastp_trembl_cnidaria_qlen=262 | blastp_trembl_cnidaria_slen=247 | blastp_trembl_cnidaria_query_coverage=0.9466 | blastp_trembl_cnidaria_subject_coverage=1.0040 | blastp_trembl_cnidaria_evalue_pass=yes | blastp_trembl_cnidaria_description=tr|A0A6P8J3M4|A0A6P8J3M4_ACTTE Uncharacterized protein LOC116308345 OS=Actinia tenebrosa OX=6105 GN=LOC116308345 PE=4 SV=1 | blastp_trembl_cnidaria_description_is_ambiguous=yes | blastp_trembl_cnidaria_description_ambiguity_reason=uncharacterized protein | blastp_trembl_cnidaria_informative_hit=no | interpro_hit=no | eggnog_hit=no | signalp_result_present=yes | signalp_positive=no | signalp_raw=evm.utg2024.17	OTHER	0.000597	0.999403"	sequence_found_in_external_fasta	evm.utg2024.17	evm.utg2024.17	matched_multiple	protein_id	evm.utg2024	evm.utg2024.17	cds.evm.utg2024	utg2024	+	utg2024:361769-362857(+)	utg2024:361769-362857(+)	361769	362857	1089	utg2024:361812-362600(+)	361812	362600	789	789	1	exon_features	1	matched_primary_from_multiple_strict	1	candidate_id_equals_transcript_id	64	31	64	2	1	0	0	no	dark_cluster_000216	evm.utg2024.17	1	evm.utg2024.17	1	1	1	no	single_copy_or_no_near_identical_dark_duplicate	7	high_priority	none	no_repeat_overlap	0	0	0.000000	NA	no_dmr_overlap	0	0	0.000000	NA	NA	de_significant	evm.TU.utg2024.17	gene_id	10	yes	2	salinity_only_wald|down|logFC=-1.486|padj=0.002749;salinity_only_LRT|down|logFC=-2.025|padj=0.01029	0.00274935	2.02541
evm.utg580.28	106	top_stress_responsive_dark_candidate	high_priority;single_copy_or_no_near_identical_dark_duplicate;DE_significant_any_contrast;stress_contrast_DE;abs_logFC_ge_2;padj_le_0.01;no_repeat_TE_overlap;no_DMR_overlap	all	yes	no	2	2	4.83159	0.00306929	salinity_added_wald|up|logFC=2.531|padj=0.003069;full_model_LRT|up|logFC=4.832|padj=0.006582	evm.utg580.28	evm.TU.utg580.28	66	1	no										no		no										no		no										no				no	no										no				no	no							no														yes	no	"evm.utg580.28	OTHER	0.000860	0.999140	"	function_dark_no_current_annotation	function_dark_no_current_annotation	non_classifying_evidence_retained	"diamond_swissprot_hit=no | diamond_swissprot_evalue_pass=no | blastp_swissprot_hit=no | blastp_swissprot_evalue_pass=no | diamond_trembl_cnidaria_hit=no | diamond_trembl_cnidaria_evalue_pass=no | diamond_trembl_cnidaria_informative_hit=no | blastp_trembl_cnidaria_hit=no | blastp_trembl_cnidaria_evalue_pass=no | blastp_trembl_cnidaria_informative_hit=no | interpro_hit=no | eggnog_hit=no | signalp_result_present=yes | signalp_positive=no | signalp_raw=evm.utg580.28	OTHER	0.000860	0.999140"	sequence_found_in_external_fasta	evm.utg580.28	evm.utg580.28	matched_multiple	protein_id	evm.utg580.28	evm.utg580.28	cds.evm.utg580	utg580	-	utg580:227425-227625(-)	utg580:227425-227625(-)	227425	227625	201	utg580:227425-227625(-)	227425	227625	201	201	1	exon_features	1	matched_primary_from_multiple_strict	1	candidate_id_equals_transcript_id	205	82	205	22	1	1	1	no	dark_cluster_000457	evm.utg580.28	1	evm.utg580.28	1	1	1	no	single_copy_or_no_near_identical_dark_duplicate	7	high_priority	none	no_repeat_overlap	0	0	0.000000	NA	no_dmr_overlap	0	0	0.000000	NA	NA	de_significant	evm.TU.utg580.28	gene_id	4	yes	2	salinity_added_wald|up|logFC=2.531|padj=0.003069;full_model_LRT|up|logFC=4.832|padj=0.006582	0.00306929	4.83159
evm.utg707.6	106	top_stress_responsive_dark_candidate	high_priority;single_copy_or_no_near_identical_dark_duplicate;DE_significant_any_contrast;stress_contrast_DE;abs_logFC_ge_2;padj_le_0.01;no_repeat_TE_overlap;no_DMR_overlap	all	yes	no	2	2	2.32177	0.00419902	salinity_only_LRT|down|logFC=-2.322|padj=0.004199;salinity_only_wald|down|logFC=-1.306|padj=0.02149	evm.utg707.6	evm.TU.utg707.6	102	1	no										no		no										no		yes	tr|A0A6P8HSB7|A0A6P8HSB7_ACTTE	38.8	103	7.68e-19	80.5	102	223	1.0098	0.4619	yes	tr|A0A6P8HSB7|A0A6P8HSB7_ACTTE Uncharacterized protein LOC116294573 isoform X2 OS=Actinia tenebrosa OX=6105 GN=LOC116294573 PE=4 SV=1	yes	uncharacterized protein	no	yes	tr|A0A913Y5H7|A0A913Y5H7_EXADI	49.474	95	5.58e-20	84.3	102	268	0.9314	0.3545	yes	tr|A0A913Y5H7|A0A913Y5H7_EXADI Uncharacterized protein OS=Exaiptasia diaphana OX=2652724 PE=4 SV=1	yes	uncharacterized protein	no	no							no														yes	no	"evm.utg707.6	OTHER	0.000311	0.999689	"	function_dark_no_current_annotation	function_dark_no_current_annotation	ambiguous_or_low_confidence_evidence;non_classifying_evidence_retained	"diamond_swissprot_hit=no | diamond_swissprot_evalue_pass=no | blastp_swissprot_hit=no | blastp_swissprot_evalue_pass=no | diamond_trembl_cnidaria_hit=yes | diamond_trembl_cnidaria_subject=tr|A0A6P8HSB7|A0A6P8HSB7_ACTTE | diamond_trembl_cnidaria_pident=38.8 | diamond_trembl_cnidaria_aln_length=103 | diamond_trembl_cnidaria_evalue=7.68e-19 | diamond_trembl_cnidaria_bitscore=80.5 | diamond_trembl_cnidaria_qlen=102 | diamond_trembl_cnidaria_slen=223 | diamond_trembl_cnidaria_query_coverage=1.0098 | diamond_trembl_cnidaria_subject_coverage=0.4619 | diamond_trembl_cnidaria_evalue_pass=yes | diamond_trembl_cnidaria_description=tr|A0A6P8HSB7|A0A6P8HSB7_ACTTE Uncharacterized protein LOC116294573 isoform X2 OS=Actinia tenebrosa OX=6105 GN=LOC116294573 PE=4 SV=1 | diamond_trembl_cnidaria_description_is_ambiguous=yes | diamond_trembl_cnidaria_description_ambiguity_reason=uncharacterized protein | diamond_trembl_cnidaria_informative_hit=no | blastp_trembl_cnidaria_hit=yes | blastp_trembl_cnidaria_subject=tr|A0A913Y5H7|A0A913Y5H7_EXADI | blastp_trembl_cnidaria_pident=49.474 | blastp_trembl_cnidaria_aln_length=95 | blastp_trembl_cnidaria_evalue=5.58e-20 | blastp_trembl_cnidaria_bitscore=84.3 | blastp_trembl_cnidaria_qlen=102 | blastp_trembl_cnidaria_slen=268 | blastp_trembl_cnidaria_query_coverage=0.9314 | blastp_trembl_cnidaria_subject_coverage=0.3545 | blastp_trembl_cnidaria_evalue_pass=yes | blastp_trembl_cnidaria_description=tr|A0A913Y5H7|A0A913Y5H7_EXADI Uncharacterized protein OS=Exaiptasia diaphana OX=2652724 PE=4 SV=1 | blastp_trembl_cnidaria_description_is_ambiguous=yes | blastp_trembl_cnidaria_description_ambiguity_reason=uncharacterized protein | blastp_trembl_cnidaria_informative_hit=no | interpro_hit=no | eggnog_hit=no | signalp_result_present=yes | signalp_positive=no | signalp_raw=evm.utg707.6	OTHER	0.000311	0.999689"	sequence_found_in_external_fasta	evm.utg707.6	evm.utg707.6	matched_multiple	protein_id	evm.utg707	evm.utg707.6	cds.evm.utg707	utg707	-	utg707:32379-32959(-)	utg707:32379-32959(-)	32379	32959	581	utg707:32379-32959(-)	32379	32959	581	309	2	exon_features	2	matched_primary_from_multiple_strict	1	candidate_id_equals_transcript_id	28	14	28	1	1	0	0	no	dark_cluster_001308	evm.utg707.6	1	evm.utg707.6	1	1	1	no	single_copy_or_no_near_identical_dark_duplicate	8	high_priority	none	no_repeat_overlap	0	0	0.000000	NA	no_dmr_overlap	0	0	0.000000	NA	NA	de_significant	evm.TU.utg707.6	gene_id	10	yes	2	salinity_only_wald|down|logFC=-1.306|padj=0.02149;salinity_only_LRT|down|logFC=-2.322|padj=0.004199	0.00419902	2.32177
utg379.equina_smart_1412230.mrna3	106	top_stress_responsive_dark_candidate	high_priority;single_copy_or_no_near_identical_dark_duplicate;DE_significant_any_contrast;stress_contrast_DE;abs_logFC_ge_2;padj_le_0.01;no_repeat_TE_overlap;no_DMR_overlap	all	yes	no	2	2	2.83944	0.00502383	salinity_added_wald|down|logFC=-1.715|padj=0.005024;full_model_LRT|down|logFC=-2.839|padj=0.0423	utg379.equina_smart_1412230.mrna3	utg379.equina_smart_1412230.path3	166	1	no										no		no										no		yes	tr|A0A6P8HEI0|A0A6P8HEI0_ACTTE	100	166	9.63e-124	347	166	166	1.0000	1.0000	yes	tr|A0A6P8HEI0|A0A6P8HEI0_ACTTE Uncharacterized protein LOC116288351 OS=Actinia tenebrosa OX=6105 GN=LOC116288351 PE=4 SV=1	yes	uncharacterized protein	no	yes	tr|A0A6P8HEI0|A0A6P8HEI0_ACTTE	100.000	166	8.86e-122	342	166	166	1.0000	1.0000	yes	tr|A0A6P8HEI0|A0A6P8HEI0_ACTTE Uncharacterized protein LOC116288351 OS=Actinia tenebrosa OX=6105 GN=LOC116288351 PE=4 SV=1	yes	uncharacterized protein	no	no							no														yes	no	"utg379.equina_smart_1412230.mrna3	OTHER	0.002737	0.997263	"	function_dark_no_current_annotation	function_dark_no_current_annotation	ambiguous_or_low_confidence_evidence;non_classifying_evidence_retained	"diamond_swissprot_hit=no | diamond_swissprot_evalue_pass=no | blastp_swissprot_hit=no | blastp_swissprot_evalue_pass=no | diamond_trembl_cnidaria_hit=yes | diamond_trembl_cnidaria_subject=tr|A0A6P8HEI0|A0A6P8HEI0_ACTTE | diamond_trembl_cnidaria_pident=100 | diamond_trembl_cnidaria_aln_length=166 | diamond_trembl_cnidaria_evalue=9.63e-124 | diamond_trembl_cnidaria_bitscore=347 | diamond_trembl_cnidaria_qlen=166 | diamond_trembl_cnidaria_slen=166 | diamond_trembl_cnidaria_query_coverage=1.0000 | diamond_trembl_cnidaria_subject_coverage=1.0000 | diamond_trembl_cnidaria_evalue_pass=yes | diamond_trembl_cnidaria_description=tr|A0A6P8HEI0|A0A6P8HEI0_ACTTE Uncharacterized protein LOC116288351 OS=Actinia tenebrosa OX=6105 GN=LOC116288351 PE=4 SV=1 | diamond_trembl_cnidaria_description_is_ambiguous=yes | diamond_trembl_cnidaria_description_ambiguity_reason=uncharacterized protein | diamond_trembl_cnidaria_informative_hit=no | blastp_trembl_cnidaria_hit=yes | blastp_trembl_cnidaria_subject=tr|A0A6P8HEI0|A0A6P8HEI0_ACTTE | blastp_trembl_cnidaria_pident=100.000 | blastp_trembl_cnidaria_aln_length=166 | blastp_trembl_cnidaria_evalue=8.86e-122 | blastp_trembl_cnidaria_bitscore=342 | blastp_trembl_cnidaria_qlen=166 | blastp_trembl_cnidaria_slen=166 | blastp_trembl_cnidaria_query_coverage=1.0000 | blastp_trembl_cnidaria_subject_coverage=1.0000 | blastp_trembl_cnidaria_evalue_pass=yes | blastp_trembl_cnidaria_description=tr|A0A6P8HEI0|A0A6P8HEI0_ACTTE Uncharacterized protein LOC116288351 OS=Actinia tenebrosa OX=6105 GN=LOC116288351 PE=4 SV=1 | blastp_trembl_cnidaria_description_is_ambiguous=yes | blastp_trembl_cnidaria_description_ambiguity_reason=uncharacterized protein | blastp_trembl_cnidaria_informative_hit=no | interpro_hit=no | eggnog_hit=no | signalp_result_present=yes | signalp_positive=no | signalp_raw=utg379.equina_smart_1412230.mrna3	OTHER	0.002737	0.997263"	sequence_found_in_external_fasta	utg379.equina_smart_1412230.mrna3	utg379.equina_smart_1412230.mrna3	matched_multiple	protein_id	utg379.equina_smart_1412230	utg379.equina_smart_1412230.mrna3	gmap_gene_find_equina_smart_1412230	utg379	+	utg379:377932-378654(+)	utg379:377932-378654(+)	377932	378654	723	utg379:377932-378654(+)	377932	378654	723	501	2	exon_features	2	matched_primary_from_multiple_strict	1	candidate_id_equals_transcript_id	2	1	2	1	1	4	5	yes	dark_cluster_003085	utg379.equina_smart_1412230.mrna3	1	utg379.equina_smart_1412230.mrna3	1	1	1	yes	single_copy_or_no_near_identical_dark_duplicate	5	high_priority	candidate_on_BUSCO_duplication_rich_scaffold	no_repeat_overlap	0	0	0.000000	NA	no_dmr_overlap	0	0	0.000000	NA	NA	de_significant	utg379.equina_smart_1412230.path3	gene_id	10	yes	2	salinity_added_wald|down|logFC=-1.715|padj=0.005024;full_model_LRT|down|logFC=-2.839|padj=0.0423	0.00502383	2.83944
evm.utg116.238	106	top_stress_responsive_dark_candidate	high_priority;single_copy_or_no_near_identical_dark_duplicate;DE_significant_any_contrast;stress_contrast_DE;abs_logFC_ge_2;padj_le_0.01;no_repeat_TE_overlap;no_DMR_overlap	all	yes	no	2	2	4.13694	0.00641456	salinity_added_wald|down|logFC=-1.994|padj=0.006415;full_model_LRT|down|logFC=-4.137|padj=0.03694	evm.utg116.238	evm.TU.utg116.238	152	1	no										no		no										no		no										no				no	no										no				no	no							no														yes	no	"evm.utg116.238	OTHER	0.000901	0.999099	"	function_dark_no_current_annotation	function_dark_no_current_annotation	non_classifying_evidence_retained	"diamond_swissprot_hit=no | diamond_swissprot_evalue_pass=no | blastp_swissprot_hit=no | blastp_swissprot_evalue_pass=no | diamond_trembl_cnidaria_hit=no | diamond_trembl_cnidaria_evalue_pass=no | diamond_trembl_cnidaria_informative_hit=no | blastp_trembl_cnidaria_hit=no | blastp_trembl_cnidaria_evalue_pass=no | blastp_trembl_cnidaria_informative_hit=no | interpro_hit=no | eggnog_hit=no | signalp_result_present=yes | signalp_positive=no | signalp_raw=evm.utg116.238	OTHER	0.000901	0.999099"	sequence_found_in_external_fasta	evm.utg116.238	evm.utg116.238	matched_multiple	protein_id	evm.utg116	evm.utg116.238	cds.evm.utg116	utg116	-	utg116:1912938-1913477(-)	utg116:1912938-1913477(-)	1912938	1913477	540	utg116:1912938-1913477(-)	1912938	1913477	540	459	2	exon_features	2	matched_primary_from_multiple_strict	1	candidate_id_equals_transcript_id	894	365	894	92	1	5	7	yes	dark_cluster_002767	evm.utg116.238	1	evm.utg116.238	1	1	1	yes	single_copy_or_no_near_identical_dark_duplicate	5	high_priority	candidate_on_BUSCO_duplication_rich_scaffold	no_repeat_overlap	0	0	0.000000	NA	no_dmr_overlap	0	0	0.000000	NA	NA	de_significant	evm.TU.utg116.238	gene_id	9	yes	2	salinity_added_wald|down|logFC=-1.994|padj=0.006415;full_model_LRT|down|logFC=-4.137|padj=0.03694	0.00641456	4.13694
evm.utg7950.32	105	top_stress_responsive_dark_candidate	high_priority;possible_biological_gene_family_expansion;DE_significant_any_contrast;stress_contrast_DE;abs_logFC_ge_2;padj_le_0.001;no_repeat_TE_overlap;no_DMR_overlap	all	yes	no	4	4	2.52814	1.43742e-06	salinity_added_wald|down|logFC=-2.528|padj=1.437e-06;full_model_LRT|down|logFC=-1.655|padj=1.657e-06;combined_wald|down|logFC=-2.262|padj=1.048e-05;salinity_only_LRT|down|logFC=-1.29|padj=0.03588	evm.utg7950.32	evm.TU.utg7950.32	204	1	no										no		no										no		no										no				no	yes	tr|A0ABN8RG72|A0ABN8RG72_9CNID	31.361	169	8.28e-15	72.8	204	190	0.8284	0.8895	yes	tr|A0ABN8RG72|A0ABN8RG72_9CNID Uncharacterized protein OS=Porites evermanni OX=104178 GN=PEVE_00010917 PE=4 SV=1	yes	uncharacterized protein	no	no							no														yes	no	"evm.utg7950.32	OTHER	0.000948	0.999052	"	function_dark_no_current_annotation	function_dark_no_current_annotation	ambiguous_or_low_confidence_evidence;non_classifying_evidence_retained	"diamond_swissprot_hit=no | diamond_swissprot_evalue_pass=no | blastp_swissprot_hit=no | blastp_swissprot_evalue_pass=no | diamond_trembl_cnidaria_hit=no | diamond_trembl_cnidaria_evalue_pass=no | diamond_trembl_cnidaria_informative_hit=no | blastp_trembl_cnidaria_hit=yes | blastp_trembl_cnidaria_subject=tr|A0ABN8RG72|A0ABN8RG72_9CNID | blastp_trembl_cnidaria_pident=31.361 | blastp_trembl_cnidaria_aln_length=169 | blastp_trembl_cnidaria_evalue=8.28e-15 | blastp_trembl_cnidaria_bitscore=72.8 | blastp_trembl_cnidaria_qlen=204 | blastp_trembl_cnidaria_slen=190 | blastp_trembl_cnidaria_query_coverage=0.8284 | blastp_trembl_cnidaria_subject_coverage=0.8895 | blastp_trembl_cnidaria_evalue_pass=yes | blastp_trembl_cnidaria_description=tr|A0ABN8RG72|A0ABN8RG72_9CNID Uncharacterized protein OS=Porites evermanni OX=104178 GN=PEVE_00010917 PE=4 SV=1 | blastp_trembl_cnidaria_description_is_ambiguous=yes | blastp_trembl_cnidaria_description_ambiguity_reason=uncharacterized protein | blastp_trembl_cnidaria_informative_hit=no | interpro_hit=no | eggnog_hit=no | signalp_result_present=yes | signalp_positive=no | signalp_raw=evm.utg7950.32	OTHER	0.000948	0.999052"	sequence_found_in_external_fasta	evm.utg7950.1	evm.utg7950.1	matched_multiple	protein_id	evm.utg7950.32	evm.utg7950.32	cds.evm.utg7950	utg7950	+	utg7950:196119-197020(+)	utg7950:196119-197020(+)	196119	197020	902	utg7950:196330-196944(+)	196330	196944	615	615	1	exon_features	1	matched_primary_from_multiple_strict	1	candidate_id_equals_transcript_id	86	42	86	2	1	0	0	no	dark_cluster_001241	evm.utg7950.32	2	evm.utg7950.32;evm.utg7950.34	2	1	2	no	possible_biological_gene_family_expansion	6	high_priority	near_identical_dark_cluster;possible_biological_gene_family_expansion	no_repeat_overlap	0	0	0.000000	NA	no_dmr_overlap	0	0	0.000000	NA	NA	de_significant	evm.TU.utg7950.32	gene_id	10	yes	4	salinity_added_wald|down|logFC=-2.528|padj=1.437e-06;combined_wald|down|logFC=-2.262|padj=1.048e-05;salinity_only_LRT|down|logFC=-1.29|padj=0.03588;full_model_LRT|down|logFC=-1.655|padj=1.657e-06	1.43742e-06	2.52814
evm.utg18125.17	105	top_stress_responsive_dark_candidate	high_priority;possible_biological_gene_family_expansion;DE_significant_any_contrast;stress_contrast_DE;abs_logFC_ge_2;padj_le_0.001;no_repeat_TE_overlap;no_DMR_overlap	all	yes	no	4	4	3.07683	9.4438e-06	combined_wald|up|logFC=3.077|padj=9.444e-06;salinity_only_wald|up|logFC=1.676|padj=0.004345;salinity_only_LRT|up|logFC=2.542|padj=0.008723;salinity_added_wald|up|logFC=1.305|padj=0.02404	evm.utg18125.17	evm.TU.utg18125.17	250	1	no										no		no										no		yes	tr|A0A6P8JB05|A0A6P8JB05_ACTTE	99.2	250	1.67e-170	473	250	250	1.0000	1.0000	yes	tr|A0A6P8JB05|A0A6P8JB05_ACTTE Uncharacterized protein LOC116308575 OS=Actinia tenebrosa OX=6105 GN=LOC116308575 PE=4 SV=1	yes	uncharacterized protein	no	yes	tr|A0A6P8JB05|A0A6P8JB05_ACTTE	99.200	250	0.0	506	250	250	1.0000	1.0000	yes	tr|A0A6P8JB05|A0A6P8JB05_ACTTE Uncharacterized protein LOC116308575 OS=Actinia tenebrosa OX=6105 GN=LOC116308575 PE=4 SV=1	yes	uncharacterized protein	no	no							no														yes	no	"evm.utg18125.17	OTHER	0.000145	0.999855	"	function_dark_no_current_annotation	function_dark_no_current_annotation	ambiguous_or_low_confidence_evidence;non_classifying_evidence_retained	"diamond_swissprot_hit=no | diamond_swissprot_evalue_pass=no | blastp_swissprot_hit=no | blastp_swissprot_evalue_pass=no | diamond_trembl_cnidaria_hit=yes | diamond_trembl_cnidaria_subject=tr|A0A6P8JB05|A0A6P8JB05_ACTTE | diamond_trembl_cnidaria_pident=99.2 | diamond_trembl_cnidaria_aln_length=250 | diamond_trembl_cnidaria_evalue=1.67e-170 | diamond_trembl_cnidaria_bitscore=473 | diamond_trembl_cnidaria_qlen=250 | diamond_trembl_cnidaria_slen=250 | diamond_trembl_cnidaria_query_coverage=1.0000 | diamond_trembl_cnidaria_subject_coverage=1.0000 | diamond_trembl_cnidaria_evalue_pass=yes | diamond_trembl_cnidaria_description=tr|A0A6P8JB05|A0A6P8JB05_ACTTE Uncharacterized protein LOC116308575 OS=Actinia tenebrosa OX=6105 GN=LOC116308575 PE=4 SV=1 | diamond_trembl_cnidaria_description_is_ambiguous=yes | diamond_trembl_cnidaria_description_ambiguity_reason=uncharacterized protein | diamond_trembl_cnidaria_informative_hit=no | blastp_trembl_cnidaria_hit=yes | blastp_trembl_cnidaria_subject=tr|A0A6P8JB05|A0A6P8JB05_ACTTE | blastp_trembl_cnidaria_pident=99.200 | blastp_trembl_cnidaria_aln_length=250 | blastp_trembl_cnidaria_evalue=0.0 | blastp_trembl_cnidaria_bitscore=506 | blastp_trembl_cnidaria_qlen=250 | blastp_trembl_cnidaria_slen=250 | blastp_trembl_cnidaria_query_coverage=1.0000 | blastp_trembl_cnidaria_subject_coverage=1.0000 | blastp_trembl_cnidaria_evalue_pass=yes | blastp_trembl_cnidaria_description=tr|A0A6P8JB05|A0A6P8JB05_ACTTE Uncharacterized protein LOC116308575 OS=Actinia tenebrosa OX=6105 GN=LOC116308575 PE=4 SV=1 | blastp_trembl_cnidaria_description_is_ambiguous=yes | blastp_trembl_cnidaria_description_ambiguity_reason=uncharacterized protein | blastp_trembl_cnidaria_informative_hit=no | interpro_hit=no | eggnog_hit=no | signalp_result_present=yes | signalp_positive=no | signalp_raw=evm.utg18125.17	OTHER	0.000145	0.999855"	sequence_found_in_external_fasta	evm.utg18125.1	evm.utg18125.1	matched_multiple	protein_id	evm.utg18125	evm.utg18125.17	cds.evm.utg18125	utg18125	-	utg18125:196709-197577(-)	utg18125:196709-197577(-)	196709	197577	869	utg18125:196781-197533(-)	196781	197533	753	753	1	exon_features	1	matched_primary_from_multiple_strict	1	candidate_id_equals_transcript_id	44	21	44	2	1	1	1	no	dark_cluster_002393	evm.utg18125.1	4	evm.utg18125.1;evm.utg18125.17;evm.utg18125.18;evm.utg18125.8	4	1	4	no	possible_biological_gene_family_expansion	6	high_priority	near_identical_dark_cluster;possible_biological_gene_family_expansion	no_repeat_overlap	0	0	0.000000	NA	no_dmr_overlap	0	0	0.000000	NA	NA	de_significant	evm.TU.utg18125.17	gene_id	10	yes	4	salinity_only_wald|up|logFC=1.676|padj=0.004345;salinity_added_wald|up|logFC=1.305|padj=0.02404;combined_wald|up|logFC=3.077|padj=9.444e-06;salinity_only_LRT|up|logFC=2.542|padj=0.008723	9.4438e-06	3.07683
utg4977.equina_smart_1029496.mrna2	105	top_stress_responsive_dark_candidate	high_priority;single_copy_or_no_near_identical_dark_duplicate;DE_significant_any_contrast;stress_contrast_DE;abs_logFC_ge_1.5;padj_le_0.001;repeat_TE_overlap_context;no_DMR_overlap	all	yes	no	4	4	1.83393	1.36137e-05	combined_wald|down|logFC=-1.834|padj=1.361e-05;salinity_only_wald|down|logFC=-1.195|padj=0.002479;salinity_added_wald|down|logFC=-1.229|padj=0.00344;salinity_only_LRT|down|logFC=-1.515|padj=0.01016	utg4977.equina_smart_1029496.mrna2	utg4977.equina_smart_1029496.path2	41	1	no										no		no										no		no										no				no	no										no				no	no							no														yes	no	"utg4977.equina_smart_1029496.mrna2	OTHER	0.002639	0.997361	"	function_dark_no_current_annotation	function_dark_no_current_annotation	non_classifying_evidence_retained	"diamond_swissprot_hit=no | diamond_swissprot_evalue_pass=no | blastp_swissprot_hit=no | blastp_swissprot_evalue_pass=no | diamond_trembl_cnidaria_hit=no | diamond_trembl_cnidaria_evalue_pass=no | diamond_trembl_cnidaria_informative_hit=no | blastp_trembl_cnidaria_hit=no | blastp_trembl_cnidaria_evalue_pass=no | blastp_trembl_cnidaria_informative_hit=no | interpro_hit=no | eggnog_hit=no | signalp_result_present=yes | signalp_positive=no | signalp_raw=utg4977.equina_smart_1029496.mrna2	OTHER	0.002639	0.997361"	sequence_found_in_external_fasta	utg4977.equina_smart_1029496.mrna2	utg4977.equina_smart_1029496.mrna2	matched_multiple	protein_id	utg4977.equina_smart_1029496	utg4977.equina_smart_1029496.mrna2	gmap_gene_find_equina_smart_1029496	utg4977	-	utg4977:70298-71638(-)	utg4977:70298-71638(-)	70298	71638	1341	utg4977:70298-71638(-)	70298	71638	1341	126	2	exon_features	2	matched_primary_from_multiple_strict	1	candidate_id_equals_transcript_id	2	1	2	1	1	0	0	no	dark_cluster_002652	utg4977.equina_smart_1029496.mrna2	1	utg4977.equina_smart_1029496.mrna2	1	1	1	no	single_copy_or_no_near_identical_dark_duplicate	8	high_priority	none	repeat_overlap	6	544	0.405667	rnd-5_family-1446 188 350:1;rnd-3_family-1093 250 343:1;(G)n 1 26:1;rnd-1_family-597 1 84:1;rnd-1_family-703 12 55:1;rnd-1_family-697 125 275:1	no_dmr_overlap	0	0	0.000000	NA	NA	de_significant	utg4977.equina_smart_1029496.path2	gene_id	10	yes	4	salinity_only_wald|down|logFC=-1.195|padj=0.002479;salinity_added_wald|down|logFC=-1.229|padj=0.00344;combined_wald|down|logFC=-1.834|padj=1.361e-05;salinity_only_LRT|down|logFC=-1.515|padj=0.01016	1.36137e-05	1.83393
evm.utg6161.2	105	top_stress_responsive_dark_candidate	high_priority;possible_biological_gene_family_expansion;DE_significant_any_contrast;stress_contrast_DE;abs_logFC_ge_2;padj_le_0.001;no_repeat_TE_overlap;no_DMR_overlap	all	yes	no	4	4	3.78686	0.000101325	combined_wald|up|logFC=3.787|padj=0.0001013;salinity_added_wald|up|logFC=2.096|padj=0.005487;salinity_only_LRT|up|logFC=3.48|padj=0.01277;salinity_only_wald|up|logFC=1.485|padj=0.01844	evm.utg6161.2	evm.TU.utg6161.2	866	1	no										no		no										no		yes	tr|A0A6S7J7C4|A0A6S7J7C4_PARCT	60.2	369	1.11e-145	436	866	337	0.4261	1.0950	yes	tr|A0A6S7J7C4|A0A6S7J7C4_PARCT Uncharacterized protein OS=Paramuricea clavata OX=317549 GN=PACLA_8A015279 PE=4 SV=1	yes	uncharacterized protein	no	yes	tr|A0A6S7J7C4|A0A6S7J7C4_PARCT	60.163	369	5.22e-154	457	866	337	0.4261	1.0950	yes	tr|A0A6S7J7C4|A0A6S7J7C4_PARCT Uncharacterized protein OS=Paramuricea clavata OX=317549 GN=PACLA_8A015279 PE=4 SV=1	yes	uncharacterized protein	no	no							no														yes	no	"evm.utg6161.2	OTHER	0.001313	0.998687	"	function_dark_no_current_annotation	function_dark_no_current_annotation	ambiguous_or_low_confidence_evidence;non_classifying_evidence_retained	"diamond_swissprot_hit=no | diamond_swissprot_evalue_pass=no | blastp_swissprot_hit=no | blastp_swissprot_evalue_pass=no | diamond_trembl_cnidaria_hit=yes | diamond_trembl_cnidaria_subject=tr|A0A6S7J7C4|A0A6S7J7C4_PARCT | diamond_trembl_cnidaria_pident=60.2 | diamond_trembl_cnidaria_aln_length=369 | diamond_trembl_cnidaria_evalue=1.11e-145 | diamond_trembl_cnidaria_bitscore=436 | diamond_trembl_cnidaria_qlen=866 | diamond_trembl_cnidaria_slen=337 | diamond_trembl_cnidaria_query_coverage=0.4261 | diamond_trembl_cnidaria_subject_coverage=1.0950 | diamond_trembl_cnidaria_evalue_pass=yes | diamond_trembl_cnidaria_description=tr|A0A6S7J7C4|A0A6S7J7C4_PARCT Uncharacterized protein OS=Paramuricea clavata OX=317549 GN=PACLA_8A015279 PE=4 SV=1 | diamond_trembl_cnidaria_description_is_ambiguous=yes | diamond_trembl_cnidaria_description_ambiguity_reason=uncharacterized protein | diamond_trembl_cnidaria_informative_hit=no | blastp_trembl_cnidaria_hit=yes | blastp_trembl_cnidaria_subject=tr|A0A6S7J7C4|A0A6S7J7C4_PARCT | blastp_trembl_cnidaria_pident=60.163 | blastp_trembl_cnidaria_aln_length=369 | blastp_trembl_cnidaria_evalue=5.22e-154 | blastp_trembl_cnidaria_bitscore=457 | blastp_trembl_cnidaria_qlen=866 | blastp_trembl_cnidaria_slen=337 | blastp_trembl_cnidaria_query_coverage=0.4261 | blastp_trembl_cnidaria_subject_coverage=1.0950 | blastp_trembl_cnidaria_evalue_pass=yes | blastp_trembl_cnidaria_description=tr|A0A6S7J7C4|A0A6S7J7C4_PARCT Uncharacterized protein OS=Paramuricea clavata OX=317549 GN=PACLA_8A015279 PE=4 SV=1 | blastp_trembl_cnidaria_description_is_ambiguous=yes | blastp_trembl_cnidaria_description_ambiguity_reason=uncharacterized protein | blastp_trembl_cnidaria_informative_hit=no | interpro_hit=no | eggnog_hit=no | signalp_result_present=yes | signalp_positive=no | signalp_raw=evm.utg6161.2	OTHER	0.001313	0.998687"	sequence_found_in_external_fasta	evm.utg6161.2	evm.utg6161.2	matched_multiple	protein_id	evm.utg6161.2	evm.utg6161.2	cds.evm.utg6161	utg6161	-	utg6161:8962-11562(-)	utg6161:8962-11562(-)	8962	11562	2601	utg6161:8962-11562(-)	8962	11562	2601	2601	1	exon_features	1	matched_primary_from_multiple_strict	1	candidate_id_equals_transcript_id	18	9	18	1	1	0	0	no	dark_cluster_002247	evm.utg6161.2	4	evm.utg6161.2;evm.utg6161.5;evm.utg6161.6;evm.utg6161.8	4	1	4	no	possible_biological_gene_family_expansion	6	high_priority	near_identical_dark_cluster;possible_biological_gene_family_expansion	no_repeat_overlap	0	0	0.000000	NA	no_dmr_overlap	0	0	0.000000	NA	NA	de_significant	evm.TU.utg6161.2	gene_id	10	yes	4	salinity_only_wald|up|logFC=1.485|padj=0.01844;salinity_added_wald|up|logFC=2.096|padj=0.005487;combined_wald|up|logFC=3.787|padj=0.0001013;salinity_only_LRT|up|logFC=3.48|padj=0.01277	0.000101325	3.78686
utg4.equina_smart_49562.mrna1	105	top_stress_responsive_dark_candidate	high_priority;single_copy_or_no_near_identical_dark_duplicate;DE_significant_any_contrast;stress_contrast_DE;abs_logFC_ge_1.5;padj_le_0.001;repeat_TE_overlap_context;no_DMR_overlap	all	yes	no	4	4	1.89434	0.000128058	salinity_only_wald|up|logFC=1.594|padj=0.0001281;salinity_only_LRT|up|logFC=1.894|padj=0.001989;salinity_added_wald|up|logFC=1.275|padj=0.002921;combined_wald|up|logFC=1.22|padj=0.00421	utg4.equina_smart_49562.mrna1	utg4.equina_smart_49562.path1	35	1	no										no		no										no		no										no				no	no										no				no	no							no														yes	no	"utg4.equina_smart_49562.mrna1	OTHER	0.074560	0.925440	"	function_dark_no_current_annotation	function_dark_no_current_annotation	non_classifying_evidence_retained	"diamond_swissprot_hit=no | diamond_swissprot_evalue_pass=no | blastp_swissprot_hit=no | blastp_swissprot_evalue_pass=no | diamond_trembl_cnidaria_hit=no | diamond_trembl_cnidaria_evalue_pass=no | diamond_trembl_cnidaria_informative_hit=no | blastp_trembl_cnidaria_hit=no | blastp_trembl_cnidaria_evalue_pass=no | blastp_trembl_cnidaria_informative_hit=no | interpro_hit=no | eggnog_hit=no | signalp_result_present=yes | signalp_positive=no | signalp_raw=utg4.equina_smart_49562.mrna1	OTHER	0.074560	0.925440"	sequence_found_in_external_fasta	utg4.equina_smart_49562.mrna1	utg4.equina_smart_49562.mrna1	matched_multiple	protein_id	utg4.equina_smart_49562	utg4.equina_smart_49562.mrna1	gmap_gene_find_equina_smart_49562	utg4	-	utg4:707938-709943(-)	utg4:707938-709943(-)	707938	709943	2006	utg4:707938-709943(-)	707938	709943	2006	108	2	exon_features	2	matched_primary_from_multiple_strict	1	candidate_id_equals_transcript_id	2	1	2	1	1	3	3	yes	dark_cluster_000168	utg4.equina_smart_49562.mrna1	1	utg4.equina_smart_49562.mrna1	1	1	1	yes	single_copy_or_no_near_identical_dark_duplicate	5	high_priority	candidate_on_BUSCO_duplication_rich_scaffold	repeat_overlap	7	1135	0.565803	rnd-5_family-14324 53 371:1;rnd-1_family-708 138 261:1;rnd-6_family-12751 1 240:1;rnd-1_family-468 47 168:1;rnd-1_family-708 257 330:1;rnd-5_family-14324 8 54:1;rnd-1_family-424 510 685:1	no_dmr_overlap	0	0	0.000000	NA	NA	de_significant	utg4.equina_smart_49562.path1	gene_id	10	yes	4	salinity_only_wald|up|logFC=1.594|padj=0.0001281;salinity_added_wald|up|logFC=1.275|padj=0.002921;combined_wald|up|logFC=1.22|padj=0.00421;salinity_only_LRT|up|logFC=1.894|padj=0.001989	3.39391e-06	1.89434
evm.utg64.36	105	top_stress_responsive_dark_candidate	high_priority;single_copy_or_no_near_identical_dark_duplicate;DE_significant_any_contrast;stress_contrast_DE;abs_logFC_ge_1.5;padj_le_0.001;repeat_TE_overlap_context;no_DMR_overlap	all	yes	no	4	4	1.99345	0.000218687	salinity_added_wald|down|logFC=-1.788|padj=0.0002187;salinity_only_wald|down|logFC=-1.556|padj=0.0007682;combined_wald|down|logFC=-1.396|padj=0.003111;salinity_only_LRT|down|logFC=-1.993|padj=0.006789	evm.utg64.36	evm.TU.utg64.36	95	1	no										no		no										no		no										no				no	no										no				no	no							no														yes	no	"evm.utg64.36	SP(Sec/SPI)	0.991242	0.008758	CS pos: 26-27. AHA-QS. Pr: 0.7778"	function_dark_no_current_annotation	function_dark_no_current_annotation	non_classifying_evidence_retained	"diamond_swissprot_hit=no | diamond_swissprot_evalue_pass=no | blastp_swissprot_hit=no | blastp_swissprot_evalue_pass=no | diamond_trembl_cnidaria_hit=no | diamond_trembl_cnidaria_evalue_pass=no | diamond_trembl_cnidaria_informative_hit=no | blastp_trembl_cnidaria_hit=no | blastp_trembl_cnidaria_evalue_pass=no | blastp_trembl_cnidaria_informative_hit=no | interpro_hit=no | eggnog_hit=no | signalp_result_present=yes | signalp_positive=no | signalp_raw=evm.utg64.36	SP(Sec/SPI)	0.991242	0.008758	CS pos: 26-27. AHA-QS. Pr: 0.7778"	sequence_found_in_external_fasta	evm.utg64.1	evm.utg64.1	matched_multiple	protein_id	evm.utg64.36	evm.utg64.36	cds.evm.utg64	utg64	+	utg64:342881-352466(+)	utg64:342881-352466(+)	342881	352466	9586	utg64:345027-352405(+)	345027	352405	7379	288	3	exon_features	2	matched_primary_from_multiple_strict	1	candidate_id_equals_transcript_id	100	37	100	17	1	2	2	no	dark_cluster_000006	evm.utg64.36	1	evm.utg64.36	1	1	1	no	single_copy_or_no_near_identical_dark_duplicate	8	high_priority	none	repeat_overlap	22	7029	0.733257	(TAT)n 1 44:1;(TTATA)n 1 38:1;rnd-6_family-185 651 664:1;rnd-6_family-28062 1001 1081:1;rnd-6_family-185 665 796:1;rnd-3_family-32 1 235:1;rnd-1_family-213 27 320:1;(ATT)n 1 52:1;(TTGTTA)n 1 90:1;rnd-1_family-29 2 433:1;rnd-6_family-9180 372 408:1;rnd-1_family-108 1 169:1;(GTTTGT)n 1 72:1;(GTTT)n 1 76:1;(GTATATA)n 1 59:1;(AT)n 1 31:1;(AGTGTTTTAT)n 1 2122:1;rnd-4_family-38 3871 3963:1;(TCCG)n 1 72:1;rnd-4_family-38 1976 3870:1;(TAGTGTTTTA)n 1 500:1;(TTTGT)n 1 692:1	no_dmr_overlap	0	0	0.000000	NA	NA	de_significant	evm.TU.utg64.36	gene_id	10	yes	4	salinity_only_wald|down|logFC=-1.556|padj=0.0007682;salinity_added_wald|down|logFC=-1.788|padj=0.0002187;combined_wald|down|logFC=-1.396|padj=0.003111;salinity_only_LRT|down|logFC=-1.993|padj=0.006789	2.67042e-06	1.99345
evm.utg27.152	105	top_stress_responsive_dark_candidate	high_priority;single_copy_or_no_near_identical_dark_duplicate;DE_significant_any_contrast;stress_contrast_DE;abs_logFC_ge_1.5;padj_le_0.001;repeat_TE_overlap_context;no_DMR_overlap	all	yes	no	4	4	1.54964	0.000229513	salinity_only_LRT|down|logFC=-1.55|padj=0.0002295;salinity_added_wald|down|logFC=-1.346|padj=0.0009101;salinity_only_wald|down|logFC=-1.248|padj=0.001196;combined_wald|down|logFC=-1.157|padj=0.004385	evm.utg27.152	evm.TU.utg27.152	95	1	no										no		no										no		no										no				no	no										no				no	no							no														yes	no	"evm.utg27.152	OTHER	0.000475	0.999525	"	function_dark_no_current_annotation	function_dark_no_current_annotation	non_classifying_evidence_retained	"diamond_swissprot_hit=no | diamond_swissprot_evalue_pass=no | blastp_swissprot_hit=no | blastp_swissprot_evalue_pass=no | diamond_trembl_cnidaria_hit=no | diamond_trembl_cnidaria_evalue_pass=no | diamond_trembl_cnidaria_informative_hit=no | blastp_trembl_cnidaria_hit=no | blastp_trembl_cnidaria_evalue_pass=no | blastp_trembl_cnidaria_informative_hit=no | interpro_hit=no | eggnog_hit=no | signalp_result_present=yes | signalp_positive=no | signalp_raw=evm.utg27.152	OTHER	0.000475	0.999525"	sequence_found_in_external_fasta	evm.utg27.152	evm.utg27.152	matched_multiple	protein_id	evm.utg27.152	evm.utg27.152	cds.evm.utg27	utg27	-	utg27:1127320-1131714(-)	utg27:1127320-1131714(-)	1127320	1131714	4395	utg27:1127320-1131714(-)	1127320	1131714	4395	288	5	exon_features	5	matched_primary_from_multiple_strict	1	candidate_id_equals_transcript_id	348	145	348	30	1	2	3	no	dark_cluster_000744	evm.utg27.152	1	evm.utg27.152	1	1	1	no	single_copy_or_no_near_identical_dark_duplicate	8	high_priority	none	repeat_overlap	12	1287	0.292833	rnd-4_family-988 135 245:2;rnd-5_family-1290 141 275:1;rnd-5_family-4268 5 123:1;rnd-1_family-402 1 101:1;rnd-5_family-5314 9 91:1;rnd-1_family-539 1 198:1;rnd-1_family-392 1 113:1;rnd-5_family-2165 1 194:1;(TCA)n 1 29:1;rnd-6_family-949 141 200:1;rnd-4_family-410 68 263:1	no_dmr_overlap	0	0	0.000000	NA	NA	de_significant	evm.TU.utg27.152	gene_id	10	yes	4	salinity_only_wald|down|logFC=-1.248|padj=0.001196;salinity_added_wald|down|logFC=-1.346|padj=0.0009101;combined_wald|down|logFC=-1.157|padj=0.004385;salinity_only_LRT|down|logFC=-1.55|padj=0.0002295	9.9125e-06	1.54964
evm.utg2159.32	105	top_stress_responsive_dark_candidate	high_priority;single_copy_or_no_near_identical_dark_duplicate;DE_significant_any_contrast;stress_contrast_DE;abs_logFC_ge_1.5;padj_le_0.001;repeat_TE_overlap_context;no_DMR_overlap	all	yes	no	4	4	1.61302	0.000455964	combined_wald|up|logFC=1.613|padj=0.000456;salinity_added_wald|up|logFC=1.456|padj=0.001503;salinity_only_wald|up|logFC=1.173|padj=0.006799;salinity_only_LRT|up|logFC=1.564|padj=0.00931	evm.utg2159.32	evm.TU.utg2159.32	345	1	no										no		no										no		yes	tr|A0A3M6TQ47|A0A3M6TQ47_POCDA	54.9	82	1.03e-16	82.0	345	259	0.2377	0.3166	yes	tr|A0A3M6TQ47|A0A3M6TQ47_POCDA Uncharacterized protein OS=Pocillopora damicornis OX=46731 GN=pdam_00001952 PE=4 SV=1	yes	uncharacterized protein	no	yes	tr|A0A3M6TQ47|A0A3M6TQ47_POCDA	54.878	82	4.85e-13	71.6	345	259	0.2377	0.3166	yes	tr|A0A3M6TQ47|A0A3M6TQ47_POCDA Uncharacterized protein OS=Pocillopora damicornis OX=46731 GN=pdam_00001952 PE=4 SV=1	yes	uncharacterized protein	no	no							no														yes	no	"evm.utg2159.32	OTHER	0.000126	0.999874	"	function_dark_no_current_annotation	function_dark_no_current_annotation	ambiguous_or_low_confidence_evidence;non_classifying_evidence_retained	"diamond_swissprot_hit=no | diamond_swissprot_evalue_pass=no | blastp_swissprot_hit=no | blastp_swissprot_evalue_pass=no | diamond_trembl_cnidaria_hit=yes | diamond_trembl_cnidaria_subject=tr|A0A3M6TQ47|A0A3M6TQ47_POCDA | diamond_trembl_cnidaria_pident=54.9 | diamond_trembl_cnidaria_aln_length=82 | diamond_trembl_cnidaria_evalue=1.03e-16 | diamond_trembl_cnidaria_bitscore=82.0 | diamond_trembl_cnidaria_qlen=345 | diamond_trembl_cnidaria_slen=259 | diamond_trembl_cnidaria_query_coverage=0.2377 | diamond_trembl_cnidaria_subject_coverage=0.3166 | diamond_trembl_cnidaria_evalue_pass=yes | diamond_trembl_cnidaria_description=tr|A0A3M6TQ47|A0A3M6TQ47_POCDA Uncharacterized protein OS=Pocillopora damicornis OX=46731 GN=pdam_00001952 PE=4 SV=1 | diamond_trembl_cnidaria_description_is_ambiguous=yes | diamond_trembl_cnidaria_description_ambiguity_reason=uncharacterized protein | diamond_trembl_cnidaria_informative_hit=no | blastp_trembl_cnidaria_hit=yes | blastp_trembl_cnidaria_subject=tr|A0A3M6TQ47|A0A3M6TQ47_POCDA | blastp_trembl_cnidaria_pident=54.878 | blastp_trembl_cnidaria_aln_length=82 | blastp_trembl_cnidaria_evalue=4.85e-13 | blastp_trembl_cnidaria_bitscore=71.6 | blastp_trembl_cnidaria_qlen=345 | blastp_trembl_cnidaria_slen=259 | blastp_trembl_cnidaria_query_coverage=0.2377 | blastp_trembl_cnidaria_subject_coverage=0.3166 | blastp_trembl_cnidaria_evalue_pass=yes | blastp_trembl_cnidaria_description=tr|A0A3M6TQ47|A0A3M6TQ47_POCDA Uncharacterized protein OS=Pocillopora damicornis OX=46731 GN=pdam_00001952 PE=4 SV=1 | blastp_trembl_cnidaria_description_is_ambiguous=yes | blastp_trembl_cnidaria_description_ambiguity_reason=uncharacterized protein | blastp_trembl_cnidaria_informative_hit=no | interpro_hit=no | eggnog_hit=no | signalp_result_present=yes | signalp_positive=no | signalp_raw=evm.utg2159.32	OTHER	0.000126	0.999874"	sequence_found_in_external_fasta	evm.utg2159.32	evm.utg2159.32	matched_multiple	protein_id	evm.utg2159	evm.utg2159.32	cds.evm.utg2159	utg2159	+	utg2159:279773-280810(+)	utg2159:279773-280810(+)	279773	280810	1038	utg2159:279773-280810(+)	279773	280810	1038	1038	1	exon_features	1	matched_primary_from_multiple_strict	1	candidate_id_equals_transcript_id	101	46	101	7	1	0	0	no	dark_cluster_002158	evm.utg2159.32	1	evm.utg2159.32	1	1	1	no	single_copy_or_no_near_identical_dark_duplicate	7	high_priority	none	repeat_overlap	2	74	0.071291	GA-rich 1 34:1;A-rich 1 42:1	no_dmr_overlap	0	0	0.000000	NA	NA	de_significant	evm.TU.utg2159.32	gene_id	10	yes	4	salinity_only_wald|up|logFC=1.173|padj=0.006799;salinity_added_wald|up|logFC=1.456|padj=0.001503;combined_wald|up|logFC=1.613|padj=0.000456;salinity_only_LRT|up|logFC=1.564|padj=0.00931	8.25175e-05	1.61302
evm.utg48.62	105	top_stress_responsive_dark_candidate	high_priority;possible_biological_gene_family_expansion;DE_significant_any_contrast;stress_contrast_DE;diesel_added_DE;padj_le_0.001;repeat_TE_overlap_context;no_DMR_overlap	all	yes	yes	2	2	1.42382	0.000574172	full_model_LRT|down|logFC=-1.337|padj=0.0005742;diesel_added_wald|down|logFC=-1.424|padj=0.006096	evm.utg48.62	evm.TU.utg48.62	197	1	no										no		no										no		yes	tr|A0A6P8IKH8|A0A6P8IKH8_ACTTE	91.2	170	1.20e-114	345	197	720	0.8629	0.2361	yes	tr|A0A6P8IKH8|A0A6P8IKH8_ACTTE Uncharacterized protein LOC116301908 OS=Actinia tenebrosa OX=6105 GN=LOC116301908 PE=4 SV=1	yes	uncharacterized protein	no	yes	tr|A0A6P8IKH8|A0A6P8IKH8_ACTTE	91.176	170	7.29e-113	340	197	720	0.8629	0.2361	yes	tr|A0A6P8IKH8|A0A6P8IKH8_ACTTE Uncharacterized protein LOC116301908 OS=Actinia tenebrosa OX=6105 GN=LOC116301908 PE=4 SV=1	yes	uncharacterized protein	no	no							no														yes	no	"evm.utg48.62	OTHER	0.000986	0.999014	"	function_dark_no_current_annotation	function_dark_no_current_annotation	ambiguous_or_low_confidence_evidence;non_classifying_evidence_retained	"diamond_swissprot_hit=no | diamond_swissprot_evalue_pass=no | blastp_swissprot_hit=no | blastp_swissprot_evalue_pass=no | diamond_trembl_cnidaria_hit=yes | diamond_trembl_cnidaria_subject=tr|A0A6P8IKH8|A0A6P8IKH8_ACTTE | diamond_trembl_cnidaria_pident=91.2 | diamond_trembl_cnidaria_aln_length=170 | diamond_trembl_cnidaria_evalue=1.20e-114 | diamond_trembl_cnidaria_bitscore=345 | diamond_trembl_cnidaria_qlen=197 | diamond_trembl_cnidaria_slen=720 | diamond_trembl_cnidaria_query_coverage=0.8629 | diamond_trembl_cnidaria_subject_coverage=0.2361 | diamond_trembl_cnidaria_evalue_pass=yes | diamond_trembl_cnidaria_description=tr|A0A6P8IKH8|A0A6P8IKH8_ACTTE Uncharacterized protein LOC116301908 OS=Actinia tenebrosa OX=6105 GN=LOC116301908 PE=4 SV=1 | diamond_trembl_cnidaria_description_is_ambiguous=yes | diamond_trembl_cnidaria_description_ambiguity_reason=uncharacterized protein | diamond_trembl_cnidaria_informative_hit=no | blastp_trembl_cnidaria_hit=yes | blastp_trembl_cnidaria_subject=tr|A0A6P8IKH8|A0A6P8IKH8_ACTTE | blastp_trembl_cnidaria_pident=91.176 | blastp_trembl_cnidaria_aln_length=170 | blastp_trembl_cnidaria_evalue=7.29e-113 | blastp_trembl_cnidaria_bitscore=340 | blastp_trembl_cnidaria_qlen=197 | blastp_trembl_cnidaria_slen=720 | blastp_trembl_cnidaria_query_coverage=0.8629 | blastp_trembl_cnidaria_subject_coverage=0.2361 | blastp_trembl_cnidaria_evalue_pass=yes | blastp_trembl_cnidaria_description=tr|A0A6P8IKH8|A0A6P8IKH8_ACTTE Uncharacterized protein LOC116301908 OS=Actinia tenebrosa OX=6105 GN=LOC116301908 PE=4 SV=1 | blastp_trembl_cnidaria_description_is_ambiguous=yes | blastp_trembl_cnidaria_description_ambiguity_reason=uncharacterized protein | blastp_trembl_cnidaria_informative_hit=no | interpro_hit=no | eggnog_hit=no | signalp_result_present=yes | signalp_positive=no | signalp_raw=evm.utg48.62	OTHER	0.000986	0.999014"	sequence_found_in_external_fasta	evm.utg48.1	evm.utg48.1	matched_multiple	protein_id	evm.utg48	evm.utg48.62	cds.evm.utg48	utg48	-	utg48:641064-641883(-)	utg48:641064-641883(-)	641064	641883	820	utg48:641064-641883(-)	641064	641883	820	594	2	exon_features	2	matched_primary_from_multiple_strict	1	candidate_id_equals_transcript_id	152	61	152	16	1	1	2	no	dark_cluster_000610	evm.utg48.46	2	evm.utg48.46;evm.utg48.62	2	1	2	no	possible_biological_gene_family_expansion	7	high_priority	near_identical_dark_cluster;possible_biological_gene_family_expansion	repeat_overlap	1	820	1.000000	rnd-1_family-206 4 3270:1	no_dmr_overlap	0	0	0.000000	NA	NA	de_significant	evm.TU.utg48.62	gene_id	10	yes	2	diesel_added_wald|down|logFC=-1.424|padj=0.006096;full_model_LRT|down|logFC=-1.337|padj=0.0005742	0.000574172	1.42382
evm.utg30049.13	105	top_stress_responsive_dark_candidate	high_priority;possible_biological_gene_family_expansion;DE_significant_any_contrast;stress_contrast_DE;abs_logFC_ge_2;padj_le_0.001;no_repeat_TE_overlap;no_DMR_overlap	all	yes	no	4	4	2.48722	0.000651773	salinity_added_wald|up|logFC=2.182|padj=0.0006518;combined_wald|up|logFC=1.807|padj=0.002763;salinity_only_wald|up|logFC=1.636|padj=0.00479;salinity_only_LRT|up|logFC=2.487|padj=0.01011	evm.utg30049.13	evm.TU.utg30049.13	244	1	no										no		no										no		yes	tr|A0A6P8IHJ3|A0A6P8IHJ3_ACTTE	99.2	244	2.38e-167	464	244	244	1.0000	1.0000	yes	tr|A0A6P8IHJ3|A0A6P8IHJ3_ACTTE Uncharacterized protein LOC116301246 OS=Actinia tenebrosa OX=6105 GN=LOC116301246 PE=4 SV=1	yes	uncharacterized protein	no	yes	tr|A0A6P8IHJ3|A0A6P8IHJ3_ACTTE	99.180	244	0.0	503	244	244	1.0000	1.0000	yes	tr|A0A6P8IHJ3|A0A6P8IHJ3_ACTTE Uncharacterized protein LOC116301246 OS=Actinia tenebrosa OX=6105 GN=LOC116301246 PE=4 SV=1	yes	uncharacterized protein	no	no							no														yes	no	"evm.utg30049.13	OTHER	0.000602	0.999398	"	function_dark_no_current_annotation	function_dark_no_current_annotation	ambiguous_or_low_confidence_evidence;non_classifying_evidence_retained	"diamond_swissprot_hit=no | diamond_swissprot_evalue_pass=no | blastp_swissprot_hit=no | blastp_swissprot_evalue_pass=no | diamond_trembl_cnidaria_hit=yes | diamond_trembl_cnidaria_subject=tr|A0A6P8IHJ3|A0A6P8IHJ3_ACTTE | diamond_trembl_cnidaria_pident=99.2 | diamond_trembl_cnidaria_aln_length=244 | diamond_trembl_cnidaria_evalue=2.38e-167 | diamond_trembl_cnidaria_bitscore=464 | diamond_trembl_cnidaria_qlen=244 | diamond_trembl_cnidaria_slen=244 | diamond_trembl_cnidaria_query_coverage=1.0000 | diamond_trembl_cnidaria_subject_coverage=1.0000 | diamond_trembl_cnidaria_evalue_pass=yes | diamond_trembl_cnidaria_description=tr|A0A6P8IHJ3|A0A6P8IHJ3_ACTTE Uncharacterized protein LOC116301246 OS=Actinia tenebrosa OX=6105 GN=LOC116301246 PE=4 SV=1 | diamond_trembl_cnidaria_description_is_ambiguous=yes | diamond_trembl_cnidaria_description_ambiguity_reason=uncharacterized protein | diamond_trembl_cnidaria_informative_hit=no | blastp_trembl_cnidaria_hit=yes | blastp_trembl_cnidaria_subject=tr|A0A6P8IHJ3|A0A6P8IHJ3_ACTTE | blastp_trembl_cnidaria_pident=99.180 | blastp_trembl_cnidaria_aln_length=244 | blastp_trembl_cnidaria_evalue=0.0 | blastp_trembl_cnidaria_bitscore=503 | blastp_trembl_cnidaria_qlen=244 | blastp_trembl_cnidaria_slen=244 | blastp_trembl_cnidaria_query_coverage=1.0000 | blastp_trembl_cnidaria_subject_coverage=1.0000 | blastp_trembl_cnidaria_evalue_pass=yes | blastp_trembl_cnidaria_description=tr|A0A6P8IHJ3|A0A6P8IHJ3_ACTTE Uncharacterized protein LOC116301246 OS=Actinia tenebrosa OX=6105 GN=LOC116301246 PE=4 SV=1 | blastp_trembl_cnidaria_description_is_ambiguous=yes | blastp_trembl_cnidaria_description_ambiguity_reason=uncharacterized protein | blastp_trembl_cnidaria_informative_hit=no | interpro_hit=no | eggnog_hit=no | signalp_result_present=yes | signalp_positive=no | signalp_raw=evm.utg30049.13	OTHER	0.000602	0.999398"	sequence_found_in_external_fasta	evm.utg30049.1	evm.utg30049.1	matched_multiple	protein_id	evm.utg30049	evm.utg30049.13	cds.evm.utg30049	utg30049	+	utg30049:92929-93663(+)	utg30049:92929-93663(+)	92929	93663	735	utg30049:92929-93663(+)	92929	93663	735	735	1	exon_features	1	matched_primary_from_multiple_strict	1	candidate_id_equals_transcript_id	32	16	32	1	1	0	0	no	dark_cluster_001590	evm.utg30049.13	2	evm.utg30049.13;evm.utg30049.6	2	1	2	no	possible_biological_gene_family_expansion	6	high_priority	near_identical_dark_cluster;possible_biological_gene_family_expansion	no_repeat_overlap	0	0	0.000000	NA	no_dmr_overlap	0	0	0.000000	NA	NA	de_significant	evm.TU.utg30049.13	gene_id	10	yes	4	salinity_only_wald|up|logFC=1.636|padj=0.00479;salinity_added_wald|up|logFC=2.182|padj=0.0006518;combined_wald|up|logFC=1.807|padj=0.002763;salinity_only_LRT|up|logFC=2.487|padj=0.01011	8.3677e-05	2.48722
evm.utg60619.1	105	top_stress_responsive_dark_candidate	high_priority;possible_biological_gene_family_expansion;DE_significant_any_contrast;stress_contrast_DE;diesel_added_DE;padj_le_0.001;repeat_TE_overlap_context;no_DMR_overlap	all	yes	yes	2	2	1.4344	0.000704094	full_model_LRT|down|logFC=-1.369|padj=0.0007041;diesel_added_wald|down|logFC=-1.434|padj=0.006763	evm.utg60619.1	evm.TU.utg60619.1	197	1	no										no		no										no		yes	tr|A0A6P8IKH8|A0A6P8IKH8_ACTTE	91.2	170	1.20e-114	345	197	720	0.8629	0.2361	yes	tr|A0A6P8IKH8|A0A6P8IKH8_ACTTE Uncharacterized protein LOC116301908 OS=Actinia tenebrosa OX=6105 GN=LOC116301908 PE=4 SV=1	yes	uncharacterized protein	no	yes	tr|A0A6P8IKH8|A0A6P8IKH8_ACTTE	91.176	170	7.29e-113	340	197	720	0.8629	0.2361	yes	tr|A0A6P8IKH8|A0A6P8IKH8_ACTTE Uncharacterized protein LOC116301908 OS=Actinia tenebrosa OX=6105 GN=LOC116301908 PE=4 SV=1	yes	uncharacterized protein	no	no							no														yes	no	"evm.utg60619.1	OTHER	0.000986	0.999014	"	function_dark_no_current_annotation	function_dark_no_current_annotation	ambiguous_or_low_confidence_evidence;non_classifying_evidence_retained	"diamond_swissprot_hit=no | diamond_swissprot_evalue_pass=no | blastp_swissprot_hit=no | blastp_swissprot_evalue_pass=no | diamond_trembl_cnidaria_hit=yes | diamond_trembl_cnidaria_subject=tr|A0A6P8IKH8|A0A6P8IKH8_ACTTE | diamond_trembl_cnidaria_pident=91.2 | diamond_trembl_cnidaria_aln_length=170 | diamond_trembl_cnidaria_evalue=1.20e-114 | diamond_trembl_cnidaria_bitscore=345 | diamond_trembl_cnidaria_qlen=197 | diamond_trembl_cnidaria_slen=720 | diamond_trembl_cnidaria_query_coverage=0.8629 | diamond_trembl_cnidaria_subject_coverage=0.2361 | diamond_trembl_cnidaria_evalue_pass=yes | diamond_trembl_cnidaria_description=tr|A0A6P8IKH8|A0A6P8IKH8_ACTTE Uncharacterized protein LOC116301908 OS=Actinia tenebrosa OX=6105 GN=LOC116301908 PE=4 SV=1 | diamond_trembl_cnidaria_description_is_ambiguous=yes | diamond_trembl_cnidaria_description_ambiguity_reason=uncharacterized protein | diamond_trembl_cnidaria_informative_hit=no | blastp_trembl_cnidaria_hit=yes | blastp_trembl_cnidaria_subject=tr|A0A6P8IKH8|A0A6P8IKH8_ACTTE | blastp_trembl_cnidaria_pident=91.176 | blastp_trembl_cnidaria_aln_length=170 | blastp_trembl_cnidaria_evalue=7.29e-113 | blastp_trembl_cnidaria_bitscore=340 | blastp_trembl_cnidaria_qlen=197 | blastp_trembl_cnidaria_slen=720 | blastp_trembl_cnidaria_query_coverage=0.8629 | blastp_trembl_cnidaria_subject_coverage=0.2361 | blastp_trembl_cnidaria_evalue_pass=yes | blastp_trembl_cnidaria_description=tr|A0A6P8IKH8|A0A6P8IKH8_ACTTE Uncharacterized protein LOC116301908 OS=Actinia tenebrosa OX=6105 GN=LOC116301908 PE=4 SV=1 | blastp_trembl_cnidaria_description_is_ambiguous=yes | blastp_trembl_cnidaria_description_ambiguity_reason=uncharacterized protein | blastp_trembl_cnidaria_informative_hit=no | interpro_hit=no | eggnog_hit=no | signalp_result_present=yes | signalp_positive=no | signalp_raw=evm.utg60619.1	OTHER	0.000986	0.999014"	sequence_found_in_external_fasta	evm.utg60619.1	evm.utg60619.1	matched_multiple	protein_id	evm.utg60619.1	evm.utg60619.1	cds.evm.utg60619	utg60619	+	utg60619:3003-3822(+)	utg60619:3003-3822(+)	3003	3822	820	utg60619:3003-3822(+)	3003	3822	820	594	2	exon_features	2	matched_primary_from_multiple_strict	1	candidate_id_equals_transcript_id	4	2	4	1	1	0	0	no	dark_cluster_003056	evm.utg60619.1	2	evm.utg60619.1;evm.utg7616.2	2	2	2	no	possible_biological_gene_family_expansion	7	high_priority	near_identical_dark_cluster;possible_biological_gene_family_expansion	repeat_overlap	1	820	1.000000	rnd-1_family-206 4 4859:1	no_dmr_overlap	0	0	0.000000	NA	NA	de_significant	evm.TU.utg60619.1	gene_id	10	yes	2	diesel_added_wald|down|logFC=-1.434|padj=0.006763;full_model_LRT|down|logFC=-1.369|padj=0.0007041	0.000704094	1.4344
utg4614.equina_smart_1807794.mrna1	105	top_stress_responsive_dark_candidate	high_priority;single_copy_or_no_near_identical_dark_duplicate;DE_significant_any_contrast;stress_contrast_DE;padj_le_0.001;no_repeat_TE_overlap;no_DMR_overlap	all	yes	no	3	3	1.43833	0.000873532	salinity_added_wald|up|logFC=1.349|padj=0.0008735;salinity_only_wald|up|logFC=1.158|padj=0.002593;salinity_only_LRT|up|logFC=1.438|padj=0.00727	utg4614.equina_smart_1807794.mrna1	utg4614.equina_smart_1807794.path1	80	1	no										no		no										no		no										no				no	no										no				no	no							no														yes	no	"utg4614.equina_smart_1807794.mrna1	OTHER	0.000841	0.999159	"	function_dark_no_current_annotation	function_dark_no_current_annotation	non_classifying_evidence_retained	"diamond_swissprot_hit=no | diamond_swissprot_evalue_pass=no | blastp_swissprot_hit=no | blastp_swissprot_evalue_pass=no | diamond_trembl_cnidaria_hit=no | diamond_trembl_cnidaria_evalue_pass=no | diamond_trembl_cnidaria_informative_hit=no | blastp_trembl_cnidaria_hit=no | blastp_trembl_cnidaria_evalue_pass=no | blastp_trembl_cnidaria_informative_hit=no | interpro_hit=no | eggnog_hit=no | signalp_result_present=yes | signalp_positive=no | signalp_raw=utg4614.equina_smart_1807794.mrna1	OTHER	0.000841	0.999159"	sequence_found_in_external_fasta	utg4614.equina_smart_1807794.mrna1	utg4614.equina_smart_1807794.mrna1	matched_multiple	protein_id	utg4614.equina_smart_1807794	utg4614.equina_smart_1807794.mrna1	gmap_gene_find_equina_smart_1807794	utg4614	+	utg4614:28322-28668(+)	utg4614:28322-28668(+)	28322	28668	347	utg4614:28322-28668(+)	28322	28668	347	243	2	exon_features	2	matched_primary_from_multiple_strict	1	candidate_id_equals_transcript_id	2	1	2	1	1	0	0	no	dark_cluster_002547	utg4614.equina_smart_1807794.mrna1	1	utg4614.equina_smart_1807794.mrna1	1	1	1	no	single_copy_or_no_near_identical_dark_duplicate	8	high_priority	none	no_repeat_overlap	0	0	0.000000	NA	no_dmr_overlap	0	0	0.000000	NA	NA	de_significant	utg4614.equina_smart_1807794.path1	gene_id	10	yes	3	salinity_only_wald|up|logFC=1.158|padj=0.002593;salinity_added_wald|up|logFC=1.349|padj=0.0008735;salinity_only_LRT|up|logFC=1.438|padj=0.00727	1.58106e-05	1.43833
utg4428.equina_smart_1640285.mrna5	105	top_stress_responsive_dark_candidate	high_priority;single_copy_or_no_near_identical_dark_duplicate;DE_significant_any_contrast;stress_contrast_DE;abs_logFC_ge_1.5;padj_le_0.001;repeat_TE_overlap_context;no_DMR_overlap	all	yes	no	4	4	1.88695	0.000881136	salinity_added_wald|up|logFC=1.85|padj=0.0008811;salinity_only_LRT|up|logFC=1.887|padj=0.005584;salinity_only_wald|up|logFC=1.288|padj=0.01049;combined_wald|up|logFC=1.254|padj=0.01629	utg4428.equina_smart_1640285.mrna5	utg4428.equina_smart_1640285.path5	47	1	no										no		no										no		no										no				no	no										no				no	no							no														yes	no	"utg4428.equina_smart_1640285.mrna5	OTHER	0.007187	0.992813	"	function_dark_no_current_annotation	function_dark_no_current_annotation	non_classifying_evidence_retained	"diamond_swissprot_hit=no | diamond_swissprot_evalue_pass=no | blastp_swissprot_hit=no | blastp_swissprot_evalue_pass=no | diamond_trembl_cnidaria_hit=no | diamond_trembl_cnidaria_evalue_pass=no | diamond_trembl_cnidaria_informative_hit=no | blastp_trembl_cnidaria_hit=no | blastp_trembl_cnidaria_evalue_pass=no | blastp_trembl_cnidaria_informative_hit=no | interpro_hit=no | eggnog_hit=no | signalp_result_present=yes | signalp_positive=no | signalp_raw=utg4428.equina_smart_1640285.mrna5	OTHER	0.007187	0.992813"	sequence_found_in_external_fasta	utg4428.equina_smart_1640285.mrna5	utg4428.equina_smart_1640285.mrna5	matched_multiple	protein_id	utg4428.equina_smart_1640285.mrna5	utg4428.equina_smart_1640285.mrna5	gmap_gene_find_equina_smart_1640285	utg4428	-	utg4428:43384-44777(-)	utg4428:43384-44777(-)	43384	44777	1394	utg4428:43384-44777(-)	43384	44777	1394	144	2	exon_features	2	matched_primary_from_multiple_strict	1	candidate_id_equals_transcript_id	2	1	2	1	1	0	0	no	dark_cluster_001881	utg4428.equina_smart_1640285.mrna5	1	utg4428.equina_smart_1640285.mrna5	1	1	1	no	single_copy_or_no_near_identical_dark_duplicate	8	high_priority	none	repeat_overlap	10	1018	0.730273	rnd-6_family-18428 1 1603:1;rnd-6_family-16728 1 187:1;rnd-6_family-16728 254 321:1;rnd-5_family-515 1217 1305:1;rnd-1_family-147 1 90:1;rnd-1_family-147 263 638:1;rnd-4_family-556 34 102:1;rnd-5_family-1895 272 322:1;rnd-4_family-556 103 132:1;rnd-5_family-170 992 1180:1	no_dmr_overlap	0	0	0.000000	NA	NA	de_significant	utg4428.equina_smart_1640285.path5	gene_id	10	yes	4	salinity_only_wald|up|logFC=1.288|padj=0.01049;salinity_added_wald|up|logFC=1.85|padj=0.0008811;combined_wald|up|logFC=1.254|padj=0.01629;salinity_only_LRT|up|logFC=1.887|padj=0.005584	0.000104485	1.88695
evm.utg109.12	105	top_stress_responsive_dark_candidate	high_priority;single_copy_or_no_near_identical_dark_duplicate;DE_significant_any_contrast;stress_contrast_DE;abs_logFC_ge_1.5;padj_le_0.01;no_repeat_TE_overlap;no_DMR_overlap	all	yes	no	3	3	1.84127	0.00123809	salinity_added_wald|down|logFC=-1.841|padj=0.001238;full_model_LRT|down|logFC=-1.47|padj=0.003347;combined_wald|down|logFC=-1.168|padj=0.02933	evm.utg109.12	evm.TU.utg109.12	77	1	no										no		no										no		no										no				no	no										no				no	no							no														yes	no	"evm.utg109.12	OTHER	0.001746	0.998254	"	function_dark_no_current_annotation	function_dark_no_current_annotation	non_classifying_evidence_retained	"diamond_swissprot_hit=no | diamond_swissprot_evalue_pass=no | blastp_swissprot_hit=no | blastp_swissprot_evalue_pass=no | diamond_trembl_cnidaria_hit=no | diamond_trembl_cnidaria_evalue_pass=no | diamond_trembl_cnidaria_informative_hit=no | blastp_trembl_cnidaria_hit=no | blastp_trembl_cnidaria_evalue_pass=no | blastp_trembl_cnidaria_informative_hit=no | interpro_hit=no | eggnog_hit=no | signalp_result_present=yes | signalp_positive=no | signalp_raw=evm.utg109.12	OTHER	0.001746	0.998254"	sequence_found_in_external_fasta	evm.utg109.12	evm.utg109.12	matched_multiple	protein_id	evm.utg109.12	evm.utg109.12	cds.evm.utg109	utg109	+	utg109:99687-99920(+)	utg109:99687-99920(+)	99687	99920	234	utg109:99687-99920(+)	99687	99920	234	234	1	exon_features	1	matched_primary_from_multiple_strict	1	candidate_id_equals_transcript_id	298	122	298	30	1	2	2	no	dark_cluster_000506	evm.utg109.12	1	evm.utg109.12	1	1	1	no	single_copy_or_no_near_identical_dark_duplicate	7	high_priority	none	no_repeat_overlap	0	0	0.000000	NA	no_dmr_overlap	0	0	0.000000	NA	NA	de_significant	evm.TU.utg109.12	gene_id	10	yes	3	salinity_added_wald|down|logFC=-1.841|padj=0.001238;combined_wald|down|logFC=-1.168|padj=0.02933;full_model_LRT|down|logFC=-1.47|padj=0.003347	0.00123809	1.84127
utg3522.equina_smart_1668065.mrna1	105	top_stress_responsive_dark_candidate	high_priority;single_copy_or_no_near_identical_dark_duplicate;DE_significant_any_contrast;stress_contrast_DE;abs_logFC_ge_2;padj_le_0.01;repeat_TE_overlap_context;no_DMR_overlap	all	yes	no	4	4	3.62298	0.0012511	combined_wald|down|logFC=-2.488|padj=0.001251;salinity_only_wald|down|logFC=-2.186|padj=0.002053;salinity_only_LRT|down|logFC=-3.623|padj=0.002858;salinity_added_wald|down|logFC=-1.413|padj=0.02777	utg3522.equina_smart_1668065.mrna1	utg3522.equina_smart_1668065.path1	49	1	no										no		no										no		no										no				no	no										no				no	no							no														yes	no	"utg3522.equina_smart_1668065.mrna1	OTHER	0.005451	0.994549	"	function_dark_no_current_annotation	function_dark_no_current_annotation	non_classifying_evidence_retained	"diamond_swissprot_hit=no | diamond_swissprot_evalue_pass=no | blastp_swissprot_hit=no | blastp_swissprot_evalue_pass=no | diamond_trembl_cnidaria_hit=no | diamond_trembl_cnidaria_evalue_pass=no | diamond_trembl_cnidaria_informative_hit=no | blastp_trembl_cnidaria_hit=no | blastp_trembl_cnidaria_evalue_pass=no | blastp_trembl_cnidaria_informative_hit=no | interpro_hit=no | eggnog_hit=no | signalp_result_present=yes | signalp_positive=no | signalp_raw=utg3522.equina_smart_1668065.mrna1	OTHER	0.005451	0.994549"	sequence_found_in_external_fasta	utg3522.equina_smart_1668065.mrna1	utg3522.equina_smart_1668065.mrna1	matched_multiple	protein_id	utg3522.equina_smart_1668065	utg3522.equina_smart_1668065.mrna1	gmap_gene_find_equina_smart_1668065	utg3522	-	utg3522:38398-41140(-)	utg3522:38398-41140(-)	38398	41140	2743	utg3522:38398-41140(-)	38398	41140	2743	150	2	exon_features	2	matched_primary_from_multiple_strict	1	candidate_id_equals_transcript_id	2	1	2	1	1	0	0	no	dark_cluster_002633	utg3522.equina_smart_1668065.mrna1	1	utg3522.equina_smart_1668065.mrna1	1	1	1	no	single_copy_or_no_near_identical_dark_duplicate	8	high_priority	none	repeat_overlap	10	1168	0.425811	rnd-1_family-787 1 61:2;rnd-6_family-6104 106 193:1;rnd-5_family-302 17 152:1;rnd-1_family-924 1 61:1;rnd-6_family-53205 1 323:1;rnd-5_family-1051 525 740:1;rnd-5_family-1051 262 401:1;rnd-5_family-1051 25 70:1;rnd-1_family-77 10 131:1	no_dmr_overlap	0	0	0.000000	NA	NA	de_significant	utg3522.equina_smart_1668065.path1	gene_id	9	yes	4	salinity_only_wald|down|logFC=-2.186|padj=0.002053;salinity_added_wald|down|logFC=-1.413|padj=0.02777;combined_wald|down|logFC=-2.488|padj=0.001251;salinity_only_LRT|down|logFC=-3.623|padj=0.002858	0.000443314	3.62298
evm.utg48.53	105	top_stress_responsive_dark_candidate	high_priority;single_copy_or_no_near_identical_dark_duplicate;DE_significant_any_contrast;stress_contrast_DE;abs_logFC_ge_2;padj_le_0.01;repeat_TE_overlap_context;no_DMR_overlap	all	yes	no	4	4	2.1692	0.00139278	salinity_only_wald|down|logFC=-1.629|padj=0.001393;salinity_only_LRT|down|logFC=-2.169|padj=0.002461;combined_wald|down|logFC=-1.221|padj=0.01624;salinity_added_wald|down|logFC=-1.121|padj=0.02802	evm.utg48.53	evm.TU.utg48.53	133	1	no										no		no										no		no										no				no	no										no				no	no							no														yes	no	"evm.utg48.53	SP(Sec/SPI)	0.994594	0.005406	CS pos: 20-21. ING-QQ. Pr: 0.7245"	function_dark_no_current_annotation	function_dark_no_current_annotation	non_classifying_evidence_retained	"diamond_swissprot_hit=no | diamond_swissprot_evalue_pass=no | blastp_swissprot_hit=no | blastp_swissprot_evalue_pass=no | diamond_trembl_cnidaria_hit=no | diamond_trembl_cnidaria_evalue_pass=no | diamond_trembl_cnidaria_informative_hit=no | blastp_trembl_cnidaria_hit=no | blastp_trembl_cnidaria_evalue_pass=no | blastp_trembl_cnidaria_informative_hit=no | interpro_hit=no | eggnog_hit=no | signalp_result_present=yes | signalp_positive=no | signalp_raw=evm.utg48.53	SP(Sec/SPI)	0.994594	0.005406	CS pos: 20-21. ING-QQ. Pr: 0.7245"	sequence_found_in_external_fasta	evm.utg48.53	evm.utg48.53	matched_multiple	protein_id	evm.utg48	evm.utg48.53	cds.evm.utg48	utg48	-	utg48:602210-605346(-)	utg48:602210-605346(-)	602210	605346	3137	utg48:602210-605346(-)	602210	605346	3137	402	3	exon_features	3	matched_primary_from_multiple_strict	1	candidate_id_equals_transcript_id	152	61	152	16	1	1	2	no	dark_cluster_001463	evm.utg48.53	1	evm.utg48.53	1	1	1	no	single_copy_or_no_near_identical_dark_duplicate	8	high_priority	none	repeat_overlap	9	1894	0.603762	(ATG)n 1 23:1;rnd-4_family-590 3 133:1;rnd-1_family-348 107 247:1;rnd-6_family-3361 22 288:1;(C)n 1 18:1;(G)n 1 25:1;rnd-5_family-974 8 58:1;rnd-4_family-358 242 302:1;rnd-6_family-37129 1 1789:1	no_dmr_overlap	0	0	0.000000	NA	NA	de_significant	evm.TU.utg48.53	gene_id	10	yes	4	salinity_only_wald|down|logFC=-1.629|padj=0.001393;salinity_added_wald|down|logFC=-1.121|padj=0.02802;combined_wald|down|logFC=-1.221|padj=0.01624;salinity_only_LRT|down|logFC=-2.169|padj=0.002461	0.000658993	2.1692
evm.utg2599.4	105	top_stress_responsive_dark_candidate	high_priority;single_copy_or_no_near_identical_dark_duplicate;DE_significant_any_contrast;stress_contrast_DE;abs_logFC_ge_2;padj_le_0.01;repeat_TE_overlap_context;no_DMR_overlap	all	yes	no	4	4	2.81759	0.00225825	salinity_added_wald|up|logFC=2.088|padj=0.002258;combined_wald|up|logFC=1.787|padj=0.005545;salinity_only_wald|up|logFC=1.668|padj=0.00715;salinity_only_LRT|up|logFC=2.818|padj=0.02712	evm.utg2599.4	evm.TU.utg2599.4	294	1	no										no		no										no		yes	tr|A0A6P8IKH8|A0A6P8IKH8_ACTTE	92.1	190	2.57e-126	379	294	720	0.6463	0.2639	yes	tr|A0A6P8IKH8|A0A6P8IKH8_ACTTE Uncharacterized protein LOC116301908 OS=Actinia tenebrosa OX=6105 GN=LOC116301908 PE=4 SV=1	yes	uncharacterized protein	no	yes	tr|A0A6P8IKH8|A0A6P8IKH8_ACTTE	92.105	190	1.60e-125	377	294	720	0.6463	0.2639	yes	tr|A0A6P8IKH8|A0A6P8IKH8_ACTTE Uncharacterized protein LOC116301908 OS=Actinia tenebrosa OX=6105 GN=LOC116301908 PE=4 SV=1	yes	uncharacterized protein	no	no							no														yes	no	"evm.utg2599.4	OTHER	0.000405	0.999595	"	function_dark_no_current_annotation	function_dark_no_current_annotation	ambiguous_or_low_confidence_evidence;non_classifying_evidence_retained	"diamond_swissprot_hit=no | diamond_swissprot_evalue_pass=no | blastp_swissprot_hit=no | blastp_swissprot_evalue_pass=no | diamond_trembl_cnidaria_hit=yes | diamond_trembl_cnidaria_subject=tr|A0A6P8IKH8|A0A6P8IKH8_ACTTE | diamond_trembl_cnidaria_pident=92.1 | diamond_trembl_cnidaria_aln_length=190 | diamond_trembl_cnidaria_evalue=2.57e-126 | diamond_trembl_cnidaria_bitscore=379 | diamond_trembl_cnidaria_qlen=294 | diamond_trembl_cnidaria_slen=720 | diamond_trembl_cnidaria_query_coverage=0.6463 | diamond_trembl_cnidaria_subject_coverage=0.2639 | diamond_trembl_cnidaria_evalue_pass=yes | diamond_trembl_cnidaria_description=tr|A0A6P8IKH8|A0A6P8IKH8_ACTTE Uncharacterized protein LOC116301908 OS=Actinia tenebrosa OX=6105 GN=LOC116301908 PE=4 SV=1 | diamond_trembl_cnidaria_description_is_ambiguous=yes | diamond_trembl_cnidaria_description_ambiguity_reason=uncharacterized protein | diamond_trembl_cnidaria_informative_hit=no | blastp_trembl_cnidaria_hit=yes | blastp_trembl_cnidaria_subject=tr|A0A6P8IKH8|A0A6P8IKH8_ACTTE | blastp_trembl_cnidaria_pident=92.105 | blastp_trembl_cnidaria_aln_length=190 | blastp_trembl_cnidaria_evalue=1.60e-125 | blastp_trembl_cnidaria_bitscore=377 | blastp_trembl_cnidaria_qlen=294 | blastp_trembl_cnidaria_slen=720 | blastp_trembl_cnidaria_query_coverage=0.6463 | blastp_trembl_cnidaria_subject_coverage=0.2639 | blastp_trembl_cnidaria_evalue_pass=yes | blastp_trembl_cnidaria_description=tr|A0A6P8IKH8|A0A6P8IKH8_ACTTE Uncharacterized protein LOC116301908 OS=Actinia tenebrosa OX=6105 GN=LOC116301908 PE=4 SV=1 | blastp_trembl_cnidaria_description_is_ambiguous=yes | blastp_trembl_cnidaria_description_ambiguity_reason=uncharacterized protein | blastp_trembl_cnidaria_informative_hit=no | interpro_hit=no | eggnog_hit=no | signalp_result_present=yes | signalp_positive=no | signalp_raw=evm.utg2599.4	OTHER	0.000405	0.999595"	sequence_found_in_external_fasta	evm.utg2599.4	evm.utg2599.4	matched_multiple	protein_id	evm.utg2599.4	evm.utg2599.4	cds.evm.utg2599	utg2599	+	utg2599:33830-41459(+)	utg2599:33830-41459(+)	33830	41459	7630	utg2599:33830-41459(+)	33830	41459	7630	885	2	exon_features	2	matched_primary_from_multiple_strict	1	candidate_id_equals_transcript_id	72	36	72	1	1	0	0	no	dark_cluster_000664	evm.utg2599.4	1	evm.utg2599.4	1	1	1	no	single_copy_or_no_near_identical_dark_duplicate	8	high_priority	none	repeat_overlap	6	7107	0.931455	rnd-1_family-206 80 4858:1;rnd-1_family-274 5 2640:1;rnd-5_family-832 1040 1167:1;(TATAAGAA)n 1 44:1;rnd-5_family-832 2 1039:1;rnd-6_family-17312 1 1707:1	no_dmr_overlap	0	0	0.000000	NA	NA	de_significant	evm.TU.utg2599.4	gene_id	10	yes	4	salinity_only_wald|up|logFC=1.668|padj=0.00715;salinity_added_wald|up|logFC=2.088|padj=0.002258;combined_wald|up|logFC=1.787|padj=0.005545;salinity_only_LRT|up|logFC=2.818|padj=0.02712	0.00043041	2.81759
utg4172.equina_smart_950620.mrna1	105	top_stress_responsive_dark_candidate	high_priority;single_copy_or_no_near_identical_dark_duplicate;DE_significant_any_contrast;stress_contrast_DE;abs_logFC_ge_2;padj_le_0.01;repeat_TE_overlap_context;no_DMR_overlap	all	yes	no	4	4	3.79104	0.00291566	salinity_only_LRT|up|logFC=3.791|padj=0.002916;salinity_only_wald|up|logFC=1.77|padj=0.008905;full_model_LRT|down|logFC=-1.683|padj=0.01407;combined_wald|up|logFC=1.221|padj=0.0471	utg4172.equina_smart_950620.mrna1	utg4172.equina_smart_950620.path1	125	1	no										no		no										no		no										no				no	no										no				no	no							no														yes	no	"utg4172.equina_smart_950620.mrna1	OTHER	0.000703	0.999297	"	function_dark_no_current_annotation	function_dark_no_current_annotation	non_classifying_evidence_retained	"diamond_swissprot_hit=no | diamond_swissprot_evalue_pass=no | blastp_swissprot_hit=no | blastp_swissprot_evalue_pass=no | diamond_trembl_cnidaria_hit=no | diamond_trembl_cnidaria_evalue_pass=no | diamond_trembl_cnidaria_informative_hit=no | blastp_trembl_cnidaria_hit=no | blastp_trembl_cnidaria_evalue_pass=no | blastp_trembl_cnidaria_informative_hit=no | interpro_hit=no | eggnog_hit=no | signalp_result_present=yes | signalp_positive=no | signalp_raw=utg4172.equina_smart_950620.mrna1	OTHER	0.000703	0.999297"	sequence_found_in_external_fasta	utg4172.equina_smart_950620.mrna1	utg4172.equina_smart_950620.mrna1	matched_multiple	protein_id	utg4172.equina_smart_950620.mrna1	utg4172.equina_smart_950620.mrna1	gmap_gene_find_equina_smart_950620	utg4172	-	utg4172:94997-96018(-)	utg4172:94997-96018(-)	94997	96018	1022	utg4172:94997-96018(-)	94997	96018	1022	378	2	exon_features	2	matched_primary_from_multiple_strict	1	candidate_id_equals_transcript_id	2	1	2	1	1	1	1	no	dark_cluster_003351	utg4172.equina_smart_950620.mrna1	1	utg4172.equina_smart_950620.mrna1	1	1	1	no	single_copy_or_no_near_identical_dark_duplicate	8	high_priority	none	repeat_overlap	6	592	0.579256	rnd-1_family-48 82 219:1;rnd-6_family-965 1863 2040:1;rnd-1_family-0 2 81:1;rnd-6_family-2208 594 666:1;rnd-6_family-9981 137 227:1;rnd-6_family-3257 59 377:1	no_dmr_overlap	0	0	0.000000	NA	NA	de_significant	utg4172.equina_smart_950620.path1	gene_id	7	yes	4	salinity_only_wald|up|logFC=1.77|padj=0.008905;combined_wald|up|logFC=1.221|padj=0.0471;salinity_only_LRT|up|logFC=3.791|padj=0.002916;full_model_LRT|down|logFC=-1.683|padj=0.01407	0.00291566	3.79104
evm.utg3158.51	105	top_stress_responsive_dark_candidate	high_priority;single_copy_or_no_near_identical_dark_duplicate;DE_significant_any_contrast;stress_contrast_DE;abs_logFC_ge_2;padj_le_0.01;repeat_TE_overlap_context;no_DMR_overlap	all	yes	no	4	4	4.51153	0.00306945	salinity_only_wald|down|logFC=-2.269|padj=0.003069;salinity_added_wald|down|logFC=-2.129|padj=0.005694;combined_wald|down|logFC=-1.866|padj=0.00867;salinity_only_LRT|down|logFC=-4.512|padj=0.03509	evm.utg3158.51	evm.TU.utg3158.51	86	1	no										no		no										no		no										no				no	no										no				no	no							no														yes	no	"evm.utg3158.51	OTHER	0.001522	0.998478	"	function_dark_no_current_annotation	function_dark_no_current_annotation	non_classifying_evidence_retained	"diamond_swissprot_hit=no | diamond_swissprot_evalue_pass=no | blastp_swissprot_hit=no | blastp_swissprot_evalue_pass=no | diamond_trembl_cnidaria_hit=no | diamond_trembl_cnidaria_evalue_pass=no | diamond_trembl_cnidaria_informative_hit=no | blastp_trembl_cnidaria_hit=no | blastp_trembl_cnidaria_evalue_pass=no | blastp_trembl_cnidaria_informative_hit=no | interpro_hit=no | eggnog_hit=no | signalp_result_present=yes | signalp_positive=no | signalp_raw=evm.utg3158.51	OTHER	0.001522	0.998478"	sequence_found_in_external_fasta	evm.utg3158.51	evm.utg3158.51	matched_multiple	protein_id	evm.utg3158.51	evm.utg3158.51	cds.evm.utg3158	utg3158	-	utg3158:373409-373669(-)	utg3158:373409-373669(-)	373409	373669	261	utg3158:373409-373669(-)	373409	373669	261	261	1	exon_features	1	matched_primary_from_multiple_strict	1	candidate_id_equals_transcript_id	168	82	168	3	1	0	0	no	dark_cluster_002002	evm.utg3158.51	1	evm.utg3158.51	1	1	1	no	single_copy_or_no_near_identical_dark_duplicate	7	high_priority	none	repeat_overlap	1	261	1.000000	rnd-6_family-167 544 1704:1	no_dmr_overlap	0	0	0.000000	NA	NA	de_significant	evm.TU.utg3158.51	gene_id	9	yes	4	salinity_only_wald|down|logFC=-2.269|padj=0.003069;salinity_added_wald|down|logFC=-2.129|padj=0.005694;combined_wald|down|logFC=-1.866|padj=0.00867;salinity_only_LRT|down|logFC=-4.512|padj=0.03509	0.000690207	4.51153
evm.utg17212.4	105	top_stress_responsive_dark_candidate	high_priority;single_copy_or_no_near_identical_dark_duplicate;DE_significant_any_contrast;stress_contrast_DE;abs_logFC_ge_2;padj_le_0.01;repeat_TE_overlap_context;no_DMR_overlap	all	yes	no	4	4	2.39161	0.00419104	combined_wald|up|logFC=1.703|padj=0.004191;salinity_only_wald|up|logFC=1.537|padj=0.007121;salinity_only_LRT|up|logFC=2.392|padj=0.0338;salinity_added_wald|up|logFC=1.122|padj=0.04259	evm.utg17212.4	evm.TU.utg17212.4	106	1	no										no		no										no		no										no				no	no										no				no	no							no														yes	no	"evm.utg17212.4	OTHER	0.001969	0.998031	"	function_dark_no_current_annotation	function_dark_no_current_annotation	non_classifying_evidence_retained	"diamond_swissprot_hit=no | diamond_swissprot_evalue_pass=no | blastp_swissprot_hit=no | blastp_swissprot_evalue_pass=no | diamond_trembl_cnidaria_hit=no | diamond_trembl_cnidaria_evalue_pass=no | diamond_trembl_cnidaria_informative_hit=no | blastp_trembl_cnidaria_hit=no | blastp_trembl_cnidaria_evalue_pass=no | blastp_trembl_cnidaria_informative_hit=no | interpro_hit=no | eggnog_hit=no | signalp_result_present=yes | signalp_positive=no | signalp_raw=evm.utg17212.4	OTHER	0.001969	0.998031"	sequence_found_in_external_fasta	evm.utg17212.1	evm.utg17212.1	matched_multiple	protein_id	evm.utg17212.4	evm.utg17212.4	cds.evm.utg17212	utg17212	-	utg17212:24761-26791(-)	utg17212:24761-26791(-)	24761	26791	2031	utg17212:24761-26791(-)	24761	26791	2031	321	4	exon_features	4	matched_primary_from_multiple_strict	1	candidate_id_equals_transcript_id	28	13	28	2	1	2	2	no	dark_cluster_000966	evm.utg17212.4	1	evm.utg17212.4	1	1	1	no	single_copy_or_no_near_identical_dark_duplicate	8	high_priority	none	repeat_overlap	5	718	0.353520	rnd-1_family-228 1 62:1;(AAAGAA)n 1 52:1;rnd-4_family-1706 77 143:1;rnd-4_family-1393 40 337:1;rnd-6_family-3177 181 492:1	no_dmr_overlap	0	0	0.000000	NA	NA	de_significant	evm.TU.utg17212.4	gene_id	8	yes	4	salinity_only_wald|up|logFC=1.537|padj=0.007121;salinity_added_wald|up|logFC=1.122|padj=0.04259;combined_wald|up|logFC=1.703|padj=0.004191;salinity_only_LRT|up|logFC=2.392|padj=0.0338	0.00223461	2.39161
evm.utg3013.30	105	top_stress_responsive_dark_candidate	high_priority;single_copy_or_no_near_identical_dark_duplicate;DE_significant_any_contrast;stress_contrast_DE;abs_logFC_ge_2;padj_le_0.01;repeat_TE_overlap_context;no_DMR_overlap	all	yes	no	4	4	3.28507	0.00676169	salinity_only_wald|down|logFC=-1.788|padj=0.006762;salinity_only_LRT|down|logFC=-3.285|padj=0.008977;combined_wald|down|logFC=-1.724|padj=0.009587;salinity_added_wald|down|logFC=-1.326|padj=0.03441	evm.utg3013.30	evm.TU.utg3013.30	253	1	no										no		no										no		yes	tr|A0ABN8RQS9|A0ABN8RQS9_9CNID	44.2	258	1.40e-67	227	253	886	1.0198	0.2912	yes	tr|A0ABN8RQS9|A0ABN8RQS9_9CNID Uncharacterized protein OS=Porites lobata OX=104759 GN=PLOB_00023999 PE=4 SV=1	yes	uncharacterized protein	no	yes	tr|A0AAU9W5V6|A0AAU9W5V6_9CNID	44.635	233	8.11e-62	213	253	1381	0.9209	0.1687	yes	tr|A0AAU9W5V6|A0AAU9W5V6_9CNID Uncharacterized protein (Fragment) OS=Pocillopora meandrina OX=46732 GN=PMEA_00031584 PE=4 SV=1	yes	uncharacterized protein	no	no							no														yes	no	"evm.utg3013.30	OTHER	0.000997	0.999003	"	function_dark_no_current_annotation	function_dark_no_current_annotation	ambiguous_or_low_confidence_evidence;non_classifying_evidence_retained	"diamond_swissprot_hit=no | diamond_swissprot_evalue_pass=no | blastp_swissprot_hit=no | blastp_swissprot_evalue_pass=no | diamond_trembl_cnidaria_hit=yes | diamond_trembl_cnidaria_subject=tr|A0ABN8RQS9|A0ABN8RQS9_9CNID | diamond_trembl_cnidaria_pident=44.2 | diamond_trembl_cnidaria_aln_length=258 | diamond_trembl_cnidaria_evalue=1.40e-67 | diamond_trembl_cnidaria_bitscore=227 | diamond_trembl_cnidaria_qlen=253 | diamond_trembl_cnidaria_slen=886 | diamond_trembl_cnidaria_query_coverage=1.0198 | diamond_trembl_cnidaria_subject_coverage=0.2912 | diamond_trembl_cnidaria_evalue_pass=yes | diamond_trembl_cnidaria_description=tr|A0ABN8RQS9|A0ABN8RQS9_9CNID Uncharacterized protein OS=Porites lobata OX=104759 GN=PLOB_00023999 PE=4 SV=1 | diamond_trembl_cnidaria_description_is_ambiguous=yes | diamond_trembl_cnidaria_description_ambiguity_reason=uncharacterized protein | diamond_trembl_cnidaria_informative_hit=no | blastp_trembl_cnidaria_hit=yes | blastp_trembl_cnidaria_subject=tr|A0AAU9W5V6|A0AAU9W5V6_9CNID | blastp_trembl_cnidaria_pident=44.635 | blastp_trembl_cnidaria_aln_length=233 | blastp_trembl_cnidaria_evalue=8.11e-62 | blastp_trembl_cnidaria_bitscore=213 | blastp_trembl_cnidaria_qlen=253 | blastp_trembl_cnidaria_slen=1381 | blastp_trembl_cnidaria_query_coverage=0.9209 | blastp_trembl_cnidaria_subject_coverage=0.1687 | blastp_trembl_cnidaria_evalue_pass=yes | blastp_trembl_cnidaria_description=tr|A0AAU9W5V6|A0AAU9W5V6_9CNID Uncharacterized protein (Fragment) OS=Pocillopora meandrina OX=46732 GN=PMEA_00031584 PE=4 SV=1 | blastp_trembl_cnidaria_description_is_ambiguous=yes | blastp_trembl_cnidaria_description_ambiguity_reason=uncharacterized protein | blastp_trembl_cnidaria_informative_hit=no | interpro_hit=no | eggnog_hit=no | signalp_result_present=yes | signalp_positive=no | signalp_raw=evm.utg3013.30	OTHER	0.000997	0.999003"	sequence_found_in_external_fasta	evm.utg3013.30	evm.utg3013.30	matched_multiple	protein_id	evm.utg3013	evm.utg3013.30	cds.evm.utg3013	utg3013	+	utg3013:267165-272060(+)	utg3013:267165-272060(+)	267165	272060	4896	utg3013:267165-272060(+)	267165	272060	4896	762	3	exon_features	3	matched_primary_from_multiple_strict	1	candidate_id_equals_transcript_id	143	58	143	15	1	1	1	no	dark_cluster_001096	evm.utg3013.30	1	evm.utg3013.30	1	1	1	no	single_copy_or_no_near_identical_dark_duplicate	8	high_priority	none	repeat_overlap	11	1400	0.285948	rnd-6_family-9212 861 919:1;rnd-6_family-5712 692 813:1;rnd-6_family-10088 698 837:1;rnd-1_family-15 1 247:1;rnd-1_family-22 1 143:1;rnd-6_family-708 90 155:1;rnd-1_family-868 17 164:1;rnd-1_family-16 15 262:1;rnd-5_family-4616 49 95:1;rnd-5_family-2962 141 368:1;rnd-5_family-2457 3 218:1	no_dmr_overlap	0	0	0.000000	NA	NA	de_significant	evm.TU.utg3013.30	gene_id	10	yes	4	salinity_only_wald|down|logFC=-1.788|padj=0.006762;salinity_added_wald|down|logFC=-1.326|padj=0.03441;combined_wald|down|logFC=-1.724|padj=0.009587;salinity_only_LRT|down|logFC=-3.285|padj=0.008977	0.00422549	3.28507
evm.utg2255.1	105	top_stress_responsive_dark_candidate	high_priority;single_copy_or_no_near_identical_dark_duplicate;DE_significant_any_contrast;stress_contrast_DE;abs_logFC_ge_2;padj_le_0.01;repeat_TE_overlap_context;no_DMR_overlap	all	yes	no	4	4	4.14591	0.00690043	full_model_LRT|up|logFC=4.146|padj=0.0069;salinity_added_wald|up|logFC=1.258|padj=0.03045;interactive_only_wald|up|logFC=1.876|padj=0.0335;salinity_only_wald|down|logFC=-1.122|padj=0.03787	evm.utg2255.1	evm.TU.utg2255.1	86	1	no										no		no										no		no										no				no	no										no				no	no							no														yes	no	"evm.utg2255.1	OTHER	0.036386	0.963614	"	function_dark_no_current_annotation	function_dark_no_current_annotation	non_classifying_evidence_retained	"diamond_swissprot_hit=no | diamond_swissprot_evalue_pass=no | blastp_swissprot_hit=no | blastp_swissprot_evalue_pass=no | diamond_trembl_cnidaria_hit=no | diamond_trembl_cnidaria_evalue_pass=no | diamond_trembl_cnidaria_informative_hit=no | blastp_trembl_cnidaria_hit=no | blastp_trembl_cnidaria_evalue_pass=no | blastp_trembl_cnidaria_informative_hit=no | interpro_hit=no | eggnog_hit=no | signalp_result_present=yes | signalp_positive=no | signalp_raw=evm.utg2255.1	OTHER	0.036386	0.963614"	sequence_found_in_external_fasta	evm.utg2255.1	evm.utg2255.1	matched_multiple	protein_id	evm.utg2255.1	evm.utg2255.1	cds.evm.utg2255	utg2255	+	utg2255:24631-28548(+)	utg2255:24631-28548(+)	24631	28548	3918	utg2255:24631-27431(+)	24631	27431	2801	261	4	exon_features	3	matched_primary_from_multiple_strict	1	candidate_id_equals_transcript_id	60	30	60	1	1	1	1	no	dark_cluster_000157	evm.utg2255.1	1	evm.utg2255.1	1	1	1	no	single_copy_or_no_near_identical_dark_duplicate	8	high_priority	none	repeat_overlap	15	2771	0.707249	rnd-6_family-3101 120 1359:1;rnd-6_family-26074 38 299:1;(C)n 1 25:1;rnd-1_family-942 15 77:1;rnd-4_family-1614 1 728:1;(CAA)n 1 30:1;A-rich 1 68:1;(TATTGT)n 1 42:1;rnd-5_family-9867 240 363:1;rnd-6_family-5635 1 309:1;rnd-1_family-92 2 295:1;rnd-1_family-101 136 382:1;rnd-1_family-52 334 390:1;rnd-1_family-447 1 52:1;rnd-1_family-17 26 154:1	no_dmr_overlap	0	0	0.000000	NA	NA	de_significant	evm.TU.utg2255.1	gene_id	10	yes	4	salinity_only_wald|down|logFC=-1.122|padj=0.03787;salinity_added_wald|up|logFC=1.258|padj=0.03045;interactive_only_wald|up|logFC=1.876|padj=0.0335;full_model_LRT|up|logFC=4.146|padj=0.0069	0.00690043	4.14591
evm.utg8609.20	105	top_stress_responsive_dark_candidate	high_priority;possible_biological_gene_family_expansion;DE_significant_any_contrast;stress_contrast_DE;diesel_added_DE;abs_logFC_ge_2;repeat_TE_overlap_context;no_DMR_overlap	all	yes	yes	2	2	4.36249	0.0124859	diesel_added_wald|down|logFC=-1.549|padj=0.01249;full_model_LRT|down|logFC=-4.362|padj=0.04291	evm.utg8609.20	evm.TU.utg8609.20	87	1	no										no		no										no		no										no				no	no										no				no	no							no														yes	no	"evm.utg8609.20	OTHER	0.023548	0.976452	"	function_dark_no_current_annotation	function_dark_no_current_annotation	non_classifying_evidence_retained	"diamond_swissprot_hit=no | diamond_swissprot_evalue_pass=no | blastp_swissprot_hit=no | blastp_swissprot_evalue_pass=no | diamond_trembl_cnidaria_hit=no | diamond_trembl_cnidaria_evalue_pass=no | diamond_trembl_cnidaria_informative_hit=no | blastp_trembl_cnidaria_hit=no | blastp_trembl_cnidaria_evalue_pass=no | blastp_trembl_cnidaria_informative_hit=no | interpro_hit=no | eggnog_hit=no | signalp_result_present=yes | signalp_positive=no | signalp_raw=evm.utg8609.20	OTHER	0.023548	0.976452"	sequence_found_in_external_fasta	evm.utg8609.1	evm.utg8609.1	matched_multiple	protein_id	evm.utg8609	evm.utg8609.20	cds.evm.utg8609	utg8609	+	utg8609:142975-161411(+)	utg8609:142975-161411(+)	142975	161411	18437	utg8609:142975-161411(+)	142975	161411	18437	264	4	exon_features	4	matched_primary_from_multiple_strict	1	candidate_id_equals_transcript_id	67	27	67	10	1	1	1	no	dark_cluster_001363	evm.utg8609.20	2	evm.utg8609.20;evm.utg8609.22	2	1	2	no	possible_biological_gene_family_expansion	7	high_priority	near_identical_dark_cluster;possible_biological_gene_family_expansion	repeat_overlap	58	8023	0.435158	rnd-1_family-885 5 91:1;rnd-1_family-213 273 322:1;rnd-1_family-129 1 285:1;rnd-1_family-213 22 170:1;(AT)n 1 68:1;rnd-6_family-605 134 224:1;(ATA)n 1 28:1;rnd-6_family-605 225 338:1;rnd-6_family-1265 8 105:1;rnd-1_family-29 95 350:1;rnd-6_family-605 355 406:1;(AAT)n 1 54:1;rnd-1_family-2 14 84:1;rnd-6_family-9761 95 193:1;rnd-1_family-250 142 309:1;rnd-4_family-182 1 169:1;rnd-4_family-866 100 498:1;rnd-4_family-866 80 153:1;rnd-1_family-63 1 188:1;rnd-3_family-6 762 797:1;(GTTTTT)n 1 37:1;rnd-1_family-155 15 52:1;rnd-1_family-465 1 55:1;rnd-1_family-424 140 685:1;(CATAGC)n 1 31:1;rnd-5_family-5585 224 267:1;rnd-6_family-1300 61 216:1;rnd-1_family-284 1 77:1;rnd-1_family-298 5 284:1;rnd-1_family-62 197 471:1;rnd-6_family-11715 243 412:1;rnd-6_family-11715 299 376:1;rnd-6_family-24934 1123 1210:1;rnd-1_family-62 1 208:1;rnd-1_family-298 283 348:1;rnd-6_family-1836 794 943:1;(ATT)n 1 33:1;rnd-5_family-1988 1675 1792:1;rnd-3_family-1404 94 165:1;rnd-6_family-4889 427 462:1;rnd-4_family-1706 1 121:1;(ATTAAA)n 1 47:1;rnd-1_family-1061 430 461:1;rnd-6_family-1286 497 690:1;rnd-5_family-726 4820 4881:1;(ACT)n 1 37:1;rnd-6_family-2421 1 233:1;rnd-1_family-459 296 355:1;rnd-5_family-2038 1 39:1;rnd-6_family-4123 4384 4583:1;rnd-1_family-782 1 210:1;rnd-1_family-75 14 448:1;rnd-4_family-38 3870 3965:1;(TCCG)n 1 60:1;rnd-4_family-38 190 3869:1;(GTGG)n 1 32:1;rnd-5_family-3577 19 76:1;rnd-6_family-2497 1112 1141:1	no_dmr_overlap	0	0	0.000000	NA	NA	de_significant	evm.TU.utg8609.20	gene_id	10	yes	2	diesel_added_wald|down|logFC=-1.549|padj=0.01249;full_model_LRT|down|logFC=-4.362|padj=0.04291	0.0124859	4.36249
utg9202.equina_smart_1466204.mrna1	105	top_stress_responsive_dark_candidate	high_priority;single_copy_or_no_near_identical_dark_duplicate;DE_significant_any_contrast;stress_contrast_DE;abs_logFC_ge_2;no_repeat_TE_overlap;no_DMR_overlap	all	yes	no	3	3	2.22931	0.0141404	salinity_only_LRT|up|logFC=2.229|padj=0.01414;salinity_only_wald|up|logFC=1.351|padj=0.01567;full_model_LRT|down|logFC=-1.613|padj=0.04468	utg9202.equina_smart_1466204.mrna1	utg9202.equina_smart_1466204.path1	133	1	no										no		no										no		no										no				no	no										no				no	no							no														yes	no	"utg9202.equina_smart_1466204.mrna1	OTHER	0.000741	0.999259	"	function_dark_no_current_annotation	function_dark_no_current_annotation	non_classifying_evidence_retained	"diamond_swissprot_hit=no | diamond_swissprot_evalue_pass=no | blastp_swissprot_hit=no | blastp_swissprot_evalue_pass=no | diamond_trembl_cnidaria_hit=no | diamond_trembl_cnidaria_evalue_pass=no | diamond_trembl_cnidaria_informative_hit=no | blastp_trembl_cnidaria_hit=no | blastp_trembl_cnidaria_evalue_pass=no | blastp_trembl_cnidaria_informative_hit=no | interpro_hit=no | eggnog_hit=no | signalp_result_present=yes | signalp_positive=no | signalp_raw=utg9202.equina_smart_1466204.mrna1	OTHER	0.000741	0.999259"	sequence_found_in_external_fasta	utg9202.equina_smart_1466204.mrna1	utg9202.equina_smart_1466204.mrna1	matched_multiple	protein_id	utg9202.equina_smart_1466204.mrna1	utg9202.equina_smart_1466204.mrna1	gmap_gene_find_equina_smart_1466204	utg9202	+	utg9202:16613-18070(+)	utg9202:16613-18070(+)	16613	18070	1458	utg9202:16613-18070(+)	16613	18070	1458	402	2	exon_features	2	matched_primary_from_multiple_strict	1	candidate_id_equals_transcript_id	2	1	2	1	1	0	0	no	dark_cluster_002883	utg9202.equina_smart_1466204.mrna1	1	utg9202.equina_smart_1466204.mrna1	1	1	1	no	single_copy_or_no_near_identical_dark_duplicate	8	high_priority	none	no_repeat_overlap	0	0	0.000000	NA	no_dmr_overlap	0	0	0.000000	NA	NA	de_significant	utg9202.equina_smart_1466204.path1	gene_id	10	yes	3	salinity_only_wald|up|logFC=1.351|padj=0.01567;salinity_only_LRT|up|logFC=2.229|padj=0.01414;full_model_LRT|down|logFC=-1.613|padj=0.04468	0.0141404	2.22931
evm.utg34572.2	105	top_stress_responsive_dark_candidate	high_priority;single_copy_or_no_near_identical_dark_duplicate;DE_significant_any_contrast;stress_contrast_DE;abs_logFC_ge_2;no_repeat_TE_overlap;no_DMR_overlap	all	yes	no	3	3	2.11902	0.0306363	full_model_LRT|up|logFC=2.119|padj=0.03064;salinity_added_wald|up|logFC=1.31|padj=0.03219;combined_wald|up|logFC=1.209|padj=0.04296	evm.utg34572.2	evm.TU.utg34572.2	197	1	no										no		no										no		yes	tr|A0A6P8I6X0|A0A6P8I6X0_ACTTE	43.2	185	5.14e-44	148	197	197	0.9391	0.9391	yes	tr|A0A6P8I6X0|A0A6P8I6X0_ACTTE Uncharacterized protein LOC116296576 OS=Actinia tenebrosa OX=6105 GN=LOC116296576 PE=4 SV=1	yes	uncharacterized protein	no	yes	tr|A0A6P8I6X0|A0A6P8I6X0_ACTTE	43.750	176	2.48e-44	149	197	197	0.8934	0.8934	yes	tr|A0A6P8I6X0|A0A6P8I6X0_ACTTE Uncharacterized protein LOC116296576 OS=Actinia tenebrosa OX=6105 GN=LOC116296576 PE=4 SV=1	yes	uncharacterized protein	no	no							no														yes	no	"evm.utg34572.2	OTHER	0.001982	0.998018	"	function_dark_no_current_annotation	function_dark_no_current_annotation	ambiguous_or_low_confidence_evidence;non_classifying_evidence_retained	"diamond_swissprot_hit=no | diamond_swissprot_evalue_pass=no | blastp_swissprot_hit=no | blastp_swissprot_evalue_pass=no | diamond_trembl_cnidaria_hit=yes | diamond_trembl_cnidaria_subject=tr|A0A6P8I6X0|A0A6P8I6X0_ACTTE | diamond_trembl_cnidaria_pident=43.2 | diamond_trembl_cnidaria_aln_length=185 | diamond_trembl_cnidaria_evalue=5.14e-44 | diamond_trembl_cnidaria_bitscore=148 | diamond_trembl_cnidaria_qlen=197 | diamond_trembl_cnidaria_slen=197 | diamond_trembl_cnidaria_query_coverage=0.9391 | diamond_trembl_cnidaria_subject_coverage=0.9391 | diamond_trembl_cnidaria_evalue_pass=yes | diamond_trembl_cnidaria_description=tr|A0A6P8I6X0|A0A6P8I6X0_ACTTE Uncharacterized protein LOC116296576 OS=Actinia tenebrosa OX=6105 GN=LOC116296576 PE=4 SV=1 | diamond_trembl_cnidaria_description_is_ambiguous=yes | diamond_trembl_cnidaria_description_ambiguity_reason=uncharacterized protein | diamond_trembl_cnidaria_informative_hit=no | blastp_trembl_cnidaria_hit=yes | blastp_trembl_cnidaria_subject=tr|A0A6P8I6X0|A0A6P8I6X0_ACTTE | blastp_trembl_cnidaria_pident=43.750 | blastp_trembl_cnidaria_aln_length=176 | blastp_trembl_cnidaria_evalue=2.48e-44 | blastp_trembl_cnidaria_bitscore=149 | blastp_trembl_cnidaria_qlen=197 | blastp_trembl_cnidaria_slen=197 | blastp_trembl_cnidaria_query_coverage=0.8934 | blastp_trembl_cnidaria_subject_coverage=0.8934 | blastp_trembl_cnidaria_evalue_pass=yes | blastp_trembl_cnidaria_description=tr|A0A6P8I6X0|A0A6P8I6X0_ACTTE Uncharacterized protein LOC116296576 OS=Actinia tenebrosa OX=6105 GN=LOC116296576 PE=4 SV=1 | blastp_trembl_cnidaria_description_is_ambiguous=yes | blastp_trembl_cnidaria_description_ambiguity_reason=uncharacterized protein | blastp_trembl_cnidaria_informative_hit=no | interpro_hit=no | eggnog_hit=no | signalp_result_present=yes | signalp_positive=no | signalp_raw=evm.utg34572.2	OTHER	0.001982	0.998018"	sequence_found_in_external_fasta	evm.utg34572.1	evm.utg34572.1	matched_multiple	protein_id	evm.utg34572	evm.utg34572.2	cds.evm.utg34572	utg34572	-	utg34572:6688-7583(-)	utg34572:6688-7583(-)	6688	7583	896	utg34572:6941-7534(-)	6941	7534	594	594	1	exon_features	1	matched_primary_from_multiple_strict	1	candidate_id_equals_transcript_id	12	6	12	1	1	0	0	no	dark_cluster_001068	evm.utg34572.2	1	evm.utg34572.2	1	1	1	no	single_copy_or_no_near_identical_dark_duplicate	7	high_priority	none	no_repeat_overlap	0	0	0.000000	NA	no_dmr_overlap	0	0	0.000000	NA	NA	de_significant	evm.TU.utg34572.2	gene_id	10	yes	3	salinity_added_wald|up|logFC=1.31|padj=0.03219;combined_wald|up|logFC=1.209|padj=0.04296;full_model_LRT|up|logFC=2.119|padj=0.03064	0.0306363	2.11902
utg844.equina_smart_854614.mrna2	105	top_stress_responsive_dark_candidate	high_priority;single_copy_or_no_near_identical_dark_duplicate;DE_significant_any_contrast;stress_contrast_DE;diesel_added_DE;repeat_TE_overlap_context;no_DMR_overlap	all	yes	yes	1	1	1.06301	0.0325103	diesel_added_wald|down|logFC=-1.063|padj=0.03251	utg844.equina_smart_854614.mrna2	utg844.equina_smart_854614.path2	48	1	no										no		no										no		no										no				no	no										no				no	no							no														yes	no	"utg844.equina_smart_854614.mrna2	SP(Sec/SPI)	0.785743	0.214257	CS pos: 33-34. VKA-TC. Pr: 0.5611"	function_dark_no_current_annotation	function_dark_no_current_annotation	non_classifying_evidence_retained	"diamond_swissprot_hit=no | diamond_swissprot_evalue_pass=no | blastp_swissprot_hit=no | blastp_swissprot_evalue_pass=no | diamond_trembl_cnidaria_hit=no | diamond_trembl_cnidaria_evalue_pass=no | diamond_trembl_cnidaria_informative_hit=no | blastp_trembl_cnidaria_hit=no | blastp_trembl_cnidaria_evalue_pass=no | blastp_trembl_cnidaria_informative_hit=no | interpro_hit=no | eggnog_hit=no | signalp_result_present=yes | signalp_positive=no | signalp_raw=utg844.equina_smart_854614.mrna2	SP(Sec/SPI)	0.785743	0.214257	CS pos: 33-34. VKA-TC. Pr: 0.5611"	sequence_found_in_external_fasta	utg844.equina_smart_854614.mrna2	utg844.equina_smart_854614.mrna2	matched_multiple	protein_id	utg844.equina_smart_854614	utg844.equina_smart_854614.mrna2	gmap_gene_find_equina_smart_854614	utg844	+	utg844:77352-77683(+)	utg844:77352-77683(+)	77352	77683	332	utg844:77352-77683(+)	77352	77683	332	147	2	exon_features	2	matched_primary_from_multiple_strict	1	candidate_id_equals_transcript_id	2	1	2	1	1	0	0	no	dark_cluster_001883	utg844.equina_smart_854614.mrna2	1	utg844.equina_smart_854614.mrna2	1	1	1	no	single_copy_or_no_near_identical_dark_duplicate	8	high_priority	none	repeat_overlap	1	25	0.075301	rnd-4_family-1926 3306 3363:1	no_dmr_overlap	0	0	0.000000	NA	NA	de_significant	utg844.equina_smart_854614.path2	gene_id	10	yes	1	diesel_added_wald|down|logFC=-1.063|padj=0.03251	0.0325103	3.42486
evm.utg125.74	104	top_stress_responsive_dark_candidate	high_priority;single_copy_or_no_near_identical_dark_duplicate;DE_significant_any_contrast;stress_contrast_DE;abs_logFC_ge_2;padj_le_0.001;repeat_TE_overlap_context;no_DMR_overlap	all	yes	no	2	2	2.15135	0.000185063	combined_wald|down|logFC=-2.151|padj=0.0001851;salinity_added_wald|down|logFC=-1.088|padj=0.04183	evm.utg125.74	evm.TU.utg125.74	124	1	no										no		no										no		no										no				no	no										no				no	no							no														yes	no	"evm.utg125.74	OTHER	0.004592	0.995408	"	function_dark_no_current_annotation	function_dark_no_current_annotation	non_classifying_evidence_retained	"diamond_swissprot_hit=no | diamond_swissprot_evalue_pass=no | blastp_swissprot_hit=no | blastp_swissprot_evalue_pass=no | diamond_trembl_cnidaria_hit=no | diamond_trembl_cnidaria_evalue_pass=no | diamond_trembl_cnidaria_informative_hit=no | blastp_trembl_cnidaria_hit=no | blastp_trembl_cnidaria_evalue_pass=no | blastp_trembl_cnidaria_informative_hit=no | interpro_hit=no | eggnog_hit=no | signalp_result_present=yes | signalp_positive=no | signalp_raw=evm.utg125.74	OTHER	0.004592	0.995408"	sequence_found_in_external_fasta	evm.utg125.74	evm.utg125.74	matched_multiple	protein_id	evm.utg125	evm.utg125.74	cds.evm.utg125	utg125	-	utg125:771684-778543(-)	utg125:771684-778543(-)	771684	778543	6860	utg125:771753-778433(-)	771753	778433	6681	375	2	exon_features	2	matched_primary_from_multiple_strict	1	candidate_id_equals_transcript_id	410	187	410	21	1	2	3	no	dark_cluster_000838	evm.utg125.74	1	evm.utg125.74	1	1	1	no	single_copy_or_no_near_identical_dark_duplicate	8	high_priority	none	repeat_overlap	31	5149	0.750583	rnd-5_family-6906 319 425:1;(TGT)n 1 279:1;rnd-4_family-389 13 141:1;rnd-1_family-85 132 353:1;rnd-4_family-389 15 252:1;rnd-6_family-29044 346 455:1;rnd-1_family-1077 1 490:1;rnd-1_family-1118 1 109:1;rnd-6_family-18355 506 660:1;rnd-1_family-1118 1 110:1;rnd-1_family-1118 8 120:1;rnd-6_family-18355 457 505:1;rnd-3_family-32 44 160:1;rnd-6_family-3534 21 354:1;rnd-1_family-21 1 326:1;rnd-6_family-5635 1 114:1;rnd-1_family-423 26 75:1;rnd-6_family-14858 237 480:1;(GACACTAG)n 1 37:1;rnd-6_family-14858 228 288:1;rnd-6_family-14858 99 240:1;rnd-6_family-14858 227 348:1;rnd-6_family-14858 99 197:1;rnd-1_family-1093 1 198:1;rnd-6_family-2066 636 705:1;rnd-1_family-1046 1 377:1;rnd-5_family-321 1109 1243:1;rnd-6_family-2066 574 641:1;rnd-1_family-618 2 254:1;rnd-6_family-20394 517 670:1;rnd-6_family-190 1 149:1	no_dmr_overlap	0	0	0.000000	NA	NA	de_significant	evm.TU.utg125.74	gene_id	10	yes	2	salinity_added_wald|down|logFC=-1.088|padj=0.04183;combined_wald|down|logFC=-2.151|padj=0.0001851	0.000185063	2.15135
evm.utg2367.17	104	top_stress_responsive_dark_candidate	high_priority;single_copy_or_no_near_identical_dark_duplicate;DE_significant_any_contrast;stress_contrast_DE;abs_logFC_ge_2;padj_le_0.001;repeat_TE_overlap_context;no_DMR_overlap	all	yes	no	2	2	3.23071	0.000548073	salinity_added_wald|up|logFC=2.898|padj=0.0005481;full_model_LRT|up|logFC=3.231|padj=0.006338	evm.utg2367.17	evm.TU.utg2367.17	113	1	no										no		no										no		yes	tr|A0A6P8IPL3|A0A6P8IPL3_ACTTE	100	63	1.71e-34	127	113	564	0.5575	0.1117	yes	tr|A0A6P8IPL3|A0A6P8IPL3_ACTTE Uncharacterized protein LOC116303078 OS=Actinia tenebrosa OX=6105 GN=LOC116303078 PE=4 SV=1	yes	uncharacterized protein	no	yes	tr|A0A6P8IPL3|A0A6P8IPL3_ACTTE	100.000	63	2.79e-36	132	113	564	0.5575	0.1117	yes	tr|A0A6P8IPL3|A0A6P8IPL3_ACTTE Uncharacterized protein LOC116303078 OS=Actinia tenebrosa OX=6105 GN=LOC116303078 PE=4 SV=1	yes	uncharacterized protein	no	no							no														yes	no	"evm.utg2367.17	OTHER	0.001723	0.998277	"	function_dark_no_current_annotation	function_dark_no_current_annotation	ambiguous_or_low_confidence_evidence;non_classifying_evidence_retained	"diamond_swissprot_hit=no | diamond_swissprot_evalue_pass=no | blastp_swissprot_hit=no | blastp_swissprot_evalue_pass=no | diamond_trembl_cnidaria_hit=yes | diamond_trembl_cnidaria_subject=tr|A0A6P8IPL3|A0A6P8IPL3_ACTTE | diamond_trembl_cnidaria_pident=100 | diamond_trembl_cnidaria_aln_length=63 | diamond_trembl_cnidaria_evalue=1.71e-34 | diamond_trembl_cnidaria_bitscore=127 | diamond_trembl_cnidaria_qlen=113 | diamond_trembl_cnidaria_slen=564 | diamond_trembl_cnidaria_query_coverage=0.5575 | diamond_trembl_cnidaria_subject_coverage=0.1117 | diamond_trembl_cnidaria_evalue_pass=yes | diamond_trembl_cnidaria_description=tr|A0A6P8IPL3|A0A6P8IPL3_ACTTE Uncharacterized protein LOC116303078 OS=Actinia tenebrosa OX=6105 GN=LOC116303078 PE=4 SV=1 | diamond_trembl_cnidaria_description_is_ambiguous=yes | diamond_trembl_cnidaria_description_ambiguity_reason=uncharacterized protein | diamond_trembl_cnidaria_informative_hit=no | blastp_trembl_cnidaria_hit=yes | blastp_trembl_cnidaria_subject=tr|A0A6P8IPL3|A0A6P8IPL3_ACTTE | blastp_trembl_cnidaria_pident=100.000 | blastp_trembl_cnidaria_aln_length=63 | blastp_trembl_cnidaria_evalue=2.79e-36 | blastp_trembl_cnidaria_bitscore=132 | blastp_trembl_cnidaria_qlen=113 | blastp_trembl_cnidaria_slen=564 | blastp_trembl_cnidaria_query_coverage=0.5575 | blastp_trembl_cnidaria_subject_coverage=0.1117 | blastp_trembl_cnidaria_evalue_pass=yes | blastp_trembl_cnidaria_description=tr|A0A6P8IPL3|A0A6P8IPL3_ACTTE Uncharacterized protein LOC116303078 OS=Actinia tenebrosa OX=6105 GN=LOC116303078 PE=4 SV=1 | blastp_trembl_cnidaria_description_is_ambiguous=yes | blastp_trembl_cnidaria_description_ambiguity_reason=uncharacterized protein | blastp_trembl_cnidaria_informative_hit=no | interpro_hit=no | eggnog_hit=no | signalp_result_present=yes | signalp_positive=no | signalp_raw=evm.utg2367.17	OTHER	0.001723	0.998277"	sequence_found_in_external_fasta	evm.utg2367.17	evm.utg2367.17	matched_multiple	protein_id	evm.utg2367.17	evm.utg2367.17	cds.evm.utg2367	utg2367	+	utg2367:179319-179660(+)	utg2367:179319-179660(+)	179319	179660	342	utg2367:179319-179660(+)	179319	179660	342	342	1	exon_features	1	matched_primary_from_multiple_strict	1	candidate_id_equals_transcript_id	72	32	72	5	1	0	0	no	dark_cluster_000342	evm.utg2367.17	1	evm.utg2367.17	1	1	1	no	single_copy_or_no_near_identical_dark_duplicate	7	high_priority	none	repeat_overlap	1	86	0.251462	rnd-6_family-3254 19 220:1	no_dmr_overlap	0	0	0.000000	NA	NA	de_significant	evm.TU.utg2367.17	gene_id	10	yes	2	salinity_added_wald|up|logFC=2.898|padj=0.0005481;full_model_LRT|up|logFC=3.231|padj=0.006338	0.000548073	3.23071
evm.utg1919.55	104	top_stress_responsive_dark_candidate	high_priority;single_copy_or_no_near_identical_dark_duplicate;DE_significant_any_contrast;stress_contrast_DE;abs_logFC_ge_2;padj_le_0.01;no_repeat_TE_overlap;no_DMR_overlap	all	yes	no	1	1	2.58197	0.00292052	salinity_only_LRT|down|logFC=-2.582|padj=0.002921	evm.utg1919.55	evm.TU.utg1919.55	88	1	no										no		no										no		no										no				no	no										no				no	no							no														yes	no	"evm.utg1919.55	SP(Sec/SPI)	0.991794	0.008206	CS pos: 23-24. VQG-FT. Pr: 0.9125"	function_dark_no_current_annotation	function_dark_no_current_annotation	non_classifying_evidence_retained	"diamond_swissprot_hit=no | diamond_swissprot_evalue_pass=no | blastp_swissprot_hit=no | blastp_swissprot_evalue_pass=no | diamond_trembl_cnidaria_hit=no | diamond_trembl_cnidaria_evalue_pass=no | diamond_trembl_cnidaria_informative_hit=no | blastp_trembl_cnidaria_hit=no | blastp_trembl_cnidaria_evalue_pass=no | blastp_trembl_cnidaria_informative_hit=no | interpro_hit=no | eggnog_hit=no | signalp_result_present=yes | signalp_positive=no | signalp_raw=evm.utg1919.55	SP(Sec/SPI)	0.991794	0.008206	CS pos: 23-24. VQG-FT. Pr: 0.9125"	sequence_found_in_external_fasta	evm.utg1919.55	evm.utg1919.55	matched_multiple	protein_id	evm.utg1919	evm.utg1919.55	cds.evm.utg1919	utg1919	+	utg1919:528418-533438(+)	utg1919:528418-533438(+)	528418	533438	5021	utg1919:528517-533174(+)	528517	533174	4658	267	2	exon_features	2	matched_primary_from_multiple_strict	1	candidate_id_equals_transcript_id	298	117	298	38	1	2	3	no	dark_cluster_002127	evm.utg1919.55	1	evm.utg1919.55	1	1	1	no	single_copy_or_no_near_identical_dark_duplicate	8	high_priority	none	no_repeat_overlap	0	0	0.000000	NA	no_dmr_overlap	0	0	0.000000	NA	NA	de_significant	evm.TU.utg1919.55	gene_id	10	yes	1	salinity_only_LRT|down|logFC=-2.582|padj=0.002921	0.00292052	2.58197
evm.utg420.38	104	top_stress_responsive_dark_candidate	high_priority;single_copy_or_no_near_identical_dark_duplicate;DE_significant_any_contrast;stress_contrast_DE;padj_le_0.01;no_repeat_TE_overlap;no_DMR_overlap	all	yes	no	4	4	1.30901	0.00491299	combined_wald|down|logFC=-1.153|padj=0.004913;salinity_added_wald|down|logFC=-1.128|padj=0.006265;salinity_only_wald|down|logFC=-1.01|padj=0.009064;salinity_only_LRT|down|logFC=-1.309|padj=0.01896	evm.utg420.38	evm.TU.utg420.38	181	1	no										no		no										no		yes	tr|A0A9W9YX89|A0A9W9YX89_9CNID	42.0	150	5.30e-29	108	181	177	0.8287	0.8475	yes	tr|A0A9W9YX89|A0A9W9YX89_9CNID Uncharacterized protein OS=Desmophyllum pertusum OX=174260 GN=OS493_027337 PE=4 SV=1	yes	uncharacterized protein	no	yes	tr|A0ABN8P0C3|A0ABN8P0C3_9CNID	48.905	137	1.59e-30	112	181	183	0.7569	0.7486	yes	tr|A0ABN8P0C3|A0ABN8P0C3_9CNID Uncharacterized protein OS=Porites lobata OX=104759 GN=PLOB_00033326 PE=4 SV=1	yes	uncharacterized protein	no	no							no														yes	no	"evm.utg420.38	OTHER	0.000558	0.999442	"	function_dark_no_current_annotation	function_dark_no_current_annotation	ambiguous_or_low_confidence_evidence;non_classifying_evidence_retained	"diamond_swissprot_hit=no | diamond_swissprot_evalue_pass=no | blastp_swissprot_hit=no | blastp_swissprot_evalue_pass=no | diamond_trembl_cnidaria_hit=yes | diamond_trembl_cnidaria_subject=tr|A0A9W9YX89|A0A9W9YX89_9CNID | diamond_trembl_cnidaria_pident=42.0 | diamond_trembl_cnidaria_aln_length=150 | diamond_trembl_cnidaria_evalue=5.30e-29 | diamond_trembl_cnidaria_bitscore=108 | diamond_trembl_cnidaria_qlen=181 | diamond_trembl_cnidaria_slen=177 | diamond_trembl_cnidaria_query_coverage=0.8287 | diamond_trembl_cnidaria_subject_coverage=0.8475 | diamond_trembl_cnidaria_evalue_pass=yes | diamond_trembl_cnidaria_description=tr|A0A9W9YX89|A0A9W9YX89_9CNID Uncharacterized protein OS=Desmophyllum pertusum OX=174260 GN=OS493_027337 PE=4 SV=1 | diamond_trembl_cnidaria_description_is_ambiguous=yes | diamond_trembl_cnidaria_description_ambiguity_reason=uncharacterized protein | diamond_trembl_cnidaria_informative_hit=no | blastp_trembl_cnidaria_hit=yes | blastp_trembl_cnidaria_subject=tr|A0ABN8P0C3|A0ABN8P0C3_9CNID | blastp_trembl_cnidaria_pident=48.905 | blastp_trembl_cnidaria_aln_length=137 | blastp_trembl_cnidaria_evalue=1.59e-30 | blastp_trembl_cnidaria_bitscore=112 | blastp_trembl_cnidaria_qlen=181 | blastp_trembl_cnidaria_slen=183 | blastp_trembl_cnidaria_query_coverage=0.7569 | blastp_trembl_cnidaria_subject_coverage=0.7486 | blastp_trembl_cnidaria_evalue_pass=yes | blastp_trembl_cnidaria_description=tr|A0ABN8P0C3|A0ABN8P0C3_9CNID Uncharacterized protein OS=Porites lobata OX=104759 GN=PLOB_00033326 PE=4 SV=1 | blastp_trembl_cnidaria_description_is_ambiguous=yes | blastp_trembl_cnidaria_description_ambiguity_reason=uncharacterized protein | blastp_trembl_cnidaria_informative_hit=no | interpro_hit=no | eggnog_hit=no | signalp_result_present=yes | signalp_positive=no | signalp_raw=evm.utg420.38	OTHER	0.000558	0.999442"	sequence_found_in_external_fasta	evm.utg420.38	evm.utg420.38	matched_multiple	protein_id	evm.utg420	evm.utg420.38	cds.evm.utg420	utg420	+	utg420:415834-416379(+)	utg420:415834-416379(+)	415834	416379	546	utg420:415834-416379(+)	415834	416379	546	546	1	exon_features	1	matched_primary_from_multiple_strict	1	candidate_id_equals_transcript_id	364	143	364	43	1	0	0	no	dark_cluster_002868	evm.utg420.38	1	evm.utg420.38	1	1	1	no	single_copy_or_no_near_identical_dark_duplicate	7	high_priority	none	no_repeat_overlap	0	0	0.000000	NA	no_dmr_overlap	0	0	0.000000	NA	NA	de_significant	evm.TU.utg420.38	gene_id	10	yes	4	salinity_only_wald|down|logFC=-1.01|padj=0.009064;salinity_added_wald|down|logFC=-1.128|padj=0.006265;combined_wald|down|logFC=-1.153|padj=0.004913;salinity_only_LRT|down|logFC=-1.309|padj=0.01896	0.000633344	1.30901
utg4428.equina_smart_1455225.mrna1	103	top_stress_responsive_dark_candidate	high_priority;single_copy_or_no_near_identical_dark_duplicate;DE_significant_any_contrast;stress_contrast_DE;abs_logFC_ge_1.5;padj_le_0.001;repeat_TE_overlap_context;no_DMR_overlap	all	yes	no	3	3	1.74334	2.7553e-06	full_model_LRT|down|logFC=-1.126|padj=2.755e-06;salinity_only_wald|up|logFC=1.505|padj=5.295e-05;salinity_only_LRT|up|logFC=1.743|padj=0.002053	utg4428.equina_smart_1455225.mrna1	utg4428.equina_smart_1455225.path1	41	1	no										no		no										no		no										no				no	no										no				no	no							no														yes	no	"utg4428.equina_smart_1455225.mrna1	OTHER	0.030416	0.969584	"	function_dark_no_current_annotation	function_dark_no_current_annotation	non_classifying_evidence_retained	"diamond_swissprot_hit=no | diamond_swissprot_evalue_pass=no | blastp_swissprot_hit=no | blastp_swissprot_evalue_pass=no | diamond_trembl_cnidaria_hit=no | diamond_trembl_cnidaria_evalue_pass=no | diamond_trembl_cnidaria_informative_hit=no | blastp_trembl_cnidaria_hit=no | blastp_trembl_cnidaria_evalue_pass=no | blastp_trembl_cnidaria_informative_hit=no | interpro_hit=no | eggnog_hit=no | signalp_result_present=yes | signalp_positive=no | signalp_raw=utg4428.equina_smart_1455225.mrna1	OTHER	0.030416	0.969584"	sequence_found_in_external_fasta	utg4428.equina_smart_1455225.mrna1	utg4428.equina_smart_1455225.mrna1	matched_multiple	protein_id	utg4428.equina_smart_1455225	utg4428.equina_smart_1455225.mrna1	gmap_gene_find_equina_smart_1455225	utg4428	-	utg4428:44814-47855(-)	utg4428:44814-47855(-)	44814	47855	3042	utg4428:44814-47855(-)	44814	47855	3042	126	2	exon_features	2	matched_primary_from_multiple_strict	1	candidate_id_equals_transcript_id	2	1	2	1	1	0	0	no	dark_cluster_000276	utg4428.equina_smart_1455225.mrna1	1	utg4428.equina_smart_1455225.mrna1	1	1	1	no	single_copy_or_no_near_identical_dark_duplicate	8	high_priority	none	repeat_overlap	13	2795	0.918803	rnd-5_family-170 992 1180:1;rnd-6_family-15209 1 81:1;rnd-6_family-1550 2 295:1;rnd-4_family-515 15 521:1;rnd-1_family-942 10 91:1;rnd-4_family-1614 396 731:1;rnd-1_family-809 3 158:1;rnd-4_family-1614 1 234:1;rnd-1_family-656 1 99:1;rnd-5_family-1881 463 888:1;rnd-5_family-1881 3 69:1;rnd-1_family-455 26 102:1;rnd-6_family-23806 20 650:1	no_dmr_overlap	0	0	0.000000	NA	NA	de_significant	utg4428.equina_smart_1455225.path1	gene_id	10	yes	3	salinity_only_wald|up|logFC=1.505|padj=5.295e-05;salinity_only_LRT|up|logFC=1.743|padj=0.002053;full_model_LRT|down|logFC=-1.126|padj=2.755e-06	2.7553e-06	1.74334
evm.utg6161.5	103	top_stress_responsive_dark_candidate	high_priority;possible_biological_gene_family_expansion;DE_significant_any_contrast;stress_contrast_DE;abs_logFC_ge_2;padj_le_0.001;no_repeat_TE_overlap;no_DMR_overlap	all	yes	no	3	3	5.09826	5.13204e-06	combined_wald|up|logFC=5.098|padj=5.132e-06;salinity_only_wald|up|logFC=2.194|padj=0.003533;salinity_added_wald|up|logFC=2.194|padj=0.00464	evm.utg6161.5	evm.TU.utg6161.5	627	1	no										no		no										no		yes	tr|A0A6S7J7C4|A0A6S7J7C4_PARCT	60.2	369	1.31e-148	436	627	337	0.5885	1.0950	yes	tr|A0A6S7J7C4|A0A6S7J7C4_PARCT Uncharacterized protein OS=Paramuricea clavata OX=317549 GN=PACLA_8A015279 PE=4 SV=1	yes	uncharacterized protein	no	yes	tr|A0A6S7J7C4|A0A6S7J7C4_PARCT	60.000	370	1.27e-156	456	627	337	0.5901	1.0979	yes	tr|A0A6S7J7C4|A0A6S7J7C4_PARCT Uncharacterized protein OS=Paramuricea clavata OX=317549 GN=PACLA_8A015279 PE=4 SV=1	yes	uncharacterized protein	no	no							no														yes	no	"evm.utg6161.5	OTHER	0.001313	0.998687	"	function_dark_no_current_annotation	function_dark_no_current_annotation	ambiguous_or_low_confidence_evidence;non_classifying_evidence_retained	"diamond_swissprot_hit=no | diamond_swissprot_evalue_pass=no | blastp_swissprot_hit=no | blastp_swissprot_evalue_pass=no | diamond_trembl_cnidaria_hit=yes | diamond_trembl_cnidaria_subject=tr|A0A6S7J7C4|A0A6S7J7C4_PARCT | diamond_trembl_cnidaria_pident=60.2 | diamond_trembl_cnidaria_aln_length=369 | diamond_trembl_cnidaria_evalue=1.31e-148 | diamond_trembl_cnidaria_bitscore=436 | diamond_trembl_cnidaria_qlen=627 | diamond_trembl_cnidaria_slen=337 | diamond_trembl_cnidaria_query_coverage=0.5885 | diamond_trembl_cnidaria_subject_coverage=1.0950 | diamond_trembl_cnidaria_evalue_pass=yes | diamond_trembl_cnidaria_description=tr|A0A6S7J7C4|A0A6S7J7C4_PARCT Uncharacterized protein OS=Paramuricea clavata OX=317549 GN=PACLA_8A015279 PE=4 SV=1 | diamond_trembl_cnidaria_description_is_ambiguous=yes | diamond_trembl_cnidaria_description_ambiguity_reason=uncharacterized protein | diamond_trembl_cnidaria_informative_hit=no | blastp_trembl_cnidaria_hit=yes | blastp_trembl_cnidaria_subject=tr|A0A6S7J7C4|A0A6S7J7C4_PARCT | blastp_trembl_cnidaria_pident=60.000 | blastp_trembl_cnidaria_aln_length=370 | blastp_trembl_cnidaria_evalue=1.27e-156 | blastp_trembl_cnidaria_bitscore=456 | blastp_trembl_cnidaria_qlen=627 | blastp_trembl_cnidaria_slen=337 | blastp_trembl_cnidaria_query_coverage=0.5901 | blastp_trembl_cnidaria_subject_coverage=1.0979 | blastp_trembl_cnidaria_evalue_pass=yes | blastp_trembl_cnidaria_description=tr|A0A6S7J7C4|A0A6S7J7C4_PARCT Uncharacterized protein OS=Paramuricea clavata OX=317549 GN=PACLA_8A015279 PE=4 SV=1 | blastp_trembl_cnidaria_description_is_ambiguous=yes | blastp_trembl_cnidaria_description_ambiguity_reason=uncharacterized protein | blastp_trembl_cnidaria_informative_hit=no | interpro_hit=no | eggnog_hit=no | signalp_result_present=yes | signalp_positive=no | signalp_raw=evm.utg6161.5	OTHER	0.001313	0.998687"	sequence_found_in_external_fasta	evm.utg6161.2	evm.utg6161.2	matched_multiple	protein_id	evm.utg6161	evm.utg6161.5	cds.evm.utg6161	utg6161	+	utg6161:13357-15240(+)	utg6161:13357-15240(+)	13357	15240	1884	utg6161:13357-15240(+)	13357	15240	1884	1884	1	exon_features	1	matched_primary_from_multiple_strict	1	candidate_id_equals_transcript_id	18	9	18	1	1	0	0	no	dark_cluster_002247	evm.utg6161.2	4	evm.utg6161.2;evm.utg6161.5;evm.utg6161.6;evm.utg6161.8	4	1	4	no	possible_biological_gene_family_expansion	6	high_priority	near_identical_dark_cluster;possible_biological_gene_family_expansion	no_repeat_overlap	0	0	0.000000	NA	no_dmr_overlap	0	0	0.000000	NA	NA	de_significant	evm.TU.utg6161.5	gene_id	10	yes	3	salinity_only_wald|up|logFC=2.194|padj=0.003533;salinity_added_wald|up|logFC=2.194|padj=0.00464;combined_wald|up|logFC=5.098|padj=5.132e-06	5.13204e-06	5.09826
utg192.equina_smart_92769.mrna7	103	top_stress_responsive_dark_candidate	high_priority;single_copy_or_no_near_identical_dark_duplicate;DE_significant_any_contrast;stress_contrast_DE;abs_logFC_ge_1.5;padj_le_0.001;repeat_TE_overlap_context;no_DMR_overlap	all	yes	no	3	3	1.86115	8.52405e-06	full_model_LRT|up|logFC=1.252|padj=8.524e-06;salinity_added_wald|up|logFC=1.861|padj=1.551e-05;combined_wald|up|logFC=1.434|padj=0.0006608	utg192.equina_smart_92769.mrna7	utg192.equina_smart_92769.path7	57	1	no										no		no										no		no										no				no	no										no				no	no							no														yes	no	"utg192.equina_smart_92769.mrna7	OTHER	0.003944	0.996056	"	function_dark_no_current_annotation	function_dark_no_current_annotation	non_classifying_evidence_retained	"diamond_swissprot_hit=no | diamond_swissprot_evalue_pass=no | blastp_swissprot_hit=no | blastp_swissprot_evalue_pass=no | diamond_trembl_cnidaria_hit=no | diamond_trembl_cnidaria_evalue_pass=no | diamond_trembl_cnidaria_informative_hit=no | blastp_trembl_cnidaria_hit=no | blastp_trembl_cnidaria_evalue_pass=no | blastp_trembl_cnidaria_informative_hit=no | interpro_hit=no | eggnog_hit=no | signalp_result_present=yes | signalp_positive=no | signalp_raw=utg192.equina_smart_92769.mrna7	OTHER	0.003944	0.996056"	sequence_found_in_external_fasta	utg192.equina_smart_92769.mrna7	utg192.equina_smart_92769.mrna7	matched_multiple	protein_id	utg192.equina_smart_92769	utg192.equina_smart_92769.mrna7	gmap_gene_find_equina_smart_92769	utg192	+	utg192:45354-46068(+)	utg192:45354-46068(+)	45354	46068	715	utg192:45354-46068(+)	45354	46068	715	174	2	exon_features	2	matched_primary_from_multiple_strict	1	candidate_id_equals_transcript_id	2	1	2	1	1	0	0	no	dark_cluster_001059	utg192.equina_smart_92769.mrna7	1	utg192.equina_smart_92769.mrna7	1	1	1	no	single_copy_or_no_near_identical_dark_duplicate	8	high_priority	none	repeat_overlap	3	715	1.000000	rnd-6_family-22432 698 1035:1;rnd-1_family-131 1 545:1;rnd-6_family-22432 1031 1254:1	no_dmr_overlap	0	0	0.000000	NA	NA	de_significant	utg192.equina_smart_92769.path7	gene_id	10	yes	3	salinity_added_wald|up|logFC=1.861|padj=1.551e-05;combined_wald|up|logFC=1.434|padj=0.0006608;full_model_LRT|up|logFC=1.252|padj=8.524e-06	8.52405e-06	1.86115
evm.utg435.5	103	top_stress_responsive_dark_candidate	high_priority;single_copy_or_no_near_identical_dark_duplicate;DE_significant_any_contrast;stress_contrast_DE;padj_le_0.001;no_repeat_TE_overlap;no_DMR_overlap	all	yes	no	2	2	1.30715	0.00010322	salinity_added_wald|down|logFC=-1.307|padj=0.0001032;full_model_LRT|down|logFC=-1.207|padj=0.0006209	evm.utg435.5	evm.TU.utg435.5	380	1	no										no		no										no		yes	tr|A0A6P8HW25|A0A6P8HW25_ACTTE	90.7	376	4.27e-254	695	380	379	0.9895	0.9921	yes	tr|A0A6P8HW25|A0A6P8HW25_ACTTE Uncharacterized protein LOC116293531 OS=Actinia tenebrosa OX=6105 GN=LOC116293531 PE=4 SV=1	yes	uncharacterized protein	no	yes	tr|A0A6P8HW25|A0A6P8HW25_ACTTE	91.534	378	0.0	649	380	379	0.9947	0.9974	yes	tr|A0A6P8HW25|A0A6P8HW25_ACTTE Uncharacterized protein LOC116293531 OS=Actinia tenebrosa OX=6105 GN=LOC116293531 PE=4 SV=1	yes	uncharacterized protein	no	no							no														yes	no	"evm.utg435.5	OTHER	0.005555	0.994445	"	function_dark_no_current_annotation	function_dark_no_current_annotation	ambiguous_or_low_confidence_evidence;non_classifying_evidence_retained	"diamond_swissprot_hit=no | diamond_swissprot_evalue_pass=no | blastp_swissprot_hit=no | blastp_swissprot_evalue_pass=no | diamond_trembl_cnidaria_hit=yes | diamond_trembl_cnidaria_subject=tr|A0A6P8HW25|A0A6P8HW25_ACTTE | diamond_trembl_cnidaria_pident=90.7 | diamond_trembl_cnidaria_aln_length=376 | diamond_trembl_cnidaria_evalue=4.27e-254 | diamond_trembl_cnidaria_bitscore=695 | diamond_trembl_cnidaria_qlen=380 | diamond_trembl_cnidaria_slen=379 | diamond_trembl_cnidaria_query_coverage=0.9895 | diamond_trembl_cnidaria_subject_coverage=0.9921 | diamond_trembl_cnidaria_evalue_pass=yes | diamond_trembl_cnidaria_description=tr|A0A6P8HW25|A0A6P8HW25_ACTTE Uncharacterized protein LOC116293531 OS=Actinia tenebrosa OX=6105 GN=LOC116293531 PE=4 SV=1 | diamond_trembl_cnidaria_description_is_ambiguous=yes | diamond_trembl_cnidaria_description_ambiguity_reason=uncharacterized protein | diamond_trembl_cnidaria_informative_hit=no | blastp_trembl_cnidaria_hit=yes | blastp_trembl_cnidaria_subject=tr|A0A6P8HW25|A0A6P8HW25_ACTTE | blastp_trembl_cnidaria_pident=91.534 | blastp_trembl_cnidaria_aln_length=378 | blastp_trembl_cnidaria_evalue=0.0 | blastp_trembl_cnidaria_bitscore=649 | blastp_trembl_cnidaria_qlen=380 | blastp_trembl_cnidaria_slen=379 | blastp_trembl_cnidaria_query_coverage=0.9947 | blastp_trembl_cnidaria_subject_coverage=0.9974 | blastp_trembl_cnidaria_evalue_pass=yes | blastp_trembl_cnidaria_description=tr|A0A6P8HW25|A0A6P8HW25_ACTTE Uncharacterized protein LOC116293531 OS=Actinia tenebrosa OX=6105 GN=LOC116293531 PE=4 SV=1 | blastp_trembl_cnidaria_description_is_ambiguous=yes | blastp_trembl_cnidaria_description_ambiguity_reason=uncharacterized protein | blastp_trembl_cnidaria_informative_hit=no | interpro_hit=no | eggnog_hit=no | signalp_result_present=yes | signalp_positive=no | signalp_raw=evm.utg435.5	OTHER	0.005555	0.994445"	sequence_found_in_external_fasta	evm.utg435.5	evm.utg435.5	matched_multiple	protein_id	evm.utg435	evm.utg435.5	cds.evm.utg435	utg435	+	utg435:22618-23871(+)	utg435:22618-23871(+)	22618	23871	1254	utg435:22618-23871(+)	22618	23871	1254	1143	2	exon_features	2	matched_primary_from_multiple_strict	1	candidate_id_equals_transcript_id	231	89	231	28	1	3	4	yes	dark_cluster_000122	evm.utg435.5	1	evm.utg435.5	1	1	1	yes	single_copy_or_no_near_identical_dark_duplicate	5	high_priority	candidate_on_BUSCO_duplication_rich_scaffold	no_repeat_overlap	0	0	0.000000	NA	no_dmr_overlap	0	0	0.000000	NA	NA	de_significant	evm.TU.utg435.5	gene_id	10	yes	2	salinity_added_wald|down|logFC=-1.307|padj=0.0001032;full_model_LRT|down|logFC=-1.207|padj=0.0006209	0.00010322	1.30715
evm.utg12655.25	103	top_stress_responsive_dark_candidate	high_priority;single_copy_or_no_near_identical_dark_duplicate;DE_significant_any_contrast;stress_contrast_DE;abs_logFC_ge_1.5;padj_le_0.001;repeat_TE_overlap_context;no_DMR_overlap	all	yes	no	3	3	1.71811	0.000108578	salinity_added_wald|down|logFC=-1.718|padj=0.0001086;combined_wald|down|logFC=-1.589|padj=0.0003115;full_model_LRT|down|logFC=-1.657|padj=0.0006618	evm.utg12655.25	evm.TU.utg12655.25	113	1	no										no		no										no		no										no				no	no										no				no	no							no														yes	no	"evm.utg12655.25	OTHER	0.001567	0.998433	"	function_dark_no_current_annotation	function_dark_no_current_annotation	non_classifying_evidence_retained	"diamond_swissprot_hit=no | diamond_swissprot_evalue_pass=no | blastp_swissprot_hit=no | blastp_swissprot_evalue_pass=no | diamond_trembl_cnidaria_hit=no | diamond_trembl_cnidaria_evalue_pass=no | diamond_trembl_cnidaria_informative_hit=no | blastp_trembl_cnidaria_hit=no | blastp_trembl_cnidaria_evalue_pass=no | blastp_trembl_cnidaria_informative_hit=no | interpro_hit=no | eggnog_hit=no | signalp_result_present=yes | signalp_positive=no | signalp_raw=evm.utg12655.25	OTHER	0.001567	0.998433"	sequence_found_in_external_fasta	evm.utg12655.25	evm.utg12655.25	matched_multiple	protein_id	evm.utg12655.25	evm.utg12655.25	cds.evm.utg12655	utg12655	+	utg12655:176772-180541(+)	utg12655:176772-180541(+)	176772	180541	3770	utg12655:176772-180356(+)	176772	180356	3585	342	3	exon_features	3	matched_primary_from_multiple_strict	1	candidate_id_equals_transcript_id	137	56	137	15	1	2	3	no	dark_cluster_001426	evm.utg12655.25	1	evm.utg12655.25	1	1	1	no	single_copy_or_no_near_identical_dark_duplicate	8	high_priority	none	repeat_overlap	15	1486	0.394164	rnd-3_family-6 98 411:1;(TAT)n 1 82:1;rnd-6_family-17807 1069 1193:1;rnd-1_family-636 1 51:1;rnd-1_family-721 124 195:1;rnd-5_family-4047 357 430:1;rnd-5_family-4047 1 115:1;rnd-5_family-4047 332 454:1;rnd-6_family-31979 130 183:1;rnd-5_family-9394 1 105:1;rnd-6_family-7831 120 247:1;rnd-1_family-204 2 239:1;rnd-5_family-2676 2 53:1;rnd-5_family-2676 102 134:1;rnd-5_family-2676 21 150:1	no_dmr_overlap	0	0	0.000000	NA	NA	de_significant	evm.TU.utg12655.25	gene_id	10	yes	3	salinity_added_wald|down|logFC=-1.718|padj=0.0001086;combined_wald|down|logFC=-1.589|padj=0.0003115;full_model_LRT|down|logFC=-1.657|padj=0.0006618	0.000108578	1.71811
evm.utg19590.15	103	top_stress_responsive_dark_candidate	high_priority;single_copy_or_no_near_identical_dark_duplicate;DE_significant_any_contrast;stress_contrast_DE;abs_logFC_ge_1.5;padj_le_0.001;repeat_TE_overlap_context;no_DMR_overlap	all	yes	no	3	3	1.99975	0.000133341	full_model_LRT|down|logFC=-1.201|padj=0.0001333;salinity_added_wald|down|logFC=-2|padj=0.001145;salinity_only_LRT|down|logFC=-1.601|padj=0.04951	evm.utg19590.15	evm.TU.utg19590.15	92	1	no										no		no										no		no										no				no	no										no				no	no							no														yes	no	"evm.utg19590.15	OTHER	0.001489	0.998511	"	function_dark_no_current_annotation	function_dark_no_current_annotation	non_classifying_evidence_retained	"diamond_swissprot_hit=no | diamond_swissprot_evalue_pass=no | blastp_swissprot_hit=no | blastp_swissprot_evalue_pass=no | diamond_trembl_cnidaria_hit=no | diamond_trembl_cnidaria_evalue_pass=no | diamond_trembl_cnidaria_informative_hit=no | blastp_trembl_cnidaria_hit=no | blastp_trembl_cnidaria_evalue_pass=no | blastp_trembl_cnidaria_informative_hit=no | interpro_hit=no | eggnog_hit=no | signalp_result_present=yes | signalp_positive=no | signalp_raw=evm.utg19590.15	OTHER	0.001489	0.998511"	sequence_found_in_external_fasta	evm.utg19590.15	evm.utg19590.15	matched_multiple	protein_id	evm.utg19590	evm.utg19590.15	cds.evm.utg19590	utg19590	-	utg19590:99432-103406(-)	utg19590:99432-103406(-)	99432	103406	3975	utg19590:99432-103406(-)	99432	103406	3975	279	4	exon_features	4	matched_primary_from_multiple_strict	1	candidate_id_equals_transcript_id	32	16	32	1	1	0	0	no	dark_cluster_001527	evm.utg19590.15	1	evm.utg19590.15	1	1	1	no	single_copy_or_no_near_identical_dark_duplicate	8	high_priority	none	repeat_overlap	9	1681	0.422893	rnd-6_family-6844 2038 2108:2;rnd-5_family-2541 890 1013:1;rnd-1_family-15 16 208:1;rnd-5_family-2541 867 964:1;rnd-6_family-898 1 850:1;rnd-6_family-898 1157 1689:1;(ATA)n 1 29:1;rnd-5_family-2541 921 1013:1	no_dmr_overlap	0	0	0.000000	NA	NA	de_significant	evm.TU.utg19590.15	gene_id	10	yes	3	salinity_added_wald|down|logFC=-2|padj=0.001145;salinity_only_LRT|down|logFC=-1.601|padj=0.04951;full_model_LRT|down|logFC=-1.201|padj=0.0001333	0.000133341	1.99975
evm.utg4567.13	103	top_stress_responsive_dark_candidate	high_priority;single_copy_or_no_near_identical_dark_duplicate;DE_significant_any_contrast;stress_contrast_DE;abs_logFC_ge_1.5;padj_le_0.001;repeat_TE_overlap_context;no_DMR_overlap	all	yes	no	3	3	1.76598	0.000172299	salinity_only_wald|down|logFC=-1.473|padj=0.0001723;full_model_LRT|up|logFC=1.009|padj=0.0004529;salinity_only_LRT|down|logFC=-1.766|padj=0.001083	evm.utg4567.13	evm.TU.utg4567.13	76	1	no										no		no										no		yes	tr|A0ABN8QZ53|A0ABN8QZ53_9CNID	54.3	46	1.43e-09	51.6	76	56	0.6053	0.8214	yes	tr|A0ABN8QZ53|A0ABN8QZ53_9CNID Uncharacterized protein OS=Porites lobata OX=104759 GN=PLOB_00012933 PE=4 SV=1	yes	uncharacterized protein	no	yes	tr|A0ABN8QZ53|A0ABN8QZ53_9CNID	50.909	55	1.02e-08	49.3	76	56	0.7237	0.9821	yes	tr|A0ABN8QZ53|A0ABN8QZ53_9CNID Uncharacterized protein OS=Porites lobata OX=104759 GN=PLOB_00012933 PE=4 SV=1	yes	uncharacterized protein	no	no							no														yes	no	"evm.utg4567.13	OTHER	0.004473	0.995527	"	function_dark_no_current_annotation	function_dark_no_current_annotation	ambiguous_or_low_confidence_evidence;non_classifying_evidence_retained	"diamond_swissprot_hit=no | diamond_swissprot_evalue_pass=no | blastp_swissprot_hit=no | blastp_swissprot_evalue_pass=no | diamond_trembl_cnidaria_hit=yes | diamond_trembl_cnidaria_subject=tr|A0ABN8QZ53|A0ABN8QZ53_9CNID | diamond_trembl_cnidaria_pident=54.3 | diamond_trembl_cnidaria_aln_length=46 | diamond_trembl_cnidaria_evalue=1.43e-09 | diamond_trembl_cnidaria_bitscore=51.6 | diamond_trembl_cnidaria_qlen=76 | diamond_trembl_cnidaria_slen=56 | diamond_trembl_cnidaria_query_coverage=0.6053 | diamond_trembl_cnidaria_subject_coverage=0.8214 | diamond_trembl_cnidaria_evalue_pass=yes | diamond_trembl_cnidaria_description=tr|A0ABN8QZ53|A0ABN8QZ53_9CNID Uncharacterized protein OS=Porites lobata OX=104759 GN=PLOB_00012933 PE=4 SV=1 | diamond_trembl_cnidaria_description_is_ambiguous=yes | diamond_trembl_cnidaria_description_ambiguity_reason=uncharacterized protein | diamond_trembl_cnidaria_informative_hit=no | blastp_trembl_cnidaria_hit=yes | blastp_trembl_cnidaria_subject=tr|A0ABN8QZ53|A0ABN8QZ53_9CNID | blastp_trembl_cnidaria_pident=50.909 | blastp_trembl_cnidaria_aln_length=55 | blastp_trembl_cnidaria_evalue=1.02e-08 | blastp_trembl_cnidaria_bitscore=49.3 | blastp_trembl_cnidaria_qlen=76 | blastp_trembl_cnidaria_slen=56 | blastp_trembl_cnidaria_query_coverage=0.7237 | blastp_trembl_cnidaria_subject_coverage=0.9821 | blastp_trembl_cnidaria_evalue_pass=yes | blastp_trembl_cnidaria_description=tr|A0ABN8QZ53|A0ABN8QZ53_9CNID Uncharacterized protein OS=Porites lobata OX=104759 GN=PLOB_00012933 PE=4 SV=1 | blastp_trembl_cnidaria_description_is_ambiguous=yes | blastp_trembl_cnidaria_description_ambiguity_reason=uncharacterized protein | blastp_trembl_cnidaria_informative_hit=no | interpro_hit=no | eggnog_hit=no | signalp_result_present=yes | signalp_positive=no | signalp_raw=evm.utg4567.13	OTHER	0.004473	0.995527"	sequence_found_in_external_fasta	evm.utg4567.13	evm.utg4567.13	matched_multiple	protein_id	evm.utg4567.13	evm.utg4567.13	cds.evm.utg4567	utg4567	+	utg4567:126480-127787(+)	utg4567:126480-127787(+)	126480	127787	1308	utg4567:126480-127633(+)	126480	127633	1154	231	4	exon_features	4	matched_primary_from_multiple_strict	1	candidate_id_equals_transcript_id	80	36	80	5	1	0	0	no	dark_cluster_002428	evm.utg4567.13	1	evm.utg4567.13	1	1	1	no	single_copy_or_no_near_identical_dark_duplicate	8	high_priority	none	repeat_overlap	3	200	0.152905	(TTTAT)n 1 32:1;rnd-1_family-177 13 131:1;(CCTGTC)n 1 40:1	no_dmr_overlap	0	0	0.000000	NA	NA	de_significant	evm.TU.utg4567.13	gene_id	10	yes	3	salinity_only_wald|down|logFC=-1.473|padj=0.0001723;salinity_only_LRT|down|logFC=-1.766|padj=0.001083;full_model_LRT|up|logFC=1.009|padj=0.0004529	0.000172299	1.76598
evm.utg417.45	103	top_stress_responsive_dark_candidate	high_priority;possible_biological_gene_family_expansion;DE_significant_any_contrast;stress_contrast_DE;abs_logFC_ge_2;padj_le_0.001;no_repeat_TE_overlap;no_DMR_overlap	all	yes	no	3	3	2.48791	0.000200503	full_model_LRT|up|logFC=1.6|padj=0.0002005;salinity_added_wald|up|logFC=2.488|padj=0.0003257;combined_wald|up|logFC=2.051|padj=0.001471	evm.utg417.45	evm.TU.utg417.45	87	1	no										no		no										no		no										no				no	no										no				no	no							no														yes	no	"evm.utg417.45	OTHER	0.003226	0.996774	"	function_dark_no_current_annotation	function_dark_no_current_annotation	non_classifying_evidence_retained	"diamond_swissprot_hit=no | diamond_swissprot_evalue_pass=no | blastp_swissprot_hit=no | blastp_swissprot_evalue_pass=no | diamond_trembl_cnidaria_hit=no | diamond_trembl_cnidaria_evalue_pass=no | diamond_trembl_cnidaria_informative_hit=no | blastp_trembl_cnidaria_hit=no | blastp_trembl_cnidaria_evalue_pass=no | blastp_trembl_cnidaria_informative_hit=no | interpro_hit=no | eggnog_hit=no | signalp_result_present=yes | signalp_positive=no | signalp_raw=evm.utg417.45	OTHER	0.003226	0.996774"	sequence_found_in_external_fasta	evm.utg417.1	evm.utg417.1	matched_multiple	protein_id	evm.utg417.45	evm.utg417.45	cds.evm.utg417	utg417	-	utg417:422641-422904(-)	utg417:422641-422904(-)	422641	422904	264	utg417:422641-422904(-)	422641	422904	264	264	1	exon_features	1	matched_primary_from_multiple_strict	1	candidate_id_equals_transcript_id	102	48	102	4	1	0	0	no	dark_cluster_000905	evm.utg417.27	3	evm.utg417.27;evm.utg417.43;evm.utg417.45	3	1	3	no	possible_biological_gene_family_expansion	6	high_priority	near_identical_dark_cluster;possible_biological_gene_family_expansion	no_repeat_overlap	0	0	0.000000	NA	no_dmr_overlap	0	0	0.000000	NA	NA	de_significant	evm.TU.utg417.45	gene_id	10	yes	3	salinity_added_wald|up|logFC=2.488|padj=0.0003257;combined_wald|up|logFC=2.051|padj=0.001471;full_model_LRT|up|logFC=1.6|padj=0.0002005	0.000200503	2.48791
evm.utg1972.68	103	top_stress_responsive_dark_candidate	high_priority;single_copy_or_no_near_identical_dark_duplicate;DE_significant_any_contrast;stress_contrast_DE;abs_logFC_ge_1.5;padj_le_0.001;repeat_TE_overlap_context;no_DMR_overlap	all	yes	no	3	3	1.54435	0.000459822	salinity_added_wald|down|logFC=-1.544|padj=0.0004598;full_model_LRT|down|logFC=-1.324|padj=0.002632;combined_wald|down|logFC=-1.106|padj=0.01138	evm.utg1972.68	evm.TU.utg1972.68	256	1	no										no		no										no		yes	tr|A0A6P8HLP4|A0A6P8HLP4_ACTTE	92.9	183	9.75e-133	375	256	183	0.7148	1.0000	yes	tr|A0A6P8HLP4|A0A6P8HLP4_ACTTE Uncharacterized protein LOC116293962 OS=Actinia tenebrosa OX=6105 GN=LOC116293962 PE=4 SV=1	yes	uncharacterized protein	no	yes	tr|A0A6P8HLP4|A0A6P8HLP4_ACTTE	92.896	183	5.68e-127	360	256	183	0.7148	1.0000	yes	tr|A0A6P8HLP4|A0A6P8HLP4_ACTTE Uncharacterized protein LOC116293962 OS=Actinia tenebrosa OX=6105 GN=LOC116293962 PE=4 SV=1	yes	uncharacterized protein	no	no							no														yes	no	"evm.utg1972.68	OTHER	0.000738	0.999262	"	function_dark_no_current_annotation	function_dark_no_current_annotation	ambiguous_or_low_confidence_evidence;non_classifying_evidence_retained	"diamond_swissprot_hit=no | diamond_swissprot_evalue_pass=no | blastp_swissprot_hit=no | blastp_swissprot_evalue_pass=no | diamond_trembl_cnidaria_hit=yes | diamond_trembl_cnidaria_subject=tr|A0A6P8HLP4|A0A6P8HLP4_ACTTE | diamond_trembl_cnidaria_pident=92.9 | diamond_trembl_cnidaria_aln_length=183 | diamond_trembl_cnidaria_evalue=9.75e-133 | diamond_trembl_cnidaria_bitscore=375 | diamond_trembl_cnidaria_qlen=256 | diamond_trembl_cnidaria_slen=183 | diamond_trembl_cnidaria_query_coverage=0.7148 | diamond_trembl_cnidaria_subject_coverage=1.0000 | diamond_trembl_cnidaria_evalue_pass=yes | diamond_trembl_cnidaria_description=tr|A0A6P8HLP4|A0A6P8HLP4_ACTTE Uncharacterized protein LOC116293962 OS=Actinia tenebrosa OX=6105 GN=LOC116293962 PE=4 SV=1 | diamond_trembl_cnidaria_description_is_ambiguous=yes | diamond_trembl_cnidaria_description_ambiguity_reason=uncharacterized protein | diamond_trembl_cnidaria_informative_hit=no | blastp_trembl_cnidaria_hit=yes | blastp_trembl_cnidaria_subject=tr|A0A6P8HLP4|A0A6P8HLP4_ACTTE | blastp_trembl_cnidaria_pident=92.896 | blastp_trembl_cnidaria_aln_length=183 | blastp_trembl_cnidaria_evalue=5.68e-127 | blastp_trembl_cnidaria_bitscore=360 | blastp_trembl_cnidaria_qlen=256 | blastp_trembl_cnidaria_slen=183 | blastp_trembl_cnidaria_query_coverage=0.7148 | blastp_trembl_cnidaria_subject_coverage=1.0000 | blastp_trembl_cnidaria_evalue_pass=yes | blastp_trembl_cnidaria_description=tr|A0A6P8HLP4|A0A6P8HLP4_ACTTE Uncharacterized protein LOC116293962 OS=Actinia tenebrosa OX=6105 GN=LOC116293962 PE=4 SV=1 | blastp_trembl_cnidaria_description_is_ambiguous=yes | blastp_trembl_cnidaria_description_ambiguity_reason=uncharacterized protein | blastp_trembl_cnidaria_informative_hit=no | interpro_hit=no | eggnog_hit=no | signalp_result_present=yes | signalp_positive=no | signalp_raw=evm.utg1972.68	OTHER	0.000738	0.999262"	sequence_found_in_external_fasta	evm.utg1972.68	evm.utg1972.68	matched_multiple	protein_id	evm.utg1972	evm.utg1972.68	cds.evm.utg1972	utg1972	+	utg1972:499578-509865(+)	utg1972:499578-509865(+)	499578	509865	10288	utg1972:499578-508639(+)	499578	508639	9062	771	4	exon_features	4	matched_primary_from_multiple_strict	1	candidate_id_equals_transcript_id	346	130	346	48	1	4	7	yes	dark_cluster_000783	evm.utg1972.68	1	evm.utg1972.68	1	1	1	yes	single_copy_or_no_near_identical_dark_duplicate	5	high_priority	candidate_on_BUSCO_duplication_rich_scaffold	repeat_overlap	24	2899	0.281785	rnd-1_family-796 1 296:2;rnd-1_family-468 1 168:1;rnd-1_family-149 1 421:1;rnd-6_family-2208 212 537:1;rnd-4_family-1571 111 217:1;rnd-6_family-38914 64 140:1;rnd-1_family-715 1 82:1;rnd-6_family-38914 5 63:1;rnd-6_family-9172 393 524:1;rnd-1_family-468 1 102:1;rnd-1_family-473 70 112:1;rnd-1_family-108 1 235:1;(AAT)n 1 42:1;rnd-1_family-77 19 64:1;rnd-3_family-1404 80 163:1;(AATAATA)n 1 80:1;rnd-3_family-367 39 163:1;rnd-1_family-40 1 158:1;rnd-5_family-3149 1222 1273:1;rnd-5_family-3149 1219 1273:1;rnd-6_family-3420 43 235:1;rnd-6_family-3923 65 261:1;rnd-1_family-621 4 113:1	no_dmr_overlap	0	0	0.000000	NA	NA	de_significant	evm.TU.utg1972.68	gene_id	10	yes	3	salinity_added_wald|down|logFC=-1.544|padj=0.0004598;combined_wald|down|logFC=-1.106|padj=0.01138;full_model_LRT|down|logFC=-1.324|padj=0.002632	0.000459822	1.54435
evm.utg172.63	103	top_stress_responsive_dark_candidate	high_priority;single_copy_or_no_near_identical_dark_duplicate;DE_significant_any_contrast;stress_contrast_DE;abs_logFC_ge_1.5;padj_le_0.001;repeat_TE_overlap_context;no_DMR_overlap	all	yes	no	3	3	1.59681	0.000562819	salinity_added_wald|up|logFC=1.597|padj=0.0005628;full_model_LRT|up|logFC=1.024|padj=0.0005989;combined_wald|up|logFC=1.239|padj=0.006652	evm.utg172.63	evm.TU.utg172.63	676	1	no										no		no										no		yes	tr|A0A6P8HMQ5|A0A6P8HMQ5_ACTTE	96.7	676	0.0	1420	676	676	1.0000	1.0000	yes	tr|A0A6P8HMQ5|A0A6P8HMQ5_ACTTE Uncharacterized protein LOC116290938 OS=Actinia tenebrosa OX=6105 GN=LOC116290938 PE=4 SV=1	yes	uncharacterized protein	no	yes	tr|A0A6P8HMQ5|A0A6P8HMQ5_ACTTE	96.746	676	0.0	1335	676	676	1.0000	1.0000	yes	tr|A0A6P8HMQ5|A0A6P8HMQ5_ACTTE Uncharacterized protein LOC116290938 OS=Actinia tenebrosa OX=6105 GN=LOC116290938 PE=4 SV=1	yes	uncharacterized protein	no	no							no														yes	no	"evm.utg172.63	OTHER	0.000313	0.999687	"	function_dark_no_current_annotation	function_dark_no_current_annotation	ambiguous_or_low_confidence_evidence;non_classifying_evidence_retained	"diamond_swissprot_hit=no | diamond_swissprot_evalue_pass=no | blastp_swissprot_hit=no | blastp_swissprot_evalue_pass=no | diamond_trembl_cnidaria_hit=yes | diamond_trembl_cnidaria_subject=tr|A0A6P8HMQ5|A0A6P8HMQ5_ACTTE | diamond_trembl_cnidaria_pident=96.7 | diamond_trembl_cnidaria_aln_length=676 | diamond_trembl_cnidaria_evalue=0.0 | diamond_trembl_cnidaria_bitscore=1420 | diamond_trembl_cnidaria_qlen=676 | diamond_trembl_cnidaria_slen=676 | diamond_trembl_cnidaria_query_coverage=1.0000 | diamond_trembl_cnidaria_subject_coverage=1.0000 | diamond_trembl_cnidaria_evalue_pass=yes | diamond_trembl_cnidaria_description=tr|A0A6P8HMQ5|A0A6P8HMQ5_ACTTE Uncharacterized protein LOC116290938 OS=Actinia tenebrosa OX=6105 GN=LOC116290938 PE=4 SV=1 | diamond_trembl_cnidaria_description_is_ambiguous=yes | diamond_trembl_cnidaria_description_ambiguity_reason=uncharacterized protein | diamond_trembl_cnidaria_informative_hit=no | blastp_trembl_cnidaria_hit=yes | blastp_trembl_cnidaria_subject=tr|A0A6P8HMQ5|A0A6P8HMQ5_ACTTE | blastp_trembl_cnidaria_pident=96.746 | blastp_trembl_cnidaria_aln_length=676 | blastp_trembl_cnidaria_evalue=0.0 | blastp_trembl_cnidaria_bitscore=1335 | blastp_trembl_cnidaria_qlen=676 | blastp_trembl_cnidaria_slen=676 | blastp_trembl_cnidaria_query_coverage=1.0000 | blastp_trembl_cnidaria_subject_coverage=1.0000 | blastp_trembl_cnidaria_evalue_pass=yes | blastp_trembl_cnidaria_description=tr|A0A6P8HMQ5|A0A6P8HMQ5_ACTTE Uncharacterized protein LOC116290938 OS=Actinia tenebrosa OX=6105 GN=LOC116290938 PE=4 SV=1 | blastp_trembl_cnidaria_description_is_ambiguous=yes | blastp_trembl_cnidaria_description_ambiguity_reason=uncharacterized protein | blastp_trembl_cnidaria_informative_hit=no | interpro_hit=no | eggnog_hit=no | signalp_result_present=yes | signalp_positive=no | signalp_raw=evm.utg172.63	OTHER	0.000313	0.999687"	sequence_found_in_external_fasta	evm.utg172.63	evm.utg172.63	matched_multiple	protein_id	evm.utg172.63	evm.utg172.63	cds.evm.utg172	utg172	+	utg172:411326-417674(+)	utg172:411326-417674(+)	411326	417674	6349	utg172:411326-417674(+)	411326	417674	6349	2031	12	exon_features	12	matched_primary_from_multiple_strict	1	candidate_id_equals_transcript_id	383	147	383	47	1	3	6	yes	dark_cluster_000169	evm.utg172.63	1	evm.utg172.63	1	1	1	yes	single_copy_or_no_near_identical_dark_duplicate	5	high_priority	candidate_on_BUSCO_duplication_rich_scaffold	repeat_overlap	5	437	0.068830	rnd-1_family-662 2 158:1;rnd-6_family-24266 1 88:1;(CAT)n 1 72:1;rnd-6_family-3257 271 360:1;rnd-1_family-3 1 76:1	no_dmr_overlap	0	0	0.000000	NA	NA	de_significant	evm.TU.utg172.63	gene_id	10	yes	3	salinity_added_wald|up|logFC=1.597|padj=0.0005628;combined_wald|up|logFC=1.239|padj=0.006652;full_model_LRT|up|logFC=1.024|padj=0.0005989	0.000562819	1.59681
utg4428.equina_smart_1608547.mrna2	103	top_stress_responsive_dark_candidate	high_priority;single_copy_or_no_near_identical_dark_duplicate;DE_significant_any_contrast;stress_contrast_DE;abs_logFC_ge_1.5;padj_le_0.001;repeat_TE_overlap_context;no_DMR_overlap	all	yes	no	3	3	1.54517	0.000974634	combined_wald|down|logFC=-1.545|padj=0.0009746;salinity_added_wald|down|logFC=-1.503|padj=0.001367;full_model_LRT|down|logFC=-1.328|padj=0.004715	utg4428.equina_smart_1608547.mrna2	utg4428.equina_smart_1608547.path2	44	1	no										no		no										no		no										no				no	no										no				no	no							no														yes	no	"utg4428.equina_smart_1608547.mrna2	OTHER	0.002721	0.997279	"	function_dark_no_current_annotation	function_dark_no_current_annotation	non_classifying_evidence_retained	"diamond_swissprot_hit=no | diamond_swissprot_evalue_pass=no | blastp_swissprot_hit=no | blastp_swissprot_evalue_pass=no | diamond_trembl_cnidaria_hit=no | diamond_trembl_cnidaria_evalue_pass=no | diamond_trembl_cnidaria_informative_hit=no | blastp_trembl_cnidaria_hit=no | blastp_trembl_cnidaria_evalue_pass=no | blastp_trembl_cnidaria_informative_hit=no | interpro_hit=no | eggnog_hit=no | signalp_result_present=yes | signalp_positive=no | signalp_raw=utg4428.equina_smart_1608547.mrna2	OTHER	0.002721	0.997279"	sequence_found_in_external_fasta	utg4428.equina_smart_1608547.mrna2	utg4428.equina_smart_1608547.mrna2	matched_multiple	protein_id	utg4428.equina_smart_1608547.mrna2	utg4428.equina_smart_1608547.mrna2	gmap_gene_find_equina_smart_1608547	utg4428	-	utg4428:27169-27522(-)	utg4428:27169-27522(-)	27169	27522	354	utg4428:27169-27522(-)	27169	27522	354	135	2	exon_features	2	matched_primary_from_multiple_strict	1	candidate_id_equals_transcript_id	2	1	2	1	1	0	0	no	dark_cluster_002819	utg4428.equina_smart_1608547.mrna2	1	utg4428.equina_smart_1608547.mrna2	1	1	1	no	single_copy_or_no_near_identical_dark_duplicate	8	high_priority	none	repeat_overlap	1	198	0.559322	rnd-6_family-22213 15 424:1	no_dmr_overlap	0	0	0.000000	NA	NA	de_significant	utg4428.equina_smart_1608547.path2	gene_id	10	yes	3	salinity_added_wald|down|logFC=-1.503|padj=0.001367;combined_wald|down|logFC=-1.545|padj=0.0009746;full_model_LRT|down|logFC=-1.328|padj=0.004715	0.000974634	1.54517
evm.utg1101.59	103	top_stress_responsive_dark_candidate	high_priority;single_copy_or_no_near_identical_dark_duplicate;DE_significant_any_contrast;stress_contrast_DE;abs_logFC_ge_2;padj_le_0.01;repeat_TE_overlap_context;no_DMR_overlap	all	yes	no	3	3	2.5011	0.00103372	full_model_LRT|down|logFC=-1.787|padj=0.001034;salinity_only_wald|up|logFC=1.631|padj=0.005183;salinity_only_LRT|up|logFC=2.501|padj=0.00715	evm.utg1101.59	evm.TU.utg1101.59	155	1	no										no		no										no		yes	tr|A0A6P8IKH8|A0A6P8IKH8_ACTTE	87.5	136	1.57e-81	257	155	720	0.8774	0.1889	yes	tr|A0A6P8IKH8|A0A6P8IKH8_ACTTE Uncharacterized protein LOC116301908 OS=Actinia tenebrosa OX=6105 GN=LOC116301908 PE=4 SV=1	yes	uncharacterized protein	no	yes	tr|A0A6P8IKH8|A0A6P8IKH8_ACTTE	87.500	136	3.57e-82	258	155	720	0.8774	0.1889	yes	tr|A0A6P8IKH8|A0A6P8IKH8_ACTTE Uncharacterized protein LOC116301908 OS=Actinia tenebrosa OX=6105 GN=LOC116301908 PE=4 SV=1	yes	uncharacterized protein	no	no							no														yes	no	"evm.utg1101.59	OTHER	0.000269	0.999731	"	function_dark_no_current_annotation	function_dark_no_current_annotation	ambiguous_or_low_confidence_evidence;non_classifying_evidence_retained	"diamond_swissprot_hit=no | diamond_swissprot_evalue_pass=no | blastp_swissprot_hit=no | blastp_swissprot_evalue_pass=no | diamond_trembl_cnidaria_hit=yes | diamond_trembl_cnidaria_subject=tr|A0A6P8IKH8|A0A6P8IKH8_ACTTE | diamond_trembl_cnidaria_pident=87.5 | diamond_trembl_cnidaria_aln_length=136 | diamond_trembl_cnidaria_evalue=1.57e-81 | diamond_trembl_cnidaria_bitscore=257 | diamond_trembl_cnidaria_qlen=155 | diamond_trembl_cnidaria_slen=720 | diamond_trembl_cnidaria_query_coverage=0.8774 | diamond_trembl_cnidaria_subject_coverage=0.1889 | diamond_trembl_cnidaria_evalue_pass=yes | diamond_trembl_cnidaria_description=tr|A0A6P8IKH8|A0A6P8IKH8_ACTTE Uncharacterized protein LOC116301908 OS=Actinia tenebrosa OX=6105 GN=LOC116301908 PE=4 SV=1 | diamond_trembl_cnidaria_description_is_ambiguous=yes | diamond_trembl_cnidaria_description_ambiguity_reason=uncharacterized protein | diamond_trembl_cnidaria_informative_hit=no | blastp_trembl_cnidaria_hit=yes | blastp_trembl_cnidaria_subject=tr|A0A6P8IKH8|A0A6P8IKH8_ACTTE | blastp_trembl_cnidaria_pident=87.500 | blastp_trembl_cnidaria_aln_length=136 | blastp_trembl_cnidaria_evalue=3.57e-82 | blastp_trembl_cnidaria_bitscore=258 | blastp_trembl_cnidaria_qlen=155 | blastp_trembl_cnidaria_slen=720 | blastp_trembl_cnidaria_query_coverage=0.8774 | blastp_trembl_cnidaria_subject_coverage=0.1889 | blastp_trembl_cnidaria_evalue_pass=yes | blastp_trembl_cnidaria_description=tr|A0A6P8IKH8|A0A6P8IKH8_ACTTE Uncharacterized protein LOC116301908 OS=Actinia tenebrosa OX=6105 GN=LOC116301908 PE=4 SV=1 | blastp_trembl_cnidaria_description_is_ambiguous=yes | blastp_trembl_cnidaria_description_ambiguity_reason=uncharacterized protein | blastp_trembl_cnidaria_informative_hit=no | interpro_hit=no | eggnog_hit=no | signalp_result_present=yes | signalp_positive=no | signalp_raw=evm.utg1101.59	OTHER	0.000269	0.999731"	sequence_found_in_external_fasta	evm.utg1101.59	evm.utg1101.59	matched_multiple	protein_id	evm.utg1101.59	evm.utg1101.59	cds.evm.utg1101	utg1101	-	utg1101:442552-443345(-)	utg1101:442552-443345(-)	442552	443345	794	utg1101:442552-443345(-)	442552	443345	794	468	2	exon_features	2	matched_primary_from_multiple_strict	1	candidate_id_equals_transcript_id	158	79	158	1	1	0	0	no	dark_cluster_000847	evm.utg1101.59	1	evm.utg1101.59	1	1	1	no	single_copy_or_no_near_identical_dark_duplicate	8	high_priority	none	repeat_overlap	1	794	1.000000	rnd-1_family-206 58 4859:1	no_dmr_overlap	0	0	0.000000	NA	NA	de_significant	evm.TU.utg1101.59	gene_id	9	yes	3	salinity_only_wald|up|logFC=1.631|padj=0.005183;salinity_only_LRT|up|logFC=2.501|padj=0.00715;full_model_LRT|down|logFC=-1.787|padj=0.001034	0.00103372	2.5011
evm.utg788.111	103	top_stress_responsive_dark_candidate	high_priority;single_copy_or_no_near_identical_dark_duplicate;DE_significant_any_contrast;stress_contrast_DE;abs_logFC_ge_2;padj_le_0.01;repeat_TE_overlap_context;no_DMR_overlap	all	yes	no	3	3	2.57355	0.00128243	combined_wald|down|logFC=-2.574|padj=0.001282;salinity_added_wald|down|logFC=-2.104|padj=0.004868;full_model_LRT|down|logFC=-1.729|padj=0.01493	evm.utg788.111	evm.TU.utg788.111	110	1	no										no		no										no		yes	tr|A0A6P8H937|A0A6P8H937_ACTTE	90.0	110	7.94e-64	192	110	140	1.0000	0.7857	yes	tr|A0A6P8H937|A0A6P8H937_ACTTE Uncharacterized protein LOC116286538 OS=Actinia tenebrosa OX=6105 GN=LOC116286538 PE=4 SV=1	yes	uncharacterized protein	no	yes	tr|A0A6P8H937|A0A6P8H937_ACTTE	88.288	111	3.73e-60	183	110	140	1.0091	0.7929	yes	tr|A0A6P8H937|A0A6P8H937_ACTTE Uncharacterized protein LOC116286538 OS=Actinia tenebrosa OX=6105 GN=LOC116286538 PE=4 SV=1	yes	uncharacterized protein	no	no							no														yes	no	"evm.utg788.111	SP(Sec/SPI)	0.998604	0.001396	CS pos: 19-20. VFA-SD. Pr: 0.8322"	function_dark_no_current_annotation	function_dark_no_current_annotation	ambiguous_or_low_confidence_evidence;non_classifying_evidence_retained	"diamond_swissprot_hit=no | diamond_swissprot_evalue_pass=no | blastp_swissprot_hit=no | blastp_swissprot_evalue_pass=no | diamond_trembl_cnidaria_hit=yes | diamond_trembl_cnidaria_subject=tr|A0A6P8H937|A0A6P8H937_ACTTE | diamond_trembl_cnidaria_pident=90.0 | diamond_trembl_cnidaria_aln_length=110 | diamond_trembl_cnidaria_evalue=7.94e-64 | diamond_trembl_cnidaria_bitscore=192 | diamond_trembl_cnidaria_qlen=110 | diamond_trembl_cnidaria_slen=140 | diamond_trembl_cnidaria_query_coverage=1.0000 | diamond_trembl_cnidaria_subject_coverage=0.7857 | diamond_trembl_cnidaria_evalue_pass=yes | diamond_trembl_cnidaria_description=tr|A0A6P8H937|A0A6P8H937_ACTTE Uncharacterized protein LOC116286538 OS=Actinia tenebrosa OX=6105 GN=LOC116286538 PE=4 SV=1 | diamond_trembl_cnidaria_description_is_ambiguous=yes | diamond_trembl_cnidaria_description_ambiguity_reason=uncharacterized protein | diamond_trembl_cnidaria_informative_hit=no | blastp_trembl_cnidaria_hit=yes | blastp_trembl_cnidaria_subject=tr|A0A6P8H937|A0A6P8H937_ACTTE | blastp_trembl_cnidaria_pident=88.288 | blastp_trembl_cnidaria_aln_length=111 | blastp_trembl_cnidaria_evalue=3.73e-60 | blastp_trembl_cnidaria_bitscore=183 | blastp_trembl_cnidaria_qlen=110 | blastp_trembl_cnidaria_slen=140 | blastp_trembl_cnidaria_query_coverage=1.0091 | blastp_trembl_cnidaria_subject_coverage=0.7929 | blastp_trembl_cnidaria_evalue_pass=yes | blastp_trembl_cnidaria_description=tr|A0A6P8H937|A0A6P8H937_ACTTE Uncharacterized protein LOC116286538 OS=Actinia tenebrosa OX=6105 GN=LOC116286538 PE=4 SV=1 | blastp_trembl_cnidaria_description_is_ambiguous=yes | blastp_trembl_cnidaria_description_ambiguity_reason=uncharacterized protein | blastp_trembl_cnidaria_informative_hit=no | interpro_hit=no | eggnog_hit=no | signalp_result_present=yes | signalp_positive=no | signalp_raw=evm.utg788.111	SP(Sec/SPI)	0.998604	0.001396	CS pos: 19-20. VFA-SD. Pr: 0.8322"	sequence_found_in_external_fasta	evm.utg788.111	evm.utg788.111	matched_multiple	protein_id	evm.utg788.111	evm.utg788.111	cds.evm.utg788	utg788	-	utg788:1010675-1011531(-)	utg788:1010675-1011531(-)	1010675	1011531	857	utg788:1010734-1011531(-)	1010734	1011531	798	333	2	exon_features	2	matched_primary_from_multiple_strict	1	candidate_id_equals_transcript_id	260	106	260	28	1	0	0	no	dark_cluster_001609	evm.utg788.111	1	evm.utg788.111	1	1	1	no	single_copy_or_no_near_identical_dark_duplicate	8	high_priority	none	repeat_overlap	3	249	0.290548	A-rich 1 35:1;GA-rich 1 184:1;(GGA)n 1 24:1	no_dmr_overlap	0	0	0.000000	NA	NA	de_significant	evm.TU.utg788.111	gene_id	10	yes	3	salinity_added_wald|down|logFC=-2.104|padj=0.004868;combined_wald|down|logFC=-2.574|padj=0.001282;full_model_LRT|down|logFC=-1.729|padj=0.01493	0.00128243	3.02925
evm.utg2969.10	103	top_stress_responsive_dark_candidate	high_priority;single_copy_or_no_near_identical_dark_duplicate;DE_significant_any_contrast;stress_contrast_DE;abs_logFC_ge_2;padj_le_0.01;repeat_TE_overlap_context;no_DMR_overlap	all	yes	no	3	3	2.92664	0.00132972	combined_wald|down|logFC=-2.927|padj=0.00133;full_model_LRT|down|logFC=-1.524|padj=0.01313;salinity_added_wald|down|logFC=-1.562|padj=0.02093	evm.utg2969.10	evm.TU.utg2969.10	100	1	no										no		no										no		no										no				no	yes	tr|A0A2B4R9W0|A0A2B4R9W0_STYPI	71.642	67	4.35e-20	81.6	100	139	0.6700	0.4820	yes	tr|A0A2B4R9W0|A0A2B4R9W0_STYPI Uncharacterized protein OS=Stylophora pistillata OX=50429 GN=AWC38_SpisGene22762 PE=4 SV=1	yes	uncharacterized protein	no	no							no														yes	no	"evm.utg2969.10	OTHER	0.004069	0.995931	"	function_dark_no_current_annotation	function_dark_no_current_annotation	ambiguous_or_low_confidence_evidence;non_classifying_evidence_retained	"diamond_swissprot_hit=no | diamond_swissprot_evalue_pass=no | blastp_swissprot_hit=no | blastp_swissprot_evalue_pass=no | diamond_trembl_cnidaria_hit=no | diamond_trembl_cnidaria_evalue_pass=no | diamond_trembl_cnidaria_informative_hit=no | blastp_trembl_cnidaria_hit=yes | blastp_trembl_cnidaria_subject=tr|A0A2B4R9W0|A0A2B4R9W0_STYPI | blastp_trembl_cnidaria_pident=71.642 | blastp_trembl_cnidaria_aln_length=67 | blastp_trembl_cnidaria_evalue=4.35e-20 | blastp_trembl_cnidaria_bitscore=81.6 | blastp_trembl_cnidaria_qlen=100 | blastp_trembl_cnidaria_slen=139 | blastp_trembl_cnidaria_query_coverage=0.6700 | blastp_trembl_cnidaria_subject_coverage=0.4820 | blastp_trembl_cnidaria_evalue_pass=yes | blastp_trembl_cnidaria_description=tr|A0A2B4R9W0|A0A2B4R9W0_STYPI Uncharacterized protein OS=Stylophora pistillata OX=50429 GN=AWC38_SpisGene22762 PE=4 SV=1 | blastp_trembl_cnidaria_description_is_ambiguous=yes | blastp_trembl_cnidaria_description_ambiguity_reason=uncharacterized protein | blastp_trembl_cnidaria_informative_hit=no | interpro_hit=no | eggnog_hit=no | signalp_result_present=yes | signalp_positive=no | signalp_raw=evm.utg2969.10	OTHER	0.004069	0.995931"	sequence_found_in_external_fasta	evm.utg2969.10	evm.utg2969.10	matched_multiple	protein_id	evm.utg2969	evm.utg2969.10	cds.evm.utg2969	utg2969	+	utg2969:80041-80343(+)	utg2969:80041-80343(+)	80041	80343	303	utg2969:80041-80343(+)	80041	80343	303	303	1	exon_features	1	matched_primary_from_multiple_strict	1	candidate_id_equals_transcript_id	152	74	152	4	1	0	0	no	dark_cluster_000492	evm.utg2969.10	1	evm.utg2969.10	1	1	1	no	single_copy_or_no_near_identical_dark_duplicate	7	high_priority	none	repeat_overlap	1	285	0.940594	(GGAT)n 1 291:1	no_dmr_overlap	0	0	0.000000	NA	NA	de_significant	evm.TU.utg2969.10	gene_id	9	yes	3	salinity_added_wald|down|logFC=-1.562|padj=0.02093;combined_wald|down|logFC=-2.927|padj=0.00133;full_model_LRT|down|logFC=-1.524|padj=0.01313	0.00132972	3.00631
evm.utg26219.17	103	top_stress_responsive_dark_candidate	high_priority;single_copy_or_no_near_identical_dark_duplicate;DE_significant_any_contrast;stress_contrast_DE;abs_logFC_ge_2;padj_le_0.01;repeat_TE_overlap_context;no_DMR_overlap	all	yes	no	3	3	2.6917	0.00141178	full_model_LRT|down|logFC=-2.314|padj=0.001412;salinity_only_wald|up|logFC=1.638|padj=0.007034;salinity_only_LRT|up|logFC=2.692|padj=0.008777	evm.utg26219.17	evm.TU.utg26219.17	94	1	no										no		no										no		no										no				no	yes	tr|A0A2B4R9W0|A0A2B4R9W0_STYPI	85.075	67	3.37e-26	97.1	94	139	0.7128	0.4820	yes	tr|A0A2B4R9W0|A0A2B4R9W0_STYPI Uncharacterized protein OS=Stylophora pistillata OX=50429 GN=AWC38_SpisGene22762 PE=4 SV=1	yes	uncharacterized protein	no	no							no														yes	no	"evm.utg26219.17	OTHER	0.001446	0.998554	"	function_dark_no_current_annotation	function_dark_no_current_annotation	ambiguous_or_low_confidence_evidence;non_classifying_evidence_retained	"diamond_swissprot_hit=no | diamond_swissprot_evalue_pass=no | blastp_swissprot_hit=no | blastp_swissprot_evalue_pass=no | diamond_trembl_cnidaria_hit=no | diamond_trembl_cnidaria_evalue_pass=no | diamond_trembl_cnidaria_informative_hit=no | blastp_trembl_cnidaria_hit=yes | blastp_trembl_cnidaria_subject=tr|A0A2B4R9W0|A0A2B4R9W0_STYPI | blastp_trembl_cnidaria_pident=85.075 | blastp_trembl_cnidaria_aln_length=67 | blastp_trembl_cnidaria_evalue=3.37e-26 | blastp_trembl_cnidaria_bitscore=97.1 | blastp_trembl_cnidaria_qlen=94 | blastp_trembl_cnidaria_slen=139 | blastp_trembl_cnidaria_query_coverage=0.7128 | blastp_trembl_cnidaria_subject_coverage=0.4820 | blastp_trembl_cnidaria_evalue_pass=yes | blastp_trembl_cnidaria_description=tr|A0A2B4R9W0|A0A2B4R9W0_STYPI Uncharacterized protein OS=Stylophora pistillata OX=50429 GN=AWC38_SpisGene22762 PE=4 SV=1 | blastp_trembl_cnidaria_description_is_ambiguous=yes | blastp_trembl_cnidaria_description_ambiguity_reason=uncharacterized protein | blastp_trembl_cnidaria_informative_hit=no | interpro_hit=no | eggnog_hit=no | signalp_result_present=yes | signalp_positive=no | signalp_raw=evm.utg26219.17	OTHER	0.001446	0.998554"	sequence_found_in_external_fasta	evm.utg26219.1	evm.utg26219.1	matched_multiple	protein_id	evm.utg26219	evm.utg26219.17	cds.evm.utg26219	utg26219	-	utg26219:115346-115630(-)	utg26219:115346-115630(-)	115346	115630	285	utg26219:115346-115630(-)	115346	115630	285	285	1	exon_features	1	matched_primary_from_multiple_strict	1	candidate_id_equals_transcript_id	34	17	34	1	1	0	0	no	dark_cluster_003320	evm.utg26219.17	1	evm.utg26219.17	1	1	1	no	single_copy_or_no_near_identical_dark_duplicate	7	high_priority	none	repeat_overlap	1	245	0.859649	(CATC)n 1 247:1	no_dmr_overlap	0	0	0.000000	NA	NA	de_significant	evm.TU.utg26219.17	gene_id	10	yes	3	salinity_only_wald|up|logFC=1.638|padj=0.007034;salinity_only_LRT|up|logFC=2.692|padj=0.008777;full_model_LRT|down|logFC=-2.314|padj=0.001412	0.00141178	2.6917
evm.utg1765.13	103	top_stress_responsive_dark_candidate	high_priority;single_copy_or_no_near_identical_dark_duplicate;DE_significant_any_contrast;stress_contrast_DE;abs_logFC_ge_2;padj_le_0.01;repeat_TE_overlap_context;no_DMR_overlap	all	yes	no	3	3	2.30371	0.00145018	salinity_added_wald|down|logFC=-2.304|padj=0.00145;full_model_LRT|down|logFC=-1.653|padj=0.002751;combined_wald|down|logFC=-1.304|padj=0.03186	evm.utg1765.13	evm.TU.utg1765.13	253	1	no										no		no										no		yes	tr|A0A6P8IZZ9|A0A6P8IZZ9_ACTTE	65.6	244	8.58e-112	324	253	252	0.9644	0.9683	yes	tr|A0A6P8IZZ9|A0A6P8IZZ9_ACTTE Uncharacterized protein LOC116305678 isoform X2 OS=Actinia tenebrosa OX=6105 GN=LOC116305678 PE=4 SV=1	yes	uncharacterized protein	no	yes	tr|A0A6P8IMU8|A0A6P8IMU8_ACTTE	63.008	246	6.09e-106	309	253	250	0.9723	0.9840	yes	tr|A0A6P8IMU8|A0A6P8IMU8_ACTTE Uncharacterized protein LOC116302906 isoform X1 OS=Actinia tenebrosa OX=6105 GN=LOC116302906 PE=4 SV=1	yes	uncharacterized protein	no	no							no														yes	no	"evm.utg1765.13	SP(Sec/SPI)	0.987846	0.012154	CS pos: 22-23. SWS-SA. Pr: 0.6691"	function_dark_no_current_annotation	function_dark_no_current_annotation	ambiguous_or_low_confidence_evidence;non_classifying_evidence_retained	"diamond_swissprot_hit=no | diamond_swissprot_evalue_pass=no | blastp_swissprot_hit=no | blastp_swissprot_evalue_pass=no | diamond_trembl_cnidaria_hit=yes | diamond_trembl_cnidaria_subject=tr|A0A6P8IZZ9|A0A6P8IZZ9_ACTTE | diamond_trembl_cnidaria_pident=65.6 | diamond_trembl_cnidaria_aln_length=244 | diamond_trembl_cnidaria_evalue=8.58e-112 | diamond_trembl_cnidaria_bitscore=324 | diamond_trembl_cnidaria_qlen=253 | diamond_trembl_cnidaria_slen=252 | diamond_trembl_cnidaria_query_coverage=0.9644 | diamond_trembl_cnidaria_subject_coverage=0.9683 | diamond_trembl_cnidaria_evalue_pass=yes | diamond_trembl_cnidaria_description=tr|A0A6P8IZZ9|A0A6P8IZZ9_ACTTE Uncharacterized protein LOC116305678 isoform X2 OS=Actinia tenebrosa OX=6105 GN=LOC116305678 PE=4 SV=1 | diamond_trembl_cnidaria_description_is_ambiguous=yes | diamond_trembl_cnidaria_description_ambiguity_reason=uncharacterized protein | diamond_trembl_cnidaria_informative_hit=no | blastp_trembl_cnidaria_hit=yes | blastp_trembl_cnidaria_subject=tr|A0A6P8IMU8|A0A6P8IMU8_ACTTE | blastp_trembl_cnidaria_pident=63.008 | blastp_trembl_cnidaria_aln_length=246 | blastp_trembl_cnidaria_evalue=6.09e-106 | blastp_trembl_cnidaria_bitscore=309 | blastp_trembl_cnidaria_qlen=253 | blastp_trembl_cnidaria_slen=250 | blastp_trembl_cnidaria_query_coverage=0.9723 | blastp_trembl_cnidaria_subject_coverage=0.9840 | blastp_trembl_cnidaria_evalue_pass=yes | blastp_trembl_cnidaria_description=tr|A0A6P8IMU8|A0A6P8IMU8_ACTTE Uncharacterized protein LOC116302906 isoform X1 OS=Actinia tenebrosa OX=6105 GN=LOC116302906 PE=4 SV=1 | blastp_trembl_cnidaria_description_is_ambiguous=yes | blastp_trembl_cnidaria_description_ambiguity_reason=uncharacterized protein | blastp_trembl_cnidaria_informative_hit=no | interpro_hit=no | eggnog_hit=no | signalp_result_present=yes | signalp_positive=no | signalp_raw=evm.utg1765.13	SP(Sec/SPI)	0.987846	0.012154	CS pos: 22-23. SWS-SA. Pr: 0.6691"	sequence_found_in_external_fasta	evm.utg1765.13	evm.utg1765.13	matched_multiple	protein_id	evm.utg1765.13	evm.utg1765.13	cds.evm.utg1765	utg1765	-	utg1765:113405-116013(-)	utg1765:113405-116013(-)	113405	116013	2609	utg1765:113540-115934(-)	113540	115934	2395	762	5	exon_features	5	matched_primary_from_multiple_strict	1	candidate_id_equals_transcript_id	85	30	85	14	1	1	2	no	dark_cluster_001890	evm.utg1765.13	1	evm.utg1765.13	1	1	1	no	single_copy_or_no_near_identical_dark_duplicate	8	high_priority	none	repeat_overlap	6	1005	0.385205	(CCAT)n 1 75:1;(GCAA)n 1 335:1;rnd-1_family-942 1 91:1;rnd-4_family-1614 4 323:1;rnd-6_family-34 303 366:1;(AGAAG)n 1 42:1	no_dmr_overlap	0	0	0.000000	NA	NA	de_significant	evm.TU.utg1765.13	gene_id	10	yes	3	salinity_added_wald|down|logFC=-2.304|padj=0.00145;combined_wald|down|logFC=-1.304|padj=0.03186;full_model_LRT|down|logFC=-1.653|padj=0.002751	0.00145018	2.30371
utg109.equina_smart_1630186.mrna12	103	top_stress_responsive_dark_candidate	high_priority;single_copy_or_no_near_identical_dark_duplicate;DE_significant_any_contrast;stress_contrast_DE;abs_logFC_ge_2;padj_le_0.01;repeat_TE_overlap_context;no_DMR_overlap	all	yes	no	3	3	2.72405	0.00159874	combined_wald|up|logFC=2.724|padj=0.001599;salinity_only_wald|up|logFC=1.892|padj=0.007507;salinity_added_wald|up|logFC=1.643|padj=0.01753	utg109.equina_smart_1630186.mrna12	utg109.equina_smart_1630186.path12	50	1	no										no		no										no		no										no				no	no										no				no	no							no														yes	no	"utg109.equina_smart_1630186.mrna12	OTHER	0.005754	0.994246	"	function_dark_no_current_annotation	function_dark_no_current_annotation	non_classifying_evidence_retained	"diamond_swissprot_hit=no | diamond_swissprot_evalue_pass=no | blastp_swissprot_hit=no | blastp_swissprot_evalue_pass=no | diamond_trembl_cnidaria_hit=no | diamond_trembl_cnidaria_evalue_pass=no | diamond_trembl_cnidaria_informative_hit=no | blastp_trembl_cnidaria_hit=no | blastp_trembl_cnidaria_evalue_pass=no | blastp_trembl_cnidaria_informative_hit=no | interpro_hit=no | eggnog_hit=no | signalp_result_present=yes | signalp_positive=no | signalp_raw=utg109.equina_smart_1630186.mrna12	OTHER	0.005754	0.994246"	sequence_found_in_external_fasta	utg109.equina_smart_1630186.mrna12	utg109.equina_smart_1630186.mrna12	matched_multiple	protein_id	utg109.equina_smart_1630186.mrna12	utg109.equina_smart_1630186.mrna12	gmap_gene_find_equina_smart_1630186	utg109	-	utg109:5979-7939(-)	utg109:5979-7939(-)	5979	7939	1961	utg109:5979-7939(-)	5979	7939	1961	153	2	exon_features	2	matched_primary_from_multiple_strict	1	candidate_id_equals_transcript_id	2	1	2	1	1	2	2	no	dark_cluster_000125	utg109.equina_smart_1630186.mrna12	1	utg109.equina_smart_1630186.mrna12	1	1	1	no	single_copy_or_no_near_identical_dark_duplicate	8	high_priority	none	repeat_overlap	8	1932	0.985212	rnd-6_family-1331 1 820:1;rnd-1_family-52 312 324:1;rnd-1_family-101 1 103:1;rnd-1_family-52 325 523:1;rnd-5_family-7514 1 429:1;rnd-1_family-469 1 56:1;rnd-3_family-68 155 460:1;rnd-5_family-9867 2 505:1	no_dmr_overlap	0	0	0.000000	NA	NA	de_significant	utg109.equina_smart_1630186.path12	gene_id	4	yes	3	salinity_only_wald|up|logFC=1.892|padj=0.007507;salinity_added_wald|up|logFC=1.643|padj=0.01753;combined_wald|up|logFC=2.724|padj=0.001599	0.00119923	2.72405
evm.utg1270.21	103	top_stress_responsive_dark_candidate	high_priority;single_copy_or_no_near_identical_dark_duplicate;DE_significant_any_contrast;stress_contrast_DE;abs_logFC_ge_2;padj_le_0.01;repeat_TE_overlap_context;no_DMR_overlap	all	yes	no	3	3	2.29278	0.0025187	full_model_LRT|up|logFC=1.235|padj=0.002519;salinity_only_wald|down|logFC=-1.611|padj=0.002899;salinity_only_LRT|down|logFC=-2.293|padj=0.01569	evm.utg1270.21	evm.TU.utg1270.21	186	2	no										no		no										no		yes	tr|A0A6P8HL40|A0A6P8HL40_ACTTE	95.7	187	7.90e-124	349	186	187	1.0054	1.0000	yes	tr|A0A6P8HL40|A0A6P8HL40_ACTTE Uncharacterized protein LOC116292464 OS=Actinia tenebrosa OX=6105 GN=LOC116292464 PE=4 SV=1	yes	uncharacterized protein	no	yes	tr|A0A6P8HL40|A0A6P8HL40_ACTTE	95.722	187	2.70e-131	368	186	187	1.0054	1.0000	yes	tr|A0A6P8HL40|A0A6P8HL40_ACTTE Uncharacterized protein LOC116292464 OS=Actinia tenebrosa OX=6105 GN=LOC116292464 PE=4 SV=1	yes	uncharacterized protein	no	no							no														yes	no	"evm.utg1270.21	SP(Sec/SPI)	0.722668	0.277332	CS pos: 28-29. TQA-VK. Pr: 0.5508"	function_dark_no_current_annotation	function_dark_no_current_annotation	ambiguous_or_low_confidence_evidence;non_classifying_evidence_retained	"diamond_swissprot_hit=no | diamond_swissprot_evalue_pass=no | blastp_swissprot_hit=no | blastp_swissprot_evalue_pass=no | diamond_trembl_cnidaria_hit=yes | diamond_trembl_cnidaria_subject=tr|A0A6P8HL40|A0A6P8HL40_ACTTE | diamond_trembl_cnidaria_pident=95.7 | diamond_trembl_cnidaria_aln_length=187 | diamond_trembl_cnidaria_evalue=7.90e-124 | diamond_trembl_cnidaria_bitscore=349 | diamond_trembl_cnidaria_qlen=186 | diamond_trembl_cnidaria_slen=187 | diamond_trembl_cnidaria_query_coverage=1.0054 | diamond_trembl_cnidaria_subject_coverage=1.0000 | diamond_trembl_cnidaria_evalue_pass=yes | diamond_trembl_cnidaria_description=tr|A0A6P8HL40|A0A6P8HL40_ACTTE Uncharacterized protein LOC116292464 OS=Actinia tenebrosa OX=6105 GN=LOC116292464 PE=4 SV=1 | diamond_trembl_cnidaria_description_is_ambiguous=yes | diamond_trembl_cnidaria_description_ambiguity_reason=uncharacterized protein | diamond_trembl_cnidaria_informative_hit=no | blastp_trembl_cnidaria_hit=yes | blastp_trembl_cnidaria_subject=tr|A0A6P8HL40|A0A6P8HL40_ACTTE | blastp_trembl_cnidaria_pident=95.722 | blastp_trembl_cnidaria_aln_length=187 | blastp_trembl_cnidaria_evalue=2.70e-131 | blastp_trembl_cnidaria_bitscore=368 | blastp_trembl_cnidaria_qlen=186 | blastp_trembl_cnidaria_slen=187 | blastp_trembl_cnidaria_query_coverage=1.0054 | blastp_trembl_cnidaria_subject_coverage=1.0000 | blastp_trembl_cnidaria_evalue_pass=yes | blastp_trembl_cnidaria_description=tr|A0A6P8HL40|A0A6P8HL40_ACTTE Uncharacterized protein LOC116292464 OS=Actinia tenebrosa OX=6105 GN=LOC116292464 PE=4 SV=1 | blastp_trembl_cnidaria_description_is_ambiguous=yes | blastp_trembl_cnidaria_description_ambiguity_reason=uncharacterized protein | blastp_trembl_cnidaria_informative_hit=no | interpro_hit=no | eggnog_hit=no | signalp_result_present=yes | signalp_positive=no | signalp_raw=evm.utg1270.21	SP(Sec/SPI)	0.722668	0.277332	CS pos: 28-29. TQA-VK. Pr: 0.5508"	sequence_found_in_external_fasta	evm.utg1270.1	evm.utg1270.1	matched_multiple	protein_id	evm.utg1270	evm.utg1270.21	cds.evm.utg1270	utg1270	-	utg1270:174778-176962(-)	utg1270:174656-196992(-)	174778	176962	2185	utg1270:174888-176877(-)	174888	176877	1990	561	2	exon_features	2	matched_primary_from_multiple_strict	1	candidate_id_equals_transcript_id	101	38	101	14	1	0	0	no	dark_cluster_000057	evm.utg1270.21	1	evm.utg1270.21	1	1	1	no	single_copy_or_no_near_identical_dark_duplicate	8	high_priority	none	repeat_overlap	4	900	0.411899	rnd-6_family-4516 30 246:1;rnd-5_family-2962 376 434:1;rnd-4_family-3375 178 377:1;rnd-1_family-16 196 257:1	no_dmr_overlap	0	0	0.000000	NA	NA	de_significant	evm.TU.utg1270.21	gene_id	10	yes	3	salinity_only_wald|down|logFC=-1.611|padj=0.002899;salinity_only_LRT|down|logFC=-2.293|padj=0.01569;full_model_LRT|up|logFC=1.235|padj=0.002519	0.0025187	2.29278
utg8494.equina_smart_1464943.mrna1	103	top_stress_responsive_dark_candidate	high_priority;single_copy_or_no_near_identical_dark_duplicate;DE_significant_any_contrast;stress_contrast_DE;abs_logFC_ge_2;padj_le_0.01;repeat_TE_overlap_context;no_DMR_overlap	all	yes	no	3	3	2.06836	0.00331038	salinity_added_wald|up|logFC=1.885|padj=0.00331;full_model_LRT|up|logFC=2.068|padj=0.007651;combined_wald|up|logFC=1.275|padj=0.02945	utg8494.equina_smart_1464943.mrna1	utg8494.equina_smart_1464943.path1	86	1	no										no		no										no		no										no				no	no										no				no	no							no														yes	no	"utg8494.equina_smart_1464943.mrna1	OTHER	0.000428	0.999572	"	function_dark_no_current_annotation	function_dark_no_current_annotation	non_classifying_evidence_retained	"diamond_swissprot_hit=no | diamond_swissprot_evalue_pass=no | blastp_swissprot_hit=no | blastp_swissprot_evalue_pass=no | diamond_trembl_cnidaria_hit=no | diamond_trembl_cnidaria_evalue_pass=no | diamond_trembl_cnidaria_informative_hit=no | blastp_trembl_cnidaria_hit=no | blastp_trembl_cnidaria_evalue_pass=no | blastp_trembl_cnidaria_informative_hit=no | interpro_hit=no | eggnog_hit=no | signalp_result_present=yes | signalp_positive=no | signalp_raw=utg8494.equina_smart_1464943.mrna1	OTHER	0.000428	0.999572"	sequence_found_in_external_fasta	utg8494.equina_smart_1464943.mrna1	utg8494.equina_smart_1464943.mrna1	matched_multiple	protein_id	utg8494.equina_smart_1464943.mrna1	utg8494.equina_smart_1464943.mrna1	gmap_gene_find_equina_smart_1464943	utg8494	-	utg8494:270558-288551(-)	utg8494:270558-288551(-)	270558	288551	17994	utg8494:270558-288551(-)	270558	288551	17994	261	3	exon_features	3	matched_primary_from_multiple_strict	1	candidate_id_equals_transcript_id	2	1	2	1	1	1	1	no	dark_cluster_000106	utg8494.equina_smart_1464943.mrna1	1	utg8494.equina_smart_1464943.mrna1	1	1	1	no	single_copy_or_no_near_identical_dark_duplicate	8	high_priority	none	repeat_overlap	40	4597	0.255474	rnd-5_family-304 45 124:2;rnd-3_family-316 67 361:1;rnd-6_family-20296 1395 1500:1;rnd-6_family-9660 1 100:1;rnd-3_family-1404 31 136:1;rnd-4_family-372 159 233:1;rnd-1_family-81 44 181:1;rnd-6_family-1026 193 431:1;rnd-4_family-182 1 169:1;rnd-1_family-40 16 174:1;rnd-6_family-20388 699 741:1;rnd-6_family-9476 1712 1760:1;rnd-1_family-24 2 269:1;rnd-5_family-6158 1 114:1;rnd-2_family-267 67 131:1;rnd-4_family-433 40 489:1;(ATC)n 1 75:1;(ATT)n 3 55:1;rnd-6_family-4104 103 294:1;rnd-6_family-3254 55 233:1;rnd-5_family-3610 37 139:1;rnd-6_family-2453 57 106:1;rnd-6_family-2266 2131 2341:1;rnd-1_family-115 1 119:1;rnd-5_family-461 19 393:1;(AACTA)n 1 41:1;rnd-4_family-377 38 528:1;rnd-6_family-10101 99 477:1;rnd-1_family-115 4 89:1;rnd-1_family-392 1 37:1;rnd-4_family-4240 54 167:1;rnd-1_family-392 40 91:1;A-rich 1 43:1;(ATAA)n 1 34:1;(C)n 1 26:1;rnd-1_family-247 1 54:1;rnd-1_family-475 36 148:1;rnd-5_family-4616 44 209:1;(TAAA)n 1 36:1	no_dmr_overlap	0	0	0.000000	NA	NA	de_significant	utg8494.equina_smart_1464943.path1	gene_id	10	yes	3	salinity_added_wald|up|logFC=1.885|padj=0.00331;combined_wald|up|logFC=1.275|padj=0.02945;full_model_LRT|up|logFC=2.068|padj=0.007651	0.00331038	2.06836
utg4130.equina_smart_1692402.mrna1	103	top_stress_responsive_dark_candidate	high_priority;single_copy_or_no_near_identical_dark_duplicate;DE_significant_any_contrast;stress_contrast_DE;abs_logFC_ge_2;padj_le_0.01;repeat_TE_overlap_context;no_DMR_overlap	all	yes	no	3	3	3.88496	0.00350827	salinity_only_LRT|up|logFC=2.306|padj=0.003508;full_model_LRT|down|logFC=-3.885|padj=0.02852;salinity_only_wald|up|logFC=1.11|padj=0.04814	utg4130.equina_smart_1692402.mrna1	utg4130.equina_smart_1692402.path1	45	1	no										no		no										no		no										no				no	no										no				no	no							no														yes	no	"utg4130.equina_smart_1692402.mrna1	OTHER	0.009146	0.990854	"	function_dark_no_current_annotation	function_dark_no_current_annotation	non_classifying_evidence_retained	"diamond_swissprot_hit=no | diamond_swissprot_evalue_pass=no | blastp_swissprot_hit=no | blastp_swissprot_evalue_pass=no | diamond_trembl_cnidaria_hit=no | diamond_trembl_cnidaria_evalue_pass=no | diamond_trembl_cnidaria_informative_hit=no | blastp_trembl_cnidaria_hit=no | blastp_trembl_cnidaria_evalue_pass=no | blastp_trembl_cnidaria_informative_hit=no | interpro_hit=no | eggnog_hit=no | signalp_result_present=yes | signalp_positive=no | signalp_raw=utg4130.equina_smart_1692402.mrna1	OTHER	0.009146	0.990854"	sequence_found_in_external_fasta	utg4130.equina_smart_1692402.mrna1	utg4130.equina_smart_1692402.mrna1	matched_multiple	protein_id	utg4130.equina_smart_1692402	utg4130.equina_smart_1692402.mrna1	gmap_gene_find_equina_smart_1692402	utg4130	+	utg4130:99620-100523(+)	utg4130:99620-100523(+)	99620	100523	904	utg4130:99620-100523(+)	99620	100523	904	138	2	exon_features	2	matched_primary_from_multiple_strict	1	candidate_id_equals_transcript_id	2	1	2	1	1	0	0	no	dark_cluster_003108	utg4130.equina_smart_1692402.mrna1	1	utg4130.equina_smart_1692402.mrna1	1	1	1	no	single_copy_or_no_near_identical_dark_duplicate	8	high_priority	none	repeat_overlap	7	727	0.804204	rnd-4_family-1926 3209 3360:1;rnd-1_family-697 172 275:1;rnd-6_family-693 66 104:1;rnd-6_family-18582 842 1006:1;rnd-1_family-58 1 194:1;rnd-3_family-126 1 136:1;rnd-5_family-298 1 1598:1	no_dmr_overlap	0	0	0.000000	NA	NA	de_significant	utg4130.equina_smart_1692402.path1	gene_id	10	yes	3	salinity_only_wald|up|logFC=1.11|padj=0.04814;salinity_only_LRT|up|logFC=2.306|padj=0.003508;full_model_LRT|down|logFC=-3.885|padj=0.02852	0.00350827	3.88496
evm.utg1230.24	103	top_stress_responsive_dark_candidate	high_priority;single_copy_or_no_near_identical_dark_duplicate;DE_significant_any_contrast;stress_contrast_DE;abs_logFC_ge_2;padj_le_0.01;repeat_TE_overlap_context;no_DMR_overlap	all	yes	no	3	3	2.07095	0.00365346	salinity_added_wald|down|logFC=-2.071|padj=0.003653;full_model_LRT|down|logFC=-1.962|padj=0.006187;combined_wald|down|logFC=-1.54|padj=0.01601	evm.utg1230.24	evm.TU.utg1230.24	152	1	no										no		no										no		no										no				no	yes	tr|A0A3M6V1C8|A0A3M6V1C8_POCDA	36.296	135	9.50e-08	53.1	152	395	0.8882	0.3418	yes	tr|A0A3M6V1C8|A0A3M6V1C8_POCDA Uncharacterized protein OS=Pocillopora damicornis OX=46731 GN=pdam_00019023 PE=4 SV=1	yes	uncharacterized protein	no	no							no														yes	no	"evm.utg1230.24	OTHER	0.000926	0.999074	"	function_dark_no_current_annotation	function_dark_no_current_annotation	ambiguous_or_low_confidence_evidence;non_classifying_evidence_retained	"diamond_swissprot_hit=no | diamond_swissprot_evalue_pass=no | blastp_swissprot_hit=no | blastp_swissprot_evalue_pass=no | diamond_trembl_cnidaria_hit=no | diamond_trembl_cnidaria_evalue_pass=no | diamond_trembl_cnidaria_informative_hit=no | blastp_trembl_cnidaria_hit=yes | blastp_trembl_cnidaria_subject=tr|A0A3M6V1C8|A0A3M6V1C8_POCDA | blastp_trembl_cnidaria_pident=36.296 | blastp_trembl_cnidaria_aln_length=135 | blastp_trembl_cnidaria_evalue=9.50e-08 | blastp_trembl_cnidaria_bitscore=53.1 | blastp_trembl_cnidaria_qlen=152 | blastp_trembl_cnidaria_slen=395 | blastp_trembl_cnidaria_query_coverage=0.8882 | blastp_trembl_cnidaria_subject_coverage=0.3418 | blastp_trembl_cnidaria_evalue_pass=yes | blastp_trembl_cnidaria_description=tr|A0A3M6V1C8|A0A3M6V1C8_POCDA Uncharacterized protein OS=Pocillopora damicornis OX=46731 GN=pdam_00019023 PE=4 SV=1 | blastp_trembl_cnidaria_description_is_ambiguous=yes | blastp_trembl_cnidaria_description_ambiguity_reason=uncharacterized protein | blastp_trembl_cnidaria_informative_hit=no | interpro_hit=no | eggnog_hit=no | signalp_result_present=yes | signalp_positive=no | signalp_raw=evm.utg1230.24	OTHER	0.000926	0.999074"	sequence_found_in_external_fasta	evm.utg1230.1	evm.utg1230.1	matched_multiple	protein_id	evm.utg1230	evm.utg1230.24	cds.evm.utg1230	utg1230	+	utg1230:183807-184265(+)	utg1230:183807-184265(+)	183807	184265	459	utg1230:183807-184265(+)	183807	184265	459	459	1	exon_features	1	matched_primary_from_multiple_strict	1	candidate_id_equals_transcript_id	85	37	85	7	1	0	0	no	dark_cluster_000217	evm.utg1230.24	1	evm.utg1230.24	1	1	1	no	single_copy_or_no_near_identical_dark_duplicate	7	high_priority	none	repeat_overlap	1	105	0.228758	rnd-6_family-47266 460 564:1	no_dmr_overlap	0	0	0.000000	NA	NA	de_significant	evm.TU.utg1230.24	gene_id	7	yes	3	salinity_added_wald|down|logFC=-2.071|padj=0.003653;combined_wald|down|logFC=-1.54|padj=0.01601;full_model_LRT|down|logFC=-1.962|padj=0.006187	0.00365346	2.07095
evm.utg1452.16	103	top_stress_responsive_dark_candidate	high_priority;single_copy_or_no_near_identical_dark_duplicate;DE_significant_any_contrast;stress_contrast_DE;abs_logFC_ge_2;padj_le_0.01;repeat_TE_overlap_context;no_DMR_overlap	all	yes	no	3	3	4.1286	0.00415201	salinity_added_wald|down|logFC=-2.338|padj=0.004152;combined_wald|down|logFC=-2.044|padj=0.006142;full_model_LRT|down|logFC=-4.129|padj=0.03098	evm.utg1452.16	evm.TU.utg1452.16	178	1	no										no		no										no		no										no				no	yes	tr|A0A6P8H7P3|A0A6P8H7P3_ACTTE	34.286	105	7.23e-09	55.5	178	167	0.5899	0.6287	yes	tr|A0A6P8H7P3|A0A6P8H7P3_ACTTE Uncharacterized protein LOC116288797 OS=Actinia tenebrosa OX=6105 GN=LOC116288797 PE=4 SV=1	yes	uncharacterized protein	no	no							no														yes	no	"evm.utg1452.16	OTHER	0.002135	0.997865	"	function_dark_no_current_annotation	function_dark_no_current_annotation	ambiguous_or_low_confidence_evidence;non_classifying_evidence_retained	"diamond_swissprot_hit=no | diamond_swissprot_evalue_pass=no | blastp_swissprot_hit=no | blastp_swissprot_evalue_pass=no | diamond_trembl_cnidaria_hit=no | diamond_trembl_cnidaria_evalue_pass=no | diamond_trembl_cnidaria_informative_hit=no | blastp_trembl_cnidaria_hit=yes | blastp_trembl_cnidaria_subject=tr|A0A6P8H7P3|A0A6P8H7P3_ACTTE | blastp_trembl_cnidaria_pident=34.286 | blastp_trembl_cnidaria_aln_length=105 | blastp_trembl_cnidaria_evalue=7.23e-09 | blastp_trembl_cnidaria_bitscore=55.5 | blastp_trembl_cnidaria_qlen=178 | blastp_trembl_cnidaria_slen=167 | blastp_trembl_cnidaria_query_coverage=0.5899 | blastp_trembl_cnidaria_subject_coverage=0.6287 | blastp_trembl_cnidaria_evalue_pass=yes | blastp_trembl_cnidaria_description=tr|A0A6P8H7P3|A0A6P8H7P3_ACTTE Uncharacterized protein LOC116288797 OS=Actinia tenebrosa OX=6105 GN=LOC116288797 PE=4 SV=1 | blastp_trembl_cnidaria_description_is_ambiguous=yes | blastp_trembl_cnidaria_description_ambiguity_reason=uncharacterized protein | blastp_trembl_cnidaria_informative_hit=no | interpro_hit=no | eggnog_hit=no | signalp_result_present=yes | signalp_positive=no | signalp_raw=evm.utg1452.16	OTHER	0.002135	0.997865"	sequence_found_in_external_fasta	evm.utg1452.16	evm.utg1452.16	matched_multiple	protein_id	evm.utg1452.16	evm.utg1452.16	cds.evm.utg1452	utg1452	-	utg1452:102044-111373(-)	utg1452:102044-111373(-)	102044	111373	9330	utg1452:102044-111373(-)	102044	111373	9330	537	5	exon_features	5	matched_primary_from_multiple_strict	1	candidate_id_equals_transcript_id	35	16	35	3	1	0	0	no	dark_cluster_001705	evm.utg1452.16	1	evm.utg1452.16	1	1	1	no	single_copy_or_no_near_identical_dark_duplicate	8	high_priority	none	repeat_overlap	38	5193	0.556592	rnd-5_family-309 3 109:1;rnd-4_family-2007 204 335:1;rnd-5_family-2684 202 402:1;rnd-1_family-216 109 156:1;rnd-6_family-32486 40 707:1;rnd-6_family-4542 620 834:1;rnd-6_family-32486 1 41:1;rnd-6_family-15554 36 117:1;rnd-6_family-2421 417 513:1;rnd-6_family-10668 3080 3150:1;rnd-6_family-185 728 794:1;rnd-6_family-10668 3810 3895:1;rnd-1_family-978 1 121:1;rnd-1_family-840 1 273:1;rnd-1_family-840 1 119:1;rnd-1_family-840 6 115:1;rnd-1_family-840 8 116:1;rnd-1_family-840 1 114:1;rnd-1_family-840 1 115:1;rnd-1_family-840 25 116:1;rnd-1_family-978 51 121:1;A-rich 1 47:1;rnd-1_family-131 1 545:1;rnd-4_family-372 100 236:1;rnd-6_family-268 94 179:1;rnd-1_family-95 254 289:1;rnd-4_family-872 9 232:1;rnd-1_family-63 27 124:1;rnd-4_family-2397 441 520:1;rnd-3_family-546 426 492:1;rnd-6_family-15499 1 353:1;rnd-6_family-15552 108 194:1;rnd-1_family-533 422 455:1;rnd-1_family-242 11 85:1;rnd-4_family-52 311 475:1;rnd-1_family-664 30 416:1;rnd-1_family-934 1 256:1;rnd-6_family-15499 495 902:1	no_dmr_overlap	0	0	0.000000	NA	NA	de_significant	evm.TU.utg1452.16	gene_id	8	yes	3	salinity_added_wald|down|logFC=-2.338|padj=0.004152;combined_wald|down|logFC=-2.044|padj=0.006142;full_model_LRT|down|logFC=-4.129|padj=0.03098	0.00415201	4.1286
utg301.equina_smart_690311.mrna1	103	top_stress_responsive_dark_candidate	high_priority;single_copy_or_no_near_identical_dark_duplicate;DE_significant_any_contrast;stress_contrast_DE;abs_logFC_ge_2;padj_le_0.01;repeat_TE_overlap_context;no_DMR_overlap	all	yes	no	3	3	4.80097	0.0042096	salinity_only_wald|down|logFC=-2.175|padj=0.00421;salinity_only_LRT|down|logFC=-4.801|padj=0.00541;full_model_LRT|up|logFC=2.697|padj=0.02499	utg301.equina_smart_690311.mrna1	utg301.equina_smart_690311.path1	56	1	no										no		no										no		no										no				no	no										no				no	no							no														yes	no	"utg301.equina_smart_690311.mrna1	OTHER	0.002729	0.997271	"	function_dark_no_current_annotation	function_dark_no_current_annotation	non_classifying_evidence_retained	"diamond_swissprot_hit=no | diamond_swissprot_evalue_pass=no | blastp_swissprot_hit=no | blastp_swissprot_evalue_pass=no | diamond_trembl_cnidaria_hit=no | diamond_trembl_cnidaria_evalue_pass=no | diamond_trembl_cnidaria_informative_hit=no | blastp_trembl_cnidaria_hit=no | blastp_trembl_cnidaria_evalue_pass=no | blastp_trembl_cnidaria_informative_hit=no | interpro_hit=no | eggnog_hit=no | signalp_result_present=yes | signalp_positive=no | signalp_raw=utg301.equina_smart_690311.mrna1	OTHER	0.002729	0.997271"	sequence_found_in_external_fasta	utg301.equina_smart_690311.mrna1	utg301.equina_smart_690311.mrna1	matched_multiple	protein_id	utg301.equina_smart_690311.mrna1	utg301.equina_smart_690311.mrna1	gmap_gene_find_equina_smart_690311	utg301	+	utg301:774829-775743(+)	utg301:774829-775743(+)	774829	775743	915	utg301:774829-775743(+)	774829	775743	915	171	2	exon_features	2	matched_primary_from_multiple_strict	1	candidate_id_equals_transcript_id	2	1	2	1	1	1	2	no	dark_cluster_001266	utg301.equina_smart_690311.mrna1	1	utg301.equina_smart_690311.mrna1	1	1	1	no	single_copy_or_no_near_identical_dark_duplicate	8	high_priority	none	repeat_overlap	2	195	0.213115	rnd-6_family-7453 5348 5519:1;G-rich 1 57:1	no_dmr_overlap	0	0	0.000000	NA	NA	de_significant	utg301.equina_smart_690311.path1	gene_id	10	yes	3	salinity_only_wald|down|logFC=-2.175|padj=0.00421;salinity_only_LRT|down|logFC=-4.801|padj=0.00541;full_model_LRT|up|logFC=2.697|padj=0.02499	0.0042096	4.80097
evm.utg1056.90	103	top_stress_responsive_dark_candidate	high_priority;single_copy_or_no_near_identical_dark_duplicate;DE_significant_any_contrast;stress_contrast_DE;abs_logFC_ge_2;padj_le_0.01;repeat_TE_overlap_context;no_DMR_overlap	all	yes	no	3	3	3.73126	0.00424983	salinity_only_wald|down|logFC=-2.009|padj=0.00425;full_model_LRT|up|logFC=2.296|padj=0.02365;salinity_only_LRT|down|logFC=-3.731|padj=0.02658	evm.utg1056.90	evm.TU.utg1056.90	81	1	no										no		no										no		no										no				no	no										no				no	no							no														yes	no	"evm.utg1056.90	SP(Sec/SPI)	0.994151	0.005849	CS pos: 26-27. NQG-KT. Pr: 0.6264"	function_dark_no_current_annotation	function_dark_no_current_annotation	non_classifying_evidence_retained	"diamond_swissprot_hit=no | diamond_swissprot_evalue_pass=no | blastp_swissprot_hit=no | blastp_swissprot_evalue_pass=no | diamond_trembl_cnidaria_hit=no | diamond_trembl_cnidaria_evalue_pass=no | diamond_trembl_cnidaria_informative_hit=no | blastp_trembl_cnidaria_hit=no | blastp_trembl_cnidaria_evalue_pass=no | blastp_trembl_cnidaria_informative_hit=no | interpro_hit=no | eggnog_hit=no | signalp_result_present=yes | signalp_positive=no | signalp_raw=evm.utg1056.90	SP(Sec/SPI)	0.994151	0.005849	CS pos: 26-27. NQG-KT. Pr: 0.6264"	sequence_found_in_external_fasta	evm.utg1056.90	evm.utg1056.90	matched_multiple	protein_id	evm.utg1056.90	evm.utg1056.90	cds.evm.utg1056	utg1056	+	utg1056:983574-984153(+)	utg1056:983574-984153(+)	983574	984153	580	utg1056:983776-984146(+)	983776	984146	371	246	2	exon_features	2	matched_primary_from_multiple_strict	1	candidate_id_equals_transcript_id	401	147	401	60	1	3	5	yes	dark_cluster_001502	evm.utg1056.90	1	evm.utg1056.90	1	1	1	yes	single_copy_or_no_near_identical_dark_duplicate	5	high_priority	candidate_on_BUSCO_duplication_rich_scaffold	repeat_overlap	1	185	0.318966	rnd-1_family-272 14 287:1	no_dmr_overlap	0	0	0.000000	NA	NA	de_significant	evm.TU.utg1056.90	gene_id	10	yes	3	salinity_only_wald|down|logFC=-2.009|padj=0.00425;salinity_only_LRT|down|logFC=-3.731|padj=0.02658;full_model_LRT|up|logFC=2.296|padj=0.02365	0.00424983	3.73126
evm.utg20813.23	103	top_stress_responsive_dark_candidate	high_priority;single_copy_or_no_near_identical_dark_duplicate;DE_significant_any_contrast;stress_contrast_DE;abs_logFC_ge_2;padj_le_0.01;repeat_TE_overlap_context;no_DMR_overlap	all	yes	no	3	3	3.11783	0.00467186	combined_wald|down|logFC=-2.211|padj=0.004672;salinity_added_wald|down|logFC=-2.02|padj=0.008419;full_model_LRT|down|logFC=-3.118|padj=0.04497	evm.utg20813.23	evm.TU.utg20813.23	167	1	no										no		no										no		yes	tr|A0A6P8HJF5|A0A6P8HJF5_ACTTE	41.8	79	2.79e-10	58.2	167	125	0.4731	0.6320	yes	tr|A0A6P8HJF5|A0A6P8HJF5_ACTTE Uncharacterized protein LOC116293253 OS=Actinia tenebrosa OX=6105 GN=LOC116293253 PE=4 SV=1	yes	uncharacterized protein	no	yes	tr|A0A6P8HJF5|A0A6P8HJF5_ACTTE	41.772	79	1.97e-12	63.9	167	125	0.4731	0.6320	yes	tr|A0A6P8HJF5|A0A6P8HJF5_ACTTE Uncharacterized protein LOC116293253 OS=Actinia tenebrosa OX=6105 GN=LOC116293253 PE=4 SV=1	yes	uncharacterized protein	no	no							no														yes	no	"evm.utg20813.23	OTHER	0.001174	0.998826	"	function_dark_no_current_annotation	function_dark_no_current_annotation	ambiguous_or_low_confidence_evidence;non_classifying_evidence_retained	"diamond_swissprot_hit=no | diamond_swissprot_evalue_pass=no | blastp_swissprot_hit=no | blastp_swissprot_evalue_pass=no | diamond_trembl_cnidaria_hit=yes | diamond_trembl_cnidaria_subject=tr|A0A6P8HJF5|A0A6P8HJF5_ACTTE | diamond_trembl_cnidaria_pident=41.8 | diamond_trembl_cnidaria_aln_length=79 | diamond_trembl_cnidaria_evalue=2.79e-10 | diamond_trembl_cnidaria_bitscore=58.2 | diamond_trembl_cnidaria_qlen=167 | diamond_trembl_cnidaria_slen=125 | diamond_trembl_cnidaria_query_coverage=0.4731 | diamond_trembl_cnidaria_subject_coverage=0.6320 | diamond_trembl_cnidaria_evalue_pass=yes | diamond_trembl_cnidaria_description=tr|A0A6P8HJF5|A0A6P8HJF5_ACTTE Uncharacterized protein LOC116293253 OS=Actinia tenebrosa OX=6105 GN=LOC116293253 PE=4 SV=1 | diamond_trembl_cnidaria_description_is_ambiguous=yes | diamond_trembl_cnidaria_description_ambiguity_reason=uncharacterized protein | diamond_trembl_cnidaria_informative_hit=no | blastp_trembl_cnidaria_hit=yes | blastp_trembl_cnidaria_subject=tr|A0A6P8HJF5|A0A6P8HJF5_ACTTE | blastp_trembl_cnidaria_pident=41.772 | blastp_trembl_cnidaria_aln_length=79 | blastp_trembl_cnidaria_evalue=1.97e-12 | blastp_trembl_cnidaria_bitscore=63.9 | blastp_trembl_cnidaria_qlen=167 | blastp_trembl_cnidaria_slen=125 | blastp_trembl_cnidaria_query_coverage=0.4731 | blastp_trembl_cnidaria_subject_coverage=0.6320 | blastp_trembl_cnidaria_evalue_pass=yes | blastp_trembl_cnidaria_description=tr|A0A6P8HJF5|A0A6P8HJF5_ACTTE Uncharacterized protein LOC116293253 OS=Actinia tenebrosa OX=6105 GN=LOC116293253 PE=4 SV=1 | blastp_trembl_cnidaria_description_is_ambiguous=yes | blastp_trembl_cnidaria_description_ambiguity_reason=uncharacterized protein | blastp_trembl_cnidaria_informative_hit=no | interpro_hit=no | eggnog_hit=no | signalp_result_present=yes | signalp_positive=no | signalp_raw=evm.utg20813.23	OTHER	0.001174	0.998826"	sequence_found_in_external_fasta	evm.utg20813.23	evm.utg20813.23	matched_multiple	protein_id	evm.utg20813	evm.utg20813.23	cds.evm.utg20813	utg20813	+	utg20813:205717-207292(+)	utg20813:205717-207292(+)	205717	207292	1576	utg20813:205717-207292(+)	205717	207292	1576	504	4	exon_features	4	matched_primary_from_multiple_strict	1	candidate_id_equals_transcript_id	48	24	48	1	1	0	0	no	dark_cluster_000175	evm.utg20813.23	1	evm.utg20813.23	1	1	1	no	single_copy_or_no_near_identical_dark_duplicate	8	high_priority	none	repeat_overlap	1	231	0.146574	rnd-5_family-515 1989 2213:1	no_dmr_overlap	0	0	0.000000	NA	NA	de_significant	evm.TU.utg20813.23	gene_id	9	yes	3	salinity_added_wald|down|logFC=-2.02|padj=0.008419;combined_wald|down|logFC=-2.211|padj=0.004672;full_model_LRT|down|logFC=-3.118|padj=0.04497	0.00467186	3.11783
evm.utg7066.4	103	top_stress_responsive_dark_candidate	high_priority;single_copy_or_no_near_identical_dark_duplicate;DE_significant_any_contrast;stress_contrast_DE;abs_logFC_ge_2;padj_le_0.01;repeat_TE_overlap_context;no_DMR_overlap	all	yes	no	3	3	6.02903	0.0049573	salinity_only_wald|down|logFC=-2.136|padj=0.004957;salinity_only_LRT|down|logFC=-6.029|padj=0.01059;full_model_LRT|up|logFC=5.175|padj=0.02437	evm.utg7066.4	evm.TU.utg7066.4	85	1	no										no		no										no		no										no				no	no										no				no	no							no														yes	no	"evm.utg7066.4	SP(Sec/SPI)	0.726705	0.273295	CS pos: 19-20. VTA-TR. Pr: 0.4640"	function_dark_no_current_annotation	function_dark_no_current_annotation	non_classifying_evidence_retained	"diamond_swissprot_hit=no | diamond_swissprot_evalue_pass=no | blastp_swissprot_hit=no | blastp_swissprot_evalue_pass=no | diamond_trembl_cnidaria_hit=no | diamond_trembl_cnidaria_evalue_pass=no | diamond_trembl_cnidaria_informative_hit=no | blastp_trembl_cnidaria_hit=no | blastp_trembl_cnidaria_evalue_pass=no | blastp_trembl_cnidaria_informative_hit=no | interpro_hit=no | eggnog_hit=no | signalp_result_present=yes | signalp_positive=no | signalp_raw=evm.utg7066.4	SP(Sec/SPI)	0.726705	0.273295	CS pos: 19-20. VTA-TR. Pr: 0.4640"	sequence_found_in_external_fasta	evm.utg7066.4	evm.utg7066.4	matched_multiple	protein_id	evm.utg7066.4	evm.utg7066.4	cds.evm.utg7066	utg7066	+	utg7066:55779-57790(+)	utg7066:55779-57790(+)	55779	57790	2012	utg7066:55779-57790(+)	55779	57790	2012	258	4	exon_features	4	matched_primary_from_multiple_strict	1	candidate_id_equals_transcript_id	92	41	92	6	1	0	0	no	dark_cluster_001574	evm.utg7066.4	1	evm.utg7066.4	1	1	1	no	single_copy_or_no_near_identical_dark_duplicate	8	high_priority	none	repeat_overlap	6	433	0.215209	rnd-5_family-728 3 110:1;rnd-4_family-571 1 69:1;(AATACA)n 1 33:1;(TTCC)n 1 46:1;rnd-1_family-946 11 61:1;rnd-4_family-1406 88 209:1	no_dmr_overlap	0	0	0.000000	NA	NA	de_significant	evm.TU.utg7066.4	gene_id	8	yes	3	salinity_only_wald|down|logFC=-2.136|padj=0.004957;salinity_only_LRT|down|logFC=-6.029|padj=0.01059;full_model_LRT|up|logFC=5.175|padj=0.02437	0.0049573	6.02903
evm.utg4054.11	103	top_stress_responsive_dark_candidate	high_priority;single_copy_or_no_near_identical_dark_duplicate;DE_significant_any_contrast;stress_contrast_DE;abs_logFC_ge_2;padj_le_0.01;repeat_TE_overlap_context;no_DMR_overlap	all	yes	no	3	3	3.33034	0.00552676	combined_wald|down|logFC=-2.094|padj=0.005527;salinity_added_wald|down|logFC=-1.882|padj=0.01034;full_model_LRT|down|logFC=-3.33|padj=0.03599	evm.utg4054.11	evm.TU.utg4054.11	122	1	no										no		no										no		no										no				no	no										no				no	no							no														yes	no	"evm.utg4054.11	OTHER	0.001259	0.998741	"	function_dark_no_current_annotation	function_dark_no_current_annotation	non_classifying_evidence_retained	"diamond_swissprot_hit=no | diamond_swissprot_evalue_pass=no | blastp_swissprot_hit=no | blastp_swissprot_evalue_pass=no | diamond_trembl_cnidaria_hit=no | diamond_trembl_cnidaria_evalue_pass=no | diamond_trembl_cnidaria_informative_hit=no | blastp_trembl_cnidaria_hit=no | blastp_trembl_cnidaria_evalue_pass=no | blastp_trembl_cnidaria_informative_hit=no | interpro_hit=no | eggnog_hit=no | signalp_result_present=yes | signalp_positive=no | signalp_raw=evm.utg4054.11	OTHER	0.001259	0.998741"	sequence_found_in_external_fasta	evm.utg4054.11	evm.utg4054.11	matched_multiple	protein_id	evm.utg4054.11	evm.utg4054.11	cds.evm.utg4054	utg4054	+	utg4054:121819-122983(+)	utg4054:121819-122983(+)	121819	122983	1165	utg4054:121819-122983(+)	121819	122983	1165	369	5	exon_features	5	matched_primary_from_multiple_strict	1	candidate_id_equals_transcript_id	22	11	22	1	1	0	0	no	dark_cluster_002035	evm.utg4054.11	1	evm.utg4054.11	1	1	1	no	single_copy_or_no_near_identical_dark_duplicate	8	high_priority	none	repeat_overlap	1	411	0.352790	rnd-5_family-3416 1 1802:1	no_dmr_overlap	0	0	0.000000	NA	NA	de_significant	evm.TU.utg4054.11	gene_id	9	yes	3	salinity_added_wald|down|logFC=-1.882|padj=0.01034;combined_wald|down|logFC=-2.094|padj=0.005527;full_model_LRT|down|logFC=-3.33|padj=0.03599	0.00552676	3.33034
evm.utg5033.18	103	top_stress_responsive_dark_candidate	high_priority;single_copy_or_no_near_identical_dark_duplicate;DE_significant_any_contrast;stress_contrast_DE;abs_logFC_ge_2;padj_le_0.01;repeat_TE_overlap_context;no_DMR_overlap	all	yes	no	3	3	2.81303	0.00583692	salinity_added_wald|up|logFC=1.921|padj=0.005837;full_model_LRT|up|logFC=2.813|padj=0.00916;combined_wald|up|logFC=1.319|padj=0.03244	evm.utg5033.18	evm.TU.utg5033.18	80	1	no										no		no										no		no										no				no	no										no				no	no							no														yes	no	"evm.utg5033.18	SP(Sec/SPI)	0.999003	0.000997	CS pos: 17-18. AFA-YP. Pr: 0.8585"	function_dark_no_current_annotation	function_dark_no_current_annotation	non_classifying_evidence_retained	"diamond_swissprot_hit=no | diamond_swissprot_evalue_pass=no | blastp_swissprot_hit=no | blastp_swissprot_evalue_pass=no | diamond_trembl_cnidaria_hit=no | diamond_trembl_cnidaria_evalue_pass=no | diamond_trembl_cnidaria_informative_hit=no | blastp_trembl_cnidaria_hit=no | blastp_trembl_cnidaria_evalue_pass=no | blastp_trembl_cnidaria_informative_hit=no | interpro_hit=no | eggnog_hit=no | signalp_result_present=yes | signalp_positive=no | signalp_raw=evm.utg5033.18	SP(Sec/SPI)	0.999003	0.000997	CS pos: 17-18. AFA-YP. Pr: 0.8585"	sequence_found_in_external_fasta	evm.utg5033.18	evm.utg5033.18	matched_multiple	protein_id	evm.utg5033.18	evm.utg5033.18	cds.evm.utg5033	utg5033	-	utg5033:205108-206921(-)	utg5033:205108-206921(-)	205108	206921	1814	utg5033:205136-206921(-)	205136	206921	1786	243	3	exon_features	3	matched_primary_from_multiple_strict	1	candidate_id_equals_transcript_id	86	41	86	3	1	1	1	no	dark_cluster_001675	evm.utg5033.18	1	evm.utg5033.18	1	1	1	no	single_copy_or_no_near_identical_dark_duplicate	8	high_priority	none	repeat_overlap	3	819	0.451488	rnd-1_family-251 1 432:1;rnd-1_family-161 1 323:1;rnd-5_family-3149 1219 1254:1	no_dmr_overlap	0	0	0.000000	NA	NA	de_significant	evm.TU.utg5033.18	gene_id	10	yes	3	salinity_added_wald|up|logFC=1.921|padj=0.005837;combined_wald|up|logFC=1.319|padj=0.03244;full_model_LRT|up|logFC=2.813|padj=0.00916	0.00583692	2.81303
evm.utg1404.20	103	top_stress_responsive_dark_candidate	high_priority;single_copy_or_no_near_identical_dark_duplicate;DE_significant_any_contrast;stress_contrast_DE;abs_logFC_ge_2;padj_le_0.01;repeat_TE_overlap_context;no_DMR_overlap	all	yes	no	3	3	2.03657	0.00585313	salinity_only_wald|down|logFC=-1.412|padj=0.005853;full_model_LRT|up|logFC=1.248|padj=0.02042;salinity_only_LRT|down|logFC=-2.037|padj=0.02944	evm.utg1404.20	evm.TU.utg1404.20	94	1	no										no		no										no		yes	tr|A0A6P8IMP5|A0A6P8IMP5_ACTTE	94.7	94	1.24e-60	182	94	94	1.0000	1.0000	yes	tr|A0A6P8IMP5|A0A6P8IMP5_ACTTE Uncharacterized protein LOC116302998 OS=Actinia tenebrosa OX=6105 GN=LOC116302998 PE=4 SV=1	yes	uncharacterized protein	no	yes	tr|A0A6P8IMP5|A0A6P8IMP5_ACTTE	94.681	94	4.05e-61	183	94	94	1.0000	1.0000	yes	tr|A0A6P8IMP5|A0A6P8IMP5_ACTTE Uncharacterized protein LOC116302998 OS=Actinia tenebrosa OX=6105 GN=LOC116302998 PE=4 SV=1	yes	uncharacterized protein	no	no							no														yes	no	"evm.utg1404.20	SP(Sec/SPI)	0.928271	0.071729	CS pos: 27-28. TSA-RD. Pr: 0.6099"	function_dark_no_current_annotation	function_dark_no_current_annotation	ambiguous_or_low_confidence_evidence;non_classifying_evidence_retained	"diamond_swissprot_hit=no | diamond_swissprot_evalue_pass=no | blastp_swissprot_hit=no | blastp_swissprot_evalue_pass=no | diamond_trembl_cnidaria_hit=yes | diamond_trembl_cnidaria_subject=tr|A0A6P8IMP5|A0A6P8IMP5_ACTTE | diamond_trembl_cnidaria_pident=94.7 | diamond_trembl_cnidaria_aln_length=94 | diamond_trembl_cnidaria_evalue=1.24e-60 | diamond_trembl_cnidaria_bitscore=182 | diamond_trembl_cnidaria_qlen=94 | diamond_trembl_cnidaria_slen=94 | diamond_trembl_cnidaria_query_coverage=1.0000 | diamond_trembl_cnidaria_subject_coverage=1.0000 | diamond_trembl_cnidaria_evalue_pass=yes | diamond_trembl_cnidaria_description=tr|A0A6P8IMP5|A0A6P8IMP5_ACTTE Uncharacterized protein LOC116302998 OS=Actinia tenebrosa OX=6105 GN=LOC116302998 PE=4 SV=1 | diamond_trembl_cnidaria_description_is_ambiguous=yes | diamond_trembl_cnidaria_description_ambiguity_reason=uncharacterized protein | diamond_trembl_cnidaria_informative_hit=no | blastp_trembl_cnidaria_hit=yes | blastp_trembl_cnidaria_subject=tr|A0A6P8IMP5|A0A6P8IMP5_ACTTE | blastp_trembl_cnidaria_pident=94.681 | blastp_trembl_cnidaria_aln_length=94 | blastp_trembl_cnidaria_evalue=4.05e-61 | blastp_trembl_cnidaria_bitscore=183 | blastp_trembl_cnidaria_qlen=94 | blastp_trembl_cnidaria_slen=94 | blastp_trembl_cnidaria_query_coverage=1.0000 | blastp_trembl_cnidaria_subject_coverage=1.0000 | blastp_trembl_cnidaria_evalue_pass=yes | blastp_trembl_cnidaria_description=tr|A0A6P8IMP5|A0A6P8IMP5_ACTTE Uncharacterized protein LOC116302998 OS=Actinia tenebrosa OX=6105 GN=LOC116302998 PE=4 SV=1 | blastp_trembl_cnidaria_description_is_ambiguous=yes | blastp_trembl_cnidaria_description_ambiguity_reason=uncharacterized protein | blastp_trembl_cnidaria_informative_hit=no | interpro_hit=no | eggnog_hit=no | signalp_result_present=yes | signalp_positive=no | signalp_raw=evm.utg1404.20	SP(Sec/SPI)	0.928271	0.071729	CS pos: 27-28. TSA-RD. Pr: 0.6099"	sequence_found_in_external_fasta	evm.utg1404.20	evm.utg1404.20	matched_multiple	protein_id	evm.utg1404	evm.utg1404.20	cds.evm.utg1404	utg1404	-	utg1404:235653-238543(-)	utg1404:235653-238543(-)	235653	238543	2891	utg1404:236088-238487(-)	236088	238487	2400	285	3	exon_features	3	matched_primary_from_multiple_strict	1	candidate_id_equals_transcript_id	75	33	75	8	1	2	3	no	dark_cluster_003011	evm.utg1404.20	1	evm.utg1404.20	1	1	1	no	single_copy_or_no_near_identical_dark_duplicate	8	high_priority	none	repeat_overlap	10	1019	0.352473	rnd-3_family-126 22 183:1;rnd-6_family-5610 1818 1979:1;rnd-6_family-2522 1 88:1;rnd-6_family-15884 511 541:1;rnd-3_family-616 1 94:1;rnd-6_family-15884 442 510:1;rnd-4_family-372 1 205:1;rnd-6_family-268 131 204:1;rnd-2_family-27 77 272:1;rnd-1_family-169 1 177:1	no_dmr_overlap	0	0	0.000000	NA	NA	de_significant	evm.TU.utg1404.20	gene_id	10	yes	3	salinity_only_wald|down|logFC=-1.412|padj=0.005853;salinity_only_LRT|down|logFC=-2.037|padj=0.02944;full_model_LRT|up|logFC=1.248|padj=0.02042	0.00585313	2.03657
utg4194.equina_smart_501556.mrna1	103	top_stress_responsive_dark_candidate	high_priority;single_copy_or_no_near_identical_dark_duplicate;DE_significant_any_contrast;stress_contrast_DE;abs_logFC_ge_2;padj_le_0.01;repeat_TE_overlap_context;no_DMR_overlap	all	yes	no	3	3	2.87811	0.0067779	salinity_added_wald|down|logFC=-1.964|padj=0.006778;salinity_only_LRT|down|logFC=-2.878|padj=0.03659;salinity_only_wald|down|logFC=-1.162|padj=0.04472	utg4194.equina_smart_501556.mrna1	utg4194.equina_smart_501556.path1	43	1	no										no		no										no		no										no				no	no										no				no	no							no														yes	no	"utg4194.equina_smart_501556.mrna1	OTHER	0.000802	0.999198	"	function_dark_no_current_annotation	function_dark_no_current_annotation	non_classifying_evidence_retained	"diamond_swissprot_hit=no | diamond_swissprot_evalue_pass=no | blastp_swissprot_hit=no | blastp_swissprot_evalue_pass=no | diamond_trembl_cnidaria_hit=no | diamond_trembl_cnidaria_evalue_pass=no | diamond_trembl_cnidaria_informative_hit=no | blastp_trembl_cnidaria_hit=no | blastp_trembl_cnidaria_evalue_pass=no | blastp_trembl_cnidaria_informative_hit=no | interpro_hit=no | eggnog_hit=no | signalp_result_present=yes | signalp_positive=no | signalp_raw=utg4194.equina_smart_501556.mrna1	OTHER	0.000802	0.999198"	sequence_found_in_external_fasta	utg4194.equina_smart_501556.mrna1	utg4194.equina_smart_501556.mrna1	matched_multiple	protein_id	utg4194.equina_smart_501556	utg4194.equina_smart_501556.mrna1	gmap_gene_find_equina_smart_501556	utg4194	+	utg4194:100653-101138(+)	utg4194:100653-101138(+)	100653	101138	486	utg4194:100653-101138(+)	100653	101138	486	132	2	exon_features	2	matched_primary_from_multiple_strict	1	candidate_id_equals_transcript_id	2	1	2	1	1	1	1	no	dark_cluster_000218	utg4194.equina_smart_501556.mrna1	1	utg4194.equina_smart_501556.mrna1	1	1	1	no	single_copy_or_no_near_identical_dark_duplicate	8	high_priority	none	repeat_overlap	1	486	1.000000	rnd-1_family-13 1 775:1	no_dmr_overlap	0	0	0.000000	NA	NA	de_significant	utg4194.equina_smart_501556.path1	gene_id	10	yes	3	salinity_only_wald|down|logFC=-1.162|padj=0.04472;salinity_added_wald|down|logFC=-1.964|padj=0.006778;salinity_only_LRT|down|logFC=-2.878|padj=0.03659	0.00377762	2.87811
evm.utg21085.1	103	top_stress_responsive_dark_candidate	high_priority;single_copy_or_no_near_identical_dark_duplicate;DE_significant_any_contrast;stress_contrast_DE;abs_logFC_ge_2;padj_le_0.01;repeat_TE_overlap_context;no_DMR_overlap	all	yes	no	3	3	2.17156	0.00823747	combined_wald|down|logFC=-1.914|padj=0.008237;salinity_added_wald|down|logFC=-1.635|padj=0.01798;full_model_LRT|down|logFC=-2.172|padj=0.03078	evm.utg21085.1	evm.TU.utg21085.1	143	1	no										no		no										no		yes	tr|A0A6P8HKP2|A0A6P8HKP2_ACTTE	89.5	133	1.83e-82	241	143	139	0.9301	0.9568	yes	tr|A0A6P8HKP2|A0A6P8HKP2_ACTTE Uncharacterized protein LOC116290382 OS=Actinia tenebrosa OX=6105 GN=LOC116290382 PE=4 SV=1	yes	uncharacterized protein	no	yes	tr|A0A6P8HKP2|A0A6P8HKP2_ACTTE	89.474	133	1.66e-84	246	143	139	0.9301	0.9568	yes	tr|A0A6P8HKP2|A0A6P8HKP2_ACTTE Uncharacterized protein LOC116290382 OS=Actinia tenebrosa OX=6105 GN=LOC116290382 PE=4 SV=1	yes	uncharacterized protein	no	no							no														yes	no	"evm.utg21085.1	OTHER	0.000908	0.999092	"	function_dark_no_current_annotation	function_dark_no_current_annotation	ambiguous_or_low_confidence_evidence;non_classifying_evidence_retained	"diamond_swissprot_hit=no | diamond_swissprot_evalue_pass=no | blastp_swissprot_hit=no | blastp_swissprot_evalue_pass=no | diamond_trembl_cnidaria_hit=yes | diamond_trembl_cnidaria_subject=tr|A0A6P8HKP2|A0A6P8HKP2_ACTTE | diamond_trembl_cnidaria_pident=89.5 | diamond_trembl_cnidaria_aln_length=133 | diamond_trembl_cnidaria_evalue=1.83e-82 | diamond_trembl_cnidaria_bitscore=241 | diamond_trembl_cnidaria_qlen=143 | diamond_trembl_cnidaria_slen=139 | diamond_trembl_cnidaria_query_coverage=0.9301 | diamond_trembl_cnidaria_subject_coverage=0.9568 | diamond_trembl_cnidaria_evalue_pass=yes | diamond_trembl_cnidaria_description=tr|A0A6P8HKP2|A0A6P8HKP2_ACTTE Uncharacterized protein LOC116290382 OS=Actinia tenebrosa OX=6105 GN=LOC116290382 PE=4 SV=1 | diamond_trembl_cnidaria_description_is_ambiguous=yes | diamond_trembl_cnidaria_description_ambiguity_reason=uncharacterized protein | diamond_trembl_cnidaria_informative_hit=no | blastp_trembl_cnidaria_hit=yes | blastp_trembl_cnidaria_subject=tr|A0A6P8HKP2|A0A6P8HKP2_ACTTE | blastp_trembl_cnidaria_pident=89.474 | blastp_trembl_cnidaria_aln_length=133 | blastp_trembl_cnidaria_evalue=1.66e-84 | blastp_trembl_cnidaria_bitscore=246 | blastp_trembl_cnidaria_qlen=143 | blastp_trembl_cnidaria_slen=139 | blastp_trembl_cnidaria_query_coverage=0.9301 | blastp_trembl_cnidaria_subject_coverage=0.9568 | blastp_trembl_cnidaria_evalue_pass=yes | blastp_trembl_cnidaria_description=tr|A0A6P8HKP2|A0A6P8HKP2_ACTTE Uncharacterized protein LOC116290382 OS=Actinia tenebrosa OX=6105 GN=LOC116290382 PE=4 SV=1 | blastp_trembl_cnidaria_description_is_ambiguous=yes | blastp_trembl_cnidaria_description_ambiguity_reason=uncharacterized protein | blastp_trembl_cnidaria_informative_hit=no | interpro_hit=no | eggnog_hit=no | signalp_result_present=yes | signalp_positive=no | signalp_raw=evm.utg21085.1	OTHER	0.000908	0.999092"	sequence_found_in_external_fasta	evm.utg21085.1	evm.utg21085.1	matched_multiple	protein_id	evm.utg21085.1	evm.utg21085.1	cds.evm.utg21085	utg21085	+	utg21085:4302-5499(+)	utg21085:4302-5499(+)	4302	5499	1198	utg21085:4302-5499(+)	4302	5499	1198	432	4	exon_features	4	matched_primary_from_multiple_strict	1	candidate_id_equals_transcript_id	18	9	18	1	1	0	0	no	dark_cluster_000911	evm.utg21085.1	1	evm.utg21085.1	1	1	1	no	single_copy_or_no_near_identical_dark_duplicate	8	high_priority	none	repeat_overlap	2	136	0.113523	rnd-1_family-778 9 107:1;rnd-6_family-12150 1 60:1	no_dmr_overlap	0	0	0.000000	NA	NA	de_significant	evm.TU.utg21085.1	gene_id	8	yes	3	salinity_added_wald|down|logFC=-1.635|padj=0.01798;combined_wald|down|logFC=-1.914|padj=0.008237;full_model_LRT|down|logFC=-2.172|padj=0.03078	0.00823747	2.17156
evm.utg2994.20	103	top_stress_responsive_dark_candidate	high_priority;single_copy_or_no_near_identical_dark_duplicate;DE_significant_any_contrast;stress_contrast_DE;abs_logFC_ge_2;padj_le_0.01;repeat_TE_overlap_context;no_DMR_overlap	all	yes	no	3	3	2.17871	0.00966054	salinity_added_wald|up|logFC=1.694|padj=0.009661;combined_wald|up|logFC=1.47|padj=0.01792;salinity_only_LRT|up|logFC=2.179|padj=0.04544	evm.utg2994.20	evm.TU.utg2994.20	133	1	no										no		no										no		no										no				no	no										no				no	no							no														yes	no	"evm.utg2994.20	OTHER	0.002086	0.997914	"	function_dark_no_current_annotation	function_dark_no_current_annotation	non_classifying_evidence_retained	"diamond_swissprot_hit=no | diamond_swissprot_evalue_pass=no | blastp_swissprot_hit=no | blastp_swissprot_evalue_pass=no | diamond_trembl_cnidaria_hit=no | diamond_trembl_cnidaria_evalue_pass=no | diamond_trembl_cnidaria_informative_hit=no | blastp_trembl_cnidaria_hit=no | blastp_trembl_cnidaria_evalue_pass=no | blastp_trembl_cnidaria_informative_hit=no | interpro_hit=no | eggnog_hit=no | signalp_result_present=yes | signalp_positive=no | signalp_raw=evm.utg2994.20	OTHER	0.002086	0.997914"	sequence_found_in_external_fasta	evm.utg2994.20	evm.utg2994.20	matched_multiple	protein_id	evm.utg2994	evm.utg2994.20	cds.evm.utg2994	utg2994	-	utg2994:158357-161951(-)	utg2994:158357-161951(-)	158357	161951	3595	utg2994:158357-161898(-)	158357	161898	3542	402	4	exon_features	4	matched_primary_from_multiple_strict	1	candidate_id_equals_transcript_id	254	106	254	22	1	0	0	no	dark_cluster_000970	evm.utg2994.20	1	evm.utg2994.20	1	1	1	no	single_copy_or_no_near_identical_dark_duplicate	8	high_priority	none	repeat_overlap	6	282	0.078442	(ATATTAA)n 1 37:1;(ATA)n 1 35:1;(AATA)n 1 42:1;(ATA)n 36 59:1;A-rich 1 89:1;rnd-6_family-11445 1874 1979:1	no_dmr_overlap	0	0	0.000000	NA	NA	de_significant	evm.TU.utg2994.20	gene_id	8	yes	3	salinity_added_wald|up|logFC=1.694|padj=0.009661;combined_wald|up|logFC=1.47|padj=0.01792;salinity_only_LRT|up|logFC=2.179|padj=0.04544	0.00499648	2.17871
evm.utg320.72	103	top_stress_responsive_dark_candidate	high_priority;single_copy_or_no_near_identical_dark_duplicate;DE_significant_any_contrast;stress_contrast_DE;abs_logFC_ge_1.5;padj_le_0.01;no_repeat_TE_overlap;no_DMR_overlap	all	yes	no	2	2	1.68531	0.00990508	combined_wald|up|logFC=1.685|padj=0.009905;salinity_added_wald|up|logFC=1.226|padj=0.04468	evm.utg320.72	evm.TU.utg320.72	79	1	no										no		no										no		no										no				no	no										no				no	no							no														yes	no	"evm.utg320.72	OTHER	0.001001	0.998999	"	function_dark_no_current_annotation	function_dark_no_current_annotation	non_classifying_evidence_retained	"diamond_swissprot_hit=no | diamond_swissprot_evalue_pass=no | blastp_swissprot_hit=no | blastp_swissprot_evalue_pass=no | diamond_trembl_cnidaria_hit=no | diamond_trembl_cnidaria_evalue_pass=no | diamond_trembl_cnidaria_informative_hit=no | blastp_trembl_cnidaria_hit=no | blastp_trembl_cnidaria_evalue_pass=no | blastp_trembl_cnidaria_informative_hit=no | interpro_hit=no | eggnog_hit=no | signalp_result_present=yes | signalp_positive=no | signalp_raw=evm.utg320.72	OTHER	0.001001	0.998999"	sequence_found_in_external_fasta	evm.utg320.72	evm.utg320.72	matched_multiple	protein_id	evm.utg320.72	evm.utg320.72	cds.evm.utg320	utg320	+	utg320:686885-687755(+)	utg320:686885-687755(+)	686885	687755	871	utg320:687142-687755(+)	687142	687755	614	240	2	exon_features	2	matched_primary_from_multiple_strict	1	candidate_id_equals_transcript_id	428	157	428	60	1	2	3	no	dark_cluster_001512	evm.utg320.72	1	evm.utg320.72	1	1	1	no	single_copy_or_no_near_identical_dark_duplicate	8	high_priority	none	no_repeat_overlap	0	0	0.000000	NA	no_dmr_overlap	0	0	0.000000	NA	NA	de_significant	evm.TU.utg320.72	gene_id	10	yes	2	salinity_added_wald|up|logFC=1.226|padj=0.04468;combined_wald|up|logFC=1.685|padj=0.009905	0.00990508	1.84713
utg236.equina_smart_1404524.mrna1	103	top_stress_responsive_dark_candidate	high_priority;single_copy_or_no_near_identical_dark_duplicate;DE_significant_any_contrast;stress_contrast_DE;abs_logFC_ge_2;no_repeat_TE_overlap;no_DMR_overlap	all	yes	no	2	2	2.31068	0.0100742	salinity_only_wald|up|logFC=1.449|padj=0.01007;salinity_only_LRT|up|logFC=2.311|padj=0.02481	utg236.equina_smart_1404524.mrna1	utg236.equina_smart_1404524.path1	61	1	no										no		no										no		no										no				no	no										no				no	no							no														yes	no	"utg236.equina_smart_1404524.mrna1	OTHER	0.026931	0.973069	"	function_dark_no_current_annotation	function_dark_no_current_annotation	non_classifying_evidence_retained	"diamond_swissprot_hit=no | diamond_swissprot_evalue_pass=no | blastp_swissprot_hit=no | blastp_swissprot_evalue_pass=no | diamond_trembl_cnidaria_hit=no | diamond_trembl_cnidaria_evalue_pass=no | diamond_trembl_cnidaria_informative_hit=no | blastp_trembl_cnidaria_hit=no | blastp_trembl_cnidaria_evalue_pass=no | blastp_trembl_cnidaria_informative_hit=no | interpro_hit=no | eggnog_hit=no | signalp_result_present=yes | signalp_positive=no | signalp_raw=utg236.equina_smart_1404524.mrna1	OTHER	0.026931	0.973069"	sequence_found_in_external_fasta	utg236.equina_smart_1404524.mrna1	utg236.equina_smart_1404524.mrna1	matched_multiple	protein_id	utg236.equina_smart_1404524.mrna1	utg236.equina_smart_1404524.mrna1	gmap_gene_find_equina_smart_1404524	utg236	-	utg236:375907-376661(-)	utg236:375907-376661(-)	375907	376661	755	utg236:375907-376661(-)	375907	376661	755	186	2	exon_features	2	matched_primary_from_multiple_strict	1	candidate_id_equals_transcript_id	2	1	2	1	1	1	1	no	dark_cluster_001793	utg236.equina_smart_1404524.mrna1	1	utg236.equina_smart_1404524.mrna1	1	1	1	no	single_copy_or_no_near_identical_dark_duplicate	8	high_priority	none	no_repeat_overlap	0	0	0.000000	NA	no_dmr_overlap	0	0	0.000000	NA	NA	de_significant	utg236.equina_smart_1404524.path1	gene_id	9	yes	2	salinity_only_wald|up|logFC=1.449|padj=0.01007;salinity_only_LRT|up|logFC=2.311|padj=0.02481	0.000310521	2.31068
utg8609.equina_smart_1465235.mrna1	103	top_stress_responsive_dark_candidate	high_priority;single_copy_or_no_near_identical_dark_duplicate;DE_significant_any_contrast;stress_contrast_DE;abs_logFC_ge_2;no_repeat_TE_overlap;no_DMR_overlap	all	yes	no	2	2	3.11576	0.0115975	full_model_LRT|down|logFC=-3.116|padj=0.0116;salinity_only_wald|up|logFC=1.507|padj=0.01638	utg8609.equina_smart_1465235.mrna1	utg8609.equina_smart_1465235.path1	39	1	no										no		no										no		no										no				no	no										no				no	no							no														yes	no	"utg8609.equina_smart_1465235.mrna1	OTHER	0.070358	0.929642	"	function_dark_no_current_annotation	function_dark_no_current_annotation	non_classifying_evidence_retained	"diamond_swissprot_hit=no | diamond_swissprot_evalue_pass=no | blastp_swissprot_hit=no | blastp_swissprot_evalue_pass=no | diamond_trembl_cnidaria_hit=no | diamond_trembl_cnidaria_evalue_pass=no | diamond_trembl_cnidaria_informative_hit=no | blastp_trembl_cnidaria_hit=no | blastp_trembl_cnidaria_evalue_pass=no | blastp_trembl_cnidaria_informative_hit=no | interpro_hit=no | eggnog_hit=no | signalp_result_present=yes | signalp_positive=no | signalp_raw=utg8609.equina_smart_1465235.mrna1	OTHER	0.070358	0.929642"	sequence_found_in_external_fasta	utg8609.equina_smart_1465235.mrna1	utg8609.equina_smart_1465235.mrna1	matched_multiple	protein_id	utg8609.equina_smart_1465235	utg8609.equina_smart_1465235.mrna1	gmap_gene_find_equina_smart_1465235	utg8609	+	utg8609:191406-191969(+)	utg8609:191406-191969(+)	191406	191969	564	utg8609:191406-191969(+)	191406	191969	564	120	2	exon_features	2	matched_primary_from_multiple_strict	1	candidate_id_equals_transcript_id	2	1	2	1	1	1	1	no	dark_cluster_002280	utg8609.equina_smart_1465235.mrna1	1	utg8609.equina_smart_1465235.mrna1	1	1	1	no	single_copy_or_no_near_identical_dark_duplicate	8	high_priority	none	no_repeat_overlap	0	0	0.000000	NA	no_dmr_overlap	0	0	0.000000	NA	NA	de_significant	utg8609.equina_smart_1465235.path1	gene_id	9	yes	2	salinity_only_wald|up|logFC=1.507|padj=0.01638;full_model_LRT|down|logFC=-3.116|padj=0.0116	0.0115975	3.15817
evm.utg395.12	103	top_stress_responsive_dark_candidate	high_priority;single_copy_or_no_near_identical_dark_duplicate;DE_significant_any_contrast;stress_contrast_DE;abs_logFC_ge_2;no_repeat_TE_overlap;no_DMR_overlap	all	yes	no	2	2	4.81872	0.0220756	salinity_only_wald|down|logFC=-1.366|padj=0.02208;salinity_only_LRT|down|logFC=-4.819|padj=0.03185	evm.utg395.12	evm.TU.utg395.12	73	1	no										no		no										no		yes	tr|A0A6P8HL90|A0A6P8HL90_ACTTE	84.5	71	6.42e-33	121	73	581	0.9726	0.1222	yes	tr|A0A6P8HL90|A0A6P8HL90_ACTTE Uncharacterized protein LOC116290481 isoform X2 OS=Actinia tenebrosa OX=6105 GN=LOC116290481 PE=4 SV=1	yes	uncharacterized protein	no	yes	tr|A0A6P8HL90|A0A6P8HL90_ACTTE	82.192	73	2.11e-34	125	73	581	1.0000	0.1256	yes	tr|A0A6P8HL90|A0A6P8HL90_ACTTE Uncharacterized protein LOC116290481 isoform X2 OS=Actinia tenebrosa OX=6105 GN=LOC116290481 PE=4 SV=1	yes	uncharacterized protein	no	no							no														yes	no	"evm.utg395.12	OTHER	0.000576	0.999424	"	function_dark_no_current_annotation	function_dark_no_current_annotation	ambiguous_or_low_confidence_evidence;non_classifying_evidence_retained	"diamond_swissprot_hit=no | diamond_swissprot_evalue_pass=no | blastp_swissprot_hit=no | blastp_swissprot_evalue_pass=no | diamond_trembl_cnidaria_hit=yes | diamond_trembl_cnidaria_subject=tr|A0A6P8HL90|A0A6P8HL90_ACTTE | diamond_trembl_cnidaria_pident=84.5 | diamond_trembl_cnidaria_aln_length=71 | diamond_trembl_cnidaria_evalue=6.42e-33 | diamond_trembl_cnidaria_bitscore=121 | diamond_trembl_cnidaria_qlen=73 | diamond_trembl_cnidaria_slen=581 | diamond_trembl_cnidaria_query_coverage=0.9726 | diamond_trembl_cnidaria_subject_coverage=0.1222 | diamond_trembl_cnidaria_evalue_pass=yes | diamond_trembl_cnidaria_description=tr|A0A6P8HL90|A0A6P8HL90_ACTTE Uncharacterized protein LOC116290481 isoform X2 OS=Actinia tenebrosa OX=6105 GN=LOC116290481 PE=4 SV=1 | diamond_trembl_cnidaria_description_is_ambiguous=yes | diamond_trembl_cnidaria_description_ambiguity_reason=uncharacterized protein | diamond_trembl_cnidaria_informative_hit=no | blastp_trembl_cnidaria_hit=yes | blastp_trembl_cnidaria_subject=tr|A0A6P8HL90|A0A6P8HL90_ACTTE | blastp_trembl_cnidaria_pident=82.192 | blastp_trembl_cnidaria_aln_length=73 | blastp_trembl_cnidaria_evalue=2.11e-34 | blastp_trembl_cnidaria_bitscore=125 | blastp_trembl_cnidaria_qlen=73 | blastp_trembl_cnidaria_slen=581 | blastp_trembl_cnidaria_query_coverage=1.0000 | blastp_trembl_cnidaria_subject_coverage=0.1256 | blastp_trembl_cnidaria_evalue_pass=yes | blastp_trembl_cnidaria_description=tr|A0A6P8HL90|A0A6P8HL90_ACTTE Uncharacterized protein LOC116290481 isoform X2 OS=Actinia tenebrosa OX=6105 GN=LOC116290481 PE=4 SV=1 | blastp_trembl_cnidaria_description_is_ambiguous=yes | blastp_trembl_cnidaria_description_ambiguity_reason=uncharacterized protein | blastp_trembl_cnidaria_informative_hit=no | interpro_hit=no | eggnog_hit=no | signalp_result_present=yes | signalp_positive=no | signalp_raw=evm.utg395.12	OTHER	0.000576	0.999424"	sequence_found_in_external_fasta	evm.utg395.12	evm.utg395.12	matched_multiple	protein_id	evm.utg395	evm.utg395.12	cds.evm.utg395	utg395	+	utg395:94909-95130(+)	utg395:94909-95130(+)	94909	95130	222	utg395:94909-95130(+)	94909	95130	222	222	1	exon_features	1	matched_primary_from_multiple_strict	1	candidate_id_equals_transcript_id	134	67	134	1	1	0	0	no	dark_cluster_000972	evm.utg395.12	1	evm.utg395.12	1	1	1	no	single_copy_or_no_near_identical_dark_duplicate	7	high_priority	none	no_repeat_overlap	0	0	0.000000	NA	no_dmr_overlap	0	0	0.000000	NA	NA	de_significant	evm.TU.utg395.12	gene_id	7	yes	2	salinity_only_wald|down|logFC=-1.366|padj=0.02208;salinity_only_LRT|down|logFC=-4.819|padj=0.03185	0.0220756	4.81872
evm.utg5950.92	103	top_stress_responsive_dark_candidate	high_priority;single_copy_or_no_near_identical_dark_duplicate;DE_significant_any_contrast;stress_contrast_DE;abs_logFC_ge_2;no_repeat_TE_overlap;no_DMR_overlap	all	yes	no	2	2	5.53933	0.0317283	salinity_only_wald|down|logFC=-1.127|padj=0.03173;salinity_only_LRT|down|logFC=-5.539|padj=0.03213	evm.utg5950.92	evm.TU.utg5950.92	167	1	no										no		no										no		yes	tr|A0A6P8ICF7|A0A6P8ICF7_ACTTE	99.4	167	3.69e-123	347	167	193	1.0000	0.8653	yes	tr|A0A6P8ICF7|A0A6P8ICF7_ACTTE Uncharacterized protein LOC116298946 OS=Actinia tenebrosa OX=6105 GN=LOC116298946 PE=4 SV=1	yes	uncharacterized protein	no	yes	tr|A0A6P8ICF7|A0A6P8ICF7_ACTTE	99.401	167	1.75e-121	343	167	193	1.0000	0.8653	yes	tr|A0A6P8ICF7|A0A6P8ICF7_ACTTE Uncharacterized protein LOC116298946 OS=Actinia tenebrosa OX=6105 GN=LOC116298946 PE=4 SV=1	yes	uncharacterized protein	no	no							no														yes	no	"evm.utg5950.92	OTHER	0.000468	0.999532	"	function_dark_no_current_annotation	function_dark_no_current_annotation	ambiguous_or_low_confidence_evidence;non_classifying_evidence_retained	"diamond_swissprot_hit=no | diamond_swissprot_evalue_pass=no | blastp_swissprot_hit=no | blastp_swissprot_evalue_pass=no | diamond_trembl_cnidaria_hit=yes | diamond_trembl_cnidaria_subject=tr|A0A6P8ICF7|A0A6P8ICF7_ACTTE | diamond_trembl_cnidaria_pident=99.4 | diamond_trembl_cnidaria_aln_length=167 | diamond_trembl_cnidaria_evalue=3.69e-123 | diamond_trembl_cnidaria_bitscore=347 | diamond_trembl_cnidaria_qlen=167 | diamond_trembl_cnidaria_slen=193 | diamond_trembl_cnidaria_query_coverage=1.0000 | diamond_trembl_cnidaria_subject_coverage=0.8653 | diamond_trembl_cnidaria_evalue_pass=yes | diamond_trembl_cnidaria_description=tr|A0A6P8ICF7|A0A6P8ICF7_ACTTE Uncharacterized protein LOC116298946 OS=Actinia tenebrosa OX=6105 GN=LOC116298946 PE=4 SV=1 | diamond_trembl_cnidaria_description_is_ambiguous=yes | diamond_trembl_cnidaria_description_ambiguity_reason=uncharacterized protein | diamond_trembl_cnidaria_informative_hit=no | blastp_trembl_cnidaria_hit=yes | blastp_trembl_cnidaria_subject=tr|A0A6P8ICF7|A0A6P8ICF7_ACTTE | blastp_trembl_cnidaria_pident=99.401 | blastp_trembl_cnidaria_aln_length=167 | blastp_trembl_cnidaria_evalue=1.75e-121 | blastp_trembl_cnidaria_bitscore=343 | blastp_trembl_cnidaria_qlen=167 | blastp_trembl_cnidaria_slen=193 | blastp_trembl_cnidaria_query_coverage=1.0000 | blastp_trembl_cnidaria_subject_coverage=0.8653 | blastp_trembl_cnidaria_evalue_pass=yes | blastp_trembl_cnidaria_description=tr|A0A6P8ICF7|A0A6P8ICF7_ACTTE Uncharacterized protein LOC116298946 OS=Actinia tenebrosa OX=6105 GN=LOC116298946 PE=4 SV=1 | blastp_trembl_cnidaria_description_is_ambiguous=yes | blastp_trembl_cnidaria_description_ambiguity_reason=uncharacterized protein | blastp_trembl_cnidaria_informative_hit=no | interpro_hit=no | eggnog_hit=no | signalp_result_present=yes | signalp_positive=no | signalp_raw=evm.utg5950.92	OTHER	0.000468	0.999532"	sequence_found_in_external_fasta	evm.utg5950.92	evm.utg5950.92	matched_multiple	protein_id	evm.utg5950.92	evm.utg5950.92	cds.evm.utg5950	utg5950	-	utg5950:639566-640069(-)	utg5950:639566-640069(-)	639566	640069	504	utg5950:639566-640069(-)	639566	640069	504	504	1	exon_features	1	matched_primary_from_multiple_strict	1	candidate_id_equals_transcript_id	257	112	257	18	1	2	2	no	dark_cluster_002206	evm.utg5950.92	1	evm.utg5950.92	1	1	1	no	single_copy_or_no_near_identical_dark_duplicate	7	high_priority	none	no_repeat_overlap	0	0	0.000000	NA	no_dmr_overlap	0	0	0.000000	NA	NA	de_significant	evm.TU.utg5950.92	gene_id	9	yes	2	salinity_only_wald|down|logFC=-1.127|padj=0.03173;salinity_only_LRT|down|logFC=-5.539|padj=0.03213	0.0119568	5.53933
evm.utg983.18	102	top_stress_responsive_dark_candidate	high_priority;possible_biological_gene_family_expansion;DE_significant_any_contrast;stress_contrast_DE;abs_logFC_ge_2;padj_le_0.001;repeat_TE_overlap_context;no_DMR_overlap	all	yes	no	5	5	7.28158	3.10579e-06	salinity_only_wald|down|logFC=-5.836|padj=3.106e-06;full_model_LRT|up|logFC=3.715|padj=7.073e-05;combined_wald|down|logFC=-3.555|padj=0.0003622;salinity_only_LRT|down|logFC=-7.282|padj=0.006766;salinity_added_wald|down|logFC=-1.214|padj=0.04986	evm.utg983.18	evm.TU.utg983.18	183	1	no										no		no										no		yes	tr|A0A6P8IKT2|A0A6P8IKT2_ACTTE	86.4	184	9.20e-112	318	183	182	1.0055	1.0110	yes	tr|A0A6P8IKT2|A0A6P8IKT2_ACTTE Uncharacterized protein LOC116302009 OS=Actinia tenebrosa OX=6105 GN=LOC116302009 PE=4 SV=1	yes	uncharacterized protein	no	yes	tr|A0A6P8IKT2|A0A6P8IKT2_ACTTE	86.413	184	9.18e-115	326	183	182	1.0055	1.0110	yes	tr|A0A6P8IKT2|A0A6P8IKT2_ACTTE Uncharacterized protein LOC116302009 OS=Actinia tenebrosa OX=6105 GN=LOC116302009 PE=4 SV=1	yes	uncharacterized protein	no	no							no														yes	no	"evm.utg983.18	OTHER	0.000696	0.999304	"	function_dark_no_current_annotation	function_dark_no_current_annotation	ambiguous_or_low_confidence_evidence;non_classifying_evidence_retained	"diamond_swissprot_hit=no | diamond_swissprot_evalue_pass=no | blastp_swissprot_hit=no | blastp_swissprot_evalue_pass=no | diamond_trembl_cnidaria_hit=yes | diamond_trembl_cnidaria_subject=tr|A0A6P8IKT2|A0A6P8IKT2_ACTTE | diamond_trembl_cnidaria_pident=86.4 | diamond_trembl_cnidaria_aln_length=184 | diamond_trembl_cnidaria_evalue=9.20e-112 | diamond_trembl_cnidaria_bitscore=318 | diamond_trembl_cnidaria_qlen=183 | diamond_trembl_cnidaria_slen=182 | diamond_trembl_cnidaria_query_coverage=1.0055 | diamond_trembl_cnidaria_subject_coverage=1.0110 | diamond_trembl_cnidaria_evalue_pass=yes | diamond_trembl_cnidaria_description=tr|A0A6P8IKT2|A0A6P8IKT2_ACTTE Uncharacterized protein LOC116302009 OS=Actinia tenebrosa OX=6105 GN=LOC116302009 PE=4 SV=1 | diamond_trembl_cnidaria_description_is_ambiguous=yes | diamond_trembl_cnidaria_description_ambiguity_reason=uncharacterized protein | diamond_trembl_cnidaria_informative_hit=no | blastp_trembl_cnidaria_hit=yes | blastp_trembl_cnidaria_subject=tr|A0A6P8IKT2|A0A6P8IKT2_ACTTE | blastp_trembl_cnidaria_pident=86.413 | blastp_trembl_cnidaria_aln_length=184 | blastp_trembl_cnidaria_evalue=9.18e-115 | blastp_trembl_cnidaria_bitscore=326 | blastp_trembl_cnidaria_qlen=183 | blastp_trembl_cnidaria_slen=182 | blastp_trembl_cnidaria_query_coverage=1.0055 | blastp_trembl_cnidaria_subject_coverage=1.0110 | blastp_trembl_cnidaria_evalue_pass=yes | blastp_trembl_cnidaria_description=tr|A0A6P8IKT2|A0A6P8IKT2_ACTTE Uncharacterized protein LOC116302009 OS=Actinia tenebrosa OX=6105 GN=LOC116302009 PE=4 SV=1 | blastp_trembl_cnidaria_description_is_ambiguous=yes | blastp_trembl_cnidaria_description_ambiguity_reason=uncharacterized protein | blastp_trembl_cnidaria_informative_hit=no | interpro_hit=no | eggnog_hit=no | signalp_result_present=yes | signalp_positive=no | signalp_raw=evm.utg983.18	OTHER	0.000696	0.999304"	sequence_found_in_external_fasta	evm.utg983.1	evm.utg983.1	matched_multiple	protein_id	evm.utg983.18	evm.utg983.18	cds.evm.utg983	utg983	+	utg983:138507-140427(+)	utg983:138507-140427(+)	138507	140427	1921	utg983:138909-140175(+)	138909	140175	1267	552	4	exon_features	3	matched_primary_from_multiple_strict	1	candidate_id_equals_transcript_id	60	25	60	8	1	1	2	no	dark_cluster_002286	evm.utg983.17	3	evm.utg983.17;evm.utg983.18;evm.utg983.26	3	1	3	no	possible_biological_gene_family_expansion	7	high_priority	near_identical_dark_cluster;possible_biological_gene_family_expansion	repeat_overlap	5	600	0.312337	rnd-5_family-4933 41 260:1;rnd-1_family-73 189 234:1;(GATGC)n 1 50:1;rnd-4_family-1571 87 246:1;(ATGG)n 1 157:1	no_dmr_overlap	0	0	0.000000	NA	NA	de_significant	evm.TU.utg983.18	gene_id	10	yes	5	salinity_only_wald|down|logFC=-5.836|padj=3.106e-06;salinity_added_wald|down|logFC=-1.214|padj=0.04986;combined_wald|down|logFC=-3.555|padj=0.0003622;salinity_only_LRT|down|logFC=-7.282|padj=0.006766;full_model_LRT|up|logFC=3.715|padj=7.073e-05	3.10579e-06	7.28158
evm.utg6459.1	102	top_stress_responsive_dark_candidate	high_priority;possible_biological_gene_family_expansion;DE_significant_any_contrast;stress_contrast_DE;abs_logFC_ge_2;padj_le_0.001;repeat_TE_overlap_context;no_DMR_overlap	all	yes	no	5	5	5.80874	1.38322e-05	combined_wald|down|logFC=-5.598|padj=1.383e-05;salinity_added_wald|down|logFC=-5.809|padj=1.703e-05;full_model_LRT|down|logFC=-2.507|padj=0.0003939;salinity_only_wald|down|logFC=-2.226|padj=0.004087;salinity_only_LRT|down|logFC=-5.222|padj=0.0312	evm.utg6459.1	evm.TU.utg6459.1	72	1	no										no		no										no		no										no				no	no										no				no	no							no														yes	no	"evm.utg6459.1	SP(Sec/SPI)	0.959847	0.040153	CS pos: 24-25. GHC-FT. Pr: 0.5459"	function_dark_no_current_annotation	function_dark_no_current_annotation	non_classifying_evidence_retained	"diamond_swissprot_hit=no | diamond_swissprot_evalue_pass=no | blastp_swissprot_hit=no | blastp_swissprot_evalue_pass=no | diamond_trembl_cnidaria_hit=no | diamond_trembl_cnidaria_evalue_pass=no | diamond_trembl_cnidaria_informative_hit=no | blastp_trembl_cnidaria_hit=no | blastp_trembl_cnidaria_evalue_pass=no | blastp_trembl_cnidaria_informative_hit=no | interpro_hit=no | eggnog_hit=no | signalp_result_present=yes | signalp_positive=no | signalp_raw=evm.utg6459.1	SP(Sec/SPI)	0.959847	0.040153	CS pos: 24-25. GHC-FT. Pr: 0.5459"	sequence_found_in_external_fasta	evm.utg6459.1	evm.utg6459.1	matched_multiple	protein_id	evm.utg6459.1	evm.utg6459.1	cds.evm.utg6459	utg6459	+	utg6459:2069-2959(+)	utg6459:2069-2959(+)	2069	2959	891	utg6459:2112-2843(+)	2112	2843	732	219	2	exon_features	2	matched_primary_from_multiple_strict	1	candidate_id_equals_transcript_id	128	55	128	11	1	1	2	no	dark_cluster_000477	evm.utg6459.1	3	evm.utg6459.1;evm.utg6459.12;evm.utg6459.50	3	1	3	no	possible_biological_gene_family_expansion	7	high_priority	near_identical_dark_cluster;possible_biological_gene_family_expansion	repeat_overlap	1	87	0.097643	rnd-5_family-1339 88 173:1	no_dmr_overlap	0	0	0.000000	NA	NA	de_significant	evm.TU.utg6459.1	gene_id	10	yes	5	salinity_only_wald|down|logFC=-2.226|padj=0.004087;salinity_added_wald|down|logFC=-5.809|padj=1.703e-05;combined_wald|down|logFC=-5.598|padj=1.383e-05;salinity_only_LRT|down|logFC=-5.222|padj=0.0312;full_model_LRT|down|logFC=-2.507|padj=0.0003939	1.38322e-05	5.80874
evm.utg6459.12	102	top_stress_responsive_dark_candidate	high_priority;possible_biological_gene_family_expansion;DE_significant_any_contrast;stress_contrast_DE;abs_logFC_ge_2;padj_le_0.001;repeat_TE_overlap_context;no_DMR_overlap	all	yes	no	5	5	5.80874	1.38322e-05	combined_wald|down|logFC=-5.598|padj=1.383e-05;salinity_added_wald|down|logFC=-5.809|padj=1.703e-05;full_model_LRT|down|logFC=-2.507|padj=0.0003939;salinity_only_wald|down|logFC=-2.226|padj=0.004087;salinity_only_LRT|down|logFC=-5.222|padj=0.0312	evm.utg6459.12	evm.TU.utg6459.12	236	1	no										no		no										no		no										no				no	yes	tr|A7SS70|A7SS70_NEMVE	31.683	202	4.43e-18	85.9	236	503	0.8559	0.4016	yes	tr|A7SS70|A7SS70_NEMVE Uncharacterized protein OS=Nematostella vectensis OX=45351 GN=NEMVEDRAFT_v1g216638 PE=4 SV=1	yes	uncharacterized protein	no	no							no														yes	no	"evm.utg6459.12	OTHER	0.004335	0.995665	"	function_dark_no_current_annotation	function_dark_no_current_annotation	ambiguous_or_low_confidence_evidence;non_classifying_evidence_retained	"diamond_swissprot_hit=no | diamond_swissprot_evalue_pass=no | blastp_swissprot_hit=no | blastp_swissprot_evalue_pass=no | diamond_trembl_cnidaria_hit=no | diamond_trembl_cnidaria_evalue_pass=no | diamond_trembl_cnidaria_informative_hit=no | blastp_trembl_cnidaria_hit=yes | blastp_trembl_cnidaria_subject=tr|A7SS70|A7SS70_NEMVE | blastp_trembl_cnidaria_pident=31.683 | blastp_trembl_cnidaria_aln_length=202 | blastp_trembl_cnidaria_evalue=4.43e-18 | blastp_trembl_cnidaria_bitscore=85.9 | blastp_trembl_cnidaria_qlen=236 | blastp_trembl_cnidaria_slen=503 | blastp_trembl_cnidaria_query_coverage=0.8559 | blastp_trembl_cnidaria_subject_coverage=0.4016 | blastp_trembl_cnidaria_evalue_pass=yes | blastp_trembl_cnidaria_description=tr|A7SS70|A7SS70_NEMVE Uncharacterized protein OS=Nematostella vectensis OX=45351 GN=NEMVEDRAFT_v1g216638 PE=4 SV=1 | blastp_trembl_cnidaria_description_is_ambiguous=yes | blastp_trembl_cnidaria_description_ambiguity_reason=uncharacterized protein | blastp_trembl_cnidaria_informative_hit=no | interpro_hit=no | eggnog_hit=no | signalp_result_present=yes | signalp_positive=no | signalp_raw=evm.utg6459.12	OTHER	0.004335	0.995665"	sequence_found_in_external_fasta	evm.utg6459.1	evm.utg6459.1	matched_multiple	protein_id	evm.utg6459.12	evm.utg6459.12	cds.evm.utg6459	utg6459	+	utg6459:87763-88473(+)	utg6459:87763-88473(+)	87763	88473	711	utg6459:87763-88473(+)	87763	88473	711	711	1	exon_features	1	matched_primary_from_multiple_strict	1	candidate_id_equals_transcript_id	128	55	128	11	1	1	2	no	dark_cluster_000477	evm.utg6459.1	3	evm.utg6459.1;evm.utg6459.12;evm.utg6459.50	3	1	3	no	possible_biological_gene_family_expansion	6	high_priority	near_identical_dark_cluster;possible_biological_gene_family_expansion	repeat_overlap	9	444	0.624473	rnd-6_family-12204 40 92:8;rnd-6_family-12204 39 92:1	no_dmr_overlap	0	0	0.000000	NA	NA	de_record_matched_not_significant	evm.TU.utg6459.12	gene_id	7	no	0	NA	0.140092	4.14758
evm.utg6459.50	102	top_stress_responsive_dark_candidate	high_priority;possible_biological_gene_family_expansion;DE_significant_any_contrast;stress_contrast_DE;abs_logFC_ge_2;padj_le_0.001;repeat_TE_overlap_context;no_DMR_overlap	all	yes	no	5	5	5.80874	1.38322e-05	combined_wald|down|logFC=-5.598|padj=1.383e-05;salinity_added_wald|down|logFC=-5.809|padj=1.703e-05;full_model_LRT|down|logFC=-2.507|padj=0.0003939;salinity_only_wald|down|logFC=-2.226|padj=0.004087;salinity_only_LRT|down|logFC=-5.222|padj=0.0312	evm.utg6459.50	evm.TU.utg6459.50	183	1	no										no		no										no		yes	tr|A0A6P8HJ20|A0A6P8HJ20_ACTTE	96.0	125	7.70e-59	182	183	125	0.6831	1.0000	yes	tr|A0A6P8HJ20|A0A6P8HJ20_ACTTE Uncharacterized protein LOC116289792 OS=Actinia tenebrosa OX=6105 GN=LOC116289792 PE=4 SV=1	yes	uncharacterized protein	no	yes	tr|A0A6P8HJ20|A0A6P8HJ20_ACTTE	96.800	125	5.27e-86	251	183	125	0.6831	1.0000	yes	tr|A0A6P8HJ20|A0A6P8HJ20_ACTTE Uncharacterized protein LOC116289792 OS=Actinia tenebrosa OX=6105 GN=LOC116289792 PE=4 SV=1	yes	uncharacterized protein	no	no							no														yes	no	"evm.utg6459.50	OTHER	0.001072	0.998928	"	function_dark_no_current_annotation	function_dark_no_current_annotation	ambiguous_or_low_confidence_evidence;non_classifying_evidence_retained	"diamond_swissprot_hit=no | diamond_swissprot_evalue_pass=no | blastp_swissprot_hit=no | blastp_swissprot_evalue_pass=no | diamond_trembl_cnidaria_hit=yes | diamond_trembl_cnidaria_subject=tr|A0A6P8HJ20|A0A6P8HJ20_ACTTE | diamond_trembl_cnidaria_pident=96.0 | diamond_trembl_cnidaria_aln_length=125 | diamond_trembl_cnidaria_evalue=7.70e-59 | diamond_trembl_cnidaria_bitscore=182 | diamond_trembl_cnidaria_qlen=183 | diamond_trembl_cnidaria_slen=125 | diamond_trembl_cnidaria_query_coverage=0.6831 | diamond_trembl_cnidaria_subject_coverage=1.0000 | diamond_trembl_cnidaria_evalue_pass=yes | diamond_trembl_cnidaria_description=tr|A0A6P8HJ20|A0A6P8HJ20_ACTTE Uncharacterized protein LOC116289792 OS=Actinia tenebrosa OX=6105 GN=LOC116289792 PE=4 SV=1 | diamond_trembl_cnidaria_description_is_ambiguous=yes | diamond_trembl_cnidaria_description_ambiguity_reason=uncharacterized protein | diamond_trembl_cnidaria_informative_hit=no | blastp_trembl_cnidaria_hit=yes | blastp_trembl_cnidaria_subject=tr|A0A6P8HJ20|A0A6P8HJ20_ACTTE | blastp_trembl_cnidaria_pident=96.800 | blastp_trembl_cnidaria_aln_length=125 | blastp_trembl_cnidaria_evalue=5.27e-86 | blastp_trembl_cnidaria_bitscore=251 | blastp_trembl_cnidaria_qlen=183 | blastp_trembl_cnidaria_slen=125 | blastp_trembl_cnidaria_query_coverage=0.6831 | blastp_trembl_cnidaria_subject_coverage=1.0000 | blastp_trembl_cnidaria_evalue_pass=yes | blastp_trembl_cnidaria_description=tr|A0A6P8HJ20|A0A6P8HJ20_ACTTE Uncharacterized protein LOC116289792 OS=Actinia tenebrosa OX=6105 GN=LOC116289792 PE=4 SV=1 | blastp_trembl_cnidaria_description_is_ambiguous=yes | blastp_trembl_cnidaria_description_ambiguity_reason=uncharacterized protein | blastp_trembl_cnidaria_informative_hit=no | interpro_hit=no | eggnog_hit=no | signalp_result_present=yes | signalp_positive=no | signalp_raw=evm.utg6459.50	OTHER	0.001072	0.998928"	sequence_found_in_external_fasta	evm.utg6459.1	evm.utg6459.1	matched_multiple	protein_id	evm.utg6459	evm.utg6459.50	cds.evm.utg6459	utg6459	+	utg6459:445071-448603(+)	utg6459:445071-448603(+)	445071	448603	3533	utg6459:445071-448421(+)	445071	448421	3351	552	5	exon_features	5	matched_primary_from_multiple_strict	1	candidate_id_equals_transcript_id	128	55	128	11	1	1	2	no	dark_cluster_000477	evm.utg6459.1	3	evm.utg6459.1;evm.utg6459.12;evm.utg6459.50	3	1	3	no	possible_biological_gene_family_expansion	7	high_priority	near_identical_dark_cluster;possible_biological_gene_family_expansion	repeat_overlap	4	1067	0.302010	(TTGTATT)n 1 46:1;rnd-1_family-398 1 588:1;rnd-6_family-19386 354 414:1;rnd-1_family-112 1 401:1	no_dmr_overlap	0	0	0.000000	NA	NA	de_record_matched_not_significant	evm.TU.utg6459.50	gene_id	10	no	0	NA	0.769728	0.310078
evm.utg8792.54	102	top_stress_responsive_dark_candidate	high_priority;possible_biological_gene_family_expansion;DE_significant_any_contrast;stress_contrast_DE;abs_logFC_ge_2;padj_le_0.001;repeat_TE_overlap_context;no_DMR_overlap	all	yes	no	5	5	2.65925	8.51597e-05	salinity_only_wald|down|logFC=-2.122|padj=8.516e-05;full_model_LRT|up|logFC=1.096|padj=0.0001083;salinity_only_LRT|down|logFC=-2.659|padj=0.0002487;combined_wald|down|logFC=-1.353|padj=0.008913;salinity_added_wald|down|logFC=-1.044|padj=0.04268	evm.utg8792.54	evm.TU.utg8792.54	85	1	no										no		no										no		no										no				no	no										no				no	no							no														yes	no	"evm.utg8792.54	SP(Sec/SPI)	0.976337	0.023663	CS pos: 24-25. GEA-IL. Pr: 0.3820"	function_dark_no_current_annotation	function_dark_no_current_annotation	non_classifying_evidence_retained	"diamond_swissprot_hit=no | diamond_swissprot_evalue_pass=no | blastp_swissprot_hit=no | blastp_swissprot_evalue_pass=no | diamond_trembl_cnidaria_hit=no | diamond_trembl_cnidaria_evalue_pass=no | diamond_trembl_cnidaria_informative_hit=no | blastp_trembl_cnidaria_hit=no | blastp_trembl_cnidaria_evalue_pass=no | blastp_trembl_cnidaria_informative_hit=no | interpro_hit=no | eggnog_hit=no | signalp_result_present=yes | signalp_positive=no | signalp_raw=evm.utg8792.54	SP(Sec/SPI)	0.976337	0.023663	CS pos: 24-25. GEA-IL. Pr: 0.3820"	sequence_found_in_external_fasta	evm.utg8792.1	evm.utg8792.1	matched_multiple	protein_id	evm.utg8792.54	evm.utg8792.54	cds.evm.utg8792	utg8792	+	utg8792:474823-476261(+)	utg8792:474823-476261(+)	474823	476261	1439	utg8792:474973-476181(+)	474973	476181	1209	258	2	exon_features	2	matched_primary_from_multiple_strict	1	candidate_id_equals_transcript_id	136	64	136	5	1	0	0	no	dark_cluster_002385	evm.utg15839.3	7	evm.utg15839.3;evm.utg8792.1;evm.utg8792.12;evm.utg8792.2;evm.utg8792.22;evm.utg8792.33;evm.utg8792.54	7	2	7	no	possible_biological_gene_family_expansion	5	high_priority	large_near_identical_dark_cluster;possible_biological_gene_family_expansion	repeat_overlap	9	625	0.434329	rnd-1_family-23 132 230:1;(TTAAC)n 1 40:1;(TAA)n 1 67:1;rnd-5_family-1565 363 445:1;rnd-1_family-915 25 192:1;rnd-6_family-3316 1 58:1;rnd-6_family-4747 474 529:1;rnd-5_family-2670 204 301:1;(TTTGT)n 1 35:1	no_dmr_overlap	0	0	0.000000	NA	NA	de_significant	evm.TU.utg8792.54	gene_id	10	yes	5	salinity_only_wald|down|logFC=-2.122|padj=8.516e-05;salinity_added_wald|down|logFC=-1.044|padj=0.04268;combined_wald|down|logFC=-1.353|padj=0.008913;salinity_only_LRT|down|logFC=-2.659|padj=0.0002487;full_model_LRT|up|logFC=1.096|padj=0.0001083	8.51597e-05	2.65925
evm.utg1137.1	102	top_stress_responsive_dark_candidate	high_priority;single_copy_or_no_near_identical_dark_duplicate;DE_significant_any_contrast;stress_contrast_DE;padj_le_0.001;repeat_TE_overlap_context;no_DMR_overlap	all	yes	no	4	4	1.35366	0.000148799	salinity_added_wald|up|logFC=1.273|padj=0.0001488;salinity_only_wald|up|logFC=1.171|padj=0.0002266;salinity_only_LRT|up|logFC=1.354|padj=0.001841;combined_wald|up|logFC=1.021|padj=0.002483	evm.utg1137.1	evm.TU.utg1137.1	158	1	no										no		no										no		no										no				no	no										no				no	no							no														yes	no	"evm.utg1137.1	OTHER	0.004810	0.995190	"	function_dark_no_current_annotation	function_dark_no_current_annotation	non_classifying_evidence_retained	"diamond_swissprot_hit=no | diamond_swissprot_evalue_pass=no | blastp_swissprot_hit=no | blastp_swissprot_evalue_pass=no | diamond_trembl_cnidaria_hit=no | diamond_trembl_cnidaria_evalue_pass=no | diamond_trembl_cnidaria_informative_hit=no | blastp_trembl_cnidaria_hit=no | blastp_trembl_cnidaria_evalue_pass=no | blastp_trembl_cnidaria_informative_hit=no | interpro_hit=no | eggnog_hit=no | signalp_result_present=yes | signalp_positive=no | signalp_raw=evm.utg1137.1	OTHER	0.004810	0.995190"	sequence_found_in_external_fasta	evm.utg1137.1	evm.utg1137.1	matched_multiple	protein_id	evm.utg1137	evm.utg1137.1	cds.evm.utg1137	utg1137	-	utg1137:8157-8763(-)	utg1137:8157-8763(-)	8157	8763	607	utg1137:8287-8763(-)	8287	8763	477	477	1	exon_features	1	matched_primary_from_multiple_strict	1	candidate_id_equals_transcript_id	114	52	114	6	1	1	1	no	dark_cluster_003287	evm.utg1137.1	1	evm.utg1137.1	1	1	1	no	single_copy_or_no_near_identical_dark_duplicate	7	high_priority	none	repeat_overlap	1	96	0.158155	rnd-1_family-177 11 342:1	no_dmr_overlap	0	0	0.000000	NA	NA	de_significant	evm.TU.utg1137.1	gene_id	10	yes	4	salinity_only_wald|up|logFC=1.171|padj=0.0002266;salinity_added_wald|up|logFC=1.273|padj=0.0001488;combined_wald|up|logFC=1.021|padj=0.002483;salinity_only_LRT|up|logFC=1.354|padj=0.001841	2.0158e-07	1.35366
evm.utg2073.36	102	top_stress_responsive_dark_candidate	high_priority;possible_biological_gene_family_expansion;DE_significant_any_contrast;stress_contrast_DE;abs_logFC_ge_2;padj_le_0.001;repeat_TE_overlap_context;no_DMR_overlap	all	yes	no	5	5	3.7094	0.000420238	salinity_added_wald|down|logFC=-3.377|padj=0.0004202;full_model_LRT|down|logFC=-1.502|padj=0.0005016;combined_wald|down|logFC=-2.04|padj=0.005614;salinity_only_wald|down|logFC=-1.61|padj=0.01356;salinity_only_LRT|down|logFC=-3.709|padj=0.02024	evm.utg2073.36	evm.TU.utg2073.36	126	1	no										no		no										no		no										no				no	yes	tr|A0A6P8JBT8|A0A6P8JBT8_ACTTE	52.000	100	3.41e-30	109	126	187	0.7937	0.5348	yes	tr|A0A6P8JBT8|A0A6P8JBT8_ACTTE Uncharacterized protein LOC116307924 OS=Actinia tenebrosa OX=6105 GN=LOC116307924 PE=4 SV=1	yes	uncharacterized protein	no	no							no														yes	no	"evm.utg2073.36	OTHER	0.270670	0.729330	"	function_dark_no_current_annotation	function_dark_no_current_annotation	ambiguous_or_low_confidence_evidence;non_classifying_evidence_retained	"diamond_swissprot_hit=no | diamond_swissprot_evalue_pass=no | blastp_swissprot_hit=no | blastp_swissprot_evalue_pass=no | diamond_trembl_cnidaria_hit=no | diamond_trembl_cnidaria_evalue_pass=no | diamond_trembl_cnidaria_informative_hit=no | blastp_trembl_cnidaria_hit=yes | blastp_trembl_cnidaria_subject=tr|A0A6P8JBT8|A0A6P8JBT8_ACTTE | blastp_trembl_cnidaria_pident=52.000 | blastp_trembl_cnidaria_aln_length=100 | blastp_trembl_cnidaria_evalue=3.41e-30 | blastp_trembl_cnidaria_bitscore=109 | blastp_trembl_cnidaria_qlen=126 | blastp_trembl_cnidaria_slen=187 | blastp_trembl_cnidaria_query_coverage=0.7937 | blastp_trembl_cnidaria_subject_coverage=0.5348 | blastp_trembl_cnidaria_evalue_pass=yes | blastp_trembl_cnidaria_description=tr|A0A6P8JBT8|A0A6P8JBT8_ACTTE Uncharacterized protein LOC116307924 OS=Actinia tenebrosa OX=6105 GN=LOC116307924 PE=4 SV=1 | blastp_trembl_cnidaria_description_is_ambiguous=yes | blastp_trembl_cnidaria_description_ambiguity_reason=uncharacterized protein | blastp_trembl_cnidaria_informative_hit=no | interpro_hit=no | eggnog_hit=no | signalp_result_present=yes | signalp_positive=no | signalp_raw=evm.utg2073.36	OTHER	0.270670	0.729330"	sequence_found_in_external_fasta	evm.utg2073.1	evm.utg2073.1	matched_multiple	protein_id	evm.utg2073	evm.utg2073.36	cds.evm.utg2073	utg2073	-	utg2073:285274-295570(-)	utg2073:285274-295570(-)	285274	295570	10297	utg2073:285274-295570(-)	285274	295570	10297	381	4	exon_features	4	matched_primary_from_multiple_strict	1	candidate_id_equals_transcript_id	127	56	127	9	1	0	0	no	dark_cluster_003271	evm.utg2073.17	4	evm.utg2073.17;evm.utg2073.36;evm.utg2073.37;evm.utg2073.42	4	1	4	no	possible_biological_gene_family_expansion	7	high_priority	near_identical_dark_cluster;possible_biological_gene_family_expansion	repeat_overlap	25	5588	0.542682	rnd-4_family-1394 1 388:1;(AT)n 1 27:1;rnd-4_family-358 225 278:1;rnd-6_family-371 77 398:1;rnd-5_family-2165 246 286:1;rnd-1_family-463 24 99:1;(AAATA)n 1 2534:1;(TTATA)n 1 39:1;rnd-5_family-3577 1 310:1;rnd-1_family-878 3 104:1;rnd-6_family-5415 67 271:1;rnd-6_family-12293 151 195:1;rnd-6_family-5281 30 184:1;(TTTG)n 1 23:1;rnd-1_family-406 1 95:1;rnd-5_family-2127 1 377:1;rnd-5_family-2127 480 616:1;rnd-1_family-406 10 96:1;rnd-4_family-1394 1 61:1;(TG)n 1 35:1;rnd-4_family-1394 67 125:1;rnd-4_family-266 113 269:1;rnd-6_family-12293 2 256:1;rnd-5_family-2623 125 213:1;rnd-4_family-1657 105 166:1	no_dmr_overlap	0	0	0.000000	NA	NA	de_significant	evm.TU.utg2073.36	gene_id	10	yes	5	salinity_only_wald|down|logFC=-1.61|padj=0.01356;salinity_added_wald|down|logFC=-3.377|padj=0.0004202;combined_wald|down|logFC=-2.04|padj=0.005614;salinity_only_LRT|down|logFC=-3.709|padj=0.02024;full_model_LRT|down|logFC=-1.502|padj=0.0005016	0.000420238	3.7094
utg126.equina_smart_17200.mrna11	102	top_stress_responsive_dark_candidate	high_priority;single_copy_or_no_near_identical_dark_duplicate;DE_significant_any_contrast;stress_contrast_DE;abs_logFC_ge_1.5;padj_le_0.01;repeat_TE_overlap_context;no_DMR_overlap	all	yes	no	4	4	1.70959	0.00100216	salinity_only_wald|up|logFC=1.375|padj=0.001002;salinity_added_wald|up|logFC=1.368|padj=0.001742;salinity_only_LRT|up|logFC=1.71|padj=0.00416;combined_wald|up|logFC=1.168|padj=0.007129	utg126.equina_smart_17200.mrna11	utg126.equina_smart_17200.path11	42	1	no										no		no										no		no										no				no	no										no				no	no							no														yes	no	"utg126.equina_smart_17200.mrna11	OTHER	0.003873	0.996127	"	function_dark_no_current_annotation	function_dark_no_current_annotation	non_classifying_evidence_retained	"diamond_swissprot_hit=no | diamond_swissprot_evalue_pass=no | blastp_swissprot_hit=no | blastp_swissprot_evalue_pass=no | diamond_trembl_cnidaria_hit=no | diamond_trembl_cnidaria_evalue_pass=no | diamond_trembl_cnidaria_informative_hit=no | blastp_trembl_cnidaria_hit=no | blastp_trembl_cnidaria_evalue_pass=no | blastp_trembl_cnidaria_informative_hit=no | interpro_hit=no | eggnog_hit=no | signalp_result_present=yes | signalp_positive=no | signalp_raw=utg126.equina_smart_17200.mrna11	OTHER	0.003873	0.996127"	sequence_found_in_external_fasta	utg126.equina_smart_17200.mrna11	utg126.equina_smart_17200.mrna11	matched_multiple	protein_id	utg126.equina_smart_17200.mrna11	utg126.equina_smart_17200.mrna11	gmap_gene_find_equina_smart_17200	utg126	-	utg126:1248806-1249396(-)	utg126:1248806-1249396(-)	1248806	1249396	591	utg126:1248806-1249396(-)	1248806	1249396	591	129	2	exon_features	2	matched_primary_from_multiple_strict	1	candidate_id_equals_transcript_id	2	1	2	1	1	2	4	no	dark_cluster_002334	utg126.equina_smart_17200.mrna11	1	utg126.equina_smart_17200.mrna11	1	1	1	no	single_copy_or_no_near_identical_dark_duplicate	8	high_priority	none	repeat_overlap	1	591	1.000000	rnd-4_family-1926 8 3440:1	no_dmr_overlap	0	0	0.000000	NA	NA	de_significant	utg126.equina_smart_17200.path11	gene_id	10	yes	4	salinity_only_wald|up|logFC=1.375|padj=0.001002;salinity_added_wald|up|logFC=1.368|padj=0.001742;combined_wald|up|logFC=1.168|padj=0.007129;salinity_only_LRT|up|logFC=1.71|padj=0.00416	1.53621e-05	1.70959
utg126.equina_smart_1481573.mrna2	102	top_stress_responsive_dark_candidate	high_priority;single_copy_or_no_near_identical_dark_duplicate;DE_significant_any_contrast;stress_contrast_DE;abs_logFC_ge_1.5;padj_le_0.01;repeat_TE_overlap_context;no_DMR_overlap	all	yes	no	4	4	1.78878	0.00239348	combined_wald|up|logFC=1.659|padj=0.002393;salinity_added_wald|up|logFC=1.511|padj=0.00521;salinity_only_LRT|up|logFC=1.789|padj=0.01839;salinity_only_wald|up|logFC=1.159|padj=0.02117	utg126.equina_smart_1481573.mrna2	utg126.equina_smart_1481573.path2	71	1	no										no		no										no		no										no				no	no										no				no	no							no														yes	no	"utg126.equina_smart_1481573.mrna2	OTHER	0.003528	0.996472	"	function_dark_no_current_annotation	function_dark_no_current_annotation	non_classifying_evidence_retained	"diamond_swissprot_hit=no | diamond_swissprot_evalue_pass=no | blastp_swissprot_hit=no | blastp_swissprot_evalue_pass=no | diamond_trembl_cnidaria_hit=no | diamond_trembl_cnidaria_evalue_pass=no | diamond_trembl_cnidaria_informative_hit=no | blastp_trembl_cnidaria_hit=no | blastp_trembl_cnidaria_evalue_pass=no | blastp_trembl_cnidaria_informative_hit=no | interpro_hit=no | eggnog_hit=no | signalp_result_present=yes | signalp_positive=no | signalp_raw=utg126.equina_smart_1481573.mrna2	OTHER	0.003528	0.996472"	sequence_found_in_external_fasta	utg126.equina_smart_1481573.mrna2	utg126.equina_smart_1481573.mrna2	matched_multiple	protein_id	utg126.equina_smart_1481573.mrna2	utg126.equina_smart_1481573.mrna2	gmap_gene_find_equina_smart_1481573	utg126	-	utg126:1270449-1274697(-)	utg126:1270449-1274697(-)	1270449	1274697	4249	utg126:1270449-1274697(-)	1270449	1274697	4249	216	2	exon_features	2	matched_primary_from_multiple_strict	1	candidate_id_equals_transcript_id	2	1	2	1	1	2	4	no	dark_cluster_001329	utg126.equina_smart_1481573.mrna2	1	utg126.equina_smart_1481573.mrna2	1	1	1	no	single_copy_or_no_near_identical_dark_duplicate	8	high_priority	none	repeat_overlap	12	3443	0.810308	rnd-6_family-347 372 1646:1;rnd-5_family-2449 80 348:1;rnd-1_family-495 109 181:1;rnd-5_family-2141 1 124:1;rnd-1_family-369 1 128:1;rnd-1_family-554 1 333:1;rnd-5_family-5100 812 873:1;rnd-6_family-9390 1050 1121:1;rnd-5_family-5100 874 917:1;rnd-5_family-2141 1 56:1;rnd-6_family-22360 1 906:1;rnd-5_family-1370 162 1052:1	no_dmr_overlap	0	0	0.000000	NA	NA	de_significant	utg126.equina_smart_1481573.path2	gene_id	10	yes	4	salinity_only_wald|up|logFC=1.159|padj=0.02117;salinity_added_wald|up|logFC=1.511|padj=0.00521;combined_wald|up|logFC=1.659|padj=0.002393;salinity_only_LRT|up|logFC=1.789|padj=0.01839	0.000838884	1.78878
evm.utg411.141	102	top_stress_responsive_dark_candidate	high_priority;single_copy_or_no_near_identical_dark_duplicate;DE_significant_any_contrast;stress_contrast_DE;padj_le_0.01;no_repeat_TE_overlap;no_DMR_overlap	all	yes	no	3	3	1.47663	0.00688312	salinity_only_wald|up|logFC=1.477|padj=0.006883;combined_wald|up|logFC=1.229|padj=0.02533;salinity_added_wald|up|logFC=1.082|padj=0.04794	evm.utg411.141	evm.TU.utg411.141	108	1	no										no		no										no		yes	tr|A0A6P8ISR0|A0A6P8ISR0_ACTTE	94.4	108	3.03e-70	207	108	109	1.0000	0.9908	yes	tr|A0A6P8ISR0|A0A6P8ISR0_ACTTE Uncharacterized protein LOC116304361 OS=Actinia tenebrosa OX=6105 GN=LOC116304361 PE=4 SV=1	yes	uncharacterized protein	no	yes	tr|A0A6P8ISR0|A0A6P8ISR0_ACTTE	93.578	109	6.12e-70	207	108	109	1.0093	1.0000	yes	tr|A0A6P8ISR0|A0A6P8ISR0_ACTTE Uncharacterized protein LOC116304361 OS=Actinia tenebrosa OX=6105 GN=LOC116304361 PE=4 SV=1	yes	uncharacterized protein	no	no							no														yes	no	"evm.utg411.141	SP(Sec/SPI)	0.900730	0.099270	CS pos: 20-21. AKS-EI. Pr: 0.3649"	function_dark_no_current_annotation	function_dark_no_current_annotation	ambiguous_or_low_confidence_evidence;non_classifying_evidence_retained	"diamond_swissprot_hit=no | diamond_swissprot_evalue_pass=no | blastp_swissprot_hit=no | blastp_swissprot_evalue_pass=no | diamond_trembl_cnidaria_hit=yes | diamond_trembl_cnidaria_subject=tr|A0A6P8ISR0|A0A6P8ISR0_ACTTE | diamond_trembl_cnidaria_pident=94.4 | diamond_trembl_cnidaria_aln_length=108 | diamond_trembl_cnidaria_evalue=3.03e-70 | diamond_trembl_cnidaria_bitscore=207 | diamond_trembl_cnidaria_qlen=108 | diamond_trembl_cnidaria_slen=109 | diamond_trembl_cnidaria_query_coverage=1.0000 | diamond_trembl_cnidaria_subject_coverage=0.9908 | diamond_trembl_cnidaria_evalue_pass=yes | diamond_trembl_cnidaria_description=tr|A0A6P8ISR0|A0A6P8ISR0_ACTTE Uncharacterized protein LOC116304361 OS=Actinia tenebrosa OX=6105 GN=LOC116304361 PE=4 SV=1 | diamond_trembl_cnidaria_description_is_ambiguous=yes | diamond_trembl_cnidaria_description_ambiguity_reason=uncharacterized protein | diamond_trembl_cnidaria_informative_hit=no | blastp_trembl_cnidaria_hit=yes | blastp_trembl_cnidaria_subject=tr|A0A6P8ISR0|A0A6P8ISR0_ACTTE | blastp_trembl_cnidaria_pident=93.578 | blastp_trembl_cnidaria_aln_length=109 | blastp_trembl_cnidaria_evalue=6.12e-70 | blastp_trembl_cnidaria_bitscore=207 | blastp_trembl_cnidaria_qlen=108 | blastp_trembl_cnidaria_slen=109 | blastp_trembl_cnidaria_query_coverage=1.0093 | blastp_trembl_cnidaria_subject_coverage=1.0000 | blastp_trembl_cnidaria_evalue_pass=yes | blastp_trembl_cnidaria_description=tr|A0A6P8ISR0|A0A6P8ISR0_ACTTE Uncharacterized protein LOC116304361 OS=Actinia tenebrosa OX=6105 GN=LOC116304361 PE=4 SV=1 | blastp_trembl_cnidaria_description_is_ambiguous=yes | blastp_trembl_cnidaria_description_ambiguity_reason=uncharacterized protein | blastp_trembl_cnidaria_informative_hit=no | interpro_hit=no | eggnog_hit=no | signalp_result_present=yes | signalp_positive=no | signalp_raw=evm.utg411.141	SP(Sec/SPI)	0.900730	0.099270	CS pos: 20-21. AKS-EI. Pr: 0.3649"	sequence_found_in_external_fasta	evm.utg411.141	evm.utg411.141	matched_multiple	protein_id	evm.utg411.141	evm.utg411.141	cds.evm.utg411	utg411	-	utg411:1294546-1295011(-)	utg411:1294546-1295011(-)	1294546	1295011	466	utg411:1294546-1295011(-)	1294546	1295011	466	327	2	exon_features	2	matched_primary_from_multiple_strict	1	candidate_id_equals_transcript_id	378	147	378	46	1	1	1	no	dark_cluster_001796	evm.utg411.141	1	evm.utg411.141	1	1	1	no	single_copy_or_no_near_identical_dark_duplicate	8	high_priority	none	no_repeat_overlap	0	0	0.000000	NA	no_dmr_overlap	0	0	0.000000	NA	NA	de_significant	evm.TU.utg411.141	gene_id	10	yes	3	salinity_only_wald|up|logFC=1.477|padj=0.006883;salinity_added_wald|up|logFC=1.082|padj=0.04794;combined_wald|up|logFC=1.229|padj=0.02533	0.00337986	2.20293
utg7179.equina_smart_413503.mrna5	102	top_stress_responsive_dark_candidate	high_priority;single_copy_or_no_near_identical_dark_duplicate;DE_significant_any_contrast;stress_contrast_DE;padj_le_0.01;no_repeat_TE_overlap;no_DMR_overlap	all	yes	no	3	3	1.3453	0.00985471	combined_wald|down|logFC=-1.229|padj=0.009855;salinity_added_wald|down|logFC=-1.067|padj=0.02618;full_model_LRT|down|logFC=-1.345|padj=0.03862	utg7179.equina_smart_413503.mrna5	utg7179.equina_smart_413503.path5	111	1	no										no		no										no		no										no				no	no										no				no	no							no														yes	no	"utg7179.equina_smart_413503.mrna5	OTHER	0.003055	0.996945	"	function_dark_no_current_annotation	function_dark_no_current_annotation	non_classifying_evidence_retained	"diamond_swissprot_hit=no | diamond_swissprot_evalue_pass=no | blastp_swissprot_hit=no | blastp_swissprot_evalue_pass=no | diamond_trembl_cnidaria_hit=no | diamond_trembl_cnidaria_evalue_pass=no | diamond_trembl_cnidaria_informative_hit=no | blastp_trembl_cnidaria_hit=no | blastp_trembl_cnidaria_evalue_pass=no | blastp_trembl_cnidaria_informative_hit=no | interpro_hit=no | eggnog_hit=no | signalp_result_present=yes | signalp_positive=no | signalp_raw=utg7179.equina_smart_413503.mrna5	OTHER	0.003055	0.996945"	sequence_found_in_external_fasta	utg7179.equina_smart_413503.mrna5	utg7179.equina_smart_413503.mrna5	matched_multiple	protein_id	utg7179.equina_smart_413503	utg7179.equina_smart_413503.mrna5	gmap_gene_find_equina_smart_413503	utg7179	+	utg7179:115929-116811(+)	utg7179:115929-116811(+)	115929	116811	883	utg7179:115929-116811(+)	115929	116811	883	336	2	exon_features	2	matched_primary_from_multiple_strict	1	candidate_id_equals_transcript_id	2	1	2	1	1	0	0	no	dark_cluster_000949	utg7179.equina_smart_413503.mrna5	1	utg7179.equina_smart_413503.mrna5	1	1	1	no	single_copy_or_no_near_identical_dark_duplicate	8	high_priority	none	no_repeat_overlap	0	0	0.000000	NA	no_dmr_overlap	0	0	0.000000	NA	NA	de_significant	utg7179.equina_smart_413503.path5	gene_id	10	yes	3	salinity_added_wald|down|logFC=-1.067|padj=0.02618;combined_wald|down|logFC=-1.229|padj=0.009855;full_model_LRT|down|logFC=-1.345|padj=0.03862	0.00985471	1.3453
evm.utg4271.60	102	top_stress_responsive_dark_candidate	high_priority;single_copy_or_no_near_identical_dark_duplicate;DE_significant_any_contrast;stress_contrast_DE;abs_logFC_ge_1.5;no_repeat_TE_overlap;no_DMR_overlap	all	yes	no	3	3	1.87481	0.0100906	salinity_added_wald|up|logFC=1.431|padj=0.01009;salinity_only_wald|up|logFC=1.183|padj=0.02194;salinity_only_LRT|up|logFC=1.875|padj=0.04379	evm.utg4271.60	evm.TU.utg4271.60	189	1	no										no		no										no		no										no				no	no										no				no	no							no														yes	no	"evm.utg4271.60	OTHER	0.000395	0.999605	"	function_dark_no_current_annotation	function_dark_no_current_annotation	non_classifying_evidence_retained	"diamond_swissprot_hit=no | diamond_swissprot_evalue_pass=no | blastp_swissprot_hit=no | blastp_swissprot_evalue_pass=no | diamond_trembl_cnidaria_hit=no | diamond_trembl_cnidaria_evalue_pass=no | diamond_trembl_cnidaria_informative_hit=no | blastp_trembl_cnidaria_hit=no | blastp_trembl_cnidaria_evalue_pass=no | blastp_trembl_cnidaria_informative_hit=no | interpro_hit=no | eggnog_hit=no | signalp_result_present=yes | signalp_positive=no | signalp_raw=evm.utg4271.60	OTHER	0.000395	0.999605"	sequence_found_in_external_fasta	evm.utg4271.60	evm.utg4271.60	matched_multiple	protein_id	evm.utg4271.60	evm.utg4271.60	cds.evm.utg4271	utg4271	+	utg4271:444888-445457(+)	utg4271:444888-445457(+)	444888	445457	570	utg4271:444888-445457(+)	444888	445457	570	570	1	exon_features	1	matched_primary_from_multiple_strict	1	candidate_id_equals_transcript_id	192	89	192	9	1	0	0	no	dark_cluster_001492	evm.utg4271.60	1	evm.utg4271.60	1	1	1	no	single_copy_or_no_near_identical_dark_duplicate	7	high_priority	none	no_repeat_overlap	0	0	0.000000	NA	no_dmr_overlap	0	0	0.000000	NA	NA	de_significant	evm.TU.utg4271.60	gene_id	10	yes	3	salinity_only_wald|up|logFC=1.183|padj=0.02194;salinity_added_wald|up|logFC=1.431|padj=0.01009;salinity_only_LRT|up|logFC=1.875|padj=0.04379	0.00173716	1.87481
evm.utg16443.18	102	top_stress_responsive_dark_candidate	high_priority;single_copy_or_no_near_identical_dark_duplicate;DE_significant_any_contrast;stress_contrast_DE;abs_logFC_ge_2;repeat_TE_overlap_context;no_DMR_overlap	all	yes	no	4	4	2.34039	0.0131213	salinity_only_wald|up|logFC=1.413|padj=0.01312;salinity_added_wald|up|logFC=1.27|padj=0.02925;salinity_only_LRT|up|logFC=2.34|padj=0.03285;combined_wald|up|logFC=1.181|padj=0.03905	evm.utg16443.18	evm.TU.utg16443.18	80	1	no										no		no										no		no										no				no	no										no				no	no							no														yes	no	"evm.utg16443.18	OTHER	0.001050	0.998950	"	function_dark_no_current_annotation	function_dark_no_current_annotation	non_classifying_evidence_retained	"diamond_swissprot_hit=no | diamond_swissprot_evalue_pass=no | blastp_swissprot_hit=no | blastp_swissprot_evalue_pass=no | diamond_trembl_cnidaria_hit=no | diamond_trembl_cnidaria_evalue_pass=no | diamond_trembl_cnidaria_informative_hit=no | blastp_trembl_cnidaria_hit=no | blastp_trembl_cnidaria_evalue_pass=no | blastp_trembl_cnidaria_informative_hit=no | interpro_hit=no | eggnog_hit=no | signalp_result_present=yes | signalp_positive=no | signalp_raw=evm.utg16443.18	OTHER	0.001050	0.998950"	sequence_found_in_external_fasta	evm.utg16443.18	evm.utg16443.18	matched_multiple	protein_id	evm.utg16443.18	evm.utg16443.18	cds.evm.utg16443	utg16443	-	utg16443:126186-126804(-)	utg16443:126186-126804(-)	126186	126804	619	utg16443:126430-126672(-)	126430	126672	243	243	1	exon_features	1	matched_primary_from_multiple_strict	1	candidate_id_equals_transcript_id	76	26	76	14	1	1	2	no	dark_cluster_002239	evm.utg16443.18	1	evm.utg16443.18	1	1	1	no	single_copy_or_no_near_identical_dark_duplicate	7	high_priority	none	repeat_overlap	1	23	0.037157	(ACTG)n 1 23:1	no_dmr_overlap	0	0	0.000000	NA	NA	de_significant	evm.TU.utg16443.18	gene_id	9	yes	4	salinity_only_wald|up|logFC=1.413|padj=0.01312;salinity_added_wald|up|logFC=1.27|padj=0.02925;combined_wald|up|logFC=1.181|padj=0.03905;salinity_only_LRT|up|logFC=2.34|padj=0.03285	0.00297754	2.34039
evm.utg3201.54	102	top_stress_responsive_dark_candidate	high_priority;single_copy_or_no_near_identical_dark_duplicate;DE_significant_any_contrast;stress_contrast_DE;abs_logFC_ge_1.5;no_repeat_TE_overlap;no_DMR_overlap	all	yes	no	3	3	1.54144	0.0161576	combined_wald|down|logFC=-1.148|padj=0.01616;salinity_only_wald|down|logFC=-1.079|padj=0.01689;salinity_only_LRT|down|logFC=-1.541|padj=0.03185	evm.utg3201.54	evm.TU.utg3201.54	187	1	no										no		no										no		yes	tr|A0A6P8JD79|A0A6P8JD79_ACTTE	97.9	187	4.77e-130	365	187	188	1.0000	0.9947	yes	tr|A0A6P8JD79|A0A6P8JD79_ACTTE Uncharacterized protein LOC116308231 OS=Actinia tenebrosa OX=6105 GN=LOC116308231 PE=4 SV=1	yes	uncharacterized protein	no	yes	tr|A0A6P8JD79|A0A6P8JD79_ACTTE	97.861	187	1.18e-137	384	187	188	1.0000	0.9947	yes	tr|A0A6P8JD79|A0A6P8JD79_ACTTE Uncharacterized protein LOC116308231 OS=Actinia tenebrosa OX=6105 GN=LOC116308231 PE=4 SV=1	yes	uncharacterized protein	no	no							no														yes	no	"evm.utg3201.54	OTHER	0.000479	0.999521	"	function_dark_no_current_annotation	function_dark_no_current_annotation	ambiguous_or_low_confidence_evidence;non_classifying_evidence_retained	"diamond_swissprot_hit=no | diamond_swissprot_evalue_pass=no | blastp_swissprot_hit=no | blastp_swissprot_evalue_pass=no | diamond_trembl_cnidaria_hit=yes | diamond_trembl_cnidaria_subject=tr|A0A6P8JD79|A0A6P8JD79_ACTTE | diamond_trembl_cnidaria_pident=97.9 | diamond_trembl_cnidaria_aln_length=187 | diamond_trembl_cnidaria_evalue=4.77e-130 | diamond_trembl_cnidaria_bitscore=365 | diamond_trembl_cnidaria_qlen=187 | diamond_trembl_cnidaria_slen=188 | diamond_trembl_cnidaria_query_coverage=1.0000 | diamond_trembl_cnidaria_subject_coverage=0.9947 | diamond_trembl_cnidaria_evalue_pass=yes | diamond_trembl_cnidaria_description=tr|A0A6P8JD79|A0A6P8JD79_ACTTE Uncharacterized protein LOC116308231 OS=Actinia tenebrosa OX=6105 GN=LOC116308231 PE=4 SV=1 | diamond_trembl_cnidaria_description_is_ambiguous=yes | diamond_trembl_cnidaria_description_ambiguity_reason=uncharacterized protein | diamond_trembl_cnidaria_informative_hit=no | blastp_trembl_cnidaria_hit=yes | blastp_trembl_cnidaria_subject=tr|A0A6P8JD79|A0A6P8JD79_ACTTE | blastp_trembl_cnidaria_pident=97.861 | blastp_trembl_cnidaria_aln_length=187 | blastp_trembl_cnidaria_evalue=1.18e-137 | blastp_trembl_cnidaria_bitscore=384 | blastp_trembl_cnidaria_qlen=187 | blastp_trembl_cnidaria_slen=188 | blastp_trembl_cnidaria_query_coverage=1.0000 | blastp_trembl_cnidaria_subject_coverage=0.9947 | blastp_trembl_cnidaria_evalue_pass=yes | blastp_trembl_cnidaria_description=tr|A0A6P8JD79|A0A6P8JD79_ACTTE Uncharacterized protein LOC116308231 OS=Actinia tenebrosa OX=6105 GN=LOC116308231 PE=4 SV=1 | blastp_trembl_cnidaria_description_is_ambiguous=yes | blastp_trembl_cnidaria_description_ambiguity_reason=uncharacterized protein | blastp_trembl_cnidaria_informative_hit=no | interpro_hit=no | eggnog_hit=no | signalp_result_present=yes | signalp_positive=no | signalp_raw=evm.utg3201.54	OTHER	0.000479	0.999521"	sequence_found_in_external_fasta	evm.utg3201.54	evm.utg3201.54	matched_multiple	protein_id	evm.utg3201.54	evm.utg3201.54	cds.evm.utg3201	utg3201	+	utg3201:396218-397303(+)	utg3201:396218-397303(+)	396218	397303	1086	utg3201:396218-397113(+)	396218	397113	896	564	2	exon_features	2	matched_primary_from_multiple_strict	1	candidate_id_equals_transcript_id	135	59	135	10	1	2	2	no	dark_cluster_000579	evm.utg3201.54	1	evm.utg3201.54	1	1	1	no	single_copy_or_no_near_identical_dark_duplicate	8	high_priority	none	no_repeat_overlap	0	0	0.000000	NA	no_dmr_overlap	0	0	0.000000	NA	NA	de_significant	evm.TU.utg3201.54	gene_id	10	yes	3	salinity_only_wald|down|logFC=-1.079|padj=0.01689;combined_wald|down|logFC=-1.148|padj=0.01616;salinity_only_LRT|down|logFC=-1.541|padj=0.03185	0.0108791	1.54144
evm.utg2073.25	102	top_stress_responsive_dark_candidate	high_priority;single_copy_or_no_near_identical_dark_duplicate;DE_significant_any_contrast;stress_contrast_DE;abs_logFC_ge_1.5;no_repeat_TE_overlap;no_DMR_overlap	all	yes	no	3	3	1.5089	0.016797	salinity_added_wald|down|logFC=-1.509|padj=0.0168;combined_wald|down|logFC=-1.409|padj=0.02183;salinity_only_wald|down|logFC=-1.285|padj=0.02648	evm.utg2073.25	evm.TU.utg2073.25	322	1	no										no		no										no		no										no				no	no										no				no	no							no														yes	no	"evm.utg2073.25	OTHER	0.000695	0.999305	"	function_dark_no_current_annotation	function_dark_no_current_annotation	non_classifying_evidence_retained	"diamond_swissprot_hit=no | diamond_swissprot_evalue_pass=no | blastp_swissprot_hit=no | blastp_swissprot_evalue_pass=no | diamond_trembl_cnidaria_hit=no | diamond_trembl_cnidaria_evalue_pass=no | diamond_trembl_cnidaria_informative_hit=no | blastp_trembl_cnidaria_hit=no | blastp_trembl_cnidaria_evalue_pass=no | blastp_trembl_cnidaria_informative_hit=no | interpro_hit=no | eggnog_hit=no | signalp_result_present=yes | signalp_positive=no | signalp_raw=evm.utg2073.25	OTHER	0.000695	0.999305"	sequence_found_in_external_fasta	evm.utg2073.25	evm.utg2073.25	matched_multiple	protein_id	evm.utg2073.25	evm.utg2073.25	cds.evm.utg2073	utg2073	+	utg2073:194739-195707(+)	utg2073:194739-195707(+)	194739	195707	969	utg2073:194739-195707(+)	194739	195707	969	969	1	exon_features	1	matched_primary_from_multiple_strict	1	candidate_id_equals_transcript_id	127	56	127	9	1	0	0	no	dark_cluster_000909	evm.utg2073.25	1	evm.utg2073.25	1	1	1	no	single_copy_or_no_near_identical_dark_duplicate	7	high_priority	none	no_repeat_overlap	0	0	0.000000	NA	no_dmr_overlap	0	0	0.000000	NA	NA	de_significant	evm.TU.utg2073.25	gene_id	10	yes	3	salinity_only_wald|down|logFC=-1.285|padj=0.02648;salinity_added_wald|down|logFC=-1.509|padj=0.0168;combined_wald|down|logFC=-1.409|padj=0.02183	0.00638622	2.45763
evm.utg417.27	102	top_stress_responsive_dark_candidate	high_priority;possible_biological_gene_family_expansion;DE_significant_any_contrast;stress_contrast_DE;diesel_added_DE;abs_logFC_ge_1.5;repeat_TE_overlap_context;no_DMR_overlap	all	yes	yes	2	2	1.55256	0.0183349	salinity_added_wald|down|logFC=-1.553|padj=0.01833;diesel_added_wald|down|logFC=-1.206|padj=0.02391	evm.utg417.27	evm.TU.utg417.27	74	1	no										no		no										no		no										no				no	no										no				no	no							no														yes	no	"evm.utg417.27	OTHER	0.004174	0.995826	"	function_dark_no_current_annotation	function_dark_no_current_annotation	non_classifying_evidence_retained	"diamond_swissprot_hit=no | diamond_swissprot_evalue_pass=no | blastp_swissprot_hit=no | blastp_swissprot_evalue_pass=no | diamond_trembl_cnidaria_hit=no | diamond_trembl_cnidaria_evalue_pass=no | diamond_trembl_cnidaria_informative_hit=no | blastp_trembl_cnidaria_hit=no | blastp_trembl_cnidaria_evalue_pass=no | blastp_trembl_cnidaria_informative_hit=no | interpro_hit=no | eggnog_hit=no | signalp_result_present=yes | signalp_positive=no | signalp_raw=evm.utg417.27	OTHER	0.004174	0.995826"	sequence_found_in_external_fasta	evm.utg417.1	evm.utg417.1	matched_multiple	protein_id	evm.utg417	evm.utg417.27	cds.evm.utg417	utg417	-	utg417:283459-284121(-)	utg417:283459-284121(-)	283459	284121	663	utg417:283459-284121(-)	283459	284121	663	225	2	exon_features	2	matched_primary_from_multiple_strict	1	candidate_id_equals_transcript_id	102	48	102	4	1	0	0	no	dark_cluster_000905	evm.utg417.27	3	evm.utg417.27;evm.utg417.43;evm.utg417.45	3	1	3	no	possible_biological_gene_family_expansion	7	high_priority	near_identical_dark_cluster;possible_biological_gene_family_expansion	repeat_overlap	1	148	0.223228	rnd-1_family-67 4 174:1	no_dmr_overlap	0	0	0.000000	NA	NA	de_significant	evm.TU.utg417.27	gene_id	10	yes	2	diesel_added_wald|down|logFC=-1.206|padj=0.02391;salinity_added_wald|down|logFC=-1.553|padj=0.01833	0.0183349	4.16999
evm.utg514.7	102	top_stress_responsive_dark_candidate	high_priority;single_copy_or_no_near_identical_dark_duplicate;DE_significant_any_contrast;stress_contrast_DE;abs_logFC_ge_1.5;no_repeat_TE_overlap;no_DMR_overlap	all	yes	no	3	3	1.73182	0.0196	full_model_LRT|up|logFC=1.732|padj=0.0196;salinity_only_wald|down|logFC=-1.357|padj=0.02122;combined_wald|down|logFC=-1.357|padj=0.02624	evm.utg514.7	evm.TU.utg514.7	79	1	no										no		no										no		yes	tr|A0A9X0A4B0|A0A9X0A4B0_9CNID	79.3	29	3.54e-08	49.3	79	101	0.3671	0.2871	yes	tr|A0A9X0A4B0|A0A9X0A4B0_9CNID Uncharacterized protein OS=Desmophyllum pertusum OX=174260 GN=OS493_010459 PE=4 SV=1	yes	uncharacterized protein	no	yes	tr|A0A9X0A4B0|A0A9X0A4B0_9CNID	79.310	29	1.07e-08	50.4	79	101	0.3671	0.2871	yes	tr|A0A9X0A4B0|A0A9X0A4B0_9CNID Uncharacterized protein OS=Desmophyllum pertusum OX=174260 GN=OS493_010459 PE=4 SV=1	yes	uncharacterized protein	no	no							no														yes	no	"evm.utg514.7	OTHER	0.000984	0.999016	"	function_dark_no_current_annotation	function_dark_no_current_annotation	ambiguous_or_low_confidence_evidence;non_classifying_evidence_retained	"diamond_swissprot_hit=no | diamond_swissprot_evalue_pass=no | blastp_swissprot_hit=no | blastp_swissprot_evalue_pass=no | diamond_trembl_cnidaria_hit=yes | diamond_trembl_cnidaria_subject=tr|A0A9X0A4B0|A0A9X0A4B0_9CNID | diamond_trembl_cnidaria_pident=79.3 | diamond_trembl_cnidaria_aln_length=29 | diamond_trembl_cnidaria_evalue=3.54e-08 | diamond_trembl_cnidaria_bitscore=49.3 | diamond_trembl_cnidaria_qlen=79 | diamond_trembl_cnidaria_slen=101 | diamond_trembl_cnidaria_query_coverage=0.3671 | diamond_trembl_cnidaria_subject_coverage=0.2871 | diamond_trembl_cnidaria_evalue_pass=yes | diamond_trembl_cnidaria_description=tr|A0A9X0A4B0|A0A9X0A4B0_9CNID Uncharacterized protein OS=Desmophyllum pertusum OX=174260 GN=OS493_010459 PE=4 SV=1 | diamond_trembl_cnidaria_description_is_ambiguous=yes | diamond_trembl_cnidaria_description_ambiguity_reason=uncharacterized protein | diamond_trembl_cnidaria_informative_hit=no | blastp_trembl_cnidaria_hit=yes | blastp_trembl_cnidaria_subject=tr|A0A9X0A4B0|A0A9X0A4B0_9CNID | blastp_trembl_cnidaria_pident=79.310 | blastp_trembl_cnidaria_aln_length=29 | blastp_trembl_cnidaria_evalue=1.07e-08 | blastp_trembl_cnidaria_bitscore=50.4 | blastp_trembl_cnidaria_qlen=79 | blastp_trembl_cnidaria_slen=101 | blastp_trembl_cnidaria_query_coverage=0.3671 | blastp_trembl_cnidaria_subject_coverage=0.2871 | blastp_trembl_cnidaria_evalue_pass=yes | blastp_trembl_cnidaria_description=tr|A0A9X0A4B0|A0A9X0A4B0_9CNID Uncharacterized protein OS=Desmophyllum pertusum OX=174260 GN=OS493_010459 PE=4 SV=1 | blastp_trembl_cnidaria_description_is_ambiguous=yes | blastp_trembl_cnidaria_description_ambiguity_reason=uncharacterized protein | blastp_trembl_cnidaria_informative_hit=no | interpro_hit=no | eggnog_hit=no | signalp_result_present=yes | signalp_positive=no | signalp_raw=evm.utg514.7	OTHER	0.000984	0.999016"	sequence_found_in_external_fasta	evm.utg514.1	evm.utg514.1	matched_multiple	protein_id	evm.utg514	evm.utg514.7	cds.evm.utg514	utg514	+	utg514:44226-44465(+)	utg514:44226-44465(+)	44226	44465	240	utg514:44226-44465(+)	44226	44465	240	240	1	exon_features	1	matched_primary_from_multiple_strict	1	candidate_id_equals_transcript_id	36	17	36	2	1	0	0	no	dark_cluster_000199	evm.utg514.7	1	evm.utg514.7	1	1	1	no	single_copy_or_no_near_identical_dark_duplicate	7	high_priority	none	no_repeat_overlap	0	0	0.000000	NA	no_dmr_overlap	0	0	0.000000	NA	NA	de_significant	evm.TU.utg514.7	gene_id	9	yes	3	salinity_only_wald|down|logFC=-1.357|padj=0.02122;combined_wald|down|logFC=-1.357|padj=0.02624;full_model_LRT|up|logFC=1.732|padj=0.0196	0.0196	2.57833
evm.utg4163.3	101	top_stress_responsive_dark_candidate	high_priority;possible_biological_gene_family_expansion;DE_significant_any_contrast;stress_contrast_DE;abs_logFC_ge_2;padj_le_0.001;no_repeat_TE_overlap;no_DMR_overlap	all	yes	no	2	2	3.1771	0.000386257	full_model_LRT|up|logFC=2.381|padj=0.0003863;salinity_added_wald|up|logFC=3.177|padj=0.0006865	evm.utg4163.3	evm.TU.utg4163.3	494	1	no										no		no										no		yes	tr|A0A6P8HIT6|A0A6P8HIT6_ACTTE	98.6	494	0.0	956	494	494	1.0000	1.0000	yes	tr|A0A6P8HIT6|A0A6P8HIT6_ACTTE Uncharacterized protein LOC116293048 OS=Actinia tenebrosa OX=6105 GN=LOC116293048 PE=4 SV=1	yes	uncharacterized protein	no	yes	tr|A0A6P8HIT6|A0A6P8HIT6_ACTTE	98.583	494	0.0	1012	494	494	1.0000	1.0000	yes	tr|A0A6P8HIT6|A0A6P8HIT6_ACTTE Uncharacterized protein LOC116293048 OS=Actinia tenebrosa OX=6105 GN=LOC116293048 PE=4 SV=1	yes	uncharacterized protein	no	no							no														yes	no	"evm.utg4163.3	OTHER	0.004117	0.995883	"	function_dark_no_current_annotation	function_dark_no_current_annotation	ambiguous_or_low_confidence_evidence;non_classifying_evidence_retained	"diamond_swissprot_hit=no | diamond_swissprot_evalue_pass=no | blastp_swissprot_hit=no | blastp_swissprot_evalue_pass=no | diamond_trembl_cnidaria_hit=yes | diamond_trembl_cnidaria_subject=tr|A0A6P8HIT6|A0A6P8HIT6_ACTTE | diamond_trembl_cnidaria_pident=98.6 | diamond_trembl_cnidaria_aln_length=494 | diamond_trembl_cnidaria_evalue=0.0 | diamond_trembl_cnidaria_bitscore=956 | diamond_trembl_cnidaria_qlen=494 | diamond_trembl_cnidaria_slen=494 | diamond_trembl_cnidaria_query_coverage=1.0000 | diamond_trembl_cnidaria_subject_coverage=1.0000 | diamond_trembl_cnidaria_evalue_pass=yes | diamond_trembl_cnidaria_description=tr|A0A6P8HIT6|A0A6P8HIT6_ACTTE Uncharacterized protein LOC116293048 OS=Actinia tenebrosa OX=6105 GN=LOC116293048 PE=4 SV=1 | diamond_trembl_cnidaria_description_is_ambiguous=yes | diamond_trembl_cnidaria_description_ambiguity_reason=uncharacterized protein | diamond_trembl_cnidaria_informative_hit=no | blastp_trembl_cnidaria_hit=yes | blastp_trembl_cnidaria_subject=tr|A0A6P8HIT6|A0A6P8HIT6_ACTTE | blastp_trembl_cnidaria_pident=98.583 | blastp_trembl_cnidaria_aln_length=494 | blastp_trembl_cnidaria_evalue=0.0 | blastp_trembl_cnidaria_bitscore=1012 | blastp_trembl_cnidaria_qlen=494 | blastp_trembl_cnidaria_slen=494 | blastp_trembl_cnidaria_query_coverage=1.0000 | blastp_trembl_cnidaria_subject_coverage=1.0000 | blastp_trembl_cnidaria_evalue_pass=yes | blastp_trembl_cnidaria_description=tr|A0A6P8HIT6|A0A6P8HIT6_ACTTE Uncharacterized protein LOC116293048 OS=Actinia tenebrosa OX=6105 GN=LOC116293048 PE=4 SV=1 | blastp_trembl_cnidaria_description_is_ambiguous=yes | blastp_trembl_cnidaria_description_ambiguity_reason=uncharacterized protein | blastp_trembl_cnidaria_informative_hit=no | interpro_hit=no | eggnog_hit=no | signalp_result_present=yes | signalp_positive=no | signalp_raw=evm.utg4163.3	OTHER	0.004117	0.995883"	sequence_found_in_external_fasta	evm.utg4163.1	evm.utg4163.1	matched_multiple	protein_id	evm.utg4163	evm.utg4163.3	cds.evm.utg4163	utg4163	-	utg4163:9875-11359(-)	utg4163:9875-11359(-)	9875	11359	1485	utg4163:9875-11359(-)	9875	11359	1485	1485	1	exon_features	1	matched_primary_from_multiple_strict	1	candidate_id_equals_transcript_id	24	12	24	1	1	0	0	no	dark_cluster_002716	evm.utg4163.3	2	evm.utg4163.3;evm.utg4163.7	2	1	2	no	possible_biological_gene_family_expansion	6	high_priority	near_identical_dark_cluster;possible_biological_gene_family_expansion	no_repeat_overlap	0	0	0.000000	NA	no_dmr_overlap	0	0	0.000000	NA	NA	de_significant	evm.TU.utg4163.3	gene_id	6	yes	2	salinity_added_wald|up|logFC=3.177|padj=0.0006865;full_model_LRT|up|logFC=2.381|padj=0.0003863	0.000386257	3.1771
evm.utg3019.22	101	top_stress_responsive_dark_candidate	high_priority;single_copy_or_no_near_identical_dark_duplicate;DE_significant_any_contrast;stress_contrast_DE;abs_logFC_ge_1.5;padj_le_0.001;repeat_TE_overlap_context;no_DMR_overlap	all	yes	no	2	2	1.85085	0.000453448	combined_wald|up|logFC=1.851|padj=0.0004534;salinity_added_wald|up|logFC=1.291|padj=0.0114	evm.utg3019.22	evm.TU.utg3019.22	179	1	no										no		no										no		no										no				no	yes	tr|A0A9X0D2Z7|A0A9X0D2Z7_9CNID	62.162	37	2.76e-06	47.8	179	119	0.2067	0.3109	yes	tr|A0A9X0D2Z7|A0A9X0D2Z7_9CNID Uncharacterized protein OS=Desmophyllum pertusum OX=174260 GN=OS493_031740 PE=4 SV=1	yes	uncharacterized protein	no	no							no														yes	no	"evm.utg3019.22	OTHER	0.001701	0.998299	"	function_dark_no_current_annotation	function_dark_no_current_annotation	ambiguous_or_low_confidence_evidence;non_classifying_evidence_retained	"diamond_swissprot_hit=no | diamond_swissprot_evalue_pass=no | blastp_swissprot_hit=no | blastp_swissprot_evalue_pass=no | diamond_trembl_cnidaria_hit=no | diamond_trembl_cnidaria_evalue_pass=no | diamond_trembl_cnidaria_informative_hit=no | blastp_trembl_cnidaria_hit=yes | blastp_trembl_cnidaria_subject=tr|A0A9X0D2Z7|A0A9X0D2Z7_9CNID | blastp_trembl_cnidaria_pident=62.162 | blastp_trembl_cnidaria_aln_length=37 | blastp_trembl_cnidaria_evalue=2.76e-06 | blastp_trembl_cnidaria_bitscore=47.8 | blastp_trembl_cnidaria_qlen=179 | blastp_trembl_cnidaria_slen=119 | blastp_trembl_cnidaria_query_coverage=0.2067 | blastp_trembl_cnidaria_subject_coverage=0.3109 | blastp_trembl_cnidaria_evalue_pass=yes | blastp_trembl_cnidaria_description=tr|A0A9X0D2Z7|A0A9X0D2Z7_9CNID Uncharacterized protein OS=Desmophyllum pertusum OX=174260 GN=OS493_031740 PE=4 SV=1 | blastp_trembl_cnidaria_description_is_ambiguous=yes | blastp_trembl_cnidaria_description_ambiguity_reason=uncharacterized protein | blastp_trembl_cnidaria_informative_hit=no | interpro_hit=no | eggnog_hit=no | signalp_result_present=yes | signalp_positive=no | signalp_raw=evm.utg3019.22	OTHER	0.001701	0.998299"	sequence_found_in_external_fasta	evm.utg3019.22	evm.utg3019.22	matched_multiple	protein_id	evm.utg3019	evm.utg3019.22	cds.evm.utg3019	utg3019	-	utg3019:218409-221574(-)	utg3019:218409-221574(-)	218409	221574	3166	utg3019:218409-221574(-)	218409	221574	3166	540	2	exon_features	2	matched_primary_from_multiple_strict	1	candidate_id_equals_transcript_id	167	65	167	21	1	2	2	no	dark_cluster_003243	evm.utg3019.22	1	evm.utg3019.22	1	1	1	no	single_copy_or_no_near_identical_dark_duplicate	8	high_priority	none	repeat_overlap	1	27	0.008528	(TAAAA)n 1 29:1	no_dmr_overlap	0	0	0.000000	NA	NA	de_significant	evm.TU.utg3019.22	gene_id	10	yes	2	salinity_added_wald|up|logFC=1.291|padj=0.0114;combined_wald|up|logFC=1.851|padj=0.0004534	0.000453448	1.85085
evm.utg4157.12.2.5c22f08e	101	top_stress_responsive_dark_candidate	high_priority;single_copy_or_no_near_identical_dark_duplicate;DE_significant_any_contrast;stress_contrast_DE;abs_logFC_ge_1.5;padj_le_0.001;repeat_TE_overlap_context;no_DMR_overlap	all	yes	no	2	2	1.61002	0.000573289	combined_wald|down|logFC=-1.61|padj=0.0005733;salinity_added_wald|down|logFC=-1.024|padj=0.02781	evm.utg4157.12.2.5c22f08e	evm.TU.utg4157.12	449	3	no										no		no										no		yes	tr|A0A6P8IAB1|A0A6P8IAB1_ACTTE	78.8	160	3.95e-70	233	449	492	0.3563	0.3252	yes	tr|A0A6P8IAB1|A0A6P8IAB1_ACTTE Uncharacterized protein LOC116300333 OS=Actinia tenebrosa OX=6105 GN=LOC116300333 PE=4 SV=1	yes	uncharacterized protein	no	yes	tr|A0A6P8IAB1|A0A6P8IAB1_ACTTE	70.526	475	0.0	629	449	492	1.0579	0.9654	yes	tr|A0A6P8IAB1|A0A6P8IAB1_ACTTE Uncharacterized protein LOC116300333 OS=Actinia tenebrosa OX=6105 GN=LOC116300333 PE=4 SV=1	yes	uncharacterized protein	no	no							no														yes	no	"evm.utg4157.12.2.5c22f08e	OTHER	0.000832	0.999168	"	function_dark_no_current_annotation	function_dark_no_current_annotation	ambiguous_or_low_confidence_evidence;non_classifying_evidence_retained	"diamond_swissprot_hit=no | diamond_swissprot_evalue_pass=no | blastp_swissprot_hit=no | blastp_swissprot_evalue_pass=no | diamond_trembl_cnidaria_hit=yes | diamond_trembl_cnidaria_subject=tr|A0A6P8IAB1|A0A6P8IAB1_ACTTE | diamond_trembl_cnidaria_pident=78.8 | diamond_trembl_cnidaria_aln_length=160 | diamond_trembl_cnidaria_evalue=3.95e-70 | diamond_trembl_cnidaria_bitscore=233 | diamond_trembl_cnidaria_qlen=449 | diamond_trembl_cnidaria_slen=492 | diamond_trembl_cnidaria_query_coverage=0.3563 | diamond_trembl_cnidaria_subject_coverage=0.3252 | diamond_trembl_cnidaria_evalue_pass=yes | diamond_trembl_cnidaria_description=tr|A0A6P8IAB1|A0A6P8IAB1_ACTTE Uncharacterized protein LOC116300333 OS=Actinia tenebrosa OX=6105 GN=LOC116300333 PE=4 SV=1 | diamond_trembl_cnidaria_description_is_ambiguous=yes | diamond_trembl_cnidaria_description_ambiguity_reason=uncharacterized protein | diamond_trembl_cnidaria_informative_hit=no | blastp_trembl_cnidaria_hit=yes | blastp_trembl_cnidaria_subject=tr|A0A6P8IAB1|A0A6P8IAB1_ACTTE | blastp_trembl_cnidaria_pident=70.526 | blastp_trembl_cnidaria_aln_length=475 | blastp_trembl_cnidaria_evalue=0.0 | blastp_trembl_cnidaria_bitscore=629 | blastp_trembl_cnidaria_qlen=449 | blastp_trembl_cnidaria_slen=492 | blastp_trembl_cnidaria_query_coverage=1.0579 | blastp_trembl_cnidaria_subject_coverage=0.9654 | blastp_trembl_cnidaria_evalue_pass=yes | blastp_trembl_cnidaria_description=tr|A0A6P8IAB1|A0A6P8IAB1_ACTTE Uncharacterized protein LOC116300333 OS=Actinia tenebrosa OX=6105 GN=LOC116300333 PE=4 SV=1 | blastp_trembl_cnidaria_description_is_ambiguous=yes | blastp_trembl_cnidaria_description_ambiguity_reason=uncharacterized protein | blastp_trembl_cnidaria_informative_hit=no | interpro_hit=no | eggnog_hit=no | signalp_result_present=yes | signalp_positive=no | signalp_raw=evm.utg4157.12.2.5c22f08e	OTHER	0.000832	0.999168"	sequence_found_in_external_fasta	evm.utg4157.12.2.5c22f08e	evm.utg4157.12.2.5c22f08e	matched_multiple	protein_id	evm.utg4157.12.2.5c22f08e	evm.utg4157.12.2.5c22f08e	cds.evm.utg4157.12.2	utg4157	+	utg4157:42805-49111(+)	utg4157:42805-49111(+)	42805	49111	6307	utg4157:42865-48607(+)	42865	48607	5743	1350	2	exon_features	2	matched_primary_from_multiple_strict	1	candidate_id_equals_transcript_id	71	56	71	16	1	3	4	yes	dark_cluster_002713	evm.utg4157.12.2.5c22f08e	1	evm.utg4157.12.2.5c22f08e	1	1	1	yes	single_copy_or_no_near_identical_dark_duplicate	5	high_priority	candidate_on_BUSCO_duplication_rich_scaffold	repeat_overlap	3	597	0.094657	rnd-1_family-332 1 196:1;rnd-5_family-1384 1 307:1;rnd-6_family-965 620 816:1	no_dmr_overlap	0	0	0.000000	NA	NA	de_significant	evm.TU.utg4157.12	gene_id	10	yes	2	salinity_added_wald|down|logFC=-1.024|padj=0.02781;combined_wald|down|logFC=-1.61|padj=0.0005733	0.000573289	1.61002
evm.utg77.143	101	top_stress_responsive_dark_candidate	high_priority;single_copy_or_no_near_identical_dark_duplicate;DE_significant_any_contrast;stress_contrast_DE;abs_logFC_ge_1.5;padj_le_0.001;repeat_TE_overlap_context;no_DMR_overlap	all	yes	no	2	2	1.62973	0.000664108	salinity_only_wald|up|logFC=1.339|padj=0.0006641;salinity_only_LRT|up|logFC=1.63|padj=0.001937	evm.utg77.143	evm.TU.utg77.143	96	1	no										no		no										no		no										no				no	no										no				no	no							no														yes	no	"evm.utg77.143	OTHER	0.464432	0.535568	"	function_dark_no_current_annotation	function_dark_no_current_annotation	non_classifying_evidence_retained	"diamond_swissprot_hit=no | diamond_swissprot_evalue_pass=no | blastp_swissprot_hit=no | blastp_swissprot_evalue_pass=no | diamond_trembl_cnidaria_hit=no | diamond_trembl_cnidaria_evalue_pass=no | diamond_trembl_cnidaria_informative_hit=no | blastp_trembl_cnidaria_hit=no | blastp_trembl_cnidaria_evalue_pass=no | blastp_trembl_cnidaria_informative_hit=no | interpro_hit=no | eggnog_hit=no | signalp_result_present=yes | signalp_positive=no | signalp_raw=evm.utg77.143	OTHER	0.464432	0.535568"	sequence_found_in_external_fasta	evm.utg77.143	evm.utg77.143	matched_multiple	protein_id	evm.utg77	evm.utg77.143	cds.evm.utg77	utg77	-	utg77:1043646-1045177(-)	utg77:1043646-1045177(-)	1043646	1045177	1532	utg77:1043651-1044572(-)	1043651	1044572	922	291	2	exon_features	2	matched_primary_from_multiple_strict	1	candidate_id_equals_transcript_id	460	181	460	59	1	4	6	yes	dark_cluster_003088	evm.utg77.143	1	evm.utg77.143	1	1	1	yes	single_copy_or_no_near_identical_dark_duplicate	5	high_priority	candidate_on_BUSCO_duplication_rich_scaffold	repeat_overlap	5	223	0.145561	rnd-6_family-4777 147 433:1;rnd-6_family-9979 1 48:1;rnd-6_family-9979 175 307:1;rnd-6_family-9979 1 59:1;rnd-3_family-704 60 147:1	no_dmr_overlap	0	0	0.000000	NA	NA	de_significant	evm.TU.utg77.143	gene_id	10	yes	2	salinity_only_wald|up|logFC=1.339|padj=0.0006641;salinity_only_LRT|up|logFC=1.63|padj=0.001937	1.08422e-05	1.62973
evm.utg801.100	101	top_stress_responsive_dark_candidate	high_priority;single_copy_or_no_near_identical_dark_duplicate;DE_significant_any_contrast;stress_contrast_DE;abs_logFC_ge_1.5;padj_le_0.001;repeat_TE_overlap_context;no_DMR_overlap	all	yes	no	2	2	1.93	0.000678364	salinity_only_wald|down|logFC=-1.532|padj=0.0006784;salinity_only_LRT|down|logFC=-1.93|padj=0.001656	evm.utg801.100	evm.TU.utg801.100	325	1	no										no		no										no		yes	tr|A0A6P8IVQ3|A0A6P8IVQ3_ACTTE	94.8	306	1.09e-198	556	325	487	0.9415	0.6283	yes	tr|A0A6P8IVQ3|A0A6P8IVQ3_ACTTE Uncharacterized protein LOC116305325 OS=Actinia tenebrosa OX=6105 GN=LOC116305325 PE=3 SV=1	yes	uncharacterized protein	no	yes	tr|A0A6P8IVQ3|A0A6P8IVQ3_ACTTE	94.771	306	0.0	585	325	487	0.9415	0.6283	yes	tr|A0A6P8IVQ3|A0A6P8IVQ3_ACTTE Uncharacterized protein LOC116305325 OS=Actinia tenebrosa OX=6105 GN=LOC116305325 PE=3 SV=1	yes	uncharacterized protein	no	no							no														yes	no	"evm.utg801.100	OTHER	0.000385	0.999615	"	function_dark_no_current_annotation	function_dark_no_current_annotation	ambiguous_or_low_confidence_evidence;non_classifying_evidence_retained	"diamond_swissprot_hit=no | diamond_swissprot_evalue_pass=no | blastp_swissprot_hit=no | blastp_swissprot_evalue_pass=no | diamond_trembl_cnidaria_hit=yes | diamond_trembl_cnidaria_subject=tr|A0A6P8IVQ3|A0A6P8IVQ3_ACTTE | diamond_trembl_cnidaria_pident=94.8 | diamond_trembl_cnidaria_aln_length=306 | diamond_trembl_cnidaria_evalue=1.09e-198 | diamond_trembl_cnidaria_bitscore=556 | diamond_trembl_cnidaria_qlen=325 | diamond_trembl_cnidaria_slen=487 | diamond_trembl_cnidaria_query_coverage=0.9415 | diamond_trembl_cnidaria_subject_coverage=0.6283 | diamond_trembl_cnidaria_evalue_pass=yes | diamond_trembl_cnidaria_description=tr|A0A6P8IVQ3|A0A6P8IVQ3_ACTTE Uncharacterized protein LOC116305325 OS=Actinia tenebrosa OX=6105 GN=LOC116305325 PE=3 SV=1 | diamond_trembl_cnidaria_description_is_ambiguous=yes | diamond_trembl_cnidaria_description_ambiguity_reason=uncharacterized protein | diamond_trembl_cnidaria_informative_hit=no | blastp_trembl_cnidaria_hit=yes | blastp_trembl_cnidaria_subject=tr|A0A6P8IVQ3|A0A6P8IVQ3_ACTTE | blastp_trembl_cnidaria_pident=94.771 | blastp_trembl_cnidaria_aln_length=306 | blastp_trembl_cnidaria_evalue=0.0 | blastp_trembl_cnidaria_bitscore=585 | blastp_trembl_cnidaria_qlen=325 | blastp_trembl_cnidaria_slen=487 | blastp_trembl_cnidaria_query_coverage=0.9415 | blastp_trembl_cnidaria_subject_coverage=0.6283 | blastp_trembl_cnidaria_evalue_pass=yes | blastp_trembl_cnidaria_description=tr|A0A6P8IVQ3|A0A6P8IVQ3_ACTTE Uncharacterized protein LOC116305325 OS=Actinia tenebrosa OX=6105 GN=LOC116305325 PE=3 SV=1 | blastp_trembl_cnidaria_description_is_ambiguous=yes | blastp_trembl_cnidaria_description_ambiguity_reason=uncharacterized protein | blastp_trembl_cnidaria_informative_hit=no | interpro_hit=no | eggnog_hit=no | signalp_result_present=yes | signalp_positive=no | signalp_raw=evm.utg801.100	OTHER	0.000385	0.999615"	sequence_found_in_external_fasta	evm.utg801.121	evm.utg801.121	matched_multiple	protein_id	evm.utg801	evm.utg801.100	cds.evm.utg801	utg801	-	utg801:856800-858878(-)	utg801:856800-858878(-)	856800	858878	2079	utg801:856800-858878(-)	856800	858878	2079	978	3	exon_features	3	matched_primary_from_multiple_strict	1	candidate_id_equals_transcript_id	281	118	281	24	1	1	2	no	dark_cluster_001848	evm.utg801.100	1	evm.utg801.100	1	1	1	no	single_copy_or_no_near_identical_dark_duplicate	8	high_priority	none	repeat_overlap	2	169	0.081289	rnd-1_family-40 1 116:1;(ACAG)n 1 54:1	no_dmr_overlap	0	0	0.000000	NA	NA	de_significant	evm.TU.utg801.100	gene_id	10	yes	2	salinity_only_wald|down|logFC=-1.532|padj=0.0006784;salinity_only_LRT|down|logFC=-1.93|padj=0.001656	0.000401438	1.93
evm.utg7840.29	101	top_stress_responsive_dark_candidate	high_priority;single_copy_or_no_near_identical_dark_duplicate;DE_significant_any_contrast;stress_contrast_DE;abs_logFC_ge_2;padj_le_0.01;repeat_TE_overlap_context;no_DMR_overlap	all	yes	no	2	2	3.64605	0.0013879	salinity_only_wald|down|logFC=-2.734|padj=0.001388;full_model_LRT|up|logFC=3.646|padj=0.005615	evm.utg7840.29	evm.TU.utg7840.29	147	1	no										no		no										no		yes	tr|A0A6P8IW18|A0A6P8IW18_ACTTE	90.4	83	9.03e-39	142	147	854	0.5646	0.0972	yes	tr|A0A6P8IW18|A0A6P8IW18_ACTTE Uncharacterized protein LOC116304650 OS=Actinia tenebrosa OX=6105 GN=LOC116304650 PE=3 SV=1	yes	uncharacterized protein	no	yes	tr|A0A6P8IW18|A0A6P8IW18_ACTTE	90.361	83	3.30e-42	151	147	854	0.5646	0.0972	yes	tr|A0A6P8IW18|A0A6P8IW18_ACTTE Uncharacterized protein LOC116304650 OS=Actinia tenebrosa OX=6105 GN=LOC116304650 PE=3 SV=1	yes	uncharacterized protein	no	no							no														yes	no	"evm.utg7840.29	OTHER	0.334423	0.665577	"	function_dark_no_current_annotation	function_dark_no_current_annotation	ambiguous_or_low_confidence_evidence;non_classifying_evidence_retained	"diamond_swissprot_hit=no | diamond_swissprot_evalue_pass=no | blastp_swissprot_hit=no | blastp_swissprot_evalue_pass=no | diamond_trembl_cnidaria_hit=yes | diamond_trembl_cnidaria_subject=tr|A0A6P8IW18|A0A6P8IW18_ACTTE | diamond_trembl_cnidaria_pident=90.4 | diamond_trembl_cnidaria_aln_length=83 | diamond_trembl_cnidaria_evalue=9.03e-39 | diamond_trembl_cnidaria_bitscore=142 | diamond_trembl_cnidaria_qlen=147 | diamond_trembl_cnidaria_slen=854 | diamond_trembl_cnidaria_query_coverage=0.5646 | diamond_trembl_cnidaria_subject_coverage=0.0972 | diamond_trembl_cnidaria_evalue_pass=yes | diamond_trembl_cnidaria_description=tr|A0A6P8IW18|A0A6P8IW18_ACTTE Uncharacterized protein LOC116304650 OS=Actinia tenebrosa OX=6105 GN=LOC116304650 PE=3 SV=1 | diamond_trembl_cnidaria_description_is_ambiguous=yes | diamond_trembl_cnidaria_description_ambiguity_reason=uncharacterized protein | diamond_trembl_cnidaria_informative_hit=no | blastp_trembl_cnidaria_hit=yes | blastp_trembl_cnidaria_subject=tr|A0A6P8IW18|A0A6P8IW18_ACTTE | blastp_trembl_cnidaria_pident=90.361 | blastp_trembl_cnidaria_aln_length=83 | blastp_trembl_cnidaria_evalue=3.30e-42 | blastp_trembl_cnidaria_bitscore=151 | blastp_trembl_cnidaria_qlen=147 | blastp_trembl_cnidaria_slen=854 | blastp_trembl_cnidaria_query_coverage=0.5646 | blastp_trembl_cnidaria_subject_coverage=0.0972 | blastp_trembl_cnidaria_evalue_pass=yes | blastp_trembl_cnidaria_description=tr|A0A6P8IW18|A0A6P8IW18_ACTTE Uncharacterized protein LOC116304650 OS=Actinia tenebrosa OX=6105 GN=LOC116304650 PE=3 SV=1 | blastp_trembl_cnidaria_description_is_ambiguous=yes | blastp_trembl_cnidaria_description_ambiguity_reason=uncharacterized protein | blastp_trembl_cnidaria_informative_hit=no | interpro_hit=no | eggnog_hit=no | signalp_result_present=yes | signalp_positive=no | signalp_raw=evm.utg7840.29	OTHER	0.334423	0.665577"	sequence_found_in_external_fasta	evm.utg7840.29	evm.utg7840.29	matched_multiple	protein_id	evm.utg7840	evm.utg7840.29	cds.evm.utg7840	utg7840	+	utg7840:221909-222809(+)	utg7840:221909-222809(+)	221909	222809	901	utg7840:221909-222809(+)	221909	222809	901	444	2	exon_features	2	matched_primary_from_multiple_strict	1	candidate_id_equals_transcript_id	153	73	153	5	1	1	1	no	dark_cluster_001300	evm.utg7840.29	1	evm.utg7840.29	1	1	1	no	single_copy_or_no_near_identical_dark_duplicate	8	high_priority	none	repeat_overlap	1	56	0.062153	rnd-5_family-276 420 475:1	no_dmr_overlap	0	0	0.000000	NA	NA	de_significant	evm.TU.utg7840.29	gene_id	5	yes	2	salinity_only_wald|down|logFC=-2.734|padj=0.001388;full_model_LRT|up|logFC=3.646|padj=0.005615	0.0013879	3.64605
evm.utg910.24	101	top_stress_responsive_dark_candidate	high_priority;single_copy_or_no_near_identical_dark_duplicate;DE_significant_any_contrast;stress_contrast_DE;abs_logFC_ge_2;padj_le_0.01;repeat_TE_overlap_context;no_DMR_overlap	all	yes	no	2	2	2.378	0.00260616	salinity_only_wald|down|logFC=-1.668|padj=0.002606;salinity_only_LRT|down|logFC=-2.378|padj=0.01402	evm.utg910.24	evm.TU.utg910.24	87	1	no										no		no										no		no										no				no	yes	tr|A0ABN8LKI1|A0ABN8LKI1_9CNID	34.146	82	3.22e-10	54.7	87	95	0.9425	0.8632	yes	tr|A0ABN8LKI1|A0ABN8LKI1_9CNID Uncharacterized protein OS=Porites evermanni OX=104178 GN=PEVE_00038833 PE=4 SV=1	yes	uncharacterized protein	no	no							no														yes	no	"evm.utg910.24	SP(Sec/SPI)	0.997918	0.002082	CS pos: 22-23. VQG-LP. Pr: 0.8626"	function_dark_no_current_annotation	function_dark_no_current_annotation	ambiguous_or_low_confidence_evidence;non_classifying_evidence_retained	"diamond_swissprot_hit=no | diamond_swissprot_evalue_pass=no | blastp_swissprot_hit=no | blastp_swissprot_evalue_pass=no | diamond_trembl_cnidaria_hit=no | diamond_trembl_cnidaria_evalue_pass=no | diamond_trembl_cnidaria_informative_hit=no | blastp_trembl_cnidaria_hit=yes | blastp_trembl_cnidaria_subject=tr|A0ABN8LKI1|A0ABN8LKI1_9CNID | blastp_trembl_cnidaria_pident=34.146 | blastp_trembl_cnidaria_aln_length=82 | blastp_trembl_cnidaria_evalue=3.22e-10 | blastp_trembl_cnidaria_bitscore=54.7 | blastp_trembl_cnidaria_qlen=87 | blastp_trembl_cnidaria_slen=95 | blastp_trembl_cnidaria_query_coverage=0.9425 | blastp_trembl_cnidaria_subject_coverage=0.8632 | blastp_trembl_cnidaria_evalue_pass=yes | blastp_trembl_cnidaria_description=tr|A0ABN8LKI1|A0ABN8LKI1_9CNID Uncharacterized protein OS=Porites evermanni OX=104178 GN=PEVE_00038833 PE=4 SV=1 | blastp_trembl_cnidaria_description_is_ambiguous=yes | blastp_trembl_cnidaria_description_ambiguity_reason=uncharacterized protein | blastp_trembl_cnidaria_informative_hit=no | interpro_hit=no | eggnog_hit=no | signalp_result_present=yes | signalp_positive=no | signalp_raw=evm.utg910.24	SP(Sec/SPI)	0.997918	0.002082	CS pos: 22-23. VQG-LP. Pr: 0.8626"	sequence_found_in_external_fasta	evm.utg910.24	evm.utg910.24	matched_multiple	protein_id	evm.utg910	evm.utg910.24	cds.evm.utg910	utg910	+	utg910:241731-243360(+)	utg910:241731-243360(+)	241731	243360	1630	utg910:241769-243145(+)	241769	243145	1377	264	2	exon_features	2	matched_primary_from_multiple_strict	1	candidate_id_equals_transcript_id	514	186	514	76	1	2	5	no	dark_cluster_002809	evm.utg910.24	1	evm.utg910.24	1	1	1	no	single_copy_or_no_near_identical_dark_duplicate	8	high_priority	none	repeat_overlap	3	464	0.284663	rnd-3_family-6 842 962:1;rnd-6_family-15554 29 344:1;(ATGA)n 1 21:1	no_dmr_overlap	0	0	0.000000	NA	NA	de_significant	evm.TU.utg910.24	gene_id	10	yes	2	salinity_only_wald|down|logFC=-1.668|padj=0.002606;salinity_only_LRT|down|logFC=-2.378|padj=0.01402	0.00260616	2.378
evm.utg243.2	101	top_stress_responsive_dark_candidate	high_priority;single_copy_or_no_near_identical_dark_duplicate;DE_significant_any_contrast;stress_contrast_DE;abs_logFC_ge_2;padj_le_0.01;repeat_TE_overlap_context;no_DMR_overlap	all	yes	no	2	2	2.45393	0.00358287	salinity_only_wald|up|logFC=1.675|padj=0.003583;salinity_only_LRT|up|logFC=2.454|padj=0.01249	evm.utg243.2	evm.TU.utg243.2	83	1	no										no		no										no		no										no				no	no										no				no	no							no														yes	no	"evm.utg243.2	OTHER	0.001419	0.998581	"	function_dark_no_current_annotation	function_dark_no_current_annotation	non_classifying_evidence_retained	"diamond_swissprot_hit=no | diamond_swissprot_evalue_pass=no | blastp_swissprot_hit=no | blastp_swissprot_evalue_pass=no | diamond_trembl_cnidaria_hit=no | diamond_trembl_cnidaria_evalue_pass=no | diamond_trembl_cnidaria_informative_hit=no | blastp_trembl_cnidaria_hit=no | blastp_trembl_cnidaria_evalue_pass=no | blastp_trembl_cnidaria_informative_hit=no | interpro_hit=no | eggnog_hit=no | signalp_result_present=yes | signalp_positive=no | signalp_raw=evm.utg243.2	OTHER	0.001419	0.998581"	sequence_found_in_external_fasta	evm.utg243.2	evm.utg243.2	matched_multiple	protein_id	evm.utg243	evm.utg243.2	cds.evm.utg243	utg243	-	utg243:18439-19106(-)	utg243:18439-19106(-)	18439	19106	668	utg243:18439-19106(-)	18439	19106	668	252	2	exon_features	2	matched_primary_from_multiple_strict	1	candidate_id_equals_transcript_id	254	96	254	35	1	1	1	no	dark_cluster_000496	evm.utg243.2	1	evm.utg243.2	1	1	1	no	single_copy_or_no_near_identical_dark_duplicate	8	high_priority	none	repeat_overlap	1	406	0.607784	rnd-4_family-1571 66 417:1	no_dmr_overlap	0	0	0.000000	NA	NA	de_significant	evm.TU.utg243.2	gene_id	10	yes	2	salinity_only_wald|up|logFC=1.675|padj=0.003583;salinity_only_LRT|up|logFC=2.454|padj=0.01249	0.000212818	2.45393
utg2216.equina_smart_1074275.mrna1	101	top_stress_responsive_dark_candidate	high_priority;single_copy_or_no_near_identical_dark_duplicate;DE_significant_any_contrast;stress_contrast_DE;abs_logFC_ge_2;padj_le_0.01;repeat_TE_overlap_context;no_DMR_overlap	all	yes	no	2	2	6.41771	0.00463178	salinity_added_wald|up|logFC=2.332|padj=0.004632;full_model_LRT|up|logFC=6.418|padj=0.02246	utg2216.equina_smart_1074275.mrna1	utg2216.equina_smart_1074275.path1	65	1	no										no		no										no		no										no				no	no										no				no	no							no														yes	no	"utg2216.equina_smart_1074275.mrna1	OTHER	0.004855	0.995145	"	function_dark_no_current_annotation	function_dark_no_current_annotation	non_classifying_evidence_retained	"diamond_swissprot_hit=no | diamond_swissprot_evalue_pass=no | blastp_swissprot_hit=no | blastp_swissprot_evalue_pass=no | diamond_trembl_cnidaria_hit=no | diamond_trembl_cnidaria_evalue_pass=no | diamond_trembl_cnidaria_informative_hit=no | blastp_trembl_cnidaria_hit=no | blastp_trembl_cnidaria_evalue_pass=no | blastp_trembl_cnidaria_informative_hit=no | interpro_hit=no | eggnog_hit=no | signalp_result_present=yes | signalp_positive=no | signalp_raw=utg2216.equina_smart_1074275.mrna1	OTHER	0.004855	0.995145"	sequence_found_in_external_fasta	utg2216.equina_smart_1074275.mrna1	utg2216.equina_smart_1074275.mrna1	matched_multiple	protein_id	utg2216.equina_smart_1074275.mrna1	utg2216.equina_smart_1074275.mrna1	gmap_gene_find_equina_smart_1074275	utg2216	+	utg2216:131840-132598(+)	utg2216:131840-132598(+)	131840	132598	759	utg2216:131840-132598(+)	131840	132598	759	198	2	exon_features	2	matched_primary_from_multiple_strict	1	candidate_id_equals_transcript_id	2	1	2	1	1	0	0	no	dark_cluster_001359	utg2216.equina_smart_1074275.mrna1	1	utg2216.equina_smart_1074275.mrna1	1	1	1	no	single_copy_or_no_near_identical_dark_duplicate	8	high_priority	none	repeat_overlap	2	254	0.334651	rnd-6_family-8089 55 148:1;rnd-1_family-53 1 251:1	no_dmr_overlap	0	0	0.000000	NA	NA	de_significant	utg2216.equina_smart_1074275.path1	gene_id	7	yes	2	salinity_added_wald|up|logFC=2.332|padj=0.004632;full_model_LRT|up|logFC=6.418|padj=0.02246	0.00463178	6.41771
utg1272.equina_smart_1324832.mrna1	101	top_stress_responsive_dark_candidate	high_priority;single_copy_or_no_near_identical_dark_duplicate;DE_significant_any_contrast;stress_contrast_DE;abs_logFC_ge_2;padj_le_0.01;repeat_TE_overlap_context;no_DMR_overlap	all	yes	no	2	2	2.15516	0.00482908	combined_wald|down|logFC=-2.155|padj=0.004829;salinity_added_wald|down|logFC=-1.886|padj=0.01018	utg1272.equina_smart_1324832.mrna1	utg1272.equina_smart_1324832.path1	60	1	no										no		no										no		no										no				no	no										no				no	no							no														yes	no	"utg1272.equina_smart_1324832.mrna1	OTHER	0.004909	0.995091	"	function_dark_no_current_annotation	function_dark_no_current_annotation	non_classifying_evidence_retained	"diamond_swissprot_hit=no | diamond_swissprot_evalue_pass=no | blastp_swissprot_hit=no | blastp_swissprot_evalue_pass=no | diamond_trembl_cnidaria_hit=no | diamond_trembl_cnidaria_evalue_pass=no | diamond_trembl_cnidaria_informative_hit=no | blastp_trembl_cnidaria_hit=no | blastp_trembl_cnidaria_evalue_pass=no | blastp_trembl_cnidaria_informative_hit=no | interpro_hit=no | eggnog_hit=no | signalp_result_present=yes | signalp_positive=no | signalp_raw=utg1272.equina_smart_1324832.mrna1	OTHER	0.004909	0.995091"	sequence_found_in_external_fasta	utg1272.equina_smart_1324832.mrna1	utg1272.equina_smart_1324832.mrna1	matched_multiple	protein_id	utg1272.equina_smart_1324832.mrna1	utg1272.equina_smart_1324832.mrna1	gmap_gene_find_equina_smart_1324832	utg1272	+	utg1272:763504-794010(+)	utg1272:763504-794010(+)	763504	794010	30507	utg1272:763504-794010(+)	763504	794010	30507	183	2	exon_features	2	matched_primary_from_multiple_strict	1	candidate_id_equals_transcript_id	2	1	2	1	1	2	5	no	dark_cluster_000821	utg1272.equina_smart_1324832.mrna1	1	utg1272.equina_smart_1324832.mrna1	1	1	1	no	single_copy_or_no_near_identical_dark_duplicate	8	high_priority	none	repeat_overlap	103	22666	0.742977	rnd-6_family-29044 254 326:16;rnd-6_family-29044 223 326:3;rnd-5_family-1845 3405 3495:2;rnd-5_family-1845 2690 3495:2;(GTGGG)n 1 34:2;rnd-5_family-4616 2 266:2;rnd-5_family-1845 2173 2502:1;rnd-5_family-1845 523 1461:1;rnd-6_family-27906 430 570:1;rnd-6_family-6136 1568 1760:1;rnd-5_family-427 148 313:1;rnd-4_family-734 1 150:1;rnd-1_family-1033 451 747:1;rnd-6_family-29044 1 326:1;rnd-6_family-29044 223 447:1;(TTA)n 1 39:1;rnd-4_family-734 150 724:1;rnd-1_family-925 1 115:1;rnd-5_family-2107 1 654:1;rnd-5_family-2107 1060 1345:1;rnd-6_family-12198 215 269:1;rnd-6_family-15554 551 632:1;rnd-5_family-2107 1332 1993:1;rnd-6_family-12906 1224 1540:1;rnd-6_family-2047 652 831:1;rnd-6_family-12411 1 164:1;rnd-1_family-65 255 351:1;rnd-6_family-2047 410 459:1;rnd-1_family-92 194 294:1;rnd-6_family-2047 307 392:1;rnd-5_family-108 1044 1080:1;rnd-5_family-108 1049 1233:1;rnd-5_family-108 1 211:1;rnd-6_family-2047 1036 1101:1;rnd-5_family-4616 1164 1476:1;rnd-1_family-312 1 60:1;rnd-6_family-2096 1839 2029:1;rnd-6_family-34 152 363:1;(TTTCT)n 1 171:1;rnd-1_family-175 14 74:1;rnd-1_family-48 1 219:1;rnd-5_family-138 261 323:1;rnd-1_family-161 10 323:1;rnd-1_family-108 1 235:1;rnd-5_family-138 153 199:1;rnd-6_family-11760 1861 2053:1;rnd-5_family-825 76 320:1;rnd-6_family-6136 534 1927:1;rnd-6_family-6136 1 282:1;rnd-1_family-588 1 369:1;rnd-6_family-2088 34 66:1;rnd-1_family-623 1 335:1;rnd-1_family-588 1 135:1;rnd-6_family-7605 731 854:1;rnd-6_family-6136 245 650:1;rnd-6_family-6136 411 641:1;rnd-5_family-1845 2173 2500:1;rnd-6_family-6136 1282 1543:1;rnd-5_family-4616 2 495:1;rnd-5_family-4616 1040 1665:1;rnd-1_family-312 3 224:1;rnd-6_family-291 318 359:1;rnd-1_family-525 1 253:1;rnd-5_family-577 942 1665:1;rnd-6_family-752 1546 2143:1;rnd-6_family-2151 498 547:1;(TTG)n 1 61:1;rnd-3_family-613 41 168:1;rnd-4_family-410 181 264:1;rnd-5_family-577 1 312:1;rnd-1_family-760 2 183:1;rnd-4_family-372 13 366:1;rnd-4_family-1370 4 211:1;rnd-5_family-5314 13 80:1;rnd-5_family-5314 1 46:1;GA-rich 1 126:1;rnd-1_family-37 321 388:1;rnd-5_family-2896 954 1001:1;rnd-5_family-2896 775 1003:1;rnd-5_family-2896 775 831:1;rnd-5_family-2896 775 837:1;rnd-5_family-2896 149 837:1	no_dmr_overlap	0	0	0.000000	NA	NA	de_significant	utg1272.equina_smart_1324832.path1	gene_id	10	yes	2	salinity_added_wald|down|logFC=-1.886|padj=0.01018;combined_wald|down|logFC=-2.155|padj=0.004829	0.00482908	3.72109
evm.utg3827.5	101	top_stress_responsive_dark_candidate	high_priority;single_copy_or_no_near_identical_dark_duplicate;DE_significant_any_contrast;stress_contrast_DE;abs_logFC_ge_2;padj_le_0.01;repeat_TE_overlap_context;no_DMR_overlap	all	yes	no	2	2	4.68348	0.00488018	salinity_added_wald|down|logFC=-2.215|padj=0.00488;full_model_LRT|down|logFC=-4.683|padj=0.04734	evm.utg3827.5	evm.TU.utg3827.5	110	1	no										no		no										no		no										no				no	no										no				no	no							no														yes	no	"evm.utg3827.5	SP(Sec/SPI)	0.785561	0.214439	CS pos: 17-18. VFT-KF. Pr: 0.4937"	function_dark_no_current_annotation	function_dark_no_current_annotation	non_classifying_evidence_retained	"diamond_swissprot_hit=no | diamond_swissprot_evalue_pass=no | blastp_swissprot_hit=no | blastp_swissprot_evalue_pass=no | diamond_trembl_cnidaria_hit=no | diamond_trembl_cnidaria_evalue_pass=no | diamond_trembl_cnidaria_informative_hit=no | blastp_trembl_cnidaria_hit=no | blastp_trembl_cnidaria_evalue_pass=no | blastp_trembl_cnidaria_informative_hit=no | interpro_hit=no | eggnog_hit=no | signalp_result_present=yes | signalp_positive=no | signalp_raw=evm.utg3827.5	SP(Sec/SPI)	0.785561	0.214439	CS pos: 17-18. VFT-KF. Pr: 0.4937"	sequence_found_in_external_fasta	evm.utg3827.1	evm.utg3827.1	matched_multiple	protein_id	evm.utg3827.5	evm.utg3827.5	cds.evm.utg3827	utg3827	+	utg3827:51092-51424(+)	utg3827:51092-51424(+)	51092	51424	333	utg3827:51092-51424(+)	51092	51424	333	333	1	exon_features	1	matched_primary_from_multiple_strict	1	candidate_id_equals_transcript_id	95	41	95	8	1	0	0	no	dark_cluster_002211	evm.utg3827.5	1	evm.utg3827.5	1	1	1	no	single_copy_or_no_near_identical_dark_duplicate	7	high_priority	none	repeat_overlap	1	332	0.996997	rnd-6_family-21193 1 1481:1	no_dmr_overlap	0	0	0.000000	NA	NA	de_significant	evm.TU.utg3827.5	gene_id	9	yes	2	salinity_added_wald|down|logFC=-2.215|padj=0.00488;full_model_LRT|down|logFC=-4.683|padj=0.04734	0.00488018	4.68348
utg15427.equina_smart_1354595.mrna2	101	top_stress_responsive_dark_candidate	high_priority;single_copy_or_no_near_identical_dark_duplicate;DE_significant_any_contrast;stress_contrast_DE;abs_logFC_ge_2;padj_le_0.01;repeat_TE_overlap_context;no_DMR_overlap	all	yes	no	2	2	3.41462	0.00528821	salinity_added_wald|up|logFC=2.004|padj=0.005288;full_model_LRT|up|logFC=3.415|padj=0.02385	utg15427.equina_smart_1354595.mrna2	utg15427.equina_smart_1354595.path2	75	1	no										no		no										no		no										no				no	no										no				no	no							no														yes	no	"utg15427.equina_smart_1354595.mrna2	OTHER	0.018691	0.981309	"	function_dark_no_current_annotation	function_dark_no_current_annotation	non_classifying_evidence_retained	"diamond_swissprot_hit=no | diamond_swissprot_evalue_pass=no | blastp_swissprot_hit=no | blastp_swissprot_evalue_pass=no | diamond_trembl_cnidaria_hit=no | diamond_trembl_cnidaria_evalue_pass=no | diamond_trembl_cnidaria_informative_hit=no | blastp_trembl_cnidaria_hit=no | blastp_trembl_cnidaria_evalue_pass=no | blastp_trembl_cnidaria_informative_hit=no | interpro_hit=no | eggnog_hit=no | signalp_result_present=yes | signalp_positive=no | signalp_raw=utg15427.equina_smart_1354595.mrna2	OTHER	0.018691	0.981309"	sequence_found_in_external_fasta	utg15427.equina_smart_1354595.mrna2	utg15427.equina_smart_1354595.mrna2	matched_multiple	protein_id	utg15427.equina_smart_1354595.mrna2	utg15427.equina_smart_1354595.mrna2	gmap_gene_find_equina_smart_1354595	utg15427	+	utg15427:24207-31205(+)	utg15427:24207-31205(+)	24207	31205	6999	utg15427:24207-31205(+)	24207	31205	6999	228	2	exon_features	2	matched_primary_from_multiple_strict	1	candidate_id_equals_transcript_id	2	1	2	1	1	0	0	no	dark_cluster_001025	utg15427.equina_smart_1354595.mrna2	1	utg15427.equina_smart_1354595.mrna2	1	1	1	no	single_copy_or_no_near_identical_dark_duplicate	8	high_priority	none	repeat_overlap	16	6447	0.921132	rnd-1_family-1024 1 64:1;rnd-5_family-4616 1340 1634:1;rnd-5_family-427 414 580:1;rnd-6_family-7290 2 1664:1;rnd-1_family-32 125 248:1;rnd-1_family-22 6 143:1;rnd-5_family-2541 846 993:1;rnd-6_family-7290 1651 3663:1;rnd-5_family-427 1 424:1;rnd-5_family-3838 4 329:1;rnd-4_family-734 1 35:1;rnd-6_family-4106 126 275:1;rnd-1_family-625 1 416:1;rnd-1_family-629 1 579:1;rnd-1_family-554 219 273:1;rnd-5_family-5100 815 908:1	no_dmr_overlap	0	0	0.000000	NA	NA	de_significant	utg15427.equina_smart_1354595.path2	gene_id	9	yes	2	salinity_added_wald|up|logFC=2.004|padj=0.005288;full_model_LRT|up|logFC=3.415|padj=0.02385	0.00528821	3.41462
evm.utg1378.28	101	top_stress_responsive_dark_candidate	high_priority;single_copy_or_no_near_identical_dark_duplicate;DE_significant_any_contrast;stress_contrast_DE;abs_logFC_ge_2;padj_le_0.01;repeat_TE_overlap_context;no_DMR_overlap	all	yes	no	2	2	2.08136	0.0053979	combined_wald|down|logFC=-2.081|padj=0.005398;salinity_only_wald|down|logFC=-1.164|padj=0.0445	evm.utg1378.28	evm.TU.utg1378.28	84	1	no										no		no										no		no										no				no	no										no				no	no							no														yes	no	"evm.utg1378.28	OTHER	0.063800	0.936200	"	function_dark_no_current_annotation	function_dark_no_current_annotation	non_classifying_evidence_retained	"diamond_swissprot_hit=no | diamond_swissprot_evalue_pass=no | blastp_swissprot_hit=no | blastp_swissprot_evalue_pass=no | diamond_trembl_cnidaria_hit=no | diamond_trembl_cnidaria_evalue_pass=no | diamond_trembl_cnidaria_informative_hit=no | blastp_trembl_cnidaria_hit=no | blastp_trembl_cnidaria_evalue_pass=no | blastp_trembl_cnidaria_informative_hit=no | interpro_hit=no | eggnog_hit=no | signalp_result_present=yes | signalp_positive=no | signalp_raw=evm.utg1378.28	OTHER	0.063800	0.936200"	sequence_found_in_external_fasta	evm.utg1378.28	evm.utg1378.28	matched_multiple	protein_id	evm.utg1378.28	evm.utg1378.28	cds.evm.utg1378	utg1378	+	utg1378:166450-166704(+)	utg1378:166450-166704(+)	166450	166704	255	utg1378:166450-166704(+)	166450	166704	255	255	1	exon_features	1	matched_primary_from_multiple_strict	1	candidate_id_equals_transcript_id	64	29	64	4	1	1	2	no	dark_cluster_001336	evm.utg1378.28	1	evm.utg1378.28	1	1	1	no	single_copy_or_no_near_identical_dark_duplicate	7	high_priority	none	repeat_overlap	1	244	0.956863	rnd-4_family-130 40 316:1	no_dmr_overlap	0	0	0.000000	NA	NA	de_significant	evm.TU.utg1378.28	gene_id	5	yes	2	salinity_only_wald|down|logFC=-1.164|padj=0.0445;combined_wald|down|logFC=-2.081|padj=0.005398	0.0053979	2.08136
evm.utg3834.27	101	top_stress_responsive_dark_candidate	high_priority;single_copy_or_no_near_identical_dark_duplicate;DE_significant_any_contrast;stress_contrast_DE;abs_logFC_ge_2;padj_le_0.01;repeat_TE_overlap_context;no_DMR_overlap	all	yes	no	2	2	4.02438	0.0062501	salinity_added_wald|down|logFC=-1.84|padj=0.00625;full_model_LRT|down|logFC=-4.024|padj=0.03914	evm.utg3834.27	evm.TU.utg3834.27	93	1	no										no		no										no		no										no				no	no										no				no	no							no														yes	no	"evm.utg3834.27	OTHER	0.000700	0.999300	"	function_dark_no_current_annotation	function_dark_no_current_annotation	non_classifying_evidence_retained	"diamond_swissprot_hit=no | diamond_swissprot_evalue_pass=no | blastp_swissprot_hit=no | blastp_swissprot_evalue_pass=no | diamond_trembl_cnidaria_hit=no | diamond_trembl_cnidaria_evalue_pass=no | diamond_trembl_cnidaria_informative_hit=no | blastp_trembl_cnidaria_hit=no | blastp_trembl_cnidaria_evalue_pass=no | blastp_trembl_cnidaria_informative_hit=no | interpro_hit=no | eggnog_hit=no | signalp_result_present=yes | signalp_positive=no | signalp_raw=evm.utg3834.27	OTHER	0.000700	0.999300"	sequence_found_in_external_fasta	evm.utg3834.1	evm.utg3834.1	matched_multiple	protein_id	evm.utg3834	evm.utg3834.27	cds.evm.utg3834	utg3834	+	utg3834:343751-345131(+)	utg3834:343751-345131(+)	343751	345131	1381	utg3834:343751-345131(+)	343751	345131	1381	282	4	exon_features	4	matched_primary_from_multiple_strict	1	candidate_id_equals_transcript_id	66	26	66	8	1	1	1	no	dark_cluster_001237	evm.utg3834.27	1	evm.utg3834.27	1	1	1	no	single_copy_or_no_near_identical_dark_duplicate	8	high_priority	none	repeat_overlap	6	1022	0.740043	rnd-4_family-1926 345 3405:1;rnd-1_family-50 12 157:1;rnd-1_family-5 8 182:1;rnd-5_family-7514 65 209:1;rnd-1_family-52 426 538:1;rnd-4_family-1926 3213 3366:1	no_dmr_overlap	0	0	0.000000	NA	NA	de_significant	evm.TU.utg3834.27	gene_id	10	yes	2	salinity_added_wald|down|logFC=-1.84|padj=0.00625;full_model_LRT|down|logFC=-4.024|padj=0.03914	0.0062501	4.02438
evm.utg52295.3	101	top_stress_responsive_dark_candidate	high_priority;single_copy_or_no_near_identical_dark_duplicate;DE_significant_any_contrast;stress_contrast_DE;abs_logFC_ge_2;padj_le_0.01;repeat_TE_overlap_context;no_DMR_overlap	all	yes	no	2	2	3.70325	0.00993406	salinity_added_wald|up|logFC=1.899|padj=0.009934;full_model_LRT|up|logFC=3.703|padj=0.03224	evm.utg52295.3	evm.TU.utg52295.3	284	1	no										no		no										no		yes	tr|A0A6P8HH32|A0A6P8HH32_ACTTE	73.2	284	8.27e-144	408	284	293	1.0000	0.9693	yes	tr|A0A6P8HH32|A0A6P8HH32_ACTTE Uncharacterized protein LOC116292058 OS=Actinia tenebrosa OX=6105 GN=LOC116292058 PE=4 SV=1	yes	uncharacterized protein	no	yes	tr|A0A6P8HH32|A0A6P8HH32_ACTTE	74.296	284	6.39e-149	421	284	293	1.0000	0.9693	yes	tr|A0A6P8HH32|A0A6P8HH32_ACTTE Uncharacterized protein LOC116292058 OS=Actinia tenebrosa OX=6105 GN=LOC116292058 PE=4 SV=1	yes	uncharacterized protein	no	no							no														yes	no	"evm.utg52295.3	OTHER	0.000422	0.999578	"	function_dark_no_current_annotation	function_dark_no_current_annotation	ambiguous_or_low_confidence_evidence;non_classifying_evidence_retained	"diamond_swissprot_hit=no | diamond_swissprot_evalue_pass=no | blastp_swissprot_hit=no | blastp_swissprot_evalue_pass=no | diamond_trembl_cnidaria_hit=yes | diamond_trembl_cnidaria_subject=tr|A0A6P8HH32|A0A6P8HH32_ACTTE | diamond_trembl_cnidaria_pident=73.2 | diamond_trembl_cnidaria_aln_length=284 | diamond_trembl_cnidaria_evalue=8.27e-144 | diamond_trembl_cnidaria_bitscore=408 | diamond_trembl_cnidaria_qlen=284 | diamond_trembl_cnidaria_slen=293 | diamond_trembl_cnidaria_query_coverage=1.0000 | diamond_trembl_cnidaria_subject_coverage=0.9693 | diamond_trembl_cnidaria_evalue_pass=yes | diamond_trembl_cnidaria_description=tr|A0A6P8HH32|A0A6P8HH32_ACTTE Uncharacterized protein LOC116292058 OS=Actinia tenebrosa OX=6105 GN=LOC116292058 PE=4 SV=1 | diamond_trembl_cnidaria_description_is_ambiguous=yes | diamond_trembl_cnidaria_description_ambiguity_reason=uncharacterized protein | diamond_trembl_cnidaria_informative_hit=no | blastp_trembl_cnidaria_hit=yes | blastp_trembl_cnidaria_subject=tr|A0A6P8HH32|A0A6P8HH32_ACTTE | blastp_trembl_cnidaria_pident=74.296 | blastp_trembl_cnidaria_aln_length=284 | blastp_trembl_cnidaria_evalue=6.39e-149 | blastp_trembl_cnidaria_bitscore=421 | blastp_trembl_cnidaria_qlen=284 | blastp_trembl_cnidaria_slen=293 | blastp_trembl_cnidaria_query_coverage=1.0000 | blastp_trembl_cnidaria_subject_coverage=0.9693 | blastp_trembl_cnidaria_evalue_pass=yes | blastp_trembl_cnidaria_description=tr|A0A6P8HH32|A0A6P8HH32_ACTTE Uncharacterized protein LOC116292058 OS=Actinia tenebrosa OX=6105 GN=LOC116292058 PE=4 SV=1 | blastp_trembl_cnidaria_description_is_ambiguous=yes | blastp_trembl_cnidaria_description_ambiguity_reason=uncharacterized protein | blastp_trembl_cnidaria_informative_hit=no | interpro_hit=no | eggnog_hit=no | signalp_result_present=yes | signalp_positive=no | signalp_raw=evm.utg52295.3	OTHER	0.000422	0.999578"	sequence_found_in_external_fasta	evm.utg52295.1	evm.utg52295.1	matched_multiple	protein_id	evm.utg52295.3	evm.utg52295.3	cds.evm.utg52295	utg52295	+	utg52295:25545-26399(+)	utg52295:25545-26399(+)	25545	26399	855	utg52295:25545-26399(+)	25545	26399	855	855	1	exon_features	1	matched_primary_from_multiple_strict	1	candidate_id_equals_transcript_id	6	3	6	1	1	0	0	no	dark_cluster_001045	evm.utg52295.3	1	evm.utg52295.3	1	1	1	no	single_copy_or_no_near_identical_dark_duplicate	7	high_priority	none	repeat_overlap	1	855	1.000000	rnd-6_family-7474 5 2299:1	no_dmr_overlap	0	0	0.000000	NA	NA	de_significant	evm.TU.utg52295.3	gene_id	8	yes	2	salinity_added_wald|up|logFC=1.899|padj=0.009934;full_model_LRT|up|logFC=3.703|padj=0.03224	0.00993406	3.70325
evm.utg41344.7	101	top_stress_responsive_dark_candidate	high_priority;single_copy_or_no_near_identical_dark_duplicate;DE_significant_any_contrast;stress_contrast_DE;abs_logFC_ge_2;no_repeat_TE_overlap;no_DMR_overlap	all	yes	no	1	1	3.32489	0.0163241	full_model_LRT|up|logFC=3.325|padj=0.01632	evm.utg41344.7	evm.TU.utg41344.7	149	1	no										no		no										no		yes	tr|A0A6P8I0B2|A0A6P8I0B2_ACTTE	100	94	4.04e-64	197	149	201	0.6309	0.4677	yes	tr|A0A6P8I0B2|A0A6P8I0B2_ACTTE Uncharacterized protein LOC116294785 OS=Actinia tenebrosa OX=6105 GN=LOC116294785 PE=4 SV=1	yes	uncharacterized protein	no	yes	tr|A0A6P8I0B2|A0A6P8I0B2_ACTTE	95.960	99	6.25e-64	197	149	201	0.6644	0.4925	yes	tr|A0A6P8I0B2|A0A6P8I0B2_ACTTE Uncharacterized protein LOC116294785 OS=Actinia tenebrosa OX=6105 GN=LOC116294785 PE=4 SV=1	yes	uncharacterized protein	no	no							no														yes	no	"evm.utg41344.7	OTHER	0.005235	0.994765	"	function_dark_no_current_annotation	function_dark_no_current_annotation	ambiguous_or_low_confidence_evidence;non_classifying_evidence_retained	"diamond_swissprot_hit=no | diamond_swissprot_evalue_pass=no | blastp_swissprot_hit=no | blastp_swissprot_evalue_pass=no | diamond_trembl_cnidaria_hit=yes | diamond_trembl_cnidaria_subject=tr|A0A6P8I0B2|A0A6P8I0B2_ACTTE | diamond_trembl_cnidaria_pident=100 | diamond_trembl_cnidaria_aln_length=94 | diamond_trembl_cnidaria_evalue=4.04e-64 | diamond_trembl_cnidaria_bitscore=197 | diamond_trembl_cnidaria_qlen=149 | diamond_trembl_cnidaria_slen=201 | diamond_trembl_cnidaria_query_coverage=0.6309 | diamond_trembl_cnidaria_subject_coverage=0.4677 | diamond_trembl_cnidaria_evalue_pass=yes | diamond_trembl_cnidaria_description=tr|A0A6P8I0B2|A0A6P8I0B2_ACTTE Uncharacterized protein LOC116294785 OS=Actinia tenebrosa OX=6105 GN=LOC116294785 PE=4 SV=1 | diamond_trembl_cnidaria_description_is_ambiguous=yes | diamond_trembl_cnidaria_description_ambiguity_reason=uncharacterized protein | diamond_trembl_cnidaria_informative_hit=no | blastp_trembl_cnidaria_hit=yes | blastp_trembl_cnidaria_subject=tr|A0A6P8I0B2|A0A6P8I0B2_ACTTE | blastp_trembl_cnidaria_pident=95.960 | blastp_trembl_cnidaria_aln_length=99 | blastp_trembl_cnidaria_evalue=6.25e-64 | blastp_trembl_cnidaria_bitscore=197 | blastp_trembl_cnidaria_qlen=149 | blastp_trembl_cnidaria_slen=201 | blastp_trembl_cnidaria_query_coverage=0.6644 | blastp_trembl_cnidaria_subject_coverage=0.4925 | blastp_trembl_cnidaria_evalue_pass=yes | blastp_trembl_cnidaria_description=tr|A0A6P8I0B2|A0A6P8I0B2_ACTTE Uncharacterized protein LOC116294785 OS=Actinia tenebrosa OX=6105 GN=LOC116294785 PE=4 SV=1 | blastp_trembl_cnidaria_description_is_ambiguous=yes | blastp_trembl_cnidaria_description_ambiguity_reason=uncharacterized protein | blastp_trembl_cnidaria_informative_hit=no | interpro_hit=no | eggnog_hit=no | signalp_result_present=yes | signalp_positive=no | signalp_raw=evm.utg41344.7	OTHER	0.005235	0.994765"	sequence_found_in_external_fasta	evm.utg41344.1	evm.utg41344.1	matched_multiple	protein_id	evm.utg41344.7	evm.utg41344.7	cds.evm.utg41344	utg41344	-	utg41344:29464-29913(-)	utg41344:29464-29913(-)	29464	29913	450	utg41344:29464-29913(-)	29464	29913	450	450	1	exon_features	1	matched_primary_from_multiple_strict	1	candidate_id_equals_transcript_id	34	17	34	1	1	0	0	no	dark_cluster_000303	evm.utg41344.7	1	evm.utg41344.7	1	1	1	no	single_copy_or_no_near_identical_dark_duplicate	7	high_priority	none	no_repeat_overlap	0	0	0.000000	NA	no_dmr_overlap	0	0	0.000000	NA	NA	de_significant	evm.TU.utg41344.7	gene_id	10	yes	1	full_model_LRT|up|logFC=3.325|padj=0.01632	0.0163241	3.32489
evm.utg625.123	101	top_stress_responsive_dark_candidate	high_priority;possible_biological_gene_family_expansion;DE_significant_any_contrast;stress_contrast_DE;diesel_added_DE;repeat_TE_overlap_context;no_DMR_overlap	all	yes	yes	3	3	1.46085	0.0249205	diesel_added_wald|down|logFC=-1.052|padj=0.02492;combined_wald|down|logFC=-1.19|padj=0.02639;full_model_LRT|down|logFC=-1.461|padj=0.03872	evm.utg625.123	evm.TU.utg625.123	410	1	no										no		no										no		yes	tr|A0A913Y3L5|A0A913Y3L5_EXADI	41.5	453	1.14e-99	311	410	604	1.1049	0.7500	yes	tr|A0A913Y3L5|A0A913Y3L5_EXADI Uncharacterized protein OS=Exaiptasia diaphana OX=2652724 PE=4 SV=1	yes	uncharacterized protein	no	yes	tr|A0A913Y3L5|A0A913Y3L5_EXADI	41.501	453	2.11e-99	311	410	604	1.1049	0.7500	yes	tr|A0A913Y3L5|A0A913Y3L5_EXADI Uncharacterized protein OS=Exaiptasia diaphana OX=2652724 PE=4 SV=1	yes	uncharacterized protein	no	no							no														yes	no	"evm.utg625.123	OTHER	0.000340	0.999660	"	function_dark_no_current_annotation	function_dark_no_current_annotation	ambiguous_or_low_confidence_evidence;non_classifying_evidence_retained	"diamond_swissprot_hit=no | diamond_swissprot_evalue_pass=no | blastp_swissprot_hit=no | blastp_swissprot_evalue_pass=no | diamond_trembl_cnidaria_hit=yes | diamond_trembl_cnidaria_subject=tr|A0A913Y3L5|A0A913Y3L5_EXADI | diamond_trembl_cnidaria_pident=41.5 | diamond_trembl_cnidaria_aln_length=453 | diamond_trembl_cnidaria_evalue=1.14e-99 | diamond_trembl_cnidaria_bitscore=311 | diamond_trembl_cnidaria_qlen=410 | diamond_trembl_cnidaria_slen=604 | diamond_trembl_cnidaria_query_coverage=1.1049 | diamond_trembl_cnidaria_subject_coverage=0.7500 | diamond_trembl_cnidaria_evalue_pass=yes | diamond_trembl_cnidaria_description=tr|A0A913Y3L5|A0A913Y3L5_EXADI Uncharacterized protein OS=Exaiptasia diaphana OX=2652724 PE=4 SV=1 | diamond_trembl_cnidaria_description_is_ambiguous=yes | diamond_trembl_cnidaria_description_ambiguity_reason=uncharacterized protein | diamond_trembl_cnidaria_informative_hit=no | blastp_trembl_cnidaria_hit=yes | blastp_trembl_cnidaria_subject=tr|A0A913Y3L5|A0A913Y3L5_EXADI | blastp_trembl_cnidaria_pident=41.501 | blastp_trembl_cnidaria_aln_length=453 | blastp_trembl_cnidaria_evalue=2.11e-99 | blastp_trembl_cnidaria_bitscore=311 | blastp_trembl_cnidaria_qlen=410 | blastp_trembl_cnidaria_slen=604 | blastp_trembl_cnidaria_query_coverage=1.1049 | blastp_trembl_cnidaria_subject_coverage=0.7500 | blastp_trembl_cnidaria_evalue_pass=yes | blastp_trembl_cnidaria_description=tr|A0A913Y3L5|A0A913Y3L5_EXADI Uncharacterized protein OS=Exaiptasia diaphana OX=2652724 PE=4 SV=1 | blastp_trembl_cnidaria_description_is_ambiguous=yes | blastp_trembl_cnidaria_description_ambiguity_reason=uncharacterized protein | blastp_trembl_cnidaria_informative_hit=no | interpro_hit=no | eggnog_hit=no | signalp_result_present=yes | signalp_positive=no | signalp_raw=evm.utg625.123	OTHER	0.000340	0.999660"	sequence_found_in_external_fasta	evm.utg625.1	evm.utg625.1	matched_multiple	protein_id	evm.utg625	evm.utg625.123	cds.evm.utg625	utg625	+	utg625:1058775-1062005(+)	utg625:1058775-1062005(+)	1058775	1062005	3231	utg625:1058775-1062005(+)	1058775	1062005	3231	1233	7	exon_features	7	matched_primary_from_multiple_strict	1	candidate_id_equals_transcript_id	315	124	315	35	1	1	1	no	dark_cluster_001852	evm.utg625.1	9	evm.utg625.1;evm.utg625.123;evm.utg625.124;evm.utg625.27;evm.utg625.45;evm.utg625.6;evm.utg625.64;evm.utg625.67;evm.utg625.93	9	1	9	no	possible_biological_gene_family_expansion	5	high_priority	large_near_identical_dark_cluster;possible_biological_gene_family_expansion	repeat_overlap	1	379	0.117301	rnd-6_family-7274 1889 2263:1	no_dmr_overlap	0	0	0.000000	NA	NA	de_significant	evm.TU.utg625.123	gene_id	10	yes	3	diesel_added_wald|down|logFC=-1.052|padj=0.02492;combined_wald|down|logFC=-1.19|padj=0.02639;full_model_LRT|down|logFC=-1.461|padj=0.03872	0.0249205	1.46085
evm.utg30548.1	101	top_stress_responsive_dark_candidate	high_priority;single_copy_or_no_near_identical_dark_duplicate;DE_significant_any_contrast;stress_contrast_DE;abs_logFC_ge_2;no_repeat_TE_overlap;no_DMR_overlap	all	yes	no	1	1	2.30177	0.0350037	salinity_only_LRT|up|logFC=2.302|padj=0.035	evm.utg30548.1	evm.TU.utg30548.1	499	1	no										no		no										no		no										no				no	yes	tr|A0A7D9I041|A0A7D9I041_PARCT	33.504	391	3.53e-21	99.0	499	410	0.7836	0.9537	yes	tr|A0A7D9I041|A0A7D9I041_PARCT Uncharacterized protein OS=Paramuricea clavata OX=317549 GN=PACLA_8A024106 PE=4 SV=1	yes	uncharacterized protein	no	no							no														yes	no	"evm.utg30548.1	OTHER	0.000440	0.999560	"	function_dark_no_current_annotation	function_dark_no_current_annotation	ambiguous_or_low_confidence_evidence;non_classifying_evidence_retained	"diamond_swissprot_hit=no | diamond_swissprot_evalue_pass=no | blastp_swissprot_hit=no | blastp_swissprot_evalue_pass=no | diamond_trembl_cnidaria_hit=no | diamond_trembl_cnidaria_evalue_pass=no | diamond_trembl_cnidaria_informative_hit=no | blastp_trembl_cnidaria_hit=yes | blastp_trembl_cnidaria_subject=tr|A0A7D9I041|A0A7D9I041_PARCT | blastp_trembl_cnidaria_pident=33.504 | blastp_trembl_cnidaria_aln_length=391 | blastp_trembl_cnidaria_evalue=3.53e-21 | blastp_trembl_cnidaria_bitscore=99.0 | blastp_trembl_cnidaria_qlen=499 | blastp_trembl_cnidaria_slen=410 | blastp_trembl_cnidaria_query_coverage=0.7836 | blastp_trembl_cnidaria_subject_coverage=0.9537 | blastp_trembl_cnidaria_evalue_pass=yes | blastp_trembl_cnidaria_description=tr|A0A7D9I041|A0A7D9I041_PARCT Uncharacterized protein OS=Paramuricea clavata OX=317549 GN=PACLA_8A024106 PE=4 SV=1 | blastp_trembl_cnidaria_description_is_ambiguous=yes | blastp_trembl_cnidaria_description_ambiguity_reason=uncharacterized protein | blastp_trembl_cnidaria_informative_hit=no | interpro_hit=no | eggnog_hit=no | signalp_result_present=yes | signalp_positive=no | signalp_raw=evm.utg30548.1	OTHER	0.000440	0.999560"	sequence_found_in_external_fasta	evm.utg30548.1	evm.utg30548.1	matched_multiple	protein_id	evm.utg30548	evm.utg30548.1	cds.evm.utg30548	utg30548	-	utg30548:12899-15526(-)	utg30548:12899-15526(-)	12899	15526	2628	utg30548:12899-15526(-)	12899	15526	2628	1500	2	exon_features	2	matched_primary_from_multiple_strict	1	candidate_id_equals_transcript_id	32	16	32	1	1	0	0	no	dark_cluster_002893	evm.utg30548.1	1	evm.utg30548.1	1	1	1	no	single_copy_or_no_near_identical_dark_duplicate	8	high_priority	none	no_repeat_overlap	0	0	0.000000	NA	no_dmr_overlap	0	0	0.000000	NA	NA	de_significant	evm.TU.utg30548.1	gene_id	5	yes	1	salinity_only_LRT|up|logFC=2.302|padj=0.035	0.020369	2.30177
evm.utg1290.21	100	top_stress_responsive_dark_candidate	high_priority;possible_biological_gene_family_expansion;DE_significant_any_contrast;stress_contrast_DE;abs_logFC_ge_2;padj_le_0.001;repeat_TE_overlap_context;no_DMR_overlap	all	yes	no	4	4	2.62429	9.99804e-09	salinity_only_wald|up|logFC=2.38|padj=9.998e-09;salinity_only_LRT|up|logFC=2.624|padj=5.85e-08;combined_wald|up|logFC=1.496|padj=0.0003554;salinity_added_wald|up|logFC=1.375|padj=0.001022	evm.utg1290.21	evm.TU.utg1290.21	158	1	no										no		no										no		yes	tr|A0AAD9QCH4|A0AAD9QCH4_ACRCE	45.7	92	3.30e-13	69.3	158	633	0.5823	0.1453	yes	tr|A0AAD9QCH4|A0AAD9QCH4_ACRCE Uncharacterized protein OS=Acropora cervicornis OX=6130 GN=P5673_018894 PE=4 SV=1	yes	uncharacterized protein	no	yes	tr|A0AAD9QCH4|A0AAD9QCH4_ACRCE	45.652	92	2.66e-15	75.5	158	633	0.5823	0.1453	yes	tr|A0AAD9QCH4|A0AAD9QCH4_ACRCE Uncharacterized protein OS=Acropora cervicornis OX=6130 GN=P5673_018894 PE=4 SV=1	yes	uncharacterized protein	no	no							no														yes	no	"evm.utg1290.21	OTHER	0.000413	0.999587	"	function_dark_no_current_annotation	function_dark_no_current_annotation	ambiguous_or_low_confidence_evidence;non_classifying_evidence_retained	"diamond_swissprot_hit=no | diamond_swissprot_evalue_pass=no | blastp_swissprot_hit=no | blastp_swissprot_evalue_pass=no | diamond_trembl_cnidaria_hit=yes | diamond_trembl_cnidaria_subject=tr|A0AAD9QCH4|A0AAD9QCH4_ACRCE | diamond_trembl_cnidaria_pident=45.7 | diamond_trembl_cnidaria_aln_length=92 | diamond_trembl_cnidaria_evalue=3.30e-13 | diamond_trembl_cnidaria_bitscore=69.3 | diamond_trembl_cnidaria_qlen=158 | diamond_trembl_cnidaria_slen=633 | diamond_trembl_cnidaria_query_coverage=0.5823 | diamond_trembl_cnidaria_subject_coverage=0.1453 | diamond_trembl_cnidaria_evalue_pass=yes | diamond_trembl_cnidaria_description=tr|A0AAD9QCH4|A0AAD9QCH4_ACRCE Uncharacterized protein OS=Acropora cervicornis OX=6130 GN=P5673_018894 PE=4 SV=1 | diamond_trembl_cnidaria_description_is_ambiguous=yes | diamond_trembl_cnidaria_description_ambiguity_reason=uncharacterized protein | diamond_trembl_cnidaria_informative_hit=no | blastp_trembl_cnidaria_hit=yes | blastp_trembl_cnidaria_subject=tr|A0AAD9QCH4|A0AAD9QCH4_ACRCE | blastp_trembl_cnidaria_pident=45.652 | blastp_trembl_cnidaria_aln_length=92 | blastp_trembl_cnidaria_evalue=2.66e-15 | blastp_trembl_cnidaria_bitscore=75.5 | blastp_trembl_cnidaria_qlen=158 | blastp_trembl_cnidaria_slen=633 | blastp_trembl_cnidaria_query_coverage=0.5823 | blastp_trembl_cnidaria_subject_coverage=0.1453 | blastp_trembl_cnidaria_evalue_pass=yes | blastp_trembl_cnidaria_description=tr|A0AAD9QCH4|A0AAD9QCH4_ACRCE Uncharacterized protein OS=Acropora cervicornis OX=6130 GN=P5673_018894 PE=4 SV=1 | blastp_trembl_cnidaria_description_is_ambiguous=yes | blastp_trembl_cnidaria_description_ambiguity_reason=uncharacterized protein | blastp_trembl_cnidaria_informative_hit=no | interpro_hit=no | eggnog_hit=no | signalp_result_present=yes | signalp_positive=no | signalp_raw=evm.utg1290.21	OTHER	0.000413	0.999587"	sequence_found_in_external_fasta	evm.utg1290.1	evm.utg1290.1	matched_multiple	protein_id	evm.utg1290.21	evm.utg1290.21	cds.evm.utg1290	utg1290	-	utg1290:274094-274907(-)	utg1290:274094-274907(-)	274094	274907	814	utg1290:274094-274907(-)	274094	274907	814	477	3	exon_features	3	matched_primary_from_multiple_strict	1	candidate_id_equals_transcript_id	156	60	156	21	1	0	0	no	dark_cluster_000678	evm.utg1290.1	2	evm.utg1290.1;evm.utg1290.21	2	1	2	no	possible_biological_gene_family_expansion	7	high_priority	near_identical_dark_cluster;possible_biological_gene_family_expansion	repeat_overlap	1	253	0.310811	rnd-6_family-898 1 2192:1	no_dmr_overlap	0	0	0.000000	NA	NA	de_significant	evm.TU.utg1290.21	gene_id	10	yes	4	salinity_only_wald|up|logFC=2.38|padj=9.998e-09;salinity_added_wald|up|logFC=1.375|padj=0.001022;combined_wald|up|logFC=1.496|padj=0.0003554;salinity_only_LRT|up|logFC=2.624|padj=5.85e-08	3.89948e-11	2.62429
evm.utg2757.26	100	top_stress_responsive_dark_candidate	medium_priority;single_copy_or_no_near_identical_dark_duplicate;DE_significant_any_contrast;stress_contrast_DE;abs_logFC_ge_2;padj_le_0.001;no_repeat_TE_overlap;no_DMR_overlap	all	yes	no	5	5	4.64884	1.03395e-08	full_model_LRT|up|logFC=1.183|padj=1.034e-08;combined_wald|up|logFC=4.649|padj=2.505e-08;salinity_added_wald|up|logFC=3.282|padj=1.815e-05;salinity_only_LRT|up|logFC=2.925|padj=0.001173;salinity_only_wald|up|logFC=1.812|padj=0.004308	evm.utg2757.26	evm.TU.utg2757.26	133	1	no										no		no										no		yes	tr|A0A6P8H063|A0A6P8H063_ACTTE	60.3	68	7.43e-13	67.0	133	339	0.5113	0.2006	yes	tr|A0A6P8H063|A0A6P8H063_ACTTE Uncharacterized protein LOC116287284 OS=Actinia tenebrosa OX=6105 GN=LOC116287284 PE=4 SV=1	yes	uncharacterized protein	no	yes	tr|A0A6P8H063|A0A6P8H063_ACTTE	59.420	69	7.65e-14	69.7	133	339	0.5188	0.2035	yes	tr|A0A6P8H063|A0A6P8H063_ACTTE Uncharacterized protein LOC116287284 OS=Actinia tenebrosa OX=6105 GN=LOC116287284 PE=4 SV=1	yes	uncharacterized protein	no	no							no														yes	no	"evm.utg2757.26	OTHER	0.000805	0.999195	"	function_dark_no_current_annotation	function_dark_no_current_annotation	ambiguous_or_low_confidence_evidence;non_classifying_evidence_retained	"diamond_swissprot_hit=no | diamond_swissprot_evalue_pass=no | blastp_swissprot_hit=no | blastp_swissprot_evalue_pass=no | diamond_trembl_cnidaria_hit=yes | diamond_trembl_cnidaria_subject=tr|A0A6P8H063|A0A6P8H063_ACTTE | diamond_trembl_cnidaria_pident=60.3 | diamond_trembl_cnidaria_aln_length=68 | diamond_trembl_cnidaria_evalue=7.43e-13 | diamond_trembl_cnidaria_bitscore=67.0 | diamond_trembl_cnidaria_qlen=133 | diamond_trembl_cnidaria_slen=339 | diamond_trembl_cnidaria_query_coverage=0.5113 | diamond_trembl_cnidaria_subject_coverage=0.2006 | diamond_trembl_cnidaria_evalue_pass=yes | diamond_trembl_cnidaria_description=tr|A0A6P8H063|A0A6P8H063_ACTTE Uncharacterized protein LOC116287284 OS=Actinia tenebrosa OX=6105 GN=LOC116287284 PE=4 SV=1 | diamond_trembl_cnidaria_description_is_ambiguous=yes | diamond_trembl_cnidaria_description_ambiguity_reason=uncharacterized protein | diamond_trembl_cnidaria_informative_hit=no | blastp_trembl_cnidaria_hit=yes | blastp_trembl_cnidaria_subject=tr|A0A6P8H063|A0A6P8H063_ACTTE | blastp_trembl_cnidaria_pident=59.420 | blastp_trembl_cnidaria_aln_length=69 | blastp_trembl_cnidaria_evalue=7.65e-14 | blastp_trembl_cnidaria_bitscore=69.7 | blastp_trembl_cnidaria_qlen=133 | blastp_trembl_cnidaria_slen=339 | blastp_trembl_cnidaria_query_coverage=0.5188 | blastp_trembl_cnidaria_subject_coverage=0.2035 | blastp_trembl_cnidaria_evalue_pass=yes | blastp_trembl_cnidaria_description=tr|A0A6P8H063|A0A6P8H063_ACTTE Uncharacterized protein LOC116287284 OS=Actinia tenebrosa OX=6105 GN=LOC116287284 PE=4 SV=1 | blastp_trembl_cnidaria_description_is_ambiguous=yes | blastp_trembl_cnidaria_description_ambiguity_reason=uncharacterized protein | blastp_trembl_cnidaria_informative_hit=no | interpro_hit=no | eggnog_hit=no | signalp_result_present=yes | signalp_positive=no | signalp_raw=evm.utg2757.26	OTHER	0.000805	0.999195"	sequence_found_in_external_fasta	evm.utg2757.26	evm.utg2757.26	matched_multiple	protein_id	evm.utg2757	evm.utg2757.26	cds.evm.utg2757	utg2757	-	utg2757:205453-205854(-)	utg2757:205453-205854(-)	205453	205854	402	utg2757:205453-205854(-)	205453	205854	402	402	1	exon_features	1	matched_primary_from_multiple_strict	1	candidate_id_equals_transcript_id	174	81	174	7	1	3	5	yes	dark_cluster_002892	evm.utg2757.26	1	evm.utg2757.26	1	1	1	yes	single_copy_or_no_near_identical_dark_duplicate	4	medium_priority	candidate_on_BUSCO_duplication_rich_scaffold	no_repeat_overlap	0	0	0.000000	NA	no_dmr_overlap	0	0	0.000000	NA	NA	de_significant	evm.TU.utg2757.26	gene_id	10	yes	5	salinity_only_wald|up|logFC=1.812|padj=0.004308;salinity_added_wald|up|logFC=3.282|padj=1.815e-05;combined_wald|up|logFC=4.649|padj=2.505e-08;salinity_only_LRT|up|logFC=2.925|padj=0.001173;full_model_LRT|up|logFC=1.183|padj=1.034e-08	1.03395e-08	4.64884
