candidate_id	matched_de_id	matched_candidate_column	contrast	direction	logfc	padj
utg1002.equina_smart_331322.mrna1	utg1002.equina_smart_331322.path1	gene_id	salinity_added_wald	down	-1.41807751824881	0.0048180676969568
utg1002.equina_smart_331322.mrna1	utg1002.equina_smart_331322.path1	gene_id	full_model_LRT	down	-1.28613156939542	0.0073980979742047
evm.utg1002.23	evm.TU.utg1002.23	gene_id	diesel_added_wald	down	-1.97809768482212	0.000821824998817787
evm.utg1002.23	evm.TU.utg1002.23	gene_id	salinity_added_wald	down	-1.05134723010474	0.0337496977425363
evm.utg1002.23	evm.TU.utg1002.23	gene_id	combined_wald	down	-1.91814078402721	0.000183818916065456
evm.utg1002.23	evm.TU.utg1002.23	gene_id	full_model_LRT	down	-1.59141463599913	0.000507952369256071
evm.utg10041.8	evm.TU.utg10041.8	gene_id	salinity_only_LRT	up	3.28327398416136	0.0160606302467301
evm.utg10114.3	evm.TU.utg10114.3	gene_id	salinity_added_wald	down	-1.40470619817611	0.026143154540508
utg10359.equina_smart_1079239.mrna1	utg10359.equina_smart_1079239.path1	gene_id	salinity_only_wald	up	1.30512395798817	0.0126970782603768
utg10359.equina_smart_1079239.mrna1	utg10359.equina_smart_1079239.path1	gene_id	salinity_added_wald	up	1.05849479797814	0.0490603761419661
utg10359.equina_smart_1079239.mrna1	utg10359.equina_smart_1079239.path1	gene_id	combined_wald	up	1.40198650260544	0.0103404524826305
utg10359.equina_smart_1079239.mrna1	utg10359.equina_smart_1079239.path1	gene_id	salinity_only_LRT	up	1.97996194172834	0.0100032409999151
evm.utg10359.30	evm.TU.utg10359.30	gene_id	salinity_only_wald	down	-6.10661272213557	2.48841587822332e-09
evm.utg10359.30	evm.TU.utg10359.30	gene_id	salinity_added_wald	down	-3.40205783922989	0.000117534356128105
evm.utg10359.30	evm.TU.utg10359.30	gene_id	combined_wald	down	-2.59800775802783	0.000840555717722335
evm.utg10359.30	evm.TU.utg10359.30	gene_id	salinity_only_LRT	down	-6.89078450297077	1.17522181739574e-08
evm.utg10359.30	evm.TU.utg10359.30	gene_id	full_model_LRT	up	2.18519958691874	3.08169180083105e-08
evm.utg10359.31	evm.TU.utg10359.31	gene_id	salinity_only_wald	down	-5.20717762062255	1.05062778516905e-05
evm.utg10359.31	evm.TU.utg10359.31	gene_id	salinity_added_wald	down	-1.74777976744883	0.0137582269241935
evm.utg10359.31	evm.TU.utg10359.31	gene_id	combined_wald	down	-1.80550000557623	0.0102775130999782
evm.utg10359.31	evm.TU.utg10359.31	gene_id	salinity_only_LRT	down	-6.70365804741116	5.902094823761e-05
evm.utg10359.31	evm.TU.utg10359.31	gene_id	full_model_LRT	up	2.52933589142953	0.000292447058382765
utg10530.equina_smart_1626273.mrna1	utg10530.equina_smart_1626273.path1	gene_id	diesel_added_wald	down	-2.29514746447032	0.00012549215741747
utg10530.equina_smart_1626273.mrna1	utg10530.equina_smart_1626273.path1	gene_id	salinity_only_LRT	up	1.39506344703	0.0114275864097034
utg10530.equina_smart_1626273.mrna1	utg10530.equina_smart_1626273.path1	gene_id	full_model_LRT	down	-2.19816627012202	1.54256075148112e-05
evm.utg10628.6	evm.TU.utg10628.6	gene_id	salinity_added_wald	up	1.44717595731745	0.000651773152222413
evm.utg10628.6	evm.TU.utg10628.6	gene_id	combined_wald	up	1.13631942440447	0.00718442980987396
evm.utg10628.6	evm.TU.utg10628.6	gene_id	full_model_LRT	up	1.08761415059032	0.000941616411915927
utg107.equina_smart_1053285.mrna1	utg107.equina_smart_1053285.path1	gene_id	salinity_only_wald	up	2.77014084590447	3.39165775067346e-06
utg107.equina_smart_1053285.mrna1	utg107.equina_smart_1053285.path1	gene_id	salinity_added_wald	up	3.66346711966135	4.57277120198494e-08
utg107.equina_smart_1053285.mrna1	utg107.equina_smart_1053285.path1	gene_id	combined_wald	up	2.8884567307513	2.75034548960655e-06
utg107.equina_smart_1053285.mrna1	utg107.equina_smart_1053285.path1	gene_id	salinity_only_LRT	up	3.35865288221159	0.000120925113970949
evm.utg1079.74	evm.TU.utg1079.74	gene_id	full_model_LRT	down	-1.50139112162776	0.0339490820927998
utg109.equina_smart_1630186.mrna12	utg109.equina_smart_1630186.path12	gene_id	salinity_only_wald	up	1.89235833954744	0.00750718027372662
utg109.equina_smart_1630186.mrna12	utg109.equina_smart_1630186.path12	gene_id	salinity_added_wald	up	1.64292011549608	0.017529984018155
utg109.equina_smart_1630186.mrna12	utg109.equina_smart_1630186.path12	gene_id	combined_wald	up	2.72405160581287	0.0015987406678464
evm.utg1101.59	evm.TU.utg1101.59	gene_id	salinity_only_wald	up	1.63145778805756	0.0051826122193958
evm.utg1101.59	evm.TU.utg1101.59	gene_id	salinity_only_LRT	up	2.50110419039966	0.0071500355461634
evm.utg1101.59	evm.TU.utg1101.59	gene_id	full_model_LRT	down	-1.78688359187695	0.00103372275150562
evm.utg11411.24	evm.TU.utg11411.24	gene_id	salinity_added_wald	up	1.26716799771489	0.00208290743486988
evm.utg115298.1	evm.TU.utg115298.1	gene_id	salinity_only_wald	down	-1.47676368671643	0.00637116998576411
evm.utg115298.1	evm.TU.utg115298.1	gene_id	salinity_added_wald	down	-1.14830229188965	0.0357707775155908
evm.utg115298.1	evm.TU.utg115298.1	gene_id	combined_wald	down	-1.95007064354921	0.000848845647597801
evm.utg115298.1	evm.TU.utg115298.1	gene_id	salinity_only_LRT	down	-2.20279372218306	0.0355970870316393
evm.utg11599.1	evm.TU.utg11599.1	gene_id	salinity_added_wald	down	-1.50553643977571	0.0233979333866993
evm.utg11905.1	evm.TU.utg11905.1	gene_id	salinity_added_wald	up	1.3359833271718	0.000989500866942615
utg1230.equina_smart_1141811.mrna1	utg1230.equina_smart_1141811.path1	gene_id	salinity_added_wald	down	-1.15916762649552	0.000425973958017667
evm.utg12341.2	evm.TU.utg12341.2	gene_id	diesel_added_wald	down	-1.01867159657032	0.0255611821574112
evm.utg12341.2	evm.TU.utg12341.2	gene_id	full_model_LRT	down	-1.14432595809066	0.00455556837948449
evm.utg125.74	evm.TU.utg125.74	gene_id	salinity_added_wald	down	-1.08841460769744	0.0418311682938453
evm.utg125.74	evm.TU.utg125.74	gene_id	combined_wald	down	-2.15135310086752	0.000185063109973248
evm.utg126.170	evm.TU.utg126.170	gene_id	salinity_only_wald	down	-2.2723779735183	0.000421106972054205
evm.utg126.170	evm.TU.utg126.170	gene_id	salinity_added_wald	down	-1.47548814760389	0.0136327388427981
evm.utg126.170	evm.TU.utg126.170	gene_id	combined_wald	down	-2.09387217614698	0.00109117295415069
evm.utg126.170	evm.TU.utg126.170	gene_id	salinity_only_LRT	down	-3.15397197137404	0.00333555512343972
utg126.equina_smart_17200.mrna11	utg126.equina_smart_17200.path11	gene_id	salinity_only_wald	up	1.37481096933475	0.00100216089895783
utg126.equina_smart_17200.mrna11	utg126.equina_smart_17200.path11	gene_id	salinity_added_wald	up	1.36767901021602	0.00174228506164539
utg126.equina_smart_17200.mrna11	utg126.equina_smart_17200.path11	gene_id	combined_wald	up	1.16827300657327	0.00712909615054829
utg126.equina_smart_17200.mrna11	utg126.equina_smart_17200.path11	gene_id	salinity_only_LRT	up	1.7095934527412	0.00416040224771188
evm.utg126.171	evm.TU.utg126.171	gene_id	salinity_only_wald	up	2.21894608570559	8.46731848818274e-07
evm.utg126.171	evm.TU.utg126.171	gene_id	salinity_added_wald	up	1.78447438087608	0.000131691952657757
evm.utg126.171	evm.TU.utg126.171	gene_id	combined_wald	up	1.14821699184857	0.0104562435794547
evm.utg126.171	evm.TU.utg126.171	gene_id	salinity_only_LRT	up	2.52475595496154	3.89278674875564e-06
utg126.equina_smart_1481573.mrna2	utg126.equina_smart_1481573.path2	gene_id	salinity_only_wald	up	1.15912127998618	0.0211690785450416
utg126.equina_smart_1481573.mrna2	utg126.equina_smart_1481573.path2	gene_id	salinity_added_wald	up	1.51113270590413	0.00520962132334667
utg126.equina_smart_1481573.mrna2	utg126.equina_smart_1481573.path2	gene_id	combined_wald	up	1.65898697765637	0.00239347535334811
utg126.equina_smart_1481573.mrna2	utg126.equina_smart_1481573.path2	gene_id	salinity_only_LRT	up	1.7887833451515	0.0183929099942808
evm.utg12655.25	evm.TU.utg12655.25	gene_id	salinity_added_wald	down	-1.71811017388011	0.00010857809396927
evm.utg12655.25	evm.TU.utg12655.25	gene_id	combined_wald	down	-1.58864254013668	0.000311463616786449
evm.utg12655.25	evm.TU.utg12655.25	gene_id	full_model_LRT	down	-1.657429046476	0.000661764350331193
evm.utg1270.21	evm.TU.utg1270.21	gene_id	salinity_only_wald	down	-1.61129015719578	0.00289918442831149
evm.utg1270.21	evm.TU.utg1270.21	gene_id	salinity_only_LRT	down	-2.29277724291435	0.0156906363546163
evm.utg1270.21	evm.TU.utg1270.21	gene_id	full_model_LRT	up	1.23453742481694	0.00251870394313952
utg1272.equina_smart_1324832.mrna1	utg1272.equina_smart_1324832.path1	gene_id	salinity_added_wald	down	-1.88600577316125	0.0101781321466836
utg1272.equina_smart_1324832.mrna1	utg1272.equina_smart_1324832.path1	gene_id	combined_wald	down	-2.15516206459682	0.00482908277633649
evm.utg1272.9	evm.TU.utg1272.9	gene_id	salinity_only_LRT	up	1.26292966826074	0.0178095639747041
evm.utg12875.17	evm.TU.utg12875.17	gene_id	salinity_only_wald	up	1.29400989652472	0.0254103156659482
evm.utg12875.17	evm.TU.utg12875.17	gene_id	salinity_only_LRT	up	2.43562030556426	0.0326829580499312
utg129.equina_smart_1766710.mrna10	utg129.equina_smart_1766710.path10	gene_id	diesel_added_wald	down	-1.17885103803371	0.0241374946858843
utg129.equina_smart_1766710.mrna10	utg129.equina_smart_1766710.path10	gene_id	salinity_added_wald	down	-1.51314378875446	0.0222111032901799
utg129.equina_smart_1766710.mrna10	utg129.equina_smart_1766710.path10	gene_id	combined_wald	down	-2.08704817901268	0.00440611346424774
utg129.equina_smart_1766710.mrna10	utg129.equina_smart_1766710.path10	gene_id	full_model_LRT	down	-3.12268729341507	0.0481428632325657
utg13.equina_smart_1584572.mrna11	utg13.equina_smart_1584572.path11	gene_id	diesel_added_wald	down	-2.64425655387366	4.77222029504053e-05
utg13.equina_smart_1584572.mrna11	utg13.equina_smart_1584572.path11	gene_id	combined_wald	down	-1.32262527009363	0.00989971455909447
utg13.equina_smart_1584572.mrna11	utg13.equina_smart_1584572.path11	gene_id	full_model_LRT	down	-2.43477368017103	6.8333053387325e-06
evm.utg13050.2	evm.TU.utg13050.2	gene_id	diesel_added_wald	down	-1.50246306104182	0.00795615079006591
evm.utg13050.2	evm.TU.utg13050.2	gene_id	full_model_LRT	down	-1.40316415700307	0.000908973672860737
evm.utg13730.6	evm.TU.utg13730.6	gene_id	diesel_added_wald	down	-1.37580009303919	0.00396063015964194
evm.utg13730.6	evm.TU.utg13730.6	gene_id	full_model_LRT	down	-1.89674289377078	0.00511837823711805
evm.utg13793.34	evm.TU.utg13793.34	gene_id	diesel_added_wald	down	-1.53681343719657	0.0101824743958168
evm.utg13793.34	evm.TU.utg13793.34	gene_id	salinity_added_wald	down	-2.42371868352466	0.00029934813263706
evm.utg13793.34	evm.TU.utg13793.34	gene_id	combined_wald	down	-1.67687303594347	0.00550283857441737
evm.utg13793.34	evm.TU.utg13793.34	gene_id	full_model_LRT	down	-3.49149805904226	0.0071861700603352
evm.utg1395.50	evm.TU.utg1395.50	gene_id	salinity_added_wald	down	-1.32083422908391	0.027838907462447
evm.utg1395.50	evm.TU.utg1395.50	gene_id	combined_wald	down	-1.38436368499182	0.0210420832294383
utg14007.equina_smart_1075169.mrna1	utg14007.equina_smart_1075169.path1	gene_id	salinity_only_wald	up	1.55155958427312	0.000217348386382362
utg14007.equina_smart_1075169.mrna1	utg14007.equina_smart_1075169.path1	gene_id	combined_wald	up	1.01833225440649	0.0185794020685889
utg14007.equina_smart_1075169.mrna1	utg14007.equina_smart_1075169.path1	gene_id	salinity_only_LRT	up	1.86480577110318	0.000334845447711265
utg14007.equina_smart_1075169.mrna1	utg14007.equina_smart_1075169.path1	gene_id	full_model_LRT	down	-1.1115622004193	0.000450960079747895
evm.utg1404.20	evm.TU.utg1404.20	gene_id	salinity_only_wald	down	-1.41180941209337	0.00585312934427312
evm.utg1404.20	evm.TU.utg1404.20	gene_id	salinity_only_LRT	down	-2.03656887732193	0.0294411073101483
evm.utg1404.20	evm.TU.utg1404.20	gene_id	full_model_LRT	up	1.24833862357294	0.0204244595902548
evm.utg1452.16	evm.TU.utg1452.16	gene_id	salinity_added_wald	down	-2.33765396563424	0.00415201257924917
evm.utg1452.16	evm.TU.utg1452.16	gene_id	combined_wald	down	-2.04419185918518	0.00614235027704135
evm.utg1452.16	evm.TU.utg1452.16	gene_id	full_model_LRT	down	-4.12859760413983	0.0309772660752209
evm.utg146.2	evm.TU.utg146.2	gene_id	combined_wald	down	-1.06094850278852	0.0261560867586045
evm.utg1465.42	evm.TU.utg1465.42	gene_id	salinity_added_wald	down	-1.21314285233508	0.0454978385374878
utg14683.equina_smart_1029496.mrna1	utg14683.equina_smart_1029496.path1	gene_id	salinity_added_wald	down	-1.34151461906272	0.000380393832145432
utg14683.equina_smart_1029496.mrna1	utg14683.equina_smart_1029496.path1	gene_id	combined_wald	down	-1.20550130119282	0.00137303535165253
utg14683.equina_smart_1029496.mrna1	utg14683.equina_smart_1029496.path1	gene_id	full_model_LRT	down	-1.10386237891427	0.00152684588155573
utg14923.equina_smart_1471264.mrna1	utg14923.equina_smart_1471264.path1	gene_id	combined_wald	up	1.21878732748339	0.00645076309737422
utg1498.equina_smart_1471857.mrna2	utg1498.equina_smart_1471857.path2	gene_id	diesel_added_wald	down	-1.24575855238045	0.0214892711467574
utg1498.equina_smart_1471857.mrna2	utg1498.equina_smart_1471857.path2	gene_id	combined_wald	down	-1.35368772536995	0.0317042202893979
utg1498.equina_smart_1471857.mrna2	utg1498.equina_smart_1471857.path2	gene_id	full_model_LRT	down	-3.29414920466705	0.0451712655854822
evm.utg1517.19	evm.TU.utg1517.19	gene_id	salinity_only_wald	up	7.34652550664421	2.80998453250889e-07
evm.utg1517.19	evm.TU.utg1517.19	gene_id	diesel_added_wald	down	-1.89482895070872	0.00614321375289012
evm.utg1517.19	evm.TU.utg1517.19	gene_id	salinity_only_LRT	up	8.99160767153703	3.82865827805509e-06
evm.utg1517.19	evm.TU.utg1517.19	gene_id	full_model_LRT	down	-7.04900525458622	3.32577572254629e-08
evm.utg152524.3	evm.TU.utg152524.3	gene_id	salinity_only_wald	down	-1.82100935881837	0.00281240364829949
evm.utg152524.3	evm.TU.utg152524.3	gene_id	diesel_added_wald	up	1.66318746882696	0.00799594417877989
evm.utg152524.3	evm.TU.utg152524.3	gene_id	salinity_only_LRT	down	-2.75023878670638	0.000917337342103815
evm.utg152524.3	evm.TU.utg152524.3	gene_id	full_model_LRT	up	3.30396259362215	0.00978781577249125
evm.utg1542.19	evm.TU.utg1542.19	gene_id	salinity_only_LRT	down	-1.51589788558951	0.0106122795767539
utg15427.equina_smart_1354595.mrna2	utg15427.equina_smart_1354595.path2	gene_id	salinity_added_wald	up	2.00439177473438	0.00528820727057185
utg15427.equina_smart_1354595.mrna2	utg15427.equina_smart_1354595.path2	gene_id	full_model_LRT	up	3.41461901707299	0.0238463378071824
evm.utg15629.5	evm.TU.utg15629.5	gene_id	salinity_added_wald	up	1.79165119873068	0.0028744491545528
evm.utg15629.5	evm.TU.utg15629.5	gene_id	combined_wald	up	1.38310818209615	0.0148556666470402
evm.utg15629.5	evm.TU.utg15629.5	gene_id	full_model_LRT	up	1.48472055291754	0.00422766932357298
evm.utg1575.43	evm.TU.utg1575.43	gene_id	diesel_added_wald	down	-1.52024605271212	0.00236655944327411
evm.utg1575.43	evm.TU.utg1575.43	gene_id	full_model_LRT	down	-1.17559315142857	4.05022278170342e-05
utg15813.evm.utg9623.7.mrna4	utg15813.evm.utg9623.7.path4	gene_id	salinity_added_wald	down	-1.30359210594945	0.0292019863331206
evm.utg15960.1	evm.TU.utg15960.1	gene_id	combined_wald	down	-1.0462491818966	0.026174529981249
evm.utg16027.2	evm.TU.utg16027.2	gene_id	salinity_added_wald	up	1.35433002035521	0.0115593925649457
evm.utg16027.2	evm.TU.utg16027.2	gene_id	combined_wald	up	1.43392566827478	0.00753665409561607
utg16036.equina_smart_269302.mrna1	utg16036.equina_smart_269302.path1	gene_id	salinity_added_wald	down	-1.393529127094	0.0136890714596575
utg16036.equina_smart_269302.mrna1	utg16036.equina_smart_269302.path1	gene_id	combined_wald	down	-1.14555626671268	0.0374571175285212
evm.utg16180.2	evm.TU.utg16180.2	gene_id	salinity_added_wald	up	1.0131316775054	0.0312356169707233
evm.utg1623.35	evm.TU.utg1623.35	gene_id	salinity_added_wald	up	1.74111620996642	0.012352692969657
evm.utg16443.24	evm.TU.utg16443.24	gene_id	combined_wald	down	-1.13955917299115	2.38530178510211e-05
evm.utg16444.17	evm.TU.utg16444.17	gene_id	salinity_only_wald	down	-2.07524913115391	6.2190244655804e-06
evm.utg16444.17	evm.TU.utg16444.17	gene_id	combined_wald	down	-1.12022483758363	0.0131586169075191
evm.utg16444.17	evm.TU.utg16444.17	gene_id	salinity_only_LRT	down	-2.42507545288834	0.000552071397707948
evm.utg16444.17	evm.TU.utg16444.17	gene_id	full_model_LRT	up	1.47098449020516	2.60757727109129e-05
evm.utg1648.51	evm.TU.utg1648.51	gene_id	salinity_added_wald	up	1.49208893449832	0.00416827150374315
evm.utg1648.51	evm.TU.utg1648.51	gene_id	combined_wald	up	1.2076010430912	0.0177543437617103
evm.utg1648.51	evm.TU.utg1648.51	gene_id	full_model_LRT	up	1.11751230588633	0.00617016531326612
evm.utg167.12	evm.TU.utg167.12	gene_id	salinity_added_wald	down	-1.2062784075211	0.0244463357010114
evm.utg1684.3	evm.TU.utg1684.3	gene_id	diesel_added_wald	down	-1.47573227974599	0.0147219378452798
evm.utg1684.3	evm.TU.utg1684.3	gene_id	combined_wald	down	-1.85486457423316	0.00770096750172848
evm.utg1684.3	evm.TU.utg1684.3	gene_id	full_model_LRT	down	-2.39824559373118	0.0219490474855628
evm.utg169038.2	evm.TU.utg169038.2	gene_id	salinity_only_wald	down	-1.04904208403554	0.0305052866000889
evm.utg169038.2	evm.TU.utg169038.2	gene_id	salinity_only_LRT	down	-1.63267763176822	0.0435082625145438
evm.utg17181.10	evm.TU.utg17181.10	gene_id	salinity_only_wald	down	-1.31646861963858	0.0230462110497042
evm.utg17212.4	evm.TU.utg17212.4	gene_id	salinity_only_wald	up	1.53663159249821	0.00712139661524019
evm.utg17212.4	evm.TU.utg17212.4	gene_id	salinity_added_wald	up	1.12231580671485	0.0425918429437339
evm.utg17212.4	evm.TU.utg17212.4	gene_id	combined_wald	up	1.70322954128033	0.00419103628739879
evm.utg17212.4	evm.TU.utg17212.4	gene_id	salinity_only_LRT	up	2.39161008181192	0.0337984459719533
utg17372.equina_smart_1811815.mrna1	utg17372.equina_smart_1811815.path1	gene_id	salinity_only_wald	up	3.81064410994257	3.3460279229009e-09
utg17372.equina_smart_1811815.mrna1	utg17372.equina_smart_1811815.path1	gene_id	salinity_added_wald	up	1.76593960177898	0.00249367836301237
utg17372.equina_smart_1811815.mrna1	utg17372.equina_smart_1811815.path1	gene_id	combined_wald	up	1.57742676281016	0.00539404444034236
utg17372.equina_smart_1811815.mrna1	utg17372.equina_smart_1811815.path1	gene_id	salinity_only_LRT	up	4.28972495320163	7.07611993062796e-08
utg17372.equina_smart_1811815.mrna1	utg17372.equina_smart_1811815.path1	gene_id	full_model_LRT	down	-1.79324468875332	1.80698638292791e-12
evm.utg17602.14	evm.TU.utg17602.14	gene_id	salinity_added_wald	up	1.42694309554956	0.00957087734927846
evm.utg17602.14	evm.TU.utg17602.14	gene_id	combined_wald	up	1.21493177445447	0.0239421416225561
evm.utg1765.13	evm.TU.utg1765.13	gene_id	salinity_added_wald	down	-2.30371197448099	0.00145018435339084
evm.utg1765.13	evm.TU.utg1765.13	gene_id	combined_wald	down	-1.30394262372161	0.0318614570704362
evm.utg1765.13	evm.TU.utg1765.13	gene_id	full_model_LRT	down	-1.6528328385197	0.00275128877246206
evm.utg1765.11.3.5c22ebf0	evm.TU.utg1765.11	gene_id	salinity_only_wald	down	-2.11345000045132	0.000977942529724616
evm.utg1765.11.3.5c22ebf0	evm.TU.utg1765.11	gene_id	salinity_added_wald	down	-1.88912594825715	0.00310971133594668
evm.utg1765.11.3.5c22ebf0	evm.TU.utg1765.11	gene_id	combined_wald	down	-1.16802473953123	0.0428447323623214
evm.utg1765.11.3.5c22ebf0	evm.TU.utg1765.11	gene_id	salinity_only_LRT	down	-3.07695290779429	0.0027699914480328
utg1825.equina_smart_410043.mrna1	utg1825.equina_smart_410043.path1	gene_id	salinity_only_wald	down	-1.06177620477805	0.0463737115595695
utg1825.equina_smart_410043.mrna1	utg1825.equina_smart_410043.path1	gene_id	salinity_only_LRT	down	-1.93483983448889	0.018306574461379
utg183.equina_smart_954712.mrna1	utg183.equina_smart_954712.path1	gene_id	salinity_only_wald	up	1.61928588058544	3.76583774422767e-05
utg183.equina_smart_954712.mrna1	utg183.equina_smart_954712.path1	gene_id	combined_wald	up	1.33071492768575	0.0009887806390623
utg183.equina_smart_954712.mrna1	utg183.equina_smart_954712.path1	gene_id	salinity_only_LRT	up	1.87809164261501	0.000403805368670148
utg183.equina_smart_1482040.mrna4	utg183.equina_smart_1482040.path4	gene_id	salinity_added_wald	down	-1.33692738226738	0.0365264775772045
evm.utg183.9	evm.TU.utg183.9	gene_id	diesel_added_wald	up	1.44302202502385	0.00402350911229928
evm.utg183.9	evm.TU.utg183.9	gene_id	full_model_LRT	up	1.62369487835383	0.00336976899449313
utg18932.equina_smart_17200.mrna3	utg18932.equina_smart_17200.path3	gene_id	salinity_only_wald	up	1.53726767808767	0.000403327343814183
utg18932.equina_smart_17200.mrna3	utg18932.equina_smart_17200.path3	gene_id	diesel_added_wald	down	-1.21529252109371	0.00557283180244476
utg18932.equina_smart_17200.mrna3	utg18932.equina_smart_17200.path3	gene_id	interactive_only_wald	down	-1.81890410410627	0.0132129779353504
utg18932.equina_smart_17200.mrna3	utg18932.equina_smart_17200.path3	gene_id	salinity_only_LRT	up	1.88232138962426	0.00672989989505661
utg18932.equina_smart_17200.mrna3	utg18932.equina_smart_17200.path3	gene_id	full_model_LRT	down	-2.79872089666941	0.000184375826287425
utg18932.equina_smart_17200.mrna3	utg18932.equina_smart_17200.path3	gene_id	interactive_only_LRT	down	-2.79872089666941	0.0267817283639551
utg1897.equina_smart_1438422.mrna1	utg1897.equina_smart_1438422.path1	gene_id	salinity_only_wald	up	2.22182498299728	0.000686086897170345
utg1897.equina_smart_1438422.mrna1	utg1897.equina_smart_1438422.path1	gene_id	combined_wald	up	1.38232799011616	0.0199436548175468
utg1897.equina_smart_1438422.mrna1	utg1897.equina_smart_1438422.path1	gene_id	salinity_only_LRT	up	3.16290828632968	0.00114337532633892
utg1897.equina_smart_1438422.mrna1	utg1897.equina_smart_1438422.path1	gene_id	full_model_LRT	down	-1.34625128469979	0.000476053970102123
utg190.equina_smart_1083425.mrna1	utg190.equina_smart_1083425.path1	gene_id	salinity_added_wald	down	-1.16537792174768	0.00361400755349281
utg190.equina_smart_1083425.mrna1	utg190.equina_smart_1083425.path1	gene_id	combined_wald	down	-1.13067013801865	0.00456246171037685
evm.utg1900.28	evm.TU.utg1900.28	gene_id	salinity_added_wald	up	1.03277120916678	0.0240636842742666
evm.utg1900.28	evm.TU.utg1900.28	gene_id	combined_wald	up	1.57418464440734	0.00060337611360561
evm.utg1900.28	evm.TU.utg1900.28	gene_id	salinity_only_LRT	up	1.22408096155926	0.0474477689955322
evm.utg1919.55	evm.TU.utg1919.55	gene_id	salinity_only_LRT	down	-2.58197042585356	0.00292052146150198
utg192.equina_smart_92769.mrna7	utg192.equina_smart_92769.path7	gene_id	salinity_added_wald	up	1.86115349876269	1.55089791020414e-05
utg192.equina_smart_92769.mrna7	utg192.equina_smart_92769.path7	gene_id	combined_wald	up	1.43433910680852	0.000660830834144156
utg192.equina_smart_92769.mrna7	utg192.equina_smart_92769.path7	gene_id	full_model_LRT	up	1.25154322621469	8.52405163672308e-06
evm.utg1931.70	evm.TU.utg1931.70	gene_id	full_model_LRT	down	-1.62605341376692	0.0257661317102517
evm.utg19356.7	evm.TU.utg19356.7	gene_id	salinity_added_wald	down	-2.09236775751898	0.00361234035772896
evm.utg19356.7	evm.TU.utg19356.7	gene_id	combined_wald	down	-2.95568905253387	0.000246220520280193
evm.utg19356.7	evm.TU.utg19356.7	gene_id	full_model_LRT	down	-1.69281020512175	0.00445109771431237
evm.utg19590.16	evm.TU.utg19590.16	gene_id	salinity_added_wald	down	-1.72428476692917	0.00366869843466605
evm.utg19590.16	evm.TU.utg19590.16	gene_id	full_model_LRT	down	-1.32928401065891	0.00275587648584851
evm.utg19590.19	evm.TU.utg19590.19	gene_id	diesel_added_wald	down	-1.7771716441944	0.00243811102078263
evm.utg19590.19	evm.TU.utg19590.19	gene_id	full_model_LRT	down	-1.51321198928235	5.30005326096438e-05
evm.utg19590.15	evm.TU.utg19590.15	gene_id	salinity_added_wald	down	-1.99975144875447	0.00114450908760778
evm.utg19590.15	evm.TU.utg19590.15	gene_id	salinity_only_LRT	down	-1.60127361252261	0.0495055331493736
evm.utg19590.15	evm.TU.utg19590.15	gene_id	full_model_LRT	down	-1.20140081933773	0.000133340578221154
evm.utg1962.36	evm.TU.utg1962.36	gene_id	salinity_only_wald	down	-1.6932706852339	4.24680789772656e-05
evm.utg1962.36	evm.TU.utg1962.36	gene_id	salinity_added_wald	down	-2.43750655537849	4.00077447486894e-08
evm.utg1962.36	evm.TU.utg1962.36	gene_id	combined_wald	down	-2.35525040511572	7.90842850122072e-08
evm.utg1962.36	evm.TU.utg1962.36	gene_id	salinity_only_LRT	down	-2.0022272924333	0.000288125905232383
evm.utg1962.41	evm.TU.utg1962.41	gene_id	salinity_only_wald	up	1.00534847322454	0.00205809570813846
evm.utg1962.41	evm.TU.utg1962.41	gene_id	salinity_only_LRT	up	1.1909494503861	0.00261406621031569
utg2007.equina_smart_1739258.mrna7	utg2007.equina_smart_1739258.path7	gene_id	diesel_added_wald	down	-1.15951347588651	0.0210207520497713
utg2007.equina_smart_1739258.mrna7	utg2007.equina_smart_1739258.path7	gene_id	salinity_added_wald	down	-2.06781711429729	0.000712569104101146
utg2007.equina_smart_1739258.mrna7	utg2007.equina_smart_1739258.path7	gene_id	combined_wald	down	-2.19322944691817	0.000339092276776226
utg2007.equina_smart_1739258.mrna7	utg2007.equina_smart_1739258.path7	gene_id	full_model_LRT	down	-2.22374882935558	0.00408244145125363
evm.utg20090.6	evm.TU.utg20090.6	gene_id	salinity_added_wald	up	1.09114170952327	0.0459723150494044
evm.utg20090.8	evm.TU.utg20090.8	gene_id	salinity_added_wald	down	-1.54869977124745	0.0171829176684766
evm.utg20090.8	evm.TU.utg20090.8	gene_id	combined_wald	down	-1.20319908245366	0.0469615829398315
utg203.equina_smart_1403020.mrna1	utg203.equina_smart_1403020.path1	gene_id	salinity_only_wald	up	1.91418832385952	3.20954096758602e-05
utg203.equina_smart_1403020.mrna1	utg203.equina_smart_1403020.path1	gene_id	combined_wald	up	1.08885713271338	0.0176053422787445
utg203.equina_smart_1403020.mrna1	utg203.equina_smart_1403020.path1	gene_id	salinity_only_LRT	up	2.25960721846261	5.38100210053548e-05
utg203.equina_smart_1403064.mrna1	utg203.equina_smart_1403064.path1	gene_id	salinity_only_wald	down	-1.12773968869913	0.0164679471616564
utg203.equina_smart_1403064.mrna1	utg203.equina_smart_1403064.path1	gene_id	salinity_added_wald	down	-2.79997493172132	5.00015052571143e-07
utg203.equina_smart_1403064.mrna1	utg203.equina_smart_1403064.path1	gene_id	combined_wald	down	-1.81921886300586	0.00047168567728414
utg203.equina_smart_1403064.mrna1	utg203.equina_smart_1403064.path1	gene_id	salinity_only_LRT	down	-1.65009507623162	0.0499633853355208
utg203.equina_smart_1403064.mrna1	utg203.equina_smart_1403064.path1	gene_id	full_model_LRT	down	-1.59378936172441	1.78472809039367e-07
evm.utg203.71	evm.TU.utg203.71	gene_id	salinity_added_wald	down	-3.61388582752204	3.29716550608026e-05
evm.utg203.71	evm.TU.utg203.71	gene_id	combined_wald	down	-2.85757836750135	0.000289736302675418
evm.utg203.71	evm.TU.utg203.71	gene_id	full_model_LRT	down	-2.83812596298344	0.000390704362474658
evm.utg2071.84	evm.TU.utg2071.84	gene_id	salinity_only_wald	up	1.19362499398373	0.00862781110524176
evm.utg2071.84	evm.TU.utg2071.84	gene_id	salinity_added_wald	up	1.8737193928999	0.000165146491165742
evm.utg2071.84	evm.TU.utg2071.84	gene_id	combined_wald	up	1.3726193699463	0.00413753099892638
evm.utg2071.84	evm.TU.utg2071.84	gene_id	salinity_only_LRT	up	1.64183359208324	0.00760858171243204
evm.utg2073.35	evm.TU.utg2073.35	gene_id	salinity_only_wald	down	-1.37924523620417	0.0218123745101186
evm.utg2073.35	evm.TU.utg2073.35	gene_id	salinity_added_wald	down	-1.90228910724254	0.0103734424484664
evm.utg2073.35	evm.TU.utg2073.35	gene_id	combined_wald	down	-1.57359575165655	0.0166313269311628
utg20813.equina_smart_865482.mrna4	utg20813.equina_smart_865482.path4	gene_id	salinity_added_wald	down	-1.72074076016447	0.0100109308477969
utg20813.equina_smart_865482.mrna4	utg20813.equina_smart_865482.path4	gene_id	combined_wald	down	-1.91260850721467	0.00502060186537859
evm.utg20813.23	evm.TU.utg20813.23	gene_id	salinity_added_wald	down	-2.01981734626248	0.00841867538323506
evm.utg20813.23	evm.TU.utg20813.23	gene_id	combined_wald	down	-2.21123700301406	0.00467185773299501
evm.utg20813.23	evm.TU.utg20813.23	gene_id	full_model_LRT	down	-3.11782760737562	0.0449746841951779
evm.utg2083.64	evm.TU.utg2083.64	gene_id	salinity_added_wald	up	1.02890319263372	0.031939359246529
evm.utg2083.64	evm.TU.utg2083.64	gene_id	salinity_only_LRT	up	1.33424046140227	0.0476172575269505
evm.utg21085.1	evm.TU.utg21085.1	gene_id	salinity_added_wald	down	-1.63529034318422	0.0179806445411386
evm.utg21085.1	evm.TU.utg21085.1	gene_id	combined_wald	down	-1.91367823464457	0.00823746741549358
evm.utg21085.1	evm.TU.utg21085.1	gene_id	full_model_LRT	down	-2.17156293883971	0.0307794010666907
evm.utg2115.13	evm.TU.utg2115.13	gene_id	combined_wald	down	-1.95334397416768	0.00246194912607651
evm.utg213.15	evm.TU.utg213.15	gene_id	full_model_LRT	down	-1.14244894329745	0.0420255672234839
evm.utg214.71	evm.TU.utg214.71	gene_id	salinity_only_wald	down	-1.44319070524588	0.00431613566281655
evm.utg214.71	evm.TU.utg214.71	gene_id	salinity_added_wald	down	-1.6013749925556	0.00259282836428853
evm.utg214.71	evm.TU.utg214.71	gene_id	combined_wald	down	-1.7434544379036	0.00111079996909742
evm.utg214.71	evm.TU.utg214.71	gene_id	salinity_only_LRT	down	-2.02439346509552	0.000845329110446465
evm.utg217.13	evm.TU.utg217.13	gene_id	salinity_only_wald	down	-1.48870181090243	0.00113304879022745
evm.utg217.13	evm.TU.utg217.13	gene_id	salinity_added_wald	down	-1.03453421765776	0.0284183792172979
evm.utg217.13	evm.TU.utg217.13	gene_id	combined_wald	down	-1.70221042952676	0.000357823314474142
evm.utg217.13	evm.TU.utg217.13	gene_id	salinity_only_LRT	down	-1.90923063585099	0.000504505658772712
evm.utg2201.13	evm.TU.utg2201.13	gene_id	combined_wald	down	-1.38465207702064	0.0294772903725357
utg2216.equina_smart_1074275.mrna1	utg2216.equina_smart_1074275.path1	gene_id	salinity_added_wald	up	2.33160021415286	0.0046317813918822
utg2216.equina_smart_1074275.mrna1	utg2216.equina_smart_1074275.path1	gene_id	full_model_LRT	up	6.41770787461726	0.0224620916343834
utg225.equina_smart_1732458.mrna9	utg225.equina_smart_1732458.path9	gene_id	full_model_LRT	down	-3.01567194586226	0.0310574932195367
evm.utg2255.1	evm.TU.utg2255.1	gene_id	salinity_only_wald	down	-1.12238881253049	0.0378656953621945
evm.utg2255.1	evm.TU.utg2255.1	gene_id	salinity_added_wald	up	1.25819258170465	0.0304539559770681
evm.utg2255.1	evm.TU.utg2255.1	gene_id	interactive_only_wald	up	1.87557434726392	0.0334990816187465
evm.utg2255.1	evm.TU.utg2255.1	gene_id	full_model_LRT	up	4.14590841669433	0.00690042803444615
evm.utg2274.7	evm.TU.utg2274.7	gene_id	salinity_only_wald	down	-1.1961416256788	0.00301853344982082
evm.utg2274.7	evm.TU.utg2274.7	gene_id	salinity_only_LRT	down	-1.52883678293974	0.00689568638048776
utg2343.equina_smart_1608568.mrna5	utg2343.equina_smart_1608568.path5	gene_id	salinity_only_wald	up	1.91921642000187	6.96053691474791e-06
utg2343.equina_smart_1608568.mrna5	utg2343.equina_smart_1608568.path5	gene_id	salinity_only_LRT	up	2.20255461279385	2.24289482381004e-05
utg2343.equina_smart_1608568.mrna5	utg2343.equina_smart_1608568.path5	gene_id	full_model_LRT	down	-1.76059906243042	6.20900180028224e-07
utg2343.equina_smart_1692402.mrna7	utg2343.equina_smart_1692402.path7	gene_id	full_model_LRT	down	-1.36770905987645	0.0426397061217341
utg236.equina_smart_1404524.mrna1	utg236.equina_smart_1404524.path1	gene_id	salinity_only_wald	up	1.44947131162094	0.0100742433116868
utg236.equina_smart_1404524.mrna1	utg236.equina_smart_1404524.path1	gene_id	salinity_only_LRT	up	2.31067519125874	0.0248131675066576
evm.utg236.50	evm.TU.utg236.50	gene_id	salinity_only_wald	up	2.22186595746726	4.76888877269621e-08
evm.utg236.50	evm.TU.utg236.50	gene_id	salinity_added_wald	up	2.10401371499978	4.98403043171884e-07
evm.utg236.50	evm.TU.utg236.50	gene_id	combined_wald	up	2.02591082902778	1.07014476775733e-06
evm.utg236.50	evm.TU.utg236.50	gene_id	salinity_only_LRT	up	2.46408917524446	9.15324291064722e-06
evm.utg2426.36	evm.TU.utg2426.36	gene_id	combined_wald	up	1.39069127853727	0.0003091547342591
evm.utg2427.22	evm.TU.utg2427.22	gene_id	salinity_added_wald	down	-1.04681707835278	0.0377817344314222
evm.utg2427.22	evm.TU.utg2427.22	gene_id	combined_wald	down	-1.21757551882556	0.0152730851086161
evm.utg243.2	evm.TU.utg243.2	gene_id	salinity_only_wald	up	1.67474996811048	0.00358287459471815
evm.utg243.2	evm.TU.utg243.2	gene_id	salinity_only_LRT	up	2.45393391533309	0.0124905204981421
evm.utg243.3	evm.TU.utg243.3	gene_id	salinity_only_wald	up	2.42469474155192	0.000485942768561604
evm.utg243.3	evm.TU.utg243.3	gene_id	salinity_only_LRT	up	3.4908753275629	0.000882049181024114
evm.utg243.3	evm.TU.utg243.3	gene_id	full_model_LRT	down	-2.79454403749137	0.000484939858726978
evm.utg243.52	evm.TU.utg243.52	gene_id	salinity_added_wald	down	-1.02424147283408	0.0355395001185769
evm.utg243.52	evm.TU.utg243.52	gene_id	salinity_only_LRT	down	-1.3099608587861	0.0466608746484567
evm.utg243.53	evm.TU.utg243.53	gene_id	salinity_only_wald	down	-1.29049700102612	0.0138369210998203
evm.utg243.54	evm.TU.utg243.54	gene_id	salinity_only_LRT	down	-1.40298093042815	0.0247795722538587
evm.utg243.65	evm.TU.utg243.65	gene_id	salinity_only_wald	down	-1.00084793601679	0.0304017102545029
evm.utg243.65	evm.TU.utg243.65	gene_id	salinity_only_LRT	down	-1.49914760814161	0.0355997922969191
utg245.equina_smart_384994.mrna1	utg245.equina_smart_384994.path1	gene_id	salinity_only_wald	down	-2.21127623306836	2.51380268373008e-05
utg245.equina_smart_384994.mrna1	utg245.equina_smart_384994.path1	gene_id	salinity_added_wald	down	-2.69736235562169	1.82806914882165e-06
utg245.equina_smart_384994.mrna1	utg245.equina_smart_384994.path1	gene_id	combined_wald	down	-2.85576917591055	3.89101587531007e-07
utg245.equina_smart_384994.mrna1	utg245.equina_smart_384994.path1	gene_id	salinity_only_LRT	down	-2.68645192969788	2.36858083439862e-06
evm.utg245.6	evm.TU.utg245.6	gene_id	salinity_only_wald	down	-1.25412574196631	0.0288620578260235
evm.utg245.6	evm.TU.utg245.6	gene_id	salinity_added_wald	down	-1.56229098336365	0.0206339675750042
evm.utg24783.1	evm.TU.utg24783.1	gene_id	diesel_added_wald	down	-2.16276699782562	0.00500976737984662
evm.utg24783.1	evm.TU.utg24783.1	gene_id	full_model_LRT	down	-5.39816367715828	0.00387111379558903
evm.utg2529.35	evm.TU.utg2529.35	gene_id	combined_wald	down	-1.41674465970579	0.0253533668864049
evm.utg25321.15	evm.TU.utg25321.15	gene_id	salinity_only_wald	up	1.5562130699842	0.000234175578977872
evm.utg25321.15	evm.TU.utg25321.15	gene_id	salinity_added_wald	up	2.11543825980656	2.08563340882423e-06
evm.utg25321.15	evm.TU.utg25321.15	gene_id	combined_wald	up	2.21562580625935	6.2460740654464e-07
evm.utg25321.15	evm.TU.utg25321.15	gene_id	salinity_only_LRT	up	1.88158488785556	0.0013501653106287
evm.utg25321.26	evm.TU.utg25321.26	gene_id	full_model_LRT	up	5.28850461484813	0.0496134755390658
evm.utg255.7	evm.TU.utg255.7	gene_id	diesel_added_wald	down	-1.28722473644951	0.0050180853716773
evm.utg255.7	evm.TU.utg255.7	gene_id	combined_wald	down	-1.37421513511097	0.00264331411239679
evm.utg255.7	evm.TU.utg255.7	gene_id	full_model_LRT	down	-1.47043268994785	0.00568293820381859
evm.utg2599.4	evm.TU.utg2599.4	gene_id	salinity_only_wald	up	1.66773336414751	0.00715029938906311
evm.utg2599.4	evm.TU.utg2599.4	gene_id	salinity_added_wald	up	2.08822640879725	0.00225825199246119
evm.utg2599.4	evm.TU.utg2599.4	gene_id	combined_wald	up	1.7874156234596	0.00554450457988406
evm.utg2599.4	evm.TU.utg2599.4	gene_id	salinity_only_LRT	up	2.81759230154928	0.027122012189908
evm.utg262.17	evm.TU.utg262.17	gene_id	salinity_only_LRT	down	-1.47121118531768	0.0237868752320465
evm.utg262.31	evm.TU.utg262.31	gene_id	salinity_only_wald	down	-1.10627721143457	0.0306679220539308
evm.utg262.31	evm.TU.utg262.31	gene_id	salinity_only_LRT	down	-1.81125398448283	0.0411186976362153
evm.utg27.152	evm.TU.utg27.152	gene_id	salinity_only_wald	down	-1.24821412432923	0.00119617814257212
evm.utg27.152	evm.TU.utg27.152	gene_id	salinity_added_wald	down	-1.34594465665136	0.000910076894958314
evm.utg27.152	evm.TU.utg27.152	gene_id	combined_wald	down	-1.15728981037995	0.00438506106284099
evm.utg27.152	evm.TU.utg27.152	gene_id	salinity_only_LRT	down	-1.54964214505574	0.000229512926883547
utg27.equina_smart_1836529.mrna1	utg27.equina_smart_1836529.path1	gene_id	combined_wald	down	-1.26371346867119	0.0368261335172767
evm.utg27.102	evm.TU.utg27.102	gene_id	combined_wald	up	1.22366586847782	0.0345507303838719
evm.utg2704.43	evm.TU.utg2704.43	gene_id	diesel_added_wald	down	-1.05808145261634	0.0307417231172486
evm.utg2704.43	evm.TU.utg2704.43	gene_id	salinity_added_wald	down	-1.79703690596709	0.0106084093240703
evm.utg2704.43	evm.TU.utg2704.43	gene_id	full_model_LRT	down	-4.67049370117294	0.0377820516559957
utg276.equina_smart_896953.mrna1	utg276.equina_smart_896953.path1	gene_id	salinity_added_wald	up	2.23237970459374	9.43346799475063e-06
utg276.equina_smart_896953.mrna1	utg276.equina_smart_896953.path1	gene_id	combined_wald	up	1.33307834268941	0.00521054135459251
utg276.equina_smart_896953.mrna1	utg276.equina_smart_896953.path1	gene_id	full_model_LRT	up	1.30707930561426	8.66001697503633e-06
utg279.evm.utg20090.8.mrna2	utg279.evm.utg20090.8.path2	gene_id	salinity_added_wald	down	-1.57154608097226	0.00882922094191473
utg279.evm.utg20090.8.mrna2	utg279.evm.utg20090.8.path2	gene_id	combined_wald	down	-1.40290644428651	0.0160427633178909
utg279.evm.utg20090.8.mrna2	utg279.evm.utg20090.8.path2	gene_id	full_model_LRT	down	-1.45237103214341	0.0350894137669641
utg279.equina_smart_936165.mrna1	utg279.equina_smart_936165.path1	gene_id	salinity_added_wald	down	-1.23515097721099	0.0468043266742897
evm.utg2849.21	evm.TU.utg2849.21	gene_id	salinity_only_wald	down	-2.6187103749786	4.7328262816691e-05
evm.utg2849.21	evm.TU.utg2849.21	gene_id	salinity_added_wald	down	-1.33841011194528	0.020195766773705
evm.utg2849.21	evm.TU.utg2849.21	gene_id	combined_wald	down	-2.09600672932552	0.000765584724656134
evm.utg2849.21	evm.TU.utg2849.21	gene_id	salinity_only_LRT	down	-3.38210014011356	0.000302316589115828
evm.utg2849.21	evm.TU.utg2849.21	gene_id	full_model_LRT	up	1.22079006588098	2.47348497939722e-05
evm.utg298.50	evm.TU.utg298.50	gene_id	salinity_added_wald	up	1.77441740091379	0.00249722094710195
evm.utg298.50	evm.TU.utg298.50	gene_id	combined_wald	up	1.56682769902261	0.00592466061886601
evm.utg2994.20	evm.TU.utg2994.20	gene_id	salinity_added_wald	up	1.69423950878179	0.0096605418284471
evm.utg2994.20	evm.TU.utg2994.20	gene_id	combined_wald	up	1.47022099253276	0.0179150277451542
evm.utg2994.20	evm.TU.utg2994.20	gene_id	salinity_only_LRT	up	2.17871317972001	0.0454443513864573
evm.utg2994.101	evm.TU.utg2994.101	gene_id	combined_wald	down	-1.45183674697804	0.0243129933821933
utg301.equina_smart_690311.mrna1	utg301.equina_smart_690311.path1	gene_id	salinity_only_wald	down	-2.17469235484102	0.00420960240386996
utg301.equina_smart_690311.mrna1	utg301.equina_smart_690311.path1	gene_id	salinity_only_LRT	down	-4.80096957057546	0.00541047574452319
utg301.equina_smart_690311.mrna1	utg301.equina_smart_690311.path1	gene_id	full_model_LRT	up	2.69705582558651	0.0249933621238042
utg3013.equina_smart_893558.mrna1	utg3013.equina_smart_893558.path1	gene_id	salinity_added_wald	down	-1.06540667844812	0.0451734539394186
evm.utg3013.30	evm.TU.utg3013.30	gene_id	salinity_only_wald	down	-1.78807397339661	0.00676169237565446
evm.utg3013.30	evm.TU.utg3013.30	gene_id	salinity_added_wald	down	-1.32625168208233	0.03440532449156
evm.utg3013.30	evm.TU.utg3013.30	gene_id	combined_wald	down	-1.72373847960804	0.0095867249072326
evm.utg3013.30	evm.TU.utg3013.30	gene_id	salinity_only_LRT	down	-3.28507046181871	0.00897709632186755
evm.utg3019.22	evm.TU.utg3019.22	gene_id	salinity_added_wald	up	1.29094700424614	0.0113950973602321
evm.utg3019.22	evm.TU.utg3019.22	gene_id	combined_wald	up	1.85085438397346	0.000453447811757571
evm.utg30548.1	evm.TU.utg30548.1	gene_id	salinity_only_LRT	up	2.30176637293403	0.0350036600718995
utg30548.equina_smart_1692402.mrna12	utg30548.equina_smart_1692402.path12	gene_id	salinity_only_wald	up	1.60803741141649	0.000421645321340695
utg30548.equina_smart_1692402.mrna12	utg30548.equina_smart_1692402.path12	gene_id	salinity_only_LRT	up	1.99714035610005	0.00525882074998835
utg30548.equina_smart_1692402.mrna12	utg30548.equina_smart_1692402.path12	gene_id	full_model_LRT	down	-2.04361314363185	0.000134895225228817
utg30548.equina_smart_1479749.mrna3	utg30548.equina_smart_1479749.path3	gene_id	salinity_only_wald	up	1.65178791788093	0.000269693967240965
utg30548.equina_smart_1479749.mrna3	utg30548.equina_smart_1479749.path3	gene_id	salinity_only_LRT	up	2.02354883589356	0.000649210593800306
utg30548.equina_smart_1479749.mrna3	utg30548.equina_smart_1479749.path3	gene_id	full_model_LRT	down	-1.35630398766948	0.000222794437591371
evm.utg3155.25	evm.TU.utg3155.25	gene_id	salinity_only_wald	up	1.24933996215217	0.0344541799137124
evm.utg3155.25	evm.TU.utg3155.25	gene_id	full_model_LRT	down	-1.96720202145889	0.00247091892064678
evm.utg320.72	evm.TU.utg320.72	gene_id	salinity_added_wald	up	1.22574914452791	0.0446767140525334
evm.utg320.72	evm.TU.utg320.72	gene_id	combined_wald	up	1.6853088055399	0.00990508085936571
evm.utg3201.54	evm.TU.utg3201.54	gene_id	salinity_only_wald	down	-1.07905278717772	0.0168923788769636
evm.utg3201.54	evm.TU.utg3201.54	gene_id	combined_wald	down	-1.1483852310091	0.0161575770800858
evm.utg3201.54	evm.TU.utg3201.54	gene_id	salinity_only_LRT	down	-1.54144405692248	0.0318470437690694
evm.utg3235.20	evm.TU.utg3235.20	gene_id	salinity_added_wald	down	-1.66934421738181	0.0154461822161916
evm.utg32914.1	evm.TU.utg32914.1	gene_id	salinity_added_wald	up	1.03977433610212	0.0102703689142949
evm.utg3339.2	evm.TU.utg3339.2	gene_id	diesel_added_wald	down	-1.14067697268142	0.0177671653915317
evm.utg3339.2	evm.TU.utg3339.2	gene_id	combined_wald	down	-1.30872152528541	0.0130166425634869
evm.utg3339.2	evm.TU.utg3339.2	gene_id	full_model_LRT	down	-1.55063722877899	0.026618121680566
evm.utg3403.13	evm.TU.utg3403.13	gene_id	salinity_added_wald	up	1.17371328490752	0.0369516107069082
evm.utg3403.14	evm.TU.utg3403.14	gene_id	salinity_added_wald	up	1.38984067542628	0.0300678741014398
evm.utg3403.2	evm.TU.utg3403.2	gene_id	salinity_added_wald	up	1.68697863283958	0.000287142937254365
evm.utg3403.2	evm.TU.utg3403.2	gene_id	combined_wald	up	1.44619576287548	0.00160482910247281
evm.utg3403.2	evm.TU.utg3403.2	gene_id	full_model_LRT	up	1.24703001997735	0.000186671636593389
utg3409.equina_smart_1167581.mrna1	utg3409.equina_smart_1167581.path1	gene_id	salinity_added_wald	up	1.6502276901678	0.00414516638587671
utg3409.equina_smart_1167581.mrna1	utg3409.equina_smart_1167581.path1	gene_id	combined_wald	up	1.37735876813938	0.0131859502883102
utg3409.equina_smart_1167581.mrna1	utg3409.equina_smart_1167581.path1	gene_id	full_model_LRT	up	1.37940674717004	0.00542889588935814
evm.utg344.71	evm.TU.utg344.71	gene_id	salinity_added_wald	up	1.33950050321016	0.0066342130043218
evm.utg344.71	evm.TU.utg344.71	gene_id	full_model_LRT	up	1.49950840885533	0.0225560296643654
evm.utg344.12	evm.TU.utg344.12	gene_id	salinity_added_wald	up	1.27934180577655	0.0408505258475903
evm.utg348.10	evm.TU.utg348.10	gene_id	salinity_added_wald	up	1.05908273589895	0.0456289234803545
utg3522.equina_smart_1668065.mrna1	utg3522.equina_smart_1668065.path1	gene_id	salinity_only_wald	down	-2.18632576512548	0.00205267808246366
utg3522.equina_smart_1668065.mrna1	utg3522.equina_smart_1668065.path1	gene_id	salinity_added_wald	down	-1.41276083604545	0.0277695559167475
utg3522.equina_smart_1668065.mrna1	utg3522.equina_smart_1668065.path1	gene_id	combined_wald	down	-2.48783267269504	0.00125110300788525
utg3522.equina_smart_1668065.mrna1	utg3522.equina_smart_1668065.path1	gene_id	salinity_only_LRT	down	-3.62298458030342	0.0028584498313034
utg3622.equina_smart_297983.mrna1	utg3622.equina_smart_297983.path1	gene_id	salinity_only_wald	up	1.20884279866089	0.00973738624635482
utg3622.equina_smart_297983.mrna1	utg3622.equina_smart_297983.path1	gene_id	salinity_only_LRT	up	1.69069876319539	0.0357041637390016
utg3642.equina_smart_785011.mrna9	utg3642.equina_smart_785011.path9	gene_id	salinity_only_wald	down	-1.18976882475093	0.0365773922581072
evm.utg3678.2	evm.TU.utg3678.2	gene_id	salinity_added_wald	down	-1.95882412822343	0.00158068553111731
evm.utg3678.2	evm.TU.utg3678.2	gene_id	combined_wald	down	-1.55265550490925	0.00797522715273467
evm.utg3678.2	evm.TU.utg3678.2	gene_id	full_model_LRT	down	-1.34141901798586	0.00346954142846662
utg375.equina_smart_1611947.mrna5	utg375.equina_smart_1611947.path5	gene_id	diesel_added_wald	down	-1.48680136546498	0.00579814916509199
utg375.equina_smart_1611947.mrna5	utg375.equina_smart_1611947.path5	gene_id	full_model_LRT	down	-1.96317114185025	0.00759971481105653
evm.utg3787.1.1.5c22efde	evm.TU.utg3787.1	gene_id	salinity_only_wald	down	-1.11226143847899	0.014293006581058
evm.utg3787.1.1.5c22efde	evm.TU.utg3787.1	gene_id	salinity_only_LRT	down	-1.58438264231202	0.0218574170361017
utg38114.equina_smart_1437096.mrna3	utg38114.equina_smart_1437096.path3	gene_id	combined_wald	down	-1.23265739142476	0.00665183502793459
utg382.equina_smart_263936.mrna1	utg382.equina_smart_263936.path1	gene_id	salinity_only_wald	up	3.21862705913147	0.000237017345111883
utg382.equina_smart_263936.mrna1	utg382.equina_smart_263936.path1	gene_id	combined_wald	up	1.31340992885828	0.0355664581489765
utg382.equina_smart_263936.mrna1	utg382.equina_smart_263936.path1	gene_id	full_model_LRT	down	-2.33651275239752	0.000433829695891665
evm.utg3834.27	evm.TU.utg3834.27	gene_id	salinity_added_wald	down	-1.84011671356752	0.00625010394285319
evm.utg3834.27	evm.TU.utg3834.27	gene_id	full_model_LRT	down	-4.02437989833867	0.0391449426406706
utg386.equina_smart_1711328.mrna3	utg386.equina_smart_1711328.path3	gene_id	salinity_added_wald	down	-1.05977672055566	0.0134462880246784
utg3884.equina_smart_1452716.mrna1	utg3884.equina_smart_1452716.path1	gene_id	salinity_added_wald	up	1.29163138421796	0.0193144968772668
utg3884.equina_smart_1452716.mrna1	utg3884.equina_smart_1452716.path1	gene_id	full_model_LRT	up	1.08667282525706	0.0297198034023448
utg3906.equina_smart_1453000.mrna1	utg3906.equina_smart_1453000.path1	gene_id	salinity_only_wald	up	1.14891650102193	0.0277637464102571
utg3906.equina_smart_1453000.mrna1	utg3906.equina_smart_1453000.path1	gene_id	full_model_LRT	down	-1.84470212417092	0.0313305030986374
evm.utg401.23	evm.TU.utg401.23	gene_id	salinity_only_wald	down	-2.14540532335175	6.25367372329834e-06
evm.utg401.23	evm.TU.utg401.23	gene_id	salinity_added_wald	down	-1.13524862454737	0.015401673904546
evm.utg401.23	evm.TU.utg401.23	gene_id	combined_wald	down	-1.53301515224967	0.00110328205074893
evm.utg401.23	evm.TU.utg401.23	gene_id	salinity_only_LRT	down	-2.51947345713596	0.000219557030063133
evm.utg405.67	evm.TU.utg405.67	gene_id	salinity_added_wald	up	2.48306378779689	7.61691347785625e-06
evm.utg405.67	evm.TU.utg405.67	gene_id	combined_wald	up	2.46228166351471	7.06553295588849e-06
evm.utg405.67	evm.TU.utg405.67	gene_id	salinity_only_LRT	up	1.30291654289076	0.0193637085608744
evm.utg405.67	evm.TU.utg405.67	gene_id	full_model_LRT	up	1.64425499778472	2.30668602512803e-07
evm.utg4054.11	evm.TU.utg4054.11	gene_id	salinity_added_wald	down	-1.88184115185327	0.0103443999691167
evm.utg4054.11	evm.TU.utg4054.11	gene_id	combined_wald	down	-2.0941964690667	0.00552675520641658
evm.utg4054.11	evm.TU.utg4054.11	gene_id	full_model_LRT	down	-3.33034252364857	0.0359938318167727
evm.utg411.141	evm.TU.utg411.141	gene_id	salinity_only_wald	up	1.47662626054982	0.00688311838652039
evm.utg411.141	evm.TU.utg411.141	gene_id	salinity_added_wald	up	1.08236392883413	0.0479447023524792
evm.utg411.141	evm.TU.utg411.141	gene_id	combined_wald	up	1.2290059195273	0.0253277576462005
utg4130.equina_smart_1481573.mrna1	utg4130.equina_smart_1481573.path1	gene_id	salinity_only_wald	up	1.20162325938132	0.0336378701390007
utg4130.equina_smart_17200.mrna2	utg4130.equina_smart_17200.path2	gene_id	salinity_only_wald	up	1.17631091468692	0.00399615381950018
utg4130.equina_smart_17200.mrna2	utg4130.equina_smart_17200.path2	gene_id	salinity_only_LRT	up	1.50413242235575	0.0213274777083785
utg4130.equina_smart_17200.mrna2	utg4130.equina_smart_17200.path2	gene_id	full_model_LRT	down	-1.94821766005187	0.00283833529730443
utg4130.equina_smart_1692402.mrna1	utg4130.equina_smart_1692402.path1	gene_id	salinity_only_wald	up	1.10956469154916	0.0481384588297717
utg4130.equina_smart_1692402.mrna1	utg4130.equina_smart_1692402.path1	gene_id	salinity_only_LRT	up	2.30635589911614	0.00350827380879111
utg4130.equina_smart_1692402.mrna1	utg4130.equina_smart_1692402.path1	gene_id	full_model_LRT	down	-3.88495634897365	0.0285153251941463
evm.utg417.26	evm.TU.utg417.26	gene_id	full_model_LRT	down	-1.3922543869689	0.0108216838839094
utg4172.equina_smart_950620.mrna1	utg4172.equina_smart_950620.path1	gene_id	salinity_only_wald	up	1.76951773674846	0.00890459836122224
utg4172.equina_smart_950620.mrna1	utg4172.equina_smart_950620.path1	gene_id	combined_wald	up	1.22077901704678	0.0470967542839
utg4172.equina_smart_950620.mrna1	utg4172.equina_smart_950620.path1	gene_id	salinity_only_LRT	up	3.79104456591608	0.00291566030784461
utg4172.equina_smart_950620.mrna1	utg4172.equina_smart_950620.path1	gene_id	full_model_LRT	down	-1.68325296497626	0.0140701894315727
utg4194.equina_smart_501556.mrna1	utg4194.equina_smart_501556.path1	gene_id	salinity_only_wald	down	-1.16154488593651	0.044724150122995
utg4194.equina_smart_501556.mrna1	utg4194.equina_smart_501556.path1	gene_id	salinity_added_wald	down	-1.96362714360041	0.00677789844653256
utg4194.equina_smart_501556.mrna1	utg4194.equina_smart_501556.path1	gene_id	salinity_only_LRT	down	-2.87810991108872	0.0365944176302445
utg420.equina_smart_458796.mrna1	utg420.equina_smart_458796.path1	gene_id	salinity_only_wald	up	2.44357939661678	0.00111953141023987
utg420.equina_smart_458796.mrna1	utg420.equina_smart_458796.path1	gene_id	salinity_only_LRT	up	3.92809537706835	0.00054524445087263
utg420.equina_smart_458796.mrna1	utg420.equina_smart_458796.path1	gene_id	full_model_LRT	down	-2.44799219107697	0.000311620397239456
evm.utg420.21	evm.TU.utg420.21	gene_id	salinity_only_wald	down	-1.72538047307605	0.00210655309431661
evm.utg420.21	evm.TU.utg420.21	gene_id	diesel_added_wald	down	-1.11339383733089	0.0282190548058182
evm.utg420.21	evm.TU.utg420.21	gene_id	salinity_added_wald	down	-3.75973695395942	2.4076928304788e-06
evm.utg420.21	evm.TU.utg420.21	gene_id	combined_wald	down	-4.50029307350823	3.15532638063133e-08
evm.utg420.21	evm.TU.utg420.21	gene_id	salinity_only_LRT	down	-2.44285793332684	0.00183114155285834
evm.utg420.21	evm.TU.utg420.21	gene_id	full_model_LRT	down	-2.10477924426767	2.87403467585541e-08
evm.utg4207.15	evm.TU.utg4207.15	gene_id	salinity_added_wald	down	-1.08279798451149	0.0214495927754934
evm.utg4271.75	evm.TU.utg4271.75	gene_id	salinity_only_wald	down	-1.06773506210901	0.005968146280438
evm.utg4271.75	evm.TU.utg4271.75	gene_id	salinity_only_LRT	down	-1.3747299279124	0.0149424657407065
evm.utg431.37	evm.TU.utg431.37	gene_id	combined_wald	down	-1.03745495531962	0.0466105072611509
utg432.equina_smart_1542527.mrna1	utg432.equina_smart_1542527.path1	gene_id	salinity_added_wald	down	-2.26290212391529	0.00166616124206005
utg432.equina_smart_1542527.mrna1	utg432.equina_smart_1542527.path1	gene_id	combined_wald	down	-1.78048787512792	0.00672168084404836
utg432.equina_smart_1542527.mrna1	utg432.equina_smart_1542527.path1	gene_id	full_model_LRT	down	-2.83004979291205	0.013321809736767
utg441.evm.utg324.133.mrna6	utg441.evm.utg324.133.path6	gene_id	combined_wald	down	-1.02060786792874	0.0232396584038319
utg4428.equina_smart_1492697.mrna3	utg4428.equina_smart_1492697.path3	gene_id	salinity_only_LRT	up	1.29333619297956	0.0411186976362153
utg4428.equina_smart_1492697.mrna3	utg4428.equina_smart_1492697.path3	gene_id	full_model_LRT	down	-1.4087036820597	0.0135439458590593
utg4428.equina_smart_1608547.mrna2	utg4428.equina_smart_1608547.path2	gene_id	salinity_added_wald	down	-1.50258059130608	0.00136651512045028
utg4428.equina_smart_1608547.mrna2	utg4428.equina_smart_1608547.path2	gene_id	combined_wald	down	-1.54516745279241	0.000974634412574338
utg4428.equina_smart_1608547.mrna2	utg4428.equina_smart_1608547.path2	gene_id	full_model_LRT	down	-1.32815895375502	0.00471484345183077
utg4428.equina_smart_1640285.mrna5	utg4428.equina_smart_1640285.path5	gene_id	salinity_only_wald	up	1.28823796573531	0.0104851576531128
utg4428.equina_smart_1640285.mrna5	utg4428.equina_smart_1640285.path5	gene_id	salinity_added_wald	up	1.84957707572511	0.000881136223758915
utg4428.equina_smart_1640285.mrna5	utg4428.equina_smart_1640285.path5	gene_id	combined_wald	up	1.2544461546682	0.0162904165960237
utg4428.equina_smart_1640285.mrna5	utg4428.equina_smart_1640285.path5	gene_id	salinity_only_LRT	up	1.88695318518127	0.00558420093684563
utg4428.equina_smart_1455225.mrna1	utg4428.equina_smart_1455225.path1	gene_id	salinity_only_wald	up	1.50455407607547	5.29465320456432e-05
utg4428.equina_smart_1455225.mrna1	utg4428.equina_smart_1455225.path1	gene_id	salinity_only_LRT	up	1.74334170514303	0.00205286998468997
utg4428.equina_smart_1455225.mrna1	utg4428.equina_smart_1455225.path1	gene_id	full_model_LRT	down	-1.12575289905475	2.75530038789112e-06
utg4451.equina_smart_1877345.mrna1	utg4451.equina_smart_1877345.path1	gene_id	salinity_added_wald	down	-1.6913916044367	0.0109904924348469
utg4451.equina_smart_1877345.mrna1	utg4451.equina_smart_1877345.path1	gene_id	combined_wald	down	-1.74962105582125	0.00828107261955582
utg4451.equina_smart_1877345.mrna1	utg4451.equina_smart_1877345.path1	gene_id	full_model_LRT	down	-1.3120542516376	0.0146381845518953
evm.utg4455.47	evm.TU.utg4455.47	gene_id	full_model_LRT	down	-1.1365528161119	0.0248227900761859
evm.utg4455.86	evm.TU.utg4455.86	gene_id	combined_wald	down	-1.34272221615487	0.020302376942308
evm.utg456.47	evm.TU.utg456.47	gene_id	salinity_only_wald	down	-2.26118284209073	0.000379593629468726
evm.utg456.47	evm.TU.utg456.47	gene_id	combined_wald	down	-1.19568102851104	0.0348998968273889
evm.utg456.47	evm.TU.utg456.47	gene_id	salinity_only_LRT	down	-3.11203582198088	0.00475421662148553
evm.utg456.47	evm.TU.utg456.47	gene_id	full_model_LRT	up	2.08536519657223	0.00183309969078018
evm.utg4567.13	evm.TU.utg4567.13	gene_id	salinity_only_wald	down	-1.47269463239263	0.000172299159218821
evm.utg4567.13	evm.TU.utg4567.13	gene_id	salinity_only_LRT	down	-1.76598016622667	0.00108333470894966
evm.utg4567.13	evm.TU.utg4567.13	gene_id	full_model_LRT	up	1.00883104888675	0.000452858645260571
evm.utg45865.6	evm.TU.utg45865.6	gene_id	salinity_added_wald	down	-1.55329179919691	0.0188053000678306
evm.utg45865.6	evm.TU.utg45865.6	gene_id	combined_wald	down	-1.73550349113404	0.00999746836799994
utg4605.equina_smart_1456009.mrna1	utg4605.equina_smart_1456009.path1	gene_id	diesel_added_wald	up	1.17547035307023	0.0231110725492772
utg4605.equina_smart_1456009.mrna1	utg4605.equina_smart_1456009.path1	gene_id	full_model_LRT	up	1.4991008034797	0.0200122378302998
utg4610.equina_smart_10809.mrna1	utg4610.equina_smart_10809.path1	gene_id	salinity_only_wald	down	-1.3713576554528	0.0212004060598596
utg4614.equina_smart_1807794.mrna1	utg4614.equina_smart_1807794.path1	gene_id	salinity_only_wald	up	1.15754163993585	0.00259263253610135
utg4614.equina_smart_1807794.mrna1	utg4614.equina_smart_1807794.path1	gene_id	salinity_added_wald	up	1.34886119373115	0.000873531832083194
utg4614.equina_smart_1807794.mrna1	utg4614.equina_smart_1807794.path1	gene_id	salinity_only_LRT	up	1.43832871751062	0.00726976696461518
utg467.equina_smart_496225.mrna1	utg467.equina_smart_496225.path1	gene_id	diesel_added_wald	down	-1.00776950164411	0.0368432755751776
utg467.equina_smart_496225.mrna1	utg467.equina_smart_496225.path1	gene_id	salinity_added_wald	down	-2.13459360364553	0.00335455368923546
utg467.equina_smart_496225.mrna1	utg467.equina_smart_496225.path1	gene_id	combined_wald	down	-1.80182049567576	0.0075648898260315
utg467.equina_smart_496225.mrna1	utg467.equina_smart_496225.path1	gene_id	full_model_LRT	down	-3.43084336360556	0.0438529933572647
evm.utg477.20	evm.TU.utg477.20	gene_id	salinity_only_wald	up	1.16139386548583	0.0323633930776518
evm.utg477.20	evm.TU.utg477.20	gene_id	salinity_only_LRT	up	2.03907555756451	0.02938605661436
evm.utg48.53	evm.TU.utg48.53	gene_id	salinity_only_wald	down	-1.62937135995885	0.00139278351748446
evm.utg48.53	evm.TU.utg48.53	gene_id	salinity_added_wald	down	-1.12080325039674	0.028024779753494
evm.utg48.53	evm.TU.utg48.53	gene_id	combined_wald	down	-1.22114319475361	0.0162412794131655
evm.utg48.53	evm.TU.utg48.53	gene_id	salinity_only_LRT	down	-2.16919609152227	0.00246100868444976
evm.utg48.61	evm.TU.utg48.61	gene_id	salinity_only_wald	up	2.31769652053	5.09780341375256e-05
evm.utg48.61	evm.TU.utg48.61	gene_id	salinity_added_wald	up	1.35384758803474	0.00727719027034531
evm.utg48.61	evm.TU.utg48.61	gene_id	combined_wald	up	2.34980664945155	5.5134503940894e-05
evm.utg48.61	evm.TU.utg48.61	gene_id	salinity_only_LRT	up	2.88792028737417	0.000633545366670759
evm.utg48.61	evm.TU.utg48.61	gene_id	full_model_LRT	down	-1.04445352536335	2.14647338668832e-06
evm.utg483.23	evm.TU.utg483.23	gene_id	salinity_only_wald	down	-1.94120078029094	0.000510104580956805
evm.utg483.23	evm.TU.utg483.23	gene_id	salinity_added_wald	down	-1.59777302510887	0.00386658517973479
evm.utg483.23	evm.TU.utg483.23	gene_id	combined_wald	down	-1.69163516321846	0.00225539124757734
evm.utg483.23	evm.TU.utg483.23	gene_id	salinity_only_LRT	down	-2.56729333356456	0.00566287368212028
evm.utg494.36	evm.TU.utg494.36	gene_id	salinity_added_wald	down	-1.18142677185199	0.0413123767077821
utg4977.equina_smart_1029496.mrna2	utg4977.equina_smart_1029496.path2	gene_id	salinity_only_wald	down	-1.19451463486073	0.00247881729294081
utg4977.equina_smart_1029496.mrna2	utg4977.equina_smart_1029496.path2	gene_id	salinity_added_wald	down	-1.22928011308303	0.00343965525739409
utg4977.equina_smart_1029496.mrna2	utg4977.equina_smart_1029496.path2	gene_id	combined_wald	down	-1.83393364436054	1.36137311036875e-05
utg4977.equina_smart_1029496.mrna2	utg4977.equina_smart_1029496.path2	gene_id	salinity_only_LRT	down	-1.51479093560388	0.0101556136162871
evm.utg5.39	evm.TU.utg5.39	gene_id	full_model_LRT	down	-1.63573286927398	0.0379174613694876
evm.utg5033.18	evm.TU.utg5033.18	gene_id	salinity_added_wald	up	1.92091814794673	0.00583691654614157
evm.utg5033.18	evm.TU.utg5033.18	gene_id	combined_wald	up	1.31941264194221	0.0324405363658504
evm.utg5033.18	evm.TU.utg5033.18	gene_id	full_model_LRT	up	2.81302509314881	0.00916041037978645
evm.utg5033.6	evm.TU.utg5033.6	gene_id	salinity_only_wald	down	-1.29055027493209	0.0220962147340166
evm.utg5033.6	evm.TU.utg5033.6	gene_id	salinity_added_wald	down	-1.32793544391789	0.0252343443946111
utg5066.equina_smart_1626273.mrna7	utg5066.equina_smart_1626273.path7	gene_id	diesel_added_wald	down	-1.61440538820614	0.00476874649475895
utg5066.equina_smart_1626273.mrna7	utg5066.equina_smart_1626273.path7	gene_id	full_model_LRT	down	-2.19308341488081	0.00454527062621875
utg5074.equina_smart_762073.mrna1	utg5074.equina_smart_762073.path1	gene_id	salinity_only_wald	up	1.30870763780325	0.0296239415421965
utg5074.equina_smart_762073.mrna1	utg5074.equina_smart_762073.path1	gene_id	salinity_only_LRT	up	3.4040143011594	0.0429522905040441
utg522.equina_smart_972692.mrna1	utg522.equina_smart_972692.path1	gene_id	salinity_only_wald	down	-2.26382814154859	0.00102498091830416
utg522.equina_smart_972692.mrna1	utg522.equina_smart_972692.path1	gene_id	salinity_added_wald	down	-1.22767652479117	0.0416746783613964
utg522.equina_smart_972692.mrna1	utg522.equina_smart_972692.path1	gene_id	combined_wald	down	-1.57712255024608	0.0120501050452785
utg522.equina_smart_972692.mrna1	utg522.equina_smart_972692.path1	gene_id	salinity_only_LRT	down	-3.44256926311305	0.00395821764162717
utg522.equina_smart_972692.mrna1	utg522.equina_smart_972692.path1	gene_id	full_model_LRT	up	1.0848079323786	0.00136794345835228
evm.utg536.21	evm.TU.utg536.21	gene_id	salinity_added_wald	up	5.32989171391367	6.63898717178994e-05
evm.utg536.21	evm.TU.utg536.21	gene_id	combined_wald	up	5.45165804514437	2.95164765407989e-05
evm.utg536.21	evm.TU.utg536.21	gene_id	full_model_LRT	up	3.5350817628075	5.15468670083174e-06
utg536.equina_smart_538344.mrna2	utg536.equina_smart_538344.path2	gene_id	salinity_only_LRT	up	1.83801834535978	0.0300979886294053
utg54.equina_smart_1393648.mrna3	utg54.equina_smart_1393648.path3	gene_id	diesel_added_wald	down	-1.26575933757799	0.0214484046044363
utg54.equina_smart_1393648.mrna3	utg54.equina_smart_1393648.path3	gene_id	salinity_added_wald	down	-1.34264788207349	0.0315281490801865
utg54.equina_smart_1393648.mrna3	utg54.equina_smart_1393648.path3	gene_id	combined_wald	down	-1.34574791089044	0.0294541745755468
evm.utg54.19	evm.TU.utg54.19	gene_id	salinity_only_wald	down	-1.42289104840677	0.0217400915411978
evm.utg54.19	evm.TU.utg54.19	gene_id	salinity_added_wald	down	-1.67502572167008	0.0162432746851943
evm.utg54.19	evm.TU.utg54.19	gene_id	combined_wald	down	-1.66509898090567	0.0144118463320802
utg54.equina_smart_1745750.mrna4	utg54.equina_smart_1745750.path4	gene_id	diesel_added_wald	down	-1.32535712639671	0.0171061635606773
utg54.equina_smart_1745750.mrna4	utg54.equina_smart_1745750.path4	gene_id	combined_wald	down	-1.18012396673363	0.0411891785697258
utg54.equina_smart_1745750.mrna4	utg54.equina_smart_1745750.path4	gene_id	full_model_LRT	down	-2.35870397449354	0.0387903989008117
utg56.equina_smart_570029.mrna11	utg56.equina_smart_570029.path11	gene_id	combined_wald	down	-1.44432808732132	0.00533439677982195
evm.utg577.77	evm.TU.utg577.77	gene_id	salinity_only_wald	down	-2.05283066380575	9.0657197798919e-05
evm.utg577.77	evm.TU.utg577.77	gene_id	combined_wald	down	-1.2583086434578	0.0127623138996643
evm.utg577.77	evm.TU.utg577.77	gene_id	salinity_only_LRT	down	-2.55491301536723	0.00143553709601499
evm.utg577.77	evm.TU.utg577.77	gene_id	full_model_LRT	up	2.46396910958741	0.00014918182782586
evm.utg577.98	evm.TU.utg577.98	gene_id	salinity_only_wald	down	-1.25403653498426	0.0239582687638482
utg579.equina_smart_1006379.mrna1	utg579.equina_smart_1006379.path1	gene_id	salinity_only_LRT	down	-1.09527735475517	0.000574148299134733
evm.utg589.61	evm.TU.utg589.61	gene_id	salinity_added_wald	up	1.18900205042985	0.0134655084699893
evm.utg589.61	evm.TU.utg589.61	gene_id	combined_wald	up	1.27417450188571	0.00780971065348322
evm.utg589.61	evm.TU.utg589.61	gene_id	salinity_only_LRT	up	1.25718841080903	0.0364499324178145
evm.utg59087.3	evm.TU.utg59087.3	gene_id	salinity_only_wald	down	-1.15846605523454	0.0444061337538191
evm.utg59087.3	evm.TU.utg59087.3	gene_id	salinity_only_LRT	down	-2.66074891082994	0.0443131506653649
evm.utg594.13	evm.TU.utg594.13	gene_id	salinity_added_wald	down	-1.22827750601218	0.0251329844749833
evm.utg594.13	evm.TU.utg594.13	gene_id	combined_wald	down	-1.31766282517646	0.016197870060517
utg5996.equina_smart_961746.mrna2	utg5996.equina_smart_961746.path2	gene_id	salinity_only_LRT	down	-1.20697031908957	0.0231537170644759
evm.utg6072.4	evm.TU.utg6072.4	gene_id	salinity_added_wald	up	1.22287935348879	0.0151932944793052
evm.utg6123.28	evm.TU.utg6123.28	gene_id	salinity_only_wald	down	-1.20776275590754	0.0390411841066831
utg616.equina_smart_1792832.mrna1	utg616.equina_smart_1792832.path1	gene_id	salinity_added_wald	down	-1.05931625095072	0.0247020765876296
evm.utg6183.27	evm.TU.utg6183.27	gene_id	salinity_added_wald	down	-1.06229804617959	0.0169800971619329
utg625.equina_smart_1818564.mrna1	utg625.equina_smart_1818564.path1	gene_id	combined_wald	down	-1.70774537392769	0.0104121493965023
evm.utg6334.18	evm.TU.utg6334.18	gene_id	salinity_added_wald	down	-1.15921389653171	0.0388469689791245
evm.utg6334.18	evm.TU.utg6334.18	gene_id	combined_wald	down	-1.34544871647271	0.0175323345264997
utg6379.equina_smart_1460804.mrna1	utg6379.equina_smart_1460804.path1	gene_id	salinity_only_wald	up	1.61027917440083	0.000601681252643995
utg6379.equina_smart_1460804.mrna1	utg6379.equina_smart_1460804.path1	gene_id	salinity_only_LRT	up	2.02507243919161	0.00080817805844761
utg6379.equina_smart_1460804.mrna1	utg6379.equina_smart_1460804.path1	gene_id	full_model_LRT	down	-2.52719459001601	0.000594731000694601
evm.utg64.36	evm.TU.utg64.36	gene_id	salinity_only_wald	down	-1.55581086410764	0.000768166228828239
evm.utg64.36	evm.TU.utg64.36	gene_id	salinity_added_wald	down	-1.78755156972021	0.000218686945753715
evm.utg64.36	evm.TU.utg64.36	gene_id	combined_wald	down	-1.39605100911656	0.00311066019447314
evm.utg64.36	evm.TU.utg64.36	gene_id	salinity_only_LRT	down	-1.99345078760784	0.00678949528091627
evm.utg6401.36	evm.TU.utg6401.36	gene_id	salinity_added_wald	down	-1.45996697977248	0.019720134348538
utg686.equina_smart_26209.mrna1	utg686.equina_smart_26209.path1	gene_id	salinity_only_wald	up	1.83332366972243	0.000204384889263068
utg686.equina_smart_26209.mrna1	utg686.equina_smart_26209.path1	gene_id	salinity_added_wald	up	1.26196582437879	0.0105682495994956
utg686.equina_smart_26209.mrna1	utg686.equina_smart_26209.path1	gene_id	salinity_only_LRT	up	2.2680077623763	0.000102287974358516
utg693.equina_smart_348377.mrna1	utg693.equina_smart_348377.path1	gene_id	salinity_only_wald	down	-2.20981525161166	4.6176084313399e-06
utg693.equina_smart_348377.mrna1	utg693.equina_smart_348377.path1	gene_id	diesel_added_wald	up	1.11409484711957	0.0119452632003633
utg693.equina_smart_348377.mrna1	utg693.equina_smart_348377.path1	gene_id	salinity_only_LRT	down	-2.59537498424482	0.000206821657260348
utg693.equina_smart_348377.mrna1	utg693.equina_smart_348377.path1	gene_id	full_model_LRT	up	1.92174706896441	2.26040248829779e-05
evm.utg695.9	evm.TU.utg695.9	gene_id	salinity_added_wald	up	1.27251417774451	0.00362445865130933
evm.utg695.9	evm.TU.utg695.9	gene_id	full_model_LRT	up	1.44430657006219	0.0128633687214748
evm.utg695.3	evm.TU.utg695.3	gene_id	salinity_added_wald	down	-1.51275943040116	0.0194889808326358
evm.utg695.3	evm.TU.utg695.3	gene_id	combined_wald	down	-1.50044782590649	0.0184416518339256
utg69632.equina_smart_1711350.mrna3	utg69632.equina_smart_1711350.path3	gene_id	salinity_only_wald	up	4.27846683042716	2.73818769976748e-07
utg69632.equina_smart_1711350.mrna3	utg69632.equina_smart_1711350.path3	gene_id	diesel_added_wald	down	-1.08535320633127	0.0285094013979037
utg69632.equina_smart_1711350.mrna3	utg69632.equina_smart_1711350.path3	gene_id	combined_wald	up	1.30239543479494	0.0316150739542959
utg69632.equina_smart_1711350.mrna3	utg69632.equina_smart_1711350.path3	gene_id	salinity_only_LRT	up	5.00929615663063	8.5591556276295e-06
utg69632.equina_smart_1711350.mrna3	utg69632.equina_smart_1711350.path3	gene_id	full_model_LRT	down	-3.78390058944457	1.27577013299998e-08
utg7.equina_smart_496225.mrna2	utg7.equina_smart_496225.path2	gene_id	salinity_added_wald	down	-1.00149477416127	0.0341035916358048
evm.utg7048.6	evm.TU.utg7048.6	gene_id	salinity_added_wald	down	-1.20652260836468	0.0193097158806445
evm.utg7048.6	evm.TU.utg7048.6	gene_id	combined_wald	down	-1.0295982622437	0.0434812238412804
utg70613.equina_smart_1482040.mrna5	utg70613.equina_smart_1482040.path5	gene_id	salinity_added_wald	down	-1.51864582382276	0.0234192253372931
utg70613.equina_smart_1482040.mrna5	utg70613.equina_smart_1482040.path5	gene_id	combined_wald	down	-1.41045010124987	0.0275865602640223
evm.utg7066.24	evm.TU.utg7066.24	gene_id	salinity_added_wald	down	-1.27923596930974	0.0353932777879993
evm.utg7066.4	evm.TU.utg7066.4	gene_id	salinity_only_wald	down	-2.13584177007836	0.00495729719792494
evm.utg7066.4	evm.TU.utg7066.4	gene_id	salinity_only_LRT	down	-6.0290295092387	0.0105923617904274
evm.utg7066.4	evm.TU.utg7066.4	gene_id	full_model_LRT	up	5.17546140147773	0.0243671607002854
evm.utg707.5	evm.TU.utg707.5	gene_id	salinity_only_wald	down	-1.08000333286098	0.0383559741722984
evm.utg707.5	evm.TU.utg707.5	gene_id	salinity_added_wald	down	-1.11271616803465	0.0449660696066932
evm.utg707.5	evm.TU.utg707.5	gene_id	salinity_only_LRT	down	-1.84731667666547	0.0325812647044606
evm.utg707.6	evm.TU.utg707.6	gene_id	salinity_only_wald	down	-1.30634602459499	0.0214868613931682
evm.utg707.6	evm.TU.utg707.6	gene_id	salinity_only_LRT	down	-2.32177015809534	0.00419902180724428
evm.utg714.31	evm.TU.utg714.31	gene_id	combined_wald	down	-1.04633168329946	0.031146878765143
utg7179.equina_smart_413503.mrna5	utg7179.equina_smart_413503.path5	gene_id	salinity_added_wald	down	-1.06726356040491	0.0261842879584874
utg7179.equina_smart_413503.mrna5	utg7179.equina_smart_413503.path5	gene_id	combined_wald	down	-1.22909762277282	0.00985471199481235
utg7179.equina_smart_413503.mrna5	utg7179.equina_smart_413503.path5	gene_id	full_model_LRT	down	-1.34530270871834	0.0386218421594675
evm.utg7286.25	evm.TU.utg7286.25	gene_id	salinity_added_wald	up	1.2807014881963	0.00210317894121932
evm.utg7286.25	evm.TU.utg7286.25	gene_id	full_model_LRT	up	1.04902235180622	0.00555582492652485
utg7289.evm.utg16112.2.mrna2	utg7289.evm.utg16112.2.path2	gene_id	diesel_added_wald	down	-1.95706127379418	0.00556586410253142
utg7289.evm.utg16112.2.mrna2	utg7289.evm.utg16112.2.path2	gene_id	full_model_LRT	down	-2.6608348236194	0.00498399784586936
evm.utg73.110	evm.TU.utg73.110	gene_id	salinity_only_wald	up	2.30286861500204	0.000466736199007944
evm.utg73.110	evm.TU.utg73.110	gene_id	combined_wald	up	1.64286257111959	0.00739750772045085
evm.utg73.110	evm.TU.utg73.110	gene_id	salinity_only_LRT	up	3.23016613791388	0.000871309989965783
evm.utg73.110	evm.TU.utg73.110	gene_id	full_model_LRT	down	-2.14399718473786	0.00116739713029012
utg73.equina_smart_847212.mrna1	utg73.equina_smart_847212.path1	gene_id	combined_wald	down	-1.09631889527034	0.0252952655081637
evm.utg735.50	evm.TU.utg735.50	gene_id	salinity_only_wald	up	1.37720213748762	0.00210987957186482
evm.utg735.50	evm.TU.utg735.50	gene_id	salinity_only_LRT	up	1.78253982552249	0.00110004919734738
evm.utg735.57	evm.TU.utg735.57	gene_id	salinity_only_wald	down	-1.32953626442357	0.0264845203026381
evm.utg735.57	evm.TU.utg735.57	gene_id	salinity_only_LRT	down	-2.85832967379397	0.0328665873899835
evm.utg7548.1	evm.TU.utg7548.1	gene_id	full_model_LRT	down	-7.5836473256457	0.0353720036103774
evm.utg7596.14	evm.TU.utg7596.14	gene_id	salinity_added_wald	up	1.23460730583895	0.0224651444796028
evm.utg7596.14	evm.TU.utg7596.14	gene_id	full_model_LRT	up	1.07255531751039	0.0430357252108919
evm.utg7680.3	evm.TU.utg7680.3	gene_id	salinity_added_wald	down	-2.51887951857848	0.000462463311001876
evm.utg7680.3	evm.TU.utg7680.3	gene_id	combined_wald	down	-1.66573162923889	0.00800775271851351
evm.utg7680.3	evm.TU.utg7680.3	gene_id	full_model_LRT	down	-3.14678813561588	0.0100534844178878
evm.utg7840.29	evm.TU.utg7840.29	gene_id	salinity_only_wald	down	-2.73421369594053	0.00138789828427356
evm.utg7840.29	evm.TU.utg7840.29	gene_id	full_model_LRT	up	3.64605202735254	0.00561489452600526
utg7855.equina_smart_359010.mrna2	utg7855.equina_smart_359010.path2	gene_id	salinity_added_wald	down	-1.24499991604548	0.0389062012990436
evm.utg788.111	evm.TU.utg788.111	gene_id	salinity_added_wald	down	-2.10376028484237	0.00486837881703305
evm.utg788.111	evm.TU.utg788.111	gene_id	combined_wald	down	-2.57354599074703	0.00128243480839279
evm.utg788.111	evm.TU.utg788.111	gene_id	full_model_LRT	down	-1.72917835618143	0.0149332002461306
evm.utg7931.9	evm.TU.utg7931.9	gene_id	salinity_only_wald	down	-1.3913241646663	0.0228134810116257
utg801.equina_smart_1701734.mrna1	utg801.equina_smart_1701734.path1	gene_id	diesel_added_wald	down	-2.20162494715669	0.000997645923798641
utg801.equina_smart_1701734.mrna1	utg801.equina_smart_1701734.path1	gene_id	salinity_added_wald	down	-2.86170844229061	3.10045517992327e-06
utg801.equina_smart_1701734.mrna1	utg801.equina_smart_1701734.path1	gene_id	combined_wald	down	-2.88733130053889	1.99258024424582e-06
utg801.equina_smart_1701734.mrna1	utg801.equina_smart_1701734.path1	gene_id	full_model_LRT	down	-2.83620597552431	6.34155111875475e-06
evm.utg801.100	evm.TU.utg801.100	gene_id	salinity_only_wald	down	-1.53210190169203	0.000678364161442022
evm.utg801.100	evm.TU.utg801.100	gene_id	salinity_only_LRT	down	-1.93000149107975	0.00165577623677961
utg80148.evm.utg16484.3.mrna8	utg80148.evm.utg16484.3.path8	gene_id	full_model_LRT	down	-1.13711330374043	0.0332495673577049
evm.utg817.29	evm.TU.utg817.29	gene_id	diesel_added_wald	down	-1.01891293853055	0.0254876349909448
evm.utg817.29	evm.TU.utg817.29	gene_id	salinity_added_wald	down	-1.7615780979672	0.00132736212516097
evm.utg817.29	evm.TU.utg817.29	gene_id	combined_wald	down	-1.16034178180425	0.0269056453680354
evm.utg817.29	evm.TU.utg817.29	gene_id	full_model_LRT	down	-2.66571295901288	0.0102232976202059
evm.utg820.12	evm.TU.utg820.12	gene_id	diesel_added_wald	down	-1.47913802957357	0.011877935308421
evm.utg820.12	evm.TU.utg820.12	gene_id	salinity_added_wald	down	-1.53619910663063	0.0106649710154472
evm.utg820.12	evm.TU.utg820.12	gene_id	combined_wald	down	-1.85554797392758	0.00281703192452981
evm.utg820.12	evm.TU.utg820.12	gene_id	full_model_LRT	down	-2.46256533013238	0.0200357910639292
utg844.equina_smart_854614.mrna2	utg844.equina_smart_854614.path2	gene_id	diesel_added_wald	down	-1.06301135925839	0.0325103259618773
utg8494.equina_smart_1606023.mrna1	utg8494.equina_smart_1606023.path1	gene_id	diesel_added_wald	down	-2.06386598249905	0.00103515372605279
utg8494.equina_smart_1606023.mrna1	utg8494.equina_smart_1606023.path1	gene_id	salinity_added_wald	down	-2.70077612832791	2.96341372110748e-06
utg8494.equina_smart_1606023.mrna1	utg8494.equina_smart_1606023.path1	gene_id	combined_wald	down	-3.3565597330119	9.87713684350447e-09
utg8494.equina_smart_1606023.mrna1	utg8494.equina_smart_1606023.path1	gene_id	full_model_LRT	down	-2.08209726213078	8.03728195285472e-07
utg8494.equina_smart_1464943.mrna1	utg8494.equina_smart_1464943.path1	gene_id	salinity_added_wald	up	1.88504361291417	0.00331038079318971
utg8494.equina_smart_1464943.mrna1	utg8494.equina_smart_1464943.path1	gene_id	combined_wald	up	1.27453195725746	0.0294541745755468
utg8494.equina_smart_1464943.mrna1	utg8494.equina_smart_1464943.path1	gene_id	full_model_LRT	up	2.06836207570783	0.00765062043146562
utg8609.equina_smart_1465235.mrna1	utg8609.equina_smart_1465235.path1	gene_id	salinity_only_wald	up	1.50687587356066	0.0163808613918874
utg8609.equina_smart_1465235.mrna1	utg8609.equina_smart_1465235.path1	gene_id	full_model_LRT	down	-3.11575509993565	0.0115975060638252
evm.utg8672.19	evm.TU.utg8672.19	gene_id	salinity_added_wald	up	1.11243944971369	0.0438245704438547
evm.utg8672.19	evm.TU.utg8672.19	gene_id	combined_wald	up	1.13471655976675	0.0388598599206096
utg8726.equina_smart_1483511.mrna1	utg8726.equina_smart_1483511.path1	gene_id	combined_wald	down	-1.87747476877059	0.00891345887003939
evm.utg8726.2	evm.TU.utg8726.2	gene_id	diesel_added_wald	up	1.71252774278587	0.009376661836414
evm.utg8726.2	evm.TU.utg8726.2	gene_id	salinity_added_wald	up	4.65773297397168	4.96560612537123e-07
evm.utg8726.2	evm.TU.utg8726.2	gene_id	combined_wald	up	2.93361148650473	0.000200186727596928
evm.utg8726.2	evm.TU.utg8726.2	gene_id	full_model_LRT	up	4.83764219401547	1.76218954899836e-07
evm.utg8726.1	evm.TU.utg8726.1	gene_id	salinity_added_wald	up	1.46828558101072	0.0263947641794696
evm.utg8726.3	evm.TU.utg8726.3	gene_id	diesel_added_wald	up	2.51086702339127	0.00281744374360197
evm.utg8726.3	evm.TU.utg8726.3	gene_id	salinity_added_wald	up	1.53640169393921	0.0197227438244498
evm.utg8726.3	evm.TU.utg8726.3	gene_id	combined_wald	up	1.21548171624184	0.0469589456958681
evm.utg8726.3	evm.TU.utg8726.3	gene_id	full_model_LRT	up	4.87317727632697	0.000974830139113878
utg888.equina_smart_497476.mrna1	utg888.equina_smart_497476.path1	gene_id	salinity_only_wald	down	-19.0733104217305	1.64355373072344e-08
utg888.equina_smart_497476.mrna1	utg888.equina_smart_497476.path1	gene_id	diesel_added_wald	up	21.6793746738122	5.19548372041753e-09
utg888.equina_smart_497476.mrna1	utg888.equina_smart_497476.path1	gene_id	interactive_only_wald	up	27.4531078248281	1.74594433704042e-06
evm.utg910.134	evm.TU.utg910.134	gene_id	combined_wald	up	1.34677827946718	0.0226715764359844
evm.utg910.24	evm.TU.utg910.24	gene_id	salinity_only_wald	down	-1.66824040322546	0.00260616130642152
evm.utg910.24	evm.TU.utg910.24	gene_id	salinity_only_LRT	down	-2.37799879887015	0.014022739073389
evm.utg910.59.60	evm.TU.utg910.59.60	gene_id	salinity_only_LRT	down	-1.58698104470178	0.0496039070853869
utg9202.equina_smart_1466204.mrna1	utg9202.equina_smart_1466204.path1	gene_id	salinity_only_wald	up	1.35086815204169	0.015671815750212
utg9202.equina_smart_1466204.mrna1	utg9202.equina_smart_1466204.path1	gene_id	salinity_only_LRT	up	2.22931495718297	0.0141404297361649
utg9202.equina_smart_1466204.mrna1	utg9202.equina_smart_1466204.path1	gene_id	full_model_LRT	down	-1.61287799072992	0.0446755197388086
evm.utg967.7	evm.TU.utg967.7	gene_id	salinity_only_wald	down	-1.05629892372873	0.021248385529478
evm.utg9762.5	evm.TU.utg9762.5	gene_id	salinity_only_wald	down	-1.181676500689	0.0393058456552795
evm.utg9762.5	evm.TU.utg9762.5	gene_id	salinity_added_wald	down	-1.49565679937542	0.0192243870419658
evm.utg983.23	evm.TU.utg983.23	gene_id	full_model_LRT	up	1.0790767933209	0.0171606317501613
evm.utg10026.15	evm.TU.utg10026.15	gene_id	salinity_added_wald	up	1.4962449430325	0.00633074204413011
evm.utg10026.15	evm.TU.utg10026.15	gene_id	combined_wald	up	1.37091488929284	0.0109235728113186
evm.utg10156.6	evm.TU.utg10156.6	gene_id	combined_wald	down	-1.60888021597418	0.0149344863726044
evm.utg1022.50	evm.TU.utg1022.50	gene_id	salinity_added_wald	down	-1.05707716860478	0.0112092952349589
evm.utg1022.50	evm.TU.utg1022.50	gene_id	combined_wald	down	-1.05780431163273	0.0104562435794547
evm.utg1031.48	evm.TU.utg1031.48	gene_id	salinity_only_wald	down	-1.50811131721322	0.00355305040719358
evm.utg1031.48	evm.TU.utg1031.48	gene_id	salinity_added_wald	down	-1.87454337802035	0.000716709361667595
evm.utg1031.48	evm.TU.utg1031.48	gene_id	combined_wald	down	-2.46374993815364	1.92244889440279e-05
evm.utg1032.36	evm.TU.utg1032.36	gene_id	salinity_added_wald	down	-1.3394194731537	0.0246823916557663
evm.utg10588.22	evm.TU.utg10588.22	gene_id	salinity_added_wald	up	1.6565825559443	0.0170962400550508
evm.utg10588.22	evm.TU.utg10588.22	gene_id	full_model_LRT	up	2.0575067984037	0.0353703161584383
evm.utg109.50	evm.TU.utg109.50	gene_id	diesel_added_wald	down	-1.14693088999267	0.0231096925910644
evm.utg109.50	evm.TU.utg109.50	gene_id	full_model_LRT	down	-2.72247530732652	0.0403253349105042
evm.utg109.4	evm.TU.utg109.4	gene_id	salinity_added_wald	down	-1.07583427359132	0.0352630568002737
evm.utg109.4	evm.TU.utg109.4	gene_id	combined_wald	down	-1.58569092031577	0.00227059966371359
evm.utg109.4	evm.TU.utg109.4	gene_id	full_model_LRT	down	-1.34966995490154	0.0146019308752269
evm.utg109.12	evm.TU.utg109.12	gene_id	salinity_added_wald	down	-1.84127196297195	0.00123809365446403
evm.utg109.12	evm.TU.utg109.12	gene_id	combined_wald	down	-1.1677858336534	0.0293307666874251
evm.utg109.12	evm.TU.utg109.12	gene_id	full_model_LRT	down	-1.47021886194187	0.00334663273392895
evm.utg10933.9	evm.TU.utg10933.9	gene_id	salinity_added_wald	up	1.51877624100271	0.0183678289863701
evm.utg113.6	evm.TU.utg113.6	gene_id	salinity_added_wald	down	-1.24281909158248	0.0367119717533129
evm.utg113.6	evm.TU.utg113.6	gene_id	combined_wald	down	-1.68650517010084	0.00709060547342013
evm.utg113.6	evm.TU.utg113.6	gene_id	full_model_LRT	down	-1.21246980936912	0.0458854201718333
evm.utg1137.1	evm.TU.utg1137.1	gene_id	salinity_only_wald	up	1.17076462896997	0.000226602966656213
evm.utg1137.1	evm.TU.utg1137.1	gene_id	salinity_added_wald	up	1.27345524180256	0.00014879877408042
evm.utg1137.1	evm.TU.utg1137.1	gene_id	combined_wald	up	1.02121303785399	0.00248326133831426
evm.utg1137.1	evm.TU.utg1137.1	gene_id	salinity_only_LRT	up	1.35366453137875	0.00184067057445076
utg12030.equina_smart_170331.mrna11	utg12030.equina_smart_170331.path11	gene_id	combined_wald	down	-1.33758902094788	0.0244240790561994
evm.utg1204.8	evm.TU.utg1204.8	gene_id	salinity_only_wald	up	3.26233940179071	6.64571961639453e-15
evm.utg1204.8	evm.TU.utg1204.8	gene_id	salinity_added_wald	up	2.32674350715583	1.80467806117419e-07
evm.utg1204.8	evm.TU.utg1204.8	gene_id	combined_wald	up	1.74027532377915	4.88751563086571e-05
evm.utg1204.8	evm.TU.utg1204.8	gene_id	salinity_only_LRT	up	3.50193112634208	1.05285896204408e-11
evm.utg12230.7	evm.TU.utg12230.7	gene_id	salinity_added_wald	down	-1.87092771523444	0.00196418869072433
evm.utg12230.7	evm.TU.utg12230.7	gene_id	combined_wald	down	-2.06734765042608	0.000730761380337
evm.utg12230.7	evm.TU.utg12230.7	gene_id	full_model_LRT	down	-1.75001734274371	0.00785571190607148
evm.utg1230.24	evm.TU.utg1230.24	gene_id	salinity_added_wald	down	-2.07095125494288	0.00365345913062242
evm.utg1230.24	evm.TU.utg1230.24	gene_id	combined_wald	down	-1.53989786626074	0.0160100073705549
evm.utg1230.24	evm.TU.utg1230.24	gene_id	full_model_LRT	down	-1.96175705408795	0.0061868457309437
evm.utg126.60	evm.TU.utg126.60	gene_id	salinity_only_wald	down	-1.39994270021755	5.23060290739149e-06
evm.utg126.60	evm.TU.utg126.60	gene_id	salinity_only_LRT	down	-1.57801151504141	0.000108429742822373
evm.utg12655.42	evm.TU.utg12655.42	gene_id	salinity_only_wald	down	-2.51418340939614	2.78388617171749e-07
evm.utg12655.42	evm.TU.utg12655.42	gene_id	salinity_added_wald	down	-1.71235007689273	0.000392570583838456
evm.utg12655.42	evm.TU.utg12655.42	gene_id	combined_wald	down	-1.67527769548886	0.000478048355996074
evm.utg12655.42	evm.TU.utg12655.42	gene_id	salinity_only_LRT	down	-2.89948056289248	9.23575686300922e-06
evm.utg129.71	evm.TU.utg129.71	gene_id	salinity_added_wald	down	-1.46358412121826	0.0267859156442745
evm.utg129.71	evm.TU.utg129.71	gene_id	combined_wald	down	-1.48440397698984	0.0225752849742593
evm.utg1290.21	evm.TU.utg1290.21	gene_id	salinity_only_wald	up	2.38024767890657	9.99803539049183e-09
evm.utg1290.21	evm.TU.utg1290.21	gene_id	salinity_added_wald	up	1.3753820841585	0.00102209726328314
evm.utg1290.21	evm.TU.utg1290.21	gene_id	combined_wald	up	1.49631762308729	0.000355420357656399
evm.utg1290.21	evm.TU.utg1290.21	gene_id	salinity_only_LRT	up	2.62429432952071	5.85001600769851e-08
evm.utg1378.28	evm.TU.utg1378.28	gene_id	salinity_only_wald	down	-1.16412809548209	0.0444988539350313
evm.utg1378.28	evm.TU.utg1378.28	gene_id	combined_wald	down	-2.08135599159363	0.00539790096311797
evm.utg1396.29	evm.TU.utg1396.29	gene_id	salinity_only_wald	down	-1.07860663733712	0.0099032414778161
evm.utg1396.29	evm.TU.utg1396.29	gene_id	salinity_only_LRT	down	-1.45262213842704	0.0130728296052044
utg14280.equina_smart_1880501.mrna4	utg14280.equina_smart_1880501.path4	gene_id	salinity_added_wald	down	-1.43440821485575	0.00740721150660214
utg14280.equina_smart_1880501.mrna4	utg14280.equina_smart_1880501.path4	gene_id	combined_wald	down	-1.5666062635767	0.00362323324557634
utg14280.equina_smart_1880501.mrna4	utg14280.equina_smart_1880501.path4	gene_id	full_model_LRT	down	-1.00987897725208	0.0138665067530675
evm.utg14366.20	evm.TU.utg14366.20	gene_id	combined_wald	up	1.04370496881854	0.0417189270673795
evm.utg1450.3	evm.TU.utg1450.3	gene_id	full_model_LRT	down	-3.04095184291044	0.0182294597594416
evm.utg1468.9	evm.TU.utg1468.9	gene_id	salinity_added_wald	up	1.45556304035362	0.00950104773349517
evm.utg1468.9	evm.TU.utg1468.9	gene_id	combined_wald	up	1.13921881081996	0.035965849462999
evm.utg1468.9	evm.TU.utg1468.9	gene_id	full_model_LRT	up	2.03512474223438	0.0114909386828772
evm.utg14913.6	evm.TU.utg14913.6	gene_id	salinity_added_wald	up	1.03603430763986	0.0162837773607736
evm.utg15164.53	evm.TU.utg15164.53	gene_id	salinity_only_wald	down	-1.29857717813301	0.00471966599987328
evm.utg15164.53	evm.TU.utg15164.53	gene_id	salinity_only_LRT	down	-1.7666246896453	0.0203671694228732
evm.utg15164.53	evm.TU.utg15164.53	gene_id	full_model_LRT	up	1.39082486923842	0.0239808805722139
evm.utg1525.31	evm.TU.utg1525.31	gene_id	salinity_added_wald	up	1.61325435480772	6.30439285713795e-05
evm.utg1525.31	evm.TU.utg1525.31	gene_id	combined_wald	up	1.0352405975614	0.00968874493491901
evm.utg1525.31	evm.TU.utg1525.31	gene_id	full_model_LRT	up	1.71885385684192	0.00016057392988926
evm.utg1530.38	evm.TU.utg1530.38	gene_id	salinity_added_wald	down	-1.13667527212785	0.0213689774956346
evm.utg1623.36	evm.TU.utg1623.36	gene_id	salinity_only_wald	up	1.67891968675613	0.0109080131081304
evm.utg1623.36	evm.TU.utg1623.36	gene_id	salinity_added_wald	up	1.31757970143285	0.0337666327527467
evm.utg1623.36	evm.TU.utg1623.36	gene_id	combined_wald	up	1.44098049557505	0.0211645046415371
evm.utg16443.18	evm.TU.utg16443.18	gene_id	salinity_only_wald	up	1.4126113999408	0.0131213266740117
evm.utg16443.18	evm.TU.utg16443.18	gene_id	salinity_added_wald	up	1.26979755987209	0.0292541920099621
evm.utg16443.18	evm.TU.utg16443.18	gene_id	combined_wald	up	1.18131766119845	0.039049409271419
evm.utg16443.18	evm.TU.utg16443.18	gene_id	salinity_only_LRT	up	2.34038683967377	0.0328517305964451
evm.utg1648.32	evm.TU.utg1648.32	gene_id	salinity_only_wald	down	-1.19756027704452	0.0199774810104073
evm.utg1648.32	evm.TU.utg1648.32	gene_id	salinity_added_wald	down	-1.65741657913936	0.00330243024952002
evm.utg1648.32	evm.TU.utg1648.32	gene_id	combined_wald	down	-1.28265366617494	0.0179345961367044
evm.utg1648.32	evm.TU.utg1648.32	gene_id	salinity_only_LRT	down	-1.89186214399934	0.0453339236935108
evm.utg1683.47	evm.TU.utg1683.47	gene_id	salinity_only_wald	up	1.09637779483326	0.0347953949882637
evm.utg1683.47	evm.TU.utg1683.47	gene_id	salinity_only_LRT	up	1.83688825948365	0.025103658428547
evm.utg1683.50	evm.TU.utg1683.50	gene_id	salinity_added_wald	up	3.57040661448554	0.000403122646026684
evm.utg1683.50	evm.TU.utg1683.50	gene_id	combined_wald	up	2.01721116762497	0.00634027566979182
evm.utg1683.50	evm.TU.utg1683.50	gene_id	full_model_LRT	up	2.76804235776549	0.000190014806094747
evm.utg1683.55	evm.TU.utg1683.55	gene_id	salinity_only_wald	down	-1.15068470089572	0.000226602966656213
evm.utg1683.55	evm.TU.utg1683.55	gene_id	salinity_only_LRT	down	-1.34172260834852	0.000765861467805372
evm.utg1683.58	evm.TU.utg1683.58	gene_id	salinity_only_wald	down	-1.25649062161475	0.000141555220674979
evm.utg1683.58	evm.TU.utg1683.58	gene_id	salinity_added_wald	down	-1.08731049448431	0.00195536810706689
evm.utg1683.58	evm.TU.utg1683.58	gene_id	salinity_only_LRT	down	-1.47410212843689	0.000493000006631357
evm.utg17293.11	evm.TU.utg17293.11	gene_id	salinity_only_wald	up	1.74827917485401	0.00999928983370339
evm.utg17293.11	evm.TU.utg17293.11	gene_id	full_model_LRT	down	-4.96289013321157	0.00395360772260719
evm.utg1748.1	evm.TU.utg1748.1	gene_id	full_model_LRT	down	-1.01815552143182	0.0124586880971272
evm.utg1754.1	evm.TU.utg1754.1	gene_id	salinity_only_wald	down	-1.31597368940738	0.0194520358432517
utg1799.equina_smart_1289024.mrna3	utg1799.equina_smart_1289024.path3	gene_id	salinity_added_wald	down	-1.27824368756502	0.0117426771048085
utg1799.equina_smart_1289024.mrna3	utg1799.equina_smart_1289024.path3	gene_id	combined_wald	down	-1.44750075939209	0.00444343978579668
evm.utg1828.28	evm.TU.utg1828.28	gene_id	salinity_only_wald	down	-1.14324747332112	0.0460520388101642
evm.utg183.8	evm.TU.utg183.8	gene_id	salinity_only_LRT	up	1.10709633364808	0.023873298466885
evm.utg18633.2	evm.TU.utg18633.2	gene_id	diesel_added_wald	up	1.04877991200191	0.00352161881106034
evm.utg18633.2	evm.TU.utg18633.2	gene_id	combined_wald	up	1.21560341971021	0.000782489206578528
utg18932.equina_smart_1536488.mrna3	utg18932.equina_smart_1536488.path3	gene_id	salinity_only_LRT	up	1.09834913924991	0.0137952656821905
utg18932.equina_smart_1536488.mrna3	utg18932.equina_smart_1536488.path3	gene_id	full_model_LRT	down	-1.38906564868989	0.0082016801049732
utg18932.equina_smart_1811815.mrna7	utg18932.equina_smart_1811815.path7	gene_id	salinity_only_wald	up	2.16716853261681	1.17769554930754e-06
utg18932.equina_smart_1811815.mrna7	utg18932.equina_smart_1811815.path7	gene_id	salinity_only_LRT	up	2.46303315378642	3.05369111856787e-05
utg18932.equina_smart_1811815.mrna7	utg18932.equina_smart_1811815.path7	gene_id	full_model_LRT	down	-1.43253873095949	6.79220502478742e-09
evm.utg1919.73	evm.TU.utg1919.73	gene_id	combined_wald	up	1.20578632427744	0.00758769016686013
evm.utg1925.33	evm.TU.utg1925.33	gene_id	salinity_added_wald	down	-1.61506850551835	0.0188324247061496
evm.utg1925.33	evm.TU.utg1925.33	gene_id	combined_wald	down	-2.30117066247589	0.0038331417166482
evm.utg1925.33	evm.TU.utg1925.33	gene_id	full_model_LRT	down	-2.30065306149512	0.0204267132678806
evm.utg1931.3	evm.TU.utg1931.3	gene_id	salinity_added_wald	down	-1.20605240941004	0.0359171106674208
evm.utg2012.9	evm.TU.utg2012.9	gene_id	combined_wald	down	-1.58078160870239	0.00609188435501244
evm.utg2024.17	evm.TU.utg2024.17	gene_id	salinity_only_wald	down	-1.48598014759675	0.00274935390246233
evm.utg2024.17	evm.TU.utg2024.17	gene_id	salinity_only_LRT	down	-2.02540798887578	0.0102899527300837
evm.utg203.30	evm.TU.utg203.30	gene_id	salinity_added_wald	down	-2.3478229994798	0.00467942527538708
evm.utg203.30	evm.TU.utg203.30	gene_id	combined_wald	down	-2.45067763128	0.00300603783284702
evm.utg203.30	evm.TU.utg203.30	gene_id	full_model_LRT	down	-4.60438771887141	0.0284847361400291
evm.utg2071.23	evm.TU.utg2071.23	gene_id	salinity_only_wald	up	1.25927001699551	0.0329663958324128
evm.utg2071.23	evm.TU.utg2071.23	gene_id	salinity_added_wald	up	1.70642134599692	0.0151478075676855
evm.utg2071.23	evm.TU.utg2071.23	gene_id	combined_wald	up	3.33041746068582	0.000514156308081755
evm.utg2071.23	evm.TU.utg2071.23	gene_id	salinity_only_LRT	up	3.68628370957608	0.0102697212293598
evm.utg2073.25	evm.TU.utg2073.25	gene_id	salinity_only_wald	down	-1.2849861382922	0.0264849056456024
evm.utg2073.25	evm.TU.utg2073.25	gene_id	salinity_added_wald	down	-1.50890389639581	0.0167969901193068
evm.utg2073.25	evm.TU.utg2073.25	gene_id	combined_wald	down	-1.40861708062839	0.0218272670407978
evm.utg2073.36	evm.TU.utg2073.36	gene_id	salinity_only_wald	down	-1.60958667696353	0.0135571742362042
evm.utg2073.36	evm.TU.utg2073.36	gene_id	salinity_added_wald	down	-3.37657530514418	0.000420237686224029
evm.utg2073.36	evm.TU.utg2073.36	gene_id	combined_wald	down	-2.03981467248994	0.00561422676207492
evm.utg2073.36	evm.TU.utg2073.36	gene_id	salinity_only_LRT	down	-3.70939898115946	0.020243958638623
evm.utg2073.36	evm.TU.utg2073.36	gene_id	full_model_LRT	down	-1.50242668351607	0.000501607685072208
evm.utg2100.25	evm.TU.utg2100.25	gene_id	combined_wald	up	1.15778643268259	0.00662335741779916
evm.utg2100.25	evm.TU.utg2100.25	gene_id	full_model_LRT	up	1.11469888668	0.00336473169259633
evm.utg21228.9	evm.TU.utg21228.9	gene_id	salinity_added_wald	down	-1.19321548045551	0.0266557664209818
evm.utg21228.9	evm.TU.utg21228.9	gene_id	combined_wald	down	-1.13730268154832	0.0328577140307873
evm.utg2159.32	evm.TU.utg2159.32	gene_id	salinity_only_wald	up	1.17325222250582	0.00679853509279277
evm.utg2159.32	evm.TU.utg2159.32	gene_id	salinity_added_wald	up	1.45560782698461	0.00150344382653349
evm.utg2159.32	evm.TU.utg2159.32	gene_id	combined_wald	up	1.61302176616387	0.000455963527060412
evm.utg2159.32	evm.TU.utg2159.32	gene_id	salinity_only_LRT	up	1.56402997885768	0.00930981729525087
evm.utg217.26	evm.TU.utg217.26	gene_id	salinity_only_wald	down	-1.87714524726924	0.00531606942772947
evm.utg217.26	evm.TU.utg217.26	gene_id	salinity_only_LRT	down	-3.40739420452992	0.00596724584998367
evm.utg217.26	evm.TU.utg217.26	gene_id	full_model_LRT	up	1.10267167169978	0.00355167821119299
evm.utg2338.21	evm.TU.utg2338.21	gene_id	diesel_added_wald	up	1.55260093420511	0.00958995235335809
evm.utg2338.21	evm.TU.utg2338.21	gene_id	salinity_added_wald	up	2.29188749749691	0.000505438349066298
evm.utg2338.21	evm.TU.utg2338.21	gene_id	interactive_only_wald	up	2.19821578678898	0.0259730909696455
evm.utg2338.21	evm.TU.utg2338.21	gene_id	full_model_LRT	up	4.21481715121374	0.000288750305582026
evm.utg2338.21	evm.TU.utg2338.21	gene_id	interactive_only_LRT	up	4.21481715121374	0.0456212226946324
utg2343.equina_smart_1869304.mrna6	utg2343.equina_smart_1869304.path6	gene_id	salinity_only_wald	up	1.06056257386292	0.00836024378262922
utg2343.equina_smart_1869304.mrna6	utg2343.equina_smart_1869304.path6	gene_id	salinity_only_LRT	up	1.37368371510491	0.0302873361089243
utg2343.equina_smart_1869304.mrna6	utg2343.equina_smart_1869304.path6	gene_id	full_model_LRT	down	-1.7515065253757	0.0107774579138084
evm.utg236.3	evm.TU.utg236.3	gene_id	salinity_added_wald	down	-1.72414396974249	0.0143150333988485
evm.utg236.3	evm.TU.utg236.3	gene_id	combined_wald	down	-2.10641682007228	0.00516681282107247
evm.utg236.3	evm.TU.utg236.3	gene_id	full_model_LRT	down	-1.8014378461456	0.0201187387916595
evm.utg2367.17	evm.TU.utg2367.17	gene_id	salinity_added_wald	up	2.89848263880471	0.000548073387106479
evm.utg2367.17	evm.TU.utg2367.17	gene_id	full_model_LRT	up	3.23070826360283	0.00633770899954539
evm.utg237.23	evm.TU.utg237.23	gene_id	salinity_added_wald	up	1.47796303336212	0.0125714293184151
evm.utg237.23	evm.TU.utg237.23	gene_id	combined_wald	up	1.50301096081724	0.0107134847995887
evm.utg245.10	evm.TU.utg245.10	gene_id	salinity_only_wald	down	-1.3909266222495	0.0234516826439383
evm.utg245.10	evm.TU.utg245.10	gene_id	combined_wald	down	-1.52818650964677	0.0193073900791361
evm.utg2526.13	evm.TU.utg2526.13	gene_id	combined_wald	up	1.46395321543358	0.0154925818699079
evm.utg26219.17	evm.TU.utg26219.17	gene_id	salinity_only_wald	up	1.63768400444059	0.00703407225346153
evm.utg26219.17	evm.TU.utg26219.17	gene_id	salinity_only_LRT	up	2.69169869875341	0.0087771638069011
evm.utg26219.17	evm.TU.utg26219.17	gene_id	full_model_LRT	down	-2.31449047920017	0.00141178230271423
evm.utg27318.17	evm.TU.utg27318.17	gene_id	combined_wald	up	1.52078922507782	0.0203844585592629
evm.utg27318.17	evm.TU.utg27318.17	gene_id	full_model_LRT	up	1.2242390739386	0.0479291101101829
evm.utg2838.10	evm.TU.utg2838.10	gene_id	salinity_only_wald	up	2.21264999958979	0.000541648378479686
evm.utg2838.10	evm.TU.utg2838.10	gene_id	salinity_added_wald	up	1.37116104604954	0.0200389072838718
evm.utg2838.10	evm.TU.utg2838.10	gene_id	combined_wald	up	1.29487305906807	0.0254360057052341
evm.utg2838.10	evm.TU.utg2838.10	gene_id	salinity_only_LRT	up	3.08370255878994	0.00241586916234132
evm.utg2869.2	evm.TU.utg2869.2	gene_id	salinity_added_wald	up	1.07897076371008	0.0238767924881721
evm.utg2869.2	evm.TU.utg2869.2	gene_id	combined_wald	up	1.09798609286483	0.0204568157586384
evm.utg2969.10	evm.TU.utg2969.10	gene_id	salinity_added_wald	down	-1.56205625291029	0.0209325241960782
evm.utg2969.10	evm.TU.utg2969.10	gene_id	combined_wald	down	-2.92664346725016	0.00132971560238257
evm.utg2969.10	evm.TU.utg2969.10	gene_id	full_model_LRT	down	-1.52414185017728	0.0131320969452059
evm.utg298.91	evm.TU.utg298.91	gene_id	salinity_only_LRT	up	4.14939361494443	0.00172773316611892
evm.utg298.91	evm.TU.utg298.91	gene_id	full_model_LRT	down	-4.2303665860878	0.000201425366652668
evm.utg300.72	evm.TU.utg300.72	gene_id	salinity_only_wald	down	-1.97669519581073	0.0021217729805343
evm.utg300.72	evm.TU.utg300.72	gene_id	combined_wald	down	-1.61691986557992	0.00903395490035194
evm.utg300.72	evm.TU.utg300.72	gene_id	salinity_only_LRT	down	-3.03810595317778	0.011175032959262
evm.utg300.72	evm.TU.utg300.72	gene_id	full_model_LRT	up	1.53352192011173	0.00242902025851821
evm.utg3019.44	evm.TU.utg3019.44	gene_id	salinity_only_LRT	down	-1.01726784630262	0.0290463920539835
evm.utg30548.2	evm.TU.utg30548.2	gene_id	salinity_added_wald	up	1.87880160724125	0.00925942943309172
evm.utg30548.2	evm.TU.utg30548.2	gene_id	salinity_only_LRT	up	2.23017291415511	0.0335935632425598
evm.utg30548.2	evm.TU.utg30548.2	gene_id	full_model_LRT	up	1.62885030241647	0.000607270030462496
utg30548.equina_smart_1869304.mrna1	utg30548.equina_smart_1869304.path1	gene_id	salinity_only_LRT	up	1.30430107221921	0.0405639758977105
utg30548.equina_smart_1869304.mrna1	utg30548.equina_smart_1869304.path1	gene_id	full_model_LRT	down	-1.66051636966948	0.00910873881527079
evm.utg3158.51	evm.TU.utg3158.51	gene_id	salinity_only_wald	down	-2.26871064636979	0.0030694480660417
evm.utg3158.51	evm.TU.utg3158.51	gene_id	salinity_added_wald	down	-2.12854535367794	0.0056936278830683
evm.utg3158.51	evm.TU.utg3158.51	gene_id	combined_wald	down	-1.86639156725947	0.00866964302205763
evm.utg3158.51	evm.TU.utg3158.51	gene_id	salinity_only_LRT	down	-4.51153204812679	0.0350938474206618
evm.utg3159.6	evm.TU.utg3159.6	gene_id	salinity_added_wald	up	1.12709346486957	0.033107974022276
evm.utg320.138	evm.TU.utg320.138	gene_id	diesel_added_wald	down	-1.84431873556181	0.0027432346512565
evm.utg320.138	evm.TU.utg320.138	gene_id	full_model_LRT	down	-1.6435326137188	0.000291265371524707
evm.utg320.144	evm.TU.utg320.144	gene_id	salinity_added_wald	down	-1.45432090879627	0.0200389072838718
evm.utg320.144	evm.TU.utg320.144	gene_id	combined_wald	down	-1.43679452530866	0.019705247864795
evm.utg324.134	evm.TU.utg324.134	gene_id	combined_wald	down	-1.01904394820265	0.0245723569651769
evm.utg324.135	evm.TU.utg324.135	gene_id	combined_wald	down	-1.09974484325462	0.0155742316725096
evm.utg324.85	evm.TU.utg324.85	gene_id	combined_wald	up	1.12685827655199	0.00116084474901079
evm.utg3409.24	evm.TU.utg3409.24	gene_id	salinity_only_wald	down	-1.07132160222035	0.00380566239806618
evm.utg3409.24	evm.TU.utg3409.24	gene_id	salinity_only_LRT	down	-1.34230414453554	0.00796017757822399
evm.utg34135.6	evm.TU.utg34135.6	gene_id	salinity_added_wald	up	1.17975189218678	0.0383226591934169
evm.utg34135.6	evm.TU.utg34135.6	gene_id	combined_wald	up	1.22267619963836	0.0314727949824413
evm.utg34572.2	evm.TU.utg34572.2	gene_id	salinity_added_wald	up	1.31026124386441	0.0321880854589856
evm.utg34572.2	evm.TU.utg34572.2	gene_id	combined_wald	up	1.20875060349218	0.0429563256354756
evm.utg34572.2	evm.TU.utg34572.2	gene_id	full_model_LRT	up	2.11902128594033	0.0306362756087651
evm.utg34691.20	evm.TU.utg34691.20	gene_id	salinity_only_wald	down	-1.47813902474309	0.0135571742362042
evm.utg34691.20	evm.TU.utg34691.20	gene_id	salinity_only_LRT	down	-2.64383719409789	0.0276859349771868
evm.utg35997.7	evm.TU.utg35997.7	gene_id	combined_wald	up	1.5227803390792	0.0192427436480335
evm.utg35997.7	evm.TU.utg35997.7	gene_id	full_model_LRT	up	1.26664357483615	0.0369965556681647
utg372.evm.utg1290.21.mrna1	utg372.evm.utg1290.21.path1	gene_id	salinity_only_wald	up	2.38471384358032	1.86723445573042e-08
utg372.evm.utg1290.21.mrna1	utg372.evm.utg1290.21.path1	gene_id	salinity_added_wald	up	1.38394988658974	0.00117069991642868
utg372.evm.utg1290.21.mrna1	utg372.evm.utg1290.21.path1	gene_id	combined_wald	up	1.47747956435834	0.000533945177622296
utg372.evm.utg1290.21.mrna1	utg372.evm.utg1290.21.path1	gene_id	salinity_only_LRT	up	2.64084166754283	1.8335520341463e-07
evm.utg372.6	evm.TU.utg372.6	gene_id	full_model_LRT	down	-1.62327461008826	0.0146701918236072
evm.utg378.102	evm.TU.utg378.102	gene_id	salinity_added_wald	down	-1.83834063098474	0.000782682632187052
evm.utg378.102	evm.TU.utg378.102	gene_id	combined_wald	down	-1.81034301249608	0.000840555717722335
evm.utg378.102	evm.TU.utg378.102	gene_id	full_model_LRT	down	-1.2827834875227	0.00190480598217245
evm.utg3827.5	evm.TU.utg3827.5	gene_id	salinity_added_wald	down	-2.2153825048097	0.00488018074269546
evm.utg3827.5	evm.TU.utg3827.5	gene_id	full_model_LRT	down	-4.68348463490092	0.0473384806568607
evm.utg386.27	evm.TU.utg386.27	gene_id	salinity_added_wald	down	-1.49803719499636	0.000218492593121975
evm.utg386.27	evm.TU.utg386.27	gene_id	combined_wald	down	-1.13302582084568	0.00513340321153245
evm.utg386.27	evm.TU.utg386.27	gene_id	salinity_only_LRT	down	-1.13994420600849	0.00625227905481571
evm.utg3870.4	evm.TU.utg3870.4	gene_id	salinity_only_LRT	up	1.19814986677737	0.0169270070063711
evm.utg3870.4	evm.TU.utg3870.4	gene_id	full_model_LRT	down	-1.42877122836237	0.010959890877849
evm.utg3872.52	evm.TU.utg3872.52	gene_id	salinity_only_wald	up	2.3464004494904	0.00216604902330821
evm.utg3872.52	evm.TU.utg3872.52	gene_id	salinity_added_wald	up	1.51182941385778	0.0218582282699822
evm.utg3872.52	evm.TU.utg3872.52	gene_id	combined_wald	up	2.04815996654291	0.00510623004360294
evm.utg3872.52	evm.TU.utg3872.52	gene_id	salinity_only_LRT	up	4.25027941897817	0.010746153510078
evm.utg3872.52	evm.TU.utg3872.52	gene_id	full_model_LRT	down	-1.02508960099872	0.000912285677230174
evm.utg3876.36	evm.TU.utg3876.36	gene_id	salinity_added_wald	up	1.27825775749785	0.0236926423795569
evm.utg3899.22	evm.TU.utg3899.22	gene_id	salinity_only_wald	up	2.07862112359186	2.65803142473093e-05
evm.utg3899.22	evm.TU.utg3899.22	gene_id	salinity_added_wald	up	2.22404262720195	1.64566903867993e-05
evm.utg3899.22	evm.TU.utg3899.22	gene_id	combined_wald	up	1.80880903102262	0.000269987930969068
evm.utg3899.22	evm.TU.utg3899.22	gene_id	salinity_only_LRT	up	2.47691440519929	5.47294826823233e-05
evm.utg3913.36	evm.TU.utg3913.36	gene_id	salinity_only_wald	down	-1.24816969047976	0.00207954191737195
evm.utg3913.36	evm.TU.utg3913.36	gene_id	combined_wald	down	-1.11951705784884	0.00840052705354535
evm.utg3913.36	evm.TU.utg3913.36	gene_id	salinity_only_LRT	down	-1.58401799639573	0.00391731162870195
evm.utg395.12	evm.TU.utg395.12	gene_id	salinity_only_wald	down	-1.36627072401267	0.0220755506035553
evm.utg395.12	evm.TU.utg395.12	gene_id	salinity_only_LRT	down	-4.81871639852161	0.0318470437690694
utg3980.evm.utg372.6.mrna2	utg3980.evm.utg372.6.path2	gene_id	full_model_LRT	down	-1.65308625629825	0.0138567372516577
utg401.equina_smart_170331.mrna10	utg401.equina_smart_170331.path10	gene_id	combined_wald	down	-1.32595282602407	0.0242693331228754
evm.utg4082.69	evm.TU.utg4082.69	gene_id	salinity_added_wald	down	-2.73026622808998	0.000633213278568551
evm.utg4082.69	evm.TU.utg4082.69	gene_id	combined_wald	down	-2.76803287950054	0.000450233870420507
evm.utg4082.69	evm.TU.utg4082.69	gene_id	full_model_LRT	down	-1.86609302788433	0.00100506891454821
evm.utg4082.70	evm.TU.utg4082.70	gene_id	salinity_added_wald	down	-2.9996681727903	0.000164449427927702
evm.utg4082.70	evm.TU.utg4082.70	gene_id	combined_wald	down	-2.90572942734085	0.000175584014616915
evm.utg4082.70	evm.TU.utg4082.70	gene_id	full_model_LRT	down	-2.14012307838531	0.000360868143571809
evm.utg413.14	evm.TU.utg413.14	gene_id	diesel_added_wald	down	-1.01863592227447	0.020204781370932
evm.utg413.14	evm.TU.utg413.14	gene_id	salinity_added_wald	down	-1.50550495147393	0.00252529771533838
evm.utg413.14	evm.TU.utg413.14	gene_id	combined_wald	down	-1.62282070674101	0.00116084474901079
evm.utg413.14	evm.TU.utg413.14	gene_id	full_model_LRT	down	-1.72230696604755	0.00678121888970149
evm.utg413.22	evm.TU.utg413.22	gene_id	combined_wald	down	-1.28553821176459	0.0114411086854265
evm.utg4130.11	evm.TU.utg4130.11	gene_id	diesel_added_wald	down	-1.17212294708838	0.0238063306132934
evm.utg4130.11	evm.TU.utg4130.11	gene_id	full_model_LRT	down	-1.44681629293518	0.0085632085954701
evm.utg41344.7	evm.TU.utg41344.7	gene_id	full_model_LRT	up	3.32488785496485	0.0163241069562329
evm.utg4155.5	evm.TU.utg4155.5	gene_id	salinity_added_wald	up	1.27224695603112	0.00933468173556604
evm.utg417.27	evm.TU.utg417.27	gene_id	diesel_added_wald	down	-1.20569617372841	0.0239051842985533
evm.utg417.27	evm.TU.utg417.27	gene_id	salinity_added_wald	down	-1.55256086506583	0.0183349325738418
evm.utg4172.40	evm.TU.utg4172.40	gene_id	salinity_added_wald	up	1.07458167244733	0.0124473695314541
evm.utg4172.40	evm.TU.utg4172.40	gene_id	combined_wald	up	1.61324102143043	0.000167710259427373
evm.utg420.30	evm.TU.utg420.30	gene_id	salinity_only_wald	down	-2.02426635421126	0.00236056523033974
evm.utg420.30	evm.TU.utg420.30	gene_id	salinity_added_wald	down	-2.82211703077251	0.000243973625790292
evm.utg420.30	evm.TU.utg420.30	gene_id	combined_wald	down	-2.05989307486064	0.0024770331424167
evm.utg420.30	evm.TU.utg420.30	gene_id	salinity_only_LRT	down	-3.23809006770849	0.00908370613967181
evm.utg420.38	evm.TU.utg420.38	gene_id	salinity_only_wald	down	-1.01020271708092	0.00906409381652529
evm.utg420.38	evm.TU.utg420.38	gene_id	salinity_added_wald	down	-1.12822876440984	0.00626519108214397
evm.utg420.38	evm.TU.utg420.38	gene_id	combined_wald	down	-1.1530028424913	0.0049129882500606
evm.utg420.38	evm.TU.utg420.38	gene_id	salinity_only_LRT	down	-1.30901359102559	0.0189616970054596
evm.utg420.78	evm.TU.utg420.78	gene_id	diesel_added_wald	up	1.03837444421431	0.0108500205994657
evm.utg420.78	evm.TU.utg420.78	gene_id	salinity_added_wald	up	1.44659788172912	0.000921536782782796
evm.utg420.78	evm.TU.utg420.78	gene_id	combined_wald	up	2.02883433006586	4.78690708362124e-06
evm.utg420.78	evm.TU.utg420.78	gene_id	full_model_LRT	up	1.06820866077332	2.16895431178112e-06
evm.utg4271.60	evm.TU.utg4271.60	gene_id	salinity_only_wald	up	1.18319120776861	0.0219415785140572
evm.utg4271.60	evm.TU.utg4271.60	gene_id	salinity_added_wald	up	1.43061425241716	0.0100906348616707
evm.utg4271.60	evm.TU.utg4271.60	gene_id	salinity_only_LRT	up	1.8748053645434	0.0437862085911177
evm.utg4271.72	evm.TU.utg4271.72	gene_id	salinity_added_wald	down	-2.07320889775387	0.00495516676190041
evm.utg4271.72	evm.TU.utg4271.72	gene_id	combined_wald	down	-1.84984478393468	0.00770516434597007
evm.utg4271.72	evm.TU.utg4271.72	gene_id	full_model_LRT	down	-1.95027205337321	0.0212255776672663
evm.utg4271.9	evm.TU.utg4271.9	gene_id	salinity_only_wald	up	1.7799153347981	0.000125280552914847
evm.utg4271.9	evm.TU.utg4271.9	gene_id	salinity_added_wald	up	1.26546353345912	0.00739015111243257
evm.utg4271.9	evm.TU.utg4271.9	gene_id	combined_wald	up	1.12960893052063	0.0156104061548632
evm.utg4271.9	evm.TU.utg4271.9	gene_id	salinity_only_LRT	up	2.17348149989173	0.00241589696556586
evm.utg432.89	evm.TU.utg432.89	gene_id	salinity_only_wald	up	1.2827310697292	0.0262841285091198
evm.utg4328.5	evm.TU.utg4328.5	gene_id	salinity_added_wald	down	-1.13769218557478	0.0487401042344709
utg4428.equina_smart_1869304.mrna2	utg4428.equina_smart_1869304.path2	gene_id	salinity_only_wald	up	1.19175969329312	0.00216622966062386
utg4428.equina_smart_1869304.mrna2	utg4428.equina_smart_1869304.path2	gene_id	salinity_only_LRT	up	1.47718456098062	0.0189950456682072
utg4428.equina_smart_1869304.mrna2	utg4428.equina_smart_1869304.path2	gene_id	full_model_LRT	down	-1.68543905530313	0.00143674554338419
evm.utg4455.49	evm.TU.utg4455.49	gene_id	salinity_only_LRT	up	1.08430995819905	0.0233022081928029
evm.utg4455.68	evm.TU.utg4455.68	gene_id	full_model_LRT	down	-1.41068843153322	0.0496194416368525
utg4604.evm.utg1290.21.mrna4	utg4604.evm.utg1290.21.path4	gene_id	salinity_only_wald	up	2.30509560464485	1.19096797332598e-07
utg4604.evm.utg1290.21.mrna4	utg4604.evm.utg1290.21.path4	gene_id	salinity_added_wald	up	1.4757909738301	0.000736665440284741
utg4604.evm.utg1290.21.mrna4	utg4604.evm.utg1290.21.path4	gene_id	combined_wald	up	1.44827945559596	0.00087625714744035
utg4604.evm.utg1290.21.mrna4	utg4604.evm.utg1290.21.path4	gene_id	salinity_only_LRT	up	2.57998459765804	5.01981160584057e-07
evm.utg463.5	evm.TU.utg463.5	gene_id	salinity_added_wald	up	1.26233886136068	0.0316744947755615
evm.utg4665.28	evm.TU.utg4665.28	gene_id	salinity_only_wald	down	-1.26838423137686	0.00486921843199431
evm.utg4665.28	evm.TU.utg4665.28	gene_id	salinity_added_wald	down	-3.03825929418253	3.03917743047083e-09
evm.utg4665.28	evm.TU.utg4665.28	gene_id	combined_wald	down	-2.42977961218025	1.06784559108796e-06
evm.utg4665.28	evm.TU.utg4665.28	gene_id	salinity_only_LRT	down	-1.71867757343051	0.00847489190319296
evm.utg4665.28	evm.TU.utg4665.28	gene_id	full_model_LRT	down	-1.66576855321078	4.13679916136301e-09
evm.utg48.62	evm.TU.utg48.62	gene_id	diesel_added_wald	down	-1.42381665929172	0.00609572057644489
evm.utg48.62	evm.TU.utg48.62	gene_id	full_model_LRT	down	-1.33693059260844	0.000574172140909134
evm.utg514.7	evm.TU.utg514.7	gene_id	salinity_only_wald	down	-1.35748244432133	0.0212185926504034
evm.utg514.7	evm.TU.utg514.7	gene_id	combined_wald	down	-1.3574720227391	0.0262418288229505
evm.utg514.7	evm.TU.utg514.7	gene_id	full_model_LRT	up	1.7318220188903	0.0196000485184383
evm.utg5184.1	evm.TU.utg5184.1	gene_id	salinity_added_wald	up	1.36412220411174	0.0273470629280341
evm.utg5184.1	evm.TU.utg5184.1	gene_id	full_model_LRT	up	1.36473532574442	0.0466579679397206
evm.utg5184.5	evm.TU.utg5184.5	gene_id	salinity_added_wald	up	1.34201991548828	0.0221302451305854
evm.utg522.16	evm.TU.utg522.16	gene_id	combined_wald	down	-1.41360735138935	0.0264970738398595
evm.utg52295.3	evm.TU.utg52295.3	gene_id	salinity_added_wald	up	1.89884689716097	0.00993406067404107
evm.utg52295.3	evm.TU.utg52295.3	gene_id	full_model_LRT	up	3.70325428301728	0.0322423103080288
evm.utg535.11	evm.TU.utg535.11	gene_id	salinity_only_wald	down	-2.51371268472374	4.29426847779808e-07
evm.utg535.11	evm.TU.utg535.11	gene_id	salinity_added_wald	down	-2.04682391997147	4.74862396406963e-05
evm.utg535.11	evm.TU.utg535.11	gene_id	combined_wald	down	-1.95646236871749	8.68765026918961e-05
evm.utg535.11	evm.TU.utg535.11	gene_id	salinity_only_LRT	down	-2.91098998194229	3.78205055452027e-06
evm.utg536.27	evm.TU.utg536.27	gene_id	salinity_added_wald	up	1.42144051804082	0.0124473695314541
evm.utg536.27	evm.TU.utg536.27	gene_id	combined_wald	up	1.51512466906134	0.00790833069242334
evm.utg5370.2	evm.TU.utg5370.2	gene_id	salinity_added_wald	down	-1.5265569683587	0.00165662343474152
evm.utg5370.2	evm.TU.utg5370.2	gene_id	combined_wald	down	-1.23187622175165	0.00996524759554944
evm.utg540.62	evm.TU.utg540.62	gene_id	salinity_only_wald	down	-1.50526113668125	0.00298191380332003
evm.utg540.62	evm.TU.utg540.62	gene_id	salinity_only_LRT	down	-2.07811434485949	0.00220254066448254
evm.utg540.62	evm.TU.utg540.62	gene_id	full_model_LRT	up	1.40005879742446	0.0132553795492297
evm.utg5414.28	evm.TU.utg5414.28	gene_id	salinity_only_wald	down	-1.65861439176666	0.00670825107386948
evm.utg5414.28	evm.TU.utg5414.28	gene_id	combined_wald	down	-1.48486826129915	0.0147496347259016
evm.utg5414.28	evm.TU.utg5414.28	gene_id	salinity_only_LRT	down	-2.7496679579791	0.0171511812642256
evm.utg55781.3	evm.TU.utg55781.3	gene_id	full_model_LRT	down	-1.45747526596809	0.0105538615978043
evm.utg55781.5	evm.TU.utg55781.5	gene_id	salinity_only_LRT	up	1.06218009061433	0.000580683088933433
evm.utg55781.6	evm.TU.utg55781.6	gene_id	salinity_added_wald	down	-1.26177392453211	0.00315325465763669
evm.utg55781.6	evm.TU.utg55781.6	gene_id	combined_wald	down	-1.76223496702164	4.07059263987834e-05
evm.utg564.64	evm.TU.utg564.64	gene_id	salinity_added_wald	down	-1.62997088603945	0.00285862057540254
evm.utg564.64	evm.TU.utg564.64	gene_id	combined_wald	down	-1.98599804766529	0.00039513615477086
evm.utg564.77	evm.TU.utg564.77	gene_id	salinity_added_wald	up	1.28868282650578	0.0240355680094876
evm.utg564.77	evm.TU.utg564.77	gene_id	combined_wald	up	1.14673419737771	0.0403156251368431
evm.utg567.2	evm.TU.utg567.2	gene_id	salinity_added_wald	up	1.18422251154468	0.00916278974691419
evm.utg567.2	evm.TU.utg567.2	gene_id	full_model_LRT	up	1.26631504337462	0.0406602529701311
evm.utg577.31	evm.TU.utg577.31	gene_id	salinity_added_wald	down	-2.98513481384518	0.00142005360853152
evm.utg577.31	evm.TU.utg577.31	gene_id	combined_wald	down	-1.7009266184473	0.0131984201764257
evm.utg577.31	evm.TU.utg577.31	gene_id	full_model_LRT	down	-3.30407124160234	0.00785571190607148
evm.utg579.90	evm.TU.utg579.90	gene_id	salinity_only_wald	down	-1.80845368065025	1.84040489746253e-05
evm.utg579.90	evm.TU.utg579.90	gene_id	salinity_added_wald	down	-2.01299976572383	4.00004309005134e-06
evm.utg579.90	evm.TU.utg579.90	gene_id	combined_wald	down	-1.57483998262203	0.000245442840786883
evm.utg579.90	evm.TU.utg579.90	gene_id	salinity_only_LRT	down	-2.12000321260655	2.94568926794003e-05
evm.utg580.28	evm.TU.utg580.28	gene_id	salinity_added_wald	up	2.53086645271257	0.00306929272012068
evm.utg580.28	evm.TU.utg580.28	gene_id	full_model_LRT	up	4.83159389035998	0.0065820899962293
evm.utg594.23	evm.TU.utg594.23	gene_id	salinity_only_wald	down	-1.16052955113511	0.044724150122995
evm.utg5950.92	evm.TU.utg5950.92	gene_id	salinity_only_wald	down	-1.1268817867964	0.0317282833377693
evm.utg5950.92	evm.TU.utg5950.92	gene_id	salinity_only_LRT	down	-5.53933159690342	0.0321288191481443
evm.utg59616.5	evm.TU.utg59616.5	gene_id	salinity_added_wald	down	-1.32409188760373	0.00870524918133674
evm.utg59616.5	evm.TU.utg59616.5	gene_id	full_model_LRT	down	-1.24932862458876	0.0324703374562961
evm.utg60619.1	evm.TU.utg60619.1	gene_id	diesel_added_wald	down	-1.43440413752888	0.00676255664362863
evm.utg60619.1	evm.TU.utg60619.1	gene_id	full_model_LRT	down	-1.36933870208836	0.000704093607639549
evm.utg6446.12	evm.TU.utg6446.12	gene_id	salinity_added_wald	down	-2.21352333261765	0.00358648333533899
evm.utg6446.12	evm.TU.utg6446.12	gene_id	combined_wald	down	-2.80060062962379	0.000682057402046458
evm.utg6446.12	evm.TU.utg6446.12	gene_id	salinity_only_LRT	down	-2.11646199321924	0.0302873361089243
evm.utg6446.12	evm.TU.utg6446.12	gene_id	full_model_LRT	down	-1.83134956440744	0.00338878891214312
evm.utg6459.1	evm.TU.utg6459.1	gene_id	salinity_only_wald	down	-2.22640320105432	0.00408735262438546
evm.utg6459.1	evm.TU.utg6459.1	gene_id	salinity_added_wald	down	-5.80873606377172	1.70297899291476e-05
evm.utg6459.1	evm.TU.utg6459.1	gene_id	combined_wald	down	-5.59847756221264	1.38322086797578e-05
evm.utg6459.1	evm.TU.utg6459.1	gene_id	salinity_only_LRT	down	-5.22243043823982	0.0312007878225979
evm.utg6459.1	evm.TU.utg6459.1	gene_id	full_model_LRT	down	-2.50693374911927	0.00039394696292422
evm.utg6781.20	evm.TU.utg6781.20	gene_id	salinity_only_wald	down	-1.16783326300262	0.017603162093672
evm.utg6781.20	evm.TU.utg6781.20	gene_id	salinity_only_LRT	down	-1.76399897959545	0.0350797464571468
evm.utg6821.5	evm.TU.utg6821.5	gene_id	salinity_added_wald	down	-1.55540272247172	0.0121536277138151
evm.utg6821.5	evm.TU.utg6821.5	gene_id	combined_wald	down	-1.56189865652659	0.0109235728113186
evm.utg6821.5	evm.TU.utg6821.5	gene_id	full_model_LRT	down	-1.48302715731774	0.0431544832634165
evm.utg695.7	evm.TU.utg695.7	gene_id	salinity_added_wald	down	-1.38700255294614	0.0315024269078876
utg7.equina_smart_1359323.mrna9	utg7.equina_smart_1359323.path9	gene_id	salinity_added_wald	down	-1.43217195920052	0.00598205593558905
utg7.equina_smart_1359323.mrna9	utg7.equina_smart_1359323.path9	gene_id	combined_wald	down	-1.28301331049866	0.0124711935873054
utg7.equina_smart_1359323.mrna9	utg7.equina_smart_1359323.path9	gene_id	full_model_LRT	down	-1.50487211122097	0.0315073612131221
evm.utg7008.10	evm.TU.utg7008.10	gene_id	salinity_added_wald	up	1.71973386081239	0.0112984930401112
evm.utg7042.1	evm.TU.utg7042.1	gene_id	full_model_LRT	down	-2.5316373022577	0.0427757230585262
evm.utg7066.37	evm.TU.utg7066.37	gene_id	salinity_only_wald	up	1.30204852922001	0.00132310747913043
evm.utg7066.37	evm.TU.utg7066.37	gene_id	salinity_added_wald	up	2.00282172988237	3.44229983190054e-06
evm.utg7066.37	evm.TU.utg7066.37	gene_id	combined_wald	up	2.17098187052273	4.87392296775067e-07
evm.utg7066.37	evm.TU.utg7066.37	gene_id	salinity_only_LRT	up	1.62160949019897	0.00442174958409887
evm.utg7127.50	evm.TU.utg7127.50	gene_id	salinity_only_wald	down	-1.37877351412274	0.00494750145953792
evm.utg7127.50	evm.TU.utg7127.50	gene_id	salinity_added_wald	down	-1.40581836160995	0.00598860677577523
evm.utg7127.50	evm.TU.utg7127.50	gene_id	combined_wald	down	-1.89991053192301	0.000309880569061448
evm.utg7127.50	evm.TU.utg7127.50	gene_id	salinity_only_LRT	down	-1.93139754627043	0.0105923617904274
evm.utg7179.1	evm.TU.utg7179.1	gene_id	salinity_added_wald	down	-1.07710390749445	0.00340658649959577
evm.utg7179.1	evm.TU.utg7179.1	gene_id	salinity_only_LRT	down	-1.06207420597761	0.0105667678408684
evm.utg73.130	evm.TU.utg73.130	gene_id	diesel_added_wald	down	-1.25777382316748	0.00900361796165192
evm.utg73.130	evm.TU.utg73.130	gene_id	full_model_LRT	down	-2.09841045514206	0.0108566072666142
evm.utg735.6	evm.TU.utg735.6	gene_id	full_model_LRT	down	-1.56013498937557	0.0428368299063666
evm.utg736.38	evm.TU.utg736.38	gene_id	salinity_added_wald	down	-1.27403037926601	0.00145067049268909
evm.utg736.38	evm.TU.utg736.38	gene_id	combined_wald	down	-1.04608801179256	0.0091226769380464
evm.utg736.38	evm.TU.utg736.38	gene_id	full_model_LRT	down	-1.11260396882477	0.00702111785524219
evm.utg7595.10	evm.TU.utg7595.10	gene_id	salinity_added_wald	up	1.26411803299328	0.00884693504527803
evm.utg7595.10	evm.TU.utg7595.10	gene_id	combined_wald	up	1.02935011350168	0.0312424537228704
evm.utg761.24	evm.TU.utg761.24	gene_id	salinity_added_wald	down	-1.68190547606405	0.00202898946867066
evm.utg761.24	evm.TU.utg761.24	gene_id	combined_wald	down	-1.53871476269932	0.00408589721521765
evm.utg761.24	evm.TU.utg761.24	gene_id	full_model_LRT	down	-1.43759802274161	0.00830865766868341
evm.utg7616.2	evm.TU.utg7616.2	gene_id	diesel_added_wald	down	-1.59794081046291	0.00393638401657983
evm.utg7616.2	evm.TU.utg7616.2	gene_id	full_model_LRT	down	-1.28890320062098	0.000245441025515793
evm.utg7769.6	evm.TU.utg7769.6	gene_id	salinity_added_wald	up	2.79719418591379	0.00061523501787911
evm.utg7769.6	evm.TU.utg7769.6	gene_id	combined_wald	up	2.07676872096179	0.0034969419639852
evm.utg7769.6	evm.TU.utg7769.6	gene_id	full_model_LRT	up	2.339138171409	0.00062629787783295
evm.utg7769.7	evm.TU.utg7769.7	gene_id	diesel_added_wald	up	1.70804163837348	0.00972054924195751
evm.utg7769.7	evm.TU.utg7769.7	gene_id	salinity_added_wald	up	4.14794137496057	8.53768737539974e-05
evm.utg7769.7	evm.TU.utg7769.7	gene_id	combined_wald	up	2.37310455218877	0.00225564711528456
evm.utg7769.7	evm.TU.utg7769.7	gene_id	full_model_LRT	up	5.74351452721866	7.58436036092163e-06
evm.utg7769.10	evm.TU.utg7769.10	gene_id	salinity_added_wald	up	1.36040695659045	0.0329616026919423
evm.utg7769.10	evm.TU.utg7769.10	gene_id	full_model_LRT	up	7.31968481416433	0.0404696121683952
evm.utg7840.73	evm.TU.utg7840.73	gene_id	combined_wald	down	-1.26825602404535	0.0409226573817592
evm.utg7931.10	evm.TU.utg7931.10	gene_id	salinity_only_LRT	down	-2.84727742947325	0.0326731413337732
utg7950.equina_smart_1880501.mrna3	utg7950.equina_smart_1880501.path3	gene_id	salinity_added_wald	down	-1.35362439502796	0.00821394268945376
utg7950.equina_smart_1880501.mrna3	utg7950.equina_smart_1880501.path3	gene_id	combined_wald	down	-1.58672740033519	0.00212946028748113
evm.utg816.14	evm.TU.utg816.14	gene_id	salinity_only_LRT	down	-4.79850929588165	0.00696578846004291
evm.utg82.26	evm.TU.utg82.26	gene_id	full_model_LRT	up	1.20694217325039	0.0474509971579818
evm.utg86.19	evm.TU.utg86.19	gene_id	combined_wald	up	1.20935911294009	0.00838003211202783
utg86.equina_smart_1634317.mrna2	utg86.equina_smart_1634317.path2	gene_id	salinity_added_wald	down	-1.56574987047573	0.0202536609022606
evm.utg8609.20	evm.TU.utg8609.20	gene_id	diesel_added_wald	down	-1.5493001244828	0.0124859039670854
evm.utg8609.20	evm.TU.utg8609.20	gene_id	full_model_LRT	down	-4.36248561158796	0.042909128144559
utg882.equina_smart_1880501.mrna2	utg882.equina_smart_1880501.path2	gene_id	salinity_added_wald	down	-1.40634587892488	0.00725913225299399
utg882.equina_smart_1880501.mrna2	utg882.equina_smart_1880501.path2	gene_id	combined_wald	down	-1.58473588418135	0.00266770430345356
evm.utg8851.48	evm.TU.utg8851.48	gene_id	salinity_only_LRT	up	4.01283030964682	0.0369847054037084
evm.utg8851.48	evm.TU.utg8851.48	gene_id	full_model_LRT	down	-3.27564960085406	0.0212676717775524
evm.utg890.57	evm.TU.utg890.57	gene_id	diesel_added_wald	down	-1.33538463382474	0.0140362901837468
evm.utg890.57	evm.TU.utg890.57	gene_id	full_model_LRT	down	-2.06187739152233	0.00746152280146502
evm.utg912.42	evm.TU.utg912.42	gene_id	salinity_added_wald	up	1.2774932168026	0.0126732593785348
evm.utg9285.7	evm.TU.utg9285.7	gene_id	combined_wald	down	-1.02466025514799	0.0269351831581835
utg9561.evm.utg324.133.mrna4	utg9561.evm.utg324.133.path4	gene_id	combined_wald	down	-1.00437440824494	0.0318842133756913
evm.utg967.48	evm.TU.utg967.48	gene_id	salinity_added_wald	down	-1.41183716494984	0.0303232436376937
utg9769.equina_smart_1739257.mrna2	utg9769.equina_smart_1739257.path2	gene_id	combined_wald	down	-1.61491252031716	0.0104833136247174
utg978.equina_smart_423080.mrna2	utg978.equina_smart_423080.path2	gene_id	salinity_only_wald	up	1.03136369567622	0.0153201990981422
utg978.equina_smart_423080.mrna2	utg978.equina_smart_423080.path2	gene_id	full_model_LRT	down	-1.18655759991592	0.00120660753337951
utg978.equina_smart_423080.mrna1	utg978.equina_smart_423080.path1	gene_id	full_model_LRT	down	-1.07975858664119	0.00507913155030833
evm.utg983.17	evm.TU.utg983.17	gene_id	salinity_only_wald	down	-5.43460004383681	3.23521663809459e-07
evm.utg983.17	evm.TU.utg983.17	gene_id	salinity_added_wald	down	-5.28053279053396	1.59227349419938e-06
evm.utg983.17	evm.TU.utg983.17	gene_id	combined_wald	down	-6.3260554062034	1.10637037131294e-08
evm.utg983.17	evm.TU.utg983.17	gene_id	salinity_only_LRT	down	-6.40133060960249	0.000298897760328915
evm.utg983.18	evm.TU.utg983.18	gene_id	salinity_only_wald	down	-5.83645643742156	3.10578604424295e-06
evm.utg983.18	evm.TU.utg983.18	gene_id	salinity_added_wald	down	-1.21383574702368	0.0498635445363091
evm.utg983.18	evm.TU.utg983.18	gene_id	combined_wald	down	-3.55520420663708	0.000362232217220233
evm.utg983.18	evm.TU.utg983.18	gene_id	salinity_only_LRT	down	-7.28158050951821	0.00676555577397243
evm.utg983.18	evm.TU.utg983.18	gene_id	full_model_LRT	up	3.71478737806067	7.0730100870321e-05
evm.utg10963.2	evm.TU.utg10963.2	gene_id	salinity_added_wald	up	1.43095687045697	0.0201476088195558
evm.utg10963.2	evm.TU.utg10963.2	gene_id	combined_wald	up	1.39994701540005	0.021043927749588
evm.utg10963.2	evm.TU.utg10963.2	gene_id	full_model_LRT	up	1.25656606018234	0.0175282979477189
evm.utg160.40	evm.TU.utg160.40	gene_id	salinity_added_wald	down	-1.19315578548185	0.0473177433039016
evm.utg18125.17	evm.TU.utg18125.17	gene_id	salinity_only_wald	up	1.67641332546859	0.00434504847585563
evm.utg18125.17	evm.TU.utg18125.17	gene_id	salinity_added_wald	up	1.30514151391469	0.0240355680094876
evm.utg18125.17	evm.TU.utg18125.17	gene_id	combined_wald	up	3.0768279068841	9.44380491887476e-06
evm.utg18125.17	evm.TU.utg18125.17	gene_id	salinity_only_LRT	up	2.5415791699337	0.00872273250684496
evm.utg18125.18	evm.TU.utg18125.18	gene_id	combined_wald	up	1.52826682475526	0.00288787546136683
evm.utg18553.5	evm.TU.utg18553.5	gene_id	salinity_only_wald	down	-1.07839824559101	0.00240920644797782
evm.utg18553.5	evm.TU.utg18553.5	gene_id	diesel_added_wald	up	1.04063142578512	0.0045108711741685
evm.utg18553.5	evm.TU.utg18553.5	gene_id	salinity_only_LRT	down	-1.33003687359913	0.00241921291664503
evm.utg18553.5	evm.TU.utg18553.5	gene_id	full_model_LRT	up	1.13438930486691	0.000295145647593773
evm.utg2012.10	evm.TU.utg2012.10	gene_id	salinity_only_wald	down	-2.5716806953706	0.00155724564513447
evm.utg2012.10	evm.TU.utg2012.10	gene_id	combined_wald	down	-1.54873443824791	0.0185678986269146
evm.utg2012.10	evm.TU.utg2012.10	gene_id	salinity_only_LRT	down	-4.66075258587205	0.000545401551566851
evm.utg2012.10	evm.TU.utg2012.10	gene_id	full_model_LRT	up	2.62695343490466	0.00164041284364139
evm.utg2100.37	evm.TU.utg2100.37	gene_id	salinity_only_wald	down	-1.53962996734536	1.89519255014723e-05
evm.utg2100.37	evm.TU.utg2100.37	gene_id	salinity_added_wald	down	-1.90130063135891	3.85789828488602e-07
evm.utg2100.37	evm.TU.utg2100.37	gene_id	combined_wald	down	-2.03599364347313	4.82945467898335e-08
evm.utg2100.37	evm.TU.utg2100.37	gene_id	salinity_only_LRT	down	-1.7756209618079	4.03897072409934e-07
evm.utg2216.28	evm.TU.utg2216.28	gene_id	salinity_added_wald	up	1.18084633717721	0.0441099592946461
evm.utg2298.11	evm.TU.utg2298.11	gene_id	salinity_only_LRT	down	-1.24117303521774	0.0333837862832946
evm.utg2427.17	evm.TU.utg2427.17	gene_id	combined_wald	up	1.02280024273735	0.00336263101581627
evm.utg243.4	evm.TU.utg243.4	gene_id	salinity_only_wald	up	1.27834679952053	0.0318057770577764
evm.utg243.4	evm.TU.utg243.4	gene_id	full_model_LRT	down	-2.71914987950407	0.0374254950472243
evm.utg276.17	evm.TU.utg276.17	gene_id	salinity_only_wald	down	-1.2694640370651	0.000750956139118325
evm.utg276.17	evm.TU.utg276.17	gene_id	diesel_added_wald	up	1.71848944806875	9.91436061178755e-05
evm.utg276.17	evm.TU.utg276.17	gene_id	salinity_only_LRT	down	-1.55066468653164	0.00477627228096462
evm.utg276.17	evm.TU.utg276.17	gene_id	full_model_LRT	up	1.70077459450899	2.15438985889108e-05
evm.utg300.28	evm.TU.utg300.28	gene_id	combined_wald	up	1.11717751527742	0.0154233115594749
evm.utg30049.13	evm.TU.utg30049.13	gene_id	salinity_only_wald	up	1.63635089724352	0.00478983543482793
evm.utg30049.13	evm.TU.utg30049.13	gene_id	salinity_added_wald	up	2.18181715295791	0.000651773152222413
evm.utg30049.13	evm.TU.utg30049.13	gene_id	combined_wald	up	1.80724338620836	0.00276276036183057
evm.utg30049.13	evm.TU.utg30049.13	gene_id	salinity_only_LRT	up	2.48721836580304	0.0101120368891185
evm.utg3292.20	evm.TU.utg3292.20	gene_id	salinity_only_wald	up	1.36068275029932	0.0162077555400102
evm.utg3292.20	evm.TU.utg3292.20	gene_id	salinity_only_LRT	up	2.29710289552179	0.0231563348933627
evm.utg3292.20	evm.TU.utg3292.20	gene_id	full_model_LRT	down	-1.53324451481376	0.00289647341476657
evm.utg35.5	evm.TU.utg35.5	gene_id	salinity_only_wald	up	1.15345336420579	0.0454182883094889
evm.utg35.5	evm.TU.utg35.5	gene_id	salinity_only_LRT	up	3.1759137612259	0.0198753649074534
evm.utg4062.16	evm.TU.utg4062.16	gene_id	salinity_only_wald	up	1.39149939516613	0.0177730253318785
evm.utg4062.16	evm.TU.utg4062.16	gene_id	salinity_only_LRT	up	2.51204814188997	0.0396274027824302
evm.utg4062.16	evm.TU.utg4062.16	gene_id	full_model_LRT	down	-1.72219579920875	0.0393026589784488
evm.utg4163.3	evm.TU.utg4163.3	gene_id	salinity_added_wald	up	3.17709920134445	0.000686467771302897
evm.utg4163.3	evm.TU.utg4163.3	gene_id	full_model_LRT	up	2.38108912663002	0.000386256679243594
evm.utg417.43	evm.TU.utg417.43	gene_id	salinity_only_LRT	up	1.79135816151161	0.0492867847884465
evm.utg417.45	evm.TU.utg417.45	gene_id	salinity_added_wald	up	2.4879083788835	0.000325688419635064
evm.utg417.45	evm.TU.utg417.45	gene_id	combined_wald	up	2.05085413062634	0.00147148286058889
evm.utg417.45	evm.TU.utg417.45	gene_id	full_model_LRT	up	1.5999069029566	0.000200502599574827
evm.utg4328.8	evm.TU.utg4328.8	gene_id	salinity_only_wald	down	-1.30129705551465	0.00753987970014831
evm.utg4328.8	evm.TU.utg4328.8	gene_id	salinity_added_wald	down	-1.17907948512731	0.020167840396493
evm.utg4328.8	evm.TU.utg4328.8	gene_id	combined_wald	down	-1.18836334098841	0.01829233856008
evm.utg4328.8	evm.TU.utg4328.8	gene_id	salinity_only_LRT	down	-1.84911682908187	0.0135865683086762
evm.utg4605.8	evm.TU.utg4605.8	gene_id	salinity_added_wald	up	1.46391324084075	0.00102073944955936
evm.utg4605.8	evm.TU.utg4605.8	gene_id	combined_wald	up	1.06936153638448	0.0157192646825571
evm.utg4605.8	evm.TU.utg4605.8	gene_id	full_model_LRT	up	1.09158524042616	0.00194164134676405
evm.utg4739.1	evm.TU.utg4739.1	gene_id	combined_wald	down	-1.61226706850323	0.00812475426357039
evm.utg4872.3	evm.TU.utg4872.3	gene_id	salinity_only_wald	up	2.02897041468239	0.00267875114316965
evm.utg4872.3	evm.TU.utg4872.3	gene_id	salinity_only_LRT	up	3.31696660113772	0.0128558276887036
evm.utg4872.3	evm.TU.utg4872.3	gene_id	full_model_LRT	down	-1.26766827497065	0.000517907221481839
evm.utg579.86	evm.TU.utg579.86	gene_id	salinity_added_wald	down	-1.45007358415683	0.00437916736318045
evm.utg579.86	evm.TU.utg579.86	gene_id	combined_wald	down	-1.41550574915748	0.00513190877876794
evm.utg579.86	evm.TU.utg579.86	gene_id	full_model_LRT	down	-1.7132644050837	0.0199853447475422
evm.utg59939.4	evm.TU.utg59939.4	gene_id	salinity_added_wald	up	1.72193282765144	0.000347493511814107
evm.utg59939.4	evm.TU.utg59939.4	gene_id	full_model_LRT	up	1.66104777939794	0.00196146716703853
evm.utg6161.5	evm.TU.utg6161.5	gene_id	salinity_only_wald	up	2.19385628426956	0.00353317632622611
evm.utg6161.5	evm.TU.utg6161.5	gene_id	salinity_added_wald	up	2.19410933112063	0.00464014475918234
evm.utg6161.5	evm.TU.utg6161.5	gene_id	combined_wald	up	5.09825584917668	5.13203629013821e-06
evm.utg6161.6	evm.TU.utg6161.6	gene_id	salinity_added_wald	up	1.31015530430892	0.0369719899429259
evm.utg6161.6	evm.TU.utg6161.6	gene_id	combined_wald	up	2.30768414297953	0.00392337210579023
evm.utg6161.6	evm.TU.utg6161.6	gene_id	salinity_only_LRT	up	3.73026891740008	0.0368341722416661
evm.utg6161.2	evm.TU.utg6161.2	gene_id	salinity_only_wald	up	1.48495655612551	0.0184371656750681
evm.utg6161.2	evm.TU.utg6161.2	gene_id	salinity_added_wald	up	2.09581470297671	0.00548734648984452
evm.utg6161.2	evm.TU.utg6161.2	gene_id	combined_wald	up	3.78686450439936	0.000101324819147467
evm.utg6161.2	evm.TU.utg6161.2	gene_id	salinity_only_LRT	up	3.48017044427975	0.0127734076409574
evm.utg637.25	evm.TU.utg637.25	gene_id	salinity_added_wald	down	-1.26206744361969	0.0439257302944478
evm.utg637.25	evm.TU.utg637.25	gene_id	combined_wald	down	-1.29335406533289	0.0367867942647328
evm.utg6781.22	evm.TU.utg6781.22	gene_id	salinity_only_wald	down	-1.40653368582422	0.0129914143113151
evm.utg686.36	evm.TU.utg686.36	gene_id	combined_wald	down	-1.59864126845841	0.00393787479077866
evm.utg738.7	evm.TU.utg738.7	gene_id	salinity_only_wald	down	-1.03246830513451	0.0337816783361196
evm.utg7950.32	evm.TU.utg7950.32	gene_id	salinity_added_wald	down	-2.52814092152101	1.43742263506913e-06
evm.utg7950.32	evm.TU.utg7950.32	gene_id	combined_wald	down	-2.2623948625429	1.04796919528018e-05
evm.utg7950.32	evm.TU.utg7950.32	gene_id	salinity_only_LRT	down	-1.29041076996725	0.035877568625469
evm.utg7950.32	evm.TU.utg7950.32	gene_id	full_model_LRT	down	-1.65494278796974	1.65740604409699e-06
evm.utg8262.44	evm.TU.utg8262.44	gene_id	salinity_added_wald	up	1.51925107088438	0.00386370634554627
evm.utg8262.44	evm.TU.utg8262.44	gene_id	full_model_LRT	up	1.57980473011918	0.0162269323173026
evm.utg861.85	evm.TU.utg861.85	gene_id	salinity_added_wald	down	-1.26704889345842	0.0126400755774177
evm.utg861.85	evm.TU.utg861.85	gene_id	combined_wald	down	-1.79125552411629	0.000560411953154892
evm.utg8820.3	evm.TU.utg8820.3	gene_id	combined_wald	up	1.0730443033721	0.0109120062527943
evm.utg101.114	evm.TU.utg101.114	gene_id	salinity_added_wald	up	1.88053612919079	0.00658324881798065
evm.utg101.114	evm.TU.utg101.114	gene_id	combined_wald	up	1.67697890095781	0.0105271699698581
evm.utg101.114	evm.TU.utg101.114	gene_id	full_model_LRT	up	2.58016427854528	0.00285504429778594
evm.utg1052.5	evm.TU.utg1052.5	gene_id	salinity_only_wald	up	1.99568849993308	1.22202395385615e-06
evm.utg1052.5	evm.TU.utg1052.5	gene_id	salinity_added_wald	up	1.16524856799746	0.00549434773828754
evm.utg1052.5	evm.TU.utg1052.5	gene_id	combined_wald	up	1.11643924631388	0.00754518209755557
evm.utg1052.5	evm.TU.utg1052.5	gene_id	salinity_only_LRT	up	2.25170106968423	1.97233237508871e-05
evm.utg10541.26	evm.TU.utg10541.26	gene_id	salinity_added_wald	up	1.96900555164712	0.00126658253078771
evm.utg10541.26	evm.TU.utg10541.26	gene_id	combined_wald	up	1.51114437150762	0.00827008974219809
evm.utg10541.26	evm.TU.utg10541.26	gene_id	full_model_LRT	up	1.69750914236816	0.00155713889915866
evm.utg1056.95	evm.TU.utg1056.95	gene_id	salinity_only_wald	up	1.46727655386887	0.000811779575851692
evm.utg1056.95	evm.TU.utg1056.95	gene_id	salinity_added_wald	up	2.25200230329234	1.59643567901836e-06
evm.utg1056.95	evm.TU.utg1056.95	gene_id	combined_wald	up	2.25704509079351	1.30077649464656e-06
evm.utg1056.95	evm.TU.utg1056.95	gene_id	salinity_only_LRT	up	1.83382181186177	3.20143930839351e-05
utg1056.equina_smart_1781303.mrna1	utg1056.equina_smart_1781303.path1	gene_id	salinity_added_wald	up	1.32366795534483	0.0379709063537681
evm.utg1056.15	evm.TU.utg1056.15	gene_id	salinity_only_wald	up	1.21287196674922	0.0284500268604918
evm.utg1056.15	evm.TU.utg1056.15	gene_id	diesel_added_wald	up	2.10783983603422	0.00276811201885048
evm.utg1056.15	evm.TU.utg1056.15	gene_id	salinity_added_wald	up	3.4202771684353	2.10400640720317e-06
evm.utg1056.15	evm.TU.utg1056.15	gene_id	combined_wald	up	4.7059367031521	1.06607839652321e-09
evm.utg1056.15	evm.TU.utg1056.15	gene_id	salinity_only_LRT	up	2.1675770897345	0.0294812257216428
evm.utg1056.15	evm.TU.utg1056.15	gene_id	full_model_LRT	up	1.93311699419673	4.1125161874501e-11
evm.utg1056.73	evm.TU.utg1056.73	gene_id	combined_wald	up	1.08653789355789	0.0419176356590205
evm.utg1056.75	evm.TU.utg1056.75	gene_id	full_model_LRT	down	-2.03330383576245	0.0496838349622246
evm.utg1056.90	evm.TU.utg1056.90	gene_id	salinity_only_wald	down	-2.00856246035492	0.00424982613636577
evm.utg1056.90	evm.TU.utg1056.90	gene_id	salinity_only_LRT	down	-3.7312599645076	0.0265805428968509
evm.utg1056.90	evm.TU.utg1056.90	gene_id	full_model_LRT	up	2.29564150855505	0.0236474033759546
evm.utg116.19	evm.TU.utg116.19	gene_id	salinity_added_wald	up	1.09065833868249	0.0432680144375223
evm.utg116.228	evm.TU.utg116.228	gene_id	salinity_only_wald	down	-1.4577050814816	0.0181925951687311
evm.utg116.228	evm.TU.utg116.228	gene_id	salinity_added_wald	down	-3.71008731680828	7.51006206574965e-05
evm.utg116.228	evm.TU.utg116.228	gene_id	combined_wald	down	-3.07090438778161	0.000307434448268026
evm.utg116.228	evm.TU.utg116.228	gene_id	salinity_only_LRT	down	-3.02435943805402	0.0232888946265454
evm.utg116.228	evm.TU.utg116.228	gene_id	full_model_LRT	down	-2.01595412567352	0.0001880506730924
evm.utg116.238	evm.TU.utg116.238	gene_id	salinity_added_wald	down	-1.99398151686748	0.00641455500405095
evm.utg116.238	evm.TU.utg116.238	gene_id	full_model_LRT	down	-4.13693905284862	0.0369427985766767
evm.utg116.303	evm.TU.utg116.303	gene_id	salinity_added_wald	down	-1.07299822457732	0.0257856986303978
utg116.equina_smart_1171851.mrna1	utg116.equina_smart_1171851.path1	gene_id	salinity_only_wald	down	-1.11508793539658	0.0467672415010325
utg116.equina_smart_1171851.mrna1	utg116.equina_smart_1171851.path1	gene_id	salinity_only_LRT	down	-2.30683642178758	0.0394639761584259
evm.utg1205.75	evm.TU.utg1205.75	gene_id	salinity_only_wald	down	-2.761290056629	4.11998816823308e-07
evm.utg1205.75	evm.TU.utg1205.75	gene_id	combined_wald	down	-1.54099915050606	0.00296151577869113
evm.utg1205.75	evm.TU.utg1205.75	gene_id	salinity_only_LRT	down	-3.24499146830249	3.22307328050486e-05
evm.utg1205.75	evm.TU.utg1205.75	gene_id	full_model_LRT	up	1.83754124249097	2.38557512429365e-06
evm.utg1205.77	evm.TU.utg1205.77	gene_id	salinity_only_wald	down	-1.15207973117914	0.00992313234711024
evm.utg1205.77	evm.TU.utg1205.77	gene_id	combined_wald	down	-1.0045859786255	0.0328263328875538
evm.utg1205.77	evm.TU.utg1205.77	gene_id	salinity_only_LRT	down	-1.60616316231689	0.0273850161622315
evm.utg125.90	evm.TU.utg125.90	gene_id	salinity_only_LRT	down	-2.56706270685272	0.0205381081721099
evm.utg12986.73	evm.TU.utg12986.73	gene_id	combined_wald	up	1.22908917105784	0.0445723967210512
evm.utg1345.37	evm.TU.utg1345.37	gene_id	salinity_only_wald	down	-5.6102617163455	8.22449018069752e-08
evm.utg1345.37	evm.TU.utg1345.37	gene_id	diesel_added_wald	up	1.88303200226205	0.00761361492000459
evm.utg1345.37	evm.TU.utg1345.37	gene_id	interactive_only_wald	up	5.49008099897925	0.00252917406432854
evm.utg1345.37	evm.TU.utg1345.37	gene_id	salinity_only_LRT	down	-6.48777422874275	0.000166930077113255
evm.utg1345.37	evm.TU.utg1345.37	gene_id	full_model_LRT	up	7.37646320040116	3.39378214225784e-05
evm.utg1345.37	evm.TU.utg1345.37	gene_id	interactive_only_LRT	up	7.37646320040116	0.0214398917030496
evm.utg1381.16	evm.TU.utg1381.16	gene_id	salinity_added_wald	up	1.0869239572051	0.0076906088723096
evm.utg1381.16	evm.TU.utg1381.16	gene_id	salinity_only_LRT	up	1.02644242309877	0.0116684221590763
evm.utg14.30	evm.TU.utg14.30	gene_id	salinity_added_wald	up	1.887551232019	0.00252529771533838
evm.utg14.30	evm.TU.utg14.30	gene_id	combined_wald	up	1.3953021101607	0.0162904165960237
evm.utg14.30	evm.TU.utg14.30	gene_id	full_model_LRT	up	1.70521212562859	0.00424913777736488
utg14412.equina_smart_570029.mrna5	utg14412.equina_smart_570029.path5	gene_id	combined_wald	down	-1.3520100105147	0.0014724963941418
evm.utg150.38	evm.TU.utg150.38	gene_id	salinity_only_wald	down	-1.33196566813016	2.89309161130658e-05
evm.utg150.38	evm.TU.utg150.38	gene_id	salinity_added_wald	down	-1.07670503814153	0.00152118958048197
evm.utg150.38	evm.TU.utg150.38	gene_id	combined_wald	down	-1.19219821419412	0.000371918930447728
evm.utg150.38	evm.TU.utg150.38	gene_id	salinity_only_LRT	down	-1.52760224733304	0.00052599719168
evm.utg163.67	evm.TU.utg163.67	gene_id	salinity_added_wald	down	-1.1981887859589	0.00745583342697157
evm.utg163.67	evm.TU.utg163.67	gene_id	combined_wald	down	-1.20178325257553	0.00696197710110794
evm.utg163.68	evm.TU.utg163.68	gene_id	salinity_added_wald	down	-1.09599632871792	0.010818640665932
evm.utg163.68	evm.TU.utg163.68	gene_id	full_model_LRT	down	-1.22880929262659	0.0429138619345287
evm.utg172.63	evm.TU.utg172.63	gene_id	salinity_added_wald	up	1.59680744838222	0.000562818868922461
evm.utg172.63	evm.TU.utg172.63	gene_id	combined_wald	up	1.23868634878189	0.00665183502793459
evm.utg172.63	evm.TU.utg172.63	gene_id	full_model_LRT	up	1.0242771016979	0.000598875712149973
evm.utg1796.4	evm.TU.utg1796.4	gene_id	salinity_added_wald	up	1.10556730573173	0.0347743731841056
evm.utg18.35	evm.TU.utg18.35	gene_id	combined_wald	up	1.41895738718689	0.0241160309420887
evm.utg1846.50	evm.TU.utg1846.50	gene_id	salinity_only_wald	down	-1.27762960147803	0.0149229547838815
evm.utg1846.50	evm.TU.utg1846.50	gene_id	salinity_added_wald	down	-1.96209209400832	0.000831907408145491
evm.utg1846.50	evm.TU.utg1846.50	gene_id	combined_wald	down	-1.96006932308131	0.000752270655227331
evm.utg1846.50	evm.TU.utg1846.50	gene_id	salinity_only_LRT	down	-2.0037731682805	0.018906366087754
evm.utg1846.67	evm.TU.utg1846.67	gene_id	combined_wald	down	-1.05112701110117	0.0473301963229757
evm.utg1910.105	evm.TU.utg1910.105	gene_id	salinity_added_wald	up	1.33981719715842	0.0349270221566982
evm.utg1910.105	evm.TU.utg1910.105	gene_id	full_model_LRT	up	1.13057638066263	0.00774148390303306
evm.utg1919.67	evm.TU.utg1919.67	gene_id	salinity_added_wald	up	1.01514933076388	0.0495409962623161
evm.utg192.91	evm.TU.utg192.91	gene_id	salinity_added_wald	up	1.16894867203861	0.0497653251595611
evm.utg192.91	evm.TU.utg192.91	gene_id	combined_wald	up	1.32943347937886	0.0279952946149165
evm.utg1972.68	evm.TU.utg1972.68	gene_id	salinity_added_wald	down	-1.54434878943226	0.000459821500402159
evm.utg1972.68	evm.TU.utg1972.68	gene_id	combined_wald	down	-1.10560538331244	0.0113848057628701
evm.utg1972.68	evm.TU.utg1972.68	gene_id	full_model_LRT	down	-1.32393015356381	0.00263221664659627
evm.utg2024.31	evm.TU.utg2024.31	gene_id	salinity_only_LRT	up	2.45750803577836	0.0364804377621502
utg207.equina_smart_1572324.mrna1	utg207.equina_smart_1572324.path1	gene_id	salinity_added_wald	down	-1.13726584102552	0.015640363391829
utg207.equina_smart_1572324.mrna1	utg207.equina_smart_1572324.path1	gene_id	combined_wald	down	-1.31256578679088	0.00509635512865864
utg2083.equina_smart_570029.mrna3	utg2083.equina_smart_570029.path3	gene_id	salinity_added_wald	down	-1.44647938245077	0.0003997734162663
utg2083.equina_smart_570029.mrna3	utg2083.equina_smart_570029.path3	gene_id	combined_wald	down	-1.53466504033265	0.000167149842345974
utg2083.equina_smart_570029.mrna3	utg2083.equina_smart_570029.path3	gene_id	salinity_only_LRT	down	-1.24578550915031	0.0208834442665678
evm.utg225.6	evm.TU.utg225.6	gene_id	salinity_only_wald	up	3.1023721439013	1.32608328601676e-05
evm.utg225.6	evm.TU.utg225.6	gene_id	salinity_added_wald	up	2.59550660158958	0.000242459742804996
evm.utg225.6	evm.TU.utg225.6	gene_id	combined_wald	up	2.67772313910626	0.000142060554891458
evm.utg225.6	evm.TU.utg225.6	gene_id	salinity_only_LRT	up	3.9429670075014	0.000265158425048015
evm.utg2303.8	evm.TU.utg2303.8	gene_id	salinity_added_wald	up	1.46004412437494	0.000844132784824235
evm.utg2303.8	evm.TU.utg2303.8	gene_id	combined_wald	up	1.34455884037689	0.00199252461933537
evm.utg234.39	evm.TU.utg234.39	gene_id	salinity_added_wald	down	-1.16942894766891	0.0449198303155978
evm.utg245.9	evm.TU.utg245.9	gene_id	combined_wald	up	1.02878499143113	0.0300755331090416
evm.utg262.50	evm.TU.utg262.50	gene_id	salinity_only_wald	up	1.05764820784572	0.0324076428180611
evm.utg262.50	evm.TU.utg262.50	gene_id	salinity_only_LRT	up	1.65815864065571	0.0212991723843953
evm.utg262.60	evm.TU.utg262.60	gene_id	salinity_only_wald	down	-1.13805813239685	0.00520077570262221
evm.utg262.60	evm.TU.utg262.60	gene_id	salinity_only_LRT	down	-1.48584244976969	0.00281853837556301
evm.utg2818.70	evm.TU.utg2818.70	gene_id	salinity_added_wald	down	-1.04589675082441	0.0317449922043866
evm.utg2818.70	evm.TU.utg2818.70	gene_id	combined_wald	down	-1.14436268682123	0.0178477793516877
evm.utg298.35	evm.TU.utg298.35	gene_id	combined_wald	down	-1.50407568828103	0.0142428765761883
evm.utg301.1	evm.TU.utg301.1	gene_id	salinity_only_wald	up	1.48307635851923	0.0187348788322802
evm.utg301.1	evm.TU.utg301.1	gene_id	salinity_added_wald	up	1.38510632264848	0.0316744947755615
evm.utg301.1	evm.TU.utg301.1	gene_id	combined_wald	up	2.58598952916289	0.00171425196340708
utg302.equina_smart_1054774.mrna1	utg302.equina_smart_1054774.path1	gene_id	salinity_only_wald	down	-1.72320313583856	0.000504478208130129
utg302.equina_smart_1054774.mrna1	utg302.equina_smart_1054774.path1	gene_id	combined_wald	down	-1.39475889782859	0.00489326227670207
utg302.equina_smart_1054774.mrna1	utg302.equina_smart_1054774.path1	gene_id	salinity_only_LRT	down	-2.20087138459485	0.00108093648150736
evm.utg324.177	evm.TU.utg324.177	gene_id	salinity_added_wald	down	-1.02360189746584	0.0263850105162598
evm.utg324.177	evm.TU.utg324.177	gene_id	combined_wald	down	-1.15589365699007	0.011210016591271
evm.utg324.178	evm.TU.utg324.178	gene_id	salinity_only_wald	down	-1.27861576478341	0.015755563425855
evm.utg324.89	evm.TU.utg324.89	gene_id	salinity_only_LRT	down	-1.17102489481312	0.000494220144861995
evm.utg324.92	evm.TU.utg324.92	gene_id	salinity_only_wald	down	-2.41307851292702	2.21235171712732e-08
evm.utg324.92	evm.TU.utg324.92	gene_id	salinity_added_wald	down	-1.81608220536264	3.28579371102898e-05
evm.utg324.92	evm.TU.utg324.92	gene_id	combined_wald	down	-2.10767425585627	1.65395016170737e-06
evm.utg324.92	evm.TU.utg324.92	gene_id	salinity_only_LRT	down	-2.69937814845082	4.79409914306845e-05
evm.utg3443.4	evm.TU.utg3443.4	gene_id	salinity_added_wald	down	-1.48709312680105	0.0199802770861924
evm.utg3443.4	evm.TU.utg3443.4	gene_id	combined_wald	down	-1.46426666085517	0.0197288564702204
evm.utg3443.5	evm.TU.utg3443.5	gene_id	salinity_added_wald	down	-1.71437801009813	0.00585029674502622
evm.utg3443.5	evm.TU.utg3443.5	gene_id	combined_wald	down	-1.45496037487666	0.0145050120215049
evm.utg3443.5	evm.TU.utg3443.5	gene_id	full_model_LRT	down	-2.40918704441311	0.0446371709771603
evm.utg356.51	evm.TU.utg356.51	gene_id	salinity_only_wald	down	-1.62568394098501	3.45064087869245e-06
evm.utg356.51	evm.TU.utg356.51	gene_id	salinity_added_wald	down	-1.36244255429945	0.000177517193099595
evm.utg356.51	evm.TU.utg356.51	gene_id	combined_wald	down	-1.32940149530072	0.000243809445650128
evm.utg356.51	evm.TU.utg356.51	gene_id	salinity_only_LRT	down	-1.84040197486826	1.24201398260702e-05
evm.utg376.3	evm.TU.utg376.3	gene_id	salinity_only_LRT	down	-1.46744783825423	0.0465454955283616
evm.utg376.58	evm.TU.utg376.58	gene_id	salinity_only_wald	down	-1.23253661764649	0.0267478932795418
evm.utg376.58	evm.TU.utg376.58	gene_id	salinity_only_LRT	down	-2.19026530777479	0.0455166826944437
utg378.equina_smart_570029.mrna6	utg378.equina_smart_570029.path6	gene_id	combined_wald	down	-1.36293150774126	0.00429715041209558
utg379.equina_smart_386095.mrna1	utg379.equina_smart_386095.path1	gene_id	salinity_only_wald	up	1.23754108448164	0.00686540562411506
utg379.equina_smart_386095.mrna1	utg379.equina_smart_386095.path1	gene_id	combined_wald	up	1.54016727580308	0.00142442854426824
utg379.equina_smart_386095.mrna1	utg379.equina_smart_386095.path1	gene_id	salinity_only_LRT	up	1.68599016824634	0.00970881505675846
utg379.equina_smart_1412230.mrna3	utg379.equina_smart_1412230.path3	gene_id	salinity_added_wald	down	-1.71464183240116	0.0050238343830239
utg379.equina_smart_1412230.mrna3	utg379.equina_smart_1412230.path3	gene_id	full_model_LRT	down	-2.83944242048824	0.042296544036632
utg4.equina_smart_49562.mrna1	utg4.equina_smart_49562.path1	gene_id	salinity_only_wald	up	1.59404313243689	0.000128057988230208
utg4.equina_smart_49562.mrna1	utg4.equina_smart_49562.path1	gene_id	salinity_added_wald	up	1.27457400861924	0.0029211039286234
utg4.equina_smart_49562.mrna1	utg4.equina_smart_49562.path1	gene_id	combined_wald	up	1.22037696732527	0.00421046450656153
utg4.equina_smart_49562.mrna1	utg4.equina_smart_49562.path1	gene_id	salinity_only_LRT	up	1.89434185827922	0.00198910986702947
evm.utg401.59	evm.TU.utg401.59	gene_id	salinity_added_wald	down	-1.53552023309971	0.00927044920177588
evm.utg401.59	evm.TU.utg401.59	gene_id	combined_wald	down	-1.76501768378251	0.00333933331099165
evm.utg401.79	evm.TU.utg401.79	gene_id	salinity_only_wald	up	1.56091378709234	0.0142666593744308
evm.utg401.79	evm.TU.utg401.79	gene_id	salinity_only_LRT	up	3.2507709208714	0.0103083968353615
utg415.equina_smart_1412569.mrna1	utg415.equina_smart_1412569.path1	gene_id	salinity_only_wald	down	-2.37291020876372	0.00277248663272853
utg415.equina_smart_1412569.mrna1	utg415.equina_smart_1412569.path1	gene_id	salinity_only_LRT	down	-4.82120057144115	0.0135910252478246
utg415.equina_smart_1412569.mrna1	utg415.equina_smart_1412569.path1	gene_id	full_model_LRT	up	3.05434074409217	0.00796919662155862
evm.utg4157.12.2.5c22f08e	evm.TU.utg4157.12	gene_id	salinity_added_wald	down	-1.024333198524	0.0278128432448876
evm.utg4157.12.2.5c22f08e	evm.TU.utg4157.12	gene_id	combined_wald	down	-1.61001532044753	0.00057328857271594
evm.utg4177.6	evm.TU.utg4177.6	gene_id	salinity_added_wald	up	1.40088847639103	0.0172092855802003
evm.utg435.5	evm.TU.utg435.5	gene_id	salinity_added_wald	down	-1.30715398999865	0.000103220121507954
evm.utg435.5	evm.TU.utg435.5	gene_id	full_model_LRT	down	-1.20673253146501	0.000620912720996446
utg435.equina_smart_56444.mrna1	utg435.equina_smart_56444.path1	gene_id	salinity_added_wald	down	-1.64011365652384	0.00882668598320658
utg435.equina_smart_56444.mrna1	utg435.equina_smart_56444.path1	gene_id	combined_wald	down	-1.63075570683304	0.00836970332482364
utg435.equina_smart_56444.mrna1	utg435.equina_smart_56444.path1	gene_id	full_model_LRT	down	-1.66113982757871	0.0379367835056837
evm.utg4398.8	evm.TU.utg4398.8	gene_id	salinity_added_wald	down	-3.32807309450964	0.000852370885155867
evm.utg4398.8	evm.TU.utg4398.8	gene_id	combined_wald	down	-2.17229789518836	0.00490266052899833
evm.utg4398.8	evm.TU.utg4398.8	gene_id	full_model_LRT	down	-4.88423349828109	0.0100334168444007
utg479.equina_smart_1205587.mrna4	utg479.equina_smart_1205587.path4	gene_id	combined_wald	down	-1.10720019598949	0.0232931853759908
evm.utg498.85	evm.TU.utg498.85	gene_id	combined_wald	down	-1.32251794737484	0.034892561077526
evm.utg512.47	evm.TU.utg512.47	gene_id	salinity_added_wald	up	1.4661132083142	0.0139592479507312
evm.utg52.121	evm.TU.utg52.121	gene_id	salinity_only_wald	up	1.4487395577672	0.020222068104639
evm.utg52.121	evm.TU.utg52.121	gene_id	combined_wald	up	1.29131838805115	0.0382632792891108
evm.utg55.161	evm.TU.utg55.161	gene_id	combined_wald	down	-1.26336983829025	0.0322384283329612
utg55.equina_smart_1394326.mrna1	utg55.equina_smart_1394326.path1	gene_id	full_model_LRT	up	1.14875671174592	0.0366627222730466
utg55.equina_smart_1393778.mrna1	utg55.equina_smart_1393778.path1	gene_id	salinity_only_wald	up	1.08869928983231	0.0452997844744095
utg55.equina_smart_1393778.mrna1	utg55.equina_smart_1393778.path1	gene_id	salinity_added_wald	up	3.53764003456542	8.7111345852242e-05
utg55.equina_smart_1393778.mrna1	utg55.equina_smart_1393778.path1	gene_id	full_model_LRT	up	2.75913912928029	1.05465093693343e-05
evm.utg580.37	evm.TU.utg580.37	gene_id	salinity_added_wald	down	-1.20685485110984	0.0497799512327958
evm.utg580.37	evm.TU.utg580.37	gene_id	combined_wald	down	-2.41188174375848	0.00309299902905239
utg597.equina_smart_230871.mrna1	utg597.equina_smart_230871.path1	gene_id	salinity_added_wald	down	-1.46555468057219	0.0261013359601085
utg597.equina_smart_230871.mrna1	utg597.equina_smart_230871.path1	gene_id	full_model_LRT	down	-1.32420724803547	0.0378660382384733
utg607.equina_smart_6415.mrna1	utg607.equina_smart_6415.path1	gene_id	combined_wald	down	-1.46008982389366	0.00526354490805152
utg607.equina_smart_6415.mrna1	utg607.equina_smart_6415.path1	gene_id	full_model_LRT	down	-1.0004037728511	0.0308257929530612
evm.utg607.8	evm.TU.utg607.8	gene_id	salinity_only_wald	down	-4.4260036920319	1.60194114349383e-09
evm.utg607.8	evm.TU.utg607.8	gene_id	salinity_added_wald	down	-4.88473571012013	2.15202351152645e-10
evm.utg607.8	evm.TU.utg607.8	gene_id	combined_wald	down	-4.38116444543053	5.48724840046769e-09
evm.utg607.8	evm.TU.utg607.8	gene_id	salinity_only_LRT	down	-4.93580330076111	4.1232352248715e-08
evm.utg616.125	evm.TU.utg616.125	gene_id	diesel_added_wald	down	-1.52746893777377	0.00609572057644489
evm.utg616.125	evm.TU.utg616.125	gene_id	full_model_LRT	down	-1.48978897629357	0.000406175765228772
evm.utg616.98	evm.TU.utg616.98	gene_id	salinity_only_wald	down	-1.26189793017882	0.0181221744605413
evm.utg616.98	evm.TU.utg616.98	gene_id	combined_wald	down	-1.41991957407895	0.0120848039520765
evm.utg622.27	evm.TU.utg622.27	gene_id	salinity_only_wald	down	-1.84436004540023	0.00355305040719358
evm.utg622.27	evm.TU.utg622.27	gene_id	combined_wald	down	-1.73008108827192	0.00637261043587952
evm.utg622.27	evm.TU.utg622.27	gene_id	salinity_only_LRT	down	-2.9310335586658	0.0167559652992172
evm.utg622.27	evm.TU.utg622.27	gene_id	full_model_LRT	up	2.83672657097345	0.000449036825191391
evm.utg622.76	evm.TU.utg622.76	gene_id	salinity_only_wald	down	-1.56088571127394	0.000218318424923089
evm.utg622.76	evm.TU.utg622.76	gene_id	salinity_added_wald	down	-1.32102526731368	0.00258335906799539
evm.utg622.76	evm.TU.utg622.76	gene_id	combined_wald	down	-1.80969017170822	4.30052278288572e-05
evm.utg622.76	evm.TU.utg622.76	gene_id	salinity_only_LRT	down	-1.90000866110854	0.000826158428892326
evm.utg625.123	evm.TU.utg625.123	gene_id	diesel_added_wald	down	-1.0515623107138	0.0249205314573744
evm.utg625.123	evm.TU.utg625.123	gene_id	combined_wald	down	-1.18955725988675	0.0263933827623366
evm.utg625.123	evm.TU.utg625.123	gene_id	full_model_LRT	down	-1.46084536890314	0.0387152477455323
evm.utg6373.26	evm.TU.utg6373.26	gene_id	diesel_added_wald	down	-1.51955257959515	0.00177059049824518
evm.utg6373.26	evm.TU.utg6373.26	gene_id	full_model_LRT	down	-2.03030462617644	0.00196066873998935
evm.utg6806.30	evm.TU.utg6806.30	gene_id	salinity_only_wald	down	-1.31753522056213	0.00160246275854932
evm.utg6806.30	evm.TU.utg6806.30	gene_id	salinity_only_LRT	down	-1.67875918240117	0.00879735145739933
evm.utg6806.30	evm.TU.utg6806.30	gene_id	full_model_LRT	up	1.255584714536	0.00846153768911666
evm.utg6806.35	evm.TU.utg6806.35	gene_id	salinity_only_wald	down	-2.25571536821284	0.00151969157984673
evm.utg6806.35	evm.TU.utg6806.35	gene_id	salinity_only_LRT	down	-3.64976517831112	0.00533391809882787
evm.utg6806.35	evm.TU.utg6806.35	gene_id	full_model_LRT	up	3.54091768764943	0.0209694739880082
evm.utg693.82	evm.TU.utg693.82	gene_id	salinity_only_wald	down	-1.25675686885378	0.00737791402814423
evm.utg693.82	evm.TU.utg693.82	gene_id	salinity_added_wald	down	-1.09559078116564	0.0257880140731141
evm.utg693.82	evm.TU.utg693.82	gene_id	combined_wald	down	-1.30146576906938	0.00791761565541779
evm.utg693.82	evm.TU.utg693.82	gene_id	salinity_only_LRT	down	-1.7572366736691	0.0136818826011894
evm.utg693.84	evm.TU.utg693.84	gene_id	salinity_only_wald	down	-1.01778456932912	0.0392613242978052
evm.utg693.84	evm.TU.utg693.84	gene_id	salinity_added_wald	down	-1.08138150582888	0.0409071990248276
evm.utg693.84	evm.TU.utg693.84	gene_id	combined_wald	down	-1.30238699683121	0.0142401510808587
evm.utg734.21	evm.TU.utg734.21	gene_id	salinity_added_wald	up	1.73628881451773	0.00452243462845728
evm.utg734.21	evm.TU.utg734.21	gene_id	full_model_LRT	up	1.26905920092957	0.00770316323644065
evm.utg7412.17	evm.TU.utg7412.17	gene_id	combined_wald	up	1.14664534527709	0.0195616912118088
evm.utg7412.17	evm.TU.utg7412.17	gene_id	full_model_LRT	up	1.02030796553805	0.0295728008061078
evm.utg7412.4	evm.TU.utg7412.4	gene_id	combined_wald	down	-1.02881904545242	0.0254885034173614
evm.utg7412.5	evm.TU.utg7412.5	gene_id	salinity_only_wald	down	-1.42749109543057	0.00137973985935154
evm.utg7412.5	evm.TU.utg7412.5	gene_id	salinity_added_wald	down	-1.56093382561223	0.000838115845803017
evm.utg7412.5	evm.TU.utg7412.5	gene_id	combined_wald	down	-1.5908306179836	0.000653914343209204
evm.utg7412.5	evm.TU.utg7412.5	gene_id	salinity_only_LRT	down	-1.84413902028546	0.00429008835098496
evm.utg762.21	evm.TU.utg762.21	gene_id	salinity_only_wald	down	-1.18686238821876	0.0269185394092676
evm.utg77.143	evm.TU.utg77.143	gene_id	salinity_only_wald	up	1.3389312275214	0.000664108250146916
evm.utg77.143	evm.TU.utg77.143	gene_id	salinity_only_LRT	up	1.62973290181196	0.00193660237400053
evm.utg77.147.149	evm.TU.utg77.147.149	gene_id	diesel_added_wald	down	-1.96198085411551	0.00156517995504926
evm.utg77.147.149	evm.TU.utg77.147.149	gene_id	salinity_added_wald	down	-2.81144404083207	1.47537157418949e-06
evm.utg77.147.149	evm.TU.utg77.147.149	gene_id	combined_wald	down	-2.45782813584802	1.43994559968622e-05
evm.utg77.147.149	evm.TU.utg77.147.149	gene_id	full_model_LRT	down	-2.92010931138709	3.66880275167849e-05
evm.utg77.178	evm.TU.utg77.178	gene_id	salinity_added_wald	down	-1.05455013385585	0.038459385106662
evm.utg77.3	evm.TU.utg77.3	gene_id	salinity_only_LRT	up	1.03842422256463	0.0165309562864362
evm.utg77.83	evm.TU.utg77.83	gene_id	salinity_added_wald	down	-1.40873706105528	0.00132790537739427
evm.utg77.83	evm.TU.utg77.83	gene_id	combined_wald	down	-1.32196534900958	0.00246997252957173
evm.utg77.83	evm.TU.utg77.83	gene_id	salinity_only_LRT	down	-1.21199855878698	0.00385080891654966
evm.utg77.98	evm.TU.utg77.98	gene_id	salinity_added_wald	up	2.22655947692182	0.00235528577261047
evm.utg77.98	evm.TU.utg77.98	gene_id	combined_wald	up	1.59584696382461	0.0133957724479914
evm.utg77.98	evm.TU.utg77.98	gene_id	full_model_LRT	up	2.68604538894121	0.00316417849507224
evm.utg77.101	evm.TU.utg77.101	gene_id	salinity_added_wald	up	1.25447732308056	0.038373005813639
evm.utg77.101	evm.TU.utg77.101	gene_id	combined_wald	up	1.16686745457893	0.0494412733541599
evm.utg77.101	evm.TU.utg77.101	gene_id	full_model_LRT	up	1.82850391127421	0.0464806617396881
evm.utg777.61	evm.TU.utg777.61	gene_id	salinity_only_wald	down	-2.54047354406	0.000139834750540677
evm.utg777.61	evm.TU.utg777.61	gene_id	salinity_added_wald	down	-1.18257238503276	0.0413801584163894
evm.utg777.61	evm.TU.utg777.61	gene_id	combined_wald	down	-1.94111962404889	0.00215273956731114
evm.utg777.61	evm.TU.utg777.61	gene_id	salinity_only_LRT	down	-3.42035473573651	0.00242038849158008
evm.utg777.61	evm.TU.utg777.61	gene_id	full_model_LRT	up	1.34935602860637	0.000177751793055299
evm.utg78.19	evm.TU.utg78.19	gene_id	salinity_added_wald	down	-1.07175909586596	0.00405498878200064
evm.utg78.19	evm.TU.utg78.19	gene_id	combined_wald	down	-1.21932552388996	0.000904196573238115
evm.utg788.10	evm.TU.utg788.10	gene_id	combined_wald	down	-1.74058344122262	0.000443857587126511
evm.utg788.48	evm.TU.utg788.48	gene_id	salinity_only_wald	down	-1.27550597809878	0.00268074516838288
evm.utg788.48	evm.TU.utg788.48	gene_id	salinity_only_LRT	down	-1.6584672568851	0.00239577453134912
utg790.equina_smart_68539.mrna1	utg790.equina_smart_68539.path1	gene_id	salinity_added_wald	down	-1.27504664163569	0.042555383477391
evm.utg82.11	evm.TU.utg82.11	gene_id	combined_wald	down	-1.61857812282401	0.00601934892587803
evm.utg8494.21	evm.TU.utg8494.21	gene_id	salinity_added_wald	down	-1.80098476811507	0.00056130318406729
evm.utg8494.21	evm.TU.utg8494.21	gene_id	combined_wald	down	-2.12378213850491	6.38301583800952e-05
evm.utg8494.21	evm.TU.utg8494.21	gene_id	full_model_LRT	down	-1.19331612228905	0.000662393106165396
evm.utg8494.38	evm.TU.utg8494.38	gene_id	diesel_added_wald	down	-1.04823517603594	0.0045108711741685
evm.utg8494.38	evm.TU.utg8494.38	gene_id	salinity_added_wald	down	-1.41128622490968	0.000175859816237412
evm.utg8494.38	evm.TU.utg8494.38	gene_id	combined_wald	down	-1.58854005447376	2.32967687202246e-05
evm.utg8494.38	evm.TU.utg8494.38	gene_id	full_model_LRT	down	-1.30969185301217	0.000187429006466455
evm.utg8792.54	evm.TU.utg8792.54	gene_id	salinity_only_wald	down	-2.12193000521892	8.51597402193969e-05
evm.utg8792.54	evm.TU.utg8792.54	gene_id	salinity_added_wald	down	-1.04360505941828	0.0426838713014787
evm.utg8792.54	evm.TU.utg8792.54	gene_id	combined_wald	down	-1.35345525352227	0.00891345887003939
evm.utg8792.54	evm.TU.utg8792.54	gene_id	salinity_only_LRT	down	-2.6592513299972	0.000248672972518619
evm.utg8792.54	evm.TU.utg8792.54	gene_id	full_model_LRT	up	1.09620605744735	0.000108273361668544
evm.utg92.153	evm.TU.utg92.153	gene_id	combined_wald	down	-1.34168529899638	0.0296197358360075
utg92.equina_smart_535020.mrna1	utg92.equina_smart_535020.path1	gene_id	salinity_only_LRT	down	-1.63606259813975	0.0298364972466757
evm.utg9313.11	evm.TU.utg9313.11	gene_id	salinity_added_wald	down	-1.34732409739822	0.00776312421936413
evm.utg9313.11	evm.TU.utg9313.11	gene_id	combined_wald	down	-1.39720588869404	0.00566026549441871
evm.utg936.47	evm.TU.utg936.47	gene_id	salinity_only_wald	down	-1.5128351730639	0.0140924868286569
evm.utg936.47	evm.TU.utg936.47	gene_id	salinity_added_wald	down	-1.27120505089307	0.0389895665193363
evm.utg936.47	evm.TU.utg936.47	gene_id	combined_wald	down	-1.58218234161048	0.0136446733631177
evm.utg1056.8	evm.TU.utg1056.8	gene_id	diesel_added_wald	up	1.02093654641546	0.0229445591123834
evm.utg1378.21	evm.TU.utg1378.21	gene_id	salinity_added_wald	up	1.6664603325461	0.000213773842645715
evm.utg1378.21	evm.TU.utg1378.21	gene_id	combined_wald	up	1.10511739483342	0.0125498677041377
evm.utg1378.21	evm.TU.utg1378.21	gene_id	full_model_LRT	up	1.22935764867205	0.000432269932531991
evm.utg14021.18	evm.TU.utg14021.18	gene_id	salinity_added_wald	up	1.15250941505092	0.027345706458302
evm.utg144.1	evm.TU.utg144.1	gene_id	salinity_added_wald	up	1.41374920984017	0.0128113416884828
evm.utg144.1	evm.TU.utg144.1	gene_id	combined_wald	up	1.28147196301712	0.0213277844750124
evm.utg144.1	evm.TU.utg144.1	gene_id	full_model_LRT	up	1.00174633578308	0.0143473499405536
evm.utg145.62	evm.TU.utg145.62	gene_id	combined_wald	down	-1.28463367640079	0.0388097379922581
evm.utg145.90	evm.TU.utg145.90	gene_id	combined_wald	up	1.16849922286622	0.0380386544709448
evm.utg1796.18	evm.TU.utg1796.18	gene_id	combined_wald	down	-1.47084668346242	0.011595196959735
evm.utg18.23	evm.TU.utg18.23	gene_id	combined_wald	up	1.23330643373374	0.0450786263550957
evm.utg18.23	evm.TU.utg18.23	gene_id	full_model_LRT	up	2.12629349550767	0.0401186145229186
evm.utg1910.46	evm.TU.utg1910.46	gene_id	combined_wald	down	-1.15022992547929	0.0157133166992948
evm.utg2017.9	evm.TU.utg2017.9	gene_id	salinity_added_wald	down	-1.68071826443399	0.0113430166348358
evm.utg2017.9	evm.TU.utg2017.9	gene_id	combined_wald	down	-1.33189123248802	0.0309534301645285
evm.utg2024.9	evm.TU.utg2024.9	gene_id	salinity_only_wald	down	-1.42292169618466	0.011340994386137
evm.utg2024.9	evm.TU.utg2024.9	gene_id	salinity_only_LRT	down	-2.29074750712851	0.0119364978755838
evm.utg2024.15	evm.TU.utg2024.15	gene_id	salinity_only_wald	down	-1.74092056391019	0.000772518163384984
evm.utg2024.15	evm.TU.utg2024.15	gene_id	combined_wald	down	-1.10960006118891	0.0291378860285458
evm.utg2024.15	evm.TU.utg2024.15	gene_id	salinity_only_LRT	down	-2.28681655671373	0.00392152866057024
evm.utg2024.16	evm.TU.utg2024.16	gene_id	salinity_only_wald	down	-1.61894926623597	0.00130288947741853
evm.utg2024.16	evm.TU.utg2024.16	gene_id	combined_wald	down	-1.06380534369387	0.0338202424056761
evm.utg2024.16	evm.TU.utg2024.16	gene_id	salinity_only_LRT	down	-2.14980145317402	0.00504845545235508
evm.utg207.109	evm.TU.utg207.109	gene_id	salinity_only_wald	down	-1.54078128342192	8.65533082432393e-05
evm.utg207.109	evm.TU.utg207.109	gene_id	salinity_added_wald	down	-1.69596228454524	3.83437140912307e-05
evm.utg207.109	evm.TU.utg207.109	gene_id	combined_wald	down	-1.74959355928211	2.19130890233378e-05
evm.utg207.109	evm.TU.utg207.109	gene_id	salinity_only_LRT	down	-1.82795031182798	2.6752534845458e-05
evm.utg219.26	evm.TU.utg219.26	gene_id	salinity_only_wald	down	-1.99874277740148	0.000708875504124749
evm.utg219.26	evm.TU.utg219.26	gene_id	combined_wald	down	-1.13223146789372	0.0388064111784262
evm.utg219.26	evm.TU.utg219.26	gene_id	salinity_only_LRT	down	-2.74845241212433	0.0103083968353615
evm.utg219.26	evm.TU.utg219.26	gene_id	full_model_LRT	up	1.32703074591363	0.00169953078919853
evm.utg2246.81	evm.TU.utg2246.81	gene_id	salinity_added_wald	down	-2.50597015588521	0.000901543728141174
evm.utg2246.81	evm.TU.utg2246.81	gene_id	combined_wald	down	-2.10296760687782	0.00257578366713296
evm.utg2246.81	evm.TU.utg2246.81	gene_id	full_model_LRT	down	-1.5814435942188	0.00184482005594531
evm.utg245.37	evm.TU.utg245.37	gene_id	salinity_added_wald	down	-1.15093271111823	0.00133775592326869
evm.utg245.37	evm.TU.utg245.37	gene_id	combined_wald	down	-1.21948481718313	0.000612738721150428
evm.utg245.37	evm.TU.utg245.37	gene_id	salinity_only_LRT	down	-1.12387066862272	0.0110208633051326
evm.utg245.39	evm.TU.utg245.39	gene_id	salinity_added_wald	down	-1.55654963195601	0.000583172586888843
evm.utg245.39	evm.TU.utg245.39	gene_id	combined_wald	down	-1.79932788354587	7.92377554625711e-05
evm.utg245.76	evm.TU.utg245.76	gene_id	salinity_only_wald	down	-1.08856991330124	0.0113765982465479
evm.utg245.76	evm.TU.utg245.76	gene_id	salinity_added_wald	down	-2.01277655572502	2.15745763371682e-05
evm.utg245.76	evm.TU.utg245.76	gene_id	combined_wald	down	-1.84095859152775	8.67858124463201e-05
evm.utg245.76	evm.TU.utg245.76	gene_id	salinity_only_LRT	down	-1.49146084275828	0.00305704526473095
evm.utg262.15	evm.TU.utg262.15	gene_id	salinity_only_wald	up	1.14045915518951	0.039684440867232
evm.utg262.15	evm.TU.utg262.15	gene_id	combined_wald	up	1.69010729276637	0.0130046619039967
evm.utg2757.26	evm.TU.utg2757.26	gene_id	salinity_only_wald	up	1.81213810404347	0.00430835616506952
evm.utg2757.26	evm.TU.utg2757.26	gene_id	salinity_added_wald	up	3.28235450763534	1.81482977182879e-05
evm.utg2757.26	evm.TU.utg2757.26	gene_id	combined_wald	up	4.64884389203866	2.50472584314896e-08
evm.utg2757.26	evm.TU.utg2757.26	gene_id	salinity_only_LRT	up	2.92545984081432	0.00117316977674814
evm.utg2757.26	evm.TU.utg2757.26	gene_id	full_model_LRT	up	1.18283374346671	1.0339501236772e-08
evm.utg2818.67	evm.TU.utg2818.67	gene_id	salinity_only_wald	down	-2.22219006648594	0.00297171096706654
evm.utg2818.67	evm.TU.utg2818.67	gene_id	full_model_LRT	up	5.79724183998489	0.0184672145769754
evm.utg2967.27	evm.TU.utg2967.27	gene_id	salinity_only_wald	up	1.98937499774789	0.00635066628487175
evm.utg2967.27	evm.TU.utg2967.27	gene_id	salinity_only_LRT	up	4.99818133865109	0.0139400185606886
evm.utg2967.27	evm.TU.utg2967.27	gene_id	full_model_LRT	down	-3.75919045313106	0.0171606317501613
evm.utg3019.19	evm.TU.utg3019.19	gene_id	salinity_only_wald	up	2.0198578837297	0.000678453802778204
evm.utg3019.19	evm.TU.utg3019.19	gene_id	salinity_added_wald	up	1.67290614147148	0.00413995120363813
evm.utg3019.19	evm.TU.utg3019.19	gene_id	combined_wald	up	1.79685992974921	0.00224387411396315
evm.utg3019.19	evm.TU.utg3019.19	gene_id	salinity_only_LRT	up	2.73959612394925	0.00122976762503104
evm.utg376.53	evm.TU.utg376.53	gene_id	salinity_only_wald	down	-1.06861903286721	0.0258127939466598
evm.utg376.53	evm.TU.utg376.53	gene_id	salinity_only_LRT	down	-1.62780887442781	0.0368069235092833
evm.utg4194.92	evm.TU.utg4194.92	gene_id	salinity_added_wald	down	-1.28834752391221	0.00746458699413497
evm.utg4194.92	evm.TU.utg4194.92	gene_id	combined_wald	down	-1.03639803836844	0.0302959404398503
evm.utg4194.96	evm.TU.utg4194.96	gene_id	salinity_added_wald	down	-1.37504960672875	0.00218462347653116
evm.utg4194.96	evm.TU.utg4194.96	gene_id	combined_wald	down	-1.07933199803398	0.0157915000901044
evm.utg4194.96	evm.TU.utg4194.96	gene_id	salinity_only_LRT	down	-1.2640091013664	0.0192663537723883
evm.utg4398.20	evm.TU.utg4398.20	gene_id	salinity_only_wald	up	1.95420165349091	0.006787375048333
evm.utg4398.20	evm.TU.utg4398.20	gene_id	full_model_LRT	down	-3.36351296517674	0.00274175756398348
evm.utg479.184	evm.TU.utg479.184	gene_id	salinity_only_wald	up	1.4679863238815	0.0183920878036918
evm.utg479.184	evm.TU.utg479.184	gene_id	combined_wald	up	1.8753539450197	0.00891881532317736
evm.utg479.184	evm.TU.utg479.184	gene_id	full_model_LRT	down	-1.25906929050956	0.0178359907549756
evm.utg479.30	evm.TU.utg479.30	gene_id	salinity_added_wald	up	1.21797164601346	0.0224615942384816
evm.utg479.30	evm.TU.utg479.30	gene_id	combined_wald	up	1.57157957220723	0.00389088275733564
evm.utg498.22	evm.TU.utg498.22	gene_id	salinity_only_wald	down	-1.55180024297665	0.0106979079546246
evm.utg498.22	evm.TU.utg498.22	gene_id	combined_wald	down	-1.63266264437175	0.00962611394292108
evm.utg498.22	evm.TU.utg498.22	gene_id	salinity_only_LRT	down	-2.71476254387632	0.0274693311429034
evm.utg498.22	evm.TU.utg498.22	gene_id	full_model_LRT	up	3.16036782149004	0.000536723175407672
evm.utg505.12	evm.TU.utg505.12	gene_id	salinity_added_wald	down	-1.18411716927806	0.0113433733945879
evm.utg512.59	evm.TU.utg512.59	gene_id	salinity_added_wald	up	2.1271183014639	0.000989500866942615
evm.utg512.59	evm.TU.utg512.59	gene_id	combined_wald	up	2.66722012124401	8.97070053823713e-05
evm.utg512.59	evm.TU.utg512.59	gene_id	full_model_LRT	up	1.41718697707897	4.43721039735635e-05
evm.utg5290.18	evm.TU.utg5290.18	gene_id	salinity_only_wald	down	-1.31976909863992	0.00707345611997849
evm.utg5290.18	evm.TU.utg5290.18	gene_id	salinity_only_LRT	down	-1.8697237931188	0.0203671694228732
evm.utg55.53	evm.TU.utg55.53	gene_id	full_model_LRT	down	-2.37713456724432	0.0215915133056671
evm.utg616.90	evm.TU.utg616.90	gene_id	salinity_added_wald	up	1.73189903155274	2.15062386275758e-05
evm.utg616.90	evm.TU.utg616.90	gene_id	combined_wald	up	1.06564973425295	0.00878899992608789
evm.utg616.90	evm.TU.utg616.90	gene_id	full_model_LRT	up	1.01682419919706	1.70770068766007e-05
evm.utg622.44	evm.TU.utg622.44	gene_id	salinity_only_wald	up	1.2705944223995	0.027897154080143
evm.utg625.67	evm.TU.utg625.67	gene_id	salinity_only_LRT	up	1.04167484455303	0.0456840648441107
evm.utg6669.3	evm.TU.utg6669.3	gene_id	salinity_added_wald	up	1.34458077952918	0.0290913469945743
evm.utg7145.30	evm.TU.utg7145.30	gene_id	salinity_only_wald	down	-1.82941947142134	0.00245314599289177
evm.utg7145.30	evm.TU.utg7145.30	gene_id	salinity_only_LRT	down	-2.71686723803042	0.010435855688704
evm.utg7145.30	evm.TU.utg7145.30	gene_id	full_model_LRT	up	1.81883385021697	0.0126528014168927
evm.utg790.26	evm.TU.utg790.26	gene_id	salinity_only_wald	down	-2.15532503785383	5.3570080129494e-06
evm.utg790.26	evm.TU.utg790.26	gene_id	salinity_added_wald	down	-2.37394249743022	1.49511861396046e-06
evm.utg790.26	evm.TU.utg790.26	gene_id	combined_wald	down	-2.63183717702524	9.38031842070559e-08
evm.utg790.26	evm.TU.utg790.26	gene_id	salinity_only_LRT	down	-2.52708713245348	2.48637836352126e-06
evm.utg790.31	evm.TU.utg790.31	gene_id	salinity_added_wald	down	-1.27229108409933	0.0018528149144051
evm.utg790.31	evm.TU.utg790.31	gene_id	combined_wald	down	-1.19674917565662	0.00329764987525593
evm.utg797.2	evm.TU.utg797.2	gene_id	salinity_only_wald	down	-1.98293555592539	0.00579434078271524
evm.utg797.2	evm.TU.utg797.2	gene_id	salinity_added_wald	down	-1.52365110795726	0.02286970670413
evm.utg797.2	evm.TU.utg797.2	gene_id	combined_wald	down	-1.64640365227093	0.0148938530567481
evm.utg797.2	evm.TU.utg797.2	gene_id	salinity_only_LRT	down	-4.25894324167968	0.0161185614930596
evm.utg797.14	evm.TU.utg797.14	gene_id	salinity_added_wald	up	1.18304680692002	0.0412018258620563
evm.utg797.17	evm.TU.utg797.17	gene_id	salinity_added_wald	up	1.40642798435343	0.0238767924881721
evm.utg797.17	evm.TU.utg797.17	gene_id	combined_wald	up	1.42660219133303	0.0210311917432079
evm.utg8792.22	evm.TU.utg8792.22	gene_id	salinity_added_wald	down	-1.67847835090605	0.000513461090754644
evm.utg8792.22	evm.TU.utg8792.22	gene_id	combined_wald	down	-1.36153506814566	0.0041180022521587
evm.utg8792.22	evm.TU.utg8792.22	gene_id	full_model_LRT	down	-1.66315244362253	0.00410993861363621
evm.utg92.83	evm.TU.utg92.83	gene_id	salinity_only_wald	down	-1.15260071560866	0.0248597849142004
evm.utg92.83	evm.TU.utg92.83	gene_id	salinity_added_wald	down	-1.64794092677727	0.0035812753664575
evm.utg92.83	evm.TU.utg92.83	gene_id	salinity_only_LRT	down	-1.85752081728388	0.00847922414744695
evm.utg92.97	evm.TU.utg92.97	gene_id	salinity_added_wald	down	-1.23256281469855	0.0267898023614702
evm.utg92.97	evm.TU.utg92.97	gene_id	combined_wald	down	-1.14814442634236	0.036544007010779
evm.utg92.127	evm.TU.utg92.127	gene_id	salinity_only_wald	up	2.40459697256796	0.0018942294821057
evm.utg92.127	evm.TU.utg92.127	gene_id	combined_wald	up	1.51386249445337	0.0203786941167354
evm.utg92.127	evm.TU.utg92.127	gene_id	salinity_only_LRT	up	4.29027040043429	0.00717032666367606
evm.utg92.127	evm.TU.utg92.127	gene_id	full_model_LRT	down	-2.65000253072327	0.00263183450580996
evm.utg9251.32	evm.TU.utg9251.32	gene_id	diesel_added_wald	down	-1.48420917259804	0.0146754312617537
evm.utg9251.32	evm.TU.utg9251.32	gene_id	salinity_added_wald	down	-2.95772943945771	0.000397280305044273
evm.utg9251.32	evm.TU.utg9251.32	gene_id	combined_wald	down	-1.90902021448871	0.00576086402278955
evm.utg9251.32	evm.TU.utg9251.32	gene_id	full_model_LRT	down	-4.48785811959465	0.0161461536052641
utg163.equina_smart_1630186.mrna1	utg163.equina_smart_1630186.path1	gene_id	salinity_only_wald	up	2.07578700195834	0.000394094779352582
utg163.equina_smart_1630186.mrna1	utg163.equina_smart_1630186.path1	gene_id	combined_wald	up	1.12401528394406	0.0394851142521521
utg163.equina_smart_1630186.mrna1	utg163.equina_smart_1630186.path1	gene_id	salinity_only_LRT	up	2.74651989269644	0.00103794889794422
utg163.equina_smart_1630186.mrna1	utg163.equina_smart_1630186.path1	gene_id	full_model_LRT	down	-1.27588322363395	0.000166398050166749
utg163.equina_smart_1630186.mrna4	utg163.equina_smart_1630186.path4	gene_id	salinity_only_wald	up	2.48023741268182	1.6783157574337e-05
utg163.equina_smart_1630186.mrna4	utg163.equina_smart_1630186.path4	gene_id	combined_wald	up	1.52018664567704	0.00537048569239684
utg163.equina_smart_1630186.mrna4	utg163.equina_smart_1630186.path4	gene_id	salinity_only_LRT	up	3.03280950483988	9.68843150139341e-05
utg163.equina_smart_1630186.mrna4	utg163.equina_smart_1630186.path4	gene_id	full_model_LRT	down	-1.55736761769498	5.20206191866825e-06
evm.utg382.52	evm.TU.utg382.52	gene_id	salinity_added_wald	down	-2.42278624227669	0.000267268018687029
evm.utg382.52	evm.TU.utg382.52	gene_id	combined_wald	down	-2.51146229408491	0.000149773570346771
evm.utg382.52	evm.TU.utg382.52	gene_id	full_model_LRT	down	-1.62754425384098	0.000695872935665906
evm.utg5414.24	evm.TU.utg5414.24	gene_id	diesel_added_wald	down	-1.47898422504605	0.00385411767396075
evm.utg5414.24	evm.TU.utg5414.24	gene_id	full_model_LRT	down	-1.3846285965788	0.000490975178411998
utg993.evm.utg382.52.mrna3	utg993.evm.utg382.52.path3	gene_id	salinity_added_wald	down	-2.501606829952	0.000575776146536533
utg993.evm.utg382.52.mrna3	utg993.evm.utg382.52.path3	gene_id	combined_wald	down	-2.5395396419278	0.000409998406254983
utg993.evm.utg382.52.mrna3	utg993.evm.utg382.52.path3	gene_id	full_model_LRT	down	-2.52511852191245	0.00242043685872266
utg1205.equina_smart_1139456.mrna5	utg1205.equina_smart_1139456.path5	gene_id	combined_wald	down	-1.13589237401531	0.00819654351291149
utg163.equina_smart_1617407.mrna2	utg163.equina_smart_1617407.path2	gene_id	salinity_added_wald	down	-3.45306945386246	2.63670846280385e-05
utg163.equina_smart_1617407.mrna2	utg163.equina_smart_1617407.path2	gene_id	combined_wald	down	-1.61542380346977	0.0109235728113186
utg163.equina_smart_1617407.mrna2	utg163.equina_smart_1617407.path2	gene_id	full_model_LRT	down	-2.83174308750578	0.000102808118347761
utg3329.equina_smart_1139456.mrna6	utg3329.equina_smart_1139456.path6	gene_id	combined_wald	down	-1.10671556404574	0.00919517843460983
utg3884.equina_smart_1139456.mrna4	utg3884.equina_smart_1139456.path4	gene_id	combined_wald	down	-1.04523591295984	0.015343052889266
utg420.equina_smart_1688928.mrna5	utg420.equina_smart_1688928.path5	gene_id	salinity_only_wald	down	-1.31653396157594	0.00610895010248676
utg420.equina_smart_1688928.mrna5	utg420.equina_smart_1688928.path5	gene_id	combined_wald	down	-1.11715323622208	0.0242417297853901
utg420.equina_smart_1688928.mrna5	utg420.equina_smart_1688928.path5	gene_id	salinity_only_LRT	down	-1.83526680708476	0.0141787840783359
utg4207.equina_smart_1139456.mrna2	utg4207.equina_smart_1139456.path2	gene_id	combined_wald	down	-1.05069139240708	0.0150897377360436
utg4614.equina_smart_1688928.mrna7	utg4614.equina_smart_1688928.path7	gene_id	salinity_only_wald	down	-1.20191741983025	0.0119554296587718
utg4614.equina_smart_1688928.mrna7	utg4614.equina_smart_1688928.path7	gene_id	salinity_only_LRT	down	-1.73317131592007	0.0180947188010335
utg496.equina_smart_1617407.mrna3	utg496.equina_smart_1617407.path3	gene_id	combined_wald	down	-1.80096212959992	0.00867617541523131
utg7.equina_smart_1617407.mrna5	utg7.equina_smart_1617407.path5	gene_id	combined_wald	down	-1.21318887205192	0.0476216994217914
evm.utg172.64	evm.TU.utg172.64	gene_id	salinity_added_wald	up	1.59250746244998	0.000531117583294495
evm.utg172.64	evm.TU.utg172.64	gene_id	combined_wald	up	1.22085097398512	0.00708362642396953
evm.utg172.64	evm.TU.utg172.64	gene_id	full_model_LRT	up	1.01520048453995	0.000572984604704118
evm.utg172.85	evm.TU.utg172.85	gene_id	salinity_only_wald	down	-1.06768841856756	0.042751229283709
evm.utg1781.10	evm.TU.utg1781.10	gene_id	salinity_added_wald	up	1.27972470724836	0.0233216647368082
evm.utg1781.10	evm.TU.utg1781.10	gene_id	combined_wald	up	1.18622212052099	0.0327680313678557
evm.utg1846.90	evm.TU.utg1846.90	gene_id	salinity_added_wald	down	-2.4887022865224	0.000143156153188521
evm.utg1846.90	evm.TU.utg1846.90	gene_id	combined_wald	down	-2.51687371388509	0.000102156349027711
evm.utg1846.90	evm.TU.utg1846.90	gene_id	full_model_LRT	down	-1.68893220578607	0.000425894822662211
utg2303.equina_smart_1630186.mrna2	utg2303.equina_smart_1630186.path2	gene_id	salinity_only_wald	up	2.28219193439147	4.16362891215451e-05
utg2303.equina_smart_1630186.mrna2	utg2303.equina_smart_1630186.path2	gene_id	salinity_added_wald	up	1.02645996476035	0.0472684789947147
utg2303.equina_smart_1630186.mrna2	utg2303.equina_smart_1630186.path2	gene_id	combined_wald	up	1.37628331771716	0.00940878805679568
utg2303.equina_smart_1630186.mrna2	utg2303.equina_smart_1630186.path2	gene_id	salinity_only_LRT	up	2.80856445784284	0.000412629101071469
utg2303.equina_smart_1630186.mrna2	utg2303.equina_smart_1630186.path2	gene_id	full_model_LRT	down	-1.28925891184823	9.01054110890105e-06
utg2303.equina_smart_1630186.mrna3	utg2303.equina_smart_1630186.path3	gene_id	salinity_only_wald	up	2.27779786702385	0.000108026588830085
utg2303.equina_smart_1630186.mrna3	utg2303.equina_smart_1630186.path3	gene_id	combined_wald	up	1.37193473603815	0.0127487177051127
utg2303.equina_smart_1630186.mrna3	utg2303.equina_smart_1630186.path3	gene_id	salinity_only_LRT	up	2.90649446578613	0.000256374760665284
utg2303.equina_smart_1630186.mrna3	utg2303.equina_smart_1630186.path3	gene_id	full_model_LRT	down	-1.3958789039247	4.98459247185351e-05
evm.utg3041.32	evm.TU.utg3041.32	gene_id	salinity_only_wald	down	-2.0368783799594	0.00036793317572703
evm.utg3041.32	evm.TU.utg3041.32	gene_id	combined_wald	down	-1.22967739968361	0.0224141828408291
evm.utg3041.32	evm.TU.utg3041.32	gene_id	salinity_only_LRT	down	-2.6926653677595	0.00527180384092865
evm.utg3041.32	evm.TU.utg3041.32	gene_id	full_model_LRT	up	1.25098065790603	0.000780107907698495
evm.utg356.30	evm.TU.utg356.30	gene_id	salinity_only_wald	up	2.0903474150637	0.00184649813936105
evm.utg356.30	evm.TU.utg356.30	gene_id	salinity_added_wald	up	1.40534118818322	0.02136170680945
evm.utg356.30	evm.TU.utg356.30	gene_id	combined_wald	up	1.69548735293074	0.00807376327306283
evm.utg356.30	evm.TU.utg356.30	gene_id	salinity_only_LRT	up	3.23708170442566	0.00625287389841079
evm.utg379.10	evm.TU.utg379.10	gene_id	diesel_added_wald	down	-1.18901172104362	0.0131740246335764
evm.utg379.10	evm.TU.utg379.10	gene_id	full_model_LRT	down	-1.51178948256882	0.00510924535212912
evm.utg379.77	evm.TU.utg379.77	gene_id	salinity_added_wald	up	1.13831242239646	0.0229447407841426
evm.utg4.1	evm.TU.utg4.1	gene_id	salinity_added_wald	up	1.24277286477189	0.0272577180624805
evm.utg4.1	evm.TU.utg4.1	gene_id	combined_wald	up	1.09514640382894	0.0476642306270104
evm.utg4.5	evm.TU.utg4.5	gene_id	salinity_only_wald	down	-3.08713969691647	1.35198567096334e-05
evm.utg4.5	evm.TU.utg4.5	gene_id	salinity_added_wald	down	-1.70164514053223	0.00653786548740995
evm.utg4.5	evm.TU.utg4.5	gene_id	combined_wald	down	-1.89659465625309	0.0028655506585388
evm.utg4.5	evm.TU.utg4.5	gene_id	salinity_only_LRT	down	-3.94500486056861	0.00023612567747583
evm.utg4.5	evm.TU.utg4.5	gene_id	full_model_LRT	up	1.22501808231631	1.68981059519765e-05
evm.utg498.74	evm.TU.utg498.74	gene_id	diesel_added_wald	down	-1.3158515948595	0.00923697799562857
evm.utg498.74	evm.TU.utg498.74	gene_id	full_model_LRT	down	-1.39605323087466	0.0014101312680276
evm.utg77.82	evm.TU.utg77.82	gene_id	salinity_only_wald	down	-3.01078558235667	5.83217928869786e-08
evm.utg77.82	evm.TU.utg77.82	gene_id	salinity_added_wald	down	-3.88378341825291	7.93900779998718e-11
evm.utg77.82	evm.TU.utg77.82	gene_id	combined_wald	down	-3.74962853499299	2.82688148516704e-10
evm.utg77.82	evm.TU.utg77.82	gene_id	salinity_only_LRT	down	-3.47985965280725	1.39418515559306e-08
evm.utg1781.56	evm.TU.utg1781.56	gene_id	salinity_added_wald	up	5.21066018910762	4.51237834990855e-05
evm.utg1781.56	evm.TU.utg1781.56	gene_id	interactive_only_wald	up	3.74455372748679	0.0137592063949418
evm.utg1781.56	evm.TU.utg1781.56	gene_id	full_model_LRT	up	8.50690864815002	0.000862779823837718
evm.utg280.20	evm.TU.utg280.20	gene_id	salinity_only_wald	up	2.00853717306888	0.00613571888643765
evm.utg280.20	evm.TU.utg280.20	gene_id	combined_wald	up	1.29636796740198	0.0310999050835102
evm.utg280.20	evm.TU.utg280.20	gene_id	salinity_only_LRT	up	5.78477434695611	0.00299529401226662
evm.utg280.20	evm.TU.utg280.20	gene_id	full_model_LRT	down	-3.35471206764658	0.0480637101203746
evm.utg3041.1	evm.TU.utg3041.1	gene_id	combined_wald	down	-1.1711764740304	0.0278581187359838
evm.utg379.30	evm.TU.utg379.30	gene_id	salinity_added_wald	up	1.46515758190261	0.0212637782233592
evm.utg379.30	evm.TU.utg379.30	gene_id	combined_wald	up	2.14205077036656	0.00269705353122281
evm.utg77.43	evm.TU.utg77.43	gene_id	salinity_only_wald	up	1.08597790529787	0.0254152402072856
evm.utg77.43	evm.TU.utg77.43	gene_id	salinity_added_wald	up	1.64999837571569	0.00198368168491732
evm.utg77.43	evm.TU.utg77.43	gene_id	combined_wald	up	1.4374189812483	0.00592030113926486
evm.utg77.43	evm.TU.utg77.43	gene_id	salinity_only_LRT	up	1.64805631559025	0.0397999398333747
evm.utg101.122	evm.TU.utg101.122	gene_id	salinity_only_LRT	down	-1.27599626770314	0.0310156234986019
evm.utg116.92	evm.TU.utg116.92	gene_id	salinity_only_wald	down	-1.77469174038881	0.00145918094106125
evm.utg116.92	evm.TU.utg116.92	gene_id	salinity_added_wald	down	-1.18417102681036	0.029064137683851
evm.utg116.92	evm.TU.utg116.92	gene_id	combined_wald	down	-1.36695121934721	0.0121569895324485
evm.utg116.92	evm.TU.utg116.92	gene_id	salinity_only_LRT	down	-2.46319636349743	0.0133266488052341
evm.utg116.118	evm.TU.utg116.118	gene_id	salinity_only_wald	down	-3.22120755568043	0.000783849266431756
evm.utg116.118	evm.TU.utg116.118	gene_id	salinity_added_wald	down	-7.51002765430905	1.93568385950956e-07
evm.utg116.118	evm.TU.utg116.118	gene_id	combined_wald	down	-7.71854385547916	4.77654594014388e-08
evm.utg116.118	evm.TU.utg116.118	gene_id	salinity_only_LRT	down	-5.85161826430079	0.028286433569984
evm.utg116.118	evm.TU.utg116.118	gene_id	full_model_LRT	down	-3.2116721596571	3.52112660286876e-05
utg1609.equina_smart_1617407.mrna1	utg1609.equina_smart_1617407.path1	gene_id	combined_wald	down	-1.09334259133318	0.0317091337688121
evm.utg1663.32	evm.TU.utg1663.32	gene_id	salinity_only_wald	down	-1.49134465797506	4.05636283892076e-05
evm.utg1663.32	evm.TU.utg1663.32	gene_id	salinity_added_wald	down	-1.04100919110029	0.00689482670097316
evm.utg1663.32	evm.TU.utg1663.32	gene_id	combined_wald	down	-1.41241592000844	0.000185810693419556
evm.utg1663.32	evm.TU.utg1663.32	gene_id	salinity_only_LRT	down	-1.73993813731447	0.000197250288869547
evm.utg234.106	evm.TU.utg234.106	gene_id	salinity_added_wald	down	-1.22128052285828	0.0457130155714452
evm.utg415.73	evm.TU.utg415.73	gene_id	salinity_added_wald	down	-1.09099910422286	0.00172343679619822
utg55.equina_smart_1139456.mrna1	utg55.equina_smart_1139456.path1	gene_id	salinity_added_wald	down	-1.03642092745526	0.00545428934782233
utg55.equina_smart_1139456.mrna1	utg55.equina_smart_1139456.path1	gene_id	combined_wald	down	-1.03650493077062	0.00515196497482421
utg55.equina_smart_1139456.mrna1	utg55.equina_smart_1139456.path1	gene_id	full_model_LRT	down	-1.05272358657872	0.0137145988289757
evm.utg597.178	evm.TU.utg597.178	gene_id	salinity_only_wald	down	-1.06519747841079	0.0147799596956409
evm.utg597.178	evm.TU.utg597.178	gene_id	combined_wald	down	-1.10847836141792	0.0162809247453445
evm.utg597.178	evm.TU.utg597.178	gene_id	salinity_only_LRT	down	-1.48807960740705	0.0474334005182465
evm.utg597.224	evm.TU.utg597.224	gene_id	salinity_only_wald	up	1.00248491678815	0.00818865937917621
evm.utg597.224	evm.TU.utg597.224	gene_id	salinity_only_LRT	up	1.27142756030258	0.0186947431400967
evm.utg597.114	evm.TU.utg597.114	gene_id	diesel_added_wald	down	-1.58875336862382	0.00402350911229928
evm.utg597.114	evm.TU.utg597.114	gene_id	full_model_LRT	down	-1.56620183717683	0.000407878254464992
evm.utg924.2	evm.TU.utg924.2	gene_id	salinity_added_wald	up	1.97019384957394	1.74073458026661e-07
evm.utg924.2	evm.TU.utg924.2	gene_id	combined_wald	up	1.21998270470191	0.00100477226780814
evm.utg924.2	evm.TU.utg924.2	gene_id	full_model_LRT	up	1.64638289905238	3.96120400119811e-07
evm.utg924.83	evm.TU.utg924.83	gene_id	salinity_added_wald	up	1.37037848499663	0.0150532422344019
evm.utg116.276	evm.TU.utg116.276	gene_id	combined_wald	down	-1.01001172344469	0.0480939401867816
evm.utg470.5	evm.TU.utg470.5	gene_id	combined_wald	up	1.51916333162072	0.019306360371272
evm.utg470.52	evm.TU.utg470.52	gene_id	salinity_only_wald	up	1.09966707152471	0.0363982821810565
evm.utg470.52	evm.TU.utg470.52	gene_id	salinity_only_LRT	up	1.87103612875019	0.0492951725401366
evm.utg597.1	evm.TU.utg597.1	gene_id	salinity_added_wald	down	-1.94979669996896	7.3607299513997e-05
evm.utg597.1	evm.TU.utg597.1	gene_id	combined_wald	down	-1.39074985508587	0.00345504879653594
evm.utg597.1	evm.TU.utg597.1	gene_id	full_model_LRT	down	-1.53188362535424	0.000395497423955656
evm.utg78.48	evm.TU.utg78.48	gene_id	combined_wald	up	1.00598377648454	0.00486305937974952
evm.utg924.25	evm.TU.utg924.25	gene_id	salinity_added_wald	up	1.4095611076856	3.00412341758977e-05
evm.utg924.6	evm.TU.utg924.6	gene_id	salinity_added_wald	up	5.67333151848684	1.31288865861924e-05
evm.utg924.6	evm.TU.utg924.6	gene_id	interactive_only_wald	up	1.3796738007535	0.0493344389523533
evm.utg924.6	evm.TU.utg924.6	gene_id	full_model_LRT	up	7.18275810489721	0.00085655694133084
