Proteome Id	Organism	Organism Id	Protein count	BUSCO	CPD	Components	Taxonomic lineage	Genome assembly ID	Genome representation
UP000000589	Mus musculus (Mouse)	10090	54825	C:99.8%[S:51.8%,D:48.0%],F:0.0%,M:0.2%,n:13798	Unknown	Chromosome 1; Chromosome 2; Chromosome 3; Chromosome 4; Chromosome 5; Chromosome 6; Chromosome 7; Chromosome 8; Chromosome 9; Chromosome 10; Chromosome X; Chromosome 11; Chromosome 12; Chromosome 13; Chromosome 14; Chromosome 15; Chromosome 16; Chromosome 17; Chromosome 18; Chromosome 19; Chromosome Y; Mitochondrion MT; Unplaced	cellular organisms, Eukaryota, Opisthokonta, Metazoa, Eumetazoa, Bilateria, Deuterostomia, Chordata, Craniata, Vertebrata, Gnathostomata, Teleostomi, Euteleostomi, Sarcopterygii, Dipnotetrapodomorpha, Tetrapoda, Amniota, Mammalia, Theria, Eutheria, Boreoeutheria, Euarchontoglires, Glires, Rodentia, Myomorpha, Muroidea, Muridae, Murinae, Mus, Mus	GCA_000001635.9	full
UP000000803	Drosophila melanogaster (Fruit fly)	7227	22019	C:100.0%[S:41.8%,D:58.2%],F:0.0%,M:0.0%,n:3285	Unknown	Chromosome 2L; Chromosome 2R; Chromosome 3L; Chromosome 3R; Chromosome 4; Chromosome X; Mitochondrion MT; Unplaced scaffolds	cellular organisms, Eukaryota, Opisthokonta, Metazoa, Eumetazoa, Bilateria, Protostomia, Ecdysozoa, Panarthropoda, Arthropoda, Mandibulata, Pancrustacea, Hexapoda, Insecta, Dicondylia, Pterygota, Neoptera, Endopterygota, Diptera, Brachycera, Muscomorpha, Eremoneura, Cyclorrhapha, Schizophora, Acalyptratae, Ephydroidea, Drosophilidae, Drosophilinae, Drosophilini, Drosophila, Sophophora, melanogaster group, melanogaster subgroup	GCA_000001215.4	full
UP000002494	Rattus norvegicus (Rat)	10116	51867	C:95.9%[S:49.5%,D:46.4%],F:0.3%,M:3.8%,n:13798	Unknown	Chromosome 1; Chromosome 2; Chromosome 3; Chromosome 4; Chromosome 5; Chromosome 6; Chromosome 7; Chromosome 8; Chromosome 9; Chromosome 10; Chromosome X; Chromosome 11; Chromosome 12; Chromosome 13; Chromosome 14; Chromosome 15; Chromosome 16; Chromosome 17; Chromosome 18; Chromosome 19; Chromosome 20; Chromosome Y; Mitochondrion MT; Unassembled WGS sequence; Unplaced	cellular organisms, Eukaryota, Opisthokonta, Metazoa, Eumetazoa, Bilateria, Deuterostomia, Chordata, Craniata, Vertebrata, Gnathostomata, Teleostomi, Euteleostomi, Sarcopterygii, Dipnotetrapodomorpha, Tetrapoda, Amniota, Mammalia, Theria, Eutheria, Boreoeutheria, Euarchontoglires, Glires, Rodentia, Myomorpha, Muroidea, Muridae, Murinae, Rattus	GCA_036323735.1	full
UP000005640	Homo sapiens (Human)	9606	83526	C:99.5%[S:37.0%,D:62.5%],F:0.0%,M:0.4%,n:13780	Unknown	Chromosome 1; Chromosome 2; Chromosome 3; Chromosome 4; Chromosome 5; Chromosome 6; Chromosome 7; Chromosome 8; Chromosome 9; Chromosome 10; Chromosome X; Chromosome 11; Chromosome 12; Chromosome 13; Chromosome 14; Chromosome 15; Chromosome 16; Chromosome 17; Chromosome 18; Chromosome 19; Chromosome 20; Chromosome 21; Chromosome 22; Chromosome Y; Mitochondrion MT; Unplaced	cellular organisms, Eukaryota, Opisthokonta, Metazoa, Eumetazoa, Bilateria, Deuterostomia, Chordata, Craniata, Vertebrata, Gnathostomata, Teleostomi, Euteleostomi, Sarcopterygii, Dipnotetrapodomorpha, Tetrapoda, Amniota, Mammalia, Theria, Eutheria, Boreoeutheria, Euarchontoglires, Primates, Haplorrhini, Simiiformes, Catarrhini, Hominoidea, Hominidae, Homininae, Homo	GCA_000001405.29	full
UP000009136	Bos taurus (Bovine)	9913	51509	C:97.7%[S:35.2%,D:62.5%],F:0.4%,M:1.9%,n:13335	Unknown	Chromosome 1; Chromosome 2; Chromosome 3; Chromosome 4; Chromosome 5; Chromosome 6; Chromosome 7; Chromosome 8; Chromosome 9; Chromosome 10; Chromosome X; Chromosome 11; Chromosome 12; Chromosome 13; Chromosome 14; Chromosome 15; Chromosome 16; Chromosome 17; Chromosome 18; Chromosome 19; Chromosome 20; Chromosome 21; Chromosome 22; Chromosome 23; Chromosome 24; Chromosome 25; Chromosome 26; Chromosome 27; Chromosome 28; Chromosome Y; Chromosome 29; Mitochondrion MT; Unassembled WGS sequence; Unplaced	cellular organisms, Eukaryota, Opisthokonta, Metazoa, Eumetazoa, Bilateria, Deuterostomia, Chordata, Craniata, Vertebrata, Gnathostomata, Teleostomi, Euteleostomi, Sarcopterygii, Dipnotetrapodomorpha, Tetrapoda, Amniota, Mammalia, Theria, Eutheria, Boreoeutheria, Laurasiatheria, Artiodactyla, Ruminantia, Pecora, Bovidae, Bovinae, Bos	GCA_002263795.4	full
UP000000437	Danio rerio (Zebrafish) (Brachydanio rerio)	7955	86691	C:98.9%[S:63.7%,D:35.2%],F:0.5%,M:0.6%,n:3640	Unknown	Chromosome 1; Chromosome 2; Chromosome 3; Chromosome 4; Chromosome 5; Chromosome 6; Chromosome 7; Chromosome 8; Chromosome 9; Chromosome 10; Chromosome 11; Chromosome 12; Chromosome 13; Chromosome 14; Chromosome 15; Chromosome 16; Chromosome 17; Chromosome 18; Chromosome 19; Chromosome 20; Chromosome 21; Chromosome 22; Chromosome 23; Chromosome 24; Chromosome 25; Mitochondrion MT	cellular organisms, Eukaryota, Opisthokonta, Metazoa, Eumetazoa, Bilateria, Deuterostomia, Chordata, Craniata, Vertebrata, Gnathostomata, Teleostomi, Euteleostomi, Actinopterygii, Actinopteri, Neopterygii, Teleostei, Osteoglossocephalai, Clupeocephala, Otomorpha, Ostariophysi, Otophysi, Cypriniphysae, Cypriniformes, Cyprinoidei, Danionidae, Danioninae, Danio	GCF_049306965.1	full
UP000001940	Caenorhabditis elegans	6239	26651	C:100.0%[S:74.2%,D:25.8%],F:0.0%,M:0.0%,n:3131	Unknown	Mitochondrion; Chromosome I; Chromosome II; Chromosome III; Chromosome IV; Chromosome V; Chromosome X	cellular organisms, Eukaryota, Opisthokonta, Metazoa, Eumetazoa, Bilateria, Protostomia, Ecdysozoa, Nematoda, Chromadorea, Rhabditida, Rhabditina, Rhabditomorpha, Rhabditoidea, Rhabditidae, Peloderinae, Caenorhabditis	GCA_000002985.3	full
UP000008549	Caenorhabditis briggsae	6238	21751	C:0.9%[S:0.6%,D:0.3%],F:0.1%,M:99.0%,n:3131	Unknown	Chromosome I; Chromosome II; Chromosome III; Chromosome IV; Chromosome V; Chromosome X; Unassembled WGS sequence	cellular organisms, Eukaryota, Opisthokonta, Metazoa, Eumetazoa, Bilateria, Protostomia, Ecdysozoa, Nematoda, Chromadorea, Rhabditida, Rhabditina, Rhabditomorpha, Rhabditoidea, Rhabditidae, Peloderinae, Caenorhabditis	GCA_000004555.3	full
UP000298663	Steinernema carpocapsae (Entomopathogenic nematode)	34508	35146	C:74.9%[S:57.3%,D:17.6%],F:3.7%,M:21.4%,n:3131	Unknown	Chromosome X; Unassembled WGS sequence	cellular organisms, Eukaryota, Opisthokonta, Metazoa, Eumetazoa, Bilateria, Protostomia, Ecdysozoa, Nematoda, Chromadorea, Rhabditida, Tylenchina, Panagrolaimomorpha, Strongyloidoidea, Steinernematidae, Steinernema	GCA_000757645.3	full
UP001314169	Pipistrellus nathusii (Nathusius' pipistrelle)	59473	18936	C:0.0%[S:0.0%,D:0.0%],F:0.0%,M:100.0%,n:12234	Unknown	Chromosome 1; Chromosome 3; Chromosome 2; Chromosome 4; Chromosome 5; Chromosome 6; Chromosome 7; Chromosome 8; Chromosome 9; Chromosome 10; Chromosome X; Chromosome 11; Chromosome 12; Chromosome 13; Chromosome 14; Chromosome 15; Chromosome 16; Chromosome 17; Chromosome 18; Chromosome 19; Chromosome 20; Chromosome 21; Chromosome Y; Unassembled WGS sequence	cellular organisms, Eukaryota, Opisthokonta, Metazoa, Eumetazoa, Bilateria, Deuterostomia, Chordata, Craniata, Vertebrata, Gnathostomata, Teleostomi, Euteleostomi, Sarcopterygii, Dipnotetrapodomorpha, Tetrapoda, Amniota, Mammalia, Theria, Eutheria, Boreoeutheria, Laurasiatheria, Chiroptera, Yangochiroptera, Vespertilionidae, Pipistrellus	GCA_963693515.1	full
UP000326062	Muntiacus reevesi (Reeves' muntjac) (Cervus reevesi)	9886	25423	C:88.5%[S:86.3%,D:2.1%],F:4.7%,M:6.8%,n:13335	Unknown	Chromosome 1; Chromosome 2; Chromosome 3; Chromosome 4; Chromosome 6; Chromosome 5; Chromosome 7; Chromosome 8; Chromosome 9; Chromosome 10; Chromosome X; Chromosome 11; Chromosome 12; Chromosome 13; Chromosome 14; Chromosome 15; Chromosome 16; Chromosome 17; Chromosome 18; Chromosome 19; Chromosome 20; Chromosome 21; Chromosome 22; Unassembled WGS sequence	cellular organisms, Eukaryota, Opisthokonta, Metazoa, Eumetazoa, Bilateria, Deuterostomia, Chordata, Craniata, Vertebrata, Gnathostomata, Teleostomi, Euteleostomi, Sarcopterygii, Dipnotetrapodomorpha, Tetrapoda, Amniota, Mammalia, Theria, Eutheria, Boreoeutheria, Laurasiatheria, Artiodactyla, Ruminantia, Pecora, Cervidae, Muntiacinae, Muntiacus	GCA_008787405.2	full
UP000000539	Gallus gallus (Chicken)	9031	43712	C:98.3%[S:32.3%,D:65.9%],F:0.5%,M:1.2%,n:8338	Unknown	Chromosome 1; Chromosome 2; Chromosome 3; Chromosome 4; Chromosome 5; Chromosome 6; Chromosome 7; Chromosome 8; Chromosome 9; Chromosome 10; Chromosome 11; Chromosome 12; Chromosome 13; Chromosome 14; Chromosome 15; Chromosome 16; Chromosome 17; Chromosome 18; Chromosome 19; Chromosome 20; Chromosome 21; Chromosome 22; Chromosome 23; Chromosome 24; Chromosome 25; Chromosome 26; Chromosome 27; Chromosome 28; Chromosome 29; Chromosome 30; Chromosome 31; Chromosome 32; Chromosome 33; Chromosome 34; Chromosome 35; Chromosome 36; Chromosome 37; Chromosome 38; Chromosome 39; Chromosome W; Chromosome Z; Mitochondrion MT; Unassembled WGS sequence; Unplaced	cellular organisms, Eukaryota, Opisthokonta, Metazoa, Eumetazoa, Bilateria, Deuterostomia, Chordata, Craniata, Vertebrata, Gnathostomata, Teleostomi, Euteleostomi, Sarcopterygii, Dipnotetrapodomorpha, Tetrapoda, Amniota, Sauropsida, Sauria, Archelosauria, Archosauria, Dinosauria, Saurischia, Theropoda, Coelurosauria, Aves, Neognathae, Galloanserae, Galliformes, Phasianidae, Phasianinae, Gallus	GCA_016699485.1	full
UP000001073	Nomascus leucogenys (Northern white-cheeked gibbon) (Hylobates leucogenys)	61853	40414	C:92.3%[S:57.2%,D:35.1%],F:2.2%,M:5.5%,n:13780	Unknown	Chromosome 1a; Chromosome 2; Chromosome 3; Chromosome 4; Chromosome 5; Chromosome 6; Chromosome 7b; Chromosome 8; Chromosome 9; Chromosome 10; Chromosome X; Chromosome 11; Chromosome 12; Chromosome 13; Chromosome 14; Chromosome 15; Chromosome 16; Chromosome 17; Chromosome 18; Chromosome 19; Chromosome 20; Chromosome 21; Chromosome 22a; Chromosome 23; Chromosome 24; Chromosome 25; Mitochondrion; Unplaced	cellular organisms, Eukaryota, Opisthokonta, Metazoa, Eumetazoa, Bilateria, Deuterostomia, Chordata, Craniata, Vertebrata, Gnathostomata, Teleostomi, Euteleostomi, Sarcopterygii, Dipnotetrapodomorpha, Tetrapoda, Amniota, Mammalia, Theria, Eutheria, Boreoeutheria, Euarchontoglires, Primates, Haplorrhini, Simiiformes, Catarrhini, Hominoidea, Hylobatidae, Nomascus	GCA_000146795.3	full
UP000001074	Myotis lucifugus (Little brown bat)	59463	20651	C:88.7%[S:83.5%,D:5.1%],F:2.8%,M:8.5%,n:12234	Unknown	Unassembled WGS sequence	cellular organisms, Eukaryota, Opisthokonta, Metazoa, Eumetazoa, Bilateria, Deuterostomia, Chordata, Craniata, Vertebrata, Gnathostomata, Teleostomi, Euteleostomi, Sarcopterygii, Dipnotetrapodomorpha, Tetrapoda, Amniota, Mammalia, Theria, Eutheria, Boreoeutheria, Laurasiatheria, Chiroptera, Yangochiroptera, Vespertilionidae, Myotis	GCA_000147115.1	full
UP000001519	Gorilla gorilla gorilla (Western lowland gorilla)	9595	44723	C:95.9%[S:54.2%,D:41.7%],F:1.3%,M:2.8%,n:13780	Unknown	Chromosome 1; Chromosome 2A; Chromosome 2B; Chromosome 3; Chromosome 4; Chromosome 5; Chromosome 6; Chromosome 7; Chromosome 8; Chromosome 9; Chromosome 10; Chromosome X; Chromosome 11; Chromosome 12; Chromosome 13; Chromosome 14; Chromosome 15; Chromosome 16; Chromosome 17; Chromosome 18; Chromosome 19; Chromosome 20; Chromosome 21; Chromosome 22; Mitochondrion; Unplaced	cellular organisms, Eukaryota, Opisthokonta, Metazoa, Eumetazoa, Bilateria, Deuterostomia, Chordata, Craniata, Vertebrata, Gnathostomata, Teleostomi, Euteleostomi, Sarcopterygii, Dipnotetrapodomorpha, Tetrapoda, Amniota, Mammalia, Theria, Eutheria, Boreoeutheria, Euarchontoglires, Primates, Haplorrhini, Simiiformes, Catarrhini, Hominoidea, Hominidae, Homininae, Gorilla, Gorilla gorilla	GCA_000151905.3	full
UP000001595	Pongo abelii (Sumatran orangutan) (Pongo pygmaeus abelii)	9601	39476	C:97.4%[S:61.3%,D:36.2%],F:0.4%,M:2.2%,n:13780	Unknown	Chromosome 1; Chromosome 2A; Chromosome 2B; Chromosome 3; Chromosome 4; Chromosome 5; Chromosome 6; Chromosome 7; Chromosome 8; Chromosome 9; Chromosome 10; Chromosome X; Chromosome 11; Chromosome 12; Chromosome 13; Chromosome 14; Chromosome 15; Chromosome 16; Chromosome 17; Chromosome 18; Chromosome 19; Chromosome 20; Chromosome 21; Chromosome 22; Mitochondrion; Unplaced	cellular organisms, Eukaryota, Opisthokonta, Metazoa, Eumetazoa, Bilateria, Deuterostomia, Chordata, Craniata, Vertebrata, Gnathostomata, Teleostomi, Euteleostomi, Sarcopterygii, Dipnotetrapodomorpha, Tetrapoda, Amniota, Mammalia, Theria, Eutheria, Boreoeutheria, Euarchontoglires, Primates, Haplorrhini, Simiiformes, Catarrhini, Hominoidea, Hominidae, Ponginae, Pongo	GCA_002880775.3	full
UP000001811	Oryctolagus cuniculus (Rabbit)	9986	41468	C:84.8%[S:45.3%,D:39.4%],F:2.3%,M:12.9%,n:13798	Unknown	Chromosome 1; Chromosome 2; Chromosome 3; Chromosome 4; Chromosome 5; Chromosome 6; Chromosome 7; Chromosome 8; Chromosome 9; Chromosome 10; Chromosome 11; Chromosome 12; Chromosome 13; Chromosome 14; Chromosome 15; Chromosome 16; Chromosome 17; Chromosome 18; Chromosome 19; Chromosome 20; Chromosome 21; Chromosome X; Mitochondrion; Unplaced	cellular organisms, Eukaryota, Opisthokonta, Metazoa, Eumetazoa, Bilateria, Deuterostomia, Chordata, Craniata, Vertebrata, Gnathostomata, Teleostomi, Euteleostomi, Sarcopterygii, Dipnotetrapodomorpha, Tetrapoda, Amniota, Mammalia, Theria, Eutheria, Boreoeutheria, Euarchontoglires, Glires, Lagomorpha, Leporidae, Oryctolagus	GCA_000003625.1	full
UP000002277	Pan troglodytes (Chimpanzee)	9598	48769	C:97.8%[S:50.3%,D:47.6%],F:0.5%,M:1.7%,n:13780	Unknown	Chromosome 1; Chromosome 2A; Chromosome 2B; Chromosome 3; Chromosome 4; Chromosome 5; Chromosome 6; Chromosome 7; Chromosome 8; Chromosome 9; Chromosome 10; Chromosome X; Chromosome 11; Chromosome 12; Chromosome 13; Chromosome 14; Chromosome 15; Chromosome 16; Chromosome 17; Chromosome 18; Chromosome 19; Chromosome 20; Chromosome 21; Chromosome 22; Chromosome Y; Mitochondrion; Unplaced	cellular organisms, Eukaryota, Opisthokonta, Metazoa, Eumetazoa, Bilateria, Deuterostomia, Chordata, Craniata, Vertebrata, Gnathostomata, Teleostomi, Euteleostomi, Sarcopterygii, Dipnotetrapodomorpha, Tetrapoda, Amniota, Mammalia, Theria, Eutheria, Boreoeutheria, Euarchontoglires, Primates, Haplorrhini, Simiiformes, Catarrhini, Hominoidea, Hominidae, Homininae, Pan	GCA_000001515.5	full
UP000002279	Ornithorhynchus anatinus (Duckbill platypus)	9258	32824	C:85.6%[S:50.3%,D:35.2%],F:2.6%,M:11.8%,n:9226	Unknown	Chromosome 1; Chromosome 2; Chromosome 3; Chromosome 4; Chromosome 5; Chromosome 6; Chromosome 7; Chromosome 10; Chromosome 11; Chromosome 12; Chromosome 14; Chromosome 15; Chromosome 17; Chromosome 18; Chromosome 20; Chromosome X1; Chromosome X2; Chromosome X3; Chromosome X5; Mitochondrion; Unplaced	cellular organisms, Eukaryota, Opisthokonta, Metazoa, Eumetazoa, Bilateria, Deuterostomia, Chordata, Craniata, Vertebrata, Gnathostomata, Teleostomi, Euteleostomi, Sarcopterygii, Dipnotetrapodomorpha, Tetrapoda, Amniota, Mammalia, Prototheria, Monotremata, Ornithorhynchidae, Ornithorhynchus	GCA_004115215.2	full
UP000005215	Ictidomys tridecemlineatus (Thirteen-lined ground squirrel) (Spermophilus tridecemlineatus)	43179	25333	C:92.9%[S:69.9%,D:23.0%],F:1.8%,M:5.3%,n:13798	Unknown	Unassembled WGS sequence	cellular organisms, Eukaryota, Opisthokonta, Metazoa, Eumetazoa, Bilateria, Deuterostomia, Chordata, Craniata, Vertebrata, Gnathostomata, Teleostomi, Euteleostomi, Sarcopterygii, Dipnotetrapodomorpha, Tetrapoda, Amniota, Mammalia, Theria, Eutheria, Boreoeutheria, Euarchontoglires, Glires, Rodentia, Sciuromorpha, Sciuridae, Xerinae, Marmotini, Ictidomys	GCA_000236235.1	full
UP000005225	Otolemur garnettii (Small-eared galago) (Garnett's greater bushbaby)	30611	19931	C:92.5%[S:89.5%,D:3.0%],F:1.8%,M:5.7%,n:13780	Unknown	Unassembled WGS sequence	cellular organisms, Eukaryota, Opisthokonta, Metazoa, Eumetazoa, Bilateria, Deuterostomia, Chordata, Craniata, Vertebrata, Gnathostomata, Teleostomi, Euteleostomi, Sarcopterygii, Dipnotetrapodomorpha, Tetrapoda, Amniota, Mammalia, Theria, Eutheria, Boreoeutheria, Euarchontoglires, Primates, Strepsirrhini, Lorisiformes, Galagidae, Otolemur	GCA_000181295.3	full
UP000005447	Cavia porcellus (Guinea pig)	10141	25048	C:92.6%[S:70.3%,D:22.3%],F:1.6%,M:5.8%,n:13798	Unknown	Unassembled WGS sequence; Mitochondrion	cellular organisms, Eukaryota, Opisthokonta, Metazoa, Eumetazoa, Bilateria, Deuterostomia, Chordata, Craniata, Vertebrata, Gnathostomata, Teleostomi, Euteleostomi, Sarcopterygii, Dipnotetrapodomorpha, Tetrapoda, Amniota, Mammalia, Theria, Eutheria, Boreoeutheria, Euarchontoglires, Glires, Rodentia, Hystricomorpha, Caviidae, Cavia	GCA_000151735.1	full
UP000007267	Pelodiscus sinensis (Chinese softshell turtle) (Trionyx sinensis)	13735	20509	C:91.2%[S:77.1%,D:14.1%],F:3.7%,M:5.2%,n:7480	Unknown	Mitochondrion; Unassembled WGS sequence	cellular organisms, Eukaryota, Opisthokonta, Metazoa, Eumetazoa, Bilateria, Deuterostomia, Chordata, Craniata, Vertebrata, Gnathostomata, Teleostomi, Euteleostomi, Sarcopterygii, Dipnotetrapodomorpha, Tetrapoda, Amniota, Sauropsida, Sauria, Archelosauria, Testudinata, Testudines, Cryptodira, Trionychia, Trionychidae, Pelodiscus	GCA_000230535.1	full
UP000007646	Loxodonta africana (African elephant)	9785	25615	C:91.5%[S:70.5%,D:21.0%],F:3.2%,M:5.3%,n:11366	Unknown	Unassembled WGS sequence	cellular organisms, Eukaryota, Opisthokonta, Metazoa, Eumetazoa, Bilateria, Deuterostomia, Chordata, Craniata, Vertebrata, Gnathostomata, Teleostomi, Euteleostomi, Sarcopterygii, Dipnotetrapodomorpha, Tetrapoda, Amniota, Mammalia, Theria, Eutheria, Afrotheria, Proboscidea, Elephantidae, Loxodonta	GCA_000001905.1	full
UP000007648	Sarcophilus harrisii (Tasmanian devil) (Sarcophilus laniarius)	9305	36299	C:91.1%[S:47.3%,D:43.8%],F:1.6%,M:7.4%,n:9226	Unknown	Unassembled WGS sequence	cellular organisms, Eukaryota, Opisthokonta, Metazoa, Eumetazoa, Bilateria, Deuterostomia, Chordata, Craniata, Vertebrata, Gnathostomata, Teleostomi, Euteleostomi, Sarcopterygii, Dipnotetrapodomorpha, Tetrapoda, Amniota, Mammalia, Theria, Metatheria, Dasyuromorphia, Dasyuridae, Sarcophilus	GCA_902635505.1	full
UP000007754	Taeniopygia guttata (Zebra finch) (Poephila guttata)	59729	31341	C:95.0%[S:49.3%,D:45.7%],F:1.0%,M:4.0%,n:10844	Unknown	Chromosome 1; Chromosome 1A; Chromosome 1B; Chromosome 2; Chromosome 3; Chromosome 4; Chromosome 4A; Chromosome 5; Chromosome 6; Chromosome 7; Chromosome 8; Chromosome 9; Chromosome 10; Chromosome 11; Chromosome 12; Chromosome 13; Chromosome 14; Chromosome 15; Chromosome 16; Chromosome 17; Chromosome 18; Chromosome 19; Chromosome 20; Chromosome 21; Chromosome 22; Chromosome 23; Chromosome 24; Chromosome 25; Chromosome 26; Chromosome 27; Chromosome 28; Chromosome LG2; Chromosome LG5; Chromosome LGE22; Chromosome Z; Mitochondrion; Unplaced	cellular organisms, Eukaryota, Opisthokonta, Metazoa, Eumetazoa, Bilateria, Deuterostomia, Chordata, Craniata, Vertebrata, Gnathostomata, Teleostomi, Euteleostomi, Sarcopterygii, Dipnotetrapodomorpha, Tetrapoda, Amniota, Sauropsida, Sauria, Archelosauria, Archosauria, Dinosauria, Saurischia, Theropoda, Coelurosauria, Aves, Neognathae, Neoaves, Telluraves, Australaves, Passeriformes, Passeroidea, Estrildidae, Estrildinae, Taeniopygia	GCA_003957565.2	full
UP000008225	Callithrix jacchus (White-tufted-ear marmoset) (Simia Jacchus)	9483	48338	C:96.0%[S:46.5%,D:49.5%],F:0.4%,M:3.6%,n:13780	Unknown	Chromosome 1; Chromosome 2; Chromosome 3; Chromosome 4; Chromosome 5; Chromosome 6; Chromosome 7; Chromosome 8; Chromosome 9; Chromosome 10; Chromosome 11; Chromosome 12; Chromosome 13; Chromosome 14; Chromosome 15; Chromosome 16; Chromosome 17; Chromosome 18; Chromosome 19; Chromosome 20; Chromosome 21; Chromosome 22; Chromosome X; Chromosome Y; Unplaced; Mitochondrion	cellular organisms, Eukaryota, Opisthokonta, Metazoa, Eumetazoa, Bilateria, Deuterostomia, Chordata, Craniata, Vertebrata, Gnathostomata, Teleostomi, Euteleostomi, Sarcopterygii, Dipnotetrapodomorpha, Tetrapoda, Amniota, Mammalia, Theria, Eutheria, Boreoeutheria, Euarchontoglires, Primates, Haplorrhini, Simiiformes, Platyrrhini, Cebidae, Callitrichinae, Callithrix, Callithrix	GCA_011100555.1	full
UP000008227	Sus scrofa (Pig)	9823	46010	C:96.6%[S:47.9%,D:48.7%],F:0.9%,M:2.6%,n:13335	Unknown	Chromosome 1; Chromosome 2; Chromosome 3; Chromosome 4; Chromosome 5; Chromosome 6; Chromosome 7; Chromosome 8; Chromosome 9; Chromosome X; Chromosome 10; Chromosome 11; Chromosome 12; Chromosome 13; Chromosome 14; Chromosome 15; Chromosome 16; Chromosome 17; Chromosome 18; Chromosome Y; Unassembled WGS sequence; Unplaced	cellular organisms, Eukaryota, Opisthokonta, Metazoa, Eumetazoa, Bilateria, Deuterostomia, Chordata, Craniata, Vertebrata, Gnathostomata, Teleostomi, Euteleostomi, Sarcopterygii, Dipnotetrapodomorpha, Tetrapoda, Amniota, Mammalia, Theria, Eutheria, Boreoeutheria, Laurasiatheria, Artiodactyla, Suina, Suidae, Sus	GCA_000003025.6	full
UP000008912	Ailuropoda melanoleuca (Giant panda)	9646	38536	C:95.0%[S:54.1%,D:41.0%],F:1.0%,M:4.0%,n:14502	Unknown	Unassembled WGS sequence; Mitochondrion	cellular organisms, Eukaryota, Opisthokonta, Metazoa, Eumetazoa, Bilateria, Deuterostomia, Chordata, Craniata, Vertebrata, Gnathostomata, Teleostomi, Euteleostomi, Sarcopterygii, Dipnotetrapodomorpha, Tetrapoda, Amniota, Mammalia, Theria, Eutheria, Boreoeutheria, Laurasiatheria, Carnivora, Caniformia, Ursidae, Ailuropoda	GCA_002007445.2	full
UP000016665	Ficedula albicollis (Collared flycatcher) (Muscicapa albicollis)	59894	28852	C:92.7%[S:51.2%,D:41.4%],F:2.0%,M:5.3%,n:10844	Unknown	Chromosome 1; Chromosome 1A; Chromosome 2; Chromosome 3; Chromosome 4; Chromosome 4A; Chromosome 5; Chromosome 6; Chromosome 7; Chromosome 8; Chromosome 9; Chromosome 10; Chromosome 11; Chromosome 12; Chromosome 13; Chromosome 14; Chromosome 15; Chromosome 17; Chromosome 18; Chromosome 19; Chromosome 20; Chromosome 21; Chromosome 22; Chromosome 23; Chromosome 24; Chromosome 25; Chromosome 26; Chromosome 27; Chromosome 28; Chromosome Z; Linkage group LG34; Linkage group LG35; Linkage group LGE22; Mitochondrion; Unplaced	cellular organisms, Eukaryota, Opisthokonta, Metazoa, Eumetazoa, Bilateria, Deuterostomia, Chordata, Craniata, Vertebrata, Gnathostomata, Teleostomi, Euteleostomi, Sarcopterygii, Dipnotetrapodomorpha, Tetrapoda, Amniota, Sauropsida, Sauria, Archelosauria, Archosauria, Dinosauria, Saurischia, Theropoda, Coelurosauria, Aves, Neognathae, Neoaves, Telluraves, Australaves, Passeriformes, Muscicapidae, Ficedula	GCA_000247815.2	full
UP000028761	Papio anubis (Olive baboon)	9555	43406	C:94.9%[S:53.6%,D:41.3%],F:0.7%,M:4.4%,n:13780	Unknown	Chromosome 1; Chromosome 2; Chromosome 3; Chromosome 4; Chromosome 5; Chromosome 6; Chromosome 7; Chromosome 8; Chromosome 9; Chromosome 10; Chromosome X; Chromosome 11; Chromosome 12; Chromosome 13; Chromosome 14; Chromosome 15; Chromosome 16; Chromosome 17; Chromosome 18; Chromosome 19; Chromosome 20; Mitochondrion; Unplaced	cellular organisms, Eukaryota, Opisthokonta, Metazoa, Eumetazoa, Bilateria, Deuterostomia, Chordata, Craniata, Vertebrata, Gnathostomata, Teleostomi, Euteleostomi, Sarcopterygii, Dipnotetrapodomorpha, Tetrapoda, Amniota, Mammalia, Theria, Eutheria, Boreoeutheria, Euarchontoglires, Primates, Haplorrhini, Simiiformes, Catarrhini, Cercopithecoidea, Cercopithecidae, Cercopithecinae, Papio	GCA_008728515.1	full
UP000029965	Chlorocebus sabaeus (Green monkey) (Simia sabaea)	60711	19229	C:94.0%[S:93.1%,D:0.8%],F:2.2%,M:3.9%,n:13780	Unknown	Chromosome 1; Chromosome 2; Chromosome 3; Chromosome 4; Chromosome 5; Chromosome 6; Chromosome 7; Chromosome 8; Chromosome 9; Chromosome 10; Chromosome X; Chromosome 11; Chromosome 12; Chromosome 13; Chromosome 14; Chromosome 15; Chromosome 16; Chromosome 17; Chromosome 18; Chromosome 19; Chromosome 20; Chromosome 21; Chromosome 22; Chromosome 23; Chromosome 24; Chromosome 25; Chromosome 26; Chromosome 27; Chromosome 28; Chromosome 29; Chromosome Y; Mitochondrion; Unplaced	cellular organisms, Eukaryota, Opisthokonta, Metazoa, Eumetazoa, Bilateria, Deuterostomia, Chordata, Craniata, Vertebrata, Gnathostomata, Teleostomi, Euteleostomi, Sarcopterygii, Dipnotetrapodomorpha, Tetrapoda, Amniota, Mammalia, Theria, Eutheria, Boreoeutheria, Euarchontoglires, Primates, Haplorrhini, Simiiformes, Catarrhini, Cercopithecoidea, Cercopithecidae, Cercopithecinae, Chlorocebus	GCA_000409795.2	full
UP000053149	Pterocles gutturalis (yellow-throated sandgrouse)	240206	11309	C:67.9%[S:67.7%,D:0.2%],F:7.4%,M:24.7%,n:8338	Unknown	Unassembled WGS sequence	cellular organisms, Eukaryota, Opisthokonta, Metazoa, Eumetazoa, Bilateria, Deuterostomia, Chordata, Craniata, Vertebrata, Gnathostomata, Teleostomi, Euteleostomi, Sarcopterygii, Dipnotetrapodomorpha, Tetrapoda, Amniota, Sauropsida, Sauria, Archelosauria, Archosauria, Dinosauria, Saurischia, Theropoda, Coelurosauria, Aves, Neognathae, Neoaves, Columbimorphae, Pterocliformes, Pteroclidae, Pterocles	GCA_000699245.1	full
UP000233020	Aotus nancymaae (Ma's night monkey)	37293	41725	C:94.2%[S:51.2%,D:42.9%],F:0.8%,M:5.1%,n:13780	Unknown	Whole Genome Shotgun Assembly; Unplaced	cellular organisms, Eukaryota, Opisthokonta, Metazoa, Eumetazoa, Bilateria, Deuterostomia, Chordata, Craniata, Vertebrata, Gnathostomata, Teleostomi, Euteleostomi, Sarcopterygii, Dipnotetrapodomorpha, Tetrapoda, Amniota, Mammalia, Theria, Eutheria, Boreoeutheria, Euarchontoglires, Primates, Haplorrhini, Simiiformes, Platyrrhini, Aotidae, Aotus	GCA_000952055.2	full
UP000233040	Cebus imitator (Panamanian white-faced capuchin) (Cebus capucinus imitator)	2715852	40117	C:94.3%[S:56.4%,D:37.8%],F:0.9%,M:4.9%,n:13780	Unknown	Unassembled WGS sequence	cellular organisms, Eukaryota, Opisthokonta, Metazoa, Eumetazoa, Bilateria, Deuterostomia, Chordata, Craniata, Vertebrata, Gnathostomata, Teleostomi, Euteleostomi, Sarcopterygii, Dipnotetrapodomorpha, Tetrapoda, Amniota, Mammalia, Theria, Eutheria, Boreoeutheria, Euarchontoglires, Primates, Haplorrhini, Simiiformes, Platyrrhini, Cebidae, Cebinae, Cebus	GCA_001604975.1	full
UP000233060	Cercocebus atys (Sooty mangabey) (Cercocebus torquatus atys)	9531	45022	C:96.3%[S:50.3%,D:46.1%],F:0.4%,M:3.2%,n:13780	Unknown	Unassembled WGS sequence	cellular organisms, Eukaryota, Opisthokonta, Metazoa, Eumetazoa, Bilateria, Deuterostomia, Chordata, Craniata, Vertebrata, Gnathostomata, Teleostomi, Euteleostomi, Sarcopterygii, Dipnotetrapodomorpha, Tetrapoda, Amniota, Mammalia, Theria, Eutheria, Boreoeutheria, Euarchontoglires, Primates, Haplorrhini, Simiiformes, Catarrhini, Cercopithecoidea, Cercopithecidae, Cercopithecinae, Cercocebus	GCA_000955945.1	full
UP000233100	Macaca fascicularis (Crab-eating macaque) (Cynomolgus monkey)	9541	50204	C:90.4%[S:43.3%,D:47.1%],F:1.6%,M:8.0%,n:13780	Unknown	Chromosome 1; Chromosome 2; Chromosome 3; Chromosome 4; Chromosome 5; Chromosome 6; Chromosome 7; Chromosome 8; Chromosome 9; Chromosome 10; Chromosome 11; Chromosome 12; Chromosome 13; Chromosome 14; Chromosome 15; Chromosome 16; Chromosome 17; Chromosome 18; Chromosome 19; Chromosome 20; Chromosome X; Mitochondrion; Unplaced	cellular organisms, Eukaryota, Opisthokonta, Metazoa, Eumetazoa, Bilateria, Deuterostomia, Chordata, Craniata, Vertebrata, Gnathostomata, Teleostomi, Euteleostomi, Sarcopterygii, Dipnotetrapodomorpha, Tetrapoda, Amniota, Mammalia, Theria, Eutheria, Boreoeutheria, Euarchontoglires, Primates, Haplorrhini, Simiiformes, Catarrhini, Cercopithecoidea, Cercopithecidae, Cercopithecinae, Macaca	GCA_011100615.1	full
UP000233120	Macaca nemestrina (Pig-tailed macaque)	9545	45001	C:96.5%[S:49.2%,D:47.2%],F:0.4%,M:3.1%,n:13780	Unknown	Unassembled WGS sequence	cellular organisms, Eukaryota, Opisthokonta, Metazoa, Eumetazoa, Bilateria, Deuterostomia, Chordata, Craniata, Vertebrata, Gnathostomata, Teleostomi, Euteleostomi, Sarcopterygii, Dipnotetrapodomorpha, Tetrapoda, Amniota, Mammalia, Theria, Eutheria, Boreoeutheria, Euarchontoglires, Primates, Haplorrhini, Simiiformes, Catarrhini, Cercopithecoidea, Cercopithecidae, Cercopithecinae, Macaca	GCA_000956065.1	full
UP000233140	Mandrillus leucophaeus (Drill) (Papio leucophaeus)	9568	40661	C:92.4%[S:55.6%,D:36.8%],F:2.2%,M:5.4%,n:13780	Unknown	Unassembled WGS sequence	cellular organisms, Eukaryota, Opisthokonta, Metazoa, Eumetazoa, Bilateria, Deuterostomia, Chordata, Craniata, Vertebrata, Gnathostomata, Teleostomi, Euteleostomi, Sarcopterygii, Dipnotetrapodomorpha, Tetrapoda, Amniota, Mammalia, Theria, Eutheria, Boreoeutheria, Euarchontoglires, Primates, Haplorrhini, Simiiformes, Catarrhini, Cercopithecoidea, Cercopithecidae, Cercopithecinae, Mandrillus	GCA_000951045.1	full
UP000233160	Propithecus coquereli (Coquerel's sifaka) (Propithecus verreauxi coquereli)	379532	32113	C:88.7%[S:61.7%,D:26.9%],F:2.4%,M:8.9%,n:13780	Unknown	Unassembled WGS sequence	cellular organisms, Eukaryota, Opisthokonta, Metazoa, Eumetazoa, Bilateria, Deuterostomia, Chordata, Craniata, Vertebrata, Gnathostomata, Teleostomi, Euteleostomi, Sarcopterygii, Dipnotetrapodomorpha, Tetrapoda, Amniota, Mammalia, Theria, Eutheria, Boreoeutheria, Euarchontoglires, Primates, Strepsirrhini, Lemuriformes, Indriidae, Propithecus	GCA_000956105.1	full
UP000233220	Saimiri boliviensis boliviensis (Bolivian squirrel monkey)	39432	39640	C:93.1%[S:51.0%,D:42.2%],F:1.4%,M:5.4%,n:13780	Unknown	Whole Genome Shotgun Assembly; Unplaced	cellular organisms, Eukaryota, Opisthokonta, Metazoa, Eumetazoa, Bilateria, Deuterostomia, Chordata, Craniata, Vertebrata, Gnathostomata, Teleostomi, Euteleostomi, Sarcopterygii, Dipnotetrapodomorpha, Tetrapoda, Amniota, Mammalia, Theria, Eutheria, Boreoeutheria, Euarchontoglires, Primates, Haplorrhini, Simiiformes, Platyrrhini, Cebidae, Saimiriinae, Saimiri, Saimiri boliviensis	GCA_000235385.1	full
UP000240080	Pan paniscus (Pygmy chimpanzee) (Bonobo)	9597	42996	C:95.2%[S:55.3%,D:39.9%],F:1.2%,M:3.6%,n:13780	Unknown	Chromosome 1; Chromosome 2a; Chromosome 2b; Chromosome 3; Chromosome 4; Chromosome 5; Chromosome 6; Chromosome 7; Chromosome 8; Chromosome 9; Chromosome 10; Chromosome X; Chromosome 11; Chromosome 12; Chromosome 13; Chromosome 14; Chromosome 15; Chromosome 16; Chromosome 17; Chromosome 18; Chromosome 19; Chromosome 20; Chromosome 21; Chromosome 22; Mitochondrion; Unplaced	cellular organisms, Eukaryota, Opisthokonta, Metazoa, Eumetazoa, Bilateria, Deuterostomia, Chordata, Craniata, Vertebrata, Gnathostomata, Teleostomi, Euteleostomi, Sarcopterygii, Dipnotetrapodomorpha, Tetrapoda, Amniota, Mammalia, Theria, Eutheria, Boreoeutheria, Euarchontoglires, Primates, Haplorrhini, Simiiformes, Catarrhini, Hominoidea, Hominidae, Homininae, Pan	GCA_000258655.2	full
UP000245119	Pomacea canaliculata (Golden apple snail)	400727	21377	C:73.5%[S:72.3%,D:1.3%],F:3.9%,M:22.5%,n:5295	Unknown	Linkage Group LG1; Linkage Group LG10; Linkage Group LG11; Linkage Group LG12; Linkage Group LG13; Linkage Group LG14; Linkage Group LG2; Linkage Group LG3; Linkage Group LG4; Linkage Group LG5; Linkage Group LG6; Linkage Group LG7; Linkage Group LG8; Linkage Group LG9; Mitochondrion MT; Unassembled WGS sequence	cellular organisms, Eukaryota, Opisthokonta, Metazoa, Eumetazoa, Bilateria, Protostomia, Spiralia, Lophotrochozoa, Mollusca, Gastropoda, Caenogastropoda, Architaenioglossa, Ampullarioidea, Ampullariidae, Pomacea	GCA_003073045.1	full
UP000291000	Capra hircus (Goat)	9925	32606	C:96.5%[S:57.8%,D:38.7%],F:0.8%,M:2.6%,n:13335	Unknown	Chromosome 1; Chromosome 2; Chromosome 3; Chromosome 4; Chromosome 5; Chromosome 6; Chromosome 7; Chromosome 8; Chromosome 9; Chromosome 10; Chromosome 11; Chromosome 12; Chromosome 13; Chromosome 14; Chromosome 15; Chromosome 16; Chromosome 17; Chromosome 18; Chromosome 19; Chromosome 20; Chromosome 21; Chromosome 22; Chromosome 23; Chromosome 24; Chromosome 25; Chromosome 26; Chromosome 27; Chromosome 28; Chromosome 29; Unassembled WGS sequence; Unplaced	cellular organisms, Eukaryota, Opisthokonta, Metazoa, Eumetazoa, Bilateria, Deuterostomia, Chordata, Craniata, Vertebrata, Gnathostomata, Teleostomi, Euteleostomi, Sarcopterygii, Dipnotetrapodomorpha, Tetrapoda, Amniota, Mammalia, Theria, Eutheria, Boreoeutheria, Laurasiatheria, Artiodactyla, Ruminantia, Pecora, Bovidae, Caprinae, Capra	GCA_001704415.1	full
UP000295070	Perca flavescens (American yellow perch) (Morone flavescens)	8167	21644	C:92.0%[S:91.0%,D:0.9%],F:1.6%,M:6.5%,n:3640	Unknown	Chromosome 1; Chromosome 2; Chromosome 3; Chromosome 4; Chromosome 5; Chromosome 6; Chromosome 7; Chromosome 8; Chromosome 9; Chromosome 10; Chromosome 11; Chromosome 12; Chromosome 13; Chromosome 14; Chromosome 15; Chromosome 16; Chromosome 17; Chromosome 18; Chromosome 19; Chromosome 20; Chromosome 21; Chromosome 22; Chromosome 23; Chromosome 24; Unassembled WGS sequence	cellular organisms, Eukaryota, Opisthokonta, Metazoa, Eumetazoa, Bilateria, Deuterostomia, Chordata, Craniata, Vertebrata, Gnathostomata, Teleostomi, Euteleostomi, Actinopterygii, Actinopteri, Neopterygii, Teleostei, Osteoglossocephalai, Clupeocephala, Euteleosteomorpha, Neoteleostei, Eurypterygia, Ctenosquamata, Acanthomorphata, Euacanthomorphacea, Percomorphaceae, Eupercaria, Perciformes, Percoidei, Percidae, Percinae, Perca	GCA_004354835.1	full
UP000314987	Vombatus ursinus (Common wombat)	29139	31139	C:91.2%[S:58.0%,D:33.3%],F:2.2%,M:6.6%,n:9226	Unknown	Unassembled WGS sequence	cellular organisms, Eukaryota, Opisthokonta, Metazoa, Eumetazoa, Bilateria, Deuterostomia, Chordata, Craniata, Vertebrata, Gnathostomata, Teleostomi, Euteleostomi, Sarcopterygii, Dipnotetrapodomorpha, Tetrapoda, Amniota, Mammalia, Theria, Metatheria, Diprotodontia, Vombatidae, Vombatus	GCA_900497805.2	full
UP000318571	Tigriopus californicus (Marine copepod)	6832	15551	C:91.8%[S:90.5%,D:1.3%],F:2.6%,M:5.6%,n:1013	Unknown	Chromosome 1; Chromosome 2; Chromosome 3; Chromosome 4; Chromosome 5; Chromosome 6; Chromosome 7; Chromosome 8; Chromosome 9; Chromosome 10; Chromosome 11; Chromosome 12; Unassembled WGS sequence	cellular organisms, Eukaryota, Opisthokonta, Metazoa, Eumetazoa, Bilateria, Protostomia, Ecdysozoa, Panarthropoda, Arthropoda, Mandibulata, Pancrustacea, Crustacea, Multicrustacea, Hexanauplia, Copepoda, Neocopepoda, Podoplea, Harpacticoida, Harpacticidae, Tigriopus	GCA_007210705.1	full
UP000466442	Apolygus lucorum (Small green plant bug) (Lygocoris lucorum)	248454	19942	C:93.9%[S:88.5%,D:5.4%],F:1.6%,M:4.5%,n:2510	Unknown	Linkage Group LG1; Linkage Group LG10; Linkage Group LG11; Linkage Group LG12; Linkage Group LG13; Linkage Group LG14; Linkage Group LG15; Linkage Group LG16; Linkage Group LG17; Linkage Group LG2; Linkage Group LG3; Linkage Group LG4; Linkage Group LG5; Linkage Group LG6; Linkage Group LG7; Linkage Group LG8; Linkage Group LG9; Unassembled WGS sequence	cellular organisms, Eukaryota, Opisthokonta, Metazoa, Eumetazoa, Bilateria, Protostomia, Ecdysozoa, Panarthropoda, Arthropoda, Mandibulata, Pancrustacea, Hexapoda, Insecta, Dicondylia, Pterygota, Neoptera, Paraneoptera, Hemiptera, Prosorrhyncha, Heteroptera, Euheteroptera, Neoheteroptera, Panheteroptera, Cimicomorpha, Cimicoidea, Miridae, Mirinae, Mirini, Apolygus	GCA_009739505.2	full
UP000472240	Rhinolophus ferrumequinum (Greater horseshoe bat)	59479	33505	C:97.3%[S:63.2%,D:34.1%],F:0.7%,M:2.1%,n:12234	Unknown	Chromosome 1; Chromosome 2; Chromosome 3; Chromosome 4; Chromosome 5; Chromosome 6; Chromosome 7; Chromosome 8; Chromosome 9; Chromosome 10; Chromosome 11; Chromosome 12; Chromosome 13; Chromosome 14; Chromosome 15; Chromosome 16; Chromosome 17; Chromosome 18; Chromosome 19; Chromosome 20; Chromosome 21; Chromosome 22; Chromosome 23; Chromosome 24; Chromosome 25; Chromosome 26; Chromosome 27; Chromosome 28; Mitochondrion; Unplaced	cellular organisms, Eukaryota, Opisthokonta, Metazoa, Eumetazoa, Bilateria, Deuterostomia, Chordata, Craniata, Vertebrata, Gnathostomata, Teleostomi, Euteleostomi, Sarcopterygii, Dipnotetrapodomorpha, Tetrapoda, Amniota, Mammalia, Theria, Eutheria, Boreoeutheria, Laurasiatheria, Chiroptera, Yinpterochiroptera, Rhinolophoidea, Rhinolophidae, Rhinolophinae, Rhinolophus	GCA_004115265.2	full
UP000472266	Strigops habroptila (Kakapo)	2489341	24356	C:93.2%[S:70.6%,D:22.6%],F:2.5%,M:4.3%,n:8338	Unknown	Chromosome 1; Chromosome 2; Chromosome 3; Chromosome 4; Chromosome 5; Chromosome 6; Chromosome 7; Chromosome 8; Chromosome 9; Chromosome 10; Chromosome 11; Chromosome 12; Chromosome 13; Chromosome 14; Chromosome 15; Chromosome 16; Chromosome 17; Chromosome 18; Chromosome 19; Chromosome 20; Chromosome 21; Chromosome 22; Chromosome 23; Chromosome 24; Chromosome w; Chromosome z; Mitochondrion; Unplaced	cellular organisms, Eukaryota, Opisthokonta, Metazoa, Eumetazoa, Bilateria, Deuterostomia, Chordata, Craniata, Vertebrata, Gnathostomata, Teleostomi, Euteleostomi, Sarcopterygii, Dipnotetrapodomorpha, Tetrapoda, Amniota, Sauropsida, Sauria, Archelosauria, Archosauria, Dinosauria, Saurischia, Theropoda, Coelurosauria, Aves, Neognathae, Neoaves, Telluraves, Australaves, Psittaciformes, Psittacidae, Strigops	GCA_004027225.1	full
UP000472273	Pseudonaja textilis (Eastern brown snake)	8673	27546	C:85.7%[S:64.6%,D:21.1%],F:3.9%,M:10.4%,n:7480	Unknown	Whole Genome Shotgun Assembly; Unplaced	cellular organisms, Eukaryota, Opisthokonta, Metazoa, Eumetazoa, Bilateria, Deuterostomia, Chordata, Craniata, Vertebrata, Gnathostomata, Teleostomi, Euteleostomi, Sarcopterygii, Dipnotetrapodomorpha, Tetrapoda, Amniota, Sauropsida, Sauria, Lepidosauria, Squamata, Bifurcata, Unidentata, Episquamata, Toxicofera, Serpentes, Colubroidea, Elapidae, Hydrophiinae, Pseudonaja	GCA_900518735.1	full
UP000472275	Aquila chrysaetos chrysaetos	223781	24817	C:95.7%[S:69.8%,D:25.9%],F:1.6%,M:2.8%,n:8338	Unknown	Chromosome 1; Chromosome 2; Chromosome 3; Chromosome 4; Chromosome 5; Chromosome 6; Chromosome 7; Chromosome 8; Chromosome 9; Chromosome 10; Chromosome 11; Chromosome 12; Chromosome 13; Chromosome 14; Chromosome 15; Chromosome 16; Chromosome 17; Chromosome 18; Chromosome 19; Chromosome 20; Chromosome 21; Chromosome 22; Chromosome 23; Chromosome 24; Chromosome 25; Chromosome 26; Chromosome W; Chromosome Z; Mitochondrion MT; Unassembled WGS sequence	cellular organisms, Eukaryota, Opisthokonta, Metazoa, Eumetazoa, Bilateria, Deuterostomia, Chordata, Craniata, Vertebrata, Gnathostomata, Teleostomi, Euteleostomi, Sarcopterygii, Dipnotetrapodomorpha, Tetrapoda, Amniota, Sauropsida, Sauria, Archelosauria, Archosauria, Dinosauria, Saurischia, Theropoda, Coelurosauria, Aves, Neognathae, Neoaves, Telluraves, Accipitrimorphae, Accipitriformes, Accipitridae, Accipitrinae, Aquila, Aquila chrysaetos	GCA_900496995.2	full
UP000516260	Takifugu bimaculatus	433685	19991	C:74.9%[S:71.1%,D:3.8%],F:8.4%,M:16.7%,n:3640	Unknown	Chromosome 1; Chromosome 2; Chromosome 3; Chromosome 4; Chromosome 5; Chromosome 6; Chromosome 7; Chromosome 8; Chromosome 9; Chromosome 10; Chromosome 11; Chromosome 12; Chromosome 13; Chromosome 14; Chromosome 15; Chromosome 16; Chromosome 17; Chromosome 18; Chromosome 19; Chromosome 20; Chromosome 21; Chromosome 22; Unassembled WGS sequence	cellular organisms, Eukaryota, Opisthokonta, Metazoa, Eumetazoa, Bilateria, Deuterostomia, Chordata, Craniata, Vertebrata, Gnathostomata, Teleostomi, Euteleostomi, Actinopterygii, Actinopteri, Neopterygii, Teleostei, Osteoglossocephalai, Clupeocephala, Euteleosteomorpha, Neoteleostei, Eurypterygia, Ctenosquamata, Acanthomorphata, Euacanthomorphacea, Percomorphaceae, Eupercaria, Tetraodontiformes, Tetraodontoidei, Tetradontoidea, Tetraodontidae, Takifugu	GCA_004026145.2	full
UP000594220	Crocodylus porosus (Saltwater crocodile) (Estuarine crocodile)	8502	27142	C:91.7%[S:56.4%,D:35.3%],F:2.3%,M:6.0%,n:7480	Unknown	Unplaced	cellular organisms, Eukaryota, Opisthokonta, Metazoa, Eumetazoa, Bilateria, Deuterostomia, Chordata, Craniata, Vertebrata, Gnathostomata, Teleostomi, Euteleostomi, Sarcopterygii, Dipnotetrapodomorpha, Tetrapoda, Amniota, Sauropsida, Sauria, Archelosauria, Archosauria, Crocodylia, Longirostres, Crocodylidae, Crocodylus	GCA_001723895.1	full
UP000675900	Panthera tigris altaica (Siberian tiger)	74533	26484	C:86.4%[S:63.8%,D:22.6%],F:2.9%,M:10.7%,n:14502	Unknown	Unassembled WGS sequence; Unplaced	cellular organisms, Eukaryota, Opisthokonta, Metazoa, Eumetazoa, Bilateria, Deuterostomia, Chordata, Craniata, Vertebrata, Gnathostomata, Teleostomi, Euteleostomi, Sarcopterygii, Dipnotetrapodomorpha, Tetrapoda, Amniota, Mammalia, Theria, Eutheria, Boreoeutheria, Laurasiatheria, Carnivora, Feliformia, Felidae, Pantherinae, Panthera, Panthera tigris	GCA_000464555.1	full
UP000694381	Nannospalax galili (Northern Israeli blind subterranean mole rat) (Spalax galili)	1026970	26759	C:89.8%[S:63.7%,D:26.1%],F:2.7%,M:7.5%,n:13798	Unknown	Unassembled WGS sequence; Unplaced	cellular organisms, Eukaryota, Opisthokonta, Metazoa, Eumetazoa, Bilateria, Deuterostomia, Chordata, Craniata, Vertebrata, Gnathostomata, Teleostomi, Euteleostomi, Sarcopterygii, Dipnotetrapodomorpha, Tetrapoda, Amniota, Mammalia, Theria, Eutheria, Boreoeutheria, Euarchontoglires, Glires, Rodentia, Myomorpha, Muroidea, Spalacidae, Spalacinae, Nannospalax	GCA_000622305.1	full
UP000694385	Jaculus jaculus (Lesser Egyptian jerboa)	51337	25129	C:84.9%[S:59.9%,D:25.0%],F:2.9%,M:12.2%,n:13798	Unknown	Unassembled WGS sequence	cellular organisms, Eukaryota, Opisthokonta, Metazoa, Eumetazoa, Bilateria, Deuterostomia, Chordata, Craniata, Vertebrata, Gnathostomata, Teleostomi, Euteleostomi, Sarcopterygii, Dipnotetrapodomorpha, Tetrapoda, Amniota, Mammalia, Theria, Eutheria, Boreoeutheria, Euarchontoglires, Glires, Rodentia, Myomorpha, Dipodoidea, Dipodidae, Dipodinae, Jaculus	GCA_000280705.1	full
UP000694390	Gopherus evgoodei (Goodes thornscrub tortoise)	1825980	30199	C:92.8%[S:67.2%,D:25.6%],F:2.3%,M:4.9%,n:7480	Unknown	Chromosome 2; Chromosome 5; Chromosome 6; Chromosome 7; Chromosome 9; Chromosome 10; Chromosome 11; Chromosome 12; Chromosome 13; Chromosome 14; Chromosome 15; Chromosome 16; Chromosome 17; Chromosome 18; Chromosome 19; Chromosome 20; Chromosome 21; Chromosome 22; Chromosome 23; Unassembled WGS sequence; Chromosome 24	cellular organisms, Eukaryota, Opisthokonta, Metazoa, Eumetazoa, Bilateria, Deuterostomia, Chordata, Craniata, Vertebrata, Gnathostomata, Teleostomi, Euteleostomi, Sarcopterygii, Dipnotetrapodomorpha, Tetrapoda, Amniota, Sauropsida, Sauria, Archelosauria, Testudinata, Testudines, Cryptodira, Durocryptodira, Testudinoidea, Testudinidae, Gopherus	GCA_007399415.1	full
UP000694391	Canis lupus dingo (dingo)	286419	33928	C:91.2%[S:63.2%,D:28.0%],F:1.8%,M:7.0%,n:14502	Unknown	Unplaced	cellular organisms, Eukaryota, Opisthokonta, Metazoa, Eumetazoa, Bilateria, Deuterostomia, Chordata, Craniata, Vertebrata, Gnathostomata, Teleostomi, Euteleostomi, Sarcopterygii, Dipnotetrapodomorpha, Tetrapoda, Amniota, Mammalia, Theria, Eutheria, Boreoeutheria, Laurasiatheria, Carnivora, Caniformia, Canidae, Canis, Canis lupus	GCA_003254725.1	full
UP000694394	Microcebus murinus (Gray mouse lemur) (Lemur murinus)	30608	36769	C:92.7%[S:52.8%,D:39.9%],F:0.8%,M:6.5%,n:13780	Unknown	Chromosome 1; Chromosome 2; Chromosome 3; Chromosome 4; Chromosome 5; Chromosome 6; Chromosome 7; Chromosome 8; Chromosome 9; Chromosome 10; Chromosome X; Chromosome 11; Chromosome 12; Chromosome 13; Chromosome 14; Chromosome 15; Chromosome 16; Chromosome 17; Chromosome 18; Chromosome 19; Chromosome 20; Chromosome 21; Chromosome 22; Chromosome 23; Chromosome 24; Chromosome 25; Chromosome 26; Chromosome 27; Chromosome 28; Chromosome 29; Chromosome 30; Chromosome 31; Chromosome 32; Unassembled WGS sequence; Unplaced	cellular organisms, Eukaryota, Opisthokonta, Metazoa, Eumetazoa, Bilateria, Deuterostomia, Chordata, Craniata, Vertebrata, Gnathostomata, Teleostomi, Euteleostomi, Sarcopterygii, Dipnotetrapodomorpha, Tetrapoda, Amniota, Mammalia, Theria, Eutheria, Boreoeutheria, Euarchontoglires, Primates, Strepsirrhini, Lemuriformes, Cheirogaleidae, Microcebus	GCA_000165445.3	full
UP000694398	Chinchilla lanigera (Long-tailed chinchilla) (Chinchilla villidera)	34839	25185	C:94.1%[S:70.3%,D:23.8%],F:1.5%,M:4.4%,n:13798	Unknown	Unassembled WGS sequence; Unplaced	cellular organisms, Eukaryota, Opisthokonta, Metazoa, Eumetazoa, Bilateria, Deuterostomia, Chordata, Craniata, Vertebrata, Gnathostomata, Teleostomi, Euteleostomi, Sarcopterygii, Dipnotetrapodomorpha, Tetrapoda, Amniota, Mammalia, Theria, Eutheria, Boreoeutheria, Euarchontoglires, Glires, Rodentia, Hystricomorpha, Chinchillidae, Chinchilla	GCA_000276665.1	full
UP000694399	Panthera leo (Lion)	9689	31097	C:95.7%[S:68.7%,D:26.9%],F:0.8%,M:3.5%,n:14502	Unknown	Chromosome X; Chromosome C2; Chromosome C1; Chromosome D1; Chromosome D2; Chromosome D3; Chromosome D4; Chromosome A1; Chromosome A2; Chromosome A3; Chromosome B1; Chromosome B2; Chromosome B3; Chromosome B4; Chromosome E1; Chromosome E2; Chromosome E3; Chromosome F1; Chromosome F2; Unassembled WGS sequence; Unplaced	cellular organisms, Eukaryota, Opisthokonta, Metazoa, Eumetazoa, Bilateria, Deuterostomia, Chordata, Craniata, Vertebrata, Gnathostomata, Teleostomi, Euteleostomi, Sarcopterygii, Dipnotetrapodomorpha, Tetrapoda, Amniota, Mammalia, Theria, Eutheria, Boreoeutheria, Laurasiatheria, Carnivora, Feliformia, Felidae, Pantherinae, Panthera	GCA_008795835.1	full
UP000694407	Marmota marmota marmota (Alpine marmot)	9994	27309	C:91.0%[S:72.2%,D:18.8%],F:2.5%,M:6.5%,n:13798	Unknown	Unplaced	cellular organisms, Eukaryota, Opisthokonta, Metazoa, Eumetazoa, Bilateria, Deuterostomia, Chordata, Craniata, Vertebrata, Gnathostomata, Teleostomi, Euteleostomi, Sarcopterygii, Dipnotetrapodomorpha, Tetrapoda, Amniota, Mammalia, Theria, Eutheria, Boreoeutheria, Euarchontoglires, Glires, Rodentia, Sciuromorpha, Sciuridae, Xerinae, Marmotini, Marmota, Marmota marmota	GCA_001458135.1	full
UP000694409	Serinus canaria (Island canary) (Fringilla canaria)	9135	23421	C:92.0%[S:63.7%,D:28.4%],F:2.2%,M:5.8%,n:10844	Unknown	Unassembled WGS sequence; Unplaced	cellular organisms, Eukaryota, Opisthokonta, Metazoa, Eumetazoa, Bilateria, Deuterostomia, Chordata, Craniata, Vertebrata, Gnathostomata, Teleostomi, Euteleostomi, Sarcopterygii, Dipnotetrapodomorpha, Tetrapoda, Amniota, Sauropsida, Sauria, Archelosauria, Archosauria, Dinosauria, Saurischia, Theropoda, Coelurosauria, Aves, Neognathae, Neoaves, Telluraves, Australaves, Passeriformes, Passeroidea, Fringillidae, Carduelinae, Serinus	GCA_000534875.1	full
UP000694412	Coturnix japonica (Japanese quail) (Coturnix coturnix japonica)	93934	27309	C:95.3%[S:63.1%,D:32.2%],F:1.7%,M:2.9%,n:8338	Unknown	Chromosome 1; Chromosome 2; Chromosome 3; Chromosome 4; Chromosome 5; Chromosome 6; Chromosome 7; Chromosome 8; Chromosome 9; Chromosome 10; Chromosome 11; Chromosome 12; Chromosome 13; Chromosome 14; Chromosome 15; Chromosome 16; Chromosome 17; Chromosome 18; Chromosome 19; Chromosome 20; Chromosome 21; Chromosome 22; Chromosome 23; Chromosome 24; Chromosome 25; Chromosome 26; Chromosome 27; Chromosome 28; Chromosome LGE22C19W28_E50C23; Chromosome LGE64; Chromosome Z; Unassembled WGS sequence; Unplaced	cellular organisms, Eukaryota, Opisthokonta, Metazoa, Eumetazoa, Bilateria, Deuterostomia, Chordata, Craniata, Vertebrata, Gnathostomata, Teleostomi, Euteleostomi, Sarcopterygii, Dipnotetrapodomorpha, Tetrapoda, Amniota, Sauropsida, Sauria, Archelosauria, Archosauria, Dinosauria, Saurischia, Theropoda, Coelurosauria, Aves, Neognathae, Galloanserae, Galliformes, Phasianidae, Perdicinae, Coturnix	GCA_001577835.1	full
UP000694414	Prolemur simus (Greater bamboo lemur) (Hapalemur simus)	1328070	37838	C:93.0%[S:58.1%,D:34.9%],F:1.2%,M:5.8%,n:13780	Unknown	Unplaced	cellular organisms, Eukaryota, Opisthokonta, Metazoa, Eumetazoa, Bilateria, Deuterostomia, Chordata, Craniata, Vertebrata, Gnathostomata, Teleostomi, Euteleostomi, Sarcopterygii, Dipnotetrapodomorpha, Tetrapoda, Amniota, Mammalia, Theria, Eutheria, Boreoeutheria, Euarchontoglires, Primates, Strepsirrhini, Lemuriformes, Lemuridae, Prolemur	GCA_003258685.1	full
UP000694417	Urocitellus parryii (Arctic ground squirrel) (Spermophilus parryii)	9999	29187	C:94.6%[S:66.9%,D:27.8%],F:1.3%,M:4.0%,n:13798	Unknown	Unplaced	cellular organisms, Eukaryota, Opisthokonta, Metazoa, Eumetazoa, Bilateria, Deuterostomia, Chordata, Craniata, Vertebrata, Gnathostomata, Teleostomi, Euteleostomi, Sarcopterygii, Dipnotetrapodomorpha, Tetrapoda, Amniota, Mammalia, Theria, Eutheria, Boreoeutheria, Euarchontoglires, Glires, Rodentia, Sciuromorpha, Sciuridae, Xerinae, Marmotini, Urocitellus	GCA_003426925.1	full
UP000694425	Neovison vison (American mink) (Mustela vison)	452646	31301	C:93.3%[S:63.8%,D:29.5%],F:1.4%,M:5.2%,n:14502	Unknown	Unplaced	cellular organisms, Eukaryota, Opisthokonta, Metazoa, Eumetazoa, Bilateria, Deuterostomia, Chordata, Craniata, Vertebrata, Gnathostomata, Teleostomi, Euteleostomi, Sarcopterygii, Dipnotetrapodomorpha, Tetrapoda, Amniota, Mammalia, Theria, Eutheria, Boreoeutheria, Laurasiatheria, Carnivora, Caniformia, Musteloidea, Mustelidae, Mustelinae, Neogale	GCA_900108605.1	full
UP000694426	Anser brachyrhynchus (Pink-footed goose)	132585	26558	C:95.0%[S:63.3%,D:31.7%],F:1.9%,M:3.0%,n:8338	Unknown	Unplaced	cellular organisms, Eukaryota, Opisthokonta, Metazoa, Eumetazoa, Bilateria, Deuterostomia, Chordata, Craniata, Vertebrata, Gnathostomata, Teleostomi, Euteleostomi, Sarcopterygii, Dipnotetrapodomorpha, Tetrapoda, Amniota, Sauropsida, Sauria, Archelosauria, Archosauria, Dinosauria, Saurischia, Theropoda, Coelurosauria, Aves, Neognathae, Galloanserae, Anseriformes, Anatidae, Anserinae, Anser	GCA_002592135.1	full
UP000694540	Catagonus wagneri (Chacoan peccary)	51154	29374	C:95.5%[S:72.4%,D:23.1%],F:0.9%,M:3.6%,n:13335	Unknown	Unplaced	cellular organisms, Eukaryota, Opisthokonta, Metazoa, Eumetazoa, Bilateria, Deuterostomia, Chordata, Craniata, Vertebrata, Gnathostomata, Teleostomi, Euteleostomi, Sarcopterygii, Dipnotetrapodomorpha, Tetrapoda, Amniota, Mammalia, Theria, Eutheria, Boreoeutheria, Laurasiatheria, Artiodactyla, Suina, Tayassuidae, Catagonus	GCA_004024745.2	full
UP000694544	Moschus moschiferus (Siberian musk deer) (Moschus sibiricus)	68415	32989	C:96.8%[S:67.4%,D:29.4%],F:0.7%,M:2.5%,n:13335	Unknown	Unplaced	cellular organisms, Eukaryota, Opisthokonta, Metazoa, Eumetazoa, Bilateria, Deuterostomia, Chordata, Craniata, Vertebrata, Gnathostomata, Teleostomi, Euteleostomi, Sarcopterygii, Dipnotetrapodomorpha, Tetrapoda, Amniota, Mammalia, Theria, Eutheria, Boreoeutheria, Laurasiatheria, Artiodactyla, Ruminantia, Pecora, Moschidae, Moschus	GCA_004024705.2	full
UP000694547	Peromyscus maniculatus bairdii (Prairie deer mouse)	230844	28057	C:96.5%[S:80.7%,D:15.9%],F:0.8%,M:2.7%,n:13798	Unknown	Chromosome 1; Chromosome 2; Chromosome 3; Chromosome 4; Chromosome 5; Chromosome 6; Chromosome 7; Chromosome 8; Chromosome 9; Chromosome 10; Chromosome X; Chromosome 11; Chromosome 12; Chromosome 13; Chromosome 14; Chromosome 15; Chromosome 16; Chromosome 17; Chromosome 18; Chromosome 19; Chromosome 20; Chromosome 21; Chromosome 22; Unassembled WGS sequence; Chromosome 23; Unplaced	cellular organisms, Eukaryota, Opisthokonta, Metazoa, Eumetazoa, Bilateria, Deuterostomia, Chordata, Craniata, Vertebrata, Gnathostomata, Teleostomi, Euteleostomi, Sarcopterygii, Dipnotetrapodomorpha, Tetrapoda, Amniota, Mammalia, Theria, Eutheria, Boreoeutheria, Euarchontoglires, Glires, Rodentia, Myomorpha, Muroidea, Cricetidae, Neotominae, Peromyscus, Peromyscus maniculatus	GCA_003704035.1	full
UP000694554	Phocoena sinus (Vaquita)	42100	31318	C:94.5%[S:63.6%,D:31.0%],F:0.8%,M:4.7%,n:13335	Unknown	Chromosome 1; Chromosome 2; Chromosome 3; Chromosome 4; Chromosome 5; Chromosome 6; Chromosome 7; Chromosome 8; Chromosome 9; Chromosome 10; Chromosome X; Chromosome 11; Chromosome 12; Chromosome 13; Chromosome 14; Chromosome 15; Chromosome 16; Chromosome 17; Chromosome 18; Chromosome 19; Chromosome 20; Chromosome 21; Unassembled WGS sequence; Mitochondrion MT	cellular organisms, Eukaryota, Opisthokonta, Metazoa, Eumetazoa, Bilateria, Deuterostomia, Chordata, Craniata, Vertebrata, Gnathostomata, Teleostomi, Euteleostomi, Sarcopterygii, Dipnotetrapodomorpha, Tetrapoda, Amniota, Mammalia, Theria, Eutheria, Boreoeutheria, Laurasiatheria, Artiodactyla, Whippomorpha, Cetacea, Odontoceti, Phocoenidae, Phocoena	GCA_008692025.1	full
UP000694561	Monodon monoceros (Narwhal) (Ceratodon monodon)	40151	30226	C:95.8%[S:68.0%,D:27.8%],F:0.8%,M:3.5%,n:13335	Unknown	Mitochondrion MT; Unplaced	cellular organisms, Eukaryota, Opisthokonta, Metazoa, Eumetazoa, Bilateria, Deuterostomia, Chordata, Craniata, Vertebrata, Gnathostomata, Teleostomi, Euteleostomi, Sarcopterygii, Dipnotetrapodomorpha, Tetrapoda, Amniota, Mammalia, Theria, Eutheria, Boreoeutheria, Laurasiatheria, Artiodactyla, Whippomorpha, Cetacea, Odontoceti, Monodontidae, Monodon	GCA_005190385.2	full
UP000694564	Sciurus vulgaris (Eurasian red squirrel)	55149	33006	C:95.9%[S:70.7%,D:25.2%],F:1.0%,M:3.1%,n:13798	Unknown	Chromosome 1; Chromosome 2; Chromosome 3; Chromosome 4; Chromosome 5; Chromosome 6; Chromosome 7; Chromosome 8; Chromosome 9; Chromosome 10; Chromosome X; Chromosome 11; Chromosome 12; Chromosome 13; Chromosome 14; Chromosome 15; Chromosome 16; Chromosome 17; Chromosome 18; Chromosome 19; Mitochondrion MT; Chromosome Y; Unassembled WGS sequence; Unplaced	cellular organisms, Eukaryota, Opisthokonta, Metazoa, Eumetazoa, Bilateria, Deuterostomia, Chordata, Craniata, Vertebrata, Gnathostomata, Teleostomi, Euteleostomi, Sarcopterygii, Dipnotetrapodomorpha, Tetrapoda, Amniota, Mammalia, Theria, Eutheria, Boreoeutheria, Euarchontoglires, Glires, Rodentia, Sciuromorpha, Sciuridae, Sciurinae, Sciurini, Sciurus	GCA_902686455.1	full
UP000805418	Canis lupus familiaris (Dog) (Canis familiaris)	9615	43619	C:96.2%[S:47.2%,D:49.0%],F:0.5%,M:3.3%,n:14502	Unknown	Chromosome 1; Chromosome 2; Chromosome 3; Chromosome 4; Chromosome 5; Chromosome 6; Chromosome 7; Chromosome 8; Chromosome 9; Chromosome 10; Chromosome X; Chromosome 11; Chromosome 12; Chromosome 13; Chromosome 14; Chromosome 15; Chromosome 16; Chromosome 17; Chromosome 18; Chromosome 19; Chromosome 20; Chromosome 21; Chromosome 22; Chromosome 23; Chromosome 24; Chromosome 25; Chromosome 26; Chromosome 27; Chromosome 28; Chromosome 29; Chromosome 30; Chromosome 31; Chromosome 32; Chromosome 33; Chromosome 34; Chromosome 35; Chromosome 36; Chromosome 37; Chromosome 38; Chromosome Y; Mitochondrion MT; Unassembled WGS sequence; Unplaced	cellular organisms, Eukaryota, Opisthokonta, Metazoa, Eumetazoa, Bilateria, Deuterostomia, Chordata, Craniata, Vertebrata, Gnathostomata, Teleostomi, Euteleostomi, Sarcopterygii, Dipnotetrapodomorpha, Tetrapoda, Amniota, Mammalia, Theria, Eutheria, Boreoeutheria, Laurasiatheria, Carnivora, Caniformia, Canidae, Canis, Canis lupus	GCA_014441545.1	full
UP001044222	Anguilla anguilla (European freshwater eel) (Muraena anguilla)	7936	28122	C:83.7%[S:77.0%,D:6.7%],F:6.4%,M:9.8%,n:3640	Unknown	Chromosome 1; Chromosome 2; Chromosome 3; Chromosome 4; Chromosome 5; Chromosome 6; Chromosome 7; Chromosome 8; Chromosome 9; Chromosome 10; Chromosome 11; Chromosome 12; Chromosome 13; Chromosome 14; Chromosome 15; Chromosome 16; Chromosome 17; Chromosome 18; Chromosome 19; Unassembled WGS sequence	cellular organisms, Eukaryota, Opisthokonta, Metazoa, Eumetazoa, Bilateria, Deuterostomia, Chordata, Craniata, Vertebrata, Gnathostomata, Teleostomi, Euteleostomi, Actinopterygii, Actinopteri, Neopterygii, Teleostei, Elopocephalai, Elopocephala, Elopomorpha, Anguilliformes, Anguillidae, Anguilla	GCA_018320845.1	full
UP000000304	Drosophila simulans (Fruit fly)	7240	15353	C:81.1%[S:80.7%,D:0.5%],F:6.9%,M:12.0%,n:3285	Unknown	Mitochondrion; Chromosome 2L; Chromosome 2R; Chromosome 3L; Chromosome 3R; Chromosome 4; Chromosome X; Unassembled WGS sequence	cellular organisms, Eukaryota, Opisthokonta, Metazoa, Eumetazoa, Bilateria, Protostomia, Ecdysozoa, Panarthropoda, Arthropoda, Mandibulata, Pancrustacea, Hexapoda, Insecta, Dicondylia, Pterygota, Neoptera, Endopterygota, Diptera, Brachycera, Muscomorpha, Eremoneura, Cyclorrhapha, Schizophora, Acalyptratae, Ephydroidea, Drosophilidae, Drosophilinae, Drosophilini, Drosophila, Sophophora, melanogaster group, melanogaster subgroup	GCA_000259055.1	full
UP000000305	Daphnia pulex (Water flea)	6669	30137	C:94.7%[S:93.2%,D:1.5%],F:2.0%,M:3.4%,n:1013	Unknown	Unassembled WGS sequence	cellular organisms, Eukaryota, Opisthokonta, Metazoa, Eumetazoa, Bilateria, Protostomia, Ecdysozoa, Panarthropoda, Arthropoda, Mandibulata, Pancrustacea, Crustacea, Branchiopoda, Phyllopoda, Diplostraca, Cladocera, Anomopoda, Daphniidae, Daphnia	GCA_000187875.1	full
UP000000311	Camponotus floridanus (Florida carpenter ant)	104421	14787	C:89.8%[S:89.2%,D:0.5%],F:4.9%,M:5.4%,n:5991	Unknown	Unassembled WGS sequence	cellular organisms, Eukaryota, Opisthokonta, Metazoa, Eumetazoa, Bilateria, Protostomia, Ecdysozoa, Panarthropoda, Arthropoda, Mandibulata, Pancrustacea, Hexapoda, Insecta, Dicondylia, Pterygota, Neoptera, Endopterygota, Hymenoptera, Apocrita, Aculeata, Formicoidea, Formicidae, Formicinae, Camponotini, Camponotus	GCA_000147175.1	full
UP000000673	Anopheles darlingi (Mosquito)	43151	10595	C:92.5%[S:91.8%,D:0.8%],F:1.6%,M:5.9%,n:3285	Unknown	Mitochondrion; Unplaced; Unassembled WGS sequence	cellular organisms, Eukaryota, Opisthokonta, Metazoa, Eumetazoa, Bilateria, Protostomia, Ecdysozoa, Panarthropoda, Arthropoda, Mandibulata, Pancrustacea, Hexapoda, Insecta, Dicondylia, Pterygota, Neoptera, Endopterygota, Diptera, Nematocera, Culicomorpha, Culicoidea, Culicidae, Anophelinae, Anopheles, Nyssorhynchus, argyritarsis section, argyritarsis series, darlingi group	GCA_000211455.3	full
UP000000715	Mustela putorius furo (European domestic ferret) (Mustela furo)	9669	46273	C:99.2%[S:43.5%,D:55.7%],F:0.2%,M:0.6%,n:14502	Unknown	Mitochondrion MT; Unplaced	cellular organisms, Eukaryota, Opisthokonta, Metazoa, Eumetazoa, Bilateria, Deuterostomia, Chordata, Craniata, Vertebrata, Gnathostomata, Teleostomi, Euteleostomi, Sarcopterygii, Dipnotetrapodomorpha, Tetrapoda, Amniota, Mammalia, Theria, Eutheria, Boreoeutheria, Laurasiatheria, Carnivora, Caniformia, Musteloidea, Mustelidae, Mustelinae, Mustela, Mustela putorius	GCF_011764305.1	full
UP000001038	Oryzias latipes (Japanese rice fish) (Japanese killifish)	8090	36128	C:95.9%[S:61.0%,D:34.9%],F:1.0%,M:3.1%,n:3640	Unknown	Chromosome 1; Chromosome 2; Chromosome 3; Chromosome 4; Chromosome 5; Chromosome 6; Chromosome 7; Chromosome 8; Chromosome 9; Chromosome 10; Chromosome 11; Chromosome 12; Chromosome 13; Chromosome 14; Chromosome 15; Chromosome 16; Chromosome 17; Chromosome 18; Chromosome 19; Chromosome 20; Chromosome 21; Chromosome 22; Chromosome 23; Chromosome 24; Mitochondrion; Unplaced	cellular organisms, Eukaryota, Opisthokonta, Metazoa, Eumetazoa, Bilateria, Deuterostomia, Chordata, Craniata, Vertebrata, Gnathostomata, Teleostomi, Euteleostomi, Actinopterygii, Actinopteri, Neopterygii, Teleostei, Osteoglossocephalai, Clupeocephala, Euteleosteomorpha, Neoteleostei, Eurypterygia, Ctenosquamata, Acanthomorphata, Euacanthomorphacea, Percomorphaceae, Ovalentaria, Atherinomorphae, Beloniformes, Adrianichthyoidei, Adrianichthyidae, Oryziinae, Oryzias	GCA_002234675.1	full
UP000001070	Drosophila grimshawi (Hawaiian fruit fly) (Idiomyia grimshawi)	7222	14754	C:98.2%[S:96.0%,D:2.1%],F:0.5%,M:1.3%,n:3285	Unknown	Mitochondrion; Unassembled WGS sequence	cellular organisms, Eukaryota, Opisthokonta, Metazoa, Eumetazoa, Bilateria, Protostomia, Ecdysozoa, Panarthropoda, Arthropoda, Mandibulata, Pancrustacea, Hexapoda, Insecta, Dicondylia, Pterygota, Neoptera, Endopterygota, Diptera, Brachycera, Muscomorpha, Eremoneura, Cyclorrhapha, Schizophora, Acalyptratae, Ephydroidea, Drosophilidae, Drosophilinae, Drosophilini, Drosophila, Hawaiian Drosophila, picture wing clade, grimshawi clade, grimshawi group, grimshawi subgroup	GCA_000005155.1	full
UP000001292	Drosophila sechellia (Fruit fly)	7238	16138	C:92.7%[S:91.8%,D:0.8%],F:3.6%,M:3.8%,n:3285	Unknown	Unassembled WGS sequence; Mitochondrion	cellular organisms, Eukaryota, Opisthokonta, Metazoa, Eumetazoa, Bilateria, Protostomia, Ecdysozoa, Panarthropoda, Arthropoda, Mandibulata, Pancrustacea, Hexapoda, Insecta, Dicondylia, Pterygota, Neoptera, Endopterygota, Diptera, Brachycera, Muscomorpha, Eremoneura, Cyclorrhapha, Schizophora, Acalyptratae, Ephydroidea, Drosophilidae, Drosophilinae, Drosophilini, Drosophila, Sophophora, melanogaster group, melanogaster subgroup	GCA_000005215.1	full
UP000001307	Oikopleura dioica (Tunicate)	34765	17050	C:66.2%[S:63.6%,D:2.6%],F:6.3%,M:27.5%,n:954	Unknown	Unassembled WGS sequence	cellular organisms, Eukaryota, Opisthokonta, Metazoa, Eumetazoa, Bilateria, Deuterostomia, Chordata, Tunicata, Appendicularia, Copelata, Oikopleuridae, Oikopleura	GCA_000209535.1	full
UP000001554	Branchiostoma floridae (Florida lancelet) (Amphioxus)	7739	38650	C:97.5%[S:72.6%,D:24.8%],F:1.0%,M:1.5%,n:954	Unknown	Chromosome 1; Chromosome 2; Chromosome 3; Chromosome 4; Chromosome 5; Chromosome 6; Chromosome 7; Chromosome 8; Chromosome 9; Chromosome 10; Chromosome 11; Chromosome 12; Chromosome 13; Chromosome 14; Chromosome 15; Chromosome 16; Chromosome 17; Chromosome 18; Chromosome 19; Mitochondrion MT; Unplaced	cellular organisms, Eukaryota, Opisthokonta, Metazoa, Eumetazoa, Bilateria, Deuterostomia, Chordata, Cephalochordata, Leptocardii, Amphioxiformes, Branchiostomatidae, Branchiostoma	GCF_000003815.2	full
UP000001555	Ixodes scapularis (Black-legged tick) (Deer tick)	6945	20503	C:86.8%[S:85.0%,D:1.8%],F:5.9%,M:7.3%,n:2934	Unknown	Unassembled WGS sequence; Unplaced	cellular organisms, Eukaryota, Opisthokonta, Metazoa, Eumetazoa, Bilateria, Protostomia, Ecdysozoa, Panarthropoda, Arthropoda, Chelicerata, Arachnida, Acari, Parasitiformes, Ixodida, Ixodoidea, Ixodidae, Ixodinae, Ixodes	GCA_000208615.1	full
UP000001593	Nematostella vectensis (Starlet sea anemone)	45351	24435	C:89.7%[S:87.9%,D:1.8%],F:4.8%,M:5.5%,n:954	Unknown	Unassembled WGS sequence	cellular organisms, Eukaryota, Opisthokonta, Metazoa, Eumetazoa, Cnidaria, Anthozoa, Hexacorallia, Actiniaria, Edwardsiidae, Nematostella	GCA_000209225.1	full
UP000001645	Meleagris gallopavo (Wild turkey)	9103	28235	C:87.5%[S:55.7%,D:31.8%],F:5.2%,M:7.3%,n:8338	Unknown	Chromosome 1; Chromosome 2; Chromosome 3; Chromosome 4; Chromosome 5; Chromosome 6; Chromosome 7; Chromosome 8; Chromosome 9; Chromosome 10; Chromosome 11; Chromosome 12; Chromosome 13; Chromosome 14; Chromosome 15; Chromosome 16; Chromosome 17; Chromosome 18; Chromosome 19; Chromosome 20; Chromosome 21; Chromosome 22; Chromosome 23; Chromosome 24; Chromosome 25; Chromosome 26; Chromosome 27; Chromosome 28; Chromosome 29; Chromosome 30; Chromosome W; Chromosome Z; Unplaced; Mitochondrion	cellular organisms, Eukaryota, Opisthokonta, Metazoa, Eumetazoa, Bilateria, Deuterostomia, Chordata, Craniata, Vertebrata, Gnathostomata, Teleostomi, Euteleostomi, Sarcopterygii, Dipnotetrapodomorpha, Tetrapoda, Amniota, Sauropsida, Sauria, Archelosauria, Archosauria, Dinosauria, Saurischia, Theropoda, Coelurosauria, Aves, Neognathae, Galloanserae, Galliformes, Phasianidae, Meleagridinae, Meleagris	GCA_000146605.4	full
UP000001646	Anolis carolinensis (Green anole) (American chameleon)	28377	32752	C:86.3%[S:58.8%,D:27.5%],F:3.3%,M:10.4%,n:7480	Unknown	Chromosome 1; Chromosome 2; Chromosome 3; Chromosome 4; Chromosome 5; Chromosome 6; Linkage group LGa; Linkage group LGb; Linkage group LGc; Linkage group LGd; Linkage group LGf; Linkage group LGg; Linkage group LGh; Unplaced; Mitochondrion	cellular organisms, Eukaryota, Opisthokonta, Metazoa, Eumetazoa, Bilateria, Deuterostomia, Chordata, Craniata, Vertebrata, Gnathostomata, Teleostomi, Euteleostomi, Sarcopterygii, Dipnotetrapodomorpha, Tetrapoda, Amniota, Sauropsida, Sauria, Lepidosauria, Squamata, Bifurcata, Unidentata, Episquamata, Toxicofera, Iguania, Dactyloidae, Anolis	GCA_000090745.2	full
UP000001819	Drosophila pseudoobscura pseudoobscura (Fruit fly)	46245	23215	C:99.8%[S:64.9%,D:34.9%],F:0.1%,M:0.1%,n:3285	Unknown	Chromosome 2; Chromosome 3; Chromosome 4; Chromosome 5; Chromosome X; Mitochondrion MT; Unplaced	cellular organisms, Eukaryota, Opisthokonta, Metazoa, Eumetazoa, Bilateria, Protostomia, Ecdysozoa, Panarthropoda, Arthropoda, Mandibulata, Pancrustacea, Hexapoda, Insecta, Dicondylia, Pterygota, Neoptera, Endopterygota, Diptera, Brachycera, Muscomorpha, Eremoneura, Cyclorrhapha, Schizophora, Acalyptratae, Ephydroidea, Drosophilidae, Drosophilinae, Drosophilini, Drosophila, Sophophora, obscura group, pseudoobscura subgroup, Drosophila pseudoobscura	GCF_009870125.1	full
UP000002280	Monodelphis domestica (Gray short-tailed opossum)	13616	36220	C:87.4%[S:53.1%,D:34.3%],F:2.2%,M:10.4%,n:9226	Unknown	Chromosome 1; Chromosome 2; Chromosome 3; Chromosome 4; Chromosome 5; Chromosome 6; Chromosome 7; Chromosome 8; Chromosome X; Mitochondrion; Unplaced	cellular organisms, Eukaryota, Opisthokonta, Metazoa, Eumetazoa, Bilateria, Deuterostomia, Chordata, Craniata, Vertebrata, Gnathostomata, Teleostomi, Euteleostomi, Sarcopterygii, Dipnotetrapodomorpha, Tetrapoda, Amniota, Mammalia, Theria, Metatheria, Didelphimorphia, Didelphidae, Didelphinae, Monodelphis	GCA_000002295.1	full
UP000002281	Equus caballus (Horse)	9796	69433	C:96.4%[S:22.3%,D:74.1%],F:0.7%,M:2.9%,n:12234	Unknown	Chromosome 1; Chromosome 2; Chromosome 3; Chromosome 4; Chromosome 5; Chromosome 6; Chromosome 7; Chromosome 8; Chromosome 9; Chromosome 10; Chromosome 11; Chromosome 12; Chromosome 13; Chromosome 14; Chromosome 15; Chromosome 16; Chromosome 17; Chromosome 18; Chromosome 19; Chromosome 20; Chromosome 21; Chromosome 22; Chromosome 23; Chromosome 24; Chromosome 25; Chromosome 26; Chromosome 27; Chromosome 28; Chromosome 29; Chromosome 30; Chromosome 31; Chromosome X; Mitochondrion; Unplaced	cellular organisms, Eukaryota, Opisthokonta, Metazoa, Eumetazoa, Bilateria, Deuterostomia, Chordata, Craniata, Vertebrata, Gnathostomata, Teleostomi, Euteleostomi, Sarcopterygii, Dipnotetrapodomorpha, Tetrapoda, Amniota, Mammalia, Theria, Eutheria, Boreoeutheria, Laurasiatheria, Perissodactyla, Equidae, Equus	GCA_002863925.1	full
UP000002282	Drosophila yakuba (Fruit fly)	7245	20727	C:99.4%[S:69.9%,D:29.5%],F:0.2%,M:0.5%,n:3285	Unknown	Chromosome 2L; Chromosome 2R; Chromosome 3L; Chromosome 3R; Chromosome 4; Chromosome X; Chromosome Y; Unassembled WGS sequence	cellular organisms, Eukaryota, Opisthokonta, Metazoa, Eumetazoa, Bilateria, Protostomia, Ecdysozoa, Panarthropoda, Arthropoda, Mandibulata, Pancrustacea, Hexapoda, Insecta, Dicondylia, Pterygota, Neoptera, Endopterygota, Diptera, Brachycera, Muscomorpha, Eremoneura, Cyclorrhapha, Schizophora, Acalyptratae, Ephydroidea, Drosophilidae, Drosophilinae, Drosophilini, Drosophila, Sophophora, melanogaster group, melanogaster subgroup	GCA_000005975.1	full
UP000002320	Culex quinquefasciatus (Southern house mosquito) (Culex pungens)	7176	18868	C:91.0%[S:86.2%,D:4.7%],F:4.0%,M:5.0%,n:3285	Unknown	Unassembled WGS sequence; Unplaced	cellular organisms, Eukaryota, Opisthokonta, Metazoa, Eumetazoa, Bilateria, Protostomia, Ecdysozoa, Panarthropoda, Arthropoda, Mandibulata, Pancrustacea, Hexapoda, Insecta, Dicondylia, Pterygota, Neoptera, Endopterygota, Diptera, Nematocera, Culicomorpha, Culicoidea, Culicidae, Culicinae, Culicini, Culex, Culex, Culex pipiens complex	GCA_000209185.1	full
UP000002358	Nasonia vitripennis (Parasitic wasp)	7425	24858	C:96.2%[S:43.6%,D:52.6%],F:0.5%,M:3.3%,n:5991	Unknown	Chromosome 1; Chromosome 2; Chromosome 3; Chromosome 4; Chromosome 5; Unassembled WGS sequence; Unplaced	cellular organisms, Eukaryota, Opisthokonta, Metazoa, Eumetazoa, Bilateria, Protostomia, Ecdysozoa, Panarthropoda, Arthropoda, Mandibulata, Pancrustacea, Hexapoda, Insecta, Dicondylia, Pterygota, Neoptera, Endopterygota, Hymenoptera, Apocrita, Proctotrupomorpha, Chalcidoidea, Pteromalidae, Pteromalinae, Nasonia	GCA_009193385.2	full
UP000002852	Xiphophorus maculatus (Southern platyfish) (Platypoecilus maculatus)	8083	35279	C:92.5%[S:62.9%,D:29.6%],F:1.5%,M:6.0%,n:15213	Unknown	Unassembled WGS sequence	cellular organisms, Eukaryota, Opisthokonta, Metazoa, Eumetazoa, Bilateria, Deuterostomia, Chordata, Craniata, Vertebrata, Gnathostomata, Teleostomi, Euteleostomi, Actinopterygii, Actinopteri, Neopterygii, Teleostei, Osteoglossocephalai, Clupeocephala, Euteleosteomorpha, Neoteleostei, Eurypterygia, Ctenosquamata, Acanthomorphata, Euacanthomorphacea, Percomorphaceae, Ovalentaria, Atherinomorphae, Cyprinodontiformes, Cyprinodontoidei, Poeciliidae, Poeciliinae, Xiphophorus	GCA_002775205.2	full
UP000005203	Apis mellifera (Honeybee)	7460	19068	C:98.9%[S:51.5%,D:47.3%],F:0.3%,M:0.8%,n:5991	Unknown	Linkage group LG1; Linkage group LG10; Linkage group LG11; Linkage group LG12; Linkage group LG13; Linkage group LG14; Linkage group LG15; Linkage group LG16; Linkage group LG2; Linkage group LG3; Linkage group LG4; Linkage group LG5; Linkage group LG6; Linkage group LG7; Linkage group LG8; Linkage group LG9; Mitochondrion MT; Unplaced	cellular organisms, Eukaryota, Opisthokonta, Metazoa, Eumetazoa, Bilateria, Protostomia, Ecdysozoa, Panarthropoda, Arthropoda, Mandibulata, Pancrustacea, Hexapoda, Insecta, Dicondylia, Pterygota, Neoptera, Endopterygota, Hymenoptera, Apocrita, Aculeata, Apoidea, Anthophila, Apidae, Apinae, Apini, Apis	GCF_003254395.2	full
UP000005204	Bombyx mori (Silk moth)	7091	23640	C:99.2%[S:58.7%,D:40.5%],F:0.2%,M:0.6%,n:5286	Unknown	Unassembled WGS sequence	cellular organisms, Eukaryota, Opisthokonta, Metazoa, Eumetazoa, Bilateria, Protostomia, Ecdysozoa, Panarthropoda, Arthropoda, Mandibulata, Pancrustacea, Hexapoda, Insecta, Dicondylia, Pterygota, Neoptera, Endopterygota, Amphiesmenoptera, Lepidoptera, Glossata, Neolepidoptera, Heteroneura, Ditrysia, Obtectomera, Bombycoidea, Bombycidae, Bombycinae, Bombyx	GCA_014905235.2	full
UP000005205	Atta cephalotes (Leafcutter ant)	12957	10634	C:95.3%[S:93.9%,D:1.5%],F:2.5%,M:2.2%,n:5991	Unknown	Unassembled WGS sequence; Mitochondrion MT	cellular organisms, Eukaryota, Opisthokonta, Metazoa, Eumetazoa, Bilateria, Protostomia, Ecdysozoa, Panarthropoda, Arthropoda, Mandibulata, Pancrustacea, Hexapoda, Insecta, Dicondylia, Pterygota, Neoptera, Endopterygota, Hymenoptera, Apocrita, Aculeata, Formicoidea, Formicidae, Myrmicinae, Attini, Atta	GCA_000143395.2	full
UP000005207	Oreochromis niloticus (Nile tilapia) (Tilapia nilotica)	8128	74622	C:97.3%[S:46.0%,D:51.3%],F:1.0%,M:1.7%,n:3640	Unknown	Linkage group LG1; Linkage group LG2; Linkage group LG3; Linkage group LG4; Linkage group LG5; Linkage group LG6; Linkage group LG7; Linkage group LG8-24; Linkage group LG9; Linkage group LG10; Linkage group LG11; Linkage group LG12; Linkage group LG13; Linkage group LG14; Linkage group LG15; Linkage group LG16-21; Linkage group LG17; Linkage group LG18; Linkage group LG19; Linkage group LG20; Linkage group LG22; Linkage group LG23; Unplaced; Mitochondrion	cellular organisms, Eukaryota, Opisthokonta, Metazoa, Eumetazoa, Bilateria, Deuterostomia, Chordata, Craniata, Vertebrata, Gnathostomata, Teleostomi, Euteleostomi, Actinopterygii, Actinopteri, Neopterygii, Teleostei, Osteoglossocephalai, Clupeocephala, Euteleosteomorpha, Neoteleostei, Eurypterygia, Ctenosquamata, Acanthomorphata, Euacanthomorphacea, Percomorphaceae, Ovalentaria, Cichlomorphae, Cichliformes, Cichlidae, African cichlids, Pseudocrenilabrinae, Oreochromini, Oreochromis	GCA_001858045.3	full
UP000005226	Takifugu rubripes (Japanese pufferfish) (Fugu rubripes)	31033	51079	C:92.8%[S:49.9%,D:42.9%],F:1.6%,M:5.6%,n:3640	Unknown	Chromosome 1; Chromosome 2; Chromosome 3; Chromosome 4; Chromosome 5; Chromosome 6; Chromosome 7; Chromosome 8; Chromosome 9; Chromosome 10; Chromosome 11; Chromosome 12; Chromosome 13; Chromosome 14; Chromosome 15; Chromosome 16; Chromosome 17; Chromosome 18; Chromosome 19; Chromosome 20; Chromosome 21; Chromosome 22; Unplaced	cellular organisms, Eukaryota, Opisthokonta, Metazoa, Eumetazoa, Bilateria, Deuterostomia, Chordata, Craniata, Vertebrata, Gnathostomata, Teleostomi, Euteleostomi, Actinopterygii, Actinopteri, Neopterygii, Teleostei, Osteoglossocephalai, Clupeocephala, Euteleosteomorpha, Neoteleostei, Eurypterygia, Ctenosquamata, Acanthomorphata, Euacanthomorphacea, Percomorphaceae, Eupercaria, Tetraodontiformes, Tetraodontoidei, Tetradontoidea, Tetraodontidae, Takifugu	GCA_901000725.2	full
UP000005237	Caenorhabditis japonica	281687	35024	C:81.2%[S:65.6%,D:15.6%],F:7.8%,M:11.0%,n:3131	Unknown	Unassembled WGS sequence	cellular organisms, Eukaryota, Opisthokonta, Metazoa, Eumetazoa, Bilateria, Protostomia, Ecdysozoa, Nematoda, Chromadorea, Rhabditida, Rhabditina, Rhabditomorpha, Rhabditoidea, Rhabditidae, Peloderinae, Caenorhabditis	GCA_000147155.1	full
UP000005239	Pristionchus pacificus (Parasitic nematode worm)	54126	26122	C:80.1%[S:77.1%,D:3.0%],F:0.9%,M:19.0%,n:3131	Unknown	Chromosome I; Chromosome II; Chromosome III; Chromosome IV; Chromosome V; Chromosome X; Unassembled WGS sequence; Unplaced	cellular organisms, Eukaryota, Opisthokonta, Metazoa, Eumetazoa, Bilateria, Protostomia, Ecdysozoa, Nematoda, Chromadorea, Rhabditida, Rhabditina, Diplogasteromorpha, Diplogasteroidea, Neodiplogasteridae, Pristionchus	GCA_000180635.3	full
UP000005408	Magallana gigas (Pacific oyster) (Crassostrea gigas)	29159	57874	C:96.1%[S:27.7%,D:68.3%],F:0.9%,M:3.0%,n:5295	Unknown	Linkage Group LG1; Linkage Group LG10; Linkage Group LG2; Linkage Group LG3; Linkage Group LG5; Linkage Group LG4; Linkage Group LG7; Linkage Group LG6; Linkage Group LG8; Linkage Group LG9; Unassembled WGS sequence; Unplaced	cellular organisms, Eukaryota, Opisthokonta, Metazoa, Eumetazoa, Bilateria, Protostomia, Spiralia, Lophotrochozoa, Mollusca, Bivalvia, Autobranchia, Pteriomorphia, Ostreida, Ostreoidea, Ostreidae, Magallana	GCA_902806645.1	full
UP000006672	Brugia malayi (Filarial nematode worm)	6279	15168	C:98.9%[S:68.0%,D:30.9%],F:0.2%,M:0.9%,n:3131	Unknown	Unassembled WGS sequence	cellular organisms, Eukaryota, Opisthokonta, Metazoa, Eumetazoa, Bilateria, Protostomia, Ecdysozoa, Nematoda, Chromadorea, Rhabditida, Spirurina, Spiruromorpha, Filarioidea, Onchocercidae, Brugia	GCA_000002995.5	full
UP000006718	Macaca mulatta (Rhesus macaque)	9544	44389	C:97.6%[S:42.8%,D:54.8%],F:0.3%,M:2.1%,n:13780	Unknown	Chromosome 1; Chromosome 2; Chromosome 3; Chromosome 4; Chromosome 5; Chromosome 6; Chromosome 7; Chromosome 8; Chromosome 9; Chromosome 10; Chromosome X; Chromosome 11; Chromosome 12; Chromosome 13; Chromosome 14; Chromosome 15; Chromosome 16; Chromosome 17; Chromosome 18; Chromosome 19; Chromosome 20; Chromosome Y; Mitochondrion; Unassembled WGS sequence	cellular organisms, Eukaryota, Opisthokonta, Metazoa, Eumetazoa, Bilateria, Deuterostomia, Chordata, Craniata, Vertebrata, Gnathostomata, Teleostomi, Euteleostomi, Sarcopterygii, Dipnotetrapodomorpha, Tetrapoda, Amniota, Mammalia, Theria, Eutheria, Boreoeutheria, Euarchontoglires, Primates, Haplorrhini, Simiiformes, Catarrhini, Cercopithecoidea, Cercopithecidae, Cercopithecinae, Macaca	GCA_003339765.3	full
UP000007062	Anopheles gambiae (African malaria mosquito)	7165	14559	C:95.0%[S:84.0%,D:11.1%],F:0.6%,M:4.4%,n:3285	Unknown	Chromosome 2L; Chromosome 2R; Chromosome 3L; Chromosome 3R; Chromosome X; Unassembled WGS sequence; Unplaced	cellular organisms, Eukaryota, Opisthokonta, Metazoa, Eumetazoa, Bilateria, Protostomia, Ecdysozoa, Panarthropoda, Arthropoda, Mandibulata, Pancrustacea, Hexapoda, Insecta, Dicondylia, Pterygota, Neoptera, Endopterygota, Diptera, Nematocera, Culicomorpha, Culicoidea, Culicidae, Anophelinae, Anopheles, Cellia, Pyretophorus, gambiae species complex	GCA_000005575.1	full
UP000007110	Strongylocentrotus purpuratus (Purple sea urchin)	7668	34417	C:99.4%[S:61.6%,D:37.7%],F:0.3%,M:0.3%,n:954	Unknown	Unassembled WGS sequence	cellular organisms, Eukaryota, Opisthokonta, Metazoa, Eumetazoa, Bilateria, Deuterostomia, Echinodermata, Eleutherozoa, Echinozoa, Echinoidea, Euechinoidea, Echinacea, Camarodonta, Echinidea, Strongylocentrotidae, Strongylocentrotus	GCA_000002235.4	full
UP000007303	Tetraodon nigroviridis (Spotted green pufferfish) (Chelonodon nigroviridis)	99883	23074	C:83.2%[S:72.1%,D:11.0%],F:5.5%,M:11.3%,n:3640	Unknown	Unassembled WGS sequence; Mitochondrion	cellular organisms, Eukaryota, Opisthokonta, Metazoa, Eumetazoa, Bilateria, Deuterostomia, Chordata, Craniata, Vertebrata, Gnathostomata, Teleostomi, Euteleostomi, Actinopterygii, Actinopteri, Neopterygii, Teleostei, Osteoglossocephalai, Clupeocephala, Euteleosteomorpha, Neoteleostei, Eurypterygia, Ctenosquamata, Acanthomorphata, Euacanthomorphacea, Percomorphaceae, Eupercaria, Tetraodontiformes, Tetraodontoidei, Tetradontoidea, Tetraodontidae, Tetraodon		
UP000007635	Gasterosteus aculeatus aculeatus (three-spined stickleback)	481459	61640	C:96.5%[S:34.8%,D:61.7%],F:1.2%,M:2.2%,n:3640	Unknown	Chromosome I; Chromosome II; Chromosome III; Chromosome IV; Chromosome V; Chromosome VI; Chromosome VII; Chromosome VIII; Chromosome IX; Chromosome X; Chromosome XI; Chromosome XII; Chromosome XIII; Chromosome XIV; Chromosome XV; Chromosome XVI; Chromosome XVII; Chromosome XVIII; Chromosome XIX; Chromosome XX; Chromosome XXI; Chromosome Y; Unassembled WGS sequence	cellular organisms, Eukaryota, Opisthokonta, Metazoa, Eumetazoa, Bilateria, Deuterostomia, Chordata, Craniata, Vertebrata, Gnathostomata, Teleostomi, Euteleostomi, Actinopterygii, Actinopteri, Neopterygii, Teleostei, Osteoglossocephalai, Clupeocephala, Euteleosteomorpha, Neoteleostei, Eurypterygia, Ctenosquamata, Acanthomorphata, Euacanthomorphacea, Percomorphaceae, Eupercaria, Perciformes, Cottioidei, Gasterosteales, Gasterosteidae, Gasterosteus, Gasterosteus aculeatus	GCA_016920845.1	full
UP000007755	Acromyrmex echinatior (Panamanian leafcutter ant) (Acromyrmex octospinosus echinatior)	103372	13962	C:89.5%[S:89.1%,D:0.4%],F:3.8%,M:6.7%,n:5991	Unknown	Unassembled WGS sequence	cellular organisms, Eukaryota, Opisthokonta, Metazoa, Eumetazoa, Bilateria, Protostomia, Ecdysozoa, Panarthropoda, Arthropoda, Mandibulata, Pancrustacea, Hexapoda, Insecta, Dicondylia, Pterygota, Neoptera, Endopterygota, Hymenoptera, Apocrita, Aculeata, Formicoidea, Formicidae, Myrmicinae, Attini, Acromyrmex	GCA_000204515.1	full
UP000007798	Drosophila willistoni (Fruit fly)	7260	14819	C:99.0%[S:90.7%,D:8.2%],F:0.3%,M:0.7%,n:3285	Unknown	Mitochondrion; Unassembled WGS sequence	cellular organisms, Eukaryota, Opisthokonta, Metazoa, Eumetazoa, Bilateria, Protostomia, Ecdysozoa, Panarthropoda, Arthropoda, Mandibulata, Pancrustacea, Hexapoda, Insecta, Dicondylia, Pterygota, Neoptera, Endopterygota, Diptera, Brachycera, Muscomorpha, Eremoneura, Cyclorrhapha, Schizophora, Acalyptratae, Ephydroidea, Drosophilidae, Drosophilinae, Drosophilini, Drosophila, Sophophora, willistoni group, willistoni subgroup	GCA_000005925.1	full
UP000007801	Drosophila ananassae (Fruit fly)	7217	19362	C:99.5%[S:74.8%,D:24.7%],F:0.1%,M:0.4%,n:3285	Unknown	Mitochondrion; Unassembled WGS sequence	cellular organisms, Eukaryota, Opisthokonta, Metazoa, Eumetazoa, Bilateria, Protostomia, Ecdysozoa, Panarthropoda, Arthropoda, Mandibulata, Pancrustacea, Hexapoda, Insecta, Dicondylia, Pterygota, Neoptera, Endopterygota, Diptera, Brachycera, Muscomorpha, Eremoneura, Cyclorrhapha, Schizophora, Acalyptratae, Ephydroidea, Drosophilidae, Drosophilinae, Drosophilini, Drosophila, Sophophora, melanogaster group, ananassae subgroup, ananassae species complex	GCA_000005115.1	full
UP000007819	Acyrthosiphon pisum (Pea aphid)	7029	23442	C:99.2%[S:60.0%,D:39.2%],F:0.4%,M:0.5%,n:2510	Unknown	Chromosome X; Chromosome A1; Chromosome A2; Chromosome A3; Unassembled WGS sequence	cellular organisms, Eukaryota, Opisthokonta, Metazoa, Eumetazoa, Bilateria, Protostomia, Ecdysozoa, Panarthropoda, Arthropoda, Mandibulata, Pancrustacea, Hexapoda, Insecta, Dicondylia, Pterygota, Neoptera, Paraneoptera, Hemiptera, Sternorrhyncha, Aphidomorpha, Aphidoidea, Aphididae, Aphidinae, Macrosiphini, Acyrthosiphon	GCA_005508785.2	full
UP000007875	Ciona savignyi (Pacific transparent sea squirt)	51511	20004	C:0.0%[S:0.0%,D:0.0%],F:0.0%,M:100.0%,n:954	Unknown	Unassembled WGS sequence; Mitochondrion	cellular organisms, Eukaryota, Opisthokonta, Metazoa, Eumetazoa, Bilateria, Deuterostomia, Chordata, Tunicata, Ascidiacea, Phlebobranchia, Cionidae, Ciona		
UP000007879	Amphimedon queenslandica (Sponge)	400682	22831	C:90.8%[S:76.1%,D:14.7%],F:2.8%,M:6.4%,n:954	Unknown	Unassembled WGS sequence	cellular organisms, Eukaryota, Opisthokonta, Metazoa, Porifera, Demospongiae, Heteroscleromorpha, Haplosclerida, Niphatidae, Amphimedon	GCA_000090795.2	full
UP000008068	Caenorhabditis brenneri (Nematode worm)	135651	29982	C:94.7%[S:67.1%,D:27.6%],F:1.6%,M:3.7%,n:3131	Unknown	Unassembled WGS sequence	cellular organisms, Eukaryota, Opisthokonta, Metazoa, Eumetazoa, Bilateria, Protostomia, Ecdysozoa, Nematoda, Chromadorea, Rhabditida, Rhabditina, Rhabditomorpha, Rhabditoidea, Rhabditidae, Peloderinae, Caenorhabditis	GCA_000143925.2	full
UP000008143	Xenopus tropicalis (Western clawed frog) (Silurana tropicalis)	8364	37720	C:96.8%[S:47.6%,D:49.2%],F:0.5%,M:2.7%,n:5310	Unknown	Chromosome 1; Chromosome 2; Chromosome 3; Chromosome 4; Chromosome 5; Chromosome 6; Chromosome 7; Chromosome 8; Chromosome 9; Chromosome 10; Mitochondrion MT; Unplaced	cellular organisms, Eukaryota, Opisthokonta, Metazoa, Eumetazoa, Bilateria, Deuterostomia, Chordata, Craniata, Vertebrata, Gnathostomata, Teleostomi, Euteleostomi, Sarcopterygii, Dipnotetrapodomorpha, Tetrapoda, Amphibia, Batrachia, Anura, Pipoidea, Pipidae, Xenopodinae, Xenopus, Silurana	GCF_000004195.4	full
UP000008144	Ciona intestinalis (Transparent sea squirt) (Ascidia intestinalis)	7719	17311	C:78.7%[S:74.9%,D:3.8%],F:6.4%,M:14.9%,n:954	Unknown	Chromosome 1; Chromosome 2; Chromosome 3; Chromosome 4; Chromosome 5; Chromosome 6; Chromosome 7; Chromosome 8; Chromosome 9; Chromosome 10; Chromosome 11; Chromosome 12; Chromosome 13; Chromosome 14; Mitochondrion MT; Unassembled WGS sequence; Unplaced	cellular organisms, Eukaryota, Opisthokonta, Metazoa, Eumetazoa, Bilateria, Deuterostomia, Chordata, Tunicata, Ascidiacea, Phlebobranchia, Cionidae, Ciona	GCA_000224145.1	full
UP000008237	Harpegnathos saltator (Jerdon's jumping ant)	610380	15029	C:87.2%[S:86.8%,D:0.4%],F:6.0%,M:6.8%,n:5991	Unknown	Unassembled WGS sequence	cellular organisms, Eukaryota, Opisthokonta, Metazoa, Eumetazoa, Bilateria, Protostomia, Ecdysozoa, Panarthropoda, Arthropoda, Mandibulata, Pancrustacea, Hexapoda, Insecta, Dicondylia, Pterygota, Neoptera, Endopterygota, Hymenoptera, Apocrita, Aculeata, Formicoidea, Formicidae, Ponerinae, Ponerini, Harpegnathos	GCA_000147195.1	full
UP000008281	Caenorhabditis remanei (Caenorhabditis vulgaris)	31234	31252	C:98.8%[S:96.0%,D:2.8%],F:0.9%,M:0.4%,n:3131	Unknown	Unassembled WGS sequence	cellular organisms, Eukaryota, Opisthokonta, Metazoa, Eumetazoa, Bilateria, Protostomia, Ecdysozoa, Nematoda, Chromadorea, Rhabditida, Rhabditina, Rhabditomorpha, Rhabditoidea, Rhabditidae, Peloderinae, Caenorhabditis	GCA_000149515.1	full
UP000008672	Latimeria chalumnae (Coelacanth)	7897	23431	C:89.1%[S:70.0%,D:19.1%],F:4.6%,M:6.3%,n:3354	Unknown	Unassembled WGS sequence; Mitochondrion	cellular organisms, Eukaryota, Opisthokonta, Metazoa, Eumetazoa, Bilateria, Deuterostomia, Chordata, Craniata, Vertebrata, Gnathostomata, Teleostomi, Euteleostomi, Sarcopterygii, Coelacanthimorpha, Coelacanthiformes, Coelacanthidae, Latimeria	GCA_000225785.1	full
UP000008711	Drosophila erecta (Fruit fly)	7220	17348	C:99.3%[S:81.6%,D:17.7%],F:0.2%,M:0.5%,n:3285	Unknown	Mitochondrion; Unassembled WGS sequence	cellular organisms, Eukaryota, Opisthokonta, Metazoa, Eumetazoa, Bilateria, Protostomia, Ecdysozoa, Panarthropoda, Arthropoda, Mandibulata, Pancrustacea, Hexapoda, Insecta, Dicondylia, Pterygota, Neoptera, Endopterygota, Diptera, Brachycera, Muscomorpha, Eremoneura, Cyclorrhapha, Schizophora, Acalyptratae, Ephydroidea, Drosophilidae, Drosophilinae, Drosophilini, Drosophila, Sophophora, melanogaster group, melanogaster subgroup	GCA_000005135.1	full
UP000008744	Drosophila persimilis (Fruit fly)	7234	16754	C:88.8%[S:87.9%,D:0.9%],F:5.0%,M:6.2%,n:3285	Unknown	Mitochondrion; Unassembled WGS sequence	cellular organisms, Eukaryota, Opisthokonta, Metazoa, Eumetazoa, Bilateria, Protostomia, Ecdysozoa, Panarthropoda, Arthropoda, Mandibulata, Pancrustacea, Hexapoda, Insecta, Dicondylia, Pterygota, Neoptera, Endopterygota, Diptera, Brachycera, Muscomorpha, Eremoneura, Cyclorrhapha, Schizophora, Acalyptratae, Ephydroidea, Drosophilidae, Drosophilinae, Drosophilini, Drosophila, Sophophora, obscura group, pseudoobscura subgroup	GCA_000005195.1	full
UP000008792	Drosophila virilis (Fruit fly)	7244	18316	C:99.2%[S:72.8%,D:26.4%],F:0.2%,M:0.5%,n:3285	Unknown	Chromosome 6; Mitochondrion; Unassembled WGS sequence	cellular organisms, Eukaryota, Opisthokonta, Metazoa, Eumetazoa, Bilateria, Protostomia, Ecdysozoa, Panarthropoda, Arthropoda, Mandibulata, Pancrustacea, Hexapoda, Insecta, Dicondylia, Pterygota, Neoptera, Endopterygota, Diptera, Brachycera, Muscomorpha, Eremoneura, Cyclorrhapha, Schizophora, Acalyptratae, Ephydroidea, Drosophilidae, Drosophilinae, Drosophilini, Drosophila, Drosophila, virilis group	GCA_000005245.1	full
UP000008820	Aedes aegypti (Yellowfever mosquito) (Culex aegypti)	7159	20643	C:99.5%[S:60.5%,D:38.9%],F:0.2%,M:0.3%,n:3285	Unknown	Chromosome 1; Chromosome 2; Chromosome 3; Mitochondrion MT; Unassembled WGS sequence; Unplaced	cellular organisms, Eukaryota, Opisthokonta, Metazoa, Eumetazoa, Bilateria, Protostomia, Ecdysozoa, Panarthropoda, Arthropoda, Mandibulata, Pancrustacea, Hexapoda, Insecta, Dicondylia, Pterygota, Neoptera, Endopterygota, Diptera, Nematocera, Culicomorpha, Culicoidea, Culicidae, Culicinae, Aedini, Aedes, Stegomyia	GCA_002204515.1	full
UP000008854	Schistosoma mansoni (Blood fluke)	6183	10770	C:75.3%[S:71.5%,D:3.8%],F:3.6%,M:21.2%,n:954	Unknown	Chromosome 1; Chromosome 2; Chromosome 3; Chromosome 4; Chromosome 5; Chromosome 6; Chromosome 7; Chromosome W; Mitochondrion; Unassembled WGS sequence	cellular organisms, Eukaryota, Opisthokonta, Metazoa, Eumetazoa, Bilateria, Protostomia, Spiralia, Lophotrochozoa, Platyhelminthes, Trematoda, Digenea, Strigeidida, Schistosomatoidea, Schistosomatidae, Schistosoma		full
UP000008909	Clonorchis sinensis (Chinese liver fluke)	79923	13606	C:59.1%[S:58.1%,D:1.0%],F:12.2%,M:28.7%,n:954	Unknown	Unassembled WGS sequence	cellular organisms, Eukaryota, Opisthokonta, Metazoa, Eumetazoa, Bilateria, Protostomia, Spiralia, Lophotrochozoa, Platyhelminthes, Trematoda, Digenea, Opisthorchiida, Opisthorchiata, Opisthorchiidae, Clonorchis	GCA_000236345.1	full
UP000009022	Trichoplax adhaerens (Trichoplax reptans)	10228	11520	C:89.3%[S:88.7%,D:0.6%],F:4.6%,M:6.1%,n:954	Unknown	Unassembled WGS sequence; Mitochondrion	cellular organisms, Eukaryota, Opisthokonta, Metazoa, Eumetazoa, Placozoa, Uniplacotomia, Trichoplacea, Trichoplacidae, Trichoplax	GCA_000150275.1	full
UP000009046	Pediculus humanus subsp. corporis (Body louse)	121224	10776	C:95.8%[S:95.5%,D:0.4%],F:2.0%,M:2.1%,n:1367	Unknown	Unassembled WGS sequence	cellular organisms, Eukaryota, Opisthokonta, Metazoa, Eumetazoa, Bilateria, Protostomia, Ecdysozoa, Panarthropoda, Arthropoda, Mandibulata, Pancrustacea, Hexapoda, Insecta, Dicondylia, Pterygota, Neoptera, Paraneoptera, Psocodea, Troctomorpha, Phthiraptera, Anoplura, Pediculidae, Pediculus, Pediculus humanus	GCA_000006295.1	full
UP000009192	Drosophila mojavensis (Fruit fly)	7230	18165	C:99.3%[S:73.3%,D:26.1%],F:0.2%,M:0.4%,n:3285	Unknown	Mitochondrion; Unassembled WGS sequence	cellular organisms, Eukaryota, Opisthokonta, Metazoa, Eumetazoa, Bilateria, Protostomia, Ecdysozoa, Panarthropoda, Arthropoda, Mandibulata, Pancrustacea, Hexapoda, Insecta, Dicondylia, Pterygota, Neoptera, Endopterygota, Diptera, Brachycera, Muscomorpha, Eremoneura, Cyclorrhapha, Schizophora, Acalyptratae, Ephydroidea, Drosophilidae, Drosophilinae, Drosophilini, Drosophila, Drosophila, repleta group, mulleri subgroup, mojavensis species complex	GCA_000005175.1	full
UP000010552	Pteropus alecto (Black flying fox)	9402	19520	C:81.7%[S:81.4%,D:0.3%],F:5.6%,M:12.7%,n:12234	Unknown	Unassembled WGS sequence	cellular organisms, Eukaryota, Opisthokonta, Metazoa, Eumetazoa, Bilateria, Deuterostomia, Chordata, Craniata, Vertebrata, Gnathostomata, Teleostomi, Euteleostomi, Sarcopterygii, Dipnotetrapodomorpha, Tetrapoda, Amniota, Mammalia, Theria, Eutheria, Boreoeutheria, Laurasiatheria, Chiroptera, Yinpterochiroptera, Pteropodoidea, Pteropodidae, Pteropodinae, Pteropus	GCA_000325575.1	full
UP000010556	Myotis davidii (David's myotis)	225400	15446	C:57.0%[S:56.5%,D:0.5%],F:7.1%,M:35.9%,n:12234	Unknown	Unassembled WGS sequence	cellular organisms, Eukaryota, Opisthokonta, Metazoa, Eumetazoa, Bilateria, Deuterostomia, Chordata, Craniata, Vertebrata, Gnathostomata, Teleostomi, Euteleostomi, Sarcopterygii, Dipnotetrapodomorpha, Tetrapoda, Amniota, Mammalia, Theria, Eutheria, Boreoeutheria, Laurasiatheria, Chiroptera, Yangochiroptera, Vespertilionidae, Myotis	GCA_000327345.1	full
UP000011518	Tupaia chinensis (Chinese tree shrew) (Tupaia belangeri chinensis)	246437	20824	C:65.0%[S:64.3%,D:0.7%],F:9.1%,M:25.9%,n:12692	Unknown	Unassembled WGS sequence	cellular organisms, Eukaryota, Opisthokonta, Metazoa, Eumetazoa, Bilateria, Deuterostomia, Chordata, Craniata, Vertebrata, Gnathostomata, Teleostomi, Euteleostomi, Sarcopterygii, Dipnotetrapodomorpha, Tetrapoda, Amniota, Mammalia, Theria, Eutheria, Boreoeutheria, Euarchontoglires, Scandentia, Tupaiidae, Tupaia	GCA_000334495.1	full
UP000014500	Strigamia maritima (European centipede) (Geophilus maritimus)	126957	14972	C:92.4%[S:89.2%,D:3.2%],F:1.6%,M:6.0%,n:1013	Unknown	Unassembled WGS sequence	cellular organisms, Eukaryota, Opisthokonta, Metazoa, Eumetazoa, Bilateria, Protostomia, Ecdysozoa, Panarthropoda, Arthropoda, Mandibulata, Myriapoda, Chilopoda, Pleurostigmophora, Epimorpha, Geophilomorpha, Linotaeniidae, Strigamia	GCA_000239455.1	full
UP000014760	Capitella teleta (Polychaete worm)	283909	31857	C:95.0%[S:90.8%,D:4.2%],F:2.8%,M:2.2%,n:954	Unknown	Unassembled WGS sequence	cellular organisms, Eukaryota, Opisthokonta, Metazoa, Eumetazoa, Bilateria, Protostomia, Spiralia, Lophotrochozoa, Annelida, Polychaeta, Sedentaria, Scolecida, Capitellidae, Capitella	GCA_000328365.1	full
UP000015101	Helobdella robusta (Californian leech)	6412	23328	C:90.3%[S:89.2%,D:1.0%],F:4.6%,M:5.1%,n:954	Unknown	Unassembled WGS sequence	cellular organisms, Eukaryota, Opisthokonta, Metazoa, Eumetazoa, Bilateria, Protostomia, Spiralia, Lophotrochozoa, Annelida, Clitellata, Hirudinea, Rhynchobdellida, Glossiphoniidae, Helobdella	GCA_000326865.1	full
UP000015102	Megaselia scalaris (Humpbacked fly) (Phora scalaris)	36166	11463	C:19.5%[S:19.2%,D:0.3%],F:17.3%,M:63.3%,n:3285	Unknown	Unassembled WGS sequence	cellular organisms, Eukaryota, Opisthokonta, Metazoa, Eumetazoa, Bilateria, Protostomia, Ecdysozoa, Panarthropoda, Arthropoda, Mandibulata, Pancrustacea, Hexapoda, Insecta, Dicondylia, Pterygota, Neoptera, Endopterygota, Diptera, Brachycera, Muscomorpha, Eremoneura, Cyclorrhapha, Aschiza, Platypezoidea, Phoridae, Metopininae, Megaseliini, Megaselia	GCA_000341915.1	full
UP000015103	Rhodnius prolixus (Triatomid bug)	13249	14974	C:91.8%[S:90.2%,D:1.7%],F:3.7%,M:4.5%,n:2510	Unknown	Unassembled WGS sequence; Unplaced	cellular organisms, Eukaryota, Opisthokonta, Metazoa, Eumetazoa, Bilateria, Protostomia, Ecdysozoa, Panarthropoda, Arthropoda, Mandibulata, Pancrustacea, Hexapoda, Insecta, Dicondylia, Pterygota, Neoptera, Paraneoptera, Hemiptera, Prosorrhyncha, Heteroptera, Euheteroptera, Neoheteroptera, Panheteroptera, Cimicomorpha, Reduvioidea, Reduviidae, Triatominae, Rhodnius	GCA_000181055.3	full
UP000015104	Tetranychus urticae (Two-spotted spider mite)	32264	17526	C:90.3%[S:84.0%,D:6.3%],F:1.0%,M:8.7%,n:2934	Unknown	Unassembled WGS sequence	cellular organisms, Eukaryota, Opisthokonta, Metazoa, Eumetazoa, Bilateria, Protostomia, Ecdysozoa, Panarthropoda, Arthropoda, Chelicerata, Arachnida, Acari, Acariformes, Trombidiformes, Prostigmata, Eleutherengona, Raphignathae, Tetranychoidea, Tetranychidae, Tetranychus	GCA_000239435.1	full
UP000016666	Anas platyrhynchos platyrhynchos (Northern mallard)	8840	27053	C:89.7%[S:56.6%,D:33.1%],F:3.6%,M:6.6%,n:8338	Unknown	Chromosome 1; Chromosome 2; Chromosome 3; Chromosome 4; Chromosome 5; Chromosome 6; Chromosome 7; Chromosome 8; Chromosome 9; Chromosome 10; Chromosome 11; Chromosome 12; Chromosome 13; Chromosome 14; Chromosome 15; Chromosome 16; Chromosome 18; Chromosome 19; Chromosome 20; Chromosome 21; Chromosome 22; Chromosome 23; Chromosome 24; Chromosome 25; Chromosome 26; Chromosome 27; Chromosome 28; Chromosome 29; Chromosome Z; Unassembled WGS sequence	cellular organisms, Eukaryota, Opisthokonta, Metazoa, Eumetazoa, Bilateria, Deuterostomia, Chordata, Craniata, Vertebrata, Gnathostomata, Teleostomi, Euteleostomi, Sarcopterygii, Dipnotetrapodomorpha, Tetrapoda, Amniota, Sauropsida, Sauria, Archelosauria, Archosauria, Dinosauria, Saurischia, Theropoda, Coelurosauria, Aves, Neognathae, Galloanserae, Anseriformes, Anatidae, Anatinae, Anas, Anas platyrhynchos	GCA_002743455.1	full
UP000017246	Echinococcus multilocularis (Fox tapeworm)	6211	10472	C:72.6%[S:70.6%,D:2.0%],F:5.2%,M:22.1%,n:954	Unknown	Unassembled WGS sequence	cellular organisms, Eukaryota, Opisthokonta, Metazoa, Eumetazoa, Bilateria, Protostomia, Spiralia, Lophotrochozoa, Platyhelminthes, Cestoda, Eucestoda, Cyclophyllidea, Taeniidae, Echinococcus	GCA_000469725.3	full
UP000018467	Astyanax mexicanus (Blind cave fish) (Astyanax fasciatus mexicanus)	7994	39383	C:95.7%[S:62.8%,D:32.9%],F:1.8%,M:2.6%,n:3640	Unknown	Unassembled WGS sequence	cellular organisms, Eukaryota, Opisthokonta, Metazoa, Eumetazoa, Bilateria, Deuterostomia, Chordata, Craniata, Vertebrata, Gnathostomata, Teleostomi, Euteleostomi, Actinopterygii, Actinopteri, Neopterygii, Teleostei, Osteoglossocephalai, Clupeocephala, Otomorpha, Ostariophysi, Otophysi, Characiphysae, Characiformes, Characoidei, Acestrorhamphidae, Acestrorhamphinae, Astyanax	GCA_000372685.2	full
UP000018468	Lepisosteus oculatus (Spotted gar)	7918	22463	C:92.8%[S:73.2%,D:19.6%],F:3.3%,M:3.9%,n:3640	Unknown	Linkage group LG1; Linkage group LG2; Linkage group LG3; Linkage group LG4; Linkage group LG5; Linkage group LG6; Linkage group LG7; Linkage group LG8; Linkage group LG9; Linkage group LG10; Linkage group LG11; Linkage group LG12; Linkage group LG13; Linkage group LG14; Linkage group LG15; Linkage group LG16; Linkage group LG17; Linkage group LG18; Linkage group LG19; Linkage group LG20; Linkage group LG21; Linkage group LG22; Linkage group LG23; Linkage group LG24; Linkage group LG25; Linkage group LG26; Linkage group LG27; Linkage group LG28; Linkage group LG29; Unassembled WGS sequence; Unplaced	cellular organisms, Eukaryota, Opisthokonta, Metazoa, Eumetazoa, Bilateria, Deuterostomia, Chordata, Craniata, Vertebrata, Gnathostomata, Teleostomi, Euteleostomi, Actinopterygii, Actinopteri, Neopterygii, Holostei, Semionotiformes, Lepisosteidae, Lepisosteus	GCA_000242695.1	full
UP000018936	Ophiophagus hannah (King cobra) (Naja hannah)	8665	18387	C:59.3%[S:58.8%,D:0.5%],F:8.5%,M:32.2%,n:7480	Unknown	Unassembled WGS sequence	cellular organisms, Eukaryota, Opisthokonta, Metazoa, Eumetazoa, Bilateria, Deuterostomia, Chordata, Craniata, Vertebrata, Gnathostomata, Teleostomi, Euteleostomi, Sarcopterygii, Dipnotetrapodomorpha, Tetrapoda, Amniota, Sauropsida, Sauria, Lepidosauria, Squamata, Bifurcata, Unidentata, Episquamata, Toxicofera, Serpentes, Colubroidea, Elapidae, Elapinae, Ophiophagus	GCA_000516915.1	full
UP000019118	Dendroctonus ponderosae (Mountain pine beetle)	77166	17726	C:97.8%[S:66.8%,D:31.0%],F:0.7%,M:1.5%,n:2124	Unknown	Unassembled WGS sequence	cellular organisms, Eukaryota, Opisthokonta, Metazoa, Eumetazoa, Bilateria, Protostomia, Ecdysozoa, Panarthropoda, Arthropoda, Mandibulata, Pancrustacea, Hexapoda, Insecta, Dicondylia, Pterygota, Neoptera, Endopterygota, Coleoptera, Polyphaga, Cucujiformia, Curculionoidea, Curculionidae, Scolytinae, Dendroctonus	GCA_000355655.1	full
UP000019149	Echinococcus granulosus (Hydatid tapeworm)	6210	11279	C:69.2%[S:67.9%,D:1.3%],F:5.7%,M:25.2%,n:954	Unknown	Unassembled WGS sequence	cellular organisms, Eukaryota, Opisthokonta, Metazoa, Eumetazoa, Bilateria, Protostomia, Spiralia, Lophotrochozoa, Platyhelminthes, Cestoda, Eucestoda, Cyclophyllidea, Taeniidae, Echinococcus, Echinococcus granulosus group	GCA_000524195.1	full
UP000024404	Onchocerca volvulus	6282	12223	C:98.2%[S:84.0%,D:14.2%],F:0.5%,M:1.3%,n:3131	Unknown	Mitochondrion MT; Unassembled WGS sequence	cellular organisms, Eukaryota, Opisthokonta, Metazoa, Eumetazoa, Bilateria, Protostomia, Ecdysozoa, Nematoda, Chromadorea, Rhabditida, Spirurina, Spiruromorpha, Filarioidea, Onchocercidae, Onchocerca	GCA_000499405.2	full
UP000025227	Haemonchus contortus (Barber pole worm)	6289	20964	C:96.2%[S:85.1%,D:11.1%],F:0.5%,M:3.3%,n:3131	Unknown	Chromosome 1; Chromosome 2; Chromosome 3; Chromosome 4; Chromosome 5; Chromosome x; Mitochondrion; Unplaced	cellular organisms, Eukaryota, Opisthokonta, Metazoa, Eumetazoa, Bilateria, Protostomia, Ecdysozoa, Nematoda, Chromadorea, Rhabditida, Rhabditina, Rhabditomorpha, Strongyloidea, Trichostrongylidae, Haemonchus	GCA_000469685.2	full
UP000027135	Zootermopsis nevadensis (Dampwood termite)	136037	14539	C:94.0%[S:93.1%,D:0.9%],F:1.6%,M:4.4%,n:1367	Unknown	Unassembled WGS sequence	cellular organisms, Eukaryota, Opisthokonta, Metazoa, Eumetazoa, Bilateria, Protostomia, Ecdysozoa, Panarthropoda, Arthropoda, Mandibulata, Pancrustacea, Hexapoda, Insecta, Dicondylia, Pterygota, Neoptera, Polyneoptera, Dictyoptera, Blattodea, Blattoidea, Termitoidae, Termopsidae, Termopsinae, Termopsini, Zootermopsis	GCA_000696155.1	full
UP000028760	Poecilia formosa (Amazon molly) (Limia formosa)	48698	30440	C:93.5%[S:73.3%,D:20.2%],F:2.1%,M:4.4%,n:15213	Unknown	Unassembled WGS sequence	cellular organisms, Eukaryota, Opisthokonta, Metazoa, Eumetazoa, Bilateria, Deuterostomia, Chordata, Craniata, Vertebrata, Gnathostomata, Teleostomi, Euteleostomi, Actinopterygii, Actinopteri, Neopterygii, Teleostei, Osteoglossocephalai, Clupeocephala, Euteleosteomorpha, Neoteleostei, Eurypterygia, Ctenosquamata, Acanthomorphata, Euacanthomorphacea, Percomorphaceae, Ovalentaria, Atherinomorphae, Cyprinodontiformes, Cyprinodontoidei, Poeciliidae, Poeciliinae, Poecilia	GCA_000485575.1	full
UP000028990	Fukomys damarensis (Damaraland mole rat) (Cryptomys damarensis)	885580	20405	C:76.8%[S:76.3%,D:0.5%],F:4.7%,M:18.5%,n:13798	Unknown	Unassembled WGS sequence	cellular organisms, Eukaryota, Opisthokonta, Metazoa, Eumetazoa, Bilateria, Deuterostomia, Chordata, Craniata, Vertebrata, Gnathostomata, Teleostomi, Euteleostomi, Sarcopterygii, Dipnotetrapodomorpha, Tetrapoda, Amniota, Mammalia, Theria, Eutheria, Boreoeutheria, Euarchontoglires, Glires, Rodentia, Hystricomorpha, Bathyergidae, Fukomys	GCA_000743615.1	full
UP000030665	Trichuris trichiura (Whipworm) (Trichocephalus trichiurus)	36087	9624	C:56.2%[S:54.7%,D:1.5%],F:3.0%,M:40.8%,n:3131	Unknown	Unassembled WGS sequence	cellular organisms, Eukaryota, Opisthokonta, Metazoa, Eumetazoa, Bilateria, Protostomia, Ecdysozoa, Nematoda, Enoplea, Dorylaimia, Trichinellida, Trichuridae, Trichuris	GCA_000613005.1	full
UP000030746	Lottia gigantea (Giant owl limpet)	225164	23675	C:88.4%[S:87.6%,D:0.7%],F:7.6%,M:4.1%,n:5295	Unknown	Unassembled WGS sequence	cellular organisms, Eukaryota, Opisthokonta, Metazoa, Eumetazoa, Bilateria, Protostomia, Spiralia, Lophotrochozoa, Mollusca, Gastropoda, Patellogastropoda, Lottioidea, Lottiidae, Lottia	GCA_000327385.1	full
UP000030764	Trichuris suis (pig whipworm)	68888	14189	C:53.8%[S:52.5%,D:1.3%],F:1.5%,M:44.7%,n:3131	Unknown	Unassembled WGS sequence	cellular organisms, Eukaryota, Opisthokonta, Metazoa, Eumetazoa, Bilateria, Protostomia, Ecdysozoa, Nematoda, Enoplea, Dorylaimia, Trichinellida, Trichuridae, Trichuris	GCA_000701005.1	full
UP000030765	Anopheles sinensis (Mosquito)	74873	19343	C:87.3%[S:86.8%,D:0.6%],F:3.0%,M:9.6%,n:3285	Unknown	Unassembled WGS sequence	cellular organisms, Eukaryota, Opisthokonta, Metazoa, Eumetazoa, Bilateria, Protostomia, Ecdysozoa, Panarthropoda, Arthropoda, Mandibulata, Pancrustacea, Hexapoda, Insecta, Dicondylia, Pterygota, Neoptera, Endopterygota, Diptera, Nematocera, Culicomorpha, Culicoidea, Culicidae, Anophelinae, Anopheles, Anopheles, Laticorn, Myzorhynchus, hyrcanus group	GCA_000441895.2	full
UP000031036	Toxocara canis (Canine roundworm)	6265	18499	C:87.7%[S:85.2%,D:2.5%],F:3.6%,M:8.7%,n:3131	Unknown	Unassembled WGS sequence	cellular organisms, Eukaryota, Opisthokonta, Metazoa, Eumetazoa, Bilateria, Protostomia, Ecdysozoa, Nematoda, Chromadorea, Rhabditida, Spirurina, Ascaridomorpha, Ascaridoidea, Toxocaridae, Toxocara	GCA_000803305.1	full
UP000031443	Chelonia mydas (Green sea-turtle) (Chelonia agassizi)	8469	18960	C:69.6%[S:68.9%,D:0.7%],F:8.6%,M:21.8%,n:7480	Unknown	Unassembled WGS sequence	cellular organisms, Eukaryota, Opisthokonta, Metazoa, Eumetazoa, Bilateria, Deuterostomia, Chordata, Craniata, Vertebrata, Gnathostomata, Teleostomi, Euteleostomi, Sarcopterygii, Dipnotetrapodomorpha, Tetrapoda, Amniota, Sauropsida, Sauria, Archelosauria, Testudinata, Testudines, Cryptodira, Durocryptodira, Americhelydia, Chelonioidea, Cheloniidae, Chelonia	GCA_000344595.1	full
UP000031515	Chaetura pelagica (Chimney swift) (Hirundo pelagica)	8897	3162	C:14.8%[S:14.6%,D:0.1%],F:1.1%,M:84.2%,n:8338	Unknown	Unassembled WGS sequence	cellular organisms, Eukaryota, Opisthokonta, Metazoa, Eumetazoa, Bilateria, Deuterostomia, Chordata, Craniata, Vertebrata, Gnathostomata, Teleostomi, Euteleostomi, Sarcopterygii, Dipnotetrapodomorpha, Tetrapoda, Amniota, Sauropsida, Sauria, Archelosauria, Archosauria, Dinosauria, Saurischia, Theropoda, Coelurosauria, Aves, Neognathae, Neoaves, Strisores, Apodiformes, Apodidae, Apodinae, Chaetura	GCA_000747805.2	full
UP000035642	Angiostrongylus cantonensis (Rat lungworm)	6313	14504	C:68.2%[S:67.5%,D:0.7%],F:10.2%,M:21.6%,n:3131	Unknown	Unassembled WGS sequence	cellular organisms, Eukaryota, Opisthokonta, Metazoa, Eumetazoa, Bilateria, Protostomia, Ecdysozoa, Nematoda, Chromadorea, Rhabditida, Rhabditina, Rhabditomorpha, Strongyloidea, Metastrongylidae, Angiostrongylus	GCA_000950995.1	full
UP000035680	Strongyloides venezuelensis (Threadworm)	75913	16624	C:68.9%[S:65.5%,D:3.4%],F:1.0%,M:30.2%,n:3131	Unknown	Unassembled WGS sequence	cellular organisms, Eukaryota, Opisthokonta, Metazoa, Eumetazoa, Bilateria, Protostomia, Ecdysozoa, Nematoda, Chromadorea, Rhabditida, Tylenchina, Panagrolaimomorpha, Strongyloidoidea, Strongyloididae, Strongyloides	GCA_001028725.1	full
UP000035681	Strongyloides stercoralis (Threadworm)	6248	15552	C:69.9%[S:67.1%,D:2.8%],F:0.8%,M:29.4%,n:3131	Unknown	Chromosome 1; Chromosome 2; Mitochondrion MT; Unplaced	cellular organisms, Eukaryota, Opisthokonta, Metazoa, Eumetazoa, Bilateria, Protostomia, Ecdysozoa, Nematoda, Chromadorea, Rhabditida, Tylenchina, Panagrolaimomorpha, Strongyloidoidea, Strongyloididae, Strongyloides	GCA_029582065.1	full
UP000035682	Strongyloides ratti (Parasitic roundworm)	34506	12456	C:70.7%[S:67.0%,D:3.7%],F:0.9%,M:28.4%,n:3131	Unknown	Chromosome 1; Chromosome 2; Chromosome X; Unplaced	cellular organisms, Eukaryota, Opisthokonta, Metazoa, Eumetazoa, Bilateria, Protostomia, Ecdysozoa, Nematoda, Chromadorea, Rhabditida, Tylenchina, Panagrolaimomorpha, Strongyloidoidea, Strongyloididae, Strongyloides	GCA_001040885.1	full
UP000038045	Parastrongyloides trichosuri (Possum-specific nematode worm)	131310	14892	C:70.8%[S:67.4%,D:3.4%],F:1.1%,M:28.0%,n:3131	Unknown	Genome Assembly; Unplaced	cellular organisms, Eukaryota, Opisthokonta, Metazoa, Eumetazoa, Bilateria, Protostomia, Ecdysozoa, Nematoda, Chromadorea, Rhabditida, Tylenchina, Panagrolaimomorpha, Strongyloidoidea, Strongyloididae, Parastrongyloides	GCA_000941615.1	full
UP000046392	Strongyloides papillosus (Intestinal threadworm)	174720	18232	C:70.9%[S:67.2%,D:3.7%],F:1.4%,M:27.7%,n:3131	Unknown	Genome Assembly; Unplaced	cellular organisms, Eukaryota, Opisthokonta, Metazoa, Eumetazoa, Bilateria, Protostomia, Ecdysozoa, Nematoda, Chromadorea, Rhabditida, Tylenchina, Panagrolaimomorpha, Strongyloidoidea, Strongyloididae, Strongyloides	GCA_000936265.1	full
UP000046393	Syphacia muris	451379	11114	C:82.4%[S:81.0%,D:1.5%],F:3.4%,M:14.1%,n:3131	Unknown	Genome Assembly; Unplaced	cellular organisms, Eukaryota, Opisthokonta, Metazoa, Eumetazoa, Bilateria, Protostomia, Ecdysozoa, Nematoda, Chromadorea, Rhabditida, Spirurina, Oxyuridomorpha, Oxyuroidea, Oxyuridae, Syphacia	GCA_000939275.1	full
UP000046395	Trichuris muris (Mouse whipworm)	70415	13960	C:62.1%[S:41.5%,D:20.7%],F:1.9%,M:35.9%,n:3131	Unknown	Unassembled WGS sequence	cellular organisms, Eukaryota, Opisthokonta, Metazoa, Eumetazoa, Bilateria, Protostomia, Ecdysozoa, Nematoda, Enoplea, Dorylaimia, Trichinellida, Trichuridae, Trichuris	GCA_000612645.2	full
UP000050525	Alligator mississippiensis (American alligator)	8496	31974	C:87.2%[S:66.4%,D:20.8%],F:4.3%,M:8.5%,n:7480	Unknown	Unassembled WGS sequence	cellular organisms, Eukaryota, Opisthokonta, Metazoa, Eumetazoa, Bilateria, Deuterostomia, Chordata, Craniata, Vertebrata, Gnathostomata, Teleostomi, Euteleostomi, Sarcopterygii, Dipnotetrapodomorpha, Tetrapoda, Amniota, Sauropsida, Sauria, Archelosauria, Archosauria, Crocodylia, Alligatoridae, Alligatorinae, Alligator	GCA_000281125.4	full
UP000050640	Elaeophora elaphi	1147741	10407	C:88.5%[S:88.0%,D:0.6%],F:3.9%,M:7.5%,n:3131	Unknown	Genome Assembly; Unplaced	cellular organisms, Eukaryota, Opisthokonta, Metazoa, Eumetazoa, Bilateria, Protostomia, Ecdysozoa, Nematoda, Chromadorea, Rhabditida, Spirurina, Spiruromorpha, Filarioidea, Onchocercidae, Elaeophora	GCA_000499685.1	partial
UP000050741	Globodera pallida (Potato cyst nematode worm) (Heterodera pallida)	36090	16295	C:45.5%[S:41.9%,D:3.7%],F:2.7%,M:51.7%,n:3131	Unknown	Unassembled WGS sequence	cellular organisms, Eukaryota, Opisthokonta, Metazoa, Eumetazoa, Bilateria, Protostomia, Ecdysozoa, Nematoda, Chromadorea, Rhabditida, Tylenchina, Tylenchomorpha, Tylenchoidea, Heteroderidae, Heteroderinae, Globodera	GCA_000724045.1	full
UP000050792	Schistosoma rodhaini	6188	19435	C:45.7%[S:45.2%,D:0.5%],F:21.0%,M:33.3%,n:954	Unknown	Chromosome 1; Chromosome 2; Chromosome 3; Chromosome 4; Chromosome 5; Chromosome 6; Chromosome 7; Chromosome Z; Mitochondrion MIT; Unassembled WGS sequence	cellular organisms, Eukaryota, Opisthokonta, Metazoa, Eumetazoa, Bilateria, Protostomia, Spiralia, Lophotrochozoa, Platyhelminthes, Trematoda, Digenea, Strigeidida, Schistosomatoidea, Schistosomatidae, Schistosoma	GCA_944470415.2	full
UP000050794	Toxocara canis (Canine roundworm)	6265	20249	C:78.0%[S:75.4%,D:2.6%],F:6.5%,M:15.5%,n:3131	Unknown	Unassembled WGS sequence	cellular organisms, Eukaryota, Opisthokonta, Metazoa, Eumetazoa, Bilateria, Protostomia, Ecdysozoa, Nematoda, Chromadorea, Rhabditida, Spirurina, Ascaridomorpha, Ascaridoidea, Toxocaridae, Toxocara	GCA_900622545.1	full
UP000050795	Trichobilharzia regenti (Nasal bird schistosome)	157069	20231	C:24.7%[S:24.3%,D:0.4%],F:29.5%,M:45.8%,n:954	Unknown	Chromosome 1; Chromosome 2; Chromosome 3; Chromosome 4; Chromosome 5; Chromosome 6; Chromosome 7; Chromosome Z; Mitochondrion MIT; Unassembled WGS sequence	cellular organisms, Eukaryota, Opisthokonta, Metazoa, Eumetazoa, Bilateria, Protostomia, Spiralia, Lophotrochozoa, Platyhelminthes, Trematoda, Digenea, Strigeidida, Schistosomatoidea, Schistosomatidae, Trichobilharzia	GCA_944472135.2	full
UP000051836	Amazona aestiva (Blue-fronted Amazon parrot)	12930	16092	C:85.9%[S:85.4%,D:0.5%],F:4.4%,M:9.7%,n:8338	Unknown	Unassembled WGS sequence	cellular organisms, Eukaryota, Opisthokonta, Metazoa, Eumetazoa, Bilateria, Deuterostomia, Chordata, Craniata, Vertebrata, Gnathostomata, Teleostomi, Euteleostomi, Sarcopterygii, Dipnotetrapodomorpha, Tetrapoda, Amniota, Sauropsida, Sauria, Archelosauria, Archosauria, Dinosauria, Saurischia, Theropoda, Coelurosauria, Aves, Neognathae, Neoaves, Telluraves, Australaves, Psittaciformes, Psittacidae, Amazona	GCA_001420675.1	full
UP000052967	Merops nubicus (Northern carmine bee-eater)	57421	7657	C:68.3%[S:68.0%,D:0.2%],F:8.5%,M:23.2%,n:8338	Unknown	Unassembled WGS sequence	cellular organisms, Eukaryota, Opisthokonta, Metazoa, Eumetazoa, Bilateria, Deuterostomia, Chordata, Craniata, Vertebrata, Gnathostomata, Teleostomi, Euteleostomi, Sarcopterygii, Dipnotetrapodomorpha, Tetrapoda, Amniota, Sauropsida, Sauria, Archelosauria, Archosauria, Dinosauria, Saurischia, Theropoda, Coelurosauria, Aves, Neognathae, Neoaves, Telluraves, Coraciimorphae, Coraciiformes, Meropidae, Merops	GCA_000691845.1	full
UP000052976	Corvus brachyrhynchos (American crow)	85066	13621	C:75.7%[S:75.3%,D:0.3%],F:4.5%,M:19.8%,n:10844	Unknown	Unassembled WGS sequence	cellular organisms, Eukaryota, Opisthokonta, Metazoa, Eumetazoa, Bilateria, Deuterostomia, Chordata, Craniata, Vertebrata, Gnathostomata, Teleostomi, Euteleostomi, Sarcopterygii, Dipnotetrapodomorpha, Tetrapoda, Amniota, Sauropsida, Sauria, Archelosauria, Archosauria, Dinosauria, Saurischia, Theropoda, Coelurosauria, Aves, Neognathae, Neoaves, Telluraves, Australaves, Passeriformes, Corvoidea, Corvidae, Corvus	GCA_000691975.1	full
UP000052978	Myotis brandtii (Brandt's bat)	109478	19243	C:72.8%[S:71.4%,D:1.4%],F:6.8%,M:20.4%,n:12234	Unknown	Unassembled WGS sequence	cellular organisms, Eukaryota, Opisthokonta, Metazoa, Eumetazoa, Bilateria, Deuterostomia, Chordata, Craniata, Vertebrata, Gnathostomata, Teleostomi, Euteleostomi, Sarcopterygii, Dipnotetrapodomorpha, Tetrapoda, Amniota, Mammalia, Theria, Eutheria, Boreoeutheria, Laurasiatheria, Chiroptera, Yangochiroptera, Vespertilionidae, Myotis	GCA_000412655.1	full
UP000053001	Leptosomus discolor (Madagascar cuckoo roller) (Cuculus discolor)	188344	9574	C:74.2%[S:73.9%,D:0.3%],F:6.7%,M:19.1%,n:8338	Unknown	Unassembled WGS sequence	cellular organisms, Eukaryota, Opisthokonta, Metazoa, Eumetazoa, Bilateria, Deuterostomia, Chordata, Craniata, Vertebrata, Gnathostomata, Teleostomi, Euteleostomi, Sarcopterygii, Dipnotetrapodomorpha, Tetrapoda, Amniota, Sauropsida, Sauria, Archelosauria, Archosauria, Dinosauria, Saurischia, Theropoda, Coelurosauria, Aves, Neognathae, Neoaves, Telluraves, Coraciimorphae, Coraciiformes, Leptosomidae, Leptosomus	GCA_000691785.1	full
UP000053097	Ooceraea biroi (Clonal raider ant) (Cerapachys biroi)	2015173	16497	C:94.1%[S:93.5%,D:0.6%],F:3.1%,M:2.8%,n:5991	Unknown	Unassembled WGS sequence	cellular organisms, Eukaryota, Opisthokonta, Metazoa, Eumetazoa, Bilateria, Protostomia, Ecdysozoa, Panarthropoda, Arthropoda, Mandibulata, Pancrustacea, Hexapoda, Insecta, Dicondylia, Pterygota, Neoptera, Endopterygota, Hymenoptera, Apocrita, Aculeata, Formicoidea, Formicidae, Dorylinae, Ooceraea	GCA_000611835.1	full
UP000053105	Melipona quadrifasciata	166423	14253	C:87.1%[S:86.9%,D:0.2%],F:4.4%,M:8.4%,n:5991	Unknown	Unassembled WGS sequence	cellular organisms, Eukaryota, Opisthokonta, Metazoa, Eumetazoa, Bilateria, Protostomia, Ecdysozoa, Panarthropoda, Arthropoda, Mandibulata, Pancrustacea, Hexapoda, Insecta, Dicondylia, Pterygota, Neoptera, Endopterygota, Hymenoptera, Apocrita, Aculeata, Apoidea, Anthophila, Apidae, Apinae, Meliponini, Melipona	GCA_001276565.1	full
UP000053119	Egretta garzetta (Little egret)	188379	13489	C:78.4%[S:78.1%,D:0.3%],F:3.4%,M:18.2%,n:8338	Unknown	Unassembled WGS sequence	cellular organisms, Eukaryota, Opisthokonta, Metazoa, Eumetazoa, Bilateria, Deuterostomia, Chordata, Craniata, Vertebrata, Gnathostomata, Teleostomi, Euteleostomi, Sarcopterygii, Dipnotetrapodomorpha, Tetrapoda, Amniota, Sauropsida, Sauria, Archelosauria, Archosauria, Dinosauria, Saurischia, Theropoda, Coelurosauria, Aves, Neognathae, Neoaves, Aequornithes, Pelecaniformes, Ardeidae, Egretta	GCA_000687185.1	full
UP000053238	Phalacrocorax carbo (Great cormorant) (Pelecanus carbo)	9209	8990	C:67.9%[S:67.8%,D:0.2%],F:7.6%,M:24.5%,n:8338	Unknown	Unassembled WGS sequence	cellular organisms, Eukaryota, Opisthokonta, Metazoa, Eumetazoa, Bilateria, Deuterostomia, Chordata, Craniata, Vertebrata, Gnathostomata, Teleostomi, Euteleostomi, Sarcopterygii, Dipnotetrapodomorpha, Tetrapoda, Amniota, Sauropsida, Sauria, Archelosauria, Archosauria, Dinosauria, Saurischia, Theropoda, Coelurosauria, Aves, Neognathae, Neoaves, Aequornithes, Suliformes, Phalacrocoracidae, Phalacrocorax	GCA_000708925.1	full
UP000053240	Papilio machaon (Old World swallowtail butterfly)	76193	15461	C:94.9%[S:93.8%,D:1.1%],F:2.8%,M:2.3%,n:5286	Unknown	Unassembled WGS sequence	cellular organisms, Eukaryota, Opisthokonta, Metazoa, Eumetazoa, Bilateria, Protostomia, Ecdysozoa, Panarthropoda, Arthropoda, Mandibulata, Pancrustacea, Hexapoda, Insecta, Dicondylia, Pterygota, Neoptera, Endopterygota, Amphiesmenoptera, Lepidoptera, Glossata, Neolepidoptera, Heteroneura, Ditrysia, Obtectomera, Papilionoidea, Papilionidae, Papilioninae, Papilionini, Papilio	GCA_001298355.1	full
UP000053258	Manacus vitellinus (golden-collared manakin)	328815	12707	C:71.2%[S:70.9%,D:0.3%],F:4.7%,M:24.0%,n:10844	Unknown	Unassembled WGS sequence	cellular organisms, Eukaryota, Opisthokonta, Metazoa, Eumetazoa, Bilateria, Deuterostomia, Chordata, Craniata, Vertebrata, Gnathostomata, Teleostomi, Euteleostomi, Sarcopterygii, Dipnotetrapodomorpha, Tetrapoda, Amniota, Sauropsida, Sauria, Archelosauria, Archosauria, Dinosauria, Saurischia, Theropoda, Coelurosauria, Aves, Neognathae, Neoaves, Telluraves, Australaves, Passeriformes, Pipridae, Manacus	GCA_000692015.2	full
UP000053268	Papilio xuthus (Asian swallowtail butterfly)	66420	15265	C:95.9%[S:94.5%,D:1.3%],F:2.2%,M:2.0%,n:5286	Unknown	Unassembled WGS sequence	cellular organisms, Eukaryota, Opisthokonta, Metazoa, Eumetazoa, Bilateria, Protostomia, Ecdysozoa, Panarthropoda, Arthropoda, Mandibulata, Pancrustacea, Hexapoda, Insecta, Dicondylia, Pterygota, Neoptera, Endopterygota, Amphiesmenoptera, Lepidoptera, Glossata, Neolepidoptera, Heteroneura, Ditrysia, Obtectomera, Papilionoidea, Papilionidae, Papilioninae, Papilionini, Papilio	GCA_001298345.1	full
UP000053283	Nipponia nippon (Crested ibis) (Ibis nippon)	128390	14132	C:81.7%[S:81.3%,D:0.4%],F:3.7%,M:14.5%,n:8338	Unknown	Unassembled WGS sequence	cellular organisms, Eukaryota, Opisthokonta, Metazoa, Eumetazoa, Bilateria, Deuterostomia, Chordata, Craniata, Vertebrata, Gnathostomata, Teleostomi, Euteleostomi, Sarcopterygii, Dipnotetrapodomorpha, Tetrapoda, Amniota, Sauropsida, Sauria, Archelosauria, Archosauria, Dinosauria, Saurischia, Theropoda, Coelurosauria, Aves, Neognathae, Neoaves, Aequornithes, Pelecaniformes, Threskiornithidae, Nipponia	GCA_000708225.1	full
UP000053286	Aptenodytes forsteri (Emperor penguin)	9233	13704	C:83.5%[S:83.2%,D:0.3%],F:3.6%,M:12.9%,n:8338	Unknown	Unassembled WGS sequence	cellular organisms, Eukaryota, Opisthokonta, Metazoa, Eumetazoa, Bilateria, Deuterostomia, Chordata, Craniata, Vertebrata, Gnathostomata, Teleostomi, Euteleostomi, Sarcopterygii, Dipnotetrapodomorpha, Tetrapoda, Amniota, Sauropsida, Sauria, Archelosauria, Archosauria, Dinosauria, Saurischia, Theropoda, Coelurosauria, Aves, Neognathae, Neoaves, Aequornithes, Sphenisciformes, Spheniscidae, Aptenodytes	GCA_000699145.1	full
UP000053309	Balearica regulorum gibbericeps (East African grey crowned-crane)	100784	8821	C:74.5%[S:74.4%,D:0.1%],F:6.4%,M:19.1%,n:8338	Unknown	Unassembled WGS sequence	cellular organisms, Eukaryota, Opisthokonta, Metazoa, Eumetazoa, Bilateria, Deuterostomia, Chordata, Craniata, Vertebrata, Gnathostomata, Teleostomi, Euteleostomi, Sarcopterygii, Dipnotetrapodomorpha, Tetrapoda, Amniota, Sauropsida, Sauria, Archelosauria, Archosauria, Dinosauria, Saurischia, Theropoda, Coelurosauria, Aves, Neognathae, Neoaves, Gruiformes, Gruidae, Balearica, Balearica regulorum	GCA_000709895.1	full
UP000053330	Chlamydotis macqueenii (Macqueen's bustard)	187382	8277	C:70.0%[S:69.9%,D:0.2%],F:7.2%,M:22.7%,n:8338	Unknown	Unassembled WGS sequence	cellular organisms, Eukaryota, Opisthokonta, Metazoa, Eumetazoa, Bilateria, Deuterostomia, Chordata, Craniata, Vertebrata, Gnathostomata, Teleostomi, Euteleostomi, Sarcopterygii, Dipnotetrapodomorpha, Tetrapoda, Amniota, Sauropsida, Sauria, Archelosauria, Archosauria, Dinosauria, Saurischia, Theropoda, Coelurosauria, Aves, Neognathae, Neoaves, Otidimorphae, Otidiformes, Otididae, Chlamydotis	GCA_000695195.1	full
UP000053369	Mesitornis unicolor (brown roatelo)	54374	9395	C:70.9%[S:70.7%,D:0.3%],F:7.8%,M:21.3%,n:8338	Unknown	Unassembled WGS sequence	cellular organisms, Eukaryota, Opisthokonta, Metazoa, Eumetazoa, Bilateria, Deuterostomia, Chordata, Craniata, Vertebrata, Gnathostomata, Teleostomi, Euteleostomi, Sarcopterygii, Dipnotetrapodomorpha, Tetrapoda, Amniota, Sauropsida, Sauria, Archelosauria, Archosauria, Dinosauria, Saurischia, Theropoda, Coelurosauria, Aves, Neognathae, Neoaves, Columbimorphae, Mesitornithiformes, Mesitornithidae, Mesitornis	GCA_000695765.1	full
UP000053537	Acanthisitta chloris (rifleman)	57068	9650	C:61.5%[S:61.3%,D:0.2%],F:8.4%,M:30.1%,n:10844	Unknown	Unassembled WGS sequence	cellular organisms, Eukaryota, Opisthokonta, Metazoa, Eumetazoa, Bilateria, Deuterostomia, Chordata, Craniata, Vertebrata, Gnathostomata, Teleostomi, Euteleostomi, Sarcopterygii, Dipnotetrapodomorpha, Tetrapoda, Amniota, Sauropsida, Sauria, Archelosauria, Archosauria, Dinosauria, Saurischia, Theropoda, Coelurosauria, Aves, Neognathae, Neoaves, Telluraves, Australaves, Passeriformes, Acanthisittidae, Acanthisitta	GCA_000695815.1	full
UP000053584	Struthio camelus australis	441894	13815	C:78.5%[S:78.0%,D:0.5%],F:3.3%,M:18.2%,n:8338	Unknown	Unassembled WGS sequence	cellular organisms, Eukaryota, Opisthokonta, Metazoa, Eumetazoa, Bilateria, Deuterostomia, Chordata, Craniata, Vertebrata, Gnathostomata, Teleostomi, Euteleostomi, Sarcopterygii, Dipnotetrapodomorpha, Tetrapoda, Amniota, Sauropsida, Sauria, Archelosauria, Archosauria, Dinosauria, Saurischia, Theropoda, Coelurosauria, Aves, Palaeognathae, Struthioniformes, Struthionidae, Struthio, Struthio camelus	GCA_000698965.1	full
UP000053605	Opisthocomus hoazin (Hoatzin) (Phasianus hoazin)	30419	12773	C:77.8%[S:77.5%,D:0.3%],F:3.9%,M:18.3%,n:8338	Unknown	Unassembled WGS sequence	cellular organisms, Eukaryota, Opisthokonta, Metazoa, Eumetazoa, Bilateria, Deuterostomia, Chordata, Craniata, Vertebrata, Gnathostomata, Teleostomi, Euteleostomi, Sarcopterygii, Dipnotetrapodomorpha, Tetrapoda, Amniota, Sauropsida, Sauria, Archelosauria, Archosauria, Dinosauria, Saurischia, Theropoda, Coelurosauria, Aves, Neognathae, Neoaves, Opisthocomiformes, Opisthocomidae, Opisthocomus	GCA_000692075.1	full
UP000053615	Colius striatus (Speckled mousebird)	57412	7080	C:64.2%[S:64.0%,D:0.2%],F:8.6%,M:27.2%,n:8338	Unknown	Unassembled WGS sequence	cellular organisms, Eukaryota, Opisthokonta, Metazoa, Eumetazoa, Bilateria, Deuterostomia, Chordata, Craniata, Vertebrata, Gnathostomata, Teleostomi, Euteleostomi, Sarcopterygii, Dipnotetrapodomorpha, Tetrapoda, Amniota, Sauropsida, Sauria, Archelosauria, Archosauria, Dinosauria, Saurischia, Theropoda, Coelurosauria, Aves, Neognathae, Neoaves, Telluraves, Coraciimorphae, Coliiformes, Coliidae, Colius	GCA_000690715.1	full
UP000053620	Antrostomus carolinensis (Chuck-will's-widow) (Caprimulgus carolinensis)	279965	8957	C:51.9%[S:51.7%,D:0.2%],F:5.7%,M:42.4%,n:8338	Unknown	Unassembled WGS sequence	cellular organisms, Eukaryota, Opisthokonta, Metazoa, Eumetazoa, Bilateria, Deuterostomia, Chordata, Craniata, Vertebrata, Gnathostomata, Teleostomi, Euteleostomi, Sarcopterygii, Dipnotetrapodomorpha, Tetrapoda, Amniota, Sauropsida, Sauria, Archelosauria, Archosauria, Dinosauria, Saurischia, Theropoda, Coelurosauria, Aves, Neognathae, Neoaves, Strisores, Caprimulgiformes, Caprimulgidae, Antrostomus	GCA_000700745.2	full
UP000053638	Phaethon lepturus (White-tailed tropicbird)	97097	9152	C:73.6%[S:73.2%,D:0.3%],F:6.9%,M:19.5%,n:8338	Unknown	Unassembled WGS sequence	cellular organisms, Eukaryota, Opisthokonta, Metazoa, Eumetazoa, Bilateria, Deuterostomia, Chordata, Craniata, Vertebrata, Gnathostomata, Teleostomi, Euteleostomi, Sarcopterygii, Dipnotetrapodomorpha, Tetrapoda, Amniota, Sauropsida, Sauria, Archelosauria, Archosauria, Dinosauria, Saurischia, Theropoda, Coelurosauria, Aves, Neognathae, Neoaves, Phaethontimorphae, Phaethontiformes, Phaethontidae, Phaethon	GCA_000687285.1	full
UP000053641	Tinamus guttatus (White-throated tinamou)	94827	13377	C:74.7%[S:74.0%,D:0.6%],F:5.7%,M:19.6%,n:8338	Unknown	Unassembled WGS sequence	cellular organisms, Eukaryota, Opisthokonta, Metazoa, Eumetazoa, Bilateria, Deuterostomia, Chordata, Craniata, Vertebrata, Gnathostomata, Teleostomi, Euteleostomi, Sarcopterygii, Dipnotetrapodomorpha, Tetrapoda, Amniota, Sauropsida, Sauria, Archelosauria, Archosauria, Dinosauria, Saurischia, Theropoda, Coelurosauria, Aves, Palaeognathae, Tinamiformes, Tinamidae, Tinamus	GCA_000705375.2	full
UP000053660	Oesophagostomum dentatum (Nodular worm)	61180	25133	C:47.5%[S:42.7%,D:4.8%],F:15.6%,M:37.0%,n:3131	Unknown	Unassembled WGS sequence	cellular organisms, Eukaryota, Opisthokonta, Metazoa, Eumetazoa, Bilateria, Protostomia, Ecdysozoa, Nematoda, Chromadorea, Rhabditida, Rhabditina, Rhabditomorpha, Strongyloidea, Strongylidae, Oesophagostomum	GCA_000797555.1	full
UP000053661	Tauraco erythrolophus (Red-crested turaco)	121530	10099	C:71.4%[S:71.1%,D:0.3%],F:6.2%,M:22.4%,n:8338	Unknown	Unassembled WGS sequence	cellular organisms, Eukaryota, Opisthokonta, Metazoa, Eumetazoa, Bilateria, Deuterostomia, Chordata, Craniata, Vertebrata, Gnathostomata, Teleostomi, Euteleostomi, Sarcopterygii, Dipnotetrapodomorpha, Tetrapoda, Amniota, Sauropsida, Sauria, Archelosauria, Archosauria, Dinosauria, Saurischia, Theropoda, Coelurosauria, Aves, Neognathae, Neoaves, Otidimorphae, Musophagiformes, Musophagidae, Tauraco	GCA_000709365.1	full
UP000053676	Necator americanus (Human hookworm)	51031	19125	C:84.0%[S:83.6%,D:0.4%],F:12.4%,M:3.7%,n:3131	Unknown	Unassembled WGS sequence	cellular organisms, Eukaryota, Opisthokonta, Metazoa, Eumetazoa, Bilateria, Protostomia, Ecdysozoa, Nematoda, Chromadorea, Rhabditida, Rhabditina, Rhabditomorpha, Strongyloidea, Ancylostomatidae, Bunostominae, Necator	GCA_000507365.1	full
UP000053700	Phoenicopterus ruber ruber	9218	8220	C:69.1%[S:68.9%,D:0.2%],F:8.8%,M:22.1%,n:8338	Unknown	Unassembled WGS sequence	cellular organisms, Eukaryota, Opisthokonta, Metazoa, Eumetazoa, Bilateria, Deuterostomia, Chordata, Craniata, Vertebrata, Gnathostomata, Teleostomi, Euteleostomi, Sarcopterygii, Dipnotetrapodomorpha, Tetrapoda, Amniota, Sauropsida, Sauria, Archelosauria, Archosauria, Dinosauria, Saurischia, Theropoda, Coelurosauria, Aves, Neognathae, Neoaves, Mirandornithes, Phoenicopteriformes, Phoenicopteridae, Phoenicopterus, Phoenicopterus ruber	GCA_000687265.1	full
UP000053745	Cathartes aura (Turkey vulture) (Vultur aura)	43455	7760	C:58.2%[S:58.0%,D:0.2%],F:11.2%,M:30.7%,n:8338	Unknown	Unassembled WGS sequence	cellular organisms, Eukaryota, Opisthokonta, Metazoa, Eumetazoa, Bilateria, Deuterostomia, Chordata, Craniata, Vertebrata, Gnathostomata, Teleostomi, Euteleostomi, Sarcopterygii, Dipnotetrapodomorpha, Tetrapoda, Amniota, Sauropsida, Sauria, Archelosauria, Archosauria, Dinosauria, Saurischia, Theropoda, Coelurosauria, Aves, Neognathae, Neoaves, Telluraves, Accipitrimorphae, Accipitriformes, Cathartidae, Cathartes	GCA_000699945.1	full
UP000053760	Cuculus canorus (Common cuckoo)	55661	13582	C:82.2%[S:81.9%,D:0.3%],F:3.6%,M:14.2%,n:8338	Unknown	Unassembled WGS sequence	cellular organisms, Eukaryota, Opisthokonta, Metazoa, Eumetazoa, Bilateria, Deuterostomia, Chordata, Craniata, Vertebrata, Gnathostomata, Teleostomi, Euteleostomi, Sarcopterygii, Dipnotetrapodomorpha, Tetrapoda, Amniota, Sauropsida, Sauria, Archelosauria, Archosauria, Dinosauria, Saurischia, Theropoda, Coelurosauria, Aves, Neognathae, Neoaves, Otidimorphae, Cuculiformes, Cuculidae, Cuculus	GCA_000709325.1	full
UP000053766	Dictyocaulus viviparus (Bovine lungworm)	29172	14161	C:75.1%[S:74.4%,D:0.7%],F:7.1%,M:17.8%,n:3131	Unknown	Unassembled WGS sequence	cellular organisms, Eukaryota, Opisthokonta, Metazoa, Eumetazoa, Bilateria, Protostomia, Ecdysozoa, Nematoda, Chromadorea, Rhabditida, Rhabditina, Rhabditomorpha, Strongyloidea, Metastrongylidae, Dictyocaulus	GCA_000816705.1	full
UP000053806	Fulmarus glacialis (Northern fulmar)	30455	8115	C:71.9%[S:71.7%,D:0.2%],F:6.9%,M:21.2%,n:8338	Unknown	Unassembled WGS sequence	cellular organisms, Eukaryota, Opisthokonta, Metazoa, Eumetazoa, Bilateria, Deuterostomia, Chordata, Craniata, Vertebrata, Gnathostomata, Teleostomi, Euteleostomi, Sarcopterygii, Dipnotetrapodomorpha, Tetrapoda, Amniota, Sauropsida, Sauria, Archelosauria, Archosauria, Dinosauria, Saurischia, Theropoda, Coelurosauria, Aves, Neognathae, Neoaves, Aequornithes, Procellariiformes, Procellariidae, Fulmarus	GCA_000690835.1	full
UP000053825	Habropoda laboriosa	597456	12781	C:89.9%[S:89.7%,D:0.2%],F:4.1%,M:6.0%,n:5991	Unknown	Unassembled WGS sequence	cellular organisms, Eukaryota, Opisthokonta, Metazoa, Eumetazoa, Bilateria, Protostomia, Ecdysozoa, Panarthropoda, Arthropoda, Mandibulata, Pancrustacea, Hexapoda, Insecta, Dicondylia, Pterygota, Neoptera, Endopterygota, Hymenoptera, Apocrita, Aculeata, Apoidea, Anthophila, Apidae, Apinae, Anthophorini, Habropoda	GCA_001263275.1	full
UP000053840	Nestor notabilis (Kea)	176057	9137	C:74.3%[S:74.0%,D:0.3%],F:6.3%,M:19.4%,n:8338	Unknown	Unassembled WGS sequence	cellular organisms, Eukaryota, Opisthokonta, Metazoa, Eumetazoa, Bilateria, Deuterostomia, Chordata, Craniata, Vertebrata, Gnathostomata, Teleostomi, Euteleostomi, Sarcopterygii, Dipnotetrapodomorpha, Tetrapoda, Amniota, Sauropsida, Sauria, Archelosauria, Archosauria, Dinosauria, Saurischia, Theropoda, Coelurosauria, Aves, Neognathae, Neoaves, Telluraves, Australaves, Psittaciformes, Psittacidae, Nestor	GCA_000696875.1	full
UP000053854	Podiceps cristatus (Great crested grebe)	345573	7899	C:64.9%[S:64.7%,D:0.1%],F:9.8%,M:25.3%,n:8338	Unknown	Unassembled WGS sequence	cellular organisms, Eukaryota, Opisthokonta, Metazoa, Eumetazoa, Bilateria, Deuterostomia, Chordata, Craniata, Vertebrata, Gnathostomata, Teleostomi, Euteleostomi, Sarcopterygii, Dipnotetrapodomorpha, Tetrapoda, Amniota, Sauropsida, Sauria, Archelosauria, Archosauria, Dinosauria, Saurischia, Theropoda, Coelurosauria, Aves, Neognathae, Neoaves, Mirandornithes, Podicipediformes, Podicipedidae, Podiceps	GCA_000699545.1	full
UP000053858	Charadrius vociferus (Killdeer) (Aegialitis vocifera)	50402	14257	C:82.1%[S:81.8%,D:0.3%],F:3.7%,M:14.2%,n:8338	Unknown	Unassembled WGS sequence	cellular organisms, Eukaryota, Opisthokonta, Metazoa, Eumetazoa, Bilateria, Deuterostomia, Chordata, Craniata, Vertebrata, Gnathostomata, Teleostomi, Euteleostomi, Sarcopterygii, Dipnotetrapodomorpha, Tetrapoda, Amniota, Sauropsida, Sauria, Archelosauria, Archosauria, Dinosauria, Saurischia, Theropoda, Coelurosauria, Aves, Neognathae, Neoaves, Charadriiformes, Charadriidae, Charadrius	GCA_000708025.2	full
UP000053872	Columba livia (Rock dove)	8932	17309	C:93.3%[S:80.7%,D:12.6%],F:3.4%,M:3.3%,n:8338	Unknown	Unassembled WGS sequence	cellular organisms, Eukaryota, Opisthokonta, Metazoa, Eumetazoa, Bilateria, Deuterostomia, Chordata, Craniata, Vertebrata, Gnathostomata, Teleostomi, Euteleostomi, Sarcopterygii, Dipnotetrapodomorpha, Tetrapoda, Amniota, Sauropsida, Sauria, Archelosauria, Archosauria, Dinosauria, Saurischia, Theropoda, Coelurosauria, Aves, Neognathae, Neoaves, Columbimorphae, Columbiformes, Columbidae, Columba	GCA_000337935.2	full
UP000053875	Dryobates pubescens (Downy woodpecker) (Picoides pubescens)	118200	13097	C:79.0%[S:78.6%,D:0.4%],F:3.9%,M:17.1%,n:8338	Unknown	Unassembled WGS sequence	cellular organisms, Eukaryota, Opisthokonta, Metazoa, Eumetazoa, Bilateria, Deuterostomia, Chordata, Craniata, Vertebrata, Gnathostomata, Teleostomi, Euteleostomi, Sarcopterygii, Dipnotetrapodomorpha, Tetrapoda, Amniota, Sauropsida, Sauria, Archelosauria, Archosauria, Dinosauria, Saurischia, Theropoda, Coelurosauria, Aves, Neognathae, Neoaves, Telluraves, Coraciimorphae, Piciformes, Picidae, Dryobates	GCA_000699005.1	full
UP000054047	Ancylostoma duodenale	51022	27403	C:51.1%[S:47.9%,D:3.2%],F:14.9%,M:34.0%,n:3131	Unknown	Unassembled WGS sequence	cellular organisms, Eukaryota, Opisthokonta, Metazoa, Eumetazoa, Bilateria, Protostomia, Ecdysozoa, Nematoda, Chromadorea, Rhabditida, Rhabditina, Rhabditomorpha, Strongyloidea, Ancylostomatidae, Ancylostomatinae, Ancylostoma	GCA_000816745.1	full
UP000054064	Buceros rhinoceros silvestris	175836	10603	C:72.8%[S:72.5%,D:0.2%],F:6.6%,M:20.7%,n:8338	Unknown	Unassembled WGS sequence	cellular organisms, Eukaryota, Opisthokonta, Metazoa, Eumetazoa, Bilateria, Deuterostomia, Chordata, Craniata, Vertebrata, Gnathostomata, Teleostomi, Euteleostomi, Sarcopterygii, Dipnotetrapodomorpha, Tetrapoda, Amniota, Sauropsida, Sauria, Archelosauria, Archosauria, Dinosauria, Saurischia, Theropoda, Coelurosauria, Aves, Neognathae, Neoaves, Telluraves, Coraciimorphae, Bucerotiformes, Bucerotidae, Buceros, Buceros rhinoceros	GCA_000710305.1	full
UP000054081	Pygoscelis adeliae (Adelie penguin)	9238	12848	C:81.4%[S:81.2%,D:0.2%],F:3.8%,M:14.8%,n:8338	Unknown	Unassembled WGS sequence	cellular organisms, Eukaryota, Opisthokonta, Metazoa, Eumetazoa, Bilateria, Deuterostomia, Chordata, Craniata, Vertebrata, Gnathostomata, Teleostomi, Euteleostomi, Sarcopterygii, Dipnotetrapodomorpha, Tetrapoda, Amniota, Sauropsida, Sauria, Archelosauria, Archosauria, Dinosauria, Saurischia, Theropoda, Coelurosauria, Aves, Neognathae, Neoaves, Aequornithes, Sphenisciformes, Spheniscidae, Pygoscelis	GCA_000699105.1	full
UP000054116	Cariama cristata (Red-legged seriema)	54380	8694	C:72.2%[S:72.0%,D:0.2%],F:6.9%,M:21.0%,n:8338	Unknown	Unassembled WGS sequence	cellular organisms, Eukaryota, Opisthokonta, Metazoa, Eumetazoa, Bilateria, Deuterostomia, Chordata, Craniata, Vertebrata, Gnathostomata, Teleostomi, Euteleostomi, Sarcopterygii, Dipnotetrapodomorpha, Tetrapoda, Amniota, Sauropsida, Sauria, Archelosauria, Archosauria, Dinosauria, Saurischia, Theropoda, Coelurosauria, Aves, Neognathae, Neoaves, Telluraves, Australaves, Cariamiformes, Cariamidae, Cariama	GCA_000690535.1	full
UP000054150	Pelecanus crispus (Dalmatian pelican)	36300	8686	C:72.2%[S:72.0%,D:0.2%],F:7.7%,M:20.1%,n:8338	Unknown	Unassembled WGS sequence	cellular organisms, Eukaryota, Opisthokonta, Metazoa, Eumetazoa, Bilateria, Deuterostomia, Chordata, Craniata, Vertebrata, Gnathostomata, Teleostomi, Euteleostomi, Sarcopterygii, Dipnotetrapodomorpha, Tetrapoda, Amniota, Sauropsida, Sauria, Archelosauria, Archosauria, Dinosauria, Saurischia, Theropoda, Coelurosauria, Aves, Neognathae, Neoaves, Aequornithes, Pelecaniformes, Pelecanidae, Pelecanus	GCA_000687375.1	full
UP000054190	Tyto alba (Barn owl)	56313	9263	C:67.0%[S:66.8%,D:0.2%],F:6.8%,M:26.2%,n:8338	Unknown	Unassembled WGS sequence	cellular organisms, Eukaryota, Opisthokonta, Metazoa, Eumetazoa, Bilateria, Deuterostomia, Chordata, Craniata, Vertebrata, Gnathostomata, Teleostomi, Euteleostomi, Sarcopterygii, Dipnotetrapodomorpha, Tetrapoda, Amniota, Sauropsida, Sauria, Archelosauria, Archosauria, Dinosauria, Saurischia, Theropoda, Coelurosauria, Aves, Neognathae, Neoaves, Telluraves, Strigiformes, Tytonidae, Tyto	GCA_000687205.1	full
UP000054232	Eurypyga helias (Sunbittern) (Ardea helias)	54383	7979	C:67.6%[S:67.3%,D:0.2%],F:8.4%,M:24.0%,n:8338	Unknown	Unassembled WGS sequence	cellular organisms, Eukaryota, Opisthokonta, Metazoa, Eumetazoa, Bilateria, Deuterostomia, Chordata, Craniata, Vertebrata, Gnathostomata, Teleostomi, Euteleostomi, Sarcopterygii, Dipnotetrapodomorpha, Tetrapoda, Amniota, Sauropsida, Sauria, Archelosauria, Archosauria, Dinosauria, Saurischia, Theropoda, Coelurosauria, Aves, Neognathae, Neoaves, Phaethontimorphae, Eurypygiformes, Eurypygidae, Eurypyga	GCA_000690775.1	full
UP000054244	Apaloderma vittatum (Bar-tailed trogon)	57397	7903	C:69.4%[S:69.2%,D:0.3%],F:6.7%,M:23.8%,n:8338	Unknown	Unassembled WGS sequence	cellular organisms, Eukaryota, Opisthokonta, Metazoa, Eumetazoa, Bilateria, Deuterostomia, Chordata, Craniata, Vertebrata, Gnathostomata, Teleostomi, Euteleostomi, Sarcopterygii, Dipnotetrapodomorpha, Tetrapoda, Amniota, Sauropsida, Sauria, Archelosauria, Archosauria, Dinosauria, Saurischia, Theropoda, Coelurosauria, Aves, Neognathae, Neoaves, Telluraves, Coraciimorphae, Trogoniformes, Trogonidae, Apaloderma	GCA_000703405.1	full
UP000054308	Calypte anna (Anna's hummingbird) (Archilochus anna)	9244	13267	C:80.1%[S:79.5%,D:0.6%],F:3.8%,M:16.1%,n:8338	Unknown	Unassembled WGS sequence	cellular organisms, Eukaryota, Opisthokonta, Metazoa, Eumetazoa, Bilateria, Deuterostomia, Chordata, Craniata, Vertebrata, Gnathostomata, Teleostomi, Euteleostomi, Sarcopterygii, Dipnotetrapodomorpha, Tetrapoda, Amniota, Sauropsida, Sauria, Archelosauria, Archosauria, Dinosauria, Saurischia, Theropoda, Coelurosauria, Aves, Neognathae, Neoaves, Strisores, Apodiformes, Trochilidae, Calypte	GCA_000699085.1	full
UP000054313	Gavia stellata (Red-throated diver) (Colymbus stellatus)	37040	7730	C:69.3%[S:69.1%,D:0.2%],F:7.3%,M:23.4%,n:8338	Unknown	Unassembled WGS sequence	cellular organisms, Eukaryota, Opisthokonta, Metazoa, Eumetazoa, Bilateria, Deuterostomia, Chordata, Craniata, Vertebrata, Gnathostomata, Teleostomi, Euteleostomi, Sarcopterygii, Dipnotetrapodomorpha, Tetrapoda, Amniota, Sauropsida, Sauria, Archelosauria, Archosauria, Dinosauria, Saurischia, Theropoda, Coelurosauria, Aves, Neognathae, Neoaves, Aequornithes, Gaviiformes, Gaviidae, Gavia	GCA_000690875.1	full
UP000054324	Opisthorchis viverrini (Southeast Asian liver fluke)	6198	16307	C:64.8%[S:63.7%,D:1.0%],F:8.1%,M:27.1%,n:954	Unknown	Unassembled WGS sequence	cellular organisms, Eukaryota, Opisthokonta, Metazoa, Eumetazoa, Bilateria, Protostomia, Spiralia, Lophotrochozoa, Platyhelminthes, Trematoda, Digenea, Opisthorchiida, Opisthorchiata, Opisthorchiidae, Opisthorchis	GCA_000715545.1	full
UP000054359	Stegodyphus mimosarum (African social velvet spider)	407821	27009	C:88.4%[S:85.2%,D:3.2%],F:7.9%,M:3.7%,n:2934	Unknown	Unassembled WGS sequence	cellular organisms, Eukaryota, Opisthokonta, Metazoa, Eumetazoa, Bilateria, Protostomia, Ecdysozoa, Panarthropoda, Arthropoda, Chelicerata, Arachnida, Araneae, Araneomorphae, Entelegynae, Eresoidea, Eresidae, Stegodyphus	GCA_000611955.2	full
UP000054495	Ancylostoma ceylanicum	53326	15861	C:63.9%[S:62.6%,D:1.2%],F:10.6%,M:25.6%,n:3131	Unknown	Unassembled WGS sequence	cellular organisms, Eukaryota, Opisthokonta, Metazoa, Eumetazoa, Bilateria, Protostomia, Ecdysozoa, Nematoda, Chromadorea, Rhabditida, Rhabditina, Rhabditomorpha, Strongyloidea, Ancylostomatidae, Ancylostomatinae, Ancylostoma	GCA_000402015.1	full
UP000054630	Trichinella nelsoni	6336	16597	C:68.1%[S:41.8%,D:26.3%],F:0.6%,M:31.3%,n:3131	Unknown	Unassembled WGS sequence	cellular organisms, Eukaryota, Opisthokonta, Metazoa, Eumetazoa, Bilateria, Protostomia, Ecdysozoa, Nematoda, Enoplea, Dorylaimia, Trichinellida, Trichinellidae, Trichinella	GCA_001447455.1	full
UP000069272	Anopheles albimanus (New world malaria mosquito)	7167	12489	C:96.4%[S:94.2%,D:2.3%],F:0.5%,M:3.0%,n:3285	Unknown	Chromosome 2L; Chromosome 2R; Chromosome 3L; Chromosome X; Chromosome 3R; Unassembled WGS sequence	cellular organisms, Eukaryota, Opisthokonta, Metazoa, Eumetazoa, Bilateria, Protostomia, Ecdysozoa, Panarthropoda, Arthropoda, Mandibulata, Pancrustacea, Hexapoda, Insecta, Dicondylia, Pterygota, Neoptera, Endopterygota, Diptera, Nematocera, Culicomorpha, Culicoidea, Culicidae, Anophelinae, Anopheles, Nyssorhynchus, albimanus section, albimanus series	GCA_000349125.2	full
UP000069940	Aedes albopictus (Asian tiger mosquito) (Stegomyia albopicta)	7160	26331	C:98.4%[S:61.7%,D:36.7%],F:0.2%,M:1.4%,n:3285	Unknown	Unassembled WGS sequence; Unplaced	cellular organisms, Eukaryota, Opisthokonta, Metazoa, Eumetazoa, Bilateria, Protostomia, Ecdysozoa, Panarthropoda, Arthropoda, Mandibulata, Pancrustacea, Hexapoda, Insecta, Dicondylia, Pterygota, Neoptera, Endopterygota, Diptera, Nematocera, Culicomorpha, Culicoidea, Culicidae, Culicinae, Aedini, Aedes, Stegomyia	GCA_035046485.1	full
UP000070412	Sarcoptes scabiei (Itch mite) (Acarus scabiei)	52283	9157	C:93.4%[S:92.2%,D:1.2%],F:0.8%,M:5.8%,n:2934	Unknown	Unplaced; Unassembled WGS sequence	cellular organisms, Eukaryota, Opisthokonta, Metazoa, Eumetazoa, Bilateria, Protostomia, Ecdysozoa, Panarthropoda, Arthropoda, Chelicerata, Arachnida, Acari, Acariformes, Sarcoptiformes, Astigmata, Psoroptidia, Sarcoptoidea, Sarcoptidae, Sarcoptinae, Sarcoptes	GCA_014595675.1	full
UP000075809	Mycetomoellerius zeteki	64791	14302	C:89.5%[S:89.4%,D:0.1%],F:2.5%,M:8.0%,n:5991	Unknown	Unassembled WGS sequence	cellular organisms, Eukaryota, Opisthokonta, Metazoa, Eumetazoa, Bilateria, Protostomia, Ecdysozoa, Panarthropoda, Arthropoda, Mandibulata, Pancrustacea, Hexapoda, Insecta, Dicondylia, Pterygota, Neoptera, Endopterygota, Hymenoptera, Apocrita, Aculeata, Formicoidea, Formicidae, Myrmicinae, Attini, Mycetomoellerius	GCA_001594055.1	full
UP000075840	Anopheles arabiensis (Mosquito)	7173	13818	C:98.4%[S:93.4%,D:5.0%],F:0.4%,M:1.2%,n:3285	Unknown	Unassembled WGS sequence	cellular organisms, Eukaryota, Opisthokonta, Metazoa, Eumetazoa, Bilateria, Protostomia, Ecdysozoa, Panarthropoda, Arthropoda, Mandibulata, Pancrustacea, Hexapoda, Insecta, Dicondylia, Pterygota, Neoptera, Endopterygota, Diptera, Nematocera, Culicomorpha, Culicoidea, Culicidae, Anophelinae, Anopheles, Cellia, Pyretophorus, gambiae species complex	GCA_000349185.1	full
UP000075880	Anopheles atroparvus (European mosquito)	41427	15529	C:92.6%[S:75.2%,D:17.4%],F:1.7%,M:5.7%,n:3285	Unknown	Mitochondrion MIT; Unassembled WGS sequence; Unplaced	cellular organisms, Eukaryota, Opisthokonta, Metazoa, Eumetazoa, Bilateria, Protostomia, Ecdysozoa, Panarthropoda, Arthropoda, Mandibulata, Pancrustacea, Hexapoda, Insecta, Dicondylia, Pterygota, Neoptera, Endopterygota, Diptera, Nematocera, Culicomorpha, Culicoidea, Culicidae, Anophelinae, Anopheles, Anopheles, Angusticorn, Anopheles, maculipennis group, maculipennis species complex	GCA_914969975.1	full
UP000075881	Anopheles christyi	43041	10929	C:89.5%[S:89.0%,D:0.5%],F:1.9%,M:8.6%,n:3285	Unknown	Unassembled WGS sequence	cellular organisms, Eukaryota, Opisthokonta, Metazoa, Eumetazoa, Bilateria, Protostomia, Ecdysozoa, Panarthropoda, Arthropoda, Mandibulata, Pancrustacea, Hexapoda, Insecta, Dicondylia, Pterygota, Neoptera, Endopterygota, Diptera, Nematocera, Culicomorpha, Culicoidea, Culicidae, Anophelinae, Anopheles, Cellia, Pyretophorus	GCA_000349165.1	full
UP000075883	Anopheles culicifacies	139723	14342	C:96.3%[S:95.4%,D:0.9%],F:1.9%,M:1.8%,n:3285	Unknown	Unassembled WGS sequence	cellular organisms, Eukaryota, Opisthokonta, Metazoa, Eumetazoa, Bilateria, Protostomia, Ecdysozoa, Panarthropoda, Arthropoda, Mandibulata, Pancrustacea, Hexapoda, Insecta, Dicondylia, Pterygota, Neoptera, Endopterygota, Diptera, Nematocera, Culicomorpha, Culicoidea, Culicidae, Anophelinae, Anopheles, Cellia, Myzomyia, culicifacies species complex	GCA_000473375.1	full
UP000075884	Anopheles dirus	7168	13101	C:97.0%[S:95.9%,D:1.2%],F:0.9%,M:2.0%,n:3285	Unknown	Unassembled WGS sequence	cellular organisms, Eukaryota, Opisthokonta, Metazoa, Eumetazoa, Bilateria, Protostomia, Ecdysozoa, Panarthropoda, Arthropoda, Mandibulata, Pancrustacea, Hexapoda, Insecta, Dicondylia, Pterygota, Neoptera, Endopterygota, Diptera, Nematocera, Culicomorpha, Culicoidea, Culicidae, Anophelinae, Anopheles, Cellia, Neomyzomyia, leucosphyrus group, leucosphyrus subgroup, dirus species complex	GCA_000349145.1	full
UP000075885	Anopheles epiroticus	199890	11991	C:96.7%[S:96.2%,D:0.5%],F:0.8%,M:2.5%,n:3285	Unknown	Unassembled WGS sequence	cellular organisms, Eukaryota, Opisthokonta, Metazoa, Eumetazoa, Bilateria, Protostomia, Ecdysozoa, Panarthropoda, Arthropoda, Mandibulata, Pancrustacea, Hexapoda, Insecta, Dicondylia, Pterygota, Neoptera, Endopterygota, Diptera, Nematocera, Culicomorpha, Culicoidea, Culicidae, Anophelinae, Anopheles, Cellia, Pyretophorus, sundaicus species complex	GCA_000349105.1	full
UP000075886	Anopheles farauti	69004	13014	C:96.4%[S:95.8%,D:0.6%],F:0.9%,M:2.6%,n:3285	Unknown	Unassembled WGS sequence	cellular organisms, Eukaryota, Opisthokonta, Metazoa, Eumetazoa, Bilateria, Protostomia, Ecdysozoa, Panarthropoda, Arthropoda, Mandibulata, Pancrustacea, Hexapoda, Insecta, Dicondylia, Pterygota, Neoptera, Endopterygota, Diptera, Nematocera, Culicomorpha, Culicoidea, Culicidae, Anophelinae, Anopheles, Cellia, Neomyzomyia, punctulatus species complex	GCA_000473445.2	full
UP000075901	Anopheles maculatus	74869	14865	C:58.1%[S:57.6%,D:0.5%],F:23.4%,M:18.5%,n:3285	Unknown	Unassembled WGS sequence	cellular organisms, Eukaryota, Opisthokonta, Metazoa, Eumetazoa, Bilateria, Protostomia, Ecdysozoa, Panarthropoda, Arthropoda, Mandibulata, Pancrustacea, Hexapoda, Insecta, Dicondylia, Pterygota, Neoptera, Endopterygota, Diptera, Nematocera, Culicomorpha, Culicoidea, Culicidae, Anophelinae, Anopheles, Cellia, Neocellia, Anopheles maculatus group	GCA_000473185.1	full
UP000075902	Anopheles melas	34690	15232	C:89.7%[S:86.1%,D:3.6%],F:4.8%,M:5.4%,n:3285	Standard	Unassembled WGS sequence	cellular organisms, Eukaryota, Opisthokonta, Metazoa, Eumetazoa, Bilateria, Protostomia, Ecdysozoa, Panarthropoda, Arthropoda, Mandibulata, Pancrustacea, Hexapoda, Insecta, Dicondylia, Pterygota, Neoptera, Endopterygota, Diptera, Nematocera, Culicomorpha, Culicoidea, Culicidae, Anophelinae, Anopheles, Cellia, Pyretophorus, gambiae species complex	GCA_000473525.2	full
UP000075903	Anopheles merus (Mosquito)	30066	13295	C:93.9%[S:92.7%,D:1.2%],F:1.1%,M:4.9%,n:3285	Unknown	Unassembled WGS sequence	cellular organisms, Eukaryota, Opisthokonta, Metazoa, Eumetazoa, Bilateria, Protostomia, Ecdysozoa, Panarthropoda, Arthropoda, Mandibulata, Pancrustacea, Hexapoda, Insecta, Dicondylia, Pterygota, Neoptera, Endopterygota, Diptera, Nematocera, Culicomorpha, Culicoidea, Culicidae, Anophelinae, Anopheles, Cellia, Pyretophorus, gambiae species complex	GCA_000473845.2	full
UP000075920	Anopheles minimus	112268	12975	C:97.7%[S:96.6%,D:1.1%],F:0.5%,M:1.8%,n:3285	Unknown	Unassembled WGS sequence	cellular organisms, Eukaryota, Opisthokonta, Metazoa, Eumetazoa, Bilateria, Protostomia, Ecdysozoa, Panarthropoda, Arthropoda, Mandibulata, Pancrustacea, Hexapoda, Insecta, Dicondylia, Pterygota, Neoptera, Endopterygota, Diptera, Nematocera, Culicomorpha, Culicoidea, Culicidae, Anophelinae, Anopheles, Cellia, Myzomyia, minimus group, minimus species complex	GCA_000349025.1	full
UP000076407	Anopheles quadriannulatus (Mosquito)	34691	13801	C:97.6%[S:94.7%,D:2.9%],F:0.6%,M:1.8%,n:3285	Unknown	Unassembled WGS sequence	cellular organisms, Eukaryota, Opisthokonta, Metazoa, Eumetazoa, Bilateria, Protostomia, Ecdysozoa, Panarthropoda, Arthropoda, Mandibulata, Pancrustacea, Hexapoda, Insecta, Dicondylia, Pterygota, Neoptera, Endopterygota, Diptera, Nematocera, Culicomorpha, Culicoidea, Culicidae, Anophelinae, Anopheles, Cellia, Pyretophorus, gambiae species complex	GCA_000349065.1	full
UP000076408	Anopheles stephensi (Indo-Pakistan malaria mosquito)	30069	11768	C:96.1%[S:95.8%,D:0.3%],F:1.1%,M:2.8%,n:3285	Unknown	Unassembled WGS sequence; Unplaced	cellular organisms, Eukaryota, Opisthokonta, Metazoa, Eumetazoa, Bilateria, Protostomia, Ecdysozoa, Panarthropoda, Arthropoda, Mandibulata, Pancrustacea, Hexapoda, Insecta, Dicondylia, Pterygota, Neoptera, Endopterygota, Diptera, Nematocera, Culicomorpha, Culicoidea, Culicidae, Anophelinae, Anopheles, Cellia, Neocellia	GCA_000300775.2	full
UP000076502	Dufourea novaeangliae (Sweat bee)	178035	11355	C:85.4%[S:85.2%,D:0.1%],F:3.3%,M:11.4%,n:5991	Unknown	Unassembled WGS sequence	cellular organisms, Eukaryota, Opisthokonta, Metazoa, Eumetazoa, Bilateria, Protostomia, Ecdysozoa, Panarthropoda, Arthropoda, Mandibulata, Pancrustacea, Hexapoda, Insecta, Dicondylia, Pterygota, Neoptera, Endopterygota, Hymenoptera, Apocrita, Aculeata, Apoidea, Anthophila, Halictidae, Rophitinae, Dufourea	GCA_001272555.1	full
UP000078200	Glossina austeni (Savannah tsetse fly)	7395	19647	C:95.0%[S:93.5%,D:1.6%],F:1.9%,M:3.0%,n:3285	Unknown	Unassembled WGS sequence	cellular organisms, Eukaryota, Opisthokonta, Metazoa, Eumetazoa, Bilateria, Protostomia, Ecdysozoa, Panarthropoda, Arthropoda, Mandibulata, Pancrustacea, Hexapoda, Insecta, Dicondylia, Pterygota, Neoptera, Endopterygota, Diptera, Brachycera, Muscomorpha, Eremoneura, Cyclorrhapha, Schizophora, Calyptratae, Hippoboscoidea, Glossinidae, Glossina, Glossina	GCA_000688735.1	full
UP000078492	Trachymyrmex cornetzi	471704	18657	C:92.1%[S:91.8%,D:0.2%],F:2.1%,M:5.8%,n:5991	Unknown	Unassembled WGS sequence	cellular organisms, Eukaryota, Opisthokonta, Metazoa, Eumetazoa, Bilateria, Protostomia, Ecdysozoa, Panarthropoda, Arthropoda, Mandibulata, Pancrustacea, Hexapoda, Insecta, Dicondylia, Pterygota, Neoptera, Endopterygota, Hymenoptera, Apocrita, Aculeata, Formicoidea, Formicidae, Myrmicinae, Attini, Trachymyrmex	GCA_001594075.2	full
UP000078540	Atta colombica	520822	14143	C:91.3%[S:91.2%,D:0.1%],F:2.5%,M:6.2%,n:5991	Unknown	Unassembled WGS sequence	cellular organisms, Eukaryota, Opisthokonta, Metazoa, Eumetazoa, Bilateria, Protostomia, Ecdysozoa, Panarthropoda, Arthropoda, Mandibulata, Pancrustacea, Hexapoda, Insecta, Dicondylia, Pterygota, Neoptera, Endopterygota, Hymenoptera, Apocrita, Aculeata, Formicoidea, Formicidae, Myrmicinae, Attini, Atta	GCA_001594045.1	full
UP000078541	Trachymyrmex septentrionalis	34720	15167	C:94.0%[S:93.8%,D:0.3%],F:1.9%,M:4.1%,n:5991	Standard	Unassembled WGS sequence	cellular organisms, Eukaryota, Opisthokonta, Metazoa, Eumetazoa, Bilateria, Protostomia, Ecdysozoa, Panarthropoda, Arthropoda, Mandibulata, Pancrustacea, Hexapoda, Insecta, Dicondylia, Pterygota, Neoptera, Endopterygota, Hymenoptera, Apocrita, Aculeata, Formicoidea, Formicidae, Myrmicinae, Attini, Trachymyrmex	GCA_001594115.1	full
UP000078542	Cyphomyrmex costatus	456900	15716	C:91.9%[S:91.3%,D:0.6%],F:2.3%,M:5.8%,n:5991	Unknown	Unassembled WGS sequence	cellular organisms, Eukaryota, Opisthokonta, Metazoa, Eumetazoa, Bilateria, Protostomia, Ecdysozoa, Panarthropoda, Arthropoda, Mandibulata, Pancrustacea, Hexapoda, Insecta, Dicondylia, Pterygota, Neoptera, Endopterygota, Hymenoptera, Apocrita, Aculeata, Formicoidea, Formicidae, Myrmicinae, Attini, Cyphomyrmex	GCA_001594065.1	full
UP000079169	Diaphorina citri (Asian citrus psyllid)	121845	21517	C:87.0%[S:66.5%,D:20.5%],F:6.3%,M:6.7%,n:2510	Unknown	Unplaced	cellular organisms, Eukaryota, Opisthokonta, Metazoa, Eumetazoa, Bilateria, Protostomia, Ecdysozoa, Panarthropoda, Arthropoda, Mandibulata, Pancrustacea, Hexapoda, Insecta, Dicondylia, Pterygota, Neoptera, Paraneoptera, Hemiptera, Sternorrhyncha, Psylloidea, Psyllidae, Diaphorininae, Diaphorina	GCF_000475195.1	full
UP000081671	Dipodomys ordii (Ord's kangaroo rat)	10020	26496	C:93.9%[S:69.0%,D:24.9%],F:3.4%,M:2.7%,n:13798	Unknown	Unplaced	cellular organisms, Eukaryota, Opisthokonta, Metazoa, Eumetazoa, Bilateria, Deuterostomia, Chordata, Craniata, Vertebrata, Gnathostomata, Teleostomi, Euteleostomi, Sarcopterygii, Dipnotetrapodomorpha, Tetrapoda, Amniota, Mammalia, Theria, Eutheria, Boreoeutheria, Euarchontoglires, Glires, Rodentia, Castorimorpha, Heteromyidae, Dipodomyinae, Dipodomys	GCF_000151885.1	full
UP000085678	Lingula anatina (Brachiopod) (Lingula unguis)	7574	34415	C:98.6%[S:55.0%,D:43.6%],F:0.6%,M:0.7%,n:954	Unknown	Mitochondrion MT; Unplaced	cellular organisms, Eukaryota, Opisthokonta, Metazoa, Eumetazoa, Bilateria, Protostomia, Spiralia, Lophotrochozoa, Brachiopoda, Linguliformea, Lingulata, Lingulida, Linguloidea, Lingulidae, Lingula	GCF_001039355.2	full
UP000091820	Glossina brevipalpis	37001	14631	C:89.4%[S:87.7%,D:1.7%],F:2.6%,M:8.0%,n:3285	Unknown	Unassembled WGS sequence	cellular organisms, Eukaryota, Opisthokonta, Metazoa, Eumetazoa, Bilateria, Protostomia, Ecdysozoa, Panarthropoda, Arthropoda, Mandibulata, Pancrustacea, Hexapoda, Insecta, Dicondylia, Pterygota, Neoptera, Endopterygota, Diptera, Brachycera, Muscomorpha, Eremoneura, Cyclorrhapha, Schizophora, Calyptratae, Hippoboscoidea, Glossinidae, Glossina, Austenina	GCA_000671755.1	full
UP000092124	Neotoma lepida (Desert woodrat)	56216	24274	C:59.3%[S:58.7%,D:0.6%],F:11.3%,M:29.5%,n:13798	Unknown	Unassembled WGS sequence	cellular organisms, Eukaryota, Opisthokonta, Metazoa, Eumetazoa, Bilateria, Deuterostomia, Chordata, Craniata, Vertebrata, Gnathostomata, Teleostomi, Euteleostomi, Sarcopterygii, Dipnotetrapodomorpha, Tetrapoda, Amniota, Mammalia, Theria, Eutheria, Boreoeutheria, Euarchontoglires, Glires, Rodentia, Myomorpha, Muroidea, Cricetidae, Neotominae, Neotoma	GCA_001675575.1	full
UP000092443	Glossina fuscipes	7396	17759	C:98.9%[S:62.4%,D:36.5%],F:0.3%,M:0.8%,n:3285	Unknown	Unplaced	cellular organisms, Eukaryota, Opisthokonta, Metazoa, Eumetazoa, Bilateria, Protostomia, Ecdysozoa, Panarthropoda, Arthropoda, Mandibulata, Pancrustacea, Hexapoda, Insecta, Dicondylia, Pterygota, Neoptera, Endopterygota, Diptera, Brachycera, Muscomorpha, Eremoneura, Cyclorrhapha, Schizophora, Calyptratae, Hippoboscoidea, Glossinidae, Glossina, Nemorhina	GCF_014805625.2	full
UP000092444	Glossina morsitans morsitans (Savannah tsetse fly)	37546	12910	C:88.7%[S:86.5%,D:2.2%],F:1.7%,M:9.5%,n:3285	Unknown	Unassembled WGS sequence; Unplaced	cellular organisms, Eukaryota, Opisthokonta, Metazoa, Eumetazoa, Bilateria, Protostomia, Ecdysozoa, Panarthropoda, Arthropoda, Mandibulata, Pancrustacea, Hexapoda, Insecta, Dicondylia, Pterygota, Neoptera, Endopterygota, Diptera, Brachycera, Muscomorpha, Eremoneura, Cyclorrhapha, Schizophora, Calyptratae, Hippoboscoidea, Glossinidae, Glossina, Glossina, Glossina morsitans	GCA_001077435.1	full
UP000092445	Glossina pallidipes (Tsetse fly)	7398	19235	C:90.4%[S:88.8%,D:1.6%],F:2.0%,M:7.6%,n:3285	Unknown	Unassembled WGS sequence	cellular organisms, Eukaryota, Opisthokonta, Metazoa, Eumetazoa, Bilateria, Protostomia, Ecdysozoa, Panarthropoda, Arthropoda, Mandibulata, Pancrustacea, Hexapoda, Insecta, Dicondylia, Pterygota, Neoptera, Endopterygota, Diptera, Brachycera, Muscomorpha, Eremoneura, Cyclorrhapha, Schizophora, Calyptratae, Hippoboscoidea, Glossinidae, Glossina, Glossina	GCA_000688715.1	full
UP000092460	Glossina palpalis gambiensis	67801	19957	C:89.6%[S:86.0%,D:3.6%],F:3.5%,M:6.9%,n:3285	Unknown	Unassembled WGS sequence	cellular organisms, Eukaryota, Opisthokonta, Metazoa, Eumetazoa, Bilateria, Protostomia, Ecdysozoa, Panarthropoda, Arthropoda, Mandibulata, Pancrustacea, Hexapoda, Insecta, Dicondylia, Pterygota, Neoptera, Endopterygota, Diptera, Brachycera, Muscomorpha, Eremoneura, Cyclorrhapha, Schizophora, Calyptratae, Hippoboscoidea, Glossinidae, Glossina, Nemorhina, Glossina palpalis	GCA_000818775.1	full
UP000092461	Lutzomyia longipalpis (Sand fly)	7200	10419	C:72.2%[S:69.4%,D:2.8%],F:7.6%,M:20.2%,n:3285	Unknown	Unassembled WGS sequence; Unplaced	cellular organisms, Eukaryota, Opisthokonta, Metazoa, Eumetazoa, Bilateria, Protostomia, Ecdysozoa, Panarthropoda, Arthropoda, Mandibulata, Pancrustacea, Hexapoda, Insecta, Dicondylia, Pterygota, Neoptera, Endopterygota, Diptera, Nematocera, Psychodomorpha, Psychodoidea, Psychodidae, Phlebotominae, Lutzomyia, Lutzomyia	GCA_000265325.1	full
UP000092462	Phlebotomus papatasi (Sandfly)	29031	11386	C:54.9%[S:53.2%,D:1.7%],F:21.0%,M:24.1%,n:3285	Unknown	Unassembled WGS sequence; Unplaced	cellular organisms, Eukaryota, Opisthokonta, Metazoa, Eumetazoa, Bilateria, Protostomia, Ecdysozoa, Panarthropoda, Arthropoda, Mandibulata, Pancrustacea, Hexapoda, Insecta, Dicondylia, Pterygota, Neoptera, Endopterygota, Diptera, Nematocera, Psychodomorpha, Psychodoidea, Psychodidae, Phlebotominae, Phlebotomus, Phlebotomus	GCA_000262795.1	full
UP000095280	Macrostomum lignano	282301	52448	C:71.9%[S:16.8%,D:55.1%],F:4.1%,M:24.0%,n:954	Unknown	Genome assembly; Unplaced	cellular organisms, Eukaryota, Opisthokonta, Metazoa, Eumetazoa, Bilateria, Protostomia, Spiralia, Lophotrochozoa, Platyhelminthes, Rhabditophora, Macrostomorpha, Macrostomida, Macrostomidae, Macrostomum	GCA_001188465.1	full
UP000095281	Meloidogyne hapla (Root-knot nematode worm)	6305	14379	C:53.2%[S:51.7%,D:1.5%],F:2.6%,M:44.2%,n:3131	Unknown	Whole Genome Shotgun Assembly; Unplaced	cellular organisms, Eukaryota, Opisthokonta, Metazoa, Eumetazoa, Bilateria, Protostomia, Ecdysozoa, Nematoda, Chromadorea, Rhabditida, Tylenchina, Tylenchomorpha, Tylenchoidea, Meloidogynidae, Meloidogyninae, Meloidogyne	GCA_000172435.1	full
UP000095282	Caenorhabditis tropicalis	1561998	27198	C:89.0%[S:75.7%,D:13.4%],F:3.1%,M:7.8%,n:3131	Unknown	Whole Genome Shotgun Assembly; Unplaced	cellular organisms, Eukaryota, Opisthokonta, Metazoa, Eumetazoa, Bilateria, Protostomia, Ecdysozoa, Nematoda, Chromadorea, Rhabditida, Rhabditina, Rhabditomorpha, Rhabditoidea, Rhabditidae, Peloderinae, Caenorhabditis	GCA_000186765.1	full
UP000095285	Loa loa (Eye worm) (Filaria loa)	7209	12226	C:0.0%[S:0.0%,D:0.0%],F:0.0%,M:100.0%,n:3131	Unknown	Unassembled WGS sequence	cellular organisms, Eukaryota, Opisthokonta, Metazoa, Eumetazoa, Bilateria, Protostomia, Ecdysozoa, Nematoda, Chromadorea, Rhabditida, Spirurina, Spiruromorpha, Filarioidea, Onchocercidae, Loa	GCA_000733445.1	full
UP000095300	Stomoxys calcitrans (Stable fly) (Conops calcitrans)	35570	18841	C:99.3%[S:67.7%,D:31.6%],F:0.5%,M:0.2%,n:3285	Unknown	Unassembled WGS sequence	cellular organisms, Eukaryota, Opisthokonta, Metazoa, Eumetazoa, Bilateria, Protostomia, Ecdysozoa, Panarthropoda, Arthropoda, Mandibulata, Pancrustacea, Hexapoda, Insecta, Dicondylia, Pterygota, Neoptera, Endopterygota, Diptera, Brachycera, Muscomorpha, Eremoneura, Cyclorrhapha, Schizophora, Calyptratae, Muscoidea, Muscidae, Muscinae, Stomoxyini, Stomoxys	GCA_001015335.1	full
UP000183832	Clunio marinus	568069	22544	C:91.2%[S:85.1%,D:6.1%],F:1.2%,M:7.6%,n:3285	Unknown	Unassembled WGS sequence	cellular organisms, Eukaryota, Opisthokonta, Metazoa, Eumetazoa, Bilateria, Protostomia, Ecdysozoa, Panarthropoda, Arthropoda, Mandibulata, Pancrustacea, Hexapoda, Insecta, Dicondylia, Pterygota, Neoptera, Endopterygota, Diptera, Nematocera, Culicomorpha, Chironomoidea, Chironomidae, Orthocladiinae, Clunio	GCA_900005825.1	full
UP000186698	Xenopus laevis (African clawed frog)	8355	62096	C:97.7%[S:23.3%,D:74.4%],F:0.5%,M:1.8%,n:5310	Unknown	Chromosome 1L; Chromosome 1S; Chromosome 2L; Chromosome 2S; Chromosome 3L; Chromosome 3S; Chromosome 4L; Chromosome 4S; Chromosome 5L; Chromosome 5S; Chromosome 6L; Chromosome 6S; Chromosome 7L; Chromosome 7S; Chromosome 8L; Chromosome 8S; Chromosome 9_10L; Mitochondrion MT; Chromosome 9_10S; Unplaced	cellular organisms, Eukaryota, Opisthokonta, Metazoa, Eumetazoa, Bilateria, Deuterostomia, Chordata, Craniata, Vertebrata, Gnathostomata, Teleostomi, Euteleostomi, Sarcopterygii, Dipnotetrapodomorpha, Tetrapoda, Amphibia, Batrachia, Anura, Pipoidea, Pipidae, Xenopodinae, Xenopus, Xenopus	GCF_017654675.1	full
UP000186922	Ramazzottius varieornatus (Water bear) (Tardigrade)	947166	22940	C:85.0%[S:80.6%,D:4.4%],F:2.3%,M:12.7%,n:954	Unknown	Mitochondrion MT; Unassembled WGS sequence	cellular organisms, Eukaryota, Opisthokonta, Metazoa, Eumetazoa, Bilateria, Protostomia, Ecdysozoa, Panarthropoda, Tardigrada, Eutardigrada, Parachela, Hypsibioidea, Ramazzottiidae, Ramazzottius	GCA_001949185.1	full
UP000189704	Carlito syrichta (Philippine tarsier) (Tarsius syrichta)	1868482	30229	C:86.3%[S:58.8%,D:27.5%],F:7.4%,M:6.3%,n:13780	Unknown	Mitochondrion MT; Unplaced	cellular organisms, Eukaryota, Opisthokonta, Metazoa, Eumetazoa, Bilateria, Deuterostomia, Chordata, Craniata, Vertebrata, Gnathostomata, Teleostomi, Euteleostomi, Sarcopterygii, Dipnotetrapodomorpha, Tetrapoda, Amniota, Mammalia, Theria, Eutheria, Boreoeutheria, Euarchontoglires, Primates, Haplorrhini, Tarsiiformes, Tarsiidae, Carlito	GCF_000164805.1	full
UP000189705	Alligator sinensis (Chinese alligator)	38654	34856	C:97.8%[S:53.6%,D:44.2%],F:1.2%,M:1.0%,n:7480	Unknown	Mitochondrion MT; Unplaced	cellular organisms, Eukaryota, Opisthokonta, Metazoa, Eumetazoa, Bilateria, Deuterostomia, Chordata, Craniata, Vertebrata, Gnathostomata, Teleostomi, Euteleostomi, Sarcopterygii, Dipnotetrapodomorpha, Tetrapoda, Amniota, Sauropsida, Sauria, Archelosauria, Archosauria, Crocodylia, Alligatoridae, Alligatorinae, Alligator	GCF_000455745.1	full
UP000190648	Patagioenas fasciata monilis	372326	24737	C:91.1%[S:72.5%,D:18.6%],F:2.9%,M:6.0%,n:8338	Unknown	Unassembled WGS sequence	cellular organisms, Eukaryota, Opisthokonta, Metazoa, Eumetazoa, Bilateria, Deuterostomia, Chordata, Craniata, Vertebrata, Gnathostomata, Teleostomi, Euteleostomi, Sarcopterygii, Dipnotetrapodomorpha, Tetrapoda, Amniota, Sauropsida, Sauria, Archelosauria, Archosauria, Dinosauria, Saurischia, Theropoda, Coelurosauria, Aves, Neognathae, Neoaves, Columbimorphae, Columbiformes, Columbidae, Patagioenas, Patagioenas fasciata	GCA_002029285.1	full
UP000192220	Austrofundulus limnaeus (Annual killifish)	52670	32323	C:95.5%[S:68.5%,D:27.0%],F:1.1%,M:3.4%,n:15213	Unknown	Unplaced	cellular organisms, Eukaryota, Opisthokonta, Metazoa, Eumetazoa, Bilateria, Deuterostomia, Chordata, Craniata, Vertebrata, Gnathostomata, Teleostomi, Euteleostomi, Actinopterygii, Actinopteri, Neopterygii, Teleostei, Osteoglossocephalai, Clupeocephala, Euteleosteomorpha, Neoteleostei, Eurypterygia, Ctenosquamata, Acanthomorphata, Euacanthomorphacea, Percomorphaceae, Ovalentaria, Atherinomorphae, Cyprinodontiformes, Aplocheiloidei, Rivulidae, Austrofundulus	GCF_001266775.1	full
UP000192223	Agrilus planipennis (Emerald ash borer) (Agrilus marcopoli)	224129	18772	C:96.5%[S:61.5%,D:35.0%],F:1.5%,M:2.0%,n:2124	Unknown	Mitochondrion MT; Unplaced	cellular organisms, Eukaryota, Opisthokonta, Metazoa, Eumetazoa, Bilateria, Protostomia, Ecdysozoa, Panarthropoda, Arthropoda, Mandibulata, Pancrustacea, Hexapoda, Insecta, Dicondylia, Pterygota, Neoptera, Endopterygota, Coleoptera, Polyphaga, Elateriformia, Buprestoidea, Buprestidae, Agrilinae, Agrilus	GCF_000699045.2	full
UP000192247	Tropilaelaps mercedesae	418985	14292	C:93.5%[S:92.0%,D:1.5%],F:2.9%,M:3.5%,n:2934	Unknown	Unassembled WGS sequence	cellular organisms, Eukaryota, Opisthokonta, Metazoa, Eumetazoa, Bilateria, Protostomia, Ecdysozoa, Panarthropoda, Arthropoda, Chelicerata, Arachnida, Acari, Parasitiformes, Mesostigmata, Monogynaspida, Gamasina, Dermanyssoidea, Laelapidae, Tropilaelaps	GCA_002081605.1	full
UP000192578	Hypsibius exemplaris (Freshwater tardigrade)	2072580	20832	C:84.6%[S:81.6%,D:3.0%],F:2.9%,M:12.5%,n:954	Unknown	Unassembled WGS sequence	cellular organisms, Eukaryota, Opisthokonta, Metazoa, Eumetazoa, Bilateria, Protostomia, Ecdysozoa, Panarthropoda, Tardigrada, Eutardigrada, Parachela, Hypsibioidea, Hypsibiidae, Hypsibius	GCA_002082055.1	full
UP000194236	Euroglyphus maynei (Mayne's house dust mite)	6958	15246	C:72.7%[S:71.5%,D:1.2%],F:16.8%,M:10.5%,n:2934	Unknown	Unassembled WGS sequence	cellular organisms, Eukaryota, Opisthokonta, Metazoa, Eumetazoa, Bilateria, Protostomia, Ecdysozoa, Panarthropoda, Arthropoda, Chelicerata, Arachnida, Acari, Acariformes, Sarcoptiformes, Astigmata, Psoroptidia, Analgoidea, Pyroglyphidae, Pyroglyphinae, Euroglyphus	GCA_002135145.1	full
UP000197619	Lonchura striata (white-rumped munia)	40157	15252	C:88.5%[S:88.0%,D:0.4%],F:3.7%,M:7.9%,n:10844	Unknown	Unassembled WGS sequence	cellular organisms, Eukaryota, Opisthokonta, Metazoa, Eumetazoa, Bilateria, Deuterostomia, Chordata, Craniata, Vertebrata, Gnathostomata, Teleostomi, Euteleostomi, Sarcopterygii, Dipnotetrapodomorpha, Tetrapoda, Amniota, Sauropsida, Sauria, Archelosauria, Archosauria, Dinosauria, Saurischia, Theropoda, Coelurosauria, Aves, Neognathae, Neoaves, Telluraves, Australaves, Passeriformes, Passeroidea, Estrildidae, Estrildinae, Lonchura	GCA_002197715.1	full
UP000198323	Callipepla squamata (Scaled quail)	9009	16973	C:81.2%[S:80.1%,D:1.1%],F:7.7%,M:11.1%,n:8338	Unknown	Unassembled WGS sequence	cellular organisms, Eukaryota, Opisthokonta, Metazoa, Eumetazoa, Bilateria, Deuterostomia, Chordata, Craniata, Vertebrata, Gnathostomata, Teleostomi, Euteleostomi, Sarcopterygii, Dipnotetrapodomorpha, Tetrapoda, Amniota, Sauropsida, Sauria, Archelosauria, Archosauria, Dinosauria, Saurischia, Theropoda, Coelurosauria, Aves, Neognathae, Galloanserae, Galliformes, Odontophoridae, Callipepla	GCA_002218305.1	full
UP000216463	Caenorhabditis latens	1503980	25394	C:90.3%[S:84.8%,D:5.6%],F:3.0%,M:6.7%,n:3131	Unknown	Unassembled WGS sequence; Chromosome 1; Chromosome 2; Chromosome 3; Chromosome 4; Chromosome 5; Chromosome X; Mitochondrion MT	cellular organisms, Eukaryota, Opisthokonta, Metazoa, Eumetazoa, Bilateria, Protostomia, Ecdysozoa, Nematoda, Chromadorea, Rhabditida, Rhabditina, Rhabditomorpha, Rhabditoidea, Rhabditidae, Peloderinae, Caenorhabditis	GCA_002259235.2	full
UP000216624	Caenorhabditis remanei (Caenorhabditis vulgaris)	31234	25466	C:90.8%[S:86.9%,D:4.0%],F:3.0%,M:6.1%,n:3131	Unknown	Unassembled WGS sequence; Chromosome I; Chromosome II; Chromosome III; Chromosome IV; Chromosome V; Chromosome X; Mitochondrion MT	cellular organisms, Eukaryota, Opisthokonta, Metazoa, Eumetazoa, Bilateria, Protostomia, Ecdysozoa, Nematoda, Chromadorea, Rhabditida, Rhabditina, Rhabditomorpha, Rhabditoidea, Rhabditidae, Peloderinae, Caenorhabditis	GCA_002259225.2	full
UP000218231	Diploscapter pachys	2018661	33981	C:85.2%[S:31.8%,D:53.3%],F:2.3%,M:12.6%,n:3131	Unknown	Unassembled WGS sequence	cellular organisms, Eukaryota, Opisthokonta, Metazoa, Eumetazoa, Bilateria, Protostomia, Ecdysozoa, Nematoda, Chromadorea, Rhabditida, Rhabditina, Rhabditomorpha, Rhabditoidea, Rhabditidae, Rhabditidae incertae sedis, Diploscapter	GCA_002287525.1	full
UP000221080	Ictalurus punctatus (Channel catfish) (Silurus punctatus)	7998	42995	C:99.2%[S:57.2%,D:42.0%],F:0.1%,M:0.7%,n:3640	Unknown	Chromosome 1; Chromosome 2; Chromosome 3; Chromosome 4; Chromosome 5; Chromosome 6; Chromosome 7; Chromosome 8; Chromosome 9; Chromosome 10; Chromosome 11; Chromosome 12; Chromosome 13; Chromosome 14; Chromosome 15; Chromosome 16; Chromosome 17; Chromosome 18; Chromosome 19; Chromosome 20; Chromosome 21; Chromosome 22; Chromosome 23; Chromosome 24; Chromosome 25; Chromosome 26; Chromosome 27; Chromosome 28; Chromosome 29; Mitochondrion MT; Unplaced	cellular organisms, Eukaryota, Opisthokonta, Metazoa, Eumetazoa, Bilateria, Deuterostomia, Chordata, Craniata, Vertebrata, Gnathostomata, Teleostomi, Euteleostomi, Actinopterygii, Actinopteri, Neopterygii, Teleostei, Osteoglossocephalai, Clupeocephala, Otomorpha, Ostariophysi, Otophysi, Characiphysae, Siluriformes, Siluroidei, Ictaluridae, Ictalurus	GCF_001660625.3	full
UP000228934	Aquarana catesbeiana (American bullfrog) (Rana catesbeiana)	8400	25491	C:16.1%[S:12.7%,D:3.5%],F:13.2%,M:70.6%,n:5310	Unknown	Mitochondrion MT; Unassembled WGS sequence	cellular organisms, Eukaryota, Opisthokonta, Metazoa, Eumetazoa, Bilateria, Deuterostomia, Chordata, Craniata, Vertebrata, Gnathostomata, Teleostomi, Euteleostomi, Sarcopterygii, Dipnotetrapodomorpha, Tetrapoda, Amphibia, Batrachia, Anura, Neobatrachia, Ranoidea, Ranidae, Aquarana	GCA_002284835.2	full
UP000230066	Fasciola hepatica (Liver fluke)	6192	11190	C:62.5%[S:61.2%,D:1.3%],F:9.9%,M:27.7%,n:954	Unknown	Unassembled WGS sequence	cellular organisms, Eukaryota, Opisthokonta, Metazoa, Eumetazoa, Bilateria, Protostomia, Spiralia, Lophotrochozoa, Platyhelminthes, Trematoda, Digenea, Plagiorchiida, Echinostomata, Echinostomatoidea, Fasciolidae, Fasciola	GCA_002763495.2	full
UP000230423	Teladorsagia circumcincta (Brown stomach worm) (Ostertagia circumcincta)	45464	25373	C:40.3%[S:35.5%,D:4.8%],F:14.3%,M:45.4%,n:3131	Unknown	Unassembled WGS sequence	cellular organisms, Eukaryota, Opisthokonta, Metazoa, Eumetazoa, Bilateria, Protostomia, Ecdysozoa, Nematoda, Chromadorea, Rhabditida, Rhabditina, Rhabditomorpha, Strongyloidea, Trichostrongylidae, Teladorsagia	GCA_002352805.1	full
UP000230750	Stichopus japonicus (Sea cucumber)	307972	30032	C:84.4%[S:70.6%,D:13.7%],F:8.8%,M:6.8%,n:954	Unknown	Unassembled WGS sequence	cellular organisms, Eukaryota, Opisthokonta, Metazoa, Eumetazoa, Bilateria, Deuterostomia, Echinodermata, Eleutherozoa, Echinozoa, Holothuroidea, Aspidochirotacea, Aspidochirotida, Stichopodidae, Apostichopus	GCA_002754855.1	full
UP000233080	Colobus angolensis palliatus (Peters' Angolan colobus)	336983	40241	C:93.6%[S:57.7%,D:35.8%],F:1.8%,M:4.7%,n:13780	Unknown	Unassembled WGS sequence	cellular organisms, Eukaryota, Opisthokonta, Metazoa, Eumetazoa, Bilateria, Deuterostomia, Chordata, Craniata, Vertebrata, Gnathostomata, Teleostomi, Euteleostomi, Sarcopterygii, Dipnotetrapodomorpha, Tetrapoda, Amniota, Mammalia, Theria, Eutheria, Boreoeutheria, Euarchontoglires, Primates, Haplorrhini, Simiiformes, Catarrhini, Cercopithecoidea, Cercopithecidae, Colobinae, Colobus, Colobus angolensis	GCA_000951035.1	full
UP000233180	Rhinopithecus bieti (Black snub-nosed monkey) (Pygathrix bieti)	61621	42660	C:93.2%[S:50.7%,D:42.5%],F:1.9%,M:4.9%,n:13780	Unknown	Unassembled WGS sequence; Unplaced	cellular organisms, Eukaryota, Opisthokonta, Metazoa, Eumetazoa, Bilateria, Deuterostomia, Chordata, Craniata, Vertebrata, Gnathostomata, Teleostomi, Euteleostomi, Sarcopterygii, Dipnotetrapodomorpha, Tetrapoda, Amniota, Mammalia, Theria, Eutheria, Boreoeutheria, Euarchontoglires, Primates, Haplorrhini, Simiiformes, Catarrhini, Cercopithecoidea, Cercopithecidae, Colobinae, Rhinopithecus	GCA_001698545.1	full
UP000233200	Rhinopithecus roxellana (Golden snub-nosed monkey) (Pygathrix roxellana)	61622	44576	C:94.9%[S:48.7%,D:46.2%],F:1.2%,M:3.9%,n:13780	Unknown	Whole Genome Shotgun Assembly; Unplaced	cellular organisms, Eukaryota, Opisthokonta, Metazoa, Eumetazoa, Bilateria, Deuterostomia, Chordata, Craniata, Vertebrata, Gnathostomata, Teleostomi, Euteleostomi, Sarcopterygii, Dipnotetrapodomorpha, Tetrapoda, Amniota, Mammalia, Theria, Eutheria, Boreoeutheria, Euarchontoglires, Primates, Haplorrhini, Simiiformes, Catarrhini, Cercopithecoidea, Cercopithecidae, Colobinae, Rhinopithecus	GCA_000769185.1	full
UP000233556	Limosa lapponica baueri	1758121	22950	C:57.6%[S:57.4%,D:0.3%],F:12.9%,M:29.4%,n:8338	Unknown	Unassembled WGS sequence	cellular organisms, Eukaryota, Opisthokonta, Metazoa, Eumetazoa, Bilateria, Deuterostomia, Chordata, Craniata, Vertebrata, Gnathostomata, Teleostomi, Euteleostomi, Sarcopterygii, Dipnotetrapodomorpha, Tetrapoda, Amniota, Sauropsida, Sauria, Archelosauria, Archosauria, Dinosauria, Saurischia, Theropoda, Coelurosauria, Aves, Neognathae, Neoaves, Charadriiformes, Scolopacidae, Limosa, Limosa lapponica	GCA_002844005.1	full
UP000237246	Bambusicola thoracicus (Chinese bamboo-partridge) (Perdix thoracica)	9083	17669	C:51.3%[S:51.0%,D:0.3%],F:21.5%,M:27.2%,n:8338	Unknown	Unassembled WGS sequence	cellular organisms, Eukaryota, Opisthokonta, Metazoa, Eumetazoa, Bilateria, Deuterostomia, Chordata, Craniata, Vertebrata, Gnathostomata, Teleostomi, Euteleostomi, Sarcopterygii, Dipnotetrapodomorpha, Tetrapoda, Amniota, Sauropsida, Sauria, Archelosauria, Archosauria, Dinosauria, Saurischia, Theropoda, Coelurosauria, Aves, Neognathae, Galloanserae, Galliformes, Phasianidae, Perdicinae, Bambusicola	GCA_002909625.1	full
UP000242188	Mizuhopecten yessoensis (Japanese scallop) (Patinopecten yessoensis)	6573	22409	C:88.9%[S:88.3%,D:0.6%],F:1.5%,M:9.6%,n:5295	Unknown	Unassembled WGS sequence	cellular organisms, Eukaryota, Opisthokonta, Metazoa, Eumetazoa, Bilateria, Protostomia, Spiralia, Lophotrochozoa, Mollusca, Bivalvia, Autobranchia, Pteriomorphia, Pectinida, Pectinoidea, Pectinidae, Mizuhopecten	GCA_002113885.2	full
UP000242457	Apis cerana cerana (Oriental honeybee)	94128	9931	C:91.3%[S:89.8%,D:1.6%],F:2.5%,M:6.2%,n:5991	Unknown	Unassembled WGS sequence	cellular organisms, Eukaryota, Opisthokonta, Metazoa, Eumetazoa, Bilateria, Protostomia, Ecdysozoa, Panarthropoda, Arthropoda, Mandibulata, Pancrustacea, Hexapoda, Insecta, Dicondylia, Pterygota, Neoptera, Endopterygota, Hymenoptera, Apocrita, Aculeata, Apoidea, Anthophila, Apidae, Apinae, Apini, Apis, Apis cerana	GCA_002290385.1	full
UP000242638	Poecilia reticulata (Guppy) (Acanthophacelus reticulatus)	8081	33943	C:86.3%[S:62.3%,D:24.1%],F:3.0%,M:10.6%,n:15213	Unknown	Miscellaneous, Linkage group lg13; Miscellaneous, Linkage group lg9; Miscellaneous, Linkage group lg6; Miscellaneous, Linkage group lg14; Miscellaneous, Linkage group lg7; Miscellaneous, Linkage group lg23; Miscellaneous, Linkage group lg10; Miscellaneous, Linkage group lg15; Miscellaneous, Linkage group lg16; Miscellaneous, Linkage group lg22; Miscellaneous, Linkage group lg19; Miscellaneous, Linkage group lg11; Miscellaneous, Linkage group lg8; Miscellaneous, Linkage group lg2; Miscellaneous, Linkage group lg12; Miscellaneous, Linkage group lg1; Miscellaneous, Linkage group lg20; Miscellaneous, Linkage group lg17; Miscellaneous, Linkage group lg18; Miscellaneous, Linkage group lg4; Miscellaneous, Linkage group lg3; Miscellaneous, Linkage group lg5; Miscellaneous, Linkage group lg21; Unassembled WGS sequence; Mitochondrion	cellular organisms, Eukaryota, Opisthokonta, Metazoa, Eumetazoa, Bilateria, Deuterostomia, Chordata, Craniata, Vertebrata, Gnathostomata, Teleostomi, Euteleostomi, Actinopterygii, Actinopteri, Neopterygii, Teleostei, Osteoglossocephalai, Clupeocephala, Euteleosteomorpha, Neoteleostei, Eurypterygia, Ctenosquamata, Acanthomorphata, Euacanthomorphacea, Percomorphaceae, Ovalentaria, Atherinomorphae, Cyprinodontiformes, Cyprinodontoidei, Poeciliidae, Poeciliinae, Poecilia	GCA_000633615.2	full
UP000242913	Onchocerca flexuosa	387005	8122	C:66.7%[S:66.1%,D:0.6%],F:3.2%,M:30.2%,n:3131	Unknown	Unassembled WGS sequence	cellular organisms, Eukaryota, Opisthokonta, Metazoa, Eumetazoa, Bilateria, Protostomia, Ecdysozoa, Nematoda, Chromadorea, Rhabditida, Spirurina, Spiruromorpha, Filarioidea, Onchocercidae, Onchocerca	GCA_002249935.1	full
UP000243686	Opisthorchis viverrini (Southeast Asian liver fluke)	6198	10745	C:57.0%[S:56.3%,D:0.7%],F:10.1%,M:32.9%,n:954	Unknown	Unassembled WGS sequence	cellular organisms, Eukaryota, Opisthokonta, Metazoa, Eumetazoa, Bilateria, Protostomia, Spiralia, Lophotrochozoa, Platyhelminthes, Trematoda, Digenea, Opisthorchiida, Opisthorchiata, Opisthorchiidae, Opisthorchis	GCA_001990785.1	full
UP000245320	Tursiops truncatus (Atlantic bottle-nosed dolphin) (Delphinus truncatus)	9739	45006	C:98.7%[S:43.7%,D:55.0%],F:0.5%,M:0.8%,n:13335	Unknown	Chromosome 1; Chromosome 2; Chromosome 3; Chromosome 4; Chromosome 5; Chromosome 6; Chromosome 7; Chromosome 8; Chromosome 9; Chromosome 10; Chromosome X; Chromosome 11; Chromosome 12; Chromosome 13; Chromosome 14; Chromosome 15; Chromosome 16; Chromosome 17; Chromosome 19; Chromosome 18; Chromosome 20; Chromosome 21; Chromosome Y; Mitochondrion MT; Unplaced	cellular organisms, Eukaryota, Opisthokonta, Metazoa, Eumetazoa, Bilateria, Deuterostomia, Chordata, Craniata, Vertebrata, Gnathostomata, Teleostomi, Euteleostomi, Sarcopterygii, Dipnotetrapodomorpha, Tetrapoda, Amniota, Mammalia, Theria, Eutheria, Boreoeutheria, Laurasiatheria, Artiodactyla, Whippomorpha, Cetacea, Odontoceti, Delphinidae, Tursiops	GCF_011762595.1	full
UP000245340	Odobenus rosmarus divergens (Pacific walrus)	9708	25143	C:89.2%[S:70.0%,D:19.2%],F:0.4%,M:10.4%,n:14502	Unknown	Mitochondrion MT; Unplaced	cellular organisms, Eukaryota, Opisthokonta, Metazoa, Eumetazoa, Bilateria, Deuterostomia, Chordata, Craniata, Vertebrata, Gnathostomata, Teleostomi, Euteleostomi, Sarcopterygii, Dipnotetrapodomorpha, Tetrapoda, Amniota, Mammalia, Theria, Eutheria, Boreoeutheria, Laurasiatheria, Carnivora, Caniformia, Pinnipedia, Odobenidae, Odobenus, Odobenus rosmarus	GCF_000321225.1	full
UP000245341	Leptonychotes weddellii (Weddell seal) (Otaria weddellii)	9713	34127	C:84.8%[S:53.8%,D:31.0%],F:9.4%,M:5.9%,n:14502	Unknown	Mitochondrion MT; Unplaced	cellular organisms, Eukaryota, Opisthokonta, Metazoa, Eumetazoa, Bilateria, Deuterostomia, Chordata, Craniata, Vertebrata, Gnathostomata, Teleostomi, Euteleostomi, Sarcopterygii, Dipnotetrapodomorpha, Tetrapoda, Amniota, Mammalia, Theria, Eutheria, Boreoeutheria, Laurasiatheria, Carnivora, Caniformia, Pinnipedia, Phocidae, Monachinae, Lobodontini, Leptonychotes	GCF_000349705.1	full
UP000246464	Scophthalmus maximus (Turbot) (Psetta maxima)	52904	24929	C:89.5%[S:73.5%,D:15.9%],F:2.0%,M:8.6%,n:3640	Unknown	Chromosome 1; Chromosome 2; Chromosome 3; Chromosome 4; Chromosome 5; Chromosome 6; Chromosome 7; Chromosome 8; Chromosome 9; Chromosome 10; Chromosome 11; Chromosome 12; Chromosome 13; Chromosome 14; Chromosome 15; Chromosome 16; Chromosome 17; Chromosome 18; Chromosome 19; Chromosome 20; Chromosome 21; Chromosome 22	cellular organisms, Eukaryota, Opisthokonta, Metazoa, Eumetazoa, Bilateria, Deuterostomia, Chordata, Craniata, Vertebrata, Gnathostomata, Teleostomi, Euteleostomi, Actinopterygii, Actinopteri, Neopterygii, Teleostei, Osteoglossocephalai, Clupeocephala, Euteleosteomorpha, Neoteleostei, Eurypterygia, Ctenosquamata, Acanthomorphata, Euacanthomorphacea, Percomorphaceae, Carangaria, Pleuronectiformes, Pleuronectoidei, Scophthalmidae, Scophthalmus	GCA_003186165.1	full
UP000248480	Trichechus manatus latirostris (Florida manatee)	127582	31514	C:96.8%[S:62.4%,D:34.4%],F:1.4%,M:1.8%,n:11366	Unknown	Mitochondrion MT; Unplaced	cellular organisms, Eukaryota, Opisthokonta, Metazoa, Eumetazoa, Bilateria, Deuterostomia, Chordata, Craniata, Vertebrata, Gnathostomata, Teleostomi, Euteleostomi, Sarcopterygii, Dipnotetrapodomorpha, Tetrapoda, Amniota, Mammalia, Theria, Eutheria, Afrotheria, Sirenia, Trichechidae, Trichechus, Trichechus manatus	GCF_000243295.1	full
UP000248481	Neomonachus schauinslandi (Hawaiian monk seal) (Monachus schauinslandi)	29088	31927	C:98.4%[S:63.7%,D:34.7%],F:0.5%,M:1.1%,n:14502	Unknown	Chromosome 1; Chromosome 2; Chromosome 3; Chromosome 4; Chromosome 5; Chromosome 6; Chromosome 7; Chromosome 8; Chromosome 9; Chromosome 10; Chromosome X; Chromosome 11; Chromosome 12; Chromosome 13; Chromosome 14; Chromosome 15; Chromosome 16; Chromosome Y; Unplaced	cellular organisms, Eukaryota, Opisthokonta, Metazoa, Eumetazoa, Bilateria, Deuterostomia, Chordata, Craniata, Vertebrata, Gnathostomata, Teleostomi, Euteleostomi, Sarcopterygii, Dipnotetrapodomorpha, Tetrapoda, Amniota, Mammalia, Theria, Eutheria, Boreoeutheria, Laurasiatheria, Carnivora, Caniformia, Pinnipedia, Phocidae, Monachinae, Monachini, Neomonachus	GCF_002201575.2	full
UP000248482	Enhydra lutris kenyoni (northern sea otter)	391180	32812	C:99.3%[S:59.1%,D:40.2%],F:0.2%,M:0.5%,n:14502	Unknown	Mitochondrion MT; Unplaced	cellular organisms, Eukaryota, Opisthokonta, Metazoa, Eumetazoa, Bilateria, Deuterostomia, Chordata, Craniata, Vertebrata, Gnathostomata, Teleostomi, Euteleostomi, Sarcopterygii, Dipnotetrapodomorpha, Tetrapoda, Amniota, Mammalia, Theria, Eutheria, Boreoeutheria, Laurasiatheria, Carnivora, Caniformia, Musteloidea, Mustelidae, Lutrinae, Enhydra, Enhydra lutris	GCF_002288905.1	full
UP000248483	Delphinapterus leucas (Beluga whale)	9749	40685	C:99.0%[S:46.0%,D:52.9%],F:0.4%,M:0.6%,n:13335	Unknown	Mitochondrion MT; Unplaced	cellular organisms, Eukaryota, Opisthokonta, Metazoa, Eumetazoa, Bilateria, Deuterostomia, Chordata, Craniata, Vertebrata, Gnathostomata, Teleostomi, Euteleostomi, Sarcopterygii, Dipnotetrapodomorpha, Tetrapoda, Amniota, Mammalia, Theria, Eutheria, Boreoeutheria, Laurasiatheria, Artiodactyla, Whippomorpha, Cetacea, Odontoceti, Monodontidae, Delphinapterus	GCF_002288925.2	full
UP000248484	Physeter macrocephalus (Sperm whale) (Physeter catodon)	9755	42599	C:95.1%[S:48.7%,D:46.4%],F:2.3%,M:2.6%,n:13335	Unknown	Chromosome 1; Chromosome 2; Chromosome 3; Chromosome 4; Chromosome 5; Chromosome 6; Chromosome 7; Chromosome 8; Chromosome 9; Chromosome 10; Chromosome 11; Chromosome 12; Chromosome 13; Chromosome 14; Chromosome 15; Chromosome 16; Chromosome 17; Chromosome 18; Chromosome 19; Chromosome 20; Chromosome 21; Mitochondrion MT; Unplaced	cellular organisms, Eukaryota, Opisthokonta, Metazoa, Eumetazoa, Bilateria, Deuterostomia, Chordata, Craniata, Vertebrata, Gnathostomata, Teleostomi, Euteleostomi, Sarcopterygii, Dipnotetrapodomorpha, Tetrapoda, Amniota, Mammalia, Theria, Eutheria, Boreoeutheria, Laurasiatheria, Artiodactyla, Whippomorpha, Cetacea, Odontoceti, Physeteridae, Physeter	GCF_002837175.3	full
UP000249218	Helicoverpa armigera (Cotton bollworm) (Heliothis armigera)	29058	8765	C:43.3%[S:42.2%,D:1.1%],F:1.0%,M:55.7%,n:5286	Unknown	Unassembled WGS sequence	cellular organisms, Eukaryota, Opisthokonta, Metazoa, Eumetazoa, Bilateria, Protostomia, Ecdysozoa, Panarthropoda, Arthropoda, Mandibulata, Pancrustacea, Hexapoda, Insecta, Dicondylia, Pterygota, Neoptera, Endopterygota, Amphiesmenoptera, Lepidoptera, Glossata, Neolepidoptera, Heteroneura, Ditrysia, Obtectomera, Noctuoidea, Noctuidae, Heliothinae, Helicoverpa	GCA_002156985.1	full
UP000250275	Eufriesea mexicana	516756	7068	C:51.1%[S:50.7%,D:0.4%],F:3.2%,M:45.8%,n:5991	Unknown	Unassembled WGS sequence	cellular organisms, Eukaryota, Opisthokonta, Metazoa, Eumetazoa, Bilateria, Protostomia, Ecdysozoa, Panarthropoda, Arthropoda, Mandibulata, Pancrustacea, Hexapoda, Insecta, Dicondylia, Pterygota, Neoptera, Endopterygota, Hymenoptera, Apocrita, Aculeata, Apoidea, Anthophila, Apidae, Apinae, Euglossini, Eufriesea	GCA_001483705.2	full
UP000250572	Gambusia affinis (Western mosquitofish) (Heterandria affinis)	33528	19443	C:71.3%[S:71.1%,D:0.2%],F:3.0%,M:25.8%,n:15213	Unknown	Unassembled WGS sequence	cellular organisms, Eukaryota, Opisthokonta, Metazoa, Eumetazoa, Bilateria, Deuterostomia, Chordata, Craniata, Vertebrata, Gnathostomata, Teleostomi, Euteleostomi, Actinopterygii, Actinopteri, Neopterygii, Teleostei, Osteoglossocephalai, Clupeocephala, Euteleosteomorpha, Neoteleostei, Eurypterygia, Ctenosquamata, Acanthomorphata, Euacanthomorphacea, Percomorphaceae, Ovalentaria, Atherinomorphae, Cyprinodontiformes, Cyprinodontoidei, Poeciliidae, Poeciliinae, Gambusia	GCA_003097735.1	full
UP000252040	Neophocaena asiaeorientalis asiaeorientalis (Yangtze finless porpoise) (Neophocaena phocaenoides subsp. asiaeorientalis)	1706337	32061	C:97.8%[S:57.3%,D:40.5%],F:0.9%,M:1.3%,n:13335	Unknown	Mitochondrion MT; Unplaced	cellular organisms, Eukaryota, Opisthokonta, Metazoa, Eumetazoa, Bilateria, Deuterostomia, Chordata, Craniata, Vertebrata, Gnathostomata, Teleostomi, Euteleostomi, Sarcopterygii, Dipnotetrapodomorpha, Tetrapoda, Amniota, Mammalia, Theria, Eutheria, Boreoeutheria, Laurasiatheria, Artiodactyla, Whippomorpha, Cetacea, Odontoceti, Phocoenidae, Neophocaena, Neophocaena asiaeorientalis	GCF_003031525.2	full
UP000257200	Acanthochromis polyacanthus (spiny chromis)	80966	33479	C:94.5%[S:64.7%,D:29.8%],F:2.4%,M:3.0%,n:3640	Unknown	Whole Genome Shotgun Assembly; Unplaced	cellular organisms, Eukaryota, Opisthokonta, Metazoa, Eumetazoa, Bilateria, Deuterostomia, Chordata, Craniata, Vertebrata, Gnathostomata, Teleostomi, Euteleostomi, Actinopterygii, Actinopteri, Neopterygii, Teleostei, Osteoglossocephalai, Clupeocephala, Euteleosteomorpha, Neoteleostei, Eurypterygia, Ctenosquamata, Acanthomorphata, Euacanthomorphacea, Percomorphaceae, Ovalentaria, Ovalentaria incertae sedis, Pomacentridae, Acanthochromis	GCA_002109545.1	full
UP000261340	Amphilophus citrinellus (Midas cichlid) (Cichlasoma citrinellum)	61819	31741	C:90.6%[S:77.2%,D:13.4%],F:3.9%,M:5.5%,n:3640	Unknown	Whole Genome Shotgun Assembly; Unplaced	cellular organisms, Eukaryota, Opisthokonta, Metazoa, Eumetazoa, Bilateria, Deuterostomia, Chordata, Craniata, Vertebrata, Gnathostomata, Teleostomi, Euteleostomi, Actinopterygii, Actinopteri, Neopterygii, Teleostei, Osteoglossocephalai, Clupeocephala, Euteleosteomorpha, Neoteleostei, Eurypterygia, Ctenosquamata, Acanthomorphata, Euacanthomorphacea, Percomorphaceae, Ovalentaria, Cichlomorphae, Cichliformes, Cichlidae, New World cichlids, Cichlasomatinae, Heroini, Amphilophus	GCA_000751415.1	full
UP000261360	Seriola lalandi dorsalis	1841481	33056	C:95.7%[S:75.2%,D:20.5%],F:1.6%,M:2.7%,n:3640	Unknown	Whole Genome Shotgun Assembly; Unplaced	cellular organisms, Eukaryota, Opisthokonta, Metazoa, Eumetazoa, Bilateria, Deuterostomia, Chordata, Craniata, Vertebrata, Gnathostomata, Teleostomi, Euteleostomi, Actinopterygii, Actinopteri, Neopterygii, Teleostei, Osteoglossocephalai, Clupeocephala, Euteleosteomorpha, Neoteleostei, Eurypterygia, Ctenosquamata, Acanthomorphata, Euacanthomorphacea, Percomorphaceae, Carangaria, Carangiformes, Carangidae, Seriola, Seriola lalandi	GCA_002814215.1	full
UP000261380	Xiphophorus couchianus (Monterrey platyfish)	32473	28020	C:62.1%[S:52.6%,D:9.5%],F:5.5%,M:32.4%,n:15213	Unknown	Whole Genome Shotgun Assembly; Unplaced	cellular organisms, Eukaryota, Opisthokonta, Metazoa, Eumetazoa, Bilateria, Deuterostomia, Chordata, Craniata, Vertebrata, Gnathostomata, Teleostomi, Euteleostomi, Actinopterygii, Actinopteri, Neopterygii, Teleostei, Osteoglossocephalai, Clupeocephala, Euteleosteomorpha, Neoteleostei, Eurypterygia, Ctenosquamata, Acanthomorphata, Euacanthomorphacea, Percomorphaceae, Ovalentaria, Atherinomorphae, Cyprinodontiformes, Cyprinodontoidei, Poeciliidae, Poeciliinae, Xiphophorus	GCA_001444195.1	full
UP000261420	Seriola dumerili (Greater amberjack) (Caranx dumerili)	41447	32409	C:97.4%[S:72.4%,D:25.0%],F:0.7%,M:1.8%,n:3640	Unknown	Whole Genome Shotgun Assembly; Unplaced	cellular organisms, Eukaryota, Opisthokonta, Metazoa, Eumetazoa, Bilateria, Deuterostomia, Chordata, Craniata, Vertebrata, Gnathostomata, Teleostomi, Euteleostomi, Actinopterygii, Actinopteri, Neopterygii, Teleostei, Osteoglossocephalai, Clupeocephala, Euteleosteomorpha, Neoteleostei, Eurypterygia, Ctenosquamata, Acanthomorphata, Euacanthomorphacea, Percomorphaceae, Carangaria, Carangiformes, Carangidae, Seriola	GCA_002260705.1	full
UP000261480	Poecilia mexicana	48701	33125	C:89.2%[S:61.9%,D:27.3%],F:2.4%,M:8.4%,n:15213	Unknown	Whole Genome Shotgun Assembly; Unplaced	cellular organisms, Eukaryota, Opisthokonta, Metazoa, Eumetazoa, Bilateria, Deuterostomia, Chordata, Craniata, Vertebrata, Gnathostomata, Teleostomi, Euteleostomi, Actinopterygii, Actinopteri, Neopterygii, Teleostei, Osteoglossocephalai, Clupeocephala, Euteleosteomorpha, Neoteleostei, Eurypterygia, Ctenosquamata, Acanthomorphata, Euacanthomorphacea, Percomorphaceae, Ovalentaria, Atherinomorphae, Cyprinodontiformes, Cyprinodontoidei, Poeciliidae, Poeciliinae, Poecilia	GCA_001443325.1	full
UP000261500	Poecilia latipinna (sailfin molly)	48699	30911	C:85.7%[S:67.5%,D:18.2%],F:3.2%,M:11.0%,n:15213	Unknown	Whole Genome Shotgun Assembly; Unplaced	cellular organisms, Eukaryota, Opisthokonta, Metazoa, Eumetazoa, Bilateria, Deuterostomia, Chordata, Craniata, Vertebrata, Gnathostomata, Teleostomi, Euteleostomi, Actinopterygii, Actinopteri, Neopterygii, Teleostei, Osteoglossocephalai, Clupeocephala, Euteleosteomorpha, Neoteleostei, Eurypterygia, Ctenosquamata, Acanthomorphata, Euacanthomorphacea, Percomorphaceae, Ovalentaria, Atherinomorphae, Cyprinodontiformes, Cyprinodontoidei, Poeciliidae, Poeciliinae, Poecilia	GCA_001443285.1	full
UP000261520	Periophthalmus magnuspinnatus	409849	30051	C:84.7%[S:72.0%,D:12.7%],F:5.9%,M:9.5%,n:3640	Unknown	Whole Genome Shotgun Assembly; Unplaced	cellular organisms, Eukaryota, Opisthokonta, Metazoa, Eumetazoa, Bilateria, Deuterostomia, Chordata, Craniata, Vertebrata, Gnathostomata, Teleostomi, Euteleostomi, Actinopterygii, Actinopteri, Neopterygii, Teleostei, Osteoglossocephalai, Clupeocephala, Euteleosteomorpha, Neoteleostei, Eurypterygia, Ctenosquamata, Acanthomorphata, Euacanthomorphacea, Percomorphaceae, Gobiaria, Gobiiformes, Gobioidei, Gobiidae, Oxudercinae, Periophthalmus	GCA_000787105.1	full
UP000261540	Paramormyrops kingsleyae	1676925	39949	C:96.0%[S:55.7%,D:40.4%],F:1.7%,M:2.3%,n:3640	Unknown	Whole Genome Shotgun Assembly; Unplaced	cellular organisms, Eukaryota, Opisthokonta, Metazoa, Eumetazoa, Bilateria, Deuterostomia, Chordata, Craniata, Vertebrata, Gnathostomata, Teleostomi, Euteleostomi, Actinopterygii, Actinopteri, Neopterygii, Teleostei, Osteoglossocephalai, Osteoglossocephala, Osteoglossomorpha, Osteoglossiformes, Mormyridae, Paramormyrops	GCA_002872115.1	full
UP000261560	Oryzias melastigma (Marine medaka)	30732	34855	C:95.3%[S:65.0%,D:30.3%],F:1.8%,M:2.9%,n:3640	Unknown	Whole Genome Shotgun Assembly; Unplaced	cellular organisms, Eukaryota, Opisthokonta, Metazoa, Eumetazoa, Bilateria, Deuterostomia, Chordata, Craniata, Vertebrata, Gnathostomata, Teleostomi, Euteleostomi, Actinopterygii, Actinopteri, Neopterygii, Teleostei, Osteoglossocephalai, Clupeocephala, Euteleosteomorpha, Neoteleostei, Eurypterygia, Ctenosquamata, Acanthomorphata, Euacanthomorphacea, Percomorphaceae, Ovalentaria, Atherinomorphae, Beloniformes, Adrianichthyoidei, Adrianichthyidae, Oryziinae, Oryzias	GCA_002922805.1	full
UP000261580	Neolamprologus brichardi (Fairy cichlid) (Lamprologus brichardi)	32507	31886	C:86.6%[S:69.8%,D:16.8%],F:5.4%,M:8.0%,n:3640	Unknown	Unassembled WGS sequence	cellular organisms, Eukaryota, Opisthokonta, Metazoa, Eumetazoa, Bilateria, Deuterostomia, Chordata, Craniata, Vertebrata, Gnathostomata, Teleostomi, Euteleostomi, Actinopterygii, Actinopteri, Neopterygii, Teleostei, Osteoglossocephalai, Clupeocephala, Euteleosteomorpha, Neoteleostei, Eurypterygia, Ctenosquamata, Acanthomorphata, Euacanthomorphacea, Percomorphaceae, Ovalentaria, Cichlomorphae, Cichliformes, Cichlidae, African cichlids, Pseudocrenilabrinae, Lamprologini, Neolamprologus	GCA_000239395.1	full
UP000261600	Monopterus albus (Swamp eel)	43700	32112	C:94.8%[S:67.9%,D:26.9%],F:2.4%,M:2.8%,n:3640	Unknown	Whole Genome Shotgun Assembly; Unplaced	cellular organisms, Eukaryota, Opisthokonta, Metazoa, Eumetazoa, Bilateria, Deuterostomia, Chordata, Craniata, Vertebrata, Gnathostomata, Teleostomi, Euteleostomi, Actinopterygii, Actinopteri, Neopterygii, Teleostei, Osteoglossocephalai, Clupeocephala, Euteleosteomorpha, Neoteleostei, Eurypterygia, Ctenosquamata, Acanthomorphata, Euacanthomorphacea, Percomorphaceae, Anabantaria, Synbranchiformes, Synbranchoidei, Synbranchidae, Monopterus	GCA_001952655.1	full
UP000261620	Mola mola (Ocean sunfish) (Tetraodon mola)	94237	28962	C:90.8%[S:75.2%,D:15.6%],F:3.5%,M:5.7%,n:3640	Unknown	Whole Genome Shotgun Assembly; Unplaced	cellular organisms, Eukaryota, Opisthokonta, Metazoa, Eumetazoa, Bilateria, Deuterostomia, Chordata, Craniata, Vertebrata, Gnathostomata, Teleostomi, Euteleostomi, Actinopterygii, Actinopteri, Neopterygii, Teleostei, Osteoglossocephalai, Clupeocephala, Euteleosteomorpha, Neoteleostei, Eurypterygia, Ctenosquamata, Acanthomorphata, Euacanthomorphacea, Percomorphaceae, Eupercaria, Tetraodontiformes, Moloidei, Molidae, Mola	GCA_001698575.1	full
UP000261640	Mastacembelus armatus (zig-zag eel)	205130	59113	C:96.8%[S:51.3%,D:45.5%],F:1.0%,M:2.3%,n:3640	Unknown	Whole Genome Shotgun Assembly; Unplaced	cellular organisms, Eukaryota, Opisthokonta, Metazoa, Eumetazoa, Bilateria, Deuterostomia, Chordata, Craniata, Vertebrata, Gnathostomata, Teleostomi, Euteleostomi, Actinopterygii, Actinopteri, Neopterygii, Teleostei, Osteoglossocephalai, Clupeocephala, Euteleosteomorpha, Neoteleostei, Eurypterygia, Ctenosquamata, Acanthomorphata, Euacanthomorphacea, Percomorphaceae, Anabantaria, Synbranchiformes, Mastacembeloidei, Mastacembelidae, Mastacembelus	GCA_900324485.2	full
UP000261660	Labrus bergylta (ballan wrasse)	56723	37792	C:94.1%[S:66.6%,D:27.6%],F:2.8%,M:3.1%,n:3640	Unknown	Whole Genome Shotgun Assembly; Unplaced	cellular organisms, Eukaryota, Opisthokonta, Metazoa, Eumetazoa, Bilateria, Deuterostomia, Chordata, Craniata, Vertebrata, Gnathostomata, Teleostomi, Euteleostomi, Actinopterygii, Actinopteri, Neopterygii, Teleostei, Osteoglossocephalai, Clupeocephala, Euteleosteomorpha, Neoteleostei, Eurypterygia, Ctenosquamata, Acanthomorphata, Euacanthomorphacea, Percomorphaceae, Eupercaria, Labriformes, Labridae, Labrus	GCA_900080235.1	full
UP000261680	Ursus maritimus (Polar bear) (Thalarctos maritimus)	29073	34892	C:99.0%[S:59.7%,D:39.3%],F:0.4%,M:0.6%,n:14502	Unknown	Chromosome X; Chromosome Y; Mitochondrion MT; Unplaced	cellular organisms, Eukaryota, Opisthokonta, Metazoa, Eumetazoa, Bilateria, Deuterostomia, Chordata, Craniata, Vertebrata, Gnathostomata, Teleostomi, Euteleostomi, Sarcopterygii, Dipnotetrapodomorpha, Tetrapoda, Amniota, Mammalia, Theria, Eutheria, Boreoeutheria, Laurasiatheria, Carnivora, Caniformia, Ursidae, Ursus	GCF_017311325.1	full
UP000264800	Kryptolebias marmoratus (Mangrove killifish) (Rivulus marmoratus)	37003	29685	C:88.2%[S:68.1%,D:20.1%],F:2.1%,M:9.7%,n:15213	Unknown	Whole Genome Shotgun Assembly; Unplaced	cellular organisms, Eukaryota, Opisthokonta, Metazoa, Eumetazoa, Bilateria, Deuterostomia, Chordata, Craniata, Vertebrata, Gnathostomata, Teleostomi, Euteleostomi, Actinopterygii, Actinopteri, Neopterygii, Teleostei, Osteoglossocephalai, Clupeocephala, Euteleosteomorpha, Neoteleostei, Eurypterygia, Ctenosquamata, Acanthomorphata, Euacanthomorphacea, Percomorphaceae, Ovalentaria, Atherinomorphae, Cyprinodontiformes, Aplocheiloidei, Rivulidae, Kryptolebias	GCA_001649575.1	full
UP000264820	Hippocampus comes (Tiger tail seahorse)	109280	27735	C:92.0%[S:72.1%,D:19.9%],F:3.2%,M:4.8%,n:3640	Unknown	Whole Genome Shotgun Assembly; Unplaced	cellular organisms, Eukaryota, Opisthokonta, Metazoa, Eumetazoa, Bilateria, Deuterostomia, Chordata, Craniata, Vertebrata, Gnathostomata, Teleostomi, Euteleostomi, Actinopterygii, Actinopteri, Neopterygii, Teleostei, Osteoglossocephalai, Clupeocephala, Euteleosteomorpha, Neoteleostei, Eurypterygia, Ctenosquamata, Acanthomorphata, Euacanthomorphacea, Percomorphaceae, Syngnathiaria, Syngnathiformes, Syngnathoidei, Syngnathidae, Hippocampinae, Hippocampus	GCA_001891065.1	full
UP000264840	Haplochromis burtoni (Burton's mouthbrooder) (Chromis burtoni)	8153	34332	C:95.2%[S:63.0%,D:32.3%],F:2.0%,M:2.8%,n:3640	Unknown	Whole Genome Shotgun Assembly; Unplaced	cellular organisms, Eukaryota, Opisthokonta, Metazoa, Eumetazoa, Bilateria, Deuterostomia, Chordata, Craniata, Vertebrata, Gnathostomata, Teleostomi, Euteleostomi, Actinopterygii, Actinopteri, Neopterygii, Teleostei, Osteoglossocephalai, Clupeocephala, Euteleosteomorpha, Neoteleostei, Eurypterygia, Ctenosquamata, Acanthomorphata, Euacanthomorphacea, Percomorphaceae, Ovalentaria, Cichlomorphae, Cichliformes, Cichlidae, African cichlids, Pseudocrenilabrinae, Haplochromini, Haplochromis	GCA_000239415.1	full
UP000265000	Fundulus heteroclitus (Killifish) (Mummichog)	8078	33571	C:83.7%[S:56.6%,D:27.1%],F:3.0%,M:13.4%,n:15213	Unknown	Whole Genome Shotgun Assembly; Unplaced	cellular organisms, Eukaryota, Opisthokonta, Metazoa, Eumetazoa, Bilateria, Deuterostomia, Chordata, Craniata, Vertebrata, Gnathostomata, Teleostomi, Euteleostomi, Actinopterygii, Actinopteri, Neopterygii, Teleostei, Osteoglossocephalai, Clupeocephala, Euteleosteomorpha, Neoteleostei, Eurypterygia, Ctenosquamata, Acanthomorphata, Euacanthomorphacea, Percomorphaceae, Ovalentaria, Atherinomorphae, Cyprinodontiformes, Cyprinodontoidei, Fundulidae, Fundulus	GCA_000826765.1	full
UP000265020	Cyprinodon variegatus (Sheepshead minnow)	28743	31881	C:85.6%[S:62.2%,D:23.4%],F:3.0%,M:11.4%,n:15213	Unknown	Unassembled WGS sequence	cellular organisms, Eukaryota, Opisthokonta, Metazoa, Eumetazoa, Bilateria, Deuterostomia, Chordata, Craniata, Vertebrata, Gnathostomata, Teleostomi, Euteleostomi, Actinopterygii, Actinopteri, Neopterygii, Teleostei, Osteoglossocephalai, Clupeocephala, Euteleosteomorpha, Neoteleostei, Eurypterygia, Ctenosquamata, Acanthomorphata, Euacanthomorphacea, Percomorphaceae, Ovalentaria, Atherinomorphae, Cyprinodontiformes, Cyprinodontoidei, Cyprinodontidae, Cyprinodontinae, Cyprinodontini, Cyprinodon	GCA_000732505.1	full
UP000265040	Anabas testudineus (Climbing perch) (Anthias testudineus)	64144	64128	C:98.2%[S:50.4%,D:47.8%],F:0.7%,M:1.1%,n:3640	Unknown	Chromosome 1; Chromosome 2; Chromosome 3; Chromosome 4; Chromosome 5; Chromosome 6; Chromosome 7; Chromosome 8; Chromosome 9; Chromosome 10; Chromosome 11; Chromosome 12; Chromosome 13; Chromosome 14; Chromosome 15; Chromosome 16; Chromosome 17; Chromosome 18; Chromosome 19; Chromosome 21; Chromosome 22; Chromosome 23; Chromosome 24; Mitochondrion MT; Unassembled WGS sequence	cellular organisms, Eukaryota, Opisthokonta, Metazoa, Eumetazoa, Bilateria, Deuterostomia, Chordata, Craniata, Vertebrata, Gnathostomata, Teleostomi, Euteleostomi, Actinopterygii, Actinopteri, Neopterygii, Teleostei, Osteoglossocephalai, Clupeocephala, Euteleosteomorpha, Neoteleostei, Eurypterygia, Ctenosquamata, Acanthomorphata, Euacanthomorphacea, Percomorphaceae, Anabantaria, Anabantiformes, Anabantoidei, Anabantidae, Anabas	GCA_900324465.3	full
UP000265080	Amphiprion percula (Orange clownfish) (Lutjanus percula)	161767	33681	C:95.5%[S:66.7%,D:28.8%],F:1.9%,M:2.6%,n:3640	Unknown	Chromosome 1; Chromosome 2; Chromosome 3; Chromosome 4; Chromosome 5; Chromosome 6; Chromosome 7; Chromosome 8; Chromosome 9; Chromosome 10; Chromosome 11; Chromosome 12; Chromosome 13; Chromosome 14; Chromosome 15; Chromosome 16; Chromosome 17; Chromosome 18; Chromosome 19; Chromosome 20; Chromosome 21; Chromosome 22; Chromosome 23; Chromosome 24; Unplaced	cellular organisms, Eukaryota, Opisthokonta, Metazoa, Eumetazoa, Bilateria, Deuterostomia, Chordata, Craniata, Vertebrata, Gnathostomata, Teleostomi, Euteleostomi, Actinopterygii, Actinopteri, Neopterygii, Teleostei, Osteoglossocephalai, Clupeocephala, Euteleosteomorpha, Neoteleostei, Eurypterygia, Ctenosquamata, Acanthomorphata, Euacanthomorphacea, Percomorphaceae, Ovalentaria, Ovalentaria incertae sedis, Pomacentridae, Amphiprion	GCA_003047355.1	full
UP000265100	Astatotilapia calliptera (Eastern happy) (Chromis callipterus)	8154	74908	C:96.6%[S:37.8%,D:58.8%],F:0.7%,M:2.7%,n:3640	Unknown	Chromosome 1; Chromosome 2; Chromosome 3; Chromosome 4; Chromosome 5; Chromosome 6; Chromosome 7; Chromosome 8; Chromosome 9; Chromosome 10; Chromosome 11; Chromosome 12; Chromosome 13; Chromosome 14; Chromosome 15; Chromosome 16; Chromosome 17; Chromosome 18; Chromosome 19; Chromosome 20; Chromosome 22; Chromosome 23; Mitochondrion MT; Unplaced	cellular organisms, Eukaryota, Opisthokonta, Metazoa, Eumetazoa, Bilateria, Deuterostomia, Chordata, Craniata, Vertebrata, Gnathostomata, Teleostomi, Euteleostomi, Actinopterygii, Actinopteri, Neopterygii, Teleostei, Osteoglossocephalai, Clupeocephala, Euteleosteomorpha, Neoteleostei, Eurypterygia, Ctenosquamata, Acanthomorphata, Euacanthomorphacea, Percomorphaceae, Ovalentaria, Cichlomorphae, Cichliformes, Cichlidae, African cichlids, Pseudocrenilabrinae, Haplochromini, Astatotilapia	GCA_900246225.5	full
UP000265120	Cynoglossus semilaevis (Tongue sole)	244447	32408	C:94.6%[S:62.1%,D:32.5%],F:1.9%,M:3.5%,n:3640	Unknown	Chromosome 1; Chromosome 2; Chromosome 3; Chromosome 4; Chromosome 5; Chromosome 6; Chromosome 7; Chromosome 8; Chromosome 9; Chromosome 10; Chromosome 11; Chromosome 12; Chromosome 13; Chromosome 14; Chromosome 15; Chromosome 16; Chromosome 17; Chromosome 18; Chromosome 19; Chromosome 20; Chromosome Z; Chromosome W; Unassembled WGS sequence	cellular organisms, Eukaryota, Opisthokonta, Metazoa, Eumetazoa, Bilateria, Deuterostomia, Chordata, Craniata, Vertebrata, Gnathostomata, Teleostomi, Euteleostomi, Actinopterygii, Actinopteri, Neopterygii, Teleostei, Osteoglossocephalai, Clupeocephala, Euteleosteomorpha, Neoteleostei, Eurypterygia, Ctenosquamata, Acanthomorphata, Euacanthomorphacea, Percomorphaceae, Carangaria, Pleuronectiformes, Pleuronectoidei, Cynoglossidae, Cynoglossinae, Cynoglossus	GCA_000523025.1	full
UP000265140	Esox lucius (Northern pike)	8010	74441	C:98.0%[S:38.7%,D:59.3%],F:1.0%,M:1.0%,n:3640	Unknown	Chromosome 1; Chromosome 2; Chromosome 3; Chromosome 4; Chromosome 5; Chromosome 6; Chromosome 7; Chromosome 8; Chromosome 9; Chromosome 10; Chromosome 11; Chromosome 12; Chromosome 13; Chromosome 14; Chromosome 15; Chromosome 16; Chromosome 17; Chromosome 18; Chromosome 19; Chromosome 20; Chromosome 21; Chromosome 22; Chromosome 23; Chromosome 24; Chromosome 25; Mitochondrion MT; Unassembled WGS sequence	cellular organisms, Eukaryota, Opisthokonta, Metazoa, Eumetazoa, Bilateria, Deuterostomia, Chordata, Craniata, Vertebrata, Gnathostomata, Teleostomi, Euteleostomi, Actinopterygii, Actinopteri, Neopterygii, Teleostei, Osteoglossocephalai, Clupeocephala, Euteleosteomorpha, Protacanthopterygii, Esociformes, Esocidae, Esox	GCA_011004845.1	full
UP000265160	Maylandia zebra (zebra mbuna)	106582	37294	C:97.1%[S:72.0%,D:25.2%],F:1.1%,M:1.8%,n:3640	Unknown	LG1; LG2; LG3; LG4; LG5; LG6; LG7; LG8; LG9; LG10; LG11; LG12; LG13; LG14; LG15; LG16; LG17; LG18; LG19; LG20; LG22; LG23; Mitochondrion; Unplaced	cellular organisms, Eukaryota, Opisthokonta, Metazoa, Eumetazoa, Bilateria, Deuterostomia, Chordata, Craniata, Vertebrata, Gnathostomata, Teleostomi, Euteleostomi, Actinopterygii, Actinopteri, Neopterygii, Teleostei, Osteoglossocephalai, Clupeocephala, Euteleosteomorpha, Neoteleostei, Eurypterygia, Ctenosquamata, Acanthomorphata, Euacanthomorphacea, Percomorphaceae, Ovalentaria, Cichlomorphae, Cichliformes, Cichlidae, African cichlids, Pseudocrenilabrinae, Haplochromini, Maylandia, Maylandia zebra complex	GCA_000238955.5	full
UP000265300	Lipotes vexillifer (Yangtze river dolphin)	118797	24991	C:97.5%[S:74.5%,D:23.0%],F:1.0%,M:1.4%,n:13335	Unknown	Mitochondrion MT; Unplaced	cellular organisms, Eukaryota, Opisthokonta, Metazoa, Eumetazoa, Bilateria, Deuterostomia, Chordata, Craniata, Vertebrata, Gnathostomata, Teleostomi, Euteleostomi, Sarcopterygii, Dipnotetrapodomorpha, Tetrapoda, Amniota, Mammalia, Theria, Eutheria, Boreoeutheria, Laurasiatheria, Artiodactyla, Whippomorpha, Cetacea, Odontoceti, Lipotidae, Lipotes	GCF_000442215.2	full
UP000267096	Anisakis simplex (Herring worm)	6269	20779	C:64.6%[S:62.1%,D:2.5%],F:6.4%,M:29.0%,n:3131	Unknown	Unassembled WGS sequence	cellular organisms, Eukaryota, Opisthokonta, Metazoa, Eumetazoa, Bilateria, Protostomia, Ecdysozoa, Nematoda, Chromadorea, Rhabditida, Spirurina, Ascaridomorpha, Ascaridoidea, Anisakidae, Anisakis, Anisakis simplex complex	GCA_900617985.1	full
UP000268014	Haemonchus placei (Barber's pole worm)	6290	21409	C:77.9%[S:76.5%,D:1.4%],F:8.8%,M:13.3%,n:3131	Unknown	Unassembled WGS sequence	cellular organisms, Eukaryota, Opisthokonta, Metazoa, Eumetazoa, Bilateria, Protostomia, Ecdysozoa, Nematoda, Chromadorea, Rhabditida, Rhabditina, Rhabditomorpha, Strongyloidea, Trichostrongylidae, Haemonchus	GCA_900617895.1	full
UP000268350	Drosophila guanche (Fruit fly)	7266	17569	C:97.7%[S:75.3%,D:22.4%],F:0.2%,M:2.1%,n:3285	Unknown	Mitochondrion M; Unassembled WGS sequence	cellular organisms, Eukaryota, Opisthokonta, Metazoa, Eumetazoa, Bilateria, Protostomia, Ecdysozoa, Panarthropoda, Arthropoda, Mandibulata, Pancrustacea, Hexapoda, Insecta, Dicondylia, Pterygota, Neoptera, Endopterygota, Diptera, Brachycera, Muscomorpha, Eremoneura, Cyclorrhapha, Schizophora, Acalyptratae, Ephydroidea, Drosophilidae, Drosophilinae, Drosophilini, Drosophila, Sophophora, obscura group, obscura subgroup	GCA_900245975.1	full
UP000270296	Soboliphyme baturini	241478	13153	C:35.4%[S:34.7%,D:0.7%],F:6.2%,M:58.4%,n:3131	Unknown	Unassembled WGS sequence	cellular organisms, Eukaryota, Opisthokonta, Metazoa, Eumetazoa, Bilateria, Protostomia, Ecdysozoa, Nematoda, Enoplea, Dorylaimia, Dioctophymatida, Dioctophymatoidea, Soboliphymatidae, Soboliphyme	GCA_900618415.1	full
UP000270924	Wuchereria bancrofti	6293	13000	C:77.8%[S:77.3%,D:0.6%],F:7.1%,M:15.0%,n:3131	Unknown	Unassembled WGS sequence	cellular organisms, Eukaryota, Opisthokonta, Metazoa, Eumetazoa, Bilateria, Protostomia, Ecdysozoa, Nematoda, Chromadorea, Rhabditida, Spirurina, Spiruromorpha, Filarioidea, Onchocercidae, Wuchereria	GCA_900622535.1	full
UP000271087	Onchocerca ochengi (Filarial nematode worm)	42157	13353	C:84.2%[S:81.0%,D:3.2%],F:5.7%,M:10.0%,n:3131	Unknown	Unassembled WGS sequence	cellular organisms, Eukaryota, Opisthokonta, Metazoa, Eumetazoa, Bilateria, Protostomia, Ecdysozoa, Nematoda, Chromadorea, Rhabditida, Spirurina, Spiruromorpha, Filarioidea, Onchocercidae, Onchocerca	GCA_900537205.1	full
UP000271162	Nippostrongylus brasiliensis (Rat hookworm)	27835	22636	C:74.8%[S:68.9%,D:6.0%],F:8.9%,M:16.3%,n:3131	Unknown	Unassembled WGS sequence	cellular organisms, Eukaryota, Opisthokonta, Metazoa, Eumetazoa, Bilateria, Protostomia, Ecdysozoa, Nematoda, Chromadorea, Rhabditida, Rhabditina, Rhabditomorpha, Strongyloidea, Heligmosomidae, Nippostrongylus	GCA_900618405.1	full
UP000271974	Elysia chlorotica (Eastern emerald elysia) (Sea slug)	188477	23836	C:81.7%[S:80.7%,D:1.0%],F:3.4%,M:15.0%,n:5295	Unknown	Unassembled WGS sequence	cellular organisms, Eukaryota, Opisthokonta, Metazoa, Eumetazoa, Bilateria, Protostomia, Spiralia, Lophotrochozoa, Mollusca, Gastropoda, Heterobranchia, Euthyneura, Panpulmonata, Sacoglossa, Placobranchoidea, Plakobranchidae, Elysia	GCA_003991915.1	full
UP000274429	Hydatigena taeniaeformis (Feline tapeworm) (Taenia taeniaeformis)	6205	11591	C:59.0%[S:58.6%,D:0.4%],F:10.5%,M:30.5%,n:954	Unknown	Unassembled WGS sequence	cellular organisms, Eukaryota, Opisthokonta, Metazoa, Eumetazoa, Bilateria, Protostomia, Spiralia, Lophotrochozoa, Platyhelminthes, Cestoda, Eucestoda, Cyclophyllidea, Taeniidae, Hydatigera	GCA_900622495.1	full
UP000274756	Dracunculus medinensis (Guinea worm)	318479	10868	C:78.1%[S:77.5%,D:0.6%],F:5.8%,M:16.1%,n:3131	Unknown	Unassembled WGS sequence	cellular organisms, Eukaryota, Opisthokonta, Metazoa, Eumetazoa, Bilateria, Protostomia, Ecdysozoa, Nematoda, Chromadorea, Rhabditida, Spirurina, Dracunculoidea, Dracunculidae, Dracunculus	GCA_900625125.1	full
UP000275408	Pocillopora damicornis (Cauliflower coral) (Millepora damicornis)	46731	25411	C:87.7%[S:87.5%,D:0.2%],F:5.7%,M:6.6%,n:954	Unknown	Unassembled WGS sequence	cellular organisms, Eukaryota, Opisthokonta, Metazoa, Eumetazoa, Cnidaria, Anthozoa, Hexacorallia, Scleractinia, Astrocoeniina, Pocilloporidae, Pocillopora	GCA_003704095.1	full
UP000276776	Thelazia callipaeda (Oriental eyeworm) (Parasitic nematode)	103827	10885	C:89.2%[S:88.7%,D:0.4%],F:3.3%,M:7.5%,n:3131	Unknown	Unassembled WGS sequence	cellular organisms, Eukaryota, Opisthokonta, Metazoa, Eumetazoa, Bilateria, Protostomia, Ecdysozoa, Nematoda, Chromadorea, Rhabditida, Spirurina, Spiruromorpha, Thelazioidea, Thelaziidae, Thelazia	GCA_900618365.1	full
UP000276834	Chloebia gouldiae (Gouldian finch) (Erythrura gouldiae)	44316	18274	C:76.8%[S:75.3%,D:1.5%],F:4.9%,M:18.3%,n:10844	Unknown	Unassembled WGS sequence	cellular organisms, Eukaryota, Opisthokonta, Metazoa, Eumetazoa, Bilateria, Deuterostomia, Chordata, Craniata, Vertebrata, Gnathostomata, Teleostomi, Euteleostomi, Sarcopterygii, Dipnotetrapodomorpha, Tetrapoda, Amniota, Sauropsida, Sauria, Archelosauria, Archosauria, Dinosauria, Saurischia, Theropoda, Coelurosauria, Aves, Neognathae, Neoaves, Telluraves, Australaves, Passeriformes, Passeroidea, Passeridae, Chloebia	GCA_003676055.1	full
UP000278627	Brugia pahangi (Filarial nematode worm)	6280	14545	C:91.2%[S:90.0%,D:1.1%],F:3.5%,M:5.3%,n:3131	Unknown	Unassembled WGS sequence	cellular organisms, Eukaryota, Opisthokonta, Metazoa, Eumetazoa, Bilateria, Protostomia, Ecdysozoa, Nematoda, Chromadorea, Rhabditida, Spirurina, Spiruromorpha, Filarioidea, Onchocercidae, Brugia	GCA_900618355.1	full
UP000278807	Rodentolepis nana (Dwarf tapeworm) (Hymenolepis nana)	102285	13592	C:68.6%[S:67.4%,D:1.2%],F:6.7%,M:24.7%,n:954	Unknown	Unassembled WGS sequence	cellular organisms, Eukaryota, Opisthokonta, Metazoa, Eumetazoa, Bilateria, Protostomia, Spiralia, Lophotrochozoa, Platyhelminthes, Cestoda, Eucestoda, Cyclophyllidea, Hymenolepididae, Rodentolepis	GCA_900617975.1	full
UP000283210	Oryzias javanicus (Javanese ricefish) (Aplocheilus javanicus)	123683	21400	C:83.8%[S:82.4%,D:1.4%],F:2.7%,M:13.5%,n:3640	Unknown	Chromosome 1; Chromosome 2; Chromosome 3; Chromosome 4; Chromosome 5; Chromosome 6; Chromosome 7; Chromosome 8; Chromosome 9; Chromosome 10; Chromosome 11; Chromosome 12; Chromosome 13; Chromosome 14; Chromosome 15; Chromosome 16; Chromosome 17; Chromosome 18; Chromosome 19; Chromosome 20; Chromosome 21; Chromosome 22; Chromosome 23; Chromosome 24; Unassembled WGS sequence	cellular organisms, Eukaryota, Opisthokonta, Metazoa, Eumetazoa, Bilateria, Deuterostomia, Chordata, Craniata, Vertebrata, Gnathostomata, Teleostomi, Euteleostomi, Actinopterygii, Actinopteri, Neopterygii, Teleostei, Osteoglossocephalai, Clupeocephala, Euteleosteomorpha, Neoteleostei, Eurypterygia, Ctenosquamata, Acanthomorphata, Euacanthomorphacea, Percomorphaceae, Ovalentaria, Atherinomorphae, Beloniformes, Adrianichthyoidei, Adrianichthyidae, Oryziinae, Oryzias	GCA_003999625.1	full
UP000283509	Penaeus vannamei (Whiteleg shrimp) (Litopenaeus vannamei)	6689	25399	C:77.5%[S:72.5%,D:5.0%],F:8.7%,M:13.8%,n:1013	Unknown	Unassembled WGS sequence	cellular organisms, Eukaryota, Opisthokonta, Metazoa, Eumetazoa, Bilateria, Protostomia, Ecdysozoa, Panarthropoda, Arthropoda, Mandibulata, Pancrustacea, Crustacea, Multicrustacea, Malacostraca, Eumalacostraca, Eucarida, Decapoda, Dendrobranchiata, Penaeoidea, Penaeidae, Penaeus	GCA_003789085.1	full
UP000286415	Clonorchis sinensis (Chinese liver fluke)	79923	14344	C:73.5%[S:69.4%,D:4.1%],F:4.2%,M:22.3%,n:954	Unknown	Chromosome 1; Chromosome 2; Chromosome 3; Chromosome 4; Chromosome 5; Chromosome 6; Chromosome 7; Unassembled WGS sequence	cellular organisms, Eukaryota, Opisthokonta, Metazoa, Eumetazoa, Bilateria, Protostomia, Spiralia, Lophotrochozoa, Platyhelminthes, Trematoda, Digenea, Opisthorchiida, Opisthorchiata, Opisthorchiidae, Clonorchis	GCA_003604175.2	full
UP000286641	Callorhinus ursinus (Northern fur seal)	34884	35332	C:98.4%[S:49.2%,D:49.1%],F:0.3%,M:1.3%,n:14502	Unknown	Mitochondrion MT; Unplaced	cellular organisms, Eukaryota, Opisthokonta, Metazoa, Eumetazoa, Bilateria, Deuterostomia, Chordata, Craniata, Vertebrata, Gnathostomata, Teleostomi, Euteleostomi, Sarcopterygii, Dipnotetrapodomorpha, Tetrapoda, Amniota, Mammalia, Theria, Eutheria, Boreoeutheria, Laurasiatheria, Carnivora, Caniformia, Pinnipedia, Otariidae, Callorhinus	GCF_003265705.1	full
UP000288716	Leptotrombidium deliense	299467	14651	C:85.1%[S:82.9%,D:2.2%],F:3.7%,M:11.1%,n:2934	Unknown	Unassembled WGS sequence	cellular organisms, Eukaryota, Opisthokonta, Metazoa, Eumetazoa, Bilateria, Protostomia, Ecdysozoa, Panarthropoda, Arthropoda, Chelicerata, Arachnida, Acari, Acariformes, Trombidiformes, Prostigmata, Anystina, Parasitengona, Trombiculoidea, Trombiculidae, Leptotrombidium	GCA_003675905.2	full
UP000289886	Acipenser ruthenus (Sterlet sturgeon)	7906	22004	C:56.6%[S:38.4%,D:18.2%],F:7.4%,M:36.0%,n:3640	Unknown	Unassembled WGS sequence	cellular organisms, Eukaryota, Opisthokonta, Metazoa, Eumetazoa, Bilateria, Deuterostomia, Chordata, Craniata, Vertebrata, Gnathostomata, Teleostomi, Euteleostomi, Actinopterygii, Actinopteri, Chondrostei, Acipenseriformes, Acipenseroidei, Acipenseridae, Acipenserinae, Acipenserini, Acipenser	GCA_004119895.1	full
UP000290572	Labeo rohita (Indian major carp) (Cyprinus rohita)	84645	32379	C:72.4%[S:50.2%,D:22.3%],F:7.8%,M:19.8%,n:3640	Unknown	Mitochondrion MT; Unassembled WGS sequence	cellular organisms, Eukaryota, Opisthokonta, Metazoa, Eumetazoa, Bilateria, Deuterostomia, Chordata, Craniata, Vertebrata, Gnathostomata, Teleostomi, Euteleostomi, Actinopterygii, Actinopteri, Neopterygii, Teleostei, Osteoglossocephalai, Clupeocephala, Otomorpha, Ostariophysi, Otophysi, Cypriniphysae, Cypriniformes, Cyprinoidei, Cyprinidae, Labeoninae, Labeonini, Labeo	GCA_004120215.1	full
UP000290809	Schistosoma bovis (Blood fluke)	6184	11348	C:60.5%[S:57.4%,D:3.0%],F:11.9%,M:27.6%,n:954	Unknown	Mitochondrion MT; Unassembled WGS sequence	cellular organisms, Eukaryota, Opisthokonta, Metazoa, Eumetazoa, Bilateria, Protostomia, Spiralia, Lophotrochozoa, Platyhelminthes, Trematoda, Digenea, Strigeidida, Schistosomatoidea, Schistosomatidae, Schistosoma	GCA_003958945.1	full
UP000291020	Gopherus agassizii (Agassiz's desert tortoise)	38772	31812	C:91.5%[S:55.2%,D:36.2%],F:2.6%,M:6.0%,n:7480	Unknown	Unassembled WGS sequence	cellular organisms, Eukaryota, Opisthokonta, Metazoa, Eumetazoa, Bilateria, Deuterostomia, Chordata, Craniata, Vertebrata, Gnathostomata, Teleostomi, Euteleostomi, Sarcopterygii, Dipnotetrapodomorpha, Tetrapoda, Amniota, Sauropsida, Sauria, Archelosauria, Testudinata, Testudines, Cryptodira, Durocryptodira, Testudinoidea, Testudinidae, Gopherus	GCA_002896415.1	full
UP000291022	Ursus americanus (American black bear) (Euarctos americanus)	9643	32512	C:79.0%[S:55.7%,D:23.2%],F:4.2%,M:16.8%,n:14502	Unknown	Unassembled WGS sequence	cellular organisms, Eukaryota, Opisthokonta, Metazoa, Eumetazoa, Bilateria, Deuterostomia, Chordata, Craniata, Vertebrata, Gnathostomata, Teleostomi, Euteleostomi, Sarcopterygii, Dipnotetrapodomorpha, Tetrapoda, Amniota, Mammalia, Theria, Eutheria, Boreoeutheria, Laurasiatheria, Carnivora, Caniformia, Ursidae, Ursus	GCA_003344425.1	full
UP000295192	Drosophila navojoa (Fruit fly)	7232	15505	C:94.4%[S:94.0%,D:0.4%],F:1.8%,M:3.8%,n:3285	Unknown	Unassembled WGS sequence	cellular organisms, Eukaryota, Opisthokonta, Metazoa, Eumetazoa, Bilateria, Protostomia, Ecdysozoa, Panarthropoda, Arthropoda, Mandibulata, Pancrustacea, Hexapoda, Insecta, Dicondylia, Pterygota, Neoptera, Endopterygota, Diptera, Brachycera, Muscomorpha, Eremoneura, Cyclorrhapha, Schizophora, Acalyptratae, Ephydroidea, Drosophilidae, Drosophilinae, Drosophilini, Drosophila, Drosophila, repleta group, mulleri subgroup, mojavensis species complex	GCA_001654015.2	full
UP000296049	Anas platyrhynchos (Mallard) (Anas boschas)	8839	16592	C:75.9%[S:75.5%,D:0.4%],F:4.2%,M:19.8%,n:8338	Unknown	Unassembled WGS sequence	cellular organisms, Eukaryota, Opisthokonta, Metazoa, Eumetazoa, Bilateria, Deuterostomia, Chordata, Craniata, Vertebrata, Gnathostomata, Teleostomi, Euteleostomi, Sarcopterygii, Dipnotetrapodomorpha, Tetrapoda, Amniota, Sauropsida, Sauria, Archelosauria, Archosauria, Dinosauria, Saurischia, Theropoda, Coelurosauria, Aves, Neognathae, Galloanserae, Anseriformes, Anatidae, Anatinae, Anas	GCA_000355885.1	full
UP000297026	Diachasma alloeum	454923	431	C:1.5%[S:1.5%,D:0.0%],F:0.0%,M:98.5%,n:5991	Unknown	Unassembled WGS sequence	cellular organisms, Eukaryota, Opisthokonta, Metazoa, Eumetazoa, Bilateria, Protostomia, Ecdysozoa, Panarthropoda, Arthropoda, Mandibulata, Pancrustacea, Hexapoda, Insecta, Dicondylia, Pterygota, Neoptera, Endopterygota, Hymenoptera, Apocrita, Ichneumonoidea, Braconidae, Opiinae, Diachasma	GCA_001412515.3	full
UP000297703	Platysternon megacephalum (big-headed turtle)	55544	21371	C:88.5%[S:87.3%,D:1.2%],F:2.8%,M:8.7%,n:7480	Unknown	Unassembled WGS sequence	cellular organisms, Eukaryota, Opisthokonta, Metazoa, Eumetazoa, Bilateria, Deuterostomia, Chordata, Craniata, Vertebrata, Gnathostomata, Teleostomi, Euteleostomi, Sarcopterygii, Dipnotetrapodomorpha, Tetrapoda, Amniota, Sauropsida, Sauria, Archelosauria, Testudinata, Testudines, Cryptodira, Durocryptodira, Testudinoidea, Platysternidae, Platysternon	GCA_003942145.1	full
UP000298787	Collichthys lucidus (Big head croaker) (Sciaena lucida)	240159	27208	C:88.0%[S:67.0%,D:20.9%],F:3.8%,M:8.2%,n:3640	Unknown	Chromosome 1; Chromosome 2; Chromosome 3; Chromosome 4; Chromosome 5; Chromosome 6; Chromosome 7; Chromosome 8; Chromosome 9; Chromosome 10; Chromosome 11; Chromosome 12; Chromosome 13; Chromosome 14; Chromosome 15; Chromosome 16; Chromosome 17; Chromosome 18; Chromosome 19; Chromosome 20; Chromosome 21; Chromosome 22; Chromosome 23; Chromosome 24; Unassembled WGS sequence	cellular organisms, Eukaryota, Opisthokonta, Metazoa, Eumetazoa, Bilateria, Deuterostomia, Chordata, Craniata, Vertebrata, Gnathostomata, Teleostomi, Euteleostomi, Actinopterygii, Actinopteri, Neopterygii, Teleostei, Osteoglossocephalai, Clupeocephala, Euteleosteomorpha, Neoteleostei, Eurypterygia, Ctenosquamata, Acanthomorphata, Euacanthomorphacea, Percomorphaceae, Eupercaria, Eupercaria incertae sedis, Sciaenidae, Collichthys	GCA_004119915.2	full
UP000299084	Camelus dromedarius (Dromedary) (Arabian camel)	9838	31080	C:71.3%[S:50.8%,D:20.6%],F:7.6%,M:21.0%,n:13335	Unknown	Chromosome 1; Chromosome 2; Chromosome 3; Chromosome 4; Chromosome 5; Chromosome 6; Chromosome 7; Chromosome 8; Chromosome 9; Chromosome 10; Chromosome X; Chromosome 11; Chromosome 12; Chromosome 13; Chromosome 14; Chromosome 15; Chromosome 16; Chromosome 17; Chromosome 18; Chromosome 19; Chromosome 20; Chromosome 21; Chromosome 22; Chromosome 23; Chromosome 24; Chromosome 25; Chromosome 26; Chromosome 27; Chromosome 28; Chromosome 29; Chromosome 30; Chromosome 31; Chromosome 32; Chromosome 33; Chromosome 34; Chromosome 35; Chromosome 36; Unassembled WGS sequence	cellular organisms, Eukaryota, Opisthokonta, Metazoa, Eumetazoa, Bilateria, Deuterostomia, Chordata, Craniata, Vertebrata, Gnathostomata, Teleostomi, Euteleostomi, Sarcopterygii, Dipnotetrapodomorpha, Tetrapoda, Amniota, Mammalia, Theria, Eutheria, Boreoeutheria, Laurasiatheria, Artiodactyla, Tylopoda, Camelidae, Camelus	GCA_000803125.3	full
UP000301870	Spodoptera litura (Asian cotton leafworm)	69820	20624	C:99.7%[S:69.8%,D:29.8%],F:0.2%,M:0.2%,n:5286	Unknown	Chromosome 1; Chromosome 2; Chromosome 3; Chromosome 4; Chromosome 5; Chromosome 6; Chromosome 7; Chromosome 8; Chromosome 9; Chromosome 10; Chromosome 11; Chromosome 12; Chromosome 13; Chromosome 14; Chromosome 15; Chromosome 16; Chromosome 17; Chromosome 18; Chromosome 19; Chromosome 20; Chromosome 21; Chromosome 22; Chromosome 23; Chromosome 24; Chromosome 25; Chromosome 26; Chromosome 27; Chromosome 28; Chromosome 29; Chromosome 30; Chromosome Z; Mitochondrion MT; Unplaced	cellular organisms, Eukaryota, Opisthokonta, Metazoa, Eumetazoa, Bilateria, Protostomia, Ecdysozoa, Panarthropoda, Arthropoda, Mandibulata, Pancrustacea, Hexapoda, Insecta, Dicondylia, Pterygota, Neoptera, Endopterygota, Amphiesmenoptera, Lepidoptera, Glossata, Neolepidoptera, Heteroneura, Ditrysia, Obtectomera, Noctuoidea, Noctuidae, Amphipyrinae, Spodoptera	GCF_002706865.2	full
UP000308267	Opisthorchis felineus	147828	18330	C:77.7%[S:50.2%,D:27.5%],F:4.1%,M:18.2%,n:954	Unknown	Unassembled WGS sequence	cellular organisms, Eukaryota, Opisthokonta, Metazoa, Eumetazoa, Bilateria, Protostomia, Spiralia, Lophotrochozoa, Platyhelminthes, Trematoda, Digenea, Opisthorchiida, Opisthorchiata, Opisthorchiidae, Opisthorchis	GCA_004794785.1	full
UP000310200	Temnothorax longispinosus	300112	13035	C:83.4%[S:82.9%,D:0.5%],F:3.4%,M:13.2%,n:5991	Unknown	Unassembled WGS sequence	cellular organisms, Eukaryota, Opisthokonta, Metazoa, Eumetazoa, Bilateria, Protostomia, Ecdysozoa, Panarthropoda, Arthropoda, Mandibulata, Pancrustacea, Hexapoda, Insecta, Dicondylia, Pterygota, Neoptera, Endopterygota, Hymenoptera, Apocrita, Aculeata, Formicoidea, Formicidae, Myrmicinae, Crematogastrini, Temnothorax	GCA_004794745.1	full
UP000314980	Lates calcarifer (Barramundi) (Holocentrus calcarifer)	8187	57546	C:93.4%[S:49.7%,D:43.7%],F:3.2%,M:3.4%,n:3640	Unknown	Unassembled WGS sequence	cellular organisms, Eukaryota, Opisthokonta, Metazoa, Eumetazoa, Bilateria, Deuterostomia, Chordata, Craniata, Vertebrata, Gnathostomata, Teleostomi, Euteleostomi, Actinopterygii, Actinopteri, Neopterygii, Teleostei, Osteoglossocephalai, Clupeocephala, Euteleosteomorpha, Neoteleostei, Eurypterygia, Ctenosquamata, Acanthomorphata, Euacanthomorphacea, Percomorphaceae, Carangaria, Carangaria incertae sedis, Centropomidae, Lates	GCA_900066035.1	full
UP000314981	Bos indicus x Bos taurus (Hybrid cattle)	30522	42150	C:95.3%[S:51.2%,D:44.1%],F:0.4%,M:4.3%,n:13335	Unknown	Chromosome 1; Chromosome 2; Chromosome 3; Chromosome 4; Chromosome 5; Chromosome 6; Chromosome 7; Chromosome 8; Chromosome 9; Chromosome 10; Chromosome x; Chromosome 11; Chromosome 12; Chromosome 13; Chromosome 14; Chromosome 15; Chromosome 16; Chromosome 17; Chromosome 18; Chromosome 19; Chromosome 20; Chromosome 21; Chromosome 22; Chromosome 23; Chromosome 24; Chromosome 25; Chromosome 26; Chromosome 27; Chromosome 28; Chromosome 29; Mitochondrion; Unassembled WGS sequence	cellular organisms, Eukaryota, Opisthokonta, Metazoa, Eumetazoa, Bilateria, Deuterostomia, Chordata, Craniata, Vertebrata, Gnathostomata, Teleostomi, Euteleostomi, Sarcopterygii, Dipnotetrapodomorpha, Tetrapoda, Amniota, Mammalia, Theria, Eutheria, Boreoeutheria, Laurasiatheria, Artiodactyla, Ruminantia, Pecora, Bovidae, Bovinae, Bos	GCA_003369685.2	full
UP000314982	Hucho hucho (huchen)	62062	90501	C:89.7%[S:31.6%,D:58.1%],F:4.1%,M:6.3%,n:3640	Unknown	Unassembled WGS sequence	cellular organisms, Eukaryota, Opisthokonta, Metazoa, Eumetazoa, Bilateria, Deuterostomia, Chordata, Craniata, Vertebrata, Gnathostomata, Teleostomi, Euteleostomi, Actinopterygii, Actinopteri, Neopterygii, Teleostei, Osteoglossocephalai, Clupeocephala, Euteleosteomorpha, Protacanthopterygii, Salmoniformes, Salmonidae, Salmoninae, Hucho	GCA_003317085.1	full
UP000314983	Electrophorus electricus (Electric eel) (Gymnotus electricus)	8005	52901	C:93.7%[S:52.2%,D:41.5%],F:1.9%,M:4.5%,n:3640	Unknown	Chromosome 1; Chromosome 2; Chromosome 3; Chromosome 4; Chromosome 5; Chromosome 6; Chromosome 7; Chromosome 8; Chromosome 9; Chromosome 10; Chromosome 11; Chromosome 12; Chromosome 13; Chromosome 14; Chromosome 15; Chromosome 16; Chromosome 17; Chromosome 18; Chromosome 19; Chromosome 20; Chromosome 21; Chromosome 22; Chromosome 23; Chromosome 24; Chromosome 25; Chromosome 26; Mitochondrion MT; Unassembled WGS sequence	cellular organisms, Eukaryota, Opisthokonta, Metazoa, Eumetazoa, Bilateria, Deuterostomia, Chordata, Craniata, Vertebrata, Gnathostomata, Teleostomi, Euteleostomi, Actinopterygii, Actinopteri, Neopterygii, Teleostei, Osteoglossocephalai, Clupeocephala, Otomorpha, Ostariophysi, Otophysi, Characiphysae, Gymnotiformes, Gymnotoidei, Gymnotidae, Electrophorus	GCA_013358815.1	full
UP000314986	Callorhinchus milii (Ghost shark)	7868	49246	C:90.1%[S:39.4%,D:50.6%],F:5.0%,M:4.9%,n:3354	Unknown	Unassembled WGS sequence; Unplaced	cellular organisms, Eukaryota, Opisthokonta, Metazoa, Eumetazoa, Bilateria, Deuterostomia, Chordata, Craniata, Vertebrata, Gnathostomata, Chondrichthyes, Holocephali, Chimaeriformes, Callorhinchidae, Callorhinchus	GCA_000165045.2	full
UP000316079	Danionella cerebrum	2873325	32815	C:84.1%[S:59.1%,D:25.0%],F:4.2%,M:11.7%,n:3640	Unknown	Unassembled WGS sequence	cellular organisms, Eukaryota, Opisthokonta, Metazoa, Eumetazoa, Bilateria, Deuterostomia, Chordata, Craniata, Vertebrata, Gnathostomata, Teleostomi, Euteleostomi, Actinopterygii, Actinopteri, Neopterygii, Teleostei, Osteoglossocephalai, Clupeocephala, Otomorpha, Ostariophysi, Otophysi, Cypriniphysae, Cypriniformes, Cyprinoidei, Danionidae, Danioninae, Danionella	GCA_007224835.1	full
UP000316759	Fasciola gigantica (Giant liver fluke)	46835	12643	C:59.9%[S:58.8%,D:1.0%],F:11.2%,M:28.9%,n:954	Unknown	Unassembled WGS sequence	cellular organisms, Eukaryota, Opisthokonta, Metazoa, Eumetazoa, Bilateria, Protostomia, Spiralia, Lophotrochozoa, Platyhelminthes, Trematoda, Digenea, Plagiorchiida, Echinostomata, Echinostomatoidea, Fasciolidae, Fasciola	GCA_006461475.1	full
UP000319801	Bagarius yarrelli (Goonch) (Bagrus yarrelli)	175774	17117	C:65.5%[S:63.8%,D:1.7%],F:6.1%,M:28.4%,n:3640	Unknown	Unassembled WGS sequence	cellular organisms, Eukaryota, Opisthokonta, Metazoa, Eumetazoa, Bilateria, Deuterostomia, Chordata, Craniata, Vertebrata, Gnathostomata, Teleostomi, Euteleostomi, Actinopterygii, Actinopteri, Neopterygii, Teleostei, Osteoglossocephalai, Clupeocephala, Otomorpha, Ostariophysi, Otophysi, Characiphysae, Siluriformes, Siluroidei, Sisoridae, Sisorinae, Bagarius	GCA_005784505.1	full
UP000322000	Trichoplusia ni (Cabbage looper)	7111	20891	C:98.7%[S:65.6%,D:33.1%],F:0.2%,M:1.1%,n:5286	Unknown	Chromosome 1; Chromosome 2; Chromosome 3; Chromosome 4; Chromosome 5; Chromosome 6; Chromosome 7; Chromosome 8; Chromosome 9; Chromosome 10; Chromosome 11; Chromosome 12; Chromosome 13; Chromosome 14; Chromosome 15; Chromosome 16; Chromosome 17; Chromosome 18; Chromosome 19; Chromosome 20; Chromosome 21; Chromosome 22; Chromosome 23; Chromosome 24; Chromosome 25; Chromosome 26; Chromosome 27; Chromosome 28; Unplaced	cellular organisms, Eukaryota, Opisthokonta, Metazoa, Eumetazoa, Bilateria, Protostomia, Ecdysozoa, Panarthropoda, Arthropoda, Mandibulata, Pancrustacea, Hexapoda, Insecta, Dicondylia, Pterygota, Neoptera, Endopterygota, Amphiesmenoptera, Lepidoptera, Glossata, Neolepidoptera, Heteroneura, Ditrysia, Obtectomera, Noctuoidea, Noctuidae, Plusiinae, Trichoplusia	GCF_003590095.1	full
UP000322234	Bos mutus (wild yak)	72004	21168	C:85.3%[S:84.1%,D:1.2%],F:2.8%,M:11.9%,n:13335	Unknown	Unassembled WGS sequence	cellular organisms, Eukaryota, Opisthokonta, Metazoa, Eumetazoa, Bilateria, Deuterostomia, Chordata, Craniata, Vertebrata, Gnathostomata, Teleostomi, Euteleostomi, Sarcopterygii, Dipnotetrapodomorpha, Tetrapoda, Amniota, Mammalia, Theria, Eutheria, Boreoeutheria, Laurasiatheria, Artiodactyla, Ruminantia, Pecora, Bovidae, Bovinae, Bos	GCA_007646595.3	full
UP000324632	Triplophysa tibetana	1572043	23866	C:91.1%[S:87.9%,D:3.2%],F:2.0%,M:6.9%,n:3640	Unknown	Chromosome 1; Chromosome 2; Chromosome 3; Chromosome 4; Chromosome 5; Chromosome 6; Chromosome 7; Chromosome 8; Chromosome 9; Chromosome 10; Chromosome 11; Chromosome 12; Chromosome 13; Chromosome 14; Chromosome 15; Chromosome 16; Chromosome 17; Chromosome 18; Chromosome 19; Chromosome 20; Chromosome 21; Chromosome 22; Chromosome 23; Chromosome 24; Chromosome 25; Unassembled WGS sequence	cellular organisms, Eukaryota, Opisthokonta, Metazoa, Eumetazoa, Bilateria, Deuterostomia, Chordata, Craniata, Vertebrata, Gnathostomata, Teleostomi, Euteleostomi, Actinopterygii, Actinopteri, Neopterygii, Teleostei, Osteoglossocephalai, Clupeocephala, Otomorpha, Ostariophysi, Otophysi, Cypriniphysae, Cypriniformes, Cobitoidei, Nemacheilidae, Triplophysa	GCA_008369825.1	full
UP000324832	Leptidea sinapis	189913	19862	C:89.6%[S:80.8%,D:8.8%],F:4.2%,M:6.2%,n:5286	Unknown	Unassembled WGS sequence	cellular organisms, Eukaryota, Opisthokonta, Metazoa, Eumetazoa, Bilateria, Protostomia, Ecdysozoa, Panarthropoda, Arthropoda, Mandibulata, Pancrustacea, Hexapoda, Insecta, Dicondylia, Pterygota, Neoptera, Endopterygota, Amphiesmenoptera, Lepidoptera, Glossata, Neolepidoptera, Heteroneura, Ditrysia, Obtectomera, Papilionoidea, Pieridae, Dismorphiinae, Leptidea	GCA_900199415.2	full
UP000325440	Cinara cedri	506608	22140	C:95.5%[S:66.4%,D:29.0%],F:0.2%,M:4.3%,n:2510	Unknown	Unassembled WGS sequence	cellular organisms, Eukaryota, Opisthokonta, Metazoa, Eumetazoa, Bilateria, Protostomia, Ecdysozoa, Panarthropoda, Arthropoda, Mandibulata, Pancrustacea, Hexapoda, Insecta, Dicondylia, Pterygota, Neoptera, Paraneoptera, Hemiptera, Sternorrhyncha, Aphidomorpha, Aphidoidea, Aphididae, Lachninae, Cinara	GCA_902439185.1	full
UP000326458	Muntiacus muntjak (Barking deer) (Indian muntjac)	9888	24841	C:88.9%[S:86.9%,D:2.0%],F:4.5%,M:6.6%,n:13335	Unknown	Unassembled WGS sequence	cellular organisms, Eukaryota, Opisthokonta, Metazoa, Eumetazoa, Bilateria, Deuterostomia, Chordata, Craniata, Vertebrata, Gnathostomata, Teleostomi, Euteleostomi, Sarcopterygii, Dipnotetrapodomorpha, Tetrapoda, Amniota, Mammalia, Theria, Eutheria, Boreoeutheria, Laurasiatheria, Artiodactyla, Ruminantia, Pecora, Cervidae, Muntiacinae, Muntiacus	GCA_008782695.1	full
UP000327044	Photinus pyralis (Common eastern firefly) (Lampyris pyralis)	7054	14952	C:94.5%[S:83.5%,D:11.1%],F:0.4%,M:5.0%,n:2124	Unknown	Unassembled WGS sequence	cellular organisms, Eukaryota, Opisthokonta, Metazoa, Eumetazoa, Bilateria, Protostomia, Ecdysozoa, Panarthropoda, Arthropoda, Mandibulata, Pancrustacea, Hexapoda, Insecta, Dicondylia, Pterygota, Neoptera, Endopterygota, Coleoptera, Polyphaga, Elateriformia, Elateroidea, Lampyridae, Lampyrinae, Photinus	GCA_008802855.1	full
UP000327468	Pangasianodon hypophthalmus (Striped catfish) (Helicophagus hypophthalmus)	310915	21221	C:91.5%[S:90.2%,D:1.3%],F:2.0%,M:6.6%,n:3640	Unknown	Chromosome 1; Chromosome 2; Chromosome 3; Chromosome 4; Chromosome 5; Chromosome 6; Chromosome 7; Chromosome 8; Chromosome 9; Chromosome 10; Chromosome 11; Chromosome 12; Chromosome 13; Chromosome 14; Chromosome 15; Chromosome 16; Chromosome 17; Chromosome 18; Chromosome 19; Chromosome 20; Chromosome 21; Chromosome 22; Chromosome 23; Chromosome 24; Chromosome 25; Chromosome 26; Chromosome 27; Chromosome 28; Chromosome 29; Chromosome 30; Mitochondrion MT; Unassembled WGS sequence	cellular organisms, Eukaryota, Opisthokonta, Metazoa, Eumetazoa, Bilateria, Deuterostomia, Chordata, Craniata, Vertebrata, Gnathostomata, Teleostomi, Euteleostomi, Actinopterygii, Actinopteri, Neopterygii, Teleostei, Osteoglossocephalai, Clupeocephala, Otomorpha, Ostariophysi, Otophysi, Characiphysae, Siluriformes, Siluroidei, Pangasiidae, Pangasianodon	GCA_009078355.1	full
UP000327493	Etheostoma spectabile (orangethroat darter)	54343	18371	C:59.8%[S:57.4%,D:2.4%],F:6.4%,M:33.8%,n:3640	Unknown	Chromosome 1; Chromosome 2; Chromosome 3; Chromosome 4; Chromosome 5; Chromosome 6; Chromosome 7; Chromosome 8; Chromosome 9; Chromosome 10; Chromosome 11; Chromosome 12; Chromosome 13; Chromosome 14; Chromosome 15; Chromosome 16; Chromosome 17; Chromosome 18; Chromosome 19; Chromosome 20; Chromosome 21; Chromosome 22; Chromosome 23; Chromosome 24; Unassembled WGS sequence	cellular organisms, Eukaryota, Opisthokonta, Metazoa, Eumetazoa, Bilateria, Deuterostomia, Chordata, Craniata, Vertebrata, Gnathostomata, Teleostomi, Euteleostomi, Actinopterygii, Actinopteri, Neopterygii, Teleostei, Osteoglossocephalai, Clupeocephala, Euteleosteomorpha, Neoteleostei, Eurypterygia, Ctenosquamata, Acanthomorphata, Euacanthomorphacea, Percomorphaceae, Eupercaria, Perciformes, Percoidei, Percidae, Etheostomatinae, Etheostoma, Oligocephalus	GCA_008692095.1	full
UP000335636	Marmota monax (Woodchuck)	9995	39793	C:81.1%[S:53.8%,D:27.2%],F:5.9%,M:13.1%,n:13798	Unknown	Unassembled WGS sequence; Chromosome Mitochondria	cellular organisms, Eukaryota, Opisthokonta, Metazoa, Eumetazoa, Bilateria, Deuterostomia, Chordata, Craniata, Vertebrata, Gnathostomata, Teleostomi, Euteleostomi, Sarcopterygii, Dipnotetrapodomorpha, Tetrapoda, Amniota, Mammalia, Theria, Eutheria, Boreoeutheria, Euarchontoglires, Glires, Rodentia, Sciuromorpha, Sciuridae, Xerinae, Marmotini, Marmota	GCA_901343595.1	full
UP000386466	Lynx pardinus (Iberian lynx) (Felis pardina)	191816	30929	C:87.2%[S:64.5%,D:22.7%],F:3.2%,M:9.6%,n:14502	Unknown	Unassembled WGS sequence	cellular organisms, Eukaryota, Opisthokonta, Metazoa, Eumetazoa, Bilateria, Deuterostomia, Chordata, Craniata, Vertebrata, Gnathostomata, Teleostomi, Euteleostomi, Sarcopterygii, Dipnotetrapodomorpha, Tetrapoda, Amniota, Mammalia, Theria, Eutheria, Boreoeutheria, Laurasiatheria, Carnivora, Feliformia, Felidae, Felinae, Lynx	GCA_900661375.1	full
UP000410492	Callosobruchus maculatus (Southern cowpea weevil) (Pulse bruchid)	64391	30448	C:79.8%[S:59.4%,D:20.3%],F:7.5%,M:12.7%,n:2124	Unknown	Unassembled WGS sequence	cellular organisms, Eukaryota, Opisthokonta, Metazoa, Eumetazoa, Bilateria, Protostomia, Ecdysozoa, Panarthropoda, Arthropoda, Mandibulata, Pancrustacea, Hexapoda, Insecta, Dicondylia, Pterygota, Neoptera, Endopterygota, Coleoptera, Polyphaga, Cucujiformia, Chrysomeloidea, Chrysomelidae, Bruchinae, Bruchini, Callosobruchus	GCA_900659725.1	full
UP000424527	Larimichthys crocea (Large yellow croaker) (Pseudosciaena crocea)	215358	23960	C:78.8%[S:73.0%,D:5.7%],F:4.7%,M:16.5%,n:3640	Unknown	Chromosome I; Chromosome II; Chromosome III; Chromosome IV; Chromosome V; Chromosome VI; Chromosome VII; Chromosome VIII; Chromosome IX; Chromosome X; Chromosome XI; Chromosome XII; Chromosome XIII; Chromosome XIV; Chromosome XV; Chromosome XVI; Chromosome XVII; Chromosome XVIII; Chromosome XIX; Chromosome XX; Chromosome XXI; Chromosome XXII; Chromosome XXIII; Chromosome XXIV; Unassembled WGS sequence	cellular organisms, Eukaryota, Opisthokonta, Metazoa, Eumetazoa, Bilateria, Deuterostomia, Chordata, Craniata, Vertebrata, Gnathostomata, Teleostomi, Euteleostomi, Actinopterygii, Actinopteri, Neopterygii, Teleostei, Osteoglossocephalai, Clupeocephala, Euteleosteomorpha, Neoteleostei, Eurypterygia, Ctenosquamata, Acanthomorphata, Euacanthomorphacea, Percomorphaceae, Eupercaria, Eupercaria incertae sedis, Sciaenidae, Larimichthys	GCA_003711585.2	full
UP000437017	Balaenoptera physalus (Fin whale) (Balaena physalus)	9770	19643	C:52.3%[S:51.8%,D:0.5%],F:13.9%,M:33.8%,n:13335	Unknown	Unassembled WGS sequence	cellular organisms, Eukaryota, Opisthokonta, Metazoa, Eumetazoa, Bilateria, Deuterostomia, Chordata, Craniata, Vertebrata, Gnathostomata, Teleostomi, Euteleostomi, Sarcopterygii, Dipnotetrapodomorpha, Tetrapoda, Amniota, Mammalia, Theria, Eutheria, Boreoeutheria, Laurasiatheria, Artiodactyla, Whippomorpha, Cetacea, Mysticeti, Balaenopteridae, Balaenoptera	GCA_008795845.1	full
UP000440578	Amphibalanus amphitrite (Striped barnacle) (Balanus amphitrite)	1232801	26159	C:85.3%[S:52.3%,D:33.0%],F:5.8%,M:8.9%,n:1013	Unknown	Unassembled WGS sequence	cellular organisms, Eukaryota, Opisthokonta, Metazoa, Eumetazoa, Bilateria, Protostomia, Ecdysozoa, Panarthropoda, Arthropoda, Mandibulata, Pancrustacea, Crustacea, Multicrustacea, Thecostraca, Cirripedia, Thoracica, Thoracicalcarea, Balanomorpha, Balanoidea, Balanidae, Amphibalaninae, Amphibalanus	GCA_009805615.1	full
UP000465112	Perca fluviatilis (European perch)	8168	24246	C:94.5%[S:93.4%,D:1.0%],F:1.9%,M:3.6%,n:3640	Unknown	Chromosome 1; Chromosome 2; Chromosome 3; Chromosome 4; Chromosome 5; Chromosome 6; Chromosome 7; Chromosome 8; Chromosome 9; Chromosome 10; Chromosome 11; Chromosome 12; Chromosome 13; Chromosome 14; Chromosome 15; Chromosome 16; Chromosome 17; Chromosome 18; Chromosome 19; Chromosome 20; Chromosome 21; Chromosome 22; Chromosome 23; Chromosome 24; Mitochondrion MT; Unassembled WGS sequence	cellular organisms, Eukaryota, Opisthokonta, Metazoa, Eumetazoa, Bilateria, Deuterostomia, Chordata, Craniata, Vertebrata, Gnathostomata, Teleostomi, Euteleostomi, Actinopterygii, Actinopteri, Neopterygii, Teleostei, Osteoglossocephalai, Clupeocephala, Euteleosteomorpha, Neoteleostei, Eurypterygia, Ctenosquamata, Acanthomorphata, Euacanthomorphacea, Percomorphaceae, Eupercaria, Perciformes, Percoidei, Percidae, Percinae, Perca	GCA_010015445.1	full
UP000471633	Schistosoma haematobium (Blood fluke)	6185	14543	C:77.1%[S:61.0%,D:16.1%],F:2.7%,M:20.1%,n:954	Unknown	Chromosome 1; Chromosome 2; Chromosome 3; Chromosome 4; Chromosome 5; Chromosome 6; Chromosome 7; Chromosome ZW; Unassembled WGS sequence	cellular organisms, Eukaryota, Opisthokonta, Metazoa, Eumetazoa, Bilateria, Protostomia, Spiralia, Lophotrochozoa, Platyhelminthes, Trematoda, Digenea, Strigeidida, Schistosomatoidea, Schistosomatidae, Schistosoma	GCA_000699445.3	full
UP000472241	Lynx canadensis (Canada lynx) (Felis canadensis)	61383	35025	C:93.5%[S:57.8%,D:35.7%],F:0.8%,M:5.7%,n:14502	Unknown	Mitochondrion; Chromosome b2; Chromosome d3; Chromosome a2; Chromosome a1; Chromosome f2; Chromosome e3; Chromosome x; Chromosome b3; Chromosome a3; Chromosome e2; Chromosome b4; Chromosome c2; Chromosome b1; Chromosome f1; Chromosome d2; Chromosome d4; Chromosome d1; Chromosome c1; Chromosome e1; Unplaced	cellular organisms, Eukaryota, Opisthokonta, Metazoa, Eumetazoa, Bilateria, Deuterostomia, Chordata, Craniata, Vertebrata, Gnathostomata, Teleostomi, Euteleostomi, Sarcopterygii, Dipnotetrapodomorpha, Tetrapoda, Amniota, Mammalia, Theria, Eutheria, Boreoeutheria, Laurasiatheria, Carnivora, Feliformia, Felidae, Felinae, Lynx	GCA_007474595.1	full
UP000472260	Sinocyclocheilus anshuiensis	1608454	100275	C:95.1%[S:19.6%,D:75.5%],F:2.0%,M:2.9%,n:3640	Unknown	Unassembled WGS sequence	cellular organisms, Eukaryota, Opisthokonta, Metazoa, Eumetazoa, Bilateria, Deuterostomia, Chordata, Craniata, Vertebrata, Gnathostomata, Teleostomi, Euteleostomi, Actinopterygii, Actinopteri, Neopterygii, Teleostei, Osteoglossocephalai, Clupeocephala, Otomorpha, Ostariophysi, Otophysi, Cypriniphysae, Cypriniformes, Cyprinoidei, Cyprinidae, Cyprininae, Sinocyclocheilus	GCA_001515605.1	full
UP000472261	Phasianus colchicus (Common pheasant)	9054	25507	C:94.3%[S:67.1%,D:27.2%],F:2.0%,M:3.7%,n:8338	Unknown	Whole Genome Shotgun Assembly; Unplaced	cellular organisms, Eukaryota, Opisthokonta, Metazoa, Eumetazoa, Bilateria, Deuterostomia, Chordata, Craniata, Vertebrata, Gnathostomata, Teleostomi, Euteleostomi, Sarcopterygii, Dipnotetrapodomorpha, Tetrapoda, Amniota, Sauropsida, Sauria, Archelosauria, Archosauria, Dinosauria, Saurischia, Theropoda, Coelurosauria, Aves, Neognathae, Galloanserae, Galliformes, Phasianidae, Phasianinae, Phasianus	GCA_004143745.1	full
UP000472262	Sinocyclocheilus grahami (Dianchi golden-line fish) (Barbus grahami)	75366	102126	C:92.0%[S:24.6%,D:67.4%],F:3.2%,M:4.8%,n:3640	Unknown	Unassembled WGS sequence	cellular organisms, Eukaryota, Opisthokonta, Metazoa, Eumetazoa, Bilateria, Deuterostomia, Chordata, Craniata, Vertebrata, Gnathostomata, Teleostomi, Euteleostomi, Actinopterygii, Actinopteri, Neopterygii, Teleostei, Osteoglossocephalai, Clupeocephala, Otomorpha, Ostariophysi, Otophysi, Cypriniphysae, Cypriniformes, Cyprinoidei, Cyprinidae, Cyprininae, Sinocyclocheilus	GCA_001515645.1	full
UP000472263	Myripristis murdjan (pinecone soldierfish)	586833	55953	C:95.5%[S:52.6%,D:42.9%],F:1.6%,M:2.9%,n:3640	Unknown	Chromosome 1; Chromosome 2; Chromosome 3; Chromosome 4; Chromosome 5; Chromosome 6; Chromosome 7; Chromosome 8; Chromosome 9; Chromosome 10; Chromosome 11; Chromosome 12; Chromosome 13; Chromosome 14; Chromosome 15; Chromosome 16; Chromosome 17; Chromosome 18; Chromosome 19; Chromosome 20; Chromosome 21; Chromosome 22; Chromosome 23; Chromosome 24; Unassembled WGS sequence	cellular organisms, Eukaryota, Opisthokonta, Metazoa, Eumetazoa, Bilateria, Deuterostomia, Chordata, Craniata, Vertebrata, Gnathostomata, Teleostomi, Euteleostomi, Actinopterygii, Actinopteri, Neopterygii, Teleostei, Osteoglossocephalai, Clupeocephala, Euteleosteomorpha, Neoteleostei, Eurypterygia, Ctenosquamata, Acanthomorphata, Euacanthomorphacea, Holocentrimorphaceae, Holocentriformes, Holocentridae, Myripristinae, Myripristis	GCA_902150065.1	full
UP000472264	Echeneis naucrates (Live sharksucker)	173247	54685	C:96.1%[S:54.0%,D:42.1%],F:1.4%,M:2.5%,n:3640	Unknown	Chromosome 1; Chromosome 2; Chromosome 3; Chromosome 4; Chromosome 5; Chromosome 6; Chromosome 7; Chromosome 8; Chromosome 9; Chromosome 10; Chromosome 11; Chromosome 12; Chromosome 13; Chromosome 14; Chromosome 15; Chromosome 16; Chromosome 17; Chromosome 18; Chromosome 19; Chromosome 20; Chromosome 21; Chromosome 22; Chromosome 23; Chromosome 24; Mitochondrion MT; Unassembled WGS sequence	cellular organisms, Eukaryota, Opisthokonta, Metazoa, Eumetazoa, Bilateria, Deuterostomia, Chordata, Craniata, Vertebrata, Gnathostomata, Teleostomi, Euteleostomi, Actinopterygii, Actinopteri, Neopterygii, Teleostei, Osteoglossocephalai, Clupeocephala, Euteleosteomorpha, Neoteleostei, Eurypterygia, Ctenosquamata, Acanthomorphata, Euacanthomorphacea, Percomorphaceae, Carangaria, Carangiformes, Echeneidae, Echeneis	GCA_900963305.1	full
UP000472265	Sparus aurata (Gilthead sea bream)	8175	69199	C:97.1%[S:47.1%,D:50.0%],F:1.2%,M:1.7%,n:3640	Unknown	Chromosome 1; Chromosome 2; Chromosome 3; Chromosome 4; Chromosome 5; Chromosome 6; Chromosome 7; Chromosome 8; Chromosome 9; Chromosome 10; Chromosome 11; Chromosome 12; Chromosome 13; Chromosome 14; Chromosome 15; Chromosome 16; Chromosome 17; Chromosome 18; Chromosome 19; Chromosome 20; Chromosome 21; Chromosome 22; Chromosome 23; Chromosome 24; Mitochondrion MT; Unassembled WGS sequence; Unplaced	cellular organisms, Eukaryota, Opisthokonta, Metazoa, Eumetazoa, Bilateria, Deuterostomia, Chordata, Craniata, Vertebrata, Gnathostomata, Teleostomi, Euteleostomi, Actinopterygii, Actinopteri, Neopterygii, Teleostei, Osteoglossocephalai, Clupeocephala, Euteleosteomorpha, Neoteleostei, Eurypterygia, Ctenosquamata, Acanthomorphata, Euacanthomorphacea, Percomorphaceae, Eupercaria, Spariformes, Sparidae, Sparus	GCA_900880675.1	full
UP000472267	Salarias fasciatus (Jewelled blenny) (Blennius fasciatus)	181472	55738	C:92.9%[S:51.1%,D:41.8%],F:2.2%,M:4.9%,n:3640	Unknown	Chromosome 1; Chromosome 2; Chromosome 3; Chromosome 4; Chromosome 5; Chromosome 6; Chromosome 7; Chromosome 8; Chromosome 9; Chromosome 10; Chromosome 11; Chromosome 12; Chromosome 13; Chromosome 14; Chromosome 15; Chromosome 16; Chromosome 17; Chromosome 18; Chromosome 19; Chromosome 20; Chromosome 22; Chromosome 23; Unassembled WGS sequence	cellular organisms, Eukaryota, Opisthokonta, Metazoa, Eumetazoa, Bilateria, Deuterostomia, Chordata, Craniata, Vertebrata, Gnathostomata, Teleostomi, Euteleostomi, Actinopterygii, Actinopteri, Neopterygii, Teleostei, Osteoglossocephalai, Clupeocephala, Euteleosteomorpha, Neoteleostei, Eurypterygia, Ctenosquamata, Acanthomorphata, Euacanthomorphacea, Percomorphaceae, Ovalentaria, Blenniimorphae, Blenniiformes, Blennioidei, Blenniidae, Salariinae, Salarias	GCA_902148845.1	full
UP000472268	Suricata suricatta (Meerkat)	37032	37195	C:92.8%[S:53.5%,D:39.2%],F:1.1%,M:6.1%,n:14502	Unknown	Chromosome 1; Chromosome 2; Chromosome 3; Chromosome 4; Chromosome 5; Chromosome 6; Chromosome 7; Chromosome 8; Chromosome 9; Chromosome 10; Chromosome x; Chromosome 11; Chromosome 12; Chromosome 13; Chromosome 14; Chromosome 15; Chromosome 16; Chromosome 17; Unplaced	cellular organisms, Eukaryota, Opisthokonta, Metazoa, Eumetazoa, Bilateria, Deuterostomia, Chordata, Craniata, Vertebrata, Gnathostomata, Teleostomi, Euteleostomi, Sarcopterygii, Dipnotetrapodomorpha, Tetrapoda, Amniota, Mammalia, Theria, Eutheria, Boreoeutheria, Laurasiatheria, Carnivora, Feliformia, Herpestidae, Suricata	GCA_006229205.1	full
UP000472269	Athene cunicularia (Burrowing owl) (Speotyto cunicularia)	194338	22627	C:90.9%[S:67.3%,D:23.5%],F:3.3%,M:5.8%,n:8338	Unknown	Whole Genome Shotgun Assembly; Unplaced	cellular organisms, Eukaryota, Opisthokonta, Metazoa, Eumetazoa, Bilateria, Deuterostomia, Chordata, Craniata, Vertebrata, Gnathostomata, Teleostomi, Euteleostomi, Sarcopterygii, Dipnotetrapodomorpha, Tetrapoda, Amniota, Sauropsida, Sauria, Archelosauria, Archosauria, Dinosauria, Saurischia, Theropoda, Coelurosauria, Aves, Neognathae, Neoaves, Telluraves, Strigiformes, Strigidae, Athene	GCA_003259725.1	full
UP000472270	Sinocyclocheilus rhinocerous	307959	97522	C:94.4%[S:20.5%,D:73.9%],F:2.3%,M:3.3%,n:3640	Unknown	Unassembled WGS sequence	cellular organisms, Eukaryota, Opisthokonta, Metazoa, Eumetazoa, Bilateria, Deuterostomia, Chordata, Craniata, Vertebrata, Gnathostomata, Teleostomi, Euteleostomi, Actinopterygii, Actinopteri, Neopterygii, Teleostei, Osteoglossocephalai, Clupeocephala, Otomorpha, Ostariophysi, Otophysi, Cypriniphysae, Cypriniformes, Cyprinoidei, Cyprinidae, Cyprininae, Sinocyclocheilus	GCA_001515625.1	full
UP000472271	Sphaeramia orbicularis (orbiculate cardinalfish)	375764	57747	C:94.4%[S:51.9%,D:42.4%],F:1.6%,M:4.1%,n:3640	Unknown	Chromosome 1; Chromosome 2; Chromosome 3; Chromosome 4; Chromosome 5; Chromosome 6; Chromosome 7; Chromosome 8; Chromosome 9; Chromosome 10; Chromosome 11; Chromosome 12; Chromosome 13; Chromosome 14; Chromosome 15; Chromosome 16; Chromosome 17; Chromosome 18; Chromosome 19; Chromosome 20; Chromosome 21; Chromosome 22; Chromosome 24; Unassembled WGS sequence	cellular organisms, Eukaryota, Opisthokonta, Metazoa, Eumetazoa, Bilateria, Deuterostomia, Chordata, Craniata, Vertebrata, Gnathostomata, Teleostomi, Euteleostomi, Actinopterygii, Actinopteri, Neopterygii, Teleostei, Osteoglossocephalai, Clupeocephala, Euteleosteomorpha, Neoteleostei, Eurypterygia, Ctenosquamata, Acanthomorphata, Euacanthomorphacea, Percomorphaceae, Gobiaria, Kurtiformes, Apogonoidei, Apogonidae, Apogoninae, Sphaeramia	GCA_902148855.1	full
UP000472272	Podarcis muralis (Wall lizard) (Lacerta muralis)	64176	36445	C:92.0%[S:58.6%,D:33.4%],F:2.4%,M:5.6%,n:7480	Unknown	Chromosome 1; Chromosome 2; Chromosome 3; Chromosome 4; Chromosome 5; Chromosome 6; Chromosome 7; Chromosome 8; Chromosome 9; Chromosome 10; Chromosome 11; Chromosome 12; Chromosome 13; Chromosome 14; Chromosome 15; Chromosome 16; Chromosome 17; Chromosome 18; Chromosome z; Unplaced	cellular organisms, Eukaryota, Opisthokonta, Metazoa, Eumetazoa, Bilateria, Deuterostomia, Chordata, Craniata, Vertebrata, Gnathostomata, Teleostomi, Euteleostomi, Sarcopterygii, Dipnotetrapodomorpha, Tetrapoda, Amniota, Sauropsida, Sauria, Lepidosauria, Squamata, Bifurcata, Unidentata, Episquamata, Laterata, Lacertibaenia, Lacertidae, Lacertinae, Podarcis	GCA_004329235.1	full
UP000472274	Terrapene triunguis (Three-toed box turtle)	2587831	31610	C:92.4%[S:66.2%,D:26.2%],F:2.9%,M:4.7%,n:7480	Unknown	Whole Genome Shotgun Assembly; Unplaced	cellular organisms, Eukaryota, Opisthokonta, Metazoa, Eumetazoa, Bilateria, Deuterostomia, Chordata, Craniata, Vertebrata, Gnathostomata, Teleostomi, Euteleostomi, Sarcopterygii, Dipnotetrapodomorpha, Tetrapoda, Amniota, Sauropsida, Sauria, Archelosauria, Testudinata, Testudines, Cryptodira, Durocryptodira, Testudinoidea, Emydidae, Terrapene	GCA_002925995.2	full
UP000472276	Oreochromis aureus (Israeli tilapia) (Chromis aureus)	47969	47152	C:98.1%[S:61.6%,D:36.5%],F:0.7%,M:1.2%,n:3640	Unknown	Linkage Group LG1; Linkage Group LG10; Linkage Group LG11; Linkage Group LG12; Linkage Group LG13; Linkage Group LG14; Linkage Group LG15; Linkage Group LG16; Linkage Group LG17; Linkage Group LG18; Linkage Group LG19; Linkage Group LG2; Linkage Group LG20; Linkage Group LG22; Linkage Group LG23; Linkage Group LG3; Linkage Group LG4; Linkage Group LG5; Linkage Group LG6; Linkage Group LG7; Linkage Group LG8; Linkage Group LG9; Unassembled WGS sequence; Unplaced	cellular organisms, Eukaryota, Opisthokonta, Metazoa, Eumetazoa, Bilateria, Deuterostomia, Chordata, Craniata, Vertebrata, Gnathostomata, Teleostomi, Euteleostomi, Actinopterygii, Actinopteri, Neopterygii, Teleostei, Osteoglossocephalai, Clupeocephala, Euteleosteomorpha, Neoteleostei, Eurypterygia, Ctenosquamata, Acanthomorphata, Euacanthomorphacea, Percomorphaceae, Ovalentaria, Cichlomorphae, Cichliformes, Cichlidae, African cichlids, Pseudocrenilabrinae, Oreochromini, Oreochromis	GCA_013358895.1	full
UP000472277	Salmo trutta (Brown trout)	8032	114756	C:97.9%[S:26.3%,D:71.6%],F:0.6%,M:1.5%,n:3640	Unknown	Chromosome 1; Chromosome 2; Chromosome 3; Chromosome 4; Chromosome 5; Chromosome 6; Chromosome 7; Chromosome 8; Chromosome 9; Chromosome 10; Chromosome 11; Chromosome 12; Chromosome 13; Chromosome 14; Chromosome 15; Chromosome 16; Chromosome 17; Chromosome 18; Chromosome 19; Chromosome 20; Chromosome 21; Chromosome 22; Chromosome 23; Chromosome 24; Chromosome 25; Chromosome 26; Chromosome 27; Chromosome 28; Chromosome 29; Chromosome 30; Chromosome 31; Chromosome 32; Chromosome 33; Chromosome 34; Chromosome 35; Chromosome 36; Chromosome 37; Chromosome 38; Chromosome 40; Chromosome 39; Mitochondrion MT; Unassembled WGS sequence; Unplaced	cellular organisms, Eukaryota, Opisthokonta, Metazoa, Eumetazoa, Bilateria, Deuterostomia, Chordata, Craniata, Vertebrata, Gnathostomata, Teleostomi, Euteleostomi, Actinopterygii, Actinopteri, Neopterygii, Teleostei, Osteoglossocephalai, Clupeocephala, Euteleosteomorpha, Protacanthopterygii, Salmoniformes, Salmonidae, Salmoninae, Salmo	GCA_901001165.1	full
UP000475037	Crocuta crocuta (Spotted hyena)	9678	16983	C:74.0%[S:73.4%,D:0.6%],F:2.4%,M:23.6%,n:14502	Unknown	Mitochondrion MT; Unassembled WGS sequence	cellular organisms, Eukaryota, Opisthokonta, Metazoa, Eumetazoa, Bilateria, Deuterostomia, Chordata, Craniata, Vertebrata, Gnathostomata, Teleostomi, Euteleostomi, Sarcopterygii, Dipnotetrapodomorpha, Tetrapoda, Amniota, Mammalia, Theria, Eutheria, Boreoeutheria, Laurasiatheria, Carnivora, Feliformia, Hyaenidae, Crocuta	GCA_008692635.1	full
UP000479987	Nylanderia fulva	613905	426	C:0.0%[S:0.0%,D:0.0%],F:0.0%,M:100.0%,n:5991	Unknown	Unassembled WGS sequence	cellular organisms, Eukaryota, Opisthokonta, Metazoa, Eumetazoa, Bilateria, Protostomia, Ecdysozoa, Panarthropoda, Arthropoda, Mandibulata, Pancrustacea, Hexapoda, Insecta, Dicondylia, Pterygota, Neoptera, Endopterygota, Hymenoptera, Apocrita, Aculeata, Formicoidea, Formicidae, Formicinae, Lasiini, Nylanderia	GCA_005281655.2	full
UP000492821	Panagrellus redivivus (Microworm)	6233	26334	C:76.4%[S:64.4%,D:12.0%],F:1.3%,M:22.3%,n:3131	Unknown	Unassembled WGS sequence; Unplaced	cellular organisms, Eukaryota, Opisthokonta, Metazoa, Eumetazoa, Bilateria, Protostomia, Ecdysozoa, Nematoda, Chromadorea, Rhabditida, Tylenchina, Panagrolaimomorpha, Panagrolaimoidea, Panagrolaimidae, Panagrellus	GCA_000341325.1	full
UP000494040	Cimex lectularius (Bed bug) (Acanthia lectularia)	79782	20637	C:99.5%[S:60.2%,D:39.3%],F:0.0%,M:0.4%,n:2510	Unknown	Unassembled WGS sequence; Unplaced	cellular organisms, Eukaryota, Opisthokonta, Metazoa, Eumetazoa, Bilateria, Protostomia, Ecdysozoa, Panarthropoda, Arthropoda, Mandibulata, Pancrustacea, Hexapoda, Insecta, Dicondylia, Pterygota, Neoptera, Paraneoptera, Hemiptera, Prosorrhyncha, Heteroptera, Euheteroptera, Neoheteroptera, Panheteroptera, Cimicomorpha, Cimicoidea, Cimicidae, Cimex	GCA_000648675.3	full
UP000494163	Drosophila busckii (Fruit fly)	30019	11911	C:92.9%[S:89.6%,D:3.3%],F:1.2%,M:5.9%,n:3285	Unknown	Chromosome 2L; Chromosome 2R; Chromosome 3L; Chromosome 3R; Chromosome 4; Chromosome X	cellular organisms, Eukaryota, Opisthokonta, Metazoa, Eumetazoa, Bilateria, Protostomia, Ecdysozoa, Panarthropoda, Arthropoda, Mandibulata, Pancrustacea, Hexapoda, Insecta, Dicondylia, Pterygota, Neoptera, Endopterygota, Diptera, Brachycera, Muscomorpha, Eremoneura, Cyclorrhapha, Schizophora, Acalyptratae, Ephydroidea, Drosophilidae, Drosophilinae, Drosophilini, Drosophila, Dorsilopha	GCA_001277935.1	full
UP000503349	Channa argus (Northern snakehead) (Ophicephalus argus)	215402	22264	C:89.2%[S:87.8%,D:1.4%],F:1.7%,M:9.1%,n:3640	Unknown	Chromosome 1; Chromosome 2; Chromosome 3; Chromosome 4; Chromosome 5; Chromosome 6; Chromosome 7; Chromosome 8; Chromosome 9; Chromosome 10; Chromosome 11; Chromosome 12; Chromosome 13; Chromosome 14; Chromosome 15; Chromosome 16; Chromosome 17; Chromosome 18; Chromosome 19; Chromosome 20; Chromosome 21; Chromosome 22; Chromosome 23; Chromosome 24; Unassembled WGS sequence	cellular organisms, Eukaryota, Opisthokonta, Metazoa, Eumetazoa, Bilateria, Deuterostomia, Chordata, Craniata, Vertebrata, Gnathostomata, Teleostomi, Euteleostomi, Actinopterygii, Actinopteri, Neopterygii, Teleostei, Osteoglossocephalai, Clupeocephala, Euteleosteomorpha, Neoteleostei, Eurypterygia, Ctenosquamata, Acanthomorphata, Euacanthomorphacea, Percomorphaceae, Anabantaria, Anabantiformes, Channoidei, Channidae, Channa	GCA_004786185.1	full
UP000504602	Geospiza fortis (Medium ground-finch)	48883	19288	C:97.2%[S:77.8%,D:19.4%],F:1.4%,M:1.4%,n:10844	Unknown	Unplaced	cellular organisms, Eukaryota, Opisthokonta, Metazoa, Eumetazoa, Bilateria, Deuterostomia, Chordata, Craniata, Vertebrata, Gnathostomata, Teleostomi, Euteleostomi, Sarcopterygii, Dipnotetrapodomorpha, Tetrapoda, Amniota, Sauropsida, Sauria, Archelosauria, Archosauria, Dinosauria, Saurischia, Theropoda, Coelurosauria, Aves, Neognathae, Neoaves, Telluraves, Australaves, Passeriformes, Thraupidae, Geospiza	GCF_000277835.1	full
UP000504606	Frankliniella occidentalis (Western flower thrips) (Euthrips occidentalis)	133901	23245	C:99.4%[S:67.9%,D:31.5%],F:0.4%,M:0.2%,n:1367	Unknown	Mitochondrion MT; Unplaced	cellular organisms, Eukaryota, Opisthokonta, Metazoa, Eumetazoa, Bilateria, Protostomia, Ecdysozoa, Panarthropoda, Arthropoda, Mandibulata, Pancrustacea, Hexapoda, Insecta, Dicondylia, Pterygota, Neoptera, Paraneoptera, Thysanoptera, Terebrantia, Thripoidea, Thripidae, Thripinae, Frankliniella	GCF_000697945.3	full
UP000504611	Notothenia coriiceps (black rockcod)	8208	29861	C:78.3%[S:59.3%,D:19.0%],F:16.5%,M:5.2%,n:3640	Unknown	Mitochondrion MT; Unplaced	cellular organisms, Eukaryota, Opisthokonta, Metazoa, Eumetazoa, Bilateria, Deuterostomia, Chordata, Craniata, Vertebrata, Gnathostomata, Teleostomi, Euteleostomi, Actinopterygii, Actinopteri, Neopterygii, Teleostei, Osteoglossocephalai, Clupeocephala, Euteleosteomorpha, Neoteleostei, Eurypterygia, Ctenosquamata, Acanthomorphata, Euacanthomorphacea, Percomorphaceae, Eupercaria, Perciformes, Notothenioidei, Nototheniidae, Notothenia	GCF_000735185.1	full
UP000504612	Notechis scutatus (mainland tiger snake)	8663	26669	C:90.7%[S:56.1%,D:34.6%],F:3.1%,M:6.2%,n:7480	Unknown	Unplaced	cellular organisms, Eukaryota, Opisthokonta, Metazoa, Eumetazoa, Bilateria, Deuterostomia, Chordata, Craniata, Vertebrata, Gnathostomata, Teleostomi, Euteleostomi, Sarcopterygii, Dipnotetrapodomorpha, Tetrapoda, Amniota, Sauropsida, Sauria, Lepidosauria, Squamata, Bifurcata, Unidentata, Episquamata, Toxicofera, Serpentes, Colubroidea, Elapidae, Hydrophiinae, Notechis	GCF_900518725.1	full
UP000504615	Pogonomyrmex barbatus (red harvester ant)	144034	16171	C:96.4%[S:62.9%,D:33.5%],F:2.5%,M:1.1%,n:5991	Unknown	Unplaced	cellular organisms, Eukaryota, Opisthokonta, Metazoa, Eumetazoa, Bilateria, Protostomia, Ecdysozoa, Panarthropoda, Arthropoda, Mandibulata, Pancrustacea, Hexapoda, Insecta, Dicondylia, Pterygota, Neoptera, Endopterygota, Hymenoptera, Apocrita, Aculeata, Formicoidea, Formicidae, Myrmicinae, Pogonomyrmecini, Pogonomyrmex	GCF_000187915.1	full
UP000504617	Thamnophis sirtalis	35019	22845	C:79.1%[S:58.1%,D:21.0%],F:7.8%,M:13.1%,n:7480	Unknown	Unplaced	cellular organisms, Eukaryota, Opisthokonta, Metazoa, Eumetazoa, Bilateria, Deuterostomia, Chordata, Craniata, Vertebrata, Gnathostomata, Teleostomi, Euteleostomi, Sarcopterygii, Dipnotetrapodomorpha, Tetrapoda, Amniota, Sauropsida, Sauria, Lepidosauria, Squamata, Bifurcata, Unidentata, Episquamata, Toxicofera, Serpentes, Colubroidea, Colubridae, Natricinae, Thamnophis	GCF_001077635.1	full
UP000504618	Temnothorax curvispinosus	300111	21925	C:94.7%[S:50.2%,D:44.5%],F:2.4%,M:3.0%,n:5991	Unknown	Unplaced	cellular organisms, Eukaryota, Opisthokonta, Metazoa, Eumetazoa, Bilateria, Protostomia, Ecdysozoa, Panarthropoda, Arthropoda, Mandibulata, Pancrustacea, Hexapoda, Insecta, Dicondylia, Pterygota, Neoptera, Endopterygota, Hymenoptera, Apocrita, Aculeata, Formicoidea, Formicidae, Myrmicinae, Crematogastrini, Temnothorax	GCF_003070985.1	full
UP000504623	Chrysochloris asiatica (Cape golden mole)	185453	24871	C:97.5%[S:82.1%,D:15.4%],F:0.9%,M:1.5%,n:11366	Unknown	Mitochondrion MT; Unplaced	cellular organisms, Eukaryota, Opisthokonta, Metazoa, Eumetazoa, Bilateria, Deuterostomia, Chordata, Craniata, Vertebrata, Gnathostomata, Teleostomi, Euteleostomi, Sarcopterygii, Dipnotetrapodomorpha, Tetrapoda, Amniota, Mammalia, Theria, Eutheria, Afrotheria, Chrysochloridae, Chrysochlorinae, Chrysochloris	GCF_000296735.1	full
UP000504624	Lepidothrix coronata (blue-crowned manakin)	321398	28808	C:98.7%[S:51.0%,D:47.7%],F:0.6%,M:0.7%,n:10844	Unknown	Unplaced	cellular organisms, Eukaryota, Opisthokonta, Metazoa, Eumetazoa, Bilateria, Deuterostomia, Chordata, Craniata, Vertebrata, Gnathostomata, Teleostomi, Euteleostomi, Sarcopterygii, Dipnotetrapodomorpha, Tetrapoda, Amniota, Sauropsida, Sauria, Archelosauria, Archosauria, Dinosauria, Saurischia, Theropoda, Coelurosauria, Aves, Neognathae, Neoaves, Telluraves, Australaves, Passeriformes, Pipridae, Lepidothrix	GCF_001604755.1	full
UP000504627	Pipra filicauda (Wire-tailed manakin)	649802	29367	C:97.9%[S:51.1%,D:46.9%],F:0.5%,M:1.6%,n:10844	Unknown	Unplaced	cellular organisms, Eukaryota, Opisthokonta, Metazoa, Eumetazoa, Bilateria, Deuterostomia, Chordata, Craniata, Vertebrata, Gnathostomata, Teleostomi, Euteleostomi, Sarcopterygii, Dipnotetrapodomorpha, Tetrapoda, Amniota, Sauropsida, Sauria, Archelosauria, Archosauria, Dinosauria, Saurischia, Theropoda, Coelurosauria, Aves, Neognathae, Neoaves, Telluraves, Australaves, Passeriformes, Pipridae, Pipra	GCF_003945595.2	full
UP000504628	Phyllostomus discolor (pale spear-nosed bat)	89673	38708	C:98.5%[S:49.2%,D:49.3%],F:0.3%,M:1.2%,n:12234	Unknown	Chromosome 1; Chromosome 2; Chromosome 3; Chromosome 4; Chromosome 5; Chromosome 6; Chromosome 7; Chromosome 8; Chromosome 9; Chromosome 10; Chromosome X; Chromosome 11; Chromosome 12; Chromosome 13; Chromosome 14; Chromosome 15; Chromosome Y; Unplaced	cellular organisms, Eukaryota, Opisthokonta, Metazoa, Eumetazoa, Bilateria, Deuterostomia, Chordata, Craniata, Vertebrata, Gnathostomata, Teleostomi, Euteleostomi, Sarcopterygii, Dipnotetrapodomorpha, Tetrapoda, Amniota, Mammalia, Theria, Eutheria, Boreoeutheria, Laurasiatheria, Chiroptera, Yangochiroptera, Phyllostomidae, Phyllostominae, Phyllostomus	GCF_004126475.2	full
UP000504629	Bombyx mandarina (Wild silk moth) (Wild silkworm)	7092	17282	C:94.6%[S:67.4%,D:27.3%],F:0.3%,M:5.1%,n:5286	Unknown	Mitochondrion MT; Unplaced	cellular organisms, Eukaryota, Opisthokonta, Metazoa, Eumetazoa, Bilateria, Protostomia, Ecdysozoa, Panarthropoda, Arthropoda, Mandibulata, Pancrustacea, Hexapoda, Insecta, Dicondylia, Pterygota, Neoptera, Endopterygota, Amphiesmenoptera, Lepidoptera, Glossata, Neolepidoptera, Heteroneura, Ditrysia, Obtectomera, Bombycoidea, Bombycidae, Bombycinae, Bombyx	GCF_003987935.1	full
UP000504630	Cottoperca gobio (Frogmouth) (Aphritis gobio)	56716	32803	C:95.6%[S:66.1%,D:29.5%],F:0.7%,M:3.8%,n:3640	Unknown	Chromosome 1; Chromosome 2; Chromosome 3; Chromosome 4; Chromosome 5; Chromosome 6; Chromosome 7; Chromosome 8; Chromosome 9; Chromosome 10; Chromosome 11; Chromosome 12; Chromosome 13; Chromosome 14; Chromosome 15; Chromosome 16; Chromosome 17; Chromosome 18; Chromosome 19; Chromosome 20; Chromosome 21; Chromosome 22; Chromosome 23; Chromosome 24; Unplaced	cellular organisms, Eukaryota, Opisthokonta, Metazoa, Eumetazoa, Bilateria, Deuterostomia, Chordata, Craniata, Vertebrata, Gnathostomata, Teleostomi, Euteleostomi, Actinopterygii, Actinopteri, Neopterygii, Teleostei, Osteoglossocephalai, Clupeocephala, Euteleosteomorpha, Neoteleostei, Eurypterygia, Ctenosquamata, Acanthomorphata, Euacanthomorphacea, Percomorphaceae, Eupercaria, Perciformes, Notothenioidei, Bovichtidae, Cottoperca	GCF_900634415.1	full
UP000504631	Bombus vosnesenskii	207650	19375	C:99.3%[S:50.4%,D:48.9%],F:0.2%,M:0.6%,n:5991	Unknown	Unplaced	cellular organisms, Eukaryota, Opisthokonta, Metazoa, Eumetazoa, Bilateria, Protostomia, Ecdysozoa, Panarthropoda, Arthropoda, Mandibulata, Pancrustacea, Hexapoda, Insecta, Dicondylia, Pterygota, Neoptera, Endopterygota, Hymenoptera, Apocrita, Aculeata, Apoidea, Anthophila, Apidae, Apinae, Bombini, Bombus, Pyrobombus	GCF_011952255.1	full
UP000504632	Chanos chanos (Milkfish) (Mugil chanos)	29144	28975	C:98.6%[S:82.2%,D:16.4%],F:0.2%,M:1.2%,n:3640	Unknown	Chromosome 1; Chromosome 2; Chromosome 3; Chromosome 4; Chromosome 5; Chromosome 6; Chromosome 7; Chromosome 8; Chromosome 9; Chromosome 10; Chromosome 11; Chromosome 12; Chromosome 13; Chromosome 14; Chromosome 15; Mitochondrion MT; Chromosome 16; Unplaced	cellular organisms, Eukaryota, Opisthokonta, Metazoa, Eumetazoa, Bilateria, Deuterostomia, Chordata, Craniata, Vertebrata, Gnathostomata, Teleostomi, Euteleostomi, Actinopterygii, Actinopteri, Neopterygii, Teleostei, Osteoglossocephalai, Clupeocephala, Otomorpha, Ostariophysi, Anotophysi, Gonorynchiformes, Chanoidei, Chanidae, Chanos	GCF_902362185.1	full
UP000504633	Drosophila hydei (Fruit fly)	7224	18596	C:99.8%[S:69.7%,D:30.1%],F:0.1%,M:0.1%,n:3285	Unknown	Unplaced	cellular organisms, Eukaryota, Opisthokonta, Metazoa, Eumetazoa, Bilateria, Protostomia, Ecdysozoa, Panarthropoda, Arthropoda, Mandibulata, Pancrustacea, Hexapoda, Insecta, Dicondylia, Pterygota, Neoptera, Endopterygota, Diptera, Brachycera, Muscomorpha, Eremoneura, Cyclorrhapha, Schizophora, Acalyptratae, Ephydroidea, Drosophilidae, Drosophilinae, Drosophilini, Drosophila, Drosophila, repleta group, hydei subgroup	GCF_003285905.1	full
UP000504634	Drosophila lebanonensis (Fruit fly) (Scaptodrosophila lebanonensis)	7225	17832	C:99.7%[S:73.1%,D:26.6%],F:0.0%,M:0.3%,n:3285	Unknown	Unplaced	cellular organisms, Eukaryota, Opisthokonta, Metazoa, Eumetazoa, Bilateria, Protostomia, Ecdysozoa, Panarthropoda, Arthropoda, Mandibulata, Pancrustacea, Hexapoda, Insecta, Dicondylia, Pterygota, Neoptera, Endopterygota, Diptera, Brachycera, Muscomorpha, Eremoneura, Cyclorrhapha, Schizophora, Acalyptratae, Ephydroidea, Drosophilidae, Drosophilinae, Colocasiomyini, Scaptodrosophila, victoria group	GCF_003285725.1	full
UP000504635	Sitophilus oryzae (Rice weevil) (Curculio oryzae)	7048	20363	C:98.4%[S:68.1%,D:30.3%],F:0.2%,M:1.4%,n:2124	Unknown	Mitochondrion MT; Unplaced	cellular organisms, Eukaryota, Opisthokonta, Metazoa, Eumetazoa, Bilateria, Protostomia, Ecdysozoa, Panarthropoda, Arthropoda, Mandibulata, Pancrustacea, Hexapoda, Insecta, Dicondylia, Pterygota, Neoptera, Endopterygota, Coleoptera, Polyphaga, Cucujiformia, Curculionoidea, Curculionidae, Dryophthorinae, Sitophilus	GCF_002938485.1	full
UP000504639	Aythya fuligula (Tufted duck) (Anas fuligula)	219594	23986	C:99.1%[S:66.4%,D:32.7%],F:0.1%,M:0.8%,n:8338	Unknown	Chromosome 1; Chromosome 2; Chromosome 3; Chromosome 4; Chromosome 5; Chromosome 6; Chromosome 7; Chromosome 8; Chromosome 9; Chromosome 10; Chromosome 11; Chromosome 12; Chromosome 13; Chromosome 14; Chromosome 15; Chromosome 16; Chromosome 17; Chromosome 18; Chromosome 19; Chromosome 20; Chromosome 21; Chromosome 22; Chromosome 23; Chromosome 24; Chromosome 25; Chromosome 26; Chromosome 27; Chromosome 28; Chromosome 29; Chromosome 30; Chromosome 31; Chromosome 32; Chromosome 33; Chromosome 34; Chromosome Z; Chromosome W; Mitochondrion MT; Unplaced	cellular organisms, Eukaryota, Opisthokonta, Metazoa, Eumetazoa, Bilateria, Deuterostomia, Chordata, Craniata, Vertebrata, Gnathostomata, Teleostomi, Euteleostomi, Sarcopterygii, Dipnotetrapodomorpha, Tetrapoda, Amniota, Sauropsida, Sauria, Archelosauria, Archosauria, Dinosauria, Saurischia, Theropoda, Coelurosauria, Aves, Neognathae, Galloanserae, Anseriformes, Anatidae, Aythyinae, Aythya	GCF_009819795.1	full
UP000504640	Sapajus apella (Brown-capped capuchin) (Cebus apella)	9515	49214	C:98.2%[S:41.6%,D:56.6%],F:1.0%,M:0.8%,n:13780	Unknown	Unplaced	cellular organisms, Eukaryota, Opisthokonta, Metazoa, Eumetazoa, Bilateria, Deuterostomia, Chordata, Craniata, Vertebrata, Gnathostomata, Teleostomi, Euteleostomi, Sarcopterygii, Dipnotetrapodomorpha, Tetrapoda, Amniota, Mammalia, Theria, Eutheria, Boreoeutheria, Euarchontoglires, Primates, Haplorrhini, Simiiformes, Platyrrhini, Cebidae, Cebinae, Sapajus	GCF_009761245.1	full
UP000515126	Mus caroli (Ryukyu mouse) (Ricefield mouse)	10089	38135	C:98.9%[S:51.9%,D:47.0%],F:0.6%,M:0.5%,n:13798	Unknown	Chromosome 1; Chromosome 2; Chromosome 3; Chromosome 4; Chromosome 5; Chromosome 6; Chromosome 7; Chromosome 8; Chromosome 9; Chromosome 10; Chromosome X; Chromosome 11; Chromosome 12; Chromosome 13; Chromosome 14; Chromosome 15; Chromosome 16; Chromosome 17; Chromosome 18; Chromosome 19; Mitochondrion MT; Unplaced	cellular organisms, Eukaryota, Opisthokonta, Metazoa, Eumetazoa, Bilateria, Deuterostomia, Chordata, Craniata, Vertebrata, Gnathostomata, Teleostomi, Euteleostomi, Sarcopterygii, Dipnotetrapodomorpha, Tetrapoda, Amniota, Mammalia, Theria, Eutheria, Boreoeutheria, Euarchontoglires, Glires, Rodentia, Myomorpha, Muroidea, Muridae, Murinae, Mus, Mus	GCF_900094665.2	full
UP000515129	Carassius auratus (Goldfish)	7957	82907	C:99.3%[S:24.6%,D:74.7%],F:0.2%,M:0.5%,n:3640	Unknown	Chromosome 1; Chromosome 2; Chromosome 3; Chromosome 4; Chromosome 5; Chromosome 6; Chromosome 7; Chromosome 8; Chromosome 9; Chromosome 10; Chromosome 11; Chromosome 12; Chromosome 13; Chromosome 14; Chromosome 15; Chromosome 16; Chromosome 17; Chromosome 18; Chromosome 19; Chromosome 20; Chromosome 21; Chromosome 22; Chromosome 23; Chromosome 24; Chromosome 25; Chromosome 26; Chromosome 27; Chromosome 28; Chromosome 29; Chromosome 30; Chromosome 31; Chromosome 32; Chromosome 33; Chromosome 34; Chromosome 35; Chromosome 36; Chromosome 37; Chromosome 38; Chromosome 39; Chromosome 40; Chromosome 41; Chromosome 42; Chromosome 43; Chromosome 44; Chromosome 45; Chromosome 46; Chromosome 47; Chromosome 48; Chromosome 49; Chromosome 50; Linkage group LG28B; Linkage group LG30F; Linkage group LG36F; Linkage group LG37M; Linkage group LG42F; Linkage group LG44F; Linkage group LG45M; Linkage group LG49B; Linkage group LG48F; Mitochondrion MT; Unplaced	cellular organisms, Eukaryota, Opisthokonta, Metazoa, Eumetazoa, Bilateria, Deuterostomia, Chordata, Craniata, Vertebrata, Gnathostomata, Teleostomi, Euteleostomi, Actinopterygii, Actinopteri, Neopterygii, Teleostei, Osteoglossocephalai, Clupeocephala, Otomorpha, Ostariophysi, Otophysi, Cypriniphysae, Cypriniformes, Cyprinoidei, Cyprinidae, Cyprininae, Carassius	GCF_003368295.1	full
UP000515131	Puma concolor (Mountain lion) (Felis concolor)	9696	22784	C:87.9%[S:73.4%,D:14.6%],F:3.2%,M:8.9%,n:14502	Unknown	Mitochondrion MT; Unplaced	cellular organisms, Eukaryota, Opisthokonta, Metazoa, Eumetazoa, Bilateria, Deuterostomia, Chordata, Craniata, Vertebrata, Gnathostomata, Teleostomi, Euteleostomi, Sarcopterygii, Dipnotetrapodomorpha, Tetrapoda, Amniota, Mammalia, Theria, Eutheria, Boreoeutheria, Laurasiatheria, Carnivora, Feliformia, Felidae, Felinae, Puma	GCF_003327715.1	full
UP000515135	Branchiostoma belcheri (Amphioxus)	7741	31616	C:98.6%[S:75.3%,D:23.4%],F:0.8%,M:0.5%,n:954	Unknown	Mitochondrion MT; Unplaced	cellular organisms, Eukaryota, Opisthokonta, Metazoa, Eumetazoa, Bilateria, Deuterostomia, Chordata, Cephalochordata, Leptocardii, Amphioxiformes, Branchiostomatidae, Branchiostoma	GCF_001625305.1	full
UP000515140	Phascolarctos cinereus (Koala)	38626	37507	C:98.1%[S:51.3%,D:46.8%],F:0.4%,M:1.4%,n:9226	Unknown	Mitochondrion MT; Unplaced	cellular organisms, Eukaryota, Opisthokonta, Metazoa, Eumetazoa, Bilateria, Deuterostomia, Chordata, Craniata, Vertebrata, Gnathostomata, Teleostomi, Euteleostomi, Sarcopterygii, Dipnotetrapodomorpha, Tetrapoda, Amniota, Mammalia, Theria, Metatheria, Diprotodontia, Phascolarctidae, Phascolarctos	GCF_002099425.1	full
UP000515145	Parambassis ranga (Indian glassy fish)	210632	35462	C:99.6%[S:68.2%,D:31.4%],F:0.2%,M:0.3%,n:3640	Unknown	Chromosome 1; Chromosome 2; Chromosome 3; Chromosome 4; Chromosome 5; Chromosome 6; Chromosome 7; Chromosome 8; Chromosome 9; Chromosome 10; Chromosome 12; Chromosome 13; Chromosome 14; Chromosome 15; Chromosome 16; Chromosome 17; Chromosome 18; Chromosome 19; Chromosome 20; Chromosome 21; Chromosome 22; Chromosome 24; Unplaced	cellular organisms, Eukaryota, Opisthokonta, Metazoa, Eumetazoa, Bilateria, Deuterostomia, Chordata, Craniata, Vertebrata, Gnathostomata, Teleostomi, Euteleostomi, Actinopterygii, Actinopteri, Neopterygii, Teleostei, Osteoglossocephalai, Clupeocephala, Euteleosteomorpha, Neoteleostei, Eurypterygia, Ctenosquamata, Acanthomorphata, Euacanthomorphacea, Percomorphaceae, Ovalentaria, Ovalentaria incertae sedis, Ambassidae, Parambassis	GCF_900634625.1	full
UP000515146	Dermatophagoides pteronyssinus (European house dust mite)	6956	12482	C:95.5%[S:84.5%,D:11.1%],F:0.2%,M:4.2%,n:2934	Unknown	Mitochondrion MT; Unplaced	cellular organisms, Eukaryota, Opisthokonta, Metazoa, Eumetazoa, Bilateria, Protostomia, Ecdysozoa, Panarthropoda, Arthropoda, Chelicerata, Arachnida, Acari, Acariformes, Sarcoptiformes, Astigmata, Psoroptidia, Analgoidea, Pyroglyphidae, Dermatophagoidinae, Dermatophagoides	GCF_001901225.1	full
UP000515150	Betta splendens (Siamese fighting fish)	158456	43456	C:99.5%[S:58.2%,D:41.3%],F:0.2%,M:0.4%,n:3640	Unknown	Chromosome 1; Chromosome 2; Chromosome 3; Chromosome 4; Chromosome 5; Chromosome 6; Chromosome 7; Chromosome 8; Chromosome 9; Chromosome 10; Chromosome 11; Chromosome 12; Chromosome 13; Chromosome 14; Chromosome 15; Chromosome 16; Chromosome 17; Chromosome 19; Chromosome 21; Chromosome 22; Chromosome 24; Mitochondrion MT; Unplaced	cellular organisms, Eukaryota, Opisthokonta, Metazoa, Eumetazoa, Bilateria, Deuterostomia, Chordata, Craniata, Vertebrata, Gnathostomata, Teleostomi, Euteleostomi, Actinopterygii, Actinopteri, Neopterygii, Teleostei, Osteoglossocephalai, Clupeocephala, Euteleosteomorpha, Neoteleostei, Eurypterygia, Ctenosquamata, Acanthomorphata, Euacanthomorphacea, Percomorphaceae, Anabantaria, Anabantiformes, Anabantoidei, Osphronemidae, Macropodinae, Betta	GCF_900634795.4	full
UP000515152	Clupea harengus (Atlantic herring)	7950	40751	C:97.6%[S:63.0%,D:34.6%],F:1.0%,M:1.4%,n:3640	Unknown	Chromosome 1; Chromosome 2; Chromosome 3; Chromosome 4; Chromosome 5; Chromosome 6; Chromosome 7; Chromosome 8; Chromosome 9; Chromosome 10; Chromosome 11; Chromosome 12; Chromosome 13; Chromosome 14; Chromosome 15; Chromosome 16; Chromosome 17; Chromosome 18; Chromosome 19; Chromosome 20; Chromosome 21; Chromosome 22; Chromosome 23; Chromosome 24; Chromosome 26; Chromosome 25; Mitochondrion MT; Unplaced	cellular organisms, Eukaryota, Opisthokonta, Metazoa, Eumetazoa, Bilateria, Deuterostomia, Chordata, Craniata, Vertebrata, Gnathostomata, Teleostomi, Euteleostomi, Actinopterygii, Actinopteri, Neopterygii, Teleostei, Osteoglossocephalai, Clupeocephala, Otomorpha, Clupei, Clupeiformes, Clupeoidei, Clupeidae, Clupeinae, Clupea	GCF_900700415.2	full
UP000515154	Octopus sinensis (East Asian common octopus)	2607531	30332	C:90.8%[S:47.6%,D:43.2%],F:1.5%,M:7.7%,n:5295	Unknown	Linkage group LG1; Linkage group LG10; Linkage group LG11; Linkage group LG12; Linkage group LG13; Linkage group LG14; Linkage group LG15; Linkage group LG16; Linkage group LG17; Linkage group LG18; Linkage group LG19; Linkage group LG2; Linkage group LG20; Linkage group LG21; Linkage group LG22; Linkage group LG23; Linkage group LG24; Linkage group LG25; Linkage group LG26; Linkage group LG27; Linkage group LG28; Linkage group LG29; Linkage group LG3; Linkage group LG30; Linkage group LG4; Linkage group LG5; Linkage group LG6; Linkage group LG7; Linkage group LG8; Linkage group LG9; Mitochondrion MT; Unplaced	cellular organisms, Eukaryota, Opisthokonta, Metazoa, Eumetazoa, Bilateria, Protostomia, Spiralia, Lophotrochozoa, Mollusca, Cephalopoda, Coleoidea, Octopodiformes, Octopoda, Incirrata, Octopodidae, Octopus	GCF_006345805.1	full
UP000515156	Microcaecilia unicolor	1415580	30223	C:96.9%[S:53.6%,D:43.2%],F:0.5%,M:2.6%,n:5310	Unknown	Chromosome 1; Chromosome 2; Chromosome 3; Chromosome 4; Chromosome 5; Chromosome 6; Chromosome 7; Chromosome 8; Chromosome 9; Chromosome 10; Chromosome 11; Chromosome 12; Chromosome 13; Mitochondrion MT; Chromosome 14; Unplaced	cellular organisms, Eukaryota, Opisthokonta, Metazoa, Eumetazoa, Bilateria, Deuterostomia, Chordata, Craniata, Vertebrata, Gnathostomata, Teleostomi, Euteleostomi, Sarcopterygii, Dipnotetrapodomorpha, Tetrapoda, Amphibia, Gymnophiona, Siphonopidae, Microcaecilia	GCF_901765095.1	full
UP000515158	Thrips palmi (Melon thrips)	161013	20983	C:97.7%[S:65.1%,D:32.6%],F:0.1%,M:2.1%,n:1367	Unknown	Mitochondrion MT; Unplaced	cellular organisms, Eukaryota, Opisthokonta, Metazoa, Eumetazoa, Bilateria, Protostomia, Ecdysozoa, Panarthropoda, Arthropoda, Mandibulata, Pancrustacea, Hexapoda, Insecta, Dicondylia, Pterygota, Neoptera, Paraneoptera, Thysanoptera, Terebrantia, Thripoidea, Thripidae, Thripinae, Thrips	GCF_012932325.1	full
UP000515159	Geotrypetes seraphini (Gaboon caecilian) (Caecilia seraphini)	260995	38603	C:96.7%[S:37.9%,D:58.8%],F:0.6%,M:2.7%,n:5310	Unknown	Chromosome 1; Chromosome 2; Chromosome 3; Chromosome 4; Chromosome 5; Chromosome 6; Chromosome 7; Chromosome 8; Chromosome 9; Chromosome 10; Chromosome 11; Chromosome 12; Chromosome 13; Chromosome 14; Chromosome 15; Chromosome 16; Chromosome 17; Chromosome 18; Chromosome 19; Mitochondrion MT; Unplaced	cellular organisms, Eukaryota, Opisthokonta, Metazoa, Eumetazoa, Bilateria, Deuterostomia, Chordata, Craniata, Vertebrata, Gnathostomata, Teleostomi, Euteleostomi, Sarcopterygii, Dipnotetrapodomorpha, Tetrapoda, Amphibia, Gymnophiona, Dermophiidae, Geotrypetes	GCF_902459505.1	full
UP000515160	Drosophila albomicans (Fruit fly)	7291	21410	C:99.9%[S:70.5%,D:29.4%],F:0.0%,M:0.1%,n:3285	Unknown	Chromosome 2L; Chromosome 2R; Chromosome 4; Chromosome 3; Chromosome X; Unplaced	cellular organisms, Eukaryota, Opisthokonta, Metazoa, Eumetazoa, Bilateria, Protostomia, Ecdysozoa, Panarthropoda, Arthropoda, Mandibulata, Pancrustacea, Hexapoda, Insecta, Dicondylia, Pterygota, Neoptera, Endopterygota, Diptera, Brachycera, Muscomorpha, Eremoneura, Cyclorrhapha, Schizophora, Acalyptratae, Ephydroidea, Drosophilidae, Drosophilinae, Drosophilini, Drosophila, Drosophila, immigrans group, nasuta subgroup	GCF_009650485.2	full
UP000515161	Gymnodraco acuticeps (Antarctic dragonfish)	8218	39778	C:96.3%[S:64.8%,D:31.5%],F:0.6%,M:3.1%,n:3640	Unknown	Unplaced	cellular organisms, Eukaryota, Opisthokonta, Metazoa, Eumetazoa, Bilateria, Deuterostomia, Chordata, Craniata, Vertebrata, Gnathostomata, Teleostomi, Euteleostomi, Actinopterygii, Actinopteri, Neopterygii, Teleostei, Osteoglossocephalai, Clupeocephala, Euteleosteomorpha, Neoteleostei, Eurypterygia, Ctenosquamata, Acanthomorphata, Euacanthomorphacea, Percomorphaceae, Eupercaria, Perciformes, Notothenioidei, Bathydraconidae, Gymnodraco	GCF_902827175.1	full
UP000515162	Drosophila mauritiana (Fruit fly)	7226	20916	C:99.9%[S:69.7%,D:30.2%],F:0.0%,M:0.0%,n:3285	Standard	Chromosome 2L; Chromosome 2R; Chromosome 3L; Chromosome 3R; Chromosome 4; Chromosome X; Mitochondrion MT; Unplaced	cellular organisms, Eukaryota, Opisthokonta, Metazoa, Eumetazoa, Bilateria, Protostomia, Ecdysozoa, Panarthropoda, Arthropoda, Mandibulata, Pancrustacea, Hexapoda, Insecta, Dicondylia, Pterygota, Neoptera, Endopterygota, Diptera, Brachycera, Muscomorpha, Eremoneura, Cyclorrhapha, Schizophora, Acalyptratae, Ephydroidea, Drosophilidae, Drosophilinae, Drosophilini, Drosophila, Sophophora, melanogaster group, melanogaster subgroup	GCF_004382145.1	full
UP000515163	Actinia tenebrosa (Australian red waratah sea anemone)	6105	23843	C:97.3%[S:85.8%,D:11.4%],F:1.4%,M:1.4%,n:954	Unknown	Mitochondrion MT; Unplaced	cellular organisms, Eukaryota, Opisthokonta, Metazoa, Eumetazoa, Cnidaria, Anthozoa, Hexacorallia, Actiniaria, Actiniidae, Actinia	GCF_009602425.1	full
UP000515164	Bombus bifarius	103933	19309	C:99.3%[S:50.9%,D:48.4%],F:0.1%,M:0.5%,n:5991	Unknown	Unplaced	cellular organisms, Eukaryota, Opisthokonta, Metazoa, Eumetazoa, Bilateria, Protostomia, Ecdysozoa, Panarthropoda, Arthropoda, Mandibulata, Pancrustacea, Hexapoda, Insecta, Dicondylia, Pterygota, Neoptera, Endopterygota, Hymenoptera, Apocrita, Aculeata, Apoidea, Anthophila, Apidae, Apinae, Bombini, Bombus, Pyrobombus	GCF_011952205.1	full
UP000515165	Zalophus californianus (California sealion)	9704	47365	C:99.0%[S:39.8%,D:59.1%],F:0.1%,M:0.9%,n:14502	Unknown	Chromosome 1; Chromosome 2; Chromosome 3; Chromosome 4; Chromosome 5; Chromosome 6; Chromosome 7; Chromosome 8; Chromosome 9; Chromosome 10; Chromosome X; Chromosome 11; Chromosome 12; Chromosome 13; Chromosome 14; Chromosome 15; Chromosome 16; Chromosome 17; Chromosome Y; Mitochondrion MT; Unplaced	cellular organisms, Eukaryota, Opisthokonta, Metazoa, Eumetazoa, Bilateria, Deuterostomia, Chordata, Craniata, Vertebrata, Gnathostomata, Teleostomi, Euteleostomi, Sarcopterygii, Dipnotetrapodomorpha, Tetrapoda, Amniota, Mammalia, Theria, Eutheria, Boreoeutheria, Laurasiatheria, Carnivora, Caniformia, Pinnipedia, Otariidae, Zalophus	GCF_009762305.2	full
UP000515180	Bombus impatiens (Bumblebee)	132113	19194	C:99.2%[S:48.4%,D:50.8%],F:0.3%,M:0.5%,n:5991	Unknown	Unplaced	cellular organisms, Eukaryota, Opisthokonta, Metazoa, Eumetazoa, Bilateria, Protostomia, Ecdysozoa, Panarthropoda, Arthropoda, Mandibulata, Pancrustacea, Hexapoda, Insecta, Dicondylia, Pterygota, Neoptera, Endopterygota, Hymenoptera, Apocrita, Aculeata, Apoidea, Anthophila, Apidae, Apinae, Bombini, Bombus, Pyrobombus	GCF_000188095.3	full
UP000515202	Pteropus vampyrus (Large flying fox)	132908	34712	C:94.9%[S:54.3%,D:40.6%],F:2.9%,M:2.2%,n:12234	Unknown	Unplaced	cellular organisms, Eukaryota, Opisthokonta, Metazoa, Eumetazoa, Bilateria, Deuterostomia, Chordata, Craniata, Vertebrata, Gnathostomata, Teleostomi, Euteleostomi, Sarcopterygii, Dipnotetrapodomorpha, Tetrapoda, Amniota, Mammalia, Theria, Eutheria, Boreoeutheria, Laurasiatheria, Chiroptera, Yinpterochiroptera, Pteropodoidea, Pteropodidae, Pteropodinae, Pteropus	GCF_000151845.1	full
UP000515203	Octodon degus (Degu) (Sciurus degus)	10160	35368	C:97.5%[S:54.0%,D:43.4%],F:1.5%,M:1.0%,n:13798	Unknown	Mitochondrion MT; Unplaced	cellular organisms, Eukaryota, Opisthokonta, Metazoa, Eumetazoa, Bilateria, Deuterostomia, Chordata, Craniata, Vertebrata, Gnathostomata, Teleostomi, Euteleostomi, Sarcopterygii, Dipnotetrapodomorpha, Tetrapoda, Amniota, Mammalia, Theria, Eutheria, Boreoeutheria, Euarchontoglires, Glires, Rodentia, Hystricomorpha, Octodontidae, Octodon	GCF_000260255.1	full
UP000515204	Dinoponera quadriceps (South American ant)	609295	17673	C:98.6%[S:52.1%,D:46.5%],F:0.8%,M:0.6%,n:5991	Unknown	Unplaced	cellular organisms, Eukaryota, Opisthokonta, Metazoa, Eumetazoa, Bilateria, Protostomia, Ecdysozoa, Panarthropoda, Arthropoda, Mandibulata, Pancrustacea, Hexapoda, Insecta, Dicondylia, Pterygota, Neoptera, Endopterygota, Hymenoptera, Apocrita, Aculeata, Formicoidea, Formicidae, Ponerinae, Ponerini, Dinoponera	GCF_001313825.1	full
UP000515208	Bison bison bison (North American plains bison)	43346	29505	C:95.4%[S:64.4%,D:31.1%],F:2.5%,M:2.1%,n:13335	Unknown	Mitochondrion MT; Unplaced	cellular organisms, Eukaryota, Opisthokonta, Metazoa, Eumetazoa, Bilateria, Deuterostomia, Chordata, Craniata, Vertebrata, Gnathostomata, Teleostomi, Euteleostomi, Sarcopterygii, Dipnotetrapodomorpha, Tetrapoda, Amniota, Mammalia, Theria, Eutheria, Boreoeutheria, Laurasiatheria, Artiodactyla, Ruminantia, Pecora, Bovidae, Bovinae, Bison, Bison bison	GCF_000754665.1	full
UP000516988	Steatornis caripensis (Oilbird)	48435	14501	C:78.5%[S:78.1%,D:0.4%],F:6.8%,M:14.6%,n:8338	Unknown	Unassembled WGS sequence	cellular organisms, Eukaryota, Opisthokonta, Metazoa, Eumetazoa, Bilateria, Deuterostomia, Chordata, Craniata, Vertebrata, Gnathostomata, Teleostomi, Euteleostomi, Sarcopterygii, Dipnotetrapodomorpha, Tetrapoda, Amniota, Sauropsida, Sauria, Archelosauria, Archosauria, Dinosauria, Saurischia, Theropoda, Coelurosauria, Aves, Neognathae, Neoaves, Strisores, Caprimulgiformes, Steatornithidae, Steatornis	GCA_013398225.1	full
UP000517678	Cnemophilus loriae (Loria's bird-of-paradise)	254448	14099	C:76.2%[S:76.0%,D:0.2%],F:5.0%,M:18.7%,n:10844	Unknown	Unassembled WGS sequence	cellular organisms, Eukaryota, Opisthokonta, Metazoa, Eumetazoa, Bilateria, Deuterostomia, Chordata, Craniata, Vertebrata, Gnathostomata, Teleostomi, Euteleostomi, Sarcopterygii, Dipnotetrapodomorpha, Tetrapoda, Amniota, Sauropsida, Sauria, Archelosauria, Archosauria, Dinosauria, Saurischia, Theropoda, Coelurosauria, Aves, Neognathae, Neoaves, Telluraves, Australaves, Passeriformes, Corvoidea, Corvidae, Cnemophilus	GCA_013397755.1	full
UP000517892	Centropus unirufus	1118519	13993	C:79.8%[S:79.4%,D:0.4%],F:6.2%,M:14.1%,n:8338	Unknown	Unassembled WGS sequence	cellular organisms, Eukaryota, Opisthokonta, Metazoa, Eumetazoa, Bilateria, Deuterostomia, Chordata, Craniata, Vertebrata, Gnathostomata, Teleostomi, Euteleostomi, Sarcopterygii, Dipnotetrapodomorpha, Tetrapoda, Amniota, Sauropsida, Sauria, Archelosauria, Archosauria, Dinosauria, Saurischia, Theropoda, Coelurosauria, Aves, Neognathae, Neoaves, Otidimorphae, Cuculiformes, Centropidae, Centropus	GCA_013397695.1	full
UP000518266	Dissostichus mawsoni (Antarctic cod)	36200	29104	C:68.1%[S:65.9%,D:2.3%],F:7.9%,M:24.0%,n:3640	Unknown	Unassembled WGS sequence	cellular organisms, Eukaryota, Opisthokonta, Metazoa, Eumetazoa, Bilateria, Deuterostomia, Chordata, Craniata, Vertebrata, Gnathostomata, Teleostomi, Euteleostomi, Actinopterygii, Actinopteri, Neopterygii, Teleostei, Osteoglossocephalai, Clupeocephala, Euteleosteomorpha, Neoteleostei, Eurypterygia, Ctenosquamata, Acanthomorphata, Euacanthomorphacea, Percomorphaceae, Eupercaria, Perciformes, Notothenioidei, Nototheniidae, Dissostichus	GCA_011823955.1	full
UP000518305	Hemiprocne comata	243314	13784	C:77.6%[S:77.3%,D:0.3%],F:6.6%,M:15.8%,n:8338	Unknown	Unassembled WGS sequence	cellular organisms, Eukaryota, Opisthokonta, Metazoa, Eumetazoa, Bilateria, Deuterostomia, Chordata, Craniata, Vertebrata, Gnathostomata, Teleostomi, Euteleostomi, Sarcopterygii, Dipnotetrapodomorpha, Tetrapoda, Amniota, Sauropsida, Sauria, Archelosauria, Archosauria, Dinosauria, Saurischia, Theropoda, Coelurosauria, Aves, Neognathae, Neoaves, Strisores, Apodiformes, Apodidae, Hemiprocninae, Hemiprocne	GCA_013396855.1	full
UP000518911	Atlantisia rogersi (Inaccessible Island rail)	2478892	13649	C:60.8%[S:60.6%,D:0.2%],F:12.1%,M:27.0%,n:8338	Unknown	Unassembled WGS sequence	cellular organisms, Eukaryota, Opisthokonta, Metazoa, Eumetazoa, Bilateria, Deuterostomia, Chordata, Craniata, Vertebrata, Gnathostomata, Teleostomi, Euteleostomi, Sarcopterygii, Dipnotetrapodomorpha, Tetrapoda, Amniota, Sauropsida, Sauria, Archelosauria, Archosauria, Dinosauria, Saurischia, Theropoda, Coelurosauria, Aves, Neognathae, Neoaves, Gruiformes, Rallidae, Atlantisia	GCA_013401215.1	full
UP000519115	Spizaetus tyrannus (black hawk-eagle)	252798	14343	C:79.5%[S:79.3%,D:0.2%],F:5.9%,M:14.6%,n:8338	Unknown	Unassembled WGS sequence	cellular organisms, Eukaryota, Opisthokonta, Metazoa, Eumetazoa, Bilateria, Deuterostomia, Chordata, Craniata, Vertebrata, Gnathostomata, Teleostomi, Euteleostomi, Sarcopterygii, Dipnotetrapodomorpha, Tetrapoda, Amniota, Sauropsida, Sauria, Archelosauria, Archosauria, Dinosauria, Saurischia, Theropoda, Coelurosauria, Aves, Neognathae, Neoaves, Telluraves, Accipitrimorphae, Accipitriformes, Accipitridae, Accipitrinae, Spizaetus	GCA_013399215.1	full
UP000519225	Pluvianellus socialis (Magellanic plover)	227228	14306	C:76.6%[S:76.3%,D:0.3%],F:7.6%,M:15.8%,n:8338	Unknown	Unassembled WGS sequence	cellular organisms, Eukaryota, Opisthokonta, Metazoa, Eumetazoa, Bilateria, Deuterostomia, Chordata, Craniata, Vertebrata, Gnathostomata, Teleostomi, Euteleostomi, Sarcopterygii, Dipnotetrapodomorpha, Tetrapoda, Amniota, Sauropsida, Sauria, Archelosauria, Archosauria, Dinosauria, Saurischia, Theropoda, Coelurosauria, Aves, Neognathae, Neoaves, Charadriiformes, Charadriidae, Pluvianellus	GCA_013400795.1	full
UP000519239	Ceuthmochares aereus	1961834	12202	C:69.4%[S:69.0%,D:0.3%],F:8.3%,M:22.3%,n:8338	Unknown	Unassembled WGS sequence	cellular organisms, Eukaryota, Opisthokonta, Metazoa, Eumetazoa, Bilateria, Deuterostomia, Chordata, Craniata, Vertebrata, Gnathostomata, Teleostomi, Euteleostomi, Sarcopterygii, Dipnotetrapodomorpha, Tetrapoda, Amniota, Sauropsida, Sauria, Archelosauria, Archosauria, Dinosauria, Saurischia, Theropoda, Coelurosauria, Aves, Neognathae, Neoaves, Otidimorphae, Cuculiformes, Cuculidae, Ceuthmochares	GCA_013398935.1	full
UP000519684	Catharus fuscescens (Veery) (Turdus fuscescens)	159581	13906	C:71.7%[S:71.5%,D:0.2%],F:6.2%,M:22.1%,n:10844	Unknown	Unassembled WGS sequence	cellular organisms, Eukaryota, Opisthokonta, Metazoa, Eumetazoa, Bilateria, Deuterostomia, Chordata, Craniata, Vertebrata, Gnathostomata, Teleostomi, Euteleostomi, Sarcopterygii, Dipnotetrapodomorpha, Tetrapoda, Amniota, Sauropsida, Sauria, Archelosauria, Archosauria, Dinosauria, Saurischia, Theropoda, Coelurosauria, Aves, Neognathae, Neoaves, Telluraves, Australaves, Passeriformes, Turdidae, Catharus	GCA_013398975.1	full
UP000520463	Formicarius rufipectus	1118560	13577	C:73.2%[S:73.0%,D:0.2%],F:5.3%,M:21.5%,n:10844	Unknown	Unassembled WGS sequence	cellular organisms, Eukaryota, Opisthokonta, Metazoa, Eumetazoa, Bilateria, Deuterostomia, Chordata, Craniata, Vertebrata, Gnathostomata, Teleostomi, Euteleostomi, Sarcopterygii, Dipnotetrapodomorpha, Tetrapoda, Amniota, Sauropsida, Sauria, Archelosauria, Archosauria, Dinosauria, Saurischia, Theropoda, Coelurosauria, Aves, Neognathae, Neoaves, Telluraves, Australaves, Passeriformes, Formicariidae, Formicarius	GCA_013399695.1	full
UP000520535	Brachypteracias leptosomus (short-legged ground-roller)	135165	13408	C:71.2%[S:70.9%,D:0.3%],F:7.6%,M:21.2%,n:8338	Unknown	Unassembled WGS sequence	cellular organisms, Eukaryota, Opisthokonta, Metazoa, Eumetazoa, Bilateria, Deuterostomia, Chordata, Craniata, Vertebrata, Gnathostomata, Teleostomi, Euteleostomi, Sarcopterygii, Dipnotetrapodomorpha, Tetrapoda, Amniota, Sauropsida, Sauria, Archelosauria, Archosauria, Dinosauria, Saurischia, Theropoda, Coelurosauria, Aves, Neognathae, Neoaves, Telluraves, Coraciimorphae, Coraciiformes, Brachypteraciidae, Brachypteracias	GCA_013401335.1	full
UP000520962	Piprites chloris (Wing-barred manakin)	114369	14125	C:77.4%[S:77.2%,D:0.2%],F:4.6%,M:17.9%,n:10844	Unknown	Unassembled WGS sequence	cellular organisms, Eukaryota, Opisthokonta, Metazoa, Eumetazoa, Bilateria, Deuterostomia, Chordata, Craniata, Vertebrata, Gnathostomata, Teleostomi, Euteleostomi, Sarcopterygii, Dipnotetrapodomorpha, Tetrapoda, Amniota, Sauropsida, Sauria, Archelosauria, Archosauria, Dinosauria, Saurischia, Theropoda, Coelurosauria, Aves, Neognathae, Neoaves, Telluraves, Australaves, Passeriformes, Pipridae, Piprites	GCA_013399295.1	full
UP000521322	Dasyornis broadbenti (rufous bristle-bird)	243059	14364	C:77.2%[S:77.0%,D:0.2%],F:4.7%,M:18.1%,n:10844	Unknown	Unassembled WGS sequence	cellular organisms, Eukaryota, Opisthokonta, Metazoa, Eumetazoa, Bilateria, Deuterostomia, Chordata, Craniata, Vertebrata, Gnathostomata, Teleostomi, Euteleostomi, Sarcopterygii, Dipnotetrapodomorpha, Tetrapoda, Amniota, Sauropsida, Sauria, Archelosauria, Archosauria, Dinosauria, Saurischia, Theropoda, Coelurosauria, Aves, Neognathae, Neoaves, Telluraves, Australaves, Passeriformes, Meliphagoidea, Dasyornithidae, Dasyornis	GCA_013397935.1	full
UP000521525	Agelaius phoeniceus (Red-winged blackbird) (Oriolus phoeniceus)	39638	14089	C:72.9%[S:72.4%,D:0.5%],F:5.7%,M:21.4%,n:10844	Unknown	Unassembled WGS sequence	cellular organisms, Eukaryota, Opisthokonta, Metazoa, Eumetazoa, Bilateria, Deuterostomia, Chordata, Craniata, Vertebrata, Gnathostomata, Teleostomi, Euteleostomi, Sarcopterygii, Dipnotetrapodomorpha, Tetrapoda, Amniota, Sauropsida, Sauria, Archelosauria, Archosauria, Dinosauria, Saurischia, Theropoda, Coelurosauria, Aves, Neognathae, Neoaves, Telluraves, Australaves, Passeriformes, Passeroidea, Icteridae, Agelaius	GCA_013398535.1	full
UP000521578	Menura novaehollandiae (superb lyrebird)	47692	14416	C:77.0%[S:76.7%,D:0.3%],F:5.0%,M:18.0%,n:10844	Unknown	Unassembled WGS sequence	cellular organisms, Eukaryota, Opisthokonta, Metazoa, Eumetazoa, Bilateria, Deuterostomia, Chordata, Craniata, Vertebrata, Gnathostomata, Teleostomi, Euteleostomi, Sarcopterygii, Dipnotetrapodomorpha, Tetrapoda, Amniota, Sauropsida, Sauria, Archelosauria, Archosauria, Dinosauria, Saurischia, Theropoda, Coelurosauria, Aves, Neognathae, Neoaves, Telluraves, Australaves, Passeriformes, Menuridae, Menura	GCA_013396355.1	full
UP000522270	Pterocles burchelli	2585816	13839	C:78.8%[S:78.4%,D:0.4%],F:6.5%,M:14.7%,n:8338	Unknown	Unassembled WGS sequence	cellular organisms, Eukaryota, Opisthokonta, Metazoa, Eumetazoa, Bilateria, Deuterostomia, Chordata, Craniata, Vertebrata, Gnathostomata, Teleostomi, Euteleostomi, Sarcopterygii, Dipnotetrapodomorpha, Tetrapoda, Amniota, Sauropsida, Sauria, Archelosauria, Archosauria, Dinosauria, Saurischia, Theropoda, Coelurosauria, Aves, Neognathae, Neoaves, Columbimorphae, Pterocliformes, Pteroclidae, Pterocles	GCA_013397535.1	full
UP000522331	Leucopsar rothschildi (Bali myna) (Rothschild's mynah)	127929	13433	C:73.1%[S:73.0%,D:0.1%],F:5.4%,M:21.5%,n:10844	Unknown	Unassembled WGS sequence	cellular organisms, Eukaryota, Opisthokonta, Metazoa, Eumetazoa, Bilateria, Deuterostomia, Chordata, Craniata, Vertebrata, Gnathostomata, Teleostomi, Euteleostomi, Sarcopterygii, Dipnotetrapodomorpha, Tetrapoda, Amniota, Sauropsida, Sauria, Archelosauria, Archosauria, Dinosauria, Saurischia, Theropoda, Coelurosauria, Aves, Neognathae, Neoaves, Telluraves, Australaves, Passeriformes, Sturnidae, Leucopsar	GCA_013397325.1	full
UP000522663	Odontophorus gujanensis (marbled wood quail)	886794	13809	C:81.2%[S:80.8%,D:0.3%],F:4.9%,M:13.9%,n:8338	Unknown	Unassembled WGS sequence	cellular organisms, Eukaryota, Opisthokonta, Metazoa, Eumetazoa, Bilateria, Deuterostomia, Chordata, Craniata, Vertebrata, Gnathostomata, Teleostomi, Euteleostomi, Sarcopterygii, Dipnotetrapodomorpha, Tetrapoda, Amniota, Sauropsida, Sauria, Archelosauria, Archosauria, Dinosauria, Saurischia, Theropoda, Coelurosauria, Aves, Neognathae, Galloanserae, Galliformes, Odontophoridae, Odontophorus	GCA_013399175.1	full
UP000523146	Toxostoma redivivum (California thrasher)	99882	14127	C:75.6%[S:75.3%,D:0.3%],F:5.3%,M:19.1%,n:10844	Unknown	Unassembled WGS sequence	cellular organisms, Eukaryota, Opisthokonta, Metazoa, Eumetazoa, Bilateria, Deuterostomia, Chordata, Craniata, Vertebrata, Gnathostomata, Teleostomi, Euteleostomi, Sarcopterygii, Dipnotetrapodomorpha, Tetrapoda, Amniota, Sauropsida, Sauria, Archelosauria, Archosauria, Dinosauria, Saurischia, Theropoda, Coelurosauria, Aves, Neognathae, Neoaves, Telluraves, Australaves, Passeriformes, Mimidae, Toxostoma	GCA_013397375.1	full
UP000523279	Dicaeum eximium	667154	13622	C:74.7%[S:74.5%,D:0.2%],F:4.7%,M:20.6%,n:10844	Unknown	Unassembled WGS sequence	cellular organisms, Eukaryota, Opisthokonta, Metazoa, Eumetazoa, Bilateria, Deuterostomia, Chordata, Craniata, Vertebrata, Gnathostomata, Teleostomi, Euteleostomi, Sarcopterygii, Dipnotetrapodomorpha, Tetrapoda, Amniota, Sauropsida, Sauria, Archelosauria, Archosauria, Dinosauria, Saurischia, Theropoda, Coelurosauria, Aves, Neognathae, Neoaves, Telluraves, Australaves, Passeriformes, Passeroidea, Dicaeidae, Dicaeum	GCA_013396995.1	full
UP000524007	Leiothrix lutea (Red-billed leiothrix) (Sylvia lutea)	36275	13253	C:66.0%[S:65.7%,D:0.2%],F:6.6%,M:27.4%,n:10844	Unknown	Unassembled WGS sequence	cellular organisms, Eukaryota, Opisthokonta, Metazoa, Eumetazoa, Bilateria, Deuterostomia, Chordata, Craniata, Vertebrata, Gnathostomata, Teleostomi, Euteleostomi, Sarcopterygii, Dipnotetrapodomorpha, Tetrapoda, Amniota, Sauropsida, Sauria, Archelosauria, Archosauria, Dinosauria, Saurischia, Theropoda, Coelurosauria, Aves, Neognathae, Neoaves, Telluraves, Australaves, Passeriformes, Sylvioidea, Leiothrichidae, Leiothrix	GCA_013400445.1	full
UP000524187	Casuarius casuarius (Southern cassowary) (Struthio casuarius)	8787	13719	C:79.7%[S:79.3%,D:0.4%],F:5.9%,M:14.3%,n:8338	Unknown	Unassembled WGS sequence	cellular organisms, Eukaryota, Opisthokonta, Metazoa, Eumetazoa, Bilateria, Deuterostomia, Chordata, Craniata, Vertebrata, Gnathostomata, Teleostomi, Euteleostomi, Sarcopterygii, Dipnotetrapodomorpha, Tetrapoda, Amniota, Sauropsida, Sauria, Archelosauria, Archosauria, Dinosauria, Saurischia, Theropoda, Coelurosauria, Aves, Palaeognathae, Casuariiformes, Casuariidae, Casuarius	GCA_013396415.1	full
UP000524451	Cettia cetti	68486	14828	C:70.1%[S:69.9%,D:0.2%],F:7.7%,M:22.1%,n:10844	Unknown	Unassembled WGS sequence	cellular organisms, Eukaryota, Opisthokonta, Metazoa, Eumetazoa, Bilateria, Deuterostomia, Chordata, Craniata, Vertebrata, Gnathostomata, Teleostomi, Euteleostomi, Sarcopterygii, Dipnotetrapodomorpha, Tetrapoda, Amniota, Sauropsida, Sauria, Archelosauria, Archosauria, Dinosauria, Saurischia, Theropoda, Coelurosauria, Aves, Neognathae, Neoaves, Telluraves, Australaves, Passeriformes, Sylvioidea, Sylviidae, Acrocephalinae, Cettia	GCA_013401135.1	full
UP000524542	Urocynchramus pylzowi	571890	13671	C:75.7%[S:75.5%,D:0.2%],F:5.0%,M:19.2%,n:10844	Unknown	Unassembled WGS sequence	cellular organisms, Eukaryota, Opisthokonta, Metazoa, Eumetazoa, Bilateria, Deuterostomia, Chordata, Craniata, Vertebrata, Gnathostomata, Teleostomi, Euteleostomi, Sarcopterygii, Dipnotetrapodomorpha, Tetrapoda, Amniota, Sauropsida, Sauria, Archelosauria, Archosauria, Dinosauria, Saurischia, Theropoda, Coelurosauria, Aves, Neognathae, Neoaves, Telluraves, Australaves, Passeriformes, Passeroidea, Fringillidae, Urocynchramus	GCA_013397555.1	full
UP000524558	Chroicocephalus maculipennis (Brown-hooded gull) (Larus maculipennis)	287016	13922	C:74.3%[S:73.9%,D:0.5%],F:7.3%,M:18.4%,n:8338	Unknown	Unassembled WGS sequence	cellular organisms, Eukaryota, Opisthokonta, Metazoa, Eumetazoa, Bilateria, Deuterostomia, Chordata, Craniata, Vertebrata, Gnathostomata, Teleostomi, Euteleostomi, Sarcopterygii, Dipnotetrapodomorpha, Tetrapoda, Amniota, Sauropsida, Sauria, Archelosauria, Archosauria, Dinosauria, Saurischia, Theropoda, Coelurosauria, Aves, Neognathae, Neoaves, Charadriiformes, Laridae, Chroicocephalus	GCA_013397655.1	full
UP000525089	Pachyramphus minor	369605	13717	C:73.5%[S:73.3%,D:0.2%],F:5.2%,M:21.3%,n:10844	Unknown	Unassembled WGS sequence	cellular organisms, Eukaryota, Opisthokonta, Metazoa, Eumetazoa, Bilateria, Deuterostomia, Chordata, Craniata, Vertebrata, Gnathostomata, Teleostomi, Euteleostomi, Sarcopterygii, Dipnotetrapodomorpha, Tetrapoda, Amniota, Sauropsida, Sauria, Archelosauria, Archosauria, Dinosauria, Saurischia, Theropoda, Coelurosauria, Aves, Neognathae, Neoaves, Telluraves, Australaves, Passeriformes, Tyrannidae, Pachyramphus	GCA_013397135.1	full
UP000525158	Smutsornis africanus (Double-banded courser) (Rhinoptilus africanus)	240209	13665	C:78.1%[S:77.8%,D:0.4%],F:6.5%,M:15.4%,n:8338	Unknown	Unassembled WGS sequence	cellular organisms, Eukaryota, Opisthokonta, Metazoa, Eumetazoa, Bilateria, Deuterostomia, Chordata, Craniata, Vertebrata, Gnathostomata, Teleostomi, Euteleostomi, Sarcopterygii, Dipnotetrapodomorpha, Tetrapoda, Amniota, Sauropsida, Sauria, Archelosauria, Archosauria, Dinosauria, Saurischia, Theropoda, Coelurosauria, Aves, Neognathae, Neoaves, Charadriiformes, Glareolidae, Rhinoptilus	GCA_013400135.1	full
UP000525205	Cochlearius cochlearius (Boat-billed heron)	110676	14058	C:80.8%[S:80.5%,D:0.4%],F:5.7%,M:13.4%,n:8338	Unknown	Unassembled WGS sequence	cellular organisms, Eukaryota, Opisthokonta, Metazoa, Eumetazoa, Bilateria, Deuterostomia, Chordata, Craniata, Vertebrata, Gnathostomata, Teleostomi, Euteleostomi, Sarcopterygii, Dipnotetrapodomorpha, Tetrapoda, Amniota, Sauropsida, Sauria, Archelosauria, Archosauria, Dinosauria, Saurischia, Theropoda, Coelurosauria, Aves, Neognathae, Neoaves, Aequornithes, Pelecaniformes, Ardeidae, Cochlearius	GCA_013396365.1	full
UP000525319	Drymodes brunneopygia	626378	13533	C:69.8%[S:69.5%,D:0.3%],F:6.0%,M:24.2%,n:10844	Unknown	Unassembled WGS sequence	cellular organisms, Eukaryota, Opisthokonta, Metazoa, Eumetazoa, Bilateria, Deuterostomia, Chordata, Craniata, Vertebrata, Gnathostomata, Teleostomi, Euteleostomi, Sarcopterygii, Dipnotetrapodomorpha, Tetrapoda, Amniota, Sauropsida, Sauria, Archelosauria, Archosauria, Dinosauria, Saurischia, Theropoda, Coelurosauria, Aves, Neognathae, Neoaves, Telluraves, Australaves, Passeriformes, Petroicidae, Drymodes	GCA_013400955.1	full
UP000525416	Rynchops niger (Black skimmer)	227184	14305	C:80.5%[S:80.2%,D:0.3%],F:6.0%,M:13.5%,n:8338	Unknown	Unassembled WGS sequence	cellular organisms, Eukaryota, Opisthokonta, Metazoa, Eumetazoa, Bilateria, Deuterostomia, Chordata, Craniata, Vertebrata, Gnathostomata, Teleostomi, Euteleostomi, Sarcopterygii, Dipnotetrapodomorpha, Tetrapoda, Amniota, Sauropsida, Sauria, Archelosauria, Archosauria, Dinosauria, Saurischia, Theropoda, Coelurosauria, Aves, Neognathae, Neoaves, Charadriiformes, Laridae, Rynchops	GCA_013400035.1	full
UP000525565	Asarcornis scutulata	75869	14696	C:82.2%[S:81.9%,D:0.4%],F:5.3%,M:12.5%,n:8338	Unknown	Unassembled WGS sequence	cellular organisms, Eukaryota, Opisthokonta, Metazoa, Eumetazoa, Bilateria, Deuterostomia, Chordata, Craniata, Vertebrata, Gnathostomata, Teleostomi, Euteleostomi, Sarcopterygii, Dipnotetrapodomorpha, Tetrapoda, Amniota, Sauropsida, Sauria, Archelosauria, Archosauria, Dinosauria, Saurischia, Theropoda, Coelurosauria, Aves, Neognathae, Galloanserae, Anseriformes, Anatidae, Anatinae, Asarcornis	GCA_013398475.1	full
UP000525714	Mionectes macconnelli (McConnell's flycatcher)	254557	14138	C:76.4%[S:76.1%,D:0.4%],F:5.2%,M:18.4%,n:10844	Unknown	Unassembled WGS sequence	cellular organisms, Eukaryota, Opisthokonta, Metazoa, Eumetazoa, Bilateria, Deuterostomia, Chordata, Craniata, Vertebrata, Gnathostomata, Teleostomi, Euteleostomi, Sarcopterygii, Dipnotetrapodomorpha, Tetrapoda, Amniota, Sauropsida, Sauria, Archelosauria, Archosauria, Dinosauria, Saurischia, Theropoda, Coelurosauria, Aves, Neognathae, Neoaves, Telluraves, Australaves, Passeriformes, Tyrannidae, Mionectes	GCA_013397495.1	full
UP000526602	Orthonyx spaldingii (Chowchilla)	38397	14263	C:77.2%[S:77.0%,D:0.2%],F:4.7%,M:18.1%,n:10844	Unknown	Unassembled WGS sequence	cellular organisms, Eukaryota, Opisthokonta, Metazoa, Eumetazoa, Bilateria, Deuterostomia, Chordata, Craniata, Vertebrata, Gnathostomata, Teleostomi, Euteleostomi, Sarcopterygii, Dipnotetrapodomorpha, Tetrapoda, Amniota, Sauropsida, Sauria, Archelosauria, Archosauria, Dinosauria, Saurischia, Theropoda, Coelurosauria, Aves, Neognathae, Neoaves, Telluraves, Australaves, Passeriformes, Corvoidea, Orthonychidae, Orthonyx	GCA_013397795.1	full
UP000526889	Edolisoma coerulescens	2585810	13645	C:73.6%[S:73.4%,D:0.2%],F:5.3%,M:21.2%,n:10844	Unknown	Unassembled WGS sequence	cellular organisms, Eukaryota, Opisthokonta, Metazoa, Eumetazoa, Bilateria, Deuterostomia, Chordata, Craniata, Vertebrata, Gnathostomata, Teleostomi, Euteleostomi, Sarcopterygii, Dipnotetrapodomorpha, Tetrapoda, Amniota, Sauropsida, Sauria, Archelosauria, Archosauria, Dinosauria, Saurischia, Theropoda, Coelurosauria, Aves, Neognathae, Neoaves, Telluraves, Australaves, Passeriformes, Corvoidea, Campephagidae, Edolisoma	GCA_013397115.1	full
UP000526942	Corythaixoides concolor (Grey go-away-bird)	103956	14210	C:79.5%[S:79.2%,D:0.3%],F:5.9%,M:14.6%,n:8338	Unknown	Unassembled WGS sequence	cellular organisms, Eukaryota, Opisthokonta, Metazoa, Eumetazoa, Bilateria, Deuterostomia, Chordata, Craniata, Vertebrata, Gnathostomata, Teleostomi, Euteleostomi, Sarcopterygii, Dipnotetrapodomorpha, Tetrapoda, Amniota, Sauropsida, Sauria, Archelosauria, Archosauria, Dinosauria, Saurischia, Theropoda, Coelurosauria, Aves, Neognathae, Neoaves, Otidimorphae, Musophagiformes, Musophagidae, Corythaixoides	GCA_013399495.1	full
UP000527178	Hippolais icterina (icterine warbler)	68497	13629	C:73.5%[S:73.3%,D:0.2%],F:5.5%,M:21.0%,n:10844	Unknown	Unassembled WGS sequence	cellular organisms, Eukaryota, Opisthokonta, Metazoa, Eumetazoa, Bilateria, Deuterostomia, Chordata, Craniata, Vertebrata, Gnathostomata, Teleostomi, Euteleostomi, Sarcopterygii, Dipnotetrapodomorpha, Tetrapoda, Amniota, Sauropsida, Sauria, Archelosauria, Archosauria, Dinosauria, Saurischia, Theropoda, Coelurosauria, Aves, Neognathae, Neoaves, Telluraves, Australaves, Passeriformes, Sylvioidea, Sylviidae, Acrocephalinae, Hippolais	GCA_013400075.1	full
UP000527232	Oceanodroma tethys (Wedge-rumped storm-petrel) (Hydrobates tethys)	79633	13990	C:78.6%[S:78.3%,D:0.3%],F:6.2%,M:15.2%,n:8338	Unknown	Unassembled WGS sequence	cellular organisms, Eukaryota, Opisthokonta, Metazoa, Eumetazoa, Bilateria, Deuterostomia, Chordata, Craniata, Vertebrata, Gnathostomata, Teleostomi, Euteleostomi, Sarcopterygii, Dipnotetrapodomorpha, Tetrapoda, Amniota, Sauropsida, Sauria, Archelosauria, Archosauria, Dinosauria, Saurischia, Theropoda, Coelurosauria, Aves, Neognathae, Neoaves, Aequornithes, Procellariiformes, Hydrobatidae, Oceanodroma	GCA_013397025.1	full
UP000527355	Myotis myotis (Greater mouse-eared bat) (Vespertilio myotis)	51298	45799	C:95.2%[S:55.6%,D:39.6%],F:0.5%,M:4.3%,n:12234	Unknown	Mitochondrion MT; Unassembled WGS sequence	cellular organisms, Eukaryota, Opisthokonta, Metazoa, Eumetazoa, Bilateria, Deuterostomia, Chordata, Craniata, Vertebrata, Gnathostomata, Teleostomi, Euteleostomi, Sarcopterygii, Dipnotetrapodomorpha, Tetrapoda, Amniota, Mammalia, Theria, Eutheria, Boreoeutheria, Laurasiatheria, Chiroptera, Yangochiroptera, Vespertilionidae, Myotis	GCA_014108235.1	full
UP000528411	Balaeniceps rex (Shoebill)	33584	12216	C:57.0%[S:56.6%,D:0.4%],F:8.5%,M:34.5%,n:8338	Unknown	Unassembled WGS sequence	cellular organisms, Eukaryota, Opisthokonta, Metazoa, Eumetazoa, Bilateria, Deuterostomia, Chordata, Craniata, Vertebrata, Gnathostomata, Teleostomi, Euteleostomi, Sarcopterygii, Dipnotetrapodomorpha, Tetrapoda, Amniota, Sauropsida, Sauria, Archelosauria, Archosauria, Dinosauria, Saurischia, Theropoda, Coelurosauria, Aves, Neognathae, Neoaves, Aequornithes, Pelecaniformes, Balaenicipitidae, Balaeniceps	GCA_013401315.1	full
UP000528690	Anhinga rufa (African darter)	317792	10475	C:44.6%[S:44.4%,D:0.2%],F:11.0%,M:44.4%,n:8338	Unknown	Unassembled WGS sequence	cellular organisms, Eukaryota, Opisthokonta, Metazoa, Eumetazoa, Bilateria, Deuterostomia, Chordata, Craniata, Vertebrata, Gnathostomata, Teleostomi, Euteleostomi, Sarcopterygii, Dipnotetrapodomorpha, Tetrapoda, Amniota, Sauropsida, Sauria, Archelosauria, Archosauria, Dinosauria, Saurischia, Theropoda, Coelurosauria, Aves, Neognathae, Neoaves, Aequornithes, Suliformes, Anhingidae, Anhinga	GCA_013400875.1	full
UP000529728	Regulus satrapa (Golden-crowned kinglet)	13245	12984	C:69.8%[S:69.5%,D:0.2%],F:6.3%,M:23.9%,n:10844	Unknown	Unassembled WGS sequence	cellular organisms, Eukaryota, Opisthokonta, Metazoa, Eumetazoa, Bilateria, Deuterostomia, Chordata, Craniata, Vertebrata, Gnathostomata, Teleostomi, Euteleostomi, Sarcopterygii, Dipnotetrapodomorpha, Tetrapoda, Amniota, Sauropsida, Sauria, Archelosauria, Archosauria, Dinosauria, Saurischia, Theropoda, Coelurosauria, Aves, Neognathae, Neoaves, Telluraves, Australaves, Passeriformes, Regulidae, Regulus	GCA_013396955.1	full
UP000529852	Furnarius figulus	463165	13848	C:74.2%[S:73.9%,D:0.2%],F:5.0%,M:20.9%,n:10844	Unknown	Unassembled WGS sequence	cellular organisms, Eukaryota, Opisthokonta, Metazoa, Eumetazoa, Bilateria, Deuterostomia, Chordata, Craniata, Vertebrata, Gnathostomata, Teleostomi, Euteleostomi, Sarcopterygii, Dipnotetrapodomorpha, Tetrapoda, Amniota, Sauropsida, Sauria, Archelosauria, Archosauria, Dinosauria, Saurischia, Theropoda, Coelurosauria, Aves, Neognathae, Neoaves, Telluraves, Australaves, Passeriformes, Furnariidae, Furnarius	GCA_013397465.1	full
UP000529965	Erithacus rubecula (European robin)	37610	13660	C:75.5%[S:75.3%,D:0.2%],F:5.2%,M:19.3%,n:10844	Unknown	Unassembled WGS sequence	cellular organisms, Eukaryota, Opisthokonta, Metazoa, Eumetazoa, Bilateria, Deuterostomia, Chordata, Craniata, Vertebrata, Gnathostomata, Teleostomi, Euteleostomi, Sarcopterygii, Dipnotetrapodomorpha, Tetrapoda, Amniota, Sauropsida, Sauria, Archelosauria, Archosauria, Dinosauria, Saurischia, Theropoda, Coelurosauria, Aves, Neognathae, Neoaves, Telluraves, Australaves, Passeriformes, Turdidae, Erithacus	GCA_013398395.1	full
UP000530263	Columbina picui (Picui ground-dove)	115618	12280	C:68.8%[S:68.5%,D:0.3%],F:7.1%,M:24.1%,n:8338	Unknown	Unassembled WGS sequence	cellular organisms, Eukaryota, Opisthokonta, Metazoa, Eumetazoa, Bilateria, Deuterostomia, Chordata, Craniata, Vertebrata, Gnathostomata, Teleostomi, Euteleostomi, Sarcopterygii, Dipnotetrapodomorpha, Tetrapoda, Amniota, Sauropsida, Sauria, Archelosauria, Archosauria, Dinosauria, Saurischia, Theropoda, Coelurosauria, Aves, Neognathae, Neoaves, Columbimorphae, Columbiformes, Columbidae, Columbina	GCA_013397635.1	full
UP000530962	Irena cyanogastra (Philippine fairy-bluebird)	175120	14199	C:74.7%[S:74.4%,D:0.3%],F:5.5%,M:19.8%,n:10844	Unknown	Unassembled WGS sequence	cellular organisms, Eukaryota, Opisthokonta, Metazoa, Eumetazoa, Bilateria, Deuterostomia, Chordata, Craniata, Vertebrata, Gnathostomata, Teleostomi, Euteleostomi, Sarcopterygii, Dipnotetrapodomorpha, Tetrapoda, Amniota, Sauropsida, Sauria, Archelosauria, Archosauria, Dinosauria, Saurischia, Theropoda, Coelurosauria, Aves, Neognathae, Neoaves, Telluraves, Australaves, Passeriformes, Corvoidea, Irenidae, Irena	GCA_013397155.1	full
UP000531151	Geococcyx californianus (Greater roadrunner) (Saurothera californiana)	8947	13463	C:67.6%[S:67.3%,D:0.3%],F:9.8%,M:22.6%,n:8338	Standard	Unassembled WGS sequence	cellular organisms, Eukaryota, Opisthokonta, Metazoa, Eumetazoa, Bilateria, Deuterostomia, Chordata, Craniata, Vertebrata, Gnathostomata, Teleostomi, Euteleostomi, Sarcopterygii, Dipnotetrapodomorpha, Tetrapoda, Amniota, Sauropsida, Sauria, Archelosauria, Archosauria, Dinosauria, Saurischia, Theropoda, Coelurosauria, Aves, Neognathae, Neoaves, Otidimorphae, Cuculiformes, Neomorphidae, Geococcyx	GCA_013389885.1	full
UP000531168	Amazona guildingii	175529	14181	C:79.1%[S:78.7%,D:0.5%],F:6.2%,M:14.7%,n:8338	Unknown	Unassembled WGS sequence	cellular organisms, Eukaryota, Opisthokonta, Metazoa, Eumetazoa, Bilateria, Deuterostomia, Chordata, Craniata, Vertebrata, Gnathostomata, Teleostomi, Euteleostomi, Sarcopterygii, Dipnotetrapodomorpha, Tetrapoda, Amniota, Sauropsida, Sauria, Archelosauria, Archosauria, Dinosauria, Saurischia, Theropoda, Coelurosauria, Aves, Neognathae, Neoaves, Telluraves, Australaves, Psittaciformes, Psittacidae, Amazona	GCA_013399615.1	full
UP000531559	Nothocercus julius	2585813	13353	C:77.5%[S:77.0%,D:0.4%],F:5.9%,M:16.6%,n:8338	Unknown	Unassembled WGS sequence	cellular organisms, Eukaryota, Opisthokonta, Metazoa, Eumetazoa, Bilateria, Deuterostomia, Chordata, Craniata, Vertebrata, Gnathostomata, Teleostomi, Euteleostomi, Sarcopterygii, Dipnotetrapodomorpha, Tetrapoda, Amniota, Sauropsida, Sauria, Archelosauria, Archosauria, Dinosauria, Saurischia, Theropoda, Coelurosauria, Aves, Palaeognathae, Tinamiformes, Tinamidae, Nothocercus	GCA_013398735.1	full
UP000531938	Nothoprocta ornata	83376	13721	C:78.9%[S:78.5%,D:0.4%],F:5.8%,M:15.3%,n:8338	Unknown	Unassembled WGS sequence	cellular organisms, Eukaryota, Opisthokonta, Metazoa, Eumetazoa, Bilateria, Deuterostomia, Chordata, Craniata, Vertebrata, Gnathostomata, Teleostomi, Euteleostomi, Sarcopterygii, Dipnotetrapodomorpha, Tetrapoda, Amniota, Sauropsida, Sauria, Archelosauria, Archosauria, Dinosauria, Saurischia, Theropoda, Coelurosauria, Aves, Palaeognathae, Tinamiformes, Tinamidae, Nothoprocta	GCA_013398335.1	full
UP000532252	Motacilla alba (White wagtail) (Pied wagtail)	45807	13502	C:73.6%[S:73.3%,D:0.3%],F:5.5%,M:21.0%,n:10844	Unknown	Unassembled WGS sequence	cellular organisms, Eukaryota, Opisthokonta, Metazoa, Eumetazoa, Bilateria, Deuterostomia, Chordata, Craniata, Vertebrata, Gnathostomata, Teleostomi, Euteleostomi, Sarcopterygii, Dipnotetrapodomorpha, Tetrapoda, Amniota, Sauropsida, Sauria, Archelosauria, Archosauria, Dinosauria, Saurischia, Theropoda, Coelurosauria, Aves, Neognathae, Neoaves, Telluraves, Australaves, Passeriformes, Passeroidea, Motacillidae, Motacilla	GCA_013397355.1	full
UP000532437	Erythrocercus mccallii	107208	14010	C:71.5%[S:71.1%,D:0.4%],F:6.5%,M:22.0%,n:10844	Unknown	Unassembled WGS sequence	cellular organisms, Eukaryota, Opisthokonta, Metazoa, Eumetazoa, Bilateria, Deuterostomia, Chordata, Craniata, Vertebrata, Gnathostomata, Teleostomi, Euteleostomi, Sarcopterygii, Dipnotetrapodomorpha, Tetrapoda, Amniota, Sauropsida, Sauria, Archelosauria, Archosauria, Dinosauria, Saurischia, Theropoda, Coelurosauria, Aves, Neognathae, Neoaves, Telluraves, Australaves, Passeriformes, Corvoidea, Dicruridae, Erythrocercus	GCA_013397435.1	full
UP000532545	Bombycilla garrulus (Bohemian waxwing) (Lanius garrulus)	125297	13775	C:73.9%[S:73.6%,D:0.2%],F:5.4%,M:20.8%,n:10844	Unknown	Unassembled WGS sequence	cellular organisms, Eukaryota, Opisthokonta, Metazoa, Eumetazoa, Bilateria, Deuterostomia, Chordata, Craniata, Vertebrata, Gnathostomata, Teleostomi, Euteleostomi, Sarcopterygii, Dipnotetrapodomorpha, Tetrapoda, Amniota, Sauropsida, Sauria, Archelosauria, Archosauria, Dinosauria, Saurischia, Theropoda, Coelurosauria, Aves, Neognathae, Neoaves, Telluraves, Australaves, Passeriformes, Bombycillidae, Bombycilla	GCA_013400315.1	full
UP000532908	Stercorarius parasiticus (Parasitic jaeger) (Arctic skua)	54059	13851	C:78.0%[S:77.6%,D:0.4%],F:5.9%,M:16.2%,n:8338	Unknown	Unassembled WGS sequence	cellular organisms, Eukaryota, Opisthokonta, Metazoa, Eumetazoa, Bilateria, Deuterostomia, Chordata, Craniata, Vertebrata, Gnathostomata, Teleostomi, Euteleostomi, Sarcopterygii, Dipnotetrapodomorpha, Tetrapoda, Amniota, Sauropsida, Sauria, Archelosauria, Archosauria, Dinosauria, Saurischia, Theropoda, Coelurosauria, Aves, Neognathae, Neoaves, Charadriiformes, Stercorariidae, Stercorarius	GCA_013396915.1	full
UP000533896	Lophotis ruficrista	172689	13899	C:80.0%[S:79.7%,D:0.3%],F:5.8%,M:14.2%,n:8338	Unknown	Unassembled WGS sequence	cellular organisms, Eukaryota, Opisthokonta, Metazoa, Eumetazoa, Bilateria, Deuterostomia, Chordata, Craniata, Vertebrata, Gnathostomata, Teleostomi, Euteleostomi, Sarcopterygii, Dipnotetrapodomorpha, Tetrapoda, Amniota, Sauropsida, Sauria, Archelosauria, Archosauria, Dinosauria, Saurischia, Theropoda, Coelurosauria, Aves, Neognathae, Neoaves, Otidimorphae, Otidiformes, Otididae, Lophotis	GCA_013396455.1	full
UP000533954	Eudromia elegans (Elegant crested-tinamou)	8805	13636	C:79.6%[S:79.3%,D:0.3%],F:5.7%,M:14.6%,n:8338	Unknown	Unassembled WGS sequence	cellular organisms, Eukaryota, Opisthokonta, Metazoa, Eumetazoa, Bilateria, Deuterostomia, Chordata, Craniata, Vertebrata, Gnathostomata, Teleostomi, Euteleostomi, Sarcopterygii, Dipnotetrapodomorpha, Tetrapoda, Amniota, Sauropsida, Sauria, Archelosauria, Archosauria, Dinosauria, Saurischia, Theropoda, Coelurosauria, Aves, Palaeognathae, Tinamiformes, Tinamidae, Eudromia	GCA_013398775.1	full
UP000534107	Bucco capensis (collared puffbird)	135168	14383	C:77.6%[S:77.3%,D:0.3%],F:6.2%,M:16.2%,n:8338	Unknown	Unassembled WGS sequence	cellular organisms, Eukaryota, Opisthokonta, Metazoa, Eumetazoa, Bilateria, Deuterostomia, Chordata, Craniata, Vertebrata, Gnathostomata, Teleostomi, Euteleostomi, Sarcopterygii, Dipnotetrapodomorpha, Tetrapoda, Amniota, Sauropsida, Sauria, Archelosauria, Archosauria, Dinosauria, Saurischia, Theropoda, Coelurosauria, Aves, Neognathae, Neoaves, Telluraves, Coraciimorphae, Piciformes, Bucconidae, Bucco	GCA_013396975.1	full
UP000534407	Oriolus oriolus (Eurasian golden oriole) (Coracias oriolus)	181099	13920	C:75.7%[S:75.5%,D:0.2%],F:5.3%,M:19.0%,n:10844	Close to standard (high value)	Unassembled WGS sequence	cellular organisms, Eukaryota, Opisthokonta, Metazoa, Eumetazoa, Bilateria, Deuterostomia, Chordata, Craniata, Vertebrata, Gnathostomata, Teleostomi, Euteleostomi, Sarcopterygii, Dipnotetrapodomorpha, Tetrapoda, Amniota, Sauropsida, Sauria, Archelosauria, Archosauria, Dinosauria, Saurischia, Theropoda, Coelurosauria, Aves, Neognathae, Neoaves, Telluraves, Australaves, Passeriformes, Corvoidea, Corvidae, Oriolus	GCA_013400235.1	full
UP000534426	Crypturellus undulatus	48396	14020	C:75.1%[S:74.6%,D:0.5%],F:7.3%,M:17.6%,n:8338	Unknown	Unassembled WGS sequence	cellular organisms, Eukaryota, Opisthokonta, Metazoa, Eumetazoa, Bilateria, Deuterostomia, Chordata, Craniata, Vertebrata, Gnathostomata, Teleostomi, Euteleostomi, Sarcopterygii, Dipnotetrapodomorpha, Tetrapoda, Amniota, Sauropsida, Sauria, Archelosauria, Archosauria, Dinosauria, Saurischia, Theropoda, Coelurosauria, Aves, Palaeognathae, Tinamiformes, Tinamidae, Crypturellus	GCA_013389825.1	full
UP000534626	Falcunculus frontatus (Eastern shriketit)	254539	14436	C:76.9%[S:76.7%,D:0.2%],F:5.2%,M:17.9%,n:10844	Unknown	Unassembled WGS sequence	cellular organisms, Eukaryota, Opisthokonta, Metazoa, Eumetazoa, Bilateria, Deuterostomia, Chordata, Craniata, Vertebrata, Gnathostomata, Teleostomi, Euteleostomi, Sarcopterygii, Dipnotetrapodomorpha, Tetrapoda, Amniota, Sauropsida, Sauria, Archelosauria, Archosauria, Dinosauria, Saurischia, Theropoda, Coelurosauria, Aves, Neognathae, Neoaves, Telluraves, Australaves, Passeriformes, Corvoidea, Pachycephalidae, Falcunculus	GCA_013398115.1	full
UP000534634	Illadopsis cleaveri (blackcap illadopsis)	201329	13397	C:72.7%[S:72.5%,D:0.2%],F:5.5%,M:21.8%,n:10844	Unknown	Unassembled WGS sequence	cellular organisms, Eukaryota, Opisthokonta, Metazoa, Eumetazoa, Bilateria, Deuterostomia, Chordata, Craniata, Vertebrata, Gnathostomata, Teleostomi, Euteleostomi, Sarcopterygii, Dipnotetrapodomorpha, Tetrapoda, Amniota, Sauropsida, Sauria, Archelosauria, Archosauria, Dinosauria, Saurischia, Theropoda, Coelurosauria, Aves, Neognathae, Neoaves, Telluraves, Australaves, Passeriformes, Sylvioidea, Timaliidae, Illadopsis	GCA_013399915.1	full
UP000534930	Myiagra hebetior	381031	13880	C:75.4%[S:75.1%,D:0.3%],F:5.3%,M:19.3%,n:10844	Unknown	Unassembled WGS sequence	cellular organisms, Eukaryota, Opisthokonta, Metazoa, Eumetazoa, Bilateria, Deuterostomia, Chordata, Craniata, Vertebrata, Gnathostomata, Teleostomi, Euteleostomi, Sarcopterygii, Dipnotetrapodomorpha, Tetrapoda, Amniota, Sauropsida, Sauria, Archelosauria, Archosauria, Dinosauria, Saurischia, Theropoda, Coelurosauria, Aves, Neognathae, Neoaves, Telluraves, Australaves, Passeriformes, Corvoidea, Monarchidae, Myiagra	GCA_013397015.1	full
UP000535403	Calonectris borealis (Cory's shearwater)	1323832	14417	C:72.6%[S:72.3%,D:0.2%],F:9.4%,M:18.0%,n:8338	Unknown	Unassembled WGS sequence	cellular organisms, Eukaryota, Opisthokonta, Metazoa, Eumetazoa, Bilateria, Deuterostomia, Chordata, Craniata, Vertebrata, Gnathostomata, Teleostomi, Euteleostomi, Sarcopterygii, Dipnotetrapodomorpha, Tetrapoda, Amniota, Sauropsida, Sauria, Archelosauria, Archosauria, Dinosauria, Saurischia, Theropoda, Coelurosauria, Aves, Neognathae, Neoaves, Aequornithes, Procellariiformes, Procellariidae, Calonectris	GCA_013401115.1	full
UP000535478	Uria aalge (Common mure) (Colymbus aalge)	13746	14163	C:80.3%[S:80.0%,D:0.3%],F:5.9%,M:13.7%,n:8338	Unknown	Unassembled WGS sequence	cellular organisms, Eukaryota, Opisthokonta, Metazoa, Eumetazoa, Bilateria, Deuterostomia, Chordata, Craniata, Vertebrata, Gnathostomata, Teleostomi, Euteleostomi, Sarcopterygii, Dipnotetrapodomorpha, Tetrapoda, Amniota, Sauropsida, Sauria, Archelosauria, Archosauria, Dinosauria, Saurischia, Theropoda, Coelurosauria, Aves, Neognathae, Neoaves, Charadriiformes, Alcidae, Uria	GCA_013401055.1	full
UP000535705	Pycnonotus jocosus (Red-whiskered bulbul) (Lanius jocosus)	182897	13881	C:71.6%[S:71.4%,D:0.2%],F:6.3%,M:22.2%,n:10844	Unknown	Unassembled WGS sequence	cellular organisms, Eukaryota, Opisthokonta, Metazoa, Eumetazoa, Bilateria, Deuterostomia, Chordata, Craniata, Vertebrata, Gnathostomata, Teleostomi, Euteleostomi, Sarcopterygii, Dipnotetrapodomorpha, Tetrapoda, Amniota, Sauropsida, Sauria, Archelosauria, Archosauria, Dinosauria, Saurischia, Theropoda, Coelurosauria, Aves, Neognathae, Neoaves, Telluraves, Australaves, Passeriformes, Sylvioidea, Pycnonotidae, Pycnonotus	GCA_013400435.1	full
UP000536033	Alca torda (Razorbill)	28689	13958	C:76.5%[S:76.2%,D:0.3%],F:7.3%,M:16.2%,n:8338	Unknown	Unassembled WGS sequence	cellular organisms, Eukaryota, Opisthokonta, Metazoa, Eumetazoa, Bilateria, Deuterostomia, Chordata, Craniata, Vertebrata, Gnathostomata, Teleostomi, Euteleostomi, Sarcopterygii, Dipnotetrapodomorpha, Tetrapoda, Amniota, Sauropsida, Sauria, Archelosauria, Archosauria, Dinosauria, Saurischia, Theropoda, Coelurosauria, Aves, Neognathae, Neoaves, Charadriiformes, Alcidae, Alca	GCA_013398245.1	full
UP000536092	Certhia brachydactyla (short-toed tree-creeper)	73330	13859	C:75.8%[S:75.6%,D:0.2%],F:5.1%,M:19.1%,n:10844	Unknown	Unassembled WGS sequence	cellular organisms, Eukaryota, Opisthokonta, Metazoa, Eumetazoa, Bilateria, Deuterostomia, Chordata, Craniata, Vertebrata, Gnathostomata, Teleostomi, Euteleostomi, Sarcopterygii, Dipnotetrapodomorpha, Tetrapoda, Amniota, Sauropsida, Sauria, Archelosauria, Archosauria, Dinosauria, Saurischia, Theropoda, Coelurosauria, Aves, Neognathae, Neoaves, Telluraves, Australaves, Passeriformes, Certhiidae, Certhiinae, Certhia	GCA_013400355.1	full
UP000536260	Syrrhaptes paradoxus (Pallas's sandgrouse)	302527	13505	C:65.7%[S:65.4%,D:0.2%],F:9.4%,M:25.0%,n:8338	Unknown	Unassembled WGS sequence	cellular organisms, Eukaryota, Opisthokonta, Metazoa, Eumetazoa, Bilateria, Deuterostomia, Chordata, Craniata, Vertebrata, Gnathostomata, Teleostomi, Euteleostomi, Sarcopterygii, Dipnotetrapodomorpha, Tetrapoda, Amniota, Sauropsida, Sauria, Archelosauria, Archosauria, Dinosauria, Saurischia, Theropoda, Coelurosauria, Aves, Neognathae, Neoaves, Columbimorphae, Pterocliformes, Pteroclidae, Syrrhaptes	GCA_013400615.1	full
UP000536381	Semnornis frantzii	91796	10801	C:48.2%[S:48.0%,D:0.1%],F:10.8%,M:41.0%,n:8338	Unknown	Unassembled WGS sequence	cellular organisms, Eukaryota, Opisthokonta, Metazoa, Eumetazoa, Bilateria, Deuterostomia, Chordata, Craniata, Vertebrata, Gnathostomata, Teleostomi, Euteleostomi, Sarcopterygii, Dipnotetrapodomorpha, Tetrapoda, Amniota, Sauropsida, Sauria, Archelosauria, Archosauria, Dinosauria, Saurischia, Theropoda, Coelurosauria, Aves, Neognathae, Neoaves, Telluraves, Coraciimorphae, Piciformes, Ramphastidae, Semnornis	GCA_013399775.1	full
UP000537039	Ciconia maguari	52777	13285	C:78.2%[S:77.9%,D:0.3%],F:6.4%,M:15.4%,n:8338	Unknown	Unassembled WGS sequence	cellular organisms, Eukaryota, Opisthokonta, Metazoa, Eumetazoa, Bilateria, Deuterostomia, Chordata, Craniata, Vertebrata, Gnathostomata, Teleostomi, Euteleostomi, Sarcopterygii, Dipnotetrapodomorpha, Tetrapoda, Amniota, Sauropsida, Sauria, Archelosauria, Archosauria, Dinosauria, Saurischia, Theropoda, Coelurosauria, Aves, Neognathae, Neoaves, Aequornithes, Ciconiiformes, Ciconiidae, Ciconia	GCA_013399255.1	full
UP000537234	Dicrurus megarhynchus	450177	14215	C:77.1%[S:76.9%,D:0.2%],F:4.8%,M:18.1%,n:10844	Unknown	Unassembled WGS sequence	cellular organisms, Eukaryota, Opisthokonta, Metazoa, Eumetazoa, Bilateria, Deuterostomia, Chordata, Craniata, Vertebrata, Gnathostomata, Teleostomi, Euteleostomi, Sarcopterygii, Dipnotetrapodomorpha, Tetrapoda, Amniota, Sauropsida, Sauria, Archelosauria, Archosauria, Dinosauria, Saurischia, Theropoda, Coelurosauria, Aves, Neognathae, Neoaves, Telluraves, Australaves, Passeriformes, Corvoidea, Dicruridae, Dicrurus	GCA_013399195.1	full
UP000537522	Chauna torquata (Southern screamer)	30388	13466	C:73.2%[S:72.9%,D:0.3%],F:6.8%,M:20.0%,n:8338	Unknown	Unassembled WGS sequence	cellular organisms, Eukaryota, Opisthokonta, Metazoa, Eumetazoa, Bilateria, Deuterostomia, Chordata, Craniata, Vertebrata, Gnathostomata, Teleostomi, Euteleostomi, Sarcopterygii, Dipnotetrapodomorpha, Tetrapoda, Amniota, Sauropsida, Sauria, Archelosauria, Archosauria, Dinosauria, Saurischia, Theropoda, Coelurosauria, Aves, Neognathae, Galloanserae, Anseriformes, Anhimidae, Chauna	GCA_013399475.1	full
UP000537747	Mystacornis crossleyi	98133	10563	C:39.4%[S:39.3%,D:0.1%],F:9.4%,M:51.2%,n:10844	Unknown	Unassembled WGS sequence	cellular organisms, Eukaryota, Opisthokonta, Metazoa, Eumetazoa, Bilateria, Deuterostomia, Chordata, Craniata, Vertebrata, Gnathostomata, Teleostomi, Euteleostomi, Sarcopterygii, Dipnotetrapodomorpha, Tetrapoda, Amniota, Sauropsida, Sauria, Archelosauria, Archosauria, Dinosauria, Saurischia, Theropoda, Coelurosauria, Aves, Neognathae, Neoaves, Telluraves, Australaves, Passeriformes, Sylvioidea, Timaliidae, Mystacornis	GCA_013400655.1	full
UP000537779	Tyrannus savana (Fork-tailed flycatcher) (Muscivora tyrannus)	137541	13553	C:72.2%[S:71.9%,D:0.3%],F:5.5%,M:22.3%,n:10844	Standard	Unassembled WGS sequence	cellular organisms, Eukaryota, Opisthokonta, Metazoa, Eumetazoa, Bilateria, Deuterostomia, Chordata, Craniata, Vertebrata, Gnathostomata, Teleostomi, Euteleostomi, Sarcopterygii, Dipnotetrapodomorpha, Tetrapoda, Amniota, Sauropsida, Sauria, Archelosauria, Archosauria, Dinosauria, Saurischia, Theropoda, Coelurosauria, Aves, Neognathae, Neoaves, Telluraves, Australaves, Passeriformes, Tyrannidae, Tyrannus	GCA_013399735.1	full
UP000538472	Nyctibius bracteatus (Rufous potoo)	48426	13937	C:77.9%[S:77.6%,D:0.3%],F:6.3%,M:15.8%,n:8338	Unknown	Unassembled WGS sequence	cellular organisms, Eukaryota, Opisthokonta, Metazoa, Eumetazoa, Bilateria, Deuterostomia, Chordata, Craniata, Vertebrata, Gnathostomata, Teleostomi, Euteleostomi, Sarcopterygii, Dipnotetrapodomorpha, Tetrapoda, Amniota, Sauropsida, Sauria, Archelosauria, Archosauria, Dinosauria, Saurischia, Theropoda, Coelurosauria, Aves, Neognathae, Neoaves, Strisores, Caprimulgiformes, Nyctibiidae, Nyctibius	GCA_013396595.1	full
UP000538515	Sylvia borin (Garden warbler)	73324	13496	C:74.0%[S:73.8%,D:0.2%],F:5.2%,M:20.8%,n:10844	Unknown	Unassembled WGS sequence	cellular organisms, Eukaryota, Opisthokonta, Metazoa, Eumetazoa, Bilateria, Deuterostomia, Chordata, Craniata, Vertebrata, Gnathostomata, Teleostomi, Euteleostomi, Sarcopterygii, Dipnotetrapodomorpha, Tetrapoda, Amniota, Sauropsida, Sauria, Archelosauria, Archosauria, Dinosauria, Saurischia, Theropoda, Coelurosauria, Aves, Neognathae, Neoaves, Telluraves, Australaves, Passeriformes, Sylvioidea, Sylviidae, Sylviinae, Sylvia	GCA_013400015.1	full
UP000538725	Melanocharis versteri (Fan-tailed berrypecker)	254552	13955	C:76.1%[S:75.9%,D:0.2%],F:5.3%,M:18.6%,n:10844	Unknown	Unassembled WGS sequence	cellular organisms, Eukaryota, Opisthokonta, Metazoa, Eumetazoa, Bilateria, Deuterostomia, Chordata, Craniata, Vertebrata, Gnathostomata, Teleostomi, Euteleostomi, Sarcopterygii, Dipnotetrapodomorpha, Tetrapoda, Amniota, Sauropsida, Sauria, Archelosauria, Archosauria, Dinosauria, Saurischia, Theropoda, Coelurosauria, Aves, Neognathae, Neoaves, Telluraves, Australaves, Passeriformes, Passeroidea, Melanocharitidae, Melanocharis	GCA_013397845.1	full
UP000538817	Nothoprocta pentlandii	2585814	13401	C:78.9%[S:78.5%,D:0.3%],F:5.8%,M:15.3%,n:8338	Unknown	Unassembled WGS sequence	cellular organisms, Eukaryota, Opisthokonta, Metazoa, Eumetazoa, Bilateria, Deuterostomia, Chordata, Craniata, Vertebrata, Gnathostomata, Teleostomi, Euteleostomi, Sarcopterygii, Dipnotetrapodomorpha, Tetrapoda, Amniota, Sauropsida, Sauria, Archelosauria, Archosauria, Dinosauria, Saurischia, Theropoda, Coelurosauria, Aves, Palaeognathae, Tinamiformes, Tinamidae, Nothoprocta	GCA_013398315.1	full
UP000539032	Scopus umbretta (Hammerkop)	33581	12270	C:57.7%[S:57.3%,D:0.3%],F:10.7%,M:31.6%,n:8338	Unknown	Unassembled WGS sequence	cellular organisms, Eukaryota, Opisthokonta, Metazoa, Eumetazoa, Bilateria, Deuterostomia, Chordata, Craniata, Vertebrata, Gnathostomata, Teleostomi, Euteleostomi, Sarcopterygii, Dipnotetrapodomorpha, Tetrapoda, Amniota, Sauropsida, Sauria, Archelosauria, Archosauria, Dinosauria, Saurischia, Theropoda, Coelurosauria, Aves, Neognathae, Neoaves, Aequornithes, Pelecaniformes, Scopidae, Scopus	GCA_013400535.1	full
UP000539599	Sagittarius serpentarius (Secretary bird)	56258	12811	C:66.9%[S:66.6%,D:0.3%],F:8.7%,M:24.4%,n:8338	Unknown	Unassembled WGS sequence	cellular organisms, Eukaryota, Opisthokonta, Metazoa, Eumetazoa, Bilateria, Deuterostomia, Chordata, Craniata, Vertebrata, Gnathostomata, Teleostomi, Euteleostomi, Sarcopterygii, Dipnotetrapodomorpha, Tetrapoda, Amniota, Sauropsida, Sauria, Archelosauria, Archosauria, Dinosauria, Saurischia, Theropoda, Coelurosauria, Aves, Neognathae, Neoaves, Telluraves, Accipitrimorphae, Accipitriformes, Sagittariidae, Sagittarius	GCA_013399415.1	full
UP000539920	Ploceus nigricollis	441696	13506	C:74.6%[S:74.3%,D:0.3%],F:5.2%,M:20.2%,n:10844	Unknown	Unassembled WGS sequence	cellular organisms, Eukaryota, Opisthokonta, Metazoa, Eumetazoa, Bilateria, Deuterostomia, Chordata, Craniata, Vertebrata, Gnathostomata, Teleostomi, Euteleostomi, Sarcopterygii, Dipnotetrapodomorpha, Tetrapoda, Amniota, Sauropsida, Sauria, Archelosauria, Archosauria, Dinosauria, Saurischia, Theropoda, Coelurosauria, Aves, Neognathae, Neoaves, Telluraves, Australaves, Passeriformes, Passeroidea, Ploceidae, Ploceinae, Ploceus	GCA_013399945.1	full
UP000540071	Poecile atricapillus (Black-capped chickadee) (Parus atricapillus)	48891	14163	C:77.6%[S:77.4%,D:0.2%],F:5.1%,M:17.3%,n:10844	Unknown	Unassembled WGS sequence	cellular organisms, Eukaryota, Opisthokonta, Metazoa, Eumetazoa, Bilateria, Deuterostomia, Chordata, Craniata, Vertebrata, Gnathostomata, Teleostomi, Euteleostomi, Sarcopterygii, Dipnotetrapodomorpha, Tetrapoda, Amniota, Sauropsida, Sauria, Archelosauria, Archosauria, Dinosauria, Saurischia, Theropoda, Coelurosauria, Aves, Neognathae, Neoaves, Telluraves, Australaves, Passeriformes, Paridae, Poecile	GCA_013398625.1	full
UP000540089	Rissa tridactyla (Black-legged kittiwake) (Larus tridactyla)	75485	14770	C:81.9%[S:81.5%,D:0.4%],F:5.7%,M:12.4%,n:8338	Unknown	Unassembled WGS sequence	cellular organisms, Eukaryota, Opisthokonta, Metazoa, Eumetazoa, Bilateria, Deuterostomia, Chordata, Craniata, Vertebrata, Gnathostomata, Teleostomi, Euteleostomi, Sarcopterygii, Dipnotetrapodomorpha, Tetrapoda, Amniota, Sauropsida, Sauria, Archelosauria, Archosauria, Dinosauria, Saurischia, Theropoda, Coelurosauria, Aves, Neognathae, Neoaves, Charadriiformes, Laridae, Rissa	GCA_013401015.1	full
UP000540150	Eulacestoma nigropectus (wattled ploughbill)	461239	14287	C:77.7%[S:77.5%,D:0.2%],F:4.9%,M:17.4%,n:10844	Unknown	Unassembled WGS sequence	cellular organisms, Eukaryota, Opisthokonta, Metazoa, Eumetazoa, Bilateria, Deuterostomia, Chordata, Craniata, Vertebrata, Gnathostomata, Teleostomi, Euteleostomi, Sarcopterygii, Dipnotetrapodomorpha, Tetrapoda, Amniota, Sauropsida, Sauria, Archelosauria, Archosauria, Dinosauria, Saurischia, Theropoda, Coelurosauria, Aves, Neognathae, Neoaves, Telluraves, Australaves, Passeriformes, Corvoidea, Pachycephalidae, Eulacestoma	GCA_013397775.1	full
UP000540762	Brachypodius melanocephalos (black-headed bulbul)	3235156	12859	C:71.8%[S:71.7%,D:0.1%],F:5.1%,M:23.1%,n:10844	Unknown	Unassembled WGS sequence	cellular organisms, Eukaryota, Opisthokonta, Metazoa, Eumetazoa, Bilateria, Deuterostomia, Chordata, Craniata, Vertebrata, Gnathostomata, Teleostomi, Euteleostomi, Sarcopterygii, Dipnotetrapodomorpha, Tetrapoda, Amniota, Sauropsida, Sauria, Archelosauria, Archosauria, Dinosauria, Saurischia, Theropoda, Coelurosauria, Aves, Neognathae, Neoaves, Telluraves, Australaves, Passeriformes, Sylvioidea, Pycnonotidae, Brachypodius	GCA_013398615.1	full
UP000540952	Tachuris rubrigastra	495162	14316	C:76.8%[S:76.5%,D:0.3%],F:5.1%,M:18.1%,n:10844	Unknown	Unassembled WGS sequence	cellular organisms, Eukaryota, Opisthokonta, Metazoa, Eumetazoa, Bilateria, Deuterostomia, Chordata, Craniata, Vertebrata, Gnathostomata, Teleostomi, Euteleostomi, Sarcopterygii, Dipnotetrapodomorpha, Tetrapoda, Amniota, Sauropsida, Sauria, Archelosauria, Archosauria, Dinosauria, Saurischia, Theropoda, Coelurosauria, Aves, Neognathae, Neoaves, Telluraves, Australaves, Passeriformes, Tyrannidae, Tachuris	GCA_013396555.1	full
UP000541181	Chunga burmeisteri (Black-legged seriema)	1352770	14396	C:80.4%[S:80.1%,D:0.3%],F:5.7%,M:13.9%,n:8338	Unknown	Unassembled WGS sequence	cellular organisms, Eukaryota, Opisthokonta, Metazoa, Eumetazoa, Bilateria, Deuterostomia, Chordata, Craniata, Vertebrata, Gnathostomata, Teleostomi, Euteleostomi, Sarcopterygii, Dipnotetrapodomorpha, Tetrapoda, Amniota, Sauropsida, Sauria, Archelosauria, Archosauria, Dinosauria, Saurischia, Theropoda, Coelurosauria, Aves, Neognathae, Neoaves, Telluraves, Australaves, Cariamiformes, Cariamidae, Chunga	GCA_013396505.1	full
UP000541249	Eurystomus gularis	325343	13936	C:76.4%[S:76.1%,D:0.3%],F:7.1%,M:16.5%,n:8338	Unknown	Unassembled WGS sequence	cellular organisms, Eukaryota, Opisthokonta, Metazoa, Eumetazoa, Bilateria, Deuterostomia, Chordata, Craniata, Vertebrata, Gnathostomata, Teleostomi, Euteleostomi, Sarcopterygii, Dipnotetrapodomorpha, Tetrapoda, Amniota, Sauropsida, Sauria, Archelosauria, Archosauria, Dinosauria, Saurischia, Theropoda, Coelurosauria, Aves, Neognathae, Neoaves, Telluraves, Coraciimorphae, Coraciiformes, Coraciidae, Eurystomus	GCA_013400335.1	full
UP000541332	Pampusana beccarii (Western bronze ground-dove)	2953425	14573	C:78.9%[S:78.6%,D:0.3%],F:6.3%,M:14.8%,n:8338	Unknown	Unassembled WGS sequence	cellular organisms, Eukaryota, Opisthokonta, Metazoa, Eumetazoa, Bilateria, Deuterostomia, Chordata, Craniata, Vertebrata, Gnathostomata, Teleostomi, Euteleostomi, Sarcopterygii, Dipnotetrapodomorpha, Tetrapoda, Amniota, Sauropsida, Sauria, Archelosauria, Archosauria, Dinosauria, Saurischia, Theropoda, Coelurosauria, Aves, Neognathae, Neoaves, Columbimorphae, Columbiformes, Columbidae, Pampusana	GCA_013399365.1	full
UP000541605	Chaetorhynchus papuensis (pygmy drongo)	254446	14303	C:76.7%[S:76.3%,D:0.4%],F:5.5%,M:17.9%,n:10844	Unknown	Unassembled WGS sequence	cellular organisms, Eukaryota, Opisthokonta, Metazoa, Eumetazoa, Bilateria, Deuterostomia, Chordata, Craniata, Vertebrata, Gnathostomata, Teleostomi, Euteleostomi, Sarcopterygii, Dipnotetrapodomorpha, Tetrapoda, Amniota, Sauropsida, Sauria, Archelosauria, Archosauria, Dinosauria, Saurischia, Theropoda, Coelurosauria, Aves, Neognathae, Neoaves, Telluraves, Australaves, Passeriformes, Rhipiduridae, Chaetorhynchus	GCA_013396525.1	full
UP000541811	Arenaria interpres (Ruddy turnstone) (Tringa interpres)	54971	13845	C:76.0%[S:75.7%,D:0.3%],F:7.5%,M:16.6%,n:8338	Unknown	Unassembled WGS sequence	cellular organisms, Eukaryota, Opisthokonta, Metazoa, Eumetazoa, Bilateria, Deuterostomia, Chordata, Craniata, Vertebrata, Gnathostomata, Teleostomi, Euteleostomi, Sarcopterygii, Dipnotetrapodomorpha, Tetrapoda, Amniota, Sauropsida, Sauria, Archelosauria, Archosauria, Dinosauria, Saurischia, Theropoda, Coelurosauria, Aves, Neognathae, Neoaves, Charadriiformes, Scolopacidae, Arenaria	GCA_013399435.1	full
UP000542358	Oreocharis arfaki (tit berrypecker)	979223	13980	C:75.7%[S:75.6%,D:0.1%],F:5.5%,M:18.8%,n:10844	Unknown	Unassembled WGS sequence	cellular organisms, Eukaryota, Opisthokonta, Metazoa, Eumetazoa, Bilateria, Deuterostomia, Chordata, Craniata, Vertebrata, Gnathostomata, Teleostomi, Euteleostomi, Sarcopterygii, Dipnotetrapodomorpha, Tetrapoda, Amniota, Sauropsida, Sauria, Archelosauria, Archosauria, Dinosauria, Saurischia, Theropoda, Coelurosauria, Aves, Neognathae, Neoaves, Telluraves, Australaves, Passeriformes, Passeroidea, Paramythiidae, Oreocharis	GCA_013398015.1	full
UP000542434	Ciccaba nigrolineata	1118524	13820	C:78.3%[S:77.9%,D:0.4%],F:6.2%,M:15.5%,n:8338	Unknown	Unassembled WGS sequence	cellular organisms, Eukaryota, Opisthokonta, Metazoa, Eumetazoa, Bilateria, Deuterostomia, Chordata, Craniata, Vertebrata, Gnathostomata, Teleostomi, Euteleostomi, Sarcopterygii, Dipnotetrapodomorpha, Tetrapoda, Amniota, Sauropsida, Sauria, Archelosauria, Archosauria, Dinosauria, Saurischia, Theropoda, Coelurosauria, Aves, Neognathae, Neoaves, Telluraves, Strigiformes, Strigidae, Ciccaba	GCA_013396715.1	full
UP000542689	Ifrita kowaldi (blue-capped ifrita)	461245	14004	C:75.1%[S:74.9%,D:0.2%],F:5.7%,M:19.1%,n:10844	Unknown	Unassembled WGS sequence	cellular organisms, Eukaryota, Opisthokonta, Metazoa, Eumetazoa, Bilateria, Deuterostomia, Chordata, Craniata, Vertebrata, Gnathostomata, Teleostomi, Euteleostomi, Sarcopterygii, Dipnotetrapodomorpha, Tetrapoda, Amniota, Sauropsida, Sauria, Archelosauria, Archosauria, Dinosauria, Saurischia, Theropoda, Coelurosauria, Aves, Neognathae, Neoaves, Telluraves, Australaves, Passeriformes, Corvoidea, Cinclosomatidae, Ifrita	GCA_013398055.1	full
UP000543364	Cephalopterus ornatus (Amazonian umbrellabird)	114276	13893	C:73.7%[S:73.5%,D:0.2%],F:5.9%,M:20.4%,n:10844	Unknown	Unassembled WGS sequence	cellular organisms, Eukaryota, Opisthokonta, Metazoa, Eumetazoa, Bilateria, Deuterostomia, Chordata, Craniata, Vertebrata, Gnathostomata, Teleostomi, Euteleostomi, Sarcopterygii, Dipnotetrapodomorpha, Tetrapoda, Amniota, Sauropsida, Sauria, Archelosauria, Archosauria, Dinosauria, Saurischia, Theropoda, Coelurosauria, Aves, Neognathae, Neoaves, Telluraves, Australaves, Passeriformes, Cotingidae, Cephalopterus	GCA_013396775.1	full
UP000544127	Upupa epops (Eurasian hoopoe)	57439	13728	C:77.2%[S:76.9%,D:0.3%],F:6.6%,M:16.1%,n:8338	Unknown	Unassembled WGS sequence	cellular organisms, Eukaryota, Opisthokonta, Metazoa, Eumetazoa, Bilateria, Deuterostomia, Chordata, Craniata, Vertebrata, Gnathostomata, Teleostomi, Euteleostomi, Sarcopterygii, Dipnotetrapodomorpha, Tetrapoda, Amniota, Sauropsida, Sauria, Archelosauria, Archosauria, Dinosauria, Saurischia, Theropoda, Coelurosauria, Aves, Neognathae, Neoaves, Telluraves, Coraciimorphae, Bucerotiformes, Upupidae, Upupa	GCA_013397515.1	full
UP000545329	Erpornis zantholeuca	1112836	13291	C:66.4%[S:66.2%,D:0.2%],F:6.5%,M:27.1%,n:10844	Unknown	Unassembled WGS sequence	cellular organisms, Eukaryota, Opisthokonta, Metazoa, Eumetazoa, Bilateria, Deuterostomia, Chordata, Craniata, Vertebrata, Gnathostomata, Teleostomi, Euteleostomi, Sarcopterygii, Dipnotetrapodomorpha, Tetrapoda, Amniota, Sauropsida, Sauria, Archelosauria, Archosauria, Dinosauria, Saurischia, Theropoda, Coelurosauria, Aves, Neognathae, Neoaves, Telluraves, Australaves, Passeriformes, Sylvioidea, Timaliidae, Erpornis	GCA_013400515.1	full
UP000545332	Crypturellus soui	458187	14071	C:76.5%[S:75.6%,D:0.9%],F:6.5%,M:17.0%,n:8338	Unknown	Unassembled WGS sequence	cellular organisms, Eukaryota, Opisthokonta, Metazoa, Eumetazoa, Bilateria, Deuterostomia, Chordata, Craniata, Vertebrata, Gnathostomata, Teleostomi, Euteleostomi, Sarcopterygii, Dipnotetrapodomorpha, Tetrapoda, Amniota, Sauropsida, Sauria, Archelosauria, Archosauria, Dinosauria, Saurischia, Theropoda, Coelurosauria, Aves, Palaeognathae, Tinamiformes, Tinamidae, Crypturellus	GCA_013389845.1	full
UP000545435	Rostratula benghalensis (greater painted-snipe)	118793	14195	C:80.8%[S:80.5%,D:0.3%],F:5.8%,M:13.4%,n:8338	Unknown	Unassembled WGS sequence	cellular organisms, Eukaryota, Opisthokonta, Metazoa, Eumetazoa, Bilateria, Deuterostomia, Chordata, Craniata, Vertebrata, Gnathostomata, Teleostomi, Euteleostomi, Sarcopterygii, Dipnotetrapodomorpha, Tetrapoda, Amniota, Sauropsida, Sauria, Archelosauria, Archosauria, Dinosauria, Saurischia, Theropoda, Coelurosauria, Aves, Neognathae, Neoaves, Charadriiformes, Rostratulidae, Rostratula	GCA_013399305.1	full
UP000545574	Panurus biarmicus (Bearded tit)	181101	12783	C:62.3%[S:61.8%,D:0.5%],F:6.7%,M:31.0%,n:10844	Unknown	Unassembled WGS sequence	cellular organisms, Eukaryota, Opisthokonta, Metazoa, Eumetazoa, Bilateria, Deuterostomia, Chordata, Craniata, Vertebrata, Gnathostomata, Teleostomi, Euteleostomi, Sarcopterygii, Dipnotetrapodomorpha, Tetrapoda, Amniota, Sauropsida, Sauria, Archelosauria, Archosauria, Dinosauria, Saurischia, Theropoda, Coelurosauria, Aves, Neognathae, Neoaves, Telluraves, Australaves, Passeriformes, Sylvioidea, Sylviidae, Sylviidae incertae sedis, Panurus	GCA_013398035.1	full
UP000546235	Caloenas nicobarica (Nicobar pigeon)	187106	14055	C:78.8%[S:78.6%,D:0.2%],F:5.2%,M:16.0%,n:8338	Unknown	Unassembled WGS sequence	cellular organisms, Eukaryota, Opisthokonta, Metazoa, Eumetazoa, Bilateria, Deuterostomia, Chordata, Craniata, Vertebrata, Gnathostomata, Teleostomi, Euteleostomi, Sarcopterygii, Dipnotetrapodomorpha, Tetrapoda, Amniota, Sauropsida, Sauria, Archelosauria, Archosauria, Dinosauria, Saurischia, Theropoda, Coelurosauria, Aves, Neognathae, Neoaves, Columbimorphae, Columbiformes, Columbidae, Caloenas	GCA_013398195.1	full
UP000546986	Cisticola juncidis	52622	13372	C:73.7%[S:73.5%,D:0.1%],F:5.3%,M:21.1%,n:10844	Unknown	Unassembled WGS sequence	cellular organisms, Eukaryota, Opisthokonta, Metazoa, Eumetazoa, Bilateria, Deuterostomia, Chordata, Craniata, Vertebrata, Gnathostomata, Teleostomi, Euteleostomi, Sarcopterygii, Dipnotetrapodomorpha, Tetrapoda, Amniota, Sauropsida, Sauria, Archelosauria, Archosauria, Dinosauria, Saurischia, Theropoda, Coelurosauria, Aves, Neognathae, Neoaves, Telluraves, Australaves, Passeriformes, Sylvioidea, Cisticolidae, Cisticola	GCA_013400215.1	full
UP000547499	Lanius ludovicianus (Loggerhead shrike)	28713	13675	C:74.6%[S:74.3%,D:0.2%],F:5.4%,M:20.0%,n:10844	Unknown	Unassembled WGS sequence	cellular organisms, Eukaryota, Opisthokonta, Metazoa, Eumetazoa, Bilateria, Deuterostomia, Chordata, Craniata, Vertebrata, Gnathostomata, Teleostomi, Euteleostomi, Sarcopterygii, Dipnotetrapodomorpha, Tetrapoda, Amniota, Sauropsida, Sauria, Archelosauria, Archosauria, Dinosauria, Saurischia, Theropoda, Coelurosauria, Aves, Neognathae, Neoaves, Telluraves, Australaves, Passeriformes, Corvoidea, Laniidae, Lanius	GCA_013397235.1	full
UP000547721	Ptilorrhoa leucosticta	449384	13491	C:73.0%[S:72.7%,D:0.3%],F:5.6%,M:21.4%,n:10844	Unknown	Unassembled WGS sequence	cellular organisms, Eukaryota, Opisthokonta, Metazoa, Eumetazoa, Bilateria, Deuterostomia, Chordata, Craniata, Vertebrata, Gnathostomata, Teleostomi, Euteleostomi, Sarcopterygii, Dipnotetrapodomorpha, Tetrapoda, Amniota, Sauropsida, Sauria, Archelosauria, Archosauria, Dinosauria, Saurischia, Theropoda, Coelurosauria, Aves, Neognathae, Neoaves, Telluraves, Australaves, Passeriformes, Corvoidea, Cinclosomatidae, Ptilorrhoa	GCA_013396485.1	full
UP000548317	Struthidea cinerea	181839	14122	C:76.8%[S:76.6%,D:0.2%],F:5.0%,M:18.2%,n:10844	Unknown	Unassembled WGS sequence	cellular organisms, Eukaryota, Opisthokonta, Metazoa, Eumetazoa, Bilateria, Deuterostomia, Chordata, Craniata, Vertebrata, Gnathostomata, Teleostomi, Euteleostomi, Sarcopterygii, Dipnotetrapodomorpha, Tetrapoda, Amniota, Sauropsida, Sauria, Archelosauria, Archosauria, Dinosauria, Saurischia, Theropoda, Coelurosauria, Aves, Neognathae, Neoaves, Telluraves, Australaves, Passeriformes, Corvoidea, Corcoracidae, Struthidea	GCA_013397865.1	full
UP000549091	Nesospiza acunhae	381881	14047	C:72.2%[S:72.0%,D:0.2%],F:5.1%,M:22.7%,n:10844	Unknown	Unassembled WGS sequence	cellular organisms, Eukaryota, Opisthokonta, Metazoa, Eumetazoa, Bilateria, Deuterostomia, Chordata, Craniata, Vertebrata, Gnathostomata, Teleostomi, Euteleostomi, Sarcopterygii, Dipnotetrapodomorpha, Tetrapoda, Amniota, Sauropsida, Sauria, Archelosauria, Archosauria, Dinosauria, Saurischia, Theropoda, Coelurosauria, Aves, Neognathae, Neoaves, Telluraves, Australaves, Passeriformes, Thraupidae, Nesospiza	GCA_013398715.1	full
UP000549157	Zosterops hypoxanthus	2485327	13698	C:70.3%[S:70.0%,D:0.3%],F:5.8%,M:23.9%,n:10844	Unknown	Unassembled WGS sequence	cellular organisms, Eukaryota, Opisthokonta, Metazoa, Eumetazoa, Bilateria, Deuterostomia, Chordata, Craniata, Vertebrata, Gnathostomata, Teleostomi, Euteleostomi, Sarcopterygii, Dipnotetrapodomorpha, Tetrapoda, Amniota, Sauropsida, Sauria, Archelosauria, Archosauria, Dinosauria, Saurischia, Theropoda, Coelurosauria, Aves, Neognathae, Neoaves, Telluraves, Australaves, Passeriformes, Sylvioidea, Zosteropidae, Zosterops	GCA_013399795.1	full
UP000549394	Dimorphilus gyrociliatus	2664684	16145	C:91.9%[S:85.4%,D:6.5%],F:1.3%,M:6.8%,n:954	Unknown	Unassembled WGS sequence	cellular organisms, Eukaryota, Opisthokonta, Metazoa, Eumetazoa, Bilateria, Protostomia, Spiralia, Lophotrochozoa, Annelida, Polychaeta, Polychaeta incertae sedis, Dinophilidae, Dimorphilus	GCA_904063045.1	full
UP000549499	Crotophaga sulcirostris (Groove-billed ani)	33598	13847	C:79.3%[S:79.0%,D:0.3%],F:5.9%,M:14.8%,n:8338	Unknown	Unassembled WGS sequence	cellular organisms, Eukaryota, Opisthokonta, Metazoa, Eumetazoa, Bilateria, Deuterostomia, Chordata, Craniata, Vertebrata, Gnathostomata, Teleostomi, Euteleostomi, Sarcopterygii, Dipnotetrapodomorpha, Tetrapoda, Amniota, Sauropsida, Sauria, Archelosauria, Archosauria, Dinosauria, Saurischia, Theropoda, Coelurosauria, Aves, Neognathae, Neoaves, Otidimorphae, Cuculiformes, Crotophagidae, Crotophaga	GCA_013397455.1	full
UP000549775	Acrocephalus arundinaceus (Great reed-warbler)	39621	13628	C:68.8%[S:68.3%,D:0.5%],F:6.5%,M:24.7%,n:10844	Unknown	Unassembled WGS sequence	cellular organisms, Eukaryota, Opisthokonta, Metazoa, Eumetazoa, Bilateria, Deuterostomia, Chordata, Craniata, Vertebrata, Gnathostomata, Teleostomi, Euteleostomi, Sarcopterygii, Dipnotetrapodomorpha, Tetrapoda, Amniota, Sauropsida, Sauria, Archelosauria, Archosauria, Dinosauria, Saurischia, Theropoda, Coelurosauria, Aves, Neognathae, Neoaves, Telluraves, Australaves, Passeriformes, Sylvioidea, Sylviidae, Acrocephalinae, Acrocephalus	GCA_013398685.1	full
UP000550059	Setophaga kirtlandii (Kirtland's warbler) (Dendroica kirtlandii)	298831	13871	C:74.0%[S:73.8%,D:0.2%],F:5.7%,M:20.2%,n:10844	Unknown	Unassembled WGS sequence	cellular organisms, Eukaryota, Opisthokonta, Metazoa, Eumetazoa, Bilateria, Deuterostomia, Chordata, Craniata, Vertebrata, Gnathostomata, Teleostomi, Euteleostomi, Sarcopterygii, Dipnotetrapodomorpha, Tetrapoda, Amniota, Sauropsida, Sauria, Archelosauria, Archosauria, Dinosauria, Saurischia, Theropoda, Coelurosauria, Aves, Neognathae, Neoaves, Telluraves, Australaves, Passeriformes, Passeroidea, Parulidae, Setophaga	GCA_013399655.1	full
UP000550086	Jacana jacana (Wattled jacana) (Parra jacana)	54508	13209	C:69.6%[S:69.3%,D:0.3%],F:8.0%,M:22.3%,n:8338	Unknown	Unassembled WGS sequence	cellular organisms, Eukaryota, Opisthokonta, Metazoa, Eumetazoa, Bilateria, Deuterostomia, Chordata, Craniata, Vertebrata, Gnathostomata, Teleostomi, Euteleostomi, Sarcopterygii, Dipnotetrapodomorpha, Tetrapoda, Amniota, Sauropsida, Sauria, Archelosauria, Archosauria, Dinosauria, Saurischia, Theropoda, Coelurosauria, Aves, Neognathae, Neoaves, Charadriiformes, Jacanidae, Jacana	GCA_013400555.1	full
UP000550309	Onychorhynchus coronatus (Royal flycatcher)	360224	14340	C:77.1%[S:76.9%,D:0.2%],F:5.0%,M:17.8%,n:10844	Unknown	Unassembled WGS sequence	cellular organisms, Eukaryota, Opisthokonta, Metazoa, Eumetazoa, Bilateria, Deuterostomia, Chordata, Craniata, Vertebrata, Gnathostomata, Teleostomi, Euteleostomi, Sarcopterygii, Dipnotetrapodomorpha, Tetrapoda, Amniota, Sauropsida, Sauria, Archelosauria, Archosauria, Dinosauria, Saurischia, Theropoda, Coelurosauria, Aves, Neognathae, Neoaves, Telluraves, Australaves, Passeriformes, Tyrannidae, Onychorhynchus	GCA_013397825.1	full
UP000550660	Trogon melanurus (Black-tailed trogon)	56311	14123	C:79.4%[S:79.1%,D:0.4%],F:6.0%,M:14.5%,n:8338	Unknown	Unassembled WGS sequence	cellular organisms, Eukaryota, Opisthokonta, Metazoa, Eumetazoa, Bilateria, Deuterostomia, Chordata, Craniata, Vertebrata, Gnathostomata, Teleostomi, Euteleostomi, Sarcopterygii, Dipnotetrapodomorpha, Tetrapoda, Amniota, Sauropsida, Sauria, Archelosauria, Archosauria, Dinosauria, Saurischia, Theropoda, Coelurosauria, Aves, Neognathae, Neoaves, Telluraves, Coraciimorphae, Trogoniformes, Trogonidae, Trogon	GCA_013399275.1	full
UP000550707	Molossus molossus (Pallas' mastiff bat) (Vespertilio molossus)	27622	53557	C:95.1%[S:48.6%,D:46.4%],F:0.6%,M:4.3%,n:12234	Unknown	Mitochondrion MT; Unassembled WGS sequence	cellular organisms, Eukaryota, Opisthokonta, Metazoa, Eumetazoa, Bilateria, Deuterostomia, Chordata, Craniata, Vertebrata, Gnathostomata, Teleostomi, Euteleostomi, Sarcopterygii, Dipnotetrapodomorpha, Tetrapoda, Amniota, Mammalia, Theria, Eutheria, Boreoeutheria, Laurasiatheria, Chiroptera, Yangochiroptera, Molossidae, Molossus	GCA_014108415.1	full
UP000551127	Bucorvus abyssinicus (Northern ground-hornbill) (Abyssinian ground-hornbill)	153643	14386	C:81.1%[S:80.8%,D:0.3%],F:5.6%,M:13.3%,n:8338	Unknown	Unassembled WGS sequence	cellular organisms, Eukaryota, Opisthokonta, Metazoa, Eumetazoa, Bilateria, Deuterostomia, Chordata, Craniata, Vertebrata, Gnathostomata, Teleostomi, Euteleostomi, Sarcopterygii, Dipnotetrapodomorpha, Tetrapoda, Amniota, Sauropsida, Sauria, Archelosauria, Archosauria, Dinosauria, Saurischia, Theropoda, Coelurosauria, Aves, Neognathae, Neoaves, Telluraves, Coraciimorphae, Bucerotiformes, Bucorvidae, Bucorvus	GCA_013398885.1	full
UP000551443	Xiphorhynchus elegans (elegant woodcreeper)	269412	13517	C:63.7%[S:63.4%,D:0.3%],F:7.2%,M:29.1%,n:10844	Unknown	Unassembled WGS sequence	cellular organisms, Eukaryota, Opisthokonta, Metazoa, Eumetazoa, Bilateria, Deuterostomia, Chordata, Craniata, Vertebrata, Gnathostomata, Teleostomi, Euteleostomi, Sarcopterygii, Dipnotetrapodomorpha, Tetrapoda, Amniota, Sauropsida, Sauria, Archelosauria, Archosauria, Dinosauria, Saurischia, Theropoda, Coelurosauria, Aves, Neognathae, Neoaves, Telluraves, Australaves, Passeriformes, Dendrocolaptidae, Xiphorhynchus	GCA_013401175.1	full
UP000551758	Diceros bicornis minor (South-central black rhinoceros)	77932	19602	C:72.1%[S:71.9%,D:0.2%],F:9.4%,M:18.5%,n:12234	Unknown	Unassembled WGS sequence	cellular organisms, Eukaryota, Opisthokonta, Metazoa, Eumetazoa, Bilateria, Deuterostomia, Chordata, Craniata, Vertebrata, Gnathostomata, Teleostomi, Euteleostomi, Sarcopterygii, Dipnotetrapodomorpha, Tetrapoda, Amniota, Mammalia, Theria, Eutheria, Boreoeutheria, Laurasiatheria, Perissodactyla, Rhinocerotidae, Diceros, Diceros bicornis	GCA_013634535.1	full
UP000551823	Nyctiprogne leucopyga	382315	13366	C:69.7%[S:69.3%,D:0.4%],F:8.0%,M:22.3%,n:8338	Unknown	Unassembled WGS sequence	cellular organisms, Eukaryota, Opisthokonta, Metazoa, Eumetazoa, Bilateria, Deuterostomia, Chordata, Craniata, Vertebrata, Gnathostomata, Teleostomi, Euteleostomi, Sarcopterygii, Dipnotetrapodomorpha, Tetrapoda, Amniota, Sauropsida, Sauria, Archelosauria, Archosauria, Dinosauria, Saurischia, Theropoda, Coelurosauria, Aves, Neognathae, Neoaves, Strisores, Caprimulgiformes, Caprimulgidae, Chordeilinae, Nyctiprogne	GCA_013399395.1	full
UP000552319	Quiscalus mexicanus (Great-tailed grackle) (Cassidix mexicanus)	64278	13590	C:68.9%[S:68.6%,D:0.3%],F:7.8%,M:23.3%,n:10844	Unknown	Unassembled WGS sequence	cellular organisms, Eukaryota, Opisthokonta, Metazoa, Eumetazoa, Bilateria, Deuterostomia, Chordata, Craniata, Vertebrata, Gnathostomata, Teleostomi, Euteleostomi, Sarcopterygii, Dipnotetrapodomorpha, Tetrapoda, Amniota, Sauropsida, Sauria, Archelosauria, Archosauria, Dinosauria, Saurischia, Theropoda, Coelurosauria, Aves, Neognathae, Neoaves, Telluraves, Australaves, Passeriformes, Passeroidea, Icteridae, Quiscalus	GCA_013399035.1	full
UP000553648	Serilophus lunatus (silver-breasted broadbill)	239386	14091	C:76.6%[S:76.4%,D:0.2%],F:4.7%,M:18.6%,n:10844	Unknown	Unassembled WGS sequence	cellular organisms, Eukaryota, Opisthokonta, Metazoa, Eumetazoa, Bilateria, Deuterostomia, Chordata, Craniata, Vertebrata, Gnathostomata, Teleostomi, Euteleostomi, Sarcopterygii, Dipnotetrapodomorpha, Tetrapoda, Amniota, Sauropsida, Sauria, Archelosauria, Archosauria, Dinosauria, Saurischia, Theropoda, Coelurosauria, Aves, Neognathae, Neoaves, Telluraves, Australaves, Passeriformes, Eurylaimidae, Serilophus	GCA_013399895.1	full
UP000553798	Prunella fulvescens (Brown accentor)	670355	13347	C:66.7%[S:66.4%,D:0.2%],F:7.0%,M:26.3%,n:10844	Unknown	Unassembled WGS sequence	cellular organisms, Eukaryota, Opisthokonta, Metazoa, Eumetazoa, Bilateria, Deuterostomia, Chordata, Craniata, Vertebrata, Gnathostomata, Teleostomi, Euteleostomi, Sarcopterygii, Dipnotetrapodomorpha, Tetrapoda, Amniota, Sauropsida, Sauria, Archelosauria, Archosauria, Dinosauria, Saurischia, Theropoda, Coelurosauria, Aves, Neognathae, Neoaves, Telluraves, Australaves, Passeriformes, Passeroidea, Prunellidae, Prunella	GCA_013400715.1	full
UP000553862	Molothrus ater (Brown-headed cowbird)	84834	15960	C:77.3%[S:76.8%,D:0.5%],F:5.1%,M:17.6%,n:10844	Unknown	Unassembled WGS sequence	cellular organisms, Eukaryota, Opisthokonta, Metazoa, Eumetazoa, Bilateria, Deuterostomia, Chordata, Craniata, Vertebrata, Gnathostomata, Teleostomi, Euteleostomi, Sarcopterygii, Dipnotetrapodomorpha, Tetrapoda, Amniota, Sauropsida, Sauria, Archelosauria, Archosauria, Dinosauria, Saurischia, Theropoda, Coelurosauria, Aves, Neognathae, Neoaves, Telluraves, Australaves, Passeriformes, Passeroidea, Icteridae, Molothrus	GCA_013401155.1	full
UP000554720	Anthoscopus minutus (Southern penduline-tit)	156561	13552	C:66.8%[S:66.6%,D:0.2%],F:6.7%,M:26.5%,n:10844	Unknown	Unassembled WGS sequence	cellular organisms, Eukaryota, Opisthokonta, Metazoa, Eumetazoa, Bilateria, Deuterostomia, Chordata, Craniata, Vertebrata, Gnathostomata, Teleostomi, Euteleostomi, Sarcopterygii, Dipnotetrapodomorpha, Tetrapoda, Amniota, Sauropsida, Sauria, Archelosauria, Archosauria, Dinosauria, Saurischia, Theropoda, Coelurosauria, Aves, Neognathae, Neoaves, Telluraves, Australaves, Passeriformes, Paridae, Anthoscopus	GCA_013399455.1	full
UP000555275	Podilymbus podiceps (Pied-billed grebe)	9252	14192	C:79.3%[S:79.0%,D:0.3%],F:5.9%,M:14.8%,n:8338	Unknown	Unassembled WGS sequence	cellular organisms, Eukaryota, Opisthokonta, Metazoa, Eumetazoa, Bilateria, Deuterostomia, Chordata, Craniata, Vertebrata, Gnathostomata, Teleostomi, Euteleostomi, Sarcopterygii, Dipnotetrapodomorpha, Tetrapoda, Amniota, Sauropsida, Sauria, Archelosauria, Archosauria, Dinosauria, Saurischia, Theropoda, Coelurosauria, Aves, Neognathae, Neoaves, Mirandornithes, Podicipediformes, Podicipedidae, Podilymbus	GCA_013399565.1	full
UP000555367	Pelecanoides urinatrix (Common diving petrel) (Procellaria urinatrix)	37079	14741	C:78.3%[S:77.9%,D:0.4%],F:6.9%,M:14.8%,n:8338	Unknown	Unassembled WGS sequence	cellular organisms, Eukaryota, Opisthokonta, Metazoa, Eumetazoa, Bilateria, Deuterostomia, Chordata, Craniata, Vertebrata, Gnathostomata, Teleostomi, Euteleostomi, Sarcopterygii, Dipnotetrapodomorpha, Tetrapoda, Amniota, Sauropsida, Sauria, Archelosauria, Archosauria, Dinosauria, Saurischia, Theropoda, Coelurosauria, Aves, Neognathae, Neoaves, Aequornithes, Procellariiformes, Procellariidae, Pelecanoides	GCA_013400755.1	full
UP000555649	Herpetotheres cachinnans (Laughing falcon) (Falco cachinnans)	56343	14321	C:80.2%[S:80.0%,D:0.3%],F:5.9%,M:13.9%,n:8338	Unknown	Unassembled WGS sequence	cellular organisms, Eukaryota, Opisthokonta, Metazoa, Eumetazoa, Bilateria, Deuterostomia, Chordata, Craniata, Vertebrata, Gnathostomata, Teleostomi, Euteleostomi, Sarcopterygii, Dipnotetrapodomorpha, Tetrapoda, Amniota, Sauropsida, Sauria, Archelosauria, Archosauria, Dinosauria, Saurischia, Theropoda, Coelurosauria, Aves, Neognathae, Neoaves, Telluraves, Australaves, Falconiformes, Falconidae, Herpetotheres	GCA_013399355.1	full
UP000556165	Phaetusa simplex (large-billed tern)	297813	13248	C:74.0%[S:73.6%,D:0.4%],F:6.5%,M:19.5%,n:8338	Unknown	Unassembled WGS sequence	cellular organisms, Eukaryota, Opisthokonta, Metazoa, Eumetazoa, Bilateria, Deuterostomia, Chordata, Craniata, Vertebrata, Gnathostomata, Teleostomi, Euteleostomi, Sarcopterygii, Dipnotetrapodomorpha, Tetrapoda, Amniota, Sauropsida, Sauria, Archelosauria, Archosauria, Dinosauria, Saurischia, Theropoda, Coelurosauria, Aves, Neognathae, Neoaves, Charadriiformes, Laridae, Phaetusa	GCA_013399535.1	full
UP000556200	Neopipo cinnamomea	456388	13978	C:72.6%[S:72.4%,D:0.2%],F:5.7%,M:21.7%,n:10844	Unknown	Unassembled WGS sequence	cellular organisms, Eukaryota, Opisthokonta, Metazoa, Eumetazoa, Bilateria, Deuterostomia, Chordata, Craniata, Vertebrata, Gnathostomata, Teleostomi, Euteleostomi, Sarcopterygii, Dipnotetrapodomorpha, Tetrapoda, Amniota, Sauropsida, Sauria, Archelosauria, Archosauria, Dinosauria, Saurischia, Theropoda, Coelurosauria, Aves, Neognathae, Neoaves, Telluraves, Australaves, Passeriformes, Tyrannidae, Neopipo	GCA_013397415.1	full
UP000556761	Thalassarche chlororhynchos (Atlantic yellow-nosed albatross) (Diomedea chlororhynchos)	54017	11811	C:55.4%[S:55.2%,D:0.2%],F:10.3%,M:34.3%,n:8338	Unknown	Unassembled WGS sequence	cellular organisms, Eukaryota, Opisthokonta, Metazoa, Eumetazoa, Bilateria, Deuterostomia, Chordata, Craniata, Vertebrata, Gnathostomata, Teleostomi, Euteleostomi, Sarcopterygii, Dipnotetrapodomorpha, Tetrapoda, Amniota, Sauropsida, Sauria, Archelosauria, Archosauria, Dinosauria, Saurischia, Theropoda, Coelurosauria, Aves, Neognathae, Neoaves, Aequornithes, Procellariiformes, Diomedeidae, Thalassarche	GCA_013400895.1	full
UP000557196	Aleadryas rufinucha (rufous-naped whistler)	461220	13884	C:74.3%[S:74.0%,D:0.2%],F:5.9%,M:19.8%,n:10844	Unknown	Unassembled WGS sequence	cellular organisms, Eukaryota, Opisthokonta, Metazoa, Eumetazoa, Bilateria, Deuterostomia, Chordata, Craniata, Vertebrata, Gnathostomata, Teleostomi, Euteleostomi, Sarcopterygii, Dipnotetrapodomorpha, Tetrapoda, Amniota, Sauropsida, Sauria, Archelosauria, Archosauria, Dinosauria, Saurischia, Theropoda, Coelurosauria, Aves, Neognathae, Neoaves, Telluraves, Australaves, Passeriformes, Corvoidea, Pachycephalidae, Aleadryas	GCA_013397815.1	full
UP000557230	Indicator maculatus (spotted honeyguide)	545262	13941	C:77.6%[S:77.3%,D:0.3%],F:6.5%,M:15.9%,n:8338	Unknown	Unassembled WGS sequence	cellular organisms, Eukaryota, Opisthokonta, Metazoa, Eumetazoa, Bilateria, Deuterostomia, Chordata, Craniata, Vertebrata, Gnathostomata, Teleostomi, Euteleostomi, Sarcopterygii, Dipnotetrapodomorpha, Tetrapoda, Amniota, Sauropsida, Sauria, Archelosauria, Archosauria, Dinosauria, Saurischia, Theropoda, Coelurosauria, Aves, Neognathae, Neoaves, Telluraves, Coraciimorphae, Piciformes, Indicatoridae, Indicator	GCA_013399975.1	full
UP000557268	Hylia prasina (green hylia)	208073	13444	C:73.8%[S:73.6%,D:0.2%],F:5.3%,M:20.9%,n:10844	Unknown	Unassembled WGS sequence	cellular organisms, Eukaryota, Opisthokonta, Metazoa, Eumetazoa, Bilateria, Deuterostomia, Chordata, Craniata, Vertebrata, Gnathostomata, Teleostomi, Euteleostomi, Sarcopterygii, Dipnotetrapodomorpha, Tetrapoda, Amniota, Sauropsida, Sauria, Archelosauria, Archosauria, Dinosauria, Saurischia, Theropoda, Coelurosauria, Aves, Neognathae, Neoaves, Telluraves, Australaves, Passeriformes, Sylvioidea, Sylviidae, Acrocephalinae, Hylia	GCA_013397195.1	full
UP000557271	Chionis minor (Black-faced sheathbill)	227182	14280	C:80.0%[S:79.7%,D:0.3%],F:6.2%,M:13.8%,n:8338	Unknown	Unassembled WGS sequence	cellular organisms, Eukaryota, Opisthokonta, Metazoa, Eumetazoa, Bilateria, Deuterostomia, Chordata, Craniata, Vertebrata, Gnathostomata, Teleostomi, Euteleostomi, Sarcopterygii, Dipnotetrapodomorpha, Tetrapoda, Amniota, Sauropsida, Sauria, Archelosauria, Archosauria, Dinosauria, Saurischia, Theropoda, Coelurosauria, Aves, Neognathae, Neoaves, Charadriiformes, Chionididae, Chionis	GCA_013398295.1	full
UP000557315	Daphoenositta chrysoptera (varied sittella)	254528	13857	C:75.9%[S:75.7%,D:0.2%],F:5.1%,M:19.0%,n:10844	Unknown	Unassembled WGS sequence	cellular organisms, Eukaryota, Opisthokonta, Metazoa, Eumetazoa, Bilateria, Deuterostomia, Chordata, Craniata, Vertebrata, Gnathostomata, Teleostomi, Euteleostomi, Sarcopterygii, Dipnotetrapodomorpha, Tetrapoda, Amniota, Sauropsida, Sauria, Archelosauria, Archosauria, Dinosauria, Saurischia, Theropoda, Coelurosauria, Aves, Neognathae, Neoaves, Telluraves, Australaves, Passeriformes, Corvoidea, Pachycephalidae, Daphoenositta	GCA_013397915.1	full
UP000557426	Zapornia atra (Henderson crake)	2585822	13329	C:72.7%[S:72.3%,D:0.4%],F:8.5%,M:18.9%,n:8338	Unknown	Unassembled WGS sequence	cellular organisms, Eukaryota, Opisthokonta, Metazoa, Eumetazoa, Bilateria, Deuterostomia, Chordata, Craniata, Vertebrata, Gnathostomata, Teleostomi, Euteleostomi, Sarcopterygii, Dipnotetrapodomorpha, Tetrapoda, Amniota, Sauropsida, Sauria, Archelosauria, Archosauria, Dinosauria, Saurischia, Theropoda, Coelurosauria, Aves, Neognathae, Neoaves, Gruiformes, Rallidae, Zapornia	GCA_013400835.1	full
UP000558164	Leptocoma aspasia	2585812	13699	C:73.2%[S:73.0%,D:0.2%],F:5.3%,M:21.6%,n:10844	Unknown	Unassembled WGS sequence	cellular organisms, Eukaryota, Opisthokonta, Metazoa, Eumetazoa, Bilateria, Deuterostomia, Chordata, Craniata, Vertebrata, Gnathostomata, Teleostomi, Euteleostomi, Sarcopterygii, Dipnotetrapodomorpha, Tetrapoda, Amniota, Sauropsida, Sauria, Archelosauria, Archosauria, Dinosauria, Saurischia, Theropoda, Coelurosauria, Aves, Neognathae, Neoaves, Telluraves, Australaves, Passeriformes, Passeroidea, Nectariniidae, Leptocoma	GCA_013399835.1	full
UP000558460	Horornis vulcanius	2585811	9840	C:31.2%[S:31.0%,D:0.2%],F:9.4%,M:59.5%,n:10844	Unknown	Unassembled WGS sequence	cellular organisms, Eukaryota, Opisthokonta, Metazoa, Eumetazoa, Bilateria, Deuterostomia, Chordata, Craniata, Vertebrata, Gnathostomata, Teleostomi, Euteleostomi, Sarcopterygii, Dipnotetrapodomorpha, Tetrapoda, Amniota, Sauropsida, Sauria, Archelosauria, Archosauria, Dinosauria, Saurischia, Theropoda, Coelurosauria, Aves, Neognathae, Neoaves, Telluraves, Australaves, Passeriformes, Sylvioidea, Scotocercidae, Horornis	GCA_013401035.1	full
UP000558488	Pipistrellus kuhlii (Kuhl's pipistrelle)	59472	39728	C:94.2%[S:56.9%,D:37.3%],F:0.5%,M:5.2%,n:12234	Unknown	Mitochondrion MT; Unassembled WGS sequence	cellular organisms, Eukaryota, Opisthokonta, Metazoa, Eumetazoa, Bilateria, Deuterostomia, Chordata, Craniata, Vertebrata, Gnathostomata, Teleostomi, Euteleostomi, Sarcopterygii, Dipnotetrapodomorpha, Tetrapoda, Amniota, Mammalia, Theria, Eutheria, Boreoeutheria, Laurasiatheria, Chiroptera, Yangochiroptera, Vespertilionidae, Pipistrellus	GCA_014108245.1	full
UP000558509	Thryothorus ludovicianus (Carolina wren) (Sylvia ludoviciana)	74200	13660	C:73.0%[S:72.7%,D:0.3%],F:5.6%,M:21.4%,n:10844	Unknown	Unassembled WGS sequence	cellular organisms, Eukaryota, Opisthokonta, Metazoa, Eumetazoa, Bilateria, Deuterostomia, Chordata, Craniata, Vertebrata, Gnathostomata, Teleostomi, Euteleostomi, Sarcopterygii, Dipnotetrapodomorpha, Tetrapoda, Amniota, Sauropsida, Sauria, Archelosauria, Archosauria, Dinosauria, Saurischia, Theropoda, Coelurosauria, Aves, Neognathae, Neoaves, Telluraves, Australaves, Passeriformes, Certhiidae, Troglodytinae, Thryothorus	GCA_013397245.1	full
UP000558958	Sakesphorus luctuosus	419690	14098	C:74.9%[S:74.6%,D:0.3%],F:5.2%,M:19.9%,n:10844	Unknown	Unassembled WGS sequence	cellular organisms, Eukaryota, Opisthokonta, Metazoa, Eumetazoa, Bilateria, Deuterostomia, Chordata, Craniata, Vertebrata, Gnathostomata, Teleostomi, Euteleostomi, Sarcopterygii, Dipnotetrapodomorpha, Tetrapoda, Amniota, Sauropsida, Sauria, Archelosauria, Archosauria, Dinosauria, Saurischia, Theropoda, Coelurosauria, Aves, Neognathae, Neoaves, Telluraves, Australaves, Passeriformes, Thamnophilidae, Sakesphorus	GCA_013396695.1	full
UP000559068	Aegotheles bennettii	48278	13683	C:78.4%[S:78.1%,D:0.3%],F:6.5%,M:15.1%,n:8338	Unknown	Unassembled WGS sequence	cellular organisms, Eukaryota, Opisthokonta, Metazoa, Eumetazoa, Bilateria, Deuterostomia, Chordata, Craniata, Vertebrata, Gnathostomata, Teleostomi, Euteleostomi, Sarcopterygii, Dipnotetrapodomorpha, Tetrapoda, Amniota, Sauropsida, Sauria, Archelosauria, Archosauria, Dinosauria, Saurischia, Theropoda, Coelurosauria, Aves, Neognathae, Neoaves, Strisores, Caprimulgiformes, Aegothelidae, Aegotheles	GCA_013398125.1	full
UP000560066	Neodrepanis coruscans (wattled asity)	254563	8830	C:30.8%[S:30.6%,D:0.1%],F:7.3%,M:62.0%,n:10844	Unknown	Unassembled WGS sequence	cellular organisms, Eukaryota, Opisthokonta, Metazoa, Eumetazoa, Bilateria, Deuterostomia, Chordata, Craniata, Vertebrata, Gnathostomata, Teleostomi, Euteleostomi, Sarcopterygii, Dipnotetrapodomorpha, Tetrapoda, Amniota, Sauropsida, Sauria, Archelosauria, Archosauria, Dinosauria, Saurischia, Theropoda, Coelurosauria, Aves, Neognathae, Neoaves, Telluraves, Australaves, Passeriformes, Philepittidae, Neodrepanis	GCA_013400695.1	full
UP000560247	Melospiza melodia (Song sparrow) (Fringilla melodia)	44397	13912	C:73.2%[S:72.8%,D:0.5%],F:5.2%,M:21.6%,n:10844	Unknown	Unassembled WGS sequence	cellular organisms, Eukaryota, Opisthokonta, Metazoa, Eumetazoa, Bilateria, Deuterostomia, Chordata, Craniata, Vertebrata, Gnathostomata, Teleostomi, Euteleostomi, Sarcopterygii, Dipnotetrapodomorpha, Tetrapoda, Amniota, Sauropsida, Sauria, Archelosauria, Archosauria, Dinosauria, Saurischia, Theropoda, Coelurosauria, Aves, Neognathae, Neoaves, Telluraves, Australaves, Passeriformes, Passerellidae, Melospiza	GCA_013398205.2	full
UP000560386	Ardeotis kori	89386	13689	C:79.5%[S:79.2%,D:0.3%],F:5.9%,M:14.6%,n:8338	Unknown	Unassembled WGS sequence	cellular organisms, Eukaryota, Opisthokonta, Metazoa, Eumetazoa, Bilateria, Deuterostomia, Chordata, Craniata, Vertebrata, Gnathostomata, Teleostomi, Euteleostomi, Sarcopterygii, Dipnotetrapodomorpha, Tetrapoda, Amniota, Sauropsida, Sauria, Archelosauria, Archosauria, Dinosauria, Saurischia, Theropoda, Coelurosauria, Aves, Neognathae, Neoaves, Otidimorphae, Otidiformes, Otididae, Ardeotis	GCA_013396375.1	full
UP000561178	Rhipidura dahli	667186	14156	C:77.0%[S:76.8%,D:0.2%],F:5.0%,M:18.0%,n:10844	Unknown	Unassembled WGS sequence	cellular organisms, Eukaryota, Opisthokonta, Metazoa, Eumetazoa, Bilateria, Deuterostomia, Chordata, Craniata, Vertebrata, Gnathostomata, Teleostomi, Euteleostomi, Sarcopterygii, Dipnotetrapodomorpha, Tetrapoda, Amniota, Sauropsida, Sauria, Archelosauria, Archosauria, Dinosauria, Saurischia, Theropoda, Coelurosauria, Aves, Neognathae, Neoaves, Telluraves, Australaves, Passeriformes, Rhipiduridae, Rhipidura	GCA_013399225.1	full
UP000562238	Circaetus pectoralis (black-chested snake-eagle)	321084	14132	C:77.8%[S:77.5%,D:0.3%],F:6.0%,M:16.2%,n:8338	Unknown	Unassembled WGS sequence	cellular organisms, Eukaryota, Opisthokonta, Metazoa, Eumetazoa, Bilateria, Deuterostomia, Chordata, Craniata, Vertebrata, Gnathostomata, Teleostomi, Euteleostomi, Sarcopterygii, Dipnotetrapodomorpha, Tetrapoda, Amniota, Sauropsida, Sauria, Archelosauria, Archosauria, Dinosauria, Saurischia, Theropoda, Coelurosauria, Aves, Neognathae, Neoaves, Telluraves, Accipitrimorphae, Accipitriformes, Accipitridae, Accipitrinae, Circaetus	GCA_013399555.1	full
UP000562322	Alectura lathami (Australian brush turkey)	81907	13377	C:76.3%[S:76.0%,D:0.3%],F:6.7%,M:17.0%,n:8338	Unknown	Unassembled WGS sequence	cellular organisms, Eukaryota, Opisthokonta, Metazoa, Eumetazoa, Bilateria, Deuterostomia, Chordata, Craniata, Vertebrata, Gnathostomata, Teleostomi, Euteleostomi, Sarcopterygii, Dipnotetrapodomorpha, Tetrapoda, Amniota, Sauropsida, Sauria, Archelosauria, Archosauria, Dinosauria, Saurischia, Theropoda, Coelurosauria, Aves, Neognathae, Galloanserae, Galliformes, Megapodiidae, Alectura	GCA_013399715.1	full
UP000562415	Probosciger aterrimus (Palm cockatoo)	141839	13967	C:74.4%[S:73.9%,D:0.5%],F:7.7%,M:17.9%,n:8338	Unknown	Unassembled WGS sequence	cellular organisms, Eukaryota, Opisthokonta, Metazoa, Eumetazoa, Bilateria, Deuterostomia, Chordata, Craniata, Vertebrata, Gnathostomata, Teleostomi, Euteleostomi, Sarcopterygii, Dipnotetrapodomorpha, Tetrapoda, Amniota, Sauropsida, Sauria, Archelosauria, Archosauria, Dinosauria, Saurischia, Theropoda, Coelurosauria, Aves, Neognathae, Neoaves, Telluraves, Australaves, Psittaciformes, Cacatuidae, Probosciger	GCA_013397665.1	full
UP000563060	Fregetta grallaria (White-bellied storm-petrel) (Procellaria grallaria)	79628	13503	C:72.0%[S:71.6%,D:0.4%],F:6.9%,M:21.1%,n:8338	Unknown	Unassembled WGS sequence	cellular organisms, Eukaryota, Opisthokonta, Metazoa, Eumetazoa, Bilateria, Deuterostomia, Chordata, Craniata, Vertebrata, Gnathostomata, Teleostomi, Euteleostomi, Sarcopterygii, Dipnotetrapodomorpha, Tetrapoda, Amniota, Sauropsida, Sauria, Archelosauria, Archosauria, Dinosauria, Saurischia, Theropoda, Coelurosauria, Aves, Neognathae, Neoaves, Aequornithes, Procellariiformes, Hydrobatidae, Fregetta	GCA_013399335.1	full
UP000563107	Chaetops frenatus (Rufous rock-jumper)	221966	13217	C:67.9%[S:67.8%,D:0.2%],F:6.6%,M:25.5%,n:10844	Unknown	Unassembled WGS sequence	cellular organisms, Eukaryota, Opisthokonta, Metazoa, Eumetazoa, Bilateria, Deuterostomia, Chordata, Craniata, Vertebrata, Gnathostomata, Teleostomi, Euteleostomi, Sarcopterygii, Dipnotetrapodomorpha, Tetrapoda, Amniota, Sauropsida, Sauria, Archelosauria, Archosauria, Dinosauria, Saurischia, Theropoda, Coelurosauria, Aves, Neognathae, Neoaves, Telluraves, Australaves, Passeriformes, Picathartidae, Chaetops	GCA_013400775.1	full
UP000564407	Malurus elegans (Red-winged fairywren)	720584	14016	C:74.4%[S:74.2%,D:0.2%],F:5.6%,M:20.0%,n:10844	Unknown	Unassembled WGS sequence	cellular organisms, Eukaryota, Opisthokonta, Metazoa, Eumetazoa, Bilateria, Deuterostomia, Chordata, Craniata, Vertebrata, Gnathostomata, Teleostomi, Euteleostomi, Sarcopterygii, Dipnotetrapodomorpha, Tetrapoda, Amniota, Sauropsida, Sauria, Archelosauria, Archosauria, Dinosauria, Saurischia, Theropoda, Coelurosauria, Aves, Neognathae, Neoaves, Telluraves, Australaves, Passeriformes, Meliphagoidea, Maluridae, Malurus	GCA_013397995.1	full
UP000564466	Oxyruncus cristatus (sharpbill)	114331	14018	C:77.2%[S:77.0%,D:0.2%],F:4.9%,M:17.9%,n:10844	Close to standard (high value)	Unassembled WGS sequence	cellular organisms, Eukaryota, Opisthokonta, Metazoa, Eumetazoa, Bilateria, Deuterostomia, Chordata, Craniata, Vertebrata, Gnathostomata, Teleostomi, Euteleostomi, Sarcopterygii, Dipnotetrapodomorpha, Tetrapoda, Amniota, Sauropsida, Sauria, Archelosauria, Archosauria, Dinosauria, Saurischia, Theropoda, Coelurosauria, Aves, Neognathae, Neoaves, Telluraves, Australaves, Passeriformes, Cotingidae, Oxyruncus	GCA_013399855.1	full
UP000564784	Loxia curvirostra (Red crossbill)	64802	14544	C:77.4%[S:77.2%,D:0.2%],F:5.0%,M:17.6%,n:10844	Unknown	Unassembled WGS sequence	cellular organisms, Eukaryota, Opisthokonta, Metazoa, Eumetazoa, Bilateria, Deuterostomia, Chordata, Craniata, Vertebrata, Gnathostomata, Teleostomi, Euteleostomi, Sarcopterygii, Dipnotetrapodomorpha, Tetrapoda, Amniota, Sauropsida, Sauria, Archelosauria, Archosauria, Dinosauria, Saurischia, Theropoda, Coelurosauria, Aves, Neognathae, Neoaves, Telluraves, Australaves, Passeriformes, Passeroidea, Fringillidae, Carduelinae, Loxia	GCA_013398455.1	full
UP000564948	Rhagologus leucostigma	156170	14205	C:76.9%[S:76.7%,D:0.2%],F:4.9%,M:18.1%,n:10844	Unknown	Unassembled WGS sequence	cellular organisms, Eukaryota, Opisthokonta, Metazoa, Eumetazoa, Bilateria, Deuterostomia, Chordata, Craniata, Vertebrata, Gnathostomata, Teleostomi, Euteleostomi, Sarcopterygii, Dipnotetrapodomorpha, Tetrapoda, Amniota, Sauropsida, Sauria, Archelosauria, Archosauria, Dinosauria, Saurischia, Theropoda, Coelurosauria, Aves, Neognathae, Neoaves, Telluraves, Australaves, Passeriformes, Corvoidea, Pachycephalidae, Rhagologus	GCA_013397725.1	full
UP000565207	Pedionomus torquatus (Plains-wanderer)	227192	13302	C:76.6%[S:76.3%,D:0.3%],F:6.9%,M:16.5%,n:8338	Unknown	Unassembled WGS sequence	cellular organisms, Eukaryota, Opisthokonta, Metazoa, Eumetazoa, Bilateria, Deuterostomia, Chordata, Craniata, Vertebrata, Gnathostomata, Teleostomi, Euteleostomi, Sarcopterygii, Dipnotetrapodomorpha, Tetrapoda, Amniota, Sauropsida, Sauria, Archelosauria, Archosauria, Dinosauria, Saurischia, Theropoda, Coelurosauria, Aves, Neognathae, Neoaves, Charadriiformes, Pedionomidae, Pedionomus	GCA_013398155.1	full
UP000565698	Thinocorus orbignyianus	161742	14037	C:79.4%[S:79.0%,D:0.3%],F:6.1%,M:14.5%,n:8338	Unknown	Unassembled WGS sequence	cellular organisms, Eukaryota, Opisthokonta, Metazoa, Eumetazoa, Bilateria, Deuterostomia, Chordata, Craniata, Vertebrata, Gnathostomata, Teleostomi, Euteleostomi, Sarcopterygii, Dipnotetrapodomorpha, Tetrapoda, Amniota, Sauropsida, Sauria, Archelosauria, Archosauria, Dinosauria, Saurischia, Theropoda, Coelurosauria, Aves, Neognathae, Neoaves, Aequornithes, Ciconiiformes, Thinocoridae, Thinocorus	GCA_013400375.1	full
UP000565754	Oenanthe oenanthe (Northern wheatear)	279966	13538	C:72.3%[S:72.2%,D:0.2%],F:5.5%,M:22.2%,n:10844	Unknown	Unassembled WGS sequence	cellular organisms, Eukaryota, Opisthokonta, Metazoa, Eumetazoa, Bilateria, Deuterostomia, Chordata, Craniata, Vertebrata, Gnathostomata, Teleostomi, Euteleostomi, Sarcopterygii, Dipnotetrapodomorpha, Tetrapoda, Amniota, Sauropsida, Sauria, Archelosauria, Archosauria, Dinosauria, Saurischia, Theropoda, Coelurosauria, Aves, Neognathae, Neoaves, Telluraves, Australaves, Passeriformes, Muscicapidae, Oenanthe	GCA_013399995.1	full
UP000565785	Rhinopomastus cyanomelas (Common scimitarbill)	113115	14764	C:79.2%[S:78.9%,D:0.4%],F:6.2%,M:14.6%,n:8338	Unknown	Unassembled WGS sequence	cellular organisms, Eukaryota, Opisthokonta, Metazoa, Eumetazoa, Bilateria, Deuterostomia, Chordata, Craniata, Vertebrata, Gnathostomata, Teleostomi, Euteleostomi, Sarcopterygii, Dipnotetrapodomorpha, Tetrapoda, Amniota, Sauropsida, Sauria, Archelosauria, Archosauria, Dinosauria, Saurischia, Theropoda, Coelurosauria, Aves, Neognathae, Neoaves, Telluraves, Coraciimorphae, Bucerotiformes, Rhinopomastidae, Rhinopomastus	GCA_013400115.1	full
UP000566314	Buphagus erythrorhynchus (red-billed oxpecker)	245048	11060	C:43.1%[S:42.8%,D:0.2%],F:8.9%,M:48.0%,n:10844	Unknown	Unassembled WGS sequence	cellular organisms, Eukaryota, Opisthokonta, Metazoa, Eumetazoa, Bilateria, Deuterostomia, Chordata, Craniata, Vertebrata, Gnathostomata, Teleostomi, Euteleostomi, Sarcopterygii, Dipnotetrapodomorpha, Tetrapoda, Amniota, Sauropsida, Sauria, Archelosauria, Archosauria, Dinosauria, Saurischia, Theropoda, Coelurosauria, Aves, Neognathae, Neoaves, Telluraves, Australaves, Passeriformes, Sturnidae, Buphagus	GCA_013400855.1	full
UP000566440	Galbula dea	1109041	14637	C:80.6%[S:80.2%,D:0.3%],F:5.8%,M:13.7%,n:8338	Unknown	Unassembled WGS sequence	cellular organisms, Eukaryota, Opisthokonta, Metazoa, Eumetazoa, Bilateria, Deuterostomia, Chordata, Craniata, Vertebrata, Gnathostomata, Teleostomi, Euteleostomi, Sarcopterygii, Dipnotetrapodomorpha, Tetrapoda, Amniota, Sauropsida, Sauria, Archelosauria, Archosauria, Dinosauria, Saurischia, Theropoda, Coelurosauria, Aves, Neognathae, Neoaves, Telluraves, Coraciimorphae, Piciformes, Galbulidae, Galbula	GCA_013399015.1	full
UP000566454	Prunella himalayana	670356	13876	C:75.0%[S:74.8%,D:0.2%],F:5.4%,M:19.7%,n:10844	Unknown	Unassembled WGS sequence	cellular organisms, Eukaryota, Opisthokonta, Metazoa, Eumetazoa, Bilateria, Deuterostomia, Chordata, Craniata, Vertebrata, Gnathostomata, Teleostomi, Euteleostomi, Sarcopterygii, Dipnotetrapodomorpha, Tetrapoda, Amniota, Sauropsida, Sauria, Archelosauria, Archosauria, Dinosauria, Saurischia, Theropoda, Coelurosauria, Aves, Neognathae, Neoaves, Telluraves, Australaves, Passeriformes, Passeroidea, Prunellidae, Prunella	GCA_013398875.1	full
UP000567570	Aramus guarauna (Limpkin) (Scolopax guarauna)	54356	14274	C:80.1%[S:79.7%,D:0.4%],F:5.9%,M:14.0%,n:8338	Unknown	Unassembled WGS sequence	cellular organisms, Eukaryota, Opisthokonta, Metazoa, Eumetazoa, Bilateria, Deuterostomia, Chordata, Craniata, Vertebrata, Gnathostomata, Teleostomi, Euteleostomi, Sarcopterygii, Dipnotetrapodomorpha, Tetrapoda, Amniota, Sauropsida, Sauria, Archelosauria, Archosauria, Dinosauria, Saurischia, Theropoda, Coelurosauria, Aves, Neognathae, Neoaves, Gruiformes, Aramidae, Aramus	GCA_013400195.1	full
UP000567624	Smithornis capensis	363769	13835	C:74.9%[S:74.7%,D:0.2%],F:4.9%,M:20.2%,n:10844	Unknown	Unassembled WGS sequence	cellular organisms, Eukaryota, Opisthokonta, Metazoa, Eumetazoa, Bilateria, Deuterostomia, Chordata, Craniata, Vertebrata, Gnathostomata, Teleostomi, Euteleostomi, Sarcopterygii, Dipnotetrapodomorpha, Tetrapoda, Amniota, Sauropsida, Sauria, Archelosauria, Archosauria, Dinosauria, Saurischia, Theropoda, Coelurosauria, Aves, Neognathae, Neoaves, Telluraves, Australaves, Passeriformes, Eurylaimidae, Smithornis	GCA_013396465.1	full
UP000567822	Sylvietta virens (Green crombec)	208069	13764	C:74.3%[S:74.1%,D:0.2%],F:5.4%,M:20.4%,n:10844	Unknown	Unassembled WGS sequence	cellular organisms, Eukaryota, Opisthokonta, Metazoa, Eumetazoa, Bilateria, Deuterostomia, Chordata, Craniata, Vertebrata, Gnathostomata, Teleostomi, Euteleostomi, Sarcopterygii, Dipnotetrapodomorpha, Tetrapoda, Amniota, Sauropsida, Sauria, Archelosauria, Archosauria, Dinosauria, Saurischia, Theropoda, Coelurosauria, Aves, Neognathae, Neoaves, Telluraves, Australaves, Passeriformes, Sylvioidea, Sylviidae, Acrocephalinae, Sylvietta	GCA_013399515.1	full
UP000567826	Nyctibius grandis (Great potoo)	48427	14050	C:77.6%[S:77.2%,D:0.4%],F:7.0%,M:15.4%,n:8338	Unknown	Unassembled WGS sequence	cellular organisms, Eukaryota, Opisthokonta, Metazoa, Eumetazoa, Bilateria, Deuterostomia, Chordata, Craniata, Vertebrata, Gnathostomata, Teleostomi, Euteleostomi, Sarcopterygii, Dipnotetrapodomorpha, Tetrapoda, Amniota, Sauropsida, Sauria, Archelosauria, Archosauria, Dinosauria, Saurischia, Theropoda, Coelurosauria, Aves, Neognathae, Neoaves, Strisores, Caprimulgiformes, Nyctibiidae, Nyctibius	GCA_013399155.1	full
UP000567872	Anseranas semipalmata (Magpie goose) (Anas semipalmata)	8851	14206	C:81.1%[S:80.8%,D:0.3%],F:5.4%,M:13.4%,n:8338	Unknown	Unassembled WGS sequence	cellular organisms, Eukaryota, Opisthokonta, Metazoa, Eumetazoa, Bilateria, Deuterostomia, Chordata, Craniata, Vertebrata, Gnathostomata, Teleostomi, Euteleostomi, Sarcopterygii, Dipnotetrapodomorpha, Tetrapoda, Amniota, Sauropsida, Sauria, Archelosauria, Archosauria, Dinosauria, Saurischia, Theropoda, Coelurosauria, Aves, Neognathae, Galloanserae, Anseriformes, Anseranatidae, Anseranas	GCA_013399115.1	full
UP000568556	Chordeiles acutipennis (Lesser nighthawk) (Caprimulgus acutipennis)	118183	14023	C:79.0%[S:78.7%,D:0.3%],F:6.2%,M:14.8%,n:8338	Unknown	Unassembled WGS sequence	cellular organisms, Eukaryota, Opisthokonta, Metazoa, Eumetazoa, Bilateria, Deuterostomia, Chordata, Craniata, Vertebrata, Gnathostomata, Teleostomi, Euteleostomi, Sarcopterygii, Dipnotetrapodomorpha, Tetrapoda, Amniota, Sauropsida, Sauria, Archelosauria, Archosauria, Dinosauria, Saurischia, Theropoda, Coelurosauria, Aves, Neognathae, Neoaves, Strisores, Caprimulgiformes, Caprimulgidae, Chordeilinae, Chordeiles	GCA_013399635.1	full
UP000569728	Oceanites oceanicus (Wilson's storm petrel) (Procellaria oceanica)	79653	14204	C:78.0%[S:77.7%,D:0.3%],F:6.3%,M:15.7%,n:8338	Unknown	Unassembled WGS sequence	cellular organisms, Eukaryota, Opisthokonta, Metazoa, Eumetazoa, Bilateria, Deuterostomia, Chordata, Craniata, Vertebrata, Gnathostomata, Teleostomi, Euteleostomi, Sarcopterygii, Dipnotetrapodomorpha, Tetrapoda, Amniota, Sauropsida, Sauria, Archelosauria, Archosauria, Dinosauria, Saurischia, Theropoda, Coelurosauria, Aves, Neognathae, Neoaves, Aequornithes, Procellariiformes, Hydrobatidae, Oceanites	GCA_013396615.1	full
UP000570016	Rhynochetos jubatus (kagu)	54386	13676	C:80.1%[S:79.8%,D:0.3%],F:5.9%,M:14.1%,n:8338	Unknown	Unassembled WGS sequence	cellular organisms, Eukaryota, Opisthokonta, Metazoa, Eumetazoa, Bilateria, Deuterostomia, Chordata, Craniata, Vertebrata, Gnathostomata, Teleostomi, Euteleostomi, Sarcopterygii, Dipnotetrapodomorpha, Tetrapoda, Amniota, Sauropsida, Sauria, Archelosauria, Archosauria, Dinosauria, Saurischia, Theropoda, Coelurosauria, Aves, Neognathae, Neoaves, Phaethontimorphae, Eurypygiformes, Rhynochetidae, Rhynochetos	GCA_013398095.1	full
UP000570288	Oxylabes madagascariensis (white-throated Oxylabes)	98144	8969	C:30.4%[S:30.3%,D:0.1%],F:8.2%,M:61.4%,n:10844	Unknown	Unassembled WGS sequence	cellular organisms, Eukaryota, Opisthokonta, Metazoa, Eumetazoa, Bilateria, Deuterostomia, Chordata, Craniata, Vertebrata, Gnathostomata, Teleostomi, Euteleostomi, Sarcopterygii, Dipnotetrapodomorpha, Tetrapoda, Amniota, Sauropsida, Sauria, Archelosauria, Archosauria, Dinosauria, Saurischia, Theropoda, Coelurosauria, Aves, Neognathae, Neoaves, Telluraves, Australaves, Passeriformes, Sylvioidea, Timaliidae, Oxylabes	GCA_013400675.1	full
UP000570547	Pachycephala philippinensis (yellow-belllied whistler)	449367	13318	C:71.7%[S:71.5%,D:0.2%],F:5.6%,M:22.7%,n:10844	Unknown	Unassembled WGS sequence	cellular organisms, Eukaryota, Opisthokonta, Metazoa, Eumetazoa, Bilateria, Deuterostomia, Chordata, Craniata, Vertebrata, Gnathostomata, Teleostomi, Euteleostomi, Sarcopterygii, Dipnotetrapodomorpha, Tetrapoda, Amniota, Sauropsida, Sauria, Archelosauria, Archosauria, Dinosauria, Saurischia, Theropoda, Coelurosauria, Aves, Neognathae, Neoaves, Telluraves, Australaves, Passeriformes, Corvoidea, Pachycephalidae, Pachycephala	GCA_013397055.1	full
UP000570592	Pardalotus punctatus (spotted pardalote)	254575	13660	C:72.7%[S:72.5%,D:0.2%],F:5.8%,M:21.5%,n:10844	Unknown	Unassembled WGS sequence	cellular organisms, Eukaryota, Opisthokonta, Metazoa, Eumetazoa, Bilateria, Deuterostomia, Chordata, Craniata, Vertebrata, Gnathostomata, Teleostomi, Euteleostomi, Sarcopterygii, Dipnotetrapodomorpha, Tetrapoda, Amniota, Sauropsida, Sauria, Archelosauria, Archosauria, Dinosauria, Saurischia, Theropoda, Coelurosauria, Aves, Neognathae, Neoaves, Telluraves, Australaves, Passeriformes, Meliphagoidea, Pardalotidae, Pardalotus	GCA_013400915.1	full
UP000571324	Origma solitaria	720586	14437	C:76.1%[S:75.9%,D:0.2%],F:5.2%,M:18.8%,n:10844	Unknown	Unassembled WGS sequence	cellular organisms, Eukaryota, Opisthokonta, Metazoa, Eumetazoa, Bilateria, Deuterostomia, Chordata, Craniata, Vertebrata, Gnathostomata, Teleostomi, Euteleostomi, Sarcopterygii, Dipnotetrapodomorpha, Tetrapoda, Amniota, Sauropsida, Sauria, Archelosauria, Archosauria, Dinosauria, Saurischia, Theropoda, Coelurosauria, Aves, Neognathae, Neoaves, Telluraves, Australaves, Passeriformes, Meliphagoidea, Acanthizidae, Origma	GCA_013397895.1	full
UP000571567	Himantopus himantopus (Black-winged stilt) (Charadrius himantopus)	225398	14268	C:79.4%[S:79.0%,D:0.4%],F:6.2%,M:14.4%,n:8338	Unknown	Unassembled WGS sequence	cellular organisms, Eukaryota, Opisthokonta, Metazoa, Eumetazoa, Bilateria, Deuterostomia, Chordata, Craniata, Vertebrata, Gnathostomata, Teleostomi, Euteleostomi, Sarcopterygii, Dipnotetrapodomorpha, Tetrapoda, Amniota, Sauropsida, Sauria, Archelosauria, Archosauria, Dinosauria, Saurischia, Theropoda, Coelurosauria, Aves, Neognathae, Neoaves, Charadriiformes, Recurvirostridae, Himantopus	GCA_013400095.1	full
UP000571582	Alaudala cheleensis (Asian short-toed lark)	670337	14234	C:72.3%[S:71.8%,D:0.5%],F:6.1%,M:21.7%,n:10844	Unknown	Unassembled WGS sequence	cellular organisms, Eukaryota, Opisthokonta, Metazoa, Eumetazoa, Bilateria, Deuterostomia, Chordata, Craniata, Vertebrata, Gnathostomata, Teleostomi, Euteleostomi, Sarcopterygii, Dipnotetrapodomorpha, Tetrapoda, Amniota, Sauropsida, Sauria, Archelosauria, Archosauria, Dinosauria, Saurischia, Theropoda, Coelurosauria, Aves, Neognathae, Neoaves, Telluraves, Australaves, Passeriformes, Sylvioidea, Alaudidae, Alaudala	GCA_013398995.1	full
UP000572057	Helopsaltes ochotensis (Middendorff's grasshopper-warbler)	3150915	13910	C:75.4%[S:75.2%,D:0.2%],F:5.0%,M:19.6%,n:10844	Unknown	Unassembled WGS sequence	cellular organisms, Eukaryota, Opisthokonta, Metazoa, Eumetazoa, Bilateria, Deuterostomia, Chordata, Craniata, Vertebrata, Gnathostomata, Teleostomi, Euteleostomi, Sarcopterygii, Dipnotetrapodomorpha, Tetrapoda, Amniota, Sauropsida, Sauria, Archelosauria, Archosauria, Dinosauria, Saurischia, Theropoda, Coelurosauria, Aves, Neognathae, Neoaves, Telluraves, Australaves, Passeriformes, Sylvioidea, Locustellidae, Helopsaltes	GCA_013400155.1	full
UP000572325	Sterrhoptilus dennistouni	2585820	13232	C:71.4%[S:71.2%,D:0.2%],F:5.2%,M:23.4%,n:10844	Unknown	Unassembled WGS sequence	cellular organisms, Eukaryota, Opisthokonta, Metazoa, Eumetazoa, Bilateria, Deuterostomia, Chordata, Craniata, Vertebrata, Gnathostomata, Teleostomi, Euteleostomi, Sarcopterygii, Dipnotetrapodomorpha, Tetrapoda, Amniota, Sauropsida, Sauria, Archelosauria, Archosauria, Dinosauria, Saurischia, Theropoda, Coelurosauria, Aves, Neognathae, Neoaves, Telluraves, Australaves, Passeriformes, Sylvioidea, Zosteropidae, Sterrhoptilus	GCA_013397095.1	full
UP000572837	Pomatorhinus ruficollis (streak-breasted scimitar babbler)	932028	12947	C:68.9%[S:68.7%,D:0.2%],F:5.6%,M:25.5%,n:10844	Unknown	Unassembled WGS sequence	cellular organisms, Eukaryota, Opisthokonta, Metazoa, Eumetazoa, Bilateria, Deuterostomia, Chordata, Craniata, Vertebrata, Gnathostomata, Teleostomi, Euteleostomi, Sarcopterygii, Dipnotetrapodomorpha, Tetrapoda, Amniota, Sauropsida, Sauria, Archelosauria, Archosauria, Dinosauria, Saurischia, Theropoda, Coelurosauria, Aves, Neognathae, Neoaves, Telluraves, Australaves, Passeriformes, Sylvioidea, Timaliidae, Pomatorhinus	GCA_013401195.1	full
UP000573697	Polioptila caerulea (Blue-grey gnatcatcher)	66707	13534	C:74.7%[S:74.5%,D:0.2%],F:5.3%,M:20.0%,n:10844	Unknown	Unassembled WGS sequence	cellular organisms, Eukaryota, Opisthokonta, Metazoa, Eumetazoa, Bilateria, Deuterostomia, Chordata, Craniata, Vertebrata, Gnathostomata, Teleostomi, Euteleostomi, Sarcopterygii, Dipnotetrapodomorpha, Tetrapoda, Amniota, Sauropsida, Sauria, Archelosauria, Archosauria, Dinosauria, Saurischia, Theropoda, Coelurosauria, Aves, Neognathae, Neoaves, Telluraves, Australaves, Passeriformes, Certhiidae, Polioptilinae, Polioptila	GCA_013397295.1	full
UP000573793	Loxia leucoptera (White-winged crossbill)	96539	13967	C:75.2%[S:74.9%,D:0.2%],F:5.2%,M:19.6%,n:10844	Unknown	Unassembled WGS sequence	cellular organisms, Eukaryota, Opisthokonta, Metazoa, Eumetazoa, Bilateria, Deuterostomia, Chordata, Craniata, Vertebrata, Gnathostomata, Teleostomi, Euteleostomi, Sarcopterygii, Dipnotetrapodomorpha, Tetrapoda, Amniota, Sauropsida, Sauria, Archelosauria, Archosauria, Dinosauria, Saurischia, Theropoda, Coelurosauria, Aves, Neognathae, Neoaves, Telluraves, Australaves, Passeriformes, Passeroidea, Fringillidae, Carduelinae, Loxia	GCA_013396895.1	full
UP000573818	Sylvia atricapilla (blackcap)	48155	13252	C:74.9%[S:74.7%,D:0.2%],F:5.1%,M:19.9%,n:10844	Unknown	Unassembled WGS sequence	cellular organisms, Eukaryota, Opisthokonta, Metazoa, Eumetazoa, Bilateria, Deuterostomia, Chordata, Craniata, Vertebrata, Gnathostomata, Teleostomi, Euteleostomi, Sarcopterygii, Dipnotetrapodomorpha, Tetrapoda, Amniota, Sauropsida, Sauria, Archelosauria, Archosauria, Dinosauria, Saurischia, Theropoda, Coelurosauria, Aves, Neognathae, Neoaves, Telluraves, Australaves, Passeriformes, Sylvioidea, Sylviidae, Sylviinae, Sylvia	GCA_013398435.1	full
UP000574191	Hypocryptadius cinnamomeus	589841	12372	C:55.0%[S:54.8%,D:0.2%],F:7.5%,M:37.5%,n:10844	Unknown	Unassembled WGS sequence	cellular organisms, Eukaryota, Opisthokonta, Metazoa, Eumetazoa, Bilateria, Deuterostomia, Chordata, Craniata, Vertebrata, Gnathostomata, Teleostomi, Euteleostomi, Sarcopterygii, Dipnotetrapodomorpha, Tetrapoda, Amniota, Sauropsida, Sauria, Archelosauria, Archosauria, Dinosauria, Saurischia, Theropoda, Coelurosauria, Aves, Neognathae, Neoaves, Telluraves, Australaves, Passeriformes, Sylvioidea, Zosteropidae, Hypocryptadius	GCA_013400635.1	full
UP000574210	Rhodinocichla rosea	58203	14100	C:74.6%[S:74.4%,D:0.2%],F:5.2%,M:20.2%,n:10844	Unknown	Unassembled WGS sequence	cellular organisms, Eukaryota, Opisthokonta, Metazoa, Eumetazoa, Bilateria, Deuterostomia, Chordata, Craniata, Vertebrata, Gnathostomata, Teleostomi, Euteleostomi, Sarcopterygii, Dipnotetrapodomorpha, Tetrapoda, Amniota, Sauropsida, Sauria, Archelosauria, Archosauria, Dinosauria, Saurischia, Theropoda, Coelurosauria, Aves, Neognathae, Neoaves, Telluraves, Australaves, Passeriformes, Thraupidae, Rhodinocichla	GCA_013396575.1	full
UP000574277	Mesembrinibis cayennensis	1118748	13857	C:76.5%[S:76.2%,D:0.3%],F:6.5%,M:17.0%,n:8338	Unknown	Unassembled WGS sequence	cellular organisms, Eukaryota, Opisthokonta, Metazoa, Eumetazoa, Bilateria, Deuterostomia, Chordata, Craniata, Vertebrata, Gnathostomata, Teleostomi, Euteleostomi, Sarcopterygii, Dipnotetrapodomorpha, Tetrapoda, Amniota, Sauropsida, Sauria, Archelosauria, Archosauria, Dinosauria, Saurischia, Theropoda, Coelurosauria, Aves, Neognathae, Neoaves, Aequornithes, Pelecaniformes, Threskiornithidae, Mesembrinibis	GCA_013399675.1	full
UP000574528	Psilopogon haemacephalus (coppersmith barbet)	2585815	13526	C:74.6%[S:74.3%,D:0.3%],F:6.6%,M:18.9%,n:8338	Unknown	Unassembled WGS sequence	cellular organisms, Eukaryota, Opisthokonta, Metazoa, Eumetazoa, Bilateria, Deuterostomia, Chordata, Craniata, Vertebrata, Gnathostomata, Teleostomi, Euteleostomi, Sarcopterygii, Dipnotetrapodomorpha, Tetrapoda, Amniota, Sauropsida, Sauria, Archelosauria, Archosauria, Dinosauria, Saurischia, Theropoda, Coelurosauria, Aves, Neognathae, Neoaves, Telluraves, Coraciimorphae, Piciformes, Megalaimidae, Psilopogon	GCA_013396835.1	full
UP000574691	Burhinus bistriatus	240201	13960	C:76.8%[S:76.5%,D:0.3%],F:6.4%,M:16.8%,n:8338	Unknown	Unassembled WGS sequence	cellular organisms, Eukaryota, Opisthokonta, Metazoa, Eumetazoa, Bilateria, Deuterostomia, Chordata, Craniata, Vertebrata, Gnathostomata, Teleostomi, Euteleostomi, Sarcopterygii, Dipnotetrapodomorpha, Tetrapoda, Amniota, Sauropsida, Sauria, Archelosauria, Archosauria, Dinosauria, Saurischia, Theropoda, Coelurosauria, Aves, Neognathae, Neoaves, Charadriiformes, Burhinidae, Burhinus	GCA_013397275.1	full
UP000574967	Machaerirhynchus nigripectus	1160894	13938	C:76.2%[S:76.0%,D:0.2%],F:5.1%,M:18.7%,n:10844	Unknown	Unassembled WGS sequence	cellular organisms, Eukaryota, Opisthokonta, Metazoa, Eumetazoa, Bilateria, Deuterostomia, Chordata, Craniata, Vertebrata, Gnathostomata, Teleostomi, Euteleostomi, Sarcopterygii, Dipnotetrapodomorpha, Tetrapoda, Amniota, Sauropsida, Sauria, Archelosauria, Archosauria, Dinosauria, Saurischia, Theropoda, Coelurosauria, Aves, Neognathae, Neoaves, Telluraves, Australaves, Passeriformes, Corvoidea, Dicruridae, Machaerirhynchus	GCA_013397975.1	full
UP000575029	Grantiella picta	266360	14054	C:75.8%[S:75.6%,D:0.2%],F:5.0%,M:19.2%,n:10844	Unknown	Unassembled WGS sequence	cellular organisms, Eukaryota, Opisthokonta, Metazoa, Eumetazoa, Bilateria, Deuterostomia, Chordata, Craniata, Vertebrata, Gnathostomata, Teleostomi, Euteleostomi, Sarcopterygii, Dipnotetrapodomorpha, Tetrapoda, Amniota, Sauropsida, Sauria, Archelosauria, Archosauria, Dinosauria, Saurischia, Theropoda, Coelurosauria, Aves, Neognathae, Neoaves, Telluraves, Australaves, Passeriformes, Meliphagoidea, Meliphagidae, Grantiella	GCA_013397955.1	full
UP000575874	Aphelocoma coerulescens (Florida scrub-jay) (Corvus coerulescens)	39617	14551	C:77.9%[S:77.6%,D:0.3%],F:5.1%,M:17.0%,n:10844	Unknown	Unassembled WGS sequence	cellular organisms, Eukaryota, Opisthokonta, Metazoa, Eumetazoa, Bilateria, Deuterostomia, Chordata, Craniata, Vertebrata, Gnathostomata, Teleostomi, Euteleostomi, Sarcopterygii, Dipnotetrapodomorpha, Tetrapoda, Amniota, Sauropsida, Sauria, Archelosauria, Archosauria, Dinosauria, Saurischia, Theropoda, Coelurosauria, Aves, Neognathae, Neoaves, Telluraves, Australaves, Passeriformes, Corvoidea, Corvidae, Aphelocoma	GCA_013398375.1	full
UP000576729	Callaeas wilsoni (North Island kokako)	1347786	14554	C:74.0%[S:73.8%,D:0.2%],F:6.8%,M:19.2%,n:10844	Unknown	Unassembled WGS sequence	cellular organisms, Eukaryota, Opisthokonta, Metazoa, Eumetazoa, Bilateria, Deuterostomia, Chordata, Craniata, Vertebrata, Gnathostomata, Teleostomi, Euteleostomi, Sarcopterygii, Dipnotetrapodomorpha, Tetrapoda, Amniota, Sauropsida, Sauria, Archelosauria, Archosauria, Dinosauria, Saurischia, Theropoda, Coelurosauria, Aves, Neognathae, Neoaves, Telluraves, Australaves, Passeriformes, Corvoidea, Callaeidae, Callaeas	GCA_013398955.1	full
UP000578259	Pheucticus melanocephalus (Black-headed grosbeak) (Guiraca melanocephala)	371919	12775	C:62.9%[S:62.8%,D:0.1%],F:6.6%,M:30.4%,n:10844	Unknown	Unassembled WGS sequence	cellular organisms, Eukaryota, Opisthokonta, Metazoa, Eumetazoa, Bilateria, Deuterostomia, Chordata, Craniata, Vertebrata, Gnathostomata, Teleostomi, Euteleostomi, Sarcopterygii, Dipnotetrapodomorpha, Tetrapoda, Amniota, Sauropsida, Sauria, Archelosauria, Archosauria, Dinosauria, Saurischia, Theropoda, Coelurosauria, Aves, Neognathae, Neoaves, Telluraves, Australaves, Passeriformes, Cardinalidae, Pheucticus	GCA_013398405.1	full
UP000578343	Baryphthengus martii (Rufous motmot)	176943	13377	C:74.5%[S:74.1%,D:0.3%],F:7.1%,M:18.4%,n:8338	Unknown	Unassembled WGS sequence	cellular organisms, Eukaryota, Opisthokonta, Metazoa, Eumetazoa, Bilateria, Deuterostomia, Chordata, Craniata, Vertebrata, Gnathostomata, Teleostomi, Euteleostomi, Sarcopterygii, Dipnotetrapodomorpha, Tetrapoda, Amniota, Sauropsida, Sauria, Archelosauria, Archosauria, Dinosauria, Saurischia, Theropoda, Coelurosauria, Aves, Neognathae, Neoaves, Telluraves, Coraciimorphae, Coraciiformes, Momotidae, Baryphthengus	GCA_013396935.1	full
UP000578766	Cepphus grylle (Black guillemot) (Alca grylle)	28697	14757	C:81.4%[S:80.9%,D:0.5%],F:5.7%,M:12.9%,n:8338	Unknown	Unassembled WGS sequence	cellular organisms, Eukaryota, Opisthokonta, Metazoa, Eumetazoa, Bilateria, Deuterostomia, Chordata, Craniata, Vertebrata, Gnathostomata, Teleostomi, Euteleostomi, Sarcopterygii, Dipnotetrapodomorpha, Tetrapoda, Amniota, Sauropsida, Sauria, Archelosauria, Archosauria, Dinosauria, Saurischia, Theropoda, Coelurosauria, Aves, Neognathae, Neoaves, Charadriiformes, Alcidae, Cepphus	GCA_013401065.1	full
UP000579406	Chloroceryle aenea (American pygmy kingfisher)	176938	12192	C:73.8%[S:73.5%,D:0.3%],F:6.9%,M:19.3%,n:8338	Unknown	Unassembled WGS sequence	cellular organisms, Eukaryota, Opisthokonta, Metazoa, Eumetazoa, Bilateria, Deuterostomia, Chordata, Craniata, Vertebrata, Gnathostomata, Teleostomi, Euteleostomi, Sarcopterygii, Dipnotetrapodomorpha, Tetrapoda, Amniota, Sauropsida, Sauria, Archelosauria, Archosauria, Dinosauria, Saurischia, Theropoda, Coelurosauria, Aves, Neognathae, Neoaves, Telluraves, Coraciimorphae, Coraciiformes, Cerylidae, Chloroceryle	GCA_013399075.1	full
UP000579558	Notiomystis cincta	366454	13629	C:70.6%[S:70.4%,D:0.2%],F:6.9%,M:22.5%,n:10844	Unknown	Unassembled WGS sequence	cellular organisms, Eukaryota, Opisthokonta, Metazoa, Eumetazoa, Bilateria, Deuterostomia, Chordata, Craniata, Vertebrata, Gnathostomata, Teleostomi, Euteleostomi, Sarcopterygii, Dipnotetrapodomorpha, Tetrapoda, Amniota, Sauropsida, Sauria, Archelosauria, Archosauria, Dinosauria, Saurischia, Theropoda, Coelurosauria, Aves, Neognathae, Neoaves, Telluraves, Australaves, Passeriformes, Notiomystidae, Notiomystis	GCA_013398075.1	full
UP000579685	Phainopepla nitens (Phainopepla)	161653	13527	C:73.3%[S:73.1%,D:0.2%],F:5.9%,M:20.8%,n:10844	Unknown	Unassembled WGS sequence	cellular organisms, Eukaryota, Opisthokonta, Metazoa, Eumetazoa, Bilateria, Deuterostomia, Chordata, Craniata, Vertebrata, Gnathostomata, Teleostomi, Euteleostomi, Sarcopterygii, Dipnotetrapodomorpha, Tetrapoda, Amniota, Sauropsida, Sauria, Archelosauria, Archosauria, Dinosauria, Saurischia, Theropoda, Coelurosauria, Aves, Neognathae, Neoaves, Telluraves, Australaves, Passeriformes, Bombycillidae, Phainopepla	GCA_013400175.1	full
UP000579812	Onychostoma macrolepis	369639	24720	C:92.1%[S:90.6%,D:1.5%],F:0.9%,M:7.0%,n:3640	Unknown	Chromosome 01; Chromosome 02; Chromosome 03; Chromosome 04; Chromosome 05; Chromosome 06; Chromosome 07; Chromosome 08; Chromosome 09; Chromosome 10; Chromosome 11; Chromosome 12; Chromosome 13; Chromosome 14; Chromosome 15; Chromosome 16; Chromosome 17; Chromosome 18; Chromosome 19; Chromosome 20; Chromosome 21; Chromosome 22; Chromosome 23; Chromosome 24; Chromosome 25; Unassembled WGS sequence	cellular organisms, Eukaryota, Opisthokonta, Metazoa, Eumetazoa, Bilateria, Deuterostomia, Chordata, Craniata, Vertebrata, Gnathostomata, Teleostomi, Euteleostomi, Actinopterygii, Actinopteri, Neopterygii, Teleostei, Osteoglossocephalai, Clupeocephala, Otomorpha, Ostariophysi, Otophysi, Cypriniphysae, Cypriniformes, Cyprinoidei, Cyprinidae, Acrossocheilinae, Onychostoma	GCA_012432095.1	full
UP000579904	Oreotrochilus melanogaster	689266	12132	C:71.5%[S:71.2%,D:0.2%],F:7.7%,M:20.8%,n:8338	Unknown	Unassembled WGS sequence	cellular organisms, Eukaryota, Opisthokonta, Metazoa, Eumetazoa, Bilateria, Deuterostomia, Chordata, Craniata, Vertebrata, Gnathostomata, Teleostomi, Euteleostomi, Sarcopterygii, Dipnotetrapodomorpha, Tetrapoda, Amniota, Sauropsida, Sauria, Archelosauria, Archosauria, Dinosauria, Saurischia, Theropoda, Coelurosauria, Aves, Neognathae, Neoaves, Strisores, Apodiformes, Trochilidae, Oreotrochilus	GCA_013400995.1	full
UP000579941	Gymnorhina tibicen (Australian magpie) (Cracticus tibicen)	9132	14291	C:76.6%[S:76.4%,D:0.3%],F:5.1%,M:18.3%,n:10844	Unknown	Unassembled WGS sequence	cellular organisms, Eukaryota, Opisthokonta, Metazoa, Eumetazoa, Bilateria, Deuterostomia, Chordata, Craniata, Vertebrata, Gnathostomata, Teleostomi, Euteleostomi, Sarcopterygii, Dipnotetrapodomorpha, Tetrapoda, Amniota, Sauropsida, Sauria, Archelosauria, Archosauria, Dinosauria, Saurischia, Theropoda, Coelurosauria, Aves, Neognathae, Neoaves, Telluraves, Australaves, Passeriformes, Artamidae, Gymnorhina	GCA_013399875.1	full
UP000580171	Pandion haliaetus (Osprey) (Falco haliaetus)	56262	12585	C:60.8%[S:60.7%,D:0.1%],F:9.2%,M:29.9%,n:8338	Unknown	Unassembled WGS sequence	cellular organisms, Eukaryota, Opisthokonta, Metazoa, Eumetazoa, Bilateria, Deuterostomia, Chordata, Craniata, Vertebrata, Gnathostomata, Teleostomi, Euteleostomi, Sarcopterygii, Dipnotetrapodomorpha, Tetrapoda, Amniota, Sauropsida, Sauria, Archelosauria, Archosauria, Dinosauria, Saurischia, Theropoda, Coelurosauria, Aves, Neognathae, Neoaves, Telluraves, Accipitrimorphae, Accipitriformes, Pandionidae, Pandion	GCA_013401275.1	full
UP000580681	Emberiza fucata	337179	13193	C:70.0%[S:69.8%,D:0.2%],F:5.9%,M:24.1%,n:10844	Unknown	Unassembled WGS sequence	cellular organisms, Eukaryota, Opisthokonta, Metazoa, Eumetazoa, Bilateria, Deuterostomia, Chordata, Craniata, Vertebrata, Gnathostomata, Teleostomi, Euteleostomi, Sarcopterygii, Dipnotetrapodomorpha, Tetrapoda, Amniota, Sauropsida, Sauria, Archelosauria, Archosauria, Dinosauria, Saurischia, Theropoda, Coelurosauria, Aves, Neognathae, Neoaves, Telluraves, Australaves, Passeriformes, Passeroidea, Fringillidae, Emberizinae, Emberizini, Emberiza	GCA_013398835.1	full
UP000580691	Sinosuthora webbiana	337173	14232	C:75.9%[S:75.6%,D:0.3%],F:5.1%,M:19.0%,n:10844	Unknown	Unassembled WGS sequence	cellular organisms, Eukaryota, Opisthokonta, Metazoa, Eumetazoa, Bilateria, Deuterostomia, Chordata, Craniata, Vertebrata, Gnathostomata, Teleostomi, Euteleostomi, Sarcopterygii, Dipnotetrapodomorpha, Tetrapoda, Amniota, Sauropsida, Sauria, Archelosauria, Archosauria, Dinosauria, Saurischia, Theropoda, Coelurosauria, Aves, Neognathae, Neoaves, Telluraves, Australaves, Passeriformes, Sylvioidea, Sylviidae, Sinosuthora	GCA_013397395.1	full
UP000580825	Scytalopus superciliaris	312124	13826	C:75.2%[S:74.9%,D:0.3%],F:5.3%,M:19.6%,n:10844	Unknown	Unassembled WGS sequence	cellular organisms, Eukaryota, Opisthokonta, Metazoa, Eumetazoa, Bilateria, Deuterostomia, Chordata, Craniata, Vertebrata, Gnathostomata, Teleostomi, Euteleostomi, Sarcopterygii, Dipnotetrapodomorpha, Tetrapoda, Amniota, Sauropsida, Sauria, Archelosauria, Archosauria, Dinosauria, Saurischia, Theropoda, Coelurosauria, Aves, Neognathae, Neoaves, Telluraves, Australaves, Passeriformes, Rhinocryptidae, Scytalopus	GCA_013400415.1	full
UP000580879	Climacteris rufus (rufous treecreeper)	47695	14074	C:75.3%[S:75.1%,D:0.2%],F:5.5%,M:19.1%,n:10844	Unknown	Unassembled WGS sequence	cellular organisms, Eukaryota, Opisthokonta, Metazoa, Eumetazoa, Bilateria, Deuterostomia, Chordata, Craniata, Vertebrata, Gnathostomata, Teleostomi, Euteleostomi, Sarcopterygii, Dipnotetrapodomorpha, Tetrapoda, Amniota, Sauropsida, Sauria, Archelosauria, Archosauria, Dinosauria, Saurischia, Theropoda, Coelurosauria, Aves, Neognathae, Neoaves, Telluraves, Australaves, Passeriformes, Climacteridae, Climacteris	GCA_013398175.1	full
UP000582182	Turnix velox (Little buttonquail)	2529409	13120	C:71.5%[S:71.2%,D:0.3%],F:8.2%,M:20.4%,n:8338	Unknown	Unassembled WGS sequence	cellular organisms, Eukaryota, Opisthokonta, Metazoa, Eumetazoa, Bilateria, Deuterostomia, Chordata, Craniata, Vertebrata, Gnathostomata, Teleostomi, Euteleostomi, Sarcopterygii, Dipnotetrapodomorpha, Tetrapoda, Amniota, Sauropsida, Sauria, Archelosauria, Archosauria, Dinosauria, Saurischia, Theropoda, Coelurosauria, Aves, Neognathae, Neoaves, Charadriiformes, Turnicidae, Turnix	GCA_013400935.1	full
UP000583049	Glareola pratincola (Collared pratincole) (Hirundo pratincola)	43316	13760	C:78.8%[S:78.4%,D:0.4%],F:6.3%,M:14.9%,n:8338	Unknown	Unassembled WGS sequence	cellular organisms, Eukaryota, Opisthokonta, Metazoa, Eumetazoa, Bilateria, Deuterostomia, Chordata, Craniata, Vertebrata, Gnathostomata, Teleostomi, Euteleostomi, Sarcopterygii, Dipnotetrapodomorpha, Tetrapoda, Amniota, Sauropsida, Sauria, Archelosauria, Archosauria, Dinosauria, Saurischia, Theropoda, Coelurosauria, Aves, Neognathae, Neoaves, Charadriiformes, Glareolidae, Glareola	GCA_013401295.1	full
UP000583164	Rhabdornis inornatus	237438	14339	C:77.2%[S:77.0%,D:0.3%],F:5.1%,M:17.7%,n:10844	Unknown	Unassembled WGS sequence	cellular organisms, Eukaryota, Opisthokonta, Metazoa, Eumetazoa, Bilateria, Deuterostomia, Chordata, Craniata, Vertebrata, Gnathostomata, Teleostomi, Euteleostomi, Sarcopterygii, Dipnotetrapodomorpha, Tetrapoda, Amniota, Sauropsida, Sauria, Archelosauria, Archosauria, Dinosauria, Saurischia, Theropoda, Coelurosauria, Aves, Neognathae, Neoaves, Telluraves, Australaves, Passeriformes, Rhabdornithidae, Rhabdornis	GCA_013397075.1	full
UP000583496	Pomatostomus ruficeps (Chestnut-crowned babbler)	9176	13287	C:63.4%[S:63.2%,D:0.2%],F:7.2%,M:29.4%,n:10844	Unknown	Unassembled WGS sequence	cellular organisms, Eukaryota, Opisthokonta, Metazoa, Eumetazoa, Bilateria, Deuterostomia, Chordata, Craniata, Vertebrata, Gnathostomata, Teleostomi, Euteleostomi, Sarcopterygii, Dipnotetrapodomorpha, Tetrapoda, Amniota, Sauropsida, Sauria, Archelosauria, Archosauria, Dinosauria, Saurischia, Theropoda, Coelurosauria, Aves, Neognathae, Neoaves, Telluraves, Australaves, Passeriformes, Sylvioidea, Timaliidae, Pomatostomus	GCA_013400735.1	full
UP000583613	Eubucco bourcierii (red-headed barbet)	91767	14131	C:76.4%[S:76.0%,D:0.4%],F:7.3%,M:16.3%,n:8338	Unknown	Unassembled WGS sequence	cellular organisms, Eukaryota, Opisthokonta, Metazoa, Eumetazoa, Bilateria, Deuterostomia, Chordata, Craniata, Vertebrata, Gnathostomata, Teleostomi, Euteleostomi, Sarcopterygii, Dipnotetrapodomorpha, Tetrapoda, Amniota, Sauropsida, Sauria, Archelosauria, Archosauria, Dinosauria, Saurischia, Theropoda, Coelurosauria, Aves, Neognathae, Neoaves, Telluraves, Coraciimorphae, Piciformes, Ramphastidae, Eubucco	GCA_013396675.1	full
UP000583740	Cardinalis cardinalis (Northern cardinal)	98964	13821	C:73.3%[S:73.1%,D:0.2%],F:5.9%,M:20.9%,n:10844	Unknown	Unassembled WGS sequence	cellular organisms, Eukaryota, Opisthokonta, Metazoa, Eumetazoa, Bilateria, Deuterostomia, Chordata, Craniata, Vertebrata, Gnathostomata, Teleostomi, Euteleostomi, Sarcopterygii, Dipnotetrapodomorpha, Tetrapoda, Amniota, Sauropsida, Sauria, Archelosauria, Archosauria, Dinosauria, Saurischia, Theropoda, Coelurosauria, Aves, Neognathae, Neoaves, Telluraves, Australaves, Passeriformes, Cardinalidae, Cardinalis	GCA_013397215.1	full
UP000583915	Sitta europaea (Eurasian nuthatch)	50251	13526	C:73.5%[S:73.2%,D:0.3%],F:5.6%,M:20.9%,n:10844	Unknown	Unassembled WGS sequence	cellular organisms, Eukaryota, Opisthokonta, Metazoa, Eumetazoa, Bilateria, Deuterostomia, Chordata, Craniata, Vertebrata, Gnathostomata, Teleostomi, Euteleostomi, Sarcopterygii, Dipnotetrapodomorpha, Tetrapoda, Amniota, Sauropsida, Sauria, Archelosauria, Archosauria, Dinosauria, Saurischia, Theropoda, Coelurosauria, Aves, Neognathae, Neoaves, Telluraves, Australaves, Passeriformes, Sittidae, Sitta	GCA_013400255.1	full
UP000584326	Podargus strigoides (Tawny frogmouth) (Caprimulgus strigoides)	8905	13990	C:71.4%[S:70.9%,D:0.4%],F:8.0%,M:20.7%,n:8338	Unknown	Unassembled WGS sequence	cellular organisms, Eukaryota, Opisthokonta, Metazoa, Eumetazoa, Bilateria, Deuterostomia, Chordata, Craniata, Vertebrata, Gnathostomata, Teleostomi, Euteleostomi, Sarcopterygii, Dipnotetrapodomorpha, Tetrapoda, Amniota, Sauropsida, Sauria, Archelosauria, Archosauria, Dinosauria, Saurischia, Theropoda, Coelurosauria, Aves, Neognathae, Neoaves, Strisores, Caprimulgiformes, Podargidae, Podargus	GCA_013399755.1	full
UP000584415	Platysteira castanea	1160851	13995	C:75.8%[S:75.5%,D:0.3%],F:5.1%,M:19.1%,n:10844	Unknown	Unassembled WGS sequence	cellular organisms, Eukaryota, Opisthokonta, Metazoa, Eumetazoa, Bilateria, Deuterostomia, Chordata, Craniata, Vertebrata, Gnathostomata, Teleostomi, Euteleostomi, Sarcopterygii, Dipnotetrapodomorpha, Tetrapoda, Amniota, Sauropsida, Sauria, Archelosauria, Archosauria, Dinosauria, Saurischia, Theropoda, Coelurosauria, Aves, Neognathae, Neoaves, Telluraves, Australaves, Passeriformes, Corvoidea, Platysteiridae, Platysteira	GCA_013397175.1	full
UP000584880	Ptilonorhynchus violaceus (Satin bowerbird) (Pyrrhocorax violaceus)	28724	13901	C:75.6%[S:75.4%,D:0.2%],F:5.0%,M:19.4%,n:10844	Unknown	Unassembled WGS sequence	cellular organisms, Eukaryota, Opisthokonta, Metazoa, Eumetazoa, Bilateria, Deuterostomia, Chordata, Craniata, Vertebrata, Gnathostomata, Teleostomi, Euteleostomi, Sarcopterygii, Dipnotetrapodomorpha, Tetrapoda, Amniota, Sauropsida, Sauria, Archelosauria, Archosauria, Dinosauria, Saurischia, Theropoda, Coelurosauria, Aves, Neognathae, Neoaves, Telluraves, Australaves, Passeriformes, Ptilonorhynchidae, Ptilonorhynchus	GCA_013397565.1	full
UP000585422	Haliaeetus albicilla (White-tailed sea-eagle) (Falco albicilla)	8969	15042	C:81.4%[S:80.4%,D:1.0%],F:5.7%,M:12.9%,n:8338	Unknown	Unassembled WGS sequence	cellular organisms, Eukaryota, Opisthokonta, Metazoa, Eumetazoa, Bilateria, Deuterostomia, Chordata, Craniata, Vertebrata, Gnathostomata, Teleostomi, Euteleostomi, Sarcopterygii, Dipnotetrapodomorpha, Tetrapoda, Amniota, Sauropsida, Sauria, Archelosauria, Archosauria, Dinosauria, Saurischia, Theropoda, Coelurosauria, Aves, Neognathae, Neoaves, Telluraves, Accipitrimorphae, Accipitriformes, Accipitridae, Accipitrinae, Haliaeetus	GCA_013398555.1	full
UP000586634	Nycticryphes semicollaris	227226	14293	C:80.2%[S:79.9%,D:0.3%],F:5.9%,M:13.9%,n:8338	Close to standard (high value)	Unassembled WGS sequence	cellular organisms, Eukaryota, Opisthokonta, Metazoa, Eumetazoa, Bilateria, Deuterostomia, Chordata, Craniata, Vertebrata, Gnathostomata, Teleostomi, Euteleostomi, Sarcopterygii, Dipnotetrapodomorpha, Tetrapoda, Amniota, Sauropsida, Sauria, Archelosauria, Archosauria, Dinosauria, Saurischia, Theropoda, Coelurosauria, Aves, Neognathae, Neoaves, Charadriiformes, Rostratulidae, Nycticryphes	GCA_013400055.1	full
UP000586671	Dromas ardeola	458190	13881	C:77.6%[S:77.3%,D:0.3%],F:6.6%,M:15.8%,n:8338	Unknown	Unassembled WGS sequence	cellular organisms, Eukaryota, Opisthokonta, Metazoa, Eumetazoa, Bilateria, Deuterostomia, Chordata, Craniata, Vertebrata, Gnathostomata, Teleostomi, Euteleostomi, Sarcopterygii, Dipnotetrapodomorpha, Tetrapoda, Amniota, Sauropsida, Sauria, Archelosauria, Archosauria, Dinosauria, Saurischia, Theropoda, Coelurosauria, Aves, Neognathae, Neoaves, Charadriiformes, Dromadidae, Dromas	GCA_013398915.1	full
UP000586704	Ceyx cyanopectus (Indigo-banded kingfisher)	390723	11903	C:54.3%[S:53.6%,D:0.6%],F:10.1%,M:35.6%,n:8338	Unknown	Unassembled WGS sequence	cellular organisms, Eukaryota, Opisthokonta, Metazoa, Eumetazoa, Bilateria, Deuterostomia, Chordata, Craniata, Vertebrata, Gnathostomata, Teleostomi, Euteleostomi, Sarcopterygii, Dipnotetrapodomorpha, Tetrapoda, Amniota, Sauropsida, Sauria, Archelosauria, Archosauria, Dinosauria, Saurischia, Theropoda, Coelurosauria, Aves, Neognathae, Neoaves, Telluraves, Coraciimorphae, Coraciiformes, Alcedinidae, Ceyx	GCA_013401355.1	full
UP000586926	Mohoua ochrocephala	874463	13564	C:70.9%[S:70.7%,D:0.2%],F:6.5%,M:22.6%,n:10844	Unknown	Unassembled WGS sequence	cellular organisms, Eukaryota, Opisthokonta, Metazoa, Eumetazoa, Bilateria, Deuterostomia, Chordata, Craniata, Vertebrata, Gnathostomata, Teleostomi, Euteleostomi, Sarcopterygii, Dipnotetrapodomorpha, Tetrapoda, Amniota, Sauropsida, Sauria, Archelosauria, Archosauria, Dinosauria, Saurischia, Theropoda, Coelurosauria, Aves, Neognathae, Neoaves, Telluraves, Australaves, Passeriformes, Meliphagoidea, Acanthizidae, Mohoua	GCA_013398855.1	full
UP000587472	Psophia crepitans (common trumpeter)	54359	13853	C:79.6%[S:79.4%,D:0.3%],F:6.0%,M:14.4%,n:8338	Standard	Unassembled WGS sequence	cellular organisms, Eukaryota, Opisthokonta, Metazoa, Eumetazoa, Bilateria, Deuterostomia, Chordata, Craniata, Vertebrata, Gnathostomata, Teleostomi, Euteleostomi, Sarcopterygii, Dipnotetrapodomorpha, Tetrapoda, Amniota, Sauropsida, Sauria, Archelosauria, Archosauria, Dinosauria, Saurischia, Theropoda, Coelurosauria, Aves, Neognathae, Neoaves, Gruiformes, Psophiidae, Psophia	GCA_013399095.1	full
UP000587587	Promerops cafer (Cape sugarbird)	254652	14071	C:75.8%[S:75.6%,D:0.2%],F:5.5%,M:18.7%,n:10844	Unknown	Unassembled WGS sequence	cellular organisms, Eukaryota, Opisthokonta, Metazoa, Eumetazoa, Bilateria, Deuterostomia, Chordata, Craniata, Vertebrata, Gnathostomata, Teleostomi, Euteleostomi, Sarcopterygii, Dipnotetrapodomorpha, Tetrapoda, Amniota, Sauropsida, Sauria, Archelosauria, Archosauria, Dinosauria, Saurischia, Theropoda, Coelurosauria, Aves, Neognathae, Neoaves, Telluraves, Australaves, Passeriformes, Passeroidea, Nectariniidae, Promerops	GCA_013398275.1	full
UP000587655	Ibidorhyncha struthersii	425643	13835	C:79.4%[S:79.1%,D:0.3%],F:5.9%,M:14.6%,n:8338	Unknown	Unassembled WGS sequence	cellular organisms, Eukaryota, Opisthokonta, Metazoa, Eumetazoa, Bilateria, Deuterostomia, Chordata, Craniata, Vertebrata, Gnathostomata, Teleostomi, Euteleostomi, Sarcopterygii, Dipnotetrapodomorpha, Tetrapoda, Amniota, Sauropsida, Sauria, Archelosauria, Archosauria, Dinosauria, Saurischia, Theropoda, Coelurosauria, Aves, Neognathae, Neoaves, Charadriiformes, Charadriidae, Ibidorhyncha	GCA_013398815.1	full
UP000587697	Rhadina sibilatrix	2585818	13615	C:73.4%[S:73.2%,D:0.2%],F:5.7%,M:20.9%,n:10844	Unknown	Unassembled WGS sequence	cellular organisms, Eukaryota, Opisthokonta, Metazoa, Eumetazoa, Bilateria, Deuterostomia, Chordata, Craniata, Vertebrata, Gnathostomata, Teleostomi, Euteleostomi, Sarcopterygii, Dipnotetrapodomorpha, Tetrapoda, Amniota, Sauropsida, Sauria, Archelosauria, Archosauria, Dinosauria, Saurischia, Theropoda, Coelurosauria, Aves, Neognathae, Neoaves, Telluraves, Australaves, Passeriformes, Sylvioidea, Phylloscopidae, Rhadina	GCA_013400275.1	full
UP000588334	Sclerurus mexicanus (tawny-throated leaftosser)	265632	14009	C:76.5%[S:76.3%,D:0.3%],F:4.8%,M:18.6%,n:10844	Unknown	Unassembled WGS sequence	cellular organisms, Eukaryota, Opisthokonta, Metazoa, Eumetazoa, Bilateria, Deuterostomia, Chordata, Craniata, Vertebrata, Gnathostomata, Teleostomi, Euteleostomi, Sarcopterygii, Dipnotetrapodomorpha, Tetrapoda, Amniota, Sauropsida, Sauria, Archelosauria, Archosauria, Dinosauria, Saurischia, Theropoda, Coelurosauria, Aves, Neognathae, Neoaves, Telluraves, Australaves, Passeriformes, Furnariidae, Sclerurus	GCA_013396755.1	full
UP000589485	Sapayoa aenigma (broad-billed sapayoa)	239371	13839	C:71.6%[S:71.4%,D:0.2%],F:5.8%,M:22.6%,n:10844	Unknown	Unassembled WGS sequence	cellular organisms, Eukaryota, Opisthokonta, Metazoa, Eumetazoa, Bilateria, Deuterostomia, Chordata, Craniata, Vertebrata, Gnathostomata, Teleostomi, Euteleostomi, Sarcopterygii, Dipnotetrapodomorpha, Tetrapoda, Amniota, Sauropsida, Sauria, Archelosauria, Archosauria, Dinosauria, Saurischia, Theropoda, Coelurosauria, Aves, Neognathae, Neoaves, Telluraves, Australaves, Passeriformes, Tyrannidae, Sapayoa	GCA_013398745.1	full
UP000589495	Vireo altiloquus (Black-whiskered vireo) (Muscicapa altiloqua)	34956	14067	C:74.2%[S:73.9%,D:0.3%],F:5.3%,M:20.5%,n:10844	Unknown	Unassembled WGS sequence	cellular organisms, Eukaryota, Opisthokonta, Metazoa, Eumetazoa, Bilateria, Deuterostomia, Chordata, Craniata, Vertebrata, Gnathostomata, Teleostomi, Euteleostomi, Sarcopterygii, Dipnotetrapodomorpha, Tetrapoda, Amniota, Sauropsida, Sauria, Archelosauria, Archosauria, Dinosauria, Saurischia, Theropoda, Coelurosauria, Aves, Neognathae, Neoaves, Telluraves, Australaves, Passeriformes, Corvoidea, Vireonidae, Vireoninae, Vireo	GCA_013396875.1	full
UP000590623	Cinclus mexicanus (American dipper)	161649	13465	C:66.8%[S:66.6%,D:0.2%],F:6.6%,M:26.6%,n:10844	Unknown	Unassembled WGS sequence	cellular organisms, Eukaryota, Opisthokonta, Metazoa, Eumetazoa, Bilateria, Deuterostomia, Chordata, Craniata, Vertebrata, Gnathostomata, Teleostomi, Euteleostomi, Sarcopterygii, Dipnotetrapodomorpha, Tetrapoda, Amniota, Sauropsida, Sauria, Archelosauria, Archosauria, Dinosauria, Saurischia, Theropoda, Coelurosauria, Aves, Neognathae, Neoaves, Telluraves, Australaves, Passeriformes, Cinclidae, Cinclus	GCA_013399935.1	full
UP000590868	Heliornis fulica (sungrebe)	54369	13523	C:78.0%[S:77.6%,D:0.4%],F:6.1%,M:15.9%,n:8338	Unknown	Unassembled WGS sequence	cellular organisms, Eukaryota, Opisthokonta, Metazoa, Eumetazoa, Bilateria, Deuterostomia, Chordata, Craniata, Vertebrata, Gnathostomata, Teleostomi, Euteleostomi, Sarcopterygii, Dipnotetrapodomorpha, Tetrapoda, Amniota, Sauropsida, Sauria, Archelosauria, Archosauria, Dinosauria, Saurischia, Theropoda, Coelurosauria, Aves, Neognathae, Neoaves, Gruiformes, Heliornithidae, Heliornis	GCA_013399135.1	full
UP000591073	Glaucidium brasilianum (Ferruginous pygmy-owl)	78217	14183	C:80.1%[S:79.8%,D:0.3%],F:5.9%,M:14.0%,n:8338	Unknown	Unassembled WGS sequence	cellular organisms, Eukaryota, Opisthokonta, Metazoa, Eumetazoa, Bilateria, Deuterostomia, Chordata, Craniata, Vertebrata, Gnathostomata, Teleostomi, Euteleostomi, Sarcopterygii, Dipnotetrapodomorpha, Tetrapoda, Amniota, Sauropsida, Sauria, Archelosauria, Archosauria, Dinosauria, Saurischia, Theropoda, Coelurosauria, Aves, Neognathae, Neoaves, Telluraves, Strigiformes, Strigidae, Glaucidium	GCA_013399595.1	full
UP000591535	Grallaria varia (variegated antpitta)	117165	13896	C:74.9%[S:74.7%,D:0.3%],F:5.2%,M:19.9%,n:10844	Unknown	Unassembled WGS sequence	cellular organisms, Eukaryota, Opisthokonta, Metazoa, Eumetazoa, Bilateria, Deuterostomia, Chordata, Craniata, Vertebrata, Gnathostomata, Teleostomi, Euteleostomi, Sarcopterygii, Dipnotetrapodomorpha, Tetrapoda, Amniota, Sauropsida, Sauria, Archelosauria, Archosauria, Dinosauria, Saurischia, Theropoda, Coelurosauria, Aves, Neognathae, Neoaves, Telluraves, Australaves, Passeriformes, Formicariidae, Grallaria	GCA_013396735.1	full
UP000593565	Ameiurus melas (Black bullhead) (Silurus melas)	219545	24332	C:91.9%[S:90.6%,D:1.3%],F:2.2%,M:5.9%,n:3640	Unknown	Chromosome 1; Chromosome 2; Chromosome 3; Chromosome 4; Chromosome 5; Chromosome 6; Chromosome 7; Chromosome 8; Chromosome 9; Chromosome 10; Chromosome 11; Chromosome 12; Chromosome 13; Chromosome 14; Chromosome 15; Chromosome 16; Chromosome 17; Chromosome 18; Chromosome 19; Chromosome 20; Chromosome 21; Chromosome 22; Chromosome 23; Chromosome 24; Chromosome 25; Chromosome 26; Chromosome 27; Chromosome 28; Chromosome 29; Unassembled WGS sequence	cellular organisms, Eukaryota, Opisthokonta, Metazoa, Eumetazoa, Bilateria, Deuterostomia, Chordata, Craniata, Vertebrata, Gnathostomata, Teleostomi, Euteleostomi, Actinopterygii, Actinopteri, Neopterygii, Teleostei, Osteoglossocephalai, Clupeocephala, Otomorpha, Ostariophysi, Otophysi, Characiphysae, Siluriformes, Siluroidei, Ictaluridae, Ameiurus	GCA_012411365.1	full
UP000593567	Bugula neritina (Brown bryozoan) (Sertularia neritina)	10212	25017	C:76.2%[S:67.0%,D:9.2%],F:9.0%,M:14.8%,n:954	Unknown	Mitochondrion MT; Unassembled WGS sequence	cellular organisms, Eukaryota, Opisthokonta, Metazoa, Eumetazoa, Bilateria, Protostomia, Spiralia, Lophotrochozoa, Bryozoa, Gymnolaemata, Cheilostomatida, Flustrina, Buguloidea, Bugulidae, Bugula	GCA_010799875.2	full
UP000593571	Rousettus aegyptiacus (Egyptian fruit bat) (Pteropus aegyptiacus)	9407	60832	C:95.8%[S:45.5%,D:50.3%],F:0.4%,M:3.7%,n:12234	Unknown	Mitochondrion MT; Unassembled WGS sequence	cellular organisms, Eukaryota, Opisthokonta, Metazoa, Eumetazoa, Bilateria, Deuterostomia, Chordata, Craniata, Vertebrata, Gnathostomata, Teleostomi, Euteleostomi, Sarcopterygii, Dipnotetrapodomorpha, Tetrapoda, Amniota, Mammalia, Theria, Eutheria, Boreoeutheria, Laurasiatheria, Chiroptera, Yinpterochiroptera, Pteropodoidea, Pteropodidae, Rousettinae, Rousettus	GCA_014176215.1	full
UP000594260	Varroa destructor (Honeybee mite)	109461	20096	C:99.2%[S:41.2%,D:58.0%],F:0.0%,M:0.7%,n:2934	Unknown	Unplaced	cellular organisms, Eukaryota, Opisthokonta, Metazoa, Eumetazoa, Bilateria, Protostomia, Ecdysozoa, Panarthropoda, Arthropoda, Chelicerata, Arachnida, Acari, Parasitiformes, Mesostigmata, Monogynaspida, Gamasina, Dermanyssoidea, Varroidae, Varroa	GCA_002443255.1	full
UP000594262	Clytia hemisphaerica	252671	24557	C:81.1%[S:72.1%,D:9.0%],F:2.9%,M:15.9%,n:954	Unknown	Unplaced	cellular organisms, Eukaryota, Opisthokonta, Metazoa, Eumetazoa, Cnidaria, Hydrozoa, Hydroidolina, Leptothecata, Obeliida, Clytiidae, Clytia	GCA_902728285.1	full
UP000594454	Hermetia illucens (Black soldier fly)	343691	17495	C:95.8%[S:87.6%,D:8.2%],F:1.2%,M:3.0%,n:3285	Unknown	Chromosome 1; Chromosome 2; Chromosome 3; Chromosome 4; Chromosome 5; Chromosome 6; Chromosome 7; Unassembled WGS sequence	cellular organisms, Eukaryota, Opisthokonta, Metazoa, Eumetazoa, Bilateria, Protostomia, Ecdysozoa, Panarthropoda, Arthropoda, Mandibulata, Pancrustacea, Hexapoda, Insecta, Dicondylia, Pterygota, Neoptera, Endopterygota, Diptera, Brachycera, Stratiomyomorpha, Stratiomyidae, Hermetiinae, Hermetia	GCA_905115235.1	full
UP000596742	Mytilus galloprovincialis (Mediterranean mussel)	29158	77763	C:77.3%[S:41.1%,D:36.2%],F:3.7%,M:19.0%,n:5295	Unknown	Unassembled WGS sequence	cellular organisms, Eukaryota, Opisthokonta, Metazoa, Eumetazoa, Bilateria, Protostomia, Spiralia, Lophotrochozoa, Mollusca, Bivalvia, Autobranchia, Pteriomorphia, Mytilida, Mytiloidea, Mytilidae, Mytilinae, Mytilus	GCA_900618805.1	full
UP000600918	Vespula pensylvanica (Western yellow jacket) (Wasp)	30213	18484	C:91.3%[S:91.1%,D:0.3%],F:2.2%,M:6.5%,n:5991	Unknown	Chromosome 1; Chromosome 2; Chromosome 3; Chromosome 4; Chromosome 5; Chromosome 6; Chromosome 7; Chromosome 8; Chromosome 9; Chromosome 10; Chromosome 11; Chromosome 12; Chromosome 13; Chromosome 14; Chromosome 15; Chromosome 16; Chromosome 17; Chromosome 18; Chromosome 19; Chromosome 20; Chromosome 21; Chromosome 22; Chromosome 23; Chromosome 24; Chromosome 25; Unassembled WGS sequence	cellular organisms, Eukaryota, Opisthokonta, Metazoa, Eumetazoa, Bilateria, Protostomia, Ecdysozoa, Panarthropoda, Arthropoda, Mandibulata, Pancrustacea, Hexapoda, Insecta, Dicondylia, Pterygota, Neoptera, Endopterygota, Hymenoptera, Apocrita, Aculeata, Vespoidea, Vespidae, Vespinae, Vespula	GCA_014466175.1	full
UP000603297	Pteruthius melanotis	357074	11955	C:64.8%[S:64.6%,D:0.2%],F:4.0%,M:31.2%,n:10844	Unknown	Unassembled WGS sequence	cellular organisms, Eukaryota, Opisthokonta, Metazoa, Eumetazoa, Bilateria, Deuterostomia, Chordata, Craniata, Vertebrata, Gnathostomata, Teleostomi, Euteleostomi, Sarcopterygii, Dipnotetrapodomorpha, Tetrapoda, Amniota, Sauropsida, Sauria, Archelosauria, Archosauria, Dinosauria, Saurischia, Theropoda, Coelurosauria, Aves, Neognathae, Neoaves, Telluraves, Australaves, Passeriformes, Sylvioidea, Timaliidae, Pteruthius	GCA_013401235.1	full
UP000603627	Calcarius ornatus (Chestnut-collared longspur)	198940	13652	C:72.6%[S:72.3%,D:0.3%],F:5.6%,M:21.8%,n:10844	Unknown	Unassembled WGS sequence	cellular organisms, Eukaryota, Opisthokonta, Metazoa, Eumetazoa, Bilateria, Deuterostomia, Chordata, Craniata, Vertebrata, Gnathostomata, Teleostomi, Euteleostomi, Sarcopterygii, Dipnotetrapodomorpha, Tetrapoda, Amniota, Sauropsida, Sauria, Archelosauria, Archosauria, Dinosauria, Saurischia, Theropoda, Coelurosauria, Aves, Neognathae, Neoaves, Telluraves, Australaves, Passeriformes, Passeroidea, Fringillidae, Emberizinae, Emberizini, Calcarius	GCA_013397715.1	full
UP000604080	Dryoscopus gambensis	85069	12293	C:61.0%[S:60.8%,D:0.2%],F:6.6%,M:32.4%,n:10844	Unknown	Unassembled WGS sequence	cellular organisms, Eukaryota, Opisthokonta, Metazoa, Eumetazoa, Bilateria, Deuterostomia, Chordata, Craniata, Vertebrata, Gnathostomata, Teleostomi, Euteleostomi, Sarcopterygii, Dipnotetrapodomorpha, Tetrapoda, Amniota, Sauropsida, Sauria, Archelosauria, Archosauria, Dinosauria, Saurischia, Theropoda, Coelurosauria, Aves, Neognathae, Neoaves, Telluraves, Australaves, Passeriformes, Corvoidea, Malaconotidae, Dryoscopus	GCA_013389985.1	full
UP000605970	Meloidogyne graminicola	189291	10083	C:42.4%[S:40.9%,D:1.6%],F:2.4%,M:55.1%,n:3131	Unknown	Unassembled WGS sequence	cellular organisms, Eukaryota, Opisthokonta, Metazoa, Eumetazoa, Bilateria, Protostomia, Ecdysozoa, Nematoda, Chromadorea, Rhabditida, Tylenchina, Tylenchomorpha, Tylenchoidea, Meloidogynidae, Meloidogyninae, Meloidogyne	GCA_014773135.1	full
UP000606274	Silurus meridionalis (Southern catfish) (Silurus soldatovi meridionalis)	175797	22753	C:93.4%[S:91.6%,D:1.8%],F:1.8%,M:4.8%,n:3640	Unknown	Chromosome 1; Chromosome 2; Chromosome 3; Chromosome 4; Chromosome 5; Chromosome 6; Chromosome 7; Chromosome 8; Chromosome 9; Chromosome 10; Chromosome 11; Chromosome 12; Chromosome 13; Chromosome 14; Chromosome 15; Chromosome 16; Chromosome 17; Chromosome 18; Chromosome 19; Chromosome 20; Chromosome 21; Chromosome 22; Chromosome 23; Chromosome 24; Chromosome 25; Chromosome 26; Chromosome 27; Chromosome 28; Chromosome 29; Unassembled WGS sequence	cellular organisms, Eukaryota, Opisthokonta, Metazoa, Eumetazoa, Bilateria, Deuterostomia, Chordata, Craniata, Vertebrata, Gnathostomata, Teleostomi, Euteleostomi, Actinopterygii, Actinopteri, Neopterygii, Teleostei, Osteoglossocephalai, Clupeocephala, Otomorpha, Ostariophysi, Otophysi, Characiphysae, Siluriformes, Siluroidei, Siluridae, Silurus	GCA_014805685.1	full
UP000606786	Ceratitis capitata (Mediterranean fruit fly) (Tephritis capitata)	7213	19878	C:72.8%[S:65.4%,D:7.4%],F:5.0%,M:22.2%,n:3285	Unknown	Unassembled WGS sequence	cellular organisms, Eukaryota, Opisthokonta, Metazoa, Eumetazoa, Bilateria, Protostomia, Ecdysozoa, Panarthropoda, Arthropoda, Mandibulata, Pancrustacea, Hexapoda, Insecta, Dicondylia, Pterygota, Neoptera, Endopterygota, Diptera, Brachycera, Muscomorpha, Eremoneura, Cyclorrhapha, Schizophora, Acalyptratae, Tephritoidea, Tephritidae, Dacinae, Ceratitidini, Ceratitis, Ceratitis	GCA_905071925.1	full
UP000611227	Ramphastos sulfuratus	322582	14017	C:71.3%[S:70.9%,D:0.4%],F:9.1%,M:19.6%,n:8338	Unknown	Unassembled WGS sequence	cellular organisms, Eukaryota, Opisthokonta, Metazoa, Eumetazoa, Bilateria, Deuterostomia, Chordata, Craniata, Vertebrata, Gnathostomata, Teleostomi, Euteleostomi, Sarcopterygii, Dipnotetrapodomorpha, Tetrapoda, Amniota, Sauropsida, Sauria, Archelosauria, Archosauria, Dinosauria, Saurischia, Theropoda, Coelurosauria, Aves, Neognathae, Neoaves, Telluraves, Coraciimorphae, Piciformes, Ramphastidae, Ramphastos	GCA_013399055.1	full
UP000611277	Certhia familiaris (Eurasian treecreeper)	73333	13143	C:67.9%[S:67.7%,D:0.2%],F:7.0%,M:25.1%,n:10844	Unknown	Unassembled WGS sequence	cellular organisms, Eukaryota, Opisthokonta, Metazoa, Eumetazoa, Bilateria, Deuterostomia, Chordata, Craniata, Vertebrata, Gnathostomata, Teleostomi, Euteleostomi, Sarcopterygii, Dipnotetrapodomorpha, Tetrapoda, Amniota, Sauropsida, Sauria, Archelosauria, Archosauria, Dinosauria, Saurischia, Theropoda, Coelurosauria, Aves, Neognathae, Neoaves, Telluraves, Australaves, Passeriformes, Certhiidae, Certhiinae, Certhia	GCA_013398575.1	full
UP000613066	Penelope pileata	1118817	13915	C:81.5%[S:81.2%,D:0.3%],F:4.8%,M:13.6%,n:8338	Unknown	Unassembled WGS sequence	cellular organisms, Eukaryota, Opisthokonta, Metazoa, Eumetazoa, Bilateria, Deuterostomia, Chordata, Craniata, Vertebrata, Gnathostomata, Teleostomi, Euteleostomi, Sarcopterygii, Dipnotetrapodomorpha, Tetrapoda, Amniota, Sauropsida, Sauria, Archelosauria, Archosauria, Dinosauria, Saurischia, Theropoda, Coelurosauria, Aves, Neognathae, Galloanserae, Galliformes, Cracidae, Penelope	GCA_013396635.1	full
UP000614027	Campylorhamphus procurvoides	190295	14067	C:76.4%[S:76.2%,D:0.2%],F:4.9%,M:18.7%,n:10844	Unknown	Unassembled WGS sequence	cellular organisms, Eukaryota, Opisthokonta, Metazoa, Eumetazoa, Bilateria, Deuterostomia, Chordata, Craniata, Vertebrata, Gnathostomata, Teleostomi, Euteleostomi, Sarcopterygii, Dipnotetrapodomorpha, Tetrapoda, Amniota, Sauropsida, Sauria, Archelosauria, Archosauria, Dinosauria, Saurischia, Theropoda, Coelurosauria, Aves, Neognathae, Neoaves, Telluraves, Australaves, Passeriformes, Dendrocolaptidae, Campylorhamphus	GCA_013396655.1	full
UP000614263	Chloropsis cyanopogon	1218682	12540	C:61.4%[S:61.1%,D:0.3%],F:7.1%,M:31.5%,n:10844	Unknown	Unassembled WGS sequence	cellular organisms, Eukaryota, Opisthokonta, Metazoa, Eumetazoa, Bilateria, Deuterostomia, Chordata, Craniata, Vertebrata, Gnathostomata, Teleostomi, Euteleostomi, Sarcopterygii, Dipnotetrapodomorpha, Tetrapoda, Amniota, Sauropsida, Sauria, Archelosauria, Archosauria, Dinosauria, Saurischia, Theropoda, Coelurosauria, Aves, Neognathae, Neoaves, Telluraves, Australaves, Passeriformes, Corvoidea, Irenidae, Chloropsis	GCA_013400585.1	full
UP000614350	Vespula vulgaris (Yellow jacket) (Wasp)	7454	15506	C:84.7%[S:84.5%,D:0.2%],F:2.8%,M:12.5%,n:5991	Unknown	Chromosome 1; Chromosome 2; Chromosome 3; Chromosome 4; Chromosome 5; Chromosome 6; Chromosome 7; Chromosome 8; Chromosome 9; Chromosome 10; Chromosome 11; Chromosome 12; Chromosome 13; Chromosome 14; Chromosome 15; Chromosome 16; Chromosome 17; Chromosome 18; Chromosome 19; Chromosome 20; Chromosome 21; Chromosome 22; Chromosome 23; Chromosome 24; Chromosome 25; Unassembled WGS sequence	cellular organisms, Eukaryota, Opisthokonta, Metazoa, Eumetazoa, Bilateria, Protostomia, Ecdysozoa, Panarthropoda, Arthropoda, Mandibulata, Pancrustacea, Hexapoda, Insecta, Dicondylia, Pterygota, Neoptera, Endopterygota, Hymenoptera, Apocrita, Aculeata, Vespoidea, Vespidae, Vespinae, Vespula	GCA_014466185.1	full
UP000614601	Bursaphelenchus okinawaensis	465554	14486	C:75.2%[S:73.8%,D:1.4%],F:1.3%,M:23.5%,n:3131	Unknown	Unassembled WGS sequence	cellular organisms, Eukaryota, Opisthokonta, Metazoa, Eumetazoa, Bilateria, Protostomia, Ecdysozoa, Nematoda, Chromadorea, Rhabditida, Tylenchina, Tylenchomorpha, Aphelenchoidea, Aphelenchoididae, Bursaphelenchus	GCA_904067145.1	full
UP000617340	Vespula germanica (German yellow jacket) (Paravespula germanica)	30212	17178	C:89.6%[S:89.3%,D:0.3%],F:3.7%,M:6.8%,n:5991	Unknown	Chromosome 1; Chromosome 2; Chromosome 3; Chromosome 4; Chromosome 5; Chromosome 6; Chromosome 7; Chromosome 8; Chromosome 9; Chromosome 10; Chromosome 11; Chromosome 12; Chromosome 13; Chromosome 14; Chromosome 15; Chromosome 16; Chromosome 17; Chromosome 18; Chromosome 19; Chromosome 20; Chromosome 21; Chromosome 22; Chromosome 23; Chromosome 24; Chromosome 25; Unassembled WGS sequence	cellular organisms, Eukaryota, Opisthokonta, Metazoa, Eumetazoa, Bilateria, Protostomia, Ecdysozoa, Panarthropoda, Arthropoda, Mandibulata, Pancrustacea, Hexapoda, Insecta, Dicondylia, Pterygota, Neoptera, Endopterygota, Hymenoptera, Apocrita, Aculeata, Vespoidea, Vespidae, Vespinae, Vespula	GCA_014466195.1	full
UP000618051	Lamprotornis superbus	245042	14245	C:79.8%[S:79.5%,D:0.3%],F:5.0%,M:15.2%,n:10844	Unknown	Chromosome 1; Chromosome 1A; Chromosome 2; Chromosome 3; Chromosome 4; Chromosome 4A; Chromosome 5A; Chromosome 5B; Chromosome 6A; Chromosome 6B; Chromosome 7; Chromosome 8; Chromosome 9; Chromosome 10; Chromosome 11; Chromosome 12; Chromosome 13; Chromosome 14; Chromosome 15; Chromosome 17; Chromosome 18; Chromosome 19; Chromosome 20; Chromosome 21; Chromosome 22; Chromosome 23; Chromosome 24; Chromosome 25; Chromosome 26; Chromosome 27; Chromosome 28; Chromosome 29; Chromosome W; Unassembled WGS sequence; Chromosome Z	cellular organisms, Eukaryota, Opisthokonta, Metazoa, Eumetazoa, Bilateria, Deuterostomia, Chordata, Craniata, Vertebrata, Gnathostomata, Teleostomi, Euteleostomi, Sarcopterygii, Dipnotetrapodomorpha, Tetrapoda, Amniota, Sauropsida, Sauria, Archelosauria, Archosauria, Dinosauria, Saurischia, Theropoda, Coelurosauria, Aves, Neognathae, Neoaves, Telluraves, Australaves, Passeriformes, Sturnidae, Lamprotornis	GCA_015883425.2	full
UP000618746	Spizella passerina (Chipping sparrow)	40210	9048	C:30.2%[S:29.8%,D:0.4%],F:7.7%,M:62.2%,n:10844	Unknown	Unassembled WGS sequence	cellular organisms, Eukaryota, Opisthokonta, Metazoa, Eumetazoa, Bilateria, Deuterostomia, Chordata, Craniata, Vertebrata, Gnathostomata, Teleostomi, Euteleostomi, Sarcopterygii, Dipnotetrapodomorpha, Tetrapoda, Amniota, Sauropsida, Sauria, Archelosauria, Archosauria, Dinosauria, Saurischia, Theropoda, Coelurosauria, Aves, Neognathae, Neoaves, Telluraves, Australaves, Passeriformes, Passerellidae, Spizella	GCA_013401375.1	full
UP000619137	Sula dactylatra (Masked booby)	56068	12940	C:65.5%[S:65.1%,D:0.4%],F:8.4%,M:26.1%,n:8338	Unknown	Unassembled WGS sequence	cellular organisms, Eukaryota, Opisthokonta, Metazoa, Eumetazoa, Bilateria, Deuterostomia, Chordata, Craniata, Vertebrata, Gnathostomata, Teleostomi, Euteleostomi, Sarcopterygii, Dipnotetrapodomorpha, Tetrapoda, Amniota, Sauropsida, Sauria, Archelosauria, Archosauria, Dinosauria, Saurischia, Theropoda, Coelurosauria, Aves, Neognathae, Neoaves, Aequornithes, Suliformes, Sulidae, Sula	GCA_013389905.1	full
UP000620207	Larus smithsonianus (American herring gull)	243888	14049	C:67.1%[S:66.7%,D:0.4%],F:10.4%,M:22.5%,n:8338	Unknown	Unassembled WGS sequence	cellular organisms, Eukaryota, Opisthokonta, Metazoa, Eumetazoa, Bilateria, Deuterostomia, Chordata, Craniata, Vertebrata, Gnathostomata, Teleostomi, Euteleostomi, Sarcopterygii, Dipnotetrapodomorpha, Tetrapoda, Amniota, Sauropsida, Sauria, Archelosauria, Archosauria, Dinosauria, Saurischia, Theropoda, Coelurosauria, Aves, Neognathae, Neoaves, Charadriiformes, Laridae, Larus	GCA_013400295.1	full
UP000621168	Corythaeola cristata (Great blue turaco)	103954	11501	C:59.2%[S:58.9%,D:0.3%],F:9.2%,M:31.6%,n:8338	Unknown	Unassembled WGS sequence	cellular organisms, Eukaryota, Opisthokonta, Metazoa, Eumetazoa, Bilateria, Deuterostomia, Chordata, Craniata, Vertebrata, Gnathostomata, Teleostomi, Euteleostomi, Sarcopterygii, Dipnotetrapodomorpha, Tetrapoda, Amniota, Sauropsida, Sauria, Archelosauria, Archosauria, Dinosauria, Saurischia, Theropoda, Coelurosauria, Aves, Neognathae, Neoaves, Otidimorphae, Musophagiformes, Musophagidae, Corythaeola	GCA_013396815.1	full
UP000623542	Elachura formosa (spotted wren-babbler)	1463973	13998	C:73.8%[S:73.2%,D:0.5%],F:5.2%,M:21.0%,n:10844	Unknown	Unassembled WGS sequence	cellular organisms, Eukaryota, Opisthokonta, Metazoa, Eumetazoa, Bilateria, Deuterostomia, Chordata, Craniata, Vertebrata, Gnathostomata, Teleostomi, Euteleostomi, Sarcopterygii, Dipnotetrapodomorpha, Tetrapoda, Amniota, Sauropsida, Sauria, Archelosauria, Archosauria, Dinosauria, Saurischia, Theropoda, Coelurosauria, Aves, Neognathae, Neoaves, Telluraves, Australaves, Passeriformes, Elachuridae, Elachura	GCA_013398795.1	full
UP000625584	Passerina amoena (Lazuli bunting)	142471	12951	C:64.5%[S:64.2%,D:0.3%],F:6.4%,M:29.1%,n:10844	Unknown	Unassembled WGS sequence	cellular organisms, Eukaryota, Opisthokonta, Metazoa, Eumetazoa, Bilateria, Deuterostomia, Chordata, Craniata, Vertebrata, Gnathostomata, Teleostomi, Euteleostomi, Sarcopterygii, Dipnotetrapodomorpha, Tetrapoda, Amniota, Sauropsida, Sauria, Archelosauria, Archosauria, Dinosauria, Saurischia, Theropoda, Coelurosauria, Aves, Neognathae, Neoaves, Telluraves, Australaves, Passeriformes, Cardinalidae, Passerina	GCA_013401095.1	full
UP000625711	Rhynchophorus ferrugineus (Red palm weevil) (Curculio ferrugineus)	354439	24802	C:94.7%[S:81.5%,D:13.2%],F:2.8%,M:2.4%,n:2124	Unknown	Mitochondrion MT; Unassembled WGS sequence	cellular organisms, Eukaryota, Opisthokonta, Metazoa, Eumetazoa, Bilateria, Protostomia, Ecdysozoa, Panarthropoda, Arthropoda, Mandibulata, Pancrustacea, Hexapoda, Insecta, Dicondylia, Pterygota, Neoptera, Endopterygota, Coleoptera, Polyphaga, Cucujiformia, Curculionoidea, Curculionidae, Dryophthorinae, Rhynchophorus	GCA_014462685.1	full
UP000627253	Tricholaema leucomelas (pied barbet)	240729	14305	C:77.0%[S:76.6%,D:0.4%],F:6.6%,M:16.4%,n:8338	Unknown	Unassembled WGS sequence	cellular organisms, Eukaryota, Opisthokonta, Metazoa, Eumetazoa, Bilateria, Deuterostomia, Chordata, Craniata, Vertebrata, Gnathostomata, Teleostomi, Euteleostomi, Sarcopterygii, Dipnotetrapodomorpha, Tetrapoda, Amniota, Sauropsida, Sauria, Archelosauria, Archosauria, Dinosauria, Saurischia, Theropoda, Coelurosauria, Aves, Neognathae, Neoaves, Telluraves, Coraciimorphae, Piciformes, Lybiidae, Tricholaema lacrymosa	GCA_013400475.1	full
UP000628412	Aegithalos caudatus (Long-tailed tit) (Acredula caudata)	73327	13234	C:69.1%[S:68.9%,D:0.2%],F:6.2%,M:24.7%,n:10844	Unknown	Unassembled WGS sequence	cellular organisms, Eukaryota, Opisthokonta, Metazoa, Eumetazoa, Bilateria, Deuterostomia, Chordata, Craniata, Vertebrata, Gnathostomata, Teleostomi, Euteleostomi, Sarcopterygii, Dipnotetrapodomorpha, Tetrapoda, Amniota, Sauropsida, Sauria, Archelosauria, Archosauria, Dinosauria, Saurischia, Theropoda, Coelurosauria, Aves, Neognathae, Neoaves, Telluraves, Australaves, Passeriformes, Sylvioidea, Aegithalidae, Aegithalos	GCA_013389925.1	full
UP000629438	Tichodroma muraria	237442	11478	C:50.1%[S:50.0%,D:0.2%],F:7.1%,M:42.7%,n:10844	Unknown	Unassembled WGS sequence	cellular organisms, Eukaryota, Opisthokonta, Metazoa, Eumetazoa, Bilateria, Deuterostomia, Chordata, Craniata, Vertebrata, Gnathostomata, Teleostomi, Euteleostomi, Sarcopterygii, Dipnotetrapodomorpha, Tetrapoda, Amniota, Sauropsida, Sauria, Archelosauria, Archosauria, Dinosauria, Saurischia, Theropoda, Coelurosauria, Aves, Neognathae, Neoaves, Telluraves, Australaves, Passeriformes, Sittidae, Tichodroma	GCA_013390105.1	full
UP000629713	Peucedramus taeniatus (Olive warbler)	135441	13643	C:69.5%[S:69.3%,D:0.2%],F:7.0%,M:23.6%,n:10844	Unknown	Unassembled WGS sequence	cellular organisms, Eukaryota, Opisthokonta, Metazoa, Eumetazoa, Bilateria, Deuterostomia, Chordata, Craniata, Vertebrata, Gnathostomata, Teleostomi, Euteleostomi, Sarcopterygii, Dipnotetrapodomorpha, Tetrapoda, Amniota, Sauropsida, Sauria, Archelosauria, Archosauria, Dinosauria, Saurischia, Theropoda, Coelurosauria, Aves, Neognathae, Neoaves, Telluraves, Australaves, Passeriformes, Passeroidea, Fringillidae, Peucedraminae, Peucedramus	GCA_013400575.1	full
UP000631391	Picathartes gymnocephalus (White-necked rockfowl)	175131	13505	C:66.7%[S:66.5%,D:0.2%],F:6.7%,M:26.6%,n:10844	Unknown	Unassembled WGS sequence	cellular organisms, Eukaryota, Opisthokonta, Metazoa, Eumetazoa, Bilateria, Deuterostomia, Chordata, Craniata, Vertebrata, Gnathostomata, Teleostomi, Euteleostomi, Sarcopterygii, Dipnotetrapodomorpha, Tetrapoda, Amniota, Sauropsida, Sauria, Archelosauria, Archosauria, Dinosauria, Saurischia, Theropoda, Coelurosauria, Aves, Neognathae, Neoaves, Telluraves, Australaves, Passeriformes, Picathartidae, Picathartes	GCA_013390045.1	full
UP000631545	Tychaedon coryphoeus (Karoo scrub-robin) (Erythropygia coryphaeus)	614051	13529	C:74.0%[S:73.8%,D:0.2%],F:5.7%,M:20.3%,n:10844	Unknown	Unassembled WGS sequence	cellular organisms, Eukaryota, Opisthokonta, Metazoa, Eumetazoa, Bilateria, Deuterostomia, Chordata, Craniata, Vertebrata, Gnathostomata, Teleostomi, Euteleostomi, Sarcopterygii, Dipnotetrapodomorpha, Tetrapoda, Amniota, Sauropsida, Sauria, Archelosauria, Archosauria, Dinosauria, Saurischia, Theropoda, Coelurosauria, Aves, Neognathae, Neoaves, Telluraves, Australaves, Passeriformes, Muscicapidae, Cercotrichas	GCA_013398595.1	full
UP000632118	Fregata magnificens (Magnificent frigatebird)	37042	13159	C:66.5%[S:66.0%,D:0.5%],F:8.6%,M:24.9%,n:8338	Unknown	Unassembled WGS sequence	cellular organisms, Eukaryota, Opisthokonta, Metazoa, Eumetazoa, Bilateria, Deuterostomia, Chordata, Craniata, Vertebrata, Gnathostomata, Teleostomi, Euteleostomi, Sarcopterygii, Dipnotetrapodomorpha, Tetrapoda, Amniota, Sauropsida, Sauria, Archelosauria, Archosauria, Dinosauria, Saurischia, Theropoda, Coelurosauria, Aves, Neognathae, Neoaves, Aequornithes, Suliformes, Fregatidae, Fregata	GCA_013389945.1	full
UP000632886	Centropus bengalensis (lesser coucal)	1463675	13146	C:72.9%[S:72.4%,D:0.5%],F:6.6%,M:20.5%,n:8338	Unknown	Unassembled WGS sequence	cellular organisms, Eukaryota, Opisthokonta, Metazoa, Eumetazoa, Bilateria, Deuterostomia, Chordata, Craniata, Vertebrata, Gnathostomata, Teleostomi, Euteleostomi, Sarcopterygii, Dipnotetrapodomorpha, Tetrapoda, Amniota, Sauropsida, Sauria, Archelosauria, Archosauria, Dinosauria, Saurischia, Theropoda, Coelurosauria, Aves, Neognathae, Neoaves, Otidimorphae, Cuculiformes, Centropidae, Centropus	GCA_013400815.1	full
UP000633448	Pitta sordida (Hooded pitta)	9163	13848	C:71.0%[S:70.7%,D:0.3%],F:6.2%,M:22.8%,n:10844	Unknown	Unassembled WGS sequence	cellular organisms, Eukaryota, Opisthokonta, Metazoa, Eumetazoa, Bilateria, Deuterostomia, Chordata, Craniata, Vertebrata, Gnathostomata, Teleostomi, Euteleostomi, Sarcopterygii, Dipnotetrapodomorpha, Tetrapoda, Amniota, Sauropsida, Sauria, Archelosauria, Archosauria, Dinosauria, Saurischia, Theropoda, Coelurosauria, Aves, Neognathae, Neoaves, Telluraves, Australaves, Passeriformes, Pittidae, Pitta	GCA_013390025.1	full
UP000634236	Vidua chalybeata (Village indigobird)	81927	14570	C:75.8%[S:75.3%,D:0.6%],F:5.7%,M:18.5%,n:10844	Unknown	Unassembled WGS sequence	cellular organisms, Eukaryota, Opisthokonta, Metazoa, Eumetazoa, Bilateria, Deuterostomia, Chordata, Craniata, Vertebrata, Gnathostomata, Teleostomi, Euteleostomi, Sarcopterygii, Dipnotetrapodomorpha, Tetrapoda, Amniota, Sauropsida, Sauria, Archelosauria, Archosauria, Dinosauria, Saurischia, Theropoda, Coelurosauria, Aves, Neognathae, Neoaves, Telluraves, Australaves, Passeriformes, Passeroidea, Estrildidae, Viduinae, Vidua	GCA_013398495.1	full
UP000637704	Eolophus roseicapilla (Galah cockatoo) (Cacatua roseicapilla)	176039	13310	C:71.9%[S:71.5%,D:0.4%],F:6.9%,M:21.2%,n:8338	Unknown	Unassembled WGS sequence	cellular organisms, Eukaryota, Opisthokonta, Metazoa, Eumetazoa, Bilateria, Deuterostomia, Chordata, Craniata, Vertebrata, Gnathostomata, Teleostomi, Euteleostomi, Sarcopterygii, Dipnotetrapodomorpha, Tetrapoda, Amniota, Sauropsida, Sauria, Archelosauria, Archosauria, Dinosauria, Saurischia, Theropoda, Coelurosauria, Aves, Neognathae, Neoaves, Telluraves, Australaves, Psittaciformes, Cacatuidae, Eolophus	GCA_013397615.1	full
UP000639338	Aphidius gifuensis (Parasitoid wasp)	684658	11457	C:88.1%[S:85.0%,D:3.1%],F:0.7%,M:11.3%,n:5991	Unknown	Linkage Group LG1; Linkage Group LG2; Linkage Group LG3; Linkage Group LG4; Linkage Group LG5; Linkage Group LG6; Unassembled WGS sequence	cellular organisms, Eukaryota, Opisthokonta, Metazoa, Eumetazoa, Bilateria, Protostomia, Ecdysozoa, Panarthropoda, Arthropoda, Mandibulata, Pancrustacea, Hexapoda, Insecta, Dicondylia, Pterygota, Neoptera, Endopterygota, Hymenoptera, Apocrita, Ichneumonoidea, Braconidae, Aphidiinae, Aphidius	GCA_014905175.1	full
UP000640762	Grus americana (Whooping crane)	9117	13771	C:72.8%[S:72.4%,D:0.4%],F:8.2%,M:19.0%,n:8338	Unknown	Unassembled WGS sequence	cellular organisms, Eukaryota, Opisthokonta, Metazoa, Eumetazoa, Bilateria, Deuterostomia, Chordata, Craniata, Vertebrata, Gnathostomata, Teleostomi, Euteleostomi, Sarcopterygii, Dipnotetrapodomorpha, Tetrapoda, Amniota, Sauropsida, Sauria, Archelosauria, Archosauria, Dinosauria, Saurischia, Theropoda, Coelurosauria, Aves, Neognathae, Neoaves, Gruiformes, Gruidae, Grus	GCA_013390085.1	full
UP000640999	Chloropsis hardwickii	667144	13502	C:71.6%[S:71.3%,D:0.3%],F:5.9%,M:22.5%,n:10844	Unknown	Unassembled WGS sequence	cellular organisms, Eukaryota, Opisthokonta, Metazoa, Eumetazoa, Bilateria, Deuterostomia, Chordata, Craniata, Vertebrata, Gnathostomata, Teleostomi, Euteleostomi, Sarcopterygii, Dipnotetrapodomorpha, Tetrapoda, Amniota, Sauropsida, Sauria, Archelosauria, Archosauria, Dinosauria, Saurischia, Theropoda, Coelurosauria, Aves, Neognathae, Neoaves, Telluraves, Australaves, Passeriformes, Corvoidea, Irenidae, Chloropsis	GCA_013390065.1	full
UP000642973	Calyptomena viridis (Lesser green broadbill)	135972	13204	C:65.6%[S:65.3%,D:0.3%],F:6.2%,M:28.2%,n:10844	Unknown	Unassembled WGS sequence	cellular organisms, Eukaryota, Opisthokonta, Metazoa, Eumetazoa, Bilateria, Deuterostomia, Chordata, Craniata, Vertebrata, Gnathostomata, Teleostomi, Euteleostomi, Sarcopterygii, Dipnotetrapodomorpha, Tetrapoda, Amniota, Sauropsida, Sauria, Archelosauria, Archosauria, Dinosauria, Saurischia, Theropoda, Coelurosauria, Aves, Neognathae, Neoaves, Telluraves, Australaves, Passeriformes, Eurylaimidae, Calyptomena	GCA_013390005.1	full
UP000645828	Nyctereutes procyonoides (Raccoon dog) (Canis procyonoides)	34880	26676	C:97.4%[S:94.1%,D:3.3%],F:0.6%,M:2.0%,n:14502	Unknown	Unassembled WGS sequence	cellular organisms, Eukaryota, Opisthokonta, Metazoa, Eumetazoa, Bilateria, Deuterostomia, Chordata, Craniata, Vertebrata, Gnathostomata, Teleostomi, Euteleostomi, Sarcopterygii, Dipnotetrapodomorpha, Tetrapoda, Amniota, Mammalia, Theria, Eutheria, Boreoeutheria, Laurasiatheria, Carnivora, Caniformia, Canidae, Nyctereutes	GCA_905146905.1	full
UP000648187	Spodoptera exigua (Beet armyworm) (Noctua fulgens)	7107	14288	C:80.2%[S:77.4%,D:2.7%],F:2.1%,M:17.7%,n:5286	Unknown	Unassembled WGS sequence	cellular organisms, Eukaryota, Opisthokonta, Metazoa, Eumetazoa, Bilateria, Protostomia, Ecdysozoa, Panarthropoda, Arthropoda, Mandibulata, Pancrustacea, Hexapoda, Insecta, Dicondylia, Pterygota, Neoptera, Endopterygota, Amphiesmenoptera, Lepidoptera, Glossata, Neolepidoptera, Heteroneura, Ditrysia, Obtectomera, Noctuoidea, Noctuidae, Amphipyrinae, Spodoptera	GCA_015679615.1	full
UP000648918	Halcyon senegalensis	342381	14252	C:80.1%[S:79.8%,D:0.3%],F:5.8%,M:14.1%,n:8338	Unknown	Unassembled WGS sequence	cellular organisms, Eukaryota, Opisthokonta, Metazoa, Eumetazoa, Bilateria, Deuterostomia, Chordata, Craniata, Vertebrata, Gnathostomata, Teleostomi, Euteleostomi, Sarcopterygii, Dipnotetrapodomorpha, Tetrapoda, Amniota, Sauropsida, Sauria, Archelosauria, Archosauria, Dinosauria, Saurischia, Theropoda, Coelurosauria, Aves, Neognathae, Neoaves, Telluraves, Coraciimorphae, Coraciiformes, Alcedinidae, Halcyon	GCA_013397595.1	full
UP000653271	Piaya cayana (Common squirrel cuckoo)	33601	13976	C:72.1%[S:71.7%,D:0.4%],F:8.5%,M:19.5%,n:8338	Unknown	Unassembled WGS sequence	cellular organisms, Eukaryota, Opisthokonta, Metazoa, Eumetazoa, Bilateria, Deuterostomia, Chordata, Craniata, Vertebrata, Gnathostomata, Teleostomi, Euteleostomi, Sarcopterygii, Dipnotetrapodomorpha, Tetrapoda, Amniota, Sauropsida, Sauria, Archelosauria, Archosauria, Dinosauria, Saurischia, Theropoda, Coelurosauria, Aves, Neognathae, Neoaves, Otidimorphae, Cuculiformes, Coccyzidae, Piaya	GCA_013389865.1	full
UP000653383	Nicator chloris	237433	13575	C:63.7%[S:63.5%,D:0.2%],F:7.2%,M:29.1%,n:10844	Unknown	Unassembled WGS sequence	cellular organisms, Eukaryota, Opisthokonta, Metazoa, Eumetazoa, Bilateria, Deuterostomia, Chordata, Craniata, Vertebrata, Gnathostomata, Teleostomi, Euteleostomi, Sarcopterygii, Dipnotetrapodomorpha, Tetrapoda, Amniota, Sauropsida, Sauria, Archelosauria, Archosauria, Dinosauria, Saurischia, Theropoda, Coelurosauria, Aves, Neognathae, Neoaves, Telluraves, Australaves, Passeriformes, Sylvioidea, Pycnonotidae, Nicator	GCA_013400495.1	full
UP000653454	Plutella xylostella (Diamondback moth) (Plutella maculipennis)	51655	16948	C:87.6%[S:85.8%,D:1.7%],F:2.9%,M:9.5%,n:5286	Unknown	Unassembled WGS sequence	cellular organisms, Eukaryota, Opisthokonta, Metazoa, Eumetazoa, Bilateria, Protostomia, Ecdysozoa, Panarthropoda, Arthropoda, Mandibulata, Pancrustacea, Hexapoda, Insecta, Dicondylia, Pterygota, Neoptera, Endopterygota, Amphiesmenoptera, Lepidoptera, Glossata, Neolepidoptera, Heteroneura, Ditrysia, Yponomeutoidea, Plutellidae, Plutella	GCA_905116875.3	full
UP000654395	Urocolius indicus (Red-faced mousebird) (Colius indicus)	458196	14054	C:75.8%[S:75.4%,D:0.4%],F:7.1%,M:17.1%,n:8338	Unknown	Unassembled WGS sequence	cellular organisms, Eukaryota, Opisthokonta, Metazoa, Eumetazoa, Bilateria, Deuterostomia, Chordata, Craniata, Vertebrata, Gnathostomata, Teleostomi, Euteleostomi, Sarcopterygii, Dipnotetrapodomorpha, Tetrapoda, Amniota, Sauropsida, Sauria, Archelosauria, Archosauria, Dinosauria, Saurischia, Theropoda, Coelurosauria, Aves, Neognathae, Neoaves, Telluraves, Coraciimorphae, Coliiformes, Coliidae, Urocolius	GCA_013401255.1	full
UP000655588	Frieseomelitta varia	561572	11113	C:89.7%[S:88.4%,D:1.3%],F:4.5%,M:5.8%,n:5991	Unknown	Mitochondrion MT; Unassembled WGS sequence	cellular organisms, Eukaryota, Opisthokonta, Metazoa, Eumetazoa, Bilateria, Protostomia, Ecdysozoa, Panarthropoda, Arthropoda, Mandibulata, Pancrustacea, Hexapoda, Insecta, Dicondylia, Pterygota, Neoptera, Endopterygota, Hymenoptera, Apocrita, Aculeata, Apoidea, Anthophila, Apidae, Apinae, Meliponini, Frieseomelitta	GCA_011392965.1	full
UP000656497	Vidua macroura (Pin-tailed whydah)	187451	13045	C:65.6%[S:65.5%,D:0.2%],F:6.4%,M:27.9%,n:10844	Unknown	Unassembled WGS sequence	cellular organisms, Eukaryota, Opisthokonta, Metazoa, Eumetazoa, Bilateria, Deuterostomia, Chordata, Craniata, Vertebrata, Gnathostomata, Teleostomi, Euteleostomi, Sarcopterygii, Dipnotetrapodomorpha, Tetrapoda, Amniota, Sauropsida, Sauria, Archelosauria, Archosauria, Dinosauria, Saurischia, Theropoda, Coelurosauria, Aves, Neognathae, Neoaves, Telluraves, Australaves, Passeriformes, Passeroidea, Estrildidae, Viduinae, Vidua	GCA_013400395.1	full
UP000657035	Anhinga anhinga (Anhinga) (Plotus anhinga)	56067	13584	C:77.1%[S:76.7%,D:0.4%],F:6.6%,M:16.3%,n:8338	Unknown	Unassembled WGS sequence	cellular organisms, Eukaryota, Opisthokonta, Metazoa, Eumetazoa, Bilateria, Deuterostomia, Chordata, Craniata, Vertebrata, Gnathostomata, Teleostomi, Euteleostomi, Sarcopterygii, Dipnotetrapodomorpha, Tetrapoda, Amniota, Sauropsida, Sauria, Archelosauria, Archosauria, Dinosauria, Saurischia, Theropoda, Coelurosauria, Aves, Neognathae, Neoaves, Aequornithes, Suliformes, Anhingidae, Anhinga	GCA_013396435.1	full
UP000658642	Atrichornis clamosus	449594	14584	C:74.7%[S:74.5%,D:0.2%],F:6.2%,M:19.1%,n:10844	Unknown	Unassembled WGS sequence	cellular organisms, Eukaryota, Opisthokonta, Metazoa, Eumetazoa, Bilateria, Deuterostomia, Chordata, Craniata, Vertebrata, Gnathostomata, Teleostomi, Euteleostomi, Sarcopterygii, Dipnotetrapodomorpha, Tetrapoda, Amniota, Sauropsida, Sauria, Archelosauria, Archosauria, Dinosauria, Saurischia, Theropoda, Coelurosauria, Aves, Neognathae, Neoaves, Telluraves, Australaves, Passeriformes, Menuridae, Atrichornis	GCA_013400975.1	full
UP000659062	Copsychus sechellarum	797021	14377	C:76.0%[S:75.8%,D:0.2%],F:5.2%,M:18.7%,n:10844	Unknown	Unassembled WGS sequence	cellular organisms, Eukaryota, Opisthokonta, Metazoa, Eumetazoa, Bilateria, Deuterostomia, Chordata, Craniata, Vertebrata, Gnathostomata, Teleostomi, Euteleostomi, Sarcopterygii, Dipnotetrapodomorpha, Tetrapoda, Amniota, Sauropsida, Sauria, Archelosauria, Archosauria, Dinosauria, Saurischia, Theropoda, Coelurosauria, Aves, Neognathae, Neoaves, Telluraves, Australaves, Passeriformes, Muscicapidae, Copsychus	GCA_013398635.1	full
UP000659654	Bursaphelenchus xylophilus (Pinewood nematode worm) (Aphelenchoides xylophilus)	6326	15766	C:76.3%[S:74.4%,D:1.9%],F:1.1%,M:22.6%,n:3131	Unknown	Unassembled WGS sequence	cellular organisms, Eukaryota, Opisthokonta, Metazoa, Eumetazoa, Bilateria, Protostomia, Ecdysozoa, Nematoda, Chromadorea, Rhabditida, Tylenchina, Tylenchomorpha, Aphelenchoidea, Aphelenchoididae, Bursaphelenchus	GCA_904067135.1	full
UP000660247	Todus mexicanus (Puerto Rican tody)	135184	10042	C:39.4%[S:39.2%,D:0.2%],F:11.0%,M:49.6%,n:8338	Unknown	Unassembled WGS sequence	cellular organisms, Eukaryota, Opisthokonta, Metazoa, Eumetazoa, Bilateria, Deuterostomia, Chordata, Craniata, Vertebrata, Gnathostomata, Teleostomi, Euteleostomi, Sarcopterygii, Dipnotetrapodomorpha, Tetrapoda, Amniota, Sauropsida, Sauria, Archelosauria, Archosauria, Dinosauria, Saurischia, Theropoda, Coelurosauria, Aves, Neognathae, Neoaves, Telluraves, Coraciimorphae, Coraciiformes, Todidae, Todus	GCA_013389965.1	full
UP000660704	Donacobius atricapilla	237420	13711	C:74.1%[S:73.8%,D:0.3%],F:5.8%,M:20.2%,n:10844	Unknown	Unassembled WGS sequence	cellular organisms, Eukaryota, Opisthokonta, Metazoa, Eumetazoa, Bilateria, Deuterostomia, Chordata, Craniata, Vertebrata, Gnathostomata, Teleostomi, Euteleostomi, Sarcopterygii, Dipnotetrapodomorpha, Tetrapoda, Amniota, Sauropsida, Sauria, Archelosauria, Archosauria, Dinosauria, Saurischia, Theropoda, Coelurosauria, Aves, Neognathae, Neoaves, Telluraves, Australaves, Passeriformes, Mimidae, Donacobius	GCA_013397315.1	full
UP000661971	Nothocercus nigrocapillus	1977171	13104	C:75.8%[S:75.4%,D:0.4%],F:6.3%,M:17.9%,n:8338	Unknown	Unassembled WGS sequence	cellular organisms, Eukaryota, Opisthokonta, Metazoa, Eumetazoa, Bilateria, Deuterostomia, Chordata, Craniata, Vertebrata, Gnathostomata, Teleostomi, Euteleostomi, Sarcopterygii, Dipnotetrapodomorpha, Tetrapoda, Amniota, Sauropsida, Sauria, Archelosauria, Archosauria, Dinosauria, Saurischia, Theropoda, Coelurosauria, Aves, Palaeognathae, Tinamiformes, Tinamidae, Nothocercus	GCA_013398345.1	full
UP000663828	Adineta ricciae (Rotifer)	249248	64111	C:87.9%[S:13.0%,D:74.9%],F:2.5%,M:9.5%,n:954	Unknown	Unassembled WGS sequence	cellular organisms, Eukaryota, Opisthokonta, Metazoa, Eumetazoa, Bilateria, Protostomia, Spiralia, Gnathifera, Rotifera, Eurotatoria, Bdelloidea, Adinetida, Adinetidae, Adineta	GCA_905250095.1	full
UP000667349	Acromyrmex insinuator	230686	8949	C:87.7%[S:87.5%,D:0.2%],F:1.5%,M:10.7%,n:5991	Unknown	Unassembled WGS sequence	cellular organisms, Eukaryota, Opisthokonta, Metazoa, Eumetazoa, Bilateria, Protostomia, Ecdysozoa, Panarthropoda, Arthropoda, Mandibulata, Pancrustacea, Hexapoda, Insecta, Dicondylia, Pterygota, Neoptera, Endopterygota, Hymenoptera, Apocrita, Aculeata, Formicoidea, Formicidae, Myrmicinae, Attini, Acromyrmex	GCA_017607455.1	full
UP000668214	Pseudoatta argentina	621737	9266	C:81.8%[S:81.5%,D:0.3%],F:1.4%,M:16.8%,n:5991	Unknown	Unassembled WGS sequence	cellular organisms, Eukaryota, Opisthokonta, Metazoa, Eumetazoa, Bilateria, Protostomia, Ecdysozoa, Panarthropoda, Arthropoda, Mandibulata, Pancrustacea, Hexapoda, Insecta, Dicondylia, Pterygota, Neoptera, Endopterygota, Hymenoptera, Apocrita, Aculeata, Formicoidea, Formicidae, Myrmicinae, Attini, Pseudoatta	GCA_017607525.1	full
UP000669903	Acromyrmex charruanus	2715315	8957	C:87.7%[S:87.5%,D:0.2%],F:1.3%,M:11.0%,n:5991	Unknown	Unassembled WGS sequence	cellular organisms, Eukaryota, Opisthokonta, Metazoa, Eumetazoa, Bilateria, Protostomia, Ecdysozoa, Panarthropoda, Arthropoda, Mandibulata, Pancrustacea, Hexapoda, Insecta, Dicondylia, Pterygota, Neoptera, Endopterygota, Hymenoptera, Apocrita, Aculeata, Formicoidea, Formicidae, Myrmicinae, Attini, Acromyrmex	GCA_017607545.1	full
UP000670152	Acromyrmex heyeri	230685	9100	C:84.8%[S:84.5%,D:0.3%],F:2.7%,M:12.5%,n:5991	Unknown	Unassembled WGS sequence	cellular organisms, Eukaryota, Opisthokonta, Metazoa, Eumetazoa, Bilateria, Protostomia, Ecdysozoa, Panarthropoda, Arthropoda, Mandibulata, Pancrustacea, Hexapoda, Insecta, Dicondylia, Pterygota, Neoptera, Endopterygota, Hymenoptera, Apocrita, Aculeata, Formicoidea, Formicidae, Myrmicinae, Attini, Acromyrmex	GCA_017607565.1	full
UP000675881	Lepeophtheirus salmonis (Salmon louse) (Caligus salmonis)	72036	17041	C:71.0%[S:62.7%,D:8.3%],F:9.4%,M:19.6%,n:1013	Unknown	Chromosome 1; Chromosome 2; Chromosome 3; Chromosome 4; Chromosome 5; Chromosome 6; Chromosome 7; Chromosome 8; Chromosome 9; Chromosome 10; Chromosome 11; Chromosome 12; Chromosome 13; Chromosome 14; Chromosome 15; Mitochondrion mitochondrion; Unassembled WGS sequence	cellular organisms, Eukaryota, Opisthokonta, Metazoa, Eumetazoa, Bilateria, Protostomia, Ecdysozoa, Panarthropoda, Arthropoda, Mandibulata, Pancrustacea, Crustacea, Multicrustacea, Hexanauplia, Copepoda, Neocopepoda, Podoplea, Siphonostomatoida, Caligidae, Lepeophtheirus	GCA_905330665.1	full
UP000677054	Darwinula stevensoni	69355	15613	C:84.4%[S:80.8%,D:3.7%],F:4.2%,M:11.4%,n:1013	Unknown	Unassembled WGS sequence	cellular organisms, Eukaryota, Opisthokonta, Metazoa, Eumetazoa, Bilateria, Protostomia, Ecdysozoa, Panarthropoda, Arthropoda, Mandibulata, Pancrustacea, Crustacea, Oligostraca, Ostracoda, Podocopa, Podocopida, Darwinulocopina, Darwinuloidea, Darwinulidae, Darwinula	GCA_905338385.1	full
UP000677803	Menidia menidia (Atlantic silverside)	238744	21059	C:85.0%[S:79.4%,D:5.6%],F:3.0%,M:12.0%,n:3640	Unknown	Unassembled WGS sequence	cellular organisms, Eukaryota, Opisthokonta, Metazoa, Eumetazoa, Bilateria, Deuterostomia, Chordata, Craniata, Vertebrata, Gnathostomata, Teleostomi, Euteleostomi, Actinopterygii, Actinopteri, Neopterygii, Teleostei, Osteoglossocephalai, Clupeocephala, Euteleosteomorpha, Neoteleostei, Eurypterygia, Ctenosquamata, Acanthomorphata, Euacanthomorphacea, Percomorphaceae, Ovalentaria, Atherinomorphae, Atheriniformes, Atherinopsidae, Menidiinae, Menidia	GCA_907169785.1	full
UP000678393	Candidula unifasciata	100452	22446	C:80.1%[S:67.5%,D:12.6%],F:5.1%,M:14.8%,n:5295	Unknown	Unassembled WGS sequence	cellular organisms, Eukaryota, Opisthokonta, Metazoa, Eumetazoa, Bilateria, Protostomia, Spiralia, Lophotrochozoa, Mollusca, Gastropoda, Heterobranchia, Euthyneura, Panpulmonata, Eupulmonata, Stylommatophora, Helicina, Helicoidea, Geomitridae, Candidula	GCA_905116865.2	full
UP000681084	Bothrops jararaca (Jararaca) (Bothrops jajaraca)	8724	84	C:0.1%[S:0.1%,D:0.0%],F:0.0%,M:99.9%,n:7480	Unknown	Unassembled WGS sequence	cellular organisms, Eukaryota, Opisthokonta, Metazoa, Eumetazoa, Bilateria, Deuterostomia, Chordata, Craniata, Vertebrata, Gnathostomata, Teleostomi, Euteleostomi, Sarcopterygii, Dipnotetrapodomorpha, Tetrapoda, Amniota, Sauropsida, Sauria, Lepidosauria, Squamata, Bifurcata, Unidentata, Episquamata, Toxicofera, Serpentes, Colubroidea, Viperidae, Crotalinae, Bothrops	GCA_018340635.1	full
UP000683360	Mytilus edulis (Blue mussel)	6550	73624	C:80.1%[S:56.9%,D:23.2%],F:3.0%,M:16.9%,n:5295	Unknown	Unassembled WGS sequence	cellular organisms, Eukaryota, Opisthokonta, Metazoa, Eumetazoa, Bilateria, Protostomia, Spiralia, Lophotrochozoa, Mollusca, Bivalvia, Autobranchia, Pteriomorphia, Mytilida, Mytiloidea, Mytilidae, Mytilinae, Mytilus	GCA_905397895.1	full
UP000693946	Solea senegalensis (Senegalese sole)	28829	44389	C:97.7%[S:55.8%,D:41.9%],F:0.6%,M:1.7%,n:3640	Unknown	Linkage Group LG1; Linkage Group LG10; Linkage Group LG11; Linkage Group LG12; Linkage Group LG13; Linkage Group LG14; Linkage Group LG15; Linkage Group LG16; Linkage Group LG17; Linkage Group LG18; Linkage Group LG19; Linkage Group LG2; Linkage Group LG20; Linkage Group LG21; Linkage Group LG3; Linkage Group LG4; Linkage Group LG5; Linkage Group LG6; Linkage Group LG7; Linkage Group LG8; Linkage Group LG9; Unassembled WGS sequence	cellular organisms, Eukaryota, Opisthokonta, Metazoa, Eumetazoa, Bilateria, Deuterostomia, Chordata, Craniata, Vertebrata, Gnathostomata, Teleostomi, Euteleostomi, Actinopterygii, Actinopteri, Neopterygii, Teleostei, Osteoglossocephalai, Clupeocephala, Euteleosteomorpha, Neoteleostei, Eurypterygia, Ctenosquamata, Acanthomorphata, Euacanthomorphacea, Percomorphaceae, Carangaria, Pleuronectiformes, Pleuronectoidei, Soleidae, Solea	GCA_019176455.1	full
UP000694380	Chrysemys picta bellii (Western painted turtle) (Emys bellii)	8478	37046	C:95.4%[S:52.0%,D:43.3%],F:1.9%,M:2.7%,n:7480	Unknown	Chromosome 1; Chromosome 2; Chromosome 3; Chromosome 4; Chromosome 6; Chromosome 5; Chromosome 7; Chromosome 8; Chromosome 10; Chromosome 11; Chromosome 13; Chromosome 15; Chromosome 17; Chromosome 19; Chromosome 21; Chromosome 22; Chromosome 24; Chromosome 25; Unplaced	cellular organisms, Eukaryota, Opisthokonta, Metazoa, Eumetazoa, Bilateria, Deuterostomia, Chordata, Craniata, Vertebrata, Gnathostomata, Teleostomi, Euteleostomi, Sarcopterygii, Dipnotetrapodomorpha, Tetrapoda, Amniota, Sauropsida, Sauria, Archelosauria, Testudinata, Testudines, Cryptodira, Durocryptodira, Testudinoidea, Emydidae, Chrysemys, Chrysemys picta	GCA_000241765.2	full
UP000694382	Geospiza parvula (Small tree-finch) (Camarhynchus parvulus)	87175	24736	C:92.1%[S:68.4%,D:23.7%],F:2.0%,M:5.9%,n:10844	Unknown	Chromosome 1; Chromosome 1A; Chromosome 2; Chromosome 3; Chromosome 4; Chromosome 4A; Chromosome 5; Chromosome 6; Chromosome 7; Chromosome 8; Chromosome 9; Chromosome 10; Chromosome 11; Chromosome 12; Chromosome 13; Chromosome 14; Chromosome 15; Chromosome 17; Chromosome 18; Chromosome 19; Chromosome 20; Chromosome 21; Chromosome 22; Chromosome 23; Chromosome 24; Chromosome 25; Chromosome 26; Chromosome 27; Chromosome 28; Chromosome Z; Unassembled WGS sequence	cellular organisms, Eukaryota, Opisthokonta, Metazoa, Eumetazoa, Bilateria, Deuterostomia, Chordata, Craniata, Vertebrata, Gnathostomata, Teleostomi, Euteleostomi, Sarcopterygii, Dipnotetrapodomorpha, Tetrapoda, Amniota, Sauropsida, Sauria, Archelosauria, Archosauria, Dinosauria, Saurischia, Theropoda, Coelurosauria, Aves, Neognathae, Neoaves, Telluraves, Australaves, Passeriformes, Thraupidae, Camarhynchus	GCA_902806625.1	full
UP000694383	Oryzias sinensis (Chinese medaka)	183150	51767	C:84.3%[S:43.2%,D:41.0%],F:4.9%,M:10.8%,n:3640	Unknown	Unplaced	cellular organisms, Eukaryota, Opisthokonta, Metazoa, Eumetazoa, Bilateria, Deuterostomia, Chordata, Craniata, Vertebrata, Gnathostomata, Teleostomi, Euteleostomi, Actinopterygii, Actinopteri, Neopterygii, Teleostei, Osteoglossocephalai, Clupeocephala, Euteleosteomorpha, Neoteleostei, Eurypterygia, Ctenosquamata, Acanthomorphata, Euacanthomorphacea, Percomorphaceae, Ovalentaria, Atherinomorphae, Beloniformes, Adrianichthyoidei, Adrianichthyidae, Oryziinae, Oryzias	GCA_008586565.1	full
UP000694387	Equus asinus (Donkey) (Equus africanus asinus)	9793	48973	C:97.1%[S:39.1%,D:58.0%],F:1.0%,M:1.9%,n:12234	Unknown	Chromosome 1; Chromosome 2; Chromosome 3; Chromosome 4; Chromosome 5; Chromosome 6; Chromosome 7; Chromosome 8; Chromosome 9; Chromosome 10; Chromosome X; Chromosome 11; Chromosome 12; Chromosome 13; Chromosome 14; Chromosome 15; Chromosome 16; Chromosome 17; Chromosome 18; Chromosome 19; Chromosome 20; Chromosome 21; Chromosome 22; Chromosome 23; Chromosome 24; Chromosome 25; Chromosome 26; Chromosome 27; Chromosome 28; Chromosome 29; Chromosome 30; Chromosome Y; Mitochondrion MT; Unassembled WGS sequence; Unplaced	cellular organisms, Eukaryota, Opisthokonta, Metazoa, Eumetazoa, Bilateria, Deuterostomia, Chordata, Craniata, Vertebrata, Gnathostomata, Teleostomi, Euteleostomi, Sarcopterygii, Dipnotetrapodomorpha, Tetrapoda, Amniota, Mammalia, Theria, Eutheria, Boreoeutheria, Laurasiatheria, Perissodactyla, Equidae, Equus	GCA_016077325.2	full
UP000694388	Eptatretus burgeri (Inshore hagfish)	7764	25419	C:57.5%[S:30.3%,D:27.2%],F:12.5%,M:30.0%,n:3354	Unknown	Unplaced	cellular organisms, Eukaryota, Opisthokonta, Metazoa, Eumetazoa, Bilateria, Deuterostomia, Chordata, Craniata, Vertebrata, Cyclostomata, Myxini, Myxiniformes, Myxinidae, Eptatretinae, Eptatretus	GCA_900186335.2	full
UP000694389	Dicentrarchus labrax (European seabass) (Morone labrax)	13489	66288	C:91.7%[S:41.4%,D:50.3%],F:1.0%,M:7.3%,n:3640	Unknown	Unassembled WGS sequence; Unplaced	cellular organisms, Eukaryota, Opisthokonta, Metazoa, Eumetazoa, Bilateria, Deuterostomia, Chordata, Craniata, Vertebrata, Gnathostomata, Teleostomi, Euteleostomi, Actinopterygii, Actinopteri, Neopterygii, Teleostei, Osteoglossocephalai, Clupeocephala, Euteleosteomorpha, Neoteleostei, Eurypterygia, Ctenosquamata, Acanthomorphata, Euacanthomorphacea, Percomorphaceae, Eupercaria, Eupercaria incertae sedis, Moronidae, Dicentrarchus	GCA_905237075.1	full
UP000694392	Sphenodon punctatus (Tuatara) (Hatteria punctata)	8508	24853	C:83.4%[S:63.2%,D:20.1%],F:5.0%,M:11.6%,n:7480	Unknown	Unplaced	cellular organisms, Eukaryota, Opisthokonta, Metazoa, Eumetazoa, Bilateria, Deuterostomia, Chordata, Craniata, Vertebrata, Gnathostomata, Teleostomi, Euteleostomi, Sarcopterygii, Dipnotetrapodomorpha, Tetrapoda, Amniota, Sauropsida, Sauria, Lepidosauria, Sphenodontia, Sphenodontidae, Sphenodon	GCA_003113815.1	full
UP000694393	Pelusios castaneus (West African mud turtle)	367368	26820	C:93.9%[S:75.4%,D:18.5%],F:2.3%,M:3.8%,n:7480	Unknown	Unplaced	cellular organisms, Eukaryota, Opisthokonta, Metazoa, Eumetazoa, Bilateria, Deuterostomia, Chordata, Craniata, Vertebrata, Gnathostomata, Teleostomi, Euteleostomi, Sarcopterygii, Dipnotetrapodomorpha, Tetrapoda, Amniota, Sauropsida, Sauria, Archelosauria, Testudinata, Testudines, Pleurodira, Pelomedusidae, Pelusios	GCA_007922175.1	full
UP000694395	Oncorhynchus mykiss (Rainbow trout) (Salmo gairdneri)	8022	119611	C:98.1%[S:27.4%,D:70.7%],F:0.7%,M:1.2%,n:3640	Unknown	Chromosome 1; Chromosome 2; Chromosome 3; Chromosome 4; Chromosome 5; Chromosome 6; Chromosome 7; Chromosome 8; Chromosome 9; Chromosome 10; Chromosome 11; Chromosome 12; Chromosome 13; Chromosome 14; Chromosome 15; Chromosome 16; Chromosome 17; Chromosome 18; Chromosome 19; Chromosome 20; Chromosome 21; Chromosome 22; Chromosome 23; Chromosome 24; Chromosome 25; Chromosome 26; Chromosome 27; Chromosome 28; Chromosome 30; Chromosome 31; Chromosome 32; Chromosome Y; Unassembled WGS sequence; Unplaced	cellular organisms, Eukaryota, Opisthokonta, Metazoa, Eumetazoa, Bilateria, Deuterostomia, Chordata, Craniata, Vertebrata, Gnathostomata, Teleostomi, Euteleostomi, Actinopterygii, Actinopteri, Neopterygii, Teleostei, Osteoglossocephalai, Clupeocephala, Euteleosteomorpha, Protacanthopterygii, Salmoniformes, Salmonidae, Salmoninae, Oncorhynchus	GCA_013265735.3	full
UP000694396	Cyanoderma ruficeps (rufous-capped babbler)	181631	21562	C:93.2%[S:73.0%,D:20.2%],F:1.7%,M:5.1%,n:10844	Unknown	Unplaced	cellular organisms, Eukaryota, Opisthokonta, Metazoa, Eumetazoa, Bilateria, Deuterostomia, Chordata, Craniata, Vertebrata, Gnathostomata, Teleostomi, Euteleostomi, Sarcopterygii, Dipnotetrapodomorpha, Tetrapoda, Amniota, Sauropsida, Sauria, Archelosauria, Archosauria, Dinosauria, Saurischia, Theropoda, Coelurosauria, Aves, Neognathae, Neoaves, Telluraves, Australaves, Passeriformes, Sylvioidea, Timaliidae, Cyanoderma	GCA_008694505.1	full
UP000694397	Scleropages formosus (Asian bonytongue) (Osteoglossum formosum)	113540	68105	C:97.2%[S:48.3%,D:48.9%],F:1.0%,M:1.8%,n:3640	Unknown	Chromosome 1; Chromosome 2; Chromosome 3; Chromosome 4; Chromosome 5; Chromosome 6; Chromosome 7; Chromosome 8; Chromosome 9; Chromosome 10; Chromosome 11; Chromosome 12; Chromosome 13; Chromosome 14; Chromosome 15; Chromosome 16; Chromosome 17; Chromosome 18; Chromosome 19; Chromosome 20; Chromosome 21; Chromosome 22; Chromosome 23; Chromosome 24; Unassembled WGS sequence; Chromosome 25	cellular organisms, Eukaryota, Opisthokonta, Metazoa, Eumetazoa, Bilateria, Deuterostomia, Chordata, Craniata, Vertebrata, Gnathostomata, Teleostomi, Euteleostomi, Actinopterygii, Actinopteri, Neopterygii, Teleostei, Osteoglossocephalai, Osteoglossocephala, Osteoglossomorpha, Osteoglossiformes, Osteoglossidae, Scleropages	GCA_900964775.1	full
UP000694401	Zosterops lateralis melanops	1220523	21599	C:85.7%[S:64.2%,D:21.4%],F:3.6%,M:10.7%,n:10844	Unknown	Unassembled WGS sequence	cellular organisms, Eukaryota, Opisthokonta, Metazoa, Eumetazoa, Bilateria, Deuterostomia, Chordata, Craniata, Vertebrata, Gnathostomata, Teleostomi, Euteleostomi, Sarcopterygii, Dipnotetrapodomorpha, Tetrapoda, Amniota, Sauropsida, Sauria, Archelosauria, Archosauria, Dinosauria, Saurischia, Theropoda, Coelurosauria, Aves, Neognathae, Neoaves, Telluraves, Australaves, Passeriformes, Sylvioidea, Zosteropidae, Zosterops, Zosterops lateralis	GCA_001281735.1	full
UP000694402	Oncorhynchus tshawytscha (Chinook salmon) (Salmo tshawytscha)	74940	121708	C:97.1%[S:21.5%,D:75.6%],F:0.9%,M:2.0%,n:3640	Unknown	Linkage Group LG01; Linkage Group LG02; Linkage Group LG03; Linkage Group LG04; Linkage Group LG05; Linkage Group LG06; Linkage Group LG07; Linkage Group LG08; Linkage Group LG09; Linkage Group LG10; Linkage Group LG11; Linkage Group LG12; Linkage Group LG13; Linkage Group LG14; Linkage Group LG15; Linkage Group LG16; Linkage Group LG17; Linkage Group LG18; Linkage Group LG19; Linkage Group LG20; Linkage Group LG21; Linkage Group LG22; Linkage Group LG23; Linkage Group LG24; Linkage Group LG25; Linkage Group LG26; Linkage Group LG27; Linkage Group LG28; Linkage Group LG29; Linkage Group LG30; Linkage Group LG31; Linkage Group LG32; Linkage Group LG33; Linkage Group LG34; Unassembled WGS sequence; Unplaced	cellular organisms, Eukaryota, Opisthokonta, Metazoa, Eumetazoa, Bilateria, Deuterostomia, Chordata, Craniata, Vertebrata, Gnathostomata, Teleostomi, Euteleostomi, Actinopterygii, Actinopteri, Neopterygii, Teleostei, Osteoglossocephalai, Clupeocephala, Euteleosteomorpha, Protacanthopterygii, Salmoniformes, Salmonidae, Salmoninae, Oncorhynchus	GCA_018296145.1	full
UP000694403	Chelydra serpentina (Snapping turtle) (Testudo serpentina)	8475	28613	C:92.1%[S:66.2%,D:25.9%],F:2.9%,M:5.0%,n:7480	Unknown	Unplaced	cellular organisms, Eukaryota, Opisthokonta, Metazoa, Eumetazoa, Bilateria, Deuterostomia, Chordata, Craniata, Vertebrata, Gnathostomata, Teleostomi, Euteleostomi, Sarcopterygii, Dipnotetrapodomorpha, Tetrapoda, Amniota, Sauropsida, Sauria, Archelosauria, Testudinata, Testudines, Cryptodira, Durocryptodira, Americhelydia, Chelydroidea, Chelydridae, Chelydra	GCA_007922165.1	full
UP000694404	Chelonoidis abingdonii (Abingdon island giant tortoise) (Testudo abingdonii)	106734	31592	C:88.2%[S:63.6%,D:24.6%],F:4.8%,M:7.0%,n:7480	Unknown	Unplaced	cellular organisms, Eukaryota, Opisthokonta, Metazoa, Eumetazoa, Bilateria, Deuterostomia, Chordata, Craniata, Vertebrata, Gnathostomata, Teleostomi, Euteleostomi, Sarcopterygii, Dipnotetrapodomorpha, Tetrapoda, Amniota, Sauropsida, Sauria, Archelosauria, Testudinata, Testudines, Cryptodira, Durocryptodira, Testudinoidea, Testudinidae, Chelonoidis, Chelonoidis nigra species complex	GCA_003597395.1	full
UP000694405	Melopsittacus undulatus (Budgerigar) (Psittacus undulatus)	13146	25030	C:93.8%[S:69.7%,D:24.0%],F:2.0%,M:4.2%,n:8338	Unknown	Chromosome 1; Chromosome 2; Chromosome 3; Chromosome 4; Chromosome 5; Chromosome 6; Chromosome 7; Chromosome 8; Chromosome 9; Chromosome 10; Chromosome 11; Chromosome 12; Chromosome 13; Chromosome 14; Chromosome 15; Chromosome 16; Chromosome 17; Chromosome 18; Chromosome 19; Chromosome 20; Chromosome 21; Chromosome 22; Chromosome 23; Chromosome 24; Chromosome 25; Chromosome 26; Chromosome 27; Chromosome 28; Chromosome 29; Chromosome 30; Chromosome W; Chromosome Z; Mitochondrion MT; Unassembled WGS sequence	cellular organisms, Eukaryota, Opisthokonta, Metazoa, Eumetazoa, Bilateria, Deuterostomia, Chordata, Craniata, Vertebrata, Gnathostomata, Teleostomi, Euteleostomi, Sarcopterygii, Dipnotetrapodomorpha, Tetrapoda, Amniota, Sauropsida, Sauria, Archelosauria, Archosauria, Dinosauria, Saurischia, Theropoda, Coelurosauria, Aves, Neognathae, Neoaves, Telluraves, Australaves, Psittaciformes, Psittaculidae, Melopsittacus	GCA_012275295.1	full
UP000694406	Laticauda laticaudata (Blue-ringed sea krait) (Blue-lipped sea krait)	8630	25227	C:73.6%[S:54.3%,D:19.3%],F:8.5%,M:17.9%,n:7480	Unknown	Unplaced	cellular organisms, Eukaryota, Opisthokonta, Metazoa, Eumetazoa, Bilateria, Deuterostomia, Chordata, Craniata, Vertebrata, Gnathostomata, Teleostomi, Euteleostomi, Sarcopterygii, Dipnotetrapodomorpha, Tetrapoda, Amniota, Sauropsida, Sauria, Lepidosauria, Squamata, Bifurcata, Unidentata, Episquamata, Toxicofera, Serpentes, Colubroidea, Elapidae, Laticaudinae, Laticauda	GCA_004320025.1	full
UP000694408	Junco hyemalis (Dark-eyed junco)	40217	22411	C:87.4%[S:59.6%,D:27.9%],F:2.0%,M:10.6%,n:10844	Unknown	Unplaced	cellular organisms, Eukaryota, Opisthokonta, Metazoa, Eumetazoa, Bilateria, Deuterostomia, Chordata, Craniata, Vertebrata, Gnathostomata, Teleostomi, Euteleostomi, Sarcopterygii, Dipnotetrapodomorpha, Tetrapoda, Amniota, Sauropsida, Sauria, Archelosauria, Archosauria, Dinosauria, Saurischia, Theropoda, Coelurosauria, Aves, Neognathae, Neoaves, Telluraves, Australaves, Passeriformes, Passerellidae, Junco	GCA_003829775.1	full
UP000694410	Cyanistes caeruleus (Eurasian blue tit) (Parus caeruleus)	156563	27051	C:91.7%[S:53.4%,D:38.4%],F:2.5%,M:5.8%,n:10844	Unknown	Unplaced	cellular organisms, Eukaryota, Opisthokonta, Metazoa, Eumetazoa, Bilateria, Deuterostomia, Chordata, Craniata, Vertebrata, Gnathostomata, Teleostomi, Euteleostomi, Sarcopterygii, Dipnotetrapodomorpha, Tetrapoda, Amniota, Sauropsida, Sauria, Archelosauria, Archosauria, Dinosauria, Saurischia, Theropoda, Coelurosauria, Aves, Neognathae, Neoaves, Telluraves, Australaves, Passeriformes, Paridae, Cyanistes	GCA_002901205.1	full
UP000694411	Theropithecus gelada (Gelada baboon)	9565	35917	C:97.2%[S:65.7%,D:31.6%],F:0.5%,M:2.3%,n:13780	Unknown	Chromosome 1; Chromosome 2; Chromosome 3; Chromosome 4; Chromosome 5; Chromosome 6; Chromosome 7a; Chromosome 7b; Chromosome 8; Chromosome 9; Chromosome 10; Chromosome X; Chromosome 11; Chromosome 12; Chromosome 13; Chromosome 14; Chromosome 15; Chromosome 16; Chromosome 17; Chromosome 18; Chromosome 19; Unassembled WGS sequence; Chromosome 20; Unplaced	cellular organisms, Eukaryota, Opisthokonta, Metazoa, Eumetazoa, Bilateria, Deuterostomia, Chordata, Craniata, Vertebrata, Gnathostomata, Teleostomi, Euteleostomi, Sarcopterygii, Dipnotetrapodomorpha, Tetrapoda, Amniota, Mammalia, Theria, Eutheria, Boreoeutheria, Euarchontoglires, Primates, Haplorrhini, Simiiformes, Catarrhini, Cercopithecoidea, Cercopithecidae, Cercopithecinae, Theropithecus	GCA_003255815.1	full
UP000694413	Zonotrichia albicollis (White-throated sparrow) (Fringilla albicollis)	44394	23103	C:87.2%[S:57.3%,D:29.8%],F:3.2%,M:9.7%,n:10844	Unknown	Unassembled WGS sequence	cellular organisms, Eukaryota, Opisthokonta, Metazoa, Eumetazoa, Bilateria, Deuterostomia, Chordata, Craniata, Vertebrata, Gnathostomata, Teleostomi, Euteleostomi, Sarcopterygii, Dipnotetrapodomorpha, Tetrapoda, Amniota, Sauropsida, Sauria, Archelosauria, Archosauria, Dinosauria, Saurischia, Theropoda, Coelurosauria, Aves, Neognathae, Neoaves, Telluraves, Australaves, Passeriformes, Passerellidae, Zonotrichia	GCA_000385455.1	full
UP000694415	Mus spicilegus (Mound-building mouse)	10103	35596	C:96.1%[S:60.1%,D:36.0%],F:1.0%,M:2.9%,n:13798	Unknown	Unplaced	cellular organisms, Eukaryota, Opisthokonta, Metazoa, Eumetazoa, Bilateria, Deuterostomia, Chordata, Craniata, Vertebrata, Gnathostomata, Teleostomi, Euteleostomi, Sarcopterygii, Dipnotetrapodomorpha, Tetrapoda, Amniota, Mammalia, Theria, Eutheria, Boreoeutheria, Euarchontoglires, Glires, Rodentia, Myomorpha, Muroidea, Muridae, Murinae, Mus, Mus	GCA_003336285.1	full
UP000694416	Piliocolobus tephrosceles (Ugandan red Colobus)	591936	39892	C:94.6%[S:59.2%,D:35.4%],F:1.2%,M:4.2%,n:13780	Unknown	Unplaced	cellular organisms, Eukaryota, Opisthokonta, Metazoa, Eumetazoa, Bilateria, Deuterostomia, Chordata, Craniata, Vertebrata, Gnathostomata, Teleostomi, Euteleostomi, Sarcopterygii, Dipnotetrapodomorpha, Tetrapoda, Amniota, Mammalia, Theria, Eutheria, Boreoeutheria, Euarchontoglires, Primates, Haplorrhini, Simiiformes, Catarrhini, Cercopithecoidea, Cercopithecidae, Colobinae, Piliocolobus	GCA_002776525.2	full
UP000694419	Calidris pygmaea (Spoon-billed sandpiper)	425635	26111	C:93.9%[S:63.6%,D:30.3%],F:2.7%,M:3.4%,n:8338	Unknown	Unplaced	cellular organisms, Eukaryota, Opisthokonta, Metazoa, Eumetazoa, Bilateria, Deuterostomia, Chordata, Craniata, Vertebrata, Gnathostomata, Teleostomi, Euteleostomi, Sarcopterygii, Dipnotetrapodomorpha, Tetrapoda, Amniota, Sauropsida, Sauria, Archelosauria, Archosauria, Dinosauria, Saurischia, Theropoda, Coelurosauria, Aves, Neognathae, Neoaves, Charadriiformes, Scolopacidae, Calidris	GCA_003697955.1	full
UP000694420	Nothoprocta perdicaria (Chilean tinamou) (Crypturus perdicarius)	30464	21914	C:83.3%[S:67.6%,D:15.7%],F:6.3%,M:10.4%,n:8338	Unknown	Unplaced	cellular organisms, Eukaryota, Opisthokonta, Metazoa, Eumetazoa, Bilateria, Deuterostomia, Chordata, Craniata, Vertebrata, Gnathostomata, Teleostomi, Euteleostomi, Sarcopterygii, Dipnotetrapodomorpha, Tetrapoda, Amniota, Sauropsida, Sauria, Archelosauria, Archosauria, Dinosauria, Saurischia, Theropoda, Coelurosauria, Aves, Palaeognathae, Tinamiformes, Tinamidae, Nothoprocta	GCA_003342845.1	full
UP000694421	Salvator merianae (Argentine black and white tegu) (Tupinambis merianae)	96440	29536	C:94.4%[S:63.7%,D:30.7%],F:1.2%,M:4.4%,n:7480	Unknown	Unplaced	cellular organisms, Eukaryota, Opisthokonta, Metazoa, Eumetazoa, Bilateria, Deuterostomia, Chordata, Craniata, Vertebrata, Gnathostomata, Teleostomi, Euteleostomi, Sarcopterygii, Dipnotetrapodomorpha, Tetrapoda, Amniota, Sauropsida, Sauria, Lepidosauria, Squamata, Bifurcata, Unidentata, Episquamata, Laterata, Teiioidea, Teiidae, Salvator	GCA_003586115.1	full
UP000694422	Spermophilus dauricus (Daurian ground squirrel)	99837	27244	C:82.9%[S:66.1%,D:16.9%],F:3.5%,M:13.6%,n:13798	Unknown	Unplaced	cellular organisms, Eukaryota, Opisthokonta, Metazoa, Eumetazoa, Bilateria, Deuterostomia, Chordata, Craniata, Vertebrata, Gnathostomata, Teleostomi, Euteleostomi, Sarcopterygii, Dipnotetrapodomorpha, Tetrapoda, Amniota, Mammalia, Theria, Eutheria, Boreoeutheria, Euarchontoglires, Glires, Rodentia, Sciuromorpha, Sciuridae, Xerinae, Marmotini, Spermophilus	GCA_002406435.1	full
UP000694423	Dromaius novaehollandiae (Emu)	8790	26023	C:95.1%[S:58.0%,D:37.2%],F:1.8%,M:3.1%,n:8338	Unknown	Unplaced	cellular organisms, Eukaryota, Opisthokonta, Metazoa, Eumetazoa, Bilateria, Deuterostomia, Chordata, Craniata, Vertebrata, Gnathostomata, Teleostomi, Euteleostomi, Sarcopterygii, Dipnotetrapodomorpha, Tetrapoda, Amniota, Sauropsida, Sauria, Archelosauria, Archosauria, Dinosauria, Saurischia, Theropoda, Coelurosauria, Aves, Palaeognathae, Casuariiformes, Dromaiidae, Dromaius	GCA_003342905.1	full
UP000694424	Apteryx owenii (Little spotted kiwi)	8824	27523	C:92.4%[S:58.2%,D:34.3%],F:2.6%,M:5.0%,n:8338	Unknown	Unplaced	cellular organisms, Eukaryota, Opisthokonta, Metazoa, Eumetazoa, Bilateria, Deuterostomia, Chordata, Craniata, Vertebrata, Gnathostomata, Teleostomi, Euteleostomi, Sarcopterygii, Dipnotetrapodomorpha, Tetrapoda, Amniota, Sauropsida, Sauria, Archelosauria, Archosauria, Dinosauria, Saurischia, Theropoda, Coelurosauria, Aves, Palaeognathae, Apterygiformes, Apterygidae, Apteryx	GCA_003342965.1	full
UP000694427	Cyprinus carpio (Common carp)	7962	121350	C:97.3%[S:17.8%,D:79.5%],F:1.0%,M:1.7%,n:3640	Unknown	Unplaced	cellular organisms, Eukaryota, Opisthokonta, Metazoa, Eumetazoa, Bilateria, Deuterostomia, Chordata, Craniata, Vertebrata, Gnathostomata, Teleostomi, Euteleostomi, Actinopterygii, Actinopteri, Neopterygii, Teleostei, Osteoglossocephalai, Clupeocephala, Otomorpha, Ostariophysi, Otophysi, Cypriniphysae, Cypriniformes, Cyprinoidei, Cyprinidae, Cyprininae, Cyprinus	GCA_004011555.1	full
UP000694428	Pavo cristatus (Indian peafowl) (Blue peafowl)	9049	25675	C:70.9%[S:48.5%,D:22.5%],F:9.7%,M:19.4%,n:8338	Unknown	Unplaced	cellular organisms, Eukaryota, Opisthokonta, Metazoa, Eumetazoa, Bilateria, Deuterostomia, Chordata, Craniata, Vertebrata, Gnathostomata, Teleostomi, Euteleostomi, Sarcopterygii, Dipnotetrapodomorpha, Tetrapoda, Amniota, Sauropsida, Sauria, Archelosauria, Archosauria, Dinosauria, Saurischia, Theropoda, Coelurosauria, Aves, Neognathae, Galloanserae, Galliformes, Phasianidae, Phasianinae, Pavo	GCA_005519975.1	full
UP000694520	Bos mutus grunniens (Wild yak) (Bos grunniens)	30521	39898	C:92.0%[S:46.2%,D:45.8%],F:0.9%,M:7.1%,n:13335	Unknown	Chromosome 1; Chromosome 2; Chromosome 3; Chromosome 4; Chromosome 5; Chromosome 6; Chromosome 7; Chromosome 8; Chromosome 9; Chromosome 10; Chromosome X; Chromosome 11; Chromosome 12; Chromosome 13; Chromosome 14; Chromosome 15; Chromosome 16; Chromosome 17; Chromosome 18; Chromosome 19; Chromosome 20; Chromosome 21; Chromosome 22; Chromosome 23; Chromosome 24; Chromosome 26; Chromosome 25; Chromosome 27; Chromosome 28; Chromosome 29; Unassembled WGS sequence; Chromosome Y; Unplaced	cellular organisms, Eukaryota, Opisthokonta, Metazoa, Eumetazoa, Bilateria, Deuterostomia, Chordata, Craniata, Vertebrata, Gnathostomata, Teleostomi, Euteleostomi, Sarcopterygii, Dipnotetrapodomorpha, Tetrapoda, Amniota, Mammalia, Theria, Eutheria, Boreoeutheria, Laurasiatheria, Artiodactyla, Ruminantia, Pecora, Bovidae, Bovinae, Bos	GCA_005887515.1	full
UP000694521	Anser cygnoides (Swan goose)	8845	26655	C:95.0%[S:61.8%,D:33.2%],F:1.8%,M:3.2%,n:8338	Unknown	Unplaced	cellular organisms, Eukaryota, Opisthokonta, Metazoa, Eumetazoa, Bilateria, Deuterostomia, Chordata, Craniata, Vertebrata, Gnathostomata, Teleostomi, Euteleostomi, Sarcopterygii, Dipnotetrapodomorpha, Tetrapoda, Amniota, Sauropsida, Sauria, Archelosauria, Archosauria, Dinosauria, Saurischia, Theropoda, Coelurosauria, Aves, Neognathae, Galloanserae, Anseriformes, Anatidae, Anserinae, Anser	GCA_002166845.1	full
UP000694522	Amazona collaria (yellow-billed parrot)	241587	25605	C:91.5%[S:62.1%,D:29.5%],F:3.1%,M:5.3%,n:8338	Unknown	Unplaced	cellular organisms, Eukaryota, Opisthokonta, Metazoa, Eumetazoa, Bilateria, Deuterostomia, Chordata, Craniata, Vertebrata, Gnathostomata, Teleostomi, Euteleostomi, Sarcopterygii, Dipnotetrapodomorpha, Tetrapoda, Amniota, Sauropsida, Sauria, Archelosauria, Archosauria, Dinosauria, Saurischia, Theropoda, Coelurosauria, Aves, Neognathae, Neoaves, Telluraves, Australaves, Psittaciformes, Psittacidae, Amazona	GCA_003947215.1	full
UP000694523	Neogobius melanostomus (round goby)	47308	44788	C:81.0%[S:49.3%,D:31.7%],F:4.3%,M:14.6%,n:3640	Unknown	Unplaced	cellular organisms, Eukaryota, Opisthokonta, Metazoa, Eumetazoa, Bilateria, Deuterostomia, Chordata, Craniata, Vertebrata, Gnathostomata, Teleostomi, Euteleostomi, Actinopterygii, Actinopteri, Neopterygii, Teleostei, Osteoglossocephalai, Clupeocephala, Euteleosteomorpha, Neoteleostei, Eurypterygia, Ctenosquamata, Acanthomorphata, Euacanthomorphacea, Percomorphaceae, Gobiaria, Gobiiformes, Gobioidei, Gobiidae, Benthophilinae, Neogobiini, Neogobius	GCA_007210695.1	full
UP000694541	Accipiter nisus (Eurasian sparrowhawk)	211598	26996	C:88.2%[S:61.2%,D:27.0%],F:5.2%,M:6.7%,n:8338	Unknown	Unplaced	cellular organisms, Eukaryota, Opisthokonta, Metazoa, Eumetazoa, Bilateria, Deuterostomia, Chordata, Craniata, Vertebrata, Gnathostomata, Teleostomi, Euteleostomi, Sarcopterygii, Dipnotetrapodomorpha, Tetrapoda, Amniota, Sauropsida, Sauria, Archelosauria, Archosauria, Dinosauria, Saurischia, Theropoda, Coelurosauria, Aves, Neognathae, Neoaves, Telluraves, Accipitrimorphae, Accipitriformes, Accipitridae, Accipitrinae, Accipiter	GCA_004320145.1	full
UP000694543	Chrysolophus pictus (Golden pheasant) (Phasianus pictus)	9089	18740	C:80.9%[S:61.8%,D:19.1%],F:3.1%,M:16.0%,n:8338	Unknown	Unplaced	cellular organisms, Eukaryota, Opisthokonta, Metazoa, Eumetazoa, Bilateria, Deuterostomia, Chordata, Craniata, Vertebrata, Gnathostomata, Teleostomi, Euteleostomi, Sarcopterygii, Dipnotetrapodomorpha, Tetrapoda, Amniota, Sauropsida, Sauria, Archelosauria, Archosauria, Dinosauria, Saurischia, Theropoda, Coelurosauria, Aves, Neognathae, Galloanserae, Galliformes, Phasianidae, Phasianinae, Chrysolophus	GCA_003413605.1	full
UP000694545	Varanus komodoensis (Komodo dragon)	61221	29080	C:89.5%[S:66.0%,D:23.6%],F:3.2%,M:7.3%,n:7480	Unknown	Unplaced	cellular organisms, Eukaryota, Opisthokonta, Metazoa, Eumetazoa, Bilateria, Deuterostomia, Chordata, Craniata, Vertebrata, Gnathostomata, Teleostomi, Euteleostomi, Sarcopterygii, Dipnotetrapodomorpha, Tetrapoda, Amniota, Sauropsida, Sauria, Lepidosauria, Squamata, Bifurcata, Unidentata, Episquamata, Toxicofera, Anguimorpha, Paleoanguimorpha, Varanoidea, Varanidae, Varanus	GCA_004798865.1	full
UP000694546	Gadus morhua (Atlantic cod)	8049	61795	C:91.6%[S:44.0%,D:47.6%],F:2.3%,M:6.2%,n:3640	Unknown	Chromosome 1; Chromosome 2; Chromosome 3; Chromosome 4; Chromosome 5; Chromosome 6; Chromosome 7; Chromosome 8; Chromosome 9; Chromosome 10; Chromosome 11; Chromosome 12; Chromosome 13; Chromosome 14; Chromosome 15; Chromosome 16; Chromosome 17; Chromosome 18; Chromosome 19; Chromosome 20; Chromosome 21; Chromosome 22; Unassembled WGS sequence; Chromosome 23; Unplaced	cellular organisms, Eukaryota, Opisthokonta, Metazoa, Eumetazoa, Bilateria, Deuterostomia, Chordata, Craniata, Vertebrata, Gnathostomata, Teleostomi, Euteleostomi, Actinopterygii, Actinopteri, Neopterygii, Teleostei, Osteoglossocephalai, Clupeocephala, Euteleosteomorpha, Neoteleostei, Eurypterygia, Ctenosquamata, Acanthomorphata, Paracanthopterygii, Zeiogadaria, Gadariae, Gadiformes, Gadoidei, Gadidae, Gadus	GCA_902167405.1	full
UP000694548	Nothobranchius furzeri (Turquoise killifish)	105023	54480	C:83.2%[S:46.6%,D:36.6%],F:2.4%,M:14.4%,n:15213	Unknown	Chromosome sgr01; Chromosome sgr02; Chromosome sgr03; Chromosome sgr05; Chromosome sgr04; Chromosome sgr06; Chromosome sgr07; Chromosome sgr08; Chromosome sgr09; Chromosome sgr10; Chromosome sgr11; Chromosome sgr12; Chromosome sgr13; Chromosome sgr15; Chromosome sgr14; Chromosome sgr16; Chromosome sgr17; Chromosome sgr18; Chromosome sgr19; Unassembled WGS sequence	cellular organisms, Eukaryota, Opisthokonta, Metazoa, Eumetazoa, Bilateria, Deuterostomia, Chordata, Craniata, Vertebrata, Gnathostomata, Teleostomi, Euteleostomi, Actinopterygii, Actinopteri, Neopterygii, Teleostei, Osteoglossocephalai, Clupeocephala, Euteleosteomorpha, Neoteleostei, Eurypterygia, Ctenosquamata, Acanthomorphata, Euacanthomorphacea, Percomorphaceae, Ovalentaria, Atherinomorphae, Cyprinodontiformes, Aplocheiloidei, Nothobranchiidae, Nothobranchius	GCA_001465895.2	full
UP000694549	Anas zonorhyncha (Eastern spot-billed duck)	75864	28886	C:94.6%[S:58.0%,D:36.6%],F:2.0%,M:3.4%,n:8338	Unknown	Unplaced	cellular organisms, Eukaryota, Opisthokonta, Metazoa, Eumetazoa, Bilateria, Deuterostomia, Chordata, Craniata, Vertebrata, Gnathostomata, Teleostomi, Euteleostomi, Sarcopterygii, Dipnotetrapodomorpha, Tetrapoda, Amniota, Sauropsida, Sauria, Archelosauria, Archosauria, Dinosauria, Saurischia, Theropoda, Coelurosauria, Aves, Neognathae, Galloanserae, Anseriformes, Anatidae, Anatinae, Anas	GCA_002224875.1	full
UP000694551	Strix occidentalis caurina (northern spotted owl)	311401	23547	C:84.4%[S:67.5%,D:16.9%],F:6.2%,M:9.4%,n:8338	Unknown	Unplaced	cellular organisms, Eukaryota, Opisthokonta, Metazoa, Eumetazoa, Bilateria, Deuterostomia, Chordata, Craniata, Vertebrata, Gnathostomata, Teleostomi, Euteleostomi, Sarcopterygii, Dipnotetrapodomorpha, Tetrapoda, Amniota, Sauropsida, Sauria, Archelosauria, Archosauria, Dinosauria, Saurischia, Theropoda, Coelurosauria, Aves, Neognathae, Neoaves, Telluraves, Strigiformes, Strigidae, Strix, Strix occidentalis	GCA_002372975.1	full
UP000694552	Otus sunia (Oriental scops-owl)	257818	24027	C:94.4%[S:71.6%,D:22.7%],F:2.2%,M:3.5%,n:8338	Unknown	Unplaced	cellular organisms, Eukaryota, Opisthokonta, Metazoa, Eumetazoa, Bilateria, Deuterostomia, Chordata, Craniata, Vertebrata, Gnathostomata, Teleostomi, Euteleostomi, Sarcopterygii, Dipnotetrapodomorpha, Tetrapoda, Amniota, Sauropsida, Sauria, Archelosauria, Archosauria, Dinosauria, Saurischia, Theropoda, Coelurosauria, Aves, Neognathae, Neoaves, Telluraves, Strigiformes, Strigidae, Otus	GCA_010365825.1	full
UP000694553	Corvus moneduloides (New Caledonian crow)	1196302	28261	C:94.4%[S:59.2%,D:35.2%],F:1.4%,M:4.2%,n:10844	Unknown	Unassembled WGS sequence	cellular organisms, Eukaryota, Opisthokonta, Metazoa, Eumetazoa, Bilateria, Deuterostomia, Chordata, Craniata, Vertebrata, Gnathostomata, Teleostomi, Euteleostomi, Sarcopterygii, Dipnotetrapodomorpha, Tetrapoda, Amniota, Sauropsida, Sauria, Archelosauria, Archosauria, Dinosauria, Saurischia, Theropoda, Coelurosauria, Aves, Neognathae, Neoaves, Telluraves, Australaves, Passeriformes, Corvoidea, Corvidae, Corvus	GCA_009650955.1	full
UP000694555	Buteo japonicus	224669	25714	C:88.1%[S:61.6%,D:26.5%],F:5.1%,M:6.8%,n:8338	Unknown	Unplaced	cellular organisms, Eukaryota, Opisthokonta, Metazoa, Eumetazoa, Bilateria, Deuterostomia, Chordata, Craniata, Vertebrata, Gnathostomata, Teleostomi, Euteleostomi, Sarcopterygii, Dipnotetrapodomorpha, Tetrapoda, Amniota, Sauropsida, Sauria, Archelosauria, Archosauria, Dinosauria, Saurischia, Theropoda, Coelurosauria, Aves, Neognathae, Neoaves, Telluraves, Accipitrimorphae, Accipitriformes, Accipitridae, Accipitrinae, Buteo	GCA_010312235.1	full
UP000694556	Cairina moschata (Muscovy duck)	8855	28574	C:95.4%[S:60.5%,D:34.9%],F:1.7%,M:2.9%,n:8338	Unknown	Chromosome 1; Chromosome 2; Chromosome 3; Chromosome 4; Chromosome 5; Chromosome 6; Chromosome 7; Chromosome 8; Chromosome 9; Chromosome 10; Chromosome 11; Chromosome 12; Chromosome 13; Chromosome 14; Chromosome 15; Chromosome 16; Chromosome 18; Chromosome 19; Chromosome 20; Chromosome 21; Chromosome 22; Chromosome 23; Chromosome 24; Chromosome 25; Chromosome 26; Chromosome 27; Chromosome 28; Chromosome Z; Chromosome 29; Unassembled WGS sequence; Unplaced	cellular organisms, Eukaryota, Opisthokonta, Metazoa, Eumetazoa, Bilateria, Deuterostomia, Chordata, Craniata, Vertebrata, Gnathostomata, Teleostomi, Euteleostomi, Sarcopterygii, Dipnotetrapodomorpha, Tetrapoda, Amniota, Sauropsida, Sauria, Archelosauria, Archosauria, Dinosauria, Saurischia, Theropoda, Coelurosauria, Aves, Neognathae, Galloanserae, Anseriformes, Anatidae, Anatinae, Cairina	GCA_009194515.1	full
UP000694557	Oncorhynchus kisutch (Coho salmon) (Salmo kisutch)	8019	115433	C:98.0%[S:26.0%,D:72.0%],F:0.6%,M:1.4%,n:3640	Unknown	Linkage Group LG1; Linkage Group LG10; Linkage Group LG11; Linkage Group LG12; Linkage Group LG13; Linkage Group LG14; Linkage Group LG15; Linkage Group LG16; Linkage Group LG17; Linkage Group LG18; Linkage Group LG19; Linkage Group LG2; Linkage Group LG20; Linkage Group LG21; Linkage Group LG22; Linkage Group LG23; Linkage Group LG24; Linkage Group LG25; Linkage Group LG26; Linkage Group LG27; Linkage Group LG28; Linkage Group LG29; Linkage Group LG3; Linkage Group LG30; Linkage Group LG4; Linkage Group LG5; Linkage Group LG6; Linkage Group LG7; Linkage Group LG8; Linkage Group LG9; Mitochondrion MT; Unassembled WGS sequence; Unplaced	cellular organisms, Eukaryota, Opisthokonta, Metazoa, Eumetazoa, Bilateria, Deuterostomia, Chordata, Craniata, Vertebrata, Gnathostomata, Teleostomi, Euteleostomi, Actinopterygii, Actinopteri, Neopterygii, Teleostei, Osteoglossocephalai, Clupeocephala, Euteleosteomorpha, Protacanthopterygii, Salmoniformes, Salmonidae, Salmoninae, Oncorhynchus	GCA_002021735.2	full
UP000694559	Naja naja (Indian cobra)	35670	29718	C:85.0%[S:56.6%,D:28.4%],F:3.7%,M:11.3%,n:7480	Unknown	Unplaced	cellular organisms, Eukaryota, Opisthokonta, Metazoa, Eumetazoa, Bilateria, Deuterostomia, Chordata, Craniata, Vertebrata, Gnathostomata, Teleostomi, Euteleostomi, Sarcopterygii, Dipnotetrapodomorpha, Tetrapoda, Amniota, Sauropsida, Sauria, Lepidosauria, Squamata, Bifurcata, Unidentata, Episquamata, Toxicofera, Serpentes, Colubroidea, Elapidae, Elapinae, Naja	GCA_009733165.1	full
UP000694560	Malurus cyaneus samueli	2593467	23024	C:83.1%[S:64.0%,D:19.1%],F:4.0%,M:12.8%,n:10844	Unknown	Unplaced	cellular organisms, Eukaryota, Opisthokonta, Metazoa, Eumetazoa, Bilateria, Deuterostomia, Chordata, Craniata, Vertebrata, Gnathostomata, Teleostomi, Euteleostomi, Sarcopterygii, Dipnotetrapodomorpha, Tetrapoda, Amniota, Sauropsida, Sauria, Archelosauria, Archosauria, Dinosauria, Saurischia, Theropoda, Coelurosauria, Aves, Neognathae, Neoaves, Telluraves, Australaves, Passeriformes, Meliphagoidea, Maluridae, Malurus, Malurus cyaneus	GCA_009741485.1	full
UP000694562	Falco tinnunculus (Common kestrel)	100819	25297	C:95.4%[S:65.1%,D:30.3%],F:1.4%,M:3.2%,n:8338	Unknown	Unplaced	cellular organisms, Eukaryota, Opisthokonta, Metazoa, Eumetazoa, Bilateria, Deuterostomia, Chordata, Craniata, Vertebrata, Gnathostomata, Teleostomi, Euteleostomi, Sarcopterygii, Dipnotetrapodomorpha, Tetrapoda, Amniota, Sauropsida, Sauria, Archelosauria, Archosauria, Dinosauria, Saurischia, Theropoda, Coelurosauria, Aves, Neognathae, Neoaves, Telluraves, Australaves, Falconiformes, Falconidae, Falco	GCA_010332995.1	full
UP000694563	Catharus ustulatus (Russet-backed thrush) (Hylocichla ustulatus)	91951	28921	C:89.9%[S:59.5%,D:30.4%],F:2.5%,M:7.6%,n:10844	Unknown	Chromosome 1; Chromosome 2; Chromosome 3; Chromosome 4; Chromosome 5; Chromosome 6; Chromosome 7; Chromosome 8; Chromosome 9; Chromosome 10; Chromosome 11; Chromosome 12; Chromosome 13; Chromosome 14; Chromosome 15; Chromosome 16; Chromosome 17; Chromosome 20; Chromosome 18; Chromosome 21; Chromosome 22; Chromosome 23; Chromosome 24; Chromosome 25; Chromosome 26; Chromosome 27; Chromosome 28; Chromosome 29; Chromosome 30; Chromosome 31; Chromosome 32; Chromosome 33; Chromosome 34; Chromosome 35; Chromosome 36; Chromosome 37; Chromosome 38; Chromosome 39; Chromosome 40; Chromosome W; Chromosome Z; Mitochondrion MT; Unassembled WGS sequence	cellular organisms, Eukaryota, Opisthokonta, Metazoa, Eumetazoa, Bilateria, Deuterostomia, Chordata, Craniata, Vertebrata, Gnathostomata, Teleostomi, Euteleostomi, Sarcopterygii, Dipnotetrapodomorpha, Tetrapoda, Amniota, Sauropsida, Sauria, Archelosauria, Archosauria, Dinosauria, Saurischia, Theropoda, Coelurosauria, Aves, Neognathae, Neoaves, Telluraves, Australaves, Passeriformes, Turdidae, Catharus	GCA_009819885.1	full
UP000694565	Cyclopterus lumpus (Lumpsucker)	8103	50861	C:92.7%[S:53.1%,D:39.6%],F:2.4%,M:4.9%,n:3640	Unknown	Unplaced	cellular organisms, Eukaryota, Opisthokonta, Metazoa, Eumetazoa, Bilateria, Deuterostomia, Chordata, Craniata, Vertebrata, Gnathostomata, Teleostomi, Euteleostomi, Actinopterygii, Actinopteri, Neopterygii, Teleostei, Osteoglossocephalai, Clupeocephala, Euteleosteomorpha, Neoteleostei, Eurypterygia, Ctenosquamata, Acanthomorphata, Euacanthomorphacea, Percomorphaceae, Eupercaria, Perciformes, Cottioidei, Cottales, Cyclopteridae, Cyclopterinae, Cyclopterus	GCA_009769545.1	full
UP000694567	Bubo bubo (Eurasian eagle-owl) (Strix bubo)	30461	25032	C:90.8%[S:62.7%,D:28.1%],F:3.5%,M:5.7%,n:8338	Unknown	Unplaced	cellular organisms, Eukaryota, Opisthokonta, Metazoa, Eumetazoa, Bilateria, Deuterostomia, Chordata, Craniata, Vertebrata, Gnathostomata, Teleostomi, Euteleostomi, Sarcopterygii, Dipnotetrapodomorpha, Tetrapoda, Amniota, Sauropsida, Sauria, Archelosauria, Archosauria, Dinosauria, Saurischia, Theropoda, Coelurosauria, Aves, Neognathae, Neoaves, Telluraves, Strigiformes, Strigidae, Bubo	GCA_010303855.1	full
UP000694568	Sander lucioperca (Pike-perch) (Perca lucioperca)	283035	61000	C:96.1%[S:50.7%,D:45.3%],F:1.5%,M:2.4%,n:3640	Unknown	Unplaced	cellular organisms, Eukaryota, Opisthokonta, Metazoa, Eumetazoa, Bilateria, Deuterostomia, Chordata, Craniata, Vertebrata, Gnathostomata, Teleostomi, Euteleostomi, Actinopterygii, Actinopteri, Neopterygii, Teleostei, Osteoglossocephalai, Clupeocephala, Euteleosteomorpha, Neoteleostei, Eurypterygia, Ctenosquamata, Acanthomorphata, Euacanthomorphacea, Percomorphaceae, Eupercaria, Perciformes, Percoidei, Percidae, Luciopercinae, Sander	GCA_008315115.1	full
UP000694569	Leptobrachium leishanense (Leishan spiny toad)	445787	48917	C:91.7%[S:46.1%,D:45.6%],F:2.0%,M:6.3%,n:5310	Unknown	Unplaced	cellular organisms, Eukaryota, Opisthokonta, Metazoa, Eumetazoa, Bilateria, Deuterostomia, Chordata, Craniata, Vertebrata, Gnathostomata, Teleostomi, Euteleostomi, Sarcopterygii, Dipnotetrapodomorpha, Tetrapoda, Amphibia, Batrachia, Anura, Pelobatoidea, Megophryidae, Leptobrachium	GCA_009667805.1	full
UP000694580	Denticeps clupeoides (denticle herring)	299321	61792	C:94.3%[S:47.1%,D:47.2%],F:1.3%,M:4.5%,n:3640	Unknown	Chromosome 1; Chromosome 2; Chromosome 3; Chromosome 4; Chromosome 5; Chromosome 6; Chromosome 7; Chromosome 8; Chromosome 9; Chromosome 10; Chromosome 11; Chromosome 12; Chromosome 13; Chromosome 14; Chromosome 15; Chromosome 16; Chromosome 17; Chromosome 18; Chromosome 19; Chromosome 20; Mitochondrion MT; Unplaced	cellular organisms, Eukaryota, Opisthokonta, Metazoa, Eumetazoa, Bilateria, Deuterostomia, Chordata, Craniata, Vertebrata, Gnathostomata, Teleostomi, Euteleostomi, Actinopterygii, Actinopteri, Neopterygii, Teleostei, Osteoglossocephalai, Clupeocephala, Otomorpha, Clupei, Clupeiformes, Denticipitoidei, Denticipitidae, Denticeps	GCA_900700375.2	full
UP000694620	Erpetoichthys calabaricus (Rope fish) (Calamoichthys calabaricus)	27687	33804	C:90.7%[S:67.0%,D:23.7%],F:1.9%,M:7.4%,n:3640	Unknown	Chromosome 1; Chromosome 2; Chromosome 3; Chromosome 4; Chromosome 5; Chromosome 6; Chromosome 7; Chromosome 8; Chromosome 9; Chromosome 10; Chromosome 11; Chromosome 12; Chromosome 13; Chromosome 14; Chromosome 15; Chromosome 16; Chromosome 17; Mitochondrion MT; Chromosome 18; Unassembled WGS sequence	cellular organisms, Eukaryota, Opisthokonta, Metazoa, Eumetazoa, Bilateria, Deuterostomia, Chordata, Craniata, Vertebrata, Gnathostomata, Teleostomi, Euteleostomi, Actinopterygii, Cladistia, Polypteriformes, Polypteridae, Erpetoichthys	GCA_900747795.2	full
UP000694680	Gouania willdenowi (Blunt-snouted clingfish) (Lepadogaster willdenowi)	441366	56004	C:92.8%[S:51.1%,D:41.8%],F:1.8%,M:5.4%,n:3640	Unknown	Chromosome 1; Chromosome 2; Chromosome 3; Chromosome 4; Chromosome 5; Chromosome 6; Chromosome 7; Chromosome 8; Chromosome 9; Chromosome 10; Chromosome 11; Chromosome 12; Chromosome 13; Chromosome 14; Chromosome 15; Chromosome 16; Chromosome 17; Chromosome 18; Chromosome 19; Chromosome 20; Chromosome 21; Chromosome 22; Mitochondrion MT; Chromosome 24; Unassembled WGS sequence	cellular organisms, Eukaryota, Opisthokonta, Metazoa, Eumetazoa, Bilateria, Deuterostomia, Chordata, Craniata, Vertebrata, Gnathostomata, Teleostomi, Euteleostomi, Actinopterygii, Actinopteri, Neopterygii, Teleostei, Osteoglossocephalai, Clupeocephala, Euteleosteomorpha, Neoteleostei, Eurypterygia, Ctenosquamata, Acanthomorphata, Euacanthomorphacea, Percomorphaceae, Ovalentaria, Blenniimorphae, Blenniiformes, Gobiesocoidei, Gobiesocidae, Gobiesocinae, Gouania	GCA_900634775.1	full
UP000694843	Hyalella azteca (Amphipod)	294128	21129	C:95.6%[S:74.4%,D:21.1%],F:2.0%,M:2.5%,n:1013	Unknown	Mitochondrion MT; Unplaced	cellular organisms, Eukaryota, Opisthokonta, Metazoa, Eumetazoa, Bilateria, Protostomia, Ecdysozoa, Panarthropoda, Arthropoda, Mandibulata, Pancrustacea, Crustacea, Multicrustacea, Malacostraca, Eumalacostraca, Peracarida, Amphipoda, Senticaudata, Talitrida, Talitroidea, Hyalellidae, Hyalella	GCF_000764305.2	full
UP000694844	Crassostrea virginica (Eastern oyster)	6565	50249	C:98.2%[S:53.6%,D:44.6%],F:0.3%,M:1.5%,n:5295	Unknown	Chromosome 1; Chromosome 2; Chromosome 3; Chromosome 4; Chromosome 5; Chromosome 6; Chromosome 7; Chromosome 8; Chromosome 9; Chromosome 10; Mitochondrion MT	cellular organisms, Eukaryota, Opisthokonta, Metazoa, Eumetazoa, Bilateria, Protostomia, Spiralia, Lophotrochozoa, Mollusca, Bivalvia, Autobranchia, Pteriomorphia, Ostreida, Ostreoidea, Ostreidae, Crassostrea	GCF_002022765.2	full
UP000694845	Acanthaster planci (Crown-of-thorns starfish)	133434	25685	C:98.7%[S:62.6%,D:36.2%],F:0.5%,M:0.7%,n:954	Unknown	Mitochondrion MT; Unplaced	cellular organisms, Eukaryota, Opisthokonta, Metazoa, Eumetazoa, Bilateria, Deuterostomia, Echinodermata, Eleutherozoa, Asterozoa, Asteroidea, Valvatacea, Valvatida, Acanthasteridae, Acanthaster	GCF_001949145.1	full
UP000694846	Sipha flava (yellow sugarcane aphid)	143950	18157	C:97.1%[S:63.5%,D:33.5%],F:0.2%,M:2.7%,n:2510	Unknown	Unplaced	cellular organisms, Eukaryota, Opisthokonta, Metazoa, Eumetazoa, Bilateria, Protostomia, Ecdysozoa, Panarthropoda, Arthropoda, Mandibulata, Pancrustacea, Hexapoda, Insecta, Dicondylia, Pterygota, Neoptera, Paraneoptera, Hemiptera, Sternorrhyncha, Aphidomorpha, Aphidoidea, Aphididae, Chaitophorinae, Sipha	GCF_003268045.1	full
UP000694850	Orycteropus afer afer	1230840	18927	C:81.7%[S:81.1%,D:0.6%],F:1.1%,M:17.2%,n:11366	Unknown	Mitochondrion MT; Unplaced	cellular organisms, Eukaryota, Opisthokonta, Metazoa, Eumetazoa, Bilateria, Deuterostomia, Chordata, Craniata, Vertebrata, Gnathostomata, Teleostomi, Euteleostomi, Sarcopterygii, Dipnotetrapodomorpha, Tetrapoda, Amniota, Mammalia, Theria, Eutheria, Afrotheria, Tubulidentata, Orycteropodidae, Orycteropus, Orycteropus afer	GCF_000298275.1	full
UP000694851	Hipposideros armiger (Great Himalayan leaf-nosed bat)	186990	36412	C:93.4%[S:47.8%,D:45.6%],F:3.9%,M:2.8%,n:12234	Unknown	Mitochondrion MT; Unplaced	cellular organisms, Eukaryota, Opisthokonta, Metazoa, Eumetazoa, Bilateria, Deuterostomia, Chordata, Craniata, Vertebrata, Gnathostomata, Teleostomi, Euteleostomi, Sarcopterygii, Dipnotetrapodomorpha, Tetrapoda, Amniota, Mammalia, Theria, Eutheria, Boreoeutheria, Laurasiatheria, Chiroptera, Yinpterochiroptera, Rhinolophoidea, Hipposideridae, Hipposideros	GCF_001890085.2	full
UP000694856	Camelus ferus (Wild bactrian camel) (Camelus bactrianus ferus)	419612	43046	C:98.7%[S:47.0%,D:51.7%],F:0.4%,M:0.9%,n:13335	Unknown	Chromosome 1; Chromosome 2; Chromosome 3; Chromosome 4; Chromosome 5; Chromosome 6; Chromosome 7; Chromosome 8; Chromosome 9; Chromosome 10; Chromosome X; Chromosome 11; Chromosome 12; Chromosome 13; Chromosome 14; Chromosome 15; Chromosome 16; Chromosome 17; Chromosome 18; Chromosome 19; Chromosome 20; Chromosome 21; Chromosome 22; Chromosome 23; Chromosome 24; Chromosome 25; Chromosome 26; Chromosome 27; Chromosome 28; Chromosome 29; Chromosome 30; Chromosome 31; Chromosome 32; Chromosome 33; Chromosome 34; Chromosome 35; Chromosome 36; Mitochondrion MT; Unplaced	cellular organisms, Eukaryota, Opisthokonta, Metazoa, Eumetazoa, Bilateria, Deuterostomia, Chordata, Craniata, Vertebrata, Gnathostomata, Teleostomi, Euteleostomi, Sarcopterygii, Dipnotetrapodomorpha, Tetrapoda, Amniota, Mammalia, Theria, Eutheria, Boreoeutheria, Laurasiatheria, Artiodactyla, Tylopoda, Camelidae, Camelus	GCF_009834535.1	full
UP000694857	Balaenoptera musculus (Blue whale)	9771	42275	C:98.9%[S:45.2%,D:53.7%],F:0.3%,M:0.9%,n:13335	Unknown	Chromosome 1; Chromosome 2; Chromosome 3; Chromosome 4; Chromosome 5; Chromosome 6; Chromosome 7; Chromosome 8; Chromosome 9; Chromosome 10; Chromosome X; Chromosome 11; Chromosome 12; Chromosome 13; Chromosome 14; Chromosome 15; Chromosome 16; Chromosome 17; Chromosome 18; Chromosome 19; Chromosome 20; Chromosome 21; Chromosome Y; Mitochondrion MT; Unplaced	cellular organisms, Eukaryota, Opisthokonta, Metazoa, Eumetazoa, Bilateria, Deuterostomia, Chordata, Craniata, Vertebrata, Gnathostomata, Teleostomi, Euteleostomi, Sarcopterygii, Dipnotetrapodomorpha, Tetrapoda, Amniota, Mammalia, Theria, Eutheria, Boreoeutheria, Laurasiatheria, Artiodactyla, Whippomorpha, Cetacea, Mysticeti, Balaenopteridae, Balaenoptera	GCF_009873245.2	full
UP000694865	Saccoglossus kowalevskii (Acorn worm)	10224	21767	C:89.9%[S:84.4%,D:5.6%],F:7.1%,M:2.9%,n:954	Unknown	Mitochondrion MT; Unplaced	cellular organisms, Eukaryota, Opisthokonta, Metazoa, Eumetazoa, Bilateria, Deuterostomia, Hemichordata, Enteropneusta, Harrimaniidae, Saccoglossus	GCF_000003605.2	full
UP000694866	Fopius arisanus	64838	15684	C:97.1%[S:62.1%,D:35.0%],F:1.3%,M:1.6%,n:5991	Unknown	Unplaced	cellular organisms, Eukaryota, Opisthokonta, Metazoa, Eumetazoa, Bilateria, Protostomia, Ecdysozoa, Panarthropoda, Arthropoda, Mandibulata, Pancrustacea, Hexapoda, Insecta, Dicondylia, Pterygota, Neoptera, Endopterygota, Hymenoptera, Apocrita, Ichneumonoidea, Braconidae, Opiinae, Fopius	GCF_000806365.1	full
UP000694867	Galendromus occidentalis (western predatory mite)	34638	11652	C:98.7%[S:93.4%,D:5.4%],F:0.1%,M:1.1%,n:2934	Unknown	Mitochondrion MT; Unplaced	cellular organisms, Eukaryota, Opisthokonta, Metazoa, Eumetazoa, Bilateria, Protostomia, Ecdysozoa, Panarthropoda, Arthropoda, Chelicerata, Arachnida, Acari, Parasitiformes, Mesostigmata, Monogynaspida, Gamasina, Phytoseioidea, Phytoseiidae, Typhlodrominae, Galendromus	GCF_000255335.2	full
UP000694871	Gekko japonicus (Schlegel's Japanese gecko)	146911	22751	C:93.3%[S:75.5%,D:17.8%],F:3.0%,M:3.7%,n:7480	Unknown	Unplaced; Mitochondrion MT	cellular organisms, Eukaryota, Opisthokonta, Metazoa, Eumetazoa, Bilateria, Deuterostomia, Chordata, Craniata, Vertebrata, Gnathostomata, Teleostomi, Euteleostomi, Sarcopterygii, Dipnotetrapodomorpha, Tetrapoda, Amniota, Sauropsida, Sauria, Lepidosauria, Squamata, Bifurcata, Gekkota, Gekkonidae, Gekkoninae, Gekko	GCF_001447785.1	full
UP000694888	Aplysia californica (California sea hare)	6500	23268	C:97.3%[S:70.5%,D:26.8%],F:1.0%,M:1.7%,n:5295	Unknown	Mitochondrion MT; Unplaced	cellular organisms, Eukaryota, Opisthokonta, Metazoa, Eumetazoa, Bilateria, Protostomia, Spiralia, Lophotrochozoa, Mollusca, Gastropoda, Heterobranchia, Euthyneura, Tectipleura, Aplysiida, Aplysioidea, Aplysiidae, Aplysia	GCF_000002075.1	full
UP000694891	Stegastes partitus (bicolor damselfish)	144197	28786	C:98.8%[S:77.1%,D:21.6%],F:1.0%,M:0.3%,n:3640	Unknown	Unplaced	cellular organisms, Eukaryota, Opisthokonta, Metazoa, Eumetazoa, Bilateria, Deuterostomia, Chordata, Craniata, Vertebrata, Gnathostomata, Teleostomi, Euteleostomi, Actinopterygii, Actinopteri, Neopterygii, Teleostei, Osteoglossocephalai, Clupeocephala, Euteleosteomorpha, Neoteleostei, Eurypterygia, Ctenosquamata, Acanthomorphata, Euacanthomorphacea, Percomorphaceae, Ovalentaria, Ovalentaria incertae sedis, Pomacentridae, Stegastes	GCF_000690725.1	full
UP000694904	Drosophila arizonae (Fruit fly)	7263	18139	C:95.9%[S:69.8%,D:26.1%],F:1.2%,M:2.9%,n:3285	Unknown	Unplaced; Chromosome 2; Chromosome 3; Chromosome 4; Chromosome 5; Chromosome 6; Chromosome X	cellular organisms, Eukaryota, Opisthokonta, Metazoa, Eumetazoa, Bilateria, Protostomia, Ecdysozoa, Panarthropoda, Arthropoda, Mandibulata, Pancrustacea, Hexapoda, Insecta, Dicondylia, Pterygota, Neoptera, Endopterygota, Diptera, Brachycera, Muscomorpha, Eremoneura, Cyclorrhapha, Schizophora, Acalyptratae, Ephydroidea, Drosophilidae, Drosophilinae, Drosophilini, Drosophila, Drosophila, repleta group, mulleri subgroup, mojavensis species complex	GCF_001654025.1	full
UP000694906	Heterocephalus glaber (Naked mole rat)	10181	48019	C:98.4%[S:39.6%,D:58.8%],F:0.6%,M:1.0%,n:13798	Unknown	Mitochondrion MT; Unplaced	cellular organisms, Eukaryota, Opisthokonta, Metazoa, Eumetazoa, Bilateria, Deuterostomia, Chordata, Craniata, Vertebrata, Gnathostomata, Teleostomi, Euteleostomi, Sarcopterygii, Dipnotetrapodomorpha, Tetrapoda, Amniota, Mammalia, Theria, Eutheria, Boreoeutheria, Euarchontoglires, Glires, Rodentia, Hystricomorpha, Bathyergidae, Heterocephalus	GCF_000247695.1	full
UP000694910	Ceratotherium simum simum (Southern white rhinoceros)	73337	30463	C:98.9%[S:66.7%,D:32.1%],F:0.6%,M:0.5%,n:12234	Unknown	Mitochondrion MT; Unplaced	cellular organisms, Eukaryota, Opisthokonta, Metazoa, Eumetazoa, Bilateria, Deuterostomia, Chordata, Craniata, Vertebrata, Gnathostomata, Teleostomi, Euteleostomi, Sarcopterygii, Dipnotetrapodomorpha, Tetrapoda, Amniota, Mammalia, Theria, Eutheria, Boreoeutheria, Laurasiatheria, Perissodactyla, Rhinocerotidae, Ceratotherium, Ceratotherium simum	GCF_000283155.1	full
UP000694915	Microtus ochrogaster (Prairie vole)	79684	32284	C:98.6%[S:61.6%,D:37.0%],F:0.7%,M:0.7%,n:13798	Unknown	Chromosome 1; Chromosome 2; Chromosome 4; Chromosome 5; Chromosome 6; Chromosome 7; Chromosome 8; Chromosome 10; Chromosome X; Chromosome 14; Chromosome 15; Chromosome 16; Chromosome 17; Chromosome 18; Chromosome 19; Chromosome 21; Chromosome 22; Chromosome 24; Chromosome 26; Linkage group LG1; Linkage group LG10; Linkage group LG12; Linkage group LG2; Linkage group LG3; Linkage group LG4; Linkage group LG5; Linkage group LG7_11; Linkage group LG8; Linkage group LG9; Unplaced	cellular organisms, Eukaryota, Opisthokonta, Metazoa, Eumetazoa, Bilateria, Deuterostomia, Chordata, Craniata, Vertebrata, Gnathostomata, Teleostomi, Euteleostomi, Sarcopterygii, Dipnotetrapodomorpha, Tetrapoda, Amniota, Mammalia, Theria, Eutheria, Boreoeutheria, Euarchontoglires, Glires, Rodentia, Myomorpha, Muroidea, Cricetidae, Arvicolinae, Microtus	GCF_000317375.1	full
UP000694920	Cephus cinctus (Wheat stem sawfly)	211228	23690	C:99.1%[S:42.2%,D:56.9%],F:0.3%,M:0.7%,n:5991	Unknown	Mitochondrion MT; Unplaced	cellular organisms, Eukaryota, Opisthokonta, Metazoa, Eumetazoa, Bilateria, Protostomia, Ecdysozoa, Panarthropoda, Arthropoda, Mandibulata, Pancrustacea, Hexapoda, Insecta, Dicondylia, Pterygota, Neoptera, Endopterygota, Hymenoptera, Cephoidea, Cephidae, Cephus	GCF_000341935.2	full
UP000694923	Galeopterus variegatus (Malayan flying lemur) (Cynocephalus variegatus)	482537	29842	C:90.3%[S:65.8%,D:24.5%],F:6.3%,M:3.4%,n:12692	Unknown	Mitochondrion MT; Unplaced	cellular organisms, Eukaryota, Opisthokonta, Metazoa, Eumetazoa, Bilateria, Deuterostomia, Chordata, Craniata, Vertebrata, Gnathostomata, Teleostomi, Euteleostomi, Sarcopterygii, Dipnotetrapodomorpha, Tetrapoda, Amniota, Mammalia, Theria, Eutheria, Boreoeutheria, Euarchontoglires, Dermoptera, Cynocephalidae, Galeopterus	GCF_000696425.1	full
UP000694924	Polistes dominula (European paper wasp) (Vespa dominula)	743375	16592	C:98.3%[S:55.1%,D:43.3%],F:0.3%,M:1.4%,n:5991	Unknown	Unplaced	cellular organisms, Eukaryota, Opisthokonta, Metazoa, Eumetazoa, Bilateria, Protostomia, Ecdysozoa, Panarthropoda, Arthropoda, Mandibulata, Pancrustacea, Hexapoda, Insecta, Dicondylia, Pterygota, Neoptera, Endopterygota, Hymenoptera, Apocrita, Aculeata, Vespoidea, Vespidae, Polistinae, Polistini, Polistes	GCF_001465965.1	full
UP000694925	Ceratina calcarata	156304	18564	C:96.9%[S:50.5%,D:46.4%],F:1.3%,M:1.8%,n:5991	Unknown	Unplaced	cellular organisms, Eukaryota, Opisthokonta, Metazoa, Eumetazoa, Bilateria, Protostomia, Ecdysozoa, Panarthropoda, Arthropoda, Mandibulata, Pancrustacea, Hexapoda, Insecta, Dicondylia, Pterygota, Neoptera, Endopterygota, Hymenoptera, Apocrita, Aculeata, Apoidea, Anthophila, Apidae, Xylocopinae, Ceratinini, Ceratina, Zadontomerus	GCF_001652005.2	full
UP000695000	Nicrophorus vespilloides (Boreal carrion beetle)	110193	17606	C:99.4%[S:72.6%,D:26.8%],F:0.3%,M:0.2%,n:2124	Unknown	Unplaced	cellular organisms, Eukaryota, Opisthokonta, Metazoa, Eumetazoa, Bilateria, Protostomia, Ecdysozoa, Panarthropoda, Arthropoda, Mandibulata, Pancrustacea, Hexapoda, Insecta, Dicondylia, Pterygota, Neoptera, Endopterygota, Coleoptera, Polyphaga, Staphyliniformia, Staphylinoidea, Silphidae, Nicrophorinae, Nicrophorus	GCF_001412225.1	full
UP000695007	Ceratosolen solmsi marchali	326594	11647	C:92.7%[S:75.8%,D:16.9%],F:1.9%,M:5.4%,n:5991	Unknown	Unplaced	cellular organisms, Eukaryota, Opisthokonta, Metazoa, Eumetazoa, Bilateria, Protostomia, Ecdysozoa, Panarthropoda, Arthropoda, Mandibulata, Pancrustacea, Hexapoda, Insecta, Dicondylia, Pterygota, Neoptera, Endopterygota, Hymenoptera, Apocrita, Proctotrupomorpha, Chalcidoidea, Agaonidae, Agaoninae, Ceratosolen, Ceratosolen solmsi	GCF_000503995.2	full
UP000695023	Pundamilia nyererei	303518	33590	C:97.8%[S:66.7%,D:31.1%],F:0.9%,M:1.3%,n:3640	Unknown	Unplaced	cellular organisms, Eukaryota, Opisthokonta, Metazoa, Eumetazoa, Bilateria, Deuterostomia, Chordata, Craniata, Vertebrata, Gnathostomata, Teleostomi, Euteleostomi, Actinopterygii, Actinopteri, Neopterygii, Teleostei, Osteoglossocephalai, Clupeocephala, Euteleosteomorpha, Neoteleostei, Eurypterygia, Ctenosquamata, Acanthomorphata, Euacanthomorphacea, Percomorphaceae, Ovalentaria, Cichlomorphae, Cichliformes, Cichlidae, African cichlids, Pseudocrenilabrinae, Haplochromini, Pundamilia	GCF_000239375.1	full
UP000695026	Python bivittatus (Burmese python) (Python molurus bivittatus)	176946	27875	C:92.5%[S:58.1%,D:34.4%],F:3.3%,M:4.2%,n:7480	Unknown	Mitochondrion MT; Unplaced	cellular organisms, Eukaryota, Opisthokonta, Metazoa, Eumetazoa, Bilateria, Deuterostomia, Chordata, Craniata, Vertebrata, Gnathostomata, Teleostomi, Euteleostomi, Sarcopterygii, Dipnotetrapodomorpha, Tetrapoda, Amniota, Sauropsida, Sauria, Lepidosauria, Squamata, Bifurcata, Unidentata, Episquamata, Toxicofera, Serpentes, Henophidia, Pythonidae, Python	GCF_000186305.1	full
UP000699462	Paragonimus westermani	34504	12048	C:69.7%[S:69.0%,D:0.7%],F:7.7%,M:22.6%,n:954	Unknown	Unassembled WGS sequence	cellular organisms, Eukaryota, Opisthokonta, Metazoa, Eumetazoa, Bilateria, Protostomia, Spiralia, Lophotrochozoa, Platyhelminthes, Trematoda, Digenea, Plagiorchiida, Troglotremata, Troglotrematidae, Paragonimus	GCA_015252655.1	full
UP000700334	Galemys pyrenaicus (Iberian desman) (Pyrenean desman)	202257	20755	C:82.7%[S:82.1%,D:0.6%],F:6.4%,M:10.9%,n:12234	Unknown	Unassembled WGS sequence	cellular organisms, Eukaryota, Opisthokonta, Metazoa, Eumetazoa, Bilateria, Deuterostomia, Chordata, Craniata, Vertebrata, Gnathostomata, Teleostomi, Euteleostomi, Sarcopterygii, Dipnotetrapodomorpha, Tetrapoda, Amniota, Mammalia, Theria, Eutheria, Boreoeutheria, Laurasiatheria, Eulipotyphla, Talpidae, Galemys	GCA_019455555.1	full
UP000716595	Eudyptes chrysocome (Western rockhopper penguin) (Aptenodytes chrysocome)	79626	12771	C:72.6%[S:72.2%,D:0.4%],F:5.2%,M:22.2%,n:8338	Unknown	Unassembled WGS sequence	cellular organisms, Eukaryota, Opisthokonta, Metazoa, Eumetazoa, Bilateria, Deuterostomia, Chordata, Craniata, Vertebrata, Gnathostomata, Teleostomi, Euteleostomi, Sarcopterygii, Dipnotetrapodomorpha, Tetrapoda, Amniota, Sauropsida, Sauria, Archelosauria, Archosauria, Dinosauria, Saurischia, Theropoda, Coelurosauria, Aves, Neognathae, Neoaves, Aequornithes, Sphenisciformes, Spheniscidae, Eudyptes	GCA_010085355.1	full
UP000725257	Eudyptes sclateri (Erect-crested penguin)	92688	12730	C:72.6%[S:72.3%,D:0.4%],F:5.4%,M:22.0%,n:8338	Unknown	Unassembled WGS sequence	cellular organisms, Eukaryota, Opisthokonta, Metazoa, Eumetazoa, Bilateria, Deuterostomia, Chordata, Craniata, Vertebrata, Gnathostomata, Teleostomi, Euteleostomi, Sarcopterygii, Dipnotetrapodomorpha, Tetrapoda, Amniota, Sauropsida, Sauria, Archelosauria, Archosauria, Dinosauria, Saurischia, Theropoda, Coelurosauria, Aves, Neognathae, Neoaves, Aequornithes, Sphenisciformes, Spheniscidae, Eudyptes	GCA_010078445.1	full
UP000736164	Atractosteus spatula (Alligator gar) (Lepisosteus spatula)	7917	14758	C:79.0%[S:77.4%,D:1.6%],F:4.7%,M:16.3%,n:3640	Unknown	Unassembled WGS sequence	cellular organisms, Eukaryota, Opisthokonta, Metazoa, Eumetazoa, Bilateria, Deuterostomia, Chordata, Craniata, Vertebrata, Gnathostomata, Teleostomi, Euteleostomi, Actinopterygii, Actinopteri, Neopterygii, Holostei, Semionotiformes, Lepisosteidae, Atractosteus	GCA_016984175.1	full
UP000746747	Cercopithifilaria johnstoni	2874296	11543	C:95.4%[S:84.9%,D:10.5%],F:1.3%,M:3.3%,n:3131	Unknown	Unassembled WGS sequence	cellular organisms, Eukaryota, Opisthokonta, Metazoa, Eumetazoa, Bilateria, Protostomia, Ecdysozoa, Nematoda, Chromadorea, Rhabditida, Spirurina, Spiruromorpha, Filarioidea, Onchocercidae, Cercopithifilaria	GCA_916381525.1	full
UP000749559	Owenia fusiformis (Polychaete worm)	6347	30622	C:96.0%[S:89.3%,D:6.7%],F:1.5%,M:2.5%,n:954	Unknown	Unassembled WGS sequence	cellular organisms, Eukaryota, Opisthokonta, Metazoa, Eumetazoa, Bilateria, Protostomia, Spiralia, Lophotrochozoa, Annelida, Polychaeta, Sedentaria, Canalipalpata, Sabellida, Oweniida, Oweniidae, Owenia	GCA_903813345.2	full
UP000751161	Aptenodytes patagonicus (King penguin)	9234	13684	C:78.7%[S:78.0%,D:0.7%],F:6.8%,M:14.6%,n:8338	Unknown	Unassembled WGS sequence	cellular organisms, Eukaryota, Opisthokonta, Metazoa, Eumetazoa, Bilateria, Deuterostomia, Chordata, Craniata, Vertebrata, Gnathostomata, Teleostomi, Euteleostomi, Sarcopterygii, Dipnotetrapodomorpha, Tetrapoda, Amniota, Sauropsida, Sauria, Archelosauria, Archosauria, Dinosauria, Saurischia, Theropoda, Coelurosauria, Aves, Neognathae, Neoaves, Aequornithes, Sphenisciformes, Spheniscidae, Aptenodytes	GCA_010087175.1	full
UP000752696	Heterotrigona itama	395501	9721	C:57.3%[S:57.3%,D:0.1%],F:6.3%,M:36.4%,n:5991	Unknown	Unassembled WGS sequence	cellular organisms, Eukaryota, Opisthokonta, Metazoa, Eumetazoa, Bilateria, Protostomia, Ecdysozoa, Panarthropoda, Arthropoda, Mandibulata, Pancrustacea, Hexapoda, Insecta, Dicondylia, Pterygota, Neoptera, Endopterygota, Hymenoptera, Apocrita, Aculeata, Apoidea, Anthophila, Apidae, Apinae, Meliponini, Heterotrigona	GCA_903986555.1	full
UP000765507	Chelydra serpentina (Snapping turtle) (Testudo serpentina)	8475	20878	C:86.2%[S:84.9%,D:1.2%],F:5.6%,M:8.2%,n:7480	Unknown	Unassembled WGS sequence	cellular organisms, Eukaryota, Opisthokonta, Metazoa, Eumetazoa, Bilateria, Deuterostomia, Chordata, Craniata, Vertebrata, Gnathostomata, Teleostomi, Euteleostomi, Sarcopterygii, Dipnotetrapodomorpha, Tetrapoda, Amniota, Sauropsida, Sauria, Archelosauria, Testudinata, Testudines, Cryptodira, Durocryptodira, Americhelydia, Chelydroidea, Chelydridae, Chelydra	GCA_018859375.1	full
UP000770717	Eleutherodactylus coqui (Puerto Rican coqui)	57060	32432	C:78.9%[S:53.2%,D:25.7%],F:8.9%,M:12.2%,n:5310	Unknown	Chromosome 1; Chromosome 2; Chromosome 3; Chromosome 4; Chromosome 5; Chromosome 6; Chromosome 7; Chromosome 8; Chromosome 9; Chromosome 10; Chromosome 11; Chromosome 12; Chromosome 13; Unassembled WGS sequence	cellular organisms, Eukaryota, Opisthokonta, Metazoa, Eumetazoa, Bilateria, Deuterostomia, Chordata, Craniata, Vertebrata, Gnathostomata, Teleostomi, Euteleostomi, Sarcopterygii, Dipnotetrapodomorpha, Tetrapoda, Amphibia, Batrachia, Anura, Neobatrachia, Hyloidea, Eleutherodactylidae, Eleutherodactylinae, Eleutherodactylus, Eleutherodactylus	GCA_019857665.1	full
UP000782854	Eudyptula minor (Little blue penguin) (Aptenodytes minor)	37083	14871	C:80.1%[S:73.3%,D:6.8%],F:6.5%,M:13.3%,n:8338	Unknown	Unassembled WGS sequence	cellular organisms, Eukaryota, Opisthokonta, Metazoa, Eumetazoa, Bilateria, Deuterostomia, Chordata, Craniata, Vertebrata, Gnathostomata, Teleostomi, Euteleostomi, Sarcopterygii, Dipnotetrapodomorpha, Tetrapoda, Amniota, Sauropsida, Sauria, Archelosauria, Archosauria, Dinosauria, Saurischia, Theropoda, Coelurosauria, Aves, Neognathae, Neoaves, Aequornithes, Sphenisciformes, Spheniscidae, Eudyptula	GCA_010080355.1	full
UP000785099	Spheniscus mendiculus (Galapagos penguin)	156760	14344	C:77.9%[S:76.8%,D:1.0%],F:7.3%,M:14.8%,n:8338	Unknown	Unassembled WGS sequence	cellular organisms, Eukaryota, Opisthokonta, Metazoa, Eumetazoa, Bilateria, Deuterostomia, Chordata, Craniata, Vertebrata, Gnathostomata, Teleostomi, Euteleostomi, Sarcopterygii, Dipnotetrapodomorpha, Tetrapoda, Amniota, Sauropsida, Sauria, Archelosauria, Archosauria, Dinosauria, Saurischia, Theropoda, Coelurosauria, Aves, Neognathae, Neoaves, Aequornithes, Sphenisciformes, Spheniscidae, Spheniscus	GCA_010077915.1	full
UP000789390	Daphnia galeata	27404	15633	C:93.0%[S:91.7%,D:1.3%],F:1.0%,M:6.0%,n:1013	Unknown	Unassembled WGS sequence; Chromosome 1; Chromosome 2; Chromosome 3; Chromosome 4; Chromosome 5; Chromosome 6; Chromosome 7; Chromosome 8; Chromosome 9; Chromosome 10	cellular organisms, Eukaryota, Opisthokonta, Metazoa, Eumetazoa, Bilateria, Protostomia, Ecdysozoa, Panarthropoda, Arthropoda, Mandibulata, Pancrustacea, Crustacea, Branchiopoda, Phyllopoda, Diplostraca, Cladocera, Anomopoda, Daphniidae, Daphnia	GCA_918697745.1	full
UP000789524	Danaus chrysippus (African queen)	151541	19335	C:96.0%[S:78.1%,D:17.9%],F:1.1%,M:3.0%,n:5286	Unknown	Unassembled WGS sequence	cellular organisms, Eukaryota, Opisthokonta, Metazoa, Eumetazoa, Bilateria, Protostomia, Ecdysozoa, Panarthropoda, Arthropoda, Mandibulata, Pancrustacea, Hexapoda, Insecta, Dicondylia, Pterygota, Neoptera, Endopterygota, Amphiesmenoptera, Lepidoptera, Glossata, Neolepidoptera, Heteroneura, Ditrysia, Obtectomera, Papilionoidea, Nymphalidae, Danainae, Danaini, Danaina, Danaus, Anosia	GCA_916720795.1	full
UP000791440	Manduca sexta (Tobacco hawkmoth) (Tobacco hornworm)	7130	21008	C:93.5%[S:59.0%,D:34.5%],F:2.4%,M:4.1%,n:5286	Unknown	Unassembled WGS sequence	cellular organisms, Eukaryota, Opisthokonta, Metazoa, Eumetazoa, Bilateria, Protostomia, Ecdysozoa, Panarthropoda, Arthropoda, Mandibulata, Pancrustacea, Hexapoda, Insecta, Dicondylia, Pterygota, Neoptera, Endopterygota, Amphiesmenoptera, Lepidoptera, Glossata, Neolepidoptera, Heteroneura, Ditrysia, Obtectomera, Bombycoidea, Sphingidae, Sphinginae, Sphingini, Manduca	GCA_000262585.1	full
UP000792457	Ladona fulva (Scarce chaser dragonfly) (Libellula fulva)	123851	18636	C:79.2%[S:77.0%,D:2.2%],F:13.0%,M:7.8%,n:1367	Unknown	Unassembled WGS sequence	cellular organisms, Eukaryota, Opisthokonta, Metazoa, Eumetazoa, Bilateria, Protostomia, Ecdysozoa, Panarthropoda, Arthropoda, Mandibulata, Pancrustacea, Hexapoda, Insecta, Dicondylia, Pterygota, Palaeoptera, Odonata, Epiprocta, Anisoptera, Libelluloidea, Libellulidae, Ladona	GCA_000376725.2	full
UP000796761	Zosterops borbonicus	364589	22327	C:88.3%[S:87.6%,D:0.7%],F:2.1%,M:9.7%,n:10844	Unknown	Unassembled WGS sequence	cellular organisms, Eukaryota, Opisthokonta, Metazoa, Eumetazoa, Bilateria, Deuterostomia, Chordata, Craniata, Vertebrata, Gnathostomata, Teleostomi, Euteleostomi, Sarcopterygii, Dipnotetrapodomorpha, Tetrapoda, Amniota, Sauropsida, Sauria, Archelosauria, Archosauria, Dinosauria, Saurischia, Theropoda, Coelurosauria, Aves, Neognathae, Neoaves, Telluraves, Australaves, Passeriformes, Sylvioidea, Zosteropidae, Zosterops	GCA_007252995.1	full
UP000799811	Eudyptes filholi (Southern rockhopper penguin)	1419345	12878	C:73.2%[S:72.9%,D:0.3%],F:5.1%,M:21.7%,n:8338	Unknown	Unassembled WGS sequence	cellular organisms, Eukaryota, Opisthokonta, Metazoa, Eumetazoa, Bilateria, Deuterostomia, Chordata, Craniata, Vertebrata, Gnathostomata, Teleostomi, Euteleostomi, Sarcopterygii, Dipnotetrapodomorpha, Tetrapoda, Amniota, Sauropsida, Sauria, Archelosauria, Archosauria, Dinosauria, Saurischia, Theropoda, Coelurosauria, Aves, Neognathae, Neoaves, Aequornithes, Sphenisciformes, Spheniscidae, Eudyptes	GCA_010085365.1	full
UP000808372	Salvelinus namaycush (Lake trout) (Salmo namaycush)	8040	52131	C:95.4%[S:40.6%,D:54.8%],F:1.4%,M:3.2%,n:3640	Unknown	Chromosome 1; Chromosome 2; Chromosome 3; Chromosome 4; Chromosome 5; Chromosome 6; Chromosome 7; Chromosome 8; Chromosome 9; Chromosome 10; Chromosome 11; Chromosome 12; Chromosome 13; Chromosome 14; Chromosome 15; Chromosome 16; Chromosome 17; Chromosome 18; Chromosome 19; Chromosome 20; Chromosome 21; Chromosome 22; Chromosome 23; Chromosome 24; Chromosome 25; Chromosome 26; Chromosome 27; Chromosome 28; Chromosome 29; Chromosome 30; Chromosome 31; Chromosome 32; Chromosome 33; Chromosome 34; Chromosome 35; Chromosome 36; Chromosome 37; Chromosome 38; Chromosome 39; Chromosome 40; Chromosome 41; Chromosome 42; Mitochondrion MT; Unplaced	cellular organisms, Eukaryota, Opisthokonta, Metazoa, Eumetazoa, Bilateria, Deuterostomia, Chordata, Craniata, Vertebrata, Gnathostomata, Teleostomi, Euteleostomi, Actinopterygii, Actinopteri, Neopterygii, Teleostei, Osteoglossocephalai, Clupeocephala, Euteleosteomorpha, Protacanthopterygii, Salmoniformes, Salmonidae, Salmoninae, Salvelinus	GCF_016432855.1	full
UP000812440	Hymenochirus boettgeri (Congo dwarf clawed frog)	247094	25860	C:85.2%[S:60.3%,D:24.9%],F:5.6%,M:9.1%,n:5310	Unknown	Chromosome 1; Chromosome 2; Chromosome 3; Chromosome 4; Chromosome 5; Chromosome 6; Chromosome 7; Chromosome 9; Chromosome 8_10; Unassembled WGS sequence	cellular organisms, Eukaryota, Opisthokonta, Metazoa, Eumetazoa, Bilateria, Deuterostomia, Chordata, Craniata, Vertebrata, Gnathostomata, Teleostomi, Euteleostomi, Sarcopterygii, Dipnotetrapodomorpha, Tetrapoda, Amphibia, Batrachia, Anura, Pipoidea, Pipidae, Pipinae, Hymenochirus	GCA_019447015.1	full
UP000821853	Haemaphysalis longicornis (Bush tick)	44386	25603	C:55.9%[S:53.2%,D:2.7%],F:5.4%,M:38.7%,n:2934	Unknown	Chromosome 1; Chromosome 2; Chromosome 3; Chromosome 4; Chromosome 5; Chromosome 6; Chromosome 7; Chromosome 8; Chromosome 9; Chromosome 10; Chromosome 11; Mitochondrion MT; Unassembled WGS sequence	cellular organisms, Eukaryota, Opisthokonta, Metazoa, Eumetazoa, Bilateria, Protostomia, Ecdysozoa, Panarthropoda, Arthropoda, Chelicerata, Arachnida, Acari, Parasitiformes, Ixodida, Ixodoidea, Ixodidae, Haemaphysalinae, Haemaphysalis	GCA_013339765.2	full
UP000823561	Alosa alosa (allis shad)	278164	26341	C:87.4%[S:85.2%,D:2.2%],F:3.5%,M:9.0%,n:3640	Unknown	Chromosome 1; Chromosome 2; Chromosome 3; Chromosome 4; Chromosome 5; Chromosome 7; Chromosome 6; Chromosome 8; Chromosome 9; Chromosome 10; Chromosome 11; Chromosome 12; Chromosome 13; Chromosome 14; Chromosome 15; Chromosome 16; Chromosome 17; Chromosome 18; Chromosome 19; Chromosome 20; Chromosome 21; Chromosome 22; Chromosome 23; Chromosome 24; Unassembled WGS sequence	cellular organisms, Eukaryota, Opisthokonta, Metazoa, Eumetazoa, Bilateria, Deuterostomia, Chordata, Craniata, Vertebrata, Gnathostomata, Teleostomi, Euteleostomi, Actinopterygii, Actinopteri, Neopterygii, Teleostei, Osteoglossocephalai, Clupeocephala, Otomorpha, Clupei, Clupeiformes, Clupeoidei, Clupeidae, Alosinae, Alosa	GCA_017589495.2	full
UP000823872	Felis catus (Cat) (Felis silvestris catus)	9685	58821	C:91.7%[S:26.1%,D:65.5%],F:0.6%,M:7.8%,n:14502	Unknown	Chromosome X; Chromosome C1; Chromosome C2; Chromosome D1; Chromosome D2; Chromosome D3; Chromosome D4; Chromosome A1; Chromosome A2; Chromosome A3; Chromosome B1; Chromosome B2; Chromosome B3; Chromosome B4; Chromosome E1; Chromosome E2; Chromosome E3; Chromosome F1; Chromosome F2; Unassembled WGS sequence	cellular organisms, Eukaryota, Opisthokonta, Metazoa, Eumetazoa, Bilateria, Deuterostomia, Chordata, Craniata, Vertebrata, Gnathostomata, Teleostomi, Euteleostomi, Sarcopterygii, Dipnotetrapodomorpha, Tetrapoda, Amniota, Mammalia, Theria, Eutheria, Boreoeutheria, Laurasiatheria, Carnivora, Feliformia, Felidae, Felinae, Felis	GCA_018350175.1	full
UP000824219	Hemibagrus wyckioides	337641	22691	C:94.8%[S:93.3%,D:1.5%],F:0.8%,M:4.4%,n:3640	Unknown	Linkage Group LG01; Linkage Group LG02; Linkage Group LG03; Linkage Group LG04; Linkage Group LG05; Linkage Group LG06; Linkage Group LG07; Linkage Group LG08; Linkage Group LG09; Linkage Group LG10; Linkage Group LG11; Linkage Group LG12; Linkage Group LG13; Linkage Group LG14; Linkage Group LG15; Linkage Group LG16; Linkage Group LG17; Linkage Group LG18; Linkage Group LG19; Linkage Group LG20; Linkage Group LG21; Linkage Group LG22; Linkage Group LG23; Linkage Group LG24; Linkage Group LG25; Linkage Group LG26; Linkage Group LG27; Linkage Group LG28; Linkage Group LG29; Unassembled WGS sequence	cellular organisms, Eukaryota, Opisthokonta, Metazoa, Eumetazoa, Bilateria, Deuterostomia, Chordata, Craniata, Vertebrata, Gnathostomata, Teleostomi, Euteleostomi, Actinopterygii, Actinopteri, Neopterygii, Teleostei, Osteoglossocephalai, Clupeocephala, Otomorpha, Ostariophysi, Otophysi, Characiphysae, Siluriformes, Siluroidei, Bagridae, Hemibagrus	GCA_019097595.1	full
UP000824540	Albula glossodonta (roundjaw bonefish)	121402	27914	C:67.9%[S:61.6%,D:6.3%],F:8.0%,M:24.1%,n:3640	Unknown	Unassembled WGS sequence	cellular organisms, Eukaryota, Opisthokonta, Metazoa, Eumetazoa, Bilateria, Deuterostomia, Chordata, Craniata, Vertebrata, Gnathostomata, Teleostomi, Euteleostomi, Actinopterygii, Actinopteri, Neopterygii, Teleostei, Elopocephalai, Elopocephala, Elopomorpha, Albuliformes, Albulidae, Albulinae, Albula	GCA_019788955.1	full
UP000824782	Engystomops pustulosus (Tungara frog) (Physalaemus pustulosus)	76066	55186	C:75.9%[S:30.0%,D:45.8%],F:10.0%,M:14.1%,n:5310	Unknown	Chromosome 1; Chromosome 2; Chromosome 3; Chromosome 4; Chromosome 5; Chromosome 6; Chromosome 8; Chromosome 7; Chromosome 9; Chromosome 10; Chromosome 11; Unassembled WGS sequence	cellular organisms, Eukaryota, Opisthokonta, Metazoa, Eumetazoa, Bilateria, Deuterostomia, Chordata, Craniata, Vertebrata, Gnathostomata, Teleostomi, Euteleostomi, Sarcopterygii, Dipnotetrapodomorpha, Tetrapoda, Amphibia, Batrachia, Anura, Neobatrachia, Hyloidea, Leptodactylidae, Leiuperinae, Engystomops	GCA_019512145.1	full
UP000825002	Fragariocoptes setiger	1670756	3047	C:37.1%[S:35.5%,D:1.6%],F:0.6%,M:62.3%,n:2934	Unknown	Mitochondrion MT; Unassembled WGS sequence	cellular organisms, Eukaryota, Opisthokonta, Metazoa, Eumetazoa, Bilateria, Protostomia, Ecdysozoa, Panarthropoda, Arthropoda, Chelicerata, Arachnida, Acari, Acariformes, Trombidiformes, Prostigmata, Eupodina, Eriophyoidea, Phytoptidae, Fragariocoptes	GCA_019968535.1	full
UP000826234	Phrynosoma platyrhinos (Desert horned lizard)	52577	16743	C:65.5%[S:64.7%,D:0.7%],F:9.3%,M:25.2%,n:7480	Unknown	Chromosome 1; Chromosome 2; Chromosome 4; Chromosome 5; Chromosome 6; Chromosome micro1; Chromosome micro10; Chromosome micro11; Chromosome micro2; Chromosome micro3; Chromosome micro4; Chromosome micro5; Chromosome micro6; Chromosome micro7; Chromosome micro8; Chromosome micro9; Unassembled WGS sequence	cellular organisms, Eukaryota, Opisthokonta, Metazoa, Eumetazoa, Bilateria, Deuterostomia, Chordata, Craniata, Vertebrata, Gnathostomata, Teleostomi, Euteleostomi, Sarcopterygii, Dipnotetrapodomorpha, Tetrapoda, Amniota, Sauropsida, Sauria, Lepidosauria, Squamata, Bifurcata, Unidentata, Episquamata, Toxicofera, Iguania, Phrynosomatidae, Phrynosomatinae, Phrynosoma	GCA_020142125.1	full
UP000827986	Mauremys mutica (yellowpond turtle)	74926	23328	C:92.1%[S:90.6%,D:1.5%],F:2.6%,M:5.3%,n:7480	Unknown	Chromosome 1; Chromosome 2; Chromosome 3; Chromosome 4; Chromosome 5; Chromosome 6; Chromosome 7; Chromosome 8; Chromosome 9; Chromosome 10; Chromosome 11; Chromosome 12; Chromosome 13; Chromosome 14; Chromosome 15; Chromosome 16; Chromosome 17; Chromosome 18; Chromosome 19; Chromosome 20; Chromosome 21; Chromosome 22; Chromosome 23; Chromosome 24; Chromosome 25; Chromosome 26; Unassembled WGS sequence	cellular organisms, Eukaryota, Opisthokonta, Metazoa, Eumetazoa, Bilateria, Deuterostomia, Chordata, Craniata, Vertebrata, Gnathostomata, Teleostomi, Euteleostomi, Sarcopterygii, Dipnotetrapodomorpha, Tetrapoda, Amniota, Sauropsida, Sauria, Archelosauria, Testudinata, Testudines, Cryptodira, Durocryptodira, Testudinoidea, Geoemydidae, Geoemydinae, Mauremys	GCA_020497125.1	full
UP000829291	Neodiprion lecontei (Redheaded pine sawfly)	441921	22252	C:0.2%[S:0.2%,D:0.0%],F:0.0%,M:99.8%,n:5991	Unknown	Chromosome 1; Chromosome 2; Chromosome 3; Chromosome 4; Chromosome 5; Chromosome 6; Chromosome 7; Unplaced	cellular organisms, Eukaryota, Opisthokonta, Metazoa, Eumetazoa, Bilateria, Protostomia, Ecdysozoa, Panarthropoda, Arthropoda, Mandibulata, Pancrustacea, Hexapoda, Insecta, Dicondylia, Pterygota, Neoptera, Endopterygota, Hymenoptera, Tenthredinoidea, Diprionidae, Diprioninae, Neodiprion	GCF_021901455.1	full
UP000829354	Caenorhabditis briggsae	6238	29152	C:99.4%[S:58.8%,D:40.6%],F:0.1%,M:0.5%,n:3131	Unknown	Chromosome I; Chromosome II; Chromosome III; Chromosome IV; Chromosome V; Chromosome X; Mitochondrion MT	cellular organisms, Eukaryota, Opisthokonta, Metazoa, Eumetazoa, Bilateria, Protostomia, Ecdysozoa, Nematoda, Chromadorea, Rhabditida, Rhabditina, Rhabditomorpha, Rhabditoidea, Rhabditidae, Peloderinae, Caenorhabditis	GCA_022453885.1	full
UP000829720	Albula goreensis	1534307	23548	C:85.7%[S:78.3%,D:7.4%],F:3.5%,M:10.8%,n:3640	Unknown	Chromosome 1; Chromosome 2; Chromosome 3; Chromosome 4; Chromosome 5; Chromosome 6; Chromosome 7; Chromosome 8; Chromosome 9; Chromosome 10; Chromosome 11; Chromosome 12; Chromosome 13; Chromosome 14; Chromosome 15; Chromosome 16; Chromosome 17; Chromosome 18; Chromosome 19; Chromosome 20; Chromosome 21; Chromosome 22; Chromosome 23; Chromosome 24; Chromosome 25; Unassembled WGS sequence	cellular organisms, Eukaryota, Opisthokonta, Metazoa, Eumetazoa, Bilateria, Deuterostomia, Chordata, Craniata, Vertebrata, Gnathostomata, Teleostomi, Euteleostomi, Actinopterygii, Actinopteri, Neopterygii, Teleostei, Elopocephalai, Elopocephala, Elopomorpha, Albuliformes, Albulidae, Albulinae, Albula	GCA_022829145.1	full
UP000829999	Spodoptera frugiperda (Fall armyworm)	7108	24899	C:99.7%[S:65.8%,D:33.9%],F:0.0%,M:0.3%,n:5286	Unknown	Chromosome 1; Chromosome 2; Chromosome 3; Chromosome 4; Chromosome 5; Chromosome 6; Chromosome 7; Chromosome 8; Chromosome 9; Chromosome 10; Chromosome 11; Chromosome 12; Chromosome 13; Chromosome 14; Chromosome 15; Chromosome 16; Chromosome 17; Chromosome 18; Chromosome 19; Chromosome 20; Chromosome 21; Chromosome 22; Chromosome 23; Chromosome 24; Chromosome 25; Chromosome 26; Chromosome 27; Chromosome 28; Chromosome 29; Chromosome 30; Chromosome 31; Mitochondrion MT; Unplaced	cellular organisms, Eukaryota, Opisthokonta, Metazoa, Eumetazoa, Bilateria, Protostomia, Ecdysozoa, Panarthropoda, Arthropoda, Mandibulata, Pancrustacea, Hexapoda, Insecta, Dicondylia, Pterygota, Neoptera, Endopterygota, Amphiesmenoptera, Lepidoptera, Glossata, Neolepidoptera, Heteroneura, Ditrysia, Obtectomera, Noctuoidea, Noctuidae, Amphipyrinae, Spodoptera	GCF_023101765.2	full
UP000835206	Bombus terrestris (Buff-tailed bumblebee) (Apis terrestris)	30195	19654	C:99.1%[S:46.5%,D:52.6%],F:0.1%,M:0.8%,n:5991	Unknown	Chromosome 1; Chromosome 2; Chromosome 3; Chromosome 4; Chromosome 5; Chromosome 6; Chromosome 7; Chromosome 8; Chromosome 9; Chromosome 10; Chromosome 11; Chromosome 12; Chromosome 13; Chromosome 14; Chromosome 15; Chromosome 16; Chromosome 17; Chromosome 18; Unplaced	cellular organisms, Eukaryota, Opisthokonta, Metazoa, Eumetazoa, Bilateria, Protostomia, Ecdysozoa, Panarthropoda, Arthropoda, Mandibulata, Pancrustacea, Hexapoda, Insecta, Dicondylia, Pterygota, Neoptera, Endopterygota, Hymenoptera, Apocrita, Aculeata, Apoidea, Anthophila, Apidae, Apinae, Bombini, Bombus, Bombus	GCF_910591885.1	full
UP000838412	Branchiostoma lanceolatum (Common lancelet) (Amphioxus lanceolatum)	7740	38783	C:97.5%[S:78.4%,D:19.1%],F:1.4%,M:1.2%,n:954	Unknown	Chromosome 1; Chromosome 2; Chromosome 3; Chromosome 4; Chromosome 5; Chromosome 6; Chromosome 7; Chromosome 8; Chromosome 9; Chromosome 10; Chromosome 11; Chromosome 12; Chromosome 13; Chromosome 14; Chromosome 15; Chromosome 16; Chromosome 17; Chromosome 18; Chromosome 19; Unassembled WGS sequence	cellular organisms, Eukaryota, Opisthokonta, Metazoa, Eumetazoa, Bilateria, Deuterostomia, Chordata, Cephalochordata, Leptocardii, Amphioxiformes, Branchiostomatidae, Branchiostoma	GCA_927797965.1	full
UP000838878	Brenthis ino (lesser marbled fritillary)	405034	19196	C:98.2%[S:84.0%,D:14.2%],F:0.5%,M:1.3%,n:5286	Unknown	Chromosome 1; Chromosome 2; Chromosome 3; Chromosome 4; Chromosome 5; Chromosome 6; Chromosome 7; Chromosome 8; Chromosome 9; Chromosome 10; Chromosome 11; Chromosome 12; Chromosome 13; Chromosome 14; Unassembled WGS sequence	cellular organisms, Eukaryota, Opisthokonta, Metazoa, Eumetazoa, Bilateria, Protostomia, Ecdysozoa, Panarthropoda, Arthropoda, Mandibulata, Pancrustacea, Hexapoda, Insecta, Dicondylia, Pterygota, Neoptera, Endopterygota, Amphiesmenoptera, Lepidoptera, Glossata, Neolepidoptera, Heteroneura, Ditrysia, Obtectomera, Papilionoidea, Nymphalidae, Heliconiinae, Argynnini, Brenthis	GCA_921882275.1	full
UP000886611	Polypterus senegalus (Senegal bichir)	55291	16186	C:58.0%[S:55.7%,D:2.4%],F:9.1%,M:32.9%,n:3640	Unknown	Chromosome 1; Chromosome 2; Chromosome 3; Chromosome 4; Chromosome 5; Chromosome 6; Chromosome 7; Chromosome 8; Chromosome 9; Chromosome 10; Chromosome 11; Chromosome 12; Chromosome 13; Chromosome 14; Chromosome 15; Chromosome 16; Chromosome 17; Chromosome 18; Unassembled WGS sequence	cellular organisms, Eukaryota, Opisthokonta, Metazoa, Eumetazoa, Bilateria, Deuterostomia, Chordata, Craniata, Vertebrata, Gnathostomata, Teleostomi, Euteleostomi, Actinopterygii, Cladistia, Polypteriformes, Polypteridae, Polypterus	GCA_016835505.1	full
UP000886700	Mesocricetus auratus (Golden hamster)	10036	43291	C:99.8%[S:47.2%,D:52.6%],F:0.1%,M:0.1%,n:13798	Unknown	Mitochondrion MT; Unplaced	cellular organisms, Eukaryota, Opisthokonta, Metazoa, Eumetazoa, Bilateria, Deuterostomia, Chordata, Craniata, Vertebrata, Gnathostomata, Teleostomi, Euteleostomi, Sarcopterygii, Dipnotetrapodomorpha, Tetrapoda, Amniota, Mammalia, Theria, Eutheria, Boreoeutheria, Euarchontoglires, Glires, Rodentia, Myomorpha, Muroidea, Cricetidae, Cricetinae, Mesocricetus	GCF_017639785.1	full
UP000887540	Acrobeloides nanus	290746	35203	C:78.8%[S:58.8%,D:19.9%],F:2.3%,M:19.0%,n:3131	Unknown	Unplaced	cellular organisms, Eukaryota, Opisthokonta, Metazoa, Eumetazoa, Bilateria, Protostomia, Ecdysozoa, Nematoda, Chromadorea, Rhabditida, Tylenchina, Cephalobomorpha, Cephaloboidea, Cephalobidae, Acrobeloides	GCA_900406225.1	full
UP000887560	Meloidogyne floridensis	298350	12653	C:41.4%[S:38.9%,D:2.5%],F:2.7%,M:55.9%,n:3131	Unknown	Unplaced	cellular organisms, Eukaryota, Opisthokonta, Metazoa, Eumetazoa, Bilateria, Protostomia, Ecdysozoa, Nematoda, Chromadorea, Rhabditida, Tylenchina, Tylenchomorpha, Tylenchoidea, Meloidogynidae, Meloidogyninae, Meloidogyne	GCA_003693605.1	full
UP000887561	Meloidogyne javanica (Root-knot nematode worm)	6303	24441	C:51.6%[S:27.1%,D:24.6%],F:3.0%,M:45.4%,n:3131	Unknown	Unplaced	cellular organisms, Eukaryota, Opisthokonta, Metazoa, Eumetazoa, Bilateria, Protostomia, Ecdysozoa, Nematoda, Chromadorea, Rhabditida, Tylenchina, Tylenchomorpha, Tylenchoidea, Meloidogynidae, Meloidogyninae, Meloidogyne, Meloidogyne incognita group	GCA_003693625.1	full
UP000887563	Meloidogyne incognita (Southern root-knot nematode worm) (Oxyuris incognita)	6306	42381	C:68.5%[S:13.9%,D:54.6%],F:1.7%,M:29.9%,n:3131	Unknown	Unplaced	cellular organisms, Eukaryota, Opisthokonta, Metazoa, Eumetazoa, Bilateria, Protostomia, Ecdysozoa, Nematoda, Chromadorea, Rhabditida, Tylenchina, Tylenchomorpha, Tylenchoidea, Meloidogynidae, Meloidogyninae, Meloidogyne, Meloidogyne incognita group	GCA_900182535.1	full
UP000887566	Plectus sambesii	2011161	39995	C:75.9%[S:45.9%,D:30.0%],F:5.0%,M:19.1%,n:3131	Unknown	Unplaced	cellular organisms, Eukaryota, Opisthokonta, Metazoa, Eumetazoa, Bilateria, Protostomia, Ecdysozoa, Nematoda, Chromadorea, Plectida, Plectina, Plectoidea, Plectidae, Plectus	GCA_002796945.1	full
UP000887567	Exaiptasia diaphana (Tropical sea anemone) (Aiptasia pulchella)	2652724	25273	C:94.8%[S:83.5%,D:11.2%],F:2.1%,M:3.1%,n:954	Unknown	Unplaced	cellular organisms, Eukaryota, Opisthokonta, Metazoa, Eumetazoa, Cnidaria, Anthozoa, Hexacorallia, Actiniaria, Aiptasiidae, Exaiptasia	GCA_001417965.1	full
UP000887568	Patiria miniata (Bat star) (Asterina miniata)	46514	30311	C:98.5%[S:67.3%,D:31.2%],F:0.0%,M:1.5%,n:954	Unknown	Unplaced	cellular organisms, Eukaryota, Opisthokonta, Metazoa, Eumetazoa, Bilateria, Deuterostomia, Echinodermata, Eleutherozoa, Asterozoa, Asteroidea, Valvatacea, Valvatida, Asterinidae, Patiria	GCA_015706575.1	full
UP000887569	Parascaris univalens (Nematode worm)	6257	31353	C:91.1%[S:40.8%,D:50.3%],F:2.1%,M:6.9%,n:3131	Unknown	Unplaced	cellular organisms, Eukaryota, Opisthokonta, Metazoa, Eumetazoa, Bilateria, Protostomia, Ecdysozoa, Nematoda, Chromadorea, Rhabditida, Spirurina, Ascaridomorpha, Ascaridoidea, Ascarididae, Parascaris	GCA_002259205.1	full
UP000887572	Globodera rostochiensis (Golden nematode worm) (Heterodera rostochiensis)	31243	21016	C:66.2%[S:51.0%,D:15.2%],F:1.6%,M:32.2%,n:3131	Unknown	Unplaced	cellular organisms, Eukaryota, Opisthokonta, Metazoa, Eumetazoa, Bilateria, Protostomia, Ecdysozoa, Nematoda, Chromadorea, Rhabditida, Tylenchina, Tylenchomorpha, Tylenchoidea, Heteroderidae, Heteroderinae, Globodera	GCA_018350325.1	full
UP000887575	Mesorhabditis belari	2138241	22421	C:84.2%[S:71.7%,D:12.5%],F:2.1%,M:13.8%,n:3131	Unknown	Unassembled WGS sequence	cellular organisms, Eukaryota, Opisthokonta, Metazoa, Eumetazoa, Bilateria, Protostomia, Ecdysozoa, Nematoda, Chromadorea, Rhabditida, Rhabditina, Rhabditomorpha, Rhabditoidea, Rhabditidae, Mesorhabditinae, Mesorhabditis	GCA_958450365.1	full
UP000887577	Panagrolaimus superbus	310955	19584	C:50.9%[S:49.2%,D:1.8%],F:3.8%,M:45.3%,n:3131	Unknown	Unplaced	cellular organisms, Eukaryota, Opisthokonta, Metazoa, Eumetazoa, Bilateria, Protostomia, Ecdysozoa, Nematoda, Chromadorea, Rhabditida, Tylenchina, Panagrolaimomorpha, Panagrolaimoidea, Panagrolaimidae, Panagrolaimus	GCA_901766145.1	full
UP000887581	Setaria digitata	48799	10089	C:87.4%[S:87.1%,D:0.4%],F:2.8%,M:9.8%,n:3131	Unknown	Unplaced	cellular organisms, Eukaryota, Opisthokonta, Metazoa, Eumetazoa, Bilateria, Protostomia, Ecdysozoa, Nematoda, Chromadorea, Rhabditida, Spirurina, Spiruromorpha, Filarioidea, Setariidae, Setaria	GCA_003640385.1	full
UP001046870	Megalops atlanticus (Tarpon) (Clupea gigantea)	7932	23830	C:89.3%[S:79.2%,D:10.1%],F:2.7%,M:8.0%,n:3640	Unknown	Chromosome 1; Chromosome 2; Chromosome 3; Chromosome 4; Chromosome 5; Chromosome 6; Chromosome 7; Chromosome 8; Chromosome 9; Chromosome 10; Chromosome 11; Chromosome 12; Chromosome 13; Chromosome 14; Chromosome 15; Chromosome 16; Chromosome 17; Chromosome 18; Chromosome 19; Chromosome 20; Chromosome 21; Chromosome 22; Chromosome 23; Chromosome 24; Chromosome 25; Unassembled WGS sequence	cellular organisms, Eukaryota, Opisthokonta, Metazoa, Eumetazoa, Bilateria, Deuterostomia, Chordata, Craniata, Vertebrata, Gnathostomata, Teleostomi, Euteleostomi, Actinopterygii, Actinopteri, Neopterygii, Teleostei, Elopocephalai, Elopocephala, Elopomorpha, Elopiformes, Megalopidae, Megalops	GCA_019176425.1	full
UP001059041	Triplophysa rosa (Cave loach)	992332	25644	C:94.3%[S:92.8%,D:1.5%],F:2.2%,M:3.5%,n:3640	Unknown	Linkage Group LG1; Linkage Group LG10; Linkage Group LG11; Linkage Group LG12; Linkage Group LG13; Linkage Group LG14; Linkage Group LG15; Linkage Group LG16; Linkage Group LG17; Linkage Group LG18; Linkage Group LG19; Linkage Group LG2; Linkage Group LG20; Linkage Group LG21; Linkage Group LG22; Linkage Group LG23; Linkage Group LG24; Linkage Group LG25; Linkage Group LG3; Linkage Group LG4; Linkage Group LG5; Linkage Group LG6; Linkage Group LG7; Linkage Group LG8; Linkage Group LG9; Unassembled WGS sequence	cellular organisms, Eukaryota, Opisthokonta, Metazoa, Eumetazoa, Bilateria, Deuterostomia, Chordata, Craniata, Vertebrata, Gnathostomata, Teleostomi, Euteleostomi, Actinopterygii, Actinopteri, Neopterygii, Teleostei, Osteoglossocephalai, Clupeocephala, Otomorpha, Ostariophysi, Otophysi, Cypriniphysae, Cypriniformes, Cobitoidei, Nemacheilidae, Triplophysa	GCA_024868665.2	full
UP001059596	Drosophila gunungcola (fruit fly)	103775	13885	C:75.4%[S:74.8%,D:0.5%],F:3.5%,M:21.2%,n:3285	Unknown	Chromosome 3R; Mitochondrion MT; Unassembled WGS sequence	cellular organisms, Eukaryota, Opisthokonta, Metazoa, Eumetazoa, Bilateria, Protostomia, Ecdysozoa, Panarthropoda, Arthropoda, Mandibulata, Pancrustacea, Hexapoda, Insecta, Dicondylia, Pterygota, Neoptera, Endopterygota, Diptera, Brachycera, Muscomorpha, Eremoneura, Cyclorrhapha, Schizophora, Acalyptratae, Ephydroidea, Drosophilidae, Drosophilinae, Drosophilini, Drosophila, Sophophora, melanogaster group, elegans subgroup (in: flies)	GCA_025200985.1	full
UP001075354	Megalurothrips usitatus (bean blossom thrips)	439358	12582	C:91.7%[S:40.9%,D:50.8%],F:1.0%,M:7.3%,n:1367	Unknown	Chromosome 1; Chromosome 2; Chromosome 3; Chromosome 4; Chromosome 5; Chromosome 6; Chromosome 7; Chromosome 8; Chromosome 9; Chromosome 10; Chromosome 11; Chromosome 12; Chromosome 13; Chromosome 14; Chromosome 15; Chromosome 16; Unassembled WGS sequence	cellular organisms, Eukaryota, Opisthokonta, Metazoa, Eumetazoa, Bilateria, Protostomia, Ecdysozoa, Panarthropoda, Arthropoda, Mandibulata, Pancrustacea, Hexapoda, Insecta, Dicondylia, Pterygota, Neoptera, Paraneoptera, Thysanoptera, Terebrantia, Thripoidea, Thripidae, Thripinae, Megalurothrips	GCA_026979955.1	full
UP001105220	Anopheles coluzzii (African malaria mosquito)	1518534	14043	C:99.2%[S:88.7%,D:10.5%],F:0.3%,M:0.5%,n:3285	Unknown	Unplaced	cellular organisms, Eukaryota, Opisthokonta, Metazoa, Eumetazoa, Bilateria, Protostomia, Ecdysozoa, Panarthropoda, Arthropoda, Mandibulata, Pancrustacea, Hexapoda, Insecta, Dicondylia, Pterygota, Neoptera, Endopterygota, Diptera, Nematocera, Culicomorpha, Culicoidea, Culicidae, Anophelinae, Anopheles, Cellia, Pyretophorus, gambiae species complex	GCA_004136515.2	full
UP001108240	Cyprinus carpio carpio	630221	140941	C:97.4%[S:14.0%,D:83.4%],F:0.4%,M:2.2%,n:3640	Unknown	Unplaced	cellular organisms, Eukaryota, Opisthokonta, Metazoa, Eumetazoa, Bilateria, Deuterostomia, Chordata, Craniata, Vertebrata, Gnathostomata, Teleostomi, Euteleostomi, Actinopterygii, Actinopteri, Neopterygii, Teleostei, Osteoglossocephalai, Clupeocephala, Otomorpha, Ostariophysi, Otophysi, Cypriniphysae, Cypriniformes, Cyprinoidei, Cyprinidae, Cyprininae, Cyprinus, Cyprinus carpio	GCA_905221575.1	full
UP001108280	Cricetulus griseus (Chinese hamster) (Cricetulus barabensis griseus)	10029	38996	C:99.2%[S:56.6%,D:42.6%],F:0.3%,M:0.6%,n:13798	Unknown	Chromosome 1; Chromosome 2; Chromosome 3; Chromosome 4; Chromosome 5; Chromosome 6; Chromosome 7; Chromosome 8; Chromosome 9; Chromosome 10; Chromosome X; Unplaced	cellular organisms, Eukaryota, Opisthokonta, Metazoa, Eumetazoa, Bilateria, Deuterostomia, Chordata, Craniata, Vertebrata, Gnathostomata, Teleostomi, Euteleostomi, Sarcopterygii, Dipnotetrapodomorpha, Tetrapoda, Amniota, Mammalia, Theria, Eutheria, Boreoeutheria, Euarchontoglires, Glires, Rodentia, Myomorpha, Muroidea, Cricetidae, Cricetinae, Cricetulus	GCF_003668045.3	full
UP001142055	Blomia tropicalis (Mite)	40697	10628	C:89.2%[S:86.5%,D:2.7%],F:0.7%,M:10.1%,n:2934	Unknown	Chromosome 1; Chromosome 2; Chromosome 3; Chromosome 4; Unassembled WGS sequence	cellular organisms, Eukaryota, Opisthokonta, Metazoa, Eumetazoa, Bilateria, Protostomia, Ecdysozoa, Panarthropoda, Arthropoda, Chelicerata, Arachnida, Acari, Acariformes, Sarcoptiformes, Astigmata, Glycyphagoidea, Echimyopodidae, Blomia	GCA_029204025.1	full
UP001142489	Phrynocephalus forsythii	171643	20168	C:83.5%[S:82.0%,D:1.4%],F:4.7%,M:11.9%,n:7480	Unknown	Unassembled WGS sequence	cellular organisms, Eukaryota, Opisthokonta, Metazoa, Eumetazoa, Bilateria, Deuterostomia, Chordata, Craniata, Vertebrata, Gnathostomata, Teleostomi, Euteleostomi, Sarcopterygii, Dipnotetrapodomorpha, Tetrapoda, Amniota, Sauropsida, Sauria, Lepidosauria, Squamata, Bifurcata, Unidentata, Episquamata, Toxicofera, Iguania, Acrodonta, Agamidae, Agaminae, Phrynocephalus	GCA_029282475.1	full
UP001145742	Willisornis vidua (Xingu scale-backed antbird)	1566151	16481	C:64.6%[S:64.3%,D:0.3%],F:5.2%,M:30.2%,n:10844	Unknown	Unassembled WGS sequence	cellular organisms, Eukaryota, Opisthokonta, Metazoa, Eumetazoa, Bilateria, Deuterostomia, Chordata, Craniata, Vertebrata, Gnathostomata, Teleostomi, Euteleostomi, Sarcopterygii, Dipnotetrapodomorpha, Tetrapoda, Amniota, Sauropsida, Sauria, Archelosauria, Archosauria, Dinosauria, Saurischia, Theropoda, Coelurosauria, Aves, Neognathae, Neoaves, Telluraves, Australaves, Passeriformes, Thamnophilidae, Willisornis	GCA_029286905.1	full
UP001151699	Pseudolycoriella hygida	35572	17664	C:81.1%[S:78.5%,D:2.6%],F:4.2%,M:14.7%,n:3285	Unknown	Chromosome X; Chromosome C; Chromosome A; Chromosome B; Unassembled WGS sequence	cellular organisms, Eukaryota, Opisthokonta, Metazoa, Eumetazoa, Bilateria, Protostomia, Ecdysozoa, Panarthropoda, Arthropoda, Mandibulata, Pancrustacea, Hexapoda, Insecta, Dicondylia, Pterygota, Neoptera, Endopterygota, Diptera, Nematocera, Bibionomorpha, Sciaroidea, Sciaridae, Pseudolycoriella	GCA_029228625.1	full
UP001152320	Holothuria leucospilota (Black long sea cucumber) (Mertensiothuria leucospilota)	206669	33658	C:91.3%[S:90.1%,D:1.2%],F:3.9%,M:4.8%,n:954	Unknown	Chromosome 1; Chromosome 2; Chromosome 3; Chromosome 4; Chromosome 5; Chromosome 6; Chromosome 7; Chromosome 8; Chromosome 9; Chromosome 10; Chromosome 11; Chromosome 12; Chromosome 13; Chromosome 14; Chromosome 15; Chromosome 16; Chromosome 17; Chromosome 18; Chromosome 19; Chromosome 20; Chromosome 21; Chromosome 22; Chromosome 23; Unassembled WGS sequence	cellular organisms, Eukaryota, Opisthokonta, Metazoa, Eumetazoa, Bilateria, Deuterostomia, Echinodermata, Eleutherozoa, Echinozoa, Holothuroidea, Aspidochirotacea, Aspidochirotida, Holothuriidae, Holothuria	GCA_029531755.1	full
UP001152622	Synaphobranchus kaupii (Kaup's arrowtooth eel)	118154	42723	C:87.9%[S:80.2%,D:7.7%],F:3.9%,M:8.2%,n:3640	Unknown	Chromosome 1; Chromosome 2; Chromosome 3; Chromosome 4; Chromosome 5; Chromosome 6; Chromosome 7; Chromosome 8; Chromosome 9; Chromosome 10; Chromosome 11; Chromosome 12; Chromosome 13; Chromosome 14; Chromosome 15; Chromosome 16; Chromosome 17; Chromosome 18; Chromosome 19; Chromosome 20; Chromosome 21; Chromosome 22; Chromosome 23; Chromosome 24; Unassembled WGS sequence	cellular organisms, Eukaryota, Opisthokonta, Metazoa, Eumetazoa, Bilateria, Deuterostomia, Chordata, Craniata, Vertebrata, Gnathostomata, Teleostomi, Euteleostomi, Actinopterygii, Actinopteri, Neopterygii, Teleostei, Elopocephalai, Elopocephala, Elopomorpha, Anguilliformes, Synaphobranchidae, Synaphobranchinae, Synaphobranchus	GCA_029718625.1	full
UP001152747	Caenorhabditis angaria	860376	19291	C:95.4%[S:93.9%,D:1.5%],F:1.5%,M:3.2%,n:3131	Unknown	Unassembled WGS sequence	cellular organisms, Eukaryota, Opisthokonta, Metazoa, Eumetazoa, Bilateria, Protostomia, Ecdysozoa, Nematoda, Chromadorea, Rhabditida, Rhabditina, Rhabditomorpha, Rhabditoidea, Rhabditidae, Peloderinae, Caenorhabditis	GCA_947459285.1	full
UP001152759	Bemisia tabaci (Sweetpotato whitefly) (Aleurodes tabaci)	7038	16554	C:94.9%[S:85.5%,D:9.3%],F:0.9%,M:4.3%,n:2510	Unknown	Chromosome 1; Chromosome 2; Chromosome 3; Chromosome 4; Chromosome 5; Chromosome 6; Chromosome 7; Chromosome 8; Chromosome 9; Chromosome 10; Unassembled WGS sequence	cellular organisms, Eukaryota, Opisthokonta, Metazoa, Eumetazoa, Bilateria, Protostomia, Ecdysozoa, Panarthropoda, Arthropoda, Mandibulata, Pancrustacea, Hexapoda, Insecta, Dicondylia, Pterygota, Neoptera, Paraneoptera, Hemiptera, Sternorrhyncha, Aleyrodoidea, Aleyrodidae, Aleyrodinae, Bemisia	GCA_918797505.1	full
UP001152798	Nezara viridula (Southern green stink bug) (Cimex viridulus)	85310	19915	C:90.3%[S:75.3%,D:15.0%],F:1.0%,M:8.7%,n:2510	Unknown	Chromosome 1; Chromosome 2; Chromosome 3; Chromosome 4; Chromosome 5; Chromosome 6; Chromosome 7; Unassembled WGS sequence	cellular organisms, Eukaryota, Opisthokonta, Metazoa, Eumetazoa, Bilateria, Protostomia, Ecdysozoa, Panarthropoda, Arthropoda, Mandibulata, Pancrustacea, Hexapoda, Insecta, Dicondylia, Pterygota, Neoptera, Paraneoptera, Hemiptera, Prosorrhyncha, Heteroptera, Euheteroptera, Neoheteroptera, Panheteroptera, Pentatomomorpha, Pentatomoidea, Pentatomidae, Pentatominae, Nezara	GCA_928085145.1	full
UP001152799	Ceutorhynchus assimilis (cabbage seed weevil)	467358	15296	C:94.4%[S:88.0%,D:6.4%],F:1.4%,M:4.2%,n:2124	Unknown	Chromosome 1; Chromosome 2; Chromosome 3; Chromosome 4; Chromosome 5; Chromosome 6; Chromosome 7; Chromosome 8; Chromosome 9; Chromosome 10; Chromosome 11; Chromosome 12; Chromosome 13; Chromosome 14; Chromosome 15; Chromosome 16; Unassembled WGS sequence	cellular organisms, Eukaryota, Opisthokonta, Metazoa, Eumetazoa, Bilateria, Protostomia, Ecdysozoa, Panarthropoda, Arthropoda, Mandibulata, Pancrustacea, Hexapoda, Insecta, Dicondylia, Pterygota, Neoptera, Endopterygota, Coleoptera, Polyphaga, Cucujiformia, Curculionoidea, Curculionidae, Ceutorhynchinae, Ceutorhynchus	GCA_917834065.1	full
UP001152803	Conger conger (Conger eel) (Muraena conger)	82655	23596	C:84.3%[S:78.0%,D:6.3%],F:2.9%,M:12.7%,n:3640	Unknown	Chromosome 1; Chromosome 2; Chromosome 3; Chromosome 4; Chromosome 5; Chromosome 6; Chromosome 7; Chromosome 8; Chromosome 9; Chromosome 10; Chromosome 11; Chromosome 12; Chromosome 13; Chromosome 14; Chromosome 15; Chromosome 16; Chromosome 17; Chromosome 18; Chromosome 19; Unassembled WGS sequence	cellular organisms, Eukaryota, Opisthokonta, Metazoa, Eumetazoa, Bilateria, Deuterostomia, Chordata, Craniata, Vertebrata, Gnathostomata, Teleostomi, Euteleostomi, Actinopterygii, Actinopteri, Neopterygii, Teleostei, Elopocephalai, Elopocephala, Elopomorpha, Anguilliformes, Congridae, Congrinae, Conger	GCA_029692045.1	full
UP001152836	Phodopus roborovskii (Roborovski's desert hamster) (Cricetulus roborovskii)	109678	21818	C:86.5%[S:74.7%,D:11.9%],F:2.4%,M:11.1%,n:13798	Unknown	Unassembled WGS sequence	cellular organisms, Eukaryota, Opisthokonta, Metazoa, Eumetazoa, Bilateria, Deuterostomia, Chordata, Craniata, Vertebrata, Gnathostomata, Teleostomi, Euteleostomi, Sarcopterygii, Dipnotetrapodomorpha, Tetrapoda, Amniota, Mammalia, Theria, Eutheria, Boreoeutheria, Euarchontoglires, Glires, Rodentia, Myomorpha, Muroidea, Cricetidae, Cricetinae, Phodopus	GCA_943737965.1	full
UP001153292	Chilo suppressalis (Asiatic rice borer moth)	168631	12895	C:89.4%[S:81.3%,D:8.1%],F:0.6%,M:10.0%,n:5286	Unknown	Chromosome 1; Chromosome 2; Chromosome 3; Chromosome 4; Chromosome 5; Chromosome 6; Chromosome 7; Chromosome 8; Chromosome 9; Chromosome 10; Chromosome 11; Chromosome 12; Chromosome 14; Chromosome 13; Chromosome 15; Chromosome 16; Chromosome 17; Chromosome 18; Chromosome 19; Chromosome 20; Chromosome 21; Chromosome 22; Chromosome 23; Chromosome 24; Chromosome 26; Chromosome 25; Chromosome 27; Chromosome 28; Chromosome 29; Chromosome 30; Unassembled WGS sequence	cellular organisms, Eukaryota, Opisthokonta, Metazoa, Eumetazoa, Bilateria, Protostomia, Ecdysozoa, Panarthropoda, Arthropoda, Mandibulata, Pancrustacea, Hexapoda, Insecta, Dicondylia, Pterygota, Neoptera, Endopterygota, Amphiesmenoptera, Lepidoptera, Glossata, Neolepidoptera, Heteroneura, Ditrysia, Obtectomera, Pyraloidea, Crambidae, Crambinae, Chilo	GCA_902850365.2	full
UP001153321	Spodoptera littoralis (Egyptian cotton leafworm)	7109	13280	C:92.9%[S:92.1%,D:0.7%],F:1.8%,M:5.3%,n:5286	Unknown	Chromosome 1; Chromosome 2; Chromosome 3; Chromosome 4; Chromosome 5; Chromosome 6; Chromosome 7; Chromosome 8; Chromosome 9; Chromosome 10; Chromosome 11; Chromosome 12; Chromosome 13; Chromosome 14; Chromosome 15; Chromosome 16; Chromosome 17; Chromosome 18; Chromosome 19; Chromosome 20; Chromosome 21; Chromosome 22; Chromosome 23; Chromosome 24; Chromosome 25; Chromosome 26; Chromosome 27; Chromosome 28; Chromosome 29; Chromosome 30; Chromosome Z	cellular organisms, Eukaryota, Opisthokonta, Metazoa, Eumetazoa, Bilateria, Protostomia, Ecdysozoa, Panarthropoda, Arthropoda, Mandibulata, Pancrustacea, Hexapoda, Insecta, Dicondylia, Pterygota, Neoptera, Endopterygota, Amphiesmenoptera, Lepidoptera, Glossata, Neolepidoptera, Heteroneura, Ditrysia, Obtectomera, Noctuoidea, Noctuidae, Amphipyrinae, Spodoptera	GCA_902850265.1	full
UP001153620	Chironomus riparius	315576	16483	C:93.9%[S:85.4%,D:8.5%],F:0.4%,M:5.7%,n:3285	Unknown	Chromosome 2; Chromosome 1; Chromosome 3; Chromosome 4; Unassembled WGS sequence	cellular organisms, Eukaryota, Opisthokonta, Metazoa, Eumetazoa, Bilateria, Protostomia, Ecdysozoa, Panarthropoda, Arthropoda, Mandibulata, Pancrustacea, Hexapoda, Insecta, Dicondylia, Pterygota, Neoptera, Endopterygota, Diptera, Nematocera, Culicomorpha, Chironomoidea, Chironomidae, Chironominae, Chironomini, Chironomus, Chironomus incertae sedis	GCA_917627325.4	full
UP001153636	Psylliodes chrysocephalus	3402493	17451	C:92.6%[S:85.8%,D:6.8%],F:0.9%,M:6.5%,n:2124	Unknown	Chromosome 1; Chromosome 2; Chromosome 3; Chromosome 4; Chromosome 5; Chromosome 6; Chromosome 7; Chromosome 8; Chromosome 9; Chromosome 10; Chromosome 11; Chromosome 12; Chromosome 13; Chromosome 14; Chromosome 15; Chromosome 16; Chromosome 17; Chromosome 18; Chromosome 19; Chromosome 20; Chromosome 21; Chromosome 22; Chromosome 23; Unassembled WGS sequence	cellular organisms, Eukaryota, Opisthokonta, Metazoa, Eumetazoa, Bilateria, Protostomia, Ecdysozoa, Panarthropoda, Arthropoda, Mandibulata, Pancrustacea, Hexapoda, Insecta, Dicondylia, Pterygota, Neoptera, Endopterygota, Coleoptera, Polyphaga, Cucujiformia, Chrysomeloidea, Chrysomelidae, Galerucinae, Alticini, Psylliodes	GCA_927349885.1	full
UP001153709	Diabrotica balteata (Banded cucumber beetle)	107213	15880	C:88.8%[S:81.1%,D:7.7%],F:3.7%,M:7.5%,n:2124	Unknown	Chromosome 1; Chromosome 2; Chromosome 3; Chromosome 4; Chromosome 5; Chromosome 6; Chromosome 7; Chromosome 8; Chromosome 9; Chromosome 10; Unassembled WGS sequence	cellular organisms, Eukaryota, Opisthokonta, Metazoa, Eumetazoa, Bilateria, Protostomia, Ecdysozoa, Panarthropoda, Arthropoda, Mandibulata, Pancrustacea, Hexapoda, Insecta, Dicondylia, Pterygota, Neoptera, Endopterygota, Coleoptera, Polyphaga, Cucujiformia, Chrysomeloidea, Chrysomelidae, Galerucinae, Luperini, Diabroticina, Diabroticites, Diabrotica	GCA_918026665.1	full
UP001153712	Phyllotreta striolata (Striped flea beetle) (Crioceris striolata)	444603	12162	C:96.1%[S:94.0%,D:2.1%],F:0.2%,M:3.7%,n:2124	Unknown	Chromosome 1; Chromosome 2; Chromosome 3; Chromosome 4; Chromosome 5; Chromosome 6; Chromosome 7; Chromosome 8; Chromosome 9; Chromosome 10; Chromosome 11; Chromosome 12; Chromosome 13; Chromosome 14; Chromosome 15; Unassembled WGS sequence	cellular organisms, Eukaryota, Opisthokonta, Metazoa, Eumetazoa, Bilateria, Protostomia, Ecdysozoa, Panarthropoda, Arthropoda, Mandibulata, Pancrustacea, Hexapoda, Insecta, Dicondylia, Pterygota, Neoptera, Endopterygota, Coleoptera, Polyphaga, Cucujiformia, Chrysomeloidea, Chrysomelidae, Galerucinae, Alticini, Phyllotreta	GCA_918026865.1	full
UP001153714	Diatraea saccharalis (sugarcane borer)	40085	16115	C:92.0%[S:84.3%,D:7.8%],F:2.3%,M:5.7%,n:5286	Unknown	Chromosome 1; Chromosome 2; Chromosome 3; Chromosome 4; Chromosome 5; Chromosome 6; Chromosome 7; Chromosome 8; Chromosome 9; Chromosome 10; Chromosome 11; Chromosome 12; Chromosome 13; Chromosome 14; Chromosome 15; Chromosome 16; Chromosome 17; Chromosome 18; Chromosome 19; Chromosome 20; Chromosome 21; Chromosome 22; Chromosome 23; Unassembled WGS sequence	cellular organisms, Eukaryota, Opisthokonta, Metazoa, Eumetazoa, Bilateria, Protostomia, Ecdysozoa, Panarthropoda, Arthropoda, Mandibulata, Pancrustacea, Hexapoda, Insecta, Dicondylia, Pterygota, Neoptera, Endopterygota, Amphiesmenoptera, Lepidoptera, Glossata, Neolepidoptera, Heteroneura, Ditrysia, Obtectomera, Pyraloidea, Crambidae, Crambinae, Diatraea	GCA_918026875.4	full
UP001153737	Phaedon cochleariae (Mustard beetle)	80249	13351	C:93.9%[S:86.7%,D:7.3%],F:1.3%,M:4.8%,n:2124	Unknown	Chromosome 1; Chromosome 2; Chromosome 3; Chromosome 4; Chromosome 5; Chromosome 6; Chromosome 7; Chromosome 8; Chromosome 9; Chromosome 10; Chromosome 11; Chromosome 12; Chromosome 13; Chromosome 15; Chromosome 14; Chromosome 16; Chromosome 17; Unassembled WGS sequence	cellular organisms, Eukaryota, Opisthokonta, Metazoa, Eumetazoa, Bilateria, Protostomia, Ecdysozoa, Panarthropoda, Arthropoda, Mandibulata, Pancrustacea, Hexapoda, Insecta, Dicondylia, Pterygota, Neoptera, Endopterygota, Coleoptera, Polyphaga, Cucujiformia, Chrysomeloidea, Chrysomelidae, Chrysomelinae, Chrysomelini, Phaedon	GCA_918026855.4	full
UP001154078	Brassicogethes aeneus (Rape pollen beetle) (Meligethes aeneus)	1431903	15965	C:95.4%[S:84.8%,D:10.6%],F:0.8%,M:3.8%,n:2124	Unknown	Chromosome 1; Chromosome 2; Chromosome 3; Chromosome 4; Chromosome 5; Chromosome 6; Chromosome 7; Chromosome 8; Chromosome 9; Chromosome 10; Chromosome 11	cellular organisms, Eukaryota, Opisthokonta, Metazoa, Eumetazoa, Bilateria, Protostomia, Ecdysozoa, Panarthropoda, Arthropoda, Mandibulata, Pancrustacea, Hexapoda, Insecta, Dicondylia, Pterygota, Neoptera, Endopterygota, Coleoptera, Polyphaga, Cucujiformia, Cucujoidea, Nitidulidae, Meligethinae, Brassicogethes	GCA_921294245.1	full
UP001154114	Chrysodeixis includens (Soybean looper) (Pseudoplusia includens)	689277	14731	C:93.7%[S:86.6%,D:7.1%],F:0.5%,M:5.8%,n:5286	Unknown	Chromosome 1; Chromosome 2; Chromosome 3; Chromosome 4; Chromosome 5; Chromosome 6; Chromosome 7; Chromosome 8; Chromosome 9; Chromosome 10; Chromosome 11; Chromosome 12; Chromosome 13; Chromosome 14; Chromosome 15; Chromosome 16; Chromosome 17; Chromosome 18; Chromosome 19; Chromosome 20; Chromosome 21; Chromosome 22; Chromosome 23; Chromosome 24; Chromosome 25; Chromosome 26; Chromosome 27; Chromosome 28; Chromosome 29; Chromosome 30; Chromosome 31; Unassembled WGS sequence	cellular organisms, Eukaryota, Opisthokonta, Metazoa, Eumetazoa, Bilateria, Protostomia, Ecdysozoa, Panarthropoda, Arthropoda, Mandibulata, Pancrustacea, Hexapoda, Insecta, Dicondylia, Pterygota, Neoptera, Endopterygota, Amphiesmenoptera, Lepidoptera, Glossata, Neolepidoptera, Heteroneura, Ditrysia, Obtectomera, Noctuoidea, Noctuidae, Plusiinae, Chrysodeixis	GCA_903961255.1	full
UP001154329	Aphis gossypii (Cotton aphid)	80765	15271	C:96.2%[S:80.2%,D:16.0%],F:1.3%,M:2.5%,n:2510	Unknown	Chromosome 1; Chromosome 3; Chromosome 2; Chromosome 4; Unassembled WGS sequence	cellular organisms, Eukaryota, Opisthokonta, Metazoa, Eumetazoa, Bilateria, Protostomia, Ecdysozoa, Panarthropoda, Arthropoda, Mandibulata, Pancrustacea, Hexapoda, Insecta, Dicondylia, Pterygota, Neoptera, Paraneoptera, Hemiptera, Sternorrhyncha, Aphidomorpha, Aphidoidea, Aphididae, Aphidinae, Aphidini, Aphis, Aphis	GCA_917880025.4	full
UP001159042	Exocentrus adspersus	1586481	16827	C:86.2%[S:85.6%,D:0.6%],F:4.1%,M:9.7%,n:2124	Unknown	Unassembled WGS sequence	cellular organisms, Eukaryota, Opisthokonta, Metazoa, Eumetazoa, Bilateria, Protostomia, Ecdysozoa, Panarthropoda, Arthropoda, Mandibulata, Pancrustacea, Hexapoda, Insecta, Dicondylia, Pterygota, Neoptera, Endopterygota, Coleoptera, Polyphaga, Cucujiformia, Chrysomeloidea, Cerambycidae, Lamiinae, Acanthocinini, Exocentrus	GCA_029955175.1	full
UP001159641	Eschrichtius robustus (California gray whale) (Eschrichtius gibbosus)	9764	22991	C:56.1%[S:54.7%,D:1.5%],F:8.2%,M:35.7%,n:13335	Unknown	Unassembled WGS sequence	cellular organisms, Eukaryota, Opisthokonta, Metazoa, Eumetazoa, Bilateria, Deuterostomia, Chordata, Craniata, Vertebrata, Gnathostomata, Teleostomi, Euteleostomi, Sarcopterygii, Dipnotetrapodomorpha, Tetrapoda, Amniota, Mammalia, Theria, Eutheria, Boreoeutheria, Laurasiatheria, Artiodactyla, Whippomorpha, Cetacea, Mysticeti, Eschrichtiidae, Eschrichtius	GCA_029890035.1	full
UP001162162	Aromia moschata	1265417	22090	C:66.4%[S:65.6%,D:0.8%],F:14.3%,M:19.4%,n:2124	Unknown	Unassembled WGS sequence	cellular organisms, Eukaryota, Opisthokonta, Metazoa, Eumetazoa, Bilateria, Protostomia, Ecdysozoa, Panarthropoda, Arthropoda, Mandibulata, Pancrustacea, Hexapoda, Insecta, Dicondylia, Pterygota, Neoptera, Endopterygota, Coleoptera, Polyphaga, Cucujiformia, Chrysomeloidea, Cerambycidae, Cerambycinae, Callichromatini, Aromia	GCA_029963805.1	full
UP001162480	Octopus vulgaris (Common octopus)	6645	29912	C:84.5%[S:57.2%,D:27.3%],F:2.2%,M:13.3%,n:5295	Unknown	Chromosome 1; Chromosome 2; Chromosome 3; Chromosome 4; Chromosome 5; Chromosome 6; Chromosome 7; Chromosome 8; Chromosome 9; Chromosome 10; Chromosome 11; Chromosome 12; Chromosome 13; Chromosome 14; Chromosome 15; Chromosome 16; Chromosome 17; Chromosome 18; Chromosome 19; Chromosome 20; Chromosome 21; Chromosome 22; Chromosome 23; Chromosome 24; Chromosome 25; Chromosome 26; Chromosome 27; Chromosome 28; Chromosome 30; Chromosome 29; Mitochondrion MT; Unassembled WGS sequence	cellular organisms, Eukaryota, Opisthokonta, Metazoa, Eumetazoa, Bilateria, Protostomia, Spiralia, Lophotrochozoa, Mollusca, Cephalopoda, Coleoidea, Octopodiformes, Octopoda, Incirrata, Octopodidae, Octopus	GCA_951406725.2	full
UP001163046	Desmophyllum pertusum	174260	37379	C:71.6%[S:70.2%,D:1.4%],F:15.6%,M:12.8%,n:954	Unknown	Unassembled WGS sequence	cellular organisms, Eukaryota, Opisthokonta, Metazoa, Eumetazoa, Cnidaria, Anthozoa, Hexacorallia, Scleractinia, Caryophylliina, Caryophylliidae, Desmophyllum	GCA_029204205.1	full
UP001165289	Oopsacas minuta	111878	16257	C:75.6%[S:74.4%,D:1.2%],F:4.4%,M:20.0%,n:954	Unknown	Unassembled WGS sequence	cellular organisms, Eukaryota, Opisthokonta, Metazoa, Porifera, Hexactinellida, Hexasterophora, Lyssacinosida, Leucopsacidae, Oopsacas	GCA_024704765.1	full
UP001165740	Biomphalaria glabrata (Bloodfluke planorb) (Freshwater snail)	6526	35513	C:98.8%[S:41.4%,D:57.3%],F:0.0%,M:1.2%,n:5295	Unknown	Chromosome 1; Chromosome 2; Chromosome 3; Chromosome 4; Chromosome 5; Chromosome 6; Chromosome 7; Chromosome 8; Chromosome 9; Chromosome 10; Chromosome 11; Chromosome 12; Chromosome 13; Chromosome 14; Chromosome 15; Chromosome 16; Chromosome 17; Chromosome 18; Unplaced	cellular organisms, Eukaryota, Opisthokonta, Metazoa, Eumetazoa, Bilateria, Protostomia, Spiralia, Lophotrochozoa, Mollusca, Gastropoda, Heterobranchia, Euthyneura, Panpulmonata, Hygrophila, Lymnaeoidea, Planorbidae, Biomphalaria	GCF_947242115.1	full
UP001165780	Panthera pardus (Leopard) (Felis pardus)	9691	45252	C:99.5%[S:45.5%,D:54.0%],F:0.1%,M:0.4%,n:14502	Unknown	Mitochondrion MT; Unplaced	cellular organisms, Eukaryota, Opisthokonta, Metazoa, Eumetazoa, Bilateria, Deuterostomia, Chordata, Craniata, Vertebrata, Gnathostomata, Teleostomi, Euteleostomi, Sarcopterygii, Dipnotetrapodomorpha, Tetrapoda, Amniota, Mammalia, Theria, Eutheria, Boreoeutheria, Laurasiatheria, Carnivora, Feliformia, Felidae, Pantherinae, Panthera	GCF_024362965.1	full
UP001166093	Polyodon spathula (North American paddlefish) (Squalus spathula)	7913	18302	C:62.1%[S:41.7%,D:20.4%],F:4.6%,M:33.2%,n:3640	Unknown	Unassembled WGS sequence	cellular organisms, Eukaryota, Opisthokonta, Metazoa, Eumetazoa, Bilateria, Deuterostomia, Chordata, Craniata, Vertebrata, Gnathostomata, Teleostomi, Euteleostomi, Actinopterygii, Actinopteri, Chondrostei, Acipenseriformes, Acipenseroidei, Polyodontidae, Polyodontinae, Polyodontini, Polyodon	GCA_016984195.1	full
UP001166674	Sciurus carolinensis (Eastern gray squirrel)	30640	22862	C:78.3%[S:76.9%,D:1.4%],F:4.4%,M:17.4%,n:13798	Unknown	Unassembled WGS sequence	cellular organisms, Eukaryota, Opisthokonta, Metazoa, Eumetazoa, Bilateria, Deuterostomia, Chordata, Craniata, Vertebrata, Gnathostomata, Teleostomi, Euteleostomi, Sarcopterygii, Dipnotetrapodomorpha, Tetrapoda, Amniota, Mammalia, Theria, Eutheria, Boreoeutheria, Euarchontoglires, Glires, Rodentia, Sciuromorpha, Sciuridae, Sciurinae, Sciurini, Sciurus	GCA_020004445.1	full
UP001168972	Microctonus hyperodae (Parasitoid wasp)	165561	12896	C:87.9%[S:79.5%,D:8.4%],F:4.0%,M:8.1%,n:5991	Unknown	Unassembled WGS sequence	cellular organisms, Eukaryota, Opisthokonta, Metazoa, Eumetazoa, Bilateria, Protostomia, Ecdysozoa, Panarthropoda, Arthropoda, Mandibulata, Pancrustacea, Hexapoda, Insecta, Dicondylia, Pterygota, Neoptera, Endopterygota, Hymenoptera, Apocrita, Ichneumonoidea, Braconidae, Euphorinae, Microctonus	GCA_030347285.1	full
UP001174909	Geodia barretti (Barrett's horny sponge)	519541	60916	C:79.2%[S:51.9%,D:27.4%],F:9.6%,M:11.1%,n:954	Unknown	Unassembled WGS sequence	cellular organisms, Eukaryota, Opisthokonta, Metazoa, Porifera, Demospongiae, Heteroscleromorpha, Tetractinellida, Astrophorina, Geodiidae, Geodia	GCA_030341885.1	full
UP001176941	Rangifer tarandus platyrhynchus (Svalbard reindeer)	3082113	31565	C:96.8%[S:94.7%,D:2.1%],F:0.4%,M:2.9%,n:13335	Unknown	Chromosome 1; Chromosome 2; Chromosome 3; Chromosome 4; Chromosome 5; Chromosome 6; Chromosome 7; Chromosome 8; Chromosome 9; Chromosome 10; Chromosome X; Chromosome 11; Chromosome 12; Chromosome 13; Chromosome 14; Chromosome 15; Chromosome 16; Chromosome 17; Chromosome 18; Chromosome 19; Chromosome 20; Chromosome 21; Chromosome 22; Chromosome 23; Chromosome 24; Chromosome 25; Chromosome 26; Chromosome 27; Chromosome 28; Chromosome 29; Chromosome 30; Chromosome 31; Chromosome 32; Chromosome 33; Chromosome 34; Chromosome Y; Mitochondrion MIT; Unassembled WGS sequence	cellular organisms, Eukaryota, Opisthokonta, Metazoa, Eumetazoa, Bilateria, Deuterostomia, Chordata, Craniata, Vertebrata, Gnathostomata, Teleostomi, Euteleostomi, Sarcopterygii, Dipnotetrapodomorpha, Tetrapoda, Amniota, Mammalia, Theria, Eutheria, Boreoeutheria, Laurasiatheria, Artiodactyla, Ruminantia, Pecora, Cervidae, Odocoileinae, Rangifer, Rangifer tarandus	GCA_949782905.1	full
UP001177023	Mesorhabditis spiculigera	96644	26039	C:83.8%[S:57.2%,D:26.6%],F:1.6%,M:14.7%,n:3131	Unknown	Unassembled WGS sequence	cellular organisms, Eukaryota, Opisthokonta, Metazoa, Eumetazoa, Bilateria, Protostomia, Ecdysozoa, Nematoda, Chromadorea, Rhabditida, Rhabditina, Rhabditomorpha, Rhabditoidea, Rhabditidae, Mesorhabditinae, Mesorhabditis	GCA_958295435.1	full
UP001177209	Pygoscelis papua (Gentoo penguin)	30457	13880	C:77.6%[S:77.1%,D:0.5%],F:6.4%,M:16.0%,n:8338	Unknown	Unassembled WGS sequence	cellular organisms, Eukaryota, Opisthokonta, Metazoa, Eumetazoa, Bilateria, Deuterostomia, Chordata, Craniata, Vertebrata, Gnathostomata, Teleostomi, Euteleostomi, Sarcopterygii, Dipnotetrapodomorpha, Tetrapoda, Amniota, Sauropsida, Sauria, Archelosauria, Archosauria, Dinosauria, Saurischia, Theropoda, Coelurosauria, Aves, Neognathae, Neoaves, Aequornithes, Sphenisciformes, Spheniscidae, Pygoscelis	GCA_030674165.1	full
UP001177670	Melipona bicolor	60889	21279	C:90.3%[S:81.7%,D:8.6%],F:5.3%,M:4.4%,n:5991	Unknown	Unassembled WGS sequence	cellular organisms, Eukaryota, Opisthokonta, Metazoa, Eumetazoa, Bilateria, Protostomia, Ecdysozoa, Panarthropoda, Arthropoda, Mandibulata, Pancrustacea, Hexapoda, Insecta, Dicondylia, Pterygota, Neoptera, Endopterygota, Hymenoptera, Apocrita, Aculeata, Apoidea, Anthophila, Apidae, Apinae, Meliponini, Melipona	GCA_030673865.1	full
UP001177744	Cnephaeus nilssonii (Northern bat) (Eptesicus nilssonii)	3371016	19772	C:70.6%[S:70.2%,D:0.4%],F:6.2%,M:23.3%,n:12234	Unknown	Unassembled WGS sequence	cellular organisms, Eukaryota, Opisthokonta, Metazoa, Eumetazoa, Bilateria, Deuterostomia, Chordata, Craniata, Vertebrata, Gnathostomata, Teleostomi, Euteleostomi, Sarcopterygii, Dipnotetrapodomorpha, Tetrapoda, Amniota, Mammalia, Theria, Eutheria, Boreoeutheria, Laurasiatheria, Chiroptera, Yangochiroptera, Vespertilionidae, Cnephaeus	GCA_030846915.1	full
UP001178461	Podarcis lilfordi (Lilford's wall lizard)	74358	38311	C:94.8%[S:61.6%,D:33.2%],F:1.2%,M:4.0%,n:7480	Unknown	Chromosome 1; Chromosome 2; Chromosome 3; Chromosome 4; Chromosome 5; Chromosome 6; Chromosome 7; Chromosome 8; Chromosome 9; Chromosome 10; Chromosome 11; Chromosome 12; Chromosome 13; Chromosome 14; Chromosome 15; Chromosome 16; Chromosome 17; Chromosome 18; Chromosome W; Chromosome Z; Mitochondrion MT; Unassembled WGS sequence	cellular organisms, Eukaryota, Opisthokonta, Metazoa, Eumetazoa, Bilateria, Deuterostomia, Chordata, Craniata, Vertebrata, Gnathostomata, Teleostomi, Euteleostomi, Sarcopterygii, Dipnotetrapodomorpha, Tetrapoda, Amniota, Sauropsida, Sauria, Lepidosauria, Squamata, Bifurcata, Unidentata, Episquamata, Laterata, Lacertibaenia, Lacertidae, Lacertinae, Podarcis	GCA_947686815.1	full
UP001178508	Xyrichtys novacula (Pearly razorfish) (Hemipteronotus novacula)	13765	39134	C:98.7%[S:74.4%,D:24.3%],F:0.3%,M:1.0%,n:3640	Unknown	Chromosome 1; Chromosome 2; Chromosome 3; Chromosome 4; Chromosome 5; Chromosome 6; Chromosome 7; Chromosome 8; Chromosome 9; Chromosome 10; Chromosome 11; Chromosome 12; Chromosome 13; Chromosome 14; Chromosome 15; Chromosome 16; Chromosome 18; Chromosome 17; Chromosome 19; Chromosome 20; Chromosome 21; Chromosome 22; Chromosome 23; Chromosome 24; Mitochondrion MT; Unassembled WGS sequence	cellular organisms, Eukaryota, Opisthokonta, Metazoa, Eumetazoa, Bilateria, Deuterostomia, Chordata, Craniata, Vertebrata, Gnathostomata, Teleostomi, Euteleostomi, Actinopterygii, Actinopteri, Neopterygii, Teleostei, Osteoglossocephalai, Clupeocephala, Euteleosteomorpha, Neoteleostei, Eurypterygia, Ctenosquamata, Acanthomorphata, Euacanthomorphacea, Percomorphaceae, Eupercaria, Labriformes, Labridae, Xyrichtys	GCA_962446985.1	full
UP001181693	Pyxicephalus adspersus (African bullfrog)	30357	20788	C:85.9%[S:76.5%,D:9.4%],F:4.9%,M:9.2%,n:5310	Unknown	Chromosome 1; Chromosome 2; Chromosome 3; Chromosome 4; Chromosome 5; Chromosome 6; Chromosome 7; Chromosome 8; Chromosome 9; Chromosome 10; Chromosome 11; Chromosome 12; Chromosome W; Chromosome Z; Unassembled WGS sequence	cellular organisms, Eukaryota, Opisthokonta, Metazoa, Eumetazoa, Bilateria, Deuterostomia, Chordata, Craniata, Vertebrata, Gnathostomata, Teleostomi, Euteleostomi, Sarcopterygii, Dipnotetrapodomorpha, Tetrapoda, Amphibia, Batrachia, Anura, Neobatrachia, Ranoidea, Pyxicephalidae, Pyxicephalinae, Pyxicephalus	GCA_032062135.1	full
UP001187315	Tachysurus vachellii (Darkbarbel catfish) (Pelteobagrus vachellii)	175792	23495	C:96.4%[S:94.8%,D:1.6%],F:0.7%,M:2.9%,n:3640	Unknown	Chromosome 1; Chromosome 2; Chromosome 3; Chromosome 4; Chromosome 5; Chromosome 6; Chromosome 7; Chromosome 8; Chromosome 9; Chromosome 10; Chromosome 11; Chromosome 12; Chromosome 13; Chromosome 14; Chromosome 15; Chromosome 16; Chromosome 17; Chromosome 18; Chromosome 19; Chromosome 20; Chromosome 21; Chromosome 22; Chromosome 23; Chromosome 24; Chromosome 25; Chromosome 26; Unassembled WGS sequence	cellular organisms, Eukaryota, Opisthokonta, Metazoa, Eumetazoa, Bilateria, Deuterostomia, Chordata, Craniata, Vertebrata, Gnathostomata, Teleostomi, Euteleostomi, Actinopterygii, Actinopteri, Neopterygii, Teleostei, Osteoglossocephalai, Clupeocephala, Otomorpha, Ostariophysi, Otophysi, Characiphysae, Siluriformes, Siluroidei, Bagridae, Tachysurus	GCA_033026395.1	full
UP001187343	Cirrhinus molitorella (mud carp)	172907	25689	C:96.5%[S:95.1%,D:1.5%],F:0.5%,M:3.0%,n:3640	Unknown	Chromosome 1; Chromosome 2; Chromosome 3; Chromosome 4; Chromosome 5; Chromosome 6; Chromosome 7; Chromosome 8; Chromosome 9; Chromosome 10; Chromosome 11; Chromosome 13; Chromosome 12; Chromosome 14; Chromosome 15; Chromosome 16; Chromosome 17; Chromosome 18; Chromosome 19; Chromosome 20; Chromosome 21; Chromosome 22; Chromosome 23; Chromosome 24; Chromosome 25; Unassembled WGS sequence	cellular organisms, Eukaryota, Opisthokonta, Metazoa, Eumetazoa, Bilateria, Deuterostomia, Chordata, Craniata, Vertebrata, Gnathostomata, Teleostomi, Euteleostomi, Actinopterygii, Actinopteri, Neopterygii, Teleostei, Osteoglossocephalai, Clupeocephala, Otomorpha, Ostariophysi, Otophysi, Cypriniphysae, Cypriniformes, Cyprinoidei, Cyprinidae, Labeoninae, Labeonini, Cirrhinus	GCA_033026305.1	full
UP001187415	Channa striata (Snakehead murrel) (Ophicephalus striatus)	64152	26451	C:94.6%[S:93.6%,D:1.0%],F:2.3%,M:3.1%,n:3640	Unknown	Linkage Group LG01; Linkage Group LG02; Linkage Group LG03; Linkage Group LG04; Linkage Group LG05; Linkage Group LG06; Linkage Group LG07; Linkage Group LG08; Linkage Group LG09; Linkage Group LG10; Linkage Group LG11; Linkage Group LG12; Linkage Group LG13; Linkage Group LG14; Linkage Group LG15; Linkage Group LG16; Linkage Group LG17; Linkage Group LG18; Linkage Group LG19; Linkage Group LG20; Linkage Group LG21; Linkage Group LG22; Unassembled WGS sequence	cellular organisms, Eukaryota, Opisthokonta, Metazoa, Eumetazoa, Bilateria, Deuterostomia, Chordata, Craniata, Vertebrata, Gnathostomata, Teleostomi, Euteleostomi, Actinopterygii, Actinopteri, Neopterygii, Teleostei, Osteoglossocephalai, Clupeocephala, Euteleosteomorpha, Neoteleostei, Eurypterygia, Ctenosquamata, Acanthomorphata, Euacanthomorphacea, Percomorphaceae, Anabantaria, Anabantiformes, Channoidei, Channidae, Channa	GCA_033026295.1	full
UP001187531	Artemia franciscana (Brine shrimp) (Artemia sanfranciscana)	6661	23911	C:81.6%[S:49.0%,D:32.7%],F:4.5%,M:13.8%,n:1013	Unknown	Chromosome 1; Chromosome 2; Chromosome 3; Chromosome 4; Chromosome 5; Chromosome 6; Chromosome 7; Chromosome 8; Chromosome 9; Chromosome 10; Chromosome 11; Chromosome 12; Chromosome 13; Chromosome 14; Chromosome 15; Chromosome 16; Chromosome 17; Chromosome 18; Chromosome 19; Chromosome 20; Chromosome 21; Unassembled WGS sequence	cellular organisms, Eukaryota, Opisthokonta, Metazoa, Eumetazoa, Bilateria, Protostomia, Ecdysozoa, Panarthropoda, Arthropoda, Mandibulata, Pancrustacea, Crustacea, Branchiopoda, Sarsostraca, Anostraca, Artemiidae, Artemia	GCA_032884065.1	full
UP001190640	Eublepharis macularius (Leopard gecko) (Cyrtodactylus macularius)	481883	29440	C:98.4%[S:59.5%,D:38.9%],F:0.2%,M:1.4%,n:7480	Unknown	Chromosome 1; Chromosome 2; Chromosome 3; Chromosome 4; Chromosome 5; Chromosome 6; Chromosome 7; Chromosome 8; Chromosome 9; Chromosome 10; Chromosome 11; Chromosome 12; Chromosome 13; Chromosome 14; Chromosome 15; Chromosome 16; Chromosome 18; Chromosome 17; Chromosome 19; Mitochondrion MT; Unplaced	cellular organisms, Eukaryota, Opisthokonta, Metazoa, Eumetazoa, Bilateria, Deuterostomia, Chordata, Craniata, Vertebrata, Gnathostomata, Teleostomi, Euteleostomi, Sarcopterygii, Dipnotetrapodomorpha, Tetrapoda, Amniota, Sauropsida, Sauria, Lepidosauria, Squamata, Bifurcata, Gekkota, Eublepharidae, Eublepharinae, Eublepharis	GCF_028583425.1	full
UP001200034	Drosophila rubida	30044	11829	C:92.6%[S:92.2%,D:0.5%],F:0.2%,M:7.2%,n:3285	Unknown	Unassembled WGS sequence	cellular organisms, Eukaryota, Opisthokonta, Metazoa, Eumetazoa, Bilateria, Protostomia, Ecdysozoa, Panarthropoda, Arthropoda, Mandibulata, Pancrustacea, Hexapoda, Insecta, Dicondylia, Pterygota, Neoptera, Endopterygota, Diptera, Brachycera, Muscomorpha, Eremoneura, Cyclorrhapha, Schizophora, Acalyptratae, Ephydroidea, Drosophilidae, Drosophilinae, Drosophilini, Drosophila, Drosophila, immigrans group, hypocausta subgroup	GCA_021223945.1	full
UP001201812	Ditylenchus destructor	166010	21174	C:72.5%[S:69.2%,D:3.2%],F:1.8%,M:25.8%,n:3131	Unknown	Unassembled WGS sequence	cellular organisms, Eukaryota, Opisthokonta, Metazoa, Eumetazoa, Bilateria, Protostomia, Ecdysozoa, Nematoda, Chromadorea, Rhabditida, Tylenchina, Tylenchomorpha, Sphaerularioidea, Anguinidae, Anguininae, Ditylenchus	GCA_022814885.1	full
UP001205998	Silurus asotus (Amur catfish) (Parasilurus asotus)	30991	24039	C:91.6%[S:89.9%,D:1.7%],F:2.7%,M:5.7%,n:3640	Unknown	Unassembled WGS sequence	cellular organisms, Eukaryota, Opisthokonta, Metazoa, Eumetazoa, Bilateria, Deuterostomia, Chordata, Craniata, Vertebrata, Gnathostomata, Teleostomi, Euteleostomi, Actinopterygii, Actinopteri, Neopterygii, Teleostei, Osteoglossocephalai, Clupeocephala, Otomorpha, Ostariophysi, Otophysi, Characiphysae, Siluriformes, Siluroidei, Siluridae, Silurus	GCA_024362625.1	full
UP001214576	Ovis ammon polii	230172	20730	C:86.9%[S:85.5%,D:1.4%],F:2.5%,M:10.6%,n:13335	Unknown	Chromosome X; Chromosome Y; Linkage Group LG01; Linkage Group LG02; Linkage Group LG03; Linkage Group LG04; Linkage Group LG05; Linkage Group LG06; Linkage Group LG07; Linkage Group LG08; Linkage Group LG09; Linkage Group LG10; Linkage Group LG11; Linkage Group LG12; Linkage Group LG13; Linkage Group LG14; Linkage Group LG15; Linkage Group LG16; Linkage Group LG17; Linkage Group LG18; Linkage Group LG19; Linkage Group LG21; Linkage Group LG20; Linkage Group LG22; Linkage Group LG23; Linkage Group LG24; Linkage Group LG25; Linkage Group LG26; Linkage Group LG27; Unassembled WGS sequence	cellular organisms, Eukaryota, Opisthokonta, Metazoa, Eumetazoa, Bilateria, Deuterostomia, Chordata, Craniata, Vertebrata, Gnathostomata, Teleostomi, Euteleostomi, Sarcopterygii, Dipnotetrapodomorpha, Tetrapoda, Amniota, Mammalia, Theria, Eutheria, Boreoeutheria, Laurasiatheria, Artiodactyla, Ruminantia, Pecora, Bovidae, Caprinae, Ovis, Ovis ammon	GCA_028583565.1	full
UP001219518	Frankliniella fusca	407009	25147	C:97.4%[S:95.2%,D:2.2%],F:0.7%,M:1.9%,n:1367	Unknown	Unassembled WGS sequence	cellular organisms, Eukaryota, Opisthokonta, Metazoa, Eumetazoa, Bilateria, Protostomia, Ecdysozoa, Panarthropoda, Arthropoda, Mandibulata, Pancrustacea, Hexapoda, Insecta, Dicondylia, Pterygota, Neoptera, Paraneoptera, Thysanoptera, Terebrantia, Thripoidea, Thripidae, Thripinae, Frankliniella	GCA_029379305.1	full
UP001221898	Aldrovandia affinis	143900	44049	C:87.9%[S:79.3%,D:8.5%],F:4.3%,M:7.9%,n:3640	Unknown	Unassembled WGS sequence	cellular organisms, Eukaryota, Opisthokonta, Metazoa, Eumetazoa, Bilateria, Deuterostomia, Chordata, Craniata, Vertebrata, Gnathostomata, Teleostomi, Euteleostomi, Actinopterygii, Actinopteri, Neopterygii, Teleostei, Elopocephalai, Elopocephala, Elopomorpha, Notacanthiformes, Halosauridae, Aldrovandia	GCA_029706075.1	full
UP001230051	Acipenser oxyrinchus oxyrinchus	40147	26589	C:84.6%[S:33.4%,D:51.2%],F:1.2%,M:14.3%,n:3640	Unknown	Chromosome 1; Chromosome 2; Chromosome 3; Chromosome 4; Chromosome 5; Chromosome 6; Chromosome 7; Chromosome 8; Chromosome 9; Chromosome 10; Chromosome 11; Chromosome 12; Chromosome 13; Chromosome 14; Chromosome 15; Chromosome 16; Chromosome 17; Chromosome 18; Chromosome 19; Chromosome 20; Chromosome 21; Chromosome 22; Chromosome 23; Chromosome 24; Chromosome 25; Chromosome 26; Chromosome 27; Chromosome 28; Chromosome 29; Chromosome 30; Chromosome 31; Chromosome 32; Chromosome 33; Chromosome 34; Chromosome 35; Chromosome 36; Chromosome 37; Chromosome 38; Chromosome 39; Chromosome 40; Chromosome 41; Chromosome 42; Chromosome 43; Chromosome 44; Chromosome 45; Chromosome 46; Chromosome 47; Chromosome 48; Chromosome 49; Chromosome 50; Chromosome 51; Chromosome 52; Chromosome 53; Chromosome 54; Chromosome 55; Chromosome 56; Chromosome 57; Chromosome 58; Unassembled WGS sequence	cellular organisms, Eukaryota, Opisthokonta, Metazoa, Eumetazoa, Bilateria, Deuterostomia, Chordata, Craniata, Vertebrata, Gnathostomata, Teleostomi, Euteleostomi, Actinopterygii, Actinopteri, Chondrostei, Acipenseriformes, Acipenseroidei, Acipenseridae, Acipenserinae, Acipenserini, Acipenser, Acipenser oxyrinchus	GCA_030684275.1	full
UP001231518	Mythimna separata (Oriental armyworm) (Pseudaletia separata)	271217	16944	C:97.1%[S:95.8%,D:1.3%],F:0.7%,M:2.2%,n:5286	Unknown	Chromosome 1; Chromosome 2; Chromosome 3; Chromosome 4; Chromosome 5; Chromosome 6; Chromosome 7; Chromosome 8; Chromosome 9; Chromosome 10; Chromosome 11; Chromosome 12; Chromosome 13; Chromosome 14; Chromosome 15; Chromosome 16; Chromosome 17; Chromosome 18; Chromosome 19; Chromosome 20; Chromosome 21; Chromosome 22; Chromosome 23; Chromosome 24; Chromosome 25; Chromosome 26; Chromosome 27; Chromosome 28; Chromosome 29; Chromosome 30; Chromosome 31; Chromosome 32; Unassembled WGS sequence	cellular organisms, Eukaryota, Opisthokonta, Metazoa, Eumetazoa, Bilateria, Protostomia, Ecdysozoa, Panarthropoda, Arthropoda, Mandibulata, Pancrustacea, Hexapoda, Insecta, Dicondylia, Pterygota, Neoptera, Endopterygota, Amphiesmenoptera, Lepidoptera, Glossata, Neolepidoptera, Heteroneura, Ditrysia, Obtectomera, Noctuoidea, Noctuidae, Noctuinae, Hadenini, Mythimna	GCA_029852925.1	full
UP001239994	Electrophorus voltai	2609070	23099	C:86.2%[S:84.5%,D:1.7%],F:3.7%,M:10.2%,n:3640	Unknown	Unassembled WGS sequence	cellular organisms, Eukaryota, Opisthokonta, Metazoa, Eumetazoa, Bilateria, Deuterostomia, Chordata, Craniata, Vertebrata, Gnathostomata, Teleostomi, Euteleostomi, Actinopterygii, Actinopteri, Neopterygii, Teleostei, Osteoglossocephalai, Clupeocephala, Otomorpha, Ostariophysi, Otophysi, Characiphysae, Gymnotiformes, Gymnotoidei, Gymnotidae, Electrophorus	GCA_030913585.1	full
UP001274896	Hemibagrus guttatus	175788	35222	C:86.6%[S:85.0%,D:1.6%],F:4.3%,M:9.1%,n:3640	Unknown	Unassembled WGS sequence	cellular organisms, Eukaryota, Opisthokonta, Metazoa, Eumetazoa, Bilateria, Deuterostomia, Chordata, Craniata, Vertebrata, Gnathostomata, Teleostomi, Euteleostomi, Actinopterygii, Actinopteri, Neopterygii, Teleostei, Osteoglossocephalai, Clupeocephala, Otomorpha, Ostariophysi, Otophysi, Characiphysae, Siluriformes, Siluroidei, Bagridae, Hemibagrus	GCA_033459395.1	full
UP001286313	Petrolisthes cinctipes (Flat porcelain crab)	88211	45198	C:94.3%[S:69.6%,D:24.7%],F:1.9%,M:3.8%,n:1013	Unknown	Unassembled WGS sequence	cellular organisms, Eukaryota, Opisthokonta, Metazoa, Eumetazoa, Bilateria, Protostomia, Ecdysozoa, Panarthropoda, Arthropoda, Mandibulata, Pancrustacea, Crustacea, Multicrustacea, Malacostraca, Eumalacostraca, Eucarida, Decapoda, Pleocyemata, Anomura, Galatheoidea, Porcellanidae, Petrolisthes	GCA_033782935.1	full
UP001292079	Schistosoma mekongi (Parasitic worm)	38744	9068	C:73.8%[S:72.2%,D:1.6%],F:4.1%,M:22.1%,n:954	Unknown	Chromosome 1; Chromosome 2; Chromosome 3; Chromosome 4; Chromosome 5; Chromosome 6; Chromosome 7; Chromosome 8; Unassembled WGS sequence	cellular organisms, Eukaryota, Opisthokonta, Metazoa, Eumetazoa, Bilateria, Protostomia, Spiralia, Lophotrochozoa, Platyhelminthes, Trematoda, Digenea, Strigeidida, Schistosomatoidea, Schistosomatidae, Schistosoma	GCA_034768735.1	full
UP001292094	Petrolisthes manimaculis	1843537	41106	C:95.2%[S:74.3%,D:20.8%],F:1.4%,M:3.5%,n:1013	Unknown	Unassembled WGS sequence	cellular organisms, Eukaryota, Opisthokonta, Metazoa, Eumetazoa, Bilateria, Protostomia, Ecdysozoa, Panarthropoda, Arthropoda, Mandibulata, Pancrustacea, Crustacea, Multicrustacea, Malacostraca, Eumalacostraca, Eucarida, Decapoda, Pleocyemata, Anomura, Galatheoidea, Porcellanidae, Petrolisthes	GCA_034508575.1	full
UP001295444	Pelobates cultripes (Western spadefoot toad)	61616	49580	C:87.8%[S:45.7%,D:42.1%],F:2.8%,M:9.4%,n:5310	Unknown	Chromosome 01; Chromosome 02; Chromosome 03; Chromosome 04; Chromosome 05; Chromosome 06; Chromosome 07; Chromosome 08; Chromosome 09; Chromosome 10; Chromosome 11; Chromosome 12; Chromosome 13; Chromosome 14; Unassembled WGS sequence	cellular organisms, Eukaryota, Opisthokonta, Metazoa, Eumetazoa, Bilateria, Deuterostomia, Chordata, Craniata, Vertebrata, Gnathostomata, Teleostomi, Euteleostomi, Sarcopterygii, Dipnotetrapodomorpha, Tetrapoda, Amphibia, Batrachia, Anura, Pelobatoidea, Pelobatidae, Pelobates	GCA_933207985.1	full
UP001311232	Crenichthys baileyi (White River springfish)	28760	25884	C:72.7%[S:72.4%,D:0.3%],F:3.0%,M:24.3%,n:15213	Unknown	Unassembled WGS sequence	cellular organisms, Eukaryota, Opisthokonta, Metazoa, Eumetazoa, Bilateria, Deuterostomia, Chordata, Craniata, Vertebrata, Gnathostomata, Teleostomi, Euteleostomi, Actinopterygii, Actinopteri, Neopterygii, Teleostei, Osteoglossocephalai, Clupeocephala, Euteleosteomorpha, Neoteleostei, Eurypterygia, Ctenosquamata, Acanthomorphata, Euacanthomorphacea, Percomorphaceae, Ovalentaria, Atherinomorphae, Cyprinodontiformes, Cyprinodontoidei, Goodeidae, Crenichthys	GCA_036173005.1	full
UP001314229	Scomber scombrus (Atlantic mackerel) (Scomber vernalis)	13677	35480	C:98.1%[S:74.5%,D:23.5%],F:0.7%,M:1.2%,n:3640	Unknown	Unassembled WGS sequence	cellular organisms, Eukaryota, Opisthokonta, Metazoa, Eumetazoa, Bilateria, Deuterostomia, Chordata, Craniata, Vertebrata, Gnathostomata, Teleostomi, Euteleostomi, Actinopterygii, Actinopteri, Neopterygii, Teleostei, Osteoglossocephalai, Clupeocephala, Euteleosteomorpha, Neoteleostei, Eurypterygia, Ctenosquamata, Acanthomorphata, Euacanthomorphacea, Percomorphaceae, Pelagiaria, Scombriformes, Scombridae, Scombrinae, Scombrini, Scomber	GCA_963921475.1	full
UP001318040	Petromyzon marinus (Sea lamprey)	7757	30524	C:79.2%[S:41.6%,D:37.6%],F:3.5%,M:17.3%,n:3354	Unknown	Chromosome 1; Chromosome 2; Chromosome 3; Chromosome 4; Chromosome 5; Chromosome 6; Chromosome 7; Chromosome 8; Chromosome 9; Chromosome 10; Chromosome 11; Chromosome 12; Chromosome 13; Chromosome 14; Chromosome 15; Chromosome 16; Chromosome 17; Chromosome 18; Chromosome 19; Chromosome 20; Chromosome 21; Chromosome 22; Chromosome 23; Chromosome 24; Chromosome 25; Chromosome 26; Chromosome 27; Chromosome 28; Chromosome 29; Chromosome 30; Chromosome 31; Chromosome 32; Chromosome 33; Chromosome 34; Chromosome 35; Chromosome 36; Chromosome 37; Chromosome 38; Chromosome 39; Chromosome 40; Chromosome 41; Chromosome 42; Chromosome 43; Chromosome 44; Chromosome 45; Chromosome 46; Chromosome 47; Chromosome 48; Chromosome 49; Chromosome 50; Chromosome 51; Chromosome 52; Chromosome 53; Chromosome 54; Chromosome 55; Chromosome 56; Chromosome 57; Chromosome 58; Chromosome 59; Chromosome 60; Chromosome 61; Chromosome 62; Chromosome 63; Chromosome 64; Chromosome 65; Chromosome 66; Chromosome 67; Chromosome 68; Chromosome 69; Chromosome 70; Chromosome 71; Chromosome 72; Chromosome 73; Chromosome 74; Chromosome 75; Chromosome 76; Chromosome 77; Chromosome 78; Chromosome 79; Chromosome 80; Chromosome 81; Chromosome 82; Chromosome 83; Chromosome 85; Chromosome 84; Mitochondrion MT; Unplaced	cellular organisms, Eukaryota, Opisthokonta, Metazoa, Eumetazoa, Bilateria, Deuterostomia, Chordata, Craniata, Vertebrata, Cyclostomata, Hyperoartia, Petromyzontiformes, Petromyzontidae, Petromyzon	GCF_010993605.1	full
UP001321473	Amblyomma americanum (Lone star tick)	6943	33540	C:81.5%[S:73.1%,D:8.4%],F:4.7%,M:13.7%,n:2934	Unknown	Unassembled WGS sequence	cellular organisms, Eukaryota, Opisthokonta, Metazoa, Eumetazoa, Bilateria, Protostomia, Ecdysozoa, Panarthropoda, Arthropoda, Chelicerata, Arachnida, Acari, Parasitiformes, Ixodida, Ixodoidea, Ixodidae, Amblyomminae, Amblyomma	GCA_030143305.2	full
UP001328107	Pristionchus mayeri	1317129	32572	C:84.9%[S:80.1%,D:4.7%],F:1.3%,M:13.8%,n:3131	Unknown	Unassembled WGS sequence	cellular organisms, Eukaryota, Opisthokonta, Metazoa, Eumetazoa, Bilateria, Protostomia, Ecdysozoa, Nematoda, Chromadorea, Rhabditida, Rhabditina, Diplogasteromorpha, Diplogasteroidea, Neodiplogasteridae, Pristionchus	GCA_036245805.1	full
UP001331515	Champsocephalus gunnari (Mackerel icefish)	52237	30382	C:92.3%[S:87.6%,D:4.7%],F:3.4%,M:4.3%,n:3640	Unknown	Chromosome 1; Chromosome 2; Chromosome 3; Chromosome 4; Chromosome 5; Chromosome 6; Chromosome 7; Chromosome 8; Chromosome 9; Chromosome 10; Chromosome 11; Chromosome 12; Chromosome 13; Chromosome 14; Chromosome 15; Chromosome 16; Chromosome 17; Chromosome 18; Chromosome 19; Chromosome 20; Chromosome 21; Chromosome 22; Chromosome 23; Chromosome 24; Unassembled WGS sequence	cellular organisms, Eukaryota, Opisthokonta, Metazoa, Eumetazoa, Bilateria, Deuterostomia, Chordata, Craniata, Vertebrata, Gnathostomata, Teleostomi, Euteleostomi, Actinopterygii, Actinopteri, Neopterygii, Teleostei, Osteoglossocephalai, Clupeocephala, Euteleosteomorpha, Neoteleostei, Eurypterygia, Ctenosquamata, Acanthomorphata, Euacanthomorphacea, Percomorphaceae, Eupercaria, Perciformes, Notothenioidei, Channichthyidae, Champsocephalus	GCA_036324595.1	full
UP001335648	Champsocephalus esox (pike icefish)	159716	30821	C:91.2%[S:85.8%,D:5.4%],F:3.7%,M:5.2%,n:3640	Unknown	Chromosome 1; Chromosome 2; Chromosome 3; Chromosome 4; Chromosome 5; Chromosome 6; Chromosome 7; Chromosome 8; Chromosome 9; Chromosome 10; Chromosome 11; Chromosome 12; Chromosome 13; Chromosome 14; Chromosome 15; Chromosome 16; Chromosome 17; Chromosome 18; Chromosome 19; Chromosome 20; Chromosome 21; Chromosome 22; Chromosome 23; Chromosome 24; Unassembled WGS sequence	cellular organisms, Eukaryota, Opisthokonta, Metazoa, Eumetazoa, Bilateria, Deuterostomia, Chordata, Craniata, Vertebrata, Gnathostomata, Teleostomi, Euteleostomi, Actinopterygii, Actinopteri, Neopterygii, Teleostei, Osteoglossocephalai, Clupeocephala, Euteleosteomorpha, Neoteleostei, Eurypterygia, Ctenosquamata, Acanthomorphata, Euacanthomorphacea, Percomorphaceae, Eupercaria, Perciformes, Notothenioidei, Channichthyidae, Champsocephalus	GCA_036324585.1	full
UP001346869	Eleginops maclovinus (Patagonian blennie) (Eleginus maclovinus)	56733	27212	C:94.3%[S:89.7%,D:4.6%],F:2.1%,M:3.6%,n:3640	Unknown	Chromosome 1; Chromosome 2; Chromosome 3; Chromosome 4; Chromosome 5; Chromosome 6; Chromosome 7; Chromosome 8; Chromosome 9; Chromosome 10; Chromosome 11; Chromosome 12; Chromosome 13; Chromosome 14; Chromosome 15; Chromosome 16; Chromosome 17; Chromosome 18; Chromosome 19; Chromosome 20; Chromosome 21; Chromosome 22; Chromosome 23; Chromosome 24; Unassembled WGS sequence	cellular organisms, Eukaryota, Opisthokonta, Metazoa, Eumetazoa, Bilateria, Deuterostomia, Chordata, Craniata, Vertebrata, Gnathostomata, Teleostomi, Euteleostomi, Actinopterygii, Actinopteri, Neopterygii, Teleostei, Osteoglossocephalai, Clupeocephala, Euteleosteomorpha, Neoteleostei, Eurypterygia, Ctenosquamata, Acanthomorphata, Euacanthomorphacea, Percomorphaceae, Eupercaria, Perciformes, Notothenioidei, Eleginopidae, Eleginops	GCA_036324505.1	full
UP001356427	Coregonus suidteri	861788	39316	C:89.9%[S:60.7%,D:29.2%],F:3.1%,M:7.0%,n:3640	Unknown	Chromosome 1; Chromosome 2; Chromosome 3; Chromosome 4; Chromosome 5; Chromosome 6; Chromosome 7; Chromosome 8; Chromosome 9; Chromosome 10; Chromosome 11; Chromosome 12; Chromosome 13; Chromosome 14; Chromosome 15; Chromosome 16; Chromosome 17; Chromosome 18; Chromosome 19; Chromosome 20; Chromosome 21; Chromosome 22; Chromosome 23; Chromosome 24; Chromosome 25; Chromosome 26; Chromosome 27; Chromosome 28; Chromosome 29; Chromosome 30; Chromosome 31; Chromosome 32; Chromosome 33; Chromosome 34; Chromosome 35; Chromosome 36; Chromosome 37; Chromosome 38; Chromosome 39; Chromosome 40; Unassembled WGS sequence	cellular organisms, Eukaryota, Opisthokonta, Metazoa, Eumetazoa, Bilateria, Deuterostomia, Chordata, Craniata, Vertebrata, Gnathostomata, Teleostomi, Euteleostomi, Actinopterygii, Actinopteri, Neopterygii, Teleostei, Osteoglossocephalai, Clupeocephala, Euteleosteomorpha, Protacanthopterygii, Salmoniformes, Salmonidae, Coregoninae, Coregonus	GCA_036851935.1	full
UP001364617	Phoxinus phoxinus (Eurasian minnow)	58324	29140	C:95.9%[S:78.0%,D:17.9%],F:0.5%,M:3.6%,n:3640	Unknown	Chromosome 1; Chromosome 2; Chromosome 3; Chromosome 4; Chromosome 5; Chromosome 6; Chromosome 7; Chromosome 8; Chromosome 9; Chromosome 10; Chromosome 11; Chromosome 12; Chromosome 13; Chromosome 14; Chromosome 15; Chromosome 16; Chromosome 17; Chromosome 18; Chromosome 19; Chromosome 20; Chromosome 21; Chromosome 22; Chromosome 23; Chromosome 24; Chromosome 25; Unassembled WGS sequence	cellular organisms, Eukaryota, Opisthokonta, Metazoa, Eumetazoa, Bilateria, Deuterostomia, Chordata, Craniata, Vertebrata, Gnathostomata, Teleostomi, Euteleostomi, Actinopterygii, Actinopteri, Neopterygii, Teleostei, Osteoglossocephalai, Clupeocephala, Otomorpha, Ostariophysi, Otophysi, Cypriniphysae, Cypriniformes, Cyprinoidei, Leuciscidae, Phoxininae, Phoxinus	GCA_037504845.1	full
UP001369086	Huso huso (Beluga) (Acipenser huso)	61971	28089	C:87.9%[S:33.9%,D:54.0%],F:0.9%,M:11.2%,n:3640	Unknown	Chromosome 1; Chromosome 2; Chromosome 3; Chromosome 4; Chromosome 5; Chromosome 6; Chromosome 7; Chromosome 8; Chromosome 9; Chromosome 10; Chromosome 11; Chromosome 12; Chromosome 13; Chromosome 14; Chromosome 15; Chromosome 16; Chromosome 17; Chromosome 18; Chromosome 19; Chromosome 20; Chromosome 21; Chromosome 22; Chromosome 23; Chromosome 24; Chromosome 25; Chromosome 26; Chromosome 27; Chromosome 28; Chromosome 29; Chromosome 30; Chromosome 31; Chromosome 32; Chromosome 33; Chromosome 34; Chromosome 35; Chromosome 36; Chromosome 37; Chromosome 38; Chromosome 40; Chromosome 39; Chromosome 41; Chromosome 42; Chromosome 43; Chromosome 44; Chromosome 45; Chromosome 46; Chromosome 47; Chromosome 48; Chromosome 49; Chromosome 50; Chromosome 51; Chromosome 52; Chromosome 53; Chromosome 54; Chromosome 55; Chromosome 56; Chromosome 57; Chromosome 58; Unassembled WGS sequence	cellular organisms, Eukaryota, Opisthokonta, Metazoa, Eumetazoa, Bilateria, Deuterostomia, Chordata, Craniata, Vertebrata, Gnathostomata, Teleostomi, Euteleostomi, Actinopterygii, Actinopteri, Chondrostei, Acipenseriformes, Acipenseroidei, Acipenseridae, Husinae, Huso	GCA_036884735.1	full
UP001374579	Littorina saxatilis	31220	28814	C:82.2%[S:62.5%,D:19.7%],F:1.2%,M:16.6%,n:5295	Unknown	Linkage Group LG1; Linkage Group LG10; Linkage Group LG11; Linkage Group LG12; Linkage Group LG13; Linkage Group LG14; Linkage Group LG15; Linkage Group LG16; Linkage Group LG17; Linkage Group LG2; Linkage Group LG3; Linkage Group LG4; Linkage Group LG5; Linkage Group LG6; Linkage Group LG7; Linkage Group LG8; Linkage Group LG9; Unassembled WGS sequence	cellular organisms, Eukaryota, Opisthokonta, Metazoa, Eumetazoa, Bilateria, Protostomia, Spiralia, Lophotrochozoa, Mollusca, Gastropoda, Caenogastropoda, Littorinimorpha, Littorinoidea, Littorinidae, Littorina	GCA_037325665.1	full
UP001432027	Pristionchus entomophagus	358040	30008	C:77.6%[S:72.7%,D:4.9%],F:1.6%,M:20.8%,n:3131	Unknown	Unassembled WGS sequence	cellular organisms, Eukaryota, Opisthokonta, Metazoa, Eumetazoa, Bilateria, Protostomia, Ecdysozoa, Nematoda, Chromadorea, Rhabditida, Rhabditina, Diplogasteromorpha, Diplogasteroidea, Neodiplogasteridae, Pristionchus	GCA_036245825.1	full
UP001432146	Tetragonisca angustula	166442	17407	C:98.1%[S:65.3%,D:32.7%],F:0.4%,M:1.6%,n:5991	Unknown	Unassembled WGS sequence	cellular organisms, Eukaryota, Opisthokonta, Metazoa, Eumetazoa, Bilateria, Protostomia, Ecdysozoa, Panarthropoda, Arthropoda, Mandibulata, Pancrustacea, Hexapoda, Insecta, Dicondylia, Pterygota, Neoptera, Endopterygota, Hymenoptera, Apocrita, Aculeata, Apoidea, Anthophila, Apidae, Apinae, Meliponini, Tetragonisca	GCA_036937485.2	full
UP001432322	Pristionchus fissidentatus	1538716	28245	C:86.3%[S:82.8%,D:3.5%],F:1.5%,M:12.2%,n:3131	Unknown	Unassembled WGS sequence	cellular organisms, Eukaryota, Opisthokonta, Metazoa, Eumetazoa, Bilateria, Protostomia, Ecdysozoa, Nematoda, Chromadorea, Rhabditida, Rhabditina, Diplogasteromorpha, Diplogasteroidea, Neodiplogasteridae, Pristionchus	GCA_036245785.1	full
UP001458880	Popillia japonica (Japanese beetle)	7064	35961	C:90.8%[S:69.0%,D:21.8%],F:5.0%,M:4.2%,n:2124	Unknown	Unassembled WGS sequence	cellular organisms, Eukaryota, Opisthokonta, Metazoa, Eumetazoa, Bilateria, Protostomia, Ecdysozoa, Panarthropoda, Arthropoda, Mandibulata, Pancrustacea, Hexapoda, Insecta, Dicondylia, Pterygota, Neoptera, Endopterygota, Coleoptera, Polyphaga, Scarabaeiformia, Scarabaeoidea, Scarabaeidae, Rutelinae, Popillia	GCA_040143775.1	full
UP001460270	Mugilogobius chulae (yellowstripe goby)	88201	34369	C:77.7%[S:75.2%,D:2.6%],F:10.0%,M:12.3%,n:3640	Unknown	Chromosome 1; Chromosome 2; Chromosome 3; Chromosome 4; Chromosome 5; Chromosome 6; Chromosome 7; Chromosome 8; Chromosome 9; Chromosome 10; Chromosome 11; Chromosome 12; Chromosome 13; Chromosome 14; Chromosome 15; Chromosome 16; Chromosome 17; Chromosome 18; Chromosome 19; Chromosome 20; Chromosome 21; Chromosome 22; Unassembled WGS sequence	cellular organisms, Eukaryota, Opisthokonta, Metazoa, Eumetazoa, Bilateria, Deuterostomia, Chordata, Craniata, Vertebrata, Gnathostomata, Teleostomi, Euteleostomi, Actinopterygii, Actinopteri, Neopterygii, Teleostei, Osteoglossocephalai, Clupeocephala, Euteleosteomorpha, Neoteleostei, Eurypterygia, Ctenosquamata, Acanthomorphata, Euacanthomorphacea, Percomorphaceae, Gobiaria, Gobiiformes, Gobioidei, Gobiidae, Gobionellinae, Mugilogobius	GCA_038363315.1	full
UP001461498	Rhynocoris fuscipes	488301	15700	C:84.2%[S:58.6%,D:25.6%],F:1.1%,M:14.7%,n:2510	Unknown	Chromosome 1; Chromosome 2; Chromosome 3; Chromosome 4; Chromosome 5; Chromosome 6; Chromosome 7; Chromosome 8; Chromosome 9; Chromosome 10; Chromosome 11; Chromosome 12; Chromosome 13; Chromosome 14; Chromosome 15; Unassembled WGS sequence	cellular organisms, Eukaryota, Opisthokonta, Metazoa, Eumetazoa, Bilateria, Protostomia, Ecdysozoa, Panarthropoda, Arthropoda, Mandibulata, Pancrustacea, Hexapoda, Insecta, Dicondylia, Pterygota, Neoptera, Paraneoptera, Hemiptera, Prosorrhyncha, Heteroptera, Euheteroptera, Neoheteroptera, Panheteroptera, Cimicomorpha, Reduvioidea, Reduviidae, Harpactorinae, Harpactorini, Rhynocoris	GCA_040020575.1	full
UP001474421	Crotalus adamanteus (Eastern diamondback rattlesnake)	8729	21667	C:80.4%[S:78.9%,D:1.6%],F:6.4%,M:13.2%,n:7480	Unknown	Chromosome 1; Chromosome 2; Chromosome 3; Chromosome 4; Chromosome 5; Chromosome 6; Chromosome 7; Chromosome 9; Chromosome 10; Chromosome 11; Chromosome 12; Chromosome 13; Chromosome 14; Chromosome 15; Chromosome 16; Chromosome 18; Chromosome 17; Chromosome W; Chromosome Z; Mitochondrion MT; Unassembled WGS sequence	cellular organisms, Eukaryota, Opisthokonta, Metazoa, Eumetazoa, Bilateria, Deuterostomia, Chordata, Craniata, Vertebrata, Gnathostomata, Teleostomi, Euteleostomi, Sarcopterygii, Dipnotetrapodomorpha, Tetrapoda, Amniota, Sauropsida, Sauria, Lepidosauria, Squamata, Bifurcata, Unidentata, Episquamata, Toxicofera, Serpentes, Colubroidea, Viperidae, Crotalinae, Crotalus	GCA_039797435.1	full
UP001479290	Culter alburnus (Topmouth culter)	194366	29015	C:99.2%[S:92.1%,D:7.1%],F:0.4%,M:0.4%,n:3640	Unknown	Chromosome 1; Chromosome 2; Chromosome 3; Chromosome 4; Chromosome 5; Chromosome 6; Chromosome 7; Chromosome 8; Chromosome 9; Chromosome 10; Chromosome 11; Chromosome 12; Chromosome 13; Chromosome 14; Chromosome 15; Chromosome 16; Chromosome 17; Chromosome 18; Chromosome 19; Chromosome 20; Chromosome 21; Chromosome 22; Chromosome 23; Chromosome 24; Unassembled WGS sequence	cellular organisms, Eukaryota, Opisthokonta, Metazoa, Eumetazoa, Bilateria, Deuterostomia, Chordata, Craniata, Vertebrata, Gnathostomata, Teleostomi, Euteleostomi, Actinopterygii, Actinopteri, Neopterygii, Teleostei, Osteoglossocephalai, Clupeocephala, Otomorpha, Ostariophysi, Otophysi, Cypriniphysae, Cypriniformes, Cyprinoidei, Xenocyprididae, Xenocypridinae, Culter	GCA_040182925.1	full
UP001487740	Scylla paramamosain (Mud crab)	85552	30388	C:89.8%[S:55.1%,D:34.7%],F:2.3%,M:7.9%,n:1013	Unknown	Chromosome 1; Chromosome 2; Chromosome 3; Chromosome 4; Chromosome 5; Chromosome 6; Chromosome 7; Chromosome 8; Chromosome 9; Chromosome 10; Chromosome 11; Chromosome 12; Chromosome 13; Chromosome 14; Chromosome 15; Chromosome 16; Chromosome 17; Chromosome 18; Chromosome 19; Chromosome 20; Chromosome 21; Chromosome 22; Chromosome 23; Chromosome 24; Chromosome 25; Chromosome 26; Chromosome 27; Chromosome 28; Chromosome 29; Chromosome 30; Chromosome 31; Chromosome 32; Chromosome 33; Chromosome 34; Chromosome 35; Chromosome 36; Chromosome 37; Chromosome 38; Chromosome 39; Chromosome 40; Chromosome 41; Chromosome 42; Chromosome 43; Chromosome 44; Chromosome 45; Chromosome 46; Chromosome 47; Chromosome 48; Chromosome 49; Unassembled WGS sequence	cellular organisms, Eukaryota, Opisthokonta, Metazoa, Eumetazoa, Bilateria, Protostomia, Ecdysozoa, Panarthropoda, Arthropoda, Mandibulata, Pancrustacea, Crustacea, Multicrustacea, Malacostraca, Eumalacostraca, Eucarida, Decapoda, Pleocyemata, Brachyura, Eubrachyura, Heterotremata, Portunoidea, Portunidae, Portuninae, Scylla	GCA_038387795.1	full
UP001488805	Zoarces viviparus (Viviparous eelpout) (Blennius viviparus)	48416	28155	C:98.3%[S:92.8%,D:5.5%],F:0.3%,M:1.4%,n:3640	Unknown	Chromosome 1; Chromosome 2; Chromosome 3; Chromosome 4; Chromosome 5; Chromosome 6; Chromosome 7; Chromosome 8; Chromosome 9; Chromosome 10; Chromosome 11; Chromosome 12; Chromosome 13; Chromosome 14; Chromosome 15; Chromosome 16; Chromosome 17; Chromosome 18; Chromosome 19; Chromosome 20; Chromosome 21; Chromosome 22; Chromosome 23; Chromosome 24; Unassembled WGS sequence	cellular organisms, Eukaryota, Opisthokonta, Metazoa, Eumetazoa, Bilateria, Deuterostomia, Chordata, Craniata, Vertebrata, Gnathostomata, Teleostomi, Euteleostomi, Actinopterygii, Actinopteri, Neopterygii, Teleostei, Osteoglossocephalai, Clupeocephala, Euteleosteomorpha, Neoteleostei, Eurypterygia, Ctenosquamata, Acanthomorphata, Euacanthomorphacea, Percomorphaceae, Eupercaria, Perciformes, Cottioidei, Zoarcales, Zoarcidae, Zoarcinae, Zoarces	GCA_040110945.1	full
UP001488838	Myodes glareolus (Bank vole) (Clethrionomys glareolus)	447135	26641	C:70.3%[S:68.7%,D:1.6%],F:8.5%,M:21.2%,n:13798	Unknown	Unassembled WGS sequence	cellular organisms, Eukaryota, Opisthokonta, Metazoa, Eumetazoa, Bilateria, Deuterostomia, Chordata, Craniata, Vertebrata, Gnathostomata, Teleostomi, Euteleostomi, Sarcopterygii, Dipnotetrapodomorpha, Tetrapoda, Amniota, Mammalia, Theria, Eutheria, Boreoeutheria, Euarchontoglires, Glires, Rodentia, Myomorpha, Muroidea, Cricetidae, Arvicolinae, Myodes	GCA_038090675.1	full
UP001497382	Larinioides sclopetarius	280406	40304	C:97.2%[S:62.1%,D:35.1%],F:0.8%,M:2.0%,n:2934	Unknown	Unassembled WGS sequence	cellular organisms, Eukaryota, Opisthokonta, Metazoa, Eumetazoa, Bilateria, Protostomia, Ecdysozoa, Panarthropoda, Arthropoda, Chelicerata, Arachnida, Araneae, Araneomorphae, Entelegynae, Orbiculariae, Araneoidea, Araneidae, Larinioides	GCA_964023285.1	full
UP001497472	Leptosia nina	320188	16432	C:97.3%[S:88.6%,D:8.7%],F:1.0%,M:1.7%,n:5286	Unknown	Unassembled WGS sequence	cellular organisms, Eukaryota, Opisthokonta, Metazoa, Eumetazoa, Bilateria, Protostomia, Ecdysozoa, Panarthropoda, Arthropoda, Mandibulata, Pancrustacea, Hexapoda, Insecta, Dicondylia, Pterygota, Neoptera, Endopterygota, Amphiesmenoptera, Lepidoptera, Glossata, Neolepidoptera, Heteroneura, Ditrysia, Obtectomera, Papilionoidea, Pieridae, Pierinae, Pierini, Leptosia	GCA_963661955.1	full
UP001497482	Knipowitschia caucasica (Caucasian dwarf goby) (Pomatoschistus caucasicus)	637954	48583	C:92.8%[S:45.5%,D:47.3%],F:2.1%,M:5.1%,n:3640	Unknown	Chromosome 1; Chromosome 2; Chromosome 3; Chromosome 4; Chromosome 5; Chromosome 6; Chromosome 7; Chromosome 8; Chromosome 9; Chromosome 10; Chromosome 11; Chromosome 12; Chromosome 13; Chromosome 14; Chromosome 16; Chromosome 15; Chromosome 17; Chromosome 18; Chromosome 19; Chromosome 20; Chromosome 21; Chromosome 22; Chromosome 23; Mitochondrion MIT	cellular organisms, Eukaryota, Opisthokonta, Metazoa, Eumetazoa, Bilateria, Deuterostomia, Chordata, Craniata, Vertebrata, Gnathostomata, Teleostomi, Euteleostomi, Actinopterygii, Actinopteri, Neopterygii, Teleostei, Osteoglossocephalai, Clupeocephala, Euteleosteomorpha, Neoteleostei, Eurypterygia, Ctenosquamata, Acanthomorphata, Euacanthomorphacea, Percomorphaceae, Gobiaria, Gobiiformes, Gobioidei, Gobiidae, Gobiinae, Knipowitschia	GCA_964034765.1	full
UP001497497	Lymnaea stagnalis (Great pond snail) (Helix stagnalis)	6523	22445	C:91.7%[S:90.6%,D:1.1%],F:2.8%,M:5.6%,n:5295	Unknown	Unassembled WGS sequence	cellular organisms, Eukaryota, Opisthokonta, Metazoa, Eumetazoa, Bilateria, Protostomia, Spiralia, Lophotrochozoa, Mollusca, Gastropoda, Heterobranchia, Euthyneura, Panpulmonata, Hygrophila, Lymnaeoidea, Lymnaeidae, Lymnaea	GCA_964033795.1	full
UP001497644	Lasius platythorax	488582	17870	C:84.5%[S:64.2%,D:20.2%],F:1.8%,M:13.7%,n:5991	Unknown	Chromosome 1; Chromosome 2; Chromosome 3; Chromosome 4; Chromosome 5; Chromosome 6; Chromosome 7; Chromosome 8; Chromosome 9; Chromosome 10; Chromosome 11; Chromosome 12; Chromosome 13; Chromosome 14; Chromosome 15; Unassembled WGS sequence	cellular organisms, Eukaryota, Opisthokonta, Metazoa, Eumetazoa, Bilateria, Protostomia, Ecdysozoa, Panarthropoda, Arthropoda, Mandibulata, Pancrustacea, Hexapoda, Insecta, Dicondylia, Pterygota, Neoptera, Endopterygota, Hymenoptera, Apocrita, Aculeata, Formicoidea, Formicidae, Formicinae, Lasiini, Lasius, Lasius	GCA_964030505.2	full
UP001500889	Drosophila madeirensis (Fruit fly)	30013	17869	C:98.7%[S:77.6%,D:21.0%],F:0.0%,M:1.3%,n:3285	Unknown	Chromosome A; Chromosome E; Chromosome J; Chromosome O; Chromosome U; Chromosome dot	cellular organisms, Eukaryota, Opisthokonta, Metazoa, Eumetazoa, Bilateria, Protostomia, Ecdysozoa, Panarthropoda, Arthropoda, Mandibulata, Pancrustacea, Hexapoda, Insecta, Dicondylia, Pterygota, Neoptera, Endopterygota, Diptera, Brachycera, Muscomorpha, Eremoneura, Cyclorrhapha, Schizophora, Acalyptratae, Ephydroidea, Drosophilidae, Drosophilinae, Drosophilini, Drosophila, Sophophora, obscura group, obscura subgroup	GCA_040893045.1	full
UP001501920	Pygocentrus nattereri (Red-bellied piranha)	42514	72717	C:97.8%[S:46.9%,D:50.9%],F:0.7%,M:1.4%,n:3640	Unknown	Chromosome 1; Chromosome 2; Chromosome 3; Chromosome 4; Chromosome 5; Chromosome 6; Chromosome 7; Chromosome 8; Chromosome 9; Chromosome 10; Chromosome 11; Chromosome 12; Chromosome 13; Chromosome 14; Chromosome 15; Chromosome 16; Chromosome 17; Chromosome 18; Chromosome 19; Chromosome 20; Chromosome 21; Chromosome 22; Chromosome 23; Chromosome 24; Chromosome 25; Chromosome 26; Chromosome 27; Chromosome 28; Chromosome 29; Chromosome 30; Mitochondrion MT; Unassembled WGS sequence	cellular organisms, Eukaryota, Opisthokonta, Metazoa, Eumetazoa, Bilateria, Deuterostomia, Chordata, Craniata, Vertebrata, Gnathostomata, Teleostomi, Euteleostomi, Actinopterygii, Actinopteri, Neopterygii, Teleostei, Osteoglossocephalai, Clupeocephala, Otomorpha, Ostariophysi, Otophysi, Characiphysae, Characiformes, Characoidei, Serrasalmidae, Pygocentrus	GCA_015220715.1	full
UP001501940	Amphiprion ocellaris (Clown anemonefish)	80972	69194	C:97.7%[S:42.8%,D:55.0%],F:0.6%,M:1.7%,n:3640	Unknown	Chromosome 1; Chromosome 2; Chromosome 3; Chromosome 4; Chromosome 5; Chromosome 6; Chromosome 7; Chromosome 8; Chromosome 9; Chromosome 10; Chromosome 11; Chromosome 12; Chromosome 13; Chromosome 14; Chromosome 15; Chromosome 16; Chromosome 17; Chromosome 18; Chromosome 19; Chromosome 20; Chromosome 21; Chromosome 22; Chromosome 23; Chromosome 24	cellular organisms, Eukaryota, Opisthokonta, Metazoa, Eumetazoa, Bilateria, Deuterostomia, Chordata, Craniata, Vertebrata, Gnathostomata, Teleostomi, Euteleostomi, Actinopterygii, Actinopteri, Neopterygii, Teleostei, Osteoglossocephalai, Clupeocephala, Euteleosteomorpha, Neoteleostei, Eurypterygia, Ctenosquamata, Acanthomorphata, Euacanthomorphacea, Percomorphaceae, Ovalentaria, Ovalentaria incertae sedis, Pomacentridae, Amphiprion	GCA_022539595.1	full
UP001557470	Umbra pygmaea (Eastern mudminnow)	75934	24484	C:91.6%[S:89.8%,D:1.8%],F:2.0%,M:6.4%,n:3640	Unknown	Chromosome 1; Chromosome 2; Chromosome 3; Chromosome 4; Chromosome 5; Chromosome 6; Chromosome 7; Chromosome 8; Chromosome 9; Chromosome 10; Chromosome 11; Unassembled WGS sequence	cellular organisms, Eukaryota, Opisthokonta, Metazoa, Eumetazoa, Bilateria, Deuterostomia, Chordata, Craniata, Vertebrata, Gnathostomata, Teleostomi, Euteleostomi, Actinopterygii, Actinopteri, Neopterygii, Teleostei, Osteoglossocephalai, Clupeocephala, Euteleosteomorpha, Protacanthopterygii, Esociformes, Umbridae, Umbra	GCA_040894045.1	full
UP001591681	Coilia grayii (Gray's grenadier anchovy)	363190	27792	C:92.0%[S:89.3%,D:2.7%],F:2.6%,M:5.4%,n:3640	Unknown	Chromosome 1; Chromosome 2; Chromosome 3; Chromosome 4; Chromosome 5; Chromosome 6; Chromosome 7; Chromosome 8; Chromosome 9; Chromosome 10; Chromosome 11; Chromosome 12; Chromosome 13; Chromosome 14; Chromosome 15; Chromosome 16; Chromosome 17; Chromosome 18; Chromosome 19; Chromosome 20; Chromosome 21; Chromosome 22; Chromosome 23; Chromosome 24; Mitochondrion MT; Unassembled WGS sequence	cellular organisms, Eukaryota, Opisthokonta, Metazoa, Eumetazoa, Bilateria, Deuterostomia, Chordata, Craniata, Vertebrata, Gnathostomata, Teleostomi, Euteleostomi, Actinopterygii, Actinopteri, Neopterygii, Teleostei, Osteoglossocephalai, Clupeocephala, Otomorpha, Clupei, Clupeiformes, Clupeoidei, Engraulidae, Coilinae, Coilia	GCA_042479465.1	full
UP001619887	Pagothenia borchgrevinki (Bald rockcod) (Trematomus borchgrevinki)	8213	27042	C:88.1%[S:74.1%,D:14.0%],F:1.3%,M:10.5%,n:3640	Unknown	Chromosome 1; Chromosome 2; Chromosome 3; Chromosome 4; Chromosome 5; Chromosome 6; Chromosome 7; Chromosome 8; Chromosome 9; Chromosome 10; Chromosome 12; Chromosome 13; Chromosome 14; Chromosome 15; Chromosome 16; Chromosome 17; Chromosome 18; Chromosome 19; Chromosome 20; Chromosome 21; Chromosome 22; Chromosome 23; Chromosome 24; Unassembled WGS sequence	cellular organisms, Eukaryota, Opisthokonta, Metazoa, Eumetazoa, Bilateria, Deuterostomia, Chordata, Craniata, Vertebrata, Gnathostomata, Teleostomi, Euteleostomi, Actinopterygii, Actinopteri, Neopterygii, Teleostei, Osteoglossocephalai, Clupeocephala, Euteleosteomorpha, Neoteleostei, Eurypterygia, Ctenosquamata, Acanthomorphata, Euacanthomorphacea, Percomorphaceae, Eupercaria, Perciformes, Notothenioidei, Nototheniidae, Pagothenia	GCA_044885175.1	full
UP001627154	Trichogramma kaykai	54128	24487	C:88.9%[S:68.8%,D:20.1%],F:1.5%,M:9.6%,n:5991	Unknown	Unassembled WGS sequence	cellular organisms, Eukaryota, Opisthokonta, Metazoa, Eumetazoa, Bilateria, Protostomia, Ecdysozoa, Panarthropoda, Arthropoda, Mandibulata, Pancrustacea, Hexapoda, Insecta, Dicondylia, Pterygota, Neoptera, Endopterygota, Hymenoptera, Apocrita, Proctotrupomorpha, Chalcidoidea, Trichogrammatidae, Trichogramma	GCA_045785165.1	full
UP001652580	Balaenoptera acutorostrata (Common minke whale) (Balaena rostrata)	9767	42918	C:98.8%[S:45.5%,D:53.3%],F:0.3%,M:0.9%,n:13335	Unknown	Chromosome 1; Chromosome 2; Chromosome 3; Chromosome 4; Chromosome 5; Chromosome 6; Chromosome 7; Chromosome 8; Chromosome 9; Chromosome 10; Chromosome X; Chromosome 11; Chromosome 12; Chromosome 13; Chromosome 14; Chromosome 15; Chromosome 16; Chromosome 17; Chromosome 18; Chromosome 19; Chromosome 20; Chromosome 21; Unplaced	cellular organisms, Eukaryota, Opisthokonta, Metazoa, Eumetazoa, Bilateria, Deuterostomia, Chordata, Craniata, Vertebrata, Gnathostomata, Teleostomi, Euteleostomi, Sarcopterygii, Dipnotetrapodomorpha, Tetrapoda, Amniota, Mammalia, Theria, Eutheria, Boreoeutheria, Laurasiatheria, Artiodactyla, Whippomorpha, Cetacea, Mysticeti, Balaenopteridae, Balaenoptera	GCF_949987535.1	full
UP001652581	Vicugna pacos (Alpaca) (Lama pacos)	30538	42368	C:99.2%[S:44.8%,D:54.3%],F:0.1%,M:0.7%,n:13335	Unknown	Chromosome 1; Chromosome 2; Chromosome 3; Chromosome 4; Chromosome 5; Chromosome 6; Chromosome 7; Chromosome 8; Chromosome 9; Chromosome 10; Chromosome X; Chromosome 11; Chromosome 12; Chromosome 13; Chromosome 14; Chromosome 15; Chromosome 16; Chromosome 17; Chromosome 18; Chromosome 19; Chromosome 20; Chromosome 21; Chromosome 22; Chromosome 23; Chromosome 24; Chromosome 25; Chromosome 26; Chromosome 27; Chromosome 28; Chromosome 29; Chromosome 30; Chromosome 31; Chromosome 32; Chromosome 33; Chromosome 34; Chromosome 35; Chromosome 36; Unplaced	cellular organisms, Eukaryota, Opisthokonta, Metazoa, Eumetazoa, Bilateria, Deuterostomia, Chordata, Craniata, Vertebrata, Gnathostomata, Teleostomi, Euteleostomi, Sarcopterygii, Dipnotetrapodomorpha, Tetrapoda, Amniota, Mammalia, Theria, Eutheria, Boreoeutheria, Laurasiatheria, Artiodactyla, Tylopoda, Camelidae, Vicugna	GCF_048564905.1	full
UP001652582	Bicyclus anynana (Squinting bush brown butterfly)	110368	19296	C:99.2%[S:71.7%,D:27.5%],F:0.1%,M:0.7%,n:5286	Unknown	Chromosome 1; Chromosome 2; Chromosome 3; Chromosome 4; Chromosome 5; Chromosome 6; Chromosome 7; Chromosome 8; Chromosome 9; Chromosome 10; Chromosome 11; Chromosome 12; Chromosome 13; Chromosome 14; Chromosome 15; Chromosome 16; Chromosome 17; Chromosome 18; Chromosome 19; Chromosome 20; Chromosome 21; Chromosome 22; Chromosome 23; Chromosome 24; Chromosome 25; Chromosome 26; Chromosome 27; Chromosome Z; Unplaced	cellular organisms, Eukaryota, Opisthokonta, Metazoa, Eumetazoa, Bilateria, Protostomia, Ecdysozoa, Panarthropoda, Arthropoda, Mandibulata, Pancrustacea, Hexapoda, Insecta, Dicondylia, Pterygota, Neoptera, Endopterygota, Amphiesmenoptera, Lepidoptera, Glossata, Neolepidoptera, Heteroneura, Ditrysia, Obtectomera, Papilionoidea, Nymphalidae, Satyrinae, Satyrini, Mycalesina, Bicyclus	GCF_947172395.1	full
UP001652583	Acinonyx jubatus (Cheetah)	32536	49691	C:99.4%[S:40.3%,D:59.1%],F:0.1%,M:0.5%,n:14502	Unknown	Chromosome X; Chromosome C1; Chromosome C2; Chromosome D1; Chromosome D2; Chromosome D3; Chromosome D4; Chromosome A1; Chromosome A2; Chromosome A3; Chromosome B1; Chromosome B2; Chromosome B3; Chromosome B4; Chromosome E1; Chromosome E2; Chromosome E3; Chromosome E4; Chromosome F2; Unplaced	cellular organisms, Eukaryota, Opisthokonta, Metazoa, Eumetazoa, Bilateria, Deuterostomia, Chordata, Craniata, Vertebrata, Gnathostomata, Teleostomi, Euteleostomi, Sarcopterygii, Dipnotetrapodomorpha, Tetrapoda, Amniota, Mammalia, Theria, Eutheria, Boreoeutheria, Laurasiatheria, Carnivora, Feliformia, Felidae, Felinae, Acinonyx	GCF_027475565.1	full
UP001652620	Bactrocera dorsalis (Oriental fruit fly) (Dacus dorsalis)	27457	22923	C:99.3%[S:61.6%,D:37.7%],F:0.2%,M:0.6%,n:3285	Unknown	Chromosome 1; Chromosome 2; Chromosome 3; Chromosome 4; Chromosome 5; Chromosome 6; Mitochondrion MT; Unplaced	cellular organisms, Eukaryota, Opisthokonta, Metazoa, Eumetazoa, Bilateria, Protostomia, Ecdysozoa, Panarthropoda, Arthropoda, Mandibulata, Pancrustacea, Hexapoda, Insecta, Dicondylia, Pterygota, Neoptera, Endopterygota, Diptera, Brachycera, Muscomorpha, Eremoneura, Cyclorrhapha, Schizophora, Acalyptratae, Tephritoidea, Tephritidae, Dacinae, Dacini, Bactrocera, Bactrocera, Bactrocera dorsalis complex	GCF_023373825.1	full
UP001652621	Musca domestica (House fly)	7370	22560	C:99.2%[S:53.5%,D:45.7%],F:0.1%,M:0.7%,n:3285	Unknown	Mitochondrion MT; Unplaced	cellular organisms, Eukaryota, Opisthokonta, Metazoa, Eumetazoa, Bilateria, Protostomia, Ecdysozoa, Panarthropoda, Arthropoda, Mandibulata, Pancrustacea, Hexapoda, Insecta, Dicondylia, Pterygota, Neoptera, Endopterygota, Diptera, Brachycera, Muscomorpha, Eremoneura, Cyclorrhapha, Schizophora, Calyptratae, Muscoidea, Muscidae, Muscinae, Muscini, Musca, Musca	GCF_030504385.1	full
UP001652622	Pantherophis guttatus (Corn snake) (Elaphe guttata)	94885	35276	C:95.6%[S:44.7%,D:50.9%],F:0.5%,M:3.9%,n:7480	Unknown	Unplaced	cellular organisms, Eukaryota, Opisthokonta, Metazoa, Eumetazoa, Bilateria, Deuterostomia, Chordata, Craniata, Vertebrata, Gnathostomata, Teleostomi, Euteleostomi, Sarcopterygii, Dipnotetrapodomorpha, Tetrapoda, Amniota, Sauropsida, Sauria, Lepidosauria, Squamata, Bifurcata, Unidentata, Episquamata, Toxicofera, Serpentes, Colubroidea, Colubridae, Colubrinae, Pantherophis	GCF_029531705.1	full
UP001652624	Erinaceus europaeus (Western European hedgehog)	9365	43155	C:96.7%[S:44.5%,D:52.2%],F:1.0%,M:2.2%,n:12234	Unknown	Chromosome 1; Chromosome 2; Chromosome 3; Chromosome 4; Chromosome 5; Chromosome 6; Chromosome 7; Chromosome 8; Chromosome 9; Chromosome 10; Chromosome X; Chromosome 11; Chromosome 12; Chromosome 13; Chromosome 14; Chromosome 15; Chromosome 16; Chromosome 17; Chromosome 18; Chromosome 19; Chromosome 20; Chromosome 21; Chromosome 22; Chromosome 23; Unplaced	cellular organisms, Eukaryota, Opisthokonta, Metazoa, Eumetazoa, Bilateria, Deuterostomia, Chordata, Craniata, Vertebrata, Gnathostomata, Teleostomi, Euteleostomi, Sarcopterygii, Dipnotetrapodomorpha, Tetrapoda, Amniota, Mammalia, Theria, Eutheria, Boreoeutheria, Laurasiatheria, Eulipotyphla, Erinaceidae, Erinaceinae, Erinaceus	GCF_950295315.1	full
UP001652626	Vanessa tameamea (Kamehameha butterfly)	334116	17371	C:99.3%[S:72.4%,D:26.9%],F:0.1%,M:0.7%,n:5286	Unknown	Chromosome 2; Chromosome 3; Chromosome 4; Chromosome 5; Chromosome 6; Chromosome 7; Chromosome 8; Chromosome 9; Chromosome 10; Chromosome 11; Chromosome 12; Chromosome 13; Chromosome 14; Chromosome 15; Chromosome 16; Chromosome 17; Chromosome 18; Chromosome 19; Chromosome 20; Chromosome 21; Chromosome 22; Chromosome 23; Chromosome 24; Chromosome 25; Chromosome 26; Chromosome 27; Chromosome 28; Chromosome 29; Chromosome 30; Chromosome 31; Chromosome W; Chromosome Z; Unplaced	cellular organisms, Eukaryota, Opisthokonta, Metazoa, Eumetazoa, Bilateria, Protostomia, Ecdysozoa, Panarthropoda, Arthropoda, Mandibulata, Pancrustacea, Hexapoda, Insecta, Dicondylia, Pterygota, Neoptera, Endopterygota, Amphiesmenoptera, Lepidoptera, Glossata, Neolepidoptera, Heteroneura, Ditrysia, Obtectomera, Papilionoidea, Nymphalidae, Nymphalinae, Nymphalini, Vanessa	GCF_037043105.1	full
UP001652627	Apteryx mantelli (North Island brown kiwi)	2696672	28723	C:98.8%[S:55.1%,D:43.7%],F:0.2%,M:1.0%,n:8338	Unknown	Chromosome 1; Chromosome 2; Chromosome 3; Chromosome 4; Chromosome 5; Chromosome 6; Chromosome 7; Chromosome 8; Chromosome 9; Chromosome 10; Chromosome 11; Chromosome 12; Chromosome 13; Chromosome 14; Chromosome 15; Chromosome 16; Chromosome 17; Chromosome 18; Chromosome 19; Chromosome 20; Chromosome 21; Chromosome 22; Chromosome 23; Chromosome 24; Chromosome 25; Chromosome 26; Chromosome 27; Chromosome 28; Chromosome 29; Chromosome 30; Chromosome 31; Chromosome 32; Chromosome 33; Chromosome 34; Chromosome 35; Chromosome 36; Chromosome 37; Chromosome 38; Chromosome 39; Chromosome 40; Chromosome 41; Chromosome 42; Chromosome Z; Unplaced	cellular organisms, Eukaryota, Opisthokonta, Metazoa, Eumetazoa, Bilateria, Deuterostomia, Chordata, Craniata, Vertebrata, Gnathostomata, Teleostomi, Euteleostomi, Sarcopterygii, Dipnotetrapodomorpha, Tetrapoda, Amniota, Sauropsida, Sauria, Archelosauria, Archosauria, Dinosauria, Saurischia, Theropoda, Coelurosauria, Aves, Palaeognathae, Apterygiformes, Apterygidae, Apteryx	GCF_036417845.1	full
UP001652628	Drosophila suzukii (Spotted-wing drosophila fruit fly)	28584	23889	C:99.8%[S:69.0%,D:30.7%],F:0.0%,M:0.2%,n:3285	Unknown	Chromosome 2; Chromosome 2L; Chromosome 2R; Chromosome 3; Chromosome 4; Chromosome X; Chromosome Y; Mitochondrion MT; Unplaced	cellular organisms, Eukaryota, Opisthokonta, Metazoa, Eumetazoa, Bilateria, Protostomia, Ecdysozoa, Panarthropoda, Arthropoda, Mandibulata, Pancrustacea, Hexapoda, Insecta, Dicondylia, Pterygota, Neoptera, Endopterygota, Diptera, Brachycera, Muscomorpha, Eremoneura, Cyclorrhapha, Schizophora, Acalyptratae, Ephydroidea, Drosophilidae, Drosophilinae, Drosophilini, Drosophila, Sophophora, melanogaster group, suzukii subgroup	GCF_043229965.1	full
UP001652640	Odocoileus virginianus (White-tailed deer)	9874	43449	C:97.9%[S:42.8%,D:55.1%],F:0.2%,M:1.9%,n:13335	Unknown	Chromosome 1; Chromosome 2; Chromosome 3; Chromosome 4; Chromosome 5; Chromosome 6; Chromosome 7; Chromosome 8; Chromosome 9; Chromosome 10; Chromosome X; Chromosome 11; Chromosome 12; Chromosome 13; Chromosome 14; Chromosome 15; Chromosome 16; Chromosome 17; Chromosome 18; Chromosome 19; Chromosome 20; Chromosome 21; Chromosome 22; Chromosome 23; Chromosome 24; Chromosome 25; Chromosome 26; Chromosome 27; Chromosome 28; Chromosome 29; Chromosome 30; Chromosome 31; Chromosome 32; Chromosome 33; Chromosome 34; Chromosome Y; Mitochondrion MT; Unplaced	cellular organisms, Eukaryota, Opisthokonta, Metazoa, Eumetazoa, Bilateria, Deuterostomia, Chordata, Craniata, Vertebrata, Gnathostomata, Teleostomi, Euteleostomi, Sarcopterygii, Dipnotetrapodomorpha, Tetrapoda, Amniota, Mammalia, Theria, Eutheria, Boreoeutheria, Laurasiatheria, Artiodactyla, Ruminantia, Pecora, Cervidae, Odocoileinae, Odocoileus	GCF_023699985.2	full
UP001652641	Vulpes vulpes (Red fox)	9627	49968	C:97.8%[S:42.9%,D:54.9%],F:0.2%,M:2.0%,n:14502	Unknown	Chromosome 1; Chromosome 2; Chromosome 3; Chromosome 4; Chromosome 5; Chromosome 6; Chromosome 7; Chromosome 8; Chromosome 9; Chromosome 10; Chromosome X; Chromosome 11; Chromosome 12; Chromosome 13; Chromosome 14; Chromosome 15; Chromosome 16; Unplaced	cellular organisms, Eukaryota, Opisthokonta, Metazoa, Eumetazoa, Bilateria, Deuterostomia, Chordata, Craniata, Vertebrata, Gnathostomata, Teleostomi, Euteleostomi, Sarcopterygii, Dipnotetrapodomorpha, Tetrapoda, Amniota, Mammalia, Theria, Eutheria, Boreoeutheria, Laurasiatheria, Carnivora, Caniformia, Canidae, Vulpes	GCF_048418805.1	full
UP001652642	Pogona vitticeps (central bearded dragon)	103695	37261	C:98.3%[S:44.1%,D:54.2%],F:0.2%,M:1.5%,n:7480	Unknown	Chromosome 1; Chromosome 2; Chromosome 3; Chromosome 4; Chromosome 5; Chromosome 6; Chromosome 7; Chromosome 8; Chromosome 9; Chromosome 10; Chromosome 11; Chromosome 12; Chromosome 13; Chromosome 14; Chromosome 15; Chromosome Z	cellular organisms, Eukaryota, Opisthokonta, Metazoa, Eumetazoa, Bilateria, Deuterostomia, Chordata, Craniata, Vertebrata, Gnathostomata, Teleostomi, Euteleostomi, Sarcopterygii, Dipnotetrapodomorpha, Tetrapoda, Amniota, Sauropsida, Sauria, Lepidosauria, Squamata, Bifurcata, Unidentata, Episquamata, Toxicofera, Iguania, Acrodonta, Agamidae, Amphibolurinae, Pogona	GCF_047335585.1	full
UP001652661	Drosophila kikkawai (Fruit fly)	30033	21108	C:99.9%[S:69.0%,D:30.9%],F:0.1%,M:0.0%,n:3285	Unknown	Chromosome 2L; Chromosome 2R; Chromosome 3L; Chromosome 3R; Chromosome 4; Chromosome X; Unplaced	cellular organisms, Eukaryota, Opisthokonta, Metazoa, Eumetazoa, Bilateria, Protostomia, Ecdysozoa, Panarthropoda, Arthropoda, Mandibulata, Pancrustacea, Hexapoda, Insecta, Dicondylia, Pterygota, Neoptera, Endopterygota, Diptera, Brachycera, Muscomorpha, Eremoneura, Cyclorrhapha, Schizophora, Acalyptratae, Ephydroidea, Drosophilidae, Drosophilinae, Drosophilini, Drosophila, Sophophora, melanogaster group, montium subgroup	GCF_030179895.1	full
UP001652662	Equus przewalskii (Przewalski's horse) (Equus caballus przewalskii)	9798	60946	C:99.6%[S:34.5%,D:65.1%],F:0.2%,M:0.2%,n:12234	Unknown	Chromosome 1; Chromosome 2; Chromosome 3; Chromosome 4; Chromosome 5; Chromosome 6; Chromosome 7; Chromosome 8; Chromosome 9; Chromosome 10; Chromosome X; Chromosome 11; Chromosome 12; Chromosome 13; Chromosome 14; Chromosome 15; Chromosome 16; Chromosome 17; Chromosome 18; Chromosome 19; Chromosome 20; Chromosome 21; Chromosome 22; Chromosome 23; Chromosome 24; Chromosome 25; Chromosome 26; Chromosome 27; Chromosome 28; Chromosome 29; Chromosome 30; Chromosome 31; Chromosome 32; Unplaced	cellular organisms, Eukaryota, Opisthokonta, Metazoa, Eumetazoa, Bilateria, Deuterostomia, Chordata, Craniata, Vertebrata, Gnathostomata, Teleostomi, Euteleostomi, Sarcopterygii, Dipnotetrapodomorpha, Tetrapoda, Amniota, Mammalia, Theria, Eutheria, Boreoeutheria, Laurasiatheria, Perissodactyla, Equidae, Equus	GCF_037783145.1	full
UP001652663	Bos indicus (Zebu)	9915	46694	C:99.5%[S:42.3%,D:57.3%],F:0.1%,M:0.4%,n:13335	Unknown	Chromosome 1; Chromosome 2; Chromosome 3; Chromosome 4; Chromosome 5; Chromosome 6; Chromosome 7; Chromosome 8; Chromosome 9; Chromosome 10; Chromosome X; Chromosome 11; Chromosome 12; Chromosome 13; Chromosome 14; Chromosome 15; Chromosome 16; Chromosome 17; Chromosome 18; Chromosome 19; Chromosome 20; Chromosome 21; Chromosome 22; Chromosome 23; Chromosome 24; Chromosome 25; Chromosome 26; Chromosome 27; Chromosome 28; Chromosome 29; Unplaced	cellular organisms, Eukaryota, Opisthokonta, Metazoa, Eumetazoa, Bilateria, Deuterostomia, Chordata, Craniata, Vertebrata, Gnathostomata, Teleostomi, Euteleostomi, Sarcopterygii, Dipnotetrapodomorpha, Tetrapoda, Amniota, Mammalia, Theria, Eutheria, Boreoeutheria, Laurasiatheria, Artiodactyla, Ruminantia, Pecora, Bovidae, Bovinae, Bos	GCF_029378745.1	full
UP001652680	Drosophila rhopaloa (Fruit fly)	1041015	20735	C:99.5%[S:71.0%,D:28.5%],F:0.1%,M:0.5%,n:3285	Unknown	Unassembled WGS sequence	cellular organisms, Eukaryota, Opisthokonta, Metazoa, Eumetazoa, Bilateria, Protostomia, Ecdysozoa, Panarthropoda, Arthropoda, Mandibulata, Pancrustacea, Hexapoda, Insecta, Dicondylia, Pterygota, Neoptera, Endopterygota, Diptera, Brachycera, Muscomorpha, Eremoneura, Cyclorrhapha, Schizophora, Acalyptratae, Ephydroidea, Drosophilidae, Drosophilinae, Drosophilini, Drosophila, Sophophora, melanogaster group, rhopaloa subgroup	GCA_018152115.1	full
UP001652700	Diabrotica virgifera virgifera (western corn rootworm)	50390	27738	C:98.1%[S:71.4%,D:26.7%],F:0.3%,M:1.6%,n:2124	Unknown	Chromosome 1; Chromosome 2; Chromosome 3; Chromosome 4; Chromosome 5; Chromosome 6; Chromosome 7; Chromosome 8; Chromosome 9; Chromosome 10; Unplaced	cellular organisms, Eukaryota, Opisthokonta, Metazoa, Eumetazoa, Bilateria, Protostomia, Ecdysozoa, Panarthropoda, Arthropoda, Mandibulata, Pancrustacea, Hexapoda, Insecta, Dicondylia, Pterygota, Neoptera, Endopterygota, Coleoptera, Polyphaga, Cucujiformia, Chrysomeloidea, Chrysomelidae, Galerucinae, Luperini, Diabroticina, Diabroticites, Diabrotica, Diabrotica virgifera	GCA_917563875.2	full
UP001652740	Galleria mellonella (Greater wax moth)	7137	20018	C:99.3%[S:66.7%,D:32.7%],F:0.1%,M:0.6%,n:5286	Unknown	Mitochondrion MT; Unplaced	cellular organisms, Eukaryota, Opisthokonta, Metazoa, Eumetazoa, Bilateria, Protostomia, Ecdysozoa, Panarthropoda, Arthropoda, Mandibulata, Pancrustacea, Hexapoda, Insecta, Dicondylia, Pterygota, Neoptera, Endopterygota, Amphiesmenoptera, Lepidoptera, Glossata, Neolepidoptera, Heteroneura, Ditrysia, Obtectomera, Pyraloidea, Pyralidae, Galleriinae, Galleria	GCF_026898425.1	full
UP001652741	Salmo salar (Atlantic salmon)	8030	80782	C:99.4%[S:30.4%,D:69.0%],F:0.4%,M:0.2%,n:3640	Unknown	Chromosome ssa01; Chromosome ssa02; Chromosome ssa03; Chromosome ssa04; Chromosome ssa05; Chromosome ssa06; Chromosome ssa07; Chromosome ssa08; Chromosome ssa09; Chromosome ssa10; Chromosome ssa11; Chromosome ssa12; Chromosome ssa13; Chromosome ssa14; Chromosome ssa15; Chromosome ssa16; Chromosome ssa17; Chromosome ssa18; Chromosome ssa19; Chromosome ssa20; Chromosome ssa21; Chromosome ssa22; Chromosome ssa23; Chromosome ssa24; Chromosome ssa25; Chromosome ssa26; Chromosome ssa27; Chromosome ssa28; Chromosome ssa29; Unplaced	cellular organisms, Eukaryota, Opisthokonta, Metazoa, Eumetazoa, Bilateria, Deuterostomia, Chordata, Craniata, Vertebrata, Gnathostomata, Teleostomi, Euteleostomi, Actinopterygii, Actinopteri, Neopterygii, Teleostei, Osteoglossocephalai, Clupeocephala, Euteleosteomorpha, Protacanthopterygii, Salmoniformes, Salmonidae, Salmoninae, Salmo	GCF_905237065.1	full
UP001732780	Camelus bactrianus (Bactrian camel)	9837	56426		Close to standard (high value)	Chromosome 1; Chromosome 2; Chromosome 3; Chromosome 4; Chromosome 5; Chromosome 6; Chromosome 7; Chromosome 8; Chromosome 9; Chromosome 10; Chromosome X; Chromosome 11; Chromosome 12; Chromosome 13; Chromosome 14; Chromosome 15; Chromosome 16; Chromosome 17; Chromosome 18; Chromosome 19; Chromosome 20; Chromosome 21; Chromosome 22; Chromosome 23; Chromosome 24; Chromosome 25; Chromosome 26; Chromosome 27; Chromosome 28; Chromosome 29; Chromosome 30; Chromosome 31; Chromosome 32; Chromosome 33; Chromosome 34; Chromosome 35; Chromosome 36; Mitochondrion MT; Unplaced	cellular organisms, Eukaryota, Opisthokonta, Metazoa, Eumetazoa, Bilateria, Deuterostomia, Chordata, Craniata, Vertebrata, Gnathostomata, Teleostomi, Euteleostomi, Sarcopterygii, Dipnotetrapodomorpha, Tetrapoda, Amniota, Mammalia, Theria, Eutheria, Boreoeutheria, Laurasiatheria, Artiodactyla, Tylopoda, Camelidae, Camelus	GCF_048773025.1	full
UP000007151	Danaus plexippus plexippus	278856	15140	C:93.0%[S:91.5%,D:1.5%],F:2.8%,M:4.2%,n:5286	Unknown	Unassembled WGS sequence	cellular organisms, Eukaryota, Opisthokonta, Metazoa, Eumetazoa, Bilateria, Protostomia, Ecdysozoa, Panarthropoda, Arthropoda, Mandibulata, Pancrustacea, Hexapoda, Insecta, Dicondylia, Pterygota, Neoptera, Endopterygota, Amphiesmenoptera, Lepidoptera, Glossata, Neolepidoptera, Heteroneura, Ditrysia, Obtectomera, Papilionoidea, Nymphalidae, Danainae, Danaini, Danaina, Danaus, Danaus, Danaus plexippus	GCA_000235995.2	full
UP000007266	Tribolium castaneum (Red flour beetle)	7070	18505	C:98.0%[S:90.1%,D:7.9%],F:0.9%,M:1.1%,n:2124	Unknown	Linkage group 1; Linkage group 2; Linkage group 3; Linkage group 4; Linkage group 5; Linkage group 6; Linkage group 7; Linkage group 8; Linkage group 9; Linkage group 10; Mitochondrion; Unassembled WGS sequence	cellular organisms, Eukaryota, Opisthokonta, Metazoa, Eumetazoa, Bilateria, Protostomia, Ecdysozoa, Panarthropoda, Arthropoda, Mandibulata, Pancrustacea, Hexapoda, Insecta, Dicondylia, Pterygota, Neoptera, Endopterygota, Coleoptera, Polyphaga, Cucujiformia, Tenebrionoidea, Tenebrionidae, Tenebrionidae incertae sedis, Tribolium	GCA_000002335.3	full
UP000024635	Ancylostoma ceylanicum	53326	65375	C:87.8%[S:38.7%,D:49.1%],F:5.6%,M:6.6%,n:3131	Unknown	Unassembled WGS sequence	cellular organisms, Eukaryota, Opisthokonta, Metazoa, Eumetazoa, Bilateria, Protostomia, Ecdysozoa, Nematoda, Chromadorea, Rhabditida, Rhabditina, Rhabditomorpha, Strongyloidea, Ancylostomatidae, Ancylostomatinae, Ancylostoma	GCA_000688135.1	full
UP000031668	Thelohanellus kitauei (Myxosporean)	669202	14792	C:25.4%[S:23.8%,D:1.6%],F:7.9%,M:66.8%,n:954	Unknown	Unassembled WGS sequence	cellular organisms, Eukaryota, Opisthokonta, Metazoa, Eumetazoa, Cnidaria, Myxozoa, Myxosporea, Bivalvulida, Platysporina, Myxobolidae, Thelohanellus	GCA_000827895.1	full
UP000036403	Lasius niger (Black garden ant)	67767	18044	C:64.1%[S:63.5%,D:0.6%],F:18.1%,M:17.8%,n:5991	Unknown	Unassembled WGS sequence	cellular organisms, Eukaryota, Opisthokonta, Metazoa, Eumetazoa, Bilateria, Protostomia, Ecdysozoa, Panarthropoda, Arthropoda, Mandibulata, Pancrustacea, Hexapoda, Insecta, Dicondylia, Pterygota, Neoptera, Endopterygota, Hymenoptera, Apocrita, Aculeata, Formicoidea, Formicidae, Formicinae, Lasiini, Lasius, Lasius	GCA_001045655.1	full
UP000036681	Ascaris lumbricoides (Giant roundworm)	6252	23559	C:49.6%[S:48.1%,D:1.5%],F:4.5%,M:45.8%,n:3131	Unknown	Genome; Unplaced	cellular organisms, Eukaryota, Opisthokonta, Metazoa, Eumetazoa, Bilateria, Protostomia, Ecdysozoa, Nematoda, Chromadorea, Rhabditida, Spirurina, Ascaridomorpha, Ascaridoidea, Ascarididae, Ascaris	GCA_000951055.1	full
UP000037069	Lucilia cuprina (Green bottle fly) (Australian sheep blowfly)	7375	14353	C:89.3%[S:87.5%,D:1.8%],F:1.2%,M:9.5%,n:3285	Unknown	Unassembled WGS sequence	cellular organisms, Eukaryota, Opisthokonta, Metazoa, Eumetazoa, Bilateria, Protostomia, Ecdysozoa, Panarthropoda, Arthropoda, Mandibulata, Pancrustacea, Hexapoda, Insecta, Dicondylia, Pterygota, Neoptera, Endopterygota, Diptera, Brachycera, Muscomorpha, Eremoneura, Cyclorrhapha, Schizophora, Calyptratae, Oestroidea, Calliphoridae, Luciliinae, Lucilia	GCA_001187945.1	full
UP000037510	Operophtera brumata (Winter moth) (Phalaena brumata)	104452	16814	C:85.0%[S:82.9%,D:2.2%],F:9.8%,M:5.2%,n:5286	Unknown	Unassembled WGS sequence	cellular organisms, Eukaryota, Opisthokonta, Metazoa, Eumetazoa, Bilateria, Protostomia, Ecdysozoa, Panarthropoda, Arthropoda, Mandibulata, Pancrustacea, Hexapoda, Insecta, Dicondylia, Pterygota, Neoptera, Endopterygota, Amphiesmenoptera, Lepidoptera, Glossata, Neolepidoptera, Heteroneura, Ditrysia, Obtectomera, Geometroidea, Geometridae, Larentiinae, Operophtera	GCA_001266575.1	full
UP000050761	Heligmosomoides polygyrus (Parasitic roundworm)	6339	27451	C:62.2%[S:60.9%,D:1.3%],F:12.7%,M:25.1%,n:3131	Unknown	Unassembled WGS sequence	cellular organisms, Eukaryota, Opisthokonta, Metazoa, Eumetazoa, Bilateria, Protostomia, Ecdysozoa, Nematoda, Chromadorea, Rhabditida, Rhabditina, Rhabditomorpha, Strongyloidea, Heligmosomidae, Heligmosomoides	GCA_900618505.1	full
UP000051574	Oryctes borbonicus	1629725	8820	C:59.8%[S:59.2%,D:0.6%],F:15.6%,M:24.6%,n:2124	Unknown	Unassembled WGS sequence	cellular organisms, Eukaryota, Opisthokonta, Metazoa, Eumetazoa, Bilateria, Protostomia, Ecdysozoa, Panarthropoda, Arthropoda, Mandibulata, Pancrustacea, Hexapoda, Insecta, Dicondylia, Pterygota, Neoptera, Endopterygota, Coleoptera, Polyphaga, Scarabaeiformia, Scarabaeoidea, Scarabaeidae, Dynastinae, Oryctes	GCA_001443705.1	full
UP000054653	Trichinella britovi (Parasitic roundworm)	45882	19931	C:68.1%[S:39.5%,D:28.6%],F:0.5%,M:31.4%,n:3131	Unknown	Unassembled WGS sequence	cellular organisms, Eukaryota, Opisthokonta, Metazoa, Eumetazoa, Bilateria, Protostomia, Ecdysozoa, Nematoda, Enoplea, Dorylaimia, Trichinellida, Trichinellidae, Trichinella	GCA_001447585.1	full
UP000054721	Trichinella nativa	6335	16769	C:69.1%[S:44.1%,D:24.9%],F:0.7%,M:30.3%,n:3131	Unknown	Unassembled WGS sequence	cellular organisms, Eukaryota, Opisthokonta, Metazoa, Eumetazoa, Bilateria, Protostomia, Ecdysozoa, Nematoda, Enoplea, Dorylaimia, Trichinellida, Trichinellidae, Trichinella	GCA_001447565.2	full
UP000054776	Trichinella spiralis (Trichina worm)	6334	18572	C:68.5%[S:37.7%,D:30.8%],F:0.7%,M:30.8%,n:3131	Unknown	Unassembled WGS sequence	cellular organisms, Eukaryota, Opisthokonta, Metazoa, Eumetazoa, Bilateria, Protostomia, Ecdysozoa, Nematoda, Enoplea, Dorylaimia, Trichinellida, Trichinellidae, Trichinella	GCA_001447595.1	full
UP000054783	Trichinella patagoniensis	990121	18337	C:66.4%[S:39.1%,D:27.2%],F:1.0%,M:32.6%,n:3131	Unknown	Unassembled WGS sequence	cellular organisms, Eukaryota, Opisthokonta, Metazoa, Eumetazoa, Bilateria, Protostomia, Ecdysozoa, Nematoda, Enoplea, Dorylaimia, Trichinellida, Trichinellidae, Trichinella	GCA_001447655.1	full
UP000054805	Trichinella pseudospiralis (Parasitic roundworm)	6337	16171	C:66.5%[S:44.8%,D:21.7%],F:0.6%,M:32.9%,n:3131	Unknown	Unassembled WGS sequence	cellular organisms, Eukaryota, Opisthokonta, Metazoa, Eumetazoa, Bilateria, Protostomia, Ecdysozoa, Nematoda, Enoplea, Dorylaimia, Trichinellida, Trichinellidae, Trichinella	GCA_001447725.1	full
UP000054843	Trichinella papuae	268474	15285	C:65.2%[S:40.5%,D:24.7%],F:0.5%,M:34.3%,n:3131	Unknown	Unassembled WGS sequence	cellular organisms, Eukaryota, Opisthokonta, Metazoa, Eumetazoa, Bilateria, Protostomia, Ecdysozoa, Nematoda, Enoplea, Dorylaimia, Trichinellida, Trichinellidae, Trichinella	GCA_001447755.1	full
UP000054995	Trichinella pseudospiralis (Parasitic roundworm)	6337	14319	C:68.5%[S:64.5%,D:4.1%],F:0.8%,M:30.6%,n:3131	Unknown	Unassembled WGS sequence	cellular organisms, Eukaryota, Opisthokonta, Metazoa, Eumetazoa, Bilateria, Protostomia, Ecdysozoa, Nematoda, Enoplea, Dorylaimia, Trichinellida, Trichinellidae, Trichinella	GCA_001447575.1	full
UP000055024	Trichinella zimbabwensis	268475	18195	C:64.5%[S:41.3%,D:23.2%],F:0.8%,M:34.7%,n:3131	Unknown	Unassembled WGS sequence	cellular organisms, Eukaryota, Opisthokonta, Metazoa, Eumetazoa, Bilateria, Protostomia, Ecdysozoa, Nematoda, Enoplea, Dorylaimia, Trichinellida, Trichinellidae, Trichinella	GCA_001447665.1	full
UP000055048	Trichinella murrelli	144512	17983	C:67.4%[S:42.1%,D:25.3%],F:0.6%,M:31.9%,n:3131	Unknown	Unassembled WGS sequence	cellular organisms, Eukaryota, Opisthokonta, Metazoa, Eumetazoa, Bilateria, Protostomia, Ecdysozoa, Nematoda, Enoplea, Dorylaimia, Trichinellida, Trichinellidae, Trichinella	GCA_001447425.1	full
UP000076858	Daphnia magna	35525	26600	C:92.1%[S:91.1%,D:1.0%],F:3.7%,M:4.2%,n:1013	Unknown	Unassembled WGS sequence	cellular organisms, Eukaryota, Opisthokonta, Metazoa, Eumetazoa, Bilateria, Protostomia, Ecdysozoa, Panarthropoda, Arthropoda, Mandibulata, Pancrustacea, Crustacea, Branchiopoda, Phyllopoda, Diplostraca, Cladocera, Anomopoda, Daphniidae, Daphnia	GCA_001632505.1	full
UP000078046	Intoshia linei	1819745	8720	C:50.1%[S:49.4%,D:0.7%],F:6.9%,M:43.0%,n:954	Unknown	Unassembled WGS sequence	cellular organisms, Eukaryota, Opisthokonta, Metazoa, Eumetazoa, Bilateria, Protostomia, Spiralia, Lophotrochozoa, Mesozoa, Orthonectida, Rhopaluridae, Intoshia	GCA_001642005.1	full
UP000094527	Orchesella cincta (Springtail) (Podura cincta)	48709	20218	C:89.7%[S:85.1%,D:4.6%],F:3.9%,M:6.3%,n:1013	Unknown	Unassembled WGS sequence	cellular organisms, Eukaryota, Opisthokonta, Metazoa, Eumetazoa, Bilateria, Protostomia, Ecdysozoa, Panarthropoda, Arthropoda, Mandibulata, Pancrustacea, Hexapoda, Collembola, Entomobryomorpha, Entomobryoidea, Orchesellidae, Orchesellinae, Orchesella	GCA_001718145.1	full
UP000095283	Heterorhabditis bacteriophora (Entomopathogenic nematode worm)	37862	20849	C:33.5%[S:33.2%,D:0.3%],F:7.4%,M:59.0%,n:3131	Unknown	Whole Genome Shotgun Assembly; Unplaced	cellular organisms, Eukaryota, Opisthokonta, Metazoa, Eumetazoa, Bilateria, Protostomia, Ecdysozoa, Nematoda, Chromadorea, Rhabditida, Rhabditina, Rhabditomorpha, Strongyloidea, Heterorhabditidae, Heterorhabditis	GCA_000223415.1	full
UP000095287	Steinernema glaseri	37863	37085	C:76.5%[S:63.6%,D:12.9%],F:3.3%,M:20.2%,n:3131	Unknown	Unplaced	cellular organisms, Eukaryota, Opisthokonta, Metazoa, Eumetazoa, Bilateria, Protostomia, Ecdysozoa, Nematoda, Chromadorea, Rhabditida, Tylenchina, Panagrolaimomorpha, Strongyloidoidea, Steinernematidae, Steinernema		
UP000198287	Folsomia candida (Springtail)	158441	28565	C:77.7%[S:76.0%,D:1.7%],F:2.6%,M:19.7%,n:1013	Unknown	Unassembled WGS sequence	cellular organisms, Eukaryota, Opisthokonta, Metazoa, Eumetazoa, Bilateria, Protostomia, Ecdysozoa, Panarthropoda, Arthropoda, Mandibulata, Pancrustacea, Hexapoda, Collembola, Entomobryomorpha, Isotomoidea, Isotomidae, Proisotominae, Folsomia	GCA_002217175.1	full
UP000215335	Trichomalopsis sarcophagae	543379	16064	C:75.7%[S:75.1%,D:0.7%],F:3.6%,M:20.7%,n:5991	Unknown	Unassembled WGS sequence	cellular organisms, Eukaryota, Opisthokonta, Metazoa, Eumetazoa, Bilateria, Protostomia, Ecdysozoa, Panarthropoda, Arthropoda, Mandibulata, Pancrustacea, Hexapoda, Insecta, Dicondylia, Pterygota, Neoptera, Endopterygota, Hymenoptera, Apocrita, Proctotrupomorpha, Chalcidoidea, Pteromalidae, Pteromalinae, Trichomalopsis	GCA_002249905.1	full
UP000215902	Macrostomum lignano	282301	43466	C:86.7%[S:6.0%,D:80.7%],F:3.0%,M:10.3%,n:954	Unknown	Unassembled WGS sequence	cellular organisms, Eukaryota, Opisthokonta, Metazoa, Eumetazoa, Bilateria, Protostomia, Spiralia, Lophotrochozoa, Platyhelminthes, Rhabditophora, Macrostomorpha, Macrostomida, Macrostomidae, Macrostomum	GCA_002269645.1	full
UP000225706	Stylophora pistillata (Smooth cauliflower coral)	50429	23873	C:85.8%[S:85.5%,D:0.3%],F:5.0%,M:9.1%,n:954	Unknown	Unassembled WGS sequence	cellular organisms, Eukaryota, Opisthokonta, Metazoa, Eumetazoa, Cnidaria, Anthozoa, Hexacorallia, Scleractinia, Astrocoeniina, Pocilloporidae, Stylophora	GCA_002571385.2	full
UP000230233	Caenorhabditis nigoni	1611254	44209	C:97.2%[S:66.3%,D:30.9%],F:1.4%,M:1.5%,n:3131	Unknown	Chromosome I; Chromosome II; Chromosome III; Chromosome IV; Chromosome V; Chromosome X; Unassembled WGS sequence	cellular organisms, Eukaryota, Opisthokonta, Metazoa, Eumetazoa, Bilateria, Protostomia, Ecdysozoa, Nematoda, Chromadorea, Rhabditida, Rhabditina, Rhabditomorpha, Rhabditoidea, Rhabditidae, Peloderinae, Caenorhabditis	GCA_002742825.1	full
UP000235965	Cryptotermes secundus	105785	27252	C:93.0%[S:59.2%,D:33.8%],F:3.4%,M:3.7%,n:1367	Unknown	Unassembled WGS sequence	cellular organisms, Eukaryota, Opisthokonta, Metazoa, Eumetazoa, Bilateria, Protostomia, Ecdysozoa, Panarthropoda, Arthropoda, Mandibulata, Pancrustacea, Hexapoda, Insecta, Dicondylia, Pterygota, Neoptera, Polyneoptera, Dictyoptera, Blattodea, Blattoidea, Termitoidae, Kalotermitidae, Cryptotermitinae, Cryptotermes	GCA_002891405.2	full
UP000242450	Cervus elaphus hippelaphus (European red deer)	46360	19232	C:42.5%[S:42.3%,D:0.2%],F:11.0%,M:46.5%,n:13335	Unknown	Chromosome 1; Chromosome 2; Chromosome 3; Chromosome 4; Chromosome 5; Chromosome 6; Chromosome 7; Chromosome 8; Chromosome 9; Chromosome 10; Chromosome X; Chromosome 11; Chromosome 12; Chromosome 13; Chromosome 14; Chromosome 15; Chromosome 16; Chromosome 17; Chromosome 18; Chromosome 19; Chromosome 20; Chromosome 21; Chromosome 22; Chromosome 23; Chromosome 24; Chromosome 25; Chromosome 26; Chromosome 27; Chromosome 28; Chromosome 29; Chromosome 30; Chromosome 31; Chromosome 32; Chromosome 33; Chromosome Y; Unassembled WGS sequence	cellular organisms, Eukaryota, Opisthokonta, Metazoa, Eumetazoa, Bilateria, Deuterostomia, Chordata, Craniata, Vertebrata, Gnathostomata, Teleostomi, Euteleostomi, Sarcopterygii, Dipnotetrapodomorpha, Tetrapoda, Amniota, Mammalia, Theria, Eutheria, Boreoeutheria, Laurasiatheria, Artiodactyla, Ruminantia, Pecora, Cervidae, Cervinae, Cervus, Cervus elaphus	GCA_002197005.1	full
UP000252519	Ancylostoma caninum (Dog hookworm)	29170	29972	C:72.3%[S:64.9%,D:7.4%],F:11.5%,M:16.1%,n:3131	Unknown	Unassembled WGS sequence	cellular organisms, Eukaryota, Opisthokonta, Metazoa, Eumetazoa, Bilateria, Protostomia, Ecdysozoa, Nematoda, Chromadorea, Rhabditida, Rhabditina, Rhabditomorpha, Strongyloidea, Ancylostomatidae, Ancylostomatinae, Ancylostoma	GCA_003336725.1	full
UP000266721	Mytilus galloprovincialis (Mediterranean mussel)	29158	3147	C:1.8%[S:1.7%,D:0.1%],F:0.4%,M:97.8%,n:5295	Unknown	Unassembled WGS sequence	cellular organisms, Eukaryota, Opisthokonta, Metazoa, Eumetazoa, Bilateria, Protostomia, Spiralia, Lophotrochozoa, Mollusca, Bivalvia, Autobranchia, Pteriomorphia, Mytilida, Mytiloidea, Mytilidae, Mytilinae, Mytilus	GCA_001676915.1	full
UP000267027	Angiostrongylus costaricensis (Nematode worm)	334426	13350	C:78.5%[S:77.8%,D:0.7%],F:9.0%,M:12.5%,n:3131	Unknown	Unassembled WGS sequence	cellular organisms, Eukaryota, Opisthokonta, Metazoa, Eumetazoa, Bilateria, Protostomia, Ecdysozoa, Nematoda, Chromadorea, Rhabditida, Rhabditina, Rhabditomorpha, Strongyloidea, Metastrongylidae, Angiostrongylus	GCA_900624975.1	full
UP000267029	Mesocestoides corti (Flatworm)	53468	10572	C:66.9%[S:66.1%,D:0.7%],F:7.4%,M:25.7%,n:954	Unknown	Unassembled WGS sequence	cellular organisms, Eukaryota, Opisthokonta, Metazoa, Eumetazoa, Bilateria, Protostomia, Spiralia, Lophotrochozoa, Platyhelminthes, Cestoda, Eucestoda, Cyclophyllidea, Mesocestoididae, Mesocestoides	GCA_900604375.1	full
UP000267606	Onchocerca flexuosa	387005	16057	C:52.7%[S:51.9%,D:0.8%],F:13.6%,M:33.7%,n:3131	Unknown	Unassembled WGS sequence	cellular organisms, Eukaryota, Opisthokonta, Metazoa, Eumetazoa, Bilateria, Protostomia, Ecdysozoa, Nematoda, Chromadorea, Rhabditida, Spirurina, Spiruromorpha, Filarioidea, Onchocercidae, Onchocerca	GCA_900618345.1	full
UP000269221	Hirundo rustica rustica	333673	34534	C:77.5%[S:76.4%,D:1.1%],F:6.1%,M:16.4%,n:10844	Unknown	Unassembled WGS sequence	cellular organisms, Eukaryota, Opisthokonta, Metazoa, Eumetazoa, Bilateria, Deuterostomia, Chordata, Craniata, Vertebrata, Gnathostomata, Teleostomi, Euteleostomi, Sarcopterygii, Dipnotetrapodomorpha, Tetrapoda, Amniota, Sauropsida, Sauria, Archelosauria, Archosauria, Dinosauria, Saurischia, Theropoda, Coelurosauria, Aves, Neognathae, Neoaves, Telluraves, Australaves, Passeriformes, Sylvioidea, Hirundinidae, Hirundo, Hirundo rustica	GCA_003692655.1	full
UP000269396	Schistosoma mattheei	31246	22244	C:40.3%[S:39.8%,D:0.4%],F:22.9%,M:36.9%,n:954	Unknown	Unassembled WGS sequence	cellular organisms, Eukaryota, Opisthokonta, Metazoa, Eumetazoa, Bilateria, Protostomia, Spiralia, Lophotrochozoa, Platyhelminthes, Trematoda, Digenea, Strigeidida, Schistosomatoidea, Schistosomatidae, Schistosoma	GCA_900617995.1	full
UP000269945	Gulo gulo (Wolverine) (Gluton)	48420	19667	C:46.1%[S:46.0%,D:0.2%],F:7.3%,M:46.6%,n:14502	Unknown	Unassembled WGS sequence	cellular organisms, Eukaryota, Opisthokonta, Metazoa, Eumetazoa, Bilateria, Deuterostomia, Chordata, Craniata, Vertebrata, Gnathostomata, Teleostomi, Euteleostomi, Sarcopterygii, Dipnotetrapodomorpha, Tetrapoda, Amniota, Mammalia, Theria, Eutheria, Boreoeutheria, Laurasiatheria, Carnivora, Caniformia, Musteloidea, Mustelidae, Guloninae, Gulo	GCA_900006375.2	full
UP000270094	Strongylus vulgaris (Blood worm)	40348	20844	C:26.6%[S:25.3%,D:1.3%],F:12.4%,M:61.0%,n:3131	Unknown	Unassembled WGS sequence	cellular organisms, Eukaryota, Opisthokonta, Metazoa, Eumetazoa, Bilateria, Protostomia, Ecdysozoa, Nematoda, Chromadorea, Rhabditida, Rhabditina, Rhabditomorpha, Strongyloidea, Strongylidae, Strongylus	GCA_900624965.1	full
UP000271098	Gongylonema pulchrum	637853	26895	C:33.7%[S:30.7%,D:3.0%],F:12.6%,M:53.7%,n:3131	Unknown	Unassembled WGS sequence	cellular organisms, Eukaryota, Opisthokonta, Metazoa, Eumetazoa, Bilateria, Protostomia, Ecdysozoa, Nematoda, Chromadorea, Rhabditida, Spirurina, Spiruromorpha, Spiruroidea, Gongylonematidae, Gongylonema	GCA_900617915.1	full
UP000271889	Cylicostephanus goldi (Nematode worm)	71465	13786	C:12.6%[S:12.0%,D:0.6%],F:9.6%,M:77.7%,n:3131	Unknown	Unassembled WGS sequence	cellular organisms, Eukaryota, Opisthokonta, Metazoa, Eumetazoa, Bilateria, Protostomia, Ecdysozoa, Nematoda, Chromadorea, Rhabditida, Rhabditina, Rhabditomorpha, Strongyloidea, Strongylidae, Cylicostephanus	GCA_900617965.1	full
UP000272942	Echinostoma caproni	27848	18535	C:38.2%[S:37.6%,D:0.5%],F:25.6%,M:36.3%,n:954	Unknown	Unassembled WGS sequence	cellular organisms, Eukaryota, Opisthokonta, Metazoa, Eumetazoa, Bilateria, Protostomia, Spiralia, Lophotrochozoa, Platyhelminthes, Trematoda, Digenea, Plagiorchiida, Echinostomata, Echinostomatoidea, Echinostomatidae, Echinostoma	GCA_900618425.1	full
UP000274131	Enterobius vermicularis (Human pinworm)	51028	12840	C:79.7%[S:78.4%,D:1.3%],F:4.2%,M:16.1%,n:3131	Unknown	Unassembled WGS sequence	cellular organisms, Eukaryota, Opisthokonta, Metazoa, Eumetazoa, Bilateria, Protostomia, Ecdysozoa, Nematoda, Chromadorea, Rhabditida, Spirurina, Oxyuridomorpha, Oxyuroidea, Oxyuridae, Enterobius	GCA_900576705.1	full
UP000275846	Schistocephalus solidus (Tapeworm)	70667	20172	C:60.1%[S:59.2%,D:0.8%],F:11.8%,M:28.1%,n:954	Unknown	Unassembled WGS sequence	cellular organisms, Eukaryota, Opisthokonta, Metazoa, Eumetazoa, Bilateria, Protostomia, Spiralia, Lophotrochozoa, Platyhelminthes, Cestoda, Eucestoda, Diphyllobothriidea, Diphyllobothriidae, Schistocephalus	GCA_900618435.1	full
UP000276133	Brachionus plicatilis (Marine rotifer) (Brachionus muelleri)	10195	52387	C:87.9%[S:84.8%,D:3.1%],F:2.9%,M:9.1%,n:954	Unknown	Unassembled WGS sequence	cellular organisms, Eukaryota, Opisthokonta, Metazoa, Eumetazoa, Bilateria, Protostomia, Spiralia, Gnathifera, Rotifera, Eurotatoria, Monogononta, Pseudotrocha, Ploima, Brachionidae, Brachionus	GCA_003710015.1	full
UP000276991	Acanthocheilonema viteae (Filarial nematode worm) (Dipetalonema viteae)	6277	10007	C:85.2%[S:83.8%,D:1.4%],F:4.1%,M:10.7%,n:3131	Unknown	Unassembled WGS sequence	cellular organisms, Eukaryota, Opisthokonta, Metazoa, Eumetazoa, Bilateria, Protostomia, Ecdysozoa, Nematoda, Chromadorea, Rhabditida, Spirurina, Spiruromorpha, Filarioidea, Onchocercidae, Acanthocheilonema	GCA_900537255.1	full
UP000277204	Schistosoma margrebowiei	48269	25527	C:53.8%[S:53.1%,D:0.6%],F:17.2%,M:29.0%,n:954	Unknown	Unassembled WGS sequence	cellular organisms, Eukaryota, Opisthokonta, Metazoa, Eumetazoa, Bilateria, Protostomia, Spiralia, Lophotrochozoa, Platyhelminthes, Trematoda, Digenea, Strigeidida, Schistosomatoidea, Schistosomatidae, Schistosoma	GCA_900618395.1	full
UP000277928	Litomosoides sigmodontis (Filarial nematode worm)	42156	9894	C:88.9%[S:87.5%,D:1.4%],F:3.2%,M:7.9%,n:3131	Unknown	Unassembled WGS sequence	cellular organisms, Eukaryota, Opisthokonta, Metazoa, Eumetazoa, Bilateria, Protostomia, Ecdysozoa, Nematoda, Chromadorea, Rhabditida, Spirurina, Spiruromorpha, Filarioidea, Onchocercidae, Litomosoides	GCA_900537275.1	full
UP000279833	Schistosoma curassoni	6186	22688	C:41.5%[S:40.9%,D:0.6%],F:21.8%,M:36.7%,n:954	Unknown	Unassembled WGS sequence	cellular organisms, Eukaryota, Opisthokonta, Metazoa, Eumetazoa, Bilateria, Protostomia, Spiralia, Lophotrochozoa, Platyhelminthes, Trematoda, Digenea, Strigeidida, Schistosomatoidea, Schistosomatidae, Schistosoma	GCA_900618015.1	full
UP000280834	Brugia timori	42155	15861	C:60.0%[S:59.6%,D:0.4%],F:13.0%,M:27.0%,n:3131	Unknown	Unassembled WGS sequence	cellular organisms, Eukaryota, Opisthokonta, Metazoa, Eumetazoa, Bilateria, Protostomia, Ecdysozoa, Nematoda, Chromadorea, Rhabditida, Spirurina, Spiruromorpha, Filarioidea, Onchocercidae, Brugia	GCA_900618025.1	full
UP000281406	Anabarilius grahami (Kanglang fish) (Barilius grahami)	495550	23663	C:62.2%[S:60.4%,D:1.8%],F:4.5%,M:33.3%,n:3640	Unknown	Unassembled WGS sequence	cellular organisms, Eukaryota, Opisthokonta, Metazoa, Eumetazoa, Bilateria, Deuterostomia, Chordata, Craniata, Vertebrata, Gnathostomata, Teleostomi, Euteleostomi, Actinopterygii, Actinopteri, Neopterygii, Teleostei, Osteoglossocephalai, Clupeocephala, Otomorpha, Ostariophysi, Otophysi, Cypriniphysae, Cypriniformes, Cyprinoidei, Xenocyprididae, Xenocypridinae, Xenocypridinae incertae sedis, Anabarilius	GCA_003731715.1	full
UP000281553	Dibothriocephalus latus (Fish tapeworm) (Diphyllobothrium latum)	60516	19927	C:32.8%[S:32.1%,D:0.7%],F:24.9%,M:42.2%,n:954	Unknown	Unassembled WGS sequence	cellular organisms, Eukaryota, Opisthokonta, Metazoa, Eumetazoa, Bilateria, Protostomia, Spiralia, Lophotrochozoa, Platyhelminthes, Cestoda, Eucestoda, Diphyllobothriidea, Diphyllobothriidae, Dibothriocephalus	GCA_900617775.1	full
UP000282613	Taenia asiatica (Asian tapeworm)	60517	10244	C:68.0%[S:67.4%,D:0.6%],F:6.1%,M:25.9%,n:954	Unknown	Unassembled WGS sequence	cellular organisms, Eukaryota, Opisthokonta, Metazoa, Eumetazoa, Bilateria, Protostomia, Spiralia, Lophotrochozoa, Platyhelminthes, Cestoda, Eucestoda, Cyclophyllidea, Taeniidae, Taenia	GCA_900618005.1	full
UP000285301	Dinothrombium tinctorium	1965070	13518	C:88.6%[S:53.3%,D:35.3%],F:1.7%,M:9.7%,n:2934	Unknown	Unassembled WGS sequence	cellular organisms, Eukaryota, Opisthokonta, Metazoa, Eumetazoa, Bilateria, Protostomia, Ecdysozoa, Panarthropoda, Arthropoda, Chelicerata, Arachnida, Acari, Acariformes, Trombidiformes, Prostigmata, Anystina, Parasitengona, Trombidioidea, Trombidiidae, Dinothrombium	GCA_003675995.1	full
UP000287033	Chiloscyllium punctatum (Brownbanded bambooshark) (Hemiscyllium punctatum)	137246	33497	C:87.9%[S:85.5%,D:2.4%],F:6.2%,M:5.9%,n:3354	Unknown	Unassembled WGS sequence	cellular organisms, Eukaryota, Opisthokonta, Metazoa, Eumetazoa, Bilateria, Deuterostomia, Chordata, Craniata, Vertebrata, Gnathostomata, Chondrichthyes, Elasmobranchii, Selachii, Galeomorphii, Galeoidea, Orectolobiformes, Hemiscylliidae, Chiloscyllium	GCA_003427335.1	full
UP000288216	Scyliorhinus torazame (Cloudy catshark) (Catulus torazame)	75743	27602	C:77.4%[S:74.5%,D:2.9%],F:12.9%,M:9.7%,n:3354	Unknown	Unassembled WGS sequence	cellular organisms, Eukaryota, Opisthokonta, Metazoa, Eumetazoa, Bilateria, Deuterostomia, Chordata, Craniata, Vertebrata, Gnathostomata, Chondrichthyes, Elasmobranchii, Selachii, Galeomorphii, Galeoidea, Carcharhiniformes, Scyliorhinidae, Scyliorhinus	GCA_003427355.1	full
UP000291343	Laodelphax striatellus (Small brown planthopper) (Delphax striatella)	195883	17309	C:95.3%[S:91.9%,D:3.5%],F:1.2%,M:3.4%,n:2510	Unknown	Unassembled WGS sequence	cellular organisms, Eukaryota, Opisthokonta, Metazoa, Eumetazoa, Bilateria, Protostomia, Ecdysozoa, Panarthropoda, Arthropoda, Mandibulata, Pancrustacea, Hexapoda, Insecta, Dicondylia, Pterygota, Neoptera, Paraneoptera, Hemiptera, Auchenorrhyncha, Fulgoromorpha, Fulgoroidea, Delphacidae, Criomorphinae, Laodelphax	GCA_003335185.2	full
UP000292052	Asbolus verrucosus (Desert ironclad beetle)	1661398	15225	C:83.3%[S:82.0%,D:1.3%],F:8.2%,M:8.4%,n:2124	Close to standard (high value)	Unassembled WGS sequence	cellular organisms, Eukaryota, Opisthokonta, Metazoa, Eumetazoa, Bilateria, Protostomia, Ecdysozoa, Panarthropoda, Arthropoda, Mandibulata, Pancrustacea, Hexapoda, Insecta, Dicondylia, Pterygota, Neoptera, Endopterygota, Coleoptera, Polyphaga, Cucujiformia, Tenebrionoidea, Tenebrionidae, Pimeliinae, Asbolus	GCA_004193795.1	full
UP000295264	Sousa chinensis (Indo-pacific humpbacked dolphin) (Steno chinensis)	103600	8382	C:82.1%[S:80.8%,D:1.2%],F:1.8%,M:16.2%,n:13335	Unknown	Unassembled WGS sequence	cellular organisms, Eukaryota, Opisthokonta, Metazoa, Eumetazoa, Bilateria, Deuterostomia, Chordata, Craniata, Vertebrata, Gnathostomata, Teleostomi, Euteleostomi, Sarcopterygii, Dipnotetrapodomorpha, Tetrapoda, Amniota, Mammalia, Theria, Eutheria, Boreoeutheria, Laurasiatheria, Artiodactyla, Whippomorpha, Cetacea, Odontoceti, Delphinidae, Sousa	GCA_003521335.2	full
UP000299102	Eumeta variegata (Bagworm moth) (Eumeta japonica)	151549	96130	C:71.6%[S:70.1%,D:1.6%],F:7.4%,M:21.0%,n:5286	Unknown	Unassembled WGS sequence	cellular organisms, Eukaryota, Opisthokonta, Metazoa, Eumetazoa, Bilateria, Protostomia, Ecdysozoa, Panarthropoda, Arthropoda, Mandibulata, Pancrustacea, Hexapoda, Insecta, Dicondylia, Pterygota, Neoptera, Endopterygota, Amphiesmenoptera, Lepidoptera, Glossata, Neolepidoptera, Heteroneura, Ditrysia, Tineoidea, Psychidae, Oiketicinae, Eumeta	GCA_005406025.1	full
UP000311919	Schistosoma japonicum (Blood fluke)	6182	14733	C:72.1%[S:40.5%,D:31.7%],F:4.5%,M:23.4%,n:954	Unknown	Unassembled WGS sequence	cellular organisms, Eukaryota, Opisthokonta, Metazoa, Eumetazoa, Bilateria, Protostomia, Spiralia, Lophotrochozoa, Platyhelminthes, Trematoda, Digenea, Strigeidida, Schistosomatoidea, Schistosomatidae, Schistosoma	GCA_006368765.1	full
UP000314294	Liparis tanakae (Tanaka's snailfish)	230148	68164	C:59.7%[S:58.6%,D:1.1%],F:12.0%,M:28.3%,n:3640	Unknown	Unassembled WGS sequence	cellular organisms, Eukaryota, Opisthokonta, Metazoa, Eumetazoa, Bilateria, Deuterostomia, Chordata, Craniata, Vertebrata, Gnathostomata, Teleostomi, Euteleostomi, Actinopterygii, Actinopteri, Neopterygii, Teleostei, Osteoglossocephalai, Clupeocephala, Euteleosteomorpha, Neoteleostei, Eurypterygia, Ctenosquamata, Acanthomorphata, Euacanthomorphacea, Percomorphaceae, Eupercaria, Perciformes, Cottioidei, Cottales, Liparidae, Liparis	GCA_006348945.1	full
UP000321570	Hymenolepis diminuta (Rat tapeworm)	6216	18691	C:70.2%[S:62.2%,D:8.1%],F:5.8%,M:24.0%,n:954	Unknown	Unassembled WGS sequence	cellular organisms, Eukaryota, Opisthokonta, Metazoa, Eumetazoa, Bilateria, Protostomia, Spiralia, Lophotrochozoa, Platyhelminthes, Cestoda, Eucestoda, Cyclophyllidea, Hymenolepididae, Hymenolepis	GCA_902177915.1	full
UP000324091	Takifugu flavidus (sansaifugu)	433684	29076	C:84.9%[S:83.2%,D:1.7%],F:4.6%,M:10.5%,n:3640	Unknown	Chromosome 1; Chromosome 2; Chromosome 3; Chromosome 4; Chromosome 5; Chromosome 6; Chromosome 7; Chromosome 8; Chromosome 9; Chromosome 10; Chromosome 11; Chromosome 12; Chromosome 13; Chromosome 14; Chromosome 15; Chromosome 16; Chromosome 17; Chromosome 18; Chromosome 19; Chromosome 20; Chromosome 21; Chromosome 22; Unassembled WGS sequence	cellular organisms, Eukaryota, Opisthokonta, Metazoa, Eumetazoa, Bilateria, Deuterostomia, Chordata, Craniata, Vertebrata, Gnathostomata, Teleostomi, Euteleostomi, Actinopterygii, Actinopteri, Neopterygii, Teleostei, Osteoglossocephalai, Clupeocephala, Euteleosteomorpha, Neoteleostei, Eurypterygia, Ctenosquamata, Acanthomorphata, Euacanthomorphacea, Percomorphaceae, Eupercaria, Tetraodontiformes, Tetraodontoidei, Tetradontoidea, Tetraodontidae, Takifugu	GCA_003711565.2	full
UP000324222	Portunus trituberculatus (Swimming crab) (Neptunus trituberculatus)	210409	99420	C:42.6%[S:42.3%,D:0.4%],F:22.6%,M:34.7%,n:1013	Unknown	Unassembled WGS sequence	cellular organisms, Eukaryota, Opisthokonta, Metazoa, Eumetazoa, Bilateria, Protostomia, Ecdysozoa, Panarthropoda, Arthropoda, Mandibulata, Pancrustacea, Crustacea, Multicrustacea, Malacostraca, Eumalacostraca, Eucarida, Decapoda, Pleocyemata, Brachyura, Eubrachyura, Heterotremata, Portunoidea, Portunidae, Portuninae, Portunus	GCA_008373055.1	full
UP000324629	Paragonimus westermani	34504	12535	C:61.2%[S:59.9%,D:1.4%],F:12.9%,M:25.9%,n:954	Unknown	Mitochondrion MT; Unassembled WGS sequence	cellular organisms, Eukaryota, Opisthokonta, Metazoa, Eumetazoa, Bilateria, Protostomia, Spiralia, Lophotrochozoa, Platyhelminthes, Trematoda, Digenea, Plagiorchiida, Troglotremata, Troglotrematidae, Paragonimus	GCA_008508345.1	full
UP000326759	Armadillidium nasatum	96803	14427	C:74.9%[S:70.1%,D:4.8%],F:8.7%,M:16.4%,n:1013	Unknown	Unassembled WGS sequence	cellular organisms, Eukaryota, Opisthokonta, Metazoa, Eumetazoa, Bilateria, Protostomia, Ecdysozoa, Panarthropoda, Arthropoda, Mandibulata, Pancrustacea, Crustacea, Multicrustacea, Malacostraca, Eumalacostraca, Peracarida, Isopoda, Oniscidea, Crinocheta, Armadillidiidae, Armadillidium	GCA_009176605.1	full
UP000475862	Aphis glycines (Soybean aphid)	307491	18358	C:84.5%[S:83.3%,D:1.1%],F:0.8%,M:14.8%,n:2510	Unknown	Unassembled WGS sequence	cellular organisms, Eukaryota, Opisthokonta, Metazoa, Eumetazoa, Bilateria, Protostomia, Ecdysozoa, Panarthropoda, Arthropoda, Mandibulata, Pancrustacea, Hexapoda, Insecta, Dicondylia, Pterygota, Neoptera, Paraneoptera, Hemiptera, Sternorrhyncha, Aphidomorpha, Aphidoidea, Aphididae, Aphidinae, Aphidini, Aphis, Aphis	GCA_009761285.1	full
UP000478052	Aphis craccivora (Cowpea aphid)	307492	31792	C:97.5%[S:95.9%,D:1.6%],F:0.9%,M:1.7%,n:2510	Unknown	Unassembled WGS sequence	cellular organisms, Eukaryota, Opisthokonta, Metazoa, Eumetazoa, Bilateria, Protostomia, Ecdysozoa, Panarthropoda, Arthropoda, Mandibulata, Pancrustacea, Hexapoda, Insecta, Dicondylia, Pterygota, Neoptera, Paraneoptera, Hemiptera, Sternorrhyncha, Aphidomorpha, Aphidoidea, Aphididae, Aphidinae, Aphidini, Aphis, Aphis	GCA_009835225.1	full
UP000479000	Nesidiocoris tenuis	355587	23052	C:57.1%[S:44.4%,D:12.7%],F:6.3%,M:36.5%,n:2510	Unknown	Unassembled WGS sequence	cellular organisms, Eukaryota, Opisthokonta, Metazoa, Eumetazoa, Bilateria, Protostomia, Ecdysozoa, Panarthropoda, Arthropoda, Mandibulata, Pancrustacea, Hexapoda, Insecta, Dicondylia, Pterygota, Neoptera, Paraneoptera, Hemiptera, Prosorrhyncha, Heteroptera, Euheteroptera, Neoheteroptera, Panheteroptera, Cimicomorpha, Cimicoidea, Miridae, Bryocorinae, Dicyphini, Dicyphina, Nesidiocoris	GCA_902806785.1	full
UP000479190	Trichogramma brassicae	86971	16797	C:48.6%[S:47.6%,D:0.9%],F:7.3%,M:44.1%,n:5991	Unknown	Unassembled WGS sequence	cellular organisms, Eukaryota, Opisthokonta, Metazoa, Eumetazoa, Bilateria, Protostomia, Ecdysozoa, Panarthropoda, Arthropoda, Mandibulata, Pancrustacea, Hexapoda, Insecta, Dicondylia, Pterygota, Neoptera, Endopterygota, Hymenoptera, Apocrita, Proctotrupomorpha, Chalcidoidea, Trichogrammatidae, Trichogramma	GCA_902806795.1	full
UP000494106	Arctia plantaginis (Wood tiger moth) (Phalaena plantaginis)	874455	19669	C:97.4%[S:87.6%,D:9.7%],F:0.8%,M:1.9%,n:5286	Unknown	Unassembled WGS sequence	cellular organisms, Eukaryota, Opisthokonta, Metazoa, Eumetazoa, Bilateria, Protostomia, Ecdysozoa, Panarthropoda, Arthropoda, Mandibulata, Pancrustacea, Hexapoda, Insecta, Dicondylia, Pterygota, Neoptera, Endopterygota, Amphiesmenoptera, Lepidoptera, Glossata, Neolepidoptera, Heteroneura, Ditrysia, Obtectomera, Noctuoidea, Erebidae, Arctiinae, Arctiini, Arctia	GCA_902825445.1	full
UP000494165	Cloeon dipterum	197152	29886	C:96.0%[S:62.5%,D:33.5%],F:1.4%,M:2.6%,n:1367	Unknown	Unassembled WGS sequence	cellular organisms, Eukaryota, Opisthokonta, Metazoa, Eumetazoa, Bilateria, Protostomia, Ecdysozoa, Panarthropoda, Arthropoda, Mandibulata, Pancrustacea, Hexapoda, Insecta, Dicondylia, Pterygota, Palaeoptera, Ephemeroptera, Pisciforma, Baetidae, Cloeon	GCA_902829235.1	full
UP000494206	Caenorhabditis bovis	2654633	15096	C:93.2%[S:76.6%,D:16.7%],F:1.0%,M:5.8%,n:3131	Unknown	Unassembled WGS sequence	cellular organisms, Eukaryota, Opisthokonta, Metazoa, Eumetazoa, Bilateria, Protostomia, Ecdysozoa, Nematoda, Chromadorea, Rhabditida, Rhabditina, Rhabditomorpha, Rhabditoidea, Rhabditidae, Peloderinae, Caenorhabditis	GCA_902829315.1	full
UP000499080	Araneus ventricosus (Orbweaver spider) (Epeira ventricosa)	182803	246601	C:91.0%[S:72.8%,D:18.2%],F:5.4%,M:3.6%,n:2934	Unknown	Unassembled WGS sequence	cellular organisms, Eukaryota, Opisthokonta, Metazoa, Eumetazoa, Bilateria, Protostomia, Ecdysozoa, Panarthropoda, Arthropoda, Chelicerata, Arachnida, Araneae, Araneomorphae, Entelegynae, Orbiculariae, Araneoidea, Araneidae, Araneus	GCA_013235015.1	full
UP000502823	Coptotermes formosanus (Formosan subterranean termite)	36987	12806	C:90.2%[S:88.4%,D:1.8%],F:4.8%,M:5.0%,n:1367	Unknown	Unassembled WGS sequence	cellular organisms, Eukaryota, Opisthokonta, Metazoa, Eumetazoa, Bilateria, Protostomia, Ecdysozoa, Panarthropoda, Arthropoda, Mandibulata, Pancrustacea, Hexapoda, Insecta, Dicondylia, Pterygota, Neoptera, Polyneoptera, Dictyoptera, Blattodea, Blattoidea, Termitoidae, Rhinotermitidae, Coptotermitinae, Coptotermes	GCA_013340265.1	full
UP000507470	Mytilus coruscus (Sea mussel)	42192	64248	C:78.7%[S:58.2%,D:20.5%],F:2.2%,M:19.1%,n:5295	Unknown	Unassembled WGS sequence	cellular organisms, Eukaryota, Opisthokonta, Metazoa, Eumetazoa, Bilateria, Protostomia, Spiralia, Lophotrochozoa, Mollusca, Bivalvia, Autobranchia, Pteriomorphia, Mytilida, Mytiloidea, Mytilidae, Mytilinae, Mytilus	GCA_011752425.2	full
UP000595437	Caligus rogercresseyi (Sea louse)	217165	18197	C:15.9%[S:15.2%,D:0.7%],F:14.7%,M:69.4%,n:1013	Unknown	Chromosome 1; Chromosome 2; Chromosome 3; Chromosome 4; Chromosome 5; Chromosome 6; Chromosome 7; Chromosome 8; Chromosome 10; Chromosome 9; Chromosome 11; Chromosome 12; Chromosome 13; Chromosome 14; Chromosome 15; Chromosome 16; Chromosome 17; Chromosome 18; Chromosome 19; Chromosome 20; Chromosome 21	cellular organisms, Eukaryota, Opisthokonta, Metazoa, Eumetazoa, Bilateria, Protostomia, Ecdysozoa, Panarthropoda, Arthropoda, Mandibulata, Pancrustacea, Crustacea, Multicrustacea, Hexanauplia, Copepoda, Neocopepoda, Podoplea, Siphonostomatoida, Caligidae, Caligus	GCA_013387185.1	full
UP000597762	Acanthosepion pharaonis (Pharaoh cuttlefish) (Sepia pharaonis)	158019	53515	C:58.0%[S:48.6%,D:9.4%],F:4.3%,M:37.7%,n:5295	Unknown	Unassembled WGS sequence	cellular organisms, Eukaryota, Opisthokonta, Metazoa, Eumetazoa, Bilateria, Protostomia, Spiralia, Lophotrochozoa, Mollusca, Cephalopoda, Coleoidea, Decapodiformes, Sepiida, Sepiina, Sepiidae, Acanthosepion	GCA_903632075.3	full
UP000631465	Cervus hanglu yarkandensis (Yarkand deer)	84702	713	C:81.4%[S:78.3%,D:3.1%],F:4.1%,M:14.5%,n:13335	Unknown	Chromosome 1; Chromosome 2; Chromosome 3; Chromosome 4; Chromosome 5; Chromosome 6; Chromosome 7; Chromosome 8; Chromosome 9; Chromosome 10; Chromosome X; Chromosome 11; Chromosome 12; Chromosome 13; Chromosome 14; Chromosome 15; Chromosome 16; Chromosome 17; Chromosome 18; Chromosome 19; Chromosome 20; Chromosome 21; Chromosome 22; Chromosome 23; Chromosome 24; Chromosome 25; Chromosome 26; Chromosome 27; Chromosome 28; Chromosome 29; Chromosome 30; Chromosome 31; Chromosome 32; Chromosome 33; Unassembled WGS sequence	cellular organisms, Eukaryota, Opisthokonta, Metazoa, Eumetazoa, Bilateria, Deuterostomia, Chordata, Craniata, Vertebrata, Gnathostomata, Teleostomi, Euteleostomi, Sarcopterygii, Dipnotetrapodomorpha, Tetrapoda, Amniota, Mammalia, Theria, Eutheria, Boreoeutheria, Laurasiatheria, Artiodactyla, Ruminantia, Pecora, Cervidae, Cervinae, Cervus, Cervus hanglu	GCA_010411085.1	full
UP000663829	Didymodactylos carnosus	1234261	46721	C:82.8%[S:63.6%,D:19.2%],F:4.4%,M:12.8%,n:954	Unknown	Unassembled WGS sequence	cellular organisms, Eukaryota, Opisthokonta, Metazoa, Eumetazoa, Bilateria, Protostomia, Spiralia, Gnathifera, Rotifera, Eurotatoria, Bdelloidea, Philodinida, Philodinidae, Didymodactylos	GCA_905250885.1	full
UP000663832	Adineta steineri	433720	58276	C:88.5%[S:14.8%,D:73.7%],F:2.7%,M:8.8%,n:954	Unknown	Unassembled WGS sequence	cellular organisms, Eukaryota, Opisthokonta, Metazoa, Eumetazoa, Bilateria, Protostomia, Spiralia, Gnathifera, Rotifera, Eurotatoria, Bdelloidea, Adinetida, Adinetidae, Adineta	GCA_905250015.1	full
UP000663866	Rotaria magnacalcarata	392030	50840	C:85.3%[S:69.7%,D:15.6%],F:4.7%,M:10.0%,n:954	Unknown	Unassembled WGS sequence	cellular organisms, Eukaryota, Opisthokonta, Metazoa, Eumetazoa, Bilateria, Protostomia, Spiralia, Gnathifera, Rotifera, Eurotatoria, Bdelloidea, Philodinida, Philodinidae, Rotaria	GCA_905332155.1	full
UP000663870	Rotaria sordida	392033	56912	C:87.0%[S:16.8%,D:70.2%],F:2.9%,M:10.1%,n:954	Unknown	Unassembled WGS sequence	cellular organisms, Eukaryota, Opisthokonta, Metazoa, Eumetazoa, Bilateria, Protostomia, Spiralia, Gnathifera, Rotifera, Eurotatoria, Bdelloidea, Philodinida, Philodinidae, Rotaria	GCA_905250125.1	full
UP000663873	Rotaria socialis	392032	49357	C:83.5%[S:69.5%,D:14.0%],F:6.1%,M:10.4%,n:954	Unknown	Unassembled WGS sequence	cellular organisms, Eukaryota, Opisthokonta, Metazoa, Eumetazoa, Bilateria, Protostomia, Spiralia, Gnathifera, Rotifera, Eurotatoria, Bdelloidea, Philodinida, Philodinidae, Rotaria	GCA_905332245.1	full
UP000663879	Brachionus calyciflorus	104777	24300	C:90.4%[S:87.0%,D:3.4%],F:2.0%,M:7.7%,n:954	Unknown	Unassembled WGS sequence	cellular organisms, Eukaryota, Opisthokonta, Metazoa, Eumetazoa, Bilateria, Protostomia, Spiralia, Gnathifera, Rotifera, Eurotatoria, Monogononta, Pseudotrocha, Ploima, Brachionidae, Brachionus	GCA_905250105.1	full
UP000663880	Pieris macdunnoughi	345717	18615	C:97.7%[S:86.5%,D:11.2%],F:0.5%,M:1.8%,n:5286	Unknown	Unassembled WGS sequence	cellular organisms, Eukaryota, Opisthokonta, Metazoa, Eumetazoa, Bilateria, Protostomia, Ecdysozoa, Panarthropoda, Arthropoda, Mandibulata, Pancrustacea, Hexapoda, Insecta, Dicondylia, Pterygota, Neoptera, Endopterygota, Amphiesmenoptera, Lepidoptera, Glossata, Neolepidoptera, Heteroneura, Ditrysia, Obtectomera, Papilionoidea, Pieridae, Pierinae, Pierini, Pieris	GCA_905332375.1	full
UP000678499	Notodromas monacha	399045	14003	C:82.6%[S:77.3%,D:5.3%],F:4.2%,M:13.1%,n:1013	Unknown	Unassembled WGS sequence	cellular organisms, Eukaryota, Opisthokonta, Metazoa, Eumetazoa, Bilateria, Protostomia, Ecdysozoa, Panarthropoda, Arthropoda, Mandibulata, Pancrustacea, Crustacea, Oligostraca, Ostracoda, Podocopa, Podocopida, Cypridocopina, Cypridoidea, Cyprididae, Notodromas	GCA_905338405.1	full
UP000691718	Parnassius apollo (Apollo butterfly) (Papilio apollo)	110799	29850	C:95.5%[S:85.8%,D:9.8%],F:1.9%,M:2.6%,n:5286	Unknown	Unassembled WGS sequence	cellular organisms, Eukaryota, Opisthokonta, Metazoa, Eumetazoa, Bilateria, Protostomia, Ecdysozoa, Panarthropoda, Arthropoda, Mandibulata, Pancrustacea, Hexapoda, Insecta, Dicondylia, Pterygota, Neoptera, Endopterygota, Amphiesmenoptera, Lepidoptera, Glossata, Neolepidoptera, Heteroneura, Ditrysia, Obtectomera, Papilionoidea, Papilionidae, Parnassiinae, Parnassini, Parnassius, Parnassius	GCA_907164705.1	full
UP000694863	Echinops telfairi (Lesser hedgehog tenrec)	9371	31963	C:70.1%[S:64.7%,D:5.4%],F:1.7%,M:28.2%,n:11366	Unknown	Unplaced; Mitochondrion MT	cellular organisms, Eukaryota, Opisthokonta, Metazoa, Eumetazoa, Bilateria, Deuterostomia, Chordata, Craniata, Vertebrata, Gnathostomata, Teleostomi, Euteleostomi, Sarcopterygii, Dipnotetrapodomorpha, Tetrapoda, Amniota, Mammalia, Theria, Eutheria, Afrotheria, Tenrecidae, Tenrecinae, Echinops	GCF_000313985.2	full
UP000694941	Limulus polyphemus (Atlantic horseshoe crab)	6850	31306	C:93.8%[S:54.5%,D:39.3%],F:4.2%,M:2.0%,n:1013	Unknown	Unplaced; Mitochondrion MT	cellular organisms, Eukaryota, Opisthokonta, Metazoa, Eumetazoa, Bilateria, Protostomia, Ecdysozoa, Panarthropoda, Arthropoda, Chelicerata, Merostomata, Xiphosura, Limulidae, Limulus	GCF_000517525.1	full
UP000695022	Priapulus caudatus (Priapulid worm)	37621	18404	C:89.4%[S:68.0%,D:21.4%],F:5.1%,M:5.5%,n:954	Unknown	Unplaced; Mitochondrion MT	cellular organisms, Eukaryota, Opisthokonta, Metazoa, Eumetazoa, Bilateria, Protostomia, Ecdysozoa, Scalidophora, Priapulida, Priapulimorpha, Priapulimorphida, Priapulidae, Priapulus	GCF_000485595.1	full
UP000708208	Allacma fusca	39272	50569	C:91.9%[S:81.1%,D:10.8%],F:4.7%,M:3.4%,n:1013	Unknown	Unassembled WGS sequence	cellular organisms, Eukaryota, Opisthokonta, Metazoa, Eumetazoa, Bilateria, Protostomia, Ecdysozoa, Panarthropoda, Arthropoda, Mandibulata, Pancrustacea, Hexapoda, Collembola, Symphypleona, Sminthuridae, Allacma	GCA_910591605.1	full
UP000719412	Tenebrio molitor (Yellow mealworm beetle)	7067	15190	C:60.6%[S:57.8%,D:2.8%],F:6.3%,M:33.1%,n:2124	Unknown	Mitochondrion MT; Unassembled WGS sequence	cellular organisms, Eukaryota, Opisthokonta, Metazoa, Eumetazoa, Bilateria, Protostomia, Ecdysozoa, Panarthropoda, Arthropoda, Mandibulata, Pancrustacea, Hexapoda, Insecta, Dicondylia, Pterygota, Neoptera, Endopterygota, Coleoptera, Polyphaga, Cucujiformia, Tenebrionoidea, Tenebrionidae, Tenebrioninae, Tenebrio	GCA_014282415.3	full
UP000727407	Clarias magur (Asian catfish) (Macropteronotus magur)	1594786	23376	C:60.4%[S:58.6%,D:1.8%],F:11.2%,M:28.5%,n:3640	Unknown	Unassembled WGS sequence	cellular organisms, Eukaryota, Opisthokonta, Metazoa, Eumetazoa, Bilateria, Deuterostomia, Chordata, Craniata, Vertebrata, Gnathostomata, Teleostomi, Euteleostomi, Actinopterygii, Actinopteri, Neopterygii, Teleostei, Osteoglossocephalai, Clupeocephala, Otomorpha, Ostariophysi, Otophysi, Characiphysae, Siluriformes, Siluroidei, Clariidae, Clarias	GCA_013621035.1	full
UP000728032	Oppiella nova	334625	23438	C:83.0%[S:73.2%,D:9.8%],F:4.3%,M:12.7%,n:2934	Unknown	Unassembled WGS sequence	cellular organisms, Eukaryota, Opisthokonta, Metazoa, Eumetazoa, Bilateria, Protostomia, Ecdysozoa, Panarthropoda, Arthropoda, Chelicerata, Arachnida, Acari, Acariformes, Sarcoptiformes, Oribatida, Brachypylina, Oppioidea, Oppiidae, Oppiella	GCA_905397405.1	full
UP000728185	Fasciolopsis buskii	27845	11809	C:57.5%[S:57.0%,D:0.5%],F:14.7%,M:27.8%,n:954	Unknown	Unassembled WGS sequence	cellular organisms, Eukaryota, Opisthokonta, Metazoa, Eumetazoa, Bilateria, Protostomia, Spiralia, Lophotrochozoa, Platyhelminthes, Trematoda, Digenea, Plagiorchiida, Echinostomata, Echinostomatoidea, Fasciolidae, Fasciolopsis	GCA_008360955.1	full
UP000729913	Cotesia typhae	2053667	8420	C:59.0%[S:58.6%,D:0.4%],F:6.7%,M:34.3%,n:5991	Unknown	Unassembled WGS sequence	cellular organisms, Eukaryota, Opisthokonta, Metazoa, Eumetazoa, Bilateria, Protostomia, Ecdysozoa, Panarthropoda, Arthropoda, Mandibulata, Pancrustacea, Hexapoda, Insecta, Dicondylia, Pterygota, Neoptera, Endopterygota, Hymenoptera, Apocrita, Ichneumonoidea, Braconidae, Microgastrinae, Cotesia	GCA_013202065.2	full
UP000735302	Plakobranchus ocellatus	259542	77140	C:82.6%[S:81.2%,D:1.4%],F:5.0%,M:12.4%,n:5295	Unknown	Unassembled WGS sequence	cellular organisms, Eukaryota, Opisthokonta, Metazoa, Eumetazoa, Bilateria, Protostomia, Spiralia, Lophotrochozoa, Mollusca, Gastropoda, Heterobranchia, Euthyneura, Panpulmonata, Sacoglossa, Placobranchoidea, Plakobranchidae, Plakobranchus	GCA_019648995.1	full
UP000747542	Homarus americanus (American lobster)	6706	24351	C:85.3%[S:83.7%,D:1.6%],F:6.0%,M:8.7%,n:1013	Unknown	Unassembled WGS sequence	cellular organisms, Eukaryota, Opisthokonta, Metazoa, Eumetazoa, Bilateria, Protostomia, Ecdysozoa, Panarthropoda, Arthropoda, Mandibulata, Pancrustacea, Crustacea, Multicrustacea, Malacostraca, Eumalacostraca, Eucarida, Decapoda, Pleocyemata, Astacidea, Nephropoidea, Nephropidae, Homarus	GCA_018991925.1	full
UP000748531	Paragonimus heterotremus	100268	12468	C:65.7%[S:65.0%,D:0.7%],F:9.2%,M:25.1%,n:954	Unknown	Unassembled WGS sequence	cellular organisms, Eukaryota, Opisthokonta, Metazoa, Eumetazoa, Bilateria, Protostomia, Spiralia, Lophotrochozoa, Platyhelminthes, Trematoda, Digenea, Plagiorchiida, Troglotremata, Troglotrematidae, Paragonimus	GCA_013368495.1	full
UP000759131	Medioppia subpectinata	1979941	23182	C:82.8%[S:73.1%,D:9.7%],F:3.6%,M:13.5%,n:2934	Unknown	Unassembled WGS sequence	cellular organisms, Eukaryota, Opisthokonta, Metazoa, Eumetazoa, Bilateria, Protostomia, Ecdysozoa, Panarthropoda, Arthropoda, Chelicerata, Arachnida, Acari, Acariformes, Sarcoptiformes, Oribatida, Brachypylina, Oppioidea, Oppiidae, Medioppia	GCA_905368565.1	full
UP000762676	Elysia marginata	1093978	70727	C:73.4%[S:72.5%,D:0.9%],F:6.8%,M:19.8%,n:5295	Unknown	Unassembled WGS sequence	cellular organisms, Eukaryota, Opisthokonta, Metazoa, Eumetazoa, Bilateria, Protostomia, Spiralia, Lophotrochozoa, Mollusca, Gastropoda, Heterobranchia, Euthyneura, Panpulmonata, Sacoglossa, Placobranchoidea, Plakobranchidae, Elysia	GCA_019649035.1	full
UP000770661	Chionoecetes opilio (Atlantic snow crab) (Cancer opilio)	41210	22426	C:62.9%[S:59.9%,D:3.0%],F:12.3%,M:24.8%,n:1013	Unknown	Unassembled WGS sequence	cellular organisms, Eukaryota, Opisthokonta, Metazoa, Eumetazoa, Bilateria, Protostomia, Ecdysozoa, Panarthropoda, Arthropoda, Mandibulata, Pancrustacea, Crustacea, Multicrustacea, Malacostraca, Eumalacostraca, Eucarida, Decapoda, Pleocyemata, Brachyura, Eubrachyura, Heterotremata, Majoidea, Majidae, Chionoecetes	GCA_016584305.1	full
UP000784294	Protopolystoma xenopodis	117903	37827	C:20.6%[S:19.5%,D:1.2%],F:22.1%,M:57.2%,n:954	Unknown	Unassembled WGS sequence	cellular organisms, Eukaryota, Opisthokonta, Metazoa, Eumetazoa, Bilateria, Protostomia, Spiralia, Lophotrochozoa, Platyhelminthes, Monogenea, Polyopisthocotylea, Polystomatidea, Polystomatidae, Protopolystoma	GCA_900617795.1	full
UP000786811	Cotesia congregata (Parasitoid wasp) (Apanteles congregatus)	51543	13934	C:80.8%[S:79.9%,D:0.9%],F:5.3%,M:13.8%,n:5991	Unknown	Unassembled WGS sequence	cellular organisms, Eukaryota, Opisthokonta, Metazoa, Eumetazoa, Bilateria, Protostomia, Ecdysozoa, Panarthropoda, Arthropoda, Mandibulata, Pancrustacea, Hexapoda, Insecta, Dicondylia, Pterygota, Neoptera, Endopterygota, Hymenoptera, Apocrita, Ichneumonoidea, Braconidae, Microgastrinae, Cotesia	GCA_905319865.3	full
UP000790347	Dermatophagoides farinae (American house dust mite)	6954	16377	C:94.9%[S:86.7%,D:8.1%],F:0.9%,M:4.2%,n:2934	Unknown	Unassembled WGS sequence	cellular organisms, Eukaryota, Opisthokonta, Metazoa, Eumetazoa, Bilateria, Protostomia, Ecdysozoa, Panarthropoda, Arthropoda, Chelicerata, Arachnida, Acari, Acariformes, Sarcoptiformes, Astigmata, Psoroptidia, Analgoidea, Pyroglyphidae, Dermatophagoidinae, Dermatophagoides	GCA_000767015.2	full
UP000793456	Larimichthys crocea (Large yellow croaker) (Pseudosciaena crocea)	215358	22145	C:68.8%[S:64.1%,D:4.7%],F:11.6%,M:19.5%,n:3640	Unknown	Chromosome I; Chromosome II; Chromosome III; Chromosome IV; Chromosome V; Chromosome VI; Chromosome VII; Chromosome VIII; Chromosome IX; Chromosome X; Chromosome XI; Chromosome XII; Chromosome XIII; Chromosome XIV; Chromosome XV; Chromosome XVI; Chromosome XVII; Chromosome XVIII; Chromosome XIX; Chromosome XX; Chromosome XXI; Chromosome XXII; Chromosome XXIII; Chromosome XXIV; Unassembled WGS sequence	cellular organisms, Eukaryota, Opisthokonta, Metazoa, Eumetazoa, Bilateria, Deuterostomia, Chordata, Craniata, Vertebrata, Gnathostomata, Teleostomi, Euteleostomi, Actinopterygii, Actinopteri, Neopterygii, Teleostei, Osteoglossocephalai, Clupeocephala, Euteleosteomorpha, Neoteleostei, Eurypterygia, Ctenosquamata, Acanthomorphata, Euacanthomorphacea, Percomorphaceae, Eupercaria, Eupercaria incertae sedis, Sciaenidae, Larimichthys	GCA_003845795.1	full
UP000801492	Ignelater luminosus (Cucubano) (Pyrophorus luminosus)	2038154	27488	C:92.6%[S:90.3%,D:2.3%],F:3.4%,M:4.0%,n:2124	Unknown	Unassembled WGS sequence	cellular organisms, Eukaryota, Opisthokonta, Metazoa, Eumetazoa, Bilateria, Protostomia, Ecdysozoa, Panarthropoda, Arthropoda, Mandibulata, Pancrustacea, Hexapoda, Insecta, Dicondylia, Pterygota, Neoptera, Endopterygota, Coleoptera, Polyphaga, Elateriformia, Elateroidea, Elateridae, Agrypninae, Pyrophorini, Ignelater	GCA_011009095.1	full
UP000805193	Ixodes persulcatus (Taiga tick)	34615	28396	C:0.0%[S:0.0%,D:0.0%],F:0.0%,M:100.0%,n:2934	Unknown	Mitochondrion MT; Unassembled WGS sequence	cellular organisms, Eukaryota, Opisthokonta, Metazoa, Eumetazoa, Bilateria, Protostomia, Ecdysozoa, Panarthropoda, Arthropoda, Chelicerata, Arachnida, Acari, Parasitiformes, Ixodida, Ixodoidea, Ixodidae, Ixodinae, Ixodes	GCA_013358835.2	full
UP000805704	Nibea albiflora (Yellow drum) (Corvina albiflora)	240163	15319	C:56.8%[S:55.5%,D:1.2%],F:6.1%,M:37.1%,n:3640	Unknown	Chromosome 1; Chromosome 2; Chromosome 3; Chromosome 4; Chromosome 5; Chromosome 6; Chromosome 7; Chromosome 8; Chromosome 9; Chromosome 10; Chromosome 11; Chromosome 12; Chromosome 13; Chromosome 14; Chromosome 15; Chromosome 16; Chromosome 17; Chromosome 18; Chromosome 19; Chromosome 20; Chromosome 21; Chromosome 22; Chromosome 23; Chromosome 24; Unassembled WGS sequence	cellular organisms, Eukaryota, Opisthokonta, Metazoa, Eumetazoa, Bilateria, Deuterostomia, Chordata, Craniata, Vertebrata, Gnathostomata, Teleostomi, Euteleostomi, Actinopterygii, Actinopteri, Neopterygii, Teleostei, Osteoglossocephalai, Clupeocephala, Euteleosteomorpha, Neoteleostei, Eurypterygia, Ctenosquamata, Acanthomorphata, Euacanthomorphacea, Percomorphaceae, Eupercaria, Eupercaria incertae sedis, Sciaenidae, Nibea	GCA_014281875.1	full
UP000807504	Argiope bruennichi (Wasp spider) (Aranea bruennichi)	94029	26272	C:90.2%[S:74.5%,D:15.7%],F:2.9%,M:6.9%,n:2934	Unknown	Chromosome 1; Chromosome 2; Chromosome 3; Chromosome 4; Chromosome 5; Chromosome 6; Chromosome 7; Chromosome 8; Chromosome 9; Chromosome 10; Chromosome 11; Chromosome 12; Chromosome 13; Unassembled WGS sequence	cellular organisms, Eukaryota, Opisthokonta, Metazoa, Eumetazoa, Bilateria, Protostomia, Ecdysozoa, Panarthropoda, Arthropoda, Chelicerata, Arachnida, Araneae, Araneomorphae, Entelegynae, Orbiculariae, Araneoidea, Araneidae, Argiope	GCA_015342795.1	full
UP000809102	Ovis aries (Sheep)	9940	722	C:97.4%[S:39.7%,D:57.8%],F:0.5%,M:2.1%,n:13335	Unknown	Chromosome 1; Chromosome 2; Chromosome 3; Chromosome 4; Chromosome 5; Chromosome 6; Chromosome 7; Chromosome 8; Chromosome 9; Chromosome 10; Chromosome X; Chromosome 11; Chromosome 12; Chromosome 13; Chromosome 14; Chromosome 15; Chromosome 16; Chromosome 17; Chromosome 18; Chromosome 19; Chromosome 20; Chromosome 21; Chromosome 22; Chromosome 23; Chromosome 24; Chromosome 25; Chromosome Y; Chromosome 26; Mitochondrion MT; Unassembled WGS sequence; Unplaced	cellular organisms, Eukaryota, Opisthokonta, Metazoa, Eumetazoa, Bilateria, Deuterostomia, Chordata, Craniata, Vertebrata, Gnathostomata, Teleostomi, Euteleostomi, Sarcopterygii, Dipnotetrapodomorpha, Tetrapoda, Amniota, Mammalia, Theria, Eutheria, Boreoeutheria, Laurasiatheria, Artiodactyla, Ruminantia, Pecora, Bovidae, Caprinae, Ovis	GCA_016772045.2	full
UP000820818	Daphnia sinensis	1820382	16523	C:97.2%[S:94.7%,D:2.6%],F:0.8%,M:2.0%,n:1013	Unknown	Linkage Group LG1; Linkage Group LG10; Linkage Group LG2; Linkage Group LG3; Linkage Group LG4; Linkage Group LG5; Linkage Group LG6; Linkage Group LG7; Linkage Group LG8; Linkage Group LG9; Unassembled WGS sequence	cellular organisms, Eukaryota, Opisthokonta, Metazoa, Eumetazoa, Bilateria, Protostomia, Ecdysozoa, Panarthropoda, Arthropoda, Mandibulata, Pancrustacea, Crustacea, Branchiopoda, Phyllopoda, Diplostraca, Cladocera, Anomopoda, Daphniidae, Daphnia, Daphnia similis group	GCA_013167095.2	full
UP000821837	Rhipicephalus sanguineus (Brown dog tick) (Ixodes sanguineus)	34632	25506	C:60.4%[S:56.7%,D:3.7%],F:5.0%,M:34.6%,n:2934	Unknown	Chromosome 1; Chromosome 2; Chromosome 3; Chromosome 4; Chromosome 5; Chromosome 6; Chromosome 7; Chromosome 8; Chromosome 9; Chromosome 10; Chromosome 11; Mitochondrion MT; Unassembled WGS sequence	cellular organisms, Eukaryota, Opisthokonta, Metazoa, Eumetazoa, Bilateria, Protostomia, Ecdysozoa, Panarthropoda, Arthropoda, Chelicerata, Arachnida, Acari, Parasitiformes, Ixodida, Ixodoidea, Ixodidae, Rhipicephalinae, Rhipicephalus, Rhipicephalus, Rhipicephalus sanguineus group	GCA_013339695.2	full
UP000821845	Hyalomma asiaticum (Tick)	266040	27599	C:64.6%[S:62.3%,D:2.2%],F:4.1%,M:31.4%,n:2934	Unknown	Chromosome 1; Chromosome 2; Chromosome 3; Chromosome 4; Chromosome 5; Chromosome 6; Chromosome 7; Chromosome 8; Chromosome 9; Chromosome 10; Chromosome 11; Mitochondrion MT; Unassembled WGS sequence	cellular organisms, Eukaryota, Opisthokonta, Metazoa, Eumetazoa, Bilateria, Protostomia, Ecdysozoa, Panarthropoda, Arthropoda, Chelicerata, Arachnida, Acari, Parasitiformes, Ixodida, Ixodoidea, Ixodidae, Hyalomminae, Hyalomma	GCA_013339685.2	full
UP000821865	Dermacentor silvarum (Tick)	543639	25660	C:61.5%[S:58.4%,D:3.1%],F:3.6%,M:34.9%,n:2934	Unknown	Chromosome 1; Chromosome 2; Chromosome 3; Chromosome 4; Chromosome 5; Chromosome 6; Chromosome 7; Chromosome 8; Chromosome 9; Chromosome 10; Chromosome 11; Mitochondrion MT; Unassembled WGS sequence	cellular organisms, Eukaryota, Opisthokonta, Metazoa, Eumetazoa, Bilateria, Protostomia, Ecdysozoa, Panarthropoda, Arthropoda, Chelicerata, Arachnida, Acari, Parasitiformes, Ixodida, Ixodoidea, Ixodidae, Rhipicephalinae, Dermacentor	GCA_013339745.2	full
UP000821866	Rhipicephalus microplus (Cattle tick) (Boophilus microplus)	6941	29322	C:55.4%[S:52.9%,D:2.5%],F:7.0%,M:37.7%,n:2934	Unknown	Chromosome 1; Chromosome 2; Chromosome 3; Chromosome 4; Chromosome 5; Chromosome 6; Chromosome 7; Chromosome 8; Chromosome 9; Chromosome 10; Chromosome 11; Mitochondrion MT; Unassembled WGS sequence	cellular organisms, Eukaryota, Opisthokonta, Metazoa, Eumetazoa, Bilateria, Protostomia, Ecdysozoa, Panarthropoda, Arthropoda, Chelicerata, Arachnida, Acari, Parasitiformes, Ixodida, Ixodoidea, Ixodidae, Rhipicephalinae, Rhipicephalus, Boophilus	GCA_013339725.1	full
UP000822476	Paragonimus skrjabini miyazakii	59628	12629	C:68.1%[S:67.2%,D:0.9%],F:8.2%,M:23.7%,n:954	Unknown	Unassembled WGS sequence	cellular organisms, Eukaryota, Opisthokonta, Metazoa, Eumetazoa, Bilateria, Protostomia, Spiralia, Lophotrochozoa, Platyhelminthes, Trematoda, Digenea, Plagiorchiida, Troglotremata, Troglotrematidae, Paragonimus	GCA_014338405.1	full
UP000823941	Plutella xylostella (Diamondback moth) (Plutella maculipennis)	51655	18670	C:94.7%[S:91.2%,D:3.5%],F:1.6%,M:3.7%,n:5286	Unknown	Chromosome 1; Chromosome 2; Chromosome 3; Chromosome 4; Chromosome 5; Chromosome 6; Chromosome 7; Chromosome 8; Chromosome 9; Chromosome 10; Chromosome 11; Chromosome 12; Chromosome 13; Chromosome 14; Chromosome 15; Chromosome 16; Chromosome 17; Chromosome 18; Chromosome 19; Chromosome 20; Chromosome 21; Chromosome 22; Chromosome 23; Chromosome 24; Chromosome 25; Chromosome 26; Chromosome 27; Chromosome 28; Chromosome 29; Chromosome 30; Chromosome 31; Unassembled WGS sequence	cellular organisms, Eukaryota, Opisthokonta, Metazoa, Eumetazoa, Bilateria, Protostomia, Ecdysozoa, Panarthropoda, Arthropoda, Mandibulata, Pancrustacea, Hexapoda, Insecta, Dicondylia, Pterygota, Neoptera, Endopterygota, Amphiesmenoptera, Lepidoptera, Glossata, Neolepidoptera, Heteroneura, Ditrysia, Yponomeutoidea, Plutellidae, Plutella	GCA_019096205.1	full
UP000824380	Venturia canescens	32260	82	C:0.0%[S:0.0%,D:0.0%],F:0.0%,M:100.0%,n:5991	Unknown	Chromosome 1; Chromosome 2; Chromosome 3; Chromosome 4; Chromosome 5; Chromosome 6; Chromosome 7; Chromosome 8; Chromosome 9; Chromosome 10; Chromosome 11; Unassembled WGS sequence	cellular organisms, Eukaryota, Opisthokonta, Metazoa, Eumetazoa, Bilateria, Protostomia, Ecdysozoa, Panarthropoda, Arthropoda, Mandibulata, Pancrustacea, Hexapoda, Insecta, Dicondylia, Pterygota, Neoptera, Endopterygota, Hymenoptera, Apocrita, Ichneumonoidea, Ichneumonidae, Campopleginae, Dusona group, Venturia	GCA_019457755.1	full
UP000824533	Dendrolimus kikuchii	765133	14704	C:95.2%[S:94.7%,D:0.5%],F:0.5%,M:4.3%,n:5286	Unknown	Linkage Group LG01; Linkage Group LG02; Linkage Group LG03; Linkage Group LG04; Linkage Group LG05; Linkage Group LG06; Linkage Group LG07; Linkage Group LG08; Linkage Group LG09; Linkage Group LG10; Linkage Group LG11; Linkage Group LG12; Linkage Group LG13; Linkage Group LG14; Linkage Group LG15; Linkage Group LG16; Linkage Group LG17; Linkage Group LG18; Linkage Group LG19; Linkage Group LG20; Linkage Group LG21; Linkage Group LG22; Linkage Group LG23; Linkage Group LG24; Linkage Group LG25; Linkage Group LG26; Linkage Group LG27; Linkage Group LG28; Linkage Group LG29	cellular organisms, Eukaryota, Opisthokonta, Metazoa, Eumetazoa, Bilateria, Protostomia, Ecdysozoa, Panarthropoda, Arthropoda, Mandibulata, Pancrustacea, Hexapoda, Insecta, Dicondylia, Pterygota, Neoptera, Endopterygota, Amphiesmenoptera, Lepidoptera, Glossata, Neolepidoptera, Heteroneura, Ditrysia, Obtectomera, Bombycoidea, Lasiocampidae, Lasiocampinae, Dendrolimus	GCA_019925095.2	full
UP000826195	Cotesia glomerata (Lepidopteran parasitic wasp) (Apanteles glomeratus)	32391	19150	C:86.4%[S:85.5%,D:0.8%],F:4.6%,M:9.0%,n:5991	Unknown	Linkage Group LG1; Linkage Group LG10; Linkage Group LG2; Linkage Group LG3; Linkage Group LG4; Linkage Group LG5; Linkage Group LG6; Linkage Group LG7; Linkage Group LG8; Linkage Group LG9; Unassembled WGS sequence	cellular organisms, Eukaryota, Opisthokonta, Metazoa, Eumetazoa, Bilateria, Protostomia, Ecdysozoa, Panarthropoda, Arthropoda, Mandibulata, Pancrustacea, Hexapoda, Insecta, Dicondylia, Pterygota, Neoptera, Endopterygota, Hymenoptera, Apocrita, Ichneumonoidea, Braconidae, Microgastrinae, Cotesia	GCA_020080835.1	full
UP000827092	Oedothorax gibbosus	931172	31999	C:95.2%[S:78.6%,D:16.6%],F:1.1%,M:3.7%,n:2934	Unknown	Linkage Group LG01; Linkage Group LG02; Linkage Group LG03; Linkage Group LG04; Linkage Group LG05; Linkage Group LG06; Linkage Group LG07; Linkage Group LG08; Linkage Group LG09; Linkage Group LG10; Linkage Group LG11; Linkage Group LGX1; Linkage Group LGX2; Unassembled WGS sequence	cellular organisms, Eukaryota, Opisthokonta, Metazoa, Eumetazoa, Bilateria, Protostomia, Ecdysozoa, Panarthropoda, Arthropoda, Chelicerata, Arachnida, Araneae, Araneomorphae, Entelegynae, Orbiculariae, Araneoidea, Linyphiidae, Erigoninae, Oedothorax	GCA_019343175.1	full
UP000827872	Sphaerodactylus townsendi	933632	28225	C:60.7%[S:59.7%,D:1.0%],F:14.9%,M:24.3%,n:7480	Unknown	Linkage Group LG01; Linkage Group LG02; Linkage Group LG03; Linkage Group LG04; Linkage Group LG05; Linkage Group LG06; Linkage Group LG07; Linkage Group LG08; Linkage Group LG09; Linkage Group LG10; Linkage Group LG11; Linkage Group LG12; Linkage Group LG13; Linkage Group LG14; Linkage Group LG15; Linkage Group LG16; Linkage Group LG17	cellular organisms, Eukaryota, Opisthokonta, Metazoa, Eumetazoa, Bilateria, Deuterostomia, Chordata, Craniata, Vertebrata, Gnathostomata, Teleostomi, Euteleostomi, Sarcopterygii, Dipnotetrapodomorpha, Tetrapoda, Amniota, Sauropsida, Sauria, Lepidosauria, Squamata, Bifurcata, Gekkota, Sphaerodactylidae, Sphaerodactylus	GCA_021028975.2	full
UP000828390	Dreissena polymorpha (Zebra mussel) (Mytilus polymorpha)	45954	181328	C:75.5%[S:64.9%,D:10.6%],F:3.3%,M:21.2%,n:5295	Unknown	Chromosome 1; Chromosome 2; Chromosome 3; Chromosome 4; Chromosome 5; Chromosome 6; Chromosome 7; Chromosome 8; Chromosome 9; Chromosome 10; Chromosome 11; Chromosome 12; Chromosome 13; Chromosome 14; Chromosome 15; Chromosome 16; Mitochondrion MT; Unassembled WGS sequence	cellular organisms, Eukaryota, Opisthokonta, Metazoa, Eumetazoa, Bilateria, Protostomia, Spiralia, Lophotrochozoa, Mollusca, Bivalvia, Autobranchia, Heteroconchia, Euheterodonta, Imparidentia, Neoheterodontei, Myida, Dreissenoidea, Dreissenidae, Dreissena	GCA_020536995.1	full
UP000829447	Pangasianodon gigas (Mekong giant catfish) (Pangasius gigas)	30993	21988	C:92.0%[S:90.4%,D:1.5%],F:2.1%,M:5.9%,n:3640	Unknown	Linkage Group LG1; Linkage Group LG10; Linkage Group LG11; Linkage Group LG12; Linkage Group LG13; Linkage Group LG14; Linkage Group LG15; Linkage Group LG16; Linkage Group LG17; Linkage Group LG18; Linkage Group LG19; Linkage Group LG2; Linkage Group LG20; Linkage Group LG21; Linkage Group LG22; Linkage Group LG23; Linkage Group LG24; Linkage Group LG25; Linkage Group LG26; Linkage Group LG27; Linkage Group LG28; Linkage Group LG29; Linkage Group LG3; Linkage Group LG30; Linkage Group LG4; Linkage Group LG5; Linkage Group LG6; Linkage Group LG7; Linkage Group LG8; Linkage Group LG9	cellular organisms, Eukaryota, Opisthokonta, Metazoa, Eumetazoa, Bilateria, Deuterostomia, Chordata, Craniata, Vertebrata, Gnathostomata, Teleostomi, Euteleostomi, Actinopterygii, Actinopteri, Neopterygii, Teleostei, Osteoglossocephalai, Clupeocephala, Otomorpha, Ostariophysi, Otophysi, Characiphysae, Siluriformes, Siluroidei, Pangasiidae, Pangasianodon	GCA_022758105.1	full
UP000830375	Labeo rohita (Indian major carp) (Cyprinus rohita)	84645	25337	C:69.3%[S:67.6%,D:1.7%],F:4.0%,M:26.6%,n:3640	Unknown	Chromosome 1; Chromosome 2; Chromosome 3; Chromosome 4; Chromosome 5; Chromosome 6; Chromosome 7; Chromosome 8; Chromosome 9; Chromosome 10; Chromosome 11; Chromosome 12; Chromosome 13; Chromosome 14; Chromosome 15; Chromosome 16; Chromosome 17; Chromosome 18; Chromosome 19; Chromosome 20; Chromosome 21; Chromosome 22; Chromosome 23; Chromosome 24; Chromosome 25; Unassembled WGS sequence	cellular organisms, Eukaryota, Opisthokonta, Metazoa, Eumetazoa, Bilateria, Deuterostomia, Chordata, Craniata, Vertebrata, Gnathostomata, Teleostomi, Euteleostomi, Actinopterygii, Actinopteri, Neopterygii, Teleostei, Osteoglossocephalai, Clupeocephala, Otomorpha, Ostariophysi, Otophysi, Cypriniphysae, Cypriniformes, Cyprinoidei, Cyprinidae, Labeoninae, Labeonini, Labeo	GCA_022985175.1	full
UP000830395	Pangasius djambal	1691987	22046	C:89.8%[S:88.3%,D:1.4%],F:3.2%,M:7.0%,n:3640	Unknown	Chromosome 1; Chromosome 2; Chromosome 3; Chromosome 4; Chromosome 5; Chromosome 6; Chromosome 7; Chromosome 8; Chromosome 9; Chromosome 10; Chromosome 11; Chromosome 12; Chromosome 13; Chromosome 14; Chromosome 15; Chromosome 16; Chromosome 17; Chromosome 18; Chromosome 19; Chromosome 20; Chromosome 21; Chromosome 22; Chromosome 23; Chromosome 24; Chromosome 25; Chromosome 26; Chromosome 27; Chromosome 28; Chromosome 29; Chromosome 30	cellular organisms, Eukaryota, Opisthokonta, Metazoa, Eumetazoa, Bilateria, Deuterostomia, Chordata, Craniata, Vertebrata, Gnathostomata, Teleostomi, Euteleostomi, Actinopterygii, Actinopteri, Neopterygii, Teleostei, Osteoglossocephalai, Clupeocephala, Otomorpha, Ostariophysi, Otophysi, Characiphysae, Siluriformes, Siluroidei, Pangasiidae, Pangasius	GCA_022985145.1	full
UP000831701	Scortum barcoo (barcoo grunter)	214431	26905	C:86.1%[S:84.6%,D:1.5%],F:4.3%,M:9.6%,n:3640	Unknown	Chromosome 1; Chromosome 2; Chromosome 3; Chromosome 4; Chromosome 5; Chromosome 6; Chromosome 7; Chromosome 8; Chromosome 9; Chromosome 10; Chromosome 11; Chromosome 12; Chromosome 14; Chromosome 13; Chromosome 15; Chromosome 16; Chromosome 17; Chromosome 18; Chromosome 19; Chromosome 20; Chromosome 21; Chromosome 22; Chromosome 23; Chromosome 24	cellular organisms, Eukaryota, Opisthokonta, Metazoa, Eumetazoa, Bilateria, Deuterostomia, Chordata, Craniata, Vertebrata, Gnathostomata, Teleostomi, Euteleostomi, Actinopterygii, Actinopteri, Neopterygii, Teleostei, Osteoglossocephalai, Clupeocephala, Euteleosteomorpha, Neoteleostei, Eurypterygia, Ctenosquamata, Acanthomorphata, Euacanthomorphacea, Percomorphaceae, Eupercaria, Centrarchiformes, Terapontoidei, Terapontidae, Scortum	GCA_023238725.1	full
UP000835052	Caenorhabditis auriculariae	2777116	16237	C:90.8%[S:89.8%,D:1.0%],F:1.9%,M:7.3%,n:3131	Unknown	Unassembled WGS sequence	cellular organisms, Eukaryota, Opisthokonta, Metazoa, Eumetazoa, Bilateria, Protostomia, Ecdysozoa, Nematoda, Chromadorea, Rhabditida, Rhabditina, Rhabditomorpha, Rhabditoidea, Rhabditidae, Peloderinae, Caenorhabditis	GCA_904845305.1	full
UP000837675	Hyalomma marginatum	34627	1152	C:2.7%[S:2.6%,D:0.0%],F:0.0%,M:97.3%,n:2934	Unknown	Unassembled WGS sequence	cellular organisms, Eukaryota, Opisthokonta, Metazoa, Eumetazoa, Bilateria, Protostomia, Ecdysozoa, Panarthropoda, Arthropoda, Chelicerata, Arachnida, Acari, Parasitiformes, Ixodida, Ixodoidea, Ixodidae, Hyalomminae, Hyalomma	GCA_910592865.1	partial
UP000837857	Iphiclides podalirius (scarce swallowtail)	110791	20151	C:0.1%[S:0.1%,D:0.0%],F:0.1%,M:99.9%,n:5286	Unknown	Chromosome 1; Chromosome 2; Chromosome 3; Chromosome 4; Chromosome 5; Chromosome 6; Chromosome 7; Chromosome 8; Chromosome 9; Chromosome 10; Chromosome 11; Chromosome 12; Chromosome 13; Chromosome 14; Chromosome 15; Chromosome 16; Chromosome 17; Chromosome 18; Chromosome 19; Chromosome 20; Chromosome 21; Chromosome 22; Chromosome 23; Chromosome 24; Chromosome 25; Chromosome 26; Chromosome 27; Chromosome 28; Chromosome 29; Chromosome 30; Unassembled WGS sequence	cellular organisms, Eukaryota, Opisthokonta, Metazoa, Eumetazoa, Bilateria, Protostomia, Ecdysozoa, Panarthropoda, Arthropoda, Mandibulata, Pancrustacea, Hexapoda, Insecta, Dicondylia, Pterygota, Neoptera, Endopterygota, Amphiesmenoptera, Lepidoptera, Glossata, Neolepidoptera, Heteroneura, Ditrysia, Obtectomera, Papilionoidea, Papilionidae, Papilioninae, Leptocircini, Iphiclides	GCA_933534255.1	full
UP000838756	Pararge aegeria aegeria	348720	28746	C:87.5%[S:81.1%,D:6.4%],F:6.3%,M:6.1%,n:5286	Unknown	Unassembled WGS sequence	cellular organisms, Eukaryota, Opisthokonta, Metazoa, Eumetazoa, Bilateria, Protostomia, Ecdysozoa, Panarthropoda, Arthropoda, Mandibulata, Pancrustacea, Hexapoda, Insecta, Dicondylia, Pterygota, Neoptera, Endopterygota, Amphiesmenoptera, Lepidoptera, Glossata, Neolepidoptera, Heteroneura, Ditrysia, Obtectomera, Papilionoidea, Nymphalidae, Satyrinae, Satyrini, Parargina, Pararge, Pararge aegeria	GCA_934870175.1	full
UP000886998	Trichonephila inaurata madagascariensis	2747483	50567	C:94.2%[S:78.1%,D:16.1%],F:1.8%,M:3.9%,n:2934	Unknown	Unassembled WGS sequence	cellular organisms, Eukaryota, Opisthokonta, Metazoa, Eumetazoa, Bilateria, Protostomia, Ecdysozoa, Panarthropoda, Arthropoda, Chelicerata, Arachnida, Araneae, Araneomorphae, Entelegynae, Orbiculariae, Araneoidea, Nephilidae, Trichonephila, Trichonephila inaurata	GCA_019973955.1	full
UP000887013	Nephila pilipes (Giant wood spider) (Nephila maculata)	299642	67428	C:96.6%[S:78.7%,D:17.9%],F:1.3%,M:2.1%,n:2934	Unknown	Unassembled WGS sequence	cellular organisms, Eukaryota, Opisthokonta, Metazoa, Eumetazoa, Bilateria, Protostomia, Ecdysozoa, Panarthropoda, Arthropoda, Chelicerata, Arachnida, Araneae, Araneomorphae, Entelegynae, Orbiculariae, Araneoidea, Nephilidae, Nephila	GCA_019974015.1	full
UP000887116	Trichonephila clavata (Joro spider) (Nephila clavata)	2740835	66371	C:96.0%[S:80.3%,D:15.7%],F:1.5%,M:2.5%,n:2934	Unknown	Unassembled WGS sequence	cellular organisms, Eukaryota, Opisthokonta, Metazoa, Eumetazoa, Bilateria, Protostomia, Ecdysozoa, Panarthropoda, Arthropoda, Chelicerata, Arachnida, Araneae, Araneomorphae, Entelegynae, Orbiculariae, Araneoidea, Nephilidae, Trichonephila	GCA_019973975.1	full
UP000887159	Trichonephila clavipes (Golden silk orbweaver) (Nephila clavipes)	2585209	50497	C:10.0%[S:8.4%,D:1.5%],F:0.7%,M:89.3%,n:2934	Unknown	Unassembled WGS sequence	cellular organisms, Eukaryota, Opisthokonta, Metazoa, Eumetazoa, Bilateria, Protostomia, Ecdysozoa, Panarthropoda, Arthropoda, Chelicerata, Arachnida, Araneae, Araneomorphae, Entelegynae, Orbiculariae, Araneoidea, Nephilidae, Trichonephila	GCA_019973935.1	full
UP000887458	Dermatophagoides pteronyssinus (European house dust mite)	6956	14675	C:92.7%[S:88.0%,D:4.7%],F:0.4%,M:6.8%,n:2934	Unknown	Unassembled WGS sequence	cellular organisms, Eukaryota, Opisthokonta, Metazoa, Eumetazoa, Bilateria, Protostomia, Ecdysozoa, Panarthropoda, Arthropoda, Chelicerata, Arachnida, Acari, Acariformes, Sarcoptiformes, Astigmata, Psoroptidia, Analgoidea, Pyroglyphidae, Dermatophagoidinae, Dermatophagoides	GCA_003076615.3	full
UP000887562	Echinococcus canadensis	519352	1306	C:13.1%[S:13.1%,D:0.0%],F:1.4%,M:85.5%,n:954	Unknown	Unplaced	cellular organisms, Eukaryota, Opisthokonta, Metazoa, Eumetazoa, Bilateria, Protostomia, Spiralia, Lophotrochozoa, Platyhelminthes, Cestoda, Eucestoda, Cyclophyllidea, Taeniidae, Echinococcus, Echinococcus canadensis group	GCA_900004735.1	partial
UP000887564	Parascaris equorum (Equine roundworm)	6256	14468	C:9.6%[S:9.5%,D:0.1%],F:4.8%,M:85.7%,n:3131	Unknown	Unplaced	cellular organisms, Eukaryota, Opisthokonta, Metazoa, Eumetazoa, Bilateria, Protostomia, Ecdysozoa, Nematoda, Chromadorea, Rhabditida, Spirurina, Ascaridomorpha, Ascaridoidea, Ascarididae, Parascaris	GCA_000951375.1	full
UP000887565	Romanomermis culicivorax (Nematode worm)	13658	48309	C:39.6%[S:38.2%,D:1.4%],F:4.4%,M:56.0%,n:3131	Unknown	Unplaced	cellular organisms, Eukaryota, Opisthokonta, Metazoa, Eumetazoa, Bilateria, Protostomia, Ecdysozoa, Nematoda, Enoplea, Dorylaimia, Mermithida, Mermithoidea, Mermithidae, Romanomermis	GCA_001039655.1	full
UP000887574	Ditylenchus dipsaci	166011	27614	C:54.0%[S:46.2%,D:7.8%],F:4.2%,M:41.7%,n:3131	Unknown	Unplaced	cellular organisms, Eukaryota, Opisthokonta, Metazoa, Eumetazoa, Bilateria, Protostomia, Ecdysozoa, Nematoda, Chromadorea, Rhabditida, Tylenchina, Tylenchomorpha, Sphaerularioidea, Anguinidae, Anguininae, Ditylenchus	GCA_004194705.1	full
UP000887578	Panagrolaimus davidi	227884	25683	C:25.4%[S:22.8%,D:2.6%],F:3.8%,M:70.7%,n:3131	Unknown	Unplaced	cellular organisms, Eukaryota, Opisthokonta, Metazoa, Eumetazoa, Bilateria, Protostomia, Ecdysozoa, Nematoda, Chromadorea, Rhabditida, Tylenchina, Panagrolaimomorpha, Panagrolaimoidea, Panagrolaimidae, Panagrolaimus	GCA_901779475.1	full
UP001054837	Caerostris darwini	1538125	55519	C:95.6%[S:80.4%,D:15.2%],F:1.1%,M:3.3%,n:2934	Unknown	Unassembled WGS sequence	cellular organisms, Eukaryota, Opisthokonta, Metazoa, Eumetazoa, Bilateria, Protostomia, Ecdysozoa, Panarthropoda, Arthropoda, Chelicerata, Arachnida, Araneae, Araneomorphae, Entelegynae, Orbiculariae, Araneoidea, Araneidae, Caerostris	GCA_021605075.1	full
UP001054945	Caerostris extrusa (Bark spider) (Caerostris bankana)	172846	82696	C:84.8%[S:75.3%,D:9.4%],F:6.6%,M:8.6%,n:2934	Unknown	Unassembled WGS sequence	cellular organisms, Eukaryota, Opisthokonta, Metazoa, Eumetazoa, Bilateria, Protostomia, Ecdysozoa, Panarthropoda, Arthropoda, Chelicerata, Arachnida, Araneae, Araneomorphae, Entelegynae, Orbiculariae, Araneoidea, Araneidae, Caerostris	GCA_021605095.1	full
UP001056778	Holotrichia oblita (Chafer beetle)	644536	18108	C:80.1%[S:45.4%,D:34.7%],F:3.6%,M:16.3%,n:2124	Unknown	Chromosome 1; Chromosome 2; Chromosome 3; Chromosome 4; Chromosome 5; Chromosome 6; Chromosome 7; Chromosome 8; Chromosome 9; Chromosome 10	cellular organisms, Eukaryota, Opisthokonta, Metazoa, Eumetazoa, Bilateria, Protostomia, Ecdysozoa, Panarthropoda, Arthropoda, Mandibulata, Pancrustacea, Hexapoda, Insecta, Dicondylia, Pterygota, Neoptera, Endopterygota, Coleoptera, Polyphaga, Scarabaeiformia, Scarabaeoidea, Scarabaeidae, Melolonthinae, Holotrichia	GCA_023690525.1	full
UP001057279	Ovis ammon polii x Ovis aries	2918886	20734	C:87.4%[S:86.1%,D:1.4%],F:2.4%,M:10.2%,n:13335	Unknown	Chromosome X; Linkage Group LG01; Linkage Group LG02; Linkage Group LG03; Linkage Group LG04; Linkage Group LG05; Linkage Group LG06; Linkage Group LG07; Linkage Group LG08; Linkage Group LG09; Linkage Group LG10; Linkage Group LG11; Linkage Group LG12; Linkage Group LG13; Linkage Group LG14; Linkage Group LG15; Linkage Group LG16; Linkage Group LG17; Linkage Group LG18; Linkage Group LG19; Linkage Group LG20; Linkage Group LG21; Linkage Group LG22; Linkage Group LG23; Linkage Group LG24; Linkage Group LG25; Linkage Group LG26	cellular organisms, Eukaryota, Opisthokonta, Metazoa, Eumetazoa, Bilateria, Deuterostomia, Chordata, Craniata, Vertebrata, Gnathostomata, Teleostomi, Euteleostomi, Sarcopterygii, Dipnotetrapodomorpha, Tetrapoda, Amniota, Mammalia, Theria, Eutheria, Boreoeutheria, Laurasiatheria, Artiodactyla, Ruminantia, Pecora, Bovidae, Caprinae, Ovis	GCA_023701675.1	full
UP001057452	Chaenocephalus aceratus (Blackfin icefish) (Chaenichthys aceratus)	36190	28945	C:77.6%[S:71.8%,D:5.8%],F:5.2%,M:17.2%,n:3640	Unknown	Chromosome 1; Chromosome 2; Chromosome 3; Chromosome 4; Chromosome 5; Chromosome 6; Chromosome 7; Chromosome 8; Chromosome 9; Chromosome 10; Chromosome 11; Chromosome 12; Chromosome 13; Chromosome 14; Chromosome 15; Chromosome 16; Chromosome 18; Chromosome 17; Chromosome 20; Chromosome 19; Chromosome 21; Chromosome 22; Chromosome 23; Chromosome 24	cellular organisms, Eukaryota, Opisthokonta, Metazoa, Eumetazoa, Bilateria, Deuterostomia, Chordata, Craniata, Vertebrata, Gnathostomata, Teleostomi, Euteleostomi, Actinopterygii, Actinopteri, Neopterygii, Teleostei, Osteoglossocephalai, Clupeocephala, Euteleosteomorpha, Neoteleostei, Eurypterygia, Ctenosquamata, Acanthomorphata, Euacanthomorphacea, Percomorphaceae, Eupercaria, Perciformes, Notothenioidei, Channichthyidae, Chaenocephalus	GCA_023974075.1	full
UP001064048	Choristoneura fumiferana (Spruce budworm moth) (Archips fumiferana)	7141	22898	C:84.7%[S:67.5%,D:17.2%],F:3.6%,M:11.7%,n:5286	Unknown	Chromosome 2; Chromosome 3; Chromosome 4; Chromosome 5; Chromosome 6; Chromosome 7; Chromosome 8; Chromosome 9; Chromosome 10; Chromosome 11; Chromosome 12; Chromosome 13; Chromosome 14; Chromosome 15; Chromosome 16; Chromosome 17; Chromosome 18; Chromosome 19; Chromosome 20; Chromosome 21; Chromosome 22; Chromosome 23; Chromosome 24; Chromosome 26; Chromosome 25; Chromosome 27; Chromosome 28; Chromosome 29; Chromosome 30; Chromosome Z	cellular organisms, Eukaryota, Opisthokonta, Metazoa, Eumetazoa, Bilateria, Protostomia, Ecdysozoa, Panarthropoda, Arthropoda, Mandibulata, Pancrustacea, Hexapoda, Insecta, Dicondylia, Pterygota, Neoptera, Endopterygota, Amphiesmenoptera, Lepidoptera, Glossata, Neolepidoptera, Heteroneura, Ditrysia, Apoditrysia, Tortricoidea, Tortricidae, Tortricinae, Archipini, Choristoneura	GCA_025370935.1	full
UP001066276	Pleurodeles waltl (Iberian ribbed newt)	8319	137737	C:89.6%[S:86.8%,D:2.8%],F:3.5%,M:6.9%,n:5310	Unknown	Chromosome 5; Chromosome 6; Chromosome 7; Chromosome 8; Chromosome 9; Chromosome 10; Chromosome 11; Chromosome 12; Chromosome 1_1; Chromosome 1_2; Chromosome 2_1; Chromosome 2_2; Chromosome 3_1; Chromosome 3_2; Chromosome 4_1; Chromosome 4_2; Mitochondrion MT; Unassembled WGS sequence	cellular organisms, Eukaryota, Opisthokonta, Metazoa, Eumetazoa, Bilateria, Deuterostomia, Chordata, Craniata, Vertebrata, Gnathostomata, Teleostomi, Euteleostomi, Sarcopterygii, Dipnotetrapodomorpha, Tetrapoda, Amphibia, Batrachia, Caudata, Salamandroidea, Salamandridae, Pleurodelinae, Pleurodeles	GCA_026652325.1	full
UP001107558	Polypedilum vanderplanki (Sleeping chironomid midge)	319348	19076	C:95.8%[S:87.1%,D:8.7%],F:1.0%,M:3.2%,n:3285	Unknown	Chromosome 1; Chromosome 2; Chromosome 3; Chromosome 4; Unassembled WGS sequence	cellular organisms, Eukaryota, Opisthokonta, Metazoa, Eumetazoa, Bilateria, Protostomia, Ecdysozoa, Panarthropoda, Arthropoda, Mandibulata, Pancrustacea, Hexapoda, Insecta, Dicondylia, Pterygota, Neoptera, Endopterygota, Diptera, Nematocera, Culicomorpha, Chironomoidea, Chironomidae, Chironominae, Chironomini, Polypedilum, Polypedilum	GCA_018290095.1	full
UP001148018	Muraenolepis orangiensis (Patagonian moray cod)	630683	33976	C:77.2%[S:73.5%,D:3.7%],F:5.6%,M:17.2%,n:3640	Unknown	Chromosome 1; Chromosome 2; Chromosome 3; Chromosome 4; Chromosome 5; Chromosome 6; Chromosome 7; Chromosome 8; Chromosome 9; Chromosome 10; Chromosome 11; Chromosome 12; Chromosome 13; Chromosome 14; Chromosome 15; Chromosome 16; Chromosome 17; Chromosome 18; Chromosome 19; Chromosome 20; Chromosome 21; Chromosome 22; Chromosome 23; Chromosome 24; Chromosome 25; Unassembled WGS sequence	cellular organisms, Eukaryota, Opisthokonta, Metazoa, Eumetazoa, Bilateria, Deuterostomia, Chordata, Craniata, Vertebrata, Gnathostomata, Teleostomi, Euteleostomi, Actinopterygii, Actinopteri, Neopterygii, Teleostei, Osteoglossocephalai, Clupeocephala, Euteleosteomorpha, Neoteleostei, Eurypterygia, Ctenosquamata, Acanthomorphata, Paracanthopterygii, Zeiogadaria, Gadariae, Gadiformes, Muraenolepidoidei, Muraenolepididae, Muraenolepis	GCA_027704905.1	full
UP001148838	Periplaneta americana (American cockroach) (Blatta americana)	6978	27025	C:61.4%[S:60.1%,D:1.3%],F:6.9%,M:31.7%,n:1367	Unknown	Unassembled WGS sequence	cellular organisms, Eukaryota, Opisthokonta, Metazoa, Eumetazoa, Bilateria, Protostomia, Ecdysozoa, Panarthropoda, Arthropoda, Mandibulata, Pancrustacea, Hexapoda, Insecta, Dicondylia, Pterygota, Neoptera, Polyneoptera, Dictyoptera, Blattodea, Blattoidea, Blattidae, Blattinae, Periplaneta	GCA_025594305.2	full
UP001152562	Pieris brassicae (White butterfly) (Large white butterfly)	7116	16176	C:97.8%[S:86.4%,D:11.4%],F:0.5%,M:1.7%,n:5286	Unknown	Unassembled WGS sequence	cellular organisms, Eukaryota, Opisthokonta, Metazoa, Eumetazoa, Bilateria, Protostomia, Ecdysozoa, Panarthropoda, Arthropoda, Mandibulata, Pancrustacea, Hexapoda, Insecta, Dicondylia, Pterygota, Neoptera, Endopterygota, Amphiesmenoptera, Lepidoptera, Glossata, Neolepidoptera, Heteroneura, Ditrysia, Obtectomera, Papilionoidea, Pieridae, Pierinae, Pierini, Pieris	GCA_942653925.1	full
UP001152795	Paramuricea clavata (Red gorgonian) (Violescent sea-whip)	317549	69559	C:80.2%[S:63.2%,D:17.0%],F:11.4%,M:8.4%,n:954	Unknown	Unassembled WGS sequence	cellular organisms, Eukaryota, Opisthokonta, Metazoa, Eumetazoa, Cnidaria, Anthozoa, Octocorallia, Malacalcyonacea, Plexauridae, Paramuricea	GCA_902702795.2	full
UP001152888	Acanthoscelides obtectus (Bean weevil) (Bruchus obtectus)	200917	56839	C:93.6%[S:53.2%,D:40.4%],F:2.9%,M:3.5%,n:2124	Unknown	Unassembled WGS sequence	cellular organisms, Eukaryota, Opisthokonta, Metazoa, Eumetazoa, Bilateria, Protostomia, Ecdysozoa, Panarthropoda, Arthropoda, Mandibulata, Pancrustacea, Hexapoda, Insecta, Dicondylia, Pterygota, Neoptera, Endopterygota, Coleoptera, Polyphaga, Cucujiformia, Chrysomeloidea, Chrysomelidae, Bruchinae, Bruchini, Acanthoscelides	GCA_933228535.1	full
UP001153148	Timema podura (Walking stick)	61482	16641	C:47.6%[S:46.5%,D:1.1%],F:27.9%,M:24.4%,n:1367	Unknown	Unassembled WGS sequence	cellular organisms, Eukaryota, Opisthokonta, Metazoa, Eumetazoa, Bilateria, Protostomia, Ecdysozoa, Panarthropoda, Arthropoda, Mandibulata, Pancrustacea, Hexapoda, Insecta, Dicondylia, Pterygota, Neoptera, Polyneoptera, Phasmatodea, Timematodea, Timematoidea, Timematidae, Timema	GCA_905359515.1	full
UP001153269	Pleuronectes platessa (European plaice)	8262	47956	C:88.1%[S:86.4%,D:1.7%],F:5.2%,M:6.7%,n:3640	Unknown	Unassembled WGS sequence	cellular organisms, Eukaryota, Opisthokonta, Metazoa, Eumetazoa, Bilateria, Deuterostomia, Chordata, Craniata, Vertebrata, Gnathostomata, Teleostomi, Euteleostomi, Actinopterygii, Actinopteri, Neopterygii, Teleostei, Osteoglossocephalai, Clupeocephala, Euteleosteomorpha, Neoteleostei, Eurypterygia, Ctenosquamata, Acanthomorphata, Euacanthomorphacea, Percomorphaceae, Carangaria, Pleuronectiformes, Pleuronectoidei, Pleuronectidae, Pleuronectes	GCA_902825255.1	full
UP001153954	Euphydryas editha (Edith's checkerspot)	104508	25698	C:97.5%[S:84.6%,D:12.9%],F:1.0%,M:1.4%,n:5286	Unknown	Unassembled WGS sequence	cellular organisms, Eukaryota, Opisthokonta, Metazoa, Eumetazoa, Bilateria, Protostomia, Ecdysozoa, Panarthropoda, Arthropoda, Mandibulata, Pancrustacea, Hexapoda, Insecta, Dicondylia, Pterygota, Neoptera, Endopterygota, Amphiesmenoptera, Lepidoptera, Glossata, Neolepidoptera, Heteroneura, Ditrysia, Obtectomera, Papilionoidea, Nymphalidae, Nymphalinae, Melitaeini, Euphydryina, Euphydryas	GCA_933666425.1	full
UP001157502	Dallia pectoralis (Alaska blackfish)	75939	32950	C:90.8%[S:89.0%,D:1.8%],F:2.0%,M:7.3%,n:3640	Unknown	Chromosome 1; Chromosome 2; Chromosome 3; Chromosome 4; Chromosome 5; Chromosome 6; Chromosome 7; Chromosome 8; Chromosome 9; Chromosome 10; Chromosome 11; Chromosome 12; Chromosome 13; Chromosome 14; Chromosome 15; Chromosome 16; Chromosome 17; Chromosome 18; Chromosome 19; Chromosome 20; Chromosome 21; Chromosome 22; Chromosome 23; Chromosome 24; Chromosome 25; Chromosome 26; Chromosome 27; Chromosome 28; Chromosome 29; Chromosome 30; Chromosome 31; Chromosome 32; Chromosome 33; Chromosome 34; Chromosome 35; Chromosome 36; Chromosome 37	cellular organisms, Eukaryota, Opisthokonta, Metazoa, Eumetazoa, Bilateria, Deuterostomia, Chordata, Craniata, Vertebrata, Gnathostomata, Teleostomi, Euteleostomi, Actinopterygii, Actinopteri, Neopterygii, Teleostei, Osteoglossocephalai, Clupeocephala, Euteleosteomorpha, Protacanthopterygii, Esociformes, Umbridae, Dallia	GCA_029465975.1	full
UP001158576	Oikopleura dioica (Tunicate)	34765	18603	C:66.8%[S:59.9%,D:6.9%],F:6.0%,M:27.3%,n:954	Unknown	Chromosome 1; Chromosome 2; Chromosome PAR; Chromosome XSR; Chromosome YSR; Mitochondrion MIT; Unassembled WGS sequence	cellular organisms, Eukaryota, Opisthokonta, Metazoa, Eumetazoa, Bilateria, Deuterostomia, Chordata, Tunicata, Appendicularia, Copelata, Oikopleuridae, Oikopleura	GCA_907165135.1	full
UP001159363	Dryococelus australis	614101	33087	C:51.8%[S:51.4%,D:0.4%],F:8.1%,M:40.1%,n:1367	Unknown	Chromosome 1; Chromosome 2; Chromosome 3; Chromosome 4; Chromosome 5; Chromosome 6; Chromosome 7; Chromosome 8; Chromosome 9; Chromosome 10; Chromosome X; Chromosome 11; Chromosome 12; Chromosome 13; Chromosome 14; Chromosome 15; Chromosome 16; Unassembled WGS sequence	cellular organisms, Eukaryota, Opisthokonta, Metazoa, Eumetazoa, Bilateria, Protostomia, Ecdysozoa, Panarthropoda, Arthropoda, Mandibulata, Pancrustacea, Hexapoda, Insecta, Dicondylia, Pterygota, Neoptera, Polyneoptera, Phasmatodea, Verophasmatodea, Anareolatae, Phasmatidae, Eurycanthinae, Dryococelus	GCA_029891345.1	full
UP001159405	Porites lobata	104759	42611	C:95.0%[S:91.3%,D:3.7%],F:1.8%,M:3.2%,n:954	Unknown	Unassembled WGS sequence	cellular organisms, Eukaryota, Opisthokonta, Metazoa, Eumetazoa, Cnidaria, Anthozoa, Hexacorallia, Scleractinia, Fungiina, Poritidae, Porites	GCA_942486035.1	full
UP001159427	Porites evermanni	104178	39801	C:93.2%[S:80.6%,D:12.6%],F:2.7%,M:4.1%,n:954	Unknown	Unassembled WGS sequence	cellular organisms, Eukaryota, Opisthokonta, Metazoa, Eumetazoa, Cnidaria, Anthozoa, Hexacorallia, Scleractinia, Fungiina, Poritidae, Porites	GCA_942486025.1	full
UP001159428	Pocillopora meandrina	46732	31944	C:94.9%[S:92.0%,D:2.8%],F:2.4%,M:2.7%,n:954	Unknown	Unassembled WGS sequence	cellular organisms, Eukaryota, Opisthokonta, Metazoa, Eumetazoa, Cnidaria, Anthozoa, Hexacorallia, Scleractinia, Astrocoeniina, Pocilloporidae, Pocillopora	GCA_942486045.1	full
UP001160148	Macrosiphum euphorbiae (potato aphid)	13131	33432	C:97.4%[S:86.0%,D:11.4%],F:0.9%,M:1.8%,n:2510	Unknown	Unassembled WGS sequence	cellular organisms, Eukaryota, Opisthokonta, Metazoa, Eumetazoa, Bilateria, Protostomia, Ecdysozoa, Panarthropoda, Arthropoda, Mandibulata, Pancrustacea, Hexapoda, Insecta, Dicondylia, Pterygota, Neoptera, Paraneoptera, Hemiptera, Sternorrhyncha, Aphidomorpha, Aphidoidea, Aphididae, Aphidinae, Macrosiphini, Macrosiphum	GCA_949089665.1	full
UP001162156	Rhamnusium bicolor	1586634	19372	C:66.9%[S:66.0%,D:1.0%],F:15.8%,M:17.3%,n:2124	Unknown	Unassembled WGS sequence	cellular organisms, Eukaryota, Opisthokonta, Metazoa, Eumetazoa, Bilateria, Protostomia, Ecdysozoa, Panarthropoda, Arthropoda, Mandibulata, Pancrustacea, Hexapoda, Insecta, Dicondylia, Pterygota, Neoptera, Endopterygota, Coleoptera, Polyphaga, Cucujiformia, Chrysomeloidea, Cerambycidae, Lepturinae, Rhagiini, Rhamnusium	GCA_029963845.1	full
UP001162164	Molorchus minor	1323400	18551	C:63.9%[S:63.0%,D:0.9%],F:14.8%,M:21.3%,n:2124	Unknown	Unassembled WGS sequence	cellular organisms, Eukaryota, Opisthokonta, Metazoa, Eumetazoa, Bilateria, Protostomia, Ecdysozoa, Panarthropoda, Arthropoda, Mandibulata, Pancrustacea, Hexapoda, Insecta, Dicondylia, Pterygota, Neoptera, Endopterygota, Coleoptera, Polyphaga, Cucujiformia, Chrysomeloidea, Cerambycidae, Lamiinae, Monochamini, Molorchus	GCA_029963825.1	full
UP001162483	Staurois parvus	386267	91370	C:42.3%[S:40.0%,D:2.3%],F:18.0%,M:39.7%,n:5310	Unknown	Unassembled WGS sequence	cellular organisms, Eukaryota, Opisthokonta, Metazoa, Eumetazoa, Bilateria, Deuterostomia, Chordata, Craniata, Vertebrata, Gnathostomata, Teleostomi, Euteleostomi, Sarcopterygii, Dipnotetrapodomorpha, Tetrapoda, Amphibia, Batrachia, Anura, Neobatrachia, Ranoidea, Ranidae, Staurois	GCA_951230385.1	full
UP001164746	Mya arenaria (Soft-shell clam)	6604	37840	C:59.8%[S:50.2%,D:9.7%],F:3.1%,M:37.0%,n:5295	Unknown	Chromosome 1; Chromosome 2; Chromosome 3; Chromosome 4; Chromosome 5; Chromosome 6; Chromosome 7; Chromosome 8; Chromosome 9; Chromosome 10; Chromosome 11; Chromosome 12; Chromosome 13; Chromosome 14; Chromosome 15; Chromosome 16; Chromosome 17	cellular organisms, Eukaryota, Opisthokonta, Metazoa, Eumetazoa, Bilateria, Protostomia, Spiralia, Lophotrochozoa, Mollusca, Bivalvia, Autobranchia, Heteroconchia, Euheterodonta, Imparidentia, Neoheterodontei, Myida, Myoidea, Myidae, Mya	GCA_026914265.1	full
UP001165941	Pontoporia blainvillei (Franciscana) (Delphinus blainvillei)	48723	4277	C:8.8%[S:8.8%,D:0.0%],F:3.2%,M:87.9%,n:13335	Unknown	Unassembled WGS sequence	cellular organisms, Eukaryota, Opisthokonta, Metazoa, Eumetazoa, Bilateria, Deuterostomia, Chordata, Craniata, Vertebrata, Gnathostomata, Teleostomi, Euteleostomi, Sarcopterygii, Dipnotetrapodomorpha, Tetrapoda, Amniota, Mammalia, Theria, Eutheria, Boreoeutheria, Laurasiatheria, Artiodactyla, Whippomorpha, Cetacea, Odontoceti, Pontoporiidae, Pontoporia	GCA_011754075.1	full
UP001166052	Polypterus senegalus (Senegal bichir)	55291	5765	C:25.5%[S:24.8%,D:0.6%],F:2.8%,M:71.8%,n:3640	Unknown	Unassembled WGS sequence	cellular organisms, Eukaryota, Opisthokonta, Metazoa, Eumetazoa, Bilateria, Deuterostomia, Chordata, Craniata, Vertebrata, Gnathostomata, Teleostomi, Euteleostomi, Actinopterygii, Cladistia, Polypteriformes, Polypteridae, Polypterus	GCA_016984135.1	full
UP001168821	Zophobas morio	2755281	29607	C:88.9%[S:83.9%,D:5.1%],F:2.9%,M:8.2%,n:2124	Unknown	Unassembled WGS sequence	cellular organisms, Eukaryota, Opisthokonta, Metazoa, Eumetazoa, Bilateria, Protostomia, Ecdysozoa, Panarthropoda, Arthropoda, Mandibulata, Pancrustacea, Hexapoda, Insecta, Dicondylia, Pterygota, Neoptera, Endopterygota, Coleoptera, Polyphaga, Cucujiformia, Tenebrionoidea, Tenebrionidae, Tenebrioninae, Zophobas	GCA_027724725.1	full
UP001168990	Microctonus aethiopoides	144406	13908	C:94.1%[S:83.6%,D:10.5%],F:1.5%,M:4.4%,n:5991	Unknown	Unassembled WGS sequence	cellular organisms, Eukaryota, Opisthokonta, Metazoa, Eumetazoa, Bilateria, Protostomia, Ecdysozoa, Panarthropoda, Arthropoda, Mandibulata, Pancrustacea, Hexapoda, Insecta, Dicondylia, Pterygota, Neoptera, Endopterygota, Hymenoptera, Apocrita, Ichneumonoidea, Braconidae, Euphorinae, Microctonus	GCA_030347275.1	full
UP001174136	Merluccius polli (Benguela hake) (Merluccius cadenati)	89951	25543	C:67.9%[S:63.3%,D:4.6%],F:3.7%,M:28.4%,n:3640	Unknown	Unassembled WGS sequence	cellular organisms, Eukaryota, Opisthokonta, Metazoa, Eumetazoa, Bilateria, Deuterostomia, Chordata, Craniata, Vertebrata, Gnathostomata, Teleostomi, Euteleostomi, Actinopterygii, Actinopteri, Neopterygii, Teleostei, Osteoglossocephalai, Clupeocephala, Euteleosteomorpha, Neoteleostei, Eurypterygia, Ctenosquamata, Acanthomorphata, Paracanthopterygii, Zeiogadaria, Gadariae, Gadiformes, Gadoidei, Merlucciidae, Merluccius	GCA_030340625.1	full
UP001175271	Steinernema hermaphroditum	289476	36137	C:88.1%[S:43.2%,D:44.8%],F:0.8%,M:11.1%,n:3131	Unknown	Chromosome I; Chromosome III; Chromosome V; Chromosome X; Chromosome N; Unassembled WGS sequence	cellular organisms, Eukaryota, Opisthokonta, Metazoa, Eumetazoa, Bilateria, Protostomia, Ecdysozoa, Nematoda, Chromadorea, Rhabditida, Tylenchina, Panagrolaimomorpha, Strongyloidoidea, Steinernematidae, Steinernema	GCA_030435675.2	full
UP001176940	Ranitomeya imitator (mimic poison frog)	111125	25526	C:43.2%[S:41.8%,D:1.5%],F:17.4%,M:39.3%,n:5310	Unknown	Unassembled WGS sequence	cellular organisms, Eukaryota, Opisthokonta, Metazoa, Eumetazoa, Bilateria, Deuterostomia, Chordata, Craniata, Vertebrata, Gnathostomata, Teleostomi, Euteleostomi, Sarcopterygii, Dipnotetrapodomorpha, Tetrapoda, Amphibia, Batrachia, Anura, Neobatrachia, Hyloidea, Dendrobatidae, Dendrobatinae, Ranitomeya	GCA_958301615.1	full
UP001176961	Cylicocyclus nassatus (Nematode worm)	53992	22417	C:94.2%[S:90.7%,D:3.4%],F:1.5%,M:4.3%,n:3131	Unknown	Unassembled WGS sequence	cellular organisms, Eukaryota, Opisthokonta, Metazoa, Eumetazoa, Bilateria, Protostomia, Ecdysozoa, Nematoda, Chromadorea, Rhabditida, Rhabditina, Rhabditomorpha, Strongyloidea, Strongylidae, Cylicocyclus	GCA_958299035.1	full
UP001186944	Pinctada imbricata (Atlantic pearl-oyster) (Pinctada martensii)	66713	25352	C:82.2%[S:81.1%,D:1.1%],F:3.7%,M:14.2%,n:5295	Unknown	Unassembled WGS sequence	cellular organisms, Eukaryota, Opisthokonta, Metazoa, Eumetazoa, Bilateria, Protostomia, Spiralia, Lophotrochozoa, Mollusca, Bivalvia, Autobranchia, Pteriomorphia, Pterioida, Pterioidea, Pteriidae, Pinctada	GCA_033119305.1	full
UP001189180	Fasciola hepatica (Liver fluke)	6192	851	C:1.0%[S:0.0%,D:1.0%],F:0.0%,M:99.0%,n:954	Unknown	Unassembled WGS sequence	cellular organisms, Eukaryota, Opisthokonta, Metazoa, Eumetazoa, Bilateria, Protostomia, Spiralia, Lophotrochozoa, Platyhelminthes, Trematoda, Digenea, Plagiorchiida, Echinostomata, Echinostomatoidea, Fasciolidae, Fasciola	GCA_948099385.2	full
UP001195483	Potamilus streckersoni	2493646	36954	C:88.8%[S:80.6%,D:8.2%],F:1.3%,M:9.9%,n:5295	Unknown	Unassembled WGS sequence	cellular organisms, Eukaryota, Opisthokonta, Metazoa, Eumetazoa, Bilateria, Protostomia, Spiralia, Lophotrochozoa, Mollusca, Bivalvia, Autobranchia, Heteroconchia, Palaeoheterodonta, Unionida, Unionoidea, Unionidae, Ambleminae, Lampsilini, Potamilus	GCA_016746295.1	full
UP001196413	Parelaphostrongylus tenuis (Meningeal worm)	148309	29076	C:70.3%[S:64.7%,D:5.6%],F:7.7%,M:22.0%,n:3131	Unknown	Unassembled WGS sequence	cellular organisms, Eukaryota, Opisthokonta, Metazoa, Eumetazoa, Bilateria, Protostomia, Ecdysozoa, Nematoda, Chromadorea, Rhabditida, Rhabditina, Rhabditomorpha, Strongyloidea, Metastrongylidae, Parelaphostrongylus	GCA_019055375.1	full
UP001208570	Paralvinella palmiformis	53620	24621	C:88.3%[S:87.3%,D:0.9%],F:7.5%,M:4.2%,n:954	Unknown	Unassembled WGS sequence	cellular organisms, Eukaryota, Opisthokonta, Metazoa, Eumetazoa, Bilateria, Protostomia, Spiralia, Lophotrochozoa, Annelida, Polychaeta, Sedentaria, Canalipalpata, Terebellida, Terebelliformia, Alvinellidae, Paralvinella	GCA_025642065.1	full
UP001209878	Ridgeia piscesae (Tubeworm)	27915	30930	C:87.8%[S:86.1%,D:1.8%],F:6.5%,M:5.7%,n:954	Unknown	Unassembled WGS sequence	cellular organisms, Eukaryota, Opisthokonta, Metazoa, Eumetazoa, Bilateria, Protostomia, Spiralia, Lophotrochozoa, Annelida, Polychaeta, Sedentaria, Canalipalpata, Sabellida, Siboglinidae, Ridgeia	GCA_025642075.2	full
UP001217089	Tegillarca granosa (Malaysian cockle) (Anadara granosa)	220873	24806	C:61.8%[S:54.7%,D:7.1%],F:6.4%,M:31.7%,n:5295	Unknown	Chromosome 1; Chromosome 2; Chromosome 3; Chromosome 4; Chromosome 5; Chromosome 6; Chromosome 7; Chromosome 8; Chromosome 9; Chromosome 11; Chromosome 10; Chromosome 12; Chromosome 13; Chromosome 14; Chromosome 15; Chromosome 16; Chromosome 17; Chromosome 18; Chromosome 19; Unassembled WGS sequence	cellular organisms, Eukaryota, Opisthokonta, Metazoa, Eumetazoa, Bilateria, Protostomia, Spiralia, Lophotrochozoa, Mollusca, Bivalvia, Autobranchia, Pteriomorphia, Arcoida, Arcoidea, Arcidae, Tegillarca	GCA_029721355.1	full
UP001219934	Pogonophryne albipinna	1090488	30547	C:86.6%[S:81.3%,D:5.3%],F:3.3%,M:10.1%,n:3640	Unknown	Chromosome 1; Chromosome 2; Chromosome 3; Chromosome 4; Chromosome 5; Chromosome 6; Chromosome 7; Chromosome 8; Chromosome 9; Chromosome 10; Chromosome 11; Chromosome 12; Chromosome 13; Chromosome 14; Chromosome 15; Chromosome 16; Chromosome 17; Chromosome 18; Chromosome 19; Chromosome 20; Chromosome 21; Chromosome 22; Chromosome 23; Unassembled WGS sequence	cellular organisms, Eukaryota, Opisthokonta, Metazoa, Eumetazoa, Bilateria, Deuterostomia, Chordata, Craniata, Vertebrata, Gnathostomata, Teleostomi, Euteleostomi, Actinopterygii, Actinopteri, Neopterygii, Teleostei, Osteoglossocephalai, Clupeocephala, Euteleosteomorpha, Neoteleostei, Eurypterygia, Ctenosquamata, Acanthomorphata, Euacanthomorphacea, Percomorphaceae, Eupercaria, Perciformes, Notothenioidei, Artedidraconidae, Pogonophryne	GCA_028583405.1	full
UP001228049	Dissostichus eleginoides (Patagonian toothfish) (Dissostichus amissus)	100907	31920	C:84.2%[S:80.9%,D:3.3%],F:6.0%,M:9.8%,n:3640	Unknown	Chromosome 1; Chromosome 2; Chromosome 3; Chromosome 4; Chromosome 5; Chromosome 6; Chromosome 7; Chromosome 8; Chromosome 9; Chromosome 10; Chromosome 11; Chromosome 12; Chromosome 13; Chromosome 14; Chromosome 15; Chromosome 16; Chromosome 17; Chromosome 18; Chromosome 19; Chromosome 20; Chromosome 21; Chromosome 22; Chromosome 23; Chromosome 24; Unassembled WGS sequence	cellular organisms, Eukaryota, Opisthokonta, Metazoa, Eumetazoa, Bilateria, Deuterostomia, Chordata, Craniata, Vertebrata, Gnathostomata, Teleostomi, Euteleostomi, Actinopterygii, Actinopteri, Neopterygii, Teleostei, Osteoglossocephalai, Clupeocephala, Euteleosteomorpha, Neoteleostei, Eurypterygia, Ctenosquamata, Acanthomorphata, Euacanthomorphacea, Percomorphaceae, Eupercaria, Perciformes, Notothenioidei, Nototheniidae, Dissostichus	GCA_031216635.1	full
UP001231649	Mythimna loreyi	667449	16857	C:98.3%[S:97.4%,D:0.9%],F:0.4%,M:1.3%,n:5286	Unknown	Chromosome 1; Chromosome 2; Chromosome 3; Chromosome 4; Chromosome 5; Chromosome 6; Chromosome 7; Chromosome 8; Chromosome 9; Chromosome 10; Chromosome 11; Chromosome 12; Chromosome 13; Chromosome 14; Chromosome 15; Chromosome 16; Chromosome 17; Chromosome 18; Chromosome 19; Chromosome 20; Chromosome 21; Chromosome 22; Chromosome 23; Chromosome 24; Chromosome 25; Chromosome 26; Chromosome 27; Chromosome 28; Chromosome 29; Chromosome 30; Chromosome 31; Chromosome 32	cellular organisms, Eukaryota, Opisthokonta, Metazoa, Eumetazoa, Bilateria, Protostomia, Ecdysozoa, Panarthropoda, Arthropoda, Mandibulata, Pancrustacea, Hexapoda, Insecta, Dicondylia, Pterygota, Neoptera, Endopterygota, Amphiesmenoptera, Lepidoptera, Glossata, Neolepidoptera, Heteroneura, Ditrysia, Obtectomera, Noctuoidea, Noctuidae, Noctuinae, Hadenini, Mythimna	GCA_029852875.1	full
UP001233172	Biomphalaria pfeifferi (Bloodfluke planorb) (Freshwater snail)	112525	30570	C:91.2%[S:90.2%,D:1.0%],F:1.9%,M:6.9%,n:5295	Unknown	Unassembled WGS sequence	cellular organisms, Eukaryota, Opisthokonta, Metazoa, Eumetazoa, Bilateria, Protostomia, Spiralia, Lophotrochozoa, Mollusca, Gastropoda, Heterobranchia, Euthyneura, Panpulmonata, Hygrophila, Lymnaeoidea, Planorbidae, Biomphalaria	GCA_030265305.1	full
UP001233999	Diploptera punctata (Pacific beetle cockroach)	6984	28315	C:87.1%[S:83.2%,D:3.8%],F:6.7%,M:6.2%,n:1367	Unknown	Unassembled WGS sequence	cellular organisms, Eukaryota, Opisthokonta, Metazoa, Eumetazoa, Bilateria, Protostomia, Ecdysozoa, Panarthropoda, Arthropoda, Mandibulata, Pancrustacea, Hexapoda, Insecta, Dicondylia, Pterygota, Neoptera, Polyneoptera, Dictyoptera, Blattodea, Blaberoidea, Blaberidae, Diplopterinae, Diploptera	GCA_030220185.1	full
UP001234178	Daphnia magna	35525	32367	C:95.7%[S:89.8%,D:5.8%],F:1.5%,M:2.9%,n:1013	Unknown	Linkage Group LG1; Linkage Group LG10; Linkage Group LG2; Linkage Group LG3; Linkage Group LG4; Linkage Group LG5; Linkage Group LG6; Linkage Group LG7; Linkage Group LG8; Linkage Group LG9; Mitochondrion MT; Unassembled WGS sequence	cellular organisms, Eukaryota, Opisthokonta, Metazoa, Eumetazoa, Bilateria, Protostomia, Ecdysozoa, Panarthropoda, Arthropoda, Mandibulata, Pancrustacea, Crustacea, Branchiopoda, Phyllopoda, Diplostraca, Cladocera, Anomopoda, Daphniidae, Daphnia	GCA_030254905.1	full
UP001235939	Cordylochernes scorpioides	51811	24935	C:54.7%[S:44.0%,D:10.7%],F:3.9%,M:41.5%,n:2934	Unknown	Chromosome 01; Chromosome 02; Chromosome 03; Chromosome 04; Chromosome 05; Chromosome 06; Chromosome 07; Chromosome 08; Chromosome 09; Chromosome 10; Chromosome X; Chromosome 11; Chromosome 12; Chromosome 13; Chromosome 14; Chromosome 15; Chromosome 16; Chromosome 17; Chromosome 18; Chromosome 19; Chromosome 20; Chromosome 21; Chromosome 22; Chromosome 23	cellular organisms, Eukaryota, Opisthokonta, Metazoa, Eumetazoa, Bilateria, Protostomia, Ecdysozoa, Panarthropoda, Arthropoda, Chelicerata, Arachnida, Pseudoscorpiones, Cheliferoidea, Chernetidae, Cordylochernes	GCA_030710605.1	full
UP001239111	Eretmocerus hayati	131215	24449	C:80.5%[S:79.0%,D:1.5%],F:4.2%,M:15.3%,n:5991	Unknown	Chromosome 1; Chromosome 2; Chromosome 3; Chromosome 4	cellular organisms, Eukaryota, Opisthokonta, Metazoa, Eumetazoa, Bilateria, Protostomia, Ecdysozoa, Panarthropoda, Arthropoda, Mandibulata, Pancrustacea, Hexapoda, Insecta, Dicondylia, Pterygota, Neoptera, Endopterygota, Hymenoptera, Apocrita, Proctotrupomorpha, Chalcidoidea, Aphelinidae, Aphelininae, Eretmocerus	GCA_029851415.1	full
UP001249851	Acropora cervicornis (Staghorn coral)	6130	27986	C:81.3%[S:80.7%,D:0.6%],F:9.6%,M:9.0%,n:954	Unknown	Unassembled WGS sequence	cellular organisms, Eukaryota, Opisthokonta, Metazoa, Eumetazoa, Cnidaria, Anthozoa, Hexacorallia, Scleractinia, Astrocoeniina, Acroporidae, Acropora	GCA_032359415.1	full
UP001258017	Odynerus spinipes	1348599	14696	C:94.9%[S:79.8%,D:15.1%],F:1.8%,M:3.3%,n:5991	Unknown	Unassembled WGS sequence	cellular organisms, Eukaryota, Opisthokonta, Metazoa, Eumetazoa, Bilateria, Protostomia, Ecdysozoa, Panarthropoda, Arthropoda, Mandibulata, Pancrustacea, Hexapoda, Insecta, Dicondylia, Pterygota, Neoptera, Endopterygota, Hymenoptera, Apocrita, Aculeata, Vespoidea, Vespidae, Eumeninae, Odynerus	GCA_032403825.1	full
UP001266305	Saguinus oedipus (Cotton-top tamarin) (Oedipomidas oedipus)	9490	40187	C:34.6%[S:32.4%,D:2.2%],F:8.7%,M:56.7%,n:13780	Unknown	Chromosome 1; Chromosome 2; Chromosome 3; Chromosome 4; Chromosome 5; Chromosome 6; Chromosome 7; Chromosome 8; Chromosome 9; Chromosome 10; Chromosome X; Chromosome 11; Chromosome 12; Chromosome 13; Chromosome 14; Chromosome 15; Chromosome 16; Chromosome 17; Chromosome 18; Chromosome 19; Chromosome 20; Chromosome 21; Chromosome 22; Mitochondrion MT; Unassembled WGS sequence	cellular organisms, Eukaryota, Opisthokonta, Metazoa, Eumetazoa, Bilateria, Deuterostomia, Chordata, Craniata, Vertebrata, Gnathostomata, Teleostomi, Euteleostomi, Sarcopterygii, Dipnotetrapodomorpha, Tetrapoda, Amniota, Mammalia, Theria, Eutheria, Boreoeutheria, Euarchontoglires, Primates, Haplorrhini, Simiiformes, Platyrrhini, Cebidae, Callitrichinae, Saguinus	GCA_031835075.1	full
UP001279410	Lates japonicus (Japanese lates)	270547	29183	C:78.1%[S:74.5%,D:3.6%],F:7.9%,M:14.0%,n:3640	Unknown	Unassembled WGS sequence	cellular organisms, Eukaryota, Opisthokonta, Metazoa, Eumetazoa, Bilateria, Deuterostomia, Chordata, Craniata, Vertebrata, Gnathostomata, Teleostomi, Euteleostomi, Actinopterygii, Actinopteri, Neopterygii, Teleostei, Osteoglossocephalai, Clupeocephala, Euteleosteomorpha, Neoteleostei, Eurypterygia, Ctenosquamata, Acanthomorphata, Euacanthomorphacea, Percomorphaceae, Carangaria, Carangaria incertae sedis, Centropomidae, Lates	GCA_033238685.1	full
UP001283361	Elysia crispata (lettuce slug)	231223	69785	C:90.3%[S:80.8%,D:9.6%],F:1.9%,M:7.7%,n:5295	Unknown	Unassembled WGS sequence	cellular organisms, Eukaryota, Opisthokonta, Metazoa, Eumetazoa, Bilateria, Protostomia, Spiralia, Lophotrochozoa, Mollusca, Gastropoda, Heterobranchia, Euthyneura, Panpulmonata, Sacoglossa, Placobranchoidea, Plakobranchidae, Elysia	GCA_033675545.1	full
UP001303046	Necator americanus (Human hookworm)	51031	41575	C:97.3%[S:46.0%,D:51.3%],F:0.9%,M:1.8%,n:3131	Unknown	Chromosome I; Chromosome II; Chromosome III; Chromosome IV; Chromosome V; Chromosome X; Unassembled WGS sequence	cellular organisms, Eukaryota, Opisthokonta, Metazoa, Eumetazoa, Bilateria, Protostomia, Ecdysozoa, Nematoda, Chromadorea, Rhabditida, Rhabditina, Rhabditomorpha, Strongyloidea, Ancylostomatidae, Bunostominae, Necator	GCA_031761385.1	full
UP001307889	Nesidiocoris tenuis	355587	16182	C:93.9%[S:88.6%,D:5.3%],F:0.5%,M:5.6%,n:2510	Unknown	Chromosome 1; Chromosome 2; Chromosome 3; Chromosome 4; Chromosome 5; Chromosome 6; Chromosome 7; Chromosome 8; Chromosome 9; Chromosome 10; Chromosome 11; Chromosome 12; Chromosome 13; Chromosome 14; Chromosome 15; Chromosome 16; Chromosome 17	cellular organisms, Eukaryota, Opisthokonta, Metazoa, Eumetazoa, Bilateria, Protostomia, Ecdysozoa, Panarthropoda, Arthropoda, Mandibulata, Pancrustacea, Hexapoda, Insecta, Dicondylia, Pterygota, Neoptera, Paraneoptera, Hemiptera, Prosorrhyncha, Heteroptera, Euheteroptera, Neoheteroptera, Panheteroptera, Cimicomorpha, Cimicoidea, Miridae, Bryocorinae, Dicyphini, Dicyphina, Nesidiocoris	GCA_036186465.1	full
UP001314205	Parnassius mnemosyne (clouded apollo)	213953	25482	C:96.9%[S:89.9%,D:7.0%],F:0.4%,M:2.8%,n:5286	Unknown	Unassembled WGS sequence	cellular organisms, Eukaryota, Opisthokonta, Metazoa, Eumetazoa, Bilateria, Protostomia, Ecdysozoa, Panarthropoda, Arthropoda, Mandibulata, Pancrustacea, Hexapoda, Insecta, Dicondylia, Pterygota, Neoptera, Endopterygota, Amphiesmenoptera, Lepidoptera, Glossata, Neolepidoptera, Heteroneura, Ditrysia, Obtectomera, Papilionoidea, Papilionidae, Parnassiinae, Parnassini, Parnassius, Driopa	GCA_963668995.1	full
UP001329430	Pyrocoelia pectoralis	417401	13125	C:89.9%[S:87.0%,D:2.9%],F:1.3%,M:8.8%,n:2124	Unknown	Chromosome 1; Chromosome 2; Chromosome 3; Chromosome 4; Chromosome 5; Chromosome 6; Chromosome 7; Chromosome 8; Chromosome 9; Chromosome 10; Unassembled WGS sequence	cellular organisms, Eukaryota, Opisthokonta, Metazoa, Eumetazoa, Bilateria, Protostomia, Ecdysozoa, Panarthropoda, Arthropoda, Mandibulata, Pancrustacea, Hexapoda, Insecta, Dicondylia, Pterygota, Neoptera, Endopterygota, Coleoptera, Polyphaga, Elateriformia, Elateroidea, Lampyridae, Lampyrinae, Pyrocoelia	GCA_036250285.1	full
UP001331761	Trichostrongylus colubriformis (Black scour worm)	6319	22279	C:68.2%[S:59.6%,D:8.6%],F:6.6%,M:25.2%,n:3131	Unknown	Unassembled WGS sequence	cellular organisms, Eukaryota, Opisthokonta, Metazoa, Eumetazoa, Bilateria, Protostomia, Ecdysozoa, Nematoda, Chromadorea, Rhabditida, Rhabditina, Rhabditomorpha, Strongyloidea, Trichostrongylidae, Trichostrongylus	GCA_036373735.1	full
UP001333110	Mycteria americana (Wood stork)	33587	27343	C:89.2%[S:89.0%,D:0.2%],F:3.5%,M:7.3%,n:8338	Unknown	Chromosome 1; Chromosome 2; Chromosome 3; Chromosome 4; Chromosome 5; Chromosome 6; Chromosome 7; Chromosome 8; Chromosome 9; Chromosome 10; Chromosome 11; Chromosome 12; Chromosome 13; Chromosome 14; Chromosome 15; Chromosome 16; Chromosome 17; Chromosome 18; Chromosome 19; Chromosome 20; Chromosome 21; Chromosome 22; Chromosome 23; Chromosome 24; Chromosome 25; Chromosome 26; Chromosome 27; Chromosome 28; Chromosome 30; Chromosome 29; Chromosome 31; Chromosome Z; Mitochondrion MT; Unassembled WGS sequence	cellular organisms, Eukaryota, Opisthokonta, Metazoa, Eumetazoa, Bilateria, Deuterostomia, Chordata, Craniata, Vertebrata, Gnathostomata, Teleostomi, Euteleostomi, Sarcopterygii, Dipnotetrapodomorpha, Tetrapoda, Amniota, Sauropsida, Sauria, Archelosauria, Archosauria, Dinosauria, Saurischia, Theropoda, Coelurosauria, Aves, Neognathae, Neoaves, Aequornithes, Ciconiiformes, Ciconiidae, Mycteria	GCA_035582795.1	full
UP001345963	Ataeniobius toweri	208326	31592	C:48.6%[S:48.5%,D:0.2%],F:5.6%,M:45.8%,n:15213	Unknown	Unassembled WGS sequence	cellular organisms, Eukaryota, Opisthokonta, Metazoa, Eumetazoa, Bilateria, Deuterostomia, Chordata, Craniata, Vertebrata, Gnathostomata, Teleostomi, Euteleostomi, Actinopterygii, Actinopteri, Neopterygii, Teleostei, Osteoglossocephalai, Clupeocephala, Euteleosteomorpha, Neoteleostei, Eurypterygia, Ctenosquamata, Acanthomorphata, Euacanthomorphacea, Percomorphaceae, Ovalentaria, Atherinomorphae, Cyprinodontiformes, Cyprinodontoidei, Goodeidae, Ataeniobius	GCA_036250305.1	full
UP001347796	Patella caerulea (Rayed Mediterranean limpet)	87958	28822	C:90.7%[S:66.3%,D:24.4%],F:0.9%,M:8.4%,n:5295	Unknown	Mitochondrion MT; Unassembled WGS sequence	cellular organisms, Eukaryota, Opisthokonta, Metazoa, Eumetazoa, Bilateria, Protostomia, Spiralia, Lophotrochozoa, Mollusca, Gastropoda, Patellogastropoda, Patelloidea, Patellidae, Patella	GCA_036850965.1	full
UP001352852	Characodon lateralis	208331	32603	C:55.8%[S:55.6%,D:0.2%],F:7.1%,M:37.0%,n:15213	Unknown	Unassembled WGS sequence	cellular organisms, Eukaryota, Opisthokonta, Metazoa, Eumetazoa, Bilateria, Deuterostomia, Chordata, Craniata, Vertebrata, Gnathostomata, Teleostomi, Euteleostomi, Actinopterygii, Actinopteri, Neopterygii, Teleostei, Osteoglossocephalai, Clupeocephala, Euteleosteomorpha, Neoteleostei, Eurypterygia, Ctenosquamata, Acanthomorphata, Euacanthomorphacea, Percomorphaceae, Ovalentaria, Atherinomorphae, Cyprinodontiformes, Cyprinodontoidei, Goodeidae, Characodon	GCA_036250325.1	full
UP001353858	Aquatica leii	1421715	16446	C:95.4%[S:93.9%,D:1.5%],F:1.4%,M:3.2%,n:2124	Unknown	Chromosome 1; Chromosome 2; Chromosome 3; Chromosome 4; Chromosome 5; Chromosome 6; Chromosome 7; Chromosome 8; Unassembled WGS sequence	cellular organisms, Eukaryota, Opisthokonta, Metazoa, Eumetazoa, Bilateria, Protostomia, Ecdysozoa, Panarthropoda, Arthropoda, Mandibulata, Pancrustacea, Hexapoda, Insecta, Dicondylia, Pterygota, Neoptera, Endopterygota, Coleoptera, Polyphaga, Elateriformia, Elateroidea, Lampyridae, Luciolinae, Aquatica	GCA_035610365.1	full
UP001359485	Polyplax serrata (Common mouse louse)	468196	13864	C:96.3%[S:95.8%,D:0.6%],F:1.2%,M:2.5%,n:1367	Unknown	Unassembled WGS sequence	cellular organisms, Eukaryota, Opisthokonta, Metazoa, Eumetazoa, Bilateria, Protostomia, Ecdysozoa, Panarthropoda, Arthropoda, Mandibulata, Pancrustacea, Hexapoda, Insecta, Dicondylia, Pterygota, Neoptera, Paraneoptera, Psocodea, Troctomorpha, Phthiraptera, Anoplura, Polyplacidae, Polyplax	GCA_037055385.1	full
UP001367676	Parthenolecanium corni	536013	14559	C:85.3%[S:79.9%,D:5.4%],F:1.2%,M:13.5%,n:2510	Unknown	Unassembled WGS sequence	cellular organisms, Eukaryota, Opisthokonta, Metazoa, Eumetazoa, Bilateria, Protostomia, Ecdysozoa, Panarthropoda, Arthropoda, Mandibulata, Pancrustacea, Hexapoda, Insecta, Dicondylia, Pterygota, Neoptera, Paraneoptera, Hemiptera, Sternorrhyncha, Coccoidea, Coccidae, Parthenolecanium	GCA_038050395.1	full
UP001378592	Gryllus longicercus	2509291	18922	C:95.2%[S:67.4%,D:27.9%],F:0.4%,M:4.4%,n:1367	Unknown	Unassembled WGS sequence	cellular organisms, Eukaryota, Opisthokonta, Metazoa, Eumetazoa, Bilateria, Protostomia, Ecdysozoa, Panarthropoda, Arthropoda, Mandibulata, Pancrustacea, Hexapoda, Insecta, Dicondylia, Pterygota, Neoptera, Polyneoptera, Orthoptera, Ensifera, Gryllidea, Grylloidea, Gryllidae, Gryllinae, Gryllus	GCA_038098605.1	full
UP001381693	Halocaridina rubra (Hawaiian red shrimp)	373956	25261	C:82.3%[S:81.2%,D:1.1%],F:9.2%,M:8.5%,n:1013	Unknown	Unassembled WGS sequence	cellular organisms, Eukaryota, Opisthokonta, Metazoa, Eumetazoa, Bilateria, Protostomia, Ecdysozoa, Panarthropoda, Arthropoda, Mandibulata, Pancrustacea, Crustacea, Multicrustacea, Malacostraca, Eumalacostraca, Eucarida, Decapoda, Pleocyemata, Caridea, Atyoidea, Atyidae, Halocaridina	GCA_037179515.1	full
UP001430953	Cardiocondyla obscurior	286306	36213	C:99.3%[S:51.4%,D:47.9%],F:0.1%,M:0.6%,n:5991	Unknown	Linkage Group LG01; Linkage Group LG02; Linkage Group LG03; Linkage Group LG04; Linkage Group LG05; Linkage Group LG06; Linkage Group LG07; Linkage Group LG08; Linkage Group LG09; Linkage Group LG10; Linkage Group LG11; Linkage Group LG12; Linkage Group LG13; Linkage Group LG14; Linkage Group LG15; Linkage Group LG16; Linkage Group LG17; Linkage Group LG18; Linkage Group LG19; Linkage Group LG20; Linkage Group LG21; Linkage Group LG22; Linkage Group LG23; Linkage Group LG24; Linkage Group LG25; Linkage Group LG26; Linkage Group LG27; Linkage Group LG28; Linkage Group LG29; Unassembled WGS sequence	cellular organisms, Eukaryota, Opisthokonta, Metazoa, Eumetazoa, Bilateria, Protostomia, Ecdysozoa, Panarthropoda, Arthropoda, Mandibulata, Pancrustacea, Hexapoda, Insecta, Dicondylia, Pterygota, Neoptera, Endopterygota, Hymenoptera, Apocrita, Aculeata, Formicoidea, Formicidae, Myrmicinae, Crematogastrini, Cardiocondyla	GCA_019399895.2	full
UP001431783	Henosepilachna vigintioctopunctata	420089	23681	C:95.0%[S:83.9%,D:11.1%],F:2.6%,M:2.4%,n:2124	Unknown	Unassembled WGS sequence	cellular organisms, Eukaryota, Opisthokonta, Metazoa, Eumetazoa, Bilateria, Protostomia, Ecdysozoa, Panarthropoda, Arthropoda, Mandibulata, Pancrustacea, Hexapoda, Insecta, Dicondylia, Pterygota, Neoptera, Endopterygota, Coleoptera, Polyphaga, Cucujiformia, Coccinelloidea, Coccinellidae, Epilachninae, Epilachnini, Henosepilachna	GCA_030704895.1	full
UP001434883	Xenoophorus captivus	1517983	29565	C:19.4%[S:19.4%,D:0.0%],F:4.3%,M:76.3%,n:15213	Unknown	Unassembled WGS sequence	cellular organisms, Eukaryota, Opisthokonta, Metazoa, Eumetazoa, Bilateria, Deuterostomia, Chordata, Craniata, Vertebrata, Gnathostomata, Teleostomi, Euteleostomi, Actinopterygii, Actinopteri, Neopterygii, Teleostei, Osteoglossocephalai, Clupeocephala, Euteleosteomorpha, Neoteleostei, Eurypterygia, Ctenosquamata, Acanthomorphata, Euacanthomorphacea, Percomorphaceae, Ovalentaria, Atherinomorphae, Cyprinodontiformes, Cyprinodontoidei, Goodeidae, Xenoophorus	GCA_040091335.1	full
UP001444071	Xenotaenia resolanae	208358	20666	C:27.7%[S:27.6%,D:0.1%],F:4.8%,M:67.4%,n:15213	Unknown	Unassembled WGS sequence	cellular organisms, Eukaryota, Opisthokonta, Metazoa, Eumetazoa, Bilateria, Deuterostomia, Chordata, Craniata, Vertebrata, Gnathostomata, Teleostomi, Euteleostomi, Actinopterygii, Actinopteri, Neopterygii, Teleostei, Osteoglossocephalai, Clupeocephala, Euteleosteomorpha, Neoteleostei, Eurypterygia, Ctenosquamata, Acanthomorphata, Euacanthomorphacea, Percomorphaceae, Ovalentaria, Atherinomorphae, Cyprinodontiformes, Cyprinodontoidei, Goodeidae, Xenotaenia	GCA_040091345.1	full
UP001445076	Cherax quadricarinatus (Australian red claw crayfish)	27406	31051	C:89.1%[S:53.4%,D:35.7%],F:3.7%,M:7.2%,n:1013	Unknown	Chromosome 1; Chromosome 2; Chromosome 3; Chromosome 4; Chromosome 5; Chromosome 6; Chromosome 7; Chromosome 8; Chromosome 9; Chromosome 10; Chromosome 11; Chromosome 12; Chromosome 13; Chromosome 14; Chromosome 15; Chromosome 16; Chromosome 17; Chromosome 18; Chromosome 19; Chromosome 20; Chromosome 21; Chromosome 22; Chromosome 23; Chromosome 24; Chromosome 25; Chromosome 26; Chromosome 27; Chromosome 28; Chromosome 29; Chromosome 30; Chromosome 31; Chromosome 32; Chromosome 33; Chromosome 34; Chromosome 35; Chromosome 36; Chromosome 37; Chromosome 38; Chromosome 39; Chromosome 40; Chromosome 41; Chromosome 42; Chromosome 43; Chromosome 44; Chromosome 45; Chromosome 46; Chromosome 47; Chromosome 48; Chromosome 49; Chromosome 50; Chromosome 51; Chromosome 52; Chromosome 53; Chromosome 54; Chromosome 55; Chromosome 56; Chromosome 57; Chromosome 58; Chromosome 59; Chromosome 60; Chromosome 61; Chromosome 62; Chromosome 63; Chromosome 64; Chromosome 65; Chromosome 66; Chromosome 67; Chromosome 68; Chromosome 69; Chromosome 70; Chromosome 71; Chromosome 72; Chromosome 73; Chromosome 74; Chromosome 75; Chromosome 76; Chromosome 77; Chromosome 78; Chromosome 79; Chromosome 80; Chromosome 81; Chromosome 82; Chromosome 83; Chromosome 84; Chromosome 85; Chromosome 86; Chromosome 87; Chromosome 88; Chromosome 89; Chromosome 90; Chromosome 91; Chromosome 92; Chromosome 93; Chromosome 94; Chromosome 95; Chromosome 96; Chromosome 97; Chromosome 98; Chromosome 99; Chromosome 100; Unassembled WGS sequence	cellular organisms, Eukaryota, Opisthokonta, Metazoa, Eumetazoa, Bilateria, Protostomia, Ecdysozoa, Panarthropoda, Arthropoda, Mandibulata, Pancrustacea, Crustacea, Multicrustacea, Malacostraca, Eumalacostraca, Eucarida, Decapoda, Pleocyemata, Astacidea, Parastacoidea, Parastacidae, Cherax	GCA_038502225.1	full
UP001469553	Ameca splendens	208324	38588	C:53.4%[S:53.2%,D:0.2%],F:6.8%,M:39.8%,n:15213	Unknown	Unassembled WGS sequence	cellular organisms, Eukaryota, Opisthokonta, Metazoa, Eumetazoa, Bilateria, Deuterostomia, Chordata, Craniata, Vertebrata, Gnathostomata, Teleostomi, Euteleostomi, Actinopterygii, Actinopteri, Neopterygii, Teleostei, Osteoglossocephalai, Clupeocephala, Euteleosteomorpha, Neoteleostei, Eurypterygia, Ctenosquamata, Acanthomorphata, Euacanthomorphacea, Percomorphaceae, Ovalentaria, Atherinomorphae, Cyprinodontiformes, Cyprinodontoidei, Goodeidae, Ameca	GCA_040091285.1	full
UP001476798	Goodea atripinnis	208336	33005	C:21.2%[S:21.1%,D:0.1%],F:5.3%,M:73.5%,n:15213	Unknown	Unassembled WGS sequence	cellular organisms, Eukaryota, Opisthokonta, Metazoa, Eumetazoa, Bilateria, Deuterostomia, Chordata, Craniata, Vertebrata, Gnathostomata, Teleostomi, Euteleostomi, Actinopterygii, Actinopteri, Neopterygii, Teleostei, Osteoglossocephalai, Clupeocephala, Euteleosteomorpha, Neoteleostei, Eurypterygia, Ctenosquamata, Acanthomorphata, Euacanthomorphacea, Percomorphaceae, Ovalentaria, Atherinomorphae, Cyprinodontiformes, Cyprinodontoidei, Goodeidae, Goodea	GCA_040091325.1	full
UP001482620	Ilyodon furcidens (goldbreast splitfin)	33524	37929	C:47.5%[S:47.4%,D:0.2%],F:6.5%,M:45.9%,n:15213	Unknown	Unassembled WGS sequence	cellular organisms, Eukaryota, Opisthokonta, Metazoa, Eumetazoa, Bilateria, Deuterostomia, Chordata, Craniata, Vertebrata, Gnathostomata, Teleostomi, Euteleostomi, Actinopterygii, Actinopteri, Neopterygii, Teleostei, Osteoglossocephalai, Clupeocephala, Euteleosteomorpha, Neoteleostei, Eurypterygia, Ctenosquamata, Acanthomorphata, Euacanthomorphacea, Percomorphaceae, Ovalentaria, Atherinomorphae, Cyprinodontiformes, Cyprinodontoidei, Goodeidae, Ilyodon	GCA_040091305.1	full
UP001497535	Meloidogyne enterolobii (Root-knot nematode worm) (Meloidogyne mayaguensis)	390850	45924	C:62.4%[S:16.8%,D:45.6%],F:2.2%,M:35.4%,n:3131	Unknown	Unassembled WGS sequence	cellular organisms, Eukaryota, Opisthokonta, Metazoa, Eumetazoa, Bilateria, Protostomia, Ecdysozoa, Nematoda, Chromadorea, Rhabditida, Tylenchina, Tylenchomorpha, Tylenchoidea, Meloidogynidae, Meloidogyninae, Meloidogyne	GCA_963681835.1	full
UP001497623	Meganyctiphanes norvegica (Northern krill) (Thysanopoda norvegica)	48144	41975	C:84.9%[S:81.5%,D:3.4%],F:6.3%,M:8.8%,n:1013	Unknown	Unassembled WGS sequence	cellular organisms, Eukaryota, Opisthokonta, Metazoa, Eumetazoa, Bilateria, Protostomia, Ecdysozoa, Panarthropoda, Arthropoda, Mandibulata, Pancrustacea, Crustacea, Multicrustacea, Malacostraca, Eumalacostraca, Eucarida, Euphausiacea, Euphausiidae, Meganyctiphanes	GCA_964058975.1	full
UP001516400	Cryptolaemus montrouzieri	559131	25106	C:90.5%[S:83.6%,D:6.9%],F:6.2%,M:3.3%,n:2124	Unknown	Unassembled WGS sequence	cellular organisms, Eukaryota, Opisthokonta, Metazoa, Eumetazoa, Bilateria, Protostomia, Ecdysozoa, Panarthropoda, Arthropoda, Mandibulata, Pancrustacea, Hexapoda, Insecta, Dicondylia, Pterygota, Neoptera, Endopterygota, Coleoptera, Polyphaga, Cucujiformia, Coccinelloidea, Coccinellidae, Scymninae, Scymnini, Cryptolaemus	GCA_013387265.2	full
UP001519460	Batillaria attramentaria	370345	40206	C:73.0%[S:69.2%,D:3.8%],F:2.8%,M:24.2%,n:5295	Unknown	Unassembled WGS sequence	cellular organisms, Eukaryota, Opisthokonta, Metazoa, Eumetazoa, Bilateria, Protostomia, Spiralia, Lophotrochozoa, Mollusca, Gastropoda, Caenogastropoda, Sorbeoconcha, Cerithioidea, Batillariidae, Batillaria	GCA_018292915.2	full
UP001529510	Cirrhinus mrigala (Mrigala)	683832	57290	C:7.5%[S:7.0%,D:0.5%],F:8.5%,M:84.0%,n:3640	Unknown	Chromosome 1; Chromosome 2; Chromosome 3; Chromosome 4; Chromosome 5; Chromosome 6; Chromosome 7; Chromosome 8; Chromosome 9; Chromosome 10; Chromosome 11; Chromosome 12; Chromosome 13; Chromosome 14; Chromosome 15; Chromosome 16; Chromosome 17; Chromosome 18; Chromosome 19; Chromosome 20; Chromosome 21; Chromosome 22; Chromosome 23; Chromosome 24; Chromosome 25; Unassembled WGS sequence	cellular organisms, Eukaryota, Opisthokonta, Metazoa, Eumetazoa, Bilateria, Deuterostomia, Chordata, Craniata, Vertebrata, Gnathostomata, Teleostomi, Euteleostomi, Actinopterygii, Actinopteri, Neopterygii, Teleostei, Osteoglossocephalai, Clupeocephala, Otomorpha, Ostariophysi, Otophysi, Cypriniphysae, Cypriniformes, Cyprinoidei, Cyprinidae, Labeoninae, Labeonini, Cirrhinus	GCA_036247105.2	full
UP001549920	Loxostege sticticalis (Beet webworm moth)	481309	19850	C:98.5%[S:77.7%,D:20.8%],F:0.2%,M:1.2%,n:5286	Unknown	Chromosome 1; Chromosome 2; Chromosome 3; Chromosome 4; Chromosome 5; Chromosome 6; Chromosome 7; Chromosome 8; Chromosome 9; Chromosome 10; Chromosome 11; Chromosome 12; Chromosome 13; Chromosome 14; Chromosome 15; Chromosome 16; Chromosome 17; Chromosome 18; Chromosome 19; Chromosome 20; Chromosome 21; Chromosome 22; Chromosome 23; Chromosome 24; Chromosome 25; Chromosome 26; Chromosome 27; Chromosome 28; Chromosome 29; Chromosome 30; Chromosome 31; Unassembled WGS sequence	cellular organisms, Eukaryota, Opisthokonta, Metazoa, Eumetazoa, Bilateria, Protostomia, Ecdysozoa, Panarthropoda, Arthropoda, Mandibulata, Pancrustacea, Hexapoda, Insecta, Dicondylia, Pterygota, Neoptera, Endopterygota, Amphiesmenoptera, Lepidoptera, Glossata, Neolepidoptera, Heteroneura, Ditrysia, Obtectomera, Pyraloidea, Crambidae, Pyraustinae, Loxostege	GCA_040581525.1	full
UP001558613	Cirrhinus molitorella (mud carp)	172907	36179	C:92.0%[S:90.1%,D:1.9%],F:3.4%,M:4.6%,n:3640	Unknown	Chromosome 1; Chromosome 2; Chromosome 3; Chromosome 4; Chromosome 5; Chromosome 6; Chromosome 7; Chromosome 8; Chromosome 9; Chromosome 10; Chromosome 11; Chromosome 12; Chromosome 13; Chromosome 14; Chromosome 15; Chromosome 16; Chromosome 17; Chromosome 18; Chromosome 19; Chromosome 20; Chromosome 21; Chromosome 22; Chromosome 23; Chromosome 24; Chromosome 25; Unassembled WGS sequence	cellular organisms, Eukaryota, Opisthokonta, Metazoa, Eumetazoa, Bilateria, Deuterostomia, Chordata, Craniata, Vertebrata, Gnathostomata, Teleostomi, Euteleostomi, Actinopterygii, Actinopteri, Neopterygii, Teleostei, Osteoglossocephalai, Clupeocephala, Otomorpha, Ostariophysi, Otophysi, Cypriniphysae, Cypriniformes, Cyprinoidei, Cyprinidae, Labeoninae, Labeonini, Cirrhinus	GCA_040955965.1	full
UP001558632	Trichinella spiralis (Trichina worm)	6334	12252	C:65.4%[S:44.9%,D:20.5%],F:1.5%,M:33.1%,n:3131	Unknown	Unassembled WGS sequence	cellular organisms, Eukaryota, Opisthokonta, Metazoa, Eumetazoa, Bilateria, Protostomia, Ecdysozoa, Nematoda, Enoplea, Dorylaimia, Trichinellida, Trichinellidae, Trichinella	GCA_040955465.1	full
UP001558652	Ranatra chinensis	642074	14301	C:86.9%[S:85.2%,D:1.7%],F:3.0%,M:10.1%,n:2510	Unknown	Chromosome 1; Chromosome 2; Chromosome 3; Chromosome 4; Chromosome 5; Chromosome 6; Chromosome 7; Chromosome 8; Chromosome 9; Chromosome 10; Chromosome 11; Chromosome 12; Chromosome 13; Chromosome 14; Chromosome 15; Chromosome 16; Chromosome 17; Chromosome 18; Chromosome 19; Chromosome 20; Chromosome 21; Chromosome 22; Chromosome 23; Unassembled WGS sequence	cellular organisms, Eukaryota, Opisthokonta, Metazoa, Eumetazoa, Bilateria, Protostomia, Ecdysozoa, Panarthropoda, Arthropoda, Mandibulata, Pancrustacea, Hexapoda, Insecta, Dicondylia, Pterygota, Neoptera, Paraneoptera, Hemiptera, Prosorrhyncha, Heteroptera, Euheteroptera, Neoheteroptera, Panheteroptera, Nepomorpha, Nepidae, Ranatrinae, Ranatra	GCA_040954505.1	full
UP001562425	Culex pipiens pipiens (Northern house mosquito)	38569	20262	C:83.1%[S:72.2%,D:10.9%],F:4.2%,M:12.7%,n:3285	Unknown	Unassembled WGS sequence	cellular organisms, Eukaryota, Opisthokonta, Metazoa, Eumetazoa, Bilateria, Protostomia, Ecdysozoa, Panarthropoda, Arthropoda, Mandibulata, Pancrustacea, Hexapoda, Insecta, Dicondylia, Pterygota, Neoptera, Endopterygota, Diptera, Nematocera, Culicomorpha, Culicoidea, Culicidae, Culicinae, Culicini, Culex, Culex, Culex pipiens complex, Culex pipiens	GCA_041146695.1	full
UP001566132	Hypothenemus hampei (Coffee berry borer)	57062	18281	C:97.6%[S:84.9%,D:12.7%],F:0.7%,M:1.7%,n:2124	Unknown	Unassembled WGS sequence	cellular organisms, Eukaryota, Opisthokonta, Metazoa, Eumetazoa, Bilateria, Protostomia, Ecdysozoa, Panarthropoda, Arthropoda, Mandibulata, Pancrustacea, Hexapoda, Insecta, Dicondylia, Pterygota, Neoptera, Endopterygota, Coleoptera, Polyphaga, Cucujiformia, Curculionoidea, Curculionidae, Scolytinae, Hypothenemus	GCA_041296355.1	full
UP001607302	Vespula squamosa (Southern yellow jacket) (Wasp)	30214	18658	C:92.5%[S:92.2%,D:0.3%],F:2.6%,M:4.8%,n:5991	Unknown	Unassembled WGS sequence	cellular organisms, Eukaryota, Opisthokonta, Metazoa, Eumetazoa, Bilateria, Protostomia, Ecdysozoa, Panarthropoda, Arthropoda, Mandibulata, Pancrustacea, Hexapoda, Insecta, Dicondylia, Pterygota, Neoptera, Endopterygota, Hymenoptera, Apocrita, Aculeata, Vespoidea, Vespidae, Vespinae, Vespula	GCA_043792615.1	full
UP001607303	Vespula maculifrons (Eastern yellow jacket) (Wasp)	7453	21080	C:92.9%[S:92.6%,D:0.3%],F:2.6%,M:4.5%,n:5991	Unknown	Unassembled WGS sequence	cellular organisms, Eukaryota, Opisthokonta, Metazoa, Eumetazoa, Bilateria, Protostomia, Ecdysozoa, Panarthropoda, Arthropoda, Mandibulata, Pancrustacea, Hexapoda, Insecta, Dicondylia, Pterygota, Neoptera, Endopterygota, Hymenoptera, Apocrita, Aculeata, Vespoidea, Vespidae, Vespinae, Vespula	GCA_043792635.1	full
UP001608902	Gnathostoma spinigerum	75299	11854	C:62.7%[S:61.7%,D:1.0%],F:4.4%,M:32.9%,n:3131	Unknown	Unassembled WGS sequence	cellular organisms, Eukaryota, Opisthokonta, Metazoa, Eumetazoa, Bilateria, Protostomia, Ecdysozoa, Nematoda, Chromadorea, Rhabditida, Spirurina, Gnathostomatomorpha, Gnathostomatoidea, Gnathostomatidae, Gnathostoma	GCA_043882145.1	full
UP001610411	Daubentonia madagascariensis (Aye-aye) (Sciurus madagascariensis)	31869	22162	C:56.1%[S:30.8%,D:25.3%],F:1.6%,M:42.3%,n:13780	Unknown	Unassembled WGS sequence	cellular organisms, Eukaryota, Opisthokonta, Metazoa, Eumetazoa, Bilateria, Deuterostomia, Chordata, Craniata, Vertebrata, Gnathostomata, Teleostomi, Euteleostomi, Sarcopterygii, Dipnotetrapodomorpha, Tetrapoda, Amniota, Mammalia, Theria, Eutheria, Boreoeutheria, Euarchontoglires, Primates, Strepsirrhini, Chiromyiformes, Daubentoniidae, Daubentonia	GCA_044048945.1	full
UP001620626	Heterodera trifolii	157864	37880	C:68.9%[S:35.7%,D:33.2%],F:1.4%,M:29.7%,n:3131	Unknown	Unassembled WGS sequence	cellular organisms, Eukaryota, Opisthokonta, Metazoa, Eumetazoa, Bilateria, Protostomia, Ecdysozoa, Nematoda, Chromadorea, Rhabditida, Tylenchina, Tylenchomorpha, Tylenchoidea, Heteroderidae, Heteroderinae, Heterodera	GCA_044932925.1	full
UP001620645	Heterodera schachtii (Sugarbeet cyst nematode worm) (Tylenchus schachtii)	97005	17674	C:68.4%[S:63.9%,D:4.5%],F:1.6%,M:30.0%,n:3131	Unknown	Unassembled WGS sequence	cellular organisms, Eukaryota, Opisthokonta, Metazoa, Eumetazoa, Bilateria, Protostomia, Ecdysozoa, Nematoda, Chromadorea, Rhabditida, Tylenchina, Tylenchomorpha, Tylenchoidea, Heteroderidae, Heteroderinae, Heterodera	GCA_044932975.1	full
UP001623348	Grus japonensis (Japanese crane) (Red-crowned crane)	30415	34534	C:87.2%[S:86.5%,D:0.8%],F:4.1%,M:8.6%,n:8338	Unknown	Unassembled WGS sequence	cellular organisms, Eukaryota, Opisthokonta, Metazoa, Eumetazoa, Bilateria, Deuterostomia, Chordata, Craniata, Vertebrata, Gnathostomata, Teleostomi, Euteleostomi, Sarcopterygii, Dipnotetrapodomorpha, Tetrapoda, Amniota, Sauropsida, Sauria, Archelosauria, Archosauria, Dinosauria, Saurischia, Theropoda, Coelurosauria, Aves, Neognathae, Neoaves, Gruiformes, Gruidae, Grus	GCA_045298695.1	full
UP001623349	Apodemus speciosus (Large Japanese field mouse)	105296	18652	C:87.9%[S:87.5%,D:0.4%],F:3.3%,M:8.8%,n:13798	Unknown	Unassembled WGS sequence	cellular organisms, Eukaryota, Opisthokonta, Metazoa, Eumetazoa, Bilateria, Deuterostomia, Chordata, Craniata, Vertebrata, Gnathostomata, Teleostomi, Euteleostomi, Sarcopterygii, Dipnotetrapodomorpha, Tetrapoda, Amniota, Mammalia, Theria, Eutheria, Boreoeutheria, Euarchontoglires, Glires, Rodentia, Myomorpha, Muroidea, Muridae, Murinae, Apodemus	GCA_045298715.1	full
UP001626550	Cichlidogyrus casuarinus	1844966	14453	C:54.8%[S:54.0%,D:0.8%],F:9.9%,M:35.3%,n:954	Unknown	Unassembled WGS sequence	cellular organisms, Eukaryota, Opisthokonta, Metazoa, Eumetazoa, Bilateria, Protostomia, Spiralia, Lophotrochozoa, Platyhelminthes, Monogenea, Monopisthocotylea, Dactylogyridea, Ancyrocephalidae, Cichlidogyrus	GCA_045687925.1	full
UP001634394	Sinanodonta woodiana (Chinese pond mussel) (Anodonta woodiana)	1069815	44962	C:95.8%[S:71.0%,D:24.8%],F:0.7%,M:3.5%,n:5295	Unknown	Chromosome 1; Chromosome 2; Chromosome 3; Chromosome 4; Chromosome 5; Chromosome 6; Chromosome 7; Chromosome 8; Chromosome 9; Chromosome 10; Chromosome 11; Chromosome 12; Chromosome 13; Chromosome 14; Chromosome 15; Chromosome 16; Chromosome 17; Chromosome 18; Chromosome 19; Unassembled WGS sequence	cellular organisms, Eukaryota, Opisthokonta, Metazoa, Eumetazoa, Bilateria, Protostomia, Spiralia, Lophotrochozoa, Mollusca, Bivalvia, Autobranchia, Heteroconchia, Palaeoheterodonta, Unionida, Unionoidea, Unionidae, Unioninae, Sinanodonta	GCA_046254885.1	full
UP001642483	Clavelina lepadiformis (Light-bulb sea squirt) (Ascidia lepadiformis)	159417	25263	C:93.2%[S:87.1%,D:6.1%],F:1.6%,M:5.2%,n:954	Unknown	Unassembled WGS sequence	cellular organisms, Eukaryota, Opisthokonta, Metazoa, Eumetazoa, Bilateria, Deuterostomia, Chordata, Tunicata, Ascidiacea, Aplousobranchia, Clavelinidae, Clavelina	GCA_963966165.1	full
UP001642520	Xylocopa violacea (Violet carpenter bee) (Apis violacea)	135666	19738	C:99.5%[S:58.0%,D:41.5%],F:0.0%,M:0.5%,n:5991	Unknown	Unassembled WGS sequence	cellular organisms, Eukaryota, Opisthokonta, Metazoa, Eumetazoa, Bilateria, Protostomia, Ecdysozoa, Panarthropoda, Arthropoda, Mandibulata, Pancrustacea, Hexapoda, Insecta, Dicondylia, Pterygota, Neoptera, Endopterygota, Hymenoptera, Apocrita, Aculeata, Apoidea, Anthophila, Apidae, Xylocopinae, Xylocopini, Xylocopa, Xylocopa	GCA_963969225.2	full
UP001642540	Orchesella dallaii	48710	33789	C:96.8%[S:84.8%,D:12.0%],F:1.5%,M:1.7%,n:1013	Unknown	Unassembled WGS sequence	cellular organisms, Eukaryota, Opisthokonta, Metazoa, Eumetazoa, Bilateria, Protostomia, Ecdysozoa, Panarthropoda, Arthropoda, Mandibulata, Pancrustacea, Hexapoda, Collembola, Entomobryomorpha, Entomobryoidea, Orchesellidae, Orchesellinae, Orchesella	GCA_964186735.1	full
UP001651158	Taenia crassiceps	6207	10155	C:62.4%[S:60.7%,D:1.7%],F:8.3%,M:29.4%,n:954	Unknown	Unassembled WGS sequence	cellular organisms, Eukaryota, Opisthokonta, Metazoa, Eumetazoa, Bilateria, Protostomia, Spiralia, Lophotrochozoa, Platyhelminthes, Cestoda, Eucestoda, Cyclophyllidea, Taeniidae, Taenia	GCA_023375655.1	full
UP001652625	Hydra vulgaris (Hydra) (Hydra attenuata)	6087	28723	C:94.7%[S:76.7%,D:17.9%],F:0.7%,M:4.6%,n:954	Unknown	Chromosome 01; Chromosome 02; Chromosome 03; Chromosome 04; Chromosome 05; Chromosome 06; Chromosome 07; Chromosome 08; Chromosome 09; Chromosome 10; Chromosome 11; Chromosome 12; Chromosome 13; Chromosome 14; Chromosome 15	cellular organisms, Eukaryota, Opisthokonta, Metazoa, Eumetazoa, Cnidaria, Hydrozoa, Hydroidolina, Anthoathecata, Aplanulata, Hydridae, Hydra	GCF_038396675.1	full
UP001732720	Castor canadensis (American beaver)	51338	61474		Close to standard (high value)	Chromosome 1; Chromosome 2; Chromosome 3; Chromosome 4; Chromosome 5; Chromosome 6; Chromosome 7; Chromosome 8; Chromosome 9; Chromosome 10; Chromosome X; Chromosome 11; Chromosome 12; Chromosome 13; Chromosome 14; Chromosome 15; Chromosome 16; Chromosome 17; Chromosome 18; Chromosome 19; Unplaced	cellular organisms, Eukaryota, Opisthokonta, Metazoa, Eumetazoa, Bilateria, Deuterostomia, Chordata, Craniata, Vertebrata, Gnathostomata, Teleostomi, Euteleostomi, Sarcopterygii, Dipnotetrapodomorpha, Tetrapoda, Amniota, Mammalia, Theria, Eutheria, Boreoeutheria, Euarchontoglires, Glires, Rodentia, Castorimorpha, Castoridae, Castor	GCF_047511655.1	full