dark_cluster_id	representative_id	candidate_id	cluster_size	cluster_members	cluster_method
dark_cluster_000001	utg577.equina_smart_1417529utrorf.mrna1	utg577.equina_smart_1417529utrorf.mrna1	1	utg577.equina_smart_1417529utrorf.mrna1	exact_python_fallback
dark_cluster_000002	utg470.equina_smart_1414577utrorf.mrna1	utg470.equina_smart_1414577utrorf.mrna1	1	utg470.equina_smart_1414577utrorf.mrna1	exact_python_fallback
dark_cluster_000003	evm.utg7127.50	evm.utg7127.50	2	evm.utg7127.50;evm.utg7127.9	exact_python_fallback
dark_cluster_000003	evm.utg7127.50	evm.utg7127.9	2	evm.utg7127.50;evm.utg7127.9	exact_python_fallback
dark_cluster_000004	utg910.equina_smart_1426377.mrna1	utg910.equina_smart_1426377.mrna1	1	utg910.equina_smart_1426377.mrna1	exact_python_fallback
dark_cluster_000005	evm.utg42547.1	evm.utg42547.1	1	evm.utg42547.1	exact_python_fallback
dark_cluster_000006	evm.utg64.36	evm.utg64.36	1	evm.utg64.36	exact_python_fallback
dark_cluster_000007	evm.utg2371.23	evm.utg2371.23	1	evm.utg2371.23	exact_python_fallback
dark_cluster_000008	evm.utg52.121	evm.utg52.121	1	evm.utg52.121	exact_python_fallback
dark_cluster_000009	evm.utg14913.11	evm.utg14913.11	4	evm.utg14913.11;evm.utg14913.12;evm.utg14913.5;evm.utg14913.6	exact_python_fallback
dark_cluster_000009	evm.utg14913.11	evm.utg14913.12	4	evm.utg14913.11;evm.utg14913.12;evm.utg14913.5;evm.utg14913.6	exact_python_fallback
dark_cluster_000009	evm.utg14913.11	evm.utg14913.5	4	evm.utg14913.11;evm.utg14913.12;evm.utg14913.5;evm.utg14913.6	exact_python_fallback
dark_cluster_000009	evm.utg14913.11	evm.utg14913.6	4	evm.utg14913.11;evm.utg14913.12;evm.utg14913.5;evm.utg14913.6	exact_python_fallback
dark_cluster_000010	evm.utg13276.1	evm.utg13276.1	1	evm.utg13276.1	exact_python_fallback
dark_cluster_000011	evm.utg1828.17	evm.utg1828.17	3	evm.utg1828.17;evm.utg1828.28;evm.utg1828.3	exact_python_fallback
dark_cluster_000011	evm.utg1828.17	evm.utg1828.28	3	evm.utg1828.17;evm.utg1828.28;evm.utg1828.3	exact_python_fallback
dark_cluster_000011	evm.utg1828.17	evm.utg1828.3	3	evm.utg1828.17;evm.utg1828.28;evm.utg1828.3	exact_python_fallback
dark_cluster_000012	utg542.equina_smart_1888803.mrna2	utg542.equina_smart_1888803.mrna2	1	utg542.equina_smart_1888803.mrna2	exact_python_fallback
dark_cluster_000013	utg1079.equina_smart_1888803.mrna3	utg1079.equina_smart_1888803.mrna3	1	utg1079.equina_smart_1888803.mrna3	exact_python_fallback
dark_cluster_000014	utg144.equina_smart_793647.mrna1	utg144.equina_smart_793647.mrna1	1	utg144.equina_smart_793647.mrna1	exact_python_fallback
dark_cluster_000015	evm.utg4607.24	evm.utg4607.24	1	evm.utg4607.24	exact_python_fallback
dark_cluster_000016	evm.utg14366.20	evm.utg14366.20	2	evm.utg14366.20;evm.utg14366.23	exact_python_fallback
dark_cluster_000016	evm.utg14366.20	evm.utg14366.23	2	evm.utg14366.20;evm.utg14366.23	exact_python_fallback
dark_cluster_000017	utg7145.equina_smart_823821.mrna1	utg7145.equina_smart_823821.mrna1	1	utg7145.equina_smart_823821.mrna1	exact_python_fallback
dark_cluster_000018	utg5996.equina_smart_961746.mrna2	utg5996.equina_smart_961746.mrna2	1	utg5996.equina_smart_961746.mrna2	exact_python_fallback
dark_cluster_000019	evm.utg16443.25	evm.utg16443.25	1	evm.utg16443.25	exact_python_fallback
dark_cluster_000020	utg29536.equina_smart_1767923.mrna2	utg29536.equina_smart_1767923.mrna2	1	utg29536.equina_smart_1767923.mrna2	exact_python_fallback
dark_cluster_000021	evm.utg7652.5	evm.utg7652.5	1	evm.utg7652.5	exact_python_fallback
dark_cluster_000022	utg64.equina_smart_363863.mrna1	utg64.equina_smart_363863.mrna1	1	utg64.equina_smart_363863.mrna1	exact_python_fallback
dark_cluster_000023	utg1236.equina_smart_1597874.mrna6	utg1236.equina_smart_1597874.mrna6	1	utg1236.equina_smart_1597874.mrna6	exact_python_fallback
dark_cluster_000024	utg1799.equina_smart_1597874.mrna1	utg1799.equina_smart_1597874.mrna1	3	utg1799.equina_smart_1597874.mrna1;utg1799.equina_smart_1597874.mrna2;utg5367.equina_smart_1597874.mrna3	exact_python_fallback
dark_cluster_000024	utg1799.equina_smart_1597874.mrna1	utg1799.equina_smart_1597874.mrna2	3	utg1799.equina_smart_1597874.mrna1;utg1799.equina_smart_1597874.mrna2;utg5367.equina_smart_1597874.mrna3	exact_python_fallback
dark_cluster_000024	utg1799.equina_smart_1597874.mrna1	utg5367.equina_smart_1597874.mrna3	3	utg1799.equina_smart_1597874.mrna1;utg1799.equina_smart_1597874.mrna2;utg5367.equina_smart_1597874.mrna3	exact_python_fallback
dark_cluster_000025	evm.utg5885.20	evm.utg5885.20	4	evm.utg5885.20;evm.utg5885.59;evm.utg5885.89;evm.utg5885.91	exact_python_fallback
dark_cluster_000025	evm.utg5885.20	evm.utg5885.59	4	evm.utg5885.20;evm.utg5885.59;evm.utg5885.89;evm.utg5885.91	exact_python_fallback
dark_cluster_000025	evm.utg5885.20	evm.utg5885.89	4	evm.utg5885.20;evm.utg5885.59;evm.utg5885.89;evm.utg5885.91	exact_python_fallback
dark_cluster_000025	evm.utg5885.20	evm.utg5885.91	4	evm.utg5885.20;evm.utg5885.59;evm.utg5885.89;evm.utg5885.91	exact_python_fallback
dark_cluster_000026	evm.utg3443.14	evm.utg3443.14	8	evm.utg3443.14;evm.utg3443.39;evm.utg3443.4;evm.utg3443.48;evm.utg3443.5;evm.utg3443.59;evm.utg3443.67;evm.utg3443.72	exact_python_fallback
dark_cluster_000026	evm.utg3443.14	evm.utg3443.39	8	evm.utg3443.14;evm.utg3443.39;evm.utg3443.4;evm.utg3443.48;evm.utg3443.5;evm.utg3443.59;evm.utg3443.67;evm.utg3443.72	exact_python_fallback
dark_cluster_000026	evm.utg3443.14	evm.utg3443.4	8	evm.utg3443.14;evm.utg3443.39;evm.utg3443.4;evm.utg3443.48;evm.utg3443.5;evm.utg3443.59;evm.utg3443.67;evm.utg3443.72	exact_python_fallback
dark_cluster_000026	evm.utg3443.14	evm.utg3443.48	8	evm.utg3443.14;evm.utg3443.39;evm.utg3443.4;evm.utg3443.48;evm.utg3443.5;evm.utg3443.59;evm.utg3443.67;evm.utg3443.72	exact_python_fallback
dark_cluster_000026	evm.utg3443.14	evm.utg3443.5	8	evm.utg3443.14;evm.utg3443.39;evm.utg3443.4;evm.utg3443.48;evm.utg3443.5;evm.utg3443.59;evm.utg3443.67;evm.utg3443.72	exact_python_fallback
dark_cluster_000026	evm.utg3443.14	evm.utg3443.59	8	evm.utg3443.14;evm.utg3443.39;evm.utg3443.4;evm.utg3443.48;evm.utg3443.5;evm.utg3443.59;evm.utg3443.67;evm.utg3443.72	exact_python_fallback
dark_cluster_000026	evm.utg3443.14	evm.utg3443.67	8	evm.utg3443.14;evm.utg3443.39;evm.utg3443.4;evm.utg3443.48;evm.utg3443.5;evm.utg3443.59;evm.utg3443.67;evm.utg3443.72	exact_python_fallback
dark_cluster_000026	evm.utg3443.14	evm.utg3443.72	8	evm.utg3443.14;evm.utg3443.39;evm.utg3443.4;evm.utg3443.48;evm.utg3443.5;evm.utg3443.59;evm.utg3443.67;evm.utg3443.72	exact_python_fallback
dark_cluster_000027	evm.utg10069.4	evm.utg10069.4	1	evm.utg10069.4	exact_python_fallback
dark_cluster_000028	evm.utg560.14	evm.utg560.14	2	evm.utg560.14;evm.utg560.9	exact_python_fallback
dark_cluster_000028	evm.utg560.14	evm.utg560.9	2	evm.utg560.14;evm.utg560.9	exact_python_fallback
dark_cluster_000029	evm.utg12336.33	evm.utg12336.33	1	evm.utg12336.33	exact_python_fallback
dark_cluster_000030	evm.utg2013.14	evm.utg2013.14	2	evm.utg2013.14;evm.utg2013.20	exact_python_fallback
dark_cluster_000030	evm.utg2013.14	evm.utg2013.20	2	evm.utg2013.14;evm.utg2013.20	exact_python_fallback
dark_cluster_000031	evm.utg129.42	evm.utg129.42	4	evm.utg129.42;evm.utg129.50;evm.utg129.71;evm.utg129.73	exact_python_fallback
dark_cluster_000031	evm.utg129.42	evm.utg129.50	4	evm.utg129.42;evm.utg129.50;evm.utg129.71;evm.utg129.73	exact_python_fallback
dark_cluster_000031	evm.utg129.42	evm.utg129.71	4	evm.utg129.42;evm.utg129.50;evm.utg129.71;evm.utg129.73	exact_python_fallback
dark_cluster_000031	evm.utg129.42	evm.utg129.73	4	evm.utg129.42;evm.utg129.50;evm.utg129.71;evm.utg129.73	exact_python_fallback
dark_cluster_000032	evm.utg8672.7	evm.utg8672.7	1	evm.utg8672.7	exact_python_fallback
dark_cluster_000033	utg891.equina_smart_1824870.mrna5	utg891.equina_smart_1824870.mrna5	1	utg891.equina_smart_1824870.mrna5	exact_python_fallback
dark_cluster_000034	utg162.evm.utg7234.5.1.5c22f393.1.5c27974f.mrna3	utg162.evm.utg7234.5.1.5c22f393.1.5c27974f.mrna3	1	utg162.evm.utg7234.5.1.5c22f393.1.5c27974f.mrna3	exact_python_fallback
dark_cluster_000035	evm.utg324.133	evm.utg324.133	12	evm.utg324.133;evm.utg324.161;evm.utg324.177;evm.utg324.178;evm.utg324.21;evm.utg324.222;evm.utg324.42;evm.utg324.47;evm.utg324.77;evm.utg324.8;evm.utg324.89;evm.utg324.92	exact_python_fallback
dark_cluster_000035	evm.utg324.133	evm.utg324.161	12	evm.utg324.133;evm.utg324.161;evm.utg324.177;evm.utg324.178;evm.utg324.21;evm.utg324.222;evm.utg324.42;evm.utg324.47;evm.utg324.77;evm.utg324.8;evm.utg324.89;evm.utg324.92	exact_python_fallback
dark_cluster_000035	evm.utg324.133	evm.utg324.177	12	evm.utg324.133;evm.utg324.161;evm.utg324.177;evm.utg324.178;evm.utg324.21;evm.utg324.222;evm.utg324.42;evm.utg324.47;evm.utg324.77;evm.utg324.8;evm.utg324.89;evm.utg324.92	exact_python_fallback
dark_cluster_000035	evm.utg324.133	evm.utg324.178	12	evm.utg324.133;evm.utg324.161;evm.utg324.177;evm.utg324.178;evm.utg324.21;evm.utg324.222;evm.utg324.42;evm.utg324.47;evm.utg324.77;evm.utg324.8;evm.utg324.89;evm.utg324.92	exact_python_fallback
dark_cluster_000035	evm.utg324.133	evm.utg324.21	12	evm.utg324.133;evm.utg324.161;evm.utg324.177;evm.utg324.178;evm.utg324.21;evm.utg324.222;evm.utg324.42;evm.utg324.47;evm.utg324.77;evm.utg324.8;evm.utg324.89;evm.utg324.92	exact_python_fallback
dark_cluster_000035	evm.utg324.133	evm.utg324.222	12	evm.utg324.133;evm.utg324.161;evm.utg324.177;evm.utg324.178;evm.utg324.21;evm.utg324.222;evm.utg324.42;evm.utg324.47;evm.utg324.77;evm.utg324.8;evm.utg324.89;evm.utg324.92	exact_python_fallback
dark_cluster_000035	evm.utg324.133	evm.utg324.42	12	evm.utg324.133;evm.utg324.161;evm.utg324.177;evm.utg324.178;evm.utg324.21;evm.utg324.222;evm.utg324.42;evm.utg324.47;evm.utg324.77;evm.utg324.8;evm.utg324.89;evm.utg324.92	exact_python_fallback
dark_cluster_000035	evm.utg324.133	evm.utg324.47	12	evm.utg324.133;evm.utg324.161;evm.utg324.177;evm.utg324.178;evm.utg324.21;evm.utg324.222;evm.utg324.42;evm.utg324.47;evm.utg324.77;evm.utg324.8;evm.utg324.89;evm.utg324.92	exact_python_fallback
dark_cluster_000035	evm.utg324.133	evm.utg324.77	12	evm.utg324.133;evm.utg324.161;evm.utg324.177;evm.utg324.178;evm.utg324.21;evm.utg324.222;evm.utg324.42;evm.utg324.47;evm.utg324.77;evm.utg324.8;evm.utg324.89;evm.utg324.92	exact_python_fallback
dark_cluster_000035	evm.utg324.133	evm.utg324.8	12	evm.utg324.133;evm.utg324.161;evm.utg324.177;evm.utg324.178;evm.utg324.21;evm.utg324.222;evm.utg324.42;evm.utg324.47;evm.utg324.77;evm.utg324.8;evm.utg324.89;evm.utg324.92	exact_python_fallback
dark_cluster_000035	evm.utg324.133	evm.utg324.89	12	evm.utg324.133;evm.utg324.161;evm.utg324.177;evm.utg324.178;evm.utg324.21;evm.utg324.222;evm.utg324.42;evm.utg324.47;evm.utg324.77;evm.utg324.8;evm.utg324.89;evm.utg324.92	exact_python_fallback
dark_cluster_000035	evm.utg324.133	evm.utg324.92	12	evm.utg324.133;evm.utg324.161;evm.utg324.177;evm.utg324.178;evm.utg324.21;evm.utg324.222;evm.utg324.42;evm.utg324.47;evm.utg324.77;evm.utg324.8;evm.utg324.89;evm.utg324.92	exact_python_fallback
dark_cluster_000036	utg4046.equina_smart_1453245.mrna1	utg4046.equina_smart_1453245.mrna1	1	utg4046.equina_smart_1453245.mrna1	exact_python_fallback
dark_cluster_000037	utg597.equina_smart_230871.mrna1	utg597.equina_smart_230871.mrna1	1	utg597.equina_smart_230871.mrna1	exact_python_fallback
dark_cluster_000038	utg203.equina_smart_1403064.mrna1	utg203.equina_smart_1403064.mrna1	1	utg203.equina_smart_1403064.mrna1	exact_python_fallback
dark_cluster_000039	utg9561.equina_smart_1466778.mrna1	utg9561.equina_smart_1466778.mrna1	1	utg9561.equina_smart_1466778.mrna1	exact_python_fallback
dark_cluster_000040	evm.utg4604.17	evm.utg4604.17	1	evm.utg4604.17	exact_python_fallback
dark_cluster_000041	evm.utg45865.6	evm.utg45865.6	1	evm.utg45865.6	exact_python_fallback
dark_cluster_000042	evm.utg27318.7	evm.utg27318.7	1	evm.utg27318.7	exact_python_fallback
dark_cluster_000043	utg245.equina_smart_21613.mrna1	utg245.equina_smart_21613.mrna1	1	utg245.equina_smart_21613.mrna1	exact_python_fallback
dark_cluster_000044	utg1137.equina_smart_711747.mrna5	utg1137.equina_smart_711747.mrna5	1	utg1137.equina_smart_711747.mrna5	exact_python_fallback
dark_cluster_000045	utg1101.equina_smart_711747.mrna7	utg1101.equina_smart_711747.mrna7	1	utg1101.equina_smart_711747.mrna7	exact_python_fallback
dark_cluster_000046	evm.utg456.7	evm.utg456.7	1	evm.utg456.7	exact_python_fallback
dark_cluster_000047	utg382.equina_smart_263936.mrna1	utg382.equina_smart_263936.mrna1	1	utg382.equina_smart_263936.mrna1	exact_python_fallback
dark_cluster_000048	evm.utg34691.19	evm.utg34691.19	3	evm.utg34691.19;evm.utg34691.20;evm.utg34691.7	exact_python_fallback
dark_cluster_000048	evm.utg34691.19	evm.utg34691.20	3	evm.utg34691.19;evm.utg34691.20;evm.utg34691.7	exact_python_fallback
dark_cluster_000048	evm.utg34691.19	evm.utg34691.7	3	evm.utg34691.19;evm.utg34691.20;evm.utg34691.7	exact_python_fallback
dark_cluster_000049	evm.utg1140.8	evm.utg1140.8	1	evm.utg1140.8	exact_python_fallback
dark_cluster_000050	utg348.equina_smart_991203.mrna1	utg348.equina_smart_991203.mrna1	1	utg348.equina_smart_991203.mrna1	exact_python_fallback
dark_cluster_000051	utg6834.equina_smart_1461561.mrna1	utg6834.equina_smart_1461561.mrna1	1	utg6834.equina_smart_1461561.mrna1	exact_python_fallback
dark_cluster_000052	evm.utg7217.50	evm.utg7217.50	1	evm.utg7217.50	exact_python_fallback
dark_cluster_000053	utg544.equina_smart_1392946.mrna2	utg544.equina_smart_1392946.mrna2	1	utg544.equina_smart_1392946.mrna2	exact_python_fallback
dark_cluster_000054	evm.utg28077.1	evm.utg28077.1	3	evm.utg28077.1;evm.utg28077.5;evm.utg28077.7	exact_python_fallback
dark_cluster_000054	evm.utg28077.1	evm.utg28077.5	3	evm.utg28077.1;evm.utg28077.5;evm.utg28077.7	exact_python_fallback
dark_cluster_000054	evm.utg28077.1	evm.utg28077.7	3	evm.utg28077.1;evm.utg28077.5;evm.utg28077.7	exact_python_fallback
dark_cluster_000055	evm.utg413.14	evm.utg413.14	2	evm.utg413.14;evm.utg413.22	exact_python_fallback
dark_cluster_000055	evm.utg413.14	evm.utg413.22	2	evm.utg413.14;evm.utg413.22	exact_python_fallback
dark_cluster_000056	evm.utg3753.62	evm.utg3753.62	1	evm.utg3753.62	exact_python_fallback
dark_cluster_000057	evm.utg1270.21	evm.utg1270.21	1	evm.utg1270.21	exact_python_fallback
dark_cluster_000058	utg1931.equina_smart_1119346.mrna1	utg1931.equina_smart_1119346.mrna1	1	utg1931.equina_smart_1119346.mrna1	exact_python_fallback
dark_cluster_000059	utg150.equina_smart_1119346.mrna2	utg150.equina_smart_1119346.mrna2	1	utg150.equina_smart_1119346.mrna2	exact_python_fallback
dark_cluster_000060	evm.utg160.10	evm.utg160.10	4	evm.utg160.10;evm.utg160.34;evm.utg160.35;evm.utg160.40	exact_python_fallback
dark_cluster_000060	evm.utg160.10	evm.utg160.34	4	evm.utg160.10;evm.utg160.34;evm.utg160.35;evm.utg160.40	exact_python_fallback
dark_cluster_000060	evm.utg160.10	evm.utg160.35	4	evm.utg160.10;evm.utg160.34;evm.utg160.35;evm.utg160.40	exact_python_fallback
dark_cluster_000060	evm.utg160.10	evm.utg160.40	4	evm.utg160.10;evm.utg160.34;evm.utg160.35;evm.utg160.40	exact_python_fallback
dark_cluster_000061	utg3906.equina_smart_1453000.mrna1	utg3906.equina_smart_1453000.mrna1	1	utg3906.equina_smart_1453000.mrna1	exact_python_fallback
dark_cluster_000062	evm.utg734.11	evm.utg734.11	6	evm.utg734.11;evm.utg734.21;evm.utg734.22;evm.utg734.37;evm.utg734.41;evm.utg734.47	exact_python_fallback
dark_cluster_000062	evm.utg734.11	evm.utg734.21	6	evm.utg734.11;evm.utg734.21;evm.utg734.22;evm.utg734.37;evm.utg734.41;evm.utg734.47	exact_python_fallback
dark_cluster_000062	evm.utg734.11	evm.utg734.22	6	evm.utg734.11;evm.utg734.21;evm.utg734.22;evm.utg734.37;evm.utg734.41;evm.utg734.47	exact_python_fallback
dark_cluster_000062	evm.utg734.11	evm.utg734.37	6	evm.utg734.11;evm.utg734.21;evm.utg734.22;evm.utg734.37;evm.utg734.41;evm.utg734.47	exact_python_fallback
dark_cluster_000062	evm.utg734.11	evm.utg734.41	6	evm.utg734.11;evm.utg734.21;evm.utg734.22;evm.utg734.37;evm.utg734.41;evm.utg734.47	exact_python_fallback
dark_cluster_000062	evm.utg734.11	evm.utg734.47	6	evm.utg734.11;evm.utg734.21;evm.utg734.22;evm.utg734.37;evm.utg734.41;evm.utg734.47	exact_python_fallback
dark_cluster_000063	evm.utg2529.31	evm.utg2529.31	1	evm.utg2529.31	exact_python_fallback
dark_cluster_000064	evm.utg16444.15	evm.utg16444.15	3	evm.utg16444.15;evm.utg16444.25;evm.utg16444.4	exact_python_fallback
dark_cluster_000064	evm.utg16444.15	evm.utg16444.25	3	evm.utg16444.15;evm.utg16444.25;evm.utg16444.4	exact_python_fallback
dark_cluster_000064	evm.utg16444.15	evm.utg16444.4	3	evm.utg16444.15;evm.utg16444.25;evm.utg16444.4	exact_python_fallback
dark_cluster_000065	evm.utg9602.31	evm.utg9602.31	1	evm.utg9602.31	exact_python_fallback
dark_cluster_000066	evm.utg18063.3	evm.utg18063.3	1	evm.utg18063.3	exact_python_fallback
dark_cluster_000067	evm.utg761.6	evm.utg761.6	1	evm.utg761.6	exact_python_fallback
dark_cluster_000068	evm.utg382.17	evm.utg382.17	1	evm.utg382.17	exact_python_fallback
dark_cluster_000069	evm.utg109.74	evm.utg109.74	1	evm.utg109.74	exact_python_fallback
dark_cluster_000070	evm.utg203.137	evm.utg203.137	2	evm.utg203.137;evm.utg203.41	exact_python_fallback
dark_cluster_000070	evm.utg203.137	evm.utg203.41	2	evm.utg203.137;evm.utg203.41	exact_python_fallback
dark_cluster_000071	evm.utg2379.16	evm.utg2379.16	1	evm.utg2379.16	exact_python_fallback
dark_cluster_000072	evm.utg334.13	evm.utg334.13	1	evm.utg334.13	exact_python_fallback
dark_cluster_000073	evm.utg577.27	evm.utg577.27	1	evm.utg577.27	exact_python_fallback
dark_cluster_000074	evm.utg209609.5	evm.utg209609.5	1	evm.utg209609.5	exact_python_fallback
dark_cluster_000075	evm.utg1143.34	evm.utg1143.34	1	evm.utg1143.34	exact_python_fallback
dark_cluster_000076	evm.utg1137.51	evm.utg1137.51	1	evm.utg1137.51	exact_python_fallback
dark_cluster_000077	evm.utg32914.1	evm.utg32914.1	1	evm.utg32914.1	exact_python_fallback
dark_cluster_000078	evm.utg34096.6	evm.utg34096.6	1	evm.utg34096.6	exact_python_fallback
dark_cluster_000079	evm.utg549.12	evm.utg549.12	1	evm.utg549.12	exact_python_fallback
dark_cluster_000080	evm.utg1846.31	evm.utg1846.31	1	evm.utg1846.31	exact_python_fallback
dark_cluster_000081	utg225.equina_smart_1124481.mrna2	utg225.equina_smart_1124481.mrna2	1	utg225.equina_smart_1124481.mrna2	exact_python_fallback
dark_cluster_000082	evm.utg2367.9	evm.utg2367.9	1	evm.utg2367.9	exact_python_fallback
dark_cluster_000083	evm.utg2299.18	evm.utg2299.18	2	evm.utg2299.18;evm.utg2299.6	exact_python_fallback
dark_cluster_000083	evm.utg2299.18	evm.utg2299.6	2	evm.utg2299.18;evm.utg2299.6	exact_python_fallback
dark_cluster_000084	evm.utg7522.59	evm.utg7522.59	1	evm.utg7522.59	exact_python_fallback
dark_cluster_000085	evm.utg1819.34	evm.utg1819.34	3	evm.utg1819.34;evm.utg1819.35;evm.utg1819.52	exact_python_fallback
dark_cluster_000085	evm.utg1819.34	evm.utg1819.35	3	evm.utg1819.34;evm.utg1819.35;evm.utg1819.52	exact_python_fallback
dark_cluster_000085	evm.utg1819.34	evm.utg1819.52	3	evm.utg1819.34;evm.utg1819.35;evm.utg1819.52	exact_python_fallback
dark_cluster_000086	evm.utg4428.17	evm.utg4428.17	2	evm.utg4428.17;evm.utg4428.7	exact_python_fallback
dark_cluster_000086	evm.utg4428.17	evm.utg4428.7	2	evm.utg4428.17;evm.utg4428.7	exact_python_fallback
dark_cluster_000087	evm.utg6924.23	evm.utg6924.23	2	evm.utg6924.23;evm.utg6924.34	exact_python_fallback
dark_cluster_000087	evm.utg6924.23	evm.utg6924.34	2	evm.utg6924.23;evm.utg6924.34	exact_python_fallback
dark_cluster_000088	evm.utg2071.18	evm.utg2071.18	1	evm.utg2071.18	exact_python_fallback
dark_cluster_000089	evm.utg117.9	evm.utg117.9	1	evm.utg117.9	exact_python_fallback
dark_cluster_000090	evm.utg11494.12	evm.utg11494.12	2	evm.utg11494.12;evm.utg11494.2	exact_python_fallback
dark_cluster_000090	evm.utg11494.12	evm.utg11494.2	2	evm.utg11494.12;evm.utg11494.2	exact_python_fallback
dark_cluster_000091	evm.utg431.37	evm.utg431.37	1	evm.utg431.37	exact_python_fallback
dark_cluster_000092	evm.utg18553.5	evm.utg18553.5	2	evm.utg18553.5;evm.utg18553.9	exact_python_fallback
dark_cluster_000092	evm.utg18553.5	evm.utg18553.9	2	evm.utg18553.5;evm.utg18553.9	exact_python_fallback
dark_cluster_000093	evm.utg10470.36	evm.utg10470.36	1	evm.utg10470.36	exact_python_fallback
dark_cluster_000094	evm.utg2303.52	evm.utg2303.52	1	evm.utg2303.52	exact_python_fallback
dark_cluster_000095	evm.utg10588.6	evm.utg10588.6	1	evm.utg10588.6	exact_python_fallback
dark_cluster_000096	evm.utg7403.3	evm.utg7403.3	1	evm.utg7403.3	exact_python_fallback
dark_cluster_000097	evm.utg126.60	evm.utg126.60	1	evm.utg126.60	exact_python_fallback
dark_cluster_000098	evm.utg4977.1	evm.utg4977.1	2	evm.utg4977.1;evm.utg4977.6	exact_python_fallback
dark_cluster_000098	evm.utg4977.1	evm.utg4977.6	2	evm.utg4977.1;evm.utg4977.6	exact_python_fallback
dark_cluster_000099	evm.utg7289.1	evm.utg7289.1	1	evm.utg7289.1	exact_python_fallback
dark_cluster_000100	evm.utg259.10	evm.utg259.10	1	evm.utg259.10	exact_python_fallback
dark_cluster_000101	evm.utg4879.2	evm.utg4879.2	1	evm.utg4879.2	exact_python_fallback
dark_cluster_000102	evm.utg217.22	evm.utg217.22	4	evm.utg217.22;evm.utg217.24;evm.utg217.25;evm.utg217.26	exact_python_fallback
dark_cluster_000102	evm.utg217.22	evm.utg217.24	4	evm.utg217.22;evm.utg217.24;evm.utg217.25;evm.utg217.26	exact_python_fallback
dark_cluster_000102	evm.utg217.22	evm.utg217.25	4	evm.utg217.22;evm.utg217.24;evm.utg217.25;evm.utg217.26	exact_python_fallback
dark_cluster_000102	evm.utg217.22	evm.utg217.26	4	evm.utg217.22;evm.utg217.24;evm.utg217.25;evm.utg217.26	exact_python_fallback
dark_cluster_000103	evm.utg16180.1	evm.utg16180.1	1	evm.utg16180.1	exact_python_fallback
dark_cluster_000104	evm.utg293.32	evm.utg293.32	1	evm.utg293.32	exact_python_fallback
dark_cluster_000105	evm.utg221.20	evm.utg221.20	2	evm.utg221.20;evm.utg221.38	exact_python_fallback
dark_cluster_000105	evm.utg221.20	evm.utg221.38	2	evm.utg221.20;evm.utg221.38	exact_python_fallback
dark_cluster_000106	utg8494.equina_smart_1464943.mrna1	utg8494.equina_smart_1464943.mrna1	1	utg8494.equina_smart_1464943.mrna1	exact_python_fallback
dark_cluster_000107	utg31256.equina_smart_1477605.mrna1	utg31256.equina_smart_1477605.mrna1	1	utg31256.equina_smart_1477605.mrna1	exact_python_fallback
dark_cluster_000108	evm.utg7412.30	evm.utg7412.30	1	evm.utg7412.30	exact_python_fallback
dark_cluster_000109	evm.utg5290.18	evm.utg5290.18	1	evm.utg5290.18	exact_python_fallback
dark_cluster_000110	evm.utg52.84	evm.utg52.84	1	evm.utg52.84	exact_python_fallback
dark_cluster_000111	evm.utg8494.2	evm.utg8494.2	5	evm.utg8494.2;evm.utg8494.21;evm.utg8494.38;evm.utg8494.88;evm.utg8494.97	exact_python_fallback
dark_cluster_000111	evm.utg8494.2	evm.utg8494.21	5	evm.utg8494.2;evm.utg8494.21;evm.utg8494.38;evm.utg8494.88;evm.utg8494.97	exact_python_fallback
dark_cluster_000111	evm.utg8494.2	evm.utg8494.38	5	evm.utg8494.2;evm.utg8494.21;evm.utg8494.38;evm.utg8494.88;evm.utg8494.97	exact_python_fallback
dark_cluster_000111	evm.utg8494.2	evm.utg8494.88	5	evm.utg8494.2;evm.utg8494.21;evm.utg8494.38;evm.utg8494.88;evm.utg8494.97	exact_python_fallback
dark_cluster_000111	evm.utg8494.2	evm.utg8494.97	5	evm.utg8494.2;evm.utg8494.21;evm.utg8494.38;evm.utg8494.88;evm.utg8494.97	exact_python_fallback
dark_cluster_000112	evm.utg56260.1	evm.utg56260.1	2	evm.utg56260.1;evm.utg56260.2	exact_python_fallback
dark_cluster_000112	evm.utg56260.1	evm.utg56260.2	2	evm.utg56260.1;evm.utg56260.2	exact_python_fallback
dark_cluster_000113	evm.utg279.3	evm.utg279.3	1	evm.utg279.3	exact_python_fallback
dark_cluster_000114	evm.utg542.23	evm.utg542.23	1	evm.utg542.23	exact_python_fallback
dark_cluster_000115	evm.utg1662.1	evm.utg1662.1	1	evm.utg1662.1	exact_python_fallback
dark_cluster_000116	evm.utg456.20	evm.utg456.20	1	evm.utg456.20	exact_python_fallback
dark_cluster_000117	evm.utg4695.41	evm.utg4695.41	1	evm.utg4695.41	exact_python_fallback
dark_cluster_000118	evm.utg4613.43	evm.utg4613.43	1	evm.utg4613.43	exact_python_fallback
dark_cluster_000119	evm.utg1345.27	evm.utg1345.27	1	evm.utg1345.27	exact_python_fallback
dark_cluster_000120	evm.utg580.14	evm.utg580.14	9	evm.utg580.14;evm.utg580.17;evm.utg580.33;evm.utg580.37;evm.utg580.41;evm.utg580.52;evm.utg580.53;evm.utg580.7;evm.utg580.82	exact_python_fallback
dark_cluster_000120	evm.utg580.14	evm.utg580.17	9	evm.utg580.14;evm.utg580.17;evm.utg580.33;evm.utg580.37;evm.utg580.41;evm.utg580.52;evm.utg580.53;evm.utg580.7;evm.utg580.82	exact_python_fallback
dark_cluster_000120	evm.utg580.14	evm.utg580.33	9	evm.utg580.14;evm.utg580.17;evm.utg580.33;evm.utg580.37;evm.utg580.41;evm.utg580.52;evm.utg580.53;evm.utg580.7;evm.utg580.82	exact_python_fallback
dark_cluster_000120	evm.utg580.14	evm.utg580.37	9	evm.utg580.14;evm.utg580.17;evm.utg580.33;evm.utg580.37;evm.utg580.41;evm.utg580.52;evm.utg580.53;evm.utg580.7;evm.utg580.82	exact_python_fallback
dark_cluster_000120	evm.utg580.14	evm.utg580.41	9	evm.utg580.14;evm.utg580.17;evm.utg580.33;evm.utg580.37;evm.utg580.41;evm.utg580.52;evm.utg580.53;evm.utg580.7;evm.utg580.82	exact_python_fallback
dark_cluster_000120	evm.utg580.14	evm.utg580.52	9	evm.utg580.14;evm.utg580.17;evm.utg580.33;evm.utg580.37;evm.utg580.41;evm.utg580.52;evm.utg580.53;evm.utg580.7;evm.utg580.82	exact_python_fallback
dark_cluster_000120	evm.utg580.14	evm.utg580.53	9	evm.utg580.14;evm.utg580.17;evm.utg580.33;evm.utg580.37;evm.utg580.41;evm.utg580.52;evm.utg580.53;evm.utg580.7;evm.utg580.82	exact_python_fallback
dark_cluster_000120	evm.utg580.14	evm.utg580.7	9	evm.utg580.14;evm.utg580.17;evm.utg580.33;evm.utg580.37;evm.utg580.41;evm.utg580.52;evm.utg580.53;evm.utg580.7;evm.utg580.82	exact_python_fallback
dark_cluster_000120	evm.utg580.14	evm.utg580.82	9	evm.utg580.14;evm.utg580.17;evm.utg580.33;evm.utg580.37;evm.utg580.41;evm.utg580.52;evm.utg580.53;evm.utg580.7;evm.utg580.82	exact_python_fallback
dark_cluster_000121	evm.utg359.20	evm.utg359.20	3	evm.utg359.20;evm.utg359.3;evm.utg359.9	exact_python_fallback
dark_cluster_000121	evm.utg359.20	evm.utg359.3	3	evm.utg359.20;evm.utg359.3;evm.utg359.9	exact_python_fallback
dark_cluster_000121	evm.utg359.20	evm.utg359.9	3	evm.utg359.20;evm.utg359.3;evm.utg359.9	exact_python_fallback
dark_cluster_000122	evm.utg435.5	evm.utg435.5	1	evm.utg435.5	exact_python_fallback
dark_cluster_000123	evm.utg12341.2	evm.utg12341.2	1	evm.utg12341.2	exact_python_fallback
dark_cluster_000124	evm.utg9875.11	evm.utg9875.11	1	evm.utg9875.11	exact_python_fallback
dark_cluster_000125	utg109.equina_smart_1630186.mrna12	utg109.equina_smart_1630186.mrna12	1	utg109.equina_smart_1630186.mrna12	exact_python_fallback
dark_cluster_000126	utg163.equina_smart_1630186.mrna1	utg163.equina_smart_1630186.mrna1	4	utg163.equina_smart_1630186.mrna1;utg163.equina_smart_1630186.mrna4;utg2303.equina_smart_1630186.mrna2;utg2303.equina_smart_1630186.mrna3	exact_python_fallback
dark_cluster_000126	utg163.equina_smart_1630186.mrna1	utg163.equina_smart_1630186.mrna4	4	utg163.equina_smart_1630186.mrna1;utg163.equina_smart_1630186.mrna4;utg2303.equina_smart_1630186.mrna2;utg2303.equina_smart_1630186.mrna3	exact_python_fallback
dark_cluster_000126	utg163.equina_smart_1630186.mrna1	utg2303.equina_smart_1630186.mrna2	4	utg163.equina_smart_1630186.mrna1;utg163.equina_smart_1630186.mrna4;utg2303.equina_smart_1630186.mrna2;utg2303.equina_smart_1630186.mrna3	exact_python_fallback
dark_cluster_000126	utg163.equina_smart_1630186.mrna1	utg2303.equina_smart_1630186.mrna3	4	utg163.equina_smart_1630186.mrna1;utg163.equina_smart_1630186.mrna4;utg2303.equina_smart_1630186.mrna2;utg2303.equina_smart_1630186.mrna3	exact_python_fallback
dark_cluster_000127	evm.utg2269.30	evm.utg2269.30	1	evm.utg2269.30	exact_python_fallback
dark_cluster_000128	evm.utg77.55	evm.utg77.55	1	evm.utg77.55	exact_python_fallback
dark_cluster_000129	evm.utg1748.32	evm.utg1748.32	1	evm.utg1748.32	exact_python_fallback
dark_cluster_000130	evm.utg24438.19	evm.utg24438.19	2	evm.utg24438.19;evm.utg24438.8	exact_python_fallback
dark_cluster_000130	evm.utg24438.19	evm.utg24438.8	2	evm.utg24438.19;evm.utg24438.8	exact_python_fallback
dark_cluster_000131	evm.utg324.140	evm.utg324.140	1	evm.utg324.140	exact_python_fallback
dark_cluster_000132	evm.utg1404.13	evm.utg1404.13	1	evm.utg1404.13	exact_python_fallback
dark_cluster_000133	evm.utg12897.18	evm.utg12897.18	1	evm.utg12897.18	exact_python_fallback
dark_cluster_000134	evm.utg2704.43	evm.utg2704.43	1	evm.utg2704.43	exact_python_fallback
dark_cluster_000135	evm.utg73.109	evm.utg73.109	1	evm.utg73.109	exact_python_fallback
dark_cluster_000136	evm.utg13597.7	evm.utg13597.7	1	evm.utg13597.7	exact_python_fallback
dark_cluster_000137	evm.utg402.26	evm.utg402.26	1	evm.utg402.26	exact_python_fallback
dark_cluster_000138	evm.utg1345.42	evm.utg1345.42	1	evm.utg1345.42	exact_python_fallback
dark_cluster_000139	evm.utg302.16	evm.utg302.16	1	evm.utg302.16	exact_python_fallback
dark_cluster_000140	evm.utg1052.12	evm.utg1052.12	5	evm.utg1052.12;evm.utg1052.38;evm.utg1052.4;evm.utg1052.5;evm.utg1052.52	exact_python_fallback
dark_cluster_000140	evm.utg1052.12	evm.utg1052.38	5	evm.utg1052.12;evm.utg1052.38;evm.utg1052.4;evm.utg1052.5;evm.utg1052.52	exact_python_fallback
dark_cluster_000140	evm.utg1052.12	evm.utg1052.4	5	evm.utg1052.12;evm.utg1052.38;evm.utg1052.4;evm.utg1052.5;evm.utg1052.52	exact_python_fallback
dark_cluster_000140	evm.utg1052.12	evm.utg1052.5	5	evm.utg1052.12;evm.utg1052.38;evm.utg1052.4;evm.utg1052.5;evm.utg1052.52	exact_python_fallback
dark_cluster_000140	evm.utg1052.12	evm.utg1052.52	5	evm.utg1052.12;evm.utg1052.38;evm.utg1052.4;evm.utg1052.5;evm.utg1052.52	exact_python_fallback
dark_cluster_000141	evm.utg12688.18	evm.utg12688.18	1	evm.utg12688.18	exact_python_fallback
dark_cluster_000142	evm.utg12336.11	evm.utg12336.11	1	evm.utg12336.11	exact_python_fallback
dark_cluster_000143	evm.utg1684.3	evm.utg1684.3	1	evm.utg1684.3	exact_python_fallback
dark_cluster_000144	evm.utg4172.40	evm.utg4172.40	1	evm.utg4172.40	exact_python_fallback
dark_cluster_000145	evm.utg375.1	evm.utg375.1	1	evm.utg375.1	exact_python_fallback
dark_cluster_000146	evm.utg236.10	evm.utg236.10	1	evm.utg236.10	exact_python_fallback
dark_cluster_000147	evm.utg129201.2	evm.utg129201.2	1	evm.utg129201.2	exact_python_fallback
dark_cluster_000148	evm.utg27318.17	evm.utg27318.17	1	evm.utg27318.17	exact_python_fallback
dark_cluster_000149	evm.utg4194.61	evm.utg4194.61	1	evm.utg4194.61	exact_python_fallback
dark_cluster_000150	evm.utg262.12	evm.utg262.12	7	evm.utg262.12;evm.utg262.15;evm.utg262.32;evm.utg262.49;evm.utg262.50;evm.utg262.60;evm.utg262.78	exact_python_fallback
dark_cluster_000150	evm.utg262.12	evm.utg262.15	7	evm.utg262.12;evm.utg262.15;evm.utg262.32;evm.utg262.49;evm.utg262.50;evm.utg262.60;evm.utg262.78	exact_python_fallback
dark_cluster_000150	evm.utg262.12	evm.utg262.32	7	evm.utg262.12;evm.utg262.15;evm.utg262.32;evm.utg262.49;evm.utg262.50;evm.utg262.60;evm.utg262.78	exact_python_fallback
dark_cluster_000150	evm.utg262.12	evm.utg262.49	7	evm.utg262.12;evm.utg262.15;evm.utg262.32;evm.utg262.49;evm.utg262.50;evm.utg262.60;evm.utg262.78	exact_python_fallback
dark_cluster_000150	evm.utg262.12	evm.utg262.50	7	evm.utg262.12;evm.utg262.15;evm.utg262.32;evm.utg262.49;evm.utg262.50;evm.utg262.60;evm.utg262.78	exact_python_fallback
dark_cluster_000150	evm.utg262.12	evm.utg262.60	7	evm.utg262.12;evm.utg262.15;evm.utg262.32;evm.utg262.49;evm.utg262.50;evm.utg262.60;evm.utg262.78	exact_python_fallback
dark_cluster_000150	evm.utg262.12	evm.utg262.78	7	evm.utg262.12;evm.utg262.15;evm.utg262.32;evm.utg262.49;evm.utg262.50;evm.utg262.60;evm.utg262.78	exact_python_fallback
dark_cluster_000151	evm.utg7522.41	evm.utg7522.41	1	evm.utg7522.41	exact_python_fallback
dark_cluster_000152	evm.utg890.39	evm.utg890.39	1	evm.utg890.39	exact_python_fallback
dark_cluster_000153	evm.utg3839.54	evm.utg3839.54	1	evm.utg3839.54	exact_python_fallback
dark_cluster_000154	evm.utg1221.3	evm.utg1221.3	1	evm.utg1221.3	exact_python_fallback
dark_cluster_000155	utg21979.evm.utg35510.2.mrna3	utg21979.evm.utg35510.2.mrna3	1	utg21979.evm.utg35510.2.mrna3	exact_python_fallback
dark_cluster_000156	evm.utg35510.2	evm.utg35510.2	1	evm.utg35510.2	exact_python_fallback
dark_cluster_000157	evm.utg2255.1	evm.utg2255.1	1	evm.utg2255.1	exact_python_fallback
dark_cluster_000158	utg243.equina_smart_1555422.mrna1	utg243.equina_smart_1555422.mrna1	1	utg243.equina_smart_1555422.mrna1	exact_python_fallback
dark_cluster_000159	utg4907.equina_smart_1800651.mrna1	utg4907.equina_smart_1800651.mrna1	1	utg4907.equina_smart_1800651.mrna1	exact_python_fallback
dark_cluster_000160	evm.utg129.5	evm.utg129.5	1	evm.utg129.5	exact_python_fallback
dark_cluster_000161	evm.utg967.21	evm.utg967.21	1	evm.utg967.21	exact_python_fallback
dark_cluster_000162	utg214.equina_smart_1403593.mrna1	utg214.equina_smart_1403593.mrna1	1	utg214.equina_smart_1403593.mrna1	exact_python_fallback
dark_cluster_000163	evm.utg9285.29	evm.utg9285.29	1	evm.utg9285.29	exact_python_fallback
dark_cluster_000164	evm.utg1648.33	evm.utg1648.33	1	evm.utg1648.33	exact_python_fallback
dark_cluster_000165	evm.utg13607.2	evm.utg13607.2	1	evm.utg13607.2	exact_python_fallback
dark_cluster_000166	evm.utg356.51	evm.utg356.51	1	evm.utg356.51	exact_python_fallback
dark_cluster_000167	evm.utg101.28	evm.utg101.28	1	evm.utg101.28	exact_python_fallback
dark_cluster_000168	utg4.equina_smart_49562.mrna1	utg4.equina_smart_49562.mrna1	1	utg4.equina_smart_49562.mrna1	exact_python_fallback
dark_cluster_000169	evm.utg172.63	evm.utg172.63	1	evm.utg172.63	exact_python_fallback
dark_cluster_000170	evm.utg20678.20	evm.utg20678.20	1	evm.utg20678.20	exact_python_fallback
dark_cluster_000171	utg14923.equina_smart_1471264.mrna1	utg14923.equina_smart_1471264.mrna1	1	utg14923.equina_smart_1471264.mrna1	exact_python_fallback
dark_cluster_000172	utg54.equina_smart_1393695.mrna1	utg54.equina_smart_1393695.mrna1	1	utg54.equina_smart_1393695.mrna1	exact_python_fallback
dark_cluster_000173	utg107.equina_smart_1053285.mrna1	utg107.equina_smart_1053285.mrna1	1	utg107.equina_smart_1053285.mrna1	exact_python_fallback
dark_cluster_000174	evm.utg708.7	evm.utg708.7	1	evm.utg708.7	exact_python_fallback
dark_cluster_000175	evm.utg20813.23	evm.utg20813.23	1	evm.utg20813.23	exact_python_fallback
dark_cluster_000176	evm.utg17667.1	evm.utg17667.1	1	evm.utg17667.1	exact_python_fallback
dark_cluster_000177	evm.utg2529.26	evm.utg2529.26	1	evm.utg2529.26	exact_python_fallback
dark_cluster_000178	evm.utg600.36	evm.utg600.36	1	evm.utg600.36	exact_python_fallback
dark_cluster_000179	evm.utg92.153	evm.utg92.153	1	evm.utg92.153	exact_python_fallback
dark_cluster_000180	evm.utg17994.1	evm.utg17994.1	1	evm.utg17994.1	exact_python_fallback
dark_cluster_000181	evm.utg3197.20	evm.utg3197.20	1	evm.utg3197.20	exact_python_fallback
dark_cluster_000182	utg4451.equina_smart_1877345.mrna1	utg4451.equina_smart_1877345.mrna1	1	utg4451.equina_smart_1877345.mrna1	exact_python_fallback
dark_cluster_000183	utg2291.equina_smart_1443337utrorf.mrna1	utg2291.equina_smart_1443337utrorf.mrna1	1	utg2291.equina_smart_1443337utrorf.mrna1	exact_python_fallback
dark_cluster_000184	evm.utg298.90	evm.utg298.90	1	evm.utg298.90	exact_python_fallback
dark_cluster_000185	evm.utg3872.82	evm.utg3872.82	1	evm.utg3872.82	exact_python_fallback
dark_cluster_000186	evm.utg888.1	evm.utg888.1	3	evm.utg888.1;evm.utg888.26;evm.utg888.69	exact_python_fallback
dark_cluster_000186	evm.utg888.1	evm.utg888.26	3	evm.utg888.1;evm.utg888.26;evm.utg888.69	exact_python_fallback
dark_cluster_000186	evm.utg888.1	evm.utg888.69	3	evm.utg888.1;evm.utg888.26;evm.utg888.69	exact_python_fallback
dark_cluster_000187	evm.utg2298.11	evm.utg2298.11	2	evm.utg2298.11;evm.utg2298.12	exact_python_fallback
dark_cluster_000187	evm.utg2298.11	evm.utg2298.12	2	evm.utg2298.11;evm.utg2298.12	exact_python_fallback
dark_cluster_000188	evm.utg2600.5	evm.utg2600.5	1	evm.utg2600.5	exact_python_fallback
dark_cluster_000189	evm.utg1381.1	evm.utg1381.1	6	evm.utg1381.1;evm.utg1381.13;evm.utg1381.16;evm.utg1381.40;evm.utg1381.44;evm.utg1381.49	exact_python_fallback
dark_cluster_000189	evm.utg1381.1	evm.utg1381.13	6	evm.utg1381.1;evm.utg1381.13;evm.utg1381.16;evm.utg1381.40;evm.utg1381.44;evm.utg1381.49	exact_python_fallback
dark_cluster_000189	evm.utg1381.1	evm.utg1381.16	6	evm.utg1381.1;evm.utg1381.13;evm.utg1381.16;evm.utg1381.40;evm.utg1381.44;evm.utg1381.49	exact_python_fallback
dark_cluster_000189	evm.utg1381.1	evm.utg1381.40	6	evm.utg1381.1;evm.utg1381.13;evm.utg1381.16;evm.utg1381.40;evm.utg1381.44;evm.utg1381.49	exact_python_fallback
dark_cluster_000189	evm.utg1381.1	evm.utg1381.44	6	evm.utg1381.1;evm.utg1381.13;evm.utg1381.16;evm.utg1381.40;evm.utg1381.44;evm.utg1381.49	exact_python_fallback
dark_cluster_000189	evm.utg1381.1	evm.utg1381.49	6	evm.utg1381.1;evm.utg1381.13;evm.utg1381.16;evm.utg1381.40;evm.utg1381.44;evm.utg1381.49	exact_python_fallback
dark_cluster_000190	utg25859.equina_smart_240651.mrna8	utg25859.equina_smart_240651.mrna8	1	utg25859.equina_smart_240651.mrna8	exact_python_fallback
dark_cluster_000191	evm.utg4451.15	evm.utg4451.15	1	evm.utg4451.15	exact_python_fallback
dark_cluster_000192	evm.utg1648.18	evm.utg1648.18	1	evm.utg1648.18	exact_python_fallback
dark_cluster_000193	evm.utg2858.41	evm.utg2858.41	1	evm.utg2858.41	exact_python_fallback
dark_cluster_000194	evm.utg5290.19	evm.utg5290.19	1	evm.utg5290.19	exact_python_fallback
dark_cluster_000195	evm.utg2303.51	evm.utg2303.51	1	evm.utg2303.51	exact_python_fallback
dark_cluster_000196	evm.utg19545.1	evm.utg19545.1	1	evm.utg19545.1	exact_python_fallback
dark_cluster_000197	evm.utg101.203	evm.utg101.203	1	evm.utg101.203	exact_python_fallback
dark_cluster_000198	evm.utg2757.54	evm.utg2757.54	1	evm.utg2757.54	exact_python_fallback
dark_cluster_000199	evm.utg514.7	evm.utg514.7	1	evm.utg514.7	exact_python_fallback
dark_cluster_000200	evm.utg33128.4	evm.utg33128.4	1	evm.utg33128.4	exact_python_fallback
dark_cluster_000201	evm.utg209.28	evm.utg209.28	1	evm.utg209.28	exact_python_fallback
dark_cluster_000202	evm.utg334.67	evm.utg334.67	1	evm.utg334.67	exact_python_fallback
dark_cluster_000203	evm.utg42119.5	evm.utg42119.5	1	evm.utg42119.5	exact_python_fallback
dark_cluster_000204	evm.utg542.53	evm.utg542.53	1	evm.utg542.53	exact_python_fallback
dark_cluster_000205	evm.utg3211.6	evm.utg3211.6	2	evm.utg3211.6;evm.utg3211.7	exact_python_fallback
dark_cluster_000205	evm.utg3211.6	evm.utg3211.7	2	evm.utg3211.6;evm.utg3211.7	exact_python_fallback
dark_cluster_000206	evm.utg5950.47	evm.utg5950.47	1	evm.utg5950.47	exact_python_fallback
dark_cluster_000207	utg5950.equina_smart_981953.mrna1	utg5950.equina_smart_981953.mrna1	1	utg5950.equina_smart_981953.mrna1	exact_python_fallback
dark_cluster_000208	evm.utg975.16	evm.utg975.16	1	evm.utg975.16	exact_python_fallback
dark_cluster_000209	evm.utg696.5	evm.utg696.5	1	evm.utg696.5	exact_python_fallback
dark_cluster_000210	evm.utg2115.33	evm.utg2115.33	1	evm.utg2115.33	exact_python_fallback
dark_cluster_000211	evm.utg3409.24	evm.utg3409.24	1	evm.utg3409.24	exact_python_fallback
dark_cluster_000212	evm.utg388.18	evm.utg388.18	2	evm.utg388.18;evm.utg388.7	exact_python_fallback
dark_cluster_000212	evm.utg388.18	evm.utg388.7	2	evm.utg388.18;evm.utg388.7	exact_python_fallback
dark_cluster_000213	evm.utg1395.50	evm.utg1395.50	1	evm.utg1395.50	exact_python_fallback
dark_cluster_000214	evm.utg735.57	evm.utg735.57	1	evm.utg735.57	exact_python_fallback
dark_cluster_000215	evm.utg8357.2	evm.utg8357.2	1	evm.utg8357.2	exact_python_fallback
dark_cluster_000216	evm.utg2024.17	evm.utg2024.17	1	evm.utg2024.17	exact_python_fallback
dark_cluster_000217	evm.utg1230.24	evm.utg1230.24	1	evm.utg1230.24	exact_python_fallback
dark_cluster_000218	utg4194.equina_smart_501556.mrna1	utg4194.equina_smart_501556.mrna1	1	utg4194.equina_smart_501556.mrna1	exact_python_fallback
dark_cluster_000219	evm.utg4157.24	evm.utg4157.24	1	evm.utg4157.24	exact_python_fallback
dark_cluster_000220	evm.utg3380.11	evm.utg3380.11	1	evm.utg3380.11	exact_python_fallback
dark_cluster_000221	evm.utg9023.14	evm.utg9023.14	2	evm.utg9023.14;evm.utg9023.9	exact_python_fallback
dark_cluster_000221	evm.utg9023.14	evm.utg9023.9	2	evm.utg9023.14;evm.utg9023.9	exact_python_fallback
dark_cluster_000222	evm.utg405.60	evm.utg405.60	1	evm.utg405.60	exact_python_fallback
dark_cluster_000223	evm.utg3199.34	evm.utg3199.34	1	evm.utg3199.34	exact_python_fallback
dark_cluster_000224	evm.utg2129.199	evm.utg2129.199	1	evm.utg2129.199	exact_python_fallback
dark_cluster_000225	utg858.equina_smart_1771668.mrna1	utg858.equina_smart_1771668.mrna1	1	utg858.equina_smart_1771668.mrna1	exact_python_fallback
dark_cluster_000226	evm.utg1465.11	evm.utg1465.11	1	evm.utg1465.11	exact_python_fallback
dark_cluster_000227	evm.utg18118.19	evm.utg18118.19	1	evm.utg18118.19	exact_python_fallback
dark_cluster_000228	evm.utg1162.7	evm.utg1162.7	1	evm.utg1162.7	exact_python_fallback
dark_cluster_000229	evm.utg4872.3	evm.utg4872.3	2	evm.utg4872.3;evm.utg4872.7	exact_python_fallback
dark_cluster_000229	evm.utg4872.3	evm.utg4872.7	2	evm.utg4872.3;evm.utg4872.7	exact_python_fallback
dark_cluster_000230	evm.utg418.51	evm.utg418.51	3	evm.utg418.51;evm.utg418.74;evm.utg418.84	exact_python_fallback
dark_cluster_000230	evm.utg418.51	evm.utg418.74	3	evm.utg418.51;evm.utg418.74;evm.utg418.84	exact_python_fallback
dark_cluster_000230	evm.utg418.51	evm.utg418.84	3	evm.utg418.51;evm.utg418.74;evm.utg418.84	exact_python_fallback
dark_cluster_000231	evm.utg1918.15	evm.utg1918.15	1	evm.utg1918.15	exact_python_fallback
dark_cluster_000232	evm.utg2205.13	evm.utg2205.13	1	evm.utg2205.13	exact_python_fallback
dark_cluster_000233	evm.utg332.4	evm.utg332.4	3	evm.utg332.4;evm.utg332.5;evm.utg332.6	exact_python_fallback
dark_cluster_000233	evm.utg332.4	evm.utg332.5	3	evm.utg332.4;evm.utg332.5;evm.utg332.6	exact_python_fallback
dark_cluster_000233	evm.utg332.4	evm.utg332.6	3	evm.utg332.4;evm.utg332.5;evm.utg332.6	exact_python_fallback
dark_cluster_000234	evm.utg5122.14	evm.utg5122.14	3	evm.utg5122.14;evm.utg5122.2;evm.utg5122.3	exact_python_fallback
dark_cluster_000234	evm.utg5122.14	evm.utg5122.2	3	evm.utg5122.14;evm.utg5122.2;evm.utg5122.3	exact_python_fallback
dark_cluster_000234	evm.utg5122.14	evm.utg5122.3	3	evm.utg5122.14;evm.utg5122.2;evm.utg5122.3	exact_python_fallback
dark_cluster_000235	evm.utg25311.2	evm.utg25311.2	2	evm.utg25311.2;evm.utg25311.4	exact_python_fallback
dark_cluster_000235	evm.utg25311.2	evm.utg25311.4	2	evm.utg25311.2;evm.utg25311.4	exact_python_fallback
dark_cluster_000236	evm.utg405.68	evm.utg405.68	1	evm.utg405.68	exact_python_fallback
dark_cluster_000237	evm.utg2159.35	evm.utg2159.35	1	evm.utg2159.35	exact_python_fallback
dark_cluster_000238	evm.utg3041.18	evm.utg3041.18	1	evm.utg3041.18	exact_python_fallback
dark_cluster_000239	evm.utg616.17	evm.utg616.17	1	evm.utg616.17	exact_python_fallback
dark_cluster_000240	evm.utg542.73	evm.utg542.73	1	evm.utg542.73	exact_python_fallback
dark_cluster_000241	evm.utg7168.10	evm.utg7168.10	3	evm.utg7168.10;evm.utg7168.3;evm.utg7168.9	exact_python_fallback
dark_cluster_000241	evm.utg7168.10	evm.utg7168.3	3	evm.utg7168.10;evm.utg7168.3;evm.utg7168.9	exact_python_fallback
dark_cluster_000241	evm.utg7168.10	evm.utg7168.9	3	evm.utg7168.10;evm.utg7168.3;evm.utg7168.9	exact_python_fallback
dark_cluster_000242	evm.utg5421.13	evm.utg5421.13	1	evm.utg5421.13	exact_python_fallback
dark_cluster_000243	evm.utg463.1	evm.utg463.1	3	evm.utg463.1;evm.utg463.2;evm.utg463.7	exact_python_fallback
dark_cluster_000243	evm.utg463.1	evm.utg463.2	3	evm.utg463.1;evm.utg463.2;evm.utg463.7	exact_python_fallback
dark_cluster_000243	evm.utg463.1	evm.utg463.7	3	evm.utg463.1;evm.utg463.2;evm.utg463.7	exact_python_fallback
dark_cluster_000244	evm.utg3220.8	evm.utg3220.8	1	evm.utg3220.8	exact_python_fallback
dark_cluster_000245	evm.utg1143.27	evm.utg1143.27	1	evm.utg1143.27	exact_python_fallback
dark_cluster_000246	evm.utg77.174	evm.utg77.174	1	evm.utg77.174	exact_python_fallback
dark_cluster_000247	utg420.equina_smart_1413095.mrna1	utg420.equina_smart_1413095.mrna1	1	utg420.equina_smart_1413095.mrna1	exact_python_fallback
dark_cluster_000248	evm.utg372.32	evm.utg372.32	1	evm.utg372.32	exact_python_fallback
dark_cluster_000249	evm.utg1781.10	evm.utg1781.10	4	evm.utg1781.10;evm.utg1781.47;evm.utg1781.56;evm.utg1781.71	exact_python_fallback
dark_cluster_000249	evm.utg1781.10	evm.utg1781.47	4	evm.utg1781.10;evm.utg1781.47;evm.utg1781.56;evm.utg1781.71	exact_python_fallback
dark_cluster_000249	evm.utg1781.10	evm.utg1781.56	4	evm.utg1781.10;evm.utg1781.47;evm.utg1781.56;evm.utg1781.71	exact_python_fallback
dark_cluster_000249	evm.utg1781.10	evm.utg1781.71	4	evm.utg1781.10;evm.utg1781.47;evm.utg1781.56;evm.utg1781.71	exact_python_fallback
dark_cluster_000250	utg101.equina_smart_241017.mrna1	utg101.equina_smart_241017.mrna1	1	utg101.equina_smart_241017.mrna1	exact_python_fallback
dark_cluster_000251	evm.utg439.21	evm.utg439.21	1	evm.utg439.21	exact_python_fallback
dark_cluster_000252	evm.utg5068.2	evm.utg5068.2	1	evm.utg5068.2	exact_python_fallback
dark_cluster_000253	evm.utg12230.2	evm.utg12230.2	1	evm.utg12230.2	exact_python_fallback
dark_cluster_000254	evm.utg3295.19	evm.utg3295.19	1	evm.utg3295.19	exact_python_fallback
dark_cluster_000255	evm.utg55781.3	evm.utg55781.3	3	evm.utg55781.3;evm.utg55781.5;evm.utg55781.6	exact_python_fallback
dark_cluster_000255	evm.utg55781.3	evm.utg55781.5	3	evm.utg55781.3;evm.utg55781.5;evm.utg55781.6	exact_python_fallback
dark_cluster_000255	evm.utg55781.3	evm.utg55781.6	3	evm.utg55781.3;evm.utg55781.5;evm.utg55781.6	exact_python_fallback
dark_cluster_000256	evm.utg1995.2	evm.utg1995.2	1	evm.utg1995.2	exact_python_fallback
dark_cluster_000257	utg625.equina_smart_1818564.mrna1	utg625.equina_smart_1818564.mrna1	1	utg625.equina_smart_1818564.mrna1	exact_python_fallback
dark_cluster_000258	evm.utg542.68	evm.utg542.68	1	evm.utg542.68	exact_python_fallback
dark_cluster_000259	evm.utg800.3	evm.utg800.3	1	evm.utg800.3	exact_python_fallback
dark_cluster_000260	evm.utg761.44	evm.utg761.44	1	evm.utg761.44	exact_python_fallback
dark_cluster_000261	utg2071.equina_smart_1490637.mrna2	utg2071.equina_smart_1490637.mrna2	1	utg2071.equina_smart_1490637.mrna2	exact_python_fallback
dark_cluster_000262	utg936.equina_smart_1490637.mrna1	utg936.equina_smart_1490637.mrna1	1	utg936.equina_smart_1490637.mrna1	exact_python_fallback
dark_cluster_000263	evm.utg910.173	evm.utg910.173	1	evm.utg910.173	exact_python_fallback
dark_cluster_000264	evm.utg3158.39	evm.utg3158.39	1	evm.utg3158.39	exact_python_fallback
dark_cluster_000265	evm.utg92.10	evm.utg92.10	1	evm.utg92.10	exact_python_fallback
dark_cluster_000266	utg9625.equina_smart_275596.mrna4	utg9625.equina_smart_275596.mrna4	1	utg9625.equina_smart_275596.mrna4	exact_python_fallback
dark_cluster_000267	evm.utg15197.4	evm.utg15197.4	1	evm.utg15197.4	exact_python_fallback
dark_cluster_000268	evm.utg5975.14	evm.utg5975.14	1	evm.utg5975.14	exact_python_fallback
dark_cluster_000269	evm.utg5696.2	evm.utg5696.2	1	evm.utg5696.2	exact_python_fallback
dark_cluster_000270	utg1032.equina_smart_903440.mrna3	utg1032.equina_smart_903440.mrna3	1	utg1032.equina_smart_903440.mrna3	exact_python_fallback
dark_cluster_000271	evm.utg1038.4	evm.utg1038.4	1	evm.utg1038.4	exact_python_fallback
dark_cluster_000272	evm.utg1051.32	evm.utg1051.32	3	evm.utg1051.32;evm.utg1051.74;evm.utg1051.90	exact_python_fallback
dark_cluster_000272	evm.utg1051.32	evm.utg1051.74	3	evm.utg1051.32;evm.utg1051.74;evm.utg1051.90	exact_python_fallback
dark_cluster_000272	evm.utg1051.32	evm.utg1051.90	3	evm.utg1051.32;evm.utg1051.74;evm.utg1051.90	exact_python_fallback
dark_cluster_000273	evm.utg3980.16	evm.utg3980.16	1	evm.utg3980.16	exact_python_fallback
dark_cluster_000274	evm.utg3447.27	evm.utg3447.27	1	evm.utg3447.27	exact_python_fallback
dark_cluster_000275	evm.utg1825.1	evm.utg1825.1	1	evm.utg1825.1	exact_python_fallback
dark_cluster_000276	utg4428.equina_smart_1455225.mrna1	utg4428.equina_smart_1455225.mrna1	1	utg4428.equina_smart_1455225.mrna1	exact_python_fallback
dark_cluster_000277	utg2343.equina_smart_1608568.mrna5	utg2343.equina_smart_1608568.mrna5	1	utg2343.equina_smart_1608568.mrna5	exact_python_fallback
dark_cluster_000278	evm.utg420.30	evm.utg420.30	1	evm.utg420.30	exact_python_fallback
dark_cluster_000279	evm.utg2606.5	evm.utg2606.5	1	evm.utg2606.5	exact_python_fallback
dark_cluster_000280	evm.utg2483.36	evm.utg2483.36	1	evm.utg2483.36	exact_python_fallback
dark_cluster_000281	evm.utg18622.4	evm.utg18622.4	1	evm.utg18622.4	exact_python_fallback
dark_cluster_000282	evm.utg1056.132	evm.utg1056.132	1	evm.utg1056.132	exact_python_fallback
dark_cluster_000283	evm.utg4879.3	evm.utg4879.3	1	evm.utg4879.3	exact_python_fallback
dark_cluster_000284	evm.utg4879.4	evm.utg4879.4	1	evm.utg4879.4	exact_python_fallback
dark_cluster_000285	evm.utg203.31	evm.utg203.31	1	evm.utg203.31	exact_python_fallback
dark_cluster_000286	evm.utg483.23	evm.utg483.23	1	evm.utg483.23	exact_python_fallback
dark_cluster_000287	evm.utg3222.14	evm.utg3222.14	2	evm.utg3222.14;evm.utg3222.3	exact_python_fallback
dark_cluster_000287	evm.utg3222.14	evm.utg3222.3	2	evm.utg3222.14;evm.utg3222.3	exact_python_fallback
dark_cluster_000288	evm.utg463.5	evm.utg463.5	1	evm.utg463.5	exact_python_fallback
dark_cluster_000289	evm.utg1358.32	evm.utg1358.32	2	evm.utg1358.32;evm.utg1358.36	exact_python_fallback
dark_cluster_000289	evm.utg1358.32	evm.utg1358.36	2	evm.utg1358.32;evm.utg1358.36	exact_python_fallback
dark_cluster_000290	evm.utg18686.25	evm.utg18686.25	1	evm.utg18686.25	exact_python_fallback
dark_cluster_000291	evm.utg464.101	evm.utg464.101	17	evm.utg464.101;evm.utg464.112;evm.utg464.114;evm.utg464.132;evm.utg464.14;evm.utg464.142;evm.utg464.15;evm.utg464.16;evm.utg464.162;evm.utg464.187;evm.utg464.20;evm.utg464.216;evm.utg464.54;evm.utg464.64;evm.utg464.69;evm.utg464.72;evm.utg464.87	exact_python_fallback
dark_cluster_000291	evm.utg464.101	evm.utg464.112	17	evm.utg464.101;evm.utg464.112;evm.utg464.114;evm.utg464.132;evm.utg464.14;evm.utg464.142;evm.utg464.15;evm.utg464.16;evm.utg464.162;evm.utg464.187;evm.utg464.20;evm.utg464.216;evm.utg464.54;evm.utg464.64;evm.utg464.69;evm.utg464.72;evm.utg464.87	exact_python_fallback
dark_cluster_000291	evm.utg464.101	evm.utg464.114	17	evm.utg464.101;evm.utg464.112;evm.utg464.114;evm.utg464.132;evm.utg464.14;evm.utg464.142;evm.utg464.15;evm.utg464.16;evm.utg464.162;evm.utg464.187;evm.utg464.20;evm.utg464.216;evm.utg464.54;evm.utg464.64;evm.utg464.69;evm.utg464.72;evm.utg464.87	exact_python_fallback
dark_cluster_000291	evm.utg464.101	evm.utg464.132	17	evm.utg464.101;evm.utg464.112;evm.utg464.114;evm.utg464.132;evm.utg464.14;evm.utg464.142;evm.utg464.15;evm.utg464.16;evm.utg464.162;evm.utg464.187;evm.utg464.20;evm.utg464.216;evm.utg464.54;evm.utg464.64;evm.utg464.69;evm.utg464.72;evm.utg464.87	exact_python_fallback
dark_cluster_000291	evm.utg464.101	evm.utg464.14	17	evm.utg464.101;evm.utg464.112;evm.utg464.114;evm.utg464.132;evm.utg464.14;evm.utg464.142;evm.utg464.15;evm.utg464.16;evm.utg464.162;evm.utg464.187;evm.utg464.20;evm.utg464.216;evm.utg464.54;evm.utg464.64;evm.utg464.69;evm.utg464.72;evm.utg464.87	exact_python_fallback
dark_cluster_000291	evm.utg464.101	evm.utg464.142	17	evm.utg464.101;evm.utg464.112;evm.utg464.114;evm.utg464.132;evm.utg464.14;evm.utg464.142;evm.utg464.15;evm.utg464.16;evm.utg464.162;evm.utg464.187;evm.utg464.20;evm.utg464.216;evm.utg464.54;evm.utg464.64;evm.utg464.69;evm.utg464.72;evm.utg464.87	exact_python_fallback
dark_cluster_000291	evm.utg464.101	evm.utg464.15	17	evm.utg464.101;evm.utg464.112;evm.utg464.114;evm.utg464.132;evm.utg464.14;evm.utg464.142;evm.utg464.15;evm.utg464.16;evm.utg464.162;evm.utg464.187;evm.utg464.20;evm.utg464.216;evm.utg464.54;evm.utg464.64;evm.utg464.69;evm.utg464.72;evm.utg464.87	exact_python_fallback
dark_cluster_000291	evm.utg464.101	evm.utg464.16	17	evm.utg464.101;evm.utg464.112;evm.utg464.114;evm.utg464.132;evm.utg464.14;evm.utg464.142;evm.utg464.15;evm.utg464.16;evm.utg464.162;evm.utg464.187;evm.utg464.20;evm.utg464.216;evm.utg464.54;evm.utg464.64;evm.utg464.69;evm.utg464.72;evm.utg464.87	exact_python_fallback
dark_cluster_000291	evm.utg464.101	evm.utg464.162	17	evm.utg464.101;evm.utg464.112;evm.utg464.114;evm.utg464.132;evm.utg464.14;evm.utg464.142;evm.utg464.15;evm.utg464.16;evm.utg464.162;evm.utg464.187;evm.utg464.20;evm.utg464.216;evm.utg464.54;evm.utg464.64;evm.utg464.69;evm.utg464.72;evm.utg464.87	exact_python_fallback
dark_cluster_000291	evm.utg464.101	evm.utg464.187	17	evm.utg464.101;evm.utg464.112;evm.utg464.114;evm.utg464.132;evm.utg464.14;evm.utg464.142;evm.utg464.15;evm.utg464.16;evm.utg464.162;evm.utg464.187;evm.utg464.20;evm.utg464.216;evm.utg464.54;evm.utg464.64;evm.utg464.69;evm.utg464.72;evm.utg464.87	exact_python_fallback
dark_cluster_000291	evm.utg464.101	evm.utg464.20	17	evm.utg464.101;evm.utg464.112;evm.utg464.114;evm.utg464.132;evm.utg464.14;evm.utg464.142;evm.utg464.15;evm.utg464.16;evm.utg464.162;evm.utg464.187;evm.utg464.20;evm.utg464.216;evm.utg464.54;evm.utg464.64;evm.utg464.69;evm.utg464.72;evm.utg464.87	exact_python_fallback
dark_cluster_000291	evm.utg464.101	evm.utg464.216	17	evm.utg464.101;evm.utg464.112;evm.utg464.114;evm.utg464.132;evm.utg464.14;evm.utg464.142;evm.utg464.15;evm.utg464.16;evm.utg464.162;evm.utg464.187;evm.utg464.20;evm.utg464.216;evm.utg464.54;evm.utg464.64;evm.utg464.69;evm.utg464.72;evm.utg464.87	exact_python_fallback
dark_cluster_000291	evm.utg464.101	evm.utg464.54	17	evm.utg464.101;evm.utg464.112;evm.utg464.114;evm.utg464.132;evm.utg464.14;evm.utg464.142;evm.utg464.15;evm.utg464.16;evm.utg464.162;evm.utg464.187;evm.utg464.20;evm.utg464.216;evm.utg464.54;evm.utg464.64;evm.utg464.69;evm.utg464.72;evm.utg464.87	exact_python_fallback
dark_cluster_000291	evm.utg464.101	evm.utg464.64	17	evm.utg464.101;evm.utg464.112;evm.utg464.114;evm.utg464.132;evm.utg464.14;evm.utg464.142;evm.utg464.15;evm.utg464.16;evm.utg464.162;evm.utg464.187;evm.utg464.20;evm.utg464.216;evm.utg464.54;evm.utg464.64;evm.utg464.69;evm.utg464.72;evm.utg464.87	exact_python_fallback
dark_cluster_000291	evm.utg464.101	evm.utg464.69	17	evm.utg464.101;evm.utg464.112;evm.utg464.114;evm.utg464.132;evm.utg464.14;evm.utg464.142;evm.utg464.15;evm.utg464.16;evm.utg464.162;evm.utg464.187;evm.utg464.20;evm.utg464.216;evm.utg464.54;evm.utg464.64;evm.utg464.69;evm.utg464.72;evm.utg464.87	exact_python_fallback
dark_cluster_000291	evm.utg464.101	evm.utg464.72	17	evm.utg464.101;evm.utg464.112;evm.utg464.114;evm.utg464.132;evm.utg464.14;evm.utg464.142;evm.utg464.15;evm.utg464.16;evm.utg464.162;evm.utg464.187;evm.utg464.20;evm.utg464.216;evm.utg464.54;evm.utg464.64;evm.utg464.69;evm.utg464.72;evm.utg464.87	exact_python_fallback
dark_cluster_000291	evm.utg464.101	evm.utg464.87	17	evm.utg464.101;evm.utg464.112;evm.utg464.114;evm.utg464.132;evm.utg464.14;evm.utg464.142;evm.utg464.15;evm.utg464.16;evm.utg464.162;evm.utg464.187;evm.utg464.20;evm.utg464.216;evm.utg464.54;evm.utg464.64;evm.utg464.69;evm.utg464.72;evm.utg464.87	exact_python_fallback
dark_cluster_000292	utg1101.equina_smart_274863.mrna4	utg1101.equina_smart_274863.mrna4	3	utg1101.equina_smart_274863.mrna4;utg1143.equina_smart_274863.mrna5;utg14021.equina_smart_274863.mrna6	exact_python_fallback
dark_cluster_000292	utg1101.equina_smart_274863.mrna4	utg1143.equina_smart_274863.mrna5	3	utg1101.equina_smart_274863.mrna4;utg1143.equina_smart_274863.mrna5;utg14021.equina_smart_274863.mrna6	exact_python_fallback
dark_cluster_000292	utg1101.equina_smart_274863.mrna4	utg14021.equina_smart_274863.mrna6	3	utg1101.equina_smart_274863.mrna4;utg1143.equina_smart_274863.mrna5;utg14021.equina_smart_274863.mrna6	exact_python_fallback
dark_cluster_000293	utg31.equina_smart_274863.mrna1	utg31.equina_smart_274863.mrna1	1	utg31.equina_smart_274863.mrna1	exact_python_fallback
dark_cluster_000294	evm.utg3839.104	evm.utg3839.104	3	evm.utg3839.104;evm.utg3839.16;evm.utg3839.6	exact_python_fallback
dark_cluster_000294	evm.utg3839.104	evm.utg3839.16	3	evm.utg3839.104;evm.utg3839.16;evm.utg3839.6	exact_python_fallback
dark_cluster_000294	evm.utg3839.104	evm.utg3839.6	3	evm.utg3839.104;evm.utg3839.16;evm.utg3839.6	exact_python_fallback
dark_cluster_000295	evm.utg4856.33	evm.utg4856.33	1	evm.utg4856.33	exact_python_fallback
dark_cluster_000296	evm.utg245.10	evm.utg245.10	1	evm.utg245.10	exact_python_fallback
dark_cluster_000297	evm.utg1381.3	evm.utg1381.3	1	evm.utg1381.3	exact_python_fallback
dark_cluster_000298	evm.utg2099.15	evm.utg2099.15	4	evm.utg2099.15;evm.utg2099.26;evm.utg2099.51;evm.utg2099.62	exact_python_fallback
dark_cluster_000298	evm.utg2099.15	evm.utg2099.26	4	evm.utg2099.15;evm.utg2099.26;evm.utg2099.51;evm.utg2099.62	exact_python_fallback
dark_cluster_000298	evm.utg2099.15	evm.utg2099.51	4	evm.utg2099.15;evm.utg2099.26;evm.utg2099.51;evm.utg2099.62	exact_python_fallback
dark_cluster_000298	evm.utg2099.15	evm.utg2099.62	4	evm.utg2099.15;evm.utg2099.26;evm.utg2099.51;evm.utg2099.62	exact_python_fallback
dark_cluster_000299	evm.utg7066.37	evm.utg7066.37	1	evm.utg7066.37	exact_python_fallback
dark_cluster_000300	evm.utg12889.4	evm.utg12889.4	1	evm.utg12889.4	exact_python_fallback
dark_cluster_000301	evm.utg405.67	evm.utg405.67	1	evm.utg405.67	exact_python_fallback
dark_cluster_000302	utg6843.equina_smart_920864.mrna1	utg6843.equina_smart_920864.mrna1	1	utg6843.equina_smart_920864.mrna1	exact_python_fallback
dark_cluster_000303	evm.utg41344.7	evm.utg41344.7	1	evm.utg41344.7	exact_python_fallback
dark_cluster_000304	evm.utg1919.40	evm.utg1919.40	1	evm.utg1919.40	exact_python_fallback
dark_cluster_000305	evm.utg116.226	evm.utg116.226	1	evm.utg116.226	exact_python_fallback
dark_cluster_000306	evm.utg5879.21	evm.utg5879.21	1	evm.utg5879.21	exact_python_fallback
dark_cluster_000307	utg1663.equina_smart_1386026.mrna1	utg1663.equina_smart_1386026.mrna1	1	utg1663.equina_smart_1386026.mrna1	exact_python_fallback
dark_cluster_000308	utg4576.equina_smart_1386026.mrna2	utg4576.equina_smart_1386026.mrna2	1	utg4576.equina_smart_1386026.mrna2	exact_python_fallback
dark_cluster_000309	evm.utg1091.21	evm.utg1091.21	1	evm.utg1091.21	exact_python_fallback
dark_cluster_000310	evm.utg11497.10	evm.utg11497.10	1	evm.utg11497.10	exact_python_fallback
dark_cluster_000311	evm.utg18409.12	evm.utg18409.12	2	evm.utg18409.12;evm.utg18409.9	exact_python_fallback
dark_cluster_000311	evm.utg18409.12	evm.utg18409.9	2	evm.utg18409.12;evm.utg18409.9	exact_python_fallback
dark_cluster_000312	evm.utg5414.10	evm.utg5414.10	4	evm.utg5414.10;evm.utg5414.28;evm.utg5414.37;evm.utg5414.4	exact_python_fallback
dark_cluster_000312	evm.utg5414.10	evm.utg5414.28	4	evm.utg5414.10;evm.utg5414.28;evm.utg5414.37;evm.utg5414.4	exact_python_fallback
dark_cluster_000312	evm.utg5414.10	evm.utg5414.37	4	evm.utg5414.10;evm.utg5414.28;evm.utg5414.37;evm.utg5414.4	exact_python_fallback
dark_cluster_000312	evm.utg5414.10	evm.utg5414.4	4	evm.utg5414.10;evm.utg5414.28;evm.utg5414.37;evm.utg5414.4	exact_python_fallback
dark_cluster_000313	evm.utg344.88	evm.utg344.88	1	evm.utg344.88	exact_python_fallback
dark_cluster_000314	utg129.equina_smart_1579500.mrna1	utg129.equina_smart_1579500.mrna1	1	utg129.equina_smart_1579500.mrna1	exact_python_fallback
dark_cluster_000315	evm.utg2600.9	evm.utg2600.9	1	evm.utg2600.9	exact_python_fallback
dark_cluster_000316	evm.utg790.50	evm.utg790.50	1	evm.utg790.50	exact_python_fallback
dark_cluster_000317	evm.utg17102.5	evm.utg17102.5	3	evm.utg17102.5;evm.utg17102.7;evm.utg17102.9	exact_python_fallback
dark_cluster_000317	evm.utg17102.5	evm.utg17102.7	3	evm.utg17102.5;evm.utg17102.7;evm.utg17102.9	exact_python_fallback
dark_cluster_000317	evm.utg17102.5	evm.utg17102.9	3	evm.utg17102.5;evm.utg17102.7;evm.utg17102.9	exact_python_fallback
dark_cluster_000318	evm.utg2123.32	evm.utg2123.32	1	evm.utg2123.32	exact_python_fallback
dark_cluster_000319	evm.utg13.63	evm.utg13.63	1	evm.utg13.63	exact_python_fallback
dark_cluster_000320	utg4428.equina_smart_1492697.mrna3	utg4428.equina_smart_1492697.mrna3	1	utg4428.equina_smart_1492697.mrna3	exact_python_fallback
dark_cluster_000321	evm.utg597.126	evm.utg597.126	1	evm.utg597.126	exact_python_fallback
dark_cluster_000322	utg470.equina_smart_1754324.mrna1	utg470.equina_smart_1754324.mrna1	1	utg470.equina_smart_1754324.mrna1	exact_python_fallback
dark_cluster_000323	evm.utg1919.73	evm.utg1919.73	1	evm.utg1919.73	exact_python_fallback
dark_cluster_000324	utg729.equina_smart_1613666.mrna1	utg729.equina_smart_1613666.mrna1	1	utg729.equina_smart_1613666.mrna1	exact_python_fallback
dark_cluster_000325	evm.utg23803.9	evm.utg23803.9	1	evm.utg23803.9	exact_python_fallback
dark_cluster_000326	evm.utg902.4	evm.utg902.4	1	evm.utg902.4	exact_python_fallback
dark_cluster_000327	evm.utg178.46	evm.utg178.46	1	evm.utg178.46	exact_python_fallback
dark_cluster_000328	evm.utg192.16	evm.utg192.16	1	evm.utg192.16	exact_python_fallback
dark_cluster_000329	evm.utg18506.8	evm.utg18506.8	1	evm.utg18506.8	exact_python_fallback
dark_cluster_000330	evm.utg1455.41	evm.utg1455.41	1	evm.utg1455.41	exact_python_fallback
dark_cluster_000331	utg259.equina_smart_1405395utrorf.mrna1	utg259.equina_smart_1405395utrorf.mrna1	1	utg259.equina_smart_1405395utrorf.mrna1	exact_python_fallback
dark_cluster_000332	evm.utg18686.5	evm.utg18686.5	1	evm.utg18686.5	exact_python_fallback
dark_cluster_000333	utg225.equina_smart_757082.mrna1	utg225.equina_smart_757082.mrna1	1	utg225.equina_smart_757082.mrna1	exact_python_fallback
dark_cluster_000334	utg3884.equina_smart_1452716.mrna1	utg3884.equina_smart_1452716.mrna1	1	utg3884.equina_smart_1452716.mrna1	exact_python_fallback
dark_cluster_000335	utg207.equina_smart_1584572.mrna7	utg207.equina_smart_1584572.mrna7	1	utg207.equina_smart_1584572.mrna7	exact_python_fallback
dark_cluster_000336	utg3872.equina_smart_1584572.mrna8	utg3872.equina_smart_1584572.mrna8	1	utg3872.equina_smart_1584572.mrna8	exact_python_fallback
dark_cluster_000337	utg21580.equina_smart_1584572.mrna4	utg21580.equina_smart_1584572.mrna4	2	utg21580.equina_smart_1584572.mrna4;utg92.equina_smart_1584572.mrna3	exact_python_fallback
dark_cluster_000337	utg21580.equina_smart_1584572.mrna4	utg92.equina_smart_1584572.mrna3	2	utg21580.equina_smart_1584572.mrna4;utg92.equina_smart_1584572.mrna3	exact_python_fallback
dark_cluster_000338	utg13.equina_smart_1584572.mrna11	utg13.equina_smart_1584572.mrna11	1	utg13.equina_smart_1584572.mrna11	exact_python_fallback
dark_cluster_000339	evm.utg1569.6	evm.utg1569.6	1	evm.utg1569.6	exact_python_fallback
dark_cluster_000340	evm.utg1465.15	evm.utg1465.15	3	evm.utg1465.15;evm.utg1465.17;evm.utg1465.35	exact_python_fallback
dark_cluster_000340	evm.utg1465.15	evm.utg1465.17	3	evm.utg1465.15;evm.utg1465.17;evm.utg1465.35	exact_python_fallback
dark_cluster_000340	evm.utg1465.15	evm.utg1465.35	3	evm.utg1465.15;evm.utg1465.17;evm.utg1465.35	exact_python_fallback
dark_cluster_000341	utg1358.equina_smart_1533633.mrna1	utg1358.equina_smart_1533633.mrna1	1	utg1358.equina_smart_1533633.mrna1	exact_python_fallback
dark_cluster_000342	evm.utg2367.17	evm.utg2367.17	1	evm.utg2367.17	exact_python_fallback
dark_cluster_000343	evm.utg138951.2	evm.utg138951.2	1	evm.utg138951.2	exact_python_fallback
dark_cluster_000344	utg4082.equina_smart_889658.mrna1	utg4082.equina_smart_889658.mrna1	1	utg4082.equina_smart_889658.mrna1	exact_python_fallback
dark_cluster_000345	evm.utg109.73	evm.utg109.73	1	evm.utg109.73	exact_python_fallback
dark_cluster_000346	evm.utg10933.4	evm.utg10933.4	1	evm.utg10933.4	exact_python_fallback
dark_cluster_000347	evm.utg125.101	evm.utg125.101	1	evm.utg125.101	exact_python_fallback
dark_cluster_000348	evm.utg298.117	evm.utg298.117	1	evm.utg298.117	exact_python_fallback
dark_cluster_000349	evm.utg599.11	evm.utg599.11	1	evm.utg599.11	exact_python_fallback
dark_cluster_000350	evm.utg2110.3	evm.utg2110.3	1	evm.utg2110.3	exact_python_fallback
dark_cluster_000351	evm.utg18506.9	evm.utg18506.9	3	evm.utg18506.9;utg15585.evm.utg18506.9.mrna1;utg15585.evm.utg18506.9.mrna2	exact_python_fallback
dark_cluster_000351	evm.utg18506.9	utg15585.evm.utg18506.9.mrna1	3	evm.utg18506.9;utg15585.evm.utg18506.9.mrna1;utg15585.evm.utg18506.9.mrna2	exact_python_fallback
dark_cluster_000351	evm.utg18506.9	utg15585.evm.utg18506.9.mrna2	3	evm.utg18506.9;utg15585.evm.utg18506.9.mrna1;utg15585.evm.utg18506.9.mrna2	exact_python_fallback
dark_cluster_000352	evm.utg4665.16	evm.utg4665.16	1	evm.utg4665.16	exact_python_fallback
dark_cluster_000353	evm.utg7008.10	evm.utg7008.10	3	evm.utg7008.10;evm.utg7008.2;evm.utg7008.4	exact_python_fallback
dark_cluster_000353	evm.utg7008.10	evm.utg7008.2	3	evm.utg7008.10;evm.utg7008.2;evm.utg7008.4	exact_python_fallback
dark_cluster_000353	evm.utg7008.10	evm.utg7008.4	3	evm.utg7008.10;evm.utg7008.2;evm.utg7008.4	exact_python_fallback
dark_cluster_000354	utg1205.equina_smart_88669.mrna1	utg1205.equina_smart_88669.mrna1	1	utg1205.equina_smart_88669.mrna1	exact_python_fallback
dark_cluster_000355	evm.utg1455.27	evm.utg1455.27	3	evm.utg1455.27;evm.utg1455.4;evm.utg1455.5	exact_python_fallback
dark_cluster_000355	evm.utg1455.27	evm.utg1455.4	3	evm.utg1455.27;evm.utg1455.4;evm.utg1455.5	exact_python_fallback
dark_cluster_000355	evm.utg1455.27	evm.utg1455.5	3	evm.utg1455.27;evm.utg1455.4;evm.utg1455.5	exact_python_fallback
dark_cluster_000356	evm.utg456.66	evm.utg456.66	1	evm.utg456.66	exact_python_fallback
dark_cluster_000357	evm.utg2427.22	evm.utg2427.22	1	evm.utg2427.22	exact_python_fallback
dark_cluster_000358	evm.utg2967.18	evm.utg2967.18	6	evm.utg2967.18;evm.utg2967.20;evm.utg2967.22;evm.utg2967.27;evm.utg2967.44;evm.utg2967.5	exact_python_fallback
dark_cluster_000358	evm.utg2967.18	evm.utg2967.20	6	evm.utg2967.18;evm.utg2967.20;evm.utg2967.22;evm.utg2967.27;evm.utg2967.44;evm.utg2967.5	exact_python_fallback
dark_cluster_000358	evm.utg2967.18	evm.utg2967.22	6	evm.utg2967.18;evm.utg2967.20;evm.utg2967.22;evm.utg2967.27;evm.utg2967.44;evm.utg2967.5	exact_python_fallback
dark_cluster_000358	evm.utg2967.18	evm.utg2967.27	6	evm.utg2967.18;evm.utg2967.20;evm.utg2967.22;evm.utg2967.27;evm.utg2967.44;evm.utg2967.5	exact_python_fallback
dark_cluster_000358	evm.utg2967.18	evm.utg2967.44	6	evm.utg2967.18;evm.utg2967.20;evm.utg2967.22;evm.utg2967.27;evm.utg2967.44;evm.utg2967.5	exact_python_fallback
dark_cluster_000358	evm.utg2967.18	evm.utg2967.5	6	evm.utg2967.18;evm.utg2967.20;evm.utg2967.22;evm.utg2967.27;evm.utg2967.44;evm.utg2967.5	exact_python_fallback
dark_cluster_000359	evm.utg6829.2	evm.utg6829.2	1	evm.utg6829.2	exact_python_fallback
dark_cluster_000360	evm.utg109.50	evm.utg109.50	1	evm.utg109.50	exact_python_fallback
dark_cluster_000361	utg109.equina_smart_1661030.mrna1	utg109.equina_smart_1661030.mrna1	1	utg109.equina_smart_1661030.mrna1	exact_python_fallback
dark_cluster_000362	utg5854.evm.utg1002.2.mrna3	utg5854.evm.utg1002.2.mrna3	1	utg5854.evm.utg1002.2.mrna3	exact_python_fallback
dark_cluster_000363	evm.utg1002.2	evm.utg1002.2	1	evm.utg1002.2	exact_python_fallback
dark_cluster_000364	evm.utg7595.45	evm.utg7595.45	1	evm.utg7595.45	exact_python_fallback
dark_cluster_000365	evm.utg2269.35	evm.utg2269.35	1	evm.utg2269.35	exact_python_fallback
dark_cluster_000366	evm.utg5414.12	evm.utg5414.12	1	evm.utg5414.12	exact_python_fallback
dark_cluster_000367	evm.utg1056.15	evm.utg1056.15	1	evm.utg1056.15	exact_python_fallback
dark_cluster_000368	evm.utg464.237	evm.utg464.237	1	evm.utg464.237	exact_python_fallback
dark_cluster_000369	utg178.equina_smart_1401987utrorf.mrna1	utg178.equina_smart_1401987utrorf.mrna1	1	utg178.equina_smart_1401987utrorf.mrna1	exact_python_fallback
dark_cluster_000370	utg320.equina_smart_941344.mrna1	utg320.equina_smart_941344.mrna1	1	utg320.equina_smart_941344.mrna1	exact_python_fallback
dark_cluster_000371	utg14287.equina_smart_1544604.mrna1	utg14287.equina_smart_1544604.mrna1	1	utg14287.equina_smart_1544604.mrna1	exact_python_fallback
dark_cluster_000372	evm.utg129.23	evm.utg129.23	1	evm.utg129.23	exact_python_fallback
dark_cluster_000373	evm.utg6078.52	evm.utg6078.52	1	evm.utg6078.52	exact_python_fallback
dark_cluster_000374	evm.utg4194.44	evm.utg4194.44	1	evm.utg4194.44	exact_python_fallback
dark_cluster_000375	evm.utg3550.4	evm.utg3550.4	1	evm.utg3550.4	exact_python_fallback
dark_cluster_000376	evm.utg21977.6	evm.utg21977.6	1	evm.utg21977.6	exact_python_fallback
dark_cluster_000377	evm.utg2818.99	evm.utg2818.99	1	evm.utg2818.99	exact_python_fallback
dark_cluster_000378	evm.utg536.54	evm.utg536.54	1	evm.utg536.54	exact_python_fallback
dark_cluster_000379	evm.utg276.11	evm.utg276.11	1	evm.utg276.11	exact_python_fallback
dark_cluster_000380	evm.utg15226.8	evm.utg15226.8	1	evm.utg15226.8	exact_python_fallback
dark_cluster_000381	evm.utg5294.33	evm.utg5294.33	1	evm.utg5294.33	exact_python_fallback
dark_cluster_000382	evm.utg4321.1	evm.utg4321.1	1	evm.utg4321.1	exact_python_fallback
dark_cluster_000383	evm.utg8497.20	evm.utg8497.20	1	evm.utg8497.20	exact_python_fallback
dark_cluster_000384	evm.utg57.14	evm.utg57.14	1	evm.utg57.14	exact_python_fallback
dark_cluster_000385	evm.utg3753.23	evm.utg3753.23	1	evm.utg3753.23	exact_python_fallback
dark_cluster_000386	evm.utg15014.1	evm.utg15014.1	2	evm.utg15014.1;evm.utg15014.3	exact_python_fallback
dark_cluster_000386	evm.utg15014.1	evm.utg15014.3	2	evm.utg15014.1;evm.utg15014.3	exact_python_fallback
dark_cluster_000387	evm.utg3605.8	evm.utg3605.8	1	evm.utg3605.8	exact_python_fallback
dark_cluster_000388	evm.utg589.9	evm.utg589.9	1	evm.utg589.9	exact_python_fallback
dark_cluster_000389	evm.utg15197.25	evm.utg15197.25	1	evm.utg15197.25	exact_python_fallback
dark_cluster_000390	evm.utg2338.1	evm.utg2338.1	4	evm.utg2338.1;evm.utg2338.16;evm.utg2338.21;evm.utg2338.23	exact_python_fallback
dark_cluster_000390	evm.utg2338.1	evm.utg2338.16	4	evm.utg2338.1;evm.utg2338.16;evm.utg2338.21;evm.utg2338.23	exact_python_fallback
dark_cluster_000390	evm.utg2338.1	evm.utg2338.21	4	evm.utg2338.1;evm.utg2338.16;evm.utg2338.21;evm.utg2338.23	exact_python_fallback
dark_cluster_000390	evm.utg2338.1	evm.utg2338.23	4	evm.utg2338.1;evm.utg2338.16;evm.utg2338.21;evm.utg2338.23	exact_python_fallback
dark_cluster_000391	utg59087.evm.utg4610.11.mrna10	utg59087.evm.utg4610.11.mrna10	2	utg59087.evm.utg4610.11.mrna10;utg59087.evm.utg4610.11.mrna9	exact_python_fallback
dark_cluster_000391	utg59087.evm.utg4610.11.mrna10	utg59087.evm.utg4610.11.mrna9	2	utg59087.evm.utg4610.11.mrna10;utg59087.evm.utg4610.11.mrna9	exact_python_fallback
dark_cluster_000392	utg379.evm.utg4610.11.mrna5	utg379.evm.utg4610.11.mrna5	1	utg379.evm.utg4610.11.mrna5	exact_python_fallback
dark_cluster_000393	evm.utg3164.49	evm.utg3164.49	1	evm.utg3164.49	exact_python_fallback
dark_cluster_000394	evm.utg15226.19	evm.utg15226.19	1	evm.utg15226.19	exact_python_fallback
dark_cluster_000395	evm.utg42119.8	evm.utg42119.8	1	evm.utg42119.8	exact_python_fallback
dark_cluster_000396	evm.utg2674.39	evm.utg2674.39	1	evm.utg2674.39	exact_python_fallback
dark_cluster_000397	evm.utg15629.5	evm.utg15629.5	1	evm.utg15629.5	exact_python_fallback
dark_cluster_000398	evm.utg536.27	evm.utg536.27	1	evm.utg536.27	exact_python_fallback
dark_cluster_000399	evm.utg17602.14	evm.utg17602.14	1	evm.utg17602.14	exact_python_fallback
dark_cluster_000400	evm.utg2159.22	evm.utg2159.22	1	evm.utg2159.22	exact_python_fallback
dark_cluster_000401	evm.utg1236.16	evm.utg1236.16	1	evm.utg1236.16	exact_python_fallback
dark_cluster_000402	evm.utg16444.26	evm.utg16444.26	1	evm.utg16444.26	exact_python_fallback
dark_cluster_000403	evm.utg12644.2	evm.utg12644.2	1	evm.utg12644.2	exact_python_fallback
dark_cluster_000404	evm.utg7680.10	evm.utg7680.10	1	evm.utg7680.10	exact_python_fallback
dark_cluster_000405	evm.utg536.93	evm.utg536.93	1	evm.utg536.93	exact_python_fallback
dark_cluster_000406	evm.utg17555.2	evm.utg17555.2	1	evm.utg17555.2	exact_python_fallback
dark_cluster_000407	evm.utg213.11	evm.utg213.11	1	evm.utg213.11	exact_python_fallback
dark_cluster_000408	evm.utg33038.4	evm.utg33038.4	1	evm.utg33038.4	exact_python_fallback
dark_cluster_000409	evm.utg3041.1	evm.utg3041.1	4	evm.utg3041.1;evm.utg3041.32;evm.utg3041.52;evm.utg3041.53	exact_python_fallback
dark_cluster_000409	evm.utg3041.1	evm.utg3041.32	4	evm.utg3041.1;evm.utg3041.32;evm.utg3041.52;evm.utg3041.53	exact_python_fallback
dark_cluster_000409	evm.utg3041.1	evm.utg3041.52	4	evm.utg3041.1;evm.utg3041.32;evm.utg3041.52;evm.utg3041.53	exact_python_fallback
dark_cluster_000409	evm.utg3041.1	evm.utg3041.53	4	evm.utg3041.1;evm.utg3041.32;evm.utg3041.52;evm.utg3041.53	exact_python_fallback
dark_cluster_000410	evm.utg699.2	evm.utg699.2	1	evm.utg699.2	exact_python_fallback
dark_cluster_000411	evm.utg11695.1	evm.utg11695.1	2	evm.utg11695.1;evm.utg11695.2	exact_python_fallback
dark_cluster_000411	evm.utg11695.1	evm.utg11695.2	2	evm.utg11695.1;evm.utg11695.2	exact_python_fallback
dark_cluster_000412	evm.utg125632.1	evm.utg125632.1	1	evm.utg125632.1	exact_python_fallback
dark_cluster_000413	evm.utg4271.94	evm.utg4271.94	1	evm.utg4271.94	exact_python_fallback
dark_cluster_000414	evm.utg27676.1	evm.utg27676.1	1	evm.utg27676.1	exact_python_fallback
dark_cluster_000415	evm.utg49040.5	evm.utg49040.5	1	evm.utg49040.5	exact_python_fallback
dark_cluster_000416	evm.utg512.32	evm.utg512.32	1	evm.utg512.32	exact_python_fallback
dark_cluster_000417	evm.utg3403.14	evm.utg3403.14	1	evm.utg3403.14	exact_python_fallback
dark_cluster_000418	evm.utg695.11	evm.utg695.11	1	evm.utg695.11	exact_python_fallback
dark_cluster_000419	evm.utg33235.5	evm.utg33235.5	1	evm.utg33235.5	exact_python_fallback
dark_cluster_000420	evm.utg12897.13	evm.utg12897.13	1	evm.utg12897.13	exact_python_fallback
dark_cluster_000421	evm.utg55667.7	evm.utg55667.7	1	evm.utg55667.7	exact_python_fallback
dark_cluster_000422	evm.utg17612.17	evm.utg17612.17	1	evm.utg17612.17	exact_python_fallback
dark_cluster_000423	evm.utg33038.3	evm.utg33038.3	1	evm.utg33038.3	exact_python_fallback
dark_cluster_000424	evm.utg18036.15	evm.utg18036.15	1	evm.utg18036.15	exact_python_fallback
dark_cluster_000425	evm.utg11700.1	evm.utg11700.1	1	evm.utg11700.1	exact_python_fallback
dark_cluster_000426	evm.utg1101.4	evm.utg1101.4	1	evm.utg1101.4	exact_python_fallback
dark_cluster_000427	evm.utg2599.2	evm.utg2599.2	1	evm.utg2599.2	exact_python_fallback
dark_cluster_000428	evm.utg3876.49	evm.utg3876.49	1	evm.utg3876.49	exact_python_fallback
dark_cluster_000429	evm.utg542.61	evm.utg542.61	1	evm.utg542.61	exact_python_fallback
dark_cluster_000430	evm.utg21228.26	evm.utg21228.26	1	evm.utg21228.26	exact_python_fallback
dark_cluster_000431	evm.utg2581.6	evm.utg2581.6	1	evm.utg2581.6	exact_python_fallback
dark_cluster_000432	evm.utg4155.7	evm.utg4155.7	1	evm.utg4155.7	exact_python_fallback
dark_cluster_000433	evm.utg2713.2	evm.utg2713.2	1	evm.utg2713.2	exact_python_fallback
dark_cluster_000434	evm.utg23803.7	evm.utg23803.7	1	evm.utg23803.7	exact_python_fallback
dark_cluster_000435	evm.utg5456.1	evm.utg5456.1	1	evm.utg5456.1	exact_python_fallback
dark_cluster_000436	evm.utg9602.44	evm.utg9602.44	1	evm.utg9602.44	exact_python_fallback
dark_cluster_000437	evm.utg17293.6	evm.utg17293.6	1	evm.utg17293.6	exact_python_fallback
dark_cluster_000438	evm.utg12655.51	evm.utg12655.51	1	evm.utg12655.51	exact_python_fallback
dark_cluster_000439	evm.utg1270.20	evm.utg1270.20	1	evm.utg1270.20	exact_python_fallback
dark_cluster_000440	utg7273.evm.utg5764.1.mrna9	utg7273.evm.utg5764.1.mrna9	1	utg7273.evm.utg5764.1.mrna9	exact_python_fallback
dark_cluster_000441	evm.utg4187.14	evm.utg4187.14	1	evm.utg4187.14	exact_python_fallback
dark_cluster_000442	evm.utg13276.3	evm.utg13276.3	1	evm.utg13276.3	exact_python_fallback
dark_cluster_000443	utg544.equina_smart_1559154.mrna1	utg544.equina_smart_1559154.mrna1	1	utg544.equina_smart_1559154.mrna1	exact_python_fallback
dark_cluster_000444	evm.utg4271.48	evm.utg4271.48	1	evm.utg4271.48	exact_python_fallback
dark_cluster_000445	evm.utg7548.15	evm.utg7548.15	1	evm.utg7548.15	exact_python_fallback
dark_cluster_000446	evm.utg17602.7	evm.utg17602.7	1	evm.utg17602.7	exact_python_fallback
dark_cluster_000447	evm.utg1623.27	evm.utg1623.27	4	evm.utg1623.27;evm.utg1623.3;evm.utg1623.36;evm.utg1623.38	exact_python_fallback
dark_cluster_000447	evm.utg1623.27	evm.utg1623.3	4	evm.utg1623.27;evm.utg1623.3;evm.utg1623.36;evm.utg1623.38	exact_python_fallback
dark_cluster_000447	evm.utg1623.27	evm.utg1623.36	4	evm.utg1623.27;evm.utg1623.3;evm.utg1623.36;evm.utg1623.38	exact_python_fallback
dark_cluster_000447	evm.utg1623.27	evm.utg1623.38	4	evm.utg1623.27;evm.utg1623.3;evm.utg1623.36;evm.utg1623.38	exact_python_fallback
dark_cluster_000448	evm.utg268.9	evm.utg268.9	1	evm.utg268.9	exact_python_fallback
dark_cluster_000449	evm.utg6078.63	evm.utg6078.63	1	evm.utg6078.63	exact_python_fallback
dark_cluster_000450	utg411.equina_smart_1740983.mrna1	utg411.equina_smart_1740983.mrna1	1	utg411.equina_smart_1740983.mrna1	exact_python_fallback
dark_cluster_000451	evm.utg1253.60	evm.utg1253.60	1	evm.utg1253.60	exact_python_fallback
dark_cluster_000452	evm.utg370.78	evm.utg370.78	1	evm.utg370.78	exact_python_fallback
dark_cluster_000453	evm.utg15941.3	evm.utg15941.3	1	evm.utg15941.3	exact_python_fallback
dark_cluster_000454	evm.utg1645.15	evm.utg1645.15	3	evm.utg1645.15;evm.utg1645.20;evm.utg1645.7	exact_python_fallback
dark_cluster_000454	evm.utg1645.15	evm.utg1645.20	3	evm.utg1645.15;evm.utg1645.20;evm.utg1645.7	exact_python_fallback
dark_cluster_000454	evm.utg1645.15	evm.utg1645.7	3	evm.utg1645.15;evm.utg1645.20;evm.utg1645.7	exact_python_fallback
dark_cluster_000455	evm.utg1091.17	evm.utg1091.17	1	evm.utg1091.17	exact_python_fallback
dark_cluster_000456	evm.utg31822.2	evm.utg31822.2	1	evm.utg31822.2	exact_python_fallback
dark_cluster_000457	evm.utg580.28	evm.utg580.28	1	evm.utg580.28	exact_python_fallback
dark_cluster_000458	evm.utg126.47	evm.utg126.47	1	evm.utg126.47	exact_python_fallback
dark_cluster_000459	evm.utg8615.22	evm.utg8615.22	1	evm.utg8615.22	exact_python_fallback
dark_cluster_000460	evm.utg167.17	evm.utg167.17	1	evm.utg167.17	exact_python_fallback
dark_cluster_000461	evm.utg54636.8	evm.utg54636.8	1	evm.utg54636.8	exact_python_fallback
dark_cluster_000462	evm.utg38078.6	evm.utg38078.6	1	evm.utg38078.6	exact_python_fallback
dark_cluster_000463	evm.utg207.110	evm.utg207.110	1	evm.utg207.110	exact_python_fallback
dark_cluster_000464	evm.utg7548.5	evm.utg7548.5	1	evm.utg7548.5	exact_python_fallback
dark_cluster_000465	utg13793.equina_smart_1032394.mrna1	utg13793.equina_smart_1032394.mrna1	1	utg13793.equina_smart_1032394.mrna1	exact_python_fallback
dark_cluster_000466	evm.utg2521.22	evm.utg2521.22	1	evm.utg2521.22	exact_python_fallback
dark_cluster_000467	evm.utg17612.35	evm.utg17612.35	1	evm.utg17612.35	exact_python_fallback
dark_cluster_000468	evm.utg30575.6	evm.utg30575.6	1	evm.utg30575.6	exact_python_fallback
dark_cluster_000469	evm.utg19396.3	evm.utg19396.3	1	evm.utg19396.3	exact_python_fallback
dark_cluster_000470	evm.utg8494.98	evm.utg8494.98	1	evm.utg8494.98	exact_python_fallback
dark_cluster_000471	utg616.equina_smart_1792692.mrna1	utg616.equina_smart_1792692.mrna1	1	utg616.equina_smart_1792692.mrna1	exact_python_fallback
dark_cluster_000472	evm.utg77.172	evm.utg77.172	4	evm.utg77.172;evm.utg77.30;evm.utg77.43;evm.utg77.82	exact_python_fallback
dark_cluster_000472	evm.utg77.172	evm.utg77.30	4	evm.utg77.172;evm.utg77.30;evm.utg77.43;evm.utg77.82	exact_python_fallback
dark_cluster_000472	evm.utg77.172	evm.utg77.43	4	evm.utg77.172;evm.utg77.30;evm.utg77.43;evm.utg77.82	exact_python_fallback
dark_cluster_000472	evm.utg77.172	evm.utg77.82	4	evm.utg77.172;evm.utg77.30;evm.utg77.43;evm.utg77.82	exact_python_fallback
dark_cluster_000473	evm.utg18.63	evm.utg18.63	1	evm.utg18.63	exact_python_fallback
dark_cluster_000474	evm.utg607.8	evm.utg607.8	1	evm.utg607.8	exact_python_fallback
dark_cluster_000475	evm.utg280.19	evm.utg280.19	1	evm.utg280.19	exact_python_fallback
dark_cluster_000476	evm.utg279.48	evm.utg279.48	1	evm.utg279.48	exact_python_fallback
dark_cluster_000477	evm.utg6459.1	evm.utg6459.1	3	evm.utg6459.1;evm.utg6459.12;evm.utg6459.50	exact_python_fallback
dark_cluster_000477	evm.utg6459.1	evm.utg6459.12	3	evm.utg6459.1;evm.utg6459.12;evm.utg6459.50	exact_python_fallback
dark_cluster_000477	evm.utg6459.1	evm.utg6459.50	3	evm.utg6459.1;evm.utg6459.12;evm.utg6459.50	exact_python_fallback
dark_cluster_000478	evm.utg293.76	evm.utg293.76	1	evm.utg293.76	exact_python_fallback
dark_cluster_000479	evm.utg3443.3	evm.utg3443.3	1	evm.utg3443.3	exact_python_fallback
dark_cluster_000480	utg1272.equina_smart_16100.mrna1	utg1272.equina_smart_16100.mrna1	1	utg1272.equina_smart_16100.mrna1	exact_python_fallback
dark_cluster_000481	evm.utg4613.59	evm.utg4613.59	1	evm.utg4613.59	exact_python_fallback
dark_cluster_000482	evm.utg30575.8	evm.utg30575.8	1	evm.utg30575.8	exact_python_fallback
dark_cluster_000483	evm.utg2269.34	evm.utg2269.34	1	evm.utg2269.34	exact_python_fallback
dark_cluster_000484	evm.utg2269.38	evm.utg2269.38	1	evm.utg2269.38	exact_python_fallback
dark_cluster_000485	evm.utg628.2	evm.utg628.2	1	evm.utg628.2	exact_python_fallback
dark_cluster_000486	evm.utg237.34	evm.utg237.34	1	evm.utg237.34	exact_python_fallback
dark_cluster_000487	evm.utg78.115	evm.utg78.115	1	evm.utg78.115	exact_python_fallback
dark_cluster_000488	evm.utg40335.8	evm.utg40335.8	1	evm.utg40335.8	exact_python_fallback
dark_cluster_000489	evm.utg36717.10	evm.utg36717.10	1	evm.utg36717.10	exact_python_fallback
dark_cluster_000490	evm.utg4155.5	evm.utg4155.5	1	evm.utg4155.5	exact_python_fallback
dark_cluster_000491	evm.utg172.148	evm.utg172.148	1	evm.utg172.148	exact_python_fallback
dark_cluster_000492	evm.utg2969.10	evm.utg2969.10	1	evm.utg2969.10	exact_python_fallback
dark_cluster_000493	evm.utg599.18	evm.utg599.18	1	evm.utg599.18	exact_python_fallback
dark_cluster_000494	evm.utg24645.2	evm.utg24645.2	1	evm.utg24645.2	exact_python_fallback
dark_cluster_000495	evm.utg3884.13	evm.utg3884.13	1	evm.utg3884.13	exact_python_fallback
dark_cluster_000496	evm.utg243.2	evm.utg243.2	1	evm.utg243.2	exact_python_fallback
dark_cluster_000497	evm.utg3199.72	evm.utg3199.72	1	evm.utg3199.72	exact_python_fallback
dark_cluster_000498	evm.utg10541.6	evm.utg10541.6	1	evm.utg10541.6	exact_python_fallback
dark_cluster_000499	evm.utg6078.39	evm.utg6078.39	1	evm.utg6078.39	exact_python_fallback
dark_cluster_000500	evm.utg1517.32	evm.utg1517.32	1	evm.utg1517.32	exact_python_fallback
dark_cluster_000501	evm.utg715.107	evm.utg715.107	1	evm.utg715.107	exact_python_fallback
dark_cluster_000502	evm.utg7680.8	evm.utg7680.8	1	evm.utg7680.8	exact_python_fallback
dark_cluster_000503	evm.utg686.12	evm.utg686.12	3	evm.utg686.12;evm.utg686.36;evm.utg686.84	exact_python_fallback
dark_cluster_000503	evm.utg686.12	evm.utg686.36	3	evm.utg686.12;evm.utg686.36;evm.utg686.84	exact_python_fallback
dark_cluster_000503	evm.utg686.12	evm.utg686.84	3	evm.utg686.12;evm.utg686.36;evm.utg686.84	exact_python_fallback
dark_cluster_000504	evm.utg20813.20	evm.utg20813.20	1	evm.utg20813.20	exact_python_fallback
dark_cluster_000505	evm.utg4265.10	evm.utg4265.10	6	evm.utg4265.10;evm.utg4265.13;evm.utg4265.14;evm.utg4265.22;evm.utg4265.24;evm.utg4265.7	exact_python_fallback
dark_cluster_000505	evm.utg4265.10	evm.utg4265.13	6	evm.utg4265.10;evm.utg4265.13;evm.utg4265.14;evm.utg4265.22;evm.utg4265.24;evm.utg4265.7	exact_python_fallback
dark_cluster_000505	evm.utg4265.10	evm.utg4265.14	6	evm.utg4265.10;evm.utg4265.13;evm.utg4265.14;evm.utg4265.22;evm.utg4265.24;evm.utg4265.7	exact_python_fallback
dark_cluster_000505	evm.utg4265.10	evm.utg4265.22	6	evm.utg4265.10;evm.utg4265.13;evm.utg4265.14;evm.utg4265.22;evm.utg4265.24;evm.utg4265.7	exact_python_fallback
dark_cluster_000505	evm.utg4265.10	evm.utg4265.24	6	evm.utg4265.10;evm.utg4265.13;evm.utg4265.14;evm.utg4265.22;evm.utg4265.24;evm.utg4265.7	exact_python_fallback
dark_cluster_000505	evm.utg4265.10	evm.utg4265.7	6	evm.utg4265.10;evm.utg4265.13;evm.utg4265.14;evm.utg4265.22;evm.utg4265.24;evm.utg4265.7	exact_python_fallback
dark_cluster_000506	evm.utg109.12	evm.utg109.12	1	evm.utg109.12	exact_python_fallback
dark_cluster_000507	evm.utg3872.83	evm.utg3872.83	1	evm.utg3872.83	exact_python_fallback
dark_cluster_000508	evm.utg1009.12	evm.utg1009.12	1	evm.utg1009.12	exact_python_fallback
dark_cluster_000509	evm.utg116.91	evm.utg116.91	1	evm.utg116.91	exact_python_fallback
dark_cluster_000510	evm.utg622.124	evm.utg622.124	1	evm.utg622.124	exact_python_fallback
dark_cluster_000511	evm.utg418.92	evm.utg418.92	1	evm.utg418.92	exact_python_fallback
dark_cluster_000512	evm.utg6875.7	evm.utg6875.7	1	evm.utg6875.7	exact_python_fallback
dark_cluster_000513	evm.utg276.7	evm.utg276.7	1	evm.utg276.7	exact_python_fallback
dark_cluster_000514	evm.utg3201.48	evm.utg3201.48	1	evm.utg3201.48	exact_python_fallback
dark_cluster_000515	evm.utg1091.58	evm.utg1091.58	1	evm.utg1091.58	exact_python_fallback
dark_cluster_000516	evm.utg896.22	evm.utg896.22	1	evm.utg896.22	exact_python_fallback
dark_cluster_000517	evm.utg344.13	evm.utg344.13	1	evm.utg344.13	exact_python_fallback
dark_cluster_000518	evm.utg15427.4	evm.utg15427.4	1	evm.utg15427.4	exact_python_fallback
dark_cluster_000519	evm.utg1278.88	evm.utg1278.88	1	evm.utg1278.88	exact_python_fallback
dark_cluster_000520	evm.utg891.34	evm.utg891.34	1	evm.utg891.34	exact_python_fallback
dark_cluster_000521	evm.utg910.57	evm.utg910.57	1	evm.utg910.57	exact_python_fallback
dark_cluster_000522	evm.utg139996.1	evm.utg139996.1	1	evm.utg139996.1	exact_python_fallback
dark_cluster_000523	evm.utg207.62	evm.utg207.62	1	evm.utg207.62	exact_python_fallback
dark_cluster_000524	evm.utg4709.14	evm.utg4709.14	1	evm.utg4709.14	exact_python_fallback
dark_cluster_000525	evm.utg243.47	evm.utg243.47	1	evm.utg243.47	exact_python_fallback
dark_cluster_000526	evm.utg33682.11	evm.utg33682.11	1	evm.utg33682.11	exact_python_fallback
dark_cluster_000527	evm.utg1683.50	evm.utg1683.50	1	evm.utg1683.50	exact_python_fallback
dark_cluster_000528	evm.utg245.29	evm.utg245.29	1	evm.utg245.29	exact_python_fallback
dark_cluster_000529	evm.utg888.6	evm.utg888.6	1	evm.utg888.6	exact_python_fallback
dark_cluster_000530	evm.utg4856.41	evm.utg4856.41	1	evm.utg4856.41	exact_python_fallback
dark_cluster_000531	evm.utg567.25	evm.utg567.25	1	evm.utg567.25	exact_python_fallback
dark_cluster_000532	evm.utg1132.1	evm.utg1132.1	1	evm.utg1132.1	exact_python_fallback
dark_cluster_000533	evm.utg7652.14	evm.utg7652.14	1	evm.utg7652.14	exact_python_fallback
dark_cluster_000534	evm.utg18.48	evm.utg18.48	1	evm.utg18.48	exact_python_fallback
dark_cluster_000535	evm.utg92.63	evm.utg92.63	1	evm.utg92.63	exact_python_fallback
dark_cluster_000536	evm.utg16091.8	evm.utg16091.8	1	evm.utg16091.8	exact_python_fallback
dark_cluster_000537	evm.utg7217.43	evm.utg7217.43	1	evm.utg7217.43	exact_python_fallback
dark_cluster_000538	evm.utg347.17	evm.utg347.17	1	evm.utg347.17	exact_python_fallback
dark_cluster_000539	evm.utg3199.40	evm.utg3199.40	1	evm.utg3199.40	exact_python_fallback
dark_cluster_000540	evm.utg2200.27	evm.utg2200.27	1	evm.utg2200.27	exact_python_fallback
dark_cluster_000541	evm.utg5975.23	evm.utg5975.23	1	evm.utg5975.23	exact_python_fallback
dark_cluster_000542	evm.utg699.62	evm.utg699.62	1	evm.utg699.62	exact_python_fallback
dark_cluster_000543	evm.utg2599.20	evm.utg2599.20	1	evm.utg2599.20	exact_python_fallback
dark_cluster_000544	utg35.equina_smart_1482040.mrna1	utg35.equina_smart_1482040.mrna1	1	utg35.equina_smart_1482040.mrna1	exact_python_fallback
dark_cluster_000545	utg4977.equina_smart_1482040.mrna3	utg4977.equina_smart_1482040.mrna3	1	utg4977.equina_smart_1482040.mrna3	exact_python_fallback
dark_cluster_000546	utg2007.equina_smart_1482040.mrna11	utg2007.equina_smart_1482040.mrna11	1	utg2007.equina_smart_1482040.mrna11	exact_python_fallback
dark_cluster_000547	utg183.equina_smart_1482040.mrna4	utg183.equina_smart_1482040.mrna4	1	utg183.equina_smart_1482040.mrna4	exact_python_fallback
dark_cluster_000548	evm.utg1897.72	evm.utg1897.72	1	evm.utg1897.72	exact_python_fallback
dark_cluster_000549	evm.utg262.31	evm.utg262.31	1	evm.utg262.31	exact_python_fallback
dark_cluster_000550	evm.utg4739.1	evm.utg4739.1	3	evm.utg4739.1;evm.utg4739.4;evm.utg4739.9	exact_python_fallback
dark_cluster_000550	evm.utg4739.1	evm.utg4739.4	3	evm.utg4739.1;evm.utg4739.4;evm.utg4739.9	exact_python_fallback
dark_cluster_000550	evm.utg4739.1	evm.utg4739.9	3	evm.utg4739.1;evm.utg4739.4;evm.utg4739.9	exact_python_fallback
dark_cluster_000551	utg116.equina_smart_718315.mrna1	utg116.equina_smart_718315.mrna1	1	utg116.equina_smart_718315.mrna1	exact_python_fallback
dark_cluster_000552	utg324.equina_smart_198480.mrna1	utg324.equina_smart_198480.mrna1	1	utg324.equina_smart_198480.mrna1	exact_python_fallback
dark_cluster_000553	evm.utg1800.40	evm.utg1800.40	1	evm.utg1800.40	exact_python_fallback
dark_cluster_000554	evm.utg622.88	evm.utg622.88	1	evm.utg622.88	exact_python_fallback
dark_cluster_000555	utg479.equina_smart_1127904.mrna1	utg479.equina_smart_1127904.mrna1	1	utg479.equina_smart_1127904.mrna1	exact_python_fallback
dark_cluster_000556	evm.utg15156.19	evm.utg15156.19	1	evm.utg15156.19	exact_python_fallback
dark_cluster_000557	evm.utg1404.34	evm.utg1404.34	1	evm.utg1404.34	exact_python_fallback
dark_cluster_000558	evm.utg395.36	evm.utg395.36	1	evm.utg395.36	exact_python_fallback
dark_cluster_000559	utg9285.equina_smart_1581724.mrna1	utg9285.equina_smart_1581724.mrna1	1	utg9285.equina_smart_1581724.mrna1	exact_python_fallback
dark_cluster_000560	evm.utg616.12	evm.utg616.12	1	evm.utg616.12	exact_python_fallback
dark_cluster_000561	evm.utg594.23	evm.utg594.23	1	evm.utg594.23	exact_python_fallback
dark_cluster_000562	evm.utg3834.17	evm.utg3834.17	1	evm.utg3834.17	exact_python_fallback
dark_cluster_000563	evm.utg38114.11	evm.utg38114.11	1	evm.utg38114.11	exact_python_fallback
dark_cluster_000564	evm.utg777.13	evm.utg777.13	5	evm.utg777.13;evm.utg777.14;evm.utg777.17;evm.utg777.67;evm.utg777.81	exact_python_fallback
dark_cluster_000564	evm.utg777.13	evm.utg777.14	5	evm.utg777.13;evm.utg777.14;evm.utg777.17;evm.utg777.67;evm.utg777.81	exact_python_fallback
dark_cluster_000564	evm.utg777.13	evm.utg777.17	5	evm.utg777.13;evm.utg777.14;evm.utg777.17;evm.utg777.67;evm.utg777.81	exact_python_fallback
dark_cluster_000564	evm.utg777.13	evm.utg777.67	5	evm.utg777.13;evm.utg777.14;evm.utg777.17;evm.utg777.67;evm.utg777.81	exact_python_fallback
dark_cluster_000564	evm.utg777.13	evm.utg777.81	5	evm.utg777.13;evm.utg777.14;evm.utg777.17;evm.utg777.67;evm.utg777.81	exact_python_fallback
dark_cluster_000565	evm.utg1765.6	evm.utg1765.6	1	evm.utg1765.6	exact_python_fallback
dark_cluster_000566	utg1358.equina_smart_331895.mrna1	utg1358.equina_smart_331895.mrna1	1	utg1358.equina_smart_331895.mrna1	exact_python_fallback
dark_cluster_000567	utg203.equina_smart_1403020.mrna1	utg203.equina_smart_1403020.mrna1	1	utg203.equina_smart_1403020.mrna1	exact_python_fallback
dark_cluster_000568	evm.utg3019.44	evm.utg3019.44	1	evm.utg3019.44	exact_python_fallback
dark_cluster_000569	evm.utg6373.10	evm.utg6373.10	6	evm.utg6373.10;evm.utg6373.11;evm.utg6373.17;evm.utg6373.21;evm.utg6373.26;evm.utg6373.6	exact_python_fallback
dark_cluster_000569	evm.utg6373.10	evm.utg6373.11	6	evm.utg6373.10;evm.utg6373.11;evm.utg6373.17;evm.utg6373.21;evm.utg6373.26;evm.utg6373.6	exact_python_fallback
dark_cluster_000569	evm.utg6373.10	evm.utg6373.17	6	evm.utg6373.10;evm.utg6373.11;evm.utg6373.17;evm.utg6373.21;evm.utg6373.26;evm.utg6373.6	exact_python_fallback
dark_cluster_000569	evm.utg6373.10	evm.utg6373.21	6	evm.utg6373.10;evm.utg6373.11;evm.utg6373.17;evm.utg6373.21;evm.utg6373.26;evm.utg6373.6	exact_python_fallback
dark_cluster_000569	evm.utg6373.10	evm.utg6373.26	6	evm.utg6373.10;evm.utg6373.11;evm.utg6373.17;evm.utg6373.21;evm.utg6373.26;evm.utg6373.6	exact_python_fallback
dark_cluster_000569	evm.utg6373.10	evm.utg6373.6	6	evm.utg6373.10;evm.utg6373.11;evm.utg6373.17;evm.utg6373.21;evm.utg6373.26;evm.utg6373.6	exact_python_fallback
dark_cluster_000570	evm.utg338.26	evm.utg338.26	2	evm.utg338.26;evm.utg338.27	exact_python_fallback
dark_cluster_000570	evm.utg338.26	evm.utg338.27	2	evm.utg338.26;evm.utg338.27	exact_python_fallback
dark_cluster_000571	evm.utg1684.13	evm.utg1684.13	1	evm.utg1684.13	exact_python_fallback
dark_cluster_000572	evm.utg1623.35	evm.utg1623.35	1	evm.utg1623.35	exact_python_fallback
dark_cluster_000573	evm.utg1253.11	evm.utg1253.11	1	evm.utg1253.11	exact_python_fallback
dark_cluster_000574	evm.utg125.110	evm.utg125.110	1	evm.utg125.110	exact_python_fallback
dark_cluster_000575	evm.utg18633.2	evm.utg18633.2	1	evm.utg18633.2	exact_python_fallback
dark_cluster_000576	evm.utg2818.33	evm.utg2818.33	1	evm.utg2818.33	exact_python_fallback
dark_cluster_000577	evm.utg1073.3	evm.utg1073.3	2	evm.utg1073.3;evm.utg1073.5	exact_python_fallback
dark_cluster_000577	evm.utg1073.3	evm.utg1073.5	2	evm.utg1073.3;evm.utg1073.5	exact_python_fallback
dark_cluster_000578	evm.utg82.11	evm.utg82.11	5	evm.utg82.11;evm.utg82.12;evm.utg82.41;evm.utg82.5;evm.utg82.9	exact_python_fallback
dark_cluster_000578	evm.utg82.11	evm.utg82.12	5	evm.utg82.11;evm.utg82.12;evm.utg82.41;evm.utg82.5;evm.utg82.9	exact_python_fallback
dark_cluster_000578	evm.utg82.11	evm.utg82.41	5	evm.utg82.11;evm.utg82.12;evm.utg82.41;evm.utg82.5;evm.utg82.9	exact_python_fallback
dark_cluster_000578	evm.utg82.11	evm.utg82.5	5	evm.utg82.11;evm.utg82.12;evm.utg82.41;evm.utg82.5;evm.utg82.9	exact_python_fallback
dark_cluster_000578	evm.utg82.11	evm.utg82.9	5	evm.utg82.11;evm.utg82.12;evm.utg82.41;evm.utg82.5;evm.utg82.9	exact_python_fallback
dark_cluster_000579	evm.utg3201.54	evm.utg3201.54	1	evm.utg3201.54	exact_python_fallback
dark_cluster_000580	evm.utg9602.27	evm.utg9602.27	1	evm.utg9602.27	exact_python_fallback
dark_cluster_000581	evm.utg14.46	evm.utg14.46	1	evm.utg14.46	exact_python_fallback
dark_cluster_000582	evm.utg494.2	evm.utg494.2	1	evm.utg494.2	exact_python_fallback
dark_cluster_000583	evm.utg2371.47	evm.utg2371.47	1	evm.utg2371.47	exact_python_fallback
dark_cluster_000584	evm.utg14021.11	evm.utg14021.11	1	evm.utg14021.11	exact_python_fallback
dark_cluster_000585	evm.utg125.54	evm.utg125.54	1	evm.utg125.54	exact_python_fallback
dark_cluster_000586	evm.utg2379.27	evm.utg2379.27	1	evm.utg2379.27	exact_python_fallback
dark_cluster_000587	evm.utg1982.29	evm.utg1982.29	1	evm.utg1982.29	exact_python_fallback
dark_cluster_000588	evm.utg494.8	evm.utg494.8	1	evm.utg494.8	exact_python_fallback
dark_cluster_000589	evm.utg20076.1	evm.utg20076.1	3	evm.utg20076.1;evm.utg20076.13;evm.utg20076.16	exact_python_fallback
dark_cluster_000589	evm.utg20076.1	evm.utg20076.13	3	evm.utg20076.1;evm.utg20076.13;evm.utg20076.16	exact_python_fallback
dark_cluster_000589	evm.utg20076.1	evm.utg20076.16	3	evm.utg20076.1;evm.utg20076.13;evm.utg20076.16	exact_python_fallback
dark_cluster_000590	evm.utg1691.23	evm.utg1691.23	3	evm.utg1691.23;evm.utg1691.24;evm.utg1691.34	exact_python_fallback
dark_cluster_000590	evm.utg1691.23	evm.utg1691.24	3	evm.utg1691.23;evm.utg1691.24;evm.utg1691.34	exact_python_fallback
dark_cluster_000590	evm.utg1691.23	evm.utg1691.34	3	evm.utg1691.23;evm.utg1691.24;evm.utg1691.34	exact_python_fallback
dark_cluster_000591	evm.utg11341.5	evm.utg11341.5	1	evm.utg11341.5	exact_python_fallback
dark_cluster_000592	evm.utg695.15	evm.utg695.15	1	evm.utg695.15	exact_python_fallback
dark_cluster_000593	evm.utg43451.10	evm.utg43451.10	2	evm.utg43451.10;evm.utg43451.4	exact_python_fallback
dark_cluster_000593	evm.utg43451.10	evm.utg43451.4	2	evm.utg43451.10;evm.utg43451.4	exact_python_fallback
dark_cluster_000594	utg3409.equina_smart_1167581.mrna1	utg3409.equina_smart_1167581.mrna1	1	utg3409.equina_smart_1167581.mrna1	exact_python_fallback
dark_cluster_000595	utg55.equina_smart_1486858.mrna1	utg55.equina_smart_1486858.mrna1	1	utg55.equina_smart_1486858.mrna1	exact_python_fallback
dark_cluster_000596	evm.utg4695.76	evm.utg4695.76	1	evm.utg4695.76	exact_python_fallback
dark_cluster_000597	evm.utg4468.16	evm.utg4468.16	1	evm.utg4468.16	exact_python_fallback
dark_cluster_000598	evm.utg696.13	evm.utg696.13	1	evm.utg696.13	exact_python_fallback
dark_cluster_000599	evm.utg13510.2	evm.utg13510.2	1	evm.utg13510.2	exact_python_fallback
dark_cluster_000600	evm.utg1734.13	evm.utg1734.13	5	evm.utg1734.13;evm.utg1734.17;evm.utg1734.29;evm.utg1734.30;evm.utg1734.33	exact_python_fallback
dark_cluster_000600	evm.utg1734.13	evm.utg1734.17	5	evm.utg1734.13;evm.utg1734.17;evm.utg1734.29;evm.utg1734.30;evm.utg1734.33	exact_python_fallback
dark_cluster_000600	evm.utg1734.13	evm.utg1734.29	5	evm.utg1734.13;evm.utg1734.17;evm.utg1734.29;evm.utg1734.30;evm.utg1734.33	exact_python_fallback
dark_cluster_000600	evm.utg1734.13	evm.utg1734.30	5	evm.utg1734.13;evm.utg1734.17;evm.utg1734.29;evm.utg1734.30;evm.utg1734.33	exact_python_fallback
dark_cluster_000600	evm.utg1734.13	evm.utg1734.33	5	evm.utg1734.13;evm.utg1734.17;evm.utg1734.29;evm.utg1734.30;evm.utg1734.33	exact_python_fallback
dark_cluster_000601	evm.utg33128.2	evm.utg33128.2	1	evm.utg33128.2	exact_python_fallback
dark_cluster_000602	evm.utg33128.3	evm.utg33128.3	1	evm.utg33128.3	exact_python_fallback
dark_cluster_000603	utg9769.equina_smart_1482040.mrna2	utg9769.equina_smart_1482040.mrna2	1	utg9769.equina_smart_1482040.mrna2	exact_python_fallback
dark_cluster_000604	evm.utg2269.44	evm.utg2269.44	1	evm.utg2269.44	exact_python_fallback
dark_cluster_000605	evm.utg10963.2	evm.utg10963.2	2	evm.utg10963.2;evm.utg10963.6	exact_python_fallback
dark_cluster_000605	evm.utg10963.2	evm.utg10963.6	2	evm.utg10963.2;evm.utg10963.6	exact_python_fallback
dark_cluster_000606	evm.utg1569.2	evm.utg1569.2	1	evm.utg1569.2	exact_python_fallback
dark_cluster_000607	evm.utg695.7	evm.utg695.7	1	evm.utg695.7	exact_python_fallback
dark_cluster_000608	evm.utg858.6	evm.utg858.6	1	evm.utg858.6	exact_python_fallback
dark_cluster_000609	evm.utg1919.79	evm.utg1919.79	1	evm.utg1919.79	exact_python_fallback
dark_cluster_000610	evm.utg48.46	evm.utg48.46	2	evm.utg48.46;evm.utg48.62	exact_python_fallback
dark_cluster_000610	evm.utg48.46	evm.utg48.62	2	evm.utg48.46;evm.utg48.62	exact_python_fallback
dark_cluster_000611	evm.utg804.1	evm.utg804.1	1	evm.utg804.1	exact_python_fallback
dark_cluster_000612	evm.utg13496.2	evm.utg13496.2	1	evm.utg13496.2	exact_python_fallback
dark_cluster_000613	evm.utg178.66	evm.utg178.66	1	evm.utg178.66	exact_python_fallback
dark_cluster_000614	evm.utg1596.1	evm.utg1596.1	1	evm.utg1596.1	exact_python_fallback
dark_cluster_000615	evm.utg1525.5	evm.utg1525.5	1	evm.utg1525.5	exact_python_fallback
dark_cluster_000616	evm.utg3199.1	evm.utg3199.1	3	evm.utg3199.1;evm.utg3199.20;evm.utg3199.46	exact_python_fallback
dark_cluster_000616	evm.utg3199.1	evm.utg3199.20	3	evm.utg3199.1;evm.utg3199.20;evm.utg3199.46	exact_python_fallback
dark_cluster_000616	evm.utg3199.1	evm.utg3199.46	3	evm.utg3199.1;evm.utg3199.20;evm.utg3199.46	exact_python_fallback
dark_cluster_000617	evm.utg2849.2	evm.utg2849.2	1	evm.utg2849.2	exact_python_fallback
dark_cluster_000618	evm.utg1498.10	evm.utg1498.10	1	evm.utg1498.10	exact_python_fallback
dark_cluster_000619	evm.utg73.106	evm.utg73.106	1	evm.utg73.106	exact_python_fallback
dark_cluster_000620	evm.utg4695.48	evm.utg4695.48	1	evm.utg4695.48	exact_python_fallback
dark_cluster_000621	evm.utg1475.11	evm.utg1475.11	1	evm.utg1475.11	exact_python_fallback
dark_cluster_000622	evm.utg43115.16	evm.utg43115.16	1	evm.utg43115.16	exact_python_fallback
dark_cluster_000623	evm.utg1542.2	evm.utg1542.2	1	evm.utg1542.2	exact_python_fallback
dark_cluster_000624	evm.utg27299.1	evm.utg27299.1	1	evm.utg27299.1	exact_python_fallback
dark_cluster_000625	evm.utg456.70	evm.utg456.70	1	evm.utg456.70	exact_python_fallback
dark_cluster_000626	evm.utg30399.6	evm.utg30399.6	1	evm.utg30399.6	exact_python_fallback
dark_cluster_000627	evm.utg144.87	evm.utg144.87	1	evm.utg144.87	exact_python_fallback
dark_cluster_000628	evm.utg1278.46	evm.utg1278.46	3	evm.utg1278.46;evm.utg6092.1;evm.utg6092.27	exact_python_fallback
dark_cluster_000628	evm.utg1278.46	evm.utg6092.1	3	evm.utg1278.46;evm.utg6092.1;evm.utg6092.27	exact_python_fallback
dark_cluster_000628	evm.utg1278.46	evm.utg6092.27	3	evm.utg1278.46;evm.utg6092.1;evm.utg6092.27	exact_python_fallback
dark_cluster_000629	evm.utg103034.1	evm.utg103034.1	1	evm.utg103034.1	exact_python_fallback
dark_cluster_000630	evm.utg22559.8	evm.utg22559.8	1	evm.utg22559.8	exact_python_fallback
dark_cluster_000631	evm.utg39725.1	evm.utg39725.1	1	evm.utg39725.1	exact_python_fallback
dark_cluster_000632	evm.utg4130.11	evm.utg4130.11	1	evm.utg4130.11	exact_python_fallback
dark_cluster_000633	evm.utg420.141	evm.utg420.141	1	evm.utg420.141	exact_python_fallback
dark_cluster_000634	evm.utg1270.24	evm.utg1270.24	1	evm.utg1270.24	exact_python_fallback
dark_cluster_000635	evm.utg5294.3	evm.utg5294.3	1	evm.utg5294.3	exact_python_fallback
dark_cluster_000636	evm.utg1143.1	evm.utg1143.1	6	evm.utg1143.1;evm.utg1143.21;evm.utg1143.43;evm.utg1143.53;evm.utg1143.54;evm.utg1143.58	exact_python_fallback
dark_cluster_000636	evm.utg1143.1	evm.utg1143.21	6	evm.utg1143.1;evm.utg1143.21;evm.utg1143.43;evm.utg1143.53;evm.utg1143.54;evm.utg1143.58	exact_python_fallback
dark_cluster_000636	evm.utg1143.1	evm.utg1143.43	6	evm.utg1143.1;evm.utg1143.21;evm.utg1143.43;evm.utg1143.53;evm.utg1143.54;evm.utg1143.58	exact_python_fallback
dark_cluster_000636	evm.utg1143.1	evm.utg1143.53	6	evm.utg1143.1;evm.utg1143.21;evm.utg1143.43;evm.utg1143.53;evm.utg1143.54;evm.utg1143.58	exact_python_fallback
dark_cluster_000636	evm.utg1143.1	evm.utg1143.54	6	evm.utg1143.1;evm.utg1143.21;evm.utg1143.43;evm.utg1143.53;evm.utg1143.54;evm.utg1143.58	exact_python_fallback
dark_cluster_000636	evm.utg1143.1	evm.utg1143.58	6	evm.utg1143.1;evm.utg1143.21;evm.utg1143.43;evm.utg1143.53;evm.utg1143.54;evm.utg1143.58	exact_python_fallback
dark_cluster_000637	evm.utg125.80	evm.utg125.80	1	evm.utg125.80	exact_python_fallback
dark_cluster_000638	evm.utg8181.7	evm.utg8181.7	1	evm.utg8181.7	exact_python_fallback
dark_cluster_000639	evm.utg1249.13	evm.utg1249.13	1	evm.utg1249.13	exact_python_fallback
dark_cluster_000640	evm.utg1982.10	evm.utg1982.10	1	evm.utg1982.10	exact_python_fallback
dark_cluster_000641	evm.utg2698.1	evm.utg2698.1	1	evm.utg2698.1	exact_python_fallback
dark_cluster_000642	evm.utg4898.25	evm.utg4898.25	1	evm.utg4898.25	exact_python_fallback
dark_cluster_000643	evm.utg3178.1	evm.utg3178.1	1	evm.utg3178.1	exact_python_fallback
dark_cluster_000644	evm.utg14.41	evm.utg14.41	1	evm.utg14.41	exact_python_fallback
dark_cluster_000645	evm.utg12382.1	evm.utg12382.1	1	evm.utg12382.1	exact_python_fallback
dark_cluster_000646	utg1846.evm.utg750.32.mrna2	utg1846.evm.utg750.32.mrna2	1	utg1846.evm.utg750.32.mrna2	exact_python_fallback
dark_cluster_000647	evm.utg4613.44	evm.utg4613.44	1	evm.utg4613.44	exact_python_fallback
dark_cluster_000648	evm.utg9867.23	evm.utg9867.23	1	evm.utg9867.23	exact_python_fallback
dark_cluster_000649	evm.utg882.3	evm.utg882.3	1	evm.utg882.3	exact_python_fallback
dark_cluster_000650	evm.utg10470.30	evm.utg10470.30	1	evm.utg10470.30	exact_python_fallback
dark_cluster_000651	evm.utg1897.13	evm.utg1897.13	1	evm.utg1897.13	exact_python_fallback
dark_cluster_000652	evm.utg237.1	evm.utg237.1	2	evm.utg237.1;evm.utg237.15	exact_python_fallback
dark_cluster_000652	evm.utg237.1	evm.utg237.15	2	evm.utg237.1;evm.utg237.15	exact_python_fallback
dark_cluster_000653	evm.utg7909.1	evm.utg7909.1	1	evm.utg7909.1	exact_python_fallback
dark_cluster_000654	evm.utg5033.40	evm.utg5033.40	1	evm.utg5033.40	exact_python_fallback
dark_cluster_000655	evm.utg48808.11	evm.utg48808.11	1	evm.utg48808.11	exact_python_fallback
dark_cluster_000656	evm.utg431.17	evm.utg431.17	1	evm.utg431.17	exact_python_fallback
dark_cluster_000657	evm.utg19612.1	evm.utg19612.1	1	evm.utg19612.1	exact_python_fallback
dark_cluster_000658	evm.utg4901.19	evm.utg4901.19	1	evm.utg4901.19	exact_python_fallback
dark_cluster_000659	evm.utg648.14	evm.utg648.14	1	evm.utg648.14	exact_python_fallback
dark_cluster_000660	evm.utg1022.6	evm.utg1022.6	1	evm.utg1022.6	exact_python_fallback
dark_cluster_000661	evm.utg54229.1	evm.utg54229.1	1	evm.utg54229.1	exact_python_fallback
dark_cluster_000662	evm.utg2600.3	evm.utg2600.3	1	evm.utg2600.3	exact_python_fallback
dark_cluster_000663	evm.utg1936.5	evm.utg1936.5	1	evm.utg1936.5	exact_python_fallback
dark_cluster_000664	evm.utg2599.4	evm.utg2599.4	1	evm.utg2599.4	exact_python_fallback
dark_cluster_000665	evm.utg53173.5	evm.utg53173.5	1	evm.utg53173.5	exact_python_fallback
dark_cluster_000666	evm.utg3197.32	evm.utg3197.32	1	evm.utg3197.32	exact_python_fallback
dark_cluster_000667	evm.utg4351.1	evm.utg4351.1	1	evm.utg4351.1	exact_python_fallback
dark_cluster_000668	evm.utg6949.20	evm.utg6949.20	1	evm.utg6949.20	exact_python_fallback
dark_cluster_000669	evm.utg911.57	evm.utg911.57	1	evm.utg911.57	exact_python_fallback
dark_cluster_000670	evm.utg48.63	evm.utg48.63	1	evm.utg48.63	exact_python_fallback
dark_cluster_000671	evm.utg13091.13	evm.utg13091.13	1	evm.utg13091.13	exact_python_fallback
dark_cluster_000672	evm.utg7548.1	evm.utg7548.1	1	evm.utg7548.1	exact_python_fallback
dark_cluster_000673	evm.utg2269.40	evm.utg2269.40	1	evm.utg2269.40	exact_python_fallback
dark_cluster_000674	evm.utg11599.1	evm.utg11599.1	1	evm.utg11599.1	exact_python_fallback
dark_cluster_000675	evm.utg2814.1	evm.utg2814.1	1	evm.utg2814.1	exact_python_fallback
dark_cluster_000676	evm.utg896.40	evm.utg896.40	1	evm.utg896.40	exact_python_fallback
dark_cluster_000677	evm.utg498.17	evm.utg498.17	1	evm.utg498.17	exact_python_fallback
dark_cluster_000678	evm.utg1290.1	evm.utg1290.1	2	evm.utg1290.1;evm.utg1290.21	exact_python_fallback
dark_cluster_000678	evm.utg1290.1	evm.utg1290.21	2	evm.utg1290.1;evm.utg1290.21	exact_python_fallback
dark_cluster_000679	evm.utg23189.11	evm.utg23189.11	1	evm.utg23189.11	exact_python_fallback
dark_cluster_000680	evm.utg7343.1	evm.utg7343.1	1	evm.utg7343.1	exact_python_fallback
dark_cluster_000681	evm.utg861.68	evm.utg861.68	1	evm.utg861.68	exact_python_fallback
dark_cluster_000682	evm.utg3329.36	evm.utg3329.36	1	evm.utg3329.36	exact_python_fallback
dark_cluster_000683	evm.utg74575.3	evm.utg74575.3	1	evm.utg74575.3	exact_python_fallback
dark_cluster_000684	evm.utg505.60	evm.utg505.60	1	evm.utg505.60	exact_python_fallback
dark_cluster_000685	evm.utg2757.82	evm.utg2757.82	1	evm.utg2757.82	exact_python_fallback
dark_cluster_000686	utg6401.equina_smart_1851009.mrna1	utg6401.equina_smart_1851009.mrna1	1	utg6401.equina_smart_1851009.mrna1	exact_python_fallback
dark_cluster_000687	evm.utg1846.96	evm.utg1846.96	1	evm.utg1846.96	exact_python_fallback
dark_cluster_000688	utg3906.evm.utg23857.5.mrna2	utg3906.evm.utg23857.5.mrna2	1	utg3906.evm.utg23857.5.mrna2	exact_python_fallback
dark_cluster_000689	evm.utg31.25	evm.utg31.25	1	evm.utg31.25	exact_python_fallback
dark_cluster_000690	evm.utg2123.14	evm.utg2123.14	1	evm.utg2123.14	exact_python_fallback
dark_cluster_000691	evm.utg5950.64	evm.utg5950.64	1	evm.utg5950.64	exact_python_fallback
dark_cluster_000692	evm.utg1265.1	evm.utg1265.1	1	evm.utg1265.1	exact_python_fallback
dark_cluster_000693	evm.utg4898.14	evm.utg4898.14	1	evm.utg4898.14	exact_python_fallback
dark_cluster_000694	evm.utg1995.7	evm.utg1995.7	1	evm.utg1995.7	exact_python_fallback
dark_cluster_000695	evm.utg2817.33	evm.utg2817.33	1	evm.utg2817.33	exact_python_fallback
dark_cluster_000696	evm.utg334.51	evm.utg334.51	1	evm.utg334.51	exact_python_fallback
dark_cluster_000697	utg13474.equina_smart_1524574.mrna11	utg13474.equina_smart_1524574.mrna11	7	utg13474.equina_smart_1524574.mrna11;utg2682.equina_smart_1524574.mrna5;utg302.equina_smart_1524574.mrna1;utg3022.equina_smart_1524574.mrna4;utg418.equina_smart_1524574.mrna9;utg512.equina_smart_1524574.mrna2;utg62.equina_smart_1524574.mrna12	exact_python_fallback
dark_cluster_000697	utg13474.equina_smart_1524574.mrna11	utg2682.equina_smart_1524574.mrna5	7	utg13474.equina_smart_1524574.mrna11;utg2682.equina_smart_1524574.mrna5;utg302.equina_smart_1524574.mrna1;utg3022.equina_smart_1524574.mrna4;utg418.equina_smart_1524574.mrna9;utg512.equina_smart_1524574.mrna2;utg62.equina_smart_1524574.mrna12	exact_python_fallback
dark_cluster_000697	utg13474.equina_smart_1524574.mrna11	utg302.equina_smart_1524574.mrna1	7	utg13474.equina_smart_1524574.mrna11;utg2682.equina_smart_1524574.mrna5;utg302.equina_smart_1524574.mrna1;utg3022.equina_smart_1524574.mrna4;utg418.equina_smart_1524574.mrna9;utg512.equina_smart_1524574.mrna2;utg62.equina_smart_1524574.mrna12	exact_python_fallback
dark_cluster_000697	utg13474.equina_smart_1524574.mrna11	utg3022.equina_smart_1524574.mrna4	7	utg13474.equina_smart_1524574.mrna11;utg2682.equina_smart_1524574.mrna5;utg302.equina_smart_1524574.mrna1;utg3022.equina_smart_1524574.mrna4;utg418.equina_smart_1524574.mrna9;utg512.equina_smart_1524574.mrna2;utg62.equina_smart_1524574.mrna12	exact_python_fallback
dark_cluster_000697	utg13474.equina_smart_1524574.mrna11	utg418.equina_smart_1524574.mrna9	7	utg13474.equina_smart_1524574.mrna11;utg2682.equina_smart_1524574.mrna5;utg302.equina_smart_1524574.mrna1;utg3022.equina_smart_1524574.mrna4;utg418.equina_smart_1524574.mrna9;utg512.equina_smart_1524574.mrna2;utg62.equina_smart_1524574.mrna12	exact_python_fallback
dark_cluster_000697	utg13474.equina_smart_1524574.mrna11	utg512.equina_smart_1524574.mrna2	7	utg13474.equina_smart_1524574.mrna11;utg2682.equina_smart_1524574.mrna5;utg302.equina_smart_1524574.mrna1;utg3022.equina_smart_1524574.mrna4;utg418.equina_smart_1524574.mrna9;utg512.equina_smart_1524574.mrna2;utg62.equina_smart_1524574.mrna12	exact_python_fallback
dark_cluster_000697	utg13474.equina_smart_1524574.mrna11	utg62.equina_smart_1524574.mrna12	7	utg13474.equina_smart_1524574.mrna11;utg2682.equina_smart_1524574.mrna5;utg302.equina_smart_1524574.mrna1;utg3022.equina_smart_1524574.mrna4;utg418.equina_smart_1524574.mrna9;utg512.equina_smart_1524574.mrna2;utg62.equina_smart_1524574.mrna12	exact_python_fallback
dark_cluster_000698	evm.utg3839.44	evm.utg3839.44	1	evm.utg3839.44	exact_python_fallback
dark_cluster_000699	evm.utg4383.8	evm.utg4383.8	1	evm.utg4383.8	exact_python_fallback
dark_cluster_000700	evm.utg4383.9	evm.utg4383.9	1	evm.utg4383.9	exact_python_fallback
dark_cluster_000701	evm.utg4879.25	evm.utg4879.25	1	evm.utg4879.25	exact_python_fallback
dark_cluster_000702	utg15156.evm.utg12425.5.mrna3	utg15156.evm.utg12425.5.mrna3	1	utg15156.evm.utg12425.5.mrna3	exact_python_fallback
dark_cluster_000703	utg20076.evm.utg280.74.mrna6	utg20076.evm.utg280.74.mrna6	1	utg20076.evm.utg280.74.mrna6	exact_python_fallback
dark_cluster_000704	evm.utg7008.25	evm.utg7008.25	1	evm.utg7008.25	exact_python_fallback
dark_cluster_000705	utg48808.evm.utg280.74.mrna11	utg48808.evm.utg280.74.mrna11	1	utg48808.evm.utg280.74.mrna11	exact_python_fallback
dark_cluster_000706	evm.utg21766.29	evm.utg21766.29	1	evm.utg21766.29	exact_python_fallback
dark_cluster_000707	evm.utg456.10	evm.utg456.10	1	evm.utg456.10	exact_python_fallback
dark_cluster_000708	evm.utg125.76	evm.utg125.76	1	evm.utg125.76	exact_python_fallback
dark_cluster_000709	evm.utg7596.8	evm.utg7596.8	1	evm.utg7596.8	exact_python_fallback
dark_cluster_000710	evm.utg11497.15	evm.utg11497.15	1	evm.utg11497.15	exact_python_fallback
dark_cluster_000711	evm.utg113.6	evm.utg113.6	1	evm.utg113.6	exact_python_fallback
dark_cluster_000712	evm.utg599.8	evm.utg599.8	1	evm.utg599.8	exact_python_fallback
dark_cluster_000713	evm.utg18.32	evm.utg18.32	1	evm.utg18.32	exact_python_fallback
dark_cluster_000714	evm.utg2269.32	evm.utg2269.32	3	evm.utg2269.32;evm.utg2269.33;evm.utg2269.37	exact_python_fallback
dark_cluster_000714	evm.utg2269.32	evm.utg2269.33	3	evm.utg2269.32;evm.utg2269.33;evm.utg2269.37	exact_python_fallback
dark_cluster_000714	evm.utg2269.32	evm.utg2269.37	3	evm.utg2269.32;evm.utg2269.33;evm.utg2269.37	exact_python_fallback
dark_cluster_000715	utg77.equina_smart_1395528.mrna1	utg77.equina_smart_1395528.mrna1	1	utg77.equina_smart_1395528.mrna1	exact_python_fallback
dark_cluster_000716	evm.utg535.11	evm.utg535.11	4	evm.utg535.11;evm.utg535.12;evm.utg535.18;evm.utg535.30	exact_python_fallback
dark_cluster_000716	evm.utg535.11	evm.utg535.12	4	evm.utg535.11;evm.utg535.12;evm.utg535.18;evm.utg535.30	exact_python_fallback
dark_cluster_000716	evm.utg535.11	evm.utg535.18	4	evm.utg535.11;evm.utg535.12;evm.utg535.18;evm.utg535.30	exact_python_fallback
dark_cluster_000716	evm.utg535.11	evm.utg535.30	4	evm.utg535.11;evm.utg535.12;evm.utg535.18;evm.utg535.30	exact_python_fallback
dark_cluster_000717	evm.utg30399.5	evm.utg30399.5	1	evm.utg30399.5	exact_python_fallback
dark_cluster_000718	evm.utg324.146	evm.utg324.146	1	evm.utg324.146	exact_python_fallback
dark_cluster_000719	evm.utg5066.2	evm.utg5066.2	1	evm.utg5066.2	exact_python_fallback
dark_cluster_000720	evm.utg34135.2	evm.utg34135.2	2	evm.utg34135.2;evm.utg34135.6	exact_python_fallback
dark_cluster_000720	evm.utg34135.2	evm.utg34135.6	2	evm.utg34135.2;evm.utg34135.6	exact_python_fallback
dark_cluster_000721	evm.utg19866.19	evm.utg19866.19	1	evm.utg19866.19	exact_python_fallback
dark_cluster_000722	evm.utg3839.8	evm.utg3839.8	1	evm.utg3839.8	exact_python_fallback
dark_cluster_000723	evm.utg2600.1	evm.utg2600.1	3	evm.utg2600.1;evm.utg2600.20;evm.utg2600.4	exact_python_fallback
dark_cluster_000723	evm.utg2600.1	evm.utg2600.20	3	evm.utg2600.1;evm.utg2600.20;evm.utg2600.4	exact_python_fallback
dark_cluster_000723	evm.utg2600.1	evm.utg2600.4	3	evm.utg2600.1;evm.utg2600.20;evm.utg2600.4	exact_python_fallback
dark_cluster_000724	evm.utg4879.12	evm.utg4879.12	1	evm.utg4879.12	exact_python_fallback
dark_cluster_000725	evm.utg855.31	evm.utg855.31	1	evm.utg855.31	exact_python_fallback
dark_cluster_000726	evm.utg1931.54	evm.utg1931.54	1	evm.utg1931.54	exact_python_fallback
dark_cluster_000727	evm.utg1819.44	evm.utg1819.44	1	evm.utg1819.44	exact_python_fallback
dark_cluster_000728	evm.utg4576.43	evm.utg4576.43	1	evm.utg4576.43	exact_python_fallback
dark_cluster_000729	evm.utg564.64	evm.utg564.64	1	evm.utg564.64	exact_python_fallback
dark_cluster_000730	evm.utg34.4	evm.utg34.4	1	evm.utg34.4	exact_python_fallback
dark_cluster_000731	evm.utg2599.13	evm.utg2599.13	1	evm.utg2599.13	exact_python_fallback
dark_cluster_000732	evm.utg505.12	evm.utg505.12	8	evm.utg505.12;evm.utg505.16;evm.utg505.18;evm.utg505.2;evm.utg505.21;evm.utg505.26;evm.utg505.4;evm.utg505.8	exact_python_fallback
dark_cluster_000732	evm.utg505.12	evm.utg505.16	8	evm.utg505.12;evm.utg505.16;evm.utg505.18;evm.utg505.2;evm.utg505.21;evm.utg505.26;evm.utg505.4;evm.utg505.8	exact_python_fallback
dark_cluster_000732	evm.utg505.12	evm.utg505.18	8	evm.utg505.12;evm.utg505.16;evm.utg505.18;evm.utg505.2;evm.utg505.21;evm.utg505.26;evm.utg505.4;evm.utg505.8	exact_python_fallback
dark_cluster_000732	evm.utg505.12	evm.utg505.2	8	evm.utg505.12;evm.utg505.16;evm.utg505.18;evm.utg505.2;evm.utg505.21;evm.utg505.26;evm.utg505.4;evm.utg505.8	exact_python_fallback
dark_cluster_000732	evm.utg505.12	evm.utg505.21	8	evm.utg505.12;evm.utg505.16;evm.utg505.18;evm.utg505.2;evm.utg505.21;evm.utg505.26;evm.utg505.4;evm.utg505.8	exact_python_fallback
dark_cluster_000732	evm.utg505.12	evm.utg505.26	8	evm.utg505.12;evm.utg505.16;evm.utg505.18;evm.utg505.2;evm.utg505.21;evm.utg505.26;evm.utg505.4;evm.utg505.8	exact_python_fallback
dark_cluster_000732	evm.utg505.12	evm.utg505.4	8	evm.utg505.12;evm.utg505.16;evm.utg505.18;evm.utg505.2;evm.utg505.21;evm.utg505.26;evm.utg505.4;evm.utg505.8	exact_python_fallback
dark_cluster_000732	evm.utg505.12	evm.utg505.8	8	evm.utg505.12;evm.utg505.16;evm.utg505.18;evm.utg505.2;evm.utg505.21;evm.utg505.26;evm.utg505.4;evm.utg505.8	exact_python_fallback
dark_cluster_000733	evm.utg1363.60	evm.utg1363.60	1	evm.utg1363.60	exact_python_fallback
dark_cluster_000734	evm.utg3474.19	evm.utg3474.19	4	evm.utg3474.19;evm.utg3474.29;evm.utg3474.6;evm.utg3474.9	exact_python_fallback
dark_cluster_000734	evm.utg3474.19	evm.utg3474.29	4	evm.utg3474.19;evm.utg3474.29;evm.utg3474.6;evm.utg3474.9	exact_python_fallback
dark_cluster_000734	evm.utg3474.19	evm.utg3474.6	4	evm.utg3474.19;evm.utg3474.29;evm.utg3474.6;evm.utg3474.9	exact_python_fallback
dark_cluster_000734	evm.utg3474.19	evm.utg3474.9	4	evm.utg3474.19;evm.utg3474.29;evm.utg3474.6;evm.utg3474.9	exact_python_fallback
dark_cluster_000735	evm.utg2018.11	evm.utg2018.11	1	evm.utg2018.11	exact_python_fallback
dark_cluster_000736	evm.utg1032.18	evm.utg1032.18	4	evm.utg1032.18;evm.utg1032.28;evm.utg1032.36;evm.utg1032.39	exact_python_fallback
dark_cluster_000736	evm.utg1032.18	evm.utg1032.28	4	evm.utg1032.18;evm.utg1032.28;evm.utg1032.36;evm.utg1032.39	exact_python_fallback
dark_cluster_000736	evm.utg1032.18	evm.utg1032.36	4	evm.utg1032.18;evm.utg1032.28;evm.utg1032.36;evm.utg1032.39	exact_python_fallback
dark_cluster_000736	evm.utg1032.18	evm.utg1032.39	4	evm.utg1032.18;evm.utg1032.28;evm.utg1032.36;evm.utg1032.39	exact_python_fallback
dark_cluster_000737	evm.utg38114.20	evm.utg38114.20	1	evm.utg38114.20	exact_python_fallback
dark_cluster_000738	evm.utg600.29	evm.utg600.29	1	evm.utg600.29	exact_python_fallback
dark_cluster_000739	evm.utg1271.35	evm.utg1271.35	1	evm.utg1271.35	exact_python_fallback
dark_cluster_000740	evm.utg3761.32	evm.utg3761.32	1	evm.utg3761.32	exact_python_fallback
dark_cluster_000741	utg14533.equina_smart_1471017.mrna1	utg14533.equina_smart_1471017.mrna1	1	utg14533.equina_smart_1471017.mrna1	exact_python_fallback
dark_cluster_000742	evm.utg12553.8	evm.utg12553.8	1	evm.utg12553.8	exact_python_fallback
dark_cluster_000743	evm.utg729.142	evm.utg729.142	1	evm.utg729.142	exact_python_fallback
dark_cluster_000744	evm.utg27.152	evm.utg27.152	1	evm.utg27.152	exact_python_fallback
dark_cluster_000745	utg1285.equina_smart_1432460.mrna1	utg1285.equina_smart_1432460.mrna1	1	utg1285.equina_smart_1432460.mrna1	exact_python_fallback
dark_cluster_000746	evm.utg3155.25	evm.utg3155.25	1	evm.utg3155.25	exact_python_fallback
dark_cluster_000747	evm.utg16283.3	evm.utg16283.3	1	evm.utg16283.3	exact_python_fallback
dark_cluster_000748	evm.utg54553.4	evm.utg54553.4	2	evm.utg54553.4;evm.utg54553.5	exact_python_fallback
dark_cluster_000748	evm.utg54553.4	evm.utg54553.5	2	evm.utg54553.4;evm.utg54553.5	exact_python_fallback
dark_cluster_000749	evm.utg659.51	evm.utg659.51	1	evm.utg659.51	exact_python_fallback
dark_cluster_000750	evm.utg1127.35	evm.utg1127.35	1	evm.utg1127.35	exact_python_fallback
dark_cluster_000751	evm.utg1900.41	evm.utg1900.41	1	evm.utg1900.41	exact_python_fallback
dark_cluster_000752	evm.utg15210.7	evm.utg15210.7	1	evm.utg15210.7	exact_python_fallback
dark_cluster_000753	evm.utg77.67	evm.utg77.67	1	evm.utg77.67	exact_python_fallback
dark_cluster_000754	evm.utg1271.105	evm.utg1271.105	4	evm.utg1271.105;evm.utg1271.114;evm.utg1271.17;evm.utg1271.73	exact_python_fallback
dark_cluster_000754	evm.utg1271.105	evm.utg1271.114	4	evm.utg1271.105;evm.utg1271.114;evm.utg1271.17;evm.utg1271.73	exact_python_fallback
dark_cluster_000754	evm.utg1271.105	evm.utg1271.17	4	evm.utg1271.105;evm.utg1271.114;evm.utg1271.17;evm.utg1271.73	exact_python_fallback
dark_cluster_000754	evm.utg1271.105	evm.utg1271.73	4	evm.utg1271.105;evm.utg1271.114;evm.utg1271.17;evm.utg1271.73	exact_python_fallback
dark_cluster_000755	evm.utg17181.8	evm.utg17181.8	1	evm.utg17181.8	exact_python_fallback
dark_cluster_000756	evm.utg4972.30	evm.utg4972.30	1	evm.utg4972.30	exact_python_fallback
dark_cluster_000757	evm.utg4972.29	evm.utg4972.29	1	evm.utg4972.29	exact_python_fallback
dark_cluster_000758	evm.utg2674.42	evm.utg2674.42	1	evm.utg2674.42	exact_python_fallback
dark_cluster_000759	utg55.equina_smart_329843.mrna1	utg55.equina_smart_329843.mrna1	1	utg55.equina_smart_329843.mrna1	exact_python_fallback
dark_cluster_000760	evm.utg167.12	evm.utg167.12	1	evm.utg167.12	exact_python_fallback
dark_cluster_000761	evm.utg395.18	evm.utg395.18	1	evm.utg395.18	exact_python_fallback
dark_cluster_000762	evm.utg52.64	evm.utg52.64	1	evm.utg52.64	exact_python_fallback
dark_cluster_000763	utg45299.equina_smart_1874924.mrna12	utg45299.equina_smart_1874924.mrna12	1	utg45299.equina_smart_1874924.mrna12	exact_python_fallback
dark_cluster_000764	evm.utg12655.2	evm.utg12655.2	1	evm.utg12655.2	exact_python_fallback
dark_cluster_000765	utg45299.equina_smart_1359323.mrna3	utg45299.equina_smart_1359323.mrna3	3	utg45299.equina_smart_1359323.mrna3;utg7.equina_smart_1359323.mrna9;utg99249.equina_smart_1359323.mrna2	exact_python_fallback
dark_cluster_000765	utg45299.equina_smart_1359323.mrna3	utg7.equina_smart_1359323.mrna9	3	utg45299.equina_smart_1359323.mrna3;utg7.equina_smart_1359323.mrna9;utg99249.equina_smart_1359323.mrna2	exact_python_fallback
dark_cluster_000765	utg45299.equina_smart_1359323.mrna3	utg99249.equina_smart_1359323.mrna2	3	utg45299.equina_smart_1359323.mrna3;utg7.equina_smart_1359323.mrna9;utg99249.equina_smart_1359323.mrna2	exact_python_fallback
dark_cluster_000766	utg2994.equina_smart_1359323.mrna1	utg2994.equina_smart_1359323.mrna1	1	utg2994.equina_smart_1359323.mrna1	exact_python_fallback
dark_cluster_000767	utg2798.equina_smart_1617407.mrna9	utg2798.equina_smart_1617407.mrna9	1	utg2798.equina_smart_1617407.mrna9	exact_python_fallback
dark_cluster_000768	utg1609.equina_smart_1617407.mrna1	utg1609.equina_smart_1617407.mrna1	6	utg1609.equina_smart_1617407.mrna1;utg163.equina_smart_1617407.mrna2;utg496.equina_smart_1617407.mrna3;utg4977.equina_smart_1617407.mrna4;utg7.equina_smart_1617407.mrna5;utg7.equina_smart_1617407.mrna6	exact_python_fallback
dark_cluster_000768	utg1609.equina_smart_1617407.mrna1	utg163.equina_smart_1617407.mrna2	6	utg1609.equina_smart_1617407.mrna1;utg163.equina_smart_1617407.mrna2;utg496.equina_smart_1617407.mrna3;utg4977.equina_smart_1617407.mrna4;utg7.equina_smart_1617407.mrna5;utg7.equina_smart_1617407.mrna6	exact_python_fallback
dark_cluster_000768	utg1609.equina_smart_1617407.mrna1	utg496.equina_smart_1617407.mrna3	6	utg1609.equina_smart_1617407.mrna1;utg163.equina_smart_1617407.mrna2;utg496.equina_smart_1617407.mrna3;utg4977.equina_smart_1617407.mrna4;utg7.equina_smart_1617407.mrna5;utg7.equina_smart_1617407.mrna6	exact_python_fallback
dark_cluster_000768	utg1609.equina_smart_1617407.mrna1	utg4977.equina_smart_1617407.mrna4	6	utg1609.equina_smart_1617407.mrna1;utg163.equina_smart_1617407.mrna2;utg496.equina_smart_1617407.mrna3;utg4977.equina_smart_1617407.mrna4;utg7.equina_smart_1617407.mrna5;utg7.equina_smart_1617407.mrna6	exact_python_fallback
dark_cluster_000768	utg1609.equina_smart_1617407.mrna1	utg7.equina_smart_1617407.mrna5	6	utg1609.equina_smart_1617407.mrna1;utg163.equina_smart_1617407.mrna2;utg496.equina_smart_1617407.mrna3;utg4977.equina_smart_1617407.mrna4;utg7.equina_smart_1617407.mrna5;utg7.equina_smart_1617407.mrna6	exact_python_fallback
dark_cluster_000768	utg1609.equina_smart_1617407.mrna1	utg7.equina_smart_1617407.mrna6	6	utg1609.equina_smart_1617407.mrna1;utg163.equina_smart_1617407.mrna2;utg496.equina_smart_1617407.mrna3;utg4977.equina_smart_1617407.mrna4;utg7.equina_smart_1617407.mrna5;utg7.equina_smart_1617407.mrna6	exact_python_fallback
dark_cluster_000769	utg7.equina_smart_1634317.mrna1	utg7.equina_smart_1634317.mrna1	1	utg7.equina_smart_1634317.mrna1	exact_python_fallback
dark_cluster_000770	utg86.equina_smart_1634317.mrna2	utg86.equina_smart_1634317.mrna2	2	utg86.equina_smart_1634317.mrna2;utg86.equina_smart_1634317.mrna3	exact_python_fallback
dark_cluster_000770	utg86.equina_smart_1634317.mrna2	utg86.equina_smart_1634317.mrna3	2	utg86.equina_smart_1634317.mrna2;utg86.equina_smart_1634317.mrna3	exact_python_fallback
dark_cluster_000771	utg3013.equina_smart_893558.mrna1	utg3013.equina_smart_893558.mrna1	1	utg3013.equina_smart_893558.mrna1	exact_python_fallback
dark_cluster_000772	evm.utg435.4	evm.utg435.4	1	evm.utg435.4	exact_python_fallback
dark_cluster_000773	evm.utg2071.41	evm.utg2071.41	1	evm.utg2071.41	exact_python_fallback
dark_cluster_000774	evm.utg9769.4	evm.utg9769.4	4	evm.utg9769.4;evm.utg9769.6;evm.utg9769.7;evm.utg9769.8	exact_python_fallback
dark_cluster_000774	evm.utg9769.4	evm.utg9769.6	4	evm.utg9769.4;evm.utg9769.6;evm.utg9769.7;evm.utg9769.8	exact_python_fallback
dark_cluster_000774	evm.utg9769.4	evm.utg9769.7	4	evm.utg9769.4;evm.utg9769.6;evm.utg9769.7;evm.utg9769.8	exact_python_fallback
dark_cluster_000774	evm.utg9769.4	evm.utg9769.8	4	evm.utg9769.4;evm.utg9769.6;evm.utg9769.7;evm.utg9769.8	exact_python_fallback
dark_cluster_000775	evm.utg4879.46	evm.utg4879.46	1	evm.utg4879.46	exact_python_fallback
dark_cluster_000776	evm.utg3891.7	evm.utg3891.7	1	evm.utg3891.7	exact_python_fallback
dark_cluster_000777	evm.utg1234.10	evm.utg1234.10	1	evm.utg1234.10	exact_python_fallback
dark_cluster_000778	evm.utg2156.26	evm.utg2156.26	1	evm.utg2156.26	exact_python_fallback
dark_cluster_000779	utg42902.equina_smart_1591393.mrna10	utg42902.equina_smart_1591393.mrna10	1	utg42902.equina_smart_1591393.mrna10	exact_python_fallback
dark_cluster_000780	evm.utg7680.3	evm.utg7680.3	1	evm.utg7680.3	exact_python_fallback
dark_cluster_000781	evm.utg6459.25	evm.utg6459.25	1	evm.utg6459.25	exact_python_fallback
dark_cluster_000782	evm.utg2427.17	evm.utg2427.17	3	evm.utg2427.17;evm.utg2427.20;evm.utg2427.23	exact_python_fallback
dark_cluster_000782	evm.utg2427.17	evm.utg2427.20	3	evm.utg2427.17;evm.utg2427.20;evm.utg2427.23	exact_python_fallback
dark_cluster_000782	evm.utg2427.17	evm.utg2427.23	3	evm.utg2427.17;evm.utg2427.20;evm.utg2427.23	exact_python_fallback
dark_cluster_000783	evm.utg1972.68	evm.utg1972.68	1	evm.utg1972.68	exact_python_fallback
dark_cluster_000784	evm.utg1765.27	evm.utg1765.27	1	evm.utg1765.27	exact_python_fallback
dark_cluster_000785	evm.utg1230.14	evm.utg1230.14	1	evm.utg1230.14	exact_python_fallback
dark_cluster_000786	evm.utg2674.4	evm.utg2674.4	1	evm.utg2674.4	exact_python_fallback
dark_cluster_000787	evm.utg4194.122	evm.utg4194.122	1	evm.utg4194.122	exact_python_fallback
dark_cluster_000788	evm.utg4194.123	evm.utg4194.123	1	evm.utg4194.123	exact_python_fallback
dark_cluster_000789	evm.utg2529.35	evm.utg2529.35	1	evm.utg2529.35	exact_python_fallback
dark_cluster_000790	evm.utg255.7	evm.utg255.7	1	evm.utg255.7	exact_python_fallback
dark_cluster_000791	evm.utg280.74	evm.utg280.74	1	evm.utg280.74	exact_python_fallback
dark_cluster_000792	evm.utg2969.35	evm.utg2969.35	1	evm.utg2969.35	exact_python_fallback
dark_cluster_000793	evm.utg18.23	evm.utg18.23	5	evm.utg18.23;evm.utg18.30;evm.utg18.31;evm.utg18.34;evm.utg18.35	exact_python_fallback
dark_cluster_000793	evm.utg18.23	evm.utg18.30	5	evm.utg18.23;evm.utg18.30;evm.utg18.31;evm.utg18.34;evm.utg18.35	exact_python_fallback
dark_cluster_000793	evm.utg18.23	evm.utg18.31	5	evm.utg18.23;evm.utg18.30;evm.utg18.31;evm.utg18.34;evm.utg18.35	exact_python_fallback
dark_cluster_000793	evm.utg18.23	evm.utg18.34	5	evm.utg18.23;evm.utg18.30;evm.utg18.31;evm.utg18.34;evm.utg18.35	exact_python_fallback
dark_cluster_000793	evm.utg18.23	evm.utg18.35	5	evm.utg18.23;evm.utg18.30;evm.utg18.31;evm.utg18.34;evm.utg18.35	exact_python_fallback
dark_cluster_000794	evm.utg6430.1	evm.utg6430.1	1	evm.utg6430.1	exact_python_fallback
dark_cluster_000795	evm.utg9150.1	evm.utg9150.1	1	evm.utg9150.1	exact_python_fallback
dark_cluster_000796	evm.utg14533.29	evm.utg14533.29	1	evm.utg14533.29	exact_python_fallback
dark_cluster_000797	evm.utg207.116	evm.utg207.116	1	evm.utg207.116	exact_python_fallback
dark_cluster_000798	evm.utg209.31	evm.utg209.31	1	evm.utg209.31	exact_python_fallback
dark_cluster_000799	evm.utg1239.14	evm.utg1239.14	3	evm.utg1239.14;evm.utg1239.23;evm.utg1239.9	exact_python_fallback
dark_cluster_000799	evm.utg1239.14	evm.utg1239.23	3	evm.utg1239.14;evm.utg1239.23;evm.utg1239.9	exact_python_fallback
dark_cluster_000799	evm.utg1239.14	evm.utg1239.9	3	evm.utg1239.14;evm.utg1239.23;evm.utg1239.9	exact_python_fallback
dark_cluster_000800	evm.utg5033.31	evm.utg5033.31	1	evm.utg5033.31	exact_python_fallback
dark_cluster_000801	evm.utg3884.6	evm.utg3884.6	1	evm.utg3884.6	exact_python_fallback
dark_cluster_000802	evm.utg126.58	evm.utg126.58	1	evm.utg126.58	exact_python_fallback
dark_cluster_000803	evm.utg125.151	evm.utg125.151	1	evm.utg125.151	exact_python_fallback
dark_cluster_000804	evm.utg20813.9	evm.utg20813.9	1	evm.utg20813.9	exact_python_fallback
dark_cluster_000805	evm.utg4972.31	evm.utg4972.31	1	evm.utg4972.31	exact_python_fallback
dark_cluster_000806	evm.utg5059.47	evm.utg5059.47	1	evm.utg5059.47	exact_python_fallback
dark_cluster_000807	evm.utg28015.3	evm.utg28015.3	2	evm.utg28015.3;evm.utg28015.4	exact_python_fallback
dark_cluster_000807	evm.utg28015.3	evm.utg28015.4	2	evm.utg28015.3;evm.utg28015.4	exact_python_fallback
dark_cluster_000808	evm.utg1609.33	evm.utg1609.33	1	evm.utg1609.33	exact_python_fallback
dark_cluster_000809	evm.utg11497.9	evm.utg11497.9	1	evm.utg11497.9	exact_python_fallback
dark_cluster_000810	evm.utg10541.26	evm.utg10541.26	1	evm.utg10541.26	exact_python_fallback
dark_cluster_000811	evm.utg162.55	evm.utg162.55	3	evm.utg162.55;evm.utg162.64;evm.utg162.76	exact_python_fallback
dark_cluster_000811	evm.utg162.55	evm.utg162.64	3	evm.utg162.55;evm.utg162.64;evm.utg162.76	exact_python_fallback
dark_cluster_000811	evm.utg162.55	evm.utg162.76	3	evm.utg162.55;evm.utg162.64;evm.utg162.76	exact_python_fallback
dark_cluster_000812	evm.utg11411.24	evm.utg11411.24	1	evm.utg11411.24	exact_python_fallback
dark_cluster_000813	evm.utg7595.5	evm.utg7595.5	1	evm.utg7595.5	exact_python_fallback
dark_cluster_000814	evm.utg145.11	evm.utg145.11	10	evm.utg145.11;evm.utg145.29;evm.utg145.36;evm.utg145.4;evm.utg145.41;evm.utg145.53;evm.utg145.62;evm.utg145.63;evm.utg145.72;evm.utg145.90	exact_python_fallback
dark_cluster_000814	evm.utg145.11	evm.utg145.29	10	evm.utg145.11;evm.utg145.29;evm.utg145.36;evm.utg145.4;evm.utg145.41;evm.utg145.53;evm.utg145.62;evm.utg145.63;evm.utg145.72;evm.utg145.90	exact_python_fallback
dark_cluster_000814	evm.utg145.11	evm.utg145.36	10	evm.utg145.11;evm.utg145.29;evm.utg145.36;evm.utg145.4;evm.utg145.41;evm.utg145.53;evm.utg145.62;evm.utg145.63;evm.utg145.72;evm.utg145.90	exact_python_fallback
dark_cluster_000814	evm.utg145.11	evm.utg145.4	10	evm.utg145.11;evm.utg145.29;evm.utg145.36;evm.utg145.4;evm.utg145.41;evm.utg145.53;evm.utg145.62;evm.utg145.63;evm.utg145.72;evm.utg145.90	exact_python_fallback
dark_cluster_000814	evm.utg145.11	evm.utg145.41	10	evm.utg145.11;evm.utg145.29;evm.utg145.36;evm.utg145.4;evm.utg145.41;evm.utg145.53;evm.utg145.62;evm.utg145.63;evm.utg145.72;evm.utg145.90	exact_python_fallback
dark_cluster_000814	evm.utg145.11	evm.utg145.53	10	evm.utg145.11;evm.utg145.29;evm.utg145.36;evm.utg145.4;evm.utg145.41;evm.utg145.53;evm.utg145.62;evm.utg145.63;evm.utg145.72;evm.utg145.90	exact_python_fallback
dark_cluster_000814	evm.utg145.11	evm.utg145.62	10	evm.utg145.11;evm.utg145.29;evm.utg145.36;evm.utg145.4;evm.utg145.41;evm.utg145.53;evm.utg145.62;evm.utg145.63;evm.utg145.72;evm.utg145.90	exact_python_fallback
dark_cluster_000814	evm.utg145.11	evm.utg145.63	10	evm.utg145.11;evm.utg145.29;evm.utg145.36;evm.utg145.4;evm.utg145.41;evm.utg145.53;evm.utg145.62;evm.utg145.63;evm.utg145.72;evm.utg145.90	exact_python_fallback
dark_cluster_000814	evm.utg145.11	evm.utg145.72	10	evm.utg145.11;evm.utg145.29;evm.utg145.36;evm.utg145.4;evm.utg145.41;evm.utg145.53;evm.utg145.62;evm.utg145.63;evm.utg145.72;evm.utg145.90	exact_python_fallback
dark_cluster_000814	evm.utg145.11	evm.utg145.90	10	evm.utg145.11;evm.utg145.29;evm.utg145.36;evm.utg145.4;evm.utg145.41;evm.utg145.53;evm.utg145.62;evm.utg145.63;evm.utg145.72;evm.utg145.90	exact_python_fallback
dark_cluster_000815	utg7289.equina_smart_1463059.mrna1	utg7289.equina_smart_1463059.mrna1	1	utg7289.equina_smart_1463059.mrna1	exact_python_fallback
dark_cluster_000816	utg9769.equina_smart_1463059.mrna3	utg9769.equina_smart_1463059.mrna3	1	utg9769.equina_smart_1463059.mrna3	exact_python_fallback
dark_cluster_000817	evm.utg2327.31	evm.utg2327.31	1	evm.utg2327.31	exact_python_fallback
dark_cluster_000818	evm.utg2371.69	evm.utg2371.69	1	evm.utg2371.69	exact_python_fallback
dark_cluster_000819	evm.utg28209.14	evm.utg28209.14	1	evm.utg28209.14	exact_python_fallback
dark_cluster_000820	evm.utg17588.7	evm.utg17588.7	1	evm.utg17588.7	exact_python_fallback
dark_cluster_000821	utg1272.equina_smart_1324832.mrna1	utg1272.equina_smart_1324832.mrna1	1	utg1272.equina_smart_1324832.mrna1	exact_python_fallback
dark_cluster_000822	evm.utg1919.2	evm.utg1919.2	1	evm.utg1919.2	exact_python_fallback
dark_cluster_000823	evm.utg1363.15	evm.utg1363.15	1	evm.utg1363.15	exact_python_fallback
dark_cluster_000824	evm.utg62.39	evm.utg62.39	1	evm.utg62.39	exact_python_fallback
dark_cluster_000825	utg1256.evm.utg14366.23.mrna7	utg1256.evm.utg14366.23.mrna7	3	utg1256.evm.utg14366.23.mrna7;utg20813.evm.utg14366.23.mrna5;utg3090.evm.utg14366.23.mrna2	exact_python_fallback
dark_cluster_000825	utg1256.evm.utg14366.23.mrna7	utg20813.evm.utg14366.23.mrna5	3	utg1256.evm.utg14366.23.mrna7;utg20813.evm.utg14366.23.mrna5;utg3090.evm.utg14366.23.mrna2	exact_python_fallback
dark_cluster_000825	utg1256.evm.utg14366.23.mrna7	utg3090.evm.utg14366.23.mrna2	3	utg1256.evm.utg14366.23.mrna7;utg20813.evm.utg14366.23.mrna5;utg3090.evm.utg14366.23.mrna2	exact_python_fallback
dark_cluster_000826	evm.utg2600.19	evm.utg2600.19	1	evm.utg2600.19	exact_python_fallback
dark_cluster_000827	evm.utg695.31	evm.utg695.31	1	evm.utg695.31	exact_python_fallback
dark_cluster_000828	evm.utg343339.4	evm.utg343339.4	1	evm.utg343339.4	exact_python_fallback
dark_cluster_000829	evm.utg32484.1	evm.utg32484.1	1	evm.utg32484.1	exact_python_fallback
dark_cluster_000830	evm.utg7.70	evm.utg7.70	1	evm.utg7.70	exact_python_fallback
dark_cluster_000831	evm.utg7616.11	evm.utg7616.11	4	evm.utg7616.11;evm.utg7616.12;evm.utg7616.13;evm.utg7616.25	exact_python_fallback
dark_cluster_000831	evm.utg7616.11	evm.utg7616.12	4	evm.utg7616.11;evm.utg7616.12;evm.utg7616.13;evm.utg7616.25	exact_python_fallback
dark_cluster_000831	evm.utg7616.11	evm.utg7616.13	4	evm.utg7616.11;evm.utg7616.12;evm.utg7616.13;evm.utg7616.25	exact_python_fallback
dark_cluster_000831	evm.utg7616.11	evm.utg7616.25	4	evm.utg7616.11;evm.utg7616.12;evm.utg7616.13;evm.utg7616.25	exact_python_fallback
dark_cluster_000832	evm.utg7090.11	evm.utg7090.11	2	evm.utg7090.11;evm.utg7090.8	exact_python_fallback
dark_cluster_000832	evm.utg7090.11	evm.utg7090.8	2	evm.utg7090.11;evm.utg7090.8	exact_python_fallback
dark_cluster_000833	evm.utg7145.21	evm.utg7145.21	7	evm.utg7145.21;evm.utg7145.25;evm.utg7145.29;evm.utg7145.30;evm.utg7145.35;evm.utg7145.37;evm.utg7145.40	exact_python_fallback
dark_cluster_000833	evm.utg7145.21	evm.utg7145.25	7	evm.utg7145.21;evm.utg7145.25;evm.utg7145.29;evm.utg7145.30;evm.utg7145.35;evm.utg7145.37;evm.utg7145.40	exact_python_fallback
dark_cluster_000833	evm.utg7145.21	evm.utg7145.29	7	evm.utg7145.21;evm.utg7145.25;evm.utg7145.29;evm.utg7145.30;evm.utg7145.35;evm.utg7145.37;evm.utg7145.40	exact_python_fallback
dark_cluster_000833	evm.utg7145.21	evm.utg7145.30	7	evm.utg7145.21;evm.utg7145.25;evm.utg7145.29;evm.utg7145.30;evm.utg7145.35;evm.utg7145.37;evm.utg7145.40	exact_python_fallback
dark_cluster_000833	evm.utg7145.21	evm.utg7145.35	7	evm.utg7145.21;evm.utg7145.25;evm.utg7145.29;evm.utg7145.30;evm.utg7145.35;evm.utg7145.37;evm.utg7145.40	exact_python_fallback
dark_cluster_000833	evm.utg7145.21	evm.utg7145.37	7	evm.utg7145.21;evm.utg7145.25;evm.utg7145.29;evm.utg7145.30;evm.utg7145.35;evm.utg7145.37;evm.utg7145.40	exact_python_fallback
dark_cluster_000833	evm.utg7145.21	evm.utg7145.40	7	evm.utg7145.21;evm.utg7145.25;evm.utg7145.29;evm.utg7145.30;evm.utg7145.35;evm.utg7145.37;evm.utg7145.40	exact_python_fallback
dark_cluster_000834	utg324.equina_smart_1386580.mrna1	utg324.equina_smart_1386580.mrna1	1	utg324.equina_smart_1386580.mrna1	exact_python_fallback
dark_cluster_000835	evm.utg2932.37	evm.utg2932.37	1	evm.utg2932.37	exact_python_fallback
dark_cluster_000836	evm.utg6092.38	evm.utg6092.38	1	evm.utg6092.38	exact_python_fallback
dark_cluster_000837	evm.utg1022.77	evm.utg1022.77	1	evm.utg1022.77	exact_python_fallback
dark_cluster_000838	evm.utg125.74	evm.utg125.74	1	evm.utg125.74	exact_python_fallback
dark_cluster_000839	evm.utg3339.2	evm.utg3339.2	1	evm.utg3339.2	exact_python_fallback
dark_cluster_000840	evm.utg9762.2.1.5c22f544	evm.utg9762.2.1.5c22f544	1	evm.utg9762.2.1.5c22f544	exact_python_fallback
dark_cluster_000841	evm.utg1765.7.1.5c22ebef	evm.utg1765.7.1.5c22ebef	1	evm.utg1765.7.1.5c22ebef	exact_python_fallback
dark_cluster_000842	utg80148.evm.utg16484.3.mrna8	utg80148.evm.utg16484.3.mrna8	1	utg80148.evm.utg16484.3.mrna8	exact_python_fallback
dark_cluster_000843	evm.utg1091.64	evm.utg1091.64	1	evm.utg1091.64	exact_python_fallback
dark_cluster_000844	evm.utg6459.9	evm.utg6459.9	1	evm.utg6459.9	exact_python_fallback
dark_cluster_000845	evm.utg23803.12	evm.utg23803.12	1	evm.utg23803.12	exact_python_fallback
dark_cluster_000846	evm.utg1143.25	evm.utg1143.25	1	evm.utg1143.25	exact_python_fallback
dark_cluster_000847	evm.utg1101.59	evm.utg1101.59	1	evm.utg1101.59	exact_python_fallback
dark_cluster_000848	utg4194.equina_smart_1529722.mrna1	utg4194.equina_smart_1529722.mrna1	1	utg4194.equina_smart_1529722.mrna1	exact_python_fallback
dark_cluster_000849	evm.utg6938.3	evm.utg6938.3	1	evm.utg6938.3	exact_python_fallback
dark_cluster_000850	evm.utg2097.29	evm.utg2097.29	1	evm.utg2097.29	exact_python_fallback
dark_cluster_000851	evm.utg67600.1	evm.utg67600.1	1	evm.utg67600.1	exact_python_fallback
dark_cluster_000852	utg622.equina_smart_1419802.mrna1	utg622.equina_smart_1419802.mrna1	1	utg622.equina_smart_1419802.mrna1	exact_python_fallback
dark_cluster_000853	evm.utg1866.30	evm.utg1866.30	1	evm.utg1866.30	exact_python_fallback
dark_cluster_000854	evm.utg243.3	evm.utg243.3	1	evm.utg243.3	exact_python_fallback
dark_cluster_000855	utg32320.equina_smart_1477836.mrna2	utg32320.equina_smart_1477836.mrna2	1	utg32320.equina_smart_1477836.mrna2	exact_python_fallback
dark_cluster_000856	evm.utg579.56	evm.utg579.56	1	evm.utg579.56	exact_python_fallback
dark_cluster_000857	evm.utg34691.2	evm.utg34691.2	1	evm.utg34691.2	exact_python_fallback
dark_cluster_000858	evm.utg18633.21	evm.utg18633.21	1	evm.utg18633.21	exact_python_fallback
dark_cluster_000859	utg1588.equina_smart_1435587.mrna1	utg1588.equina_smart_1435587.mrna1	1	utg1588.equina_smart_1435587.mrna1	exact_python_fallback
dark_cluster_000860	evm.utg1278.19	evm.utg1278.19	1	evm.utg1278.19	exact_python_fallback
dark_cluster_000861	evm.utg1404.1	evm.utg1404.1	1	evm.utg1404.1	exact_python_fallback
dark_cluster_000862	evm.utg28077.12	evm.utg28077.12	1	evm.utg28077.12	exact_python_fallback
dark_cluster_000863	evm.utg738.26	evm.utg738.26	1	evm.utg738.26	exact_python_fallback
dark_cluster_000864	evm.utg2603.1	evm.utg2603.1	1	evm.utg2603.1	exact_python_fallback
dark_cluster_000865	evm.utg389.1	evm.utg389.1	5	evm.utg389.1;evm.utg389.34;evm.utg389.43;evm.utg389.58;evm.utg389.61	exact_python_fallback
dark_cluster_000865	evm.utg389.1	evm.utg389.34	5	evm.utg389.1;evm.utg389.34;evm.utg389.43;evm.utg389.58;evm.utg389.61	exact_python_fallback
dark_cluster_000865	evm.utg389.1	evm.utg389.43	5	evm.utg389.1;evm.utg389.34;evm.utg389.43;evm.utg389.58;evm.utg389.61	exact_python_fallback
dark_cluster_000865	evm.utg389.1	evm.utg389.58	5	evm.utg389.1;evm.utg389.34;evm.utg389.43;evm.utg389.58;evm.utg389.61	exact_python_fallback
dark_cluster_000865	evm.utg389.1	evm.utg389.61	5	evm.utg389.1;evm.utg389.34;evm.utg389.43;evm.utg389.58;evm.utg389.61	exact_python_fallback
dark_cluster_000866	evm.utg1271.103	evm.utg1271.103	1	evm.utg1271.103	exact_python_fallback
dark_cluster_000867	evm.utg6092.43	evm.utg6092.43	1	evm.utg6092.43	exact_python_fallback
dark_cluster_000868	evm.utg1271.81	evm.utg1271.81	1	evm.utg1271.81	exact_python_fallback
dark_cluster_000869	evm.utg1022.5	evm.utg1022.5	2	evm.utg1022.5;evm.utg217.21	exact_python_fallback
dark_cluster_000869	evm.utg1022.5	evm.utg217.21	2	evm.utg1022.5;evm.utg217.21	exact_python_fallback
dark_cluster_000870	evm.utg1204.8	evm.utg1204.8	1	evm.utg1204.8	exact_python_fallback
dark_cluster_000871	evm.utg420.72	evm.utg420.72	1	evm.utg420.72	exact_python_fallback
dark_cluster_000872	evm.utg14287.25	evm.utg14287.25	1	evm.utg14287.25	exact_python_fallback
dark_cluster_000873	evm.utg203.80	evm.utg203.80	1	evm.utg203.80	exact_python_fallback
dark_cluster_000874	evm.utg600.31	evm.utg600.31	1	evm.utg600.31	exact_python_fallback
dark_cluster_000875	utg750.equina_smart_1528918.mrna1	utg750.equina_smart_1528918.mrna1	1	utg750.equina_smart_1528918.mrna1	exact_python_fallback
dark_cluster_000876	evm.utg735.43	evm.utg735.43	1	evm.utg735.43	exact_python_fallback
dark_cluster_000877	evm.utg10156.26	evm.utg10156.26	1	evm.utg10156.26	exact_python_fallback
dark_cluster_000878	evm.utg11415.53	evm.utg11415.53	1	evm.utg11415.53	exact_python_fallback
dark_cluster_000879	evm.utg47.9	evm.utg47.9	1	evm.utg47.9	exact_python_fallback
dark_cluster_000880	evm.utg512.59	evm.utg512.59	1	evm.utg512.59	exact_python_fallback
dark_cluster_000881	evm.utg1645.3	evm.utg1645.3	1	evm.utg1645.3	exact_python_fallback
dark_cluster_000882	evm.utg2932.45	evm.utg2932.45	1	evm.utg2932.45	exact_python_fallback
dark_cluster_000883	utg1897.equina_smart_1438422.mrna1	utg1897.equina_smart_1438422.mrna1	1	utg1897.equina_smart_1438422.mrna1	exact_python_fallback
dark_cluster_000884	evm.utg435.78	evm.utg435.78	1	evm.utg435.78	exact_python_fallback
dark_cluster_000885	evm.utg18927.22	evm.utg18927.22	1	evm.utg18927.22	exact_python_fallback
dark_cluster_000886	evm.utg3260.38	evm.utg3260.38	3	evm.utg3260.38;evm.utg3260.6;evm.utg3260.9	exact_python_fallback
dark_cluster_000886	evm.utg3260.38	evm.utg3260.6	3	evm.utg3260.38;evm.utg3260.6;evm.utg3260.9	exact_python_fallback
dark_cluster_000886	evm.utg3260.38	evm.utg3260.9	3	evm.utg3260.38;evm.utg3260.6;evm.utg3260.9	exact_python_fallback
dark_cluster_000887	evm.utg52.11	evm.utg52.11	4	evm.utg52.11;evm.utg52.144;evm.utg52.68;evm.utg52.79	exact_python_fallback
dark_cluster_000887	evm.utg52.11	evm.utg52.144	4	evm.utg52.11;evm.utg52.144;evm.utg52.68;evm.utg52.79	exact_python_fallback
dark_cluster_000887	evm.utg52.11	evm.utg52.68	4	evm.utg52.11;evm.utg52.144;evm.utg52.68;evm.utg52.79	exact_python_fallback
dark_cluster_000887	evm.utg52.11	evm.utg52.79	4	evm.utg52.11;evm.utg52.144;evm.utg52.68;evm.utg52.79	exact_python_fallback
dark_cluster_000888	evm.utg382.42	evm.utg382.42	1	evm.utg382.42	exact_python_fallback
dark_cluster_000889	evm.utg25321.27	evm.utg25321.27	1	evm.utg25321.27	exact_python_fallback
dark_cluster_000890	evm.utg10470.38	evm.utg10470.38	2	evm.utg10470.38;evm.utg10470.46	exact_python_fallback
dark_cluster_000890	evm.utg10470.38	evm.utg10470.46	2	evm.utg10470.38;evm.utg10470.46	exact_python_fallback
dark_cluster_000891	evm.utg10933.9	evm.utg10933.9	1	evm.utg10933.9	exact_python_fallback
dark_cluster_000892	evm.utg20813.28	evm.utg20813.28	1	evm.utg20813.28	exact_python_fallback
dark_cluster_000893	evm.utg395.68	evm.utg395.68	1	evm.utg395.68	exact_python_fallback
dark_cluster_000894	evm.utg1251.9	evm.utg1251.9	1	evm.utg1251.9	exact_python_fallback
dark_cluster_000895	evm.utg470.25	evm.utg470.25	1	evm.utg470.25	exact_python_fallback
dark_cluster_000896	evm.utg15164.15	evm.utg15164.15	2	evm.utg15164.15;evm.utg15164.53	exact_python_fallback
dark_cluster_000896	evm.utg15164.15	evm.utg15164.53	2	evm.utg15164.15;evm.utg15164.53	exact_python_fallback
dark_cluster_000897	evm.utg31.47	evm.utg31.47	1	evm.utg31.47	exact_python_fallback
dark_cluster_000898	utg861.equina_smart_1660246.mrna1	utg861.equina_smart_1660246.mrna1	1	utg861.equina_smart_1660246.mrna1	exact_python_fallback
dark_cluster_000899	evm.utg935.1	evm.utg935.1	1	evm.utg935.1	exact_python_fallback
dark_cluster_000900	evm.utg112.68	evm.utg112.68	1	evm.utg112.68	exact_python_fallback
dark_cluster_000901	evm.utg234.146	evm.utg234.146	1	evm.utg234.146	exact_python_fallback
dark_cluster_000902	evm.utg207.108	evm.utg207.108	1	evm.utg207.108	exact_python_fallback
dark_cluster_000903	evm.utg217.17	evm.utg217.17	1	evm.utg217.17	exact_python_fallback
dark_cluster_000904	utg70613.equina_smart_1482040.mrna5	utg70613.equina_smart_1482040.mrna5	1	utg70613.equina_smart_1482040.mrna5	exact_python_fallback
dark_cluster_000905	evm.utg417.27	evm.utg417.27	3	evm.utg417.27;evm.utg417.43;evm.utg417.45	exact_python_fallback
dark_cluster_000905	evm.utg417.27	evm.utg417.43	3	evm.utg417.27;evm.utg417.43;evm.utg417.45	exact_python_fallback
dark_cluster_000905	evm.utg417.27	evm.utg417.45	3	evm.utg417.27;evm.utg417.43;evm.utg417.45	exact_python_fallback
dark_cluster_000906	evm.utg736.12	evm.utg736.12	4	evm.utg736.12;evm.utg736.13;evm.utg736.18;evm.utg736.38	exact_python_fallback
dark_cluster_000906	evm.utg736.12	evm.utg736.13	4	evm.utg736.12;evm.utg736.13;evm.utg736.18;evm.utg736.38	exact_python_fallback
dark_cluster_000906	evm.utg736.12	evm.utg736.18	4	evm.utg736.12;evm.utg736.13;evm.utg736.18;evm.utg736.38	exact_python_fallback
dark_cluster_000906	evm.utg736.12	evm.utg736.38	4	evm.utg736.12;evm.utg736.13;evm.utg736.18;evm.utg736.38	exact_python_fallback
dark_cluster_000907	evm.utg1205.148	evm.utg1205.148	1	evm.utg1205.148	exact_python_fallback
dark_cluster_000908	evm.utg402.34	evm.utg402.34	1	evm.utg402.34	exact_python_fallback
dark_cluster_000909	evm.utg2073.25	evm.utg2073.25	1	evm.utg2073.25	exact_python_fallback
dark_cluster_000910	evm.utg14731.30	evm.utg14731.30	1	evm.utg14731.30	exact_python_fallback
dark_cluster_000911	evm.utg21085.1	evm.utg21085.1	1	evm.utg21085.1	exact_python_fallback
dark_cluster_000912	evm.utg27.153	evm.utg27.153	1	evm.utg27.153	exact_python_fallback
dark_cluster_000913	evm.utg659.36	evm.utg659.36	1	evm.utg659.36	exact_python_fallback
dark_cluster_000914	utg372.evm.utg1290.21.mrna1	utg372.evm.utg1290.21.mrna1	2	utg372.evm.utg1290.21.mrna1;utg4604.evm.utg1290.21.mrna4	exact_python_fallback
dark_cluster_000914	utg372.evm.utg1290.21.mrna1	utg4604.evm.utg1290.21.mrna4	2	utg372.evm.utg1290.21.mrna1;utg4604.evm.utg1290.21.mrna4	exact_python_fallback
dark_cluster_000915	evm.utg648.66	evm.utg648.66	1	evm.utg648.66	exact_python_fallback
dark_cluster_000916	evm.utg356.31	evm.utg356.31	1	evm.utg356.31	exact_python_fallback
dark_cluster_000917	evm.utg28209.16	evm.utg28209.16	1	evm.utg28209.16	exact_python_fallback
dark_cluster_000918	evm.utg464.2	evm.utg464.2	1	evm.utg464.2	exact_python_fallback
dark_cluster_000919	evm.utg3870.4	evm.utg3870.4	1	evm.utg3870.4	exact_python_fallback
dark_cluster_000920	evm.utg479.108	evm.utg479.108	4	evm.utg479.108;evm.utg479.14;evm.utg479.163;evm.utg479.46	exact_python_fallback
dark_cluster_000920	evm.utg479.108	evm.utg479.14	4	evm.utg479.108;evm.utg479.14;evm.utg479.163;evm.utg479.46	exact_python_fallback
dark_cluster_000920	evm.utg479.108	evm.utg479.163	4	evm.utg479.108;evm.utg479.14;evm.utg479.163;evm.utg479.46	exact_python_fallback
dark_cluster_000920	evm.utg479.108	evm.utg479.46	4	evm.utg479.108;evm.utg479.14;evm.utg479.163;evm.utg479.46	exact_python_fallback
dark_cluster_000921	evm.utg52.91	evm.utg52.91	1	evm.utg52.91	exact_python_fallback
dark_cluster_000922	utg1204.equina_smart_1430644.mrna1	utg1204.equina_smart_1430644.mrna1	1	utg1204.equina_smart_1430644.mrna1	exact_python_fallback
dark_cluster_000923	evm.utg2269.7	evm.utg2269.7	1	evm.utg2269.7	exact_python_fallback
dark_cluster_000924	evm.utg14.22	evm.utg14.22	1	evm.utg14.22	exact_python_fallback
dark_cluster_000925	evm.utg1127.60	evm.utg1127.60	1	evm.utg1127.60	exact_python_fallback
dark_cluster_000926	evm.utg22722.1	evm.utg22722.1	1	evm.utg22722.1	exact_python_fallback
dark_cluster_000927	utg2356.evm.utg2716.12.mrna9	utg2356.evm.utg2716.12.mrna9	1	utg2356.evm.utg2716.12.mrna9	exact_python_fallback
dark_cluster_000928	utg31304.evm.utg2716.12.mrna8	utg31304.evm.utg2716.12.mrna8	1	utg31304.evm.utg2716.12.mrna8	exact_python_fallback
dark_cluster_000929	utg5.evm.utg2716.12.mrna6	utg5.evm.utg2716.12.mrna6	1	utg5.evm.utg2716.12.mrna6	exact_python_fallback
dark_cluster_000930	evm.utg2716.12	evm.utg2716.12	4	evm.utg2716.12;utg405.evm.utg2716.12.mrna1;utg4567.evm.utg2716.12.mrna3;utg5033.evm.utg2716.12.mrna4	exact_python_fallback
dark_cluster_000930	evm.utg2716.12	utg405.evm.utg2716.12.mrna1	4	evm.utg2716.12;utg405.evm.utg2716.12.mrna1;utg4567.evm.utg2716.12.mrna3;utg5033.evm.utg2716.12.mrna4	exact_python_fallback
dark_cluster_000930	evm.utg2716.12	utg4567.evm.utg2716.12.mrna3	4	evm.utg2716.12;utg405.evm.utg2716.12.mrna1;utg4567.evm.utg2716.12.mrna3;utg5033.evm.utg2716.12.mrna4	exact_python_fallback
dark_cluster_000930	evm.utg2716.12	utg5033.evm.utg2716.12.mrna4	4	evm.utg2716.12;utg405.evm.utg2716.12.mrna1;utg4567.evm.utg2716.12.mrna3;utg5033.evm.utg2716.12.mrna4	exact_python_fallback
dark_cluster_000931	evm.utg1936.1	evm.utg1936.1	2	evm.utg1936.1;evm.utg1936.16	exact_python_fallback
dark_cluster_000931	evm.utg1936.1	evm.utg1936.16	2	evm.utg1936.1;evm.utg1936.16	exact_python_fallback
dark_cluster_000932	evm.utg4383.29	evm.utg4383.29	1	evm.utg4383.29	exact_python_fallback
dark_cluster_000933	evm.utg1143.11	evm.utg1143.11	1	evm.utg1143.11	exact_python_fallback
dark_cluster_000934	evm.utg4716.35	evm.utg4716.35	1	evm.utg4716.35	exact_python_fallback
dark_cluster_000935	evm.utg3899.22	evm.utg3899.22	1	evm.utg3899.22	exact_python_fallback
dark_cluster_000936	evm.utg9603.8	evm.utg9603.8	1	evm.utg9603.8	exact_python_fallback
dark_cluster_000937	evm.utg3827.8	evm.utg3827.8	1	evm.utg3827.8	exact_python_fallback
dark_cluster_000938	evm.utg2526.4	evm.utg2526.4	1	evm.utg2526.4	exact_python_fallback
dark_cluster_000939	utg1005.equina_smart_1378746.mrna2	utg1005.equina_smart_1378746.mrna2	1	utg1005.equina_smart_1378746.mrna2	exact_python_fallback
dark_cluster_000940	evm.utg18633.6	evm.utg18633.6	1	evm.utg18633.6	exact_python_fallback
dark_cluster_000941	utg564.equina_smart_1661085.mrna2	utg564.equina_smart_1661085.mrna2	1	utg564.equina_smart_1661085.mrna2	exact_python_fallback
dark_cluster_000942	evm.utg3199.16	evm.utg3199.16	1	evm.utg3199.16	exact_python_fallback
dark_cluster_000943	evm.utg11763.1	evm.utg11763.1	1	evm.utg11763.1	exact_python_fallback
dark_cluster_000944	evm.utg55.151	evm.utg55.151	1	evm.utg55.151	exact_python_fallback
dark_cluster_000945	evm.utg1786.36	evm.utg1786.36	1	evm.utg1786.36	exact_python_fallback
dark_cluster_000946	evm.utg1745.12	evm.utg1745.12	1	evm.utg1745.12	exact_python_fallback
dark_cluster_000947	evm.utg2007.1	evm.utg2007.1	2	evm.utg2007.1;evm.utg2007.53	exact_python_fallback
dark_cluster_000947	evm.utg2007.1	evm.utg2007.53	2	evm.utg2007.1;evm.utg2007.53	exact_python_fallback
dark_cluster_000948	utg2672.equina_smart_413503.mrna4	utg2672.equina_smart_413503.mrna4	1	utg2672.equina_smart_413503.mrna4	exact_python_fallback
dark_cluster_000949	utg7179.equina_smart_413503.mrna5	utg7179.equina_smart_413503.mrna5	1	utg7179.equina_smart_413503.mrna5	exact_python_fallback
dark_cluster_000950	utg9194.equina_smart_1138346.mrna1	utg9194.equina_smart_1138346.mrna1	1	utg9194.equina_smart_1138346.mrna1	exact_python_fallback
dark_cluster_000951	evm.utg25103.1	evm.utg25103.1	1	evm.utg25103.1	exact_python_fallback
dark_cluster_000952	evm.utg125.118	evm.utg125.118	1	evm.utg125.118	exact_python_fallback
dark_cluster_000953	evm.utg115298.5	evm.utg115298.5	1	evm.utg115298.5	exact_python_fallback
dark_cluster_000954	evm.utg1056.1	evm.utg1056.1	1	evm.utg1056.1	exact_python_fallback
dark_cluster_000955	evm.utg496.5	evm.utg496.5	1	evm.utg496.5	exact_python_fallback
dark_cluster_000956	evm.utg26120.1	evm.utg26120.1	2	evm.utg26120.1;evm.utg26120.16	exact_python_fallback
dark_cluster_000956	evm.utg26120.1	evm.utg26120.16	2	evm.utg26120.1;evm.utg26120.16	exact_python_fallback
dark_cluster_000957	evm.utg26572.10	evm.utg26572.10	1	evm.utg26572.10	exact_python_fallback
dark_cluster_000958	evm.utg1517.13	evm.utg1517.13	1	evm.utg1517.13	exact_python_fallback
dark_cluster_000959	evm.utg1890.9	evm.utg1890.9	1	evm.utg1890.9	exact_python_fallback
dark_cluster_000960	utg855.evm.utg4716.31.mrna2	utg855.evm.utg4716.31.mrna2	1	utg855.evm.utg4716.31.mrna2	exact_python_fallback
dark_cluster_000961	utg381.equina_smart_1410787utrorf.mrna1	utg381.equina_smart_1410787utrorf.mrna1	1	utg381.equina_smart_1410787utrorf.mrna1	exact_python_fallback
dark_cluster_000962	evm.utg113.30	evm.utg113.30	1	evm.utg113.30	exact_python_fallback
dark_cluster_000963	utg4194.equina_smart_1529999.mrna1	utg4194.equina_smart_1529999.mrna1	1	utg4194.equina_smart_1529999.mrna1	exact_python_fallback
dark_cluster_000964	utg4455.equina_smart_1455345.mrna1	utg4455.equina_smart_1455345.mrna1	1	utg4455.equina_smart_1455345.mrna1	exact_python_fallback
dark_cluster_000965	evm.utg7769.10	evm.utg7769.10	3	evm.utg7769.10;evm.utg7769.6;evm.utg7769.7	exact_python_fallback
dark_cluster_000965	evm.utg7769.10	evm.utg7769.6	3	evm.utg7769.10;evm.utg7769.6;evm.utg7769.7	exact_python_fallback
dark_cluster_000965	evm.utg7769.10	evm.utg7769.7	3	evm.utg7769.10;evm.utg7769.6;evm.utg7769.7	exact_python_fallback
dark_cluster_000966	evm.utg17212.4	evm.utg17212.4	1	evm.utg17212.4	exact_python_fallback
dark_cluster_000967	utg1565.equina_smart_266549.mrna1	utg1565.equina_smart_266549.mrna1	1	utg1565.equina_smart_266549.mrna1	exact_python_fallback
dark_cluster_000968	evm.utg4739.2	evm.utg4739.2	1	evm.utg4739.2	exact_python_fallback
dark_cluster_000969	utg381.equina_smart_253692.mrna1	utg381.equina_smart_253692.mrna1	1	utg381.equina_smart_253692.mrna1	exact_python_fallback
dark_cluster_000970	evm.utg2994.20	evm.utg2994.20	1	evm.utg2994.20	exact_python_fallback
dark_cluster_000971	evm.utg512.63	evm.utg512.63	1	evm.utg512.63	exact_python_fallback
dark_cluster_000972	evm.utg395.12	evm.utg395.12	1	evm.utg395.12	exact_python_fallback
dark_cluster_000973	evm.utg4610.25	evm.utg4610.25	1	evm.utg4610.25	exact_python_fallback
dark_cluster_000974	evm.utg5980.5	evm.utg5980.5	1	evm.utg5980.5	exact_python_fallback
dark_cluster_000975	evm.utg23803.10	evm.utg23803.10	1	evm.utg23803.10	exact_python_fallback
dark_cluster_000976	evm.utg178.47	evm.utg178.47	1	evm.utg178.47	exact_python_fallback
dark_cluster_000977	utg1931.equina_smart_368420.mrna1	utg1931.equina_smart_368420.mrna1	1	utg1931.equina_smart_368420.mrna1	exact_python_fallback
dark_cluster_000978	evm.utg77.98	evm.utg77.98	1	evm.utg77.98	exact_python_fallback
dark_cluster_000979	evm.utg564.72	evm.utg564.72	1	evm.utg564.72	exact_python_fallback
dark_cluster_000980	evm.utg7.74	evm.utg7.74	1	evm.utg7.74	exact_python_fallback
dark_cluster_000981	evm.utg597.161	evm.utg597.161	1	evm.utg597.161	exact_python_fallback
dark_cluster_000982	evm.utg1143.28	evm.utg1143.28	1	evm.utg1143.28	exact_python_fallback
dark_cluster_000983	evm.utg648.100	evm.utg648.100	1	evm.utg648.100	exact_python_fallback
dark_cluster_000984	evm.utg2614.18	evm.utg2614.18	2	evm.utg2614.18;evm.utg2614.43	exact_python_fallback
dark_cluster_000984	evm.utg2614.18	evm.utg2614.43	2	evm.utg2614.18;evm.utg2614.43	exact_python_fallback
dark_cluster_000985	evm.utg70613.4	evm.utg70613.4	1	evm.utg70613.4	exact_python_fallback
dark_cluster_000986	evm.utg4879.11	evm.utg4879.11	1	evm.utg4879.11	exact_python_fallback
dark_cluster_000987	evm.utg1347.1	evm.utg1347.1	1	evm.utg1347.1	exact_python_fallback
dark_cluster_000988	evm.utg4326.38	evm.utg4326.38	1	evm.utg4326.38	exact_python_fallback
dark_cluster_000989	evm.utg17508.3	evm.utg17508.3	1	evm.utg17508.3	exact_python_fallback
dark_cluster_000990	evm.utg1765.11.3.5c22ebf0	evm.utg1765.11.3.5c22ebf0	1	evm.utg1765.11.3.5c22ebf0	exact_python_fallback
dark_cluster_000991	evm.utg435.42	evm.utg435.42	1	evm.utg435.42	exact_python_fallback
dark_cluster_000992	evm.utg4172.27	evm.utg4172.27	1	evm.utg4172.27	exact_python_fallback
dark_cluster_000993	evm.utg709.22	evm.utg709.22	1	evm.utg709.22	exact_python_fallback
dark_cluster_000994	evm.utg2071.35	evm.utg2071.35	1	evm.utg2071.35	exact_python_fallback
dark_cluster_000995	utg207.equina_smart_1572324.mrna1	utg207.equina_smart_1572324.mrna1	1	utg207.equina_smart_1572324.mrna1	exact_python_fallback
dark_cluster_000996	evm.utg1962.36	evm.utg1962.36	1	evm.utg1962.36	exact_python_fallback
dark_cluster_000997	evm.utg4652.6	evm.utg4652.6	1	evm.utg4652.6	exact_python_fallback
dark_cluster_000998	evm.utg6092.34	evm.utg6092.34	1	evm.utg6092.34	exact_python_fallback
dark_cluster_000999	evm.utg77.101	evm.utg77.101	1	evm.utg77.101	exact_python_fallback
dark_cluster_001000	utg73.equina_smart_847212.mrna1	utg73.equina_smart_847212.mrna1	1	utg73.equina_smart_847212.mrna1	exact_python_fallback
dark_cluster_001001	evm.utg975.12	evm.utg975.12	1	evm.utg975.12	exact_python_fallback
dark_cluster_001002	evm.utg910.102	evm.utg910.102	1	evm.utg910.102	exact_python_fallback
dark_cluster_001003	evm.utg6373.23	evm.utg6373.23	1	evm.utg6373.23	exact_python_fallback
dark_cluster_001004	evm.utg542.85	evm.utg542.85	1	evm.utg542.85	exact_python_fallback
dark_cluster_001005	evm.utg382.40	evm.utg382.40	1	evm.utg382.40	exact_python_fallback
dark_cluster_001006	evm.utg8726.3	evm.utg8726.3	1	evm.utg8726.3	exact_python_fallback
dark_cluster_001007	utg1056.equina_smart_1704268.mrna2	utg1056.equina_smart_1704268.mrna2	1	utg1056.equina_smart_1704268.mrna2	exact_python_fallback
dark_cluster_001008	evm.utg2108.40	evm.utg2108.40	1	evm.utg2108.40	exact_python_fallback
dark_cluster_001009	utg11814.equina_smart_1705731.mrna1	utg11814.equina_smart_1705731.mrna1	1	utg11814.equina_smart_1705731.mrna1	exact_python_fallback
dark_cluster_001010	evm.utg214.71	evm.utg214.71	1	evm.utg214.71	exact_python_fallback
dark_cluster_001011	evm.utg8851.70.3.5c22f4cd	evm.utg8851.70.3.5c22f4cd	1	evm.utg8851.70.3.5c22f4cd	exact_python_fallback
dark_cluster_001012	utg10359.equina_smart_1079239.mrna1	utg10359.equina_smart_1079239.mrna1	1	utg10359.equina_smart_1079239.mrna1	exact_python_fallback
dark_cluster_001013	evm.utg456.46	evm.utg456.46	1	evm.utg456.46	exact_python_fallback
dark_cluster_001014	evm.utg2083.70	evm.utg2083.70	1	evm.utg2083.70	exact_python_fallback
dark_cluster_001015	evm.utg40335.1	evm.utg40335.1	1	evm.utg40335.1	exact_python_fallback
dark_cluster_001016	evm.utg17181.10	evm.utg17181.10	1	evm.utg17181.10	exact_python_fallback
dark_cluster_001017	evm.utg1925.36	evm.utg1925.36	1	evm.utg1925.36	exact_python_fallback
dark_cluster_001018	evm.utg2200.47	evm.utg2200.47	1	evm.utg2200.47	exact_python_fallback
dark_cluster_001019	evm.utg3210.34	evm.utg3210.34	1	evm.utg3210.34	exact_python_fallback
dark_cluster_001020	evm.utg102448.3	evm.utg102448.3	1	evm.utg102448.3	exact_python_fallback
dark_cluster_001021	evm.utg18.72	evm.utg18.72	1	evm.utg18.72	exact_python_fallback
dark_cluster_001022	evm.utg1253.26	evm.utg1253.26	1	evm.utg1253.26	exact_python_fallback
dark_cluster_001023	evm.utg577.77	evm.utg577.77	1	evm.utg577.77	exact_python_fallback
dark_cluster_001024	utg594.equina_smart_1018790.mrna1	utg594.equina_smart_1018790.mrna1	1	utg594.equina_smart_1018790.mrna1	exact_python_fallback
dark_cluster_001025	utg15427.equina_smart_1354595.mrna2	utg15427.equina_smart_1354595.mrna2	1	utg15427.equina_smart_1354595.mrna2	exact_python_fallback
dark_cluster_001026	evm.utg8726.2	evm.utg8726.2	1	evm.utg8726.2	exact_python_fallback
dark_cluster_001027	evm.utg738.29	evm.utg738.29	1	evm.utg738.29	exact_python_fallback
dark_cluster_001028	evm.utg3669.11	evm.utg3669.11	1	evm.utg3669.11	exact_python_fallback
dark_cluster_001029	utg1278.equina_smart_555639.mrna1	utg1278.equina_smart_555639.mrna1	1	utg1278.equina_smart_555639.mrna1	exact_python_fallback
dark_cluster_001030	evm.utg1079.21	evm.utg1079.21	1	evm.utg1079.21	exact_python_fallback
dark_cluster_001031	evm.utg25450.10	evm.utg25450.10	1	evm.utg25450.10	exact_python_fallback
dark_cluster_001032	evm.utg19673.2	evm.utg19673.2	4	evm.utg19673.2;evm.utg19673.22;evm.utg19673.23;evm.utg19673.9	exact_python_fallback
dark_cluster_001032	evm.utg19673.2	evm.utg19673.22	4	evm.utg19673.2;evm.utg19673.22;evm.utg19673.23;evm.utg19673.9	exact_python_fallback
dark_cluster_001032	evm.utg19673.2	evm.utg19673.23	4	evm.utg19673.2;evm.utg19673.22;evm.utg19673.23;evm.utg19673.9	exact_python_fallback
dark_cluster_001032	evm.utg19673.2	evm.utg19673.9	4	evm.utg19673.2;evm.utg19673.22;evm.utg19673.23;evm.utg19673.9	exact_python_fallback
dark_cluster_001033	evm.utg4177.51	evm.utg4177.51	1	evm.utg4177.51	exact_python_fallback
dark_cluster_001034	evm.utg420.126	evm.utg420.126	1	evm.utg420.126	exact_python_fallback
dark_cluster_001035	evm.utg20076.7	evm.utg20076.7	1	evm.utg20076.7	exact_python_fallback
dark_cluster_001036	evm.utg3467.6	evm.utg3467.6	1	evm.utg3467.6	exact_python_fallback
dark_cluster_001037	evm.utg12655.42	evm.utg12655.42	1	evm.utg12655.42	exact_python_fallback
dark_cluster_001038	evm.utg21228.9	evm.utg21228.9	1	evm.utg21228.9	exact_python_fallback
dark_cluster_001039	evm.utg6401.1	evm.utg6401.1	7	evm.utg6401.1;evm.utg6401.10;evm.utg6401.3;evm.utg6401.40;evm.utg6401.46;evm.utg6401.57;evm.utg6401.6	exact_python_fallback
dark_cluster_001039	evm.utg6401.1	evm.utg6401.10	7	evm.utg6401.1;evm.utg6401.10;evm.utg6401.3;evm.utg6401.40;evm.utg6401.46;evm.utg6401.57;evm.utg6401.6	exact_python_fallback
dark_cluster_001039	evm.utg6401.1	evm.utg6401.3	7	evm.utg6401.1;evm.utg6401.10;evm.utg6401.3;evm.utg6401.40;evm.utg6401.46;evm.utg6401.57;evm.utg6401.6	exact_python_fallback
dark_cluster_001039	evm.utg6401.1	evm.utg6401.40	7	evm.utg6401.1;evm.utg6401.10;evm.utg6401.3;evm.utg6401.40;evm.utg6401.46;evm.utg6401.57;evm.utg6401.6	exact_python_fallback
dark_cluster_001039	evm.utg6401.1	evm.utg6401.46	7	evm.utg6401.1;evm.utg6401.10;evm.utg6401.3;evm.utg6401.40;evm.utg6401.46;evm.utg6401.57;evm.utg6401.6	exact_python_fallback
dark_cluster_001039	evm.utg6401.1	evm.utg6401.57	7	evm.utg6401.1;evm.utg6401.10;evm.utg6401.3;evm.utg6401.40;evm.utg6401.46;evm.utg6401.57;evm.utg6401.6	exact_python_fallback
dark_cluster_001039	evm.utg6401.1	evm.utg6401.6	7	evm.utg6401.1;evm.utg6401.10;evm.utg6401.3;evm.utg6401.40;evm.utg6401.46;evm.utg6401.57;evm.utg6401.6	exact_python_fallback
dark_cluster_001040	evm.utg13597.1	evm.utg13597.1	2	evm.utg13597.1;evm.utg13597.3	exact_python_fallback
dark_cluster_001040	evm.utg13597.1	evm.utg13597.3	2	evm.utg13597.1;evm.utg13597.3	exact_python_fallback
dark_cluster_001041	evm.utg1162.20	evm.utg1162.20	1	evm.utg1162.20	exact_python_fallback
dark_cluster_001042	evm.utg125.61	evm.utg125.61	1	evm.utg125.61	exact_python_fallback
dark_cluster_001043	evm.utg2690.18	evm.utg2690.18	1	evm.utg2690.18	exact_python_fallback
dark_cluster_001044	evm.utg2932.15	evm.utg2932.15	1	evm.utg2932.15	exact_python_fallback
dark_cluster_001045	evm.utg52295.3	evm.utg52295.3	1	evm.utg52295.3	exact_python_fallback
dark_cluster_001046	evm.utg420.78	evm.utg420.78	1	evm.utg420.78	exact_python_fallback
dark_cluster_001047	utg20813.equina_smart_865482.mrna5	utg20813.equina_smart_865482.mrna5	1	utg20813.equina_smart_865482.mrna5	exact_python_fallback
dark_cluster_001048	utg20813.equina_smart_865482.mrna4	utg20813.equina_smart_865482.mrna4	1	utg20813.equina_smart_865482.mrna4	exact_python_fallback
dark_cluster_001049	evm.utg432.116	evm.utg432.116	1	evm.utg432.116	exact_python_fallback
dark_cluster_001050	evm.utg6183.31.1.5c22f2d2	evm.utg6183.31.1.5c22f2d2	1	evm.utg6183.31.1.5c22f2d2	exact_python_fallback
dark_cluster_001051	evm.utg2205.1	evm.utg2205.1	2	evm.utg2205.1;evm.utg2205.4	exact_python_fallback
dark_cluster_001051	evm.utg2205.1	evm.utg2205.4	2	evm.utg2205.1;evm.utg2205.4	exact_python_fallback
dark_cluster_001052	evm.utg92.114	evm.utg92.114	2	evm.utg92.114;evm.utg92.176	exact_python_fallback
dark_cluster_001052	evm.utg92.114	evm.utg92.176	2	evm.utg92.114;evm.utg92.176	exact_python_fallback
dark_cluster_001053	evm.utg820.12	evm.utg820.12	1	evm.utg820.12	exact_python_fallback
dark_cluster_001054	utg2667.evm.utg820.12.mrna3	utg2667.evm.utg820.12.mrna3	3	utg2667.evm.utg820.12.mrna3;utg388.evm.utg820.12.mrna7;utg62.evm.utg820.12.mrna2	exact_python_fallback
dark_cluster_001054	utg2667.evm.utg820.12.mrna3	utg388.evm.utg820.12.mrna7	3	utg2667.evm.utg820.12.mrna3;utg388.evm.utg820.12.mrna7;utg62.evm.utg820.12.mrna2	exact_python_fallback
dark_cluster_001054	utg2667.evm.utg820.12.mrna3	utg62.evm.utg820.12.mrna2	3	utg2667.evm.utg820.12.mrna3;utg388.evm.utg820.12.mrna7;utg62.evm.utg820.12.mrna2	exact_python_fallback
dark_cluster_001055	evm.utg542.36	evm.utg542.36	1	evm.utg542.36	exact_python_fallback
dark_cluster_001056	evm.utg293.54	evm.utg293.54	1	evm.utg293.54	exact_python_fallback
dark_cluster_001057	evm.utg5578.6	evm.utg5578.6	1	evm.utg5578.6	exact_python_fallback
dark_cluster_001058	evm.utg18294.23	evm.utg18294.23	1	evm.utg18294.23	exact_python_fallback
dark_cluster_001059	utg192.equina_smart_92769.mrna7	utg192.equina_smart_92769.mrna7	1	utg192.equina_smart_92769.mrna7	exact_python_fallback
dark_cluster_001060	evm.utg31532.7	evm.utg31532.7	1	evm.utg31532.7	exact_python_fallback
dark_cluster_001061	utg7.equina_smart_836454.mrna2	utg7.equina_smart_836454.mrna2	1	utg7.equina_smart_836454.mrna2	exact_python_fallback
dark_cluster_001062	utg4187.equina_smart_1431293.mrna1	utg4187.equina_smart_1431293.mrna1	1	utg4187.equina_smart_1431293.mrna1	exact_python_fallback
dark_cluster_001063	utg18.equina_smart_1302533.mrna1	utg18.equina_smart_1302533.mrna1	1	utg18.equina_smart_1302533.mrna1	exact_python_fallback
dark_cluster_001064	evm.utg243.52	evm.utg243.52	1	evm.utg243.52	exact_python_fallback
dark_cluster_001065	utg14287.equina_smart_1752363utrorf.mrna1	utg14287.equina_smart_1752363utrorf.mrna1	1	utg14287.equina_smart_1752363utrorf.mrna1	exact_python_fallback
dark_cluster_001066	utg6821.equina_smart_579312.mrna4	utg6821.equina_smart_579312.mrna4	1	utg6821.equina_smart_579312.mrna4	exact_python_fallback
dark_cluster_001067	evm.utg1897.48	evm.utg1897.48	1	evm.utg1897.48	exact_python_fallback
dark_cluster_001068	evm.utg34572.2	evm.utg34572.2	1	evm.utg34572.2	exact_python_fallback
dark_cluster_001069	evm.utg31945.1	evm.utg31945.1	3	evm.utg31945.1;evm.utg31945.17;evm.utg31945.6	exact_python_fallback
dark_cluster_001069	evm.utg31945.1	evm.utg31945.17	3	evm.utg31945.1;evm.utg31945.17;evm.utg31945.6	exact_python_fallback
dark_cluster_001069	evm.utg31945.1	evm.utg31945.6	3	evm.utg31945.1;evm.utg31945.17;evm.utg31945.6	exact_python_fallback
dark_cluster_001070	utg10321.equina_smart_1162890.mrna1	utg10321.equina_smart_1162890.mrna1	1	utg10321.equina_smart_1162890.mrna1	exact_python_fallback
dark_cluster_001071	evm.utg298.109	evm.utg298.109	1	evm.utg298.109	exact_python_fallback
dark_cluster_001072	evm.utg7289.2	evm.utg7289.2	1	evm.utg7289.2	exact_python_fallback
dark_cluster_001073	evm.utg126.173	evm.utg126.173	1	evm.utg126.173	exact_python_fallback
dark_cluster_001074	evm.utg4155.12	evm.utg4155.12	1	evm.utg4155.12	exact_python_fallback
dark_cluster_001075	evm.utg4972.32	evm.utg4972.32	1	evm.utg4972.32	exact_python_fallback
dark_cluster_001076	evm.utg7286.17	evm.utg7286.17	5	evm.utg7286.17;evm.utg7286.37;evm.utg7286.4;evm.utg7286.44;evm.utg7286.53	exact_python_fallback
dark_cluster_001076	evm.utg7286.17	evm.utg7286.37	5	evm.utg7286.17;evm.utg7286.37;evm.utg7286.4;evm.utg7286.44;evm.utg7286.53	exact_python_fallback
dark_cluster_001076	evm.utg7286.17	evm.utg7286.4	5	evm.utg7286.17;evm.utg7286.37;evm.utg7286.4;evm.utg7286.44;evm.utg7286.53	exact_python_fallback
dark_cluster_001076	evm.utg7286.17	evm.utg7286.44	5	evm.utg7286.17;evm.utg7286.37;evm.utg7286.4;evm.utg7286.44;evm.utg7286.53	exact_python_fallback
dark_cluster_001076	evm.utg7286.17	evm.utg7286.53	5	evm.utg7286.17;evm.utg7286.37;evm.utg7286.4;evm.utg7286.44;evm.utg7286.53	exact_python_fallback
dark_cluster_001077	evm.utg498.171	evm.utg498.171	1	evm.utg498.171	exact_python_fallback
dark_cluster_001078	evm.utg7652.13	evm.utg7652.13	1	evm.utg7652.13	exact_python_fallback
dark_cluster_001079	evm.utg16223.8	evm.utg16223.8	1	evm.utg16223.8	exact_python_fallback
dark_cluster_001080	evm.utg4695.17	evm.utg4695.17	1	evm.utg4695.17	exact_python_fallback
dark_cluster_001081	evm.utg536.37	evm.utg536.37	1	evm.utg536.37	exact_python_fallback
dark_cluster_001082	evm.utg1137.27	evm.utg1137.27	1	evm.utg1137.27	exact_python_fallback
dark_cluster_001083	evm.utg4716.52	evm.utg4716.52	1	evm.utg4716.52	exact_python_fallback
dark_cluster_001084	evm.utg420.75	evm.utg420.75	1	evm.utg420.75	exact_python_fallback
dark_cluster_001085	evm.utg1049.1	evm.utg1049.1	1	evm.utg1049.1	exact_python_fallback
dark_cluster_001086	evm.utg589.61	evm.utg589.61	1	evm.utg589.61	exact_python_fallback
dark_cluster_001087	evm.utg10628.6	evm.utg10628.6	1	evm.utg10628.6	exact_python_fallback
dark_cluster_001088	evm.utg5390.23	evm.utg5390.23	1	evm.utg5390.23	exact_python_fallback
dark_cluster_001089	evm.utg5294.4	evm.utg5294.4	3	evm.utg5294.4;evm.utg5294.45;evm.utg5294.56	exact_python_fallback
dark_cluster_001089	evm.utg5294.4	evm.utg5294.45	3	evm.utg5294.4;evm.utg5294.45;evm.utg5294.56	exact_python_fallback
dark_cluster_001089	evm.utg5294.4	evm.utg5294.56	3	evm.utg5294.4;evm.utg5294.45;evm.utg5294.56	exact_python_fallback
dark_cluster_001090	evm.utg2099.80	evm.utg2099.80	1	evm.utg2099.80	exact_python_fallback
dark_cluster_001091	utg3380.equina_smart_701702.mrna2	utg3380.equina_smart_701702.mrna2	1	utg3380.equina_smart_701702.mrna2	exact_python_fallback
dark_cluster_001092	evm.utg101.69	evm.utg101.69	1	evm.utg101.69	exact_python_fallback
dark_cluster_001093	evm.utg1137.39	evm.utg1137.39	1	evm.utg1137.39	exact_python_fallback
dark_cluster_001094	evm.utg221.21	evm.utg221.21	1	evm.utg221.21	exact_python_fallback
dark_cluster_001095	evm.utg26697.1	evm.utg26697.1	2	evm.utg26697.1;evm.utg26697.8	exact_python_fallback
dark_cluster_001095	evm.utg26697.1	evm.utg26697.8	2	evm.utg26697.1;evm.utg26697.8	exact_python_fallback
dark_cluster_001096	evm.utg3013.30	evm.utg3013.30	1	evm.utg3013.30	exact_python_fallback
dark_cluster_001097	evm.utg59616.6	evm.utg59616.6	1	evm.utg59616.6	exact_python_fallback
dark_cluster_001098	evm.utg14533.25	evm.utg14533.25	1	evm.utg14533.25	exact_python_fallback
dark_cluster_001099	evm.utg1272.118	evm.utg1272.118	1	evm.utg1272.118	exact_python_fallback
dark_cluster_001100	evm.utg4271.72	evm.utg4271.72	1	evm.utg4271.72	exact_python_fallback
dark_cluster_001101	evm.utg4652.20	evm.utg4652.20	1	evm.utg4652.20	exact_python_fallback
dark_cluster_001102	evm.utg3339.9	evm.utg3339.9	1	evm.utg3339.9	exact_python_fallback
dark_cluster_001103	evm.utg364.67	evm.utg364.67	1	evm.utg364.67	exact_python_fallback
dark_cluster_001104	evm.utg2757.60	evm.utg2757.60	1	evm.utg2757.60	exact_python_fallback
dark_cluster_001105	evm.utg2155.6.1.5c22ed17	evm.utg2155.6.1.5c22ed17	1	evm.utg2155.6.1.5c22ed17	exact_python_fallback
dark_cluster_001106	evm.utg2159.33	evm.utg2159.33	1	evm.utg2159.33	exact_python_fallback
dark_cluster_001107	utg3642.equina_smart_1451327.mrna1	utg3642.equina_smart_1451327.mrna1	1	utg3642.equina_smart_1451327.mrna1	exact_python_fallback
dark_cluster_001108	evm.utg494.5	evm.utg494.5	1	evm.utg494.5	exact_python_fallback
dark_cluster_001109	evm.utg868.26	evm.utg868.26	2	evm.utg868.26;evm.utg868.87	exact_python_fallback
dark_cluster_001109	evm.utg868.26	evm.utg868.87	2	evm.utg868.26;evm.utg868.87	exact_python_fallback
dark_cluster_001110	evm.utg2323.8	evm.utg2323.8	1	evm.utg2323.8	exact_python_fallback
dark_cluster_001111	evm.utg24929.8	evm.utg24929.8	1	evm.utg24929.8	exact_python_fallback
dark_cluster_001112	evm.utg464.45	evm.utg464.45	1	evm.utg464.45	exact_python_fallback
dark_cluster_001113	evm.utg7595.54	evm.utg7595.54	1	evm.utg7595.54	exact_python_fallback
dark_cluster_001114	evm.utg6959.4	evm.utg6959.4	1	evm.utg6959.4	exact_python_fallback
dark_cluster_001115	evm.utg3158.11	evm.utg3158.11	1	evm.utg3158.11	exact_python_fallback
dark_cluster_001116	evm.utg12900.8	evm.utg12900.8	1	evm.utg12900.8	exact_python_fallback
dark_cluster_001117	evm.utg23582.1	evm.utg23582.1	1	evm.utg23582.1	exact_python_fallback
dark_cluster_001118	evm.utg3605.32	evm.utg3605.32	1	evm.utg3605.32	exact_python_fallback
dark_cluster_001119	utg3474.equina_smart_1570540.mrna1	utg3474.equina_smart_1570540.mrna1	1	utg3474.equina_smart_1570540.mrna1	exact_python_fallback
dark_cluster_001120	evm.utg35.4	evm.utg35.4	2	evm.utg35.4;evm.utg35.5	exact_python_fallback
dark_cluster_001120	evm.utg35.4	evm.utg35.5	2	evm.utg35.4;evm.utg35.5	exact_python_fallback
dark_cluster_001121	evm.utg12724.8	evm.utg12724.8	1	evm.utg12724.8	exact_python_fallback
dark_cluster_001122	evm.utg5985.1	evm.utg5985.1	1	evm.utg5985.1	exact_python_fallback
dark_cluster_001123	evm.utg13959.10	evm.utg13959.10	1	evm.utg13959.10	exact_python_fallback
dark_cluster_001124	evm.utg1101.13	evm.utg1101.13	6	evm.utg1101.13;evm.utg1101.41;evm.utg1101.55;evm.utg1101.57;evm.utg1101.63;evm.utg1101.9	exact_python_fallback
dark_cluster_001124	evm.utg1101.13	evm.utg1101.41	6	evm.utg1101.13;evm.utg1101.41;evm.utg1101.55;evm.utg1101.57;evm.utg1101.63;evm.utg1101.9	exact_python_fallback
dark_cluster_001124	evm.utg1101.13	evm.utg1101.55	6	evm.utg1101.13;evm.utg1101.41;evm.utg1101.55;evm.utg1101.57;evm.utg1101.63;evm.utg1101.9	exact_python_fallback
dark_cluster_001124	evm.utg1101.13	evm.utg1101.57	6	evm.utg1101.13;evm.utg1101.41;evm.utg1101.55;evm.utg1101.57;evm.utg1101.63;evm.utg1101.9	exact_python_fallback
dark_cluster_001124	evm.utg1101.13	evm.utg1101.63	6	evm.utg1101.13;evm.utg1101.41;evm.utg1101.55;evm.utg1101.57;evm.utg1101.63;evm.utg1101.9	exact_python_fallback
dark_cluster_001124	evm.utg1101.13	evm.utg1101.9	6	evm.utg1101.13;evm.utg1101.41;evm.utg1101.55;evm.utg1101.57;evm.utg1101.63;evm.utg1101.9	exact_python_fallback
dark_cluster_001125	evm.utg4.27	evm.utg4.27	1	evm.utg4.27	exact_python_fallback
dark_cluster_001126	utg3753.equina_smart_1451684.mrna1	utg3753.equina_smart_1451684.mrna1	1	utg3753.equina_smart_1451684.mrna1	exact_python_fallback
dark_cluster_001127	evm.utg255.5	evm.utg255.5	1	evm.utg255.5	exact_python_fallback
dark_cluster_001128	evm.utg572.26	evm.utg572.26	1	evm.utg572.26	exact_python_fallback
dark_cluster_001129	evm.utg420.21	evm.utg420.21	1	evm.utg420.21	exact_python_fallback
dark_cluster_001130	evm.utg107.14	evm.utg107.14	1	evm.utg107.14	exact_python_fallback
dark_cluster_001131	evm.utg3470.7	evm.utg3470.7	1	evm.utg3470.7	exact_python_fallback
dark_cluster_001132	evm.utg379.42	evm.utg379.42	1	evm.utg379.42	exact_python_fallback
dark_cluster_001133	evm.utg216.20	evm.utg216.20	1	evm.utg216.20	exact_python_fallback
dark_cluster_001134	evm.utg8578.1	evm.utg8578.1	1	evm.utg8578.1	exact_python_fallback
dark_cluster_001135	evm.utg38114.6	evm.utg38114.6	1	evm.utg38114.6	exact_python_fallback
dark_cluster_001136	evm.utg2526.2	evm.utg2526.2	1	evm.utg2526.2	exact_python_fallback
dark_cluster_001137	evm.utg27.12	evm.utg27.12	1	evm.utg27.12	exact_python_fallback
dark_cluster_001138	evm.utg14533.26	evm.utg14533.26	1	evm.utg14533.26	exact_python_fallback
dark_cluster_001139	evm.utg82.42	evm.utg82.42	1	evm.utg82.42	exact_python_fallback
dark_cluster_001140	evm.utg3787.1.1.5c22efde	evm.utg3787.1.1.5c22efde	1	evm.utg3787.1.1.5c22efde	exact_python_fallback
dark_cluster_001141	evm.utg441.42	evm.utg441.42	1	evm.utg441.42	exact_python_fallback
dark_cluster_001142	evm.utg729.43	evm.utg729.43	1	evm.utg729.43	exact_python_fallback
dark_cluster_001143	utg15281.equina_smart_1471567.mrna1	utg15281.equina_smart_1471567.mrna1	1	utg15281.equina_smart_1471567.mrna1	exact_python_fallback
dark_cluster_001144	evm.utg18506.7	evm.utg18506.7	1	evm.utg18506.7	exact_python_fallback
dark_cluster_001145	evm.utg11415.52	evm.utg11415.52	1	evm.utg11415.52	exact_python_fallback
dark_cluster_001146	evm.utg190.64	evm.utg190.64	1	evm.utg190.64	exact_python_fallback
dark_cluster_001147	evm.utg16027.2	evm.utg16027.2	1	evm.utg16027.2	exact_python_fallback
dark_cluster_001148	evm.utg8768.11	evm.utg8768.11	2	evm.utg8768.11;evm.utg8768.4	exact_python_fallback
dark_cluster_001148	evm.utg8768.11	evm.utg8768.4	2	evm.utg8768.11;evm.utg8768.4	exact_python_fallback
dark_cluster_001149	evm.utg5414.39	evm.utg5414.39	1	evm.utg5414.39	exact_python_fallback
dark_cluster_001150	evm.utg1910.109	evm.utg1910.109	1	evm.utg1910.109	exact_python_fallback
dark_cluster_001151	evm.utg1962.41	evm.utg1962.41	1	evm.utg1962.41	exact_python_fallback
dark_cluster_001152	evm.utg1272.167	evm.utg1272.167	1	evm.utg1272.167	exact_python_fallback
dark_cluster_001153	evm.utg4464.29	evm.utg4464.29	1	evm.utg4464.29	exact_python_fallback
dark_cluster_001154	evm.utg594.14	evm.utg594.14	1	evm.utg594.14	exact_python_fallback
dark_cluster_001155	evm.utg435.21	evm.utg435.21	1	evm.utg435.21	exact_python_fallback
dark_cluster_001156	evm.utg1918.13	evm.utg1918.13	1	evm.utg1918.13	exact_python_fallback
dark_cluster_001157	evm.utg77.178	evm.utg77.178	1	evm.utg77.178	exact_python_fallback
dark_cluster_001158	evm.utg594.13	evm.utg594.13	1	evm.utg594.13	exact_python_fallback
dark_cluster_001159	evm.utg324.85	evm.utg324.85	1	evm.utg324.85	exact_python_fallback
dark_cluster_001160	evm.utg666.19	evm.utg666.19	1	evm.utg666.19	exact_python_fallback
dark_cluster_001161	evm.utg27318.16	evm.utg27318.16	1	evm.utg27318.16	exact_python_fallback
dark_cluster_001162	evm.utg17293.11	evm.utg17293.11	2	evm.utg17293.11;evm.utg17293.9	exact_python_fallback
dark_cluster_001162	evm.utg17293.11	evm.utg17293.9	2	evm.utg17293.11;evm.utg17293.9	exact_python_fallback
dark_cluster_001163	utg245.equina_smart_384994.mrna1	utg245.equina_smart_384994.mrna1	1	utg245.equina_smart_384994.mrna1	exact_python_fallback
dark_cluster_001164	evm.utg2083.50	evm.utg2083.50	1	evm.utg2083.50	exact_python_fallback
dark_cluster_001165	evm.utg9313.29	evm.utg9313.29	1	evm.utg9313.29	exact_python_fallback
dark_cluster_001166	evm.utg293.51	evm.utg293.51	1	evm.utg293.51	exact_python_fallback
dark_cluster_001167	evm.utg298.79	evm.utg298.79	1	evm.utg298.79	exact_python_fallback
dark_cluster_001168	evm.utg324.132	evm.utg324.132	1	evm.utg324.132	exact_python_fallback
dark_cluster_001169	evm.utg2818.14	evm.utg2818.14	8	evm.utg2818.14;evm.utg2818.40;evm.utg2818.41;evm.utg2818.62;evm.utg2818.65;evm.utg2818.67;evm.utg2818.70;evm.utg2818.79	exact_python_fallback
dark_cluster_001169	evm.utg2818.14	evm.utg2818.40	8	evm.utg2818.14;evm.utg2818.40;evm.utg2818.41;evm.utg2818.62;evm.utg2818.65;evm.utg2818.67;evm.utg2818.70;evm.utg2818.79	exact_python_fallback
dark_cluster_001169	evm.utg2818.14	evm.utg2818.41	8	evm.utg2818.14;evm.utg2818.40;evm.utg2818.41;evm.utg2818.62;evm.utg2818.65;evm.utg2818.67;evm.utg2818.70;evm.utg2818.79	exact_python_fallback
dark_cluster_001169	evm.utg2818.14	evm.utg2818.62	8	evm.utg2818.14;evm.utg2818.40;evm.utg2818.41;evm.utg2818.62;evm.utg2818.65;evm.utg2818.67;evm.utg2818.70;evm.utg2818.79	exact_python_fallback
dark_cluster_001169	evm.utg2818.14	evm.utg2818.65	8	evm.utg2818.14;evm.utg2818.40;evm.utg2818.41;evm.utg2818.62;evm.utg2818.65;evm.utg2818.67;evm.utg2818.70;evm.utg2818.79	exact_python_fallback
dark_cluster_001169	evm.utg2818.14	evm.utg2818.67	8	evm.utg2818.14;evm.utg2818.40;evm.utg2818.41;evm.utg2818.62;evm.utg2818.65;evm.utg2818.67;evm.utg2818.70;evm.utg2818.79	exact_python_fallback
dark_cluster_001169	evm.utg2818.14	evm.utg2818.70	8	evm.utg2818.14;evm.utg2818.40;evm.utg2818.41;evm.utg2818.62;evm.utg2818.65;evm.utg2818.67;evm.utg2818.70;evm.utg2818.79	exact_python_fallback
dark_cluster_001169	evm.utg2818.14	evm.utg2818.79	8	evm.utg2818.14;evm.utg2818.40;evm.utg2818.41;evm.utg2818.62;evm.utg2818.65;evm.utg2818.67;evm.utg2818.70;evm.utg2818.79	exact_python_fallback
dark_cluster_001170	evm.utg9023.11	evm.utg9023.11	1	evm.utg9023.11	exact_python_fallback
dark_cluster_001171	evm.utg395.27	evm.utg395.27	1	evm.utg395.27	exact_python_fallback
dark_cluster_001172	evm.utg28209.11	evm.utg28209.11	1	evm.utg28209.11	exact_python_fallback
dark_cluster_001173	evm.utg920.19	evm.utg920.19	1	evm.utg920.19	exact_python_fallback
dark_cluster_001174	evm.utg2071.21	evm.utg2071.21	1	evm.utg2071.21	exact_python_fallback
dark_cluster_001175	evm.utg6161.4	evm.utg6161.4	1	evm.utg6161.4	exact_python_fallback
dark_cluster_001176	evm.utg2071.24	evm.utg2071.24	2	evm.utg2071.24;evm.utg6161.3	exact_python_fallback
dark_cluster_001176	evm.utg2071.24	evm.utg6161.3	2	evm.utg2071.24;evm.utg6161.3	exact_python_fallback
dark_cluster_001177	evm.utg13474.23	evm.utg13474.23	1	evm.utg13474.23	exact_python_fallback
dark_cluster_001178	evm.utg13474.12	evm.utg13474.12	1	evm.utg13474.12	exact_python_fallback
dark_cluster_001179	evm.utg9313.1	evm.utg9313.1	4	evm.utg9313.1;evm.utg9313.15;evm.utg9313.27;evm.utg9313.31	exact_python_fallback
dark_cluster_001179	evm.utg9313.1	evm.utg9313.15	4	evm.utg9313.1;evm.utg9313.15;evm.utg9313.27;evm.utg9313.31	exact_python_fallback
dark_cluster_001179	evm.utg9313.1	evm.utg9313.27	4	evm.utg9313.1;evm.utg9313.15;evm.utg9313.27;evm.utg9313.31	exact_python_fallback
dark_cluster_001179	evm.utg9313.1	evm.utg9313.31	4	evm.utg9313.1;evm.utg9313.15;evm.utg9313.27;evm.utg9313.31	exact_python_fallback
dark_cluster_001180	evm.utg190.66	evm.utg190.66	1	evm.utg190.66	exact_python_fallback
dark_cluster_001181	evm.utg6035.8	evm.utg6035.8	1	evm.utg6035.8	exact_python_fallback
dark_cluster_001182	utg214.equina_smart_1242097.mrna3	utg214.equina_smart_1242097.mrna3	1	utg214.equina_smart_1242097.mrna3	exact_python_fallback
dark_cluster_001183	utg4468.equina_smart_12662.mrna1	utg4468.equina_smart_12662.mrna1	1	utg4468.equina_smart_12662.mrna1	exact_python_fallback
dark_cluster_001184	evm.utg1931.43	evm.utg1931.43	1	evm.utg1931.43	exact_python_fallback
dark_cluster_001185	utg1683.equina_smart_1436659.mrna1	utg1683.equina_smart_1436659.mrna1	1	utg1683.equina_smart_1436659.mrna1	exact_python_fallback
dark_cluster_001186	evm.utg6851.6	evm.utg6851.6	1	evm.utg6851.6	exact_python_fallback
dark_cluster_001187	evm.utg10541.22	evm.utg10541.22	1	evm.utg10541.22	exact_python_fallback
dark_cluster_001188	evm.utg861.46	evm.utg861.46	1	evm.utg861.46	exact_python_fallback
dark_cluster_001189	evm.utg14683.12	evm.utg14683.12	1	evm.utg14683.12	exact_python_fallback
dark_cluster_001190	evm.utg125.38	evm.utg125.38	1	evm.utg125.38	exact_python_fallback
dark_cluster_001191	evm.utg12030.13	evm.utg12030.13	1	evm.utg12030.13	exact_python_fallback
dark_cluster_001192	evm.utg15453.1	evm.utg15453.1	2	evm.utg15453.1;evm.utg15453.3	exact_python_fallback
dark_cluster_001192	evm.utg15453.1	evm.utg15453.3	2	evm.utg15453.1;evm.utg15453.3	exact_python_fallback
dark_cluster_001193	evm.utg16036.52	evm.utg16036.52	1	evm.utg16036.52	exact_python_fallback
dark_cluster_001194	evm.utg1137.48	evm.utg1137.48	1	evm.utg1137.48	exact_python_fallback
dark_cluster_001195	evm.utg344.12	evm.utg344.12	1	evm.utg344.12	exact_python_fallback
dark_cluster_001196	utg6293.evm.utg6293.25.mrna2	utg6293.evm.utg6293.25.mrna2	1	utg6293.evm.utg6293.25.mrna2	exact_python_fallback
dark_cluster_001197	evm.utg6459.4	evm.utg6459.4	1	evm.utg6459.4	exact_python_fallback
dark_cluster_001198	evm.utg11814.3	evm.utg11814.3	1	evm.utg11814.3	exact_python_fallback
dark_cluster_001199	utg279.equina_smart_936165.mrna1	utg279.equina_smart_936165.mrna1	1	utg279.equina_smart_936165.mrna1	exact_python_fallback
dark_cluster_001200	evm.utg298.111	evm.utg298.111	8	evm.utg298.111;evm.utg298.118;evm.utg298.31;evm.utg298.33;evm.utg298.34;evm.utg298.35;evm.utg298.68;evm.utg298.93	exact_python_fallback
dark_cluster_001200	evm.utg298.111	evm.utg298.118	8	evm.utg298.111;evm.utg298.118;evm.utg298.31;evm.utg298.33;evm.utg298.34;evm.utg298.35;evm.utg298.68;evm.utg298.93	exact_python_fallback
dark_cluster_001200	evm.utg298.111	evm.utg298.31	8	evm.utg298.111;evm.utg298.118;evm.utg298.31;evm.utg298.33;evm.utg298.34;evm.utg298.35;evm.utg298.68;evm.utg298.93	exact_python_fallback
dark_cluster_001200	evm.utg298.111	evm.utg298.33	8	evm.utg298.111;evm.utg298.118;evm.utg298.31;evm.utg298.33;evm.utg298.34;evm.utg298.35;evm.utg298.68;evm.utg298.93	exact_python_fallback
dark_cluster_001200	evm.utg298.111	evm.utg298.34	8	evm.utg298.111;evm.utg298.118;evm.utg298.31;evm.utg298.33;evm.utg298.34;evm.utg298.35;evm.utg298.68;evm.utg298.93	exact_python_fallback
dark_cluster_001200	evm.utg298.111	evm.utg298.35	8	evm.utg298.111;evm.utg298.118;evm.utg298.31;evm.utg298.33;evm.utg298.34;evm.utg298.35;evm.utg298.68;evm.utg298.93	exact_python_fallback
dark_cluster_001200	evm.utg298.111	evm.utg298.68	8	evm.utg298.111;evm.utg298.118;evm.utg298.31;evm.utg298.33;evm.utg298.34;evm.utg298.35;evm.utg298.68;evm.utg298.93	exact_python_fallback
dark_cluster_001200	evm.utg298.111	evm.utg298.93	8	evm.utg298.111;evm.utg298.118;evm.utg298.31;evm.utg298.33;evm.utg298.34;evm.utg298.35;evm.utg298.68;evm.utg298.93	exact_python_fallback
dark_cluster_001201	utg162.equina_smart_1058660.mrna1	utg162.equina_smart_1058660.mrna1	1	utg162.equina_smart_1058660.mrna1	exact_python_fallback
dark_cluster_001202	evm.utg1825.40	evm.utg1825.40	1	evm.utg1825.40	exact_python_fallback
dark_cluster_001203	evm.utg3872.52	evm.utg3872.52	1	evm.utg3872.52	exact_python_fallback
dark_cluster_001204	evm.utg190.65	evm.utg190.65	1	evm.utg190.65	exact_python_fallback
dark_cluster_001205	evm.utg2071.63	evm.utg2071.63	1	evm.utg2071.63	exact_python_fallback
dark_cluster_001206	evm.utg407.10	evm.utg407.10	1	evm.utg407.10	exact_python_fallback
dark_cluster_001207	utg15244.equina_smart_1824296.mrna1	utg15244.equina_smart_1824296.mrna1	1	utg15244.equina_smart_1824296.mrna1	exact_python_fallback
dark_cluster_001208	evm.utg1271.106	evm.utg1271.106	1	evm.utg1271.106	exact_python_fallback
dark_cluster_001209	evm.utg4265.26	evm.utg4265.26	1	evm.utg4265.26	exact_python_fallback
dark_cluster_001210	evm.utg2016.9	evm.utg2016.9	1	evm.utg2016.9	exact_python_fallback
dark_cluster_001211	evm.utg72.27	evm.utg72.27	1	evm.utg72.27	exact_python_fallback
dark_cluster_001212	evm.utg1416.5	evm.utg1416.5	1	evm.utg1416.5	exact_python_fallback
dark_cluster_001213	evm.utg13091.9	evm.utg13091.9	1	evm.utg13091.9	exact_python_fallback
dark_cluster_001214	evm.utg31363.21	evm.utg31363.21	1	evm.utg31363.21	exact_python_fallback
dark_cluster_001215	evm.utg2529.12	evm.utg2529.12	1	evm.utg2529.12	exact_python_fallback
dark_cluster_001216	evm.utg2487.54	evm.utg2487.54	1	evm.utg2487.54	exact_python_fallback
dark_cluster_001217	evm.utg9251.31	evm.utg9251.31	1	evm.utg9251.31	exact_python_fallback
dark_cluster_001218	evm.utg1056.5	evm.utg1056.5	1	evm.utg1056.5	exact_python_fallback
dark_cluster_001219	evm.utg16223.1	evm.utg16223.1	1	evm.utg16223.1	exact_python_fallback
dark_cluster_001220	evm.utg16223.2	evm.utg16223.2	1	evm.utg16223.2	exact_python_fallback
dark_cluster_001221	evm.utg4.76	evm.utg4.76	1	evm.utg4.76	exact_python_fallback
dark_cluster_001222	evm.utg3443.70	evm.utg3443.70	1	evm.utg3443.70	exact_python_fallback
dark_cluster_001223	utg190.equina_smart_1581370.mrna1	utg190.equina_smart_1581370.mrna1	1	utg190.equina_smart_1581370.mrna1	exact_python_fallback
dark_cluster_001224	evm.utg1278.73	evm.utg1278.73	1	evm.utg1278.73	exact_python_fallback
dark_cluster_001225	evm.utg2353.10	evm.utg2353.10	1	evm.utg2353.10	exact_python_fallback
dark_cluster_001226	evm.utg6781.20	evm.utg6781.20	3	evm.utg6781.20;evm.utg6781.22;evm.utg6781.3	exact_python_fallback
dark_cluster_001226	evm.utg6781.20	evm.utg6781.22	3	evm.utg6781.20;evm.utg6781.22;evm.utg6781.3	exact_python_fallback
dark_cluster_001226	evm.utg6781.20	evm.utg6781.3	3	evm.utg6781.20;evm.utg6781.22;evm.utg6781.3	exact_python_fallback
dark_cluster_001227	evm.utg27.54	evm.utg27.54	1	evm.utg27.54	exact_python_fallback
dark_cluster_001228	evm.utg7289.45	evm.utg7289.45	1	evm.utg7289.45	exact_python_fallback
dark_cluster_001229	evm.utg736.28	evm.utg736.28	1	evm.utg736.28	exact_python_fallback
dark_cluster_001230	evm.utg2704.16	evm.utg2704.16	1	evm.utg2704.16	exact_python_fallback
dark_cluster_001231	utg3093.equina_smart_1519395.mrna2	utg3093.equina_smart_1519395.mrna2	1	utg3093.equina_smart_1519395.mrna2	exact_python_fallback
dark_cluster_001232	evm.utg21873.1	evm.utg21873.1	1	evm.utg21873.1	exact_python_fallback
dark_cluster_001233	evm.utg15686.2	evm.utg15686.2	2	evm.utg15686.2;evm.utg15686.3	exact_python_fallback
dark_cluster_001233	evm.utg15686.2	evm.utg15686.3	2	evm.utg15686.2;evm.utg15686.3	exact_python_fallback
dark_cluster_001234	evm.utg1931.97	evm.utg1931.97	1	evm.utg1931.97	exact_python_fallback
dark_cluster_001235	evm.utg243.63	evm.utg243.63	1	evm.utg243.63	exact_python_fallback
dark_cluster_001236	evm.utg27318.22	evm.utg27318.22	1	evm.utg27318.22	exact_python_fallback
dark_cluster_001237	evm.utg3834.27	evm.utg3834.27	1	evm.utg3834.27	exact_python_fallback
dark_cluster_001238	evm.utg1648.17	evm.utg1648.17	1	evm.utg1648.17	exact_python_fallback
dark_cluster_001239	evm.utg2129.208	evm.utg2129.208	1	evm.utg2129.208	exact_python_fallback
dark_cluster_001240	utg4187.equina_smart_1519395.mrna1	utg4187.equina_smart_1519395.mrna1	1	utg4187.equina_smart_1519395.mrna1	exact_python_fallback
dark_cluster_001241	evm.utg7950.32	evm.utg7950.32	2	evm.utg7950.32;evm.utg7950.34	exact_python_fallback
dark_cluster_001241	evm.utg7950.32	evm.utg7950.34	2	evm.utg7950.32;evm.utg7950.34	exact_python_fallback
dark_cluster_001242	evm.utg6123.23	evm.utg6123.23	1	evm.utg6123.23	exact_python_fallback
dark_cluster_001243	evm.utg14892.2	evm.utg14892.2	1	evm.utg14892.2	exact_python_fallback
dark_cluster_001244	evm.utg126.75	evm.utg126.75	1	evm.utg126.75	exact_python_fallback
dark_cluster_001245	evm.utg2279.6	evm.utg2279.6	2	evm.utg2279.6;evm.utg2279.8	exact_python_fallback
dark_cluster_001245	evm.utg2279.6	evm.utg2279.8	2	evm.utg2279.6;evm.utg2279.8	exact_python_fallback
dark_cluster_001246	evm.utg7286.25	evm.utg7286.25	1	evm.utg7286.25	exact_python_fallback
dark_cluster_001247	evm.utg16283.11	evm.utg16283.11	1	evm.utg16283.11	exact_python_fallback
dark_cluster_001248	evm.utg696.1	evm.utg696.1	2	evm.utg696.1;evm.utg696.14	exact_python_fallback
dark_cluster_001248	evm.utg696.1	evm.utg696.14	2	evm.utg696.1;evm.utg696.14	exact_python_fallback
dark_cluster_001249	evm.utg967.7	evm.utg967.7	1	evm.utg967.7	exact_python_fallback
dark_cluster_001250	evm.utg18686.31	evm.utg18686.31	1	evm.utg18686.31	exact_python_fallback
dark_cluster_001251	evm.utg10156.18	evm.utg10156.18	1	evm.utg10156.18	exact_python_fallback
dark_cluster_001252	evm.utg411.122	evm.utg411.122	1	evm.utg411.122	exact_python_fallback
dark_cluster_001253	evm.utg6432.16	evm.utg6432.16	1	evm.utg6432.16	exact_python_fallback
dark_cluster_001254	evm.utg116.228	evm.utg116.228	1	evm.utg116.228	exact_python_fallback
dark_cluster_001255	evm.utg14021.43	evm.utg14021.43	1	evm.utg14021.43	exact_python_fallback
dark_cluster_001256	utg3787.equina_smart_29509.mrna1	utg3787.equina_smart_29509.mrna1	1	utg3787.equina_smart_29509.mrna1	exact_python_fallback
dark_cluster_001257	evm.utg1002.23	evm.utg1002.23	1	evm.utg1002.23	exact_python_fallback
dark_cluster_001258	utg4665.equina_smart_1519395.mrna3	utg4665.equina_smart_1519395.mrna3	1	utg4665.equina_smart_1519395.mrna3	exact_python_fallback
dark_cluster_001259	evm.utg693.83	evm.utg693.83	1	evm.utg693.83	exact_python_fallback
dark_cluster_001260	evm.utg338.99	evm.utg338.99	1	evm.utg338.99	exact_python_fallback
dark_cluster_001261	evm.utg714.31	evm.utg714.31	1	evm.utg714.31	exact_python_fallback
dark_cluster_001262	evm.utg415.1	evm.utg415.1	8	evm.utg415.1;evm.utg415.106;evm.utg415.128;evm.utg415.13;evm.utg415.18;evm.utg415.30;evm.utg415.38;evm.utg415.73	exact_python_fallback
dark_cluster_001262	evm.utg415.1	evm.utg415.106	8	evm.utg415.1;evm.utg415.106;evm.utg415.128;evm.utg415.13;evm.utg415.18;evm.utg415.30;evm.utg415.38;evm.utg415.73	exact_python_fallback
dark_cluster_001262	evm.utg415.1	evm.utg415.128	8	evm.utg415.1;evm.utg415.106;evm.utg415.128;evm.utg415.13;evm.utg415.18;evm.utg415.30;evm.utg415.38;evm.utg415.73	exact_python_fallback
dark_cluster_001262	evm.utg415.1	evm.utg415.13	8	evm.utg415.1;evm.utg415.106;evm.utg415.128;evm.utg415.13;evm.utg415.18;evm.utg415.30;evm.utg415.38;evm.utg415.73	exact_python_fallback
dark_cluster_001262	evm.utg415.1	evm.utg415.18	8	evm.utg415.1;evm.utg415.106;evm.utg415.128;evm.utg415.13;evm.utg415.18;evm.utg415.30;evm.utg415.38;evm.utg415.73	exact_python_fallback
dark_cluster_001262	evm.utg415.1	evm.utg415.30	8	evm.utg415.1;evm.utg415.106;evm.utg415.128;evm.utg415.13;evm.utg415.18;evm.utg415.30;evm.utg415.38;evm.utg415.73	exact_python_fallback
dark_cluster_001262	evm.utg415.1	evm.utg415.38	8	evm.utg415.1;evm.utg415.106;evm.utg415.128;evm.utg415.13;evm.utg415.18;evm.utg415.30;evm.utg415.38;evm.utg415.73	exact_python_fallback
dark_cluster_001262	evm.utg415.1	evm.utg415.73	8	evm.utg415.1;evm.utg415.106;evm.utg415.128;evm.utg415.13;evm.utg415.18;evm.utg415.30;evm.utg415.38;evm.utg415.73	exact_python_fallback
dark_cluster_001263	evm.utg92.97	evm.utg92.97	1	evm.utg92.97	exact_python_fallback
dark_cluster_001264	evm.utg3605.26	evm.utg3605.26	3	evm.utg3605.26;evm.utg3605.35;evm.utg3605.43	exact_python_fallback
dark_cluster_001264	evm.utg3605.26	evm.utg3605.35	3	evm.utg3605.26;evm.utg3605.35;evm.utg3605.43	exact_python_fallback
dark_cluster_001264	evm.utg3605.26	evm.utg3605.43	3	evm.utg3605.26;evm.utg3605.35;evm.utg3605.43	exact_python_fallback
dark_cluster_001265	evm.utg622.84	evm.utg622.84	1	evm.utg622.84	exact_python_fallback
dark_cluster_001266	utg301.equina_smart_690311.mrna1	utg301.equina_smart_690311.mrna1	1	utg301.equina_smart_690311.mrna1	exact_python_fallback
dark_cluster_001267	evm.utg4610.11	evm.utg4610.11	5	evm.utg4610.11;evm.utg4610.26;evm.utg4610.35;evm.utg4610.39;evm.utg4610.40	exact_python_fallback
dark_cluster_001267	evm.utg4610.11	evm.utg4610.26	5	evm.utg4610.11;evm.utg4610.26;evm.utg4610.35;evm.utg4610.39;evm.utg4610.40	exact_python_fallback
dark_cluster_001267	evm.utg4610.11	evm.utg4610.35	5	evm.utg4610.11;evm.utg4610.26;evm.utg4610.35;evm.utg4610.39;evm.utg4610.40	exact_python_fallback
dark_cluster_001267	evm.utg4610.11	evm.utg4610.39	5	evm.utg4610.11;evm.utg4610.26;evm.utg4610.35;evm.utg4610.39;evm.utg4610.40	exact_python_fallback
dark_cluster_001267	evm.utg4610.11	evm.utg4610.40	5	evm.utg4610.11;evm.utg4610.26;evm.utg4610.35;evm.utg4610.39;evm.utg4610.40	exact_python_fallback
dark_cluster_001268	evm.utg1931.24	evm.utg1931.24	1	evm.utg1931.24	exact_python_fallback
dark_cluster_001269	evm.utg3522.49	evm.utg3522.49	2	evm.utg3522.49;evm.utg3522.57	exact_python_fallback
dark_cluster_001269	evm.utg3522.49	evm.utg3522.57	2	evm.utg3522.49;evm.utg3522.57	exact_python_fallback
dark_cluster_001270	utg255.equina_smart_769755.mrna1	utg255.equina_smart_769755.mrna1	2	utg255.equina_smart_769755.mrna1;utg255.equina_smart_769755.mrna2	exact_python_fallback
dark_cluster_001270	utg255.equina_smart_769755.mrna1	utg255.equina_smart_769755.mrna2	2	utg255.equina_smart_769755.mrna1;utg255.equina_smart_769755.mrna2	exact_python_fallback
dark_cluster_001271	evm.utg13368.11	evm.utg13368.11	1	evm.utg13368.11	exact_python_fallback
dark_cluster_001272	evm.utg236.50	evm.utg236.50	1	evm.utg236.50	exact_python_fallback
dark_cluster_001273	evm.utg9875.13	evm.utg9875.13	1	evm.utg9875.13	exact_python_fallback
dark_cluster_001274	evm.utg7595.10	evm.utg7595.10	2	evm.utg7595.10;evm.utg7595.25	exact_python_fallback
dark_cluster_001274	evm.utg7595.10	evm.utg7595.25	2	evm.utg7595.10;evm.utg7595.25	exact_python_fallback
dark_cluster_001275	evm.utg2356.1	evm.utg2356.1	4	evm.utg2356.1;evm.utg2356.11;evm.utg2356.8;evm.utg2356.9	exact_python_fallback
dark_cluster_001275	evm.utg2356.1	evm.utg2356.11	4	evm.utg2356.1;evm.utg2356.11;evm.utg2356.8;evm.utg2356.9	exact_python_fallback
dark_cluster_001275	evm.utg2356.1	evm.utg2356.8	4	evm.utg2356.1;evm.utg2356.11;evm.utg2356.8;evm.utg2356.9	exact_python_fallback
dark_cluster_001275	evm.utg2356.1	evm.utg2356.9	4	evm.utg2356.1;evm.utg2356.11;evm.utg2356.8;evm.utg2356.9	exact_python_fallback
dark_cluster_001276	evm.utg334.34	evm.utg334.34	1	evm.utg334.34	exact_python_fallback
dark_cluster_001277	evm.utg6851.10	evm.utg6851.10	1	evm.utg6851.10	exact_python_fallback
dark_cluster_001278	evm.utg750.35	evm.utg750.35	1	evm.utg750.35	exact_python_fallback
dark_cluster_001279	evm.utg379.63	evm.utg379.63	1	evm.utg379.63	exact_python_fallback
dark_cluster_001280	evm.utg221.22	evm.utg221.22	1	evm.utg221.22	exact_python_fallback
dark_cluster_001281	utg693.equina_smart_913913.mrna2	utg693.equina_smart_913913.mrna2	1	utg693.equina_smart_913913.mrna2	exact_python_fallback
dark_cluster_001282	evm.utg243.55	evm.utg243.55	1	evm.utg243.55	exact_python_fallback
dark_cluster_001283	utg4886.equina_smart_1456594.mrna1	utg4886.equina_smart_1456594.mrna1	1	utg4886.equina_smart_1456594.mrna1	exact_python_fallback
dark_cluster_001284	utg183.equina_smart_1456594.mrna2	utg183.equina_smart_1456594.mrna2	1	utg183.equina_smart_1456594.mrna2	exact_python_fallback
dark_cluster_001285	utg288.equina_smart_1456594.mrna3	utg288.equina_smart_1456594.mrna3	1	utg288.equina_smart_1456594.mrna3	exact_python_fallback
dark_cluster_001286	utg1609.equina_smart_1821163.mrna1	utg1609.equina_smart_1821163.mrna1	1	utg1609.equina_smart_1821163.mrna1	exact_python_fallback
dark_cluster_001287	evm.utg2733.3	evm.utg2733.3	2	evm.utg2733.3;evm.utg2733.6	exact_python_fallback
dark_cluster_001287	evm.utg2733.3	evm.utg2733.6	2	evm.utg2733.3;evm.utg2733.6	exact_python_fallback
dark_cluster_001288	evm.utg20090.8	evm.utg20090.8	1	evm.utg20090.8	exact_python_fallback
dark_cluster_001289	evm.utg7931.10	evm.utg7931.10	2	evm.utg7931.10;evm.utg7931.14	exact_python_fallback
dark_cluster_001289	evm.utg7931.10	evm.utg7931.14	2	evm.utg7931.10;evm.utg7931.14	exact_python_fallback
dark_cluster_001290	utg11905.equina_smart_1469049.mrna1	utg11905.equina_smart_1469049.mrna1	1	utg11905.equina_smart_1469049.mrna1	exact_python_fallback
dark_cluster_001291	evm.utg989.13	evm.utg989.13	1	evm.utg989.13	exact_python_fallback
dark_cluster_001292	evm.utg16180.2	evm.utg16180.2	1	evm.utg16180.2	exact_python_fallback
dark_cluster_001293	evm.utg77.84	evm.utg77.84	1	evm.utg77.84	exact_python_fallback
dark_cluster_001294	evm.utg456.47	evm.utg456.47	1	evm.utg456.47	exact_python_fallback
dark_cluster_001295	evm.utg4271.8	evm.utg4271.8	1	evm.utg4271.8	exact_python_fallback
dark_cluster_001296	evm.utg844.4	evm.utg844.4	1	evm.utg844.4	exact_python_fallback
dark_cluster_001297	utg6938.equina_smart_1793492.mrna1	utg6938.equina_smart_1793492.mrna1	1	utg6938.equina_smart_1793492.mrna1	exact_python_fallback
dark_cluster_001298	evm.utg146.28	evm.utg146.28	1	evm.utg146.28	exact_python_fallback
dark_cluster_001299	evm.utg293.4	evm.utg293.4	1	evm.utg293.4	exact_python_fallback
dark_cluster_001300	evm.utg7840.29	evm.utg7840.29	1	evm.utg7840.29	exact_python_fallback
dark_cluster_001301	evm.utg8672.19	evm.utg8672.19	1	evm.utg8672.19	exact_python_fallback
dark_cluster_001302	evm.utg5184.1	evm.utg5184.1	2	evm.utg5184.1;evm.utg5184.5	exact_python_fallback
dark_cluster_001302	evm.utg5184.1	evm.utg5184.5	2	evm.utg5184.1;evm.utg5184.5	exact_python_fallback
dark_cluster_001303	utg2379.equina_smart_1027244.mrna3	utg2379.equina_smart_1027244.mrna3	1	utg2379.equina_smart_1027244.mrna3	exact_python_fallback
dark_cluster_001304	utg12030.equina_smart_170331.mrna11	utg12030.equina_smart_170331.mrna11	2	utg12030.equina_smart_170331.mrna11;utg401.equina_smart_170331.mrna10	exact_python_fallback
dark_cluster_001304	utg12030.equina_smart_170331.mrna11	utg401.equina_smart_170331.mrna10	2	utg12030.equina_smart_170331.mrna11;utg401.equina_smart_170331.mrna10	exact_python_fallback
dark_cluster_001305	evm.utg975.14	evm.utg975.14	1	evm.utg975.14	exact_python_fallback
dark_cluster_001306	evm.utg2487.52	evm.utg2487.52	1	evm.utg2487.52	exact_python_fallback
dark_cluster_001307	evm.utg5414.41	evm.utg5414.41	1	evm.utg5414.41	exact_python_fallback
dark_cluster_001308	evm.utg707.6	evm.utg707.6	1	evm.utg707.6	exact_python_fallback
dark_cluster_001309	evm.utg2073.19	evm.utg2073.19	1	evm.utg2073.19	exact_python_fallback
dark_cluster_001310	evm.utg3913.12	evm.utg3913.12	1	evm.utg3913.12	exact_python_fallback
dark_cluster_001311	evm.utg3553.1	evm.utg3553.1	2	evm.utg3553.1;evm.utg3553.33	exact_python_fallback
dark_cluster_001311	evm.utg3553.1	evm.utg3553.33	2	evm.utg3553.1;evm.utg3553.33	exact_python_fallback
dark_cluster_001312	evm.utg4907.36	evm.utg4907.36	1	evm.utg4907.36	exact_python_fallback
dark_cluster_001313	evm.utg438.4	evm.utg438.4	1	evm.utg438.4	exact_python_fallback
dark_cluster_001314	utg1925.equina_smart_1642551.mrna1	utg1925.equina_smart_1642551.mrna1	1	utg1925.equina_smart_1642551.mrna1	exact_python_fallback
dark_cluster_001315	utg1565.equina_smart_284488.mrna1	utg1565.equina_smart_284488.mrna1	1	utg1565.equina_smart_284488.mrna1	exact_python_fallback
dark_cluster_001316	evm.utg13959.1	evm.utg13959.1	1	evm.utg13959.1	exact_python_fallback
dark_cluster_001317	evm.utg10.2	evm.utg10.2	1	evm.utg10.2	exact_python_fallback
dark_cluster_001318	evm.utg324.98	evm.utg324.98	1	evm.utg324.98	exact_python_fallback
dark_cluster_001319	utg56.equina_smart_570029.mrna11	utg56.equina_smart_570029.mrna11	1	utg56.equina_smart_570029.mrna11	exact_python_fallback
dark_cluster_001320	utg2200.equina_smart_1442560.mrna2	utg2200.equina_smart_1442560.mrna2	2	utg2200.equina_smart_1442560.mrna2;utg432.equina_smart_1442560.mrna1	exact_python_fallback
dark_cluster_001320	utg2200.equina_smart_1442560.mrna2	utg432.equina_smart_1442560.mrna1	2	utg2200.equina_smart_1442560.mrna2;utg432.equina_smart_1442560.mrna1	exact_python_fallback
dark_cluster_001321	utg14287.equina_smart_570029.mrna10	utg14287.equina_smart_570029.mrna10	6	utg14287.equina_smart_570029.mrna10;utg14412.equina_smart_570029.mrna5;utg2083.equina_smart_570029.mrna3;utg378.equina_smart_570029.mrna6;utg4321.equina_smart_570029.mrna8;utg5817.equina_smart_570029.mrna2	exact_python_fallback
dark_cluster_001321	utg14287.equina_smart_570029.mrna10	utg14412.equina_smart_570029.mrna5	6	utg14287.equina_smart_570029.mrna10;utg14412.equina_smart_570029.mrna5;utg2083.equina_smart_570029.mrna3;utg378.equina_smart_570029.mrna6;utg4321.equina_smart_570029.mrna8;utg5817.equina_smart_570029.mrna2	exact_python_fallback
dark_cluster_001321	utg14287.equina_smart_570029.mrna10	utg2083.equina_smart_570029.mrna3	6	utg14287.equina_smart_570029.mrna10;utg14412.equina_smart_570029.mrna5;utg2083.equina_smart_570029.mrna3;utg378.equina_smart_570029.mrna6;utg4321.equina_smart_570029.mrna8;utg5817.equina_smart_570029.mrna2	exact_python_fallback
dark_cluster_001321	utg14287.equina_smart_570029.mrna10	utg378.equina_smart_570029.mrna6	6	utg14287.equina_smart_570029.mrna10;utg14412.equina_smart_570029.mrna5;utg2083.equina_smart_570029.mrna3;utg378.equina_smart_570029.mrna6;utg4321.equina_smart_570029.mrna8;utg5817.equina_smart_570029.mrna2	exact_python_fallback
dark_cluster_001321	utg14287.equina_smart_570029.mrna10	utg4321.equina_smart_570029.mrna8	6	utg14287.equina_smart_570029.mrna10;utg14412.equina_smart_570029.mrna5;utg2083.equina_smart_570029.mrna3;utg378.equina_smart_570029.mrna6;utg4321.equina_smart_570029.mrna8;utg5817.equina_smart_570029.mrna2	exact_python_fallback
dark_cluster_001321	utg14287.equina_smart_570029.mrna10	utg5817.equina_smart_570029.mrna2	6	utg14287.equina_smart_570029.mrna10;utg14412.equina_smart_570029.mrna5;utg2083.equina_smart_570029.mrna3;utg378.equina_smart_570029.mrna6;utg4321.equina_smart_570029.mrna8;utg5817.equina_smart_570029.mrna2	exact_python_fallback
dark_cluster_001322	utg214.equina_smart_1403628.mrna1	utg214.equina_smart_1403628.mrna1	2	utg214.equina_smart_1403628.mrna1;utg993.equina_smart_1403628.mrna2	exact_python_fallback
dark_cluster_001322	utg214.equina_smart_1403628.mrna1	utg993.equina_smart_1403628.mrna2	2	utg214.equina_smart_1403628.mrna1;utg993.equina_smart_1403628.mrna2	exact_python_fallback
dark_cluster_001323	evm.utg912.28	evm.utg912.28	2	evm.utg912.28;evm.utg912.42	exact_python_fallback
dark_cluster_001323	evm.utg912.28	evm.utg912.42	2	evm.utg912.28;evm.utg912.42	exact_python_fallback
dark_cluster_001324	utg8609.equina_smart_717020.mrna1	utg8609.equina_smart_717020.mrna1	1	utg8609.equina_smart_717020.mrna1	exact_python_fallback
dark_cluster_001325	evm.utg61418.5	evm.utg61418.5	1	evm.utg61418.5	exact_python_fallback
dark_cluster_001326	utg34917.equina_smart_1536488.mrna6	utg34917.equina_smart_1536488.mrna6	1	utg34917.equina_smart_1536488.mrna6	exact_python_fallback
dark_cluster_001327	evm.utg61418.13	evm.utg61418.13	1	evm.utg61418.13	exact_python_fallback
dark_cluster_001328	utg18932.equina_smart_1536488.mrna3	utg18932.equina_smart_1536488.mrna3	2	utg18932.equina_smart_1536488.mrna3;utg4428.equina_smart_1536488.mrna1	exact_python_fallback
dark_cluster_001328	utg18932.equina_smart_1536488.mrna3	utg4428.equina_smart_1536488.mrna1	2	utg18932.equina_smart_1536488.mrna3;utg4428.equina_smart_1536488.mrna1	exact_python_fallback
dark_cluster_001329	utg126.equina_smart_1481573.mrna2	utg126.equina_smart_1481573.mrna2	1	utg126.equina_smart_1481573.mrna2	exact_python_fallback
dark_cluster_001330	utg4130.equina_smart_1481573.mrna1	utg4130.equina_smart_1481573.mrna1	1	utg4130.equina_smart_1481573.mrna1	exact_python_fallback
dark_cluster_001331	utg18932.equina_smart_1461636.mrna4	utg18932.equina_smart_1461636.mrna4	1	utg18932.equina_smart_1461636.mrna4	exact_python_fallback
dark_cluster_001332	evm.utg1091.1	evm.utg1091.1	1	evm.utg1091.1	exact_python_fallback
dark_cluster_001333	utg1931.equina_smart_966757.mrna1	utg1931.equina_smart_966757.mrna1	1	utg1931.equina_smart_966757.mrna1	exact_python_fallback
dark_cluster_001334	evm.utg298.91	evm.utg298.91	1	evm.utg298.91	exact_python_fallback
dark_cluster_001335	utg1285.equina_smart_1757869.mrna1	utg1285.equina_smart_1757869.mrna1	1	utg1285.equina_smart_1757869.mrna1	exact_python_fallback
dark_cluster_001336	evm.utg1378.28	evm.utg1378.28	1	evm.utg1378.28	exact_python_fallback
dark_cluster_001337	evm.utg3292.39	evm.utg3292.39	1	evm.utg3292.39	exact_python_fallback
dark_cluster_001338	utg16443.equina_smart_1339172.mrna1	utg16443.equina_smart_1339172.mrna1	1	utg16443.equina_smart_1339172.mrna1	exact_python_fallback
dark_cluster_001339	evm.utg276.17	evm.utg276.17	3	evm.utg276.17;evm.utg276.40;evm.utg276.46	exact_python_fallback
dark_cluster_001339	evm.utg276.17	evm.utg276.40	3	evm.utg276.17;evm.utg276.40;evm.utg276.46	exact_python_fallback
dark_cluster_001339	evm.utg276.17	evm.utg276.46	3	evm.utg276.17;evm.utg276.40;evm.utg276.46	exact_python_fallback
dark_cluster_001340	utg181.equina_smart_787506.mrna1	utg181.equina_smart_787506.mrna1	1	utg181.equina_smart_787506.mrna1	exact_python_fallback
dark_cluster_001341	utg1205.equina_smart_1139456.mrna5	utg1205.equina_smart_1139456.mrna5	5	utg1205.equina_smart_1139456.mrna5;utg3329.equina_smart_1139456.mrna6;utg3884.equina_smart_1139456.mrna4;utg4207.equina_smart_1139456.mrna2;utg55.equina_smart_1139456.mrna1	exact_python_fallback
dark_cluster_001341	utg1205.equina_smart_1139456.mrna5	utg3329.equina_smart_1139456.mrna6	5	utg1205.equina_smart_1139456.mrna5;utg3329.equina_smart_1139456.mrna6;utg3884.equina_smart_1139456.mrna4;utg4207.equina_smart_1139456.mrna2;utg55.equina_smart_1139456.mrna1	exact_python_fallback
dark_cluster_001341	utg1205.equina_smart_1139456.mrna5	utg3884.equina_smart_1139456.mrna4	5	utg1205.equina_smart_1139456.mrna5;utg3329.equina_smart_1139456.mrna6;utg3884.equina_smart_1139456.mrna4;utg4207.equina_smart_1139456.mrna2;utg55.equina_smart_1139456.mrna1	exact_python_fallback
dark_cluster_001341	utg1205.equina_smart_1139456.mrna5	utg4207.equina_smart_1139456.mrna2	5	utg1205.equina_smart_1139456.mrna5;utg3329.equina_smart_1139456.mrna6;utg3884.equina_smart_1139456.mrna4;utg4207.equina_smart_1139456.mrna2;utg55.equina_smart_1139456.mrna1	exact_python_fallback
dark_cluster_001341	utg1205.equina_smart_1139456.mrna5	utg55.equina_smart_1139456.mrna1	5	utg1205.equina_smart_1139456.mrna5;utg3329.equina_smart_1139456.mrna6;utg3884.equina_smart_1139456.mrna4;utg4207.equina_smart_1139456.mrna2;utg55.equina_smart_1139456.mrna1	exact_python_fallback
dark_cluster_001342	evm.utg28028.4	evm.utg28028.4	1	evm.utg28028.4	exact_python_fallback
dark_cluster_001343	evm.utg12875.17	evm.utg12875.17	1	evm.utg12875.17	exact_python_fallback
dark_cluster_001344	evm.utg6379.19	evm.utg6379.19	1	evm.utg6379.19	exact_python_fallback
dark_cluster_001345	utg13.evm.utg464.87.mrna4	utg13.evm.utg464.87.mrna4	2	utg13.evm.utg464.87.mrna4;utg625.evm.utg464.87.mrna5	exact_python_fallback
dark_cluster_001345	utg13.evm.utg464.87.mrna4	utg625.evm.utg464.87.mrna5	2	utg13.evm.utg464.87.mrna4;utg625.evm.utg464.87.mrna5	exact_python_fallback
dark_cluster_001346	evm.utg48.61	evm.utg48.61	1	evm.utg48.61	exact_python_fallback
dark_cluster_001347	evm.utg5246.29	evm.utg5246.29	1	evm.utg5246.29	exact_python_fallback
dark_cluster_001348	utg25321.evm.utg382.41.mrna2	utg25321.evm.utg382.41.mrna2	1	utg25321.evm.utg382.41.mrna2	exact_python_fallback
dark_cluster_001349	evm.utg382.41	evm.utg382.41	1	evm.utg382.41	exact_python_fallback
dark_cluster_001350	evm.utg4567.22	evm.utg4567.22	1	evm.utg4567.22	exact_python_fallback
dark_cluster_001351	evm.utg276.43	evm.utg276.43	1	evm.utg276.43	exact_python_fallback
dark_cluster_001352	evm.utg1022.66	evm.utg1022.66	1	evm.utg1022.66	exact_python_fallback
dark_cluster_001353	evm.utg1910.103	evm.utg1910.103	1	evm.utg1910.103	exact_python_fallback
dark_cluster_001354	utg27568.equina_smart_1746049.mrna2	utg27568.equina_smart_1746049.mrna2	3	utg27568.equina_smart_1746049.mrna2;utg60048.equina_smart_1746049.mrna3;utg60048.equina_smart_1746049.mrna4	exact_python_fallback
dark_cluster_001354	utg27568.equina_smart_1746049.mrna2	utg60048.equina_smart_1746049.mrna3	3	utg27568.equina_smart_1746049.mrna2;utg60048.equina_smart_1746049.mrna3;utg60048.equina_smart_1746049.mrna4	exact_python_fallback
dark_cluster_001354	utg27568.equina_smart_1746049.mrna2	utg60048.equina_smart_1746049.mrna4	3	utg27568.equina_smart_1746049.mrna2;utg60048.equina_smart_1746049.mrna3;utg60048.equina_smart_1746049.mrna4	exact_python_fallback
dark_cluster_001355	evm.utg55.65	evm.utg55.65	1	evm.utg55.65	exact_python_fallback
dark_cluster_001356	evm.utg10156.6	evm.utg10156.6	1	evm.utg10156.6	exact_python_fallback
dark_cluster_001357	evm.utg3199.38	evm.utg3199.38	1	evm.utg3199.38	exact_python_fallback
dark_cluster_001358	evm.utg2379.28	evm.utg2379.28	1	evm.utg2379.28	exact_python_fallback
dark_cluster_001359	utg2216.equina_smart_1074275.mrna1	utg2216.equina_smart_1074275.mrna1	1	utg2216.equina_smart_1074275.mrna1	exact_python_fallback
dark_cluster_001360	evm.utg3891.20	evm.utg3891.20	1	evm.utg3891.20	exact_python_fallback
dark_cluster_001361	evm.utg536.80	evm.utg536.80	1	evm.utg536.80	exact_python_fallback
dark_cluster_001362	evm.utg1648.51	evm.utg1648.51	1	evm.utg1648.51	exact_python_fallback
dark_cluster_001363	evm.utg8609.20	evm.utg8609.20	2	evm.utg8609.20;evm.utg8609.22	exact_python_fallback
dark_cluster_001363	evm.utg8609.20	evm.utg8609.22	2	evm.utg8609.20;evm.utg8609.22	exact_python_fallback
dark_cluster_001364	evm.utg785.24	evm.utg785.24	1	evm.utg785.24	exact_python_fallback
dark_cluster_001365	evm.utg78.1	evm.utg78.1	8	evm.utg78.1;evm.utg78.103;evm.utg78.48;evm.utg78.57;evm.utg78.64;evm.utg78.7;evm.utg78.94;evm.utg78.97	exact_python_fallback
dark_cluster_001365	evm.utg78.1	evm.utg78.103	8	evm.utg78.1;evm.utg78.103;evm.utg78.48;evm.utg78.57;evm.utg78.64;evm.utg78.7;evm.utg78.94;evm.utg78.97	exact_python_fallback
dark_cluster_001365	evm.utg78.1	evm.utg78.48	8	evm.utg78.1;evm.utg78.103;evm.utg78.48;evm.utg78.57;evm.utg78.64;evm.utg78.7;evm.utg78.94;evm.utg78.97	exact_python_fallback
dark_cluster_001365	evm.utg78.1	evm.utg78.57	8	evm.utg78.1;evm.utg78.103;evm.utg78.48;evm.utg78.57;evm.utg78.64;evm.utg78.7;evm.utg78.94;evm.utg78.97	exact_python_fallback
dark_cluster_001365	evm.utg78.1	evm.utg78.64	8	evm.utg78.1;evm.utg78.103;evm.utg78.48;evm.utg78.57;evm.utg78.64;evm.utg78.7;evm.utg78.94;evm.utg78.97	exact_python_fallback
dark_cluster_001365	evm.utg78.1	evm.utg78.7	8	evm.utg78.1;evm.utg78.103;evm.utg78.48;evm.utg78.57;evm.utg78.64;evm.utg78.7;evm.utg78.94;evm.utg78.97	exact_python_fallback
dark_cluster_001365	evm.utg78.1	evm.utg78.94	8	evm.utg78.1;evm.utg78.103;evm.utg78.48;evm.utg78.57;evm.utg78.64;evm.utg78.7;evm.utg78.94;evm.utg78.97	exact_python_fallback
dark_cluster_001365	evm.utg78.1	evm.utg78.97	8	evm.utg78.1;evm.utg78.103;evm.utg78.48;evm.utg78.57;evm.utg78.64;evm.utg78.7;evm.utg78.94;evm.utg78.97	exact_python_fallback
dark_cluster_001366	evm.utg579.8	evm.utg579.8	1	evm.utg579.8	exact_python_fallback
dark_cluster_001367	evm.utg2932.42	evm.utg2932.42	1	evm.utg2932.42	exact_python_fallback
dark_cluster_001368	utg214.equina_smart_1709976.mrna1	utg214.equina_smart_1709976.mrna1	1	utg214.equina_smart_1709976.mrna1	exact_python_fallback
dark_cluster_001369	evm.utg479.155	evm.utg479.155	1	evm.utg479.155	exact_python_fallback
dark_cluster_001370	utg203.equina_smart_84905.mrna1	utg203.equina_smart_84905.mrna1	1	utg203.equina_smart_84905.mrna1	exact_python_fallback
dark_cluster_001371	evm.utg48491.2	evm.utg48491.2	1	evm.utg48491.2	exact_python_fallback
dark_cluster_001372	evm.utg607.51	evm.utg607.51	1	evm.utg607.51	exact_python_fallback
dark_cluster_001373	evm.utg14731.9	evm.utg14731.9	1	evm.utg14731.9	exact_python_fallback
dark_cluster_001374	evm.utg6334.10	evm.utg6334.10	1	evm.utg6334.10	exact_python_fallback
dark_cluster_001375	utg861.equina_smart_795545.mrna1	utg861.equina_smart_795545.mrna1	1	utg861.equina_smart_795545.mrna1	exact_python_fallback
dark_cluster_001376	evm.utg7595.47	evm.utg7595.47	1	evm.utg7595.47	exact_python_fallback
dark_cluster_001377	evm.utg881.7	evm.utg881.7	1	evm.utg881.7	exact_python_fallback
dark_cluster_001378	utg891.equina_smart_1425944.mrna1	utg891.equina_smart_1425944.mrna1	1	utg891.equina_smart_1425944.mrna1	exact_python_fallback
dark_cluster_001379	utg116.equina_smart_995011.mrna1	utg116.equina_smart_995011.mrna1	1	utg116.equina_smart_995011.mrna1	exact_python_fallback
dark_cluster_001380	utg7.equina_smart_1391965.mrna7	utg7.equina_smart_1391965.mrna7	1	utg7.equina_smart_1391965.mrna7	exact_python_fallback
dark_cluster_001381	evm.utg532.17	evm.utg532.17	1	evm.utg532.17	exact_python_fallback
dark_cluster_001382	utg2205.equina_smart_1890958.mrna2	utg2205.equina_smart_1890958.mrna2	1	utg2205.equina_smart_1890958.mrna2	exact_python_fallback
dark_cluster_001383	evm.utg10114.3	evm.utg10114.3	1	evm.utg10114.3	exact_python_fallback
dark_cluster_001384	evm.utg25450.13	evm.utg25450.13	1	evm.utg25450.13	exact_python_fallback
dark_cluster_001385	evm.utg4318.36	evm.utg4318.36	1	evm.utg4318.36	exact_python_fallback
dark_cluster_001386	evm.utg935.12	evm.utg935.12	1	evm.utg935.12	exact_python_fallback
dark_cluster_001387	evm.utg300.28	evm.utg300.28	2	evm.utg300.28;evm.utg300.72	exact_python_fallback
dark_cluster_001387	evm.utg300.28	evm.utg300.72	2	evm.utg300.28;evm.utg300.72	exact_python_fallback
dark_cluster_001388	evm.utg1337.3	evm.utg1337.3	1	evm.utg1337.3	exact_python_fallback
dark_cluster_001389	evm.utg1900.24	evm.utg1900.24	1	evm.utg1900.24	exact_python_fallback
dark_cluster_001390	utg1579.equina_smart_1020767.mrna1	utg1579.equina_smart_1020767.mrna1	1	utg1579.equina_smart_1020767.mrna1	exact_python_fallback
dark_cluster_001391	evm.utg109.102	evm.utg109.102	1	evm.utg109.102	exact_python_fallback
dark_cluster_001392	evm.utg8726.16	evm.utg8726.16	1	evm.utg8726.16	exact_python_fallback
dark_cluster_001393	evm.utg221.39	evm.utg221.39	1	evm.utg221.39	exact_python_fallback
dark_cluster_001394	utg3870.equina_smart_53080.mrna2	utg3870.equina_smart_53080.mrna2	1	utg3870.equina_smart_53080.mrna2	exact_python_fallback
dark_cluster_001395	utg14021.equina_smart_51086.mrna9	utg14021.equina_smart_51086.mrna9	1	utg14021.equina_smart_51086.mrna9	exact_python_fallback
dark_cluster_001396	evm.utg8820.1	evm.utg8820.1	2	evm.utg8820.1;evm.utg8820.3	exact_python_fallback
dark_cluster_001396	evm.utg8820.1	evm.utg8820.3	2	evm.utg8820.1;evm.utg8820.3	exact_python_fallback
dark_cluster_001397	evm.utg116.232	evm.utg116.232	1	evm.utg116.232	exact_python_fallback
dark_cluster_001398	evm.utg7244.31	evm.utg7244.31	1	evm.utg7244.31	exact_python_fallback
dark_cluster_001399	evm.utg54.46	evm.utg54.46	1	evm.utg54.46	exact_python_fallback
dark_cluster_001400	evm.utg16030.1	evm.utg16030.1	4	evm.utg16030.1;evm.utg16030.3;evm.utg16030.7;evm.utg16030.8	exact_python_fallback
dark_cluster_001400	evm.utg16030.1	evm.utg16030.3	4	evm.utg16030.1;evm.utg16030.3;evm.utg16030.7;evm.utg16030.8	exact_python_fallback
dark_cluster_001400	evm.utg16030.1	evm.utg16030.7	4	evm.utg16030.1;evm.utg16030.3;evm.utg16030.7;evm.utg16030.8	exact_python_fallback
dark_cluster_001400	evm.utg16030.1	evm.utg16030.8	4	evm.utg16030.1;evm.utg16030.3;evm.utg16030.7;evm.utg16030.8	exact_python_fallback
dark_cluster_001401	evm.utg95251.5	evm.utg95251.5	1	evm.utg95251.5	exact_python_fallback
dark_cluster_001402	evm.utg338.10	evm.utg338.10	1	evm.utg338.10	exact_python_fallback
dark_cluster_001403	evm.utg2024.29	evm.utg2024.29	1	evm.utg2024.29	exact_python_fallback
dark_cluster_001404	evm.utg13959.14	evm.utg13959.14	1	evm.utg13959.14	exact_python_fallback
dark_cluster_001405	evm.utg5950.43	evm.utg5950.43	1	evm.utg5950.43	exact_python_fallback
dark_cluster_001406	evm.utg855.15	evm.utg855.15	1	evm.utg855.15	exact_python_fallback
dark_cluster_001407	utg4872.equina_smart_1785715.mrna1	utg4872.equina_smart_1785715.mrna1	1	utg4872.equina_smart_1785715.mrna1	exact_python_fallback
dark_cluster_001408	evm.utg479.43	evm.utg479.43	1	evm.utg479.43	exact_python_fallback
dark_cluster_001409	utg3467.equina_smart_1102672.mrna2	utg3467.equina_smart_1102672.mrna2	1	utg3467.equina_smart_1102672.mrna2	exact_python_fallback
dark_cluster_001410	evm.utg219.9	evm.utg219.9	1	evm.utg219.9	exact_python_fallback
dark_cluster_001411	utg372.equina_smart_921767.mrna1	utg372.equina_smart_921767.mrna1	1	utg372.equina_smart_921767.mrna1	exact_python_fallback
dark_cluster_001412	evm.utg6976.17	evm.utg6976.17	1	evm.utg6976.17	exact_python_fallback
dark_cluster_001413	evm.utg1201.26	evm.utg1201.26	1	evm.utg1201.26	exact_python_fallback
dark_cluster_001414	evm.utg3697.9	evm.utg3697.9	1	evm.utg3697.9	exact_python_fallback
dark_cluster_001415	evm.utg12897.1	evm.utg12897.1	2	evm.utg12897.1;evm.utg12897.2	exact_python_fallback
dark_cluster_001415	evm.utg12897.1	evm.utg12897.2	2	evm.utg12897.1;evm.utg12897.2	exact_python_fallback
dark_cluster_001416	evm.utg1962.21	evm.utg1962.21	1	evm.utg1962.21	exact_python_fallback
dark_cluster_001417	evm.utg1962.22	evm.utg1962.22	1	evm.utg1962.22	exact_python_fallback
dark_cluster_001418	evm.utg18855.9	evm.utg18855.9	1	evm.utg18855.9	exact_python_fallback
dark_cluster_001419	evm.utg25769.8	evm.utg25769.8	1	evm.utg25769.8	exact_python_fallback
dark_cluster_001420	evm.utg1683.21	evm.utg1683.21	1	evm.utg1683.21	exact_python_fallback
dark_cluster_001421	evm.utg3487.21	evm.utg3487.21	2	evm.utg3487.21;evm.utg3487.33	exact_python_fallback
dark_cluster_001421	evm.utg3487.21	evm.utg3487.33	2	evm.utg3487.21;evm.utg3487.33	exact_python_fallback
dark_cluster_001422	utg577.equina_smart_1850082.mrna1	utg577.equina_smart_1850082.mrna1	1	utg577.equina_smart_1850082.mrna1	exact_python_fallback
dark_cluster_001423	evm.utg5960.24	evm.utg5960.24	1	evm.utg5960.24	exact_python_fallback
dark_cluster_001424	utg9769.equina_smart_1467033.mrna1	utg9769.equina_smart_1467033.mrna1	1	utg9769.equina_smart_1467033.mrna1	exact_python_fallback
dark_cluster_001425	evm.utg9313.34	evm.utg9313.34	1	evm.utg9313.34	exact_python_fallback
dark_cluster_001426	evm.utg12655.25	evm.utg12655.25	1	evm.utg12655.25	exact_python_fallback
dark_cluster_001427	utg6392.equina_smart_1534165.mrna12	utg6392.equina_smart_1534165.mrna12	1	utg6392.equina_smart_1534165.mrna12	exact_python_fallback
dark_cluster_001428	utg1272.equina_smart_1431727.mrna1	utg1272.equina_smart_1431727.mrna1	1	utg1272.equina_smart_1431727.mrna1	exact_python_fallback
dark_cluster_001429	utg2007.equina_smart_1368288.mrna1	utg2007.equina_smart_1368288.mrna1	1	utg2007.equina_smart_1368288.mrna1	exact_python_fallback
dark_cluster_001430	utg379.equina_smart_1410542.mrna1	utg379.equina_smart_1410542.mrna1	1	utg379.equina_smart_1410542.mrna1	exact_python_fallback
dark_cluster_001431	evm.utg5294.31	evm.utg5294.31	1	evm.utg5294.31	exact_python_fallback
dark_cluster_001432	evm.utg4082.69	evm.utg4082.69	1	evm.utg4082.69	exact_python_fallback
dark_cluster_001433	evm.utg1271.50	evm.utg1271.50	1	evm.utg1271.50	exact_python_fallback
dark_cluster_001434	evm.utg1079.39	evm.utg1079.39	1	evm.utg1079.39	exact_python_fallback
dark_cluster_001435	evm.utg1230.15	evm.utg1230.15	1	evm.utg1230.15	exact_python_fallback
dark_cluster_001436	evm.utg1253.8	evm.utg1253.8	1	evm.utg1253.8	exact_python_fallback
dark_cluster_001437	evm.utg1654.14	evm.utg1654.14	1	evm.utg1654.14	exact_python_fallback
dark_cluster_001438	evm.utg7595.53	evm.utg7595.53	1	evm.utg7595.53	exact_python_fallback
dark_cluster_001439	evm.utg622.27	evm.utg622.27	1	evm.utg622.27	exact_python_fallback
dark_cluster_001440	evm.utg6958.38	evm.utg6958.38	1	evm.utg6958.38	exact_python_fallback
dark_cluster_001441	evm.utg18927.31	evm.utg18927.31	4	evm.utg18927.31;evm.utg18927.37;evm.utg18927.44;evm.utg18927.8	exact_python_fallback
dark_cluster_001441	evm.utg18927.31	evm.utg18927.37	4	evm.utg18927.31;evm.utg18927.37;evm.utg18927.44;evm.utg18927.8	exact_python_fallback
dark_cluster_001441	evm.utg18927.31	evm.utg18927.44	4	evm.utg18927.31;evm.utg18927.37;evm.utg18927.44;evm.utg18927.8	exact_python_fallback
dark_cluster_001441	evm.utg18927.31	evm.utg18927.8	4	evm.utg18927.31;evm.utg18927.37;evm.utg18927.44;evm.utg18927.8	exact_python_fallback
dark_cluster_001442	evm.utg19356.7	evm.utg19356.7	1	evm.utg19356.7	exact_python_fallback
dark_cluster_001443	evm.utg15960.5	evm.utg15960.5	1	evm.utg15960.5	exact_python_fallback
dark_cluster_001444	utg788.equina_smart_1304037.mrna1	utg788.equina_smart_1304037.mrna1	1	utg788.equina_smart_1304037.mrna1	exact_python_fallback
dark_cluster_001445	evm.utg15522.7	evm.utg15522.7	1	evm.utg15522.7	exact_python_fallback
dark_cluster_001446	evm.utg861.113	evm.utg861.113	4	evm.utg861.113;evm.utg861.136;evm.utg861.2;evm.utg861.85	exact_python_fallback
dark_cluster_001446	evm.utg861.113	evm.utg861.136	4	evm.utg861.113;evm.utg861.136;evm.utg861.2;evm.utg861.85	exact_python_fallback
dark_cluster_001446	evm.utg861.113	evm.utg861.2	4	evm.utg861.113;evm.utg861.136;evm.utg861.2;evm.utg861.85	exact_python_fallback
dark_cluster_001446	evm.utg861.113	evm.utg861.85	4	evm.utg861.113;evm.utg861.136;evm.utg861.2;evm.utg861.85	exact_python_fallback
dark_cluster_001447	evm.utg116.303	evm.utg116.303	1	evm.utg116.303	exact_python_fallback
dark_cluster_001448	evm.utg1517.19	evm.utg1517.19	1	evm.utg1517.19	exact_python_fallback
dark_cluster_001449	evm.utg378.102	evm.utg378.102	3	evm.utg378.102;evm.utg378.150;evm.utg378.45	exact_python_fallback
dark_cluster_001449	evm.utg378.102	evm.utg378.150	3	evm.utg378.102;evm.utg378.150;evm.utg378.45	exact_python_fallback
dark_cluster_001449	evm.utg378.102	evm.utg378.45	3	evm.utg378.102;evm.utg378.150;evm.utg378.45	exact_python_fallback
dark_cluster_001450	evm.utg3380.16	evm.utg3380.16	1	evm.utg3380.16	exact_python_fallback
dark_cluster_001451	evm.utg320.15	evm.utg320.15	2	evm.utg320.15;evm.utg320.41	exact_python_fallback
dark_cluster_001451	evm.utg320.15	evm.utg320.41	2	evm.utg320.15;evm.utg320.41	exact_python_fallback
dark_cluster_001452	utg109.equina_smart_1097430.mrna1	utg109.equina_smart_1097430.mrna1	1	utg109.equina_smart_1097430.mrna1	exact_python_fallback
dark_cluster_001453	evm.utg4613.12	evm.utg4613.12	1	evm.utg4613.12	exact_python_fallback
dark_cluster_001454	utg324.equina_smart_89491.mrna1	utg324.equina_smart_89491.mrna1	1	utg324.equina_smart_89491.mrna1	exact_python_fallback
dark_cluster_001455	evm.utg5157.19	evm.utg5157.19	1	evm.utg5157.19	exact_python_fallback
dark_cluster_001456	evm.utg39996.5	evm.utg39996.5	1	evm.utg39996.5	exact_python_fallback
dark_cluster_001457	utg735.equina_smart_1605063.mrna1	utg735.equina_smart_1605063.mrna1	1	utg735.equina_smart_1605063.mrna1	exact_python_fallback
dark_cluster_001458	evm.utg464.157	evm.utg464.157	1	evm.utg464.157	exact_python_fallback
dark_cluster_001459	evm.utg7522.2	evm.utg7522.2	1	evm.utg7522.2	exact_python_fallback
dark_cluster_001460	evm.utg109.104	evm.utg109.104	1	evm.utg109.104	exact_python_fallback
dark_cluster_001461	utg415.equina_smart_1412569.mrna1	utg415.equina_smart_1412569.mrna1	1	utg415.equina_smart_1412569.mrna1	exact_python_fallback
dark_cluster_001462	evm.utg221.30	evm.utg221.30	1	evm.utg221.30	exact_python_fallback
dark_cluster_001463	evm.utg48.53	evm.utg48.53	1	evm.utg48.53	exact_python_fallback
dark_cluster_001464	evm.utg2274.7	evm.utg2274.7	1	evm.utg2274.7	exact_python_fallback
dark_cluster_001465	evm.utg3022.12	evm.utg3022.12	1	evm.utg3022.12	exact_python_fallback
dark_cluster_001466	evm.utg372.33	evm.utg372.33	1	evm.utg372.33	exact_python_fallback
dark_cluster_001467	evm.utg5950.42	evm.utg5950.42	1	evm.utg5950.42	exact_python_fallback
dark_cluster_001468	utg590.equina_smart_47406.mrna2	utg590.equina_smart_47406.mrna2	1	utg590.equina_smart_47406.mrna2	exact_python_fallback
dark_cluster_001469	evm.utg3174.1	evm.utg3174.1	1	evm.utg3174.1	exact_python_fallback
dark_cluster_001470	evm.utg761.24	evm.utg761.24	1	evm.utg761.24	exact_python_fallback
dark_cluster_001471	evm.utg498.33	evm.utg498.33	1	evm.utg498.33	exact_python_fallback
dark_cluster_001472	utg172.equina_smart_1401759.mrna1	utg172.equina_smart_1401759.mrna1	1	utg172.equina_smart_1401759.mrna1	exact_python_fallback
dark_cluster_001473	utg84504.equina_smart_1537813.mrna5	utg84504.equina_smart_1537813.mrna5	1	utg84504.equina_smart_1537813.mrna5	exact_python_fallback
dark_cluster_001474	utg15585.equina_smart_1471857.mrna1	utg15585.equina_smart_1471857.mrna1	1	utg15585.equina_smart_1471857.mrna1	exact_python_fallback
dark_cluster_001475	utg1498.equina_smart_1471857.mrna2	utg1498.equina_smart_1471857.mrna2	1	utg1498.equina_smart_1471857.mrna2	exact_python_fallback
dark_cluster_001476	utg18506.equina_smart_1532260.mrna2	utg18506.equina_smart_1532260.mrna2	1	utg18506.equina_smart_1532260.mrna2	exact_python_fallback
dark_cluster_001477	evm.utg2526.13	evm.utg2526.13	1	evm.utg2526.13	exact_python_fallback
dark_cluster_001478	evm.utg2417.26	evm.utg2417.26	1	evm.utg2417.26	exact_python_fallback
dark_cluster_001479	evm.utg1498.13	evm.utg1498.13	1	evm.utg1498.13	exact_python_fallback
dark_cluster_001480	evm.utg379.30	evm.utg379.30	2	evm.utg379.30;evm.utg379.77	exact_python_fallback
dark_cluster_001480	evm.utg379.30	evm.utg379.77	2	evm.utg379.30;evm.utg379.77	exact_python_fallback
dark_cluster_001481	evm.utg7179.1	evm.utg7179.1	3	evm.utg7179.1;evm.utg7179.16;evm.utg7179.5	exact_python_fallback
dark_cluster_001481	evm.utg7179.1	evm.utg7179.16	3	evm.utg7179.1;evm.utg7179.16;evm.utg7179.5	exact_python_fallback
dark_cluster_001481	evm.utg7179.1	evm.utg7179.5	3	evm.utg7179.1;evm.utg7179.16;evm.utg7179.5	exact_python_fallback
dark_cluster_001482	evm.utg104.45	evm.utg104.45	1	evm.utg104.45	exact_python_fallback
dark_cluster_001483	utg820.evm.utg24438.23.mrna8	utg820.evm.utg24438.23.mrna8	1	utg820.evm.utg24438.23.mrna8	exact_python_fallback
dark_cluster_001484	utg580.evm.utg24438.23.mrna3	utg580.evm.utg24438.23.mrna3	1	utg580.evm.utg24438.23.mrna3	exact_python_fallback
dark_cluster_001485	evm.utg24438.23	evm.utg24438.23	1	evm.utg24438.23	exact_python_fallback
dark_cluster_001486	evm.utg8380.15	evm.utg8380.15	1	evm.utg8380.15	exact_python_fallback
dark_cluster_001487	evm.utg2083.33	evm.utg2083.33	1	evm.utg2083.33	exact_python_fallback
dark_cluster_001488	evm.utg173190.2	evm.utg173190.2	1	evm.utg173190.2	exact_python_fallback
dark_cluster_001489	evm.utg9902.10	evm.utg9902.10	1	evm.utg9902.10	exact_python_fallback
dark_cluster_001490	evm.utg695.3	evm.utg695.3	1	evm.utg695.3	exact_python_fallback
dark_cluster_001491	evm.utg125.57	evm.utg125.57	1	evm.utg125.57	exact_python_fallback
dark_cluster_001492	evm.utg4271.60	evm.utg4271.60	1	evm.utg4271.60	exact_python_fallback
dark_cluster_001493	utg64.equina_smart_1394916.mrna1	utg64.equina_smart_1394916.mrna1	1	utg64.equina_smart_1394916.mrna1	exact_python_fallback
dark_cluster_001494	utg5073.equina_smart_1457512.mrna1	utg5073.equina_smart_1457512.mrna1	1	utg5073.equina_smart_1457512.mrna1	exact_python_fallback
dark_cluster_001495	utg4605.equina_smart_1456009.mrna1	utg4605.equina_smart_1456009.mrna1	1	utg4605.equina_smart_1456009.mrna1	exact_python_fallback
dark_cluster_001496	evm.utg5950.41	evm.utg5950.41	1	evm.utg5950.41	exact_python_fallback
dark_cluster_001497	evm.utg479.184	evm.utg479.184	1	evm.utg479.184	exact_python_fallback
dark_cluster_001498	utg435.equina_smart_56444.mrna1	utg435.equina_smart_56444.mrna1	1	utg435.equina_smart_56444.mrna1	exact_python_fallback
dark_cluster_001499	evm.utg411.64	evm.utg411.64	1	evm.utg411.64	exact_python_fallback
dark_cluster_001500	evm.utg790.19	evm.utg790.19	1	evm.utg790.19	exact_python_fallback
dark_cluster_001501	evm.utg1205.109	evm.utg1205.109	1	evm.utg1205.109	exact_python_fallback
dark_cluster_001502	evm.utg1056.90	evm.utg1056.90	1	evm.utg1056.90	exact_python_fallback
dark_cluster_001503	evm.utg7840.73	evm.utg7840.73	1	evm.utg7840.73	exact_python_fallback
dark_cluster_001504	evm.utg126.172	evm.utg126.172	1	evm.utg126.172	exact_python_fallback
dark_cluster_001505	evm.utg286.12	evm.utg286.12	3	evm.utg286.12;evm.utg286.29;evm.utg286.3	exact_python_fallback
dark_cluster_001505	evm.utg286.12	evm.utg286.29	3	evm.utg286.12;evm.utg286.29;evm.utg286.3	exact_python_fallback
dark_cluster_001505	evm.utg286.12	evm.utg286.3	3	evm.utg286.12;evm.utg286.29;evm.utg286.3	exact_python_fallback
dark_cluster_001506	evm.utg1056.73	evm.utg1056.73	1	evm.utg1056.73	exact_python_fallback
dark_cluster_001507	evm.utg6078.20	evm.utg6078.20	1	evm.utg6078.20	exact_python_fallback
dark_cluster_001508	evm.utg109.53	evm.utg109.53	1	evm.utg109.53	exact_python_fallback
dark_cluster_001509	evm.utg693.72	evm.utg693.72	1	evm.utg693.72	exact_python_fallback
dark_cluster_001510	evm.utg8181.15	evm.utg8181.15	2	evm.utg8181.15;evm.utg8181.5	exact_python_fallback
dark_cluster_001510	evm.utg8181.15	evm.utg8181.5	2	evm.utg8181.15;evm.utg8181.5	exact_python_fallback
dark_cluster_001511	evm.utg1575.15	evm.utg1575.15	2	evm.utg1575.15;evm.utg1575.32	exact_python_fallback
dark_cluster_001511	evm.utg1575.15	evm.utg1575.32	2	evm.utg1575.15;evm.utg1575.32	exact_python_fallback
dark_cluster_001512	evm.utg320.72	evm.utg320.72	1	evm.utg320.72	exact_python_fallback
dark_cluster_001513	evm.utg2129.8	evm.utg2129.8	1	evm.utg2129.8	exact_python_fallback
dark_cluster_001514	evm.utg2083.72	evm.utg2083.72	1	evm.utg2083.72	exact_python_fallback
dark_cluster_001515	evm.utg479.152	evm.utg479.152	1	evm.utg479.152	exact_python_fallback
dark_cluster_001516	evm.utg109.71	evm.utg109.71	1	evm.utg109.71	exact_python_fallback
dark_cluster_001517	evm.utg338.15	evm.utg338.15	1	evm.utg338.15	exact_python_fallback
dark_cluster_001518	evm.utg31363.25	evm.utg31363.25	1	evm.utg31363.25	exact_python_fallback
dark_cluster_001519	evm.utg20788.8	evm.utg20788.8	1	evm.utg20788.8	exact_python_fallback
dark_cluster_001520	utg144.equina_smart_239275.mrna1	utg144.equina_smart_239275.mrna1	1	utg144.equina_smart_239275.mrna1	exact_python_fallback
dark_cluster_001521	evm.utg3870.18	evm.utg3870.18	1	evm.utg3870.18	exact_python_fallback
dark_cluster_001522	evm.utg3090.1	evm.utg3090.1	13	evm.utg3090.1;evm.utg3090.10;evm.utg3090.12;evm.utg3090.14;evm.utg3090.18;evm.utg3090.27;evm.utg3090.29;evm.utg3090.30;evm.utg3090.4;evm.utg3090.44;evm.utg3090.46;evm.utg3090.49;evm.utg3090.9	exact_python_fallback
dark_cluster_001522	evm.utg3090.1	evm.utg3090.10	13	evm.utg3090.1;evm.utg3090.10;evm.utg3090.12;evm.utg3090.14;evm.utg3090.18;evm.utg3090.27;evm.utg3090.29;evm.utg3090.30;evm.utg3090.4;evm.utg3090.44;evm.utg3090.46;evm.utg3090.49;evm.utg3090.9	exact_python_fallback
dark_cluster_001522	evm.utg3090.1	evm.utg3090.12	13	evm.utg3090.1;evm.utg3090.10;evm.utg3090.12;evm.utg3090.14;evm.utg3090.18;evm.utg3090.27;evm.utg3090.29;evm.utg3090.30;evm.utg3090.4;evm.utg3090.44;evm.utg3090.46;evm.utg3090.49;evm.utg3090.9	exact_python_fallback
dark_cluster_001522	evm.utg3090.1	evm.utg3090.14	13	evm.utg3090.1;evm.utg3090.10;evm.utg3090.12;evm.utg3090.14;evm.utg3090.18;evm.utg3090.27;evm.utg3090.29;evm.utg3090.30;evm.utg3090.4;evm.utg3090.44;evm.utg3090.46;evm.utg3090.49;evm.utg3090.9	exact_python_fallback
dark_cluster_001522	evm.utg3090.1	evm.utg3090.18	13	evm.utg3090.1;evm.utg3090.10;evm.utg3090.12;evm.utg3090.14;evm.utg3090.18;evm.utg3090.27;evm.utg3090.29;evm.utg3090.30;evm.utg3090.4;evm.utg3090.44;evm.utg3090.46;evm.utg3090.49;evm.utg3090.9	exact_python_fallback
dark_cluster_001522	evm.utg3090.1	evm.utg3090.27	13	evm.utg3090.1;evm.utg3090.10;evm.utg3090.12;evm.utg3090.14;evm.utg3090.18;evm.utg3090.27;evm.utg3090.29;evm.utg3090.30;evm.utg3090.4;evm.utg3090.44;evm.utg3090.46;evm.utg3090.49;evm.utg3090.9	exact_python_fallback
dark_cluster_001522	evm.utg3090.1	evm.utg3090.29	13	evm.utg3090.1;evm.utg3090.10;evm.utg3090.12;evm.utg3090.14;evm.utg3090.18;evm.utg3090.27;evm.utg3090.29;evm.utg3090.30;evm.utg3090.4;evm.utg3090.44;evm.utg3090.46;evm.utg3090.49;evm.utg3090.9	exact_python_fallback
dark_cluster_001522	evm.utg3090.1	evm.utg3090.30	13	evm.utg3090.1;evm.utg3090.10;evm.utg3090.12;evm.utg3090.14;evm.utg3090.18;evm.utg3090.27;evm.utg3090.29;evm.utg3090.30;evm.utg3090.4;evm.utg3090.44;evm.utg3090.46;evm.utg3090.49;evm.utg3090.9	exact_python_fallback
dark_cluster_001522	evm.utg3090.1	evm.utg3090.4	13	evm.utg3090.1;evm.utg3090.10;evm.utg3090.12;evm.utg3090.14;evm.utg3090.18;evm.utg3090.27;evm.utg3090.29;evm.utg3090.30;evm.utg3090.4;evm.utg3090.44;evm.utg3090.46;evm.utg3090.49;evm.utg3090.9	exact_python_fallback
dark_cluster_001522	evm.utg3090.1	evm.utg3090.44	13	evm.utg3090.1;evm.utg3090.10;evm.utg3090.12;evm.utg3090.14;evm.utg3090.18;evm.utg3090.27;evm.utg3090.29;evm.utg3090.30;evm.utg3090.4;evm.utg3090.44;evm.utg3090.46;evm.utg3090.49;evm.utg3090.9	exact_python_fallback
dark_cluster_001522	evm.utg3090.1	evm.utg3090.46	13	evm.utg3090.1;evm.utg3090.10;evm.utg3090.12;evm.utg3090.14;evm.utg3090.18;evm.utg3090.27;evm.utg3090.29;evm.utg3090.30;evm.utg3090.4;evm.utg3090.44;evm.utg3090.46;evm.utg3090.49;evm.utg3090.9	exact_python_fallback
dark_cluster_001522	evm.utg3090.1	evm.utg3090.49	13	evm.utg3090.1;evm.utg3090.10;evm.utg3090.12;evm.utg3090.14;evm.utg3090.18;evm.utg3090.27;evm.utg3090.29;evm.utg3090.30;evm.utg3090.4;evm.utg3090.44;evm.utg3090.46;evm.utg3090.49;evm.utg3090.9	exact_python_fallback
dark_cluster_001522	evm.utg3090.1	evm.utg3090.9	13	evm.utg3090.1;evm.utg3090.10;evm.utg3090.12;evm.utg3090.14;evm.utg3090.18;evm.utg3090.27;evm.utg3090.29;evm.utg3090.30;evm.utg3090.4;evm.utg3090.44;evm.utg3090.46;evm.utg3090.49;evm.utg3090.9	exact_python_fallback
dark_cluster_001523	evm.utg15629.12	evm.utg15629.12	1	evm.utg15629.12	exact_python_fallback
dark_cluster_001524	evm.utg9110.12	evm.utg9110.12	2	evm.utg9110.12;evm.utg9110.24	exact_python_fallback
dark_cluster_001524	evm.utg9110.12	evm.utg9110.24	2	evm.utg9110.12;evm.utg9110.24	exact_python_fallback
dark_cluster_001525	evm.utg6459.3	evm.utg6459.3	1	evm.utg6459.3	exact_python_fallback
dark_cluster_001526	evm.utg5367.32	evm.utg5367.32	1	evm.utg5367.32	exact_python_fallback
dark_cluster_001527	evm.utg19590.15	evm.utg19590.15	1	evm.utg19590.15	exact_python_fallback
dark_cluster_001528	evm.utg1177.23	evm.utg1177.23	1	evm.utg1177.23	exact_python_fallback
dark_cluster_001529	evm.utg324.57	evm.utg324.57	1	evm.utg324.57	exact_python_fallback
dark_cluster_001530	evm.utg324.55	evm.utg324.55	1	evm.utg324.55	exact_python_fallback
dark_cluster_001531	evm.utg855.10	evm.utg855.10	1	evm.utg855.10	exact_python_fallback
dark_cluster_001532	utg86.equina_smart_1345572.mrna2	utg86.equina_smart_1345572.mrna2	1	utg86.equina_smart_1345572.mrna2	exact_python_fallback
dark_cluster_001533	utg501.equina_smart_285528.mrna1	utg501.equina_smart_285528.mrna1	1	utg501.equina_smart_285528.mrna1	exact_python_fallback
dark_cluster_001534	evm.utg577.31	evm.utg577.31	1	evm.utg577.31	exact_python_fallback
dark_cluster_001535	utg107.equina_smart_1397760.mrna1	utg107.equina_smart_1397760.mrna1	1	utg107.equina_smart_1397760.mrna1	exact_python_fallback
dark_cluster_001536	evm.utg589.65	evm.utg589.65	1	evm.utg589.65	exact_python_fallback
dark_cluster_001537	evm.utg594.8	evm.utg594.8	1	evm.utg594.8	exact_python_fallback
dark_cluster_001538	evm.utg10156.31	evm.utg10156.31	1	evm.utg10156.31	exact_python_fallback
dark_cluster_001539	evm.utg469.8	evm.utg469.8	1	evm.utg469.8	exact_python_fallback
dark_cluster_001540	evm.utg113.5	evm.utg113.5	2	evm.utg113.5;evm.utg2529.18	exact_python_fallback
dark_cluster_001540	evm.utg113.5	evm.utg2529.18	2	evm.utg113.5;evm.utg2529.18	exact_python_fallback
dark_cluster_001541	evm.utg13474.13	evm.utg13474.13	1	evm.utg13474.13	exact_python_fallback
dark_cluster_001542	evm.utg599.9	evm.utg599.9	1	evm.utg599.9	exact_python_fallback
dark_cluster_001543	evm.utg15232.1	evm.utg15232.1	1	evm.utg15232.1	exact_python_fallback
dark_cluster_001544	evm.utg1271.16	evm.utg1271.16	1	evm.utg1271.16	exact_python_fallback
dark_cluster_001545	evm.utg4265.19	evm.utg4265.19	1	evm.utg4265.19	exact_python_fallback
dark_cluster_001546	evm.utg589.25	evm.utg589.25	1	evm.utg589.25	exact_python_fallback
dark_cluster_001547	evm.utg695.42	evm.utg695.42	1	evm.utg695.42	exact_python_fallback
dark_cluster_001548	evm.utg496.13	evm.utg496.13	1	evm.utg496.13	exact_python_fallback
dark_cluster_001549	evm.utg47361.1	evm.utg47361.1	1	evm.utg47361.1	exact_python_fallback
dark_cluster_001550	evm.utg370.62	evm.utg370.62	5	evm.utg370.62;evm.utg370.64;evm.utg370.72;evm.utg370.77;evm.utg370.87	exact_python_fallback
dark_cluster_001550	evm.utg370.62	evm.utg370.64	5	evm.utg370.62;evm.utg370.64;evm.utg370.72;evm.utg370.77;evm.utg370.87	exact_python_fallback
dark_cluster_001550	evm.utg370.62	evm.utg370.72	5	evm.utg370.62;evm.utg370.64;evm.utg370.72;evm.utg370.77;evm.utg370.87	exact_python_fallback
dark_cluster_001550	evm.utg370.62	evm.utg370.77	5	evm.utg370.62;evm.utg370.64;evm.utg370.72;evm.utg370.77;evm.utg370.87	exact_python_fallback
dark_cluster_001550	evm.utg370.62	evm.utg370.87	5	evm.utg370.62;evm.utg370.64;evm.utg370.72;evm.utg370.77;evm.utg370.87	exact_python_fallback
dark_cluster_001551	evm.utg236.3	evm.utg236.3	2	evm.utg236.3;evm.utg6446.12	exact_python_fallback
dark_cluster_001551	evm.utg236.3	evm.utg6446.12	2	evm.utg236.3;evm.utg6446.12	exact_python_fallback
dark_cluster_001552	evm.utg125.77	evm.utg125.77	1	evm.utg125.77	exact_python_fallback
dark_cluster_001553	evm.utg3447.23	evm.utg3447.23	1	evm.utg3447.23	exact_python_fallback
dark_cluster_001554	evm.utg1799.10	evm.utg1799.10	2	evm.utg1799.10;evm.utg1799.11	exact_python_fallback
dark_cluster_001554	evm.utg1799.10	evm.utg1799.11	2	evm.utg1799.10;evm.utg1799.11	exact_python_fallback
dark_cluster_001555	utg302.equina_smart_1054774.mrna1	utg302.equina_smart_1054774.mrna1	1	utg302.equina_smart_1054774.mrna1	exact_python_fallback
dark_cluster_001556	evm.utg1846.104	evm.utg1846.104	1	evm.utg1846.104	exact_python_fallback
dark_cluster_001557	evm.utg1925.32	evm.utg1925.32	1	evm.utg1925.32	exact_python_fallback
dark_cluster_001558	evm.utg4716.31	evm.utg4716.31	1	evm.utg4716.31	exact_python_fallback
dark_cluster_001559	utg31428.equina_smart_1480720.mrna3	utg31428.equina_smart_1480720.mrna3	1	utg31428.equina_smart_1480720.mrna3	exact_python_fallback
dark_cluster_001560	evm.utg234.110	evm.utg234.110	1	evm.utg234.110	exact_python_fallback
dark_cluster_001561	evm.utg1900.35	evm.utg1900.35	1	evm.utg1900.35	exact_python_fallback
dark_cluster_001562	evm.utg1825.38	evm.utg1825.38	1	evm.utg1825.38	exact_python_fallback
dark_cluster_001563	evm.utg2099.32	evm.utg2099.32	1	evm.utg2099.32	exact_python_fallback
dark_cluster_001564	evm.utg6123.28	evm.utg6123.28	1	evm.utg6123.28	exact_python_fallback
dark_cluster_001565	evm.utg7549.1	evm.utg7549.1	1	evm.utg7549.1	exact_python_fallback
dark_cluster_001566	evm.utg126.8	evm.utg126.8	1	evm.utg126.8	exact_python_fallback
dark_cluster_001567	evm.utg13793.34	evm.utg13793.34	1	evm.utg13793.34	exact_python_fallback
dark_cluster_001568	utg501.equina_smart_1425907.mrna2	utg501.equina_smart_1425907.mrna2	1	utg501.equina_smart_1425907.mrna2	exact_python_fallback
dark_cluster_001569	evm.utg1748.4	evm.utg1748.4	1	evm.utg1748.4	exact_python_fallback
dark_cluster_001570	evm.utg13322.1	evm.utg13322.1	3	evm.utg13322.1;evm.utg13322.13;evm.utg13322.5	exact_python_fallback
dark_cluster_001570	evm.utg13322.1	evm.utg13322.13	3	evm.utg13322.1;evm.utg13322.13;evm.utg13322.5	exact_python_fallback
dark_cluster_001570	evm.utg13322.1	evm.utg13322.5	3	evm.utg13322.1;evm.utg13322.13;evm.utg13322.5	exact_python_fallback
dark_cluster_001571	utg432.equina_smart_1542527.mrna1	utg432.equina_smart_1542527.mrna1	1	utg432.equina_smart_1542527.mrna1	exact_python_fallback
dark_cluster_001572	evm.utg3292.27	evm.utg3292.27	1	evm.utg3292.27	exact_python_fallback
dark_cluster_001573	evm.utg975.20	evm.utg975.20	1	evm.utg975.20	exact_python_fallback
dark_cluster_001574	evm.utg7066.4	evm.utg7066.4	1	evm.utg7066.4	exact_python_fallback
dark_cluster_001575	utg4610.equina_smart_10809.mrna1	utg4610.equina_smart_10809.mrna1	1	utg4610.equina_smart_10809.mrna1	exact_python_fallback
dark_cluster_001576	evm.utg55.124	evm.utg55.124	1	evm.utg55.124	exact_python_fallback
dark_cluster_001577	evm.utg125.174	evm.utg125.174	1	evm.utg125.174	exact_python_fallback
dark_cluster_001578	evm.utg4716.50	evm.utg4716.50	1	evm.utg4716.50	exact_python_fallback
dark_cluster_001579	utg410.equina_smart_1411840.mrna1	utg410.equina_smart_1411840.mrna1	1	utg410.equina_smart_1411840.mrna1	exact_python_fallback
dark_cluster_001580	utg3827.equina_smart_1411840.mrna2	utg3827.equina_smart_1411840.mrna2	1	utg3827.equina_smart_1411840.mrna2	exact_python_fallback
dark_cluster_001581	utg18.equina_smart_1629751.mrna1	utg18.equina_smart_1629751.mrna1	1	utg18.equina_smart_1629751.mrna1	exact_python_fallback
dark_cluster_001582	evm.utg536.5	evm.utg536.5	1	evm.utg536.5	exact_python_fallback
dark_cluster_001583	evm.utg15813.25	evm.utg15813.25	1	evm.utg15813.25	exact_python_fallback
dark_cluster_001584	utg4054.equina_smart_1542527.mrna2	utg4054.equina_smart_1542527.mrna2	1	utg4054.equina_smart_1542527.mrna2	exact_python_fallback
dark_cluster_001585	evm.utg2291.25	evm.utg2291.25	3	evm.utg2291.25;evm.utg2291.31;evm.utg2291.5	exact_python_fallback
dark_cluster_001585	evm.utg2291.25	evm.utg2291.31	3	evm.utg2291.25;evm.utg2291.31;evm.utg2291.5	exact_python_fallback
dark_cluster_001585	evm.utg2291.25	evm.utg2291.5	3	evm.utg2291.25;evm.utg2291.31;evm.utg2291.5	exact_python_fallback
dark_cluster_001586	utg1825.equina_smart_1042707.mrna1	utg1825.equina_smart_1042707.mrna1	1	utg1825.equina_smart_1042707.mrna1	exact_python_fallback
dark_cluster_001587	evm.utg479.151	evm.utg479.151	1	evm.utg479.151	exact_python_fallback
dark_cluster_001588	utg6806.evm.utg7931.10.mrna2	utg6806.evm.utg7931.10.mrna2	1	utg6806.evm.utg7931.10.mrna2	exact_python_fallback
dark_cluster_001589	evm.utg16444.17	evm.utg16444.17	1	evm.utg16444.17	exact_python_fallback
dark_cluster_001590	evm.utg30049.13	evm.utg30049.13	2	evm.utg30049.13;evm.utg30049.6	exact_python_fallback
dark_cluster_001590	evm.utg30049.13	evm.utg30049.6	2	evm.utg30049.13;evm.utg30049.6	exact_python_fallback
dark_cluster_001591	evm.utg95.49	evm.utg95.49	1	evm.utg95.49	exact_python_fallback
dark_cluster_001592	evm.utg1272.158	evm.utg1272.158	1	evm.utg1272.158	exact_python_fallback
dark_cluster_001593	evm.utg9902.1	evm.utg9902.1	1	evm.utg9902.1	exact_python_fallback
dark_cluster_001594	evm.utg4661.12	evm.utg4661.12	1	evm.utg4661.12	exact_python_fallback
dark_cluster_001595	evm.utg7931.9	evm.utg7931.9	1	evm.utg7931.9	exact_python_fallback
dark_cluster_001596	evm.utg167.22	evm.utg167.22	1	evm.utg167.22	exact_python_fallback
dark_cluster_001597	evm.utg33385.2	evm.utg33385.2	1	evm.utg33385.2	exact_python_fallback
dark_cluster_001598	utg1684.equina_smart_211953.mrna1	utg1684.equina_smart_211953.mrna1	1	utg1684.equina_smart_211953.mrna1	exact_python_fallback
dark_cluster_001599	evm.utg2083.64	evm.utg2083.64	1	evm.utg2083.64	exact_python_fallback
dark_cluster_001600	utg234.equina_smart_1404252.mrna1	utg234.equina_smart_1404252.mrna1	1	utg234.equina_smart_1404252.mrna1	exact_python_fallback
dark_cluster_001601	utg579.equina_smart_1006379.mrna1	utg579.equina_smart_1006379.mrna1	1	utg579.equina_smart_1006379.mrna1	exact_python_fallback
dark_cluster_001602	evm.utg109.106	evm.utg109.106	1	evm.utg109.106	exact_python_fallback
dark_cluster_001603	utg659.equina_smart_52447.mrna1	utg659.equina_smart_52447.mrna1	1	utg659.equina_smart_52447.mrna1	exact_python_fallback
dark_cluster_001604	evm.utg1721.33	evm.utg1721.33	1	evm.utg1721.33	exact_python_fallback
dark_cluster_001605	evm.utg1796.13	evm.utg1796.13	5	evm.utg1796.13;evm.utg1796.18;evm.utg1796.22;evm.utg1796.24;evm.utg1796.4	exact_python_fallback
dark_cluster_001605	evm.utg1796.13	evm.utg1796.18	5	evm.utg1796.13;evm.utg1796.18;evm.utg1796.22;evm.utg1796.24;evm.utg1796.4	exact_python_fallback
dark_cluster_001605	evm.utg1796.13	evm.utg1796.22	5	evm.utg1796.13;evm.utg1796.18;evm.utg1796.22;evm.utg1796.24;evm.utg1796.4	exact_python_fallback
dark_cluster_001605	evm.utg1796.13	evm.utg1796.24	5	evm.utg1796.13;evm.utg1796.18;evm.utg1796.22;evm.utg1796.24;evm.utg1796.4	exact_python_fallback
dark_cluster_001605	evm.utg1796.13	evm.utg1796.4	5	evm.utg1796.13;evm.utg1796.18;evm.utg1796.22;evm.utg1796.24;evm.utg1796.4	exact_python_fallback
dark_cluster_001606	evm.utg5557.1	evm.utg5557.1	1	evm.utg5557.1	exact_python_fallback
dark_cluster_001607	utg101.equina_smart_282026.mrna1	utg101.equina_smart_282026.mrna1	1	utg101.equina_smart_282026.mrna1	exact_python_fallback
dark_cluster_001608	evm.utg101.174	evm.utg101.174	1	evm.utg101.174	exact_python_fallback
dark_cluster_001609	evm.utg788.111	evm.utg788.111	1	evm.utg788.111	exact_python_fallback
dark_cluster_001610	evm.utg1140.9	evm.utg1140.9	1	evm.utg1140.9	exact_python_fallback
dark_cluster_001611	evm.utg34597.2	evm.utg34597.2	1	evm.utg34597.2	exact_python_fallback
dark_cluster_001612	utg207.equina_smart_57348.mrna1	utg207.equina_smart_57348.mrna1	1	utg207.equina_smart_57348.mrna1	exact_python_fallback
dark_cluster_001613	utg1825.equina_smart_1071895.mrna1	utg1825.equina_smart_1071895.mrna1	1	utg1825.equina_smart_1071895.mrna1	exact_python_fallback
dark_cluster_001614	evm.utg8792.56	evm.utg8792.56	1	evm.utg8792.56	exact_python_fallback
dark_cluster_001615	evm.utg12551.22	evm.utg12551.22	1	evm.utg12551.22	exact_python_fallback
dark_cluster_001616	evm.utg777.61	evm.utg777.61	1	evm.utg777.61	exact_python_fallback
dark_cluster_001617	evm.utg18.33	evm.utg18.33	1	evm.utg18.33	exact_python_fallback
dark_cluster_001618	evm.utg3284.4	evm.utg3284.4	5	evm.utg3284.4;evm.utg3284.46;evm.utg3284.5;evm.utg3284.58;evm.utg3284.61	exact_python_fallback
dark_cluster_001618	evm.utg3284.4	evm.utg3284.46	5	evm.utg3284.4;evm.utg3284.46;evm.utg3284.5;evm.utg3284.58;evm.utg3284.61	exact_python_fallback
dark_cluster_001618	evm.utg3284.4	evm.utg3284.5	5	evm.utg3284.4;evm.utg3284.46;evm.utg3284.5;evm.utg3284.58;evm.utg3284.61	exact_python_fallback
dark_cluster_001618	evm.utg3284.4	evm.utg3284.58	5	evm.utg3284.4;evm.utg3284.46;evm.utg3284.5;evm.utg3284.58;evm.utg3284.61	exact_python_fallback
dark_cluster_001618	evm.utg3284.4	evm.utg3284.61	5	evm.utg3284.4;evm.utg3284.46;evm.utg3284.5;evm.utg3284.58;evm.utg3284.61	exact_python_fallback
dark_cluster_001619	utg1137.equina_smart_150002.mrna8	utg1137.equina_smart_150002.mrna8	1	utg1137.equina_smart_150002.mrna8	exact_python_fallback
dark_cluster_001620	utg82.equina_smart_1396069.mrna1	utg82.equina_smart_1396069.mrna1	1	utg82.equina_smart_1396069.mrna1	exact_python_fallback
dark_cluster_001621	evm.utg3222.12	evm.utg3222.12	1	evm.utg3222.12	exact_python_fallback
dark_cluster_001622	evm.utg324.82	evm.utg324.82	1	evm.utg324.82	exact_python_fallback
dark_cluster_001623	evm.utg382.16	evm.utg382.16	1	evm.utg382.16	exact_python_fallback
dark_cluster_001624	evm.utg395.49	evm.utg395.49	1	evm.utg395.49	exact_python_fallback
dark_cluster_001625	evm.utg54.19	evm.utg54.19	1	evm.utg54.19	exact_python_fallback
dark_cluster_001626	evm.utg1691.31	evm.utg1691.31	1	evm.utg1691.31	exact_python_fallback
dark_cluster_001627	evm.utg2426.33	evm.utg2426.33	1	evm.utg2426.33	exact_python_fallback
dark_cluster_001628	evm.utg33682.8	evm.utg33682.8	1	evm.utg33682.8	exact_python_fallback
dark_cluster_001629	evm.utg2013.7	evm.utg2013.7	1	evm.utg2013.7	exact_python_fallback
dark_cluster_001630	evm.utg382.43	evm.utg382.43	1	evm.utg382.43	exact_python_fallback
dark_cluster_001631	utg4328.equina_smart_1711433.mrna1	utg4328.equina_smart_1711433.mrna1	1	utg4328.equina_smart_1711433.mrna1	exact_python_fallback
dark_cluster_001632	utg1663.equina_smart_239381.mrna1	utg1663.equina_smart_239381.mrna1	1	utg1663.equina_smart_239381.mrna1	exact_python_fallback
dark_cluster_001633	evm.utg20813.11	evm.utg20813.11	1	evm.utg20813.11	exact_python_fallback
dark_cluster_001634	evm.utg1919.99	evm.utg1919.99	1	evm.utg1919.99	exact_python_fallback
dark_cluster_001635	evm.utg729.83	evm.utg729.83	1	evm.utg729.83	exact_python_fallback
dark_cluster_001636	utg12655.equina_smart_1391965.mrna6	utg12655.equina_smart_1391965.mrna6	1	utg12655.equina_smart_1391965.mrna6	exact_python_fallback
dark_cluster_001637	utg467.equina_smart_496225.mrna1	utg467.equina_smart_496225.mrna1	1	utg467.equina_smart_496225.mrna1	exact_python_fallback
dark_cluster_001638	utg7.equina_smart_1391965.mrna1	utg7.equina_smart_1391965.mrna1	2	utg7.equina_smart_1391965.mrna1;utg86.equina_smart_1391965.mrna4	exact_python_fallback
dark_cluster_001638	utg7.equina_smart_1391965.mrna1	utg86.equina_smart_1391965.mrna4	2	utg7.equina_smart_1391965.mrna1;utg86.equina_smart_1391965.mrna4	exact_python_fallback
dark_cluster_001639	utg7.equina_smart_496225.mrna2	utg7.equina_smart_496225.mrna2	1	utg7.equina_smart_496225.mrna2	exact_python_fallback
dark_cluster_001640	utg6938.equina_smart_1468838.mrna2	utg6938.equina_smart_1468838.mrna2	1	utg6938.equina_smart_1468838.mrna2	exact_python_fallback
dark_cluster_001641	utg109.equina_smart_1411062.mrna4	utg109.equina_smart_1411062.mrna4	2	utg109.equina_smart_1411062.mrna4;utg7.equina_smart_1411062.mrna3	exact_python_fallback
dark_cluster_001641	utg109.equina_smart_1411062.mrna4	utg7.equina_smart_1411062.mrna3	2	utg109.equina_smart_1411062.mrna4;utg7.equina_smart_1411062.mrna3	exact_python_fallback
dark_cluster_001642	utg45299.equina_smart_1411062.mrna11	utg45299.equina_smart_1411062.mrna11	1	utg45299.equina_smart_1411062.mrna11	exact_python_fallback
dark_cluster_001643	evm.utg114.15	evm.utg114.15	1	evm.utg114.15	exact_python_fallback
dark_cluster_001644	evm.utg5950.44	evm.utg5950.44	1	evm.utg5950.44	exact_python_fallback
dark_cluster_001645	utg1799.equina_smart_1289024.mrna3	utg1799.equina_smart_1289024.mrna3	2	utg1799.equina_smart_1289024.mrna3;utg3339.equina_smart_1289024.mrna5	exact_python_fallback
dark_cluster_001645	utg1799.equina_smart_1289024.mrna3	utg3339.equina_smart_1289024.mrna5	2	utg1799.equina_smart_1289024.mrna3;utg3339.equina_smart_1289024.mrna5	exact_python_fallback
dark_cluster_001646	evm.utg411.128	evm.utg411.128	1	evm.utg411.128	exact_python_fallback
dark_cluster_001647	evm.utg5879.1	evm.utg5879.1	3	evm.utg5879.1;evm.utg5879.2;evm.utg5879.5	exact_python_fallback
dark_cluster_001647	evm.utg5879.1	evm.utg5879.2	3	evm.utg5879.1;evm.utg5879.2;evm.utg5879.5	exact_python_fallback
dark_cluster_001647	evm.utg5879.1	evm.utg5879.5	3	evm.utg5879.1;evm.utg5879.2;evm.utg5879.5	exact_python_fallback
dark_cluster_001648	evm.utg372.11	evm.utg372.11	1	evm.utg372.11	exact_python_fallback
dark_cluster_001649	evm.utg101.204	evm.utg101.204	1	evm.utg101.204	exact_python_fallback
dark_cluster_001650	evm.utg1846.98	evm.utg1846.98	1	evm.utg1846.98	exact_python_fallback
dark_cluster_001651	evm.utg115298.1	evm.utg115298.1	1	evm.utg115298.1	exact_python_fallback
dark_cluster_001652	evm.utg715.33	evm.utg715.33	1	evm.utg715.33	exact_python_fallback
dark_cluster_001653	utg4194.equina_smart_1529748.mrna1	utg4194.equina_smart_1529748.mrna1	1	utg4194.equina_smart_1529748.mrna1	exact_python_fallback
dark_cluster_001654	evm.utg126.171	evm.utg126.171	1	evm.utg126.171	exact_python_fallback
dark_cluster_001655	evm.utg3199.22	evm.utg3199.22	1	evm.utg3199.22	exact_python_fallback
dark_cluster_001656	utg1866.equina_smart_1102675.mrna3	utg1866.equina_smart_1102675.mrna3	1	utg1866.equina_smart_1102675.mrna3	exact_python_fallback
dark_cluster_001657	evm.utg109.75	evm.utg109.75	1	evm.utg109.75	exact_python_fallback
dark_cluster_001658	evm.utg163.35	evm.utg163.35	8	evm.utg163.35;evm.utg163.48;evm.utg163.49;evm.utg163.66;evm.utg163.67;evm.utg163.68;evm.utg163.70;evm.utg163.80	exact_python_fallback
dark_cluster_001658	evm.utg163.35	evm.utg163.48	8	evm.utg163.35;evm.utg163.48;evm.utg163.49;evm.utg163.66;evm.utg163.67;evm.utg163.68;evm.utg163.70;evm.utg163.80	exact_python_fallback
dark_cluster_001658	evm.utg163.35	evm.utg163.49	8	evm.utg163.35;evm.utg163.48;evm.utg163.49;evm.utg163.66;evm.utg163.67;evm.utg163.68;evm.utg163.70;evm.utg163.80	exact_python_fallback
dark_cluster_001658	evm.utg163.35	evm.utg163.66	8	evm.utg163.35;evm.utg163.48;evm.utg163.49;evm.utg163.66;evm.utg163.67;evm.utg163.68;evm.utg163.70;evm.utg163.80	exact_python_fallback
dark_cluster_001658	evm.utg163.35	evm.utg163.67	8	evm.utg163.35;evm.utg163.48;evm.utg163.49;evm.utg163.66;evm.utg163.67;evm.utg163.68;evm.utg163.70;evm.utg163.80	exact_python_fallback
dark_cluster_001658	evm.utg163.35	evm.utg163.68	8	evm.utg163.35;evm.utg163.48;evm.utg163.49;evm.utg163.66;evm.utg163.67;evm.utg163.68;evm.utg163.70;evm.utg163.80	exact_python_fallback
dark_cluster_001658	evm.utg163.35	evm.utg163.70	8	evm.utg163.35;evm.utg163.48;evm.utg163.49;evm.utg163.66;evm.utg163.67;evm.utg163.68;evm.utg163.70;evm.utg163.80	exact_python_fallback
dark_cluster_001658	evm.utg163.35	evm.utg163.80	8	evm.utg163.35;evm.utg163.48;evm.utg163.49;evm.utg163.66;evm.utg163.67;evm.utg163.68;evm.utg163.70;evm.utg163.80	exact_python_fallback
dark_cluster_001659	evm.utg386.21	evm.utg386.21	2	evm.utg386.21;evm.utg386.27	exact_python_fallback
dark_cluster_001659	evm.utg386.21	evm.utg386.27	2	evm.utg386.21;evm.utg386.27	exact_python_fallback
dark_cluster_001660	evm.utg729.86	evm.utg729.86	1	evm.utg729.86	exact_python_fallback
dark_cluster_001661	utg125.equina_smart_1768321.mrna1	utg125.equina_smart_1768321.mrna1	1	utg125.equina_smart_1768321.mrna1	exact_python_fallback
dark_cluster_001662	evm.utg435.33	evm.utg435.33	1	evm.utg435.33	exact_python_fallback
dark_cluster_001663	evm.utg1395.1	evm.utg1395.1	6	evm.utg1395.1;evm.utg1395.12;evm.utg1395.31;evm.utg1395.44;evm.utg1395.55;evm.utg1395.7	exact_python_fallback
dark_cluster_001663	evm.utg1395.1	evm.utg1395.12	6	evm.utg1395.1;evm.utg1395.12;evm.utg1395.31;evm.utg1395.44;evm.utg1395.55;evm.utg1395.7	exact_python_fallback
dark_cluster_001663	evm.utg1395.1	evm.utg1395.31	6	evm.utg1395.1;evm.utg1395.12;evm.utg1395.31;evm.utg1395.44;evm.utg1395.55;evm.utg1395.7	exact_python_fallback
dark_cluster_001663	evm.utg1395.1	evm.utg1395.44	6	evm.utg1395.1;evm.utg1395.12;evm.utg1395.31;evm.utg1395.44;evm.utg1395.55;evm.utg1395.7	exact_python_fallback
dark_cluster_001663	evm.utg1395.1	evm.utg1395.55	6	evm.utg1395.1;evm.utg1395.12;evm.utg1395.31;evm.utg1395.44;evm.utg1395.55;evm.utg1395.7	exact_python_fallback
dark_cluster_001663	evm.utg1395.1	evm.utg1395.7	6	evm.utg1395.1;evm.utg1395.12;evm.utg1395.31;evm.utg1395.44;evm.utg1395.55;evm.utg1395.7	exact_python_fallback
dark_cluster_001664	utg3839.equina_smart_815248.mrna1	utg3839.equina_smart_815248.mrna1	1	utg3839.equina_smart_815248.mrna1	exact_python_fallback
dark_cluster_001665	utg307.equina_smart_51672.mrna1	utg307.equina_smart_51672.mrna1	1	utg307.equina_smart_51672.mrna1	exact_python_fallback
dark_cluster_001666	evm.utg2838.1	evm.utg2838.1	1	evm.utg2838.1	exact_python_fallback
dark_cluster_001667	evm.utg10.51	evm.utg10.51	1	evm.utg10.51	exact_python_fallback
dark_cluster_001668	evm.utg402.22	evm.utg402.22	1	evm.utg402.22	exact_python_fallback
dark_cluster_001669	evm.utg777.77	evm.utg777.77	1	evm.utg777.77	exact_python_fallback
dark_cluster_001670	evm.utg622.125	evm.utg622.125	1	evm.utg622.125	exact_python_fallback
dark_cluster_001671	evm.utg777.84	evm.utg777.84	1	evm.utg777.84	exact_python_fallback
dark_cluster_001672	utg2073.equina_smart_105698.mrna2	utg2073.equina_smart_105698.mrna2	2	utg2073.equina_smart_105698.mrna2;utg707.equina_smart_105698.mrna1	exact_python_fallback
dark_cluster_001672	utg2073.equina_smart_105698.mrna2	utg707.equina_smart_105698.mrna1	2	utg2073.equina_smart_105698.mrna2;utg707.equina_smart_105698.mrna1	exact_python_fallback
dark_cluster_001673	evm.utg2216.19	evm.utg2216.19	1	evm.utg2216.19	exact_python_fallback
dark_cluster_001674	evm.utg116.116	evm.utg116.116	9	evm.utg116.116;evm.utg116.117;evm.utg116.118;evm.utg116.229;evm.utg116.234;evm.utg116.237;evm.utg116.276;evm.utg116.332;evm.utg116.92	exact_python_fallback
dark_cluster_001674	evm.utg116.116	evm.utg116.117	9	evm.utg116.116;evm.utg116.117;evm.utg116.118;evm.utg116.229;evm.utg116.234;evm.utg116.237;evm.utg116.276;evm.utg116.332;evm.utg116.92	exact_python_fallback
dark_cluster_001674	evm.utg116.116	evm.utg116.118	9	evm.utg116.116;evm.utg116.117;evm.utg116.118;evm.utg116.229;evm.utg116.234;evm.utg116.237;evm.utg116.276;evm.utg116.332;evm.utg116.92	exact_python_fallback
dark_cluster_001674	evm.utg116.116	evm.utg116.229	9	evm.utg116.116;evm.utg116.117;evm.utg116.118;evm.utg116.229;evm.utg116.234;evm.utg116.237;evm.utg116.276;evm.utg116.332;evm.utg116.92	exact_python_fallback
dark_cluster_001674	evm.utg116.116	evm.utg116.234	9	evm.utg116.116;evm.utg116.117;evm.utg116.118;evm.utg116.229;evm.utg116.234;evm.utg116.237;evm.utg116.276;evm.utg116.332;evm.utg116.92	exact_python_fallback
dark_cluster_001674	evm.utg116.116	evm.utg116.237	9	evm.utg116.116;evm.utg116.117;evm.utg116.118;evm.utg116.229;evm.utg116.234;evm.utg116.237;evm.utg116.276;evm.utg116.332;evm.utg116.92	exact_python_fallback
dark_cluster_001674	evm.utg116.116	evm.utg116.276	9	evm.utg116.116;evm.utg116.117;evm.utg116.118;evm.utg116.229;evm.utg116.234;evm.utg116.237;evm.utg116.276;evm.utg116.332;evm.utg116.92	exact_python_fallback
dark_cluster_001674	evm.utg116.116	evm.utg116.332	9	evm.utg116.116;evm.utg116.117;evm.utg116.118;evm.utg116.229;evm.utg116.234;evm.utg116.237;evm.utg116.276;evm.utg116.332;evm.utg116.92	exact_python_fallback
dark_cluster_001674	evm.utg116.116	evm.utg116.92	9	evm.utg116.116;evm.utg116.117;evm.utg116.118;evm.utg116.229;evm.utg116.234;evm.utg116.237;evm.utg116.276;evm.utg116.332;evm.utg116.92	exact_python_fallback
dark_cluster_001675	evm.utg5033.18	evm.utg5033.18	1	evm.utg5033.18	exact_python_fallback
dark_cluster_001676	evm.utg25862.1	evm.utg25862.1	1	evm.utg25862.1	exact_python_fallback
dark_cluster_001677	utg777.equina_smart_1473457.mrna2	utg777.equina_smart_1473457.mrna2	1	utg777.equina_smart_1473457.mrna2	exact_python_fallback
dark_cluster_001678	evm.utg777.74	evm.utg777.74	1	evm.utg777.74	exact_python_fallback
dark_cluster_001679	utg501.equina_smart_1416296.mrna1	utg501.equina_smart_1416296.mrna1	1	utg501.equina_smart_1416296.mrna1	exact_python_fallback
dark_cluster_001680	evm.utg2682.1	evm.utg2682.1	2	evm.utg2682.1;evm.utg2682.17	exact_python_fallback
dark_cluster_001680	evm.utg2682.1	evm.utg2682.17	2	evm.utg2682.1;evm.utg2682.17	exact_python_fallback
dark_cluster_001681	evm.utg6432.60	evm.utg6432.60	1	evm.utg6432.60	exact_python_fallback
dark_cluster_001682	utg1683.equina_smart_1482415.mrna1	utg1683.equina_smart_1482415.mrna1	1	utg1683.equina_smart_1482415.mrna1	exact_python_fallback
dark_cluster_001683	utg5414.equina_smart_1567970.mrna9	utg5414.equina_smart_1567970.mrna9	1	utg5414.equina_smart_1567970.mrna9	exact_python_fallback
dark_cluster_001684	evm.utg126.89	evm.utg126.89	1	evm.utg126.89	exact_python_fallback
dark_cluster_001685	evm.utg92.94	evm.utg92.94	1	evm.utg92.94	exact_python_fallback
dark_cluster_001686	evm.utg3550.21	evm.utg3550.21	1	evm.utg3550.21	exact_python_fallback
dark_cluster_001687	evm.utg1177.6	evm.utg1177.6	1	evm.utg1177.6	exact_python_fallback
dark_cluster_001688	utg8494.equina_smart_1606023.mrna1	utg8494.equina_smart_1606023.mrna1	1	utg8494.equina_smart_1606023.mrna1	exact_python_fallback
dark_cluster_001689	evm.utg4177.3	evm.utg4177.3	1	evm.utg4177.3	exact_python_fallback
dark_cluster_001690	evm.utg9603.23	evm.utg9603.23	1	evm.utg9603.23	exact_python_fallback
dark_cluster_001691	evm.utg2018.26	evm.utg2018.26	1	evm.utg2018.26	exact_python_fallback
dark_cluster_001692	evm.utg18.24	evm.utg18.24	1	evm.utg18.24	exact_python_fallback
dark_cluster_001693	evm.utg622.158	evm.utg622.158	1	evm.utg622.158	exact_python_fallback
dark_cluster_001694	evm.utg4455.47	evm.utg4455.47	1	evm.utg4455.47	exact_python_fallback
dark_cluster_001695	evm.utg36040.2	evm.utg36040.2	1	evm.utg36040.2	exact_python_fallback
dark_cluster_001696	evm.utg2129.24	evm.utg2129.24	1	evm.utg2129.24	exact_python_fallback
dark_cluster_001697	evm.utg3019.48	evm.utg3019.48	1	evm.utg3019.48	exact_python_fallback
dark_cluster_001698	evm.utg1846.101	evm.utg1846.101	1	evm.utg1846.101	exact_python_fallback
dark_cluster_001699	evm.utg190.16	evm.utg190.16	1	evm.utg190.16	exact_python_fallback
dark_cluster_001700	evm.utg2606.15	evm.utg2606.15	1	evm.utg2606.15	exact_python_fallback
dark_cluster_001701	evm.utg126.100	evm.utg126.100	1	evm.utg126.100	exact_python_fallback
dark_cluster_001702	evm.utg3839.87	evm.utg3839.87	1	evm.utg3839.87	exact_python_fallback
dark_cluster_001703	evm.utg8851.48	evm.utg8851.48	1	evm.utg8851.48	exact_python_fallback
dark_cluster_001704	evm.utg35117.2	evm.utg35117.2	1	evm.utg35117.2	exact_python_fallback
dark_cluster_001705	evm.utg1452.16	evm.utg1452.16	1	evm.utg1452.16	exact_python_fallback
dark_cluster_001706	evm.utg12230.7	evm.utg12230.7	1	evm.utg12230.7	exact_python_fallback
dark_cluster_001707	evm.utg4082.47	evm.utg4082.47	1	evm.utg4082.47	exact_python_fallback
dark_cluster_001708	utg890.equina_smart_1425778.mrna1	utg890.equina_smart_1425778.mrna1	1	utg890.equina_smart_1425778.mrna1	exact_python_fallback
dark_cluster_001709	evm.utg3093.9	evm.utg3093.9	1	evm.utg3093.9	exact_python_fallback
dark_cluster_001710	evm.utg522.1	evm.utg522.1	3	evm.utg522.1;evm.utg522.16;evm.utg522.21	exact_python_fallback
dark_cluster_001710	evm.utg522.1	evm.utg522.16	3	evm.utg522.1;evm.utg522.16;evm.utg522.21	exact_python_fallback
dark_cluster_001710	evm.utg522.1	evm.utg522.21	3	evm.utg522.1;evm.utg522.16;evm.utg522.21	exact_python_fallback
dark_cluster_001711	utg411.equina_smart_1533327.mrna1	utg411.equina_smart_1533327.mrna1	1	utg411.equina_smart_1533327.mrna1	exact_python_fallback
dark_cluster_001712	utg3292.equina_smart_676577.mrna4	utg3292.equina_smart_676577.mrna4	1	utg3292.equina_smart_676577.mrna4	exact_python_fallback
dark_cluster_001713	evm.utg62.12	evm.utg62.12	2	evm.utg62.12;evm.utg62.56	exact_python_fallback
dark_cluster_001713	evm.utg62.12	evm.utg62.56	2	evm.utg62.12;evm.utg62.56	exact_python_fallback
dark_cluster_001714	evm.utg2083.60	evm.utg2083.60	1	evm.utg2083.60	exact_python_fallback
dark_cluster_001715	evm.utg25321.15	evm.utg25321.15	1	evm.utg25321.15	exact_python_fallback
dark_cluster_001716	evm.utg1897.98	evm.utg1897.98	1	evm.utg1897.98	exact_python_fallback
dark_cluster_001717	evm.utg109.91	evm.utg109.91	1	evm.utg109.91	exact_python_fallback
dark_cluster_001718	utg666.equina_smart_442931.mrna1	utg666.equina_smart_442931.mrna1	1	utg666.equina_smart_442931.mrna1	exact_python_fallback
dark_cluster_001719	utg15013.equina_smart_1471276.mrna1	utg15013.equina_smart_1471276.mrna1	1	utg15013.equina_smart_1471276.mrna1	exact_python_fallback
dark_cluster_001720	evm.utg1609.54	evm.utg1609.54	1	evm.utg1609.54	exact_python_fallback
dark_cluster_001721	utg625.equina_smart_1614714.mrna1	utg625.equina_smart_1614714.mrna1	1	utg625.equina_smart_1614714.mrna1	exact_python_fallback
dark_cluster_001722	utg7127.equina_smart_1479913.mrna5	utg7127.equina_smart_1479913.mrna5	1	utg7127.equina_smart_1479913.mrna5	exact_python_fallback
dark_cluster_001723	utg62950.equina_smart_1729724.mrna2	utg62950.equina_smart_1729724.mrna2	1	utg62950.equina_smart_1729724.mrna2	exact_python_fallback
dark_cluster_001724	utg54.equina_smart_1393648.mrna3	utg54.equina_smart_1393648.mrna3	1	utg54.equina_smart_1393648.mrna3	exact_python_fallback
dark_cluster_001725	utg54.equina_smart_1475680.mrna3	utg54.equina_smart_1475680.mrna3	1	utg54.equina_smart_1475680.mrna3	exact_python_fallback
dark_cluster_001726	utg62950.equina_smart_1479913.mrna2	utg62950.equina_smart_1479913.mrna2	1	utg62950.equina_smart_1479913.mrna2	exact_python_fallback
dark_cluster_001727	utg2129.equina_smart_1863330.mrna1	utg2129.equina_smart_1863330.mrna1	1	utg2129.equina_smart_1863330.mrna1	exact_python_fallback
dark_cluster_001728	utg2129.equina_smart_654438.mrna1	utg2129.equina_smart_654438.mrna1	1	utg2129.equina_smart_654438.mrna1	exact_python_fallback
dark_cluster_001729	utg3329.equina_smart_1624084.mrna1	utg3329.equina_smart_1624084.mrna1	1	utg3329.equina_smart_1624084.mrna1	exact_python_fallback
dark_cluster_001730	utg5578.equina_smart_1656874.mrna3	utg5578.equina_smart_1656874.mrna3	1	utg5578.equina_smart_1656874.mrna3	exact_python_fallback
dark_cluster_001731	utg5578.equina_smart_1639775.mrna3	utg5578.equina_smart_1639775.mrna3	1	utg5578.equina_smart_1639775.mrna3	exact_python_fallback
dark_cluster_001732	utg1579.equina_smart_1435556.mrna2	utg1579.equina_smart_1435556.mrna2	1	utg1579.equina_smart_1435556.mrna2	exact_python_fallback
dark_cluster_001733	utg77.equina_smart_1713203.mrna2	utg77.equina_smart_1713203.mrna2	1	utg77.equina_smart_1713203.mrna2	exact_python_fallback
dark_cluster_001734	utg2487.equina_smart_1656874.mrna1	utg2487.equina_smart_1656874.mrna1	2	utg2487.equina_smart_1656874.mrna1;utg2487.equina_smart_1656874.mrna2	exact_python_fallback
dark_cluster_001734	utg2487.equina_smart_1656874.mrna1	utg2487.equina_smart_1656874.mrna2	2	utg2487.equina_smart_1656874.mrna1;utg2487.equina_smart_1656874.mrna2	exact_python_fallback
dark_cluster_001735	utg307.equina_smart_1778237.mrna4	utg307.equina_smart_1778237.mrna4	1	utg307.equina_smart_1778237.mrna4	exact_python_fallback
dark_cluster_001736	utg1056.equina_smart_1778237.mrna7	utg1056.equina_smart_1778237.mrna7	1	utg1056.equina_smart_1778237.mrna7	exact_python_fallback
dark_cluster_001737	utg207.equina_smart_1612683.mrna4	utg207.equina_smart_1612683.mrna4	1	utg207.equina_smart_1612683.mrna4	exact_python_fallback
dark_cluster_001738	utg6078.equina_smart_1778237.mrna3	utg6078.equina_smart_1778237.mrna3	1	utg6078.equina_smart_1778237.mrna3	exact_python_fallback
dark_cluster_001739	utg1272.equina_smart_1694720.mrna1	utg1272.equina_smart_1694720.mrna1	1	utg1272.equina_smart_1694720.mrna1	exact_python_fallback
dark_cluster_001740	utg2487.equina_smart_1624086.mrna1	utg2487.equina_smart_1624086.mrna1	1	utg2487.equina_smart_1624086.mrna1	exact_python_fallback
dark_cluster_001741	utg2099.equina_smart_1635804.mrna1	utg2099.equina_smart_1635804.mrna1	1	utg2099.equina_smart_1635804.mrna1	exact_python_fallback
dark_cluster_001742	utg1555.equina_smart_1863330.mrna4	utg1555.equina_smart_1863330.mrna4	1	utg1555.equina_smart_1863330.mrna4	exact_python_fallback
dark_cluster_001743	utg4187.equina_smart_1614714.mrna10	utg4187.equina_smart_1614714.mrna10	1	utg4187.equina_smart_1614714.mrna10	exact_python_fallback
dark_cluster_001744	utg27.equina_smart_1836529.mrna1	utg27.equina_smart_1836529.mrna1	1	utg27.equina_smart_1836529.mrna1	exact_python_fallback
dark_cluster_001745	utg790.equina_smart_68539.mrna1	utg790.equina_smart_68539.mrna1	1	utg790.equina_smart_68539.mrna1	exact_python_fallback
dark_cluster_001746	utg1345.equina_smart_1503899.mrna1	utg1345.equina_smart_1503899.mrna1	1	utg1345.equina_smart_1503899.mrna1	exact_python_fallback
dark_cluster_001747	evm.utg7289.51	evm.utg7289.51	1	evm.utg7289.51	exact_python_fallback
dark_cluster_001748	evm.utg12551.15	evm.utg12551.15	2	evm.utg12551.15;evm.utg12551.2	exact_python_fallback
dark_cluster_001748	evm.utg12551.15	evm.utg12551.2	2	evm.utg12551.15;evm.utg12551.2	exact_python_fallback
dark_cluster_001749	evm.utg512.47	evm.utg512.47	1	evm.utg512.47	exact_python_fallback
dark_cluster_001750	utg470.equina_smart_1546483.mrna1	utg470.equina_smart_1546483.mrna1	1	utg470.equina_smart_1546483.mrna1	exact_python_fallback
dark_cluster_001751	evm.utg4716.10	evm.utg4716.10	1	evm.utg4716.10	exact_python_fallback
dark_cluster_001752	evm.utg3210.39	evm.utg3210.39	2	evm.utg3210.39;evm.utg3210.8	exact_python_fallback
dark_cluster_001752	evm.utg3210.39	evm.utg3210.8	2	evm.utg3210.39;evm.utg3210.8	exact_python_fallback
dark_cluster_001753	utg4194.equina_smart_1694720.mrna2	utg4194.equina_smart_1694720.mrna2	1	utg4194.equina_smart_1694720.mrna2	exact_python_fallback
dark_cluster_001754	evm.utg7066.43	evm.utg7066.43	1	evm.utg7066.43	exact_python_fallback
dark_cluster_001755	utg10114.equina_smart_657794.mrna10	utg10114.equina_smart_657794.mrna10	6	utg10114.equina_smart_657794.mrna10;utg3022.equina_smart_657794.mrna6;utg31428.equina_smart_657794.mrna12;utg418.equina_smart_657794.mrna4;utg512.equina_smart_657794.mrna5;utg62.equina_smart_657794.mrna2	exact_python_fallback
dark_cluster_001755	utg10114.equina_smart_657794.mrna10	utg3022.equina_smart_657794.mrna6	6	utg10114.equina_smart_657794.mrna10;utg3022.equina_smart_657794.mrna6;utg31428.equina_smart_657794.mrna12;utg418.equina_smart_657794.mrna4;utg512.equina_smart_657794.mrna5;utg62.equina_smart_657794.mrna2	exact_python_fallback
dark_cluster_001755	utg10114.equina_smart_657794.mrna10	utg31428.equina_smart_657794.mrna12	6	utg10114.equina_smart_657794.mrna10;utg3022.equina_smart_657794.mrna6;utg31428.equina_smart_657794.mrna12;utg418.equina_smart_657794.mrna4;utg512.equina_smart_657794.mrna5;utg62.equina_smart_657794.mrna2	exact_python_fallback
dark_cluster_001755	utg10114.equina_smart_657794.mrna10	utg418.equina_smart_657794.mrna4	6	utg10114.equina_smart_657794.mrna10;utg3022.equina_smart_657794.mrna6;utg31428.equina_smart_657794.mrna12;utg418.equina_smart_657794.mrna4;utg512.equina_smart_657794.mrna5;utg62.equina_smart_657794.mrna2	exact_python_fallback
dark_cluster_001755	utg10114.equina_smart_657794.mrna10	utg512.equina_smart_657794.mrna5	6	utg10114.equina_smart_657794.mrna10;utg3022.equina_smart_657794.mrna6;utg31428.equina_smart_657794.mrna12;utg418.equina_smart_657794.mrna4;utg512.equina_smart_657794.mrna5;utg62.equina_smart_657794.mrna2	exact_python_fallback
dark_cluster_001755	utg10114.equina_smart_657794.mrna10	utg62.equina_smart_657794.mrna2	6	utg10114.equina_smart_657794.mrna10;utg3022.equina_smart_657794.mrna6;utg31428.equina_smart_657794.mrna12;utg418.equina_smart_657794.mrna4;utg512.equina_smart_657794.mrna5;utg62.equina_smart_657794.mrna2	exact_python_fallback
dark_cluster_001756	utg801.equina_smart_1701734.mrna1	utg801.equina_smart_1701734.mrna1	1	utg801.equina_smart_1701734.mrna1	exact_python_fallback
dark_cluster_001757	utg975.evm.utg107.64.mrna3	utg975.evm.utg107.64.mrna3	1	utg975.evm.utg107.64.mrna3	exact_python_fallback
dark_cluster_001758	evm.utg17994.12	evm.utg17994.12	1	evm.utg17994.12	exact_python_fallback
dark_cluster_001759	evm.utg73.130	evm.utg73.130	1	evm.utg73.130	exact_python_fallback
dark_cluster_001760	evm.utg4922.20	evm.utg4922.20	1	evm.utg4922.20	exact_python_fallback
dark_cluster_001761	utg420.equina_smart_56931.mrna1	utg420.equina_smart_56931.mrna1	1	utg420.equina_smart_56931.mrna1	exact_python_fallback
dark_cluster_001762	utg5950.equina_smart_702329.mrna2	utg5950.equina_smart_702329.mrna2	1	utg5950.equina_smart_702329.mrna2	exact_python_fallback
dark_cluster_001763	evm.utg17612.19	evm.utg17612.19	1	evm.utg17612.19	exact_python_fallback
dark_cluster_001764	utg1271.equina_smart_1835967.mrna6	utg1271.equina_smart_1835967.mrna6	1	utg1271.equina_smart_1835967.mrna6	exact_python_fallback
dark_cluster_001765	utg33938.equina_smart_647107.mrna1	utg33938.equina_smart_647107.mrna1	1	utg33938.equina_smart_647107.mrna1	exact_python_fallback
dark_cluster_001766	utg498.equina_smart_989982.mrna1	utg498.equina_smart_989982.mrna1	1	utg498.equina_smart_989982.mrna1	exact_python_fallback
dark_cluster_001767	evm.utg2200.44	evm.utg2200.44	1	evm.utg2200.44	exact_python_fallback
dark_cluster_001768	utg4977.equina_smart_1471853.mrna3	utg4977.equina_smart_1471853.mrna3	1	utg4977.equina_smart_1471853.mrna3	exact_python_fallback
dark_cluster_001769	evm.utg750.50	evm.utg750.50	2	evm.utg750.50;evm.utg750.60	exact_python_fallback
dark_cluster_001769	evm.utg750.50	evm.utg750.60	2	evm.utg750.50;evm.utg750.60	exact_python_fallback
dark_cluster_001770	evm.utg4428.6	evm.utg4428.6	1	evm.utg4428.6	exact_python_fallback
dark_cluster_001771	evm.utg56.17	evm.utg56.17	1	evm.utg56.17	exact_python_fallback
dark_cluster_001772	evm.utg56.16	evm.utg56.16	1	evm.utg56.16	exact_python_fallback
dark_cluster_001773	evm.utg9285.7	evm.utg9285.7	1	evm.utg9285.7	exact_python_fallback
dark_cluster_001774	evm.utg1609.87.1.5c22eb78	evm.utg1609.87.1.5c22eb78	1	evm.utg1609.87.1.5c22eb78	exact_python_fallback
dark_cluster_001775	evm.utg1663.1	evm.utg1663.1	5	evm.utg1663.1;evm.utg1663.11;evm.utg1663.13;evm.utg1663.32;evm.utg1663.61	exact_python_fallback
dark_cluster_001775	evm.utg1663.1	evm.utg1663.11	5	evm.utg1663.1;evm.utg1663.11;evm.utg1663.13;evm.utg1663.32;evm.utg1663.61	exact_python_fallback
dark_cluster_001775	evm.utg1663.1	evm.utg1663.13	5	evm.utg1663.1;evm.utg1663.11;evm.utg1663.13;evm.utg1663.32;evm.utg1663.61	exact_python_fallback
dark_cluster_001775	evm.utg1663.1	evm.utg1663.32	5	evm.utg1663.1;evm.utg1663.11;evm.utg1663.13;evm.utg1663.32;evm.utg1663.61	exact_python_fallback
dark_cluster_001775	evm.utg1663.1	evm.utg1663.61	5	evm.utg1663.1;evm.utg1663.11;evm.utg1663.13;evm.utg1663.32;evm.utg1663.61	exact_python_fallback
dark_cluster_001776	evm.utg8.50	evm.utg8.50	1	evm.utg8.50	exact_python_fallback
dark_cluster_001777	utg10321.equina_smart_699690.mrna3	utg10321.equina_smart_699690.mrna3	1	utg10321.equina_smart_699690.mrna3	exact_python_fallback
dark_cluster_001778	evm.utg896.8	evm.utg896.8	1	evm.utg896.8	exact_python_fallback
dark_cluster_001779	evm.utg7286.47	evm.utg7286.47	1	evm.utg7286.47	exact_python_fallback
dark_cluster_001780	evm.utg10135.1	evm.utg10135.1	1	evm.utg10135.1	exact_python_fallback
dark_cluster_001781	evm.utg4290.15	evm.utg4290.15	1	evm.utg4290.15	exact_python_fallback
dark_cluster_001782	utg376.equina_smart_1752506.mrna1	utg376.equina_smart_1752506.mrna1	1	utg376.equina_smart_1752506.mrna1	exact_python_fallback
dark_cluster_001783	utg522.equina_smart_972692.mrna1	utg522.equina_smart_972692.mrna1	1	utg522.equina_smart_972692.mrna1	exact_python_fallback
dark_cluster_001784	evm.utg101.96	evm.utg101.96	1	evm.utg101.96	exact_python_fallback
dark_cluster_001785	evm.utg17508.4	evm.utg17508.4	1	evm.utg17508.4	exact_python_fallback
dark_cluster_001786	evm.utg1395.2	evm.utg1395.2	1	evm.utg1395.2	exact_python_fallback
dark_cluster_001787	utg8726.equina_smart_1483511.mrna1	utg8726.equina_smart_1483511.mrna1	1	utg8726.equina_smart_1483511.mrna1	exact_python_fallback
dark_cluster_001788	evm.utg349.1	evm.utg349.1	1	evm.utg349.1	exact_python_fallback
dark_cluster_001789	evm.utg6035.1	evm.utg6035.1	2	evm.utg6035.1;evm.utg6035.9	exact_python_fallback
dark_cluster_001789	evm.utg6035.1	evm.utg6035.9	2	evm.utg6035.1;evm.utg6035.9	exact_python_fallback
dark_cluster_001790	evm.utg817.29	evm.utg817.29	1	evm.utg817.29	exact_python_fallback
dark_cluster_001791	evm.utg5662.1	evm.utg5662.1	4	evm.utg5662.1;evm.utg5662.19;evm.utg5662.24;evm.utg5662.26	exact_python_fallback
dark_cluster_001791	evm.utg5662.1	evm.utg5662.19	4	evm.utg5662.1;evm.utg5662.19;evm.utg5662.24;evm.utg5662.26	exact_python_fallback
dark_cluster_001791	evm.utg5662.1	evm.utg5662.24	4	evm.utg5662.1;evm.utg5662.19;evm.utg5662.24;evm.utg5662.26	exact_python_fallback
dark_cluster_001791	evm.utg5662.1	evm.utg5662.26	4	evm.utg5662.1;evm.utg5662.19;evm.utg5662.24;evm.utg5662.26	exact_python_fallback
dark_cluster_001792	evm.utg11096.11	evm.utg11096.11	1	evm.utg11096.11	exact_python_fallback
dark_cluster_001793	utg236.equina_smart_1404524.mrna1	utg236.equina_smart_1404524.mrna1	1	utg236.equina_smart_1404524.mrna1	exact_python_fallback
dark_cluster_001794	evm.utg190.50	evm.utg190.50	1	evm.utg190.50	exact_python_fallback
dark_cluster_001795	utg410.equina_smart_1867654.mrna11	utg410.equina_smart_1867654.mrna11	1	utg410.equina_smart_1867654.mrna11	exact_python_fallback
dark_cluster_001796	evm.utg411.141	evm.utg411.141	1	evm.utg411.141	exact_python_fallback
dark_cluster_001797	evm.utg344.48	evm.utg344.48	1	evm.utg344.48	exact_python_fallback
dark_cluster_001798	evm.utg8316.4	evm.utg8316.4	1	evm.utg8316.4	exact_python_fallback
dark_cluster_001799	utg2129.equina_smart_1442220.mrna1	utg2129.equina_smart_1442220.mrna1	1	utg2129.equina_smart_1442220.mrna1	exact_python_fallback
dark_cluster_001800	utg1355.equina_smart_1433159.mrna1	utg1355.equina_smart_1433159.mrna1	1	utg1355.equina_smart_1433159.mrna1	exact_python_fallback
dark_cluster_001801	evm.utg3891.5	evm.utg3891.5	1	evm.utg3891.5	exact_python_fallback
dark_cluster_001802	evm.utg55.161	evm.utg55.161	1	evm.utg55.161	exact_python_fallback
dark_cluster_001803	evm.utg5217.1	evm.utg5217.1	4	evm.utg5217.1;evm.utg5217.7;evm.utg5217.8;evm.utg5217.9	exact_python_fallback
dark_cluster_001803	evm.utg5217.1	evm.utg5217.7	4	evm.utg5217.1;evm.utg5217.7;evm.utg5217.8;evm.utg5217.9	exact_python_fallback
dark_cluster_001803	evm.utg5217.1	evm.utg5217.8	4	evm.utg5217.1;evm.utg5217.7;evm.utg5217.8;evm.utg5217.9	exact_python_fallback
dark_cluster_001803	evm.utg5217.1	evm.utg5217.9	4	evm.utg5217.1;evm.utg5217.7;evm.utg5217.8;evm.utg5217.9	exact_python_fallback
dark_cluster_001804	evm.utg73.11	evm.utg73.11	1	evm.utg73.11	exact_python_fallback
dark_cluster_001805	evm.utg1464.4	evm.utg1464.4	1	evm.utg1464.4	exact_python_fallback
dark_cluster_001806	evm.utg8851.10	evm.utg8851.10	1	evm.utg8851.10	exact_python_fallback
dark_cluster_001807	utg9623.evm.utg6423.34.mrna2	utg9623.evm.utg6423.34.mrna2	1	utg9623.evm.utg6423.34.mrna2	exact_python_fallback
dark_cluster_001808	evm.utg12655.45	evm.utg12655.45	1	evm.utg12655.45	exact_python_fallback
dark_cluster_001809	evm.utg43115.5	evm.utg43115.5	1	evm.utg43115.5	exact_python_fallback
dark_cluster_001810	utg1253.evm.utg560.14.mrna8	utg1253.evm.utg560.14.mrna8	1	utg1253.evm.utg560.14.mrna8	exact_python_fallback
dark_cluster_001811	utg5246.evm.utg560.14.mrna2	utg5246.evm.utg560.14.mrna2	1	utg5246.evm.utg560.14.mrna2	exact_python_fallback
dark_cluster_001812	evm.utg1890.6	evm.utg1890.6	1	evm.utg1890.6	exact_python_fallback
dark_cluster_001813	evm.utg1900.49	evm.utg1900.49	1	evm.utg1900.49	exact_python_fallback
dark_cluster_001814	evm.utg2205.14	evm.utg2205.14	1	evm.utg2205.14	exact_python_fallback
dark_cluster_001815	evm.utg1234.1	evm.utg1234.1	1	evm.utg1234.1	exact_python_fallback
dark_cluster_001816	evm.utg2801.33	evm.utg2801.33	2	evm.utg2801.33;evm.utg2801.48	exact_python_fallback
dark_cluster_001816	evm.utg2801.33	evm.utg2801.48	2	evm.utg2801.33;evm.utg2801.48	exact_python_fallback
dark_cluster_001817	evm.utg1049.2	evm.utg1049.2	1	evm.utg1049.2	exact_python_fallback
dark_cluster_001818	evm.utg6477.17	evm.utg6477.17	1	evm.utg6477.17	exact_python_fallback
dark_cluster_001819	evm.utg7596.7	evm.utg7596.7	1	evm.utg7596.7	exact_python_fallback
dark_cluster_001820	evm.utg11497.14	evm.utg11497.14	1	evm.utg11497.14	exact_python_fallback
dark_cluster_001821	evm.utg1465.34	evm.utg1465.34	1	evm.utg1465.34	exact_python_fallback
dark_cluster_001822	evm.utg542.99	evm.utg542.99	1	evm.utg542.99	exact_python_fallback
dark_cluster_001823	utg6459.equina_smart_25077.mrna1	utg6459.equina_smart_25077.mrna1	1	utg6459.equina_smart_25077.mrna1	exact_python_fallback
dark_cluster_001824	utg6373.equina_smart_1658164.mrna2	utg6373.equina_smart_1658164.mrna2	1	utg6373.equina_smart_1658164.mrna2	exact_python_fallback
dark_cluster_001825	utg1337.equina_smart_912437.mrna1	utg1337.equina_smart_912437.mrna1	1	utg1337.equina_smart_912437.mrna1	exact_python_fallback
dark_cluster_001826	evm.utg1698.17	evm.utg1698.17	1	evm.utg1698.17	exact_python_fallback
dark_cluster_001827	evm.utg2129.154	evm.utg2129.154	1	evm.utg2129.154	exact_python_fallback
dark_cluster_001828	evm.utg2601.54	evm.utg2601.54	1	evm.utg2601.54	exact_python_fallback
dark_cluster_001829	evm.utg5059.39	evm.utg5059.39	4	evm.utg5059.39;evm.utg5059.63;evm.utg5059.72;evm.utg5059.74	exact_python_fallback
dark_cluster_001829	evm.utg5059.39	evm.utg5059.63	4	evm.utg5059.39;evm.utg5059.63;evm.utg5059.72;evm.utg5059.74	exact_python_fallback
dark_cluster_001829	evm.utg5059.39	evm.utg5059.72	4	evm.utg5059.39;evm.utg5059.63;evm.utg5059.72;evm.utg5059.74	exact_python_fallback
dark_cluster_001829	evm.utg5059.39	evm.utg5059.74	4	evm.utg5059.39;evm.utg5059.63;evm.utg5059.72;evm.utg5059.74	exact_python_fallback
dark_cluster_001830	evm.utg1936.4	evm.utg1936.4	1	evm.utg1936.4	exact_python_fallback
dark_cluster_001831	evm.utg3622.27	evm.utg3622.27	2	evm.utg3622.27;utg45540.evm.utg3622.27.mrna2	exact_python_fallback
dark_cluster_001831	evm.utg3622.27	utg45540.evm.utg3622.27.mrna2	2	evm.utg3622.27;utg45540.evm.utg3622.27.mrna2	exact_python_fallback
dark_cluster_001832	evm.utg735.27	evm.utg735.27	1	evm.utg735.27	exact_python_fallback
dark_cluster_001833	evm.utg6459.10	evm.utg6459.10	1	evm.utg6459.10	exact_python_fallback
dark_cluster_001834	utg1032.equina_smart_458443.mrna1	utg1032.equina_smart_458443.mrna1	1	utg1032.equina_smart_458443.mrna1	exact_python_fallback
dark_cluster_001835	utg49.equina_smart_1592054.mrna1	utg49.equina_smart_1592054.mrna1	1	utg49.equina_smart_1592054.mrna1	exact_python_fallback
dark_cluster_001836	evm.utg7048.3	evm.utg7048.3	1	evm.utg7048.3	exact_python_fallback
dark_cluster_001837	evm.utg6851.24	evm.utg6851.24	1	evm.utg6851.24	exact_python_fallback
dark_cluster_001838	evm.utg59939.4	evm.utg59939.4	2	evm.utg59939.4;evm.utg59939.5	exact_python_fallback
dark_cluster_001838	evm.utg59939.4	evm.utg59939.5	2	evm.utg59939.4;evm.utg59939.5	exact_python_fallback
dark_cluster_001839	utg203.evm.utg2969.39.mrna2	utg203.evm.utg2969.39.mrna2	1	utg203.evm.utg2969.39.mrna2	exact_python_fallback
dark_cluster_001840	evm.utg2969.39	evm.utg2969.39	1	evm.utg2969.39	exact_python_fallback
dark_cluster_001841	evm.utg4695.66	evm.utg4695.66	1	evm.utg4695.66	exact_python_fallback
dark_cluster_001842	evm.utg8.39	evm.utg8.39	1	evm.utg8.39	exact_python_fallback
dark_cluster_001843	utg801.equina_smart_1424486utrorf.mrna1	utg801.equina_smart_1424486utrorf.mrna1	1	utg801.equina_smart_1424486utrorf.mrna1	exact_python_fallback
dark_cluster_001844	evm.utg14731.11	evm.utg14731.11	1	evm.utg14731.11	exact_python_fallback
dark_cluster_001845	evm.utg2100.13	evm.utg2100.13	3	evm.utg2100.13;evm.utg2100.25;evm.utg2100.37	exact_python_fallback
dark_cluster_001845	evm.utg2100.13	evm.utg2100.25	3	evm.utg2100.13;evm.utg2100.25;evm.utg2100.37	exact_python_fallback
dark_cluster_001845	evm.utg2100.13	evm.utg2100.37	3	evm.utg2100.13;evm.utg2100.25;evm.utg2100.37	exact_python_fallback
dark_cluster_001846	evm.utg1022.46	evm.utg1022.46	3	evm.utg1022.46;evm.utg1022.50;evm.utg1022.53	exact_python_fallback
dark_cluster_001846	evm.utg1022.46	evm.utg1022.50	3	evm.utg1022.46;evm.utg1022.50;evm.utg1022.53	exact_python_fallback
dark_cluster_001846	evm.utg1022.46	evm.utg1022.53	3	evm.utg1022.46;evm.utg1022.50;evm.utg1022.53	exact_python_fallback
dark_cluster_001847	evm.utg6551.19	evm.utg6551.19	1	evm.utg6551.19	exact_python_fallback
dark_cluster_001848	evm.utg801.100	evm.utg801.100	1	evm.utg801.100	exact_python_fallback
dark_cluster_001849	evm.utg28209.1	evm.utg28209.1	2	evm.utg28209.1;evm.utg28209.2	exact_python_fallback
dark_cluster_001849	evm.utg28209.1	evm.utg28209.2	2	evm.utg28209.1;evm.utg28209.2	exact_python_fallback
dark_cluster_001850	evm.utg150.15	evm.utg150.15	5	evm.utg150.15;evm.utg150.28;evm.utg150.38;evm.utg150.53;evm.utg150.85	exact_python_fallback
dark_cluster_001850	evm.utg150.15	evm.utg150.28	5	evm.utg150.15;evm.utg150.28;evm.utg150.38;evm.utg150.53;evm.utg150.85	exact_python_fallback
dark_cluster_001850	evm.utg150.15	evm.utg150.38	5	evm.utg150.15;evm.utg150.28;evm.utg150.38;evm.utg150.53;evm.utg150.85	exact_python_fallback
dark_cluster_001850	evm.utg150.15	evm.utg150.53	5	evm.utg150.15;evm.utg150.28;evm.utg150.38;evm.utg150.53;evm.utg150.85	exact_python_fallback
dark_cluster_001850	evm.utg150.15	evm.utg150.85	5	evm.utg150.15;evm.utg150.28;evm.utg150.38;evm.utg150.53;evm.utg150.85	exact_python_fallback
dark_cluster_001851	evm.utg1765.26	evm.utg1765.26	1	evm.utg1765.26	exact_python_fallback
dark_cluster_001852	evm.utg625.1	evm.utg625.1	9	evm.utg625.1;evm.utg625.123;evm.utg625.124;evm.utg625.27;evm.utg625.45;evm.utg625.6;evm.utg625.64;evm.utg625.67;evm.utg625.93	exact_python_fallback
dark_cluster_001852	evm.utg625.1	evm.utg625.123	9	evm.utg625.1;evm.utg625.123;evm.utg625.124;evm.utg625.27;evm.utg625.45;evm.utg625.6;evm.utg625.64;evm.utg625.67;evm.utg625.93	exact_python_fallback
dark_cluster_001852	evm.utg625.1	evm.utg625.124	9	evm.utg625.1;evm.utg625.123;evm.utg625.124;evm.utg625.27;evm.utg625.45;evm.utg625.6;evm.utg625.64;evm.utg625.67;evm.utg625.93	exact_python_fallback
dark_cluster_001852	evm.utg625.1	evm.utg625.27	9	evm.utg625.1;evm.utg625.123;evm.utg625.124;evm.utg625.27;evm.utg625.45;evm.utg625.6;evm.utg625.64;evm.utg625.67;evm.utg625.93	exact_python_fallback
dark_cluster_001852	evm.utg625.1	evm.utg625.45	9	evm.utg625.1;evm.utg625.123;evm.utg625.124;evm.utg625.27;evm.utg625.45;evm.utg625.6;evm.utg625.64;evm.utg625.67;evm.utg625.93	exact_python_fallback
dark_cluster_001852	evm.utg625.1	evm.utg625.6	9	evm.utg625.1;evm.utg625.123;evm.utg625.124;evm.utg625.27;evm.utg625.45;evm.utg625.6;evm.utg625.64;evm.utg625.67;evm.utg625.93	exact_python_fallback
dark_cluster_001852	evm.utg625.1	evm.utg625.64	9	evm.utg625.1;evm.utg625.123;evm.utg625.124;evm.utg625.27;evm.utg625.45;evm.utg625.6;evm.utg625.64;evm.utg625.67;evm.utg625.93	exact_python_fallback
dark_cluster_001852	evm.utg625.1	evm.utg625.67	9	evm.utg625.1;evm.utg625.123;evm.utg625.124;evm.utg625.27;evm.utg625.45;evm.utg625.6;evm.utg625.64;evm.utg625.67;evm.utg625.93	exact_python_fallback
dark_cluster_001852	evm.utg625.1	evm.utg625.93	9	evm.utg625.1;evm.utg625.123;evm.utg625.124;evm.utg625.27;evm.utg625.45;evm.utg625.6;evm.utg625.64;evm.utg625.67;evm.utg625.93	exact_python_fallback
dark_cluster_001853	utg3906.equina_smart_584752.mrna1	utg3906.equina_smart_584752.mrna1	1	utg3906.equina_smart_584752.mrna1	exact_python_fallback
dark_cluster_001854	evm.utg3329.6	evm.utg3329.6	1	evm.utg3329.6	exact_python_fallback
dark_cluster_001855	evm.utg456.63	evm.utg456.63	1	evm.utg456.63	exact_python_fallback
dark_cluster_001856	evm.utg4652.23	evm.utg4652.23	1	evm.utg4652.23	exact_python_fallback
dark_cluster_001857	evm.utg479.2	evm.utg479.2	1	evm.utg479.2	exact_python_fallback
dark_cluster_001858	evm.utg2017.1	evm.utg2017.1	2	evm.utg2017.1;evm.utg2017.38	exact_python_fallback
dark_cluster_001858	evm.utg2017.1	evm.utg2017.38	2	evm.utg2017.1;evm.utg2017.38	exact_python_fallback
dark_cluster_001859	evm.utg1347.25	evm.utg1347.25	1	evm.utg1347.25	exact_python_fallback
dark_cluster_001860	evm.utg567.5	evm.utg567.5	1	evm.utg567.5	exact_python_fallback
dark_cluster_001861	utg10358.equina_smart_1639775.mrna7	utg10358.equina_smart_1639775.mrna7	1	utg10358.equina_smart_1639775.mrna7	exact_python_fallback
dark_cluster_001862	evm.utg790.26	evm.utg790.26	1	evm.utg790.26	exact_python_fallback
dark_cluster_001863	evm.utg1395.32	evm.utg1395.32	1	evm.utg1395.32	exact_python_fallback
dark_cluster_001864	evm.utg9110.33	evm.utg9110.33	1	evm.utg9110.33	exact_python_fallback
dark_cluster_001865	evm.utg1463.17	evm.utg1463.17	1	evm.utg1463.17	exact_python_fallback
dark_cluster_001866	utg479.equina_smart_177996.mrna1	utg479.equina_smart_177996.mrna1	1	utg479.equina_smart_177996.mrna1	exact_python_fallback
dark_cluster_001867	utg163.equina_smart_1401017.mrna1	utg163.equina_smart_1401017.mrna1	1	utg163.equina_smart_1401017.mrna1	exact_python_fallback
dark_cluster_001868	evm.utg594.15.2.5c22f27e	evm.utg594.15.2.5c22f27e	1	evm.utg594.15.2.5c22f27e	exact_python_fallback
dark_cluster_001869	evm.utg20197.3	evm.utg20197.3	3	evm.utg20197.3;evm.utg20197.6;evm.utg20197.7	exact_python_fallback
dark_cluster_001869	evm.utg20197.3	evm.utg20197.6	3	evm.utg20197.3;evm.utg20197.6;evm.utg20197.7	exact_python_fallback
dark_cluster_001869	evm.utg20197.3	evm.utg20197.7	3	evm.utg20197.3;evm.utg20197.6;evm.utg20197.7	exact_python_fallback
dark_cluster_001870	utg32260.evm.utg7616.12.mrna2	utg32260.evm.utg7616.12.mrna2	1	utg32260.evm.utg7616.12.mrna2	exact_python_fallback
dark_cluster_001871	evm.utg1236.22	evm.utg1236.22	4	evm.utg1236.22;evm.utg1236.32;evm.utg1236.35;evm.utg1236.37	exact_python_fallback
dark_cluster_001871	evm.utg1236.22	evm.utg1236.32	4	evm.utg1236.22;evm.utg1236.32;evm.utg1236.35;evm.utg1236.37	exact_python_fallback
dark_cluster_001871	evm.utg1236.22	evm.utg1236.35	4	evm.utg1236.22;evm.utg1236.32;evm.utg1236.35;evm.utg1236.37	exact_python_fallback
dark_cluster_001871	evm.utg1236.22	evm.utg1236.37	4	evm.utg1236.22;evm.utg1236.32;evm.utg1236.35;evm.utg1236.37	exact_python_fallback
dark_cluster_001872	evm.utg1931.70	evm.utg1931.70	1	evm.utg1931.70	exact_python_fallback
dark_cluster_001873	evm.utg82.8	evm.utg82.8	1	evm.utg82.8	exact_python_fallback
dark_cluster_001874	evm.utg820.14	evm.utg820.14	2	evm.utg820.14;evm.utg820.7	exact_python_fallback
dark_cluster_001874	evm.utg820.14	evm.utg820.7	2	evm.utg820.14;evm.utg820.7	exact_python_fallback
dark_cluster_001875	evm.utg14007.1.1.5c22ea8c	evm.utg14007.1.1.5c22ea8c	1	evm.utg14007.1.1.5c22ea8c	exact_python_fallback
dark_cluster_001876	utg597.equina_smart_72486.mrna1	utg597.equina_smart_72486.mrna1	1	utg597.equina_smart_72486.mrna1	exact_python_fallback
dark_cluster_001877	evm.utg5885.22	evm.utg5885.22	1	evm.utg5885.22	exact_python_fallback
dark_cluster_001878	evm.utg439.19	evm.utg439.19	1	evm.utg439.19	exact_python_fallback
dark_cluster_001879	evm.utg14.30	evm.utg14.30	1	evm.utg14.30	exact_python_fallback
dark_cluster_001880	evm.utg2929.11	evm.utg2929.11	1	evm.utg2929.11	exact_python_fallback
dark_cluster_001881	utg4428.equina_smart_1640285.mrna5	utg4428.equina_smart_1640285.mrna5	1	utg4428.equina_smart_1640285.mrna5	exact_python_fallback
dark_cluster_001882	utg18233.equina_smart_1569047.mrna3	utg18233.equina_smart_1569047.mrna3	1	utg18233.equina_smart_1569047.mrna3	exact_python_fallback
dark_cluster_001883	utg844.equina_smart_854614.mrna2	utg844.equina_smart_854614.mrna2	1	utg844.equina_smart_854614.mrna2	exact_python_fallback
dark_cluster_001884	evm.utg1459.10	evm.utg1459.10	1	evm.utg1459.10	exact_python_fallback
dark_cluster_001885	utg1002.equina_smart_331322.mrna1	utg1002.equina_smart_331322.mrna1	1	utg1002.equina_smart_331322.mrna1	exact_python_fallback
dark_cluster_001886	evm.utg15556.2	evm.utg15556.2	1	evm.utg15556.2	exact_python_fallback
dark_cluster_001887	evm.utg2350.33	evm.utg2350.33	2	evm.utg2350.33;evm.utg2350.38	exact_python_fallback
dark_cluster_001887	evm.utg2350.33	evm.utg2350.38	2	evm.utg2350.33;evm.utg2350.38	exact_python_fallback
dark_cluster_001888	evm.utg857.1	evm.utg857.1	1	evm.utg857.1	exact_python_fallback
dark_cluster_001889	evm.utg736.31	evm.utg736.31	1	evm.utg736.31	exact_python_fallback
dark_cluster_001890	evm.utg1765.13	evm.utg1765.13	1	evm.utg1765.13	exact_python_fallback
dark_cluster_001891	evm.utg338.100	evm.utg338.100	1	evm.utg338.100	exact_python_fallback
dark_cluster_001892	evm.utg276.38	evm.utg276.38	1	evm.utg276.38	exact_python_fallback
dark_cluster_001893	evm.utg183.8	evm.utg183.8	1	evm.utg183.8	exact_python_fallback
dark_cluster_001894	evm.utg324.80	evm.utg324.80	1	evm.utg324.80	exact_python_fallback
dark_cluster_001895	evm.utg24075.6	evm.utg24075.6	2	evm.utg24075.6;evm.utg24075.7	exact_python_fallback
dark_cluster_001895	evm.utg24075.6	evm.utg24075.7	2	evm.utg24075.6;evm.utg24075.7	exact_python_fallback
dark_cluster_001896	evm.utg20736.16	evm.utg20736.16	1	evm.utg20736.16	exact_python_fallback
dark_cluster_001897	evm.utg1721.16	evm.utg1721.16	1	evm.utg1721.16	exact_python_fallback
dark_cluster_001898	evm.utg4062.11	evm.utg4062.11	2	evm.utg4062.11;evm.utg4062.16	exact_python_fallback
dark_cluster_001898	evm.utg4062.11	evm.utg4062.16	2	evm.utg4062.11;evm.utg4062.16	exact_python_fallback
dark_cluster_001899	evm.utg735.30	evm.utg735.30	1	evm.utg735.30	exact_python_fallback
dark_cluster_001900	utg1754.equina_smart_60032.mrna2	utg1754.equina_smart_60032.mrna2	1	utg1754.equina_smart_60032.mrna2	exact_python_fallback
dark_cluster_001901	evm.utg4231.3	evm.utg4231.3	1	evm.utg4231.3	exact_python_fallback
dark_cluster_001902	evm.utg13959.11	evm.utg13959.11	1	evm.utg13959.11	exact_python_fallback
dark_cluster_001903	evm.utg1846.95	evm.utg1846.95	1	evm.utg1846.95	exact_python_fallback
dark_cluster_001904	evm.utg890.24	evm.utg890.24	1	evm.utg890.24	exact_python_fallback
dark_cluster_001905	evm.utg2932.27	evm.utg2932.27	2	evm.utg2932.27;evm.utg2932.32	exact_python_fallback
dark_cluster_001905	evm.utg2932.27	evm.utg2932.32	2	evm.utg2932.27;evm.utg2932.32	exact_python_fallback
dark_cluster_001906	evm.utg11415.14	evm.utg11415.14	1	evm.utg11415.14	exact_python_fallback
dark_cluster_001907	evm.utg1919.109	evm.utg1919.109	1	evm.utg1919.109	exact_python_fallback
dark_cluster_001908	evm.utg6078.36	evm.utg6078.36	1	evm.utg6078.36	exact_python_fallback
dark_cluster_001909	evm.utg1056.111	evm.utg1056.111	1	evm.utg1056.111	exact_python_fallback
dark_cluster_001910	evm.utg2614.32	evm.utg2614.32	1	evm.utg2614.32	exact_python_fallback
dark_cluster_001911	utg4796.evm.utg622.5.mrna2	utg4796.evm.utg622.5.mrna2	1	utg4796.evm.utg622.5.mrna2	exact_python_fallback
dark_cluster_001912	evm.utg622.5	evm.utg622.5	1	evm.utg622.5	exact_python_fallback
dark_cluster_001913	evm.utg750.28	evm.utg750.28	1	evm.utg750.28	exact_python_fallback
dark_cluster_001914	evm.utg2338.15	evm.utg2338.15	1	evm.utg2338.15	exact_python_fallback
dark_cluster_001915	evm.utg2733.16	evm.utg2733.16	1	evm.utg2733.16	exact_python_fallback
dark_cluster_001916	evm.utg17588.11	evm.utg17588.11	1	evm.utg17588.11	exact_python_fallback
dark_cluster_001917	evm.utg8181.12	evm.utg8181.12	1	evm.utg8181.12	exact_python_fallback
dark_cluster_001918	evm.utg2967.6	evm.utg2967.6	1	evm.utg2967.6	exact_python_fallback
dark_cluster_001919	utg2967.evm.utg2967.6.mrna2	utg2967.evm.utg2967.6.mrna2	1	utg2967.evm.utg2967.6.mrna2	exact_python_fallback
dark_cluster_001920	evm.utg77.124	evm.utg77.124	1	evm.utg77.124	exact_python_fallback
dark_cluster_001921	evm.utg23708.10	evm.utg23708.10	1	evm.utg23708.10	exact_python_fallback
dark_cluster_001922	evm.utg1358.30	evm.utg1358.30	1	evm.utg1358.30	exact_python_fallback
dark_cluster_001923	evm.utg26337.2	evm.utg26337.2	1	evm.utg26337.2	exact_python_fallback
dark_cluster_001924	evm.utg4613.2	evm.utg4613.2	1	evm.utg4613.2	exact_python_fallback
dark_cluster_001925	evm.utg2994.49	evm.utg2994.49	1	evm.utg2994.49	exact_python_fallback
dark_cluster_001926	evm.utg1925.3	evm.utg1925.3	2	evm.utg1925.3;evm.utg1925.33	exact_python_fallback
dark_cluster_001926	evm.utg1925.3	evm.utg1925.33	2	evm.utg1925.3;evm.utg1925.33	exact_python_fallback
dark_cluster_001927	evm.utg1319.6	evm.utg1319.6	1	evm.utg1319.6	exact_python_fallback
dark_cluster_001928	evm.utg3164.40	evm.utg3164.40	1	evm.utg3164.40	exact_python_fallback
dark_cluster_001929	evm.utg3155.22	evm.utg3155.22	1	evm.utg3155.22	exact_python_fallback
dark_cluster_001930	evm.utg4716.2	evm.utg4716.2	1	evm.utg4716.2	exact_python_fallback
dark_cluster_001931	evm.utg8494.55	evm.utg8494.55	1	evm.utg8494.55	exact_python_fallback
dark_cluster_001932	evm.utg36508.6	evm.utg36508.6	1	evm.utg36508.6	exact_python_fallback
dark_cluster_001933	evm.utg1253.58	evm.utg1253.58	1	evm.utg1253.58	exact_python_fallback
dark_cluster_001934	evm.utg2155.4	evm.utg2155.4	2	evm.utg2155.4;evm.utg2155.8	exact_python_fallback
dark_cluster_001934	evm.utg2155.4	evm.utg2155.8	2	evm.utg2155.4;evm.utg2155.8	exact_python_fallback
dark_cluster_001935	utg4977.equina_smart_1739257.mrna6	utg4977.equina_smart_1739257.mrna6	2	utg4977.equina_smart_1739257.mrna6;utg9769.equina_smart_1739257.mrna2	exact_python_fallback
dark_cluster_001935	utg4977.equina_smart_1739257.mrna6	utg9769.equina_smart_1739257.mrna2	2	utg4977.equina_smart_1739257.mrna6;utg9769.equina_smart_1739257.mrna2	exact_python_fallback
dark_cluster_001936	utg2007.equina_smart_1739258.mrna7	utg2007.equina_smart_1739258.mrna7	1	utg2007.equina_smart_1739258.mrna7	exact_python_fallback
dark_cluster_001937	utg18506.equina_smart_1739258.mrna3	utg18506.equina_smart_1739258.mrna3	1	utg18506.equina_smart_1739258.mrna3	exact_python_fallback
dark_cluster_001938	utg70613.equina_smart_1739257.mrna4	utg70613.equina_smart_1739257.mrna4	1	utg70613.equina_smart_1739257.mrna4	exact_python_fallback
dark_cluster_001939	utg84504.equina_smart_1739257.mrna3	utg84504.equina_smart_1739257.mrna3	1	utg84504.equina_smart_1739257.mrna3	exact_python_fallback
dark_cluster_001940	evm.utg55.162	evm.utg55.162	1	evm.utg55.162	exact_python_fallback
dark_cluster_001941	evm.utg77.147.149	evm.utg77.147.149	1	evm.utg77.147.149	exact_python_fallback
dark_cluster_001942	evm.utg411.124.1.5c22f07c	evm.utg411.124.1.5c22f07c	1	evm.utg411.124.1.5c22f07c	exact_python_fallback
dark_cluster_001943	evm.utg395.31	evm.utg395.31	1	evm.utg395.31	exact_python_fallback
dark_cluster_001944	evm.utg4739.19	evm.utg4739.19	1	evm.utg4739.19	exact_python_fallback
dark_cluster_001945	evm.utg4049.15	evm.utg4049.15	1	evm.utg4049.15	exact_python_fallback
dark_cluster_001946	evm.utg30470.1	evm.utg30470.1	2	evm.utg30470.1;evm.utg30470.2	exact_python_fallback
dark_cluster_001946	evm.utg30470.1	evm.utg30470.2	2	evm.utg30470.1;evm.utg30470.2	exact_python_fallback
dark_cluster_001947	evm.utg225.98	evm.utg225.98	1	evm.utg225.98	exact_python_fallback
dark_cluster_001948	utg379.equina_smart_919633.mrna2	utg379.equina_smart_919633.mrna2	1	utg379.equina_smart_919633.mrna2	exact_python_fallback
dark_cluster_001949	evm.utg16036.34	evm.utg16036.34	1	evm.utg16036.34	exact_python_fallback
dark_cluster_001950	evm.utg975.10	evm.utg975.10	4	evm.utg975.10;evm.utg975.18;evm.utg975.24;evm.utg975.29	exact_python_fallback
dark_cluster_001950	evm.utg975.10	evm.utg975.18	4	evm.utg975.10;evm.utg975.18;evm.utg975.24;evm.utg975.29	exact_python_fallback
dark_cluster_001950	evm.utg975.10	evm.utg975.24	4	evm.utg975.10;evm.utg975.18;evm.utg975.24;evm.utg975.29	exact_python_fallback
dark_cluster_001950	evm.utg975.10	evm.utg975.29	4	evm.utg975.10;evm.utg975.18;evm.utg975.24;evm.utg975.29	exact_python_fallback
dark_cluster_001951	evm.utg738.28	evm.utg738.28	1	evm.utg738.28	exact_python_fallback
dark_cluster_001952	evm.utg72.1	evm.utg72.1	1	evm.utg72.1	exact_python_fallback
dark_cluster_001953	utg236.equina_smart_400274.mrna1	utg236.equina_smart_400274.mrna1	1	utg236.equina_smart_400274.mrna1	exact_python_fallback
dark_cluster_001954	evm.utg14.90	evm.utg14.90	1	evm.utg14.90	exact_python_fallback
dark_cluster_001955	evm.utg1372.1	evm.utg1372.1	1	evm.utg1372.1	exact_python_fallback
dark_cluster_001956	evm.utg910.180	evm.utg910.180	1	evm.utg910.180	exact_python_fallback
dark_cluster_001957	evm.utg104.28	evm.utg104.28	1	evm.utg104.28	exact_python_fallback
dark_cluster_001958	evm.utg2994.83	evm.utg2994.83	1	evm.utg2994.83	exact_python_fallback
dark_cluster_001959	evm.utg82.26	evm.utg82.26	1	evm.utg82.26	exact_python_fallback
dark_cluster_001960	evm.utg816.7	evm.utg816.7	1	evm.utg816.7	exact_python_fallback
dark_cluster_001961	evm.utg38114.5	evm.utg38114.5	1	evm.utg38114.5	exact_python_fallback
dark_cluster_001962	utg183.equina_smart_954712.mrna1	utg183.equina_smart_954712.mrna1	1	utg183.equina_smart_954712.mrna1	exact_python_fallback
dark_cluster_001963	evm.utg2779.4	evm.utg2779.4	1	evm.utg2779.4	exact_python_fallback
dark_cluster_001964	evm.utg540.62	evm.utg540.62	1	evm.utg540.62	exact_python_fallback
dark_cluster_001965	evm.utg3870.8	evm.utg3870.8	1	evm.utg3870.8	exact_python_fallback
dark_cluster_001966	evm.utg1137.22	evm.utg1137.22	1	evm.utg1137.22	exact_python_fallback
dark_cluster_001967	evm.utg978.10	evm.utg978.10	1	evm.utg978.10	exact_python_fallback
dark_cluster_001968	evm.utg3677.13	evm.utg3677.13	5	evm.utg3677.13;evm.utg3677.23;evm.utg3677.37;evm.utg3677.38;evm.utg3677.7	exact_python_fallback
dark_cluster_001968	evm.utg3677.13	evm.utg3677.23	5	evm.utg3677.13;evm.utg3677.23;evm.utg3677.37;evm.utg3677.38;evm.utg3677.7	exact_python_fallback
dark_cluster_001968	evm.utg3677.13	evm.utg3677.37	5	evm.utg3677.13;evm.utg3677.23;evm.utg3677.37;evm.utg3677.38;evm.utg3677.7	exact_python_fallback
dark_cluster_001968	evm.utg3677.13	evm.utg3677.38	5	evm.utg3677.13;evm.utg3677.23;evm.utg3677.37;evm.utg3677.38;evm.utg3677.7	exact_python_fallback
dark_cluster_001968	evm.utg3677.13	evm.utg3677.7	5	evm.utg3677.13;evm.utg3677.23;evm.utg3677.37;evm.utg3677.38;evm.utg3677.7	exact_python_fallback
dark_cluster_001969	evm.utg33938.19	evm.utg33938.19	1	evm.utg33938.19	exact_python_fallback
dark_cluster_001970	evm.utg9902.4	evm.utg9902.4	1	evm.utg9902.4	exact_python_fallback
dark_cluster_001971	evm.utg857.18	evm.utg857.18	1	evm.utg857.18	exact_python_fallback
dark_cluster_001972	utg625.equina_smart_1015346.mrna1	utg625.equina_smart_1015346.mrna1	1	utg625.equina_smart_1015346.mrna1	exact_python_fallback
dark_cluster_001973	evm.utg33938.20	evm.utg33938.20	1	evm.utg33938.20	exact_python_fallback
dark_cluster_001974	utg8497.equina_smart_944464.mrna6	utg8497.equina_smart_944464.mrna6	1	utg8497.equina_smart_944464.mrna6	exact_python_fallback
dark_cluster_001975	evm.utg1910.69	evm.utg1910.69	2	evm.utg1910.69;evm.utg1910.98	exact_python_fallback
dark_cluster_001975	evm.utg1910.69	evm.utg1910.98	2	evm.utg1910.69;evm.utg1910.98	exact_python_fallback
dark_cluster_001976	evm.utg10358.3	evm.utg10358.3	1	evm.utg10358.3	exact_python_fallback
dark_cluster_001977	evm.utg4716.25	evm.utg4716.25	1	evm.utg4716.25	exact_python_fallback
dark_cluster_001978	evm.utg435.7	evm.utg435.7	1	evm.utg435.7	exact_python_fallback
dark_cluster_001979	evm.utg1031.48	evm.utg1031.48	1	evm.utg1031.48	exact_python_fallback
dark_cluster_001980	evm.utg3678.2	evm.utg3678.2	1	evm.utg3678.2	exact_python_fallback
dark_cluster_001981	utg126.equina_smart_1221919.mrna1	utg126.equina_smart_1221919.mrna1	1	utg126.equina_smart_1221919.mrna1	exact_python_fallback
dark_cluster_001982	evm.utg4716.18	evm.utg4716.18	1	evm.utg4716.18	exact_python_fallback
dark_cluster_001983	evm.utg1530.17	evm.utg1530.17	2	evm.utg1530.17;evm.utg1530.38	exact_python_fallback
dark_cluster_001983	evm.utg1530.17	evm.utg1530.38	2	evm.utg1530.17;evm.utg1530.38	exact_python_fallback
dark_cluster_001984	evm.utg109.4	evm.utg109.4	1	evm.utg109.4	exact_python_fallback
dark_cluster_001985	evm.utg55.131	evm.utg55.131	1	evm.utg55.131	exact_python_fallback
dark_cluster_001986	utg378.equina_smart_1260081.mrna1	utg378.equina_smart_1260081.mrna1	1	utg378.equina_smart_1260081.mrna1	exact_python_fallback
dark_cluster_001987	utg1358.equina_smart_941719.mrna2	utg1358.equina_smart_941719.mrna2	1	utg1358.equina_smart_941719.mrna2	exact_python_fallback
dark_cluster_001988	evm.utg225.68	evm.utg225.68	1	evm.utg225.68	exact_python_fallback
dark_cluster_001989	utg52.equina_smart_459784.mrna1	utg52.equina_smart_459784.mrna1	1	utg52.equina_smart_459784.mrna1	exact_python_fallback
dark_cluster_001990	evm.utg1786.32	evm.utg1786.32	1	evm.utg1786.32	exact_python_fallback
dark_cluster_001991	evm.utg19074.10	evm.utg19074.10	1	evm.utg19074.10	exact_python_fallback
dark_cluster_001992	utg44757.equina_smart_1479167.mrna1	utg44757.equina_smart_1479167.mrna1	1	utg44757.equina_smart_1479167.mrna1	exact_python_fallback
dark_cluster_001993	evm.utg10588.19	evm.utg10588.19	1	evm.utg10588.19	exact_python_fallback
dark_cluster_001994	evm.utg10541.32	evm.utg10541.32	1	evm.utg10541.32	exact_python_fallback
dark_cluster_001995	evm.utg286.2	evm.utg286.2	1	evm.utg286.2	exact_python_fallback
dark_cluster_001996	evm.utg256.8	evm.utg256.8	1	evm.utg256.8	exact_python_fallback
dark_cluster_001997	utg910.equina_smart_1426374.mrna1	utg910.equina_smart_1426374.mrna1	1	utg910.equina_smart_1426374.mrna1	exact_python_fallback
dark_cluster_001998	evm.utg4613.74	evm.utg4613.74	1	evm.utg4613.74	exact_python_fallback
dark_cluster_001999	evm.utg858.54	evm.utg858.54	3	evm.utg858.54;evm.utg858.55;evm.utg858.64	exact_python_fallback
dark_cluster_001999	evm.utg858.54	evm.utg858.55	3	evm.utg858.54;evm.utg858.55;evm.utg858.64	exact_python_fallback
dark_cluster_001999	evm.utg858.54	evm.utg858.64	3	evm.utg858.54;evm.utg858.55;evm.utg858.64	exact_python_fallback
dark_cluster_002000	evm.utg1897.112	evm.utg1897.112	1	evm.utg1897.112	exact_python_fallback
dark_cluster_002001	evm.utg5454.15	evm.utg5454.15	2	evm.utg5454.15;evm.utg5454.23	exact_python_fallback
dark_cluster_002001	evm.utg5454.15	evm.utg5454.23	2	evm.utg5454.15;evm.utg5454.23	exact_python_fallback
dark_cluster_002002	evm.utg3158.51	evm.utg3158.51	1	evm.utg3158.51	exact_python_fallback
dark_cluster_002003	evm.utg14533.24	evm.utg14533.24	1	evm.utg14533.24	exact_python_fallback
dark_cluster_002004	evm.utg59616.5	evm.utg59616.5	1	evm.utg59616.5	exact_python_fallback
dark_cluster_002005	evm.utg14913.13	evm.utg14913.13	1	evm.utg14913.13	exact_python_fallback
dark_cluster_002006	evm.utg535.21	evm.utg535.21	1	evm.utg535.21	exact_python_fallback
dark_cluster_002007	evm.utg535.25	evm.utg535.25	1	evm.utg535.25	exact_python_fallback
dark_cluster_002008	evm.utg9251.32	evm.utg9251.32	1	evm.utg9251.32	exact_python_fallback
dark_cluster_002009	evm.utg494.38	evm.utg494.38	1	evm.utg494.38	exact_python_fallback
dark_cluster_002010	evm.utg6092.3	evm.utg6092.3	1	evm.utg6092.3	exact_python_fallback
dark_cluster_002011	evm.utg324.5	evm.utg324.5	1	evm.utg324.5	exact_python_fallback
dark_cluster_002012	evm.utg1846.100	evm.utg1846.100	1	evm.utg1846.100	exact_python_fallback
dark_cluster_002013	utg4265.equina_smart_1454695.mrna1	utg4265.equina_smart_1454695.mrna1	1	utg4265.equina_smart_1454695.mrna1	exact_python_fallback
dark_cluster_002014	evm.utg7244.14	evm.utg7244.14	1	evm.utg7244.14	exact_python_fallback
dark_cluster_002015	evm.utg597.1	evm.utg597.1	15	evm.utg597.1;evm.utg597.114;evm.utg597.121;evm.utg597.178;evm.utg597.180;evm.utg597.21;evm.utg597.223;evm.utg597.224;evm.utg597.225;evm.utg597.227;evm.utg597.232;evm.utg597.239;evm.utg597.34;evm.utg597.43;evm.utg597.70	exact_python_fallback
dark_cluster_002015	evm.utg597.1	evm.utg597.114	15	evm.utg597.1;evm.utg597.114;evm.utg597.121;evm.utg597.178;evm.utg597.180;evm.utg597.21;evm.utg597.223;evm.utg597.224;evm.utg597.225;evm.utg597.227;evm.utg597.232;evm.utg597.239;evm.utg597.34;evm.utg597.43;evm.utg597.70	exact_python_fallback
dark_cluster_002015	evm.utg597.1	evm.utg597.121	15	evm.utg597.1;evm.utg597.114;evm.utg597.121;evm.utg597.178;evm.utg597.180;evm.utg597.21;evm.utg597.223;evm.utg597.224;evm.utg597.225;evm.utg597.227;evm.utg597.232;evm.utg597.239;evm.utg597.34;evm.utg597.43;evm.utg597.70	exact_python_fallback
dark_cluster_002015	evm.utg597.1	evm.utg597.178	15	evm.utg597.1;evm.utg597.114;evm.utg597.121;evm.utg597.178;evm.utg597.180;evm.utg597.21;evm.utg597.223;evm.utg597.224;evm.utg597.225;evm.utg597.227;evm.utg597.232;evm.utg597.239;evm.utg597.34;evm.utg597.43;evm.utg597.70	exact_python_fallback
dark_cluster_002015	evm.utg597.1	evm.utg597.180	15	evm.utg597.1;evm.utg597.114;evm.utg597.121;evm.utg597.178;evm.utg597.180;evm.utg597.21;evm.utg597.223;evm.utg597.224;evm.utg597.225;evm.utg597.227;evm.utg597.232;evm.utg597.239;evm.utg597.34;evm.utg597.43;evm.utg597.70	exact_python_fallback
dark_cluster_002015	evm.utg597.1	evm.utg597.21	15	evm.utg597.1;evm.utg597.114;evm.utg597.121;evm.utg597.178;evm.utg597.180;evm.utg597.21;evm.utg597.223;evm.utg597.224;evm.utg597.225;evm.utg597.227;evm.utg597.232;evm.utg597.239;evm.utg597.34;evm.utg597.43;evm.utg597.70	exact_python_fallback
dark_cluster_002015	evm.utg597.1	evm.utg597.223	15	evm.utg597.1;evm.utg597.114;evm.utg597.121;evm.utg597.178;evm.utg597.180;evm.utg597.21;evm.utg597.223;evm.utg597.224;evm.utg597.225;evm.utg597.227;evm.utg597.232;evm.utg597.239;evm.utg597.34;evm.utg597.43;evm.utg597.70	exact_python_fallback
dark_cluster_002015	evm.utg597.1	evm.utg597.224	15	evm.utg597.1;evm.utg597.114;evm.utg597.121;evm.utg597.178;evm.utg597.180;evm.utg597.21;evm.utg597.223;evm.utg597.224;evm.utg597.225;evm.utg597.227;evm.utg597.232;evm.utg597.239;evm.utg597.34;evm.utg597.43;evm.utg597.70	exact_python_fallback
dark_cluster_002015	evm.utg597.1	evm.utg597.225	15	evm.utg597.1;evm.utg597.114;evm.utg597.121;evm.utg597.178;evm.utg597.180;evm.utg597.21;evm.utg597.223;evm.utg597.224;evm.utg597.225;evm.utg597.227;evm.utg597.232;evm.utg597.239;evm.utg597.34;evm.utg597.43;evm.utg597.70	exact_python_fallback
dark_cluster_002015	evm.utg597.1	evm.utg597.227	15	evm.utg597.1;evm.utg597.114;evm.utg597.121;evm.utg597.178;evm.utg597.180;evm.utg597.21;evm.utg597.223;evm.utg597.224;evm.utg597.225;evm.utg597.227;evm.utg597.232;evm.utg597.239;evm.utg597.34;evm.utg597.43;evm.utg597.70	exact_python_fallback
dark_cluster_002015	evm.utg597.1	evm.utg597.232	15	evm.utg597.1;evm.utg597.114;evm.utg597.121;evm.utg597.178;evm.utg597.180;evm.utg597.21;evm.utg597.223;evm.utg597.224;evm.utg597.225;evm.utg597.227;evm.utg597.232;evm.utg597.239;evm.utg597.34;evm.utg597.43;evm.utg597.70	exact_python_fallback
dark_cluster_002015	evm.utg597.1	evm.utg597.239	15	evm.utg597.1;evm.utg597.114;evm.utg597.121;evm.utg597.178;evm.utg597.180;evm.utg597.21;evm.utg597.223;evm.utg597.224;evm.utg597.225;evm.utg597.227;evm.utg597.232;evm.utg597.239;evm.utg597.34;evm.utg597.43;evm.utg597.70	exact_python_fallback
dark_cluster_002015	evm.utg597.1	evm.utg597.34	15	evm.utg597.1;evm.utg597.114;evm.utg597.121;evm.utg597.178;evm.utg597.180;evm.utg597.21;evm.utg597.223;evm.utg597.224;evm.utg597.225;evm.utg597.227;evm.utg597.232;evm.utg597.239;evm.utg597.34;evm.utg597.43;evm.utg597.70	exact_python_fallback
dark_cluster_002015	evm.utg597.1	evm.utg597.43	15	evm.utg597.1;evm.utg597.114;evm.utg597.121;evm.utg597.178;evm.utg597.180;evm.utg597.21;evm.utg597.223;evm.utg597.224;evm.utg597.225;evm.utg597.227;evm.utg597.232;evm.utg597.239;evm.utg597.34;evm.utg597.43;evm.utg597.70	exact_python_fallback
dark_cluster_002015	evm.utg597.1	evm.utg597.70	15	evm.utg597.1;evm.utg597.114;evm.utg597.121;evm.utg597.178;evm.utg597.180;evm.utg597.21;evm.utg597.223;evm.utg597.224;evm.utg597.225;evm.utg597.227;evm.utg597.232;evm.utg597.239;evm.utg597.34;evm.utg597.43;evm.utg597.70	exact_python_fallback
dark_cluster_002016	utg1694.equina_smart_19785.mrna1	utg1694.equina_smart_19785.mrna1	1	utg1694.equina_smart_19785.mrna1	exact_python_fallback
dark_cluster_002017	evm.utg52.19	evm.utg52.19	1	evm.utg52.19	exact_python_fallback
dark_cluster_002018	evm.utg5774.2	evm.utg5774.2	1	evm.utg5774.2	exact_python_fallback
dark_cluster_002019	evm.utg15813.1	evm.utg15813.1	2	evm.utg15813.1;evm.utg31.84	exact_python_fallback
dark_cluster_002019	evm.utg15813.1	evm.utg31.84	2	evm.utg15813.1;evm.utg31.84	exact_python_fallback
dark_cluster_002020	evm.utg29536.16	evm.utg29536.16	1	evm.utg29536.16	exact_python_fallback
dark_cluster_002021	evm.utg464.113	evm.utg464.113	1	evm.utg464.113	exact_python_fallback
dark_cluster_002022	evm.utg7286.23	evm.utg7286.23	1	evm.utg7286.23	exact_python_fallback
dark_cluster_002023	evm.utg194.32	evm.utg194.32	2	evm.utg194.32;evm.utg194.55	exact_python_fallback
dark_cluster_002023	evm.utg194.32	evm.utg194.55	2	evm.utg194.32;evm.utg194.55	exact_python_fallback
dark_cluster_002024	evm.utg255.36	evm.utg255.36	1	evm.utg255.36	exact_python_fallback
dark_cluster_002025	utg92.equina_smart_57145.mrna1	utg92.equina_smart_57145.mrna1	1	utg92.equina_smart_57145.mrna1	exact_python_fallback
dark_cluster_002026	evm.utg5950.45	evm.utg5950.45	1	evm.utg5950.45	exact_python_fallback
dark_cluster_002027	evm.utg5950.46	evm.utg5950.46	1	evm.utg5950.46	exact_python_fallback
dark_cluster_002028	evm.utg4716.36	evm.utg4716.36	1	evm.utg4716.36	exact_python_fallback
dark_cluster_002029	evm.utg3174.38	evm.utg3174.38	1	evm.utg3174.38	exact_python_fallback
dark_cluster_002030	evm.utg178.55	evm.utg178.55	1	evm.utg178.55	exact_python_fallback
dark_cluster_002031	evm.utg3199.69	evm.utg3199.69	1	evm.utg3199.69	exact_python_fallback
dark_cluster_002032	utg52.evm.utg376.2.mrna2	utg52.evm.utg376.2.mrna2	1	utg52.evm.utg376.2.mrna2	exact_python_fallback
dark_cluster_002033	evm.utg625.77	evm.utg625.77	1	evm.utg625.77	exact_python_fallback
dark_cluster_002034	evm.utg2115.13	evm.utg2115.13	1	evm.utg2115.13	exact_python_fallback
dark_cluster_002035	evm.utg4054.11	evm.utg4054.11	1	evm.utg4054.11	exact_python_fallback
dark_cluster_002036	evm.utg9313.28	evm.utg9313.28	1	evm.utg9313.28	exact_python_fallback
dark_cluster_002037	evm.utg11123.9	evm.utg11123.9	1	evm.utg11123.9	exact_python_fallback
dark_cluster_002038	evm.utg152.76	evm.utg152.76	1	evm.utg152.76	exact_python_fallback
dark_cluster_002039	evm.utg78.47	evm.utg78.47	1	evm.utg78.47	exact_python_fallback
dark_cluster_002040	evm.utg2603.33	evm.utg2603.33	1	evm.utg2603.33	exact_python_fallback
dark_cluster_002041	evm.utg221.46	evm.utg221.46	1	evm.utg221.46	exact_python_fallback
dark_cluster_002042	evm.utg62.70	evm.utg62.70	1	evm.utg62.70	exact_python_fallback
dark_cluster_002043	evm.utg192.40	evm.utg192.40	12	evm.utg192.40;evm.utg192.47;evm.utg192.49;evm.utg192.5;evm.utg192.55;evm.utg192.58;evm.utg192.59;evm.utg192.64;evm.utg192.68;evm.utg192.89;evm.utg192.9;evm.utg192.91	exact_python_fallback
dark_cluster_002043	evm.utg192.40	evm.utg192.47	12	evm.utg192.40;evm.utg192.47;evm.utg192.49;evm.utg192.5;evm.utg192.55;evm.utg192.58;evm.utg192.59;evm.utg192.64;evm.utg192.68;evm.utg192.89;evm.utg192.9;evm.utg192.91	exact_python_fallback
dark_cluster_002043	evm.utg192.40	evm.utg192.49	12	evm.utg192.40;evm.utg192.47;evm.utg192.49;evm.utg192.5;evm.utg192.55;evm.utg192.58;evm.utg192.59;evm.utg192.64;evm.utg192.68;evm.utg192.89;evm.utg192.9;evm.utg192.91	exact_python_fallback
dark_cluster_002043	evm.utg192.40	evm.utg192.5	12	evm.utg192.40;evm.utg192.47;evm.utg192.49;evm.utg192.5;evm.utg192.55;evm.utg192.58;evm.utg192.59;evm.utg192.64;evm.utg192.68;evm.utg192.89;evm.utg192.9;evm.utg192.91	exact_python_fallback
dark_cluster_002043	evm.utg192.40	evm.utg192.55	12	evm.utg192.40;evm.utg192.47;evm.utg192.49;evm.utg192.5;evm.utg192.55;evm.utg192.58;evm.utg192.59;evm.utg192.64;evm.utg192.68;evm.utg192.89;evm.utg192.9;evm.utg192.91	exact_python_fallback
dark_cluster_002043	evm.utg192.40	evm.utg192.58	12	evm.utg192.40;evm.utg192.47;evm.utg192.49;evm.utg192.5;evm.utg192.55;evm.utg192.58;evm.utg192.59;evm.utg192.64;evm.utg192.68;evm.utg192.89;evm.utg192.9;evm.utg192.91	exact_python_fallback
dark_cluster_002043	evm.utg192.40	evm.utg192.59	12	evm.utg192.40;evm.utg192.47;evm.utg192.49;evm.utg192.5;evm.utg192.55;evm.utg192.58;evm.utg192.59;evm.utg192.64;evm.utg192.68;evm.utg192.89;evm.utg192.9;evm.utg192.91	exact_python_fallback
dark_cluster_002043	evm.utg192.40	evm.utg192.64	12	evm.utg192.40;evm.utg192.47;evm.utg192.49;evm.utg192.5;evm.utg192.55;evm.utg192.58;evm.utg192.59;evm.utg192.64;evm.utg192.68;evm.utg192.89;evm.utg192.9;evm.utg192.91	exact_python_fallback
dark_cluster_002043	evm.utg192.40	evm.utg192.68	12	evm.utg192.40;evm.utg192.47;evm.utg192.49;evm.utg192.5;evm.utg192.55;evm.utg192.58;evm.utg192.59;evm.utg192.64;evm.utg192.68;evm.utg192.89;evm.utg192.9;evm.utg192.91	exact_python_fallback
dark_cluster_002043	evm.utg192.40	evm.utg192.89	12	evm.utg192.40;evm.utg192.47;evm.utg192.49;evm.utg192.5;evm.utg192.55;evm.utg192.58;evm.utg192.59;evm.utg192.64;evm.utg192.68;evm.utg192.89;evm.utg192.9;evm.utg192.91	exact_python_fallback
dark_cluster_002043	evm.utg192.40	evm.utg192.9	12	evm.utg192.40;evm.utg192.47;evm.utg192.49;evm.utg192.5;evm.utg192.55;evm.utg192.58;evm.utg192.59;evm.utg192.64;evm.utg192.68;evm.utg192.89;evm.utg192.9;evm.utg192.91	exact_python_fallback
dark_cluster_002043	evm.utg192.40	evm.utg192.91	12	evm.utg192.40;evm.utg192.47;evm.utg192.49;evm.utg192.5;evm.utg192.55;evm.utg192.58;evm.utg192.59;evm.utg192.64;evm.utg192.68;evm.utg192.89;evm.utg192.9;evm.utg192.91	exact_python_fallback
dark_cluster_002044	evm.utg1330.18	evm.utg1330.18	1	evm.utg1330.18	exact_python_fallback
dark_cluster_002045	evm.utg648.88	evm.utg648.88	1	evm.utg648.88	exact_python_fallback
dark_cluster_002046	evm.utg3536.1	evm.utg3536.1	2	evm.utg3536.1;evm.utg3536.23	exact_python_fallback
dark_cluster_002046	evm.utg3536.1	evm.utg3536.23	2	evm.utg3536.1;evm.utg3536.23	exact_python_fallback
dark_cluster_002047	evm.utg1031.84	evm.utg1031.84	1	evm.utg1031.84	exact_python_fallback
dark_cluster_002048	evm.utg4665.13	evm.utg4665.13	1	evm.utg4665.13	exact_python_fallback
dark_cluster_002049	utg26219.equina_smart_1476488.mrna1	utg26219.equina_smart_1476488.mrna1	1	utg26219.equina_smart_1476488.mrna1	exact_python_fallback
dark_cluster_002050	evm.utg324.187	evm.utg324.187	1	evm.utg324.187	exact_python_fallback
dark_cluster_002051	evm.utg109.92	evm.utg109.92	1	evm.utg109.92	exact_python_fallback
dark_cluster_002052	evm.utg1396.28	evm.utg1396.28	2	evm.utg1396.28;evm.utg1396.3	exact_python_fallback
dark_cluster_002052	evm.utg1396.28	evm.utg1396.3	2	evm.utg1396.28;evm.utg1396.3	exact_python_fallback
dark_cluster_002053	utg791.equina_smart_168953.mrna1	utg791.equina_smart_168953.mrna1	1	utg791.equina_smart_168953.mrna1	exact_python_fallback
dark_cluster_002054	utg2661.equina_smart_1185806.mrna1	utg2661.equina_smart_1185806.mrna1	1	utg2661.equina_smart_1185806.mrna1	exact_python_fallback
dark_cluster_002055	utg791.equina_smart_1185806.mrna3	utg791.equina_smart_1185806.mrna3	1	utg791.equina_smart_1185806.mrna3	exact_python_fallback
dark_cluster_002056	utg2606.equina_smart_327983.mrna1	utg2606.equina_smart_327983.mrna1	1	utg2606.equina_smart_327983.mrna1	exact_python_fallback
dark_cluster_002057	evm.utg890.57	evm.utg890.57	3	evm.utg890.57;evm.utg890.6;evm.utg890.8	exact_python_fallback
dark_cluster_002057	evm.utg890.57	evm.utg890.6	3	evm.utg890.57;evm.utg890.6;evm.utg890.8	exact_python_fallback
dark_cluster_002057	evm.utg890.57	evm.utg890.8	3	evm.utg890.57;evm.utg890.6;evm.utg890.8	exact_python_fallback
dark_cluster_002058	utg1278.equina_smart_1836520.mrna7	utg1278.equina_smart_1836520.mrna7	1	utg1278.equina_smart_1836520.mrna7	exact_python_fallback
dark_cluster_002059	evm.utg4328.5	evm.utg4328.5	3	evm.utg4328.5;evm.utg4328.6;evm.utg4328.8	exact_python_fallback
dark_cluster_002059	evm.utg4328.5	evm.utg4328.6	3	evm.utg4328.5;evm.utg4328.6;evm.utg4328.8	exact_python_fallback
dark_cluster_002059	evm.utg4328.5	evm.utg4328.8	3	evm.utg4328.5;evm.utg4328.6;evm.utg4328.8	exact_python_fallback
dark_cluster_002060	evm.utg4318.17	evm.utg4318.17	1	evm.utg4318.17	exact_python_fallback
dark_cluster_002061	evm.utg5960.7	evm.utg5960.7	1	evm.utg5960.7	exact_python_fallback
dark_cluster_002062	utg2156.equina_smart_1442332.mrna1	utg2156.equina_smart_1442332.mrna1	1	utg2156.equina_smart_1442332.mrna1	exact_python_fallback
dark_cluster_002063	evm.utg1648.28	evm.utg1648.28	1	evm.utg1648.28	exact_python_fallback
dark_cluster_002064	evm.utg25265.9	evm.utg25265.9	1	evm.utg25265.9	exact_python_fallback
dark_cluster_002065	utg2704.equina_smart_823336.mrna1	utg2704.equina_smart_823336.mrna1	1	utg2704.equina_smart_823336.mrna1	exact_python_fallback
dark_cluster_002066	evm.utg72.16	evm.utg72.16	1	evm.utg72.16	exact_python_fallback
dark_cluster_002067	utg5074.equina_smart_762073.mrna1	utg5074.equina_smart_762073.mrna1	1	utg5074.equina_smart_762073.mrna1	exact_python_fallback
dark_cluster_002068	utg2073.equina_smart_1440943.mrna1	utg2073.equina_smart_1440943.mrna1	1	utg2073.equina_smart_1440943.mrna1	exact_python_fallback
dark_cluster_002069	utg707.equina_smart_1440943.mrna2	utg707.equina_smart_1440943.mrna2	1	utg707.equina_smart_1440943.mrna2	exact_python_fallback
dark_cluster_002070	evm.utg1694.59	evm.utg1694.59	1	evm.utg1694.59	exact_python_fallback
dark_cluster_002071	evm.utg144.2	evm.utg144.2	1	evm.utg144.2	exact_python_fallback
dark_cluster_002072	evm.utg2246.46	evm.utg2246.46	1	evm.utg2246.46	exact_python_fallback
dark_cluster_002073	evm.utg243.54	evm.utg243.54	1	evm.utg243.54	exact_python_fallback
dark_cluster_002074	evm.utg2299.14	evm.utg2299.14	1	evm.utg2299.14	exact_python_fallback
dark_cluster_002075	evm.utg52.90	evm.utg52.90	1	evm.utg52.90	exact_python_fallback
dark_cluster_002076	evm.utg280.20	evm.utg280.20	2	evm.utg280.20;evm.utg280.65	exact_python_fallback
dark_cluster_002076	evm.utg280.20	evm.utg280.65	2	evm.utg280.20;evm.utg280.65	exact_python_fallback
dark_cluster_002077	evm.utg190.34	evm.utg190.34	1	evm.utg190.34	exact_python_fallback
dark_cluster_002078	evm.utg479.65	evm.utg479.65	1	evm.utg479.65	exact_python_fallback
dark_cluster_002079	evm.utg2849.21	evm.utg2849.21	1	evm.utg2849.21	exact_python_fallback
dark_cluster_002080	evm.utg464.206	evm.utg464.206	1	evm.utg464.206	exact_python_fallback
dark_cluster_002081	evm.utg125.125	evm.utg125.125	1	evm.utg125.125	exact_python_fallback
dark_cluster_002082	evm.utg1162.11	evm.utg1162.11	1	evm.utg1162.11	exact_python_fallback
dark_cluster_002083	evm.utg5367.37	evm.utg5367.37	1	evm.utg5367.37	exact_python_fallback
dark_cluster_002084	evm.utg3787.12	evm.utg3787.12	1	evm.utg3787.12	exact_python_fallback
dark_cluster_002085	evm.utg1694.20	evm.utg1694.20	7	evm.utg1694.20;evm.utg1694.26;evm.utg1694.27;evm.utg1694.30;evm.utg1694.31;evm.utg1694.58;evm.utg1694.68	exact_python_fallback
dark_cluster_002085	evm.utg1694.20	evm.utg1694.26	7	evm.utg1694.20;evm.utg1694.26;evm.utg1694.27;evm.utg1694.30;evm.utg1694.31;evm.utg1694.58;evm.utg1694.68	exact_python_fallback
dark_cluster_002085	evm.utg1694.20	evm.utg1694.27	7	evm.utg1694.20;evm.utg1694.26;evm.utg1694.27;evm.utg1694.30;evm.utg1694.31;evm.utg1694.58;evm.utg1694.68	exact_python_fallback
dark_cluster_002085	evm.utg1694.20	evm.utg1694.30	7	evm.utg1694.20;evm.utg1694.26;evm.utg1694.27;evm.utg1694.30;evm.utg1694.31;evm.utg1694.58;evm.utg1694.68	exact_python_fallback
dark_cluster_002085	evm.utg1694.20	evm.utg1694.31	7	evm.utg1694.20;evm.utg1694.26;evm.utg1694.27;evm.utg1694.30;evm.utg1694.31;evm.utg1694.58;evm.utg1694.68	exact_python_fallback
dark_cluster_002085	evm.utg1694.20	evm.utg1694.58	7	evm.utg1694.20;evm.utg1694.26;evm.utg1694.27;evm.utg1694.30;evm.utg1694.31;evm.utg1694.58;evm.utg1694.68	exact_python_fallback
dark_cluster_002085	evm.utg1694.20	evm.utg1694.68	7	evm.utg1694.20;evm.utg1694.26;evm.utg1694.27;evm.utg1694.30;evm.utg1694.31;evm.utg1694.58;evm.utg1694.68	exact_python_fallback
dark_cluster_002086	evm.utg14923.9	evm.utg14923.9	1	evm.utg14923.9	exact_python_fallback
dark_cluster_002087	evm.utg920.36	evm.utg920.36	1	evm.utg920.36	exact_python_fallback
dark_cluster_002088	evm.utg542.108	evm.utg542.108	1	evm.utg542.108	exact_python_fallback
dark_cluster_002089	evm.utg15960.3	evm.utg15960.3	1	evm.utg15960.3	exact_python_fallback
dark_cluster_002090	evm.utg15960.1	evm.utg15960.1	1	evm.utg15960.1	exact_python_fallback
dark_cluster_002091	evm.utg2601.43	evm.utg2601.43	4	evm.utg2601.43;evm.utg2601.53;evm.utg2601.61;evm.utg2601.93	exact_python_fallback
dark_cluster_002091	evm.utg2601.43	evm.utg2601.53	4	evm.utg2601.43;evm.utg2601.53;evm.utg2601.61;evm.utg2601.93	exact_python_fallback
dark_cluster_002091	evm.utg2601.43	evm.utg2601.61	4	evm.utg2601.43;evm.utg2601.53;evm.utg2601.61;evm.utg2601.93	exact_python_fallback
dark_cluster_002091	evm.utg2601.43	evm.utg2601.93	4	evm.utg2601.43;evm.utg2601.53;evm.utg2601.61;evm.utg2601.93	exact_python_fallback
dark_cluster_002092	evm.utg43115.13	evm.utg43115.13	1	evm.utg43115.13	exact_python_fallback
dark_cluster_002093	evm.utg464.90	evm.utg464.90	1	evm.utg464.90	exact_python_fallback
dark_cluster_002094	evm.utg1800.28	evm.utg1800.28	1	evm.utg1800.28	exact_python_fallback
dark_cluster_002095	evm.utg234.39	evm.utg234.39	1	evm.utg234.39	exact_python_fallback
dark_cluster_002096	evm.utg910.134	evm.utg910.134	1	evm.utg910.134	exact_python_fallback
dark_cluster_002097	evm.utg31.39	evm.utg31.39	6	evm.utg31.39;evm.utg31.43;evm.utg31.44;evm.utg31.61;evm.utg31.71;evm.utg31.80	exact_python_fallback
dark_cluster_002097	evm.utg31.39	evm.utg31.43	6	evm.utg31.39;evm.utg31.43;evm.utg31.44;evm.utg31.61;evm.utg31.71;evm.utg31.80	exact_python_fallback
dark_cluster_002097	evm.utg31.39	evm.utg31.44	6	evm.utg31.39;evm.utg31.43;evm.utg31.44;evm.utg31.61;evm.utg31.71;evm.utg31.80	exact_python_fallback
dark_cluster_002097	evm.utg31.39	evm.utg31.61	6	evm.utg31.39;evm.utg31.43;evm.utg31.44;evm.utg31.61;evm.utg31.71;evm.utg31.80	exact_python_fallback
dark_cluster_002097	evm.utg31.39	evm.utg31.71	6	evm.utg31.39;evm.utg31.43;evm.utg31.44;evm.utg31.61;evm.utg31.71;evm.utg31.80	exact_python_fallback
dark_cluster_002097	evm.utg31.39	evm.utg31.80	6	evm.utg31.39;evm.utg31.43;evm.utg31.44;evm.utg31.61;evm.utg31.71;evm.utg31.80	exact_python_fallback
dark_cluster_002098	evm.utg146.2	evm.utg146.2	1	evm.utg146.2	exact_python_fallback
dark_cluster_002099	evm.utg3211.17	evm.utg3211.17	1	evm.utg3211.17	exact_python_fallback
dark_cluster_002100	evm.utg1923.1	evm.utg1923.1	1	evm.utg1923.1	exact_python_fallback
dark_cluster_002101	evm.utg648.13	evm.utg648.13	1	evm.utg648.13	exact_python_fallback
dark_cluster_002102	evm.utg622.1	evm.utg622.1	1	evm.utg622.1	exact_python_fallback
dark_cluster_002103	evm.utg479.61	evm.utg479.61	1	evm.utg479.61	exact_python_fallback
dark_cluster_002104	utg379.evm.utg2129.56.mrna11	utg379.evm.utg2129.56.mrna11	1	utg379.evm.utg2129.56.mrna11	exact_python_fallback
dark_cluster_002105	evm.utg4.1	evm.utg4.1	4	evm.utg4.1;evm.utg4.5;evm.utg4.70;evm.utg4.75	exact_python_fallback
dark_cluster_002105	evm.utg4.1	evm.utg4.5	4	evm.utg4.1;evm.utg4.5;evm.utg4.70;evm.utg4.75	exact_python_fallback
dark_cluster_002105	evm.utg4.1	evm.utg4.70	4	evm.utg4.1;evm.utg4.5;evm.utg4.70;evm.utg4.75	exact_python_fallback
dark_cluster_002105	evm.utg4.1	evm.utg4.75	4	evm.utg4.1;evm.utg4.5;evm.utg4.70;evm.utg4.75	exact_python_fallback
dark_cluster_002106	evm.utg1846.50	evm.utg1846.50	1	evm.utg1846.50	exact_python_fallback
dark_cluster_002107	evm.utg1846.54	evm.utg1846.54	1	evm.utg1846.54	exact_python_fallback
dark_cluster_002108	evm.utg1846.53	evm.utg1846.53	1	evm.utg1846.53	exact_python_fallback
dark_cluster_002109	evm.utg2672.10	evm.utg2672.10	1	evm.utg2672.10	exact_python_fallback
dark_cluster_002110	evm.utg42547.4	evm.utg42547.4	1	evm.utg42547.4	exact_python_fallback
dark_cluster_002111	evm.utg67002.2	evm.utg67002.2	1	evm.utg67002.2	exact_python_fallback
dark_cluster_002112	evm.utg1272.9	evm.utg1272.9	1	evm.utg1272.9	exact_python_fallback
dark_cluster_002113	evm.utg13496.12	evm.utg13496.12	1	evm.utg13496.12	exact_python_fallback
dark_cluster_002114	evm.utg3210.20	evm.utg3210.20	1	evm.utg3210.20	exact_python_fallback
dark_cluster_002115	utg1609.equina_smart_1079456.mrna2	utg1609.equina_smart_1079456.mrna2	1	utg1609.equina_smart_1079456.mrna2	exact_python_fallback
dark_cluster_002116	utg6272.equina_smart_498965.mrna1	utg6272.equina_smart_498965.mrna1	1	utg6272.equina_smart_498965.mrna1	exact_python_fallback
dark_cluster_002117	evm.utg36089.12	evm.utg36089.12	1	evm.utg36089.12	exact_python_fallback
dark_cluster_002118	evm.utg48808.7	evm.utg48808.7	1	evm.utg48808.7	exact_python_fallback
dark_cluster_002119	evm.utg21977.7	evm.utg21977.7	1	evm.utg21977.7	exact_python_fallback
dark_cluster_002120	evm.utg21977.4	evm.utg21977.4	1	evm.utg21977.4	exact_python_fallback
dark_cluster_002121	evm.utg3443.52.53	evm.utg3443.52.53	1	evm.utg3443.52.53	exact_python_fallback
dark_cluster_002122	evm.utg616.57	evm.utg616.57	1	evm.utg616.57	exact_python_fallback
dark_cluster_002123	evm.utg1919.116	evm.utg1919.116	5	evm.utg1919.116;evm.utg1919.52;evm.utg1919.61;evm.utg1919.67;evm.utg1919.68	exact_python_fallback
dark_cluster_002123	evm.utg1919.116	evm.utg1919.52	5	evm.utg1919.116;evm.utg1919.52;evm.utg1919.61;evm.utg1919.67;evm.utg1919.68	exact_python_fallback
dark_cluster_002123	evm.utg1919.116	evm.utg1919.61	5	evm.utg1919.116;evm.utg1919.52;evm.utg1919.61;evm.utg1919.67;evm.utg1919.68	exact_python_fallback
dark_cluster_002123	evm.utg1919.116	evm.utg1919.67	5	evm.utg1919.116;evm.utg1919.52;evm.utg1919.61;evm.utg1919.67;evm.utg1919.68	exact_python_fallback
dark_cluster_002123	evm.utg1919.116	evm.utg1919.68	5	evm.utg1919.116;evm.utg1919.52;evm.utg1919.61;evm.utg1919.67;evm.utg1919.68	exact_python_fallback
dark_cluster_002124	evm.utg203.126	evm.utg203.126	1	evm.utg203.126	exact_python_fallback
dark_cluster_002125	utg435.equina_smart_1413736.mrna1	utg435.equina_smart_1413736.mrna1	1	utg435.equina_smart_1413736.mrna1	exact_python_fallback
dark_cluster_002126	evm.utg1079.74	evm.utg1079.74	1	evm.utg1079.74	exact_python_fallback
dark_cluster_002127	evm.utg1919.55	evm.utg1919.55	1	evm.utg1919.55	exact_python_fallback
dark_cluster_002128	evm.utg52.53	evm.utg52.53	1	evm.utg52.53	exact_python_fallback
dark_cluster_002129	evm.utg816.14	evm.utg816.14	2	evm.utg816.14;utg192.evm.utg785.4.mrna2	exact_python_fallback
dark_cluster_002129	evm.utg816.14	utg192.evm.utg785.4.mrna2	2	evm.utg816.14;utg192.evm.utg785.4.mrna2	exact_python_fallback
dark_cluster_002130	utg125.evm.utg324.133.mrna5	utg125.evm.utg324.133.mrna5	1	utg125.evm.utg324.133.mrna5	exact_python_fallback
dark_cluster_002131	evm.utg324.134	evm.utg324.134	4	evm.utg324.134;evm.utg324.135;utg389.evm.utg324.133.mrna2;utg9561.evm.utg324.133.mrna4	exact_python_fallback
dark_cluster_002131	evm.utg324.134	evm.utg324.135	4	evm.utg324.134;evm.utg324.135;utg389.evm.utg324.133.mrna2;utg9561.evm.utg324.133.mrna4	exact_python_fallback
dark_cluster_002131	evm.utg324.134	utg389.evm.utg324.133.mrna2	4	evm.utg324.134;evm.utg324.135;utg389.evm.utg324.133.mrna2;utg9561.evm.utg324.133.mrna4	exact_python_fallback
dark_cluster_002131	evm.utg324.134	utg9561.evm.utg324.133.mrna4	4	evm.utg324.134;evm.utg324.135;utg389.evm.utg324.133.mrna2;utg9561.evm.utg324.133.mrna4	exact_python_fallback
dark_cluster_002132	utg441.evm.utg324.133.mrna6	utg441.evm.utg324.133.mrna6	1	utg441.evm.utg324.133.mrna6	exact_python_fallback
dark_cluster_002133	utg203.evm.utg3443.67.mrna1	utg203.evm.utg3443.67.mrna1	2	utg203.evm.utg3443.67.mrna1;utg2156.evm.utg3443.67.mrna2	exact_python_fallback
dark_cluster_002133	utg203.evm.utg3443.67.mrna1	utg2156.evm.utg3443.67.mrna2	2	utg203.evm.utg3443.67.mrna1;utg2156.evm.utg3443.67.mrna2	exact_python_fallback
dark_cluster_002134	evm.utg78.19	evm.utg78.19	1	evm.utg78.19	exact_python_fallback
dark_cluster_002135	utg279.equina_smart_56981.mrna2	utg279.equina_smart_56981.mrna2	1	utg279.equina_smart_56981.mrna2	exact_python_fallback
dark_cluster_002136	utg2994.equina_smart_56981.mrna1	utg2994.equina_smart_56981.mrna1	1	utg2994.equina_smart_56981.mrna1	exact_python_fallback
dark_cluster_002137	evm.utg24611.5	evm.utg24611.5	2	evm.utg24611.5;utg1112.evm.utg24611.5.mrna2	exact_python_fallback
dark_cluster_002137	evm.utg24611.5	utg1112.evm.utg24611.5.mrna2	2	evm.utg24611.5;utg1112.evm.utg24611.5.mrna2	exact_python_fallback
dark_cluster_002138	evm.utg348.10	evm.utg348.10	1	evm.utg348.10	exact_python_fallback
dark_cluster_002139	evm.utg116.90	evm.utg116.90	1	evm.utg116.90	exact_python_fallback
dark_cluster_002140	evm.utg441.45	evm.utg441.45	1	evm.utg441.45	exact_python_fallback
dark_cluster_002141	evm.utg3292.1	evm.utg3292.1	3	evm.utg3292.1;evm.utg3292.20;evm.utg3292.36	exact_python_fallback
dark_cluster_002141	evm.utg3292.1	evm.utg3292.20	3	evm.utg3292.1;evm.utg3292.20;evm.utg3292.36	exact_python_fallback
dark_cluster_002141	evm.utg3292.1	evm.utg3292.36	3	evm.utg3292.1;evm.utg3292.20;evm.utg3292.36	exact_python_fallback
dark_cluster_002142	evm.utg1910.46	evm.utg1910.46	1	evm.utg1910.46	exact_python_fallback
dark_cluster_002143	evm.utg4879.18	evm.utg4879.18	1	evm.utg4879.18	exact_python_fallback
dark_cluster_002144	evm.utg125.155	evm.utg125.155	1	evm.utg125.155	exact_python_fallback
dark_cluster_002145	evm.utg1683.58	evm.utg1683.58	1	evm.utg1683.58	exact_python_fallback
dark_cluster_002146	evm.utg6070.8	evm.utg6070.8	1	evm.utg6070.8	exact_python_fallback
dark_cluster_002147	evm.utg32989.3	evm.utg32989.3	1	evm.utg32989.3	exact_python_fallback
dark_cluster_002148	evm.utg496.4	evm.utg496.4	1	evm.utg496.4	exact_python_fallback
dark_cluster_002149	evm.utg10041.8	evm.utg10041.8	1	evm.utg10041.8	exact_python_fallback
dark_cluster_002150	evm.utg1002.38	evm.utg1002.38	1	evm.utg1002.38	exact_python_fallback
dark_cluster_002151	evm.utg12030.17	evm.utg12030.17	1	evm.utg12030.17	exact_python_fallback
dark_cluster_002152	evm.utg7821.46	evm.utg7821.46	1	evm.utg7821.46	exact_python_fallback
dark_cluster_002153	evm.utg1525.1	evm.utg1525.1	3	evm.utg1525.1;evm.utg1525.13;evm.utg1525.31	exact_python_fallback
dark_cluster_002153	evm.utg1525.1	evm.utg1525.13	3	evm.utg1525.1;evm.utg1525.13;evm.utg1525.31	exact_python_fallback
dark_cluster_002153	evm.utg1525.1	evm.utg1525.31	3	evm.utg1525.1;evm.utg1525.13;evm.utg1525.31	exact_python_fallback
dark_cluster_002154	utg107.equina_smart_1831384.mrna1	utg107.equina_smart_1831384.mrna1	1	utg107.equina_smart_1831384.mrna1	exact_python_fallback
dark_cluster_002155	evm.utg7048.6	evm.utg7048.6	1	evm.utg7048.6	exact_python_fallback
dark_cluster_002156	utg7595.equina_smart_1101424.mrna1	utg7595.equina_smart_1101424.mrna1	1	utg7595.equina_smart_1101424.mrna1	exact_python_fallback
dark_cluster_002157	evm.utg1257.5	evm.utg1257.5	1	evm.utg1257.5	exact_python_fallback
dark_cluster_002158	evm.utg2159.32	evm.utg2159.32	1	evm.utg2159.32	exact_python_fallback
dark_cluster_002159	evm.utg2994.101	evm.utg2994.101	1	evm.utg2994.101	exact_python_fallback
dark_cluster_002160	evm.utg483.16	evm.utg483.16	5	evm.utg483.16;evm.utg483.30;evm.utg483.33;evm.utg483.51;evm.utg483.54	exact_python_fallback
dark_cluster_002160	evm.utg483.16	evm.utg483.30	5	evm.utg483.16;evm.utg483.30;evm.utg483.33;evm.utg483.51;evm.utg483.54	exact_python_fallback
dark_cluster_002160	evm.utg483.16	evm.utg483.33	5	evm.utg483.16;evm.utg483.30;evm.utg483.33;evm.utg483.51;evm.utg483.54	exact_python_fallback
dark_cluster_002160	evm.utg483.16	evm.utg483.51	5	evm.utg483.16;evm.utg483.30;evm.utg483.33;evm.utg483.51;evm.utg483.54	exact_python_fallback
dark_cluster_002160	evm.utg483.16	evm.utg483.54	5	evm.utg483.16;evm.utg483.30;evm.utg483.33;evm.utg483.51;evm.utg483.54	exact_python_fallback
dark_cluster_002161	evm.utg8851.35	evm.utg8851.35	1	evm.utg8851.35	exact_python_fallback
dark_cluster_002162	evm.utg3899.32	evm.utg3899.32	1	evm.utg3899.32	exact_python_fallback
dark_cluster_002163	evm.utg34.6	evm.utg34.6	1	evm.utg34.6	exact_python_fallback
dark_cluster_002164	evm.utg4652.4	evm.utg4652.4	1	evm.utg4652.4	exact_python_fallback
dark_cluster_002165	evm.utg1910.102	evm.utg1910.102	2	evm.utg1910.102;evm.utg888.67	exact_python_fallback
dark_cluster_002165	evm.utg1910.102	evm.utg888.67	2	evm.utg1910.102;evm.utg888.67	exact_python_fallback
dark_cluster_002166	utg31272.equina_smart_1477614.mrna1	utg31272.equina_smart_1477614.mrna1	1	utg31272.equina_smart_1477614.mrna1	exact_python_fallback
dark_cluster_002167	evm.utg4177.6	evm.utg4177.6	1	evm.utg4177.6	exact_python_fallback
dark_cluster_002168	evm.utg1345.78	evm.utg1345.78	1	evm.utg1345.78	exact_python_fallback
dark_cluster_002169	evm.utg2269.31	evm.utg2269.31	1	evm.utg2269.31	exact_python_fallback
dark_cluster_002170	evm.utg735.31	evm.utg735.31	1	evm.utg735.31	exact_python_fallback
dark_cluster_002171	evm.utg7661.5	evm.utg7661.5	1	evm.utg7661.5	exact_python_fallback
dark_cluster_002172	evm.utg1465.49	evm.utg1465.49	1	evm.utg1465.49	exact_python_fallback
dark_cluster_002173	evm.utg1302.8	evm.utg1302.8	1	evm.utg1302.8	exact_python_fallback
dark_cluster_002174	evm.utg1194.14	evm.utg1194.14	1	evm.utg1194.14	exact_python_fallback
dark_cluster_002175	evm.utg3872.73	evm.utg3872.73	1	evm.utg3872.73	exact_python_fallback
dark_cluster_002176	evm.utg1143.17	evm.utg1143.17	1	evm.utg1143.17	exact_python_fallback
dark_cluster_002177	evm.utg86.35	evm.utg86.35	3	evm.utg86.35;evm.utg86.45;evm.utg86.90	exact_python_fallback
dark_cluster_002177	evm.utg86.35	evm.utg86.45	3	evm.utg86.35;evm.utg86.45;evm.utg86.90	exact_python_fallback
dark_cluster_002177	evm.utg86.35	evm.utg86.90	3	evm.utg86.35;evm.utg86.45;evm.utg86.90	exact_python_fallback
dark_cluster_002178	evm.utg125.95	evm.utg125.95	1	evm.utg125.95	exact_python_fallback
dark_cluster_002179	evm.utg52.75	evm.utg52.75	1	evm.utg52.75	exact_python_fallback
dark_cluster_002180	utg1243.equina_smart_1796609.mrna2	utg1243.equina_smart_1796609.mrna2	1	utg1243.equina_smart_1796609.mrna2	exact_python_fallback
dark_cluster_002181	evm.utg2097.10	evm.utg2097.10	1	evm.utg2097.10	exact_python_fallback
dark_cluster_002182	evm.utg245.44	evm.utg245.44	1	evm.utg245.44	exact_python_fallback
dark_cluster_002183	utg4.equina_smart_90937.mrna3	utg4.equina_smart_90937.mrna3	1	utg4.equina_smart_90937.mrna3	exact_python_fallback
dark_cluster_002184	evm.utg6155.10	evm.utg6155.10	1	evm.utg6155.10	exact_python_fallback
dark_cluster_002185	utg16690.equina_smart_1871253.mrna1	utg16690.equina_smart_1871253.mrna1	1	utg16690.equina_smart_1871253.mrna1	exact_python_fallback
dark_cluster_002186	evm.utg1272.113	evm.utg1272.113	7	evm.utg1272.113;evm.utg1272.114;evm.utg1272.134;evm.utg1272.34;evm.utg1272.43;evm.utg1272.47;evm.utg1272.5	exact_python_fallback
dark_cluster_002186	evm.utg1272.113	evm.utg1272.114	7	evm.utg1272.113;evm.utg1272.114;evm.utg1272.134;evm.utg1272.34;evm.utg1272.43;evm.utg1272.47;evm.utg1272.5	exact_python_fallback
dark_cluster_002186	evm.utg1272.113	evm.utg1272.134	7	evm.utg1272.113;evm.utg1272.114;evm.utg1272.134;evm.utg1272.34;evm.utg1272.43;evm.utg1272.47;evm.utg1272.5	exact_python_fallback
dark_cluster_002186	evm.utg1272.113	evm.utg1272.34	7	evm.utg1272.113;evm.utg1272.114;evm.utg1272.134;evm.utg1272.34;evm.utg1272.43;evm.utg1272.47;evm.utg1272.5	exact_python_fallback
dark_cluster_002186	evm.utg1272.113	evm.utg1272.43	7	evm.utg1272.113;evm.utg1272.114;evm.utg1272.134;evm.utg1272.34;evm.utg1272.43;evm.utg1272.47;evm.utg1272.5	exact_python_fallback
dark_cluster_002186	evm.utg1272.113	evm.utg1272.47	7	evm.utg1272.113;evm.utg1272.114;evm.utg1272.134;evm.utg1272.34;evm.utg1272.43;evm.utg1272.47;evm.utg1272.5	exact_python_fallback
dark_cluster_002186	evm.utg1272.113	evm.utg1272.5	7	evm.utg1272.113;evm.utg1272.114;evm.utg1272.134;evm.utg1272.34;evm.utg1272.43;evm.utg1272.47;evm.utg1272.5	exact_python_fallback
dark_cluster_002187	evm.utg13322.12	evm.utg13322.12	1	evm.utg13322.12	exact_python_fallback
dark_cluster_002188	evm.utg298.92	evm.utg298.92	1	evm.utg298.92	exact_python_fallback
dark_cluster_002189	evm.utg2426.36	evm.utg2426.36	1	evm.utg2426.36	exact_python_fallback
dark_cluster_002190	evm.utg6035.11	evm.utg6035.11	1	evm.utg6035.11	exact_python_fallback
dark_cluster_002191	evm.utg2097.11	evm.utg2097.11	1	evm.utg2097.11	exact_python_fallback
dark_cluster_002192	evm.utg736.81	evm.utg736.81	1	evm.utg736.81	exact_python_fallback
dark_cluster_002193	evm.utg3761.19	evm.utg3761.19	1	evm.utg3761.19	exact_python_fallback
dark_cluster_002194	evm.utg2129.54	evm.utg2129.54	1	evm.utg2129.54	exact_python_fallback
dark_cluster_002195	evm.utg6669.21	evm.utg6669.21	5	evm.utg6669.21;evm.utg6669.22;evm.utg6669.3;evm.utg6669.32;evm.utg6669.33	exact_python_fallback
dark_cluster_002195	evm.utg6669.21	evm.utg6669.22	5	evm.utg6669.21;evm.utg6669.22;evm.utg6669.3;evm.utg6669.32;evm.utg6669.33	exact_python_fallback
dark_cluster_002195	evm.utg6669.21	evm.utg6669.3	5	evm.utg6669.21;evm.utg6669.22;evm.utg6669.3;evm.utg6669.32;evm.utg6669.33	exact_python_fallback
dark_cluster_002195	evm.utg6669.21	evm.utg6669.32	5	evm.utg6669.21;evm.utg6669.22;evm.utg6669.3;evm.utg6669.32;evm.utg6669.33	exact_python_fallback
dark_cluster_002195	evm.utg6669.21	evm.utg6669.33	5	evm.utg6669.21;evm.utg6669.22;evm.utg6669.3;evm.utg6669.32;evm.utg6669.33	exact_python_fallback
dark_cluster_002196	evm.utg5662.13	evm.utg5662.13	1	evm.utg5662.13	exact_python_fallback
dark_cluster_002197	evm.utg389.73	evm.utg389.73	1	evm.utg389.73	exact_python_fallback
dark_cluster_002198	evm.utg35893.6	evm.utg35893.6	1	evm.utg35893.6	exact_python_fallback
dark_cluster_002199	evm.utg9603.22	evm.utg9603.22	1	evm.utg9603.22	exact_python_fallback
dark_cluster_002200	utg7412.equina_smart_1251799.mrna1	utg7412.equina_smart_1251799.mrna1	1	utg7412.equina_smart_1251799.mrna1	exact_python_fallback
dark_cluster_002201	evm.utg163.69	evm.utg163.69	1	evm.utg163.69	exact_python_fallback
dark_cluster_002202	evm.utg4695.55	evm.utg4695.55	1	evm.utg4695.55	exact_python_fallback
dark_cluster_002203	evm.utg882.1	evm.utg882.1	1	evm.utg882.1	exact_python_fallback
dark_cluster_002204	evm.utg479.110	evm.utg479.110	1	evm.utg479.110	exact_python_fallback
dark_cluster_002205	evm.utg1398.1	evm.utg1398.1	3	evm.utg1398.1;evm.utg1398.19;evm.utg1398.28	exact_python_fallback
dark_cluster_002205	evm.utg1398.1	evm.utg1398.19	3	evm.utg1398.1;evm.utg1398.19;evm.utg1398.28	exact_python_fallback
dark_cluster_002205	evm.utg1398.1	evm.utg1398.28	3	evm.utg1398.1;evm.utg1398.19;evm.utg1398.28	exact_python_fallback
dark_cluster_002206	evm.utg5950.92	evm.utg5950.92	1	evm.utg5950.92	exact_python_fallback
dark_cluster_002207	utg1565.equina_smart_1435359.mrna1	utg1565.equina_smart_1435359.mrna1	1	utg1565.equina_smart_1435359.mrna1	exact_python_fallback
dark_cluster_002208	evm.utg2156.19	evm.utg2156.19	1	evm.utg2156.19	exact_python_fallback
dark_cluster_002209	evm.utg12476.5	evm.utg12476.5	1	evm.utg12476.5	exact_python_fallback
dark_cluster_002210	evm.utg262.17	evm.utg262.17	1	evm.utg262.17	exact_python_fallback
dark_cluster_002211	evm.utg3827.5	evm.utg3827.5	1	evm.utg3827.5	exact_python_fallback
dark_cluster_002212	evm.utg762.10	evm.utg762.10	5	evm.utg762.10;evm.utg762.21;evm.utg762.25;evm.utg762.37;evm.utg762.9	exact_python_fallback
dark_cluster_002212	evm.utg762.10	evm.utg762.21	5	evm.utg762.10;evm.utg762.21;evm.utg762.25;evm.utg762.37;evm.utg762.9	exact_python_fallback
dark_cluster_002212	evm.utg762.10	evm.utg762.25	5	evm.utg762.10;evm.utg762.21;evm.utg762.25;evm.utg762.37;evm.utg762.9	exact_python_fallback
dark_cluster_002212	evm.utg762.10	evm.utg762.37	5	evm.utg762.10;evm.utg762.21;evm.utg762.25;evm.utg762.37;evm.utg762.9	exact_python_fallback
dark_cluster_002212	evm.utg762.10	evm.utg762.9	5	evm.utg762.10;evm.utg762.21;evm.utg762.25;evm.utg762.37;evm.utg762.9	exact_python_fallback
dark_cluster_002213	evm.utg542.95	evm.utg542.95	1	evm.utg542.95	exact_python_fallback
dark_cluster_002214	evm.utg61418.2	evm.utg61418.2	1	evm.utg61418.2	exact_python_fallback
dark_cluster_002215	evm.utg3022.11	evm.utg3022.11	1	evm.utg3022.11	exact_python_fallback
dark_cluster_002216	evm.utg3761.16	evm.utg3761.16	1	evm.utg3761.16	exact_python_fallback
dark_cluster_002217	evm.utg530.17	evm.utg530.17	1	evm.utg530.17	exact_python_fallback
dark_cluster_002218	evm.utg13730.6	evm.utg13730.6	1	evm.utg13730.6	exact_python_fallback
dark_cluster_002219	evm.utg5.39	evm.utg5.39	1	evm.utg5.39	exact_python_fallback
dark_cluster_002220	evm.utg14923.7	evm.utg14923.7	1	evm.utg14923.7	exact_python_fallback
dark_cluster_002221	evm.utg4665.28	evm.utg4665.28	1	evm.utg4665.28	exact_python_fallback
dark_cluster_002222	evm.utg2100.14	evm.utg2100.14	1	evm.utg2100.14	exact_python_fallback
dark_cluster_002223	evm.utg52.108	evm.utg52.108	1	evm.utg52.108	exact_python_fallback
dark_cluster_002224	evm.utg2901.11	evm.utg2901.11	4	evm.utg2901.11;evm.utg2901.16;evm.utg2901.17;evm.utg2901.23	exact_python_fallback
dark_cluster_002224	evm.utg2901.11	evm.utg2901.16	4	evm.utg2901.11;evm.utg2901.16;evm.utg2901.17;evm.utg2901.23	exact_python_fallback
dark_cluster_002224	evm.utg2901.11	evm.utg2901.17	4	evm.utg2901.11;evm.utg2901.16;evm.utg2901.17;evm.utg2901.23	exact_python_fallback
dark_cluster_002224	evm.utg2901.11	evm.utg2901.23	4	evm.utg2901.11;evm.utg2901.16;evm.utg2901.17;evm.utg2901.23	exact_python_fallback
dark_cluster_002225	evm.utg494.36	evm.utg494.36	1	evm.utg494.36	exact_python_fallback
dark_cluster_002226	evm.utg395.60	evm.utg395.60	1	evm.utg395.60	exact_python_fallback
dark_cluster_002227	evm.utg73.31	evm.utg73.31	1	evm.utg73.31	exact_python_fallback
dark_cluster_002228	evm.utg309.1	evm.utg309.1	3	evm.utg309.1;evm.utg309.14;evm.utg309.38	exact_python_fallback
dark_cluster_002228	evm.utg309.1	evm.utg309.14	3	evm.utg309.1;evm.utg309.14;evm.utg309.38	exact_python_fallback
dark_cluster_002228	evm.utg309.1	evm.utg309.38	3	evm.utg309.1;evm.utg309.14;evm.utg309.38	exact_python_fallback
dark_cluster_002229	evm.utg936.13	evm.utg936.13	5	evm.utg936.13;evm.utg936.16;evm.utg936.29;evm.utg936.47;evm.utg936.48	exact_python_fallback
dark_cluster_002229	evm.utg936.13	evm.utg936.16	5	evm.utg936.13;evm.utg936.16;evm.utg936.29;evm.utg936.47;evm.utg936.48	exact_python_fallback
dark_cluster_002229	evm.utg936.13	evm.utg936.29	5	evm.utg936.13;evm.utg936.16;evm.utg936.29;evm.utg936.47;evm.utg936.48	exact_python_fallback
dark_cluster_002229	evm.utg936.13	evm.utg936.47	5	evm.utg936.13;evm.utg936.16;evm.utg936.29;evm.utg936.47;evm.utg936.48	exact_python_fallback
dark_cluster_002229	evm.utg936.13	evm.utg936.48	5	evm.utg936.13;evm.utg936.16;evm.utg936.29;evm.utg936.47;evm.utg936.48	exact_python_fallback
dark_cluster_002230	evm.utg6072.21	evm.utg6072.21	1	evm.utg6072.21	exact_python_fallback
dark_cluster_002231	evm.utg710.9	evm.utg710.9	1	evm.utg710.9	exact_python_fallback
dark_cluster_002232	evm.utg13322.8	evm.utg13322.8	1	evm.utg13322.8	exact_python_fallback
dark_cluster_002233	evm.utg4605.30	evm.utg4605.30	1	evm.utg4605.30	exact_python_fallback
dark_cluster_002234	evm.utg2097.26	evm.utg2097.26	1	evm.utg2097.26	exact_python_fallback
dark_cluster_002235	evm.utg1347.8	evm.utg1347.8	1	evm.utg1347.8	exact_python_fallback
dark_cluster_002236	evm.utg4271.1	evm.utg4271.1	2	evm.utg4271.1;evm.utg4271.9	exact_python_fallback
dark_cluster_002236	evm.utg4271.1	evm.utg4271.9	2	evm.utg4271.1;evm.utg4271.9	exact_python_fallback
dark_cluster_002237	evm.utg20678.3	evm.utg20678.3	1	evm.utg20678.3	exact_python_fallback
dark_cluster_002238	evm.utg209.2	evm.utg209.2	3	evm.utg209.2;evm.utg209.29;evm.utg209.8	exact_python_fallback
dark_cluster_002238	evm.utg209.2	evm.utg209.29	3	evm.utg209.2;evm.utg209.29;evm.utg209.8	exact_python_fallback
dark_cluster_002238	evm.utg209.2	evm.utg209.8	3	evm.utg209.2;evm.utg209.29;evm.utg209.8	exact_python_fallback
dark_cluster_002239	evm.utg16443.18	evm.utg16443.18	1	evm.utg16443.18	exact_python_fallback
dark_cluster_002240	evm.utg12336.23	evm.utg12336.23	1	evm.utg12336.23	exact_python_fallback
dark_cluster_002241	evm.utg1290.53	evm.utg1290.53	1	evm.utg1290.53	exact_python_fallback
dark_cluster_002242	evm.utg479.138	evm.utg479.138	1	evm.utg479.138	exact_python_fallback
dark_cluster_002243	evm.utg2487.58	evm.utg2487.58	2	evm.utg2487.58;evm.utg7217.61	exact_python_fallback
dark_cluster_002243	evm.utg2487.58	evm.utg7217.61	2	evm.utg2487.58;evm.utg7217.61	exact_python_fallback
dark_cluster_002244	utg9409.equina_smart_847727.mrna1	utg9409.equina_smart_847727.mrna1	1	utg9409.equina_smart_847727.mrna1	exact_python_fallback
dark_cluster_002245	evm.utg1345.24	evm.utg1345.24	7	evm.utg1345.24;evm.utg1345.25;evm.utg1345.28;evm.utg1345.37;evm.utg1345.47;evm.utg1345.64;evm.utg1345.79	exact_python_fallback
dark_cluster_002245	evm.utg1345.24	evm.utg1345.25	7	evm.utg1345.24;evm.utg1345.25;evm.utg1345.28;evm.utg1345.37;evm.utg1345.47;evm.utg1345.64;evm.utg1345.79	exact_python_fallback
dark_cluster_002245	evm.utg1345.24	evm.utg1345.28	7	evm.utg1345.24;evm.utg1345.25;evm.utg1345.28;evm.utg1345.37;evm.utg1345.47;evm.utg1345.64;evm.utg1345.79	exact_python_fallback
dark_cluster_002245	evm.utg1345.24	evm.utg1345.37	7	evm.utg1345.24;evm.utg1345.25;evm.utg1345.28;evm.utg1345.37;evm.utg1345.47;evm.utg1345.64;evm.utg1345.79	exact_python_fallback
dark_cluster_002245	evm.utg1345.24	evm.utg1345.47	7	evm.utg1345.24;evm.utg1345.25;evm.utg1345.28;evm.utg1345.37;evm.utg1345.47;evm.utg1345.64;evm.utg1345.79	exact_python_fallback
dark_cluster_002245	evm.utg1345.24	evm.utg1345.64	7	evm.utg1345.24;evm.utg1345.25;evm.utg1345.28;evm.utg1345.37;evm.utg1345.47;evm.utg1345.64;evm.utg1345.79	exact_python_fallback
dark_cluster_002245	evm.utg1345.24	evm.utg1345.79	7	evm.utg1345.24;evm.utg1345.25;evm.utg1345.28;evm.utg1345.37;evm.utg1345.47;evm.utg1345.64;evm.utg1345.79	exact_python_fallback
dark_cluster_002246	evm.utg2071.23	evm.utg2071.23	1	evm.utg2071.23	exact_python_fallback
dark_cluster_002247	evm.utg6161.2	evm.utg6161.2	4	evm.utg6161.2;evm.utg6161.5;evm.utg6161.6;evm.utg6161.8	exact_python_fallback
dark_cluster_002247	evm.utg6161.2	evm.utg6161.5	4	evm.utg6161.2;evm.utg6161.5;evm.utg6161.6;evm.utg6161.8	exact_python_fallback
dark_cluster_002247	evm.utg6161.2	evm.utg6161.6	4	evm.utg6161.2;evm.utg6161.5;evm.utg6161.6;evm.utg6161.8	exact_python_fallback
dark_cluster_002247	evm.utg6161.2	evm.utg6161.8	4	evm.utg6161.2;evm.utg6161.5;evm.utg6161.6;evm.utg6161.8	exact_python_fallback
dark_cluster_002248	evm.utg4046.28	evm.utg4046.28	1	evm.utg4046.28	exact_python_fallback
dark_cluster_002249	evm.utg3467.15	evm.utg3467.15	2	evm.utg3467.15;evm.utg3467.3	exact_python_fallback
dark_cluster_002249	evm.utg3467.15	evm.utg3467.3	2	evm.utg3467.15;evm.utg3467.3	exact_python_fallback
dark_cluster_002250	evm.utg1565.42	evm.utg1565.42	1	evm.utg1565.42	exact_python_fallback
dark_cluster_002251	evm.utg14.53	evm.utg14.53	2	evm.utg14.53;evm.utg14.75	exact_python_fallback
dark_cluster_002251	evm.utg14.53	evm.utg14.75	2	evm.utg14.53;evm.utg14.75	exact_python_fallback
dark_cluster_002252	evm.utg2327.4	evm.utg2327.4	1	evm.utg2327.4	exact_python_fallback
dark_cluster_002253	evm.utg10321.16	evm.utg10321.16	3	evm.utg10321.16;evm.utg10321.21;evm.utg10321.28	exact_python_fallback
dark_cluster_002253	evm.utg10321.16	evm.utg10321.21	3	evm.utg10321.16;evm.utg10321.21;evm.utg10321.28	exact_python_fallback
dark_cluster_002253	evm.utg10321.16	evm.utg10321.28	3	evm.utg10321.16;evm.utg10321.21;evm.utg10321.28	exact_python_fallback
dark_cluster_002254	evm.utg324.25	evm.utg324.25	1	evm.utg324.25	exact_python_fallback
dark_cluster_002255	evm.utg1022.70	evm.utg1022.70	1	evm.utg1022.70	exact_python_fallback
dark_cluster_002256	evm.utg12644.12	evm.utg12644.12	2	evm.utg12644.12;evm.utg12644.5	exact_python_fallback
dark_cluster_002256	evm.utg12644.12	evm.utg12644.5	2	evm.utg12644.12;evm.utg12644.5	exact_python_fallback
dark_cluster_002257	evm.utg14533.27	evm.utg14533.27	1	evm.utg14533.27	exact_python_fallback
dark_cluster_002258	utg4187.equina_smart_1727674.mrna1	utg4187.equina_smart_1727674.mrna1	1	utg4187.equina_smart_1727674.mrna1	exact_python_fallback
dark_cluster_002259	evm.utg14021.10	evm.utg14021.10	5	evm.utg14021.10;evm.utg14021.18;evm.utg14021.35;evm.utg14021.37;evm.utg14021.40	exact_python_fallback
dark_cluster_002259	evm.utg14021.10	evm.utg14021.18	5	evm.utg14021.10;evm.utg14021.18;evm.utg14021.35;evm.utg14021.37;evm.utg14021.40	exact_python_fallback
dark_cluster_002259	evm.utg14021.10	evm.utg14021.35	5	evm.utg14021.10;evm.utg14021.18;evm.utg14021.35;evm.utg14021.37;evm.utg14021.40	exact_python_fallback
dark_cluster_002259	evm.utg14021.10	evm.utg14021.37	5	evm.utg14021.10;evm.utg14021.18;evm.utg14021.35;evm.utg14021.37;evm.utg14021.40	exact_python_fallback
dark_cluster_002259	evm.utg14021.10	evm.utg14021.40	5	evm.utg14021.10;evm.utg14021.18;evm.utg14021.35;evm.utg14021.37;evm.utg14021.40	exact_python_fallback
dark_cluster_002260	evm.utg77.83	evm.utg77.83	1	evm.utg77.83	exact_python_fallback
dark_cluster_002261	evm.utg2196.4	evm.utg2196.4	1	evm.utg2196.4	exact_python_fallback
dark_cluster_002262	evm.utg166658.1	evm.utg166658.1	1	evm.utg166658.1	exact_python_fallback
dark_cluster_002263	evm.utg1271.71	evm.utg1271.71	1	evm.utg1271.71	exact_python_fallback
dark_cluster_002264	evm.utg4455.35	evm.utg4455.35	4	evm.utg4455.35;evm.utg4455.49;evm.utg4455.56;evm.utg4455.68	exact_python_fallback
dark_cluster_002264	evm.utg4455.35	evm.utg4455.49	4	evm.utg4455.35;evm.utg4455.49;evm.utg4455.56;evm.utg4455.68	exact_python_fallback
dark_cluster_002264	evm.utg4455.35	evm.utg4455.56	4	evm.utg4455.35;evm.utg4455.49;evm.utg4455.56;evm.utg4455.68	exact_python_fallback
dark_cluster_002264	evm.utg4455.35	evm.utg4455.68	4	evm.utg4455.35;evm.utg4455.49;evm.utg4455.56;evm.utg4455.68	exact_python_fallback
dark_cluster_002265	evm.utg13322.9	evm.utg13322.9	1	evm.utg13322.9	exact_python_fallback
dark_cluster_002266	evm.utg1101.39	evm.utg1101.39	1	evm.utg1101.39	exact_python_fallback
dark_cluster_002267	evm.utg334.47	evm.utg334.47	1	evm.utg334.47	exact_python_fallback
dark_cluster_002268	evm.utg23708.12	evm.utg23708.12	1	evm.utg23708.12	exact_python_fallback
dark_cluster_002269	evm.utg469.1	evm.utg469.1	1	evm.utg469.1	exact_python_fallback
dark_cluster_002270	evm.utg15578.2	evm.utg15578.2	2	evm.utg15578.2;evm.utg15578.5	exact_python_fallback
dark_cluster_002270	evm.utg15578.2	evm.utg15578.5	2	evm.utg15578.2;evm.utg15578.5	exact_python_fallback
dark_cluster_002271	evm.utg5246.9	evm.utg5246.9	1	evm.utg5246.9	exact_python_fallback
dark_cluster_002272	evm.utg9623.30	evm.utg9623.30	1	evm.utg9623.30	exact_python_fallback
dark_cluster_002273	evm.utg219.32	evm.utg219.32	1	evm.utg219.32	exact_python_fallback
dark_cluster_002274	utg2343.equina_smart_1869304.mrna6	utg2343.equina_smart_1869304.mrna6	3	utg2343.equina_smart_1869304.mrna6;utg30548.equina_smart_1869304.mrna1;utg4428.equina_smart_1869304.mrna2	exact_python_fallback
dark_cluster_002274	utg2343.equina_smart_1869304.mrna6	utg30548.equina_smart_1869304.mrna1	3	utg2343.equina_smart_1869304.mrna6;utg30548.equina_smart_1869304.mrna1;utg4428.equina_smart_1869304.mrna2	exact_python_fallback
dark_cluster_002274	utg2343.equina_smart_1869304.mrna6	utg4428.equina_smart_1869304.mrna2	3	utg2343.equina_smart_1869304.mrna6;utg30548.equina_smart_1869304.mrna1;utg4428.equina_smart_1869304.mrna2	exact_python_fallback
dark_cluster_002275	utg4130.equina_smart_17200.mrna2	utg4130.equina_smart_17200.mrna2	1	utg4130.equina_smart_17200.mrna2	exact_python_fallback
dark_cluster_002276	evm.utg126.40	evm.utg126.40	1	evm.utg126.40	exact_python_fallback
dark_cluster_002277	utg1230.equina_smart_1431290.mrna1	utg1230.equina_smart_1431290.mrna1	1	utg1230.equina_smart_1431290.mrna1	exact_python_fallback
dark_cluster_002278	evm.utg1281.7	evm.utg1281.7	1	evm.utg1281.7	exact_python_fallback
dark_cluster_002279	utg1285.equina_smart_1432494.mrna1	utg1285.equina_smart_1432494.mrna1	1	utg1285.equina_smart_1432494.mrna1	exact_python_fallback
dark_cluster_002280	utg8609.equina_smart_1465235.mrna1	utg8609.equina_smart_1465235.mrna1	1	utg8609.equina_smart_1465235.mrna1	exact_python_fallback
dark_cluster_002281	evm.utg2246.12	evm.utg2246.12	6	evm.utg2246.12;evm.utg2246.19;evm.utg2246.32;evm.utg2246.6;evm.utg2246.70;evm.utg2246.81	exact_python_fallback
dark_cluster_002281	evm.utg2246.12	evm.utg2246.19	6	evm.utg2246.12;evm.utg2246.19;evm.utg2246.32;evm.utg2246.6;evm.utg2246.70;evm.utg2246.81	exact_python_fallback
dark_cluster_002281	evm.utg2246.12	evm.utg2246.32	6	evm.utg2246.12;evm.utg2246.19;evm.utg2246.32;evm.utg2246.6;evm.utg2246.70;evm.utg2246.81	exact_python_fallback
dark_cluster_002281	evm.utg2246.12	evm.utg2246.6	6	evm.utg2246.12;evm.utg2246.19;evm.utg2246.32;evm.utg2246.6;evm.utg2246.70;evm.utg2246.81	exact_python_fallback
dark_cluster_002281	evm.utg2246.12	evm.utg2246.70	6	evm.utg2246.12;evm.utg2246.19;evm.utg2246.32;evm.utg2246.6;evm.utg2246.70;evm.utg2246.81	exact_python_fallback
dark_cluster_002281	evm.utg2246.12	evm.utg2246.81	6	evm.utg2246.12;evm.utg2246.19;evm.utg2246.32;evm.utg2246.6;evm.utg2246.70;evm.utg2246.81	exact_python_fallback
dark_cluster_002282	evm.utg3642.14	evm.utg3642.14	2	evm.utg3642.14;evm.utg3642.8	exact_python_fallback
dark_cluster_002282	evm.utg3642.14	evm.utg3642.8	2	evm.utg3642.14;evm.utg3642.8	exact_python_fallback
dark_cluster_002283	utg116.equina_smart_1171851.mrna1	utg116.equina_smart_1171851.mrna1	1	utg116.equina_smart_1171851.mrna1	exact_python_fallback
dark_cluster_002284	evm.utg5294.53	evm.utg5294.53	1	evm.utg5294.53	exact_python_fallback
dark_cluster_002285	utg7289.evm.utg16112.2.mrna2	utg7289.evm.utg16112.2.mrna2	1	utg7289.evm.utg16112.2.mrna2	exact_python_fallback
dark_cluster_002286	evm.utg983.17	evm.utg983.17	3	evm.utg983.17;evm.utg983.18;evm.utg983.26	exact_python_fallback
dark_cluster_002286	evm.utg983.17	evm.utg983.18	3	evm.utg983.17;evm.utg983.18;evm.utg983.26	exact_python_fallback
dark_cluster_002286	evm.utg983.17	evm.utg983.26	3	evm.utg983.17;evm.utg983.18;evm.utg983.26	exact_python_fallback
dark_cluster_002287	evm.utg6401.36	evm.utg6401.36	1	evm.utg6401.36	exact_python_fallback
dark_cluster_002288	evm.utg16094.3	evm.utg16094.3	1	evm.utg16094.3	exact_python_fallback
dark_cluster_002289	evm.utg152.15	evm.utg152.15	5	evm.utg152.15;evm.utg152.26;evm.utg152.69;evm.utg152.7;evm.utg152.75	exact_python_fallback
dark_cluster_002289	evm.utg152.15	evm.utg152.26	5	evm.utg152.15;evm.utg152.26;evm.utg152.69;evm.utg152.7;evm.utg152.75	exact_python_fallback
dark_cluster_002289	evm.utg152.15	evm.utg152.69	5	evm.utg152.15;evm.utg152.26;evm.utg152.69;evm.utg152.7;evm.utg152.75	exact_python_fallback
dark_cluster_002289	evm.utg152.15	evm.utg152.7	5	evm.utg152.15;evm.utg152.26;evm.utg152.69;evm.utg152.7;evm.utg152.75	exact_python_fallback
dark_cluster_002289	evm.utg152.15	evm.utg152.75	5	evm.utg152.15;evm.utg152.26;evm.utg152.69;evm.utg152.7;evm.utg152.75	exact_python_fallback
dark_cluster_002290	utg594.evm.utg6035.11.mrna2	utg594.evm.utg6035.11.mrna2	1	utg594.evm.utg6035.11.mrna2	exact_python_fallback
dark_cluster_002291	evm.utg4737.14	evm.utg4737.14	1	evm.utg4737.14	exact_python_fallback
dark_cluster_002292	utg36986.equina_smart_943212.mrna1	utg36986.equina_smart_943212.mrna1	1	utg36986.equina_smart_943212.mrna1	exact_python_fallback
dark_cluster_002293	evm.utg2901.21	evm.utg2901.21	1	evm.utg2901.21	exact_python_fallback
dark_cluster_002294	evm.utg6432.56	evm.utg6432.56	1	evm.utg6432.56	exact_python_fallback
dark_cluster_002295	evm.utg2269.10	evm.utg2269.10	1	evm.utg2269.10	exact_python_fallback
dark_cluster_002296	evm.utg3797.22	evm.utg3797.22	1	evm.utg3797.22	exact_python_fallback
dark_cluster_002297	evm.utg420.83	evm.utg420.83	1	evm.utg420.83	exact_python_fallback
dark_cluster_002298	evm.utg34096.2	evm.utg34096.2	1	evm.utg34096.2	exact_python_fallback
dark_cluster_002299	evm.utg29733.12	evm.utg29733.12	3	evm.utg29733.12;evm.utg29733.8;evm.utg29733.9	exact_python_fallback
dark_cluster_002299	evm.utg29733.12	evm.utg29733.8	3	evm.utg29733.12;evm.utg29733.8;evm.utg29733.9	exact_python_fallback
dark_cluster_002299	evm.utg29733.12	evm.utg29733.9	3	evm.utg29733.12;evm.utg29733.8;evm.utg29733.9	exact_python_fallback
dark_cluster_002300	evm.utg172.107	evm.utg172.107	4	evm.utg172.107;evm.utg172.64;evm.utg172.84;evm.utg172.85	exact_python_fallback
dark_cluster_002300	evm.utg172.107	evm.utg172.64	4	evm.utg172.107;evm.utg172.64;evm.utg172.84;evm.utg172.85	exact_python_fallback
dark_cluster_002300	evm.utg172.107	evm.utg172.84	4	evm.utg172.107;evm.utg172.64;evm.utg172.84;evm.utg172.85	exact_python_fallback
dark_cluster_002300	evm.utg172.107	evm.utg172.85	4	evm.utg172.107;evm.utg172.64;evm.utg172.84;evm.utg172.85	exact_python_fallback
dark_cluster_002301	utg415.equina_smart_1602228.mrna1	utg415.equina_smart_1602228.mrna1	1	utg415.equina_smart_1602228.mrna1	exact_python_fallback
dark_cluster_002302	evm.utg207.103	evm.utg207.103	1	evm.utg207.103	exact_python_fallback
dark_cluster_002303	evm.utg23708.6	evm.utg23708.6	1	evm.utg23708.6	exact_python_fallback
dark_cluster_002304	evm.utg3878.42	evm.utg3878.42	1	evm.utg3878.42	exact_python_fallback
dark_cluster_002305	evm.utg464.13	evm.utg464.13	1	evm.utg464.13	exact_python_fallback
dark_cluster_002306	evm.utg8615.5	evm.utg8615.5	1	evm.utg8615.5	exact_python_fallback
dark_cluster_002307	evm.utg25321.26	evm.utg25321.26	1	evm.utg25321.26	exact_python_fallback
dark_cluster_002308	evm.utg1594.5	evm.utg1594.5	1	evm.utg1594.5	exact_python_fallback
dark_cluster_002309	utg20635.equina_smart_1474580.mrna1	utg20635.equina_smart_1474580.mrna1	1	utg20635.equina_smart_1474580.mrna1	exact_python_fallback
dark_cluster_002310	evm.utg2071.57	evm.utg2071.57	1	evm.utg2071.57	exact_python_fallback
dark_cluster_002311	evm.utg1982.17	evm.utg1982.17	1	evm.utg1982.17	exact_python_fallback
dark_cluster_002312	evm.utg4709.10	evm.utg4709.10	1	evm.utg4709.10	exact_python_fallback
dark_cluster_002313	evm.utg1897.96	evm.utg1897.96	1	evm.utg1897.96	exact_python_fallback
dark_cluster_002314	utg5854.equina_smart_171996.mrna1	utg5854.equina_smart_171996.mrna1	1	utg5854.equina_smart_171996.mrna1	exact_python_fallback
dark_cluster_002315	evm.utg5073.23	evm.utg5073.23	1	evm.utg5073.23	exact_python_fallback
dark_cluster_002316	utg101.equina_smart_1396890.mrna1	utg101.equina_smart_1396890.mrna1	1	utg101.equina_smart_1396890.mrna1	exact_python_fallback
dark_cluster_002317	evm.utg3803.1	evm.utg3803.1	1	evm.utg3803.1	exact_python_fallback
dark_cluster_002318	evm.utg4737.5	evm.utg4737.5	1	evm.utg4737.5	exact_python_fallback
dark_cluster_002319	evm.utg435.71	evm.utg435.71	1	evm.utg435.71	exact_python_fallback
dark_cluster_002320	evm.utg501.1	evm.utg501.1	3	evm.utg501.1;evm.utg501.19;evm.utg501.20	exact_python_fallback
dark_cluster_002320	evm.utg501.1	evm.utg501.19	3	evm.utg501.1;evm.utg501.19;evm.utg501.20	exact_python_fallback
dark_cluster_002320	evm.utg501.1	evm.utg501.20	3	evm.utg501.1;evm.utg501.19;evm.utg501.20	exact_python_fallback
dark_cluster_002321	evm.utg12878.2	evm.utg12878.2	1	evm.utg12878.2	exact_python_fallback
dark_cluster_002322	evm.utg1818.24	evm.utg1818.24	1	evm.utg1818.24	exact_python_fallback
dark_cluster_002323	evm.utg1972.40	evm.utg1972.40	1	evm.utg1972.40	exact_python_fallback
dark_cluster_002324	evm.utg30548.2	evm.utg30548.2	1	evm.utg30548.2	exact_python_fallback
dark_cluster_002325	evm.utg2779.3	evm.utg2779.3	1	evm.utg2779.3	exact_python_fallback
dark_cluster_002326	evm.utg1931.28	evm.utg1931.28	1	evm.utg1931.28	exact_python_fallback
dark_cluster_002327	evm.utg5.24	evm.utg5.24	1	evm.utg5.24	exact_python_fallback
dark_cluster_002328	evm.utg738.30	evm.utg738.30	1	evm.utg738.30	exact_python_fallback
dark_cluster_002329	evm.utg203.71	evm.utg203.71	1	evm.utg203.71	exact_python_fallback
dark_cluster_002330	evm.utg52.118	evm.utg52.118	1	evm.utg52.118	exact_python_fallback
dark_cluster_002331	evm.utg1056.149	evm.utg1056.149	1	evm.utg1056.149	exact_python_fallback
dark_cluster_002332	evm.utg45405.8	evm.utg45405.8	1	evm.utg45405.8	exact_python_fallback
dark_cluster_002333	evm.utg1623.6	evm.utg1623.6	1	evm.utg1623.6	exact_python_fallback
dark_cluster_002334	utg126.equina_smart_17200.mrna11	utg126.equina_smart_17200.mrna11	1	utg126.equina_smart_17200.mrna11	exact_python_fallback
dark_cluster_002335	utg18932.equina_smart_17200.mrna3	utg18932.equina_smart_17200.mrna3	1	utg18932.equina_smart_17200.mrna3	exact_python_fallback
dark_cluster_002336	evm.utg3669.2	evm.utg3669.2	1	evm.utg3669.2	exact_python_fallback
dark_cluster_002337	evm.utg9623.12	evm.utg9623.12	3	evm.utg9623.12;evm.utg9623.17;evm.utg9623.5	exact_python_fallback
dark_cluster_002337	evm.utg9623.12	evm.utg9623.17	3	evm.utg9623.12;evm.utg9623.17;evm.utg9623.5	exact_python_fallback
dark_cluster_002337	evm.utg9623.12	evm.utg9623.5	3	evm.utg9623.12;evm.utg9623.17;evm.utg9623.5	exact_python_fallback
dark_cluster_002338	evm.utg16484.3	evm.utg16484.3	1	evm.utg16484.3	exact_python_fallback
dark_cluster_002339	evm.utg55.94	evm.utg55.94	1	evm.utg55.94	exact_python_fallback
dark_cluster_002340	evm.utg2585.11	evm.utg2585.11	1	evm.utg2585.11	exact_python_fallback
dark_cluster_002341	evm.utg9284.20	evm.utg9284.20	1	evm.utg9284.20	exact_python_fallback
dark_cluster_002342	evm.utg1765.30	evm.utg1765.30	1	evm.utg1765.30	exact_python_fallback
dark_cluster_002343	evm.utg34691.4	evm.utg34691.4	1	evm.utg34691.4	exact_python_fallback
dark_cluster_002344	evm.utg5456.6	evm.utg5456.6	1	evm.utg5456.6	exact_python_fallback
dark_cluster_002345	evm.utg5885.85	evm.utg5885.85	1	evm.utg5885.85	exact_python_fallback
dark_cluster_002346	evm.utg577.98	evm.utg577.98	1	evm.utg577.98	exact_python_fallback
dark_cluster_002347	evm.utg10.29	evm.utg10.29	1	evm.utg10.29	exact_python_fallback
dark_cluster_002348	evm.utg512.76	evm.utg512.76	1	evm.utg512.76	exact_python_fallback
dark_cluster_002349	evm.utg59213.1	evm.utg59213.1	1	evm.utg59213.1	exact_python_fallback
dark_cluster_002350	evm.utg3158.26	evm.utg3158.26	3	evm.utg3158.26;evm.utg3158.27;evm.utg3158.45	exact_python_fallback
dark_cluster_002350	evm.utg3158.26	evm.utg3158.27	3	evm.utg3158.26;evm.utg3158.27;evm.utg3158.45	exact_python_fallback
dark_cluster_002350	evm.utg3158.26	evm.utg3158.45	3	evm.utg3158.26;evm.utg3158.27;evm.utg3158.45	exact_python_fallback
dark_cluster_002351	utg2291.equina_smart_1443267.mrna1	utg2291.equina_smart_1443267.mrna1	1	utg2291.equina_smart_1443267.mrna1	exact_python_fallback
dark_cluster_002352	evm.utg1683.59	evm.utg1683.59	1	evm.utg1683.59	exact_python_fallback
dark_cluster_002353	evm.utg12644.4	evm.utg12644.4	1	evm.utg12644.4	exact_python_fallback
dark_cluster_002354	evm.utg4271.81	evm.utg4271.81	1	evm.utg4271.81	exact_python_fallback
dark_cluster_002355	evm.utg7127.8	evm.utg7127.8	1	evm.utg7127.8	exact_python_fallback
dark_cluster_002356	evm.utg190.22	evm.utg190.22	1	evm.utg190.22	exact_python_fallback
dark_cluster_002357	evm.utg5817.13	evm.utg5817.13	1	evm.utg5817.13	exact_python_fallback
dark_cluster_002358	evm.utg4613.16	evm.utg4613.16	1	evm.utg4613.16	exact_python_fallback
dark_cluster_002359	evm.utg77.3	evm.utg77.3	1	evm.utg77.3	exact_python_fallback
dark_cluster_002360	utg101.equina_smart_1822816.mrna1	utg101.equina_smart_1822816.mrna1	1	utg101.equina_smart_1822816.mrna1	exact_python_fallback
dark_cluster_002361	utg1052.equina_smart_177438.mrna1	utg1052.equina_smart_177438.mrna1	4	utg1052.equina_smart_177438.mrna1;utg1052.equina_smart_177438.mrna2;utg1052.equina_smart_177438.mrna3;utg1052.equina_smart_177438.mrna4	exact_python_fallback
dark_cluster_002361	utg1052.equina_smart_177438.mrna1	utg1052.equina_smart_177438.mrna2	4	utg1052.equina_smart_177438.mrna1;utg1052.equina_smart_177438.mrna2;utg1052.equina_smart_177438.mrna3;utg1052.equina_smart_177438.mrna4	exact_python_fallback
dark_cluster_002361	utg1052.equina_smart_177438.mrna1	utg1052.equina_smart_177438.mrna3	4	utg1052.equina_smart_177438.mrna1;utg1052.equina_smart_177438.mrna2;utg1052.equina_smart_177438.mrna3;utg1052.equina_smart_177438.mrna4	exact_python_fallback
dark_cluster_002361	utg1052.equina_smart_177438.mrna1	utg1052.equina_smart_177438.mrna4	4	utg1052.equina_smart_177438.mrna1;utg1052.equina_smart_177438.mrna2;utg1052.equina_smart_177438.mrna3;utg1052.equina_smart_177438.mrna4	exact_python_fallback
dark_cluster_002362	evm.utg14902.14	evm.utg14902.14	1	evm.utg14902.14	exact_python_fallback
dark_cluster_002363	evm.utg464.79	evm.utg464.79	1	evm.utg464.79	exact_python_fallback
dark_cluster_002364	evm.utg477.20	evm.utg477.20	1	evm.utg477.20	exact_python_fallback
dark_cluster_002365	utg1272.equina_smart_1484717.mrna1	utg1272.equina_smart_1484717.mrna1	1	utg1272.equina_smart_1484717.mrna1	exact_python_fallback
dark_cluster_002366	evm.utg6392.8	evm.utg6392.8	1	evm.utg6392.8	exact_python_fallback
dark_cluster_002367	evm.utg2045.3	evm.utg2045.3	1	evm.utg2045.3	exact_python_fallback
dark_cluster_002368	evm.utg2674.45	evm.utg2674.45	1	evm.utg2674.45	exact_python_fallback
dark_cluster_002369	evm.utg8726.19	evm.utg8726.19	1	evm.utg8726.19	exact_python_fallback
dark_cluster_002370	utg348.equina_smart_1408662.mrna1	utg348.equina_smart_1408662.mrna1	1	utg348.equina_smart_1408662.mrna1	exact_python_fallback
dark_cluster_002371	evm.utg11415.50	evm.utg11415.50	1	evm.utg11415.50	exact_python_fallback
dark_cluster_002372	evm.utg4155.3	evm.utg4155.3	1	evm.utg4155.3	exact_python_fallback
dark_cluster_002373	utg3019.equina_smart_1447778.mrna1	utg3019.equina_smart_1447778.mrna1	1	utg3019.equina_smart_1447778.mrna1	exact_python_fallback
dark_cluster_002374	evm.utg1143.2	evm.utg1143.2	1	evm.utg1143.2	exact_python_fallback
dark_cluster_002375	evm.utg589.5	evm.utg589.5	1	evm.utg589.5	exact_python_fallback
dark_cluster_002376	evm.utg7522.18	evm.utg7522.18	1	evm.utg7522.18	exact_python_fallback
dark_cluster_002377	evm.utg6183.36	evm.utg6183.36	1	evm.utg6183.36	exact_python_fallback
dark_cluster_002378	evm.utg192.90	evm.utg192.90	1	evm.utg192.90	exact_python_fallback
dark_cluster_002379	evm.utg1253.3	evm.utg1253.3	1	evm.utg1253.3	exact_python_fallback
dark_cluster_002380	evm.utg2716.11	evm.utg2716.11	1	evm.utg2716.11	exact_python_fallback
dark_cluster_002381	evm.utg4501.6	evm.utg4501.6	1	evm.utg4501.6	exact_python_fallback
dark_cluster_002382	evm.utg334.1	evm.utg334.1	8	evm.utg334.1;evm.utg334.11;evm.utg334.14;evm.utg334.20;evm.utg334.29;evm.utg334.49;evm.utg334.50;evm.utg334.57	exact_python_fallback
dark_cluster_002382	evm.utg334.1	evm.utg334.11	8	evm.utg334.1;evm.utg334.11;evm.utg334.14;evm.utg334.20;evm.utg334.29;evm.utg334.49;evm.utg334.50;evm.utg334.57	exact_python_fallback
dark_cluster_002382	evm.utg334.1	evm.utg334.14	8	evm.utg334.1;evm.utg334.11;evm.utg334.14;evm.utg334.20;evm.utg334.29;evm.utg334.49;evm.utg334.50;evm.utg334.57	exact_python_fallback
dark_cluster_002382	evm.utg334.1	evm.utg334.20	8	evm.utg334.1;evm.utg334.11;evm.utg334.14;evm.utg334.20;evm.utg334.29;evm.utg334.49;evm.utg334.50;evm.utg334.57	exact_python_fallback
dark_cluster_002382	evm.utg334.1	evm.utg334.29	8	evm.utg334.1;evm.utg334.11;evm.utg334.14;evm.utg334.20;evm.utg334.29;evm.utg334.49;evm.utg334.50;evm.utg334.57	exact_python_fallback
dark_cluster_002382	evm.utg334.1	evm.utg334.49	8	evm.utg334.1;evm.utg334.11;evm.utg334.14;evm.utg334.20;evm.utg334.29;evm.utg334.49;evm.utg334.50;evm.utg334.57	exact_python_fallback
dark_cluster_002382	evm.utg334.1	evm.utg334.50	8	evm.utg334.1;evm.utg334.11;evm.utg334.14;evm.utg334.20;evm.utg334.29;evm.utg334.49;evm.utg334.50;evm.utg334.57	exact_python_fallback
dark_cluster_002382	evm.utg334.1	evm.utg334.57	8	evm.utg334.1;evm.utg334.11;evm.utg334.14;evm.utg334.20;evm.utg334.29;evm.utg334.49;evm.utg334.50;evm.utg334.57	exact_python_fallback
dark_cluster_002383	evm.utg1177.1	evm.utg1177.1	1	evm.utg1177.1	exact_python_fallback
dark_cluster_002384	evm.utg395.1	evm.utg395.1	1	evm.utg395.1	exact_python_fallback
dark_cluster_002385	evm.utg15839.3	evm.utg15839.3	7	evm.utg15839.3;evm.utg8792.1;evm.utg8792.12;evm.utg8792.2;evm.utg8792.22;evm.utg8792.33;evm.utg8792.54	exact_python_fallback
dark_cluster_002385	evm.utg15839.3	evm.utg8792.1	7	evm.utg15839.3;evm.utg8792.1;evm.utg8792.12;evm.utg8792.2;evm.utg8792.22;evm.utg8792.33;evm.utg8792.54	exact_python_fallback
dark_cluster_002385	evm.utg15839.3	evm.utg8792.12	7	evm.utg15839.3;evm.utg8792.1;evm.utg8792.12;evm.utg8792.2;evm.utg8792.22;evm.utg8792.33;evm.utg8792.54	exact_python_fallback
dark_cluster_002385	evm.utg15839.3	evm.utg8792.2	7	evm.utg15839.3;evm.utg8792.1;evm.utg8792.12;evm.utg8792.2;evm.utg8792.22;evm.utg8792.33;evm.utg8792.54	exact_python_fallback
dark_cluster_002385	evm.utg15839.3	evm.utg8792.22	7	evm.utg15839.3;evm.utg8792.1;evm.utg8792.12;evm.utg8792.2;evm.utg8792.22;evm.utg8792.33;evm.utg8792.54	exact_python_fallback
dark_cluster_002385	evm.utg15839.3	evm.utg8792.33	7	evm.utg15839.3;evm.utg8792.1;evm.utg8792.12;evm.utg8792.2;evm.utg8792.22;evm.utg8792.33;evm.utg8792.54	exact_python_fallback
dark_cluster_002385	evm.utg15839.3	evm.utg8792.54	7	evm.utg15839.3;evm.utg8792.1;evm.utg8792.12;evm.utg8792.2;evm.utg8792.22;evm.utg8792.33;evm.utg8792.54	exact_python_fallback
dark_cluster_002386	evm.utg1800.16	evm.utg1800.16	1	evm.utg1800.16	exact_python_fallback
dark_cluster_002387	evm.utg25103.4	evm.utg25103.4	1	evm.utg25103.4	exact_python_fallback
dark_cluster_002388	evm.utg3041.54	evm.utg3041.54	1	evm.utg3041.54	exact_python_fallback
dark_cluster_002389	evm.utg494.34	evm.utg494.34	1	evm.utg494.34	exact_python_fallback
dark_cluster_002390	evm.utg18553.22	evm.utg18553.22	1	evm.utg18553.22	exact_python_fallback
dark_cluster_002391	evm.utg1101.23	evm.utg1101.23	1	evm.utg1101.23	exact_python_fallback
dark_cluster_002392	evm.utg2159.17	evm.utg2159.17	1	evm.utg2159.17	exact_python_fallback
dark_cluster_002393	evm.utg18125.1	evm.utg18125.1	4	evm.utg18125.1;evm.utg18125.17;evm.utg18125.18;evm.utg18125.8	exact_python_fallback
dark_cluster_002393	evm.utg18125.1	evm.utg18125.17	4	evm.utg18125.1;evm.utg18125.17;evm.utg18125.18;evm.utg18125.8	exact_python_fallback
dark_cluster_002393	evm.utg18125.1	evm.utg18125.18	4	evm.utg18125.1;evm.utg18125.17;evm.utg18125.18;evm.utg18125.8	exact_python_fallback
dark_cluster_002393	evm.utg18125.1	evm.utg18125.8	4	evm.utg18125.1;evm.utg18125.17;evm.utg18125.18;evm.utg18125.8	exact_python_fallback
dark_cluster_002394	evm.utg67486.1	evm.utg67486.1	1	evm.utg67486.1	exact_python_fallback
dark_cluster_002395	evm.utg5996.2	evm.utg5996.2	1	evm.utg5996.2	exact_python_fallback
dark_cluster_002396	evm.utg107.64	evm.utg107.64	1	evm.utg107.64	exact_python_fallback
dark_cluster_002397	evm.utg56960.1	evm.utg56960.1	2	evm.utg56960.1;evm.utg56960.2	exact_python_fallback
dark_cluster_002397	evm.utg56960.1	evm.utg56960.2	2	evm.utg56960.1;evm.utg56960.2	exact_python_fallback
dark_cluster_002398	evm.utg61244.1	evm.utg61244.1	1	evm.utg61244.1	exact_python_fallback
dark_cluster_002399	evm.utg2071.29	evm.utg2071.29	1	evm.utg2071.29	exact_python_fallback
dark_cluster_002400	evm.utg3499.1	evm.utg3499.1	1	evm.utg3499.1	exact_python_fallback
dark_cluster_002401	evm.utg113218.2	evm.utg113218.2	1	evm.utg113218.2	exact_python_fallback
dark_cluster_002402	evm.utg4613.79	evm.utg4613.79	1	evm.utg4613.79	exact_python_fallback
dark_cluster_002403	evm.utg10026.15	evm.utg10026.15	1	evm.utg10026.15	exact_python_fallback
dark_cluster_002404	evm.utg2969.1	evm.utg2969.1	1	evm.utg2969.1	exact_python_fallback
dark_cluster_002405	evm.utg6792.2	evm.utg6792.2	1	evm.utg6792.2	exact_python_fallback
dark_cluster_002406	evm.utg159686.3	evm.utg159686.3	1	evm.utg159686.3	exact_python_fallback
dark_cluster_002407	evm.utg19866.25	evm.utg19866.25	1	evm.utg19866.25	exact_python_fallback
dark_cluster_002408	evm.utg113218.1	evm.utg113218.1	1	evm.utg113218.1	exact_python_fallback
dark_cluster_002409	evm.utg157399.3	evm.utg157399.3	1	evm.utg157399.3	exact_python_fallback
dark_cluster_002410	evm.utg162231.1	evm.utg162231.1	1	evm.utg162231.1	exact_python_fallback
dark_cluster_002411	evm.utg334.80	evm.utg334.80	1	evm.utg334.80	exact_python_fallback
dark_cluster_002412	evm.utg2024.30	evm.utg2024.30	1	evm.utg2024.30	exact_python_fallback
dark_cluster_002413	evm.utg7596.14	evm.utg7596.14	1	evm.utg7596.14	exact_python_fallback
dark_cluster_002414	evm.utg23030.2	evm.utg23030.2	1	evm.utg23030.2	exact_python_fallback
dark_cluster_002415	evm.utg10077.15	evm.utg10077.15	1	evm.utg10077.15	exact_python_fallback
dark_cluster_002416	evm.utg6379.20	evm.utg6379.20	1	evm.utg6379.20	exact_python_fallback
dark_cluster_002417	evm.utg695.9	evm.utg695.9	1	evm.utg695.9	exact_python_fallback
dark_cluster_002418	evm.utg18228.5	evm.utg18228.5	1	evm.utg18228.5	exact_python_fallback
dark_cluster_002419	evm.utg9875.22	evm.utg9875.22	1	evm.utg9875.22	exact_python_fallback
dark_cluster_002420	evm.utg785.26	evm.utg785.26	1	evm.utg785.26	exact_python_fallback
dark_cluster_002421	evm.utg456.44	evm.utg456.44	1	evm.utg456.44	exact_python_fallback
dark_cluster_002422	evm.utg13981.19	evm.utg13981.19	1	evm.utg13981.19	exact_python_fallback
dark_cluster_002423	evm.utg3197.30	evm.utg3197.30	1	evm.utg3197.30	exact_python_fallback
dark_cluster_002424	evm.utg47.4	evm.utg47.4	1	evm.utg47.4	exact_python_fallback
dark_cluster_002425	utg607.equina_smart_6415.mrna1	utg607.equina_smart_6415.mrna1	1	utg607.equina_smart_6415.mrna1	exact_python_fallback
dark_cluster_002426	evm.utg5662.8	evm.utg5662.8	1	evm.utg5662.8	exact_python_fallback
dark_cluster_002427	evm.utg207.91	evm.utg207.91	1	evm.utg207.91	exact_python_fallback
dark_cluster_002428	evm.utg4567.13	evm.utg4567.13	1	evm.utg4567.13	exact_python_fallback
dark_cluster_002429	evm.utg735.55	evm.utg735.55	1	evm.utg735.55	exact_python_fallback
dark_cluster_002430	evm.utg2269.36	evm.utg2269.36	1	evm.utg2269.36	exact_python_fallback
dark_cluster_002431	evm.utg15832.7	evm.utg15832.7	1	evm.utg15832.7	exact_python_fallback
dark_cluster_002432	evm.utg2353.16	evm.utg2353.16	2	evm.utg2353.16;evm.utg2353.34	exact_python_fallback
dark_cluster_002432	evm.utg2353.16	evm.utg2353.34	2	evm.utg2353.16;evm.utg2353.34	exact_python_fallback
dark_cluster_002433	evm.utg1184.11	evm.utg1184.11	2	evm.utg1184.11;evm.utg1184.14	exact_python_fallback
dark_cluster_002433	evm.utg1184.11	evm.utg1184.14	2	evm.utg1184.11;evm.utg1184.14	exact_python_fallback
dark_cluster_002434	utg279.evm.utg20090.8.mrna2	utg279.evm.utg20090.8.mrna2	1	utg279.evm.utg20090.8.mrna2	exact_python_fallback
dark_cluster_002435	evm.utg6220.4	evm.utg6220.4	1	evm.utg6220.4	exact_python_fallback
dark_cluster_002436	utg7950.evm.utg6220.4.mrna2	utg7950.evm.utg6220.4.mrna2	1	utg7950.evm.utg6220.4.mrna2	exact_python_fallback
dark_cluster_002437	evm.utg684.16	evm.utg684.16	3	evm.utg684.16;evm.utg684.18;evm.utg684.38	exact_python_fallback
dark_cluster_002437	evm.utg684.16	evm.utg684.18	3	evm.utg684.16;evm.utg684.18;evm.utg684.38	exact_python_fallback
dark_cluster_002437	evm.utg684.16	evm.utg684.38	3	evm.utg684.16;evm.utg684.18;evm.utg684.38	exact_python_fallback
dark_cluster_002438	evm.utg26219.13	evm.utg26219.13	1	evm.utg26219.13	exact_python_fallback
dark_cluster_002439	evm.utg6423.2	evm.utg6423.2	5	evm.utg6423.2;evm.utg6423.21;evm.utg6423.3;evm.utg6423.34;evm.utg6423.37	exact_python_fallback
dark_cluster_002439	evm.utg6423.2	evm.utg6423.21	5	evm.utg6423.2;evm.utg6423.21;evm.utg6423.3;evm.utg6423.34;evm.utg6423.37	exact_python_fallback
dark_cluster_002439	evm.utg6423.2	evm.utg6423.3	5	evm.utg6423.2;evm.utg6423.21;evm.utg6423.3;evm.utg6423.34;evm.utg6423.37	exact_python_fallback
dark_cluster_002439	evm.utg6423.2	evm.utg6423.34	5	evm.utg6423.2;evm.utg6423.21;evm.utg6423.3;evm.utg6423.34;evm.utg6423.37	exact_python_fallback
dark_cluster_002439	evm.utg6423.2	evm.utg6423.37	5	evm.utg6423.2;evm.utg6423.21;evm.utg6423.3;evm.utg6423.34;evm.utg6423.37	exact_python_fallback
dark_cluster_002440	evm.utg31945.9	evm.utg31945.9	1	evm.utg31945.9	exact_python_fallback
dark_cluster_002441	evm.utg498.176	evm.utg498.176	1	evm.utg498.176	exact_python_fallback
dark_cluster_002442	evm.utg268.1	evm.utg268.1	5	evm.utg268.1;evm.utg268.15;evm.utg268.18;evm.utg268.23;evm.utg268.29	exact_python_fallback
dark_cluster_002442	evm.utg268.1	evm.utg268.15	5	evm.utg268.1;evm.utg268.15;evm.utg268.18;evm.utg268.23;evm.utg268.29	exact_python_fallback
dark_cluster_002442	evm.utg268.1	evm.utg268.18	5	evm.utg268.1;evm.utg268.15;evm.utg268.18;evm.utg268.23;evm.utg268.29	exact_python_fallback
dark_cluster_002442	evm.utg268.1	evm.utg268.23	5	evm.utg268.1;evm.utg268.15;evm.utg268.18;evm.utg268.23;evm.utg268.29	exact_python_fallback
dark_cluster_002442	evm.utg268.1	evm.utg268.29	5	evm.utg268.1;evm.utg268.15;evm.utg268.18;evm.utg268.23;evm.utg268.29	exact_python_fallback
dark_cluster_002443	evm.utg395.38	evm.utg395.38	1	evm.utg395.38	exact_python_fallback
dark_cluster_002444	evm.utg372.51	evm.utg372.51	1	evm.utg372.51	exact_python_fallback
dark_cluster_002445	utg4796.equina_smart_538344.mrna1	utg4796.equina_smart_538344.mrna1	1	utg4796.equina_smart_538344.mrna1	exact_python_fallback
dark_cluster_002446	utg536.equina_smart_538344.mrna2	utg536.equina_smart_538344.mrna2	1	utg536.equina_smart_538344.mrna2	exact_python_fallback
dark_cluster_002447	evm.utg214.32	evm.utg214.32	1	evm.utg214.32	exact_python_fallback
dark_cluster_002448	evm.utg6821.49	evm.utg6821.49	2	evm.utg6821.49;evm.utg6821.5	exact_python_fallback
dark_cluster_002448	evm.utg6821.49	evm.utg6821.5	2	evm.utg6821.49;evm.utg6821.5	exact_python_fallback
dark_cluster_002449	evm.utg10.11	evm.utg10.11	1	evm.utg10.11	exact_python_fallback
dark_cluster_002450	utg439.equina_smart_1136378.mrna1	utg439.equina_smart_1136378.mrna1	1	utg439.equina_smart_1136378.mrna1	exact_python_fallback
dark_cluster_002451	evm.utg27.11	evm.utg27.11	1	evm.utg27.11	exact_python_fallback
dark_cluster_002452	evm.utg2024.11	evm.utg2024.11	10	evm.utg2024.11;evm.utg2024.13;evm.utg2024.15;evm.utg2024.16;evm.utg2024.2;evm.utg2024.27;evm.utg2024.31;evm.utg2024.7;evm.utg2024.8;evm.utg2024.9	exact_python_fallback
dark_cluster_002452	evm.utg2024.11	evm.utg2024.13	10	evm.utg2024.11;evm.utg2024.13;evm.utg2024.15;evm.utg2024.16;evm.utg2024.2;evm.utg2024.27;evm.utg2024.31;evm.utg2024.7;evm.utg2024.8;evm.utg2024.9	exact_python_fallback
dark_cluster_002452	evm.utg2024.11	evm.utg2024.15	10	evm.utg2024.11;evm.utg2024.13;evm.utg2024.15;evm.utg2024.16;evm.utg2024.2;evm.utg2024.27;evm.utg2024.31;evm.utg2024.7;evm.utg2024.8;evm.utg2024.9	exact_python_fallback
dark_cluster_002452	evm.utg2024.11	evm.utg2024.16	10	evm.utg2024.11;evm.utg2024.13;evm.utg2024.15;evm.utg2024.16;evm.utg2024.2;evm.utg2024.27;evm.utg2024.31;evm.utg2024.7;evm.utg2024.8;evm.utg2024.9	exact_python_fallback
dark_cluster_002452	evm.utg2024.11	evm.utg2024.2	10	evm.utg2024.11;evm.utg2024.13;evm.utg2024.15;evm.utg2024.16;evm.utg2024.2;evm.utg2024.27;evm.utg2024.31;evm.utg2024.7;evm.utg2024.8;evm.utg2024.9	exact_python_fallback
dark_cluster_002452	evm.utg2024.11	evm.utg2024.27	10	evm.utg2024.11;evm.utg2024.13;evm.utg2024.15;evm.utg2024.16;evm.utg2024.2;evm.utg2024.27;evm.utg2024.31;evm.utg2024.7;evm.utg2024.8;evm.utg2024.9	exact_python_fallback
dark_cluster_002452	evm.utg2024.11	evm.utg2024.31	10	evm.utg2024.11;evm.utg2024.13;evm.utg2024.15;evm.utg2024.16;evm.utg2024.2;evm.utg2024.27;evm.utg2024.31;evm.utg2024.7;evm.utg2024.8;evm.utg2024.9	exact_python_fallback
dark_cluster_002452	evm.utg2024.11	evm.utg2024.7	10	evm.utg2024.11;evm.utg2024.13;evm.utg2024.15;evm.utg2024.16;evm.utg2024.2;evm.utg2024.27;evm.utg2024.31;evm.utg2024.7;evm.utg2024.8;evm.utg2024.9	exact_python_fallback
dark_cluster_002452	evm.utg2024.11	evm.utg2024.8	10	evm.utg2024.11;evm.utg2024.13;evm.utg2024.15;evm.utg2024.16;evm.utg2024.2;evm.utg2024.27;evm.utg2024.31;evm.utg2024.7;evm.utg2024.8;evm.utg2024.9	exact_python_fallback
dark_cluster_002452	evm.utg2024.11	evm.utg2024.9	10	evm.utg2024.11;evm.utg2024.13;evm.utg2024.15;evm.utg2024.16;evm.utg2024.2;evm.utg2024.27;evm.utg2024.31;evm.utg2024.7;evm.utg2024.8;evm.utg2024.9	exact_python_fallback
dark_cluster_002453	evm.utg77.48	evm.utg77.48	1	evm.utg77.48	exact_python_fallback
dark_cluster_002454	evm.utg225.120	evm.utg225.120	1	evm.utg225.120	exact_python_fallback
dark_cluster_002455	evm.utg4155.19	evm.utg4155.19	1	evm.utg4155.19	exact_python_fallback
dark_cluster_002456	evm.utg32320.4	evm.utg32320.4	1	evm.utg32320.4	exact_python_fallback
dark_cluster_002457	utg359.equina_smart_1765198.mrna1	utg359.equina_smart_1765198.mrna1	1	utg359.equina_smart_1765198.mrna1	exact_python_fallback
dark_cluster_002458	evm.utg104.43	evm.utg104.43	2	evm.utg104.43;evm.utg104.80	exact_python_fallback
dark_cluster_002458	evm.utg104.43	evm.utg104.80	2	evm.utg104.43;evm.utg104.80	exact_python_fallback
dark_cluster_002459	utg77.equina_smart_1078796.mrna1	utg77.equina_smart_1078796.mrna1	1	utg77.equina_smart_1078796.mrna1	exact_python_fallback
dark_cluster_002460	evm.utg376.13	evm.utg376.13	10	evm.utg376.13;evm.utg376.14;evm.utg376.17;evm.utg376.2;evm.utg376.3;evm.utg376.31;evm.utg376.48;evm.utg376.53;evm.utg376.58;evm.utg376.69	exact_python_fallback
dark_cluster_002460	evm.utg376.13	evm.utg376.14	10	evm.utg376.13;evm.utg376.14;evm.utg376.17;evm.utg376.2;evm.utg376.3;evm.utg376.31;evm.utg376.48;evm.utg376.53;evm.utg376.58;evm.utg376.69	exact_python_fallback
dark_cluster_002460	evm.utg376.13	evm.utg376.17	10	evm.utg376.13;evm.utg376.14;evm.utg376.17;evm.utg376.2;evm.utg376.3;evm.utg376.31;evm.utg376.48;evm.utg376.53;evm.utg376.58;evm.utg376.69	exact_python_fallback
dark_cluster_002460	evm.utg376.13	evm.utg376.2	10	evm.utg376.13;evm.utg376.14;evm.utg376.17;evm.utg376.2;evm.utg376.3;evm.utg376.31;evm.utg376.48;evm.utg376.53;evm.utg376.58;evm.utg376.69	exact_python_fallback
dark_cluster_002460	evm.utg376.13	evm.utg376.3	10	evm.utg376.13;evm.utg376.14;evm.utg376.17;evm.utg376.2;evm.utg376.3;evm.utg376.31;evm.utg376.48;evm.utg376.53;evm.utg376.58;evm.utg376.69	exact_python_fallback
dark_cluster_002460	evm.utg376.13	evm.utg376.31	10	evm.utg376.13;evm.utg376.14;evm.utg376.17;evm.utg376.2;evm.utg376.3;evm.utg376.31;evm.utg376.48;evm.utg376.53;evm.utg376.58;evm.utg376.69	exact_python_fallback
dark_cluster_002460	evm.utg376.13	evm.utg376.48	10	evm.utg376.13;evm.utg376.14;evm.utg376.17;evm.utg376.2;evm.utg376.3;evm.utg376.31;evm.utg376.48;evm.utg376.53;evm.utg376.58;evm.utg376.69	exact_python_fallback
dark_cluster_002460	evm.utg376.13	evm.utg376.53	10	evm.utg376.13;evm.utg376.14;evm.utg376.17;evm.utg376.2;evm.utg376.3;evm.utg376.31;evm.utg376.48;evm.utg376.53;evm.utg376.58;evm.utg376.69	exact_python_fallback
dark_cluster_002460	evm.utg376.13	evm.utg376.58	10	evm.utg376.13;evm.utg376.14;evm.utg376.17;evm.utg376.2;evm.utg376.3;evm.utg376.31;evm.utg376.48;evm.utg376.53;evm.utg376.58;evm.utg376.69	exact_python_fallback
dark_cluster_002460	evm.utg376.13	evm.utg376.69	10	evm.utg376.13;evm.utg376.14;evm.utg376.17;evm.utg376.2;evm.utg376.3;evm.utg376.31;evm.utg376.48;evm.utg376.53;evm.utg376.58;evm.utg376.69	exact_python_fallback
dark_cluster_002461	evm.utg2779.1	evm.utg2779.1	2	evm.utg2779.1;evm.utg2779.5	exact_python_fallback
dark_cluster_002461	evm.utg2779.1	evm.utg2779.5	2	evm.utg2779.1;evm.utg2779.5	exact_python_fallback
dark_cluster_002462	utg1825.equina_smart_1828192.mrna1	utg1825.equina_smart_1828192.mrna1	1	utg1825.equina_smart_1828192.mrna1	exact_python_fallback
dark_cluster_002463	utg3487.equina_smart_1828192.mrna2	utg3487.equina_smart_1828192.mrna2	1	utg3487.equina_smart_1828192.mrna2	exact_python_fallback
dark_cluster_002464	evm.utg1818.28	evm.utg1818.28	1	evm.utg1818.28	exact_python_fallback
dark_cluster_002465	evm.utg73.70.1.5c22f3bf	evm.utg73.70.1.5c22f3bf	1	evm.utg73.70.1.5c22f3bf	exact_python_fallback
dark_cluster_002466	evm.utg11905.1	evm.utg11905.1	1	evm.utg11905.1	exact_python_fallback
dark_cluster_002467	evm.utg45540.1	evm.utg45540.1	1	evm.utg45540.1	exact_python_fallback
dark_cluster_002468	evm.utg1765.32	evm.utg1765.32	1	evm.utg1765.32	exact_python_fallback
dark_cluster_002469	evm.utg203.128	evm.utg203.128	1	evm.utg203.128	exact_python_fallback
dark_cluster_002470	evm.utg78.45	evm.utg78.45	1	evm.utg78.45	exact_python_fallback
dark_cluster_002471	evm.utg6459.11	evm.utg6459.11	1	evm.utg6459.11	exact_python_fallback
dark_cluster_002472	evm.utg9141.3	evm.utg9141.3	1	evm.utg9141.3	exact_python_fallback
dark_cluster_002473	evm.utg9141.2	evm.utg9141.2	1	evm.utg9141.2	exact_python_fallback
dark_cluster_002474	evm.utg881.2	evm.utg881.2	1	evm.utg881.2	exact_python_fallback
dark_cluster_002475	evm.utg622.29	evm.utg622.29	1	evm.utg622.29	exact_python_fallback
dark_cluster_002476	evm.utg6123.31	evm.utg6123.31	1	evm.utg6123.31	exact_python_fallback
dark_cluster_002477	evm.utg18028.1	evm.utg18028.1	5	evm.utg18028.1;evm.utg18028.11;evm.utg18028.12;evm.utg18028.17;evm.utg18028.30	exact_python_fallback
dark_cluster_002477	evm.utg18028.1	evm.utg18028.11	5	evm.utg18028.1;evm.utg18028.11;evm.utg18028.12;evm.utg18028.17;evm.utg18028.30	exact_python_fallback
dark_cluster_002477	evm.utg18028.1	evm.utg18028.12	5	evm.utg18028.1;evm.utg18028.11;evm.utg18028.12;evm.utg18028.17;evm.utg18028.30	exact_python_fallback
dark_cluster_002477	evm.utg18028.1	evm.utg18028.17	5	evm.utg18028.1;evm.utg18028.11;evm.utg18028.12;evm.utg18028.17;evm.utg18028.30	exact_python_fallback
dark_cluster_002477	evm.utg18028.1	evm.utg18028.30	5	evm.utg18028.1;evm.utg18028.11;evm.utg18028.12;evm.utg18028.17;evm.utg18028.30	exact_python_fallback
dark_cluster_002478	evm.utg1022.14	evm.utg1022.14	1	evm.utg1022.14	exact_python_fallback
dark_cluster_002479	evm.utg45405.1	evm.utg45405.1	1	evm.utg45405.1	exact_python_fallback
dark_cluster_002480	evm.utg2798.14	evm.utg2798.14	3	evm.utg2798.14;evm.utg2798.18;evm.utg2798.55	exact_python_fallback
dark_cluster_002480	evm.utg2798.14	evm.utg2798.18	3	evm.utg2798.14;evm.utg2798.18;evm.utg2798.55	exact_python_fallback
dark_cluster_002480	evm.utg2798.14	evm.utg2798.55	3	evm.utg2798.14;evm.utg2798.18;evm.utg2798.55	exact_python_fallback
dark_cluster_002481	utg4194.evm.utg192.9.mrna2	utg4194.evm.utg192.9.mrna2	1	utg4194.evm.utg192.9.mrna2	exact_python_fallback
dark_cluster_002482	evm.utg6092.2	evm.utg6092.2	1	evm.utg6092.2	exact_python_fallback
dark_cluster_002483	evm.utg494.37	evm.utg494.37	1	evm.utg494.37	exact_python_fallback
dark_cluster_002484	utg62.equina_smart_284736.mrna1	utg62.equina_smart_284736.mrna1	1	utg62.equina_smart_284736.mrna1	exact_python_fallback
dark_cluster_002485	evm.utg401.24	evm.utg401.24	5	evm.utg401.24;evm.utg401.35;evm.utg401.56;evm.utg401.59;evm.utg401.79	exact_python_fallback
dark_cluster_002485	evm.utg401.24	evm.utg401.35	5	evm.utg401.24;evm.utg401.35;evm.utg401.56;evm.utg401.59;evm.utg401.79	exact_python_fallback
dark_cluster_002485	evm.utg401.24	evm.utg401.56	5	evm.utg401.24;evm.utg401.35;evm.utg401.56;evm.utg401.59;evm.utg401.79	exact_python_fallback
dark_cluster_002485	evm.utg401.24	evm.utg401.59	5	evm.utg401.24;evm.utg401.35;evm.utg401.56;evm.utg401.59;evm.utg401.79	exact_python_fallback
dark_cluster_002485	evm.utg401.24	evm.utg401.79	5	evm.utg401.24;evm.utg401.35;evm.utg401.56;evm.utg401.59;evm.utg401.79	exact_python_fallback
dark_cluster_002486	evm.utg7847.3	evm.utg7847.3	1	evm.utg7847.3	exact_python_fallback
dark_cluster_002487	evm.utg377.8	evm.utg377.8	1	evm.utg377.8	exact_python_fallback
dark_cluster_002488	evm.utg2045.5	evm.utg2045.5	1	evm.utg2045.5	exact_python_fallback
dark_cluster_002489	evm.utg1686.2	evm.utg1686.2	1	evm.utg1686.2	exact_python_fallback
dark_cluster_002490	utg116.equina_smart_1840927.mrna2	utg116.equina_smart_1840927.mrna2	1	utg116.equina_smart_1840927.mrna2	exact_python_fallback
dark_cluster_002491	evm.utg4593.13	evm.utg4593.13	1	evm.utg4593.13	exact_python_fallback
dark_cluster_002492	evm.utg4271.75	evm.utg4271.75	1	evm.utg4271.75	exact_python_fallback
dark_cluster_002493	utg163.equina_smart_1216503.mrna1	utg163.equina_smart_1216503.mrna1	1	utg163.equina_smart_1216503.mrna1	exact_python_fallback
dark_cluster_002494	utg3436.equina_smart_452659.mrna3	utg3436.equina_smart_452659.mrna3	1	utg3436.equina_smart_452659.mrna3	exact_python_fallback
dark_cluster_002495	utg2818.equina_smart_194639.mrna2	utg2818.equina_smart_194639.mrna2	1	utg2818.equina_smart_194639.mrna2	exact_python_fallback
dark_cluster_002496	evm.utg542.14	evm.utg542.14	1	evm.utg542.14	exact_python_fallback
dark_cluster_002497	evm.utg1796.19	evm.utg1796.19	1	evm.utg1796.19	exact_python_fallback
dark_cluster_002498	utg3197.equina_smart_395245.mrna1	utg3197.equina_smart_395245.mrna1	1	utg3197.equina_smart_395245.mrna1	exact_python_fallback
dark_cluster_002499	evm.utg790.31	evm.utg790.31	1	evm.utg790.31	exact_python_fallback
dark_cluster_002500	utg370.equina_smart_1409479.mrna1	utg370.equina_smart_1409479.mrna1	1	utg370.equina_smart_1409479.mrna1	exact_python_fallback
dark_cluster_002501	utg1825.equina_smart_410043.mrna1	utg1825.equina_smart_410043.mrna1	1	utg1825.equina_smart_410043.mrna1	exact_python_fallback
dark_cluster_002502	evm.utg27.8	evm.utg27.8	1	evm.utg27.8	exact_python_fallback
dark_cluster_002503	evm.utg180.1	evm.utg180.1	4	evm.utg180.1;evm.utg180.41;evm.utg180.52;evm.utg180.53	exact_python_fallback
dark_cluster_002503	evm.utg180.1	evm.utg180.41	4	evm.utg180.1;evm.utg180.41;evm.utg180.52;evm.utg180.53	exact_python_fallback
dark_cluster_002503	evm.utg180.1	evm.utg180.52	4	evm.utg180.1;evm.utg180.41;evm.utg180.52;evm.utg180.53	exact_python_fallback
dark_cluster_002503	evm.utg180.1	evm.utg180.53	4	evm.utg180.1;evm.utg180.41;evm.utg180.52;evm.utg180.53	exact_python_fallback
dark_cluster_002504	evm.utg22736.5	evm.utg22736.5	1	evm.utg22736.5	exact_python_fallback
dark_cluster_002505	utg381.equina_smart_1039882.mrna1	utg381.equina_smart_1039882.mrna1	1	utg381.equina_smart_1039882.mrna1	exact_python_fallback
dark_cluster_002506	evm.utg259.22	evm.utg259.22	1	evm.utg259.22	exact_python_fallback
dark_cluster_002507	utg150.equina_smart_984856.mrna11	utg150.equina_smart_984856.mrna11	9	utg150.equina_smart_984856.mrna11;utg18686.equina_smart_984856.mrna6;utg24929.equina_smart_984856.mrna7;utg24929.equina_smart_984856.mrna8;utg25321.equina_smart_984856.mrna9;utg26474.equina_smart_984856.mrna10;utg3487.equina_smart_984856.mrna3;utg3553.equina_smart_984856.mrna4;utg5370.equina_smart_984856.mrna5	exact_python_fallback
dark_cluster_002507	utg150.equina_smart_984856.mrna11	utg18686.equina_smart_984856.mrna6	9	utg150.equina_smart_984856.mrna11;utg18686.equina_smart_984856.mrna6;utg24929.equina_smart_984856.mrna7;utg24929.equina_smart_984856.mrna8;utg25321.equina_smart_984856.mrna9;utg26474.equina_smart_984856.mrna10;utg3487.equina_smart_984856.mrna3;utg3553.equina_smart_984856.mrna4;utg5370.equina_smart_984856.mrna5	exact_python_fallback
dark_cluster_002507	utg150.equina_smart_984856.mrna11	utg24929.equina_smart_984856.mrna7	9	utg150.equina_smart_984856.mrna11;utg18686.equina_smart_984856.mrna6;utg24929.equina_smart_984856.mrna7;utg24929.equina_smart_984856.mrna8;utg25321.equina_smart_984856.mrna9;utg26474.equina_smart_984856.mrna10;utg3487.equina_smart_984856.mrna3;utg3553.equina_smart_984856.mrna4;utg5370.equina_smart_984856.mrna5	exact_python_fallback
dark_cluster_002507	utg150.equina_smart_984856.mrna11	utg24929.equina_smart_984856.mrna8	9	utg150.equina_smart_984856.mrna11;utg18686.equina_smart_984856.mrna6;utg24929.equina_smart_984856.mrna7;utg24929.equina_smart_984856.mrna8;utg25321.equina_smart_984856.mrna9;utg26474.equina_smart_984856.mrna10;utg3487.equina_smart_984856.mrna3;utg3553.equina_smart_984856.mrna4;utg5370.equina_smart_984856.mrna5	exact_python_fallback
dark_cluster_002507	utg150.equina_smart_984856.mrna11	utg25321.equina_smart_984856.mrna9	9	utg150.equina_smart_984856.mrna11;utg18686.equina_smart_984856.mrna6;utg24929.equina_smart_984856.mrna7;utg24929.equina_smart_984856.mrna8;utg25321.equina_smart_984856.mrna9;utg26474.equina_smart_984856.mrna10;utg3487.equina_smart_984856.mrna3;utg3553.equina_smart_984856.mrna4;utg5370.equina_smart_984856.mrna5	exact_python_fallback
dark_cluster_002507	utg150.equina_smart_984856.mrna11	utg26474.equina_smart_984856.mrna10	9	utg150.equina_smart_984856.mrna11;utg18686.equina_smart_984856.mrna6;utg24929.equina_smart_984856.mrna7;utg24929.equina_smart_984856.mrna8;utg25321.equina_smart_984856.mrna9;utg26474.equina_smart_984856.mrna10;utg3487.equina_smart_984856.mrna3;utg3553.equina_smart_984856.mrna4;utg5370.equina_smart_984856.mrna5	exact_python_fallback
dark_cluster_002507	utg150.equina_smart_984856.mrna11	utg3487.equina_smart_984856.mrna3	9	utg150.equina_smart_984856.mrna11;utg18686.equina_smart_984856.mrna6;utg24929.equina_smart_984856.mrna7;utg24929.equina_smart_984856.mrna8;utg25321.equina_smart_984856.mrna9;utg26474.equina_smart_984856.mrna10;utg3487.equina_smart_984856.mrna3;utg3553.equina_smart_984856.mrna4;utg5370.equina_smart_984856.mrna5	exact_python_fallback
dark_cluster_002507	utg150.equina_smart_984856.mrna11	utg3553.equina_smart_984856.mrna4	9	utg150.equina_smart_984856.mrna11;utg18686.equina_smart_984856.mrna6;utg24929.equina_smart_984856.mrna7;utg24929.equina_smart_984856.mrna8;utg25321.equina_smart_984856.mrna9;utg26474.equina_smart_984856.mrna10;utg3487.equina_smart_984856.mrna3;utg3553.equina_smart_984856.mrna4;utg5370.equina_smart_984856.mrna5	exact_python_fallback
dark_cluster_002507	utg150.equina_smart_984856.mrna11	utg5370.equina_smart_984856.mrna5	9	utg150.equina_smart_984856.mrna11;utg18686.equina_smart_984856.mrna6;utg24929.equina_smart_984856.mrna7;utg24929.equina_smart_984856.mrna8;utg25321.equina_smart_984856.mrna9;utg26474.equina_smart_984856.mrna10;utg3487.equina_smart_984856.mrna3;utg3553.equina_smart_984856.mrna4;utg5370.equina_smart_984856.mrna5	exact_python_fallback
dark_cluster_002508	utg300.equina_smart_984856.mrna12	utg300.equina_smart_984856.mrna12	1	utg300.equina_smart_984856.mrna12	exact_python_fallback
dark_cluster_002509	evm.utg109.52	evm.utg109.52	1	evm.utg109.52	exact_python_fallback
dark_cluster_002510	utg16443.equina_smart_1025265.mrna2	utg16443.equina_smart_1025265.mrna2	1	utg16443.equina_smart_1025265.mrna2	exact_python_fallback
dark_cluster_002511	utg163.equina_smart_1401103.mrna1	utg163.equina_smart_1401103.mrna1	1	utg163.equina_smart_1401103.mrna1	exact_python_fallback
dark_cluster_002512	evm.utg3622.29	evm.utg3622.29	1	evm.utg3622.29	exact_python_fallback
dark_cluster_002513	evm.utg1091.31	evm.utg1091.31	1	evm.utg1091.31	exact_python_fallback
dark_cluster_002514	evm.utg579.9	evm.utg579.9	1	evm.utg579.9	exact_python_fallback
dark_cluster_002515	evm.utg1825.24	evm.utg1825.24	1	evm.utg1825.24	exact_python_fallback
dark_cluster_002516	evm.utg735.5	evm.utg735.5	1	evm.utg735.5	exact_python_fallback
dark_cluster_002517	evm.utg15813.20	evm.utg15813.20	1	evm.utg15813.20	exact_python_fallback
dark_cluster_002518	evm.utg686.31	evm.utg686.31	1	evm.utg686.31	exact_python_fallback
dark_cluster_002519	utg1708.equina_smart_1437096.mrna1	utg1708.equina_smart_1437096.mrna1	1	utg1708.equina_smart_1437096.mrna1	exact_python_fallback
dark_cluster_002520	utg38114.equina_smart_1437096.mrna3	utg38114.equina_smart_1437096.mrna3	1	utg38114.equina_smart_1437096.mrna3	exact_python_fallback
dark_cluster_002521	evm.utg9313.11	evm.utg9313.11	1	evm.utg9313.11	exact_python_fallback
dark_cluster_002522	evm.utg1846.90	evm.utg1846.90	3	evm.utg1846.90;evm.utg382.52;utg993.evm.utg382.52.mrna3	exact_python_fallback
dark_cluster_002522	evm.utg1846.90	evm.utg382.52	3	evm.utg1846.90;evm.utg382.52;utg993.evm.utg382.52.mrna3	exact_python_fallback
dark_cluster_002522	evm.utg1846.90	utg993.evm.utg382.52.mrna3	3	evm.utg1846.90;evm.utg382.52;utg993.evm.utg382.52.mrna3	exact_python_fallback
dark_cluster_002523	evm.utg178.18	evm.utg178.18	2	evm.utg178.18;evm.utg178.44	exact_python_fallback
dark_cluster_002523	evm.utg178.18	evm.utg178.44	2	evm.utg178.18;evm.utg178.44	exact_python_fallback
dark_cluster_002524	evm.utg2246.25	evm.utg2246.25	1	evm.utg2246.25	exact_python_fallback
dark_cluster_002525	evm.utg4502.1	evm.utg4502.1	2	evm.utg4502.1;evm.utg4502.16	exact_python_fallback
dark_cluster_002525	evm.utg4502.1	evm.utg4502.16	2	evm.utg4502.1;evm.utg4502.16	exact_python_fallback
dark_cluster_002526	evm.utg2071.73	evm.utg2071.73	1	evm.utg2071.73	exact_python_fallback
dark_cluster_002527	evm.utg214.50	evm.utg214.50	1	evm.utg214.50	exact_python_fallback
dark_cluster_002528	evm.utg1683.47	evm.utg1683.47	2	evm.utg1683.47;evm.utg1683.55	exact_python_fallback
dark_cluster_002528	evm.utg1683.47	evm.utg1683.55	2	evm.utg1683.47;evm.utg1683.55	exact_python_fallback
dark_cluster_002529	evm.utg2216.1	evm.utg2216.1	2	evm.utg2216.1;evm.utg2216.28	exact_python_fallback
dark_cluster_002529	evm.utg2216.1	evm.utg2216.28	2	evm.utg2216.1;evm.utg2216.28	exact_python_fallback
dark_cluster_002530	evm.utg2099.39	evm.utg2099.39	1	evm.utg2099.39	exact_python_fallback
dark_cluster_002531	evm.utg936.2	evm.utg936.2	1	evm.utg936.2	exact_python_fallback
dark_cluster_002532	evm.utg207.60	evm.utg207.60	1	evm.utg207.60	exact_python_fallback
dark_cluster_002533	evm.utg207.58	evm.utg207.58	2	evm.utg207.58;evm.utg207.59	exact_python_fallback
dark_cluster_002533	evm.utg207.58	evm.utg207.59	2	evm.utg207.58;evm.utg207.59	exact_python_fallback
dark_cluster_002534	evm.utg192.6	evm.utg192.6	1	evm.utg192.6	exact_python_fallback
dark_cluster_002535	evm.utg1931.3	evm.utg1931.3	1	evm.utg1931.3	exact_python_fallback
dark_cluster_002536	evm.utg6459.57	evm.utg6459.57	1	evm.utg6459.57	exact_python_fallback
dark_cluster_002537	evm.utg4805.7	evm.utg4805.7	1	evm.utg4805.7	exact_python_fallback
dark_cluster_002538	evm.utg6401.37	evm.utg6401.37	1	evm.utg6401.37	exact_python_fallback
dark_cluster_002539	evm.utg9602.33	evm.utg9602.33	1	evm.utg9602.33	exact_python_fallback
dark_cluster_002540	evm.utg12986.3	evm.utg12986.3	1	evm.utg12986.3	exact_python_fallback
dark_cluster_002541	evm.utg993.10	evm.utg993.10	4	evm.utg993.10;evm.utg993.11;evm.utg993.27;evm.utg993.30	exact_python_fallback
dark_cluster_002541	evm.utg993.10	evm.utg993.11	4	evm.utg993.10;evm.utg993.11;evm.utg993.27;evm.utg993.30	exact_python_fallback
dark_cluster_002541	evm.utg993.10	evm.utg993.27	4	evm.utg993.10;evm.utg993.11;evm.utg993.27;evm.utg993.30	exact_python_fallback
dark_cluster_002541	evm.utg993.10	evm.utg993.30	4	evm.utg993.10;evm.utg993.11;evm.utg993.27;evm.utg993.30	exact_python_fallback
dark_cluster_002542	evm.utg3403.2	evm.utg3403.2	1	evm.utg3403.2	exact_python_fallback
dark_cluster_002543	evm.utg4613.95	evm.utg4613.95	1	evm.utg4613.95	exact_python_fallback
dark_cluster_002544	evm.utg225.1	evm.utg225.1	12	evm.utg225.1;evm.utg225.102;evm.utg225.105;evm.utg225.106;evm.utg225.107;evm.utg225.115;evm.utg225.125;evm.utg225.6;evm.utg225.64;evm.utg225.86;evm.utg225.87;evm.utg225.99	exact_python_fallback
dark_cluster_002544	evm.utg225.1	evm.utg225.102	12	evm.utg225.1;evm.utg225.102;evm.utg225.105;evm.utg225.106;evm.utg225.107;evm.utg225.115;evm.utg225.125;evm.utg225.6;evm.utg225.64;evm.utg225.86;evm.utg225.87;evm.utg225.99	exact_python_fallback
dark_cluster_002544	evm.utg225.1	evm.utg225.105	12	evm.utg225.1;evm.utg225.102;evm.utg225.105;evm.utg225.106;evm.utg225.107;evm.utg225.115;evm.utg225.125;evm.utg225.6;evm.utg225.64;evm.utg225.86;evm.utg225.87;evm.utg225.99	exact_python_fallback
dark_cluster_002544	evm.utg225.1	evm.utg225.106	12	evm.utg225.1;evm.utg225.102;evm.utg225.105;evm.utg225.106;evm.utg225.107;evm.utg225.115;evm.utg225.125;evm.utg225.6;evm.utg225.64;evm.utg225.86;evm.utg225.87;evm.utg225.99	exact_python_fallback
dark_cluster_002544	evm.utg225.1	evm.utg225.107	12	evm.utg225.1;evm.utg225.102;evm.utg225.105;evm.utg225.106;evm.utg225.107;evm.utg225.115;evm.utg225.125;evm.utg225.6;evm.utg225.64;evm.utg225.86;evm.utg225.87;evm.utg225.99	exact_python_fallback
dark_cluster_002544	evm.utg225.1	evm.utg225.115	12	evm.utg225.1;evm.utg225.102;evm.utg225.105;evm.utg225.106;evm.utg225.107;evm.utg225.115;evm.utg225.125;evm.utg225.6;evm.utg225.64;evm.utg225.86;evm.utg225.87;evm.utg225.99	exact_python_fallback
dark_cluster_002544	evm.utg225.1	evm.utg225.125	12	evm.utg225.1;evm.utg225.102;evm.utg225.105;evm.utg225.106;evm.utg225.107;evm.utg225.115;evm.utg225.125;evm.utg225.6;evm.utg225.64;evm.utg225.86;evm.utg225.87;evm.utg225.99	exact_python_fallback
dark_cluster_002544	evm.utg225.1	evm.utg225.6	12	evm.utg225.1;evm.utg225.102;evm.utg225.105;evm.utg225.106;evm.utg225.107;evm.utg225.115;evm.utg225.125;evm.utg225.6;evm.utg225.64;evm.utg225.86;evm.utg225.87;evm.utg225.99	exact_python_fallback
dark_cluster_002544	evm.utg225.1	evm.utg225.64	12	evm.utg225.1;evm.utg225.102;evm.utg225.105;evm.utg225.106;evm.utg225.107;evm.utg225.115;evm.utg225.125;evm.utg225.6;evm.utg225.64;evm.utg225.86;evm.utg225.87;evm.utg225.99	exact_python_fallback
dark_cluster_002544	evm.utg225.1	evm.utg225.86	12	evm.utg225.1;evm.utg225.102;evm.utg225.105;evm.utg225.106;evm.utg225.107;evm.utg225.115;evm.utg225.125;evm.utg225.6;evm.utg225.64;evm.utg225.86;evm.utg225.87;evm.utg225.99	exact_python_fallback
dark_cluster_002544	evm.utg225.1	evm.utg225.87	12	evm.utg225.1;evm.utg225.102;evm.utg225.105;evm.utg225.106;evm.utg225.107;evm.utg225.115;evm.utg225.125;evm.utg225.6;evm.utg225.64;evm.utg225.86;evm.utg225.87;evm.utg225.99	exact_python_fallback
dark_cluster_002544	evm.utg225.1	evm.utg225.99	12	evm.utg225.1;evm.utg225.102;evm.utg225.105;evm.utg225.106;evm.utg225.107;evm.utg225.115;evm.utg225.125;evm.utg225.6;evm.utg225.64;evm.utg225.86;evm.utg225.87;evm.utg225.99	exact_python_fallback
dark_cluster_002545	evm.utg14556.7	evm.utg14556.7	1	evm.utg14556.7	exact_python_fallback
dark_cluster_002546	evm.utg259.7	evm.utg259.7	1	evm.utg259.7	exact_python_fallback
dark_cluster_002547	utg4614.equina_smart_1807794.mrna1	utg4614.equina_smart_1807794.mrna1	1	utg4614.equina_smart_1807794.mrna1	exact_python_fallback
dark_cluster_002548	evm.utg19590.16	evm.utg19590.16	1	evm.utg19590.16	exact_python_fallback
dark_cluster_002549	evm.utg498.22	evm.utg498.22	1	evm.utg498.22	exact_python_fallback
dark_cluster_002550	evm.utg2200.49	evm.utg2200.49	1	evm.utg2200.49	exact_python_fallback
dark_cluster_002551	evm.utg15552.19	evm.utg15552.19	1	evm.utg15552.19	exact_python_fallback
dark_cluster_002552	evm.utg1302.31	evm.utg1302.31	1	evm.utg1302.31	exact_python_fallback
dark_cluster_002553	evm.utg1378.1	evm.utg1378.1	5	evm.utg1378.1;evm.utg1378.10;evm.utg1378.11;evm.utg1378.21;evm.utg1378.29	exact_python_fallback
dark_cluster_002553	evm.utg1378.1	evm.utg1378.10	5	evm.utg1378.1;evm.utg1378.10;evm.utg1378.11;evm.utg1378.21;evm.utg1378.29	exact_python_fallback
dark_cluster_002553	evm.utg1378.1	evm.utg1378.11	5	evm.utg1378.1;evm.utg1378.10;evm.utg1378.11;evm.utg1378.21;evm.utg1378.29	exact_python_fallback
dark_cluster_002553	evm.utg1378.1	evm.utg1378.21	5	evm.utg1378.1;evm.utg1378.10;evm.utg1378.11;evm.utg1378.21;evm.utg1378.29	exact_python_fallback
dark_cluster_002553	evm.utg1378.1	evm.utg1378.29	5	evm.utg1378.1;evm.utg1378.10;evm.utg1378.11;evm.utg1378.21;evm.utg1378.29	exact_python_fallback
dark_cluster_002554	evm.utg4605.52	evm.utg4605.52	1	evm.utg4605.52	exact_python_fallback
dark_cluster_002555	evm.utg237.23	evm.utg237.23	1	evm.utg237.23	exact_python_fallback
dark_cluster_002556	evm.utg735.6	evm.utg735.6	1	evm.utg735.6	exact_python_fallback
dark_cluster_002557	evm.utg4271.20	evm.utg4271.20	1	evm.utg4271.20	exact_python_fallback
dark_cluster_002558	evm.utg5033.6	evm.utg5033.6	1	evm.utg5033.6	exact_python_fallback
dark_cluster_002559	evm.utg1031.31	evm.utg1031.31	5	evm.utg1031.31;evm.utg2071.5;evm.utg456.27;evm.utg735.3;evm.utg735.7	exact_python_fallback
dark_cluster_002559	evm.utg1031.31	evm.utg2071.5	5	evm.utg1031.31;evm.utg2071.5;evm.utg456.27;evm.utg735.3;evm.utg735.7	exact_python_fallback
dark_cluster_002559	evm.utg1031.31	evm.utg456.27	5	evm.utg1031.31;evm.utg2071.5;evm.utg456.27;evm.utg735.3;evm.utg735.7	exact_python_fallback
dark_cluster_002559	evm.utg1031.31	evm.utg735.3	5	evm.utg1031.31;evm.utg2071.5;evm.utg456.27;evm.utg735.3;evm.utg735.7	exact_python_fallback
dark_cluster_002559	evm.utg1031.31	evm.utg735.7	5	evm.utg1031.31;evm.utg2071.5;evm.utg456.27;evm.utg735.3;evm.utg735.7	exact_python_fallback
dark_cluster_002560	evm.utg7680.9	evm.utg7680.9	1	evm.utg7680.9	exact_python_fallback
dark_cluster_002561	evm.utg911.31	evm.utg911.31	1	evm.utg911.31	exact_python_fallback
dark_cluster_002562	evm.utg1866.21	evm.utg1866.21	1	evm.utg1866.21	exact_python_fallback
dark_cluster_002563	utg146.equina_smart_1380903.mrna1	utg146.equina_smart_1380903.mrna1	1	utg146.equina_smart_1380903.mrna1	exact_python_fallback
dark_cluster_002564	evm.utg219.16	evm.utg219.16	5	evm.utg219.16;evm.utg219.33;evm.utg219.34;evm.utg219.59;evm.utg219.67	exact_python_fallback
dark_cluster_002564	evm.utg219.16	evm.utg219.33	5	evm.utg219.16;evm.utg219.33;evm.utg219.34;evm.utg219.59;evm.utg219.67	exact_python_fallback
dark_cluster_002564	evm.utg219.16	evm.utg219.34	5	evm.utg219.16;evm.utg219.33;evm.utg219.34;evm.utg219.59;evm.utg219.67	exact_python_fallback
dark_cluster_002564	evm.utg219.16	evm.utg219.59	5	evm.utg219.16;evm.utg219.33;evm.utg219.34;evm.utg219.59;evm.utg219.67	exact_python_fallback
dark_cluster_002564	evm.utg219.16	evm.utg219.67	5	evm.utg219.16;evm.utg219.33;evm.utg219.34;evm.utg219.59;evm.utg219.67	exact_python_fallback
dark_cluster_002565	evm.utg579.86	evm.utg579.86	2	evm.utg579.86;evm.utg579.90	exact_python_fallback
dark_cluster_002565	evm.utg579.86	evm.utg579.90	2	evm.utg579.86;evm.utg579.90	exact_python_fallback
dark_cluster_002566	evm.utg245.11	evm.utg245.11	7	evm.utg245.11;evm.utg245.37;evm.utg245.39;evm.utg245.76;evm.utg245.77;evm.utg245.8;evm.utg245.9	exact_python_fallback
dark_cluster_002566	evm.utg245.11	evm.utg245.37	7	evm.utg245.11;evm.utg245.37;evm.utg245.39;evm.utg245.76;evm.utg245.77;evm.utg245.8;evm.utg245.9	exact_python_fallback
dark_cluster_002566	evm.utg245.11	evm.utg245.39	7	evm.utg245.11;evm.utg245.37;evm.utg245.39;evm.utg245.76;evm.utg245.77;evm.utg245.8;evm.utg245.9	exact_python_fallback
dark_cluster_002566	evm.utg245.11	evm.utg245.76	7	evm.utg245.11;evm.utg245.37;evm.utg245.39;evm.utg245.76;evm.utg245.77;evm.utg245.8;evm.utg245.9	exact_python_fallback
dark_cluster_002566	evm.utg245.11	evm.utg245.77	7	evm.utg245.11;evm.utg245.37;evm.utg245.39;evm.utg245.76;evm.utg245.77;evm.utg245.8;evm.utg245.9	exact_python_fallback
dark_cluster_002566	evm.utg245.11	evm.utg245.8	7	evm.utg245.11;evm.utg245.37;evm.utg245.39;evm.utg245.76;evm.utg245.77;evm.utg245.8;evm.utg245.9	exact_python_fallback
dark_cluster_002566	evm.utg245.11	evm.utg245.9	7	evm.utg245.11;evm.utg245.37;evm.utg245.39;evm.utg245.76;evm.utg245.77;evm.utg245.8;evm.utg245.9	exact_python_fallback
dark_cluster_002567	evm.utg788.10	evm.utg788.10	12	evm.utg788.10;evm.utg788.107;evm.utg788.13;evm.utg788.21;evm.utg788.24;evm.utg788.26;evm.utg788.48;evm.utg788.55;evm.utg788.61;evm.utg788.69;evm.utg788.93;evm.utg788.94	exact_python_fallback
dark_cluster_002567	evm.utg788.10	evm.utg788.107	12	evm.utg788.10;evm.utg788.107;evm.utg788.13;evm.utg788.21;evm.utg788.24;evm.utg788.26;evm.utg788.48;evm.utg788.55;evm.utg788.61;evm.utg788.69;evm.utg788.93;evm.utg788.94	exact_python_fallback
dark_cluster_002567	evm.utg788.10	evm.utg788.13	12	evm.utg788.10;evm.utg788.107;evm.utg788.13;evm.utg788.21;evm.utg788.24;evm.utg788.26;evm.utg788.48;evm.utg788.55;evm.utg788.61;evm.utg788.69;evm.utg788.93;evm.utg788.94	exact_python_fallback
dark_cluster_002567	evm.utg788.10	evm.utg788.21	12	evm.utg788.10;evm.utg788.107;evm.utg788.13;evm.utg788.21;evm.utg788.24;evm.utg788.26;evm.utg788.48;evm.utg788.55;evm.utg788.61;evm.utg788.69;evm.utg788.93;evm.utg788.94	exact_python_fallback
dark_cluster_002567	evm.utg788.10	evm.utg788.24	12	evm.utg788.10;evm.utg788.107;evm.utg788.13;evm.utg788.21;evm.utg788.24;evm.utg788.26;evm.utg788.48;evm.utg788.55;evm.utg788.61;evm.utg788.69;evm.utg788.93;evm.utg788.94	exact_python_fallback
dark_cluster_002567	evm.utg788.10	evm.utg788.26	12	evm.utg788.10;evm.utg788.107;evm.utg788.13;evm.utg788.21;evm.utg788.24;evm.utg788.26;evm.utg788.48;evm.utg788.55;evm.utg788.61;evm.utg788.69;evm.utg788.93;evm.utg788.94	exact_python_fallback
dark_cluster_002567	evm.utg788.10	evm.utg788.48	12	evm.utg788.10;evm.utg788.107;evm.utg788.13;evm.utg788.21;evm.utg788.24;evm.utg788.26;evm.utg788.48;evm.utg788.55;evm.utg788.61;evm.utg788.69;evm.utg788.93;evm.utg788.94	exact_python_fallback
dark_cluster_002567	evm.utg788.10	evm.utg788.55	12	evm.utg788.10;evm.utg788.107;evm.utg788.13;evm.utg788.21;evm.utg788.24;evm.utg788.26;evm.utg788.48;evm.utg788.55;evm.utg788.61;evm.utg788.69;evm.utg788.93;evm.utg788.94	exact_python_fallback
dark_cluster_002567	evm.utg788.10	evm.utg788.61	12	evm.utg788.10;evm.utg788.107;evm.utg788.13;evm.utg788.21;evm.utg788.24;evm.utg788.26;evm.utg788.48;evm.utg788.55;evm.utg788.61;evm.utg788.69;evm.utg788.93;evm.utg788.94	exact_python_fallback
dark_cluster_002567	evm.utg788.10	evm.utg788.69	12	evm.utg788.10;evm.utg788.107;evm.utg788.13;evm.utg788.21;evm.utg788.24;evm.utg788.26;evm.utg788.48;evm.utg788.55;evm.utg788.61;evm.utg788.69;evm.utg788.93;evm.utg788.94	exact_python_fallback
dark_cluster_002567	evm.utg788.10	evm.utg788.93	12	evm.utg788.10;evm.utg788.107;evm.utg788.13;evm.utg788.21;evm.utg788.24;evm.utg788.26;evm.utg788.48;evm.utg788.55;evm.utg788.61;evm.utg788.69;evm.utg788.93;evm.utg788.94	exact_python_fallback
dark_cluster_002567	evm.utg788.10	evm.utg788.94	12	evm.utg788.10;evm.utg788.107;evm.utg788.13;evm.utg788.21;evm.utg788.24;evm.utg788.26;evm.utg788.48;evm.utg788.55;evm.utg788.61;evm.utg788.69;evm.utg788.93;evm.utg788.94	exact_python_fallback
dark_cluster_002568	evm.utg35997.7	evm.utg35997.7	1	evm.utg35997.7	exact_python_fallback
dark_cluster_002569	evm.utg20813.7	evm.utg20813.7	1	evm.utg20813.7	exact_python_fallback
dark_cluster_002570	evm.utg10824.4	evm.utg10824.4	1	evm.utg10824.4	exact_python_fallback
dark_cluster_002571	evm.utg2123.16	evm.utg2123.16	3	evm.utg2123.16;evm.utg2123.31;evm.utg2123.36	exact_python_fallback
dark_cluster_002571	evm.utg2123.16	evm.utg2123.31	3	evm.utg2123.16;evm.utg2123.31;evm.utg2123.36	exact_python_fallback
dark_cluster_002571	evm.utg2123.16	evm.utg2123.36	3	evm.utg2123.16;evm.utg2123.31;evm.utg2123.36	exact_python_fallback
dark_cluster_002572	evm.utg5950.40	evm.utg5950.40	1	evm.utg5950.40	exact_python_fallback
dark_cluster_002573	evm.utg4187.38	evm.utg4187.38	1	evm.utg4187.38	exact_python_fallback
dark_cluster_002574	evm.utg4805.1	evm.utg4805.1	1	evm.utg4805.1	exact_python_fallback
dark_cluster_002575	evm.utg648.40	evm.utg648.40	1	evm.utg648.40	exact_python_fallback
dark_cluster_002576	evm.utg8262.32	evm.utg8262.32	4	evm.utg8262.32;evm.utg8262.43;evm.utg8262.44;evm.utg8262.7	exact_python_fallback
dark_cluster_002576	evm.utg8262.32	evm.utg8262.43	4	evm.utg8262.32;evm.utg8262.43;evm.utg8262.44;evm.utg8262.7	exact_python_fallback
dark_cluster_002576	evm.utg8262.32	evm.utg8262.44	4	evm.utg8262.32;evm.utg8262.43;evm.utg8262.44;evm.utg8262.7	exact_python_fallback
dark_cluster_002576	evm.utg8262.32	evm.utg8262.7	4	evm.utg8262.32;evm.utg8262.43;evm.utg8262.44;evm.utg8262.7	exact_python_fallback
dark_cluster_002577	evm.utg11219.2	evm.utg11219.2	1	evm.utg11219.2	exact_python_fallback
dark_cluster_002578	evm.utg25769.3	evm.utg25769.3	1	evm.utg25769.3	exact_python_fallback
dark_cluster_002579	evm.utg4157.2	evm.utg4157.2	5	evm.utg4157.2;evm.utg4157.25;evm.utg4157.26;evm.utg4157.35;evm.utg4157.9	exact_python_fallback
dark_cluster_002579	evm.utg4157.2	evm.utg4157.25	5	evm.utg4157.2;evm.utg4157.25;evm.utg4157.26;evm.utg4157.35;evm.utg4157.9	exact_python_fallback
dark_cluster_002579	evm.utg4157.2	evm.utg4157.26	5	evm.utg4157.2;evm.utg4157.25;evm.utg4157.26;evm.utg4157.35;evm.utg4157.9	exact_python_fallback
dark_cluster_002579	evm.utg4157.2	evm.utg4157.35	5	evm.utg4157.2;evm.utg4157.25;evm.utg4157.26;evm.utg4157.35;evm.utg4157.9	exact_python_fallback
dark_cluster_002579	evm.utg4157.2	evm.utg4157.9	5	evm.utg4157.2;evm.utg4157.25;evm.utg4157.26;evm.utg4157.35;evm.utg4157.9	exact_python_fallback
dark_cluster_002580	utg3474.equina_smart_1023792.mrna2	utg3474.equina_smart_1023792.mrna2	1	utg3474.equina_smart_1023792.mrna2	exact_python_fallback
dark_cluster_002581	evm.utg589.33	evm.utg589.33	4	evm.utg589.33;evm.utg589.39;evm.utg589.66;evm.utg589.72	exact_python_fallback
dark_cluster_002581	evm.utg589.33	evm.utg589.39	4	evm.utg589.33;evm.utg589.39;evm.utg589.66;evm.utg589.72	exact_python_fallback
dark_cluster_002581	evm.utg589.33	evm.utg589.66	4	evm.utg589.33;evm.utg589.39;evm.utg589.66;evm.utg589.72	exact_python_fallback
dark_cluster_002581	evm.utg589.33	evm.utg589.72	4	evm.utg589.33;evm.utg589.39;evm.utg589.66;evm.utg589.72	exact_python_fallback
dark_cluster_002582	evm.utg38230.4	evm.utg38230.4	1	evm.utg38230.4	exact_python_fallback
dark_cluster_002583	evm.utg1396.29	evm.utg1396.29	1	evm.utg1396.29	exact_python_fallback
dark_cluster_002584	evm.utg10541.24	evm.utg10541.24	1	evm.utg10541.24	exact_python_fallback
dark_cluster_002585	evm.utg857.12	evm.utg857.12	1	evm.utg857.12	exact_python_fallback
dark_cluster_002586	evm.utg4922.25	evm.utg4922.25	2	evm.utg4922.25;evm.utg4922.28	exact_python_fallback
dark_cluster_002586	evm.utg4922.25	evm.utg4922.28	2	evm.utg4922.25;evm.utg4922.28	exact_python_fallback
dark_cluster_002587	evm.utg924.2	evm.utg924.2	8	evm.utg924.2;evm.utg924.25;evm.utg924.53;evm.utg924.57;evm.utg924.6;evm.utg924.66;evm.utg924.83;evm.utg924.88	exact_python_fallback
dark_cluster_002587	evm.utg924.2	evm.utg924.25	8	evm.utg924.2;evm.utg924.25;evm.utg924.53;evm.utg924.57;evm.utg924.6;evm.utg924.66;evm.utg924.83;evm.utg924.88	exact_python_fallback
dark_cluster_002587	evm.utg924.2	evm.utg924.53	8	evm.utg924.2;evm.utg924.25;evm.utg924.53;evm.utg924.57;evm.utg924.6;evm.utg924.66;evm.utg924.83;evm.utg924.88	exact_python_fallback
dark_cluster_002587	evm.utg924.2	evm.utg924.57	8	evm.utg924.2;evm.utg924.25;evm.utg924.53;evm.utg924.57;evm.utg924.6;evm.utg924.66;evm.utg924.83;evm.utg924.88	exact_python_fallback
dark_cluster_002587	evm.utg924.2	evm.utg924.6	8	evm.utg924.2;evm.utg924.25;evm.utg924.53;evm.utg924.57;evm.utg924.6;evm.utg924.66;evm.utg924.83;evm.utg924.88	exact_python_fallback
dark_cluster_002587	evm.utg924.2	evm.utg924.66	8	evm.utg924.2;evm.utg924.25;evm.utg924.53;evm.utg924.57;evm.utg924.6;evm.utg924.66;evm.utg924.83;evm.utg924.88	exact_python_fallback
dark_cluster_002587	evm.utg924.2	evm.utg924.83	8	evm.utg924.2;evm.utg924.25;evm.utg924.53;evm.utg924.57;evm.utg924.6;evm.utg924.66;evm.utg924.83;evm.utg924.88	exact_python_fallback
dark_cluster_002587	evm.utg924.2	evm.utg924.88	8	evm.utg924.2;evm.utg924.25;evm.utg924.53;evm.utg924.57;evm.utg924.6;evm.utg924.66;evm.utg924.83;evm.utg924.88	exact_python_fallback
dark_cluster_002588	evm.utg4613.28	evm.utg4613.28	1	evm.utg4613.28	exact_python_fallback
dark_cluster_002589	evm.utg498.85	evm.utg498.85	1	evm.utg498.85	exact_python_fallback
dark_cluster_002590	evm.utg17612.1	evm.utg17612.1	4	evm.utg17612.1;evm.utg17612.10;evm.utg17612.26;evm.utg17612.38	exact_python_fallback
dark_cluster_002590	evm.utg17612.1	evm.utg17612.10	4	evm.utg17612.1;evm.utg17612.10;evm.utg17612.26;evm.utg17612.38	exact_python_fallback
dark_cluster_002590	evm.utg17612.1	evm.utg17612.26	4	evm.utg17612.1;evm.utg17612.10;evm.utg17612.26;evm.utg17612.38	exact_python_fallback
dark_cluster_002590	evm.utg17612.1	evm.utg17612.38	4	evm.utg17612.1;evm.utg17612.10;evm.utg17612.26;evm.utg17612.38	exact_python_fallback
dark_cluster_002591	evm.utg18650.12	evm.utg18650.12	3	evm.utg18650.12;evm.utg18650.2;evm.utg18650.3	exact_python_fallback
dark_cluster_002591	evm.utg18650.12	evm.utg18650.2	3	evm.utg18650.12;evm.utg18650.2;evm.utg18650.3	exact_python_fallback
dark_cluster_002591	evm.utg18650.12	evm.utg18650.3	3	evm.utg18650.12;evm.utg18650.2;evm.utg18650.3	exact_python_fallback
dark_cluster_002592	evm.utg17809.8	evm.utg17809.8	1	evm.utg17809.8	exact_python_fallback
dark_cluster_002593	evm.utg5950.93	evm.utg5950.93	1	evm.utg5950.93	exact_python_fallback
dark_cluster_002594	evm.utg20678.4	evm.utg20678.4	1	evm.utg20678.4	exact_python_fallback
dark_cluster_002595	utg1579.equina_smart_1320155.mrna1	utg1579.equina_smart_1320155.mrna1	1	utg1579.equina_smart_1320155.mrna1	exact_python_fallback
dark_cluster_002596	utg320.equina_smart_1407557.mrna1	utg320.equina_smart_1407557.mrna1	1	utg320.equina_smart_1407557.mrna1	exact_python_fallback
dark_cluster_002597	utg1022.equina_smart_225465.mrna2	utg1022.equina_smart_225465.mrna2	1	utg1022.equina_smart_225465.mrna2	exact_python_fallback
dark_cluster_002598	evm.utg470.1	evm.utg470.1	5	evm.utg470.1;evm.utg470.5;evm.utg470.52;evm.utg470.6;evm.utg470.66	exact_python_fallback
dark_cluster_002598	evm.utg470.1	evm.utg470.5	5	evm.utg470.1;evm.utg470.5;evm.utg470.52;evm.utg470.6;evm.utg470.66	exact_python_fallback
dark_cluster_002598	evm.utg470.1	evm.utg470.52	5	evm.utg470.1;evm.utg470.5;evm.utg470.52;evm.utg470.6;evm.utg470.66	exact_python_fallback
dark_cluster_002598	evm.utg470.1	evm.utg470.6	5	evm.utg470.1;evm.utg470.5;evm.utg470.52;evm.utg470.6;evm.utg470.66	exact_python_fallback
dark_cluster_002598	evm.utg470.1	evm.utg470.66	5	evm.utg470.1;evm.utg470.5;evm.utg470.52;evm.utg470.6;evm.utg470.66	exact_python_fallback
dark_cluster_002599	evm.utg535.13	evm.utg535.13	1	evm.utg535.13	exact_python_fallback
dark_cluster_002600	evm.utg167.20	evm.utg167.20	1	evm.utg167.20	exact_python_fallback
dark_cluster_002601	evm.utg7053.4	evm.utg7053.4	1	evm.utg7053.4	exact_python_fallback
dark_cluster_002602	evm.utg20090.6	evm.utg20090.6	1	evm.utg20090.6	exact_python_fallback
dark_cluster_002603	evm.utg225.95	evm.utg225.95	1	evm.utg225.95	exact_python_fallback
dark_cluster_002604	evm.utg1056.133	evm.utg1056.133	1	evm.utg1056.133	exact_python_fallback
dark_cluster_002605	evm.utg4879.14	evm.utg4879.14	1	evm.utg4879.14	exact_python_fallback
dark_cluster_002606	evm.utg700.20	evm.utg700.20	1	evm.utg700.20	exact_python_fallback
dark_cluster_002607	evm.utg9668.8	evm.utg9668.8	1	evm.utg9668.8	exact_python_fallback
dark_cluster_002608	evm.utg1256.8	evm.utg1256.8	1	evm.utg1256.8	exact_python_fallback
dark_cluster_002609	evm.utg29.21	evm.utg29.21	1	evm.utg29.21	exact_python_fallback
dark_cluster_002610	evm.utg710.13	evm.utg710.13	1	evm.utg710.13	exact_python_fallback
dark_cluster_002611	evm.utg435.6	evm.utg435.6	1	evm.utg435.6	exact_python_fallback
dark_cluster_002612	evm.utg169038.2	evm.utg169038.2	1	evm.utg169038.2	exact_python_fallback
dark_cluster_002613	utg276.equina_smart_896953.mrna1	utg276.equina_smart_896953.mrna1	1	utg276.equina_smart_896953.mrna1	exact_python_fallback
dark_cluster_002614	evm.utg700.19	evm.utg700.19	1	evm.utg700.19	exact_python_fallback
dark_cluster_002615	evm.utg10156.23	evm.utg10156.23	1	evm.utg10156.23	exact_python_fallback
dark_cluster_002616	evm.utg38078.19	evm.utg38078.19	1	evm.utg38078.19	exact_python_fallback
dark_cluster_002617	evm.utg5033.22	evm.utg5033.22	1	evm.utg5033.22	exact_python_fallback
dark_cluster_002618	evm.utg637.14	evm.utg637.14	4	evm.utg637.14;evm.utg637.25;evm.utg637.3;evm.utg637.6	exact_python_fallback
dark_cluster_002618	evm.utg637.14	evm.utg637.25	4	evm.utg637.14;evm.utg637.25;evm.utg637.3;evm.utg637.6	exact_python_fallback
dark_cluster_002618	evm.utg637.14	evm.utg637.3	4	evm.utg637.14;evm.utg637.25;evm.utg637.3;evm.utg637.6	exact_python_fallback
dark_cluster_002618	evm.utg637.14	evm.utg637.6	4	evm.utg637.14;evm.utg637.25;evm.utg637.3;evm.utg637.6	exact_python_fallback
dark_cluster_002619	evm.utg298.50	evm.utg298.50	1	evm.utg298.50	exact_python_fallback
dark_cluster_002620	evm.utg1648.32	evm.utg1648.32	1	evm.utg1648.32	exact_python_fallback
dark_cluster_002621	utg686.equina_smart_26209.mrna1	utg686.equina_smart_26209.mrna1	1	utg686.equina_smart_26209.mrna1	exact_python_fallback
dark_cluster_002622	evm.utg40335.7	evm.utg40335.7	1	evm.utg40335.7	exact_python_fallback
dark_cluster_002623	evm.utg8726.1	evm.utg8726.1	1	evm.utg8726.1	exact_python_fallback
dark_cluster_002624	utg225.equina_smart_628297.mrna1	utg225.equina_smart_628297.mrna1	1	utg225.equina_smart_628297.mrna1	exact_python_fallback
dark_cluster_002625	evm.utg8851.102	evm.utg8851.102	10	evm.utg8851.102;evm.utg8851.28;evm.utg8851.4;evm.utg8851.44;evm.utg8851.45;evm.utg8851.51;evm.utg8851.63;evm.utg8851.64;evm.utg8851.85;evm.utg8851.95	exact_python_fallback
dark_cluster_002625	evm.utg8851.102	evm.utg8851.28	10	evm.utg8851.102;evm.utg8851.28;evm.utg8851.4;evm.utg8851.44;evm.utg8851.45;evm.utg8851.51;evm.utg8851.63;evm.utg8851.64;evm.utg8851.85;evm.utg8851.95	exact_python_fallback
dark_cluster_002625	evm.utg8851.102	evm.utg8851.4	10	evm.utg8851.102;evm.utg8851.28;evm.utg8851.4;evm.utg8851.44;evm.utg8851.45;evm.utg8851.51;evm.utg8851.63;evm.utg8851.64;evm.utg8851.85;evm.utg8851.95	exact_python_fallback
dark_cluster_002625	evm.utg8851.102	evm.utg8851.44	10	evm.utg8851.102;evm.utg8851.28;evm.utg8851.4;evm.utg8851.44;evm.utg8851.45;evm.utg8851.51;evm.utg8851.63;evm.utg8851.64;evm.utg8851.85;evm.utg8851.95	exact_python_fallback
dark_cluster_002625	evm.utg8851.102	evm.utg8851.45	10	evm.utg8851.102;evm.utg8851.28;evm.utg8851.4;evm.utg8851.44;evm.utg8851.45;evm.utg8851.51;evm.utg8851.63;evm.utg8851.64;evm.utg8851.85;evm.utg8851.95	exact_python_fallback
dark_cluster_002625	evm.utg8851.102	evm.utg8851.51	10	evm.utg8851.102;evm.utg8851.28;evm.utg8851.4;evm.utg8851.44;evm.utg8851.45;evm.utg8851.51;evm.utg8851.63;evm.utg8851.64;evm.utg8851.85;evm.utg8851.95	exact_python_fallback
dark_cluster_002625	evm.utg8851.102	evm.utg8851.63	10	evm.utg8851.102;evm.utg8851.28;evm.utg8851.4;evm.utg8851.44;evm.utg8851.45;evm.utg8851.51;evm.utg8851.63;evm.utg8851.64;evm.utg8851.85;evm.utg8851.95	exact_python_fallback
dark_cluster_002625	evm.utg8851.102	evm.utg8851.64	10	evm.utg8851.102;evm.utg8851.28;evm.utg8851.4;evm.utg8851.44;evm.utg8851.45;evm.utg8851.51;evm.utg8851.63;evm.utg8851.64;evm.utg8851.85;evm.utg8851.95	exact_python_fallback
dark_cluster_002625	evm.utg8851.102	evm.utg8851.85	10	evm.utg8851.102;evm.utg8851.28;evm.utg8851.4;evm.utg8851.44;evm.utg8851.45;evm.utg8851.51;evm.utg8851.63;evm.utg8851.64;evm.utg8851.85;evm.utg8851.95	exact_python_fallback
dark_cluster_002625	evm.utg8851.102	evm.utg8851.95	10	evm.utg8851.102;evm.utg8851.28;evm.utg8851.4;evm.utg8851.44;evm.utg8851.45;evm.utg8851.51;evm.utg8851.63;evm.utg8851.64;evm.utg8851.85;evm.utg8851.95	exact_python_fallback
dark_cluster_002626	evm.utg567.20	evm.utg567.20	1	evm.utg567.20	exact_python_fallback
dark_cluster_002627	evm.utg1890.3	evm.utg1890.3	1	evm.utg1890.3	exact_python_fallback
dark_cluster_002628	evm.utg4271.52	evm.utg4271.52	1	evm.utg4271.52	exact_python_fallback
dark_cluster_002629	evm.utg542.104	evm.utg542.104	10	evm.utg542.104;evm.utg542.13;evm.utg542.17;evm.utg542.26;evm.utg542.35;evm.utg542.41;evm.utg542.42;evm.utg542.48;evm.utg542.64;evm.utg542.82	exact_python_fallback
dark_cluster_002629	evm.utg542.104	evm.utg542.13	10	evm.utg542.104;evm.utg542.13;evm.utg542.17;evm.utg542.26;evm.utg542.35;evm.utg542.41;evm.utg542.42;evm.utg542.48;evm.utg542.64;evm.utg542.82	exact_python_fallback
dark_cluster_002629	evm.utg542.104	evm.utg542.17	10	evm.utg542.104;evm.utg542.13;evm.utg542.17;evm.utg542.26;evm.utg542.35;evm.utg542.41;evm.utg542.42;evm.utg542.48;evm.utg542.64;evm.utg542.82	exact_python_fallback
dark_cluster_002629	evm.utg542.104	evm.utg542.26	10	evm.utg542.104;evm.utg542.13;evm.utg542.17;evm.utg542.26;evm.utg542.35;evm.utg542.41;evm.utg542.42;evm.utg542.48;evm.utg542.64;evm.utg542.82	exact_python_fallback
dark_cluster_002629	evm.utg542.104	evm.utg542.35	10	evm.utg542.104;evm.utg542.13;evm.utg542.17;evm.utg542.26;evm.utg542.35;evm.utg542.41;evm.utg542.42;evm.utg542.48;evm.utg542.64;evm.utg542.82	exact_python_fallback
dark_cluster_002629	evm.utg542.104	evm.utg542.41	10	evm.utg542.104;evm.utg542.13;evm.utg542.17;evm.utg542.26;evm.utg542.35;evm.utg542.41;evm.utg542.42;evm.utg542.48;evm.utg542.64;evm.utg542.82	exact_python_fallback
dark_cluster_002629	evm.utg542.104	evm.utg542.42	10	evm.utg542.104;evm.utg542.13;evm.utg542.17;evm.utg542.26;evm.utg542.35;evm.utg542.41;evm.utg542.42;evm.utg542.48;evm.utg542.64;evm.utg542.82	exact_python_fallback
dark_cluster_002629	evm.utg542.104	evm.utg542.48	10	evm.utg542.104;evm.utg542.13;evm.utg542.17;evm.utg542.26;evm.utg542.35;evm.utg542.41;evm.utg542.42;evm.utg542.48;evm.utg542.64;evm.utg542.82	exact_python_fallback
dark_cluster_002629	evm.utg542.104	evm.utg542.64	10	evm.utg542.104;evm.utg542.13;evm.utg542.17;evm.utg542.26;evm.utg542.35;evm.utg542.41;evm.utg542.42;evm.utg542.48;evm.utg542.64;evm.utg542.82	exact_python_fallback
dark_cluster_002629	evm.utg542.104	evm.utg542.82	10	evm.utg542.104;evm.utg542.13;evm.utg542.17;evm.utg542.26;evm.utg542.35;evm.utg542.41;evm.utg542.42;evm.utg542.48;evm.utg542.64;evm.utg542.82	exact_python_fallback
dark_cluster_002630	evm.utg78.110	evm.utg78.110	1	evm.utg78.110	exact_python_fallback
dark_cluster_002631	evm.utg9602.11	evm.utg9602.11	2	evm.utg9602.11;evm.utg9602.45	exact_python_fallback
dark_cluster_002631	evm.utg9602.11	evm.utg9602.45	2	evm.utg9602.11;evm.utg9602.45	exact_python_fallback
dark_cluster_002632	evm.utg616.18	evm.utg616.18	1	evm.utg616.18	exact_python_fallback
dark_cluster_002633	utg3522.equina_smart_1668065.mrna1	utg3522.equina_smart_1668065.mrna1	1	utg3522.equina_smart_1668065.mrna1	exact_python_fallback
dark_cluster_002634	evm.utg2526.29	evm.utg2526.29	1	evm.utg2526.29	exact_python_fallback
dark_cluster_002635	evm.utg174599.1	evm.utg174599.1	1	evm.utg174599.1	exact_python_fallback
dark_cluster_002636	evm.utg3199.58	evm.utg3199.58	1	evm.utg3199.58	exact_python_fallback
dark_cluster_002637	evm.utg1253.47	evm.utg1253.47	1	evm.utg1253.47	exact_python_fallback
dark_cluster_002638	evm.utg219.26	evm.utg219.26	1	evm.utg219.26	exact_python_fallback
dark_cluster_002639	evm.utg113.13	evm.utg113.13	1	evm.utg113.13	exact_python_fallback
dark_cluster_002640	evm.utg29733.3	evm.utg29733.3	1	evm.utg29733.3	exact_python_fallback
dark_cluster_002641	evm.utg3436.12	evm.utg3436.12	1	evm.utg3436.12	exact_python_fallback
dark_cluster_002642	evm.utg33828.9	evm.utg33828.9	1	evm.utg33828.9	exact_python_fallback
dark_cluster_002643	evm.utg109.16	evm.utg109.16	1	evm.utg109.16	exact_python_fallback
dark_cluster_002644	evm.utg125632.5	evm.utg125632.5	1	evm.utg125632.5	exact_python_fallback
dark_cluster_002645	evm.utg245.6	evm.utg245.6	1	evm.utg245.6	exact_python_fallback
dark_cluster_002646	evm.utg420.116	evm.utg420.116	1	evm.utg420.116	exact_python_fallback
dark_cluster_002647	evm.utg6072.4	evm.utg6072.4	1	evm.utg6072.4	exact_python_fallback
dark_cluster_002648	evm.utg3199.7	evm.utg3199.7	1	evm.utg3199.7	exact_python_fallback
dark_cluster_002649	evm.utg16091.9	evm.utg16091.9	1	evm.utg16091.9	exact_python_fallback
dark_cluster_002650	evm.utg6392.17	evm.utg6392.17	1	evm.utg6392.17	exact_python_fallback
dark_cluster_002651	utg14683.equina_smart_1029496.mrna1	utg14683.equina_smart_1029496.mrna1	1	utg14683.equina_smart_1029496.mrna1	exact_python_fallback
dark_cluster_002652	utg4977.equina_smart_1029496.mrna2	utg4977.equina_smart_1029496.mrna2	1	utg4977.equina_smart_1029496.mrna2	exact_python_fallback
dark_cluster_002653	utg3642.equina_smart_785011.mrna9	utg3642.equina_smart_785011.mrna9	1	utg3642.equina_smart_785011.mrna9	exact_python_fallback
dark_cluster_002654	evm.utg293.50.1.5c22ee69.1.5c27930f	evm.utg293.50.1.5c22ee69.1.5c27930f	1	evm.utg293.50.1.5c22ee69.1.5c27930f	exact_python_fallback
dark_cluster_002655	evm.utg111395.3	evm.utg111395.3	1	evm.utg111395.3	exact_python_fallback
dark_cluster_002656	evm.utg207.109	evm.utg207.109	1	evm.utg207.109	exact_python_fallback
dark_cluster_002657	utg356.equina_smart_1574100.mrna1	utg356.equina_smart_1574100.mrna1	1	utg356.equina_smart_1574100.mrna1	exact_python_fallback
dark_cluster_002658	evm.utg2487.55	evm.utg2487.55	1	evm.utg2487.55	exact_python_fallback
dark_cluster_002659	evm.utg24706.23	evm.utg24706.23	2	evm.utg24706.23;evm.utg24706.27	exact_python_fallback
dark_cluster_002659	evm.utg24706.23	evm.utg24706.27	2	evm.utg24706.23;evm.utg24706.27	exact_python_fallback
dark_cluster_002660	evm.utg22693.19	evm.utg22693.19	1	evm.utg22693.19	exact_python_fallback
dark_cluster_002661	evm.utg436.8	evm.utg436.8	1	evm.utg436.8	exact_python_fallback
dark_cluster_002662	evm.utg441.30	evm.utg441.30	2	evm.utg441.30;evm.utg441.36	exact_python_fallback
dark_cluster_002662	evm.utg441.30	evm.utg441.36	2	evm.utg441.30;evm.utg441.36	exact_python_fallback
dark_cluster_002663	evm.utg441.24	evm.utg441.24	1	evm.utg441.24	exact_python_fallback
dark_cluster_002664	evm.utg622.44	evm.utg622.44	1	evm.utg622.44	exact_python_fallback
dark_cluster_002665	evm.utg17511.14	evm.utg17511.14	1	evm.utg17511.14	exact_python_fallback
dark_cluster_002666	evm.utg4605.16	evm.utg4605.16	3	evm.utg4605.16;evm.utg4605.3;evm.utg4605.8	exact_python_fallback
dark_cluster_002666	evm.utg4605.16	evm.utg4605.3	3	evm.utg4605.16;evm.utg4605.3;evm.utg4605.8	exact_python_fallback
dark_cluster_002666	evm.utg4605.16	evm.utg4605.8	3	evm.utg4605.16;evm.utg4605.3;evm.utg4605.8	exact_python_fallback
dark_cluster_002667	utg34491.equina_smart_1478303.mrna1	utg34491.equina_smart_1478303.mrna1	1	utg34491.equina_smart_1478303.mrna1	exact_python_fallback
dark_cluster_002668	evm.utg536.71	evm.utg536.71	1	evm.utg536.71	exact_python_fallback
dark_cluster_002669	evm.utg92.136	evm.utg92.136	1	evm.utg92.136	exact_python_fallback
dark_cluster_002670	evm.utg183.9	evm.utg183.9	1	evm.utg183.9	exact_python_fallback
dark_cluster_002671	evm.utg911.41	evm.utg911.41	1	evm.utg911.41	exact_python_fallback
dark_cluster_002672	evm.utg67600.3	evm.utg67600.3	1	evm.utg67600.3	exact_python_fallback
dark_cluster_002673	evm.utg101.114	evm.utg101.114	1	evm.utg101.114	exact_python_fallback
dark_cluster_002674	evm.utg13793.29	evm.utg13793.29	1	evm.utg13793.29	exact_python_fallback
dark_cluster_002675	evm.utg16036.40	evm.utg16036.40	2	evm.utg16036.40;evm.utg16036.42	exact_python_fallback
dark_cluster_002675	evm.utg16036.40	evm.utg16036.42	2	evm.utg16036.40;evm.utg16036.42	exact_python_fallback
dark_cluster_002676	evm.utg167.19	evm.utg167.19	1	evm.utg167.19	exact_python_fallback
dark_cluster_002677	evm.utg347.18	evm.utg347.18	1	evm.utg347.18	exact_python_fallback
dark_cluster_002678	evm.utg12968.2	evm.utg12968.2	1	evm.utg12968.2	exact_python_fallback
dark_cluster_002679	evm.utg2108.9	evm.utg2108.9	1	evm.utg2108.9	exact_python_fallback
dark_cluster_002680	evm.utg10477.3	evm.utg10477.3	1	evm.utg10477.3	exact_python_fallback
dark_cluster_002681	evm.utg715.24	evm.utg715.24	1	evm.utg715.24	exact_python_fallback
dark_cluster_002682	evm.utg10359.31	evm.utg10359.31	1	evm.utg10359.31	exact_python_fallback
dark_cluster_002683	evm.utg4716.47	evm.utg4716.47	1	evm.utg4716.47	exact_python_fallback
dark_cluster_002684	evm.utg1825.2	evm.utg1825.2	1	evm.utg1825.2	exact_python_fallback
dark_cluster_002685	evm.utg2901.27	evm.utg2901.27	1	evm.utg2901.27	exact_python_fallback
dark_cluster_002686	evm.utg2733.9	evm.utg2733.9	1	evm.utg2733.9	exact_python_fallback
dark_cluster_002687	utg10114.evm.utg6875.9.mrna2	utg10114.evm.utg6875.9.mrna2	3	utg10114.evm.utg6875.9.mrna2;utg13368.evm.utg6875.9.mrna5;utg418.evm.utg6875.9.mrna3	exact_python_fallback
dark_cluster_002687	utg10114.evm.utg6875.9.mrna2	utg13368.evm.utg6875.9.mrna5	3	utg10114.evm.utg6875.9.mrna2;utg13368.evm.utg6875.9.mrna5;utg418.evm.utg6875.9.mrna3	exact_python_fallback
dark_cluster_002687	utg10114.evm.utg6875.9.mrna2	utg418.evm.utg6875.9.mrna3	3	utg10114.evm.utg6875.9.mrna2;utg13368.evm.utg6875.9.mrna5;utg418.evm.utg6875.9.mrna3	exact_python_fallback
dark_cluster_002688	evm.utg13474.14	evm.utg13474.14	2	evm.utg13474.14;evm.utg13474.27	exact_python_fallback
dark_cluster_002688	evm.utg13474.14	evm.utg13474.27	2	evm.utg13474.14;evm.utg13474.27	exact_python_fallback
dark_cluster_002689	utg3872.equina_smart_895949.mrna1	utg3872.equina_smart_895949.mrna1	1	utg3872.equina_smart_895949.mrna1	exact_python_fallback
dark_cluster_002690	evm.utg729.141	evm.utg729.141	1	evm.utg729.141	exact_python_fallback
dark_cluster_002691	evm.utg234.44	evm.utg234.44	1	evm.utg234.44	exact_python_fallback
dark_cluster_002692	evm.utg55.117	evm.utg55.117	1	evm.utg55.117	exact_python_fallback
dark_cluster_002693	evm.utg2205.3	evm.utg2205.3	1	evm.utg2205.3	exact_python_fallback
dark_cluster_002694	evm.utg3443.8	evm.utg3443.8	1	evm.utg3443.8	exact_python_fallback
dark_cluster_002695	evm.utg55.55	evm.utg55.55	1	evm.utg55.55	exact_python_fallback
dark_cluster_002696	utg6293.equina_smart_82908.mrna1	utg6293.equina_smart_82908.mrna1	1	utg6293.equina_smart_82908.mrna1	exact_python_fallback
dark_cluster_002697	evm.utg967.10	evm.utg967.10	3	evm.utg967.10;evm.utg967.48;evm.utg967.9	exact_python_fallback
dark_cluster_002697	evm.utg967.10	evm.utg967.48	3	evm.utg967.10;evm.utg967.48;evm.utg967.9	exact_python_fallback
dark_cluster_002697	evm.utg967.10	evm.utg967.9	3	evm.utg967.10;evm.utg967.48;evm.utg967.9	exact_python_fallback
dark_cluster_002698	evm.utg699.58	evm.utg699.58	1	evm.utg699.58	exact_python_fallback
dark_cluster_002699	utg9202.equina_smart_1100362.mrna1	utg9202.equina_smart_1100362.mrna1	1	utg9202.equina_smart_1100362.mrna1	exact_python_fallback
dark_cluster_002700	utg84504.evm.utg18506.8.mrna2	utg84504.evm.utg18506.8.mrna2	1	utg84504.evm.utg18506.8.mrna2	exact_python_fallback
dark_cluster_002701	utg386.equina_smart_1711328.mrna3	utg386.equina_smart_1711328.mrna3	1	utg386.equina_smart_1711328.mrna3	exact_python_fallback
dark_cluster_002702	utg77.equina_smart_1711328.mrna7	utg77.equina_smart_1711328.mrna7	1	utg77.equina_smart_1711328.mrna7	exact_python_fallback
dark_cluster_002703	utg1337.equina_smart_865426.mrna1	utg1337.equina_smart_865426.mrna1	1	utg1337.equina_smart_865426.mrna1	exact_python_fallback
dark_cluster_002704	utg1663.evm.utg12908.9.mrna2	utg1663.evm.utg12908.9.mrna2	1	utg1663.evm.utg12908.9.mrna2	exact_python_fallback
dark_cluster_002705	evm.utg78.85	evm.utg78.85	1	evm.utg78.85	exact_python_fallback
dark_cluster_002706	evm.utg7412.14	evm.utg7412.14	5	evm.utg7412.14;evm.utg7412.17;evm.utg7412.2;evm.utg7412.4;evm.utg7412.5	exact_python_fallback
dark_cluster_002706	evm.utg7412.14	evm.utg7412.17	5	evm.utg7412.14;evm.utg7412.17;evm.utg7412.2;evm.utg7412.4;evm.utg7412.5	exact_python_fallback
dark_cluster_002706	evm.utg7412.14	evm.utg7412.2	5	evm.utg7412.14;evm.utg7412.17;evm.utg7412.2;evm.utg7412.4;evm.utg7412.5	exact_python_fallback
dark_cluster_002706	evm.utg7412.14	evm.utg7412.4	5	evm.utg7412.14;evm.utg7412.17;evm.utg7412.2;evm.utg7412.4;evm.utg7412.5	exact_python_fallback
dark_cluster_002706	evm.utg7412.14	evm.utg7412.5	5	evm.utg7412.14;evm.utg7412.17;evm.utg7412.2;evm.utg7412.4;evm.utg7412.5	exact_python_fallback
dark_cluster_002707	evm.utg109.2	evm.utg109.2	2	evm.utg109.2;evm.utg2073.9	exact_python_fallback
dark_cluster_002707	evm.utg109.2	evm.utg2073.9	2	evm.utg109.2;evm.utg2073.9	exact_python_fallback
dark_cluster_002708	evm.utg1234.3	evm.utg1234.3	1	evm.utg1234.3	exact_python_fallback
dark_cluster_002709	evm.utg13050.3	evm.utg13050.3	1	evm.utg13050.3	exact_python_fallback
dark_cluster_002710	utg146.equina_smart_179334.mrna1	utg146.equina_smart_179334.mrna1	1	utg146.equina_smart_179334.mrna1	exact_python_fallback
dark_cluster_002711	evm.utg15164.39	evm.utg15164.39	1	evm.utg15164.39	exact_python_fallback
dark_cluster_002712	utg3174.equina_smart_1843324.mrna1	utg3174.equina_smart_1843324.mrna1	1	utg3174.equina_smart_1843324.mrna1	exact_python_fallback
dark_cluster_002713	evm.utg4157.12.2.5c22f08e	evm.utg4157.12.2.5c22f08e	1	evm.utg4157.12.2.5c22f08e	exact_python_fallback
dark_cluster_002714	evm.utg1683.28	evm.utg1683.28	1	evm.utg1683.28	exact_python_fallback
dark_cluster_002715	utg1051.equina_smart_1711328.mrna8	utg1051.equina_smart_1711328.mrna8	1	utg1051.equina_smart_1711328.mrna8	exact_python_fallback
dark_cluster_002716	evm.utg4163.3	evm.utg4163.3	2	evm.utg4163.3;evm.utg4163.7	exact_python_fallback
dark_cluster_002716	evm.utg4163.3	evm.utg4163.7	2	evm.utg4163.3;evm.utg4163.7	exact_python_fallback
dark_cluster_002717	evm.utg989.49	evm.utg989.49	1	evm.utg989.49	exact_python_fallback
dark_cluster_002718	evm.utg42119.4	evm.utg42119.4	1	evm.utg42119.4	exact_python_fallback
dark_cluster_002719	evm.utg10282.4	evm.utg10282.4	1	evm.utg10282.4	exact_python_fallback
dark_cluster_002720	utg5513.equina_smart_1589406.mrna9	utg5513.equina_smart_1589406.mrna9	1	utg5513.equina_smart_1589406.mrna9	exact_python_fallback
dark_cluster_002721	utg861.equina_smart_1589406.mrna8	utg861.equina_smart_1589406.mrna8	1	utg861.equina_smart_1589406.mrna8	exact_python_fallback
dark_cluster_002722	utg26084.equina_smart_1589406.mrna1	utg26084.equina_smart_1589406.mrna1	1	utg26084.equina_smart_1589406.mrna1	exact_python_fallback
dark_cluster_002723	utg2433.equina_smart_1589406.mrna7	utg2433.equina_smart_1589406.mrna7	1	utg2433.equina_smart_1589406.mrna7	exact_python_fallback
dark_cluster_002724	evm.utg1781.4	evm.utg1781.4	1	evm.utg1781.4	exact_python_fallback
dark_cluster_002725	evm.utg1056.95	evm.utg1056.95	1	evm.utg1056.95	exact_python_fallback
dark_cluster_002726	evm.utg868.69	evm.utg868.69	1	evm.utg868.69	exact_python_fallback
dark_cluster_002727	evm.utg15013.19	evm.utg15013.19	1	evm.utg15013.19	exact_python_fallback
dark_cluster_002728	evm.utg298.55	evm.utg298.55	1	evm.utg298.55	exact_python_fallback
dark_cluster_002729	evm.utg3800.2	evm.utg3800.2	1	evm.utg3800.2	exact_python_fallback
dark_cluster_002730	evm.utg7548.6	evm.utg7548.6	1	evm.utg7548.6	exact_python_fallback
dark_cluster_002731	evm.utg4695.58	evm.utg4695.58	1	evm.utg4695.58	exact_python_fallback
dark_cluster_002732	evm.utg13981.15	evm.utg13981.15	1	evm.utg13981.15	exact_python_fallback
dark_cluster_002733	evm.utg6183.27	evm.utg6183.27	1	evm.utg6183.27	exact_python_fallback
dark_cluster_002734	evm.utg78.78	evm.utg78.78	1	evm.utg78.78	exact_python_fallback
dark_cluster_002735	evm.utg4886.20	evm.utg4886.20	2	evm.utg4886.20;evm.utg4886.5	exact_python_fallback
dark_cluster_002735	evm.utg4886.20	evm.utg4886.5	2	evm.utg4886.20;evm.utg4886.5	exact_python_fallback
dark_cluster_002736	evm.utg950.13	evm.utg950.13	2	evm.utg950.13;evm.utg950.14	exact_python_fallback
dark_cluster_002736	evm.utg950.13	evm.utg950.14	2	evm.utg950.13;evm.utg950.14	exact_python_fallback
dark_cluster_002737	evm.utg5854.3	evm.utg5854.3	1	evm.utg5854.3	exact_python_fallback
dark_cluster_002738	evm.utg234.29	evm.utg234.29	1	evm.utg234.29	exact_python_fallback
dark_cluster_002739	evm.utg13322.11	evm.utg13322.11	1	evm.utg13322.11	exact_python_fallback
dark_cluster_002740	utg92.equina_smart_535020.mrna1	utg92.equina_smart_535020.mrna1	1	utg92.equina_smart_535020.mrna1	exact_python_fallback
dark_cluster_002741	evm.utg56.30	evm.utg56.30	1	evm.utg56.30	exact_python_fallback
dark_cluster_002742	utg790.equina_smart_1046011.mrna1	utg790.equina_smart_1046011.mrna1	1	utg790.equina_smart_1046011.mrna1	exact_python_fallback
dark_cluster_002743	evm.utg411.63	evm.utg411.63	1	evm.utg411.63	exact_python_fallback
dark_cluster_002744	evm.utg1277.36	evm.utg1277.36	1	evm.utg1277.36	exact_python_fallback
dark_cluster_002745	evm.utg25155.7	evm.utg25155.7	1	evm.utg25155.7	exact_python_fallback
dark_cluster_002746	evm.utg40724.5	evm.utg40724.5	1	evm.utg40724.5	exact_python_fallback
dark_cluster_002747	evm.utg18633.11	evm.utg18633.11	1	evm.utg18633.11	exact_python_fallback
dark_cluster_002748	utg225.equina_smart_1732458.mrna9	utg225.equina_smart_1732458.mrna9	1	utg225.equina_smart_1732458.mrna9	exact_python_fallback
dark_cluster_002749	utg989.equina_smart_1732458.mrna7	utg989.equina_smart_1732458.mrna7	1	utg989.equina_smart_1732458.mrna7	exact_python_fallback
dark_cluster_002750	utg1022.equina_smart_1732458.mrna1	utg1022.equina_smart_1732458.mrna1	1	utg1022.equina_smart_1732458.mrna1	exact_python_fallback
dark_cluster_002751	utg4652.equina_smart_1732458.mrna4	utg4652.equina_smart_1732458.mrna4	1	utg4652.equina_smart_1732458.mrna4	exact_python_fallback
dark_cluster_002752	evm.utg25826.9	evm.utg25826.9	1	evm.utg25826.9	exact_python_fallback
dark_cluster_002753	utg512.equina_smart_221989.mrna2	utg512.equina_smart_221989.mrna2	1	utg512.equina_smart_221989.mrna2	exact_python_fallback
dark_cluster_002754	evm.utg1337.27	evm.utg1337.27	1	evm.utg1337.27	exact_python_fallback
dark_cluster_002755	evm.utg6875.9	evm.utg6875.9	1	evm.utg6875.9	exact_python_fallback
dark_cluster_002756	utg625.equina_smart_1420096.mrna1	utg625.equina_smart_1420096.mrna1	1	utg625.equina_smart_1420096.mrna1	exact_python_fallback
dark_cluster_002757	evm.utg3159.2	evm.utg3159.2	2	evm.utg3159.2;evm.utg3159.6	exact_python_fallback
dark_cluster_002757	evm.utg3159.2	evm.utg3159.6	2	evm.utg3159.2;evm.utg3159.6	exact_python_fallback
dark_cluster_002758	evm.utg2487.27	evm.utg2487.27	1	evm.utg2487.27	exact_python_fallback
dark_cluster_002759	evm.utg2869.2	evm.utg2869.2	1	evm.utg2869.2	exact_python_fallback
dark_cluster_002760	utg3986.equina_smart_1590106.mrna1	utg3986.equina_smart_1590106.mrna1	1	utg3986.equina_smart_1590106.mrna1	exact_python_fallback
dark_cluster_002761	evm.utg2969.52	evm.utg2969.52	1	evm.utg2969.52	exact_python_fallback
dark_cluster_002762	evm.utg4451.16	evm.utg4451.16	1	evm.utg4451.16	exact_python_fallback
dark_cluster_002763	evm.utg88612.5	evm.utg88612.5	1	evm.utg88612.5	exact_python_fallback
dark_cluster_002764	evm.utg92.43	evm.utg92.43	1	evm.utg92.43	exact_python_fallback
dark_cluster_002765	evm.utg382.53	evm.utg382.53	1	evm.utg382.53	exact_python_fallback
dark_cluster_002766	evm.utg203.30	evm.utg203.30	1	evm.utg203.30	exact_python_fallback
dark_cluster_002767	evm.utg116.238	evm.utg116.238	1	evm.utg116.238	exact_python_fallback
dark_cluster_002768	evm.utg1363.34	evm.utg1363.34	1	evm.utg1363.34	exact_python_fallback
dark_cluster_002769	evm.utg125.136	evm.utg125.136	1	evm.utg125.136	exact_python_fallback
dark_cluster_002770	evm.utg3169.15	evm.utg3169.15	1	evm.utg3169.15	exact_python_fallback
dark_cluster_002771	evm.utg4207.11	evm.utg4207.11	1	evm.utg4207.11	exact_python_fallback
dark_cluster_002772	evm.utg4879.8	evm.utg4879.8	1	evm.utg4879.8	exact_python_fallback
dark_cluster_002773	evm.utg217.13	evm.utg217.13	1	evm.utg217.13	exact_python_fallback
dark_cluster_002774	utg1101.equina_smart_1685030.mrna10	utg1101.equina_smart_1685030.mrna10	1	utg1101.equina_smart_1685030.mrna10	exact_python_fallback
dark_cluster_002775	evm.utg1005.7	evm.utg1005.7	1	evm.utg1005.7	exact_python_fallback
dark_cluster_002776	evm.utg152.35	evm.utg152.35	1	evm.utg152.35	exact_python_fallback
dark_cluster_002777	evm.utg169038.4	evm.utg169038.4	1	evm.utg169038.4	exact_python_fallback
dark_cluster_002778	utg16223.equina_smart_99644.mrna1	utg16223.equina_smart_99644.mrna1	1	utg16223.equina_smart_99644.mrna1	exact_python_fallback
dark_cluster_002779	utg10358.equina_smart_99644.mrna2	utg10358.equina_smart_99644.mrna2	1	utg10358.equina_smart_99644.mrna2	exact_python_fallback
dark_cluster_002780	evm.utg61418.11	evm.utg61418.11	1	evm.utg61418.11	exact_python_fallback
dark_cluster_002781	evm.utg348.4	evm.utg348.4	1	evm.utg348.4	exact_python_fallback
dark_cluster_002782	evm.utg3906.12	evm.utg3906.12	1	evm.utg3906.12	exact_python_fallback
dark_cluster_002783	evm.utg86.19	evm.utg86.19	1	evm.utg86.19	exact_python_fallback
dark_cluster_002784	evm.utg8152.2	evm.utg8152.2	1	evm.utg8152.2	exact_python_fallback
dark_cluster_002785	evm.utg2303.8	evm.utg2303.8	1	evm.utg2303.8	exact_python_fallback
dark_cluster_002786	evm.utg2073.40	evm.utg2073.40	1	evm.utg2073.40	exact_python_fallback
dark_cluster_002787	evm.utg356.30	evm.utg356.30	4	evm.utg356.30;evm.utg356.35;evm.utg356.85;evm.utg356.88	exact_python_fallback
dark_cluster_002787	evm.utg356.30	evm.utg356.35	4	evm.utg356.30;evm.utg356.35;evm.utg356.85;evm.utg356.88	exact_python_fallback
dark_cluster_002787	evm.utg356.30	evm.utg356.85	4	evm.utg356.30;evm.utg356.35;evm.utg356.85;evm.utg356.88	exact_python_fallback
dark_cluster_002787	evm.utg356.30	evm.utg356.88	4	evm.utg356.30;evm.utg356.35;evm.utg356.85;evm.utg356.88	exact_python_fallback
dark_cluster_002788	evm.utg214.19	evm.utg214.19	3	evm.utg214.19;evm.utg214.35;evm.utg214.51	exact_python_fallback
dark_cluster_002788	evm.utg214.19	evm.utg214.35	3	evm.utg214.19;evm.utg214.35;evm.utg214.51	exact_python_fallback
dark_cluster_002788	evm.utg214.19	evm.utg214.51	3	evm.utg214.19;evm.utg214.35;evm.utg214.51	exact_python_fallback
dark_cluster_002789	evm.utg13981.13	evm.utg13981.13	1	evm.utg13981.13	exact_python_fallback
dark_cluster_002790	evm.utg4652.17	evm.utg4652.17	1	evm.utg4652.17	exact_python_fallback
dark_cluster_002791	evm.utg1032.15	evm.utg1032.15	1	evm.utg1032.15	exact_python_fallback
dark_cluster_002792	evm.utg2129.86	evm.utg2129.86	1	evm.utg2129.86	exact_python_fallback
dark_cluster_002793	evm.utg163.19	evm.utg163.19	1	evm.utg163.19	exact_python_fallback
dark_cluster_002794	utg1194.equina_smart_35138utrorf.mrna2	utg1194.equina_smart_35138utrorf.mrna2	1	utg1194.equina_smart_35138utrorf.mrna2	exact_python_fallback
dark_cluster_002795	evm.utg1432.16	evm.utg1432.16	6	evm.utg1432.16;evm.utg1432.27;evm.utg1432.35;evm.utg1432.38;evm.utg1432.39;evm.utg1432.43	exact_python_fallback
dark_cluster_002795	evm.utg1432.16	evm.utg1432.27	6	evm.utg1432.16;evm.utg1432.27;evm.utg1432.35;evm.utg1432.38;evm.utg1432.39;evm.utg1432.43	exact_python_fallback
dark_cluster_002795	evm.utg1432.16	evm.utg1432.35	6	evm.utg1432.16;evm.utg1432.27;evm.utg1432.35;evm.utg1432.38;evm.utg1432.39;evm.utg1432.43	exact_python_fallback
dark_cluster_002795	evm.utg1432.16	evm.utg1432.38	6	evm.utg1432.16;evm.utg1432.27;evm.utg1432.35;evm.utg1432.38;evm.utg1432.39;evm.utg1432.43	exact_python_fallback
dark_cluster_002795	evm.utg1432.16	evm.utg1432.39	6	evm.utg1432.16;evm.utg1432.27;evm.utg1432.35;evm.utg1432.38;evm.utg1432.39;evm.utg1432.43	exact_python_fallback
dark_cluster_002795	evm.utg1432.16	evm.utg1432.43	6	evm.utg1432.16;evm.utg1432.27;evm.utg1432.35;evm.utg1432.38;evm.utg1432.39;evm.utg1432.43	exact_python_fallback
dark_cluster_002796	evm.utg4273.17	evm.utg4273.17	1	evm.utg4273.17	exact_python_fallback
dark_cluster_002797	evm.utg1696.3	evm.utg1696.3	1	evm.utg1696.3	exact_python_fallback
dark_cluster_002798	evm.utg1056.110	evm.utg1056.110	1	evm.utg1056.110	exact_python_fallback
dark_cluster_002799	evm.utg464.85	evm.utg464.85	1	evm.utg464.85	exact_python_fallback
dark_cluster_002800	evm.utg1137.49	evm.utg1137.49	1	evm.utg1137.49	exact_python_fallback
dark_cluster_002801	evm.utg464.82	evm.utg464.82	1	evm.utg464.82	exact_python_fallback
dark_cluster_002802	evm.utg2012.10	evm.utg2012.10	2	evm.utg2012.10;evm.utg2012.9	exact_python_fallback
dark_cluster_002802	evm.utg2012.10	evm.utg2012.9	2	evm.utg2012.10;evm.utg2012.9	exact_python_fallback
dark_cluster_002803	evm.utg4194.105	evm.utg4194.105	1	evm.utg4194.105	exact_python_fallback
dark_cluster_002804	evm.utg622.9	evm.utg622.9	1	evm.utg622.9	exact_python_fallback
dark_cluster_002805	evm.utg2757.63	evm.utg2757.63	1	evm.utg2757.63	exact_python_fallback
dark_cluster_002806	evm.utg14923.3	evm.utg14923.3	1	evm.utg14923.3	exact_python_fallback
dark_cluster_002807	evm.utg4194.13	evm.utg4194.13	7	evm.utg4194.13;evm.utg4194.15;evm.utg4194.5;evm.utg4194.58;evm.utg4194.76;evm.utg4194.92;evm.utg4194.96	exact_python_fallback
dark_cluster_002807	evm.utg4194.13	evm.utg4194.15	7	evm.utg4194.13;evm.utg4194.15;evm.utg4194.5;evm.utg4194.58;evm.utg4194.76;evm.utg4194.92;evm.utg4194.96	exact_python_fallback
dark_cluster_002807	evm.utg4194.13	evm.utg4194.5	7	evm.utg4194.13;evm.utg4194.15;evm.utg4194.5;evm.utg4194.58;evm.utg4194.76;evm.utg4194.92;evm.utg4194.96	exact_python_fallback
dark_cluster_002807	evm.utg4194.13	evm.utg4194.58	7	evm.utg4194.13;evm.utg4194.15;evm.utg4194.5;evm.utg4194.58;evm.utg4194.76;evm.utg4194.92;evm.utg4194.96	exact_python_fallback
dark_cluster_002807	evm.utg4194.13	evm.utg4194.76	7	evm.utg4194.13;evm.utg4194.15;evm.utg4194.5;evm.utg4194.58;evm.utg4194.76;evm.utg4194.92;evm.utg4194.96	exact_python_fallback
dark_cluster_002807	evm.utg4194.13	evm.utg4194.92	7	evm.utg4194.13;evm.utg4194.15;evm.utg4194.5;evm.utg4194.58;evm.utg4194.76;evm.utg4194.92;evm.utg4194.96	exact_python_fallback
dark_cluster_002807	evm.utg4194.13	evm.utg4194.96	7	evm.utg4194.13;evm.utg4194.15;evm.utg4194.5;evm.utg4194.58;evm.utg4194.76;evm.utg4194.92;evm.utg4194.96	exact_python_fallback
dark_cluster_002808	evm.utg3164.10	evm.utg3164.10	10	evm.utg3164.10;evm.utg3164.17;evm.utg3164.26;evm.utg3164.29;evm.utg3164.39;evm.utg3164.41;evm.utg3164.42;evm.utg3164.43;evm.utg3164.56;evm.utg3164.62	exact_python_fallback
dark_cluster_002808	evm.utg3164.10	evm.utg3164.17	10	evm.utg3164.10;evm.utg3164.17;evm.utg3164.26;evm.utg3164.29;evm.utg3164.39;evm.utg3164.41;evm.utg3164.42;evm.utg3164.43;evm.utg3164.56;evm.utg3164.62	exact_python_fallback
dark_cluster_002808	evm.utg3164.10	evm.utg3164.26	10	evm.utg3164.10;evm.utg3164.17;evm.utg3164.26;evm.utg3164.29;evm.utg3164.39;evm.utg3164.41;evm.utg3164.42;evm.utg3164.43;evm.utg3164.56;evm.utg3164.62	exact_python_fallback
dark_cluster_002808	evm.utg3164.10	evm.utg3164.29	10	evm.utg3164.10;evm.utg3164.17;evm.utg3164.26;evm.utg3164.29;evm.utg3164.39;evm.utg3164.41;evm.utg3164.42;evm.utg3164.43;evm.utg3164.56;evm.utg3164.62	exact_python_fallback
dark_cluster_002808	evm.utg3164.10	evm.utg3164.39	10	evm.utg3164.10;evm.utg3164.17;evm.utg3164.26;evm.utg3164.29;evm.utg3164.39;evm.utg3164.41;evm.utg3164.42;evm.utg3164.43;evm.utg3164.56;evm.utg3164.62	exact_python_fallback
dark_cluster_002808	evm.utg3164.10	evm.utg3164.41	10	evm.utg3164.10;evm.utg3164.17;evm.utg3164.26;evm.utg3164.29;evm.utg3164.39;evm.utg3164.41;evm.utg3164.42;evm.utg3164.43;evm.utg3164.56;evm.utg3164.62	exact_python_fallback
dark_cluster_002808	evm.utg3164.10	evm.utg3164.42	10	evm.utg3164.10;evm.utg3164.17;evm.utg3164.26;evm.utg3164.29;evm.utg3164.39;evm.utg3164.41;evm.utg3164.42;evm.utg3164.43;evm.utg3164.56;evm.utg3164.62	exact_python_fallback
dark_cluster_002808	evm.utg3164.10	evm.utg3164.43	10	evm.utg3164.10;evm.utg3164.17;evm.utg3164.26;evm.utg3164.29;evm.utg3164.39;evm.utg3164.41;evm.utg3164.42;evm.utg3164.43;evm.utg3164.56;evm.utg3164.62	exact_python_fallback
dark_cluster_002808	evm.utg3164.10	evm.utg3164.56	10	evm.utg3164.10;evm.utg3164.17;evm.utg3164.26;evm.utg3164.29;evm.utg3164.39;evm.utg3164.41;evm.utg3164.42;evm.utg3164.43;evm.utg3164.56;evm.utg3164.62	exact_python_fallback
dark_cluster_002808	evm.utg3164.10	evm.utg3164.62	10	evm.utg3164.10;evm.utg3164.17;evm.utg3164.26;evm.utg3164.29;evm.utg3164.39;evm.utg3164.41;evm.utg3164.42;evm.utg3164.43;evm.utg3164.56;evm.utg3164.62	exact_python_fallback
dark_cluster_002809	evm.utg910.24	evm.utg910.24	1	evm.utg910.24	exact_python_fallback
dark_cluster_002810	evm.utg1465.42	evm.utg1465.42	1	evm.utg1465.42	exact_python_fallback
dark_cluster_002811	evm.utg785.27	evm.utg785.27	2	evm.utg785.27;evm.utg785.4	exact_python_fallback
dark_cluster_002811	evm.utg785.27	evm.utg785.4	2	evm.utg785.27;evm.utg785.4	exact_python_fallback
dark_cluster_002812	evm.utg2099.27	evm.utg2099.27	1	evm.utg2099.27	exact_python_fallback
dark_cluster_002813	evm.utg2017.9	evm.utg2017.9	1	evm.utg2017.9	exact_python_fallback
dark_cluster_002814	evm.utg13959.7	evm.utg13959.7	1	evm.utg13959.7	exact_python_fallback
dark_cluster_002815	utg101.equina_smart_1474185.mrna1	utg101.equina_smart_1474185.mrna1	1	utg101.equina_smart_1474185.mrna1	exact_python_fallback
dark_cluster_002816	utg1278.equina_smart_1432188.mrna1	utg1278.equina_smart_1432188.mrna1	1	utg1278.equina_smart_1432188.mrna1	exact_python_fallback
dark_cluster_002817	evm.utg7264.2	evm.utg7264.2	1	evm.utg7264.2	exact_python_fallback
dark_cluster_002818	utg382.equina_smart_1411023.mrna1	utg382.equina_smart_1411023.mrna1	1	utg382.equina_smart_1411023.mrna1	exact_python_fallback
dark_cluster_002819	utg4428.equina_smart_1608547.mrna2	utg4428.equina_smart_1608547.mrna2	1	utg4428.equina_smart_1608547.mrna2	exact_python_fallback
dark_cluster_002820	evm.utg3622.10	evm.utg3622.10	1	evm.utg3622.10	exact_python_fallback
dark_cluster_002821	evm.utg27.102	evm.utg27.102	1	evm.utg27.102	exact_python_fallback
dark_cluster_002822	utg14287.equina_smart_1544624.mrna1	utg14287.equina_smart_1544624.mrna1	2	utg14287.equina_smart_1544624.mrna1;utg14287.equina_smart_1544624.mrna2	exact_python_fallback
dark_cluster_002822	utg14287.equina_smart_1544624.mrna1	utg14287.equina_smart_1544624.mrna2	2	utg14287.equina_smart_1544624.mrna1;utg14287.equina_smart_1544624.mrna2	exact_python_fallback
dark_cluster_002823	evm.utg3839.46	evm.utg3839.46	1	evm.utg3839.46	exact_python_fallback
dark_cluster_002824	evm.utg8672.5	evm.utg8672.5	1	evm.utg8672.5	exact_python_fallback
dark_cluster_002825	utg1691.equina_smart_984807.mrna1	utg1691.equina_smart_984807.mrna1	1	utg1691.equina_smart_984807.mrna1	exact_python_fallback
dark_cluster_002826	evm.utg173190.3	evm.utg173190.3	2	evm.utg173190.3;evm.utg173190.8	exact_python_fallback
dark_cluster_002826	evm.utg173190.3	evm.utg173190.8	2	evm.utg173190.3;evm.utg173190.8	exact_python_fallback
dark_cluster_002827	evm.utg6534.18	evm.utg6534.18	2	evm.utg6534.18;evm.utg6534.21	exact_python_fallback
dark_cluster_002827	evm.utg6534.18	evm.utg6534.21	2	evm.utg6534.18;evm.utg6534.21	exact_python_fallback
dark_cluster_002828	evm.utg28209.4	evm.utg28209.4	1	evm.utg28209.4	exact_python_fallback
dark_cluster_002829	evm.utg2327.41	evm.utg2327.41	1	evm.utg2327.41	exact_python_fallback
dark_cluster_002830	evm.utg844.10	evm.utg844.10	1	evm.utg844.10	exact_python_fallback
dark_cluster_002831	utg152.equina_smart_1129086.mrna1	utg152.equina_smart_1129086.mrna1	1	utg152.equina_smart_1129086.mrna1	exact_python_fallback
dark_cluster_002832	evm.utg27318.9	evm.utg27318.9	1	evm.utg27318.9	exact_python_fallback
dark_cluster_002833	evm.utg4194.65	evm.utg4194.65	1	evm.utg4194.65	exact_python_fallback
dark_cluster_002834	utg82.equina_smart_1396057.mrna1	utg82.equina_smart_1396057.mrna1	1	utg82.equina_smart_1396057.mrna1	exact_python_fallback
dark_cluster_002835	evm.utg3906.18	evm.utg3906.18	1	evm.utg3906.18	exact_python_fallback
dark_cluster_002836	evm.utg23296.4	evm.utg23296.4	1	evm.utg23296.4	exact_python_fallback
dark_cluster_002837	evm.utg20678.12	evm.utg20678.12	1	evm.utg20678.12	exact_python_fallback
dark_cluster_002838	evm.utg180.19	evm.utg180.19	1	evm.utg180.19	exact_python_fallback
dark_cluster_002839	evm.utg4796.5	evm.utg4796.5	2	evm.utg4796.5;evm.utg4796.9	exact_python_fallback
dark_cluster_002839	evm.utg4796.5	evm.utg4796.9	2	evm.utg4796.5;evm.utg4796.9	exact_python_fallback
dark_cluster_002840	evm.utg53212.3	evm.utg53212.3	1	evm.utg53212.3	exact_python_fallback
dark_cluster_002841	utg31945.equina_smart_1450021.mrna5	utg31945.equina_smart_1450021.mrna5	1	utg31945.equina_smart_1450021.mrna5	exact_python_fallback
dark_cluster_002842	utg69632.equina_smart_1711350.mrna3	utg69632.equina_smart_1711350.mrna3	1	utg69632.equina_smart_1711350.mrna3	exact_python_fallback
dark_cluster_002843	evm.utg4082.34	evm.utg4082.34	2	evm.utg4082.34;evm.utg4082.59	exact_python_fallback
dark_cluster_002843	evm.utg4082.34	evm.utg4082.59	2	evm.utg4082.34;evm.utg4082.59	exact_python_fallback
dark_cluster_002844	evm.utg44408.3	evm.utg44408.3	1	evm.utg44408.3	exact_python_fallback
dark_cluster_002845	evm.utg15281.16	evm.utg15281.16	1	evm.utg15281.16	exact_python_fallback
dark_cluster_002846	evm.utg92.71	evm.utg92.71	1	evm.utg92.71	exact_python_fallback
dark_cluster_002847	utg1204.equina_smart_108240.mrna1	utg1204.equina_smart_108240.mrna1	1	utg1204.equina_smart_108240.mrna1	exact_python_fallback
dark_cluster_002848	evm.utg1271.102	evm.utg1271.102	1	evm.utg1271.102	exact_python_fallback
dark_cluster_002849	evm.utg55.91	evm.utg55.91	1	evm.utg55.91	exact_python_fallback
dark_cluster_002850	evm.utg14021.44	evm.utg14021.44	1	evm.utg14021.44	exact_python_fallback
dark_cluster_002851	utg381.equina_smart_1410674.mrna1	utg381.equina_smart_1410674.mrna1	1	utg381.equina_smart_1410674.mrna1	exact_python_fallback
dark_cluster_002852	evm.utg1079.64	evm.utg1079.64	1	evm.utg1079.64	exact_python_fallback
dark_cluster_002853	utg6293.equina_smart_1766710.mrna11	utg6293.equina_smart_1766710.mrna11	1	utg6293.equina_smart_1766710.mrna11	exact_python_fallback
dark_cluster_002854	evm.utg572.1	evm.utg572.1	1	evm.utg572.1	exact_python_fallback
dark_cluster_002855	utg15813.evm.utg9623.7.mrna4	utg15813.evm.utg9623.7.mrna4	1	utg15813.evm.utg9623.7.mrna4	exact_python_fallback
dark_cluster_002856	evm.utg55.109	evm.utg55.109	1	evm.utg55.109	exact_python_fallback
dark_cluster_002857	evm.utg7595.46	evm.utg7595.46	1	evm.utg7595.46	exact_python_fallback
dark_cluster_002858	utg3284.equina_smart_1598954.mrna1	utg3284.equina_smart_1598954.mrna1	1	utg3284.equina_smart_1598954.mrna1	exact_python_fallback
dark_cluster_002859	evm.utg12937.2	evm.utg12937.2	1	evm.utg12937.2	exact_python_fallback
dark_cluster_002860	evm.utg3876.25	evm.utg3876.25	4	evm.utg3876.25;evm.utg3876.3;evm.utg3876.36;evm.utg3876.50	exact_python_fallback
dark_cluster_002860	evm.utg3876.25	evm.utg3876.3	4	evm.utg3876.25;evm.utg3876.3;evm.utg3876.36;evm.utg3876.50	exact_python_fallback
dark_cluster_002860	evm.utg3876.25	evm.utg3876.36	4	evm.utg3876.25;evm.utg3876.3;evm.utg3876.36;evm.utg3876.50	exact_python_fallback
dark_cluster_002860	evm.utg3876.25	evm.utg3876.50	4	evm.utg3876.25;evm.utg3876.3;evm.utg3876.36;evm.utg3876.50	exact_python_fallback
dark_cluster_002861	evm.utg5074.4	evm.utg5074.4	1	evm.utg5074.4	exact_python_fallback
dark_cluster_002862	evm.utg1825.25	evm.utg1825.25	1	evm.utg1825.25	exact_python_fallback
dark_cluster_002863	utg536.equina_smart_1268737.mrna1	utg536.equina_smart_1268737.mrna1	1	utg536.equina_smart_1268737.mrna1	exact_python_fallback
dark_cluster_002864	evm.utg2814.36	evm.utg2814.36	1	evm.utg2814.36	exact_python_fallback
dark_cluster_002865	evm.utg1497.10	evm.utg1497.10	1	evm.utg1497.10	exact_python_fallback
dark_cluster_002866	evm.utg6504.12	evm.utg6504.12	1	evm.utg6504.12	exact_python_fallback
dark_cluster_002867	utg181.equina_smart_907908.mrna2	utg181.equina_smart_907908.mrna2	1	utg181.equina_smart_907908.mrna2	exact_python_fallback
dark_cluster_002868	evm.utg420.38	evm.utg420.38	1	evm.utg420.38	exact_python_fallback
dark_cluster_002869	evm.utg77.100	evm.utg77.100	1	evm.utg77.100	exact_python_fallback
dark_cluster_002870	evm.utg3403.13	evm.utg3403.13	1	evm.utg3403.13	exact_python_fallback
dark_cluster_002871	evm.utg2838.10	evm.utg2838.10	1	evm.utg2838.10	exact_python_fallback
dark_cluster_002872	evm.utg2967.7	evm.utg2967.7	1	evm.utg2967.7	exact_python_fallback
dark_cluster_002873	evm.utg540.2	evm.utg540.2	11	evm.utg540.2;evm.utg540.20;evm.utg540.3;evm.utg540.42;evm.utg540.53;evm.utg540.55;evm.utg540.6;evm.utg540.64;evm.utg540.65;evm.utg540.66;evm.utg540.68	exact_python_fallback
dark_cluster_002873	evm.utg540.2	evm.utg540.20	11	evm.utg540.2;evm.utg540.20;evm.utg540.3;evm.utg540.42;evm.utg540.53;evm.utg540.55;evm.utg540.6;evm.utg540.64;evm.utg540.65;evm.utg540.66;evm.utg540.68	exact_python_fallback
dark_cluster_002873	evm.utg540.2	evm.utg540.3	11	evm.utg540.2;evm.utg540.20;evm.utg540.3;evm.utg540.42;evm.utg540.53;evm.utg540.55;evm.utg540.6;evm.utg540.64;evm.utg540.65;evm.utg540.66;evm.utg540.68	exact_python_fallback
dark_cluster_002873	evm.utg540.2	evm.utg540.42	11	evm.utg540.2;evm.utg540.20;evm.utg540.3;evm.utg540.42;evm.utg540.53;evm.utg540.55;evm.utg540.6;evm.utg540.64;evm.utg540.65;evm.utg540.66;evm.utg540.68	exact_python_fallback
dark_cluster_002873	evm.utg540.2	evm.utg540.53	11	evm.utg540.2;evm.utg540.20;evm.utg540.3;evm.utg540.42;evm.utg540.53;evm.utg540.55;evm.utg540.6;evm.utg540.64;evm.utg540.65;evm.utg540.66;evm.utg540.68	exact_python_fallback
dark_cluster_002873	evm.utg540.2	evm.utg540.55	11	evm.utg540.2;evm.utg540.20;evm.utg540.3;evm.utg540.42;evm.utg540.53;evm.utg540.55;evm.utg540.6;evm.utg540.64;evm.utg540.65;evm.utg540.66;evm.utg540.68	exact_python_fallback
dark_cluster_002873	evm.utg540.2	evm.utg540.6	11	evm.utg540.2;evm.utg540.20;evm.utg540.3;evm.utg540.42;evm.utg540.53;evm.utg540.55;evm.utg540.6;evm.utg540.64;evm.utg540.65;evm.utg540.66;evm.utg540.68	exact_python_fallback
dark_cluster_002873	evm.utg540.2	evm.utg540.64	11	evm.utg540.2;evm.utg540.20;evm.utg540.3;evm.utg540.42;evm.utg540.53;evm.utg540.55;evm.utg540.6;evm.utg540.64;evm.utg540.65;evm.utg540.66;evm.utg540.68	exact_python_fallback
dark_cluster_002873	evm.utg540.2	evm.utg540.65	11	evm.utg540.2;evm.utg540.20;evm.utg540.3;evm.utg540.42;evm.utg540.53;evm.utg540.55;evm.utg540.6;evm.utg540.64;evm.utg540.65;evm.utg540.66;evm.utg540.68	exact_python_fallback
dark_cluster_002873	evm.utg540.2	evm.utg540.66	11	evm.utg540.2;evm.utg540.20;evm.utg540.3;evm.utg540.42;evm.utg540.53;evm.utg540.55;evm.utg540.6;evm.utg540.64;evm.utg540.65;evm.utg540.66;evm.utg540.68	exact_python_fallback
dark_cluster_002873	evm.utg540.2	evm.utg540.68	11	evm.utg540.2;evm.utg540.20;evm.utg540.3;evm.utg540.42;evm.utg540.53;evm.utg540.55;evm.utg540.6;evm.utg540.64;evm.utg540.65;evm.utg540.66;evm.utg540.68	exact_python_fallback
dark_cluster_002874	evm.utg735.50	evm.utg735.50	1	evm.utg735.50	exact_python_fallback
dark_cluster_002875	utg2100.equina_smart_598173.mrna1	utg2100.equina_smart_598173.mrna1	1	utg2100.equina_smart_598173.mrna1	exact_python_fallback
dark_cluster_002876	utg686.equina_smart_1420852.mrna1	utg686.equina_smart_1420852.mrna1	1	utg686.equina_smart_1420852.mrna1	exact_python_fallback
dark_cluster_002877	evm.utg1517.26	evm.utg1517.26	1	evm.utg1517.26	exact_python_fallback
dark_cluster_002878	utg6379.equina_smart_1460804.mrna1	utg6379.equina_smart_1460804.mrna1	1	utg6379.equina_smart_1460804.mrna1	exact_python_fallback
dark_cluster_002879	evm.utg2291.28	evm.utg2291.28	1	evm.utg2291.28	exact_python_fallback
dark_cluster_002880	evm.utg738.33	evm.utg738.33	3	evm.utg738.33;evm.utg738.37;evm.utg738.7	exact_python_fallback
dark_cluster_002880	evm.utg738.33	evm.utg738.37	3	evm.utg738.33;evm.utg738.37;evm.utg738.7	exact_python_fallback
dark_cluster_002880	evm.utg738.33	evm.utg738.7	3	evm.utg738.33;evm.utg738.37;evm.utg738.7	exact_python_fallback
dark_cluster_002881	evm.utg7909.18	evm.utg7909.18	1	evm.utg7909.18	exact_python_fallback
dark_cluster_002882	evm.utg1450.3	evm.utg1450.3	1	evm.utg1450.3	exact_python_fallback
dark_cluster_002883	utg9202.equina_smart_1466204.mrna1	utg9202.equina_smart_1466204.mrna1	1	utg9202.equina_smart_1466204.mrna1	exact_python_fallback
dark_cluster_002884	evm.utg298.63	evm.utg298.63	1	evm.utg298.63	exact_python_fallback
dark_cluster_002885	evm.utg344.8	evm.utg344.8	1	evm.utg344.8	exact_python_fallback
dark_cluster_002886	utg95.equina_smart_921438.mrna1	utg95.equina_smart_921438.mrna1	1	utg95.equina_smart_921438.mrna1	exact_python_fallback
dark_cluster_002887	utg699.equina_smart_1421246.mrna1	utg699.equina_smart_1421246.mrna1	1	utg699.equina_smart_1421246.mrna1	exact_python_fallback
dark_cluster_002888	evm.utg436.24	evm.utg436.24	5	evm.utg436.24;evm.utg436.25;evm.utg436.42;evm.utg436.45;evm.utg436.47	exact_python_fallback
dark_cluster_002888	evm.utg436.24	evm.utg436.25	5	evm.utg436.24;evm.utg436.25;evm.utg436.42;evm.utg436.45;evm.utg436.47	exact_python_fallback
dark_cluster_002888	evm.utg436.24	evm.utg436.42	5	evm.utg436.24;evm.utg436.25;evm.utg436.42;evm.utg436.45;evm.utg436.47	exact_python_fallback
dark_cluster_002888	evm.utg436.24	evm.utg436.45	5	evm.utg436.24;evm.utg436.25;evm.utg436.42;evm.utg436.45;evm.utg436.47	exact_python_fallback
dark_cluster_002888	evm.utg436.24	evm.utg436.47	5	evm.utg436.24;evm.utg436.25;evm.utg436.42;evm.utg436.45;evm.utg436.47	exact_python_fallback
dark_cluster_002889	evm.utg1271.30	evm.utg1271.30	1	evm.utg1271.30	exact_python_fallback
dark_cluster_002890	evm.utg344.11	evm.utg344.11	1	evm.utg344.11	exact_python_fallback
dark_cluster_002891	evm.utg4737.27	evm.utg4737.27	1	evm.utg4737.27	exact_python_fallback
dark_cluster_002892	evm.utg2757.26	evm.utg2757.26	1	evm.utg2757.26	exact_python_fallback
dark_cluster_002893	evm.utg30548.1	evm.utg30548.1	1	evm.utg30548.1	exact_python_fallback
dark_cluster_002894	evm.utg2303.25	evm.utg2303.25	1	evm.utg2303.25	exact_python_fallback
dark_cluster_002895	utg1056.equina_smart_1429044.mrna1	utg1056.equina_smart_1429044.mrna1	1	utg1056.equina_smart_1429044.mrna1	exact_python_fallback
dark_cluster_002896	utg18118.equina_smart_576235.mrna2	utg18118.equina_smart_576235.mrna2	1	utg18118.equina_smart_576235.mrna2	exact_python_fallback
dark_cluster_002897	utg2601.equina_smart_576235.mrna1	utg2601.equina_smart_576235.mrna1	1	utg2601.equina_smart_576235.mrna1	exact_python_fallback
dark_cluster_002898	evm.utg1249.21	evm.utg1249.21	3	evm.utg1249.21;evm.utg1249.23;evm.utg1249.8	exact_python_fallback
dark_cluster_002898	evm.utg1249.21	evm.utg1249.23	3	evm.utg1249.21;evm.utg1249.23;evm.utg1249.8	exact_python_fallback
dark_cluster_002898	evm.utg1249.21	evm.utg1249.8	3	evm.utg1249.21;evm.utg1249.23;evm.utg1249.8	exact_python_fallback
dark_cluster_002899	evm.utg479.30	evm.utg479.30	1	evm.utg479.30	exact_python_fallback
dark_cluster_002900	evm.utg622.164	evm.utg622.164	1	evm.utg622.164	exact_python_fallback
dark_cluster_002901	evm.utg9668.47	evm.utg9668.47	1	evm.utg9668.47	exact_python_fallback
dark_cluster_002902	evm.utg28737.4	evm.utg28737.4	1	evm.utg28737.4	exact_python_fallback
dark_cluster_002903	utg13.equina_smart_1392176.mrna1	utg13.equina_smart_1392176.mrna1	1	utg13.equina_smart_1392176.mrna1	exact_python_fallback
dark_cluster_002904	evm.utg3178.6	evm.utg3178.6	1	evm.utg3178.6	exact_python_fallback
dark_cluster_002905	evm.utg435.62	evm.utg435.62	1	evm.utg435.62	exact_python_fallback
dark_cluster_002906	evm.utg2733.5	evm.utg2733.5	1	evm.utg2733.5	exact_python_fallback
dark_cluster_002907	evm.utg8892.25	evm.utg8892.25	1	evm.utg8892.25	exact_python_fallback
dark_cluster_002908	evm.utg6392.1	evm.utg6392.1	1	evm.utg6392.1	exact_python_fallback
dark_cluster_002909	evm.utg14731.29	evm.utg14731.29	1	evm.utg14731.29	exact_python_fallback
dark_cluster_002910	evm.utg750.32	evm.utg750.32	1	evm.utg750.32	exact_python_fallback
dark_cluster_002911	utg280.evm.utg2483.36.mrna4	utg280.evm.utg2483.36.mrna4	1	utg280.evm.utg2483.36.mrna4	exact_python_fallback
dark_cluster_002912	evm.utg3753.63	evm.utg3753.63	1	evm.utg3753.63	exact_python_fallback
dark_cluster_002913	evm.utg14160.1	evm.utg14160.1	2	evm.utg14160.1;evm.utg14160.3	exact_python_fallback
dark_cluster_002913	evm.utg14160.1	evm.utg14160.3	2	evm.utg14160.1;evm.utg14160.3	exact_python_fallback
dark_cluster_002914	evm.utg7042.1	evm.utg7042.1	2	evm.utg7042.1;evm.utg7042.4	exact_python_fallback
dark_cluster_002914	evm.utg7042.1	evm.utg7042.4	2	evm.utg7042.1;evm.utg7042.4	exact_python_fallback
dark_cluster_002915	evm.utg144.1	evm.utg144.1	6	evm.utg144.1;evm.utg144.56;evm.utg144.63;evm.utg144.64;evm.utg144.68;evm.utg144.71	exact_python_fallback
dark_cluster_002915	evm.utg144.1	evm.utg144.56	6	evm.utg144.1;evm.utg144.56;evm.utg144.63;evm.utg144.64;evm.utg144.68;evm.utg144.71	exact_python_fallback
dark_cluster_002915	evm.utg144.1	evm.utg144.63	6	evm.utg144.1;evm.utg144.56;evm.utg144.63;evm.utg144.64;evm.utg144.68;evm.utg144.71	exact_python_fallback
dark_cluster_002915	evm.utg144.1	evm.utg144.64	6	evm.utg144.1;evm.utg144.56;evm.utg144.63;evm.utg144.64;evm.utg144.68;evm.utg144.71	exact_python_fallback
dark_cluster_002915	evm.utg144.1	evm.utg144.68	6	evm.utg144.1;evm.utg144.56;evm.utg144.63;evm.utg144.64;evm.utg144.68;evm.utg144.71	exact_python_fallback
dark_cluster_002915	evm.utg144.1	evm.utg144.71	6	evm.utg144.1;evm.utg144.56;evm.utg144.63;evm.utg144.64;evm.utg144.68;evm.utg144.71	exact_python_fallback
dark_cluster_002916	evm.utg3155.3	evm.utg3155.3	1	evm.utg3155.3	exact_python_fallback
dark_cluster_002917	evm.utg2291.38	evm.utg2291.38	1	evm.utg2291.38	exact_python_fallback
dark_cluster_002918	evm.utg1936.2	evm.utg1936.2	1	evm.utg1936.2	exact_python_fallback
dark_cluster_002919	evm.utg1253.67	evm.utg1253.67	2	evm.utg1253.67;evm.utg1253.93	exact_python_fallback
dark_cluster_002919	evm.utg1253.67	evm.utg1253.93	2	evm.utg1253.67;evm.utg1253.93	exact_python_fallback
dark_cluster_002920	evm.utg48491.11	evm.utg48491.11	1	evm.utg48491.11	exact_python_fallback
dark_cluster_002921	evm.utg18125.2	evm.utg18125.2	1	evm.utg18125.2	exact_python_fallback
dark_cluster_002922	evm.utg20679.5	evm.utg20679.5	1	evm.utg20679.5	exact_python_fallback
dark_cluster_002923	evm.utg181.1	evm.utg181.1	1	evm.utg181.1	exact_python_fallback
dark_cluster_002924	evm.utg2070.11	evm.utg2070.11	1	evm.utg2070.11	exact_python_fallback
dark_cluster_002925	evm.utg1032.42	evm.utg1032.42	1	evm.utg1032.42	exact_python_fallback
dark_cluster_002926	evm.utg7264.6	evm.utg7264.6	1	evm.utg7264.6	exact_python_fallback
dark_cluster_002927	utg1498.evm.utg464.87.mrna7	utg1498.evm.utg464.87.mrna7	1	utg1498.evm.utg464.87.mrna7	exact_python_fallback
dark_cluster_002928	utg9194.evm.utg464.87.mrna1	utg9194.evm.utg464.87.mrna1	1	utg9194.evm.utg464.87.mrna1	exact_python_fallback
dark_cluster_002929	utg1056.equina_smart_1781303.mrna1	utg1056.equina_smart_1781303.mrna1	1	utg1056.equina_smart_1781303.mrna1	exact_python_fallback
dark_cluster_002930	evm.utg6792.7	evm.utg6792.7	1	evm.utg6792.7	exact_python_fallback
dark_cluster_002931	utg14280.equina_smart_1880501.mrna4	utg14280.equina_smart_1880501.mrna4	3	utg14280.equina_smart_1880501.mrna4;utg7950.equina_smart_1880501.mrna3;utg882.equina_smart_1880501.mrna2	exact_python_fallback
dark_cluster_002931	utg14280.equina_smart_1880501.mrna4	utg7950.equina_smart_1880501.mrna3	3	utg14280.equina_smart_1880501.mrna4;utg7950.equina_smart_1880501.mrna3;utg882.equina_smart_1880501.mrna2	exact_python_fallback
dark_cluster_002931	utg14280.equina_smart_1880501.mrna4	utg882.equina_smart_1880501.mrna2	3	utg14280.equina_smart_1880501.mrna4;utg7950.equina_smart_1880501.mrna3;utg882.equina_smart_1880501.mrna2	exact_python_fallback
dark_cluster_002932	evm.utg910.87	evm.utg910.87	1	evm.utg910.87	exact_python_fallback
dark_cluster_002933	evm.utg791.23	evm.utg791.23	4	evm.utg791.23;evm.utg791.30;evm.utg791.42;evm.utg791.43	exact_python_fallback
dark_cluster_002933	evm.utg791.23	evm.utg791.30	4	evm.utg791.23;evm.utg791.30;evm.utg791.42;evm.utg791.43	exact_python_fallback
dark_cluster_002933	evm.utg791.23	evm.utg791.42	4	evm.utg791.23;evm.utg791.30;evm.utg791.42;evm.utg791.43	exact_python_fallback
dark_cluster_002933	evm.utg791.23	evm.utg791.43	4	evm.utg791.23;evm.utg791.30;evm.utg791.42;evm.utg791.43	exact_python_fallback
dark_cluster_002934	utg2433.equina_smart_1009887.mrna1	utg2433.equina_smart_1009887.mrna1	1	utg2433.equina_smart_1009887.mrna1	exact_python_fallback
dark_cluster_002935	utg861.equina_smart_1328555.mrna1	utg861.equina_smart_1328555.mrna1	1	utg861.equina_smart_1328555.mrna1	exact_python_fallback
dark_cluster_002936	evm.utg736.60	evm.utg736.60	1	evm.utg736.60	exact_python_fallback
dark_cluster_002937	evm.utg4082.70	evm.utg4082.70	1	evm.utg4082.70	exact_python_fallback
dark_cluster_002938	utg129.equina_smart_1766710.mrna10	utg129.equina_smart_1766710.mrna10	1	utg129.equina_smart_1766710.mrna10	exact_python_fallback
dark_cluster_002939	utg125.equina_smart_1766710.mrna12	utg125.equina_smart_1766710.mrna12	1	utg125.equina_smart_1766710.mrna12	exact_python_fallback
dark_cluster_002940	utg77.equina_smart_1766710.mrna8	utg77.equina_smart_1766710.mrna8	1	utg77.equina_smart_1766710.mrna8	exact_python_fallback
dark_cluster_002941	utg479.equina_smart_1205587.mrna4	utg479.equina_smart_1205587.mrna4	1	utg479.equina_smart_1205587.mrna4	exact_python_fallback
dark_cluster_002942	evm.utg92.83	evm.utg92.83	1	evm.utg92.83	exact_python_fallback
dark_cluster_002943	evm.utg89561.3	evm.utg89561.3	1	evm.utg89561.3	exact_python_fallback
dark_cluster_002944	evm.utg8674.3	evm.utg8674.3	1	evm.utg8674.3	exact_python_fallback
dark_cluster_002945	evm.utg7066.32	evm.utg7066.32	2	evm.utg7066.32;evm.utg7066.42	exact_python_fallback
dark_cluster_002945	evm.utg7066.32	evm.utg7066.42	2	evm.utg7066.32;evm.utg7066.42	exact_python_fallback
dark_cluster_002946	utg29.equina_smart_1776097.mrna2	utg29.equina_smart_1776097.mrna2	1	utg29.equina_smart_1776097.mrna2	exact_python_fallback
dark_cluster_002947	evm.utg1663.55	evm.utg1663.55	1	evm.utg1663.55	exact_python_fallback
dark_cluster_002948	evm.utg10588.22	evm.utg10588.22	1	evm.utg10588.22	exact_python_fallback
dark_cluster_002949	utg351.equina_smart_1408742.mrna1	utg351.equina_smart_1408742.mrna1	1	utg351.equina_smart_1408742.mrna1	exact_python_fallback
dark_cluster_002950	evm.utg18294.28	evm.utg18294.28	1	evm.utg18294.28	exact_python_fallback
dark_cluster_002951	evm.utg2757.37	evm.utg2757.37	1	evm.utg2757.37	exact_python_fallback
dark_cluster_002952	evm.utg2901.10	evm.utg2901.10	1	evm.utg2901.10	exact_python_fallback
dark_cluster_002953	evm.utg5960.16	evm.utg5960.16	1	evm.utg5960.16	exact_python_fallback
dark_cluster_002954	evm.utg42902.1	evm.utg42902.1	1	evm.utg42902.1	exact_python_fallback
dark_cluster_002955	utg16036.equina_smart_269302.mrna1	utg16036.equina_smart_269302.mrna1	1	utg16036.equina_smart_269302.mrna1	exact_python_fallback
dark_cluster_002956	utg2343.equina_smart_410645.mrna1	utg2343.equina_smart_410645.mrna1	1	utg2343.equina_smart_410645.mrna1	exact_python_fallback
dark_cluster_002957	evm.utg4207.15	evm.utg4207.15	1	evm.utg4207.15	exact_python_fallback
dark_cluster_002958	utg616.equina_smart_1792832.mrna1	utg616.equina_smart_1792832.mrna1	1	utg616.equina_smart_1792832.mrna1	exact_python_fallback
dark_cluster_002959	evm.utg699.27	evm.utg699.27	1	evm.utg699.27	exact_python_fallback
dark_cluster_002960	evm.utg1172.5	evm.utg1172.5	1	evm.utg1172.5	exact_python_fallback
dark_cluster_002961	evm.utg7549.25	evm.utg7549.25	1	evm.utg7549.25	exact_python_fallback
dark_cluster_002962	evm.utg298.108	evm.utg298.108	1	evm.utg298.108	exact_python_fallback
dark_cluster_002963	evm.utg31945.19	evm.utg31945.19	1	evm.utg31945.19	exact_python_fallback
dark_cluster_002964	evm.utg15813.15	evm.utg15813.15	1	evm.utg15813.15	exact_python_fallback
dark_cluster_002965	evm.utg3986.19	evm.utg3986.19	1	evm.utg3986.19	exact_python_fallback
dark_cluster_002966	evm.utg5157.6	evm.utg5157.6	1	evm.utg5157.6	exact_python_fallback
dark_cluster_002967	evm.utg1846.74	evm.utg1846.74	1	evm.utg1846.74	exact_python_fallback
dark_cluster_002968	evm.utg888.11	evm.utg888.11	1	evm.utg888.11	exact_python_fallback
dark_cluster_002969	evm.utg6334.18	evm.utg6334.18	1	evm.utg6334.18	exact_python_fallback
dark_cluster_002970	utg379.equina_smart_386095.mrna1	utg379.equina_smart_386095.mrna1	1	utg379.equina_smart_386095.mrna1	exact_python_fallback
dark_cluster_002971	evm.utg2129.119	evm.utg2129.119	1	evm.utg2129.119	exact_python_fallback
dark_cluster_002972	evm.utg3913.10	evm.utg3913.10	4	evm.utg3913.10;evm.utg3913.36;evm.utg3913.42;evm.utg3913.54	exact_python_fallback
dark_cluster_002972	evm.utg3913.10	evm.utg3913.36	4	evm.utg3913.10;evm.utg3913.36;evm.utg3913.42;evm.utg3913.54	exact_python_fallback
dark_cluster_002972	evm.utg3913.10	evm.utg3913.42	4	evm.utg3913.10;evm.utg3913.36;evm.utg3913.42;evm.utg3913.54	exact_python_fallback
dark_cluster_002972	evm.utg3913.10	evm.utg3913.54	4	evm.utg3913.10;evm.utg3913.36;evm.utg3913.42;evm.utg3913.54	exact_python_fallback
dark_cluster_002973	evm.utg77.69	evm.utg77.69	1	evm.utg77.69	exact_python_fallback
dark_cluster_002974	evm.utg2487.18	evm.utg2487.18	1	evm.utg2487.18	exact_python_fallback
dark_cluster_002975	utg324.equina_smart_1763667.mrna1	utg324.equina_smart_1763667.mrna1	1	utg324.equina_smart_1763667.mrna1	exact_python_fallback
dark_cluster_002976	evm.utg3834.3	evm.utg3834.3	1	evm.utg3834.3	exact_python_fallback
dark_cluster_002977	evm.utg109.14	evm.utg109.14	1	evm.utg109.14	exact_python_fallback
dark_cluster_002978	evm.utg729.127	evm.utg729.127	1	evm.utg729.127	exact_python_fallback
dark_cluster_002979	evm.utg432.71	evm.utg432.71	2	evm.utg432.71;evm.utg432.89	exact_python_fallback
dark_cluster_002979	evm.utg432.71	evm.utg432.89	2	evm.utg432.71;evm.utg432.89	exact_python_fallback
dark_cluster_002980	evm.utg255.40	evm.utg255.40	1	evm.utg255.40	exact_python_fallback
dark_cluster_002981	evm.utg209.43	evm.utg209.43	1	evm.utg209.43	exact_python_fallback
dark_cluster_002982	evm.utg14902.20	evm.utg14902.20	1	evm.utg14902.20	exact_python_fallback
dark_cluster_002983	evm.utg1754.1	evm.utg1754.1	3	evm.utg1754.1;evm.utg1754.19;evm.utg1754.59	exact_python_fallback
dark_cluster_002983	evm.utg1754.1	evm.utg1754.19	3	evm.utg1754.1;evm.utg1754.19;evm.utg1754.59	exact_python_fallback
dark_cluster_002983	evm.utg1754.1	evm.utg1754.59	3	evm.utg1754.1;evm.utg1754.19;evm.utg1754.59	exact_python_fallback
dark_cluster_002984	evm.utg30548.10	evm.utg30548.10	1	evm.utg30548.10	exact_python_fallback
dark_cluster_002985	evm.utg5.35	evm.utg5.35	1	evm.utg5.35	exact_python_fallback
dark_cluster_002986	evm.utg1271.38	evm.utg1271.38	1	evm.utg1271.38	exact_python_fallback
dark_cluster_002987	evm.utg3235.20	evm.utg3235.20	1	evm.utg3235.20	exact_python_fallback
dark_cluster_002988	evm.utg9602.16	evm.utg9602.16	1	evm.utg9602.16	exact_python_fallback
dark_cluster_002989	evm.utg116.19	evm.utg116.19	1	evm.utg116.19	exact_python_fallback
dark_cluster_002990	evm.utg11415.54	evm.utg11415.54	1	evm.utg11415.54	exact_python_fallback
dark_cluster_002991	evm.utg868.101	evm.utg868.101	1	evm.utg868.101	exact_python_fallback
dark_cluster_002992	evm.utg186.4	evm.utg186.4	1	evm.utg186.4	exact_python_fallback
dark_cluster_002993	evm.utg1056.38	evm.utg1056.38	2	evm.utg1056.38;evm.utg34096.7	exact_python_fallback
dark_cluster_002993	evm.utg1056.38	evm.utg34096.7	2	evm.utg1056.38;evm.utg34096.7	exact_python_fallback
dark_cluster_002994	utg54.equina_smart_1745750.mrna4	utg54.equina_smart_1745750.mrna4	1	utg54.equina_smart_1745750.mrna4	exact_python_fallback
dark_cluster_002995	utg888.equina_smart_497476.mrna1	utg888.equina_smart_497476.mrna1	1	utg888.equina_smart_497476.mrna1	exact_python_fallback
dark_cluster_002996	utg888.equina_smart_1336907.mrna1	utg888.equina_smart_1336907.mrna1	1	utg888.equina_smart_1336907.mrna1	exact_python_fallback
dark_cluster_002997	utg1931.equina_smart_1577937.mrna1	utg1931.equina_smart_1577937.mrna1	1	utg1931.equina_smart_1577937.mrna1	exact_python_fallback
dark_cluster_002998	utg1285.equina_smart_1688928.mrna1	utg1285.equina_smart_1688928.mrna1	9	utg1285.equina_smart_1688928.mrna1;utg144.equina_smart_1688928.mrna3;utg1694.equina_smart_1688928.mrna11;utg301.equina_smart_1688928.mrna4;utg379.equina_smart_1688928.mrna8;utg420.equina_smart_1688928.mrna5;utg438.equina_smart_1688928.mrna6;utg4614.equina_smart_1688928.mrna7;utg7855.equina_smart_1688928.mrna2	exact_python_fallback
dark_cluster_002998	utg1285.equina_smart_1688928.mrna1	utg144.equina_smart_1688928.mrna3	9	utg1285.equina_smart_1688928.mrna1;utg144.equina_smart_1688928.mrna3;utg1694.equina_smart_1688928.mrna11;utg301.equina_smart_1688928.mrna4;utg379.equina_smart_1688928.mrna8;utg420.equina_smart_1688928.mrna5;utg438.equina_smart_1688928.mrna6;utg4614.equina_smart_1688928.mrna7;utg7855.equina_smart_1688928.mrna2	exact_python_fallback
dark_cluster_002998	utg1285.equina_smart_1688928.mrna1	utg1694.equina_smart_1688928.mrna11	9	utg1285.equina_smart_1688928.mrna1;utg144.equina_smart_1688928.mrna3;utg1694.equina_smart_1688928.mrna11;utg301.equina_smart_1688928.mrna4;utg379.equina_smart_1688928.mrna8;utg420.equina_smart_1688928.mrna5;utg438.equina_smart_1688928.mrna6;utg4614.equina_smart_1688928.mrna7;utg7855.equina_smart_1688928.mrna2	exact_python_fallback
dark_cluster_002998	utg1285.equina_smart_1688928.mrna1	utg301.equina_smart_1688928.mrna4	9	utg1285.equina_smart_1688928.mrna1;utg144.equina_smart_1688928.mrna3;utg1694.equina_smart_1688928.mrna11;utg301.equina_smart_1688928.mrna4;utg379.equina_smart_1688928.mrna8;utg420.equina_smart_1688928.mrna5;utg438.equina_smart_1688928.mrna6;utg4614.equina_smart_1688928.mrna7;utg7855.equina_smart_1688928.mrna2	exact_python_fallback
dark_cluster_002998	utg1285.equina_smart_1688928.mrna1	utg379.equina_smart_1688928.mrna8	9	utg1285.equina_smart_1688928.mrna1;utg144.equina_smart_1688928.mrna3;utg1694.equina_smart_1688928.mrna11;utg301.equina_smart_1688928.mrna4;utg379.equina_smart_1688928.mrna8;utg420.equina_smart_1688928.mrna5;utg438.equina_smart_1688928.mrna6;utg4614.equina_smart_1688928.mrna7;utg7855.equina_smart_1688928.mrna2	exact_python_fallback
dark_cluster_002998	utg1285.equina_smart_1688928.mrna1	utg420.equina_smart_1688928.mrna5	9	utg1285.equina_smart_1688928.mrna1;utg144.equina_smart_1688928.mrna3;utg1694.equina_smart_1688928.mrna11;utg301.equina_smart_1688928.mrna4;utg379.equina_smart_1688928.mrna8;utg420.equina_smart_1688928.mrna5;utg438.equina_smart_1688928.mrna6;utg4614.equina_smart_1688928.mrna7;utg7855.equina_smart_1688928.mrna2	exact_python_fallback
dark_cluster_002998	utg1285.equina_smart_1688928.mrna1	utg438.equina_smart_1688928.mrna6	9	utg1285.equina_smart_1688928.mrna1;utg144.equina_smart_1688928.mrna3;utg1694.equina_smart_1688928.mrna11;utg301.equina_smart_1688928.mrna4;utg379.equina_smart_1688928.mrna8;utg420.equina_smart_1688928.mrna5;utg438.equina_smart_1688928.mrna6;utg4614.equina_smart_1688928.mrna7;utg7855.equina_smart_1688928.mrna2	exact_python_fallback
dark_cluster_002998	utg1285.equina_smart_1688928.mrna1	utg4614.equina_smart_1688928.mrna7	9	utg1285.equina_smart_1688928.mrna1;utg144.equina_smart_1688928.mrna3;utg1694.equina_smart_1688928.mrna11;utg301.equina_smart_1688928.mrna4;utg379.equina_smart_1688928.mrna8;utg420.equina_smart_1688928.mrna5;utg438.equina_smart_1688928.mrna6;utg4614.equina_smart_1688928.mrna7;utg7855.equina_smart_1688928.mrna2	exact_python_fallback
dark_cluster_002998	utg1285.equina_smart_1688928.mrna1	utg7855.equina_smart_1688928.mrna2	9	utg1285.equina_smart_1688928.mrna1;utg144.equina_smart_1688928.mrna3;utg1694.equina_smart_1688928.mrna11;utg301.equina_smart_1688928.mrna4;utg379.equina_smart_1688928.mrna8;utg420.equina_smart_1688928.mrna5;utg438.equina_smart_1688928.mrna6;utg4614.equina_smart_1688928.mrna7;utg7855.equina_smart_1688928.mrna2	exact_python_fallback
dark_cluster_002999	utg10114.equina_smart_1467504.mrna1	utg10114.equina_smart_1467504.mrna1	2	utg10114.equina_smart_1467504.mrna1;utg10114.equina_smart_1467504.mrna2	exact_python_fallback
dark_cluster_002999	utg10114.equina_smart_1467504.mrna1	utg10114.equina_smart_1467504.mrna2	2	utg10114.equina_smart_1467504.mrna1;utg10114.equina_smart_1467504.mrna2	exact_python_fallback
dark_cluster_003000	utg791.equina_smart_1526062.mrna2	utg791.equina_smart_1526062.mrna2	1	utg791.equina_smart_1526062.mrna2	exact_python_fallback
dark_cluster_003001	evm.utg207.125	evm.utg207.125	1	evm.utg207.125	exact_python_fallback
dark_cluster_003002	evm.utg18633.25	evm.utg18633.25	1	evm.utg18633.25	exact_python_fallback
dark_cluster_003003	utg3839.equina_smart_330771.mrna1	utg3839.equina_smart_330771.mrna1	1	utg3839.equina_smart_330771.mrna1	exact_python_fallback
dark_cluster_003004	utg1230.equina_smart_1141811.mrna1	utg1230.equina_smart_1141811.mrna1	1	utg1230.equina_smart_1141811.mrna1	exact_python_fallback
dark_cluster_003005	evm.utg1890.15	evm.utg1890.15	1	evm.utg1890.15	exact_python_fallback
dark_cluster_003006	evm.utg4398.1	evm.utg4398.1	8	evm.utg4398.1;evm.utg4398.12;evm.utg4398.13;evm.utg4398.14;evm.utg4398.20;evm.utg4398.21;evm.utg4398.8;evm.utg4398.9	exact_python_fallback
dark_cluster_003006	evm.utg4398.1	evm.utg4398.12	8	evm.utg4398.1;evm.utg4398.12;evm.utg4398.13;evm.utg4398.14;evm.utg4398.20;evm.utg4398.21;evm.utg4398.8;evm.utg4398.9	exact_python_fallback
dark_cluster_003006	evm.utg4398.1	evm.utg4398.13	8	evm.utg4398.1;evm.utg4398.12;evm.utg4398.13;evm.utg4398.14;evm.utg4398.20;evm.utg4398.21;evm.utg4398.8;evm.utg4398.9	exact_python_fallback
dark_cluster_003006	evm.utg4398.1	evm.utg4398.14	8	evm.utg4398.1;evm.utg4398.12;evm.utg4398.13;evm.utg4398.14;evm.utg4398.20;evm.utg4398.21;evm.utg4398.8;evm.utg4398.9	exact_python_fallback
dark_cluster_003006	evm.utg4398.1	evm.utg4398.20	8	evm.utg4398.1;evm.utg4398.12;evm.utg4398.13;evm.utg4398.14;evm.utg4398.20;evm.utg4398.21;evm.utg4398.8;evm.utg4398.9	exact_python_fallback
dark_cluster_003006	evm.utg4398.1	evm.utg4398.21	8	evm.utg4398.1;evm.utg4398.12;evm.utg4398.13;evm.utg4398.14;evm.utg4398.20;evm.utg4398.21;evm.utg4398.8;evm.utg4398.9	exact_python_fallback
dark_cluster_003006	evm.utg4398.1	evm.utg4398.8	8	evm.utg4398.1;evm.utg4398.12;evm.utg4398.13;evm.utg4398.14;evm.utg4398.20;evm.utg4398.21;evm.utg4398.8;evm.utg4398.9	exact_python_fallback
dark_cluster_003006	evm.utg4398.1	evm.utg4398.9	8	evm.utg4398.1;evm.utg4398.12;evm.utg4398.13;evm.utg4398.14;evm.utg4398.20;evm.utg4398.21;evm.utg4398.8;evm.utg4398.9	exact_python_fallback
dark_cluster_003007	evm.utg1056.8	evm.utg1056.8	1	evm.utg1056.8	exact_python_fallback
dark_cluster_003008	evm.utg3669.5	evm.utg3669.5	1	evm.utg3669.5	exact_python_fallback
dark_cluster_003009	evm.utg410.10	evm.utg410.10	2	evm.utg410.10;evm.utg410.2	exact_python_fallback
dark_cluster_003009	evm.utg410.10	evm.utg410.2	2	evm.utg410.10;evm.utg410.2	exact_python_fallback
dark_cluster_003010	evm.utg1683.29	evm.utg1683.29	1	evm.utg1683.29	exact_python_fallback
dark_cluster_003011	evm.utg1404.20	evm.utg1404.20	1	evm.utg1404.20	exact_python_fallback
dark_cluster_003012	evm.utg237.31	evm.utg237.31	1	evm.utg237.31	exact_python_fallback
dark_cluster_003013	evm.utg978.2	evm.utg978.2	1	evm.utg978.2	exact_python_fallback
dark_cluster_003014	evm.utg3878.40	evm.utg3878.40	3	evm.utg3878.40;evm.utg3878.44;evm.utg3878.47	exact_python_fallback
dark_cluster_003014	evm.utg3878.40	evm.utg3878.44	3	evm.utg3878.40;evm.utg3878.44;evm.utg3878.47	exact_python_fallback
dark_cluster_003014	evm.utg3878.40	evm.utg3878.47	3	evm.utg3878.40;evm.utg3878.44;evm.utg3878.47	exact_python_fallback
dark_cluster_003015	evm.utg320.144	evm.utg320.144	1	evm.utg320.144	exact_python_fallback
dark_cluster_003016	utg7977.equina_smart_1669401.mrna1	utg7977.equina_smart_1669401.mrna1	1	utg7977.equina_smart_1669401.mrna1	exact_python_fallback
dark_cluster_003017	evm.utg3235.2	evm.utg3235.2	1	evm.utg3235.2	exact_python_fallback
dark_cluster_003018	evm.utg8892.22	evm.utg8892.22	1	evm.utg8892.22	exact_python_fallback
dark_cluster_003019	evm.utg4326.35	evm.utg4326.35	1	evm.utg4326.35	exact_python_fallback
dark_cluster_003020	evm.utg1079.15	evm.utg1079.15	5	evm.utg1079.15;evm.utg1079.30;evm.utg1079.44;evm.utg1079.49;evm.utg1079.53	exact_python_fallback
dark_cluster_003020	evm.utg1079.15	evm.utg1079.30	5	evm.utg1079.15;evm.utg1079.30;evm.utg1079.44;evm.utg1079.49;evm.utg1079.53	exact_python_fallback
dark_cluster_003020	evm.utg1079.15	evm.utg1079.44	5	evm.utg1079.15;evm.utg1079.30;evm.utg1079.44;evm.utg1079.49;evm.utg1079.53	exact_python_fallback
dark_cluster_003020	evm.utg1079.15	evm.utg1079.49	5	evm.utg1079.15;evm.utg1079.30;evm.utg1079.44;evm.utg1079.49;evm.utg1079.53	exact_python_fallback
dark_cluster_003020	evm.utg1079.15	evm.utg1079.53	5	evm.utg1079.15;evm.utg1079.30;evm.utg1079.44;evm.utg1079.49;evm.utg1079.53	exact_python_fallback
dark_cluster_003021	utg55.equina_smart_1393778.mrna1	utg55.equina_smart_1393778.mrna1	1	utg55.equina_smart_1393778.mrna1	exact_python_fallback
dark_cluster_003022	evm.utg3467.4	evm.utg3467.4	1	evm.utg3467.4	exact_python_fallback
dark_cluster_003023	evm.utg401.23	evm.utg401.23	1	evm.utg401.23	exact_python_fallback
dark_cluster_003024	evm.utg298.84	evm.utg298.84	1	evm.utg298.84	exact_python_fallback
dark_cluster_003025	evm.utg18118.11	evm.utg18118.11	1	evm.utg18118.11	exact_python_fallback
dark_cluster_003026	evm.utg3019.65	evm.utg3019.65	1	evm.utg3019.65	exact_python_fallback
dark_cluster_003027	evm.utg370.57	evm.utg370.57	1	evm.utg370.57	exact_python_fallback
dark_cluster_003028	evm.utg4716.49	evm.utg4716.49	1	evm.utg4716.49	exact_python_fallback
dark_cluster_003029	evm.utg116.295	evm.utg116.295	1	evm.utg116.295	exact_python_fallback
dark_cluster_003030	evm.utg3986.10	evm.utg3986.10	1	evm.utg3986.10	exact_python_fallback
dark_cluster_003031	evm.utg17612.30	evm.utg17612.30	1	evm.utg17612.30	exact_python_fallback
dark_cluster_003032	evm.utg7083.1	evm.utg7083.1	1	evm.utg7083.1	exact_python_fallback
dark_cluster_003033	evm.utg2071.84	evm.utg2071.84	1	evm.utg2071.84	exact_python_fallback
dark_cluster_003034	evm.utg855.6	evm.utg855.6	1	evm.utg855.6	exact_python_fallback
dark_cluster_003035	utg3753.equina_smart_1451669.mrna1	utg3753.equina_smart_1451669.mrna1	1	utg3753.equina_smart_1451669.mrna1	exact_python_fallback
dark_cluster_003036	evm.utg417.26	evm.utg417.26	1	evm.utg417.26	exact_python_fallback
dark_cluster_003037	evm.utg542.31	evm.utg542.31	1	evm.utg542.31	exact_python_fallback
dark_cluster_003038	evm.utg389.72	evm.utg389.72	1	evm.utg389.72	exact_python_fallback
dark_cluster_003039	evm.utg32055.3	evm.utg32055.3	1	evm.utg32055.3	exact_python_fallback
dark_cluster_003040	evm.utg2073.35	evm.utg2073.35	1	evm.utg2073.35	exact_python_fallback
dark_cluster_003041	evm.utg64.13	evm.utg64.13	1	evm.utg64.13	exact_python_fallback
dark_cluster_003042	evm.utg6875.13	evm.utg6875.13	1	evm.utg6875.13	exact_python_fallback
dark_cluster_003043	evm.utg1910.99	evm.utg1910.99	1	evm.utg1910.99	exact_python_fallback
dark_cluster_003044	evm.utg4428.5	evm.utg4428.5	1	evm.utg4428.5	exact_python_fallback
dark_cluster_003045	evm.utg4428.14	evm.utg4428.14	1	evm.utg4428.14	exact_python_fallback
dark_cluster_003046	evm.utg2757.47	evm.utg2757.47	1	evm.utg2757.47	exact_python_fallback
dark_cluster_003047	evm.utg1345.60	evm.utg1345.60	1	evm.utg1345.60	exact_python_fallback
dark_cluster_003048	evm.utg23189.1	evm.utg23189.1	1	evm.utg23189.1	exact_python_fallback
dark_cluster_003049	utg101.equina_smart_1822695.mrna1	utg101.equina_smart_1822695.mrna1	1	utg101.equina_smart_1822695.mrna1	exact_python_fallback
dark_cluster_003050	evm.utg597.42	evm.utg597.42	1	evm.utg597.42	exact_python_fallback
dark_cluster_003051	evm.utg536.21	evm.utg536.21	1	evm.utg536.21	exact_python_fallback
dark_cluster_003052	evm.utg11497.4	evm.utg11497.4	1	evm.utg11497.4	exact_python_fallback
dark_cluster_003053	evm.utg19590.19	evm.utg19590.19	1	evm.utg19590.19	exact_python_fallback
dark_cluster_003054	evm.utg379.10	evm.utg379.10	3	evm.utg379.10;evm.utg498.74;evm.utg5414.24	exact_python_fallback
dark_cluster_003054	evm.utg379.10	evm.utg498.74	3	evm.utg379.10;evm.utg498.74;evm.utg5414.24	exact_python_fallback
dark_cluster_003054	evm.utg379.10	evm.utg5414.24	3	evm.utg379.10;evm.utg498.74;evm.utg5414.24	exact_python_fallback
dark_cluster_003055	evm.utg320.138	evm.utg320.138	1	evm.utg320.138	exact_python_fallback
dark_cluster_003056	evm.utg60619.1	evm.utg60619.1	2	evm.utg60619.1;evm.utg7616.2	exact_python_fallback
dark_cluster_003056	evm.utg60619.1	evm.utg7616.2	2	evm.utg60619.1;evm.utg7616.2	exact_python_fallback
dark_cluster_003057	evm.utg1846.103	evm.utg1846.103	1	evm.utg1846.103	exact_python_fallback
dark_cluster_003058	evm.utg13050.2	evm.utg13050.2	1	evm.utg13050.2	exact_python_fallback
dark_cluster_003059	evm.utg2201.13	evm.utg2201.13	1	evm.utg2201.13	exact_python_fallback
dark_cluster_003060	evm.utg10709.1	evm.utg10709.1	1	evm.utg10709.1	exact_python_fallback
dark_cluster_003061	evm.utg1748.1	evm.utg1748.1	1	evm.utg1748.1	exact_python_fallback
dark_cluster_003062	evm.utg38965.1	evm.utg38965.1	1	evm.utg38965.1	exact_python_fallback
dark_cluster_003063	evm.utg9194.10	evm.utg9194.10	3	evm.utg9194.10;evm.utg9194.4;evm.utg9194.7	exact_python_fallback
dark_cluster_003063	evm.utg9194.10	evm.utg9194.4	3	evm.utg9194.10;evm.utg9194.4;evm.utg9194.7	exact_python_fallback
dark_cluster_003063	evm.utg9194.10	evm.utg9194.7	3	evm.utg9194.10;evm.utg9194.4;evm.utg9194.7	exact_python_fallback
dark_cluster_003064	evm.utg213.15	evm.utg213.15	1	evm.utg213.15	exact_python_fallback
dark_cluster_003065	evm.utg378.69	evm.utg378.69	1	evm.utg378.69	exact_python_fallback
dark_cluster_003066	evm.utg2129.57	evm.utg2129.57	1	evm.utg2129.57	exact_python_fallback
dark_cluster_003067	evm.utg372.46	evm.utg372.46	1	evm.utg372.46	exact_python_fallback
dark_cluster_003068	evm.utg2529.29	evm.utg2529.29	1	evm.utg2529.29	exact_python_fallback
dark_cluster_003069	evm.utg92.56	evm.utg92.56	1	evm.utg92.56	exact_python_fallback
dark_cluster_003070	evm.utg1271.113	evm.utg1271.113	1	evm.utg1271.113	exact_python_fallback
dark_cluster_003071	evm.utg207.114	evm.utg207.114	1	evm.utg207.114	exact_python_fallback
dark_cluster_003072	evm.utg5414.43	evm.utg5414.43	1	evm.utg5414.43	exact_python_fallback
dark_cluster_003073	evm.utg6423.10	evm.utg6423.10	1	evm.utg6423.10	exact_python_fallback
dark_cluster_003074	evm.utg2526.31	evm.utg2526.31	1	evm.utg2526.31	exact_python_fallback
dark_cluster_003075	evm.utg125.96	evm.utg125.96	1	evm.utg125.96	exact_python_fallback
dark_cluster_003076	evm.utg1271.72	evm.utg1271.72	1	evm.utg1271.72	exact_python_fallback
dark_cluster_003077	evm.utg3884.2	evm.utg3884.2	1	evm.utg3884.2	exact_python_fallback
dark_cluster_003078	evm.utg1271.117	evm.utg1271.117	1	evm.utg1271.117	exact_python_fallback
dark_cluster_003079	evm.utg1465.6	evm.utg1465.6	1	evm.utg1465.6	exact_python_fallback
dark_cluster_003080	utg6401.equina_smart_1460874.mrna1	utg6401.equina_smart_1460874.mrna1	1	utg6401.equina_smart_1460874.mrna1	exact_python_fallback
dark_cluster_003081	utg2801.equina_smart_402164.mrna1	utg2801.equina_smart_402164.mrna1	1	utg2801.equina_smart_402164.mrna1	exact_python_fallback
dark_cluster_003082	evm.utg73.110	evm.utg73.110	1	evm.utg73.110	exact_python_fallback
dark_cluster_003083	evm.utg699.96	evm.utg699.96	1	evm.utg699.96	exact_python_fallback
dark_cluster_003084	evm.utg411.147	evm.utg411.147	2	evm.utg411.147;utg1581.equina_smart_1412230.mrna2	exact_python_fallback
dark_cluster_003084	evm.utg411.147	utg1581.equina_smart_1412230.mrna2	2	evm.utg411.147;utg1581.equina_smart_1412230.mrna2	exact_python_fallback
dark_cluster_003085	utg379.equina_smart_1412230.mrna3	utg379.equina_smart_1412230.mrna3	1	utg379.equina_smart_1412230.mrna3	exact_python_fallback
dark_cluster_003086	evm.utg3019.13	evm.utg3019.13	5	evm.utg3019.13;evm.utg3019.18;evm.utg3019.19;evm.utg3019.35;evm.utg3019.47	exact_python_fallback
dark_cluster_003086	evm.utg3019.13	evm.utg3019.18	5	evm.utg3019.13;evm.utg3019.18;evm.utg3019.19;evm.utg3019.35;evm.utg3019.47	exact_python_fallback
dark_cluster_003086	evm.utg3019.13	evm.utg3019.19	5	evm.utg3019.13;evm.utg3019.18;evm.utg3019.19;evm.utg3019.35;evm.utg3019.47	exact_python_fallback
dark_cluster_003086	evm.utg3019.13	evm.utg3019.35	5	evm.utg3019.13;evm.utg3019.18;evm.utg3019.19;evm.utg3019.35;evm.utg3019.47	exact_python_fallback
dark_cluster_003086	evm.utg3019.13	evm.utg3019.47	5	evm.utg3019.13;evm.utg3019.18;evm.utg3019.19;evm.utg3019.35;evm.utg3019.47	exact_python_fallback
dark_cluster_003087	evm.utg13474.31	evm.utg13474.31	1	evm.utg13474.31	exact_python_fallback
dark_cluster_003088	evm.utg77.143	evm.utg77.143	1	evm.utg77.143	exact_python_fallback
dark_cluster_003089	evm.utg648.43	evm.utg648.43	2	evm.utg648.43;evm.utg648.56	exact_python_fallback
dark_cluster_003089	evm.utg648.43	evm.utg648.56	2	evm.utg648.43;evm.utg648.56	exact_python_fallback
dark_cluster_003090	evm.utg736.64	evm.utg736.64	1	evm.utg736.64	exact_python_fallback
dark_cluster_003091	evm.utg696.32	evm.utg696.32	1	evm.utg696.32	exact_python_fallback
dark_cluster_003092	utg3284.equina_smart_1449476.mrna1	utg3284.equina_smart_1449476.mrna1	1	utg3284.equina_smart_1449476.mrna1	exact_python_fallback
dark_cluster_003093	evm.utg2200.12	evm.utg2200.12	2	evm.utg2200.12;evm.utg2200.46	exact_python_fallback
dark_cluster_003093	evm.utg2200.12	evm.utg2200.46	2	evm.utg2200.12;evm.utg2200.46	exact_python_fallback
dark_cluster_003094	evm.utg612.20	evm.utg612.20	1	evm.utg612.20	exact_python_fallback
dark_cluster_003095	evm.utg7066.24	evm.utg7066.24	1	evm.utg7066.24	exact_python_fallback
dark_cluster_003096	evm.utg3197.21	evm.utg3197.21	1	evm.utg3197.21	exact_python_fallback
dark_cluster_003097	evm.utg9284.8	evm.utg9284.8	1	evm.utg9284.8	exact_python_fallback
dark_cluster_003098	evm.utg17612.8	evm.utg17612.8	1	evm.utg17612.8	exact_python_fallback
dark_cluster_003099	evm.utg5370.2	evm.utg5370.2	2	evm.utg5370.2;evm.utg5370.40	exact_python_fallback
dark_cluster_003099	evm.utg5370.2	evm.utg5370.40	2	evm.utg5370.2;evm.utg5370.40	exact_python_fallback
dark_cluster_003100	utg14007.equina_smart_1075169.mrna1	utg14007.equina_smart_1075169.mrna1	1	utg14007.equina_smart_1075169.mrna1	exact_python_fallback
dark_cluster_003101	utg978.equina_smart_423080.mrna1	utg978.equina_smart_423080.mrna1	2	utg978.equina_smart_423080.mrna1;utg978.equina_smart_423080.mrna2	exact_python_fallback
dark_cluster_003101	utg978.equina_smart_423080.mrna1	utg978.equina_smart_423080.mrna2	2	utg978.equina_smart_423080.mrna1;utg978.equina_smart_423080.mrna2	exact_python_fallback
dark_cluster_003102	evm.utg4.71	evm.utg4.71	1	evm.utg4.71	exact_python_fallback
dark_cluster_003103	utg82.equina_smart_1625843.mrna2	utg82.equina_smart_1625843.mrna2	1	utg82.equina_smart_1625843.mrna2	exact_python_fallback
dark_cluster_003104	evm.utg55.110	evm.utg55.110	1	evm.utg55.110	exact_python_fallback
dark_cluster_003105	utg401.equina_smart_1411578.mrna1	utg401.equina_smart_1411578.mrna1	1	utg401.equina_smart_1411578.mrna1	exact_python_fallback
dark_cluster_003106	evm.utg2690.4	evm.utg2690.4	1	evm.utg2690.4	exact_python_fallback
dark_cluster_003107	utg5716.equina_smart_1692402.mrna10	utg5716.equina_smart_1692402.mrna10	1	utg5716.equina_smart_1692402.mrna10	exact_python_fallback
dark_cluster_003108	utg4130.equina_smart_1692402.mrna1	utg4130.equina_smart_1692402.mrna1	1	utg4130.equina_smart_1692402.mrna1	exact_python_fallback
dark_cluster_003109	utg2343.equina_smart_1692402.mrna7	utg2343.equina_smart_1692402.mrna7	1	utg2343.equina_smart_1692402.mrna7	exact_python_fallback
dark_cluster_003110	utg30548.equina_smart_1692402.mrna12	utg30548.equina_smart_1692402.mrna12	1	utg30548.equina_smart_1692402.mrna12	exact_python_fallback
dark_cluster_003111	utg3622.equina_smart_297983.mrna1	utg3622.equina_smart_297983.mrna1	1	utg3622.equina_smart_297983.mrna1	exact_python_fallback
dark_cluster_003112	evm.utg112.15	evm.utg112.15	1	evm.utg112.15	exact_python_fallback
dark_cluster_003113	evm.utg178.45	evm.utg178.45	1	evm.utg178.45	exact_python_fallback
dark_cluster_003114	evm.utg116.224	evm.utg116.224	1	evm.utg116.224	exact_python_fallback
dark_cluster_003115	evm.utg152524.3	evm.utg152524.3	1	evm.utg152524.3	exact_python_fallback
dark_cluster_003116	evm.utg567.2	evm.utg567.2	1	evm.utg567.2	exact_python_fallback
dark_cluster_003117	evm.utg7145.27	evm.utg7145.27	1	evm.utg7145.27	exact_python_fallback
dark_cluster_003118	evm.utg6669.24	evm.utg6669.24	1	evm.utg6669.24	exact_python_fallback
dark_cluster_003119	evm.utg219.83	evm.utg219.83	1	evm.utg219.83	exact_python_fallback
dark_cluster_003120	evm.utg622.76	evm.utg622.76	1	evm.utg622.76	exact_python_fallback
dark_cluster_003121	evm.utg1281.37	evm.utg1281.37	1	evm.utg1281.37	exact_python_fallback
dark_cluster_003122	utg364.equina_smart_1779682.mrna1	utg364.equina_smart_1779682.mrna1	1	utg364.equina_smart_1779682.mrna1	exact_python_fallback
dark_cluster_003123	utg1663.equina_smart_1267573.mrna9	utg1663.equina_smart_1267573.mrna9	1	utg1663.equina_smart_1267573.mrna9	exact_python_fallback
dark_cluster_003124	evm.utg6677.10	evm.utg6677.10	1	evm.utg6677.10	exact_python_fallback
dark_cluster_003125	evm.utg4428.18	evm.utg4428.18	1	evm.utg4428.18	exact_python_fallback
dark_cluster_003126	evm.utg4428.10	evm.utg4428.10	1	evm.utg4428.10	exact_python_fallback
dark_cluster_003127	evm.utg1205.156	evm.utg1205.156	1	evm.utg1205.156	exact_python_fallback
dark_cluster_003128	evm.utg1205.160	evm.utg1205.160	1	evm.utg1205.160	exact_python_fallback
dark_cluster_003129	evm.utg3871.15	evm.utg3871.15	1	evm.utg3871.15	exact_python_fallback
dark_cluster_003130	evm.utg13.1	evm.utg13.1	6	evm.utg13.1;evm.utg13.31;evm.utg13.32;evm.utg13.49;evm.utg13.64;evm.utg13.9	exact_python_fallback
dark_cluster_003130	evm.utg13.1	evm.utg13.31	6	evm.utg13.1;evm.utg13.31;evm.utg13.32;evm.utg13.49;evm.utg13.64;evm.utg13.9	exact_python_fallback
dark_cluster_003130	evm.utg13.1	evm.utg13.32	6	evm.utg13.1;evm.utg13.31;evm.utg13.32;evm.utg13.49;evm.utg13.64;evm.utg13.9	exact_python_fallback
dark_cluster_003130	evm.utg13.1	evm.utg13.49	6	evm.utg13.1;evm.utg13.31;evm.utg13.32;evm.utg13.49;evm.utg13.64;evm.utg13.9	exact_python_fallback
dark_cluster_003130	evm.utg13.1	evm.utg13.64	6	evm.utg13.1;evm.utg13.31;evm.utg13.32;evm.utg13.49;evm.utg13.64;evm.utg13.9	exact_python_fallback
dark_cluster_003130	evm.utg13.1	evm.utg13.9	6	evm.utg13.1;evm.utg13.31;evm.utg13.32;evm.utg13.49;evm.utg13.64;evm.utg13.9	exact_python_fallback
dark_cluster_003131	evm.utg19866.1	evm.utg19866.1	1	evm.utg19866.1	exact_python_fallback
dark_cluster_003132	evm.utg49040.3	evm.utg49040.3	1	evm.utg49040.3	exact_python_fallback
dark_cluster_003133	evm.utg4155.16	evm.utg4155.16	1	evm.utg4155.16	exact_python_fallback
dark_cluster_003134	utg2428.equina_smart_29666.mrna1	utg2428.equina_smart_29666.mrna1	1	utg2428.equina_smart_29666.mrna1	exact_python_fallback
dark_cluster_003135	utg8494.equina_smart_1465062.mrna1	utg8494.equina_smart_1465062.mrna1	1	utg8494.equina_smart_1465062.mrna1	exact_python_fallback
dark_cluster_003136	evm.utg707.5	evm.utg707.5	1	evm.utg707.5	exact_python_fallback
dark_cluster_003137	evm.utg797.14	evm.utg797.14	7	evm.utg797.14;evm.utg797.15;evm.utg797.16;evm.utg797.17;evm.utg797.2;evm.utg797.20;evm.utg797.8	exact_python_fallback
dark_cluster_003137	evm.utg797.14	evm.utg797.15	7	evm.utg797.14;evm.utg797.15;evm.utg797.16;evm.utg797.17;evm.utg797.2;evm.utg797.20;evm.utg797.8	exact_python_fallback
dark_cluster_003137	evm.utg797.14	evm.utg797.16	7	evm.utg797.14;evm.utg797.15;evm.utg797.16;evm.utg797.17;evm.utg797.2;evm.utg797.20;evm.utg797.8	exact_python_fallback
dark_cluster_003137	evm.utg797.14	evm.utg797.17	7	evm.utg797.14;evm.utg797.15;evm.utg797.16;evm.utg797.17;evm.utg797.2;evm.utg797.20;evm.utg797.8	exact_python_fallback
dark_cluster_003137	evm.utg797.14	evm.utg797.2	7	evm.utg797.14;evm.utg797.15;evm.utg797.16;evm.utg797.17;evm.utg797.2;evm.utg797.20;evm.utg797.8	exact_python_fallback
dark_cluster_003137	evm.utg797.14	evm.utg797.20	7	evm.utg797.14;evm.utg797.15;evm.utg797.16;evm.utg797.17;evm.utg797.2;evm.utg797.20;evm.utg797.8	exact_python_fallback
dark_cluster_003137	evm.utg797.14	evm.utg797.8	7	evm.utg797.14;evm.utg797.15;evm.utg797.16;evm.utg797.17;evm.utg797.2;evm.utg797.20;evm.utg797.8	exact_python_fallback
dark_cluster_003138	evm.utg401.29	evm.utg401.29	1	evm.utg401.29	exact_python_fallback
dark_cluster_003139	evm.utg1056.75	evm.utg1056.75	1	evm.utg1056.75	exact_python_fallback
dark_cluster_003140	utg2070.equina_smart_926960.mrna3	utg2070.equina_smart_926960.mrna3	1	utg2070.equina_smart_926960.mrna3	exact_python_fallback
dark_cluster_003141	evm.utg4716.40	evm.utg4716.40	1	evm.utg4716.40	exact_python_fallback
dark_cluster_003142	utg55.equina_smart_1394326.mrna1	utg55.equina_smart_1394326.mrna1	1	utg55.equina_smart_1394326.mrna1	exact_python_fallback
dark_cluster_003143	evm.utg1569.4	evm.utg1569.4	1	evm.utg1569.4	exact_python_fallback
dark_cluster_003144	utg622.equina_smart_1419649.mrna1	utg622.equina_smart_1419649.mrna1	1	utg622.equina_smart_1419649.mrna1	exact_python_fallback
dark_cluster_003145	evm.utg6610.12	evm.utg6610.12	2	evm.utg6610.12;evm.utg6610.13	exact_python_fallback
dark_cluster_003145	evm.utg6610.12	evm.utg6610.13	2	evm.utg6610.12;evm.utg6610.13	exact_python_fallback
dark_cluster_003146	evm.utg1900.28	evm.utg1900.28	1	evm.utg1900.28	exact_python_fallback
dark_cluster_003147	utg1609.equina_smart_1617611.mrna1	utg1609.equina_smart_1617611.mrna1	1	utg1609.equina_smart_1617611.mrna1	exact_python_fallback
dark_cluster_003148	evm.utg5652.36	evm.utg5652.36	1	evm.utg5652.36	exact_python_fallback
dark_cluster_003149	evm.utg1468.11	evm.utg1468.11	2	evm.utg1468.11;evm.utg1468.9	exact_python_fallback
dark_cluster_003149	evm.utg1468.11	evm.utg1468.9	2	evm.utg1468.11;evm.utg1468.9	exact_python_fallback
dark_cluster_003150	evm.utg1694.23	evm.utg1694.23	1	evm.utg1694.23	exact_python_fallback
dark_cluster_003151	evm.utg4455.86	evm.utg4455.86	1	evm.utg4455.86	exact_python_fallback
dark_cluster_003152	evm.utg17612.9	evm.utg17612.9	1	evm.utg17612.9	exact_python_fallback
dark_cluster_003153	evm.utg5454.17	evm.utg5454.17	1	evm.utg5454.17	exact_python_fallback
dark_cluster_003154	evm.utg910.56	evm.utg910.56	1	evm.utg910.56	exact_python_fallback
dark_cluster_003155	evm.utg910.61	evm.utg910.61	1	evm.utg910.61	exact_python_fallback
dark_cluster_003156	evm.utg910.59.60	evm.utg910.59.60	1	evm.utg910.59.60	exact_python_fallback
dark_cluster_003157	evm.utg92.127	evm.utg92.127	1	evm.utg92.127	exact_python_fallback
dark_cluster_003158	evm.utg8892.13	evm.utg8892.13	1	evm.utg8892.13	exact_python_fallback
dark_cluster_003159	evm.utg1846.93	evm.utg1846.93	1	evm.utg1846.93	exact_python_fallback
dark_cluster_003160	evm.utg8851.33	evm.utg8851.33	1	evm.utg8851.33	exact_python_fallback
dark_cluster_003161	evm.utg18927.17	evm.utg18927.17	1	evm.utg18927.17	exact_python_fallback
dark_cluster_003162	evm.utg279.47	evm.utg279.47	1	evm.utg279.47	exact_python_fallback
dark_cluster_003163	evm.utg1563.3	evm.utg1563.3	1	evm.utg1563.3	exact_python_fallback
dark_cluster_003164	utg597.equina_smart_1418845.mrna1	utg597.equina_smart_1418845.mrna1	1	utg597.equina_smart_1418845.mrna1	exact_python_fallback
dark_cluster_003165	utg464.equina_smart_1414382.mrna1	utg464.equina_smart_1414382.mrna1	1	utg464.equina_smart_1414382.mrna1	exact_python_fallback
dark_cluster_003166	evm.utg10359.30	evm.utg10359.30	1	evm.utg10359.30	exact_python_fallback
dark_cluster_003167	evm.utg8674.7	evm.utg8674.7	1	evm.utg8674.7	exact_python_fallback
dark_cluster_003168	utg125.equina_smart_1662785.mrna9	utg125.equina_smart_1662785.mrna9	1	utg125.equina_smart_1662785.mrna9	exact_python_fallback
dark_cluster_003169	evm.utg1278.79	evm.utg1278.79	1	evm.utg1278.79	exact_python_fallback
dark_cluster_003170	evm.utg324.54	evm.utg324.54	1	evm.utg324.54	exact_python_fallback
dark_cluster_003171	evm.utg11814.2	evm.utg11814.2	1	evm.utg11814.2	exact_python_fallback
dark_cluster_003172	evm.utg21873.19	evm.utg21873.19	1	evm.utg21873.19	exact_python_fallback
dark_cluster_003173	utg420.equina_smart_458796.mrna1	utg420.equina_smart_458796.mrna1	1	utg420.equina_smart_458796.mrna1	exact_python_fallback
dark_cluster_003174	evm.utg1285.1	evm.utg1285.1	4	evm.utg1285.1;evm.utg1285.53;evm.utg1285.60;evm.utg1285.87	exact_python_fallback
dark_cluster_003174	evm.utg1285.1	evm.utg1285.53	4	evm.utg1285.1;evm.utg1285.53;evm.utg1285.60;evm.utg1285.87	exact_python_fallback
dark_cluster_003174	evm.utg1285.1	evm.utg1285.60	4	evm.utg1285.1;evm.utg1285.53;evm.utg1285.60;evm.utg1285.87	exact_python_fallback
dark_cluster_003174	evm.utg1285.1	evm.utg1285.87	4	evm.utg1285.1;evm.utg1285.53;evm.utg1285.60;evm.utg1285.87	exact_python_fallback
dark_cluster_003175	evm.utg62.128.1.5c22f2db	evm.utg62.128.1.5c22f2db	1	evm.utg62.128.1.5c22f2db	exact_python_fallback
dark_cluster_003176	evm.utg92.12	evm.utg92.12	1	evm.utg92.12	exact_python_fallback
dark_cluster_003177	evm.utg16443.24	evm.utg16443.24	1	evm.utg16443.24	exact_python_fallback
dark_cluster_003178	evm.utg20788.4	evm.utg20788.4	1	evm.utg20788.4	exact_python_fallback
dark_cluster_003179	evm.utg31532.8	evm.utg31532.8	1	evm.utg31532.8	exact_python_fallback
dark_cluster_003180	evm.utg6806.12	evm.utg6806.12	6	evm.utg6806.12;evm.utg6806.13;evm.utg6806.30;evm.utg6806.34;evm.utg6806.35;evm.utg6806.4	exact_python_fallback
dark_cluster_003180	evm.utg6806.12	evm.utg6806.13	6	evm.utg6806.12;evm.utg6806.13;evm.utg6806.30;evm.utg6806.34;evm.utg6806.35;evm.utg6806.4	exact_python_fallback
dark_cluster_003180	evm.utg6806.12	evm.utg6806.30	6	evm.utg6806.12;evm.utg6806.13;evm.utg6806.30;evm.utg6806.34;evm.utg6806.35;evm.utg6806.4	exact_python_fallback
dark_cluster_003180	evm.utg6806.12	evm.utg6806.34	6	evm.utg6806.12;evm.utg6806.13;evm.utg6806.30;evm.utg6806.34;evm.utg6806.35;evm.utg6806.4	exact_python_fallback
dark_cluster_003180	evm.utg6806.12	evm.utg6806.35	6	evm.utg6806.12;evm.utg6806.13;evm.utg6806.30;evm.utg6806.34;evm.utg6806.35;evm.utg6806.4	exact_python_fallback
dark_cluster_003180	evm.utg6806.12	evm.utg6806.4	6	evm.utg6806.12;evm.utg6806.13;evm.utg6806.30;evm.utg6806.34;evm.utg6806.35;evm.utg6806.4	exact_python_fallback
dark_cluster_003181	evm.utg78.16	evm.utg78.16	1	evm.utg78.16	exact_python_fallback
dark_cluster_003182	evm.utg3092.35	evm.utg3092.35	1	evm.utg3092.35	exact_python_fallback
dark_cluster_003183	evm.utg2159.50	evm.utg2159.50	1	evm.utg2159.50	exact_python_fallback
dark_cluster_003184	evm.utg483.4	evm.utg483.4	1	evm.utg483.4	exact_python_fallback
dark_cluster_003185	evm.utg243.53	evm.utg243.53	1	evm.utg243.53	exact_python_fallback
dark_cluster_003186	evm.utg55.217	evm.utg55.217	1	evm.utg55.217	exact_python_fallback
dark_cluster_003187	evm.utg18.41	evm.utg18.41	1	evm.utg18.41	exact_python_fallback
dark_cluster_003188	evm.utg1256.14	evm.utg1256.14	4	evm.utg1256.14;evm.utg1256.2;evm.utg1256.28;evm.utg1256.3	exact_python_fallback
dark_cluster_003188	evm.utg1256.14	evm.utg1256.2	4	evm.utg1256.14;evm.utg1256.2;evm.utg1256.28;evm.utg1256.3	exact_python_fallback
dark_cluster_003188	evm.utg1256.14	evm.utg1256.28	4	evm.utg1256.14;evm.utg1256.2;evm.utg1256.28;evm.utg1256.3	exact_python_fallback
dark_cluster_003188	evm.utg1256.14	evm.utg1256.3	4	evm.utg1256.14;evm.utg1256.2;evm.utg1256.28;evm.utg1256.3	exact_python_fallback
dark_cluster_003189	evm.utg126.170	evm.utg126.170	1	evm.utg126.170	exact_python_fallback
dark_cluster_003190	evm.utg27988.5	evm.utg27988.5	1	evm.utg27988.5	exact_python_fallback
dark_cluster_003191	evm.utg5652.34	evm.utg5652.34	2	evm.utg5652.34;evm.utg5652.35	exact_python_fallback
dark_cluster_003191	evm.utg5652.34	evm.utg5652.35	2	evm.utg5652.34;evm.utg5652.35	exact_python_fallback
dark_cluster_003192	evm.utg25070.6	evm.utg25070.6	1	evm.utg25070.6	exact_python_fallback
dark_cluster_003193	evm.utg1272.160	evm.utg1272.160	1	evm.utg1272.160	exact_python_fallback
dark_cluster_003194	evm.utg55.53	evm.utg55.53	1	evm.utg55.53	exact_python_fallback
dark_cluster_003195	evm.utg1623.37	evm.utg1623.37	1	evm.utg1623.37	exact_python_fallback
dark_cluster_003196	evm.utg1395.35	evm.utg1395.35	1	evm.utg1395.35	exact_python_fallback
dark_cluster_003197	utg483.equina_smart_738906.mrna1	utg483.equina_smart_738906.mrna1	1	utg483.equina_smart_738906.mrna1	exact_python_fallback
dark_cluster_003198	evm.utg6183.47	evm.utg6183.47	1	evm.utg6183.47	exact_python_fallback
dark_cluster_003199	evm.utg12553.7	evm.utg12553.7	1	evm.utg12553.7	exact_python_fallback
dark_cluster_003200	evm.utg33757.1	evm.utg33757.1	2	evm.utg33757.1;evm.utg33757.19	exact_python_fallback
dark_cluster_003200	evm.utg33757.1	evm.utg33757.19	2	evm.utg33757.1;evm.utg33757.19	exact_python_fallback
dark_cluster_003201	utg7549.equina_smart_831979.mrna2	utg7549.equina_smart_831979.mrna2	1	utg7549.equina_smart_831979.mrna2	exact_python_fallback
dark_cluster_003202	evm.utg7143.2	evm.utg7143.2	1	evm.utg7143.2	exact_python_fallback
dark_cluster_003203	evm.utg696.2	evm.utg696.2	1	evm.utg696.2	exact_python_fallback
dark_cluster_003204	evm.utg18019.12	evm.utg18019.12	1	evm.utg18019.12	exact_python_fallback
dark_cluster_003205	evm.utg7821.8	evm.utg7821.8	1	evm.utg7821.8	exact_python_fallback
dark_cluster_003206	evm.utg194.59	evm.utg194.59	1	evm.utg194.59	exact_python_fallback
dark_cluster_003207	evm.utg59087.3	evm.utg59087.3	1	evm.utg59087.3	exact_python_fallback
dark_cluster_003208	evm.utg910.117	evm.utg910.117	1	evm.utg910.117	exact_python_fallback
dark_cluster_003209	evm.utg479.72	evm.utg479.72	1	evm.utg479.72	exact_python_fallback
dark_cluster_003210	utg162.evm.utg24105.3.mrna2	utg162.evm.utg24105.3.mrna2	1	utg162.evm.utg24105.3.mrna2	exact_python_fallback
dark_cluster_003211	evm.utg31532.6	evm.utg31532.6	1	evm.utg31532.6	exact_python_fallback
dark_cluster_003212	evm.utg101.110	evm.utg101.110	5	evm.utg101.110;evm.utg101.122;evm.utg101.124;evm.utg101.182;evm.utg101.21	exact_python_fallback
dark_cluster_003212	evm.utg101.110	evm.utg101.122	5	evm.utg101.110;evm.utg101.122;evm.utg101.124;evm.utg101.182;evm.utg101.21	exact_python_fallback
dark_cluster_003212	evm.utg101.110	evm.utg101.124	5	evm.utg101.110;evm.utg101.122;evm.utg101.124;evm.utg101.182;evm.utg101.21	exact_python_fallback
dark_cluster_003212	evm.utg101.110	evm.utg101.182	5	evm.utg101.110;evm.utg101.122;evm.utg101.124;evm.utg101.182;evm.utg101.21	exact_python_fallback
dark_cluster_003212	evm.utg101.110	evm.utg101.21	5	evm.utg101.110;evm.utg101.122;evm.utg101.124;evm.utg101.182;evm.utg101.21	exact_python_fallback
dark_cluster_003213	evm.utg9284.3	evm.utg9284.3	1	evm.utg9284.3	exact_python_fallback
dark_cluster_003214	evm.utg11763.6	evm.utg11763.6	1	evm.utg11763.6	exact_python_fallback
dark_cluster_003215	evm.utg125.1	evm.utg125.1	6	evm.utg125.1;evm.utg125.117;evm.utg125.12;evm.utg125.173;evm.utg125.84;evm.utg125.90	exact_python_fallback
dark_cluster_003215	evm.utg125.1	evm.utg125.117	6	evm.utg125.1;evm.utg125.117;evm.utg125.12;evm.utg125.173;evm.utg125.84;evm.utg125.90	exact_python_fallback
dark_cluster_003215	evm.utg125.1	evm.utg125.12	6	evm.utg125.1;evm.utg125.117;evm.utg125.12;evm.utg125.173;evm.utg125.84;evm.utg125.90	exact_python_fallback
dark_cluster_003215	evm.utg125.1	evm.utg125.173	6	evm.utg125.1;evm.utg125.117;evm.utg125.12;evm.utg125.173;evm.utg125.84;evm.utg125.90	exact_python_fallback
dark_cluster_003215	evm.utg125.1	evm.utg125.84	6	evm.utg125.1;evm.utg125.117;evm.utg125.12;evm.utg125.173;evm.utg125.84;evm.utg125.90	exact_python_fallback
dark_cluster_003215	evm.utg125.1	evm.utg125.90	6	evm.utg125.1;evm.utg125.117;evm.utg125.12;evm.utg125.173;evm.utg125.84;evm.utg125.90	exact_python_fallback
dark_cluster_003216	evm.utg1910.105	evm.utg1910.105	1	evm.utg1910.105	exact_python_fallback
dark_cluster_003217	utg1910.evm.utg31217.11.mrna2	utg1910.evm.utg31217.11.mrna2	1	utg1910.evm.utg31217.11.mrna2	exact_python_fallback
dark_cluster_003218	evm.utg1910.104	evm.utg1910.104	1	evm.utg1910.104	exact_python_fallback
dark_cluster_003219	evm.utg1910.107	evm.utg1910.107	1	evm.utg1910.107	exact_python_fallback
dark_cluster_003220	evm.utg1910.106	evm.utg1910.106	1	evm.utg1910.106	exact_python_fallback
dark_cluster_003221	evm.utg530.10	evm.utg530.10	1	evm.utg530.10	exact_python_fallback
dark_cluster_003222	evm.utg1925.37	evm.utg1925.37	1	evm.utg1925.37	exact_python_fallback
dark_cluster_003223	evm.utg1271.29	evm.utg1271.29	1	evm.utg1271.29	exact_python_fallback
dark_cluster_003224	evm.utg4341.6	evm.utg4341.6	1	evm.utg4341.6	exact_python_fallback
dark_cluster_003225	evm.utg3452.12	evm.utg3452.12	1	evm.utg3452.12	exact_python_fallback
dark_cluster_003226	utg243.equina_smart_57527.mrna1	utg243.equina_smart_57527.mrna1	1	utg243.equina_smart_57527.mrna1	exact_python_fallback
dark_cluster_003227	evm.utg27202.10	evm.utg27202.10	3	evm.utg27202.10;evm.utg27202.8;evm.utg27202.9	exact_python_fallback
dark_cluster_003227	evm.utg27202.10	evm.utg27202.8	3	evm.utg27202.10;evm.utg27202.8;evm.utg27202.9	exact_python_fallback
dark_cluster_003227	evm.utg27202.10	evm.utg27202.9	3	evm.utg27202.10;evm.utg27202.8;evm.utg27202.9	exact_python_fallback
dark_cluster_003228	evm.utg344.71	evm.utg344.71	1	evm.utg344.71	exact_python_fallback
dark_cluster_003229	evm.utg24783.1	evm.utg24783.1	1	evm.utg24783.1	exact_python_fallback
dark_cluster_003230	evm.utg15281.1	evm.utg15281.1	5	evm.utg15281.1;evm.utg15281.2;evm.utg15281.3;evm.utg15281.4;evm.utg15281.5	exact_python_fallback
dark_cluster_003230	evm.utg15281.1	evm.utg15281.2	5	evm.utg15281.1;evm.utg15281.2;evm.utg15281.3;evm.utg15281.4;evm.utg15281.5	exact_python_fallback
dark_cluster_003230	evm.utg15281.1	evm.utg15281.3	5	evm.utg15281.1;evm.utg15281.2;evm.utg15281.3;evm.utg15281.4;evm.utg15281.5	exact_python_fallback
dark_cluster_003230	evm.utg15281.1	evm.utg15281.4	5	evm.utg15281.1;evm.utg15281.2;evm.utg15281.3;evm.utg15281.4;evm.utg15281.5	exact_python_fallback
dark_cluster_003230	evm.utg15281.1	evm.utg15281.5	5	evm.utg15281.1;evm.utg15281.2;evm.utg15281.3;evm.utg15281.4;evm.utg15281.5	exact_python_fallback
dark_cluster_003231	evm.utg2371.17	evm.utg2371.17	1	evm.utg2371.17	exact_python_fallback
dark_cluster_003232	evm.utg1724.25	evm.utg1724.25	1	evm.utg1724.25	exact_python_fallback
dark_cluster_003233	evm.utg532.3	evm.utg532.3	1	evm.utg532.3	exact_python_fallback
dark_cluster_003234	evm.utg372.6	evm.utg372.6	2	evm.utg372.6;utg3980.evm.utg372.6.mrna2	exact_python_fallback
dark_cluster_003234	evm.utg372.6	utg3980.evm.utg372.6.mrna2	2	evm.utg372.6;utg3980.evm.utg372.6.mrna2	exact_python_fallback
dark_cluster_003235	utg2185.equina_smart_1442432utrorf.mrna1	utg2185.equina_smart_1442432utrorf.mrna1	1	utg2185.equina_smart_1442432utrorf.mrna1	exact_python_fallback
dark_cluster_003236	evm.utg4567.34	evm.utg4567.34	1	evm.utg4567.34	exact_python_fallback
dark_cluster_003237	evm.utg1204.16	evm.utg1204.16	1	evm.utg1204.16	exact_python_fallback
dark_cluster_003238	evm.utg5390.1	evm.utg5390.1	4	evm.utg5390.1;evm.utg5390.22;evm.utg5390.46;evm.utg5390.58	exact_python_fallback
dark_cluster_003238	evm.utg5390.1	evm.utg5390.22	4	evm.utg5390.1;evm.utg5390.22;evm.utg5390.46;evm.utg5390.58	exact_python_fallback
dark_cluster_003238	evm.utg5390.1	evm.utg5390.46	4	evm.utg5390.1;evm.utg5390.22;evm.utg5390.46;evm.utg5390.58	exact_python_fallback
dark_cluster_003238	evm.utg5390.1	evm.utg5390.58	4	evm.utg5390.1;evm.utg5390.22;evm.utg5390.46;evm.utg5390.58	exact_python_fallback
dark_cluster_003239	evm.utg234.106	evm.utg234.106	5	evm.utg234.106;evm.utg234.113;evm.utg234.115;evm.utg234.125;evm.utg234.70	exact_python_fallback
dark_cluster_003239	evm.utg234.106	evm.utg234.113	5	evm.utg234.106;evm.utg234.113;evm.utg234.115;evm.utg234.125;evm.utg234.70	exact_python_fallback
dark_cluster_003239	evm.utg234.106	evm.utg234.115	5	evm.utg234.106;evm.utg234.113;evm.utg234.115;evm.utg234.125;evm.utg234.70	exact_python_fallback
dark_cluster_003239	evm.utg234.106	evm.utg234.125	5	evm.utg234.106;evm.utg234.113;evm.utg234.115;evm.utg234.125;evm.utg234.70	exact_python_fallback
dark_cluster_003239	evm.utg234.106	evm.utg234.70	5	evm.utg234.106;evm.utg234.113;evm.utg234.115;evm.utg234.125;evm.utg234.70	exact_python_fallback
dark_cluster_003240	utg7680.equina_smart_1463801.mrna1	utg7680.equina_smart_1463801.mrna1	1	utg7680.equina_smart_1463801.mrna1	exact_python_fallback
dark_cluster_003241	evm.utg10156.8	evm.utg10156.8	1	evm.utg10156.8	exact_python_fallback
dark_cluster_003242	evm.utg190.12	evm.utg190.12	1	evm.utg190.12	exact_python_fallback
dark_cluster_003243	evm.utg3019.22	evm.utg3019.22	1	evm.utg3019.22	exact_python_fallback
dark_cluster_003244	evm.utg1683.22	evm.utg1683.22	1	evm.utg1683.22	exact_python_fallback
dark_cluster_003245	evm.utg3019.53	evm.utg3019.53	1	evm.utg3019.53	exact_python_fallback
dark_cluster_003246	evm.utg6070.10	evm.utg6070.10	4	evm.utg6070.10;evm.utg6070.14;evm.utg6070.20;evm.utg6070.23	exact_python_fallback
dark_cluster_003246	evm.utg6070.10	evm.utg6070.14	4	evm.utg6070.10;evm.utg6070.14;evm.utg6070.20;evm.utg6070.23	exact_python_fallback
dark_cluster_003246	evm.utg6070.10	evm.utg6070.20	4	evm.utg6070.10;evm.utg6070.14;evm.utg6070.20;evm.utg6070.23	exact_python_fallback
dark_cluster_003246	evm.utg6070.10	evm.utg6070.23	4	evm.utg6070.10;evm.utg6070.14;evm.utg6070.20;evm.utg6070.23	exact_python_fallback
dark_cluster_003247	evm.utg10385.2	evm.utg10385.2	1	evm.utg10385.2	exact_python_fallback
dark_cluster_003248	utg9875.equina_smart_1628316.mrna1	utg9875.equina_smart_1628316.mrna1	1	utg9875.equina_smart_1628316.mrna1	exact_python_fallback
dark_cluster_003249	utg167.equina_smart_1628316.mrna2	utg167.equina_smart_1628316.mrna2	1	utg167.equina_smart_1628316.mrna2	exact_python_fallback
dark_cluster_003250	evm.utg1575.43	evm.utg1575.43	1	evm.utg1575.43	exact_python_fallback
dark_cluster_003251	evm.utg24929.12	evm.utg24929.12	1	evm.utg24929.12	exact_python_fallback
dark_cluster_003252	utg3019.equina_smart_1074048.mrna1	utg3019.equina_smart_1074048.mrna1	1	utg3019.equina_smart_1074048.mrna1	exact_python_fallback
dark_cluster_003253	evm.utg43451.33	evm.utg43451.33	1	evm.utg43451.33	exact_python_fallback
dark_cluster_003254	evm.utg12986.73	evm.utg12986.73	1	evm.utg12986.73	exact_python_fallback
dark_cluster_003255	evm.utg12986.74	evm.utg12986.74	1	evm.utg12986.74	exact_python_fallback
dark_cluster_003256	evm.utg2200.26	evm.utg2200.26	1	evm.utg2200.26	exact_python_fallback
dark_cluster_003257	utg344.equina_smart_1721989.mrna1	utg344.equina_smart_1721989.mrna1	1	utg344.equina_smart_1721989.mrna1	exact_python_fallback
dark_cluster_003258	utg4062.equina_smart_1453472.mrna1	utg4062.equina_smart_1453472.mrna1	1	utg4062.equina_smart_1453472.mrna1	exact_python_fallback
dark_cluster_003259	utg1051.equina_smart_1603278.mrna1	utg1051.equina_smart_1603278.mrna1	1	utg1051.equina_smart_1603278.mrna1	exact_python_fallback
dark_cluster_003260	utg190.equina_smart_1083425.mrna1	utg190.equina_smart_1083425.mrna1	1	utg190.equina_smart_1083425.mrna1	exact_python_fallback
dark_cluster_003261	utg1579.equina_smart_518293.mrna3	utg1579.equina_smart_518293.mrna3	1	utg1579.equina_smart_518293.mrna3	exact_python_fallback
dark_cluster_003262	evm.utg388.16	evm.utg388.16	1	evm.utg388.16	exact_python_fallback
dark_cluster_003263	utg693.equina_smart_348377.mrna1	utg693.equina_smart_348377.mrna1	1	utg693.equina_smart_348377.mrna1	exact_python_fallback
dark_cluster_003264	evm.utg243.65	evm.utg243.65	1	evm.utg243.65	exact_python_fallback
dark_cluster_003265	utg695.equina_smart_1717759.mrna2	utg695.equina_smart_1717759.mrna2	1	utg695.equina_smart_1717759.mrna2	exact_python_fallback
dark_cluster_003266	utg243.equina_smart_301922.mrna1	utg243.equina_smart_301922.mrna1	1	utg243.equina_smart_301922.mrna1	exact_python_fallback
dark_cluster_003267	evm.utg6432.23	evm.utg6432.23	1	evm.utg6432.23	exact_python_fallback
dark_cluster_003268	evm.utg935.13	evm.utg935.13	1	evm.utg935.13	exact_python_fallback
dark_cluster_003269	evm.utg612.17	evm.utg612.17	1	evm.utg612.17	exact_python_fallback
dark_cluster_003270	utg225.equina_smart_1404034.mrna1	utg225.equina_smart_1404034.mrna1	1	utg225.equina_smart_1404034.mrna1	exact_python_fallback
dark_cluster_003271	evm.utg2073.17	evm.utg2073.17	4	evm.utg2073.17;evm.utg2073.36;evm.utg2073.37;evm.utg2073.42	exact_python_fallback
dark_cluster_003271	evm.utg2073.17	evm.utg2073.36	4	evm.utg2073.17;evm.utg2073.36;evm.utg2073.37;evm.utg2073.42	exact_python_fallback
dark_cluster_003271	evm.utg2073.17	evm.utg2073.37	4	evm.utg2073.17;evm.utg2073.36;evm.utg2073.37;evm.utg2073.42	exact_python_fallback
dark_cluster_003271	evm.utg2073.17	evm.utg2073.42	4	evm.utg2073.17;evm.utg2073.36;evm.utg2073.37;evm.utg2073.42	exact_python_fallback
dark_cluster_003272	evm.utg1278.51	evm.utg1278.51	1	evm.utg1278.51	exact_python_fallback
dark_cluster_003273	evm.utg45299.5	evm.utg45299.5	1	evm.utg45299.5	exact_python_fallback
dark_cluster_003274	evm.utg983.23	evm.utg983.23	1	evm.utg983.23	exact_python_fallback
dark_cluster_003275	evm.utg4046.33	evm.utg4046.33	1	evm.utg4046.33	exact_python_fallback
dark_cluster_003276	evm.utg1465.58	evm.utg1465.58	1	evm.utg1465.58	exact_python_fallback
dark_cluster_003277	evm.utg1038.15	evm.utg1038.15	1	evm.utg1038.15	exact_python_fallback
dark_cluster_003278	evm.utg479.11	evm.utg479.11	1	evm.utg479.11	exact_python_fallback
dark_cluster_003279	evm.utg1846.67	evm.utg1846.67	1	evm.utg1846.67	exact_python_fallback
dark_cluster_003280	evm.utg993.26	evm.utg993.26	1	evm.utg993.26	exact_python_fallback
dark_cluster_003281	evm.utg4468.32	evm.utg4468.32	1	evm.utg4468.32	exact_python_fallback
dark_cluster_003282	utg622.equina_smart_923814.mrna1	utg622.equina_smart_923814.mrna1	1	utg622.equina_smart_923814.mrna1	exact_python_fallback
dark_cluster_003283	evm.utg2379.13	evm.utg2379.13	1	evm.utg2379.13	exact_python_fallback
dark_cluster_003284	evm.utg1542.19	evm.utg1542.19	1	evm.utg1542.19	exact_python_fallback
dark_cluster_003285	evm.utg4177.26	evm.utg4177.26	1	evm.utg4177.26	exact_python_fallback
dark_cluster_003286	evm.utg10608.2	evm.utg10608.2	1	evm.utg10608.2	exact_python_fallback
dark_cluster_003287	evm.utg1137.1	evm.utg1137.1	1	evm.utg1137.1	exact_python_fallback
dark_cluster_003288	evm.utg27568.4	evm.utg27568.4	1	evm.utg27568.4	exact_python_fallback
dark_cluster_003289	evm.utg6293.11	evm.utg6293.11	6	evm.utg6293.11;evm.utg6293.12;evm.utg6293.20;evm.utg6293.21;evm.utg6293.25;evm.utg6293.33	exact_python_fallback
dark_cluster_003289	evm.utg6293.11	evm.utg6293.12	6	evm.utg6293.11;evm.utg6293.12;evm.utg6293.20;evm.utg6293.21;evm.utg6293.25;evm.utg6293.33	exact_python_fallback
dark_cluster_003289	evm.utg6293.11	evm.utg6293.20	6	evm.utg6293.11;evm.utg6293.12;evm.utg6293.20;evm.utg6293.21;evm.utg6293.25;evm.utg6293.33	exact_python_fallback
dark_cluster_003289	evm.utg6293.11	evm.utg6293.21	6	evm.utg6293.11;evm.utg6293.12;evm.utg6293.20;evm.utg6293.21;evm.utg6293.25;evm.utg6293.33	exact_python_fallback
dark_cluster_003289	evm.utg6293.11	evm.utg6293.25	6	evm.utg6293.11;evm.utg6293.12;evm.utg6293.20;evm.utg6293.21;evm.utg6293.25;evm.utg6293.33	exact_python_fallback
dark_cluster_003289	evm.utg6293.11	evm.utg6293.33	6	evm.utg6293.11;evm.utg6293.12;evm.utg6293.20;evm.utg6293.21;evm.utg6293.25;evm.utg6293.33	exact_python_fallback
dark_cluster_003290	evm.utg5.33	evm.utg5.33	1	evm.utg5.33	exact_python_fallback
dark_cluster_003291	evm.utg1708.11	evm.utg1708.11	6	evm.utg1708.11;evm.utg1708.14;evm.utg1708.16;evm.utg1708.2;evm.utg1708.51;evm.utg1708.6	exact_python_fallback
dark_cluster_003291	evm.utg1708.11	evm.utg1708.14	6	evm.utg1708.11;evm.utg1708.14;evm.utg1708.16;evm.utg1708.2;evm.utg1708.51;evm.utg1708.6	exact_python_fallback
dark_cluster_003291	evm.utg1708.11	evm.utg1708.16	6	evm.utg1708.11;evm.utg1708.14;evm.utg1708.16;evm.utg1708.2;evm.utg1708.51;evm.utg1708.6	exact_python_fallback
dark_cluster_003291	evm.utg1708.11	evm.utg1708.2	6	evm.utg1708.11;evm.utg1708.14;evm.utg1708.16;evm.utg1708.2;evm.utg1708.51;evm.utg1708.6	exact_python_fallback
dark_cluster_003291	evm.utg1708.11	evm.utg1708.51	6	evm.utg1708.11;evm.utg1708.14;evm.utg1708.16;evm.utg1708.2;evm.utg1708.51;evm.utg1708.6	exact_python_fallback
dark_cluster_003291	evm.utg1708.11	evm.utg1708.6	6	evm.utg1708.11;evm.utg1708.14;evm.utg1708.16;evm.utg1708.2;evm.utg1708.51;evm.utg1708.6	exact_python_fallback
dark_cluster_003292	evm.utg3799.20	evm.utg3799.20	1	evm.utg3799.20	exact_python_fallback
dark_cluster_003293	evm.utg9762.5	evm.utg9762.5	1	evm.utg9762.5	exact_python_fallback
dark_cluster_003294	evm.utg729.64	evm.utg729.64	1	evm.utg729.64	exact_python_fallback
dark_cluster_003295	utg72.equina_smart_1395060.mrna1	utg72.equina_smart_1395060.mrna1	1	utg72.equina_smart_1395060.mrna1	exact_python_fallback
dark_cluster_003296	evm.utg1828.15	evm.utg1828.15	1	evm.utg1828.15	exact_python_fallback
dark_cluster_003297	utg4271.equina_smart_1877718.mrna2	utg4271.equina_smart_1877718.mrna2	1	utg4271.equina_smart_1877718.mrna2	exact_python_fallback
dark_cluster_003298	evm.utg1137.11	evm.utg1137.11	1	evm.utg1137.11	exact_python_fallback
dark_cluster_003299	evm.utg13959.4	evm.utg13959.4	1	evm.utg13959.4	exact_python_fallback
dark_cluster_003300	evm.utg1249.22	evm.utg1249.22	1	evm.utg1249.22	exact_python_fallback
dark_cluster_003301	evm.utg777.12	evm.utg777.12	1	evm.utg777.12	exact_python_fallback
dark_cluster_003302	evm.utg112.25	evm.utg112.25	1	evm.utg112.25	exact_python_fallback
dark_cluster_003303	evm.utg3876.32	evm.utg3876.32	1	evm.utg3876.32	exact_python_fallback
dark_cluster_003304	evm.utg1302.1	evm.utg1302.1	1	evm.utg1302.1	exact_python_fallback
dark_cluster_003305	utg207.equina_smart_1403402utrorf.mrna1	utg207.equina_smart_1403402utrorf.mrna1	1	utg207.equina_smart_1403402utrorf.mrna1	exact_python_fallback
dark_cluster_003306	utg3235.equina_smart_1449187.mrna1	utg3235.equina_smart_1449187.mrna1	1	utg3235.equina_smart_1449187.mrna1	exact_python_fallback
dark_cluster_003307	evm.utg798.10	evm.utg798.10	1	evm.utg798.10	exact_python_fallback
dark_cluster_003308	evm.utg4613.72	evm.utg4613.72	1	evm.utg4613.72	exact_python_fallback
dark_cluster_003309	evm.utg36508.4	evm.utg36508.4	1	evm.utg36508.4	exact_python_fallback
dark_cluster_003310	evm.utg902.3	evm.utg902.3	1	evm.utg902.3	exact_python_fallback
dark_cluster_003311	evm.utg381.19	evm.utg381.19	1	evm.utg381.19	exact_python_fallback
dark_cluster_003312	utg1056.equina_smart_888178.mrna1	utg1056.equina_smart_888178.mrna1	1	utg1056.equina_smart_888178.mrna1	exact_python_fallback
dark_cluster_003313	evm.utg2100.11	evm.utg2100.11	1	evm.utg2100.11	exact_python_fallback
dark_cluster_003314	evm.utg693.52	evm.utg693.52	5	evm.utg693.52;evm.utg693.58;evm.utg693.82;evm.utg693.84;evm.utg693.86	exact_python_fallback
dark_cluster_003314	evm.utg693.52	evm.utg693.58	5	evm.utg693.52;evm.utg693.58;evm.utg693.82;evm.utg693.84;evm.utg693.86	exact_python_fallback
dark_cluster_003314	evm.utg693.52	evm.utg693.82	5	evm.utg693.52;evm.utg693.58;evm.utg693.82;evm.utg693.84;evm.utg693.86	exact_python_fallback
dark_cluster_003314	evm.utg693.52	evm.utg693.84	5	evm.utg693.52;evm.utg693.58;evm.utg693.82;evm.utg693.84;evm.utg693.86	exact_python_fallback
dark_cluster_003314	evm.utg693.52	evm.utg693.86	5	evm.utg693.52;evm.utg693.58;evm.utg693.82;evm.utg693.84;evm.utg693.86	exact_python_fallback
dark_cluster_003315	utg5652.equina_smart_84162utrorf.mrna1	utg5652.equina_smart_84162utrorf.mrna1	1	utg5652.equina_smart_84162utrorf.mrna1	exact_python_fallback
dark_cluster_003316	evm.utg3609.20	evm.utg3609.20	1	evm.utg3609.20	exact_python_fallback
dark_cluster_003317	evm.utg67002.3	evm.utg67002.3	1	evm.utg67002.3	exact_python_fallback
dark_cluster_003318	utg625.equina_smart_969237.mrna1	utg625.equina_smart_969237.mrna1	1	utg625.equina_smart_969237.mrna1	exact_python_fallback
dark_cluster_003319	evm.utg49.4	evm.utg49.4	1	evm.utg49.4	exact_python_fallback
dark_cluster_003320	evm.utg26219.17	evm.utg26219.17	1	evm.utg26219.17	exact_python_fallback
dark_cluster_003321	evm.utg3155.28	evm.utg3155.28	2	evm.utg3155.28;evm.utg3155.32	exact_python_fallback
dark_cluster_003321	evm.utg3155.28	evm.utg3155.32	2	evm.utg3155.28;evm.utg3155.32	exact_python_fallback
dark_cluster_003322	evm.utg13368.10	evm.utg13368.10	2	evm.utg13368.10;evm.utg13368.3	exact_python_fallback
dark_cluster_003322	evm.utg13368.10	evm.utg13368.3	2	evm.utg13368.10;evm.utg13368.3	exact_python_fallback
dark_cluster_003323	utg3260.equina_smart_1119528.mrna1	utg3260.equina_smart_1119528.mrna1	1	utg3260.equina_smart_1119528.mrna1	exact_python_fallback
dark_cluster_003324	evm.utg798.7	evm.utg798.7	1	evm.utg798.7	exact_python_fallback
dark_cluster_003325	evm.utg6843.10	evm.utg6843.10	5	evm.utg6843.10;evm.utg6843.13;evm.utg6843.23;evm.utg6843.5;evm.utg6843.9	exact_python_fallback
dark_cluster_003325	evm.utg6843.10	evm.utg6843.13	5	evm.utg6843.10;evm.utg6843.13;evm.utg6843.23;evm.utg6843.5;evm.utg6843.9	exact_python_fallback
dark_cluster_003325	evm.utg6843.10	evm.utg6843.23	5	evm.utg6843.10;evm.utg6843.13;evm.utg6843.23;evm.utg6843.5;evm.utg6843.9	exact_python_fallback
dark_cluster_003325	evm.utg6843.10	evm.utg6843.5	5	evm.utg6843.10;evm.utg6843.13;evm.utg6843.23;evm.utg6843.5;evm.utg6843.9	exact_python_fallback
dark_cluster_003325	evm.utg6843.10	evm.utg6843.9	5	evm.utg6843.10;evm.utg6843.13;evm.utg6843.23;evm.utg6843.5;evm.utg6843.9	exact_python_fallback
dark_cluster_003326	utg72.equina_smart_1395047.mrna1	utg72.equina_smart_1395047.mrna1	1	utg72.equina_smart_1395047.mrna1	exact_python_fallback
dark_cluster_003327	utg7855.equina_smart_359010.mrna2	utg7855.equina_smart_359010.mrna2	1	utg7855.equina_smart_359010.mrna2	exact_python_fallback
dark_cluster_003328	utg10530.equina_smart_1626273.mrna1	utg10530.equina_smart_1626273.mrna1	1	utg10530.equina_smart_1626273.mrna1	exact_python_fallback
dark_cluster_003329	utg5066.equina_smart_1626273.mrna7	utg5066.equina_smart_1626273.mrna7	1	utg5066.equina_smart_1626273.mrna7	exact_python_fallback
dark_cluster_003330	utg375.equina_smart_1611947.mrna5	utg375.equina_smart_1611947.mrna5	1	utg375.equina_smart_1611947.mrna5	exact_python_fallback
dark_cluster_003331	utg2100.equina_smart_222611utrorf.mrna1	utg2100.equina_smart_222611utrorf.mrna1	1	utg2100.equina_smart_222611utrorf.mrna1	exact_python_fallback
dark_cluster_003332	evm.utg31304.5	evm.utg31304.5	1	evm.utg31304.5	exact_python_fallback
dark_cluster_003333	evm.utg22669.6	evm.utg22669.6	1	evm.utg22669.6	exact_python_fallback
dark_cluster_003334	evm.utg564.77	evm.utg564.77	1	evm.utg564.77	exact_python_fallback
dark_cluster_003335	evm.utg301.1	evm.utg301.1	9	evm.utg301.1;evm.utg301.108;evm.utg301.115;evm.utg301.141;evm.utg301.146;evm.utg301.64;evm.utg301.81;evm.utg301.83;evm.utg301.98	exact_python_fallback
dark_cluster_003335	evm.utg301.1	evm.utg301.108	9	evm.utg301.1;evm.utg301.108;evm.utg301.115;evm.utg301.141;evm.utg301.146;evm.utg301.64;evm.utg301.81;evm.utg301.83;evm.utg301.98	exact_python_fallback
dark_cluster_003335	evm.utg301.1	evm.utg301.115	9	evm.utg301.1;evm.utg301.108;evm.utg301.115;evm.utg301.141;evm.utg301.146;evm.utg301.64;evm.utg301.81;evm.utg301.83;evm.utg301.98	exact_python_fallback
dark_cluster_003335	evm.utg301.1	evm.utg301.141	9	evm.utg301.1;evm.utg301.108;evm.utg301.115;evm.utg301.141;evm.utg301.146;evm.utg301.64;evm.utg301.81;evm.utg301.83;evm.utg301.98	exact_python_fallback
dark_cluster_003335	evm.utg301.1	evm.utg301.146	9	evm.utg301.1;evm.utg301.108;evm.utg301.115;evm.utg301.141;evm.utg301.146;evm.utg301.64;evm.utg301.81;evm.utg301.83;evm.utg301.98	exact_python_fallback
dark_cluster_003335	evm.utg301.1	evm.utg301.64	9	evm.utg301.1;evm.utg301.108;evm.utg301.115;evm.utg301.141;evm.utg301.146;evm.utg301.64;evm.utg301.81;evm.utg301.83;evm.utg301.98	exact_python_fallback
dark_cluster_003335	evm.utg301.1	evm.utg301.81	9	evm.utg301.1;evm.utg301.108;evm.utg301.115;evm.utg301.141;evm.utg301.146;evm.utg301.64;evm.utg301.81;evm.utg301.83;evm.utg301.98	exact_python_fallback
dark_cluster_003335	evm.utg301.1	evm.utg301.83	9	evm.utg301.1;evm.utg301.108;evm.utg301.115;evm.utg301.141;evm.utg301.146;evm.utg301.64;evm.utg301.81;evm.utg301.83;evm.utg301.98	exact_python_fallback
dark_cluster_003335	evm.utg301.1	evm.utg301.98	9	evm.utg301.1;evm.utg301.108;evm.utg301.115;evm.utg301.141;evm.utg301.146;evm.utg301.64;evm.utg301.81;evm.utg301.83;evm.utg301.98	exact_python_fallback
dark_cluster_003336	utg3019.equina_smart_1507137.mrna2	utg3019.equina_smart_1507137.mrna2	1	utg3019.equina_smart_1507137.mrna2	exact_python_fallback
dark_cluster_003337	evm.utg616.125	evm.utg616.125	5	evm.utg616.125;evm.utg616.33;evm.utg616.54;evm.utg616.90;evm.utg616.98	exact_python_fallback
dark_cluster_003337	evm.utg616.125	evm.utg616.33	5	evm.utg616.125;evm.utg616.33;evm.utg616.54;evm.utg616.90;evm.utg616.98	exact_python_fallback
dark_cluster_003337	evm.utg616.125	evm.utg616.54	5	evm.utg616.125;evm.utg616.33;evm.utg616.54;evm.utg616.90;evm.utg616.98	exact_python_fallback
dark_cluster_003337	evm.utg616.125	evm.utg616.90	5	evm.utg616.125;evm.utg616.33;evm.utg616.54;evm.utg616.90;evm.utg616.98	exact_python_fallback
dark_cluster_003337	evm.utg616.125	evm.utg616.98	5	evm.utg616.125;evm.utg616.33;evm.utg616.54;evm.utg616.90;evm.utg616.98	exact_python_fallback
dark_cluster_003338	evm.utg2704.7	evm.utg2704.7	1	evm.utg2704.7	exact_python_fallback
dark_cluster_003339	utg268.equina_smart_1566830.mrna1	utg268.equina_smart_1566830.mrna1	1	utg268.equina_smart_1566830.mrna1	exact_python_fallback
dark_cluster_003340	evm.utg7840.63	evm.utg7840.63	1	evm.utg7840.63	exact_python_fallback
dark_cluster_003341	utg146.equina_smart_469375.mrna1	utg146.equina_smart_469375.mrna1	1	utg146.equina_smart_469375.mrna1	exact_python_fallback
dark_cluster_003342	utg3019.equina_smart_1447777.mrna1	utg3019.equina_smart_1447777.mrna1	1	utg3019.equina_smart_1447777.mrna1	exact_python_fallback
dark_cluster_003343	evm.utg1005.20	evm.utg1005.20	2	evm.utg1005.20;evm.utg1005.77	exact_python_fallback
dark_cluster_003343	evm.utg1005.20	evm.utg1005.77	2	evm.utg1005.20;evm.utg1005.77	exact_python_fallback
dark_cluster_003344	evm.utg817.27	evm.utg817.27	2	evm.utg817.27;evm.utg817.28	exact_python_fallback
dark_cluster_003344	evm.utg817.27	evm.utg817.28	2	evm.utg817.27;evm.utg817.28	exact_python_fallback
dark_cluster_003345	evm.utg12724.1	evm.utg12724.1	1	evm.utg12724.1	exact_python_fallback
dark_cluster_003346	utg861.equina_smart_960551.mrna1	utg861.equina_smart_960551.mrna1	1	utg861.equina_smart_960551.mrna1	exact_python_fallback
dark_cluster_003347	utg163.equina_smart_1347157.mrna1	utg163.equina_smart_1347157.mrna1	1	utg163.equina_smart_1347157.mrna1	exact_python_fallback
dark_cluster_003348	evm.utg1594.1	evm.utg1594.1	1	evm.utg1594.1	exact_python_fallback
dark_cluster_003349	evm.utg363.6	evm.utg363.6	1	evm.utg363.6	exact_python_fallback
dark_cluster_003350	evm.utg1746.8	evm.utg1746.8	1	evm.utg1746.8	exact_python_fallback
dark_cluster_003351	utg4172.equina_smart_950620.mrna1	utg4172.equina_smart_950620.mrna1	1	utg4172.equina_smart_950620.mrna1	exact_python_fallback
dark_cluster_003352	evm.utg1555.17	evm.utg1555.17	2	evm.utg1555.17;evm.utg1555.34	exact_python_fallback
dark_cluster_003352	evm.utg1555.17	evm.utg1555.34	2	evm.utg1555.17;evm.utg1555.34	exact_python_fallback
dark_cluster_003353	utg18932.equina_smart_1811815.mrna7	utg18932.equina_smart_1811815.mrna7	2	utg18932.equina_smart_1811815.mrna7;utg4428.equina_smart_1811815.mrna4	exact_python_fallback
dark_cluster_003353	utg18932.equina_smart_1811815.mrna7	utg4428.equina_smart_1811815.mrna4	2	utg18932.equina_smart_1811815.mrna7;utg4428.equina_smart_1811815.mrna4	exact_python_fallback
dark_cluster_003354	utg17372.equina_smart_1811815.mrna1	utg17372.equina_smart_1811815.mrna1	1	utg17372.equina_smart_1811815.mrna1	exact_python_fallback
dark_cluster_003355	utg2343.equina_smart_1811815.mrna12	utg2343.equina_smart_1811815.mrna12	1	utg2343.equina_smart_1811815.mrna12	exact_python_fallback
dark_cluster_003356	evm.utg1205.128	evm.utg1205.128	10	evm.utg1205.128;evm.utg1205.149;evm.utg1205.157;evm.utg1205.159;evm.utg1205.3;evm.utg1205.34;evm.utg1205.45;evm.utg1205.75;evm.utg1205.77;evm.utg1205.78	exact_python_fallback
dark_cluster_003356	evm.utg1205.128	evm.utg1205.149	10	evm.utg1205.128;evm.utg1205.149;evm.utg1205.157;evm.utg1205.159;evm.utg1205.3;evm.utg1205.34;evm.utg1205.45;evm.utg1205.75;evm.utg1205.77;evm.utg1205.78	exact_python_fallback
dark_cluster_003356	evm.utg1205.128	evm.utg1205.157	10	evm.utg1205.128;evm.utg1205.149;evm.utg1205.157;evm.utg1205.159;evm.utg1205.3;evm.utg1205.34;evm.utg1205.45;evm.utg1205.75;evm.utg1205.77;evm.utg1205.78	exact_python_fallback
dark_cluster_003356	evm.utg1205.128	evm.utg1205.159	10	evm.utg1205.128;evm.utg1205.149;evm.utg1205.157;evm.utg1205.159;evm.utg1205.3;evm.utg1205.34;evm.utg1205.45;evm.utg1205.75;evm.utg1205.77;evm.utg1205.78	exact_python_fallback
dark_cluster_003356	evm.utg1205.128	evm.utg1205.3	10	evm.utg1205.128;evm.utg1205.149;evm.utg1205.157;evm.utg1205.159;evm.utg1205.3;evm.utg1205.34;evm.utg1205.45;evm.utg1205.75;evm.utg1205.77;evm.utg1205.78	exact_python_fallback
dark_cluster_003356	evm.utg1205.128	evm.utg1205.34	10	evm.utg1205.128;evm.utg1205.149;evm.utg1205.157;evm.utg1205.159;evm.utg1205.3;evm.utg1205.34;evm.utg1205.45;evm.utg1205.75;evm.utg1205.77;evm.utg1205.78	exact_python_fallback
dark_cluster_003356	evm.utg1205.128	evm.utg1205.45	10	evm.utg1205.128;evm.utg1205.149;evm.utg1205.157;evm.utg1205.159;evm.utg1205.3;evm.utg1205.34;evm.utg1205.45;evm.utg1205.75;evm.utg1205.77;evm.utg1205.78	exact_python_fallback
dark_cluster_003356	evm.utg1205.128	evm.utg1205.75	10	evm.utg1205.128;evm.utg1205.149;evm.utg1205.157;evm.utg1205.159;evm.utg1205.3;evm.utg1205.34;evm.utg1205.45;evm.utg1205.75;evm.utg1205.77;evm.utg1205.78	exact_python_fallback
dark_cluster_003356	evm.utg1205.128	evm.utg1205.77	10	evm.utg1205.128;evm.utg1205.149;evm.utg1205.157;evm.utg1205.159;evm.utg1205.3;evm.utg1205.34;evm.utg1205.45;evm.utg1205.75;evm.utg1205.77;evm.utg1205.78	exact_python_fallback
dark_cluster_003356	evm.utg1205.128	evm.utg1205.78	10	evm.utg1205.128;evm.utg1205.149;evm.utg1205.157;evm.utg1205.159;evm.utg1205.3;evm.utg1205.34;evm.utg1205.45;evm.utg1205.75;evm.utg1205.77;evm.utg1205.78	exact_python_fallback
dark_cluster_003357	evm.utg7149.22	evm.utg7149.22	1	evm.utg7149.22	exact_python_fallback
dark_cluster_003358	evm.utg29.10	evm.utg29.10	2	evm.utg29.10;evm.utg29.8	exact_python_fallback
dark_cluster_003358	evm.utg29.10	evm.utg29.8	2	evm.utg29.10;evm.utg29.8	exact_python_fallback
dark_cluster_003359	evm.utg10041.6	evm.utg10041.6	1	evm.utg10041.6	exact_python_fallback
dark_cluster_003360	utg686.equina_smart_1470160.mrna2	utg686.equina_smart_1470160.mrna2	1	utg686.equina_smart_1470160.mrna2	exact_python_fallback
dark_cluster_003361	evm.utg2428.37	evm.utg2428.37	1	evm.utg2428.37	exact_python_fallback
dark_cluster_003362	evm.utg559.10	evm.utg559.10	2	evm.utg559.10;evm.utg559.5	exact_python_fallback
dark_cluster_003362	evm.utg559.10	evm.utg559.5	2	evm.utg559.10;evm.utg559.5	exact_python_fallback
dark_cluster_003363	evm.utg1403.13	evm.utg1403.13	3	evm.utg1403.13;evm.utg1403.16;evm.utg1403.6	exact_python_fallback
dark_cluster_003363	evm.utg1403.13	evm.utg1403.16	3	evm.utg1403.13;evm.utg1403.16;evm.utg1403.6	exact_python_fallback
dark_cluster_003363	evm.utg1403.13	evm.utg1403.6	3	evm.utg1403.13;evm.utg1403.16;evm.utg1403.6	exact_python_fallback
dark_cluster_003364	utg3019.equina_smart_1447786.mrna1	utg3019.equina_smart_1447786.mrna1	1	utg3019.equina_smart_1447786.mrna1	exact_python_fallback
dark_cluster_003365	utg30548.equina_smart_1479749.mrna3	utg30548.equina_smart_1479749.mrna3	1	utg30548.equina_smart_1479749.mrna3	exact_python_fallback
dark_cluster_003366	evm.utg33589.7	evm.utg33589.7	1	evm.utg33589.7	exact_python_fallback
dark_cluster_003367	utg5087.equina_smart_1457602.mrna1	utg5087.equina_smart_1457602.mrna1	1	utg5087.equina_smart_1457602.mrna1	exact_python_fallback
dark_cluster_003368	evm.utg15629.11	evm.utg15629.11	1	evm.utg15629.11	exact_python_fallback
dark_cluster_003369	evm.utg2201.5	evm.utg2201.5	1	evm.utg2201.5	exact_python_fallback
dark_cluster_003370	evm.utg243.21	evm.utg243.21	3	evm.utg243.21;evm.utg243.29;evm.utg243.4	exact_python_fallback
dark_cluster_003370	evm.utg243.21	evm.utg243.29	3	evm.utg243.21;evm.utg243.29;evm.utg243.4	exact_python_fallback
dark_cluster_003370	evm.utg243.21	evm.utg243.4	3	evm.utg243.21;evm.utg243.29;evm.utg243.4	exact_python_fallback
dark_cluster_003371	utg8726.equina_smart_1868970.mrna2	utg8726.equina_smart_1868970.mrna2	1	utg8726.equina_smart_1868970.mrna2	exact_python_fallback
