evm.utg4.1	SP(Sec/SPI)	0.995231	0.004769	CS pos: 23-24. TTG-YK. Pr: 0.5590
evm.utg4.5	SP(Sec/SPI)	0.996426	0.003574	CS pos: 23-24. TTG-YK. Pr: 0.5612
evm.utg4.32	SP(Sec/SPI)	0.971413	0.028587	CS pos: 20-21. CRG-TT. Pr: 0.7482
evm.utg4.53	SP(Sec/SPI)	0.970591	0.029409	CS pos: 23-24. SAC-HQ. Pr: 0.3694
evm.utg4.54	SP(Sec/SPI)	0.950748	0.049252	CS pos: 22-23. SLS-FE. Pr: 0.7770
evm.utg4.64	SP(Sec/SPI)	0.632811	0.367189	CS pos: 26-27. SKA-KD. Pr: 0.1320
evm.utg4.83	SP(Sec/SPI)	0.976314	0.023686	CS pos: 22-23. VCG-KE. Pr: 0.7139
evm.utg5.3	SP(Sec/SPI)	0.996894	0.003106	CS pos: 21-22. CEA-QE. Pr: 0.9487
evm.utg5.33	SP(Sec/SPI)	0.943668	0.056332	CS pos: 22-23. GRA-DD. Pr: 0.3131
evm.utg5.48	SP(Sec/SPI)	0.817740	0.182260	CS pos: 25-26. VFS-GN. Pr: 0.6270
evm.utg5.53	SP(Sec/SPI)	0.784555	0.215445	CS pos: 24-25. TFG-ES. Pr: 0.6678
evm.utg5.56	SP(Sec/SPI)	0.994651	0.005349	CS pos: 22-23. VSG-DI. Pr: 0.7709
evm.utg5.57	SP(Sec/SPI)	0.998601	0.001399	CS pos: 17-18. AHS-EE. Pr: 0.8686
evm.utg5.67	SP(Sec/SPI)	0.765113	0.234887	CS pos: 21-22. VYC-EV. Pr: 0.5771
evm.utg5.69	SP(Sec/SPI)	0.959376	0.040624	CS pos: 24-25. VWG-QA. Pr: 0.8781
evm.utg7.5	SP(Sec/SPI)	0.995177	0.004823	CS pos: 18-19. VSS-QQ. Pr: 0.9179
evm.utg7.12.1.5c22f35c	SP(Sec/SPI)	0.808908	0.191092	CS pos: 27-28. TAC-SV. Pr: 0.2216
evm.utg7.13	SP(Sec/SPI)	0.993850	0.006150	CS pos: 23-24. SEG-IS. Pr: 0.7477
evm.utg7.41	SP(Sec/SPI)	0.987942	0.012058	CS pos: 19-20. CDC-KR. Pr: 0.4790
evm.utg7.47	SP(Sec/SPI)	0.957977	0.042023	CS pos: 18-19. SFA-SS. Pr: 0.5077
evm.utg7.61	SP(Sec/SPI)	0.922801	0.077199	CS pos: 22-23. IAA-KK. Pr: 0.5928
evm.utg7.74	SP(Sec/SPI)	0.884487	0.115513	CS pos: 24-25. AHT-AS. Pr: 0.5643
evm.utg7.76	SP(Sec/SPI)	0.999142	0.000858	CS pos: 19-20. VEA-KP. Pr: 0.9833
evm.utg8.46	SP(Sec/SPI)	0.985211	0.014789	CS pos: 29-30. CFA-ED. Pr: 0.9012
evm.utg8.54	SP(Sec/SPI)	0.997459	0.002541	CS pos: 20-21. ISS-DS. Pr: 0.5544
evm.utg8.65	SP(Sec/SPI)	0.831726	0.168274	CS pos: 20-21. SLL-KN. Pr: 0.2474
evm.utg8.67	SP(Sec/SPI)	0.995069	0.004931	CS pos: 18-19. SSA-SL. Pr: 0.4129
evm.utg8.68	SP(Sec/SPI)	0.880828	0.119172	CS pos: 22-23. ASG-WW. Pr: 0.5585
evm.utg8.82	SP(Sec/SPI)	0.993352	0.006648	CS pos: 26-27. VKA-SA. Pr: 0.3755
evm.utg8.87	SP(Sec/SPI)	0.944341	0.055659	CS pos: 28-29. ATA-AI. Pr: 0.4233
evm.utg10.1	SP(Sec/SPI)	0.994051	0.005949	CS pos: 21-22. NDA-QS. Pr: 0.5615
evm.utg10.10	SP(Sec/SPI)	0.953834	0.046166	CS pos: 25-26. TKL-EP. Pr: 0.4265
evm.utg10.15	SP(Sec/SPI)	0.988935	0.011065	CS pos: 18-19. VIS-EF. Pr: 0.7695
utg10.equina_smart_120628.mrna2	SP(Sec/SPI)	0.999658	0.000342	CS pos: 19-20. VLA-AK. Pr: 0.8079
evm.utg10.21	SP(Sec/SPI)	0.996339	0.003661	CS pos: 27-28. INT-TP. Pr: 0.4546
evm.utg10.45	SP(Sec/SPI)	0.683412	0.316588	CS pos: 29-30. IES-KD. Pr: 0.3681
evm.utg13.2	SP(Sec/SPI)	0.982476	0.017524	CS pos: 18-19. VIS-EF. Pr: 0.7759
utg13.equina_smart_120628.mrna1	SP(Sec/SPI)	0.999584	0.000416	CS pos: 19-20. VLA-AK. Pr: 0.8351
evm.utg13.15	SP(Sec/SPI)	0.992641	0.007359	CS pos: 27-28. INT-TP. Pr: 0.5178
evm.utg13.20	SP(Sec/SPI)	0.880627	0.119373	CS pos: 15-16. TEC-VL. Pr: 0.6179
evm.utg13.30	SP(Sec/SPI)	0.729102	0.270898	CS pos: 29-30. IDS-KD. Pr: 0.3732
evm.utg13.39	SP(Sec/SPI)	0.899081	0.100919	CS pos: 25-26. TKL-EP. Pr: 0.3260
evm.utg13.41	SP(Sec/SPI)	0.989110	0.010890	CS pos: 17-18. VKG-YK. Pr: 0.5902
evm.utg13.43	SP(Sec/SPI)	0.996002	0.003998	CS pos: 21-22. SHA-SS. Pr: 0.7394
evm.utg13.46	SP(Sec/SPI)	0.849379	0.150621	CS pos: 21-22. NNA-QR. Pr: 0.6157
evm.utg13.50	SP(Sec/SPI)	0.995266	0.004734	CS pos: 19-20. VKG-NK. Pr: 0.9562
evm.utg13.68.70.1.5c278fc1	SP(Sec/SPI)	0.698842	0.301158	CS pos: 23-24. SSS-FK. Pr: 0.5517
evm.utg13.72	SP(Sec/SPI)	0.982142	0.017858	CS pos: 30-31. VLA-DP. Pr: 0.4887
utg13.equina_smart_75763.mrna1	SP(Sec/SPI)	0.995223	0.004777	CS pos: 19-20. CQG-SA. Pr: 0.6887
evm.utg14.24	SP(Sec/SPI)	0.830622	0.169378	CS pos: 26-27. VYT-AY. Pr: 0.6546
evm.utg14.44	SP(Sec/SPI)	0.995960	0.004040	CS pos: 24-25. TQA-KD. Pr: 0.7635
evm.utg14.47	SP(Sec/SPI)	0.940075	0.059925	CS pos: 23-24. CES-GC. Pr: 0.7188
evm.utg14.50	SP(Sec/SPI)	0.993884	0.006116	CS pos: 15-16. ALA-GF. Pr: 0.7524
evm.utg14.56	SP(Sec/SPI)	0.813815	0.186185	CS pos: 23-24. CES-GC. Pr: 0.4708
evm.utg14.61	SP(Sec/SPI)	0.922114	0.077886	CS pos: 23-24. CES-GC. Pr: 0.6924
evm.utg14.62	SP(Sec/SPI)	0.683303	0.316697	CS pos: 17-18. SLV-KE. Pr: 0.1973
evm.utg14.63	SP(Sec/SPI)	0.777704	0.222296	CS pos: 24-25. CES-GC. Pr: 0.5832
evm.utg14.70	SP(Sec/SPI)	0.934744	0.065256	CS pos: 23-24. CES-GC. Pr: 0.7057
evm.utg14.71	SP(Sec/SPI)	0.849881	0.150119	CS pos: 23-24. CES-GC. Pr: 0.5784
evm.utg14.72	SP(Sec/SPI)	0.977351	0.022649	CS pos: 19-20. SFA-KT. Pr: 0.9040
evm.utg14.73	SP(Sec/SPI)	0.989180	0.010820	CS pos: 23-24. TNA-DE. Pr: 0.8466
evm.utg14.85	SP(Sec/SPI)	0.954369	0.045631	CS pos: 23-24. ILA-DS. Pr: 0.7835
utg14.equina_smart_1433514.mrna2	SP(Sec/SPI)	0.998600	0.001400	CS pos: 22-23. ING-LK. Pr: 0.7860
evm.utg18.10	SP(Sec/SPI)	0.999156	0.000844	CS pos: 22-23. VES-GG. Pr: 0.9370
evm.utg18.11	SP(Sec/SPI)	0.997324	0.002676	CS pos: 21-22. AQA-RQ. Pr: 0.8216
evm.utg18.12	SP(Sec/SPI)	0.905449	0.094551	CS pos: 23-24. SHA-SY. Pr: 0.7815
utg18.equina_smart_1392376.mrna1	SP(Sec/SPI)	0.997615	0.002385	CS pos: 23-24. SNG-EC. Pr: 0.7945
evm.utg18.30	SP(Sec/SPI)	0.626120	0.373880	CS pos: 19-20. LNG-SY. Pr: 0.5314
utg18.evm.utg1597.50.mrna2	SP(Sec/SPI)	0.976836	0.023164	CS pos: 19-20. GGC-RD. Pr: 0.7190
evm.utg18.41	SP(Sec/SPI)	0.991494	0.008506	CS pos: 17-18. ADG-WW. Pr: 0.7986
evm.utg18.53	SP(Sec/SPI)	0.995457	0.004543	CS pos: 19-20. SSS-EE. Pr: 0.7108
evm.utg18.58	SP(Sec/SPI)	0.950411	0.049589	CS pos: 25-26. ACG-QQ. Pr: 0.2631
evm.utg18.64	SP(Sec/SPI)	0.992720	0.007280	CS pos: 21-22. CVG-QR. Pr: 0.7407
evm.utg18.66	SP(Sec/SPI)	0.975112	0.024888	CS pos: 21-22. VLC-LP. Pr: 0.7565
evm.utg18.77	SP(Sec/SPI)	0.975471	0.024529	CS pos: 24-25. VQK-AF. Pr: 0.4116
evm.utg27.12	SP(Sec/SPI)	0.731922	0.268078	CS pos: 24-25. VDG-LY. Pr: 0.6847
evm.utg27.16.1.5c22ee07	SP(Sec/SPI)	0.993025	0.006975	CS pos: 18-19. VTC-DV. Pr: 0.6560
evm.utg27.33	SP(Sec/SPI)	0.816238	0.183762	CS pos: 31-32. TSS-SP. Pr: 0.5832
evm.utg27.36	SP(Sec/SPI)	0.960557	0.039443	CS pos: 26-27. VRG-MP. Pr: 0.8230
evm.utg27.37	SP(Sec/SPI)	0.995616	0.004384	CS pos: 21-22. VQS-SV. Pr: 0.7846
evm.utg27.41	SP(Sec/SPI)	0.569778	0.430222	CS pos: 20-21. MMI-YD. Pr: 0.0954
evm.utg27.46	SP(Sec/SPI)	0.720758	0.279242	CS pos: 18-19. VVS-VF. Pr: 0.3341
evm.utg27.55	SP(Sec/SPI)	0.968661	0.031339	CS pos: 19-20. VFA-VA. Pr: 0.6053
evm.utg27.59	SP(Sec/SPI)	0.522268	0.477732	CS pos: 18-19. LWA-NM. Pr: 0.3397
evm.utg27.60	SP(Sec/SPI)	0.998606	0.001394	CS pos: 17-18. VCA-SE. Pr: 0.5931
utg27.equina_smart_1392735.mrna1	SP(Sec/SPI)	0.998364	0.001636	CS pos: 15-16. ANA-FP. Pr: 0.9205
evm.utg27.62	SP(Sec/SPI)	0.973944	0.026056	CS pos: 21-22. CHI-SI. Pr: 0.2298
evm.utg27.143.1.5c22ee17	SP(Sec/SPI)	0.864506	0.135494	CS pos: 16-17. GRG-SR. Pr: 0.4265
evm.utg27.145	SP(Sec/SPI)	0.996001	0.003999	CS pos: 27-28. TSA-LR. Pr: 0.9616
evm.utg29.6	SP(Sec/SPI)	0.985228	0.014772	CS pos: 17-18. AQA-IL. Pr: 0.9161
evm.utg29.20	SP(Sec/SPI)	0.715292	0.284708	CS pos: 23-24. GCG-LI. Pr: 0.1873
utg31.equina_smart_274863.mrna1	SP(Sec/SPI)	0.729177	0.270823	CS pos: 28-29. PES-TK. Pr: 0.3201
evm.utg34.9	SP(Sec/SPI)	0.983095	0.016905	CS pos: 24-25. ATA-LL. Pr: 0.7231
evm.utg34.10	SP(Sec/SPI)	0.905223	0.094777	CS pos: 19-20. TCS-VS. Pr: 0.2246
evm.utg34.11	SP(Sec/SPI)	0.905978	0.094022	CS pos: 19-20. TYS-VT. Pr: 0.7404
evm.utg34.17	SP(Sec/SPI)	0.987509	0.012491	CS pos: 23-24. AWA-NS. Pr: 0.8340
evm.utg35.21	SP(Sec/SPI)	0.983183	0.016817	CS pos: 18-19. TFS-SV. Pr: 0.3234
evm.utg47.1	SP(Sec/SPI)	0.637379	0.362621	CS pos: 15-16. VET-LN. Pr: 0.4839
evm.utg47.12	SP(Sec/SPI)	0.990768	0.009232	CS pos: 20-21. SLA-GV. Pr: 0.7492
evm.utg47.14	SP(Sec/SPI)	0.974642	0.025358	CS pos: 26-27. VKG-DQ. Pr: 0.4043
evm.utg47.24	SP(Sec/SPI)	0.995088	0.004912	CS pos: 17-18. VCG-RP. Pr: 0.6754
evm.utg48.15	SP(Sec/SPI)	0.997742	0.002258	CS pos: 20-21. VKA-SE. Pr: 0.9697
evm.utg48.18	SP(Sec/SPI)	0.983703	0.016297	CS pos: 24-25. VMA-DT. Pr: 0.8638
evm.utg48.20	SP(Sec/SPI)	0.954422	0.045578	CS pos: 24-25. VVA-DT. Pr: 0.8439
evm.utg48.21	SP(Sec/SPI)	0.970920	0.029080	CS pos: 24-25. VMA-DT. Pr: 0.9158
evm.utg48.22	SP(Sec/SPI)	0.988382	0.011618	CS pos: 24-25. VMA-DT. Pr: 0.9352
evm.utg48.23	SP(Sec/SPI)	0.954422	0.045578	CS pos: 24-25. VVA-DT. Pr: 0.8439
evm.utg48.25	SP(Sec/SPI)	0.954422	0.045578	CS pos: 24-25. VVA-DT. Pr: 0.8439
evm.utg48.26	SP(Sec/SPI)	0.986308	0.013692	CS pos: 24-25. VMA-DT. Pr: 0.9340
evm.utg48.27	SP(Sec/SPI)	0.933601	0.066399	CS pos: 24-25. VMA-YT. Pr: 0.7563
evm.utg48.53	SP(Sec/SPI)	0.994594	0.005406	CS pos: 20-21. ING-QQ. Pr: 0.7245
evm.utg49.2	SP(Sec/SPI)	0.740527	0.259473	CS pos: 24-25. LTT-KR. Pr: 0.1682
evm.utg49.9	SP(Sec/SPI)	0.992711	0.007289	CS pos: 21-22. VNA-DF. Pr: 0.9829
evm.utg49.10	SP(Sec/SPI)	0.822895	0.177105	CS pos: 22-23. VTS-DI. Pr: 0.7256
evm.utg52.1	SP(Sec/SPI)	0.646128	0.353872	CS pos: 32-33. ATA-ID. Pr: 0.3582
evm.utg52.2	SP(Sec/SPI)	0.974527	0.025473	CS pos: 21-22. CSS-KD. Pr: 0.6111
evm.utg52.10	SP(Sec/SPI)	0.636901	0.363099	CS pos: 28-29. SHS-YI. Pr: 0.4889
evm.utg52.19	SP(Sec/SPI)	0.999817	0.000183	CS pos: 20-21. SYG-AD. Pr: 0.9023
evm.utg52.26	SP(Sec/SPI)	0.980922	0.019078	CS pos: 23-24. GVA-EV. Pr: 0.4690
evm.utg52.27	SP(Sec/SPI)	0.959145	0.040855	CS pos: 23-24. IYG-QL. Pr: 0.8982
evm.utg52.41	SP(Sec/SPI)	0.980109	0.019891	CS pos: 21-22. VFT-AQ. Pr: 0.5146
evm.utg52.45	SP(Sec/SPI)	0.799856	0.200144	CS pos: 29-30. VIA-QE. Pr: 0.3788
evm.utg52.52.1.5c22f1d5	SP(Sec/SPI)	0.998495	0.001505	CS pos: 22-23. SSG-RI. Pr: 0.3886
evm.utg52.67	SP(Sec/SPI)	0.992972	0.007028	CS pos: 20-21. CNG-HK. Pr: 0.6823
evm.utg52.73	SP(Sec/SPI)	0.572851	0.427149	CS pos: 28-29. NLG-FE. Pr: 0.3601
evm.utg52.89	SP(Sec/SPI)	0.913849	0.086151	CS pos: 20-21. LIS-AP. Pr: 0.6282
evm.utg52.90	SP(Sec/SPI)	0.990960	0.009040	CS pos: 19-20. IQA-AS. Pr: 0.7280
evm.utg52.93	SP(Sec/SPI)	0.958904	0.041096	CS pos: 21-22. CYP-AP. Pr: 0.5791
evm.utg52.97	SP(Sec/SPI)	0.885398	0.114602	CS pos: 35-36. AIA-AT. Pr: 0.7053
evm.utg52.99	SP(Sec/SPI)	0.999367	0.000633	CS pos: 22-23. TQA-TS. Pr: 0.9540
evm.utg52.100	SP(Sec/SPI)	0.999410	0.000590	CS pos: 22-23. TQA-TS. Pr: 0.8830
evm.utg52.101	SP(Sec/SPI)	0.987842	0.012158	CS pos: 20-21. TLG-WP. Pr: 0.7823
evm.utg52.103	SP(Sec/SPI)	0.993723	0.006277	CS pos: 20-21. SFS-WP. Pr: 0.3760
evm.utg52.105.1.5c22f1c9	SP(Sec/SPI)	0.881645	0.118355	CS pos: 20-21. INS-GV. Pr: 0.6693
evm.utg52.106	SP(Sec/SPI)	0.994255	0.005745	CS pos: 25-26. ANS-ED. Pr: 0.9658
evm.utg52.111	SP(Sec/SPI)	0.995751	0.004249	CS pos: 17-18. ANG-RK. Pr: 0.9718
evm.utg52.112	SP(Sec/SPI)	0.857596	0.142404	CS pos: 21-22. TYA-KV. Pr: 0.8031
evm.utg52.118	SP(Sec/SPI)	0.995114	0.004886	CS pos: 23-24. GEP-QS. Pr: 0.5762
evm.utg52.122	SP(Sec/SPI)	0.784072	0.215928	CS pos: 20-21. GFC-ML. Pr: 0.5028
evm.utg52.123	SP(Sec/SPI)	0.836605	0.163395	CS pos: 20-21. GFC-IL. Pr: 0.5073
evm.utg52.124	SP(Sec/SPI)	0.733084	0.266916	CS pos: 20-21. GFC-IL. Pr: 0.5293
utg52.equina_smart_1128767.mrna1	SP(Sec/SPI)	0.891801	0.108199	CS pos: 21-22. VSF-QE. Pr: 0.4334
evm.utg52.145	SP(Sec/SPI)	0.969085	0.030915	CS pos: 20-21. TLA-LP. Pr: 0.7340
evm.utg54.4	SP(Sec/SPI)	0.984897	0.015103	CS pos: 24-25. AKC-EK. Pr: 0.8540
evm.utg54.5	SP(Sec/SPI)	0.993675	0.006325	CS pos: 27-28. GYA-VE. Pr: 0.9592
evm.utg54.8	SP(Sec/SPI)	0.998677	0.001323	CS pos: 25-26. TLA-VN. Pr: 0.9185
evm.utg54.9	SP(Sec/SPI)	0.999769	0.000231	CS pos: 22-23. ATA-TN. Pr: 0.9536
utg54.equina_smart_1393695.mrna1	SP(Sec/SPI)	0.951422	0.048578	CS pos: 23-24. VNS-NI. Pr: 0.4808
utg54.equina_smart_1393700.mrna1	SP(Sec/SPI)	0.999743	0.000257	CS pos: 22-23. ATA-TN. Pr: 0.9725
evm.utg54.10	SP(Sec/SPI)	0.998579	0.001421	CS pos: 23-24. TGL-NS. Pr: 0.3694
evm.utg54.12	SP(Sec/SPI)	0.998202	0.001798	CS pos: 20-21. VSS-LD. Pr: 0.8338
evm.utg54.15	SP(Sec/SPI)	0.999818	0.000182	CS pos: 23-24. AQA-LQ. Pr: 0.9812
evm.utg54.18	SP(Sec/SPI)	0.997853	0.002147	CS pos: 20-21. VSS-LN. Pr: 0.9582
evm.utg54.19	SP(Sec/SPI)	0.999349	0.000651	CS pos: 18-19. SES-KN. Pr: 0.8470
evm.utg54.20	SP(Sec/SPI)	0.990827	0.009173	CS pos: 23-24. VSS-LQ. Pr: 0.9145
evm.utg54.21	SP(Sec/SPI)	0.979013	0.020987	CS pos: 20-21. TET-LK. Pr: 0.9256
evm.utg54.25	SP(Sec/SPI)	0.927010	0.072990	CS pos: 22-23. VHA-VS. Pr: 0.8974
evm.utg55.19	SP(Sec/SPI)	0.880413	0.119587	CS pos: 25-26. CQG-EL. Pr: 0.7694
evm.utg55.27	SP(Sec/SPI)	0.903893	0.096107	CS pos: 25-26. CQG-ES. Pr: 0.7707
evm.utg55.30.31.1.5c279622	SP(Sec/SPI)	0.916119	0.083881	CS pos: 22-23. TVA-EF. Pr: 0.7546
evm.utg55.35	SP(Sec/SPI)	0.998234	0.001766	CS pos: 22-23. ALA-AK. Pr: 0.8930
evm.utg55.62	SP(Sec/SPI)	0.887804	0.112196	CS pos: 24-25. AEA-KS. Pr: 0.6840
evm.utg55.69.1.5c22f227	SP(Sec/SPI)	0.975345	0.024655	CS pos: 24-25. CHA-RP. Pr: 0.9500
evm.utg55.71	SP(Sec/SPI)	0.621091	0.378909	CS pos: 23-24. VFA-NV. Pr: 0.5596
evm.utg55.72	SP(Sec/SPI)	0.830462	0.169538	CS pos: 25-26. ASC-QH. Pr: 0.4188
evm.utg55.76	SP(Sec/SPI)	0.954528	0.045472	CS pos: 20-21. VEN-SF. Pr: 0.5326
evm.utg55.89	SP(Sec/SPI)	0.572624	0.427376	CS pos: 20-21. VKL-DE. Pr: 0.1778
evm.utg55.93	SP(Sec/SPI)	0.961692	0.038308	CS pos: 25-26. LDG-DT. Pr: 0.4406
evm.utg55.94	SP(Sec/SPI)	0.851955	0.148045	CS pos: 15-16. VVA-KP. Pr: 0.6919
evm.utg55.95	SP(Sec/SPI)	0.990550	0.009450	CS pos: 15-16. ASA-NT. Pr: 0.6523
evm.utg55.111	SP(Sec/SPI)	0.983186	0.016814	CS pos: 18-19. AFG-QN. Pr: 0.9219
evm.utg55.121	SP(Sec/SPI)	0.958500	0.041500	CS pos: 18-19. SEQ-NI. Pr: 0.7277
evm.utg55.145	SP(Sec/SPI)	0.998212	0.001788	CS pos: 16-17. CEG-SE. Pr: 0.9372
utg55.equina_smart_1394036.mrna1	SP(Sec/SPI)	0.954508	0.045492	CS pos: 22-23. VSG-FL. Pr: 0.8445
evm.utg55.175	SP(Sec/SPI)	0.611096	0.388904	CS pos: 16-17. YDA-YR. Pr: 0.2346
evm.utg55.179	SP(Sec/SPI)	0.824209	0.175791	CS pos: 30-31. AYA-QP. Pr: 0.2357
evm.utg55.187	SP(Sec/SPI)	0.998741	0.001259	CS pos: 18-19. AQA-NN. Pr: 0.9604
evm.utg55.197	SP(Sec/SPI)	0.994768	0.005232	CS pos: 21-22. SSC-ST. Pr: 0.7833
evm.utg55.202	SP(Sec/SPI)	0.994358	0.005642	CS pos: 23-24. TNA-IT. Pr: 0.8347
evm.utg55.204	SP(Sec/SPI)	0.955628	0.044372	CS pos: 18-19. VSA-ST. Pr: 0.5216
evm.utg55.206	SP(Sec/SPI)	0.986399	0.013601	CS pos: 22-23. SSC-YD. Pr: 0.4051
evm.utg55.212	SP(Sec/SPI)	0.981567	0.018433	CS pos: 20-21. VVA-QV. Pr: 0.5222
evm.utg55.214	SP(Sec/SPI)	0.862256	0.137744	CS pos: 29-30. TFS-QE. Pr: 0.7361
utg55.equina_smart_1394298.mrna1	SP(Sec/SPI)	0.990207	0.009793	CS pos: 20-21. VQQ-GP. Pr: 0.3773
utg55.equina_smart_490813.mrna1	SP(Sec/SPI)	0.946361	0.053639	CS pos: 26-27. VDC-AD. Pr: 0.7399
utg55.equina_smart_986455.mrna1	SP(Sec/SPI)	0.976589	0.023411	CS pos: 26-27. VYS-GT. Pr: 0.8296
utg55.evm.utg5901.19.mrna2	SP(Sec/SPI)	0.981250	0.018750	CS pos: 26-27. VYS-GT. Pr: 0.8848
utg55.equina_smart_1394323.mrna1	SP(Sec/SPI)	0.956268	0.043732	CS pos: 27-28. ASA-SH. Pr: 0.7477
utg55.equina_smart_376502.mrna1	SP(Sec/SPI)	0.997014	0.002986	CS pos: 23-24. TNA-IT. Pr: 0.6928
utg55.equina_smart_1394335.mrna1	SP(Sec/SPI)	0.725872	0.274128	CS pos: 26-27. VNS-LP. Pr: 0.5341
evm.utg56.14	SP(Sec/SPI)	0.848968	0.151032	CS pos: 24-25. IRG-EQ. Pr: 0.3819
evm.utg56.29	SP(Sec/SPI)	0.500557	0.499443	CS pos: 25-26. CER-LT. Pr: 0.3007
evm.utg56.32.33	SP(Sec/SPI)	0.978543	0.021457	CS pos: 18-19. VIG-EF. Pr: 0.8469
evm.utg56.36	SP(Sec/SPI)	0.982256	0.017744	CS pos: 20-21. SNG-AS. Pr: 0.7140
evm.utg56.40	SP(Sec/SPI)	0.932731	0.067269	CS pos: 15-16. VSS-KV. Pr: 0.8050
evm.utg56.42	SP(Sec/SPI)	0.992205	0.007795	CS pos: 23-24. GHG-YM. Pr: 0.5061
evm.utg56.43	SP(Sec/SPI)	0.995690	0.004310	CS pos: 23-24. SHG-YT. Pr: 0.5221
evm.utg56.45	SP(Sec/SPI)	0.996247	0.003753	CS pos: 23-24. GHG-YM. Pr: 0.6149
evm.utg56.46	SP(Sec/SPI)	0.998040	0.001960	CS pos: 23-24. GHG-YI. Pr: 0.4850
evm.utg56.48	SP(Sec/SPI)	0.997652	0.002348	CS pos: 21-22. VAG-HG. Pr: 0.7995
evm.utg56.49	SP(Sec/SPI)	0.998124	0.001876	CS pos: 24-25. SHG-RM. Pr: 0.8278
evm.utg56.57	SP(Sec/SPI)	0.966524	0.033476	CS pos: 22-23. SQS-QR. Pr: 0.6072
evm.utg56.70	SP(Sec/SPI)	0.569449	0.430551	CS pos: 28-29. GLG-HI. Pr: 0.2788
evm.utg56.72	SP(Sec/SPI)	0.510799	0.489201	CS pos: 28-29. CLG-EF. Pr: 0.3803
evm.utg57.2	SP(Sec/SPI)	0.997350	0.002650	CS pos: 19-20. AES-TT. Pr: 0.8432
evm.utg57.13.15	SP(Sec/SPI)	0.951313	0.048687	CS pos: 20-21. VNA-RF. Pr: 0.8330
evm.utg57.38	SP(Sec/SPI)	0.977004	0.022996	CS pos: 26-27. VYS-GT. Pr: 0.8823
evm.utg57.39	SP(Sec/SPI)	0.985368	0.014632	CS pos: 26-27. VSA-KP. Pr: 0.9521
evm.utg62.4	SP(Sec/SPI)	0.998387	0.001613	CS pos: 20-21. AES-TS. Pr: 0.6506
evm.utg62.11	SP(Sec/SPI)	0.997072	0.002928	CS pos: 16-17. VLS-NQ. Pr: 0.5865
evm.utg62.21	SP(Sec/SPI)	0.970984	0.029016	CS pos: 21-22. MEA-RF. Pr: 0.4431
evm.utg62.71	SP(Sec/SPI)	0.983814	0.016186	CS pos: 22-23. SLA-VS. Pr: 0.4759
evm.utg62.103	SP(Sec/SPI)	0.725970	0.274030	CS pos: 25-26. ALS-IL. Pr: 0.3075
evm.utg62.109	SP(Sec/SPI)	0.997983	0.002017	CS pos: 23-24. SLA-ER. Pr: 0.7881
evm.utg62.122	SP(Sec/SPI)	0.996448	0.003552	CS pos: 22-23. TNA-AE. Pr: 0.7397
evm.utg62.128.1.5c22f2db	SP(Sec/SPI)	0.997884	0.002116	CS pos: 18-19. SQA-YD. Pr: 0.9554
evm.utg62.139	SP(Sec/SPI)	0.757960	0.242040	CS pos: 28-29. TRN-VT. Pr: 0.3377
evm.utg62.140	SP(Sec/SPI)	0.994020	0.005980	CS pos: 17-18. AFS-SK. Pr: 0.8855
evm.utg62.144	SP(Sec/SPI)	0.556601	0.443399	CS pos: 28-29. VDG-YH. Pr: 0.5497
evm.utg62.158	SP(Sec/SPI)	0.610905	0.389095	CS pos: 22-23. ISP-QS. Pr: 0.1845
evm.utg64.9	SP(Sec/SPI)	0.907164	0.092836	CS pos: 26-27. STA-GK. Pr: 0.4152
evm.utg64.20	SP(Sec/SPI)	0.949517	0.050483	CS pos: 25-26. VKG-KP. Pr: 0.4250
evm.utg64.22	SP(Sec/SPI)	0.714202	0.285798	CS pos: 26-27. ING-RN. Pr: 0.4802
evm.utg64.25	SP(Sec/SPI)	0.966350	0.033650	CS pos: 17-18. GQS-AL. Pr: 0.4898
evm.utg64.29	SP(Sec/SPI)	0.950334	0.049666	CS pos: 21-22. SLG-VP. Pr: 0.8763
evm.utg64.35	SP(Sec/SPI)	0.966019	0.033981	CS pos: 26-27. ANA-QE. Pr: 0.6736
evm.utg64.36	SP(Sec/SPI)	0.991242	0.008758	CS pos: 26-27. AHA-QS. Pr: 0.7778
evm.utg72.2	SP(Sec/SPI)	0.978908	0.021092	CS pos: 20-21. SDC-QN. Pr: 0.5526
evm.utg72.4	SP(Sec/SPI)	0.968759	0.031241	CS pos: 15-16. SRA-IQ. Pr: 0.2499
evm.utg72.9	SP(Sec/SPI)	0.986871	0.013129	CS pos: 24-25. SRS-AP. Pr: 0.9113
evm.utg72.11	SP(Sec/SPI)	0.623751	0.376249	CS pos: 30-31. VKG-DD. Pr: 0.6051
evm.utg72.16	SP(Sec/SPI)	0.996686	0.003314	CS pos: 19-20. TWA-FP. Pr: 0.8856
evm.utg73.2	SP(Sec/SPI)	0.709249	0.290751	CS pos: 22-23. ISS-NT. Pr: 0.4531
evm.utg73.23	SP(Sec/SPI)	0.943872	0.056128	CS pos: 17-18. VHG-GM. Pr: 0.6188
evm.utg73.27	SP(Sec/SPI)	0.785651	0.214349	CS pos: 27-28. STS-NN. Pr: 0.3683
evm.utg73.30	SP(Sec/SPI)	0.997478	0.002522	CS pos: 29-30. TQA-TN. Pr: 0.9493
evm.utg73.33	SP(Sec/SPI)	0.987265	0.012735	CS pos: 20-21. TKC-SC. Pr: 0.3401
evm.utg73.41	SP(Sec/SPI)	0.660364	0.339636	CS pos: 21-22. SEG-IT. Pr: 0.4567
evm.utg73.49	SP(Sec/SPI)	0.859257	0.140743	CS pos: 20-21. TLR-SS. Pr: 0.2514
evm.utg73.51	SP(Sec/SPI)	0.964017	0.035983	CS pos: 22-23. SSS-SE. Pr: 0.5062
evm.utg73.52	SP(Sec/SPI)	0.992386	0.007614	CS pos: 21-22. IDA-SK. Pr: 0.9313
evm.utg73.53	SP(Sec/SPI)	0.991887	0.008113	CS pos: 23-24. AAG-KA. Pr: 0.4731
evm.utg73.54	SP(Sec/SPI)	0.990975	0.009025	CS pos: 22-23. IAG-DK. Pr: 0.5563
evm.utg73.55	SP(Sec/SPI)	0.972885	0.027115	CS pos: 23-24. ATA-AK. Pr: 0.7010
evm.utg73.64	SP(Sec/SPI)	0.996450	0.003550	CS pos: 19-20. VYG-SN. Pr: 0.8698
evm.utg73.71.4.5c22f3c0	SP(Sec/SPI)	0.996098	0.003902	CS pos: 19-20. FKA-EE. Pr: 0.8534
evm.utg73.72	SP(Sec/SPI)	0.670611	0.329389	CS pos: 18-19. ALG-EM. Pr: 0.2641
evm.utg73.75	SP(Sec/SPI)	0.993777	0.006223	CS pos: 26-27. SSA-LT. Pr: 0.9273
evm.utg73.78	SP(Sec/SPI)	0.998400	0.001600	CS pos: 23-24. SLA-QD. Pr: 0.9609
evm.utg73.110	SP(Sec/SPI)	0.520346	0.479654	CS pos: 28-29. SDA-DC. Pr: 0.4472
evm.utg73.114	SP(Sec/SPI)	0.995102	0.004898	CS pos: 22-23. VQS-SH. Pr: 0.9454
utg73.equina_smart_1320238.mrna1	SP(Sec/SPI)	0.994719	0.005281	CS pos: 22-23. VQS-SH. Pr: 0.9445
utg73.equina_smart_1395412.mrna1	SP(Sec/SPI)	0.999748	0.000252	CS pos: 21-22. CNS-NP. Pr: 0.8304
evm.utg73.122	SP(Sec/SPI)	0.991654	0.008346	CS pos: 24-25. LEA-VQ. Pr: 0.5110
evm.utg73.135	SP(Sec/SPI)	0.965302	0.034698	CS pos: 25-26. VRG-ST. Pr: 0.9099
evm.utg77.4	SP(Sec/SPI)	0.999281	0.000719	CS pos: 21-22. AHS-QS. Pr: 0.7966
evm.utg77.21	SP(Sec/SPI)	0.984527	0.015473	CS pos: 19-20. TSC-RC. Pr: 0.5911
evm.utg77.34.27.1.5c2797bb	SP(Sec/SPI)	0.993503	0.006497	CS pos: 21-22. VES-AD. Pr: 0.8046
evm.utg77.28	SP(Sec/SPI)	0.506681	0.493319	CS pos: 40-41. AFG-TH. Pr: 0.4163
evm.utg77.29	SP(Sec/SPI)	0.960962	0.039038	CS pos: 21-22. VDS-RG. Pr: 0.4041
evm.utg77.32	SP(Sec/SPI)	0.997750	0.002250	CS pos: 20-21. GDG-ES. Pr: 0.6859
evm.utg77.36	SP(Sec/SPI)	0.832828	0.167172	CS pos: 20-21. TGS-KV. Pr: 0.3727
evm.utg77.40	SP(Sec/SPI)	0.987903	0.012097	CS pos: 17-18. VNP-CF. Pr: 0.5871
evm.utg77.41	SP(Sec/SPI)	0.987903	0.012097	CS pos: 17-18. VNP-CF. Pr: 0.5871
evm.utg77.50	SP(Sec/SPI)	0.915433	0.084567	CS pos: 22-23. TLA-YR. Pr: 0.8526
evm.utg77.52	SP(Sec/SPI)	0.640756	0.359244	CS pos: 26-27. TQG-NT. Pr: 0.3509
evm.utg77.92	SP(Sec/SPI)	0.971396	0.028604	CS pos: 19-20. TEG-TQ. Pr: 0.7808
evm.utg77.93	SP(Sec/SPI)	0.866224	0.133776	CS pos: 21-22. VTG-EK. Pr: 0.5829
utg77.equina_smart_790566.mrna1	SP(Sec/SPI)	0.998467	0.001533	CS pos: 19-20. TEG-KQ. Pr: 0.9822
evm.utg77.98	SP(Sec/SPI)	0.930364	0.069636	CS pos: 24-25. AHT-AS. Pr: 0.6120
evm.utg77.99	SP(Sec/SPI)	0.857386	0.142614	CS pos: 24-25. VLG-ST. Pr: 0.6280
evm.utg77.101	SP(Sec/SPI)	0.936166	0.063834	CS pos: 23-24. VIP-QI. Pr: 0.4364
evm.utg77.104.2.5c22f416	SP(Sec/SPI)	0.985629	0.014371	CS pos: 19-20. TLA-QE. Pr: 0.9100
evm.utg77.120	SP(Sec/SPI)	0.998253	0.001747	CS pos: 21-22. LLG-AS. Pr: 0.3735
evm.utg77.122	SP(Sec/SPI)	0.904457	0.095543	CS pos: 17-18. SQQ-AP. Pr: 0.4142
evm.utg77.123	SP(Sec/SPI)	0.988137	0.011863	CS pos: 23-24. ING-VT. Pr: 0.4484
evm.utg77.125	SP(Sec/SPI)	0.999580	0.000420	CS pos: 19-20. SDA-VV. Pr: 0.8840
evm.utg77.127	SP(Sec/SPI)	0.650063	0.349937	CS pos: 37-38. TQA-KR. Pr: 0.4440
evm.utg77.140	SP(Sec/SPI)	0.776469	0.223531	CS pos: 42-43. TVA-CP. Pr: 0.6045
evm.utg77.141	SP(Sec/SPI)	0.984302	0.015698	CS pos: 17-18. ATS-IP. Pr: 0.4802
evm.utg77.162	SP(Sec/SPI)	0.989465	0.010535	CS pos: 16-17. ALA-TP. Pr: 0.7673
evm.utg77.163	SP(Sec/SPI)	0.989688	0.010312	CS pos: 20-21. SNS-AP. Pr: 0.8328
evm.utg77.165	SP(Sec/SPI)	0.687782	0.312218	CS pos: 30-31. VDA-TN. Pr: 0.5582
evm.utg77.167	SP(Sec/SPI)	0.941151	0.058849	CS pos: 18-19. TLQ-NP. Pr: 0.4379
evm.utg77.169	SP(Sec/SPI)	0.997515	0.002485	CS pos: 18-19. LDA-KC. Pr: 0.8056
evm.utg78.11	SP(Sec/SPI)	0.505196	0.494804	CS pos: 19-20. VIS-TT. Pr: 0.1731
evm.utg78.23	SP(Sec/SPI)	0.971826	0.028174	CS pos: 17-18. ALA-TV. Pr: 0.7910
evm.utg78.55.1.5c22f41f	SP(Sec/SPI)	0.995732	0.004268	CS pos: 17-18. ANG-FV. Pr: 0.7883
evm.utg78.66	SP(Sec/SPI)	0.973112	0.026888	CS pos: 29-30. TNG-QQ. Pr: 0.9441
evm.utg78.68	SP(Sec/SPI)	0.999049	0.000951	CS pos: 23-24. SEG-AV. Pr: 0.9625
evm.utg78.73	SP(Sec/SPI)	0.997775	0.002225	CS pos: 19-20. SNG-RK. Pr: 0.8917
evm.utg78.75	SP(Sec/SPI)	0.914411	0.085589	CS pos: 20-21. GIA-EE. Pr: 0.7049
evm.utg78.76	SP(Sec/SPI)	0.685159	0.314841	CS pos: 21-22. VWP-SK. Pr: 0.4750
evm.utg78.111	SP(Sec/SPI)	0.993651	0.006349	CS pos: 19-20. ACC-SN. Pr: 0.3973
evm.utg78.112	SP(Sec/SPI)	0.989476	0.010524	CS pos: 22-23. AMA-KL. Pr: 0.8694
evm.utg82.12	SP(Sec/SPI)	0.531643	0.468357	CS pos: 22-23. GYA-VP. Pr: 0.1490
evm.utg82.23	SP(Sec/SPI)	0.994389	0.005611	CS pos: 23-24. VNG-KY. Pr: 0.9227
evm.utg82.24	SP(Sec/SPI)	0.873267	0.126733	CS pos: 23-24. SDC-TS. Pr: 0.5444
evm.utg82.25	SP(Sec/SPI)	0.882354	0.117646	CS pos: 22-23. ADS-AY. Pr: 0.6371
evm.utg82.26	SP(Sec/SPI)	0.922115	0.077885	CS pos: 20-21. IDA-WE. Pr: 0.8601
evm.utg82.27	SP(Sec/SPI)	0.907500	0.092500	CS pos: 33-34. AKA-QD. Pr: 0.8118
evm.utg82.39	SP(Sec/SPI)	0.987751	0.012249	CS pos: 22-23. ADG-AC. Pr: 0.6885
evm.utg86.14	SP(Sec/SPI)	0.998917	0.001083	CS pos: 20-21. CTA-DQ. Pr: 0.9578
evm.utg86.63	SP(Sec/SPI)	0.982078	0.017922	CS pos: 20-21. NQA-LY. Pr: 0.6368
evm.utg86.64	SP(Sec/SPI)	0.998476	0.001524	CS pos: 21-22. LSA-LY. Pr: 0.3705
evm.utg86.66	SP(Sec/SPI)	0.995466	0.004534	CS pos: 21-22. AMA-SQ. Pr: 0.7152
evm.utg86.74	SP(Sec/SPI)	0.996661	0.003339	CS pos: 20-21. VFC-SC. Pr: 0.6920
evm.utg86.84	SP(Sec/SPI)	0.961613	0.038387	CS pos: 26-27. VLA-DE. Pr: 0.9061
evm.utg86.87	SP(Sec/SPI)	0.984653	0.015347	CS pos: 24-25. TES-KS. Pr: 0.8124
utg86.equina_smart_173735.mrna1	SP(Sec/SPI)	0.953151	0.046849	CS pos: 21-22. MIA-DR. Pr: 0.5978
evm.utg87.3	SP(Sec/SPI)	0.548177	0.451823	CS pos: 31-32. LKG-QE. Pr: 0.5015
evm.utg92.4	SP(Sec/SPI)	0.991050	0.008950	CS pos: 24-25. TEA-KI. Pr: 0.9517
evm.utg92.10	SP(Sec/SPI)	0.994133	0.005867	CS pos: 23-24. VEC-VT. Pr: 0.9560
evm.utg92.11	SP(Sec/SPI)	0.807793	0.192207	CS pos: 24-25. MEA-SI. Pr: 0.3274
evm.utg92.18	SP(Sec/SPI)	0.995314	0.004686	CS pos: 18-19. TNA-VV. Pr: 0.5108
evm.utg92.19	SP(Sec/SPI)	0.996039	0.003961	CS pos: 21-22. VTS-SS. Pr: 0.6377
utg92.equina_smart_535020.mrna1	SP(Sec/SPI)	0.982572	0.017428	CS pos: 25-26. SDA-VL. Pr: 0.8512
evm.utg92.71	SP(Sec/SPI)	0.988972	0.011028	CS pos: 22-23. AYR-DL. Pr: 0.5421
evm.utg92.72	SP(Sec/SPI)	0.999687	0.000313	CS pos: 19-20. ADA-LV. Pr: 0.9834
evm.utg92.86	SP(Sec/SPI)	0.876539	0.123461	CS pos: 32-33. GNA-CD. Pr: 0.7933
evm.utg92.95	SP(Sec/SPI)	0.890056	0.109944	CS pos: 24-25. MEA-NI. Pr: 0.7282
evm.utg92.102	SP(Sec/SPI)	0.825001	0.174999	CS pos: 22-23. NLA-RC. Pr: 0.2541
evm.utg92.127	SP(Sec/SPI)	0.746542	0.253458	CS pos: 19-20. CHG-VF. Pr: 0.4574
evm.utg92.135	SP(Sec/SPI)	0.583182	0.416818	CS pos: 28-29. ISS-QQ. Pr: 0.4217
evm.utg92.138	SP(Sec/SPI)	0.998314	0.001686	CS pos: 22-23. VRA-TN. Pr: 0.9632
evm.utg92.143	SP(Sec/SPI)	0.981089	0.018911	CS pos: 27-28. TTA-SN. Pr: 0.2990
evm.utg92.144	SP(Sec/SPI)	0.974804	0.025196	CS pos: 20-21. VRG-ED. Pr: 0.9301
evm.utg92.150	SP(Sec/SPI)	0.985298	0.014702	CS pos: 20-21. AIS-ST. Pr: 0.2319
evm.utg92.151	SP(Sec/SPI)	0.835845	0.164155	CS pos: 27-28. ARA-NS. Pr: 0.3464
evm.utg92.173	SP(Sec/SPI)	0.932958	0.067042	CS pos: 24-25. VHT-SF. Pr: 0.8126
evm.utg95.8	SP(Sec/SPI)	0.882299	0.117701	CS pos: 26-27. VIA-CP. Pr: 0.4139
evm.utg95.10	SP(Sec/SPI)	0.839968	0.160032	CS pos: 32-33. VTA-CS. Pr: 0.4348
evm.utg95.25	SP(Sec/SPI)	0.845704	0.154296	CS pos: 27-28. GEC-YT. Pr: 0.6358
evm.utg95.34	SP(Sec/SPI)	0.946268	0.053732	CS pos: 23-24. SQA-KK. Pr: 0.8798
evm.utg95.35	SP(Sec/SPI)	0.589137	0.410863	CS pos: 24-25. SDG-MG. Pr: 0.4505
evm.utg95.48	SP(Sec/SPI)	0.933805	0.066195	CS pos: 24-25. VDG-QK. Pr: 0.8198
evm.utg95.49	SP(Sec/SPI)	0.994501	0.005499	CS pos: 24-25. SEA-NP. Pr: 0.9442
utg95.equina_smart_1396861.mrna1	SP(Sec/SPI)	0.994295	0.005705	CS pos: 26-27. GSA-QC. Pr: 0.6670
utg95.equina_smart_1396865.mrna1	SP(Sec/SPI)	0.986879	0.013121	CS pos: 25-26. TAS-NV. Pr: 0.5378
evm.utg101.28	SP(Sec/SPI)	0.755357	0.244643	CS pos: 23-24. TFS-GG. Pr: 0.2681
evm.utg101.46	SP(Sec/SPI)	0.966576	0.033424	CS pos: 21-22. ASG-AY. Pr: 0.7028
evm.utg101.60	SP(Sec/SPI)	0.900446	0.099554	CS pos: 21-22. VVS-EE. Pr: 0.6193
evm.utg101.108	SP(Sec/SPI)	0.996444	0.003556	CS pos: 16-17. TQA-FN. Pr: 0.9818
evm.utg101.118	SP(Sec/SPI)	0.997104	0.002896	CS pos: 22-23. SSA-EE. Pr: 0.5751
utg101.equina_smart_1822816.mrna1	SP(Sec/SPI)	0.532768	0.467232	CS pos: 19-20. GKQ-FP. Pr: 0.1573
evm.utg101.129	SP(Sec/SPI)	0.713026	0.286974	CS pos: 25-26. SLG-FE. Pr: 0.4353
evm.utg101.158	SP(Sec/SPI)	0.999521	0.000479	CS pos: 18-19. GLA-FD. Pr: 0.8416
evm.utg101.163.1.5c22e7bd	SP(Sec/SPI)	0.859639	0.140361	CS pos: 21-22. GQS-LQ. Pr: 0.8199
evm.utg101.165.1.5c22e7c9	SP(Sec/SPI)	0.904768	0.095232	CS pos: 27-28. LIC-RV. Pr: 0.4122
evm.utg101.174	SP(Sec/SPI)	0.962926	0.037074	CS pos: 22-23. SSS-KN. Pr: 0.4546
utg101.equina_smart_282026.mrna1	SP(Sec/SPI)	0.989072	0.010928	CS pos: 22-23. SSC-KN. Pr: 0.3944
evm.utg101.175	SP(Sec/SPI)	0.989465	0.010535	CS pos: 22-23. SSC-KN. Pr: 0.3962
evm.utg101.176	SP(Sec/SPI)	0.999699	0.000301	CS pos: 20-21. VTG-RP. Pr: 0.8591
evm.utg101.200	SP(Sec/SPI)	0.997846	0.002154	CS pos: 18-19. TSA-SD. Pr: 0.7693
evm.utg104.9	SP(Sec/SPI)	0.997573	0.002427	CS pos: 20-21. SFA-NK. Pr: 0.9374
evm.utg104.44	SP(Sec/SPI)	0.999696	0.000304	CS pos: 21-22. VDA-QS. Pr: 0.8930
evm.utg104.45	SP(Sec/SPI)	0.999580	0.000420	CS pos: 22-23. VKS-AN. Pr: 0.7660
evm.utg104.49	SP(Sec/SPI)	0.992636	0.007364	CS pos: 19-20. SSA-VD. Pr: 0.5145
evm.utg104.50	SP(Sec/SPI)	0.955243	0.044757	CS pos: 18-19. SSG-KS. Pr: 0.5322
evm.utg104.51.2.5c22e80e	SP(Sec/SPI)	0.891372	0.108628	CS pos: 24-25. SCS-QQ. Pr: 0.4314
evm.utg104.53	SP(Sec/SPI)	0.769101	0.230899	CS pos: 25-26. TTS-LE. Pr: 0.3187
evm.utg104.55.2.5c22e80f	SP(Sec/SPI)	0.984221	0.015779	CS pos: 21-22. TKA-RI. Pr: 0.8730
evm.utg104.63	SP(Sec/SPI)	0.996983	0.003017	CS pos: 28-29. VHA-MP. Pr: 0.9189
evm.utg104.66	SP(Sec/SPI)	0.989648	0.010352	CS pos: 19-20. TLS-DD. Pr: 0.7676
evm.utg107.3	SP(Sec/SPI)	0.552591	0.447409	CS pos: 19-20. AVA-TT. Pr: 0.3926
evm.utg107.10	SP(Sec/SPI)	0.583609	0.416391	CS pos: 20-21. CSA-MI. Pr: 0.3532
evm.utg107.17	SP(Sec/SPI)	0.997378	0.002622	CS pos: 20-21. SLG-ST. Pr: 0.8305
evm.utg107.37	SP(Sec/SPI)	0.995079	0.004921	CS pos: 21-22. SFA-KK. Pr: 0.6291
evm.utg107.38	SP(Sec/SPI)	0.949743	0.050257	CS pos: 22-23. LEA-KS. Pr: 0.7729
evm.utg107.44	SP(Sec/SPI)	0.996852	0.003148	CS pos: 20-21. VKA-NE. Pr: 0.7744
evm.utg107.58	SP(Sec/SPI)	0.938422	0.061578	CS pos: 22-23. ATS-LL. Pr: 0.7153
evm.utg107.60	SP(Sec/SPI)	0.959819	0.040181	CS pos: 27-28. AIG-EQ. Pr: 0.8402
evm.utg107.61	SP(Sec/SPI)	0.868502	0.131498	CS pos: 27-28. TLG-EQ. Pr: 0.6747
evm.utg109.6	SP(Sec/SPI)	0.664691	0.335309	CS pos: 26-27. VQS-AV. Pr: 0.4069
evm.utg109.10	SP(Sec/SPI)	0.945471	0.054529	CS pos: 23-24. INT-NT. Pr: 0.4639
evm.utg109.20	SP(Sec/SPI)	0.905220	0.094780	CS pos: 21-22. VHS-QR. Pr: 0.6983
evm.utg109.21	SP(Sec/SPI)	0.996474	0.003526	CS pos: 21-22. GHA-KK. Pr: 0.3581
evm.utg109.28	SP(Sec/SPI)	0.979904	0.020096	CS pos: 20-21. CQA-ME. Pr: 0.9065
evm.utg109.33	SP(Sec/SPI)	0.972010	0.027990	CS pos: 25-26. LLA-DP. Pr: 0.7501
utg109.equina_smart_1661083.mrna1	SP(Sec/SPI)	0.846297	0.153703	CS pos: 30-31. SRC-EH. Pr: 0.8006
evm.utg109.54	SP(Sec/SPI)	0.993970	0.006030	CS pos: 26-27. AEA-AN. Pr: 0.8899
evm.utg109.55	SP(Sec/SPI)	0.983958	0.016042	CS pos: 19-20. VNC-GV. Pr: 0.7848
evm.utg109.57	SP(Sec/SPI)	0.990642	0.009358	CS pos: 21-22. LKA-KN. Pr: 0.7293
evm.utg109.60	SP(Sec/SPI)	0.996148	0.003852	CS pos: 20-21. SQA-GC. Pr: 0.7904
evm.utg109.63	SP(Sec/SPI)	0.985773	0.014227	CS pos: 18-19. SSS-EP. Pr: 0.3997
evm.utg109.71	SP(Sec/SPI)	0.997017	0.002983	CS pos: 23-24. CPA-QS. Pr: 0.5502
evm.utg109.75	SP(Sec/SPI)	0.979519	0.020481	CS pos: 23-24. VFS-AP. Pr: 0.8822
evm.utg109.87	SP(Sec/SPI)	0.563423	0.436577	CS pos: 16-17. IDA-SL. Pr: 0.4080
evm.utg109.89	SP(Sec/SPI)	0.804853	0.195147	CS pos: 25-26. VNG-IG. Pr: 0.4460
evm.utg109.90	SP(Sec/SPI)	0.966951	0.033049	CS pos: 25-26. VQP-EF. Pr: 0.7082
evm.utg109.93	SP(Sec/SPI)	0.778305	0.221695	CS pos: 20-21. ALA-VT. Pr: 0.4291
evm.utg109.94	SP(Sec/SPI)	0.977710	0.022290	CS pos: 24-25. VQA-RD. Pr: 0.9241
evm.utg109.98	SP(Sec/SPI)	0.873750	0.126250	CS pos: 22-23. VQD-SF. Pr: 0.2008
evm.utg109.100	SP(Sec/SPI)	0.882909	0.117091	CS pos: 22-23. GTA-TK. Pr: 0.3613
evm.utg109.105	SP(Sec/SPI)	0.974812	0.025188	CS pos: 21-22. VSA-SD. Pr: 0.8554
evm.utg109.116	SP(Sec/SPI)	0.943851	0.056149	CS pos: 20-21. ARA-HL. Pr: 0.5068
evm.utg112.5	SP(Sec/SPI)	0.988318	0.011682	CS pos: 18-19. GLA-FQ. Pr: 0.8314
evm.utg112.44	SP(Sec/SPI)	0.893470	0.106530	CS pos: 19-20. MTS-DD. Pr: 0.5176
evm.utg112.59	SP(Sec/SPI)	0.663207	0.336793	CS pos: 22-23. NHG-HD. Pr: 0.5472
evm.utg113.11	SP(Sec/SPI)	0.852139	0.147861	CS pos: 20-21. VSA-SS. Pr: 0.5058
evm.utg114.10	SP(Sec/SPI)	0.998066	0.001934	CS pos: 19-20. TNA-KV. Pr: 0.9665
evm.utg116.1	SP(Sec/SPI)	0.662644	0.337356	CS pos: 16-17. VFG-YF. Pr: 0.4571
evm.utg116.7	SP(Sec/SPI)	0.849111	0.150889	CS pos: 28-29. LQS-SS. Pr: 0.2194
evm.utg116.9	SP(Sec/SPI)	0.893008	0.106992	CS pos: 21-22. TTA-MR. Pr: 0.7061
evm.utg116.11	SP(Sec/SPI)	0.937359	0.062641	CS pos: 21-22. TYT-RS. Pr: 0.4943
evm.utg116.47	SP(Sec/SPI)	0.903528	0.096472	CS pos: 22-23. VAT-RD. Pr: 0.4780
evm.utg116.50	SP(Sec/SPI)	0.824322	0.175678	CS pos: 23-24. SDC-DF. Pr: 0.6641
evm.utg116.64	SP(Sec/SPI)	0.940070	0.059930	CS pos: 20-21. IFG-NP. Pr: 0.7703
evm.utg116.87	SP(Sec/SPI)	0.839272	0.160728	CS pos: 21-22. SYS-NP. Pr: 0.7833
evm.utg116.90	SP(Sec/SPI)	0.989822	0.010178	CS pos: 26-27. NEA-SV. Pr: 0.6835
evm.utg116.92	SP(Sec/SPI)	0.983861	0.016139	CS pos: 27-28. CSS-TL. Pr: 0.3973
utg116.equina_smart_1171851.mrna1	SP(Sec/SPI)	0.992673	0.007327	CS pos: 28-29. ANG-GM. Pr: 0.5772
evm.utg116.95	SP(Sec/SPI)	0.948885	0.051115	CS pos: 25-26. TEC-TN. Pr: 0.5424
evm.utg116.101	SP(Sec/SPI)	0.832487	0.167513	CS pos: 22-23. VLS-FK. Pr: 0.7696
evm.utg116.106	SP(Sec/SPI)	0.762094	0.237906	CS pos: 34-35. SQA-QI. Pr: 0.6327
evm.utg116.109	SP(Sec/SPI)	0.999116	0.000884	CS pos: 19-20. ANA-EV. Pr: 0.9198
evm.utg116.111.2.5c22e91a	SP(Sec/SPI)	0.979094	0.020906	CS pos: 23-24. VRS-GI. Pr: 0.8311
evm.utg116.112	SP(Sec/SPI)	0.918907	0.081093	CS pos: 25-26. SDA-QE. Pr: 0.8474
evm.utg116.118	SP(Sec/SPI)	0.998680	0.001320	CS pos: 24-25. SDA-AF. Pr: 0.8125
evm.utg116.123.124.5.5c278f3d	SP(Sec/SPI)	0.996245	0.003755	CS pos: 19-20. AHS-SK. Pr: 0.8982
evm.utg116.127	SP(Sec/SPI)	0.996362	0.003638	CS pos: 21-22. ASA-QR. Pr: 0.8690
evm.utg116.129	SP(Sec/SPI)	0.797175	0.202825	CS pos: 23-24. IMA-DI. Pr: 0.7329
evm.utg116.141	SP(Sec/SPI)	0.999334	0.000666	CS pos: 21-22. SSA-LE. Pr: 0.9763
evm.utg116.143	SP(Sec/SPI)	0.998910	0.001090	CS pos: 20-21. SYP-LK. Pr: 0.7964
evm.utg116.145.4.5c22e91d	SP(Sec/SPI)	0.992617	0.007383	CS pos: 27-28. SEA-RL. Pr: 0.6929
evm.utg116.177	SP(Sec/SPI)	0.981901	0.018099	CS pos: 22-23. VVG-KP. Pr: 0.8230
evm.utg116.181	SP(Sec/SPI)	0.758827	0.241173	CS pos: 24-25. VHS-TF. Pr: 0.6953
evm.utg116.202	SP(Sec/SPI)	0.849001	0.150999	CS pos: 22-23. AYG-FS. Pr: 0.7851
evm.utg116.216	SP(Sec/SPI)	0.942778	0.057222	CS pos: 27-28. TSA-NG. Pr: 0.7007
evm.utg116.245	SP(Sec/SPI)	0.886772	0.113228	CS pos: 17-18. TMS-SD. Pr: 0.3434
evm.utg116.247	SP(Sec/SPI)	0.991452	0.008548	CS pos: 27-28. SDA-TD. Pr: 0.8773
evm.utg116.251	SP(Sec/SPI)	0.993323	0.006677	CS pos: 18-19. TSG-DS. Pr: 0.8910
evm.utg116.255	SP(Sec/SPI)	0.944276	0.055724	CS pos: 24-25. VIA-RS. Pr: 0.8009
evm.utg116.256	SP(Sec/SPI)	0.900071	0.099929	CS pos: 20-21. TVG-LE. Pr: 0.6541
evm.utg116.270	SP(Sec/SPI)	0.932542	0.067458	CS pos: 24-25. VSA-NN. Pr: 0.5770
evm.utg116.313	SP(Sec/SPI)	0.778438	0.221562	CS pos: 27-28. VDA-DA. Pr: 0.6287
utg116.evm.utg116.370.mrna5	SP(Sec/SPI)	0.995036	0.004964	CS pos: 24-25. VNG-CK. Pr: 0.9812
evm.utg116.314	SP(Sec/SPI)	0.921497	0.078503	CS pos: 26-27. VNA-DT. Pr: 0.7406
evm.utg116.315	SP(Sec/SPI)	0.993411	0.006589	CS pos: 26-27. SRS-DT. Pr: 0.9211
evm.utg116.316	SP(Sec/SPI)	0.935964	0.064036	CS pos: 23-24. SKS-NS. Pr: 0.4058
evm.utg116.345	SP(Sec/SPI)	0.618623	0.381377	CS pos: 20-21. CSA-ML. Pr: 0.3002
evm.utg116.369	SP(Sec/SPI)	0.997405	0.002595	CS pos: 20-21. VNG-CK. Pr: 0.9600
evm.utg116.370	SP(Sec/SPI)	0.992561	0.007439	CS pos: 24-25. VNG-CK. Pr: 0.9774
evm.utg125.11	SP(Sec/SPI)	0.561122	0.438878	CS pos: 27-28. VTG-LP. Pr: 0.4247
evm.utg125.33	SP(Sec/SPI)	0.971782	0.028218	CS pos: 25-26. LNS-KH. Pr: 0.6984
evm.utg125.106	SP(Sec/SPI)	0.717152	0.282848	CS pos: 19-20. SFG-WH. Pr: 0.3704
evm.utg125.129	SP(Sec/SPI)	0.929046	0.070954	CS pos: 24-25. TES-SQ. Pr: 0.7731
evm.utg125.136	SP(Sec/SPI)	0.994165	0.005835	CS pos: 23-24. CLG-AS. Pr: 0.8929
evm.utg125.139	SP(Sec/SPI)	0.997966	0.002034	CS pos: 21-22. SEA-KT. Pr: 0.9797
utg125.evm.utg324.133.mrna5	SP(Sec/SPI)	0.997996	0.002004	CS pos: 23-24. VEA-NG. Pr: 0.8144
evm.utg125.144	SP(Sec/SPI)	0.891590	0.108410	CS pos: 19-20. SFC-GV. Pr: 0.3761
evm.utg125.146	SP(Sec/SPI)	0.503136	0.496864	CS pos: 29-30. NSA-II. Pr: 0.1042
evm.utg125.153	SP(Sec/SPI)	0.633196	0.366804	CS pos: 18-19. TET-KT. Pr: 0.3507
evm.utg125.163.1.5c22e993	SP(Sec/SPI)	0.936722	0.063278	CS pos: 20-21. TQG-LG. Pr: 0.8093
evm.utg125.164	SP(Sec/SPI)	0.956301	0.043699	CS pos: 25-26. TQA-RP. Pr: 0.8218
evm.utg125.166	SP(Sec/SPI)	0.986186	0.013814	CS pos: 22-23. LEA-NY. Pr: 0.5991
evm.utg125.168	SP(Sec/SPI)	0.999048	0.000952	CS pos: 21-22. TKA-VK. Pr: 0.7072
evm.utg125.175	SP(Sec/SPI)	0.995546	0.004454	CS pos: 22-23. VRS-SL. Pr: 0.8727
evm.utg125.178	SP(Sec/SPI)	0.707114	0.292886	CS pos: 18-19. LKA-DK. Pr: 0.3061
evm.utg125.181	SP(Sec/SPI)	0.744389	0.255611	CS pos: 26-27. SEA-SN. Pr: 0.4916
evm.utg125.185	SP(Sec/SPI)	0.979303	0.020697	CS pos: 18-19. ARS-SL. Pr: 0.5366
evm.utg125.190.1.5c22e997	SP(Sec/SPI)	0.962469	0.037531	CS pos: 27-28. AEP-RK. Pr: 0.6314
evm.utg125.193	SP(Sec/SPI)	0.986534	0.013466	CS pos: 20-21. TKA-LQ. Pr: 0.8680
evm.utg126.31	SP(Sec/SPI)	0.935578	0.064422	CS pos: 34-35. VDG-RS. Pr: 0.7765
evm.utg126.32	SP(Sec/SPI)	0.968705	0.031295	CS pos: 29-30. SQS-MN. Pr: 0.4622
evm.utg126.33	SP(Sec/SPI)	0.998075	0.001925	CS pos: 18-19. IDA-ET. Pr: 0.8544
evm.utg126.53	SP(Sec/SPI)	0.970280	0.029720	CS pos: 28-29. TEA-QN. Pr: 0.5327
evm.utg126.57	SP(Sec/SPI)	0.987352	0.012648	CS pos: 24-25. VKA-EG. Pr: 0.9199
evm.utg126.64	SP(Sec/SPI)	0.843981	0.156019	CS pos: 23-24. LHG-DT. Pr: 0.6222
evm.utg126.101.102	SP(Sec/SPI)	0.789995	0.210005	CS pos: 18-19. VIA-RT. Pr: 0.6933
evm.utg126.104	SP(Sec/SPI)	0.926504	0.073496	CS pos: 24-25. SLA-IN. Pr: 0.6009
evm.utg126.108	SP(Sec/SPI)	0.958887	0.041113	CS pos: 24-25. AFS-RP. Pr: 0.3780
evm.utg126.126	SP(Sec/SPI)	0.865280	0.134720	CS pos: 23-24. VTC-LD. Pr: 0.4405
evm.utg126.128	SP(Sec/SPI)	0.998594	0.001406	CS pos: 19-20. VQA-AN. Pr: 0.8852
evm.utg126.152	SP(Sec/SPI)	0.994127	0.005873	CS pos: 19-20. SQA-AL. Pr: 0.7852
evm.utg126.154	SP(Sec/SPI)	0.994847	0.005153	CS pos: 17-18. SSA-DL. Pr: 0.9267
evm.utg126.167	SP(Sec/SPI)	0.904623	0.095377	CS pos: 16-17. ITS-VV. Pr: 0.3061
evm.utg126.170	SP(Sec/SPI)	0.960882	0.039118	CS pos: 20-21. GSG-CH. Pr: 0.5031
evm.utg129.34	SP(Sec/SPI)	0.994802	0.005198	CS pos: 22-23. VSS-SK. Pr: 0.6213
evm.utg129.64	SP(Sec/SPI)	0.969899	0.030101	CS pos: 16-17. GMA-CN. Pr: 0.7243
evm.utg129.65	SP(Sec/SPI)	0.969480	0.030520	CS pos: 16-17. GMA-CN. Pr: 0.7648
evm.utg129.66	SP(Sec/SPI)	0.988855	0.011145	CS pos: 16-17. GTA-CN. Pr: 0.3369
evm.utg129.84	SP(Sec/SPI)	0.991076	0.008924	CS pos: 16-17. VYC-TP. Pr: 0.9250
evm.utg144.7	SP(Sec/SPI)	0.779644	0.220356	CS pos: 20-21. SDE-AT. Pr: 0.2489
utg144.equina_smart_1238220.mrna1	SP(Sec/SPI)	0.999727	0.000273	CS pos: 21-22. SNG-VE. Pr: 0.8094
utg144.equina_smart_1400019.mrna1	SP(Sec/SPI)	0.999735	0.000265	CS pos: 21-22. SNG-VE. Pr: 0.7993
utg144.equina_smart_1894513.mrna1	SP(Sec/SPI)	0.999474	0.000526	CS pos: 21-22. SNG-VE. Pr: 0.7715
utg144.equina_smart_1389976.mrna1	SP(Sec/SPI)	0.999727	0.000273	CS pos: 21-22. SNG-VE. Pr: 0.7003
evm.utg144.76	SP(Sec/SPI)	0.989937	0.010063	CS pos: 17-18. VNA-DQ. Pr: 0.9523
evm.utg144.83	SP(Sec/SPI)	0.991077	0.008923	CS pos: 17-18. VNA-DQ. Pr: 0.9561
utg144.equina_smart_793647.mrna1	SP(Sec/SPI)	0.821583	0.178417	CS pos: 43-44. TQG-KP. Pr: 0.7288
utg144.equina_smart_239275.mrna1	SP(Sec/SPI)	0.947779	0.052221	CS pos: 24-25. TEG-WR. Pr: 0.7697
evm.utg144.93	SP(Sec/SPI)	0.927411	0.072589	CS pos: 24-25. TEG-WR. Pr: 0.7791
evm.utg145.5	SP(Sec/SPI)	0.998328	0.001672	CS pos: 21-22. TYA-TM. Pr: 0.9655
evm.utg145.6	SP(Sec/SPI)	0.996684	0.003316	CS pos: 21-22. TYA-TM. Pr: 0.9643
evm.utg145.21	SP(Sec/SPI)	0.998502	0.001498	CS pos: 21-22. AEA-AT. Pr: 0.8794
evm.utg145.28	SP(Sec/SPI)	0.996580	0.003420	CS pos: 21-22. TYA-TM. Pr: 0.9628
evm.utg145.30	SP(Sec/SPI)	0.988125	0.011875	CS pos: 22-23. SSA-NN. Pr: 0.6370
evm.utg145.58	SP(Sec/SPI)	0.996659	0.003341	CS pos: 21-22. TYA-TM. Pr: 0.9642
evm.utg145.59	SP(Sec/SPI)	0.997448	0.002552	CS pos: 21-22. TYA-TM. Pr: 0.9627
evm.utg145.60	SP(Sec/SPI)	0.997493	0.002507	CS pos: 21-22. TYA-TM. Pr: 0.9635
evm.utg145.64	SP(Sec/SPI)	0.997073	0.002927	CS pos: 21-22. TYA-TI. Pr: 0.9647
evm.utg145.77	SP(Sec/SPI)	0.897360	0.102640	CS pos: 22-23. VTT-SR. Pr: 0.4159
evm.utg145.85	SP(Sec/SPI)	0.923331	0.076669	CS pos: 23-24. GLS-QV. Pr: 0.5962
evm.utg146.7	SP(Sec/SPI)	0.766529	0.233471	CS pos: 29-30. VDS-QT. Pr: 0.6751
evm.utg146.9	SP(Sec/SPI)	0.777578	0.222422	CS pos: 36-37. VTC-KG. Pr: 0.3962
evm.utg146.14	SP(Sec/SPI)	0.699274	0.300726	CS pos: 23-24. SHG-QY. Pr: 0.3675
evm.utg146.28	SP(Sec/SPI)	0.763249	0.236751	CS pos: 16-17. IWS-SI. Pr: 0.6071
evm.utg150.3	SP(Sec/SPI)	0.997743	0.002257	CS pos: 18-19. LKA-NP. Pr: 0.7425
evm.utg150.6	SP(Sec/SPI)	0.657513	0.342487	CS pos: 32-33. TKG-NP. Pr: 0.6163
evm.utg150.8	SP(Sec/SPI)	0.939368	0.060632	CS pos: 17-18. VGA-IE. Pr: 0.7057
evm.utg150.14	SP(Sec/SPI)	0.867423	0.132577	CS pos: 19-20. TRR-TV. Pr: 0.4852
evm.utg150.17	SP(Sec/SPI)	0.990831	0.009169	CS pos: 25-26. AVS-NK. Pr: 0.4340
evm.utg150.55	SP(Sec/SPI)	0.979809	0.020191	CS pos: 25-26. VGC-KD. Pr: 0.5241
evm.utg150.57	SP(Sec/SPI)	0.970335	0.029665	CS pos: 23-24. TRS-LE. Pr: 0.4449
evm.utg150.69	SP(Sec/SPI)	0.991772	0.008228	CS pos: 16-17. VQG-NS. Pr: 0.8186
evm.utg150.85	SP(Sec/SPI)	0.988433	0.011567	CS pos: 18-19. SRG-ES. Pr: 0.4692
evm.utg152.8	SP(Sec/SPI)	0.663480	0.336520	CS pos: 29-30. VQG-RK. Pr: 0.4630
utg152.equina_smart_1039567.mrna1	SP(Sec/SPI)	0.997234	0.002766	CS pos: 24-25. VDS-KY. Pr: 0.9767
evm.utg152.33	SP(Sec/SPI)	0.852849	0.147151	CS pos: 24-25. IDS-CE. Pr: 0.6660
evm.utg152.43	SP(Sec/SPI)	0.989921	0.010079	CS pos: 18-19. VAA-DT. Pr: 0.8224
evm.utg152.44.1.5c22eb14.44.45	SP(Sec/SPI)	0.861165	0.138835	CS pos: 23-24. VKG-EG. Pr: 0.3914
evm.utg152.46	SP(Sec/SPI)	0.994523	0.005477	CS pos: 23-24. VEG-DG. Pr: 0.9473
evm.utg152.47	SP(Sec/SPI)	0.997429	0.002571	CS pos: 19-20. VKA-SK. Pr: 0.9382
evm.utg152.52	SP(Sec/SPI)	0.993124	0.006876	CS pos: 27-28. GWA-PW. Pr: 0.5465
evm.utg152.55	SP(Sec/SPI)	0.992013	0.007987	CS pos: 22-23. VHS-LA. Pr: 0.6860
evm.utg152.59	SP(Sec/SPI)	0.939564	0.060436	CS pos: 19-20. STA-QV. Pr: 0.7751
evm.utg152.65	SP(Sec/SPI)	0.881444	0.118556	CS pos: 23-24. IFG-ED. Pr: 0.7897
evm.utg152.66	SP(Sec/SPI)	0.988216	0.011784	CS pos: 21-22. VST-KE. Pr: 0.7946
evm.utg160.4	SP(Sec/SPI)	0.738902	0.261098	CS pos: 24-25. YYC-SF. Pr: 0.3371
evm.utg160.23	SP(Sec/SPI)	0.906967	0.093033	CS pos: 22-23. VQT-RL. Pr: 0.4744
evm.utg160.32	SP(Sec/SPI)	0.998097	0.001903	CS pos: 21-22. VES-FW. Pr: 0.9906
evm.utg162.3	SP(Sec/SPI)	0.621636	0.378364	CS pos: 17-18. DDG-DD. Pr: 0.1832
evm.utg162.23	SP(Sec/SPI)	0.816875	0.183125	CS pos: 31-32. SSS-CP. Pr: 0.3703
evm.utg162.30	SP(Sec/SPI)	0.672990	0.327010	CS pos: 22-23. VSA-GI. Pr: 0.2909
evm.utg162.66	SP(Sec/SPI)	0.855678	0.144322	CS pos: 16-17. VGV-DP. Pr: 0.4502
evm.utg163.19	SP(Sec/SPI)	0.981286	0.018714	CS pos: 15-16. CLS-RD. Pr: 0.4310
evm.utg163.37	SP(Sec/SPI)	0.574096	0.425904	CS pos: 26-27. VTG-HD. Pr: 0.2810
evm.utg163.54	SP(Sec/SPI)	0.994830	0.005170	CS pos: 20-21. VDS-ED. Pr: 0.5584
evm.utg163.74	SP(Sec/SPI)	0.989174	0.010826	CS pos: 23-24. VAS-DD. Pr: 0.8298
evm.utg163.91	SP(Sec/SPI)	0.986184	0.013816	CS pos: 24-25. TEA-KI. Pr: 0.9518
evm.utg163.92	SP(Sec/SPI)	0.996372	0.003628	CS pos: 21-22. VSG-KN. Pr: 0.9290
evm.utg167.11	SP(Sec/SPI)	0.842513	0.157487	CS pos: 25-26. TRA-RH. Pr: 0.7710
evm.utg170.12	SP(Sec/SPI)	0.993013	0.006987	CS pos: 24-25. VHS-SY. Pr: 0.5654
utg170.equina_smart_1453835.mrna2	SP(Sec/SPI)	0.937752	0.062248	CS pos: 24-25. STS-QR. Pr: 0.3852
evm.utg172.15	SP(Sec/SPI)	0.671915	0.328085	CS pos: 20-21. AEN-KV. Pr: 0.3233
evm.utg172.18	SP(Sec/SPI)	0.996023	0.003977	CS pos: 19-20. LLA-KN. Pr: 0.4186
evm.utg172.24	SP(Sec/SPI)	0.994158	0.005842	CS pos: 20-21. CQG-NK. Pr: 0.9238
evm.utg172.60	SP(Sec/SPI)	0.717136	0.282864	CS pos: 21-22. IMC-YK. Pr: 0.5602
evm.utg172.79	SP(Sec/SPI)	0.679141	0.320859	CS pos: 23-24. SVS-LG. Pr: 0.3366
evm.utg172.82	SP(Sec/SPI)	0.996505	0.003495	CS pos: 21-22. TEA-AR. Pr: 0.9343
evm.utg172.85	SP(Sec/SPI)	0.999859	0.000141	CS pos: 24-25. SEG-AA. Pr: 0.6290
evm.utg172.87.2.5c22ebcd	SP(Sec/SPI)	0.999578	0.000422	CS pos: 21-22. TLA-TD. Pr: 0.9558
evm.utg172.89	SP(Sec/SPI)	0.996735	0.003265	CS pos: 21-22. AGA-LE. Pr: 0.8125
evm.utg172.91	SP(Sec/SPI)	0.944783	0.055217	CS pos: 20-21. SEA-ER. Pr: 0.8416
evm.utg172.100	SP(Sec/SPI)	0.965809	0.034191	CS pos: 19-20. SQS-YK. Pr: 0.7782
evm.utg172.109	SP(Sec/SPI)	0.998772	0.001228	CS pos: 20-21. TSS-FF. Pr: 0.3441
evm.utg172.114	SP(Sec/SPI)	0.995695	0.004305	CS pos: 26-27. SLG-EQ. Pr: 0.8764
evm.utg172.126	SP(Sec/SPI)	0.879232	0.120768	CS pos: 23-24. VSS-SG. Pr: 0.6549
utg172.equina_smart_1401740utrorf.mrna1	SP(Sec/SPI)	0.580068	0.419932	CS pos: 26-27. VYS-GS. Pr: 0.4855
evm.utg172.131	SP(Sec/SPI)	0.966501	0.033499	CS pos: 24-25. VGA-EQ. Pr: 0.8673
evm.utg172.134	SP(Sec/SPI)	0.998987	0.001013	CS pos: 19-20. ALP-LE. Pr: 0.5043
evm.utg172.136	SP(Sec/SPI)	0.999547	0.000453	CS pos: 21-22. IQA-DC. Pr: 0.9182
evm.utg172.138	SP(Sec/SPI)	0.987602	0.012398	CS pos: 21-22. IHC-HS. Pr: 0.6283
evm.utg172.140	SP(Sec/SPI)	0.997568	0.002432	CS pos: 23-24. VSG-QL. Pr: 0.8361
utg172.equina_smart_1401698.mrna1	SP(Sec/SPI)	0.997454	0.002546	CS pos: 23-24. VSG-QL. Pr: 0.8360
evm.utg172.142	SP(Sec/SPI)	0.869052	0.130948	CS pos: 34-35. ITA-AS. Pr: 0.4499
evm.utg178.27.31	SP(Sec/SPI)	0.969325	0.030675	CS pos: 24-25. IEA-RA. Pr: 0.6182
evm.utg178.32	SP(Sec/SPI)	0.977184	0.022816	CS pos: 19-20. SNA-AR. Pr: 0.7052
evm.utg178.39	SP(Sec/SPI)	0.992317	0.007683	CS pos: 22-23. TEG-KP. Pr: 0.8414
evm.utg178.43	SP(Sec/SPI)	0.993370	0.006630	CS pos: 18-19. CLA-AK. Pr: 0.8912
evm.utg178.50	SP(Sec/SPI)	0.977416	0.022584	CS pos: 21-22. VSA-HP. Pr: 0.9327
evm.utg178.51	SP(Sec/SPI)	0.823664	0.176336	CS pos: 18-19. SKC-IE. Pr: 0.6782
evm.utg178.52	SP(Sec/SPI)	0.844923	0.155077	CS pos: 18-19. SKC-IE. Pr: 0.7051
evm.utg178.56	SP(Sec/SPI)	0.590029	0.409971	CS pos: 23-24. LPG-IV. Pr: 0.1411
evm.utg178.61	SP(Sec/SPI)	0.903482	0.096518	CS pos: 22-23. VTA-EQ. Pr: 0.7729
evm.utg178.62	SP(Sec/SPI)	0.992461	0.007539	CS pos: 21-22. TQA-RP. Pr: 0.8473
evm.utg180.1	SP(Sec/SPI)	0.755189	0.244811	CS pos: 25-26. AHF-HR. Pr: 0.3077
evm.utg180.7	SP(Sec/SPI)	0.998984	0.001016	CS pos: 21-22. ING-VS. Pr: 0.5575
evm.utg180.16	SP(Sec/SPI)	0.981199	0.018801	CS pos: 23-24. VRC-TE. Pr: 0.8824
evm.utg180.17	SP(Sec/SPI)	0.999168	0.000832	CS pos: 16-17. AFA-EE. Pr: 0.9690
evm.utg180.26	SP(Sec/SPI)	0.971133	0.028867	CS pos: 28-29. CNA-VS. Pr: 0.8567
evm.utg180.27	SP(Sec/SPI)	0.543675	0.456325	CS pos: 27-28. ASG-AV. Pr: 0.2289
evm.utg180.35	SP(Sec/SPI)	0.972776	0.027224	CS pos: 17-18. ITA-FT. Pr: 0.6299
evm.utg180.36	SP(Sec/SPI)	0.994433	0.005567	CS pos: 19-20. VGA-AV. Pr: 0.8149
evm.utg180.45	SP(Sec/SPI)	0.983083	0.016917	CS pos: 24-25. ALG-EN. Pr: 0.8019
evm.utg180.57	SP(Sec/SPI)	0.990207	0.009793	CS pos: 20-21. VES-TS. Pr: 0.8638
evm.utg180.65	SP(Sec/SPI)	0.997072	0.002928	CS pos: 16-17. VLS-NQ. Pr: 0.5865
evm.utg180.73	SP(Sec/SPI)	0.985578	0.014422	CS pos: 21-22. MEA-RV. Pr: 0.3627
evm.utg181.10	SP(Sec/SPI)	0.991749	0.008251	CS pos: 16-17. VAA-RP. Pr: 0.7907
evm.utg183.11	SP(Sec/SPI)	0.789809	0.210191	CS pos: 18-19. AVC-ND. Pr: 0.6080
evm.utg183.14	SP(Sec/SPI)	0.956289	0.043711	CS pos: 24-25. IHA-NG. Pr: 0.5616
evm.utg183.21	SP(Sec/SPI)	0.970320	0.029680	CS pos: 22-23. SDA-KA. Pr: 0.5040
evm.utg183.26	SP(Sec/SPI)	0.932155	0.067845	CS pos: 22-23. PSA-KQ. Pr: 0.3753
evm.utg183.30	SP(Sec/SPI)	0.679509	0.320491	CS pos: 40-41. AIA-IV. Pr: 0.2846
evm.utg183.32.2.5c22ec22	SP(Sec/SPI)	0.852775	0.147225	CS pos: 26-27. VVS-QG. Pr: 0.3443
evm.utg183.41	SP(Sec/SPI)	0.918486	0.081514	CS pos: 20-21. VSS-IF. Pr: 0.7122
evm.utg186.21	SP(Sec/SPI)	0.949548	0.050452	CS pos: 26-27. SYA-AS. Pr: 0.3556
evm.utg190.11	SP(Sec/SPI)	0.984242	0.015758	CS pos: 19-20. GSA-KP. Pr: 0.7671
utg190.equina_smart_1581370.mrna1	SP(Sec/SPI)	0.823051	0.176949	CS pos: 22-23. VFT-RP. Pr: 0.3960
evm.utg190.20	SP(Sec/SPI)	0.980765	0.019235	CS pos: 19-20. TYA-VE. Pr: 0.9345
evm.utg190.27	SP(Sec/SPI)	0.926482	0.073518	CS pos: 24-25. IRG-VV. Pr: 0.8697
evm.utg190.50	SP(Sec/SPI)	0.998566	0.001434	CS pos: 19-20. SSS-SN. Pr: 0.6326
evm.utg190.51	SP(Sec/SPI)	0.999816	0.000184	CS pos: 20-21. AFS-LK. Pr: 0.9607
evm.utg190.52	SP(Sec/SPI)	0.996414	0.003586	CS pos: 19-20. ATG-IR. Pr: 0.7142
evm.utg190.77.1.5c22ec4d	SP(Sec/SPI)	0.997557	0.002443	CS pos: 21-22. AAA-AP. Pr: 0.8885
evm.utg190.78	SP(Sec/SPI)	0.941896	0.058104	CS pos: 24-25. CSA-NL. Pr: 0.7517
utg192.evm.utg785.4.mrna2	SP(Sec/SPI)	0.997090	0.002910	CS pos: 23-24. VEA-LG. Pr: 0.8292
evm.utg192.9	SP(Sec/SPI)	0.988319	0.011681	CS pos: 21-22. VSG-MQ. Pr: 0.8407
evm.utg192.43	SP(Sec/SPI)	0.748457	0.251543	CS pos: 25-26. SSG-SP. Pr: 0.3442
evm.utg194.37	SP(Sec/SPI)	0.991902	0.008098	CS pos: 15-16. CLG-TK. Pr: 0.7094
evm.utg194.84	SP(Sec/SPI)	0.654374	0.345626	CS pos: 25-26. SLA-SK. Pr: 0.3735
evm.utg203.9	SP(Sec/SPI)	0.536625	0.463375	CS pos: 23-24. VSA-GN. Pr: 0.3325
evm.utg203.49	SP(Sec/SPI)	0.995547	0.004453	CS pos: 22-23. LDA-VN. Pr: 0.3704
evm.utg203.55	SP(Sec/SPI)	0.985003	0.014997	CS pos: 22-23. LDA-AT. Pr: 0.7485
evm.utg203.66	SP(Sec/SPI)	0.960964	0.039036	CS pos: 23-24. STA-EH. Pr: 0.6156
evm.utg203.70	SP(Sec/SPI)	0.902936	0.097064	CS pos: 21-22. VAT-EE. Pr: 0.4901
utg203.equina_smart_310349.mrna1	SP(Sec/SPI)	0.987967	0.012033	CS pos: 21-22. VRT-TD. Pr: 0.7411
utg203.equina_smart_1402974.mrna1	SP(Sec/SPI)	0.690282	0.309718	CS pos: 29-30. VKT-ND. Pr: 0.4949
utg203.evm.utg3443.67.mrna1	SP(Sec/SPI)	0.997754	0.002246	CS pos: 23-24. VEA-NR. Pr: 0.9177
evm.utg203.74	SP(Sec/SPI)	0.948470	0.051530	CS pos: 26-27. AHG-QE. Pr: 0.7760
evm.utg203.75	SP(Sec/SPI)	0.930877	0.069123	CS pos: 23-24. VTA-TE. Pr: 0.6949
evm.utg203.92	SP(Sec/SPI)	0.889926	0.110074	CS pos: 25-26. TCS-QR. Pr: 0.3976
evm.utg203.95	SP(Sec/SPI)	0.996135	0.003865	CS pos: 22-23. TEC-AP. Pr: 0.8960
evm.utg203.96	SP(Sec/SPI)	0.932894	0.067106	CS pos: 19-20. AMG-FH. Pr: 0.4308
evm.utg203.98	SP(Sec/SPI)	0.973928	0.026072	CS pos: 23-24. LNG-HE. Pr: 0.7750
evm.utg203.101	SP(Sec/SPI)	0.945545	0.054455	CS pos: 21-22. CVA-GV. Pr: 0.4198
evm.utg203.102	SP(Sec/SPI)	0.947899	0.052101	CS pos: 25-26. GRA-AE. Pr: 0.6302
evm.utg203.103	SP(Sec/SPI)	0.958942	0.041058	CS pos: 28-29. VQG-KS. Pr: 0.7655
evm.utg203.104	SP(Sec/SPI)	0.788500	0.211500	CS pos: 31-32. GRA-AE. Pr: 0.5296
evm.utg203.105	SP(Sec/SPI)	0.988810	0.011190	CS pos: 28-29. VQG-TS. Pr: 0.7904
evm.utg203.119	SP(Sec/SPI)	0.927311	0.072689	CS pos: 20-21. CSS-DG. Pr: 0.4369
utg203.equina_smart_1403020.mrna1	SP(Sec/SPI)	0.827503	0.172497	CS pos: 20-21. CSS-DV. Pr: 0.3845
evm.utg203.126	SP(Sec/SPI)	0.997020	0.002980	CS pos: 23-24. SEG-FT. Pr: 0.9349
evm.utg203.141	SP(Sec/SPI)	0.619621	0.380379	CS pos: 22-23. SLC-SY. Pr: 0.2341
evm.utg207.2	SP(Sec/SPI)	0.993542	0.006458	CS pos: 21-22. CSC-SQ. Pr: 0.4554
evm.utg207.13	SP(Sec/SPI)	0.989939	0.010061	CS pos: 23-24. TSG-QV. Pr: 0.6488
evm.utg207.14	SP(Sec/SPI)	0.993345	0.006655	CS pos: 19-20. VQC-VV. Pr: 0.8373
evm.utg207.22	SP(Sec/SPI)	0.649938	0.350062	CS pos: 29-30. LHG-FR. Pr: 0.4724
evm.utg207.28	SP(Sec/SPI)	0.929905	0.070095	CS pos: 18-19. VST-VK. Pr: 0.7056
evm.utg207.36	SP(Sec/SPI)	0.968879	0.031121	CS pos: 19-20. VQS-NF. Pr: 0.8450
utg207.equina_smart_1403149.mrna1	SP(Sec/SPI)	0.999430	0.000570	CS pos: 24-25. LEA-YG. Pr: 0.7691
evm.utg207.85	SP(Sec/SPI)	0.995330	0.004670	CS pos: 18-19. VDC-RP. Pr: 0.7319
evm.utg207.99	SP(Sec/SPI)	0.629901	0.370099	CS pos: 18-19. AFS-IE. Pr: 0.2756
evm.utg207.104	SP(Sec/SPI)	0.988610	0.011390	CS pos: 21-22. TSA-KN. Pr: 0.9377
utg207.equina_smart_57348.mrna1	SP(Sec/SPI)	0.999628	0.000372	CS pos: 19-20. TEA-RH. Pr: 0.9791
evm.utg209.3	SP(Sec/SPI)	0.990109	0.009891	CS pos: 16-17. ACA-SN. Pr: 0.3456
evm.utg209.9	SP(Sec/SPI)	0.992502	0.007498	CS pos: 21-22. VRS-VE. Pr: 0.4913
evm.utg209.12	SP(Sec/SPI)	0.998846	0.001154	CS pos: 20-21. TDA-TE. Pr: 0.9700
evm.utg209.13	SP(Sec/SPI)	0.999659	0.000341	CS pos: 19-20. CFA-IE. Pr: 0.9709
evm.utg209.15	SP(Sec/SPI)	0.840612	0.159388	CS pos: 21-22. VQG-VK. Pr: 0.7948
evm.utg209.30	SP(Sec/SPI)	0.990512	0.009488	CS pos: 23-24. CWG-QT. Pr: 0.8524
evm.utg209.54	SP(Sec/SPI)	0.975932	0.024068	CS pos: 20-21. LNG-SP. Pr: 0.7680
evm.utg209.60	SP(Sec/SPI)	0.999356	0.000644	CS pos: 16-17. VVA-ED. Pr: 0.7398
evm.utg209.61	SP(Sec/SPI)	0.999133	0.000867	CS pos: 17-18. VAA-ET. Pr: 0.4672
evm.utg209.62	SP(Sec/SPI)	0.998796	0.001204	CS pos: 17-18. VAA-ET. Pr: 0.4668
evm.utg209.63	SP(Sec/SPI)	0.999552	0.000448	CS pos: 16-17. VYG-EP. Pr: 0.8959
evm.utg209.65	SP(Sec/SPI)	0.548115	0.451885	CS pos: 20-21. SYA-FF. Pr: 0.4675
evm.utg209.67	SP(Sec/SPI)	0.918465	0.081535	CS pos: 23-24. AFT-MD. Pr: 0.5865
evm.utg209.68	SP(Sec/SPI)	0.990314	0.009686	CS pos: 22-23. VHS-MD. Pr: 0.9561
evm.utg213.12	SP(Sec/SPI)	0.997234	0.002766	CS pos: 20-21. VHA-NC. Pr: 0.8124
evm.utg214.4	SP(Sec/SPI)	0.880989	0.119011	CS pos: 23-24. GEA-IG. Pr: 0.6158
evm.utg214.8	SP(Sec/SPI)	0.956009	0.043991	CS pos: 18-19. TYT-CF. Pr: 0.2275
evm.utg214.10	SP(Sec/SPI)	0.955138	0.044862	CS pos: 19-20. AGA-TT. Pr: 0.7014
evm.utg214.48	SP(Sec/SPI)	0.990210	0.009790	CS pos: 21-22. IHG-RV. Pr: 0.6778
evm.utg214.49	SP(Sec/SPI)	0.973552	0.026448	CS pos: 20-21. ILA-SV. Pr: 0.8082
evm.utg214.53	SP(Sec/SPI)	0.989097	0.010903	CS pos: 17-18. CLA-WN. Pr: 0.7677
evm.utg214.56	SP(Sec/SPI)	0.924508	0.075492	CS pos: 20-21. LLA-SV. Pr: 0.5999
evm.utg214.58	SP(Sec/SPI)	0.932758	0.067242	CS pos: 20-21. LLA-SV. Pr: 0.5729
evm.utg216.1	SP(Sec/SPI)	0.998931	0.001069	CS pos: 22-23. AKA-EG. Pr: 0.8019
evm.utg216.2	SP(Sec/SPI)	0.545106	0.454894	CS pos: 39-40. AQG-GC. Pr: 0.2754
evm.utg216.14	SP(Sec/SPI)	0.985854	0.014146	CS pos: 23-24. VDC-SS. Pr: 0.7218
evm.utg217.8	SP(Sec/SPI)	0.552591	0.447409	CS pos: 19-20. AVA-TT. Pr: 0.3926
evm.utg217.11	SP(Sec/SPI)	0.961624	0.038376	CS pos: 22-23. TET-NL. Pr: 0.5445
evm.utg217.22	SP(Sec/SPI)	0.994534	0.005466	CS pos: 18-19. SSA-GT. Pr: 0.5780
evm.utg217.25	SP(Sec/SPI)	0.941978	0.058022	CS pos: 20-21. TIS-EL. Pr: 0.3574
evm.utg217.26	SP(Sec/SPI)	0.995218	0.004782	CS pos: 18-19. SSA-GT. Pr: 0.5820
evm.utg217.33	SP(Sec/SPI)	0.964235	0.035765	CS pos: 32-33. TRA-GE. Pr: 0.9152
evm.utg217.43	SP(Sec/SPI)	0.696400	0.303600	CS pos: 17-18. VKG-EF. Pr: 0.6451
evm.utg217.47	SP(Sec/SPI)	0.976558	0.023442	CS pos: 26-27. THC-QY. Pr: 0.8475
evm.utg217.51	SP(Sec/SPI)	0.998750	0.001250	CS pos: 19-20. TTA-AP. Pr: 0.5688
evm.utg219.22	SP(Sec/SPI)	0.997850	0.002150	CS pos: 19-20. TDG-AC. Pr: 0.9662
evm.utg219.34	SP(Sec/SPI)	0.873386	0.126614	CS pos: 25-26. GSA-YR. Pr: 0.7941
evm.utg219.55	SP(Sec/SPI)	0.998452	0.001548	CS pos: 19-20. TDG-AC. Pr: 0.9705
evm.utg219.56	SP(Sec/SPI)	0.999295	0.000705	CS pos: 19-20. TDA-YC. Pr: 0.9768
evm.utg219.58	SP(Sec/SPI)	0.999429	0.000571	CS pos: 23-24. TDA-LC. Pr: 0.9363
evm.utg219.65	SP(Sec/SPI)	0.680323	0.319677	CS pos: 23-24. ADG-FT. Pr: 0.4302
evm.utg219.75	SP(Sec/SPI)	0.984416	0.015584	CS pos: 22-23. VVT-QT. Pr: 0.4331
evm.utg219.79	SP(Sec/SPI)	0.903781	0.096219	CS pos: 20-21. VHT-SR. Pr: 0.7574
evm.utg219.82	SP(Sec/SPI)	0.903781	0.096219	CS pos: 20-21. VHT-SR. Pr: 0.7574
evm.utg219.83	SP(Sec/SPI)	0.688318	0.311682	CS pos: 28-29. VEG-LS. Pr: 0.5339
evm.utg221.5	SP(Sec/SPI)	0.966340	0.033660	CS pos: 26-27. AFS-SI. Pr: 0.8103
evm.utg221.44	SP(Sec/SPI)	0.553572	0.446428	CS pos: 25-26. FDA-YL. Pr: 0.3554
evm.utg221.45	SP(Sec/SPI)	0.996288	0.003712	CS pos: 20-21. VHA-NC. Pr: 0.8114
evm.utg225.2	SP(Sec/SPI)	0.995556	0.004444	CS pos: 21-22. TEG-YC. Pr: 0.8362
evm.utg225.19	SP(Sec/SPI)	0.965101	0.034899	CS pos: 26-27. LLG-AD. Pr: 0.4742
evm.utg225.31	SP(Sec/SPI)	0.934642	0.065358	CS pos: 23-24. IIS-LD. Pr: 0.4120
evm.utg225.32	SP(Sec/SPI)	0.986245	0.013755	CS pos: 26-27. CSS-LD. Pr: 0.6626
utg225.equina_smart_1403989.mrna1	SP(Sec/SPI)	0.932232	0.067768	CS pos: 26-27. CSS-LG. Pr: 0.4446
utg225.equina_smart_1620266.mrna1	SP(Sec/SPI)	0.865798	0.134202	CS pos: 18-19. VNA-KV. Pr: 0.6114
evm.utg225.42	SP(Sec/SPI)	0.736530	0.263470	CS pos: 22-23. INA-AR. Pr: 0.7023
evm.utg225.48	SP(Sec/SPI)	0.995904	0.004096	CS pos: 21-22. VVA-LD. Pr: 0.6176
evm.utg225.49.1.5c27921d	SP(Sec/SPI)	0.998356	0.001644	CS pos: 19-20. AYG-LE. Pr: 0.9697
evm.utg225.68	SP(Sec/SPI)	0.849926	0.150074	CS pos: 17-18. SLN-DL. Pr: 0.2091
evm.utg225.70	SP(Sec/SPI)	0.994988	0.005012	CS pos: 21-22. ISA-QV. Pr: 0.7660
evm.utg225.80	SP(Sec/SPI)	0.930658	0.069342	CS pos: 26-27. CSS-SV. Pr: 0.4145
evm.utg225.126	SP(Sec/SPI)	0.687246	0.312754	CS pos: 20-21. ILC-YD. Pr: 0.5708
evm.utg225.133	SP(Sec/SPI)	0.578556	0.421444	CS pos: 13-14. ILC-YD. Pr: 0.2278
evm.utg234.18	SP(Sec/SPI)	0.913050	0.086950	CS pos: 26-27. VYT-AH. Pr: 0.6526
evm.utg234.35	SP(Sec/SPI)	0.995075	0.004925	CS pos: 15-16. ALA-GF. Pr: 0.7520
evm.utg234.37	SP(Sec/SPI)	0.606052	0.393948	CS pos: 46-47. ASA-DE. Pr: 0.5502
evm.utg234.38	SP(Sec/SPI)	0.999581	0.000419	CS pos: 19-20. ASA-DT. Pr: 0.9251
utg234.equina_smart_1444942.mrna4	SP(Sec/SPI)	0.965346	0.034654	CS pos: 32-33. ASA-DE. Pr: 0.8765
evm.utg234.39	SP(Sec/SPI)	0.998346	0.001654	CS pos: 21-22. TQS-AP. Pr: 0.7450
evm.utg234.43	SP(Sec/SPI)	0.999821	0.000179	CS pos: 19-20. ASA-DE. Pr: 0.9429
utg234.equina_smart_1404332.mrna1	SP(Sec/SPI)	0.999877	0.000123	CS pos: 21-22. ADA-YD. Pr: 0.7183
utg234.equina_smart_1404218.mrna1	SP(Sec/SPI)	0.999866	0.000134	CS pos: 19-20. ASA-DE. Pr: 0.9625
evm.utg234.52.53.3.5c279240	SP(Sec/SPI)	0.990607	0.009393	CS pos: 19-20. VKG-EG. Pr: 0.8946
evm.utg234.57	SP(Sec/SPI)	0.793343	0.206657	CS pos: 23-24. CES-GC. Pr: 0.5654
evm.utg234.73	SP(Sec/SPI)	0.921348	0.078652	CS pos: 23-24. VLT-DS. Pr: 0.5597
evm.utg234.77	SP(Sec/SPI)	0.994115	0.005885	CS pos: 22-23. IQA-FS. Pr: 0.8967
evm.utg234.80	SP(Sec/SPI)	0.984120	0.015880	CS pos: 23-24. AGA-AK. Pr: 0.5041
evm.utg234.84	SP(Sec/SPI)	0.985549	0.014451	CS pos: 20-21. AVG-SV. Pr: 0.4888
evm.utg234.85.1.5c22ed77	SP(Sec/SPI)	0.928060	0.071940	CS pos: 17-18. VLG-SS. Pr: 0.4238
evm.utg234.89	SP(Sec/SPI)	0.995579	0.004421	CS pos: 16-17. SFA-GN. Pr: 0.9330
utg234.equina_smart_69963.mrna1	SP(Sec/SPI)	0.938519	0.061481	CS pos: 24-25. GRS-LW. Pr: 0.8332
evm.utg234.96	SP(Sec/SPI)	0.999737	0.000263	CS pos: 20-21. ALS-LK. Pr: 0.9879
evm.utg234.97	SP(Sec/SPI)	0.999807	0.000193	CS pos: 20-21. ALS-IK. Pr: 0.9605
evm.utg234.98	SP(Sec/SPI)	0.999786	0.000214	CS pos: 20-21. ALS-LK. Pr: 0.9720
evm.utg234.99	SP(Sec/SPI)	0.999699	0.000301	CS pos: 20-21. ALS-IK. Pr: 0.9495
evm.utg234.105	SP(Sec/SPI)	0.976518	0.023482	CS pos: 22-23. VGA-IE. Pr: 0.7185
evm.utg234.106	SP(Sec/SPI)	0.999140	0.000860	CS pos: 21-22. TQS-AP. Pr: 0.7597
evm.utg234.107	SP(Sec/SPI)	0.965441	0.034559	CS pos: 15-16. ALA-GF. Pr: 0.4899
evm.utg234.108	SP(Sec/SPI)	0.997425	0.002575	CS pos: 21-22. TQS-VP. Pr: 0.6673
evm.utg234.109	SP(Sec/SPI)	0.994416	0.005584	CS pos: 15-16. ALA-GF. Pr: 0.7280
utg234.equina_smart_1404252.mrna1	SP(Sec/SPI)	0.993129	0.006871	CS pos: 19-20. VLG-VN. Pr: 0.9366
evm.utg234.110	SP(Sec/SPI)	0.954506	0.045494	CS pos: 20-21. LNA-RD. Pr: 0.4685
evm.utg234.113	SP(Sec/SPI)	0.954506	0.045494	CS pos: 20-21. LNA-RD. Pr: 0.4685
evm.utg234.115	SP(Sec/SPI)	0.956002	0.043998	CS pos: 20-21. LNA-RD. Pr: 0.4647
evm.utg234.124	SP(Sec/SPI)	0.999605	0.000395	CS pos: 19-20. AFS-IT. Pr: 0.9558
evm.utg234.127	SP(Sec/SPI)	0.999423	0.000577	CS pos: 19-20. ALA-IQ. Pr: 0.9332
evm.utg234.130	SP(Sec/SPI)	0.999760	0.000240	CS pos: 20-21. ALS-ID. Pr: 0.9470
evm.utg234.134	SP(Sec/SPI)	0.999774	0.000226	CS pos: 20-21. ALS-ID. Pr: 0.9463
evm.utg234.135.137	SP(Sec/SPI)	0.994120	0.005880	CS pos: 19-20. GQT-EE. Pr: 0.7692
evm.utg234.138	SP(Sec/SPI)	0.985852	0.014148	CS pos: 17-18. ALS-KN. Pr: 0.7321
evm.utg234.140	SP(Sec/SPI)	0.990170	0.009830	CS pos: 17-18. ALS-KN. Pr: 0.9324
evm.utg234.142	SP(Sec/SPI)	0.993922	0.006078	CS pos: 15-16. ALA-AQ. Pr: 0.7715
evm.utg236.2	SP(Sec/SPI)	0.985746	0.014254	CS pos: 23-24. VSG-LQ. Pr: 0.6487
evm.utg236.15	SP(Sec/SPI)	0.661797	0.338203	CS pos: 24-25. TTI-KI. Pr: 0.1259
evm.utg236.17	SP(Sec/SPI)	0.997489	0.002511	CS pos: 17-18. SQG-TP. Pr: 0.9711
evm.utg236.53	SP(Sec/SPI)	0.996896	0.003104	CS pos: 19-20. TVA-QE. Pr: 0.7003
evm.utg236.55	SP(Sec/SPI)	0.987691	0.012309	CS pos: 23-24. VSS-EL. Pr: 0.8797
evm.utg236.58	SP(Sec/SPI)	0.922195	0.077805	CS pos: 19-20. SKC-SQ. Pr: 0.7797
evm.utg236.59	SP(Sec/SPI)	0.968704	0.031296	CS pos: 19-20. AWG-QG. Pr: 0.7863
evm.utg236.60	SP(Sec/SPI)	0.969592	0.030408	CS pos: 19-20. IES-IK. Pr: 0.4760
evm.utg237.5	SP(Sec/SPI)	0.851089	0.148911	CS pos: 26-27. VTS-EF. Pr: 0.7247
evm.utg237.20	SP(Sec/SPI)	0.547064	0.452936	CS pos: 30-31. TNG-LN. Pr: 0.1971
evm.utg237.26	SP(Sec/SPI)	0.597281	0.402719	CS pos: 23-24. GLT-GF. Pr: 0.1863
evm.utg239.18	SP(Sec/SPI)	0.712548	0.287452	CS pos: 18-19. SLT-TY. Pr: 0.3360
evm.utg243.6	SP(Sec/SPI)	0.999225	0.000775	CS pos: 19-20. AQG-SQ. Pr: 0.7208
evm.utg243.21	SP(Sec/SPI)	0.831204	0.168796	CS pos: 22-23. SLA-IH. Pr: 0.4888
evm.utg243.36	SP(Sec/SPI)	0.826303	0.173697	CS pos: 24-25. ISA-NS. Pr: 0.3228
evm.utg243.45	SP(Sec/SPI)	0.924575	0.075425	CS pos: 25-26. GFA-DK. Pr: 0.7474
evm.utg243.46	SP(Sec/SPI)	0.997709	0.002291	CS pos: 24-25. CQA-RS. Pr: 0.9290
evm.utg243.54	SP(Sec/SPI)	0.962887	0.037113	CS pos: 23-24. NDA-YT. Pr: 0.6186
evm.utg243.55	SP(Sec/SPI)	0.986224	0.013776	CS pos: 24-25. GLT-AH. Pr: 0.3432
utg243.equina_smart_57527.mrna1	SP(Sec/SPI)	0.995227	0.004773	CS pos: 21-22. SEG-FI. Pr: 0.9397
evm.utg243.65	SP(Sec/SPI)	0.983622	0.016378	CS pos: 25-26. TEC-FF. Pr: 0.5121
evm.utg243.73	SP(Sec/SPI)	0.967258	0.032742	CS pos: 23-24. TFS-VD. Pr: 0.8898
evm.utg243.74	SP(Sec/SPI)	0.971369	0.028631	CS pos: 20-21. TSG-MI. Pr: 0.4757
utg243.equina_smart_301922.mrna1	SP(Sec/SPI)	0.999768	0.000232	CS pos: 21-22. TAA-VD. Pr: 0.4766
evm.utg243.77.2.5c22eda7	SP(Sec/SPI)	0.858435	0.141565	CS pos: 23-24. KES-EP. Pr: 0.2435
utg243.equina_smart_789593.mrna1	SP(Sec/SPI)	0.998671	0.001329	CS pos: 18-19. SYG-VQ. Pr: 0.4743
utg243.equina_smart_70960.mrna1	SP(Sec/SPI)	0.999419	0.000581	CS pos: 22-23. VLG-CS. Pr: 0.7062
evm.utg243.96	SP(Sec/SPI)	0.914961	0.085039	CS pos: 21-22. ISA-PT. Pr: 0.2128
evm.utg245.8	SP(Sec/SPI)	0.919869	0.080131	CS pos: 18-19. AAA-HL. Pr: 0.3138
utg245.equina_smart_1037005.mrna1	SP(Sec/SPI)	0.974889	0.025111	CS pos: 23-24. TFC-KS. Pr: 0.6720
evm.utg245.9	SP(Sec/SPI)	0.994969	0.005031	CS pos: 20-21. TNS-AP. Pr: 0.4510
evm.utg245.15	SP(Sec/SPI)	0.690276	0.309724	CS pos: 21-22. LKS-QQ. Pr: 0.3374
evm.utg245.17	SP(Sec/SPI)	0.897861	0.102139	CS pos: 26-27. LFA-AG. Pr: 0.3217
evm.utg245.27	SP(Sec/SPI)	0.755374	0.244626	CS pos: 25-26. SNG-SH. Pr: 0.2324
evm.utg245.28	SP(Sec/SPI)	0.946626	0.053374	CS pos: 21-22. IEG-KK. Pr: 0.9199
evm.utg245.40	SP(Sec/SPI)	0.963930	0.036070	CS pos: 19-20. SEC-IV. Pr: 0.8481
evm.utg245.41	SP(Sec/SPI)	0.911390	0.088610	CS pos: 20-21. CVA-FE. Pr: 0.8410
evm.utg245.59	SP(Sec/SPI)	0.998062	0.001938	CS pos: 23-24. VDG-GR. Pr: 0.9552
utg245.equina_smart_826176.mrna1	SP(Sec/SPI)	0.993998	0.006002	CS pos: 21-22. CLS-GK. Pr: 0.6323
evm.utg245.69.1.5c22edb1	SP(Sec/SPI)	0.998584	0.001416	CS pos: 20-21. CLS-GK. Pr: 0.5790
evm.utg245.70	SP(Sec/SPI)	0.982417	0.017583	CS pos: 24-25. VDS-SG. Pr: 0.5867
evm.utg245.71	SP(Sec/SPI)	0.727427	0.272573	CS pos: 31-32. CAP-QD. Pr: 0.3548
utg245.equina_smart_194154.mrna1	SP(Sec/SPI)	0.998472	0.001528	CS pos: 21-22. LSG-QG. Pr: 0.3182
evm.utg245.81	SP(Sec/SPI)	0.992936	0.007064	CS pos: 21-22. ARS-VS. Pr: 0.3830
evm.utg255.4.2.5c22edd4	SP(Sec/SPI)	0.996248	0.003752	CS pos: 24-25. VKA-DL. Pr: 0.9692
evm.utg255.28	SP(Sec/SPI)	0.993066	0.006934	CS pos: 15-16. GEA-SL. Pr: 0.7931
evm.utg255.41	SP(Sec/SPI)	0.970885	0.029115	CS pos: 20-21. FSC-EK. Pr: 0.4956
evm.utg256.7	SP(Sec/SPI)	0.916427	0.083573	CS pos: 22-23. VRG-GR. Pr: 0.8581
evm.utg256.15	SP(Sec/SPI)	0.992865	0.007135	CS pos: 16-17. SFA-LP. Pr: 0.7786
evm.utg256.17	SP(Sec/SPI)	0.912599	0.087401	CS pos: 23-24. IEG-FR. Pr: 0.8416
evm.utg256.31	SP(Sec/SPI)	0.975056	0.024944	CS pos: 19-20. TIA-DV. Pr: 0.8471
evm.utg256.37.39	SP(Sec/SPI)	0.827142	0.172858	CS pos: 21-22. SSG-YK. Pr: 0.4874
evm.utg259.7	SP(Sec/SPI)	0.549722	0.450278	CS pos: 25-26. GKS-VV. Pr: 0.2619
evm.utg259.16	SP(Sec/SPI)	0.758334	0.241666	CS pos: 20-21. SVT-EV. Pr: 0.2425
evm.utg259.35	SP(Sec/SPI)	0.918863	0.081137	CS pos: 30-31. VAA-SQ. Pr: 0.5953
evm.utg262.1	SP(Sec/SPI)	0.985839	0.014161	CS pos: 24-25. VVG-NP. Pr: 0.9358
evm.utg262.7	SP(Sec/SPI)	0.930305	0.069695	CS pos: 24-25. VRC-TG. Pr: 0.4869
evm.utg262.8	SP(Sec/SPI)	0.949491	0.050509	CS pos: 24-25. VRC-SG. Pr: 0.4754
evm.utg262.14	SP(Sec/SPI)	0.722933	0.277067	CS pos: 23-24. ASS-GR. Pr: 0.3540
evm.utg262.17	SP(Sec/SPI)	0.971965	0.028035	CS pos: 23-24. TKQ-AP. Pr: 0.6986
evm.utg262.18	SP(Sec/SPI)	0.993222	0.006778	CS pos: 21-22. TKS-AP. Pr: 0.8230
evm.utg262.30	SP(Sec/SPI)	0.996453	0.003547	CS pos: 19-20. CES-AV. Pr: 0.6543
evm.utg262.34	SP(Sec/SPI)	0.926290	0.073710	CS pos: 23-24. VES-LP. Pr: 0.7892
evm.utg262.48	SP(Sec/SPI)	0.999406	0.000594	CS pos: 23-24. SSG-ET. Pr: 0.6335
evm.utg262.49	SP(Sec/SPI)	0.966550	0.033450	CS pos: 17-18. ITA-AP. Pr: 0.6525
evm.utg262.50	SP(Sec/SPI)	0.798382	0.201618	CS pos: 22-23. TLQ-AP. Pr: 0.2071
evm.utg262.57	SP(Sec/SPI)	0.976555	0.023445	CS pos: 24-25. LHA-AP. Pr: 0.7229
evm.utg262.67	SP(Sec/SPI)	0.954004	0.045996	CS pos: 23-24. ISG-QP. Pr: 0.7668
evm.utg262.70	SP(Sec/SPI)	0.989382	0.010618	CS pos: 21-22. GRA-AI. Pr: 0.8271
evm.utg262.71	SP(Sec/SPI)	0.997137	0.002863	CS pos: 19-20. TNG-LY. Pr: 0.9759
evm.utg262.74	SP(Sec/SPI)	0.954913	0.045087	CS pos: 24-25. ALT-GK. Pr: 0.4140
evm.utg262.75	SP(Sec/SPI)	0.979989	0.020011	CS pos: 26-27. GSA-QC. Pr: 0.6634
evm.utg262.77	SP(Sec/SPI)	0.945564	0.054436	CS pos: 28-29. GSA-QC. Pr: 0.6356
evm.utg262.78	SP(Sec/SPI)	0.993357	0.006643	CS pos: 24-25. SEA-HP. Pr: 0.9404
evm.utg262.79	SP(Sec/SPI)	0.944773	0.055227	CS pos: 24-25. VDG-EK. Pr: 0.8756
evm.utg262.81	SP(Sec/SPI)	0.915151	0.084849	CS pos: 26-27. TKG-SI. Pr: 0.2115
evm.utg262.83	SP(Sec/SPI)	0.685140	0.314860	CS pos: 15-16. ADG-KD. Pr: 0.5199
evm.utg268.14	SP(Sec/SPI)	0.821809	0.178191	CS pos: 23-24. SQA-SV. Pr: 0.5091
utg268.equina_smart_1566830.mrna1	SP(Sec/SPI)	0.731049	0.268951	CS pos: 21-22. PEG-LE. Pr: 0.3576
evm.utg268.24	SP(Sec/SPI)	0.874877	0.125123	CS pos: 24-25. IEG-IL. Pr: 0.5401
evm.utg268.30	SP(Sec/SPI)	0.874877	0.125123	CS pos: 24-25. IEG-IL. Pr: 0.5401
evm.utg276.2	SP(Sec/SPI)	0.991700	0.008300	CS pos: 22-23. VGG-MQ. Pr: 0.8931
evm.utg276.3	SP(Sec/SPI)	0.700229	0.299771	CS pos: 18-19. AAS-FQ. Pr: 0.5575
evm.utg276.8	SP(Sec/SPI)	0.793574	0.206426	CS pos: 26-27. SYA-KT. Pr: 0.6801
evm.utg276.10	SP(Sec/SPI)	0.908314	0.091686	CS pos: 25-26. VQP-IK. Pr: 0.5740
evm.utg276.30	SP(Sec/SPI)	0.612758	0.387242	CS pos: 20-21. NQG-VI. Pr: 0.4751
evm.utg276.35	SP(Sec/SPI)	0.811008	0.188992	CS pos: 25-26. VFA-EA. Pr: 0.5020
evm.utg276.37.1.5c22ee2a	SP(Sec/SPI)	0.833789	0.166211	CS pos: 20-21. AQL-LE. Pr: 0.3006
evm.utg276.46	SP(Sec/SPI)	0.974322	0.025678	CS pos: 24-25. VHG-GE. Pr: 0.8884
evm.utg276.47	SP(Sec/SPI)	0.933053	0.066947	CS pos: 26-27. VLS-DA. Pr: 0.6192
evm.utg279.1	SP(Sec/SPI)	0.998161	0.001839	CS pos: 24-25. SHA-SA. Pr: 0.4903
evm.utg279.20	SP(Sec/SPI)	0.990822	0.009178	CS pos: 17-18. VQS-RQ. Pr: 0.8641
evm.utg279.22	SP(Sec/SPI)	0.811245	0.188755	CS pos: 36-37. ISG-SN. Pr: 0.4585
evm.utg279.40	SP(Sec/SPI)	0.713057	0.286943	CS pos: 29-30. GLG-AI. Pr: 0.3049
evm.utg279.42	SP(Sec/SPI)	0.996003	0.003997	CS pos: 24-25. VGS-AG. Pr: 0.4531
evm.utg279.66	SP(Sec/SPI)	0.757842	0.242158	CS pos: 24-25. CDS-AI. Pr: 0.5313
evm.utg280.22	SP(Sec/SPI)	0.750082	0.249918	CS pos: 19-20. ASA-KV. Pr: 0.7051
evm.utg280.30	SP(Sec/SPI)	0.992833	0.007167	CS pos: 20-21. SES-AS. Pr: 0.7318
evm.utg280.46	SP(Sec/SPI)	0.984579	0.015421	CS pos: 21-22. CRS-SE. Pr: 0.8556
evm.utg280.50	SP(Sec/SPI)	0.535203	0.464797	CS pos: 15-16. VFS-AI. Pr: 0.1431
evm.utg280.58	SP(Sec/SPI)	0.662433	0.337567	CS pos: 14-15. VTV-DD. Pr: 0.1528
evm.utg280.75	SP(Sec/SPI)	0.908485	0.091515	CS pos: 18-19. GES-GR. Pr: 0.3980
evm.utg286.10	SP(Sec/SPI)	0.951533	0.048467	CS pos: 19-20. IHC-EP. Pr: 0.7844
evm.utg286.19	SP(Sec/SPI)	0.991168	0.008832	CS pos: 20-21. CTG-QD. Pr: 0.9443
evm.utg293.5	SP(Sec/SPI)	0.999639	0.000361	CS pos: 19-20. SKA-VD. Pr: 0.9598
evm.utg293.7	SP(Sec/SPI)	0.732758	0.267242	CS pos: 31-32. SMA-ET. Pr: 0.6333
evm.utg293.8	SP(Sec/SPI)	0.875433	0.124567	CS pos: 26-27. ALS-DK. Pr: 0.7161
evm.utg293.12	SP(Sec/SPI)	0.992605	0.007395	CS pos: 22-23. IEA-IS. Pr: 0.9551
evm.utg293.14	SP(Sec/SPI)	0.768211	0.231789	CS pos: 24-25. IQS-IP. Pr: 0.6533
evm.utg293.23	SP(Sec/SPI)	0.902848	0.097152	CS pos: 18-19. GLA-LR. Pr: 0.5473
evm.utg293.38	SP(Sec/SPI)	0.976055	0.023945	CS pos: 21-22. NDG-RK. Pr: 0.6146
evm.utg293.47	SP(Sec/SPI)	0.984875	0.015125	CS pos: 20-21. CNC-CG. Pr: 0.6021
evm.utg293.50.1.5c22ee69.1.5c27930f	SP(Sec/SPI)	0.999393	0.000607	CS pos: 22-23. CSA-DI. Pr: 0.8532
evm.utg293.60	SP(Sec/SPI)	0.940399	0.059601	CS pos: 22-23. SVG-KE. Pr: 0.6997
evm.utg293.81	SP(Sec/SPI)	0.981439	0.018561	CS pos: 22-23. SLS-CD. Pr: 0.4351
evm.utg300.32	SP(Sec/SPI)	0.994369	0.005631	CS pos: 20-21. SFA-KP. Pr: 0.8196
evm.utg300.40	SP(Sec/SPI)	0.996815	0.003185	CS pos: 21-22. VKA-NN. Pr: 0.8984
evm.utg300.44	SP(Sec/SPI)	0.999754	0.000246	CS pos: 17-18. VSA-AP. Pr: 0.8254
evm.utg300.47	SP(Sec/SPI)	0.997039	0.002961	CS pos: 16-17. CAA-SI. Pr: 0.7034
evm.utg300.68	SP(Sec/SPI)	0.979585	0.020415	CS pos: 25-26. SEA-GK. Pr: 0.9202
evm.utg300.71	SP(Sec/SPI)	0.984948	0.015052	CS pos: 17-18. CVA-LN. Pr: 0.8129
evm.utg300.72	SP(Sec/SPI)	0.984284	0.015716	CS pos: 22-23. SVG-KP. Pr: 0.3779
evm.utg301.10	SP(Sec/SPI)	0.938981	0.061019	CS pos: 28-29. VSG-HT. Pr: 0.8036
evm.utg301.11	SP(Sec/SPI)	0.953868	0.046132	CS pos: 24-25. ATA-ID. Pr: 0.6071
evm.utg301.13	SP(Sec/SPI)	0.663706	0.336294	CS pos: 22-23. TSS-EV. Pr: 0.5247
evm.utg301.14	SP(Sec/SPI)	0.989809	0.010191	CS pos: 25-26. VAG-NS. Pr: 0.8655
evm.utg301.15	SP(Sec/SPI)	0.999438	0.000562	CS pos: 26-27. SEG-AW. Pr: 0.9725
evm.utg301.19	SP(Sec/SPI)	0.998593	0.001407	CS pos: 19-20. NQA-ED. Pr: 0.8075
evm.utg301.27	SP(Sec/SPI)	0.996378	0.003622	CS pos: 22-23. SCC-RR. Pr: 0.4067
evm.utg301.62	SP(Sec/SPI)	0.983879	0.016121	CS pos: 22-23. GQC-VK. Pr: 0.9079
evm.utg301.80	SP(Sec/SPI)	0.996655	0.003345	CS pos: 21-22. STA-SN. Pr: 0.4537
evm.utg301.128	SP(Sec/SPI)	0.864538	0.135462	CS pos: 24-25. INS-AE. Pr: 0.4461
evm.utg301.131	SP(Sec/SPI)	0.500149	0.499851	CS pos: 28-29. TFG-YC. Pr: 0.2997
evm.utg302.1	SP(Sec/SPI)	0.911860	0.088140	CS pos: 17-18. SNT-ET. Pr: 0.3540
evm.utg302.13	SP(Sec/SPI)	0.982300	0.017700	CS pos: 22-23. STA-ER. Pr: 0.5951
evm.utg302.33	SP(Sec/SPI)	0.955671	0.044329	CS pos: 29-30. SEA-GS. Pr: 0.8908
evm.utg302.35	SP(Sec/SPI)	0.557318	0.442682	CS pos: 21-22. IES-AK. Pr: 0.4956
evm.utg302.37	SP(Sec/SPI)	0.661037	0.338963	CS pos: 32-33. SFS-SF. Pr: 0.2818
evm.utg302.40	SP(Sec/SPI)	0.995044	0.004956	CS pos: 19-20. ANG-LC. Pr: 0.7893
evm.utg302.44	SP(Sec/SPI)	0.840197	0.159803	CS pos: 21-22. SSG-YK. Pr: 0.4961
evm.utg307.12	SP(Sec/SPI)	0.989753	0.010247	CS pos: 18-19. VRG-TT. Pr: 0.3864
evm.utg307.19	SP(Sec/SPI)	0.936872	0.063128	CS pos: 21-22. SAA-EF. Pr: 0.5261
utg307.equina_smart_51672.mrna1	SP(Sec/SPI)	0.999706	0.000294	CS pos: 22-23. AES-GV. Pr: 0.7689
evm.utg307.29	SP(Sec/SPI)	0.973301	0.026699	CS pos: 16-17. VWS-KY. Pr: 0.8996
evm.utg309.2	SP(Sec/SPI)	0.999200	0.000800	CS pos: 20-21. TTA-SS. Pr: 0.6760
evm.utg309.5	SP(Sec/SPI)	0.837355	0.162645	CS pos: 25-26. TKA-QN. Pr: 0.7473
evm.utg309.13	SP(Sec/SPI)	0.631742	0.368258	CS pos: 24-25. AAA-EP. Pr: 0.4502
evm.utg309.15	SP(Sec/SPI)	0.736642	0.263358	CS pos: 30-31. CSA-TS. Pr: 0.2754
evm.utg309.27	SP(Sec/SPI)	0.562527	0.437473	CS pos: 29-30. SLQ-QH. Pr: 0.2011
evm.utg320.2	SP(Sec/SPI)	0.944460	0.055540	CS pos: 32-33. ATA-TS. Pr: 0.4500
evm.utg320.4	SP(Sec/SPI)	0.979640	0.020360	CS pos: 21-22. AEC-TS. Pr: 0.9208
evm.utg320.6.2.5c22eef2	SP(Sec/SPI)	0.968122	0.031878	CS pos: 23-24. YEA-GI. Pr: 0.7406
evm.utg320.8	SP(Sec/SPI)	0.985023	0.014977	CS pos: 19-20. CHT-LQ. Pr: 0.8430
evm.utg320.17	SP(Sec/SPI)	0.980901	0.019099	CS pos: 19-20. VTG-SF. Pr: 0.6051
evm.utg320.21	SP(Sec/SPI)	0.756080	0.243920	CS pos: 27-28. TSG-KT. Pr: 0.6478
evm.utg320.26	SP(Sec/SPI)	0.728084	0.271916	CS pos: 37-38. VAS-QN. Pr: 0.3426
evm.utg320.30	SP(Sec/SPI)	0.588780	0.411220	CS pos: 40-41. VAA-SQ. Pr: 0.3691
evm.utg320.33	SP(Sec/SPI)	0.508376	0.491624	CS pos: 36-37. VAA-SQ. Pr: 0.2960
evm.utg320.35	SP(Sec/SPI)	0.609414	0.390586	CS pos: 37-38. VAA-SQ. Pr: 0.3888
evm.utg320.41	SP(Sec/SPI)	0.996562	0.003438	CS pos: 19-20. TQA-IT. Pr: 0.9326
evm.utg320.42	SP(Sec/SPI)	0.993624	0.006376	CS pos: 19-20. VNG-DN. Pr: 0.9615
evm.utg320.47	SP(Sec/SPI)	0.743250	0.256750	CS pos: 26-27. ASA-SR. Pr: 0.4359
evm.utg320.53	SP(Sec/SPI)	0.983971	0.016029	CS pos: 20-21. CTC-RD. Pr: 0.8396
evm.utg320.62	SP(Sec/SPI)	0.998940	0.001060	CS pos: 18-19. VRA-QL. Pr: 0.9366
evm.utg320.63	SP(Sec/SPI)	0.999262	0.000738	CS pos: 18-19. VRA-QP. Pr: 0.9447
evm.utg320.70	SP(Sec/SPI)	0.634707	0.365293	CS pos: 22-23. CLG-NT. Pr: 0.4965
evm.utg320.73	SP(Sec/SPI)	0.943030	0.056970	CS pos: 19-20. VSS-KN. Pr: 0.8820
evm.utg320.110	SP(Sec/SPI)	0.998678	0.001322	CS pos: 20-21. TSA-YN. Pr: 0.9583
evm.utg320.113	SP(Sec/SPI)	0.575530	0.424470	CS pos: 26-27. LFA-ER. Pr: 0.5129
evm.utg320.145	SP(Sec/SPI)	0.868814	0.131186	CS pos: 20-21. SFT-SP. Pr: 0.4442
evm.utg320.147	SP(Sec/SPI)	0.996478	0.003522	CS pos: 20-21. LNA-AT. Pr: 0.7396
evm.utg320.148	SP(Sec/SPI)	0.995461	0.004539	CS pos: 21-22. ALS-DE. Pr: 0.5214
evm.utg320.153	SP(Sec/SPI)	0.983407	0.016593	CS pos: 22-23. CCA-LL. Pr: 0.5218
utg320.equina_smart_558272.mrna1	SP(Sec/SPI)	0.944438	0.055562	CS pos: 21-22. ICC-TL. Pr: 0.5069
utg320.equina_smart_1044949.mrna1	SP(Sec/SPI)	0.932135	0.067865	CS pos: 22-23. CCA-LL. Pr: 0.5071
evm.utg324.5	SP(Sec/SPI)	0.984640	0.015360	CS pos: 26-27. VTA-IS. Pr: 0.8434
utg324.equina_smart_1438270.mrna3	SP(Sec/SPI)	0.836455	0.163545	CS pos: 22-23. VAP-GH. Pr: 0.2202
evm.utg324.17	SP(Sec/SPI)	0.942849	0.057151	CS pos: 24-25. SFA-SG. Pr: 0.5974
evm.utg324.18	SP(Sec/SPI)	0.874797	0.125203	CS pos: 20-21. TIA-VN. Pr: 0.7901
evm.utg324.27	SP(Sec/SPI)	0.989518	0.010482	CS pos: 24-25. ATA-EL. Pr: 0.9168
evm.utg324.33	SP(Sec/SPI)	0.984686	0.015314	CS pos: 18-19. VDS-IY. Pr: 0.8819
evm.utg324.35	SP(Sec/SPI)	0.722521	0.277479	CS pos: 29-30. STA-ST. Pr: 0.4306
evm.utg324.55	SP(Sec/SPI)	0.997859	0.002141	CS pos: 18-19. IEG-SD. Pr: 0.9487
evm.utg324.57	SP(Sec/SPI)	0.997600	0.002400	CS pos: 18-19. IEG-SD. Pr: 0.9485
evm.utg324.60	SP(Sec/SPI)	0.990993	0.009007	CS pos: 26-27. VNG-QD. Pr: 0.9696
evm.utg324.62	SP(Sec/SPI)	0.999666	0.000334	CS pos: 21-22. SEA-VT. Pr: 0.6832
evm.utg324.66	SP(Sec/SPI)	0.596838	0.403162	CS pos: 32-33. VDA-ES. Pr: 0.3413
evm.utg324.67	SP(Sec/SPI)	0.999554	0.000446	CS pos: 20-21. ANA-QA. Pr: 0.5165
evm.utg324.70	SP(Sec/SPI)	0.980499	0.019501	CS pos: 26-27. SDA-VV. Pr: 0.8634
evm.utg324.71.1.5c22ef25	SP(Sec/SPI)	0.992305	0.007695	CS pos: 21-22. VSA-IN. Pr: 0.6355
evm.utg324.82	SP(Sec/SPI)	0.998992	0.001008	CS pos: 18-19. ASA-AL. Pr: 0.7517
evm.utg324.92	SP(Sec/SPI)	0.981698	0.018302	CS pos: 25-26. VQT-EE. Pr: 0.5217
evm.utg324.94	SP(Sec/SPI)	0.942303	0.057697	CS pos: 25-26. ASS-SI. Pr: 0.6372
evm.utg324.95	SP(Sec/SPI)	0.953323	0.046677	CS pos: 27-28. TEA-SR. Pr: 0.4964
evm.utg324.96	SP(Sec/SPI)	0.947071	0.052929	CS pos: 24-25. SQA-KD. Pr: 0.7993
evm.utg324.107	SP(Sec/SPI)	0.986109	0.013891	CS pos: 20-21. THA-TS. Pr: 0.7644
evm.utg324.112	SP(Sec/SPI)	0.983294	0.016706	CS pos: 20-21. SWA-AK. Pr: 0.9254
evm.utg324.118	SP(Sec/SPI)	0.675443	0.324557	CS pos: 25-26. CTS-YI. Pr: 0.3616
evm.utg324.120	SP(Sec/SPI)	0.961375	0.038625	CS pos: 27-28. VTS-EQ. Pr: 0.7725
evm.utg324.123	SP(Sec/SPI)	0.575223	0.424777	CS pos: 22-23. GWA-GG. Pr: 0.4310
evm.utg324.133	SP(Sec/SPI)	0.997966	0.002034	CS pos: 23-24. VEA-NG. Pr: 0.8165
evm.utg324.134	SP(Sec/SPI)	0.997966	0.002034	CS pos: 23-24. VEA-NG. Pr: 0.8165
evm.utg324.135	SP(Sec/SPI)	0.997966	0.002034	CS pos: 23-24. VEA-NG. Pr: 0.8165
evm.utg324.150	SP(Sec/SPI)	0.943422	0.056578	CS pos: 22-23. CNA-GS. Pr: 0.7936
evm.utg324.159.8.5c22ef29	SP(Sec/SPI)	0.987242	0.012758	CS pos: 17-18. AQA-IL. Pr: 0.9178
evm.utg324.160	SP(Sec/SPI)	0.953189	0.046811	CS pos: 16-17. INA-AT. Pr: 0.5198
evm.utg324.161	SP(Sec/SPI)	0.936199	0.063801	CS pos: 24-25. SKC-QP. Pr: 0.5928
evm.utg324.162	SP(Sec/SPI)	0.941527	0.058473	CS pos: 24-25. SKC-QP. Pr: 0.5940
evm.utg324.163	SP(Sec/SPI)	0.921124	0.078876	CS pos: 25-26. SKC-QP. Pr: 0.5628
evm.utg324.166	SP(Sec/SPI)	0.985108	0.014892	CS pos: 19-20. GYA-RS. Pr: 0.4655
evm.utg324.170	SP(Sec/SPI)	0.725192	0.274808	CS pos: 22-23. SSA-NI. Pr: 0.4294
evm.utg324.172	SP(Sec/SPI)	0.908394	0.091606	CS pos: 25-26. LQA-SC. Pr: 0.5111
evm.utg324.173	SP(Sec/SPI)	0.929732	0.070268	CS pos: 20-21. VLG-LP. Pr: 0.8524
evm.utg324.177	SP(Sec/SPI)	0.976987	0.023013	CS pos: 26-27. SNG-QQ. Pr: 0.6565
evm.utg324.179	SP(Sec/SPI)	0.977273	0.022727	CS pos: 21-22. TSA-NS. Pr: 0.4404
evm.utg324.180	SP(Sec/SPI)	0.941013	0.058987	CS pos: 22-23. NSA-LN. Pr: 0.4246
evm.utg324.181	SP(Sec/SPI)	0.939830	0.060170	CS pos: 22-23. ART-EN. Pr: 0.6236
evm.utg324.182	SP(Sec/SPI)	0.992968	0.007032	CS pos: 19-20. VLG-GV. Pr: 0.8870
evm.utg324.188	SP(Sec/SPI)	0.998233	0.001767	CS pos: 20-21. SFA-QT. Pr: 0.8967
evm.utg324.214	SP(Sec/SPI)	0.986201	0.013799	CS pos: 23-24. TSC-GI. Pr: 0.5189
utg324.equina_smart_1735592.mrna2	SP(Sec/SPI)	0.986201	0.013799	CS pos: 23-24. TSC-GI. Pr: 0.5189
evm.utg324.220	SP(Sec/SPI)	0.985431	0.014569	CS pos: 19-20. ASA-VV. Pr: 0.8401
evm.utg334.54	SP(Sec/SPI)	0.693271	0.306729	CS pos: 34-35. AAA-ED. Pr: 0.2903
evm.utg334.65	SP(Sec/SPI)	0.939109	0.060891	CS pos: 19-20. GAA-KP. Pr: 0.3727
evm.utg334.78	SP(Sec/SPI)	0.998233	0.001767	CS pos: 25-26. VIG-EL. Pr: 0.9196
evm.utg338.7.1.5c22ef48	SP(Sec/SPI)	0.957694	0.042306	CS pos: 23-24. INA-GQ. Pr: 0.7547
evm.utg338.18	SP(Sec/SPI)	0.961312	0.038688	CS pos: 29-30. VHG-GE. Pr: 0.5599
evm.utg338.26	SP(Sec/SPI)	0.808726	0.191274	CS pos: 22-23. TLQ-AP. Pr: 0.2111
evm.utg338.27	SP(Sec/SPI)	0.836734	0.163266	CS pos: 17-18. ITA-AP. Pr: 0.6947
evm.utg338.28	SP(Sec/SPI)	0.998893	0.001107	CS pos: 23-24. SSG-EP. Pr: 0.6035
evm.utg338.31	SP(Sec/SPI)	0.733752	0.266248	CS pos: 33-34. SYG-KP. Pr: 0.7168
evm.utg338.40	SP(Sec/SPI)	0.940066	0.059934	CS pos: 22-23. VQA-SA. Pr: 0.5388
evm.utg338.41	SP(Sec/SPI)	0.944699	0.055301	CS pos: 23-24. VES-LP. Pr: 0.7921
evm.utg338.58	SP(Sec/SPI)	0.838013	0.161987	CS pos: 20-21. LDA-ST. Pr: 0.4820
evm.utg338.59	SP(Sec/SPI)	0.999260	0.000740	CS pos: 21-22. ANG-AP. Pr: 0.9891
evm.utg338.60	SP(Sec/SPI)	0.999186	0.000814	CS pos: 19-20. IEA-RC. Pr: 0.8842
evm.utg338.66	SP(Sec/SPI)	0.945193	0.054807	CS pos: 24-25. VRC-TG. Pr: 0.5398
evm.utg338.67	SP(Sec/SPI)	0.536977	0.463023	CS pos: 24-25. AYG-AK. Pr: 0.3885
evm.utg338.69	SP(Sec/SPI)	0.985839	0.014161	CS pos: 24-25. VVG-NP. Pr: 0.9358
evm.utg338.70	SP(Sec/SPI)	0.998536	0.001464	CS pos: 24-25. CYG-AE. Pr: 0.9554
evm.utg338.71	SP(Sec/SPI)	0.990408	0.009592	CS pos: 22-23. TKS-VT. Pr: 0.5367
evm.utg338.76	SP(Sec/SPI)	0.800611	0.199389	CS pos: 21-22. ISA-ER. Pr: 0.6169
evm.utg338.79	SP(Sec/SPI)	0.532495	0.467505	CS pos: 37-38. TKA-AP. Pr: 0.5039
evm.utg344.1	SP(Sec/SPI)	0.997001	0.002999	CS pos: 20-21. VLA-KP. Pr: 0.9577
evm.utg344.11	SP(Sec/SPI)	0.888072	0.111928	CS pos: 22-23. VSC-FP. Pr: 0.6852
evm.utg344.12	SP(Sec/SPI)	0.942499	0.057501	CS pos: 17-18. VHS-VS. Pr: 0.4745
evm.utg344.34	SP(Sec/SPI)	0.965775	0.034225	CS pos: 23-24. ATA-RV. Pr: 0.5516
evm.utg344.40	SP(Sec/SPI)	0.989527	0.010473	CS pos: 21-22. GFA-RH. Pr: 0.8188
evm.utg344.56	SP(Sec/SPI)	0.997062	0.002938	CS pos: 16-17. SDA-WL. Pr: 0.6392
evm.utg344.57	SP(Sec/SPI)	0.992081	0.007919	CS pos: 16-17. SSA-WF. Pr: 0.5411
evm.utg344.62	SP(Sec/SPI)	0.916567	0.083433	CS pos: 20-21. TDA-NL. Pr: 0.7503
evm.utg344.68	SP(Sec/SPI)	0.988244	0.011756	CS pos: 19-20. ANA-SI. Pr: 0.6015
evm.utg344.70	SP(Sec/SPI)	0.839273	0.160727	CS pos: 24-25. SSQ-QE. Pr: 0.4066
evm.utg344.71	SP(Sec/SPI)	0.556206	0.443794	CS pos: 29-30. TRA-AP. Pr: 0.5422
evm.utg344.77	SP(Sec/SPI)	0.819197	0.180803	CS pos: 26-27. SIA-RS. Pr: 0.4112
evm.utg344.78	SP(Sec/SPI)	0.878477	0.121523	CS pos: 21-22. IIA-TT. Pr: 0.4788
evm.utg344.86	SP(Sec/SPI)	0.663348	0.336652	CS pos: 23-24. SKA-LE. Pr: 0.6165
evm.utg347.7	SP(Sec/SPI)	0.912375	0.087625	CS pos: 27-28. ASG-AV. Pr: 0.4315
evm.utg347.11	SP(Sec/SPI)	0.977422	0.022578	CS pos: 19-20. SLL-QM. Pr: 0.2924
evm.utg348.2	SP(Sec/SPI)	0.777769	0.222231	CS pos: 26-27. STG-RK. Pr: 0.6272
evm.utg348.3	SP(Sec/SPI)	0.994646	0.005354	CS pos: 24-25. SHA-RY. Pr: 0.9827
evm.utg348.10	SP(Sec/SPI)	0.998818	0.001182	CS pos: 19-20. SQG-NP. Pr: 0.8043
evm.utg349.1	SP(Sec/SPI)	0.997484	0.002516	CS pos: 16-17. TSA-EV. Pr: 0.6465
evm.utg349.5	SP(Sec/SPI)	0.998673	0.001327	CS pos: 16-17. TSA-EV. Pr: 0.5399
evm.utg349.2	SP(Sec/SPI)	0.998634	0.001366	CS pos: 16-17. TSA-EV. Pr: 0.5358
evm.utg349.6	SP(Sec/SPI)	0.997221	0.002779	CS pos: 16-17. TSA-EV. Pr: 0.5381
evm.utg351.6	SP(Sec/SPI)	0.504341	0.495659	CS pos: 14-15. LMA-SI. Pr: 0.1205
evm.utg351.8	SP(Sec/SPI)	0.992151	0.007849	CS pos: 21-22. VLS-KN. Pr: 0.9486
evm.utg356.24	SP(Sec/SPI)	0.858986	0.141014	CS pos: 23-24. SWS-IL. Pr: 0.5152
evm.utg356.26	SP(Sec/SPI)	0.995318	0.004682	CS pos: 20-21. ATA-EK. Pr: 0.8439
evm.utg356.45	SP(Sec/SPI)	0.986196	0.013804	CS pos: 24-25. GKA-ND. Pr: 0.5713
evm.utg356.50	SP(Sec/SPI)	0.875334	0.124666	CS pos: 26-27. VST-QM. Pr: 0.5103
evm.utg356.78	SP(Sec/SPI)	0.504131	0.495869	CS pos: 17-18. CGS-HD. Pr: 0.2408
evm.utg356.122	SP(Sec/SPI)	0.649244	0.350756	CS pos: 21-22. VLG-IT. Pr: 0.3494
evm.utg358.9	SP(Sec/SPI)	0.998053	0.001947	CS pos: 16-17. AQA-GS. Pr: 0.8679
evm.utg359.7	SP(Sec/SPI)	0.540804	0.459196	CS pos: 29-30. TSA-RF. Pr: 0.4284
evm.utg359.37	SP(Sec/SPI)	0.995191	0.004809	CS pos: 16-17. GVC-QV. Pr: 0.4698
utg364.evm.utg86134.9.mrna2	SP(Sec/SPI)	0.988484	0.011516	CS pos: 21-22. ITS-TN. Pr: 0.4962
evm.utg364.9	SP(Sec/SPI)	0.559983	0.440017	CS pos: 23-24. LYS-HE. Pr: 0.1527
evm.utg364.10	SP(Sec/SPI)	0.748437	0.251563	CS pos: 25-26. LSA-HE. Pr: 0.3363
evm.utg364.11	SP(Sec/SPI)	0.992825	0.007175	CS pos: 21-22. ITS-TN. Pr: 0.5064
evm.utg364.17	SP(Sec/SPI)	0.899039	0.100961	CS pos: 16-17. GEG-AF. Pr: 0.4766
evm.utg364.23	SP(Sec/SPI)	0.998421	0.001579	CS pos: 19-20. VLG-SP. Pr: 0.7125
evm.utg364.24	SP(Sec/SPI)	0.937241	0.062759	CS pos: 23-24. IFG-EK. Pr: 0.5665
evm.utg364.27	SP(Sec/SPI)	0.512360	0.487640	CS pos: 23-24. TQA-KP. Pr: 0.4226
evm.utg364.37	SP(Sec/SPI)	0.988898	0.011102	CS pos: 21-22. INA-DK. Pr: 0.8948
evm.utg364.38	SP(Sec/SPI)	0.905475	0.094525	CS pos: 21-22. SDA-SV. Pr: 0.5274
evm.utg364.39	SP(Sec/SPI)	0.957972	0.042028	CS pos: 24-25. IHA-TP. Pr: 0.8772
evm.utg364.47	SP(Sec/SPI)	0.950634	0.049366	CS pos: 33-34. VDA-SL. Pr: 0.9216
evm.utg364.67	SP(Sec/SPI)	0.742253	0.257747	CS pos: 25-26. VTA-DQ. Pr: 0.5489
evm.utg370.17	SP(Sec/SPI)	0.984687	0.015313	CS pos: 26-27. AES-AD. Pr: 0.5976
evm.utg370.21	SP(Sec/SPI)	0.991649	0.008351	CS pos: 23-24. AYS-KP. Pr: 0.8319
evm.utg370.33	SP(Sec/SPI)	0.994433	0.005567	CS pos: 22-23. AHT-AK. Pr: 0.9341
evm.utg370.34	SP(Sec/SPI)	0.956702	0.043298	CS pos: 24-25. TQT-AK. Pr: 0.7973
utg370.equina_smart_1413987.mrna2	SP(Sec/SPI)	0.959464	0.040536	CS pos: 24-25. TQT-AK. Pr: 0.7998
evm.utg370.40	SP(Sec/SPI)	0.978046	0.021954	CS pos: 33-34. VQA-RR. Pr: 0.9233
evm.utg370.42	SP(Sec/SPI)	0.993383	0.006617	CS pos: 22-23. TQG-VS. Pr: 0.8554
evm.utg370.44	SP(Sec/SPI)	0.926472	0.073528	CS pos: 17-18. AYG-RF. Pr: 0.8644
evm.utg370.66	SP(Sec/SPI)	0.997515	0.002485	CS pos: 22-23. SLA-RP. Pr: 0.8849
evm.utg370.95	SP(Sec/SPI)	0.972127	0.027873	CS pos: 19-20. MVS-DD. Pr: 0.2332
evm.utg372.13	SP(Sec/SPI)	0.998075	0.001925	CS pos: 20-21. VQS-KP. Pr: 0.9813
utg372.equina_smart_921767.mrna1	SP(Sec/SPI)	0.998972	0.001028	CS pos: 21-22. SYS-AS. Pr: 0.8196
evm.utg372.17	SP(Sec/SPI)	0.576322	0.423678	CS pos: 25-26. VFS-NF. Pr: 0.2401
evm.utg372.27.3.5c22efc3	SP(Sec/SPI)	0.503398	0.496602	CS pos: 34-35. ASA-SE. Pr: 0.4468
evm.utg372.33	SP(Sec/SPI)	0.993387	0.006613	CS pos: 21-22. LEA-AK. Pr: 0.7156
utg376.equina_smart_871665.mrna1	SP(Sec/SPI)	0.978068	0.021932	CS pos: 20-21. TLA-LP. Pr: 0.7389
evm.utg376.3	SP(Sec/SPI)	0.983459	0.016541	CS pos: 20-21. CLA-GI. Pr: 0.8356
evm.utg376.5	SP(Sec/SPI)	0.848646	0.151354	CS pos: 26-27. SDA-CA. Pr: 0.7511
evm.utg376.9.1.5c22efcf	SP(Sec/SPI)	0.991838	0.008162	CS pos: 20-21. VLG-RK. Pr: 0.8917
utg376.evm.utg3199.3.mrna2	SP(Sec/SPI)	0.997034	0.002966	CS pos: 24-25. ASA-VP. Pr: 0.7457
evm.utg376.31	SP(Sec/SPI)	0.994356	0.005644	CS pos: 23-24. ALG-IR. Pr: 0.9067
evm.utg376.34.1.5c22efd0	SP(Sec/SPI)	0.996775	0.003225	CS pos: 28-29. VQA-SD. Pr: 0.6181
evm.utg376.41	SP(Sec/SPI)	0.963145	0.036855	CS pos: 24-25. VNC-GG. Pr: 0.7338
evm.utg376.51	SP(Sec/SPI)	0.956213	0.043787	CS pos: 22-23. IEG-IQ. Pr: 0.8222
evm.utg376.55	SP(Sec/SPI)	0.999147	0.000853	CS pos: 18-19. VSA-MP. Pr: 0.9497
evm.utg376.57	SP(Sec/SPI)	0.995562	0.004438	CS pos: 20-21. CEG-GR. Pr: 0.8378
evm.utg376.58	SP(Sec/SPI)	0.997530	0.002470	CS pos: 19-20. LEA-RS. Pr: 0.4578
evm.utg376.73	SP(Sec/SPI)	0.981317	0.018683	CS pos: 22-23. AKP-TV. Pr: 0.3045
utg377.equina_smart_1885304.mrna1	SP(Sec/SPI)	0.992289	0.007711	CS pos: 20-21. VIA-EK. Pr: 0.7782
evm.utg377.31	SP(Sec/SPI)	0.881638	0.118362	CS pos: 23-24. VFA-NA. Pr: 0.5261
evm.utg378.11	SP(Sec/SPI)	0.994765	0.005235	CS pos: 20-21. TMS-QH. Pr: 0.7834
evm.utg378.19	SP(Sec/SPI)	0.652320	0.347680	CS pos: 32-33. TNS-AT. Pr: 0.5847
evm.utg378.20	SP(Sec/SPI)	0.999491	0.000509	CS pos: 21-22. SEG-AY. Pr: 0.9514
evm.utg378.23	SP(Sec/SPI)	0.997427	0.002573	CS pos: 17-18. AHT-AP. Pr: 0.8112
evm.utg378.25	SP(Sec/SPI)	0.972591	0.027409	CS pos: 24-25. GAC-DT. Pr: 0.4303
evm.utg378.26	SP(Sec/SPI)	0.981438	0.018562	CS pos: 25-26. SSA-KS. Pr: 0.9032
evm.utg378.27	SP(Sec/SPI)	0.999525	0.000475	CS pos: 20-21. VQS-SC. Pr: 0.6938
evm.utg378.29	SP(Sec/SPI)	0.826710	0.173290	CS pos: 31-32. ART-DS. Pr: 0.3667
utg378.equina_smart_1410247.mrna1	SP(Sec/SPI)	0.826828	0.173172	CS pos: 27-28. VAS-ED. Pr: 0.4429
evm.utg378.43	SP(Sec/SPI)	0.681451	0.318549	CS pos: 25-26. ISC-SY. Pr: 0.2643
evm.utg378.49	SP(Sec/SPI)	0.842700	0.157300	CS pos: 25-26. SYE-RN. Pr: 0.4372
evm.utg378.52	SP(Sec/SPI)	0.879194	0.120806	CS pos: 22-23. VLP-RV. Pr: 0.3317
evm.utg378.57	SP(Sec/SPI)	0.999794	0.000206	CS pos: 23-24. TQA-QD. Pr: 0.9961
evm.utg378.58	SP(Sec/SPI)	0.984276	0.015724	CS pos: 27-28. VSS-QT. Pr: 0.5435
evm.utg378.60	SP(Sec/SPI)	0.739146	0.260854	CS pos: 27-28. SLS-KL. Pr: 0.3477
evm.utg378.61	SP(Sec/SPI)	0.985572	0.014428	CS pos: 26-27. AKG-EK. Pr: 0.5017
evm.utg378.76	SP(Sec/SPI)	0.975053	0.024947	CS pos: 25-26. CEG-EK. Pr: 0.6376
evm.utg378.99	SP(Sec/SPI)	0.955983	0.044017	CS pos: 21-22. TTS-SK. Pr: 0.4670
evm.utg378.101	SP(Sec/SPI)	0.974239	0.025761	CS pos: 23-24. VSA-RT. Pr: 0.6698
evm.utg378.102	SP(Sec/SPI)	0.977404	0.022596	CS pos: 23-24. LTA-AK. Pr: 0.4077
evm.utg378.111	SP(Sec/SPI)	0.705933	0.294067	CS pos: 33-34. TNA-KC. Pr: 0.6623
evm.utg378.120	SP(Sec/SPI)	0.996977	0.003023	CS pos: 23-24. VEP-KR. Pr: 0.5701
evm.utg378.129	SP(Sec/SPI)	0.997127	0.002873	CS pos: 21-22. VYS-QD. Pr: 0.8899
evm.utg378.130	SP(Sec/SPI)	0.997962	0.002038	CS pos: 21-22. SSA-GP. Pr: 0.9222
evm.utg378.137	SP(Sec/SPI)	0.977014	0.022986	CS pos: 19-20. SDA-SV. Pr: 0.8098
evm.utg378.160	SP(Sec/SPI)	0.999519	0.000481	CS pos: 22-23. SES-KS. Pr: 0.9194
evm.utg378.164	SP(Sec/SPI)	0.999554	0.000446	CS pos: 19-20. AEA-RK. Pr: 0.9623
evm.utg378.165	SP(Sec/SPI)	0.968654	0.031346	CS pos: 27-28. SQG-RS. Pr: 0.7085
evm.utg378.167	SP(Sec/SPI)	0.998483	0.001517	CS pos: 21-22. IKS-QS. Pr: 0.8272
evm.utg378.169	SP(Sec/SPI)	0.976918	0.023082	CS pos: 18-19. ADG-QQ. Pr: 0.7957
evm.utg378.171	SP(Sec/SPI)	0.964370	0.035630	CS pos: 25-26. ASS-IL. Pr: 0.2631
evm.utg378.172	SP(Sec/SPI)	0.840730	0.159270	CS pos: 23-24. SSG-IF. Pr: 0.3130
evm.utg378.173	SP(Sec/SPI)	0.963695	0.036305	CS pos: 18-19. VES-AP. Pr: 0.9193
evm.utg379.9	SP(Sec/SPI)	0.989744	0.010256	CS pos: 20-21. IFC-ES. Pr: 0.7999
evm.utg379.32	SP(Sec/SPI)	0.870834	0.129166	CS pos: 24-25. VQA-GG. Pr: 0.7685
evm.utg379.34	SP(Sec/SPI)	0.986723	0.013277	CS pos: 20-21. TTA-GS. Pr: 0.3831
utg379.equina_smart_386095.mrna1	SP(Sec/SPI)	0.988608	0.011392	CS pos: 19-20. VSG-DV. Pr: 0.8697
evm.utg379.36	SP(Sec/SPI)	0.849284	0.150716	CS pos: 23-24. VAA-LD. Pr: 0.4688
evm.utg379.39	SP(Sec/SPI)	0.999147	0.000853	CS pos: 22-23. VNA-IS. Pr: 0.8347
evm.utg379.40	SP(Sec/SPI)	0.762001	0.237999	CS pos: 25-26. SCG-FL. Pr: 0.3353
evm.utg379.46	SP(Sec/SPI)	0.997913	0.002087	CS pos: 25-26. VIG-EL. Pr: 0.9196
evm.utg379.52	SP(Sec/SPI)	0.562389	0.437611	CS pos: 26-27. TKG-SN. Pr: 0.2681
evm.utg379.55	SP(Sec/SPI)	0.927094	0.072906	CS pos: 19-20. GAA-KP. Pr: 0.3470
evm.utg379.65	SP(Sec/SPI)	0.784006	0.215994	CS pos: 22-23. TFG-RG. Pr: 0.5125
evm.utg379.91	SP(Sec/SPI)	0.993071	0.006929	CS pos: 21-22. TDG-QT. Pr: 0.8680
evm.utg381.3	SP(Sec/SPI)	0.646998	0.353002	CS pos: 17-18. AGA-FI. Pr: 0.4909
evm.utg381.5	SP(Sec/SPI)	0.968094	0.031906	CS pos: 23-24. VIS-EF. Pr: 0.7644
evm.utg381.18	SP(Sec/SPI)	0.993127	0.006873	CS pos: 19-20. CSS-SD. Pr: 0.6136
evm.utg381.23	SP(Sec/SPI)	0.999222	0.000778	CS pos: 23-24. LQA-SY. Pr: 0.7728
evm.utg381.25	SP(Sec/SPI)	0.902799	0.097201	CS pos: 24-25. LEG-KP. Pr: 0.6697
evm.utg381.26	SP(Sec/SPI)	0.710042	0.289958	CS pos: 22-23. IRA-AS. Pr: 0.5389
evm.utg381.28	SP(Sec/SPI)	0.965749	0.034251	CS pos: 23-24. TEG-AL. Pr: 0.7838
evm.utg381.29	SP(Sec/SPI)	0.770551	0.229449	CS pos: 19-20. TDA-VL. Pr: 0.6771
evm.utg381.30	SP(Sec/SPI)	0.930745	0.069255	CS pos: 28-29. VSG-SM. Pr: 0.7791
evm.utg381.42	SP(Sec/SPI)	0.955023	0.044977	CS pos: 25-26. IQS-RS. Pr: 0.7377
evm.utg381.52	SP(Sec/SPI)	0.999072	0.000928	CS pos: 19-20. TES-NQ. Pr: 0.9000
evm.utg381.57	SP(Sec/SPI)	0.938591	0.061409	CS pos: 22-23. VSS-YQ. Pr: 0.7373
evm.utg381.58	SP(Sec/SPI)	0.938251	0.061749	CS pos: 21-22. ALA-AH. Pr: 0.8667
evm.utg381.68	SP(Sec/SPI)	0.997520	0.002480	CS pos: 20-21. VVS-RK. Pr: 0.8897
evm.utg381.69	SP(Sec/SPI)	0.556370	0.443630	CS pos: 18-19. AFA-LV. Pr: 0.3085
evm.utg381.77	SP(Sec/SPI)	0.928912	0.071088	CS pos: 30-31. SEA-LK. Pr: 0.8472
evm.utg382.16	SP(Sec/SPI)	0.998169	0.001831	CS pos: 19-20. VLS-AP. Pr: 0.9333
evm.utg382.20	SP(Sec/SPI)	0.973370	0.026630	CS pos: 18-19. TSA-LD. Pr: 0.7735
evm.utg382.27	SP(Sec/SPI)	0.998085	0.001915	CS pos: 23-24. GDG-QC. Pr: 0.6603
evm.utg382.34	SP(Sec/SPI)	0.996435	0.003565	CS pos: 23-24. AEG-EC. Pr: 0.7606
evm.utg382.41	SP(Sec/SPI)	0.972196	0.027804	CS pos: 26-27. SMA-TS. Pr: 0.3420
utg382.equina_smart_1411023.mrna1	SP(Sec/SPI)	0.974074	0.025926	CS pos: 29-30. VEG-YL. Pr: 0.9450
evm.utg382.42	SP(Sec/SPI)	0.998900	0.001100	CS pos: 22-23. THA-YL. Pr: 0.9625
evm.utg382.43	SP(Sec/SPI)	0.998507	0.001493	CS pos: 22-23. STA-YS. Pr: 0.5789
evm.utg382.47	SP(Sec/SPI)	0.996260	0.003740	CS pos: 16-17. VNA-GF. Pr: 0.9710
evm.utg382.48	SP(Sec/SPI)	0.864578	0.135422	CS pos: 26-27. VCG-DD. Pr: 0.4743
evm.utg382.49	SP(Sec/SPI)	0.998512	0.001488	CS pos: 17-18. THS-AL. Pr: 0.8481
evm.utg382.50	SP(Sec/SPI)	0.962784	0.037216	CS pos: 21-22. VHS-RS. Pr: 0.6911
evm.utg382.51	SP(Sec/SPI)	0.991090	0.008910	CS pos: 19-20. LKA-EI. Pr: 0.6431
evm.utg382.55	SP(Sec/SPI)	0.998081	0.001919	CS pos: 19-20. ASG-SI. Pr: 0.7557
evm.utg386.5	SP(Sec/SPI)	0.992873	0.007127	CS pos: 19-20. ASA-SD. Pr: 0.8513
evm.utg386.15.1.5c22f01c	SP(Sec/SPI)	0.995871	0.004129	CS pos: 24-25. SNG-QT. Pr: 0.6482
evm.utg386.33	SP(Sec/SPI)	0.912272	0.087728	CS pos: 24-25. SLA-RD. Pr: 0.8459
evm.utg388.13	SP(Sec/SPI)	0.918202	0.081798	CS pos: 26-27. SLA-NL. Pr: 0.4959
utg388.equina_smart_337793.mrna2	SP(Sec/SPI)	0.998215	0.001785	CS pos: 21-22. AAA-AP. Pr: 0.8920
utg388.equina_smart_563588.mrna1	SP(Sec/SPI)	0.958481	0.041519	CS pos: 26-27. SLA-NL. Pr: 0.4943
evm.utg389.3	SP(Sec/SPI)	0.722736	0.277264	CS pos: 21-22. CLV-LE. Pr: 0.2843
evm.utg389.66	SP(Sec/SPI)	0.738079	0.261921	CS pos: 27-28. SEG-FL. Pr: 0.4316
evm.utg389.70	SP(Sec/SPI)	0.890933	0.109067	CS pos: 23-24. VLA-IT. Pr: 0.6687
utg389.evm.utg324.133.mrna2	SP(Sec/SPI)	0.997966	0.002034	CS pos: 23-24. VEA-NG. Pr: 0.8165
evm.utg389.99	SP(Sec/SPI)	0.559534	0.440466	CS pos: 23-24. VDG-KV. Pr: 0.4675
evm.utg389.103	SP(Sec/SPI)	0.794998	0.205002	CS pos: 27-28. SEA-CS. Pr: 0.4141
evm.utg401.6	SP(Sec/SPI)	0.680509	0.319491	CS pos: 22-23. SYA-FF. Pr: 0.2265
evm.utg401.29	SP(Sec/SPI)	0.995059	0.004941	CS pos: 22-23. VNA-SY. Pr: 0.9535
evm.utg401.33	SP(Sec/SPI)	0.853879	0.146121	CS pos: 28-29. TNS-HK. Pr: 0.6226
evm.utg401.44	SP(Sec/SPI)	0.784966	0.215034	CS pos: 30-31. TVA-SS. Pr: 0.3338
evm.utg401.45	SP(Sec/SPI)	0.995712	0.004288	CS pos: 20-21. THA-LN. Pr: 0.9658
evm.utg401.46	SP(Sec/SPI)	0.960780	0.039220	CS pos: 20-21. TQT-NT. Pr: 0.3047
evm.utg401.47	SP(Sec/SPI)	0.995080	0.004920	CS pos: 21-22. VQS-VV. Pr: 0.6780
evm.utg401.49	SP(Sec/SPI)	0.840548	0.159452	CS pos: 24-25. TSS-EE. Pr: 0.6441
utg401.equina_smart_1411512.mrna1	SP(Sec/SPI)	0.768196	0.231804	CS pos: 21-22. VLS-AN. Pr: 0.5445
evm.utg401.51	SP(Sec/SPI)	0.982863	0.017137	CS pos: 21-22. VLS-NS. Pr: 0.7152
evm.utg401.52	SP(Sec/SPI)	0.989368	0.010632	CS pos: 23-24. TNG-VQ. Pr: 0.5265
evm.utg401.55	SP(Sec/SPI)	0.990196	0.009804	CS pos: 22-23. SYG-LS. Pr: 0.7370
evm.utg401.58	SP(Sec/SPI)	0.993699	0.006301	CS pos: 23-24. VSA-KG. Pr: 0.8946
evm.utg401.60	SP(Sec/SPI)	0.997935	0.002065	CS pos: 16-17. GQA-LS. Pr: 0.4457
utg401.equina_smart_1621374.mrna2	SP(Sec/SPI)	0.591910	0.408090	CS pos: 26-27. CAA-HI. Pr: 0.4291
evm.utg401.61	SP(Sec/SPI)	0.791958	0.208042	CS pos: 28-29. TEG-NG. Pr: 0.3811
evm.utg401.73	SP(Sec/SPI)	0.690036	0.309964	CS pos: 18-19. NIA-NQ. Pr: 0.3715
evm.utg401.77	SP(Sec/SPI)	0.960570	0.039430	CS pos: 25-26. VHG-LG. Pr: 0.9305
utg402.equina_smart_44292.mrna1	SP(Sec/SPI)	0.993289	0.006711	CS pos: 21-22. SSA-TD. Pr: 0.8741
utg402.equina_smart_281072.mrna1	SP(Sec/SPI)	0.999544	0.000456	CS pos: 20-21. VQG-SW. Pr: 0.9583
evm.utg405.1	SP(Sec/SPI)	0.991590	0.008410	CS pos: 21-22. TQS-RS. Pr: 0.6011
evm.utg405.13	SP(Sec/SPI)	0.986357	0.013643	CS pos: 22-23. VVG-DI. Pr: 0.6311
evm.utg405.14	SP(Sec/SPI)	0.999376	0.000624	CS pos: 22-23. VGA-QS. Pr: 0.9333
evm.utg405.15	SP(Sec/SPI)	0.998915	0.001085	CS pos: 22-23. ASA-AD. Pr: 0.8390
evm.utg405.30	SP(Sec/SPI)	0.956672	0.043328	CS pos: 21-22. SSG-VY. Pr: 0.4930
evm.utg405.32	SP(Sec/SPI)	0.983971	0.016029	CS pos: 23-24. SLA-HT. Pr: 0.5842
evm.utg405.33	SP(Sec/SPI)	0.998958	0.001042	CS pos: 17-18. SSA-ED. Pr: 0.9156
evm.utg405.34	SP(Sec/SPI)	0.856949	0.143051	CS pos: 25-26. TDS-RS. Pr: 0.5847
evm.utg405.52	SP(Sec/SPI)	0.745901	0.254099	CS pos: 26-27. GSG-VT. Pr: 0.3827
evm.utg405.75	SP(Sec/SPI)	0.998418	0.001582	CS pos: 21-22. SAA-FP. Pr: 0.5338
evm.utg405.79	SP(Sec/SPI)	0.996020	0.003980	CS pos: 24-25. SNG-KL. Pr: 0.5072
evm.utg405.91	SP(Sec/SPI)	0.997393	0.002607	CS pos: 19-20. VKA-YT. Pr: 0.9333
evm.utg408.42	SP(Sec/SPI)	0.997090	0.002910	CS pos: 23-24. VEA-LG. Pr: 0.8292
evm.utg410.11	SP(Sec/SPI)	0.987848	0.012152	CS pos: 17-18. ITA-ME. Pr: 0.6760
evm.utg410.15	SP(Sec/SPI)	0.884199	0.115801	CS pos: 25-26. CHT-KS. Pr: 0.4626
evm.utg411.1	SP(Sec/SPI)	0.999831	0.000169	CS pos: 20-21. TSA-AP. Pr: 0.9011
evm.utg411.2	SP(Sec/SPI)	0.996841	0.003159	CS pos: 25-26. ARS-QD. Pr: 0.9068
evm.utg411.3	SP(Sec/SPI)	0.996871	0.003129	CS pos: 23-24. LKA-ST. Pr: 0.8676
evm.utg411.14	SP(Sec/SPI)	0.986702	0.013298	CS pos: 20-21. VDT-SW. Pr: 0.8632
evm.utg411.20	SP(Sec/SPI)	0.891411	0.108589	CS pos: 19-20. SFG-FD. Pr: 0.5721
evm.utg411.34	SP(Sec/SPI)	0.970558	0.029442	CS pos: 23-24. LQA-VQ. Pr: 0.5658
evm.utg411.35	SP(Sec/SPI)	0.992692	0.007308	CS pos: 29-30. AQA-GV. Pr: 0.9323
evm.utg411.37	SP(Sec/SPI)	0.998619	0.001381	CS pos: 23-24. VHG-AD. Pr: 0.9800
utg411.equina_smart_1740824.mrna1	SP(Sec/SPI)	0.852436	0.147564	CS pos: 19-20. SHA-NE. Pr: 0.8028
evm.utg411.49	SP(Sec/SPI)	0.986239	0.013761	CS pos: 21-22. TIG-ED. Pr: 0.8917
utg411.equina_smart_650468.mrna1	SP(Sec/SPI)	0.922674	0.077326	CS pos: 24-25. VTA-KK. Pr: 0.4233
evm.utg411.59	SP(Sec/SPI)	0.952852	0.047148	CS pos: 23-24. SCA-IP. Pr: 0.4550
evm.utg411.69	SP(Sec/SPI)	0.996933	0.003067	CS pos: 19-20. SNA-AS. Pr: 0.7440
evm.utg411.82	SP(Sec/SPI)	0.942048	0.057952	CS pos: 18-19. TNS-LT. Pr: 0.4098
evm.utg411.83	SP(Sec/SPI)	0.948381	0.051619	CS pos: 27-28. TNA-NN. Pr: 0.9255
evm.utg411.84	SP(Sec/SPI)	0.993334	0.006666	CS pos: 23-24. SEE-VQ. Pr: 0.3324
evm.utg411.85	SP(Sec/SPI)	0.997042	0.002958	CS pos: 22-23. VHG-ND. Pr: 0.9905
evm.utg411.88	SP(Sec/SPI)	0.992561	0.007439	CS pos: 23-24. SEE-SQ. Pr: 0.3787
evm.utg411.90	SP(Sec/SPI)	0.999799	0.000201	CS pos: 23-24. SQA-NG. Pr: 0.6598
evm.utg411.99	SP(Sec/SPI)	0.664715	0.335285	CS pos: 24-25. ALA-KD. Pr: 0.3271
evm.utg411.118	SP(Sec/SPI)	0.948841	0.051159	CS pos: 25-26. GTT-MP. Pr: 0.5627
evm.utg411.124.1.5c22f07c	SP(Sec/SPI)	0.954475	0.045525	CS pos: 22-23. SLS-TP. Pr: 0.6322
evm.utg411.126	SP(Sec/SPI)	0.623338	0.376662	CS pos: 20-21. SSA-QV. Pr: 0.3726
evm.utg411.141	SP(Sec/SPI)	0.900730	0.099270	CS pos: 20-21. AKS-EI. Pr: 0.3649
evm.utg413.3	SP(Sec/SPI)	0.987430	0.012570	CS pos: 21-22. VKG-EA. Pr: 0.4931
utg413.equina_smart_1412294.mrna1	SP(Sec/SPI)	0.986814	0.013186	CS pos: 21-22. VKG-EA. Pr: 0.4970
utg413.equina_smart_1412298.mrna1	SP(Sec/SPI)	0.936819	0.063181	CS pos: 21-22. VKG-TF. Pr: 0.6279
utg413.equina_smart_1412312.mrna1	SP(Sec/SPI)	0.977218	0.022782	CS pos: 21-22. VKG-KI. Pr: 0.7902
utg413.equina_smart_1412313.mrna1	SP(Sec/SPI)	0.949316	0.050684	CS pos: 21-22. VKG-KN. Pr: 0.8574
evm.utg413.4	SP(Sec/SPI)	0.915630	0.084370	CS pos: 20-21. ILT-IP. Pr: 0.4220
utg413.equina_smart_1412322.mrna1	SP(Sec/SPI)	0.924845	0.075155	CS pos: 20-21. ILT-IP. Pr: 0.4248
evm.utg413.5	SP(Sec/SPI)	0.770007	0.229993	CS pos: 22-23. VSK-EQ. Pr: 0.3787
evm.utg413.7	SP(Sec/SPI)	0.971343	0.028657	CS pos: 20-21. SGS-LV. Pr: 0.5986
evm.utg413.9	SP(Sec/SPI)	0.987685	0.012315	CS pos: 19-20. CCG-RT. Pr: 0.5632
evm.utg413.12.1.5c22f07f	SP(Sec/SPI)	0.987458	0.012542	CS pos: 23-24. SLG-AK. Pr: 0.7146
evm.utg413.13	SP(Sec/SPI)	0.907372	0.092628	CS pos: 20-21. CFG-LW. Pr: 0.5927
evm.utg413.15	SP(Sec/SPI)	0.594441	0.405559	CS pos: 24-25. GCC-YD. Pr: 0.2310
evm.utg413.16	SP(Sec/SPI)	0.997312	0.002688	CS pos: 24-25. CFC-EE. Pr: 0.9411
evm.utg413.18	SP(Sec/SPI)	0.997391	0.002609	CS pos: 24-25. SNA-TN. Pr: 0.6529
evm.utg413.21	SP(Sec/SPI)	0.994339	0.005661	CS pos: 25-26. VSS-GS. Pr: 0.5772
evm.utg413.25	SP(Sec/SPI)	0.997746	0.002254	CS pos: 21-22. GEA-RE. Pr: 0.4065
evm.utg413.32	SP(Sec/SPI)	0.886949	0.113051	CS pos: 23-24. CIA-DN. Pr: 0.8122
evm.utg413.50	SP(Sec/SPI)	0.992134	0.007866	CS pos: 31-32. ALT-AV. Pr: 0.4303
evm.utg415.6	SP(Sec/SPI)	0.716403	0.283597	CS pos: 24-25. VHG-QL. Pr: 0.6298
evm.utg415.8.1.5c22f094	SP(Sec/SPI)	0.799476	0.200524	CS pos: 21-22. TSA-FF. Pr: 0.4685
evm.utg415.27	SP(Sec/SPI)	0.874894	0.125106	CS pos: 21-22. ARC-SH. Pr: 0.7793
utg415.equina_smart_1415896.mrna2	SP(Sec/SPI)	0.870332	0.129668	CS pos: 19-20. AFG-SH. Pr: 0.7117
utg415.equina_smart_445360.mrna1	SP(Sec/SPI)	0.988952	0.011048	CS pos: 30-31. TAG-AP. Pr: 0.6859
utg415.equina_smart_816806.mrna1	SP(Sec/SPI)	0.995990	0.004010	CS pos: 24-25. VHG-KP. Pr: 0.9614
utg415.equina_smart_1412428.mrna1	SP(Sec/SPI)	0.999058	0.000942	CS pos: 24-25. VNG-EP. Pr: 0.9802
utg415.equina_smart_1806938.mrna1	SP(Sec/SPI)	0.999751	0.000249	CS pos: 22-23. AEG-NI. Pr: 0.6063
utg415.equina_smart_1412431.mrna1	SP(Sec/SPI)	0.577507	0.422493	CS pos: 21-22. ARC-SH. Pr: 0.5047
utg415.equina_smart_1412435.mrna1	SP(Sec/SPI)	0.998044	0.001956	CS pos: 24-25. SYG-MN. Pr: 0.9338
evm.utg415.28	SP(Sec/SPI)	0.999774	0.000226	CS pos: 20-21. SLA-DC. Pr: 0.8839
evm.utg415.29	SP(Sec/SPI)	0.999424	0.000576	CS pos: 18-19. VSC-KD. Pr: 0.9499
evm.utg415.30	SP(Sec/SPI)	0.978212	0.021788	CS pos: 19-20. VIA-TN. Pr: 0.7174
evm.utg415.52	SP(Sec/SPI)	0.998905	0.001095	CS pos: 18-19. TLA-ED. Pr: 0.9586
evm.utg415.53	SP(Sec/SPI)	0.998040	0.001960	CS pos: 18-19. TLA-ED. Pr: 0.9481
utg415.equina_smart_1412474.mrna1	SP(Sec/SPI)	0.998297	0.001703	CS pos: 18-19. TLA-ED. Pr: 0.9586
evm.utg415.54.1.5c22f086	SP(Sec/SPI)	0.987104	0.012896	CS pos: 24-25. TMA-LK. Pr: 0.6279
evm.utg415.61	SP(Sec/SPI)	0.939060	0.060940	CS pos: 20-21. VAS-RK. Pr: 0.7426
utg415.equina_smart_1601823.mrna1	SP(Sec/SPI)	0.801496	0.198504	CS pos: 21-22. MDA-II. Pr: 0.4664
evm.utg415.89	SP(Sec/SPI)	0.944295	0.055705	CS pos: 26-27. SQG-AW. Pr: 0.8544
evm.utg415.102	SP(Sec/SPI)	0.990953	0.009047	CS pos: 27-28. TSA-ER. Pr: 0.7602
evm.utg415.109	SP(Sec/SPI)	0.922956	0.077044	CS pos: 19-20. SSA-WL. Pr: 0.5742
evm.utg415.111	SP(Sec/SPI)	0.995559	0.004441	CS pos: 16-17. VAG-SS. Pr: 0.5413
evm.utg415.113	SP(Sec/SPI)	0.983264	0.016736	CS pos: 24-25. CMG-AK. Pr: 0.7779
evm.utg415.114	SP(Sec/SPI)	0.977231	0.022769	CS pos: 21-22. VQS-KP. Pr: 0.6341
evm.utg415.124	SP(Sec/SPI)	0.892569	0.107431	CS pos: 23-24. SMG-GS. Pr: 0.4283
evm.utg415.125	SP(Sec/SPI)	0.996605	0.003395	CS pos: 23-24. SLS-AT. Pr: 0.4497
evm.utg415.128	SP(Sec/SPI)	0.964873	0.035127	CS pos: 23-24. TKG-AH. Pr: 0.4423
utg415.equina_smart_1412733.mrna1	SP(Sec/SPI)	0.960395	0.039605	CS pos: 22-23. AVS-SV. Pr: 0.4375
evm.utg415.133	SP(Sec/SPI)	0.582022	0.417978	CS pos: 24-25. SLA-MP. Pr: 0.2971
evm.utg415.139	SP(Sec/SPI)	0.695007	0.304993	CS pos: 40-41. STA-SR. Pr: 0.5701
evm.utg417.10	SP(Sec/SPI)	0.990536	0.009464	CS pos: 20-21. TLC-NQ. Pr: 0.8157
utg417.equina_smart_1412760.mrna1	SP(Sec/SPI)	0.983643	0.016357	CS pos: 22-23. CNQ-QP. Pr: 0.3011
evm.utg417.15	SP(Sec/SPI)	0.998332	0.001668	CS pos: 19-20. CSG-EF. Pr: 0.8301
evm.utg417.17	SP(Sec/SPI)	0.775999	0.224001	CS pos: 26-27. CSS-SE. Pr: 0.3610
evm.utg418.25	SP(Sec/SPI)	0.992604	0.007396	CS pos: 18-19. TEA-FL. Pr: 0.9527
evm.utg418.27	SP(Sec/SPI)	0.998486	0.001514	CS pos: 18-19. VQA-KK. Pr: 0.9798
evm.utg418.29	SP(Sec/SPI)	0.605463	0.394537	CS pos: 20-21. VVG-IS. Pr: 0.3209
evm.utg418.56	SP(Sec/SPI)	0.997202	0.002798	CS pos: 22-23. VQG-HR. Pr: 0.9779
evm.utg418.58	SP(Sec/SPI)	0.918243	0.081757	CS pos: 17-18. AAS-LQ. Pr: 0.3896
utg418.equina_smart_1412840.mrna1	SP(Sec/SPI)	0.565986	0.434014	CS pos: 21-22. VHS-AI. Pr: 0.5376
evm.utg418.70	SP(Sec/SPI)	0.988743	0.011257	CS pos: 20-21. CTS-FD. Pr: 0.5998
evm.utg418.72	SP(Sec/SPI)	0.999175	0.000825	CS pos: 18-19. SHA-KP. Pr: 0.9547
evm.utg418.73	SP(Sec/SPI)	0.992811	0.007189	CS pos: 17-18. VVA-LP. Pr: 0.3732
evm.utg418.75	SP(Sec/SPI)	0.998729	0.001271	CS pos: 26-27. TEA-RR. Pr: 0.8677
evm.utg418.90	SP(Sec/SPI)	0.669179	0.330821	CS pos: 30-31. VSQ-QY. Pr: 0.4402
evm.utg420.33	SP(Sec/SPI)	0.533984	0.466016	CS pos: 43-44. VSS-AS. Pr: 0.4336
evm.utg420.49	SP(Sec/SPI)	0.942017	0.057983	CS pos: 21-22. IAA-SQ. Pr: 0.3410
evm.utg420.57	SP(Sec/SPI)	0.974959	0.025041	CS pos: 23-24. KES-KE. Pr: 0.3822
utg420.equina_smart_842254.mrna1	SP(Sec/SPI)	0.970296	0.029704	CS pos: 25-26. SRE-SD. Pr: 0.3819
evm.utg420.60	SP(Sec/SPI)	0.995054	0.004946	CS pos: 22-23. SSA-IH. Pr: 0.7270
evm.utg420.61	SP(Sec/SPI)	0.713051	0.286949	CS pos: 27-28. HYA-GN. Pr: 0.1945
evm.utg420.84	SP(Sec/SPI)	0.878207	0.121793	CS pos: 28-29. CTS-DH. Pr: 0.4838
evm.utg420.85	SP(Sec/SPI)	0.658600	0.341400	CS pos: 21-22. VGA-VT. Pr: 0.3047
evm.utg420.86.1.5c22f0b0	SP(Sec/SPI)	0.998248	0.001752	CS pos: 21-22. VDL-AG. Pr: 0.3010
evm.utg420.90	SP(Sec/SPI)	0.770717	0.229283	CS pos: 20-21. SDA-VK. Pr: 0.6216
evm.utg420.94	SP(Sec/SPI)	0.987271	0.012729	CS pos: 24-25. SSC-GC. Pr: 0.4084
evm.utg420.95	SP(Sec/SPI)	0.997213	0.002787	CS pos: 26-27. SDA-YS. Pr: 0.9465
evm.utg420.125	SP(Sec/SPI)	0.907130	0.092870	CS pos: 24-25. TTA-GI. Pr: 0.4627
evm.utg420.129	SP(Sec/SPI)	0.999703	0.000297	CS pos: 21-22. AQA-MV. Pr: 0.9698
evm.utg431.15	SP(Sec/SPI)	0.950598	0.049402	CS pos: 29-30. TTS-SP. Pr: 0.6279
evm.utg431.16	SP(Sec/SPI)	0.989139	0.010861	CS pos: 19-20. VLA-SN. Pr: 0.9367
evm.utg431.32	SP(Sec/SPI)	0.953039	0.046961	CS pos: 27-28. ASS-YR. Pr: 0.3896
evm.utg431.34	SP(Sec/SPI)	0.975421	0.024579	CS pos: 22-23. CWS-DY. Pr: 0.6948
evm.utg432.9	SP(Sec/SPI)	0.834777	0.165223	CS pos: 22-23. AQS-RL. Pr: 0.4943
evm.utg432.21	SP(Sec/SPI)	0.995718	0.004282	CS pos: 18-19. CYS-DQ. Pr: 0.7993
evm.utg432.27	SP(Sec/SPI)	0.523813	0.476187	CS pos: 27-28. VDP-KL. Pr: 0.0923
evm.utg432.38	SP(Sec/SPI)	0.999462	0.000538	CS pos: 22-23. TEK-VG. Pr: 0.3163
evm.utg432.43	SP(Sec/SPI)	0.787563	0.212437	CS pos: 24-25. LCG-SR. Pr: 0.3320
evm.utg432.50	SP(Sec/SPI)	0.754577	0.245423	CS pos: 26-27. VDA-KM. Pr: 0.4905
evm.utg432.66	SP(Sec/SPI)	0.855775	0.144225	CS pos: 22-23. CKG-SY. Pr: 0.3999
evm.utg432.79	SP(Sec/SPI)	0.978983	0.021017	CS pos: 22-23. VFC-CG. Pr: 0.5616
evm.utg432.85	SP(Sec/SPI)	0.989319	0.010681	CS pos: 22-23. TST-NS. Pr: 0.3901
evm.utg432.91	SP(Sec/SPI)	0.890294	0.109706	CS pos: 26-27. VFA-AE. Pr: 0.3544
utg432.equina_smart_160588.mrna1	SP(Sec/SPI)	0.992819	0.007181	CS pos: 20-21. CWS-GI. Pr: 0.9569
evm.utg432.105	SP(Sec/SPI)	0.876585	0.123415	CS pos: 20-21. VNA-RF. Pr: 0.7393
evm.utg432.111	SP(Sec/SPI)	0.996394	0.003606	CS pos: 19-20. TES-TT. Pr: 0.8972
evm.utg432.112	SP(Sec/SPI)	0.998466	0.001534	CS pos: 19-20. TEG-RE. Pr: 0.9790
evm.utg432.113	SP(Sec/SPI)	0.998313	0.001687	CS pos: 19-20. TES-RE. Pr: 0.9542
utg432.equina_smart_1413652.mrna1	SP(Sec/SPI)	0.997296	0.002704	CS pos: 20-21. TES-RE. Pr: 0.9487
evm.utg432.130	SP(Sec/SPI)	0.998109	0.001891	CS pos: 23-24. VAA-GE. Pr: 0.4504
evm.utg432.136	SP(Sec/SPI)	0.996279	0.003721	CS pos: 18-19. AAA-DQ. Pr: 0.8151
evm.utg432.138	SP(Sec/SPI)	0.861374	0.138626	CS pos: 19-20. ATG-SI. Pr: 0.4642
evm.utg432.140	SP(Sec/SPI)	0.996697	0.003303	CS pos: 19-20. AYA-TE. Pr: 0.8674
evm.utg432.152.1.5c22f0e7	SP(Sec/SPI)	0.950520	0.049480	CS pos: 27-28. SVC-SP. Pr: 0.4124
evm.utg435.22	SP(Sec/SPI)	0.809089	0.190911	CS pos: 22-23. FSG-LR. Pr: 0.1897
evm.utg435.23	SP(Sec/SPI)	0.958070	0.041930	CS pos: 24-25. CRA-EN. Pr: 0.7671
evm.utg435.24	SP(Sec/SPI)	0.995272	0.004728	CS pos: 22-23. AEG-QY. Pr: 0.9709
evm.utg435.31	SP(Sec/SPI)	0.997273	0.002727	CS pos: 20-21. VSA-KS. Pr: 0.9241
evm.utg435.34	SP(Sec/SPI)	0.980049	0.019951	CS pos: 16-17. FQA-SH. Pr: 0.7546
evm.utg435.43	SP(Sec/SPI)	0.859894	0.140106	CS pos: 26-27. VRG-QP. Pr: 0.6853
evm.utg435.45	SP(Sec/SPI)	0.988300	0.011700	CS pos: 23-24. ALS-DH. Pr: 0.9025
evm.utg435.47	SP(Sec/SPI)	0.791540	0.208460	CS pos: 27-28. TIA-SN. Pr: 0.5264
evm.utg435.48	SP(Sec/SPI)	0.580336	0.419664	CS pos: 34-35. VVA-QE. Pr: 0.1964
evm.utg435.49	SP(Sec/SPI)	0.955635	0.044365	CS pos: 31-32. TTA-QS. Pr: 0.6147
evm.utg435.50	SP(Sec/SPI)	0.973408	0.026592	CS pos: 25-26. ISA-QS. Pr: 0.9029
evm.utg435.51	SP(Sec/SPI)	0.734999	0.265001	CS pos: 29-30. ISA-QP. Pr: 0.6934
evm.utg435.59	SP(Sec/SPI)	0.976317	0.023683	CS pos: 26-27. GRS-TG. Pr: 0.4219
evm.utg435.65	SP(Sec/SPI)	0.881801	0.118199	CS pos: 24-25. ISA-EE. Pr: 0.7812
utg435.equina_smart_1571178.mrna1	SP(Sec/SPI)	0.946132	0.053868	CS pos: 31-32. VQA-TP. Pr: 0.8552
evm.utg435.76	SP(Sec/SPI)	0.974643	0.025357	CS pos: 18-19. ATA-TR. Pr: 0.5248
evm.utg436.1	SP(Sec/SPI)	0.997292	0.002708	CS pos: 25-26. VAS-VS. Pr: 0.3465
evm.utg436.10	SP(Sec/SPI)	0.921953	0.078047	CS pos: 24-25. SEG-WR. Pr: 0.5667
evm.utg436.11	SP(Sec/SPI)	0.853188	0.146812	CS pos: 24-25. SEG-WR. Pr: 0.4976
evm.utg436.12	SP(Sec/SPI)	0.889561	0.110439	CS pos: 24-25. SEG-WR. Pr: 0.6128
evm.utg436.13	SP(Sec/SPI)	0.903638	0.096362	CS pos: 24-25. SEG-WR. Pr: 0.5629
evm.utg436.16	SP(Sec/SPI)	0.988007	0.011993	CS pos: 19-20. AHS-FE. Pr: 0.5464
evm.utg436.18	SP(Sec/SPI)	0.995646	0.004354	CS pos: 19-20. AHS-FE. Pr: 0.6172
evm.utg436.20	SP(Sec/SPI)	0.992393	0.007607	CS pos: 19-20. AHS-FE. Pr: 0.5416
evm.utg438.7	SP(Sec/SPI)	0.995882	0.004118	CS pos: 19-20. AAV-EL. Pr: 0.4391
evm.utg438.25	SP(Sec/SPI)	0.606067	0.393933	CS pos: 21-22. TES-KK. Pr: 0.5848
evm.utg439.1.2.1.5c279529	SP(Sec/SPI)	0.959464	0.040536	CS pos: 24-25. TQT-AK. Pr: 0.7998
evm.utg439.3	SP(Sec/SPI)	0.923110	0.076890	CS pos: 26-27. INS-AK. Pr: 0.7933
evm.utg439.8	SP(Sec/SPI)	0.977820	0.022180	CS pos: 33-34. VQA-RR. Pr: 0.9407
evm.utg439.10	SP(Sec/SPI)	0.995878	0.004122	CS pos: 22-23. TQG-VS. Pr: 0.8488
evm.utg439.26.1.5c22f0f8	SP(Sec/SPI)	0.857790	0.142210	CS pos: 19-20. CAA-FS. Pr: 0.5087
evm.utg439.32	SP(Sec/SPI)	0.991583	0.008417	CS pos: 22-23. TES-RN. Pr: 0.9106
evm.utg439.34	SP(Sec/SPI)	0.709356	0.290644	CS pos: 14-15. TEQ-QV. Pr: 0.3271
evm.utg441.1	SP(Sec/SPI)	0.976802	0.023198	CS pos: 26-27. VFG-AP. Pr: 0.6658
evm.utg441.2	SP(Sec/SPI)	0.994715	0.005285	CS pos: 23-24. CEA-KS. Pr: 0.9171
evm.utg441.3	SP(Sec/SPI)	0.962636	0.037364	CS pos: 20-21. SLG-VD. Pr: 0.9005
evm.utg441.6	SP(Sec/SPI)	0.548331	0.451669	CS pos: 19-20. AKC-QP. Pr: 0.2635
evm.utg441.7	SP(Sec/SPI)	0.989185	0.010815	CS pos: 22-23. VDA-KS. Pr: 0.9359
evm.utg441.8	SP(Sec/SPI)	0.827738	0.172262	CS pos: 35-36. VNA-KV. Pr: 0.6844
evm.utg441.10	SP(Sec/SPI)	0.998180	0.001820	CS pos: 19-20. VHS-KS. Pr: 0.6596
utg441.evm.utg324.133.mrna6	SP(Sec/SPI)	0.997966	0.002034	CS pos: 23-24. VEA-NG. Pr: 0.8165
evm.utg441.13	SP(Sec/SPI)	0.988102	0.011898	CS pos: 23-24. SDG-DD. Pr: 0.7586
evm.utg441.14	SP(Sec/SPI)	0.612981	0.387019	CS pos: 21-22. FLA-WE. Pr: 0.2476
evm.utg441.15	SP(Sec/SPI)	0.593306	0.406694	CS pos: 23-24. CWG-KK. Pr: 0.5618
evm.utg456.23	SP(Sec/SPI)	0.922415	0.077585	CS pos: 24-25. VQA-QP. Pr: 0.8836
evm.utg456.24	SP(Sec/SPI)	0.997991	0.002009	CS pos: 21-22. SSA-EQ. Pr: 0.6552
evm.utg456.28	SP(Sec/SPI)	0.999653	0.000347	CS pos: 21-22. CQA-GL. Pr: 0.9457
evm.utg456.29	SP(Sec/SPI)	0.953833	0.046167	CS pos: 23-24. TYA-LM. Pr: 0.6205
evm.utg456.42	SP(Sec/SPI)	0.900526	0.099474	CS pos: 20-21. VLP-TQ. Pr: 0.4921
evm.utg456.46	SP(Sec/SPI)	0.926593	0.073407	CS pos: 21-22. VSS-QS. Pr: 0.5163
evm.utg456.48	SP(Sec/SPI)	0.996943	0.003057	CS pos: 22-23. VSG-QC. Pr: 0.7948
evm.utg456.66	SP(Sec/SPI)	0.998836	0.001164	CS pos: 24-25. TQA-LP. Pr: 0.9237
evm.utg456.68	SP(Sec/SPI)	0.979618	0.020382	CS pos: 22-23. GQC-CS. Pr: 0.5362
evm.utg464.157	SP(Sec/SPI)	0.849749	0.150251	CS pos: 20-21. SMS-CS. Pr: 0.3661
evm.utg464.206	SP(Sec/SPI)	0.644920	0.355080	CS pos: 21-22. VYG-DQ. Pr: 0.4834
evm.utg464.218	SP(Sec/SPI)	0.998593	0.001407	CS pos: 23-24. IEA-QS. Pr: 0.8741
evm.utg467.21.22.23.1.5c279561	SP(Sec/SPI)	0.956317	0.043683	CS pos: 21-22. TTA-KP. Pr: 0.8499
evm.utg467.24	SP(Sec/SPI)	0.990187	0.009813	CS pos: 20-21. NEG-AK. Pr: 0.7099
evm.utg467.25	SP(Sec/SPI)	0.974486	0.025514	CS pos: 21-22. AKG-TQ. Pr: 0.7452
evm.utg467.28	SP(Sec/SPI)	0.994910	0.005090	CS pos: 21-22. TET-YT. Pr: 0.6118
evm.utg467.32	SP(Sec/SPI)	0.764498	0.235502	CS pos: 27-28. GNA-EE. Pr: 0.7347
evm.utg470.21	SP(Sec/SPI)	0.925940	0.074060	CS pos: 28-29. FKA-LP. Pr: 0.7337
evm.utg470.22	SP(Sec/SPI)	0.999345	0.000655	CS pos: 22-23. VDG-KI. Pr: 0.9686
evm.utg470.24	SP(Sec/SPI)	0.983461	0.016539	CS pos: 25-26. VIA-AD. Pr: 0.7309
evm.utg470.26	SP(Sec/SPI)	0.930403	0.069597	CS pos: 23-24. GIC-EL. Pr: 0.3960
evm.utg470.30	SP(Sec/SPI)	0.983910	0.016090	CS pos: 18-19. AKA-TT. Pr: 0.8741
evm.utg470.31	SP(Sec/SPI)	0.997098	0.002902	CS pos: 19-20. IHA-GS. Pr: 0.8090
evm.utg470.68	SP(Sec/SPI)	0.833156	0.166844	CS pos: 20-21. VEG-AF. Pr: 0.7931
evm.utg470.72	SP(Sec/SPI)	0.746663	0.253337	CS pos: 24-25. IFA-SH. Pr: 0.6653
evm.utg470.75	SP(Sec/SPI)	0.881748	0.118252	CS pos: 26-27. SSA-KT. Pr: 0.5425
evm.utg477.6	SP(Sec/SPI)	0.868945	0.131055	CS pos: 31-32. GSC-AS. Pr: 0.4498
evm.utg477.15	SP(Sec/SPI)	0.933958	0.066042	CS pos: 19-20. TQG-FF. Pr: 0.8242
evm.utg477.16	SP(Sec/SPI)	0.857277	0.142723	CS pos: 25-26. VIS-NS. Pr: 0.2818
evm.utg477.20	SP(Sec/SPI)	0.790307	0.209693	CS pos: 20-21. GSC-CE. Pr: 0.4209
evm.utg477.21	SP(Sec/SPI)	0.890127	0.109873	CS pos: 26-27. SYA-SG. Pr: 0.7865
evm.utg477.22	SP(Sec/SPI)	0.705565	0.294435	CS pos: 28-29. TDC-FC. Pr: 0.2909
evm.utg477.26	SP(Sec/SPI)	0.996553	0.003447	CS pos: 20-21. VTG-EN. Pr: 0.8975
evm.utg477.27	SP(Sec/SPI)	0.963712	0.036288	CS pos: 26-27. IFA-IG. Pr: 0.8103
utg477.equina_smart_1414809.mrna1	SP(Sec/SPI)	0.995418	0.004582	CS pos: 26-27. ILA-IE. Pr: 0.9502
evm.utg477.29	SP(Sec/SPI)	0.982504	0.017496	CS pos: 18-19. VTT-SN. Pr: 0.4283
evm.utg477.32	SP(Sec/SPI)	0.989561	0.010439	CS pos: 20-21. TSS-NP. Pr: 0.6116
evm.utg477.35	SP(Sec/SPI)	0.715082	0.284918	CS pos: 16-17. LSG-EP. Pr: 0.2721
evm.utg479.1	SP(Sec/SPI)	0.995038	0.004962	CS pos: 24-25. AQG-AP. Pr: 0.7253
evm.utg479.3	SP(Sec/SPI)	0.997450	0.002550	CS pos: 18-19. VTS-TR. Pr: 0.6114
evm.utg479.21	SP(Sec/SPI)	0.961802	0.038198	CS pos: 29-30. VQS-QS. Pr: 0.8271
evm.utg479.22	SP(Sec/SPI)	0.964056	0.035944	CS pos: 15-16. LQC-HK. Pr: 0.5056
evm.utg479.38	SP(Sec/SPI)	0.723500	0.276500	CS pos: 19-20. VLS-GN. Pr: 0.2649
evm.utg479.48	SP(Sec/SPI)	0.979044	0.020956	CS pos: 21-22. VEG-YN. Pr: 0.9750
evm.utg479.50	SP(Sec/SPI)	0.990698	0.009302	CS pos: 19-20. SYA-LE. Pr: 0.9773
evm.utg479.57	SP(Sec/SPI)	0.969664	0.030336	CS pos: 25-26. IEA-KI. Pr: 0.9048
evm.utg479.60	SP(Sec/SPI)	0.998975	0.001025	CS pos: 21-22. SDA-AD. Pr: 0.9716
evm.utg479.73	SP(Sec/SPI)	0.999304	0.000696	CS pos: 21-22. CNA-AD. Pr: 0.7601
evm.utg479.75	SP(Sec/SPI)	0.981757	0.018243	CS pos: 27-28. VDA-AS. Pr: 0.9448
evm.utg479.77	SP(Sec/SPI)	0.951478	0.048522	CS pos: 26-27. SNS-TT. Pr: 0.5660
evm.utg479.81	SP(Sec/SPI)	0.948630	0.051370	CS pos: 24-25. VEG-SI. Pr: 0.8946
evm.utg479.82.1.5c22f15c	SP(Sec/SPI)	0.991072	0.008928	CS pos: 23-24. TDS-EP. Pr: 0.8464
evm.utg479.84	SP(Sec/SPI)	0.997150	0.002850	CS pos: 21-22. SQA-CA. Pr: 0.5383
evm.utg479.88	SP(Sec/SPI)	0.998401	0.001599	CS pos: 16-17. TLA-AP. Pr: 0.8785
evm.utg479.91	SP(Sec/SPI)	0.997301	0.002699	CS pos: 19-20. AKG-DG. Pr: 0.8817
evm.utg479.92	SP(Sec/SPI)	0.996640	0.003360	CS pos: 19-20. AKG-DG. Pr: 0.8818
evm.utg479.97	SP(Sec/SPI)	0.942614	0.057386	CS pos: 23-24. SSA-FT. Pr: 0.4938
evm.utg479.105	SP(Sec/SPI)	0.983937	0.016063	CS pos: 24-25. GES-SI. Pr: 0.5261
evm.utg479.127	SP(Sec/SPI)	0.908847	0.091153	CS pos: 25-26. VKS-SV. Pr: 0.7335
evm.utg479.133	SP(Sec/SPI)	0.988976	0.011024	CS pos: 22-23. IST-QT. Pr: 0.3677
evm.utg479.140	SP(Sec/SPI)	0.753978	0.246022	CS pos: 25-26. VHA-TT. Pr: 0.7203
evm.utg479.148	SP(Sec/SPI)	0.985920	0.014080	CS pos: 23-24. TEG-KK. Pr: 0.9676
evm.utg479.149	SP(Sec/SPI)	0.987595	0.012405	CS pos: 21-22. SEG-AK. Pr: 0.9294
utg479.equina_smart_1127904.mrna1	SP(Sec/SPI)	0.562511	0.437489	CS pos: 22-23. ITA-NR. Pr: 0.2737
evm.utg479.153	SP(Sec/SPI)	0.950094	0.049906	CS pos: 22-23. GEG-WM. Pr: 0.8279
evm.utg479.161	SP(Sec/SPI)	0.997989	0.002011	CS pos: 21-22. MYA-AP. Pr: 0.9551
evm.utg479.191	SP(Sec/SPI)	0.973923	0.026077	CS pos: 21-22. IEG-LM. Pr: 0.9198
evm.utg483.2	SP(Sec/SPI)	0.994249	0.005751	CS pos: 23-24. TNA-VK. Pr: 0.9625
evm.utg483.3	SP(Sec/SPI)	0.888042	0.111958	CS pos: 25-26. GIC-NP. Pr: 0.2595
evm.utg483.15	SP(Sec/SPI)	0.998898	0.001102	CS pos: 23-24. SNT-VR. Pr: 0.6377
evm.utg483.20	SP(Sec/SPI)	0.995517	0.004483	CS pos: 21-22. ALA-IT. Pr: 0.8621
evm.utg483.32	SP(Sec/SPI)	0.998892	0.001108	CS pos: 17-18. ALS-QS. Pr: 0.8554
evm.utg483.34	SP(Sec/SPI)	0.970480	0.029520	CS pos: 21-22. SSS-FS. Pr: 0.4988
evm.utg496.4	SP(Sec/SPI)	0.990745	0.009255	CS pos: 19-20. SDA-AF. Pr: 0.9050
evm.utg496.5	SP(Sec/SPI)	0.842200	0.157800	CS pos: 20-21. ADA-AF. Pr: 0.7036
utg496.equina_smart_1830353.mrna1	SP(Sec/SPI)	0.979035	0.020965	CS pos: 27-28. ADG-IS. Pr: 0.8164
evm.utg496.16.1.5c22f18a	SP(Sec/SPI)	0.842483	0.157517	CS pos: 15-16. ASC-TF. Pr: 0.4215
evm.utg496.34	SP(Sec/SPI)	0.959250	0.040750	CS pos: 20-21. AEG-RS. Pr: 0.8094
evm.utg498.19	SP(Sec/SPI)	0.995035	0.004965	CS pos: 20-21. CQA-FG. Pr: 0.6880
evm.utg498.20	SP(Sec/SPI)	0.799309	0.200691	CS pos: 24-25. VHG-QS. Pr: 0.6514
evm.utg498.40	SP(Sec/SPI)	0.978237	0.021763	CS pos: 17-18. VNG-FL. Pr: 0.9079
evm.utg498.42	SP(Sec/SPI)	0.900907	0.099093	CS pos: 20-21. TFT-AS. Pr: 0.3325
evm.utg498.46	SP(Sec/SPI)	0.670112	0.329888	CS pos: 16-17. IRC-GR. Pr: 0.1893
evm.utg498.50	SP(Sec/SPI)	0.965941	0.034059	CS pos: 25-26. SNS-DK. Pr: 0.8700
evm.utg498.62	SP(Sec/SPI)	0.953987	0.046013	CS pos: 17-18. LES-NN. Pr: 0.4565
evm.utg498.79	SP(Sec/SPI)	0.950090	0.049910	CS pos: 25-26. ARN-FT. Pr: 0.4492
evm.utg498.87	SP(Sec/SPI)	0.997247	0.002753	CS pos: 19-20. VKA-FP. Pr: 0.9242
evm.utg498.89	SP(Sec/SPI)	0.946855	0.053145	CS pos: 22-23. VFG-KP. Pr: 0.7333
evm.utg498.90.3.5c22f1a0	SP(Sec/SPI)	0.987967	0.012033	CS pos: 22-23. ISG-KP. Pr: 0.7621
evm.utg498.103	SP(Sec/SPI)	0.627213	0.372787	CS pos: 18-19. CYS-QD. Pr: 0.5541
evm.utg498.110	SP(Sec/SPI)	0.973292	0.026708	CS pos: 20-21. SEA-VR. Pr: 0.7176
utg498.equina_smart_109820.mrna1	SP(Sec/SPI)	0.985910	0.014090	CS pos: 20-21. SYA-LG. Pr: 0.8382
evm.utg498.133	SP(Sec/SPI)	0.539270	0.460730	CS pos: 25-26. SRN-VI. Pr: 0.2300
evm.utg498.159	SP(Sec/SPI)	0.985720	0.014280	CS pos: 24-25. TNA-QC. Pr: 0.6630
evm.utg498.182	SP(Sec/SPI)	0.955509	0.044491	CS pos: 25-26. VQS-SG. Pr: 0.5161
evm.utg498.194	SP(Sec/SPI)	0.971608	0.028392	CS pos: 20-21. LNA-SI. Pr: 0.7926
evm.utg501.3	SP(Sec/SPI)	0.888887	0.111113	CS pos: 23-24. IDG-AV. Pr: 0.6911
utg501.equina_smart_1824740.mrna1	SP(Sec/SPI)	0.867841	0.132159	CS pos: 24-25. ISS-SG. Pr: 0.4088
evm.utg501.4	SP(Sec/SPI)	0.971828	0.028172	CS pos: 21-22. VLS-IS. Pr: 0.7866
evm.utg501.5	SP(Sec/SPI)	0.507799	0.492201	CS pos: 30-31. VVG-DG. Pr: 0.3310
evm.utg501.9	SP(Sec/SPI)	0.992079	0.007921	CS pos: 28-29. VEA-AV. Pr: 0.9630
evm.utg501.10	SP(Sec/SPI)	0.694302	0.305698	CS pos: 30-31. AFS-VV. Pr: 0.3895
evm.utg501.11	SP(Sec/SPI)	0.995440	0.004560	CS pos: 23-24. VES-DI. Pr: 0.9628
evm.utg501.17	SP(Sec/SPI)	0.970560	0.029440	CS pos: 19-20. SLC-LL. Pr: 0.4255
evm.utg501.22.1.5c22f191	SP(Sec/SPI)	0.893676	0.106324	CS pos: 21-22. SKG-IQ. Pr: 0.6316
utg501.equina_smart_1416281.mrna1	SP(Sec/SPI)	0.896660	0.103340	CS pos: 24-25. VCC-TI. Pr: 0.6127
evm.utg501.26	SP(Sec/SPI)	0.867306	0.132694	CS pos: 21-22. VSC-RV. Pr: 0.7395
utg501.equina_smart_1425879.mrna2	SP(Sec/SPI)	0.947295	0.052705	CS pos: 21-22. VLC-GI. Pr: 0.7939
evm.utg501.28	SP(Sec/SPI)	0.993235	0.006765	CS pos: 22-23. VLC-QI. Pr: 0.9503
evm.utg505.34	SP(Sec/SPI)	0.996467	0.003533	CS pos: 19-20. CQG-TQ. Pr: 0.6835
evm.utg505.62	SP(Sec/SPI)	0.997940	0.002060	CS pos: 21-22. SSS-QQ. Pr: 0.5791
evm.utg512.15	SP(Sec/SPI)	0.532424	0.467576	CS pos: 29-30. AST-LP. Pr: 0.3368
evm.utg512.27	SP(Sec/SPI)	0.946813	0.053187	CS pos: 20-21. LLA-SV. Pr: 0.5892
evm.utg512.29	SP(Sec/SPI)	0.980032	0.019968	CS pos: 20-21. LLA-SV. Pr: 0.6733
evm.utg512.30	SP(Sec/SPI)	0.904206	0.095794	CS pos: 24-25. VTS-IR. Pr: 0.2022
evm.utg512.47	SP(Sec/SPI)	0.938551	0.061449	CS pos: 36-37. CSA-VP. Pr: 0.8153
utg512.equina_smart_221989.mrna2	SP(Sec/SPI)	0.942155	0.057845	CS pos: 30-31. VKA-FP. Pr: 0.7717
evm.utg522.10	SP(Sec/SPI)	0.753989	0.246011	CS pos: 21-22. VYG-FS. Pr: 0.2862
evm.utg522.21	SP(Sec/SPI)	0.993364	0.006636	CS pos: 20-21. IDG-YS. Pr: 0.6428
evm.utg522.44	SP(Sec/SPI)	0.975253	0.024747	CS pos: 23-24. VLA-GG. Pr: 0.8183
evm.utg522.45	SP(Sec/SPI)	0.893065	0.106935	CS pos: 25-26. LSC-FM. Pr: 0.3327
evm.utg522.47	SP(Sec/SPI)	0.985940	0.014060	CS pos: 22-23. VDS-KI. Pr: 0.9546
evm.utg522.48	SP(Sec/SPI)	0.995061	0.004939	CS pos: 22-23. TNC-AQ. Pr: 0.5315
evm.utg526.21	SP(Sec/SPI)	0.947015	0.052985	CS pos: 18-19. VTC-KK. Pr: 0.7694
evm.utg526.23	SP(Sec/SPI)	0.997342	0.002658	CS pos: 21-22. VDA-QQ. Pr: 0.9538
evm.utg526.25	SP(Sec/SPI)	0.997131	0.002869	CS pos: 20-21. VLA-ED. Pr: 0.9853
evm.utg530.6	SP(Sec/SPI)	0.931660	0.068340	CS pos: 28-29. AEA-AV. Pr: 0.9185
evm.utg530.12	SP(Sec/SPI)	0.712137	0.287863	CS pos: 28-29. VEA-VV. Pr: 0.6896
evm.utg532.4	SP(Sec/SPI)	0.988087	0.011913	CS pos: 15-16. AKA-GF. Pr: 0.7991
evm.utg532.8.1.5c22f1df	SP(Sec/SPI)	0.866271	0.133729	CS pos: 44-45. VQC-FP. Pr: 0.8315
evm.utg535.9	SP(Sec/SPI)	0.880399	0.119601	CS pos: 21-22. VLS-DN. Pr: 0.5698
evm.utg535.10	SP(Sec/SPI)	0.630627	0.369373	CS pos: 23-24. GGT-SI. Pr: 0.1513
evm.utg535.30	SP(Sec/SPI)	0.839506	0.160494	CS pos: 36-37. VLS-RT. Pr: 0.5801
evm.utg535.32	SP(Sec/SPI)	0.892735	0.107265	CS pos: 23-24. VSA-QD. Pr: 0.8258
evm.utg535.36	SP(Sec/SPI)	0.967816	0.032184	CS pos: 22-23. SES-GN. Pr: 0.5521
evm.utg536.1	SP(Sec/SPI)	0.899499	0.100501	CS pos: 25-26. IDS-LF. Pr: 0.7310
evm.utg536.3	SP(Sec/SPI)	0.963359	0.036641	CS pos: 24-25. SRS-DH. Pr: 0.6688
evm.utg536.5	SP(Sec/SPI)	0.996420	0.003580	CS pos: 20-21. ASS-QT. Pr: 0.5323
evm.utg536.10	SP(Sec/SPI)	0.987697	0.012303	CS pos: 20-21. IEA-IP. Pr: 0.8578
evm.utg536.11	SP(Sec/SPI)	0.981784	0.018216	CS pos: 20-21. IEA-IP. Pr: 0.8535
evm.utg536.12	SP(Sec/SPI)	0.988234	0.011766	CS pos: 31-32. VRA-FD. Pr: 0.9462
evm.utg536.28	SP(Sec/SPI)	0.990721	0.009279	CS pos: 21-22. TYA-SL. Pr: 0.9506
evm.utg536.30	SP(Sec/SPI)	0.997090	0.002910	CS pos: 23-24. VEA-LG. Pr: 0.8292
evm.utg536.45	SP(Sec/SPI)	0.966159	0.033841	CS pos: 23-24. CYA-AK. Pr: 0.8884
evm.utg536.50	SP(Sec/SPI)	0.992976	0.007024	CS pos: 24-25. THA-EE. Pr: 0.9165
evm.utg536.56	SP(Sec/SPI)	0.890240	0.109760	CS pos: 24-25. VDC-KQ. Pr: 0.7236
evm.utg536.69	SP(Sec/SPI)	0.651022	0.348978	CS pos: 23-24. VLS-KP. Pr: 0.6072
evm.utg536.71	SP(Sec/SPI)	0.994130	0.005870	CS pos: 18-19. SFG-FR. Pr: 0.5747
evm.utg536.92	SP(Sec/SPI)	0.981538	0.018462	CS pos: 23-24. ITC-QF. Pr: 0.7074
evm.utg540.8	SP(Sec/SPI)	0.982734	0.017266	CS pos: 21-22. CGG-SL. Pr: 0.6467
evm.utg540.30	SP(Sec/SPI)	0.566617	0.433383	CS pos: 16-17. GVS-IK. Pr: 0.3062
evm.utg540.38	SP(Sec/SPI)	0.810990	0.189010	CS pos: 25-26. VLG-CQ. Pr: 0.5749
evm.utg540.39	SP(Sec/SPI)	0.922683	0.077317	CS pos: 28-29. CQT-YS. Pr: 0.2839
evm.utg540.40	SP(Sec/SPI)	0.756852	0.243148	CS pos: 25-26. VLG-CQ. Pr: 0.5121
evm.utg540.41	SP(Sec/SPI)	0.790141	0.209859	CS pos: 25-26. VLG-CQ. Pr: 0.5485
evm.utg540.62	SP(Sec/SPI)	0.965397	0.034603	CS pos: 24-25. AKT-CD. Pr: 0.4992
evm.utg540.63	SP(Sec/SPI)	0.987233	0.012767	CS pos: 27-28. ALS-CD. Pr: 0.5042
evm.utg542.14	SP(Sec/SPI)	0.887802	0.112198	CS pos: 19-20. FMA-SE. Pr: 0.5461
evm.utg542.48	SP(Sec/SPI)	0.935823	0.064177	CS pos: 19-20. VSG-QC. Pr: 0.4915
evm.utg542.99	SP(Sec/SPI)	0.674729	0.325271	CS pos: 19-20. VVR-FP. Pr: 0.1538
evm.utg544.5	SP(Sec/SPI)	0.964296	0.035704	CS pos: 28-29. TMA-MP. Pr: 0.8911
utg544.equina_smart_519793.mrna1	SP(Sec/SPI)	0.964668	0.035332	CS pos: 28-29. TMA-MP. Pr: 0.8826
evm.utg544.6	SP(Sec/SPI)	0.883543	0.116457	CS pos: 30-31. AWS-HH. Pr: 0.8494
evm.utg544.11	SP(Sec/SPI)	0.999094	0.000906	CS pos: 21-22. VQA-QF. Pr: 0.9618
utg544.equina_smart_1559235utrorf.mrna1	SP(Sec/SPI)	0.999601	0.000399	CS pos: 21-22. VQA-QS. Pr: 0.8566
evm.utg544.14	SP(Sec/SPI)	0.999583	0.000417	CS pos: 18-19. VLG-LK. Pr: 0.9419
evm.utg544.16	SP(Sec/SPI)	0.977445	0.022555	CS pos: 22-23. TNC-QD. Pr: 0.9476
utg544.equina_smart_1005728.mrna1	SP(Sec/SPI)	0.970486	0.029514	CS pos: 21-22. ILG-QE. Pr: 0.9093
evm.utg544.32	SP(Sec/SPI)	0.959654	0.040346	CS pos: 26-27. VTQ-NR. Pr: 0.3500
evm.utg549.16	SP(Sec/SPI)	0.993367	0.006633	CS pos: 20-21. IWC-LD. Pr: 0.9649
evm.utg549.17	SP(Sec/SPI)	0.991649	0.008351	CS pos: 20-21. ISC-LD. Pr: 0.9029
evm.utg549.23	SP(Sec/SPI)	0.981459	0.018541	CS pos: 18-19. LEA-CG. Pr: 0.7732
evm.utg559.7	SP(Sec/SPI)	0.982302	0.017698	CS pos: 18-19. SHA-QS. Pr: 0.6777
evm.utg559.9	SP(Sec/SPI)	0.972235	0.027765	CS pos: 18-19. INA-SP. Pr: 0.9456
evm.utg560.6	SP(Sec/SPI)	0.875582	0.124418	CS pos: 25-26. VEA-HQ. Pr: 0.3771
evm.utg560.29	SP(Sec/SPI)	0.978268	0.021732	CS pos: 23-24. VSA-NG. Pr: 0.7977
evm.utg564.14	SP(Sec/SPI)	0.994508	0.005492	CS pos: 21-22. LNA-NN. Pr: 0.7756
evm.utg564.17	SP(Sec/SPI)	0.991749	0.008251	CS pos: 26-27. AEA-AN. Pr: 0.8883
evm.utg564.37	SP(Sec/SPI)	0.964188	0.035812	CS pos: 25-26. LLA-DP. Pr: 0.7431
evm.utg564.43	SP(Sec/SPI)	0.996512	0.003488	CS pos: 20-21. CQA-QE. Pr: 0.9607
evm.utg564.48	SP(Sec/SPI)	0.932395	0.067605	CS pos: 21-22. ASC-LP. Pr: 0.6151
evm.utg564.62	SP(Sec/SPI)	0.838334	0.161666	CS pos: 26-27. VQS-AV. Pr: 0.5956
evm.utg564.70	SP(Sec/SPI)	0.998837	0.001163	CS pos: 19-20. IEA-KP. Pr: 0.9586
evm.utg564.72	SP(Sec/SPI)	0.932515	0.067485	CS pos: 24-25. VHT-TS. Pr: 0.5644
evm.utg564.80	SP(Sec/SPI)	0.888199	0.111801	CS pos: 20-21. AWF-SS. Pr: 0.2408
evm.utg564.89	SP(Sec/SPI)	0.992061	0.007939	CS pos: 23-24. TNA-VK. Pr: 0.9486
evm.utg567.16	SP(Sec/SPI)	0.995769	0.004231	CS pos: 23-24. VSG-FY. Pr: 0.9728
evm.utg567.22	SP(Sec/SPI)	0.974458	0.025542	CS pos: 18-19. AAS-QC. Pr: 0.3395
evm.utg572.4	SP(Sec/SPI)	0.986773	0.013227	CS pos: 15-16. AVS-LD. Pr: 0.5913
evm.utg572.25	SP(Sec/SPI)	0.767298	0.232702	CS pos: 25-26. AFA-SV. Pr: 0.4763
evm.utg572.27	SP(Sec/SPI)	0.997108	0.002892	CS pos: 24-25. VKA-DL. Pr: 0.9711
evm.utg577.3	SP(Sec/SPI)	0.844056	0.155944	CS pos: 22-23. SFS-RG. Pr: 0.5526
evm.utg577.8	SP(Sec/SPI)	0.952812	0.047188	CS pos: 23-24. SLS-IN. Pr: 0.3629
evm.utg577.14	SP(Sec/SPI)	0.992149	0.007851	CS pos: 18-19. GLT-NQ. Pr: 0.6820
evm.utg577.18	SP(Sec/SPI)	0.982400	0.017600	CS pos: 22-23. AYG-SS. Pr: 0.4698
evm.utg577.21	SP(Sec/SPI)	0.962401	0.037599	CS pos: 23-24. VLG-AR. Pr: 0.7472
evm.utg577.28	SP(Sec/SPI)	0.999353	0.000647	CS pos: 23-24. SEG-KA. Pr: 0.8906
evm.utg577.58	SP(Sec/SPI)	0.986219	0.013781	CS pos: 20-21. TYG-QS. Pr: 0.8759
evm.utg577.67	SP(Sec/SPI)	0.974073	0.025927	CS pos: 16-17. SEC-KV. Pr: 0.8656
evm.utg577.74	SP(Sec/SPI)	0.903871	0.096129	CS pos: 22-23. TLG-NT. Pr: 0.5082
evm.utg577.75	SP(Sec/SPI)	0.996292	0.003708	CS pos: 20-21. CKA-NV. Pr: 0.9404
evm.utg577.77	SP(Sec/SPI)	0.995874	0.004126	CS pos: 19-20. TCA-LP. Pr: 0.5529
evm.utg577.78	SP(Sec/SPI)	0.914655	0.085345	CS pos: 22-23. TVS-QV. Pr: 0.4901
evm.utg577.79	SP(Sec/SPI)	0.903655	0.096345	CS pos: 29-30. SFC-EG. Pr: 0.4734
evm.utg577.89	SP(Sec/SPI)	0.980871	0.019129	CS pos: 16-17. SEC-KV. Pr: 0.8732
evm.utg577.92	SP(Sec/SPI)	0.962711	0.037289	CS pos: 19-20. CQG-SY. Pr: 0.9278
evm.utg577.93	SP(Sec/SPI)	0.995023	0.004977	CS pos: 20-21. CQA-GN. Pr: 0.9563
evm.utg577.99	SP(Sec/SPI)	0.824790	0.175210	CS pos: 21-22. VNP-SP. Pr: 0.4912
evm.utg579.34	SP(Sec/SPI)	0.998404	0.001596	CS pos: 19-20. AGA-LP. Pr: 0.3857
evm.utg579.42	SP(Sec/SPI)	0.999518	0.000482	CS pos: 23-24. VSG-QN. Pr: 0.9932
evm.utg579.54	SP(Sec/SPI)	0.822299	0.177701	CS pos: 23-24. FSG-QY. Pr: 0.5267
evm.utg579.61	SP(Sec/SPI)	0.992125	0.007875	CS pos: 22-23. SSG-FI. Pr: 0.9322
evm.utg579.102	SP(Sec/SPI)	0.978734	0.021266	CS pos: 25-26. VRA-DL. Pr: 0.9192
evm.utg579.104	SP(Sec/SPI)	0.998974	0.001026	CS pos: 19-20. VSA-MP. Pr: 0.9346
evm.utg579.108	SP(Sec/SPI)	0.993334	0.006666	CS pos: 27-28. TRA-ES. Pr: 0.6705
evm.utg579.109	SP(Sec/SPI)	0.992353	0.007647	CS pos: 25-26. VIG-DR. Pr: 0.9073
evm.utg579.113	SP(Sec/SPI)	0.723638	0.276362	CS pos: 23-24. VAA-RF. Pr: 0.4807
evm.utg579.114	SP(Sec/SPI)	0.862200	0.137800	CS pos: 24-25. GSA-FK. Pr: 0.7356
evm.utg579.116	SP(Sec/SPI)	0.987564	0.012436	CS pos: 23-24. VVA-NV. Pr: 0.6461
utg579.evm.utg11123.1.6.5c22e8a4.mrna3	SP(Sec/SPI)	0.955687	0.044313	CS pos: 24-25. ASA-FK. Pr: 0.9102
evm.utg580.4	SP(Sec/SPI)	0.989684	0.010316	CS pos: 25-26. IQC-SS. Pr: 0.6761
evm.utg580.6	SP(Sec/SPI)	0.996467	0.003533	CS pos: 26-27. VQC-LS. Pr: 0.7990
evm.utg580.21	SP(Sec/SPI)	0.986227	0.013773	CS pos: 23-24. ATA-VS. Pr: 0.9326
evm.utg580.22	SP(Sec/SPI)	0.981860	0.018140	CS pos: 23-24. VTA-VS. Pr: 0.8648
evm.utg580.23	SP(Sec/SPI)	0.654850	0.345150	CS pos: 24-25. SNA-SV. Pr: 0.5404
evm.utg580.26	SP(Sec/SPI)	0.993469	0.006531	CS pos: 27-28. IHC-AS. Pr: 0.8078
evm.utg580.32.1.5c22f261	SP(Sec/SPI)	0.998319	0.001681	CS pos: 19-20. SEG-KQ. Pr: 0.9784
evm.utg580.33	SP(Sec/SPI)	0.998970	0.001030	CS pos: 19-20. IYA-SH. Pr: 0.8940
evm.utg580.35	SP(Sec/SPI)	0.999553	0.000447	CS pos: 16-17. VHA-ET. Pr: 0.9578
evm.utg580.36	SP(Sec/SPI)	0.998954	0.001046	CS pos: 17-18. VHS-ET. Pr: 0.8247
evm.utg580.37	SP(Sec/SPI)	0.998672	0.001328	CS pos: 18-19. ASS-QP. Pr: 0.7197
evm.utg580.38.5.5c22f25b	SP(Sec/SPI)	0.878926	0.121074	CS pos: 36-37. SEG-KQ. Pr: 0.8493
utg580.evm.utg24438.23.mrna3	SP(Sec/SPI)	0.728602	0.271398	CS pos: 30-31. IHG-SN. Pr: 0.6110
evm.utg580.78	SP(Sec/SPI)	0.717152	0.282848	CS pos: 19-20. SFG-WH. Pr: 0.3704
evm.utg590.5	SP(Sec/SPI)	0.996184	0.003816	CS pos: 18-19. VLS-AP. Pr: 0.8214
utg590.equina_smart_47406.mrna2	SP(Sec/SPI)	0.999670	0.000330	CS pos: 23-24. TDA-AQ. Pr: 0.9204
evm.utg590.7	SP(Sec/SPI)	0.976688	0.023312	CS pos: 21-22. VTG-TS. Pr: 0.4352
evm.utg590.12	SP(Sec/SPI)	0.998702	0.001298	CS pos: 20-21. VTG-LK. Pr: 0.9504
evm.utg594.42	SP(Sec/SPI)	0.983062	0.016938	CS pos: 18-19. VTT-EF. Pr: 0.6919
evm.utg597.8	SP(Sec/SPI)	0.956052	0.043948	CS pos: 18-19. ATG-LP. Pr: 0.6387
evm.utg597.13	SP(Sec/SPI)	0.993179	0.006821	CS pos: 18-19. ASA-QK. Pr: 0.8165
evm.utg597.15	SP(Sec/SPI)	0.800169	0.199831	CS pos: 24-25. VCA-TR. Pr: 0.3941
utg597.equina_smart_48915.mrna1	SP(Sec/SPI)	0.964801	0.035199	CS pos: 21-22. TTA-GH. Pr: 0.5124
evm.utg597.30	SP(Sec/SPI)	0.839894	0.160106	CS pos: 23-24. SEG-WK. Pr: 0.6814
evm.utg597.31	SP(Sec/SPI)	0.983431	0.016569	CS pos: 26-27. SEG-WK. Pr: 0.4715
evm.utg597.32	SP(Sec/SPI)	0.983075	0.016925	CS pos: 18-19. AKG-CQ. Pr: 0.6668
evm.utg597.39	SP(Sec/SPI)	0.633867	0.366133	CS pos: 21-22. PEA-VN. Pr: 0.4092
evm.utg597.45	SP(Sec/SPI)	0.989618	0.010382	CS pos: 18-19. GDT-AV. Pr: 0.4934
evm.utg597.46	SP(Sec/SPI)	0.979811	0.020189	CS pos: 22-23. ISG-LI. Pr: 0.6285
utg597.equina_smart_1418605.mrna1	SP(Sec/SPI)	0.980727	0.019273	CS pos: 19-20. VEN-KG. Pr: 0.3483
utg597.equina_smart_1887290.mrna1	SP(Sec/SPI)	0.854409	0.145591	CS pos: 22-23. CRC-RS. Pr: 0.3551
evm.utg597.48	SP(Sec/SPI)	0.742023	0.257977	CS pos: 20-21. SYG-LL. Pr: 0.6272
evm.utg597.67	SP(Sec/SPI)	0.979745	0.020255	CS pos: 25-26. VFS-QD. Pr: 0.6872
evm.utg597.70	SP(Sec/SPI)	0.998937	0.001063	CS pos: 18-19. VTA-DD. Pr: 0.9501
evm.utg597.88	SP(Sec/SPI)	0.985619	0.014381	CS pos: 16-17. ALT-DK. Pr: 0.7860
evm.utg597.92	SP(Sec/SPI)	0.998662	0.001338	CS pos: 21-22. IQG-SS. Pr: 0.7944
evm.utg597.115	SP(Sec/SPI)	0.994353	0.005647	CS pos: 21-22. CAS-DE. Pr: 0.4654
evm.utg597.120	SP(Sec/SPI)	0.952568	0.047432	CS pos: 24-25. ADG-FN. Pr: 0.7278
utg597.equina_smart_1418708.mrna1	SP(Sec/SPI)	0.994005	0.005995	CS pos: 25-26. VDA-AV. Pr: 0.9579
evm.utg597.122	SP(Sec/SPI)	0.809328	0.190672	CS pos: 28-29. CSG-IK. Pr: 0.6281
evm.utg597.123	SP(Sec/SPI)	0.837358	0.162642	CS pos: 29-30. AEG-II. Pr: 0.7243
evm.utg597.134	SP(Sec/SPI)	0.985810	0.014190	CS pos: 23-24. SSC-HE. Pr: 0.6706
evm.utg597.152	SP(Sec/SPI)	0.976933	0.023067	CS pos: 22-23. SQA-SR. Pr: 0.8753
evm.utg597.160	SP(Sec/SPI)	0.987719	0.012281	CS pos: 24-25. LEA-VL. Pr: 0.5385
evm.utg597.166	SP(Sec/SPI)	0.908275	0.091725	CS pos: 20-21. TFA-KP. Pr: 0.8553
evm.utg597.167	SP(Sec/SPI)	0.944201	0.055799	CS pos: 20-21. SQA-IS. Pr: 0.7506
evm.utg597.171	SP(Sec/SPI)	0.938950	0.061050	CS pos: 17-18. SKS-DC. Pr: 0.4762
evm.utg597.177	SP(Sec/SPI)	0.937900	0.062100	CS pos: 25-26. TES-CV. Pr: 0.3828
evm.utg597.180	SP(Sec/SPI)	0.974808	0.025192	CS pos: 24-25. GDA-FL. Pr: 0.5351
evm.utg597.186	SP(Sec/SPI)	0.890171	0.109829	CS pos: 23-24. GST-QS. Pr: 0.3879
evm.utg597.192	SP(Sec/SPI)	0.999684	0.000316	CS pos: 20-21. IYS-AP. Pr: 0.9344
evm.utg597.220	SP(Sec/SPI)	0.987145	0.012855	CS pos: 21-22. TQA-DK. Pr: 0.9436
evm.utg597.221	SP(Sec/SPI)	0.960436	0.039564	CS pos: 22-23. VEG-FS. Pr: 0.9312
evm.utg597.230	SP(Sec/SPI)	0.944994	0.055006	CS pos: 23-24. SSA-VN. Pr: 0.8125
evm.utg597.231	SP(Sec/SPI)	0.781230	0.218770	CS pos: 28-29. SHG-EE. Pr: 0.5133
evm.utg599.30	SP(Sec/SPI)	0.949434	0.050566	CS pos: 26-27. VLS-DA. Pr: 0.4716
evm.utg600.6	SP(Sec/SPI)	0.990847	0.009153	CS pos: 19-20. ASC-QD. Pr: 0.8812
evm.utg600.9	SP(Sec/SPI)	0.987732	0.012268	CS pos: 17-18. VCS-LT. Pr: 0.3675
evm.utg600.10	SP(Sec/SPI)	0.996660	0.003340	CS pos: 18-19. SLA-KN. Pr: 0.9621
evm.utg600.11	SP(Sec/SPI)	0.998643	0.001357	CS pos: 20-21. VSS-DS. Pr: 0.7536
evm.utg600.19	SP(Sec/SPI)	0.750275	0.249725	CS pos: 17-18. ARA-SL. Pr: 0.4895
evm.utg607.5	SP(Sec/SPI)	0.984999	0.015001	CS pos: 23-24. LSA-SS. Pr: 0.3191
evm.utg607.13	SP(Sec/SPI)	0.879185	0.120815	CS pos: 30-31. LNA-LN. Pr: 0.6183
evm.utg607.17	SP(Sec/SPI)	0.938127	0.061873	CS pos: 25-26. VLS-AK. Pr: 0.7569
evm.utg607.18	SP(Sec/SPI)	0.586589	0.413411	CS pos: 27-28. VTA-RT. Pr: 0.3539
evm.utg607.19	SP(Sec/SPI)	0.971669	0.028331	CS pos: 25-26. VNA-TT. Pr: 0.8488
evm.utg607.40	SP(Sec/SPI)	0.983806	0.016194	CS pos: 22-23. AKC-EF. Pr: 0.9288
evm.utg607.41	SP(Sec/SPI)	0.694517	0.305483	CS pos: 23-24. FRS-EV. Pr: 0.3589
evm.utg607.47	SP(Sec/SPI)	0.996673	0.003327	CS pos: 22-23. AYA-FK. Pr: 0.9703
evm.utg607.56	SP(Sec/SPI)	0.984913	0.015087	CS pos: 23-24. TSG-LP. Pr: 0.5988
evm.utg612.3	SP(Sec/SPI)	0.784001	0.215999	CS pos: 24-25. IFA-SH. Pr: 0.6885
evm.utg612.14	SP(Sec/SPI)	0.984844	0.015156	CS pos: 18-19. SVA-ES. Pr: 0.4770
evm.utg616.1	SP(Sec/SPI)	0.992719	0.007281	CS pos: 32-33. ANG-SS. Pr: 0.9822
evm.utg616.3	SP(Sec/SPI)	0.999803	0.000197	CS pos: 18-19. VSG-KC. Pr: 0.9162
evm.utg616.5	SP(Sec/SPI)	0.600941	0.399059	CS pos: 43-44. VSG-KC. Pr: 0.5652
evm.utg616.15	SP(Sec/SPI)	0.979677	0.020323	CS pos: 22-23. VHG-IS. Pr: 0.7645
evm.utg616.19	SP(Sec/SPI)	0.999508	0.000492	CS pos: 18-19. AEG-AD. Pr: 0.8446
evm.utg616.21	SP(Sec/SPI)	0.777218	0.222782	CS pos: 26-27. VSA-SL. Pr: 0.6346
evm.utg616.26	SP(Sec/SPI)	0.926890	0.073110	CS pos: 24-25. ADG-AH. Pr: 0.5002
evm.utg616.40	SP(Sec/SPI)	0.999206	0.000794	CS pos: 19-20. VRA-EC. Pr: 0.9398
evm.utg616.41	SP(Sec/SPI)	0.998385	0.001615	CS pos: 23-24. SHG-QF. Pr: 0.9726
evm.utg616.45	SP(Sec/SPI)	0.999305	0.000695	CS pos: 23-24. VEG-SC. Pr: 0.9375
evm.utg616.56	SP(Sec/SPI)	0.980350	0.019650	CS pos: 18-19. TDG-RI. Pr: 0.9048
evm.utg616.57	SP(Sec/SPI)	0.997686	0.002314	CS pos: 24-25. TNA-FT. Pr: 0.9261
evm.utg616.58	SP(Sec/SPI)	0.980736	0.019264	CS pos: 25-26. VYT-SN. Pr: 0.7192
evm.utg616.66	SP(Sec/SPI)	0.528205	0.471795	CS pos: 24-25. EKP-VY. Pr: 0.0832
evm.utg616.67	SP(Sec/SPI)	0.966313	0.033687	CS pos: 18-19. SLA-NK. Pr: 0.7810
evm.utg616.71	SP(Sec/SPI)	0.979395	0.020605	CS pos: 22-23. VFA-FP. Pr: 0.6617
evm.utg616.72	SP(Sec/SPI)	0.986239	0.013761	CS pos: 17-18. SRG-QY. Pr: 0.8727
evm.utg616.77	SP(Sec/SPI)	0.979531	0.020469	CS pos: 17-18. SRG-QY. Pr: 0.8470
evm.utg616.97	SP(Sec/SPI)	0.771682	0.228318	CS pos: 22-23. TGA-QN. Pr: 0.5146
evm.utg616.101	SP(Sec/SPI)	0.958443	0.041557	CS pos: 22-23. VLC-LP. Pr: 0.8582
evm.utg616.106	SP(Sec/SPI)	0.987987	0.012013	CS pos: 24-25. TDA-AV. Pr: 0.9185
evm.utg616.107	SP(Sec/SPI)	0.816603	0.183397	CS pos: 21-22. LQT-DE. Pr: 0.4855
evm.utg616.120	SP(Sec/SPI)	0.997711	0.002289	CS pos: 21-22. TLG-EE. Pr: 0.9340
evm.utg616.121	SP(Sec/SPI)	0.998171	0.001829	CS pos: 23-24. VDG-MT. Pr: 0.9864
evm.utg616.124	SP(Sec/SPI)	0.992602	0.007398	CS pos: 21-22. SNC-QD. Pr: 0.9019
utg616.equina_smart_1419455utrorf.mrna1	SP(Sec/SPI)	0.977473	0.022527	CS pos: 19-20. CQT-SN. Pr: 0.4169
utg616.equina_smart_1419459.mrna1	SP(Sec/SPI)	0.985664	0.014336	CS pos: 27-28. GTS-KE. Pr: 0.4123
evm.utg616.126.1.5c22f2d7	SP(Sec/SPI)	0.915624	0.084376	CS pos: 24-25. VHG-NL. Pr: 0.9051
evm.utg616.127	SP(Sec/SPI)	0.996296	0.003704	CS pos: 26-27. SKS-QD. Pr: 0.9362
evm.utg622.29	SP(Sec/SPI)	0.973424	0.026576	CS pos: 25-26. SSA-YR. Pr: 0.8938
evm.utg622.52	SP(Sec/SPI)	0.999527	0.000473	CS pos: 19-20. TDG-AC. Pr: 0.9763
evm.utg622.54	SP(Sec/SPI)	0.998260	0.001740	CS pos: 23-24. TDG-AC. Pr: 0.8739
evm.utg622.67	SP(Sec/SPI)	0.987720	0.012280	CS pos: 22-23. VVT-QT. Pr: 0.4223
evm.utg622.75	SP(Sec/SPI)	0.946408	0.053592	CS pos: 20-21. VHT-SR. Pr: 0.8311
evm.utg622.76	SP(Sec/SPI)	0.540466	0.459534	CS pos: 28-29. AEG-LS. Pr: 0.2982
evm.utg622.79	SP(Sec/SPI)	0.869706	0.130294	CS pos: 23-24. LQG-GT. Pr: 0.4582
evm.utg622.85	SP(Sec/SPI)	0.761310	0.238690	CS pos: 21-22. VNG-DV. Pr: 0.7349
evm.utg622.97	SP(Sec/SPI)	0.980571	0.019429	CS pos: 21-22. VLG-TL. Pr: 0.7798
evm.utg622.100	SP(Sec/SPI)	0.988878	0.011122	CS pos: 23-24. VES-AD. Pr: 0.8689
evm.utg622.123	SP(Sec/SPI)	0.646147	0.353853	CS pos: 29-30. VFA-NQ. Pr: 0.5888
evm.utg622.125	SP(Sec/SPI)	0.744886	0.255114	CS pos: 21-22. VKA-GN. Pr: 0.7188
evm.utg622.126	SP(Sec/SPI)	0.710464	0.289536	CS pos: 29-30. VFA-NQ. Pr: 0.6589
evm.utg622.128	SP(Sec/SPI)	0.999160	0.000840	CS pos: 18-19. TIA-KG. Pr: 0.8037
evm.utg622.135	SP(Sec/SPI)	0.997008	0.002992	CS pos: 18-19. AHA-NP. Pr: 0.9776
evm.utg622.149	SP(Sec/SPI)	0.998660	0.001340	CS pos: 18-19. VMS-NG. Pr: 0.5843
evm.utg622.167	SP(Sec/SPI)	0.733724	0.266276	CS pos: 21-22. VSS-QE. Pr: 0.6929
evm.utg625.1	SP(Sec/SPI)	0.758082	0.241918	CS pos: 20-21. CLS-HP. Pr: 0.6339
evm.utg625.3	SP(Sec/SPI)	0.990692	0.009308	CS pos: 22-23. ADA-GY. Pr: 0.8534
evm.utg625.14.1.5c22f2e8	SP(Sec/SPI)	0.998304	0.001696	CS pos: 20-21. INA-DV. Pr: 0.9528
evm.utg625.41	SP(Sec/SPI)	0.999013	0.000987	CS pos: 21-22. VNS-QG. Pr: 0.6600
evm.utg625.58	SP(Sec/SPI)	0.889876	0.110124	CS pos: 23-24. AQA-ST. Pr: 0.6501
evm.utg625.59	SP(Sec/SPI)	0.998800	0.001200	CS pos: 20-21. ADA-QT. Pr: 0.9498
utg625.equina_smart_1419934.mrna1	SP(Sec/SPI)	0.863938	0.136062	CS pos: 26-27. TTA-GQ. Pr: 0.3616
utg625.equina_smart_1419936.mrna1	SP(Sec/SPI)	0.983751	0.016249	CS pos: 22-23. VSA-QG. Pr: 0.4989
evm.utg625.63	SP(Sec/SPI)	0.984740	0.015260	CS pos: 21-22. VSA-QN. Pr: 0.7830
utg625.equina_smart_1015346.mrna1	SP(Sec/SPI)	0.945434	0.054566	CS pos: 22-23. ASA-QN. Pr: 0.5802
evm.utg625.72	SP(Sec/SPI)	0.720102	0.279898	CS pos: 22-23. VVG-TV. Pr: 0.5369
evm.utg625.73	SP(Sec/SPI)	0.938316	0.061684	CS pos: 28-29. SIA-SN. Pr: 0.3036
evm.utg625.76	SP(Sec/SPI)	0.951906	0.048094	CS pos: 21-22. CSG-RD. Pr: 0.7873
evm.utg625.78	SP(Sec/SPI)	0.980707	0.019293	CS pos: 21-22. CSG-RD. Pr: 0.8435
evm.utg625.79	SP(Sec/SPI)	0.990894	0.009106	CS pos: 18-19. VSS-NG. Pr: 0.7843
evm.utg625.97	SP(Sec/SPI)	0.994047	0.005953	CS pos: 26-27. VSA-TC. Pr: 0.9059
evm.utg625.107	SP(Sec/SPI)	0.652714	0.347286	CS pos: 28-29. LNA-SR. Pr: 0.3206
utg625.equina_smart_1124100.mrna1	SP(Sec/SPI)	0.996231	0.003769	CS pos: 23-24. SEA-LC. Pr: 0.7302
evm.utg625.112	SP(Sec/SPI)	0.529146	0.470854	CS pos: 20-21. LTA-RR. Pr: 0.2493
evm.utg637.8	SP(Sec/SPI)	0.612361	0.387639	CS pos: 17-18. IMM-YD. Pr: 0.1456
evm.utg637.21	SP(Sec/SPI)	0.745446	0.254554	CS pos: 21-22. VMN-DD. Pr: 0.2929
evm.utg648.36	SP(Sec/SPI)	0.997099	0.002901	CS pos: 19-20. ASC-ET. Pr: 0.5207
evm.utg648.73	SP(Sec/SPI)	0.819359	0.180641	CS pos: 25-26. VFS-GH. Pr: 0.5774
evm.utg648.77	SP(Sec/SPI)	0.761791	0.238209	CS pos: 24-25. TFG-EN. Pr: 0.6096
evm.utg648.82	SP(Sec/SPI)	0.998632	0.001368	CS pos: 17-18. AHS-EE. Pr: 0.8697
evm.utg648.87	SP(Sec/SPI)	0.991052	0.008948	CS pos: 20-21. SEA-KP. Pr: 0.9313
evm.utg648.88	SP(Sec/SPI)	0.865552	0.134448	CS pos: 24-25. VDA-VV. Pr: 0.6469
evm.utg648.91	SP(Sec/SPI)	0.964003	0.035997	CS pos: 20-21. LIP-AP. Pr: 0.4100
evm.utg648.94	SP(Sec/SPI)	0.996417	0.003583	CS pos: 20-21. LIA-AP. Pr: 0.8581
evm.utg648.95	SP(Sec/SPI)	0.993892	0.006108	CS pos: 20-21. LIS-AP. Pr: 0.7458
evm.utg648.99	SP(Sec/SPI)	0.801098	0.198902	CS pos: 21-22. VYC-EE. Pr: 0.6915
evm.utg659.1	SP(Sec/SPI)	0.982939	0.017061	CS pos: 20-21. SDC-QD. Pr: 0.5729
evm.utg659.16	SP(Sec/SPI)	0.991693	0.008307	CS pos: 16-17. CLA-DL. Pr: 0.9309
evm.utg659.17	SP(Sec/SPI)	0.720323	0.279677	CS pos: 30-31. VSC-KK. Pr: 0.3242
evm.utg666.4	SP(Sec/SPI)	0.989848	0.010152	CS pos: 22-23. VSS-SK. Pr: 0.6046
evm.utg666.39	SP(Sec/SPI)	0.975669	0.024331	CS pos: 21-22. GMA-CD. Pr: 0.7777
evm.utg666.40	SP(Sec/SPI)	0.996914	0.003086	CS pos: 16-17. GMA-CD. Pr: 0.7865
evm.utg676.13	SP(Sec/SPI)	0.982575	0.017425	CS pos: 24-25. ALG-EN. Pr: 0.8851
evm.utg684.2	SP(Sec/SPI)	0.889926	0.110074	CS pos: 25-26. TCS-QR. Pr: 0.3976
evm.utg686.31	SP(Sec/SPI)	0.964545	0.035455	CS pos: 19-20. CKT-DL. Pr: 0.4635
evm.utg686.32	SP(Sec/SPI)	0.967643	0.032357	CS pos: 27-28. VSC-LD. Pr: 0.8373
evm.utg686.35	SP(Sec/SPI)	0.901979	0.098021	CS pos: 24-25. VFA-SP. Pr: 0.8057
evm.utg686.36	SP(Sec/SPI)	0.940348	0.059652	CS pos: 16-17. AVA-IE. Pr: 0.4208
evm.utg686.38	SP(Sec/SPI)	0.977078	0.022922	CS pos: 26-27. TAG-QT. Pr: 0.7898
evm.utg686.39.1.5c27970b	SP(Sec/SPI)	0.998349	0.001651	CS pos: 23-24. VSA-QQ. Pr: 0.9570
evm.utg686.40	SP(Sec/SPI)	0.970933	0.029067	CS pos: 23-24. FLA-SD. Pr: 0.6810
evm.utg686.41	SP(Sec/SPI)	0.998842	0.001158	CS pos: 19-20. SSA-AF. Pr: 0.5040
evm.utg686.42	SP(Sec/SPI)	0.870829	0.129171	CS pos: 33-34. SSG-EE. Pr: 0.7602
evm.utg686.43	SP(Sec/SPI)	0.976449	0.023551	CS pos: 22-23. GHS-SS. Pr: 0.4857
evm.utg686.70	SP(Sec/SPI)	0.926573	0.073427	CS pos: 29-30. ADA-TE. Pr: 0.8869
evm.utg686.85	SP(Sec/SPI)	0.587352	0.412648	CS pos: 28-29. LLA-RG. Pr: 0.2120
evm.utg691.5	SP(Sec/SPI)	0.913314	0.086686	CS pos: 19-20. SFC-GQ. Pr: 0.3749
evm.utg693.12	SP(Sec/SPI)	0.964666	0.035334	CS pos: 15-16. ALA-EN. Pr: 0.7125
evm.utg693.35	SP(Sec/SPI)	0.884237	0.115763	CS pos: 23-24. SWS-IL. Pr: 0.5614
evm.utg693.37	SP(Sec/SPI)	0.993392	0.006608	CS pos: 20-21. ATA-EK. Pr: 0.6128
evm.utg693.41	SP(Sec/SPI)	0.732244	0.267756	CS pos: 29-30. TQA-AM. Pr: 0.6919
evm.utg693.50	SP(Sec/SPI)	0.973625	0.026375	CS pos: 26-27. VQG-CG. Pr: 0.8434
evm.utg693.58	SP(Sec/SPI)	0.999605	0.000395	CS pos: 20-21. TTA-LP. Pr: 0.5488
evm.utg693.62	SP(Sec/SPI)	0.983383	0.016617	CS pos: 20-21. TSG-MI. Pr: 0.4850
evm.utg693.63	SP(Sec/SPI)	0.938411	0.061589	CS pos: 23-24. TFS-VD. Pr: 0.8687
utg693.equina_smart_348377.mrna1	SP(Sec/SPI)	0.948599	0.051401	CS pos: 18-19. TIA-LV. Pr: 0.4770
evm.utg693.72	SP(Sec/SPI)	0.998782	0.001218	CS pos: 21-22. IHC-EE. Pr: 0.9179
utg693.equina_smart_913913.mrna2	SP(Sec/SPI)	0.988226	0.011774	CS pos: 25-26. LTA-NV. Pr: 0.5376
evm.utg693.82	SP(Sec/SPI)	0.980994	0.019006	CS pos: 23-24. NDA-YT. Pr: 0.6404
evm.utg693.84	SP(Sec/SPI)	0.989675	0.010325	CS pos: 24-25. SEA-YI. Pr: 0.7644
evm.utg693.94	SP(Sec/SPI)	0.924694	0.075306	CS pos: 25-26. GFA-DK. Pr: 0.7487
evm.utg695.3	SP(Sec/SPI)	0.999877	0.000123	CS pos: 20-21. IHA-MP. Pr: 0.8843
evm.utg696.2	SP(Sec/SPI)	0.592637	0.407363	CS pos: 16-17. YLA-GN. Pr: 0.2398
evm.utg699.10	SP(Sec/SPI)	0.763662	0.236338	CS pos: 17-18. VSC-VI. Pr: 0.4685
evm.utg699.14	SP(Sec/SPI)	0.976509	0.023491	CS pos: 20-21. SSS-LH. Pr: 0.4028
evm.utg699.29	SP(Sec/SPI)	0.994073	0.005927	CS pos: 23-24. SNA-KL. Pr: 0.9598
evm.utg699.35	SP(Sec/SPI)	0.999411	0.000589	CS pos: 22-23. SLG-AS. Pr: 0.4007
evm.utg699.43	SP(Sec/SPI)	0.980622	0.019378	CS pos: 22-23. CHV-ED. Pr: 0.7346
evm.utg699.47	SP(Sec/SPI)	0.726157	0.273843	CS pos: 23-24. VGS-IL. Pr: 0.2723
evm.utg699.53	SP(Sec/SPI)	0.877940	0.122060	CS pos: 38-39. ANA-GN. Pr: 0.6402
evm.utg699.57	SP(Sec/SPI)	0.735493	0.264507	CS pos: 17-18. VYS-SE. Pr: 0.5223
evm.utg699.70	SP(Sec/SPI)	0.995034	0.004966	CS pos: 19-20. SNA-SR. Pr: 0.8509
evm.utg699.74	SP(Sec/SPI)	0.915060	0.084940	CS pos: 26-27. TTC-QN. Pr: 0.7037
evm.utg699.77	SP(Sec/SPI)	0.959136	0.040864	CS pos: 19-20. ICT-EQ. Pr: 0.4680
evm.utg699.89	SP(Sec/SPI)	0.995654	0.004346	CS pos: 19-20. VTA-TC. Pr: 0.6351
evm.utg699.99	SP(Sec/SPI)	0.621671	0.378329	CS pos: 24-25. NHG-RV. Pr: 0.4480
evm.utg699.108	SP(Sec/SPI)	0.985435	0.014565	CS pos: 19-20. VFA-YT. Pr: 0.9673
evm.utg700.3	SP(Sec/SPI)	0.999394	0.000606	CS pos: 20-21. VHG-WP. Pr: 0.9822
evm.utg700.5	SP(Sec/SPI)	0.998394	0.001606	CS pos: 16-17. CYG-DM. Pr: 0.9638
evm.utg700.22	SP(Sec/SPI)	0.956956	0.043044	CS pos: 24-25. IYG-QI. Pr: 0.7645
utg700.equina_smart_1421475.mrna1	SP(Sec/SPI)	0.990556	0.009444	CS pos: 24-25. TYG-GY. Pr: 0.6550
evm.utg709.6	SP(Sec/SPI)	0.998825	0.001175	CS pos: 18-19. SYS-AK. Pr: 0.9378
evm.utg709.9	SP(Sec/SPI)	0.984142	0.015858	CS pos: 25-26. TSG-EK. Pr: 0.7008
evm.utg709.10	SP(Sec/SPI)	0.921355	0.078645	CS pos: 27-28. ATS-QS. Pr: 0.4313
evm.utg709.22	SP(Sec/SPI)	0.996243	0.003757	CS pos: 25-26. ADA-EE. Pr: 0.9378
evm.utg709.23	SP(Sec/SPI)	0.998358	0.001642	CS pos: 22-23. TQA-HP. Pr: 0.9042
evm.utg709.24	SP(Sec/SPI)	0.819318	0.180682	CS pos: 20-21. ISC-GK. Pr: 0.4313
evm.utg709.25	SP(Sec/SPI)	0.744264	0.255736	CS pos: 23-24. ACC-RR. Pr: 0.3467
evm.utg710.6	SP(Sec/SPI)	0.999071	0.000929	CS pos: 22-23. ADC-WW. Pr: 0.8610
evm.utg710.21	SP(Sec/SPI)	0.705146	0.294854	CS pos: 27-28. VVA-TV. Pr: 0.6465
evm.utg710.23	SP(Sec/SPI)	0.909599	0.090401	CS pos: 28-29. ALA-TG. Pr: 0.7342
evm.utg710.29	SP(Sec/SPI)	0.996076	0.003924	CS pos: 19-20. AHG-CT. Pr: 0.9105
evm.utg710.31	SP(Sec/SPI)	0.992348	0.007652	CS pos: 18-19. VLG-EG. Pr: 0.9522
evm.utg710.36.2.5c22f37b	SP(Sec/SPI)	0.972497	0.027503	CS pos: 20-21. TQA-FL. Pr: 0.8753
utg710.equina_smart_508064.mrna2	SP(Sec/SPI)	0.994287	0.005713	CS pos: 20-21. SQA-SQ. Pr: 0.8925
evm.utg714.12.1.5c22f37d	SP(Sec/SPI)	0.995813	0.004187	CS pos: 23-24. SSA-SD. Pr: 0.5971
evm.utg714.23	SP(Sec/SPI)	0.752804	0.247196	CS pos: 29-30. MDA-FR. Pr: 0.3438
evm.utg715.19	SP(Sec/SPI)	0.966512	0.033488	CS pos: 27-28. VFC-AC. Pr: 0.8292
evm.utg715.22	SP(Sec/SPI)	0.990659	0.009341	CS pos: 22-23. LSA-AG. Pr: 0.2873
evm.utg715.29	SP(Sec/SPI)	0.994554	0.005446	CS pos: 18-19. TKC-ST. Pr: 0.3982
evm.utg715.40	SP(Sec/SPI)	0.879729	0.120271	CS pos: 24-25. VIS-HE. Pr: 0.7687
evm.utg715.41	SP(Sec/SPI)	0.944231	0.055769	CS pos: 23-24. ISS-KS. Pr: 0.6531
evm.utg715.42	SP(Sec/SPI)	0.720761	0.279239	CS pos: 28-29. VIS-YG. Pr: 0.4726
evm.utg715.58	SP(Sec/SPI)	0.988532	0.011468	CS pos: 16-17. ASA-MP. Pr: 0.6022
evm.utg729.3.1.5c22f3a1	SP(Sec/SPI)	0.821319	0.178681	CS pos: 26-27. ILS-VD. Pr: 0.4485
evm.utg729.5.1.5c22f3a1	SP(Sec/SPI)	0.867696	0.132304	CS pos: 33-34. IQG-QT. Pr: 0.6928
evm.utg729.6	SP(Sec/SPI)	0.996095	0.003905	CS pos: 19-20. AEC-YI. Pr: 0.9738
evm.utg729.33	SP(Sec/SPI)	0.995865	0.004135	CS pos: 24-25. VEG-KQ. Pr: 0.9878
evm.utg729.48	SP(Sec/SPI)	0.932232	0.067768	CS pos: 16-17. TGG-SP. Pr: 0.2187
evm.utg729.57	SP(Sec/SPI)	0.987549	0.012451	CS pos: 26-27. VQS-TN. Pr: 0.9334
evm.utg729.74	SP(Sec/SPI)	0.992097	0.007903	CS pos: 19-20. VVA-SP. Pr: 0.6588
evm.utg729.84	SP(Sec/SPI)	0.552217	0.447783	CS pos: 24-25. TQA-NT. Pr: 0.5299
evm.utg729.91	SP(Sec/SPI)	0.526013	0.473987	CS pos: 30-31. IKG-TG. Pr: 0.3521
evm.utg729.92	SP(Sec/SPI)	0.693089	0.306911	CS pos: 21-22. TQT-DE. Pr: 0.2571
evm.utg729.110	SP(Sec/SPI)	0.987822	0.012178	CS pos: 24-25. VQS-IS. Pr: 0.8121
evm.utg729.111	SP(Sec/SPI)	0.951584	0.048416	CS pos: 22-23. VSS-LS. Pr: 0.5661
evm.utg729.114	SP(Sec/SPI)	0.974690	0.025310	CS pos: 22-23. IYA-TH. Pr: 0.9301
evm.utg729.118	SP(Sec/SPI)	0.975927	0.024073	CS pos: 19-20. SMC-KD. Pr: 0.8477
evm.utg729.126.125	SP(Sec/SPI)	0.782478	0.217522	CS pos: 27-28. VLA-GD. Pr: 0.5553
evm.utg729.130	SP(Sec/SPI)	0.726743	0.273257	CS pos: 16-17. VFG-YF. Pr: 0.5643
evm.utg729.133	SP(Sec/SPI)	0.984866	0.015134	CS pos: 22-23. TQA-FI. Pr: 0.9267
evm.utg729.137	SP(Sec/SPI)	0.965735	0.034265	CS pos: 21-22. TTA-MR. Pr: 0.7731
evm.utg729.139	SP(Sec/SPI)	0.963654	0.036346	CS pos: 21-22. TYT-RS. Pr: 0.4580
evm.utg729.149	SP(Sec/SPI)	0.997082	0.002918	CS pos: 21-22. SHA-KT. Pr: 0.9266
evm.utg729.150	SP(Sec/SPI)	0.989036	0.010964	CS pos: 24-25. VRA-TT. Pr: 0.9003
evm.utg729.151	SP(Sec/SPI)	0.998901	0.001099	CS pos: 22-23. VEG-EK. Pr: 0.9506
evm.utg729.167	SP(Sec/SPI)	0.904042	0.095958	CS pos: 22-23. VAT-RD. Pr: 0.4776
evm.utg733.3	SP(Sec/SPI)	0.886054	0.113946	CS pos: 17-18. VAS-EE. Pr: 0.5766
evm.utg733.6	SP(Sec/SPI)	0.907537	0.092463	CS pos: 25-26. SYE-QN. Pr: 0.6407
evm.utg734.3	SP(Sec/SPI)	0.967837	0.032163	CS pos: 30-31. SFA-NK. Pr: 0.8287
evm.utg734.6	SP(Sec/SPI)	0.980664	0.019336	CS pos: 25-26. VNS-AE. Pr: 0.7559
evm.utg734.16	SP(Sec/SPI)	0.991496	0.008504	CS pos: 22-23. THS-LG. Pr: 0.6838
evm.utg734.41	SP(Sec/SPI)	0.999739	0.000261	CS pos: 20-21. SHG-QD. Pr: 0.9443
evm.utg735.4	SP(Sec/SPI)	0.707962	0.292038	CS pos: 21-22. TEG-KK. Pr: 0.6883
evm.utg735.57	SP(Sec/SPI)	0.983928	0.016072	CS pos: 28-29. AEA-IR. Pr: 0.9444
evm.utg736.24	SP(Sec/SPI)	0.959575	0.040425	CS pos: 24-25. ASA-KE. Pr: 0.8984
evm.utg736.25	SP(Sec/SPI)	0.609477	0.390523	CS pos: 22-23. LDG-QL. Pr: 0.3106
evm.utg736.49	SP(Sec/SPI)	0.994830	0.005170	CS pos: 16-17. VNS-ID. Pr: 0.8931
evm.utg736.50	SP(Sec/SPI)	0.987505	0.012495	CS pos: 16-17. VNC-MD. Pr: 0.8644
evm.utg736.51	SP(Sec/SPI)	0.986080	0.013920	CS pos: 21-22. TQS-RS. Pr: 0.5855
evm.utg736.58	SP(Sec/SPI)	0.974055	0.025945	CS pos: 18-19. GET-YH. Pr: 0.6951
evm.utg736.68	SP(Sec/SPI)	0.991512	0.008488	CS pos: 22-23. VVA-DI. Pr: 0.7926
evm.utg736.73	SP(Sec/SPI)	0.999427	0.000573	CS pos: 21-22. VGA-QS. Pr: 0.9284
evm.utg736.74	SP(Sec/SPI)	0.999203	0.000797	CS pos: 22-23. ASA-AD. Pr: 0.8526
evm.utg736.79	SP(Sec/SPI)	0.948937	0.051063	CS pos: 20-21. SSG-VY. Pr: 0.5906
evm.utg738.7	SP(Sec/SPI)	0.999816	0.000184	CS pos: 20-21. VQC-LL. Pr: 0.9174
evm.utg738.8	SP(Sec/SPI)	0.972999	0.027001	CS pos: 21-22. SCS-LP. Pr: 0.3995
utg738.equina_smart_97934.mrna1	SP(Sec/SPI)	0.998944	0.001056	CS pos: 18-19. VFA-RP. Pr: 0.8066
evm.utg738.25	SP(Sec/SPI)	0.984412	0.015588	CS pos: 24-25. IPG-KE. Pr: 0.8068
evm.utg738.27	SP(Sec/SPI)	0.894700	0.105300	CS pos: 27-28. VLA-TT. Pr: 0.8005
evm.utg738.28	SP(Sec/SPI)	0.709586	0.290414	CS pos: 16-17. CGG-DD. Pr: 0.5533
evm.utg750.15	SP(Sec/SPI)	0.997607	0.002393	CS pos: 19-20. TGA-IP. Pr: 0.8570
evm.utg750.16	SP(Sec/SPI)	0.979713	0.020287	CS pos: 20-21. SLS-IK. Pr: 0.8886
evm.utg750.20	SP(Sec/SPI)	0.996873	0.003127	CS pos: 19-20. GEA-EK. Pr: 0.5761
evm.utg750.21	SP(Sec/SPI)	0.979437	0.020563	CS pos: 16-17. VEC-TQ. Pr: 0.8173
evm.utg750.30	SP(Sec/SPI)	0.996919	0.003081	CS pos: 21-22. VNA-LV. Pr: 0.9335
evm.utg750.33	SP(Sec/SPI)	0.849941	0.150059	CS pos: 24-25. VNT-EN. Pr: 0.6660
evm.utg750.38.1.5c22f3df	SP(Sec/SPI)	0.998670	0.001330	CS pos: 17-18. AHA-EQ. Pr: 0.9584
evm.utg750.39	SP(Sec/SPI)	0.998679	0.001321	CS pos: 16-17. AYA-GP. Pr: 0.9395
evm.utg750.40	SP(Sec/SPI)	0.792660	0.207340	CS pos: 35-36. VSA-KQ. Pr: 0.7686
evm.utg750.60	SP(Sec/SPI)	0.998945	0.001055	CS pos: 24-25. ASS-EM. Pr: 0.8804
evm.utg750.66	SP(Sec/SPI)	0.989729	0.010271	CS pos: 19-20. AQL-DL. Pr: 0.4174
evm.utg750.79	SP(Sec/SPI)	0.999346	0.000654	CS pos: 19-20. TFA-YG. Pr: 0.5874
evm.utg750.80	SP(Sec/SPI)	0.997327	0.002673	CS pos: 19-20. SFA-KS. Pr: 0.7430
evm.utg750.81	SP(Sec/SPI)	0.999826	0.000174	CS pos: 21-22. AQG-CV. Pr: 0.5240
evm.utg761.19	SP(Sec/SPI)	0.985962	0.014038	CS pos: 23-24. GSA-EH. Pr: 0.8976
evm.utg761.20	SP(Sec/SPI)	0.984100	0.015900	CS pos: 23-24. GSA-EH. Pr: 0.9078
evm.utg761.27	SP(Sec/SPI)	0.935145	0.064855	CS pos: 22-23. VYS-GT. Pr: 0.6270
evm.utg761.43	SP(Sec/SPI)	0.997872	0.002128	CS pos: 18-19. SFS-GS. Pr: 0.5132
evm.utg761.45	SP(Sec/SPI)	0.999164	0.000836	CS pos: 19-20. GFS-LS. Pr: 0.9046
evm.utg761.46	SP(Sec/SPI)	0.990462	0.009538	CS pos: 23-24. ADG-RS. Pr: 0.7238
utg761.equina_smart_981633.mrna1	SP(Sec/SPI)	0.991632	0.008368	CS pos: 19-20. TSA-CS. Pr: 0.6867
evm.utg762.25	SP(Sec/SPI)	0.577428	0.422572	CS pos: 24-25. VYS-AS. Pr: 0.5465
evm.utg762.35	SP(Sec/SPI)	0.903713	0.096287	CS pos: 25-26. CLL-LK. Pr: 0.4223
evm.utg777.10	SP(Sec/SPI)	0.683774	0.316226	CS pos: 31-32. TDA-SV. Pr: 0.3035
evm.utg777.15	SP(Sec/SPI)	0.594398	0.405602	CS pos: 19-20. VET-DD. Pr: 0.4282
evm.utg777.61	SP(Sec/SPI)	0.986416	0.013584	CS pos: 19-20. ASA-WW. Pr: 0.8815
evm.utg777.63	SP(Sec/SPI)	0.989128	0.010872	CS pos: 25-26. ASG-VK. Pr: 0.4602
utg777.equina_smart_1473457.mrna2	SP(Sec/SPI)	0.999352	0.000648	CS pos: 16-17. AAA-DT. Pr: 0.3739
evm.utg777.74	SP(Sec/SPI)	0.998676	0.001324	CS pos: 16-17. AAA-TI. Pr: 0.2067
evm.utg777.77	SP(Sec/SPI)	0.998127	0.001873	CS pos: 16-17. AAA-TI. Pr: 0.2199
evm.utg777.81	SP(Sec/SPI)	0.998796	0.001204	CS pos: 16-17. AAA-TI. Pr: 0.2040
evm.utg777.84	SP(Sec/SPI)	0.999295	0.000705	CS pos: 19-20. TIA-NS. Pr: 0.3983
evm.utg785.4	SP(Sec/SPI)	0.997090	0.002910	CS pos: 23-24. VEA-LG. Pr: 0.8292
evm.utg785.6	SP(Sec/SPI)	0.701926	0.298074	CS pos: 26-27. VKS-DS. Pr: 0.4963
evm.utg785.7	SP(Sec/SPI)	0.660915	0.339085	CS pos: 25-26. VHG-SS. Pr: 0.6338
utg785.equina_smart_1423445.mrna1	SP(Sec/SPI)	0.660860	0.339140	CS pos: 25-26. VHG-SS. Pr: 0.6337
evm.utg788.3	SP(Sec/SPI)	0.981030	0.018970	CS pos: 21-22. VIS-SG. Pr: 0.3833
evm.utg788.5	SP(Sec/SPI)	0.995728	0.004272	CS pos: 20-21. CNG-CG. Pr: 0.5260
evm.utg788.6	SP(Sec/SPI)	0.835319	0.164681	CS pos: 21-22. AKA-CQ. Pr: 0.6934
evm.utg788.8	SP(Sec/SPI)	0.983777	0.016223	CS pos: 18-19. IQA-TL. Pr: 0.9084
evm.utg788.10	SP(Sec/SPI)	0.863941	0.136059	CS pos: 33-34. AES-KA. Pr: 0.6527
evm.utg788.11	SP(Sec/SPI)	0.946237	0.053763	CS pos: 23-24. SIA-GK. Pr: 0.4957
evm.utg788.13	SP(Sec/SPI)	0.953929	0.046071	CS pos: 26-27. TEA-LP. Pr: 0.8625
evm.utg788.16.19	SP(Sec/SPI)	0.992348	0.007652	CS pos: 17-18. VVA-DI. Pr: 0.9003
evm.utg788.21	SP(Sec/SPI)	0.978106	0.021894	CS pos: 19-20. VLM-VS. Pr: 0.3333
utg788.equina_smart_1074046.mrna1	SP(Sec/SPI)	0.999742	0.000258	CS pos: 21-22. CSA-AR. Pr: 0.7189
evm.utg788.23	SP(Sec/SPI)	0.999348	0.000652	CS pos: 19-20. VDS-AN. Pr: 0.8953
evm.utg788.25	SP(Sec/SPI)	0.586746	0.413254	CS pos: 33-34. SHS-NN. Pr: 0.2635
evm.utg788.26	SP(Sec/SPI)	0.991846	0.008154	CS pos: 24-25. TSA-AS. Pr: 0.6319
evm.utg788.45	SP(Sec/SPI)	0.978565	0.021435	CS pos: 20-21. TAG-LI. Pr: 0.6082
evm.utg788.53	SP(Sec/SPI)	0.967383	0.032617	CS pos: 24-25. IHC-EE. Pr: 0.3882
evm.utg788.55	SP(Sec/SPI)	0.998081	0.001919	CS pos: 18-19. AVS-KD. Pr: 0.5970
evm.utg788.77	SP(Sec/SPI)	0.985262	0.014738	CS pos: 19-20. STA-KS. Pr: 0.7584
evm.utg788.93	SP(Sec/SPI)	0.680701	0.319299	CS pos: 18-19. IKP-LT. Pr: 0.1729
evm.utg788.100	SP(Sec/SPI)	0.979551	0.020449	CS pos: 22-23. VES-RG. Pr: 0.9167
evm.utg788.104.1.5c22f43a	SP(Sec/SPI)	0.996589	0.003411	CS pos: 22-23. CTA-EE. Pr: 0.9195
evm.utg788.110	SP(Sec/SPI)	0.996041	0.003959	CS pos: 19-20. TAG-KP. Pr: 0.7084
evm.utg788.111	SP(Sec/SPI)	0.998604	0.001396	CS pos: 19-20. VFA-SD. Pr: 0.8322
evm.utg790.22	SP(Sec/SPI)	0.589905	0.410095	CS pos: 29-30. IRG-DS. Pr: 0.5002
evm.utg790.29	SP(Sec/SPI)	0.577099	0.422901	CS pos: 19-20. ASA-KV. Pr: 0.5497
evm.utg790.39	SP(Sec/SPI)	0.996227	0.003773	CS pos: 20-21. SDG-AS. Pr: 0.8385
evm.utg790.49	SP(Sec/SPI)	0.567530	0.432470	CS pos: 28-29. SDG-LA. Pr: 0.4368
evm.utg790.55	SP(Sec/SPI)	0.986206	0.013794	CS pos: 21-22. CRS-SE. Pr: 0.8529
evm.utg791.2	SP(Sec/SPI)	0.996075	0.003925	CS pos: 18-19. VLS-AP. Pr: 0.7709
evm.utg791.6	SP(Sec/SPI)	0.997829	0.002171	CS pos: 20-21. VAG-LK. Pr: 0.8499
evm.utg791.20	SP(Sec/SPI)	0.993028	0.006972	CS pos: 18-19. VTG-QF. Pr: 0.9066
evm.utg791.22	SP(Sec/SPI)	0.990419	0.009581	CS pos: 21-22. ISA-QT. Pr: 0.4977
evm.utg791.23	SP(Sec/SPI)	0.998398	0.001602	CS pos: 22-23. ATT-SP. Pr: 0.4111
evm.utg791.24	SP(Sec/SPI)	0.919534	0.080466	CS pos: 22-23. VLS-YS. Pr: 0.6849
evm.utg791.36	SP(Sec/SPI)	0.984103	0.015897	CS pos: 26-27. CHC-LP. Pr: 0.9520
evm.utg791.39	SP(Sec/SPI)	0.993976	0.006024	CS pos: 21-22. INS-EP. Pr: 0.8835
evm.utg791.48	SP(Sec/SPI)	0.888514	0.111486	CS pos: 27-28. ASG-NI. Pr: 0.5610
evm.utg791.51	SP(Sec/SPI)	0.978766	0.021234	CS pos: 24-25. VLA-LK. Pr: 0.9454
evm.utg791.52	SP(Sec/SPI)	0.995750	0.004250	CS pos: 23-24. ASA-LK. Pr: 0.9880
evm.utg791.53	SP(Sec/SPI)	0.997742	0.002258	CS pos: 23-24. VSS-LE. Pr: 0.9678
evm.utg791.55	SP(Sec/SPI)	0.996539	0.003461	CS pos: 20-21. SIA-NP. Pr: 0.8365
evm.utg791.61	SP(Sec/SPI)	0.975069	0.024931	CS pos: 24-25. VVS-YP. Pr: 0.4730
evm.utg797.9	SP(Sec/SPI)	0.992746	0.007254	CS pos: 16-17. VHA-CE. Pr: 0.8839
evm.utg797.10	SP(Sec/SPI)	0.952731	0.047269	CS pos: 16-17. IHA-CE. Pr: 0.6195
evm.utg797.12	SP(Sec/SPI)	0.984722	0.015278	CS pos: 16-17. LHA-CE. Pr: 0.5037
evm.utg797.19	SP(Sec/SPI)	0.999380	0.000620	CS pos: 23-24. AEA-RP. Pr: 0.8581
evm.utg797.21	SP(Sec/SPI)	0.998984	0.001016	CS pos: 23-24. AEA-RP. Pr: 0.8650
evm.utg797.24	SP(Sec/SPI)	0.986712	0.013288	CS pos: 18-19. SNA-LY. Pr: 0.8505
evm.utg797.47	SP(Sec/SPI)	0.780575	0.219425	CS pos: 17-18. IGA-YY. Pr: 0.4726
evm.utg797.48	SP(Sec/SPI)	0.780575	0.219425	CS pos: 17-18. IGA-YY. Pr: 0.4726
evm.utg798.24	SP(Sec/SPI)	0.916172	0.083828	CS pos: 25-26. SLA-AN. Pr: 0.8343
evm.utg798.25	SP(Sec/SPI)	0.944062	0.055938	CS pos: 24-25. LEG-RK. Pr: 0.5892
evm.utg798.28	SP(Sec/SPI)	0.996622	0.003378	CS pos: 19-20. AGA-NE. Pr: 0.8984
evm.utg798.69	SP(Sec/SPI)	0.955025	0.044975	CS pos: 23-24. CMS-KV. Pr: 0.7109
evm.utg798.82	SP(Sec/SPI)	0.921155	0.078845	CS pos: 26-27. VKS-QD. Pr: 0.4399
evm.utg801.7	SP(Sec/SPI)	0.883515	0.116485	CS pos: 20-21. STG-DI. Pr: 0.6073
evm.utg801.11	SP(Sec/SPI)	0.960661	0.039339	CS pos: 32-33. CDA-QR. Pr: 0.4945
evm.utg801.12	SP(Sec/SPI)	0.880146	0.119854	CS pos: 24-25. SFT-NL. Pr: 0.5099
evm.utg801.16	SP(Sec/SPI)	0.989642	0.010358	CS pos: 21-22. TQA-SK. Pr: 0.9216
evm.utg801.17	SP(Sec/SPI)	0.989989	0.010011	CS pos: 23-24. TQA-YY. Pr: 0.9414
evm.utg801.25	SP(Sec/SPI)	0.980007	0.019993	CS pos: 16-17. AHS-SG. Pr: 0.5065
evm.utg801.27	SP(Sec/SPI)	0.936990	0.063010	CS pos: 32-33. TSA-AH. Pr: 0.5438
evm.utg801.79.1.5c22f462	SP(Sec/SPI)	0.503637	0.496363	CS pos: 14-15. VQG-TI. Pr: 0.4359
evm.utg801.80	SP(Sec/SPI)	0.922087	0.077913	CS pos: 14-15. ATA-LP. Pr: 0.6220
evm.utg801.101	SP(Sec/SPI)	0.984293	0.015707	CS pos: 24-25. SSA-QS. Pr: 0.4685
evm.utg804.14	SP(Sec/SPI)	0.915212	0.084788	CS pos: 29-30. IAS-EY. Pr: 0.5057
evm.utg804.17	SP(Sec/SPI)	0.993992	0.006008	CS pos: 18-19. IAS-EY. Pr: 0.6214
evm.utg804.18	SP(Sec/SPI)	0.984715	0.015285	CS pos: 20-21. IAS-EY. Pr: 0.5861
evm.utg804.22	SP(Sec/SPI)	0.970526	0.029474	CS pos: 18-19. LAA-DC. Pr: 0.4802
evm.utg816.6	SP(Sec/SPI)	0.975423	0.024577	CS pos: 24-25. TET-FQ. Pr: 0.4642
evm.utg816.14	SP(Sec/SPI)	0.997090	0.002910	CS pos: 23-24. VEA-LG. Pr: 0.8292
evm.utg816.18	SP(Sec/SPI)	0.974441	0.025559	CS pos: 16-17. CAP-FS. Pr: 0.5953
evm.utg816.19	SP(Sec/SPI)	0.974929	0.025071	CS pos: 23-24. CSS-QE. Pr: 0.8512
evm.utg817.3	SP(Sec/SPI)	0.996097	0.003903	CS pos: 22-23. VDS-KI. Pr: 0.9648
evm.utg817.7	SP(Sec/SPI)	0.994191	0.005809	CS pos: 22-23. TTA-KD. Pr: 0.8914
evm.utg817.13	SP(Sec/SPI)	0.993614	0.006386	CS pos: 20-21. CAG-VP. Pr: 0.5062
utg820.evm.utg24438.23.mrna8	SP(Sec/SPI)	0.782938	0.217062	CS pos: 30-31. IHG-SN. Pr: 0.6303
evm.utg844.3	SP(Sec/SPI)	0.971425	0.028575	CS pos: 26-27. GDS-KP. Pr: 0.7318
utg844.equina_smart_854614.mrna2	SP(Sec/SPI)	0.785743	0.214257	CS pos: 33-34. VKA-TC. Pr: 0.5611
evm.utg857.9	SP(Sec/SPI)	0.660676	0.339324	CS pos: 30-31. VQA-KG. Pr: 0.6370
utg858.equina_smart_1771668.mrna1	SP(Sec/SPI)	0.995627	0.004373	CS pos: 19-20. AEA-GI. Pr: 0.9194
evm.utg858.20	SP(Sec/SPI)	0.768722	0.231278	CS pos: 17-18. GSC-SK. Pr: 0.4810
evm.utg858.25	SP(Sec/SPI)	0.976252	0.023748	CS pos: 27-28. TLS-LE. Pr: 0.9125
evm.utg858.27	SP(Sec/SPI)	0.995172	0.004828	CS pos: 20-21. GYS-SV. Pr: 0.9275
evm.utg858.29	SP(Sec/SPI)	0.997712	0.002288	CS pos: 20-21. SNC-AS. Pr: 0.3571
evm.utg858.30	SP(Sec/SPI)	0.991791	0.008209	CS pos: 18-19. CYS-CW. Pr: 0.5955
evm.utg858.39	SP(Sec/SPI)	0.997628	0.002372	CS pos: 19-20. AHC-NY. Pr: 0.8822
evm.utg858.41	SP(Sec/SPI)	0.982415	0.017585	CS pos: 25-26. AST-SR. Pr: 0.4068
evm.utg858.45	SP(Sec/SPI)	0.987263	0.012737	CS pos: 27-28. VQS-SS. Pr: 0.9624
evm.utg861.18	SP(Sec/SPI)	0.528785	0.471215	CS pos: 30-31. IQS-SP. Pr: 0.2047
evm.utg861.22	SP(Sec/SPI)	0.970401	0.029599	CS pos: 23-24. VNS-DD. Pr: 0.7949
evm.utg861.28	SP(Sec/SPI)	0.983610	0.016390	CS pos: 19-20. VTA-NQ. Pr: 0.8346
evm.utg861.38.1.5c22f49b	SP(Sec/SPI)	0.998938	0.001062	CS pos: 21-22. SFT-QS. Pr: 0.6368
evm.utg861.41	SP(Sec/SPI)	0.810060	0.189940	CS pos: 25-26. SSC-VT. Pr: 0.5647
evm.utg861.45	SP(Sec/SPI)	0.730029	0.269971	CS pos: 23-24. CIG-AG. Pr: 0.2339
evm.utg861.59	SP(Sec/SPI)	0.953456	0.046544	CS pos: 30-31. TES-FY. Pr: 0.8107
evm.utg861.60	SP(Sec/SPI)	0.912146	0.087854	CS pos: 25-26. ACG-FQ. Pr: 0.3553
evm.utg861.128	SP(Sec/SPI)	0.984042	0.015958	CS pos: 20-21. VLT-LE. Pr: 0.7338
evm.utg861.137	SP(Sec/SPI)	0.871989	0.128011	CS pos: 24-25. AKT-DE. Pr: 0.2959
utg868.equina_smart_1425392utrorf.mrna1	SP(Sec/SPI)	0.894360	0.105640	CS pos: 16-17. VEA-LN. Pr: 0.7530
evm.utg868.27	SP(Sec/SPI)	0.908398	0.091602	CS pos: 26-27. VKS-AS. Pr: 0.7641
evm.utg868.32	SP(Sec/SPI)	0.986057	0.013943	CS pos: 23-24. VKG-EV. Pr: 0.9575
evm.utg868.34	SP(Sec/SPI)	0.959153	0.040847	CS pos: 25-26. SSA-IE. Pr: 0.6442
evm.utg868.54	SP(Sec/SPI)	0.997119	0.002881	CS pos: 20-21. VSS-SS. Pr: 0.7015
evm.utg868.68	SP(Sec/SPI)	0.954501	0.045499	CS pos: 16-17. LRC-FK. Pr: 0.5964
evm.utg868.83	SP(Sec/SPI)	0.974717	0.025283	CS pos: 18-19. VQS-IP. Pr: 0.8580
evm.utg868.94	SP(Sec/SPI)	0.964634	0.035366	CS pos: 21-22. CFA-IS. Pr: 0.7099
evm.utg868.100	SP(Sec/SPI)	0.828726	0.171274	CS pos: 25-26. VQG-SS. Pr: 0.7594
evm.utg888.1	SP(Sec/SPI)	0.999059	0.000941	CS pos: 19-20. VRC-AV. Pr: 0.8879
evm.utg888.5	SP(Sec/SPI)	0.998259	0.001741	CS pos: 23-24. VRC-GV. Pr: 0.9315
evm.utg888.11	SP(Sec/SPI)	0.964765	0.035235	CS pos: 23-24. AAA-QT. Pr: 0.6716
evm.utg888.25	SP(Sec/SPI)	0.938735	0.061265	CS pos: 21-22. CLG-ED. Pr: 0.8122
evm.utg888.31	SP(Sec/SPI)	0.973657	0.026343	CS pos: 27-28. CLA-QF. Pr: 0.6441
evm.utg888.37	SP(Sec/SPI)	0.997492	0.002508	CS pos: 22-23. TQA-DK. Pr: 0.9655
evm.utg888.54	SP(Sec/SPI)	0.514323	0.485677	CS pos: 30-31. GLL-DS. Pr: 0.1735
evm.utg890.1	SP(Sec/SPI)	0.789952	0.210048	CS pos: 18-19. TEA-DD. Pr: 0.6193
evm.utg890.27	SP(Sec/SPI)	0.920207	0.079793	CS pos: 20-21. LRA-QP. Pr: 0.6964
evm.utg890.30	SP(Sec/SPI)	0.802097	0.197903	CS pos: 28-29. ALS-DI. Pr: 0.7107
evm.utg890.50	SP(Sec/SPI)	0.956958	0.043042	CS pos: 26-27. TPA-AP. Pr: 0.3831
evm.utg890.52	SP(Sec/SPI)	0.991169	0.008831	CS pos: 27-28. TKA-SV. Pr: 0.7214
evm.utg891.1	SP(Sec/SPI)	0.862520	0.137480	CS pos: 21-22. VSC-RV. Pr: 0.7348
utg891.equina_smart_1425879.mrna1	SP(Sec/SPI)	0.947295	0.052705	CS pos: 21-22. VLC-GI. Pr: 0.7939
evm.utg891.4	SP(Sec/SPI)	0.818551	0.181449	CS pos: 21-22. VTC-QI. Pr: 0.7261
evm.utg891.5	SP(Sec/SPI)	0.908328	0.091672	CS pos: 25-26. VQG-KA. Pr: 0.7635
utg891.equina_smart_1531822.mrna1	SP(Sec/SPI)	0.900429	0.099571	CS pos: 24-25. VFC-KI. Pr: 0.8346
evm.utg891.6	SP(Sec/SPI)	0.895870	0.104130	CS pos: 17-18. LHC-TD. Pr: 0.5216
evm.utg891.7	SP(Sec/SPI)	0.913612	0.086388	CS pos: 21-22. SKG-IP. Pr: 0.7722
evm.utg891.8	SP(Sec/SPI)	0.882991	0.117009	CS pos: 21-22. SKG-IQ. Pr: 0.6193
evm.utg891.9	SP(Sec/SPI)	0.700535	0.299465	CS pos: 26-27. VYS-NI. Pr: 0.5671
evm.utg891.10.12.1.5c279861	SP(Sec/SPI)	0.972377	0.027623	CS pos: 23-24. TQG-AA. Pr: 0.7081
evm.utg891.46	SP(Sec/SPI)	0.922349	0.077651	CS pos: 27-28. SYS-DV. Pr: 0.4437
evm.utg910.1	SP(Sec/SPI)	0.572877	0.427123	CS pos: 18-19. STS-QF. Pr: 0.2618
evm.utg910.23	SP(Sec/SPI)	0.912488	0.087512	CS pos: 22-23. TSC-QE. Pr: 0.6926
evm.utg910.24	SP(Sec/SPI)	0.997918	0.002082	CS pos: 22-23. VQG-LP. Pr: 0.8626
evm.utg910.39	SP(Sec/SPI)	0.979860	0.020140	CS pos: 21-22. TCS-KP. Pr: 0.7818
evm.utg910.42	SP(Sec/SPI)	0.696498	0.303502	CS pos: 44-45. ASA-SF. Pr: 0.5676
evm.utg910.49	SP(Sec/SPI)	0.994038	0.005962	CS pos: 23-24. IQG-QK. Pr: 0.8724
evm.utg910.52	SP(Sec/SPI)	0.999051	0.000949	CS pos: 19-20. AHG-LE. Pr: 0.9021
evm.utg910.54	SP(Sec/SPI)	0.981961	0.018039	CS pos: 23-24. SKA-KQ. Pr: 0.8612
evm.utg910.55	SP(Sec/SPI)	0.976262	0.023738	CS pos: 18-19. GHN-AS. Pr: 0.4256
evm.utg910.56	SP(Sec/SPI)	0.993142	0.006858	CS pos: 22-23. TTC-AP. Pr: 0.6630
evm.utg910.59.60	SP(Sec/SPI)	0.997844	0.002156	CS pos: 22-23. TTC-AP. Pr: 0.6119
evm.utg910.61	SP(Sec/SPI)	0.997295	0.002705	CS pos: 22-23. TTC-AP. Pr: 0.6051
evm.utg910.89	SP(Sec/SPI)	0.991006	0.008994	CS pos: 23-24. TLC-QS. Pr: 0.5446
evm.utg910.90	SP(Sec/SPI)	0.962037	0.037963	CS pos: 26-27. SSS-HP. Pr: 0.8228
evm.utg910.102	SP(Sec/SPI)	0.951977	0.048023	CS pos: 17-18. ASA-KI. Pr: 0.9027
evm.utg910.109	SP(Sec/SPI)	0.996025	0.003975	CS pos: 21-22. VSG-LV. Pr: 0.8967
evm.utg910.117	SP(Sec/SPI)	0.984181	0.015819	CS pos: 23-24. CES-SS. Pr: 0.6865
evm.utg910.118	SP(Sec/SPI)	0.999453	0.000547	CS pos: 18-19. AMA-QG. Pr: 0.5194
evm.utg910.133	SP(Sec/SPI)	0.907269	0.092731	CS pos: 20-21. SHG-VK. Pr: 0.4573
evm.utg910.134	SP(Sec/SPI)	0.539445	0.460555	CS pos: 27-28. IGC-VP. Pr: 0.2725
evm.utg910.135	SP(Sec/SPI)	0.778836	0.221164	CS pos: 23-24. SLS-AF. Pr: 0.3736
evm.utg910.140	SP(Sec/SPI)	0.837304	0.162696	CS pos: 24-25. TLS-TL. Pr: 0.5634
evm.utg910.148	SP(Sec/SPI)	0.994974	0.005026	CS pos: 21-22. TKS-LY. Pr: 0.7753
evm.utg910.150	SP(Sec/SPI)	0.994076	0.005924	CS pos: 24-25. ICA-QE. Pr: 0.8761
evm.utg910.152	SP(Sec/SPI)	0.979523	0.020477	CS pos: 19-20. TNA-AG. Pr: 0.4112
evm.utg910.185	SP(Sec/SPI)	0.994215	0.005785	CS pos: 19-20. IVA-FP. Pr: 0.8789
evm.utg910.187	SP(Sec/SPI)	0.999541	0.000459	CS pos: 22-23. SAA-KC. Pr: 0.7879
evm.utg910.190	SP(Sec/SPI)	0.994796	0.005204	CS pos: 18-19. AHG-GS. Pr: 0.7531
evm.utg911.1	SP(Sec/SPI)	0.642046	0.357954	CS pos: 33-34. VEA-ST. Pr: 0.2615
evm.utg911.27	SP(Sec/SPI)	0.986218	0.013782	CS pos: 19-20. SYG-QN. Pr: 0.9648
evm.utg912.11	SP(Sec/SPI)	0.752782	0.247218	CS pos: 36-37. VEA-SQ. Pr: 0.7199
evm.utg912.25	SP(Sec/SPI)	0.644808	0.355192	CS pos: 37-38. VAA-SQ. Pr: 0.3986
evm.utg912.42	SP(Sec/SPI)	0.997089	0.002911	CS pos: 19-20. TQA-IT. Pr: 0.9341
evm.utg912.43	SP(Sec/SPI)	0.989684	0.010316	CS pos: 19-20. VNG-DN. Pr: 0.9524
evm.utg912.49	SP(Sec/SPI)	0.587783	0.412217	CS pos: 23-24. ASA-SR. Pr: 0.3536
evm.utg920.14	SP(Sec/SPI)	0.950748	0.049252	CS pos: 22-23. SLS-FE. Pr: 0.7770
evm.utg924.25	SP(Sec/SPI)	0.999841	0.000159	CS pos: 20-21. SYG-AD. Pr: 0.9047
evm.utg924.32	SP(Sec/SPI)	0.973877	0.026123	CS pos: 23-24. GVA-EV. Pr: 0.4981
evm.utg924.33	SP(Sec/SPI)	0.982607	0.017393	CS pos: 23-24. IYG-QL. Pr: 0.9259
evm.utg924.45	SP(Sec/SPI)	0.972857	0.027143	CS pos: 21-22. VFT-AQ. Pr: 0.4968
evm.utg924.49	SP(Sec/SPI)	0.792504	0.207496	CS pos: 29-30. VIA-QE. Pr: 0.3734
evm.utg924.54	SP(Sec/SPI)	0.999470	0.000530	CS pos: 21-22. VDS-SG. Pr: 0.9225
evm.utg924.56	SP(Sec/SPI)	0.992345	0.007655	CS pos: 22-23. SSG-RI. Pr: 0.4194
evm.utg924.69	SP(Sec/SPI)	0.993072	0.006928	CS pos: 20-21. CNG-HK. Pr: 0.6823
evm.utg924.92	SP(Sec/SPI)	0.988561	0.011439	CS pos: 25-26. SNA-YN. Pr: 0.9201
evm.utg935.19	SP(Sec/SPI)	0.993342	0.006658	CS pos: 19-20. VLA-QT. Pr: 0.9150
evm.utg936.7	SP(Sec/SPI)	0.998035	0.001965	CS pos: 21-22. IDA-TP. Pr: 0.9580
evm.utg936.19	SP(Sec/SPI)	0.870687	0.129313	CS pos: 22-23. CLF-QK. Pr: 0.5757
evm.utg936.20	SP(Sec/SPI)	0.703847	0.296153	CS pos: 27-28. GQS-AP. Pr: 0.5456
evm.utg936.22	SP(Sec/SPI)	0.989198	0.010802	CS pos: 24-25. AKG-QA. Pr: 0.6335
evm.utg936.38	SP(Sec/SPI)	0.991615	0.008385	CS pos: 21-22. TDG-RR. Pr: 0.8595
evm.utg967.3	SP(Sec/SPI)	0.722811	0.277189	CS pos: 32-33. SEG-QQ. Pr: 0.7065
evm.utg967.5.1.5c22f545	SP(Sec/SPI)	0.998523	0.001477	CS pos: 17-18. ANA-KN. Pr: 0.9563
evm.utg967.6	SP(Sec/SPI)	0.995701	0.004299	CS pos: 23-24. SEG-AP. Pr: 0.9765
evm.utg967.9	SP(Sec/SPI)	0.997697	0.002303	CS pos: 21-22. AQA-RL. Pr: 0.8850
evm.utg967.10	SP(Sec/SPI)	0.994274	0.005726	CS pos: 20-21. VEC-GM. Pr: 0.6848
evm.utg967.11	SP(Sec/SPI)	0.722214	0.277786	CS pos: 26-27. IFA-MP. Pr: 0.4990
evm.utg967.12	SP(Sec/SPI)	0.997951	0.002049	CS pos: 16-17. VQA-NS. Pr: 0.5498
evm.utg967.19	SP(Sec/SPI)	0.997870	0.002130	CS pos: 20-21. TWA-GL. Pr: 0.9511
evm.utg967.24	SP(Sec/SPI)	0.631405	0.368595	CS pos: 24-25. AQG-IV. Pr: 0.2630
evm.utg967.30	SP(Sec/SPI)	0.996893	0.003107	CS pos: 23-24. VYG-LR. Pr: 0.9612
evm.utg967.39	SP(Sec/SPI)	0.694854	0.305146	CS pos: 27-28. CCA-EF. Pr: 0.5563
evm.utg967.48	SP(Sec/SPI)	0.907160	0.092840	CS pos: 25-26. CVA-RS. Pr: 0.7173
evm.utg967.49.1.5c22f54a	SP(Sec/SPI)	0.950535	0.049465	CS pos: 19-20. ATA-QV. Pr: 0.8664
evm.utg967.50	SP(Sec/SPI)	0.692539	0.307461	CS pos: 25-26. SVA-FR. Pr: 0.5300
evm.utg967.51	SP(Sec/SPI)	0.983544	0.016456	CS pos: 21-22. IQA-GD. Pr: 0.8240
evm.utg967.52	SP(Sec/SPI)	0.986475	0.013525	CS pos: 17-18. VTG-GV. Pr: 0.5558
evm.utg967.54	SP(Sec/SPI)	0.522056	0.477944	CS pos: 23-24. DHQ-AP. Pr: 0.1534
evm.utg967.57	SP(Sec/SPI)	0.661524	0.338476	CS pos: 31-32. GES-TI. Pr: 0.3106
utg967.equina_smart_904475.mrna2	SP(Sec/SPI)	0.560970	0.439030	CS pos: 35-36. VKC-EE. Pr: 0.5190
evm.utg975.39	SP(Sec/SPI)	0.879153	0.120847	CS pos: 18-19. TLS-LL. Pr: 0.2864
evm.utg977.4	SP(Sec/SPI)	0.998222	0.001778	CS pos: 21-22. TEG-YT. Pr: 0.9299
evm.utg977.5	SP(Sec/SPI)	0.991257	0.008743	CS pos: 21-22. AKG-TQ. Pr: 0.9406
evm.utg977.7	SP(Sec/SPI)	0.925124	0.074876	CS pos: 30-31. STA-KP. Pr: 0.8224
evm.utg977.26	SP(Sec/SPI)	0.965626	0.034374	CS pos: 24-25. CHC-AC. Pr: 0.6923
evm.utg977.29	SP(Sec/SPI)	0.838849	0.161151	CS pos: 22-23. VFA-LD. Pr: 0.5280
evm.utg978.2	SP(Sec/SPI)	0.689794	0.310206	CS pos: 20-21. STC-WK. Pr: 0.3736
evm.utg978.10	SP(Sec/SPI)	0.830260	0.169740	CS pos: 28-29. GSA-DD. Pr: 0.2724
evm.utg989.18	SP(Sec/SPI)	0.952724	0.047276	CS pos: 18-19. VTC-KK. Pr: 0.7681
evm.utg989.21	SP(Sec/SPI)	0.997131	0.002869	CS pos: 20-21. VLA-ED. Pr: 0.9853
evm.utg989.22	SP(Sec/SPI)	0.986112	0.013888	CS pos: 20-21. VIA-TS. Pr: 0.4972
evm.utg989.25	SP(Sec/SPI)	0.967463	0.032537	CS pos: 19-20. SVG-LR. Pr: 0.4991
evm.utg989.28	SP(Sec/SPI)	0.984950	0.015050	CS pos: 21-22. VRS-TD. Pr: 0.8541
evm.utg989.32	SP(Sec/SPI)	0.882793	0.117207	CS pos: 23-24. SDS-GD. Pr: 0.5742
evm.utg989.42.2.5c22f559	SP(Sec/SPI)	0.843349	0.156651	CS pos: 18-19. VKG-AS. Pr: 0.6206
evm.utg989.43	SP(Sec/SPI)	0.951562	0.048438	CS pos: 25-26. GFS-QE. Pr: 0.3424
evm.utg989.44.45	SP(Sec/SPI)	0.955675	0.044325	CS pos: 23-24. TGA-FF. Pr: 0.4507
evm.utg989.46	SP(Sec/SPI)	0.870861	0.129139	CS pos: 17-18. AFG-IR. Pr: 0.4341
evm.utg992.10	SP(Sec/SPI)	0.996648	0.003352	CS pos: 22-23. THA-QS. Pr: 0.8107
evm.utg993.27	SP(Sec/SPI)	0.981112	0.018888	CS pos: 26-27. SNA-VV. Pr: 0.7364
evm.utg1002.7	SP(Sec/SPI)	0.738867	0.261133	CS pos: 33-34. SAC-LQ. Pr: 0.3932
evm.utg1002.26	SP(Sec/SPI)	0.974140	0.025860	CS pos: 18-19. VLT-KG. Pr: 0.5202
evm.utg1002.30	SP(Sec/SPI)	0.511106	0.488894	CS pos: 26-27. TNG-SL. Pr: 0.4786
evm.utg1002.31	SP(Sec/SPI)	0.981089	0.018911	CS pos: 21-22. AIA-HD. Pr: 0.8266
evm.utg1002.32	SP(Sec/SPI)	0.955787	0.044213	CS pos: 21-22. SFG-QK. Pr: 0.4720
evm.utg1002.33	SP(Sec/SPI)	0.902316	0.097684	CS pos: 21-22. SLA-NN. Pr: 0.6876
utg1002.equina_smart_263049.mrna1	SP(Sec/SPI)	0.873835	0.126165	CS pos: 21-22. SLA-NN. Pr: 0.6629
evm.utg1002.37	SP(Sec/SPI)	0.999791	0.000209	CS pos: 16-17. TLA-FE. Pr: 0.8989
evm.utg1002.39	SP(Sec/SPI)	0.883845	0.116155	CS pos: 22-23. AIA-WN. Pr: 0.6786
evm.utg1005.40	SP(Sec/SPI)	0.965358	0.034642	CS pos: 17-18. ALA-TV. Pr: 0.7719
evm.utg1005.70.1.5c22e7ae	SP(Sec/SPI)	0.996089	0.003911	CS pos: 17-18. ANG-FV. Pr: 0.7874
evm.utg1009.4	SP(Sec/SPI)	0.999264	0.000736	CS pos: 19-20. SSA-DT. Pr: 0.9551
evm.utg1009.21	SP(Sec/SPI)	0.998735	0.001265	CS pos: 20-21. AEG-VE. Pr: 0.8330
evm.utg1009.25	SP(Sec/SPI)	0.998999	0.001001	CS pos: 20-21. VVS-LK. Pr: 0.9142
evm.utg1009.27	SP(Sec/SPI)	0.854897	0.145103	CS pos: 23-24. IYG-QF. Pr: 0.6125
evm.utg1022.14	SP(Sec/SPI)	0.996281	0.003719	CS pos: 21-22. VEG-EA. Pr: 0.9091
evm.utg1025.5	SP(Sec/SPI)	0.914143	0.085857	CS pos: 21-22. VFG-TE. Pr: 0.8359
evm.utg1031.3	SP(Sec/SPI)	0.723439	0.276561	CS pos: 21-22. TEG-YH. Pr: 0.6194
evm.utg1031.7	SP(Sec/SPI)	0.571836	0.428164	CS pos: 35-36. VQG-AQ. Pr: 0.3550
evm.utg1031.13	SP(Sec/SPI)	0.933962	0.066038	CS pos: 14-15. SST-LF. Pr: 0.2228
evm.utg1031.14	SP(Sec/SPI)	0.995480	0.004520	CS pos: 20-21. CAG-HL. Pr: 0.5817
evm.utg1031.39	SP(Sec/SPI)	0.981496	0.018504	CS pos: 21-22. VCA-GN. Pr: 0.5038
evm.utg1031.50	SP(Sec/SPI)	0.998090	0.001910	CS pos: 18-19. SQA-TP. Pr: 0.8356
evm.utg1031.51	SP(Sec/SPI)	0.910927	0.089073	CS pos: 17-18. AIG-DL. Pr: 0.3722
evm.utg1031.52	SP(Sec/SPI)	0.999004	0.000996	CS pos: 19-20. TAA-NP. Pr: 0.8208
evm.utg1031.59	SP(Sec/SPI)	0.912306	0.087694	CS pos: 16-17. SSA-IR. Pr: 0.6207
utg1031.evm.utg11432.18.mrna2	SP(Sec/SPI)	0.541553	0.458447	CS pos: 21-22. IGR-LR. Pr: 0.1750
evm.utg1031.71	SP(Sec/SPI)	0.968743	0.031257	CS pos: 28-29. CQG-NQ. Pr: 0.9350
evm.utg1032.17	SP(Sec/SPI)	0.990175	0.009825	CS pos: 22-23. SFA-VS. Pr: 0.4458
evm.utg1038.6	SP(Sec/SPI)	0.910490	0.089510	CS pos: 29-30. ARG-EE. Pr: 0.6494
evm.utg1038.9	SP(Sec/SPI)	0.986477	0.013523	CS pos: 30-31. SYA-EN. Pr: 0.4825
evm.utg1049.6	SP(Sec/SPI)	0.997276	0.002724	CS pos: 21-22. TAA-SP. Pr: 0.5691
evm.utg1049.39	SP(Sec/SPI)	0.998087	0.001913	CS pos: 20-21. VNC-SR. Pr: 0.8613
evm.utg1051.1	SP(Sec/SPI)	0.676397	0.323603	CS pos: 28-29. SQA-QQ. Pr: 0.2678
evm.utg1051.17	SP(Sec/SPI)	0.618621	0.381379	CS pos: 27-28. VNT-LN. Pr: 0.4006
evm.utg1051.22	SP(Sec/SPI)	0.969788	0.030212	CS pos: 25-26. LNA-LD. Pr: 0.8114
evm.utg1051.23	SP(Sec/SPI)	0.991672	0.008328	CS pos: 26-27. VNC-LD. Pr: 0.8442
evm.utg1051.25	SP(Sec/SPI)	0.997256	0.002744	CS pos: 20-21. TSG-FP. Pr: 0.7749
evm.utg1051.26	SP(Sec/SPI)	0.995744	0.004256	CS pos: 17-18. VYS-SD. Pr: 0.9491
evm.utg1051.27	SP(Sec/SPI)	0.993842	0.006158	CS pos: 18-19. TLS-AP. Pr: 0.8389
evm.utg1051.71	SP(Sec/SPI)	0.917891	0.082109	CS pos: 23-24. SRG-QT. Pr: 0.4460
evm.utg1051.74	SP(Sec/SPI)	0.998930	0.001070	CS pos: 20-21. INA-RH. Pr: 0.8285
evm.utg1051.77	SP(Sec/SPI)	0.623694	0.376306	CS pos: 22-23. AMV-KI. Pr: 0.2068
evm.utg1051.78	SP(Sec/SPI)	0.889147	0.110853	CS pos: 20-21. ASG-VL. Pr: 0.3667
evm.utg1051.94	SP(Sec/SPI)	0.991626	0.008374	CS pos: 21-22. VTA-IN. Pr: 0.9087
evm.utg1052.1	SP(Sec/SPI)	0.922961	0.077039	CS pos: 23-24. AWA-NS. Pr: 0.7925
evm.utg1052.34	SP(Sec/SPI)	0.910468	0.089532	CS pos: 19-20. TCS-VS. Pr: 0.2263
evm.utg1052.36	SP(Sec/SPI)	0.910468	0.089532	CS pos: 19-20. TCS-VS. Pr: 0.2263
evm.utg1052.38	SP(Sec/SPI)	0.986458	0.013542	CS pos: 24-25. ATA-LL. Pr: 0.6852
evm.utg1056.7	SP(Sec/SPI)	0.903663	0.096337	CS pos: 23-24. QLG-TP. Pr: 0.3992
evm.utg1056.26	SP(Sec/SPI)	0.720769	0.279231	CS pos: 25-26. ITA-MD. Pr: 0.3921
evm.utg1056.44	SP(Sec/SPI)	0.990297	0.009703	CS pos: 22-23. ANA-GD. Pr: 0.8904
evm.utg1056.55	SP(Sec/SPI)	0.877241	0.122759	CS pos: 22-23. VKS-HV. Pr: 0.4737
evm.utg1056.67	SP(Sec/SPI)	0.999457	0.000543	CS pos: 20-21. VTS-QA. Pr: 0.5204
evm.utg1056.68	SP(Sec/SPI)	0.536999	0.463001	CS pos: 24-25. CEP-VK. Pr: 0.2406
evm.utg1056.72	SP(Sec/SPI)	0.995597	0.004403	CS pos: 24-25. VHA-AP. Pr: 0.9441
evm.utg1056.85	SP(Sec/SPI)	0.999787	0.000213	CS pos: 19-20. CSA-KE. Pr: 0.9253
evm.utg1056.90	SP(Sec/SPI)	0.994151	0.005849	CS pos: 26-27. NQG-KT. Pr: 0.6264
evm.utg1056.109	SP(Sec/SPI)	0.992964	0.007036	CS pos: 21-22. VKG-ED. Pr: 0.8548
evm.utg1056.115	SP(Sec/SPI)	0.990115	0.009885	CS pos: 27-28. VDS-SS. Pr: 0.8656
evm.utg1056.125	SP(Sec/SPI)	0.991536	0.008464	CS pos: 20-21. CAA-FP. Pr: 0.8618
evm.utg1056.129	SP(Sec/SPI)	0.998258	0.001742	CS pos: 23-24. AES-RR. Pr: 0.5309
evm.utg1056.132	SP(Sec/SPI)	0.994422	0.005578	CS pos: 23-24. SRG-AP. Pr: 0.9266
evm.utg1056.133	SP(Sec/SPI)	0.985218	0.014782	CS pos: 24-25. ARC-SL. Pr: 0.6249
evm.utg1056.139.1.5c22e843	SP(Sec/SPI)	0.998260	0.001740	CS pos: 24-25. ANA-YL. Pr: 0.4357
evm.utg1056.140	SP(Sec/SPI)	0.918814	0.081186	CS pos: 20-21. THG-QG. Pr: 0.7566
evm.utg1056.143.2.5c22e861	SP(Sec/SPI)	0.653875	0.346125	CS pos: 34-35. TFP-KL. Pr: 0.2538
evm.utg1056.144	SP(Sec/SPI)	0.748586	0.251414	CS pos: 21-22. AKA-TD. Pr: 0.5575
evm.utg1056.150	SP(Sec/SPI)	0.959250	0.040750	CS pos: 20-21. AEG-RS. Pr: 0.8094
evm.utg1079.49	SP(Sec/SPI)	0.513220	0.486780	CS pos: 17-18. QES-TE. Pr: 0.0952
evm.utg1079.70	SP(Sec/SPI)	0.907835	0.092165	CS pos: 25-26. LNS-VH. Pr: 0.5701
evm.utg1079.74	SP(Sec/SPI)	0.979787	0.020213	CS pos: 26-27. AWS-QG. Pr: 0.7685
evm.utg1087.10	SP(Sec/SPI)	0.987001	0.012999	CS pos: 18-19. SFC-GT. Pr: 0.3681
evm.utg1091.15	SP(Sec/SPI)	0.994941	0.005059	CS pos: 21-22. VLG-GH. Pr: 0.8683
evm.utg1091.36	SP(Sec/SPI)	0.756495	0.243505	CS pos: 27-28. VVA-LV. Pr: 0.4311
evm.utg1091.43	SP(Sec/SPI)	0.722960	0.277040	CS pos: 23-24. LRG-ED. Pr: 0.3992
evm.utg1091.46	SP(Sec/SPI)	0.679650	0.320350	CS pos: 20-21. SIS-SG. Pr: 0.0908
evm.utg1091.56	SP(Sec/SPI)	0.637277	0.362723	CS pos: 24-25. VCS-HK. Pr: 0.3278
evm.utg1091.61	SP(Sec/SPI)	0.986744	0.013256	CS pos: 22-23. SKG-YQ. Pr: 0.8460
evm.utg1101.16	SP(Sec/SPI)	0.904735	0.095265	CS pos: 25-26. LNS-VH. Pr: 0.5683
utg1101.equina_smart_274863.mrna4	SP(Sec/SPI)	0.731299	0.268701	CS pos: 28-29. PES-SK. Pr: 0.3755
evm.utg1102.7	SP(Sec/SPI)	0.876369	0.123631	CS pos: 28-29. VQG-AQ. Pr: 0.5927
evm.utg1109.12	SP(Sec/SPI)	0.779250	0.220750	CS pos: 25-26. VAT-WR. Pr: 0.4707
evm.utg1112.20	SP(Sec/SPI)	0.955619	0.044381	CS pos: 20-21. SLA-SS. Pr: 0.8556
evm.utg1127.5	SP(Sec/SPI)	0.997466	0.002534	CS pos: 19-20. AFG-NK. Pr: 0.9351
evm.utg1127.6	SP(Sec/SPI)	0.985241	0.014759	CS pos: 18-19. CWS-IA. Pr: 0.7647
evm.utg1127.16	SP(Sec/SPI)	0.976999	0.023001	CS pos: 22-23. VFC-KT. Pr: 0.8496
evm.utg1127.21	SP(Sec/SPI)	0.757265	0.242735	CS pos: 26-27. SLA-ST. Pr: 0.4576
evm.utg1127.24	SP(Sec/SPI)	0.830932	0.169068	CS pos: 25-26. VAS-TR. Pr: 0.3521
evm.utg1127.27	SP(Sec/SPI)	0.990900	0.009100	CS pos: 22-23. GQS-RE. Pr: 0.8119
evm.utg1127.28	SP(Sec/SPI)	0.982466	0.017534	CS pos: 24-25. TEG-KT. Pr: 0.6649
evm.utg1127.46	SP(Sec/SPI)	0.953854	0.046146	CS pos: 21-22. AKC-CS. Pr: 0.3753
evm.utg1127.59	SP(Sec/SPI)	0.594620	0.405380	CS pos: 26-27. CTA-YY. Pr: 0.4876
evm.utg1127.67	SP(Sec/SPI)	0.587352	0.412648	CS pos: 28-29. LLA-RG. Pr: 0.2120
evm.utg1137.7	SP(Sec/SPI)	0.648530	0.351470	CS pos: 22-23. LKA-VT. Pr: 0.3573
evm.utg1137.17	SP(Sec/SPI)	0.968197	0.031803	CS pos: 19-20. TLA-HF. Pr: 0.7985
evm.utg1137.38	SP(Sec/SPI)	0.519366	0.480634	CS pos: 16-17. CST-QV. Pr: 0.3781
evm.utg1138.7	SP(Sec/SPI)	0.998745	0.001255	CS pos: 23-24. VSS-KK. Pr: 0.8076
evm.utg1138.8	SP(Sec/SPI)	0.997395	0.002605	CS pos: 23-24. VSS-KK. Pr: 0.8161
evm.utg1138.11	SP(Sec/SPI)	0.999507	0.000493	CS pos: 20-21. VSS-AT. Pr: 0.5543
evm.utg1138.12	SP(Sec/SPI)	0.998157	0.001843	CS pos: 19-20. GSC-PQ. Pr: 0.2412
evm.utg1138.13	SP(Sec/SPI)	0.998935	0.001065	CS pos: 18-19. GKS-CP. Pr: 0.5960
evm.utg1138.24	SP(Sec/SPI)	0.993071	0.006929	CS pos: 21-22. GKS-FP. Pr: 0.6210
evm.utg1140.2	SP(Sec/SPI)	0.980245	0.019755	CS pos: 20-21. TAG-LI. Pr: 0.6297
evm.utg1140.7	SP(Sec/SPI)	0.997757	0.002243	CS pos: 19-20. TAG-KP. Pr: 0.7298
evm.utg1140.9	SP(Sec/SPI)	0.998753	0.001247	CS pos: 19-20. VFA-SD. Pr: 0.8568
evm.utg1140.10	SP(Sec/SPI)	0.997679	0.002321	CS pos: 19-20. CWS-QK. Pr: 0.8500
utg1143.equina_smart_274863.mrna5	SP(Sec/SPI)	0.731299	0.268701	CS pos: 28-29. PES-SK. Pr: 0.3755
evm.utg1177.9	SP(Sec/SPI)	0.767012	0.232988	CS pos: 24-25. SNA-SV. Pr: 0.6378
evm.utg1177.23	SP(Sec/SPI)	0.999517	0.000483	CS pos: 18-19. TSS-QP. Pr: 0.5473
evm.utg1177.24	SP(Sec/SPI)	0.998823	0.001177	CS pos: 17-18. VHS-ET. Pr: 0.8322
evm.utg1194.22	SP(Sec/SPI)	0.995260	0.004740	CS pos: 22-23. SDA-DV. Pr: 0.7924
evm.utg1194.23	SP(Sec/SPI)	0.985149	0.014851	CS pos: 21-22. ADG-KV. Pr: 0.9335
evm.utg1194.24	SP(Sec/SPI)	0.843392	0.156608	CS pos: 23-24. VRP-SR. Pr: 0.4033
evm.utg1201.23	SP(Sec/SPI)	0.916700	0.083300	CS pos: 19-20. RQT-ID. Pr: 0.2351
evm.utg1204.3	SP(Sec/SPI)	0.668044	0.331956	CS pos: 25-26. GCG-EF. Pr: 0.2593
evm.utg1204.9	SP(Sec/SPI)	0.996605	0.003395	CS pos: 19-20. ALA-VP. Pr: 0.7868
evm.utg1204.10	SP(Sec/SPI)	0.997780	0.002220	CS pos: 19-20. ALA-VP. Pr: 0.8612
evm.utg1204.12	SP(Sec/SPI)	0.893079	0.106921	CS pos: 23-24. VFC-KS. Pr: 0.7383
evm.utg1204.13	SP(Sec/SPI)	0.980649	0.019351	CS pos: 23-24. VLA-EN. Pr: 0.9613
evm.utg1204.14	SP(Sec/SPI)	0.982096	0.017904	CS pos: 23-24. VLA-ET. Pr: 0.9485
evm.utg1204.15	SP(Sec/SPI)	0.985707	0.014293	CS pos: 23-24. ALA-DN. Pr: 0.9722
evm.utg1204.17	SP(Sec/SPI)	0.592727	0.407273	CS pos: 26-27. ALV-DE. Pr: 0.1209
evm.utg1204.28	SP(Sec/SPI)	0.998072	0.001928	CS pos: 20-21. SLS-KA. Pr: 0.6386
evm.utg1204.35.1.5c22e934	SP(Sec/SPI)	0.981817	0.018183	CS pos: 24-25. TRA-AG. Pr: 0.7876
evm.utg1205.8	SP(Sec/SPI)	0.878143	0.121857	CS pos: 25-26. AKG-ET. Pr: 0.5662
evm.utg1205.9	SP(Sec/SPI)	0.991749	0.008251	CS pos: 18-19. VSG-ET. Pr: 0.8222
utg1205.equina_smart_25466.mrna1	SP(Sec/SPI)	0.992028	0.007972	CS pos: 19-20. GTT-LK. Pr: 0.5826
utg1205.equina_smart_202761.mrna1	SP(Sec/SPI)	0.994688	0.005312	CS pos: 19-20. GTA-LK. Pr: 0.6500
evm.utg1205.42	SP(Sec/SPI)	0.880169	0.119831	CS pos: 25-26. ALS-KD. Pr: 0.5988
evm.utg1205.44	SP(Sec/SPI)	0.930477	0.069523	CS pos: 17-18. IYG-VS. Pr: 0.4292
evm.utg1205.63	SP(Sec/SPI)	0.998824	0.001176	CS pos: 22-23. SQA-QT. Pr: 0.7603
evm.utg1205.74	SP(Sec/SPI)	0.998984	0.001016	CS pos: 24-25. SNA-CT. Pr: 0.8423
evm.utg1205.75	SP(Sec/SPI)	0.994856	0.005144	CS pos: 23-24. QAA-QD. Pr: 0.3630
evm.utg1205.76	SP(Sec/SPI)	0.916025	0.083975	CS pos: 23-24. VTS-DL. Pr: 0.5457
evm.utg1205.77	SP(Sec/SPI)	0.998218	0.001782	CS pos: 20-21. SLG-KS. Pr: 0.9115
evm.utg1205.79	SP(Sec/SPI)	0.999711	0.000289	CS pos: 22-23. AEA-KS. Pr: 0.6966
evm.utg1205.81	SP(Sec/SPI)	0.999226	0.000774	CS pos: 21-22. ISG-MI. Pr: 0.6803
evm.utg1205.88	SP(Sec/SPI)	0.991882	0.008118	CS pos: 23-24. VEG-RW. Pr: 0.9593
evm.utg1205.104	SP(Sec/SPI)	0.996920	0.003080	CS pos: 23-24. THT-AS. Pr: 0.4259
evm.utg1205.105	SP(Sec/SPI)	0.992086	0.007914	CS pos: 22-23. GES-IK. Pr: 0.5774
evm.utg1205.107	SP(Sec/SPI)	0.992681	0.007319	CS pos: 22-23. GYS-LK. Pr: 0.9821
evm.utg1205.108	SP(Sec/SPI)	0.981608	0.018392	CS pos: 17-18. TKG-ET. Pr: 0.5762
evm.utg1205.109	SP(Sec/SPI)	0.940334	0.059666	CS pos: 22-23. VIS-IK. Pr: 0.7631
evm.utg1205.115	SP(Sec/SPI)	0.995329	0.004671	CS pos: 23-24. VSA-TN. Pr: 0.9188
evm.utg1205.128	SP(Sec/SPI)	0.967961	0.032039	CS pos: 23-24. TQA-RP. Pr: 0.8258
evm.utg1205.129	SP(Sec/SPI)	0.973697	0.026303	CS pos: 22-23. VTA-EQ. Pr: 0.8647
evm.utg1205.130	SP(Sec/SPI)	0.987920	0.012080	CS pos: 22-23. ASA-SP. Pr: 0.7921
evm.utg1205.133	SP(Sec/SPI)	0.959102	0.040898	CS pos: 20-21. SSA-VP. Pr: 0.7595
evm.utg1205.134	SP(Sec/SPI)	0.688478	0.311522	CS pos: 23-24. IRC-SL. Pr: 0.5675
evm.utg1205.136	SP(Sec/SPI)	0.901797	0.098203	CS pos: 22-23. VDL-KS. Pr: 0.5572
evm.utg1205.143.145.4.5c278f4c	SP(Sec/SPI)	0.977608	0.022392	CS pos: 21-22. VSA-HP. Pr: 0.9323
evm.utg1205.151	SP(Sec/SPI)	0.991753	0.008247	CS pos: 22-23. TEG-KP. Pr: 0.8478
evm.utg1221.11	SP(Sec/SPI)	0.923714	0.076286	CS pos: 18-19. GSA-VL. Pr: 0.6645
evm.utg1226.1	SP(Sec/SPI)	0.738300	0.261700	CS pos: 24-25. YYC-SF. Pr: 0.3368
evm.utg1226.6	SP(Sec/SPI)	0.864006	0.135994	CS pos: 23-24. VSS-SS. Pr: 0.4536
evm.utg1226.12	SP(Sec/SPI)	0.990781	0.009219	CS pos: 25-26. VDG-SY. Pr: 0.9311
evm.utg1230.3	SP(Sec/SPI)	0.995381	0.004619	CS pos: 21-22. GKS-FP. Pr: 0.5629
evm.utg1230.11	SP(Sec/SPI)	0.999717	0.000283	CS pos: 20-21. VSS-AR. Pr: 0.5459
evm.utg1230.16	SP(Sec/SPI)	0.999170	0.000830	CS pos: 17-18. ANA-KK. Pr: 0.9471
evm.utg1230.18	SP(Sec/SPI)	0.981124	0.018876	CS pos: 17-18. VKA-KP. Pr: 0.7927
evm.utg1230.21	SP(Sec/SPI)	0.502721	0.497279	CS pos: 21-22. AAA-NA. Pr: 0.1834
evm.utg1231.13	SP(Sec/SPI)	0.991561	0.008439	CS pos: 23-24. VTN-KV. Pr: 0.3859
evm.utg1234.7	SP(Sec/SPI)	0.870942	0.129058	CS pos: 23-24. VIP-VY. Pr: 0.4708
evm.utg1234.16	SP(Sec/SPI)	0.896617	0.103383	CS pos: 22-23. VFS-SR. Pr: 0.6884
evm.utg1234.28	SP(Sec/SPI)	0.962051	0.037949	CS pos: 25-26. ASG-IP. Pr: 0.8432
evm.utg1236.1	SP(Sec/SPI)	0.578665	0.421335	CS pos: 16-17. VQS-EP. Pr: 0.5522
evm.utg1236.2	SP(Sec/SPI)	0.954449	0.045551	CS pos: 20-21. SHA-SL. Pr: 0.7748
evm.utg1236.3	SP(Sec/SPI)	0.975918	0.024082	CS pos: 16-17. TSA-GC. Pr: 0.6191
evm.utg1236.33	SP(Sec/SPI)	0.917792	0.082208	CS pos: 23-24. TNS-QC. Pr: 0.5574
evm.utg1236.37	SP(Sec/SPI)	0.939239	0.060761	CS pos: 22-23. AEG-YE. Pr: 0.9144
evm.utg1239.4	SP(Sec/SPI)	0.734902	0.265098	CS pos: 25-26. AEE-SR. Pr: 0.2812
evm.utg1239.11	SP(Sec/SPI)	0.988725	0.011275	CS pos: 20-21. CEG-TT. Pr: 0.7327
evm.utg1239.19	SP(Sec/SPI)	0.999693	0.000307	CS pos: 20-21. AES-LK. Pr: 0.9695
evm.utg1239.20	SP(Sec/SPI)	0.998772	0.001228	CS pos: 20-21. VTS-LR. Pr: 0.9618
evm.utg1243.5	SP(Sec/SPI)	0.921808	0.078192	CS pos: 24-25. IEA-GL. Pr: 0.6720
evm.utg1243.7	SP(Sec/SPI)	0.876089	0.123911	CS pos: 27-28. SYS-TG. Pr: 0.4635
evm.utg1243.12	SP(Sec/SPI)	0.806590	0.193410	CS pos: 18-19. NDG-ED. Pr: 0.3938
evm.utg1253.24	SP(Sec/SPI)	0.997921	0.002079	CS pos: 16-17. AAA-ED. Pr: 0.5659
evm.utg1253.30	SP(Sec/SPI)	0.991866	0.008134	CS pos: 22-23. IEA-AL. Pr: 0.9274
evm.utg1253.46	SP(Sec/SPI)	0.936504	0.063496	CS pos: 26-27. VSL-NP. Pr: 0.3313
evm.utg1270.2	SP(Sec/SPI)	0.974893	0.025107	CS pos: 18-19. SLS-AY. Pr: 0.5336
evm.utg1270.4	SP(Sec/SPI)	0.931345	0.068655	CS pos: 19-20. SLS-AD. Pr: 0.5595
evm.utg1270.7	SP(Sec/SPI)	0.977588	0.022412	CS pos: 17-18. TEG-SV. Pr: 0.9620
evm.utg1270.11	SP(Sec/SPI)	0.989949	0.010051	CS pos: 21-22. ATA-TN. Pr: 0.9206
evm.utg1270.14	SP(Sec/SPI)	0.928790	0.071210	CS pos: 23-24. CRA-LT. Pr: 0.8223
evm.utg1270.21	SP(Sec/SPI)	0.722668	0.277332	CS pos: 28-29. TQA-VK. Pr: 0.5508
evm.utg1270.22	SP(Sec/SPI)	0.972491	0.027509	CS pos: 27-28. CYS-SG. Pr: 0.6060
evm.utg1270.23.2.5c22e9b3	SP(Sec/SPI)	0.980071	0.019929	CS pos: 22-23. VSG-KG. Pr: 0.8181
evm.utg1270.25	SP(Sec/SPI)	0.957345	0.042655	CS pos: 25-26. TSA-ES. Pr: 0.5599
evm.utg1270.30	SP(Sec/SPI)	0.943854	0.056146	CS pos: 27-28. VQN-NS. Pr: 0.3192
evm.utg1272.8	SP(Sec/SPI)	0.998978	0.001022	CS pos: 20-21. LLS-GC. Pr: 0.3277
evm.utg1272.18	SP(Sec/SPI)	0.662855	0.337145	CS pos: 25-26. SRG-AT. Pr: 0.4752
utg1272.equina_smart_1484717.mrna1	SP(Sec/SPI)	0.789850	0.210150	CS pos: 22-23. NIA-KN. Pr: 0.2894
evm.utg1272.27	SP(Sec/SPI)	0.998776	0.001224	CS pos: 21-22. ARS-NE. Pr: 0.7188
evm.utg1272.32	SP(Sec/SPI)	0.997268	0.002732	CS pos: 24-25. VKA-DV. Pr: 0.9265
evm.utg1272.36	SP(Sec/SPI)	0.516175	0.483825	CS pos: 28-29. VQA-NE. Pr: 0.4845
evm.utg1272.43	SP(Sec/SPI)	0.997033	0.002967	CS pos: 25-26. ALG-IR. Pr: 0.8622
evm.utg1272.44	SP(Sec/SPI)	0.987651	0.012349	CS pos: 23-24. SDG-TT. Pr: 0.9106
evm.utg1272.56	SP(Sec/SPI)	0.994414	0.005586	CS pos: 23-24. CDA-QV. Pr: 0.9377
evm.utg1272.65	SP(Sec/SPI)	0.910838	0.089162	CS pos: 30-31. SCG-SS. Pr: 0.2323
evm.utg1272.66	SP(Sec/SPI)	0.792978	0.207022	CS pos: 23-24. SSS-IE. Pr: 0.4760
evm.utg1272.68	SP(Sec/SPI)	0.996888	0.003112	CS pos: 25-26. GFS-LE. Pr: 0.7676
evm.utg1272.117	SP(Sec/SPI)	0.918534	0.081466	CS pos: 19-20. VKS-FP. Pr: 0.5576
evm.utg1272.137	SP(Sec/SPI)	0.931769	0.068231	CS pos: 22-23. TTG-KS. Pr: 0.7871
evm.utg1272.147	SP(Sec/SPI)	0.730978	0.269022	CS pos: 25-26. IHQ-SI. Pr: 0.2254
evm.utg1272.150	SP(Sec/SPI)	0.997099	0.002901	CS pos: 16-17. VHG-ED. Pr: 0.9814
evm.utg1272.165	SP(Sec/SPI)	0.872835	0.127165	CS pos: 23-24. STG-RP. Pr: 0.3972
evm.utg1272.168	SP(Sec/SPI)	0.856269	0.143731	CS pos: 22-23. TVG-NS. Pr: 0.3148
evm.utg1277.3	SP(Sec/SPI)	0.779649	0.220351	CS pos: 33-34. IRA-GP. Pr: 0.7634
evm.utg1277.22	SP(Sec/SPI)	0.961146	0.038854	CS pos: 25-26. AFA-SS. Pr: 0.7867
evm.utg1277.23	SP(Sec/SPI)	0.657433	0.342567	CS pos: 28-29. SQS-SN. Pr: 0.2310
evm.utg1277.24.3.5c22e9c1	SP(Sec/SPI)	0.991979	0.008021	CS pos: 21-22. GDA-VI. Pr: 0.9516
evm.utg1277.27	SP(Sec/SPI)	0.977373	0.022627	CS pos: 18-19. SEQ-QD. Pr: 0.7697
evm.utg1277.29	SP(Sec/SPI)	0.948646	0.051354	CS pos: 32-33. VKG-QE. Pr: 0.7498
evm.utg1277.34	SP(Sec/SPI)	0.687754	0.312246	CS pos: 28-29. TSS-LT. Pr: 0.4405
evm.utg1277.41	SP(Sec/SPI)	0.996828	0.003172	CS pos: 22-23. SEG-QT. Pr: 0.9090
evm.utg1277.44	SP(Sec/SPI)	0.999532	0.000468	CS pos: 18-19. SHA-FP. Pr: 0.9748
evm.utg1278.7	SP(Sec/SPI)	0.625497	0.374503	CS pos: 20-21. VIS-EV. Pr: 0.3687
evm.utg1278.8	SP(Sec/SPI)	0.965409	0.034591	CS pos: 27-28. SKA-EM. Pr: 0.7988
evm.utg1278.13	SP(Sec/SPI)	0.975893	0.024107	CS pos: 24-25. ANT-ES. Pr: 0.5817
evm.utg1278.14	SP(Sec/SPI)	0.951396	0.048604	CS pos: 22-23. SLS-SN. Pr: 0.3409
evm.utg1278.17	SP(Sec/SPI)	0.995825	0.004175	CS pos: 22-23. GEA-KK. Pr: 0.9493
utg1278.equina_smart_112080.mrna1	SP(Sec/SPI)	0.966091	0.033909	CS pos: 20-21. CFT-AK. Pr: 0.7416
evm.utg1278.53	SP(Sec/SPI)	0.537672	0.462328	CS pos: 24-25. ITA-AS. Pr: 0.1822
evm.utg1278.58	SP(Sec/SPI)	0.966744	0.033256	CS pos: 27-28. VHA-QF. Pr: 0.9566
evm.utg1278.59	SP(Sec/SPI)	0.940442	0.059558	CS pos: 18-19. SNA-SP. Pr: 0.8510
evm.utg1278.64	SP(Sec/SPI)	0.948572	0.051428	CS pos: 22-23. VLC-SK. Pr: 0.4385
evm.utg1278.65	SP(Sec/SPI)	0.979836	0.020164	CS pos: 21-22. IYC-QD. Pr: 0.8691
evm.utg1278.77	SP(Sec/SPI)	0.982592	0.017408	CS pos: 22-23. SLS-CD. Pr: 0.4424
evm.utg1278.81	SP(Sec/SPI)	0.912765	0.087235	CS pos: 17-18. NFA-FE. Pr: 0.7719
evm.utg1281.25	SP(Sec/SPI)	0.970360	0.029640	CS pos: 20-21. SDC-QD. Pr: 0.4242
evm.utg1281.26	SP(Sec/SPI)	0.960515	0.039485	CS pos: 18-19. SRA-IQ. Pr: 0.5050
evm.utg1281.33	SP(Sec/SPI)	0.986255	0.013745	CS pos: 25-26. SRS-AP. Pr: 0.9069
evm.utg1285.1	SP(Sec/SPI)	0.917245	0.082755	CS pos: 18-19. VVG-KS. Pr: 0.5049
evm.utg1285.12	SP(Sec/SPI)	0.905456	0.094544	CS pos: 20-21. SSA-GS. Pr: 0.4212
evm.utg1285.25	SP(Sec/SPI)	0.948800	0.051200	CS pos: 26-27. VEG-KG. Pr: 0.8565
evm.utg1285.27	SP(Sec/SPI)	0.999646	0.000354	CS pos: 19-20. SSA-AI. Pr: 0.3561
evm.utg1285.28	SP(Sec/SPI)	0.974056	0.025944	CS pos: 15-16. AAG-EE. Pr: 0.8270
evm.utg1285.29	SP(Sec/SPI)	0.996631	0.003369	CS pos: 19-20. TSA-HQ. Pr: 0.9129
evm.utg1285.30	SP(Sec/SPI)	0.997426	0.002574	CS pos: 20-21. VKG-MP. Pr: 0.9408
evm.utg1285.38	SP(Sec/SPI)	0.985690	0.014310	CS pos: 24-25. ATG-SV. Pr: 0.4401
evm.utg1285.41	SP(Sec/SPI)	0.994179	0.005821	CS pos: 17-18. ATG-EE. Pr: 0.8348
evm.utg1285.44	SP(Sec/SPI)	0.922191	0.077809	CS pos: 26-27. SQA-LQ. Pr: 0.7510
evm.utg1285.62	SP(Sec/SPI)	0.988176	0.011824	CS pos: 31-32. IHA-AP. Pr: 0.9508
evm.utg1285.78	SP(Sec/SPI)	0.627431	0.372569	CS pos: 25-26. ISC-KT. Pr: 0.2582
evm.utg1285.84	SP(Sec/SPI)	0.996293	0.003707	CS pos: 23-24. ALG-NH. Pr: 0.8617
evm.utg1285.94	SP(Sec/SPI)	0.973871	0.026129	CS pos: 21-22. ALG-EC. Pr: 0.6423
evm.utg1290.2	SP(Sec/SPI)	0.992950	0.007050	CS pos: 19-20. AFP-DR. Pr: 0.4841
evm.utg1290.10	SP(Sec/SPI)	0.834813	0.165187	CS pos: 21-22. ILS-QD. Pr: 0.7131
evm.utg1290.29	SP(Sec/SPI)	0.999408	0.000592	CS pos: 19-20. VFC-DE. Pr: 0.9319
evm.utg1290.31	SP(Sec/SPI)	0.988651	0.011349	CS pos: 17-18. VQG-TP. Pr: 0.8775
evm.utg1290.36	SP(Sec/SPI)	0.912703	0.087297	CS pos: 27-28. TTA-NG. Pr: 0.3545
evm.utg1290.46	SP(Sec/SPI)	0.989105	0.010895	CS pos: 20-21. VNA-SY. Pr: 0.8823
evm.utg1302.10	SP(Sec/SPI)	0.557962	0.442038	CS pos: 19-20. VCA-YD. Pr: 0.4394
evm.utg1302.15	SP(Sec/SPI)	0.988507	0.011493	CS pos: 19-20. VES-HP. Pr: 0.8218
evm.utg1302.18	SP(Sec/SPI)	0.902920	0.097080	CS pos: 18-19. CSC-YI. Pr: 0.7620
evm.utg1302.20	SP(Sec/SPI)	0.977724	0.022276	CS pos: 19-20. STG-KK. Pr: 0.5899
evm.utg1302.23	SP(Sec/SPI)	0.819660	0.180340	CS pos: 28-29. ARG-LP. Pr: 0.6760
evm.utg1319.6	SP(Sec/SPI)	0.999117	0.000883	CS pos: 24-25. ASS-EM. Pr: 0.8705
evm.utg1330.5	SP(Sec/SPI)	0.998477	0.001523	CS pos: 21-22. GRA-AT. Pr: 0.8787
evm.utg1330.8	SP(Sec/SPI)	0.690864	0.309136	CS pos: 34-35. VSA-NA. Pr: 0.5054
evm.utg1330.23	SP(Sec/SPI)	0.948407	0.051593	CS pos: 21-22. SIA-RR. Pr: 0.7492
evm.utg1337.1	SP(Sec/SPI)	0.987922	0.012078	CS pos: 22-23. SWS-LW. Pr: 0.4243
evm.utg1345.38	SP(Sec/SPI)	0.986806	0.013194	CS pos: 18-19. CVA-TT. Pr: 0.7117
evm.utg1345.41	SP(Sec/SPI)	0.953438	0.046562	CS pos: 21-22. ALS-SK. Pr: 0.3878
evm.utg1345.45	SP(Sec/SPI)	0.937768	0.062232	CS pos: 21-22. ALS-SK. Pr: 0.3747
evm.utg1345.47	SP(Sec/SPI)	0.645763	0.354237	CS pos: 18-19. LLA-EC. Pr: 0.2269
evm.utg1345.50	SP(Sec/SPI)	0.992997	0.007003	CS pos: 19-20. SNS-LD. Pr: 0.6505
evm.utg1345.54	SP(Sec/SPI)	0.999300	0.000700	CS pos: 18-19. VFA-EE. Pr: 0.9782
evm.utg1345.58	SP(Sec/SPI)	0.988198	0.011802	CS pos: 23-24. SEA-RD. Pr: 0.4226
utg1345.equina_smart_814569.mrna1	SP(Sec/SPI)	0.999690	0.000310	CS pos: 24-25. AEG-GK. Pr: 0.9143
utg1345.equina_smart_819178.mrna1	SP(Sec/SPI)	0.999826	0.000174	CS pos: 24-25. AEG-GK. Pr: 0.9800
evm.utg1345.61	SP(Sec/SPI)	0.599431	0.400569	CS pos: 53-54. AEG-IR. Pr: 0.5755
utg1345.equina_smart_531085.mrna1	SP(Sec/SPI)	0.999555	0.000445	CS pos: 22-23. AEG-WR. Pr: 0.9464
evm.utg1345.80	SP(Sec/SPI)	0.713867	0.286133	CS pos: 27-28. TYT-RR. Pr: 0.5017
evm.utg1345.83	SP(Sec/SPI)	0.674214	0.325786	CS pos: 19-20. ILA-WL. Pr: 0.2057
evm.utg1355.3	SP(Sec/SPI)	0.989575	0.010425	CS pos: 30-31. VTA-GS. Pr: 0.6213
evm.utg1355.10	SP(Sec/SPI)	0.997654	0.002346	CS pos: 18-19. TEA-TC. Pr: 0.9551
evm.utg1355.12	SP(Sec/SPI)	0.889485	0.110515	CS pos: 18-19. GES-GR. Pr: 0.3991
evm.utg1355.24	SP(Sec/SPI)	0.525353	0.474647	CS pos: 15-16. VFS-AI. Pr: 0.1761
evm.utg1358.18	SP(Sec/SPI)	0.999723	0.000277	CS pos: 19-20. GEG-VF. Pr: 0.9692
evm.utg1358.20	SP(Sec/SPI)	0.999529	0.000471	CS pos: 24-25. VKG-KC. Pr: 0.9290
evm.utg1358.24	SP(Sec/SPI)	0.995682	0.004318	CS pos: 18-19. IWA-KR. Pr: 0.9562
evm.utg1358.27	SP(Sec/SPI)	0.585486	0.414514	CS pos: 23-24. CLA-GV. Pr: 0.3531
evm.utg1358.28	SP(Sec/SPI)	0.994837	0.005163	CS pos: 19-20. LQA-EY. Pr: 0.8673
evm.utg1358.29	SP(Sec/SPI)	0.995583	0.004417	CS pos: 20-21. SQA-HD. Pr: 0.7979
evm.utg1358.34	SP(Sec/SPI)	0.987000	0.013000	CS pos: 17-18. VLG-ED. Pr: 0.9023
evm.utg1363.10	SP(Sec/SPI)	0.966804	0.033196	CS pos: 23-24. SYS-VT. Pr: 0.8135
evm.utg1363.17	SP(Sec/SPI)	0.991352	0.008648	CS pos: 19-20. IDA-YF. Pr: 0.9313
evm.utg1363.18	SP(Sec/SPI)	0.540350	0.459650	CS pos: 18-19. VRA-FN. Pr: 0.4615
evm.utg1363.37	SP(Sec/SPI)	0.994343	0.005657	CS pos: 26-27. TNS-EI. Pr: 0.9306
evm.utg1363.42	SP(Sec/SPI)	0.971449	0.028551	CS pos: 24-25. CYS-AR. Pr: 0.8021
evm.utg1363.51	SP(Sec/SPI)	0.767618	0.232382	CS pos: 22-23. SSA-GR. Pr: 0.2823
evm.utg1363.52	SP(Sec/SPI)	0.854851	0.145149	CS pos: 30-31. VEC-KV. Pr: 0.6283
evm.utg1363.57	SP(Sec/SPI)	0.723189	0.276811	CS pos: 20-21. IYA-EL. Pr: 0.3588
evm.utg1372.3	SP(Sec/SPI)	0.998891	0.001109	CS pos: 22-23. ING-LK. Pr: 0.8044
evm.utg1372.7	SP(Sec/SPI)	0.996716	0.003284	CS pos: 22-23. IQA-FS. Pr: 0.8603
evm.utg1372.13	SP(Sec/SPI)	0.989243	0.010757	CS pos: 20-21. VVG-SV. Pr: 0.6573
evm.utg1372.17	SP(Sec/SPI)	0.934962	0.065038	CS pos: 17-18. VLG-SS. Pr: 0.4278
evm.utg1372.20	SP(Sec/SPI)	0.994135	0.005865	CS pos: 16-17. SFA-GN. Pr: 0.9308
evm.utg1372.27	SP(Sec/SPI)	0.999757	0.000243	CS pos: 20-21. ALS-LK. Pr: 0.9870
evm.utg1378.8	SP(Sec/SPI)	0.999139	0.000861	CS pos: 20-21. TTA-SS. Pr: 0.6760
evm.utg1395.9	SP(Sec/SPI)	0.914903	0.085097	CS pos: 21-22. TEG-KK. Pr: 0.8981
evm.utg1395.50	SP(Sec/SPI)	0.975428	0.024572	CS pos: 28-29. AEA-VR. Pr: 0.9319
evm.utg1396.13	SP(Sec/SPI)	0.996687	0.003313	CS pos: 19-20. TES-TR. Pr: 0.7974
evm.utg1396.17	SP(Sec/SPI)	0.982916	0.017084	CS pos: 22-23. CIC-EV. Pr: 0.8044
evm.utg1396.19	SP(Sec/SPI)	0.896494	0.103506	CS pos: 19-20. INA-EV. Pr: 0.7878
utg1396.equina_smart_259191.mrna1	SP(Sec/SPI)	0.957170	0.042830	CS pos: 22-23. VSG-SA. Pr: 0.6092
evm.utg1396.28	SP(Sec/SPI)	0.994226	0.005774	CS pos: 17-18. GSA-KQ. Pr: 0.7613
evm.utg1398.31	SP(Sec/SPI)	0.960137	0.039863	CS pos: 24-25. TYS-RI. Pr: 0.8776
evm.utg1398.33	SP(Sec/SPI)	0.922563	0.077437	CS pos: 24-25. SEC-FP. Pr: 0.6445
evm.utg1398.34	SP(Sec/SPI)	0.993543	0.006457	CS pos: 23-24. SQA-LP. Pr: 0.9501
evm.utg1398.35	SP(Sec/SPI)	0.915084	0.084916	CS pos: 22-23. LLA-QD. Pr: 0.7171
evm.utg1403.2	SP(Sec/SPI)	0.926189	0.073811	CS pos: 26-27. SSQ-QT. Pr: 0.2736
evm.utg1403.3	SP(Sec/SPI)	0.776164	0.223836	CS pos: 32-33. GSC-VP. Pr: 0.5214
evm.utg1403.23	SP(Sec/SPI)	0.969734	0.030266	CS pos: 23-24. TSA-NT. Pr: 0.6025
evm.utg1403.33	SP(Sec/SPI)	0.974933	0.025067	CS pos: 20-21. ITS-TN. Pr: 0.5395
evm.utg1403.36	SP(Sec/SPI)	0.967476	0.032524	CS pos: 23-24. ASA-SD. Pr: 0.5611
evm.utg1403.38	SP(Sec/SPI)	0.988090	0.011910	CS pos: 19-20. IRG-SV. Pr: 0.8972
utg1403.evm.utg2994.71.mrna2	SP(Sec/SPI)	0.949881	0.050119	CS pos: 20-21. ITS-TN. Pr: 0.4703
evm.utg1404.11.12	SP(Sec/SPI)	0.620997	0.379003	CS pos: 27-28. SSC-EE. Pr: 0.4593
evm.utg1404.20	SP(Sec/SPI)	0.928271	0.071729	CS pos: 27-28. TSA-RD. Pr: 0.6099
evm.utg1404.27	SP(Sec/SPI)	0.981718	0.018282	CS pos: 18-19. GNC-AK. Pr: 0.7058
evm.utg1404.33	SP(Sec/SPI)	0.821971	0.178029	CS pos: 18-19. VGA-IH. Pr: 0.6760
evm.utg1408.5	SP(Sec/SPI)	0.983240	0.016760	CS pos: 18-19. VDS-IY. Pr: 0.8751
evm.utg1408.7	SP(Sec/SPI)	0.719347	0.280653	CS pos: 29-30. STA-ST. Pr: 0.4152
evm.utg1420.5	SP(Sec/SPI)	0.998527	0.001473	CS pos: 19-20. VSA-HS. Pr: 0.8820
evm.utg1432.19	SP(Sec/SPI)	0.998687	0.001313	CS pos: 21-22. VQG-LD. Pr: 0.9542
evm.utg1432.25	SP(Sec/SPI)	0.990952	0.009048	CS pos: 21-22. ALA-AP. Pr: 0.9653
evm.utg1432.27	SP(Sec/SPI)	0.892093	0.107907	CS pos: 20-21. TVA-VK. Pr: 0.6195
evm.utg1432.28	SP(Sec/SPI)	0.991336	0.008664	CS pos: 25-26. SDS-AP. Pr: 0.4664
evm.utg1432.30	SP(Sec/SPI)	0.933377	0.066623	CS pos: 17-18. MSA-DQ. Pr: 0.5141
evm.utg1432.31	SP(Sec/SPI)	0.992003	0.007997	CS pos: 25-26. TEA-HP. Pr: 0.4631
evm.utg1432.34	SP(Sec/SPI)	0.962221	0.037779	CS pos: 19-20. VST-SH. Pr: 0.4782
evm.utg1432.36	SP(Sec/SPI)	0.977521	0.022479	CS pos: 22-23. VGS-RD. Pr: 0.7349
evm.utg1432.38	SP(Sec/SPI)	0.996411	0.003589	CS pos: 18-19. ASS-KP. Pr: 0.5943
evm.utg1452.15	SP(Sec/SPI)	0.986936	0.013064	CS pos: 22-23. GRS-LL. Pr: 0.3766
evm.utg1455.3	SP(Sec/SPI)	0.996466	0.003534	CS pos: 21-22. IHA-CD. Pr: 0.9721
evm.utg1455.25	SP(Sec/SPI)	0.983641	0.016359	CS pos: 21-22. VLG-ET. Pr: 0.7570
evm.utg1455.31	SP(Sec/SPI)	0.999352	0.000648	CS pos: 23-24. VSG-QE. Pr: 0.8706
evm.utg1455.32	SP(Sec/SPI)	0.844850	0.155150	CS pos: 22-23. VVG-IY. Pr: 0.6733
evm.utg1455.34	SP(Sec/SPI)	0.999531	0.000469	CS pos: 23-24. SRA-QD. Pr: 0.7061
evm.utg1455.35	SP(Sec/SPI)	0.932852	0.067148	CS pos: 16-17. AIA-SF. Pr: 0.5319
evm.utg1459.13	SP(Sec/SPI)	0.991470	0.008530	CS pos: 20-21. TWG-QL. Pr: 0.9607
evm.utg1461.1	SP(Sec/SPI)	0.528149	0.471851	CS pos: 22-23. AYG-VV. Pr: 0.4290
evm.utg1463.6	SP(Sec/SPI)	0.812299	0.187701	CS pos: 22-23. ANG-IS. Pr: 0.4610
evm.utg1464.3	SP(Sec/SPI)	0.988702	0.011298	CS pos: 17-18. CLA-WN. Pr: 0.7628
evm.utg1464.8	SP(Sec/SPI)	0.979469	0.020531	CS pos: 21-22. IHG-RV. Pr: 0.7144
evm.utg1465.28	SP(Sec/SPI)	0.838643	0.161357	CS pos: 28-29. VHV-DD. Pr: 0.5016
evm.utg1468.9	SP(Sec/SPI)	0.997957	0.002043	CS pos: 19-20. SQG-NP. Pr: 0.7990
evm.utg1468.10	SP(Sec/SPI)	0.979743	0.020257	CS pos: 19-20. CDS-IP. Pr: 0.9216
utg1475.evm.utg6446.10.mrna2	SP(Sec/SPI)	0.846206	0.153794	CS pos: 19-20. GKC-ID. Pr: 0.6033
evm.utg1475.3	SP(Sec/SPI)	0.991793	0.008207	CS pos: 22-23. ASG-KP. Pr: 0.7445
evm.utg1475.4	SP(Sec/SPI)	0.996779	0.003221	CS pos: 19-20. TSA-GD. Pr: 0.6056
evm.utg1497.6	SP(Sec/SPI)	0.996688	0.003312	CS pos: 15-16. VAA-SN. Pr: 0.5169
evm.utg1507.22	SP(Sec/SPI)	0.990297	0.009703	CS pos: 22-23. ANA-GD. Pr: 0.8904
evm.utg1525.7	SP(Sec/SPI)	0.668169	0.331831	CS pos: 20-21. LEC-SD. Pr: 0.2481
evm.utg1525.10	SP(Sec/SPI)	0.999311	0.000689	CS pos: 17-18. VHA-SY. Pr: 0.9711
evm.utg1525.11	SP(Sec/SPI)	0.947487	0.052513	CS pos: 20-21. CTA-GV. Pr: 0.3729
evm.utg1525.16	SP(Sec/SPI)	0.993990	0.006010	CS pos: 28-29. AEC-DL. Pr: 0.8771
evm.utg1525.24	SP(Sec/SPI)	0.994460	0.005540	CS pos: 21-22. THC-QY. Pr: 0.9086
evm.utg1525.28	SP(Sec/SPI)	0.680944	0.319056	CS pos: 17-18. VKG-EF. Pr: 0.6080
evm.utg1525.36	SP(Sec/SPI)	0.932057	0.067943	CS pos: 32-33. TRA-GE. Pr: 0.8849
evm.utg1530.1	SP(Sec/SPI)	0.995871	0.004129	CS pos: 19-20. ANG-LC. Pr: 0.7900
evm.utg1530.3	SP(Sec/SPI)	0.593025	0.406975	CS pos: 25-26. VLS-SS. Pr: 0.1618
evm.utg1530.5	SP(Sec/SPI)	0.557318	0.442682	CS pos: 21-22. IES-AK. Pr: 0.4956
evm.utg1530.26	SP(Sec/SPI)	0.988037	0.011963	CS pos: 19-20. TNA-EC. Pr: 0.4982
evm.utg1530.42	SP(Sec/SPI)	0.995379	0.004621	CS pos: 22-23. SKG-SR. Pr: 0.8302
evm.utg1542.14	SP(Sec/SPI)	0.890054	0.109946	CS pos: 24-25. ANS-EQ. Pr: 0.6291
evm.utg1542.17	SP(Sec/SPI)	0.921865	0.078135	CS pos: 25-26. THG-SK. Pr: 0.7743
evm.utg1542.19	SP(Sec/SPI)	0.999104	0.000896	CS pos: 20-21. AAA-RH. Pr: 0.8159
evm.utg1542.26	SP(Sec/SPI)	0.989724	0.010276	CS pos: 20-21. TEA-SS. Pr: 0.6292
evm.utg1542.28	SP(Sec/SPI)	0.877761	0.122239	CS pos: 24-25. IEC-KV. Pr: 0.7229
evm.utg1542.38	SP(Sec/SPI)	0.760101	0.239899	CS pos: 23-24. LDG-LD. Pr: 0.4743
evm.utg1542.41	SP(Sec/SPI)	0.989112	0.010888	CS pos: 20-21. VQG-EK. Pr: 0.8902
evm.utg1555.40	SP(Sec/SPI)	0.988687	0.011313	CS pos: 20-21. TYS-LG. Pr: 0.6338
evm.utg1565.53	SP(Sec/SPI)	0.996209	0.003791	CS pos: 21-22. SGG-EV. Pr: 0.7578
utg1565.equina_smart_968825.mrna1	SP(Sec/SPI)	0.998949	0.001051	CS pos: 27-28. SEA-EV. Pr: 0.8979
evm.utg1565.82	SP(Sec/SPI)	0.999294	0.000706	CS pos: 19-20. ANA-VR. Pr: 0.9671
evm.utg1565.83	SP(Sec/SPI)	0.991302	0.008698	CS pos: 23-24. VKS-AG. Pr: 0.8858
evm.utg1565.89	SP(Sec/SPI)	0.963586	0.036414	CS pos: 19-20. CFG-AN. Pr: 0.6476
evm.utg1565.105	SP(Sec/SPI)	0.999330	0.000670	CS pos: 20-21. VFC-SV. Pr: 0.6454
evm.utg1565.108	SP(Sec/SPI)	0.773706	0.226294	CS pos: 30-31. VEG-HA. Pr: 0.6878
evm.utg1569.5	SP(Sec/SPI)	0.775166	0.224834	CS pos: 28-29. SDA-DC. Pr: 0.6617
evm.utg1571.22	SP(Sec/SPI)	0.825558	0.174442	CS pos: 26-27. STG-RK. Pr: 0.6644
evm.utg1571.5	SP(Sec/SPI)	0.808868	0.191132	CS pos: 22-23. RNA-LQ. Pr: 0.3621
evm.utg1571.15	SP(Sec/SPI)	0.988403	0.011597	CS pos: 19-20. TFA-AK. Pr: 0.9205
evm.utg1571.20	SP(Sec/SPI)	0.590039	0.409961	CS pos: 25-26. GCG-EF. Pr: 0.2294
evm.utg1575.1	SP(Sec/SPI)	0.989608	0.010392	CS pos: 19-20. AHS-LE. Pr: 0.5741
evm.utg1575.13	SP(Sec/SPI)	0.966493	0.033507	CS pos: 18-19. VIS-KN. Pr: 0.8782
evm.utg1575.14	SP(Sec/SPI)	0.997593	0.002407	CS pos: 26-27. CLS-KK. Pr: 0.8846
evm.utg1575.15	SP(Sec/SPI)	0.992252	0.007748	CS pos: 21-22. AKG-NL. Pr: 0.5902
evm.utg1575.16	SP(Sec/SPI)	0.995932	0.004068	CS pos: 18-19. VQP-DR. Pr: 0.4493
evm.utg1575.17	SP(Sec/SPI)	0.999346	0.000654	CS pos: 19-20. TEA-KS. Pr: 0.7937
evm.utg1575.21	SP(Sec/SPI)	0.995985	0.004015	CS pos: 22-23. VCA-DS. Pr: 0.8071
evm.utg1575.41	SP(Sec/SPI)	0.944484	0.055516	CS pos: 27-28. GDA-RS. Pr: 0.4343
utg1579.evm.utg1345.85.mrna2	SP(Sec/SPI)	0.791797	0.208203	CS pos: 17-18. AMA-AL. Pr: 0.6171
evm.utg1588.14	SP(Sec/SPI)	0.594766	0.405234	CS pos: 34-35. ARC-YR. Pr: 0.5513
evm.utg1588.24	SP(Sec/SPI)	0.996315	0.003685	CS pos: 20-21. GDA-AT. Pr: 0.9723
evm.utg1594.5	SP(Sec/SPI)	0.977542	0.022458	CS pos: 28-29. AQS-DE. Pr: 0.2966
evm.utg1594.6	SP(Sec/SPI)	0.971517	0.028483	CS pos: 22-23. AKP-TL. Pr: 0.3003
evm.utg1596.3	SP(Sec/SPI)	0.998993	0.001007	CS pos: 22-23. VQS-EP. Pr: 0.9789
evm.utg1609.7	SP(Sec/SPI)	0.999862	0.000138	CS pos: 21-22. CDG-QR. Pr: 0.8531
evm.utg1609.36	SP(Sec/SPI)	0.982076	0.017924	CS pos: 18-19. VSS-YS. Pr: 0.7268
evm.utg1609.37	SP(Sec/SPI)	0.832412	0.167588	CS pos: 20-21. STA-EV. Pr: 0.4554
evm.utg1609.45	SP(Sec/SPI)	0.763484	0.236516	CS pos: 24-25. VVS-FD. Pr: 0.3178
evm.utg1609.46	SP(Sec/SPI)	0.976033	0.023967	CS pos: 21-22. SQA-SY. Pr: 0.8228
evm.utg1609.55	SP(Sec/SPI)	0.984801	0.015199	CS pos: 19-20. ALA-DE. Pr: 0.9264
evm.utg1609.58	SP(Sec/SPI)	0.955310	0.044690	CS pos: 30-31. VRA-NS. Pr: 0.5580
evm.utg1609.80.1.5c22eb6f	SP(Sec/SPI)	0.998256	0.001744	CS pos: 26-27. VQA-AN. Pr: 0.9655
evm.utg1623.33	SP(Sec/SPI)	0.818615	0.181385	CS pos: 22-23. ITC-IE. Pr: 0.6408
evm.utg1623.40	SP(Sec/SPI)	0.979421	0.020579	CS pos: 22-23. SEA-AW. Pr: 0.7968
evm.utg1629.2	SP(Sec/SPI)	0.987564	0.012436	CS pos: 23-24. VVA-NV. Pr: 0.6461
evm.utg1629.3	SP(Sec/SPI)	0.962032	0.037968	CS pos: 20-21. LDC-ST. Pr: 0.4694
evm.utg1629.5	SP(Sec/SPI)	0.998662	0.001338	CS pos: 19-20. SQA-CG. Pr: 0.6512
utg1629.equina_smart_1005224.mrna2	SP(Sec/SPI)	0.852280	0.147720	CS pos: 21-22. VNG-DN. Pr: 0.3908
evm.utg1629.8	SP(Sec/SPI)	0.991848	0.008152	CS pos: 18-19. LEA-CG. Pr: 0.8311
evm.utg1629.10	SP(Sec/SPI)	0.906019	0.093981	CS pos: 20-21. IWC-LN. Pr: 0.8488
evm.utg1629.13	SP(Sec/SPI)	0.997305	0.002695	CS pos: 20-21. VWC-LD. Pr: 0.9891
evm.utg1629.18	SP(Sec/SPI)	0.994855	0.005145	CS pos: 22-23. TVA-GW. Pr: 0.4527
evm.utg1645.16	SP(Sec/SPI)	0.852563	0.147437	CS pos: 24-25. VLC-GK. Pr: 0.6214
evm.utg1648.22	SP(Sec/SPI)	0.949434	0.050566	CS pos: 26-27. VLS-DA. Pr: 0.4716
evm.utg1648.39	SP(Sec/SPI)	0.995410	0.004590	CS pos: 16-17. CRG-SE. Pr: 0.8839
evm.utg1654.6	SP(Sec/SPI)	0.953732	0.046268	CS pos: 22-23. ILG-DI. Pr: 0.7024
evm.utg1663.7	SP(Sec/SPI)	0.591032	0.408968	CS pos: 31-32. VTA-TE. Pr: 0.5139
evm.utg1663.12	SP(Sec/SPI)	0.944486	0.055514	CS pos: 21-22. SSS-KC. Pr: 0.2565
evm.utg1663.32	SP(Sec/SPI)	0.992223	0.007777	CS pos: 26-27. VCA-ST. Pr: 0.6654
evm.utg1663.33	SP(Sec/SPI)	0.819047	0.180953	CS pos: 21-22. VNS-LI. Pr: 0.7416
evm.utg1663.46	SP(Sec/SPI)	0.789836	0.210164	CS pos: 23-24. TDA-TI. Pr: 0.3437
evm.utg1683.1	SP(Sec/SPI)	0.993236	0.006764	CS pos: 19-20. SRG-II. Pr: 0.8795
evm.utg1683.10	SP(Sec/SPI)	0.999270	0.000730	CS pos: 23-24. VNG-LC. Pr: 0.7416
evm.utg1683.26	SP(Sec/SPI)	0.508381	0.491619	CS pos: 23-24. VSA-AS. Pr: 0.4946
evm.utg1683.27	SP(Sec/SPI)	0.631884	0.368116	CS pos: 24-25. GST-DE. Pr: 0.5620
evm.utg1683.29	SP(Sec/SPI)	0.757536	0.242464	CS pos: 23-24. ASA-ND. Pr: 0.7804
evm.utg1683.52	SP(Sec/SPI)	0.962696	0.037304	CS pos: 26-27. AMA-VN. Pr: 0.5118
evm.utg1683.53	SP(Sec/SPI)	0.998700	0.001300	CS pos: 20-21. CHC-ES. Pr: 0.5295
evm.utg1683.58	SP(Sec/SPI)	0.999502	0.000498	CS pos: 20-21. VES-VS. Pr: 0.9040
evm.utg1683.63	SP(Sec/SPI)	0.996293	0.003707	CS pos: 25-26. VDA-QD. Pr: 0.9738
evm.utg1684.13	SP(Sec/SPI)	0.998119	0.001881	CS pos: 21-22. VHT-HE. Pr: 0.7973
evm.utg1684.15	SP(Sec/SPI)	0.936564	0.063436	CS pos: 22-23. CSG-EN. Pr: 0.8722
evm.utg1686.14	SP(Sec/SPI)	0.998594	0.001406	CS pos: 21-22. VNS-QG. Pr: 0.7146
utg1691.equina_smart_211194.mrna1	SP(Sec/SPI)	0.998234	0.001766	CS pos: 19-20. TNA-KV. Pr: 0.9573
evm.utg1691.23	SP(Sec/SPI)	0.933242	0.066758	CS pos: 21-22. IDC-YK. Pr: 0.7826
evm.utg1691.26.27	SP(Sec/SPI)	0.956056	0.043944	CS pos: 32-33. VNA-RA. Pr: 0.8174
evm.utg1691.31	SP(Sec/SPI)	0.998536	0.001464	CS pos: 18-19. CIS-KQ. Pr: 0.4536
evm.utg1694.11.12.13.1.5c2790cd	SP(Sec/SPI)	0.996016	0.003984	CS pos: 22-23. TVS-HQ. Pr: 0.5978
evm.utg1694.18	SP(Sec/SPI)	0.803489	0.196511	CS pos: 24-25. VCA-GE. Pr: 0.4960
evm.utg1694.19	SP(Sec/SPI)	0.924121	0.075879	CS pos: 25-26. NEA-FF. Pr: 0.3352
evm.utg1694.28	SP(Sec/SPI)	0.996228	0.003772	CS pos: 21-22. VEA-EN. Pr: 0.8909
evm.utg1694.30	SP(Sec/SPI)	0.994561	0.005439	CS pos: 21-22. SEA-QN. Pr: 0.9506
evm.utg1694.31	SP(Sec/SPI)	0.982808	0.017192	CS pos: 23-24. VQS-TE. Pr: 0.5008
evm.utg1694.43	SP(Sec/SPI)	0.995796	0.004204	CS pos: 17-18. VHA-GN. Pr: 0.8323
utg1694.equina_smart_19785.mrna1	SP(Sec/SPI)	0.905989	0.094011	CS pos: 16-17. VNA-CI. Pr: 0.4845
evm.utg1694.71	SP(Sec/SPI)	0.994091	0.005909	CS pos: 26-27. SHA-FS. Pr: 0.8836
evm.utg1694.76	SP(Sec/SPI)	0.994863	0.005137	CS pos: 20-21. SDG-DD. Pr: 0.7845
evm.utg1696.8	SP(Sec/SPI)	0.806990	0.193010	CS pos: 18-19. ITA-WD. Pr: 0.6445
evm.utg1698.13	SP(Sec/SPI)	0.996917	0.003083	CS pos: 22-23. LLA-DH. Pr: 0.6550
evm.utg1708.5	SP(Sec/SPI)	0.997284	0.002716	CS pos: 19-20. TGA-IP. Pr: 0.8538
evm.utg1708.26	SP(Sec/SPI)	0.640084	0.359916	CS pos: 25-26. VKS-NE. Pr: 0.5431
evm.utg1708.29	SP(Sec/SPI)	0.998420	0.001580	CS pos: 21-22. AQG-QF. Pr: 0.9727
evm.utg1721.19	SP(Sec/SPI)	0.940081	0.059919	CS pos: 21-22. IDC-YK. Pr: 0.8109
evm.utg1721.27	SP(Sec/SPI)	0.931879	0.068121	CS pos: 33-34. VNA-RA. Pr: 0.7823
evm.utg1721.33	SP(Sec/SPI)	0.998818	0.001182	CS pos: 16-17. ANC-IS. Pr: 0.3215
evm.utg1724.23	SP(Sec/SPI)	0.948577	0.051423	CS pos: 22-23. VYS-GT. Pr: 0.7148
evm.utg1734.30	SP(Sec/SPI)	0.720940	0.279060	CS pos: 22-23. APS-LM. Pr: 0.2821
evm.utg1745.2	SP(Sec/SPI)	0.521541	0.478459	CS pos: 27-28. AWA-KI. Pr: 0.2540
evm.utg1746.3	SP(Sec/SPI)	0.994840	0.005160	CS pos: 20-21. ATS-SM. Pr: 0.7781
evm.utg1746.4	SP(Sec/SPI)	0.996002	0.003998	CS pos: 27-28. SDS-AS. Pr: 0.4311
evm.utg1746.27	SP(Sec/SPI)	0.683147	0.316853	CS pos: 16-17. GDC-GG. Pr: 0.3895
evm.utg1748.11	SP(Sec/SPI)	0.995683	0.004317	CS pos: 20-21. VHA-NC. Pr: 0.8139
evm.utg1748.12	SP(Sec/SPI)	0.777887	0.222113	CS pos: 29-30. AKA-KW. Pr: 0.2682
evm.utg1748.13	SP(Sec/SPI)	0.977032	0.022968	CS pos: 23-24. VVP-MT. Pr: 0.4216
evm.utg1748.17	SP(Sec/SPI)	0.993825	0.006175	CS pos: 20-21. AQC-KH. Pr: 0.7094
utg1748.equina_smart_64256.mrna1	SP(Sec/SPI)	0.999332	0.000668	CS pos: 21-22. GSA-LR. Pr: 0.9409
evm.utg1748.23	SP(Sec/SPI)	0.998492	0.001508	CS pos: 20-21. VHA-NC. Pr: 0.8315
utg1754.equina_smart_60032.mrna2	SP(Sec/SPI)	0.983695	0.016305	CS pos: 24-25. IMA-SP. Pr: 0.9239
evm.utg1754.2	SP(Sec/SPI)	0.802890	0.197110	CS pos: 24-25. IIA-RN. Pr: 0.6806
evm.utg1754.8	SP(Sec/SPI)	0.871220	0.128780	CS pos: 27-28. VFT-RC. Pr: 0.6784
evm.utg1754.10	SP(Sec/SPI)	0.999755	0.000245	CS pos: 20-21. GFS-LQ. Pr: 0.9572
evm.utg1754.25	SP(Sec/SPI)	0.963198	0.036802	CS pos: 30-31. SSG-QV. Pr: 0.9072
utg1754.equina_smart_1437410.mrna1	SP(Sec/SPI)	0.991826	0.008174	CS pos: 26-27. VSS-TE. Pr: 0.7288
evm.utg1754.33	SP(Sec/SPI)	0.994565	0.005435	CS pos: 25-26. VTS-AD. Pr: 0.5208
evm.utg1754.37	SP(Sec/SPI)	0.999728	0.000272	CS pos: 20-21. AYP-IK. Pr: 0.7989
evm.utg1754.38	SP(Sec/SPI)	0.999584	0.000416	CS pos: 21-22. ALS-IR. Pr: 0.9515
evm.utg1754.41	SP(Sec/SPI)	0.998186	0.001814	CS pos: 22-23. VLS-IE. Pr: 0.9246
evm.utg1754.43	SP(Sec/SPI)	0.999660	0.000340	CS pos: 20-21. VYP-LR. Pr: 0.9757
evm.utg1754.45	SP(Sec/SPI)	0.994196	0.005804	CS pos: 21-22. GSA-SR. Pr: 0.7128
evm.utg1754.55	SP(Sec/SPI)	0.998695	0.001305	CS pos: 15-16. ALA-AQ. Pr: 0.8267
evm.utg1754.58	SP(Sec/SPI)	0.992086	0.007914	CS pos: 17-18. ALS-KS. Pr: 0.7716
evm.utg1754.60	SP(Sec/SPI)	0.992160	0.007840	CS pos: 17-18. ALS-KN. Pr: 0.9364
evm.utg1765.2	SP(Sec/SPI)	0.905889	0.094111	CS pos: 24-25. CSA-NL. Pr: 0.7241
evm.utg1765.3	SP(Sec/SPI)	0.741689	0.258311	CS pos: 24-25. ANA-NL. Pr: 0.6487
evm.utg1765.4	SP(Sec/SPI)	0.994535	0.005465	CS pos: 26-27. SRG-NL. Pr: 0.9195
evm.utg1765.6	SP(Sec/SPI)	0.950492	0.049508	CS pos: 25-26. TNA-TT. Pr: 0.8596
evm.utg1765.7.1.5c22ebef	SP(Sec/SPI)	0.910893	0.089107	CS pos: 21-22. VLA-AP. Pr: 0.6865
evm.utg1765.11.3.5c22ebf0	SP(Sec/SPI)	0.939991	0.060009	CS pos: 25-26. IEA-AV. Pr: 0.7853
evm.utg1765.13	SP(Sec/SPI)	0.987846	0.012154	CS pos: 22-23. SWS-SA. Pr: 0.6691
evm.utg1765.16	SP(Sec/SPI)	0.995431	0.004569	CS pos: 21-22. AFA-TP. Pr: 0.9683
evm.utg1765.29	SP(Sec/SPI)	0.907582	0.092418	CS pos: 23-24. GPA-HF. Pr: 0.2921
evm.utg1765.30	SP(Sec/SPI)	0.909721	0.090279	CS pos: 23-24. GPA-HF. Pr: 0.2913
evm.utg1781.2	SP(Sec/SPI)	0.998587	0.001413	CS pos: 20-21. LCA-AP. Pr: 0.8157
evm.utg1781.4	SP(Sec/SPI)	0.808140	0.191860	CS pos: 24-25. VLA-KH. Pr: 0.5337
evm.utg1781.39	SP(Sec/SPI)	0.971303	0.028697	CS pos: 21-22. IEG-LM. Pr: 0.9289
evm.utg1781.40	SP(Sec/SPI)	0.986226	0.013774	CS pos: 22-23. TEA-AA. Pr: 0.6834
evm.utg1781.41	SP(Sec/SPI)	0.999354	0.000646	CS pos: 23-24. SSA-QE. Pr: 0.9318
evm.utg1781.44	SP(Sec/SPI)	0.977647	0.022353	CS pos: 25-26. AAA-DD. Pr: 0.6406
evm.utg1781.46	SP(Sec/SPI)	0.917823	0.082177	CS pos: 21-22. VSS-YK. Pr: 0.7999
evm.utg1781.62	SP(Sec/SPI)	0.971150	0.028850	CS pos: 18-19. TNS-CW. Pr: 0.8178
evm.utg1786.12	SP(Sec/SPI)	0.933366	0.066634	CS pos: 24-25. SEG-WR. Pr: 0.6132
evm.utg1786.13	SP(Sec/SPI)	0.851250	0.148750	CS pos: 24-25. SEG-WG. Pr: 0.4512
evm.utg1786.15.2.5c22ebfe	SP(Sec/SPI)	0.993655	0.006345	CS pos: 19-20. AHS-LE. Pr: 0.5513
utg1786.equina_smart_956984.mrna1	SP(Sec/SPI)	0.989834	0.010166	CS pos: 19-20. AHS-LE. Pr: 0.5220
utg1786.equina_smart_1688722.mrna2	SP(Sec/SPI)	0.991031	0.008969	CS pos: 19-20. AHS-LE. Pr: 0.5323
evm.utg1786.30	SP(Sec/SPI)	0.990917	0.009083	CS pos: 20-21. TFA-TS. Pr: 0.3716
evm.utg1786.35	SP(Sec/SPI)	0.997047	0.002953	CS pos: 18-19. MEC-ND. Pr: 0.7207
evm.utg1786.37	SP(Sec/SPI)	0.997052	0.002948	CS pos: 22-23. SEA-GW. Pr: 0.8350
evm.utg1796.13	SP(Sec/SPI)	0.944896	0.055104	CS pos: 20-21. VSA-SS. Pr: 0.6564
evm.utg1800.15	SP(Sec/SPI)	0.997739	0.002261	CS pos: 21-22. AMG-AG. Pr: 0.8525
evm.utg1800.17	SP(Sec/SPI)	0.997526	0.002474	CS pos: 22-23. ANA-RL. Pr: 0.8082
utg1800.equina_smart_1437761.mrna1	SP(Sec/SPI)	0.995101	0.004899	CS pos: 22-23. VDG-EV. Pr: 0.9812
evm.utg1800.34	SP(Sec/SPI)	0.822831	0.177169	CS pos: 25-26. LYC-LK. Pr: 0.6630
evm.utg1800.37	SP(Sec/SPI)	0.964934	0.035066	CS pos: 19-20. SDA-GT. Pr: 0.9346
evm.utg1800.38	SP(Sec/SPI)	0.664393	0.335607	CS pos: 28-29. AGY-VI. Pr: 0.1965
evm.utg1800.39	SP(Sec/SPI)	0.640178	0.359822	CS pos: 26-27. VLC-AL. Pr: 0.2438
evm.utg1818.4	SP(Sec/SPI)	0.521906	0.478094	CS pos: 29-30. TES-SQ. Pr: 0.4345
evm.utg1818.7	SP(Sec/SPI)	0.994843	0.005157	CS pos: 21-22. SSA-EQ. Pr: 0.6698
evm.utg1818.10	SP(Sec/SPI)	0.943187	0.056813	CS pos: 14-15. IWC-CD. Pr: 0.2728
evm.utg1818.18	SP(Sec/SPI)	0.999719	0.000281	CS pos: 21-22. CQA-GL. Pr: 0.9312
evm.utg1818.23	SP(Sec/SPI)	0.978537	0.021463	CS pos: 26-27. AWS-RV. Pr: 0.3580
evm.utg1818.31	SP(Sec/SPI)	0.993150	0.006850	CS pos: 22-23. CAA-DD. Pr: 0.9082
evm.utg1818.33	SP(Sec/SPI)	0.996856	0.003144	CS pos: 21-22. VCG-NR. Pr: 0.4941
evm.utg1818.34	SP(Sec/SPI)	0.929449	0.070551	CS pos: 21-22. VSS-QS. Pr: 0.5179
evm.utg1818.35	SP(Sec/SPI)	0.996803	0.003197	CS pos: 22-23. VSG-QC. Pr: 0.7948
evm.utg1819.4	SP(Sec/SPI)	0.996156	0.003844	CS pos: 18-19. ASA-QS. Pr: 0.7408
evm.utg1825.16	SP(Sec/SPI)	0.973482	0.026518	CS pos: 28-29. VLA-AV. Pr: 0.9347
evm.utg1825.21	SP(Sec/SPI)	0.793066	0.206934	CS pos: 26-27. ALA-TE. Pr: 0.4734
utg1825.equina_smart_410043.mrna1	SP(Sec/SPI)	0.999342	0.000658	CS pos: 21-22. VSG-FH. Pr: 0.9583
evm.utg1825.35	SP(Sec/SPI)	0.925928	0.074072	CS pos: 17-18. VNG-QV. Pr: 0.8745
evm.utg1825.37	SP(Sec/SPI)	0.698758	0.301242	CS pos: 29-30. GVS-QE. Pr: 0.5698
utg1825.equina_smart_1828192.mrna1	SP(Sec/SPI)	0.991999	0.008001	CS pos: 23-24. VRC-FM. Pr: 0.9431
evm.utg1825.38	SP(Sec/SPI)	0.992832	0.007168	CS pos: 22-23. VTS-LH. Pr: 0.6454
evm.utg1825.43	SP(Sec/SPI)	0.991414	0.008586	CS pos: 23-24. ISS-YN. Pr: 0.8716
evm.utg1825.46	SP(Sec/SPI)	0.975887	0.024113	CS pos: 26-27. CVA-FG. Pr: 0.7938
utg1825.equina_smart_1071895.mrna1	SP(Sec/SPI)	0.965643	0.034357	CS pos: 25-26. CQG-TM. Pr: 0.6714
evm.utg1825.68	SP(Sec/SPI)	0.997803	0.002197	CS pos: 20-21. VNG-CK. Pr: 0.9772
evm.utg1825.69	SP(Sec/SPI)	0.997733	0.002267	CS pos: 20-21. VNG-CK. Pr: 0.9769
evm.utg1828.28	SP(Sec/SPI)	0.992064	0.007936	CS pos: 28-29. AEA-FR. Pr: 0.9702
evm.utg1846.4	SP(Sec/SPI)	0.996042	0.003958	CS pos: 22-23. VKS-FR. Pr: 0.3855
evm.utg1846.50	SP(Sec/SPI)	0.997946	0.002054	CS pos: 23-24. TTA-YK. Pr: 0.5702
evm.utg1846.53	SP(Sec/SPI)	0.996434	0.003566	CS pos: 23-24. TTG-YK. Pr: 0.3462
evm.utg1846.54	SP(Sec/SPI)	0.997257	0.002743	CS pos: 23-24. TTG-NT. Pr: 0.3744
evm.utg1846.66	SP(Sec/SPI)	0.983704	0.016296	CS pos: 24-25. TSA-KD. Pr: 0.8970
evm.utg1846.69	SP(Sec/SPI)	0.998973	0.001027	CS pos: 21-22. SFA-AT. Pr: 0.7272
evm.utg1846.75	SP(Sec/SPI)	0.978594	0.021406	CS pos: 24-25. VMS-HC. Pr: 0.3193
evm.utg1846.77	SP(Sec/SPI)	0.983711	0.016289	CS pos: 19-20. TFA-EG. Pr: 0.7973
utg1846.equina_smart_916736.mrna1	SP(Sec/SPI)	0.999433	0.000567	CS pos: 24-25. ARG-NH. Pr: 0.6274
evm.utg1846.93	SP(Sec/SPI)	0.933805	0.066195	CS pos: 23-24. GLA-IG. Pr: 0.7853
evm.utg1846.94	SP(Sec/SPI)	0.834589	0.165411	CS pos: 22-23. VAP-GH. Pr: 0.2233
evm.utg1846.96	SP(Sec/SPI)	0.997839	0.002161	CS pos: 23-24. SEA-IA. Pr: 0.8356
evm.utg1846.97	SP(Sec/SPI)	0.921724	0.078276	CS pos: 23-24. GQQ-SS. Pr: 0.3703
evm.utg1846.98	SP(Sec/SPI)	0.898781	0.101219	CS pos: 23-24. GQQ-IN. Pr: 0.5451
evm.utg1846.99	SP(Sec/SPI)	0.959395	0.040605	CS pos: 23-24. GQQ-IS. Pr: 0.3358
evm.utg1846.100	SP(Sec/SPI)	0.988590	0.011410	CS pos: 26-27. VTA-IS. Pr: 0.6884
evm.utg1846.102	SP(Sec/SPI)	0.909883	0.090117	CS pos: 22-23. VAP-GH. Pr: 0.3565
evm.utg1846.104	SP(Sec/SPI)	0.996517	0.003483	CS pos: 25-26. VQA-FL. Pr: 0.9866
evm.utg1866.17	SP(Sec/SPI)	0.880989	0.119011	CS pos: 23-24. LRA-TL. Pr: 0.7595
evm.utg1882.1	SP(Sec/SPI)	0.877652	0.122348	CS pos: 22-23. LSS-QI. Pr: 0.3572
evm.utg1890.3	SP(Sec/SPI)	0.988950	0.011050	CS pos: 22-23. VKG-LW. Pr: 0.6310
evm.utg1890.19	SP(Sec/SPI)	0.958922	0.041078	CS pos: 23-24. GHG-HE. Pr: 0.4410
evm.utg1897.5	SP(Sec/SPI)	0.843638	0.156362	CS pos: 23-24. VDA-KV. Pr: 0.7549
evm.utg1897.10	SP(Sec/SPI)	0.998105	0.001895	CS pos: 26-27. TLA-QP. Pr: 0.6523
evm.utg1897.42	SP(Sec/SPI)	0.639650	0.360350	CS pos: 27-28. SEG-FL. Pr: 0.3648
evm.utg1897.71	SP(Sec/SPI)	0.999832	0.000168	CS pos: 22-23. AEG-WR. Pr: 0.9584
evm.utg1897.73	SP(Sec/SPI)	0.980254	0.019746	CS pos: 18-19. CVA-TT. Pr: 0.6005
evm.utg1897.77	SP(Sec/SPI)	0.961815	0.038185	CS pos: 21-22. TAA-QE. Pr: 0.6192
evm.utg1897.79	SP(Sec/SPI)	0.965266	0.034734	CS pos: 21-22. ALS-SK. Pr: 0.3853
evm.utg1897.81	SP(Sec/SPI)	0.960374	0.039626	CS pos: 21-22. ALS-SK. Pr: 0.3933
evm.utg1897.91	SP(Sec/SPI)	0.999225	0.000775	CS pos: 18-19. VFA-EE. Pr: 0.9795
evm.utg1897.102	SP(Sec/SPI)	0.980922	0.019078	CS pos: 25-26. SQA-TG. Pr: 0.4978
evm.utg1897.108	SP(Sec/SPI)	0.999622	0.000378	CS pos: 22-23. AEG-WW. Pr: 0.9718
evm.utg1900.8.3.5c22ec4a	SP(Sec/SPI)	0.970277	0.029723	CS pos: 22-23. ITS-QT. Pr: 0.5059
evm.utg1900.15	SP(Sec/SPI)	0.804118	0.195882	CS pos: 17-18. VGS-RL. Pr: 0.3818
utg1900.equina_smart_76209.mrna1	SP(Sec/SPI)	0.996738	0.003262	CS pos: 17-18. SLG-SN. Pr: 0.8389
evm.utg1900.49	SP(Sec/SPI)	0.689306	0.310694	CS pos: 27-28. GCC-GG. Pr: 0.1807
evm.utg1900.52	SP(Sec/SPI)	0.994364	0.005636	CS pos: 19-20. TTA-FY. Pr: 0.8235
evm.utg1910.8	SP(Sec/SPI)	0.999746	0.000254	CS pos: 19-20. VYS-SE. Pr: 0.9741
evm.utg1910.11.4.5c22ec56	SP(Sec/SPI)	0.987604	0.012396	CS pos: 20-21. VHS-WG. Pr: 0.6708
evm.utg1910.12.1.5c22ec57	SP(Sec/SPI)	0.998755	0.001245	CS pos: 17-18. ALA-AD. Pr: 0.8139
evm.utg1910.26	SP(Sec/SPI)	0.998947	0.001053	CS pos: 18-19. CFA-AP. Pr: 0.9501
evm.utg1910.27	SP(Sec/SPI)	0.982651	0.017349	CS pos: 25-26. CEC-TV. Pr: 0.7189
evm.utg1910.43	SP(Sec/SPI)	0.606162	0.393838	CS pos: 24-25. VLA-LK. Pr: 0.1757
evm.utg1910.57	SP(Sec/SPI)	0.972607	0.027393	CS pos: 22-23. VLS-SE. Pr: 0.8260
evm.utg1910.59	SP(Sec/SPI)	0.983534	0.016466	CS pos: 17-18. IQG-CG. Pr: 0.4945
utg1910.equina_smart_1438815.mrna1	SP(Sec/SPI)	0.998382	0.001618	CS pos: 17-18. TEG-LG. Pr: 0.8407
utg1910.equina_smart_44201.mrna1	SP(Sec/SPI)	0.812746	0.187254	CS pos: 28-29. IQG-CG. Pr: 0.4819
evm.utg1910.60	SP(Sec/SPI)	0.997458	0.002542	CS pos: 20-21. VFC-QN. Pr: 0.9626
evm.utg1910.63	SP(Sec/SPI)	0.965712	0.034288	CS pos: 22-23. GLG-SE. Pr: 0.6459
evm.utg1910.84	SP(Sec/SPI)	0.723299	0.276701	CS pos: 23-24. FVA-NH. Pr: 0.2006
evm.utg1910.88	SP(Sec/SPI)	0.995778	0.004222	CS pos: 22-23. LEA-GD. Pr: 0.5814
evm.utg1918.2	SP(Sec/SPI)	0.998384	0.001616	CS pos: 21-22. SLA-AD. Pr: 0.9317
evm.utg1918.12	SP(Sec/SPI)	0.959654	0.040346	CS pos: 26-27. VTQ-NR. Pr: 0.3500
evm.utg1919.7	SP(Sec/SPI)	0.973450	0.026550	CS pos: 20-21. SYC-GV. Pr: 0.8894
evm.utg1919.10	SP(Sec/SPI)	0.997787	0.002213	CS pos: 22-23. TKG-ST. Pr: 0.8542
evm.utg1919.29	SP(Sec/SPI)	0.993241	0.006759	CS pos: 19-20. VSS-TP. Pr: 0.8098
evm.utg1919.35	SP(Sec/SPI)	0.903088	0.096912	CS pos: 23-24. MSA-SV. Pr: 0.5130
evm.utg1919.52	SP(Sec/SPI)	0.998120	0.001880	CS pos: 19-20. VYA-DL. Pr: 0.9931
evm.utg1919.53	SP(Sec/SPI)	0.821732	0.178268	CS pos: 25-26. VSS-IT. Pr: 0.5374
evm.utg1919.54	SP(Sec/SPI)	0.987040	0.012960	CS pos: 25-26. SEG-LL. Pr: 0.9214
evm.utg1919.55	SP(Sec/SPI)	0.991794	0.008206	CS pos: 23-24. VQG-FT. Pr: 0.9125
evm.utg1919.60	SP(Sec/SPI)	0.891159	0.108841	CS pos: 18-19. GDA-SK. Pr: 0.6865
evm.utg1919.84	SP(Sec/SPI)	0.923212	0.076788	CS pos: 22-23. RNA-KT. Pr: 0.2876
evm.utg1919.86	SP(Sec/SPI)	0.915122	0.084878	CS pos: 22-23. KNA-KT. Pr: 0.2609
evm.utg1919.96	SP(Sec/SPI)	0.979755	0.020245	CS pos: 24-25. IES-FG. Pr: 0.3783
evm.utg1919.99	SP(Sec/SPI)	0.998906	0.001094	CS pos: 25-26. VTA-RS. Pr: 0.6873
evm.utg1925.22	SP(Sec/SPI)	0.992782	0.007218	CS pos: 16-17. VVA-KP. Pr: 0.8413
evm.utg1925.23	SP(Sec/SPI)	0.995872	0.004128	CS pos: 15-16. AVA-KP. Pr: 0.8014
evm.utg1925.26	SP(Sec/SPI)	0.633430	0.366570	CS pos: 41-42. GTC-GP. Pr: 0.3972
evm.utg1925.32	SP(Sec/SPI)	0.970165	0.029835	CS pos: 26-27. NFA-DS. Pr: 0.4819
evm.utg1925.33	SP(Sec/SPI)	0.971144	0.028856	CS pos: 24-25. TEG-LE. Pr: 0.9416
evm.utg1925.35	SP(Sec/SPI)	0.822690	0.177310	CS pos: 23-24. SES-WG. Pr: 0.3942
evm.utg1925.38	SP(Sec/SPI)	0.691495	0.308505	CS pos: 29-30. VSQ-RL. Pr: 0.1539
evm.utg1925.48	SP(Sec/SPI)	0.950887	0.049113	CS pos: 15-16. SQG-KV. Pr: 0.6141
evm.utg1925.61	SP(Sec/SPI)	0.941328	0.058672	CS pos: 18-19. VRR-EE. Pr: 0.5409
evm.utg1931.3	SP(Sec/SPI)	0.997737	0.002263	CS pos: 18-19. CRG-ES. Pr: 0.7340
utg1931.equina_smart_368420.mrna1	SP(Sec/SPI)	0.994870	0.005130	CS pos: 18-19. CFA-GK. Pr: 0.8772
evm.utg1931.64	SP(Sec/SPI)	0.904667	0.095333	CS pos: 24-25. SLS-ED. Pr: 0.7537
evm.utg1931.70	SP(Sec/SPI)	0.984312	0.015688	CS pos: 20-21. ADA-HV. Pr: 0.8766
evm.utg1931.77	SP(Sec/SPI)	0.906053	0.093947	CS pos: 25-26. GES-QE. Pr: 0.8437
evm.utg1931.81	SP(Sec/SPI)	0.948469	0.051531	CS pos: 29-30. CYS-VE. Pr: 0.8408
evm.utg1931.94	SP(Sec/SPI)	0.998937	0.001063	CS pos: 22-23. GFC-QR. Pr: 0.9184
evm.utg1931.95	SP(Sec/SPI)	0.898984	0.101016	CS pos: 27-28. ILA-IS. Pr: 0.7574
evm.utg1962.5	SP(Sec/SPI)	0.975203	0.024797	CS pos: 22-23. ALS-QS. Pr: 0.5384
evm.utg1962.14	SP(Sec/SPI)	0.997051	0.002949	CS pos: 23-24. CQA-MY. Pr: 0.9473
evm.utg1962.15	SP(Sec/SPI)	0.998076	0.001924	CS pos: 23-24. SGA-KY. Pr: 0.9018
evm.utg1962.16	SP(Sec/SPI)	0.992938	0.007062	CS pos: 21-22. ATA-AS. Pr: 0.8110
evm.utg1962.21	SP(Sec/SPI)	0.998778	0.001222	CS pos: 20-21. IKG-DT. Pr: 0.5547
evm.utg1962.22	SP(Sec/SPI)	0.998600	0.001400	CS pos: 20-21. IKG-DT. Pr: 0.7417
evm.utg1962.23	SP(Sec/SPI)	0.998982	0.001018	CS pos: 20-21. SYS-ST. Pr: 0.5375
evm.utg1962.24	SP(Sec/SPI)	0.999388	0.000612	CS pos: 18-19. AFG-KQ. Pr: 0.7862
evm.utg1962.36	SP(Sec/SPI)	0.961915	0.038085	CS pos: 24-25. VVS-LN. Pr: 0.5711
evm.utg1962.40	SP(Sec/SPI)	0.853190	0.146810	CS pos: 22-23. VYG-TK. Pr: 0.7450
evm.utg1962.45	SP(Sec/SPI)	0.995882	0.004118	CS pos: 19-20. TDA-NI. Pr: 0.9491
evm.utg1962.46	SP(Sec/SPI)	0.995943	0.004057	CS pos: 19-20. TDA-NI. Pr: 0.9488
evm.utg1970.1	SP(Sec/SPI)	0.578665	0.421335	CS pos: 16-17. VQS-EP. Pr: 0.5522
evm.utg1970.4	SP(Sec/SPI)	0.982345	0.017655	CS pos: 16-17. SST-IE. Pr: 0.4708
evm.utg1970.8	SP(Sec/SPI)	0.983650	0.016350	CS pos: 22-23. VES-HP. Pr: 0.8187
evm.utg1970.10	SP(Sec/SPI)	0.905122	0.094878	CS pos: 18-19. CYC-YV. Pr: 0.7391
evm.utg1970.12.2.5c22ec99	SP(Sec/SPI)	0.980703	0.019297	CS pos: 19-20. STG-KK. Pr: 0.5892
evm.utg1970.15	SP(Sec/SPI)	0.934692	0.065308	CS pos: 20-21. VEG-FS. Pr: 0.8054
evm.utg1970.19	SP(Sec/SPI)	0.528274	0.471726	CS pos: 28-29. CHS-VP. Pr: 0.1741
evm.utg1970.22	SP(Sec/SPI)	0.962962	0.037038	CS pos: 21-22. VSG-HG. Pr: 0.5959
evm.utg1970.32	SP(Sec/SPI)	0.960755	0.039245	CS pos: 16-17. SKG-VV. Pr: 0.5160
evm.utg1972.58	SP(Sec/SPI)	0.848639	0.151361	CS pos: 21-22. FES-QE. Pr: 0.3261
evm.utg1972.64	SP(Sec/SPI)	0.984981	0.015019	CS pos: 22-23. YES-QL. Pr: 0.3349
evm.utg1972.66	SP(Sec/SPI)	0.994601	0.005399	CS pos: 19-20. GQG-KI. Pr: 0.4723
evm.utg1972.90	SP(Sec/SPI)	0.859109	0.140891	CS pos: 23-24. CVA-LM. Pr: 0.6693
evm.utg1972.92	SP(Sec/SPI)	0.908197	0.091803	CS pos: 22-23. VYA-LH. Pr: 0.8309
evm.utg1972.101	SP(Sec/SPI)	0.663012	0.336988	CS pos: 20-21. LQA-AV. Pr: 0.4302
evm.utg1972.102	SP(Sec/SPI)	0.948499	0.051501	CS pos: 20-21. SNG-FC. Pr: 0.8291
evm.utg1972.103	SP(Sec/SPI)	0.982543	0.017457	CS pos: 19-20. AAG-GG. Pr: 0.5840
evm.utg1972.104	SP(Sec/SPI)	0.996020	0.003980	CS pos: 21-22. CLA-DL. Pr: 0.9027
evm.utg1972.105	SP(Sec/SPI)	0.720053	0.279947	CS pos: 28-29. SEG-LC. Pr: 0.4724
evm.utg1972.107	SP(Sec/SPI)	0.983559	0.016441	CS pos: 20-21. LDA-FC. Pr: 0.8133
evm.utg1972.108.109.2.5c27918f	SP(Sec/SPI)	0.996355	0.003645	CS pos: 18-19. SHA-FC. Pr: 0.7531
evm.utg1972.113	SP(Sec/SPI)	0.989036	0.010964	CS pos: 21-22. FDA-FP. Pr: 0.8680
evm.utg1972.119	SP(Sec/SPI)	0.875627	0.124373	CS pos: 16-17. IHA-SI. Pr: 0.8305
evm.utg1988.10	SP(Sec/SPI)	0.927253	0.072747	CS pos: 23-24. VYG-II. Pr: 0.9085
evm.utg2007.2	SP(Sec/SPI)	0.999252	0.000748	CS pos: 16-17. VSA-RP. Pr: 0.8021
evm.utg2007.17	SP(Sec/SPI)	0.974586	0.025414	CS pos: 24-25. VHG-FL. Pr: 0.9480
evm.utg2007.18	SP(Sec/SPI)	0.999568	0.000432	CS pos: 23-24. SSA-KE. Pr: 0.4142
evm.utg2007.26	SP(Sec/SPI)	0.988140	0.011860	CS pos: 22-23. VDG-IV. Pr: 0.9591
evm.utg2007.34	SP(Sec/SPI)	0.997782	0.002218	CS pos: 16-17. SLA-SN. Pr: 0.9023
evm.utg2007.38	SP(Sec/SPI)	0.993875	0.006125	CS pos: 21-22. CMP-AK. Pr: 0.4757
evm.utg2007.40	SP(Sec/SPI)	0.954998	0.045002	CS pos: 23-24. SNS-TK. Pr: 0.6161
evm.utg2007.44	SP(Sec/SPI)	0.997313	0.002687	CS pos: 18-19. TIS-QD. Pr: 0.8441
evm.utg2007.46	SP(Sec/SPI)	0.999467	0.000533	CS pos: 19-20. AES-LV. Pr: 0.8017
utg2007.equina_smart_1440483utrorf.mrna1	SP(Sec/SPI)	0.997413	0.002587	CS pos: 20-21. TSA-TY. Pr: 0.8663
utg2007.equina_smart_191300.mrna1	SP(Sec/SPI)	0.737984	0.262016	CS pos: 48-49. TSA-KY. Pr: 0.6196
evm.utg2007.53	SP(Sec/SPI)	0.925133	0.074867	CS pos: 21-22. INS-FC. Pr: 0.5513
evm.utg2012.16	SP(Sec/SPI)	0.531680	0.468320	CS pos: 29-30. SLQ-QH. Pr: 0.2069
evm.utg2013.2	SP(Sec/SPI)	0.987354	0.012646	CS pos: 21-22. AIS-TK. Pr: 0.6448
evm.utg2013.7	SP(Sec/SPI)	0.917482	0.082518	CS pos: 30-31. VNA-DY. Pr: 0.8320
evm.utg2016.5	SP(Sec/SPI)	0.700396	0.299604	CS pos: 19-20. VCG-KE. Pr: 0.4115
evm.utg2017.17	SP(Sec/SPI)	0.998987	0.001013	CS pos: 15-16. ACG-AP. Pr: 0.6198
evm.utg2017.20	SP(Sec/SPI)	0.535465	0.464535	CS pos: 25-26. ALS-IL. Pr: 0.2868
evm.utg2017.25	SP(Sec/SPI)	0.968633	0.031367	CS pos: 31-32. SLA-ER. Pr: 0.7067
evm.utg2017.26	SP(Sec/SPI)	0.979936	0.020064	CS pos: 24-25. ALA-DE. Pr: 0.7866
evm.utg2017.32	SP(Sec/SPI)	0.997576	0.002424	CS pos: 22-23. TNA-AD. Pr: 0.6819
evm.utg2017.38	SP(Sec/SPI)	0.998011	0.001989	CS pos: 18-19. SQA-YD. Pr: 0.9551
evm.utg2018.2	SP(Sec/SPI)	0.615560	0.384440	CS pos: 22-23. LDG-RH. Pr: 0.3521
evm.utg2018.6	SP(Sec/SPI)	0.810362	0.189638	CS pos: 23-24. VSA-LP. Pr: 0.5857
evm.utg2018.8.1.5c22ecbe	SP(Sec/SPI)	0.968714	0.031286	CS pos: 21-22. VAS-YR. Pr: 0.6213
evm.utg2018.9	SP(Sec/SPI)	0.775392	0.224608	CS pos: 25-26. LNA-SI. Pr: 0.2479
evm.utg2018.19	SP(Sec/SPI)	0.998706	0.001294	CS pos: 22-23. VQS-VP. Pr: 0.9742
evm.utg2018.31	SP(Sec/SPI)	0.633360	0.366640	CS pos: 25-26. AAP-EA. Pr: 0.3037
evm.utg2024.2	SP(Sec/SPI)	0.537658	0.462342	CS pos: 19-20. SFA-KC. Pr: 0.4134
evm.utg2024.4	SP(Sec/SPI)	0.989493	0.010507	CS pos: 19-20. AHS-LE. Pr: 0.5781
evm.utg2070.1	SP(Sec/SPI)	0.777780	0.222220	CS pos: 33-34. STA-IT. Pr: 0.3162
evm.utg2070.8	SP(Sec/SPI)	0.571671	0.428329	CS pos: 24-25. ITA-HE. Pr: 0.4080
evm.utg2071.15	SP(Sec/SPI)	0.823073	0.176927	CS pos: 27-28. SEG-DA. Pr: 0.4459
evm.utg2071.26	SP(Sec/SPI)	0.999257	0.000743	CS pos: 21-22. TEA-RR. Pr: 0.8133
evm.utg2071.43	SP(Sec/SPI)	0.979557	0.020443	CS pos: 17-18. SSC-EL. Pr: 0.3599
evm.utg2071.65	SP(Sec/SPI)	0.954805	0.045195	CS pos: 25-26. VAG-LK. Pr: 0.8081
evm.utg2073.22	SP(Sec/SPI)	0.983777	0.016223	CS pos: 25-26. VKA-LN. Pr: 0.9499
evm.utg2073.23	SP(Sec/SPI)	0.751663	0.248337	CS pos: 26-27. TVA-QM. Pr: 0.4745
evm.utg2073.31	SP(Sec/SPI)	0.995538	0.004462	CS pos: 20-21. VDA-FS. Pr: 0.7345
evm.utg2073.37	SP(Sec/SPI)	0.990201	0.009799	CS pos: 21-22. VDA-VC. Pr: 0.8998
evm.utg2073.40	SP(Sec/SPI)	0.997134	0.002866	CS pos: 22-23. ADA-AV. Pr: 0.7431
evm.utg2073.41	SP(Sec/SPI)	0.939098	0.060902	CS pos: 22-23. VSC-MS. Pr: 0.6203
evm.utg2073.45	SP(Sec/SPI)	0.906534	0.093466	CS pos: 23-24. VKA-QP. Pr: 0.8624
evm.utg2073.55	SP(Sec/SPI)	0.947590	0.052410	CS pos: 24-25. FQA-TE. Pr: 0.3767
evm.utg2083.3	SP(Sec/SPI)	0.620489	0.379511	CS pos: 15-16. SYA-TP. Pr: 0.5763
evm.utg2083.11	SP(Sec/SPI)	0.999098	0.000902	CS pos: 19-20. SHA-YY. Pr: 0.9670
evm.utg2083.12	SP(Sec/SPI)	0.998602	0.001398	CS pos: 17-18. AAG-NY. Pr: 0.6230
evm.utg2083.28	SP(Sec/SPI)	0.972879	0.027121	CS pos: 22-23. LVA-SN. Pr: 0.4482
evm.utg2083.30	SP(Sec/SPI)	0.922874	0.077126	CS pos: 22-23. VTS-SS. Pr: 0.4483
evm.utg2083.32	SP(Sec/SPI)	0.996333	0.003667	CS pos: 20-21. AAA-SD. Pr: 0.5074
evm.utg2083.33	SP(Sec/SPI)	0.984924	0.015076	CS pos: 16-17. VST-IA. Pr: 0.4016
evm.utg2083.34	SP(Sec/SPI)	0.520849	0.479151	CS pos: 31-32. VQA-VQ. Pr: 0.3044
evm.utg2083.36	SP(Sec/SPI)	0.741432	0.258568	CS pos: 27-28. VKS-EV. Pr: 0.7019
evm.utg2083.37	SP(Sec/SPI)	0.949345	0.050655	CS pos: 27-28. VKS-LE. Pr: 0.8950
evm.utg2083.43	SP(Sec/SPI)	0.982839	0.017161	CS pos: 24-25. AHP-SI. Pr: 0.6058
evm.utg2083.60	SP(Sec/SPI)	0.992808	0.007192	CS pos: 23-24. VYS-DN. Pr: 0.6181
evm.utg2083.68	SP(Sec/SPI)	0.695261	0.304739	CS pos: 25-26. AAP-EA. Pr: 0.3317
evm.utg2099.15	SP(Sec/SPI)	0.987555	0.012445	CS pos: 20-21. ALS-IT. Pr: 0.5039
evm.utg2099.31	SP(Sec/SPI)	0.997016	0.002984	CS pos: 23-24. VES-KK. Pr: 0.9699
evm.utg2099.32	SP(Sec/SPI)	0.992336	0.007664	CS pos: 23-24. VNS-FP. Pr: 0.7678
evm.utg2099.42	SP(Sec/SPI)	0.718767	0.281233	CS pos: 23-24. SFS-RQ. Pr: 0.5043
evm.utg2099.46	SP(Sec/SPI)	0.933910	0.066090	CS pos: 22-23. VFS-QP. Pr: 0.7653
evm.utg2099.48	SP(Sec/SPI)	0.996128	0.003872	CS pos: 20-21. CNS-FD. Pr: 0.7693
evm.utg2099.49	SP(Sec/SPI)	0.993370	0.006630	CS pos: 22-23. CSG-FP. Pr: 0.8003
evm.utg2099.50	SP(Sec/SPI)	0.999239	0.000761	CS pos: 17-18. VSA-KP. Pr: 0.9665
evm.utg2099.52	SP(Sec/SPI)	0.998563	0.001437	CS pos: 25-26. TDA-KR. Pr: 0.8585
evm.utg2099.67	SP(Sec/SPI)	0.695984	0.304016	CS pos: 30-31. VSQ-QY. Pr: 0.4677
evm.utg2099.72	SP(Sec/SPI)	0.957943	0.042057	CS pos: 22-23. ING-IP. Pr: 0.9106
evm.utg2099.73	SP(Sec/SPI)	0.983551	0.016449	CS pos: 21-22. GQS-TI. Pr: 0.9192
evm.utg2099.74	SP(Sec/SPI)	0.974680	0.025320	CS pos: 20-21. VGA-IE. Pr: 0.8974
evm.utg2099.75	SP(Sec/SPI)	0.772087	0.227913	CS pos: 19-20. LEA-TI. Pr: 0.6912
evm.utg2099.76	SP(Sec/SPI)	0.996443	0.003557	CS pos: 20-21. SEG-QQ. Pr: 0.9750
evm.utg2099.78	SP(Sec/SPI)	0.998615	0.001385	CS pos: 17-18. ANA-KN. Pr: 0.9564
evm.utg2100.50	SP(Sec/SPI)	0.759299	0.240701	CS pos: 26-27. TNG-IV. Pr: 0.3034
evm.utg2100.27	SP(Sec/SPI)	0.944541	0.055459	CS pos: 25-26. VGS-NT. Pr: 0.5315
evm.utg2108.42	SP(Sec/SPI)	0.827978	0.172022	CS pos: 21-22. TTC-FE. Pr: 0.6493
evm.utg2108.44	SP(Sec/SPI)	0.839096	0.160904	CS pos: 31-32. ASA-AR. Pr: 0.4963
evm.utg2115.17	SP(Sec/SPI)	0.999273	0.000727	CS pos: 17-18. VSG-EI. Pr: 0.8993
evm.utg2115.24	SP(Sec/SPI)	0.981467	0.018533	CS pos: 21-22. THG-RP. Pr: 0.7346
evm.utg2115.33	SP(Sec/SPI)	0.972917	0.027083	CS pos: 21-22. VIA-AP. Pr: 0.8852
evm.utg2115.37	SP(Sec/SPI)	0.978813	0.021187	CS pos: 18-19. VCS-LT. Pr: 0.2644
evm.utg2123.10	SP(Sec/SPI)	0.837821	0.162179	CS pos: 22-23. VTS-DI. Pr: 0.7446
evm.utg2123.11	SP(Sec/SPI)	0.987714	0.012286	CS pos: 21-22. VNA-DF. Pr: 0.9778
evm.utg2123.14	SP(Sec/SPI)	0.754921	0.245079	CS pos: 22-23. TKG-KH. Pr: 0.3948
evm.utg2123.17	SP(Sec/SPI)	0.993261	0.006739	CS pos: 19-20. CQG-SA. Pr: 0.6354
evm.utg2123.18	SP(Sec/SPI)	0.981165	0.018835	CS pos: 31-32. VLA-DP. Pr: 0.4231
evm.utg2123.40	SP(Sec/SPI)	0.995116	0.004884	CS pos: 20-21. VIG-EF. Pr: 0.8914
evm.utg2129.35	SP(Sec/SPI)	0.917567	0.082433	CS pos: 22-23. IGA-QR. Pr: 0.6871
evm.utg2129.42	SP(Sec/SPI)	0.993253	0.006747	CS pos: 17-18. SHC-AD. Pr: 0.8391
evm.utg2129.69	SP(Sec/SPI)	0.998786	0.001214	CS pos: 20-21. CSA-IS. Pr: 0.8859
evm.utg2129.76	SP(Sec/SPI)	0.999359	0.000641	CS pos: 21-22. AEA-GM. Pr: 0.9944
evm.utg2129.85	SP(Sec/SPI)	0.991956	0.008044	CS pos: 24-25. VAP-LD. Pr: 0.3158
evm.utg2129.98	SP(Sec/SPI)	0.977437	0.022563	CS pos: 21-22. CYG-SK. Pr: 0.9314
evm.utg2129.112	SP(Sec/SPI)	0.877370	0.122630	CS pos: 20-21. SIG-LR. Pr: 0.7665
evm.utg2129.116	SP(Sec/SPI)	0.801233	0.198767	CS pos: 29-30. ADG-DS. Pr: 0.4751
evm.utg2129.127	SP(Sec/SPI)	0.944000	0.056000	CS pos: 23-24. SRS-LP. Pr: 0.8118
evm.utg2129.133	SP(Sec/SPI)	0.699929	0.300071	CS pos: 24-25. SDS-FS. Pr: 0.4403
evm.utg2129.139	SP(Sec/SPI)	0.643587	0.356413	CS pos: 36-37. THA-DS. Pr: 0.3148
evm.utg2129.148	SP(Sec/SPI)	0.993873	0.006127	CS pos: 17-18. TLS-QF. Pr: 0.7321
evm.utg2129.152	SP(Sec/SPI)	0.994676	0.005324	CS pos: 21-22. VLS-AH. Pr: 0.4542
evm.utg2129.154	SP(Sec/SPI)	0.994676	0.005324	CS pos: 21-22. VLS-AH. Pr: 0.4542
evm.utg2129.155	SP(Sec/SPI)	0.994676	0.005324	CS pos: 21-22. VLS-AH. Pr: 0.4542
evm.utg2129.156	SP(Sec/SPI)	0.994676	0.005324	CS pos: 21-22. VLS-AH. Pr: 0.4542
evm.utg2129.157	SP(Sec/SPI)	0.994599	0.005401	CS pos: 24-25. AHS-LQ. Pr: 0.4426
evm.utg2129.160	SP(Sec/SPI)	0.995631	0.004369	CS pos: 21-22. VLS-AH. Pr: 0.4432
evm.utg2129.165	SP(Sec/SPI)	0.997963	0.002037	CS pos: 19-20. AEA-KK. Pr: 0.9195
evm.utg2129.167	SP(Sec/SPI)	0.938871	0.061129	CS pos: 26-27. ARC-EN. Pr: 0.7529
evm.utg2129.170	SP(Sec/SPI)	0.997912	0.002088	CS pos: 25-26. ASA-QK. Pr: 0.9206
evm.utg2129.180	SP(Sec/SPI)	0.990625	0.009375	CS pos: 26-27. VHA-HQ. Pr: 0.5826
evm.utg2129.190	SP(Sec/SPI)	0.954668	0.045332	CS pos: 22-23. ANA-VR. Pr: 0.9226
evm.utg2129.191	SP(Sec/SPI)	0.990240	0.009760	CS pos: 22-23. AHG-AH. Pr: 0.6338
evm.utg2129.192	SP(Sec/SPI)	0.842276	0.157724	CS pos: 23-24. ASA-GR. Pr: 0.6602
evm.utg2129.196	SP(Sec/SPI)	0.998301	0.001699	CS pos: 15-16. AFG-SN. Pr: 0.8749
evm.utg2129.208	SP(Sec/SPI)	0.823245	0.176755	CS pos: 29-30. ASS-CP. Pr: 0.2531
evm.utg2155.1	SP(Sec/SPI)	0.994878	0.005122	CS pos: 20-21. VHA-NC. Pr: 0.8038
evm.utg2155.3	SP(Sec/SPI)	0.600470	0.399530	CS pos: 18-19. QLA-QV. Pr: 0.3114
evm.utg2155.6.1.5c22ed17	SP(Sec/SPI)	0.940781	0.059219	CS pos: 21-22. TGT-VP. Pr: 0.3630
evm.utg2155.9	SP(Sec/SPI)	0.950182	0.049818	CS pos: 16-17. ARA-SI. Pr: 0.8804
evm.utg2156.15	SP(Sec/SPI)	0.979049	0.020951	CS pos: 17-18. CDG-KR. Pr: 0.8032
utg2156.equina_smart_428150.mrna1	SP(Sec/SPI)	0.999821	0.000179	CS pos: 21-22. SNA-LE. Pr: 0.7857
utg2156.equina_smart_1400709.mrna2	SP(Sec/SPI)	0.999753	0.000247	CS pos: 21-22. SNG-VE. Pr: 0.6882
utg2156.equina_smart_1726560.mrna2	SP(Sec/SPI)	0.815277	0.184723	CS pos: 42-43. SNG-VE. Pr: 0.6018
utg2156.equina_smart_1442310.mrna1	SP(Sec/SPI)	0.999033	0.000967	CS pos: 21-22. SNG-VI. Pr: 0.8157
utg2156.equina_smart_934493.mrna1	SP(Sec/SPI)	0.999670	0.000330	CS pos: 21-22. SNG-LE. Pr: 0.7209
utg2156.evm.utg3443.67.mrna2	SP(Sec/SPI)	0.997754	0.002246	CS pos: 23-24. VEA-NR. Pr: 0.9177
utg2156.equina_smart_270287.mrna1	SP(Sec/SPI)	0.997527	0.002473	CS pos: 21-22. SNG-VE. Pr: 0.6605
utg2156.equina_smart_731335.mrna1	SP(Sec/SPI)	0.999618	0.000382	CS pos: 21-22. SNG-VE. Pr: 0.6715
evm.utg2159.28	SP(Sec/SPI)	0.996321	0.003679	CS pos: 20-21. VHA-NC. Pr: 0.8272
utg2159.equina_smart_64256.mrna2	SP(Sec/SPI)	0.999175	0.000825	CS pos: 21-22. GSA-LR. Pr: 0.9326
evm.utg2159.33	SP(Sec/SPI)	0.943298	0.056702	CS pos: 21-22. TGT-VP. Pr: 0.5018
evm.utg2159.35	SP(Sec/SPI)	0.989449	0.010551	CS pos: 24-25. VVS-MT. Pr: 0.6763
evm.utg2159.37	SP(Sec/SPI)	0.754925	0.245075	CS pos: 29-30. AKA-KW. Pr: 0.3483
evm.utg2159.38	SP(Sec/SPI)	0.996492	0.003508	CS pos: 20-21. VHA-NC. Pr: 0.8122
evm.utg2159.39	SP(Sec/SPI)	0.995211	0.004789	CS pos: 20-21. VHA-NC. Pr: 0.8130
evm.utg2159.47	SP(Sec/SPI)	0.851023	0.148977	CS pos: 23-24. IWC-QV. Pr: 0.4384
evm.utg2159.48	SP(Sec/SPI)	0.902682	0.097318	CS pos: 22-23. GEA-ES. Pr: 0.7186
evm.utg2185.3	SP(Sec/SPI)	0.816904	0.183096	CS pos: 19-20. CCS-TI. Pr: 0.3520
evm.utg2185.6	SP(Sec/SPI)	0.935772	0.064228	CS pos: 23-24. VHS-LK. Pr: 0.6505
utg2200.equina_smart_1442500.mrna1	SP(Sec/SPI)	0.776488	0.223512	CS pos: 25-26. VEA-KV. Pr: 0.7150
evm.utg2200.3	SP(Sec/SPI)	0.975796	0.024204	CS pos: 26-27. GTA-AN. Pr: 0.3954
utg2200.equina_smart_1442537.mrna1	SP(Sec/SPI)	0.825333	0.174667	CS pos: 23-24. ASS-LR. Pr: 0.3674
utg2200.equina_smart_1442540.mrna1	SP(Sec/SPI)	0.973933	0.026067	CS pos: 26-27. TES-RK. Pr: 0.8282
evm.utg2200.4	SP(Sec/SPI)	0.991240	0.008760	CS pos: 23-24. GSA-SV. Pr: 0.7443
evm.utg2200.6	SP(Sec/SPI)	0.914016	0.085984	CS pos: 19-20. VQS-VN. Pr: 0.8838
evm.utg2200.9	SP(Sec/SPI)	0.918979	0.081021	CS pos: 22-23. TKG-IE. Pr: 0.4948
evm.utg2200.10	SP(Sec/SPI)	0.960745	0.039255	CS pos: 22-23. VQG-FI. Pr: 0.9382
evm.utg2200.12	SP(Sec/SPI)	0.989377	0.010623	CS pos: 27-28. AFA-GG. Pr: 0.4658
evm.utg2200.40	SP(Sec/SPI)	0.991635	0.008365	CS pos: 21-22. VSG-DE. Pr: 0.9108
evm.utg2200.45	SP(Sec/SPI)	0.987059	0.012941	CS pos: 27-28. VDG-NC. Pr: 0.5664
evm.utg2201.9	SP(Sec/SPI)	0.908041	0.091959	CS pos: 23-24. ING-WG. Pr: 0.6218
evm.utg2205.8	SP(Sec/SPI)	0.959569	0.040431	CS pos: 23-24. SFA-NQ. Pr: 0.6631
evm.utg2205.10	SP(Sec/SPI)	0.618437	0.381563	CS pos: 29-30. VSS-SV. Pr: 0.3380
evm.utg2205.11	SP(Sec/SPI)	0.885452	0.114548	CS pos: 27-28. ASG-QT. Pr: 0.5104
evm.utg2205.16	SP(Sec/SPI)	0.928757	0.071243	CS pos: 24-25. TIG-NQ. Pr: 0.5293
evm.utg2205.20	SP(Sec/SPI)	0.967969	0.032031	CS pos: 24-25. AHT-KV. Pr: 0.8741
evm.utg2205.21	SP(Sec/SPI)	0.997131	0.002869	CS pos: 19-20. SQS-RR. Pr: 0.9190
evm.utg2205.22	SP(Sec/SPI)	0.682308	0.317692	CS pos: 36-37. VDS-VQ. Pr: 0.6552
evm.utg2216.41	SP(Sec/SPI)	0.770337	0.229663	CS pos: 24-25. VYL-NN. Pr: 0.3393
evm.utg2216.43	SP(Sec/SPI)	0.869892	0.130108	CS pos: 20-21. YHC-IT. Pr: 0.4169
evm.utg2246.1	SP(Sec/SPI)	0.806923	0.193077	CS pos: 27-28. SEA-CS. Pr: 0.3941
evm.utg2246.20	SP(Sec/SPI)	0.984267	0.015733	CS pos: 17-18. CVA-LN. Pr: 0.7477
evm.utg2246.21	SP(Sec/SPI)	0.750570	0.249430	CS pos: 25-26. NEA-GK. Pr: 0.5525
evm.utg2246.22	SP(Sec/SPI)	0.852002	0.147998	CS pos: 24-25. VDG-LK. Pr: 0.4217
evm.utg2246.39	SP(Sec/SPI)	0.631197	0.368803	CS pos: 32-33. CSS-KP. Pr: 0.4889
evm.utg2246.41	SP(Sec/SPI)	0.938305	0.061695	CS pos: 26-27. CAA-SI. Pr: 0.5744
evm.utg2246.43	SP(Sec/SPI)	0.519032	0.480968	CS pos: 26-27. VQG-TL. Pr: 0.2982
evm.utg2246.52	SP(Sec/SPI)	0.994046	0.005954	CS pos: 20-21. SFA-KP. Pr: 0.8188
evm.utg2246.77	SP(Sec/SPI)	0.813367	0.186633	CS pos: 21-22. ALL-QQ. Pr: 0.4594
evm.utg2246.82	SP(Sec/SPI)	0.994996	0.005004	CS pos: 24-25. ANG-GL. Pr: 0.7194
evm.utg2246.85	SP(Sec/SPI)	0.549899	0.450101	CS pos: 19-20. IDA-AR. Pr: 0.2918
evm.utg2246.96	SP(Sec/SPI)	0.773067	0.226933	CS pos: 20-21. TGS-LE. Pr: 0.3790
evm.utg2246.98	SP(Sec/SPI)	0.999540	0.000460	CS pos: 22-23. VDA-GM. Pr: 0.9555
evm.utg2246.99	SP(Sec/SPI)	0.997036	0.002964	CS pos: 22-23. VDA-GL. Pr: 0.9013
evm.utg2246.100	SP(Sec/SPI)	0.999393	0.000607	CS pos: 22-23. VDA-GM. Pr: 0.9487
evm.utg2246.101	SP(Sec/SPI)	0.999471	0.000529	CS pos: 22-23. VDA-GL. Pr: 0.9856
evm.utg2247.14	SP(Sec/SPI)	0.985299	0.014701	CS pos: 21-22. IHA-LR. Pr: 0.8946
evm.utg2247.17	SP(Sec/SPI)	0.991710	0.008290	CS pos: 20-21. TTS-FV. Pr: 0.7622
evm.utg2247.18	SP(Sec/SPI)	0.988645	0.011355	CS pos: 18-19. GWA-DV. Pr: 0.9377
evm.utg2247.26	SP(Sec/SPI)	0.991694	0.008306	CS pos: 19-20. TDG-AV. Pr: 0.8382
evm.utg2247.30	SP(Sec/SPI)	0.998310	0.001690	CS pos: 19-20. ISA-NE. Pr: 0.8595
evm.utg2255.21	SP(Sec/SPI)	0.826785	0.173215	CS pos: 33-34. VQS-IS. Pr: 0.6006
evm.utg2269.9	SP(Sec/SPI)	0.705783	0.294217	CS pos: 30-31. GQG-SC. Pr: 0.4915
evm.utg2274.7	SP(Sec/SPI)	0.982701	0.017299	CS pos: 20-21. ING-RL. Pr: 0.4542
evm.utg2291.2.1.5c22ed5d	SP(Sec/SPI)	0.995671	0.004329	CS pos: 24-25. SSS-FE. Pr: 0.8960
evm.utg2291.8	SP(Sec/SPI)	0.886127	0.113873	CS pos: 24-25. IQG-LQ. Pr: 0.4290
evm.utg2291.10	SP(Sec/SPI)	0.750889	0.249111	CS pos: 17-18. ISG-EI. Pr: 0.5850
evm.utg2291.16	SP(Sec/SPI)	0.721606	0.278394	CS pos: 29-30. VFS-EK. Pr: 0.6517
evm.utg2291.27	SP(Sec/SPI)	0.898512	0.101488	CS pos: 25-26. AKG-NQ. Pr: 0.6398
utg2291.equina_smart_849258.mrna1	SP(Sec/SPI)	0.732130	0.267870	CS pos: 24-25. VMC-QI. Pr: 0.6881
evm.utg2291.32	SP(Sec/SPI)	0.850604	0.149396	CS pos: 21-22. VTC-QI. Pr: 0.7607
evm.utg2291.33	SP(Sec/SPI)	0.630187	0.369813	CS pos: 25-26. VLG-KA. Pr: 0.3706
evm.utg2291.35	SP(Sec/SPI)	0.804690	0.195310	CS pos: 21-22. SKG-IQ. Pr: 0.5970
evm.utg2291.36	SP(Sec/SPI)	0.897829	0.102171	CS pos: 21-22. SRG-IQ. Pr: 0.6097
utg2291.equina_smart_1443330.mrna1	SP(Sec/SPI)	0.937370	0.062630	CS pos: 23-24. TQC-AA. Pr: 0.4410
utg2291.equina_smart_1443333.mrna1	SP(Sec/SPI)	0.774011	0.225989	CS pos: 25-26. VCT-IK. Pr: 0.5179
evm.utg2298.4	SP(Sec/SPI)	0.994453	0.005547	CS pos: 19-20. TDA-NI. Pr: 0.9470
utg2298.equina_smart_745186.mrna1	SP(Sec/SPI)	0.992666	0.007334	CS pos: 18-19. CYG-QM. Pr: 0.7335
evm.utg2298.12	SP(Sec/SPI)	0.993560	0.006440	CS pos: 17-18. GSA-QQ. Pr: 0.7312
evm.utg2298.24	SP(Sec/SPI)	0.836504	0.163496	CS pos: 28-29. INA-EV. Pr: 0.3308
evm.utg2298.25	SP(Sec/SPI)	0.976136	0.023864	CS pos: 22-23. CIC-EV. Pr: 0.7360
evm.utg2298.41	SP(Sec/SPI)	0.953362	0.046638	CS pos: 18-19. MIG-DD. Pr: 0.3744
evm.utg2298.44	SP(Sec/SPI)	0.988545	0.011455	CS pos: 21-22. TLA-SN. Pr: 0.7568
evm.utg2299.7	SP(Sec/SPI)	0.998521	0.001479	CS pos: 18-19. AIA-QF. Pr: 0.8257
evm.utg2303.24	SP(Sec/SPI)	0.978031	0.021969	CS pos: 24-25. SFA-AD. Pr: 0.9109
evm.utg2303.26	SP(Sec/SPI)	0.701475	0.298525	CS pos: 29-30. VKG-VH. Pr: 0.2839
evm.utg2303.30	SP(Sec/SPI)	0.673718	0.326282	CS pos: 18-19. SHA-WY. Pr: 0.6381
evm.utg2303.36	SP(Sec/SPI)	0.977374	0.022626	CS pos: 24-25. TEC-AF. Pr: 0.7263
evm.utg2303.37	SP(Sec/SPI)	0.922520	0.077480	CS pos: 16-17. GFG-EN. Pr: 0.6863
evm.utg2303.47	SP(Sec/SPI)	0.994524	0.005476	CS pos: 21-22. GHG-RP. Pr: 0.9297
evm.utg2303.57	SP(Sec/SPI)	0.528227	0.471773	CS pos: 25-26. LQC-GI. Pr: 0.1868
evm.utg2303.59	SP(Sec/SPI)	0.904706	0.095294	CS pos: 20-21. VKS-TP. Pr: 0.6018
evm.utg2327.1	SP(Sec/SPI)	0.997951	0.002049	CS pos: 20-21. ASA-TY. Pr: 0.8002
evm.utg2327.4	SP(Sec/SPI)	0.922019	0.077981	CS pos: 21-22. INS-FC. Pr: 0.5486
evm.utg2327.10	SP(Sec/SPI)	0.752521	0.247479	CS pos: 33-34. SQT-TG. Pr: 0.2190
evm.utg2327.16	SP(Sec/SPI)	0.998757	0.001243	CS pos: 22-23. VDA-DC. Pr: 0.9544
evm.utg2327.26.27.5.5c279233	SP(Sec/SPI)	0.972476	0.027524	CS pos: 24-25. ALA-AK. Pr: 0.7582
evm.utg2327.28	SP(Sec/SPI)	0.997533	0.002467	CS pos: 22-23. VDA-DC. Pr: 0.9510
evm.utg2333.4	SP(Sec/SPI)	0.778946	0.221054	CS pos: 27-28. TEA-TT. Pr: 0.2635
utg2333.equina_smart_1443690.mrna1	SP(Sec/SPI)	0.991694	0.008306	CS pos: 26-27. VNA-VN. Pr: 0.9538
evm.utg2338.18	SP(Sec/SPI)	0.996412	0.003588	CS pos: 19-20. VSS-LH. Pr: 0.8905
evm.utg2338.21	SP(Sec/SPI)	0.996126	0.003874	CS pos: 22-23. VCS-LK. Pr: 0.9590
evm.utg2350.2.1.5c22ed70	SP(Sec/SPI)	0.752689	0.247311	CS pos: 41-42. GLA-AE. Pr: 0.6800
evm.utg2350.17	SP(Sec/SPI)	0.989481	0.010519	CS pos: 24-25. IQC-SN. Pr: 0.8800
evm.utg2350.21	SP(Sec/SPI)	0.960584	0.039416	CS pos: 20-21. SKS-VP. Pr: 0.5956
evm.utg2350.28	SP(Sec/SPI)	0.689011	0.310989	CS pos: 40-41. VWG-SP. Pr: 0.6720
evm.utg2350.29	SP(Sec/SPI)	0.986154	0.013846	CS pos: 25-26. TSG-VK. Pr: 0.5791
evm.utg2353.36	SP(Sec/SPI)	0.940176	0.059824	CS pos: 24-25. SMA-NT. Pr: 0.6435
evm.utg2353.49	SP(Sec/SPI)	0.751461	0.248539	CS pos: 25-26. ASC-QL. Pr: 0.6038
evm.utg2353.50	SP(Sec/SPI)	0.998508	0.001492	CS pos: 20-21. CLG-ID. Pr: 0.9271
evm.utg2367.4	SP(Sec/SPI)	0.854851	0.145149	CS pos: 28-29. TEG-NG. Pr: 0.5670
evm.utg2367.14	SP(Sec/SPI)	0.925662	0.074338	CS pos: 15-16. SQG-NV. Pr: 0.3555
evm.utg2371.37	SP(Sec/SPI)	0.995491	0.004509	CS pos: 18-19. TSS-YR. Pr: 0.5515
evm.utg2371.46	SP(Sec/SPI)	0.872198	0.127802	CS pos: 17-18. VNA-FQ. Pr: 0.7730
evm.utg2371.58	SP(Sec/SPI)	0.872198	0.127802	CS pos: 17-18. VNA-FQ. Pr: 0.7730
evm.utg2379.5	SP(Sec/SPI)	0.985870	0.014130	CS pos: 30-31. TAG-AP. Pr: 0.6828
evm.utg2379.6	SP(Sec/SPI)	0.840652	0.159348	CS pos: 23-24. TAG-YP. Pr: 0.6590
evm.utg2379.7	SP(Sec/SPI)	0.999102	0.000898	CS pos: 24-25. VHG-KP. Pr: 0.9820
utg2379.equina_smart_1443969.mrna1	SP(Sec/SPI)	0.999558	0.000442	CS pos: 22-23. AEG-NI. Pr: 0.8879
evm.utg2379.8	SP(Sec/SPI)	0.568540	0.431460	CS pos: 21-22. ARC-SH. Pr: 0.4809
utg2379.equina_smart_529303.mrna1	SP(Sec/SPI)	0.992180	0.007820	CS pos: 24-25. SYG-IN. Pr: 0.9042
utg2379.equina_smart_1840074.mrna2	SP(Sec/SPI)	0.997830	0.002170	CS pos: 24-25. VNG-EQ. Pr: 0.9773
utg2379.equina_smart_1443976.mrna1	SP(Sec/SPI)	0.749895	0.250105	CS pos: 21-22. ARC-SH. Pr: 0.6456
utg2379.equina_smart_103384.mrna2	SP(Sec/SPI)	0.993954	0.006046	CS pos: 24-25. SYG-ID. Pr: 0.9082
evm.utg2417.2	SP(Sec/SPI)	0.969392	0.030608	CS pos: 14-15. AFS-SN. Pr: 0.6215
evm.utg2417.26	SP(Sec/SPI)	0.981924	0.018076	CS pos: 16-17. CYC-KG. Pr: 0.6064
evm.utg2426.2	SP(Sec/SPI)	0.983712	0.016288	CS pos: 26-27. VWT-QD. Pr: 0.5593
evm.utg2426.3	SP(Sec/SPI)	0.858572	0.141428	CS pos: 20-21. CCG-EI. Pr: 0.6145
evm.utg2426.7	SP(Sec/SPI)	0.678397	0.321603	CS pos: 25-26. VFA-QN. Pr: 0.4622
evm.utg2426.22	SP(Sec/SPI)	0.983564	0.016436	CS pos: 23-24. TSC-GI. Pr: 0.4773
evm.utg2426.24	SP(Sec/SPI)	0.996820	0.003180	CS pos: 22-23. ASC-GV. Pr: 0.6277
evm.utg2426.30	SP(Sec/SPI)	0.996924	0.003076	CS pos: 23-24. TES-RG. Pr: 0.6837
evm.utg2426.31	SP(Sec/SPI)	0.983935	0.016065	CS pos: 19-20. ASA-VV. Pr: 0.8402
evm.utg2426.33	SP(Sec/SPI)	0.991233	0.008767	CS pos: 24-25. THA-RR. Pr: 0.9288
evm.utg2426.34	SP(Sec/SPI)	0.904036	0.095964	CS pos: 22-23. VYC-KK. Pr: 0.8821
evm.utg2427.11	SP(Sec/SPI)	0.997888	0.002112	CS pos: 26-27. VHS-SS. Pr: 0.7210
evm.utg2427.22	SP(Sec/SPI)	0.999446	0.000554	CS pos: 24-25. AQA-QP. Pr: 0.7859
evm.utg2428.7	SP(Sec/SPI)	0.958936	0.041064	CS pos: 20-21. SSS-HK. Pr: 0.8534
evm.utg2433.1	SP(Sec/SPI)	0.996056	0.003944	CS pos: 17-18. IRA-TV. Pr: 0.6614
evm.utg2483.11	SP(Sec/SPI)	0.818691	0.181309	CS pos: 23-24. LLA-SN. Pr: 0.5393
evm.utg2483.13	SP(Sec/SPI)	0.743506	0.256494	CS pos: 15-16. SYA-TP. Pr: 0.6949
evm.utg2483.20	SP(Sec/SPI)	0.998951	0.001049	CS pos: 19-20. SHA-YY. Pr: 0.9664
evm.utg2483.21	SP(Sec/SPI)	0.998602	0.001398	CS pos: 17-18. AAG-NY. Pr: 0.6230
evm.utg2483.41	SP(Sec/SPI)	0.989495	0.010505	CS pos: 22-23. LVA-SD. Pr: 0.4420
evm.utg2483.47	SP(Sec/SPI)	0.997715	0.002285	CS pos: 20-21. AAA-SD. Pr: 0.4888
evm.utg2483.49	SP(Sec/SPI)	0.919909	0.080091	CS pos: 23-24. VST-IA. Pr: 0.3742
evm.utg2483.53	SP(Sec/SPI)	0.781388	0.218612	CS pos: 28-29. VKS-EV. Pr: 0.7352
evm.utg2483.60	SP(Sec/SPI)	0.971272	0.028728	CS pos: 24-25. AHP-SI. Pr: 0.4452
evm.utg2487.6	SP(Sec/SPI)	0.997914	0.002086	CS pos: 17-18. ATG-SY. Pr: 0.7031
evm.utg2487.9	SP(Sec/SPI)	0.948718	0.051282	CS pos: 26-27. TMA-AS. Pr: 0.6290
evm.utg2487.24.1.5c22edbb	SP(Sec/SPI)	0.713008	0.286992	CS pos: 26-27. VYA-EF. Pr: 0.6753
evm.utg2487.28	SP(Sec/SPI)	0.963521	0.036479	CS pos: 24-25. GKA-RR. Pr: 0.4544
evm.utg2487.40	SP(Sec/SPI)	0.926859	0.073141	CS pos: 26-27. VAA-GR. Pr: 0.5465
evm.utg2487.41	SP(Sec/SPI)	0.984716	0.015284	CS pos: 25-26. CKG-SP. Pr: 0.9209
evm.utg2487.43	SP(Sec/SPI)	0.966979	0.033021	CS pos: 24-25. GLC-SP. Pr: 0.5121
evm.utg2487.55	SP(Sec/SPI)	0.948753	0.051247	CS pos: 23-24. SYS-DS. Pr: 0.6964
evm.utg2521.14	SP(Sec/SPI)	0.985337	0.014663	CS pos: 16-17. VAG-RP. Pr: 0.7750
evm.utg2529.10	SP(Sec/SPI)	0.894947	0.105053	CS pos: 23-24. CES-GC. Pr: 0.5811
evm.utg2529.11	SP(Sec/SPI)	0.989682	0.010318	CS pos: 24-25. TQA-NE. Pr: 0.7648
evm.utg2529.26	SP(Sec/SPI)	0.956044	0.043956	CS pos: 20-21. VSA-SS. Pr: 0.6045
evm.utg2581.13	SP(Sec/SPI)	0.989952	0.010048	CS pos: 22-23. SKA-VS. Pr: 0.4755
evm.utg2585.4	SP(Sec/SPI)	0.998647	0.001353	CS pos: 25-26. VEG-FP. Pr: 0.6141
evm.utg2585.5	SP(Sec/SPI)	0.997406	0.002594	CS pos: 17-18. SLA-CY. Pr: 0.8780
evm.utg2585.7	SP(Sec/SPI)	0.998758	0.001242	CS pos: 17-18. SLA-CY. Pr: 0.8801
evm.utg2585.11	SP(Sec/SPI)	0.994788	0.005212	CS pos: 20-21. ATS-SM. Pr: 0.7781
evm.utg2600.11	SP(Sec/SPI)	0.728352	0.271648	CS pos: 25-26. GQP-NL. Pr: 0.5115
evm.utg2600.31	SP(Sec/SPI)	0.915549	0.084451	CS pos: 19-20. AKS-AV. Pr: 0.3533
evm.utg2601.17	SP(Sec/SPI)	0.945985	0.054015	CS pos: 21-22. IDS-TP. Pr: 0.5467
evm.utg2601.35	SP(Sec/SPI)	0.739050	0.260950	CS pos: 20-21. SSG-VL. Pr: 0.4020
evm.utg2601.82	SP(Sec/SPI)	0.951179	0.048821	CS pos: 21-22. VKG-CV. Pr: 0.7441
evm.utg2601.88	SP(Sec/SPI)	0.903032	0.096968	CS pos: 26-27. ALG-RN. Pr: 0.5345
evm.utg2601.100	SP(Sec/SPI)	0.580047	0.419953	CS pos: 16-17. TER-ET. Pr: 0.1471
evm.utg2601.101	SP(Sec/SPI)	0.986711	0.013289	CS pos: 23-24. VYS-FP. Pr: 0.9111
evm.utg2601.103	SP(Sec/SPI)	0.746884	0.253116	CS pos: 27-28. VCG-SE. Pr: 0.5164
evm.utg2603.2	SP(Sec/SPI)	0.905951	0.094049	CS pos: 20-21. VNT-TS. Pr: 0.4755
evm.utg2603.4	SP(Sec/SPI)	0.995462	0.004538	CS pos: 15-16. CDG-FT. Pr: 0.9150
evm.utg2603.5	SP(Sec/SPI)	0.987846	0.012154	CS pos: 18-19. ANS-IT. Pr: 0.3270
evm.utg2603.6	SP(Sec/SPI)	0.981490	0.018510	CS pos: 26-27. ASA-RQ. Pr: 0.9033
evm.utg2603.25	SP(Sec/SPI)	0.891280	0.108720	CS pos: 22-23. GEA-ES. Pr: 0.7146
evm.utg2603.26	SP(Sec/SPI)	0.647657	0.352343	CS pos: 30-31. VIS-VF. Pr: 0.4328
evm.utg2606.4	SP(Sec/SPI)	0.990279	0.009721	CS pos: 20-21. ISS-DG. Pr: 0.5367
evm.utg2606.18	SP(Sec/SPI)	0.993221	0.006779	CS pos: 21-22. TLG-FP. Pr: 0.8909
evm.utg2606.39.1.5c27929f	SP(Sec/SPI)	0.983410	0.016590	CS pos: 29-30. VAA-DC. Pr: 0.8710
evm.utg2606.40	SP(Sec/SPI)	0.995512	0.004488	CS pos: 23-24. ALA-AK. Pr: 0.7294
evm.utg2606.42	SP(Sec/SPI)	0.971534	0.028466	CS pos: 23-24. ALA-AK. Pr: 0.7627
evm.utg2606.47	SP(Sec/SPI)	0.651446	0.348554	CS pos: 33-34. SQT-TG. Pr: 0.2367
evm.utg2614.13	SP(Sec/SPI)	0.608796	0.391204	CS pos: 24-25. TWT-FD. Pr: 0.4772
evm.utg2614.25	SP(Sec/SPI)	0.990692	0.009308	CS pos: 22-23. ADA-GY. Pr: 0.8534
evm.utg2661.5.4.5c22edfb	SP(Sec/SPI)	0.975069	0.024931	CS pos: 24-25. VVS-YP. Pr: 0.4730
utg2667.equina_smart_398419.mrna2	SP(Sec/SPI)	0.999050	0.000950	CS pos: 22-23. VSS-KA. Pr: 0.4457
evm.utg2674.21	SP(Sec/SPI)	0.997628	0.002372	CS pos: 18-19. PDA-VE. Pr: 0.3529
evm.utg2674.41	SP(Sec/SPI)	0.997628	0.002372	CS pos: 18-19. PDA-VE. Pr: 0.3529
evm.utg2690.2	SP(Sec/SPI)	0.997914	0.002086	CS pos: 19-20. VNA-KA. Pr: 0.5065
evm.utg2690.25	SP(Sec/SPI)	0.667476	0.332524	CS pos: 18-19. AIA-IY. Pr: 0.4305
evm.utg2694.2	SP(Sec/SPI)	0.733986	0.266014	CS pos: 23-24. VKQ-EN. Pr: 0.5335
evm.utg2698.5	SP(Sec/SPI)	0.996464	0.003536	CS pos: 25-26. SSA-MS. Pr: 0.3902
evm.utg2704.2	SP(Sec/SPI)	0.983629	0.016371	CS pos: 22-23. VLC-QI. Pr: 0.9169
evm.utg2704.3	SP(Sec/SPI)	0.535321	0.464679	CS pos: 28-29. GAC-DV. Pr: 0.2815
evm.utg2704.12	SP(Sec/SPI)	0.837750	0.162250	CS pos: 18-19. VSG-GS. Pr: 0.2917
evm.utg2704.14	SP(Sec/SPI)	0.657141	0.342859	CS pos: 29-30. VLS-EK. Pr: 0.5974
utg2704.equina_smart_1443269.mrna1	SP(Sec/SPI)	0.750889	0.249111	CS pos: 17-18. ISG-EI. Pr: 0.5850
evm.utg2704.20	SP(Sec/SPI)	0.902874	0.097126	CS pos: 23-24. ISG-NI. Pr: 0.6082
evm.utg2704.23	SP(Sec/SPI)	0.526359	0.473641	CS pos: 24-25. ILT-RR. Pr: 0.1661
evm.utg2704.24	SP(Sec/SPI)	0.683631	0.316369	CS pos: 28-29. VDA-AV. Pr: 0.6578
evm.utg2704.25.1.5c22ee0b	SP(Sec/SPI)	0.997060	0.002940	CS pos: 24-25. SFS-FK. Pr: 0.7725
evm.utg2704.26	SP(Sec/SPI)	0.992450	0.007550	CS pos: 21-22. VTS-MR. Pr: 0.8346
evm.utg2704.28	SP(Sec/SPI)	0.887355	0.112645	CS pos: 25-26. SDG-LL. Pr: 0.6316
evm.utg2704.33	SP(Sec/SPI)	0.681327	0.318673	CS pos: 25-26. TTC-TV. Pr: 0.3887
evm.utg2704.34	SP(Sec/SPI)	0.786848	0.213152	CS pos: 25-26. TTC-TV. Pr: 0.4654
evm.utg2704.36	SP(Sec/SPI)	0.708420	0.291580	CS pos: 21-22. ALG-FE. Pr: 0.6890
evm.utg2704.37	SP(Sec/SPI)	0.960145	0.039855	CS pos: 22-23. TDC-FQ. Pr: 0.8949
evm.utg2713.1	SP(Sec/SPI)	0.521983	0.478017	CS pos: 18-19. TWA-KN. Pr: 0.5034
evm.utg2716.2	SP(Sec/SPI)	0.982685	0.017315	CS pos: 29-30. ANG-QQ. Pr: 0.9553
evm.utg2716.4	SP(Sec/SPI)	0.998678	0.001322	CS pos: 23-24. SEG-AV. Pr: 0.9367
evm.utg2716.9	SP(Sec/SPI)	0.978588	0.021412	CS pos: 19-20. NNG-RK. Pr: 0.5753
evm.utg2716.16	SP(Sec/SPI)	0.819704	0.180296	CS pos: 20-21. GIA-EK. Pr: 0.5774
evm.utg2716.18	SP(Sec/SPI)	0.684123	0.315877	CS pos: 21-22. VWP-SR. Pr: 0.4345
evm.utg2757.6.2.5c22ee28	SP(Sec/SPI)	0.997416	0.002584	CS pos: 15-16. AVA-EN. Pr: 0.8375
utg2757.evm.utg2424.4.mrna2	SP(Sec/SPI)	0.999172	0.000828	CS pos: 15-16. AVA-EN. Pr: 0.8135
evm.utg2757.7	SP(Sec/SPI)	0.842952	0.157048	CS pos: 18-19. VIA-TI. Pr: 0.6417
evm.utg2757.8	SP(Sec/SPI)	0.869872	0.130128	CS pos: 19-20. SSG-QN. Pr: 0.7119
evm.utg2757.9	SP(Sec/SPI)	0.711730	0.288270	CS pos: 19-20. ATA-GT. Pr: 0.5212
evm.utg2757.17	SP(Sec/SPI)	0.532525	0.467475	CS pos: 33-34. AVA-KP. Pr: 0.3481
evm.utg2757.55	SP(Sec/SPI)	0.984307	0.015693	CS pos: 17-18. VDS-TT. Pr: 0.5758
evm.utg2757.56	SP(Sec/SPI)	0.995741	0.004259	CS pos: 18-19. TSA-SD. Pr: 0.7714
evm.utg2757.78	SP(Sec/SPI)	0.999619	0.000381	CS pos: 20-21. VTG-RP. Pr: 0.8566
evm.utg2757.81	SP(Sec/SPI)	0.987935	0.012065	CS pos: 22-23. SSC-KN. Pr: 0.4295
utg2757.equina_smart_959052.mrna1	SP(Sec/SPI)	0.993026	0.006974	CS pos: 22-23. SSC-KN. Pr: 0.3841
evm.utg2757.82	SP(Sec/SPI)	0.990137	0.009863	CS pos: 22-23. SSC-KN. Pr: 0.3906
evm.utg2779.1	SP(Sec/SPI)	0.774398	0.225602	CS pos: 13-14. CSC-DE. Pr: 0.5098
evm.utg2779.7.9	SP(Sec/SPI)	0.729890	0.270110	CS pos: 24-25. TVA-VK. Pr: 0.5975
evm.utg2779.10	SP(Sec/SPI)	0.969525	0.030475	CS pos: 19-20. SVG-RE. Pr: 0.4716
evm.utg2779.15	SP(Sec/SPI)	0.968111	0.031889	CS pos: 19-20. QDA-GL. Pr: 0.2139
evm.utg2798.2	SP(Sec/SPI)	0.862883	0.137117	CS pos: 30-31. VAA-SQ. Pr: 0.5790
evm.utg2798.19.1.5c22ee3b	SP(Sec/SPI)	0.592404	0.407596	CS pos: 40-41. TQA-TH. Pr: 0.5459
evm.utg2798.21	SP(Sec/SPI)	0.974284	0.025716	CS pos: 20-21. CKG-AS. Pr: 0.6822
evm.utg2798.33	SP(Sec/SPI)	0.975857	0.024143	CS pos: 19-20. GLA-ME. Pr: 0.8364
evm.utg2798.34	SP(Sec/SPI)	0.981396	0.018604	CS pos: 27-28. CYC-EE. Pr: 0.7078
evm.utg2798.39	SP(Sec/SPI)	0.941710	0.058290	CS pos: 25-26. VVA-EV. Pr: 0.7046
evm.utg2798.42	SP(Sec/SPI)	0.574085	0.425915	CS pos: 35-36. CLA-ID. Pr: 0.4611
evm.utg2801.11	SP(Sec/SPI)	0.983755	0.016245	CS pos: 25-26. VDG-SD. Pr: 0.5925
evm.utg2801.12	SP(Sec/SPI)	0.895125	0.104875	CS pos: 19-20. SFS-VR. Pr: 0.3983
evm.utg2801.21	SP(Sec/SPI)	0.717079	0.282921	CS pos: 19-20. GDG-DD. Pr: 0.5625
evm.utg2801.32	SP(Sec/SPI)	0.938077	0.061923	CS pos: 23-24. VTA-TR. Pr: 0.6586
evm.utg2801.36	SP(Sec/SPI)	0.722457	0.277543	CS pos: 21-22. AIA-TK. Pr: 0.4704
evm.utg2801.40	SP(Sec/SPI)	0.966845	0.033155	CS pos: 19-20. VLC-KG. Pr: 0.4760
evm.utg2801.43	SP(Sec/SPI)	0.994432	0.005568	CS pos: 25-26. TDA-ST. Pr: 0.9882
evm.utg2814.6	SP(Sec/SPI)	0.997939	0.002061	CS pos: 21-22. TYA-TM. Pr: 0.9657
evm.utg2814.7	SP(Sec/SPI)	0.997326	0.002674	CS pos: 21-22. TYA-TM. Pr: 0.9657
evm.utg2814.19	SP(Sec/SPI)	0.931454	0.068546	CS pos: 22-23. VTT-SR. Pr: 0.4352
evm.utg2814.29	SP(Sec/SPI)	0.940559	0.059441	CS pos: 23-24. GLS-QV. Pr: 0.6797
evm.utg2817.1	SP(Sec/SPI)	0.997763	0.002237	CS pos: 21-22. IDA-TP. Pr: 0.9580
evm.utg2817.2	SP(Sec/SPI)	0.643765	0.356235	CS pos: 21-22. VNP-SG. Pr: 0.4849
evm.utg2817.12	SP(Sec/SPI)	0.995723	0.004277	CS pos: 21-22. TYA-TM. Pr: 0.9610
evm.utg2817.13	SP(Sec/SPI)	0.986106	0.013894	CS pos: 21-22. IYA-TM. Pr: 0.9293
evm.utg2817.15	SP(Sec/SPI)	0.997697	0.002303	CS pos: 21-22. TYA-TM. Pr: 0.9647
evm.utg2817.21.23	SP(Sec/SPI)	0.948183	0.051817	CS pos: 23-24. TKA-QD. Pr: 0.9211
evm.utg2817.27	SP(Sec/SPI)	0.986067	0.013933	CS pos: 23-24. AHS-SI. Pr: 0.8155
evm.utg2817.34	SP(Sec/SPI)	0.794282	0.205718	CS pos: 23-24. VLT-ED. Pr: 0.4099
evm.utg2818.1	SP(Sec/SPI)	0.595025	0.404975	CS pos: 40-41. VAA-SQ. Pr: 0.3627
evm.utg2818.7	SP(Sec/SPI)	0.691215	0.308785	CS pos: 37-38. TSA-EI. Pr: 0.2819
evm.utg2818.10	SP(Sec/SPI)	0.665227	0.334773	CS pos: 37-38. TSA-EI. Pr: 0.2613
evm.utg2818.30	SP(Sec/SPI)	0.579564	0.420436	CS pos: 25-26. VNS-FP. Pr: 0.5691
evm.utg2818.43	SP(Sec/SPI)	0.999305	0.000695	CS pos: 21-22. SRG-IT. Pr: 0.9546
evm.utg2818.44	SP(Sec/SPI)	0.741404	0.258596	CS pos: 18-19. VHT-KY. Pr: 0.6206
evm.utg2838.8	SP(Sec/SPI)	0.999530	0.000470	CS pos: 22-23. SSG-KT. Pr: 0.9780
evm.utg2838.9	SP(Sec/SPI)	0.884028	0.115972	CS pos: 18-19. FHA-CE. Pr: 0.3752
evm.utg2838.15	SP(Sec/SPI)	0.998156	0.001844	CS pos: 23-24. SFS-KG. Pr: 0.3358
evm.utg2838.20	SP(Sec/SPI)	0.864965	0.135035	CS pos: 28-29. STA-CS. Pr: 0.3983
evm.utg2838.29	SP(Sec/SPI)	0.934014	0.065986	CS pos: 31-32. AIG-CQ. Pr: 0.6109
evm.utg2838.31	SP(Sec/SPI)	0.938651	0.061349	CS pos: 30-31. VIG-CQ. Pr: 0.4505
evm.utg2838.33	SP(Sec/SPI)	0.773804	0.226196	CS pos: 22-23. VSP-SN. Pr: 0.3040
evm.utg2849.12	SP(Sec/SPI)	0.982116	0.017884	CS pos: 26-27. SNA-VV. Pr: 0.7270
evm.utg2849.19	SP(Sec/SPI)	0.929820	0.070180	CS pos: 25-26. SEA-YI. Pr: 0.9070
evm.utg2858.3	SP(Sec/SPI)	0.973535	0.026465	CS pos: 19-20. SKC-NE. Pr: 0.7783
evm.utg2858.4	SP(Sec/SPI)	0.967474	0.032526	CS pos: 19-20. GSC-ND. Pr: 0.8437
evm.utg2858.5	SP(Sec/SPI)	0.962201	0.037799	CS pos: 18-19. SKC-NE. Pr: 0.9159
evm.utg2858.7	SP(Sec/SPI)	0.987076	0.012924	CS pos: 18-19. TTC-NE. Pr: 0.6657
evm.utg2858.8	SP(Sec/SPI)	0.963410	0.036590	CS pos: 18-19. SKC-NE. Pr: 0.8627
evm.utg2858.9	SP(Sec/SPI)	0.979934	0.020066	CS pos: 18-19. ITC-TE. Pr: 0.4833
evm.utg2858.13	SP(Sec/SPI)	0.985932	0.014068	CS pos: 22-23. ASG-KP. Pr: 0.7668
evm.utg2858.14	SP(Sec/SPI)	0.996023	0.003977	CS pos: 19-20. TSA-GN. Pr: 0.6258
evm.utg2858.20	SP(Sec/SPI)	0.856650	0.143350	CS pos: 21-22. CRA-FL. Pr: 0.8028
evm.utg2858.21	SP(Sec/SPI)	0.997102	0.002898	CS pos: 23-24. CHC-RL. Pr: 0.5663
evm.utg2858.22	SP(Sec/SPI)	0.994254	0.005746	CS pos: 21-22. CCA-LS. Pr: 0.5147
evm.utg2858.27	SP(Sec/SPI)	0.996720	0.003280	CS pos: 21-22. ALG-DE. Pr: 0.7313
evm.utg2858.28	SP(Sec/SPI)	0.997257	0.002743	CS pos: 20-21. LNA-AT. Pr: 0.7264
evm.utg2858.29	SP(Sec/SPI)	0.992582	0.007418	CS pos: 28-29. LNA-AP. Pr: 0.7996
evm.utg2858.30	SP(Sec/SPI)	0.995752	0.004248	CS pos: 28-29. ARA-AI. Pr: 0.6213
evm.utg2858.31	SP(Sec/SPI)	0.989058	0.010942	CS pos: 26-27. TFC-DQ. Pr: 0.8524
evm.utg2901.26	SP(Sec/SPI)	0.875096	0.124904	CS pos: 30-31. SWT-FV. Pr: 0.1570
evm.utg2929.17	SP(Sec/SPI)	0.967129	0.032871	CS pos: 26-27. CQG-TQ. Pr: 0.8437
evm.utg2932.6	SP(Sec/SPI)	0.788401	0.211599	CS pos: 16-17. GYG-VK. Pr: 0.3502
evm.utg2932.7	SP(Sec/SPI)	0.971740	0.028260	CS pos: 25-26. ISG-YS. Pr: 0.3763
evm.utg2932.12	SP(Sec/SPI)	0.986416	0.013584	CS pos: 20-21. TKA-LQ. Pr: 0.8449
evm.utg2969.11	SP(Sec/SPI)	0.997781	0.002219	CS pos: 21-22. AQA-RQ. Pr: 0.8136
evm.utg2969.12	SP(Sec/SPI)	0.999221	0.000779	CS pos: 22-23. VES-GG. Pr: 0.9313
evm.utg2969.31	SP(Sec/SPI)	0.831511	0.168489	CS pos: 26-27. SWC-LS. Pr: 0.3377
evm.utg2969.33	SP(Sec/SPI)	0.675800	0.324200	CS pos: 23-24. VSS-GN. Pr: 0.2645
evm.utg2969.41	SP(Sec/SPI)	0.657700	0.342300	CS pos: 25-26. VVS-IS. Pr: 0.5032
evm.utg2969.45	SP(Sec/SPI)	0.555462	0.444538	CS pos: 30-31. QWG-TV. Pr: 0.1161
evm.utg2969.69	SP(Sec/SPI)	0.954332	0.045668	CS pos: 22-23. LDA-TT. Pr: 0.5924
evm.utg2969.74	SP(Sec/SPI)	0.960964	0.039036	CS pos: 23-24. STA-EH. Pr: 0.6156
evm.utg2994.1	SP(Sec/SPI)	0.933726	0.066274	CS pos: 24-25. CDS-AA. Pr: 0.2862
evm.utg2994.23	SP(Sec/SPI)	0.965226	0.034774	CS pos: 19-20. SLG-AV. Pr: 0.6263
evm.utg2994.38	SP(Sec/SPI)	0.747718	0.252282	CS pos: 36-37. ISG-SN. Pr: 0.4596
evm.utg2994.56	SP(Sec/SPI)	0.997605	0.002395	CS pos: 22-23. GHS-HS. Pr: 0.4803
evm.utg2994.60	SP(Sec/SPI)	0.957522	0.042478	CS pos: 23-24. VIA-SY. Pr: 0.5921
evm.utg2994.61	SP(Sec/SPI)	0.980817	0.019183	CS pos: 15-16. VCA-KT. Pr: 0.7050
evm.utg2994.63	SP(Sec/SPI)	0.985385	0.014615	CS pos: 22-23. CSS-ST. Pr: 0.3601
evm.utg2994.65	SP(Sec/SPI)	0.735034	0.264966	CS pos: 21-22. SCG-KS. Pr: 0.4102
evm.utg2994.66	SP(Sec/SPI)	0.759341	0.240659	CS pos: 23-24. ACC-RR. Pr: 0.3534
evm.utg2994.67	SP(Sec/SPI)	0.994853	0.005147	CS pos: 25-26. TQS-MN. Pr: 0.7154
evm.utg2994.71	SP(Sec/SPI)	0.923342	0.076658	CS pos: 20-21. ITS-TN. Pr: 0.3754
evm.utg2994.72	SP(Sec/SPI)	0.946132	0.053868	CS pos: 20-21. ITS-TN. Pr: 0.4659
evm.utg2994.73	SP(Sec/SPI)	0.968783	0.031217	CS pos: 19-20. IRG-SV. Pr: 0.8614
evm.utg2994.76	SP(Sec/SPI)	0.894918	0.105082	CS pos: 23-24. VLA-SD. Pr: 0.8433
evm.utg2994.80	SP(Sec/SPI)	0.894732	0.105268	CS pos: 20-21. ITS-TN. Pr: 0.4557
evm.utg2994.92	SP(Sec/SPI)	0.948385	0.051615	CS pos: 23-24. TSA-NT. Pr: 0.4883
evm.utg3013.9	SP(Sec/SPI)	0.984975	0.015025	CS pos: 24-25. AQG-FS. Pr: 0.7326
evm.utg3013.13	SP(Sec/SPI)	0.782129	0.217871	CS pos: 15-16. TQG-LF. Pr: 0.4370
evm.utg3013.14	SP(Sec/SPI)	0.614497	0.385503	CS pos: 25-26. VDG-WM. Pr: 0.3284
evm.utg3013.27	SP(Sec/SPI)	0.864184	0.135816	CS pos: 18-19. TYA-SM. Pr: 0.7878
utg3013.equina_smart_858792.mrna1	SP(Sec/SPI)	0.999717	0.000283	CS pos: 19-20. AHA-EA. Pr: 0.5029
utg3013.equina_smart_943547.mrna1	SP(Sec/SPI)	0.976600	0.023400	CS pos: 26-27. AFS-AI. Pr: 0.7802
evm.utg3013.40	SP(Sec/SPI)	0.991802	0.008198	CS pos: 19-20. AMA-AL. Pr: 0.6917
evm.utg3013.42	SP(Sec/SPI)	0.984216	0.015784	CS pos: 19-20. AMA-AL. Pr: 0.6726
evm.utg3013.47	SP(Sec/SPI)	0.991246	0.008754	CS pos: 19-20. AMA-AL. Pr: 0.6882
utg3019.equina_smart_1507137.mrna2	SP(Sec/SPI)	0.914495	0.085505	CS pos: 17-18. APC-LR. Pr: 0.2839
evm.utg3019.8	SP(Sec/SPI)	0.986815	0.013185	CS pos: 20-21. VLS-SS. Pr: 0.5830
evm.utg3019.10	SP(Sec/SPI)	0.903586	0.096414	CS pos: 23-24. VVG-KY. Pr: 0.8044
evm.utg3019.28	SP(Sec/SPI)	0.998142	0.001858	CS pos: 18-19. AVA-ER. Pr: 0.7524
evm.utg3019.46	SP(Sec/SPI)	0.919564	0.080436	CS pos: 27-28. STA-DY. Pr: 0.5119
evm.utg3019.47	SP(Sec/SPI)	0.986642	0.013358	CS pos: 16-17. SNA-QE. Pr: 0.8934
utg3019.equina_smart_1447778.mrna1	SP(Sec/SPI)	0.996960	0.003040	CS pos: 17-18. TLA-EE. Pr: 0.9475
evm.utg3019.50	SP(Sec/SPI)	0.983170	0.016830	CS pos: 23-24. LLA-EE. Pr: 0.9073
evm.utg3019.51	SP(Sec/SPI)	0.997940	0.002060	CS pos: 18-19. TFG-QN. Pr: 0.8799
evm.utg3019.52	SP(Sec/SPI)	0.994770	0.005230	CS pos: 21-22. TFG-QN. Pr: 0.8854
evm.utg3019.64	SP(Sec/SPI)	0.905237	0.094763	CS pos: 22-23. AVA-WD. Pr: 0.7103
evm.utg3019.66	SP(Sec/SPI)	0.999787	0.000213	CS pos: 16-17. TLA-FE. Pr: 0.9001
evm.utg3041.3	SP(Sec/SPI)	0.993705	0.006295	CS pos: 25-26. VSA-DG. Pr: 0.7917
evm.utg3041.15	SP(Sec/SPI)	0.952510	0.047490	CS pos: 18-19. VGA-IH. Pr: 0.8297
evm.utg3041.19	SP(Sec/SPI)	0.845190	0.154810	CS pos: 18-19. VGA-IH. Pr: 0.6908
evm.utg3041.26	SP(Sec/SPI)	0.988561	0.011439	CS pos: 18-19. GKC-AK. Pr: 0.7191
evm.utg3041.32	SP(Sec/SPI)	0.951160	0.048840	CS pos: 27-28. TSA-RD. Pr: 0.6825
evm.utg3041.37	SP(Sec/SPI)	0.997062	0.002938	CS pos: 20-21. IDG-QE. Pr: 0.9432
evm.utg3092.17	SP(Sec/SPI)	0.967907	0.032093	CS pos: 21-22. TRA-YS. Pr: 0.8429
evm.utg3092.20	SP(Sec/SPI)	0.692348	0.307652	CS pos: 24-25. SFT-NL. Pr: 0.4155
evm.utg3092.37	SP(Sec/SPI)	0.997017	0.002983	CS pos: 20-21. SFG-AA. Pr: 0.5296
evm.utg3092.54	SP(Sec/SPI)	0.848559	0.151441	CS pos: 25-26. SLA-TN. Pr: 0.7635
evm.utg3092.55	SP(Sec/SPI)	0.934677	0.065323	CS pos: 24-25. LEG-RK. Pr: 0.6809
evm.utg3092.56	SP(Sec/SPI)	0.996528	0.003472	CS pos: 19-20. AGA-NE. Pr: 0.8992
evm.utg3092.63	SP(Sec/SPI)	0.974910	0.025090	CS pos: 20-21. VIS-EF. Pr: 0.7817
evm.utg3093.11.1.5c22eec5	SP(Sec/SPI)	0.964924	0.035076	CS pos: 22-23. VCG-RE. Pr: 0.6185
evm.utg3155.22	SP(Sec/SPI)	0.980579	0.019421	CS pos: 31-32. AIA-DL. Pr: 0.7292
evm.utg3155.23	SP(Sec/SPI)	0.999486	0.000514	CS pos: 21-22. ADA-ES. Pr: 0.6286
evm.utg3155.37	SP(Sec/SPI)	0.951816	0.048184	CS pos: 24-25. GYS-DK. Pr: 0.9301
evm.utg3158.20	SP(Sec/SPI)	0.988970	0.011030	CS pos: 18-19. VRS-IT. Pr: 0.8117
evm.utg3158.39	SP(Sec/SPI)	0.993214	0.006786	CS pos: 23-24. VEC-VT. Pr: 0.9553
evm.utg3158.48	SP(Sec/SPI)	0.994539	0.005461	CS pos: 22-23. TEA-KL. Pr: 0.9570
evm.utg3158.52	SP(Sec/SPI)	0.997315	0.002685	CS pos: 21-22. TEA-KL. Pr: 0.9622
evm.utg3158.54	SP(Sec/SPI)	0.997310	0.002690	CS pos: 21-22. TEA-KI. Pr: 0.9661
evm.utg3158.58	SP(Sec/SPI)	0.989081	0.010919	CS pos: 24-25. TEA-KI. Pr: 0.9557
evm.utg3164.2	SP(Sec/SPI)	0.989363	0.010637	CS pos: 24-25. VSA-TH. Pr: 0.8615
evm.utg3164.14	SP(Sec/SPI)	0.978271	0.021729	CS pos: 23-24. AFC-LE. Pr: 0.9276
evm.utg3164.22	SP(Sec/SPI)	0.998704	0.001296	CS pos: 20-21. VTS-LR. Pr: 0.9619
evm.utg3164.60	SP(Sec/SPI)	0.902649	0.097351	CS pos: 25-26. TRA-RH. Pr: 0.8283
evm.utg3174.17	SP(Sec/SPI)	0.992120	0.007880	CS pos: 31-32. ALT-AV. Pr: 0.4306
evm.utg3174.30	SP(Sec/SPI)	0.995159	0.004841	CS pos: 15-16. VAA-ST. Pr: 0.5291
evm.utg3174.50	SP(Sec/SPI)	0.977347	0.022653	CS pos: 20-21. AFS-HQ. Pr: 0.5563
evm.utg3174.51	SP(Sec/SPI)	0.998051	0.001949	CS pos: 19-20. TQA-FP. Pr: 0.9423
evm.utg3174.53	SP(Sec/SPI)	0.998258	0.001742	CS pos: 18-19. VFG-AP. Pr: 0.7168
evm.utg3174.55	SP(Sec/SPI)	0.962636	0.037364	CS pos: 20-21. SLG-VD. Pr: 0.9005
evm.utg3197.16.17.18.5.5c279377	SP(Sec/SPI)	0.984882	0.015118	CS pos: 22-23. AQG-RV. Pr: 0.6852
utg3197.equina_smart_1448885.mrna1	SP(Sec/SPI)	0.949739	0.050261	CS pos: 22-23. VQG-RM. Pr: 0.8621
evm.utg3197.20	SP(Sec/SPI)	0.994780	0.005220	CS pos: 21-22. GHG-KT. Pr: 0.9234
evm.utg3197.21	SP(Sec/SPI)	0.980831	0.019169	CS pos: 25-26. ADT-GP. Pr: 0.6057
evm.utg3197.28	SP(Sec/SPI)	0.927660	0.072340	CS pos: 22-23. VLA-TI. Pr: 0.8015
evm.utg3199.3	SP(Sec/SPI)	0.990830	0.009170	CS pos: 22-23. NVA-SP. Pr: 0.4827
evm.utg3199.32	SP(Sec/SPI)	0.979568	0.020432	CS pos: 25-26. SDA-CA. Pr: 0.9072
evm.utg3199.34	SP(Sec/SPI)	0.974544	0.025456	CS pos: 20-21. CLA-GI. Pr: 0.8473
evm.utg3199.36	SP(Sec/SPI)	0.976796	0.023204	CS pos: 20-21. TLA-LP. Pr: 0.7523
evm.utg3199.43	SP(Sec/SPI)	0.997189	0.002811	CS pos: 21-22. AEG-VI. Pr: 0.9306
evm.utg3199.61	SP(Sec/SPI)	0.731518	0.268482	CS pos: 20-21. GFC-VL. Pr: 0.3813
evm.utg3199.63	SP(Sec/SPI)	0.857963	0.142037	CS pos: 20-21. GFC-VL. Pr: 0.4533
evm.utg3199.66	SP(Sec/SPI)	0.698961	0.301039	CS pos: 20-21. GFC-VL. Pr: 0.3631
evm.utg3199.67	SP(Sec/SPI)	0.768127	0.231873	CS pos: 20-21. GFC-VL. Pr: 0.3668
evm.utg3201.3	SP(Sec/SPI)	0.661500	0.338500	CS pos: 28-29. TSS-LT. Pr: 0.4352
evm.utg3201.9	SP(Sec/SPI)	0.994701	0.005299	CS pos: 22-23. SQG-QT. Pr: 0.7924
evm.utg3201.13	SP(Sec/SPI)	0.999591	0.000409	CS pos: 18-19. SHA-FP. Pr: 0.9747
evm.utg3201.18	SP(Sec/SPI)	0.905360	0.094640	CS pos: 33-34. ITA-AS. Pr: 0.4493
evm.utg3201.20	SP(Sec/SPI)	0.997696	0.002304	CS pos: 23-24. VSG-QM. Pr: 0.8450
evm.utg3201.24	SP(Sec/SPI)	0.999266	0.000734	CS pos: 21-22. IQA-DC. Pr: 0.9155
evm.utg3201.25	SP(Sec/SPI)	0.998628	0.001372	CS pos: 21-22. SRS-FE. Pr: 0.9180
evm.utg3201.26	SP(Sec/SPI)	0.999474	0.000526	CS pos: 19-20. ASP-LE. Pr: 0.4905
evm.utg3201.30	SP(Sec/SPI)	0.971132	0.028868	CS pos: 24-25. VGA-EQ. Pr: 0.8780
evm.utg3201.32	SP(Sec/SPI)	0.614793	0.385207	CS pos: 26-27. VYS-GS. Pr: 0.4910
evm.utg3201.33	SP(Sec/SPI)	0.940312	0.059688	CS pos: 23-24. VSS-SG. Pr: 0.6616
evm.utg3201.46	SP(Sec/SPI)	0.994977	0.005023	CS pos: 26-27. SLG-EQ. Pr: 0.9084
evm.utg3201.52	SP(Sec/SPI)	0.999212	0.000788	CS pos: 23-24. FFA-EK. Pr: 0.5266
evm.utg3210.10	SP(Sec/SPI)	0.956888	0.043112	CS pos: 25-26. CHT-TS. Pr: 0.3395
evm.utg3210.20	SP(Sec/SPI)	0.997651	0.002349	CS pos: 22-23. ILA-HP. Pr: 0.8103
evm.utg3210.24	SP(Sec/SPI)	0.979789	0.020211	CS pos: 23-24. IEA-NQ. Pr: 0.9285
evm.utg3210.25	SP(Sec/SPI)	0.968529	0.031471	CS pos: 21-22. ALS-SK. Pr: 0.3838
evm.utg3210.26	SP(Sec/SPI)	0.960360	0.039640	CS pos: 21-22. ALS-SK. Pr: 0.3963
evm.utg3210.27	SP(Sec/SPI)	0.983502	0.016498	CS pos: 19-20. ATA-LP. Pr: 0.7376
evm.utg3210.28	SP(Sec/SPI)	0.987540	0.012460	CS pos: 19-20. ATA-LP. Pr: 0.7455
evm.utg3235.1	SP(Sec/SPI)	0.996303	0.003697	CS pos: 21-22. SQS-SS. Pr: 0.4937
utg3235.equina_smart_416527.mrna2	SP(Sec/SPI)	0.998801	0.001199	CS pos: 21-22. VSG-WC. Pr: 0.8600
evm.utg3235.18	SP(Sec/SPI)	0.992191	0.007809	CS pos: 23-24. SNA-KL. Pr: 0.9571
evm.utg3235.25	SP(Sec/SPI)	0.997876	0.002124	CS pos: 22-23. SLG-AS. Pr: 0.4466
evm.utg3260.2	SP(Sec/SPI)	0.991760	0.008240	CS pos: 18-19. SLA-RH. Pr: 0.9161
evm.utg3260.13	SP(Sec/SPI)	0.977944	0.022056	CS pos: 20-21. TEA-RY. Pr: 0.8173
evm.utg3260.14	SP(Sec/SPI)	0.813836	0.186164	CS pos: 26-27. CRG-SP. Pr: 0.6220
evm.utg3260.15	SP(Sec/SPI)	0.791855	0.208145	CS pos: 27-28. TQT-AD. Pr: 0.5036
evm.utg3260.29	SP(Sec/SPI)	0.505319	0.494681	CS pos: 27-28. IFA-SS. Pr: 0.1791
evm.utg3283.9	SP(Sec/SPI)	0.636070	0.363930	CS pos: 27-28. IQT-AD. Pr: 0.3576
evm.utg3283.10	SP(Sec/SPI)	0.867371	0.132629	CS pos: 25-26. CRG-SP. Pr: 0.6707
evm.utg3283.11	SP(Sec/SPI)	0.959174	0.040826	CS pos: 20-21. TEA-RY. Pr: 0.6869
evm.utg3283.12	SP(Sec/SPI)	0.733147	0.266853	CS pos: 23-24. VTG-VA. Pr: 0.3624
evm.utg3283.22	SP(Sec/SPI)	0.992534	0.007466	CS pos: 18-19. SLA-RH. Pr: 0.9150
evm.utg3283.37	SP(Sec/SPI)	0.635346	0.364654	CS pos: 15-16. SCS-DD. Pr: 0.2994
evm.utg3284.9	SP(Sec/SPI)	0.998024	0.001976	CS pos: 19-20. SEA-CG. Pr: 0.7236
evm.utg3284.10	SP(Sec/SPI)	0.823840	0.176160	CS pos: 21-22. NDA-SQ. Pr: 0.4917
evm.utg3284.12	SP(Sec/SPI)	0.654546	0.345454	CS pos: 28-29. GKA-QF. Pr: 0.5623
evm.utg3284.13	SP(Sec/SPI)	0.986501	0.013499	CS pos: 22-23. IYA-TM. Pr: 0.9324
evm.utg3284.18	SP(Sec/SPI)	0.992929	0.007071	CS pos: 21-22. AKA-TQ. Pr: 0.9417
evm.utg3284.20	SP(Sec/SPI)	0.993299	0.006701	CS pos: 21-22. TYA-TM. Pr: 0.9615
evm.utg3284.32	SP(Sec/SPI)	0.942620	0.057380	CS pos: 21-22. SYA-TM. Pr: 0.6789
evm.utg3284.34	SP(Sec/SPI)	0.964245	0.035755	CS pos: 22-23. TYC-HG. Pr: 0.6058
evm.utg3284.37.3.5c22ef20	SP(Sec/SPI)	0.870296	0.129704	CS pos: 18-19. TDA-KE. Pr: 0.8264
evm.utg3284.49	SP(Sec/SPI)	0.593120	0.406880	CS pos: 38-39. VDA-DI. Pr: 0.5765
evm.utg3284.50	SP(Sec/SPI)	0.953710	0.046290	CS pos: 21-22. VCG-SE. Pr: 0.6195
evm.utg3284.69	SP(Sec/SPI)	0.991858	0.008142	CS pos: 21-22. VKG-CV. Pr: 0.8554
evm.utg3295.17	SP(Sec/SPI)	0.982951	0.017049	CS pos: 26-27. ALS-ET. Pr: 0.8022
evm.utg3329.2	SP(Sec/SPI)	0.770244	0.229756	CS pos: 17-18. IHA-CE. Pr: 0.5411
evm.utg3329.4	SP(Sec/SPI)	0.933360	0.066640	CS pos: 18-19. ILA-CE. Pr: 0.4514
evm.utg3329.6	SP(Sec/SPI)	0.548798	0.451202	CS pos: 44-45. SSG-KT. Pr: 0.4980
evm.utg3329.17	SP(Sec/SPI)	0.988851	0.011149	CS pos: 19-20. ANA-SI. Pr: 0.6085
evm.utg3329.18	SP(Sec/SPI)	0.911916	0.088084	CS pos: 21-22. SEA-VE. Pr: 0.8168
utg3329.equina_smart_1449760.mrna1	SP(Sec/SPI)	0.890422	0.109578	CS pos: 24-25. CLG-TN. Pr: 0.6802
evm.utg3329.21	SP(Sec/SPI)	0.773391	0.226609	CS pos: 29-30. TRA-AP. Pr: 0.7558
evm.utg3329.22	SP(Sec/SPI)	0.913343	0.086657	CS pos: 28-29. CDG-KK. Pr: 0.6835
evm.utg3329.28	SP(Sec/SPI)	0.894364	0.105636	CS pos: 21-22. IIA-TT. Pr: 0.4544
evm.utg3329.39	SP(Sec/SPI)	0.986598	0.013402	CS pos: 19-20. AAA-RP. Pr: 0.6908
evm.utg3339.5	SP(Sec/SPI)	0.600551	0.399449	CS pos: 18-19. SHT-YQ. Pr: 0.5304
evm.utg3339.20	SP(Sec/SPI)	0.610511	0.389489	CS pos: 18-19. SHT-YQ. Pr: 0.5385
evm.utg3365.2	SP(Sec/SPI)	0.843528	0.156472	CS pos: 18-19. LFS-DP. Pr: 0.6248
evm.utg3365.15	SP(Sec/SPI)	0.977154	0.022846	CS pos: 29-30. CFA-EE. Pr: 0.8891
evm.utg3365.18	SP(Sec/SPI)	0.993626	0.006374	CS pos: 22-23. SDS-LP. Pr: 0.6695
evm.utg3365.20	SP(Sec/SPI)	0.996579	0.003421	CS pos: 18-19. VDS-ES. Pr: 0.7363
evm.utg3365.25	SP(Sec/SPI)	0.912429	0.087571	CS pos: 22-23. ASG-WW. Pr: 0.5706
evm.utg3365.39	SP(Sec/SPI)	0.993352	0.006648	CS pos: 26-27. VKA-SA. Pr: 0.3755
evm.utg3380.3	SP(Sec/SPI)	0.976347	0.023653	CS pos: 17-18. IQG-CG. Pr: 0.4974
utg3380.equina_smart_1833833.mrna2	SP(Sec/SPI)	0.993465	0.006535	CS pos: 20-21. VSC-QN. Pr: 0.9352
evm.utg3380.6	SP(Sec/SPI)	0.803052	0.196948	CS pos: 28-29. VQG-GA. Pr: 0.3820
evm.utg3380.13	SP(Sec/SPI)	0.997497	0.002503	CS pos: 18-19. VYS-ED. Pr: 0.9037
evm.utg3380.28	SP(Sec/SPI)	0.991862	0.008138	CS pos: 22-23. LEA-GD. Pr: 0.4999
evm.utg3400.5	SP(Sec/SPI)	0.993811	0.006189	CS pos: 18-19. TSG-DT. Pr: 0.9191
evm.utg3403.7	SP(Sec/SPI)	0.990499	0.009501	CS pos: 15-16. VSG-DD. Pr: 0.8511
evm.utg3409.3	SP(Sec/SPI)	0.630893	0.369107	CS pos: 17-18. VKS-HV. Pr: 0.4029
evm.utg3409.6	SP(Sec/SPI)	0.918699	0.081301	CS pos: 22-23. THS-TT. Pr: 0.7618
evm.utg3409.7	SP(Sec/SPI)	0.999832	0.000168	CS pos: 21-22. IEA-NE. Pr: 0.9833
evm.utg3409.8	SP(Sec/SPI)	0.998905	0.001095	CS pos: 22-23. VRA-AR. Pr: 0.8971
evm.utg3409.13	SP(Sec/SPI)	0.999819	0.000181	CS pos: 22-23. AEG-IK. Pr: 0.5170
evm.utg3436.4	SP(Sec/SPI)	0.994804	0.005196	CS pos: 23-24. CYG-DP. Pr: 0.9061
evm.utg3443.2	SP(Sec/SPI)	0.895125	0.104875	CS pos: 19-20. SFS-VR. Pr: 0.3983
evm.utg3443.15	SP(Sec/SPI)	0.990017	0.009983	CS pos: 21-22. CGG-SL. Pr: 0.6876
evm.utg3443.20	SP(Sec/SPI)	0.568165	0.431835	CS pos: 28-29. GSS-QG. Pr: 0.2381
evm.utg3443.34.35	SP(Sec/SPI)	0.900391	0.099609	CS pos: 25-26. VLG-CQ. Pr: 0.6252
evm.utg3443.36	SP(Sec/SPI)	0.852319	0.147681	CS pos: 25-26. VLG-CQ. Pr: 0.5922
evm.utg3443.37	SP(Sec/SPI)	0.897513	0.102487	CS pos: 25-26. VFG-CQ. Pr: 0.6595
evm.utg3443.38	SP(Sec/SPI)	0.705926	0.294074	CS pos: 25-26. VFG-CQ. Pr: 0.5174
evm.utg3443.47	SP(Sec/SPI)	0.837589	0.162411	CS pos: 34-35. TDA-AF. Pr: 0.7975
evm.utg3443.48	SP(Sec/SPI)	0.953661	0.046339	CS pos: 24-25. AKT-CD. Pr: 0.5456
evm.utg3443.49	SP(Sec/SPI)	0.985772	0.014228	CS pos: 27-28. ALS-CD. Pr: 0.6673
evm.utg3443.57	SP(Sec/SPI)	0.926877	0.073123	CS pos: 20-21. TTG-SE. Pr: 0.3695
evm.utg3443.59	SP(Sec/SPI)	0.967311	0.032689	CS pos: 23-24. SEA-NQ. Pr: 0.6649
evm.utg3443.60	SP(Sec/SPI)	0.999839	0.000161	CS pos: 23-24. IEG-AP. Pr: 0.9192
evm.utg3443.63.61	SP(Sec/SPI)	0.986316	0.013684	CS pos: 21-22. AHA-LS. Pr: 0.7141
evm.utg3443.62	SP(Sec/SPI)	0.971455	0.028545	CS pos: 19-20. ATA-LS. Pr: 0.3520
evm.utg3443.66	SP(Sec/SPI)	0.962881	0.037119	CS pos: 21-22. ALS-SK. Pr: 0.4115
evm.utg3443.67	SP(Sec/SPI)	0.997754	0.002246	CS pos: 23-24. VEA-NR. Pr: 0.9177
evm.utg3443.68	SP(Sec/SPI)	0.944466	0.055534	CS pos: 23-24. IEA-NQ. Pr: 0.8973
evm.utg3443.74	SP(Sec/SPI)	0.993728	0.006272	CS pos: 22-23. ILA-HH. Pr: 0.8167
evm.utg3452.16	SP(Sec/SPI)	0.570676	0.429324	CS pos: 21-22. SLC-RI. Pr: 0.2431
evm.utg3470.15	SP(Sec/SPI)	0.989341	0.010659	CS pos: 20-21. VLA-SS. Pr: 0.7890
evm.utg3474.24	SP(Sec/SPI)	0.997004	0.002996	CS pos: 26-27. VKS-SH. Pr: 0.3094
evm.utg3487.9	SP(Sec/SPI)	0.835761	0.164239	CS pos: 29-30. VFA-AV. Pr: 0.8019
evm.utg3487.14	SP(Sec/SPI)	0.698417	0.301583	CS pos: 27-28. ALA-TE. Pr: 0.4697
utg3487.equina_smart_1828192.mrna2	SP(Sec/SPI)	0.984931	0.015069	CS pos: 23-24. VRC-FM. Pr: 0.9247
evm.utg3499.3	SP(Sec/SPI)	0.999069	0.000931	CS pos: 24-25. ANA-HY. Pr: 0.9022
evm.utg3499.9	SP(Sec/SPI)	0.998966	0.001034	CS pos: 20-21. VEG-GN. Pr: 0.8450
evm.utg3509.8	SP(Sec/SPI)	0.788691	0.211309	CS pos: 24-25. VVS-ST. Pr: 0.2937
evm.utg3522.2	SP(Sec/SPI)	0.921539	0.078461	CS pos: 24-25. CDS-AT. Pr: 0.5084
evm.utg3522.3	SP(Sec/SPI)	0.866629	0.133371	CS pos: 22-23. TFC-DS. Pr: 0.4752
evm.utg3522.5	SP(Sec/SPI)	0.941826	0.058174	CS pos: 23-24. CYT-AT. Pr: 0.6977
evm.utg3522.8	SP(Sec/SPI)	0.983283	0.016717	CS pos: 21-22. SKA-NY. Pr: 0.7668
evm.utg3522.15	SP(Sec/SPI)	0.636346	0.363654	CS pos: 33-34. AAA-VD. Pr: 0.1752
evm.utg3522.18.20	SP(Sec/SPI)	0.985972	0.014028	CS pos: 21-22. IQA-IH. Pr: 0.9399
evm.utg3522.27	SP(Sec/SPI)	0.980184	0.019816	CS pos: 33-34. VLA-QN. Pr: 0.9553
evm.utg3522.29	SP(Sec/SPI)	0.894043	0.105957	CS pos: 28-29. TES-DD. Pr: 0.4684
evm.utg3522.37	SP(Sec/SPI)	0.669520	0.330480	CS pos: 29-30. TGA-KG. Pr: 0.2253
evm.utg3522.40	SP(Sec/SPI)	0.990497	0.009503	CS pos: 18-19. SEA-KR. Pr: 0.7280
evm.utg3522.45	SP(Sec/SPI)	0.988957	0.011043	CS pos: 22-23. IQG-QA. Pr: 0.7265
evm.utg3522.49	SP(Sec/SPI)	0.922096	0.077904	CS pos: 24-25. GKA-IV. Pr: 0.5276
evm.utg3522.48	SP(Sec/SPI)	0.997954	0.002046	CS pos: 25-26. SWG-HQ. Pr: 0.6875
evm.utg3522.54.1.5c22ef83	SP(Sec/SPI)	0.730129	0.269871	CS pos: 18-19. SYS-GR. Pr: 0.6367
evm.utg3522.58.1.5c22ef7f	SP(Sec/SPI)	0.981763	0.018237	CS pos: 25-26. TSG-EK. Pr: 0.7345
evm.utg3522.59	SP(Sec/SPI)	0.926390	0.073610	CS pos: 27-28. ATS-QS. Pr: 0.4556
evm.utg3522.69	SP(Sec/SPI)	0.982309	0.017691	CS pos: 25-26. GNA-EG. Pr: 0.9073
evm.utg3522.71	SP(Sec/SPI)	0.999774	0.000226	CS pos: 22-23. TQA-HP. Pr: 0.8999
evm.utg3522.75	SP(Sec/SPI)	0.974817	0.025183	CS pos: 19-20. LAA-IT. Pr: 0.3242
evm.utg3522.81	SP(Sec/SPI)	0.986665	0.013335	CS pos: 21-22. VSA-LP. Pr: 0.8881
evm.utg3522.84	SP(Sec/SPI)	0.913861	0.086139	CS pos: 19-20. VSS-AL. Pr: 0.4668
evm.utg3536.2	SP(Sec/SPI)	0.751461	0.248539	CS pos: 25-26. ASC-QL. Pr: 0.6038
evm.utg3536.3	SP(Sec/SPI)	0.998828	0.001172	CS pos: 20-21. CLG-ID. Pr: 0.9252
evm.utg3536.7	SP(Sec/SPI)	0.905179	0.094821	CS pos: 21-22. IQG-YL. Pr: 0.2931
evm.utg3536.9	SP(Sec/SPI)	0.981697	0.018303	CS pos: 23-24. VFS-LD. Pr: 0.8531
evm.utg3536.10	SP(Sec/SPI)	0.994504	0.005496	CS pos: 29-30. TNA-SI. Pr: 0.5441
evm.utg3536.26	SP(Sec/SPI)	0.930738	0.069262	CS pos: 16-17. GDS-SF. Pr: 0.4330
evm.utg3605.49	SP(Sec/SPI)	0.999678	0.000322	CS pos: 20-21. VQG-SW. Pr: 0.9686
evm.utg3605.56.57	SP(Sec/SPI)	0.993480	0.006520	CS pos: 21-22. SSA-TD. Pr: 0.8739
evm.utg3609.18	SP(Sec/SPI)	0.989599	0.010401	CS pos: 21-22. VSS-LA. Pr: 0.3715
utg3609.equina_smart_1059378.mrna1	SP(Sec/SPI)	0.960603	0.039397	CS pos: 28-29. VKA-DI. Pr: 0.8641
evm.utg3622.4	SP(Sec/SPI)	0.995389	0.004611	CS pos: 19-20. ARA-QE. Pr: 0.9151
evm.utg3622.24	SP(Sec/SPI)	0.528137	0.471863	CS pos: 23-24. VGA-AI. Pr: 0.3423
evm.utg3642.3	SP(Sec/SPI)	0.976993	0.023007	CS pos: 19-20. SSG-SP. Pr: 0.5077
evm.utg3642.4	SP(Sec/SPI)	0.582493	0.417507	CS pos: 29-30. SFA-GC. Pr: 0.4647
utg3677.evm.utg4604.11.mrna3	SP(Sec/SPI)	0.962413	0.037587	CS pos: 26-27. SSA-YT. Pr: 0.7249
evm.utg3678.2	SP(Sec/SPI)	0.984882	0.015118	CS pos: 26-27. TQA-VV. Pr: 0.8208
evm.utg3722.17	SP(Sec/SPI)	0.989826	0.010174	CS pos: 24-25. AQG-FS. Pr: 0.8824
evm.utg3722.21	SP(Sec/SPI)	0.947135	0.052865	CS pos: 15-16. TQG-LF. Pr: 0.4050
evm.utg3722.33	SP(Sec/SPI)	0.996129	0.003871	CS pos: 21-22. TYA-SM. Pr: 0.9659
evm.utg3753.3	SP(Sec/SPI)	0.992281	0.007719	CS pos: 18-19. ASA-QK. Pr: 0.8033
evm.utg3753.5	SP(Sec/SPI)	0.993077	0.006923	CS pos: 24-25. THA-YN. Pr: 0.9807
evm.utg3753.15	SP(Sec/SPI)	0.995578	0.004422	CS pos: 23-24. VKG-DE. Pr: 0.9390
evm.utg3753.22	SP(Sec/SPI)	0.973055	0.026945	CS pos: 24-25. AFS-EG. Pr: 0.5010
evm.utg3753.26	SP(Sec/SPI)	0.996448	0.003552	CS pos: 18-19. ANG-CQ. Pr: 0.7801
evm.utg3753.38	SP(Sec/SPI)	0.998881	0.001119	CS pos: 19-20. IEG-LT. Pr: 0.8664
evm.utg3753.39	SP(Sec/SPI)	0.940761	0.059239	CS pos: 22-23. ITG-LT. Pr: 0.6091
utg3753.equina_smart_1887295.mrna2	SP(Sec/SPI)	0.832016	0.167984	CS pos: 20-21. IYC-RC. Pr: 0.3405
utg3753.equina_smart_1887118.mrna3	SP(Sec/SPI)	0.996487	0.003513	CS pos: 19-20. VEN-KG. Pr: 0.5634
utg3753.equina_smart_1451669.mrna1	SP(Sec/SPI)	0.794502	0.205498	CS pos: 24-25. GSA-TW. Pr: 0.2813
evm.utg3753.44	SP(Sec/SPI)	0.992466	0.007534	CS pos: 19-20. VEN-KG. Pr: 0.5483
evm.utg3753.49	SP(Sec/SPI)	0.979004	0.020996	CS pos: 20-21. SYG-LL. Pr: 0.7757
evm.utg3761.7	SP(Sec/SPI)	0.999202	0.000798	CS pos: 17-18. VSG-EI. Pr: 0.8610
evm.utg3761.8	SP(Sec/SPI)	0.995920	0.004080	CS pos: 24-25. TSS-TN. Pr: 0.5646
utg3761.evm.utg4157.1.mrna2	SP(Sec/SPI)	0.936139	0.063861	CS pos: 28-29. AKA-TN. Pr: 0.8279
evm.utg3761.28	SP(Sec/SPI)	0.886938	0.113062	CS pos: 20-21. ANL-QP. Pr: 0.4073
evm.utg3787.4	SP(Sec/SPI)	0.732757	0.267243	CS pos: 21-22. CCG-SF. Pr: 0.1912
evm.utg3787.21	SP(Sec/SPI)	0.965468	0.034532	CS pos: 19-20. AKS-AV. Pr: 0.4634
evm.utg3787.24	SP(Sec/SPI)	0.946545	0.053455	CS pos: 22-23. IFG-KS. Pr: 0.7664
evm.utg3787.27	SP(Sec/SPI)	0.944070	0.055930	CS pos: 24-25. TNG-WR. Pr: 0.8137
evm.utg3787.28	SP(Sec/SPI)	0.968785	0.031215	CS pos: 28-29. AHG-TR. Pr: 0.7202
evm.utg3787.29	SP(Sec/SPI)	0.992374	0.007626	CS pos: 25-26. ITA-TE. Pr: 0.8079
evm.utg3787.35	SP(Sec/SPI)	0.989613	0.010387	CS pos: 21-22. IKA-LE. Pr: 0.8640
evm.utg3787.36	SP(Sec/SPI)	0.999424	0.000576	CS pos: 24-25. TAA-ED. Pr: 0.5338
evm.utg3787.37	SP(Sec/SPI)	0.999330	0.000670	CS pos: 21-22. TFA-DL. Pr: 0.9865
evm.utg3787.40.2.5c22efe2	SP(Sec/SPI)	0.914904	0.085096	CS pos: 22-23. LQA-LS. Pr: 0.5526
evm.utg3790.18	SP(Sec/SPI)	0.999522	0.000478	CS pos: 22-23. AES-RE. Pr: 0.4774
evm.utg3790.19	SP(Sec/SPI)	0.995732	0.004268	CS pos: 20-21. VRG-SP. Pr: 0.8428
evm.utg3790.21	SP(Sec/SPI)	0.996991	0.003009	CS pos: 24-25. GSA-DS. Pr: 0.4558
evm.utg3790.23	SP(Sec/SPI)	0.921179	0.078821	CS pos: 28-29. IQA-IP. Pr: 0.7571
evm.utg3790.25	SP(Sec/SPI)	0.801132	0.198868	CS pos: 22-23. FWA-FN. Pr: 0.3154
evm.utg3790.29	SP(Sec/SPI)	0.861884	0.138116	CS pos: 25-26. VTG-DN. Pr: 0.7970
evm.utg3790.30	SP(Sec/SPI)	0.831412	0.168588	CS pos: 24-25. VSS-KP. Pr: 0.7066
evm.utg3790.31	SP(Sec/SPI)	0.779473	0.220527	CS pos: 22-23. SLG-KH. Pr: 0.6162
evm.utg3790.34	SP(Sec/SPI)	0.998458	0.001542	CS pos: 21-22. TDA-SL. Pr: 0.9549
evm.utg3790.48	SP(Sec/SPI)	0.959701	0.040299	CS pos: 20-21. IEA-IP. Pr: 0.8255
evm.utg3790.54	SP(Sec/SPI)	0.947433	0.052567	CS pos: 24-25. SRA-EE. Pr: 0.4159
evm.utg3797.5	SP(Sec/SPI)	0.953155	0.046845	CS pos: 25-26. CLP-LK. Pr: 0.7507
evm.utg3797.30	SP(Sec/SPI)	0.993311	0.006689	CS pos: 23-24. VAA-QS. Pr: 0.4570
evm.utg3799.8	SP(Sec/SPI)	0.936359	0.063641	CS pos: 28-29. VSG-HT. Pr: 0.8330
evm.utg3799.9	SP(Sec/SPI)	0.988846	0.011154	CS pos: 24-25. ATA-ID. Pr: 0.6025
evm.utg3799.13	SP(Sec/SPI)	0.990499	0.009501	CS pos: 25-26. VAG-NS. Pr: 0.8561
evm.utg3799.17	SP(Sec/SPI)	0.863766	0.136234	CS pos: 30-31. VSG-NS. Pr: 0.8138
evm.utg3799.19	SP(Sec/SPI)	0.993120	0.006880	CS pos: 19-20. VQG-ED. Pr: 0.9880
evm.utg3803.1	SP(Sec/SPI)	0.993067	0.006933	CS pos: 16-17. VHA-CE. Pr: 0.8508
utg3803.evm.utg394.2.mrna2	SP(Sec/SPI)	0.972553	0.027447	CS pos: 16-17. IHA-CE. Pr: 0.7182
evm.utg3803.3	SP(Sec/SPI)	0.983910	0.016090	CS pos: 16-17. VQA-CE. Pr: 0.8765
evm.utg3803.9	SP(Sec/SPI)	0.998053	0.001947	CS pos: 16-17. AQA-GS. Pr: 0.8679
evm.utg3827.5	SP(Sec/SPI)	0.785561	0.214439	CS pos: 17-18. VFT-KF. Pr: 0.4937
evm.utg3827.31	SP(Sec/SPI)	0.970677	0.029323	CS pos: 20-21. FSC-EK. Pr: 0.4998
evm.utg3827.41	SP(Sec/SPI)	0.986328	0.013672	CS pos: 17-18. ITA-ME. Pr: 0.6719
evm.utg3834.5	SP(Sec/SPI)	0.949214	0.050786	CS pos: 24-25. VLC-DN. Pr: 0.6921
evm.utg3834.7	SP(Sec/SPI)	0.989432	0.010568	CS pos: 24-25. CSA-ND. Pr: 0.6704
evm.utg3839.3	SP(Sec/SPI)	0.842074	0.157926	CS pos: 20-21. SVS-EE. Pr: 0.4671
evm.utg3839.4	SP(Sec/SPI)	0.913608	0.086392	CS pos: 24-25. VFT-QD. Pr: 0.6577
evm.utg3839.17	SP(Sec/SPI)	0.738881	0.261119	CS pos: 17-18. VFS-TD. Pr: 0.6123
evm.utg3839.42	SP(Sec/SPI)	0.994225	0.005775	CS pos: 23-24. TQA-LN. Pr: 0.8634
evm.utg3839.52	SP(Sec/SPI)	0.970617	0.029383	CS pos: 19-20. PFA-QN. Pr: 0.4381
evm.utg3839.55	SP(Sec/SPI)	0.995694	0.004306	CS pos: 19-20. VHS-DD. Pr: 0.9520
evm.utg3839.71	SP(Sec/SPI)	0.948425	0.051575	CS pos: 21-22. VSG-GL. Pr: 0.5898
evm.utg3839.75	SP(Sec/SPI)	0.989870	0.010130	CS pos: 24-25. VFT-QD. Pr: 0.8217
evm.utg3839.76	SP(Sec/SPI)	0.960120	0.039880	CS pos: 21-22. VVP-AT. Pr: 0.3638
evm.utg3839.78	SP(Sec/SPI)	0.994550	0.005450	CS pos: 24-25. AFT-QD. Pr: 0.6585
evm.utg3839.79	SP(Sec/SPI)	0.993591	0.006409	CS pos: 24-25. ALT-QN. Pr: 0.6823
evm.utg3839.81	SP(Sec/SPI)	0.993591	0.006409	CS pos: 24-25. ALT-QN. Pr: 0.6823
utg3839.equina_smart_264981.mrna2	SP(Sec/SPI)	0.999684	0.000316	CS pos: 19-20. VLA-DK. Pr: 0.9260
evm.utg3839.86	SP(Sec/SPI)	0.920286	0.079714	CS pos: 20-21. SVS-EE. Pr: 0.5276
evm.utg3839.98	SP(Sec/SPI)	0.898203	0.101797	CS pos: 23-24. VFA-ST. Pr: 0.7940
evm.utg3839.99	SP(Sec/SPI)	0.976420	0.023580	CS pos: 23-24. VLA-NA. Pr: 0.6160
utg3839.equina_smart_815248.mrna1	SP(Sec/SPI)	0.999338	0.000662	CS pos: 22-23. GDG-SI. Pr: 0.4715
evm.utg3871.2	SP(Sec/SPI)	0.656254	0.343746	CS pos: 33-34. VEG-FA. Pr: 0.5826
evm.utg3871.9	SP(Sec/SPI)	0.694799	0.305201	CS pos: 20-21. TWF-FS. Pr: 0.1643
evm.utg3871.13	SP(Sec/SPI)	0.997313	0.002687	CS pos: 23-24. TNA-VT. Pr: 0.9614
evm.utg3872.4	SP(Sec/SPI)	0.963152	0.036848	CS pos: 20-21. ANG-EF. Pr: 0.9321
evm.utg3872.6	SP(Sec/SPI)	0.899051	0.100949	CS pos: 20-21. TNG-DI. Pr: 0.8567
evm.utg3872.7	SP(Sec/SPI)	0.976694	0.023306	CS pos: 20-21. ANG-DI. Pr: 0.9512
evm.utg3872.8	SP(Sec/SPI)	0.999181	0.000819	CS pos: 20-21. VVS-LK. Pr: 0.9201
evm.utg3872.9	SP(Sec/SPI)	0.827201	0.172799	CS pos: 23-24. TNA-LF. Pr: 0.4559
evm.utg3872.20	SP(Sec/SPI)	0.999392	0.000608	CS pos: 19-20. SSA-DI. Pr: 0.9601
evm.utg3872.21	SP(Sec/SPI)	0.991458	0.008542	CS pos: 17-18. SQA-SP. Pr: 0.7815
evm.utg3872.29	SP(Sec/SPI)	0.986759	0.013241	CS pos: 22-23. ITC-NI. Pr: 0.5502
utg3872.equina_smart_721318.mrna1	SP(Sec/SPI)	0.997018	0.002982	CS pos: 21-22. CSS-LT. Pr: 0.9218
evm.utg3872.35	SP(Sec/SPI)	0.998524	0.001476	CS pos: 22-23. GFG-LS. Pr: 0.8451
evm.utg3872.37	SP(Sec/SPI)	0.565958	0.434042	CS pos: 29-30. SSS-EK. Pr: 0.2213
evm.utg3872.45	SP(Sec/SPI)	0.867940	0.132060	CS pos: 22-23. IQG-LV. Pr: 0.5174
evm.utg3872.47	SP(Sec/SPI)	0.903619	0.096381	CS pos: 31-32. VQS-HS. Pr: 0.7786
evm.utg3872.51	SP(Sec/SPI)	0.977111	0.022889	CS pos: 20-21. IHS-TE. Pr: 0.6888
evm.utg3872.70	SP(Sec/SPI)	0.987220	0.012780	CS pos: 22-23. TYC-QD. Pr: 0.9242
evm.utg3876.16	SP(Sec/SPI)	0.657780	0.342220	CS pos: 32-33. ATA-ID. Pr: 0.4357
evm.utg3876.22	SP(Sec/SPI)	0.977769	0.022231	CS pos: 23-24. VTP-EQ. Pr: 0.3785
evm.utg3876.23	SP(Sec/SPI)	0.999219	0.000781	CS pos: 21-22. ANG-RS. Pr: 0.9074
evm.utg3876.35	SP(Sec/SPI)	0.992777	0.007223	CS pos: 20-21. CCS-NK. Pr: 0.4762
evm.utg3878.29	SP(Sec/SPI)	0.851797	0.148203	CS pos: 21-22. VSS-VK. Pr: 0.6925
evm.utg3878.34	SP(Sec/SPI)	0.893788	0.106212	CS pos: 22-23. VSS-SS. Pr: 0.4965
evm.utg3878.42	SP(Sec/SPI)	0.972186	0.027814	CS pos: 23-24. TEG-FF. Pr: 0.6035
evm.utg3878.43	SP(Sec/SPI)	0.988226	0.011774	CS pos: 16-17. CGG-DD. Pr: 0.8086
evm.utg3884.53	SP(Sec/SPI)	0.991813	0.008187	CS pos: 20-21. AFG-VE. Pr: 0.8408
utg3884.equina_smart_1452716.mrna1	SP(Sec/SPI)	0.967245	0.032755	CS pos: 22-23. VGA-VN. Pr: 0.7677
evm.utg3884.4	SP(Sec/SPI)	0.978435	0.021565	CS pos: 23-24. VTA-AK. Pr: 0.7445
evm.utg3884.11	SP(Sec/SPI)	0.528149	0.471851	CS pos: 22-23. AYG-VV. Pr: 0.4290
evm.utg3884.12	SP(Sec/SPI)	0.804058	0.195942	CS pos: 18-19. ALS-EK. Pr: 0.6308
evm.utg3884.22	SP(Sec/SPI)	0.810433	0.189567	CS pos: 22-23. LHG-LN. Pr: 0.6403
evm.utg3884.51	SP(Sec/SPI)	0.950591	0.049409	CS pos: 22-23. CYA-PP. Pr: 0.6537
evm.utg3891.14	SP(Sec/SPI)	0.952348	0.047652	CS pos: 21-22. VLS-SR. Pr: 0.7299
evm.utg3891.24	SP(Sec/SPI)	0.956490	0.043510	CS pos: 25-26. ASG-IP. Pr: 0.8362
evm.utg3899.9	SP(Sec/SPI)	0.597259	0.402741	CS pos: 22-23. SIA-IV. Pr: 0.2011
evm.utg3899.20	SP(Sec/SPI)	0.876801	0.123199	CS pos: 27-28. CSC-AN. Pr: 0.4805
evm.utg3899.24	SP(Sec/SPI)	0.982702	0.017298	CS pos: 22-23. AFA-QE. Pr: 0.8736
evm.utg3899.29	SP(Sec/SPI)	0.991959	0.008041	CS pos: 23-24. ACA-QQ. Pr: 0.7152
evm.utg3899.30	SP(Sec/SPI)	0.642933	0.357067	CS pos: 25-26. VSG-AY. Pr: 0.5485
evm.utg3899.34	SP(Sec/SPI)	0.997714	0.002286	CS pos: 17-18. AQG-TK. Pr: 0.8504
evm.utg3906.1	SP(Sec/SPI)	0.995659	0.004341	CS pos: 19-20. ARA-QE. Pr: 0.9160
evm.utg3906.4	SP(Sec/SPI)	0.885765	0.114235	CS pos: 33-34. VCA-LD. Pr: 0.4344
utg3906.evm.utg23857.5.mrna2	SP(Sec/SPI)	0.993122	0.006878	CS pos: 23-24. AQS-AP. Pr: 0.6518
utg3906.equina_smart_584752.mrna1	SP(Sec/SPI)	0.570928	0.429072	CS pos: 22-23. VAA-YP. Pr: 0.4029
evm.utg3913.24	SP(Sec/SPI)	0.983102	0.016898	CS pos: 21-22. VTG-GD. Pr: 0.6392
utg3913.equina_smart_1453023.mrna1	SP(Sec/SPI)	0.959930	0.040070	CS pos: 23-24. TES-NS. Pr: 0.4737
evm.utg3913.38	SP(Sec/SPI)	0.985068	0.014932	CS pos: 27-28. SHQ-LQ. Pr: 0.4111
evm.utg3913.42	SP(Sec/SPI)	0.926144	0.073856	CS pos: 21-22. VEP-AK. Pr: 0.7191
evm.utg3913.58	SP(Sec/SPI)	0.997368	0.002632	CS pos: 19-20. VIC-IE. Pr: 0.7908
evm.utg4028.3	SP(Sec/SPI)	0.974505	0.025495	CS pos: 23-24. IIA-VP. Pr: 0.6585
evm.utg4028.4	SP(Sec/SPI)	0.957061	0.042939	CS pos: 33-34. VWG-SP. Pr: 0.9309
evm.utg4028.5	SP(Sec/SPI)	0.991322	0.008678	CS pos: 25-26. TSG-VK. Pr: 0.5801
evm.utg4028.11	SP(Sec/SPI)	0.982325	0.017675	CS pos: 21-22. ASC-NN. Pr: 0.9087
evm.utg4046.18	SP(Sec/SPI)	0.997949	0.002051	CS pos: 21-22. SSA-SN. Pr: 0.8677
evm.utg4049.2	SP(Sec/SPI)	0.997382	0.002618	CS pos: 26-27. VSG-QK. Pr: 0.9798
evm.utg4049.7	SP(Sec/SPI)	0.996394	0.003606	CS pos: 28-29. IHA-QK. Pr: 0.9526
evm.utg4049.12	SP(Sec/SPI)	0.533757	0.466243	CS pos: 31-32. VSS-LG. Pr: 0.3352
evm.utg4062.1	SP(Sec/SPI)	0.989890	0.010110	CS pos: 27-28. VEG-KV. Pr: 0.9684
utg4062.equina_smart_1453455.mrna1	SP(Sec/SPI)	0.534177	0.465823	CS pos: 35-36. ALS-FS. Pr: 0.4524
evm.utg4062.13	SP(Sec/SPI)	0.967268	0.032732	CS pos: 24-25. TNG-KR. Pr: 0.8851
evm.utg4062.15	SP(Sec/SPI)	0.950231	0.049769	CS pos: 26-27. SDG-FK. Pr: 0.5308
utg4062.equina_smart_1453472.mrna1	SP(Sec/SPI)	0.985067	0.014933	CS pos: 21-22. AVA-DL. Pr: 0.8247
evm.utg4082.13	SP(Sec/SPI)	0.979059	0.020941	CS pos: 23-24. SNG-YE. Pr: 0.7267
evm.utg4082.21	SP(Sec/SPI)	0.997692	0.002308	CS pos: 24-25. VNA-DV. Pr: 0.9737
evm.utg4082.27	SP(Sec/SPI)	0.990871	0.009129	CS pos: 21-22. CWP-TK. Pr: 0.3919
evm.utg4082.28	SP(Sec/SPI)	0.951208	0.048792	CS pos: 25-26. CQS-VQ. Pr: 0.5675
evm.utg4082.29	SP(Sec/SPI)	0.998721	0.001279	CS pos: 21-22. ADA-RS. Pr: 0.8009
evm.utg4082.43	SP(Sec/SPI)	0.995597	0.004403	CS pos: 21-22. IKA-DE. Pr: 0.9615
evm.utg4082.47	SP(Sec/SPI)	0.630031	0.369969	CS pos: 31-32. AMS-RE. Pr: 0.4640
evm.utg4082.57	SP(Sec/SPI)	0.993811	0.006189	CS pos: 16-17. ATS-VP. Pr: 0.7033
evm.utg4082.60	SP(Sec/SPI)	0.905321	0.094679	CS pos: 28-29. SSA-RK. Pr: 0.5022
evm.utg4082.61	SP(Sec/SPI)	0.992941	0.007059	CS pos: 23-24. VYS-EN. Pr: 0.9604
evm.utg4082.62	SP(Sec/SPI)	0.825154	0.174846	CS pos: 31-32. VSA-EF. Pr: 0.5040
evm.utg4082.63	SP(Sec/SPI)	0.848432	0.151568	CS pos: 33-34. VSA-EF. Pr: 0.7021
evm.utg4082.65	SP(Sec/SPI)	0.834460	0.165540	CS pos: 27-28. AGA-FR. Pr: 0.3312
evm.utg4082.72.1.5c22f06c	SP(Sec/SPI)	0.898830	0.101170	CS pos: 24-25. SIQ-KP. Pr: 0.3415
evm.utg4082.73.1.5c22f06c	SP(Sec/SPI)	0.999525	0.000475	CS pos: 19-20. AEA-KP. Pr: 0.7619
evm.utg4082.81	SP(Sec/SPI)	0.970188	0.029812	CS pos: 21-22. STS-TE. Pr: 0.4421
evm.utg4155.2	SP(Sec/SPI)	0.886484	0.113516	CS pos: 27-28. IRA-EE. Pr: 0.8340
evm.utg4155.3	SP(Sec/SPI)	0.999598	0.000402	CS pos: 17-18. TLA-EE. Pr: 0.9650
evm.utg4155.32	SP(Sec/SPI)	0.681917	0.318083	CS pos: 23-24. VRS-SR. Pr: 0.5422
evm.utg4155.33	SP(Sec/SPI)	0.869789	0.130211	CS pos: 21-22. ADS-KV. Pr: 0.7347
evm.utg4155.39	SP(Sec/SPI)	0.505335	0.494665	CS pos: 30-31. TYG-EI. Pr: 0.4865
evm.utg4157.1	SP(Sec/SPI)	0.670321	0.329679	CS pos: 34-35. AKA-TN. Pr: 0.5836
evm.utg4157.6	SP(Sec/SPI)	0.886938	0.113062	CS pos: 20-21. ANL-QP. Pr: 0.4073
evm.utg4157.20	SP(Sec/SPI)	0.774757	0.225243	CS pos: 25-26. TNA-RK. Pr: 0.4671
evm.utg4157.22	SP(Sec/SPI)	0.931985	0.068015	CS pos: 27-28. VFC-ED. Pr: 0.8347
utg4157.equina_smart_1453835.mrna1	SP(Sec/SPI)	0.891154	0.108846	CS pos: 25-26. STS-QR. Pr: 0.3403
evm.utg4172.9	SP(Sec/SPI)	0.508965	0.491035	CS pos: 22-23. VTA-RK. Pr: 0.3918
evm.utg4177.12	SP(Sec/SPI)	0.984768	0.015232	CS pos: 25-26. VSS-SA. Pr: 0.4736
evm.utg4177.21	SP(Sec/SPI)	0.998734	0.001266	CS pos: 18-19. CTA-AE. Pr: 0.7875
evm.utg4177.38	SP(Sec/SPI)	0.796542	0.203458	CS pos: 24-25. VHG-EK. Pr: 0.7930
evm.utg4177.41	SP(Sec/SPI)	0.989580	0.010420	CS pos: 21-22. SSC-NT. Pr: 0.6891
evm.utg4177.54	SP(Sec/SPI)	0.943471	0.056529	CS pos: 28-29. GLC-RK. Pr: 0.7535
evm.utg4177.62	SP(Sec/SPI)	0.814195	0.185805	CS pos: 23-24. TIG-QL. Pr: 0.4341
evm.utg4187.4	SP(Sec/SPI)	0.869190	0.130810	CS pos: 28-29. IAA-FS. Pr: 0.6087
evm.utg4187.8	SP(Sec/SPI)	0.833828	0.166172	CS pos: 24-25. TYS-AS. Pr: 0.4751
evm.utg4187.10	SP(Sec/SPI)	0.912782	0.087218	CS pos: 22-23. NKA-EE. Pr: 0.6930
evm.utg4187.29.1.5c22f0a9	SP(Sec/SPI)	0.995845	0.004155	CS pos: 21-22. SLG-DE. Pr: 0.9112
evm.utg4187.55.1.5c22f0aa	SP(Sec/SPI)	0.980241	0.019759	CS pos: 25-26. CTA-QD. Pr: 0.8522
evm.utg4194.13	SP(Sec/SPI)	0.995365	0.004635	CS pos: 20-21. VKA-KK. Pr: 0.9427
utg4194.evm.utg192.9.mrna2	SP(Sec/SPI)	0.987960	0.012040	CS pos: 21-22. VSG-MQ. Pr: 0.7568
evm.utg4194.46	SP(Sec/SPI)	0.702496	0.297504	CS pos: 25-26. SSG-SP. Pr: 0.3174
evm.utg4194.97	SP(Sec/SPI)	0.996282	0.003718	CS pos: 25-26. AMA-DT. Pr: 0.8003
evm.utg4194.110	SP(Sec/SPI)	0.712127	0.287873	CS pos: 22-23. SSA-VY. Pr: 0.2441
evm.utg4207.5	SP(Sec/SPI)	0.973715	0.026285	CS pos: 19-20. VKA-SD. Pr: 0.9279
evm.utg4207.19	SP(Sec/SPI)	0.933395	0.066605	CS pos: 20-21. ISA-RL. Pr: 0.4040
evm.utg4207.20	SP(Sec/SPI)	0.984843	0.015157	CS pos: 24-25. ADA-LN. Pr: 0.8189
evm.utg4207.23	SP(Sec/SPI)	0.944013	0.055987	CS pos: 23-24. SFS-SP. Pr: 0.8089
evm.utg4231.2	SP(Sec/SPI)	0.998736	0.001264	CS pos: 18-19. AVA-ER. Pr: 0.7513
evm.utg4271.34.1.5c22f0c9	SP(Sec/SPI)	0.884166	0.115834	CS pos: 23-24. VSS-KH. Pr: 0.4331
evm.utg4271.69	SP(Sec/SPI)	0.968560	0.031440	CS pos: 20-21. ALA-TI. Pr: 0.7068
evm.utg4271.70	SP(Sec/SPI)	0.992790	0.007210	CS pos: 20-21. ALA-TI. Pr: 0.7367
evm.utg4271.72	SP(Sec/SPI)	0.824606	0.175394	CS pos: 22-23. VNQ-KS. Pr: 0.4656
evm.utg4271.76	SP(Sec/SPI)	0.988049	0.011951	CS pos: 26-27. SNG-KT. Pr: 0.7954
evm.utg4271.78	SP(Sec/SPI)	0.984818	0.015182	CS pos: 26-27. SNG-KT. Pr: 0.7831
evm.utg4271.79	SP(Sec/SPI)	0.614571	0.385429	CS pos: 23-24. ALA-TI. Pr: 0.3918
evm.utg4271.91	SP(Sec/SPI)	0.997714	0.002286	CS pos: 21-22. AHG-KT. Pr: 0.9434
evm.utg4273.9	SP(Sec/SPI)	0.960710	0.039290	CS pos: 23-24. VFS-QE. Pr: 0.8390
evm.utg4273.16	SP(Sec/SPI)	0.795111	0.204889	CS pos: 25-26. VGS-KI. Pr: 0.3667
evm.utg4290.14	SP(Sec/SPI)	0.939756	0.060244	CS pos: 18-19. CIG-VQ. Pr: 0.3791
evm.utg4290.17.1.5c22f0cc	SP(Sec/SPI)	0.978935	0.021065	CS pos: 21-22. GRG-RG. Pr: 0.6943
evm.utg4290.26	SP(Sec/SPI)	0.662218	0.337782	CS pos: 15-16. CCG-NK. Pr: 0.2070
evm.utg4290.32	SP(Sec/SPI)	0.994541	0.005459	CS pos: 18-19. CYS-DK. Pr: 0.7833
evm.utg4318.16	SP(Sec/SPI)	0.982332	0.017668	CS pos: 27-28. TQG-QK. Pr: 0.5915
utg4321.evm.utg13237.7.mrna4	SP(Sec/SPI)	0.993429	0.006571	CS pos: 24-25. AQG-AP. Pr: 0.8381
evm.utg4326.3	SP(Sec/SPI)	0.992943	0.007057	CS pos: 16-17. AFS-QS. Pr: 0.8076
evm.utg4326.41	SP(Sec/SPI)	0.990211	0.009789	CS pos: 15-16. VLA-YR. Pr: 0.5874
evm.utg4328.13	SP(Sec/SPI)	0.978715	0.021285	CS pos: 25-26. IKA-DP. Pr: 0.7435
evm.utg4428.11	SP(Sec/SPI)	0.623446	0.376554	CS pos: 19-20. ILG-TI. Pr: 0.4820
evm.utg4428.12	SP(Sec/SPI)	0.628542	0.371458	CS pos: 19-20. ILG-TI. Pr: 0.4874
evm.utg4428.13	SP(Sec/SPI)	0.627515	0.372485	CS pos: 19-20. ILG-TI. Pr: 0.4863
evm.utg4451.19	SP(Sec/SPI)	0.918485	0.081515	CS pos: 22-23. TSA-IK. Pr: 0.5289
evm.utg4455.1	SP(Sec/SPI)	0.923250	0.076750	CS pos: 17-18. SRS-DE. Pr: 0.7666
evm.utg4455.2	SP(Sec/SPI)	0.999033	0.000967	CS pos: 22-23. VSS-KA. Pr: 0.4609
utg4455.equina_smart_1548799.mrna2	SP(Sec/SPI)	0.997319	0.002681	CS pos: 21-22. SAA-FP. Pr: 0.4770
evm.utg4455.11	SP(Sec/SPI)	0.800856	0.199144	CS pos: 26-27. SQS-YE. Pr: 0.3179
evm.utg4455.12	SP(Sec/SPI)	0.959949	0.040051	CS pos: 17-18. GSA-KN. Pr: 0.7899
evm.utg4455.15	SP(Sec/SPI)	0.973374	0.026626	CS pos: 23-24. VQG-SN. Pr: 0.9561
evm.utg4455.16	SP(Sec/SPI)	0.936090	0.063910	CS pos: 23-24. VLG-SS. Pr: 0.7838
evm.utg4455.18	SP(Sec/SPI)	0.949082	0.050918	CS pos: 23-24. VLG-SK. Pr: 0.9130
evm.utg4455.19	SP(Sec/SPI)	0.557379	0.442621	CS pos: 24-25. SVA-TT. Pr: 0.2590
evm.utg4455.20	SP(Sec/SPI)	0.991321	0.008679	CS pos: 22-23. ALA-SG. Pr: 0.6149
evm.utg4455.21	SP(Sec/SPI)	0.560444	0.439556	CS pos: 26-27. SGS-SR. Pr: 0.1566
evm.utg4455.26	SP(Sec/SPI)	0.999027	0.000973	CS pos: 19-20. VKA-YT. Pr: 0.9540
evm.utg4455.28	SP(Sec/SPI)	0.850183	0.149817	CS pos: 42-43. TYA-RS. Pr: 0.6597
evm.utg4455.34	SP(Sec/SPI)	0.896998	0.103002	CS pos: 25-26. VRC-WD. Pr: 0.7116
evm.utg4455.39	SP(Sec/SPI)	0.991450	0.008550	CS pos: 24-25. SNG-KL. Pr: 0.5718
utg4455.equina_smart_1048859.mrna1	SP(Sec/SPI)	0.996596	0.003404	CS pos: 21-22. SVA-FP. Pr: 0.6537
utg4455.equina_smart_1548799.mrna1	SP(Sec/SPI)	0.995381	0.004619	CS pos: 21-22. SVA-FP. Pr: 0.6135
evm.utg4455.46	SP(Sec/SPI)	0.557007	0.442993	CS pos: 28-29. VRT-NS. Pr: 0.2574
evm.utg4455.58	SP(Sec/SPI)	0.608535	0.391465	CS pos: 20-21. FTA-NF. Pr: 0.1878
evm.utg4455.61	SP(Sec/SPI)	0.587341	0.412659	CS pos: 25-26. GKG-LT. Pr: 0.4066
evm.utg4455.67	SP(Sec/SPI)	0.940095	0.059905	CS pos: 25-26. GQC-QV. Pr: 0.7371
evm.utg4455.69	SP(Sec/SPI)	0.826066	0.173934	CS pos: 27-28. GKC-QG. Pr: 0.4497
evm.utg4455.74	SP(Sec/SPI)	0.968134	0.031866	CS pos: 17-18. ATN-EE. Pr: 0.2902
evm.utg4455.80	SP(Sec/SPI)	0.894550	0.105450	CS pos: 25-26. TDS-RS. Pr: 0.6438
evm.utg4455.82	SP(Sec/SPI)	0.998917	0.001083	CS pos: 17-18. SSA-ED. Pr: 0.9155
evm.utg4455.83.2.5c22f103	SP(Sec/SPI)	0.988964	0.011036	CS pos: 23-24. AHA-SY. Pr: 0.6924
evm.utg4455.85	SP(Sec/SPI)	0.963001	0.036999	CS pos: 21-22. SSG-VY. Pr: 0.5269
evm.utg4464.1	SP(Sec/SPI)	0.637560	0.362440	CS pos: 21-22. ACS-ND. Pr: 0.1644
evm.utg4464.19	SP(Sec/SPI)	0.966047	0.033953	CS pos: 16-17. GLC-DT. Pr: 0.4805
utg4464.equina_smart_1418833.mrna2	SP(Sec/SPI)	0.877785	0.122215	CS pos: 22-23. LEG-FI. Pr: 0.7403
evm.utg4468.16	SP(Sec/SPI)	0.957892	0.042108	CS pos: 24-25. VVA-DT. Pr: 0.4277
evm.utg4468.17	SP(Sec/SPI)	0.982053	0.017947	CS pos: 24-25. VVA-DT. Pr: 0.5166
evm.utg4501.10	SP(Sec/SPI)	0.951455	0.048545	CS pos: 25-26. VHS-LA. Pr: 0.7873
evm.utg4501.13	SP(Sec/SPI)	0.988366	0.011634	CS pos: 17-18. SKG-DG. Pr: 0.5902
evm.utg4501.19	SP(Sec/SPI)	0.996162	0.003838	CS pos: 19-20. VNA-SK. Pr: 0.8580
evm.utg4576.9	SP(Sec/SPI)	0.956438	0.043562	CS pos: 30-31. VRA-NS. Pr: 0.5571
evm.utg4576.34	SP(Sec/SPI)	0.641513	0.358487	CS pos: 39-40. VQA-AN. Pr: 0.5892
evm.utg4576.44	SP(Sec/SPI)	0.591032	0.408968	CS pos: 31-32. VTA-TE. Pr: 0.5139
evm.utg4587.1	SP(Sec/SPI)	0.985934	0.014066	CS pos: 29-30. TRA-ES. Pr: 0.6084
evm.utg4587.4	SP(Sec/SPI)	0.991837	0.008163	CS pos: 29-30. TRA-ES. Pr: 0.5675
evm.utg4593.6	SP(Sec/SPI)	0.847658	0.152342	CS pos: 27-28. VFT-RC. Pr: 0.6695
evm.utg4593.12	SP(Sec/SPI)	0.905306	0.094694	CS pos: 24-25. IIA-RN. Pr: 0.7762
evm.utg4593.13	SP(Sec/SPI)	0.994694	0.005306	CS pos: 19-20. VTA-SS. Pr: 0.8213
evm.utg4604.11	SP(Sec/SPI)	0.992938	0.007062	CS pos: 26-27. SSA-YT. Pr: 0.6956
evm.utg4605.4	SP(Sec/SPI)	0.995220	0.004780	CS pos: 17-18. SQA-HN. Pr: 0.8242
evm.utg4605.5	SP(Sec/SPI)	0.995180	0.004820	CS pos: 19-20. LQA-EY. Pr: 0.8595
evm.utg4605.12	SP(Sec/SPI)	0.995449	0.004551	CS pos: 18-19. IWA-KR. Pr: 0.9563
evm.utg4605.20.2.5c279558	SP(Sec/SPI)	0.999774	0.000226	CS pos: 19-20. GEG-VF. Pr: 0.9729
evm.utg4605.40	SP(Sec/SPI)	0.996666	0.003334	CS pos: 15-16. VAA-SN. Pr: 0.5213
evm.utg4605.41	SP(Sec/SPI)	0.996120	0.003880	CS pos: 15-16. VAA-SN. Pr: 0.5204
evm.utg4605.43	SP(Sec/SPI)	0.996263	0.003737	CS pos: 15-16. VAA-SN. Pr: 0.5223
evm.utg4605.47	SP(Sec/SPI)	0.550878	0.449122	CS pos: 31-32. TNG-FN. Pr: 0.3233
evm.utg4605.53	SP(Sec/SPI)	0.878116	0.121884	CS pos: 18-19. IER-TH. Pr: 0.4587
evm.utg4607.3	SP(Sec/SPI)	0.997050	0.002950	CS pos: 23-24. LKA-ST. Pr: 0.8689
evm.utg4607.4	SP(Sec/SPI)	0.998859	0.001141	CS pos: 25-26. VRS-QD. Pr: 0.9788
evm.utg4607.5	SP(Sec/SPI)	0.999787	0.000213	CS pos: 20-21. TSA-AP. Pr: 0.8952
evm.utg4607.6	SP(Sec/SPI)	0.999783	0.000217	CS pos: 20-21. TSA-AP. Pr: 0.8076
evm.utg4607.7	SP(Sec/SPI)	0.992940	0.007060	CS pos: 20-21. CSG-AD. Pr: 0.7176
evm.utg4607.8	SP(Sec/SPI)	0.995038	0.004962	CS pos: 20-21. CSG-AD. Pr: 0.7146
evm.utg4607.10	SP(Sec/SPI)	0.998819	0.001181	CS pos: 21-22. VSA-VD. Pr: 0.9640
evm.utg4607.17	SP(Sec/SPI)	0.986806	0.013194	CS pos: 21-22. ASA-FE. Pr: 0.9257
evm.utg4607.18	SP(Sec/SPI)	0.997197	0.002803	CS pos: 28-29. VLA-DN. Pr: 0.9116
evm.utg4607.20	SP(Sec/SPI)	0.810539	0.189461	CS pos: 28-29. LEG-IQ. Pr: 0.4202
evm.utg4607.23	SP(Sec/SPI)	0.942367	0.057633	CS pos: 24-25. VQA-SC. Pr: 0.9169
evm.utg4607.27	SP(Sec/SPI)	0.895246	0.104754	CS pos: 25-26. VSS-TA. Pr: 0.4785
utg4610.equina_smart_10809.mrna1	SP(Sec/SPI)	0.926049	0.073951	CS pos: 27-28. VEG-IL. Pr: 0.3340
evm.utg4610.6	SP(Sec/SPI)	0.966969	0.033031	CS pos: 25-26. SEA-YI. Pr: 0.9469
evm.utg4652.25	SP(Sec/SPI)	0.989428	0.010572	CS pos: 22-23. AFS-VS. Pr: 0.8574
evm.utg4661.12	SP(Sec/SPI)	0.999682	0.000318	CS pos: 20-21. VQC-LL. Pr: 0.9428
evm.utg4665.25	SP(Sec/SPI)	0.949118	0.050882	CS pos: 22-23. VCG-KK. Pr: 0.4822
evm.utg4695.61	SP(Sec/SPI)	0.938632	0.061368	CS pos: 23-24. VQS-SP. Pr: 0.8707
evm.utg4709.2	SP(Sec/SPI)	0.558390	0.441610	CS pos: 16-17. TAA-QQ. Pr: 0.3962
evm.utg4709.21	SP(Sec/SPI)	0.989537	0.010463	CS pos: 21-22. VNA-VI. Pr: 0.7750
evm.utg4709.23	SP(Sec/SPI)	0.991067	0.008933	CS pos: 21-22. VNA-VI. Pr: 0.7783
evm.utg4737.4	SP(Sec/SPI)	0.932878	0.067122	CS pos: 24-25. IEG-VT. Pr: 0.7621
evm.utg4737.14	SP(Sec/SPI)	0.829265	0.170735	CS pos: 28-29. GLA-VE. Pr: 0.3492
evm.utg4737.15	SP(Sec/SPI)	0.934288	0.065712	CS pos: 24-25. IEG-VT. Pr: 0.7642
evm.utg4737.22	SP(Sec/SPI)	0.671990	0.328010	CS pos: 27-28. ITA-NN. Pr: 0.5975
evm.utg4739.3	SP(Sec/SPI)	0.727642	0.272358	CS pos: 29-30. TCG-QL. Pr: 0.3574
evm.utg4739.8	SP(Sec/SPI)	0.998856	0.001144	CS pos: 16-17. TLA-VK. Pr: 0.9030
evm.utg4773.5	SP(Sec/SPI)	0.740860	0.259140	CS pos: 33-34. VEA-RL. Pr: 0.7102
evm.utg4796.14	SP(Sec/SPI)	0.998346	0.001654	CS pos: 20-21. VRG-YP. Pr: 0.9609
evm.utg4796.17	SP(Sec/SPI)	0.960961	0.039039	CS pos: 28-29. IHA-IP. Pr: 0.8681
evm.utg4796.28	SP(Sec/SPI)	0.791088	0.208912	CS pos: 22-23. SLG-KH. Pr: 0.6240
evm.utg4856.1.2.5c22f16b	SP(Sec/SPI)	0.883680	0.116320	CS pos: 27-28. VKS-CG. Pr: 0.3297
utg4856.evm.utg379.39.mrna2	SP(Sec/SPI)	0.999749	0.000251	CS pos: 22-23. VDA-IS. Pr: 0.9858
evm.utg4856.9	SP(Sec/SPI)	0.977013	0.022987	CS pos: 20-21. TTA-GT. Pr: 0.6158
evm.utg4856.11	SP(Sec/SPI)	0.891941	0.108059	CS pos: 24-25. VQA-GE. Pr: 0.7567
evm.utg4856.20	SP(Sec/SPI)	0.943901	0.056099	CS pos: 21-22. VVS-KP. Pr: 0.6798
evm.utg4856.25	SP(Sec/SPI)	0.996507	0.003493	CS pos: 20-21. IFC-ES. Pr: 0.7826
evm.utg4856.32	SP(Sec/SPI)	0.999611	0.000389	CS pos: 21-22. TNA-RR. Pr: 0.9114
evm.utg4856.33	SP(Sec/SPI)	0.999280	0.000720	CS pos: 24-25. TQA-VE. Pr: 0.9571
evm.utg4856.34	SP(Sec/SPI)	0.994121	0.005879	CS pos: 23-24. CRA-ST. Pr: 0.8793
evm.utg4856.38	SP(Sec/SPI)	0.997117	0.002883	CS pos: 18-19. LKA-NP. Pr: 0.7472
evm.utg4872.15	SP(Sec/SPI)	0.838788	0.161212	CS pos: 18-19. ILA-CE. Pr: 0.4113
evm.utg4872.24	SP(Sec/SPI)	0.971450	0.028550	CS pos: 21-22. ANS-SI. Pr: 0.8772
utg4872.equina_smart_1456446.mrna1	SP(Sec/SPI)	0.729039	0.270961	CS pos: 28-29. STG-CQ. Pr: 0.3466
utg4872.equina_smart_1479466.mrna2	SP(Sec/SPI)	0.783794	0.216206	CS pos: 30-31. VIG-CQ. Pr: 0.4665
evm.utg4872.27	SP(Sec/SPI)	0.825330	0.174670	CS pos: 29-30. VFG-CQ. Pr: 0.7235
evm.utg4872.28	SP(Sec/SPI)	0.629658	0.370342	CS pos: 41-42. TNG-CQ. Pr: 0.5759
evm.utg4872.29	SP(Sec/SPI)	0.692247	0.307753	CS pos: 31-32. CSA-GK. Pr: 0.5322
evm.utg4880.2	SP(Sec/SPI)	0.801246	0.198754	CS pos: 26-27. VES-QF. Pr: 0.6572
evm.utg4880.6	SP(Sec/SPI)	0.973923	0.026077	CS pos: 20-21. NSG-QE. Pr: 0.7191
evm.utg4880.8	SP(Sec/SPI)	0.996203	0.003797	CS pos: 22-23. VSS-LE. Pr: 0.9400
evm.utg4880.9	SP(Sec/SPI)	0.995717	0.004283	CS pos: 26-27. VSS-TE. Pr: 0.6763
evm.utg4880.10	SP(Sec/SPI)	0.802391	0.197609	CS pos: 23-24. VSS-LK. Pr: 0.5954
evm.utg4880.12	SP(Sec/SPI)	0.989326	0.010674	CS pos: 15-16. TTA-VD. Pr: 0.8885
evm.utg4880.13	SP(Sec/SPI)	0.999738	0.000262	CS pos: 20-21. AYP-IK. Pr: 0.8004
evm.utg4880.14	SP(Sec/SPI)	0.997852	0.002148	CS pos: 22-23. VLS-IE. Pr: 0.9299
evm.utg4880.16	SP(Sec/SPI)	0.999144	0.000856	CS pos: 20-21. VYP-LR. Pr: 0.9369
evm.utg4880.17	SP(Sec/SPI)	0.999418	0.000582	CS pos: 21-22. VHP-IT. Pr: 0.8042
evm.utg4880.18	SP(Sec/SPI)	0.995132	0.004868	CS pos: 21-22. GSA-SR. Pr: 0.6949
evm.utg4886.13	SP(Sec/SPI)	0.999444	0.000556	CS pos: 21-22. TEC-KV. Pr: 0.9740
evm.utg4886.34	SP(Sec/SPI)	0.920747	0.079253	CS pos: 23-24. CVC-RP. Pr: 0.4084
evm.utg4886.35	SP(Sec/SPI)	0.956505	0.043495	CS pos: 23-24. CRG-SS. Pr: 0.6148
evm.utg4886.45	SP(Sec/SPI)	0.942972	0.057028	CS pos: 24-25. CIA-RS. Pr: 0.6319
evm.utg4886.52	SP(Sec/SPI)	0.962841	0.037159	CS pos: 18-19. SKA-II. Pr: 0.8685
evm.utg4886.59	SP(Sec/SPI)	0.811129	0.188871	CS pos: 21-22. AEQ-AF. Pr: 0.2649
evm.utg4898.15	SP(Sec/SPI)	0.976056	0.023944	CS pos: 26-27. AFS-AI. Pr: 0.7741
evm.utg4898.16	SP(Sec/SPI)	0.999703	0.000297	CS pos: 19-20. ANA-EA. Pr: 0.4503
evm.utg4901.6	SP(Sec/SPI)	0.502277	0.497723	CS pos: 24-25. LQA-KT. Pr: 0.1904
evm.utg4901.9	SP(Sec/SPI)	0.726287	0.273713	CS pos: 24-25. LQG-SV. Pr: 0.5402
evm.utg4901.10	SP(Sec/SPI)	0.978184	0.021816	CS pos: 26-27. SEP-AS. Pr: 0.6791
evm.utg4901.12	SP(Sec/SPI)	0.881460	0.118540	CS pos: 19-20. TRS-AW. Pr: 0.7627
evm.utg4901.18	SP(Sec/SPI)	0.997358	0.002642	CS pos: 21-22. AQT-VR. Pr: 0.4063
evm.utg4907.10	SP(Sec/SPI)	0.652154	0.347846	CS pos: 24-25. VTS-QE. Pr: 0.4311
evm.utg4907.29.1.5c22f188	SP(Sec/SPI)	0.984079	0.015921	CS pos: 22-23. VEC-RR. Pr: 0.7951
evm.utg4907.33	SP(Sec/SPI)	0.992829	0.007171	CS pos: 19-20. ASA-LE. Pr: 0.9405
evm.utg4907.65	SP(Sec/SPI)	0.978215	0.021785	CS pos: 19-20. ALC-YR. Pr: 0.8180
evm.utg4922.18	SP(Sec/SPI)	0.526187	0.473813	CS pos: 17-18. DGG-DD. Pr: 0.1111
evm.utg4922.28	SP(Sec/SPI)	0.955891	0.044109	CS pos: 22-23. SNG-VE. Pr: 0.3995
evm.utg4922.33	SP(Sec/SPI)	0.996745	0.003255	CS pos: 20-21. SLT-QP. Pr: 0.4039
evm.utg4956.4	SP(Sec/SPI)	0.990098	0.009902	CS pos: 18-19. GNS-LS. Pr: 0.5374
evm.utg4956.15	SP(Sec/SPI)	0.929968	0.070032	CS pos: 22-23. TSC-QE. Pr: 0.8465
evm.utg4972.28	SP(Sec/SPI)	0.993571	0.006429	CS pos: 20-21. ANG-WS. Pr: 0.4867
evm.utg4972.45	SP(Sec/SPI)	0.882279	0.117721	CS pos: 23-24. VHS-LK. Pr: 0.7168
utg5033.equina_smart_1457175.mrna1	SP(Sec/SPI)	0.999000	0.001000	CS pos: 21-22. SNG-VE. Pr: 0.8025
utg5033.equina_smart_1000094.mrna1	SP(Sec/SPI)	0.999645	0.000355	CS pos: 21-22. SNG-VE. Pr: 0.7332
evm.utg5033.18	SP(Sec/SPI)	0.999003	0.000997	CS pos: 17-18. AFA-YP. Pr: 0.8585
evm.utg5033.32	SP(Sec/SPI)	0.902908	0.097092	CS pos: 25-26. LNA-EQ. Pr: 0.6353
evm.utg5033.33	SP(Sec/SPI)	0.919339	0.080661	CS pos: 25-26. LNA-EQ. Pr: 0.6521
evm.utg5033.34	SP(Sec/SPI)	0.999248	0.000752	CS pos: 18-19. AYS-LP. Pr: 0.8459
evm.utg5058.1	SP(Sec/SPI)	0.995517	0.004483	CS pos: 15-16. ALA-GF. Pr: 0.7359
evm.utg5058.5	SP(Sec/SPI)	0.996835	0.003165	CS pos: 22-23. VHT-GV. Pr: 0.9225
evm.utg5058.6	SP(Sec/SPI)	0.991857	0.008143	CS pos: 22-23. VHM-EK. Pr: 0.8655
evm.utg5058.12	SP(Sec/SPI)	0.984374	0.015626	CS pos: 21-22. TQS-VP. Pr: 0.6294
evm.utg5059.7	SP(Sec/SPI)	0.994968	0.005032	CS pos: 20-21. VKS-KV. Pr: 0.9322
evm.utg5059.11	SP(Sec/SPI)	0.999707	0.000293	CS pos: 18-19. ASA-AI. Pr: 0.7824
evm.utg5059.12	SP(Sec/SPI)	0.997831	0.002169	CS pos: 23-24. VKA-QD. Pr: 0.9634
evm.utg5059.18	SP(Sec/SPI)	0.727558	0.272442	CS pos: 13-14. SKA-AS. Pr: 0.2189
evm.utg5059.23	SP(Sec/SPI)	0.995840	0.004160	CS pos: 23-24. VSA-VP. Pr: 0.7305
evm.utg5059.30	SP(Sec/SPI)	0.741008	0.258992	CS pos: 23-24. VCS-HK. Pr: 0.3723
evm.utg5059.31	SP(Sec/SPI)	0.976954	0.023046	CS pos: 23-24. GNA-SH. Pr: 0.9302
evm.utg5059.35	SP(Sec/SPI)	0.937147	0.062853	CS pos: 26-27. VQT-IS. Pr: 0.5765
evm.utg5059.36	SP(Sec/SPI)	0.949146	0.050854	CS pos: 27-28. TQS-KP. Pr: 0.6376
evm.utg5059.37	SP(Sec/SPI)	0.728210	0.271790	CS pos: 21-22. CFS-KF. Pr: 0.6265
evm.utg5059.38	SP(Sec/SPI)	0.637397	0.362603	CS pos: 22-23. YYA-QT. Pr: 0.2412
evm.utg5059.39	SP(Sec/SPI)	0.953467	0.046533	CS pos: 26-27. TRA-KE. Pr: 0.8604
evm.utg5059.41	SP(Sec/SPI)	0.996449	0.003551	CS pos: 22-23. SIS-AP. Pr: 0.4113
evm.utg5059.42	SP(Sec/SPI)	0.972516	0.027484	CS pos: 19-20. TLG-RK. Pr: 0.8944
evm.utg5059.44	SP(Sec/SPI)	0.993887	0.006113	CS pos: 26-27. VSA-SV. Pr: 0.7404
evm.utg5059.57	SP(Sec/SPI)	0.998280	0.001720	CS pos: 20-21. VFA-EW. Pr: 0.9843
evm.utg5059.59	SP(Sec/SPI)	0.713222	0.286778	CS pos: 22-23. VLA-LN. Pr: 0.5356
evm.utg5073.5	SP(Sec/SPI)	0.990104	0.009896	CS pos: 21-22. GNA-QE. Pr: 0.9364
evm.utg5073.15	SP(Sec/SPI)	0.959249	0.040751	CS pos: 25-26. TKA-SS. Pr: 0.5779
evm.utg5073.22	SP(Sec/SPI)	0.963853	0.036147	CS pos: 26-27. VLS-LS. Pr: 0.8435
evm.utg5073.36	SP(Sec/SPI)	0.913627	0.086373	CS pos: 32-33. AYG-QT. Pr: 0.5430
evm.utg5074.2	SP(Sec/SPI)	0.987810	0.012190	CS pos: 21-22. CMP-AK. Pr: 0.5107
evm.utg5074.6	SP(Sec/SPI)	0.997931	0.002069	CS pos: 16-17. SLA-SN. Pr: 0.9045
evm.utg5074.9	SP(Sec/SPI)	0.994836	0.005164	CS pos: 20-21. VDA-AI. Pr: 0.9225
evm.utg5074.12	SP(Sec/SPI)	0.927929	0.072071	CS pos: 27-28. IRA-EE. Pr: 0.8768
evm.utg5074.14	SP(Sec/SPI)	0.991026	0.008974	CS pos: 18-19. LLA-EE. Pr: 0.8928
evm.utg5074.15	SP(Sec/SPI)	0.988168	0.011832	CS pos: 18-19. LLA-EE. Pr: 0.8973
evm.utg5074.16	SP(Sec/SPI)	0.997358	0.002642	CS pos: 18-19. LLA-EE. Pr: 0.9161
utg5074.equina_smart_762073.mrna1	SP(Sec/SPI)	0.993545	0.006455	CS pos: 18-19. LLA-EE. Pr: 0.9123
utg5074.equina_smart_1013711.mrna3	SP(Sec/SPI)	0.995206	0.004794	CS pos: 19-20. AFA-QK. Pr: 0.9724
evm.utg5080.4	SP(Sec/SPI)	0.995288	0.004712	CS pos: 20-21. VLA-KL. Pr: 0.9279
evm.utg5087.11	SP(Sec/SPI)	0.617400	0.382600	CS pos: 22-23. FTA-VQ. Pr: 0.2599
evm.utg5087.13	SP(Sec/SPI)	0.987831	0.012169	CS pos: 15-16. GFS-IV. Pr: 0.7965
evm.utg5087.18	SP(Sec/SPI)	0.993283	0.006717	CS pos: 22-23. VEG-KS. Pr: 0.9420
evm.utg5122.11	SP(Sec/SPI)	0.994134	0.005866	CS pos: 20-21. VKS-KP. Pr: 0.9584
evm.utg5149.1	SP(Sec/SPI)	0.986758	0.013242	CS pos: 23-24. AIA-SK. Pr: 0.7593
evm.utg5149.2	SP(Sec/SPI)	0.587313	0.412687	CS pos: 30-31. SSA-DE. Pr: 0.4521
evm.utg5149.19	SP(Sec/SPI)	0.919048	0.080952	CS pos: 20-21. SSA-GS. Pr: 0.4298
evm.utg5150.1	SP(Sec/SPI)	0.672723	0.327277	CS pos: 29-30. VLS-EK. Pr: 0.6116
evm.utg5150.3	SP(Sec/SPI)	0.937980	0.062020	CS pos: 17-18. ISG-EI. Pr: 0.5894
evm.utg5150.5	SP(Sec/SPI)	0.890157	0.109843	CS pos: 23-24. ISG-NI. Pr: 0.4216
evm.utg5150.9	SP(Sec/SPI)	0.800786	0.199214	CS pos: 28-29. VDA-AV. Pr: 0.7606
evm.utg5150.10	SP(Sec/SPI)	0.996292	0.003708	CS pos: 24-25. SSS-FE. Pr: 0.9010
evm.utg5176.6	SP(Sec/SPI)	0.859925	0.140075	CS pos: 19-20. ING-IP. Pr: 0.7982
evm.utg5176.14	SP(Sec/SPI)	0.995203	0.004797	CS pos: 19-20. AGS-RT. Pr: 0.4886
evm.utg5217.1	SP(Sec/SPI)	0.533297	0.466703	CS pos: 25-26. TLP-KD. Pr: 0.1340
evm.utg5217.6	SP(Sec/SPI)	0.974753	0.025247	CS pos: 25-26. TTA-VP. Pr: 0.7780
evm.utg5217.10	SP(Sec/SPI)	0.897283	0.102717	CS pos: 41-42. ALS-IK. Pr: 0.8230
evm.utg5290.7	SP(Sec/SPI)	0.951566	0.048434	CS pos: 20-21. VKS-TP. Pr: 0.6640
evm.utg5290.9	SP(Sec/SPI)	0.645358	0.354642	CS pos: 21-22. LQC-GI. Pr: 0.2814
evm.utg5290.17	SP(Sec/SPI)	0.987092	0.012908	CS pos: 17-18. ARG-KY. Pr: 0.9380
evm.utg5290.25	SP(Sec/SPI)	0.992064	0.007936	CS pos: 21-22. GHG-RP. Pr: 0.9224
evm.utg5290.35	SP(Sec/SPI)	0.904078	0.095922	CS pos: 16-17. GFG-SN. Pr: 0.4921
evm.utg5290.36	SP(Sec/SPI)	0.991972	0.008028	CS pos: 24-25. TEC-AS. Pr: 0.7555
evm.utg5290.41	SP(Sec/SPI)	0.962108	0.037892	CS pos: 18-19. TLA-TS. Pr: 0.6915
evm.utg5290.47	SP(Sec/SPI)	0.982239	0.017761	CS pos: 24-25. SFA-AD. Pr: 0.9146
evm.utg5294.13	SP(Sec/SPI)	0.992840	0.007160	CS pos: 26-27. VKS-SH. Pr: 0.3208
evm.utg5294.32	SP(Sec/SPI)	0.992746	0.007254	CS pos: 18-19. ATA-AE. Pr: 0.4715
evm.utg5294.43	SP(Sec/SPI)	0.996738	0.003262	CS pos: 21-22. CEA-TT. Pr: 0.9330
evm.utg5367.1	SP(Sec/SPI)	0.999599	0.000401	CS pos: 24-25. CHA-CG. Pr: 0.7845
utg5367.equina_smart_7424.mrna3	SP(Sec/SPI)	0.999088	0.000912	CS pos: 21-22. ANG-AA. Pr: 0.5354
utg5367.equina_smart_886319.mrna1	SP(Sec/SPI)	0.999339	0.000661	CS pos: 23-24. SAA-LQ. Pr: 0.3120
utg5367.equina_smart_450195.mrna2	SP(Sec/SPI)	0.998932	0.001068	CS pos: 21-22. ANG-AA. Pr: 0.5081
evm.utg5367.6	SP(Sec/SPI)	0.874121	0.125879	CS pos: 20-21. TYA-TN. Pr: 0.7160
evm.utg5367.7	SP(Sec/SPI)	0.995950	0.004050	CS pos: 22-23. VSS-QQ. Pr: 0.8058
evm.utg5367.14	SP(Sec/SPI)	0.949641	0.050359	CS pos: 24-25. VRT-NC. Pr: 0.7093
evm.utg5367.18	SP(Sec/SPI)	0.997959	0.002041	CS pos: 21-22. SFG-ES. Pr: 0.7640
evm.utg5367.25	SP(Sec/SPI)	0.965834	0.034166	CS pos: 20-21. VSS-FT. Pr: 0.6623
evm.utg5367.27	SP(Sec/SPI)	0.602408	0.397592	CS pos: 21-22. YLA-GK. Pr: 0.2210
evm.utg5367.29.1.5c22f1f0	SP(Sec/SPI)	0.908042	0.091958	CS pos: 21-22. VHP-RV. Pr: 0.6040
evm.utg5370.2	SP(Sec/SPI)	0.662338	0.337662	CS pos: 25-26. GLA-FQ. Pr: 0.3534
evm.utg5370.4	SP(Sec/SPI)	0.735938	0.264062	CS pos: 23-24. SDA-LS. Pr: 0.5315
evm.utg5370.6	SP(Sec/SPI)	0.661188	0.338812	CS pos: 25-26. TTS-TV. Pr: 0.3098
evm.utg5370.7	SP(Sec/SPI)	0.719207	0.280793	CS pos: 25-26. TTC-TV. Pr: 0.4399
evm.utg5370.10	SP(Sec/SPI)	0.951997	0.048003	CS pos: 20-21. ALG-FE. Pr: 0.9388
evm.utg5370.31	SP(Sec/SPI)	0.578538	0.421462	CS pos: 34-35. AVP-LI. Pr: 0.2597
evm.utg5370.32	SP(Sec/SPI)	0.565414	0.434586	CS pos: 34-35. AVP-RI. Pr: 0.1939
evm.utg5370.44	SP(Sec/SPI)	0.836544	0.163456	CS pos: 26-27. SDG-LK. Pr: 0.3883
evm.utg5390.17	SP(Sec/SPI)	0.997766	0.002234	CS pos: 26-27. TDG-NR. Pr: 0.8908
evm.utg5390.20	SP(Sec/SPI)	0.999796	0.000204	CS pos: 20-21. SEG-QE. Pr: 0.9504
evm.utg5390.52	SP(Sec/SPI)	0.998962	0.001038	CS pos: 19-20. ISA-NE. Pr: 0.8839
utg5390.equina_smart_1458178.mrna1	SP(Sec/SPI)	0.733354	0.266646	CS pos: 31-32. CLA-GN. Pr: 0.5406
evm.utg5390.60	SP(Sec/SPI)	0.991130	0.008870	CS pos: 18-19. GWA-DV. Pr: 0.9405
evm.utg5390.61	SP(Sec/SPI)	0.988621	0.011379	CS pos: 20-21. TTS-FV. Pr: 0.7363
evm.utg5390.66	SP(Sec/SPI)	0.986160	0.013840	CS pos: 21-22. IHA-LR. Pr: 0.8951
evm.utg5414.4	SP(Sec/SPI)	0.946422	0.053578	CS pos: 20-21. VSA-SS. Pr: 0.6575
utg5414.equina_smart_1567970.mrna9	SP(Sec/SPI)	0.580632	0.419368	CS pos: 16-17. CYS-SK. Pr: 0.2491
evm.utg5414.23	SP(Sec/SPI)	0.932755	0.067245	CS pos: 25-26. VNG-VP. Pr: 0.8412
evm.utg5414.34	SP(Sec/SPI)	0.999148	0.000852	CS pos: 24-25. ANA-AG. Pr: 0.9366
evm.utg5414.35	SP(Sec/SPI)	0.947247	0.052753	CS pos: 19-20. VSS-LH. Pr: 0.7671
evm.utg5414.37	SP(Sec/SPI)	0.906357	0.093643	CS pos: 23-24. GKR-NT. Pr: 0.3877
evm.utg5414.38	SP(Sec/SPI)	0.996345	0.003655	CS pos: 22-23. VCS-LK. Pr: 0.9622
evm.utg5454.9	SP(Sec/SPI)	0.570119	0.429881	CS pos: 22-23. SSA-KS. Pr: 0.4172
evm.utg5557.12	SP(Sec/SPI)	0.989468	0.010532	CS pos: 22-23. VKG-LW. Pr: 0.6303
evm.utg5652.5.6	SP(Sec/SPI)	0.661008	0.338992	CS pos: 41-42. ANA-AE. Pr: 0.6351
evm.utg5652.7	SP(Sec/SPI)	0.973276	0.026724	CS pos: 20-21. VLC-RR. Pr: 0.8448
evm.utg5652.14	SP(Sec/SPI)	0.997617	0.002383	CS pos: 21-22. SDG-SY. Pr: 0.8609
evm.utg5652.20	SP(Sec/SPI)	0.841567	0.158433	CS pos: 26-27. IHG-EV. Pr: 0.7797
evm.utg5652.29	SP(Sec/SPI)	0.992325	0.007675	CS pos: 22-23. CQG-KK. Pr: 0.5943
evm.utg5652.31	SP(Sec/SPI)	0.989756	0.010244	CS pos: 22-23. VTA-EK. Pr: 0.7247
evm.utg5652.63	SP(Sec/SPI)	0.998718	0.001282	CS pos: 21-22. VKA-EY. Pr: 0.9935
evm.utg5689.4	SP(Sec/SPI)	0.987516	0.012484	CS pos: 26-27. PWA-TE. Pr: 0.4467
evm.utg5689.6	SP(Sec/SPI)	0.999516	0.000484	CS pos: 25-26. AKA-QK. Pr: 0.5841
evm.utg5689.7	SP(Sec/SPI)	0.992990	0.007010	CS pos: 26-27. SKS-KD. Pr: 0.7850
evm.utg5689.8	SP(Sec/SPI)	0.878321	0.121679	CS pos: 24-25. VYG-NL. Pr: 0.8492
evm.utg5689.9.1.5c22f236	SP(Sec/SPI)	0.991554	0.008446	CS pos: 21-22. SNC-QD. Pr: 0.9012
evm.utg5774.14	SP(Sec/SPI)	0.835769	0.164231	CS pos: 29-30. VMC-DI. Pr: 0.7780
evm.utg5815.2	SP(Sec/SPI)	0.914523	0.085477	CS pos: 17-18. GAC-SQ. Pr: 0.3447
evm.utg5817.1.2.5c22f25e	SP(Sec/SPI)	0.635211	0.364789	CS pos: 21-22. VGC-TE. Pr: 0.2303
evm.utg5854.4	SP(Sec/SPI)	0.991289	0.008711	CS pos: 19-20. SNG-KP. Pr: 0.5633
evm.utg5854.6	SP(Sec/SPI)	0.736551	0.263449	CS pos: 27-28. VYG-KY. Pr: 0.7321
evm.utg5854.7	SP(Sec/SPI)	0.998911	0.001089	CS pos: 22-23. ADA-AN. Pr: 0.9048
evm.utg5854.8	SP(Sec/SPI)	0.986518	0.013482	CS pos: 21-22. VQS-VE. Pr: 0.6660
evm.utg5854.9	SP(Sec/SPI)	0.998832	0.001168	CS pos: 21-22. AQA-KE. Pr: 0.9274
evm.utg5854.10	SP(Sec/SPI)	0.999106	0.000894	CS pos: 20-21. TDA-TE. Pr: 0.9691
evm.utg5862.2	SP(Sec/SPI)	0.972156	0.027844	CS pos: 19-20. ASA-SD. Pr: 0.8206
evm.utg5879.3	SP(Sec/SPI)	0.972395	0.027605	CS pos: 32-33. AYA-AK. Pr: 0.6238
evm.utg5885.103	SP(Sec/SPI)	0.908713	0.091287	CS pos: 26-27. ALS-SG. Pr: 0.2603
evm.utg5885.7	SP(Sec/SPI)	0.994074	0.005926	CS pos: 20-21. ESA-MN. Pr: 0.2890
evm.utg5885.13	SP(Sec/SPI)	0.998967	0.001033	CS pos: 25-26. VEG-FP. Pr: 0.6435
evm.utg5885.15	SP(Sec/SPI)	0.997442	0.002558	CS pos: 19-20. SLA-CR. Pr: 0.8394
evm.utg5885.26	SP(Sec/SPI)	0.961793	0.038207	CS pos: 26-27. VLT-EQ. Pr: 0.4221
evm.utg5885.29	SP(Sec/SPI)	0.767566	0.232434	CS pos: 30-31. GYQ-VQ. Pr: 0.4737
evm.utg5885.45	SP(Sec/SPI)	0.994412	0.005588	CS pos: 15-16. TSG-EP. Pr: 0.8020
evm.utg5885.52	SP(Sec/SPI)	0.952011	0.047989	CS pos: 24-25. TQA-KG. Pr: 0.7810
evm.utg5885.55	SP(Sec/SPI)	0.913448	0.086552	CS pos: 22-23. VYG-FQ. Pr: 0.7577
evm.utg5885.56	SP(Sec/SPI)	0.964149	0.035851	CS pos: 23-24. GSA-RE. Pr: 0.8571
evm.utg5885.61	SP(Sec/SPI)	0.983418	0.016582	CS pos: 16-17. SLA-ME. Pr: 0.8453
evm.utg5885.71	SP(Sec/SPI)	0.990373	0.009627	CS pos: 23-24. VLS-GC. Pr: 0.8763
evm.utg5885.76	SP(Sec/SPI)	0.999744	0.000256	CS pos: 22-23. VQS-QS. Pr: 0.9767
evm.utg5885.85	SP(Sec/SPI)	0.570126	0.429874	CS pos: 22-23. LEA-SP. Pr: 0.2680
evm.utg5885.95	SP(Sec/SPI)	0.703269	0.296731	CS pos: 27-28. TVG-EQ. Pr: 0.3421
utg5885.equina_smart_1459316utrorf.mrna1	SP(Sec/SPI)	0.921406	0.078594	CS pos: 25-26. TIG-EQ. Pr: 0.6029
evm.utg5885.97	SP(Sec/SPI)	0.906112	0.093888	CS pos: 22-23. ATS-LL. Pr: 0.6991
evm.utg5950.3	SP(Sec/SPI)	0.997276	0.002724	CS pos: 21-22. TAA-SP. Pr: 0.5691
evm.utg5950.29	SP(Sec/SPI)	0.973162	0.026838	CS pos: 21-22. TNS-IR. Pr: 0.5888
evm.utg5950.37	SP(Sec/SPI)	0.996886	0.003114	CS pos: 22-23. SDA-FT. Pr: 0.9127
evm.utg5950.40	SP(Sec/SPI)	0.995422	0.004578	CS pos: 20-21. NEG-FS. Pr: 0.6545
evm.utg5950.41	SP(Sec/SPI)	0.994760	0.005240	CS pos: 19-20. TDG-FT. Pr: 0.8122
evm.utg5950.42	SP(Sec/SPI)	0.998426	0.001574	CS pos: 19-20. TDA-FL. Pr: 0.9413
evm.utg5950.43	SP(Sec/SPI)	0.999378	0.000622	CS pos: 20-21. VDA-FT. Pr: 0.9663
evm.utg5950.44	SP(Sec/SPI)	0.975462	0.024538	CS pos: 20-21. TYS-FT. Pr: 0.8073
evm.utg5950.45	SP(Sec/SPI)	0.982557	0.017443	CS pos: 26-27. SQA-QF. Pr: 0.9717
evm.utg5950.46	SP(Sec/SPI)	0.983287	0.016713	CS pos: 26-27. SQA-QF. Pr: 0.9719
utg5950.equina_smart_981953.mrna1	SP(Sec/SPI)	0.991206	0.008794	CS pos: 23-24. CSG-GA. Pr: 0.4424
evm.utg5950.47	SP(Sec/SPI)	0.989608	0.010392	CS pos: 23-24. CSA-FS. Pr: 0.7542
evm.utg5950.54	SP(Sec/SPI)	0.999699	0.000301	CS pos: 21-22. TNG-QD. Pr: 0.9793
evm.utg5950.62	SP(Sec/SPI)	0.883554	0.116446	CS pos: 25-26. TSA-NE. Pr: 0.6658
evm.utg5950.91	SP(Sec/SPI)	0.975608	0.024392	CS pos: 20-21. GEG-RS. Pr: 0.8582
evm.utg5950.93	SP(Sec/SPI)	0.994913	0.005087	CS pos: 21-22. SLA-EP. Pr: 0.8418
utg5950.equina_smart_1459648.mrna1	SP(Sec/SPI)	0.950247	0.049753	CS pos: 23-24. TFC-KS. Pr: 0.6682
evm.utg5950.94	SP(Sec/SPI)	0.993467	0.006533	CS pos: 18-19. AFT-NS. Pr: 0.3515
evm.utg5950.97	SP(Sec/SPI)	0.972819	0.027181	CS pos: 23-24. TFC-KS. Pr: 0.7561
evm.utg5950.98	SP(Sec/SPI)	0.993467	0.006533	CS pos: 18-19. AFT-NS. Pr: 0.3515
evm.utg5950.102	SP(Sec/SPI)	0.986209	0.013791	CS pos: 17-18. VGS-EQ. Pr: 0.9211
evm.utg5950.103	SP(Sec/SPI)	0.661915	0.338085	CS pos: 26-27. GYT-YS. Pr: 0.2001
evm.utg5950.108	SP(Sec/SPI)	0.991866	0.008134	CS pos: 26-27. SFA-AG. Pr: 0.6222
evm.utg5975.2	SP(Sec/SPI)	0.989651	0.010349	CS pos: 18-19. VAA-DT. Pr: 0.8263
evm.utg5985.23	SP(Sec/SPI)	0.764363	0.235637	CS pos: 26-27. VSP-FW. Pr: 0.1994
utg5996.equina_smart_961746.mrna2	SP(Sec/SPI)	0.527162	0.472838	CS pos: 45-46. ASS-EY. Pr: 0.4683
evm.utg6035.16	SP(Sec/SPI)	0.862724	0.137276	CS pos: 26-27. VTS-EF. Pr: 0.7299
evm.utg6072.6	SP(Sec/SPI)	0.977411	0.022589	CS pos: 23-24. GFC-RQ. Pr: 0.3650
evm.utg6072.7	SP(Sec/SPI)	0.885659	0.114341	CS pos: 22-23. TLG-NT. Pr: 0.5725
evm.utg6072.14	SP(Sec/SPI)	0.945085	0.054915	CS pos: 16-17. SEC-RV. Pr: 0.7305
evm.utg6072.20.24.1.5c27969c	SP(Sec/SPI)	0.992539	0.007461	CS pos: 23-24. SDA-IK. Pr: 0.4470
evm.utg6072.26	SP(Sec/SPI)	0.990641	0.009359	CS pos: 21-22. TYG-QS. Pr: 0.9458
evm.utg6072.29	SP(Sec/SPI)	0.965435	0.034565	CS pos: 22-23. CNS-EE. Pr: 0.9035
evm.utg6072.30	SP(Sec/SPI)	0.927598	0.072402	CS pos: 22-23. CNS-EE. Pr: 0.8586
evm.utg6078.49	SP(Sec/SPI)	0.995692	0.004308	CS pos: 26-27. SSS-QH. Pr: 0.4462
evm.utg6078.51	SP(Sec/SPI)	0.993070	0.006930	CS pos: 26-27. SFA-DT. Pr: 0.7886
evm.utg6078.53	SP(Sec/SPI)	0.999543	0.000457	CS pos: 22-23. CQA-SA. Pr: 0.7419
evm.utg6078.56	SP(Sec/SPI)	0.997752	0.002248	CS pos: 25-26. TKA-CI. Pr: 0.9088
utg6078.equina_smart_999823.mrna1	SP(Sec/SPI)	0.844949	0.155051	CS pos: 22-23. VEQ-KK. Pr: 0.4846
evm.utg6078.65	SP(Sec/SPI)	0.944978	0.055022	CS pos: 26-27. ISC-ST. Pr: 0.6096
evm.utg6117.13	SP(Sec/SPI)	0.515176	0.484824	CS pos: 22-23. VIS-KD. Pr: 0.4180
evm.utg6117.14	SP(Sec/SPI)	0.998713	0.001287	CS pos: 18-19. CLA-DK. Pr: 0.9548
evm.utg6123.9.1.5c22f2c5	SP(Sec/SPI)	0.998417	0.001583	CS pos: 24-25. IQS-AG. Pr: 0.7368
evm.utg6123.14	SP(Sec/SPI)	0.913507	0.086493	CS pos: 23-24. YQC-DE. Pr: 0.3625
evm.utg6123.24	SP(Sec/SPI)	0.994715	0.005285	CS pos: 19-20. VHS-DD. Pr: 0.9507
evm.utg6123.25	SP(Sec/SPI)	0.918399	0.081601	CS pos: 21-22. VTG-HR. Pr: 0.7089
evm.utg6123.26	SP(Sec/SPI)	0.905734	0.094266	CS pos: 17-18. PFA-QN. Pr: 0.4159
evm.utg6123.28	SP(Sec/SPI)	0.990988	0.009012	CS pos: 21-22. TQA-LN. Pr: 0.8586
evm.utg6155.11	SP(Sec/SPI)	0.989422	0.010578	CS pos: 21-22. AQG-GC. Pr: 0.7341
evm.utg6161.9	SP(Sec/SPI)	0.805198	0.194802	CS pos: 22-23. SFS-SK. Pr: 0.2691
evm.utg6183.18	SP(Sec/SPI)	0.999465	0.000535	CS pos: 20-21. TTS-QL. Pr: 0.7231
evm.utg6183.31.1.5c22f2d2	SP(Sec/SPI)	0.984593	0.015407	CS pos: 17-18. TNA-SY. Pr: 0.5818
evm.utg6183.50	SP(Sec/SPI)	0.992557	0.007443	CS pos: 21-22. ASC-DS. Pr: 0.9408
evm.utg6220.2	SP(Sec/SPI)	0.519859	0.480141	CS pos: 28-29. VPA-ST. Pr: 0.1426
evm.utg6220.8	SP(Sec/SPI)	0.999204	0.000796	CS pos: 18-19. TEA-RG. Pr: 0.6981
evm.utg6220.13	SP(Sec/SPI)	0.997583	0.002417	CS pos: 21-22. VNA-ED. Pr: 0.9796
evm.utg6272.16	SP(Sec/SPI)	0.977209	0.022791	CS pos: 24-25. TEA-SM. Pr: 0.8876
evm.utg6293.11	SP(Sec/SPI)	0.870061	0.129939	CS pos: 26-27. VSA-WR. Pr: 0.6734
evm.utg6293.12	SP(Sec/SPI)	0.998380	0.001620	CS pos: 23-24. SSA-DP. Pr: 0.9150
evm.utg6334.19	SP(Sec/SPI)	0.942676	0.057324	CS pos: 33-34. VSC-LD. Pr: 0.8203
evm.utg6334.23	SP(Sec/SPI)	0.993869	0.006131	CS pos: 22-23. SRS-SS. Pr: 0.4373
utg6373.equina_smart_1658164.mrna2	SP(Sec/SPI)	0.988663	0.011337	CS pos: 26-27. VSA-WR. Pr: 0.7900
evm.utg6373.10	SP(Sec/SPI)	0.997475	0.002525	CS pos: 23-24. SSA-DP. Pr: 0.9147
evm.utg6373.12	SP(Sec/SPI)	0.620130	0.379870	CS pos: 25-26. LYA-TS. Pr: 0.3736
evm.utg6379.3	SP(Sec/SPI)	0.928245	0.071755	CS pos: 21-22. NQA-TN. Pr: 0.3467
evm.utg6379.11	SP(Sec/SPI)	0.999370	0.000630	CS pos: 18-19. VLS-DC. Pr: 0.9491
utg6379.equina_smart_1460804.mrna1	SP(Sec/SPI)	0.516379	0.483621	CS pos: 25-26. LWC-AL. Pr: 0.4229
evm.utg6392.9	SP(Sec/SPI)	0.540804	0.459196	CS pos: 29-30. TSA-RF. Pr: 0.4284
evm.utg6401.34	SP(Sec/SPI)	0.939006	0.060994	CS pos: 32-33. VDG-CG. Pr: 0.6064
evm.utg6401.45	SP(Sec/SPI)	0.516773	0.483227	CS pos: 31-32. VAP-AN. Pr: 0.2374
evm.utg6401.63	SP(Sec/SPI)	0.975055	0.024945	CS pos: 21-22. IDC-TP. Pr: 0.5395
evm.utg6432.12	SP(Sec/SPI)	0.923077	0.076923	CS pos: 18-19. AML-QN. Pr: 0.3978
evm.utg6432.13.14	SP(Sec/SPI)	0.987663	0.012337	CS pos: 21-22. VNA-ET. Pr: 0.9735
evm.utg6432.17	SP(Sec/SPI)	0.932699	0.067301	CS pos: 23-24. THS-TT. Pr: 0.7006
evm.utg6432.18	SP(Sec/SPI)	0.999838	0.000162	CS pos: 21-22. IEA-KE. Pr: 0.9894
evm.utg6432.19	SP(Sec/SPI)	0.998916	0.001084	CS pos: 16-17. VFA-RK. Pr: 0.8878
evm.utg6432.21	SP(Sec/SPI)	0.990015	0.009985	CS pos: 21-22. VFG-EE. Pr: 0.9469
evm.utg6432.25	SP(Sec/SPI)	0.981213	0.018787	CS pos: 21-22. VFG-EE. Pr: 0.9452
evm.utg6432.49	SP(Sec/SPI)	0.846199	0.153801	CS pos: 24-25. SES-WS. Pr: 0.3360
evm.utg6432.50	SP(Sec/SPI)	0.784955	0.215045	CS pos: 24-25. SSS-SS. Pr: 0.1574
evm.utg6432.61	SP(Sec/SPI)	0.997334	0.002666	CS pos: 17-18. TIS-QS. Pr: 0.6685
evm.utg6446.4	SP(Sec/SPI)	0.990907	0.009093	CS pos: 15-16. AHC-IT. Pr: 0.6123
evm.utg6446.5	SP(Sec/SPI)	0.985702	0.014298	CS pos: 19-20. VSG-LQ. Pr: 0.7372
evm.utg6446.6	SP(Sec/SPI)	0.928181	0.071819	CS pos: 18-19. ITC-TE. Pr: 0.5695
evm.utg6446.10	SP(Sec/SPI)	0.881946	0.118054	CS pos: 19-20. GKC-ID. Pr: 0.6120
evm.utg6459.1	SP(Sec/SPI)	0.959847	0.040153	CS pos: 24-25. GHC-FT. Pr: 0.5459
utg6459.equina_smart_25077.mrna1	SP(Sec/SPI)	0.578785	0.421215	CS pos: 19-20. SLS-LV. Pr: 0.3787
evm.utg6459.3	SP(Sec/SPI)	0.796732	0.203268	CS pos: 25-26. TSA-FH. Pr: 0.7196
evm.utg6459.4	SP(Sec/SPI)	0.880771	0.119229	CS pos: 18-19. VCA-EM. Pr: 0.3022
evm.utg6459.5	SP(Sec/SPI)	0.994040	0.005960	CS pos: 22-23. ASA-SL. Pr: 0.8069
evm.utg6459.6	SP(Sec/SPI)	0.989253	0.010747	CS pos: 22-23. ASA-SS. Pr: 0.8401
evm.utg6459.7	SP(Sec/SPI)	0.623498	0.376502	CS pos: 18-19. IDG-WM. Pr: 0.5371
evm.utg6459.31	SP(Sec/SPI)	0.968564	0.031436	CS pos: 22-23. TNA-RT. Pr: 0.8404
evm.utg6459.35	SP(Sec/SPI)	0.999606	0.000394	CS pos: 19-20. VDA-RS. Pr: 0.9001
evm.utg6459.54	SP(Sec/SPI)	0.747869	0.252131	CS pos: 26-27. IQG-AQ. Pr: 0.5455
evm.utg6477.1	SP(Sec/SPI)	0.995137	0.004863	CS pos: 21-22. TSA-FK. Pr: 0.8215
evm.utg6504.3	SP(Sec/SPI)	0.952285	0.047715	CS pos: 17-18. GQS-AL. Pr: 0.4450
evm.utg6504.4	SP(Sec/SPI)	0.783350	0.216650	CS pos: 36-37. CEG-KP. Pr: 0.7501
evm.utg6504.12	SP(Sec/SPI)	0.906374	0.093626	CS pos: 25-26. VCA-VH. Pr: 0.6908
evm.utg6504.20	SP(Sec/SPI)	0.999171	0.000829	CS pos: 22-23. VLS-DC. Pr: 0.9695
evm.utg6504.26	SP(Sec/SPI)	0.909370	0.090630	CS pos: 26-27. STA-GK. Pr: 0.4107
evm.utg6504.30	SP(Sec/SPI)	0.975763	0.024237	CS pos: 21-22. NQA-TN. Pr: 0.3736
evm.utg6534.22	SP(Sec/SPI)	0.997053	0.002947	CS pos: 20-21. IEG-RT. Pr: 0.8654
evm.utg6551.16.1.5c22f320	SP(Sec/SPI)	0.941008	0.058992	CS pos: 31-32. VST-QQ. Pr: 0.7848
evm.utg6551.27	SP(Sec/SPI)	0.528946	0.471054	CS pos: 34-35. VSG-YS. Pr: 0.1967
evm.utg6551.30	SP(Sec/SPI)	0.988343	0.011657	CS pos: 20-21. IWC-LD. Pr: 0.9505
evm.utg6551.31	SP(Sec/SPI)	0.933793	0.066207	CS pos: 27-28. CVG-FA. Pr: 0.4300
evm.utg6610.7	SP(Sec/SPI)	0.987207	0.012793	CS pos: 24-25. VSA-GM. Pr: 0.8772
evm.utg6610.13	SP(Sec/SPI)	0.996092	0.003908	CS pos: 23-24. VEA-NG. Pr: 0.7983
evm.utg6669.13	SP(Sec/SPI)	0.999352	0.000648	CS pos: 16-17. AFA-ED. Pr: 0.9739
evm.utg6669.14	SP(Sec/SPI)	0.981199	0.018801	CS pos: 23-24. VRC-TE. Pr: 0.8824
evm.utg6669.25	SP(Sec/SPI)	0.873942	0.126058	CS pos: 26-27. AHF-AH. Pr: 0.4579
utg6781.equina_smart_1389976.mrna2	SP(Sec/SPI)	0.999583	0.000417	CS pos: 21-22. SNG-VE. Pr: 0.7374
utg6781.equina_smart_1461350.mrna1	SP(Sec/SPI)	0.999758	0.000242	CS pos: 21-22. SNG-VE. Pr: 0.7598
evm.utg6792.7	SP(Sec/SPI)	0.580473	0.419527	CS pos: 30-31. GSA-DD. Pr: 0.1837
evm.utg6806.20	SP(Sec/SPI)	0.998455	0.001545	CS pos: 20-21. NEA-ER. Pr: 0.9210
evm.utg6806.26	SP(Sec/SPI)	0.992824	0.007176	CS pos: 25-26. SSA-WT. Pr: 0.7857
utg6806.evm.utg7931.10.mrna2	SP(Sec/SPI)	0.934700	0.065300	CS pos: 25-26. SLS-MS. Pr: 0.4329
evm.utg6806.29	SP(Sec/SPI)	0.987263	0.012737	CS pos: 16-17. VRS-SA. Pr: 0.5926
evm.utg6806.30	SP(Sec/SPI)	0.999535	0.000465	CS pos: 23-24. SEA-FS. Pr: 0.9560
evm.utg6806.31	SP(Sec/SPI)	0.985803	0.014197	CS pos: 23-24. VEG-LT. Pr: 0.9360
evm.utg6806.34	SP(Sec/SPI)	0.940684	0.059316	CS pos: 25-26. TSA-FH. Pr: 0.8939
evm.utg6806.35	SP(Sec/SPI)	0.941989	0.058011	CS pos: 18-19. VCA-EM. Pr: 0.4156
utg6806.equina_smart_587005.mrna2	SP(Sec/SPI)	0.995048	0.004952	CS pos: 22-23. ASA-SL. Pr: 0.8433
evm.utg6806.37	SP(Sec/SPI)	0.997368	0.002632	CS pos: 22-23. ASA-SS. Pr: 0.7879
evm.utg6821.4	SP(Sec/SPI)	0.918209	0.081791	CS pos: 24-25. VQS-KV. Pr: 0.7942
evm.utg6821.5	SP(Sec/SPI)	0.975428	0.024572	CS pos: 28-29. AEA-VR. Pr: 0.9319
evm.utg6821.27	SP(Sec/SPI)	0.511680	0.488320	CS pos: 24-25. TEG-KK. Pr: 0.5002
evm.utg6821.49	SP(Sec/SPI)	0.820459	0.179541	CS pos: 25-26. VVG-GK. Pr: 0.3150
evm.utg6821.53	SP(Sec/SPI)	0.998718	0.001282	CS pos: 19-20. VSA-HS. Pr: 0.8717
evm.utg6821.54	SP(Sec/SPI)	0.992450	0.007550	CS pos: 21-22. VEC-RM. Pr: 0.8179
evm.utg6834.11	SP(Sec/SPI)	0.982853	0.017147	CS pos: 22-23. VSP-TL. Pr: 0.4078
evm.utg6834.14	SP(Sec/SPI)	0.640026	0.359974	CS pos: 22-23. TSS-EV. Pr: 0.4931
evm.utg6834.15	SP(Sec/SPI)	0.927304	0.072696	CS pos: 27-28. VLA-KT. Pr: 0.8954
evm.utg6834.16.2.5c22f335	SP(Sec/SPI)	0.990890	0.009110	CS pos: 24-25. IPG-KE. Pr: 0.7464
evm.utg6834.25	SP(Sec/SPI)	0.991542	0.008458	CS pos: 23-24. VFA-RP. Pr: 0.7886
evm.utg6843.9	SP(Sec/SPI)	0.990399	0.009601	CS pos: 24-25. VHG-GE. Pr: 0.9082
evm.utg6843.10	SP(Sec/SPI)	0.995990	0.004010	CS pos: 23-24. AHG-GE. Pr: 0.5289
evm.utg6851.15	SP(Sec/SPI)	0.998171	0.001829	CS pos: 21-22. VSA-QV. Pr: 0.9364
evm.utg6851.34	SP(Sec/SPI)	0.882722	0.117278	CS pos: 21-22. VAS-DD. Pr: 0.4488
evm.utg6875.12	SP(Sec/SPI)	0.512375	0.487625	CS pos: 22-23. SVC-YG. Pr: 0.2073
evm.utg6875.15	SP(Sec/SPI)	0.967758	0.032242	CS pos: 23-24. GDG-ED. Pr: 0.6855
evm.utg6924.6	SP(Sec/SPI)	0.632081	0.367919	CS pos: 20-21. CLT-RR. Pr: 0.3430
evm.utg6924.24	SP(Sec/SPI)	0.998240	0.001760	CS pos: 23-24. IEA-QS. Pr: 0.8525
evm.utg6938.9	SP(Sec/SPI)	0.964514	0.035486	CS pos: 24-25. CHC-AC. Pr: 0.7372
evm.utg6949.13	SP(Sec/SPI)	0.982570	0.017430	CS pos: 17-18. VCG-RP. Pr: 0.7044
evm.utg6958.4	SP(Sec/SPI)	0.511339	0.488661	CS pos: 24-25. TFA-GS. Pr: 0.3055
evm.utg6958.12	SP(Sec/SPI)	0.988467	0.011533	CS pos: 24-25. IQC-SS. Pr: 0.7404
evm.utg6958.27	SP(Sec/SPI)	0.999780	0.000220	CS pos: 20-21. GLA-AK. Pr: 0.9176
evm.utg6958.34	SP(Sec/SPI)	0.997510	0.002490	CS pos: 23-24. VAA-QS. Pr: 0.3783
evm.utg6959.13	SP(Sec/SPI)	0.998053	0.001947	CS pos: 16-17. AQA-GS. Pr: 0.8679
evm.utg6959.14	SP(Sec/SPI)	0.998053	0.001947	CS pos: 16-17. AQA-GS. Pr: 0.8679
evm.utg6959.21	SP(Sec/SPI)	0.963828	0.036172	CS pos: 23-24. VYA-EI. Pr: 0.9398
evm.utg6959.24	SP(Sec/SPI)	0.968569	0.031431	CS pos: 20-21. NFA-KP. Pr: 0.7442
evm.utg6976.4	SP(Sec/SPI)	0.818513	0.181487	CS pos: 31-32. CSA-DR. Pr: 0.7252
evm.utg6976.17	SP(Sec/SPI)	0.999781	0.000219	CS pos: 23-24. SQA-DP. Pr: 0.7990
evm.utg7001.19	SP(Sec/SPI)	0.995277	0.004723	CS pos: 15-16. ALA-GF. Pr: 0.7348
evm.utg7001.20	SP(Sec/SPI)	0.987437	0.012563	CS pos: 21-22. TQS-VP. Pr: 0.6302
evm.utg7008.10	SP(Sec/SPI)	0.994365	0.005635	CS pos: 25-26. SYS-TA. Pr: 0.4116
evm.utg7066.3	SP(Sec/SPI)	0.992190	0.007810	CS pos: 20-21. AFS-LP. Pr: 0.6832
evm.utg7066.4	SP(Sec/SPI)	0.726705	0.273295	CS pos: 19-20. VTA-TR. Pr: 0.4640
evm.utg7066.25	SP(Sec/SPI)	0.997788	0.002212	CS pos: 17-18. VDA-RR. Pr: 0.9175
evm.utg7066.33.4.5c22f36e	SP(Sec/SPI)	0.999725	0.000275	CS pos: 19-20. VDA-TG. Pr: 0.8324
evm.utg7066.35	SP(Sec/SPI)	0.977138	0.022862	CS pos: 20-21. NYA-KK. Pr: 0.7838
evm.utg7090.8	SP(Sec/SPI)	0.997916	0.002084	CS pos: 22-23. CSA-GI. Pr: 0.8714
evm.utg7090.10	SP(Sec/SPI)	0.999834	0.000166	CS pos: 16-17. VEA-YP. Pr: 0.8713
evm.utg7090.11	SP(Sec/SPI)	0.999805	0.000195	CS pos: 19-20. TYA-KP. Pr: 0.9376
evm.utg7090.13	SP(Sec/SPI)	0.969717	0.030283	CS pos: 20-21. CNC-CG. Pr: 0.7964
evm.utg7090.26	SP(Sec/SPI)	0.784637	0.215363	CS pos: 19-20. VGA-QW. Pr: 0.7392
evm.utg7090.27	SP(Sec/SPI)	0.684361	0.315639	CS pos: 16-17. CGS-KS. Pr: 0.3171
evm.utg7127.2	SP(Sec/SPI)	0.998567	0.001433	CS pos: 20-21. VSS-LD. Pr: 0.8348
evm.utg7127.4	SP(Sec/SPI)	0.976579	0.023421	CS pos: 20-21. IHG-DD. Pr: 0.9359
evm.utg7127.5.6	SP(Sec/SPI)	0.999766	0.000234	CS pos: 22-23. ATA-TN. Pr: 0.9535
evm.utg7127.7	SP(Sec/SPI)	0.998788	0.001212	CS pos: 24-25. TLA-VN. Pr: 0.9245
evm.utg7127.9	SP(Sec/SPI)	0.987221	0.012779	CS pos: 27-28. GYA-VE. Pr: 0.9505
evm.utg7127.10	SP(Sec/SPI)	0.994095	0.005905	CS pos: 24-25. AKC-EK. Pr: 0.8760
evm.utg7127.13	SP(Sec/SPI)	0.977817	0.022183	CS pos: 21-22. TTS-SE. Pr: 0.5811
evm.utg7127.16	SP(Sec/SPI)	0.993950	0.006050	CS pos: 17-18. VNP-EP. Pr: 0.7798
evm.utg7127.35	SP(Sec/SPI)	0.997506	0.002494	CS pos: 21-22. VSS-IT. Pr: 0.9568
evm.utg7127.37	SP(Sec/SPI)	0.998918	0.001082	CS pos: 22-23. GHT-LR. Pr: 0.9834
evm.utg7145.65	SP(Sec/SPI)	0.920036	0.079964	CS pos: 30-31. AWS-HQ. Pr: 0.8770
evm.utg7148.9	SP(Sec/SPI)	0.956995	0.043005	CS pos: 21-22. SVA-RR. Pr: 0.7254
evm.utg7149.20	SP(Sec/SPI)	0.996506	0.003494	CS pos: 17-18. AIA-DK. Pr: 0.9167
evm.utg7149.21	SP(Sec/SPI)	0.998648	0.001352	CS pos: 16-17. ILC-AL. Pr: 0.4628
evm.utg7168.3	SP(Sec/SPI)	0.999748	0.000252	CS pos: 23-24. ADA-RG. Pr: 0.8574
evm.utg7179.7	SP(Sec/SPI)	0.540713	0.459287	CS pos: 28-29. VVA-TV. Pr: 0.4982
evm.utg7217.12	SP(Sec/SPI)	0.662044	0.337956	CS pos: 16-17. GFA-EY. Pr: 0.6045
evm.utg7217.22	SP(Sec/SPI)	0.817992	0.182008	CS pos: 23-24. VCG-FY. Pr: 0.6836
evm.utg7217.41	SP(Sec/SPI)	0.937266	0.062734	CS pos: 23-24. HHC-KD. Pr: 0.3305
evm.utg7264.13	SP(Sec/SPI)	0.709249	0.290751	CS pos: 22-23. ISS-NT. Pr: 0.4531
evm.utg7273.4	SP(Sec/SPI)	0.671470	0.328530	CS pos: 20-21. MMI-MR. Pr: 0.1307
utg7273.equina_smart_1460082.mrna2	SP(Sec/SPI)	0.999690	0.000310	CS pos: 19-20. ADG-QL. Pr: 0.9161
evm.utg7273.9	SP(Sec/SPI)	0.999286	0.000714	CS pos: 18-19. AYA-DD. Pr: 0.9829
evm.utg7273.15	SP(Sec/SPI)	0.881920	0.118080	CS pos: 23-24. VTS-HV. Pr: 0.5639
evm.utg7273.17	SP(Sec/SPI)	0.554579	0.445421	CS pos: 20-21. VMT-VY. Pr: 0.3416
evm.utg7286.29	SP(Sec/SPI)	0.994730	0.005270	CS pos: 21-22. SAG-DE. Pr: 0.4311
evm.utg7289.6	SP(Sec/SPI)	0.918267	0.081733	CS pos: 20-21. GLS-LP. Pr: 0.7249
evm.utg7289.27	SP(Sec/SPI)	0.785488	0.214512	CS pos: 22-23. ANG-IS. Pr: 0.6474
evm.utg7289.62	SP(Sec/SPI)	0.993912	0.006088	CS pos: 23-24. ISG-KI. Pr: 0.9473
evm.utg7289.63	SP(Sec/SPI)	0.999778	0.000222	CS pos: 18-19. VNA-KP. Pr: 0.9661
evm.utg7289.65	SP(Sec/SPI)	0.993714	0.006286	CS pos: 22-23. SQG-NV. Pr: 0.7102
evm.utg7289.66.1.5c22f3b4	SP(Sec/SPI)	0.768101	0.231899	CS pos: 24-25. CWS-DY. Pr: 0.4958
evm.utg7403.5	SP(Sec/SPI)	0.994696	0.005304	CS pos: 25-26. VGC-KD. Pr: 0.4341
evm.utg7403.6	SP(Sec/SPI)	0.999217	0.000783	CS pos: 19-20. VFA-DE. Pr: 0.8304
evm.utg7412.2	SP(Sec/SPI)	0.997759	0.002241	CS pos: 19-20. VYA-DW. Pr: 0.9949
evm.utg7412.3	SP(Sec/SPI)	0.788883	0.211117	CS pos: 28-29. SLS-QQ. Pr: 0.6787
evm.utg7412.4	SP(Sec/SPI)	0.798669	0.201331	CS pos: 25-26. VTS-IT. Pr: 0.4283
evm.utg7412.5	SP(Sec/SPI)	0.991585	0.008415	CS pos: 23-24. VQG-FT. Pr: 0.9138
evm.utg7412.7	SP(Sec/SPI)	0.681992	0.318008	CS pos: 20-21. LQT-AD. Pr: 0.2911
evm.utg7412.8	SP(Sec/SPI)	0.961651	0.038349	CS pos: 18-19. CDA-SK. Pr: 0.8209
evm.utg7412.13.1.5c22f3dc	SP(Sec/SPI)	0.624549	0.375451	CS pos: 22-23. VEK-TK. Pr: 0.2134
evm.utg7412.28	SP(Sec/SPI)	0.964167	0.035833	CS pos: 19-20. TNA-KN. Pr: 0.7216
evm.utg7522.10	SP(Sec/SPI)	0.932798	0.067202	CS pos: 30-31. SEA-LK. Pr: 0.8530
evm.utg7522.26	SP(Sec/SPI)	0.992204	0.007796	CS pos: 21-22. SIA-SP. Pr: 0.8685
evm.utg7522.52	SP(Sec/SPI)	0.956714	0.043286	CS pos: 24-25. GSS-EH. Pr: 0.4202
evm.utg7548.2	SP(Sec/SPI)	0.976594	0.023406	CS pos: 27-28. ANG-NS. Pr: 0.4277
evm.utg7549.6	SP(Sec/SPI)	0.957093	0.042907	CS pos: 26-27. TQS-TS. Pr: 0.4097
evm.utg7549.12	SP(Sec/SPI)	0.979760	0.020240	CS pos: 24-25. VWG-AT. Pr: 0.9420
evm.utg7549.15	SP(Sec/SPI)	0.814511	0.185489	CS pos: 21-22. VGD-DD. Pr: 0.3430
evm.utg7549.17	SP(Sec/SPI)	0.944962	0.055038	CS pos: 26-27. VVS-DV. Pr: 0.6655
evm.utg7549.27	SP(Sec/SPI)	0.885246	0.114754	CS pos: 24-25. VQG-SV. Pr: 0.8582
evm.utg7549.28	SP(Sec/SPI)	0.988409	0.011591	CS pos: 26-27. CEP-AS. Pr: 0.7120
evm.utg7549.33	SP(Sec/SPI)	0.923495	0.076505	CS pos: 19-20. TRT-AW. Pr: 0.6678
evm.utg7595.5	SP(Sec/SPI)	0.903969	0.096031	CS pos: 32-33. GNA-CD. Pr: 0.6204
evm.utg7595.26	SP(Sec/SPI)	0.789299	0.210701	CS pos: 22-23. NLA-RC. Pr: 0.2242
evm.utg7595.36	SP(Sec/SPI)	0.519249	0.480751	CS pos: 30-31. GKA-FQ. Pr: 0.4218
evm.utg7596.6	SP(Sec/SPI)	0.999244	0.000756	CS pos: 23-24. AVA-QN. Pr: 0.9230
evm.utg7652.12	SP(Sec/SPI)	0.985146	0.014854	CS pos: 24-25. VSS-KE. Pr: 0.9630
evm.utg7652.19	SP(Sec/SPI)	0.997140	0.002860	CS pos: 16-17. AYS-LP. Pr: 0.8131
evm.utg7652.29	SP(Sec/SPI)	0.999465	0.000535	CS pos: 20-21. TTS-QL. Pr: 0.7231
evm.utg7652.40	SP(Sec/SPI)	0.989829	0.010171	CS pos: 17-18. VNA-SY. Pr: 0.6890
evm.utg7656.5	SP(Sec/SPI)	0.996002	0.003998	CS pos: 27-28. SDS-AS. Pr: 0.4311
utg7656.equina_smart_196234.mrna2	SP(Sec/SPI)	0.997263	0.002737	CS pos: 20-21. SQA-RF. Pr: 0.9230
evm.utg7680.16	SP(Sec/SPI)	0.947254	0.052746	CS pos: 27-28. VQN-NP. Pr: 0.3947
evm.utg7680.21	SP(Sec/SPI)	0.984427	0.015573	CS pos: 24-25. TSA-ES. Pr: 0.4842
evm.utg7769.3	SP(Sec/SPI)	0.995245	0.004755	CS pos: 21-22. VST-EE. Pr: 0.8378
evm.utg7769.5	SP(Sec/SPI)	0.984007	0.015993	CS pos: 22-23. VLG-FD. Pr: 0.9316
evm.utg7821.2	SP(Sec/SPI)	0.992582	0.007418	CS pos: 16-17. SFA-LP. Pr: 0.7802
evm.utg7821.9	SP(Sec/SPI)	0.916427	0.083573	CS pos: 22-23. VRG-GR. Pr: 0.8581
evm.utg7821.19	SP(Sec/SPI)	0.993521	0.006479	CS pos: 21-22. VNA-KE. Pr: 0.9864
evm.utg7821.37	SP(Sec/SPI)	0.584024	0.415976	CS pos: 24-25. SEG-KK. Pr: 0.3953
evm.utg7821.38	SP(Sec/SPI)	0.992587	0.007413	CS pos: 21-22. VRG-TS. Pr: 0.7366
evm.utg7821.39	SP(Sec/SPI)	0.992293	0.007707	CS pos: 18-19. VVA-SN. Pr: 0.6883
evm.utg7839.2	SP(Sec/SPI)	0.808032	0.191968	CS pos: 33-34. GFA-AS. Pr: 0.6561
evm.utg7839.5	SP(Sec/SPI)	0.990432	0.009568	CS pos: 27-28. ANA-AP. Pr: 0.6535
evm.utg7840.9	SP(Sec/SPI)	0.701396	0.298604	CS pos: 21-22. FSC-NP. Pr: 0.2359
evm.utg7840.17	SP(Sec/SPI)	0.771426	0.228574	CS pos: 25-26. VNA-EF. Pr: 0.6656
evm.utg7840.22	SP(Sec/SPI)	0.953553	0.046447	CS pos: 23-24. FRA-TP. Pr: 0.6227
evm.utg7847.1	SP(Sec/SPI)	0.998489	0.001511	CS pos: 22-23. TQA-NI. Pr: 0.5606
evm.utg7855.14	SP(Sec/SPI)	0.985149	0.014851	CS pos: 21-22. VFS-SS. Pr: 0.4958
evm.utg7855.15	SP(Sec/SPI)	0.929446	0.070554	CS pos: 21-22. VFG-TE. Pr: 0.8365
evm.utg7855.21.1.5c22f42e	SP(Sec/SPI)	0.884975	0.115025	CS pos: 23-24. VHS-KS. Pr: 0.8515
evm.utg7909.6	SP(Sec/SPI)	0.645696	0.354304	CS pos: 15-16. VLP-FK. Pr: 0.4238
evm.utg7931.3	SP(Sec/SPI)	0.997828	0.002172	CS pos: 18-19. SCA-ER. Pr: 0.5452
evm.utg7931.9	SP(Sec/SPI)	0.993408	0.006592	CS pos: 25-26. SSA-WT. Pr: 0.7848
evm.utg7931.10	SP(Sec/SPI)	0.933505	0.066495	CS pos: 25-26. TLS-MT. Pr: 0.5063
evm.utg7931.12	SP(Sec/SPI)	0.995923	0.004077	CS pos: 18-19. SSA-FN. Pr: 0.8454
evm.utg7931.14	SP(Sec/SPI)	0.997891	0.002109	CS pos: 23-24. SEA-FA. Pr: 0.7795
evm.utg7950.2	SP(Sec/SPI)	0.594724	0.405276	CS pos: 27-28. VAP-AS. Pr: 0.2136
evm.utg7950.6	SP(Sec/SPI)	0.995417	0.004583	CS pos: 20-21. TRG-QV. Pr: 0.8913
evm.utg7950.10	SP(Sec/SPI)	0.896766	0.103234	CS pos: 26-27. VLS-AR. Pr: 0.4908
evm.utg7950.11	SP(Sec/SPI)	0.999101	0.000899	CS pos: 18-19. TEA-RG. Pr: 0.6926
evm.utg7950.17	SP(Sec/SPI)	0.996279	0.003721	CS pos: 20-21. VNA-KD. Pr: 0.9748
evm.utg7950.36	SP(Sec/SPI)	0.993600	0.006400	CS pos: 19-20. TTA-TQ. Pr: 0.7003
evm.utg7950.41	SP(Sec/SPI)	0.966679	0.033321	CS pos: 23-24. ING-WG. Pr: 0.6965
evm.utg7977.2	SP(Sec/SPI)	0.717669	0.282331	CS pos: 23-24. VHG-TN. Pr: 0.6986
evm.utg7977.3	SP(Sec/SPI)	0.992742	0.007258	CS pos: 20-21. TMA-RP. Pr: 0.8123
evm.utg7977.4	SP(Sec/SPI)	0.999779	0.000221	CS pos: 21-22. ADA-YS. Pr: 0.8781
evm.utg7977.5	SP(Sec/SPI)	0.999279	0.000721	CS pos: 20-21. TMA-RQ. Pr: 0.8806
evm.utg8262.4	SP(Sec/SPI)	0.990943	0.009057	CS pos: 20-21. CYA-MP. Pr: 0.5057
utg8316.equina_smart_1074728.mrna1	SP(Sec/SPI)	0.686360	0.313640	CS pos: 13-14. SKA-LN. Pr: 0.5099
evm.utg8316.7	SP(Sec/SPI)	0.878080	0.121920	CS pos: 19-20. SEA-AV. Pr: 0.7435
evm.utg8380.28	SP(Sec/SPI)	0.999290	0.000710	CS pos: 20-21. TEC-SI. Pr: 0.9328
evm.utg8380.15	SP(Sec/SPI)	0.624771	0.375229	CS pos: 18-19. CSM-YD. Pr: 0.2012
evm.utg8380.20	SP(Sec/SPI)	0.826785	0.173215	CS pos: 33-34. VQS-IS. Pr: 0.6006
evm.utg8494.6	SP(Sec/SPI)	0.965794	0.034206	CS pos: 16-17. GLA-FQ. Pr: 0.8141
evm.utg8494.14	SP(Sec/SPI)	0.989310	0.010690	CS pos: 17-18. SCS-FP. Pr: 0.4284
utg8494.equina_smart_1465053.mrna1	SP(Sec/SPI)	0.959316	0.040684	CS pos: 28-29. CSG-ND. Pr: 0.7364
evm.utg8494.37	SP(Sec/SPI)	0.956922	0.043078	CS pos: 20-21. ILT-QV. Pr: 0.4452
evm.utg8494.48	SP(Sec/SPI)	0.775893	0.224107	CS pos: 21-22. CKG-NV. Pr: 0.4774
evm.utg8494.51	SP(Sec/SPI)	0.997704	0.002296	CS pos: 24-25. TDA-ST. Pr: 0.9906
evm.utg8494.83	SP(Sec/SPI)	0.805348	0.194652	CS pos: 26-27. TVA-VP. Pr: 0.2337
evm.utg8494.89	SP(Sec/SPI)	0.789323	0.210677	CS pos: 24-25. IAA-FS. Pr: 0.5089
evm.utg8494.94	SP(Sec/SPI)	0.780614	0.219386	CS pos: 24-25. TYS-AS. Pr: 0.4539
evm.utg8494.96	SP(Sec/SPI)	0.912340	0.087660	CS pos: 22-23. NKA-EE. Pr: 0.6884
evm.utg8494.115	SP(Sec/SPI)	0.995766	0.004234	CS pos: 21-22. SLG-EE. Pr: 0.8024
evm.utg8497.3	SP(Sec/SPI)	0.874537	0.125463	CS pos: 23-24. VFG-FG. Pr: 0.5818
evm.utg8497.4	SP(Sec/SPI)	0.990124	0.009876	CS pos: 22-23. ALA-SG. Pr: 0.6133
evm.utg8497.7	SP(Sec/SPI)	0.850370	0.149630	CS pos: 23-24. VLG-SK. Pr: 0.8153
evm.utg8497.14	SP(Sec/SPI)	0.663383	0.336617	CS pos: 26-27. AFG-TN. Pr: 0.3213
evm.utg8497.17	SP(Sec/SPI)	0.800856	0.199144	CS pos: 26-27. SQS-YE. Pr: 0.3179
evm.utg8609.22	SP(Sec/SPI)	0.989713	0.010287	CS pos: 22-23. AEG-YE. Pr: 0.9623
evm.utg8609.23.25.1.5c279829	SP(Sec/SPI)	0.996492	0.003508	CS pos: 19-20. ALA-VP. Pr: 0.7913
evm.utg8609.24	SP(Sec/SPI)	0.995929	0.004071	CS pos: 19-20. ALA-VP. Pr: 0.7921
evm.utg8609.27	SP(Sec/SPI)	0.893079	0.106921	CS pos: 23-24. VFC-KS. Pr: 0.7383
evm.utg8615.4	SP(Sec/SPI)	0.999187	0.000813	CS pos: 24-25. VSG-QK. Pr: 0.9833
evm.utg8615.12	SP(Sec/SPI)	0.997505	0.002495	CS pos: 28-29. IQA-QK. Pr: 0.9520
evm.utg8615.16	SP(Sec/SPI)	0.573706	0.426294	CS pos: 31-32. VSS-LG. Pr: 0.3572
evm.utg8672.9	SP(Sec/SPI)	0.999445	0.000555	CS pos: 20-21. SWS-NP. Pr: 0.9476
evm.utg8672.21	SP(Sec/SPI)	0.999801	0.000199	CS pos: 20-21. AFS-LK. Pr: 0.9637
evm.utg8726.1	SP(Sec/SPI)	0.988976	0.011024	CS pos: 27-28. SEC-ET. Pr: 0.7129
evm.utg8726.2	SP(Sec/SPI)	0.692278	0.307722	CS pos: 24-25. VLG-ST. Pr: 0.5585
evm.utg8726.4	SP(Sec/SPI)	0.678408	0.321592	CS pos: 23-24. SLS-TI. Pr: 0.4319
evm.utg8726.8.3.5c22f4b9	SP(Sec/SPI)	0.999324	0.000676	CS pos: 19-20. TEG-NQ. Pr: 0.9722
evm.utg8726.9	SP(Sec/SPI)	0.975235	0.024765	CS pos: 19-20. TDG-AQ. Pr: 0.7707
evm.utg8768.3	SP(Sec/SPI)	0.961500	0.038500	CS pos: 22-23. ING-HK. Pr: 0.7140
evm.utg8768.5	SP(Sec/SPI)	0.997823	0.002177	CS pos: 21-22. VHS-LE. Pr: 0.9801
utg8768.equina_smart_1465688.mrna1	SP(Sec/SPI)	0.902769	0.097231	CS pos: 31-32. VLA-KH. Pr: 0.7589
evm.utg8768.8	SP(Sec/SPI)	0.963359	0.036641	CS pos: 24-25. SRS-DH. Pr: 0.6688
evm.utg8768.11	SP(Sec/SPI)	0.997486	0.002514	CS pos: 20-21. ASS-QN. Pr: 0.5939
evm.utg8792.33	SP(Sec/SPI)	0.995847	0.004153	CS pos: 19-20. VQG-RR. Pr: 0.9490
evm.utg8792.54	SP(Sec/SPI)	0.976337	0.023663	CS pos: 24-25. GEA-IL. Pr: 0.3820
evm.utg8792.56	SP(Sec/SPI)	0.905082	0.094918	CS pos: 27-28. CEG-LL. Pr: 0.6194
evm.utg8792.67	SP(Sec/SPI)	0.813603	0.186397	CS pos: 41-42. ANA-AR. Pr: 0.7931
evm.utg8820.14	SP(Sec/SPI)	0.988247	0.011753	CS pos: 28-29. VCA-LD. Pr: 0.5389
evm.utg8820.21	SP(Sec/SPI)	0.991451	0.008549	CS pos: 19-20. TRA-QE. Pr: 0.8931
evm.utg8851.69	SP(Sec/SPI)	0.514874	0.485126	CS pos: 33-34. AAA-AE. Pr: 0.2451
evm.utg8851.72	SP(Sec/SPI)	0.992152	0.007848	CS pos: 22-23. IEA-AL. Pr: 0.9324
evm.utg8851.73	SP(Sec/SPI)	0.793019	0.206981	CS pos: 16-17. CCS-NV. Pr: 0.3239
evm.utg8931.6	SP(Sec/SPI)	0.988179	0.011821	CS pos: 22-23. VKA-YT. Pr: 0.9569
evm.utg8931.8	SP(Sec/SPI)	0.928599	0.071401	CS pos: 20-21. DDG-DD. Pr: 0.2361
evm.utg9033.3	SP(Sec/SPI)	0.907299	0.092701	CS pos: 18-19. AHS-CW. Pr: 0.8191
evm.utg9110.12	SP(Sec/SPI)	0.999704	0.000296	CS pos: 22-23. SQA-DP. Pr: 0.7763
evm.utg9110.20	SP(Sec/SPI)	0.784111	0.215889	CS pos: 26-27. TQG-CQ. Pr: 0.6668
evm.utg9110.25	SP(Sec/SPI)	0.642033	0.357967	CS pos: 18-19. CLC-LI. Pr: 0.3185
evm.utg9150.5	SP(Sec/SPI)	0.997650	0.002350	CS pos: 18-19. ASA-QS. Pr: 0.7431
evm.utg9150.6.1.5c22f504	SP(Sec/SPI)	0.993803	0.006197	CS pos: 23-24. VTA-RR. Pr: 0.7282
evm.utg9150.13	SP(Sec/SPI)	0.897034	0.102966	CS pos: 19-20. SEA-AV. Pr: 0.7748
evm.utg9150.14	SP(Sec/SPI)	0.999161	0.000839	CS pos: 20-21. IEA-AE. Pr: 0.9693
evm.utg9202.3	SP(Sec/SPI)	0.983638	0.016362	CS pos: 26-27. VNT-SP. Pr: 0.5178
evm.utg9202.4	SP(Sec/SPI)	0.953791	0.046209	CS pos: 37-38. ANG-SS. Pr: 0.9451
utg9202.equina_smart_871162.mrna1	SP(Sec/SPI)	0.620140	0.379860	CS pos: 43-44. VSG-KC. Pr: 0.5837
utg9202.equina_smart_89852.mrna1	SP(Sec/SPI)	0.987347	0.012653	CS pos: 36-37. ANG-IS. Pr: 0.9576
evm.utg9229.2	SP(Sec/SPI)	0.823464	0.176536	CS pos: 23-24. ILA-AS. Pr: 0.6505
evm.utg9229.3	SP(Sec/SPI)	0.842224	0.157776	CS pos: 22-23. VLS-GI. Pr: 0.4327
evm.utg9284.4	SP(Sec/SPI)	0.897202	0.102798	CS pos: 26-27. VLS-AL. Pr: 0.3545
evm.utg9284.5	SP(Sec/SPI)	0.821733	0.178267	CS pos: 26-27. VLC-AL. Pr: 0.3560
evm.utg9284.9	SP(Sec/SPI)	0.964934	0.035066	CS pos: 19-20. SDA-GT. Pr: 0.9346
evm.utg9284.10	SP(Sec/SPI)	0.615084	0.384916	CS pos: 25-26. LPC-FK. Pr: 0.3269
evm.utg9284.14	SP(Sec/SPI)	0.602550	0.397450	CS pos: 25-26. LPC-FR. Pr: 0.2933
evm.utg9284.15.1.5c22f51d	SP(Sec/SPI)	0.602550	0.397450	CS pos: 25-26. LPC-FR. Pr: 0.2933
utg9284.equina_smart_1466335.mrna1	SP(Sec/SPI)	0.996695	0.003305	CS pos: 21-22. AVA-DL. Pr: 0.8395
evm.utg9285.16	SP(Sec/SPI)	0.965750	0.034250	CS pos: 21-22. VSS-SN. Pr: 0.7209
evm.utg9285.28	SP(Sec/SPI)	0.991364	0.008636	CS pos: 24-25. TSA-SN. Pr: 0.6172
evm.utg9313.1	SP(Sec/SPI)	0.778895	0.221105	CS pos: 21-22. CSA-CI. Pr: 0.4094
evm.utg9313.6	SP(Sec/SPI)	0.980626	0.019374	CS pos: 22-23. AEC-GK. Pr: 0.5880
evm.utg9313.8	SP(Sec/SPI)	0.719835	0.280165	CS pos: 23-24. ILS-SP. Pr: 0.5680
evm.utg9313.13	SP(Sec/SPI)	0.930888	0.069112	CS pos: 21-22. VAP-QT. Pr: 0.2915
evm.utg9313.16	SP(Sec/SPI)	0.949933	0.050067	CS pos: 21-22. GFA-PD. Pr: 0.5373
evm.utg9313.42	SP(Sec/SPI)	0.991100	0.008900	CS pos: 19-20. CLT-ST. Pr: 0.3773
evm.utg9401.10	SP(Sec/SPI)	0.986023	0.013977	CS pos: 23-24. VLS-GC. Pr: 0.8670
evm.utg9401.22	SP(Sec/SPI)	0.907794	0.092206	CS pos: 16-17. SLA-PR. Pr: 0.4195
evm.utg9409.9	SP(Sec/SPI)	0.768314	0.231686	CS pos: 34-35. ALS-YQ. Pr: 0.2073
evm.utg9409.10	SP(Sec/SPI)	0.996365	0.003635	CS pos: 22-23. TYA-TM. Pr: 0.9609
evm.utg9409.11	SP(Sec/SPI)	0.996365	0.003635	CS pos: 22-23. TYA-TM. Pr: 0.9609
evm.utg9409.16	SP(Sec/SPI)	0.984949	0.015051	CS pos: 23-24. AHS-SI. Pr: 0.8100
evm.utg9409.20	SP(Sec/SPI)	0.934825	0.065175	CS pos: 23-24. TKA-QD. Pr: 0.9054
evm.utg9409.27	SP(Sec/SPI)	0.994669	0.005331	CS pos: 21-22. TYA-TM. Pr: 0.9537
evm.utg9409.30	SP(Sec/SPI)	0.988025	0.011975	CS pos: 21-22. TYA-TM. Pr: 0.9482
evm.utg9472.5	SP(Sec/SPI)	0.998601	0.001399	CS pos: 20-21. CTA-QN. Pr: 0.8273
evm.utg9472.12.3.5c22f52d	SP(Sec/SPI)	0.999868	0.000132	CS pos: 19-20. SLA-QG. Pr: 0.4757
utg9472.equina_smart_1466674.mrna1	SP(Sec/SPI)	0.999745	0.000255	CS pos: 21-22. AHG-CT. Pr: 0.5228
utg9472.equina_smart_414374.mrna2	SP(Sec/SPI)	0.999543	0.000457	CS pos: 19-20. SFA-KS. Pr: 0.8674
evm.utg9550.4	SP(Sec/SPI)	0.999402	0.000598	CS pos: 15-16. CFA-TH. Pr: 0.7891
utg9561.equina_smart_1466753.mrna1	SP(Sec/SPI)	0.918422	0.081578	CS pos: 26-27. SDG-FK. Pr: 0.5848
utg9561.evm.utg324.133.mrna4	SP(Sec/SPI)	0.997966	0.002034	CS pos: 23-24. VEA-NG. Pr: 0.8165
evm.utg9668.32	SP(Sec/SPI)	0.798183	0.201817	CS pos: 17-18. ASG-GV. Pr: 0.5813
evm.utg9668.33	SP(Sec/SPI)	0.999433	0.000567	CS pos: 21-22. VHG-WP. Pr: 0.9800
evm.utg9740.7	SP(Sec/SPI)	0.998082	0.001918	CS pos: 23-24. VTA-QV. Pr: 0.8984
utg9762.evm.utg1765.6.mrna2	SP(Sec/SPI)	0.978496	0.021504	CS pos: 25-26. THA-TT. Pr: 0.9262
evm.utg9762.2.1.5c22f544	SP(Sec/SPI)	0.972633	0.027367	CS pos: 21-22. VFA-AP. Pr: 0.7095
evm.utg9769.4	SP(Sec/SPI)	0.993452	0.006548	CS pos: 23-24. TSP-KE. Pr: 0.4810
evm.utg9769.10	SP(Sec/SPI)	0.909569	0.090431	CS pos: 20-21. DGG-DD. Pr: 0.2111
evm.utg9769.16	SP(Sec/SPI)	0.920587	0.079413	CS pos: 20-21. VIA-CP. Pr: 0.6005
evm.utg9769.18	SP(Sec/SPI)	0.820539	0.179461	CS pos: 27-28. AQA-SL. Pr: 0.4537
utg9776.equina_smart_1467064.mrna1	SP(Sec/SPI)	0.991852	0.008148	CS pos: 18-19. VSP-VI. Pr: 0.2732
utg9776.equina_smart_1467066.mrna1	SP(Sec/SPI)	0.995273	0.004727	CS pos: 17-18. IHA-IK. Pr: 0.6952
evm.utg9776.6	SP(Sec/SPI)	0.999599	0.000401	CS pos: 24-25. CHA-CG. Pr: 0.7845
evm.utg9875.10	SP(Sec/SPI)	0.842513	0.157487	CS pos: 25-26. TRA-RH. Pr: 0.7710
evm.utg9902.10	SP(Sec/SPI)	0.999748	0.000252	CS pos: 20-21. LQA-MP. Pr: 0.6439
evm.utg10026.4	SP(Sec/SPI)	0.579969	0.420031	CS pos: 27-28. VLG-IP. Pr: 0.5041
evm.utg10114.10	SP(Sec/SPI)	0.659357	0.340643	CS pos: 30-31. IHG-SN. Pr: 0.5469
evm.utg10119.5	SP(Sec/SPI)	0.852319	0.147681	CS pos: 25-26. VLG-CQ. Pr: 0.5922
evm.utg10119.6	SP(Sec/SPI)	0.901191	0.098809	CS pos: 25-26. VLG-CQ. Pr: 0.6261
evm.utg10119.7	SP(Sec/SPI)	0.952427	0.047573	CS pos: 25-26. VLG-CQ. Pr: 0.7189
evm.utg10135.3	SP(Sec/SPI)	0.966794	0.033206	CS pos: 22-23. TDC-FQ. Pr: 0.8766
evm.utg10135.7	SP(Sec/SPI)	0.715049	0.284951	CS pos: 29-30. GFA-CN. Pr: 0.3689
evm.utg10156.24	SP(Sec/SPI)	0.551059	0.448941	CS pos: 28-29. VDA-SA. Pr: 0.3918
evm.utg10156.33	SP(Sec/SPI)	0.988950	0.011050	CS pos: 22-23. VKG-LW. Pr: 0.6310
evm.utg10282.8	SP(Sec/SPI)	0.997784	0.002216	CS pos: 21-22. CNS-AK. Pr: 0.4720
evm.utg10282.9	SP(Sec/SPI)	0.995124	0.004876	CS pos: 23-24. CYG-DP. Pr: 0.9097
evm.utg10321.20	SP(Sec/SPI)	0.971648	0.028352	CS pos: 17-18. VCS-FP. Pr: 0.4192
evm.utg10321.21	SP(Sec/SPI)	0.993879	0.006121	CS pos: 28-29. SSG-CY. Pr: 0.6894
utg10321.equina_smart_1162890.mrna1	SP(Sec/SPI)	0.993805	0.006195	CS pos: 28-29. SSG-CH. Pr: 0.6752
evm.utg10470.17	SP(Sec/SPI)	0.986363	0.013637	CS pos: 25-26. ASG-VK. Pr: 0.4536
evm.utg10470.29	SP(Sec/SPI)	0.800952	0.199048	CS pos: 20-21. TAA-LL. Pr: 0.5201
evm.utg10470.39	SP(Sec/SPI)	0.923882	0.076118	CS pos: 19-20. VVS-RP. Pr: 0.5218
evm.utg10470.41	SP(Sec/SPI)	0.972515	0.027485	CS pos: 22-23. VGS-RD. Pr: 0.7619
evm.utg10470.43	SP(Sec/SPI)	0.988766	0.011234	CS pos: 25-26. TDA-RP. Pr: 0.3715
evm.utg10470.45	SP(Sec/SPI)	0.988147	0.011853	CS pos: 25-26. SDG-AP. Pr: 0.8856
evm.utg10541.4.1.5c22e830	SP(Sec/SPI)	0.993948	0.006052	CS pos: 23-24. SEG-IS. Pr: 0.7471
evm.utg10541.5	SP(Sec/SPI)	0.753315	0.246685	CS pos: 27-28. TAC-SV. Pr: 0.2124
evm.utg10541.20	SP(Sec/SPI)	0.821962	0.178038	CS pos: 30-31. VQA-KE. Pr: 0.8161
evm.utg10588.5	SP(Sec/SPI)	0.998022	0.001978	CS pos: 21-22. AQT-VR. Pr: 0.3822
evm.utg10588.6	SP(Sec/SPI)	0.888047	0.111953	CS pos: 17-18. VDC-GL. Pr: 0.7251
evm.utg10588.7	SP(Sec/SPI)	0.997302	0.002698	CS pos: 19-20. AIC-SV. Pr: 0.4303
evm.utg10588.8	SP(Sec/SPI)	0.798240	0.201760	CS pos: 31-32. VQS-QE. Pr: 0.6672
evm.utg10588.9	SP(Sec/SPI)	0.838612	0.161388	CS pos: 34-35. VNP-TK. Pr: 0.4495
evm.utg10588.19	SP(Sec/SPI)	0.940066	0.059934	CS pos: 21-22. VEP-AN. Pr: 0.7138
evm.utg10588.21	SP(Sec/SPI)	0.972267	0.027733	CS pos: 27-28. SHQ-LQ. Pr: 0.4241
utg10588.equina_smart_375340.mrna1	SP(Sec/SPI)	0.839424	0.160576	CS pos: 24-25. VLC-VK. Pr: 0.7009
evm.utg10608.2	SP(Sec/SPI)	0.998814	0.001186	CS pos: 20-21. VNG-AC. Pr: 0.7073
evm.utg10628.23	SP(Sec/SPI)	0.983101	0.016899	CS pos: 22-23. CWS-FY. Pr: 0.9453
evm.utg10933.5	SP(Sec/SPI)	0.985407	0.014593	CS pos: 23-24. ALA-SK. Pr: 0.8534
evm.utg10933.6	SP(Sec/SPI)	0.957567	0.042433	CS pos: 19-20. MTA-DD. Pr: 0.4880
evm.utg11096.16	SP(Sec/SPI)	0.970758	0.029242	CS pos: 19-20. VEA-NR. Pr: 0.8758
evm.utg11096.18	SP(Sec/SPI)	0.892614	0.107386	CS pos: 22-23. LEA-VT. Pr: 0.6515
evm.utg11123.1	SP(Sec/SPI)	0.970685	0.029315	CS pos: 24-25. ASA-FK. Pr: 0.7270
evm.utg11123.3	SP(Sec/SPI)	0.963567	0.036433	CS pos: 21-22. ACS-TP. Pr: 0.3576
evm.utg11123.5	SP(Sec/SPI)	0.999099	0.000901	CS pos: 19-20. SEA-CG. Pr: 0.7538
evm.utg11123.6.8	SP(Sec/SPI)	0.966943	0.033057	CS pos: 19-20. INA-CG. Pr: 0.8750
evm.utg11299.1	SP(Sec/SPI)	0.983737	0.016263	CS pos: 21-22. IEA-KT. Pr: 0.9498
evm.utg11341.4	SP(Sec/SPI)	0.996075	0.003925	CS pos: 18-19. VLS-AP. Pr: 0.7709
evm.utg11411.21	SP(Sec/SPI)	0.600836	0.399164	CS pos: 22-23. LGS-ND. Pr: 0.2524
evm.utg11411.31.1.5c22e8c4	SP(Sec/SPI)	0.768195	0.231805	CS pos: 31-32. SSS-CP. Pr: 0.3673
evm.utg11415.2	SP(Sec/SPI)	0.994871	0.005129	CS pos: 18-19. CFA-AH. Pr: 0.5572
evm.utg11415.8	SP(Sec/SPI)	0.997137	0.002863	CS pos: 20-21. GHA-LP. Pr: 0.9043
evm.utg11415.9	SP(Sec/SPI)	0.996691	0.003309	CS pos: 20-21. SHA-FS. Pr: 0.6820
evm.utg11415.11	SP(Sec/SPI)	0.973997	0.026003	CS pos: 19-20. VGA-IS. Pr: 0.5811
evm.utg11415.12.13.5.5c278f17	SP(Sec/SPI)	0.988968	0.011032	CS pos: 22-23. GHS-MD. Pr: 0.9433
evm.utg11415.18	SP(Sec/SPI)	0.999385	0.000615	CS pos: 16-17. VYG-EP. Pr: 0.8982
evm.utg11415.19	SP(Sec/SPI)	0.998686	0.001314	CS pos: 17-18. VAA-ET. Pr: 0.4673
evm.utg11415.20	SP(Sec/SPI)	0.998606	0.001394	CS pos: 17-18. VAA-ET. Pr: 0.4616
evm.utg11415.21	SP(Sec/SPI)	0.999435	0.000565	CS pos: 16-17. VVA-ED. Pr: 0.7436
evm.utg11415.27	SP(Sec/SPI)	0.871373	0.128627	CS pos: 20-21. LNG-SP. Pr: 0.6106
evm.utg11415.28	SP(Sec/SPI)	0.905338	0.094662	CS pos: 24-25. SYA-SD. Pr: 0.6408
evm.utg11415.49	SP(Sec/SPI)	0.990512	0.009488	CS pos: 23-24. CWG-QT. Pr: 0.8524
evm.utg11618.13	SP(Sec/SPI)	0.815174	0.184826	CS pos: 21-22. VQS-AV. Pr: 0.6975
evm.utg11962.21	SP(Sec/SPI)	0.878681	0.121319	CS pos: 29-30. SQA-ED. Pr: 0.7887
evm.utg11995.1	SP(Sec/SPI)	0.817765	0.182235	CS pos: 20-21. LTS-NL. Pr: 0.2410
evm.utg12030.6	SP(Sec/SPI)	0.998769	0.001231	CS pos: 17-18. VHA-SY. Pr: 0.9774
evm.utg12030.7.1.5c22e930	SP(Sec/SPI)	0.980003	0.019997	CS pos: 24-25. VQS-DS. Pr: 0.4548
evm.utg12030.12	SP(Sec/SPI)	0.992676	0.007324	CS pos: 17-18. ANA-ED. Pr: 0.9592
evm.utg12030.14	SP(Sec/SPI)	0.994820	0.005180	CS pos: 28-29. AEC-DL. Pr: 0.8941
evm.utg12197.19	SP(Sec/SPI)	0.846200	0.153800	CS pos: 30-31. VEG-HA. Pr: 0.7092
evm.utg12197.20	SP(Sec/SPI)	0.994459	0.005541	CS pos: 18-19. SEP-FS. Pr: 0.8799
evm.utg12336.9	SP(Sec/SPI)	0.913032	0.086968	CS pos: 20-21. TLA-SK. Pr: 0.8421
evm.utg12382.3	SP(Sec/SPI)	0.864456	0.135544	CS pos: 17-18. SVP-HD. Pr: 0.2442
evm.utg12382.7	SP(Sec/SPI)	0.999193	0.000807	CS pos: 21-22. VEG-KW. Pr: 0.8959
evm.utg12382.10	SP(Sec/SPI)	0.877348	0.122652	CS pos: 24-25. LLA-AL. Pr: 0.3060
evm.utg12382.13	SP(Sec/SPI)	0.725142	0.274858	CS pos: 24-25. GIA-GS. Pr: 0.2360
utg12382.equina_smart_75559.mrna2	SP(Sec/SPI)	0.916144	0.083856	CS pos: 23-24. TWA-AA. Pr: 0.3587
evm.utg12382.21	SP(Sec/SPI)	0.930736	0.069264	CS pos: 22-23. GNC-SA. Pr: 0.3619
evm.utg12382.25	SP(Sec/SPI)	0.854034	0.145966	CS pos: 23-24. GQA-IG. Pr: 0.4861
evm.utg12476.8	SP(Sec/SPI)	0.998958	0.001042	CS pos: 20-21. SMS-QH. Pr: 0.6634
evm.utg12551.1	SP(Sec/SPI)	0.771276	0.228724	CS pos: 25-26. NVG-DE. Pr: 0.2344
evm.utg12551.8	SP(Sec/SPI)	0.550878	0.449122	CS pos: 31-32. TNG-FN. Pr: 0.3233
evm.utg12551.35	SP(Sec/SPI)	0.996601	0.003399	CS pos: 23-24. LKA-SV. Pr: 0.9124
evm.utg12551.39	SP(Sec/SPI)	0.969989	0.030011	CS pos: 16-17. AMA-MM. Pr: 0.7549
evm.utg12553.1	SP(Sec/SPI)	0.989727	0.010273	CS pos: 21-22. SSC-NT. Pr: 0.6897
evm.utg12602.4	SP(Sec/SPI)	0.512605	0.487395	CS pos: 20-21. VMC-CV. Pr: 0.2048
evm.utg12655.24	SP(Sec/SPI)	0.897213	0.102787	CS pos: 23-24. IKG-SR. Pr: 0.3010
evm.utg12655.30	SP(Sec/SPI)	0.997868	0.002132	CS pos: 18-19. GHA-QS. Pr: 0.9070
evm.utg12655.38	SP(Sec/SPI)	0.998700	0.001300	CS pos: 18-19. VAA-NG. Pr: 0.4939
evm.utg12655.42	SP(Sec/SPI)	0.998886	0.001114	CS pos: 23-24. LAA-GE. Pr: 0.4439
evm.utg12688.7	SP(Sec/SPI)	0.983217	0.016783	CS pos: 24-25. TES-SQ. Pr: 0.8489
evm.utg12688.16	SP(Sec/SPI)	0.986871	0.013129	CS pos: 25-26. TLA-LN. Pr: 0.8832
evm.utg12688.17	SP(Sec/SPI)	0.947395	0.052605	CS pos: 22-23. TLA-LN. Pr: 0.8020
evm.utg12688.19	SP(Sec/SPI)	0.952948	0.047052	CS pos: 21-22. VAS-YR. Pr: 0.7658
evm.utg12688.21	SP(Sec/SPI)	0.934996	0.065004	CS pos: 21-22. VLG-SA. Pr: 0.7338
evm.utg12724.8	SP(Sec/SPI)	0.984715	0.015285	CS pos: 20-21. VSS-SQ. Pr: 0.5525
evm.utg12853.1	SP(Sec/SPI)	0.807022	0.192978	CS pos: 32-33. IQA-FN. Pr: 0.7952
evm.utg12853.7	SP(Sec/SPI)	0.993337	0.006663	CS pos: 23-24. TQA-LN. Pr: 0.8310
evm.utg12875.2	SP(Sec/SPI)	0.999183	0.000817	CS pos: 18-19. SLS-AS. Pr: 0.4979
evm.utg12875.4	SP(Sec/SPI)	0.998812	0.001188	CS pos: 19-20. GFS-LS. Pr: 0.7953
evm.utg12875.5	SP(Sec/SPI)	0.984405	0.015595	CS pos: 23-24. ADG-RS. Pr: 0.6908
evm.utg12875.7	SP(Sec/SPI)	0.986026	0.013974	CS pos: 19-20. TSA-CS. Pr: 0.6236
evm.utg12875.22	SP(Sec/SPI)	0.990706	0.009294	CS pos: 19-20. VYS-NR. Pr: 0.9610
evm.utg12878.5	SP(Sec/SPI)	0.993992	0.006008	CS pos: 18-19. IAS-EY. Pr: 0.6214
evm.utg12889.15	SP(Sec/SPI)	0.624458	0.375542	CS pos: 39-40. ASA-LE. Pr: 0.5786
evm.utg12889.18	SP(Sec/SPI)	0.967354	0.032646	CS pos: 27-28. VQS-SS. Pr: 0.9375
evm.utg12889.22	SP(Sec/SPI)	0.988016	0.011984	CS pos: 25-26. AST-SR. Pr: 0.3964
evm.utg12897.1	SP(Sec/SPI)	0.985233	0.014767	CS pos: 23-24. YEA-SV. Pr: 0.7006
evm.utg12897.2	SP(Sec/SPI)	0.986071	0.013929	CS pos: 23-24. YEA-SV. Pr: 0.6845
evm.utg12897.6	SP(Sec/SPI)	0.982937	0.017063	CS pos: 19-20. CHT-LQ. Pr: 0.8367
evm.utg12897.21	SP(Sec/SPI)	0.972129	0.027871	CS pos: 19-20. VKG-SF. Pr: 0.8477
evm.utg12897.22	SP(Sec/SPI)	0.972129	0.027871	CS pos: 19-20. VKG-SF. Pr: 0.8477
evm.utg12968.4	SP(Sec/SPI)	0.651735	0.348265	CS pos: 23-24. IYG-RS. Pr: 0.3117
evm.utg12975.1	SP(Sec/SPI)	0.848657	0.151343	CS pos: 25-26. TSA-DE. Pr: 0.5187
evm.utg12975.3	SP(Sec/SPI)	0.951195	0.048805	CS pos: 25-26. TSA-NE. Pr: 0.7832
evm.utg12986.21	SP(Sec/SPI)	0.994360	0.005640	CS pos: 23-24. AQA-LP. Pr: 0.9614
evm.utg12986.23	SP(Sec/SPI)	0.948803	0.051197	CS pos: 25-26. SKS-TV. Pr: 0.7705
evm.utg12986.51	SP(Sec/SPI)	0.996903	0.003097	CS pos: 23-24. VEA-LG. Pr: 0.8280
evm.utg12986.60	SP(Sec/SPI)	0.997398	0.002602	CS pos: 21-22. LDA-FP. Pr: 0.9589
evm.utg12986.62	SP(Sec/SPI)	0.995576	0.004424	CS pos: 18-19. SHA-FC. Pr: 0.7562
evm.utg12986.64	SP(Sec/SPI)	0.639605	0.360395	CS pos: 28-29. SEG-LC. Pr: 0.3367
evm.utg12986.65	SP(Sec/SPI)	0.952384	0.047616	CS pos: 20-21. SNG-FC. Pr: 0.8349
evm.utg12986.66	SP(Sec/SPI)	0.701680	0.298320	CS pos: 20-21. LQA-TV. Pr: 0.5047
evm.utg13091.7	SP(Sec/SPI)	0.995457	0.004543	CS pos: 18-19. TSS-YR. Pr: 0.5838
evm.utg13180.3	SP(Sec/SPI)	0.995374	0.004626	CS pos: 24-25. VSA-GM. Pr: 0.8932
utg13180.equina_smart_1470215.mrna1	SP(Sec/SPI)	0.978606	0.021394	CS pos: 24-25. VSA-GM. Pr: 0.8725
evm.utg13320.2	SP(Sec/SPI)	0.934909	0.065091	CS pos: 21-22. VAS-QT. Pr: 0.4936
evm.utg13320.8	SP(Sec/SPI)	0.683103	0.316897	CS pos: 23-24. ILS-SP. Pr: 0.5771
evm.utg13320.10	SP(Sec/SPI)	0.964078	0.035922	CS pos: 21-22. SKG-QV. Pr: 0.6701
evm.utg13322.6	SP(Sec/SPI)	0.986217	0.013783	CS pos: 21-22. TQA-TS. Pr: 0.8364
evm.utg13496.4	SP(Sec/SPI)	0.984212	0.015788	CS pos: 22-23. AKG-QQ. Pr: 0.9526
utg13496.equina_smart_1470406.mrna1	SP(Sec/SPI)	0.954169	0.045831	CS pos: 18-19. CSG-LR. Pr: 0.7860
evm.utg13510.3	SP(Sec/SPI)	0.998587	0.001413	CS pos: 18-19. SHA-YG. Pr: 0.5295
evm.utg13597.5	SP(Sec/SPI)	0.863432	0.136568	CS pos: 24-25. VFT-QV. Pr: 0.5507
evm.utg13597.7	SP(Sec/SPI)	0.849119	0.150881	CS pos: 21-22. FHG-LS. Pr: 0.3366
evm.utg13597.8	SP(Sec/SPI)	0.999638	0.000362	CS pos: 19-20. VLA-DE. Pr: 0.9376
evm.utg13730.2	SP(Sec/SPI)	0.997470	0.002530	CS pos: 23-24. VQA-SR. Pr: 0.9710
evm.utg13730.3	SP(Sec/SPI)	0.979194	0.020806	CS pos: 22-23. VRA-TV. Pr: 0.9334
evm.utg13959.1	SP(Sec/SPI)	0.772481	0.227519	CS pos: 22-23. SHG-VF. Pr: 0.5795
utg14021.equina_smart_274863.mrna6	SP(Sec/SPI)	0.731299	0.268701	CS pos: 28-29. PES-SK. Pr: 0.3755
evm.utg14199.4	SP(Sec/SPI)	0.969756	0.030244	CS pos: 19-20. VSS-KN. Pr: 0.8874
evm.utg14287.11	SP(Sec/SPI)	0.998871	0.001129	CS pos: 26-27. SDA-CS. Pr: 0.9624
evm.utg14287.12	SP(Sec/SPI)	0.982073	0.017927	CS pos: 26-27. SRG-CT. Pr: 0.9111
evm.utg14287.17	SP(Sec/SPI)	0.999281	0.000719	CS pos: 21-22. VDL-AG. Pr: 0.3304
evm.utg14287.19	SP(Sec/SPI)	0.940905	0.059095	CS pos: 28-29. STS-DH. Pr: 0.7273
utg14287.equina_smart_982489.mrna1	SP(Sec/SPI)	0.548438	0.451562	CS pos: 27-28. HYA-GN. Pr: 0.1540
utg14287.equina_smart_1470851.mrna1	SP(Sec/SPI)	0.979240	0.020760	CS pos: 25-26. SRE-SD. Pr: 0.3820
evm.utg14287.45	SP(Sec/SPI)	0.971660	0.028340	CS pos: 25-26. SRE-SD. Pr: 0.3764
utg14287.equina_smart_1076300.mrna1	SP(Sec/SPI)	0.985740	0.014260	CS pos: 24-25. IES-RE. Pr: 0.7715
evm.utg14366.18	SP(Sec/SPI)	0.815298	0.184702	CS pos: 29-30. IHS-EA. Pr: 0.4404
evm.utg14366.19	SP(Sec/SPI)	0.794378	0.205622	CS pos: 17-18. SKQ-EK. Pr: 0.2437
evm.utg14533.11	SP(Sec/SPI)	0.656682	0.343318	CS pos: 29-30. VYS-TD. Pr: 0.5930
evm.utg14533.12	SP(Sec/SPI)	0.949648	0.050352	CS pos: 18-19. SWC-SV. Pr: 0.6490
evm.utg14533.13	SP(Sec/SPI)	0.617491	0.382509	CS pos: 18-19. GIA-SN. Pr: 0.2828
evm.utg14533.17	SP(Sec/SPI)	0.840496	0.159504	CS pos: 25-26. VLA-AS. Pr: 0.6220
evm.utg14533.18	SP(Sec/SPI)	0.945196	0.054804	CS pos: 18-19. SWC-YV. Pr: 0.6807
evm.utg14533.19	SP(Sec/SPI)	0.928307	0.071693	CS pos: 18-19. SWC-YV. Pr: 0.6778
evm.utg14533.21	SP(Sec/SPI)	0.927169	0.072831	CS pos: 18-19. SWC-SV. Pr: 0.5588
evm.utg14533.29	SP(Sec/SPI)	0.766551	0.233449	CS pos: 25-26. TDA-NQ. Pr: 0.6952
evm.utg14676.8	SP(Sec/SPI)	0.991237	0.008763	CS pos: 23-24. GCC-LK. Pr: 0.6284
evm.utg14676.10	SP(Sec/SPI)	0.995934	0.004066	CS pos: 23-24. GCC-SL. Pr: 0.4452
evm.utg14676.16	SP(Sec/SPI)	0.990832	0.009168	CS pos: 21-22. VKG-ET. Pr: 0.9100
evm.utg14703.3	SP(Sec/SPI)	0.998923	0.001077	CS pos: 23-24. TEA-NL. Pr: 0.9346
evm.utg14703.5	SP(Sec/SPI)	0.986023	0.013977	CS pos: 23-24. CST-RK. Pr: 0.4423
evm.utg14703.6	SP(Sec/SPI)	0.986854	0.013146	CS pos: 21-22. VDG-LT. Pr: 0.9259
evm.utg14703.10	SP(Sec/SPI)	0.516724	0.483276	CS pos: 27-28. ING-ES. Pr: 0.3003
evm.utg14772.7	SP(Sec/SPI)	0.995695	0.004305	CS pos: 20-21. VYS-DG. Pr: 0.4741
evm.utg14902.7	SP(Sec/SPI)	0.530168	0.469832	CS pos: 18-19. CTG-VV. Pr: 0.4388
evm.utg14902.28	SP(Sec/SPI)	0.637157	0.362843	CS pos: 22-23. TLG-GT. Pr: 0.4751
evm.utg14913.7	SP(Sec/SPI)	0.985379	0.014621	CS pos: 22-23. ADG-AC. Pr: 0.6739
evm.utg14913.15	SP(Sec/SPI)	0.979534	0.020466	CS pos: 18-19. SWC-SV. Pr: 0.7340
evm.utg14913.16	SP(Sec/SPI)	0.974057	0.025943	CS pos: 18-19. SWC-SV. Pr: 0.7121
evm.utg14913.17	SP(Sec/SPI)	0.965529	0.034471	CS pos: 18-19. SWC-YV. Pr: 0.7615
utg14923.equina_smart_1471264.mrna1	SP(Sec/SPI)	0.570724	0.429276	CS pos: 31-32. TIS-SP. Pr: 0.3800
evm.utg15013.11	SP(Sec/SPI)	0.815174	0.184826	CS pos: 21-22. VQS-AV. Pr: 0.6975
evm.utg15014.2	SP(Sec/SPI)	0.998283	0.001717	CS pos: 19-20. TEG-KQ. Pr: 0.9688
evm.utg15014.3	SP(Sec/SPI)	0.999023	0.000977	CS pos: 19-20. IYA-TN. Pr: 0.9086
evm.utg15014.5	SP(Sec/SPI)	0.999525	0.000475	CS pos: 16-17. VHA-ET. Pr: 0.8724
evm.utg15156.25	SP(Sec/SPI)	0.762539	0.237461	CS pos: 27-28. VKA-DY. Pr: 0.5785
evm.utg15156.28	SP(Sec/SPI)	0.968715	0.031285	CS pos: 25-26. TDA-SV. Pr: 0.6611
evm.utg15164.3	SP(Sec/SPI)	0.994947	0.005053	CS pos: 19-20. TLA-DV. Pr: 0.9460
evm.utg15164.32	SP(Sec/SPI)	0.734896	0.265104	CS pos: 25-26. SSC-RH. Pr: 0.6447
evm.utg15164.51	SP(Sec/SPI)	0.645478	0.354522	CS pos: 22-23. SYA-FF. Pr: 0.2186
evm.utg15197.20	SP(Sec/SPI)	0.996447	0.003553	CS pos: 23-24. VAG-RR. Pr: 0.5036
evm.utg15197.23	SP(Sec/SPI)	0.996620	0.003380	CS pos: 22-23. SKA-SC. Pr: 0.7843
evm.utg15211.2	SP(Sec/SPI)	0.599886	0.400114	CS pos: 22-23. GDC-AI. Pr: 0.4216
evm.utg15211.3	SP(Sec/SPI)	0.992712	0.007288	CS pos: 19-20. AWG-QE. Pr: 0.8743
evm.utg15211.5	SP(Sec/SPI)	0.896495	0.103505	CS pos: 19-20. SKC-SQ. Pr: 0.7447
evm.utg15211.10	SP(Sec/SPI)	0.991525	0.008475	CS pos: 23-24. VSS-EL. Pr: 0.7531
evm.utg15211.12	SP(Sec/SPI)	0.997433	0.002567	CS pos: 19-20. TVA-QE. Pr: 0.6858
evm.utg15226.5	SP(Sec/SPI)	0.997760	0.002240	CS pos: 21-22. TYA-TM. Pr: 0.9611
evm.utg15226.6	SP(Sec/SPI)	0.992672	0.007328	CS pos: 22-23. TYA-TM. Pr: 0.9561
evm.utg15226.7	SP(Sec/SPI)	0.887573	0.112427	CS pos: 25-26. LTT-ND. Pr: 0.2606
evm.utg15244.1	SP(Sec/SPI)	0.995871	0.004129	CS pos: 19-20. ANG-LC. Pr: 0.7900
evm.utg15281.11	SP(Sec/SPI)	0.997682	0.002318	CS pos: 22-23. ILA-HS. Pr: 0.5779
evm.utg15281.34	SP(Sec/SPI)	0.993728	0.006272	CS pos: 22-23. ILA-HH. Pr: 0.8167
evm.utg15506.27	SP(Sec/SPI)	0.948407	0.051593	CS pos: 21-22. SIA-RR. Pr: 0.7492
evm.utg15552.5	SP(Sec/SPI)	0.987313	0.012687	CS pos: 21-22. VSA-LP. Pr: 0.8780
evm.utg15552.8	SP(Sec/SPI)	0.994609	0.005391	CS pos: 18-19. THG-LP. Pr: 0.9416
evm.utg15552.10	SP(Sec/SPI)	0.985837	0.014163	CS pos: 19-20. LAA-IT. Pr: 0.3957
evm.utg15552.13	SP(Sec/SPI)	0.985143	0.014857	CS pos: 18-19. CSS-ST. Pr: 0.4112
evm.utg15552.14	SP(Sec/SPI)	0.991387	0.008613	CS pos: 22-23. ATA-NQ. Pr: 0.8424
evm.utg15552.15	SP(Sec/SPI)	0.986135	0.013865	CS pos: 15-16. VCA-KT. Pr: 0.7294
evm.utg15552.16	SP(Sec/SPI)	0.976249	0.023751	CS pos: 23-24. VIA-SH. Pr: 0.4841
evm.utg15664.4	SP(Sec/SPI)	0.812101	0.187899	CS pos: 25-26. VEA-NV. Pr: 0.7596
evm.utg15664.5	SP(Sec/SPI)	0.972141	0.027859	CS pos: 20-21. VHG-ET. Pr: 0.8358
evm.utg15686.5	SP(Sec/SPI)	0.649082	0.350918	CS pos: 39-40. ANG-EC. Pr: 0.3264
evm.utg15686.6	SP(Sec/SPI)	0.922178	0.077822	CS pos: 22-23. LLA-AE. Pr: 0.3967
evm.utg15832.1	SP(Sec/SPI)	0.873074	0.126926	CS pos: 36-37. VEA-VE. Pr: 0.3709
evm.utg16036.47	SP(Sec/SPI)	0.958950	0.041050	CS pos: 22-23. VDG-AL. Pr: 0.8225
evm.utg16036.48	SP(Sec/SPI)	0.999107	0.000893	CS pos: 19-20. VAG-KE. Pr: 0.8958
evm.utg16036.50	SP(Sec/SPI)	0.998548	0.001452	CS pos: 19-20. VAG-KE. Pr: 0.9230
evm.utg16036.53	SP(Sec/SPI)	0.973378	0.026622	CS pos: 26-27. CTG-FD. Pr: 0.7143
evm.utg16180.2	SP(Sec/SPI)	0.971685	0.028315	CS pos: 25-26. SKA-SC. Pr: 0.7734
evm.utg16223.23	SP(Sec/SPI)	0.996765	0.003235	CS pos: 22-23. VRS-SL. Pr: 0.9012
evm.utg16223.30	SP(Sec/SPI)	0.998912	0.001088	CS pos: 21-22. TKA-VK. Pr: 0.7108
evm.utg16223.33	SP(Sec/SPI)	0.997992	0.002008	CS pos: 22-23. SWA-DG. Pr: 0.4929
evm.utg16223.36	SP(Sec/SPI)	0.999572	0.000428	CS pos: 19-20. VLA-DN. Pr: 0.9802
evm.utg16443.8	SP(Sec/SPI)	0.753573	0.246427	CS pos: 30-31. CNC-TP. Pr: 0.5295
evm.utg16443.21.3.5c22eb8b	SP(Sec/SPI)	0.629830	0.370170	CS pos: 28-29. SMG-SE. Pr: 0.1335
evm.utg16444.17	SP(Sec/SPI)	0.974146	0.025854	CS pos: 24-25. VSA-KY. Pr: 0.9076
evm.utg16444.21	SP(Sec/SPI)	0.980254	0.019746	CS pos: 17-18. ITA-FT. Pr: 0.7230
evm.utg16444.23	SP(Sec/SPI)	0.969208	0.030792	CS pos: 21-22. TIS-SK. Pr: 0.2847
utg16690.equina_smart_1871253.mrna1	SP(Sec/SPI)	0.995815	0.004185	CS pos: 21-22. SNS-VE. Pr: 0.7203
evm.utg17181.5	SP(Sec/SPI)	0.590024	0.409976	CS pos: 23-24. TGA-KS. Pr: 0.2786
evm.utg17293.11	SP(Sec/SPI)	0.917058	0.082942	CS pos: 30-31. AKA-TN. Pr: 0.8472
evm.utg17293.12	SP(Sec/SPI)	0.848634	0.151366	CS pos: 20-21. ANL-QP. Pr: 0.3875
evm.utg17293.14	SP(Sec/SPI)	0.911898	0.088102	CS pos: 20-21. ALA-IS. Pr: 0.7425
evm.utg17372.6	SP(Sec/SPI)	0.992936	0.007064	CS pos: 22-23. VCA-SQ. Pr: 0.6768
evm.utg17508.1	SP(Sec/SPI)	0.962352	0.037648	CS pos: 24-25. VHG-GK. Pr: 0.8895
evm.utg17511.11	SP(Sec/SPI)	0.987181	0.012819	CS pos: 21-22. VES-IP. Pr: 0.9359
evm.utg17539.14	SP(Sec/SPI)	0.999503	0.000497	CS pos: 23-24. ASG-RS. Pr: 0.6745
evm.utg17588.7	SP(Sec/SPI)	0.829415	0.170585	CS pos: 23-24. GKC-KD. Pr: 0.5388
evm.utg17602.2	SP(Sec/SPI)	0.931730	0.068270	CS pos: 28-29. CKA-NV. Pr: 0.8629
evm.utg17809.8	SP(Sec/SPI)	0.996470	0.003530	CS pos: 19-20. TWA-FP. Pr: 0.8857
evm.utg18019.14	SP(Sec/SPI)	0.989238	0.010762	CS pos: 16-17. GVA-ND. Pr: 0.6217
evm.utg18028.11	SP(Sec/SPI)	0.923364	0.076636	CS pos: 25-26. SSG-FY. Pr: 0.8420
evm.utg18036.6	SP(Sec/SPI)	0.953500	0.046500	CS pos: 23-24. SFA-NQ. Pr: 0.6261
evm.utg18036.10	SP(Sec/SPI)	0.971895	0.028105	CS pos: 27-28. ASG-QT. Pr: 0.4128
evm.utg18271.1	SP(Sec/SPI)	0.994110	0.005890	CS pos: 19-20. AFP-AP. Pr: 0.6153
evm.utg18271.5	SP(Sec/SPI)	0.932750	0.067250	CS pos: 27-28. AES-FP. Pr: 0.7975
evm.utg18294.4	SP(Sec/SPI)	0.688084	0.311916	CS pos: 25-26. ITA-MD. Pr: 0.3102
evm.utg18294.17	SP(Sec/SPI)	0.736278	0.263722	CS pos: 27-28. NEG-GD. Pr: 0.2894
evm.utg18294.24	SP(Sec/SPI)	0.995776	0.004224	CS pos: 24-25. TEA-RS. Pr: 0.6964
evm.utg18294.27	SP(Sec/SPI)	0.731203	0.268797	CS pos: 26-27. VTS-SL. Pr: 0.3907
evm.utg18294.36	SP(Sec/SPI)	0.535648	0.464352	CS pos: 25-26. VQL-KA. Pr: 0.1866
evm.utg18294.37	SP(Sec/SPI)	0.856007	0.143993	CS pos: 31-32. GVS-IV. Pr: 0.3804
evm.utg18409.8	SP(Sec/SPI)	0.999659	0.000341	CS pos: 21-22. TES-SS. Pr: 0.5307
evm.utg18537.7	SP(Sec/SPI)	0.819088	0.180912	CS pos: 28-29. CLA-KA. Pr: 0.5449
evm.utg18537.9	SP(Sec/SPI)	0.995975	0.004025	CS pos: 21-22. VHS-LE. Pr: 0.9758
evm.utg18553.1	SP(Sec/SPI)	0.962213	0.037787	CS pos: 27-28. LQA-DI. Pr: 0.3761
evm.utg18622.1.1.5c22ec36	SP(Sec/SPI)	0.996742	0.003258	CS pos: 19-20. ALA-VP. Pr: 0.7493
evm.utg18633.4	SP(Sec/SPI)	0.920303	0.079697	CS pos: 23-24. INS-QC. Pr: 0.3979
evm.utg18650.4	SP(Sec/SPI)	0.970596	0.029404	CS pos: 32-33. AYA-AK. Pr: 0.6224
evm.utg18686.11	SP(Sec/SPI)	0.576021	0.423979	CS pos: 23-24. VMS-SK. Pr: 0.3880
evm.utg18855.6	SP(Sec/SPI)	0.998702	0.001298	CS pos: 23-24. VSS-QQ. Pr: 0.8557
evm.utg18951.9	SP(Sec/SPI)	0.998692	0.001308	CS pos: 18-19. VSA-MP. Pr: 0.9246
evm.utg18951.13	SP(Sec/SPI)	0.982526	0.017474	CS pos: 25-26. VRA-DL. Pr: 0.9349
evm.utg19074.26	SP(Sec/SPI)	0.800856	0.199144	CS pos: 26-27. SQS-YE. Pr: 0.3179
evm.utg19356.8	SP(Sec/SPI)	0.985746	0.014254	CS pos: 23-24. VSG-LQ. Pr: 0.6487
evm.utg19356.9	SP(Sec/SPI)	0.991620	0.008380	CS pos: 19-20. VSG-LQ. Pr: 0.7254
evm.utg19356.11	SP(Sec/SPI)	0.987633	0.012367	CS pos: 15-16. AHC-IT. Pr: 0.6017
evm.utg19356.14	SP(Sec/SPI)	0.940711	0.059289	CS pos: 18-19. ITC-NE. Pr: 0.6779
evm.utg19445.4.1.5c22ec82	SP(Sec/SPI)	0.987512	0.012488	CS pos: 17-18. VQG-TP. Pr: 0.8667
evm.utg19545.1	SP(Sec/SPI)	0.949477	0.050523	CS pos: 20-21. VSA-SS. Pr: 0.6586
evm.utg19545.4	SP(Sec/SPI)	0.550878	0.449122	CS pos: 31-32. TNG-FN. Pr: 0.3233
evm.utg19844.2	SP(Sec/SPI)	0.917792	0.082208	CS pos: 23-24. TNS-QC. Pr: 0.5574
evm.utg19866.7	SP(Sec/SPI)	0.982946	0.017054	CS pos: 23-24. GFA-EK. Pr: 0.8694
evm.utg19866.24	SP(Sec/SPI)	0.940504	0.059496	CS pos: 20-21. VNS-WG. Pr: 0.5656
evm.utg20007.6	SP(Sec/SPI)	0.988193	0.011807	CS pos: 21-22. VES-IP. Pr: 0.9196
evm.utg20075.8	SP(Sec/SPI)	0.929536	0.070464	CS pos: 18-19. GMS-VL. Pr: 0.4962
evm.utg20075.9	SP(Sec/SPI)	0.984116	0.015884	CS pos: 18-19. GMS-EL. Pr: 0.5155
evm.utg20163.1	SP(Sec/SPI)	0.967627	0.032373	CS pos: 20-21. STS-TE. Pr: 0.5358
evm.utg20163.2	SP(Sec/SPI)	0.989795	0.010205	CS pos: 18-19. VES-ST. Pr: 0.6618
evm.utg20197.6	SP(Sec/SPI)	0.958409	0.041591	CS pos: 26-27. TEA-LP. Pr: 0.8532
evm.utg20618.11	SP(Sec/SPI)	0.995016	0.004984	CS pos: 15-16. ALA-GF. Pr: 0.8262
evm.utg20635.4	SP(Sec/SPI)	0.996380	0.003620	CS pos: 19-20. VIA-QD. Pr: 0.9240
evm.utg20635.16	SP(Sec/SPI)	0.998563	0.001437	CS pos: 20-21. VDA-TG. Pr: 0.9521
evm.utg20813.28	SP(Sec/SPI)	0.995965	0.004035	CS pos: 21-22. CGG-SL. Pr: 0.6846
evm.utg20925.2	SP(Sec/SPI)	0.995680	0.004320	CS pos: 21-22. CGG-SL. Pr: 0.6838
evm.utg21228.9	SP(Sec/SPI)	0.997783	0.002217	CS pos: 23-24. LAA-GE. Pr: 0.4485
evm.utg21228.12	SP(Sec/SPI)	0.999165	0.000835	CS pos: 18-19. VAA-AD. Pr: 0.5618
evm.utg21228.14	SP(Sec/SPI)	0.956397	0.043603	CS pos: 21-22. CSS-NT. Pr: 0.2875
evm.utg21228.20	SP(Sec/SPI)	0.998231	0.001769	CS pos: 18-19. GHA-QS. Pr: 0.9092
evm.utg21228.21.25	SP(Sec/SPI)	0.998360	0.001640	CS pos: 18-19. GHA-QS. Pr: 0.9115
evm.utg21228.22	SP(Sec/SPI)	0.998800	0.001200	CS pos: 18-19. GHA-QS. Pr: 0.9107
evm.utg21228.24	SP(Sec/SPI)	0.998560	0.001440	CS pos: 18-19. GHA-QS. Pr: 0.9255
evm.utg21429.2	SP(Sec/SPI)	0.987077	0.012923	CS pos: 17-18. VLG-ED. Pr: 0.9029
evm.utg21467.2	SP(Sec/SPI)	0.980889	0.019111	CS pos: 22-23. CHV-EN. Pr: 0.7303
evm.utg21696.5	SP(Sec/SPI)	0.642843	0.357157	CS pos: 20-21. IET-RE. Pr: 0.3395
evm.utg21766.8	SP(Sec/SPI)	0.993696	0.006304	CS pos: 21-22. VNA-AI. Pr: 0.9185
evm.utg21766.32	SP(Sec/SPI)	0.991669	0.008331	CS pos: 23-24. AYS-KS. Pr: 0.7530
evm.utg21977.5	SP(Sec/SPI)	0.852352	0.147648	CS pos: 22-23. GSS-NF. Pr: 0.3822
evm.utg22414.2	SP(Sec/SPI)	0.776613	0.223387	CS pos: 23-24. IRS-EQ. Pr: 0.5216
evm.utg22669.2	SP(Sec/SPI)	0.738838	0.261162	CS pos: 29-30. VKG-HS. Pr: 0.4150
evm.utg22693.1	SP(Sec/SPI)	0.941756	0.058244	CS pos: 18-19. VGA-IH. Pr: 0.7481
evm.utg22693.2	SP(Sec/SPI)	0.851557	0.148443	CS pos: 25-26. VRG-NL. Pr: 0.7433
evm.utg22693.9	SP(Sec/SPI)	0.993182	0.006818	CS pos: 23-24. VTC-QF. Pr: 0.8211
evm.utg22693.10	SP(Sec/SPI)	0.946453	0.053547	CS pos: 20-21. GSC-SP. Pr: 0.8074
evm.utg22693.19	SP(Sec/SPI)	0.527968	0.472032	CS pos: 17-18. FIS-KK. Pr: 0.1284
evm.utg22693.21	SP(Sec/SPI)	0.776810	0.223190	CS pos: 23-24. VLS-QP. Pr: 0.7168
evm.utg22693.22	SP(Sec/SPI)	0.764451	0.235549	CS pos: 32-33. GHS-CA. Pr: 0.6031
evm.utg23002.4	SP(Sec/SPI)	0.963785	0.036215	CS pos: 23-24. SGA-KW. Pr: 0.3599
evm.utg23189.13	SP(Sec/SPI)	0.982623	0.017377	CS pos: 21-22. CKG-KS. Pr: 0.4923
evm.utg23189.14	SP(Sec/SPI)	0.992269	0.007731	CS pos: 21-22. THG-RP. Pr: 0.7482
evm.utg23233.4	SP(Sec/SPI)	0.999620	0.000380	CS pos: 23-24. VMS-NG. Pr: 0.6341
evm.utg23510.3	SP(Sec/SPI)	0.976385	0.023615	CS pos: 19-20. THS-LD. Pr: 0.8542
evm.utg23510.8	SP(Sec/SPI)	0.998954	0.001046	CS pos: 17-18. ALA-DE. Pr: 0.9522
evm.utg23510.9	SP(Sec/SPI)	0.602737	0.397263	CS pos: 29-30. SLQ-QH. Pr: 0.1845
evm.utg23708.14	SP(Sec/SPI)	0.702768	0.297232	CS pos: 34-35. AAA-ED. Pr: 0.2929
evm.utg23732.9.1.5c27924c	SP(Sec/SPI)	0.995970	0.004030	CS pos: 19-20. TES-RE. Pr: 0.7512
evm.utg24357.13	SP(Sec/SPI)	0.989449	0.010551	CS pos: 25-26. IQC-SS. Pr: 0.6754
evm.utg24357.20	SP(Sec/SPI)	0.624802	0.375198	CS pos: 42-43. VQC-FS. Pr: 0.5055
evm.utg24357.32	SP(Sec/SPI)	0.803728	0.196272	CS pos: 19-20. AAA-AT. Pr: 0.2008
evm.utg24438.2	SP(Sec/SPI)	0.945709	0.054291	CS pos: 26-27. THS-TS. Pr: 0.5281
evm.utg24438.23	SP(Sec/SPI)	0.728602	0.271398	CS pos: 30-31. IHG-SN. Pr: 0.6110
evm.utg24440.2	SP(Sec/SPI)	0.696390	0.303610	CS pos: 29-30. SDS-LG. Pr: 0.2156
evm.utg24533.3	SP(Sec/SPI)	0.787349	0.212651	CS pos: 27-28. VLA-GD. Pr: 0.5579
evm.utg24533.21	SP(Sec/SPI)	0.779035	0.220965	CS pos: 24-25. ISS-LD. Pr: 0.2818
evm.utg24533.26	SP(Sec/SPI)	0.861068	0.138932	CS pos: 21-22. GSG-DA. Pr: 0.6890
evm.utg24706.2	SP(Sec/SPI)	0.663863	0.336137	CS pos: 23-24. LMG-DV. Pr: 0.2272
evm.utg24706.9.1.5c22edb3	SP(Sec/SPI)	0.612470	0.387530	CS pos: 18-19. CHS-IS. Pr: 0.2869
evm.utg24706.21	SP(Sec/SPI)	0.627729	0.372271	CS pos: 20-21. IDA-KD. Pr: 0.4022
evm.utg24706.28	SP(Sec/SPI)	0.543947	0.456053	CS pos: 37-38. VEA-SE. Pr: 0.2905
evm.utg24783.7	SP(Sec/SPI)	0.904749	0.095251	CS pos: 19-20. SMN-EI. Pr: 0.5534
evm.utg24929.2	SP(Sec/SPI)	0.989924	0.010076	CS pos: 19-20. TSA-GC. Pr: 0.7132
evm.utg25070.1	SP(Sec/SPI)	0.998886	0.001114	CS pos: 22-23. VQS-SG. Pr: 0.8411
evm.utg25070.4	SP(Sec/SPI)	0.997310	0.002690	CS pos: 22-23. VQS-SH. Pr: 0.7982
utg25080.equina_smart_1476106.mrna1	SP(Sec/SPI)	0.998443	0.001557	CS pos: 21-22. TCA-DL. Pr: 0.9051
evm.utg25155.4	SP(Sec/SPI)	0.982476	0.017524	CS pos: 18-19. VIS-EF. Pr: 0.7759
evm.utg25155.9	SP(Sec/SPI)	0.801296	0.198704	CS pos: 26-27. LTS-QT. Pr: 0.2263
evm.utg25265.9	SP(Sec/SPI)	0.988804	0.011196	CS pos: 18-19. VFG-QN. Pr: 0.9623
evm.utg25265.2	SP(Sec/SPI)	0.991785	0.008215	CS pos: 18-19. AFG-QN. Pr: 0.9503
evm.utg25318.7	SP(Sec/SPI)	0.999670	0.000330	CS pos: 24-25. CHA-CG. Pr: 0.7909
evm.utg25318.8	SP(Sec/SPI)	0.993234	0.006766	CS pos: 18-19. VSP-AI. Pr: 0.3471
evm.utg25321.3	SP(Sec/SPI)	0.955619	0.044381	CS pos: 20-21. SLA-SS. Pr: 0.8556
utg25321.evm.utg382.41.mrna2	SP(Sec/SPI)	0.967807	0.032193	CS pos: 26-27. SLA-TS. Pr: 0.3656
evm.utg25321.27	SP(Sec/SPI)	0.998600	0.001400	CS pos: 22-23. THA-YL. Pr: 0.9639
evm.utg25450.4	SP(Sec/SPI)	0.936554	0.063446	CS pos: 22-23. IGR-EL. Pr: 0.3521
evm.utg25450.14	SP(Sec/SPI)	0.760087	0.239913	CS pos: 14-15. IVG-DN. Pr: 0.4723
evm.utg25826.2	SP(Sec/SPI)	0.998489	0.001511	CS pos: 22-23. TQA-NI. Pr: 0.5606
evm.utg25826.6	SP(Sec/SPI)	0.753787	0.246213	CS pos: 31-32. VHP-RR. Pr: 0.5296
evm.utg25826.7	SP(Sec/SPI)	0.790599	0.209401	CS pos: 26-27. GFG-KT. Pr: 0.5295
evm.utg26037.6	SP(Sec/SPI)	0.868478	0.131522	CS pos: 29-30. AHS-AV. Pr: 0.5464
evm.utg26037.7	SP(Sec/SPI)	0.571671	0.428329	CS pos: 24-25. ITA-HE. Pr: 0.4080
evm.utg26120.8	SP(Sec/SPI)	0.811711	0.188289	CS pos: 24-25. GHS-AS. Pr: 0.5838
evm.utg26120.9	SP(Sec/SPI)	0.997826	0.002174	CS pos: 19-20. AAG-KE. Pr: 0.9009
evm.utg26120.13	SP(Sec/SPI)	0.999266	0.000734	CS pos: 19-20. VAG-KE. Pr: 0.8972
evm.utg26219.16	SP(Sec/SPI)	0.993048	0.006952	CS pos: 27-28. VSA-RG. Pr: 0.8125
evm.utg26517.12	SP(Sec/SPI)	0.996991	0.003009	CS pos: 22-23. TTC-VT. Pr: 0.5229
evm.utg26517.13	SP(Sec/SPI)	0.998780	0.001220	CS pos: 24-25. CYG-AE. Pr: 0.9576
evm.utg26517.15	SP(Sec/SPI)	0.985839	0.014161	CS pos: 24-25. VVG-NP. Pr: 0.9358
evm.utg26572.1	SP(Sec/SPI)	0.503038	0.496962	CS pos: 32-33. IQA-DN. Pr: 0.4858
evm.utg26572.6	SP(Sec/SPI)	0.847464	0.152536	CS pos: 20-21. TVG-LE. Pr: 0.5989
utg26697.equina_smart_72948.mrna3	SP(Sec/SPI)	0.994976	0.005024	CS pos: 23-24. TQS-TL. Pr: 0.8287
utg27568.equina_smart_1746049.mrna2	SP(Sec/SPI)	0.509426	0.490574	CS pos: 27-28. ILS-EC. Pr: 0.2104
evm.utg27651.1	SP(Sec/SPI)	0.994513	0.005487	CS pos: 16-17. SSA-WF. Pr: 0.5484
evm.utg27988.2	SP(Sec/SPI)	0.960214	0.039786	CS pos: 25-26. VQP-IK. Pr: 0.6268
evm.utg27988.3	SP(Sec/SPI)	0.998348	0.001652	CS pos: 26-27. VDS-TC. Pr: 0.8831
evm.utg27988.4	SP(Sec/SPI)	0.756019	0.243981	CS pos: 20-21. VFA-AS. Pr: 0.4402
evm.utg27988.6	SP(Sec/SPI)	0.881732	0.118268	CS pos: 25-26. SYA-KT. Pr: 0.7629
evm.utg27988.7	SP(Sec/SPI)	0.960581	0.039419	CS pos: 19-20. SMA-SR. Pr: 0.8075
evm.utg27988.8	SP(Sec/SPI)	0.992691	0.007309	CS pos: 19-20. SMA-SR. Pr: 0.8378
evm.utg27988.9	SP(Sec/SPI)	0.844953	0.155047	CS pos: 18-19. AVS-FR. Pr: 0.7045
evm.utg27988.10	SP(Sec/SPI)	0.845261	0.154739	CS pos: 23-24. VLI-SS. Pr: 0.2985
evm.utg27988.11	SP(Sec/SPI)	0.886715	0.113285	CS pos: 23-24. IDG-AV. Pr: 0.6895
utg27988.equina_smart_1476803.mrna1	SP(Sec/SPI)	0.906873	0.093127	CS pos: 21-22. IVP-LY. Pr: 0.4664
utg27988.equina_smart_1476810.mrna1	SP(Sec/SPI)	0.899449	0.100551	CS pos: 21-22. VVT-VL. Pr: 0.3006
utg27988.equina_smart_1476811.mrna1	SP(Sec/SPI)	0.938117	0.061883	CS pos: 21-22. VVT-VL. Pr: 0.3537
evm.utg27988.12	SP(Sec/SPI)	0.799252	0.200748	CS pos: 19-20. VSS-SG. Pr: 0.4788
evm.utg28028.5.1.5c22ee43	SP(Sec/SPI)	0.989597	0.010403	CS pos: 22-23. SLS-AS. Pr: 0.3612
evm.utg28132.1	SP(Sec/SPI)	0.987000	0.013000	CS pos: 17-18. VLG-ED. Pr: 0.9023
evm.utg28409.1	SP(Sec/SPI)	0.646325	0.353675	CS pos: 23-24. TTA-IT. Pr: 0.4039
evm.utg28910.2	SP(Sec/SPI)	0.680026	0.319974	CS pos: 29-30. LHG-FR. Pr: 0.4895
evm.utg29733.6	SP(Sec/SPI)	0.668956	0.331044	CS pos: 19-20. AMA-SP. Pr: 0.5104
evm.utg29847.9	SP(Sec/SPI)	0.658152	0.341848	CS pos: 29-30. SSA-II. Pr: 0.3109
evm.utg29893.15	SP(Sec/SPI)	0.515808	0.484192	CS pos: 21-22. CHI-SI. Pr: 0.1279
evm.utg29953.4	SP(Sec/SPI)	0.994785	0.005215	CS pos: 23-24. CRA-ST. Pr: 0.9029
evm.utg30470.3	SP(Sec/SPI)	0.996570	0.003430	CS pos: 19-20. VSG-RA. Pr: 0.6898
evm.utg30559.1	SP(Sec/SPI)	0.964367	0.035633	CS pos: 18-19. VTT-SN. Pr: 0.4209
evm.utg30559.6	SP(Sec/SPI)	0.984894	0.015106	CS pos: 21-22. VVG-DP. Pr: 0.8039
evm.utg30559.8	SP(Sec/SPI)	0.948804	0.051196	CS pos: 23-24. TIT-DN. Pr: 0.4574
evm.utg30559.10	SP(Sec/SPI)	0.581653	0.418347	CS pos: 36-37. GGC-SR. Pr: 0.4086
evm.utg30575.4	SP(Sec/SPI)	0.997298	0.002702	CS pos: 18-19. VTS-TR. Pr: 0.6117
evm.utg30988.1	SP(Sec/SPI)	0.986758	0.013242	CS pos: 23-24. AIA-SK. Pr: 0.7593
evm.utg30988.3	SP(Sec/SPI)	0.984719	0.015281	CS pos: 23-24. VLG-VE. Pr: 0.6638
evm.utg30988.6	SP(Sec/SPI)	0.958096	0.041904	CS pos: 24-25. SLA-QP. Pr: 0.7502
evm.utg30988.7	SP(Sec/SPI)	0.955982	0.044018	CS pos: 24-25. SLA-QP. Pr: 0.7485
evm.utg30988.13	SP(Sec/SPI)	0.999521	0.000479	CS pos: 20-21. TMA-RQ. Pr: 0.8719
evm.utg31272.8	SP(Sec/SPI)	0.883679	0.116321	CS pos: 27-28. SNS-SS. Pr: 0.4328
evm.utg31272.11	SP(Sec/SPI)	0.903121	0.096879	CS pos: 25-26. VLG-CE. Pr: 0.4900
evm.utg31272.15	SP(Sec/SPI)	0.993605	0.006395	CS pos: 17-18. SWS-SP. Pr: 0.7427
evm.utg31272.16	SP(Sec/SPI)	0.897500	0.102500	CS pos: 20-21. AFQ-HL. Pr: 0.2554
evm.utg31363.19	SP(Sec/SPI)	0.782478	0.217522	CS pos: 27-28. VLA-GD. Pr: 0.5553
evm.utg31699.3	SP(Sec/SPI)	0.777021	0.222979	CS pos: 22-23. IST-QT. Pr: 0.4049
evm.utg31822.3	SP(Sec/SPI)	0.949184	0.050816	CS pos: 21-22. SSS-KC. Pr: 0.2579
evm.utg31945.19	SP(Sec/SPI)	0.603321	0.396679	CS pos: 24-25. GEG-MN. Pr: 0.5488
evm.utg32391.2.1.5c22ef0d	SP(Sec/SPI)	0.637651	0.362349	CS pos: 21-22. VPC-RV. Pr: 0.2075
evm.utg32426.5	SP(Sec/SPI)	0.975104	0.024896	CS pos: 22-23. TTA-QV. Pr: 0.5954
evm.utg32426.9	SP(Sec/SPI)	0.995608	0.004392	CS pos: 21-22. TNC-AQ. Pr: 0.7515
evm.utg32426.11	SP(Sec/SPI)	0.992577	0.007423	CS pos: 22-23. VDS-KM. Pr: 0.9308
evm.utg32707.4	SP(Sec/SPI)	0.928800	0.071200	CS pos: 22-23. VDG-KV. Pr: 0.8907
evm.utg32707.13	SP(Sec/SPI)	0.733200	0.266800	CS pos: 26-27. SDG-LK. Pr: 0.2620
evm.utg32745.1	SP(Sec/SPI)	0.932958	0.067042	CS pos: 24-25. VHT-SF. Pr: 0.8126
evm.utg33589.2	SP(Sec/SPI)	0.977005	0.022995	CS pos: 24-25. SSS-QS. Pr: 0.5048
evm.utg33589.5	SP(Sec/SPI)	0.667587	0.332413	CS pos: 17-18. SVC-LE. Pr: 0.3524
evm.utg33682.14	SP(Sec/SPI)	0.751309	0.248691	CS pos: 20-21. IYA-EL. Pr: 0.3986
evm.utg33757.19	SP(Sec/SPI)	0.876785	0.123215	CS pos: 20-21. STC-KT. Pr: 0.4509
evm.utg33828.2	SP(Sec/SPI)	0.983624	0.016376	CS pos: 23-24. GCC-LK. Pr: 0.5965
evm.utg33938.19	SP(Sec/SPI)	0.535111	0.464889	CS pos: 15-16. INI-DD. Pr: 0.1215
evm.utg33938.27	SP(Sec/SPI)	0.510062	0.489938	CS pos: 23-24. GRT-VE. Pr: 0.2395
evm.utg33938.28	SP(Sec/SPI)	0.956021	0.043979	CS pos: 16-17. LTG-QI. Pr: 0.2604
evm.utg33938.43	SP(Sec/SPI)	0.593002	0.406998	CS pos: 18-19. GDG-VG. Pr: 0.2642
evm.utg34135.5	SP(Sec/SPI)	0.659770	0.340230	CS pos: 30-31. SSA-HY. Pr: 0.4350
evm.utg34383.2	SP(Sec/SPI)	0.788854	0.211146	CS pos: 23-24. SFS-RQ. Pr: 0.5307
utg34666.equina_smart_1585532.mrna1	SP(Sec/SPI)	0.981293	0.018707	CS pos: 21-22. CDC-SG. Pr: 0.7138
evm.utg34666.5	SP(Sec/SPI)	0.928804	0.071196	CS pos: 24-25. CRA-EN. Pr: 0.7389
evm.utg34666.14	SP(Sec/SPI)	0.998040	0.001960	CS pos: 20-21. VSA-KS. Pr: 0.9249
evm.utg34691.4	SP(Sec/SPI)	0.885163	0.114837	CS pos: 22-23. IGP-AH. Pr: 0.3468
evm.utg34691.7	SP(Sec/SPI)	0.990080	0.009920	CS pos: 19-20. VVS-DI. Pr: 0.4016
evm.utg34691.16	SP(Sec/SPI)	0.998632	0.001368	CS pos: 20-21. AFA-TP. Pr: 0.9737
evm.utg34691.20	SP(Sec/SPI)	0.992258	0.007742	CS pos: 24-25. IEA-AA. Pr: 0.7253
evm.utg34958.1.3.5c22ef74	SP(Sec/SPI)	0.999793	0.000207	CS pos: 21-22. ADA-NS. Pr: 0.8384
evm.utg35997.7	SP(Sec/SPI)	0.946901	0.053099	CS pos: 20-21. VSA-SS. Pr: 0.6583
evm.utg36508.6	SP(Sec/SPI)	0.949187	0.050813	CS pos: 24-25. CRA-EN. Pr: 0.7599
evm.utg36649.2	SP(Sec/SPI)	0.512855	0.487145	CS pos: 35-36. ATA-SP. Pr: 0.2457
evm.utg37512.1	SP(Sec/SPI)	0.981581	0.018419	CS pos: 19-20. AFP-AP. Pr: 0.5250
evm.utg37697.1.6	SP(Sec/SPI)	0.995943	0.004057	CS pos: 19-20. TDA-NI. Pr: 0.9488
evm.utg37697.4	SP(Sec/SPI)	0.962377	0.037623	CS pos: 24-25. GDG-DG. Pr: 0.8483
evm.utg38114.16	SP(Sec/SPI)	0.774854	0.225146	CS pos: 19-20. TLA-WL. Pr: 0.3648
evm.utg38114.18	SP(Sec/SPI)	0.971978	0.028022	CS pos: 25-26. VNG-DD. Pr: 0.9209
evm.utg38965.2	SP(Sec/SPI)	0.851545	0.148455	CS pos: 19-20. GNC-ID. Pr: 0.6362
evm.utg39711.2	SP(Sec/SPI)	0.998929	0.001071	CS pos: 18-19. VSA-MP. Pr: 0.9523
evm.utg39996.2	SP(Sec/SPI)	0.881148	0.118852	CS pos: 30-31. TQA-QY. Pr: 0.7823
evm.utg40335.5	SP(Sec/SPI)	0.999075	0.000925	CS pos: 21-22. ANG-RS. Pr: 0.9188
evm.utg40512.11	SP(Sec/SPI)	0.953016	0.046984	CS pos: 32-33. VKG-QE. Pr: 0.7503
evm.utg40512.15	SP(Sec/SPI)	0.992705	0.007295	CS pos: 21-22. GDA-VI. Pr: 0.9472
evm.utg40724.1	SP(Sec/SPI)	0.972722	0.027278	CS pos: 24-25. TEG-SV. Pr: 0.6586
evm.utg40724.3	SP(Sec/SPI)	0.950748	0.049252	CS pos: 22-23. SLS-FE. Pr: 0.7770
evm.utg40828.1	SP(Sec/SPI)	0.674214	0.325786	CS pos: 19-20. ILA-WL. Pr: 0.2057
evm.utg41358.4	SP(Sec/SPI)	0.987406	0.012594	CS pos: 21-22. LVA-DE. Pr: 0.7744
evm.utg42547.3	SP(Sec/SPI)	0.993853	0.006147	CS pos: 21-22. TQA-TS. Pr: 0.8475
evm.utg43451.5	SP(Sec/SPI)	0.981263	0.018737	CS pos: 22-23. TET-KE. Pr: 0.8196
evm.utg43451.12	SP(Sec/SPI)	0.937289	0.062711	CS pos: 28-29. AYA-GG. Pr: 0.7182
evm.utg43451.14	SP(Sec/SPI)	0.988308	0.011692	CS pos: 25-26. CDA-KP. Pr: 0.7994
evm.utg43451.27	SP(Sec/SPI)	0.962901	0.037099	CS pos: 24-25. MHG-DD. Pr: 0.8120
evm.utg44408.2	SP(Sec/SPI)	0.912299	0.087701	CS pos: 28-29. ADG-IV. Pr: 0.8471
evm.utg44408.3	SP(Sec/SPI)	0.992136	0.007864	CS pos: 24-25. IDA-LS. Pr: 0.3761
evm.utg44408.4	SP(Sec/SPI)	0.995838	0.004162	CS pos: 21-22. VVS-DG. Pr: 0.8085
evm.utg44408.8	SP(Sec/SPI)	0.998939	0.001061	CS pos: 19-20. LYA-RT. Pr: 0.8337
evm.utg45405.1	SP(Sec/SPI)	0.995997	0.004003	CS pos: 21-22. VEG-EA. Pr: 0.9090
evm.utg45865.2	SP(Sec/SPI)	0.995764	0.004236	CS pos: 23-24. AVA-SP. Pr: 0.9600
evm.utg45865.7	SP(Sec/SPI)	0.818484	0.181516	CS pos: 19-20. VSA-IQ. Pr: 0.7950
evm.utg45865.8	SP(Sec/SPI)	0.740223	0.259777	CS pos: 20-21. SWS-ED. Pr: 0.4405
evm.utg45942.1	SP(Sec/SPI)	0.927055	0.072945	CS pos: 21-22. VFG-TE. Pr: 0.8349
evm.utg48209.4	SP(Sec/SPI)	0.997898	0.002102	CS pos: 23-24. SEA-RS. Pr: 0.7239
evm.utg48491.2	SP(Sec/SPI)	0.745421	0.254579	CS pos: 20-21. VKA-SE. Pr: 0.6948
evm.utg48491.7	SP(Sec/SPI)	0.920243	0.079757	CS pos: 17-18. IAA-IE. Pr: 0.5098
evm.utg50879.7	SP(Sec/SPI)	0.647345	0.352655	CS pos: 15-16. AEA-IQ. Pr: 0.4623
evm.utg54553.6	SP(Sec/SPI)	0.999697	0.000303	CS pos: 23-24. SSA-KE. Pr: 0.4162
evm.utg55667.4	SP(Sec/SPI)	0.683892	0.316108	CS pos: 24-25. VNG-VT. Pr: 0.6006
evm.utg59616.2	SP(Sec/SPI)	0.943782	0.056218	CS pos: 18-19. SWC-SV. Pr: 0.6519
evm.utg59616.3	SP(Sec/SPI)	0.927169	0.072831	CS pos: 18-19. SWC-SV. Pr: 0.5588
utg60048.equina_smart_1746049.mrna3	SP(Sec/SPI)	0.509426	0.490574	CS pos: 27-28. ILS-EC. Pr: 0.2104
utg60048.equina_smart_1746049.mrna4	SP(Sec/SPI)	0.635608	0.364392	CS pos: 27-28. ILS-EC. Pr: 0.2703
evm.utg60191.2	SP(Sec/SPI)	0.997830	0.002170	CS pos: 21-22. SLA-AD. Pr: 0.9264
evm.utg60191.5	SP(Sec/SPI)	0.849831	0.150169	CS pos: 29-30. ISS-QE. Pr: 0.7041
evm.utg60413.5	SP(Sec/SPI)	0.998375	0.001625	CS pos: 22-23. GHG-CP. Pr: 0.9029
evm.utg61418.1	SP(Sec/SPI)	0.557453	0.442547	CS pos: 37-38. ALC-GP. Pr: 0.1970
evm.utg61418.9	SP(Sec/SPI)	0.979686	0.020314	CS pos: 20-21. TKA-AR. Pr: 0.5611
evm.utg62950.4	SP(Sec/SPI)	0.999248	0.000752	CS pos: 26-27. VNA-EP. Pr: 0.9742
evm.utg62950.5	SP(Sec/SPI)	0.989095	0.010905	CS pos: 18-19. VRG-TT. Pr: 0.3844
evm.utg64657.1	SP(Sec/SPI)	0.983282	0.016718	CS pos: 22-23. VFC-CG. Pr: 0.5363
evm.utg64657.3	SP(Sec/SPI)	0.994244	0.005756	CS pos: 29-30. AHS-IE. Pr: 0.5700
evm.utg64657.5	SP(Sec/SPI)	0.680229	0.319771	CS pos: 19-20. ALG-AL. Pr: 0.1805
evm.utg86134.4	SP(Sec/SPI)	0.987399	0.012601	CS pos: 19-20. ITS-TN. Pr: 0.5624
evm.utg86134.5	SP(Sec/SPI)	0.765280	0.234720	CS pos: 25-26. LSA-HE. Pr: 0.3567
evm.utg86134.6	SP(Sec/SPI)	0.936737	0.063263	CS pos: 23-24. LSA-HE. Pr: 0.4492
evm.utg86134.7	SP(Sec/SPI)	0.962066	0.037934	CS pos: 21-22. ITS-TN. Pr: 0.5693
evm.utg86134.9	SP(Sec/SPI)	0.988184	0.011816	CS pos: 21-22. ITS-TN. Pr: 0.4970
evm.utg86134.10	SP(Sec/SPI)	0.904533	0.095467	CS pos: 28-29. TSQ-DK. Pr: 0.2633
evm.utg86134.12	SP(Sec/SPI)	0.960276	0.039724	CS pos: 21-22. ITS-TN. Pr: 0.5686
evm.utg89561.2	SP(Sec/SPI)	0.990125	0.009875	CS pos: 23-24. VFA-RP. Pr: 0.7899
evm.utg108328.2	SP(Sec/SPI)	0.755622	0.244378	CS pos: 22-23. GSA-SN. Pr: 0.6207
evm.utg126889.6	SP(Sec/SPI)	0.654913	0.345087	CS pos: 19-20. IQQ-IP. Pr: 0.3105
evm.utg139908.4	SP(Sec/SPI)	0.992975	0.007025	CS pos: 19-20. VFP-EE. Pr: 0.9032
utg154100.equina_smart_991908.mrna2	SP(Sec/SPI)	0.926244	0.073756	CS pos: 22-23. SLG-VL. Pr: 0.8311
evm.utg174599.3	SP(Sec/SPI)	0.942519	0.057481	CS pos: 20-21. IQA-IY. Pr: 0.4438
evm.utg448653.3	SP(Sec/SPI)	0.990271	0.009729	CS pos: 22-23. SSC-YD. Pr: 0.4040
