evm.utg4.1	77
evm.utg4.5	77
evm.utg4.6	133
evm.utg4.19	126
utg4.equina_smart_817336.mrna2	71
evm.utg4.25	115
evm.utg4.28	115
evm.utg4.29	122
evm.utg4.30	130
evm.utg4.34.1.5c22f04a.1.5c27949c	121
evm.utg4.37	149
evm.utg4.42	82
evm.utg4.49	71
evm.utg4.56	103
evm.utg4.57	102
evm.utg4.64	139
utg4.equina_smart_49562.mrna1	36
evm.utg4.70	75
evm.utg4.71	81
evm.utg4.78	100
evm.utg4.80	112
evm.utg4.86	117
evm.utg5.2	132
evm.utg5.5	106
evm.utg5.7	140
evm.utg5.10	116
evm.utg5.13	88
evm.utg5.22	119
evm.utg5.32	97
evm.utg5.33	148
evm.utg5.34	86
evm.utg5.35	131
evm.utg5.38	103
evm.utg5.46	143
evm.utg5.49	147
evm.utg5.51	108
utg5.evm.utg2716.12.mrna6	84
utg5.equina_smart_1391812.mrna1	65
evm.utg5.61	99
evm.utg5.64	67
evm.utg5.70	91
evm.utg5.72	112
evm.utg5.73	78
evm.utg7.1	138
evm.utg7.9	93
evm.utg7.23	139
utg7.equina_smart_1617407.mrna6	39
utg7.equina_smart_1391965.mrna1	60
evm.utg7.24	95
utg7.equina_smart_496225.mrna2	52
utg7.equina_smart_1617407.mrna5	39
evm.utg7.26	99
evm.utg7.31	85
evm.utg7.33	104
evm.utg7.51	147
evm.utg7.56	77
evm.utg7.65	84
evm.utg7.70	99
evm.utg7.71	114
evm.utg7.77	139
utg7.equina_smart_836454.mrna2	63
evm.utg7.83	93
utg7.equina_smart_1359323.mrna9	39
utg7.equina_smart_1411062.mrna3	52
utg7.equina_smart_1391965.mrna7	60
evm.utg7.84	85
utg7.equina_smart_1634317.mrna1	39
utg7.equina_smart_1666003.mrna1	49
evm.utg7.87	88
evm.utg8.30.1.5c22f454	146
evm.utg8.31	68
evm.utg8.34	99
evm.utg8.39	126
evm.utg8.45	138
evm.utg8.47	143
evm.utg8.48	120
evm.utg8.50	91
evm.utg8.58	142
evm.utg8.59	91
evm.utg8.61	105
evm.utg8.69	105
evm.utg8.71	106
evm.utg8.80	144
evm.utg8.86	89
evm.utg10.6	92
evm.utg10.8	125
evm.utg10.11	70
evm.utg10.16	99
evm.utg10.19	133
utg10.equina_smart_120628.mrna2	76
evm.utg10.20	97
evm.utg10.24	121
evm.utg10.29	128
evm.utg10.30	103
evm.utg10.43	140
evm.utg10.44	91
evm.utg10.46	93
evm.utg13.2	124
evm.utg13.3	148
evm.utg13.4	98
evm.utg13.5	110
evm.utg13.9	72
utg13.equina_smart_120628.mrna1	76
evm.utg13.14	83
evm.utg13.15	136
evm.utg13.22	121
evm.utg13.22.1.5c22ea14	98
evm.utg13.31	134
evm.utg13.33	89
utg13.equina_smart_1584572.mrna11	124
utg13.equina_smart_1392170.mrna2	59
utg13.evm.utg464.87.mrna4	70
utg13.equina_smart_1392176.mrna1	130
utg13.equina_smart_204568.mrna1	103
evm.utg13.60	113
evm.utg13.62	103
evm.utg13.69	134
utg13.equina_smart_1393274.mrna2	122
utg13.equina_smart_1575038.mrna2	133
evm.utg14.6	92
evm.utg14.11	127
evm.utg14.29	138
evm.utg14.30	90
evm.utg14.35	83
evm.utg14.43	145
evm.utg14.44	79
evm.utg14.48	90
evm.utg14.49	130
evm.utg14.51	121
evm.utg14.53	137
evm.utg14.54	124
evm.utg14.55	142
evm.utg14.68	120
evm.utg14.69	84
evm.utg14.75	125
evm.utg14.77	78
utg14.equina_smart_1433514.mrna2	135
utg14.evm.utg5442.29.mrna5	78
evm.utg18.9	118
evm.utg18.15	144
evm.utg18.16	116
evm.utg18.30	84
evm.utg18.32	92
evm.utg18.33	113
evm.utg18.34	101
utg18.equina_smart_1435850.mrna2	128
evm.utg18.44.1.5c22ec05	138
evm.utg18.48	93
evm.utg18.50	85
utg18.equina_smart_1629751.mrna1	35
evm.utg18.71	144
evm.utg18.72	83
utg18.equina_smart_1302533.mrna1	84
utg27.equina_smart_1836529.mrna1	66
utg27.evm.utg15950.2.mrna2	67
evm.utg27.3	136
evm.utg27.4	94
evm.utg27.5	138
evm.utg27.8	103
evm.utg27.11	136
evm.utg27.12	135
utg27.equina_smart_1255327.mrna1	110
evm.utg27.23	133
evm.utg27.25	141
evm.utg27.30	92
evm.utg27.30.1.5c22ee13	97
evm.utg27.31	135
evm.utg27.39	111
utg27.equina_smart_917443.mrna1	58
evm.utg27.41	107
evm.utg27.43	123
evm.utg27.44	72
evm.utg27.47	97
evm.utg27.52	74
evm.utg27.54	147
evm.utg27.56	118
evm.utg27.67	106
evm.utg27.88	106
evm.utg27.95	55
evm.utg27.95.1.5c22ee0b	57
evm.utg27.99	129
evm.utg27.106	108
evm.utg27.120	98
evm.utg27.121	86
evm.utg27.122	132
evm.utg27.128	91
evm.utg27.130	110
evm.utg27.134	74
evm.utg27.147	104
evm.utg27.150	139
evm.utg27.152	96
evm.utg27.153	67
evm.utg29.7	85
utg29.equina_smart_1776097.mrna2	42
evm.utg29.10	71
evm.utg29.13	125
evm.utg29.17	122
evm.utg29.21	89
evm.utg31.5	107
evm.utg31.9	136
utg31.equina_smart_274863.mrna1	103
evm.utg31.22	100
evm.utg31.23	108
evm.utg31.24	93
evm.utg31.32	122
evm.utg31.34	118
evm.utg31.35	84
evm.utg31.36	82
evm.utg31.39	86
evm.utg31.39.1.5c22eeca	86
evm.utg31.41	75
evm.utg31.43	99
evm.utg31.46	84
evm.utg31.47	94
evm.utg31.48	121
evm.utg31.50	110
evm.utg31.51	98
evm.utg31.54	129
evm.utg31.55	89
evm.utg31.59	123
evm.utg31.62	136
evm.utg31.65	122
evm.utg31.71	125
evm.utg31.72	98
evm.utg31.74	120
evm.utg31.77	74
evm.utg31.79	119
evm.utg31.81	102
evm.utg31.86	129
evm.utg31.87	88
evm.utg31.93	75
evm.utg34.4	107
utg34.equina_smart_1392920.mrna1	103
evm.utg34.18	143
evm.utg35.4	94
evm.utg35.13	115
utg35.equina_smart_1482040.mrna1	60
evm.utg47.3	131
evm.utg47.4	118
evm.utg47.9	114
evm.utg47.10	105
evm.utg47.17	94
evm.utg47.20	79
evm.utg47.26	148
evm.utg47.30	77
evm.utg47.34	111
evm.utg47.35	67
evm.utg47.36	94
evm.utg47.37	69
evm.utg48.2	111
evm.utg48.3	80
evm.utg48.11	123
evm.utg48.24	148
evm.utg48.33	128
evm.utg48.35	101
evm.utg48.38.1.5c22f155	115
evm.utg48.38	134
evm.utg48.45	103
evm.utg48.53	134
evm.utg48.55	142
evm.utg48.61	87
evm.utg48.63	117
utg49.equina_smart_1592054.mrna1	34
evm.utg49.4	109
evm.utg49.5	71
evm.utg52.11	93
evm.utg52.12	128
evm.utg52.13	80
evm.utg52.17	112
evm.utg52.19	145
utg52.equina_smart_459784.mrna1	52
evm.utg52.29	96
evm.utg52.36	77
evm.utg52.37	69
evm.utg52.40	146
evm.utg52.44	80
evm.utg52.58	111
evm.utg52.68	100
evm.utg52.75	73
evm.utg52.83	119
evm.utg52.84	101
evm.utg52.85	143
evm.utg52.90	71
evm.utg52.91	96
evm.utg52.102	69
evm.utg52.104	73
evm.utg52.108	78
evm.utg52.118	87
utg52.equina_smart_1666003.mrna2	49
evm.utg52.130	128
evm.utg52.132	110
evm.utg52.134	123
evm.utg52.135	143
utg52.equina_smart_1128767.mrna1	133
evm.utg52.143	97
utg52.evm.utg376.2.mrna2	77
evm.utg52.145	104
utg54.equina_smart_1393648.mrna3	50
utg54.equina_smart_1745750.mrna4	41
utg54.equina_smart_1475680.mrna3	50
evm.utg54.4	145
evm.utg54.5	139
utg54.equina_smart_1393695.mrna1	87
evm.utg54.12	133
evm.utg54.12.1.5c22f1f3	100
evm.utg54.14	136
evm.utg54.15	128
evm.utg54.20	130
evm.utg54.21	132
evm.utg54.32	99
evm.utg54.33	108
evm.utg54.34	73
utg54.equina_smart_150479.mrna1	63
evm.utg54.44	67
evm.utg54.46	127
utg55.equina_smart_1393778.mrna1	60
evm.utg55.14	135
utg55.equina_smart_1393825.mrna1	100
evm.utg55.21	147
evm.utg55.21.1.5c22f226	149
evm.utg55.24	101
evm.utg55.33.1.5c27962c	138
evm.utg55.33.2.5c27962c	143
evm.utg55.34	77
evm.utg55.40	142
evm.utg55.50	147
evm.utg55.53	80
evm.utg55.54	133
evm.utg55.61	71
evm.utg55.83	88
evm.utg55.104	128
evm.utg55.117	132
evm.utg55.124	144
evm.utg55.128	92
evm.utg55.131	106
evm.utg55.134	137
evm.utg55.140	83
evm.utg55.148	132
utg55.equina_smart_857738utrorf.mrna1	103
evm.utg55.161	120
evm.utg55.162	77
evm.utg55.174	146
utg55.equina_smart_1394036.mrna1	71
evm.utg55.181	78
utg55.equina_smart_329843.mrna1	55
evm.utg55.188	112
evm.utg55.193	121
evm.utg55.194	70
utg55.equina_smart_1139456.mrna1	89
utg55.equina_smart_1394313.mrna1	79
utg55.equina_smart_1486858.mrna1	67
utg55.equina_smart_1394326.mrna1	74
evm.utg55.219	77
evm.utg56.15	114
utg56.equina_smart_570029.mrna11	37
utg56.equina_smart_648536.mrna1	111
evm.utg56.26	79
evm.utg56.41	132
evm.utg56.44	122
evm.utg56.44.1.5c22f217.1.5c279618	82
evm.utg56.44.1.5c22f217	96
evm.utg56.75	145
evm.utg57.4	136
evm.utg57.28	126
evm.utg57.30	76
evm.utg57.38	96
evm.utg62.1	97
evm.utg62.12	102
utg62.equina_smart_1524574.mrna12	40
utg62.equina_smart_657794.mrna2	71
evm.utg62.16	137
evm.utg62.22	121
utg62.evm.utg820.12.mrna2	78
evm.utg62.49	133
evm.utg62.58	140
evm.utg62.60	95
evm.utg62.61	85
evm.utg62.73	109
evm.utg62.77	131
evm.utg62.84	136
evm.utg62.89	83
evm.utg62.121	88
evm.utg62.124	88
evm.utg62.132	119
utg62.equina_smart_284736.mrna1	34
evm.utg62.147	82
evm.utg62.151	149
utg62.evm.utg612.30.mrna2	84
evm.utg64.2	114
evm.utg64.5	141
evm.utg64.10	116
evm.utg64.13	109
evm.utg64.21	96
evm.utg64.22	87
evm.utg64.23	130
utg64.equina_smart_1394916.mrna1	94
evm.utg64.27	105
evm.utg64.27.1.5c22f307	79
utg64.equina_smart_363863.mrna1	108
evm.utg64.33	117
evm.utg64.35	102
evm.utg64.36	96
evm.utg64.37	88
utg72.equina_smart_1395047.mrna1	132
evm.utg72.3	121
evm.utg72.14	135
utg72.equina_smart_1395060.mrna1	88
evm.utg72.16	125
evm.utg72.17	110
evm.utg72.24	76
evm.utg72.29	120
evm.utg72.36	106
evm.utg73.5	77
evm.utg73.21	137
evm.utg73.23	139
evm.utg73.26	85
evm.utg73.34	129
evm.utg73.36.1.5c22f3b9.1.5c27976f	115
evm.utg73.37	130
utg73.equina_smart_847212.mrna1	105
evm.utg73.41.1.5c22f3b9	130
evm.utg73.41.1.5c22f3b9.1.5c27976f	127
evm.utg73.43	91
evm.utg73.79	74
evm.utg73.81	84
evm.utg73.85	74
evm.utg73.87.1.5c22f3c0	149
evm.utg73.88	123
evm.utg73.92	122
evm.utg73.100	88
evm.utg73.101	94
utg73.evm.utg6823.2.mrna2	118
evm.utg73.106	117
evm.utg73.109	118
evm.utg73.110	85
evm.utg73.111	120
evm.utg73.112	103
evm.utg73.113	114
evm.utg73.115	75
evm.utg73.116	93
evm.utg73.130	121
evm.utg73.138	137
evm.utg73.139	75
evm.utg73.143	110
evm.utg73.143.1.5c22f3bd	93
evm.utg77.3	71
evm.utg77.9	136
evm.utg77.11	129
evm.utg77.13	75
evm.utg77.19	138
evm.utg77.30	146
evm.utg77.33	102
evm.utg77.39	111
evm.utg77.42	146
evm.utg77.48	141
evm.utg77.54	119
evm.utg77.55	75
evm.utg77.57	111
evm.utg77.58	123
evm.utg77.59	68
evm.utg77.61	134
evm.utg77.67	74
evm.utg77.68	133
evm.utg77.81	90
evm.utg77.82	95
utg77.equina_smart_1078796.mrna1	69
utg77.equina_smart_1395528.mrna1	33
evm.utg77.85	145
evm.utg77.94	99
evm.utg77.105	114
evm.utg77.113	85
utg77.equina_smart_1713203.mrna2	50
evm.utg77.124	92
evm.utg77.128	129
utg77.equina_smart_1711328.mrna7	50
evm.utg77.129	75
evm.utg77.133.2.5c22f408	142
utg77.equina_smart_1766710.mrna8	95
evm.utg77.143	97
evm.utg77.161.1.5c22f419	88
evm.utg77.161.2.5c22f419	130
evm.utg77.161	92
evm.utg77.169	87
evm.utg77.172	143
evm.utg77.173	102
evm.utg77.174	91
evm.utg77.178	74
evm.utg77.182	111
evm.utg78.1	137
evm.utg78.5	138
evm.utg78.6	111
evm.utg78.7	133
evm.utg78.16	100
evm.utg78.17	142
utg78.equina_smart_1360112.mrna1	75
evm.utg78.19	98
evm.utg78.30	103
evm.utg78.38	88
evm.utg78.40	109
evm.utg78.45	88
evm.utg78.49	140
evm.utg78.50	98
evm.utg78.51	110
evm.utg78.57	101
evm.utg78.64	103
evm.utg78.70	138
evm.utg78.78	121
evm.utg78.83	147
evm.utg78.85	97
evm.utg78.88	117
evm.utg78.90	88
evm.utg78.91	118
evm.utg78.96	79
evm.utg78.98	141
evm.utg78.105	149
evm.utg78.107	88
evm.utg78.110	80
utg82.equina_smart_1396069.mrna1	81
utg82.equina_smart_1625843.mrna2	112
evm.utg82.5	70
evm.utg82.7	135
utg82.equina_smart_1174295.mrna1	113
utg82.equina_smart_1396057.mrna1	75
evm.utg82.22	140
evm.utg82.30	145
evm.utg82.33	115
evm.utg82.38	105
utg82.evm.utg14533.28.mrna2	98
evm.utg86.9	110
utg86.equina_smart_1345572.mrna2	65
evm.utg86.29	128
evm.utg86.32	136
utg86.equina_smart_1634317.mrna3	39
utg86.equina_smart_1391965.mrna4	60
utg86.equina_smart_1634317.mrna2	39
evm.utg86.36	126
evm.utg86.37	120
utg86.equina_smart_1445806.mrna2	112
evm.utg86.45	78
evm.utg86.61	91
evm.utg86.66	145
evm.utg86.71	104
evm.utg86.76	83
utg86.equina_smart_173735.mrna1	96
evm.utg87.7	103
evm.utg92.3	90
evm.utg92.5	82
evm.utg92.7	95
evm.utg92.17	126
evm.utg92.20	71
evm.utg92.21	147
evm.utg92.23	122
evm.utg92.29	107
evm.utg92.31	128
evm.utg92.38	143
evm.utg92.44	134
evm.utg92.63	128
utg92.equina_smart_1584572.mrna3	124
evm.utg92.66	149
evm.utg92.68	146
evm.utg92.69	126
utg92.equina_smart_535020.mrna1	77
evm.utg92.71	108
evm.utg92.72	96
evm.utg92.73	93
evm.utg92.81.1.5c22f50a	116
evm.utg92.83	137
evm.utg92.88	71
evm.utg92.94	100
evm.utg92.95	121
evm.utg92.100	135
evm.utg92.100.1.5c22f519	96
evm.utg92.101	131
evm.utg92.117	137
evm.utg92.120	77
evm.utg92.123	77
evm.utg92.124	71
evm.utg92.126	123
evm.utg92.127	136
evm.utg92.128	99
evm.utg92.136	100
evm.utg92.137.1.5c22f50c	149
evm.utg92.139	93
evm.utg92.141	142
utg92.equina_smart_1087197.mrna1	63
evm.utg92.147	127
utg92.equina_smart_57145.mrna1	55
evm.utg92.152	77
evm.utg92.153	84
evm.utg92.155	121
evm.utg92.163	100
evm.utg95.3	75
evm.utg95.6	71
evm.utg95.16	126
evm.utg95.17	124
evm.utg95.18	121
evm.utg95.19	145
evm.utg95.26	69
evm.utg95.42	106
evm.utg95.49	110
utg95.equina_smart_921438.mrna1	78
utg101.equina_smart_1396890.mrna1	93
utg101.equina_smart_241017.mrna1	58
evm.utg101.26	87
evm.utg101.33	127
evm.utg101.36	110
evm.utg101.55	96
utg101.equina_smart_1822695.mrna1	60
evm.utg101.68	110
evm.utg101.76	112
evm.utg101.80	114
evm.utg101.82	117
utg101.equina_smart_1397248utrorf.mrna1	140
evm.utg101.87	111
evm.utg101.88	128
evm.utg101.96	88
evm.utg101.97	92
evm.utg101.98	112
evm.utg101.110	82
evm.utg101.111	126
evm.utg101.114	149
evm.utg101.120	133
utg101.equina_smart_1822816.mrna1	48
evm.utg101.124	111
evm.utg101.126	144
evm.utg101.152	142
evm.utg101.157	108
evm.utg101.158	135
evm.utg101.166	147
evm.utg101.174	67
utg101.equina_smart_282026.mrna1	87
evm.utg101.175	85
evm.utg101.176	73
evm.utg101.179	85
evm.utg101.182	73
evm.utg101.186	148
evm.utg101.187	109
utg101.equina_smart_1474185.mrna1	59
evm.utg101.193	103
evm.utg101.202	80
evm.utg104.3	118
evm.utg104.5	107
evm.utg104.6	99
evm.utg104.22	114
evm.utg104.32	149
evm.utg104.42.1.5c22e80d	80
evm.utg104.42	80
evm.utg104.43	98
evm.utg104.45	88
evm.utg104.47	140
utg104.equina_smart_1397551.mrna1	61
evm.utg104.58	67
evm.utg104.70	81
evm.utg104.71	77
evm.utg104.72	112
evm.utg104.77	145
evm.utg104.80	83
evm.utg104.82	84
evm.utg104.85	107
utg107.equina_smart_1053285.mrna1	101
evm.utg107.14	126
utg107.equina_smart_1831384.mrna1	32
utg107.equina_smart_661610.mrna1	146
evm.utg107.29	74
evm.utg107.37	134
evm.utg107.38	88
evm.utg107.43.1.5c22e854	131
evm.utg107.45	85
utg107.equina_smart_1397760.mrna1	67
evm.utg107.47	109
evm.utg107.57	144
utg109.equina_smart_1630186.mrna12	51
utg109.equina_smart_1411062.mrna4	52
evm.utg109.2	134
evm.utg109.9	71
evm.utg109.10	97
evm.utg109.11	137
evm.utg109.12	78
evm.utg109.13	92
evm.utg109.14	113
evm.utg109.16	89
evm.utg109.24	73
utg109.equina_smart_1661030.mrna1	43
evm.utg109.27	118
utg109.equina_smart_1661085.mrna1	33
evm.utg109.48	107
evm.utg109.50	108
evm.utg109.52	98
evm.utg109.53	85
utg109.equina_smart_1865309.mrna1	63
utg109.equina_smart_1097430.mrna1	85
evm.utg109.72	79
evm.utg109.79	112
evm.utg109.91	94
evm.utg109.102	115
evm.utg109.104	70
utg109.equina_smart_1397898.mrna1	80
evm.utg109.111	140
evm.utg109.122	117
evm.utg112.7	139
evm.utg112.10	86
evm.utg112.15	138
utg112.equina_smart_1398089.mrna1	68
evm.utg112.25	135
evm.utg112.30	89
evm.utg112.44	123
evm.utg112.46	126
evm.utg112.47	123
evm.utg112.48	127
evm.utg112.49	122
evm.utg112.50	123
evm.utg112.51	116
evm.utg112.52	120
evm.utg112.56	143
evm.utg112.59	77
evm.utg112.62	109
evm.utg112.63	131
evm.utg113.13	99
evm.utg113.22	101
evm.utg113.24	110
evm.utg113.27	124
evm.utg113.28	111
evm.utg113.29	122
evm.utg113.30	95
evm.utg114.2	76
evm.utg114.13	145
evm.utg114.14	130
evm.utg115.7	141
evm.utg115.12	73
evm.utg116.13	126
evm.utg116.16	111
evm.utg116.29	138
evm.utg116.30	107
evm.utg116.32	71
evm.utg116.40	147
evm.utg116.66	128
evm.utg116.68	133
evm.utg116.73	74
evm.utg116.90	74
evm.utg116.91	116
evm.utg116.92	114
utg116.equina_smart_1171851.mrna1	71
evm.utg116.94	149
evm.utg116.95	122
evm.utg116.96	117
utg116.equina_smart_718315.mrna1	110
evm.utg116.109.1.5c22e91a	132
evm.utg116.111.1.5c22e91a	80
evm.utg116.111.2.5c22e91a	83
evm.utg116.111	81
evm.utg116.114	144
evm.utg116.116	72
evm.utg116.117	101
evm.utg116.118	76
evm.utg116.123.124.8.5c278f3e	141
utg116.equina_smart_1398313.mrna1	67
evm.utg116.148	131
evm.utg116.150	114
evm.utg116.162	109
evm.utg116.164	133
evm.utg116.165	117
evm.utg116.166	76
evm.utg116.167	125
evm.utg116.169	113
evm.utg116.183	107
evm.utg116.186	96
evm.utg116.188	113
evm.utg116.189	133
evm.utg116.190.1.5c22e920	125
evm.utg116.193	110
evm.utg116.195	68
utg116.equina_smart_1840927.mrna2	39
utg116.equina_smart_1294857.mrna1	78
evm.utg116.210.2.5c22e8ea.1.5c278f23	141
evm.utg116.213	73
evm.utg116.217	111
evm.utg116.220	80
evm.utg116.224	122
evm.utg116.225	112
evm.utg116.226	114
evm.utg116.231	130
evm.utg116.232	97
evm.utg116.234	147
evm.utg116.244	67
evm.utg116.248	140
evm.utg116.253	90
evm.utg116.261	109
evm.utg116.264	144
evm.utg116.265	110
evm.utg116.268	95
evm.utg116.269	86
evm.utg116.271	132
evm.utg116.271.1.5c22e8ee	115
evm.utg116.272.1.5c22e925	145
evm.utg116.272	135
evm.utg116.276	106
evm.utg116.286	115
evm.utg116.289	70
evm.utg116.295	92
evm.utg116.296	145
evm.utg116.298	114
evm.utg116.303	74
evm.utg116.311	140
utg116.evm.utg116.370.mrna5	117
utg116.equina_smart_995011.mrna1	71
evm.utg116.327	137
evm.utg116.331	101
evm.utg116.332	101
evm.utg116.333	99
evm.utg116.335	108
evm.utg116.345	78
evm.utg116.349	98
evm.utg116.370	115
evm.utg116.375	96
evm.utg117.1	81
evm.utg117.4	147
evm.utg117.7	133
evm.utg117.9	70
evm.utg117.11	125
evm.utg117.15	110
evm.utg117.22	138
evm.utg125.1	93
evm.utg125.9	110
evm.utg125.12	89
evm.utg125.14	113
evm.utg125.19	107
evm.utg125.22	139
evm.utg125.25	119
evm.utg125.28	76
evm.utg125.29	112
evm.utg125.38	88
evm.utg125.53	125
evm.utg125.54	121
evm.utg125.57	135
evm.utg125.58	92
evm.utg125.60	79
evm.utg125.61	103
utg125.equina_smart_1768321.mrna1	51
utg125.equina_smart_1766710.mrna12	95
utg125.equina_smart_1662785.mrna9	68
evm.utg125.73.1.5c22e981.1.5c278f6f	149
evm.utg125.74	125
evm.utg125.76	130
evm.utg125.77	112
evm.utg125.80	85
evm.utg125.81	130
evm.utg125.83	97
evm.utg125.85	138
evm.utg125.86	142
evm.utg125.87	141
evm.utg125.91	85
evm.utg125.97	94
evm.utg125.98	88
evm.utg125.101	114
evm.utg125.104	111
evm.utg125.109	89
evm.utg125.113	90
evm.utg125.114	140
evm.utg125.117	94
evm.utg125.118	106
evm.utg125.125	106
evm.utg125.134	115
utg125.evm.utg324.133.mrna5	148
evm.utg125.144	138
evm.utg125.145	136
evm.utg125.148	95
evm.utg125.150	124
evm.utg125.151	128
evm.utg125.155	122
evm.utg125.157	126
evm.utg125.162	123
utg125.equina_smart_1888395.mrna7	34
evm.utg125.170	146
evm.utg125.173	125
evm.utg125.174	105
evm.utg125.177	146
evm.utg125.180	95
utg125.equina_smart_1399144.mrna1	129
utg125.equina_smart_1089957.mrna1	95
evm.utg125.193	146
evm.utg126.3	134
evm.utg126.6	121
evm.utg126.7	80
evm.utg126.8	92
evm.utg126.9	105
evm.utg126.12	117
evm.utg126.28	149
evm.utg126.31	141
evm.utg126.35	69
evm.utg126.38	116
evm.utg126.42	92
evm.utg126.45	116
evm.utg126.47	132
evm.utg126.48	126
evm.utg126.58	133
evm.utg126.60	82
evm.utg126.63	146
evm.utg126.69	77
evm.utg126.75	72
evm.utg126.77	123
evm.utg126.80	127
evm.utg126.82	121
evm.utg126.82.1.5c22e99d	120
evm.utg126.86	125
evm.utg126.90	78
evm.utg126.91	136
evm.utg126.94	133
evm.utg126.97	98
evm.utg126.103	110
evm.utg126.105	82
utg126.equina_smart_349170.mrna1	93
evm.utg126.109	136
utg126.evm.utg1361.6.mrna2	101
evm.utg126.119	147
evm.utg126.121	99
evm.utg126.123	143
evm.utg126.126	120
evm.utg126.127	140
evm.utg126.128	78
evm.utg126.130	95
evm.utg126.147	139
evm.utg126.154.1.5c22e998	148
utg126.equina_smart_1221919.mrna1	101
evm.utg126.170	74
utg126.equina_smart_17200.mrna11	43
evm.utg126.171	68
utg126.equina_smart_1481573.mrna2	72
evm.utg126.172	142
evm.utg126.173	92
evm.utg129.5	124
utg129.equina_smart_1766710.mrna10	95
evm.utg129.21	124
evm.utg129.23	116
evm.utg129.31	106
evm.utg129.36	121
evm.utg129.38	94
evm.utg129.45	118
evm.utg129.50	75
evm.utg129.71	71
evm.utg129.73	84
utg129.equina_smart_1579500.mrna1	48
evm.utg129.76	138
evm.utg129.77	110
utg129.equina_smart_1441657.mrna2	123
evm.utg129.89	115
evm.utg129.93	123
evm.utg144.5	140
evm.utg144.6	81
evm.utg144.7	149
evm.utg144.28	133
utg144.equina_smart_1238220.mrna1	76
evm.utg144.35	122
utg144.equina_smart_1400019.mrna1	76
evm.utg144.37	117
evm.utg144.55	134
evm.utg144.56	85
evm.utg144.57	92
utg144.equina_smart_1894513.mrna1	81
utg144.equina_smart_1389976.mrna1	81
evm.utg144.63	120
utg144.equina_smart_1688928.mrna3	42
evm.utg144.67	116
evm.utg144.68	121
evm.utg144.69	71
evm.utg144.73	111
evm.utg144.75	79
evm.utg144.82	120
utg144.equina_smart_793647.mrna1	94
utg144.equina_smart_239275.mrna1	75
evm.utg144.91	108
evm.utg144.93	75
evm.utg145.4	93
evm.utg145.7	98
evm.utg145.10	86
evm.utg145.11	114
evm.utg145.13	95
evm.utg145.22	72
evm.utg145.27	147
evm.utg145.29	108
evm.utg145.36	113
evm.utg145.39	100
evm.utg145.41	124
evm.utg145.53	88
evm.utg145.58	86
evm.utg145.61	81
evm.utg145.63	93
evm.utg145.70	69
evm.utg145.71	132
evm.utg145.72	108
evm.utg145.73	113
evm.utg145.76	114
utg145.equina_smart_1657694.mrna1	104
evm.utg145.78	108
evm.utg145.85	146
evm.utg145.90	147
evm.utg146.2	132
evm.utg146.4	124
evm.utg146.4.1.5c22ead8	115
evm.utg146.11	121
evm.utg146.11.1.5c22ead9	94
evm.utg146.11.2.5c22ead9	130
utg146.equina_smart_179334.mrna1	67
utg146.equina_smart_469375.mrna1	122
utg146.equina_smart_1380903.mrna1	56
evm.utg146.27	83
evm.utg150.10	122
evm.utg150.15	111
evm.utg150.16	127
evm.utg150.18	142
evm.utg150.28	97
evm.utg150.30	109
evm.utg150.35	141
evm.utg150.39	112
evm.utg150.41	137
evm.utg150.50	118
utg150.equina_smart_773937.mrna1	62
evm.utg150.53	125
evm.utg150.72	118
evm.utg150.78	116
evm.utg150.80	84
evm.utg150.87	78
utg150.equina_smart_984856.mrna11	49
utg150.equina_smart_1036532.mrna3	137
evm.utg150.93	135
utg150.equina_smart_1119346.mrna2	140
evm.utg150.97	79
utg152.evm.utg1056.37.mrna2	106
utg152.equina_smart_1129086.mrna1	61
utg152.equina_smart_1039567.mrna1	90
evm.utg152.17	109
utg152.equina_smart_1022848.mrna1	92
evm.utg152.34	100
evm.utg152.35	98
evm.utg152.50	89
evm.utg152.51	68
evm.utg152.61	81
evm.utg152.67	133
evm.utg152.69	87
evm.utg152.71	124
evm.utg152.75	125
evm.utg152.76	126
evm.utg160.8	131
evm.utg160.10	71
evm.utg160.34	83
evm.utg160.35	113
evm.utg160.37	112
evm.utg162.1	130
evm.utg162.3	77
evm.utg162.6	134
evm.utg162.11	82
evm.utg162.17	141
utg162.equina_smart_1058660.mrna1	64
evm.utg162.28	134
evm.utg162.31	127
evm.utg162.32	140
evm.utg162.37	96
evm.utg162.42	147
evm.utg162.52	124
evm.utg162.55	117
utg162.evm.utg7234.5.1.5c22f393.1.5c27974f.mrna3	138
evm.utg162.61	113
evm.utg162.64	123
utg162.evm.utg7234.1.mrna1	100
evm.utg162.75	105
utg162.evm.utg24105.3.mrna2	87
utg163.equina_smart_1630186.mrna4	51
utg163.equina_smart_1630186.mrna1	51
evm.utg163.1	122
utg163.equina_smart_1216503.mrna1	43
utg163.equina_smart_1401157.mrna1	118
evm.utg163.7	93
utg163.equina_smart_1401017.mrna1	52
evm.utg163.12	146
evm.utg163.19	68
evm.utg163.24	147
evm.utg163.26	85
evm.utg163.30	137
evm.utg163.31	138
evm.utg163.32	70
evm.utg163.33	137
evm.utg163.35	127
evm.utg163.37	89
evm.utg163.44	104
evm.utg163.45	130
evm.utg163.49	131
evm.utg163.50	80
evm.utg163.59	78
evm.utg163.62	115
evm.utg163.64	73
utg163.equina_smart_1401103.mrna1	77
evm.utg163.66	105
evm.utg163.67	94
evm.utg163.68	132
evm.utg163.69	70
evm.utg163.70	92
evm.utg163.71	75
utg163.equina_smart_1666003.mrna4	49
evm.utg163.84	129
evm.utg163.94	71
utg163.equina_smart_1617407.mrna2	39
evm.utg167.2	126
utg167.evm.utg9875.21.mrna2	129
utg167.equina_smart_1628316.mrna2	42
evm.utg167.16	89
utg167.evm.utg9875.1.mrna2	111
evm.utg167.17	100
evm.utg167.19	100
evm.utg167.20	134
evm.utg167.21	91
evm.utg167.22	122
evm.utg167.24	126
evm.utg170.4	104
evm.utg170.6	143
evm.utg170.13	78
evm.utg170.27	104
evm.utg172.3	99
utg172.equina_smart_1401759.mrna1	42
evm.utg172.5	142
evm.utg172.9	139
evm.utg172.10	76
evm.utg172.14	132
evm.utg172.17	143
evm.utg172.21	79
evm.utg172.23	136
evm.utg172.23.1.5c22ebcc	126
evm.utg172.31	109
evm.utg172.50	97
evm.utg172.56	128
evm.utg172.83	128
evm.utg172.84	71
evm.utg172.85	73
utg172.equina_smart_1345530.mrna1	69
utg172.equina_smart_248889.mrna1	98
evm.utg172.88	120
evm.utg172.97	71
evm.utg172.106	92
evm.utg172.118	141
evm.utg172.119	99
evm.utg172.120	74
evm.utg172.125	130
evm.utg172.127	131
utg172.equina_smart_1401739.mrna1	68
evm.utg172.137	140
utg172.equina_smart_1401698.mrna1	88
evm.utg172.147	106
evm.utg178.8	149
evm.utg178.10	137
evm.utg178.12	104
evm.utg178.14.1.5c22ebf7	111
evm.utg178.14	148
utg178.equina_smart_1401987utrorf.mrna1	102
evm.utg178.23	85
evm.utg178.24	146
evm.utg178.26	98
evm.utg178.30	76
evm.utg178.35	82
evm.utg178.37	138
evm.utg178.40	148
evm.utg178.41	83
evm.utg178.45	131
evm.utg178.46	146
evm.utg178.47	132
evm.utg178.55	75
evm.utg178.59	79
evm.utg180.1	132
evm.utg180.4	117
evm.utg180.10	80
evm.utg180.15	106
evm.utg180.17	126
evm.utg180.21	110
evm.utg180.25	134
evm.utg180.30	142
evm.utg180.31	131
evm.utg180.34	120
evm.utg180.39	84
evm.utg180.40	81
evm.utg180.41	146
evm.utg180.53	81
evm.utg180.58	89
evm.utg180.74	121
evm.utg181.1	119
evm.utg181.2	74
evm.utg181.11	140
evm.utg181.12	113
utg181.equina_smart_787506.mrna1	46
utg181.equina_smart_907908.mrna2	58
evm.utg183.2	137
evm.utg183.4	133
evm.utg183.6	124
evm.utg183.7	99
evm.utg183.8	114
evm.utg183.9	69
evm.utg183.12	94
evm.utg183.24	142
evm.utg183.25	82
utg183.equina_smart_954712.mrna1	50
evm.utg183.37	117
utg183.equina_smart_1456594.mrna2	54
utg183.equina_smart_1482040.mrna4	60
evm.utg186.4	102
evm.utg186.6	148
evm.utg186.12	110
evm.utg186.17	70
evm.utg187.4	144
evm.utg190.3	84
evm.utg190.12	70
evm.utg190.15	87
evm.utg190.15.1.5c27913e	87
utg190.equina_smart_1581370.mrna1	61
evm.utg190.19	92
evm.utg190.21	113
evm.utg190.28	127
evm.utg190.34	134
evm.utg190.38	126
evm.utg190.42	70
evm.utg190.44	72
utg190.equina_smart_1083425.mrna1	113
evm.utg190.50	148
evm.utg190.51	122
evm.utg190.52	131
evm.utg190.58	115
evm.utg190.64	113
evm.utg190.65	88
evm.utg190.66	138
evm.utg190.72	140
evm.utg190.73	136
evm.utg190.75	118
evm.utg190.77	103
evm.utg190.77.1.5c22ec4d	109
evm.utg190.77.2.5c22ec4d	103
evm.utg190.77.3.5c22ec4d	103
evm.utg190.79	132
utg192.equina_smart_92769.mrna7	58
evm.utg192.6	131
utg192.evm.utg785.4.mrna2	125
evm.utg192.7	119
evm.utg192.8	98
evm.utg192.12	97
evm.utg192.16	133
evm.utg192.18	92
evm.utg192.19	96
evm.utg192.20	145
evm.utg192.21	90
evm.utg192.30	79
evm.utg192.40	101
evm.utg192.42	110
evm.utg192.44	110
evm.utg192.46	88
evm.utg192.47	107
evm.utg192.49	116
evm.utg192.51	104
evm.utg192.53	130
evm.utg192.54	73
evm.utg192.55	131
evm.utg192.56	113
evm.utg192.58	128
evm.utg192.59	128
evm.utg192.60	123
evm.utg192.61	117
evm.utg192.62	113
evm.utg192.63	117
evm.utg192.64	148
evm.utg192.65	80
evm.utg192.70	120
evm.utg192.73	148
evm.utg192.74	110
evm.utg192.75	110
evm.utg192.77	142
evm.utg192.89	79
evm.utg192.91	125
evm.utg194.16	134
evm.utg194.23	119
evm.utg194.32	96
evm.utg194.40	89
evm.utg194.41	133
evm.utg194.41.1.5c22ec7e	137
evm.utg194.43	108
evm.utg194.56	109
evm.utg194.58.1.5c279174	138
evm.utg194.59	118
utg194.equina_smart_1178281.mrna1	68
evm.utg194.65	89
evm.utg194.69.1.5c22ec7e	131
evm.utg194.69	138
evm.utg194.76	133
evm.utg194.86	125
evm.utg194.99	100
utg194.equina_smart_305995.mrna1	138
evm.utg203.8	124
utg203.equina_smart_1447244.mrna2	109
utg203.evm.utg2969.39.mrna2	138
evm.utg203.15	122
evm.utg203.21	77
evm.utg203.22	109
evm.utg203.23	122
evm.utg203.24	111
evm.utg203.26	97
evm.utg203.27	76
evm.utg203.28	91
evm.utg203.29	72
evm.utg203.30	125
evm.utg203.31	119
evm.utg203.33	108
evm.utg203.34	108
evm.utg203.35	114
evm.utg203.37	135
evm.utg203.38	74
evm.utg203.39	72
evm.utg203.40	89
evm.utg203.41	91
evm.utg203.42	72
evm.utg203.43	75
evm.utg203.44	146
evm.utg203.45	68
evm.utg203.47	113
evm.utg203.48	68
evm.utg203.50	106
evm.utg203.51	126
evm.utg203.53	83
evm.utg203.56	97
evm.utg203.60	96
evm.utg203.61	99
evm.utg203.63	108
evm.utg203.63.1.5c22ecc3	94
utg203.equina_smart_20726.mrna1	63
evm.utg203.64	141
utg203.equina_smart_84905.mrna1	51
evm.utg203.71	89
evm.utg203.72	122
utg203.evm.utg3443.67.mrna1	68
evm.utg203.79	136
evm.utg203.80	128
evm.utg203.89	124
evm.utg203.95	85
evm.utg203.96	100
evm.utg203.97	91
evm.utg203.98	143
evm.utg203.101	76
utg203.equina_smart_1403020.mrna1	96
evm.utg203.126	71
evm.utg203.127	129
evm.utg203.137	76
evm.utg203.146	131
evm.utg207.1	80
utg207.equina_smart_1591393.mrna3	81
evm.utg207.10	105
evm.utg207.12	98
evm.utg207.24.1.5c22ecd6	128
evm.utg207.31	102
evm.utg207.39	147
evm.utg207.43	114
evm.utg207.44	120
utg207.equina_smart_1612683.mrna4	50
evm.utg207.46	128
evm.utg207.51	113
evm.utg207.54	78
evm.utg207.58	101
evm.utg207.59	101
evm.utg207.60	84
utg207.equina_smart_1572324.mrna1	75
evm.utg207.62	120
evm.utg207.65	78
evm.utg207.66	77
utg207.equina_smart_1403149.mrna1	61
evm.utg207.75	132
evm.utg207.91	120
evm.utg207.94	117
evm.utg207.97	134
evm.utg207.98	143
evm.utg207.103	73
evm.utg207.109	94
utg207.evm.utg580.50.mrna6	143
evm.utg207.116	108
evm.utg207.117	99
evm.utg207.119	124
utg207.equina_smart_1403411.mrna1	128
utg207.equina_smart_1403402utrorf.mrna1	135
evm.utg207.125	98
evm.utg207.135	104
utg207.equina_smart_57348.mrna1	74
utg207.equina_smart_1584572.mrna7	124
evm.utg207.141	132
evm.utg209.8	84
evm.utg209.23	88
evm.utg209.28	132
evm.utg209.37	129
evm.utg209.39	67
evm.utg209.42	89
evm.utg209.43	133
evm.utg209.45	123
evm.utg213.7	86
evm.utg213.11	123
evm.utg213.14	98
evm.utg214.16	108
evm.utg214.23	141
evm.utg214.32	137
evm.utg214.35	120
evm.utg214.39	106
evm.utg214.50	105
evm.utg214.52	125
utg214.equina_smart_1403593.mrna1	55
evm.utg214.65	128
utg214.equina_smart_1242097.mrna3	109
utg214.equina_smart_1403610.mrna1	100
evm.utg214.66	87
evm.utg214.69	149
evm.utg214.70	126
evm.utg214.71	110
utg214.equina_smart_1403628.mrna1	37
evm.utg216.6	130
evm.utg216.11	123
evm.utg216.13	101
evm.utg216.17	70
evm.utg216.18	140
evm.utg216.20	99
evm.utg216.22	112
evm.utg217.5	108
evm.utg217.17	93
evm.utg217.19	109
evm.utg217.24	70
evm.utg217.40	133
evm.utg217.41	108
evm.utg217.56	71
evm.utg219.1	103
evm.utg219.4	85
evm.utg219.7	143
evm.utg219.9	114
evm.utg219.14	107
evm.utg219.17	73
evm.utg219.22	148
evm.utg219.26	103
evm.utg219.27	102
evm.utg219.28	123
evm.utg219.35	119
evm.utg219.39	125
evm.utg219.40	112
evm.utg219.41	105
evm.utg219.43	108
evm.utg219.45	96
evm.utg219.48	120
evm.utg219.55	148
evm.utg219.56	144
evm.utg219.57	108
evm.utg219.59	93
evm.utg219.67	88
evm.utg221.3	146
evm.utg221.20	133
evm.utg221.25	136
evm.utg221.29	125
evm.utg221.33	124
evm.utg221.34	88
evm.utg221.35	117
evm.utg221.37	135
evm.utg221.38	80
evm.utg221.39	118
utg221.evm.utg10709.5.mrna4	68
evm.utg221.45	136
evm.utg221.46	126
evm.utg225.1	104
evm.utg225.8	114
evm.utg225.9.1.5c22ed49	131
evm.utg225.9	119
evm.utg225.15	125
evm.utg225.25	145
evm.utg225.28	113
evm.utg225.30	126
utg225.equina_smart_628297.mrna1	100
evm.utg225.33	136
utg225.equina_smart_757082.mrna1	50
evm.utg225.43	87
utg225.equina_smart_1404034.mrna1	116
evm.utg225.50	102
evm.utg225.57	102
evm.utg225.60	111
evm.utg225.61	109
evm.utg225.62	78
evm.utg225.64	55
evm.utg225.75	122
evm.utg225.83	99
evm.utg225.87	120
evm.utg225.88	96
evm.utg225.89	132
evm.utg225.92	139
evm.utg225.98	88
evm.utg225.102	125
evm.utg225.107	111
utg225.equina_smart_1124481.mrna2	51
evm.utg225.108	71
utg225.equina_smart_1732458.mrna9	59
evm.utg225.125	82
evm.utg225.126	70
evm.utg225.128	72
evm.utg225.131	91
evm.utg225.132	118
evm.utg225.133	87
evm.utg234.4	103
evm.utg234.5	79
evm.utg234.6	93
evm.utg234.12.1.5c22ed75	131
evm.utg234.14	80
evm.utg234.16	129
evm.utg234.17	105
evm.utg234.21	135
evm.utg234.29	130
evm.utg234.31	80
evm.utg234.33	107
evm.utg234.34	115
evm.utg234.37	110
evm.utg234.38	134
utg234.equina_smart_1444942.mrna4	97
utg234.equina_smart_1404200.mrna1	108
evm.utg234.40	98
evm.utg234.41	112
evm.utg234.43	76
evm.utg234.44	83
utg234.equina_smart_1404332.mrna1	70
utg234.equina_smart_1404218.mrna1	70
evm.utg234.50	136
evm.utg234.59	131
evm.utg234.61	78
evm.utg234.67	122
evm.utg234.70	135
evm.utg234.75	134
evm.utg234.76	149
evm.utg234.81	140
evm.utg234.84	67
evm.utg234.86.1.5c22ed78	115
evm.utg234.86	85
evm.utg234.91	94
utg234.equina_smart_69963.mrna1	141
evm.utg234.94	113
evm.utg234.96	117
evm.utg234.97	119
evm.utg234.98	116
evm.utg234.99	114
evm.utg234.108	125
utg234.equina_smart_1404252.mrna1	77
evm.utg234.110.1.5c22ed78	78
evm.utg234.110	96
evm.utg234.112	92
evm.utg234.113.1.5c22ed78	78
evm.utg234.113	96
evm.utg234.115	96
evm.utg234.119	79
evm.utg234.124	125
evm.utg234.125	136
evm.utg234.127	138
evm.utg234.130	114
evm.utg234.133	68
evm.utg234.134	114
utg234.evm.utg234.133.mrna2	68
evm.utg234.139	122
evm.utg234.141	137
evm.utg234.144	117
evm.utg234.146	72
evm.utg236.3	70
evm.utg236.10	88
evm.utg236.15	82
utg236.equina_smart_1404524.mrna1	62
evm.utg236.36	73
evm.utg236.39	126
evm.utg236.43	118
utg236.equina_smart_400274.mrna1	121
evm.utg236.45	112
evm.utg236.47	125
utg236.equina_smart_915825.mrna1	89
evm.utg236.52	95
evm.utg236.54	84
evm.utg237.7	145
evm.utg237.14	125
evm.utg237.15	78
evm.utg237.21	140
evm.utg237.23	93
evm.utg237.32	82
evm.utg237.34	73
evm.utg237.35	82
evm.utg237.36	132
evm.utg239.1	93
evm.utg239.7	97
evm.utg239.14	107
evm.utg239.17	104
evm.utg243.2	84
evm.utg243.3	95
evm.utg243.4	108
evm.utg243.5	74
evm.utg243.7	130
evm.utg243.10	143
evm.utg243.16	107
evm.utg243.17	103
evm.utg243.20	134
evm.utg243.21	104
evm.utg243.27	117
evm.utg243.29	101
evm.utg243.35	145
evm.utg243.47	109
evm.utg243.50	82
evm.utg243.52	72
evm.utg243.53	106
evm.utg243.54	74
evm.utg243.54.1.5c22eda6	74
evm.utg243.55	74
evm.utg243.60	70
evm.utg243.64	80
utg243.equina_smart_57527.mrna1	80
evm.utg243.65	86
utg243.equina_smart_301922.mrna1	69
utg243.equina_smart_1555422.mrna1	39
evm.utg243.89	83
evm.utg243.92	141
evm.utg245.7	87
evm.utg245.18	136
evm.utg245.29	81
utg245.equina_smart_1405094.mrna1	93
evm.utg245.39	127
utg245.equina_smart_384994.mrna1	60
evm.utg245.42	138
evm.utg245.44	106
evm.utg245.47	107
evm.utg245.54	119
evm.utg245.52	101
evm.utg245.53	120
evm.utg245.57	97
utg245.equina_smart_826176.mrna1	89
evm.utg245.63.2.5c22edae	134
evm.utg245.66	132
evm.utg245.67	81
evm.utg245.68	137
evm.utg245.69	88
evm.utg245.69.1.5c22edb1	89
evm.utg245.69.2.5c22edb1.1.5c279273	89
evm.utg245.69.2.5c22edb1.2.5c279273	89
evm.utg245.69.2.5c22edb1	87
evm.utg245.69.3.5c22edb1	89
utg245.equina_smart_622777.mrna6	122
utg245.equina_smart_21613.mrna1	129
evm.utg245.73	134
utg245.equina_smart_194154.mrna1	86
evm.utg245.76	145
evm.utg245.77	141
evm.utg245.80	71
evm.utg245.81	95
evm.utg255.1	91
evm.utg255.2	93
evm.utg255.6	88
evm.utg255.8	138
evm.utg255.9	137
evm.utg255.12	100
evm.utg255.22	70
utg255.equina_smart_1870055.mrna1	89
evm.utg255.35	148
evm.utg255.36	105
utg255.equina_smart_769755.mrna1	64
utg255.equina_smart_769755.mrna2	64
evm.utg256.1	126
evm.utg256.9.3.5c22edce.2.5c27928b	138
evm.utg256.19.1.5c22edd0	144
evm.utg256.23	139
evm.utg256.38	80
evm.utg256.41	74
evm.utg259.3	91
utg259.evm.utg26560.1.mrna2	71
evm.utg259.8	135
evm.utg259.10	144
evm.utg259.14	124
evm.utg259.15	136
evm.utg259.17	130
evm.utg259.19	93
evm.utg259.22	111
evm.utg259.23	118
evm.utg259.30	107
utg259.equina_smart_1405395utrorf.mrna1	102
evm.utg262.15	76
evm.utg262.21	147
evm.utg262.23	80
evm.utg262.29	129
evm.utg262.31	139
evm.utg262.32	133
utg262.equina_smart_73507.mrna2	84
evm.utg262.49	147
evm.utg262.50	142
evm.utg262.51	130
evm.utg262.78	110
evm.utg262.84	83
evm.utg268.9	100
evm.utg268.15	125
evm.utg268.17	129
evm.utg268.18	138
utg268.equina_smart_1566830.mrna1	111
evm.utg268.23	144
utg268.equina_smart_1706722.mrna1	59
evm.utg268.26	78
evm.utg268.29	144
evm.utg276.2.1.5c22ee2a	127
evm.utg276.2	149
evm.utg276.5	140
evm.utg276.6	125
evm.utg276.7	80
evm.utg276.13	91
utg276.equina_smart_896953.mrna1	105
evm.utg276.25	144
evm.utg276.28	110
evm.utg276.35	130
evm.utg276.45	134
utg276.equina_smart_578383.mrna1	120
evm.utg276.56	131
evm.utg276.57	112
evm.utg276.58	84
evm.utg279.12	84
evm.utg279.26	96
utg279.equina_smart_1054605.mrna1	145
evm.utg279.35	92
utg279.equina_smart_936165.mrna1	74
evm.utg279.48	115
evm.utg279.50	94
evm.utg279.51	88
utg279.equina_smart_56981.mrna2	92
evm.utg279.61	139
evm.utg279.63	146
evm.utg280.83	110
evm.utg280.84	129
evm.utg280.86	104
evm.utg280.5	91
evm.utg280.12	70
evm.utg280.15	141
evm.utg280.19	95
evm.utg280.20	124
evm.utg280.37	128
utg280.equina_smart_1406122.mrna1	132
utg280.equina_smart_1406124.mrna1	103
utg280.equina_smart_1354803.mrna3	65
evm.utg280.57	138
evm.utg280.58	102
evm.utg280.59	139
evm.utg280.65	132
evm.utg280.66	125
evm.utg280.76	109
evm.utg286.2	97
evm.utg286.3	70
evm.utg286.10	133
evm.utg286.17	147
evm.utg286.23	143
evm.utg286.29	148
evm.utg286.31	113
evm.utg288.8	138
utg288.equina_smart_1456594.mrna3	54
evm.utg288.9	90
evm.utg293.1	75
evm.utg293.4	100
evm.utg293.9	127
evm.utg293.10	142
evm.utg293.16	115
evm.utg293.32	105
evm.utg293.54	87
evm.utg293.68	85
evm.utg293.70	102
evm.utg293.71	102
evm.utg293.73	145
evm.utg293.76	85
evm.utg298.1.1.5c22ee78	143
evm.utg298.4	102
evm.utg298.17	76
evm.utg298.19	111
evm.utg298.21.1.5c22ee78	132
evm.utg298.23	116
evm.utg298.23.1.5c22ee77	86
evm.utg298.25	80
evm.utg298.28	114
evm.utg298.31	113
evm.utg298.34	89
evm.utg298.35	70
evm.utg298.35.1.5c22ee77	70
evm.utg298.38	139
evm.utg298.43	93
evm.utg298.45	88
evm.utg298.47	93
evm.utg298.49	149
evm.utg298.50	99
evm.utg298.52	140
evm.utg298.55	127
evm.utg298.59	110
evm.utg298.70	113
evm.utg298.71	92
evm.utg298.73	101
evm.utg298.76	134
evm.utg298.77	89
evm.utg298.79	89
evm.utg298.82	147
evm.utg298.85	125
evm.utg298.86	146
evm.utg298.91	113
evm.utg298.93	87
evm.utg298.94	88
evm.utg298.111	73
evm.utg298.112	73
evm.utg298.116	87
evm.utg298.117	138
evm.utg298.118	90
evm.utg300.1	71
evm.utg300.2	102
evm.utg300.3	128
evm.utg300.4	81
evm.utg300.5	71
evm.utg300.6	97
evm.utg300.16	141
evm.utg300.22	135
evm.utg300.23	92
evm.utg300.28	132
utg300.equina_smart_1266593.mrna1	145
evm.utg300.49	84
evm.utg300.54	94
evm.utg300.58	133
evm.utg300.58.1.5c22ee84	133
evm.utg300.57	141
evm.utg300.65	77
utg300.equina_smart_984856.mrna12	49
evm.utg300.69	109
evm.utg301.15	104
evm.utg301.21	98
evm.utg301.22	92
utg301.equina_smart_341645.mrna1	46
evm.utg301.29	136
evm.utg301.31	133
evm.utg301.33	85
evm.utg301.64	75
evm.utg301.72	116
utg301.equina_smart_1688928.mrna4	42
utg301.equina_smart_690311.mrna1	57
evm.utg301.79	130
evm.utg301.87	133
evm.utg301.98	92
evm.utg301.108	106
evm.utg301.111	82
evm.utg301.112	80
evm.utg301.115	93
evm.utg301.117	104
evm.utg301.127	135
evm.utg301.135	91
evm.utg301.141	68
evm.utg301.142	99
evm.utg301.151	80
evm.utg301.155	89
evm.utg301.158	70
evm.utg301.162	83
evm.utg302.1	86
evm.utg302.4	97
utg302.equina_smart_980660.mrna1	78
utg302.equina_smart_1054774.mrna1	79
evm.utg302.16	74
utg302.equina_smart_1524574.mrna1	40
utg307.equina_smart_1778237.mrna4	50
evm.utg307.4.1.5c22eeb9	137
evm.utg307.11	130
evm.utg307.14	146
evm.utg307.18	88
evm.utg307.19	119
evm.utg307.20	113
evm.utg307.28	123
utg307.equina_smart_51672.mrna1	84
evm.utg307.29	131
evm.utg307.35	92
evm.utg307.38	77
evm.utg307.37	134
evm.utg307.39	98
evm.utg309.1	122
evm.utg309.3	115
evm.utg309.4	80
evm.utg309.5	115
evm.utg309.7	148
evm.utg309.9	97
evm.utg309.12	137
evm.utg309.18	74
evm.utg309.22	97
evm.utg309.31	115
evm.utg309.38.1.5c22eec1	129
evm.utg309.38.1.5c22eec1.1.5c279351	93
utg309.equina_smart_1407224.mrna1	81
evm.utg320.1	126
evm.utg320.2	95
evm.utg320.6.1.5c22eef2	67
evm.utg320.6.2.5c22eef2	69
evm.utg320.6	67
evm.utg320.10	126
evm.utg320.10.1.5c22eef3	129
evm.utg320.15	85
evm.utg320.22	113
evm.utg320.28	123
evm.utg320.32	129
evm.utg320.34	75
evm.utg320.35	108
evm.utg320.41	139
evm.utg320.50	88
utg320.equina_smart_1385170.mrna1	53
evm.utg320.55	145
evm.utg320.61	84
evm.utg320.65	119
evm.utg320.68	77
evm.utg320.72	80
evm.utg320.74	89
utg320.equina_smart_1407557.mrna1	97
evm.utg320.84	121
evm.utg320.102	114
evm.utg320.102.1.5c22eef6	89
evm.utg320.106	110
evm.utg320.108	81
utg320.equina_smart_941344.mrna1	101
evm.utg320.120	90
evm.utg320.121	83
evm.utg320.143	83
evm.utg320.152.1.5c22eefa	142
evm.utg320.152.1.5c22eefa.1.5c279383	110
evm.utg320.154	73
evm.utg324.5	70
utg324.equina_smart_1438270.mrna3	86
evm.utg324.11	96
evm.utg324.15	111
evm.utg324.19	134
evm.utg324.21	81
evm.utg324.26	95
evm.utg324.42	79
evm.utg324.44	92
evm.utg324.46	101
evm.utg324.47	67
evm.utg324.54	96
evm.utg324.56	119
evm.utg324.73	129
evm.utg324.77	87
evm.utg324.89	80
evm.utg324.90	72
evm.utg324.93	122
utg324.equina_smart_1386580.mrna1	101
utg324.equina_smart_1407840.mrna1	145
evm.utg324.98	132
evm.utg324.99	78
evm.utg324.104	122
evm.utg324.107	121
evm.utg324.108	117
evm.utg324.109	105
evm.utg324.117	80
evm.utg324.120	116
evm.utg324.121	134
evm.utg324.132	78
evm.utg324.133	148
evm.utg324.134	148
evm.utg324.135	148
evm.utg324.139	119
evm.utg324.140	69
evm.utg324.144	130
evm.utg324.149	118
evm.utg324.155	131
evm.utg324.156	97
utg324.equina_smart_198480.mrna1	82
evm.utg324.157	80
utg324.equina_smart_89491.mrna1	57
utg324.equina_smart_989148.mrna2	90
evm.utg324.174	149
evm.utg324.177	72
evm.utg324.178	80
evm.utg324.178.1.5c22ef2a	80
evm.utg324.184	70
evm.utg324.187	112
evm.utg332.4	102
evm.utg334.9	127
evm.utg334.11	138
evm.utg334.12	81
evm.utg334.15	147
evm.utg334.18	133
evm.utg334.20	84
evm.utg334.33	116
evm.utg334.34	102
evm.utg334.35	93
evm.utg334.42	119
evm.utg334.50	70
evm.utg334.53	113
evm.utg334.63	138
evm.utg334.64	86
evm.utg334.65	117
evm.utg334.76	68
evm.utg334.81	76
evm.utg334.82	142
evm.utg338.1	90
evm.utg338.23	124
evm.utg338.25	143
evm.utg338.26	142
evm.utg338.27	147
utg338.equina_smart_73507.mrna1	84
evm.utg338.49	143
evm.utg338.53	86
evm.utg338.67	110
evm.utg338.74	80
evm.utg338.86	81
evm.utg338.90	142
evm.utg338.99	84
evm.utg344.3	89
evm.utg344.5	108
evm.utg344.9	146
evm.utg344.11	97
evm.utg344.12	139
evm.utg344.13	114
evm.utg344.14	109
evm.utg344.24	113
evm.utg344.29	86
evm.utg344.45	103
evm.utg344.47	142
evm.utg344.48	68
utg344.equina_smart_1721989.mrna1	100
evm.utg344.54	110
evm.utg344.58	143
evm.utg344.63	78
evm.utg344.65	83
evm.utg344.66	69
evm.utg344.71	113
evm.utg344.72	88
evm.utg344.84	94
evm.utg344.95	105
evm.utg347.2	111
evm.utg347.10	143
evm.utg347.15	144
evm.utg347.15.1.5c22ef69	144
evm.utg347.17	131
evm.utg347.19	149
evm.utg348.4	76
evm.utg348.9	134
utg348.equina_smart_991203.mrna1	123
evm.utg348.10	82
utg348.equina_smart_1408662.mrna1	100
evm.utg349.3	145
evm.utg351.14	122
evm.utg351.20.1.5c22ef79	62
evm.utg351.20	82
utg351.equina_smart_1408742.mrna1	47
evm.utg356.8	145
evm.utg356.13.1.5c22ef99	80
evm.utg356.13	80
evm.utg356.15	143
evm.utg356.19	102
evm.utg356.20	130
evm.utg356.31	108
utg356.equina_smart_1574100.mrna1	45
evm.utg356.40	106
evm.utg356.48	145
evm.utg356.56	86
evm.utg356.68	130
evm.utg356.71	102
evm.utg356.78	89
evm.utg356.80	139
evm.utg356.85	107
evm.utg356.91	104
evm.utg356.96	90
evm.utg356.102	80
evm.utg356.110	133
evm.utg356.120	146
evm.utg356.129	95
evm.utg356.143	137
evm.utg356.147	68
evm.utg356.168	107
evm.utg356.169	124
evm.utg358.2	80
evm.utg359.1	76
utg359.evm.utg3921.7.mrna2	136
evm.utg359.3	68
evm.utg359.5	129
evm.utg359.8	130
evm.utg359.25	113
evm.utg359.26	102
utg359.equina_smart_1070295.mrna3	148
evm.utg359.39	79
evm.utg359.43	105
evm.utg363.7	146
utg364.equina_smart_1779682.mrna1	51
evm.utg364.19	128
utg364.equina_smart_1065413.mrna1	74
evm.utg364.27	105
utg364.evm.utg1056.37.mrna10	105
evm.utg364.60	117
evm.utg370.15	146
utg370.equina_smart_620817.mrna1	124
utg370.equina_smart_1409479.mrna1	55
evm.utg370.43	95
evm.utg370.45	136
evm.utg370.50	119
evm.utg370.53	149
evm.utg370.57	120
evm.utg370.58	131
evm.utg370.62	93
evm.utg370.64	70
evm.utg370.68	95
evm.utg370.69	95
evm.utg370.73	146
evm.utg370.75	141
evm.utg370.78	84
evm.utg370.92	75
evm.utg370.93	88
evm.utg370.94	135
evm.utg370.100	134
evm.utg372.5	124
evm.utg372.6	75
evm.utg372.10	106
evm.utg372.11	148
utg372.equina_smart_921767.mrna1	77
evm.utg372.16	79
evm.utg372.18	98
evm.utg372.21	123
evm.utg372.30	107
evm.utg372.30.1.5c22efc9	91
evm.utg372.41	100
evm.utg372.51	136
utg375.equina_smart_1611947.mrna5	107
evm.utg376.2	72
utg376.equina_smart_871665.mrna1	114
evm.utg376.3	87
evm.utg376.7	114
evm.utg376.11	78
evm.utg376.13	140
evm.utg376.22	144
evm.utg376.24	84
evm.utg376.31	68
evm.utg376.32	105
evm.utg376.33	142
evm.utg376.39	127
evm.utg376.42	102
evm.utg376.48	86
evm.utg376.58	92
evm.utg376.58.1.5c279432	82
evm.utg376.59	130
evm.utg376.60	129
utg376.equina_smart_1752506.mrna1	54
evm.utg376.69	120
evm.utg376.71	112
evm.utg376.73	136
evm.utg376.74	88
evm.utg377.7	144
evm.utg377.13	99
utg377.equina_smart_1885304.mrna1	79
evm.utg377.22	108
utg377.evm.utg2099.57.mrna2	125
evm.utg377.25	90
evm.utg377.43	88
evm.utg377.44	92
evm.utg378.1	80
utg378.equina_smart_1262446.mrna2	100
evm.utg378.8	98
utg378.equina_smart_1260081.mrna1	115
utg378.equina_smart_1410247.mrna1	135
utg378.equina_smart_1293673.mrna1	62
utg378.equina_smart_1470661utrorf.mrna2	118
utg378.equina_smart_1458578.mrna2	93
evm.utg378.119	117
evm.utg378.123	107
evm.utg378.129	128
evm.utg378.133	126
evm.utg378.134	109
evm.utg378.137	139
evm.utg378.139	136
utg378.equina_smart_570029.mrna6	37
evm.utg378.150	124
evm.utg378.159	123
evm.utg378.166	112
evm.utg378.170	145
utg378.equina_smart_1743202.mrna8	62
evm.utg378.182	148
evm.utg378.186	104
evm.utg379.4	130
evm.utg379.12	95
evm.utg379.17	120
evm.utg379.20	103
evm.utg379.28	111
evm.utg379.29	122
evm.utg379.30	106
evm.utg379.31	114
evm.utg379.42	105
evm.utg379.60	128
evm.utg379.63	89
evm.utg379.70	112
evm.utg379.77	140
evm.utg379.93	106
evm.utg379.94	114
evm.utg379.97.2.5c22eff5	123
evm.utg379.97.1.5c22eff5	117
evm.utg379.97	122
evm.utg379.97.3.5c22eff5	122
utg379.equina_smart_919633.mrna2	84
utg379.equina_smart_1688928.mrna8	42
utg379.evm.utg4610.11.mrna5	125
utg379.evm.utg2129.56.mrna11	116
utg381.equina_smart_1410674.mrna1	47
evm.utg381.7	100
utg381.equina_smart_1039882.mrna1	76
evm.utg381.8	85
evm.utg381.9	84
evm.utg381.14	114
utg381.equina_smart_1410787utrorf.mrna1	107
evm.utg381.28	78
evm.utg381.41	149
evm.utg381.41.1.5c22efff	141
evm.utg381.41.2.5c22efff	141
evm.utg381.50	125
evm.utg381.53	142
evm.utg381.61	103
evm.utg381.67	123
evm.utg381.67.1.5c22f004	125
utg381.equina_smart_253692.mrna1	41
evm.utg382.2.1.5c22f002	114
evm.utg382.16	69
evm.utg382.17	72
evm.utg382.25	133
evm.utg382.25.1.5c22f004	119
evm.utg382.25.1.5c22f004.1.5c27945e	123
evm.utg382.33	83
evm.utg382.34.2.5c22f005	149
evm.utg382.35	100
evm.utg382.39	71
evm.utg382.39.1.5c22f005	51
evm.utg382.40	130
evm.utg382.41	85
utg382.equina_smart_1411023.mrna1	88
evm.utg382.42	79
evm.utg382.43	92
utg382.equina_smart_263936.mrna1	107
evm.utg382.46	114
evm.utg382.52	73
utg386.equina_smart_1711328.mrna3	50
evm.utg386.3	115
evm.utg386.12	77
evm.utg386.18	148
evm.utg386.20	102
evm.utg386.21	127
evm.utg386.34	110
evm.utg386.37	86
evm.utg386.42.1.5c22f01e	122
evm.utg386.46	115
evm.utg386.52	118
utg388.evm.utg820.12.mrna7	78
utg388.equina_smart_337793.mrna2	109
utg388.equina_smart_563588.mrna1	109
utg388.equina_smart_1411194.mrna1	71
utg388.equina_smart_1411195.mrna1	141
evm.utg388.15	93
evm.utg389.9	99
evm.utg389.16	145
evm.utg389.17	134
evm.utg389.19	75
evm.utg389.22	83
evm.utg389.27	122
evm.utg389.34	113
evm.utg389.35	149
evm.utg389.49	70
utg389.equina_smart_1145485.mrna1	94
evm.utg389.57	143
utg389.equina_smart_912362.mrna1	133
evm.utg389.71	137
evm.utg389.72	117
evm.utg389.73	144
evm.utg389.75	145
evm.utg389.76	147
evm.utg389.78	78
evm.utg389.80	129
evm.utg389.84	89
utg389.evm.utg1897.22.mrna2	144
evm.utg389.89	109
utg389.evm.utg324.133.mrna2	148
evm.utg395.2	125
evm.utg395.7	126
evm.utg395.9	95
evm.utg395.12	74
evm.utg395.13	107
evm.utg395.16	117
evm.utg395.18	96
evm.utg395.24	120
evm.utg395.27	68
evm.utg395.29	71
evm.utg395.34	119
evm.utg395.36	124
evm.utg395.37	70
evm.utg395.39	118
evm.utg395.43	89
evm.utg395.45	123
evm.utg395.49	82
evm.utg395.50	127
evm.utg395.56	96
evm.utg395.57	83
evm.utg395.58	107
evm.utg395.60	149
evm.utg395.68	134
evm.utg401.2	128
utg401.equina_smart_170331.mrna10	76
evm.utg401.11	95
evm.utg401.23	105
evm.utg401.25	140
evm.utg401.24	101
utg401.equina_smart_1411578.mrna1	87
evm.utg401.43	126
utg401.equina_smart_1621439.mrna1	123
evm.utg401.56	99
utg401.equina_smart_1621374.mrna2	38
utg401.equina_smart_1018742utrorf.mrna1	108
evm.utg401.63	75
evm.utg401.64	134
evm.utg401.66	106
evm.utg401.72	115
evm.utg401.83	116
evm.utg401.84	119
evm.utg402.5	124
evm.utg402.23	122
evm.utg402.32	140
evm.utg402.33	100
evm.utg402.36	88
evm.utg405.1	91
evm.utg405.10	102
evm.utg405.17	81
evm.utg405.18	98
evm.utg405.23	133
evm.utg405.59	70
evm.utg405.68	107
evm.utg405.69	141
evm.utg405.70	70
evm.utg405.75	78
utg405.evm.utg2716.12.mrna1	84
evm.utg405.93	148
evm.utg407.3	124
evm.utg407.6	82
evm.utg407.7	105
evm.utg407.10	133
evm.utg408.16	137
evm.utg408.17	74
evm.utg408.23	106
evm.utg408.26	145
evm.utg408.29	149
evm.utg408.37	101
evm.utg408.39	114
evm.utg408.44	126
evm.utg408.45	126
evm.utg408.46	87
evm.utg410.7	73
evm.utg410.9	135
utg410.equina_smart_1867654.mrna11	44
evm.utg410.10	76
utg410.equina_smart_1411840.mrna1	61
evm.utg410.12	119
evm.utg411.1	107
evm.utg411.10	82
utg411.equina_smart_1411875.mrna1	93
evm.utg411.17	126
evm.utg411.18	134
evm.utg411.29.1.5c22f071	113
evm.utg411.29.1.5c22f071.1.5c2794bd	89
evm.utg411.33	112
evm.utg411.54	71
evm.utg411.55	107
utg411.equina_smart_1533327.mrna1	51
evm.utg411.63	140
evm.utg411.64	145
evm.utg411.70	138
evm.utg411.77	90
evm.utg411.81	116
evm.utg411.87	128
evm.utg411.106	74
evm.utg411.111	77
evm.utg411.112	68
utg411.equina_smart_1740983.mrna1	69
evm.utg411.122	114
evm.utg411.124	122
evm.utg411.124.1.5c22f07c	130
evm.utg411.126	119
evm.utg411.141	109
evm.utg411.150	86
evm.utg411.151	70
evm.utg413.1	127
utg413.equina_smart_1412310.mrna1	139
utg413.equina_smart_1412299utrorf.mrna1	123
utg413.equina_smart_1466543.mrna2	62
utg413.equina_smart_1412310.mrna2	139
utg413.equina_smart_745625.mrna1	102
evm.utg413.22	90
evm.utg413.24	136
evm.utg413.29	88
evm.utg413.32	90
evm.utg413.36	124
evm.utg413.51	111
evm.utg413.53	122
evm.utg413.54	126
evm.utg413.55	125
evm.utg415.1	123
evm.utg415.2	94
evm.utg415.4	140
evm.utg415.7	76
evm.utg415.12	149
evm.utg415.14	114
evm.utg415.19	75
evm.utg415.23	76
utg415.equina_smart_445360.mrna1	91
utg415.equina_smart_816806.mrna1	87
utg415.equina_smart_1412428.mrna1	84
utg415.equina_smart_1806938.mrna1	77
utg415.equina_smart_1412435.mrna1	138
utg415.equina_smart_1412439.mrna1	41
evm.utg415.28	145
evm.utg415.29	144
evm.utg415.38	79
evm.utg415.51	139
evm.utg415.57	75
utg415.equina_smart_1601823.mrna1	67
evm.utg415.69	78
utg415.equina_smart_1602228.mrna1	94
evm.utg415.97	111
evm.utg415.97.1.5c22f088	96
evm.utg415.104	132
evm.utg415.109	103
evm.utg415.110	147
evm.utg415.123	80
evm.utg415.127	73
evm.utg415.128	84
utg415.equina_smart_1412569.mrna1	64
utg415.equina_smart_1412732.mrna1	119
utg415.equina_smart_1412733.mrna1	141
evm.utg415.134.1.5c22f08b	145
evm.utg415.137.1.5c22f097.1.5c2794db	139
evm.utg417.2	123
evm.utg417.3	129
evm.utg417.4	140
evm.utg417.5	78
evm.utg417.8	67
evm.utg417.12	76
evm.utg417.27	75
evm.utg417.43	109
evm.utg417.44	119
evm.utg417.45	88
evm.utg417.46	129
evm.utg417.47	128
evm.utg417.48	144
evm.utg418.13	81
evm.utg418.14	99
evm.utg418.20	67
evm.utg418.26	146
utg418.evm.utg6875.9.mrna3	90
evm.utg418.38	144
utg418.equina_smart_657794.mrna4	71
utg418.equina_smart_1524574.mrna9	40
evm.utg418.48	125
evm.utg418.51	142
evm.utg418.53	85
utg418.equina_smart_506545.mrna1	111
utg418.equina_smart_1412840.mrna1	135
evm.utg418.69	121
evm.utg418.71	139
evm.utg418.77	68
evm.utg418.78	115
evm.utg418.84	145
evm.utg418.87	94
evm.utg418.89	77
evm.utg418.94	100
evm.utg420.6	85
evm.utg420.6.1.5c22f0ad	78
utg420.equina_smart_56931.mrna1	50
evm.utg420.11	138
evm.utg420.12	131
evm.utg420.13	142
evm.utg420.16	128
evm.utg420.17	81
evm.utg420.19	135
evm.utg420.21	67
evm.utg420.43	146
utg420.equina_smart_1860433.mrna2	109
utg420.equina_smart_842254.mrna1	92
utg420.equina_smart_1413095.mrna1	106
utg420.equina_smart_1688928.mrna5	42
utg420.equina_smart_1412981.mrna1	98
evm.utg420.69	85
evm.utg420.72	94
evm.utg420.73	148
evm.utg420.75	91
evm.utg420.79	148
evm.utg420.83	103
evm.utg420.85	103
evm.utg420.89	145
evm.utg420.89.1.5c22f0b0	119
evm.utg420.91	108
evm.utg420.99.1.5c22f0b7	97
evm.utg420.99	79
evm.utg420.101	125
evm.utg420.101.1.5c22f0b1	92
evm.utg420.104	89
utg420.equina_smart_458796.mrna1	52
evm.utg420.124	143
evm.utg420.124.1.5c2794f2	120
evm.utg420.129	85
evm.utg420.129.1.5c22f0b2	85
utg420.equina_smart_1149487.mrna2	110
evm.utg431.19	136
evm.utg431.37	100
evm.utg431.45	93
evm.utg431.47.1.5c22f0d6	141
evm.utg431.47.1.5c22f0d6.1.5c27950f	115
evm.utg432.2	145
evm.utg432.7	106
evm.utg432.17	115
evm.utg432.18	102
evm.utg432.20	108
evm.utg432.31	145
evm.utg432.36	146
evm.utg432.36.1.5c22f0e9	145
evm.utg432.46	94
evm.utg432.48	97
evm.utg432.52	89
evm.utg432.53	103
evm.utg432.58	126
evm.utg432.71	131
evm.utg432.76	110
evm.utg432.78.2.5c22f0eb	138
evm.utg432.79	141
evm.utg432.80.3.5c22f0e2.1.5c27951d	115
evm.utg432.80.3.5c22f0e2	146
evm.utg432.83	86
evm.utg432.115	138
evm.utg432.117	105
utg432.equina_smart_1542527.mrna1	59
utg432.equina_smart_1413652.mrna1	141
utg432.equina_smart_1442560.mrna1	37
evm.utg432.143.1.5c22f0e6	132
evm.utg432.155	129
evm.utg435.4	92
evm.utg435.8	74
evm.utg435.9	80
utg435.equina_smart_56444.mrna1	80
evm.utg435.20	71
utg435.equina_smart_1413736.mrna1	93
evm.utg435.27	94
evm.utg435.28	117
evm.utg435.31	87
evm.utg435.31.1.5c22f0e4	87
evm.utg435.32	110
evm.utg435.33	79
evm.utg435.42	73
evm.utg435.52	123
evm.utg435.57	76
evm.utg435.62	107
evm.utg435.66	132
evm.utg435.69	80
evm.utg435.70	86
evm.utg435.71	73
evm.utg435.83	104
evm.utg435.89	136
evm.utg436.8	83
evm.utg436.10	94
evm.utg436.11	96
evm.utg436.12	96
evm.utg436.13	96
evm.utg436.23	128
evm.utg436.24	101
evm.utg436.25	131
evm.utg436.26	91
evm.utg436.36	87
evm.utg436.42	142
evm.utg436.48	110
evm.utg436.50	104
evm.utg436.52	125
evm.utg438.1.1.5c22f0f3.1.5c279527	141
utg438.equina_smart_1688928.mrna6	42
evm.utg438.10	73
evm.utg438.18	106
evm.utg438.20	112
evm.utg439.14	95
evm.utg439.17	138
evm.utg439.21	91
utg439.equina_smart_1136378.mrna1	116
utg439.evm.utg1056.37.mrna4	109
evm.utg439.28	95
evm.utg439.29	95
evm.utg439.42	125
evm.utg439.48	99
evm.utg441.1	88
evm.utg441.6	148
evm.utg441.8	149
evm.utg441.9	147
evm.utg441.10	148
utg441.evm.utg324.133.mrna6	148
evm.utg441.24	133
evm.utg441.29	126
evm.utg441.30	116
evm.utg441.34	127
evm.utg441.35	126
evm.utg441.36	116
evm.utg441.42	113
evm.utg441.45	91
evm.utg441.46	75
evm.utg441.48	115
evm.utg456.3	141
evm.utg456.5	89
evm.utg456.6	142
evm.utg456.7	124
evm.utg456.12	106
evm.utg456.26	72
evm.utg456.27	93
evm.utg456.31	104
evm.utg456.32	106
evm.utg456.34	103
evm.utg456.52	130
evm.utg456.63	122
evm.utg456.64	128
evm.utg456.65	81
evm.utg456.69	145
evm.utg456.70	117
evm.utg463.5	136
evm.utg463.7	106
evm.utg464.2	132
evm.utg464.3	145
evm.utg464.4	107
evm.utg464.5	122
evm.utg464.7	137
evm.utg464.13	84
evm.utg464.14	130
evm.utg464.20	132
evm.utg464.27	122
evm.utg464.28	118
evm.utg464.29	92
evm.utg464.31	123
utg464.equina_smart_1414382.mrna1	61
evm.utg464.40	87
evm.utg464.42	75
evm.utg464.43	89
evm.utg464.45	126
evm.utg464.49	140
evm.utg464.57	125
evm.utg464.58	123
evm.utg464.60	110
evm.utg464.63	102
evm.utg464.66	114
evm.utg464.70	130
evm.utg464.72	122
evm.utg464.74	106
evm.utg464.77	107
evm.utg464.79	133
evm.utg464.80	106
evm.utg464.87	70
evm.utg464.89	116
evm.utg464.90	129
evm.utg464.93	91
evm.utg464.95	86
evm.utg464.99	118
evm.utg464.101	113
evm.utg464.102	112
evm.utg464.114	93
evm.utg464.117	97
evm.utg464.118	119
evm.utg464.119	103
utg464.equina_smart_531790.mrna7	96
evm.utg464.126	79
evm.utg464.128	138
evm.utg464.131	141
evm.utg464.132	130
evm.utg464.133	76
evm.utg464.135	148
evm.utg464.136	142
evm.utg464.138	118
evm.utg464.140	114
evm.utg464.143	139
evm.utg464.147	97
evm.utg464.148	87
evm.utg464.149	128
evm.utg464.153	88
evm.utg464.154	127
evm.utg464.155	115
evm.utg464.156	134
evm.utg464.157	100
evm.utg464.162	138
evm.utg464.166	132
evm.utg464.167	89
evm.utg464.169	128
evm.utg464.171	134
utg464.equina_smart_1414442.mrna1	118
evm.utg464.174	84
evm.utg464.175	126
evm.utg464.187	93
evm.utg464.193	128
evm.utg464.197	83
evm.utg464.200	86
evm.utg464.206	111
evm.utg464.210	99
evm.utg464.211	141
evm.utg464.221	92
evm.utg464.223	109
evm.utg464.225	125
evm.utg464.228	139
evm.utg464.229	69
evm.utg464.230	100
evm.utg464.231	91
evm.utg464.236	107
evm.utg464.237	120
utg467.equina_smart_496225.mrna1	52
evm.utg467.1	99
evm.utg467.4	127
evm.utg467.12	147
evm.utg467.18	101
evm.utg467.30	134
evm.utg467.33	88
evm.utg469.1	103
evm.utg469.10	99
evm.utg470.2	136
evm.utg470.6	68
evm.utg470.18	118
utg470.equina_smart_1414577utrorf.mrna1	128
utg470.equina_smart_1546483.mrna1	70
utg470.equina_smart_1022194.mrna1	67
evm.utg470.48	146
evm.utg470.48.1.5c22f140	145
evm.utg470.52	147
evm.utg470.54.1.5c22f140	123
evm.utg470.66	146
evm.utg470.90	85
evm.utg477.20	82
evm.utg477.24	141
utg479.equina_smart_1896045.mrna2	39
evm.utg479.14	126
evm.utg479.15	67
evm.utg479.22	137
evm.utg479.25	76
evm.utg479.37	84
evm.utg479.49	95
evm.utg479.52	100
evm.utg479.54	97
utg479.equina_smart_177996.mrna1	57
evm.utg479.55	70
evm.utg479.56	72
evm.utg479.61	73
evm.utg479.63	110
evm.utg479.65	89
evm.utg479.66	88
evm.utg479.69	144
evm.utg479.74	69
evm.utg479.76	67
evm.utg479.110	133
evm.utg479.113	67
evm.utg479.115	70
evm.utg479.116	76
utg479.equina_smart_1415095.mrna1	37
evm.utg479.129	145
evm.utg479.131	136
evm.utg479.132	142
evm.utg479.136	111
evm.utg479.138	86
evm.utg479.143	122
evm.utg479.145	126
evm.utg479.150	124
evm.utg479.151	77
evm.utg479.152	75
utg479.equina_smart_1127904.mrna1	33
evm.utg479.155	106
evm.utg479.159	81
evm.utg479.161	131
evm.utg479.163	135
utg479.equina_smart_1205587.mrna4	95
evm.utg479.171	96
evm.utg479.171.1.5c22f158	96
evm.utg479.183	135
evm.utg479.184	111
evm.utg479.186.1.5c22f164	119
evm.utg483.4	133
evm.utg483.6	106
utg483.equina_smart_738906.mrna1	68
evm.utg483.10	76
evm.utg483.11	111
evm.utg483.16	108
evm.utg483.25	148
evm.utg483.26	107
evm.utg483.30	110
evm.utg483.33	68
evm.utg483.35	135
evm.utg483.40	79
evm.utg483.51	101
evm.utg483.54	71
evm.utg483.56	124
evm.utg483.57	70
evm.utg485.4	119
evm.utg494.1	84
evm.utg494.3	94
evm.utg494.4	94
evm.utg494.5	126
evm.utg494.7	140
evm.utg494.15	99
evm.utg494.16	136
evm.utg494.18	127
evm.utg494.23	105
evm.utg494.28	90
evm.utg494.32	133
evm.utg496.5	145
evm.utg496.14	87
evm.utg496.19	84
utg496.equina_smart_1617407.mrna3	39
evm.utg496.34	94
evm.utg498.22	77
evm.utg498.22.1.5c2795b8	77
evm.utg498.26	136
evm.utg498.30	135
evm.utg498.33	122
evm.utg498.35	141
evm.utg498.59	125
evm.utg498.63	82
evm.utg498.70.1.5c22f1a5.1.5c2795b9	124
evm.utg498.71	116
evm.utg498.88	139
evm.utg498.92	136
evm.utg498.93	98
evm.utg498.94	118
evm.utg498.106	131
evm.utg498.111	86
evm.utg498.120	86
utg498.equina_smart_480605.mrna1	127
evm.utg498.140.1.5c2795bb	130
evm.utg498.143	131
utg498.equina_smart_1416103.mrna1	135
evm.utg498.171	122
evm.utg498.176	76
utg498.equina_smart_989982.mrna1	69
evm.utg498.185	109
evm.utg498.195	101
evm.utg498.196	141
evm.utg498.197	89
evm.utg501.1	77
evm.utg501.2	130
evm.utg501.7	134
evm.utg501.14	132
utg501.equina_smart_1416295.mrna1	56
utg501.equina_smart_1416296.mrna1	99
evm.utg501.15	93
evm.utg501.16	138
evm.utg501.19	100
utg501.equina_smart_1531725.mrna2	101
utg501.equina_smart_285528.mrna1	52
utg501.equina_smart_1425907.mrna2	131
evm.utg505.2	115
evm.utg505.3	121
evm.utg505.4	112
evm.utg505.8	121
evm.utg505.9	76
evm.utg505.10	106
evm.utg505.12	101
evm.utg505.15	146
evm.utg505.18	71
evm.utg505.19	121
evm.utg505.21	89
evm.utg505.25	105
evm.utg505.28	70
evm.utg505.30	98
evm.utg505.37	146
evm.utg505.38	123
evm.utg505.39	113
evm.utg505.44	92
evm.utg505.53	130
evm.utg505.58	133
evm.utg505.59	111
evm.utg505.61	75
evm.utg505.68	84
evm.utg505.71	138
evm.utg505.74	119
evm.utg505.76	140
evm.utg505.78	73
evm.utg505.80	125
evm.utg512.11.1.5c22f1be	125
evm.utg512.17	147
utg512.equina_smart_1416477.mrna1	124
utg512.equina_smart_657794.mrna5	71
utg512.equina_smart_1524574.mrna2	40
evm.utg512.53	76
evm.utg512.55	108
evm.utg512.59	109
utg512.equina_smart_221989.mrna2	148
evm.utg512.68	106
evm.utg512.69	105
evm.utg512.70	101
evm.utg512.71	92
evm.utg512.72	138
evm.utg512.75	110
evm.utg512.76	137
evm.utg512.77	82
evm.utg512.81	139
evm.utg514.3	127
evm.utg514.7	80
evm.utg522.1	132
evm.utg522.16	73
evm.utg522.17	111
evm.utg522.18	93
evm.utg522.21	123
utg522.equina_smart_972692.mrna1	70
evm.utg522.24	147
evm.utg522.39	90
evm.utg522.41	149
evm.utg522.42	88
evm.utg526.4	145
evm.utg526.7	83
evm.utg526.11.2.5c22f1d9.1.5c2795e6	149
evm.utg526.14	74
utg526.equina_smart_343125.mrna2	119
evm.utg526.20	112
evm.utg526.20.1.5c22f1d9	106
evm.utg526.26	100
evm.utg530.9	105
evm.utg530.10	127
utg530.equina_smart_765453.mrna2	125
evm.utg530.16	72
evm.utg530.21	124
evm.utg532.2	81
evm.utg532.17	101
evm.utg532.21	88
evm.utg535.11	143
evm.utg535.12	122
evm.utg535.13	107
evm.utg535.18	120
evm.utg535.26	129
evm.utg535.30	148
evm.utg535.33	125
evm.utg535.38	111
evm.utg536.2	80
evm.utg536.3	126
evm.utg536.5	138
evm.utg536.10	110
evm.utg536.11	107
evm.utg536.12	99
evm.utg536.20	107
utg536.equina_smart_538344.mrna2	81
utg536.equina_smart_1268737.mrna1	49
evm.utg536.33	133
evm.utg536.37	141
evm.utg536.57	134
evm.utg536.61	118
evm.utg536.66	128
evm.utg536.71	119
evm.utg536.79	101
evm.utg536.80	108
evm.utg536.82	122
evm.utg536.92	117
evm.utg536.97	64
evm.utg540.1	142
evm.utg540.2	78
evm.utg540.15	126
evm.utg540.16	91
evm.utg540.20	114
evm.utg540.21	86
evm.utg540.23	100
evm.utg540.24	144
evm.utg540.26	132
evm.utg540.36	98
evm.utg540.37	148
evm.utg540.42	132
evm.utg540.52	115
evm.utg540.53	117
evm.utg540.55	112
evm.utg540.57	135
evm.utg540.58	105
evm.utg540.59	126
evm.utg540.61	137
evm.utg540.64	71
evm.utg542.3	149
evm.utg542.13	121
evm.utg542.15	118
evm.utg542.17	113
evm.utg542.21	142
evm.utg542.30	102
evm.utg542.35	86
evm.utg542.36	87
evm.utg542.40	93
evm.utg542.41	71
evm.utg542.43	69
evm.utg542.46	88
evm.utg542.50	109
evm.utg542.52	121
evm.utg542.58	115
evm.utg542.64	136
evm.utg542.68	82
evm.utg542.71	142
evm.utg542.79	88
evm.utg542.83	69
evm.utg542.93	136
evm.utg542.99	122
evm.utg542.105	129
evm.utg542.106	77
evm.utg544.1	116
evm.utg544.4	121
utg544.equina_smart_1559235utrorf.mrna1	103
evm.utg544.12	122
utg544.equina_smart_1392946.mrna2	112
utg544.equina_smart_996262.mrna1	68
utg544.equina_smart_1559154.mrna1	70
evm.utg544.21	118
evm.utg544.36	96
evm.utg549.1	132
evm.utg549.2	140
evm.utg549.7	71
evm.utg549.8	125
evm.utg549.9	129
evm.utg549.11	119
evm.utg549.12	112
evm.utg549.19	104
evm.utg549.21	125
evm.utg549.22	129
evm.utg559.8	122
evm.utg559.11	141
evm.utg560.1.2.5c22f224	77
evm.utg560.1	124
evm.utg560.1.1.5c22f224	107
evm.utg560.3	120
evm.utg560.5	129
evm.utg560.8	131
evm.utg560.11	128
evm.utg560.14	79
evm.utg560.18	112
evm.utg560.20	147
evm.utg560.23	130
evm.utg560.28	68
evm.utg564.2	113
evm.utg564.4	104
evm.utg564.5	112
evm.utg564.16	132
evm.utg564.18	132
utg564.equina_smart_1661085.mrna2	33
evm.utg564.32	90
evm.utg564.33	113
evm.utg564.46	113
evm.utg564.54	97
evm.utg564.55	97
evm.utg564.58	102
evm.utg564.59	117
evm.utg564.69	146
evm.utg564.77	105
evm.utg564.78	91
evm.utg564.84	92
evm.utg564.86	128
evm.utg564.92	112
evm.utg567.2	115
evm.utg567.3	85
evm.utg567.5	81
evm.utg567.6	145
evm.utg567.7	92
evm.utg567.8	86
evm.utg567.13	135
evm.utg567.16	89
evm.utg567.19	106
evm.utg567.20	116
evm.utg572.1	68
evm.utg572.3	119
evm.utg572.14	112
evm.utg572.17	98
evm.utg572.25	128
evm.utg572.28	138
evm.utg572.37	120
evm.utg572.39	123
evm.utg577.13	93
evm.utg577.22	83
evm.utg577.26	124
evm.utg577.27.1.5c22f242	113
evm.utg577.27	120
evm.utg577.27.2.5c22f242	108
evm.utg577.29	135
evm.utg577.31	133
evm.utg577.32	100
utg577.equina_smart_1417529utrorf.mrna1	135
evm.utg577.52	78
evm.utg577.64	91
evm.utg577.77	69
utg577.equina_smart_1850082.mrna1	39
evm.utg577.98	123
evm.utg577.100	75
utg579.equina_smart_1418018.mrna5	113
evm.utg579.22	111
evm.utg579.27	99
utg579.equina_smart_1006379.mrna1	40
evm.utg579.34	116
evm.utg579.35	145
evm.utg579.38	67
evm.utg579.39	89
evm.utg579.41	112
evm.utg579.51	101
evm.utg579.56	110
evm.utg579.59	130
evm.utg579.70	127
evm.utg579.71	131
evm.utg579.71.1.5c22f24f	115
evm.utg579.76	98
evm.utg579.78	131
evm.utg579.83	102
evm.utg579.88	80
evm.utg579.90.1.5c22f256	86
evm.utg579.90	86
evm.utg579.95.1.5c22f256	114
evm.utg579.99.5.5c22f250	114
evm.utg579.110	76
evm.utg579.111	95
evm.utg579.113	127
utg579.equina_smart_139449.mrna2	104
evm.utg580.7	98
evm.utg580.13	143
evm.utg580.14	116
evm.utg580.28	67
evm.utg580.36	144
evm.utg580.41	90
evm.utg580.50	143
evm.utg580.51	139
evm.utg580.53	136
evm.utg580.56	105
evm.utg580.61	84
evm.utg580.67	108
evm.utg580.68	136
evm.utg580.85	78
evm.utg589.2	120
evm.utg589.8	116
evm.utg589.9	136
evm.utg589.12	129
utg589.equina_smart_1009399.mrna8	134
evm.utg589.24	108
evm.utg589.26	136
evm.utg589.32	119
evm.utg589.33	102
evm.utg589.34	82
evm.utg589.39	131
evm.utg589.40	86
evm.utg589.61	112
evm.utg589.66	116
evm.utg589.71	84
evm.utg589.72	99
evm.utg590.2	73
evm.utg590.6	109
utg590.equina_smart_47406.mrna2	67
evm.utg590.11	94
evm.utg590.12	135
evm.utg590.15	113
evm.utg590.19	113
evm.utg590.22	87
evm.utg594.3	110
evm.utg594.4	88
evm.utg594.8	130
evm.utg594.10.1.5c22f27e	100
evm.utg594.10	84
evm.utg594.12	85
evm.utg594.13	93
utg594.equina_smart_1018790.mrna1	66
evm.utg594.14	73
evm.utg594.15	74
evm.utg594.15.1.5c22f27e	59
evm.utg594.15.2.5c22f27e	77
evm.utg594.17	122
evm.utg594.20	136
evm.utg594.23	81
evm.utg594.25	117
evm.utg594.34	146
evm.utg594.37	96
evm.utg594.43	134
utg594.evm.utg6035.11.mrna2	78
evm.utg594.53	141
evm.utg594.54	77
evm.utg594.55	104
evm.utg597.5	102
utg597.equina_smart_396336.mrna1	141
utg597.equina_smart_48915.mrna1	66
evm.utg597.24	91
evm.utg597.34	90
evm.utg597.38	110
evm.utg597.41	100
evm.utg597.41.1.5c22f29b	106
evm.utg597.42	68
evm.utg597.43	69
utg597.equina_smart_1468611.mrna2	107
evm.utg597.54	135
evm.utg597.56	114
evm.utg597.67	123
evm.utg597.70	77
evm.utg597.73	87
utg597.equina_smart_72486.mrna1	68
evm.utg597.87.1.5c22f2a7	92
evm.utg597.87	92
evm.utg597.91	111
evm.utg597.92	115
evm.utg597.96	80
evm.utg597.107	146
evm.utg597.112	139
evm.utg597.113	149
evm.utg597.121	97
evm.utg597.138	143
evm.utg597.138.1.5c22f29f	112
evm.utg597.157	139
evm.utg597.158	115
evm.utg597.164	76
evm.utg597.172	123
evm.utg597.176	146
evm.utg597.176.1.5c22f2a1	111
evm.utg597.178	123
evm.utg597.179	119
evm.utg597.180	70
evm.utg597.188	104
evm.utg597.189	132
evm.utg597.193	107
evm.utg597.193.1.5c22f2a2	110
evm.utg597.208	76
evm.utg597.209	71
evm.utg597.210	114
evm.utg597.212	140
evm.utg597.216	76
utg597.equina_smart_230871.mrna1	103
evm.utg597.229	91
utg597.equina_smart_1418845.mrna1	63
evm.utg597.232	67
evm.utg597.239	148
evm.utg599.11	87
evm.utg599.13	129
evm.utg599.15	71
evm.utg599.16	113
evm.utg599.17	115
evm.utg599.18	124
evm.utg599.22	131
evm.utg599.23	146
evm.utg599.33	143
evm.utg600.5	95
evm.utg600.7	112
evm.utg600.16	116
evm.utg600.17	80
evm.utg600.18	76
evm.utg600.32	107
evm.utg600.35	145
evm.utg600.36	127
evm.utg600.38	128
evm.utg607.6	79
evm.utg607.7	69
evm.utg607.10	143
utg607.equina_smart_450085.mrna1	120
utg607.equina_smart_466253.mrna1	95
evm.utg607.14	71
evm.utg607.23	120
evm.utg607.36	70
utg607.equina_smart_6415.mrna1	93
evm.utg607.51	101
evm.utg612.20	135
evm.utg612.30	84
evm.utg612.41	103
evm.utg616.1	131
evm.utg616.12	119
evm.utg616.17	70
utg616.equina_smart_1792832.mrna1	62
evm.utg616.54	141
evm.utg616.57	70
evm.utg616.61	70
evm.utg616.71	145
evm.utg616.75	114
evm.utg616.76	84
evm.utg616.80	115
evm.utg616.89	80
evm.utg616.90	86
evm.utg616.98	127
evm.utg616.108	108
evm.utg616.112	116
evm.utg616.114	116
utg616.equina_smart_1792692.mrna1	37
evm.utg616.116	149
utg616.equina_smart_1419455utrorf.mrna1	104
evm.utg621.6	79
evm.utg622.1	57
evm.utg622.4	101
evm.utg622.5	79
evm.utg622.12	136
evm.utg622.14	107
evm.utg622.21	137
evm.utg622.30	138
evm.utg622.32	149
utg622.equina_smart_1419649.mrna1	106
evm.utg622.42	81
evm.utg622.44	118
evm.utg622.45	145
evm.utg622.47	130
evm.utg622.51	147
evm.utg622.52	144
evm.utg622.53	143
evm.utg622.76	82
evm.utg622.81	107
evm.utg622.84	137
evm.utg622.86	77
evm.utg622.88	85
utg622.equina_smart_1419802.mrna1	63
evm.utg622.91	81
evm.utg622.93	98
evm.utg622.96	68
evm.utg622.105	97
evm.utg622.110	129
evm.utg622.111	101
evm.utg622.132	95
evm.utg622.140	143
evm.utg622.147	112
evm.utg622.148	81
evm.utg622.149	73
evm.utg622.149.1.5c22f2f0	57
evm.utg622.158	92
utg622.equina_smart_1334791.mrna1	130
evm.utg622.162	116
evm.utg622.164	138
evm.utg622.165	136
evm.utg625.1	109
evm.utg625.3	140
evm.utg625.6	98
evm.utg625.8	72
evm.utg625.18	123
utg625.evm.utg386.20.mrna9	108
evm.utg625.26	128
evm.utg625.29	137
evm.utg625.32	146
utg625.evm.utg464.87.mrna5	70
evm.utg625.45	130
utg625.equina_smart_1419966.mrna1	132
utg625.equina_smart_969237.mrna1	148
evm.utg625.49	89
evm.utg625.56	81
evm.utg625.59	82
utg625.equina_smart_1420096.mrna1	126
evm.utg625.61	80
utg625.equina_smart_1015346.mrna1	118
evm.utg625.64	147
utg625.equina_smart_1818564.mrna1	55
evm.utg625.67	97
evm.utg625.71	131
evm.utg625.77	134
evm.utg625.89	82
evm.utg625.94	67
evm.utg625.96	108
evm.utg625.97	122
evm.utg625.98	106
evm.utg625.104	74
evm.utg625.110	132
utg625.equina_smart_1124100.mrna1	144
utg625.equina_smart_1614714.mrna1	50
evm.utg625.124	104
evm.utg628.7	142
evm.utg628.8	120
evm.utg628.9	105
evm.utg637.6	87
evm.utg637.8	69
evm.utg637.9	109
evm.utg637.27	126
utg637.equina_smart_1349798.mrna1	87
evm.utg637.36	113
evm.utg637.37	118
evm.utg648.4	107
evm.utg648.8	88
evm.utg648.9	144
utg648.evm.utg616.112.mrna3	116
evm.utg648.13	72
evm.utg648.14	129
evm.utg648.17	145
utg648.equina_smart_1275420.mrna1	62
evm.utg648.33	112
evm.utg648.39	130
evm.utg648.40	88
evm.utg648.53	106
evm.utg648.56	108
evm.utg648.66	89
evm.utg648.69	101
utg648.equina_smart_715884.mrna1	65
evm.utg648.83	98
evm.utg648.84	108
evm.utg648.86	87
evm.utg648.87	78
evm.utg648.88	83
evm.utg648.90	138
evm.utg648.92	71
evm.utg648.93	69
evm.utg648.94	71
evm.utg648.103	69
evm.utg659.10	93
evm.utg659.18	71
evm.utg659.28	104
utg659.equina_smart_52447.mrna1	59
evm.utg659.40	123
evm.utg659.42	146
evm.utg659.51	74
evm.utg666.2	89
evm.utg666.7.1.5c22f327	94
evm.utg666.7	93
utg666.equina_smart_442931.mrna1	63
evm.utg666.11	86
evm.utg666.19	116
evm.utg666.33	68
evm.utg676.11	72
evm.utg676.12	93
evm.utg684.5	124
evm.utg684.11	86
evm.utg684.14	136
evm.utg684.17	90
evm.utg684.18	109
evm.utg684.20	124
evm.utg684.25	125
evm.utg684.34	85
evm.utg684.38	86
utg686.equina_smart_1420852.mrna1	89
evm.utg686.8	99
evm.utg686.12	74
evm.utg686.18	139
evm.utg686.21	115
evm.utg686.24	145
evm.utg686.27	134
evm.utg686.37	140
utg686.equina_smart_1470160.mrna2	103
utg686.equina_smart_1668950.mrna2	62
evm.utg686.52	122
utg686.equina_smart_144694.mrna1	91
utg686.equina_smart_26209.mrna1	53
evm.utg686.57	137
evm.utg686.57.1.5c22f346	109
evm.utg686.71	124
evm.utg686.72	79
evm.utg686.75	96
evm.utg686.77	144
evm.utg686.82	138
evm.utg691.6	149
evm.utg691.7	87
evm.utg691.8	114
evm.utg691.11	135
evm.utg691.19	79
evm.utg691.21	99
evm.utg693.4	90
evm.utg693.9	145
evm.utg693.10	142
evm.utg693.10.2.5c22f34c	137
evm.utg693.22	89
evm.utg693.26	80
utg693.equina_smart_400542.mrna3	136
evm.utg693.28	81
evm.utg693.32	102
evm.utg693.45	70
evm.utg693.49	90
evm.utg693.52	93
evm.utg693.58	71
evm.utg693.59	114
utg693.equina_smart_348377.mrna1	87
evm.utg693.70	108
evm.utg693.72	121
evm.utg693.72.1.5c279717	101
evm.utg693.73	80
evm.utg693.75	93
evm.utg693.78	115
utg693.equina_smart_913913.mrna2	74
evm.utg693.82	74
evm.utg693.83	67
evm.utg693.84	83
evm.utg693.85	84
evm.utg693.86	75
evm.utg693.87	76
evm.utg693.92	145
evm.utg693.107	117
evm.utg695.1	113
evm.utg695.3	67
evm.utg695.5	113
evm.utg695.7	105
evm.utg695.11	131
evm.utg695.13	100
evm.utg695.26	81
evm.utg695.35	83
evm.utg695.38	74
utg695.equina_smart_1717759.mrna2	114
evm.utg696.12	68
evm.utg696.13	97
utg696.equina_smart_1722318.mrna1	45
utg696.equina_smart_441307.mrna1	102
evm.utg696.24	69
evm.utg696.25	132
evm.utg696.28	137
evm.utg696.32	124
evm.utg699.9	81
evm.utg699.13	148
evm.utg699.14	148
evm.utg699.19	105
evm.utg699.20	121
evm.utg699.22	93
evm.utg699.24	130
evm.utg699.27	73
evm.utg699.29	144
evm.utg699.34	118
evm.utg699.37	127
evm.utg699.50	103
utg699.equina_smart_1421246.mrna1	85
evm.utg699.53	117
evm.utg699.58	88
evm.utg699.61	83
evm.utg699.62	109
evm.utg699.65	112
evm.utg699.80	117
utg699.equina_smart_924764.mrna1	104
evm.utg699.101	144
evm.utg699.105	118
evm.utg699.109	144
evm.utg700.1	99
evm.utg700.14	97
evm.utg700.15	116
evm.utg700.16	104
evm.utg700.19	101
evm.utg700.20	81
evm.utg707.1	69
evm.utg707.2	86
evm.utg707.5	127
evm.utg707.6	103
utg707.evm.utg2073.14.mrna2	71
utg707.equina_smart_1440943.mrna2	95
utg707.equina_smart_105698.mrna1	47
evm.utg707.11	99
evm.utg707.13	122
evm.utg708.9	115
evm.utg709.1	67
evm.utg709.5	127
evm.utg710.3	149
evm.utg710.6	103
evm.utg710.7	116
evm.utg710.9	77
evm.utg710.22	72
evm.utg710.24	74
evm.utg710.28	105
evm.utg710.30	102
utg714.equina_smart_1421724.mrna1	82
evm.utg714.10	70
evm.utg714.13	119
evm.utg714.30.1.5c22f380	141
evm.utg714.31	120
evm.utg715.4	109
evm.utg715.7	120
evm.utg715.24	72
evm.utg715.25	137
evm.utg715.26	131
evm.utg715.43	121
evm.utg715.52	120
evm.utg715.59	91
evm.utg715.61	126
evm.utg715.69	121
evm.utg715.71	141
evm.utg715.75	137
evm.utg715.79	86
evm.utg715.89	134
evm.utg715.93	132
evm.utg715.96	140
evm.utg715.107	98
evm.utg729.28	77
evm.utg729.30	95
evm.utg729.35	81
evm.utg729.37	84
evm.utg729.38	91
evm.utg729.40	91
evm.utg729.49	128
evm.utg729.62	86
evm.utg729.62.1.5c22f3ac	86
evm.utg729.64	88
evm.utg729.72.1.5c22f3ad	122
evm.utg729.72.1.5c22f3ad.1.5c279764	89
evm.utg729.75	148
evm.utg729.80	102
evm.utg729.83	76
evm.utg729.84	140
evm.utg729.86	102
evm.utg729.90.1.5c22f3a4	142
evm.utg729.93	108
evm.utg729.95	102
evm.utg729.98	59
evm.utg729.115	97
utg729.equina_smart_1613666.mrna1	78
evm.utg729.120	123
evm.utg729.127	111
evm.utg729.129	146
evm.utg729.142	74
evm.utg729.159	147
evm.utg729.166	77
evm.utg729.169	146
evm.utg733.1	102
evm.utg733.9	142
evm.utg734.7	115
evm.utg734.21	88
evm.utg734.24	89
evm.utg734.33	107
evm.utg734.37	76
evm.utg734.39.1.5c22f3c7	148
evm.utg734.41	122
evm.utg734.43	132
evm.utg734.45	142
evm.utg734.47	80
evm.utg735.3	93
evm.utg735.6	93
evm.utg735.7	93
evm.utg735.10	132
evm.utg735.17	81
evm.utg735.18	85
evm.utg735.24	118
evm.utg735.27	141
evm.utg735.30	81
evm.utg735.41	134
evm.utg735.43	113
evm.utg735.45	72
evm.utg735.46	123
evm.utg735.47	120
evm.utg735.48	148
utg735.equina_smart_1605063.mrna1	38
evm.utg735.50	116
evm.utg735.55	136
evm.utg735.56	123
evm.utg736.7	108
evm.utg736.8	106
evm.utg736.12	114
evm.utg736.14	99
evm.utg736.18	90
evm.utg736.28	112
evm.utg736.38	71
evm.utg736.43	73
evm.utg736.51	106
evm.utg736.52	89
evm.utg736.63	102
evm.utg736.66	146
evm.utg736.67	123
evm.utg736.71	128
utg736.equina_smart_1666003.mrna3	49
evm.utg736.80	84
evm.utg736.81	88
evm.utg738.9	130
evm.utg738.10	104
evm.utg738.13	127
utg738.equina_smart_704632.mrna1	118
utg738.equina_smart_886925.mrna3	98
evm.utg738.19	145
evm.utg738.23	124
utg738.evm.utg27720.1.mrna2	131
evm.utg738.28	102
evm.utg738.29	126
evm.utg738.30	118
evm.utg738.33	141
evm.utg750.7	149
evm.utg750.25	111
evm.utg750.27	78
evm.utg750.33	119
evm.utg750.43	130
evm.utg750.51	148
evm.utg750.56	119
evm.utg750.58	69
evm.utg750.60	113
utg750.equina_smart_1422965.mrna1	111
utg750.equina_smart_1528918.mrna1	71
utg750.equina_smart_1528905.mrna1	49
utg750.equina_smart_202189.mrna2	148
utg750.equina_smart_1177674.mrna1	63
evm.utg750.65	74
evm.utg750.70	121
evm.utg761.1	119
evm.utg761.2	144
evm.utg761.21	94
evm.utg761.23	109
evm.utg761.32	119
evm.utg761.34	90
evm.utg761.36	149
evm.utg761.48	71
evm.utg762.5	143
evm.utg762.7	90
evm.utg762.19.2.5c22f3f4.1.5c2797a0	143
evm.utg762.21	93
evm.utg762.23	136
evm.utg762.37	73
evm.utg771.3	113
evm.utg771.6	111
evm.utg777.16	129
evm.utg777.28	126
evm.utg777.29	141
evm.utg777.31	128
evm.utg777.34	126
evm.utg777.40	140
evm.utg777.41	148
evm.utg777.42	147
evm.utg777.44	100
evm.utg777.46	87
evm.utg777.55	139
evm.utg777.60.1.5c22f411.1.5c2797b7	147
evm.utg777.60.1.5c22f411.2.5c2797b7	131
evm.utg777.61	105
evm.utg777.65	124
utg777.equina_smart_1473457.mrna2	81
evm.utg777.74	79
evm.utg777.76	76
evm.utg777.77	79
evm.utg777.81	79
evm.utg777.86	84
evm.utg777.87	71
utg777.equina_smart_149061.mrna1	110
evm.utg785.4	124
utg785.equina_smart_1423445.mrna1	101
evm.utg785.22	100
evm.utg785.24	105
utg788.equina_smart_1304037.mrna1	65
evm.utg788.10	130
evm.utg788.13	101
evm.utg788.20	125
utg788.equina_smart_1074046.mrna1	105
evm.utg788.27	91
evm.utg788.29	96
evm.utg788.31	103
evm.utg788.46	124
evm.utg788.61	132
evm.utg788.66	76
evm.utg788.69	115
evm.utg788.79	70
evm.utg788.81	99
evm.utg788.90	90
utg788.equina_smart_1260423.mrna1	58
evm.utg788.107	79
evm.utg788.111	111
evm.utg790.8	110
evm.utg790.9	149
evm.utg790.11	98
evm.utg790.18	125
evm.utg790.26	138
evm.utg790.29	102
utg790.equina_smart_68539.mrna1	86
utg790.equina_smart_1046011.mrna1	56
utg790.equina_smart_972669.mrna1	80
evm.utg791.1	69
evm.utg791.3	95
evm.utg791.6	134
evm.utg791.7	75
evm.utg791.13.1.5c22f448.1.5c2797eb	122
evm.utg791.14	113
evm.utg791.23	96
evm.utg791.30	75
evm.utg791.35	85
evm.utg791.40	113
evm.utg791.43	67
evm.utg791.44	84
utg791.equina_smart_1526062.mrna2	41
evm.utg791.61	119
utg791.equina_smart_168953.mrna1	44
utg791.equina_smart_1185806.mrna3	82
evm.utg791.67	121
evm.utg797.5	132
evm.utg797.6	90
evm.utg797.8	147
evm.utg797.11	103
evm.utg797.15	91
evm.utg797.28	101
evm.utg797.52	140
evm.utg797.55	128
evm.utg798.1	141
evm.utg798.7	72
evm.utg798.10	91
evm.utg798.16	140
evm.utg798.29	102
evm.utg798.42	84
evm.utg798.52	100
evm.utg798.73	103
utg798.equina_smart_1448195utrorf.mrna2	139
utg798.equina_smart_94344.mrna1	55
evm.utg798.88	95
evm.utg800.3	94
evm.utg800.9	70
evm.utg801.122	92
evm.utg801.14	122
evm.utg801.15	140
evm.utg801.24	144
utg801.equina_smart_1701734.mrna1	71
utg801.equina_smart_1424486utrorf.mrna1	114
evm.utg801.41	122
evm.utg801.53	125
evm.utg801.59	120
evm.utg801.61	139
evm.utg801.68.1.5c22f461	143
evm.utg801.75	105
evm.utg801.83.1.5c22f462	120
evm.utg801.83.1.5c22f462.1.5c2797fb	95
evm.utg801.99	143
evm.utg801.107	77
evm.utg801.120	113
evm.utg804.1	85
evm.utg804.2	132
evm.utg804.6	145
evm.utg804.16	90
evm.utg804.19.1.5c22f462	133
evm.utg804.20	141
evm.utg816.14	125
evm.utg816.24	76
evm.utg817.1	82
evm.utg817.4	98
evm.utg817.19	117
evm.utg817.25	132
evm.utg817.27	100
evm.utg817.28	95
utg817.equina_smart_898487.mrna1	59
evm.utg817.29	74
evm.utg820.6	137
evm.utg820.12	78
evm.utg844.1	130
evm.utg844.2	130
utg844.equina_smart_854614.mrna2	49
evm.utg844.10	69
evm.utg855.5	67
evm.utg855.10	133
evm.utg855.26	123
evm.utg855.27	87
evm.utg855.31	104
evm.utg857.1	118
evm.utg857.4	138
evm.utg857.5	80
evm.utg857.6	79
evm.utg857.18	101
evm.utg857.21	78
evm.utg857.23	67
evm.utg857.27	89
evm.utg858.55	95
evm.utg858.63	132
evm.utg858.65	135
evm.utg858.71	99
evm.utg858.72	139
utg858.equina_smart_1771668.mrna1	60
evm.utg858.2	127
evm.utg858.4	128
utg858.equina_smart_129843.mrna1	101
evm.utg858.28	96
evm.utg858.47	80
utg861.equina_smart_1591393.mrna8	81
utg861.equina_smart_1589406.mrna8	77
evm.utg861.5	111
utg861.equina_smart_1660061.mrna1	52
evm.utg861.13	137
utg861.equina_smart_322138.mrna1	69
evm.utg861.40	80
evm.utg861.46	92
evm.utg861.49	69
evm.utg861.61.1.5c22f49c	100
evm.utg861.61	100
utg861.equina_smart_1328555.mrna1	129
evm.utg861.68	131
utg861.equina_smart_1660192.mrna1	48
evm.utg861.80	81
evm.utg861.81	141
evm.utg861.98	70
evm.utg861.100	67
utg861.equina_smart_1660246.mrna1	134
evm.utg861.111	116
evm.utg861.113	75
evm.utg861.119	117
utg861.equina_smart_795545.mrna1	44
utg861.equina_smart_960551.mrna1	120
evm.utg861.128	126
evm.utg861.129	74
evm.utg861.136	132
evm.utg868.1	94
evm.utg868.8	113
utg868.equina_smart_1115772utrorf.mrna1	102
evm.utg868.23	147
evm.utg868.46	104
evm.utg868.52	127
evm.utg868.69	75
evm.utg868.71	125
evm.utg868.72	104
evm.utg868.76	84
evm.utg868.80	94
evm.utg868.84	90
evm.utg868.85	138
evm.utg868.87	136
evm.utg868.88	96
evm.utg868.101	97
evm.utg881.2	134
evm.utg881.9	69
utg882.equina_smart_1880501.mrna2	53
evm.utg882.13	133
evm.utg888.4	104
utg888.equina_smart_1336907.mrna1	48
utg888.equina_smart_497476.mrna1	48
evm.utg888.6	90
evm.utg888.9	117
evm.utg888.18	110
evm.utg888.35	130
evm.utg888.37	145
evm.utg888.37.1.5c22f4d3	119
evm.utg888.39	120
utg888.equina_smart_1160905.mrna1	62
evm.utg888.42	112
evm.utg888.47	133
evm.utg888.49	130
evm.utg888.50	80
evm.utg888.66	89
evm.utg888.68	99
evm.utg888.69	144
evm.utg890.2	85
evm.utg890.4	67
evm.utg890.6	99
evm.utg890.9	83
utg890.equina_smart_1425778.mrna1	149
evm.utg890.15	142
evm.utg890.16	82
evm.utg890.19	91
evm.utg890.21	121
evm.utg890.24	105
evm.utg890.32	125
evm.utg890.36	70
evm.utg890.41	81
evm.utg890.49	91
utg891.equina_smart_1425944.mrna1	95
evm.utg891.19	88
evm.utg891.20	149
evm.utg891.28	130
evm.utg891.30	81
evm.utg891.33	96
evm.utg891.42	116
evm.utg891.43	130
evm.utg896.2	137
evm.utg896.4	129
evm.utg896.17	127
evm.utg896.21	115
evm.utg896.22	80
evm.utg902.4	89
utg902.evm.utg23803.5.mrna2	79
evm.utg902.7	122
evm.utg902.10	115
evm.utg910.13	131
evm.utg910.21	93
evm.utg910.24	88
evm.utg910.31.1.5c22f4ec	125
evm.utg910.34	94
evm.utg910.42	87
evm.utg910.48	110
evm.utg910.49	101
evm.utg910.50	135
evm.utg910.51	96
evm.utg910.54	91
evm.utg910.56	88
evm.utg910.59.60	87
evm.utg910.59.60.1.5c279876	86
evm.utg910.59.60.2.5c279876	87
evm.utg910.59.60.3.5c279876	87
evm.utg910.61	86
utg910.equina_smart_1426374.mrna1	119
evm.utg910.63	89
evm.utg910.72.2.5c22f4f7	129
evm.utg910.86	105
evm.utg910.87	70
evm.utg910.96	135
evm.utg910.102	124
evm.utg910.115.1.5c22f4ef.1.5c279870	143
evm.utg910.117	143
evm.utg910.122	110
evm.utg910.126	103
evm.utg910.134	108
evm.utg910.160	85
evm.utg910.164	141
evm.utg910.164.1.5c22f4f2	114
evm.utg910.168	141
evm.utg910.170	134
utg910.equina_smart_1373771.mrna2	115
evm.utg910.180	132
evm.utg910.184	113
evm.utg911.1	121
evm.utg911.2	113
evm.utg911.3	126
evm.utg911.7	71
evm.utg911.30	93
evm.utg911.31	76
evm.utg911.40	94
evm.utg911.41	89
evm.utg911.43	89
evm.utg911.46	117
evm.utg911.54	118
evm.utg911.56	112
evm.utg911.57	105
evm.utg912.5	113
evm.utg912.9	107
evm.utg912.15	115
evm.utg912.28	80
evm.utg912.38	105
evm.utg912.42	139
evm.utg920.3	116
evm.utg920.6	116
evm.utg920.7	118
evm.utg920.13	142
evm.utg920.19	128
evm.utg920.25	108
evm.utg920.26	111
evm.utg920.27	76
evm.utg920.28	127
evm.utg920.36	71
evm.utg920.38	97
evm.utg924.1	119
evm.utg924.2	130
evm.utg924.11	147
evm.utg924.14	96
evm.utg924.15	108
evm.utg924.16	67
evm.utg924.24	112
evm.utg924.25	145
evm.utg924.41	122
evm.utg924.42	70
evm.utg924.48	110
evm.utg924.53	86
evm.utg924.71	106
evm.utg924.88	129
evm.utg924.91	136
evm.utg935.1	75
evm.utg935.18	101
evm.utg935.20	120
evm.utg935.22	126
evm.utg936.1	78
evm.utg936.2	95
evm.utg936.3	137
evm.utg936.13	80
evm.utg936.15	99
evm.utg936.17	126
evm.utg936.18	149
evm.utg936.23	92
evm.utg936.24	101
evm.utg936.25	84
evm.utg936.28	145
evm.utg936.30	143
evm.utg936.31	129
evm.utg936.37	131
utg936.equina_smart_1490637.mrna1	68
evm.utg936.43	67
evm.utg936.47	106
evm.utg950.6	97
evm.utg950.13	79
evm.utg950.18	88
evm.utg951.3	123
evm.utg967.1	95
evm.utg967.6	90
evm.utg967.8	81
evm.utg967.9	92
evm.utg967.10	112
evm.utg967.15	91
evm.utg967.21	112
evm.utg967.27	78
evm.utg967.37	141
evm.utg967.43	96
evm.utg967.51	112
evm.utg967.62	69
utg967.equina_smart_904475.mrna2	92
evm.utg975.1	109
evm.utg975.3	85
evm.utg975.4	78
evm.utg975.6	144
evm.utg975.13	120
evm.utg975.14	135
evm.utg975.18	89
evm.utg975.24	125
evm.utg975.29	107
evm.utg977.15	128
evm.utg977.18	69
utg977.equina_smart_1270328.mrna2	118
evm.utg977.24	123
evm.utg977.28	109
evm.utg977.30	69
utg978.equina_smart_423080.mrna1	43
evm.utg978.2	72
evm.utg978.3	94
utg978.equina_smart_423080.mrna2	43
evm.utg978.8	125
evm.utg978.10	68
evm.utg983.2	67
evm.utg983.3	117
evm.utg983.4	119
evm.utg983.12	124
evm.utg983.23	75
evm.utg983.26	131
evm.utg989.12	125
evm.utg989.13	77
utg989.equina_smart_343125.mrna1	119
evm.utg989.17	112
evm.utg989.26	79
evm.utg989.28	149
evm.utg989.32	93
evm.utg989.34	99
evm.utg989.35	74
utg989.equina_smart_1732458.mrna7	59
evm.utg989.49	129
evm.utg992.1	70
evm.utg992.5	92
evm.utg992.11	116
evm.utg992.15	77
evm.utg992.46	115
utg993.equina_smart_1403628.mrna2	37
evm.utg993.6	69
evm.utg993.7	112
evm.utg993.10	92
evm.utg993.12	120
evm.utg993.13	119
evm.utg993.14	69
evm.utg993.15	121
utg993.evm.utg382.52.mrna3	73
utg993.equina_smart_1418018.mrna10	104
evm.utg993.25	121
evm.utg993.26	147
evm.utg993.27	104
evm.utg993.29	109
evm.utg993.30	95
evm.utg993.33	104
evm.utg1002.2	84
evm.utg1002.4	90
evm.utg1002.6	149
evm.utg1002.9	105
utg1002.equina_smart_331322.mrna1	40
evm.utg1002.23	86
evm.utg1002.23.1.5c22e7a0	70
evm.utg1002.28	97
evm.utg1002.31	143
evm.utg1002.36	122
evm.utg1005.6	146
evm.utg1005.7	140
evm.utg1005.24	138
evm.utg1005.25	133
evm.utg1005.28	74
evm.utg1005.29	116
evm.utg1005.38.1.5c22e7ae	147
utg1005.equina_smart_1427739.mrna1	79
utg1005.equina_smart_1378746.mrna2	52
evm.utg1005.48	98
evm.utg1005.54	123
utg1005.equina_smart_1427756.mrna1	132
evm.utg1005.61	81
evm.utg1009.1	118
evm.utg1009.2	96
evm.utg1009.12	72
evm.utg1009.16	112
evm.utg1009.22	74
evm.utg1009.25	110
evm.utg1022.1	70
utg1022.evm.utg8792.27.mrna6	133
evm.utg1022.3	95
evm.utg1022.4	133
utg1022.evm.utg13.69.mrna5	133
evm.utg1022.8	83
evm.utg1022.11	101
evm.utg1022.14	84
utg1022.equina_smart_225465.mrna2	59
evm.utg1022.21	133
evm.utg1022.26	143
evm.utg1022.30	116
evm.utg1022.32	126
evm.utg1022.36	112
evm.utg1022.37	143
evm.utg1022.39	137
evm.utg1022.46	87
evm.utg1022.51	100
evm.utg1022.53	91
evm.utg1022.66	75
evm.utg1022.69	143
evm.utg1022.70	140
utg1022.equina_smart_965483.mrna1	106
utg1022.equina_smart_1732458.mrna1	59
evm.utg1022.72	100
evm.utg1022.76	71
evm.utg1022.77	84
evm.utg1024.1	74
evm.utg1024.2	93
evm.utg1024.6	101
evm.utg1024.13	121
evm.utg1024.15	70
evm.utg1024.16	120
evm.utg1024.17	142
evm.utg1024.20	149
evm.utg1024.26	142
utg1025.equina_smart_37287.mrna1	136
evm.utg1025.10	149
evm.utg1025.15	69
evm.utg1031.6	130
evm.utg1031.12	127
evm.utg1031.19	122
evm.utg1031.20	75
evm.utg1031.23	140
evm.utg1031.27	147
evm.utg1031.31	93
evm.utg1031.47	130
evm.utg1031.49	98
evm.utg1031.56	116
evm.utg1031.58	132
evm.utg1031.68	140
evm.utg1031.80	129
evm.utg1031.84	73
evm.utg1032.5	112
evm.utg1032.8.1.5c22e7f4	128
evm.utg1032.8.2.5c22e7f4	94
evm.utg1032.8	125
evm.utg1032.14	87
evm.utg1032.15	69
utg1032.equina_smart_458443.mrna1	74
evm.utg1032.27	77
evm.utg1032.30	132
utg1032.equina_smart_1262277.mrna1	110
utg1032.equina_smart_1262277.mrna3	110
utg1032.equina_smart_911024.mrna1	68
utg1032.equina_smart_629382.mrna1	133
evm.utg1032.35	75
evm.utg1032.39	70
evm.utg1032.42	119
utg1032.equina_smart_903440.mrna3	64
evm.utg1032.45	104
evm.utg1032.47	104
evm.utg1032.48	114
evm.utg1038.4	91
evm.utg1038.7	140
evm.utg1038.14	99
evm.utg1038.15	89
evm.utg1049.1	113
evm.utg1049.2	103
evm.utg1049.3	68
evm.utg1049.7	107
evm.utg1049.25	85
evm.utg1049.39	81
utg1051.equina_smart_1711328.mrna8	50
evm.utg1051.32	145
utg1051.equina_smart_1603278.mrna1	37
evm.utg1051.73	115
evm.utg1051.73.1.5c22e82e	100
evm.utg1051.74	95
evm.utg1051.75	146
evm.utg1051.76.1.5c22e81c	149
evm.utg1051.77	147
evm.utg1051.78	145
evm.utg1051.81.1.5c22e81d	119
evm.utg1051.84	114
evm.utg1051.93	89
evm.utg1051.101	106
evm.utg1052.4	88
evm.utg1052.7	125
evm.utg1052.12	117
evm.utg1052.15	75
evm.utg1052.22	121
evm.utg1052.24	146
utg1052.equina_smart_1392920.mrna2	103
evm.utg1052.32	92
evm.utg1052.38	75
utg1052.evm.utg7244.23.mrna11	105
utg1052.equina_smart_177438.mrna1	73
utg1052.equina_smart_177438.mrna2	73
utg1052.equina_smart_177438.mrna3	73
utg1052.equina_smart_177438.mrna4	73
evm.utg1056.151	70
evm.utg1056.1	92
evm.utg1056.3	99
evm.utg1056.8	89
evm.utg1056.21	102
evm.utg1056.29	132
evm.utg1056.37	104
evm.utg1056.41	126
evm.utg1056.49	103
evm.utg1056.49.1.5c22e859	78
utg1056.equina_smart_1429031.mrna1	86
utg1056.equina_smart_1429044.mrna1	58
evm.utg1056.73	72
evm.utg1056.75	96
utg1056.equina_smart_1704268.mrna2	73
evm.utg1056.90	82
evm.utg1056.92	115
evm.utg1056.104	117
evm.utg1056.110	124
evm.utg1056.111	127
evm.utg1056.113	141
utg1056.equina_smart_1778237.mrna7	50
utg1056.equina_smart_1781303.mrna1	59
evm.utg1056.118	70
utg1056.equina_smart_888178.mrna1	55
evm.utg1056.125	133
evm.utg1056.129	147
evm.utg1056.145	69
evm.utg1056.149	76
evm.utg1056.150	94
evm.utg1073.3	136
evm.utg1073.4	143
evm.utg1073.6	134
evm.utg1073.7	115
evm.utg1079.1	132
evm.utg1079.2	132
evm.utg1079.5	124
evm.utg1079.14	121
evm.utg1079.18	137
evm.utg1079.19	95
evm.utg1079.30	132
evm.utg1079.33	95
evm.utg1079.34	124
evm.utg1079.41	87
utg1079.evm.utg622.32.mrna4	149
evm.utg1079.46	129
evm.utg1079.47	100
evm.utg1079.51	131
evm.utg1079.53	77
evm.utg1079.55	111
evm.utg1079.59	105
evm.utg1079.64	99
evm.utg1079.65	102
evm.utg1079.71	94
evm.utg1079.73	118
evm.utg1087.3	123
evm.utg1087.3.1.5c22e872	136
evm.utg1087.3.2.5c22e872	88
evm.utg1087.18.1.5c22e874	131
evm.utg1087.21	125
evm.utg1087.28	102
utg1087.equina_smart_1880109.mrna1	96
evm.utg1091.1	69
evm.utg1091.3	79
evm.utg1091.5	74
evm.utg1091.16	125
evm.utg1091.17	99
evm.utg1091.21	93
evm.utg1091.24	98
evm.utg1091.31	84
evm.utg1091.46	90
evm.utg1091.50	91
evm.utg1091.54	95
evm.utg1091.58	79
evm.utg1091.64	145
evm.utg1101.4	127
evm.utg1101.6	137
evm.utg1101.9	125
utg1101.equina_smart_274863.mrna4	103
evm.utg1101.19	94
utg1101.equina_smart_711747.mrna7	127
evm.utg1101.27	98
evm.utg1101.30	92
evm.utg1101.31	112
evm.utg1101.35	71
evm.utg1101.37	76
utg1101.equina_smart_1685030.mrna10	72
evm.utg1101.46	106
evm.utg1101.62	78
evm.utg1101.68	96
evm.utg1101.69	95
evm.utg1101.72	142
utg1102.equina_smart_1567182.mrna1	95
evm.utg1102.12	102
evm.utg1102.13	127
evm.utg1109.9	122
evm.utg1109.11	119
evm.utg1109.12	97
evm.utg1109.18	84
evm.utg1112.1	82
evm.utg1112.2	120
evm.utg1112.4	67
evm.utg1112.7	85
utg1112.evm.utg24611.5.mrna2	86
evm.utg1112.11	142
utg1112.equina_smart_1476761.mrna3	134
utg1112.evm.utg1112.7.mrna3	85
evm.utg1127.9	86
evm.utg1127.11.1.5c22e8bb	109
evm.utg1127.11	112
evm.utg1127.17	130
evm.utg1127.20	97
evm.utg1127.25	134
evm.utg1127.27	112
evm.utg1127.29	76
evm.utg1127.35	117
evm.utg1127.47	77
evm.utg1127.52	77
evm.utg1127.57	129
evm.utg1127.58	145
evm.utg1127.60	118
evm.utg1127.65	86
evm.utg1132.1	88
evm.utg1132.3	71
evm.utg1137.3	67
evm.utg1137.11	107
evm.utg1137.19	85
evm.utg1137.22	83
evm.utg1137.24	135
evm.utg1137.25	110
evm.utg1137.26	103
evm.utg1137.27	116
evm.utg1137.39	148
utg1137.equina_smart_150002.mrna8	79
utg1137.equina_smart_711747.mrna5	127
evm.utg1138.1	98
evm.utg1138.5	117
evm.utg1138.6	128
evm.utg1138.10	131
evm.utg1138.16	117
evm.utg1138.21	70
evm.utg1138.22	84
evm.utg1138.23	95
evm.utg1138.31	92
evm.utg1140.8	137
evm.utg1140.13	105
evm.utg1140.15	72
evm.utg1140.16	81
evm.utg1140.17	98
evm.utg1140.18	93
evm.utg1143.6	135
evm.utg1143.8	101
evm.utg1143.11	148
evm.utg1143.21	122
evm.utg1143.22	79
evm.utg1143.25	77
utg1143.equina_smart_274863.mrna5	103
evm.utg1143.35	128
evm.utg1143.39	112
evm.utg1143.43	130
evm.utg1143.53	96
evm.utg1143.54	130
evm.utg1143.55	83
evm.utg1143.56	118
evm.utg1143.58	79
evm.utg1162.5	91
evm.utg1162.7	99
evm.utg1162.11	99
evm.utg1162.20	132
evm.utg1162.25	141
evm.utg1162.32	119
evm.utg1162.34	129
evm.utg1172.2	77
evm.utg1177.6	88
evm.utg1177.8	118
evm.utg1177.19	125
evm.utg1177.24	149
evm.utg1184.6	109
evm.utg1184.11	83
evm.utg1184.20	117
evm.utg1192.2	121
evm.utg1192.4	71
evm.utg1192.15	110
evm.utg1192.20	111
evm.utg1192.21	120
evm.utg1194.8	102
evm.utg1194.13	100
evm.utg1194.14	68
utg1194.equina_smart_35138utrorf.mrna2	126
evm.utg1194.26	104
evm.utg1201.3	115
evm.utg1201.6	79
evm.utg1201.17	116
evm.utg1201.20	101
evm.utg1201.25	80
evm.utg1204.6	117
utg1204.equina_smart_108240.mrna1	55
evm.utg1204.17	131
evm.utg1204.23	102
evm.utg1204.24	109
evm.utg1204.26	85
evm.utg1204.28	114
evm.utg1204.31	104
utg1204.equina_smart_1430644.mrna1	137
evm.utg1204.37	132
evm.utg1204.37.1.5c278f48	104
utg1204.equina_smart_1430649.mrna1	126
evm.utg1204.48.1.5c22e937	148
evm.utg1204.48	144
evm.utg1205.157	77
evm.utg1205.159	86
evm.utg1205.162	148
evm.utg1205.3	127
evm.utg1205.9	104
utg1205.equina_smart_1139456.mrna5	89
evm.utg1205.13	125
evm.utg1205.16	131
utg1205.equina_smart_25466.mrna1	137
utg1205.equina_smart_202761.mrna1	135
evm.utg1205.26	143
evm.utg1205.27	134
evm.utg1205.29	104
evm.utg1205.33	69
evm.utg1205.34	117
utg1205.equina_smart_88669.mrna1	72
evm.utg1205.43	89
evm.utg1205.45	73
evm.utg1205.47	103
evm.utg1205.49	119
evm.utg1205.60	83
evm.utg1205.62	136
utg1205.equina_smart_1430749.mrna1	82
evm.utg1205.68	115
evm.utg1205.74	92
evm.utg1205.75	100
evm.utg1205.77	79
evm.utg1205.78	103
evm.utg1205.81.1.5c22e941	99
evm.utg1205.81	117
evm.utg1205.82	144
utg1205.equina_smart_1130837.mrna1	79
evm.utg1205.97	95
utg1205.evm.utg20678.5.mrna4	68
evm.utg1205.110	75
evm.utg1205.112	136
evm.utg1205.114	72
evm.utg1205.118.3.5c22e93c.1.5c278f4b	121
evm.utg1205.118.3.5c22e93c	136
evm.utg1205.134	106
evm.utg1205.148	99
evm.utg1205.149	73
evm.utg1221.12	128
evm.utg1221.13	121
evm.utg1221.27	124
evm.utg1226.14	127
evm.utg1226.16	139
evm.utg1226.19	112
evm.utg1226.25	126
evm.utg1226.25.1.5c22e961	96
evm.utg1226.26.3.5c22e961.1.5c278f5f	135
evm.utg1226.27	140
evm.utg1226.30	145
utg1230.equina_smart_1141811.mrna1	54
evm.utg1230.10	128
evm.utg1230.14	103
evm.utg1230.15	81
evm.utg1230.31	107
evm.utg1230.32	118
evm.utg1230.34	140
evm.utg1230.35	145
evm.utg1230.35.1.5c278f5d	107
utg1230.equina_smart_1431290.mrna1	38
evm.utg1230.36	70
utg1231.equina_smart_1285135.mrna2	109
evm.utg1231.14	118
evm.utg1234.1	121
evm.utg1234.3	115
evm.utg1234.7	74
evm.utg1234.22	94
evm.utg1234.24	126
evm.utg1234.24.1.5c22e96b	89
utg1234.equina_smart_392576.mrna1	106
evm.utg1236.8	95
evm.utg1236.11	95
evm.utg1236.12	114
evm.utg1236.14	146
evm.utg1236.16	125
evm.utg1236.24	148
evm.utg1236.25	133
evm.utg1236.29	95
evm.utg1236.31	105
evm.utg1236.32	127
utg1236.equina_smart_1597874.mrna6	129
evm.utg1239.2	83
evm.utg1239.3	125
evm.utg1239.14	93
evm.utg1239.19	123
evm.utg1239.20	125
evm.utg1239.23	123
evm.utg1239.24	122
evm.utg1239.27	73
evm.utg1243.6	96
utg1243.equina_smart_1796609.mrna2	33
evm.utg1243.12	141
evm.utg1249.1	79
evm.utg1249.3	69
evm.utg1249.4	112
evm.utg1249.8	131
evm.utg1249.16	136
evm.utg1249.20	95
evm.utg1249.23	142
evm.utg1249.29	114
evm.utg1251.9	93
evm.utg1253.9	146
evm.utg1253.15	133
evm.utg1253.16	90
evm.utg1253.18	145
evm.utg1253.25	113
evm.utg1253.29	117
evm.utg1253.34	135
evm.utg1253.35	125
evm.utg1253.38	96
evm.utg1253.47	96
utg1253.evm.utg560.14.mrna8	79
evm.utg1253.49	112
evm.utg1253.55	100
evm.utg1253.56	120
evm.utg1253.57	126
evm.utg1253.61	100
evm.utg1253.64	116
evm.utg1253.65	95
evm.utg1253.66	109
evm.utg1253.67	121
evm.utg1253.70	125
evm.utg1253.81	146
evm.utg1253.91	79
evm.utg1256.1	123
utg1256.evm.utg14366.23.mrna7	98
evm.utg1256.4	125
evm.utg1256.6	109
evm.utg1256.8	122
evm.utg1256.9	97
evm.utg1256.11	97
evm.utg1256.14	133
evm.utg1256.16	95
evm.utg1256.20	125
evm.utg1256.21	98
utg1256.evm.utg3725.51.mrna7	119
evm.utg1257.3	114
evm.utg1257.10	135
evm.utg1270.6	148
evm.utg1270.12	138
evm.utg1270.13	124
evm.utg1270.19	80
evm.utg1270.21.1.5c22e9b2	139
evm.utg1270.24	131
evm.utg1270.34	140
evm.utg1270.35	125
utg1270.evm.utg50879.4.mrna2	73
evm.utg1271.10	133
evm.utg1271.12	145
evm.utg1271.17	90
evm.utg1271.32	142
evm.utg1271.33	107
evm.utg1271.34	115
evm.utg1271.35	80
evm.utg1271.36	79
evm.utg1271.38	99
evm.utg1271.42	138
evm.utg1271.47	146
evm.utg1271.50	122
evm.utg1271.59	128
evm.utg1271.64	119
evm.utg1271.67	142
evm.utg1271.70	83
evm.utg1271.71	134
utg1271.evm.utg616.112.mrna7	113
evm.utg1271.74	93
evm.utg1271.79	100
evm.utg1271.86	118
evm.utg1271.94	136
evm.utg1271.95	117
evm.utg1271.96	129
evm.utg1271.100	106
evm.utg1271.101	73
evm.utg1271.105	144
utg1271.evm.utg580.50.mrna4	143
evm.utg1271.106	100
evm.utg1271.107	149
evm.utg1271.109	121
evm.utg1271.111	98
evm.utg1271.114	127
utg1271.equina_smart_1835967.mrna6	52
utg1271.evm.utg589.40.mrna4	86
evm.utg1272.2	110
evm.utg1272.9	148
evm.utg1272.19.1.5c22e9b9	145
evm.utg1272.22	144
utg1272.equina_smart_1484717.mrna1	108
evm.utg1272.26	108
evm.utg1272.35	124
evm.utg1272.36	71
evm.utg1272.43	70
evm.utg1272.44	84
evm.utg1272.47	82
utg1272.equina_smart_1431727.mrna1	57
evm.utg1272.59	91
utg1272.equina_smart_1694720.mrna1	50
evm.utg1272.67	96
utg1272.equina_smart_16100.mrna1	76
utg1272.equina_smart_1324832.mrna1	61
evm.utg1272.85	122
evm.utg1272.92	100
evm.utg1272.93	130
evm.utg1272.95	98
evm.utg1272.96	147
evm.utg1272.98	117
evm.utg1272.100	119
evm.utg1272.101	139
evm.utg1272.107	125
evm.utg1272.109	142
evm.utg1272.118	142
evm.utg1272.121	139
evm.utg1272.122	87
evm.utg1272.125	133
evm.utg1272.131	128
evm.utg1272.132	126
evm.utg1272.134	104
evm.utg1272.139	68
evm.utg1272.144	119
evm.utg1272.149	145
evm.utg1272.154	144
evm.utg1272.155	121
evm.utg1272.158	89
evm.utg1272.160	86
evm.utg1272.174	125
evm.utg1272.175	83
evm.utg1277.1	64
evm.utg1277.6	119
utg1277.equina_smart_1489033.mrna1	124
evm.utg1277.16	119
evm.utg1277.20	141
evm.utg1277.21	119
evm.utg1277.30	79
evm.utg1277.31	100
evm.utg1277.36	100
evm.utg1277.40	137
utg1278.equina_smart_1836520.mrna7	57
evm.utg1278.4	141
utg1278.equina_smart_555639.mrna1	130
evm.utg1278.40	99
evm.utg1278.46	134
utg1278.equina_smart_1432188.mrna1	91
evm.utg1278.51	95
evm.utg1278.67	139
evm.utg1278.70	146
evm.utg1278.72	139
evm.utg1278.72.1.5c22e9e2	107
evm.utg1278.73	85
evm.utg1278.87	99
evm.utg1278.88	84
evm.utg1281.1	139
evm.utg1281.7	123
evm.utg1281.11	91
evm.utg1281.37	92
evm.utg1285.1	138
evm.utg1285.8	112
evm.utg1285.9	91
evm.utg1285.18	107
evm.utg1285.20	140
evm.utg1285.21	76
evm.utg1285.22	93
evm.utg1285.35	146
evm.utg1285.39	85
evm.utg1285.41	111
evm.utg1285.42	146
evm.utg1285.43	83
evm.utg1285.53	99
utg1285.equina_smart_1432460.mrna1	58
utg1285.equina_smart_1432494.mrna1	65
evm.utg1285.77	91
utg1285.equina_smart_1757869.mrna1	105
utg1285.equina_smart_1688928.mrna1	42
evm.utg1290.5	115
evm.utg1290.7	69
evm.utg1290.11	142
evm.utg1290.12	142
evm.utg1290.27	125
evm.utg1290.38	144
evm.utg1290.44	111
evm.utg1290.51	102
evm.utg1290.53	68
evm.utg1290.54	146
evm.utg1290.60	126
evm.utg1302.1	117
evm.utg1302.30	107
evm.utg1302.33	83
evm.utg1319.6	109
evm.utg1330.9	68
evm.utg1330.15	116
evm.utg1330.16	122
evm.utg1330.19	115
evm.utg1337.3	133
utg1337.equina_smart_912437.mrna1	51
evm.utg1337.8.1.5c22ea3a	134
evm.utg1337.16	91
evm.utg1337.17	93
utg1337.equina_smart_865426.mrna1	33
evm.utg1337.24	82
evm.utg1337.25	138
evm.utg1337.26	111
evm.utg1337.27	117
evm.utg1337.29	116
evm.utg1337.30	108
evm.utg1337.31	131
evm.utg1345.1	144
evm.utg1345.3	74
evm.utg1345.5	148
evm.utg1345.9	94
evm.utg1345.12	110
evm.utg1345.14	101
evm.utg1345.16	77
utg1345.equina_smart_354540.mrna1	101
evm.utg1345.24	90
evm.utg1345.25	116
evm.utg1345.26	69
evm.utg1345.27	119
evm.utg1345.28	106
evm.utg1345.29	83
evm.utg1345.31	101
evm.utg1345.32	69
evm.utg1345.34	133
evm.utg1345.37	76
evm.utg1345.39	149
evm.utg1345.46	89
evm.utg1345.47	132
utg1345.equina_smart_814569.mrna1	79
utg1345.equina_smart_819178.mrna1	79
evm.utg1345.64	136
evm.utg1345.71	149
evm.utg1345.72	105
evm.utg1345.73	118
evm.utg1345.76	90
evm.utg1345.79	135
utg1345.equina_smart_1503899.mrna1	39
evm.utg1347.1	100
evm.utg1347.3	126
evm.utg1347.5	92
utg1347.equina_smart_1451830.mrna3	74
utg1347.equina_smart_345010.mrna2	57
evm.utg1347.8	89
evm.utg1347.9	104
evm.utg1354.13	100
evm.utg1354.15	108
evm.utg1354.21	101
evm.utg1355.7	124
evm.utg1355.11	113
utg1355.equina_smart_1433159.mrna1	73
evm.utg1358.2	111
evm.utg1358.4	143
utg1358.equina_smart_1533633.mrna1	38
evm.utg1358.25	92
utg1358.equina_smart_941719.mrna2	63
utg1358.equina_smart_331895.mrna1	35
evm.utg1358.38	131
evm.utg1363.1	120
evm.utg1363.15	149
evm.utg1363.25	110
evm.utg1363.28	126
evm.utg1363.29	74
evm.utg1363.29.1.5c22ea61	83
evm.utg1363.44	115
evm.utg1363.45	132
evm.utg1363.46	98
evm.utg1363.49	98
evm.utg1363.59	88
evm.utg1363.60	87
evm.utg1363.61	68
evm.utg1372.3	134
evm.utg1372.6	101
evm.utg1372.12	123
evm.utg1372.18	85
evm.utg1372.18.1.5c22ea69	91
evm.utg1372.21	133
evm.utg1372.23	91
evm.utg1372.24	108
evm.utg1372.25	116
evm.utg1372.27	116
evm.utg1378.1	142
evm.utg1378.2	137
evm.utg1378.6	89
evm.utg1378.7	127
evm.utg1378.11	109
evm.utg1378.13	127
evm.utg1378.14	86
evm.utg1378.21	90
evm.utg1378.28	85
evm.utg1378.29	70
evm.utg1381.2	149
evm.utg1381.3	115
evm.utg1381.13	107
evm.utg1381.16	72
evm.utg1381.21	138
evm.utg1381.24	137
evm.utg1381.29	113
evm.utg1381.40	138
evm.utg1381.42	134
evm.utg1381.44	78
evm.utg1381.47	109
evm.utg1381.49	71
evm.utg1395.2	135
evm.utg1395.3	110
evm.utg1395.6	85
evm.utg1395.7	96
evm.utg1395.15	68
evm.utg1395.19	81
evm.utg1395.27	138
utg1395.evm.utg389.22.mrna2	83
evm.utg1395.31	145
evm.utg1395.32	74
evm.utg1395.35	132
evm.utg1395.38	140
evm.utg1395.41	97
evm.utg1395.43	135
evm.utg1395.44	79
evm.utg1395.51	79
evm.utg1395.57	144
evm.utg1395.60	74
utg1395.equina_smart_1433692.mrna1	118
evm.utg1395.64	134
evm.utg1396.1	64
evm.utg1396.2	76
evm.utg1396.3	93
evm.utg1396.4.1.5c22ea81	138
evm.utg1396.21	133
evm.utg1396.29	113
evm.utg1398.1	140
evm.utg1398.2	140
evm.utg1398.3.1.5c22ea88	111
evm.utg1398.3	141
evm.utg1398.6	93
evm.utg1398.10	90
evm.utg1398.27	124
evm.utg1398.28	114
evm.utg1398.29	84
evm.utg1398.45	138
evm.utg1403.4	115
evm.utg1403.6	78
evm.utg1403.9	123
evm.utg1403.10	107
evm.utg1403.27	133
evm.utg1403.30	124
evm.utg1403.41	128
utg1404.equina_smart_1433933.mrna1	63
evm.utg1404.13	71
evm.utg1404.18	121
evm.utg1404.19	96
evm.utg1404.20	95
evm.utg1404.22	108
evm.utg1404.25	135
evm.utg1404.34	87
evm.utg1408.11	118
evm.utg1416.4	119
evm.utg1416.5	113
utg1416.equina_smart_1433692.mrna2	118
evm.utg1416.9	91
evm.utg1416.10	91
utg1416.evm.utg4739.14.mrna2	134
evm.utg1416.15	87
evm.utg1420.1	115
evm.utg1432.7	131
utg1432.equina_smart_1436294.mrna2	97
evm.utg1432.16	135
evm.utg1432.26	69
evm.utg1432.38	130
evm.utg1432.39	120
evm.utg1432.40	149
evm.utg1450.4	102
evm.utg1450.2	101
evm.utg1450.3	115
evm.utg1452.1	142
evm.utg1452.4	131
evm.utg1452.10	126
evm.utg1452.14	96
evm.utg1455.1	78
evm.utg1455.4	101
evm.utg1455.5	89
evm.utg1455.12	83
evm.utg1455.27	82
evm.utg1455.40	135
evm.utg1459.1	139
evm.utg1459.2	145
evm.utg1459.12	86
evm.utg1459.15	132
evm.utg1463.5	95
evm.utg1463.7	89
evm.utg1463.10	135
evm.utg1463.26	112
utg1463.equina_smart_874905.mrna1	138
evm.utg1464.7	116
evm.utg1465.2	101
evm.utg1465.3	101
evm.utg1465.4	112
evm.utg1465.6	93
evm.utg1465.14	119
evm.utg1465.15	101
evm.utg1465.17	79
evm.utg1465.19	94
evm.utg1465.20	145
evm.utg1465.32	106
evm.utg1465.33	138
evm.utg1465.34	113
evm.utg1465.35	85
evm.utg1465.38	98
evm.utg1465.39	127
evm.utg1465.48	147
evm.utg1465.49	113
evm.utg1465.58	82
evm.utg1465.59	131
evm.utg1465.67	107
evm.utg1468.5	131
evm.utg1468.7	112
evm.utg1468.9	82
evm.utg1475.2	92
evm.utg1475.11	117
evm.utg1475.12	146
evm.utg1475.13	88
evm.utg1475.15	90
evm.utg1475.17	129
evm.utg1497.1	95
evm.utg1497.2	127
evm.utg1497.14	111
evm.utg1498.6	137
utg1498.evm.utg464.87.mrna7	70
evm.utg1498.9	101
utg1498.equina_smart_1471857.mrna2	89
evm.utg1507.11	138
evm.utg1507.12	149
evm.utg1507.13	138
evm.utg1507.14	149
evm.utg1507.15	138
evm.utg1507.16	149
evm.utg1507.17	133
evm.utg1507.19	126
evm.utg1507.23	138
evm.utg1507.31	78
evm.utg1517.5	137
evm.utg1517.13	84
evm.utg1517.20	92
evm.utg1517.21	147
evm.utg1517.23	109
evm.utg1517.24	94
evm.utg1517.26	133
evm.utg1517.27	90
evm.utg1517.30	136
evm.utg1517.32	69
evm.utg1517.33	79
evm.utg1520.3	100
evm.utg1525.1	82
utg1525.equina_smart_892265.mrna1	112
evm.utg1525.13	82
evm.utg1525.16	120
evm.utg1525.31	91
evm.utg1525.32	87
evm.utg1525.37	80
evm.utg1530.13	104
evm.utg1530.17	145
evm.utg1530.27	100
utg1530.equina_smart_980663.mrna1	75
evm.utg1530.38	133
evm.utg1542.19	91
evm.utg1542.31	85
evm.utg1542.32	116
evm.utg1542.46	138
evm.utg1551.1	85
evm.utg1551.4	75
evm.utg1551.5	67
evm.utg1555.1	89
evm.utg1555.2	126
evm.utg1555.3	73
evm.utg1555.4	112
evm.utg1555.7	141
evm.utg1555.17	79
utg1555.equina_smart_1863330.mrna4	50
evm.utg1555.36	91
evm.utg1555.48	115
evm.utg1563.3	105
evm.utg1565.15	122
evm.utg1565.17	120
utg1565.equina_smart_284488.mrna1	43
evm.utg1565.30	149
evm.utg1565.31	124
evm.utg1565.42	68
utg1565.equina_smart_266549.mrna1	62
evm.utg1565.47	97
utg1565.equina_smart_66246.mrna1	65
evm.utg1565.55	76
evm.utg1565.63	88
evm.utg1565.64	75
utg1565.equina_smart_968825.mrna1	104
evm.utg1565.79	133
evm.utg1565.81.2.5c22eb42	126
utg1565.equina_smart_1331343.mrna1	65
evm.utg1565.99	148
utg1565.equina_smart_1435359.mrna1	58
evm.utg1565.112	91
evm.utg1569.2	104
evm.utg1569.3	82
evm.utg1569.4	67
evm.utg1569.6	144
evm.utg1569.7	91
evm.utg1571.8	144
utg1575.equina_smart_1637519.mrna1	37
evm.utg1575.21	85
evm.utg1575.30	80
evm.utg1575.32	78
utg1579.equina_smart_1320155.mrna1	56
utg1579.equina_smart_1435500.mrna1	78
utg1579.equina_smart_518293.mrna3	68
utg1579.equina_smart_1020767.mrna1	43
utg1579.equina_smart_1454938.mrna2	126
utg1579.equina_smart_1435556.mrna2	50
evm.utg1579.9	142
evm.utg1579.14	128
evm.utg1579.15	85
evm.utg1579.17	149
evm.utg1581.2	102
evm.utg1581.3	68
evm.utg1581.4.1.5c22eb4d	117
utg1581.equina_smart_1075803.mrna1	62
utg1588.equina_smart_1435587.mrna1	65
evm.utg1588.3	140
evm.utg1588.9	81
evm.utg1588.26	140
evm.utg1588.27	93
evm.utg1594.1	80
evm.utg1594.5	96
evm.utg1596.1	126
evm.utg1609.1	141
evm.utg1609.3	100
evm.utg1609.4	129
utg1609.equina_smart_1821163.mrna1	97
evm.utg1609.23	99
evm.utg1609.27	136
utg1609.equina_smart_1617407.mrna1	39
evm.utg1609.33	121
evm.utg1609.39	102
evm.utg1609.54	80
evm.utg1609.56	147
utg1609.equina_smart_1079456.mrna2	105
evm.utg1609.62	97
utg1609.equina_smart_1617611.mrna1	95
evm.utg1609.65	68
evm.utg1609.73	127
evm.utg1609.84	94
evm.utg1609.87.1.5c22eb78	93
evm.utg1609.87	88
evm.utg1609.88	78
evm.utg1623.3	142
evm.utg1623.10	129
evm.utg1623.15	144
evm.utg1623.21	108
evm.utg1623.23	70
evm.utg1623.24	104
evm.utg1623.25	137
evm.utg1623.27	116
evm.utg1623.30	116
evm.utg1623.31	111
evm.utg1623.35	77
evm.utg1623.36	96
evm.utg1623.37	77
evm.utg1623.38	124
evm.utg1623.39	142
evm.utg1629.1	69
evm.utg1629.4	77
evm.utg1629.12	136
evm.utg1645.2	145
evm.utg1645.3	102
evm.utg1645.4	94
evm.utg1645.6	70
evm.utg1645.7	106
evm.utg1645.10	87
evm.utg1645.15	104
evm.utg1645.16	115
evm.utg1645.18	129
evm.utg1645.21	73
evm.utg1645.22	148
evm.utg1648.5	105
evm.utg1648.16.2.5c22eb8d	142
evm.utg1648.18	138
evm.utg1648.28	86
evm.utg1648.29	109
evm.utg1648.31	112
evm.utg1648.32	113
evm.utg1648.51	149
evm.utg1654.12	103
evm.utg1654.14	82
evm.utg1663.1	88
evm.utg1663.8.1.5c22eba0	137
utg1663.equina_smart_1386026.mrna1	85
evm.utg1663.11	107
evm.utg1663.13	99
evm.utg1663.14	105
evm.utg1663.15	82
evm.utg1663.17	140
utg1663.evm.utg12908.9.mrna2	141
utg1663.equina_smart_239381.mrna1	51
utg1663.equina_smart_1267573.mrna9	61
evm.utg1663.44	71
evm.utg1663.48	141
evm.utg1663.50	112
evm.utg1663.54	129
evm.utg1683.7	68
evm.utg1683.17	147
evm.utg1683.19.1.5c22ebaf	120
evm.utg1683.22	75
utg1683.equina_smart_805040.mrna1	68
evm.utg1683.28	143
evm.utg1683.29	132
evm.utg1683.31	123
evm.utg1683.46	116
evm.utg1683.47	86
evm.utg1683.50	110
utg1683.equina_smart_1482415.mrna1	35
utg1683.equina_smart_1436659.mrna1	35
evm.utg1683.58	143
evm.utg1683.59	106
utg1684.equina_smart_211953.mrna1	46
evm.utg1684.3	71
evm.utg1684.4	113
evm.utg1684.16	119
evm.utg1686.1	86
evm.utg1691.4	125
evm.utg1691.5	129
evm.utg1691.7	128
utg1691.equina_smart_984807.mrna1	53
evm.utg1691.9	93
evm.utg1691.10	97
evm.utg1691.12	142
evm.utg1691.20	124
evm.utg1691.23	111
utg1691.evm.utg1721.29.mrna2	102
utg1691.equina_smart_569110.mrna2	69
utg1694.equina_smart_1688928.mrna11	42
evm.utg1694.3	142
evm.utg1694.5	120
evm.utg1694.14	90
evm.utg1694.15	115
evm.utg1694.23	91
evm.utg1694.26	141
evm.utg1694.27	85
utg1694.equina_smart_24419.mrna1	75
utg1694.equina_smart_19785.mrna1	52
evm.utg1694.49	146
evm.utg1694.50	96
evm.utg1694.64	107
evm.utg1694.66	95
evm.utg1694.68	90
evm.utg1694.72	138
evm.utg1694.77	133
evm.utg1696.1	122
evm.utg1696.3	72
evm.utg1696.4	69
evm.utg1696.13	92
evm.utg1696.20	84
evm.utg1696.21	89
evm.utg1698.2	125
evm.utg1698.5	82
evm.utg1698.9	137
evm.utg1698.13	115
evm.utg1698.15	97
evm.utg1698.16	80
evm.utg1698.17	118
evm.utg1708.1	97
evm.utg1708.6	108
evm.utg1708.10	87
evm.utg1708.11	117
utg1708.equina_smart_1437096.mrna1	104
evm.utg1708.21	116
utg1708.equina_smart_26862.mrna2	110
evm.utg1708.34	126
evm.utg1708.38	98
evm.utg1708.41	127
evm.utg1708.45	105
evm.utg1708.47	96
evm.utg1708.48	110
evm.utg1708.49	125
evm.utg1721.1	103
evm.utg1721.2	71
evm.utg1721.4	116
evm.utg1721.6	148
utg1721.equina_smart_884505.mrna2	149
utg1721.equina_smart_1437121.mrna1	120
evm.utg1721.24	97
evm.utg1721.29	98
evm.utg1721.31	77
utg1721.equina_smart_1437156.mrna1	69
utg1721.equina_smart_1078811.mrna1	61
evm.utg1724.2	148
evm.utg1724.10	127
evm.utg1724.22	142
evm.utg1724.25	104
evm.utg1734.2	143
evm.utg1734.8	70
evm.utg1734.12	144
evm.utg1734.16	138
evm.utg1734.17	104
evm.utg1734.22	75
evm.utg1734.25	149
evm.utg1734.28	88
evm.utg1734.29	109
evm.utg1734.30	103
evm.utg1734.33	100
evm.utg1745.12	81
evm.utg1746.8	147
evm.utg1746.10	71
evm.utg1746.13	145
evm.utg1746.20	93
utg1746.equina_smart_1375250.mrna2	105
evm.utg1746.27	121
evm.utg1746.29	147
evm.utg1748.13.1.5c22ebe5	143
utg1748.equina_smart_64256.mrna1	99
evm.utg1748.19	84
evm.utg1748.21	68
evm.utg1748.23	121
evm.utg1748.24	134
evm.utg1748.27	128
evm.utg1748.32	71
evm.utg1754.1	81
utg1754.equina_smart_60032.mrna2	103
evm.utg1754.10	144
evm.utg1754.19	90
evm.utg1754.26	106
utg1754.equina_smart_1437410.mrna1	146
evm.utg1754.27	104
evm.utg1754.28	99
evm.utg1754.32	137
evm.utg1754.34	122
evm.utg1754.37	95
evm.utg1754.38	128
evm.utg1754.39	142
evm.utg1754.40	110
evm.utg1754.41	116
evm.utg1754.43	90
evm.utg1754.50	124
evm.utg1754.59	123
evm.utg1765.1	105
evm.utg1765.6	84
evm.utg1765.12	90
evm.utg1765.26	129
evm.utg1767.1	132
evm.utg1767.2	133
evm.utg1767.4	148
utg1767.evm.utg17588.6.mrna2	148
evm.utg1767.10	85
evm.utg1767.11	125
evm.utg1767.12	70
evm.utg1767.13	106
evm.utg1767.14	135
evm.utg1781.2	130
evm.utg1781.4	80
evm.utg1781.7	108
evm.utg1781.12	128
utg1781.equina_smart_1167051.mrna1	104
evm.utg1781.17	96
evm.utg1781.21	118
utg1781.equina_smart_69434.mrna2	135
evm.utg1781.37	129
evm.utg1781.43	128
evm.utg1781.51	123
evm.utg1781.54	108
evm.utg1781.55	144
evm.utg1781.62	138
evm.utg1781.66	126
evm.utg1781.71	146
evm.utg1781.72	148
evm.utg1781.73	110
evm.utg1786.3	90
evm.utg1786.6	90
evm.utg1786.9	100
evm.utg1786.11	107
evm.utg1786.12	92
evm.utg1786.13	94
utg1786.equina_smart_956984.mrna1	135
evm.utg1786.22	87
utg1786.equina_smart_1180619.mrna1	96
evm.utg1786.28	146
evm.utg1786.30	85
evm.utg1786.32	74
evm.utg1786.36	96
evm.utg1796.5	124
evm.utg1796.7	124
evm.utg1796.9	124
evm.utg1796.22	79
evm.utg1796.24	108
evm.utg1799.1	142
evm.utg1799.3	143
utg1799.equina_smart_1597874.mrna1	129
utg1799.equina_smart_1597874.mrna2	129
evm.utg1799.6	131
evm.utg1799.7	117
evm.utg1799.9	135
utg1799.equina_smart_1289024.mrna3	77
evm.utg1799.11	126
evm.utg1800.1	112
evm.utg1800.6	75
utg1800.equina_smart_1634.mrna1	129
evm.utg1800.20	97
evm.utg1800.25	126
evm.utg1800.40	125
evm.utg1818.1	118
evm.utg1818.3	68
evm.utg1818.9	138
evm.utg1818.10	79
evm.utg1818.20	146
evm.utg1818.29	140
evm.utg1818.30	99
evm.utg1818.36	130
evm.utg1819.7	97
evm.utg1819.22	97
utg1819.equina_smart_895911.mrna3	82
evm.utg1819.26	132
evm.utg1819.29	128
evm.utg1819.31	94
evm.utg1819.35	109
evm.utg1819.44	138
evm.utg1819.51	142
evm.utg1819.52	124
evm.utg1825.1	115
evm.utg1825.2	149
evm.utg1825.5	101
utg1825.equina_smart_1640695.mrna1	38
evm.utg1825.9	124
evm.utg1825.11	95
evm.utg1825.14	77
evm.utg1825.20	129
evm.utg1825.24	136
evm.utg1825.25	137
utg1825.equina_smart_410043.mrna1	58
evm.utg1825.36	133
utg1825.equina_smart_1828192.mrna1	81
evm.utg1825.38	81
evm.utg1825.39	76
evm.utg1825.40	139
evm.utg1825.43	92
evm.utg1825.44	105
evm.utg1825.45	81
evm.utg1825.46	84
utg1825.equina_smart_1071895.mrna1	77
utg1825.equina_smart_1042707.mrna1	43
evm.utg1825.60	146
utg1825.evm.utg3676.34.mrna2	79
evm.utg1825.68	142
evm.utg1828.3	86
evm.utg1828.6	118
evm.utg1828.1	129
evm.utg1828.8	142
evm.utg1828.10	103
evm.utg1828.12	86
evm.utg1828.15	106
evm.utg1828.19	144
evm.utg1828.24	68
evm.utg1846.11	65
evm.utg1846.24	149
utg1846.equina_smart_817336.mrna1	71
evm.utg1846.36	144
evm.utg1846.40	89
evm.utg1846.50	79
evm.utg1846.53	79
evm.utg1846.54	73
evm.utg1846.67	121
evm.utg1846.69	128
evm.utg1846.74	102
utg1846.equina_smart_1438253.mrna1	79
evm.utg1846.77	84
utg1846.equina_smart_1438140.mrna1	106
evm.utg1846.87	144
evm.utg1846.88	69
evm.utg1846.90	73
utg1846.equina_smart_916736.mrna1	72
evm.utg1846.93	76
evm.utg1846.94	99
evm.utg1846.96	78
evm.utg1846.97	82
evm.utg1846.98	80
evm.utg1846.99	78
evm.utg1846.100	70
evm.utg1846.101	114
evm.utg1846.102	86
evm.utg1846.104	72
evm.utg1857.2	73
evm.utg1857.4	108
evm.utg1857.5	103
evm.utg1857.6	67
evm.utg1857.8	123
evm.utg1866.1	149
evm.utg1866.2	112
evm.utg1866.10	97
evm.utg1866.14	74
evm.utg1866.20	88
evm.utg1866.21	103
evm.utg1866.24	80
utg1866.equina_smart_1102675.mrna3	50
evm.utg1866.30	87
evm.utg1866.32	73
evm.utg1866.33	88
evm.utg1890.1	108
evm.utg1890.3	86
evm.utg1890.15	76
evm.utg1897.6	123
evm.utg1897.7	96
evm.utg1897.19	94
evm.utg1897.21	106
evm.utg1897.22	144
evm.utg1897.24	72
evm.utg1897.34	74
evm.utg1897.38	106
utg1897.equina_smart_669312.mrna2	68
evm.utg1897.46	97
evm.utg1897.47	122
evm.utg1897.48	84
evm.utg1897.57	105
evm.utg1897.62	105
evm.utg1897.65.1.5c22ec42	124
evm.utg1897.65	98
evm.utg1897.68	127
evm.utg1897.71	93
evm.utg1897.71.1.5c22ec43	93
evm.utg1897.71.2.5c22ec43	88
evm.utg1897.70	117
evm.utg1897.72	112
evm.utg1897.74	131
evm.utg1897.76	94
evm.utg1897.80	80
evm.utg1897.82	115
evm.utg1897.86	79
evm.utg1897.87	81
utg1897.equina_smart_1438422.mrna1	31
evm.utg1897.96	122
evm.utg1897.97	119
evm.utg1897.98	79
evm.utg1897.99	117
evm.utg1897.103	98
evm.utg1897.104	121
evm.utg1897.105	73
evm.utg1897.106	95
evm.utg1897.107	87
evm.utg1897.110	132
evm.utg1897.112	134
evm.utg1897.119	118
evm.utg1897.121	89
evm.utg1900.7	93
evm.utg1900.18	68
evm.utg1900.19	124
evm.utg1900.23	119
evm.utg1900.24	77
evm.utg1900.25	79
evm.utg1900.28	86
evm.utg1900.30	143
evm.utg1900.32	109
evm.utg1900.34	133
evm.utg1900.41	108
evm.utg1900.52	105
evm.utg1910.1	86
evm.utg1910.16	85
evm.utg1910.17	148
evm.utg1910.21	118
evm.utg1910.21.1.5c22ec57	112
evm.utg1910.32	124
evm.utg1910.33	103
evm.utg1910.34.1.5c22ec58	129
evm.utg1910.34	139
evm.utg1910.46	137
evm.utg1910.53	77
evm.utg1910.74	144
evm.utg1910.78	145
evm.utg1910.81.1.5c22ec64	123
evm.utg1910.82	147
evm.utg1910.93	96
evm.utg1910.93.1.5c22ec5b	72
evm.utg1910.96	107
evm.utg1910.98	69
evm.utg1910.101	89
evm.utg1910.103	146
utg1910.evm.utg31217.11.mrna2	120
evm.utg1910.104	82
evm.utg1910.105	139
evm.utg1910.106	137
evm.utg1910.107	99
evm.utg1910.109	95
utg1910.equina_smart_534762.mrna1	93
evm.utg1918.8	96
evm.utg1918.9.1.5c22ec5c	146
evm.utg1918.13	136
evm.utg1919.4	127
evm.utg1919.13	83
evm.utg1919.17	142
evm.utg1919.18	112
evm.utg1919.41	91
evm.utg1919.44	120
evm.utg1919.45	132
evm.utg1919.54	71
evm.utg1919.55	89
utg1919.equina_smart_1463257.mrna2	68
evm.utg1919.61	88
utg1919.equina_smart_1105664.mrna2	115
evm.utg1919.68	102
evm.utg1919.79	78
evm.utg1919.87	132
evm.utg1919.94	70
evm.utg1919.95	78
evm.utg1919.99	95
utg1919.equina_smart_1377754.mrna1	119
utg1919.equina_smart_1439109.mrna1	77
evm.utg1919.106	116
evm.utg1919.109	67
evm.utg1919.111	98
evm.utg1919.116	67
evm.utg1919.117	112
evm.utg1923.1	129
utg1923.evm.utg386.20.mrna10	103
evm.utg1923.13	145
evm.utg1925.1	149
evm.utg1925.10	111
evm.utg1925.22	130
evm.utg1925.32	134
evm.utg1925.36	83
evm.utg1925.40	126
evm.utg1925.41	116
evm.utg1925.49	113
evm.utg1925.54	141
evm.utg1925.56	130
utg1925.equina_smart_1642551.mrna1	34
evm.utg1925.60	80
evm.utg1925.63	88
evm.utg1931.2	133
evm.utg1931.6	120
evm.utg1931.7	129
evm.utg1931.13	135
utg1931.equina_smart_1119346.mrna1	140
evm.utg1931.19	128
utg1931.equina_smart_966757.mrna1	48
evm.utg1931.24	72
evm.utg1931.27	146
evm.utg1931.28	124
evm.utg1931.30	108
evm.utg1931.35	127
utg1931.equina_smart_1577937.mrna1	39
evm.utg1931.50	116
evm.utg1931.51	133
evm.utg1931.54	73
utg1931.equina_smart_1098800.mrna1	126
evm.utg1931.62	133
evm.utg1931.75	144
evm.utg1931.80	139
evm.utg1931.84	75
evm.utg1931.86	102
evm.utg1931.90	102
evm.utg1931.90.1.5c22ec73	116
evm.utg1931.93	137
evm.utg1931.95	147
evm.utg1931.96	128
evm.utg1936.1	148
evm.utg1936.4	113
evm.utg1936.9	89
utg1936.equina_smart_1016984.mrna2	143
evm.utg1936.16	70
evm.utg1962.1	129
evm.utg1962.4	126
evm.utg1962.9	121
evm.utg1962.10	123
evm.utg1962.21	97
evm.utg1962.22	102
evm.utg1962.23	102
evm.utg1962.24	104
evm.utg1962.41	72
evm.utg1970.5	148
evm.utg1970.17	108
evm.utg1970.21	102
evm.utg1970.29	119
evm.utg1970.35	111
evm.utg1972.8	134
evm.utg1972.40	72
evm.utg1972.43	111
evm.utg1972.44	99
evm.utg1972.52	99
evm.utg1972.54	133
evm.utg1972.60	125
evm.utg1972.69.1.5c22eca8	124
evm.utg1972.78	137
evm.utg1972.82	105
evm.utg1972.88	148
evm.utg1972.101	138
evm.utg1972.103	102
evm.utg1972.110	119
evm.utg1972.111	104
evm.utg1972.112	119
evm.utg1972.122	92
evm.utg1972.131	85
evm.utg1982.2	146
evm.utg1982.3	132
evm.utg1982.4	75
evm.utg1982.10	132
evm.utg1982.16	137
evm.utg1982.19	114
evm.utg1988.4	134
evm.utg1988.7	142
evm.utg1988.15	135
evm.utg1988.28	142
evm.utg1988.31	121
evm.utg1995.11	137
utg2007.equina_smart_1482040.mrna11	60
utg2007.equina_smart_1739258.mrna7	45
evm.utg2007.1	117
evm.utg2007.2	80
evm.utg2007.8	104
evm.utg2007.10	108
evm.utg2007.14.3.5c22ecb7	109
evm.utg2007.14.1.5c22ecb6	136
evm.utg2007.14.2.5c22ecb6	132
utg2007.equina_smart_1368288.mrna1	41
evm.utg2007.24	75
evm.utg2007.25	127
evm.utg2007.27	143
evm.utg2007.33	97
evm.utg2007.36	140
evm.utg2007.51	105
evm.utg2012.2	74
evm.utg2012.6	110
evm.utg2012.8	90
evm.utg2012.9	124
evm.utg2012.10	98
evm.utg2012.18	95
evm.utg2012.21	104
evm.utg2012.23	86
evm.utg2012.24	87
evm.utg2013.1	127
evm.utg2013.5	95
evm.utg2013.6	137
evm.utg2013.7	149
evm.utg2013.9	74
evm.utg2013.15	121
evm.utg2013.20	122
evm.utg2016.3	83
evm.utg2016.6	122
evm.utg2016.9	117
evm.utg2017.1	98
evm.utg2017.2	86
evm.utg2017.5	83
evm.utg2017.9	117
evm.utg2017.21	120
evm.utg2017.34	88
evm.utg2017.44	132
evm.utg2018.11	115
evm.utg2018.20	123
evm.utg2018.21	127
evm.utg2018.22	92
evm.utg2018.25	99
evm.utg2018.26	67
evm.utg2024.2	113
evm.utg2024.3	144
evm.utg2024.6	77
evm.utg2024.8	73
evm.utg2024.29	130
evm.utg2034.2	127
utg2045.equina_smart_1440781.mrna1	99
evm.utg2045.1	106
evm.utg2045.3	84
evm.utg2045.6	136
evm.utg2045.9	95
evm.utg2045.11	87
evm.utg2045.14	129
evm.utg2045.15	113
evm.utg2045.16	67
utg2070.equina_smart_926960.mrna3	121
evm.utg2070.3	75
evm.utg2070.8	140
evm.utg2070.11	99
evm.utg2071.1	88
evm.utg2071.2	89
evm.utg2071.3	132
evm.utg2071.5	93
evm.utg2071.21	126
evm.utg2071.24	124
evm.utg2071.26	97
evm.utg2071.33	123
evm.utg2071.35	124
evm.utg2071.38	88
evm.utg2071.40	95
evm.utg2071.41	129
evm.utg2071.42	69
utg2071.equina_smart_1490637.mrna2	68
evm.utg2071.47	96
evm.utg2071.57	86
evm.utg2071.60	138
evm.utg2071.61	121
evm.utg2071.63	103
evm.utg2071.73	86
evm.utg2071.76	90
evm.utg2071.78	119
evm.utg2071.79	134
evm.utg2071.84	69
evm.utg2071.86	129
evm.utg2071.87	98
utg2071.equina_smart_1207093.mrna2	145
evm.utg2073.6	132
evm.utg2073.7	149
evm.utg2073.9	134
utg2073.equina_smart_105698.mrna2	47
evm.utg2073.14	71
utg2073.equina_smart_1440943.mrna1	95
evm.utg2073.15	105
evm.utg2073.16	100
evm.utg2073.17	93
evm.utg2073.19	103
evm.utg2073.20	124
evm.utg2073.36	127
evm.utg2073.39	68
evm.utg2073.42	148
evm.utg2073.43	141
evm.utg2073.50	148
evm.utg2083.1	119
evm.utg2083.5	136
evm.utg2083.8	84
evm.utg2083.13	95
evm.utg2083.25	142
evm.utg2083.38	100
utg2083.equina_smart_570029.mrna3	37
evm.utg2083.43	143
evm.utg2083.48	78
evm.utg2083.50	67
evm.utg2083.51	105
evm.utg2083.58	97
evm.utg2083.60	116
evm.utg2083.63	102
evm.utg2083.64.1.5c22ece3.1.5c2791c2	108
evm.utg2083.64.1.5c22ece3	139
evm.utg2083.70	129
evm.utg2083.71	146
evm.utg2083.72	111
evm.utg2097.5	118
evm.utg2097.6	122
evm.utg2097.10	147
evm.utg2097.11	148
evm.utg2097.12	97
evm.utg2097.13	76
evm.utg2097.16	107
evm.utg2097.22	138
evm.utg2097.26	79
evm.utg2097.27	128
evm.utg2097.29	108
evm.utg2097.35	79
evm.utg2099.15	107
evm.utg2099.27	123
evm.utg2099.28.1.5c22ecee	85
evm.utg2099.28	83
evm.utg2099.30	110
evm.utg2099.31.1.5c22ecf2	117
evm.utg2099.32	87
evm.utg2099.39	70
evm.utg2099.47	117
evm.utg2099.50	115
evm.utg2099.55	109
evm.utg2099.56	92
evm.utg2099.57	125
evm.utg2099.59	122
evm.utg2099.60	147
evm.utg2099.62	112
evm.utg2099.65	144
utg2099.equina_smart_1635804.mrna1	50
evm.utg2099.71	89
evm.utg2099.79	80
utg2100.equina_smart_222611utrorf.mrna1	117
evm.utg2100.9	147
evm.utg2100.11	68
evm.utg2100.13	67
evm.utg2100.14	69
evm.utg2100.18	105
evm.utg2100.18.1.5c22ecea	121
evm.utg2100.23	90
utg2100.equina_smart_598173.mrna1	50
evm.utg2100.28	128
evm.utg2100.37	99
evm.utg2100.39	145
evm.utg2100.46	84
evm.utg2108.3	130
evm.utg2108.9	86
evm.utg2108.10	137
evm.utg2108.11	113
evm.utg2108.35	97
evm.utg2108.39	110
evm.utg2108.40	85
utg2108.equina_smart_1441529.mrna1	142
evm.utg2110.3	86
evm.utg2111.1	86
evm.utg2111.6	71
utg2115.evm.utg17293.2.mrna3	95
evm.utg2115.6	99
evm.utg2115.13	67
evm.utg2115.25	122
evm.utg2115.30	129
evm.utg2115.31	145
evm.utg2123.7	81
evm.utg2123.16	109
utg2123.equina_smart_1441743.mrna1	138
utg2123.equina_smart_1784459.mrna1	55
utg2123.evm.utg13.69.mrna2	125
evm.utg2123.24	129
evm.utg2123.25	141
evm.utg2123.27	90
evm.utg2123.33	111
evm.utg2123.35	76
evm.utg2123.36	111
evm.utg2123.39	134
evm.utg2123.42	114
evm.utg2123.48	117
evm.utg2129.1	77
evm.utg2129.4	101
evm.utg2129.24	97
evm.utg2129.27	103
evm.utg2129.29	82
evm.utg2129.31	75
utg2129.equina_smart_654438.mrna1	53
utg2129.equina_smart_1863330.mrna1	50
evm.utg2129.33	143
evm.utg2129.37	137
evm.utg2129.42.1.5c22ed08	146
evm.utg2129.53	128
evm.utg2129.54	85
evm.utg2129.56	116
evm.utg2129.64	145
evm.utg2129.74	109
evm.utg2129.78	94
evm.utg2129.82	141
evm.utg2129.82.1.5c22ed01	106
evm.utg2129.110	91
evm.utg2129.111	71
evm.utg2129.112	132
evm.utg2129.116	125
evm.utg2129.119	109
evm.utg2129.123	129
evm.utg2129.135	107
evm.utg2129.136	143
utg2129.equina_smart_980163.mrna7	110
evm.utg2129.149	95
evm.utg2129.151	125
evm.utg2129.159	87
evm.utg2129.164	80
evm.utg2129.174	77
evm.utg2129.186	69
evm.utg2129.189	72
evm.utg2129.194	131
utg2129.equina_smart_1442220.mrna1	72
evm.utg2129.199	149
evm.utg2129.201	92
evm.utg2129.203	82
evm.utg2129.208	103
evm.utg2129.209	135
evm.utg2143.1	120
evm.utg2155.6	109
evm.utg2155.6.1.5c22ed17	120
evm.utg2155.10	143
evm.utg2156.5	106
evm.utg2156.6	99
evm.utg2156.7	113
evm.utg2156.16	140
evm.utg2156.19	119
utg2156.equina_smart_1442305.mrna1	132
evm.utg2156.24	139
utg2156.equina_smart_428150.mrna1	71
utg2156.equina_smart_1400709.mrna2	74
evm.utg2156.25	89
utg2156.equina_smart_1726560.mrna2	103
utg2156.equina_smart_1442332.mrna1	85
evm.utg2156.26	96
utg2156.equina_smart_1442310.mrna1	79
evm.utg2156.27	139
utg2156.equina_smart_934493.mrna1	71
utg2156.evm.utg3443.67.mrna2	68
evm.utg2156.28	126
utg2156.equina_smart_270287.mrna1	77
utg2156.equina_smart_731335.mrna1	74
evm.utg2159.3	141
evm.utg2159.7	117
evm.utg2159.13	100
evm.utg2159.20	102
evm.utg2159.23	95
evm.utg2159.26	125
utg2159.equina_smart_64256.mrna2	99
evm.utg2159.40	120
evm.utg2159.43	112
evm.utg2159.44	88
evm.utg2159.45	144
evm.utg2159.46	96
evm.utg2159.50	74
evm.utg2185.1	115
evm.utg2185.6	80
evm.utg2185.10	92
utg2185.equina_smart_1442432utrorf.mrna1	144
utg2196.evm.utg2083.71.mrna2	142
evm.utg2196.6	104
evm.utg2200.49	88
utg2200.equina_smart_497330.mrna2	50
utg2200.equina_smart_483851.mrna1	124
utg2200.equina_smart_1442500.mrna1	147
utg2200.equina_smart_1442528utrorf.mrna1	136
evm.utg2200.2	110
evm.utg2200.12	73
utg2200.equina_smart_1442560.mrna2	37
evm.utg2200.17	109
evm.utg2200.25	107
evm.utg2200.26	130
evm.utg2200.28	94
evm.utg2200.39	147
evm.utg2200.41	113
evm.utg2200.44	75
evm.utg2200.46	85
evm.utg2200.47	78
evm.utg2201.1	121
evm.utg2201.5	90
evm.utg2201.11	120
evm.utg2205.1	86
evm.utg2205.6	94
utg2205.equina_smart_1890958.mrna2	102
evm.utg2205.10	87
evm.utg2205.13	102
evm.utg2205.14	148
evm.utg2216.1	129
evm.utg2216.11.1.5c22ed36	132
evm.utg2216.15	94
utg2216.equina_smart_1074275.mrna1	66
evm.utg2216.19	87
evm.utg2216.21	149
evm.utg2216.23	131
evm.utg2216.25	103
evm.utg2216.26	112
evm.utg2216.27	72
evm.utg2216.28	107
evm.utg2216.30	102
evm.utg2246.6	117
evm.utg2246.7	77
evm.utg2246.19	77
evm.utg2246.29	100
evm.utg2246.32	142
evm.utg2246.38	75
evm.utg2246.46	96
evm.utg2246.49	83
evm.utg2246.50	90
evm.utg2246.55	109
evm.utg2246.56	130
evm.utg2246.59	140
utg2246.equina_smart_1354893.mrna1	118
evm.utg2246.70	128
evm.utg2246.71	106
evm.utg2246.72	91
evm.utg2246.75	77
utg2246.equina_smart_1418018.mrna7	104
evm.utg2246.82	88
evm.utg2246.86	107
evm.utg2246.87	117
evm.utg2246.91	127
evm.utg2246.92	137
evm.utg2246.98	86
evm.utg2246.99	86
evm.utg2246.100	86
evm.utg2246.101	86
evm.utg2246.104	149
evm.utg2247.6	69
utg2247.equina_smart_1046923.mrna2	122
evm.utg2247.7	110
evm.utg2247.11	127
evm.utg2247.23	104
utg2247.evm.utg2156.26.mrna8	96
evm.utg2247.24	86
evm.utg2247.27	75
evm.utg2247.28	127
evm.utg2247.30	80
utg2255.equina_smart_1591393.mrna9	81
evm.utg2255.1	87
evm.utg2255.10	110
evm.utg2255.13	132
evm.utg2255.16	101
evm.utg2255.19	132
evm.utg2255.21	124
evm.utg2255.25	106
evm.utg2255.26	141
evm.utg2269.1	129
evm.utg2269.7	107
evm.utg2269.8	101
evm.utg2269.12	121
evm.utg2269.22	128
evm.utg2269.24	136
evm.utg2269.31	97
evm.utg2269.33	149
evm.utg2269.34	106
evm.utg2269.35	99
evm.utg2269.36	99
evm.utg2269.38	106
evm.utg2269.40	131
evm.utg2269.44	91
evm.utg2269.51	113
evm.utg2269.52	96
evm.utg2269.55	96
evm.utg2274.2	138
evm.utg2274.7	139
evm.utg2274.12	125
evm.utg2274.13	116
evm.utg2279.5	105
evm.utg2279.8	104
evm.utg2279.11	135
evm.utg2279.18	88
evm.utg2291.1	99
evm.utg2291.6	139
utg2291.equina_smart_1443267.mrna1	40
evm.utg2291.14	74
evm.utg2291.19	102
evm.utg2291.25	126
evm.utg2291.26	115
evm.utg2291.28	115
utg2291.equina_smart_1443319.mrna1	133
evm.utg2291.38	120
evm.utg2291.39	94
evm.utg2291.41	126
evm.utg2298.2	137
utg2298.equina_smart_745186.mrna1	115
evm.utg2298.11	113
evm.utg2298.31	82
evm.utg2298.34.1.5c22ed5b	144
evm.utg2298.38	117
evm.utg2298.41	141
evm.utg2298.45	131
evm.utg2299.5	92
evm.utg2299.6	85
evm.utg2299.14	131
evm.utg2299.17	107
utg2299.equina_smart_1561324.mrna2	127
evm.utg2303.12	93
evm.utg2303.25	112
evm.utg2303.28	141
evm.utg2303.43.1.5c22ed61	138
evm.utg2303.44	126
utg2303.equina_smart_1666003.mrna6	49
evm.utg2303.62	128
utg2303.equina_smart_1630186.mrna2	51
utg2303.equina_smart_1630186.mrna3	51
evm.utg2323.8	120
evm.utg2327.3	93
evm.utg2327.12	124
evm.utg2327.15	140
evm.utg2327.19	84
evm.utg2327.23	117
evm.utg2327.30	81
evm.utg2327.31	120
evm.utg2327.32	132
evm.utg2327.34	100
evm.utg2327.41	113
evm.utg2327.42	101
evm.utg2327.46	105
evm.utg2333.6	112
utg2333.evm.utg293.70.mrna3	102
evm.utg2333.8	104
evm.utg2333.9	138
evm.utg2333.10	107
evm.utg2338.1	128
evm.utg2338.2	145
evm.utg2338.3	113
evm.utg2338.8	140
evm.utg2338.12	92
evm.utg2338.13	114
evm.utg2338.14	89
evm.utg2338.18	147
evm.utg2338.20	87
utg2343.equina_smart_1608568.mrna5	42
evm.utg2343.3	104
evm.utg2343.4	135
utg2343.equina_smart_1811815.mrna12	111
utg2343.equina_smart_1869304.mrna6	43
utg2343.equina_smart_1692402.mrna7	46
utg2343.equina_smart_410645.mrna1	43
evm.utg2350.20	113
evm.utg2353.1	115
evm.utg2353.2	89
evm.utg2353.3	139
evm.utg2353.4	107
evm.utg2353.11	81
evm.utg2353.12	126
evm.utg2353.16	67
evm.utg2353.20	118
evm.utg2353.33	95
evm.utg2353.52	71
evm.utg2355.1	142
evm.utg2356.1	139
evm.utg2356.6	72
evm.utg2356.9	128
evm.utg2356.13	136
evm.utg2356.14	142
evm.utg2356.15	95
evm.utg2356.19	67
evm.utg2356.21	103
evm.utg2356.24	107
utg2356.evm.utg2716.12.mrna9	84
evm.utg2356.31	139
evm.utg2367.6	133
evm.utg2367.15	144
evm.utg2367.17	114
evm.utg2367.30	140
evm.utg2371.2	94
evm.utg2371.6	111
evm.utg2371.7	96
evm.utg2371.9	130
evm.utg2371.13	139
evm.utg2371.18	145
evm.utg2371.23	107
evm.utg2371.24	125
evm.utg2371.28	122
evm.utg2371.30	116
evm.utg2371.40	118
evm.utg2371.41	126
evm.utg2371.45	110
evm.utg2371.48	91
evm.utg2371.56	141
evm.utg2371.63	107
evm.utg2371.68	81
evm.utg2371.69	120
evm.utg2371.70	132
evm.utg2371.79	119
evm.utg2379.16	97
evm.utg2379.22	120
evm.utg2379.27	136
evm.utg2379.2	80
evm.utg2379.5	91
evm.utg2379.6	67
utg2379.equina_smart_1443969.mrna1	77
utg2379.equina_smart_529303.mrna1	101
utg2379.equina_smart_1027244.mrna3	70
utg2379.equina_smart_1636200.mrna1	122
utg2379.equina_smart_1840074.mrna2	84
utg2379.equina_smart_103384.mrna2	104
evm.utg2379.11	127
evm.utg2379.13	114
evm.utg2417.1	135
evm.utg2417.2	131
evm.utg2417.9	82
utg2417.evm.utg62.151.mrna2	149
evm.utg2417.23	86
evm.utg2417.24	113
evm.utg2417.26	126
evm.utg2426.9	103
evm.utg2426.17	116
evm.utg2426.23	68
evm.utg2426.27	102
evm.utg2426.33	105
evm.utg2426.34	107
evm.utg2426.36	86
evm.utg2426.38	91
evm.utg2426.40	125
evm.utg2427.7	90
evm.utg2427.9	127
evm.utg2427.17	119
evm.utg2427.20	90
evm.utg2427.22	92
evm.utg2427.23	76
evm.utg2427.25	127
evm.utg2427.26	112
evm.utg2428.8	76
evm.utg2428.12	101
utg2428.equina_smart_29666.mrna1	129
evm.utg2428.28	79
evm.utg2428.31	79
evm.utg2428.34	91
evm.utg2428.35	110
evm.utg2428.36	80
evm.utg2428.37	146
utg2433.equina_smart_1589406.mrna7	71
utg2433.equina_smart_1591393.mrna5	81
evm.utg2476.1	117
evm.utg2476.5	124
evm.utg2482.4	129
evm.utg2482.5	130
evm.utg2482.6	93
evm.utg2482.8	114
evm.utg2482.9	123
evm.utg2482.10	136
evm.utg2482.15	128
evm.utg2482.19	146
evm.utg2482.20	148
evm.utg2482.21	84
evm.utg2483.11	145
evm.utg2483.17	81
evm.utg2483.54	117
evm.utg2483.60	143
utg2487.equina_smart_1107060.mrna2	98
evm.utg2487.10	74
evm.utg2487.12	98
evm.utg2487.13	87
evm.utg2487.27	132
utg2487.equina_smart_1656874.mrna2	50
utg2487.equina_smart_1624086.mrna1	50
utg2487.equina_smart_1656874.mrna1	50
evm.utg2487.52	73
evm.utg2487.58	67
utg2487.equina_smart_1114829.mrna1	58
evm.utg2521.8	127
evm.utg2521.12	107
evm.utg2521.18	147
evm.utg2521.22	144
evm.utg2526.1	142
evm.utg2526.2	73
evm.utg2526.4	71
evm.utg2526.10	104
evm.utg2526.13	86
evm.utg2526.16	99
evm.utg2526.20	94
evm.utg2526.22	136
evm.utg2526.25	74
evm.utg2526.29	141
evm.utg2529.1	79
evm.utg2529.11	78
evm.utg2529.12	102
evm.utg2529.15	144
evm.utg2529.17	126
evm.utg2529.32	118
evm.utg2529.34	125
evm.utg2529.35	109
evm.utg2529.37	123
utg2581.equina_smart_1445052.mrna1	72
evm.utg2581.8	99
evm.utg2585.4	73
evm.utg2585.5	116
evm.utg2585.10	109
evm.utg2599.3	117
evm.utg2599.5	109
evm.utg2599.10	100
evm.utg2599.13	122
evm.utg2599.14	108
evm.utg2599.19	78
evm.utg2599.23	140
evm.utg2599.24	135
evm.utg2599.28	119
evm.utg2599.30	111
evm.utg2599.39	125
evm.utg2600.1	75
evm.utg2600.8	79
evm.utg2600.9	107
evm.utg2600.11	93
evm.utg2600.19	104
evm.utg2600.20	135
utg2601.equina_smart_576235.mrna1	93
evm.utg2601.7	136
evm.utg2601.19	108
evm.utg2601.20	125
evm.utg2601.32	129
evm.utg2601.34	144
evm.utg2601.38	76
evm.utg2601.42	146
evm.utg2601.43	88
evm.utg2601.45	120
evm.utg2601.51	141
evm.utg2601.52	85
evm.utg2601.53	85
evm.utg2601.54	100
evm.utg2601.61	113
evm.utg2601.64	143
evm.utg2601.67	126
evm.utg2601.80	121
evm.utg2601.86	132
evm.utg2601.93	93
evm.utg2601.100	124
evm.utg2601.104	125
evm.utg2603.13	104
evm.utg2603.15	100
evm.utg2603.17	120
evm.utg2603.21	121
evm.utg2603.28	87
evm.utg2603.32	130
evm.utg2603.33	126
evm.utg2603.37	102
evm.utg2603.40	86
evm.utg2603.44	78
evm.utg2603.46	84
evm.utg2603.48	119
evm.utg2603.50	137
evm.utg2606.2	143
evm.utg2606.5	102
evm.utg2606.8	93
evm.utg2606.17	88
evm.utg2606.20	79
evm.utg2606.27	75
evm.utg2606.29	79
evm.utg2606.34	67
evm.utg2606.36	101
utg2606.equina_smart_568260.mrna1	37
utg2606.equina_smart_327983.mrna1	79
evm.utg2606.41	68
evm.utg2606.48	99
evm.utg2614.18	93
evm.utg2614.19	137
evm.utg2614.20	100
evm.utg2614.29	74
evm.utg2614.32	78
evm.utg2614.43	101
utg2614.equina_smart_196763utrorf.mrna4	123
utg2614.equina_smart_1445444.mrna1	121
evm.utg2637.1	65
evm.utg2637.4	98
evm.utg2637.9	138
evm.utg2661.5.4.5c22edfb	147
evm.utg2661.5.1.5c22edfa	114
evm.utg2661.5.2.5c22edfa	91
evm.utg2661.5.3.5c22edfa	119
evm.utg2661.5	119
utg2661.equina_smart_1185806.mrna1	82
evm.utg2661.19	69
utg2667.equina_smart_1785435.mrna2	62
utg2667.equina_smart_398419.mrna2	114
utg2667.evm.utg820.12.mrna3	78
utg2672.equina_smart_413503.mrna4	123
evm.utg2672.4	115
evm.utg2672.5	145
evm.utg2672.8	141
evm.utg2672.10	114
evm.utg2674.1	90
evm.utg2674.3	98
evm.utg2674.10	112
evm.utg2674.19	80
evm.utg2674.25	119
evm.utg2674.28	141
evm.utg2674.29	145
evm.utg2674.32	137
evm.utg2674.37	106
evm.utg2674.39	122
evm.utg2674.40	121
evm.utg2674.45	125
evm.utg2682.1	69
utg2682.equina_smart_1524574.mrna5	40
evm.utg2682.7	129
evm.utg2682.16	122
evm.utg2690.1	89
evm.utg2690.2	112
evm.utg2690.8	129
evm.utg2690.12	124
evm.utg2690.13	84
evm.utg2690.25	97
evm.utg2690.31	120
evm.utg2690.35	121
evm.utg2690.38	141
evm.utg2694.5	119
evm.utg2698.6	95
utg2704.equina_smart_823336.mrna1	74
evm.utg2704.7	115
evm.utg2704.16	105
evm.utg2704.18	133
evm.utg2704.26	84
evm.utg2704.26.1.5c22ee07	84
evm.utg2704.26.2.5c22ee07	84
utg2704.equina_smart_1445729.mrna1	112
evm.utg2704.27	78
utg2704.equina_smart_1477930.mrna3	141
evm.utg2704.44	77
evm.utg2704.46	81
evm.utg2713.1	148
evm.utg2716.1	99
evm.utg2716.6	89
evm.utg2716.12	84
evm.utg2716.14	121
evm.utg2716.16	144
evm.utg2716.18	148
evm.utg2733.2	138
evm.utg2733.4	81
evm.utg2733.8	100
evm.utg2733.9	122
evm.utg2733.15	96
evm.utg2733.17	140
evm.utg2733.19	113
evm.utg2757.20	115
evm.utg2757.26	134
evm.utg2757.34	101
evm.utg2757.36	91
evm.utg2757.37	101
evm.utg2757.42	120
utg2757.equina_smart_628199.mrna6	138
evm.utg2757.70	93
evm.utg2757.78	73
evm.utg2757.81	85
utg2757.equina_smart_959052.mrna1	81
evm.utg2757.82	103
evm.utg2779.1	146
evm.utg2779.3	118
evm.utg2779.4	73
evm.utg2779.5	128
evm.utg2798.1	89
evm.utg2798.6	101
evm.utg2798.8	96
evm.utg2798.14	105
evm.utg2798.15	85
utg2798.equina_smart_914153.mrna1	64
utg2798.equina_smart_1617407.mrna9	39
evm.utg2798.50	141
evm.utg2798.53	95
evm.utg2798.54	145
evm.utg2798.55.1.5c22ee3e	61
evm.utg2798.55	78
evm.utg2798.61	128
utg2801.equina_smart_402164.mrna1	118
evm.utg2801.1	79
evm.utg2801.8	74
evm.utg2801.24	115
evm.utg2801.31	86
evm.utg2801.35	146
evm.utg2801.60	109
evm.utg2814.12	135
evm.utg2814.13	78
evm.utg2814.18	96
evm.utg2814.20	127
evm.utg2814.28	98
evm.utg2814.36	90
evm.utg2814.37	120
evm.utg2814.39	84
evm.utg2814.40	94
evm.utg2817.3	104
evm.utg2817.7	101
evm.utg2817.10	92
evm.utg2817.19	109
evm.utg2817.29	102
evm.utg2817.33	112
evm.utg2817.36	139
evm.utg2817.39	127
evm.utg2818.4	113
evm.utg2818.8	80
utg2818.equina_smart_194639.mrna2	117
evm.utg2818.19	90
evm.utg2818.29	98
evm.utg2818.31	75
evm.utg2818.49	134
evm.utg2818.50	144
evm.utg2818.53	138
evm.utg2818.57	106
evm.utg2818.58	84
evm.utg2818.70	124
evm.utg2818.72	89
evm.utg2818.79	90
evm.utg2818.80	77
evm.utg2818.85	127
evm.utg2818.86	105
evm.utg2818.92	85
evm.utg2818.93	104
evm.utg2838.1	90
evm.utg2838.10	68
evm.utg2838.12	84
evm.utg2838.14	121
evm.utg2838.16	106
evm.utg2838.24	141
evm.utg2849.4	147
evm.utg2849.6	90
evm.utg2849.7	87
evm.utg2849.8	111
evm.utg2849.12	104
evm.utg2849.16	89
evm.utg2849.18	99
evm.utg2849.19	116
evm.utg2849.21	128
evm.utg2849.29	136
evm.utg2849.30	89
evm.utg2858.12	124
evm.utg2858.33	82
evm.utg2858.38	100
evm.utg2869.1	50
evm.utg2901.4	84
evm.utg2901.11	141
evm.utg2901.15	145
evm.utg2901.16	100
evm.utg2901.17	91
evm.utg2901.20	137
evm.utg2901.21	87
evm.utg2901.23	103
evm.utg2901.27	73
evm.utg2929.1	144
evm.utg2929.10.1.5c22ee6a	129
evm.utg2929.10	108
utg2929.evm.utg616.112.mrna8	116
evm.utg2929.11	73
evm.utg2929.13	123
evm.utg2929.14	144
evm.utg2932.5	82
evm.utg2932.6	118
evm.utg2932.8	106
evm.utg2932.15	120
evm.utg2932.16	122
evm.utg2932.18	109
evm.utg2932.21	103
evm.utg2932.23	149
evm.utg2932.26	144
evm.utg2932.27	116
evm.utg2932.32	130
evm.utg2932.34	116
evm.utg2932.36	74
evm.utg2932.37	82
evm.utg2932.42	73
evm.utg2932.45	124
evm.utg2932.47	135
utg2967.evm.utg2967.6.mrna2	110
evm.utg2967.5	131
evm.utg2967.6	110
evm.utg2967.7	112
evm.utg2967.13	145
evm.utg2967.14	132
evm.utg2967.15	105
evm.utg2967.18	72
evm.utg2967.19	135
evm.utg2967.22.1.5c22ee72	89
evm.utg2967.22.2.5c22ee72	89
evm.utg2967.22	89
evm.utg2967.20	77
evm.utg2967.21	135
evm.utg2967.23	135
evm.utg2967.25	148
evm.utg2967.26	148
evm.utg2967.27	135
evm.utg2967.28	148
evm.utg2967.31	137
evm.utg2967.31.1.5c22ee73	143
evm.utg2967.43	112
evm.utg2969.10	101
evm.utg2969.13	114
evm.utg2969.19	93
evm.utg2969.21	85
evm.utg2969.30	95
evm.utg2969.32	143
evm.utg2969.39	138
evm.utg2969.41	122
evm.utg2969.45	110
evm.utg2969.46	137
evm.utg2969.47	122
evm.utg2969.48	122
evm.utg2969.49	120
evm.utg2969.52	86
evm.utg2969.53	125
evm.utg2969.56	114
evm.utg2969.59	113
evm.utg2969.60	104
evm.utg2969.62	89
evm.utg2969.64	110
evm.utg2969.65	90
evm.utg2969.66	114
evm.utg2969.67	96
evm.utg2969.68	107
evm.utg2969.72	88
evm.utg2994.13	73
utg2994.equina_smart_56981.mrna1	92
evm.utg2994.20	134
utg2994.equina_smart_1054601.mrna1	141
evm.utg2994.39	114
evm.utg2994.41	98
evm.utg2994.42	118
evm.utg2994.49	98
utg2994.equina_smart_1359323.mrna1	39
evm.utg2994.79	140
evm.utg2994.83	82
evm.utg2994.89	148
evm.utg2994.90	134
evm.utg2994.104	108
evm.utg2994.105	123
evm.utg2994.106	102
evm.utg3013.8	147
evm.utg3013.14	102
evm.utg3013.15	72
utg3013.equina_smart_893558.mrna1	65
evm.utg3013.23	144
evm.utg3013.28	95
evm.utg3013.41	79
evm.utg3013.44	106
evm.utg3013.45	84
evm.utg3013.53	94
evm.utg3019.5	87
utg3019.evm.utg12080.2.mrna5	133
utg3019.evm.utg12087.2.mrna3	134
evm.utg3019.9	131
evm.utg3019.13	82
evm.utg3019.19	101
evm.utg3019.21	115
utg3019.equina_smart_1074048.mrna1	59
evm.utg3019.26	122
evm.utg3019.31	147
evm.utg3019.34	77
evm.utg3019.37	146
evm.utg3019.39	120
evm.utg3019.48	91
evm.utg3019.53	144
evm.utg3019.53.1.5c22eead	122
evm.utg3022.5	145
evm.utg3022.9	86
evm.utg3022.11	117
evm.utg3022.12	89
evm.utg3022.15	130
evm.utg3022.17	104
utg3022.equina_smart_1524574.mrna4	40
utg3022.equina_smart_657794.mrna6	71
evm.utg3022.22	89
evm.utg3022.24	98
evm.utg3041.5	140
evm.utg3041.16	71
evm.utg3041.28	135
evm.utg3041.32	95
evm.utg3041.33	96
evm.utg3041.34	121
evm.utg3041.35	149
utg3041.equina_smart_1447841.mrna1	51
utg3041.equina_smart_507844.mrna1	112
evm.utg3041.52	117
evm.utg3041.53	118
evm.utg3080.3	93
evm.utg3090.1	77
evm.utg3090.4	131
evm.utg3090.12	130
evm.utg3090.14	114
evm.utg3090.18	138
evm.utg3090.19	121
evm.utg3090.20	129
evm.utg3090.21	107
evm.utg3090.28	148
evm.utg3090.29	131
utg3090.evm.utg14366.23.mrna2	98
evm.utg3090.32	137
evm.utg3090.33	88
evm.utg3090.34	121
evm.utg3090.35	112
evm.utg3090.37	114
evm.utg3090.43	136
evm.utg3090.44	146
evm.utg3090.48	123
evm.utg3090.49	126
evm.utg3092.6	121
evm.utg3092.48	113
evm.utg3092.56	115
evm.utg3092.57	145
evm.utg3093.13	132
utg3093.equina_smart_1519395.mrna2	40
evm.utg3117.5	131
evm.utg3117.9	141
evm.utg3155.1	131
evm.utg3155.2	134
evm.utg3155.6	111
evm.utg3155.8	145
evm.utg3155.14	128
utg3155.equina_smart_392757.mrna2	77
evm.utg3155.28	139
evm.utg3155.32	122
evm.utg3155.38	71
evm.utg3155.41	142
evm.utg3155.45	69
evm.utg3156.17	124
evm.utg3158.1	139
evm.utg3158.4	67
evm.utg3158.5	147
evm.utg3158.13	98
evm.utg3158.18	134
evm.utg3158.44	131
evm.utg3158.50	95
evm.utg3158.51	87
evm.utg3158.68	112
evm.utg3158.74	122
evm.utg3158.75	118
evm.utg3158.79	101
evm.utg3158.82	88
evm.utg3158.86	71
evm.utg3159.1	111
evm.utg3159.2	130
evm.utg3159.3	143
evm.utg3159.4	91
evm.utg3159.5	73
evm.utg3159.10	90
evm.utg3159.15	82
evm.utg3164.1	95
evm.utg3164.2	77
evm.utg3164.3	71
evm.utg3164.6	148
evm.utg3164.9	146
evm.utg3164.9.1.5c22eee7	146
evm.utg3164.10	112
evm.utg3164.12	106
evm.utg3164.14	149
evm.utg3164.17	130
evm.utg3164.22	125
evm.utg3164.26	83
evm.utg3164.31	119
evm.utg3164.32	121
evm.utg3164.34	126
evm.utg3164.39	93
evm.utg3164.40	76
evm.utg3164.41	100
evm.utg3164.42	136
evm.utg3164.47	149
evm.utg3164.56	136
evm.utg3164.58	100
evm.utg3164.59	100
utg3164.evm.utg1746.20.mrna2	84
evm.utg3164.62	108
evm.utg3164.64	144
evm.utg3164.65	112
evm.utg3164.67	132
evm.utg3164.71	81
evm.utg3169.3	91
evm.utg3169.10	138
evm.utg3169.12	82
evm.utg3169.13	82
evm.utg3169.14	82
evm.utg3174.1	53
evm.utg3174.8	101
evm.utg3174.22	129
utg3174.equina_smart_36519.mrna1	74
utg3174.equina_smart_1843324.mrna1	31
evm.utg3174.31	127
evm.utg3174.31.1.5c22eee9	128
evm.utg3174.31.2.5c22eee9	90
evm.utg3174.31.3.5c22eee9	129
evm.utg3174.33	125
evm.utg3174.35	86
evm.utg3174.38	59
evm.utg3174.53	147
evm.utg3178.6	86
evm.utg3181.5	75
evm.utg3181.10	136
utg3197.equina_smart_1415489.mrna2	53
evm.utg3197.1	124
evm.utg3197.3	120
evm.utg3197.4	142
evm.utg3197.20	117
evm.utg3197.21	75
evm.utg3197.22	97
evm.utg3197.24	123
utg3197.equina_smart_395245.mrna1	101
evm.utg3199.5	124
evm.utg3199.7	147
evm.utg3199.9	111
evm.utg3199.13	110
evm.utg3199.21	102
evm.utg3199.30	114
evm.utg3199.34	88
evm.utg3199.35	111
evm.utg3199.36	89
evm.utg3199.37	73
evm.utg3199.38	69
evm.utg3199.39	90
evm.utg3199.40	82
evm.utg3199.49	109
evm.utg3199.50	134
evm.utg3199.51	95
evm.utg3199.60	128
evm.utg3199.69	126
evm.utg3199.72	76
evm.utg3201.8	137
evm.utg3201.21	135
evm.utg3201.23	140
evm.utg3201.34	108
evm.utg3201.36	132
evm.utg3201.37	96
evm.utg3201.41	84
evm.utg3201.42	141
evm.utg3201.48	78
evm.utg3201.49	136
evm.utg3210.8	128
evm.utg3210.18	100
evm.utg3210.19	147
evm.utg3210.20	72
evm.utg3210.22	96
evm.utg3210.32	81
evm.utg3211.17	115
evm.utg3220.1	111
evm.utg3220.7	132
evm.utg3220.8	93
evm.utg3222.3	136
evm.utg3222.6	79
evm.utg3222.7	110
evm.utg3222.14	136
utg3235.equina_smart_1449187.mrna1	87
evm.utg3235.2	100
evm.utg3235.5	100
utg3235.equina_smart_416527.mrna2	61
evm.utg3235.15	78
evm.utg3235.18	144
evm.utg3235.20	79
evm.utg3235.24	136
evm.utg3260.6	84
utg3260.equina_smart_1119528.mrna1	103
evm.utg3260.12	143
evm.utg3260.21	108
evm.utg3260.25	145
evm.utg3260.31	147
evm.utg3260.31.1.5c22ef16	144
evm.utg3260.33	114
evm.utg3283.2	143
evm.utg3283.12	135
evm.utg3283.16	146
evm.utg3283.31	112
utg3284.equina_smart_1418018.mrna12	110
utg3284.equina_smart_1598954.mrna1	38
utg3284.equina_smart_1449476.mrna1	112
evm.utg3284.4	82
evm.utg3284.16	99
evm.utg3284.19	102
evm.utg3284.23	107
evm.utg3284.24	97
evm.utg3284.26	100
evm.utg3284.29	69
evm.utg3284.32	109
evm.utg3284.39	108
evm.utg3284.43	135
evm.utg3284.43.1.5c22ef20	99
evm.utg3284.45	122
evm.utg3284.46	99
evm.utg3284.47	122
evm.utg3284.50	104
evm.utg3284.55	74
evm.utg3284.58	125
evm.utg3284.61	87
evm.utg3284.64	118
evm.utg3284.70	101
evm.utg3284.71	136
evm.utg3284.73.2.5c22ef25	130
evm.utg3292.5	119
evm.utg3292.10	80
evm.utg3292.13	139
evm.utg3292.14	116
evm.utg3292.27	108
evm.utg3292.38	140
evm.utg3292.39	114
evm.utg3292.40	111
evm.utg3292.42	95
evm.utg3295.2	84
evm.utg3295.3	120
evm.utg3295.4	80
evm.utg3295.5	73
evm.utg3295.6	136
evm.utg3295.7	83
evm.utg3295.10	140
evm.utg3295.12	68
evm.utg3295.13	70
evm.utg3295.14	70
evm.utg3295.15	68
evm.utg3295.16	85
evm.utg3295.17	133
evm.utg3295.18	108
evm.utg3295.19	88
evm.utg3329.1	68
evm.utg3329.3	142
evm.utg3329.5	140
evm.utg3329.6	106
utg3329.equina_smart_1139456.mrna6	89
utg3329.equina_smart_1624084.mrna1	50
evm.utg3329.15	80
utg3329.evm.utg10709.5.mrna3	68
evm.utg3329.29	92
evm.utg3329.30	123
evm.utg3329.38	120
evm.utg3339.3	135
utg3339.equina_smart_1469415.mrna2	106
evm.utg3339.5	126
evm.utg3339.6	121
evm.utg3339.9	123
utg3339.equina_smart_1289024.mrna5	77
evm.utg3339.11	149
evm.utg3339.12	114
evm.utg3339.13	135
evm.utg3339.17	117
evm.utg3339.20	105
evm.utg3339.23	147
evm.utg3339.25	109
evm.utg3365.5	88
evm.utg3365.5.1.5c22ef3b	81
evm.utg3365.6	122
evm.utg3365.22	116
evm.utg3365.27	106
evm.utg3365.33	133
evm.utg3365.35	146
evm.utg3380.1	108
evm.utg3380.2	105
evm.utg3380.3	132
evm.utg3380.4	78
evm.utg3380.12	76
evm.utg3380.24	147
evm.utg3380.33	108
utg3380.equina_smart_701702.mrna2	57
evm.utg3380.38	89
evm.utg3400.4	97
evm.utg3403.2	126
evm.utg3403.6	107
evm.utg3403.7	114
evm.utg3403.11	101
evm.utg3403.12	141
utg3403.equina_smart_812193.mrna1	74
evm.utg3403.23	114
evm.utg3409.2	79
evm.utg3409.5	73
evm.utg3409.6	140
evm.utg3409.7	69
evm.utg3409.9	139
evm.utg3409.13	87
evm.utg3409.20	147
utg3436.equina_smart_452659.mrna3	50
evm.utg3436.9	104
evm.utg3436.12	86
evm.utg3443.1	123
evm.utg3443.3	78
evm.utg3443.4	80
evm.utg3443.5	133
evm.utg3443.8	100
evm.utg3443.10	72
evm.utg3443.11	128
evm.utg3443.14	98
evm.utg3443.16.1.5c22ef5b	110
evm.utg3443.26	67
evm.utg3443.40	114
evm.utg3443.42	120
evm.utg3443.45	76
evm.utg3443.51	103
utg3443.evm.utg1746.20.mrna6	84
evm.utg3443.64	141
evm.utg3443.67	68
evm.utg3443.70	97
evm.utg3443.73	108
evm.utg3443.74	72
evm.utg3447.4	85
evm.utg3447.5	132
evm.utg3447.11	114
evm.utg3447.13	103
evm.utg3447.14	116
evm.utg3447.21	68
evm.utg3447.22	123
evm.utg3447.23	95
evm.utg3447.24	86
evm.utg3447.26	95
evm.utg3447.27	102
utg3452.equina_smart_1234569.mrna2	86
utg3467.equina_smart_1102672.mrna2	74
evm.utg3467.4	110
evm.utg3467.6	107
evm.utg3470.10	120
evm.utg3470.21	126
evm.utg3470.22	68
evm.utg3474.2	106
evm.utg3474.9	100
utg3474.equina_smart_1570540.mrna1	53
utg3474.equina_smart_1023792.mrna2	45
evm.utg3474.11	97
evm.utg3474.15	111
evm.utg3474.19	84
evm.utg3474.20	80
evm.utg3474.26	129
evm.utg3474.27	116
evm.utg3474.29	109
evm.utg3487.1	121
evm.utg3487.3	101
evm.utg3487.8	143
utg3487.equina_smart_984856.mrna3	49
utg3487.equina_smart_1828192.mrna2	81
evm.utg3487.31	123
evm.utg3487.34	107
evm.utg3509.9	129
evm.utg3509.19	124
evm.utg3509.20	141
utg3522.equina_smart_1668065.mrna1	50
evm.utg3522.9	149
utg3522.equina_smart_989148.mrna3	90
utg3522.evm.utg1781.30.mrna7	95
evm.utg3522.19	79
evm.utg3522.33	148
evm.utg3522.40.1.5c22ef82	140
evm.utg3522.40.2.5c22ef82	140
evm.utg3522.49	100
evm.utg3522.49.1.5c22ef7e	100
evm.utg3522.48	134
evm.utg3522.50	101
evm.utg3522.57	68
evm.utg3522.70	101
evm.utg3522.71	116
evm.utg3522.78	130
evm.utg3536.1	108
evm.utg3536.15	104
evm.utg3536.16	118
evm.utg3536.23	147
evm.utg3536.26	122
evm.utg3550.2	121
evm.utg3550.15	100
evm.utg3550.16	112
evm.utg3550.18	113
evm.utg3550.21	68
evm.utg3553.1	85
evm.utg3553.8	93
utg3553.equina_smart_1450967.mrna1	101
utg3553.equina_smart_984856.mrna4	49
evm.utg3553.28	117
evm.utg3553.29	119
evm.utg3571.6	124
utg3605.evm.utg1767.12.mrna2	70
evm.utg3605.6	141
evm.utg3605.7	85
evm.utg3605.8	117
evm.utg3605.16	104
evm.utg3605.17	118
evm.utg3605.18	126
evm.utg3605.20	114
evm.utg3605.27	125
evm.utg3605.31	88
evm.utg3605.39	138
evm.utg3605.41	96
evm.utg3605.43	77
evm.utg3605.46	75
evm.utg3609.19	75
evm.utg3622.6	132
evm.utg3622.7	114
evm.utg3622.8	119
evm.utg3622.10	136
utg3622.equina_smart_297983.mrna1	59
evm.utg3622.17	131
evm.utg3622.18	82
evm.utg3622.20	133
evm.utg3622.23	131
evm.utg3622.25	107
evm.utg3622.27	126
evm.utg3622.28	97
evm.utg3622.29	146
evm.utg3622.30	125
utg3642.equina_smart_785011.mrna9	47
evm.utg3642.7	92
evm.utg3642.12	87
evm.utg3642.14	120
utg3642.equina_smart_1451327.mrna1	73
evm.utg3669.2	133
evm.utg3669.3	132
utg3669.evm.utg580.50.mrna12	144
evm.utg3669.11	139
evm.utg3677.1	92
evm.utg3677.6	130
evm.utg3677.7	73
evm.utg3677.11	132
evm.utg3677.12	84
evm.utg3677.13	93
evm.utg3677.14	75
evm.utg3677.21	127
evm.utg3677.23	116
evm.utg3677.24	112
evm.utg3677.26	93
evm.utg3677.28	109
utg3677.evm.utg4604.11.mrna3	108
evm.utg3677.35	138
evm.utg3677.39	143
evm.utg3678.2	81
evm.utg3722.6	145
evm.utg3722.7	132
evm.utg3722.8	127
evm.utg3722.12	84
evm.utg3722.28	120
evm.utg3722.29	137
evm.utg3753.1	140
evm.utg3753.17	102
evm.utg3753.24	107
evm.utg3753.28	134
evm.utg3753.33	90
evm.utg3753.35	106
evm.utg3753.36	129
utg3753.equina_smart_1451684.mrna1	53
utg3753.equina_smart_1799588.mrna1	117
utg3753.equina_smart_1887118.mrna3	104
utg3753.equina_smart_1451669.mrna1	57
evm.utg3753.46	127
evm.utg3753.53	67
evm.utg3753.60	82
evm.utg3761.12	146
evm.utg3761.14	112
evm.utg3761.16	86
utg3761.evm.utg4157.1.mrna2	105
evm.utg3761.19	75
evm.utg3761.24	125
evm.utg3761.25	82
evm.utg3761.31	125
evm.utg3777.3	142
evm.utg3777.6	113
evm.utg3787.4	117
evm.utg3787.9	144
evm.utg3787.11	131
evm.utg3787.12	84
evm.utg3787.23	97
evm.utg3787.26	96
evm.utg3787.31	104
utg3787.equina_smart_29509.mrna1	105
evm.utg3787.49	144
evm.utg3790.1	98
evm.utg3790.2	134
evm.utg3790.18	122
evm.utg3790.20	103
evm.utg3790.33	124
evm.utg3790.36	118
evm.utg3790.47	133
evm.utg3790.48	110
evm.utg3790.49	148
evm.utg3790.51	78
evm.utg3790.52	142
evm.utg3790.53	97
evm.utg3790.54	93
evm.utg3797.12	97
evm.utg3797.15.1.5c22eff9	136
evm.utg3797.24	79
evm.utg3797.33	149
evm.utg3797.33.1.5c22effa	149
evm.utg3799.11	90
evm.utg3799.18	143
evm.utg3799.20	90
evm.utg3799.23	107
evm.utg3800.1	94
evm.utg3803.1	115
evm.utg3803.11	94
evm.utg3827.5	111
evm.utg3827.8	99
evm.utg3827.9	83
evm.utg3827.13	79
evm.utg3827.14	78
evm.utg3827.23	132
evm.utg3827.28	113
evm.utg3827.29	96
utg3827.equina_smart_1452836.mrna3	76
evm.utg3827.37	114
evm.utg3827.38	100
utg3827.equina_smart_1411840.mrna2	61
utg3827.evm.utg410.9.mrna2	136
evm.utg3834.8	82
evm.utg3834.24	86
evm.utg3834.27	94
evm.utg3839.2	116
evm.utg3839.5	97
evm.utg3839.6	114
evm.utg3839.8	111
utg3839.equina_smart_330771.mrna1	38
evm.utg3839.13	143
evm.utg3839.16	103
evm.utg3839.28	87
evm.utg3839.31	109
evm.utg3839.44	107
evm.utg3839.54	129
evm.utg3839.61	146
evm.utg3839.63	83
evm.utg3839.70	118
evm.utg3839.71	133
evm.utg3839.74	135
evm.utg3839.80	110
evm.utg3839.82	135
evm.utg3839.83	121
evm.utg3839.85	84
utg3839.equina_smart_264981.mrna2	76
evm.utg3839.87	81
evm.utg3839.90	85
utg3839.equina_smart_815248.mrna1	81
evm.utg3839.106	90
evm.utg3839.109	69
evm.utg3839.112	87
evm.utg3870.1	99
evm.utg3870.4	93
evm.utg3870.6	106
evm.utg3870.7	115
evm.utg3870.8	90
evm.utg3870.9	137
evm.utg3870.12	108
evm.utg3870.13	101
evm.utg3870.17	92
evm.utg3870.18	125
evm.utg3870.21	88
evm.utg3870.22	149
evm.utg3870.27	144
evm.utg3870.32	138
utg3870.equina_smart_53080.mrna2	36
evm.utg3870.37	86
evm.utg3870.38	89
evm.utg3871.7	105
evm.utg3871.8	89
evm.utg3871.14	99
evm.utg3871.15	132
evm.utg3872.2	130
evm.utg3872.8	110
evm.utg3872.14	112
utg3872.equina_smart_1584572.mrna8	124
evm.utg3872.23	73
evm.utg3872.26	129
utg3872.equina_smart_721318.mrna1	122
evm.utg3872.33	90
evm.utg3872.34	127
evm.utg3872.36	93
evm.utg3872.37	112
utg3872.equina_smart_1074056.mrna2	126
evm.utg3872.53	75
evm.utg3872.57	67
evm.utg3872.59.1.5c22f021	130
evm.utg3872.62	80
evm.utg3872.73	114
utg3872.equina_smart_895949.mrna1	63
utg3872.equina_smart_1143673.mrna2	98
evm.utg3872.82	115
evm.utg3872.83	86
evm.utg3876.3	81
evm.utg3876.9	145
evm.utg3876.14	99
evm.utg3876.24	136
evm.utg3876.27	74
evm.utg3876.28	107
evm.utg3876.29	149
evm.utg3876.30	71
evm.utg3876.36	115
evm.utg3876.47	136
evm.utg3876.48	76
evm.utg3876.49	125
evm.utg3876.53	123
evm.utg3878.7	98
evm.utg3878.9	112
evm.utg3878.21	104
evm.utg3878.25	139
evm.utg3878.27	128
evm.utg3878.42	76
evm.utg3878.44	126
evm.utg3878.47	79
evm.utg3884.54	118
utg3884.equina_smart_1452716.mrna1	129
evm.utg3884.15	121
evm.utg3884.17	133
evm.utg3884.21	72
evm.utg3884.26	132
evm.utg3884.27	91
utg3884.equina_smart_1139456.mrna4	89
evm.utg3884.29	129
evm.utg3884.39	75
evm.utg3884.46	116
utg3884.equina_smart_1452836.mrna2	76
evm.utg3891.5	147
evm.utg3891.21	126
evm.utg3899.7	68
evm.utg3899.19	88
evm.utg3899.22	141
utg3899.evm.utg1643.21.mrna3	144
evm.utg3899.24.1.5c22f035	133
utg3906.evm.utg23857.5.mrna2	90
utg3906.equina_smart_584752.mrna1	77
evm.utg3906.18	142
utg3906.equina_smart_1453000.mrna1	107
evm.utg3913.3	119
evm.utg3913.4	134
evm.utg3913.7	83
evm.utg3913.8	127
evm.utg3913.18	106
evm.utg3913.22	136
evm.utg3913.23	141
evm.utg3913.25	138
evm.utg3913.26	130
evm.utg3913.36	76
evm.utg3913.41	111
evm.utg3913.45	75
evm.utg3913.46	121
evm.utg3913.54	87
evm.utg3913.56	129
evm.utg3951.7	147
evm.utg3980.1	110
evm.utg3980.10	99
evm.utg3980.16	143
evm.utg3980.19	131
utg3980.evm.utg372.6.mrna2	75
utg3986.equina_smart_1590106.mrna1	72
evm.utg3986.4	123
evm.utg3986.6	124
evm.utg3986.10	125
evm.utg3986.11	98
evm.utg3986.15	72
evm.utg3986.18	128
evm.utg3986.20	117
evm.utg3986.21	115
evm.utg3986.22	96
evm.utg4046.1	84
evm.utg4046.3	105
evm.utg4046.6.1.5c22f056	145
evm.utg4046.14	112
utg4046.equina_smart_1453245.mrna1	105
evm.utg4046.20	119
evm.utg4046.25	120
evm.utg4046.28	88
evm.utg4046.33	119
evm.utg4049.11	71
evm.utg4054.3	108
evm.utg4054.4	80
evm.utg4054.8	131
utg4054.equina_smart_1542527.mrna2	59
evm.utg4054.11	123
evm.utg4062.7	84
evm.utg4062.8	141
utg4062.equina_smart_1453472.mrna1	63
utg4062.equina_smart_1466336.mrna2	104
evm.utg4062.16	134
evm.utg4082.2	127
evm.utg4082.3	115
evm.utg4082.4	128
evm.utg4082.16	138
evm.utg4082.28	109
evm.utg4082.34	87
evm.utg4082.40	120
evm.utg4082.58	131
evm.utg4082.59	147
utg4082.equina_smart_889658.mrna1	99
evm.utg4082.66	85
evm.utg4082.78	113
evm.utg4130.1	131
evm.utg4130.5	82
utg4130.equina_smart_1692402.mrna1	46
utg4130.equina_smart_1481573.mrna1	72
utg4130.equina_smart_542257.mrna1	79
evm.utg4130.10	92
utg4130.equina_smart_17200.mrna2	43
evm.utg4130.11	103
evm.utg4155.1	115
evm.utg4155.5	146
evm.utg4155.10	115
evm.utg4155.21	95
evm.utg4155.35	88
evm.utg4155.38	123
evm.utg4155.44	74
evm.utg4155.45	100
evm.utg4155.50	102
evm.utg4157.1	111
evm.utg4157.2	75
evm.utg4157.14	101
evm.utg4157.15	85
evm.utg4157.19	149
evm.utg4157.24	120
evm.utg4157.25	132
evm.utg4157.26	125
evm.utg4157.32	85
evm.utg4157.35	134
evm.utg4157.37	84
evm.utg4157.40	88
evm.utg4157.41	112
utg4163.equina_smart_914153.mrna2	64
evm.utg4163.5	146
evm.utg4163.6	89
utg4163.equina_smart_1450021.mrna2	45
evm.utg4163.8	98
evm.utg4163.11	97
evm.utg4163.12	130
evm.utg4172.2	137
evm.utg4172.7	116
utg4172.equina_smart_950620.mrna1	126
evm.utg4172.14	143
evm.utg4172.15	110
evm.utg4172.27	78
evm.utg4172.28	141
evm.utg4172.30	133
evm.utg4172.32	149
evm.utg4172.34	145
evm.utg4172.42	124
evm.utg4172.43	94
evm.utg4177.1	89
evm.utg4177.3	82
evm.utg4177.24	94
evm.utg4177.25	116
evm.utg4177.25.1.5c22f09b	99
evm.utg4177.25.1.5c22f09b.1.5c2794df	74
evm.utg4177.32	130
evm.utg4177.48	125
evm.utg4177.49	92
evm.utg4177.50	122
evm.utg4177.56	110
evm.utg4177.58	112
evm.utg4177.60	130
evm.utg4177.60.1.5c2794e1	97
evm.utg4177.63.1.5c22f09e	136
evm.utg4177.68.1.5c22f09e.1.5c2794e1	148
evm.utg4177.68.1.5c22f09e.2.5c2794e1	134
evm.utg4177.67	79
evm.utg4177.69	140
evm.utg4187.3	134
evm.utg4187.11	91
evm.utg4187.13	97
evm.utg4187.19	115
evm.utg4187.20	80
evm.utg4187.25	96
utg4187.equina_smart_1727674.mrna1	93
evm.utg4187.34	100
utg4187.equina_smart_1519395.mrna1	37
utg4187.equina_smart_1431293.mrna1	52
utg4187.equina_smart_1614714.mrna10	50
evm.utg4187.51	110
evm.utg4194.5	76
evm.utg4194.6	128
utg4194.equina_smart_501556.mrna1	44
evm.utg4194.7	84
evm.utg4194.15	95
evm.utg4194.17	106
utg4194.equina_smart_1529748.mrna1	80
evm.utg4194.19	96
evm.utg4194.20	97
evm.utg4194.21	87
evm.utg4194.27	56
utg4194.equina_smart_1529999.mrna1	51
evm.utg4194.37	118
evm.utg4194.44	140
evm.utg4194.47	107
evm.utg4194.48	114
evm.utg4194.50	70
evm.utg4194.51	125
evm.utg4194.52	108
evm.utg4194.54	123
evm.utg4194.56	131
evm.utg4194.58	140
evm.utg4194.59	122
evm.utg4194.60	117
evm.utg4194.61	121
evm.utg4194.64	116
evm.utg4194.72	129
evm.utg4194.73	147
evm.utg4194.75	102
evm.utg4194.77	147
evm.utg4194.93	69
evm.utg4194.103	142
utg4194.equina_smart_1529722.mrna1	41
utg4194.equina_smart_1694720.mrna2	50
evm.utg4194.121	70
evm.utg4194.126	72
evm.utg4202.11	147
evm.utg4202.13	111
evm.utg4207.1	81
utg4207.equina_smart_1139456.mrna2	89
evm.utg4207.8	81
evm.utg4207.10	69
evm.utg4207.15.1.5c2794fc	144
evm.utg4265.6	86
evm.utg4265.7	127
evm.utg4265.12	73
evm.utg4265.14	140
evm.utg4265.16	141
evm.utg4265.20	87
evm.utg4265.23	108
utg4265.equina_smart_1454695.mrna1	70
evm.utg4265.25	79
evm.utg4265.26	73
evm.utg4271.1	145
evm.utg4271.6	127
evm.utg4271.8	86
evm.utg4271.13	80
utg4271.evm.utg2986.63.mrna3	77
evm.utg4271.20	93
evm.utg4271.21	130
evm.utg4271.48	86
evm.utg4271.49	90
evm.utg4271.52	79
evm.utg4271.54	77
evm.utg4271.66	121
utg4271.equina_smart_1480002.mrna3	63
evm.utg4271.72	118
evm.utg4271.73	87
evm.utg4271.81	71
evm.utg4271.87	123
evm.utg4271.89	87
evm.utg4271.90	139
evm.utg4273.1	141
evm.utg4273.7	103
evm.utg4273.15	81
evm.utg4273.17	115
evm.utg4290.1	142
evm.utg4290.6	125
evm.utg4290.24	149
evm.utg4290.35	130
evm.utg4290.42	132
evm.utg4290.43	111
evm.utg4303.6	136
utg4303.equina_smart_1107460.mrna1	145
utg4303.equina_smart_1454938.mrna1	126
evm.utg4318.30	130
evm.utg4318.32	128
evm.utg4318.36	83
evm.utg4321.3	76
evm.utg4321.4	137
utg4321.evm.utg1781.12.mrna5	129
utg4321.equina_smart_570029.mrna8	37
evm.utg4326.19	137
evm.utg4326.22	103
evm.utg4326.32	121
evm.utg4326.42	88
evm.utg4326.47	121
evm.utg4327.3	146
evm.utg4327.4	134
evm.utg4327.5	130
evm.utg4327.6	139
evm.utg4327.8	107
utg4328.equina_smart_1711433.mrna1	71
evm.utg4328.12	133
evm.utg4341.2	129
evm.utg4351.1	67
evm.utg4383.12	143
evm.utg4383.22	89
evm.utg4383.28	93
evm.utg4383.31	93
evm.utg4398.8	80
evm.utg4398.9	107
evm.utg4398.14	94
evm.utg4398.16	75
utg4428.equina_smart_1536488.mrna1	72
utg4428.equina_smart_1492697.mrna3	62
utg4428.equina_smart_1869304.mrna2	43
utg4428.equina_smart_1608547.mrna2	45
utg4428.equina_smart_1811815.mrna4	111
evm.utg4428.1	139
evm.utg4428.2	102
evm.utg4428.3	86
utg4428.equina_smart_1640285.mrna5	48
utg4428.equina_smart_1455225.mrna1	42
utg4428.evm.utg616.112.mrna10	118
evm.utg4428.5	97
evm.utg4428.6	148
evm.utg4428.7	99
evm.utg4428.9	135
evm.utg4428.18	124
evm.utg4451.3	147
evm.utg4451.4	86
utg4451.equina_smart_1877345.mrna1	50
evm.utg4451.8	89
evm.utg4451.10	142
evm.utg4451.19	124
evm.utg4455.1	73
evm.utg4455.2	114
evm.utg4455.2.1.5c22f103	114
utg4455.equina_smart_1548799.mrna2	78
evm.utg4455.17	131
evm.utg4455.32	143
utg4455.equina_smart_1455345.mrna1	79
evm.utg4455.35	134
evm.utg4455.39.1.5c22f105.1.5c279536	115
utg4455.equina_smart_1048859.mrna1	78
utg4455.equina_smart_1548799.mrna1	78
evm.utg4455.53	117
evm.utg4455.80	86
evm.utg4455.86	102
evm.utg4455.88	91
evm.utg4464.12	101
evm.utg4464.13	123
evm.utg4464.15	103
evm.utg4464.16	85
evm.utg4464.20	67
evm.utg4464.24	116
evm.utg4464.28	86
evm.utg4464.30	147
utg4468.equina_smart_12662.mrna1	37
evm.utg4468.16	74
evm.utg4468.35	133
evm.utg4468.37	131
evm.utg4501.11	80
evm.utg4501.15	142
evm.utg4501.16	120
evm.utg4502.1	137
evm.utg4502.9	79
evm.utg4567.4	80
evm.utg4567.8	128
evm.utg4567.13	77
evm.utg4567.15	87
evm.utg4567.18	128
utg4567.evm.utg2716.12.mrna3	84
evm.utg4567.21	74
evm.utg4567.22	109
evm.utg4567.27	126
evm.utg4567.29	72
evm.utg4567.30	107
evm.utg4567.34	113
evm.utg4567.36	130
evm.utg4576.1	115
evm.utg4576.2	113
evm.utg4576.7	147
evm.utg4576.13	133
evm.utg4576.14	97
evm.utg4576.16	97
evm.utg4576.18	126
evm.utg4576.19	96
evm.utg4576.19.1.5c22f122	97
evm.utg4576.25	105
evm.utg4576.34.1.5c22f122	140
evm.utg4576.34.1.5c22f122.1.5c27954e	103
utg4576.equina_smart_1386026.mrna2	85
evm.utg4576.47	130
utg4587.equina_smart_1455956.mrna1	117
evm.utg4587.2	143
evm.utg4587.3	67
evm.utg4593.1	96
evm.utg4593.3	70
evm.utg4593.4	74
evm.utg4593.9	111
evm.utg4604.1	144
evm.utg4604.2	101
evm.utg4604.7	103
evm.utg4604.9	111
evm.utg4604.11	108
evm.utg4604.12	124
evm.utg4604.13	147
evm.utg4604.22	126
evm.utg4604.23	104
utg4605.equina_smart_1456009.mrna1	32
evm.utg4605.7	104
evm.utg4605.8	90
evm.utg4605.19	67
evm.utg4605.24	147
evm.utg4605.30	83
evm.utg4605.35	99
evm.utg4605.36	127
evm.utg4605.37	117
evm.utg4605.38	95
evm.utg4605.42	69
evm.utg4605.49	105
evm.utg4605.51	89
evm.utg4605.52	93
evm.utg4605.53	142
evm.utg4605.56	76
evm.utg4605.57	110
evm.utg4605.58	90
evm.utg4605.61	95
evm.utg4607.1	95
evm.utg4607.4	134
evm.utg4607.5	107
evm.utg4607.6	97
evm.utg4607.7	146
evm.utg4607.9	96
evm.utg4607.24	132
evm.utg4607.30	75
evm.utg4607.32	140
evm.utg4607.35	116
evm.utg4610.2	138
evm.utg4610.3	130
utg4610.equina_smart_10809.mrna1	89
evm.utg4610.5	85
evm.utg4610.11	125
evm.utg4610.19	100
evm.utg4610.20	124
evm.utg4610.24	70
evm.utg4610.25	69
evm.utg4610.33	74
evm.utg4610.35	103
evm.utg4610.36	121
evm.utg4610.37	127
evm.utg4610.40	80
evm.utg4610.41	121
evm.utg4613.2	131
evm.utg4613.16	147
evm.utg4613.22	121
evm.utg4613.43	130
evm.utg4613.52	98
evm.utg4613.55	127
evm.utg4613.58	121
evm.utg4613.59	96
evm.utg4613.60	149
evm.utg4613.61	120
evm.utg4613.74	108
evm.utg4613.76	67
evm.utg4613.77	94
evm.utg4613.78	140
evm.utg4613.81	124
evm.utg4613.85	106
evm.utg4613.96	148
utg4614.equina_smart_1688928.mrna7	42
utg4614.equina_smart_1807794.mrna1	81
evm.utg4652.1	113
evm.utg4652.6	127
evm.utg4652.8	86
evm.utg4652.16	122
evm.utg4652.18	90
evm.utg4652.20	112
evm.utg4652.23	145
utg4652.equina_smart_1732458.mrna4	59
evm.utg4661.12	149
evm.utg4661.14	119
evm.utg4661.8	122
evm.utg4661.10	93
evm.utg4661.11	119
evm.utg4665.8	93
evm.utg4665.9	104
evm.utg4665.13	93
evm.utg4665.16	110
evm.utg4665.19	96
evm.utg4665.20	67
utg4665.equina_smart_1241047.mrna1	124
evm.utg4665.24	135
utg4665.equina_smart_1519395.mrna3	40
evm.utg4695.4	143
evm.utg4695.6	102
evm.utg4695.9	94
evm.utg4695.20	136
evm.utg4695.35	136
evm.utg4695.39	100
evm.utg4695.41	130
evm.utg4695.42	137
evm.utg4695.49	125
evm.utg4695.51	99
evm.utg4695.54	142
evm.utg4695.57	121
evm.utg4695.58	107
evm.utg4695.61	137
evm.utg4695.65	87
evm.utg4695.68	116
evm.utg4695.70	105
evm.utg4695.71	101
evm.utg4695.74	116
evm.utg4695.75	85
evm.utg4695.76	121
evm.utg4695.80	132
evm.utg4695.88	122
evm.utg4695.89	119
evm.utg4695.93	114
evm.utg4695.94	85
evm.utg4695.95	95
evm.utg4709.3	96
evm.utg4709.4	92
evm.utg4709.5	114
utg4709.evm.utg801.107.mrna2	80
evm.utg4709.11	91
evm.utg4709.14	100
evm.utg4709.18	87
evm.utg4709.24	130
evm.utg4709.25	97
evm.utg4716.1	143
evm.utg4716.2	105
evm.utg4716.3	149
evm.utg4716.18	126
evm.utg4716.19	112
evm.utg4716.25	75
evm.utg4716.33	136
evm.utg4716.43	74
evm.utg4716.50	144
evm.utg4716.51	84
evm.utg4716.53	69
evm.utg4737.5	85
evm.utg4737.9	103
evm.utg4737.14	122
evm.utg4737.18	118
evm.utg4737.27	120
utg4737.equina_smart_1717759.mrna1	113
evm.utg4737.3	81
evm.utg4739.1	122
evm.utg4739.2	67
evm.utg4739.4	136
evm.utg4739.5	127
evm.utg4739.7	143
evm.utg4739.13	87
utg4739.equina_smart_1433692.mrna3	118
evm.utg4739.14	134
evm.utg4739.20	105
evm.utg4739.21	105
evm.utg4739.22	149
evm.utg4739.23	70
evm.utg4773.1	78
evm.utg4796.2	99
evm.utg4796.9	93
utg4796.evm.utg622.5.mrna2	79
evm.utg4796.19	96
evm.utg4796.23	94
evm.utg4796.29	135
evm.utg4796.30	51
utg4796.equina_smart_538344.mrna1	81
evm.utg4805.1	102
evm.utg4805.4	137
evm.utg4805.7	144
evm.utg4805.8	99
evm.utg4805.9	103
evm.utg4805.11	97
evm.utg4805.12	123
evm.utg4805.13	140
evm.utg4805.14	99
evm.utg4856.44	128
evm.utg4856.2	82
evm.utg4856.12	122
evm.utg4856.13	111
evm.utg4856.20	112
evm.utg4856.32	133
evm.utg4856.33	112
evm.utg4856.41	95
evm.utg4872.7	94
evm.utg4872.8	120
evm.utg4872.22	76
evm.utg4872.23	107
utg4872.equina_smart_1479469.mrna2	144
evm.utg4872.26	80
utg4872.equina_smart_1785715.mrna1	77
evm.utg4879.1	139
evm.utg4879.5	96
evm.utg4879.6	99
evm.utg4879.7	99
evm.utg4879.12	128
evm.utg4879.18	102
evm.utg4879.25	124
evm.utg4879.26	135
evm.utg4879.27	84
evm.utg4879.31	149
evm.utg4879.38	86
evm.utg4879.40	146
evm.utg4879.46	81
evm.utg4879.48	135
evm.utg4880.4	101
evm.utg4880.7	102
evm.utg4880.8.1.5c22f173	133
evm.utg4880.8	133
evm.utg4880.9	146
evm.utg4880.11	83
evm.utg4880.13	116
evm.utg4880.15	73
evm.utg4880.16	90
evm.utg4880.17	115
evm.utg4880.23	96
evm.utg4880.24	134
evm.utg4886.1	91
utg4886.equina_smart_1456594.mrna1	54
evm.utg4886.3	82
evm.utg4886.13	115
evm.utg4886.15	141
evm.utg4886.19	149
evm.utg4886.22	139
evm.utg4886.23	143
evm.utg4886.24	87
evm.utg4886.27	91
evm.utg4886.40	129
evm.utg4886.41	112
evm.utg4886.43	142
evm.utg4886.51	71
evm.utg4898.14	103
evm.utg4898.22	143
evm.utg4898.25	136
evm.utg4901.7	89
evm.utg4901.17	127
evm.utg4907.11	86
evm.utg4907.18	84
evm.utg4907.27	149
evm.utg4907.29	72
evm.utg4907.29.1.5c22f188	73
evm.utg4907.28	102
utg4907.equina_smart_1800651.mrna1	49
evm.utg4907.38	92
evm.utg4907.39	70
evm.utg4907.53	102
evm.utg4907.57	88
evm.utg4922.9	119
evm.utg4922.11	131
evm.utg4922.14	131
evm.utg4922.18	149
evm.utg4922.20	106
evm.utg4922.25	143
evm.utg4922.28	111
evm.utg4922.34	143
evm.utg4922.40	146
evm.utg4922.41	116
evm.utg4922.43	86
evm.utg4956.1	148
evm.utg4956.13	113
evm.utg4972.4	108
evm.utg4972.9	88
evm.utg4972.12	103
evm.utg4972.26	106
evm.utg4972.29	92
evm.utg4972.30	92
evm.utg4972.31	92
evm.utg4972.32	86
evm.utg4972.36	127
evm.utg4972.42	92
evm.utg4972.46	85
evm.utg4977.2	131
utg4977.equina_smart_1482040.mrna3	60
utg4977.equina_smart_1739257.mrna6	45
utg4977.equina_smart_1471853.mrna3	80
evm.utg4977.4	140
utg4977.equina_smart_1617407.mrna4	39
evm.utg4977.5	125
utg4977.equina_smart_1029496.mrna2	42
evm.utg4977.6	116
utg5033.equina_smart_1457175.mrna1	75
utg5033.equina_smart_1000094.mrna1	75
evm.utg5033.6	133
evm.utg5033.9	81
evm.utg5033.15	122
evm.utg5033.18	81
evm.utg5033.22	71
evm.utg5033.24	103
evm.utg5033.25	112
evm.utg5033.30	76
utg5033.evm.utg2716.12.mrna4	84
evm.utg5033.41	91
evm.utg5058.1	83
evm.utg5058.5	135
evm.utg5058.6.1.5c22f1a2	141
evm.utg5058.9	144
evm.utg5059.2	96
evm.utg5059.13	121
evm.utg5059.16	89
evm.utg5059.44	93
evm.utg5059.46	133
evm.utg5059.47	125
evm.utg5059.48	122
evm.utg5059.51	88
evm.utg5059.63	120
evm.utg5059.64	86
evm.utg5059.69	129
utg5059.equina_smart_980225.mrna3	95
evm.utg5059.72	92
evm.utg5059.77	139
evm.utg5059.78	112
evm.utg5066.4	105
evm.utg5066.9	132
evm.utg5066.14	91
utg5066.equina_smart_1626273.mrna7	107
evm.utg5066.17	139
evm.utg5068.2	110
evm.utg5073.4	97
evm.utg5073.23	87
evm.utg5073.26	129
utg5073.equina_smart_1457512.mrna1	62
evm.utg5073.50	116
evm.utg5074.1	140
evm.utg5074.7	81
utg5074.equina_smart_7550.mrna2	146
evm.utg5080.2	124
evm.utg5080.5	74
evm.utg5080.12	125
evm.utg5087.4	124
utg5087.equina_smart_1457602.mrna1	118
evm.utg5087.9	115
evm.utg5087.23	99
evm.utg5122.1	137
evm.utg5122.3	130
evm.utg5122.4	140
evm.utg5122.7	140
evm.utg5122.10	72
evm.utg5122.13	71
evm.utg5122.14	148
evm.utg5149.16	124
evm.utg5150.7	129
evm.utg5150.11	131
evm.utg5157.1	149
evm.utg5157.18	98
evm.utg5157.19	91
evm.utg5176.1	121
evm.utg5176.2	138
evm.utg5176.7	95
evm.utg5176.12	124
evm.utg5176.19	129
evm.utg5176.21	147
evm.utg5176.23	98
evm.utg5217.1	128
evm.utg5217.2	115
evm.utg5217.5	100
evm.utg5217.7	92
evm.utg5217.10	140
evm.utg5246.2	87
evm.utg5246.2.1.5c22f1d7	69
evm.utg5246.9	124
utg5246.evm.utg560.14.mrna2	79
evm.utg5246.21	116
evm.utg5246.26	95
evm.utg5246.27	130
evm.utg5246.29	70
evm.utg5246.35	103
evm.utg5246.38	91
evm.utg5246.39	144
utg5246.equina_smart_1878122.mrna1	61
evm.utg5246.41	123
evm.utg5246.43	125
evm.utg5246.47	127
evm.utg5246.48	98
evm.utg5290.13	149
evm.utg5290.17	123
utg5290.equina_smart_1851417.mrna2	79
evm.utg5290.28	126
evm.utg5290.43	141
evm.utg5294.1	92
evm.utg5294.3	115
evm.utg5294.6	90
evm.utg5294.8	116
evm.utg5294.17	109
evm.utg5294.31	76
utg5294.equina_smart_1609063.mrna4	66
evm.utg5294.37	119
evm.utg5294.40	116
evm.utg5294.41	103
evm.utg5294.49	83
evm.utg5294.50	146
evm.utg5294.53	130
evm.utg5294.55	134
evm.utg5367.1	115
utg5367.equina_smart_7424.mrna3	77
utg5367.equina_smart_886319.mrna1	77
utg5367.equina_smart_450195.mrna2	77
evm.utg5367.3	72
evm.utg5367.7	94
evm.utg5367.8	128
evm.utg5367.8.1.5c22f1ea	96
evm.utg5367.13	77
utg5367.equina_smart_1597874.mrna3	129
evm.utg5367.19	131
evm.utg5367.26	67
evm.utg5367.37	93
evm.utg5370.14	90
evm.utg5370.16	135
evm.utg5370.19	84
evm.utg5370.20	126
utg5370.evm.utg5370.33.mrna2	112
utg5370.equina_smart_984856.mrna5	49
evm.utg5370.33	112
evm.utg5370.41	149
evm.utg5370.42	83
utg5390.equina_smart_1553466.mrna1	67
evm.utg5390.8	94
evm.utg5390.14	116
evm.utg5390.22	134
evm.utg5390.27	106
evm.utg5390.34	136
evm.utg5390.40	81
evm.utg5390.43	140
evm.utg5390.52	80
utg5390.equina_smart_1458178.mrna1	82
evm.utg5390.54	132
evm.utg5390.58	84
evm.utg5390.64	95
evm.utg5414.11	126
evm.utg5414.12	134
evm.utg5414.16	117
utg5414.equina_smart_1567970.mrna9	34
evm.utg5414.28	137
evm.utg5414.39	114
evm.utg5414.44	95
utg5417.equina_smart_1738001.mrna6	55
evm.utg5417.5	144
evm.utg5417.11	78
evm.utg5417.17	129
evm.utg5417.18	120
evm.utg5417.22	126
evm.utg5417.25	105
evm.utg5417.29	148
evm.utg5417.30	113
evm.utg5417.32	79
utg5421.equina_smart_1398313.mrna4	67
evm.utg5421.14	115
evm.utg5454.13	145
evm.utg5454.17	139
evm.utg5454.24	148
evm.utg5456.5	84
evm.utg5456.6	119
evm.utg5456.7	126
utg5513.equina_smart_1589406.mrna9	71
evm.utg5557.1	132
evm.utg5557.3	139
evm.utg5557.5	95
evm.utg5557.12	138
utg5578.equina_smart_1639775.mrna3	48
utg5578.equina_smart_1656874.mrna3	50
evm.utg5578.5	125
evm.utg5578.6	75
evm.utg5652.4	85
evm.utg5652.14.1.5c22f238	99
evm.utg5652.14	145
evm.utg5652.19	104
evm.utg5652.34	76
evm.utg5652.35	97
evm.utg5652.36	123
utg5652.equina_smart_84162utrorf.mrna1	104
evm.utg5652.42	94
evm.utg5652.51	117
evm.utg5652.54	91
evm.utg5652.60	101
evm.utg5652.61	82
evm.utg5662.1	100
evm.utg5662.5	91
evm.utg5662.8	110
evm.utg5662.15	137
evm.utg5662.17	101
evm.utg5662.20	130
evm.utg5662.21	71
evm.utg5662.24	123
evm.utg5662.25	125
evm.utg5689.3	95
utg5689.equina_smart_384866.mrna6	141
evm.utg5689.13	116
utg5716.equina_smart_1692402.mrna10	46
evm.utg5716.1	86
evm.utg5774.1	78
evm.utg5774.2	108
evm.utg5774.4	82
evm.utg5774.9	99
utg5774.equina_smart_787948.mrna1	108
evm.utg5774.23	97
evm.utg5774.25	77
evm.utg5780.3	78
evm.utg5780.6	84
evm.utg5815.6.1.5c22f25b	142
utg5817.equina_smart_570029.mrna2	37
utg5854.evm.utg1002.2.mrna3	84
evm.utg5854.3	78
utg5854.equina_smart_171996.mrna1	67
evm.utg5879.1	77
evm.utg5879.4	142
utg5879.evm.utg31.46.mrna2	77
evm.utg5879.5	105
evm.utg5879.9	123
evm.utg5879.10	89
evm.utg5879.15	105
evm.utg5879.16	95
evm.utg5879.22	136
evm.utg5885.101	84
evm.utg5885.104	104
evm.utg5885.6	116
evm.utg5885.13	72
evm.utg5885.14	124
evm.utg5885.19	75
evm.utg5885.20	97
evm.utg5885.22	81
evm.utg5885.23	121
evm.utg5885.32	99
evm.utg5885.34	92
evm.utg5885.40	145
evm.utg5885.50	92
evm.utg5885.53	103
evm.utg5885.59	73
evm.utg5885.67	96
evm.utg5885.73	130
evm.utg5885.78	67
evm.utg5885.79	105
evm.utg5885.83	76
evm.utg5885.85	83
evm.utg5885.88.1.5c22f26f	139
evm.utg5885.88	129
evm.utg5885.89	102
evm.utg5885.93.1.5c22f273	135
evm.utg5885.93	135
evm.utg5885.98	144
evm.utg5950.2	107
evm.utg5950.11	129
evm.utg5950.13	76
evm.utg5950.14	94
evm.utg5950.17	90
evm.utg5950.21	147
evm.utg5950.21.1.5c22f283	143
evm.utg5950.21.1.5c22f283.1.5c279672	102
evm.utg5950.25	109
evm.utg5950.28	131
evm.utg5950.35	107
evm.utg5950.37	72
evm.utg5950.40	80
evm.utg5950.41	71
evm.utg5950.42	72
evm.utg5950.43	72
evm.utg5950.44	78
evm.utg5950.45	94
evm.utg5950.46	95
utg5950.equina_smart_981953.mrna1	78
evm.utg5950.47	78
evm.utg5950.53	126
evm.utg5950.54	107
evm.utg5950.71	143
utg5950.equina_smart_1773076.mrna1	122
evm.utg5950.78	100
evm.utg5950.82	109
evm.utg5950.89	82
evm.utg5950.96	122
evm.utg5950.105	90
evm.utg5950.109	119
evm.utg5950.110	67
utg5950.equina_smart_702329.mrna2	66
evm.utg5960.1	97
evm.utg5960.5	85
evm.utg5960.7	135
evm.utg5960.14	82
evm.utg5960.16	99
evm.utg5975.10	139
evm.utg5975.14	80
evm.utg5975.25	122
evm.utg5980.5	91
evm.utg5985.11	92
evm.utg5985.26	107
evm.utg5985.27	102
evm.utg5996.1	116
utg5996.equina_smart_961746.mrna2	119
evm.utg5996.9	133
evm.utg6035.1	73
evm.utg6035.2	127
evm.utg6035.9	104
evm.utg6035.10.1.5c22f29a	140
evm.utg6035.11	72
utg6070.equina_smart_1459892.mrna1	100
evm.utg6070.26.1.5c22f2b6	95
evm.utg6070.26	129
evm.utg6070.2	148
evm.utg6070.3	121
evm.utg6070.5	89
evm.utg6070.9	132
evm.utg6070.20	125
evm.utg6070.25	73
evm.utg6070.29	99
evm.utg6072.4	97
evm.utg6072.23	99
evm.utg6072.28	132
utg6078.equina_smart_1778237.mrna3	50
evm.utg6078.4	122
evm.utg6078.6	112
evm.utg6078.14	147
evm.utg6078.16	100
evm.utg6078.17	73
evm.utg6078.20	94
evm.utg6078.24	91
evm.utg6078.35	82
evm.utg6078.36	68
evm.utg6078.39	95
evm.utg6078.40	109
evm.utg6078.44	74
utg6078.equina_smart_592603.mrna2	86
evm.utg6078.52	98
evm.utg6078.58	90
evm.utg6078.59	103
evm.utg6078.60	90
utg6078.equina_smart_60709.mrna2	144
utg6078.equina_smart_999823.mrna1	111
evm.utg6078.63	120
evm.utg6092.1	134
evm.utg6092.8	127
evm.utg6092.14	86
evm.utg6092.18	107
evm.utg6092.19	114
evm.utg6092.24	90
evm.utg6092.25	146
evm.utg6092.26	143
evm.utg6092.30	75
evm.utg6092.36	79
utg6092.equina_smart_107466.mrna7	80
evm.utg6117.7	97
evm.utg6117.9	68
evm.utg6123.1	118
evm.utg6123.2	130
evm.utg6123.4	106
evm.utg6123.11	147
evm.utg6123.19	83
evm.utg6123.28	126
evm.utg6123.30	136
evm.utg6123.31	97
evm.utg6155.3	94
evm.utg6155.6	143
evm.utg6155.10	100
evm.utg6155.15	114
evm.utg6155.20	88
evm.utg6161.3	124
evm.utg6161.4	104
evm.utg6161.7	142
evm.utg6161.8	146
evm.utg6161.10	147
evm.utg6183.1	120
evm.utg6183.5	135
evm.utg6183.8	83
utg6183.equina_smart_457213.mrna1	45
evm.utg6183.13	102
evm.utg6183.18	113
evm.utg6183.26.1.5c22f2d2	92
evm.utg6183.26	87
evm.utg6183.27	76
evm.utg6183.29	106
evm.utg6183.29.1.5c22f2ce	83
evm.utg6183.30	75
evm.utg6183.37	131
utg6183.equina_smart_1816881.mrna1	56
evm.utg6183.42	148
evm.utg6220.4	78
evm.utg6220.14	103
evm.utg6220.17.1.5c22f2e5	141
evm.utg6220.22	135
utg6272.evm.utg20678.5.mrna3	68
utg6272.equina_smart_909848.mrna1	108
evm.utg6272.5	104
utg6272.equina_smart_498965.mrna1	60
utg6293.equina_smart_1766710.mrna11	95
evm.utg6293.9	116
evm.utg6293.10	126
evm.utg6293.12	96
utg6293.equina_smart_1460542.mrna1	94
utg6293.equina_smart_82908.mrna1	99
evm.utg6293.18	147
evm.utg6293.19	104
evm.utg6293.20	100
evm.utg6293.21	75
evm.utg6293.22	116
evm.utg6293.23	143
evm.utg6293.25	94
utg6293.evm.utg6293.25.mrna2	94
evm.utg6293.27	95
evm.utg6293.28	109
evm.utg6293.32	144
evm.utg6334.10	148
evm.utg6334.18	118
evm.utg6334.20	102
evm.utg6334.25	72
utg6373.equina_smart_1658164.mrna2	90
evm.utg6373.6	93
evm.utg6373.7	81
evm.utg6373.9	112
evm.utg6373.10	96
evm.utg6373.11	132
evm.utg6373.21	74
evm.utg6373.23	84
evm.utg6373.28.1.5c22f304	95
evm.utg6373.28	95
evm.utg6373.29	95
evm.utg6379.3	71
evm.utg6379.7	115
evm.utg6379.13	85
utg6379.equina_smart_1460804.mrna1	41
evm.utg6379.19	139
evm.utg6392.1	134
utg6392.equina_smart_1534165.mrna12	47
evm.utg6392.5	100
evm.utg6392.8	103
evm.utg6392.12	104
evm.utg6401.2	107
evm.utg6401.3	147
evm.utg6401.14	120
evm.utg6401.16	99
evm.utg6401.17	100
evm.utg6401.18	115
evm.utg6401.21	143
utg6401.equina_smart_1460874.mrna1	63
evm.utg6401.25	85
evm.utg6401.28	148
evm.utg6401.32	108
evm.utg6401.33	113
evm.utg6401.35	67
evm.utg6401.37	126
evm.utg6401.40	95
evm.utg6401.43	103
evm.utg6401.44	117
evm.utg6401.46	90
evm.utg6401.48	98
evm.utg6401.51	103
utg6401.equina_smart_1460867.mrna1	46
evm.utg6401.54	109
evm.utg6401.55	127
evm.utg6401.65	94
utg6401.equina_smart_1851009.mrna1	31
evm.utg6422.2	94
evm.utg6422.5	127
evm.utg6422.7	148
evm.utg6422.9	95
evm.utg6422.11	119
evm.utg6422.13	112
evm.utg6422.17	123
evm.utg6422.31	92
evm.utg6423.3	81
evm.utg6423.5	106
utg6423.evm.utg580.50.mrna7	144
evm.utg6423.22	127
evm.utg6423.26	100
evm.utg6423.34	104
evm.utg6423.35	113
evm.utg6423.36	134
evm.utg6430.1	92
evm.utg6430.2	138
utg6430.equina_smart_577935.mrna2	110
utg6430.equina_smart_1665064.mrna2	98
evm.utg6432.1	79
evm.utg6432.2	113
evm.utg6432.4	118
evm.utg6432.10	96
evm.utg6432.12	83
evm.utg6432.16	91
evm.utg6432.17	115
evm.utg6432.18	69
evm.utg6432.20	90
evm.utg6432.23	99
evm.utg6432.30	84
evm.utg6432.34	93
evm.utg6432.42	91
evm.utg6432.46	76
evm.utg6432.50	146
evm.utg6432.59	124
evm.utg6445.1	117
evm.utg6445.2	79
evm.utg6445.3	124
utg6445.equina_smart_783005.mrna5	94
evm.utg6445.7	85
evm.utg6445.8	89
evm.utg6445.12	130
evm.utg6446.9	104
evm.utg6446.12	70
evm.utg6459.1	73
utg6459.equina_smart_25077.mrna1	66
evm.utg6459.3	132
evm.utg6459.4	133
evm.utg6459.5	75
evm.utg6459.7	74
evm.utg6459.10	145
evm.utg6459.11	118
evm.utg6459.16	146
evm.utg6459.25	81
evm.utg6459.36	143
evm.utg6459.38	91
evm.utg6459.53	85
evm.utg6477.1	83
evm.utg6477.9	89
evm.utg6477.11	90
evm.utg6477.14	104
evm.utg6477.17	108
utg6477.evm.utg1376.3.mrna2	104
evm.utg6477.22	121
evm.utg6477.23	149
evm.utg6477.24	126
evm.utg6477.25	101
evm.utg6477.33	148
evm.utg6504.8	70
evm.utg6504.12	84
evm.utg6504.13	142
evm.utg6504.14	144
evm.utg6504.15	84
evm.utg6504.17	88
evm.utg6504.25	116
evm.utg6534.1	129
evm.utg6534.2	81
evm.utg6534.10	132
evm.utg6534.11	81
evm.utg6534.18	90
evm.utg6534.21	77
evm.utg6551.19	80
evm.utg6551.20	77
evm.utg6551.21	77
evm.utg6551.22	77
evm.utg6551.26	134
evm.utg6551.30	132
evm.utg6551.34	86
evm.utg6610.3	128
evm.utg6610.7	72
evm.utg6610.8	143
evm.utg6610.11	93
evm.utg6610.12	120
evm.utg6610.13	137
evm.utg6669.1	119
evm.utg6669.3	81
evm.utg6669.5	91
evm.utg6669.6	74
evm.utg6669.18	95
evm.utg6669.20	148
evm.utg6669.22	104
evm.utg6669.23	98
evm.utg6669.24	104
evm.utg6669.26	119
evm.utg6669.27	126
evm.utg6669.32	136
evm.utg6677.8	106
evm.utg6677.10	113
evm.utg6781.2	80
evm.utg6781.3	120
evm.utg6781.17	100
evm.utg6781.20	121
evm.utg6781.21	126
evm.utg6781.22	120
evm.utg6781.24	125
utg6781.equina_smart_1389976.mrna2	81
utg6781.equina_smart_1461350.mrna1	83
evm.utg6781.32	123
evm.utg6792.1	134
evm.utg6792.7	68
evm.utg6792.8	103
evm.utg6792.9	124
evm.utg6792.11	105
evm.utg6792.14	123
evm.utg6806.2	127
evm.utg6806.3	99
evm.utg6806.4	122
evm.utg6806.7	105
evm.utg6806.20	130
evm.utg6806.21	90
evm.utg6806.26	75
utg6806.evm.utg7931.10.mrna2	72
evm.utg6806.30	109
evm.utg6806.31	123
evm.utg6806.34	133
evm.utg6806.35	147
utg6806.equina_smart_587005.mrna2	76
evm.utg6806.37	78
utg6821.equina_smart_579312.mrna4	49
evm.utg6821.18	82
evm.utg6821.21	77
evm.utg6821.23	105
evm.utg6821.26	79
evm.utg6821.31	125
evm.utg6821.51	144
evm.utg6821.53	120
evm.utg6829.2	79
evm.utg6829.3	67
evm.utg6829.4	83
utg6834.evm.utg57847.5.mrna3	75
evm.utg6834.13	67
evm.utg6834.16.1.5c22f335	149
evm.utg6834.16.3.5c22f335	133
evm.utg6834.16.3.5c22f335.1.5c279703	96
evm.utg6834.20	141
evm.utg6834.22	78
utg6834.equina_smart_1461561.mrna1	119
evm.utg6834.27	116
evm.utg6834.28	137
evm.utg6834.29	83
evm.utg6834.31	134
evm.utg6834.35	127
evm.utg6834.39	130
utg6843.equina_smart_3354.mrna2	128
evm.utg6843.10	72
evm.utg6843.13	133
utg6843.equina_smart_920864.mrna1	101
evm.utg6851.6	76
evm.utg6851.10	69
evm.utg6851.22	71
evm.utg6851.24	89
evm.utg6851.29	78
evm.utg6851.33	96
evm.utg6875.8	83
evm.utg6875.9	90
evm.utg6875.11	115
evm.utg6875.13	106
evm.utg6875.15	132
evm.utg6894.1	81
evm.utg6894.8	92
evm.utg6894.11	137
evm.utg6924.1	141
evm.utg6924.5	121
evm.utg6924.8	94
evm.utg6924.9	97
evm.utg6924.17	81
evm.utg6924.18	70
evm.utg6924.21	92
evm.utg6924.23	146
evm.utg6924.32	129
evm.utg6924.33	113
evm.utg6924.34	138
utg6938.equina_smart_1468838.mrna2	66
evm.utg6938.11	109
evm.utg6938.3	74
utg6938.equina_smart_1793492.mrna1	50
evm.utg6949.1	73
evm.utg6949.2	101
evm.utg6949.5	89
evm.utg6949.6	86
evm.utg6949.9	107
evm.utg6949.11	107
evm.utg6949.14	116
evm.utg6949.20	119
evm.utg6949.22	116
evm.utg6958.1	145
evm.utg6958.2	120
evm.utg6958.5	95
evm.utg6958.6	76
evm.utg6958.9	108
evm.utg6958.9.1.5c22f353	110
evm.utg6958.18.1.5c22f356	110
evm.utg6958.28	149
evm.utg6958.32	98
evm.utg6958.38	86
evm.utg6958.40	80
evm.utg6958.42	70
evm.utg6959.1	72
evm.utg6959.4	69
evm.utg6959.19	74
evm.utg6959.19.1.5c22f358	83
evm.utg6959.25	130
evm.utg6976.2	129
evm.utg6976.8	129
evm.utg6976.12	121
evm.utg6976.17	69
evm.utg6976.20	84
evm.utg7001.1	92
evm.utg7001.6	89
evm.utg7008.1	136
evm.utg7008.2	87
evm.utg7008.3	139
evm.utg7008.5	133
evm.utg7008.10	81
utg7008.equina_smart_1461935.mrna1	117
evm.utg7008.13	98
evm.utg7008.22	109
utg7008.equina_smart_1461955.mrna1	114
evm.utg7042.1	117
evm.utg7042.4	92
evm.utg7042.13	70
evm.utg7042.18	117
utg7048.equina_smart_178578.mrna2	137
evm.utg7048.3	96
evm.utg7053.4	133
evm.utg7066.4	86
evm.utg7066.5	105
evm.utg7066.8	88
evm.utg7066.12	139
evm.utg7066.21	79
evm.utg7066.23	133
evm.utg7066.24	79
evm.utg7066.26	134
evm.utg7066.27	115
evm.utg7066.31	130
evm.utg7066.32	69
evm.utg7066.36	144
evm.utg7066.37	127
evm.utg7066.38	129
evm.utg7066.39	122
evm.utg7066.42	116
evm.utg7083.1	89
evm.utg7090.1	125
evm.utg7090.6	116
evm.utg7090.9	100
evm.utg7090.11	85
evm.utg7090.18	139
evm.utg7127.1	109
evm.utg7127.2	133
evm.utg7127.3	105
evm.utg7127.8	69
evm.utg7127.9	101
evm.utg7127.10	145
utg7127.equina_smart_1479913.mrna5	57
evm.utg7127.14	114
evm.utg7127.15	93
evm.utg7127.16	89
evm.utg7127.20	75
evm.utg7127.22	143
evm.utg7127.23	121
evm.utg7127.25	132
evm.utg7127.26	77
evm.utg7127.27	110
evm.utg7127.36	108
evm.utg7127.37	139
evm.utg7127.41	111
evm.utg7127.50	103
utg7127.equina_smart_1282991.mrna2	110
evm.utg7145.1	114
evm.utg7145.6	148
evm.utg7145.7	77
evm.utg7145.10	100
evm.utg7145.11	92
evm.utg7145.25	110
evm.utg7145.27	110
evm.utg7145.35	114
evm.utg7145.37	135
evm.utg7145.39	99
evm.utg7145.41	132
utg7145.equina_smart_823821.mrna1	119
evm.utg7145.59	127
evm.utg7145.61	141
evm.utg7145.64	71
evm.utg7145.66	98
evm.utg7145.68	103
evm.utg7148.3	89
evm.utg7148.5	71
evm.utg7148.7	82
evm.utg7148.14	116
evm.utg7148.16	79
evm.utg7148.17	93
evm.utg7149.4	113
evm.utg7149.12	99
evm.utg7149.14	118
evm.utg7149.14.1.5c22f384	118
evm.utg7149.25	114
evm.utg7149.26	142
evm.utg7149.35	146
evm.utg7149.36	142
evm.utg7149.37	83
evm.utg7149.38	91
evm.utg7149.39	107
evm.utg7168.2	140
evm.utg7168.3	88
evm.utg7168.5	136
evm.utg7168.23	144
evm.utg7168.26	141
evm.utg7179.5	119
utg7179.equina_smart_413503.mrna5	112
evm.utg7179.14	78
evm.utg7179.19	119
evm.utg7217.1	81
evm.utg7217.7	76
utg7217.equina_smart_1553466.mrna2	67
evm.utg7217.32	105
evm.utg7217.37	85
evm.utg7217.40	145
evm.utg7217.43	106
evm.utg7217.61	67
evm.utg7244.14	114
evm.utg7244.23	104
utg7244.evm.utg2156.26.mrna11	96
evm.utg7244.26	136
evm.utg7244.31	95
evm.utg7244.33	126
evm.utg7264.1	119
evm.utg7264.6	88
evm.utg7273.2	119
evm.utg7273.4	108
evm.utg7273.10	144
evm.utg7273.14	112
evm.utg7273.16	99
evm.utg7273.17	81
evm.utg7286.4	88
evm.utg7286.15	95
evm.utg7286.17	114
evm.utg7286.20	119
evm.utg7286.21	144
evm.utg7286.23	99
evm.utg7286.24	146
evm.utg7286.25	131
evm.utg7286.32	137
evm.utg7286.39	134
evm.utg7286.44	139
evm.utg7286.47	101
evm.utg7286.50	104
evm.utg7286.51	140
evm.utg7286.53	120
evm.utg7286.60	145
evm.utg7286.61	87
evm.utg7289.1	78
evm.utg7289.2	132
utg7289.evm.utg616.112.mrna4	118
utg7289.evm.utg16112.2.mrna2	108
evm.utg7289.15	106
evm.utg7289.21	142
evm.utg7289.28	115
evm.utg7289.45	80
evm.utg7289.50	101
evm.utg7289.60	106
evm.utg7289.67	73
evm.utg7289.70	119
evm.utg7289.81.1.5c22f3b6	136
evm.utg7289.81.2.5c22f3b6	136
utg7289.equina_smart_272983.mrna1	121
evm.utg7289.87	114
utg7289.equina_smart_1463059.mrna1	38
evm.utg7343.1	130
evm.utg7343.4	111
evm.utg7403.1	82
evm.utg7403.3	75
evm.utg7403.6	79
evm.utg7412.4	109
evm.utg7412.5	90
utg7412.equina_smart_1105664.mrna1	115
evm.utg7412.14	136
evm.utg7412.28	73
utg7412.equina_smart_1251799.mrna1	38
evm.utg7412.30	146
evm.utg7522.1	71
evm.utg7522.2	139
evm.utg7522.12	131
evm.utg7522.17	101
evm.utg7522.25	138
evm.utg7522.44	72
evm.utg7522.45	74
evm.utg7522.50	125
evm.utg7522.55	91
evm.utg7522.59	105
evm.utg7548.3	119
evm.utg7548.4	132
evm.utg7548.5	98
evm.utg7548.6	105
evm.utg7548.7	101
evm.utg7548.8	90
evm.utg7548.9	114
evm.utg7548.11	140
evm.utg7548.12	126
evm.utg7548.14	105
evm.utg7548.15	138
evm.utg7549.1	99
utg7549.equina_smart_831979.mrna2	80
utg7549.evm.utg8281.5.mrna2	106
evm.utg7549.15	134
evm.utg7549.20	136
evm.utg7549.25	73
evm.utg7549.29	122
evm.utg7549.30	120
evm.utg7549.31	67
evm.utg7549.33	121
evm.utg7564.1	69
evm.utg7564.6	132
evm.utg7595.1	84
utg7595.evm.utg2476.1.mrna4	115
evm.utg7595.7	108
utg7595.equina_smart_1101424.mrna1	42
evm.utg7595.10	81
utg7595.equina_smart_1487100.mrna11	110
evm.utg7595.18	87
evm.utg7595.24	94
evm.utg7595.25	93
evm.utg7595.27	69
evm.utg7595.28	118
evm.utg7595.32	115
evm.utg7595.45	83
evm.utg7595.47	141
evm.utg7595.48	144
evm.utg7595.51	149
evm.utg7595.53	76
evm.utg7595.54	76
evm.utg7595.55	127
evm.utg7595.56	120
evm.utg7596.2	149
evm.utg7596.4	88
evm.utg7596.9	139
evm.utg7596.13	118
evm.utg7616.4	127
evm.utg7616.5	111
evm.utg7616.6	101
evm.utg7616.11	114
evm.utg7616.13	104
evm.utg7616.15	149
evm.utg7616.23	114
evm.utg7652.1	105
evm.utg7652.6	103
evm.utg7652.14	124
evm.utg7652.15	136
evm.utg7652.16	143
evm.utg7652.20	89
evm.utg7652.22	135
evm.utg7652.28	69
evm.utg7652.36	114
evm.utg7652.38	85
evm.utg7652.38.1.5c22f3fb	62
evm.utg7652.39	75
utg7652.equina_smart_1816881.mrna2	56
evm.utg7656.6	136
evm.utg7680.1	109
utg7680.equina_smart_1463801.mrna1	124
evm.utg7680.3	88
evm.utg7680.9	114
evm.utg7680.12	97
evm.utg7769.1	122
evm.utg7769.7	111
utg7821.equina_smart_1229964.mrna2	143
evm.utg7821.14	141
evm.utg7821.32	71
evm.utg7821.46	113
evm.utg7839.9	129
evm.utg7839.10	144
evm.utg7839.17	115
evm.utg7840.1	95
evm.utg7840.3	86
evm.utg7840.4	116
evm.utg7840.8	143
evm.utg7840.10	79
evm.utg7840.26	117
evm.utg7840.27	132
evm.utg7840.28	102
evm.utg7840.29	148
evm.utg7840.38	120
evm.utg7840.39	93
evm.utg7840.44	145
evm.utg7840.52	129
evm.utg7840.54	106
evm.utg7840.58.1.5c22f429	117
evm.utg7840.59	149
evm.utg7840.62	109
evm.utg7840.65	146
evm.utg7840.66	127
evm.utg7840.67	115
evm.utg7840.68	95
evm.utg7840.70	93
evm.utg7840.73	92
evm.utg7847.1	135
evm.utg7847.3	90
evm.utg7855.3	116
utg7855.equina_smart_1688928.mrna2	42
evm.utg7855.9	74
utg7855.evm.utg1025.10.mrna3	149
evm.utg7855.12	118
evm.utg7855.13	127
evm.utg7855.22	114
evm.utg7855.34	67
evm.utg7855.44	147
evm.utg7855.46.3.5c22f431	108
evm.utg7855.46.1.5c22f431	110
evm.utg7855.46	137
evm.utg7855.46.2.5c22f431	110
utg7855.equina_smart_359010.mrna2	107
utg7855.equina_smart_1464218.mrna2	109
utg7855.equina_smart_1464292.mrna1	143
evm.utg7855.50	85
evm.utg7888.1	130
evm.utg7888.5	123
evm.utg7888.10	108
evm.utg7888.13	91
evm.utg7909.18	99
evm.utg7909.19	109
evm.utg7917.2	93
evm.utg7931.3	72
evm.utg7931.9	71
evm.utg7931.10	72
evm.utg7931.10.1.5c22f447	72
evm.utg7931.14	106
evm.utg7931.15	88
evm.utg7938.3	125
evm.utg7938.5	113
evm.utg7950.3	121
evm.utg7950.7	110
utg7950.evm.utg6220.4.mrna2	77
evm.utg7950.17	149
evm.utg7950.18	94
utg7950.equina_smart_1880501.mrna3	53
evm.utg7950.27	94
evm.utg7950.34	83
evm.utg7950.37	123
utg7977.equina_smart_1669401.mrna1	52
evm.utg7977.5	128
evm.utg7977.6	133
evm.utg7977.8	88
evm.utg8152.2	75
evm.utg8152.8	129
utg8181.evm.utg31363.8.mrna2	99
evm.utg8181.9	134
evm.utg8181.10	129
evm.utg8262.3	120
evm.utg8262.4	146
evm.utg8262.6	141
evm.utg8262.7	142
evm.utg8262.9	86
evm.utg8262.21	99
evm.utg8262.28	126
evm.utg8262.33	146
evm.utg8262.38	87
evm.utg8262.44	124
evm.utg8262.57	143
evm.utg8300.4	113
evm.utg8316.2	111
evm.utg8316.3	100
evm.utg8316.4	117
evm.utg8316.5	122
evm.utg8357.2	136
evm.utg8380.5	82
evm.utg8380.10	68
utg8380.equina_smart_1464802.mrna1	64
utg8380.equina_smart_1360010.mrna1	129
evm.utg8380.23	144
evm.utg8380.24	101
evm.utg8380.25	122
evm.utg8380.27	85
evm.utg8494.2	70
evm.utg8494.3	80
utg8494.equina_smart_1465062.mrna1	116
evm.utg8494.12	126
evm.utg8494.13	101
evm.utg8494.14	98
evm.utg8494.16	100
utg8494.equina_smart_1606023.mrna1	53
evm.utg8494.21	76
evm.utg8494.29	117
utg8494.equina_smart_1464943.mrna1	87
evm.utg8494.38	108
evm.utg8494.57	81
evm.utg8494.67	109
evm.utg8494.72	70
evm.utg8494.85	103
evm.utg8494.88	119
evm.utg8494.93	69
evm.utg8494.100	142
evm.utg8494.106	102
evm.utg8494.107	103
evm.utg8494.118	67
utg8497.equina_smart_944464.mrna6	96
evm.utg8497.11	125
evm.utg8497.15	142
evm.utg8497.18	112
evm.utg8578.10	104
evm.utg8578.11	143
evm.utg8578.16	110
evm.utg8609.6	120
evm.utg8609.6.1.5c22f498	144
evm.utg8609.12	75
utg8609.equina_smart_717020.mrna1	57
evm.utg8609.19	120
evm.utg8609.20	88
evm.utg8609.24	87
utg8609.equina_smart_1465235.mrna1	40
evm.utg8615.5	94
evm.utg8615.10	146
evm.utg8615.11	77
evm.utg8615.20	136
evm.utg8615.22	69
evm.utg8672.1	135
evm.utg8672.3	130
evm.utg8672.7	84
evm.utg8672.13	101
evm.utg8672.21	122
evm.utg8672.24	143
evm.utg8674.3	137
evm.utg8674.4	104
evm.utg8674.11	77
evm.utg8674.12	105
evm.utg8726.4	73
evm.utg8726.16	135
evm.utg8726.16.1.5c22f4ba	135
utg8726.equina_smart_1483560.mrna1	58
evm.utg8726.19.1.5c22f4ba	134
evm.utg8726.19	134
utg8726.equina_smart_1483511.mrna1	53
utg8726.equina_smart_1868970.mrna2	114
evm.utg8726.21	102
evm.utg8726.22	133
evm.utg8726.23	106
evm.utg8768.3	134
evm.utg8768.4	144
utg8768.equina_smart_1465688.mrna1	119
evm.utg8768.8	126
evm.utg8768.10	84
evm.utg8768.11	138
evm.utg8778.2	115
evm.utg8778.3	77
evm.utg8792.2	113
evm.utg8792.3	111
utg8792.equina_smart_1826392.mrna1	106
evm.utg8792.8	144
evm.utg8792.9	90
evm.utg8792.10	113
evm.utg8792.12	109
evm.utg8792.15	107
evm.utg8792.16	81
evm.utg8792.18	147
evm.utg8792.23	92
evm.utg8792.27	133
evm.utg8792.32	87
evm.utg8792.33	111
evm.utg8792.36.1.5c22f4c7	135
evm.utg8792.36	143
evm.utg8792.37	143
evm.utg8792.44	126
utg8792.evm.utg8792.50.mrna7	134
evm.utg8792.50	133
evm.utg8792.54	86
evm.utg8792.55	87
evm.utg8792.56	91
evm.utg8792.57	149
evm.utg8792.64	141
evm.utg8792.65	116
evm.utg8820.6	109
evm.utg8820.9	92
evm.utg8820.32	139
evm.utg8835.3	78
evm.utg8851.8	109
evm.utg8851.10	130
evm.utg8851.14	126
evm.utg8851.16	119
evm.utg8851.17	101
evm.utg8851.24	129
evm.utg8851.32	101
evm.utg8851.33	108
evm.utg8851.35	117
evm.utg8851.38	123
evm.utg8851.40	105
evm.utg8851.41	101
evm.utg8851.45	82
evm.utg8851.47	136
evm.utg8851.49	86
evm.utg8851.50	93
evm.utg8851.53	137
evm.utg8851.56	132
evm.utg8851.57	113
evm.utg8851.60	123
evm.utg8851.63	109
evm.utg8851.64	103
evm.utg8851.68	142
evm.utg8851.70.2.5c22f4cd	147
evm.utg8851.78	140
evm.utg8851.83	102
evm.utg8851.86	112
evm.utg8851.87	111
evm.utg8851.88	113
evm.utg8851.95	73
evm.utg8851.96	73
evm.utg8851.99	73
evm.utg8851.100	73
evm.utg8851.101	73
evm.utg8851.102	73
evm.utg8892.4	94
evm.utg8892.7	100
evm.utg8892.9	108
evm.utg8892.17	145
evm.utg8892.22	131
evm.utg8892.23	99
evm.utg8892.24	129
evm.utg8892.27	72
evm.utg8892.28	147
evm.utg8931.1	140
evm.utg8931.3	140
evm.utg8931.6	72
evm.utg8931.8	91
evm.utg8931.10	123
evm.utg8931.13	77
evm.utg8931.14	99
evm.utg8931.15	136
evm.utg8931.16	78
utg8931.evm.utg1361.1.mrna2	95
evm.utg8992.10	75
evm.utg9023.1	128
evm.utg9023.4	129
evm.utg9023.6	99
evm.utg9023.9	84
evm.utg9023.11	67
evm.utg9023.12	94
evm.utg9033.7	132
evm.utg9110.3	129
evm.utg9110.7	121
evm.utg9110.12	68
evm.utg9110.14	121
evm.utg9110.17	74
evm.utg9110.23	144
evm.utg9110.24	130
evm.utg9110.31	67
evm.utg9110.33	71
evm.utg9141.1	131
evm.utg9141.10	103
evm.utg9150.1	104
evm.utg9150.4.2.5c22f505	149
evm.utg9150.4.1.5c22f505	123
utg9150.equina_smart_1164076.mrna1	109
evm.utg9150.8	130
evm.utg9150.17	70
evm.utg9150.19	126
utg9194.evm.utg464.87.mrna1	70
utg9194.equina_smart_622647.mrna1	88
utg9194.equina_smart_1138346.mrna1	81
evm.utg9194.8	94
utg9202.equina_smart_1466204.mrna1	134
utg9202.equina_smart_1100362.mrna1	36
evm.utg9216.1	85
evm.utg9216.3	75
evm.utg9216.5	148
evm.utg9216.7	139
evm.utg9216.8	88
evm.utg9227.3	142
evm.utg9227.6	123
evm.utg9229.4	148
evm.utg9229.6	112
evm.utg9229.10	138
evm.utg9251.12	99
evm.utg9251.18	70
evm.utg9251.31	146
evm.utg9284.2	132
evm.utg9284.3	147
evm.utg9284.8	93
evm.utg9284.11	126
utg9284.equina_smart_110111.mrna1	66
evm.utg9284.18	90
utg9284.equina_smart_1466335.mrna1	95
utg9284.equina_smart_1466336.mrna1	104
evm.utg9284.20	82
evm.utg9285.1	132
evm.utg9285.2	78
evm.utg9285.3	108
evm.utg9285.4	68
evm.utg9285.7	132
evm.utg9285.10	83
evm.utg9285.15	94
evm.utg9285.17	96
utg9285.equina_smart_1581724.mrna1	63
evm.utg9285.30	143
evm.utg9285.35	146
evm.utg9285.36	84
evm.utg9313.3	72
evm.utg9313.11	74
evm.utg9313.15	127
evm.utg9313.18	132
evm.utg9313.19	111
evm.utg9313.20	135
evm.utg9313.27	127
evm.utg9313.28	115
evm.utg9313.29	78
evm.utg9313.31	67
evm.utg9313.33	78
evm.utg9313.40	79
evm.utg9313.41	126
evm.utg9401.1	95
evm.utg9401.3	127
evm.utg9401.4	148
evm.utg9401.14	93
evm.utg9401.15	81
evm.utg9409.5	148
evm.utg9409.7	81
utg9409.equina_smart_847727.mrna1	71
evm.utg9409.20	102
evm.utg9409.26	146
evm.utg9409.33	89
evm.utg9472.1	107
evm.utg9472.4	109
evm.utg9472.15	82
utg9561.equina_smart_1885003.mrna2	143
utg9561.equina_smart_1466758.mrna1	135
utg9561.evm.utg616.112.mrna6	118
utg9561.equina_smart_1466778.mrna1	113
utg9561.evm.utg324.133.mrna4	148
evm.utg9561.3	71
evm.utg9602.3	149
evm.utg9602.9	148
evm.utg9602.11	121
evm.utg9602.14	118
evm.utg9602.16	113
evm.utg9602.21	80
evm.utg9602.22	97
evm.utg9602.23	92
evm.utg9602.24	140
evm.utg9602.25	117
evm.utg9602.26	76
evm.utg9602.27	99
evm.utg9602.30	127
evm.utg9602.31	112
evm.utg9602.34	139
evm.utg9602.35	121
evm.utg9602.36	135
evm.utg9602.42	97
evm.utg9603.6	85
evm.utg9603.13	131
evm.utg9603.22	80
evm.utg9603.23	144
utg9623.evm.utg6423.34.mrna2	104
evm.utg9623.4	132
evm.utg9623.6	141
evm.utg9623.7	103
evm.utg9623.8	115
evm.utg9623.11	74
evm.utg9623.17	103
evm.utg9623.19	69
evm.utg9623.20	146
evm.utg9623.22	134
evm.utg9623.26	104
evm.utg9623.30	124
evm.utg9623.32	136
evm.utg9623.33	126
evm.utg9623.34	134
utg9625.equina_smart_275596.mrna4	58
utg9657.evm.utg1022.21.mrna2	133
utg9657.equina_smart_1811607.mrna2	111
evm.utg9668.6	100
evm.utg9668.8	81
evm.utg9668.12	109
evm.utg9668.16	114
evm.utg9668.21	124
evm.utg9668.22	144
evm.utg9668.28	115
evm.utg9668.36	76
evm.utg9668.37	145
evm.utg9668.38	135
evm.utg9668.42	123
utg9762.evm.utg1765.6.mrna2	85
utg9769.equina_smart_1463059.mrna3	38
utg9769.equina_smart_1482040.mrna2	60
utg9769.equina_smart_1739257.mrna2	45
utg9769.equina_smart_1467033.mrna1	54
evm.utg9769.2	142
evm.utg9769.6	105
evm.utg9769.10	126
evm.utg9769.20	108
evm.utg9776.1	132
utg9776.equina_smart_1467068.mrna1	103
evm.utg9776.5	145
evm.utg9867.6	81
evm.utg9867.13	142
evm.utg9867.21	111
evm.utg9875.1	123
evm.utg9875.2	89
utg9875.equina_smart_1628316.mrna1	42
evm.utg9875.17	139
evm.utg9875.21	129
evm.utg9875.22	140
evm.utg9902.1	74
evm.utg9902.4	77
evm.utg9902.10	67
utg9902.equina_smart_1467173.mrna1	63
evm.utg9902.12	113
evm.utg10026.10	125
evm.utg10026.17	143
evm.utg10041.6	127
evm.utg10041.9	128
evm.utg10041.13	139
evm.utg10041.20	101
evm.utg10041.23	94
evm.utg10077.6	137
evm.utg10077.9	117
evm.utg10077.10	134
evm.utg10077.11	109
utg10114.evm.utg6875.9.mrna2	90
utg10114.equina_smart_1467504.mrna1	33
utg10114.equina_smart_657794.mrna10	71
evm.utg10114.11	112
evm.utg10114.19	137
evm.utg10114.20	100
evm.utg10114.21	122
evm.utg10114.24	100
utg10114.equina_smart_1467504.mrna2	33
evm.utg10119.1	72
evm.utg10119.3	99
evm.utg10119.5	131
evm.utg10135.1	134
evm.utg10135.2	141
evm.utg10156.4	138
evm.utg10156.6	123
evm.utg10156.7	110
evm.utg10156.14	119
evm.utg10156.18	117
evm.utg10156.20	103
evm.utg10156.23	103
evm.utg10156.26	122
evm.utg10156.33	138
evm.utg10156.33.1.5c22e7ca	138
evm.utg10275.1	81
evm.utg10275.3	81
evm.utg10282.2	69
evm.utg10282.4	92
evm.utg10282.10	103
utg10282.equina_smart_1467605utrorf.mrna1	113
evm.utg10282.15	129
evm.utg10321.5	127
utg10321.equina_smart_699690.mrna3	63
evm.utg10321.21	110
evm.utg10321.22	128
utg10321.equina_smart_1162890.mrna1	110
utg10358.equina_smart_99644.mrna2	107
evm.utg10358.1	113
evm.utg10358.2	137
evm.utg10358.3	73
evm.utg10358.7	75
evm.utg10358.12	117
evm.utg10358.13	98
evm.utg10358.14	125
utg10358.equina_smart_1639775.mrna7	48
evm.utg10359.12	117
evm.utg10359.13	119
utg10359.equina_smart_1079239.mrna1	125
evm.utg10359.18	78
utg10359.equina_smart_56611.mrna2	78
evm.utg10385.1	108
evm.utg10385.2	143
evm.utg10385.5	107
evm.utg10385.7	149
evm.utg10385.8	125
evm.utg10463.7	81
evm.utg10463.12	137
utg10470.equina_smart_1467837.mrna1	145
evm.utg10470.14	84
evm.utg10470.16	119
evm.utg10470.19	132
evm.utg10470.29	91
evm.utg10470.36	92
evm.utg10470.37	92
evm.utg10470.40	124
evm.utg10470.49	107
evm.utg10477.1	146
evm.utg10477.3	96
evm.utg10477.4	97
evm.utg10477.6	67
evm.utg10477.7	95
evm.utg10477.11	139
utg10530.equina_smart_1626273.mrna1	107
utg10530.equina_smart_982623.mrna3	76
evm.utg10541.1	78
evm.utg10541.6	73
evm.utg10541.8	83
evm.utg10541.19	74
evm.utg10541.26	106
evm.utg10541.28	109
evm.utg10541.32	67
evm.utg10588.16	133
evm.utg10588.18.1.5c22e836	120
evm.utg10588.24	118
evm.utg10588.29.3.5c22e838.1.5c278ecb	129
evm.utg10588.30	106
evm.utg10588.30.1.5c22e83c	106
evm.utg10628.6	112
evm.utg10628.17	123
evm.utg10628.22	71
evm.utg10628.25	112
utg10670.evm.utg580.50.mrna9	144
evm.utg10670.2	118
evm.utg10709.5	68
evm.utg10824.4	136
evm.utg10824.6	97
evm.utg10868.5	82
evm.utg10868.6	147
evm.utg10868.7	115
evm.utg10868.8	77
evm.utg10868.11	145
evm.utg10933.3	72
evm.utg10933.4	95
evm.utg10933.9	67
evm.utg10933.11	141
evm.utg10933.12	141
evm.utg10933.13	141
evm.utg10933.15	118
evm.utg10963.9	97
evm.utg10963.10	75
evm.utg10963.2	78
evm.utg10963.5	140
evm.utg11096.3	102
evm.utg11096.4	86
evm.utg11096.13	143
evm.utg11096.22	76
evm.utg11123.7	145
evm.utg11123.9	149
evm.utg11123.11	112
evm.utg11219.5	115
evm.utg11299.3	78
evm.utg11299.4	121
evm.utg11341.2	69
evm.utg11341.5	120
evm.utg11411.3	109
evm.utg11411.18	109
utg11411.equina_smart_1684944.mrna1	67
evm.utg11411.24	112
evm.utg11415.3	134
evm.utg11415.6	101
evm.utg11415.14	79
evm.utg11415.16	124
evm.utg11415.33	99
evm.utg11415.40	147
evm.utg11415.42	119
evm.utg11415.50.1.5c22e8cb	83
evm.utg11415.50	91
evm.utg11415.52	123
evm.utg11415.53	111
evm.utg11415.54	82
evm.utg11497.2	83
evm.utg11497.3	99
evm.utg11497.9	122
evm.utg11497.10	122
evm.utg11497.12	114
evm.utg11599.1	131
evm.utg11599.2	96
evm.utg11618.10	143
evm.utg11660.5	99
evm.utg11695.1	107
evm.utg11700.3	104
evm.utg11763.1	63
evm.utg11780.2	132
evm.utg11780.4	125
evm.utg11814.1	131
evm.utg11814.2	90
evm.utg11814.3	76
utg11814.equina_smart_1705731.mrna1	43
evm.utg11905.1	69
utg11905.equina_smart_1477966.mrna7	76
utg11905.equina_smart_1469049.mrna1	63
evm.utg11962.4	106
evm.utg11962.11	87
evm.utg11962.12	115
evm.utg11962.16	109
evm.utg11962.19	93
evm.utg11962.20	77
evm.utg12030.15	119
evm.utg12030.17	82
utg12030.equina_smart_170331.mrna11	76
evm.utg12030.5	70
evm.utg12030.9	107
evm.utg12030.14	120
evm.utg12197.1	141
evm.utg12197.2	142
evm.utg12197.7	132
evm.utg12197.11	90
evm.utg12197.14	78
evm.utg12230.1	146
evm.utg12230.2	75
evm.utg12230.6	110
evm.utg12230.7	143
evm.utg12230.10	103
evm.utg12336.1	136
evm.utg12336.8	116
evm.utg12336.14	130
evm.utg12336.21	122
evm.utg12336.22	99
evm.utg12336.27	122
evm.utg12336.32	73
evm.utg12336.34	124
evm.utg12341.5	68
utg12358.evm.utg616.112.mrna5	116
evm.utg12358.1	71
evm.utg12358.3	109
evm.utg12358.6	142
evm.utg12358.7	143
evm.utg12358.8	141
evm.utg12358.16	98
evm.utg12358.17	110
evm.utg12382.6	78
evm.utg12382.11	136
evm.utg12476.2	87
evm.utg12551.1	135
evm.utg12551.2	77
evm.utg12551.9	117
evm.utg12551.11	113
evm.utg12551.15	140
evm.utg12551.16	147
evm.utg12551.18	131
evm.utg12551.21	146
evm.utg12551.22	106
evm.utg12551.23	99
evm.utg12551.25	138
evm.utg12551.30	99
evm.utg12551.32	79
utg12551.equina_smart_449960.mrna2	85
evm.utg12553.6	86
evm.utg12602.1	77
evm.utg12602.5	133
evm.utg12644.2	132
evm.utg12644.6	91
evm.utg12644.8	140
utg12644.evm.utg167.21.mrna2	94
utg12655.equina_smart_1391965.mrna6	60
evm.utg12655.1	86
evm.utg12655.2	81
evm.utg12655.3	99
evm.utg12655.5	100
evm.utg12655.10	91
evm.utg12655.14	131
evm.utg12655.25	114
evm.utg12655.33	84
evm.utg12655.35	100
evm.utg12655.36	111
evm.utg12655.37	95
evm.utg12655.45	77
evm.utg12655.46	120
evm.utg12655.47	121
evm.utg12655.51	73
evm.utg12655.53	104
evm.utg12688.1	108
evm.utg12688.21	137
evm.utg12688.23	105
evm.utg12688.25	69
evm.utg12688.26	105
evm.utg12688.27	79
evm.utg12724.1	56
evm.utg12724.7	112
evm.utg12724.8	139
evm.utg12724.11	93
evm.utg12853.3	141
evm.utg12853.7	141
evm.utg12875.9	108
evm.utg12875.14	91
evm.utg12875.17	99
evm.utg12875.20	94
evm.utg12875.23	111
evm.utg12875.28	118
evm.utg12878.2	101
evm.utg12878.7	135
evm.utg12889.4	129
evm.utg12889.5	118
evm.utg12889.13	146
evm.utg12889.13.1.5c22e9f9	146
evm.utg12897.1	69
evm.utg12897.2	69
evm.utg12897.3	119
evm.utg12897.4	81
evm.utg12897.8	126
evm.utg12897.13	125
evm.utg12897.18	99
evm.utg12900.12	71
evm.utg12968.9	86
evm.utg12975.7	137
evm.utg12986.1	132
evm.utg12986.3	81
evm.utg12986.4	109
evm.utg12986.26	78
evm.utg12986.27	111
evm.utg12986.37	121
evm.utg12986.55	123
evm.utg12986.61.1.5c22ea14	119
evm.utg12986.61	119
evm.utg12986.61.2.5c22ea14	119
evm.utg12986.61.3.5c22ea14	119
evm.utg12986.66	138
evm.utg12986.70	74
evm.utg12986.73	115
evm.utg12986.74	115
evm.utg13050.1	71
evm.utg13050.3	136
evm.utg13050.4	110
evm.utg13050.5	98
evm.utg13091.4	73
evm.utg13091.9	134
evm.utg13091.13	117
evm.utg13180.1	147
evm.utg13180.3	72
utg13180.equina_smart_1470215.mrna1	72
evm.utg13180.5	128
evm.utg13180.6	94
evm.utg13180.9	69
evm.utg13276.1	81
evm.utg13276.3	136
evm.utg13276.6	111
evm.utg13320.5	112
evm.utg13322.1	105
evm.utg13322.8	109
evm.utg13322.10	68
evm.utg13322.11	114
evm.utg13322.13	115
evm.utg13368.3	130
utg13368.evm.utg6875.9.mrna5	90
evm.utg13368.9	88
evm.utg13368.11	85
evm.utg13474.3	123
utg13474.evm.utg293.70.mrna2	102
evm.utg13474.8	99
evm.utg13474.9	131
evm.utg13474.12	69
evm.utg13474.23	69
utg13474.equina_smart_1524574.mrna11	40
evm.utg13474.25	91
utg13474.evm.utg16030.6.mrna3	85
evm.utg13474.26	104
evm.utg13474.36	111
evm.utg13474.37	91
evm.utg13474.38	85
evm.utg13496.8	146
evm.utg13496.12	97
evm.utg13510.2	106
evm.utg13510.8	107
evm.utg13510.9	139
evm.utg13510.13	109
evm.utg13510.18	119
evm.utg13597.1	96
evm.utg13597.4	143
evm.utg13597.8	76
evm.utg13597.9	134
evm.utg13597.10	133
evm.utg13597.11	95
evm.utg13597.13	95
evm.utg13597.14	89
evm.utg13607.2	100
evm.utg13607.3	92
evm.utg13607.4	73
evm.utg13607.7	90
evm.utg13730.11	142
evm.utg13730.15	87
evm.utg13730.16	93
evm.utg13730.22	110
evm.utg13730.25	106
evm.utg13793.1	100
evm.utg13793.2	92
evm.utg13793.5	68
utg13793.equina_smart_1032394.mrna1	60
evm.utg13793.8	118
evm.utg13793.10	146
evm.utg13793.21	122
evm.utg13959.1	69
evm.utg13959.9	118
evm.utg13959.11	87
evm.utg13981.1	127
evm.utg13981.6	137
evm.utg13981.7	142
evm.utg13981.8	104
evm.utg13981.10	124
evm.utg13981.13	86
evm.utg13981.15	109
evm.utg13981.16	137
evm.utg13981.18	69
evm.utg13981.20	127
evm.utg13981.24	127
evm.utg13994.1	140
evm.utg13994.2	102
evm.utg13994.3	116
evm.utg13994.7	132
evm.utg13994.8	105
evm.utg13994.13	99
evm.utg14007.1	134
evm.utg14007.1.1.5c22ea8c	141
utg14007.evm.utg1056.37.mrna9	110
evm.utg14007.2	120
utg14007.equina_smart_1075169.mrna1	35
evm.utg14007.4	95
evm.utg14021.2	125
evm.utg14021.6	77
evm.utg14021.9	144
evm.utg14021.10	95
evm.utg14021.18	124
evm.utg14021.26	109
evm.utg14021.28	144
utg14021.equina_smart_51086.mrna9	45
evm.utg14021.30	120
evm.utg14021.32	93
evm.utg14021.39	125
evm.utg14021.40	105
utg14021.equina_smart_274863.mrna6	103
evm.utg14021.48	94
evm.utg14126.3	96
evm.utg14139.1	96
evm.utg14139.2	69
evm.utg14199.2	86
evm.utg14199.3	79
evm.utg14199.5	75
utg14280.equina_smart_1880501.mrna4	53
evm.utg14287.5	111
utg14287.equina_smart_839414.mrna2	79
evm.utg14287.9	94
evm.utg14287.11	125
evm.utg14287.24	148
evm.utg14287.25	94
evm.utg14287.29	85
evm.utg14287.33	127
utg14287.equina_smart_570029.mrna10	37
utg14287.equina_smart_1860433.mrna5	112
utg14287.equina_smart_1544624.mrna2	49
utg14287.equina_smart_1544624.mrna1	49
utg14287.equina_smart_1544604.mrna1	62
evm.utg14287.47	148
utg14287.equina_smart_1076300.mrna1	92
utg14287.equina_smart_1752363utrorf.mrna1	104
evm.utg14320.1	91
evm.utg14366.1	97
evm.utg14366.3	110
evm.utg14366.6	131
evm.utg14366.7	75
evm.utg14366.9	91
evm.utg14366.14	90
evm.utg14366.20	81
evm.utg14366.23	98
utg14412.equina_smart_570029.mrna5	37
utg14412.equina_smart_1470960.mrna1	61
evm.utg14412.2	68
evm.utg14412.3	89
evm.utg14412.4	149
evm.utg14533.2	136
utg14533.equina_smart_1536765.mrna1	45
evm.utg14533.15	80
evm.utg14533.22	111
evm.utg14533.24	136
evm.utg14533.28	104
evm.utg14533.29	143
evm.utg14556.1	118
evm.utg14556.3	99
evm.utg14676.11	85
evm.utg14676.14	100
evm.utg14676.17	144
utg14683.equina_smart_1029496.mrna1	42
evm.utg14683.1	100
evm.utg14683.4	84
evm.utg14683.5	92
evm.utg14683.9	84
evm.utg14683.12	131
evm.utg14703.1	79
evm.utg14703.8	103
evm.utg14703.8.1.5c22eae8	103
evm.utg14703.14	119
evm.utg14731.4	90
evm.utg14731.16	117
evm.utg14731.17	144
evm.utg14731.20	139
evm.utg14731.27	136
evm.utg14731.30	100
evm.utg14772.1	112
evm.utg14772.2	118
evm.utg14772.3	78
evm.utg14876.9	83
evm.utg14892.2	99
evm.utg14892.3	115
evm.utg14892.5	102
evm.utg14892.7.1.5c22eaee	146
evm.utg14892.8	119
evm.utg14902.3	88
evm.utg14902.4.1.5c22eaf1	125
evm.utg14902.4	139
evm.utg14902.4.1.5c22eaf1.1.5c27902e	90
evm.utg14902.8	117
evm.utg14902.14	140
evm.utg14902.16	139
evm.utg14902.20	78
evm.utg14902.25	109
evm.utg14902.32	90
evm.utg14913.1	141
evm.utg14913.3	101
evm.utg14913.5	74
evm.utg14913.13	136
evm.utg14913.14	148
evm.utg14913.18	115
evm.utg14923.2	138
evm.utg14923.3	145
evm.utg14923.9	120
evm.utg14923.11	115
utg15013.equina_smart_437542.mrna1	144
utg15013.equina_smart_1471276.mrna1	46
utg15013.equina_smart_1471287.mrna1	112
evm.utg15013.10	144
evm.utg15013.13	126
evm.utg15013.16	88
evm.utg15013.17.1.5c22eafd	112
evm.utg15013.17	140
evm.utg15013.19	67
evm.utg15014.5	137
evm.utg15156.1	68
evm.utg15156.2	103
utg15156.evm.utg580.50.mrna5	139
evm.utg15164.2	103
evm.utg15164.6	126
evm.utg15164.18	140
evm.utg15164.24	83
evm.utg15164.27	89
evm.utg15164.37	78
evm.utg15164.46	140
utg15164.equina_smart_1831870.mrna1	61
evm.utg15164.52	93
evm.utg15197.6	140
evm.utg15197.9	142
evm.utg15197.14	135
evm.utg15197.21	69
evm.utg15197.24	106
evm.utg15210.6	89
evm.utg15210.7	83
evm.utg15210.8	97
evm.utg15210.16	101
evm.utg15210.19	135
evm.utg15211.4	145
evm.utg15211.8	73
evm.utg15211.11	112
evm.utg15226.10	120
evm.utg15226.12	148
utg15244.equina_smart_1824296.mrna1	51
evm.utg15281.1	82
evm.utg15281.2	103
evm.utg15281.3	124
evm.utg15281.5	79
evm.utg15281.11	72
evm.utg15281.13	123
evm.utg15281.14	94
evm.utg15281.20	121
evm.utg15281.23	109
evm.utg15281.24	116
utg15281.equina_smart_1471567.mrna1	64
evm.utg15281.25	90
evm.utg15281.28	116
evm.utg15281.32	81
evm.utg15281.33	127
evm.utg15281.34	72
evm.utg15281.35	102
evm.utg15427.2	118
utg15427.equina_smart_1354595.mrna2	76
evm.utg15427.4	67
evm.utg15427.9	124
evm.utg15453.1	93
evm.utg15453.2	103
evm.utg15453.3	110
evm.utg15453.8	116
evm.utg15453.12	103
evm.utg15506.2	126
evm.utg15506.6	147
evm.utg15506.27	123
evm.utg15522.7	108
evm.utg15552.12	90
evm.utg15578.1	98
evm.utg15578.2	131
evm.utg15578.5	111
evm.utg15578.7	134
evm.utg15585.9	114
evm.utg15585.18	134
evm.utg15585.25	93
utg15585.equina_smart_1471857.mrna1	89
utg15585.evm.utg18506.9.mrna1	131
evm.utg15585.26	89
utg15585.evm.utg18506.9.mrna2	131
evm.utg15585.27	89
evm.utg15586.1	84
evm.utg15629.5	125
evm.utg15629.11	82
evm.utg15629.12	106
evm.utg15664.1	94
utg15813.equina_smart_43715.mrna3	75
evm.utg15813.3	95
evm.utg15813.6	121
evm.utg15813.10	75
evm.utg15813.18	69
evm.utg15813.20	93
utg15813.evm.utg9623.7.mrna4	97
evm.utg15813.24	101
evm.utg15832.8	94
evm.utg15941.3	102
evm.utg15941.7	117
evm.utg15941.8	70
evm.utg15960.1	81
evm.utg15960.2	69
evm.utg15960.4	117
evm.utg16021.3	147
evm.utg16030.1	147
evm.utg16030.3	69
evm.utg16030.5	91
evm.utg16030.6	85
evm.utg16030.8	84
evm.utg16030.15	114
evm.utg16036.8	139
evm.utg16036.10	142
utg16036.equina_smart_980163.mrna1	110
evm.utg16036.23	75
evm.utg16036.25	83
evm.utg16036.26	80
evm.utg16036.27	129
utg16036.equina_smart_269302.mrna1	120
evm.utg16036.28	99
utg16036.equina_smart_520457.mrna1	49
evm.utg16036.30	121
evm.utg16036.34	120
evm.utg16036.35	141
evm.utg16036.42	100
evm.utg16036.46	69
evm.utg16036.49	97
evm.utg16036.52	122
evm.utg16050.1	79
evm.utg16050.7	121
evm.utg16050.10	125
evm.utg16050.21	78
evm.utg16090.1	82
evm.utg16091.1	131
evm.utg16091.2	137
evm.utg16091.4	99
evm.utg16091.8	71
evm.utg16091.13	117
evm.utg16094.3	113
evm.utg16094.15	84
evm.utg16094.16	86
evm.utg16094.17	70
evm.utg16094.22	93
evm.utg16094.26	122
evm.utg16130.3	123
evm.utg16130.4	125
utg16130.equina_smart_384199utrorf.mrna2	112
evm.utg16130.7	105
evm.utg16130.9	146
evm.utg16180.1	111
evm.utg16180.2	113
evm.utg16180.5	147
evm.utg16180.6	99
evm.utg16223.2	92
evm.utg16223.3	68
evm.utg16223.4	85
evm.utg16223.5	114
utg16223.equina_smart_99644.mrna1	112
evm.utg16223.28	146
evm.utg16223.32	121
evm.utg16223.36	138
evm.utg16283.10	75
evm.utg16283.13	81
utg16283.evm.utg637.9.mrna2	109
evm.utg16443.7	118
utg16443.equina_smart_1025265.mrna2	69
evm.utg16443.18	81
evm.utg16443.21.2.5c22eb8b	127
utg16443.equina_smart_1339172.mrna1	66
evm.utg16443.25	67
evm.utg16444.4	112
evm.utg16444.6	140
evm.utg16444.8	98
evm.utg16444.9	148
evm.utg16444.11	102
evm.utg16444.13	94
utg16444.equina_smart_1472474.mrna1	148
evm.utg16444.16	105
evm.utg16444.17	76
evm.utg16444.20	115
evm.utg16444.25	72
evm.utg16444.27	74
evm.utg16484.3	70
utg16593.equina_smart_1472543.mrna1	101
evm.utg16624.2	121
evm.utg16690.2	142
evm.utg16690.5	67
evm.utg16690.6	114
evm.utg16690.7	89
utg16690.equina_smart_1871253.mrna1	41
evm.utg16690.12	101
evm.utg16815.7	96
evm.utg16815.12	145
evm.utg16815.13	109
evm.utg16835.2	78
evm.utg16835.3	133
evm.utg17102.1	124
evm.utg17102.2	123
evm.utg17102.5	109
evm.utg17102.9	83
evm.utg17181.7	140
evm.utg17181.10	88
evm.utg17181.11	120
evm.utg17181.13	140
evm.utg17181.15	125
evm.utg17181.17	146
evm.utg17181.18	120
evm.utg17181.19	81
evm.utg17212.3	81
evm.utg17212.4	107
evm.utg17212.7	149
evm.utg17212.14	116
evm.utg17293.2	95
evm.utg17293.5	107
evm.utg17293.9	120
evm.utg17293.14	141
evm.utg17372.7	82
evm.utg17372.8	118
evm.utg17372.9	112
evm.utg17372.10	119
utg17372.equina_smart_1811815.mrna1	111
evm.utg17460.4	101
evm.utg17508.3	124
evm.utg17511.14	82
evm.utg17511.20	99
evm.utg17511.22	140
evm.utg17511.26	98
evm.utg17539.2	143
evm.utg17539.5	137
evm.utg17539.10	135
evm.utg17555.1	102
evm.utg17555.2	125
evm.utg17555.4	146
evm.utg17581.1	131
evm.utg17581.3	89
evm.utg17588.3	74
evm.utg17588.4	99
evm.utg17588.6	148
evm.utg17588.11	117
evm.utg17602.8	85
evm.utg17602.9	111
evm.utg17602.12	68
evm.utg17612.2	75
evm.utg17612.3	129
evm.utg17612.4	126
evm.utg17612.6	124
evm.utg17612.7	99
evm.utg17612.8	87
evm.utg17612.11	91
evm.utg17612.21	147
evm.utg17612.22	111
evm.utg17612.23	107
evm.utg17612.24	125
evm.utg17612.25	122
evm.utg17612.26	140
evm.utg17612.30	71
evm.utg17612.31	80
evm.utg17612.38	107
evm.utg17809.8	125
evm.utg17809.12	132
evm.utg17855.2	130
evm.utg17855.10	125
evm.utg17954.3	81
evm.utg17994.10	111
evm.utg17994.12	88
evm.utg18019.3	106
evm.utg18019.11	102
evm.utg18028.1	79
evm.utg18028.2	87
evm.utg18028.3	113
evm.utg18028.4	111
evm.utg18028.8	114
evm.utg18028.9	92
evm.utg18028.11	86
evm.utg18028.11.1.5c22ec15	86
evm.utg18028.12	134
evm.utg18028.21	128
evm.utg18028.24	137
evm.utg18028.26	81
evm.utg18036.2	146
evm.utg18036.4	70
evm.utg18036.15	67
evm.utg18036.18	113
evm.utg18063.1	56
evm.utg18063.3	128
evm.utg18118.5	93
evm.utg18118.10	103
evm.utg18118.14	127
evm.utg18118.15	84
evm.utg18118.16	120
evm.utg18118.18	77
utg18118.equina_smart_576235.mrna2	91
evm.utg18125.6	129
evm.utg18125.9	144
evm.utg18125.12	111
evm.utg18228.2	115
evm.utg18228.4	93
evm.utg18233.12	149
evm.utg18233.14	104
utg18233.equina_smart_1569047.mrna3	59
evm.utg18236.3	107
evm.utg18271.7	93
evm.utg18294.1	51
evm.utg18294.7	132
evm.utg18294.17	148
evm.utg18294.18	109
evm.utg18294.22	141
evm.utg18294.24	89
evm.utg18294.34	85
evm.utg18294.38	139
evm.utg18294.43	99
evm.utg18294.45	68
evm.utg18409.1	143
evm.utg18409.5	131
evm.utg18409.10	125
utg18409.evm.utg4604.12.mrna2	117
evm.utg18409.12	134
evm.utg18506.6	107
evm.utg18506.7	69
evm.utg18506.8	95
utg18506.equina_smart_1739258.mrna3	45
utg18506.equina_smart_1532260.mrna2	87
evm.utg18506.9	131
evm.utg18506.10	89
evm.utg18537.7	139
evm.utg18537.14	125
evm.utg18553.23	113
evm.utg18553.7	86
evm.utg18553.9	86
evm.utg18553.14	148
evm.utg18553.14.1.5c22ec32	140
evm.utg18622.4	81
evm.utg18633.3	97
evm.utg18633.4	117
evm.utg18633.6	127
evm.utg18633.8	117
evm.utg18633.9	140
evm.utg18633.11	67
evm.utg18633.12	108
evm.utg18633.15	93
evm.utg18633.20	140
evm.utg18633.21	75
evm.utg18650.1	135
evm.utg18650.2	77
evm.utg18650.5	128
evm.utg18650.11	137
evm.utg18650.14	96
evm.utg18650.16	138
evm.utg18650.18	99
evm.utg18686.4	107
evm.utg18686.5	80
evm.utg18686.9	84
evm.utg18686.10	136
evm.utg18686.23	100
evm.utg18686.31	94
evm.utg18686.32	138
utg18686.equina_smart_984856.mrna6	49
evm.utg18726.2	86
evm.utg18726.16	125
evm.utg18855.9	86
evm.utg18855.12	111
utg18927.equina_smart_1445052.mrna2	72
evm.utg18927.5	132
evm.utg18927.6	78
evm.utg18927.7	103
evm.utg18927.9	127
evm.utg18927.10	112
evm.utg18927.14	148
evm.utg18927.17	117
evm.utg18927.23	92
evm.utg18927.32	123
evm.utg18927.33	104
evm.utg18927.38	123
evm.utg18927.41	128
evm.utg18927.42	111
evm.utg18927.44	71
evm.utg18927.46	140
evm.utg18932.1	70
evm.utg18932.2	102
utg18932.evm.utg4428.1.mrna1	139
utg18932.equina_smart_1811815.mrna7	111
utg18932.equina_smart_17200.mrna3	43
utg18932.equina_smart_1536488.mrna3	72
utg18932.equina_smart_1461636.mrna4	88
evm.utg18951.1	119
evm.utg18951.4	129
evm.utg18951.7	122
evm.utg18951.8	94
evm.utg18951.9	94
evm.utg18951.10	86
evm.utg18951.15	149
evm.utg18951.16.1.5c22ec42	114
evm.utg18951.17	126
utg19074.equina_smart_1473917.mrna1	143
evm.utg19074.16	107
evm.utg19356.1	86
evm.utg19356.2	82
evm.utg19356.4	91
evm.utg19356.7	70
utg19356.equina_smart_1282029.mrna1	130
evm.utg19356.10	122
evm.utg19356.13	143
evm.utg19396.1	135
evm.utg19396.2	130
evm.utg19590.4	125
evm.utg19590.5	95
evm.utg19590.6	107
evm.utg19590.12	82
evm.utg19590.15	93
evm.utg19590.16	70
evm.utg19590.17	99
evm.utg19612.6	95
evm.utg19612.7	72
evm.utg19673.1	125
evm.utg19673.3	78
evm.utg19673.4	124
evm.utg19673.11	97
evm.utg19673.12	148
evm.utg19673.15	142
evm.utg19673.19	70
evm.utg19673.20	75
evm.utg19673.21	76
evm.utg19673.23	104
evm.utg19866.1	84
evm.utg19866.2	146
utg19866.equina_smart_1438662.mrna2	147
evm.utg19866.18	113
evm.utg19866.19	102
evm.utg20075.1	91
evm.utg20075.10	99
evm.utg20075.12	114
evm.utg20075.13	84
evm.utg20076.1	117
evm.utg20076.5	68
evm.utg20076.7	109
evm.utg20076.8	136
evm.utg20076.9	145
evm.utg20076.11	131
evm.utg20076.16	114
evm.utg20090.1	111
evm.utg20090.12	128
evm.utg20197.6	98
evm.utg20618.11	145
evm.utg20618.13	135
evm.utg20635.6	130
evm.utg20678.3	69
evm.utg20678.4	68
evm.utg20678.5	68
evm.utg20678.12	105
evm.utg20678.20	84
evm.utg20678.21	88
evm.utg20678.22	115
evm.utg20678.23	107
evm.utg20679.5	117
evm.utg20679.7	107
evm.utg20679.9	118
evm.utg20736.16	90
evm.utg20788.10	117
utg20813.equina_smart_865482.mrna5	53
utg20813.evm.utg14366.23.mrna5	98
evm.utg20813.4	70
evm.utg20813.7	106
evm.utg20813.8	69
evm.utg20813.9	86
evm.utg20813.10	109
evm.utg20813.11	119
evm.utg20813.14	74
evm.utg20813.15	100
evm.utg20813.20	74
evm.utg20813.22	109
utg20813.equina_smart_865482.mrna4	53
evm.utg20813.26	90
evm.utg20813.27	103
evm.utg20925.1	78
evm.utg20925.4	68
evm.utg20925.6	73
evm.utg20925.7	96
evm.utg20925.8	92
evm.utg21078.5	147
evm.utg21078.8	89
evm.utg21085.1	144
evm.utg21228.5	126
evm.utg21228.7	111
evm.utg21228.16	80
evm.utg21228.30	112
evm.utg21580.1	88
utg21580.equina_smart_1584572.mrna4	124
utg21625.equina_smart_1665064.mrna1	98
evm.utg21625.3	110
evm.utg21696.2	101
evm.utg21696.9	94
evm.utg21696.10	83
evm.utg21766.1	126
evm.utg21766.4	107
evm.utg21766.11	67
evm.utg21766.19	97
evm.utg21766.19.1.5c22ed27	91
evm.utg21766.20	85
evm.utg21766.25	140
evm.utg21766.27	146
evm.utg21766.28	136
utg21766.equina_smart_1129273.mrna1	132
utg21766.equina_smart_620817.mrna2	124
evm.utg21766.29	89
evm.utg21766.41	125
evm.utg21766.42	114
evm.utg21873.6	146
evm.utg21873.7	125
evm.utg21873.14	139
evm.utg21873.18	98
evm.utg21873.20	135
evm.utg21895.2	133
evm.utg21977.1	70
evm.utg21977.6	86
evm.utg21977.8	103
utg21979.evm.utg35510.2.mrna3	92
evm.utg22142.2	116
evm.utg22142.6	88
evm.utg22142.9	128
evm.utg22299.5	92
evm.utg22395.1	121
evm.utg22395.2	79
evm.utg22395.3	81
utg22414.equina_smart_1475191.mrna1	147
evm.utg22414.5	139
evm.utg22507.6	97
evm.utg22559.1	102
evm.utg22559.8	136
evm.utg22559.11	133
evm.utg22669.1	131
evm.utg22669.6	76
evm.utg22693.9	117
evm.utg22693.19	148
evm.utg22693.24	128
evm.utg22693.29	107
evm.utg22722.2	89
evm.utg22722.7	85
evm.utg22722.10.1.5c22ed54	129
evm.utg22736.3	149
evm.utg22736.5	109
evm.utg22736.6	113
evm.utg22736.8	139
evm.utg23151.1	94
evm.utg23151.2	119
evm.utg23151.4	67
evm.utg23151.6	130
evm.utg23151.9	112
evm.utg23189.1	127
evm.utg23189.3	100
evm.utg23189.5	134
evm.utg23189.7	100
evm.utg23189.13	149
evm.utg23189.19	90
evm.utg23233.4	78
evm.utg23296.4	67
evm.utg23319.1	103
evm.utg23510.6	91
evm.utg23510.8	90
evm.utg23510.11	110
evm.utg23708.6	111
evm.utg23708.10	91
evm.utg23732.1	75
evm.utg23732.3	115
evm.utg23732.4	120
evm.utg23803.2	120
evm.utg23803.4	82
evm.utg23803.5	79
evm.utg23803.6	115
evm.utg23803.9	89
evm.utg23803.10	83
evm.utg23803.12	91
evm.utg23901.3	97
evm.utg24016.1	106
evm.utg24016.2	106
evm.utg24016.4	142
evm.utg24016.8	125
evm.utg24075.1	109
evm.utg24075.2	135
evm.utg24075.6	91
evm.utg24316.5	110
evm.utg24357.21	117
evm.utg24357.28	101
evm.utg24357.29	86
evm.utg24357.30	91
evm.utg24357.33	67
evm.utg24438.5	104
evm.utg24438.8	80
evm.utg24438.21	108
evm.utg24438.26	135
evm.utg24440.1	91
evm.utg24533.1	143
evm.utg24533.4	128
evm.utg24533.12	100
evm.utg24533.30	92
evm.utg24611.1	148
evm.utg24611.3	140
evm.utg24611.5	86
utg24611.equina_smart_1476761.mrna2	134
evm.utg24645.1	85
evm.utg24645.2	125
evm.utg24645.4	136
evm.utg24706.10	127
evm.utg24706.17	148
evm.utg24706.20	81
evm.utg24706.23	142
evm.utg24706.24	76
evm.utg24706.27	113
evm.utg24783.1	94
evm.utg24783.8	124
evm.utg24783.12	93
evm.utg24783.13	84
evm.utg24783.16	96
evm.utg24929.8	97
utg24929.equina_smart_984856.mrna7	49
evm.utg24929.10	115
evm.utg24929.12	123
evm.utg24929.13	103
evm.utg24929.14	84
utg24929.equina_smart_984856.mrna8	49
evm.utg25070.1	127
evm.utg25070.6	95
evm.utg25080.2	145
evm.utg25080.12	99
evm.utg25080.14	108
evm.utg25103.1	104
evm.utg25155.1	123
evm.utg25155.2	96
evm.utg25155.3	148
evm.utg25155.5	147
evm.utg25155.7	85
evm.utg25311.2	132
evm.utg25321.4	95
evm.utg25321.5	88
utg25321.equina_smart_984856.mrna9	49
evm.utg25321.15	148
evm.utg25321.19	128
evm.utg25321.24	107
utg25321.evm.utg382.41.mrna2	85
evm.utg25321.25	94
evm.utg25321.26	67
evm.utg25321.27	79
evm.utg25450.6	108
evm.utg25450.10	131
evm.utg25450.13	98
evm.utg25450.14	81
evm.utg25452.2	129
evm.utg25452.3	94
evm.utg25769.1	126
utg25769.evm.utg1746.20.mrna4	93
evm.utg25769.7	139
evm.utg25769.8	122
evm.utg25826.3	79
evm.utg25826.17	131
evm.utg25826.25	141
evm.utg25859.2	89
utg25859.equina_smart_240651.mrna8	116
evm.utg25862.1	92
evm.utg25862.4	125
evm.utg25988.2	139
evm.utg25988.3	81
evm.utg26037.7	140
evm.utg26084.3	98
utg26084.equina_smart_1589406.mrna1	71
evm.utg26093.1	136
evm.utg26120.3	73
evm.utg26120.6	126
evm.utg26120.10	135
evm.utg26120.14	95
evm.utg26120.15	106
evm.utg26120.20	138
evm.utg26120.22	82
evm.utg26219.3	127
utg26219.equina_smart_1476488.mrna1	121
evm.utg26219.15	77
evm.utg26219.17	95
evm.utg26337.2	112
evm.utg26337.7	114
evm.utg26413.1	125
evm.utg26413.6	141
utg26474.equina_smart_984856.mrna10	49
evm.utg26517.9	143
evm.utg26517.10	140
evm.utg26572.1	124
evm.utg26572.10	120
evm.utg26697.1	63
evm.utg26697.7	134
evm.utg26697.7.1.5c22edfb	100
evm.utg26697.8	84
evm.utg27109.2	123
evm.utg27170.5	123
evm.utg27170.6	147
evm.utg27170.7	76
evm.utg27202.9	94
evm.utg27202.10	135
evm.utg27299.1	117
evm.utg27299.2	112
evm.utg27318.11	135
evm.utg27318.13	106
evm.utg27318.17	122
evm.utg27318.18	117
evm.utg27318.19	121
evm.utg27318.20.21	123
evm.utg27568.2	139
evm.utg27568.4	91
evm.utg27568.12	141
utg27568.equina_smart_1746049.mrna2	59
evm.utg27651.2	143
evm.utg27676.2	119
evm.utg27676.5	135
evm.utg27988.1	74
evm.utg27988.8.2.5c22ee37	123
utg27988.equina_smart_1476801.mrna1	148
evm.utg28015.4	104
evm.utg28015.2	91
evm.utg28028.2	143
evm.utg28077.1	51
evm.utg28077.2	123
evm.utg28077.5	146
evm.utg28209.2	138
evm.utg28209.4	111
evm.utg28209.11	88
evm.utg28209.14	120
evm.utg28209.15	80
utg28409.evm.utg209609.4.mrna1	100
evm.utg28409.10	106
evm.utg28409.11	124
evm.utg28737.10	112
evm.utg28737.11	89
evm.utg28737.19	97
evm.utg28737.24	92
evm.utg28910.4.1.5c22ee5f	117
utg29536.equina_smart_1767923.mrna2	101
evm.utg29536.16	97
evm.utg29733.9	147
evm.utg29733.10	89
evm.utg29733.12	113
evm.utg29827.1	146
evm.utg29847.4	75
evm.utg29847.7	92
evm.utg29847.8	91
evm.utg29847.15	95
evm.utg29893.1	110
evm.utg29893.2	141
evm.utg29893.4	88
evm.utg29893.7	136
evm.utg29893.13	119
evm.utg30049.1	64
evm.utg30049.6	97
evm.utg30239.4	80
evm.utg30239.7	71
evm.utg30399.1	137
evm.utg30399.2	132
evm.utg30399.6	133
evm.utg30399.7	95
evm.utg30399.8	109
evm.utg30399.10	85
evm.utg30470.1	70
evm.utg30470.3	125
utg30548.equina_smart_1692402.mrna12	46
utg30548.equina_smart_1869304.mrna1	43
utg30548.equina_smart_1479749.mrna3	122
evm.utg30548.4	103
evm.utg30548.6	114
evm.utg30548.8	133
evm.utg30548.15	87
evm.utg30548.16	110
evm.utg30559.9	74
evm.utg30575.1	74
utg30575.equina_smart_1785236.mrna1	52
evm.utg30631.7	82
evm.utg30804.4	97
evm.utg30988.6	122
evm.utg30988.7	122
evm.utg30988.8	135
evm.utg30988.10	103
evm.utg30988.13	80
utg31256.equina_smart_1477605.mrna1	89
evm.utg31272.4	127
evm.utg31272.10	115
evm.utg31272.10.1.5c22eed3	107
evm.utg31304.8	145
utg31304.evm.utg2716.12.mrna8	84
evm.utg31304.12	116
evm.utg31363.3	79
evm.utg31363.4	137
evm.utg31363.5	130
evm.utg31363.8	99
evm.utg31363.17	112
evm.utg31363.21	134
evm.utg31363.24	98
evm.utg31363.28	148
utg31428.equina_smart_1480720.mrna3	49
utg31428.equina_smart_657794.mrna12	71
evm.utg31495.1	148
evm.utg31495.2	149
evm.utg31495.8	141
evm.utg31495.9	144
evm.utg31532.5	100
evm.utg31699.4	136
evm.utg31699.5	89
evm.utg31822.1	75
evm.utg31822.2	104
evm.utg31945.1	77
utg31945.equina_smart_1450021.mrna5	46
evm.utg31945.2	106
evm.utg31945.10	87
evm.utg31945.16	127
evm.utg31945.19	87
evm.utg32055.1	90
evm.utg32055.5	81
evm.utg32055.6	113
evm.utg32107.2	140
evm.utg32107.3	146
evm.utg32107.11	135
evm.utg32260.1	143
evm.utg32260.5	111
evm.utg32260.6	130
evm.utg32260.7	87
utg32320.equina_smart_1477836.mrna2	62
evm.utg32320.2	144
evm.utg32320.3	73
evm.utg32426.4	127
evm.utg32426.10	119
evm.utg32707.1	120
evm.utg32707.8	114
utg32707.equina_smart_1477930.mrna1	141
evm.utg32914.3	138
evm.utg33038.2	147
evm.utg33128.4	147
evm.utg33128.5	110
evm.utg33128.6	71
evm.utg33235.1	117
evm.utg33235.4	117
evm.utg33235.5	147
evm.utg33385.2	81
evm.utg33682.1	96
evm.utg33682.2	146
evm.utg33682.7	70
evm.utg33682.11	95
evm.utg33682.12	132
evm.utg33757.4	131
evm.utg33757.6	148
evm.utg33757.8	102
evm.utg33757.9	133
evm.utg33757.10	102
evm.utg33757.11	133
evm.utg33757.12	89
evm.utg33757.13	133
evm.utg33757.14	110
evm.utg33757.19	105
evm.utg33757.23	70
evm.utg33757.25	81
evm.utg33757.31	102
utg33828.equina_smart_1072980.mrna1	112
evm.utg33828.3	79
evm.utg33828.9	81
evm.utg33938.4	115
evm.utg33938.17	84
evm.utg33938.19	73
evm.utg33938.20	74
utg33938.equina_smart_647107.mrna1	80
evm.utg33938.30	75
evm.utg33938.33	99
evm.utg34096.12	126
evm.utg34096.14	131
evm.utg34135.1	110
evm.utg34135.2	122
evm.utg34135.4	147
evm.utg34383.1	141
utg34491.equina_smart_1478303.mrna1	87
evm.utg34572.1	77
evm.utg34572.6	118
evm.utg34597.8	119
evm.utg34597.13	79
evm.utg34597.17	94
evm.utg34597.18	97
evm.utg34639.6	136
evm.utg34639.9	92
evm.utg34666.1	50
evm.utg34666.3	108
evm.utg34666.4	88
evm.utg34666.7	128
evm.utg34666.9	98
evm.utg34666.10	110
evm.utg34666.14	78
evm.utg34691.1	111
evm.utg34691.3	132
evm.utg34691.7	71
utg34917.equina_smart_1536488.mrna6	72
evm.utg35083.1	107
evm.utg35083.4	87
evm.utg35117.1	84
evm.utg35117.2	75
evm.utg35341.1	93
evm.utg35341.2	115
evm.utg35510.2	92
evm.utg35510.2.1.5c22ef84	92
evm.utg35662.4	82
evm.utg35893.3	138
evm.utg35893.4	116
evm.utg35893.5	112
evm.utg35893.6	138
evm.utg35997.3	134
evm.utg35997.4	98
evm.utg36089.9	120
evm.utg36089.11	88
evm.utg36089.12	115
evm.utg36508.4	144
evm.utg36508.6	103
evm.utg36649.1	127
evm.utg36717.4	115
evm.utg36717.7	87
evm.utg36717.10	95
utg36986.equina_smart_943212.mrna1	32
evm.utg36986.4	110
evm.utg36986.5	110
evm.utg36986.7	142
evm.utg37289.1	101
evm.utg37453.3	141
evm.utg37512.4	121
evm.utg38078.1	144
evm.utg38078.18	87
evm.utg38114.1	129
evm.utg38114.3	134
utg38114.equina_smart_1437096.mrna3	104
evm.utg38114.18	91
evm.utg38114.20	87
evm.utg38230.2	101
evm.utg38230.4	109
evm.utg38960.2	112
evm.utg38960.3	91
evm.utg38960.4	120
evm.utg38960.8	92
evm.utg38960.11	146
evm.utg38960.12	74
evm.utg38960.18	118
evm.utg38960.20	138
evm.utg38960.21	147
evm.utg39711.1	52
evm.utg39711.4	97
evm.utg39996.1	88
evm.utg39996.4	139
evm.utg40307.1	120
utg40335.equina_smart_1478853.mrna1	135
evm.utg40335.1	103
evm.utg40335.7	134
evm.utg40335.8	105
evm.utg40512.1	123
evm.utg40512.3	142
utg40512.equina_smart_970061.mrna1	54
evm.utg40621.2	92
evm.utg40828.3	101
utg41344.evm.utg32859.3.mrna8	67
utg41358.equina_smart_50000.mrna1	83
evm.utg41358.6	108
evm.utg42119.4	122
evm.utg42119.5	127
evm.utg42119.6	67
evm.utg42370.1	80
evm.utg42547.1	97
evm.utg42547.4	71
evm.utg42547.6	131
evm.utg42902.1	128
evm.utg42902.2	98
utg42902.equina_smart_1591393.mrna10	81
evm.utg43107.2	131
evm.utg43115.4	90
evm.utg43115.5	72
evm.utg43115.7	149
evm.utg43115.8	98
evm.utg43115.10	137
evm.utg43115.13	133
evm.utg43115.16	107
evm.utg43378.3	94
evm.utg43378.4	127
evm.utg43378.6	75
evm.utg43378.7	135
evm.utg43378.16	118
evm.utg43451.3	88
evm.utg43451.7	103
evm.utg43451.8	71
evm.utg43451.9	144
utg43451.equina_smart_1622223.mrna2	145
evm.utg43451.12	113
evm.utg43451.15	72
evm.utg43451.18	136
evm.utg43451.20	144
evm.utg43451.24	104
evm.utg43451.25	84
evm.utg43451.26	69
evm.utg43451.28	82
evm.utg43451.31	129
evm.utg43451.33	124
evm.utg43821.5	110
evm.utg43821.6	98
evm.utg44402.1	94
evm.utg44408.1	101
evm.utg44408.10	98
evm.utg44757.5	121
utg44757.equina_smart_1479167.mrna1	87
utg45026.equina_smart_1591393.mrna6	81
utg45299.equina_smart_1874924.mrna12	38
utg45299.equina_smart_1411062.mrna11	52
utg45299.equina_smart_1359323.mrna3	39
evm.utg45299.2	99
evm.utg45405.1	77
evm.utg45405.3	97
utg45405.equina_smart_1102894.mrna1	77
evm.utg45405.8	104
utg45540.evm.utg3622.28.mrna2	97
utg45540.evm.utg3622.27.mrna2	126
evm.utg45687.2	102
evm.utg45865.2.1.5c22f126.1.5c279551	148
evm.utg45865.6	149
evm.utg45865.8	84
utg46421.evm.utg580.50.mrna2	144
evm.utg47361.1	85
evm.utg48004.1	89
evm.utg48004.2	105
evm.utg48004.3	129
evm.utg48209.3	82
evm.utg48209.5	94
evm.utg48491.2	70
evm.utg48491.3	100
evm.utg48491.10	68
evm.utg48491.11	98
evm.utg48808.7	110
evm.utg49040.3	124
evm.utg49040.4	141
evm.utg50879.1	140
evm.utg50879.4	77
evm.utg51603.6	143
evm.utg52146.6	84
evm.utg53173.1	119
evm.utg53173.5	136
evm.utg53426.4	128
evm.utg54229.1	125
evm.utg54510.4	129
evm.utg54510.6	89
evm.utg54510.8	136
evm.utg54553.1	114
evm.utg54553.3	80
evm.utg54553.4	121
evm.utg54553.6	97
evm.utg55667.4	135
evm.utg55667.6	133
evm.utg55667.7	109
evm.utg55781.4	108
evm.utg55781.6	80
evm.utg55869.1	80
evm.utg56260.1	116
evm.utg56260.7	138
evm.utg56260.9	119
evm.utg56260.11	110
evm.utg58997.1	104
utg59087.evm.utg4610.11.mrna9	125
evm.utg59087.2	122
evm.utg59087.3	83
evm.utg59087.7	128
utg59087.equina_smart_1722318.mrna5	45
utg59087.evm.utg4610.11.mrna10	125
evm.utg59213.1	109
evm.utg59213.6	131
evm.utg59213.9	98
evm.utg59213.10	114
evm.utg59213.11	84
evm.utg59616.1	103
evm.utg59616.5	136
evm.utg59939.5	139
evm.utg59939.8	103
evm.utg60023.2	139
evm.utg60048.2	127
evm.utg60048.3	123
evm.utg60048.7	129
utg60048.equina_smart_1746049.mrna3	59
utg60048.equina_smart_1746049.mrna4	59
evm.utg60191.1	116
evm.utg60413.4	86
evm.utg60423.1	102
evm.utg60423.2	105
evm.utg60423.3	139
evm.utg60619.2	80
evm.utg60745.2	130
evm.utg61244.5	74
evm.utg61244.6	81
evm.utg61244.10	129
evm.utg61418.5	139
evm.utg61418.10	78
evm.utg61418.11	136
evm.utg61418.12	116
evm.utg61418.14	121
evm.utg61702.3	94
evm.utg61702.5	137
utg62950.equina_smart_1729724.mrna2	50
utg62950.equina_smart_1479913.mrna2	57
evm.utg62950.6	117
evm.utg63454.3	142
evm.utg63454.7	149
evm.utg67002.4	89
evm.utg67600.1	83
evm.utg67600.2	98
utg69632.equina_smart_1711350.mrna3	81
evm.utg69632.1	106
evm.utg70613.1	113
utg70613.equina_smart_1739257.mrna4	45
utg70613.equina_smart_1482040.mrna5	60
evm.utg72054.1	117
evm.utg72054.2	86
evm.utg72724.1	97
evm.utg72724.3	112
evm.utg74575.1	120
evm.utg74575.2	146
evm.utg74575.3	110
evm.utg74575.5	97
evm.utg74575.8	67
evm.utg79441.1	76
evm.utg79441.2	128
evm.utg79441.6	118
utg80148.evm.utg16484.3.mrna8	65
utg80148.equina_smart_1553466.mrna3	67
utg84504.equina_smart_1537813.mrna5	76
utg84504.equina_smart_1739257.mrna3	45
utg84504.evm.utg18506.8.mrna2	95
evm.utg84504.2	137
evm.utg84504.4	143
evm.utg85521.4	109
evm.utg85521.5	79
evm.utg85521.6	92
evm.utg86134.7	104
evm.utg86134.11	124
evm.utg87655.1	118
evm.utg87655.3	69
evm.utg87655.4	123
evm.utg88612.1	105
evm.utg88612.2	120
evm.utg88612.3	102
evm.utg88612.8	135
evm.utg89561.1	120
evm.utg89561.3	103
evm.utg89561.3.1.5c22f4e0	86
evm.utg90743.1	84
evm.utg90743.3	102
evm.utg90743.4	142
evm.utg91405.1	100
evm.utg91405.2	102
evm.utg92203.1	118
evm.utg95251.1	117
evm.utg95251.3	119
evm.utg97204.7	119
evm.utg97204.7.1.5c22f541	95
evm.utg98647.4	142
evm.utg99249.3	109
utg99249.equina_smart_1666003.mrna7	49
utg99249.equina_smart_1359323.mrna2	39
evm.utg102448.1	61
evm.utg102448.3	148
evm.utg102448.7	126
evm.utg103034.1	136
evm.utg103034.3	89
evm.utg105587.1	100
evm.utg105587.4	109
evm.utg107084.1	84
evm.utg107084.3	100
evm.utg108328.4	86
evm.utg109891.1	51
evm.utg111617.4	147
evm.utg113218.5	101
evm.utg115298.1	83
evm.utg125632.4	110
evm.utg125632.5	119
evm.utg126889.5	115
evm.utg129201.2	88
evm.utg129201.8	69
evm.utg138951.1	126
evm.utg138951.2	92
evm.utg139996.1	99
utg139996.equina_smart_202488.mrna7	148
evm.utg149521.3	97
evm.utg152524.2	106
evm.utg154100.3	109
evm.utg154100.4	102
evm.utg159619.2	136
evm.utg159619.4	87
evm.utg166658.1	119
evm.utg169038.4	99
evm.utg169038.6	121
evm.utg173190.1	135
evm.utg173190.2	105
evm.utg173190.8	141
evm.utg174599.1	85
evm.utg174599.2	78
evm.utg174599.4	108
evm.utg209609.4	100
evm.utg343339.1	96
evm.utg343339.4	70
evm.utg448653.2	147
evm.utg448653.4	96
