evm.utg4.1	77
evm.utg4.5	77
utg4.equina_smart_817336.mrna2	71
evm.utg4.42	82
evm.utg4.49	71
utg4.equina_smart_49562.mrna1	36
evm.utg4.70	75
evm.utg4.71	81
evm.utg5.13	88
evm.utg5.32	97
evm.utg5.34	86
utg5.evm.utg2716.12.mrna6	84
utg5.equina_smart_1391812.mrna1	65
evm.utg5.61	99
evm.utg5.64	67
evm.utg5.70	91
evm.utg5.73	78
evm.utg7.9	93
utg7.equina_smart_1617407.mrna6	39
utg7.equina_smart_1391965.mrna1	60
evm.utg7.24	95
utg7.equina_smart_496225.mrna2	52
utg7.equina_smart_1617407.mrna5	39
evm.utg7.26	99
evm.utg7.31	85
evm.utg7.56	77
evm.utg7.65	84
evm.utg7.70	99
utg7.equina_smart_836454.mrna2	63
evm.utg7.83	93
utg7.equina_smart_1359323.mrna9	39
utg7.equina_smart_1411062.mrna3	52
utg7.equina_smart_1391965.mrna7	60
evm.utg7.84	85
utg7.equina_smart_1634317.mrna1	39
utg7.equina_smart_1666003.mrna1	49
evm.utg7.87	88
evm.utg8.31	68
evm.utg8.34	99
evm.utg8.50	91
evm.utg8.59	91
evm.utg8.86	89
evm.utg10.6	92
evm.utg10.11	70
evm.utg10.16	99
utg10.equina_smart_120628.mrna2	76
evm.utg10.20	97
evm.utg10.44	91
evm.utg10.46	93
evm.utg13.4	98
evm.utg13.9	72
utg13.equina_smart_120628.mrna1	76
evm.utg13.14	83
evm.utg13.22.1.5c22ea14	98
evm.utg13.33	89
utg13.equina_smart_1392170.mrna2	59
utg13.evm.utg464.87.mrna4	70
evm.utg14.6	92
evm.utg14.30	90
evm.utg14.35	83
evm.utg14.44	79
evm.utg14.48	90
evm.utg14.69	84
evm.utg14.77	78
utg14.evm.utg5442.29.mrna5	78
evm.utg18.30	84
evm.utg18.32	92
evm.utg18.48	93
evm.utg18.50	85
utg18.equina_smart_1629751.mrna1	35
evm.utg18.72	83
utg18.equina_smart_1302533.mrna1	84
utg27.equina_smart_1836529.mrna1	66
utg27.evm.utg15950.2.mrna2	67
evm.utg27.4	94
evm.utg27.30	92
evm.utg27.30.1.5c22ee13	97
utg27.equina_smart_917443.mrna1	58
evm.utg27.44	72
evm.utg27.47	97
evm.utg27.52	74
evm.utg27.95	55
evm.utg27.95.1.5c22ee0b	57
evm.utg27.120	98
evm.utg27.121	86
evm.utg27.128	91
evm.utg27.134	74
evm.utg27.152	96
evm.utg27.153	67
evm.utg29.7	85
utg29.equina_smart_1776097.mrna2	42
evm.utg29.10	71
evm.utg29.21	89
evm.utg31.24	93
evm.utg31.35	84
evm.utg31.36	82
evm.utg31.39	86
evm.utg31.39.1.5c22eeca	86
evm.utg31.41	75
evm.utg31.43	99
evm.utg31.46	84
evm.utg31.47	94
evm.utg31.51	98
evm.utg31.55	89
evm.utg31.72	98
evm.utg31.77	74
evm.utg31.87	88
evm.utg31.93	75
evm.utg35.4	94
utg35.equina_smart_1482040.mrna1	60
evm.utg47.17	94
evm.utg47.20	79
evm.utg47.30	77
evm.utg47.35	67
evm.utg47.36	94
evm.utg47.37	69
evm.utg48.3	80
evm.utg48.61	87
utg49.equina_smart_1592054.mrna1	34
evm.utg49.5	71
evm.utg52.11	93
evm.utg52.13	80
utg52.equina_smart_459784.mrna1	52
evm.utg52.29	96
evm.utg52.36	77
evm.utg52.37	69
evm.utg52.44	80
evm.utg52.75	73
evm.utg52.90	71
evm.utg52.91	96
evm.utg52.102	69
evm.utg52.104	73
evm.utg52.108	78
evm.utg52.118	87
utg52.equina_smart_1666003.mrna2	49
evm.utg52.143	97
utg52.evm.utg376.2.mrna2	77
utg54.equina_smart_1393648.mrna3	50
utg54.equina_smart_1745750.mrna4	41
utg54.equina_smart_1475680.mrna3	50
utg54.equina_smart_1393695.mrna1	87
evm.utg54.32	99
evm.utg54.34	73
utg54.equina_smart_150479.mrna1	63
evm.utg54.44	67
utg55.equina_smart_1393778.mrna1	60
evm.utg55.34	77
evm.utg55.53	80
evm.utg55.61	71
evm.utg55.83	88
evm.utg55.128	92
evm.utg55.140	83
evm.utg55.162	77
utg55.equina_smart_1394036.mrna1	71
evm.utg55.181	78
utg55.equina_smart_329843.mrna1	55
evm.utg55.194	70
utg55.equina_smart_1139456.mrna1	89
utg55.equina_smart_1394313.mrna1	79
utg55.equina_smart_1486858.mrna1	67
utg55.equina_smart_1394326.mrna1	74
evm.utg55.219	77
utg56.equina_smart_570029.mrna11	37
evm.utg56.26	79
evm.utg56.44.1.5c22f217.1.5c279618	82
evm.utg56.44.1.5c22f217	96
evm.utg57.30	76
evm.utg57.38	96
evm.utg62.1	97
utg62.equina_smart_1524574.mrna12	40
utg62.equina_smart_657794.mrna2	71
utg62.evm.utg820.12.mrna2	78
evm.utg62.60	95
evm.utg62.61	85
evm.utg62.89	83
evm.utg62.121	88
evm.utg62.124	88
utg62.equina_smart_284736.mrna1	34
evm.utg62.147	82
utg62.evm.utg612.30.mrna2	84
evm.utg64.21	96
evm.utg64.22	87
utg64.equina_smart_1394916.mrna1	94
evm.utg64.27.1.5c22f307	79
evm.utg64.36	96
evm.utg64.37	88
utg72.equina_smart_1395060.mrna1	88
evm.utg72.24	76
evm.utg73.5	77
evm.utg73.26	85
evm.utg73.43	91
evm.utg73.79	74
evm.utg73.81	84
evm.utg73.85	74
evm.utg73.100	88
evm.utg73.101	94
evm.utg73.110	85
evm.utg73.115	75
evm.utg73.116	93
evm.utg73.139	75
evm.utg73.143.1.5c22f3bd	93
evm.utg77.3	71
evm.utg77.13	75
evm.utg77.55	75
evm.utg77.59	68
evm.utg77.67	74
evm.utg77.81	90
evm.utg77.82	95
utg77.equina_smart_1078796.mrna1	69
utg77.equina_smart_1395528.mrna1	33
evm.utg77.94	99
evm.utg77.113	85
utg77.equina_smart_1713203.mrna2	50
evm.utg77.124	92
utg77.equina_smart_1711328.mrna7	50
evm.utg77.129	75
utg77.equina_smart_1766710.mrna8	95
evm.utg77.143	97
evm.utg77.161.1.5c22f419	88
evm.utg77.161	92
evm.utg77.169	87
evm.utg77.174	91
evm.utg77.178	74
utg78.equina_smart_1360112.mrna1	75
evm.utg78.19	98
evm.utg78.38	88
evm.utg78.45	88
evm.utg78.50	98
evm.utg78.85	97
evm.utg78.90	88
evm.utg78.96	79
evm.utg78.107	88
evm.utg78.110	80
utg82.equina_smart_1396069.mrna1	81
evm.utg82.5	70
utg82.equina_smart_1396057.mrna1	75
utg82.evm.utg14533.28.mrna2	98
utg86.equina_smart_1345572.mrna2	65
utg86.equina_smart_1634317.mrna3	39
utg86.equina_smart_1391965.mrna4	60
utg86.equina_smart_1634317.mrna2	39
evm.utg86.45	78
evm.utg86.61	91
evm.utg86.76	83
utg86.equina_smart_173735.mrna1	96
evm.utg92.3	90
evm.utg92.5	82
evm.utg92.7	95
evm.utg92.20	71
utg92.equina_smart_535020.mrna1	77
evm.utg92.72	96
evm.utg92.73	93
evm.utg92.88	71
evm.utg92.100.1.5c22f519	96
evm.utg92.120	77
evm.utg92.123	77
evm.utg92.124	71
evm.utg92.128	99
evm.utg92.139	93
utg92.equina_smart_1087197.mrna1	63
utg92.equina_smart_57145.mrna1	55
evm.utg92.152	77
evm.utg92.153	84
evm.utg95.3	75
evm.utg95.6	71
evm.utg95.26	69
utg95.equina_smart_921438.mrna1	78
utg101.equina_smart_1396890.mrna1	93
utg101.equina_smart_241017.mrna1	58
evm.utg101.26	87
evm.utg101.55	96
utg101.equina_smart_1822695.mrna1	60
evm.utg101.96	88
evm.utg101.97	92
evm.utg101.110	82
utg101.equina_smart_1822816.mrna1	48
evm.utg101.174	67
utg101.equina_smart_282026.mrna1	87
evm.utg101.175	85
evm.utg101.176	73
evm.utg101.179	85
evm.utg101.182	73
utg101.equina_smart_1474185.mrna1	59
evm.utg101.202	80
evm.utg104.6	99
evm.utg104.42.1.5c22e80d	80
evm.utg104.42	80
evm.utg104.43	98
evm.utg104.45	88
utg104.equina_smart_1397551.mrna1	61
evm.utg104.58	67
evm.utg104.70	81
evm.utg104.71	77
evm.utg104.80	83
evm.utg104.82	84
utg107.equina_smart_1831384.mrna1	32
evm.utg107.29	74
evm.utg107.38	88
evm.utg107.45	85
utg107.equina_smart_1397760.mrna1	67
utg109.equina_smart_1630186.mrna12	51
utg109.equina_smart_1411062.mrna4	52
evm.utg109.9	71
evm.utg109.10	97
evm.utg109.12	78
evm.utg109.13	92
evm.utg109.16	89
evm.utg109.24	73
utg109.equina_smart_1661030.mrna1	43
utg109.equina_smart_1661085.mrna1	33
evm.utg109.52	98
evm.utg109.53	85
utg109.equina_smart_1865309.mrna1	63
utg109.equina_smart_1097430.mrna1	85
evm.utg109.72	79
evm.utg109.91	94
evm.utg109.104	70
utg109.equina_smart_1397898.mrna1	80
evm.utg112.10	86
utg112.equina_smart_1398089.mrna1	68
evm.utg112.30	89
evm.utg112.59	77
evm.utg113.13	99
evm.utg113.30	95
evm.utg114.2	76
evm.utg115.12	73
evm.utg116.32	71
evm.utg116.73	74
evm.utg116.90	74
utg116.equina_smart_1171851.mrna1	71
evm.utg116.111.1.5c22e91a	80
evm.utg116.111.2.5c22e91a	83
evm.utg116.111	81
evm.utg116.116	72
evm.utg116.118	76
utg116.equina_smart_1398313.mrna1	67
evm.utg116.166	76
evm.utg116.186	96
evm.utg116.195	68
utg116.equina_smart_1840927.mrna2	39
utg116.equina_smart_1294857.mrna1	78
evm.utg116.213	73
evm.utg116.220	80
evm.utg116.232	97
evm.utg116.244	67
evm.utg116.253	90
evm.utg116.268	95
evm.utg116.269	86
evm.utg116.289	70
evm.utg116.295	92
evm.utg116.303	74
utg116.equina_smart_995011.mrna1	71
evm.utg116.333	99
evm.utg116.345	78
evm.utg116.349	98
evm.utg116.375	96
evm.utg117.1	81
evm.utg117.9	70
evm.utg125.1	93
evm.utg125.12	89
evm.utg125.28	76
evm.utg125.38	88
evm.utg125.58	92
evm.utg125.60	79
utg125.equina_smart_1768321.mrna1	51
utg125.equina_smart_1766710.mrna12	95
utg125.equina_smart_1662785.mrna9	68
evm.utg125.80	85
evm.utg125.83	97
evm.utg125.91	85
evm.utg125.97	94
evm.utg125.98	88
evm.utg125.109	89
evm.utg125.113	90
evm.utg125.117	94
evm.utg125.148	95
utg125.equina_smart_1888395.mrna7	34
evm.utg125.180	95
utg125.equina_smart_1089957.mrna1	95
evm.utg126.7	80
evm.utg126.8	92
evm.utg126.35	69
evm.utg126.42	92
evm.utg126.60	82
evm.utg126.69	77
evm.utg126.75	72
evm.utg126.90	78
evm.utg126.97	98
evm.utg126.105	82
utg126.equina_smart_349170.mrna1	93
evm.utg126.121	99
evm.utg126.128	78
evm.utg126.130	95
evm.utg126.170	74
utg126.equina_smart_17200.mrna11	43
evm.utg126.171	68
utg126.equina_smart_1481573.mrna2	72
evm.utg126.173	92
utg129.equina_smart_1766710.mrna10	95
evm.utg129.38	94
evm.utg129.50	75
evm.utg129.71	71
evm.utg129.73	84
utg129.equina_smart_1579500.mrna1	48
evm.utg144.6	81
utg144.equina_smart_1238220.mrna1	76
utg144.equina_smart_1400019.mrna1	76
evm.utg144.56	85
evm.utg144.57	92
utg144.equina_smart_1894513.mrna1	81
utg144.equina_smart_1389976.mrna1	81
utg144.equina_smart_1688928.mrna3	42
evm.utg144.69	71
evm.utg144.75	79
utg144.equina_smart_793647.mrna1	94
utg144.equina_smart_239275.mrna1	75
evm.utg144.93	75
evm.utg145.4	93
evm.utg145.7	98
evm.utg145.10	86
evm.utg145.13	95
evm.utg145.22	72
evm.utg145.53	88
evm.utg145.58	86
evm.utg145.61	81
evm.utg145.63	93
evm.utg145.70	69
evm.utg146.11.1.5c22ead9	94
utg146.equina_smart_179334.mrna1	67
utg146.equina_smart_1380903.mrna1	56
evm.utg146.27	83
evm.utg150.28	97
utg150.equina_smart_773937.mrna1	62
evm.utg150.80	84
evm.utg150.87	78
utg150.equina_smart_984856.mrna11	49
evm.utg150.97	79
utg152.equina_smart_1129086.mrna1	61
utg152.equina_smart_1039567.mrna1	90
utg152.equina_smart_1022848.mrna1	92
evm.utg152.35	98
evm.utg152.50	89
evm.utg152.51	68
evm.utg152.61	81
evm.utg152.69	87
evm.utg160.10	71
evm.utg160.34	83
evm.utg162.3	77
evm.utg162.11	82
utg162.equina_smart_1058660.mrna1	64
evm.utg162.37	96
utg162.evm.utg24105.3.mrna2	87
utg163.equina_smart_1630186.mrna4	51
utg163.equina_smart_1630186.mrna1	51
utg163.equina_smart_1216503.mrna1	43
evm.utg163.7	93
utg163.equina_smart_1401017.mrna1	52
evm.utg163.19	68
evm.utg163.26	85
evm.utg163.32	70
evm.utg163.37	89
evm.utg163.50	80
evm.utg163.59	78
evm.utg163.64	73
utg163.equina_smart_1401103.mrna1	77
evm.utg163.67	94
evm.utg163.69	70
evm.utg163.70	92
evm.utg163.71	75
utg163.equina_smart_1666003.mrna4	49
evm.utg163.94	71
utg163.equina_smart_1617407.mrna2	39
utg167.equina_smart_1628316.mrna2	42
evm.utg167.16	89
evm.utg167.21	91
evm.utg170.13	78
evm.utg172.3	99
utg172.equina_smart_1401759.mrna1	42
evm.utg172.10	76
evm.utg172.21	79
evm.utg172.50	97
evm.utg172.84	71
evm.utg172.85	73
utg172.equina_smart_1345530.mrna1	69
utg172.equina_smart_248889.mrna1	98
evm.utg172.97	71
evm.utg172.106	92
evm.utg172.119	99
evm.utg172.120	74
utg172.equina_smart_1401739.mrna1	68
utg172.equina_smart_1401698.mrna1	88
evm.utg178.23	85
evm.utg178.26	98
evm.utg178.30	76
evm.utg178.35	82
evm.utg178.41	83
evm.utg178.55	75
evm.utg178.59	79
evm.utg180.10	80
evm.utg180.39	84
evm.utg180.40	81
evm.utg180.53	81
evm.utg180.58	89
evm.utg181.2	74
utg181.equina_smart_787506.mrna1	46
utg181.equina_smart_907908.mrna2	58
evm.utg183.7	99
evm.utg183.9	69
evm.utg183.12	94
evm.utg183.25	82
utg183.equina_smart_954712.mrna1	50
utg183.equina_smart_1456594.mrna2	54
utg183.equina_smart_1482040.mrna4	60
evm.utg186.17	70
evm.utg190.3	84
evm.utg190.12	70
evm.utg190.15	87
evm.utg190.15.1.5c27913e	87
utg190.equina_smart_1581370.mrna1	61
evm.utg190.19	92
evm.utg190.42	70
evm.utg190.44	72
evm.utg190.65	88
utg192.equina_smart_92769.mrna7	58
evm.utg192.8	98
evm.utg192.12	97
evm.utg192.18	92
evm.utg192.19	96
evm.utg192.21	90
evm.utg192.30	79
evm.utg192.46	88
evm.utg192.54	73
evm.utg192.65	80
evm.utg192.89	79
evm.utg194.32	96
evm.utg194.40	89
utg194.equina_smart_1178281.mrna1	68
evm.utg194.65	89
evm.utg203.21	77
evm.utg203.26	97
evm.utg203.27	76
evm.utg203.28	91
evm.utg203.29	72
evm.utg203.38	74
evm.utg203.39	72
evm.utg203.40	89
evm.utg203.41	91
evm.utg203.42	72
evm.utg203.43	75
evm.utg203.45	68
evm.utg203.48	68
evm.utg203.53	83
evm.utg203.56	97
evm.utg203.60	96
evm.utg203.61	99
evm.utg203.63.1.5c22ecc3	94
utg203.equina_smart_20726.mrna1	63
utg203.equina_smart_84905.mrna1	51
evm.utg203.71	89
utg203.evm.utg3443.67.mrna1	68
evm.utg203.95	85
evm.utg203.97	91
evm.utg203.101	76
utg203.equina_smart_1403020.mrna1	96
evm.utg203.126	71
evm.utg203.137	76
evm.utg207.1	80
utg207.equina_smart_1591393.mrna3	81
evm.utg207.12	98
utg207.equina_smart_1612683.mrna4	50
evm.utg207.54	78
evm.utg207.60	84
utg207.equina_smart_1572324.mrna1	75
evm.utg207.65	78
evm.utg207.66	77
utg207.equina_smart_1403149.mrna1	61
evm.utg207.103	73
evm.utg207.109	94
evm.utg207.117	99
evm.utg207.125	98
utg207.equina_smart_57348.mrna1	74
evm.utg209.8	84
evm.utg209.23	88
evm.utg209.39	67
evm.utg209.42	89
evm.utg213.7	86
evm.utg213.14	98
utg214.equina_smart_1403593.mrna1	55
evm.utg214.66	87
utg214.equina_smart_1403628.mrna1	37
evm.utg216.17	70
evm.utg216.20	99
evm.utg217.17	93
evm.utg217.24	70
evm.utg217.56	71
evm.utg219.4	85
evm.utg219.17	73
evm.utg219.45	96
evm.utg219.59	93
evm.utg219.67	88
evm.utg221.34	88
evm.utg221.38	80
utg221.evm.utg10709.5.mrna4	68
utg225.equina_smart_757082.mrna1	50
evm.utg225.43	87
evm.utg225.62	78
evm.utg225.64	55
evm.utg225.83	99
evm.utg225.88	96
evm.utg225.98	88
utg225.equina_smart_1124481.mrna2	51
evm.utg225.108	71
utg225.equina_smart_1732458.mrna9	59
evm.utg225.125	82
evm.utg225.126	70
evm.utg225.128	72
evm.utg225.131	91
evm.utg225.133	87
evm.utg234.5	79
evm.utg234.6	93
evm.utg234.14	80
evm.utg234.31	80
utg234.equina_smart_1444942.mrna4	97
evm.utg234.40	98
evm.utg234.43	76
evm.utg234.44	83
utg234.equina_smart_1404332.mrna1	70
utg234.equina_smart_1404218.mrna1	70
evm.utg234.61	78
evm.utg234.84	67
evm.utg234.86	85
evm.utg234.91	94
utg234.equina_smart_1404252.mrna1	77
evm.utg234.110.1.5c22ed78	78
evm.utg234.110	96
evm.utg234.112	92
evm.utg234.113.1.5c22ed78	78
evm.utg234.113	96
evm.utg234.115	96
evm.utg234.119	79
evm.utg234.133	68
utg234.evm.utg234.133.mrna2	68
evm.utg234.146	72
evm.utg236.3	70
evm.utg236.10	88
evm.utg236.15	82
utg236.equina_smart_1404524.mrna1	62
evm.utg236.36	73
utg236.equina_smart_915825.mrna1	89
evm.utg236.52	95
evm.utg236.54	84
evm.utg237.15	78
evm.utg237.23	93
evm.utg237.32	82
evm.utg237.34	73
evm.utg237.35	82
evm.utg239.1	93
evm.utg239.7	97
evm.utg243.2	84
evm.utg243.3	95
evm.utg243.5	74
evm.utg243.50	82
evm.utg243.52	72
evm.utg243.54	74
evm.utg243.54.1.5c22eda6	74
evm.utg243.55	74
evm.utg243.60	70
evm.utg243.64	80
utg243.equina_smart_57527.mrna1	80
evm.utg243.65	86
utg243.equina_smart_301922.mrna1	69
utg243.equina_smart_1555422.mrna1	39
evm.utg243.89	83
evm.utg245.7	87
evm.utg245.29	81
utg245.equina_smart_1405094.mrna1	93
utg245.equina_smart_384994.mrna1	60
evm.utg245.57	97
utg245.equina_smart_826176.mrna1	89
evm.utg245.67	81
evm.utg245.69	88
evm.utg245.69.1.5c22edb1	89
evm.utg245.69.2.5c22edb1.1.5c279273	89
evm.utg245.69.2.5c22edb1.2.5c279273	89
evm.utg245.69.2.5c22edb1	87
evm.utg245.69.3.5c22edb1	89
utg245.equina_smart_194154.mrna1	86
evm.utg245.80	71
evm.utg245.81	95
evm.utg255.1	91
evm.utg255.2	93
evm.utg255.6	88
evm.utg255.22	70
utg255.equina_smart_1870055.mrna1	89
utg255.equina_smart_769755.mrna1	64
utg255.equina_smart_769755.mrna2	64
evm.utg256.38	80
evm.utg256.41	74
evm.utg259.3	91
utg259.evm.utg26560.1.mrna2	71
evm.utg259.19	93
evm.utg262.15	76
evm.utg262.23	80
utg262.equina_smart_73507.mrna2	84
evm.utg262.84	83
utg268.equina_smart_1706722.mrna1	59
evm.utg268.26	78
evm.utg276.7	80
evm.utg276.13	91
evm.utg276.58	84
evm.utg279.12	84
evm.utg279.26	96
evm.utg279.35	92
utg279.equina_smart_936165.mrna1	74
evm.utg279.50	94
evm.utg279.51	88
utg279.equina_smart_56981.mrna2	92
evm.utg280.5	91
evm.utg280.12	70
evm.utg280.19	95
utg280.equina_smart_1354803.mrna3	65
evm.utg286.2	97
evm.utg286.3	70
utg288.equina_smart_1456594.mrna3	54
evm.utg288.9	90
evm.utg293.1	75
evm.utg293.54	87
evm.utg293.68	85
evm.utg293.76	85
evm.utg298.17	76
evm.utg298.23.1.5c22ee77	86
evm.utg298.25	80
evm.utg298.34	89
evm.utg298.35	70
evm.utg298.35.1.5c22ee77	70
evm.utg298.43	93
evm.utg298.45	88
evm.utg298.47	93
evm.utg298.50	99
evm.utg298.71	92
evm.utg298.77	89
evm.utg298.79	89
evm.utg298.93	87
evm.utg298.94	88
evm.utg298.111	73
evm.utg298.112	73
evm.utg298.116	87
evm.utg298.118	90
evm.utg300.1	71
evm.utg300.4	81
evm.utg300.5	71
evm.utg300.6	97
evm.utg300.23	92
evm.utg300.49	84
evm.utg300.54	94
evm.utg300.65	77
utg300.equina_smart_984856.mrna12	49
evm.utg301.21	98
evm.utg301.22	92
utg301.equina_smart_341645.mrna1	46
evm.utg301.33	85
evm.utg301.64	75
utg301.equina_smart_1688928.mrna4	42
utg301.equina_smart_690311.mrna1	57
evm.utg301.98	92
evm.utg301.111	82
evm.utg301.112	80
evm.utg301.115	93
evm.utg301.135	91
evm.utg301.141	68
evm.utg301.142	99
evm.utg301.151	80
evm.utg301.155	89
evm.utg301.158	70
evm.utg301.162	83
evm.utg302.1	86
evm.utg302.4	97
utg302.equina_smart_980660.mrna1	78
utg302.equina_smart_1054774.mrna1	79
evm.utg302.16	74
utg302.equina_smart_1524574.mrna1	40
utg307.equina_smart_1778237.mrna4	50
evm.utg307.18	88
utg307.equina_smart_51672.mrna1	84
evm.utg307.35	92
evm.utg307.38	77
evm.utg307.39	98
evm.utg309.4	80
evm.utg309.9	97
evm.utg309.18	74
evm.utg309.22	97
evm.utg309.38.1.5c22eec1.1.5c279351	93
utg309.equina_smart_1407224.mrna1	81
evm.utg320.2	95
evm.utg320.6.1.5c22eef2	67
evm.utg320.6.2.5c22eef2	69
evm.utg320.6	67
evm.utg320.15	85
evm.utg320.34	75
evm.utg320.50	88
utg320.equina_smart_1385170.mrna1	53
evm.utg320.61	84
evm.utg320.68	77
evm.utg320.72	80
evm.utg320.74	89
utg320.equina_smart_1407557.mrna1	97
evm.utg320.102.1.5c22eef6	89
evm.utg320.108	81
evm.utg320.120	90
evm.utg320.121	83
evm.utg320.143	83
evm.utg320.154	73
evm.utg324.5	70
utg324.equina_smart_1438270.mrna3	86
evm.utg324.11	96
evm.utg324.21	81
evm.utg324.26	95
evm.utg324.42	79
evm.utg324.44	92
evm.utg324.47	67
evm.utg324.54	96
evm.utg324.77	87
evm.utg324.89	80
evm.utg324.90	72
evm.utg324.99	78
evm.utg324.117	80
evm.utg324.132	78
evm.utg324.140	69
evm.utg324.156	97
utg324.equina_smart_198480.mrna1	82
evm.utg324.157	80
utg324.equina_smart_89491.mrna1	57
utg324.equina_smart_989148.mrna2	90
evm.utg324.177	72
evm.utg324.178	80
evm.utg324.178.1.5c22ef2a	80
evm.utg324.184	70
evm.utg334.12	81
evm.utg334.20	84
evm.utg334.35	93
evm.utg334.50	70
evm.utg334.64	86
evm.utg334.76	68
evm.utg334.81	76
evm.utg338.1	90
utg338.equina_smart_73507.mrna1	84
evm.utg338.53	86
evm.utg338.74	80
evm.utg338.86	81
evm.utg338.99	84
evm.utg344.3	89
evm.utg344.11	97
evm.utg344.29	86
evm.utg344.48	68
evm.utg344.63	78
evm.utg344.65	83
evm.utg344.66	69
evm.utg344.72	88
evm.utg344.84	94
evm.utg348.4	76
evm.utg348.10	82
evm.utg351.20.1.5c22ef79	62
evm.utg351.20	82
utg351.equina_smart_1408742.mrna1	47
evm.utg356.13.1.5c22ef99	80
evm.utg356.13	80
utg356.equina_smart_1574100.mrna1	45
evm.utg356.56	86
evm.utg356.78	89
evm.utg356.96	90
evm.utg356.102	80
evm.utg356.129	95
evm.utg356.147	68
evm.utg358.2	80
evm.utg359.1	76
evm.utg359.3	68
evm.utg359.39	79
utg364.equina_smart_1779682.mrna1	51
utg364.equina_smart_1065413.mrna1	74
utg370.equina_smart_1409479.mrna1	55
evm.utg370.43	95
evm.utg370.62	93
evm.utg370.64	70
evm.utg370.68	95
evm.utg370.69	95
evm.utg370.78	84
evm.utg370.92	75
evm.utg370.93	88
evm.utg372.6	75
utg372.equina_smart_921767.mrna1	77
evm.utg372.16	79
evm.utg372.18	98
evm.utg372.30.1.5c22efc9	91
evm.utg376.2	72
evm.utg376.3	87
evm.utg376.11	78
evm.utg376.24	84
evm.utg376.31	68
evm.utg376.48	86
evm.utg376.58	92
evm.utg376.58.1.5c279432	82
utg376.equina_smart_1752506.mrna1	54
evm.utg376.74	88
evm.utg377.13	99
utg377.equina_smart_1885304.mrna1	79
evm.utg377.25	90
evm.utg377.43	88
evm.utg377.44	92
evm.utg378.1	80
evm.utg378.8	98
utg378.equina_smart_1293673.mrna1	62
utg378.equina_smart_1458578.mrna2	93
utg378.equina_smart_570029.mrna6	37
utg378.equina_smart_1743202.mrna8	62
evm.utg379.12	95
evm.utg379.63	89
utg379.equina_smart_919633.mrna2	84
utg379.equina_smart_1688928.mrna8	42
utg381.equina_smart_1410674.mrna1	47
utg381.equina_smart_1039882.mrna1	76
evm.utg381.8	85
evm.utg381.9	84
evm.utg381.28	78
utg381.equina_smart_253692.mrna1	41
evm.utg382.16	69
evm.utg382.17	72
evm.utg382.33	83
evm.utg382.39	71
evm.utg382.39.1.5c22f005	51
evm.utg382.41	85
utg382.equina_smart_1411023.mrna1	88
evm.utg382.42	79
evm.utg382.43	92
evm.utg382.52	73
utg386.equina_smart_1711328.mrna3	50
evm.utg386.12	77
evm.utg386.37	86
utg388.evm.utg820.12.mrna7	78
utg388.equina_smart_1411194.mrna1	71
evm.utg388.15	93
evm.utg389.9	99
evm.utg389.19	75
evm.utg389.22	83
evm.utg389.49	70
utg389.equina_smart_1145485.mrna1	94
evm.utg389.78	78
evm.utg389.84	89
evm.utg395.9	95
evm.utg395.12	74
evm.utg395.18	96
evm.utg395.27	68
evm.utg395.29	71
evm.utg395.37	70
evm.utg395.43	89
evm.utg395.49	82
evm.utg395.56	96
evm.utg395.57	83
utg401.equina_smart_170331.mrna10	76
evm.utg401.11	95
utg401.equina_smart_1411578.mrna1	87
evm.utg401.56	99
utg401.equina_smart_1621374.mrna2	38
evm.utg401.63	75
evm.utg402.36	88
evm.utg405.1	91
evm.utg405.17	81
evm.utg405.18	98
evm.utg405.59	70
evm.utg405.70	70
evm.utg405.75	78
utg405.evm.utg2716.12.mrna1	84
evm.utg407.6	82
evm.utg408.17	74
evm.utg408.46	87
evm.utg410.7	73
utg410.equina_smart_1867654.mrna11	44
evm.utg410.10	76
utg410.equina_smart_1411840.mrna1	61
evm.utg411.10	82
utg411.equina_smart_1411875.mrna1	93
evm.utg411.29.1.5c22f071.1.5c2794bd	89
evm.utg411.54	71
utg411.equina_smart_1533327.mrna1	51
evm.utg411.77	90
evm.utg411.106	74
evm.utg411.111	77
evm.utg411.112	68
utg411.equina_smart_1740983.mrna1	69
evm.utg411.150	86
evm.utg411.151	70
utg413.equina_smart_1466543.mrna2	62
evm.utg413.22	90
evm.utg413.29	88
evm.utg413.32	90
evm.utg415.2	94
evm.utg415.7	76
evm.utg415.19	75
evm.utg415.23	76
utg415.equina_smart_445360.mrna1	91
utg415.equina_smart_816806.mrna1	87
utg415.equina_smart_1412428.mrna1	84
utg415.equina_smart_1806938.mrna1	77
utg415.equina_smart_1412439.mrna1	41
evm.utg415.38	79
evm.utg415.57	75
utg415.equina_smart_1601823.mrna1	67
evm.utg415.69	78
utg415.equina_smart_1602228.mrna1	94
evm.utg415.97.1.5c22f088	96
evm.utg415.123	80
evm.utg415.127	73
evm.utg415.128	84
utg415.equina_smart_1412569.mrna1	64
evm.utg417.5	78
evm.utg417.8	67
evm.utg417.12	76
evm.utg417.27	75
evm.utg417.45	88
evm.utg418.13	81
evm.utg418.14	99
evm.utg418.20	67
utg418.evm.utg6875.9.mrna3	90
utg418.equina_smart_657794.mrna4	71
utg418.equina_smart_1524574.mrna9	40
evm.utg418.53	85
evm.utg418.77	68
evm.utg418.87	94
evm.utg418.89	77
evm.utg420.6	85
evm.utg420.6.1.5c22f0ad	78
utg420.equina_smart_56931.mrna1	50
evm.utg420.17	81
evm.utg420.21	67
utg420.equina_smart_842254.mrna1	92
utg420.equina_smart_1688928.mrna5	42
utg420.equina_smart_1412981.mrna1	98
evm.utg420.69	85
evm.utg420.72	94
evm.utg420.75	91
evm.utg420.99.1.5c22f0b7	97
evm.utg420.99	79
evm.utg420.101.1.5c22f0b1	92
evm.utg420.104	89
utg420.equina_smart_458796.mrna1	52
evm.utg420.129	85
evm.utg420.129.1.5c22f0b2	85
evm.utg431.45	93
evm.utg432.46	94
evm.utg432.48	97
evm.utg432.52	89
evm.utg432.83	86
utg432.equina_smart_1542527.mrna1	59
utg432.equina_smart_1442560.mrna1	37
evm.utg435.4	92
evm.utg435.8	74
evm.utg435.9	80
utg435.equina_smart_56444.mrna1	80
evm.utg435.20	71
utg435.equina_smart_1413736.mrna1	93
evm.utg435.27	94
evm.utg435.31	87
evm.utg435.31.1.5c22f0e4	87
evm.utg435.33	79
evm.utg435.42	73
evm.utg435.57	76
evm.utg435.69	80
evm.utg435.70	86
evm.utg435.71	73
evm.utg436.8	83
evm.utg436.10	94
evm.utg436.11	96
evm.utg436.12	96
evm.utg436.13	96
evm.utg436.26	91
evm.utg436.36	87
utg438.equina_smart_1688928.mrna6	42
evm.utg438.10	73
evm.utg439.14	95
evm.utg439.21	91
evm.utg439.28	95
evm.utg439.29	95
evm.utg439.48	99
evm.utg441.1	88
evm.utg441.45	91
evm.utg441.46	75
evm.utg456.5	89
evm.utg456.26	72
evm.utg456.27	93
evm.utg456.65	81
evm.utg464.13	84
evm.utg464.29	92
utg464.equina_smart_1414382.mrna1	61
evm.utg464.40	87
evm.utg464.42	75
evm.utg464.43	89
evm.utg464.87	70
evm.utg464.93	91
evm.utg464.95	86
evm.utg464.114	93
evm.utg464.117	97
utg464.equina_smart_531790.mrna7	96
evm.utg464.126	79
evm.utg464.133	76
evm.utg464.147	97
evm.utg464.148	87
evm.utg464.153	88
evm.utg464.167	89
evm.utg464.174	84
evm.utg464.187	93
evm.utg464.197	83
evm.utg464.200	86
evm.utg464.210	99
evm.utg464.221	92
evm.utg464.229	69
evm.utg464.231	91
utg467.equina_smart_496225.mrna1	52
evm.utg467.1	99
evm.utg467.33	88
evm.utg469.10	99
evm.utg470.6	68
utg470.equina_smart_1546483.mrna1	70
utg470.equina_smart_1022194.mrna1	67
evm.utg470.90	85
evm.utg477.20	82
utg479.equina_smart_1896045.mrna2	39
evm.utg479.15	67
evm.utg479.25	76
evm.utg479.37	84
evm.utg479.49	95
evm.utg479.54	97
utg479.equina_smart_177996.mrna1	57
evm.utg479.55	70
evm.utg479.56	72
evm.utg479.61	73
evm.utg479.65	89
evm.utg479.66	88
evm.utg479.74	69
evm.utg479.76	67
evm.utg479.113	67
evm.utg479.115	70
evm.utg479.116	76
utg479.equina_smart_1415095.mrna1	37
evm.utg479.138	86
evm.utg479.151	77
evm.utg479.152	75
utg479.equina_smart_1127904.mrna1	33
evm.utg479.159	81
utg479.equina_smart_1205587.mrna4	95
evm.utg479.171	96
evm.utg479.171.1.5c22f158	96
utg483.equina_smart_738906.mrna1	68
evm.utg483.10	76
evm.utg483.33	68
evm.utg483.40	79
evm.utg483.54	71
evm.utg483.57	70
evm.utg494.1	84
evm.utg494.3	94
evm.utg494.4	94
evm.utg494.15	99
evm.utg494.28	90
evm.utg496.14	87
evm.utg496.19	84
utg496.equina_smart_1617407.mrna3	39
evm.utg496.34	94
evm.utg498.22	77
evm.utg498.22.1.5c2795b8	77
evm.utg498.63	82
evm.utg498.93	98
evm.utg498.111	86
evm.utg498.120	86
evm.utg498.176	76
utg498.equina_smart_989982.mrna1	69
evm.utg498.197	89
evm.utg501.1	77
utg501.equina_smart_1416295.mrna1	56
utg501.equina_smart_1416296.mrna1	99
evm.utg501.15	93
utg501.equina_smart_285528.mrna1	52
evm.utg505.9	76
evm.utg505.18	71
evm.utg505.21	89
evm.utg505.28	70
evm.utg505.30	98
evm.utg505.44	92
evm.utg505.61	75
evm.utg505.68	84
evm.utg505.78	73
utg512.equina_smart_657794.mrna5	71
utg512.equina_smart_1524574.mrna2	40
evm.utg512.53	76
evm.utg512.71	92
evm.utg512.77	82
evm.utg514.7	80
evm.utg522.16	73
evm.utg522.18	93
utg522.equina_smart_972692.mrna1	70
evm.utg522.39	90
evm.utg522.42	88
evm.utg526.7	83
evm.utg526.14	74
evm.utg530.16	72
evm.utg532.2	81
evm.utg532.21	88
evm.utg536.2	80
evm.utg536.12	99
utg536.equina_smart_538344.mrna2	81
utg536.equina_smart_1268737.mrna1	49
evm.utg536.97	64
evm.utg540.2	78
evm.utg540.16	91
evm.utg540.21	86
evm.utg540.36	98
evm.utg540.64	71
evm.utg542.35	86
evm.utg542.36	87
evm.utg542.40	93
evm.utg542.41	71
evm.utg542.43	69
evm.utg542.46	88
evm.utg542.68	82
evm.utg542.79	88
evm.utg542.83	69
evm.utg542.106	77
utg544.equina_smart_996262.mrna1	68
utg544.equina_smart_1559154.mrna1	70
evm.utg544.36	96
evm.utg549.7	71
evm.utg560.1.2.5c22f224	77
evm.utg560.14	79
evm.utg560.28	68
utg564.equina_smart_1661085.mrna2	33
evm.utg564.32	90
evm.utg564.54	97
evm.utg564.55	97
evm.utg564.78	91
evm.utg564.84	92
evm.utg567.3	85
evm.utg567.5	81
evm.utg567.7	92
evm.utg567.8	86
evm.utg567.16	89
evm.utg572.1	68
evm.utg572.17	98
evm.utg577.13	93
evm.utg577.22	83
evm.utg577.52	78
evm.utg577.64	91
evm.utg577.77	69
utg577.equina_smart_1850082.mrna1	39
evm.utg577.100	75
evm.utg579.27	99
utg579.equina_smart_1006379.mrna1	40
evm.utg579.38	67
evm.utg579.39	89
evm.utg579.76	98
evm.utg579.88	80
evm.utg579.90.1.5c22f256	86
evm.utg579.90	86
evm.utg579.110	76
evm.utg579.111	95
evm.utg580.7	98
evm.utg580.28	67
evm.utg580.41	90
evm.utg580.61	84
evm.utg580.85	78
evm.utg589.34	82
evm.utg589.40	86
evm.utg589.71	84
evm.utg589.72	99
evm.utg590.2	73
utg590.equina_smart_47406.mrna2	67
evm.utg590.11	94
evm.utg590.22	87
evm.utg594.4	88
evm.utg594.10	84
evm.utg594.12	85
evm.utg594.13	93
utg594.equina_smart_1018790.mrna1	66
evm.utg594.14	73
evm.utg594.15	74
evm.utg594.15.1.5c22f27e	59
evm.utg594.15.2.5c22f27e	77
evm.utg594.23	81
evm.utg594.37	96
utg594.evm.utg6035.11.mrna2	78
evm.utg594.54	77
utg597.equina_smart_48915.mrna1	66
evm.utg597.24	91
evm.utg597.34	90
evm.utg597.42	68
evm.utg597.43	69
evm.utg597.70	77
evm.utg597.73	87
utg597.equina_smart_72486.mrna1	68
evm.utg597.87.1.5c22f2a7	92
evm.utg597.87	92
evm.utg597.96	80
evm.utg597.121	97
evm.utg597.164	76
evm.utg597.180	70
evm.utg597.208	76
evm.utg597.209	71
evm.utg597.216	76
evm.utg597.229	91
utg597.equina_smart_1418845.mrna1	63
evm.utg597.232	67
evm.utg599.11	87
evm.utg599.15	71
evm.utg600.5	95
evm.utg600.17	80
evm.utg600.18	76
evm.utg607.6	79
evm.utg607.7	69
utg607.equina_smart_466253.mrna1	95
evm.utg607.14	71
evm.utg607.36	70
utg607.equina_smart_6415.mrna1	93
evm.utg612.30	84
evm.utg616.17	70
utg616.equina_smart_1792832.mrna1	62
evm.utg616.57	70
evm.utg616.61	70
evm.utg616.76	84
evm.utg616.89	80
evm.utg616.90	86
utg616.equina_smart_1792692.mrna1	37
evm.utg621.6	79
evm.utg622.1	57
evm.utg622.5	79
evm.utg622.42	81
evm.utg622.76	82
evm.utg622.86	77
evm.utg622.88	85
utg622.equina_smart_1419802.mrna1	63
evm.utg622.91	81
evm.utg622.93	98
evm.utg622.96	68
evm.utg622.105	97
evm.utg622.132	95
evm.utg622.148	81
evm.utg622.149	73
evm.utg622.149.1.5c22f2f0	57
evm.utg622.158	92
evm.utg625.6	98
evm.utg625.8	72
utg625.evm.utg464.87.mrna5	70
evm.utg625.49	89
evm.utg625.56	81
evm.utg625.59	82
evm.utg625.61	80
utg625.equina_smart_1818564.mrna1	55
evm.utg625.67	97
evm.utg625.89	82
evm.utg625.94	67
evm.utg625.104	74
utg625.equina_smart_1614714.mrna1	50
evm.utg637.6	87
evm.utg637.8	69
utg637.equina_smart_1349798.mrna1	87
evm.utg648.8	88
evm.utg648.13	72
utg648.equina_smart_1275420.mrna1	62
evm.utg648.40	88
evm.utg648.66	89
utg648.equina_smart_715884.mrna1	65
evm.utg648.83	98
evm.utg648.86	87
evm.utg648.87	78
evm.utg648.88	83
evm.utg648.92	71
evm.utg648.93	69
evm.utg648.94	71
evm.utg648.103	69
evm.utg659.10	93
evm.utg659.18	71
utg659.equina_smart_52447.mrna1	59
evm.utg659.51	74
evm.utg666.2	89
evm.utg666.7.1.5c22f327	94
evm.utg666.7	93
utg666.equina_smart_442931.mrna1	63
evm.utg666.11	86
evm.utg666.33	68
evm.utg676.11	72
evm.utg676.12	93
evm.utg684.11	86
evm.utg684.17	90
evm.utg684.34	85
evm.utg684.38	86
utg686.equina_smart_1420852.mrna1	89
evm.utg686.8	99
evm.utg686.12	74
utg686.equina_smart_1668950.mrna2	62
utg686.equina_smart_144694.mrna1	91
utg686.equina_smart_26209.mrna1	53
evm.utg686.72	79
evm.utg686.75	96
evm.utg691.7	87
evm.utg691.19	79
evm.utg691.21	99
evm.utg693.4	90
evm.utg693.22	89
evm.utg693.26	80
evm.utg693.28	81
evm.utg693.45	70
evm.utg693.49	90
evm.utg693.52	93
evm.utg693.58	71
utg693.equina_smart_348377.mrna1	87
evm.utg693.73	80
evm.utg693.75	93
utg693.equina_smart_913913.mrna2	74
evm.utg693.82	74
evm.utg693.83	67
evm.utg693.84	83
evm.utg693.85	84
evm.utg693.86	75
evm.utg693.87	76
evm.utg695.3	67
evm.utg695.26	81
evm.utg695.35	83
evm.utg695.38	74
evm.utg696.12	68
evm.utg696.13	97
utg696.equina_smart_1722318.mrna1	45
evm.utg696.24	69
evm.utg699.9	81
evm.utg699.22	93
evm.utg699.27	73
utg699.equina_smart_1421246.mrna1	85
evm.utg699.58	88
evm.utg699.61	83
evm.utg700.1	99
evm.utg700.14	97
evm.utg700.20	81
evm.utg707.1	69
evm.utg707.2	86
utg707.evm.utg2073.14.mrna2	71
utg707.equina_smart_1440943.mrna2	95
utg707.equina_smart_105698.mrna1	47
evm.utg707.11	99
evm.utg709.1	67
evm.utg710.9	77
evm.utg710.22	72
evm.utg710.24	74
utg714.equina_smart_1421724.mrna1	82
evm.utg714.10	70
evm.utg715.24	72
evm.utg715.59	91
evm.utg715.79	86
evm.utg715.107	98
evm.utg729.28	77
evm.utg729.30	95
evm.utg729.35	81
evm.utg729.37	84
evm.utg729.38	91
evm.utg729.40	91
evm.utg729.62	86
evm.utg729.62.1.5c22f3ac	86
evm.utg729.64	88
evm.utg729.72.1.5c22f3ad.1.5c279764	89
evm.utg729.83	76
evm.utg729.98	59
evm.utg729.115	97
utg729.equina_smart_1613666.mrna1	78
evm.utg729.142	74
evm.utg729.166	77
evm.utg734.21	88
evm.utg734.24	89
evm.utg734.37	76
evm.utg734.47	80
evm.utg735.3	93
evm.utg735.6	93
evm.utg735.7	93
evm.utg735.17	81
evm.utg735.18	85
evm.utg735.30	81
evm.utg735.45	72
utg735.equina_smart_1605063.mrna1	38
evm.utg736.14	99
evm.utg736.18	90
evm.utg736.38	71
evm.utg736.43	73
evm.utg736.52	89
utg736.equina_smart_1666003.mrna3	49
evm.utg736.80	84
evm.utg736.81	88
utg738.equina_smart_886925.mrna3	98
evm.utg750.27	78
evm.utg750.58	69
utg750.equina_smart_1528918.mrna1	71
utg750.equina_smart_1528905.mrna1	49
utg750.equina_smart_1177674.mrna1	63
evm.utg750.65	74
evm.utg761.21	94
evm.utg761.34	90
evm.utg761.48	71
evm.utg762.7	90
evm.utg762.21	93
evm.utg762.37	73
evm.utg777.46	87
utg777.equina_smart_1473457.mrna2	81
evm.utg777.74	79
evm.utg777.76	76
evm.utg777.77	79
evm.utg777.81	79
evm.utg777.86	84
evm.utg777.87	71
utg788.equina_smart_1304037.mrna1	65
evm.utg788.27	91
evm.utg788.29	96
evm.utg788.66	76
evm.utg788.79	70
evm.utg788.81	99
evm.utg788.90	90
utg788.equina_smart_1260423.mrna1	58
evm.utg788.107	79
evm.utg790.11	98
utg790.equina_smart_68539.mrna1	86
utg790.equina_smart_1046011.mrna1	56
utg790.equina_smart_972669.mrna1	80
evm.utg791.1	69
evm.utg791.3	95
evm.utg791.7	75
evm.utg791.23	96
evm.utg791.30	75
evm.utg791.35	85
evm.utg791.43	67
evm.utg791.44	84
utg791.equina_smart_1526062.mrna2	41
utg791.equina_smart_168953.mrna1	44
utg791.equina_smart_1185806.mrna3	82
evm.utg797.6	90
evm.utg797.15	91
evm.utg798.7	72
evm.utg798.10	91
evm.utg798.42	84
utg798.equina_smart_94344.mrna1	55
evm.utg798.88	95
evm.utg800.3	94
evm.utg800.9	70
evm.utg801.122	92
utg801.equina_smart_1701734.mrna1	71
evm.utg801.83.1.5c22f462.1.5c2797fb	95
evm.utg801.107	77
evm.utg804.1	85
evm.utg804.16	90
evm.utg816.24	76
evm.utg817.1	82
evm.utg817.4	98
evm.utg817.28	95
utg817.equina_smart_898487.mrna1	59
evm.utg817.29	74
evm.utg820.12	78
utg844.equina_smart_854614.mrna2	49
evm.utg844.10	69
evm.utg855.5	67
evm.utg855.27	87
evm.utg857.5	80
evm.utg857.6	79
evm.utg857.21	78
evm.utg857.23	67
evm.utg857.27	89
evm.utg858.55	95
evm.utg858.71	99
utg858.equina_smart_1771668.mrna1	60
evm.utg858.28	96
evm.utg858.47	80
utg861.equina_smart_1591393.mrna8	81
utg861.equina_smart_1589406.mrna8	77
utg861.equina_smart_1660061.mrna1	52
utg861.equina_smart_322138.mrna1	69
evm.utg861.40	80
evm.utg861.46	92
evm.utg861.49	69
utg861.equina_smart_1660192.mrna1	48
evm.utg861.80	81
evm.utg861.98	70
evm.utg861.100	67
evm.utg861.113	75
utg861.equina_smart_795545.mrna1	44
evm.utg861.129	74
evm.utg868.1	94
evm.utg868.69	75
evm.utg868.76	84
evm.utg868.80	94
evm.utg868.84	90
evm.utg868.88	96
evm.utg868.101	97
evm.utg881.9	69
utg882.equina_smart_1880501.mrna2	53
utg888.equina_smart_1336907.mrna1	48
utg888.equina_smart_497476.mrna1	48
evm.utg888.6	90
utg888.equina_smart_1160905.mrna1	62
evm.utg888.50	80
evm.utg888.66	89
evm.utg888.68	99
evm.utg890.2	85
evm.utg890.4	67
evm.utg890.6	99
evm.utg890.9	83
evm.utg890.16	82
evm.utg890.19	91
evm.utg890.36	70
evm.utg890.41	81
evm.utg890.49	91
utg891.equina_smart_1425944.mrna1	95
evm.utg891.19	88
evm.utg891.30	81
evm.utg891.33	96
evm.utg896.22	80
evm.utg902.4	89
utg902.evm.utg23803.5.mrna2	79
evm.utg910.21	93
evm.utg910.24	88
evm.utg910.34	94
evm.utg910.42	87
evm.utg910.51	96
evm.utg910.54	91
evm.utg910.56	88
evm.utg910.59.60	87
evm.utg910.59.60.1.5c279876	86
evm.utg910.59.60.2.5c279876	87
evm.utg910.59.60.3.5c279876	87
evm.utg910.61	86
evm.utg910.63	89
evm.utg910.87	70
evm.utg910.160	85
evm.utg911.7	71
evm.utg911.30	93
evm.utg911.31	76
evm.utg911.40	94
evm.utg911.41	89
evm.utg911.43	89
evm.utg912.28	80
evm.utg920.27	76
evm.utg920.36	71
evm.utg920.38	97
evm.utg924.14	96
evm.utg924.16	67
evm.utg924.42	70
evm.utg924.53	86
evm.utg935.1	75
evm.utg936.1	78
evm.utg936.2	95
evm.utg936.13	80
evm.utg936.15	99
evm.utg936.23	92
evm.utg936.25	84
utg936.equina_smart_1490637.mrna1	68
evm.utg936.43	67
evm.utg950.6	97
evm.utg950.13	79
evm.utg950.18	88
evm.utg967.1	95
evm.utg967.6	90
evm.utg967.8	81
evm.utg967.9	92
evm.utg967.15	91
evm.utg967.27	78
evm.utg967.43	96
evm.utg967.62	69
utg967.equina_smart_904475.mrna2	92
evm.utg975.3	85
evm.utg975.4	78
evm.utg975.18	89
evm.utg977.18	69
evm.utg977.30	69
utg978.equina_smart_423080.mrna1	43
evm.utg978.2	72
evm.utg978.3	94
utg978.equina_smart_423080.mrna2	43
evm.utg978.10	68
evm.utg983.2	67
evm.utg983.23	75
evm.utg989.13	77
evm.utg989.26	79
evm.utg989.32	93
evm.utg989.34	99
evm.utg989.35	74
utg989.equina_smart_1732458.mrna7	59
evm.utg992.1	70
evm.utg992.5	92
evm.utg992.15	77
utg993.equina_smart_1403628.mrna2	37
evm.utg993.6	69
evm.utg993.10	92
evm.utg993.14	69
utg993.evm.utg382.52.mrna3	73
evm.utg993.30	95
evm.utg1002.2	84
evm.utg1002.4	90
utg1002.equina_smart_331322.mrna1	40
evm.utg1002.23	86
evm.utg1002.23.1.5c22e7a0	70
evm.utg1002.28	97
evm.utg1005.28	74
utg1005.equina_smart_1427739.mrna1	79
utg1005.equina_smart_1378746.mrna2	52
evm.utg1005.48	98
evm.utg1005.61	81
evm.utg1009.2	96
evm.utg1009.12	72
evm.utg1009.22	74
evm.utg1022.1	70
evm.utg1022.3	95
evm.utg1022.8	83
evm.utg1022.14	84
utg1022.equina_smart_225465.mrna2	59
evm.utg1022.46	87
evm.utg1022.53	91
evm.utg1022.66	75
utg1022.equina_smart_1732458.mrna1	59
evm.utg1022.76	71
evm.utg1022.77	84
evm.utg1024.1	74
evm.utg1024.2	93
evm.utg1024.15	70
evm.utg1025.15	69
evm.utg1031.20	75
evm.utg1031.31	93
evm.utg1031.49	98
evm.utg1031.84	73
evm.utg1032.8.2.5c22e7f4	94
evm.utg1032.14	87
evm.utg1032.15	69
utg1032.equina_smart_458443.mrna1	74
evm.utg1032.27	77
utg1032.equina_smart_911024.mrna1	68
evm.utg1032.35	75
evm.utg1032.39	70
utg1032.equina_smart_903440.mrna3	64
evm.utg1038.4	91
evm.utg1038.14	99
evm.utg1038.15	89
evm.utg1049.3	68
evm.utg1049.25	85
evm.utg1049.39	81
utg1051.equina_smart_1711328.mrna8	50
utg1051.equina_smart_1603278.mrna1	37
evm.utg1051.74	95
evm.utg1051.93	89
evm.utg1052.4	88
evm.utg1052.15	75
evm.utg1052.32	92
evm.utg1052.38	75
utg1052.equina_smart_177438.mrna1	73
utg1052.equina_smart_177438.mrna2	73
utg1052.equina_smart_177438.mrna3	73
utg1052.equina_smart_177438.mrna4	73
evm.utg1056.151	70
evm.utg1056.1	92
evm.utg1056.3	99
evm.utg1056.8	89
evm.utg1056.49.1.5c22e859	78
utg1056.equina_smart_1429031.mrna1	86
utg1056.equina_smart_1429044.mrna1	58
evm.utg1056.73	72
evm.utg1056.75	96
utg1056.equina_smart_1704268.mrna2	73
evm.utg1056.90	82
utg1056.equina_smart_1778237.mrna7	50
utg1056.equina_smart_1781303.mrna1	59
evm.utg1056.118	70
utg1056.equina_smart_888178.mrna1	55
evm.utg1056.145	69
evm.utg1056.149	76
evm.utg1056.150	94
evm.utg1079.19	95
evm.utg1079.33	95
evm.utg1079.41	87
evm.utg1079.53	77
evm.utg1079.64	99
evm.utg1079.71	94
evm.utg1087.3.2.5c22e872	88
utg1087.equina_smart_1880109.mrna1	96
evm.utg1091.1	69
evm.utg1091.3	79
evm.utg1091.5	74
evm.utg1091.17	99
evm.utg1091.21	93
evm.utg1091.24	98
evm.utg1091.31	84
evm.utg1091.46	90
evm.utg1091.50	91
evm.utg1091.54	95
evm.utg1091.58	79
evm.utg1101.19	94
evm.utg1101.27	98
evm.utg1101.30	92
evm.utg1101.35	71
evm.utg1101.37	76
utg1101.equina_smart_1685030.mrna10	72
evm.utg1101.62	78
evm.utg1101.68	96
evm.utg1101.69	95
utg1102.equina_smart_1567182.mrna1	95
evm.utg1109.12	97
evm.utg1109.18	84
evm.utg1112.1	82
evm.utg1112.4	67
evm.utg1112.7	85
utg1112.evm.utg24611.5.mrna2	86
utg1112.evm.utg1112.7.mrna3	85
evm.utg1127.9	86
evm.utg1127.20	97
evm.utg1127.29	76
evm.utg1127.47	77
evm.utg1127.52	77
evm.utg1127.65	86
evm.utg1132.1	88
evm.utg1132.3	71
evm.utg1137.3	67
evm.utg1137.19	85
evm.utg1137.22	83
utg1137.equina_smart_150002.mrna8	79
evm.utg1138.1	98
evm.utg1138.21	70
evm.utg1138.22	84
evm.utg1138.23	95
evm.utg1138.31	92
evm.utg1140.15	72
evm.utg1140.16	81
evm.utg1140.17	98
evm.utg1140.18	93
evm.utg1143.22	79
evm.utg1143.25	77
evm.utg1143.53	96
evm.utg1143.55	83
evm.utg1143.58	79
evm.utg1162.5	91
evm.utg1162.7	99
evm.utg1162.11	99
evm.utg1172.2	77
evm.utg1177.6	88
evm.utg1184.11	83
evm.utg1192.4	71
evm.utg1194.14	68
evm.utg1201.6	79
evm.utg1201.25	80
utg1204.equina_smart_108240.mrna1	55
evm.utg1204.26	85
evm.utg1205.157	77
evm.utg1205.159	86
utg1205.equina_smart_1139456.mrna5	89
evm.utg1205.33	69
utg1205.equina_smart_88669.mrna1	72
evm.utg1205.43	89
evm.utg1205.45	73
evm.utg1205.60	83
utg1205.equina_smart_1430749.mrna1	82
evm.utg1205.74	92
evm.utg1205.77	79
evm.utg1205.81.1.5c22e941	99
utg1205.equina_smart_1130837.mrna1	79
evm.utg1205.97	95
utg1205.evm.utg20678.5.mrna4	68
evm.utg1205.110	75
evm.utg1205.114	72
evm.utg1205.148	99
evm.utg1205.149	73
evm.utg1226.25.1.5c22e961	96
utg1230.equina_smart_1141811.mrna1	54
evm.utg1230.15	81
utg1230.equina_smart_1431290.mrna1	38
evm.utg1230.36	70
evm.utg1234.7	74
evm.utg1234.22	94
evm.utg1234.24.1.5c22e96b	89
evm.utg1236.8	95
evm.utg1236.11	95
evm.utg1236.29	95
evm.utg1239.2	83
evm.utg1239.14	93
evm.utg1239.27	73
evm.utg1243.6	96
utg1243.equina_smart_1796609.mrna2	33
evm.utg1249.1	79
evm.utg1249.3	69
evm.utg1249.20	95
evm.utg1251.9	93
evm.utg1253.16	90
evm.utg1253.38	96
evm.utg1253.47	96
utg1253.evm.utg560.14.mrna8	79
evm.utg1253.65	95
evm.utg1253.91	79
utg1256.evm.utg14366.23.mrna7	98
evm.utg1256.9	97
evm.utg1256.11	97
evm.utg1256.16	95
evm.utg1256.21	98
evm.utg1270.19	80
utg1270.evm.utg50879.4.mrna2	73
evm.utg1271.17	90
evm.utg1271.35	80
evm.utg1271.36	79
evm.utg1271.38	99
evm.utg1271.70	83
evm.utg1271.74	93
evm.utg1271.101	73
evm.utg1271.111	98
utg1271.equina_smart_1835967.mrna6	52
utg1271.evm.utg589.40.mrna4	86
evm.utg1272.36	71
evm.utg1272.43	70
evm.utg1272.44	84
evm.utg1272.47	82
utg1272.equina_smart_1431727.mrna1	57
evm.utg1272.59	91
utg1272.equina_smart_1694720.mrna1	50
evm.utg1272.67	96
utg1272.equina_smart_16100.mrna1	76
utg1272.equina_smart_1324832.mrna1	61
evm.utg1272.95	98
evm.utg1272.122	87
evm.utg1272.139	68
evm.utg1272.158	89
evm.utg1272.160	86
evm.utg1272.175	83
evm.utg1277.1	64
evm.utg1277.30	79
utg1278.equina_smart_1836520.mrna7	57
evm.utg1278.40	99
utg1278.equina_smart_1432188.mrna1	91
evm.utg1278.51	95
evm.utg1278.73	85
evm.utg1278.87	99
evm.utg1278.88	84
evm.utg1281.11	91
evm.utg1281.37	92
evm.utg1285.9	91
evm.utg1285.21	76
evm.utg1285.22	93
evm.utg1285.39	85
evm.utg1285.43	83
evm.utg1285.53	99
utg1285.equina_smart_1432460.mrna1	58
utg1285.equina_smart_1432494.mrna1	65
evm.utg1285.77	91
utg1285.equina_smart_1688928.mrna1	42
evm.utg1290.7	69
evm.utg1290.53	68
evm.utg1302.33	83
evm.utg1330.9	68
utg1337.equina_smart_912437.mrna1	51
evm.utg1337.16	91
evm.utg1337.17	93
utg1337.equina_smart_865426.mrna1	33
evm.utg1337.24	82
evm.utg1345.3	74
evm.utg1345.9	94
evm.utg1345.16	77
evm.utg1345.24	90
evm.utg1345.26	69
evm.utg1345.29	83
evm.utg1345.32	69
evm.utg1345.37	76
evm.utg1345.46	89
utg1345.equina_smart_814569.mrna1	79
utg1345.equina_smart_819178.mrna1	79
evm.utg1345.76	90
utg1345.equina_smart_1503899.mrna1	39
evm.utg1347.5	92
utg1347.equina_smart_1451830.mrna3	74
utg1347.equina_smart_345010.mrna2	57
evm.utg1347.8	89
utg1355.equina_smart_1433159.mrna1	73
utg1358.equina_smart_1533633.mrna1	38
evm.utg1358.25	92
utg1358.equina_smart_941719.mrna2	63
utg1358.equina_smart_331895.mrna1	35
evm.utg1363.29	74
evm.utg1363.29.1.5c22ea61	83
evm.utg1363.46	98
evm.utg1363.49	98
evm.utg1363.59	88
evm.utg1363.60	87
evm.utg1363.61	68
evm.utg1372.18	85
evm.utg1372.18.1.5c22ea69	91
evm.utg1372.23	91
evm.utg1378.6	89
evm.utg1378.14	86
evm.utg1378.21	90
evm.utg1378.28	85
evm.utg1378.29	70
evm.utg1381.16	72
evm.utg1381.44	78
evm.utg1381.49	71
evm.utg1395.6	85
evm.utg1395.7	96
evm.utg1395.15	68
evm.utg1395.19	81
utg1395.evm.utg389.22.mrna2	83
evm.utg1395.32	74
evm.utg1395.41	97
evm.utg1395.44	79
evm.utg1395.51	79
evm.utg1395.60	74
evm.utg1396.1	64
evm.utg1396.2	76
evm.utg1396.3	93
evm.utg1398.6	93
evm.utg1398.10	90
evm.utg1398.29	84
evm.utg1403.6	78
utg1404.equina_smart_1433933.mrna1	63
evm.utg1404.13	71
evm.utg1404.19	96
evm.utg1404.20	95
evm.utg1404.34	87
evm.utg1416.9	91
evm.utg1416.10	91
evm.utg1416.15	87
utg1432.equina_smart_1436294.mrna2	97
evm.utg1432.26	69
evm.utg1452.14	96
evm.utg1455.1	78
evm.utg1455.5	89
evm.utg1455.12	83
evm.utg1455.27	82
evm.utg1459.12	86
evm.utg1463.5	95
evm.utg1463.7	89
evm.utg1465.6	93
evm.utg1465.17	79
evm.utg1465.19	94
evm.utg1465.35	85
evm.utg1465.38	98
evm.utg1465.58	82
evm.utg1468.9	82
evm.utg1475.2	92
evm.utg1475.13	88
evm.utg1475.15	90
evm.utg1497.1	95
utg1498.evm.utg464.87.mrna7	70
utg1498.equina_smart_1471857.mrna2	89
evm.utg1507.31	78
evm.utg1517.13	84
evm.utg1517.20	92
evm.utg1517.24	94
evm.utg1517.27	90
evm.utg1517.32	69
evm.utg1517.33	79
evm.utg1525.1	82
evm.utg1525.13	82
evm.utg1525.31	91
evm.utg1525.32	87
evm.utg1525.37	80
utg1530.equina_smart_980663.mrna1	75
evm.utg1542.19	91
evm.utg1542.31	85
evm.utg1551.1	85
evm.utg1551.4	75
evm.utg1551.5	67
evm.utg1555.1	89
evm.utg1555.3	73
evm.utg1555.17	79
utg1555.equina_smart_1863330.mrna4	50
evm.utg1555.36	91
utg1565.equina_smart_284488.mrna1	43
evm.utg1565.42	68
utg1565.equina_smart_266549.mrna1	62
evm.utg1565.47	97
utg1565.equina_smart_66246.mrna1	65
evm.utg1565.55	76
evm.utg1565.63	88
evm.utg1565.64	75
utg1565.equina_smart_1331343.mrna1	65
utg1565.equina_smart_1435359.mrna1	58
evm.utg1565.112	91
evm.utg1569.3	82
evm.utg1569.4	67
evm.utg1569.7	91
utg1575.equina_smart_1637519.mrna1	37
evm.utg1575.21	85
evm.utg1575.30	80
evm.utg1575.32	78
utg1579.equina_smart_1320155.mrna1	56
utg1579.equina_smart_1435500.mrna1	78
utg1579.equina_smart_518293.mrna3	68
utg1579.equina_smart_1020767.mrna1	43
utg1579.equina_smart_1435556.mrna2	50
evm.utg1579.15	85
evm.utg1581.3	68
utg1581.equina_smart_1075803.mrna1	62
utg1588.equina_smart_1435587.mrna1	65
evm.utg1588.9	81
evm.utg1588.27	93
evm.utg1594.1	80
evm.utg1594.5	96
utg1609.equina_smart_1821163.mrna1	97
evm.utg1609.23	99
utg1609.equina_smart_1617407.mrna1	39
evm.utg1609.54	80
evm.utg1609.62	97
utg1609.equina_smart_1617611.mrna1	95
evm.utg1609.65	68
evm.utg1609.84	94
evm.utg1609.87.1.5c22eb78	93
evm.utg1609.87	88
evm.utg1609.88	78
evm.utg1623.23	70
evm.utg1623.35	77
evm.utg1623.36	96
evm.utg1623.37	77
evm.utg1629.1	69
evm.utg1629.4	77
evm.utg1645.4	94
evm.utg1645.6	70
evm.utg1645.10	87
evm.utg1645.21	73
evm.utg1648.28	86
evm.utg1654.14	82
evm.utg1663.1	88
utg1663.equina_smart_1386026.mrna1	85
evm.utg1663.13	99
evm.utg1663.15	82
utg1663.equina_smart_239381.mrna1	51
utg1663.equina_smart_1267573.mrna9	61
evm.utg1663.44	71
evm.utg1683.7	68
evm.utg1683.22	75
utg1683.equina_smart_805040.mrna1	68
evm.utg1683.47	86
utg1683.equina_smart_1482415.mrna1	35
utg1683.equina_smart_1436659.mrna1	35
utg1684.equina_smart_211953.mrna1	46
evm.utg1684.3	71
evm.utg1686.1	86
utg1691.equina_smart_984807.mrna1	53
evm.utg1691.9	93
evm.utg1691.10	97
utg1691.equina_smart_569110.mrna2	69
utg1694.equina_smart_1688928.mrna11	42
evm.utg1694.14	90
evm.utg1694.23	91
evm.utg1694.27	85
utg1694.equina_smart_24419.mrna1	75
utg1694.equina_smart_19785.mrna1	52
evm.utg1694.50	96
evm.utg1694.66	95
evm.utg1694.68	90
evm.utg1696.3	72
evm.utg1696.4	69
evm.utg1696.13	92
evm.utg1696.20	84
evm.utg1696.21	89
evm.utg1698.5	82
evm.utg1698.15	97
evm.utg1698.16	80
evm.utg1708.1	97
evm.utg1708.10	87
evm.utg1708.38	98
evm.utg1708.47	96
evm.utg1721.2	71
evm.utg1721.24	97
evm.utg1721.29	98
evm.utg1721.31	77
utg1721.equina_smart_1437156.mrna1	69
utg1721.equina_smart_1078811.mrna1	61
evm.utg1734.8	70
evm.utg1734.22	75
evm.utg1734.28	88
evm.utg1745.12	81
evm.utg1746.10	71
evm.utg1746.20	93
utg1748.equina_smart_64256.mrna1	99
evm.utg1748.19	84
evm.utg1748.21	68
evm.utg1748.32	71
evm.utg1754.1	81
evm.utg1754.19	90
evm.utg1754.28	99
evm.utg1754.37	95
evm.utg1754.43	90
evm.utg1765.6	84
evm.utg1765.12	90
evm.utg1767.10	85
evm.utg1767.12	70
evm.utg1781.4	80
evm.utg1781.17	96
evm.utg1786.3	90
evm.utg1786.6	90
evm.utg1786.12	92
evm.utg1786.13	94
evm.utg1786.22	87
utg1786.equina_smart_1180619.mrna1	96
evm.utg1786.30	85
evm.utg1786.32	74
evm.utg1786.36	96
evm.utg1796.22	79
utg1799.equina_smart_1289024.mrna3	77
evm.utg1800.6	75
evm.utg1800.20	97
evm.utg1818.3	68
evm.utg1818.10	79
evm.utg1818.30	99
evm.utg1819.7	97
evm.utg1819.22	97
utg1819.equina_smart_895911.mrna3	82
evm.utg1819.31	94
utg1825.equina_smart_1640695.mrna1	38
evm.utg1825.11	95
evm.utg1825.14	77
utg1825.equina_smart_410043.mrna1	58
utg1825.equina_smart_1828192.mrna1	81
evm.utg1825.38	81
evm.utg1825.39	76
evm.utg1825.43	92
evm.utg1825.45	81
evm.utg1825.46	84
utg1825.equina_smart_1071895.mrna1	77
utg1825.equina_smart_1042707.mrna1	43
utg1825.evm.utg3676.34.mrna2	79
evm.utg1828.3	86
evm.utg1828.12	86
evm.utg1828.24	68
evm.utg1846.11	65
utg1846.equina_smart_817336.mrna1	71
evm.utg1846.40	89
evm.utg1846.50	79
evm.utg1846.53	79
evm.utg1846.54	73
utg1846.equina_smart_1438253.mrna1	79
evm.utg1846.77	84
evm.utg1846.88	69
evm.utg1846.90	73
utg1846.equina_smart_916736.mrna1	72
evm.utg1846.93	76
evm.utg1846.94	99
evm.utg1846.96	78
evm.utg1846.97	82
evm.utg1846.98	80
evm.utg1846.99	78
evm.utg1846.100	70
evm.utg1846.102	86
evm.utg1846.104	72
evm.utg1857.2	73
evm.utg1857.6	67
evm.utg1866.10	97
evm.utg1866.14	74
evm.utg1866.20	88
evm.utg1866.24	80
utg1866.equina_smart_1102675.mrna3	50
evm.utg1866.30	87
evm.utg1866.32	73
evm.utg1866.33	88
evm.utg1890.3	86
evm.utg1890.15	76
evm.utg1897.7	96
evm.utg1897.19	94
evm.utg1897.24	72
evm.utg1897.34	74
utg1897.equina_smart_669312.mrna2	68
evm.utg1897.46	97
evm.utg1897.48	84
evm.utg1897.65	98
evm.utg1897.71	93
evm.utg1897.71.1.5c22ec43	93
evm.utg1897.71.2.5c22ec43	88
evm.utg1897.76	94
evm.utg1897.80	80
evm.utg1897.86	79
evm.utg1897.87	81
utg1897.equina_smart_1438422.mrna1	31
evm.utg1897.98	79
evm.utg1897.103	98
evm.utg1897.105	73
evm.utg1897.106	95
evm.utg1897.107	87
evm.utg1897.121	89
evm.utg1900.7	93
evm.utg1900.18	68
evm.utg1900.24	77
evm.utg1900.25	79
evm.utg1900.28	86
evm.utg1910.1	86
evm.utg1910.16	85
evm.utg1910.53	77
evm.utg1910.93	96
evm.utg1910.93.1.5c22ec5b	72
evm.utg1910.98	69
evm.utg1910.101	89
evm.utg1910.104	82
evm.utg1910.107	99
evm.utg1910.109	95
utg1910.equina_smart_534762.mrna1	93
evm.utg1918.8	96
evm.utg1919.13	83
evm.utg1919.41	91
evm.utg1919.54	71
evm.utg1919.55	89
utg1919.equina_smart_1463257.mrna2	68
evm.utg1919.61	88
evm.utg1919.79	78
evm.utg1919.94	70
evm.utg1919.95	78
evm.utg1919.99	95
utg1919.equina_smart_1439109.mrna1	77
evm.utg1919.109	67
evm.utg1919.111	98
evm.utg1919.116	67
evm.utg1925.36	83
utg1925.equina_smart_1642551.mrna1	34
evm.utg1925.60	80
evm.utg1925.63	88
utg1931.equina_smart_966757.mrna1	48
evm.utg1931.24	72
utg1931.equina_smart_1577937.mrna1	39
evm.utg1931.54	73
evm.utg1931.84	75
evm.utg1936.9	89
evm.utg1936.16	70
evm.utg1962.21	97
evm.utg1962.41	72
evm.utg1972.40	72
evm.utg1972.44	99
evm.utg1972.52	99
evm.utg1972.122	92
evm.utg1972.131	85
evm.utg1982.4	75
utg2007.equina_smart_1482040.mrna11	60
utg2007.equina_smart_1739258.mrna7	45
evm.utg2007.2	80
utg2007.equina_smart_1368288.mrna1	41
evm.utg2007.24	75
evm.utg2007.33	97
evm.utg2012.2	74
evm.utg2012.8	90
evm.utg2012.10	98
evm.utg2012.18	95
evm.utg2012.23	86
evm.utg2012.24	87
evm.utg2013.5	95
evm.utg2013.9	74
evm.utg2016.3	83
evm.utg2017.1	98
evm.utg2017.2	86
evm.utg2017.5	83
evm.utg2017.34	88
evm.utg2018.22	92
evm.utg2018.25	99
evm.utg2018.26	67
evm.utg2024.6	77
evm.utg2024.8	73
utg2045.equina_smart_1440781.mrna1	99
evm.utg2045.3	84
evm.utg2045.9	95
evm.utg2045.11	87
evm.utg2045.16	67
evm.utg2070.3	75
evm.utg2070.11	99
evm.utg2071.1	88
evm.utg2071.2	89
evm.utg2071.5	93
evm.utg2071.26	97
evm.utg2071.38	88
evm.utg2071.40	95
evm.utg2071.42	69
utg2071.equina_smart_1490637.mrna2	68
evm.utg2071.47	96
evm.utg2071.57	86
evm.utg2071.73	86
evm.utg2071.76	90
evm.utg2071.84	69
evm.utg2071.87	98
utg2073.equina_smart_105698.mrna2	47
evm.utg2073.14	71
utg2073.equina_smart_1440943.mrna1	95
evm.utg2073.17	93
evm.utg2073.39	68
evm.utg2083.8	84
evm.utg2083.13	95
utg2083.equina_smart_570029.mrna3	37
evm.utg2083.48	78
evm.utg2083.50	67
evm.utg2083.58	97
evm.utg2097.12	97
evm.utg2097.13	76
evm.utg2097.26	79
evm.utg2097.35	79
evm.utg2099.28.1.5c22ecee	85
evm.utg2099.28	83
evm.utg2099.32	87
evm.utg2099.39	70
evm.utg2099.56	92
utg2099.equina_smart_1635804.mrna1	50
evm.utg2099.71	89
evm.utg2099.79	80
evm.utg2100.11	68
evm.utg2100.13	67
evm.utg2100.14	69
evm.utg2100.23	90
utg2100.equina_smart_598173.mrna1	50
evm.utg2100.37	99
evm.utg2100.46	84
evm.utg2108.9	86
evm.utg2108.35	97
evm.utg2108.40	85
evm.utg2110.3	86
evm.utg2111.1	86
evm.utg2111.6	71
utg2115.evm.utg17293.2.mrna3	95
evm.utg2115.6	99
evm.utg2115.13	67
evm.utg2123.7	81
utg2123.equina_smart_1784459.mrna1	55
evm.utg2123.27	90
evm.utg2123.35	76
evm.utg2129.1	77
evm.utg2129.24	97
evm.utg2129.29	82
evm.utg2129.31	75
utg2129.equina_smart_654438.mrna1	53
utg2129.equina_smart_1863330.mrna1	50
evm.utg2129.54	85
evm.utg2129.78	94
evm.utg2129.110	91
evm.utg2129.111	71
evm.utg2129.149	95
evm.utg2129.159	87
evm.utg2129.164	80
evm.utg2129.174	77
evm.utg2129.186	69
evm.utg2129.189	72
utg2129.equina_smart_1442220.mrna1	72
evm.utg2129.201	92
evm.utg2129.203	82
evm.utg2156.6	99
utg2156.equina_smart_428150.mrna1	71
utg2156.equina_smart_1400709.mrna2	74
evm.utg2156.25	89
utg2156.equina_smart_1442332.mrna1	85
evm.utg2156.26	96
utg2156.equina_smart_1442310.mrna1	79
utg2156.equina_smart_934493.mrna1	71
utg2156.evm.utg3443.67.mrna2	68
utg2156.equina_smart_270287.mrna1	77
utg2156.equina_smart_731335.mrna1	74
evm.utg2159.23	95
utg2159.equina_smart_64256.mrna2	99
evm.utg2159.44	88
evm.utg2159.46	96
evm.utg2159.50	74
evm.utg2185.6	80
evm.utg2185.10	92
evm.utg2200.49	88
utg2200.equina_smart_497330.mrna2	50
evm.utg2200.12	73
utg2200.equina_smart_1442560.mrna2	37
evm.utg2200.28	94
evm.utg2200.44	75
evm.utg2200.46	85
evm.utg2200.47	78
evm.utg2201.5	90
evm.utg2205.1	86
evm.utg2205.6	94
evm.utg2205.10	87
evm.utg2216.15	94
utg2216.equina_smart_1074275.mrna1	66
evm.utg2216.19	87
evm.utg2216.27	72
evm.utg2246.7	77
evm.utg2246.19	77
evm.utg2246.38	75
evm.utg2246.46	96
evm.utg2246.49	83
evm.utg2246.50	90
evm.utg2246.72	91
evm.utg2246.75	77
evm.utg2246.82	88
evm.utg2246.98	86
evm.utg2246.99	86
evm.utg2246.100	86
evm.utg2246.101	86
evm.utg2247.6	69
utg2247.evm.utg2156.26.mrna8	96
evm.utg2247.24	86
evm.utg2247.27	75
evm.utg2247.30	80
utg2255.equina_smart_1591393.mrna9	81
evm.utg2255.1	87
evm.utg2269.31	97
evm.utg2269.35	99
evm.utg2269.36	99
evm.utg2269.44	91
evm.utg2269.52	96
evm.utg2269.55	96
evm.utg2279.18	88
evm.utg2291.1	99
utg2291.equina_smart_1443267.mrna1	40
evm.utg2291.14	74
evm.utg2291.39	94
evm.utg2298.31	82
evm.utg2299.5	92
evm.utg2299.6	85
evm.utg2303.12	93
utg2303.equina_smart_1666003.mrna6	49
utg2303.equina_smart_1630186.mrna2	51
utg2303.equina_smart_1630186.mrna3	51
evm.utg2327.3	93
evm.utg2327.19	84
evm.utg2327.30	81
evm.utg2338.12	92
evm.utg2338.14	89
evm.utg2338.20	87
utg2343.equina_smart_1608568.mrna5	42
utg2343.equina_smart_1869304.mrna6	43
utg2343.equina_smart_1692402.mrna7	46
utg2343.equina_smart_410645.mrna1	43
evm.utg2353.2	89
evm.utg2353.11	81
evm.utg2353.16	67
evm.utg2353.33	95
evm.utg2353.52	71
evm.utg2356.6	72
evm.utg2356.15	95
evm.utg2356.19	67
utg2356.evm.utg2716.12.mrna9	84
evm.utg2371.2	94
evm.utg2371.7	96
evm.utg2371.48	91
evm.utg2371.68	81
evm.utg2379.16	97
evm.utg2379.2	80
evm.utg2379.5	91
evm.utg2379.6	67
utg2379.equina_smart_1443969.mrna1	77
utg2379.equina_smart_1027244.mrna3	70
utg2379.equina_smart_1840074.mrna2	84
evm.utg2417.9	82
evm.utg2417.23	86
evm.utg2426.23	68
evm.utg2426.36	86
evm.utg2426.38	91
evm.utg2427.7	90
evm.utg2427.20	90
evm.utg2427.22	92
evm.utg2427.23	76
evm.utg2428.8	76
evm.utg2428.28	79
evm.utg2428.31	79
evm.utg2428.34	91
evm.utg2428.36	80
utg2433.equina_smart_1589406.mrna7	71
utg2433.equina_smart_1591393.mrna5	81
evm.utg2482.6	93
evm.utg2482.21	84
evm.utg2483.17	81
utg2487.equina_smart_1107060.mrna2	98
evm.utg2487.10	74
evm.utg2487.12	98
evm.utg2487.13	87
utg2487.equina_smart_1656874.mrna2	50
utg2487.equina_smart_1624086.mrna1	50
utg2487.equina_smart_1656874.mrna1	50
evm.utg2487.52	73
evm.utg2487.58	67
utg2487.equina_smart_1114829.mrna1	58
evm.utg2526.2	73
evm.utg2526.4	71
evm.utg2526.13	86
evm.utg2526.16	99
evm.utg2526.20	94
evm.utg2526.25	74
evm.utg2529.1	79
evm.utg2529.11	78
utg2581.equina_smart_1445052.mrna1	72
evm.utg2581.8	99
evm.utg2585.4	73
evm.utg2599.19	78
evm.utg2600.1	75
evm.utg2600.8	79
evm.utg2600.11	93
utg2601.equina_smart_576235.mrna1	93
evm.utg2601.38	76
evm.utg2601.43	88
evm.utg2601.52	85
evm.utg2601.53	85
evm.utg2601.93	93
evm.utg2603.28	87
evm.utg2603.40	86
evm.utg2603.44	78
evm.utg2603.46	84
evm.utg2606.8	93
evm.utg2606.17	88
evm.utg2606.20	79
evm.utg2606.27	75
evm.utg2606.29	79
evm.utg2606.34	67
utg2606.equina_smart_568260.mrna1	37
utg2606.equina_smart_327983.mrna1	79
evm.utg2606.41	68
evm.utg2606.48	99
evm.utg2614.18	93
evm.utg2614.29	74
evm.utg2614.32	78
evm.utg2637.1	65
evm.utg2637.4	98
evm.utg2661.5.2.5c22edfa	91
utg2661.equina_smart_1185806.mrna1	82
evm.utg2661.19	69
utg2667.equina_smart_1785435.mrna2	62
utg2667.evm.utg820.12.mrna3	78
evm.utg2674.1	90
evm.utg2674.3	98
evm.utg2674.19	80
evm.utg2682.1	69
utg2682.equina_smart_1524574.mrna5	40
evm.utg2690.1	89
evm.utg2690.13	84
evm.utg2690.25	97
evm.utg2698.6	95
utg2704.equina_smart_823336.mrna1	74
evm.utg2704.26	84
evm.utg2704.26.1.5c22ee07	84
evm.utg2704.26.2.5c22ee07	84
evm.utg2704.27	78
evm.utg2704.44	77
evm.utg2704.46	81
evm.utg2716.1	99
evm.utg2716.6	89
evm.utg2716.12	84
evm.utg2733.4	81
evm.utg2733.15	96
evm.utg2757.36	91
evm.utg2757.70	93
evm.utg2757.78	73
evm.utg2757.81	85
utg2757.equina_smart_959052.mrna1	81
evm.utg2779.4	73
evm.utg2798.1	89
evm.utg2798.8	96
evm.utg2798.15	85
utg2798.equina_smart_914153.mrna1	64
utg2798.equina_smart_1617407.mrna9	39
evm.utg2798.53	95
evm.utg2798.55.1.5c22ee3e	61
evm.utg2798.55	78
evm.utg2801.1	79
evm.utg2801.8	74
evm.utg2801.31	86
evm.utg2814.13	78
evm.utg2814.18	96
evm.utg2814.28	98
evm.utg2814.36	90
evm.utg2814.39	84
evm.utg2814.40	94
evm.utg2817.10	92
evm.utg2818.8	80
evm.utg2818.19	90
evm.utg2818.29	98
evm.utg2818.31	75
evm.utg2818.58	84
evm.utg2818.72	89
evm.utg2818.79	90
evm.utg2818.80	77
evm.utg2818.92	85
evm.utg2838.1	90
evm.utg2838.10	68
evm.utg2838.12	84
evm.utg2849.6	90
evm.utg2849.7	87
evm.utg2849.16	89
evm.utg2849.18	99
evm.utg2849.30	89
evm.utg2858.33	82
evm.utg2869.1	50
evm.utg2901.4	84
evm.utg2901.17	91
evm.utg2901.21	87
evm.utg2901.27	73
evm.utg2929.11	73
evm.utg2932.5	82
evm.utg2932.36	74
evm.utg2932.37	82
evm.utg2932.42	73
evm.utg2967.18	72
evm.utg2967.22.1.5c22ee72	89
evm.utg2967.22.2.5c22ee72	89
evm.utg2967.22	89
evm.utg2967.20	77
evm.utg2969.19	93
evm.utg2969.21	85
evm.utg2969.30	95
evm.utg2969.52	86
evm.utg2969.62	89
evm.utg2969.65	90
evm.utg2969.67	96
evm.utg2969.72	88
evm.utg2994.13	73
utg2994.equina_smart_56981.mrna1	92
evm.utg2994.41	98
evm.utg2994.49	98
utg2994.equina_smart_1359323.mrna1	39
evm.utg2994.83	82
evm.utg3013.15	72
utg3013.equina_smart_893558.mrna1	65
evm.utg3013.28	95
evm.utg3013.41	79
evm.utg3013.45	84
evm.utg3013.53	94
evm.utg3019.5	87
evm.utg3019.13	82
utg3019.equina_smart_1074048.mrna1	59
evm.utg3019.34	77
evm.utg3019.48	91
evm.utg3022.9	86
evm.utg3022.12	89
utg3022.equina_smart_1524574.mrna4	40
utg3022.equina_smart_657794.mrna6	71
evm.utg3022.22	89
evm.utg3022.24	98
evm.utg3041.16	71
evm.utg3041.32	95
evm.utg3041.33	96
utg3041.equina_smart_1447841.mrna1	51
evm.utg3080.3	93
evm.utg3090.1	77
utg3090.evm.utg14366.23.mrna2	98
evm.utg3090.33	88
utg3093.equina_smart_1519395.mrna2	40
utg3155.equina_smart_392757.mrna2	77
evm.utg3155.38	71
evm.utg3155.45	69
evm.utg3158.4	67
evm.utg3158.13	98
evm.utg3158.50	95
evm.utg3158.51	87
evm.utg3158.82	88
evm.utg3158.86	71
evm.utg3159.4	91
evm.utg3159.5	73
evm.utg3159.10	90
evm.utg3159.15	82
evm.utg3164.1	95
evm.utg3164.2	77
evm.utg3164.3	71
evm.utg3164.26	83
evm.utg3164.39	93
evm.utg3164.40	76
utg3164.evm.utg1746.20.mrna2	84
evm.utg3164.71	81
evm.utg3169.3	91
evm.utg3169.12	82
evm.utg3169.13	82
evm.utg3169.14	82
evm.utg3174.1	53
utg3174.equina_smart_36519.mrna1	74
utg3174.equina_smart_1843324.mrna1	31
evm.utg3174.31.2.5c22eee9	90
evm.utg3174.35	86
evm.utg3174.38	59
evm.utg3178.6	86
evm.utg3181.5	75
utg3197.equina_smart_1415489.mrna2	53
evm.utg3197.21	75
evm.utg3197.22	97
evm.utg3199.34	88
evm.utg3199.36	89
evm.utg3199.37	73
evm.utg3199.38	69
evm.utg3199.39	90
evm.utg3199.40	82
evm.utg3199.51	95
evm.utg3199.72	76
evm.utg3201.37	96
evm.utg3201.41	84
evm.utg3201.48	78
evm.utg3210.20	72
evm.utg3210.22	96
evm.utg3210.32	81
evm.utg3220.8	93
evm.utg3222.6	79
utg3235.equina_smart_1449187.mrna1	87
utg3235.equina_smart_416527.mrna2	61
evm.utg3235.15	78
evm.utg3235.20	79
evm.utg3260.6	84
utg3284.equina_smart_1598954.mrna1	38
evm.utg3284.4	82
evm.utg3284.16	99
evm.utg3284.24	97
evm.utg3284.29	69
evm.utg3284.43.1.5c22ef20	99
evm.utg3284.46	99
evm.utg3284.55	74
evm.utg3284.61	87
evm.utg3292.10	80
evm.utg3292.42	95
evm.utg3295.2	84
evm.utg3295.4	80
evm.utg3295.5	73
evm.utg3295.7	83
evm.utg3295.12	68
evm.utg3295.13	70
evm.utg3295.14	70
evm.utg3295.15	68
evm.utg3295.16	85
evm.utg3295.19	88
evm.utg3329.1	68
utg3329.equina_smart_1139456.mrna6	89
utg3329.equina_smart_1624084.mrna1	50
evm.utg3329.15	80
utg3329.evm.utg10709.5.mrna3	68
evm.utg3329.29	92
utg3339.equina_smart_1289024.mrna5	77
evm.utg3365.5	88
evm.utg3365.5.1.5c22ef3b	81
evm.utg3380.4	78
evm.utg3380.12	76
utg3380.equina_smart_701702.mrna2	57
evm.utg3380.38	89
evm.utg3400.4	97
utg3403.equina_smart_812193.mrna1	74
evm.utg3409.2	79
evm.utg3409.5	73
evm.utg3409.7	69
evm.utg3409.13	87
utg3436.equina_smart_452659.mrna3	50
evm.utg3436.12	86
evm.utg3443.3	78
evm.utg3443.4	80
evm.utg3443.10	72
evm.utg3443.14	98
evm.utg3443.26	67
evm.utg3443.45	76
utg3443.evm.utg1746.20.mrna6	84
evm.utg3443.67	68
evm.utg3443.70	97
evm.utg3443.74	72
evm.utg3447.4	85
evm.utg3447.21	68
evm.utg3447.23	95
evm.utg3447.24	86
evm.utg3447.26	95
utg3452.equina_smart_1234569.mrna2	86
utg3467.equina_smart_1102672.mrna2	74
evm.utg3470.22	68
utg3474.equina_smart_1570540.mrna1	53
utg3474.equina_smart_1023792.mrna2	45
evm.utg3474.11	97
evm.utg3474.19	84
evm.utg3474.20	80
utg3487.equina_smart_984856.mrna3	49
utg3487.equina_smart_1828192.mrna2	81
utg3522.equina_smart_1668065.mrna1	50
utg3522.equina_smart_989148.mrna3	90
utg3522.evm.utg1781.30.mrna7	95
evm.utg3522.19	79
evm.utg3522.57	68
evm.utg3550.21	68
evm.utg3553.1	85
evm.utg3553.8	93
utg3553.equina_smart_984856.mrna4	49
utg3605.evm.utg1767.12.mrna2	70
evm.utg3605.7	85
evm.utg3605.31	88
evm.utg3605.41	96
evm.utg3605.43	77
evm.utg3605.46	75
evm.utg3609.19	75
utg3622.equina_smart_297983.mrna1	59
evm.utg3622.18	82
evm.utg3622.28	97
utg3642.equina_smart_785011.mrna9	47
evm.utg3642.7	92
evm.utg3642.12	87
utg3642.equina_smart_1451327.mrna1	73
evm.utg3677.1	92
evm.utg3677.7	73
evm.utg3677.12	84
evm.utg3677.13	93
evm.utg3677.14	75
evm.utg3677.26	93
evm.utg3678.2	81
evm.utg3722.12	84
evm.utg3753.33	90
utg3753.equina_smart_1451684.mrna1	53
utg3753.equina_smart_1451669.mrna1	57
evm.utg3753.53	67
evm.utg3753.60	82
evm.utg3761.16	86
evm.utg3761.19	75
evm.utg3761.25	82
evm.utg3787.12	84
evm.utg3787.23	97
evm.utg3787.26	96
evm.utg3790.1	98
evm.utg3790.51	78
evm.utg3790.53	97
evm.utg3790.54	93
evm.utg3797.12	97
evm.utg3797.24	79
evm.utg3799.11	90
evm.utg3799.20	90
evm.utg3800.1	94
evm.utg3803.11	94
evm.utg3827.8	99
evm.utg3827.9	83
evm.utg3827.13	79
evm.utg3827.14	78
evm.utg3827.29	96
utg3827.equina_smart_1452836.mrna3	76
utg3827.equina_smart_1411840.mrna2	61
evm.utg3834.8	82
evm.utg3834.24	86
evm.utg3834.27	94
evm.utg3839.5	97
utg3839.equina_smart_330771.mrna1	38
evm.utg3839.28	87
evm.utg3839.63	83
evm.utg3839.85	84
utg3839.equina_smart_264981.mrna2	76
evm.utg3839.87	81
evm.utg3839.90	85
utg3839.equina_smart_815248.mrna1	81
evm.utg3839.106	90
evm.utg3839.109	69
evm.utg3839.112	87
evm.utg3870.1	99
evm.utg3870.4	93
evm.utg3870.8	90
evm.utg3870.17	92
evm.utg3870.21	88
utg3870.equina_smart_53080.mrna2	36
evm.utg3870.37	86
evm.utg3870.38	89
evm.utg3871.8	89
evm.utg3871.14	99
evm.utg3872.23	73
evm.utg3872.33	90
evm.utg3872.36	93
evm.utg3872.53	75
evm.utg3872.57	67
evm.utg3872.62	80
utg3872.equina_smart_895949.mrna1	63
utg3872.equina_smart_1143673.mrna2	98
evm.utg3872.83	86
evm.utg3876.3	81
evm.utg3876.14	99
evm.utg3876.27	74
evm.utg3876.30	71
evm.utg3876.48	76
evm.utg3878.7	98
evm.utg3878.42	76
evm.utg3878.47	79
evm.utg3884.21	72
evm.utg3884.27	91
utg3884.equina_smart_1139456.mrna4	89
evm.utg3884.39	75
utg3884.equina_smart_1452836.mrna2	76
evm.utg3899.7	68
evm.utg3899.19	88
utg3906.evm.utg23857.5.mrna2	90
utg3906.equina_smart_584752.mrna1	77
evm.utg3913.7	83
evm.utg3913.36	76
evm.utg3913.45	75
evm.utg3913.54	87
evm.utg3980.10	99
utg3980.evm.utg372.6.mrna2	75
utg3986.equina_smart_1590106.mrna1	72
evm.utg3986.11	98
evm.utg3986.15	72
evm.utg3986.22	96
evm.utg4046.1	84
evm.utg4046.28	88
evm.utg4049.11	71
evm.utg4054.4	80
utg4054.equina_smart_1542527.mrna2	59
evm.utg4062.7	84
utg4062.equina_smart_1453472.mrna1	63
evm.utg4082.34	87
utg4082.equina_smart_889658.mrna1	99
evm.utg4082.66	85
evm.utg4130.5	82
utg4130.equina_smart_1692402.mrna1	46
utg4130.equina_smart_1481573.mrna1	72
utg4130.equina_smart_542257.mrna1	79
evm.utg4130.10	92
utg4130.equina_smart_17200.mrna2	43
evm.utg4155.21	95
evm.utg4155.35	88
evm.utg4155.44	74
evm.utg4157.2	75
evm.utg4157.15	85
evm.utg4157.32	85
evm.utg4157.37	84
evm.utg4157.40	88
utg4163.equina_smart_914153.mrna2	64
evm.utg4163.6	89
utg4163.equina_smart_1450021.mrna2	45
evm.utg4163.8	98
evm.utg4163.11	97
evm.utg4172.27	78
evm.utg4172.43	94
evm.utg4177.1	89
evm.utg4177.3	82
evm.utg4177.24	94
evm.utg4177.25.1.5c22f09b	99
evm.utg4177.25.1.5c22f09b.1.5c2794df	74
evm.utg4177.49	92
evm.utg4177.60.1.5c2794e1	97
evm.utg4177.67	79
evm.utg4187.11	91
evm.utg4187.13	97
evm.utg4187.20	80
evm.utg4187.25	96
utg4187.equina_smart_1727674.mrna1	93
utg4187.equina_smart_1519395.mrna1	37
utg4187.equina_smart_1431293.mrna1	52
utg4187.equina_smart_1614714.mrna10	50
evm.utg4194.5	76
utg4194.equina_smart_501556.mrna1	44
evm.utg4194.7	84
evm.utg4194.15	95
utg4194.equina_smart_1529748.mrna1	80
evm.utg4194.19	96
evm.utg4194.20	97
evm.utg4194.21	87
evm.utg4194.27	56
utg4194.equina_smart_1529999.mrna1	51
evm.utg4194.50	70
evm.utg4194.93	69
utg4194.equina_smart_1529722.mrna1	41
utg4194.equina_smart_1694720.mrna2	50
evm.utg4194.121	70
evm.utg4194.126	72
evm.utg4207.1	81
utg4207.equina_smart_1139456.mrna2	89
evm.utg4207.8	81
evm.utg4207.10	69
evm.utg4265.6	86
evm.utg4265.12	73
evm.utg4265.20	87
utg4265.equina_smart_1454695.mrna1	70
evm.utg4265.25	79
evm.utg4265.26	73
evm.utg4271.8	86
evm.utg4271.13	80
utg4271.evm.utg2986.63.mrna3	77
evm.utg4271.20	93
evm.utg4271.48	86
evm.utg4271.49	90
evm.utg4271.52	79
evm.utg4271.54	77
utg4271.equina_smart_1480002.mrna3	63
evm.utg4271.73	87
evm.utg4271.81	71
evm.utg4271.89	87
evm.utg4273.15	81
evm.utg4318.36	83
evm.utg4321.3	76
utg4321.equina_smart_570029.mrna8	37
evm.utg4326.42	88
utg4328.equina_smart_1711433.mrna1	71
evm.utg4351.1	67
evm.utg4383.22	89
evm.utg4383.28	93
evm.utg4383.31	93
evm.utg4398.8	80
evm.utg4398.14	94
evm.utg4398.16	75
utg4428.equina_smart_1536488.mrna1	72
utg4428.equina_smart_1492697.mrna3	62
utg4428.equina_smart_1869304.mrna2	43
utg4428.equina_smart_1608547.mrna2	45
evm.utg4428.3	86
utg4428.equina_smart_1640285.mrna5	48
utg4428.equina_smart_1455225.mrna1	42
evm.utg4428.5	97
evm.utg4428.7	99
evm.utg4451.4	86
utg4451.equina_smart_1877345.mrna1	50
evm.utg4451.8	89
evm.utg4455.1	73
utg4455.equina_smart_1548799.mrna2	78
utg4455.equina_smart_1455345.mrna1	79
utg4455.equina_smart_1048859.mrna1	78
utg4455.equina_smart_1548799.mrna1	78
evm.utg4455.80	86
evm.utg4455.88	91
evm.utg4464.16	85
evm.utg4464.20	67
evm.utg4464.28	86
utg4468.equina_smart_12662.mrna1	37
evm.utg4468.16	74
evm.utg4501.11	80
evm.utg4502.9	79
evm.utg4567.4	80
evm.utg4567.13	77
evm.utg4567.15	87
utg4567.evm.utg2716.12.mrna3	84
evm.utg4567.21	74
evm.utg4567.29	72
evm.utg4576.14	97
evm.utg4576.16	97
evm.utg4576.19	96
evm.utg4576.19.1.5c22f122	97
utg4576.equina_smart_1386026.mrna2	85
evm.utg4587.3	67
evm.utg4593.1	96
evm.utg4593.3	70
evm.utg4593.4	74
utg4605.equina_smart_1456009.mrna1	32
evm.utg4605.8	90
evm.utg4605.19	67
evm.utg4605.30	83
evm.utg4605.35	99
evm.utg4605.38	95
evm.utg4605.42	69
evm.utg4605.51	89
evm.utg4605.52	93
evm.utg4605.56	76
evm.utg4605.58	90
evm.utg4605.61	95
evm.utg4607.1	95
evm.utg4607.6	97
evm.utg4607.9	96
evm.utg4607.30	75
utg4610.equina_smart_10809.mrna1	89
evm.utg4610.5	85
evm.utg4610.24	70
evm.utg4610.25	69
evm.utg4610.33	74
evm.utg4610.40	80
evm.utg4613.52	98
evm.utg4613.59	96
evm.utg4613.76	67
evm.utg4613.77	94
utg4614.equina_smart_1688928.mrna7	42
utg4614.equina_smart_1807794.mrna1	81
evm.utg4652.8	86
evm.utg4652.18	90
utg4652.equina_smart_1732458.mrna4	59
evm.utg4661.10	93
evm.utg4665.8	93
evm.utg4665.13	93
evm.utg4665.19	96
evm.utg4665.20	67
utg4665.equina_smart_1519395.mrna3	40
evm.utg4695.9	94
evm.utg4695.51	99
evm.utg4695.65	87
evm.utg4695.75	85
evm.utg4695.94	85
evm.utg4695.95	95
evm.utg4709.3	96
evm.utg4709.4	92
utg4709.evm.utg801.107.mrna2	80
evm.utg4709.11	91
evm.utg4709.18	87
evm.utg4709.25	97
evm.utg4716.25	75
evm.utg4716.43	74
evm.utg4716.51	84
evm.utg4716.53	69
evm.utg4737.5	85
evm.utg4737.3	81
evm.utg4739.2	67
evm.utg4739.13	87
evm.utg4739.23	70
evm.utg4773.1	78
evm.utg4796.2	99
evm.utg4796.9	93
utg4796.evm.utg622.5.mrna2	79
evm.utg4796.19	96
evm.utg4796.23	94
evm.utg4796.30	51
utg4796.equina_smart_538344.mrna1	81
evm.utg4805.8	99
evm.utg4805.11	97
evm.utg4805.14	99
evm.utg4856.2	82
evm.utg4856.41	95
evm.utg4872.7	94
evm.utg4872.22	76
evm.utg4872.26	80
utg4872.equina_smart_1785715.mrna1	77
evm.utg4879.5	96
evm.utg4879.6	99
evm.utg4879.7	99
evm.utg4879.27	84
evm.utg4879.38	86
evm.utg4879.46	81
evm.utg4880.11	83
evm.utg4880.15	73
evm.utg4880.16	90
evm.utg4880.23	96
evm.utg4886.1	91
utg4886.equina_smart_1456594.mrna1	54
evm.utg4886.3	82
evm.utg4886.24	87
evm.utg4886.27	91
evm.utg4886.51	71
evm.utg4901.7	89
evm.utg4907.11	86
evm.utg4907.18	84
evm.utg4907.29	72
evm.utg4907.29.1.5c22f188	73
utg4907.equina_smart_1800651.mrna1	49
evm.utg4907.38	92
evm.utg4907.39	70
evm.utg4907.57	88
evm.utg4922.43	86
evm.utg4972.9	88
evm.utg4972.29	92
evm.utg4972.30	92
evm.utg4972.31	92
evm.utg4972.32	86
evm.utg4972.42	92
evm.utg4972.46	85
utg4977.equina_smart_1482040.mrna3	60
utg4977.equina_smart_1739257.mrna6	45
utg4977.equina_smart_1471853.mrna3	80
utg4977.equina_smart_1617407.mrna4	39
utg4977.equina_smart_1029496.mrna2	42
utg5033.equina_smart_1457175.mrna1	75
utg5033.equina_smart_1000094.mrna1	75
evm.utg5033.9	81
evm.utg5033.18	81
evm.utg5033.22	71
evm.utg5033.30	76
utg5033.evm.utg2716.12.mrna4	84
evm.utg5033.41	91
evm.utg5058.1	83
evm.utg5059.2	96
evm.utg5059.16	89
evm.utg5059.44	93
evm.utg5059.51	88
evm.utg5059.64	86
utg5059.equina_smart_980225.mrna3	95
evm.utg5059.72	92
evm.utg5066.14	91
evm.utg5073.4	97
evm.utg5073.23	87
utg5073.equina_smart_1457512.mrna1	62
evm.utg5074.7	81
evm.utg5080.5	74
evm.utg5087.23	99
evm.utg5122.10	72
evm.utg5122.13	71
evm.utg5157.18	98
evm.utg5157.19	91
evm.utg5176.7	95
evm.utg5176.23	98
evm.utg5217.7	92
evm.utg5246.2	87
evm.utg5246.2.1.5c22f1d7	69
utg5246.evm.utg560.14.mrna2	79
evm.utg5246.26	95
evm.utg5246.29	70
evm.utg5246.38	91
utg5246.equina_smart_1878122.mrna1	61
evm.utg5246.48	98
utg5290.equina_smart_1851417.mrna2	79
evm.utg5294.1	92
evm.utg5294.6	90
evm.utg5294.31	76
utg5294.equina_smart_1609063.mrna4	66
evm.utg5294.49	83
utg5367.equina_smart_7424.mrna3	77
utg5367.equina_smart_886319.mrna1	77
utg5367.equina_smart_450195.mrna2	77
evm.utg5367.3	72
evm.utg5367.7	94
evm.utg5367.8.1.5c22f1ea	96
evm.utg5367.13	77
evm.utg5367.26	67
evm.utg5367.37	93
evm.utg5370.14	90
evm.utg5370.19	84
utg5370.equina_smart_984856.mrna5	49
evm.utg5370.42	83
utg5390.equina_smart_1553466.mrna1	67
evm.utg5390.8	94
evm.utg5390.40	81
evm.utg5390.52	80
utg5390.equina_smart_1458178.mrna1	82
evm.utg5390.58	84
evm.utg5390.64	95
utg5414.equina_smart_1567970.mrna9	34
evm.utg5414.44	95
utg5417.equina_smart_1738001.mrna6	55
evm.utg5417.11	78
evm.utg5417.32	79
utg5421.equina_smart_1398313.mrna4	67
evm.utg5456.5	84
utg5513.equina_smart_1589406.mrna9	71
evm.utg5557.5	95
utg5578.equina_smart_1639775.mrna3	48
utg5578.equina_smart_1656874.mrna3	50
evm.utg5578.6	75
evm.utg5652.4	85
evm.utg5652.14.1.5c22f238	99
evm.utg5652.34	76
evm.utg5652.35	97
evm.utg5652.42	94
evm.utg5652.54	91
evm.utg5652.61	82
evm.utg5662.5	91
evm.utg5662.21	71
evm.utg5689.3	95
utg5716.equina_smart_1692402.mrna10	46
evm.utg5716.1	86
evm.utg5774.1	78
evm.utg5774.4	82
evm.utg5774.9	99
evm.utg5774.23	97
evm.utg5774.25	77
evm.utg5780.3	78
evm.utg5780.6	84
utg5817.equina_smart_570029.mrna2	37
utg5854.evm.utg1002.2.mrna3	84
evm.utg5854.3	78
utg5854.equina_smart_171996.mrna1	67
evm.utg5879.1	77
utg5879.evm.utg31.46.mrna2	77
evm.utg5879.10	89
evm.utg5879.16	95
evm.utg5885.101	84
evm.utg5885.13	72
evm.utg5885.19	75
evm.utg5885.20	97
evm.utg5885.22	81
evm.utg5885.32	99
evm.utg5885.34	92
evm.utg5885.50	92
evm.utg5885.59	73
evm.utg5885.67	96
evm.utg5885.78	67
evm.utg5885.83	76
evm.utg5885.85	83
evm.utg5950.13	76
evm.utg5950.14	94
evm.utg5950.17	90
evm.utg5950.37	72
evm.utg5950.40	80
evm.utg5950.41	71
evm.utg5950.42	72
evm.utg5950.43	72
evm.utg5950.44	78
evm.utg5950.45	94
evm.utg5950.46	95
utg5950.equina_smart_981953.mrna1	78
evm.utg5950.47	78
evm.utg5950.89	82
evm.utg5950.105	90
evm.utg5950.110	67
utg5950.equina_smart_702329.mrna2	66
evm.utg5960.1	97
evm.utg5960.5	85
evm.utg5960.14	82
evm.utg5960.16	99
evm.utg5975.14	80
evm.utg5980.5	91
evm.utg5985.11	92
evm.utg6035.1	73
evm.utg6035.11	72
evm.utg6070.26.1.5c22f2b6	95
evm.utg6070.5	89
evm.utg6070.25	73
evm.utg6070.29	99
evm.utg6072.4	97
evm.utg6072.23	99
utg6078.equina_smart_1778237.mrna3	50
evm.utg6078.17	73
evm.utg6078.20	94
evm.utg6078.24	91
evm.utg6078.35	82
evm.utg6078.36	68
evm.utg6078.39	95
evm.utg6078.44	74
utg6078.equina_smart_592603.mrna2	86
evm.utg6078.52	98
evm.utg6078.58	90
evm.utg6078.60	90
evm.utg6092.14	86
evm.utg6092.24	90
evm.utg6092.30	75
evm.utg6092.36	79
utg6092.equina_smart_107466.mrna7	80
evm.utg6117.7	97
evm.utg6117.9	68
evm.utg6123.19	83
evm.utg6123.31	97
evm.utg6155.3	94
evm.utg6155.20	88
evm.utg6183.8	83
utg6183.equina_smart_457213.mrna1	45
evm.utg6183.26.1.5c22f2d2	92
evm.utg6183.26	87
evm.utg6183.27	76
evm.utg6183.29.1.5c22f2ce	83
evm.utg6183.30	75
utg6183.equina_smart_1816881.mrna1	56
evm.utg6220.4	78
utg6272.evm.utg20678.5.mrna3	68
utg6272.equina_smart_498965.mrna1	60
utg6293.equina_smart_1766710.mrna11	95
evm.utg6293.12	96
utg6293.equina_smart_1460542.mrna1	94
utg6293.equina_smart_82908.mrna1	99
evm.utg6293.21	75
evm.utg6293.25	94
utg6293.evm.utg6293.25.mrna2	94
evm.utg6293.27	95
evm.utg6334.25	72
utg6373.equina_smart_1658164.mrna2	90
evm.utg6373.6	93
evm.utg6373.7	81
evm.utg6373.10	96
evm.utg6373.21	74
evm.utg6373.23	84
evm.utg6373.28.1.5c22f304	95
evm.utg6373.28	95
evm.utg6373.29	95
evm.utg6379.3	71
evm.utg6379.13	85
utg6379.equina_smart_1460804.mrna1	41
utg6392.equina_smart_1534165.mrna12	47
evm.utg6401.16	99
utg6401.equina_smart_1460874.mrna1	63
evm.utg6401.25	85
evm.utg6401.35	67
evm.utg6401.40	95
evm.utg6401.46	90
evm.utg6401.48	98
utg6401.equina_smart_1460867.mrna1	46
evm.utg6401.65	94
utg6401.equina_smart_1851009.mrna1	31
evm.utg6422.2	94
evm.utg6422.9	95
evm.utg6422.31	92
evm.utg6423.3	81
evm.utg6430.1	92
utg6430.equina_smart_1665064.mrna2	98
evm.utg6432.1	79
evm.utg6432.10	96
evm.utg6432.12	83
evm.utg6432.16	91
evm.utg6432.18	69
evm.utg6432.20	90
evm.utg6432.23	99
evm.utg6432.30	84
evm.utg6432.34	93
evm.utg6432.42	91
evm.utg6432.46	76
evm.utg6445.2	79
utg6445.equina_smart_783005.mrna5	94
evm.utg6445.7	85
evm.utg6445.8	89
evm.utg6446.12	70
evm.utg6459.1	73
utg6459.equina_smart_25077.mrna1	66
evm.utg6459.5	75
evm.utg6459.7	74
evm.utg6459.25	81
evm.utg6459.38	91
evm.utg6459.53	85
evm.utg6477.1	83
evm.utg6477.9	89
evm.utg6477.11	90
evm.utg6504.8	70
evm.utg6504.12	84
evm.utg6504.15	84
evm.utg6504.17	88
evm.utg6534.2	81
evm.utg6534.11	81
evm.utg6534.18	90
evm.utg6534.21	77
evm.utg6551.19	80
evm.utg6551.20	77
evm.utg6551.21	77
evm.utg6551.22	77
evm.utg6551.34	86
evm.utg6610.7	72
evm.utg6610.11	93
evm.utg6669.3	81
evm.utg6669.5	91
evm.utg6669.6	74
evm.utg6669.18	95
evm.utg6669.23	98
evm.utg6781.2	80
utg6781.equina_smart_1389976.mrna2	81
utg6781.equina_smart_1461350.mrna1	83
evm.utg6792.7	68
evm.utg6806.3	99
evm.utg6806.21	90
evm.utg6806.26	75
utg6806.evm.utg7931.10.mrna2	72
utg6806.equina_smart_587005.mrna2	76
evm.utg6806.37	78
utg6821.equina_smart_579312.mrna4	49
evm.utg6821.18	82
evm.utg6821.21	77
evm.utg6821.26	79
evm.utg6829.2	79
evm.utg6829.3	67
evm.utg6829.4	83
utg6834.evm.utg57847.5.mrna3	75
evm.utg6834.13	67
evm.utg6834.16.3.5c22f335.1.5c279703	96
evm.utg6834.22	78
evm.utg6834.29	83
evm.utg6843.10	72
evm.utg6851.6	76
evm.utg6851.10	69
evm.utg6851.22	71
evm.utg6851.24	89
evm.utg6851.29	78
evm.utg6851.33	96
evm.utg6875.8	83
evm.utg6875.9	90
evm.utg6894.1	81
evm.utg6894.8	92
evm.utg6924.8	94
evm.utg6924.9	97
evm.utg6924.17	81
evm.utg6924.18	70
evm.utg6924.21	92
utg6938.equina_smart_1468838.mrna2	66
evm.utg6938.3	74
utg6938.equina_smart_1793492.mrna1	50
evm.utg6949.1	73
evm.utg6949.5	89
evm.utg6949.6	86
evm.utg6958.5	95
evm.utg6958.6	76
evm.utg6958.32	98
evm.utg6958.38	86
evm.utg6958.40	80
evm.utg6958.42	70
evm.utg6959.1	72
evm.utg6959.4	69
evm.utg6959.19	74
evm.utg6959.19.1.5c22f358	83
evm.utg6976.17	69
evm.utg6976.20	84
evm.utg7001.1	92
evm.utg7001.6	89
evm.utg7008.2	87
evm.utg7008.10	81
evm.utg7008.13	98
evm.utg7042.4	92
evm.utg7042.13	70
evm.utg7048.3	96
evm.utg7066.4	86
evm.utg7066.8	88
evm.utg7066.21	79
evm.utg7066.24	79
evm.utg7066.32	69
evm.utg7083.1	89
evm.utg7090.11	85
evm.utg7127.8	69
utg7127.equina_smart_1479913.mrna5	57
evm.utg7127.15	93
evm.utg7127.16	89
evm.utg7127.20	75
evm.utg7127.26	77
evm.utg7145.7	77
evm.utg7145.11	92
evm.utg7145.39	99
evm.utg7145.64	71
evm.utg7145.66	98
evm.utg7148.3	89
evm.utg7148.5	71
evm.utg7148.7	82
evm.utg7148.16	79
evm.utg7148.17	93
evm.utg7149.12	99
evm.utg7149.37	83
evm.utg7149.38	91
evm.utg7168.3	88
evm.utg7179.14	78
evm.utg7217.1	81
evm.utg7217.7	76
utg7217.equina_smart_1553466.mrna2	67
evm.utg7217.37	85
evm.utg7217.61	67
utg7244.evm.utg2156.26.mrna11	96
evm.utg7244.31	95
evm.utg7264.6	88
evm.utg7273.16	99
evm.utg7273.17	81
evm.utg7286.4	88
evm.utg7286.15	95
evm.utg7286.23	99
evm.utg7286.61	87
evm.utg7289.1	78
evm.utg7289.45	80
evm.utg7289.67	73
utg7289.equina_smart_1463059.mrna1	38
evm.utg7403.1	82
evm.utg7403.3	75
evm.utg7403.6	79
evm.utg7412.5	90
evm.utg7412.28	73
utg7412.equina_smart_1251799.mrna1	38
evm.utg7522.1	71
evm.utg7522.44	72
evm.utg7522.45	74
evm.utg7522.55	91
evm.utg7548.5	98
evm.utg7548.8	90
evm.utg7549.1	99
utg7549.equina_smart_831979.mrna2	80
evm.utg7549.25	73
evm.utg7549.31	67
evm.utg7564.1	69
evm.utg7595.1	84
utg7595.equina_smart_1101424.mrna1	42
evm.utg7595.10	81
evm.utg7595.18	87
evm.utg7595.24	94
evm.utg7595.25	93
evm.utg7595.27	69
evm.utg7595.45	83
evm.utg7595.53	76
evm.utg7595.54	76
evm.utg7596.4	88
evm.utg7652.20	89
evm.utg7652.28	69
evm.utg7652.38	85
evm.utg7652.38.1.5c22f3fb	62
evm.utg7652.39	75
utg7652.equina_smart_1816881.mrna2	56
evm.utg7680.3	88
evm.utg7680.12	97
evm.utg7821.32	71
evm.utg7840.1	95
evm.utg7840.3	86
evm.utg7840.10	79
evm.utg7840.39	93
evm.utg7840.68	95
evm.utg7840.70	93
evm.utg7840.73	92
evm.utg7847.3	90
utg7855.equina_smart_1688928.mrna2	42
evm.utg7855.9	74
evm.utg7855.34	67
evm.utg7855.50	85
evm.utg7888.13	91
evm.utg7909.18	99
evm.utg7917.2	93
evm.utg7931.3	72
evm.utg7931.9	71
evm.utg7931.10	72
evm.utg7931.10.1.5c22f447	72
evm.utg7931.15	88
utg7950.evm.utg6220.4.mrna2	77
evm.utg7950.18	94
utg7950.equina_smart_1880501.mrna3	53
evm.utg7950.27	94
evm.utg7950.34	83
utg7977.equina_smart_1669401.mrna1	52
evm.utg7977.8	88
evm.utg8152.2	75
utg8181.evm.utg31363.8.mrna2	99
evm.utg8262.9	86
evm.utg8262.21	99
evm.utg8262.38	87
evm.utg8380.5	82
evm.utg8380.10	68
utg8380.equina_smart_1464802.mrna1	64
evm.utg8380.27	85
evm.utg8494.2	70
evm.utg8494.3	80
evm.utg8494.14	98
utg8494.equina_smart_1606023.mrna1	53
evm.utg8494.21	76
utg8494.equina_smart_1464943.mrna1	87
evm.utg8494.57	81
evm.utg8494.72	70
evm.utg8494.93	69
evm.utg8494.118	67
utg8497.equina_smart_944464.mrna6	96
evm.utg8609.12	75
utg8609.equina_smart_717020.mrna1	57
evm.utg8609.20	88
evm.utg8609.24	87
utg8609.equina_smart_1465235.mrna1	40
evm.utg8615.5	94
evm.utg8615.11	77
evm.utg8615.22	69
evm.utg8672.7	84
evm.utg8674.11	77
evm.utg8726.4	73
utg8726.equina_smart_1483560.mrna1	58
utg8726.equina_smart_1483511.mrna1	53
evm.utg8768.10	84
evm.utg8778.3	77
evm.utg8792.9	90
evm.utg8792.16	81
evm.utg8792.23	92
evm.utg8792.32	87
evm.utg8792.54	86
evm.utg8792.55	87
evm.utg8792.56	91
evm.utg8820.9	92
evm.utg8835.3	78
evm.utg8851.45	82
evm.utg8851.49	86
evm.utg8851.50	93
evm.utg8851.95	73
evm.utg8851.96	73
evm.utg8851.99	73
evm.utg8851.100	73
evm.utg8851.101	73
evm.utg8851.102	73
evm.utg8892.4	94
evm.utg8892.23	99
evm.utg8892.27	72
evm.utg8931.6	72
evm.utg8931.8	91
evm.utg8931.13	77
evm.utg8931.14	99
evm.utg8931.16	78
utg8931.evm.utg1361.1.mrna2	95
evm.utg8992.10	75
evm.utg9023.6	99
evm.utg9023.9	84
evm.utg9023.11	67
evm.utg9023.12	94
evm.utg9110.12	68
evm.utg9110.17	74
evm.utg9110.31	67
evm.utg9110.33	71
evm.utg9150.17	70
utg9194.evm.utg464.87.mrna1	70
utg9194.equina_smart_622647.mrna1	88
utg9194.equina_smart_1138346.mrna1	81
evm.utg9194.8	94
utg9202.equina_smart_1100362.mrna1	36
evm.utg9216.1	85
evm.utg9216.3	75
evm.utg9216.8	88
evm.utg9251.12	99
evm.utg9251.18	70
evm.utg9284.8	93
utg9284.equina_smart_110111.mrna1	66
evm.utg9284.18	90
utg9284.equina_smart_1466335.mrna1	95
evm.utg9284.20	82
evm.utg9285.2	78
evm.utg9285.4	68
evm.utg9285.10	83
evm.utg9285.15	94
evm.utg9285.17	96
utg9285.equina_smart_1581724.mrna1	63
evm.utg9285.36	84
evm.utg9313.3	72
evm.utg9313.11	74
evm.utg9313.29	78
evm.utg9313.31	67
evm.utg9313.33	78
evm.utg9313.40	79
evm.utg9401.1	95
evm.utg9401.14	93
evm.utg9401.15	81
evm.utg9409.7	81
utg9409.equina_smart_847727.mrna1	71
evm.utg9409.33	89
evm.utg9472.15	82
evm.utg9561.3	71
evm.utg9602.21	80
evm.utg9602.22	97
evm.utg9602.23	92
evm.utg9602.26	76
evm.utg9602.27	99
evm.utg9602.42	97
evm.utg9603.6	85
evm.utg9603.22	80
evm.utg9623.11	74
evm.utg9623.19	69
utg9625.equina_smart_275596.mrna4	58
evm.utg9668.8	81
evm.utg9668.36	76
utg9762.evm.utg1765.6.mrna2	85
utg9769.equina_smart_1463059.mrna3	38
utg9769.equina_smart_1482040.mrna2	60
utg9769.equina_smart_1739257.mrna2	45
utg9769.equina_smart_1467033.mrna1	54
evm.utg9867.6	81
evm.utg9875.2	89
utg9875.equina_smart_1628316.mrna1	42
evm.utg9902.1	74
evm.utg9902.4	77
evm.utg9902.10	67
utg9902.equina_smart_1467173.mrna1	63
evm.utg10041.23	94
utg10114.evm.utg6875.9.mrna2	90
utg10114.equina_smart_1467504.mrna1	33
utg10114.equina_smart_657794.mrna10	71
utg10114.equina_smart_1467504.mrna2	33
evm.utg10119.1	72
evm.utg10119.3	99
evm.utg10275.1	81
evm.utg10275.3	81
evm.utg10282.2	69
evm.utg10282.4	92
utg10321.equina_smart_699690.mrna3	63
evm.utg10358.3	73
evm.utg10358.7	75
evm.utg10358.13	98
utg10358.equina_smart_1639775.mrna7	48
evm.utg10359.18	78
utg10359.equina_smart_56611.mrna2	78
evm.utg10463.7	81
evm.utg10470.14	84
evm.utg10470.29	91
evm.utg10470.36	92
evm.utg10470.37	92
evm.utg10477.3	96
evm.utg10477.4	97
evm.utg10477.6	67
evm.utg10477.7	95
utg10530.equina_smart_982623.mrna3	76
evm.utg10541.1	78
evm.utg10541.6	73
evm.utg10541.8	83
evm.utg10541.19	74
evm.utg10541.32	67
evm.utg10628.22	71
evm.utg10709.5	68
evm.utg10824.6	97
evm.utg10868.5	82
evm.utg10868.8	77
evm.utg10933.3	72
evm.utg10933.4	95
evm.utg10933.9	67
evm.utg10963.9	97
evm.utg10963.10	75
evm.utg10963.2	78
evm.utg11096.4	86
evm.utg11096.22	76
evm.utg11299.3	78
evm.utg11341.2	69
utg11411.equina_smart_1684944.mrna1	67
evm.utg11415.14	79
evm.utg11415.33	99
evm.utg11415.50.1.5c22e8cb	83
evm.utg11415.50	91
evm.utg11415.54	82
evm.utg11497.2	83
evm.utg11497.3	99
evm.utg11599.2	96
evm.utg11660.5	99
evm.utg11763.1	63
evm.utg11814.2	90
evm.utg11814.3	76
utg11814.equina_smart_1705731.mrna1	43
evm.utg11905.1	69
utg11905.equina_smart_1477966.mrna7	76
utg11905.equina_smart_1469049.mrna1	63
evm.utg11962.11	87
evm.utg11962.19	93
evm.utg11962.20	77
evm.utg12030.17	82
utg12030.equina_smart_170331.mrna11	76
evm.utg12030.5	70
evm.utg12197.11	90
evm.utg12197.14	78
evm.utg12230.2	75
evm.utg12336.22	99
evm.utg12336.32	73
evm.utg12341.5	68
evm.utg12358.1	71
evm.utg12358.16	98
evm.utg12382.6	78
evm.utg12476.2	87
evm.utg12551.2	77
evm.utg12551.23	99
evm.utg12551.30	99
evm.utg12551.32	79
utg12551.equina_smart_449960.mrna2	85
evm.utg12553.6	86
evm.utg12602.1	77
evm.utg12644.6	91
utg12644.evm.utg167.21.mrna2	94
utg12655.equina_smart_1391965.mrna6	60
evm.utg12655.1	86
evm.utg12655.2	81
evm.utg12655.3	99
evm.utg12655.10	91
evm.utg12655.33	84
evm.utg12655.37	95
evm.utg12655.45	77
evm.utg12655.51	73
evm.utg12688.25	69
evm.utg12688.27	79
evm.utg12724.1	56
evm.utg12724.11	93
evm.utg12875.14	91
evm.utg12875.17	99
evm.utg12875.20	94
evm.utg12897.1	69
evm.utg12897.2	69
evm.utg12897.4	81
evm.utg12897.18	99
evm.utg12900.12	71
evm.utg12968.9	86
evm.utg12986.3	81
evm.utg12986.26	78
evm.utg12986.70	74
evm.utg13050.1	71
evm.utg13050.5	98
evm.utg13091.4	73
evm.utg13180.3	72
utg13180.equina_smart_1470215.mrna1	72
evm.utg13180.6	94
evm.utg13180.9	69
evm.utg13276.1	81
evm.utg13322.10	68
utg13368.evm.utg6875.9.mrna5	90
evm.utg13368.9	88
evm.utg13368.11	85
evm.utg13474.8	99
evm.utg13474.12	69
evm.utg13474.23	69
utg13474.equina_smart_1524574.mrna11	40
evm.utg13474.25	91
utg13474.evm.utg16030.6.mrna3	85
evm.utg13474.37	91
evm.utg13474.38	85
evm.utg13496.12	97
evm.utg13597.1	96
evm.utg13597.8	76
evm.utg13597.11	95
evm.utg13597.13	95
evm.utg13597.14	89
evm.utg13607.3	92
evm.utg13607.4	73
evm.utg13607.7	90
evm.utg13730.15	87
evm.utg13730.16	93
evm.utg13793.2	92
evm.utg13793.5	68
utg13793.equina_smart_1032394.mrna1	60
evm.utg13959.1	69
evm.utg13959.11	87
evm.utg13981.13	86
evm.utg13981.18	69
evm.utg13994.13	99
utg14007.equina_smart_1075169.mrna1	35
evm.utg14007.4	95
evm.utg14021.6	77
evm.utg14021.10	95
utg14021.equina_smart_51086.mrna9	45
evm.utg14021.32	93
evm.utg14021.48	94
evm.utg14126.3	96
evm.utg14139.1	96
evm.utg14139.2	69
evm.utg14199.2	86
evm.utg14199.3	79
evm.utg14199.5	75
utg14280.equina_smart_1880501.mrna4	53
utg14287.equina_smart_839414.mrna2	79
evm.utg14287.9	94
evm.utg14287.25	94
evm.utg14287.29	85
utg14287.equina_smart_570029.mrna10	37
utg14287.equina_smart_1544624.mrna2	49
utg14287.equina_smart_1544624.mrna1	49
utg14287.equina_smart_1544604.mrna1	62
utg14287.equina_smart_1076300.mrna1	92
evm.utg14320.1	91
evm.utg14366.1	97
evm.utg14366.7	75
evm.utg14366.9	91
evm.utg14366.14	90
evm.utg14366.20	81
evm.utg14366.23	98
utg14412.equina_smart_570029.mrna5	37
utg14412.equina_smart_1470960.mrna1	61
evm.utg14412.2	68
evm.utg14412.3	89
utg14533.equina_smart_1536765.mrna1	45
evm.utg14533.15	80
evm.utg14556.3	99
evm.utg14676.11	85
utg14683.equina_smart_1029496.mrna1	42
evm.utg14683.4	84
evm.utg14683.5	92
evm.utg14683.9	84
evm.utg14703.1	79
evm.utg14731.4	90
evm.utg14772.3	78
evm.utg14876.9	83
evm.utg14892.2	99
evm.utg14902.3	88
evm.utg14902.4.1.5c22eaf1.1.5c27902e	90
evm.utg14902.20	78
evm.utg14902.32	90
evm.utg14913.5	74
utg15013.equina_smart_1471276.mrna1	46
evm.utg15013.16	88
evm.utg15013.19	67
evm.utg15156.1	68
evm.utg15164.24	83
evm.utg15164.27	89
evm.utg15164.37	78
utg15164.equina_smart_1831870.mrna1	61
evm.utg15164.52	93
evm.utg15197.21	69
evm.utg15210.6	89
evm.utg15210.7	83
evm.utg15210.8	97
evm.utg15211.8	73
utg15244.equina_smart_1824296.mrna1	51
evm.utg15281.1	82
evm.utg15281.5	79
evm.utg15281.11	72
evm.utg15281.14	94
utg15281.equina_smart_1471567.mrna1	64
evm.utg15281.25	90
evm.utg15281.32	81
evm.utg15281.34	72
utg15427.equina_smart_1354595.mrna2	76
evm.utg15427.4	67
evm.utg15453.1	93
evm.utg15552.12	90
evm.utg15578.1	98
evm.utg15585.25	93
utg15585.equina_smart_1471857.mrna1	89
evm.utg15585.26	89
evm.utg15585.27	89
evm.utg15586.1	84
evm.utg15629.11	82
evm.utg15664.1	94
utg15813.equina_smart_43715.mrna3	75
evm.utg15813.3	95
evm.utg15813.10	75
evm.utg15813.18	69
evm.utg15813.20	93
utg15813.evm.utg9623.7.mrna4	97
evm.utg15832.8	94
evm.utg15941.8	70
evm.utg15960.1	81
evm.utg15960.2	69
evm.utg16030.3	69
evm.utg16030.5	91
evm.utg16030.6	85
evm.utg16030.8	84
evm.utg16036.23	75
evm.utg16036.25	83
evm.utg16036.26	80
evm.utg16036.28	99
utg16036.equina_smart_520457.mrna1	49
evm.utg16036.46	69
evm.utg16036.49	97
evm.utg16050.1	79
evm.utg16050.21	78
evm.utg16090.1	82
evm.utg16091.4	99
evm.utg16091.8	71
evm.utg16094.15	84
evm.utg16094.16	86
evm.utg16094.17	70
evm.utg16094.22	93
evm.utg16180.6	99
evm.utg16223.2	92
evm.utg16223.3	68
evm.utg16223.4	85
evm.utg16283.10	75
evm.utg16283.13	81
utg16443.equina_smart_1025265.mrna2	69
evm.utg16443.18	81
utg16443.equina_smart_1339172.mrna1	66
evm.utg16443.25	67
evm.utg16444.8	98
evm.utg16444.13	94
evm.utg16444.17	76
evm.utg16444.25	72
evm.utg16444.27	74
evm.utg16484.3	70
evm.utg16690.5	67
evm.utg16690.7	89
utg16690.equina_smart_1871253.mrna1	41
evm.utg16815.7	96
evm.utg16835.2	78
evm.utg17102.9	83
evm.utg17181.10	88
evm.utg17181.19	81
evm.utg17212.3	81
evm.utg17293.2	95
evm.utg17372.7	82
evm.utg17511.14	82
evm.utg17511.20	99
evm.utg17511.26	98
evm.utg17581.3	89
evm.utg17588.3	74
evm.utg17588.4	99
evm.utg17602.8	85
evm.utg17602.12	68
evm.utg17612.2	75
evm.utg17612.7	99
evm.utg17612.8	87
evm.utg17612.11	91
evm.utg17612.30	71
evm.utg17612.31	80
evm.utg17954.3	81
evm.utg17994.12	88
evm.utg18028.1	79
evm.utg18028.2	87
evm.utg18028.9	92
evm.utg18028.11	86
evm.utg18028.11.1.5c22ec15	86
evm.utg18028.26	81
evm.utg18036.4	70
evm.utg18036.15	67
evm.utg18063.1	56
evm.utg18118.5	93
evm.utg18118.15	84
evm.utg18118.18	77
utg18118.equina_smart_576235.mrna2	91
evm.utg18228.4	93
utg18233.equina_smart_1569047.mrna3	59
evm.utg18271.7	93
evm.utg18294.1	51
evm.utg18294.24	89
evm.utg18294.34	85
evm.utg18294.43	99
evm.utg18294.45	68
evm.utg18506.7	69
evm.utg18506.8	95
utg18506.equina_smart_1739258.mrna3	45
utg18506.equina_smart_1532260.mrna2	87
evm.utg18506.10	89
evm.utg18553.7	86
evm.utg18553.9	86
evm.utg18622.4	81
evm.utg18633.3	97
evm.utg18633.11	67
evm.utg18633.15	93
evm.utg18633.21	75
evm.utg18650.2	77
evm.utg18650.14	96
evm.utg18650.18	99
evm.utg18686.5	80
evm.utg18686.9	84
evm.utg18686.31	94
utg18686.equina_smart_984856.mrna6	49
evm.utg18726.2	86
evm.utg18855.9	86
utg18927.equina_smart_1445052.mrna2	72
evm.utg18927.6	78
evm.utg18927.23	92
evm.utg18927.44	71
evm.utg18932.1	70
utg18932.equina_smart_17200.mrna3	43
utg18932.equina_smart_1536488.mrna3	72
utg18932.equina_smart_1461636.mrna4	88
evm.utg18951.8	94
evm.utg18951.9	94
evm.utg18951.10	86
evm.utg19356.1	86
evm.utg19356.2	82
evm.utg19356.4	91
evm.utg19356.7	70
evm.utg19590.5	95
evm.utg19590.12	82
evm.utg19590.15	93
evm.utg19590.16	70
evm.utg19590.17	99
evm.utg19612.6	95
evm.utg19612.7	72
evm.utg19673.3	78
evm.utg19673.11	97
evm.utg19673.19	70
evm.utg19673.20	75
evm.utg19673.21	76
evm.utg19866.1	84
evm.utg20075.1	91
evm.utg20075.10	99
evm.utg20075.13	84
evm.utg20076.5	68
evm.utg20197.6	98
evm.utg20678.3	69
evm.utg20678.4	68
evm.utg20678.5	68
evm.utg20678.20	84
evm.utg20678.21	88
evm.utg20736.16	90
utg20813.equina_smart_865482.mrna5	53
utg20813.evm.utg14366.23.mrna5	98
evm.utg20813.4	70
evm.utg20813.8	69
evm.utg20813.9	86
evm.utg20813.14	74
evm.utg20813.20	74
utg20813.equina_smart_865482.mrna4	53
evm.utg20813.26	90
evm.utg20925.1	78
evm.utg20925.4	68
evm.utg20925.6	73
evm.utg20925.7	96
evm.utg20925.8	92
evm.utg21078.8	89
evm.utg21228.16	80
evm.utg21580.1	88
utg21625.equina_smart_1665064.mrna1	98
evm.utg21696.9	94
evm.utg21696.10	83
evm.utg21766.11	67
evm.utg21766.19	97
evm.utg21766.19.1.5c22ed27	91
evm.utg21766.20	85
evm.utg21766.29	89
evm.utg21873.18	98
evm.utg21977.1	70
evm.utg21977.6	86
utg21979.evm.utg35510.2.mrna3	92
evm.utg22142.6	88
evm.utg22299.5	92
evm.utg22395.2	79
evm.utg22395.3	81
evm.utg22507.6	97
evm.utg22669.6	76
evm.utg22722.2	89
evm.utg22722.7	85
evm.utg23151.1	94
evm.utg23151.4	67
evm.utg23189.19	90
evm.utg23233.4	78
evm.utg23296.4	67
evm.utg23510.6	91
evm.utg23510.8	90
evm.utg23708.10	91
evm.utg23732.1	75
evm.utg23803.4	82
evm.utg23803.5	79
evm.utg23803.9	89
evm.utg23803.10	83
evm.utg23803.12	91
evm.utg23901.3	97
evm.utg24075.6	91
evm.utg24357.29	86
evm.utg24357.30	91
evm.utg24357.33	67
evm.utg24438.8	80
evm.utg24440.1	91
evm.utg24533.30	92
evm.utg24611.5	86
evm.utg24645.1	85
evm.utg24706.20	81
evm.utg24706.24	76
evm.utg24783.1	94
evm.utg24783.12	93
evm.utg24783.13	84
evm.utg24783.16	96
evm.utg24929.8	97
utg24929.equina_smart_984856.mrna7	49
evm.utg24929.14	84
utg24929.equina_smart_984856.mrna8	49
evm.utg25070.6	95
evm.utg25080.12	99
evm.utg25155.2	96
evm.utg25155.7	85
evm.utg25321.4	95
evm.utg25321.5	88
utg25321.equina_smart_984856.mrna9	49
utg25321.evm.utg382.41.mrna2	85
evm.utg25321.25	94
evm.utg25321.26	67
evm.utg25321.27	79
evm.utg25450.13	98
evm.utg25450.14	81
evm.utg25452.3	94
utg25769.evm.utg1746.20.mrna4	93
evm.utg25826.3	79
evm.utg25859.2	89
evm.utg25862.1	92
evm.utg25988.3	81
evm.utg26084.3	98
utg26084.equina_smart_1589406.mrna1	71
evm.utg26120.3	73
evm.utg26120.14	95
evm.utg26120.22	82
evm.utg26219.15	77
evm.utg26219.17	95
utg26474.equina_smart_984856.mrna10	49
evm.utg26697.1	63
evm.utg26697.8	84
evm.utg27170.7	76
evm.utg27202.9	94
evm.utg27568.4	91
utg27568.equina_smart_1746049.mrna2	59
evm.utg27988.1	74
evm.utg28015.2	91
evm.utg28077.1	51
evm.utg28209.11	88
evm.utg28209.15	80
evm.utg28737.11	89
evm.utg28737.19	97
evm.utg28737.24	92
evm.utg29536.16	97
evm.utg29733.10	89
evm.utg29847.4	75
evm.utg29847.7	92
evm.utg29847.8	91
evm.utg29847.15	95
evm.utg29893.4	88
evm.utg30049.1	64
evm.utg30049.6	97
evm.utg30239.4	80
evm.utg30239.7	71
evm.utg30399.7	95
evm.utg30399.10	85
evm.utg30470.1	70
utg30548.equina_smart_1692402.mrna12	46
utg30548.equina_smart_1869304.mrna1	43
evm.utg30548.15	87
evm.utg30559.9	74
evm.utg30575.1	74
utg30575.equina_smart_1785236.mrna1	52
evm.utg30631.7	82
evm.utg30804.4	97
evm.utg30988.13	80
utg31256.equina_smart_1477605.mrna1	89
utg31304.evm.utg2716.12.mrna8	84
evm.utg31363.3	79
evm.utg31363.8	99
evm.utg31363.24	98
utg31428.equina_smart_1480720.mrna3	49
utg31428.equina_smart_657794.mrna12	71
evm.utg31699.5	89
evm.utg31822.1	75
evm.utg31945.1	77
utg31945.equina_smart_1450021.mrna5	46
evm.utg31945.10	87
evm.utg31945.19	87
evm.utg32055.1	90
evm.utg32055.5	81
evm.utg32260.7	87
utg32320.equina_smart_1477836.mrna2	62
evm.utg32320.3	73
evm.utg33128.6	71
evm.utg33385.2	81
evm.utg33682.1	96
evm.utg33682.7	70
evm.utg33682.11	95
evm.utg33757.12	89
evm.utg33757.23	70
evm.utg33757.25	81
evm.utg33828.3	79
evm.utg33828.9	81
evm.utg33938.17	84
evm.utg33938.19	73
evm.utg33938.20	74
utg33938.equina_smart_647107.mrna1	80
evm.utg33938.30	75
evm.utg33938.33	99
utg34491.equina_smart_1478303.mrna1	87
evm.utg34572.1	77
evm.utg34597.13	79
evm.utg34597.17	94
evm.utg34597.18	97
evm.utg34639.9	92
evm.utg34666.1	50
evm.utg34666.4	88
evm.utg34666.9	98
evm.utg34666.14	78
evm.utg34691.7	71
utg34917.equina_smart_1536488.mrna6	72
evm.utg35083.4	87
evm.utg35117.1	84
evm.utg35117.2	75
evm.utg35341.1	93
evm.utg35510.2	92
evm.utg35510.2.1.5c22ef84	92
evm.utg35662.4	82
evm.utg35997.4	98
evm.utg36089.11	88
evm.utg36717.7	87
evm.utg36717.10	95
utg36986.equina_smart_943212.mrna1	32
evm.utg38078.18	87
evm.utg38114.18	91
evm.utg38114.20	87
evm.utg38960.3	91
evm.utg38960.8	92
evm.utg38960.12	74
evm.utg39711.1	52
evm.utg39711.4	97
evm.utg39996.1	88
utg40512.equina_smart_970061.mrna1	54
evm.utg40621.2	92
utg41344.evm.utg32859.3.mrna8	67
utg41358.equina_smart_50000.mrna1	83
evm.utg42119.6	67
evm.utg42370.1	80
evm.utg42547.1	97
evm.utg42547.4	71
evm.utg42902.2	98
utg42902.equina_smart_1591393.mrna10	81
evm.utg43115.4	90
evm.utg43115.5	72
evm.utg43115.8	98
evm.utg43378.3	94
evm.utg43378.6	75
evm.utg43451.3	88
evm.utg43451.8	71
evm.utg43451.15	72
evm.utg43451.25	84
evm.utg43451.26	69
evm.utg43451.28	82
evm.utg43821.6	98
evm.utg44402.1	94
evm.utg44408.10	98
utg44757.equina_smart_1479167.mrna1	87
utg45026.equina_smart_1591393.mrna6	81
utg45299.equina_smart_1874924.mrna12	38
utg45299.equina_smart_1411062.mrna11	52
utg45299.equina_smart_1359323.mrna3	39
evm.utg45299.2	99
evm.utg45405.1	77
evm.utg45405.3	97
utg45405.equina_smart_1102894.mrna1	77
utg45540.evm.utg3622.28.mrna2	97
evm.utg45865.8	84
evm.utg47361.1	85
evm.utg48004.1	89
evm.utg48209.3	82
evm.utg48209.5	94
evm.utg48491.2	70
evm.utg48491.10	68
evm.utg48491.11	98
evm.utg50879.4	77
evm.utg52146.6	84
evm.utg54510.6	89
evm.utg54553.3	80
evm.utg54553.6	97
evm.utg55781.6	80
evm.utg55869.1	80
evm.utg59087.3	83
utg59087.equina_smart_1722318.mrna5	45
evm.utg59213.9	98
evm.utg59213.11	84
utg60048.equina_smart_1746049.mrna3	59
utg60048.equina_smart_1746049.mrna4	59
evm.utg60413.4	86
evm.utg60619.2	80
evm.utg61244.5	74
evm.utg61244.6	81
evm.utg61418.10	78
evm.utg61702.3	94
utg62950.equina_smart_1729724.mrna2	50
utg62950.equina_smart_1479913.mrna2	57
evm.utg67002.4	89
evm.utg67600.1	83
evm.utg67600.2	98
utg69632.equina_smart_1711350.mrna3	81
utg70613.equina_smart_1739257.mrna4	45
utg70613.equina_smart_1482040.mrna5	60
evm.utg72054.2	86
evm.utg72724.1	97
evm.utg74575.5	97
evm.utg74575.8	67
evm.utg79441.1	76
utg80148.evm.utg16484.3.mrna8	65
utg80148.equina_smart_1553466.mrna3	67
utg84504.equina_smart_1537813.mrna5	76
utg84504.equina_smart_1739257.mrna3	45
utg84504.evm.utg18506.8.mrna2	95
evm.utg85521.5	79
evm.utg85521.6	92
evm.utg87655.3	69
evm.utg89561.3.1.5c22f4e0	86
evm.utg90743.1	84
evm.utg97204.7.1.5c22f541	95
utg99249.equina_smart_1666003.mrna7	49
utg99249.equina_smart_1359323.mrna2	39
evm.utg102448.1	61
evm.utg103034.3	89
evm.utg107084.1	84
evm.utg108328.4	86
evm.utg109891.1	51
evm.utg115298.1	83
evm.utg129201.2	88
evm.utg129201.8	69
evm.utg138951.2	92
evm.utg139996.1	99
evm.utg149521.3	97
evm.utg159619.4	87
evm.utg169038.4	99
evm.utg174599.1	85
evm.utg174599.2	78
evm.utg343339.1	96
evm.utg343339.4	70
evm.utg448653.4	96
